name,ghs
ACESSO AO AEROPORTO,7p1e1
ACESSO HOSPITAL DA POLICIA,7p1e4
ACESSO PARA O ALBERTAO 01,7p1df
ACESSO PARA O ALBERTAO 02,7p1df
ACESSO RODOVIARIA,7p1dfk
ALAMEDA 001 LOT MIRANTE DOS MORROS,7p1e7
ALAMEDA 002 LOT M DOS MORROS,7p1e7
ALAMEDA 002 LOT MIRANTE DOS MORROS,7p1e7
ALAMEDA 003 LOT M DOS MORROS,7p1e7
ALAMEDA 003 LOT MIRANTE DOS MORROS,7p1e7
ALAMEDA 004 LOT M DOS MORROS II,7p1e7
ALAMEDA 004 LOT MIRANTE DOS MORROS,7p1e7
ALAMEDA 005 LOT MIRANTE DOS MORROS,7p1e7
ALAMEDA 006 LOT MIRANTE DOS MORROS,7p1e7
ALAMEDA 007 LOT MIRANTE DOS MORROS,7p1e7
ALAMEDA 008 LOT MIRANTE DOS MORROS,7p1e7
ALAMEDA DOMINGOS JORGE VELHO,7p1e3
ALAMEDA DOMINGOS MAFRENSE,7p1e3
ALAMEDA DOS SABIAS,7p1d
ALAMEDA EMBAUBA,7p1e
ALAMEDA FLAMBOYANT,7p1e
ALAMEDA GLICINIA,7p1e
ALAMEDA GREVILLEA,7p1e
ALAMEDA JACARANDA,7p1e
ALAMEDA JOAO ISIDORO FRANCA,7p1e3
ALAMEDA LILAS,7p1e
ALAMEDA PAINERA,7p1e
ALAMEDA PARNAIBA,7p1e1
ALAMEDA PETUNIA,7p1e
ALAMEDA RESEDA,7p1e
ALAMEDA TIPUANA,7p1e
AVENIDA 001 (VIA 01 - PLANO DIRETOR MUNICIPAL),7p1e9
AVENIDA 001 DISTRITO INDUSTRIAL,7p1dd 7p1ddq
AVENIDA 001 LOT  BEIRA RIO,7p1df
AVENIDA 001 LOT NOVA ALEGRIA,7p1dg
AVENIDA 001 LOT P MARIA EDUARDA,7p1d 7p1dd
AVENIDA 001 LOT PORTO ALEGRE,7p1d7
AVENIDA 001 LOT RES POLO SUL,7p1d7
AVENIDA 001 LOTEAMENTO P ALEGRIA VI,7p1d 7p1d7
AVENIDA 001 RESID PLANALTO URUGUAI,7p1e7
AVENIDA 002 D INDUSTRIAL EXPANSAO,7p1dd
AVENIDA 002 LOT GREEN VILLAGE,7p1e5
AVENIDA 002 LOT JARDIM DO MONTE VERDE,7p1e9
AVENIDA 002 LOT JULIO SOARES I,7p1d 7p1dd
AVENIDA 002 LOT NOVA ALEGRIA,7p1d 7p1dg
AVENIDA 002 LOT RES POLO SUL,7p1d7
AVENIDA 002 LOTEAMENTO JACINTA ANDRADE,7p1e9
AVENIDA 003 LOT POLO RES SUL,7p1d7
AVENIDA 003 LOTEAMENTO JACINTA ANDRADE,7p1e9
AVENIDA 003 RESID PARQUE SUL,7p1dd
AVENIDA 006 RES ALEGRIA,7p1d
AVENIDA 006 RESID PARQUE PIAUI,7p1d
AVENIDA 013 LOT PARQUE JACINTA,7p1dd
AVENIDA ABDIAS NEVES,7p1df
AVENIDA AGOSTINHO PINTO,7p1e5
AVENIDA ALCIRA RIBEIRO DE CARVALHO,7p1e5
AVENIDA ALENCAR MATOS,7p1d 7p1dd
AVENIDA ALVINA FERNANDES GAMEIRO,7p1e5
AVENIDA ALZIRA PEDROSA,7p1e4
AVENIDA ANTONINO FREIRE,7p1e1
AVENIDA ANTONIO LUIS FORTES BRITO,7p1e
AVENIDA ANTONIO OLIVEIRA (TOTE),7p1e5
AVENIDA AVIADOR ROSSINE MORADA LUNA,7p1e7
AVENIDA AVIADOR ROSSINI MORADA LUNA,7p1e 7p1e7
AVENIDA AYRTON SENNA,7p1d 7p1d7
AVENIDA BARAO DE CASTELO BRANCO,7p1df 7p1dfn 7p1e4
AVENIDA BARAO DE GURGUEIA,7p1d 7p1df
AVENIDA BOA ESPERANCA,7p1e1 7p1e3
AVENIDA BOA ESPERANCA PARQUE BRASIL,7p1e9
AVENIDA BOUGAINVILLE,7p1e
AVENIDA BRASIL,7p1e7
AVENIDA CAJUINA,7p1e4
AVENIDA CAMPO MAIOR,7p1e1 7p1e1r 7p1e3
AVENIDA CAMPOS SALES,7p1e1
AVENIDA CARAMBEI,7p1e
AVENIDA CENTENARIO,7p1e1 7p1e3
AVENIDA CINCO DE DEZEMBRO,7p1dd
AVENIDA CLEANTO JALES DE CARVALHO,7p1e3
AVENIDA COHEBE,7p1e
AVENIDA CONSELHEIRO ALCIDES NUNES,7p1dd 7p1ddq
AVENIDA CORONEL ADAIL JALES DE CARVALHO,7p1dg 7p1e5
AVENIDA CORONEL COSTA ARAUJO,7p1e4
AVENIDA DA COHEBE,7p1dd
AVENIDA DA GLORIA,7p1dg
AVENIDA DEPUTADA FRANCISCA TRINDADE,7p1e9
AVENIDA DEPUTADO CIRO NOGUEIRA LIMA,7p1d7
AVENIDA DEPUTADO EZEQUIAS COSTA,7p1dd
AVENIDA DEPUTADO PAULO FERRAZ,7p1df 7p1dfy 7p1e4 7p1e5
AVENIDA DEPUTADO SEBASTIAO LEAL,7p1e
AVENIDA DEPUTADO ULISSES GUIMARAES,7p1dd 7p1ddq
AVENIDA DEZENOVE DE OUTUBRO,7p1df 7p1df0
AVENIDA DIB JOAO TAJRA,7p1dg 7p1e5
AVENIDA DOM HELDER CAMARA,7p1e5 7p1e7
AVENIDA DOM SEVERINO,7p1e4
AVENIDA DORALICE EVANGELISTA DE SOUSA,7p1dg
AVENIDA DOS EXPEDICIONARIOS,7p1e4
AVENIDA DOS IPES,7p1e
AVENIDA DOUTOR AQUILES WALL FERRAZ,7p1e4 7p1e5
AVENIDA DOUTOR GERARDO VASCONCELOS,7p1e5 7p1e7
AVENIDA DOUTOR JOSUE MOURA SANTOS,7p1e 7p1e3
AVENIDA DOUTOR LUIZ PIRES CHAVES,7p1d 7p1df0
AVENIDA DOUTOR MANOEL AYRES NETO,7p1d 7p1dd 7p1dg
AVENIDA DOUTOR MILTON COSTA CARDOSO,7p1e5
AVENIDA DOUTOR NICANOR BARRETO,7p1e1 7p1e7
AVENIDA DUQUE DE CAXIAS,7p1e1 7p1e3
AVENIDA ELIAS JOAO TAJRA,7p1e4
AVENIDA EXPEDITO RIBEIRO,7p1e5
AVENIDA FERNANDO PIRES LEAL,7p1e4 7p1e5
AVENIDA FOTOGRAFO GUILHERME MULLER,7p1e3 7p1e3v
AVENIDA FRANCISCA CARVALHO DE VASCONCELOS,7p1d7
AVENIDA FRANCISCA MARCOLINO OLIVEIRA,7p1d7
AVENIDA FREI HELIODORO,7p1e4
AVENIDA FREI SERAFIM,7p1e1 7p1e4
AVENIDA GAZANIA,7p1e
AVENIDA GENERAL JOAO CAMPELO R LIMA,7p1e5
AVENIDA GENERAL JOAO EVANGELISTA ROCHA,7p1e5 7p1e7
AVENIDA GETULIO VARGAS,7p1d 7p1df 7p1dfk
AVENIDA GIOVANE PRADO,7p1e 7p1e4
AVENIDA GOVERNADOR DJALMA VELOSO,7p1dd 7p1ddq
AVENIDA GOVERNADOR GAYOSO E ALMENDRA,7p1e4
AVENIDA GOVERNADOR ROCHA FURTADO,7p1dd
AVENIDA GURUPA,7p1e
AVENIDA HENRY WALL DE CARVALHO,7p1d 7p1dd 7p1df 7p1df0
AVENIDA HIGINO CUNHA,7p1e4
AVENIDA HOMERO CASTELO BRANCO,7p1e 7p1e4
AVENIDA HONORIO DE PAIVA,7p1df 7p1e4
AVENIDA HORACIO RIBEIRO,7p1e5
AVENIDA I LOT COND COLINAS,7p1e
AVENIDA I LOT ORGMAR MONTEIRO,7p1e5
AVENIDA I LOT PLANALTO,7p1e7
AVENIDA I LOTEAMENTO PORTAL DA ALEGRIA VIII,7p1d
AVENIDA II LOT CIDADE JARDIM,7p1e
AVENIDA II LOT COND COLINAS,7p1e
AVENIDA II LOT PORTAL DA ESPERANCA,7p1e
AVENIDA II LOT SOCOPO CIDADE JARDIM,7p1e 7p1e7
AVENIDA II LOT. JUDITHE NUNES,7p1d7
AVENIDA II POLO EMPRESARIAL SUL,7p1d7
AVENIDA II PORTAL DA ALEGRIA VIII,7p1d 7p1d7
AVENIDA II SOCOPO,7p1e
AVENIDA III LOT PARQUE PORTO ALEGRE,7p1d
AVENIDA III LOT PORTAL DA ESPERANCA,7p1e
AVENIDA III LOT RES COLINAS,7p1e
AVENIDA INDUSTRIAL FIRMINO DA SILVEIRA SOARES,7p1d7
AVENIDA INDUSTRIAL GIL MARTINS,7p1d 7p1df
AVENIDA ININGA,7p1e4
AVENIDA JACINTA GOMES CHAVES,7p1d 7p1dd
AVENIDA JACOB ALMENDRA,7p1e1
AVENIDA JANGO,7p1e
AVENIDA JEHU SERVIO,7p1e5
AVENIDA JOAO RANGEL PARENTE,7p1d7
AVENIDA JOAO XXIII,7p1e 7p1e4 7p1e5
AVENIDA JOAQUIM RIBEIRO,7p1d 7p1e1
AVENIDA JOCA CLAUDINO,7p1d 7p1d7
AVENIDA JOQUEI CLUBE,7p1e4
AVENIDA JORNALISTA FRANCISCO MORAES,7p1dd
AVENIDA JORNALISTA JOSIPIO LUSTOSA,7p1e3 7p1e3v
AVENIDA JORNALISTA LINDBERG LEITE,7p1d7
AVENIDA JOSE DOS SANTOS,7p1d 7p1d7 7p1dd
AVENIDA JOSE DOS SANTOS E SILVA,7p1df 7p1e1 7p1e4
AVENIDA JOSE FRANCISCO DE ALMEIDA NETO,7p1dfy 7p1dg
AVENIDA JOSE JOAO DE MAGALHAES BRAGA,7p1d 7p1d7
AVENIDA JOSE MARQUES DA FONSECA,7p1d
AVENIDA JOSE SOARES,7p1dd
AVENIDA JOSUE SOARES DE OLIVEIRA,7p1d 7p1d7
AVENIDA LEONIDAS MELO,7p1e4
AVENIDA LINDOLFO MONTEIRO,7p1e4
AVENIDA LINHA DE TRANSMISSAO,7p1e7
AVENIDA MANOEL AFONSO FERREIRA,7p1dg 7p1e5
AVENIDA MANOEL FERNANDES DE OLIVEIRA,7p1dd
AVENIDA MARANHAO,7p1d 7p1e1
AVENIDA MARECHAL CASTELO BRANCO,7p1e1 7p1e4
AVENIDA MARECHAL JUAREZ TAVORA,7p1dd
AVENIDA MARIA AMELIA MENDES,7p1e 7p1e3 7p1e3v
AVENIDA MARIA ANTONIETA BURLAMAQUI,7p1e4 7p1e5 7p1e7
AVENIDA MARIA JOSE MARCAL,7p1e5
AVENIDA MESTRE DEZINHO,7p1df
AVENIDA MIGUEL ROSA,7p1d 7p1df 7p1e1 7p1e4
AVENIDA MIGUEL SADY,7p1e4
AVENIDA MINISTRO EVANDRO LINS E SILVA,7p1dd
AVENIDA MINISTRO SERGIO MOTTA,7p1e9
AVENIDA MONSENHOR CHAVES,7p1dd
AVENIDA NACOES UNIDAS,7p1d 7p1df 7p1dfn
AVENIDA NOE MENDES,7p1df 7p1dg 7p1dgr 7p1e5
AVENIDA NORONHA ALMEIDA,7p1e4
AVENIDA NORTE-SUL,7p1dd
AVENIDA NOSSA SENHORA DE FATIMA,7p1e4
AVENIDA ODILON ARAUJO,7p1df 7p1dfn 7p1e4
AVENIDA OSCAR FILHO,7p1e
AVENIDA OSCAR NIEMEYER,7p1e5 7p1e7
AVENIDA PASTOR DJAIR GUERRA,7p1e
AVENIDA PEDRO ALMEIDA,7p1e4
AVENIDA PEDRO FREITAS,7p1d
AVENIDA PERIMETRAL,7p1dd 7p1ddq
AVENIDA PERIMETRAL LESTE,7p1e7
AVENIDA PETRONIO PORTELA,7p1e1
AVENIDA PINEL,7p1e1 7p1e4
AVENIDA POTI,7p1e4
AVENIDA POTY VELHO,7p1e 7p1e9
AVENIDA PREFEITO FREITAS NETO,7p1e3 7p1e3e 7p1e3v
AVENIDA PREFEITO HUGO BASTOS,7p1e5 7p1e7
AVENIDA PREFEITO WALL FERRAZ,7p1d 7p1d7 7p1dd 7p1df
AVENIDA PRESIDENTE JANIO QUADROS,7p1e5
AVENIDA PRESIDENTE KENNEDY,7p1e 7p1e4
AVENIDA PRINCIPAL LOT M DO LAGO,7p1e5
AVENIDA PROF MARIANO DA SILVA NETO,7p1e9
AVENIDA PROFESSOR CAMILLO FILHO,7p1d 7p1dg 7p1e5
AVENIDA PROFESSOR FELISMINO WESER,7p1e
AVENIDA PROFESSOR GERSON BRITTO BOSON,7p1e5
AVENIDA PROFESSOR MARIANO DA SILVA NETO,7p1e9
AVENIDA PROFESSOR VALTER ALENCAR,7p1d 7p1df 7p1dfn
AVENIDA PROFESSOR WILSON DE ANDRADE BRANDAO,7p1e5
AVENIDA PROFESSORA ZAIRA FREIRE,7p1e5
AVENIDA PROJETADA 01,7p1e3 7p1e9
AVENIDA PROJETADA 02,7p1e9
AVENIDA PROJETADA 03,7p1e9
AVENIDA PROJETADA 04,7p1e9
AVENIDA RAUL LOPES,7p1e 7p1e1 7p1e4
AVENIDA REGINALDO EVANGELISTA FILHO,7p1dg
AVENIDA RES JOSE RIBEIRO DE SOUSA,7p1dd
AVENIDA RIVER (SEM DENOMINACAO OFICIAL),7p1e4
AVENIDA ROCHELANE FORTES SAID,7p1e5
AVENIDA RONDOM  MARECHAL,7p1dd 7p1df
AVENIDA RORAIMA,7p1e1
AVENIDA SANTA MADRE PAULINA,7p1d
AVENIDA SANTOS DUMONT,7p1e1
AVENIDA SAO FRANCISCO,7p1df 7p1dg
AVENIDA SAO RAIMUNDO,7p1df 7p1e4
AVENIDA SENADOR AREA LEAO,7p1e4
AVENIDA SENADOR FAUSTO CASTELO BRANCO,7p1e 7p1e7
AVENIDA SENADOR SIGEFREDO PACHECO,7p1e7
AVENIDA TELEGRAFISTA HONORIO SANTOS,7p1df
AVENIDA THEMISTOCLES SAMPAIO,7p1e7
AVENIDA TIMON,7p1e9
AVENIDA TOTO RIBEIRO,7p1dg 7p1e5
AVENIDA UNIAO,7p1e3
AVENIDA UNIVERSITARIA,7p1e1 7p1e4
AVENIDA V LOT PLANTA G DA SOCOPO CIDADE JARDIM,7p1e
AVENIDA VEREADOR JOAQUIM DOS VELHOS,7p1d7
AVENIDA VILMARY,7p1e4
AVENIDA VITOR DA ROCHA MAFRA,7p1e5
AVENIDA WALFRIDO SALMITO,7p1dd 7p1ddq
AVENIDA XI LOT PQ ELDORADO,7p1e4
AVENIDA ZEQUINHA FREIRE,7p1e5 7p1e7
BECO 002 VILA CAIC,7p1ddq
BECO 002 VILA N S DA GUIA,7p1df
BECO 003 VILA CAIC,7p1ddq
BECO 004 VILA CAIC,7p1ddq
BECO 005 VILA CAIC,7p1ddq
BECO 010 VILA APOLONIA,7p1e3
BECO 011 VILA APOLONIA,7p1e3
BECO ACESSO - MATINHA,7p1e1
BECO CAJUEIRO,7p1e
BECO CHOFER JOAO FERNANDES,7p1df 7p1dfy
BECO CINCO VILA PE EDUARDO,7p1e1
BECO DA AMIZADE PICARREIRA,7p1e4
BECO DA LUA,7p1e4
BECO DOIS VILA PE EDUARDO,7p1e1r
BECO DUQUE,7p1e7
BECO GUARATINGA,7p1e5
BECO PAZ  DA - PICARREIRA,7p1e4
BECO PROJETADA 01,7p1dd
BECO QUATRO VILA PE EDUARDO,7p1e1r
BECO SEM DENOMINACAO 01307,7p1e7
BECO SEM DENOMINACAO 03605,7p1e7
BECO SEM DENOMINACAO 03660,7p1e3
BECO SEM DENOMINACAO 03663,7p1e3
BECO SEM DENOMINACAO 03671,7p1e3
BECO SEM DENOMINACAO 03673,7p1e
BECO SEM DENOMINACAO 03674,7p1e
BECO SEM DENOMINACAO 03694,7p1e1
BECO SEM DENOMINACAO 03697,7p1e
BECO SEM DENOMINACAO 03733,7p1dd
BECO SEM DENOMINACAO 03735,7p1dd
BECO SEM DENOMINACAO 03742,7p1e9
BECO TRES VILA PE EDUARDO,7p1e1r
BECO UM VILA PE EDUARDO,7p1e1 7p1e1r
CONJUNTO 037 CONJ PARQUE PIAUI,7p1dd
ESTRADA BG,7p1dd
ESTRADA DA PEDRA MIUDA,7p1d7
ESTRADA DE FERRO TERESINA - ALTOS,7p1e1 7p1e4 7p1e5
ESTRADA FLOR DO TEMPO,7p1dg
ESTRADA MARIA EREMITA DO ESPIRITO SANTO,7p1dd
GALERIA HAVAI,7p1e3
GALERIA SEM DENOMINACAO 03300,7p1df
PRACA CRISTINA LEITE,7p1e1
PRACA DEZESSEIS DE AGOSTO,7p1e4
PRACA DOM AVELAR B VILELA,7p1e4
RODOVIA MILTON BRANDAO  DEPUTADO,7p1df 7p1dg
RUA 0006,7p1e1
RUA 0008 VILA NOVA,7p1dd
RUA 001 AGUA MINERAL,7p1e3
RUA 001 BAIRRO SAO JOAO,7p1e4
RUA 001 BUENOS AIRES,7p1e3
RUA 001 COND RES SAO JOSE,7p1e
RUA 001 COND TERRA DOS PASSAROS,7p1e
RUA 001 CONJ HAB UNIAO,7p1e3
RUA 001 CONJ PRIMAVERA I,7p1e1
RUA 001 CONJ RIBEIRO MAGALHAES,7p1e3
RUA 001 CONJ UNIAO II,7p1e3
RUA 001 CONJ VELHO MONGE,7p1d
RUA 001 DESMEMBRAMENTO COLORADO,7p1e5
RUA 001 LOT ALPHAVILLE TERESINA,7p1e5
RUA 001 LOT ANGELIM I,7p1dd
RUA 001 LOT CIDADE 2000,7p1e
RUA 001 LOT ENG MAURILIO DE A LIMA,7p1e
RUA 001 LOT FAZENDINHA,7p1e5
RUA 001 LOT GREEN VILLAGE,7p1e5
RUA 001 LOT JACINTA ANDRADE,7p1e9
RUA 001 LOT JARDIM DO VALE,7p1e7
RUA 001 LOT JATOBA II,7p1dd
RUA 001 LOT JULIO SOARES I,7p1dd
RUA 001 LOT LADEIRA DO URUGUAI,7p1e5
RUA 001 LOT M DOS MORROS II,7p1e7
RUA 001 LOT M DOS MORROS III,7p1e7
RUA 001 LOT MESTRE DEZINHO,7p1d7
RUA 001 LOT MIRANTE DO LAGO,7p1e5
RUA 001 LOT MIRANTE DOS MORROS,7p1e7
RUA 001 LOT NOVA MORADA DO SOL,7p1e5
RUA 001 LOT NOVO TERESINA,7p1e
RUA 001 LOT PARQUE ALEGRIA VI,7p1d 7p1d7
RUA 001 LOT PARQUE DOS SONHOS,7p1dd
RUA 001 LOT PARQUE SOL,7p1e5
RUA 001 LOT PLANALTO DOS ALGODOES,7p1e5
RUA 001 LOT PLANALTO RODOVIARIO,7p1df 7p1dfk
RUA 001 LOT POLO RES SUL,7p1d7
RUA 001 LOT POLO SUL,7p1d7
RUA 001 LOT PORTO DO CENTRO,7p1e
RUA 001 LOT PQ ANTARTICA,7p1dd
RUA 001 LOT PQ CRISTIANE I,7p1df
RUA 001 LOT RODOVIARIO II,7p1dg
RUA 001 LOT SAN MARINO,7p1e5
RUA 001 LOT SANTA CRUZ,7p1dd
RUA 001 LOT SANTA LIA,7p1e5
RUA 001 LOT SANTA RITA,7p1df
RUA 001 LOT SETE ESTRELAS IV,7p1dd
RUA 001 LOT SOL NASCENTE,7p1e5
RUA 001 LOT ST M DA CODIPI,7p1e9
RUA 001 LOT VALE DO GAVIAO,7p1e7
RUA 001 LOT VERDE LAR,7p1e7
RUA 001 LOT. RESIDENCIAL DOM HELDER,7p1e5
RUA 001 LOT. VERANA TERESINA,7p1e
RUA 001 LOTEAMENTO ALEGRE,7p1e3
RUA 001 LOTEAMENTO RODOVIARIO I,7p1d
RUA 001 PARQUE FIRMINO FILHO,7p1e9
RUA 001 PARQUE STAEL FREIRE,7p1e9
RUA 001 RES ALEGRIA,7p1df
RUA 001 RES DOM AVELAR,7p1e5
RUA 001 RES DR NICANOR BARRETO,7p1e7
RUA 001 RES FREI DAMIAO,7p1e5
RUA 001 RES PARQUE BRASIL,7p1e9
RUA 001 RES RECANTO DOS PASSAROS,7p1d
RUA 001 RES SAO PAULO,7p1dg
RUA 001 RES SAO SEBASTIAO,7p1dg
RUA 001 RES VILA PARAISO,7p1e
RUA 001 RESID PARK ZEQUINHA FREIRE,7p1e7
RUA 001 RESIDENCIAL PARQUE POTY,7p1d 7p1dg
RUA 001 RESIDENCIAL SANTA RITA,7p1df
RUA 001 SAO SEBASTIAO,7p1dg
RUA 001 TERRAS ALPHA TERESINA,7p1e5
RUA 001 VILA BAGDA,7p1dg
RUA 001 VILA CAIC,7p1ddq
RUA 001 VILA FRATERNIDADE,7p1e
RUA 001 VILA MOCAMBINHO,7p1e3
RUA 001 VILA MONTE ALEGRE,7p1e9
RUA 001 VILA NOVA,7p1dd
RUA 001 VILA PADRE LUIS,7p1e5
RUA 001 VILA PARAISO,7p1dd
RUA 001 VILA SANTO AFONSO,7p1e1
RUA 001 VILA SAO FRANCISCO III,7p1dd
RUA 001 VILA SAO JOSE ESPERANCA,7p1dd
RUA 001A CONJ BOA ESPERANCA,7p1e5
RUA 002 (H) CONJ RENASCENCA II,7p1e5
RUA 002 (RES COLORADO),7p1e5
RUA 002 (RUA DO CAFE),7p1e 7p1e9
RUA 002 (V) CONJ RENASCENCA II,7p1dgr 7p1e5
RUA 002 ALTO ALEGRE,7p1e3e
RUA 002 COND RES SAO JOSE,7p1e
RUA 002 CONJ CRISTO REI,7p1df
RUA 002 CONJ REDONDA,7p1e5
RUA 002 CONJ RIBEIRO MAGALHAES,7p1e3
RUA 002 DESM P ALEXANDRIA,7p1df 7p1dg
RUA 002 LOT ALPHAVILLE TERESINA,7p1e5
RUA 002 LOT ANGELIM,7p1dd
RUA 002 LOT ATALAIA,7p1e5
RUA 002 LOT BELO HORIZONTE,7p1dd
RUA 002 LOT CIDADE 2000,7p1e
RUA 002 LOT E DO URUGUAI,7p1e7
RUA 002 LOT ENG DARIO Q GALVAO,7p1df
RUA 002 LOT ENG DARIO QUEIROZ GALVAO,7p1df
RUA 002 LOT FAZENDINHA,7p1e5
RUA 002 LOT GREEN VILLAGE,7p1e5
RUA 002 LOT HBB,7p1e
RUA 002 LOT JARDIM DO VALE,7p1e7
RUA 002 LOT JARDIM DOS PASSAROS,7p1dg
RUA 002 LOT JATOBA II,7p1dd
RUA 002 LOT JULIO SOARES I,7p1dd
RUA 002 LOT M DOS MORROS II,7p1e7
RUA 002 LOT M DOS MORROS III,7p1e7
RUA 002 LOT MILCIADES BEZERRA,7p1d
RUA 002 LOT MIRANTE DO LAGO,7p1e5
RUA 002 LOT NOBREZA,7p1e
RUA 002 LOT NOVA M DO SOL,7p1e5
RUA 002 LOT ORGMAR MONTEIRO,7p1e5 7p1e7
RUA 002 LOT P CARNEIRO,7p1e5
RUA 002 LOT PARQUE ANTARTICA,7p1dd
RUA 002 LOT PARQUE DOS SONHOS,7p1dd
RUA 002 LOT PARQUE P  ALEGRE,7p1d
RUA 002 LOT PEDRA MOLE,7p1e
RUA 002 LOT PINDORAMA,7p1e5
RUA 002 LOT PORTAL DA ALEGRIA,7p1d7
RUA 002 LOT PQ CRISTIANE,7p1df
RUA 002 LOT RES FORTES,7p1df
RUA 002 LOT RES POLO RES SUL,7p1d7
RUA 002 LOT RODOVIARIO II,7p1dg
RUA 002 LOT SAN MARINO,7p1e5
RUA 002 LOT SANTA RITA,7p1df
RUA 002 LOT SANTA TERESA,7p1dd
RUA 002 LOT SAO RAIMUNDO,7p1e4
RUA 002 LOT ST MARIA DA CODIPI,7p1e9
RUA 002 LOT VALE DO GAVIAO,7p1e7
RUA 002 LOT VELHO MONGE,7p1d
RUA 002 LOT VILLAGE TERESINA,7p1e5
RUA 002 LOT. VERANA,7p1e
RUA 002 LOTEAMENTO ALEGRE,7p1e3
RUA 002 LOTEAMENTO P ALEGRIA VI,7p1d 7p1d7
RUA 002 PARQUE FIRMINO FILHO,7p1e9
RUA 002 POLO INDUSTRIAL,7p1d7
RUA 002 RENASCENCA,7p1e5
RUA 002 RES ALEGRIA,7p1df
RUA 002 RES ARAGUAIA,7p1dg
RUA 002 RES DOM AVELAR,7p1e5 7p1e7
RUA 002 RES F MARREIROS,7p1dg
RUA 002 RES FREI DAMIAO,7p1e5
RUA 002 RES JUSTINA RIBEIRO NUNES,7p1dd
RUA 002 RES NOVO MILENIO,7p1dg
RUA 002 RES PARQUE POTY,7p1dg
RUA 002 RES RECANTO DOS PASSAROS,7p1d
RUA 002 RES SAO SEBASTIAO,7p1dg
RUA 002 RES VAMOS VER O SOL,7p1d
RUA 002 RES VILA PARAISO,7p1e
RUA 002 RESID DOM HELDER,7p1e5
RUA 002 RESID JOSE R DE SOUSA,7p1dd 7p1ddq
RUA 002 RESID MONS CHAVES,7p1df
RUA 002 RESID PARK ZEQUINHA FREIRE,7p1e7
RUA 002 RESID SAO PAULO,7p1dg
RUA 002 RESID SOCORRO MONTE,7p1e3
RUA 002 SANTA MARIA DA CODIPI,7p1e
RUA 002 SAO SEBASTIAO,7p1dg
RUA 002 VILA APOLONIA,7p1e3
RUA 002 VILA BAGDA,7p1dg
RUA 002 VILA BANDEIRANTE,7p1e5
RUA 002 VILA CAROLINA SILVA,7p1dd
RUA 002 VILA CIDADE LESTE,7p1e7
RUA 002 VILA FRATERNIDADE,7p1e
RUA 002 VILA MOCAMBINHO,7p1e3
RUA 002 VILA MONTE VERDE,7p1e9
RUA 002 VILA NOVA,7p1dd
RUA 002 VILA PE LUIS,7p1e5
RUA 002 VILA PL SANTA FE,7p1dd
RUA 002 VILA PL URUGUAI,7p1e7
RUA 002 VILA SANTO AFONSO,7p1e1
RUA 002 VILA TIRADENTES,7p1dd
RUA 003  RES VILA PARAISO,7p1e
RUA 003 (VH) CONJ RENASCENCA II,7p1dgr
RUA 003 COND RES SAO JOSE,7p1e
RUA 003 CONJ CRISTO REI,7p1df
RUA 003 CONJ PARQUE PIAUI,7p1dd
RUA 003 CONJ REDONDA,7p1e5
RUA 003 CONJ RIBEIRO MAGALHAES,7p1e3
RUA 003 DESM EDUARDO M VILARINHO,7p1e5
RUA 003 LOT  P  CARNEIRO,7p1e5
RUA 003 LOT  PQ  P  ALEGRE,7p1d
RUA 003 LOT ALPHAVILLE TERESINA,7p1e5
RUA 003 LOT ANGELIM,7p1dd
RUA 003 LOT BELO HORIZONTE,7p1dd
RUA 003 LOT BELTERRA II,7p1e5
RUA 003 LOT CANAXUE,7p1dg
RUA 003 LOT CIDADE 2000,7p1e
RUA 003 LOT FAZENDINHA,7p1e5
RUA 003 LOT HBB,7p1e
RUA 003 LOT JACINTA ANDRADE,7p1e9
RUA 003 LOT JARDIM DO VALE,7p1e7
RUA 003 LOT JARDIM DOS PASSAROS,7p1dg
RUA 003 LOT JARDIM IPIRANGA,7p1e4
RUA 003 LOT JATAI,7p1dd
RUA 003 LOT JATOBA II??,7p1dd
RUA 003 LOT JULIO SOARES I,7p1d 7p1dd
RUA 003 LOT M DOS MORROS II,7p1e7
RUA 003 LOT M DOS MORROS III,7p1e7
RUA 003 LOT MILCIADES BEZERRA,7p1d
RUA 003 LOT MIRANTE DO LAGO,7p1e5
RUA 003 LOT MIRANTE DOS MORROS,7p1e7
RUA 003 LOT NOBREZA,7p1e
RUA 003 LOT NOVA ALEGRIA,7p1d
RUA 003 LOT PA DOS ALGODOES,7p1e5
RUA 003 LOT PARQUE DOS SONHOS,7p1dd
RUA 003 LOT PARQUE SUL,7p1dd
RUA 003 LOT PORTO DO CENTRO,7p1e7
RUA 003 LOT PQ DAS ESPLANADAS,7p1d7
RUA 003 LOT PQ M EDUARDA,7p1dd
RUA 003 LOT RECANTO DOS PASSAROS,7p1d
RUA 003 LOT RESID. POLO SUL,7p1d7
RUA 003 LOT SANTA CRUZ,7p1dd
RUA 003 LOT SANTA RITA,7p1df
RUA 003 LOT SAO FRANCISCO,7p1d
RUA 003 LOT SOL NASCENTE,7p1e5
RUA 003 LOT ST MARIA DA CODIPI,7p1e9
RUA 003 LOT TERTULIANO BRANDAO,7p1df
RUA 003 LOT VALE DO GAVIAO,7p1e7
RUA 003 LOT VELHO MONGE,7p1d
RUA 003 LOT VERANA TERESINA,7p1e
RUA 003 LOT VILLAGE TERESINA,7p1e5
RUA 003 LOTEAMENTO RODOVIARIOS I,7p1d
RUA 003 O SONHO NAO ACABOU,7p1e5
RUA 003 PARQUE BRASIL,7p1e9
RUA 003 PARQUE FIRMINO FILHO,7p1e9
RUA 003 PLANALTO BELA VISTA,7p1df
RUA 003 POLO INDUSTRIAL,7p1d7
RUA 003 RES  JULIO SOARES,7p1dd
RUA 003 RES  PARQUE POTY,7p1dg
RUA 003 RES DOM AVELAR,7p1e5 7p1e7
RUA 003 RES ESPLANADA,7p1d
RUA 003 RES F MARREIROS,7p1dg
RUA 003 RES FREI DAMIAO,7p1e5
RUA 003 RES JUSTINA RIBEIRO,7p1dd
RUA 003 RES MESTRE DEZINHO,7p1d7
RUA 003 RES SAO SEBASTIAO,7p1dg
RUA 003 RES SERTAOZINHO,7p1dg
RUA 003 RES VAMOS VER O SOL,7p1dd
RUA 003 RESID ARAGUAIA,7p1dg
RUA 003 RESID PARK ZEQUINHA FREIRE,7p1e7
RUA 003 SANTA M DA CODIPI,7p1e
RUA 003 SANTA MARIA,7p1e 7p1e9
RUA 003 VILA APOLONIA,7p1e3
RUA 003 VILA BANDEIRANTE,7p1e5 7p1e7
RUA 003 VILA CAROLINA SILVA,7p1dd
RUA 003 VILA MOCAMBINHO,7p1e3 7p1e3v
RUA 003 VILA MONTE VERDE,7p1e9
RUA 003 VILA NOVA,7p1dd
RUA 003 VILA PQ PROMORAR,7p1dd 7p1ddq
RUA 003 VILA SANTO AFONSO,7p1e1
RUA 003 VILA SAO JOSE DA ESPERANCA,7p1dd
RUA 003(H) RES REDONDA,7p1e5
RUA 004 (VH) CONJ RENASCENCA II,7p1dgr 7p1e5
RUA 004 ASSENTAMENTO DOS PASSAROS,7p1d
RUA 004 CONJ IPASE - SUL,7p1df
RUA 004 CONJ PRIMAVERA I,7p1e1
RUA 004 CONJ RIBEIRO MAGALHAES,7p1e3
RUA 004 CONJ SACI,7p1d 7p1df0
RUA 004 CONJ SAO PAULO,7p1dg
RUA 004 LOT  PAULO CARNEIRO,7p1e5
RUA 004 LOT ALPHAVILLE TERESINA,7p1e5
RUA 004 LOT ANGELIM,7p1dd
RUA 004 LOT BELTERRA II,7p1dg 7p1e5
RUA 004 LOT CANAXUE,7p1dg
RUA 004 LOT CIDADE 2000,7p1e
RUA 004 LOT GREEN VILLAGE,7p1e5
RUA 004 LOT JARDIM DO VALE,7p1e7
RUA 004 LOT JATAI,7p1dd
RUA 004 LOT JATOBA II?,7p1dd
RUA 004 LOT JULIO SOARES I,7p1d
RUA 004 LOT M DO FUTURO,7p1e5
RUA 004 LOT M DOS MORROS II,7p1e7
RUA 004 LOT M DOS MORROS III,7p1e7
RUA 004 LOT MIRANTE DO LAGO,7p1e5
RUA 004 LOT MIRANTE DOS MORROS,7p1e7
RUA 004 LOT P DOS ALGODOES,7p1e5
RUA 004 LOT P ESPERANCA,7p1dg
RUA 004 LOT PARQUE DO SOL,7p1e5
RUA 004 LOT PARQUE DOS SONHOS,7p1dd
RUA 004 LOT POLO SUL,7p1d7
RUA 004 LOT PORTAL DA ALEGRIA,7p1d7
RUA 004 LOT PORTO ALEGRE II,7p1d
RUA 004 LOT PQ MARIA EDUARDA,7p1dd
RUA 004 LOT RENASCENCA,7p1dd 7p1ddq
RUA 004 LOT RES FORTES,7p1df
RUA 004 LOT SANTA CRUZ,7p1dd
RUA 004 LOT SANTA LIA,7p1e5
RUA 004 LOT SANTA M DA CODIPI,7p1e9
RUA 004 LOT SANTA TEREZA,7p1dd
RUA 004 LOT SAO FRANCISCO,7p1d
RUA 004 LOT SAO JOSE DA ESPERANCA,7p1dd
RUA 004 LOT SETE ESTRELAS IV,7p1dd
RUA 004 LOT SETE ESTRELAS V,7p1dd
RUA 004 LOT TERRAS ALPHAVILLE TERESINA,7p1e7
RUA 004 LOT VALE DO GAVIAO,7p1e7
RUA 004 LOT VILLAGE TERESINA,7p1e5
RUA 004 LOT. RESID. POLO SUL,7p1d7
RUA 004 LOT. VERANA TERESINA,7p1e
RUA 004 PARQUE BRASIL,7p1e9
RUA 004 PARQUE FIRMINO FILHO,7p1e9
RUA 004 PARQUE MAO SANTA,7p1e5
RUA 004 RES  JULIO SOARES,7p1dd
RUA 004 RES  MESTRE DEZINHO,7p1d7
RUA 004 RES  PARQUE POTY,7p1dg
RUA 004 RES DOM AVELAR,7p1e5 7p1e7
RUA 004 RES DOM HELDER,7p1e5
RUA 004 RES FREI DAMIAO,7p1e5
RUA 004 RES NOVO MILENIO,7p1dg
RUA 004 RES SAO SEBASTIAO,7p1dg
RUA 004 RES VAMOS VER O SOL,7p1d 7p1dd
RUA 004 RESID BOM SUCESSO,7p1e5
RUA 004 RESID PARK ZEQUINHA FREIRE,7p1e7
RUA 004 RESIDENCIAL O SONHO NAO ACABOU,7p1e5
RUA 004 VILA APOLONIA,7p1e3
RUA 004 VILA BAGDA,7p1dg
RUA 004 VILA MCAMBINHO,7p1e3
RUA 004 VILA MONTE VERDE,7p1e9
RUA 004 VILA PARQUE PROMORAR,7p1dd 7p1ddq
RUA 004 VILA PL ST ANTONIO,7p1dd
RUA 004 VILA SAO FRANCISCO III,7p1dd
RUA 0040 LOT MIRANTE DOS MORROS,7p1e7
RUA 005 (HV) CONJ RENASCENCA II,7p1dgr
RUA 005 COLORADO,7p1dg 7p1e5
RUA 005 COND RESID POLO SUL,7p1d7
RUA 005 CONJ CRISTO REI,7p1df
RUA 005 CONJ DOM H CAMARA,7p1e5
RUA 005 CONJ SAO PAULO,7p1dg
RUA 005 CONJ VELHO MONGE,7p1d
RUA 005 LOT  SETE ESTRELAS,7p1dd
RUA 005 LOT ALPHAVILLE TERESINA,7p1e5
RUA 005 LOT BELTERRA II,7p1e5
RUA 005 LOT CANAXUE,7p1dg
RUA 005 LOT CIDADE 2000,7p1e
RUA 005 LOT GREEN VILLAGE,7p1e5
RUA 005 LOT JARDIM DO VALE,7p1e7
RUA 005 LOT JARDIM IPIRANGA,7p1e
RUA 005 LOT JATAI,7p1dd
RUA 005 LOT JATOBA II,7p1dd
RUA 005 LOT JULIO SOARES,7p1dd
RUA 005 LOT JULIO SOARES I,7p1d
RUA 005 LOT M DOS MORROS II,7p1e7
RUA 005 LOT M DOS MORROS III,7p1e7
RUA 005 LOT MIRANTE DO LAGO,7p1e5
RUA 005 LOT MIRANTE DOS MORROS,7p1e7
RUA 005 LOT NOBREZA,7p1e
RUA 005 LOT NOVA ALEGRIA,7p1dg
RUA 005 LOT P DAS ESPLANADAS,7p1d7
RUA 005 LOT P DOS ALGODOES,7p1e5
RUA 005 LOT PARQUE ANTARTICA,7p1dd
RUA 005 LOT PARQUE P  ALEGRE,7p1d
RUA 005 LOT POLO SUL,7p1d7
RUA 005 LOT PORTO RICO I,7p1dg
RUA 005 LOT PQ MARIA EDUARDA,7p1d 7p1dd
RUA 005 LOT PQ SIMONE,7p1e4
RUA 005 LOT PROGRESSO II,7p1e5
RUA 005 LOT SANTA CRUZ,7p1dd
RUA 005 LOT SANTA TERESA,7p1dd
RUA 005 LOT SETE ESTRELAS VIII,7p1dd
RUA 005 LOT VALE DO GAVIAO,7p1e7
RUA 005 LOT VERANA TERESINA,7p1e
RUA 005 LOT VILA L DO URUGUAI,7p1e5
RUA 005 LOT VILLAGE TERESINA,7p1e5
RUA 005 LOT ZEQUINHA FREIRE,7p1e7
RUA 005 LOTEAMENTO ALEGRE,7p1e3
RUA 005 LOTEAMENTO ANGELIM,7p1dd
RUA 005 LOTEAMENTO ANGELIM II,7p1dd
RUA 005 LOTEAMENTO P ALEGRIA VI,7p1d7
RUA 005 PARQUE FIRMINO FILHO,7p1e9
RUA 005 PARQUE MAO SANTA,7p1e5
RUA 005 RES  MESTRE DEZINHO,7p1d7
RUA 005 RES  PARQUE POTY,7p1dg
RUA 005 RES FREI DAMIAO,7p1e5
RUA 005 RES JOAO PAULO II,7p1dd
RUA 005 RES P BRASIL,7p1e9
RUA 005 RES SANTA RITA,7p1df
RUA 005 RES VAMOS VER O SOL,7p1d 7p1dd
RUA 005 RES VILA PARAISO,7p1e
RUA 005 TERRAS ALPHA TERESINA,7p1e5
RUA 005 VH CONJ RENASCENCA II,7p1dgr
RUA 005 VILA APOLONIA,7p1e3
RUA 005 VILA MOCAMBINHO,7p1e3 7p1e3v
RUA 005 VILA MONTE VERDE,7p1e9
RUA 005 VILA PARIS,7p1dgr
RUA 005 VILA PARQUE PROMORAR,7p1dd 7p1ddq
RUA 005 VILA SAO JOSE DA ESPERANCA,7p1dd
RUA 006 (HV) CONJ RENASCENCA II,7p1dgr 7p1e5
RUA 006 CONJ PARQUE PIAUI,7p1dd 7p1ddq
RUA 006 CONJ PRIMAVERA I,7p1e1
RUA 006 LOT ALPHAVILLE TERESINA,7p1e5
RUA 006 LOT ANGELIM,7p1dd
RUA 006 LOT ANGELIM II,7p1dd
RUA 006 LOT BELTERRA II,7p1e5
RUA 006 LOT CANAXUE,7p1dg
RUA 006 LOT CIDADE 2000,7p1e
RUA 006 LOT GREEN VILLAGE,7p1e5
RUA 006 LOT JARDIM DO VALE,7p1e7
RUA 006 LOT JATOBA II,7p1dd
RUA 006 LOT JULIO SOARES I,7p1d 7p1dd
RUA 006 LOT M DOS MORROS II,7p1e7
RUA 006 LOT M DOS MORROS III,7p1e7
RUA 006 LOT MIRANTE DO LAGO,7p1e5
RUA 006 LOT MIRANTE DOS MORROS,7p1e7
RUA 006 LOT NOBREZA,7p1e
RUA 006 LOT NOVA ALEGRIA,7p1dg
RUA 006 LOT NOVA M DO SOL,7p1e5
RUA 006 LOT P DOS ALGODOES,7p1e5
RUA 006 LOT P MARIA EDUARDA,7p1d 7p1dd
RUA 006 LOT PARQUE ANTARTICA,7p1dd
RUA 006 LOT PARQUE DO SOL,7p1e5
RUA 006 LOT PARQUE JACINTA,7p1dd
RUA 006 LOT PORTO ALEGRE II,7p1d
RUA 006 LOT PQ COLORADO,7p1dg 7p1e5
RUA 006 LOT PQ ENG D Q GALVAO,7p1df
RUA 006 LOT PQ P  ALEGRE,7p1d
RUA 006 LOT RENASCENCA,7p1dd 7p1ddq
RUA 006 LOT RESID. POLO SUL,7p1d7
RUA 006 LOT SANTA MARIA DA CODIPI,7p1e9
RUA 006 LOT SANTA RITA,7p1df
RUA 006 LOT SANTA TERESA,7p1dd
RUA 006 LOT SETE ESTRELAS VIII,7p1dd
RUA 006 LOT VALE DO GAVIAO,7p1e7
RUA 006 LOT VELHO MONGE,7p1d
RUA 006 LOT VILLAGE TERESINA,7p1e5
RUA 006 LOT ZOOBOTANICO,7p1e
RUA 006 LOT. VERANA,7p1e
RUA 006 LOTEAMENTO ALEGRE,7p1e3
RUA 006 PARQUE FIRMINO FILHO,7p1e9
RUA 006 POLO INDUSTRIAL,7p1d7
RUA 006 RES  PARQUE POTY,7p1dg
RUA 006 RES F MARREIROS,7p1dg
RUA 006 RES NOVO MILENIO,7p1dg
RUA 006 RES PARQUE BRASIL,7p1e9
RUA 006 RES SAO PAULO,7p1dg
RUA 006 RES SAO SEBASTIAO,7p1dg
RUA 006 RES VAMOS VER O SOL,7p1d 7p1dd
RUA 006 RESID MONS CHAVES,7p1df
RUA 006 RESID PARK ZEQUINHA FREIRE,7p1e7
RUA 006 TERRAS ALPHAVILLE TERESINA,7p1e5
RUA 006 VILA APOLONIA,7p1e3
RUA 006 VILA MOCAMBINHO,7p1e3v
RUA 006 VILA MONTE VERDE,7p1e9
RUA 006 VILA NOVA,7p1dd
RUA 006 VILA SA JOSE,7p1dd
RUA 007 (HV) RESID. REDONDA,7p1dgr 7p1e5
RUA 007 ALTO DA RESSURREICAO,7p1e5
RUA 007 ASSENTAMENTO DOS PASSAROS,7p1d
RUA 007 CONJ IPASE NORTE,7p1e1
RUA 007 CONJ MOCAMBINHO,7p1e3
RUA 007 CONJ RES F MARREIROS,7p1dg
RUA 007 CONJ SAO JOAQUIM,7p1e1
RUA 007 LOT ALPHAVILLE TERESINA,7p1e5
RUA 007 LOT ANGELIM,7p1dd
RUA 007 LOT ANGELIM II,7p1dd
RUA 007 LOT BATISTA PAZ SANTA CRUZ,7p1dd
RUA 007 LOT BELTERRA II,7p1e5
RUA 007 LOT BOA ESPERANCA,7p1e1r
RUA 007 LOT CANAXUE,7p1dg
RUA 007 LOT CIDADE 2000,7p1e
RUA 007 LOT CURTUME S MIGUEL,7p1e1
RUA 007 LOT ENG DARIO Q GALVAO,7p1df
RUA 007 LOT ESPL DO URUGUAI,7p1e5
RUA 007 LOT GREEN VILLAGE,7p1e5
RUA 007 LOT JACINTA ANDRADE,7p1e9
RUA 007 LOT JATOBA II,7p1dd
RUA 007 LOT JULIO SOARES I,7p1d 7p1dd
RUA 007 LOT LADEIRA DO URUGUAI,7p1e5
RUA 007 LOT M DOS MORROS II,7p1e7
RUA 007 LOT M DOS MORROS III,7p1e7
RUA 007 LOT MIRANTE DO LAGO,7p1e5
RUA 007 LOT MIRANTE DOS MORROS,7p1e7
RUA 007 LOT NOBREZA,7p1e
RUA 007 LOT NOVA ALEGRIA,7p1d 7p1dg
RUA 007 LOT P DA ESPLANADAS,7p1d7
RUA 007 LOT P DOS ALGODOES,7p1e5
RUA 007 LOT P MARIA EDUARDA,7p1d 7p1dd
RUA 007 LOT PARK ZEQUINHA FREIRE,7p1e7
RUA 007 LOT PARQUE DO SOL,7p1e5
RUA 007 LOT PARQUE JACINTA,7p1dd
RUA 007 LOT PORTO ALEGRE II,7p1d
RUA 007 LOT PQ ANTARTICA,7p1dd
RUA 007 LOT PQ DOS SONHOS,7p1dd
RUA 007 LOT RES PARQUE SUL,7p1dd
RUA 007 LOT SANTA RITA,7p1df
RUA 007 LOT SANTA TERESA,7p1dd
RUA 007 LOT SAO FRANCISCO,7p1d
RUA 007 LOT SAO RAIMUNDO,7p1df
RUA 007 LOT SETE ESTRELAS VIII,7p1dd
RUA 007 LOT VALE DO GAVIAO,7p1e7
RUA 007 LOT VELHO MONGE,7p1d
RUA 007 LOT. VERANA TERESINA,7p1e
RUA 007 LOTEAMENTO ALEGRE,7p1e3
RUA 007 LOTEAMENTO P ALEGRIA VI,7p1d 7p1d7
RUA 007 PARQUE FIRMINO FILHO,7p1e9
RUA 007 PARQUE ITARARE,7p1dg 7p1dgr
RUA 007 PARQUE MAO SANTA,7p1e5
RUA 007 POLO INDUSTRIAL,7p1d7
RUA 007 RES  JUSTINA RIBEIRO,7p1dd
RUA 007 RES  PARQUE POTY,7p1dg
RUA 007 RES DOM AVELAR,7p1e5
RUA 007 RES DOM HELDER,7p1e5
RUA 007 RES MESTRE DEZINHO,7p1d7
RUA 007 RES PARQUE BRASIL I,7p1e9
RUA 007 RES POLO SUL,7p1d7
RUA 007 RES SAO SEBASTIAO,7p1dg
RUA 007 RES VAMOS VER O SOL,7p1d 7p1dd
RUA 007 TERRAS ALPHA TERESINA,7p1e5
RUA 007 VILA MOCAMBINHO,7p1e3
RUA 007 VILA NOVA,7p1dd
RUA 007-A VILA SANTA RITA,7p1dd 7p1ddq
RUA 008,7p1e5
RUA 008 (H) CONJ RENASCENCA II,7p1dgr
RUA 008 (VH) CONJ RENASCENCA II,7p1dgr 7p1e5
RUA 008 ASSENTAMENTO DOS PASSAROS,7p1d
RUA 008 CONJ PARQUE PIAUI,7p1dd
RUA 008 CONJ RESID FRANCISCO MARREIROS,7p1dg
RUA 008 CONJ VELHO MONGE,7p1d
RUA 008 DO CONJ RES FRANCISCO MARREIROS,7p1dg
RUA 008 LOT  PQ  P  ALEGRE,7p1d
RUA 008 LOT  SANTA TERESA,7p1dd
RUA 008 LOT ALPHAVILLE TERESINA,7p1e5
RUA 008 LOT BELTERRA II,7p1e5
RUA 008 LOT CANAXUE,7p1dg
RUA 008 LOT E DO URUGUAI,7p1e5
RUA 008 LOT ENG DARIO Q GALVAO,7p1df
RUA 008 LOT JACINTA ANDRADE,7p1e9
RUA 008 LOT JARDIM DO VALE,7p1e7
RUA 008 LOT JARDIM DOS PASSAROS,7p1dg
RUA 008 LOT JULIO SOARES I,7p1d 7p1dd
RUA 008 LOT M DOS MORROS II,7p1e7
RUA 008 LOT M DOS MORROS III,7p1e7
RUA 008 LOT MIRANTE DOS MORROS,7p1e7
RUA 008 LOT P DAS ESPLANADAS,7p1d7
RUA 008 LOT PARQUE CLUBE,7p1e4
RUA 008 LOT PARQUE DO SOL,7p1e5
RUA 008 LOT PARQUE JACINTA,7p1dd
RUA 008 LOT PEDRA MOLE,7p1e
RUA 008 LOT PORTAL DA ALEGRE VI,7p1d7
RUA 008 LOT PORTO ALEGRE,7p1d
RUA 008 LOT PORTO RICO I,7p1dg
RUA 008 LOT PQ DOS SONHOS,7p1dd
RUA 008 LOT PQ MARIA EDUARDA,7p1d 7p1dd
RUA 008 LOT SAO FRANCISCO,7p1d
RUA 008 LOT VALE DO GAVIAO,7p1e7
RUA 008 LOT VERANA,7p1e
RUA 008 LOTEAMENTO ALEGRE,7p1e3
RUA 008 PARQUE FIRMINO FILHO,7p1e9
RUA 008 PARQUE MAO SANTA,7p1e7
RUA 008 POLO INDUSTRIAL,7p1d7
RUA 008 RES  PARQUE POTY,7p1dg
RUA 008 RES ARAGUAIA,7p1dg
RUA 008 RES DOM AVELAR,7p1e5
RUA 008 RES JOAO PAULO II,7p1dd
RUA 008 RES MESTRE DEZINHO,7p1d7
RUA 008 RES PQ BRASIL,7p1e9
RUA 008 RES VAMOS VER O SOL,7p1d 7p1dd
RUA 008 RESID J RIBEIRO DE SOUSA,7p1dd
RUA 008 TERRAS ALPHA TERESINA,7p1e5 7p1e7
RUA 008 VILA APOLONIA,7p1e3
RUA 008 VILA MOCAMBINHO,7p1e3 7p1e3v
RUA 008 VILA MONTE VERDE,7p1e9
RUA 008 VILA PARIS,7p1dgr
RUA 008 VILA SAO JOSE,7p1dd
RUA 009 (H) RESID REDONDA,7p1dgr 7p1e5
RUA 009 ASSENTAMENTO DOS PASSAROS,7p1d
RUA 009 CONJ IPASE NORTE,7p1e1
RUA 009 CONJ MURILO RESENDE,7p1e4
RUA 009 CONJ PEDRA MOLE,7p1e
RUA 009 CONJ REDONDA,7p1dgr 7p1e5
RUA 009 CONJ RES DOM H CAMARA,7p1e5
RUA 009 LOT ARVORES VERDE,7p1e7
RUA 009 LOT CIDADE 2000,7p1e
RUA 009 LOT CIDADE VERDE,7p1e5
RUA 009 LOT E DO URUGUAI,7p1e5
RUA 009 LOT ENG DARIO Q GALVAO,7p1df
RUA 009 LOT GREEN VILLAGE,7p1e5
RUA 009 LOT JULIO SOARES I,7p1d 7p1dd
RUA 009 LOT LEONIDAS F R FILHO,7p1e9
RUA 009 LOT M DOS MORROS II,7p1e7
RUA 009 LOT M DOS MORROS III,7p1e7
RUA 009 LOT MIRANTE DO LAGO,7p1e5
RUA 009 LOT NOVA ALEGRIA,7p1dd
RUA 009 LOT PARQUE BRASIL,7p1e9
RUA 009 LOT PARQUE JACINTA,7p1dd
RUA 009 LOT PARQUE PORTO ALEGRE,7p1d
RUA 009 LOT PEDRA MOLE,7p1e
RUA 009 LOT PLANALTO BELA VISTA,7p1df
RUA 009 LOT PQ DOS SONHOS,7p1dd
RUA 009 LOT PQ MARIA EDUARDA,7p1d 7p1dd
RUA 009 LOT PROGRESSO II,7p1e5
RUA 009 LOT RENASCENCA,7p1dd
RUA 009 LOT RES VILLA RICA,7p1e7
RUA 009 LOT SANTA CRUZ,7p1dd
RUA 009 LOT SANTA TERESA,7p1dd
RUA 009 LOT SAO FRANCISCO,7p1d
RUA 009 LOT SETE ESTRELAS VIII,7p1dd
RUA 009 LOT VALE DO GAVIAO,7p1e7
RUA 009 LOT VERANA,7p1e
RUA 009 LOTEAMENTO ALEGRE,7p1e3
RUA 009 LOTEAMENTO MONTE VERDE,7p1e9
RUA 009 LOTEAMENTO P ALEGRIA VI,7p1d 7p1d7
RUA 009 PARQUE FIRMINO FILHO,7p1e9
RUA 009 POLO INDUSTRIAL,7p1d7
RUA 009 RES  PARQUE POTY,7p1dg
RUA 009 RES ARAGUAIA,7p1dg
RUA 009 RES DOM AVELAR,7p1e5
RUA 009 RES FREI DAMIAO,7p1e5
RUA 009 RES JOAO PAULO II,7p1dd
RUA 009 RES MESTRE DEZINHO,7p1d7
RUA 009 RES VAMOS VER O SOL,7p1d 7p1dd
RUA 009 TERRAS ALPHA TERESINA,7p1e7
RUA 009 VILA APOLONIA,7p1e3
RUA 009 VILA MOCAMBINHO,7p1e3
RUA 009 VILA MONTE VERDE,7p1e9
RUA 009 VILA VERDE,7p1dg
RUA 009LOT PARQUE SIMONE,7p1e4
RUA 01,7p1dg
RUA 010 AGUA MINERAL,7p1e3
RUA 010 CONJ PEDRA MOLE,7p1e
RUA 010 CONJ RAIMUNDO PORTELA,7p1dd
RUA 010 CONJ REDONDA,7p1dgr
RUA 010 LOT ALPHAVILLE TERESINA,7p1e5
RUA 010 LOT CIDADE 2000,7p1e
RUA 010 LOT E DO URUGUAI,7p1e5
RUA 010 LOT ENG DARIO Q GALVAO,7p1df
RUA 010 LOT GREEN VILLAGE,7p1e5
RUA 010 LOT JULIO SOARES I,7p1d 7p1dd
RUA 010 LOT M DOS MORROS III,7p1e7
RUA 010 LOT MIRANTE DO LAGO,7p1e5
RUA 010 LOT MIRANTE DOS MORROS,7p1e7
RUA 010 LOT NOVA ALEGRIA,7p1dd
RUA 010 LOT P DOS ALGODOES,7p1e5
RUA 010 LOT PARK ZEQUINHA FREIRE,7p1e7
RUA 010 LOT PARQUE DO SOL,7p1e5
RUA 010 LOT PARQUE JACINTA,7p1dd
RUA 010 LOT PARQUE PORTO ALEGRE,7p1d
RUA 010 LOT PEDRA MOLE,7p1e
RUA 010 LOT PLANALTO BELA VISTA,7p1df
RUA 010 LOT PQ MARIA EDUARDA,7p1d 7p1dd
RUA 010 LOT SANTA CRUZ,7p1dd
RUA 010 LOT SANTA TERESA,7p1dd
RUA 010 LOT SAO FRANCISCO,7p1d
RUA 010 LOT ST M DA CODIPI,7p1e9
RUA 010 LOT VALE DO GAVIAO,7p1e7
RUA 010 LOT. VERANA,7p1e
RUA 010 LOTEAMENTO JACINTA ANDRADE,7p1e9
RUA 010 LOTEAMENTO JATAI,7p1dd
RUA 010 LOTEAMENTO MONTE VERDE,7p1e9
RUA 010 LOTEAMENTO P DA ALEGRIA VI,7p1d 7p1d7
RUA 010 PARQUE FIRMINO FILHO,7p1e9
RUA 010 PARQUE PIONEIRO,7p1dd
RUA 010 POLO INDUSTRIAL,7p1d7
RUA 010 PQ DAGMAR MAZZA,7p1dd
RUA 010 RES FREI DAMIAO,7p1e5
RUA 010 RES MESTRE DEZINHO,7p1d7
RUA 010 RES TODOS OS SANTOS,7p1dg
RUA 010 TERRAS ALPHAVILLE TERESINA,7p1e7
RUA 010 VILA DAGMAR MAZZA,7p1dd
RUA 010 VILA MOCAMBIMHO,7p1e3 7p1e3v
RUA 010 VILA MONTE VERDE,7p1e9
RUA 010A LOTEAMENTO ALEGRE,7p1e3
RUA 011 CONJ PEDRA MOLE,7p1e
RUA 011 CONJ RAIMUNDO PORTELA,7p1dd
RUA 011 H RES REDONDA,7p1dgr
RUA 011 LOT ALPHAVILLE TERESINA,7p1e5
RUA 011 LOT BELO HORIZONTE,7p1dd
RUA 011 LOT CIDADE 2000,7p1e
RUA 011 LOT ESP  URUGUAI,7p1e5
RUA 011 LOT GREEN VILLAGE,7p1e5
RUA 011 LOT JULIO SOARES I,7p1d 7p1dd
RUA 011 LOT M DOS MORROS III,7p1e7
RUA 011 LOT NOVA ALEGRIA,7p1dd
RUA 011 LOT P DOS ALGODOES,7p1e5
RUA 011 LOT PARK ZEQUINHA FREIRE,7p1e7
RUA 011 LOT PARQUE CRISTIANE,7p1df
RUA 011 LOT PARQUE DO SOL,7p1e5
RUA 011 LOT PARQUE DOS SONHOS,7p1dd
RUA 011 LOT PARQUE JACINTA,7p1dd
RUA 011 LOT PEDRA MOLE,7p1e
RUA 011 LOT PORTAL DA ALEGRIA,7p1d7
RUA 011 LOT PQ MARIA EDUARDA,7p1d 7p1dd
RUA 011 LOT R DAS PALMEIRAS,7p1e5
RUA 011 LOT SANTA CRUZ,7p1dd
RUA 011 LOT SANTA M DA CODIPI,7p1e9
RUA 011 LOT SANTA TERESA,7p1dd
RUA 011 LOT VALE DO GAVIAO LESTE,7p1e7
RUA 011 LOT VERANA TERESINA,7p1e
RUA 011 LOT VERDE LAR,7p1e7
RUA 011 LOTEAMENTO ALEGRE,7p1e9
RUA 011 LOTEAMENTO JACINTA ANDRADE,7p1e9
RUA 011 LOTEAMENTO MONTE VERDE,7p1e9
RUA 011 PARQUE FIRMINO FILHO,7p1e9
RUA 011 POLO INDUSTRIAL,7p1d7
RUA 011 RES ARAGUAIA,7p1dg
RUA 011 RES DOM AVELAR,7p1e7
RUA 011 RES VAMOS VER O SOL,7p1d
RUA 011 TERRAS ALPHA TERESINA,7p1e7
RUA 011 VILA MOCAMBINHO,7p1e3
RUA 011 VILA MONTE VERDE,7p1e9
RUA 012 (VH) CONJ RENASCENCA II,7p1e5
RUA 012 CONJ PEDRA MOLE,7p1e
RUA 012 CONJ RAIMUNDO PORTELA,7p1dd
RUA 012 LOT ALPHAVILLE TERESINA,7p1e5
RUA 012 LOT CIDADE 2000,7p1e
RUA 012 LOT ESP  URUGUAI,7p1e5
RUA 012 LOT GREEN VILLAGE,7p1e5
RUA 012 LOT HBB,7p1e
RUA 012 LOT JULIO SOARES I,7p1d 7p1dd
RUA 012 LOT M DOS MORROS III,7p1e7
RUA 012 LOT MOCAMBINHO,7p1e3 7p1e3v
RUA 012 LOT NOVA ALEGRIA,7p1dd
RUA 012 LOT PARQUE DOS SONHOS,7p1dd
RUA 012 LOT PARQUE JACINTA,7p1dd
RUA 012 LOT PARQUE PORTO ALEGRE,7p1d
RUA 012 LOT POLO SUL,7p1d7
RUA 012 LOT PORTO ALEGRE II,7p1d
RUA 012 LOT PQ MARIA EDUARDA,7p1d 7p1dd
RUA 012 LOT SANTA RITA,7p1df
RUA 012 LOT SANTA TERESA,7p1dd
RUA 012 LOT ST M DA CODIPI,7p1e9
RUA 012 LOT VALE GAVIAO LESTE,7p1e7
RUA 012 LOT. VERANA TERESINA,7p1e
RUA 012 LOTEAMENTO ALEGRE,7p1e9
RUA 012 LOTEAMENTO JACINTA ANDRADE,7p1e9
RUA 012 LOTEAMENTO MONTE VERDE,7p1e9
RUA 012 RES ARAGUAIA,7p1dg
RUA 012 RES OSWALDO S PARENTE,7p1df
RUA 012 RES VAMOS VER O SOL,7p1d
RUA 012 RESID JARDIM URUGUAI,7p1e7
RUA 012 TERRAS ALPHA TERESINA,7p1e7
RUA 012 VILA MONTE VERDE,7p1e9
RUA 012H RESID REDONDA,7p1dgr
RUA 013 (VH) CONJ RENASCENCA II,7p1dgr
RUA 013 CONJ BELA VISTA I,7p1df
RUA 013 CONJ PEDRA MOLE,7p1e
RUA 013 CONJ RAIMUNDO PORTELA,7p1dd
RUA 013 CONJ VELHO MONGE,7p1d
RUA 013 LOT ALPHAVILLE TERESINA,7p1e5
RUA 013 LOT CIDADE 2000,7p1e
RUA 013 LOT GREEN VILLAGE,7p1e5
RUA 013 LOT JULIO SOARES I,7p1d 7p1dd
RUA 013 LOT M DOS MORROS III,7p1e7
RUA 013 LOT NOVA ALEGRIA,7p1d 7p1dd
RUA 013 LOT PARQUE DAS ESPLANADAS,7p1d7
RUA 013 LOT PARQUE IDEAL,7p1dg
RUA 013 LOT PARQUE PORTO ALEGRE,7p1d
RUA 013 LOT PARQUE SUL,7p1dd
RUA 013 LOT PQ DOS NOIVOS,7p1e4
RUA 013 LOT PQ MARIA EDUARDA,7p1d 7p1dd
RUA 013 LOT SANTA TERESA,7p1dd
RUA 013 LOT ST M DA CODIPI,7p1e9
RUA 013 LOT VALE DO GAVIAO LESTE,7p1e7
RUA 013 LOTEAMENTO ALEGRE,7p1e9
RUA 013 LOTEAMENTO JACINTA ANDRADE,7p1e9
RUA 013 LOTEAMENTO MONTE VERDE,7p1e9
RUA 013 PARQUE FIRMINO FILHO,7p1e9
RUA 013 POLO INDUSTRIAL,7p1d7
RUA 013 RES DOM AVELAR,7p1e7
RUA 013 RES VAMOS VER O SOL,7p1d
RUA 013 TERRAS ALPHA TERESINA,7p1e7
RUA 013 VILA MOCAMBINHO,7p1e3
RUA 013 VILA MONTE VERDE,7p1e9
RUA 014 (VH) CONJ RENASCENCA II,7p1dgr 7p1e5
RUA 014 CONJ PEDRA MOLE,7p1e
RUA 014 CONJ RAIMUNDO PORTELA,7p1dd 7p1ddq
RUA 014 ELICIO TERTO,7p1e9
RUA 014 LOT CIDADE 2000,7p1e
RUA 014 LOT GREEN VILLAGE,7p1e5
RUA 014 LOT MILCIADES BEZERRA,7p1d
RUA 014 LOT NOVA ALEGRIA,7p1d 7p1dd
RUA 014 LOT P DAS ESPLANADAS,7p1d7
RUA 014 LOT P FIRMINO FILHO,7p1e9
RUA 014 LOT PARQUE CRISTIANE I,7p1df
RUA 014 LOT PQ MARIA EDUARDA,7p1d 7p1dd
RUA 014 LOT SANTA TERESA,7p1dd
RUA 014 LOT ST M DA CODIPI,7p1e9
RUA 014 LOT VALE DO GAVIAO LESTE,7p1e7
RUA 014 PQ DA DAGMAR MAZZA,7p1dd
RUA 014 RES VAMOS VER O SOL,7p1d
RUA 014 TERRAS ALPHA TERESINA,7p1e7
RUA 014 VILA BANDEIRANTE,7p1e7
RUA 014 VILA MOCAMBINHO,7p1e3
RUA 014 VILA MONTE VERDE,7p1e9
RUA 015 (VH) CONJ RENASCENCA II,7p1dgr 7p1e5
RUA 015 CONJ RAIMUNDO PORTELA,7p1dd 7p1ddq
RUA 015 LOT ALPHAVILLE TERESINA,7p1e5
RUA 015 LOT CIDADE 2000,7p1e
RUA 015 LOT FAZENDA MORROS,7p1e7
RUA 015 LOT GREEN VILLAGE,7p1e5
RUA 015 LOT JULIO SOARES I,7p1d 7p1dd
RUA 015 LOT NOVA ALEGRIA,7p1d
RUA 015 LOT PARQUE IDEAL,7p1dg
RUA 015 LOT PARQUE PORTO ALEGRE,7p1d
RUA 015 LOT PARQUE SUL,7p1dd
RUA 015 LOT PAULO CARNEIRO,7p1e5
RUA 015 LOT PORTO ALEGRE II,7p1d 7p1d7
RUA 015 LOT SANTA TERESA,7p1dd
RUA 015 LOT ST M DA CODIPI,7p1e9
RUA 015 LOT VALE DO GAVIAO,7p1e7
RUA 015 LOT VERDE LAR,7p1e7
RUA 015 POLO INDUSTRIAL,7p1d7
RUA 015 RES DOM AVELAR,7p1e7
RUA 015 RES P BRASIL,7p1e9
RUA 015 RES VAMOS VER O SOL,7p1d
RUA 015 TERRAS ALPHA TERESINA,7p1e7
RUA 015 VILA MOCAMBINHO,7p1e3
RUA 015 VILA MONTE VERDE,7p1e9
RUA 015-A LOT JULIO SOARES I,7p1dd
RUA 016 (VH) CONJ RENASCENCA II,7p1e5
RUA 016 ALTO DA RESSURREICAO,7p1e5
RUA 016 CONJ HAB. RAIMUNDO PORTELLA DE MELO I,7p1dd 7p1ddq
RUA 016 LOT ALPHAVILLE TERESINA,7p1e5
RUA 016 LOT CIDADE 2000,7p1e
RUA 016 LOT FRANCISCA TRINDADE,7p1e9
RUA 016 LOT JULIO SOARES I,7p1d 7p1dd
RUA 016 LOT MAN DOS MORROS,7p1e
RUA 016 LOT PARQUE JACINTA,7p1dd
RUA 016 LOT PARQUE PORTO ALEGRE,7p1d
RUA 016 LOT SANTA TERESA,7p1d 7p1dd
RUA 016 LOT ST M DA CODIPI,7p1e9
RUA 016 LOT VALE DO GAVIAO,7p1e7
RUA 016 LOTEAMENTO ALEGRE,7p1e3
RUA 016 RES P BRASIL,7p1e9
RUA 016 RES PEDRA MOLE,7p1e
RUA 016 RES VAMOS VER O SOL,7p1d
RUA 016 RES VILA MARIA,7p1e7
RUA 016 RESIDENC NOVO HORIZONTE,7p1dg
RUA 016 TERRAS ALPHA TERESINA,7p1e5 7p1e7
RUA 016 VILA MONTE VERDE,7p1e9
RUA 016-B LOT JULIO SOARES I,7p1dd
RUA 016-C LOT JULIO SOARES I,7p1dd
RUA 017 CONJ JOSE F DE A NETO,7p1e3
RUA 017 CONJ PARQUE PIAUI,7p1df
RUA 017 CONJ RAIMUNDO PORTELA,7p1ddq
RUA 017 CONJ RES NOVO HORIZONTE,7p1dg
RUA 017 GILBERTO MENDES FARIAS,7p1e9
RUA 017 LOT ALPHAVILLE TERESINA,7p1e5
RUA 017 LOT CIDADE 2000,7p1e
RUA 017 LOT JOAO PAULO II,7p1dd
RUA 017 LOT JULIO SOARES I,7p1d 7p1dd
RUA 017 LOT NOVA ALEGRIA,7p1d 7p1dd
RUA 017 LOT PARQUE REGINA,7p1e
RUA 017 LOT PARQUE SUL,7p1d 7p1dd
RUA 017 LOT PQ M EDUARDA,7p1dd
RUA 017 LOT SANTA TERESA,7p1dd 7p1dg
RUA 017 LOT VALE DO GAVIAO,7p1e7
RUA 017 LOTEAMENTO ALEGRE,7p1e3 7p1e9
RUA 017 LOTEAMENTO P ALEGRIA VI,7p1d7
RUA 017 RES PQ BRASIL,7p1e9
RUA 017 RES TODOS OS SANTOS,7p1dg
RUA 017 RES VAMOS VER O SOL,7p1d
RUA 017 VILA IRMA DULCE,7p1d
RUA 017-A LOT JULIO SOARES I,7p1dd
RUA 018 CONJ PARQUE PIAUI,7p1dd
RUA 018 CONJ RAIMUNDO PORTELA,7p1ddq
RUA 018 CONJ REDONDA,7p1e5
RUA 018 LOT ALPHAVILLE TERESINA,7p1e5
RUA 018 LOT CIDADE 2000,7p1e
RUA 018 LOT GREEN VILLAGE,7p1e5
RUA 018 LOT JACINTA ANDRADE,7p1e9
RUA 018 LOT JARDIM DO VALE,7p1e7
RUA 018 LOT JULIO SOARES,7p1d 7p1dd
RUA 018 LOT NOVA ALEGRIA,7p1d 7p1dd
RUA 018 LOT P FIRMINO FILHO,7p1e9
RUA 018 LOT PARQUE PORTO ALEGRE,7p1d
RUA 018 LOT PARQUE SUL,7p1d
RUA 018 LOT PQ MARIA EDUARDA,7p1d 7p1dd
RUA 018 LOT VALE DO GAVIAO,7p1e7
RUA 018 LOTEAMENTO ALEGRE,7p1e3
RUA 018 LOTEAMENTO P ALEGRIA VI,7p1d7
RUA 018 LOTEAMENTO SANTA TERESA,7p1d 7p1dd 7p1dg
RUA 018 RES PQ BRASIL,7p1e9
RUA 018 RESID FREI DAMIAO,7p1e5
RUA 018 TERRAS ALPHA TERESINA,7p1e7
RUA 018 VERDE LAR,7p1e7
RUA 018 VILA DA PAZ,7p1df 7p1dfk
RUA 018 VILA MONTE VERDE,7p1e3 7p1e9
RUA 018-B LOT JULIO SOARES I,7p1dd
RUA 019 CONJ JOSE F DE A NETO,7p1e3 7p1e3v
RUA 019 CONJ PROMORAR,7p1ddq
RUA 019 CONJ SACI,7p1df0
RUA 019 LOT ALPHAVILLE TERESINA,7p1e5
RUA 019 LOT CIDADE 2000,7p1e
RUA 019 LOT JACINTA ANDRADE,7p1e9
RUA 019 LOT JARDIM DO VALE,7p1e7
RUA 019 LOT JULIO SOARES I,7p1dd
RUA 019 LOT NOVA ALEGRIA,7p1d 7p1dd
RUA 019 LOT PARQUE FIRMINO FILHO,7p1e9
RUA 019 LOT PARQUE MAO SANTA,7p1e5
RUA 019 LOT PARQUE PORTO ALEGRE,7p1d
RUA 019 LOT PARQUE SUL,7p1d
RUA 019 LOT PORTAL DA ALEGRIA VI,7p1d7
RUA 019 LOT PQ MARIA EDUARDA,7p1d 7p1dd
RUA 019 LOT SANTA TERESA,7p1dd
RUA 019 LOT VALE DO GAVIAO,7p1e7
RUA 019 LOTEAMENTO ALEGRE,7p1e3
RUA 019 RES VILA BANDEIRANTE,7p1e7
RUA 019 RESID NOVO HORIZONTE,7p1dg
RUA 019 TERRAS ALPHA TERESINA,7p1e7
RUA 019 VILA DA PAZ,7p1df 7p1dfk
RUA 019 VILA MONTE VERDE,7p1e3
RUA 019 VILA PARIS,7p1dgr
RUA 02 CONJ PARQUE PIAUI,7p1dd
RUA 020 CONJ JOSE F DE A NETO,7p1e3 7p1e3v
RUA 020 CONJ PARQUE PIAUI,7p1dd
RUA 020 CONJ RAIMUNDO PORTELA,7p1ddq
RUA 020 CONJ SACI,7p1df0
RUA 020 LOT ALPHAVILLE TERESINA,7p1e5
RUA 020 LOT CIDADE 2000,7p1e
RUA 020 LOT JULIO SOARES,7p1dd
RUA 020 LOT MIRANTE DOS MORROS,7p1e7
RUA 020 LOT NOVA ALEGRIA,7p1d 7p1dd
RUA 020 LOT PARQUE JACINTA,7p1d 7p1dd
RUA 020 LOT PARQUE SUL,7p1d
RUA 020 LOT SANTA TERESA,7p1d 7p1dd
RUA 020 LOT VALE DO GAVIAO LESTE,7p1e7
RUA 020 LOTEAMENTO ALEGRE,7p1e9
RUA 020 LOTEAMENTO PARQUE MAO SANTO,7p1e5
RUA 020 RES SANTA SOFIA,7p1e 7p1e3v
RUA 020 TERRAS ALPHA TERESINA,7p1e7
RUA 020 VILA MONTE VERDE,7p1e3
RUA 021 CONJ JOSE F DE A NETO,7p1e3v
RUA 021 CONJ PARQUE PIAUI,7p1dd
RUA 021 CONJ RAIMUNDO PORTELA,7p1ddq
RUA 021 LOT ALPHAVILLE TERESINA,7p1e5
RUA 021 LOT JULIO SOARES I,7p1d 7p1dd
RUA 021 LOT NOVA ALEGRIA,7p1d 7p1dd
RUA 021 LOT PQ BRASIL,7p1e9
RUA 021 LOT PQ MARIA EDUARDA,7p1d
RUA 021 LOT VALE DO GAVIAO LESTE,7p1e7
RUA 021 LOTEAMENTO ALEGRE,7p1e9
RUA 021 RES VAMOS VER O SOL,7p1d
RUA 021 RESID FREI DAMIAO,7p1e5
RUA 021 RUA MANOEL EDUARDO DA SILVA,7p1e9
RUA 021 TERRAS ALPHA TERESINA,7p1e7
RUA 021 VILA CIDADE LESTE,7p1e7
RUA 021 VILA MONTE VERDE,7p1e3
RUA 022 CONJ JOSE F DE A NETO,7p1e3v
RUA 022 CONJ PARQUE PIAUI,7p1dd
RUA 022 CONJ RAIMUNDO PORTELA,7p1ddq
RUA 022 CONJ SACI,7p1df0
RUA 022 LOT ALPHAVILLE TERESINA,7p1e5
RUA 022 LOT CIDADE 2000,7p1e
RUA 022 LOT JULIO SOARES I,7p1d
RUA 022 LOT NOVA ALEGRIA,7p1d
RUA 022 LOT PARQUE SUL,7p1d
RUA 022 LOT PQ BRASIL,7p1e9
RUA 022 LOT VALE DO GAVIAO LESTE,7p1e7
RUA 022 LOTEAMENTO ALEGRE,7p1e3 7p1e9
RUA 022 LOTEAMENTO JACINTA ANDRADE,7p1e9
RUA 022 RES VAMOS VER O SOL,7p1d
RUA 022 RESID FREI DAMIAO,7p1e5
RUA 022 TERRAS ALPHA TERESINA,7p1e7
RUA 022 VILA MONTE VERDE,7p1e3
RUA 023 CONJ PARQUE PIAUI,7p1dd
RUA 023 CONJ RAIMUNDO PORTELA,7p1ddq
RUA 023 LOT ALPHAVILLE TERESINA,7p1e5
RUA 023 LOT ESPLANADA DO URUGUAI,7p1e5
RUA 023 LOT JULIO SOARES,7p1d
RUA 023 LOT NOVA ALEGRIA,7p1d
RUA 023 LOT PARQUE SUL,7p1dg
RUA 023 LOT VALE DO GAVIAO LESTE,7p1e7
RUA 023 RES VAMOS VER O SOL,7p1d
RUA 023 RESID FREI DAMIAO,7p1e5
RUA 023 TERRAS ALPHA TERESINA,7p1e7
RUA 023 VILA CIDADE LESTE,7p1e7
RUA 023 VILA MONTE VERDE,7p1e3
RUA 024 CONJ JOSE F DE A NETO,7p1e3v
RUA 024 CONJ PARQUE PIAUI,7p1dd
RUA 024 CONJ RAIMUNDO PORTELA,7p1ddq
RUA 024 CONJ SACI,7p1df0
RUA 024 LOT ALPHAVILLE TERESINA,7p1e5
RUA 024 LOT CIDADE 2000,7p1e
RUA 024 LOT ESPLANADA DO URUGUAI,7p1e5
RUA 024 LOT JULIO SOARES,7p1d
RUA 024 LOT NOVA ALEGRIA,7p1d
RUA 024 LOT VALE DO GAVIAO LESTE,7p1e7
RUA 024 RES VAOMOS VER O SOL,7p1d
RUA 024 RESID FREI DAMIAO,7p1e5
RUA 024 TERRAS ALPHA TERESINA,7p1e7
RUA 024 VILA MONTE VERDE,7p1e3
RUA 025 CONJ HAB RAIMUNDO PORTELA,7p1ddq
RUA 025 CONJ JOSE F DE A NETO,7p1e3v
RUA 025 LOT ALPHAVILLE TERESINA,7p1e5
RUA 025 LOT CIDADE 2000,7p1e
RUA 025 LOT ESP  URUGUAI,7p1e5
RUA 025 LOT JACINTA ANDRADE,7p1e9
RUA 025 LOT MIRANTE DOS MORROS,7p1e7
RUA 025 LOT NOVA ALEGRIA,7p1d
RUA 025 RES PARQUE BRASIL I,7p1e9
RUA 025 RES VAMOS VER O SOL,7p1d
RUA 025 RESID FREI DAMIAO,7p1e5
RUA 025 VILA MONTE VERDE,7p1e3
RUA 026 CONJ HAB. RAIMUNDO P. DE MELLO,7p1ddq
RUA 026 CONJ JOSE F DE A NETO,7p1e3v
RUA 026 LOT CIDADE 2000,7p1e
RUA 026 LOT JATOBA II,7p1dd
RUA 026 LOT JULIO SOARES I,7p1d
RUA 026 LOT NOVA ALEGRIA,7p1d 7p1dg
RUA 026 LOT VALE DO GAVIAO,7p1e7
RUA 026 LOT VERDE LAR,7p1e7
RUA 026 RENASCENCA,7p1e5
RUA 026 RES VAMOS VER O SOL,7p1d
RUA 026 RESID FREI DAMIAO,7p1e5
RUA 026 TERRAS ALPHAVILLE TERESINA,7p1e7
RUA 026 VILA MONTE VERDE,7p1e3
RUA 027 CONJ JOSE F DE A NETO,7p1e3v
RUA 027 CONJ RAIMUNDO PORTELA,7p1ddq
RUA 027 LOT JULIO SOARES I,7p1d
RUA 027 LOT NOVA ALEGRIA,7p1d 7p1dg
RUA 027 LOT VALE DO GAVIAO,7p1e7
RUA 027 RES VAMOS VER O SOL,7p1d
RUA 027 TERRAS ALPHA TERESINA,7p1e7
RUA 027 VILA BANDEIRANTE,7p1e7
RUA 027 VILA MONTE VERDE,7p1e3
RUA 028 CONJ JOSE F DE A NETO,7p1e3v
RUA 028 CONJ RAIMUNDO PORTELA,7p1ddq
RUA 028 CONJ SACI,7p1d
RUA 028 LOT ESPLANADA DO URUGUAI,7p1e5 7p1e7
RUA 028 LOT NOVA ALEGRIA,7p1dg
RUA 028 LOTEAMENTO JACINTA ANDRADE,7p1e9
RUA 028 RES VAMOS VER O SOL,7p1d
RUA 028 TERRAS ALPHA TERESINA,7p1e7
RUA 028 VILA BANDEIRANTE,7p1e7
RUA 028 VILA MONTE VERDE,7p1e9
RUA 029 CONJ JOSE F DE A NETO,7p1e3v
RUA 029 CONJ RAIMUNDO PORTELA,7p1ddq
RUA 029 LOT ESP  URUGUAI,7p1e5
RUA 029 LOT PARQUE SUL,7p1dg
RUA 029 LOT VALE DO GAVIAO,7p1e7
RUA 029 LOTEAMENTO JACINTA ANDRADE,7p1e9
RUA 029 PARQUE BRASIL III,7p1e3
RUA 029 RES VAMOS VER O SOL,7p1d
RUA 029 TERRAS ALPHA TERESINA,7p1e7
RUA 029 VERDE LAR,7p1e7
RUA 030 CONJ JOSE F DE A NETO,7p1e3v
RUA 030 CONJ RAIMUNDO PORTELA,7p1ddq
RUA 030 LOT MIRANTE DOS MORROS,7p1e7
RUA 030 LOT NOVA ALEGRIA,7p1dg
RUA 030 LOT PARQUE SUL,7p1dg
RUA 030 RES VAMOS VER O SOL,7p1d
RUA 030 TERRAS ALPHA TERESINA,7p1e7
RUA 030 VILA CIDADE LESTE,7p1e7
RUA 031 CIDADE LESTE,7p1e7
RUA 031 CONJ JOSE F DE A NETO,7p1e3v
RUA 031 CONJ PARQUE PIAUI,7p1dd
RUA 031 CONJ RAIMUNDO PORTELA,7p1dd 7p1ddq
RUA 031 LOT NOVA ALEGRIA,7p1dg
RUA 031 LOT VALE DO GAVIAO,7p1e7
RUA 031 LOTEAMENTO JACINTA ANDRADE,7p1e9
RUA 031 LOTEAMENTO MONTE VERDE,7p1e9
RUA 031 RES PARQUE BRASIL I,7p1e9
RUA 031 TERRAS ALPHA TERESINA,7p1e5 7p1e7
RUA 031 VILA BANDEIRANTE,7p1e7
RUA 032 CONJ PARQUE PIAUI,7p1dd
RUA 032 CONJ RAIMUNDO PORTELA,7p1dd 7p1ddq
RUA 032 DESM VALE DO SOL NASCENTE,7p1df 7p1e4
RUA 032 LOT ESPLAN DO URUGUAI,7p1e5
RUA 032 LOT FAZENDA MORROS,7p1e
RUA 032 LOT JACINTA ANDRADE,7p1e9
RUA 032 LOT NOVA ALEGRIA,7p1dg
RUA 032 LOTEAMENTO MONTE VERDE,7p1e9
RUA 032 TERRAS ALPHA TERESINA,7p1e7
RUA 033 CONJ HAB R P DE MELO,7p1dd 7p1ddq
RUA 033 CONJ JOSE F DE A NETO,7p1e3v
RUA 033 LOT FAZENDA MORROS,7p1e
RUA 033 LOT NOVA ALEGRIA,7p1dg
RUA 033 LOT VALE DO GAVIAO,7p1e7
RUA 033 LOTEAMENTO JACINTA ANDRADE,7p1e9
RUA 033 LOTEAMENTO MONTE VERDE,7p1e9
RUA 033 RES FREI DAMIAO,7p1e5
RUA 033 RES PARQUE BRASIL I,7p1e9
RUA 033 TERRAS ALPHA TERESINA,7p1e7
RUA 033 VILA MONTE VERDE,7p1e9
RUA 034 CONJ JOSE F DE A NETO,7p1e3v
RUA 034 CONJ PARQUE PIAUI,7p1df
RUA 034 CONJ RAIMUNDO PORTELA,7p1dd 7p1ddq
RUA 034 LOT NOVA ALEGRIA,7p1dg
RUA 034 LOT VALE DO GAVIAO,7p1e7
RUA 034 LOTEAMENTO JACINTA ANDRADE,7p1e9
RUA 034 LOTEAMENTO MONTE VERDE,7p1e9
RUA 034 TERRAS ALPHA TERESINA,7p1e5 7p1e7
RUA 035 CONJ JOSE F DE A NETO,7p1e3v
RUA 035 CONJ RAIMUNDO PORTELLA DE MELO,7p1dd 7p1ddq
RUA 035 LOT NOVA ALEGRIA,7p1dg
RUA 035 LOT VALE DO GAVIAO,7p1e7
RUA 035 LOTEAMENTO JACINTA ANDRADE,7p1e9
RUA 035 LOTEAMENTO MONTE VERDE,7p1e9
RUA 035 VILA BANDEIRANTE II,7p1e7
RUA 035 VILA MONTE VERDE,7p1e9
RUA 036 CONJ JOSE F DE A NETO,7p1e3 7p1e3v
RUA 036 CONJ PARQUE PIAUI,7p1dd
RUA 036 CONJ RAIMUNDO PORTELA,7p1dd
RUA 036 LOT NOVA ALEGRIA,7p1dg
RUA 036 LOT VALE DO GAVIAO,7p1e7
RUA 036 LOTEAMENTO JACINTA ANDRADE,7p1e9
RUA 036 LOTEAMENTO MONTE VERDE,7p1e9
RUA 037 LOT JACINTA ANDRADE,7p1e9
RUA 037 LOT NOVA ALEGRIA,7p1dg
RUA 037 LOTEAMENTO MONTE VERDE,7p1e9
RUA 037 VALE DO GAVIAO,7p1e7
RUA 037 VILA MONTE VERDE,7p1e3
RUA 038 CONJ JOSE F DE A NETO,7p1e3 7p1e3v
RUA 038 LOT NOVA ALEGRIA,7p1dg
RUA 038 LOT VALE DO GAVIAO,7p1e7
RUA 038 LOTEAMENTO MONTE VERDE,7p1e9
RUA 039 LOT NOVA ALEGRIA,7p1dg
RUA 039 LOTEAMENTO JACINTA ANDRADE,7p1e9
RUA 039 LOTEAMENTO MONTE VERDE,7p1e9
RUA 039 VALE DO GAVIAO,7p1e7
RUA 04 CONJ PARQUE PIAUI,7p1dd
RUA 040 CONJ DIRCEU I,7p1df 7p1dg 7p1e4 7p1e5
RUA 040 CONJ JOSE F DE A NETO,7p1e3 7p1e3v
RUA 040 CONJ PROMORAR,7p1dd 7p1ddq
RUA 040 LOT JACINTA ANDRADE,7p1e9
RUA 040 LOT NAYLANDIA,7p1e5
RUA 040 LOT NOVA ALEGRIA,7p1dg
RUA 040 LOT VALE DO GAVIAO,7p1e7
RUA 040 LOT VILA URUGUAI,7p1e5 7p1e7
RUA 040 LOTEAMENTO MONTE VERDE,7p1e9
RUA 041 CONJ JOSE F DE A NETO,7p1e3 7p1e3v
RUA 041 CONJ RAIMUNDO PORTELA,7p1dd
RUA 041 CONJ SACI,7p1d
RUA 041 LOT JACINTA ANDRADE,7p1e9
RUA 041 LOT NOVA ALEGRIA,7p1dg
RUA 041 LOT VALE DO GAVIAO,7p1e7
RUA 041 LOTEAMENTO MONTE VERDE,7p1e9
RUA 042 CONJ JOSE F DE A NETO,7p1e3 7p1e3v
RUA 042 LOT NOVA ALEGRIA,7p1dg
RUA 042 LOT VALE DO GAVIAO,7p1e7
RUA 043 CONJ JOSE F DE A NETO,7p1e3 7p1e3v
RUA 043 LOT NOVA ALEGRIA,7p1dg
RUA 043 LOT VALE DO GAVIAO,7p1e7
RUA 043A LOTEAMENTO JACINTA ANDRADE,7p1e9
RUA 043B LOT.JACITA ANDRADE,7p1e9
RUA 044 B CONJ BOA ESPERANCA II,7p1e5
RUA 044 CONJ JOSE F DE A NETO,7p1e3
RUA 044 CONJ RAIMUNDO PORTELA,7p1dd
RUA 044 LOT NOVA ALEGRIA,7p1dg
RUA 044 LOTEAMENTO JACINTA ANDRADE,7p1e9
RUA 044A LOT JACINTA ANDRADE,7p1e9
RUA 044B CONJ HAB BOA ESPERANCA II,7p1e5
RUA 044D LOT JACINTA ANDRADE,7p1e9
RUA 045A LOTEAMENTO JACINTA ANDRAD,7p1e9
RUA 045C LOTEAMENTO JACINTA ANDRAD,7p1e9
RUA 046 CONJ JOSE F DE A NETO,7p1e3
RUA 046 CONJ RAIMUNDO PORTELA DE MELLO,7p1dd
RUA 046 CONJ SACI,7p1d
RUA 046 LOTEAMENTO JACINTA ANDRADE,7p1e9
RUA 047 LOTEAMENTO JACINTA ANDRADE,7p1e9
RUA 048 CONJ SACI,7p1d
RUA 049 CONJ PARQUE PIAUI,7p1df
RUA 049 CONJ SACI,7p1d
RUA 05,7p1df
RUA 050 LOT MIRANTE DOS MORROS,7p1e7
RUA 050 LOT PARQUE PIONEIRO,7p1dd
RUA 051 CONJ JOSE F DE A NETO,7p1e3
RUA 052 CONJ JOSE F DE A NETO,7p1e3
RUA 052 CONJ PARQUE PIAUI,7p1df
RUA 052 CONJ SACI,7p1d
RUA 052 VILA IRMA DULCE,7p1d
RUA 053 CONJ HAB RAIMUNDO P DE MELO,7p1dd
RUA 053 CONJ SACI,7p1df0
RUA 054 CONJ DIRCEU II,7p1df 7p1dg
RUA 054 CONJ PARQUE PIAUI,7p1df
RUA 054 CONJ RAIMUNDO PORTELA,7p1dd
RUA 054 CONJ SACI,7p1df0
RUA 055 CONJ RAIMUNDO PORTELA DE MELLO,7p1dd
RUA 055 CONJ SACI,7p1df0
RUA 056 CONJ PARQUE PIAUI,7p1dd 7p1df
RUA 056 CONJ RAIMUNDO PORTELLA DE MELO,7p1dd
RUA 056 CONJ SACI,7p1df0
RUA 057 CONJ JOSE F DE A NETO,7p1e3
RUA 057 CONJ PARQUE PIAUI,7p1df0
RUA 057 CONJ RAIMUNDO PORTELA,7p1dd
RUA 058 CONJ JOSE F DE A NETO,7p1e3 7p1e3v
RUA 058 CONJ RAIMUNDO PORTELA,7p1dd
RUA 058 CONJ SACI,7p1df0
RUA 058 VILA IRMA DULCE,7p1d
RUA 059 CONJ PARQUE PIAUI,7p1df
RUA 059 HAB RAIUNDO P DE MELO I,7p1dd
RUA 06,7p1df0
RUA 060 CONJ DIRCEU II,7p1df
RUA 060 CONJ RAIMUNDO PORTELA,7p1dd
RUA 060 CONJ SACI,7p1df0
RUA 060 LOT MIRANTE DOS MORROS,7p1e7
RUA 061 CONJ JOSE F DE A NETO,7p1e3
RUA 061 CONJ RAIMUNDO PORTELA,7p1dd 7p1ddq
RUA 061 CONJ SACI,7p1df0
RUA 062 CONJ RAIMUNDO PORTELA,7p1dd 7p1ddq
RUA 063 CONJ PARQUE PIAUI,7p1dd
RUA 063 CONJ RAIMUNDO PORTELA,7p1ddq
RUA 063 CONJ SACI,7p1df0
RUA 064 CONJ PARQUE PIAUI,7p1dd
RUA 064 CONJUNTO DIRCEU II,7p1dfy
RUA 065 CONJ RAIMUNDO PORTELA,7p1dd
RUA 065 CONJ.SACI,7p1df0
RUA 066 CONJ PARQUE PIAUI,7p1dd
RUA 066 CONJ RAIMUNDO PORTELA,7p1dd
RUA 067 CONJ PARQUE PIAUI,7p1dd
RUA 067 CONJ RAIMUNDO PORTELA,7p1dd
RUA 067 CONJ SACI,7p1df0
RUA 068 CONJ PARQUE PIAUI,7p1dd
RUA 068 CONJ RAIMUNDO PORTELA,7p1dd
RUA 068 CONJ SACI,7p1df0
RUA 069 CONJ PARQUE PIAUI,7p1dd
RUA 069 CONJ RAIMUNDO PORTELA,7p1dd 7p1ddq
RUA 069 CONJ SACI,7p1df0
RUA 07 CONJ PARQUE PIAUI,7p1dd
RUA 07 LOT BELTERRA II,7p1dg 7p1e5
RUA 070 CONJ RAIMUNDO PORTELA,7p1dd 7p1ddq
RUA 070 LOT MIRANTE DOS MORROS,7p1e7
RUA 071 CONJ PARQUE PIAUI,7p1dd 7p1df
RUA 071 CONJ RAIMUNDO PORTELA,7p1dd 7p1ddq
RUA 072 CONJ PARQUE PIAUI,7p1dd
RUA 072 CONJ RAIMUNDO PORTELA,7p1dd 7p1ddq
RUA 072 CONJ SACI,7p1df0
RUA 073,7p1dd 7p1ddq
RUA 073 CONJ PARQUE PIAUI,7p1dd
RUA 073 CONJ SACI,7p1df0
RUA 074 CONJ HAB RAIMUNDO P DE MELO,7p1dd 7p1ddq
RUA 074 CONJ PARQUE PIAUI,7p1dd 7p1df
RUA 074 CONJ SACI,7p1df0
RUA 075 CONJ PARQUE PIAUI,7p1dd
RUA 075 CONJ RAIMUNDO PORTELA,7p1dd 7p1ddq
RUA 075 CONJ SACI,7p1df0
RUA 076 CONJ PARQUE PIAUI,7p1dd
RUA 076 CONJ RAIMUNDO PORTELA,7p1dd 7p1ddq
RUA 076 CONJ SACI,7p1df0
RUA 077 CONJ RAIMUNDO PORTELA,7p1dd 7p1ddq
RUA 078 CONJ PARQUE PIAUI,7p1dd 7p1df
RUA 078 CONJ RAIMUNDO PORTELA DE MELO,7p1dd 7p1ddq
RUA 078 CONJ SACI,7p1df0
RUA 079 CONJ PARQUE PIAUI,7p1dd
RUA 079 CONJ RAIMUNDO PORTELA,7p1ddq
RUA 079 CONJ SACI,7p1df0
RUA 07B VILA SANTA RITA,7p1ddq
RUA 080 CONJ PARQUE PIAUI,7p1dd
RUA 080 CONJ RAIMUNDO PORTELA,7p1ddq
RUA 080 CONJ SACI,7p1df0
RUA 080 LOT MIRANTE DOS MORROS,7p1e7
RUA 081 CONJ PARQUE PIAUI,7p1dd 7p1df
RUA 081 CONJ RAIMUNDO PORTELA,7p1ddq
RUA 081 CONJ SACI,7p1d
RUA 082 CONJ RAIMUNDO PORTELA DE MELLO,7p1ddq
RUA 083 CONJ SACI,7p1d
RUA 084 CONJ PARQUE PIAUI,7p1df
RUA 084 CONJ RAIMUNDO PORTELA,7p1ddq
RUA 084 CONJ SACI,7p1d
RUA 085 CONJ PARQUE PIAUI,7p1dd
RUA 086 CONJ PARQUE PIAUI,7p1dd
RUA 086 CONJ RAIMUNDO PORTELA,7p1dd 7p1ddq
RUA 087 CONJ PROMORAR,7p1dd 7p1ddq
RUA 09 CONJ PARQUE PIAUI,7p1dd
RUA 090 CONJ PARQUE PIAUI,7p1dd 7p1df
RUA 090 CONJ RAIMUNDO PORTELA,7p1ddq
RUA 091 CONJ PARQUE PIAUI,7p1dd
RUA 091 CONJ RAIMUNDO PORTELA,7p1ddq
RUA 092 CONJ RAIMUNDO PORTELA,7p1ddq
RUA 093 CONJ RAIMUNDO PORTELA,7p1ddq
RUA 094 CONJ RAIMUNDO PORTELA,7p1dd 7p1ddq
RUA 095 CONJ PARQUE PIAUI,7p1df
RUA 095 CONJ RAIMUNDO PORTELA,7p1ddq
RUA 096 CONJ HAB PARQUE PIAUI,7p1dd
RUA 097 CONJ PARQUE PIAUI,7p1dd
RUA 097 CONJ RAIMUNDO PORTELA,7p1ddq
RUA 098 CONJ RAIMUNDO PORTELA DE MELO,7p1ddq
RUA 099 CONJ PARQUE PIAUI,7p1dd
RUA 099 CONJ RAIMUNDO PORTELA,7p1ddq
RUA 0IX LOT PARQUE DO SOL,7p1e5
RUA 10 CONJ. PARQUE PIAUI,7p1dd
RUA 100 CONJ PARQUE PIAUI,7p1dd
RUA 100 CONJ RAIMUNDO PORTELA,7p1ddq
RUA 100 LOT PARQUE PIONEIRO,7p1dd
RUA 1000 LOT MIRANTE DOS MORROS,7p1e7
RUA 1000 PARQUE PIONEIRO,7p1dd
RUA 10000 LOT MIRANTE DOS MORROS,7p1e7
RUA 101 CONJ DIRCEU II,7p1df
RUA 101 CONJ RAIMUNDO PORTELA,7p1ddq
RUA 102 CONJ RAIMUNDO PORTELA,7p1ddq
RUA 103 CONJ DIRCEU II,7p1df 7p1dg
RUA 103 CONJ RAIMUNDO PORTELA DE MELLO,7p1ddq
RUA 104 CONJ RAIMUNDO PORTELA,7p1dd 7p1ddq
RUA 105 CONJ PARQUE PIAUI,7p1dd
RUA 105 CONJ RAIMUNDO PORTELA,7p1dd 7p1ddq
RUA 106 CONJ ANGELIM II,7p1dd 7p1ddq
RUA 107 CONJ ANGELIM I,7p1dd 7p1ddq
RUA 108 CONJ PARQUE PIAUI,7p1dd
RUA 109 CONJ ANGELIM II,7p1dd
RUA 112 CONJ PARQUE PIAUI,7p1df
RUA 119 CONJ DIRCEU II,7p1dg
RUA 120 CONJ PARQUE PIAUI,7p1dd
RUA 121 CONJ PARQUE PIAUI,7p1dd
RUA 122 DIRCEU II,7p1df
RUA 124 CONJ DIRCEU II,7p1dg
RUA 126 CONJ DIRCEU II,7p1dg
RUA 127 - VILA BOM JESUS,7p1e5
RUA 17 CONJ PARQUE PIAUI,7p1dd
RUA 200 LOT MIRANTE DOS MORROS,7p1e7
RUA 2A LOT PARQUE PIONEIRO,7p1d
RUA 3000 LOT MIRANTE DOS MORROS,7p1e7
RUA 33 RESID PARQUE PIAUI,7p1df
RUA 4 000 LOT MIRANTE DOS MORROS,7p1e7
RUA 5 000 LOT MIRANTE DOS MORROS,7p1e7
RUA 500 PARQUE PIONEIRO,7p1dd
RUA 51 CONJ PARQUE PIAUI,7p1df
RUA 55 CONJ PARQUE PIAUI,7p1df
RUA 6 000 LOT MIRANTE DOS MORROS,7p1e7
RUA 600 LOT PARQUE PIONEIRO,7p1dd
RUA 7 000 LOT MIRANTE DOS MORROS,7p1e7
RUA 8000 LOT MIRANTE DOS MORROS,7p1e7
RUA 88 CONJ RAIMUNDO PORTELA,7p1dd 7p1ddq
RUA 9 000 LOT MIRANTE DOS MORROS,7p1e7
RUA A,7p1dd 7p1e3
RUA A - VILA FIRMINO FILHO,7p1e3
RUA A ANGELIM,7p1dd
RUA A CONJ SAO RAIMUNDO,7p1df 7p1e4
RUA A DISTRITO INDUSTRIAL,7p1dd
RUA A LOT JULIO SOARES,7p1dd
RUA A LOT PINDORAMA,7p1e5
RUA A LOT SAO RAIMUNDO,7p1e4
RUA A PARQUE DAGMAR MAZZA,7p1dd
RUA A PARQUE PIONEIRO,7p1dd
RUA A VILA PANTANAL II,7p1e1r
RUA A VILA PQ PROMORAR,7p1dd
RUA A VILA SANTA CRUZ,7p1dd
RUA AARAO PARENTE,7p1e
RUA ABDON NUNES,7p1df
RUA ABEL LIMA DE SANTANA,7p1e 7p1e7
RUA ABIB SALIM TAJRA,7p1e1
RUA ABMAEL ALVES DUARTE,7p1df
RUA ABSOLUTA,7p1e
RUA ACACIA,7p1e 7p1e4
RUA ACACIA  SANTA,7p1d
RUA ACADEMICO J MIGUEL DE MATOS,7p1e7
RUA ACARAU,7p1e9
RUA ACARI,7p1df
RUA ACELINO RIBEIRO,7p1dfk
RUA ACESIO DO REGO MONTEIRO,7p1e4
RUA ACILINO LEITE  DENTISTA,7p1dd
RUA ACINETHE CAMPOS,7p1df
RUA ACRE,7p1e4
RUA ACRISIO DE SOUSA SA,7p1df 7p1dfk
RUA ADALBERTO SANTOS,7p1e 7p1e3
RUA ADALGISO SOARES,7p1df
RUA ADAO MEDEIROS SOARES,7p1dg
RUA ADEILANDIA,7p1e7
RUA ADELIA  SANTA,7p1e3e
RUA ADELIA SALOMAO DA COSTA,7p1dg
RUA ADELIA SOARES,7p1df
RUA ADOLFO ALENCAR,7p1e4
RUA ADOLFO BASILIO,7p1e3 7p1e3v
RUA ADOLFO CHAVES,7p1d 7p1dd
RUA ADOLFO UCHOA NETO,7p1e4
RUA ADRIANO  SANTO,7p1e7
RUA ADRIANOPOLIS,7p1e7
RUA ADUSTINA,7p1e
RUA ADVOGADA LILIAN SAMARA,7p1e5
RUA ADVOGADO ADOLFO ALENCAR,7p1e5
RUA ADVOGADO DAUZICO PEREIRA,7p1df
RUA ADVOGADO EDSON CALDAS,7p1df
RUA ADVOGADO EDUARDO DE CASTRO NEIVA,7p1e
RUA ADVOGADO JOAQUIM MACHADO COELHO,7p1dg
RUA ADVOGADO JORGE BARGUIL,7p1dg
RUA ADVOGADO JOSE FORTES N DO REGO,7p1dg
RUA ADVOGADO NONATO PEDREIRA,7p1dg
RUA ADVOGADO OCILIO LAGO JUNIOR,7p1e5
RUA ADVOGADO PEDRO BRITO,7p1e1 7p1e1r
RUA ADVOGADO PLINIO CLERTON,7p1e7
RUA ADVOGADO RENE DOS SANTOS ROCHA,7p1dg
RUA AERTON FERNANDES,7p1e9
RUA AFONSO FERREIRA CAMPOS,7p1d
RUA AFONSO GIL,7p1e9
RUA AFONSO MENDES DE CARVALHO,7p1dg
RUA AFONSO MOURA,7p1e4
RUA AFONSO PENA,7p1df
RUA AFONSO PEREIRA LIMA,7p1dd
RUA AGENOR VELOSO,7p1df
RUA AGENTE PAGADOR MANOEL PROBO,7p1dg
RUA AGNELO PEREIRA DA SILVA,7p1e4
RUA AGOSTINHO ALVES,7p1e4
RUA AGOSTINHO DE MORAIS,7p1e1
RUA AGRESTINA,7p1dd
RUA AGRICOLANDIA - BELA VISTA,7p1df
RUA AGRICOLANDIA - SANTO ANTONIO,7p1dd
RUA AGRICULTOR ALBERTO VERISSIMO,7p1dg 7p1e5
RUA AGRIMENSOR BOAVISTA,7p1e3
RUA AGRIMENSOR RAIMUNDO COUTINHO,7p1e
RUA AGRIPINO LOPES CASTELO BRANCO,7p1e7
RUA AGRIPINO MARANHAO,7p1e4
RUA AGUA BRANCA,7p1d7
RUA AIMORE,7p1dfn
RUA ALAGOAS,7p1e1
RUA ALAGOAS - VILA MONDE ALEGRE,7p1e9
RUA ALAIDE MARQUES,7p1e 7p1e4
RUA ALARICO CUNHA,7p1e4
RUA ALBERICO LEAL,7p1e
RUA ALBERONI LEMOS,7p1e1
RUA ALBERTINA,7p1e3e
RUA ALBERTINO NEIVA,7p1e4
RUA ALBERTO BONA NETO,7p1e7
RUA ALBERTO LEAL NUNES,7p1df
RUA ALBERTO SILVA  SENADOR,7p1e
RUA ALBOINO AIRES DE MENEZES,7p1e3
RUA ALCEBIADES SOARES,7p1dg
RUA ALCIDES BENICIO GRAMOSA,7p1e
RUA ALCIDES FREITAS,7p1e1
RUA ALCINO BORGES SOARES,7p1e4
RUA ALDA CASTELO BRANCO,7p1dd
RUA ALECRIM,7p1e4
RUA ALECRIM - SAO CRISTOVAO,7p1e4
RUA ALENCAR VIEIRA,7p1dg
RUA ALEXANDRE GOMES CHAVES,7p1df 7p1dg
RUA ALEXIS DINIZ,7p1e1
RUA ALFA,7p1e1 7p1e3
RUA ALFREDO DA COSTA VELOSO,7p1e3
RUA ALFREDO FERREIRA,7p1e4
RUA ALGAROBA,7p1e3
RUA ALICE MAIA,7p1e4
RUA ALMIR BASTOS,7p1df
RUA ALMIR FONSECA,7p1e1
RUA ALMIRANTE TAMANDARE,7p1e1
RUA ALOISIO LIMA,7p1e
RUA ALONSO PEREIRA DA COSTA,7p1dg
RUA ALTAIR,7p1e5
RUA ALTAMIRA,7p1d7 7p1df
RUA ALTAMIRA DO PARA,7p1e5
RUA ALTAMIRO AREA LEAO,7p1e
RUA ALTEROSAS,7p1e
RUA ALTO DAS ALMAS,7p1e5
RUA ALTO JARDIM,7p1e5
RUA ALTO LONGA,7p1e1 7p1e3
RUA ALTOS,7p1e1 7p1e3 7p1e3e
RUA ALUISIO PIRES DE MELO,7p1dd
RUA ALVARO FERREIRA DE SOUSA,7p1e7
RUA ALVARO FREIRE,7p1df 7p1dfn
RUA ALVARO MARTINS,7p1e4
RUA ALVARO MENDES,7p1e1
RUA ALVARO OLIVEIRA LIMA,7p1dg 7p1dgr 7p1e5
RUA ALVARO PIRES,7p1e4
RUA ALVORADA,7p1e1
RUA ALZIRA NUNES OSTERNES,7p1e3
RUA ALZIRA RIOS MAGALHAES,7p1e4
RUA AMADEUS PAULO,7p1e3 7p1e9
RUA AMAPA,7p1e4
RUA AMARANTE,7p1e1 7p1e3 7p1e3e
RUA AMAURI  MESTRE,7p1df
RUA AMAZONAS,7p1e1
RUA AMELIA BEVILAQUA,7p1e4
RUA AMERICANA,7p1e
RUA AMINTHAS FLORIANO,7p1e3
RUA ANA HELENA BASILIO,7p1dg
RUA ANA MARIA GONCALVES E SILVA,7p1e
RUA ANAILANDIA VILA N S DO ROSARIO II,7p1dd
RUA ANAJAS,7p1e7
RUA ANAJE,7p1e7
RUA ANAMA,7p1e7
RUA ANANILDO SOARES,7p1e3
RUA ANCHIETA,7p1df 7p1e4
RUA ANCHIETA  PADRE,7p1e3
RUA ANCHIETA CORREIA,7p1e3
RUA ANDERSON THIAGO CASTRO,7p1e3 7p1e3e
RUA ANFRISIO AVELINO DO LAGO,7p1e5
RUA ANFRISIO LOBAO,7p1e4
RUA ANGELICA,7p1e4
RUA ANGELICA SILVA,7p1dd
RUA ANGELO FILHO,7p1e4
RUA ANGELO MARTINS PESSOA,7p1e5
RUA ANGICAL,7p1e4
RUA ANGICO,7p1e3
RUA ANGRA,7p1e5
RUA ANILDES PEIXOTO,7p1dg
RUA ANISIO DE ABREU,7p1d 7p1e1
RUA ANISIO PEREIRA,7p1e1r 7p1e3
RUA ANISIO PIRES,7p1e1r 7p1e3
RUA ANITA STERNBERG,7p1d 7p1dd
RUA ANSELMO PERETTI,7p1dg
RUA ANT0NIO FERRO GOMES,7p1df
RUA ANTENOR NOGUEIRA,7p1e1
RUA ANTILHON RIBEIRO SOARES,7p1e4 7p1e5
RUA ANTOLIN GARCIA,7p1e4
RUA ANTONIA FAUSTINO HONORIO,7p1d
RUA ANTONIA FLOR,7p1e9
RUA ANTONIA LISBOA,7p1df
RUA ANTONIA MARQUES LOPES,7p1e9
RUA ANTONIA MEDEIROS DE N  PESSOA,7p1dd
RUA ANTONIA MEDEIROS DE NORONHA,7p1e
RUA ANTONIA MENDES SILVA,7p1e3
RUA ANTONIA MYRIAN EDUARDO PEREIRA,7p1e5
RUA ANTONIETA FERRAZ,7p1e4
RUA ANTONIO ALMEIDA,7p1e1
RUA ANTONIO AREA LEAO,7p1df
RUA ANTONIO BONA,7p1e4
RUA ANTONIO CARDOSO  COMERCIANTE,7p1e 7p1e7
RUA ANTONIO CARLOS OSTERNO,7p1dg
RUA ANTONIO CARNEIRO DOS SANTOS,7p1df
RUA ANTONIO CASTRO FRANCO,7p1e4
RUA ANTONIO CAVOUR DE MIRANDA,7p1df 7p1dfn
RUA ANTONIO CHAVES,7p1e4
RUA ANTONIO DA P COSTA,7p1e5
RUA ANTONIO EULALIO NETO,7p1e5
RUA ANTONIO EVANGELISTA DE SOUSA,7p1dg
RUA ANTONIO FERRAZ,7p1e4
RUA ANTONIO FORTES DE PADUA,7p1d 7p1d7
RUA ANTONIO FRANCISCO VERAS,7p1dd
RUA ANTONIO GOMES CHAVES,7p1df 7p1dg
RUA ANTONIO GREGORIO VERAS,7p1dd
RUA ANTONIO JOSE DA SILVA  ENGENHEIRO,7p1d
RUA ANTONIO JOSE DE SAMPAIO,7p1df
RUA ANTONIO JOSE MOURA,7p1d 7p1d7
RUA ANTONIO LEMOS,7p1df 7p1dfk
RUA ANTONIO MARCELO DA SILVA,7p1e4
RUA ANTONIO MARIA DE SOUSA FORTES,7p1e4
RUA ANTONIO MONTEIRO,7p1e1
RUA ANTONIO MOREIRA DE SOUSA,7p1dfk
RUA ANTONIO NEVES DE MELO,7p1dg 7p1e5
RUA ANTONIO NORBERTO,7p1e9
RUA ANTONIO PEDRO,7p1e1
RUA ANTONIO RAIMUNDO DA PENHA,7p1dg
RUA ANTONIO RAMOS SOBRINHO,7p1e4
RUA ANTONIO REINALDO SOARES,7p1d7
RUA ANTONIO RIBEIRO GONCALVES,7p1e4
RUA ANTONIO RIPARDO,7p1e1
RUA ANTONIO RODRIGUES,7p1dg
RUA ANTONIO SA,7p1e3
RUA ANTONIO SALDANHA DE MENEZES,7p1dg
RUA ANTONIO SEABRA,7p1e3
RUA ANTONIO SOARES,7p1e9
RUA ANTONIO TITO,7p1e4
RUA ANTONIO UBIRATAN CARVALHO,7p1e
RUA ANTONIO VIANA,7p1df
RUA APOLO XI,7p1e 7p1e5 7p1e7
RUA APOLO XII,7p1e7
RUA AQUARIUS,7p1e3
RUA AQUIDABA,7p1df
RUA ARACATI,7p1dd
RUA ARACATIBA,7p1dd
RUA ARACATUBA,7p1dd
RUA ARACRUZ,7p1e7
RUA ARAGUAINA,7p1e4 7p1e5
RUA ARAGUANOPOLIS,7p1e5
RUA ARAGUAPAZ,7p1e9
RUA ARAL,7p1e5
RUA ARAPUIANGA,7p1e9
RUA ARARUNA,7p1dd
RUA ARATIBA,7p1e7
RUA ARAUNA,7p1dd
RUA ARCO-VERDE,7p1e7
RUA AREOLINO DE ABREU,7p1e1
RUA ARGENTINA,7p1df
RUA ARI BARROSO,7p1df 7p1dfn
RUA ARIANO SUASSUNA,7p1e
RUA ARIES,7p1e3
RUA ARISTIDES BARROS,7p1dg
RUA ARISTIDES SARAIVA DE ALMEIDA,7p1e4 7p1e5
RUA ARISTOTELES,7p1e1r
RUA ARIZONA,7p1e7
RUA ARLINDO NOGUEIRA,7p1d 7p1df 7p1dfn 7p1e1
RUA ARMANDO BURLAMAQUI,7p1e4
RUA ARMANDO MADEIRA,7p1e4
RUA ARNALDO LACERDA,7p1dd 7p1df
RUA AROEIRA,7p1e
RUA ARRAIAL,7p1e
RUA ARTISTA PLASTICA LIZ MEDEIROS,7p1e5
RUA ARTISTA PLASTICO FREDD RAMOS,7p1dg
RUA ARTUR BERNARDES,7p1df
RUA ARTUR OLIVEIRA,7p1dg
RUA ARTUR PASSOS,7p1e1
RUA ARTUR SILVEIRA,7p1e
RUA ARTUR SOARES FEITOSA,7p1e
RUA ASA BRANCA,7p1dg
RUA ASDRUBAL MARTINS,7p1e4
RUA ASSARE,7p1dd
RUA ASSIS DA CUNHA BARROS,7p1e3
RUA ASSIS DAVIS,7p1df
RUA ASSIS IGLESIAS,7p1e4
RUA ASSIS NOGUEIRA,7p1e1
RUA ASSIS SIMEAO,7p1df 7p1dfy
RUA ASSIS VELOSO,7p1e4
RUA ASSUNCAO,7p1e1
RUA ASTROLABIO PASSOS,7p1d
RUA ATHAYDE MENDES,7p1e4 7p1e5
RUA ATIBAIA,7p1dd
RUA ATLANTIDA,7p1d 7p1df 7p1dfk
RUA ATLETA DANIEL ARAGAO MATOS,7p1e7
RUA ATLETA GEORGE RODRIGUES,7p1e1
RUA ATLETA JOSE DE ARIMATEIA,7p1dd
RUA ATLETA JOSE MARIA SOBRINHO,7p1e1 7p1e1r
RUA ATLETA MANOELZINHO,7p1e5
RUA ATLETA MARCELO LEAL,7p1df0
RUA ATLETA ZE BARROS,7p1dg
RUA AUDITOR ANTONINO SILVEIRA,7p1d
RUA AUGUSTO,7p1e3e
RUA AUGUSTO CASTRO,7p1e4
RUA AUGUSTO EWERTON E SILVA,7p1e4
RUA AUREA FREIRE,7p1e4
RUA AUREA MARTINS,7p1e 7p1e7
RUA AURILANDIA,7p1e1r
RUA AURORA BASILIO SOARES,7p1dg
RUA AVEIRO,7p1dd
RUA AVELINO B  CARVALHO,7p1dd
RUA AVESTRUZ,7p1dd
RUA AVIADOR EDIVALDO BUIQUE,7p1df
RUA AVIADOR IRAPUAN ROCHA,7p1e4
RUA AZAR CHAIB,7p1e4
RUA B AGUA MINERAL,7p1e3
RUA B DISTRITO INDUSTRIAL,7p1dd 7p1df0
RUA B LOT DAGMAR MAZZA,7p1dd
RUA B LOT JULIO SOARES I,7p1dd
RUA B LOT PINDORAMA,7p1e5
RUA B LOT SETE ESTRELAS II,7p1dd
RUA B LOT SETE ESTRELAS IV,7p1dd
RUA B LOT TRIUNFO,7p1df
RUA B SAO JOAQUIM,7p1e1 7p1e3
RUA B VILA FIRMINO FILHO,7p1e3
RUA B VILA PANTANAL II,7p1e1r
RUA B1 SOCOPO,7p1e
RUA BABACU,7p1e3
RUA BAHAMAS,7p1e3
RUA BAHIA,7p1e1
RUA BALBINO AZEVEDO,7p1df
RUA BALSAS,7p1e1
RUA BALTASAR MELO,7p1e3 7p1e3v
RUA BALTAZAR MARANHAO,7p1e4
RUA BAMBU,7p1dd
RUA BANDEIRANTE,7p1e
RUA BANDEIRANTES,7p1dd
RUA BARAO DE URUCUI,7p1e4
RUA BARBALHA,7p1e5
RUA BARIRI,7p1e3
RUA BARITONO RAIMUNDO PEREIRA,7p1e3v
RUA BARRA ALTA,7p1e5
RUA BARRA DO CORDA,7p1e5
RUA BARRA DO LONGA,7p1e5
RUA BARRA FRIA,7p1dd
RUA BARRA FUNDA,7p1e
RUA BARRA SANTA,7p1e5
RUA BARRAS,7p1e1 7p1e3
RUA BARROSO,7p1d 7p1df 7p1e1
RUA BARTOLOMEU VASCONCELOS,7p1e4
RUA BASILIO ALVES DE CARVALHO,7p1e1 7p1e1r
RUA BASILIO BEZERRA,7p1e4
RUA BASILIO SOARES RIBEIRO,7p1e
RUA BATALHA,7p1e1 7p1e3
RUA BATALHO DO JENIPAPO,7p1e3
RUA BATISTA PAZ,7p1dd
RUA BAURELIO MANGABEIRA,7p1e4
RUA BEATRIZ ALVES DE ARAUJO,7p1e3e
RUA BEATRIZ ARAGAO ALMEIDA,7p1e3 7p1e3e
RUA BEATRIZ PAZ GENUINO,7p1e
RUA BEGONIAS,7p1e4
RUA BEIJA FLOR,7p1e4
RUA BELA,7p1e7
RUA BELCHIOR BARROS,7p1e4
RUA BELEM,7p1dfk
RUA BEM POSTA,7p1e7
RUA BEM VIVER 05,7p1df
RUA BEM-TE-VI,7p1e3
RUA BENEDITINOS,7p1d 7p1df
RUA BENEDITO ALMEIDA,7p1df
RUA BENEDITO DA CUNHA SANTOS,7p1dd
RUA BENEDITO DA SILVEIRA,7p1e4
RUA BENEDITO DE ALBUQUERQUE PIRES,7p1e5
RUA BENEDITO FEITOSA CARDOSO,7p1df 7p1dfy
RUA BENEDITO JOSE FILHO,7p1e3 7p1e3e
RUA BENEDITO PACHECO JUNIOR,7p1e5
RUA BENEDITO PRATICANTE,7p1d
RUA BENEDITO SOUSA DE OLIVEIRA,7p1d7
RUA BENFICA,7p1e1 7p1e3
RUA BENICIO OLIMPIO DE MELO,7p1e
RUA BENIGNO REGO LEMOS,7p1e4
RUA BENJAMIN,7p1e
RUA BENJAMIN BAPTISTA,7p1d
RUA BENJAMIN CONSTANT,7p1e1
RUA BENJAMIN DO REGO MONTEIRO NETO,7p1df
RUA BENJAMIN MARTINS,7p1e7
RUA BENONES DE MOURA,7p1dd
RUA BENTO CLARINDO BASTOS,7p1e4
RUA BERNARDO BORGES DOS SANTOS,7p1e5
RUA BERNARDO MELO,7p1e1
RUA BERNARDO SILVA FILHO,7p1e3
RUA BERONIZA VIEIRA,7p1dd
RUA BERTOLINIA,7p1e3 7p1e3e
RUA BERTOLINIA PARQUE UNIVERSITARIO,7p1e
RUA BETA,7p1e1
RUA BIANCA,7p1e4
RUA BIANOR CARVALHO,7p1e5
RUA BIBIU FERNANDES DIAS,7p1e1
RUA BINA BATISTA,7p1e4
RUA BISSAU,7p1e3
RUA BITAR,7p1e
RUA BLANCAR DO VALE CORDEIRO,7p1dd
RUA BOA VISTA,7p1e5
RUA BOGARI,7p1e4
RUA BOLIVIA,7p1df 7p1e4
RUA BOM JESUS,7p1e3
RUA BOM JESUS VILA SANTA BARBARA,7p1e7
RUA BONIFACIO ABREU,7p1e4
RUA BOQUEIRAO,7p1e5
RUA BORACEIA,7p1e5
RUA BORBA GATO,7p1e3
RUA BRANCA,7p1e7
RUA BRAS HONORIO,7p1e 7p1e9
RUA BRAS LESTE,7p1e5
RUA BRASIL LESTE,7p1e5
RUA BRENO BEZERRA SOARES,7p1df
RUA BRENO PINHEIRO,7p1e4
RUA BRENO TEODOMIRO DE CARVALHO,7p1df 7p1dfy 7p1dg
RUA BRILHANTE,7p1e7
RUA BRITANIA,7p1e
RUA BRITO MELO,7p1df 7p1df0
RUA BRUNO RAFAEL SOUSA,7p1d
RUA BURITI DOS LOPES,7p1d 7p1df
RUA C,7p1e5
RUA C DISTRITO INDUSTRIAL,7p1dd
RUA C LOT JULIO SOARES I,7p1dd
RUA C LOT NAYKELANE,7p1df
RUA C LOT SETE ESTRELAS II,7p1dd
RUA C LOT SETE ESTRELAS IV,7p1dd
RUA C SAO JOAQUIM,7p1e1 7p1e3
RUA C VILA FIRMINO FILHO,7p1e3
RUA C VILA PANTANAL II,7p1e1r
RUA C VILA SANTA CRUZ,7p1dd
RUA CABO AMADOR,7p1e1 7p1e1r
RUA CABO CLEMENTINO ALVES,7p1df
RUA CABO EURICO CAMPOS,7p1dg
RUA CABO LEONIDAS,7p1df
RUA CABRAL,7p1e1
RUA CACADOR,7p1e
RUA CACAPAVA,7p1e
RUA CADETE,7p1e9
RUA CAETANO  SAO,7p1dg
RUA CAETANO BERNARDO,7p1dg
RUA CAFELANDIA,7p1dg
RUA CAIANA,7p1e7
RUA CAIO RODRIGUES PEREIRA,7p1e5
RUA CAJAZEIRAS,7p1dg
RUA CAJUEIRO,7p1d
RUA CAJUI,7p1e7
RUA CAMAROES,7p1dd
RUA CAMELIAS,7p1e4
RUA CAMILO NETO,7p1e
RUA CAMILO SANTOS,7p1e4
RUA CAMPESTRE,7p1e
RUA CAMPINAS,7p1e5
RUA CANAA,7p1e
RUA CANADA,7p1df 7p1e4
RUA CANADA PARQUE PIONEIRO,7p1dd
RUA CANADA VILA DA PAZ,7p1dfk
RUA CANAPE,7p1dd
RUA CANARIO,7p1e4
RUA CANCAO,7p1e
RUA CANDELARIO,7p1e4
RUA CANDIDA  IRMA,7p1e3
RUA CANDIDA DA COSTA SOARES,7p1dd
RUA CANDIDA SOARES,7p1e1
RUA CANDIDO PORTINARI,7p1df
RUA CANELAS,7p1e
RUA CANELEIRO,7p1e
RUA CANINDE,7p1e1 7p1e1r
RUA CANOAS,7p1e3
RUA CANTAGALO,7p1e
RUA CANTANHEDE,7p1dfk
RUA CANTO DO BURITI,7p1e3
RUA CANTOR CAZUZA,7p1df 7p1dfk
RUA CANTOR EDVALDO BORGES,7p1e5
RUA CANTOR HELIO DA GRACA,7p1e3v
RUA CANTOR LUIZ GONZAGA,7p1df 7p1dfk
RUA CAPELA,7p1e5
RUA CAPIBARIBE,7p1dd
RUA CAPITAO ADAO CARVALHO,7p1e4
RUA CAPITAO ALEXANDRE TOMAZ,7p1e5
RUA CAPITAO GABRIEL LEITE,7p1dd
RUA CAPITAO JOAO HOLANDA,7p1e3v
RUA CAPITAO LUIZ RODRIGUES CHAVES,7p1dg 7p1dgr 7p1e5
RUA CAPITAO MARIANO,7p1df
RUA CAPITAO NOBREGA,7p1dg
RUA CAPITAO PEDRO BELLO,7p1dd
RUA CAPITAO REGINALDO FONSECA,7p1df
RUA CAPITAO TOMAZ DE AQUINO,7p1e4
RUA CAPITAO VANDERLEY,7p1e4
RUA CARAJAS,7p1dg 7p1e5
RUA CARCARA,7p1e
RUA CARDEAL,7p1dfk
RUA CARLOS AUGUSTO RIBEIRO,7p1dd
RUA CARLOS CESAR FERREIRA EVANGELISTA,7p1dg
RUA CARLOS EDUARDO DA SILVA,7p1e
RUA CARLOS EUGENIO PORTO,7p1e4
RUA CARLOS FEITOSA,7p1e5
RUA CARLOS FORTES DE PADUA,7p1e4
RUA CARLOS GOMES,7p1df
RUA CARLOS REGO FERRAZ,7p1e
RUA CARLOTINHA BRITO,7p1dgr 7p1e5
RUA CARNAIBA,7p1dd
RUA CARNAUBA,7p1e5
RUA CARNAVALESCO ZE CARVALHO,7p1e5
RUA CAROLINA DE FREITAS LIRA,7p1df
RUA CARTEIRO ELZANO SA,7p1dfk
RUA CARTEIRO GILVAN GRANJEIRO,7p1dd
RUA CARTEIRO PINTASSILGO,7p1e3
RUA CARTOGRAFICA,7p1d
RUA CASTELO DO PIAUI,7p1e3 7p1e3e
RUA CASTRO ALVES,7p1e3
RUA CATARINA TROIANI  MADRE,7p1d7
RUA CATETE,7p1e7
RUA CEARA,7p1e1
RUA CECE RIBEIRO,7p1e4
RUA CECI,7p1e3
RUA CECILIA ALVES DA SILVA,7p1d
RUA CECILIA MEIRELES,7p1dg
RUA CECILIA NUNES,7p1dd
RUA CECY NEPOMUCENO PIRES,7p1d
RUA CEDRO,7p1e3
RUA CEGONHA,7p1e
RUA CELINA CASTELO BRANCO DE CERQUEIRA,7p1e5
RUA CELSO PINHEIRO,7p1df
RUA CELSO VERAS,7p1d 7p1d7 7p1dd
RUA CENOTECNICO CARLOS B,7p1e5 7p1e7
RUA CENTAURO,7p1e1
RUA CESAR DE NEGREIROS BARROS,7p1dg
RUA CESAR FONSECA,7p1dd
RUA CESAR LEAL,7p1e5
RUA CESARINA RIBEIRO DE OLIVEIRA,7p1e5
RUA CHAGAS LIRA,7p1e4
RUA CHANCELER EDSON QUEIROZ,7p1df 7p1e4
RUA CHICO CARDOSO,7p1dd
RUA CHICO CONRADO,7p1e9
RUA CHICO DOCA,7p1e1
RUA CHICO JAU,7p1dg
RUA CHICO PRETO,7p1e
RUA CHILE,7p1df 7p1dfn
RUA CHILON CORDEIRO,7p1e1
RUA CICERO CARVALHO,7p1e4
RUA CICERO CORREIA DE MELO,7p1dd
RUA CICERO DE JESUS DO NASCIMENTO,7p1dg
RUA CICERO FORTES PORTELA,7p1dd
RUA CICERO MONTEIRO,7p1df
RUA CICERO OLIVEIRA,7p1df 7p1dfy
RUA CICERO SOARES,7p1df
RUA CICERO SOARES MELO,7p1dg
RUA CIGARRA,7p1e
RUA CIMODOCEA VIANA,7p1e3
RUA CINCO,7p1e
RUA CINCO DE NOVEMBRO,7p1e4
RUA CINCO LOT PARQUE SAO JOAO,7p1df
RUA CINCO VILA MARIANA FORTES,7p1e4
RUA CINCO VILA SANTA MARIA,7p1dd
RUA CINEGRAFISTA DOGNO ICAIANO,7p1e9
RUA CINEGRAFISTA MARQUES,7p1e4
RUA CINOBILINO CARVALHO,7p1df 7p1dfk
RUA CIRILO DANTAS FRANCA,7p1e5
RUA CIRIO F S OLIVEIRA,7p1e5
RUA CLAUDIO FRANCISCO FERREIRA,7p1df 7p1dfy
RUA CLAUDIO PACHECO BRASIL,7p1e7
RUA CLAUDIO SOARES DE BRITO,7p1e
RUA CLAUDIONOR AUGUSTO DIAS,7p1e4
RUA CLIDENOR DE FREITAS SANTOS,7p1e5
RUA CLIMERIO BENTO GONCALVES,7p1d 7p1df 7p1dfn
RUA CLODOALDO FREITAS,7p1e1
RUA CLOVIS BEVILAQUA,7p1df 7p1e4
RUA COELHO DE RESENDE,7p1e1
RUA COELHO NETO,7p1df 7p1df0
RUA COELHO NETO VILA BGDA,7p1dg
RUA COELHO RODRIGUES,7p1e1
RUA COIMBRA AGUA MINERAL,7p1e3
RUA COIMBRA BAIRRO SAO PEDRO,7p1d
RUA COLETORA 03,7p1e
RUA COLETORA LESTE 21,7p1e7
RUA COLIBRI,7p1df
RUA COLOMBIA,7p1df 7p1dfk
RUA COLOMBO,7p1df
RUA COLUMBIA,7p1e3e
RUA COMANDANTE AREA LEAO,7p1e4
RUA COMANDANTE GUTTEMBERGUE SOUSA,7p1e5
RUA COMANDANTE HELVECIO,7p1e1
RUA COMANDANTE TUPINAMB BARJUD,7p1e3
RUA COMANDATE BORGES,7p1e9
RUA COMENDADOR JOSE MENDONCA,7p1dd
RUA COMERCIANTE CHICO REGINO,7p1dd
RUA COMERCIANTE HERMES CARDOSO,7p1e9
RUA COMERCIANTE JADER OLIVEIRA,7p1dd
RUA COMERCIANTE JOAO VERAS,7p1e5
RUA COMERCIANTE JOSE ARAUJO,7p1e 7p1e5
RUA COMERCIANTE JOSE BONFIM,7p1dg
RUA COMERCIANTE MAURICIO FIGUEREDO,7p1e1
RUA COMERCIANTE MILTON SAMPAIO,7p1e5
RUA COMERCIANTE SANTIDIO SOARES,7p1e1
RUA COMERCIANTE ZACARIAS ALVES,7p1dg
RUA COMODORO,7p1d 7p1d7
RUA COMPOSITOR MARIO LAGO,7p1e5
RUA CONCEICAO MENDES,7p1e4
RUA CONCEICAO PEDREIRA,7p1e9
RUA CONCEICAO QUEIROZ ALVES,7p1e
RUA CONCEICAO SOUSA,7p1dd
RUA CONCEICAO VIEIRA,7p1e9
RUA CONCEICAO WAQUIM SAID,7p1e3
RUA CONDE ZEPELIM,7p1e
RUA CONEGO CARDOSO,7p1e3
RUA CONEGO RAIMUNDO FONSECA,7p1e4
RUA CONFRONTACAO,7p1e4
RUA CONSELHEEIRO JAIME AMORIM JUNIOR,7p1dfy 7p1dg
RUA CONSTANTINO ALVES PEREIRA,7p1dd
RUA CONTABILISTA CARMEM PITOMBEIRA,7p1dg
RUA CONTADOR BENEDITO REIS,7p1e3
RUA CONTADOR PEDRO TOBIAS DUARTE,7p1df
RUA CONTORNO RODOVIARIO NORTE,7p1e7
RUA CORACAO DE MARIA,7p1e5
RUA COROADOS,7p1e5
RUA CORONEL AGOSTINHO PINHEIRO NETO,7p1e7
RUA CORONEL ANGELO PAZ,7p1e3 7p1e3v
RUA CORONEL ASSIS FREITAS,7p1e
RUA CORONEL BELISARIO DA CUNHA,7p1e4
RUA CORONEL BENEDITO DA LUZ,7p1dd 7p1df
RUA CORONEL BRANDAO,7p1e
RUA CORONEL BRAZ NETO,7p1e4
RUA CORONEL CARLOS ALBERTO PRADO,7p1df
RUA CORONEL CESAR,7p1e4
RUA CORONEL DIOGO LUSTOSA,7p1e4
RUA CORONEL FACANHA,7p1e1
RUA CORONEL FERNANDO PAES SOARES,7p1d 7p1dg
RUA CORONEL FRANCISCO ARAUJO,7p1e5
RUA CORONEL GONZAGA,7p1e1
RUA CORONEL JOAO MARTINS DE MORAES,7p1e4
RUA CORONEL JOAQUIM FARIAS,7p1dd
RUA CORONEL JOSE FIALHO,7p1e5
RUA CORONEL JOSE RIBEIRO,7p1e
RUA CORONEL KLEBER RAMOS,7p1e4
RUA CORONEL LINCOLN MOREIRA VIANA,7p1e
RUA CORONEL MANOEL OLIVEIRA SOUSA,7p1e4
RUA CORONEL MARDONIO CAJUAZ,7p1e5
RUA CORONEL MUNIZ,7p1dg
RUA CORONEL OLAVO NOGUEIRA,7p1dg
RUA CORONEL OSVALDO DUARTE,7p1e5
RUA CORONEL PEDRO BASILIO,7p1e4
RUA CORONEL SAPUCAIA,7p1e5
RUA CORREGO,7p1d
RUA CORREIA DO COUTO,7p1dg 7p1dgr 7p1e5
RUA CORRENTE,7p1e1 7p1e3
RUA CORUJA,7p1e
RUA COSME OLIVEIRA,7p1e4
RUA COSMO E DAMIAO VILA AFONSO GIL,7p1dd
RUA COSTA ALVARENGA,7p1e4
RUA COSTA RICA,7p1df 7p1e4
RUA COSTUREIRA LUISA ALVES,7p1dg 7p1e5
RUA COTA NUNES,7p1e4
RUA COTIA,7p1e
RUA CRAVOLANDIA,7p1e7
RUA CRAVOS,7p1e4
RUA CRESCENCIO FERREIRA,7p1e4
RUA CRIADOR,7p1d
RUA CRICIUMA,7p1df
RUA CRISANTEMOS,7p1e4
RUA CRISIPO AGUIAR,7p1e3
RUA CRISTAL,7p1e3
RUA CRISTALANDIA,7p1e3
RUA CRISTALINA,7p1dd
RUA CRISTINO CASTELO BRANCO,7p1e 7p1e7
RUA CRISTINO RIBEIRO,7p1dd
RUA CRISTO REDENTOR,7p1dfk
RUA CRISTO REI,7p1e1r 7p1e3
RUA CRISTOVAO COLOMBO,7p1e4
RUA CROS,7p1df
RUA CRUCILANDIA,7p1e4
RUA CRUZ ALTA,7p1dd
RUA CRUZEIRO DO SUL,7p1dd
RUA CRUZILIA,7p1e5
RUA CUBATAO,7p1dg
RUA CURIMAN,7p1dd
RUA CURIO,7p1e
RUA CURRUPIAO,7p1e
RUA CURUZU,7p1e
RUA CUSTODIO,7p1dg 7p1e5
RUA CUSTODIO NETO,7p1e5
RUA CYNEAS VELOSO,7p1e4 7p1e5
RUA CYNTIA PORTELLA,7p1e1
RUA D LOT  NAYKELANE,7p1df
RUA D LOT DISTRITO INDUSTRIAL,7p1d 7p1dd
RUA D LOT JULIO SOARES I,7p1dd
RUA D LOT PINDORAMA,7p1e5
RUA D LOT PRIMAVERA,7p1dd
RUA D LOT SETE ESTRELAS II,7p1dd
RUA D SAO JOAQUIM,7p1e1 7p1e3
RUA D VILA PANTANAL II,7p1e1r
RUA D VILA SANTA CRUZ,7p1dd
RUA D1 CONJ SAO RAIMUNDO,7p1df
RUA DA ABOLICAO,7p1e3e
RUA DA ACLIMACAO,7p1dd
RUA DA ALEGRIA,7p1dd
RUA DA CHESF,7p1e5
RUA DA ESTRELA,7p1e
RUA DA GLORIA,7p1e7
RUA DA GROTA,7p1e3
RUA DA LIBERDADE,7p1e4
RUA DA LOGOA,7p1df 7p1dfk
RUA DA PALMA,7p1e3
RUA DA PALMEIRA,7p1e1r 7p1e3
RUA DA PAZ,7p1d7
RUA DA PAZ SANTA CRUZ,7p1dd
RUA DA PAZ VILA MADRE TERESA DE CALCUTA II,7p1e4
RUA DA PRACA,7p1df
RUA DA RADIO,7p1e
RUA DA REDONDA,7p1dg
RUA DALIAS,7p1e4
RUA DALILA RIBEIRO,7p1e9
RUA DALVA MELO,7p1dd 7p1df0
RUA DAMOLANDIA,7p1e9
RUA DANIEL GOMES,7p1e4
RUA DANIEL GOMES FILHO,7p1e3
RUA DANIEL NASCIMENTO,7p1d
RUA DARCI BASTOS,7p1e1
RUA DAS ACEROLAS,7p1e
RUA DAS ALMAS,7p1e
RUA DAS CAJAZEIRAS,7p1e
RUA DAS GRACAS,7p1e5
RUA DAS HORTENCIAS,7p1e4
RUA DAS LARANJEIRAS,7p1e
RUA DAS MANGUEIRAS,7p1e5
RUA DAS MANGUEIRAS (RUA 04),7p1e
RUA DAS PALMEIRAS COLORADO,7p1dg 7p1e5
RUA DAS PALMEIRAS COND TERRAS DOS PASSAROS,7p1e
RUA DAS PEDRINHAS,7p1e
RUA DAS TULIPAS,7p1e4
RUA DAS VERBENAS,7p1e4
RUA DAVI HENRIQUE MONTEIRO,7p1e5 7p1e7
RUA DAVID AGUIAR,7p1e1 7p1e1r
RUA DAVID CALDAS,7p1d 7p1df 7p1e1
RUA DEAN RUSK ANDRADE,7p1e3
RUA DECIO GENUINO DE OLIVEIRA,7p1df
RUA DECIO MARTINS ROCHA,7p1e4
RUA DELEGADO ALCIDES COELHO,7p1e5
RUA DELEGADO BATISTA LUZARDO,7p1dg
RUA DELEGADO BRITO BOSON,7p1e1
RUA DELEGADO FELIX DIAS,7p1d7
RUA DELEGADO JOAO BRAZ,7p1e3
RUA DELFIM MOREIRA,7p1df
RUA DELFINO VAZ,7p1e1
RUA DELMA BASILIO,7p1dd
RUA DEMERVAL LOBAO,7p1e4
RUA DENTISTA AGENOR VIEIRA LUZ,7p1e3
RUA DENTISTA ALDAISO ALVES FORTES,7p1e9
RUA DENTISTA BENEDITO RAMOS,7p1df
RUA DENTISTA CRESO OLIVEIRA,7p1e5 7p1e7
RUA DENTISTA JEREMIAS NETO,7p1e5 7p1e7
RUA DEO SANTANA ALTO ALEGRE,7p1e3 7p1e3e
RUA DEO SANTANA VALE QUEM TEM,7p1e5 7p1e7
RUA DEOCLECIO BRITO,7p1e 7p1e4
RUA DEOCLECIO DE BRITO NETO,7p1d 7p1d7
RUA DEOLINDO MOURA,7p1e7
RUA DEPUTADO AFONSO GIL,7p1e5
RUA DEPUTADO AFRANIO NUNES,7p1df 7p1dfy
RUA DEPUTADO ALBERTO LUZ,7p1e5
RUA DEPUTADO ALBERTO MONTEIRO,7p1dg
RUA DEPUTADO ANTONIO GAYOSO,7p1dg 7p1e5
RUA DEPUTADO ANTONIO MARIA CORREIA,7p1e 7p1e7
RUA DEPUTADO ARISTEU TUPINAMBA,7p1dd
RUA DEPUTADO BENONI PORTELA,7p1e5
RUA DEPUTADO CONSTANTINO PEREIRA,7p1e5
RUA DEPUTADO COSTA ANDRADE,7p1e4
RUA DEPUTADO DEUSDEDIT CAVALCANTI,7p1e9
RUA DEPUTADO EDISON DIAS FERREIRA,7p1df
RUA DEPUTADO FRANCILIO ALMEIDA,7p1e5
RUA DEPUTADO FRANCISCO COSTA,7p1e
RUA DEPUTADO GOMES CALADO,7p1e3 7p1e3e
RUA DEPUTADO HUMBERTO REIS DA SILVEIRA,7p1dd 7p1df
RUA DEPUTADO JOAO CARVALHO,7p1e4 7p1e5
RUA DEPUTADO JOAO DE MOURA SANTOS,7p1e1 7p1e1r
RUA DEPUTADO JOSE GIL BARBOSA,7p1df
RUA DEPUTADO JOSE ISAIAS,7p1e7
RUA DEPUTADO JOSE LOURENCO MOURAO,7p1e4 7p1e5
RUA DEPUTADO LAURENTINO NETO,7p1e4
RUA DEPUTADO MACHADO MELO,7p1e5
RUA DEPUTADO NEWTON MACEDO,7p1e5
RUA DEPUTADO NOGUEIRA FILHO,7p1e3
RUA DEPUTADO ODILON FREITAS,7p1dd
RUA DEPUTADO PEDRO PORTELA,7p1dd
RUA DEPUTADO PINHEIRO MACHADO,7p1dg 7p1dgr
RUA DEPUTADO SOUSA SANTOS,7p1e4
RUA DEPUTADO VENCESLAU SAMPAIO,7p1e 7p1e7
RUA DEPUTADO VITORINO CORREIA,7p1e4
RUA DEPUTADO WALDECK BONA,7p1dg
RUA DEPUTADO WALDEMAR MACEDO,7p1df
RUA DEPUTADO XAVIER NETO,7p1dg 7p1e5
RUA DERIVALDO BARBOSA,7p1df
RUA DESCONHECIDA,7p1e9
RUA DESEMBARGADOR ADALBERTO CORREIA LIMA,7p1e 7p1e4
RUA DESEMBARGADOR ALMEIDA GONCALVES,7p1e7
RUA DESEMBARGADOR ALUISIO RIBEIRO,7p1e7
RUA DESEMBARGADOR ANTERO RESENDE,7p1df 7p1dg
RUA DESEMBARGADOR ANTONIO SANTANA,7p1dg 7p1dgr 7p1e5
RUA DESEMBARGADOR ARIMATEIA TITO,7p1df 7p1dfn
RUA DESEMBARGADOR BERILO MOTA,7p1df 7p1dg 7p1e5
RUA DESEMBARGADOR CAIO OLIVEIRA,7p1e3 7p1e3v
RUA DESEMBARGADOR CESAR DO REGO MONTEIRO,7p1e
RUA DESEMBARGADOR CROMWELL CARVALHO,7p1e4
RUA DESEMBARGADOR ERNESTO JOSE BAPTISTA,7p1df
RUA DESEMBARGADOR FERNANDO LOPES,7p1e4 7p1e5
RUA DESEMBARGADOR FLAVIO FURTADO,7p1e3
RUA DESEMBARGADOR FRANCISCO GOMES ARAUJO,7p1e
RUA DESEMBARGADOR FREITAS,7p1e1
RUA DESEMBARGADOR HELVIDIO AGUIAR,7p1e4
RUA DESEMBARGADOR JOAO DE DEUS LIMA,7p1e4 7p1e5
RUA DESEMBARGADOR JOAO GABRIEL BAPTISTA,7p1df 7p1dg
RUA DESEMBARGADOR JOAO PEREIRA,7p1e4 7p1e5
RUA DESEMBARGADOR JOAO TURIBIO,7p1e4
RUA DESEMBARGADOR JOAQUIM SOUSA NETO,7p1e7
RUA DESEMBARGADOR JOSE BARBOSA,7p1dg
RUA DESEMBARGADOR JOSE LOURENCO,7p1e4
RUA DESEMBARGADOR JOSE MAGALHAES DA COSTA,7p1e5
RUA DESEMBARGADOR JOSE MESSIAS,7p1df 7p1e4
RUA DESEMBARGADOR LUIZ LOPES,7p1e
RUA DESEMBARGADOR MANOEL CASTELO BRANCO,7p1e4
RUA DESEMBARGADOR MANOEL FELICIO PINTO,7p1df 7p1dfy
RUA DESEMBARGADOR MOTA,7p1df 7p1dfn
RUA DESEMBARGADOR ODORICO ROSA,7p1df 7p1dg
RUA DESEMBARGADOR PEDRO CONDE,7p1e4
RUA DESEMBARGADOR PIRES DE CASTRO,7p1e1 7p1e3 7p1e4
RUA DESEMBARGADOR RAIMUNDO ANTONIO MARQUES,7p1e9
RUA DESEMBARGADOR RAIMUNDO REGO,7p1e7
RUA DESEMBARGADOR ROBERT WALL DE CARVALHO,7p1e4
RUA DESEMBARGADOR SA BARRETO,7p1dg
RUA DESEMBARGADOR SATIRO NOGUEIRA,7p1e5
RUA DESEMBARGADOR TOMAZ CAMPELO,7p1df 7p1df0
RUA DESEMBARGADOR VAZ DA COSTA,7p1e3
RUA DESPORTISTA JORGE XATACK,7p1e5
RUA DESPORTISTA NAPOLEAO PEREIRA,7p1dg
RUA DESPORTISTA WILLIAM BIBIO,7p1e4
RUA DEUSA ROCHA,7p1e4
RUA DEUSDEDIT AUGUSTO PAIVA,7p1e4
RUA DEUSDETE FARIAS,7p1dd
RUA DEUSDETE GOMES DE SOUSA,7p1e3
RUA DEZENOVE DE NOVEMBRO,7p1e1 7p1e3 7p1e4
RUA DEZESSETE DE JANEIRO,7p1e1
RUA DIACONO JOSE RIBAMAR RAMOS,7p1d 7p1dd
RUA DIADEMA,7p1e4
RUA DIAMANTE,7p1e4
RUA DIAMANTINA,7p1e3
RUA DIDIMO CASTELO BRANCO,7p1e1r
RUA DIEGO MADEIRA CAMPOS,7p1dg
RUA DINA COQUEIRO,7p1e5
RUA DINA SOARES DE MOURA,7p1d
RUA DIOLANDIA,7p1e
RUA DIOSCORO AGUIAR,7p1e5 7p1e7
RUA DIPLOMATA SERGIO VIEIRA DE MELLO,7p1df 7p1dg
RUA DIRCE OLIVEIRA,7p1e 7p1e4
RUA DIRCE VASCONCELOS,7p1e7
RUA DITO INACIO,7p1dd 7p1df0
RUA DITOSA CASTELO BRANCO,7p1e4 7p1e5
RUA DIVA COSTA MATOS,7p1dd
RUA DJALMA TAVARES,7p1e3
RUA DO ALEM,7p1df
RUA DO BOSQUE,7p1e5
RUA DO CAJUEIRO,7p1e5
RUA DO CAMPO 1,7p1e1r
RUA DO CAMPO 2,7p1e1r
RUA DO CAMPO DO TAQUARI,7p1e7
RUA DO CARMELO,7p1dd
RUA DO CEMITERIO,7p1dd
RUA DO CONJUNTO,7p1d
RUA DO LIRIO,7p1e4
RUA DO PASSEIO,7p1d
RUA DO PRADO,7p1e
RUA DO ROSARIO,7p1df 7p1dfk
RUA DO SOL,7p1df 7p1e4
RUA DO SOLDADO,7p1df
RUA DO SOSSEGO,7p1e5
RUA DO TELEGRAFO,7p1dd 7p1ddq
RUA DO TRIANGULO,7p1dd
RUA DOIS,7p1dd
RUA DOIS ANTONIOS,7p1dd
RUA DOIS DE MAIO,7p1e1
RUA DOIS LOT SANTANA,7p1d
RUA DOIS PARQUE SAO JOAO,7p1df
RUA DOIS VILA CLEMENTES FORTES,7p1dd
RUA DOIS VILA MEIO NORTE,7p1e
RUA DOIS VILA N S DO ROSARIO II,7p1dd
RUA DOM AVELAR AGUA MINERAL,7p1e3
RUA DOM BOSCO,7p1e5 7p1e7
RUA DOM JOAQUIM DE ALMEIDA,7p1e4
RUA DOM OTAVIANO ALBUQUERQUE,7p1e4
RUA DOMINGOS ALVES DE HOLANDA,7p1dd
RUA DOMINGOS BARBOSA,7p1e1
RUA DOMINGOS BORGES,7p1dd
RUA DOMINGOS CORDEIRO,7p1e4
RUA DOMINGOS DE PADUA REGO,7p1e 7p1e7
RUA DOMINGOS FREITAS MARQUES,7p1e1
RUA DOMINGOS MONTEIRO,7p1df 7p1dfn
RUA DOMINGOS MOURAO,7p1e4
RUA DOMINGOS SOARES,7p1e 7p1e4
RUA DOMINGUINHO MIRANDA,7p1e1
RUA DONA AMALIA CASTRO,7p1e4
RUA DONA AMELIA RUBIM,7p1dg 7p1dgr
RUA DONA AROLY NUNES FIGUEIREDO,7p1e
RUA DONA CELE MENDES,7p1e5
RUA DONA CHIQUINHA FERREIRA,7p1df
RUA DONA DITA LOPES,7p1e1r
RUA DONA EMA,7p1e7
RUA DONA FLORA SOARES,7p1e3 7p1e3v
RUA DONA FRANCISCA CLAUDINO,7p1dd
RUA DONA GRACA,7p1e5 7p1e7
RUA DONA GRACI AGUIAR,7p1dg
RUA DONA GRACINHA OLIVEIRA,7p1e7
RUA DONA HENRIQUETA FORTES,7p1e4
RUA DONA HERMINIA,7p1e7
RUA DONA IAIA MELO,7p1dd
RUA DONA JESUS,7p1e
RUA DONA LAURA AZEVEDO,7p1dfn
RUA DONA LEOPOLDINA,7p1df
RUA DONA LUZI,7p1dd 7p1df
RUA DONA MINDU,7p1df
RUA DONA NELSA NERES,7p1e7
RUA DONA ORLINDA SANTOS,7p1dfn
RUA DONA PRISCILA ALMEIDA,7p1e5
RUA DONA SALO,7p1e1
RUA DORA MARTINS VIEIRA BRITO,7p1e7
RUA DOROTEU JOSE DA SILVA,7p1e3
RUA DOS AFLITOS,7p1e4
RUA DOS CAJUEIROS (RUA 03),7p1e
RUA DOS CANARIOS,7p1e
RUA DOS CANELEIROS,7p1e
RUA DOS MONTES,7p1df
RUA DOS PASSAROS,7p1e
RUA DOS PATIS (RUA 08),7p1e
RUA DOS PRAZERES  NOSSA SENHORA,7p1d
RUA DOURADINHO VILA TERESA BRITO,7p1e7
RUA DOURADO,7p1e1
RUA DOUTOR ADAUTO COUTINHO,7p1e 7p1e4
RUA DOUTOR AFONSO ELVAS,7p1e
RUA DOUTOR AGNELO SAMPAIO,7p1e4
RUA DOUTOR AIRTON FREITAS,7p1d 7p1dd 7p1dg
RUA DOUTOR ANASTACIO MADEIRA CAMPOS,7p1e7
RUA DOUTOR ANISIO BRITO,7p1e4
RUA DOUTOR ANISIO MAIA,7p1e
RUA DOUTOR ANTONIO COSME,7p1e7
RUA DOUTOR ANTONIO JOSE MARQUES,7p1df
RUA DOUTOR ANTONIO PEDREIRA MARTINS,7p1e3 7p1e3e
RUA DOUTOR AREA LEAO,7p1d 7p1df 7p1dfn 7p1e1
RUA DOUTOR ARNALDO RODRIGUES NEIVA,7p1e
RUA DOUTOR ARQUELAU SIQUEIRA AMORIM,7p1d
RUA DOUTOR AUDIR FORTES REBELO,7p1e
RUA DOUTOR BAIAO,7p1e
RUA DOUTOR CARLOS MACHADO LOPES,7p1d7
RUA DOUTOR CARLOS MAIA,7p1e
RUA DOUTOR CARLOS PORTELA IBIAPINA,7p1e7
RUA DOUTOR CHAGAS MARTINS,7p1dg
RUA DOUTOR CLIDENOR FREITAS,7p1df 7p1dfy
RUA DOUTOR CONSTANTINO LOPES DA SILVA,7p1df
RUA DOUTOR DILSON DE CARVALHO PINHEIRO,7p1e5
RUA DOUTOR DILSON FERNANDES,7p1e
RUA DOUTOR DOLIVAL LOBAO,7p1e 7p1e4
RUA DOUTOR EGIDIO MOTA,7p1dg
RUA DOUTOR EPIFANIO CARVALHO,7p1e
RUA DOUTOR ERNANE ARAUJO,7p1e4
RUA DOUTOR FELIPE PADUA,7p1e5 7p1e7
RUA DOUTOR FERNANDO CORREIA LIMA,7p1e7
RUA DOUTOR FERNANDO MIRANDA,7p1e5
RUA DOUTOR FRANCA FILHO,7p1df0
RUA DOUTOR FRANCISCO ALMEIDA,7p1e
RUA DOUTOR FRANCISCO CERQUEIRA DANTAS,7p1dg
RUA DOUTOR FRANCISCO DA COSTA SOUSA,7p1e4
RUA DOUTOR FRANCISCO PORTELLA,7p1e4
RUA DOUTOR GALVAO,7p1e4
RUA DOUTOR GERSON MOURAO,7p1df
RUA DOUTOR GILSON SERRA E SILVA,7p1e4
RUA DOUTOR HUGO PRADO,7p1e7
RUA DOUTOR INACIO NEIVA LUZ,7p1e
RUA DOUTOR JESUS DA CUNHA ARAUJO,7p1e4 7p1e5
RUA DOUTOR JOAO BASTOS,7p1d
RUA DOUTOR JOAO SOARES,7p1dd
RUA DOUTOR JONAS LUZ,7p1e7
RUA DOUTOR JOSE AUTO DE ABREU,7p1e4
RUA DOUTOR JOSE GOMES NOBREGA,7p1df
RUA DOUTOR JOSE LUIZ VILHENA,7p1e
RUA DOUTOR JOSE RIBEIRO DE CARVALHO,7p1df
RUA DOUTOR JOSE RIBEIRO GONCALVES,7p1e
RUA DOUTOR JURANDIR MARTINS VIEIRA,7p1e7
RUA DOUTOR LUCIO GUILHERMINO DE MOURA,7p1df
RUA DOUTOR LUIZ CARLOS MOUZINHO,7p1e
RUA DOUTOR MARIANO MENDES,7p1e7
RUA DOUTOR MARIO TEODOMIRO CARVALHO,7p1e
RUA DOUTOR MARTINELLE CAVALCA,7p1e1
RUA DOUTOR MATIAS PAZ,7p1d
RUA DOUTOR MAURILIO DO VALE ARAUJO,7p1e3
RUA DOUTOR MILTON AREA LEAO,7p1e3
RUA DOUTOR MILTON LUSTOSA NOGUEIRA,7p1e 7p1e4
RUA DOUTOR MOISES PIMENTEL NETO,7p1e5
RUA DOUTOR NATHAN PORTELA NUNES,7p1e
RUA DOUTOR OTTO TITO,7p1df 7p1dfk
RUA DOUTOR PEDRO TEIXEIRA,7p1dg 7p1dgr
RUA DOUTOR PETRARCA SA,7p1df 7p1dfy
RUA DOUTOR RAIMUNDO BOA VISTA,7p1d 7p1d7
RUA DOUTOR RAIMUNDO PAZ,7p1e4
RUA DOUTOR RAIMUNDO VALENTE FIGUEIREDO,7p1d 7p1d7
RUA DOUTOR ROBERTO DA CUNHA BARROS,7p1d7
RUA DOUTOR RUI LOBAO,7p1e
RUA DOUTOR VALDEI MANOEL RODRIGUES,7p1d 7p1d7
RUA DOUTOR WALTER OLIVEIRA SOUSA,7p1e5
RUA DOUTOR WLADIMIR REGO MONTEIRO,7p1e4
RUA DOUTOR ZENON ROCHA,7p1e 7p1e4
RUA DOUTORA BRUNA DE OLIVEIRA RODRIGUES,7p1e3
RUA DOUTORA LIA-RACHEL DO REGO M MENDES,7p1e5
RUA DOUTORA MARIA CARVALHO SANTOS,7p1e4
RUA DOUTORA MARIA DA LUZ,7p1e9
RUA DOZE DE DEZEMBRO VILA MADRE TERESA,7p1e5
RUA DOZE DE OUTUBRO VILA NOVA,7p1dd
RUA DUMONT VILA TEREZA BRITO,7p1e7
RUA DURVALINO COUTO,7p1e4
RUA E DISTRITO INDUSTRIAL,7p1d 7p1dd 7p1df0
RUA E LOT  NAYKELANE,7p1df
RUA E LOT 7 ESTRELAS IV,7p1d
RUA E LOT ALTEROSAS,7p1e4
RUA E LOT JULIO SOARES I,7p1dd
RUA E LOT TRIUNFO,7p1df
RUA E SETE ESTRELAS I,7p1dd
RUA E VILA PANTANAL,7p1e1r
RUA E VILA SANTA CRUZ,7p1dd
RUA ECONOMISTA AFONSO JUNIOR,7p1df
RUA EDECIO BONA FILHO,7p1e3 7p1e3v
RUA EDEN,7p1e5
RUA EDISON MOURA,7p1e4
RUA EDMAR MOTTA BONA,7p1e
RUA EDMAR PINTO,7p1e5
RUA EDNALDO SOARES FARIAS,7p1d
RUA EDSON ARAUJO,7p1d
RUA EDUARDO GOMES TEIXEIRA,7p1e4
RUA EDVALDO REINALDO,7p1e 7p1e4
RUA EFIGENIA  SANTA,7p1d
RUA EGITO,7p1df
RUA ELCIAS ALMEIDA,7p1df 7p1e4
RUA ELDORADO,7p1e5
RUA ELESBAO VELOSO SOARES,7p1e
RUA ELETRICISTA GUILHERME,7p1e4
RUA ELETRICISTA PAPAGAIO,7p1e3 7p1e3v
RUA ELETRICISTA TIAO,7p1df
RUA ELGER MENDES,7p1d7
RUA ELIAS DE OLIVEIRA E SILVA,7p1e4
RUA ELIAS DO VALE,7p1d 7p1dd
RUA ELIAS HIDD,7p1e4
RUA ELIAS MARTINS,7p1e4
RUA ELIETE COELHO MIRANDA,7p1e4
RUA ELIFRAN PINHO DA ROCHA,7p1df
RUA ELISA FERRAZ NUNES,7p1e3e
RUA ELISABETE VIANA,7p1d
RUA ELISEU FRANCO,7p1e4
RUA ELISEU MARTINS,7p1e1
RUA ELIZABETH BRITO DE MIRADA,7p1e1
RUA ELIZEU  FERREIRA DO NASCIMENTO,7p1e5
RUA ELIZEU FREITAS,7p1dd
RUA ELIZEU RODRIGUES,7p1dd
RUA ELON CONSTANTINO AGUIAR,7p1e
RUA ELPIDIO BRIGIDO DE SA,7p1d7
RUA EMANUEL LIARTH,7p1e 7p1e3
RUA EMANUEL VELOSO,7p1d
RUA EMBAIXADOR FREDERICO CLARK,7p1df
RUA EMIDIO ANDRADE,7p1e7
RUA EMIDIO DA COSTA VELOSO,7p1d7
RUA EMIDIO NUNES,7p1e4
RUA EMILIA NEVES,7p1e3
RUA EMILIO RODRIGUES DA CUNHA,7p1e3
RUA EMPRESARIA GIZA,7p1e1
RUA EMPRESARIO AVELINO CAMPOS,7p1dg 7p1e5
RUA EMPRESARIO JOSE SILVA,7p1e4
RUA ENFERMEIRA DIJE,7p1e5
RUA ENFERMEIRA GLADES ASSUNCAO LIMA,7p1e3
RUA ENFERMEIRA VENERANDA SOUSA,7p1e5
RUA ENFERMEIRO ANISIO MARTINS DA ROCHA,7p1e
RUA ENFERMEIRO SERGIO OLIVEIRA,7p1dg
RUA ENGENHEIRA FRANCISCA ELIZABETH FERREIRA,7p1df
RUA ENGENHEIRO ALVES NORONHA,7p1e3 7p1e3e
RUA ENGENHEIRO ANTONIO DA S BARRADAS FILHO,7p1d 7p1dg
RUA ENGENHEIRO ANTONIO FURTADO,7p1e
RUA ENGENHEIRO CLAUDIO VICENTE PACHECO,7p1d
RUA ENGENHEIRO DJALMA ROCHA,7p1df 7p1dfy
RUA ENGENHEIRO EDUARDO COSTA,7p1df
RUA ENGENHEIRO EDUARDO DE ALMENDRA FREITAS,7p1e5
RUA ENGENHEIRO HELIO CORREIA FILHO,7p1e3v
RUA ENGENHEIRO JOSE CASTELO FILHO,7p1e
RUA ENGENHEIRO JOSE COSTA FILHO,7p1e
RUA ENGENHEIRO JOSUE DE ARAUJO LUZ,7p1e7
RUA ENGENHEIRO LUIS MARTINS BORGES,7p1e1
RUA ENGENHEIRO LUIZ REGO,7p1e4
RUA ENGENHEIRO MARIO CARVALHO FILHO,7p1dd
RUA ENGENHEIRO MIGUEL FURTADO BACELAR,7p1e3
RUA ENGENHEIRO PEDRO DE ALCANTARA VELOSO,7p1e3
RUA ENGENHEIRO RICARDO MOURA,7p1e5
RUA ENGENHEIRO RONALD CARVALHO,7p1e4
RUA ENGENHEIRO SAMPAIO,7p1e1
RUA ENGENHEIRO SENA MACHADO,7p1d7
RUA ENGENHEIRO WILTON MOURA SANTOS,7p1df
RUA ENGRAXATE GIL OLIVEIRA,7p1dd
RUA ENILSON CARVALHO,7p1e4
RUA ENOQUE SOBREIRA,7p1e5
RUA ENXU,7p1dd
RUA EPAMINONDAS CASTELO BRANCO,7p1e4
RUA EPITACIO PESSOA,7p1df
RUA EQUADOR,7p1df 7p1dfn
RUA ERCINIO FORTES,7p1df
RUA ERICA DANTAS DE MORAIS,7p1dd 7p1df 7p1df0
RUA ERLA FREIRE,7p1e5
RUA ERMISON DE JESUS,7p1e3
RUA ERNAN BASTOS SALDANHA,7p1e5
RUA ERVILHA,7p1dgr
RUA ERVITONIO TEODORO,7p1dg 7p1dgr
RUA ESCRAVA ANASTACIA,7p1e3e
RUA ESCRAVA ESPERANA GARCIA,7p1e4
RUA ESCULTOR MURILLO COUTO,7p1df
RUA ESPACIAL,7p1e 7p1e7
RUA ESPEDITO  SANTO,7p1e
RUA ESPERANCA,7p1df 7p1dfk 7p1e5
RUA ESPERANTINA,7p1e4
RUA ESPERANTINA BELA VISTA,7p1df
RUA ESPERANTO,7p1df 7p1dfn
RUA ESPIRITO SANTO,7p1e1
RUA ESPIRITO SANTO VILA SANTA BARBARA,7p1e 7p1e7
RUA ESTADOS UNIDOS,7p1e4
RUA ESTER CASTELO BRANCO,7p1e
RUA ESTEVAM CARVALHO,7p1e4
RUA ESTEVAM NONATO DE SOUSA,7p1e1
RUA ESTHER MOREL,7p1e5
RUA ESTUDANTE AMANDA SANTANA,7p1e7
RUA ESTUDANTE ANTONIO FRANCISCO ARAUJO,7p1e5
RUA ESTUDANTE BARTOLOMEU GLEYSON,7p1e9
RUA ESTUDANTE CLAUDIO ROMERO,7p1e3
RUA ESTUDANTE DANILO ROMERO,7p1e4
RUA ESTUDANTE DEILANE RAQUEL SILVA,7p1e5
RUA ESTUDANTE EDUARDO OLIVEIRA,7p1e1
RUA ESTUDANTE ERIKA DOURADO,7p1e7
RUA ESTUDANTE EVELANY CRISTINA DA SILVA,7p1e5
RUA ESTUDANTE FABIANA NUNES DA CUNHA,7p1e5
RUA ESTUDANTE FABIO CESAR,7p1e5
RUA ESTUDANTE FRANCISCO DE ASSIS JUNIOR,7p1e7
RUA ESTUDANTE FRANCISCO EDVAN LEITE,7p1e5
RUA ESTUDANTE ITALO RANGEL ARAUJO,7p1e5
RUA ESTUDANTE JANIELSON MENDES,7p1e5
RUA ESTUDANTE JOAO F SOBRINHO,7p1e4
RUA ESTUDANTE JOSE FILHO,7p1e5
RUA ESTUDANTE KERLEN BARBOSA ALENCAR,7p1d
RUA ESTUDANTE LEONARDO BARROS,7p1e5
RUA ESTUDANTE LYARA DE AQUINO,7p1e7
RUA ESTUDANTE MOISES RODRIGUES DOS SANTOS,7p1e5
RUA ESTUDANTE MONICA GOMES DA SILVA,7p1e5
RUA ESTUDANTE PAULO PATRICK,7p1e4
RUA ESTUDANTE RAIMUNDO JOSE DA SILVA,7p1e3 7p1e3v
RUA ESTUDARTE CHARLES DELLANO MOURA,7p1df
RUA EUCLIDES CASTRO,7p1ddq
RUA EUFRASIO ALVES DE CASTRO,7p1df0
RUA EUNAPOLIS,7p1e
RUA EUNICE DE JESUS LIMA,7p1e3
RUA EURIPEDES ROSA DA SILVA,7p1dd
RUA EURIPIDES DE AGUIAR,7p1d 7p1df 7p1dfn
RUA EUSTAQUIO PORTELLA,7p1e4
RUA EUSTAQUIO SOARES DE SOUSA,7p1dd
RUA EVANDRO ROCHA,7p1e4
RUA EVANDRO SETUBAL,7p1e4
RUA EVANILDES DE ASSIS SILVA,7p1e7
RUA EVARISTO VELOSO,7p1d
RUA EX-COMBATENTE VICENTE BERNARDINO,7p1e1r
RUA EXISTENTE,7p1e7
RUA EXPEDICIONARIOS DA PAZ,7p1e4
RUA EXPEDITO  SANTO,7p1dgr 7p1e5
RUA EXPEDITO DOS SANTOS FERREIRA,7p1e7
RUA F,7p1e5
RUA F LOT  NAYKELANE,7p1df
RUA F LOT AREIAS,7p1dd
RUA F LOT JULIO SOARES I,7p1dd
RUA F LOT SETE ESTRELAS IV,7p1dd
RUA F LOTEAMENTO PARQUE DOS SONHOS,7p1dd
RUA F VILA PARQUE PROMORAR,7p1dd
RUA FABIANO VIEIRA SILVA,7p1e3
RUA FABIO CANTANHEDE ALVES,7p1dg
RUA FABRICIO DE AREA LEAO,7p1dgr 7p1e5
RUA FAGUNDES VARELA,7p1e1
RUA FALCAO,7p1e
RUA FARMACEUTICO ACRISIO SAMPAIO,7p1e7
RUA FARMACEUTICO COLLECT FONSECA,7p1df 7p1dg
RUA FARMACEUTICO JOAO CARVALHO,7p1e4 7p1e5
RUA FARMACEUTICO JOSE PEREIRA LOPES,7p1dg 7p1dgr 7p1e5
RUA FARMACEUTICO RAUL BARCELAR,7p1e5 7p1e7
RUA FATIMA OLIVEIRA,7p1df
RUA FEIRA DE SANTANA,7p1df
RUA FELICIANO LUZ PEREIRA,7p1d
RUA FELIPE CAMARAO,7p1e1
RUA FELIX AIRES,7p1e3
RUA FELIX PACHECO,7p1e1
RUA FENELON CASTELO BRANCO,7p1e4
RUA FENELON SILVA,7p1df
RUA FERDINAND DE JESUS LOPES,7p1dd 7p1df
RUA FERDINAND FREITAS,7p1dg
RUA FERNANDO DE NORONHA,7p1e1
RUA FERNANDO HENRIQUE RODRIGUES,7p1e5 7p1e7
RUA FERNANDO MARQUES NETO,7p1e3
RUA FERNANDO PIRES FERREIRA,7p1e3
RUA FERNANDO SILVA CASTRO,7p1e3
RUA FERROVIARIA,7p1e5
RUA FIDALMA BOAVISTA GONDIM,7p1e4
RUA FIDALMA MARTINS DE CARVALHO,7p1e
RUA FILIPINAS,7p1e1 7p1e3
RUA FILOMENA FRANCISCA DE SOUSA,7p1dg
RUA FILOMENA LAGES DE CARVALHO,7p1dg 7p1e5
RUA FIRMINO DA PAZ,7p1d 7p1df
RUA FIRMINO DE SOUSA MARTINS,7p1dg 7p1e5
RUA FIRMINO PIRES,7p1d 7p1df 7p1e1
RUA FIRMINO TEIXEIRA AMARAL,7p1dd
RUA FIRMINO VIANA,7p1e4
RUA FISCAL EDGAR DIAS CARNEIRO,7p1e7
RUA FISCAL ENOCH SOARES,7p1e5
RUA FISCAL JOSE DE CASTRO,7p1e1
RUA FISCAL MANOEL MENDES,7p1dd
RUA FISCAL RIBEIRINHO,7p1e3v
RUA FLABIO FILHO,7p1e5
RUA FLORES,7p1e4
RUA FLORESTA,7p1e
RUA FLORESTAL,7p1e3
RUA FLORIDA,7p1e3
RUA FLORIVALDO MARTINS DA ROCHA,7p1e3 7p1e3v
RUA FLORIZA ABREU,7p1e 7p1e3v
RUA FLORIZA MARTINS DE CARVALHO,7p1e 7p1e4
RUA FLORO SOARES,7p1dg
RUA FOCION CALDAS,7p1e5
RUA FOGOPAGO,7p1e
RUA FOLCLORISTA JOSE DE DEUS,7p1e5
RUA FONTES IBIAPINA,7p1e 7p1e4
RUA FORMOSA,7p1e7
RUA FORTALEZA,7p1e3e 7p1e9
RUA FOTOGRAFO ATUNIEL FERNANDES,7p1e5 7p1e7
RUA FOTOGRAFO CARIOCA,7p1e 7p1e3
RUA FOTOGRAFO COSTINHA,7p1df 7p1e4
RUA FOTOGRAFO JOSE MEDEIROS,7p1e3
RUA FOTOGRAFO LOURO,7p1e1
RUA FRANCISCA ALVES DOS REIS,7p1dd
RUA FRANCISCA DE MELO LOBO,7p1d 7p1df
RUA FRANCISCA DOS S PORTELA,7p1dd
RUA FRANCISCA LAERTE,7p1df
RUA FRANCISCA MARIA DE JESUS,7p1e9
RUA FRANCISCA MARIA LEMOS,7p1e
RUA FRANCISCA MARTINS,7p1dd
RUA FRANCISCA SENA ROSA,7p1dg
RUA FRANCISCO,7p1d
RUA FRANCISCO ALVES DOS REIS,7p1dd
RUA FRANCISCO APOLINARIO DE SOUSA,7p1e5 7p1e7
RUA FRANCISCO ARAUJO FORTES,7p1e4
RUA FRANCISCO AZEVEDO,7p1e4
RUA FRANCISCO BRAZ DA CRUZ,7p1e3v
RUA FRANCISCO BRITO SOUSA,7p1e7
RUA FRANCISCO CASSIANO DE BRITO,7p1df
RUA FRANCISCO CELSO LEITAO,7p1df 7p1dg
RUA FRANCISCO CHAGAS PEREIRA VIEIRA,7p1dg
RUA FRANCISCO DA SILVA,7p1e4
RUA FRANCISCO DAS CHAGAS BORGES,7p1dd 7p1df
RUA FRANCISCO DAS CHAGAS CARVALHO,7p1dd
RUA FRANCISCO DAS CHAGAS FIGUEREDO,7p1dg
RUA FRANCISCO DE OLIVEIRA,7p1d
RUA FRANCISCO DE SOUSA MARTINS,7p1dg 7p1dgr
RUA FRANCISCO DO REGO MONTEIRO,7p1e7
RUA FRANCISCO FALCAO COSTA,7p1e4
RUA FRANCISCO FALCAO DE CARVALHO,7p1e5
RUA FRANCISCO FELIX FILHO,7p1df
RUA FRANCISCO FREITAS,7p1d 7p1dd
RUA FRANCISCO G  VERAS,7p1dd
RUA FRANCISCO HILARIO,7p1dd 7p1df
RUA FRANCISCO LIMA COUTO,7p1dg 7p1dgr
RUA FRANCISCO LINS DA TRINDADE,7p1e5
RUA FRANCISCO LUCAS PEREIRA,7p1e5
RUA FRANCISCO MAGNOLIA,7p1e9
RUA FRANCISCO MARQUES CASTRO,7p1e3 7p1e3e
RUA FRANCISCO MENDES,7p1e1
RUA FRANCISCO MONTEIRO ROSA,7p1e
RUA FRANCISCO MOURA ARAUJO,7p1dg
RUA FRANCISCO NORONHA CARLOS,7p1e5
RUA FRANCISCO NUNES DA ROCHA,7p1e9
RUA FRANCISCO PIMENTEL CUNHA,7p1e3
RUA FRANCISCO PRADO,7p1e4
RUA FRANCISCO RODRIGUES DA SILVA,7p1e
RUA FRANCISCO SALES VERAS,7p1dd
RUA FRANCISCO SAMPAIO,7p1e1
RUA FRANCISCO SOARES DA SILVA,7p1df
RUA FRANCO DA ROCHA,7p1e1
RUA FRASSINETE ARAUJO,7p1dd
RUA FREI DAMIAO,7p1dfk
RUA FREI FABIANO DE CRISTO,7p1e3
RUA FREI GALVAO,7p1e7
RUA FREI GERALDO MARTINS,7p1e3
RUA FREI MANOEL BEZERRA,7p1e3
RUA FREI SEGISMUNDO,7p1e1
RUA FREIRE DE ANDRADE,7p1e4
RUA FRIBURGO,7p1e1
RUA FRONTAL,7p1e
RUA FRONTEIRAS,7p1e3
RUA G D INDUSTRIAL,7p1d
RUA G LOT JULIO SOARES I,7p1dd
RUA G LOT SETE ESTRELAS IV,7p1dd
RUA GABINO BESOURO,7p1e1
RUA GABRIEL DIONISIO,7p1e3
RUA GABRIEL EVANGELISTA DE SOUSA,7p1dg
RUA GABRIEL FERREIRA,7p1d 7p1df 7p1dfn 7p1e1
RUA GABRIEL LIMA NETO,7p1e
RUA GABRIEL SOARES,7p1df 7p1dfy
RUA GAGO COUTINHO,7p1e1
RUA GAL PADILHA,7p1e
RUA GALEAO,7p1dg
RUA GALERIA,7p1e4
RUA GALILEIA,7p1dg 7p1e
RUA GALILEU BORGES DE OLIVEIRA,7p1e1
RUA GALILEU VELOSO,7p1e3
RUA GALTON WALL,7p1e3
RUA GAMA,7p1e3
RUA GAMELEIRA,7p1dd
RUA GARCOM EDVALDO BARBOSA DE SOUZA,7p1e5
RUA GARCOM EPAMINONDAS CAVALCANTE,7p1df
RUA GARDENIA,7p1e4
RUA GARDIE SILVEIRA DE SOUSA,7p1df
RUA GARJAO,7p1dd
RUA GASTON DE GRESLAN,7p1e1 7p1e1r
RUA GAVIAO,7p1e
RUA GENERAL ABIMAEL CARVALHO,7p1e3 7p1e3v
RUA GENERAL ADELMAR ROCHA,7p1e4
RUA GENERAL FORTES CASTELO BRANCO,7p1e4
RUA GENERAL GENTIL PAES,7p1e3
RUA GENERAL JOAO HENRIQUE GAYOSO,7p1d 7p1dd 7p1df0
RUA GENERAL LAGES,7p1e4
RUA GENERAL LINDOMAR DUTRA,7p1dg 7p1dgr
RUA GENERAL OSORIO,7p1e4
RUA GENES CELESTE,7p1e4
RUA GENOVEVA,7p1e
RUA GENU MORAES,7p1df 7p1df0
RUA GEOLOGO JOAO ALBINO ROCHA,7p1e4
RUA GERALDA PACHECO,7p1df 7p1dfk
RUA GERALDINO LEITAO,7p1e4
RUA GERALDO CASTELO BRANCO,7p1e5
RUA GERALDO MAGNO DE SOUSA,7p1dg
RUA GERARDO MARQUES DOS SANTOS,7p1dg
RUA GERSON GOMES,7p1e
RUA GERSON LUCENA,7p1e5
RUA GERVASIO COSTA,7p1e4
RUA GHANDI,7p1e4
RUA GIBRALTAR,7p1df 7p1dg
RUA GIL ANDRADE,7p1d
RUA GILBERTO AGUIAR CHAVES,7p1d7
RUA GILBERTO DA CRUZ ROCHA,7p1e3
RUA GILBERTO FREIRE,7p1dd
RUA GILBUES,7p1d
RUA GILDO RODRIGUES,7p1dd
RUA GIRINALDO BATISTA,7p1e1
RUA GISLAINE MARIA PRADO,7p1e4
RUA GLAUBER ROCHA,7p1e1r
RUA GODOFREDO FREIRE,7p1df
RUA GOETHE SANDES,7p1df
RUA GOIALANDIA,7p1dd
RUA GOIANIA,7p1dg
RUA GOIAS,7p1e4
RUA GONCALO CAVALCANTE,7p1e4
RUA GONCALO MARQUES DE CASTRO,7p1e3
RUA GONCALO NUNES,7p1df
RUA GONCALO SOARES MONTEIRO,7p1e4
RUA GONCALVES DIAS,7p1df
RUA GONCALVES LEDO,7p1e1 7p1e3
RUA GOVERNADOR ALVARO LOPES MACHADO,7p1e9
RUA GOVERNADOR ARTUR DE VASCONCELOS,7p1e1 7p1e3 7p1e4
RUA GOVERNADOR CORIOLANO CARVALHO,7p1df 7p1dfn
RUA GOVERNADOR JOAO CLIMACO,7p1dg
RUA GOVERNADOR JOCA PIRES,7p1e4
RUA GOVERNADOR TIBERIO NUNES,7p1e4
RUA GRACENA,7p1dd
RUA GRACIOSA,7p1e3
RUA GRAFITE,7p1e3
RUA GRAHAM BELL,7p1e4
RUA GRANADA,7p1e4
RUA GRANITO,7p1e3 7p1e3e
RUA GRAVATAR,7p1e
RUA GRECIA,7p1df
RUA GROELANDIA,7p1e1
RUA GUARACI,7p1e3
RUA GUARACY FARIAS E SILVA,7p1e
RUA GUARANI,7p1df
RUA GUARATUBA,7p1e5
RUA GUIANA,7p1dg
RUA GUIOMAR CARVALHO,7p1e
RUA GURGUEIA,7p1df 7p1dfk
RUA H LOT JULIO SOARES I,7p1dd
RUA H LOT NAYKELANE,7p1df
RUA H LOT NOVA BRASILIA,7p1e1r
RUA H. DOBAL,7p1df
RUA HAITI,7p1df
RUA HAMILTON BOTELHO,7p1e
RUA HAMILTON NASCIMENTO,7p1df
RUA HAMILTON SARAIVA DANTAS,7p1e5
RUA HAROLDO DE CARVALHO COUTO,7p1e4
RUA HAVANA,7p1e3
RUA HEGESIPO MARQUES SERVIO,7p1dg
RUA HEITOR CASTELO BRANCO,7p1e1 7p1e4
RUA HELENA CLEMENTINO SANTOS,7p1e9
RUA HELI CASTELO BRANCO,7p1e4
RUA HELIO CORREIA LIMA,7p1df
RUA HELIOPOLIS,7p1e5
RUA HELLY BATISTA,7p1e
RUA HELOISA SOARES,7p1d7
RUA HELONEIDA REINALDO,7p1e 7p1e4
RUA HELVIDIO FERRAZ,7p1e4
RUA HENRIQUE COUTO,7p1df 7p1df0
RUA HENRIQUE DIAS,7p1d 7p1dfn
RUA HENRIQUETA TEIXEIRA,7p1dd
RUA HERACLITO DE SOUSA,7p1df 7p1dfn
RUA HERBERT PARENTES FORTES,7p1e4
RUA HERMANTINO RODRIGUES GONCALVES,7p1dd
RUA HERMES PINHEIRO,7p1e4
RUA HERMES VIANA,7p1e4
RUA HERMINIO CONDE,7p1df
RUA HERMOGENES CARVALHO,7p1dg 7p1dgr
RUA HERNESTO EMANUEL,7p1e3 7p1e3e
RUA HIDROLANDIA,7p1e
RUA HILDEBRANDO DOS SANTOS ARAUJO,7p1e
RUA HIROXIMA,7p1e3
RUA HONORATO GOMES,7p1dg
RUA HONORINA RAULINO COSTA,7p1d
RUA HONORIO PARENTES,7p1e4
RUA HONORIO SILVA,7p1dg 7p1dgr
RUA HORTOLANDIA,7p1e
RUA HUGO NAPOLEAO,7p1e4
RUA HUGO SOARES DA SILVA,7p1dg
RUA HUMAITA,7p1e1
RUA HUMANIZADA,7p1e3 7p1e3e 7p1e3v
RUA HUMANIZADA CONJ JOSE F DE ALM. NETO,7p1e3v
RUA HUMBERTO CARVALHO SANTOS,7p1dg
RUA HUMBERTO DE CAMPOS,7p1df 7p1df0
RUA HUNGRIA,7p1e1
RUA I CONJ FRATERNIDADE,7p1e4
RUA I CONJ RES MANOEL DAMASIO,7p1d
RUA I LOT  ORGMAR MONTEIRO,7p1e7
RUA I LOT BELA VISTA III,7p1dd
RUA I LOT CIDADE NOVA,7p1dg
RUA I LOT HUGO PRADO,7p1df
RUA I LOT JARDIM DOS PASSAROS,7p1dg
RUA I LOT JULIO SOARES I,7p1dd
RUA I LOT LAGOA AZUL,7p1e1
RUA I LOT MIRANTE DOS MORROS,7p1e7
RUA I LOT NOVA SANTANA,7p1d
RUA I LOT PROF WALL FERRAZ,7p1d7
RUA I LOT REAL VILLE,7p1e7
RUA I LOT SETE ESTRELAS VI,7p1d
RUA I LOT VILLA RICA,7p1e7
RUA I LOTEAMENTO PORTAL DA ALEGRIA VIII,7p1d 7p1d7
RUA I PORTAL DA ESPERANCA,7p1e
RUA I PORTO RICO II,7p1dg
RUA I RES POTY,7p1e3
RUA I RESIDENC SOL NASCENTE,7p1e5
RUA I VILA MEIO NORTE,7p1e
RUA IARA,7p1dfn
RUA IASO MACHADO ALMEIDA,7p1e7
RUA IBERNON BANDEIRA,7p1e4
RUA IGARACU,7p1e1
RUA IGUACU,7p1df 7p1dg
RUA IGUATU,7p1e3
RUA II - LOT PROF WALL FERRAZ,7p1d7
RUA II COND ALDEBARAN VILLE,7p1e
RUA II CONJ ITAPERU,7p1e3
RUA II CONJ RES MANOEL DAMASIO,7p1d
RUA II LOT BELA VISTA III,7p1dd 7p1df
RUA II LOT CIDADE NOVA,7p1dg
RUA II LOT CIDADE VERDE,7p1dg
RUA II LOT HELIOPOLIS,7p1e5
RUA II LOT HUGO PRADO,7p1df
RUA II LOT MIRANTE DOS MORROS,7p1e7
RUA II LOT PORTAL DA ESPERANCA,7p1e
RUA II LOT PORTO RICO II,7p1dg
RUA II LOT PQ ELDORADO,7p1e4
RUA II LOT PQ MANUEL EVANGELISTA,7p1dg
RUA II LOT REAL VILLE,7p1e7
RUA II LOT SOCOPO CIDADE JARDIM,7p1e
RUA II RES POTY,7p1e3
RUA II RES SOL NASCENTE,7p1e5
RUA II RESID JARDIM CANELEIRO,7p1d 7p1d7
RUA IIA CONJ BELA VISTA II,7p1df
RUA IIA CONJ RES MANOEL DAMASIO,7p1d
RUA III CONJ RES MANOEL DAMASIO,7p1d
RUA III LOT ALDEBARAN VILLE,7p1e
RUA III LOT ALTO BONITO,7p1dd
RUA III LOT BELA VISTA III,7p1dd 7p1df
RUA III LOT CIDADE INDUSTRIAL,7p1d7
RUA III LOT CIDADE VERDE,7p1dg
RUA III LOT JOAO PEREIRA II,7p1dd
RUA III LOT MIRANTE DOS MORROS,7p1e7
RUA III LOT NOVA SANTANA,7p1dg
RUA III LOT NOVA THERESINA,7p1e
RUA III LOT ORGMAR MONTEIRO,7p1e5
RUA III LOT PARQUE IDEAL,7p1e5
RUA III LOT PARQUE JOCKEY,7p1e4
RUA III LOT PORTAL DA ALEGRIA VIII,7p1d 7p1d7
RUA III LOT PORTAL DA ESPERANCA,7p1e
RUA III LOT PORTO RICO II,7p1dg
RUA III LOT PQ ANTARTICA,7p1dd
RUA III LOT PQ ELDORADO,7p1e4
RUA III LOT PROF WALL FERRAZ,7p1d7
RUA III LOT REAL VILLE,7p1e7
RUA III LOT RENASCENCA III,7p1dg
RUA III LOT SAN MARINO,7p1e5
RUA III LOT VERDE CAP II,7p1d
RUA III LOT VILLA RICA,7p1e7
RUA III LOT ZOOBOTANICO II,7p1e
RUA III PARQUE WALL FERRAZ,7p1e9
RUA III RES CATARINA,7p1df
RUA III RES SOL NASCENTE,7p1e5
RUA III VILA MEIO NORTE,7p1e
RUA III-A LOT REAL VILLE,7p1e7
RUA ILMA VANDA DANTAS DA ROCHA,7p1e7
RUA ILZA CASTELO BRANCO,7p1e4 7p1e5
RUA IMPERATRIZ,7p1df
RUA IMPERATRIZ TERESINA CRISTINA,7p1d
RUA INACIO COSTA,7p1dd 7p1e3
RUA INACIO COSTA FILHO,7p1dd
RUA INDEPENDENCIA,7p1e1
RUA INDUSTRIAL FRANCISCO CASTRO,7p1e4
RUA INDUSTRIAL FRANCISCO DA CRUZ,7p1e5 7p1e7
RUA INDUSTRIAL JOSE CAMILO DA SILVEIRA,7p1e4
RUA INDUSTRIAL JOSE LAPA,7p1e9
RUA INEMA,7p1dd
RUA INES FRANCA,7p1dd
RUA INES TEIXEIRA,7p1dd
RUA INHUMA,7p1e5
RUA INSPETOR INACIO JUNIOR,7p1e
RUA INTERNA,7p1df
RUA INTERVENTOR TEODORO SOBRAL,7p1e3
RUA INVESTIGADOR CHICO HONORATO,7p1e9
RUA IOLANDA BARATTA,7p1e4
RUA IPANEMA,7p1e1
RUA IPE,7p1e 7p1e4
RUA IPIRANGA,7p1e4
RUA IRACI MOURA FE,7p1df
RUA IRACILDA DE OLIVEIRA MATOS,7p1e7
RUA IRACY AVELINO DO LAGO,7p1e7
RUA IRAN CAVALCANTE FIALHO,7p1dg
RUA IRANEIDE EVANGELISTA DE SA,7p1dg
RUA IRAQUE,7p1dg
RUA IRINEU BEZERRA DO NASCIMENTO,7p1d
RUA IRINEU VELOSO DA COSTA,7p1dg
RUA IRISLANDIA,7p1e3
RUA IRLANDA,7p1dg 7p1e5
RUA IRMA ALZIRA CARVALHO,7p1dd 7p1df
RUA IRMA ANGELICA ARNAUT,7p1e3
RUA IRMA CATARINA LEVRINI,7p1e3
RUA IRMA DULCE,7p1e 7p1e1
RUA IRMA GIUSTINA NOCE,7p1dg
RUA IRMA JACIRA DE SOUSA,7p1e3
RUA IRMA MARIA CARITAS,7p1e1
RUA IRMA MARIA DO AMPARO,7p1df
RUA IRMA MERCEDES,7p1df
RUA IRMAO GUIDO,7p1df
RUA IRMAS CARMELITAS,7p1e3
RUA ISAAC FERREIRA,7p1e4
RUA ISAAC IRINEU,7p1e3
RUA ISABEL ELISA OLIVEIRA,7p1df
RUA ISABEL TAJRA,7p1e4
RUA ISAIAS COELHO,7p1df 7p1dfk
RUA ISOLETE FERRAZ,7p1e4
RUA ISRAEL,7p1dg
RUA ITABIRA,7p1dd
RUA ITABUNA,7p1df
RUA ITAERCIO CAVALCANTE DO CARMO,7p1d7
RUA ITAGUAI,7p1e7
RUA ITAICI,7p1dd
RUA ITAJA,7p1e5
RUA ITAMARACA,7p1e
RUA ITAMARATI,7p1e1
RUA ITAOCA,7p1dfk
RUA ITAPARE,7p1e5
RUA ITAPETINGA,7p1e5
RUA ITAPIRANGA,7p1d 7p1d7
RUA ITAUEIRA,7p1df 7p1dfk
RUA IV,7p1e5
RUA IV CONJ RES MANOEL DAMASIO,7p1d
RUA IV DESM SALES I,7p1dg
RUA IV LOT ALDEBARAN VILLE,7p1e
RUA IV LOT ALTO BONITO,7p1dd
RUA IV LOT ANGELICA,7p1e5
RUA IV LOT BELA VISTA III/ SAO LOURENCO,7p1df
RUA IV LOT CIDADE INDUSTRIAL,7p1d7
RUA IV LOT CIDADE VERDE,7p1dg
RUA IV LOT JARDIM DOS PASSAROS,7p1dg
RUA IV LOT NOVA THERESINA,7p1e
RUA IV LOT ORGMAR MONTEIRO,7p1e5
RUA IV LOT PARQUE IDEAL,7p1e5
RUA IV LOT PORTAL DA ALEGRIA VIII,7p1d 7p1d7
RUA IV LOT PORTAL DA ESPERANCA,7p1e
RUA IV LOT PROF WALL FERRAZ,7p1d7
RUA IV LOT REAL VILLE,7p1e7
RUA IV LOT SAN MARINO,7p1e5
RUA IV LOT VILLA RICA,7p1e7
RUA IV LOT ZOOBOTANICO II,7p1e
RUA IV RES CATARINA II,7p1df
RUA IV VILA APOLONIA,7p1e3
RUA IV-A LOT REAL VILLE,7p1e7
RUA IVALDO SOARES SOUSA,7p1df
RUA IVAN SOBRAL ARCOVERDE,7p1e
RUA IVAN TITO DE OLIVEIRA,7p1df 7p1df0
RUA IVANY VERAS,7p1dg
RUA IVONILDES SEABRA,7p1df 7p1dfk
RUA IX CONJ BELA VISTA II,7p1df
RUA IX CONJ RES MANOEL DAMASIO,7p1d
RUA IX LOT  NOVA TERESINA,7p1e
RUA IX LOT ALDEBARAN VILLE,7p1e
RUA IX LOT CIDADE INDUSTRIAL,7p1d7
RUA IX LOT HUGO PRADO,7p1df
RUA IX LOT JURUA,7p1e7
RUA IX LOT NOVA SANTANA,7p1d
RUA IX LOT PORTAL DA ESPERANCA,7p1e
RUA IX LOT REAL VILLE,7p1e7
RUA IX LOT SETE ESTRELAS VII,7p1d
RUA IX LOTEAMENTO PORTAL DA ALEGRIA VIII,7p1d
RUA IX PARQUE WALL FERRAZ,7p1e9
RUA IX RES DIGNIDADE,7p1dd
RUA IX VILA PALMEIRAS,7p1dd
RUA IZA LAGES DE CARVALHO,7p1df
RUA IZABELLY BARROSO  EST,7p1d7
RUA J LOT PORTO DO CENTRO,7p1e7
RUA J-1 (SERRINHA),7p1e
RUA JABOATAO,7p1e
RUA JACINTA ANDRADE,7p1e 7p1e4
RUA JACINTO RUFINO MACEDO,7p1df
RUA JACKSON MOREIRA  RADIALISTA,7p1e3
RUA JACOB MARTINS,7p1d 7p1df
RUA JACUTINGA,7p1e7
RUA JAGUARUNA,7p1e5 7p1e7
RUA JAICOS,7p1e4
RUA JAIME DA BOTICA,7p1e 7p1e4
RUA JAIME DA SILVEIRA,7p1e4
RUA JAIME FORTES,7p1dg
RUA JAIME FORTES CASTELO BRANCO,7p1df
RUA JAMAICA,7p1e3
RUA JAMANTA,7p1e9
RUA JAMBO,7p1e1
RUA JAMES GUERRA OLIVEIRA,7p1e5 7p1e7
RUA JAMES SEGUNDO,7p1dd
RUA JANA M BARROSO,7p1e5
RUA JANDAIRA,7p1e
RUA JANE PADUA LOPES,7p1e4
RUA JANGADA,7p1dg
RUA JARBAS MARTINS,7p1e4
RUA JARDILINO SILVESTRE LAY,7p1e7
RUA JARDINOPOLIS,7p1e5
RUA JASMIM,7p1e4
RUA JASMIM DIAS,7p1e9
RUA JATO DELTA,7p1e
RUA JAU,7p1e
RUA JEAN LE-LONES,7p1e3
RUA JEQUIE,7p1e
RUA JERICO,7p1df
RUA JERUMENHA,7p1e3 7p1e3e
RUA JERUSALEM,7p1e3e
RUA JESSINARA CASTRO PEREIRA,7p1e
RUA JESUITA,7p1e
RUA JESUS TOMAZ TAJRA,7p1e4
RUA JOACABA,7p1e9
RUA JOANA ALVES DE SA,7p1dg
RUA JOANA DE CASTRO BRANDAO,7p1df
RUA JOAO ANTONIO LEITAO,7p1e4
RUA JOAO AYRES CAVALCANTE,7p1e1
RUA JOAO BATISTA LOUREIRO,7p1dd
RUA JOAO BERNARDO DA SILVA,7p1df0
RUA JOAO BORGES DE SOUSA,7p1e4
RUA JOAO BORGES DO NASCIMENTO,7p1e1
RUA JOAO CABRAL,7p1d 7p1e1
RUA JOAO CANRADO,7p1e9
RUA JOAO CARDOSO,7p1e9
RUA JOAO CARNEIRO DA SILVA,7p1dfy 7p1dg
RUA JOAO CARVALHO,7p1e4
RUA JOAO CONTO DE REIS,7p1e3
RUA JOAO CORDEIRO LOPES,7p1dd
RUA JOAO CRAVEIRO DE MELO,7p1e
RUA JOAO CRISOSTOMO E SILVA,7p1e4
RUA JOAO CRISTOVAO  GARI,7p1df
RUA JOAO CRUZ,7p1dd
RUA JOAO DA CRUZ MONTEIRO,7p1e4
RUA JOAO DA PAIVA,7p1e4
RUA JOAO DAMASCENO,7p1e4
RUA JOAO DE BARRO,7p1e
RUA JOAO DE DEUS FONSECA,7p1e4
RUA JOAO DE DEUS MARTINS,7p1dd
RUA JOAO DE JESUS PINHEIRO,7p1e9
RUA JOAO DEL REI  SAO,7p1e3e
RUA JOAO DELMIRO,7p1e9
RUA JOAO DOMINGOS RAMOS,7p1dg 7p1dgr 7p1e5
RUA JOAO EMILIO FALCAO,7p1e4
RUA JOAO EVANGELISTA DE SOUSA SOBRINHO,7p1dg
RUA JOAO FRANCA DO VALE,7p1d 7p1dd
RUA JOAO FRANCISCO DOS SANTOS,7p1e7
RUA JOAO FRANCISCO FERRY,7p1e3
RUA JOAO FREITAS,7p1df
RUA JOAO HENRIQUE REBELO,7p1e1 7p1e1r
RUA JOAO IRINEU,7p1df
RUA JOAO JOSE RODRIGUES,7p1e1
RUA JOAO LUIS,7p1e3
RUA JOAO MAO CHEINHA,7p1e3 7p1e3e
RUA JOAO MARQUES,7p1e4
RUA JOAO MARTINS DO REGO,7p1e4 7p1e5
RUA JOAO MIGUEL BUDARUICHE,7p1d
RUA JOAO PAULO II AGUA MINERAL,7p1e3
RUA JOAO PAULO II VILA SAO FRANCISCO SUL,7p1dd
RUA JOAO PEREIRA CALDAS,7p1e7
RUA JOAO PINHEIRO,7p1e1
RUA JOAO PINTO DE MELO,7p1dd 7p1df
RUA JOAO PIRES BARBOSA,7p1e1
RUA JOAO RAMALHO,7p1e1r 7p1e3
RUA JOAO RESENDE,7p1dd 7p1df
RUA JOAO SAO VILA SANTA BARBARA,7p1e7
RUA JOAO SENA,7p1e5
RUA JOAO SIQUEIRA ARAUJO,7p1dd
RUA JOAO VIRGILIO,7p1d
RUA JOAO VIVEIROS DOS SANTOS,7p1df
RUA JOAQUIM BARROSO,7p1d
RUA JOAQUIM CAMPELO FONSECA,7p1e4
RUA JOAQUIM CARLOS ARAGAO,7p1e
RUA JOAQUIM DA SILVA BORGES,7p1e4
RUA JOAQUIM DIAS DE SANTANA,7p1df 7p1dfk
RUA JOAQUIM GOMES DA COSTA,7p1e4
RUA JOAQUIM MENDES DE OLIVEIRA,7p1dg
RUA JOAQUIM NELSON,7p1dg 7p1e5
RUA JOAQUIM NUNES,7p1df
RUA JOAQUIM PEREIRA DO NASCIMENTO,7p1df 7p1dfk
RUA JOAQUIM RODRIGUES LIMA,7p1d7
RUA JOB SERVIO FERREIRA,7p1dg 7p1e5
RUA JOCA BROXADO,7p1df
RUA JOE SOARES FERRY,7p1e1
RUA JOEL DA CUNHA MENDES,7p1df
RUA JONAS ALVES DE SOUSA,7p1e9
RUA JONAS CORREA,7p1e4
RUA JONAS FAUSTINO DE LIMA,7p1e3
RUA JONAS FERNANDO SEPULVEDA LIMA,7p1e3
RUA JONAS SILVA,7p1e4
RUA JONATAS BATISTA,7p1e1
RUA JONATAS REIS,7p1dd
RUA JORGE CURY,7p1e1
RUA JORGE JOAO TAJRA,7p1e4
RUA JORGE MAZUAD,7p1df
RUA JORGE WAQUIM,7p1e7
RUA JORNALISTA ALBERONI FILHO,7p1e5
RUA JORNALISTA ANTONIO DINIZ,7p1dg
RUA JORNALISTA ARAUJO MESQUITA,7p1e5
RUA JORNALISTA ARMANDO BASTO,7p1e4
RUA JORNALISTA CLIMERIO LIMA,7p1e
RUA JORNALISTA COSTA FILHO,7p1e
RUA JORNALISTA DA COSTA RIBEIRO,7p1e
RUA JORNALISTA DONDOM,7p1e4
RUA JORNALISTA EUDES PEREIRA,7p1e3
RUA JORNALISTA GILBERTO MELO,7p1dg
RUA JORNALISTA HELDER FEITOSA,7p1e 7p1e4
RUA JORNALISTA HUMBERTO LEAL,7p1dd
RUA JORNALISTA JOAO ROCHA MARINHO,7p1e 7p1e4
RUA JORNALISTA JOEL OLIVEIRA,7p1e7
RUA JORNALISTA JOSE COSTA,7p1e5 7p1e7
RUA JORNALISTA JOSE LOPES DOS SANTOS,7p1df
RUA JORNALISTA JOSE PATRICIO FRANCO,7p1e4 7p1e5
RUA JORNALISTA JOSE REGO,7p1e4
RUA JORNALISTA JULIO CESAR GALVAO,7p1e7
RUA JORNALISTA LIVIO LOPES,7p1dg 7p1dgr
RUA JORNALISTA LUIZ BELLO,7p1dd
RUA JORNALISTA MARIO SOARES,7p1e 7p1e4 7p1e5
RUA JORNALISTA MAURO RUBEN,7p1e
RUA JORNALISTA OFELIO LEITAO,7p1e5
RUA JORNALISTA OLIMPIO GUILHERME LUSTOSA,7p1df
RUA JORNALISTA OSORIO JUNIOR,7p1d7
RUA JORNALISTA PIRES DE SABOIA,7p1e4 7p1e5
RUA JORNALISTA RAL,7p1e4 7p1e5
RUA JORNALISTA RONALDO MICHAEL,7p1e9
RUA JORNALISTA VIEIRA CHAVES,7p1df 7p1dfy 7p1dg
RUA JORNALISTA WILSON FERNANDO,7p1df
RUA JORNALISTA ZILMA MARTINS,7p1d
RUA JOSE ABILIO,7p1e1
RUA JOSE ALFREDO DE SOUSA,7p1df
RUA JOSE ALVES ALMEIDA,7p1e 7p1e4
RUA JOSE ALVES CARVALHO,7p1e4
RUA JOSE ALVES DA SILVA,7p1e4
RUA JOSE AUGUSTO LUSTOSA,7p1dd
RUA JOSE BELEZA,7p1e4
RUA JOSE BEZERRA DE ANDRADE,7p1e7
RUA JOSE BEZERRA DE ARAUJO,7p1dd
RUA JOSE BONFIM CAMPELO,7p1e7
RUA JOSE BRANQUINHO,7p1dfk
RUA JOSE CAMPELO NETO,7p1d7
RUA JOSE CARLOS CASTELO BRANCO,7p1df
RUA JOSE CARLOS VERAS,7p1dd
RUA JOSE CARVALHO,7p1e4
RUA JOSE CLEMENTE PEREIRA,7p1e1
RUA JOSE COMPASSO,7p1e1 7p1e1r
RUA JOSE CONSTANCIO DE OLIVEIRA,7p1e3 7p1e3e
RUA JOSE CORIOLANO,7p1e4
RUA JOSE COUTO CASTELO BRANCO,7p1e5
RUA JOSE DA COSTA ARAUJO,7p1d7
RUA JOSE DA SILVA TORRES,7p1dd
RUA JOSE DE ABREU,7p1df
RUA JOSE DE ALMEIDA OLIVEIRA,7p1dd
RUA JOSE DE FREITAS,7p1e3
RUA JOSE DE LIMA,7p1e4
RUA JOSE DE RIBAMAR SILVA,7p1dd
RUA JOSE DION TELES,7p1e3 7p1e3e
RUA JOSE DO CARMO LEAL,7p1df
RUA JOSE DO PATROCINIO,7p1e4
RUA JOSE DOS B  VERAS,7p1dd
RUA JOSE DOS SANTOS,7p1dd
RUA JOSE DRUMOND SILVA,7p1dd
RUA JOSE EBAID,7p1df 7p1dfy 7p1dg
RUA JOSE EVANGELISTA COELHO,7p1dg
RUA JOSE FELINTO DE SOUSA,7p1e5
RUA JOSE FELIX FERREIRA,7p1df 7p1dfk
RUA JOSE FILO,7p1d
RUA JOSE FORTES DE PADUA,7p1e4
RUA JOSE GOMES CHAVES,7p1d
RUA JOSE GONCALVES,7p1e9
RUA JOSE GUILHERME REGO MONTEIRO,7p1dg
RUA JOSE JOAQUIM SANTANA,7p1e5
RUA JOSE LATADA,7p1e9
RUA JOSE LEITE PEREIRA,7p1e7
RUA JOSE LEONCIO,7p1e5
RUA JOSE LEONCIO AGUIAR,7p1e3
RUA JOSE LIRA MENDES,7p1df 7p1dfy
RUA JOSE LOIOLA SANTOS,7p1e3 7p1e3v
RUA JOSE LOPES,7p1e4
RUA JOSE LOPES DA SILVA,7p1dd
RUA JOSE LUIS DE CARVALHO,7p1e1
RUA JOSE LUIZ FORTES,7p1e
RUA JOSE MARIA MOEDAS,7p1e5
RUA JOSE MARIA RIBEIRO,7p1e3 7p1e3v
RUA JOSE MARQUES DA COSTA,7p1e
RUA JOSE MARQUES DA ROCHA,7p1e3
RUA JOSE MARTINS,7p1df 7p1dfy
RUA JOSE MENDES,7p1d
RUA JOSE MIGUEL ADAD,7p1d 7p1d7
RUA JOSE MONTEIRO DA SILVA,7p1dg
RUA JOSE MOURA DE LIMA,7p1d7
RUA JOSE NATI,7p1e1
RUA JOSE NELSON,7p1e1
RUA JOSE NILO PADUA FORTES,7p1dd
RUA JOSE NONATO,7p1e4
RUA JOSE OLIMPIO DE MELO,7p1e4
RUA JOSE OMMATI,7p1e4
RUA JOSE PAINHA,7p1e9
RUA JOSE PARENTE SAMPAIO,7p1dg
RUA JOSE PAULINO,7p1e4
RUA JOSE PAULINO MIRANDA,7p1e
RUA JOSE PEREIRA DA COSTA,7p1dg
RUA JOSE PEREIRA NOGUEIRA,7p1dd
RUA JOSE PRADO,7p1e4
RUA JOSE RIBAMAR TOMAZ TAJRA,7p1e7
RUA JOSE RIBEIRO DE ARAUJO,7p1df
RUA JOSE SALES COSTA,7p1e1
RUA JOSE SANTANA,7p1e3
RUA JOSE SERRATE,7p1d
RUA JOSE SINIMBU,7p1e4
RUA JOSE SOARES TATAIA,7p1e7
RUA JOSE STEREMBERG,7p1d 7p1dd
RUA JOSE TERTO SOBRINHO,7p1e
RUA JOSE TORQUATO VIANA,7p1e4 7p1e5
RUA JOSE ULISSES LEAL,7p1d 7p1d7
RUA JOSE VANILDO DE ARAUJO,7p1d7
RUA JOSE VIDAL DE SOUSA,7p1dg 7p1e5
RUA JOSE VIRGOLINO DE MENESES,7p1dd
RUA JOSE WILSON RIBEIRO,7p1e9
RUA JOSE WILSON ROCHA,7p1e5
RUA JOSE WILSON SAMPAIO,7p1e7
RUA JOSE WILSON SANTOS,7p1e
RUA JOSEFA DE SA COELHO,7p1dg
RUA JOSEFA EVANGELISTA COELHO,7p1dg
RUA JOSEFA LOPES DE ARAUJO,7p1e4
RUA JOSIAS CARNEIRO,7p1dd
RUA JOSINO BIBIANO DE SOUSA,7p1e3
RUA JOVITA ALVES FEITOSA,7p1df
RUA JUABA,7p1e9
RUA JUCA CUNHA,7p1e7
RUA JUCA TRINDADE,7p1e1 7p1e4
RUA JUIZ ARIMAR CASTELO BRANCO,7p1e5
RUA JUIZ DEOLINDO JUNIOR,7p1e4
RUA JUIZ EMILIANO PAES LANDIM,7p1dg 7p1e5
RUA JUIZ JOAO ALMEIDA,7p1e4
RUA JUIZ JOAQUIM LOPES,7p1e7
RUA JUIZ JOSE CARVALHO FEITOSA,7p1dg
RUA JUIZ OTILIO REZENDE,7p1e5
RUA JUIZ SALMON LUSTOSA NOGUEIRA,7p1e5
RUA JULIA ROSAS COSTA,7p1e4
RUA JULIANO,7p1e1
RUA JULIANO MOREIRA,7p1e1 7p1e4
RUA JULIO CESAR INACIO,7p1dd
RUA JULIO GRANJEIRO,7p1df 7p1dfy
RUA JULIO MENDES,7p1e4
RUA JULIO VALE FILHO,7p1dd
RUA JULIO VIEIRA,7p1e1
RUA JUNINA,7p1dfk
RUA JUPITER,7p1e
RUA JUQUINHA SANTANA,7p1e4
RUA JUQUINHA VERAS,7p1d 7p1d7
RUA JUSCELINO DE SOUSA LIMA,7p1e3
RUA JUSCELINO PINHEIRO,7p1e5
RUA JUSSARA,7p1e3
RUA JUSTINA SANTOS,7p1dd
RUA JUSTINO RUFINO,7p1e3
RUA JUVENCIO CARVALHO,7p1df
RUA K LOT CAJURAMA,7p1e4
RUA K SOCOPO CIDADE JARDIM,7p1e
RUA K VILA SANTA CRUZ,7p1dd
RUA KARLA IVANA CAMPOS,7p1e5
RUA KATIA KALUME LOPES,7p1e7
RUA KAYQUE LAJES DE CARVALHO,7p1e5
RUA KENZEN LEITAO,7p1e7
RUA L VILA PARQUE PROMORAR,7p1dd
RUA LAGEADA,7p1e
RUA LAGOINHA,7p1d
RUA LAGUNA,7p1e1
RUA LAIKA,7p1e5
RUA LAJEIRO,7p1e
RUA LAJINHA,7p1e
RUA LAREIRA,7p1df
RUA LAURA CONRADO,7p1e7
RUA LAURA MONTEIRO,7p1e5
RUA LAURENTINO MACHADO LOPES,7p1dg
RUA LAURINDO DE CASTRO,7p1e4
RUA LAURO DE GOUVEIA SERRA,7p1e
RUA LAVADEIRA MARIA INES MONTEIRO,7p1e4
RUA LAVINA GONCALVES,7p1e9
RUA LAVINIA FONSECA,7p1df 7p1dg
RUA LEANDRO NOGUEIRA?,7p1d7
RUA LEDA MOURAO,7p1dg
RUA LEME,7p1e
RUA LEMOS CUNHA,7p1e4
RUA LENIR ARGENTO,7p1dd
RUA LENIR MEDEIROS DE BARROS,7p1dg
RUA LEONARDO CASTELO BRANCO,7p1e4
RUA LEONARDO MOURA FE,7p1e4
RUA LEONCIO FERRAZ,7p1e4
RUA LEONEL CAETANO,7p1e1
RUA LEONIDAS FRANCISCO FILHO,7p1e3 7p1e3v
RUA LEONIDAS FRANCISCO RODRIGUES,7p1e3
RUA LEONIDAS FRANCISCO RODRIGUES FILHO,7p1e3
RUA LEONIDAS MOURAO,7p1dd
RUA LEONIDES ALVES,7p1dg
RUA LEONILIA DE FREITAS,7p1e4
RUA LEOPOLDINO GOMES DA SILVA,7p1e3 7p1e3e
RUA LIBERIA,7p1df
RUA LIBIA,7p1e5
RUA LICURGO DE PAIVA,7p1e4
RUA LILI LOPES,7p1e1
RUA LILIZINHA CASTELO BRANCO DE CARVALHO,7p1e4
RUA LIMA CONDE,7p1e
RUA LIMA REBELO,7p1e4
RUA LINCOLN FONTENELE GUIMARAES,7p1e4
RUA LINDALVA BARBOSA DE NEIVA,7p1e
RUA LINO CORREIA LIMA,7p1e 7p1e4
RUA LIONS CLUB,7p1e 7p1e7
RUA LISANDRO NOGUEIRA,7p1e1
RUA LIZETE SALES RIBEIRO,7p1d7
RUA LO-06-A LOT GREEN PARK,7p1e5
RUA LONDRINA,7p1e3e
RUA LONGA,7p1e1 7p1e1r
RUA LORENA,7p1e1
RUA LOURENCO FIGUEIREDO,7p1dg 7p1dgr 7p1e5
RUA LOURENCO R DA SILVA,7p1dd
RUA LOURIVAL FERREIRA NERY,7p1e4
RUA LOURIVAL LOBO,7p1df
RUA LOURIVAL MESQUITA,7p1e9
RUA LOURIVAL PEREIRA SILVA,7p1e3e
RUA LOUVEIRO,7p1e5
RUA LUCIA,7p1d
RUA LUCIANO GONDIM,7p1e5
RUA LUCIDIO FREITAS,7p1e1
RUA LUCILIO AVELINO,7p1e3
RUA LUCILIO DE ALBUQUERQUE,7p1e4
RUA LUCIMAR SOBRAL,7p1dd
RUA LUCRECIO AVELINO,7p1e3
RUA LUDIMAR CARVALHO,7p1dd
RUA LUIS ALBERTO PELE,7p1e1
RUA LUIS ANTONIO DE ABREU,7p1d7
RUA LUIS CRAVEIRO DE MELO,7p1e3v
RUA LUIS FORTES,7p1e1
RUA LUIS MENDES,7p1e3
RUA LUIS PAULO CRONEMBERGER,7p1e5
RUA LUIS PIRES DE LIMA,7p1e4
RUA LUIS RIBEIRO SOARES,7p1dg
RUA LUIS VIEIRA,7p1dg
RUA LUIZ ABREU,7p1e5
RUA LUIZ ADOLFO FACCHINETTE,7p1dd
RUA LUIZ ALVES BASTOS,7p1e9
RUA LUIZ ALVES LIMA,7p1d
RUA LUIZ ANTONIO SOUSA,7p1e7
RUA LUIZ DE SOUSA SANTOS,7p1dg
RUA LUIZ DO REGO LOBAO,7p1dg
RUA LUIZ EDUARDO FERREIRA,7p1dd
RUA LUIZ EDWAND SOARES,7p1e9
RUA LUIZ EUGENIO DE CARVALHO,7p1e1
RUA LUIZ FEDERAL,7p1df
RUA LUIZ FERRAZ,7p1df
RUA LUIZ FORTES DE PADUA,7p1df
RUA LUIZ LOPES SOBRINHO,7p1e 7p1e7
RUA LUIZ MARTIRIOS DE MOURA,7p1e
RUA LUIZ MEMORIA,7p1e5
RUA LUIZ RODRIGUES DA COSTA,7p1df 7p1df0
RUA LUIZA AMELIA BRANDAO,7p1e4
RUA LUIZA BARBOSA DE MIRANDA,7p1d 7p1dd
RUA LUIZA FERREIRA,7p1e4 7p1e5
RUA LUZIA A GARLIPE,7p1e5
RUA LUZIANIA,7p1dd
RUA M LOT PRIMAVERA,7p1dd
RUA M VILA N S DA GUIA,7p1df
RUA MACAE,7p1e
RUA MACAMBIRA,7p1e
RUA MACEDONIA,7p1df
RUA MACEDONIA II,7p1df
RUA MACENA,7p1df
RUA MACHADO DE ASSIS,7p1df 7p1df0
RUA MADRE JOANA ANGELICA,7p1e1 7p1e3
RUA MADRESSILVA,7p1e4
RUA MAE MARIA,7p1dg
RUA MAESTRO PEDRO ALCANTARA,7p1dg
RUA MAESTRO PEDRO SILVA,7p1e4
RUA MAGALHAES FILHO,7p1d 7p1df 7p1e1
RUA MAGI,7p1dd
RUA MAGNOLIA PARANAGUA SANTANA,7p1dd 7p1df
RUA MAGNOLIAS,7p1e4
RUA MAJOR AMARO VELOSO,7p1dg 7p1e5
RUA MAJOR BENJAMIN DO REGO MONTEIRO,7p1e5
RUA MAJOR INACIO ALMEIDA,7p1e1
RUA MAJOR JOSE DE SOUSA MENDES,7p1e4 7p1e5
RUA MAJOR JURACY FREITAS,7p1dd
RUA MAJOR LUIZ DE CASTRO,7p1df
RUA MAJOR MANOEL LOPES,7p1e4
RUA MAJOR OSMAR FELIX,7p1df 7p1dfn
RUA MAJOR RICARDO MOURA,7p1d 7p1d7 7p1dd
RUA MAJOR SEBASTIAO SARAIVA,7p1e4
RUA MAJOR SELEMERICO,7p1e
RUA MAJOR WILISSES PEREIRA DA SILVA,7p1d 7p1dd
RUA MANAUS,7p1e5
RUA MANOEL AGUIAR FILHO,7p1e3
RUA MANOEL BANDEIRA,7p1e3
RUA MANOEL CARLOS DE OLIVEIRA,7p1e3
RUA MANOEL CIPRIANO LIRA,7p1d 7p1dg
RUA MANOEL DA PAZ,7p1d 7p1dfn
RUA MANOEL DA SILVA NASCIMENTO,7p1dd
RUA MANOEL DOMINGUES,7p1e1
RUA MANOEL EVANGELISTA,7p1dg
RUA MANOEL FELICIO DE CARVALHO,7p1e4
RUA MANOEL GUALBERTO DA COSTA,7p1e5
RUA MANOEL ILDEFONSO LIMA,7p1dg 7p1dgr 7p1e5
RUA MANOEL LOPES VELOSO,7p1e7
RUA MANOEL LUCIANO COSTA,7p1e3
RUA MANOEL LUIZ CASTRO,7p1dg
RUA MANOEL MACHADO DA SILVA,7p1d
RUA MANOEL NOGUEIRA LIMA,7p1e4
RUA MANOEL NORMANDO,7p1e7
RUA MANOEL PAIXAO,7p1df 7p1dfy
RUA MANOEL PEREIRA DOS SANTOS,7p1e3
RUA MANOEL PIRES SILVA,7p1dd
RUA MANOEL SATIRO DA SILVA,7p1e1
RUA MANOEL SOARES GONDIM,7p1e4
RUA MANOEL TEODORO,7p1e3
RUA MANOEL VITOR CORDEIRO,7p1d 7p1dd
RUA MANOEL ZORAO,7p1df 7p1dg
RUA MANSIDAO,7p1df
RUA MANUEL CLAUDIO DE PAIVA,7p1e4
RUA MANUEL MARQUES FURTADO,7p1e3
RUA MARACAJA,7p1df
RUA MARCELINO EDUARDO DA ROCHA,7p1d
RUA MARCELINO RIBEIRO,7p1e3
RUA MARCIA,7p1e1
RUA MARCOLINO RIO LIMA,7p1e4
RUA MARCONI,7p1e4
RUA MARCOS ANTONIO GUEDES,7p1e
RUA MARCOS ANTONIO HIDD SANTOS JUNIOR,7p1e5
RUA MARCOS ANTONIO SALOMAO,7p1dg
RUA MARCOS PARENTE,7p1e4
RUA MARCOS SILVA,7p1df
RUA MARECHAL COSTA E SILVA,7p1df
RUA MARECHAL DELSON DA FONSECA,7p1e4
RUA MARECHAL DUTRA,7p1df
RUA MARECHAL HERMES DA FONSECA,7p1df
RUA MARECHAL LOTT,7p1e3e
RUA MARFINS,7p1e7
RUA MARGARIDA,7p1e4
RUA MARIA ALVES SANTOS,7p1e7
RUA MARIA ALVINA DO REGO MONTEIRO,7p1df
RUA MARIA AMALIA PASSOS,7p1e3
RUA MARIA ANTONIA MAINHA,7p1df
RUA MARIA BELZUNITH DE AGUIAR,7p1dg
RUA MARIA CLAUDIA DE MELO,7p1e5
RUA MARIA DA ASCENCAO SERVIO,7p1df0
RUA MARIA DA CONCEICAO SANDES PIRES,7p1dg
RUA MARIA DA GRACA D SARAIVA,7p1dd
RUA MARIA DA PAZ CARDOSO FONTENELE,7p1dfk
RUA MARIA DAS CHAGAS SILVA,7p1e3
RUA MARIA DE ARAUJO,7p1dd
RUA MARIA DE JESUS PAIVA DIAS,7p1e7
RUA MARIA DE LOURDES NASCIMENTO,7p1dd
RUA MARIA DE LURDES JORGE,7p1dd 7p1df
RUA MARIA DE LURDES PAIXAO,7p1df 7p1df0
RUA MARIA DE SOUSA COSTA,7p1d
RUA MARIA DO CARMO,7p1d
RUA MARIA DO SOCORRO CADENA,7p1dd
RUA MARIA DO SOCORRO MAIA,7p1dg
RUA MARIA DO SOCORRO SAMPAIO,7p1d
RUA MARIA DO SOCORRO VERAS,7p1dd
RUA MARIA DOS ANJOS,7p1e9
RUA MARIA DOS MILAGRES NUNES,7p1df
RUA MARIA ELDINA DE FREITAS,7p1e
RUA MARIA EUNICE MENDES SOARES,7p1df
RUA MARIA FAUSTINA SOUSA,7p1e4
RUA MARIA GORETE,7p1dd
RUA MARIA HELOISA SAMPAIO,7p1e
RUA MARIA JOSE AGUIAR,7p1e5 7p1e7
RUA MARIA JULIA SANTOS,7p1e 7p1e7
RUA MARIA L B DA SILVA,7p1e5
RUA MARIA LIDIA FREITAS,7p1e5
RUA MARIA LILIAN FORTES MENDES,7p1dd
RUA MARIA LUZIA VILLA,7p1e3e
RUA MARIA MIRTO DE SA,7p1e9
RUA MARIA NILVA BRITO,7p1dd
RUA MARIA NUNES PEREIRA,7p1e9
RUA MARIA PASSOS LEAL,7p1e5
RUA MARIA QUITERIA,7p1e4 7p1e5
RUA MARIA RIBEIRO DA CONCEICAO,7p1e5
RUA MARIA ROSALINA DOS R PEREIRA,7p1dd
RUA MARIA SOCORRO DE MACEDO CLAUDINO,7p1e5
RUA MARIA TIJUBINA,7p1e9
RUA MARIA VENERANDA,7p1e9
RUA MARIANA DA SILVA SANTOS,7p1e7
RUA MARIANO AZEITEIRO,7p1d
RUA MARIANO DE CARVALHO BRITO,7p1d7
RUA MARIANO FRANCA,7p1e9
RUA MARIANO GAIOSO,7p1e9
RUA MARIAZINHA AREA LEAO,7p1e
RUA MARICA,7p1dd
RUA MARIO AUGUSTO FREITAS,7p1e3
RUA MARIO FAUSTINO,7p1e3
RUA MARIO MOTA,7p1e3
RUA MARIOPOLIS,7p1e9
RUA MARISCO VILA JERUSALEM,7p1dfk
RUA MARLENE,7p1df
RUA MARLI FERNANDES,7p1e3
RUA MARTE,7p1e
RUA MARTHIN LUTHER KING,7p1dg
RUA MARTINHO DE SENA ROSA,7p1dfy 7p1dg
RUA MARTINS NAPOLEAO,7p1dg 7p1e5
RUA MARTINS VIEIRA,7p1dg 7p1dgr
RUA MASSAPE,7p1dd
RUA MATA BELA,7p1e
RUA MATAPOLIS,7p1e9
RUA MATHEUS PIRES MODESTO,7p1df
RUA MATIAS MELO,7p1e4
RUA MATIAS OLIMPIO,7p1e4
RUA MATIAS PEREIRA DA SILVA,7p1dd
RUA MATO GROSSO,7p1e4
RUA MATOPOLIS,7p1e9
RUA MATOS,7p1e
RUA MAUA,7p1df
RUA MAURICIO DE NASSAU,7p1e1r
RUA MAURICIO FACCHINETTI,7p1e4
RUA MAURITI,7p1d
RUA MAURO ALMEIDA,7p1e7
RUA MAVAO,7p1df
RUA MAZERINE CRUZ,7p1df
RUA MECANICO ADAO PEDRO,7p1dg
RUA MECANICO COSTA RABELO,7p1e1 7p1e3
RUA MECANICO JOSE SOARES,7p1e5
RUA MECANICO LILIO,7p1df
RUA MECANICO MONTEIRO,7p1e1
RUA MECANICO TABOCA,7p1dg
RUA MEDICA CASSIA ALCOFORADO,7p1dd
RUA MEDICA EMILIA MARTINS,7p1e4
RUA MEDICA ONESIMA MOREIRA NASCIMENTO,7p1e4
RUA MEDICA ROSA LOUREIRO,7p1dg
RUA MEDICO ADAIL MONTEIRO SANTANA,7p1e4
RUA MEDICO ALBERTO RIBEIRO SOARES,7p1dd
RUA MEDICO ANTONIO PORTELA BARBOSA,7p1e
RUA MEDICO ARTUR SILVEIRA FILHO,7p1e
RUA MEDICO CARLOS ARAUJO,7p1dg
RUA MEDICO FLAVIO FONTENELE,7p1d7
RUA MEDICO FRANCISCO OLIVEIRA FILHO,7p1e5
RUA MEDICO JAIRO PAIVA,7p1e4
RUA MEDICO JOSE WILSON BATISTA,7p1e5
RUA MEDICO ODIMAR BARROS TEIXEIRA,7p1dg
RUA MEDICO RENATO PAZ,7p1dd
RUA MEDIUM CHICO XAVIER,7p1df
RUA MEDUSA,7p1e3
RUA MELEIRO,7p1d
RUA MELVIN JONES,7p1e4
RUA MENFIS,7p1d
RUA MENINO DEUS,7p1dfk
RUA MENINO JESUS,7p1e3
RUA MERCURIO,7p1e 7p1e7
RUA MERIDIANO,7p1e
RUA MESTRE ANASTACIO SALES,7p1df
RUA MESTRE ANTONIO MARVAO,7p1e1
RUA MESTRE BIBIO,7p1e5
RUA MESTRE CARLAO,7p1e3
RUA MESTRE CAVOUR MASCARENHAS,7p1e3
RUA MESTRE CHICO BARROS,7p1e7
RUA MESTRE CHRISTOVAM SOUSA,7p1e3
RUA MESTRE DJALMA CORREIA,7p1e1
RUA MESTRE ESTEVAO,7p1e4
RUA MESTRE GONCALO MARCENEIRO,7p1df
RUA MESTRE JULIO ARCANJO,7p1dfn
RUA MESTRE MUNDICO LOZIM,7p1df
RUA MESTRE PAULO,7p1dg
RUA MESTRE PAULO SOBRAL,7p1e7
RUA MESTRE SEBASTIAO MENDES,7p1e9
RUA MEXICO,7p1df
RUA MIGUEL ALVES,7p1e3
RUA MIGUEL ARCOVERDE,7p1e4
RUA MIGUEL COUTO,7p1df 7p1df0
RUA MIGUEL DIB CADDAH,7p1e4
RUA MIGUEL GOMES DE ALMEIDA,7p1dd
RUA MIGUEL LIMA,7p1e1
RUA MILCIADES LOPES,7p1e1
RUA MILTON AGUIAR,7p1e3
RUA MILTON MACHADO LIMA,7p1e1
RUA MINAS GERAIS,7p1e1
RUA MINISTRO MARCOS FREIRE,7p1dd
RUA MINISTRO PEDRO BORGES,7p1d 7p1df
RUA MIOSOTIS,7p1e4
RUA MIRADOR,7p1e
RUA MIRANDA DANTAS,7p1e4
RUA MIRANDA DANTAS JUNIOR,7p1dg
RUA MIRANTE,7p1dg
RUA MIRIAN,7p1dd
RUA MIRINDIBA,7p1e
RUA MIRTACEA,7p1dd
RUA MIRTES MELAO,7p1e5
RUA MOACIR FERREIRA,7p1e3 7p1e3v
RUA MOACYR FREITAS DE A GAYOSO,7p1d7
RUA MODESTINO SOARES,7p1e4
RUA MOISES SAID,7p1e1
RUA MONSENHOR BOSON,7p1e1
RUA MONSENHOR CICERO PORTELA,7p1e4
RUA MONSENHOR GIL,7p1e1 7p1e4
RUA MONSENHOR ISAAC VILARINHO,7p1df0
RUA MONSENHOR JOSE LUIS CORTEZ,7p1e4 7p1e5
RUA MONSENHOR LOPES,7p1e4
RUA MONSENHOR MATEUS,7p1e1
RUA MONSENHOR MELO,7p1e4
RUA MONSENHOR MELO PARQUE PIONEIRO,7p1dd
RUA MONSENHOR ZAUL PEDREIRA,7p1df 7p1dg
RUA MONSUL,7p1e3
RUA MONTE BELO,7p1e9
RUA MONTE DOURADO,7p1e7
RUA MONTE NOVO,7p1e9
RUA MONTE RENI,7p1e9
RUA MONTE SANTO,7p1e9
RUA MONTE VERDE,7p1e9
RUA MONTEIRO LOBATO,7p1e1 7p1e1r
RUA MORUNGABA,7p1df
RUA MOTORISTA AREOLINO CARVALHO,7p1e3
RUA MOTORISTA CHICAO,7p1e4
RUA MOTORISTA EMIDIO MAGALHAES,7p1e1
RUA MOTORISTA FRANCISCO RIBEIRO,7p1e3
RUA MOTORISTA GENESIO CARVALHO,7p1e3
RUA MOTORISTA GREGORIO,7p1e 7p1e4
RUA MOTORISTA GREGORIO PARQUE BRASIL,7p1e9
RUA MOTORISTA JOCA,7p1df
RUA MOTORISTA JOSE EVANGELISTA,7p1e1
RUA MOTORISTA MUNDOCO,7p1e3
RUA MOTORISTA PEDRO ROCHA,7p1e4
RUA MOTORISTA RAIMUNDO GOMES,7p1df
RUA MOTORISTA RAIMUNDO SOARES,7p1e9
RUA MOYSES CASTELO BRANCO FILHO,7p1df
RUA MUNDINHO ALMEIDA,7p1e4
RUA MUNDINHO FERRAZ,7p1e4
RUA MUNDOCA  ENFERMEIRA,7p1e4
RUA MURICI,7p1d
RUA MURILO BRAGA,7p1d 7p1df 7p1dfn
RUA N OU ACLIMACAO,7p1dd
RUA N RESIDENCIAL LEONEL BRIZOLA,7p1e9
RUA N VILA NOSSA SENHORA DA GUIA,7p1df
RUA NAIR RAMALHO,7p1e4
RUA NAMBU,7p1e
RUA NANJA,7p1e3
RUA NAPOLEAO AZEVEDO,7p1dg
RUA NAPOLEAO LEAL,7p1e9
RUA NAPOLEAO LIMA,7p1e4
RUA NARCISA PEREIRA DA COSTA,7p1dg
RUA NARCISO CORREIA LIMA,7p1e3
RUA NATAL,7p1dg
RUA NAYANA NAPOLEAO PINHEIRO,7p1e5
RUA NAZIR REGO DOS SANTOS,7p1e3
RUA NEBLINA,7p1e5
RUA NEIDE COSTA SOUSA,7p1dd
RUA NELSON CRUZ,7p1e3
RUA NELSON MANDELA,7p1e
RUA NELSON NEVES CAVALCANTE,7p1df
RUA NENEM DO VALE,7p1d 7p1dd
RUA NEROPOLIS,7p1d 7p1df
RUA NETUNO,7p1e 7p1e7
RUA NEUSINA PEREIRA DA SILVA,7p1d
RUA NEUTROPOLIS,7p1e5
RUA NEWTON CORTEZ SILVEIRA,7p1e1
RUA NEWTON LOPES DA SILVA,7p1e5
RUA NEY BAUMANN,7p1e3
RUA NEYWALDO ALVES BARBOSA,7p1e5
RUA NICARAGUA,7p1e3
RUA NICINHA,7p1e7
RUA NICOLAU FERREIRA DE ALMEIDA,7p1e5
RUA NIGERIA,7p1e4
RUA NILO ANGELINE,7p1e3 7p1e3v
RUA NILO BRITO,7p1e4
RUA NILO CAMPELO DE MATOS,7p1df
RUA NILO CORREIA LIMA,7p1e1
RUA NILO PECANHA,7p1df
RUA NILO SOARES DA SILVA,7p1e
RUA NINA MARIA MOURA,7p1e7
RUA NINA RODRIGUES,7p1e1
RUA NIOLENA ARAUJO CUNHA,7p1e7
RUA NIVARDE DA CUNHA LOPES,7p1dd
RUA NOBRE,7p1e
RUA NOCA PEREIRA,7p1d
RUA NOE FORTES,7p1e5
RUA NOGUEIRA TAPETY,7p1e4
RUA NONATO DE OLIVEIRA,7p1dd
RUA NONATO MESQUITA,7p1e3
RUA NORBERTO ALVES DE SOUSA,7p1dd
RUA NOROESTE,7p1e1
RUA NORTILANDIA,7p1dg
RUA NOSSA SENHARA APARECIDA,7p1d
RUA NOSSA SENHORA APARECIDA VILA SANTA BARBARA,7p1e7
RUA NOSSA SENHORA AUXILIADORA,7p1d
RUA NOSSA SENHORA AUXILIADORA - GURUPI,7p1e5
RUA NOSSA SENHORA DA AJUDA,7p1d
RUA NOSSA SENHORA DA ASSUNCAO,7p1d
RUA NOSSA SENHORA DA BOLONHA,7p1d
RUA NOSSA SENHORA DA CABECA,7p1d
RUA NOSSA SENHORA DA CANDELARIA,7p1d
RUA NOSSA SENHORA DA CARIDADE,7p1d
RUA NOSSA SENHORA DA CONCEICAO,7p1dg 7p1e5
RUA NOSSA SENHORA DA CONSOLACAO,7p1d
RUA NOSSA SENHORA DA FONTE SANTA,7p1d
RUA NOSSA SENHORA DA GLORIA,7p1d
RUA NOSSA SENHORA DA GUIA,7p1d
RUA NOSSA SENHORA DA HUMILDADE,7p1d
RUA NOSSA SENHORA DA LAPA,7p1d
RUA NOSSA SENHORA DA MISERICORDIA,7p1d
RUA NOSSA SENHORA DA NUVEM,7p1d
RUA NOSSA SENHORA DA PENHA,7p1d
RUA NOSSA SENHORA DAS DORES,7p1df
RUA NOSSA SENHORA DAS GRACAS SANTA BARBARA,7p1e7
RUA NOSSA SENHORA DAS NEVES,7p1d
RUA NOSSA SENHORA DAS ROSAS,7p1d
RUA NOSSA SENHORA DE APARECIDA,7p1d7
RUA NOSSA SENHORA DE FATIMA N S VILA SANTA BARBARA,7p1e7
RUA NOSSA SENHORA DE GUADALUPE,7p1d
RUA NOSSA SENHORA DE JERUSALEM,7p1d
RUA NOSSA SENHORA DE LOURDES,7p1d
RUA NOSSA SENHORA DE LOURETO,7p1d
RUA NOSSA SENHORA DE NAZARE,7p1d
RUA NOSSA SENHORA DO AMPARO,7p1df 7p1dfk
RUA NOSSA SENHORA DO BOM PARTO,7p1d
RUA NOSSA SENHORA DO BRASIL,7p1d
RUA NOSSA SENHORA DO CARMO,7p1d
RUA NOSSA SENHORA DO DESTERRO,7p1d
RUA NOSSA SENHORA DO P SOCORRO - VERDE LAR,7p1e7
RUA NOSSA SENHORA DO P SOCORRO - VL JERUSALEM,7p1df 7p1dfk
RUA NOSSA SENHORA DO PORTAL,7p1d
RUA NOSSA SENHORA DO PORTO,7p1d
RUA NOSSA SENHORA DO ROSARIO,7p1d
RUA NOSSA SENHORA DO SORRISO,7p1d
RUA NOSSA SENHORA DOS MARES,7p1d
RUA NOSSA SENHORA DOS MARTIRES,7p1d
RUA NOSSA SENHORA DOS NAVEGANTES,7p1d
RUA NOSSA SENHORA DOS SANTOS OLHOS,7p1d
RUA NOSSO SENHORA DAS VITORIAS,7p1d 7p1e7
RUA NOVA,7p1d 7p1d7
RUA NOVA ESPERANCA,7p1e3 7p1e3e
RUA NOVA OLINDA,7p1dfk 7p1dg
RUA NOVA ZELANDIA,7p1dg
RUA NOVE DE MAIO,7p1e7
RUA NOVE VILA SANTA MARIA,7p1dd
RUA NOVO MUNDO,7p1e9
RUA NUTRICIONISTA LEDA CARVALHO,7p1e5
RUA NUTRICIONISTA MONICA TERTO,7p1e7
RUA O LOT PRIMAVERA,7p1dd
RUA ODETE SOARES NUNES,7p1e4
RUA ODILO COSTA FILHO,7p1e4
RUA ODILO FALCAO,7p1e4
RUA ODILON NUNES,7p1dd 7p1ddq
RUA ODISSEIA,7p1df
RUA ODON FERREIRA,7p1d7
RUA ODORICO NASCIMENTO,7p1e7
RUA OEIRAS,7p1d
RUA OITO DE OUTUBRO,7p1dd
RUA OITO PARQUE IDEAL,7p1dg
RUA OLAVO BILAC,7p1e1 7p1e4
RUA OLAVO RIBEIRO TORRES,7p1dg
RUA OLAVO VASCONCELOS AGUIAR,7p1dd
RUA OLIMPIO COSTA NETO,7p1e5 7p1e7
RUA OLINTHO LEITE,7p1e1
RUA OMEGA,7p1e1r 7p1e3
RUA ONDA VERDE,7p1e7
RUA ONZE DE AGOSTO,7p1e1
RUA ONZE DE JUNHO,7p1dd
RUA ORGMAR MONTEIRO,7p1df
RUA ORIEL JOSE LIMA,7p1df
RUA ORION,7p1e3
RUA ORLANDO CARVALHO,7p1e4 7p1e5
RUA ORLANDO PINHEIRO,7p1df
RUA ORLANDO ROLLO,7p1e1
RUA ORQUIDEAS,7p1e4
RUA OSASCO,7p1e3
RUA OSCAR BRIOSO DO NASCIMENTO,7p1e
RUA OSCAR GIL CASTELO BRANCO,7p1e4
RUA OSEAS SAMPAIO,7p1e1
RUA OSIMA MENDES,7p1e4
RUA OSORIO SANTOS,7p1e3e
RUA OSVALDINA BARROS COSTA,7p1e4
RUA OSVALDO COSTA E SILVA,7p1e4
RUA OSVALDO CRUZ,7p1e4
RUA OSVALDO FASSI,7p1df 7p1dg
RUA OSVALDO SOARES DO NASCIMENTO,7p1df
RUA OTACILIO FORTES,7p1d 7p1dg
RUA OTAVIO ANGELIM BEZERRA,7p1df
RUA OTAVIO FALCAO,7p1e1
RUA OTO SOARES  MEDICO,7p1e4
RUA OTONIEL BASTOS,7p1df
RUA OURO,7p1e5
RUA OURO BRANCO,7p1df
RUA OURO PRETO,7p1dg
RUA OVIDIO WILSON DO REGO MONTEIRO,7p1dd
RUA P RESIDENCIAL LEONEL BRIZOLA,7p1e9
RUA P VILA PE EDUARDO,7p1e1 7p1e1r
RUA PABLO PICASSO,7p1dg
RUA PACATUBA,7p1dd
RUA PADEIRO DOMINGOS,7p1df
RUA PADRE ACELINO PORTELA,7p1e1
RUA PADRE AUREO OLIVEIRA,7p1df
RUA PADRE CARLO BRESCIANI,7p1dg
RUA PADRE CARVALHO,7p1dd
RUA PADRE CICERO -VILA SAO FRANCISCO SUL,7p1dd
RUA PADRE CICERO ROMAO,7p1df 7p1e4
RUA PADRE CICERO VILA JERUSALEM,7p1df 7p1dfk
RUA PADRE CIRILO CHAVES,7p1e4
RUA PADRE CLAUDIO MELO,7p1d 7p1dd
RUA PADRE ESTEVAO,7p1e3e
RUA PADRE GERALDO,7p1e3
RUA PADRE GERALDO SILVA DO VALE,7p1e5
RUA PADRE HELVIDIO MAIA,7p1e4
RUA PADRE HOMERO LOPES,7p1e
RUA PADRE ISIDORO PIRES,7p1dd
RUA PADRE ISIDORO TODOS OS SANTOS,7p1e5
RUA PADRE JOAO NONATO,7p1e1
RUA PADRE JOAQUIM NONATO,7p1e4
RUA PADRE JOSE REGO,7p1e4
RUA PADRE JOSINO,7p1e3
RUA PADRE LAURO DE DEUS,7p1e1
RUA PADRE LEOPOLDO FERREIRA,7p1e 7p1e7
RUA PADRE LUCIANO CIMAN,7p1d
RUA PADRE MALAGRIDA,7p1dg
RUA PADRE MAMEDE LIMA,7p1e4
RUA PADRE MARCOS,7p1e1
RUA PADRE MATEUS,7p1e1r
RUA PADRE MOISES FUMAGALLI,7p1dg
RUA PADRE MOISES SANTOS,7p1e4
RUA PADRE NONATO - PICARRA,7p1e4
RUA PADRE PEDRO BALZI,7p1e9
RUA PADRE RAIMUNDO NONATO NERY,7p1e3 7p1e3v
RUA PADRE SOLON ARAGAO,7p1e5
RUA PAISSANDU,7p1e1
RUA PAIZINHA MARQUES,7p1df 7p1df0
RUA PALESTINA,7p1dfk 7p1dg
RUA PALMARES,7p1df 7p1dfk
RUA PALMAS,7p1df
RUA PALMEIRAIS VILA JERUSALEM,7p1df
RUA PALMEIRAS,7p1e
RUA PALMEIRAS PARQUE COLORADO,7p1e5
RUA PALOMA,7p1dfk
RUA PANAMA,7p1df
RUA PANFILIO ABREU,7p1e3e
RUA PANORAMA,7p1df
RUA PANTANAL,7p1e3
RUA PAPOULAS,7p1e4
RUA PARA,7p1e1
RUA PARAGUACU,7p1df
RUA PARAGUAI,7p1df 7p1dfk
RUA PARAIBA,7p1e1
RUA PARAIM,7p1e3
RUA PARAISO,7p1e1
RUA PARALELA,7p1e
RUA PARANA,7p1e1
RUA PARANAGUA,7p1e1
RUA PARAQUEDISTA KATIA LUNA,7p1e5
RUA PARATINGA,7p1e
RUA PARATINGA (SEM DENOM. OFICIAL),7p1e
RUA PARNAGUA,7p1e1
RUA PARTICULAR,7p1e5
RUA PARTICULAR I,7p1e1
RUA PARTICULAR III,7p1df
RUA PASCHOAL CARLOS MAGNO,7p1e 7p1e3
RUA PASSAGEM DE PEDESTRE,7p1e7
RUA PASSATEMPO,7p1e4
RUA PASSOS,7p1dd
RUA PASTOR JOSE NETO,7p1dg
RUA PASTOR JOSE ROCHA,7p1df
RUA PASTOR STANLEY MORRISON,7p1dg
RUA PATO PRETO  ATLETA,7p1e1 7p1e1r
RUA PATOS,7p1e7
RUA PAULISTANA,7p1d
RUA PAULO  SAO,7p1dd
RUA PAULO ALMEIDA  COMERCIANTE,7p1e3
RUA PAULO BONA ANDRADE,7p1d 7p1dg
RUA PAULO CARNEIRO DA CUNHA,7p1df
RUA PAULO CUNHA,7p1e4
RUA PAULO LAURSA  COMPOSITOR,7p1e1
RUA PAULO MACHADO RESENDE  PROFESSOR,7p1dg
RUA PAULO PIRES DA MOTA,7p1d 7p1d7
RUA PAULO VELOSO DO VALE,7p1d 7p1dd
RUA PAULO VI,7p1e
RUA PAULO VIRIATO CORREA DA COSTA,7p1d7
RUA PAVAO,7p1e
RUA PEDRA BRANCA,7p1e
RUA PEDREIRO ANTNIO SALES,7p1e9
RUA PEDRO  SAO - PEDRA MOLE,7p1e
RUA PEDRO ABREU,7p1dd
RUA PEDRO AGOSTINHO,7p1dg
RUA PEDRO DUARTE,7p1dd
RUA PEDRO EVANGELISTA COSTA,7p1dg
RUA PEDRO FREITAS FILHO,7p1e3v
RUA PEDRO GUIMARAES MARIZ,7p1dg
RUA PEDRO II,7p1d 7p1df
RUA PEDRO II - VILA BOM JESUS,7p1e1
RUA PEDRO MENDES RIBEIRO  PROFESSOR,7p1dd
RUA PEDRO SAMPAIO DE M FILHO,7p1dd
RUA PEDRO VALENTIM,7p1dd
RUA PEDRO VASCONCELOS,7p1e4
RUA PEDRO VERAS,7p1e7
RUA PEDRO VIANA,7p1e9
RUA PELICANO,7p1d
RUA PENELOPE,7p1e3
RUA PENHA QUEIROZ,7p1e
RUA PEQUENO,7p1e3
RUA PERDIS,7p1e
RUA PERDIS 1,7p1e
RUA PEREIRA DA COSTA,7p1e4
RUA PERI,7p1df
RUA PERITO ANTONIO MENDES BRANDAO,7p1e5 7p1e7
RUA PERITO VITAL ARAUJO,7p1df0
RUA PERNAMBUCO,7p1e1
RUA PERU,7p1df
RUA PERY MACHADO,7p1d7
RUA PETIT  COMANDANTE,7p1e1
RUA PETROLINA,7p1dg
RUA PETROPOLIS,7p1e7
RUA PIAUI,7p1e1
RUA PICA-PAU,7p1e
RUA PICOS,7p1df
RUA PILAR,7p1e
RUA PILOTO,7p1e
RUA PILOTO HAROLDO,7p1e
RUA PIMENTEIRA,7p1df 7p1dfk
RUA PINDARE,7p1dd
RUA PINGUIM,7p1e
RUA PIO  PADRE,7p1e4
RUA PIO IX,7p1d
RUA PIO X,7p1d
RUA PIO XI,7p1d
RUA PIONEIRA,7p1dd
RUA PIPIRA,7p1e
RUA PIRACEMA,7p1df
RUA PIRACURUCA,7p1df 7p1dfk
RUA PIRAJU,7p1e
RUA PIRANGUI,7p1e1
RUA PIRATININGA,7p1dd
RUA PIRES REBELO,7p1d
RUA PIRIPIRI,7p1d 7p1df
RUA PITOMBEIRA,7p1dfk
RUA PLAZA,7p1df
RUA PLUTAO,7p1e 7p1e5 7p1e7
RUA POETA CARLOS DRUMMOND,7p1e4
RUA POETA DOMINGOS FONSECA,7p1df
RUA POETA HERMES VIEIRA,7p1e5
RUA POETA MARIO BENTO,7p1e4
RUA POETA OLIVEIRA NETO,7p1e
RUA POETA TABAJARA DE AGUIAR,7p1dd
RUA POETA WILTON SANTOS,7p1e5 7p1e7
RUA POLIDORO BURLAMAQUI,7p1dg 7p1dgr 7p1e5
RUA POLONIA,7p1dg
RUA POMPEIA,7p1dd
RUA POPULINA,7p1e9
RUA PORFESSOR CORDAO,7p1e4
RUA PORFIRIO LOPES  CORONEL,7p1df
RUA PORTELA NUNES,7p1e1
RUA PORTO,7p1d 7p1df
RUA PORTO ALEGRE,7p1dd
RUA PORTUGAL,7p1e5
RUA POSSE,7p1e5
RUA PRATA,7p1df
RUA PRESIDENTE ITAMAR FRANCO,7p1df
RUA PRESIDENTE LINCOLN,7p1e3
RUA PRIMEIRO DE MAIO,7p1e1 7p1e3 7p1e4
RUA PRIMEIRO DE NOVEMBRO,7p1e3
RUA PRINCESA MORAIS,7p1dg
RUA PRISCO MEDEIROS,7p1e4
RUA PROCURADOR ALDI MIRANDA,7p1e5
RUA PROCURADOR ANTONIO RIBEIRO,7p1df 7p1dg
RUA PROCURADOR ESDRAS CORREIA,7p1dd
RUA PROCURADOR JEREMIAS PEREIRA,7p1e4
RUA PROCURADOR JOSE RIBAMAR,7p1df
RUA PROCURADOR RAIMUNDO BASILIO,7p1e4
RUA PROF ARTUR PASSOS NETO,7p1e9
RUA PROF FILOMENA CHAVES MODESTO,7p1d7
RUA PROFESOR EMERITO,7p1e9
RUA PROFESSOR ADOLFO SANTANA,7p1e3
RUA PROFESSOR AGNALDO SILVEIRA,7p1dg
RUA PROFESSOR AGRIPINO OLIVEIRA,7p1e
RUA PROFESSOR ALCEU BRANDAO,7p1df 7p1dfn
RUA PROFESSOR ALCIDES LEBRE,7p1e
RUA PROFESSOR ALCOBACA,7p1dg
RUA PROFESSOR ALVARO FERREIRA,7p1dfn
RUA PROFESSOR ANANIAS JOSE DE MORAIS,7p1d
RUA PROFESSOR ANTONIO SANTOS ROCHA,7p1e5
RUA PROFESSOR ARIOSVALDO SANTOS,7p1e9
RUA PROFESSOR ARTUR FURTADO,7p1e3
RUA PROFESSOR B LEMOS,7p1df 7p1dfn
RUA PROFESSOR BARRETO CORDEIRO,7p1e3v
RUA PROFESSOR BARTOLOMEU FILHO,7p1e4
RUA PROFESSOR BENJAMIN CARVALHO,7p1e
RUA PROFESSOR CAMILO FILHO,7p1e5
RUA PROFESSOR CANTUARIA,7p1e5 7p1e7
RUA PROFESSOR CARLOS CHAGAS,7p1e9
RUA PROFESSOR CARLOS RODRIGUES,7p1e9
RUA PROFESSOR CASTELLO,7p1e9
RUA PROFESSOR CASUSA AVELINO,7p1e3
RUA PROFESSOR CELESTINO FILHO,7p1e3
RUA PROFESSOR CHAGAS MARQUES,7p1e7
RUA PROFESSOR CICERO VASQUES,7p1e7
RUA PROFESSOR CID TEIXEIRA,7p1dd
RUA PROFESSOR CLAUDIO FERREIRA,7p1dg
RUA PROFESSOR CLEMENTE FORTES,7p1e4
RUA PROFESSOR CLOVIS MOURA,7p1dd
RUA PROFESSOR CUNHA E SILVA,7p1e5
RUA PROFESSOR DARCY ARAUJO,7p1e4
RUA PROFESSOR DARCY RIBEIRO,7p1dg
RUA PROFESSOR DIMAS SANTANA,7p1e5
RUA PROFESSOR DINIZ,7p1df 7p1df0
RUA PROFESSOR DIOCIERCIO IGREJA,7p1df
RUA PROFESSOR DOMICIO MAGALHAES,7p1e4 7p1e5
RUA PROFESSOR EDGAR TITO,7p1e3
RUA PROFESSOR EDISON CUNHA,7p1e3
RUA PROFESSOR EDMILSON PAIXAO,7p1dd 7p1df
RUA PROFESSOR EDUARDO SANTANA,7p1dd
RUA PROFESSOR ELIAS TORRES,7p1e4
RUA PROFESSOR FERNANDO MARQUES,7p1e1
RUA PROFESSOR FLAVIO TEIXEIRA DE ABREU,7p1e7
RUA PROFESSOR FRANCISCO ALBERTO GAYOSO,7p1e5
RUA PROFESSOR FRANCISCO CESAR ARAUJO,7p1e
RUA PROFESSOR FRANCISCO REIJANE,7p1e5
RUA PROFESSOR HELIO PAIVA,7p1df
RUA PROFESSOR JABES PEREIRA,7p1e
RUA PROFESSOR JAMES AZEVEDO,7p1e5
RUA PROFESSOR JEAN SANTOS,7p1df 7p1dfy
RUA PROFESSOR JOAO COSTA,7p1e3 7p1e3e
RUA PROFESSOR JOAO GABRIEL BAPTISTA,7p1e4
RUA PROFESSOR JOAO SOARES,7p1df
RUA PROFESSOR JOAQUIM BEZERRA,7p1df
RUA PROFESSOR JOAQUIM GOMES,7p1df 7p1df0
RUA PROFESSOR JOCA VIEIRA,7p1e4
RUA PROFESSOR JORGE CHAIB,7p1e4
RUA PROFESSOR JOSE AMAVEL,7p1e1 7p1e4
RUA PROFESSOR JOSE CASTELO BRANCO,7p1e
RUA PROFESSOR JOSE DE SENA,7p1df 7p1dg
RUA PROFESSOR JOSE EDUARDO PEREIRA,7p1e4
RUA PROFESSOR JOSE FREIRE DA SILVA,7p1dfk
RUA PROFESSOR JOSE GAYOSO FREITAS,7p1e
RUA PROFESSOR JOSE GOMES CAMPOS,7p1dd
RUA PROFESSOR JOSE GONCALVES,7p1e3v
RUA PROFESSOR JOSE RAIMUNDO FERREIRA,7p1df
RUA PROFESSOR JOSE VASCONCELOS,7p1e3v
RUA PROFESSOR JULIO FONTINELE,7p1e3
RUA PROFESSOR LEOPOLDO CUNHA,7p1e3
RUA PROFESSOR LEOPOLDO PORTELA,7p1e7
RUA PROFESSOR LUDOVICO SCHGWENNHAGEN,7p1e1 7p1e1r
RUA PROFESSOR LUIS SABINO,7p1e3
RUA PROFESSOR LYSANDRO TITO,7p1dd
RUA PROFESSOR MACHADO LOPES,7p1e 7p1e4
RUA PROFESSOR MADEIRA,7p1e4
RUA PROFESSOR MARCILIO RANGEL,7p1d
RUA PROFESSOR MARCO ANTONIO VERAS SOARES,7p1dd
RUA PROFESSOR MARIO BAPTISTA,7p1e4
RUA PROFESSOR MELO MAGALHAES,7p1e4 7p1e5
RUA PROFESSOR MIGUEL BORGES,7p1e
RUA PROFESSOR MOTA JUNIOR,7p1df
RUA PROFESSOR NODGI NOGUEIRA,7p1e 7p1e4
RUA PROFESSOR ODILO RAMOS,7p1e4
RUA PROFESSOR OSCAR CAVALCANTE,7p1e5
RUA PROFESSOR OSCAR CLARK,7p1e3
RUA PROFESSOR PAULO FREIRE,7p1dd
RUA PROFESSOR PAZ,7p1e7
RUA PROFESSOR PIRES GAYOSO,7p1e4
RUA PROFESSOR RAFAEL REGO MONTEIRO,7p1df
RUA PROFESSOR RAIMUNDO MORAIS,7p1e5
RUA PROFESSOR RAIMUNDO NONATO ANDRADE,7p1e7
RUA PROFESSOR REINALDO MONTALVAO,7p1e5
RUA PROFESSOR ROGERITO MATOS,7p1e3v
RUA PROFESSOR SEABRA,7p1df
RUA PROFESSOR SINHA BORGES,7p1e3 7p1e3e
RUA PROFESSOR UBIRACI CARVALHO,7p1dg 7p1e5
RUA PROFESSOR VESPASIANO RUBIM,7p1e
RUA PROFESSOR VIDAL FERREIRA,7p1e4
RUA PROFESSOR VIVEIROS,7p1df
RUA PROFESSOR WALDOMIRO MENDES,7p1e7
RUA PROFESSOR WALTER CUNHA,7p1e5
RUA PROFESSORA ADALGISA PAIVA,7p1e4
RUA PROFESSORA ALDA NEIVA,7p1dg
RUA PROFESSORA ALZIRA F PASSOS,7p1e5
RUA PROFESSORA AMALIA PINHEIRO,7p1e 7p1e7
RUA PROFESSORA ANA BUGYJA,7p1e 7p1e7
RUA PROFESSORA ANA CORDEIRO,7p1e4
RUA PROFESSORA ANTONIETA BURLAMAQUI,7p1e 7p1e7
RUA PROFESSORA BEIKE WAQUIM,7p1e3
RUA PROFESSORA CARMINA RAMOS,7p1dg
RUA PROFESSORA DINA SOARES,7p1e 7p1e7
RUA PROFESSORA EDITH VERAS,7p1dg
RUA PROFESSORA ELENIR COSTA LAGO,7p1dd
RUA PROFESSORA ELIANE CASTELO BRANCO,7p1dd 7p1ddq
RUA PROFESSORA ESTHER COUTO,7p1e4
RUA PROFESSORA EVARINTA DE MELO,7p1e5
RUA PROFESSORA GERTRUDES,7p1e7
RUA PROFESSORA GRACILDES CORDEIRO,7p1e4
RUA PROFESSORA INACIA MENESES,7p1df 7p1dfy
RUA PROFESSORA INES SILVA,7p1df
RUA PROFESSORA ISIS RAPOSO,7p1df 7p1df0
RUA PROFESSORA ISMARINA ABREU,7p1e7
RUA PROFESSORA IZABEL EUGENIA ESTRELA,7p1e5
RUA PROFESSORA JULIETA NEIVA NUNES,7p1e5
RUA PROFESSORA LEO SA,7p1df
RUA PROFESSORA LIDIA CUNHA,7p1e1
RUA PROFESSORA LIVIA NOGUEIRA,7p1d
RUA PROFESSORA LUZIA GOMES,7p1e4
RUA PROFESSORA MANOCA NOBRE,7p1e 7p1e7
RUA PROFESSORA MARGARIDA BANDEIRA MELO,7p1e5
RUA PROFESSORA MARIA CELIA NASCIMENTO,7p1e5
RUA PROFESSORA MARIA DA CRUZ,7p1e9
RUA PROFESSORA MARIA DAS GRACAS SERGIO,7p1d
RUA PROFESSORA MARIA DE LOURDES REGO,7p1df
RUA PROFESSORA MARIA RAIMUNDA,7p1df
RUA PROFESSORA MARIETA PEDREIRA MARTINS,7p1e
RUA PROFESSORA MORENA LOPES,7p1e
RUA PROFESSORA MUNDOQUINHA SAMPAIO,7p1e1
RUA PROFESSORA NENEN VILHENA,7p1e5 7p1e7
RUA PROFESSORA OLGA BATISTA,7p1e4
RUA PROFESSORA ORMINDA VIEIRA,7p1e1
RUA PROFESSORA PEQUENA RUBIM,7p1e 7p1e7
RUA PROFESSORA ROSA DA CUNHA BARROS,7p1d 7p1d7
RUA PROFESSORA SOCORRO SILVA,7p1e3
RUA PROFESSORA TERESA VERAS,7p1e1r
RUA PROFESSORA TERESINHA FARIAS,7p1e4
RUA PROFESSORA VERONICA PAIVA,7p1e4
RUA PROFESSORA ZEFINHA FERRAZ,7p1df 7p1dfn
RUA PROGRESO,7p1e5
RUA PROJ 6 RES SANTA RITA,7p1df
RUA PROJETADA,7p1d 7p1df 7p1dfk 7p1e3 7p1e5 7p1e9
RUA PROJETADA (RETAGUARDA),7p1df
RUA PROJETADA - BRASILAR,7p1d
RUA PROJETADA - VILA SANTA HELENA II,7p1dd
RUA PROJETADA 01,7p1e3
RUA PROJETADA 02,7p1e3 7p1e9
RUA PROJETADA 03,7p1e3 7p1e9
RUA PROJETADA 04,7p1e3
RUA PROJETADA 04 LOT JARDINS DO NORTE,7p1e9
RUA PROJETADA 05,7p1dd 7p1e3 7p1e9
RUA PROJETADA 06,7p1e9
RUA PROJETADA 07,7p1e9
RUA PROJETADA 08,7p1df 7p1e9
RUA PROJETADA 09,7p1e9
RUA PROJETADA 10,7p1e9
RUA PROJETADA 11,7p1e9
RUA PROJETADA 12,7p1e9
RUA PROJETADA 13,7p1e9
RUA PROJETADA 14,7p1df 7p1e9
RUA PROJETADA 15,7p1e9
RUA PROJETADA 16,7p1e9
RUA PROJETADA 17,7p1e9
RUA PROJETADA 18,7p1e9
RUA PROJETADA 19,7p1e9
RUA PROJETADA 20,7p1e9
RUA PROJETADA 21,7p1e9
RUA PROJETADA 22,7p1e9
RUA PROJETADA 23,7p1e9
RUA PROJETADA 24,7p1e9
RUA PROJETADA 25,7p1e9
RUA PROJETADA 26,7p1e3 7p1e9
RUA PROJETADA 27,7p1e3 7p1e9
RUA PROJETADA 28,7p1e3
RUA PROJETADA 29,7p1e3
RUA PROJETADA 30,7p1e3
RUA PROJETADA 31,7p1e3 7p1e9
RUA PROJETADA 32,7p1e9
RUA PROJETADA 33,7p1e9
RUA PROJETADA 34,7p1e9
RUA PROJETADA 35,7p1e9
RUA PROJETADA 36,7p1e9
RUA PROJETADA 37,7p1e9
RUA PROJETADA 38,7p1e9
RUA PROJETADA 39,7p1e9
RUA PROJETADA 40,7p1e9
RUA PROJETADA 41,7p1e9
RUA PROJETADA 42,7p1e9
RUA PROJETADA 5,7p1df
RUA PROJETADA 8,7p1e1
RUA PROJETADA I,7p1e3
RUA PROJETADA L,7p1e5
RUA PROJETADA PARTICULAR,7p1e5
RUA PROMOTOR MARIO DE ALMEIDA COSTA,7p1e5
RUA PROMOTOR RAIMUNDO FIGUEIREDO,7p1e9
RUA PRUDENTE DE MORAIS,7p1df
RUA PUBLICITARIO ANATOLE KARPOV,7p1df
RUA PUBLICITARIO MARCUS PEIXOTO,7p1e5
RUA PUBLICITARIO NELSON ROSA,7p1e 7p1e7
RUA Q,7p1e
RUA QUATRO VILA CLEMENTES FORTES,7p1dd
RUA QUATRO VILA MEIO NORTE,7p1e
RUA QUATRO VILA N S ROSARIO II,7p1dd
RUA QUENIA,7p1dfk
RUA QUILOMBO DOS PALMARES,7p1e1
RUA QUINCAS BASTOS,7p1df
RUA QUINCAS NORONHA,7p1e4
RUA QUINTINO BOCAIUVA,7p1d 7p1df 7p1dfn 7p1e1
RUA QUINTO,7p1d
RUA QUINZE D INDUSTRIAL,7p1dd
RUA QUINZE DE NOVEMBRO,7p1df
RUA QUINZE DE NOVEMBRO - T OS SANTOS,7p1e5
RUA QUIRINO,7p1e
RUA R-1-17,7p1e7
RUA R-18,7p1e7
"RUA R-2-24 NUMERO 5382, SETOR 2",7p1e7
RUA R1-22 LOT VERDELAR,7p1e7
RUA R2-17,7p1e7
RUA R2-22,7p1e7
RUA R2-3 VERDELAR,7p1e7
RUA R2-4 LOT VERDE LAR,7p1e7
RUA R2-5 LOT VERDE LAR,7p1e7
RUA R2-6 LOT VERDELAR-CHACARAS RESIDENCIAL,7p1e7
RUA R2-7 LOT VERDE LAR,7p1e7
RUA R2-9 LOT VERDE LAR,7p1e7
RUA RADIALISTA B ASSIS,7p1df
RUA RADIALISTA JIM BORRALHO,7p1e1 7p1e1r 7p1e3
RUA RADIALISTA JORGE VIEIRA,7p1df
RUA RADIALISTA ROQUE MOREIRA,7p1e3 7p1e3v
RUA RAFAELLO RINALDI,7p1e
RUA RAIMUNDA CAMPOS,7p1df
RUA RAIMUNDA CARDOSO,7p1df
RUA RAIMUNDA CASTELO BRANCO,7p1dd 7p1df0
RUA RAIMUNDA RODRIGUES DA SILVA,7p1e
RUA RAIMUNDINHO MELO,7p1dgr
RUA RAIMUNDINHO VERAS,7p1e5
RUA RAIMUNDO  SAO,7p1e
RUA RAIMUNDO  SAO VL JERUSALEM,7p1df
RUA RAIMUNDO ALCANTARA,7p1e3
RUA RAIMUNDO ALVES DA PAZ,7p1dd
RUA RAIMUNDO ALVES DE CARVALHO,7p1e
RUA RAIMUNDO BARBOSA DE ARAUJO,7p1e1
RUA RAIMUNDO CARVALHO  INSPETOR,7p1e 7p1e4
RUA RAIMUNDO CASTRO FILHO,7p1e5 7p1e7
RUA RAIMUNDO CONRADO,7p1e9
RUA RAIMUNDO DOROTEIA,7p1e9
RUA RAIMUNDO EUFRASIO ALVES,7p1e5
RUA RAIMUNDO FONSECA,7p1dg
RUA RAIMUNDO LIMA,7p1dd 7p1df
RUA RAIMUNDO MARQUES SANTANA,7p1e7
RUA RAIMUNDO MOREIRA E SILVA,7p1e7
RUA RAIMUNDO NETO DO VALE,7p1d
RUA RAIMUNDO NOGUEIRA DE BRITO,7p1d
RUA RAIMUNDO NONATO ALVES,7p1dg
RUA RAIMUNDO PEREIRA,7p1e9
RUA RAIMUNDO PINHEIRO,7p1e3
RUA RAIMUNDO PORFIRIO FARIAS,7p1dd
RUA RAIMUNDO PORTELLA,7p1e4
RUA RAIMUNDO REGO LOBAO,7p1e3
RUA RAIMUNDO SILVA PEDREIRA,7p1e3
RUA RAIMUNDO SOARES CORDEIRO,7p1e1
RUA RAIMUNDO SOARES MIRANDA,7p1df
RUA RAIMUNDO SOARES VIANA,7p1e
RUA RAIMUNDO SOLDADO  CANTOR,7p1dg
RUA RAIMUNDO SOUSA BARROS,7p1dg
RUA RAIMUNDO SOUSA E SILVA,7p1df
RUA RAIMUNDO VILANOVA,7p1e3
RUA RAINHA DO CEU,7p1d
RUA RAINHA DOS ANJOS,7p1d
RUA RAUL SERRANO,7p1e4
RUA REFUGIO,7p1e
RUA REGENERACAO,7p1e4
RUA REGENTE FEIJO,7p1e4
RUA REGINA CELIA,7p1e9
RUA REGINA LOPES,7p1e4
RUA REGINA MAURICIO,7p1e5
RUA REGINA NAPOLEAO,7p1df
RUA REGINA SOARES,7p1e1
RUA REMEDIOS  N S DOS - AGUA MINERAL,7p1e3
RUA REMEDIOS  N S DOS - MACAUBA,7p1df
RUA RENATO ANDRADE,7p1e3
RUA RENATO BARRETO,7p1df 7p1dfy
RUA RENATO BASILIO,7p1df 7p1dg
RUA REPUBLICA DOMINICANA,7p1df
RUA RIACHUELO,7p1d 7p1df 7p1e1
RUA RIACHUELO (MATADOURO),7p1e1
RUA RIANOPOLIS,7p1e5
RUA RIBAMAR MACHADO  ENGENHEIRO,7p1e7
RUA RIBAMAR PACHECO,7p1e4
RUA RIBEIRAO PRETO,7p1e7
RUA RICARDO PEARCE BRITO,7p1e4 7p1e5
RUA RICARDO R DA SILVA,7p1dd
RUA RICARDO SEABRA,7p1e1
RUA RIO CLARO,7p1df
RUA RIO DE JANEIRO,7p1e1
RUA RIO GRANDE DO NORTE,7p1e1
RUA RIO GRANDE DO SUL,7p1e4
RUA RIO PARNAIBA,7p1dd
RUA RIO POTY,7p1dd
RUA RITA DE CASSIA,7p1dd
RUA RITA DE CASSIA MENESES,7p1e5
RUA RITA LUDOFT,7p1e
RUA RITA MARIA VIEIRA,7p1dd 7p1ddq
RUA RITA MENESES,7p1df
RUA RITIMISTA ORLANDO NASCIMENTO,7p1e5
RUA RIVADAVIA BRAZ DE OLIVEIRA,7p1dd
RUA ROBERT DE CASTRO ALMEIDA,7p1e3e
RUA ROBERTO CALLAND,7p1e5
RUA ROBERTO F  CRUZ,7p1dd
RUA ROCHA ANDRADE  CAPITAO,7p1e4
RUA RODOLFO DA COSTA E SILVA,7p1d
RUA RODRIGO FERRAZ  ENGENHEIRO,7p1e5
RUA RODRIGUES ALVES,7p1df
RUA RODRIGUES DOS SANTOS,7p1e1
RUA RODRIGUES FILHO  VEREADOR,7p1dd
RUA ROLAND JACOB,7p1e3
RUA ROLDAO CASTELO BRANCO,7p1e4
RUA ROLIM AMARO  COMANDANTE,7p1e5
RUA ROMA,7p1e1
RUA ROMENIA,7p1dg
RUA ROMMEL SANTOS PORTELA,7p1e3v
RUA RONDINA,7p1e9
RUA RONDONIA,7p1dg
RUA ROOSEVELT BASTOS,7p1e5
RUA ROSA DE LIMA  SANTA,7p1d
RUA ROSA MARIA SOUSA,7p1df
RUA ROSA TAJRA ADAD,7p1d 7p1d7
RUA ROSALIA ALVES DA SILVA,7p1e5
RUA ROSANA NERES,7p1e3
RUA ROSAS  DAS,7p1e4
RUA ROSELI VASCONCELOS MENDES,7p1df
RUA ROSEMARY SANTOS  ESTUDANTE,7p1e1
RUA ROTARY CLUB,7p1e5 7p1e7
RUA RUA IV DO LOTEAMENTO PARQUE JOCKEY,7p1e4
RUA RUBI,7p1e4
RUA RUI BARBOSA,7p1d 7p1e1 7p1e1r 7p1e3
RUA RUI LIMA,7p1e1
RUA RUTH RENEE BARBOSA GUIMARAES,7p1e5
RUA RUTH SENNA PEDREIRA,7p1e 7p1e3v
RUA S - VILA PQ PROMORAR,7p1dd
RUA S/D CONJ RAIMUNDO PORTELA,7p1ddq
RUA SABA SAID,7p1e4
RUA SABARA,7p1df
RUA SABINO CRUZ DA ASSUNCAO,7p1e4
RUA SAFIRA,7p1e1
RUA SAGRADO CORACAO DE JESUS,7p1dg
RUA SAGRES,7p1dd
RUA SALINOPOLIS,7p1e7
RUA SALITRE,7p1e
RUA SALOMAO SAID,7p1e4
RUA SALOME NUNES,7p1e4
RUA SALTO,7p1e
RUA SALVA TERRA,7p1df
RUA SALVADOR,7p1e5
RUA SALVADOR GOMES DA ROCHA,7p1e9
RUA SAMAMBAIA,7p1e1
RUA SAMUEL MIRANDA  MOTORISTA,7p1dd
RUA SAMUEL MORSE,7p1e4
RUA SAMUEL SOARES CORDEIRO,7p1e3
RUA SANHAROL,7p1e5
RUA SANSAO CASTELO BRANCO,7p1d 7p1df
RUA SANSAO DO PIAUI,7p1dg
RUA SANT ANA,7p1d
RUA SANTA ANA,7p1d
RUA SANTA ANGELA,7p1e7
RUA SANTA APOLONIA,7p1d
RUA SANTA BARBARA,7p1df 7p1dfk 7p1e3 7p1e3e
RUA SANTA BARBARA - VILA SAO J DA C RICA,7p1dfk
RUA SANTA CATARINA,7p1e4
RUA SANTA CATARINA DE SENNA,7p1e3
RUA SANTA CECILIA,7p1df
RUA SANTA CLARA,7p1e3 7p1e3e
RUA SANTA CLARA ALTO DA RESSURREICAO,7p1e5
RUA SANTA CLARA DO VALE,7p1e7
RUA SANTA CRUZ,7p1e1 7p1e1r
RUA SANTA CRUZ - VL M NORTE,7p1e
RUA SANTA DOROTEIA,7p1d
RUA SANTA EDWIRGENS VERDE LAR,7p1e7
RUA SANTA EDWIRGES,7p1dg 7p1dgr
RUA SANTA EFIGENIA ALTO RESSURREICAO,7p1e5
RUA SANTA ELISA,7p1dg
RUA SANTA ELIZABETE - VERDE LAR,7p1e7
RUA SANTA FE,7p1e 7p1e1 7p1e3
RUA SANTA FILOMENA,7p1dg
RUA SANTA FILOMENA PQ RODOVIARIO,7p1df
RUA SANTA FILOMENA VILA MEIO NORTE,7p1e
RUA SANTA FRANCISCA CABRINE,7p1d
RUA SANTA GEMA GALGANI,7p1d
RUA SANTA GENOVEVA,7p1d
RUA SANTA GERTRUDES ANGELIM,7p1d
RUA SANTA GERTRUDES NOVO HORIZONTE,7p1dg
RUA SANTA HELENA,7p1e1r 7p1e3
RUA SANTA HELENA PARQUE JACINTA,7p1dd
RUA SANTA HELENA SANTA BARBARA,7p1e7
RUA SANTA INES - VERDE LAR,7p1e7
RUA SANTA INES ALTO DA RESSURREICAO,7p1e5
RUA SANTA INEZ NOVA BRASILIA,7p1e3
RUA SANTA IRENE,7p1e7
RUA SANTA IRENE VERDE LAR,7p1e7
RUA SANTA ISABEL,7p1e1
RUA SANTA JOANA D ARC,7p1e3 7p1e3e
RUA SANTA JOANA D'ARC,7p1d
RUA SANTA LUZIA,7p1d 7p1e1 7p1e4
RUA SANTA LUZIA - CID INDUSTRIAL,7p1e9
RUA SANTA LUZIA - GURUPI,7p1e5
RUA SANTA LUZIA VILA MEIO NORTE,7p1e
RUA SANTA LUZIA VILA SANTA BARBARA,7p1e7
RUA SANTA MADALENA,7p1d
RUA SANTA MARIA - BRASILAR,7p1d
RUA SANTA MARIA - PROMORAR,7p1ddq
RUA SANTA MARIA - VERDE LAR,7p1e7
RUA SANTA MARIA - VL M NORTE,7p1e
RUA SANTA MARIA GORETE,7p1dfk
RUA SANTA MARIA MADALENA,7p1d
RUA SANTA MARIANA,7p1dg
RUA SANTA MARTA,7p1df
RUA SANTA MONICA,7p1d
RUA SANTA PERPETUA,7p1d
RUA SANTA QUITERIA,7p1e 7p1e7
RUA SANTA RITA,7p1df
RUA SANTA RITA DE CASSIA,7p1dg 7p1dgr
RUA SANTA RITA PARQUE BRASIL II,7p1e9
RUA SANTA RITA VILA DA PAZ,7p1dfk
RUA SANTA ROSA,7p1dfk
RUA SANTA TERESA,7p1e5
RUA SANTA TERESA - VILA SANTA JOANA D ARC,7p1e5
RUA SANTA TERESA VILA A RESSURREICAO,7p1e5
RUA SANTA TERESINHA,7p1e7
RUA SANTA TERESINHA - VL M NORTE,7p1e
RUA SANTANA,7p1e 7p1e1
RUA SANTAREM,7p1e3
RUA SANTIAGO,7p1dd
RUA SANTINHA,7p1e9
RUA SANTINHA VAZ,7p1e1
RUA SANTISSIMA TRINDADE,7p1e5
RUA SANTO AFONSO,7p1e1
RUA SANTO AGOSTINHO,7p1dfk
RUA SANTO AMARO,7p1d
RUA SANTO ANASTACIO,7p1dg
RUA SANTO ANDRE,7p1dg
RUA SANTO ANTAO,7p1d
RUA SANTO ANTONIO,7p1e4
RUA SANTO ANTONIO - TODOS OS SANTOS,7p1e5
RUA SANTO ANTONIO - VL M NORTE,7p1e
RUA SANTO ANTONIO LOT PQ PIONEIRO,7p1dd
RUA SANTO ANTONIO VILA SANTA BARBARA,7p1e7
RUA SANTO ELOI,7p1d
RUA SANTO EMIDIO,7p1d 7p1df
RUA SANTO ESTEVAO,7p1dg
RUA SANTO EUSTAQUIO,7p1d
RUA SANTO GUARDA,7p1d
RUA SANTO INACIO,7p1e7
RUA SANTO ISIDORO,7p1d
RUA SANTO IVO,7p1d
RUA SANTO ONOFRE,7p1d
RUA SAO BARTOLOMEU,7p1d
RUA SAO BENEDITO,7p1e7
RUA SAO BENTO,7p1e3e
RUA SAO BRAS,7p1d
RUA SAO CAETANO,7p1dg
RUA SAO CAETANO DO SUL,7p1e5
RUA SAO CAMILO,7p1d
RUA SAO CARLOS - VILA A GIL,7p1dd
RUA SAO CASEMIRO,7p1d
RUA SAO CIPRIANO,7p1d
RUA SAO CIRILO,7p1d
RUA SAO CONRADO,7p1d
RUA SAO COSME,7p1df
RUA SAO COSME E DAMIAO,7p1d
RUA SAO CRISPIM,7p1d
RUA SAO CRISPIM - VERDE LAR,7p1e7
RUA SAO CRISTOVAO,7p1e5
RUA SAO CRISTOVAO ALTO DA RESSURREICAO,7p1e5
RUA SAO CRISTOVAO VILA SANTA BARBARA,7p1e7
RUA SAO DAMIAO,7p1df
RUA SAO DIMAS,7p1d
RUA SAO DOMINGOS,7p1d
RUA SAO EULALIO - VERDE LAR,7p1e7
RUA SAO FELIPE,7p1d
RUA SAO FELIX,7p1e1
RUA SAO FLORIANO,7p1e7
RUA SAO FRANCISCO,7p1df
RUA SAO FRANCISCO - VERDE LAR,7p1e7
RUA SAO FRANCISCO - VILA NOVA PARNAIBA,7p1d
RUA SAO FRANCISCO - VILA SAO FRANCISCO,7p1dd
RUA SAO FRANCISCO - VL M NORTE,7p1e
RUA SAO FRANCISCO DAS CHAGAS,7p1dd
RUA SAO FRANCISCO DE SALES,7p1dd
RUA SAO FRANCISCO LOT PARQUE PROMORAR,7p1dd
RUA SAO FRANCISCO PEDRA MOLE,7p1e
RUA SAO FRANCISCO SATELITE,7p1e7
RUA SAO FRANCISCO VILA PARQUE ANTARTICA,7p1dd
RUA SAO GABRIEL - NOVO HORIZONTE,7p1dg
RUA SAO GABRIEL - SANTO ANTONIO,7p1dd
RUA SAO GABRIEL ANGELIM,7p1d
RUA SAO GERMANO,7p1d
RUA SAO GREGORIO,7p1e3
RUA SAO JANUARIO,7p1e5
RUA SAO JERONIMO - ANGELIM,7p1d
RUA SAO JOAO - CENTRO,7p1d 7p1e1
RUA SAO JOAO BATISTA,7p1dg 7p1e
RUA SAO JOAO BATISTA AGUA MINERAL,7p1e3
RUA SAO JOAO DA MATA,7p1e5
RUA SAO JOAO DO PIAUI,7p1d
RUA SAO JOAQUIM,7p1e3
RUA SAO JORGE - ANGELIM,7p1d
RUA SAO JORGE - GURUPI,7p1e5
RUA SAO JORGE - SANTO ANTONIO,7p1dd
RUA SAO JORGE - SOCOPO,7p1e
RUA SAO JORGE - VERDE LAR,7p1e7
RUA SAO JOSE,7p1e3
RUA SAO JOSE - DISTRITO INDUSTRIAL,7p1dd
RUA SAO JOSE - SOCOPO,7p1e
RUA SAO JOSE - VILA CRISTALINA,7p1e3
RUA SAO JOSE ALTO DA RESSURREICAO,7p1e5
RUA SAO JOSE SANTA BARBARA,7p1e7
RUA SAO JOSE VILA MEIO NORTE,7p1e
RUA SAO JUDAS TADEU,7p1df
RUA SAO LEONARDO,7p1e5
RUA SAO LOURENCO,7p1e4
RUA SAO LUCAS,7p1d
RUA SAO LUIS - VL DAGMAR MAZZA,7p1dd
RUA SAO LUIZ,7p1e1
RUA SAO LUIZ  - VILA AFONSO GIL,7p1dd
RUA SAO LUIZ SOCOPO,7p1e
RUA SAO MANOEL,7p1dg
RUA SAO MARCOS,7p1e7
RUA SAO MARCOS - AGUA MINERAL,7p1e3
RUA SAO MARCOS - REDENCAO,7p1dfk
RUA SAO MATEUS - AGUA MINERAL,7p1e3
RUA SAO MATEUS - ANGELIM,7p1d
RUA SAO MATEUS - VILA A GIL,7p1dd
RUA SAO MIGUEL,7p1d
RUA SAO MIGUEL DO TAPUIO,7p1e3
RUA SAO PAULO,7p1e1 7p1e7
RUA SAO PEDRO,7p1e1 7p1e4 7p1e7
RUA SAO PEDRO PARQUE BRASIL,7p1e9
RUA SAO PELEGRINO,7p1d
RUA SAO RAIMUNDO - T OS SANTOS,7p1e5
RUA SAO RAIMUNDO NONATO,7p1e7
RUA SAO ROQUE,7p1d
RUA SAO SEBASTIAO,7p1d 7p1dd
RUA SAO SEBASTIAO - LOT PARQUE PIONEIRO,7p1dd
RUA SAO TIMOTEO - VERDE LAR,7p1e7
RUA SAO TOMAZ,7p1d
RUA SAO VALENTINO,7p1d
RUA SAO VICENTE,7p1d 7p1df
RUA SAO VICENTE DE PAULO,7p1e5 7p1e7
RUA SAPATEIRO BRASIL,7p1df
RUA SAPUCAIA,7p1e3
RUA SARGENTO BATISTA,7p1d 7p1dd
RUA SARGENTO MELO,7p1dd
RUA SARGENTO WALMIR SANTOS,7p1df
RUA SATIRO R  DA SILVA,7p1dd
RUA SATURNINO JOSE DE MOURA,7p1d
RUA SATURNINO RICARDO DE MOURA,7p1d
RUA SATURNINO ROLINS MORAIS,7p1e7
RUA SATURNO,7p1e 7p1e4 7p1e7
RUA SEBASTIAO  SAO,7p1e1r
RUA SEBASTIAO  SAO - VERDE LAR,7p1e7
RUA SEBASTIAO ARAUJO FORTES,7p1dd
RUA SEBASTIAO BARBOSA,7p1e1
RUA SEBASTIAO ROSA DE SOUSA,7p1df
RUA SECUNDARIA (SEM DENOMINACAO OFICIAL),7p1e1
RUA SEIS DE JULHO,7p1e1
RUA SEIS LOT PARQUE SAO JOAO,7p1d
RUA SEIS VILA SANTA MARIA,7p1dd
RUA SEM DENOMINACAO,7p1d 7p1dd 7p1df 7p1df0 7p1dg 7p1e 7p1e1 7p1e4 7p1e7
RUA SEM DENOMINACAO - CRISTO REI,7p1df
RUA SEM DENOMINACAO 00008,7p1e4
RUA SEM DENOMINACAO 00018,7p1e4
RUA SEM DENOMINACAO 00032,7p1e4
RUA SEM DENOMINACAO 00049,7p1e4
RUA SEM DENOMINACAO 00210,7p1e7
RUA SEM DENOMINACAO 00229,7p1d
RUA SEM DENOMINACAO 00235,7p1e7
RUA SEM DENOMINACAO 00239,7p1d
RUA SEM DENOMINACAO 00240,7p1d
RUA SEM DENOMINACAO 00244,7p1e7
RUA SEM DENOMINACAO 00245,7p1e7
RUA SEM DENOMINACAO 00246,7p1e7
RUA SEM DENOMINACAO 00255,7p1e7
RUA SEM DENOMINACAO 00261,7p1e7
RUA SEM DENOMINACAO 00264,7p1e7
RUA SEM DENOMINACAO 00282,7p1e9
RUA SEM DENOMINACAO 00292,7p1e9
RUA SEM DENOMINACAO 00294,7p1e9
RUA SEM DENOMINACAO 00298,7p1e9
RUA SEM DENOMINACAO 00328,7p1e5
RUA SEM DENOMINACAO 00329,7p1e5
RUA SEM DENOMINACAO 00355,7p1dg
RUA SEM DENOMINACAO 00464,7p1dg
RUA SEM DENOMINACAO 00471,7p1dd
RUA SEM DENOMINACAO 00494,7p1dgr
RUA SEM DENOMINACAO 00502,7p1dgr
RUA SEM DENOMINACAO 00515,7p1e5 7p1e7
RUA SEM DENOMINACAO 00521,7p1e7
RUA SEM DENOMINACAO 00530,7p1e1
RUA SEM DENOMINACAO 00534,7p1e1
RUA SEM DENOMINACAO 00535,7p1e1
RUA SEM DENOMINACAO 00536,7p1e1
RUA SEM DENOMINACAO 00589,7p1e1
RUA SEM DENOMINACAO 00590,7p1e1
RUA SEM DENOMINACAO 00627,7p1e4
RUA SEM DENOMINACAO 00632,7p1df
RUA SEM DENOMINACAO 00682,7p1dg
RUA SEM DENOMINACAO 00738,7p1dd
RUA SEM DENOMINACAO 00741,7p1df
RUA SEM DENOMINACAO 00802,7p1dg
RUA SEM DENOMINACAO 00804,7p1dg
RUA SEM DENOMINACAO 00817,7p1dg
RUA SEM DENOMINACAO 00822,7p1e1
RUA SEM DENOMINACAO 00831,7p1e5
RUA SEM DENOMINACAO 00837,7p1e5
RUA SEM DENOMINACAO 00851,7p1dgr
RUA SEM DENOMINACAO 00853,7p1dg
RUA SEM DENOMINACAO 00861,7p1df
RUA SEM DENOMINACAO 00896,7p1dd
RUA SEM DENOMINACAO 00902,7p1e3 7p1e3e
RUA SEM DENOMINACAO 00904,7p1e3
RUA SEM DENOMINACAO 00908,7p1e3
RUA SEM DENOMINACAO 00910,7p1e1
RUA SEM DENOMINACAO 00919,7p1e9
RUA SEM DENOMINACAO 00989,7p1e3
RUA SEM DENOMINACAO 01009,7p1df
RUA SEM DENOMINACAO 01043,7p1e7
RUA SEM DENOMINACAO 01051,7p1e7
RUA SEM DENOMINACAO 01054,7p1e7
RUA SEM DENOMINACAO 01059,7p1e3
RUA SEM DENOMINACAO 01062,7p1e3
RUA SEM DENOMINACAO 01071,7p1e3
RUA SEM DENOMINACAO 01076,7p1e3
RUA SEM DENOMINACAO 01094,7p1e3
RUA SEM DENOMINACAO 01118,7p1e5
RUA SEM DENOMINACAO 01155,7p1e5
RUA SEM DENOMINACAO 01178,7p1e5
RUA SEM DENOMINACAO 01227,7p1e
RUA SEM DENOMINACAO 01228,7p1e4
RUA SEM DENOMINACAO 01263,7p1df
RUA SEM DENOMINACAO 01276,7p1e4
RUA SEM DENOMINACAO 01281,7p1e7
RUA SEM DENOMINACAO 01289,7p1e7
RUA SEM DENOMINACAO 01293,7p1e7
RUA SEM DENOMINACAO 01294,7p1e7
RUA SEM DENOMINACAO 01296,7p1e7
RUA SEM DENOMINACAO 01312,7p1e7
RUA SEM DENOMINACAO 01454,7p1dd
RUA SEM DENOMINACAO 01543,7p1dd
RUA SEM DENOMINACAO 01580,7p1dd 7p1ddq
RUA SEM DENOMINACAO 01582,7p1dd
RUA SEM DENOMINACAO 01591,7p1df
RUA SEM DENOMINACAO 01599,7p1dd
RUA SEM DENOMINACAO 01602,7p1dd
RUA SEM DENOMINACAO 01603,7p1dd
RUA SEM DENOMINACAO 01734,7p1df
RUA SEM DENOMINACAO 01754,7p1d
RUA SEM DENOMINACAO 01766,7p1e7
RUA SEM DENOMINACAO 01777,7p1e7
RUA SEM DENOMINACAO 01844,7p1e
RUA SEM DENOMINACAO 01851,7p1e
RUA SEM DENOMINACAO 01859,7p1e
RUA SEM DENOMINACAO 01860,7p1e
RUA SEM DENOMINACAO 01867,7p1e
RUA SEM DENOMINACAO 01868,7p1e
RUA SEM DENOMINACAO 01870,7p1e
RUA SEM DENOMINACAO 01871,7p1e
RUA SEM DENOMINACAO 01882,7p1e
RUA SEM DENOMINACAO 01884,7p1e
RUA SEM DENOMINACAO 01914,7p1e
RUA SEM DENOMINACAO 01938,7p1e4
RUA SEM DENOMINACAO 01941,7p1e4
RUA SEM DENOMINACAO 01943,7p1e9
RUA SEM DENOMINACAO 01973,7p1df
RUA SEM DENOMINACAO 02042,7p1df
RUA SEM DENOMINACAO 02082,7p1df
RUA SEM DENOMINACAO 02087,7p1df
RUA SEM DENOMINACAO 02088,7p1df
RUA SEM DENOMINACAO 02159,7p1dd
RUA SEM DENOMINACAO 02167,7p1dd
RUA SEM DENOMINACAO 02189,7p1e
RUA SEM DENOMINACAO 02192,7p1e9
RUA SEM DENOMINACAO 02195,7p1e7
RUA SEM DENOMINACAO 02213,7p1e
RUA SEM DENOMINACAO 02229,7p1e7
RUA SEM DENOMINACAO 02238,7p1e7
RUA SEM DENOMINACAO 02252,7p1d
RUA SEM DENOMINACAO 02253,7p1e
RUA SEM DENOMINACAO 02255,7p1e
RUA SEM DENOMINACAO 02256,7p1e
RUA SEM DENOMINACAO 02257,7p1e
RUA SEM DENOMINACAO 02258,7p1e
RUA SEM DENOMINACAO 02260,7p1e
RUA SEM DENOMINACAO 02261,7p1e
RUA SEM DENOMINACAO 02267,7p1d
RUA SEM DENOMINACAO 02268,7p1d
RUA SEM DENOMINACAO 02272,7p1e9
RUA SEM DENOMINACAO 02275,7p1e
RUA SEM DENOMINACAO 02306,7p1e1
RUA SEM DENOMINACAO 02324,7p1e5
RUA SEM DENOMINACAO 02384,7p1e4
RUA SEM DENOMINACAO 02441,7p1dd
RUA SEM DENOMINACAO 02474,7p1df
RUA SEM DENOMINACAO 02500,7p1d
RUA SEM DENOMINACAO 02503,7p1d
RUA SEM DENOMINACAO 02504,7p1d
RUA SEM DENOMINACAO 02507,7p1d
RUA SEM DENOMINACAO 02554,7p1e9
RUA SEM DENOMINACAO 02559,7p1df 7p1dfn
RUA SEM DENOMINACAO 02561,7p1df
RUA SEM DENOMINACAO 02565,7p1e9
RUA SEM DENOMINACAO 02578,7p1e9
RUA SEM DENOMINACAO 02583,7p1e9
RUA SEM DENOMINACAO 02588,7p1dfk
RUA SEM DENOMINACAO 02591,7p1dfk
RUA SEM DENOMINACAO 02596,7p1dfk
RUA SEM DENOMINACAO 02598,7p1dfk
RUA SEM DENOMINACAO 02600,7p1dfk
RUA SEM DENOMINACAO 02601,7p1dfk
RUA SEM DENOMINACAO 02602,7p1dfk
RUA SEM DENOMINACAO 02603,7p1dfk
RUA SEM DENOMINACAO 02622,7p1df
RUA SEM DENOMINACAO 02643,7p1e3
RUA SEM DENOMINACAO 02654,7p1dd
RUA SEM DENOMINACAO 02671,7p1dd
RUA SEM DENOMINACAO 02687,7p1dd
RUA SEM DENOMINACAO 02689,7p1dd
RUA SEM DENOMINACAO 02692,7p1dd
RUA SEM DENOMINACAO 02711,7p1dd
RUA SEM DENOMINACAO 02822,7p1e
RUA SEM DENOMINACAO 02846,7p1e
RUA SEM DENOMINACAO 02847,7p1e
RUA SEM DENOMINACAO 02856,7p1e
RUA SEM DENOMINACAO 02880,7p1d
RUA SEM DENOMINACAO 02974,7p1d
RUA SEM DENOMINACAO 02981,7p1e
RUA SEM DENOMINACAO 02982,7p1e
RUA SEM DENOMINACAO 02983,7p1e
RUA SEM DENOMINACAO 02984,7p1e
RUA SEM DENOMINACAO 02990,7p1e9
RUA SEM DENOMINACAO 03205,7p1d
RUA SEM DENOMINACAO 03212,7p1dfk
RUA SEM DENOMINACAO 03244,7p1d
RUA SEM DENOMINACAO 03265,7p1df
RUA SEM DENOMINACAO 03273,7p1df
RUA SEM DENOMINACAO 03299,7p1dd
RUA SEM DENOMINACAO 03304,7p1e3v
RUA SEM DENOMINACAO 03305,7p1df
RUA SEM DENOMINACAO 03306,7p1e3
RUA SEM DENOMINACAO 03329,7p1df
RUA SEM DENOMINACAO 03331,7p1e5
RUA SEM DENOMINACAO 03334,7p1dd
RUA SEM DENOMINACAO 03335,7p1dd
RUA SEM DENOMINACAO 03369,7p1df
RUA SEM DENOMINACAO 03371,7p1dd
RUA SEM DENOMINACAO 03372,7p1dd
RUA SEM DENOMINACAO 03379,7p1dg
RUA SEM DENOMINACAO 03381,7p1df
RUA SEM DENOMINACAO 03383,7p1df
RUA SEM DENOMINACAO 03384,7p1df
RUA SEM DENOMINACAO 03393,7p1e5
RUA SEM DENOMINACAO 03401,7p1e5
RUA SEM DENOMINACAO 03402,7p1e5
RUA SEM DENOMINACAO 03404,7p1e5
RUA SEM DENOMINACAO 03406,7p1e3
RUA SEM DENOMINACAO 03411,7p1e3
RUA SEM DENOMINACAO 03415,7p1e3
RUA SEM DENOMINACAO 03430,7p1e3
RUA SEM DENOMINACAO 03442,7p1e5
RUA SEM DENOMINACAO 03443,7p1e5
RUA SEM DENOMINACAO 03445,7p1e5
RUA SEM DENOMINACAO 03446,7p1e5
RUA SEM DENOMINACAO 03455,7p1e1
RUA SEM DENOMINACAO 03456,7p1e1
RUA SEM DENOMINACAO 03457,7p1e1
RUA SEM DENOMINACAO 03534,7p1e9
RUA SEM DENOMINACAO 03543,7p1e5
RUA SEM DENOMINACAO 03558,7p1e5
RUA SEM DENOMINACAO 03560,7p1df
RUA SEM DENOMINACAO 03570,7p1e7
RUA SEM DENOMINACAO 03589,7p1d
RUA SEM DENOMINACAO 03598,7p1e3
RUA SEM DENOMINACAO 03600,7p1e1r
RUA SEM DENOMINACAO 03615,7p1e7
RUA SEM DENOMINACAO 03616,7p1e7
RUA SEM DENOMINACAO 03617,7p1e7
RUA SEM DENOMINACAO 03686,7p1e
RUA SEM DENOMINACAO 03687,7p1e
RUA SEM DENOMINACAO 03689,7p1e
RUA SEM DENOMINACAO 03703,7p1e
RUA SEM DENOMINACAO 03708,7p1e7
RUA SEM DENOMINACAO 03711,7p1e7
RUA SEM DENOMINACAO 03722,7p1dd
RUA SEM DENOMINACAO 03726,7p1dd
RUA SEM DENOMINACAO 03732,7p1dd
RUA SEM DENOMINACAO 03738,7p1dd
RUA SEM DENOMINACAO 03751,7p1e
RUA SEM DENOMINACAO 03758,7p1df
RUA SEM DENOMINACAO 03768,7p1d
RUA SEM DENOMINACAO 03784,7p1e7
RUA SEM DENOMINACAO 03786,7p1e4
RUA SEM DENOMINACAO 03800,7p1e7
RUA SEM DENOMINACAO 03821,7p1d
RUA SEM DENOMINACAO 03825,7p1df
RUA SEM DENOMINACAO 03827,7p1df
RUA SEM DENOMINACAO 03828,7p1df
RUA SEM DENOMINACAO 03831,7p1e
RUA SEM DENOMINACAO 03832,7p1e
RUA SEM DENOMINACAO 03845,7p1d
RUA SEM DENOMINACAO 03852,7p1dd
RUA SEM DENOMINACAO 03868,7p1dd
RUA SEM DENOMINACAO 03884,7p1dd
RUA SEM DENOMINACAO 03893,7p1d
RUA SEM DENOMINACAO 03896,7p1d
RUA SEM DENOMINACAO 04007,7p1d
RUA SEM DENOMINACAO 04052,7p1d
RUA SEM DENOMINACAO LOT VERDELAR C RESIDENCIAIS,7p1e7
RUA SEM DENOMINCAO,7p1e1
RUA SENADOR CANDIDO FERRAZ,7p1e4
RUA SENADOR ESMARAGDO DE FREITAS,7p1df
RUA SENADOR JOAQUIM PARANAGUA,7p1df
RUA SENADOR JOAQUIM PARENTE,7p1e4
RUA SENADOR JOAQUIM PIRES,7p1e4
RUA SENADOR LUIS MENDES RIBEIRO GONCALVES,7p1e4
RUA SENADOR MENDONCA CLARK,7p1e 7p1e7
RUA SENADOR TEODORO PACHECO,7p1e1
RUA SENHOR DO BONFIM,7p1d
RUA SENHOR DOS PASSOS,7p1d 7p1dd
RUA SENHORZINHO VERAS,7p1e5
RUA SERGIPE,7p1e1
RUA SERTAOZINHO,7p1e5 7p1e7
RUA SETE DE SETEMBRO,7p1d 7p1df 7p1e1
RUA SETE LOT P SAO JOAO,7p1d
RUA SETE QUEDAS,7p1df 7p1dfk
RUA SETE VILA MARIA,7p1dd
RUA SEU BEM,7p1dg
RUA SEU CORNELIO,7p1e5
RUA SEVERINO CORREIA DA SILVA,7p1e
RUA SEVERO EULALIO,7p1e 7p1e3
RUA SILVANIA REBELO,7p1e9
RUA SILVESTRE  SAO,7p1e3
RUA SIMAO FELIX,7p1e9
RUA SIMON BOLIVAR,7p1df 7p1dfy
RUA SIMONE,7p1e1 7p1e4
RUA SIMPLICIO MENDES,7p1d 7p1df 7p1e1
RUA SIRIA,7p1e5
RUA SIZIFO CORREA,7p1df 7p1dfn
RUA SOARES  GARCON,7p1e1
RUA SOBRAL,7p1d7
RUA SOCIOLOGO HERBERT DE SOUSA,7p1dd
RUA SOLANGE AREA LEAO,7p1e4
RUA SOLDADO CARLOS CESAR DE SOUSA,7p1d7
RUA SOLDADO GEORGE GRANJEIRO,7p1dg
RUA SOLDADO PATRICIO,7p1dd
RUA SOLETO,7p1e5
RUA SOLIMOES,7p1e3 7p1e3e
RUA SOLON NOGUEIRA,7p1dg
RUA SOTERO VAZ DA SILVEIRA,7p1e1 7p1e3 7p1e3e
RUA SUBTENENTE EDMILSON ALVES,7p1dg
RUA SUBTENENTE FERREIRA,7p1dd
RUA SURINAME,7p1dg
RUA SUSANA CAVALCANTE  PROFESSORA,7p1e4
RUA SUZANO,7p1e7
RUA SUZANO I,7p1e7
RUA T,7p1e
RUA TABELIA MARISE MARQUES,7p1e
RUA TABELIAO JOSE BASILIO,7p1e4
RUA TABELIAO LUIZ PAIVA E SILVA,7p1dd
RUA TAGUAI,7p1e7
RUA TALLYNE TELES PINHEIRO,7p1e7
RUA TALMA IRAN LEAL,7p1e
RUA TAMBORIL,7p1e1
RUA TANCREDO NEVES,7p1dd
RUA TANCREDO NEVES - SOCOPO,7p1e
RUA TANCREDO SERRA E SILVA,7p1e4
RUA TANIA MARIA NOGUEIRA,7p1df
RUA TAQUARA,7p1e3e
RUA TAQUARI,7p1e3e
RUA TARCISIO LUCAS,7p1dgr 7p1e5
RUA TARCISIO PEREIRA E SILVA,7p1df
RUA TARRAFAS,7p1dd 7p1ddq
RUA TARSILA DO AMARAL,7p1df 7p1dg
RUA TATUI,7p1e
RUA TAUMATURGO DE AZEVEDO,7p1e1 7p1e4
RUA TAXISTA EUCLIDES RODRIGUES,7p1d
RUA TAXISTA PEDRO GOMES,7p1e1
RUA TECLA BARRETO SOARES CORDEIRO,7p1dd
RUA TECNICO JOAQUIM SOARES,7p1e3
RUA TEIXEIRA,7p1e9
RUA TELEGRAFISTA AQUILES BARROS,7p1e1 7p1e3
RUA TELEGRAFISTA CUTRIM COSTA,7p1df 7p1dfy
RUA TELEGRAFISTA FRANCISCO MEDEIROS,7p1e1r
RUA TELEGRAFISTA JOAO LOPES,7p1df0
RUA TELEGRAFISTA JOAO MENDES BENIGNO,7p1df
RUA TELEGRAFISTA SEBASTIAO PORTELLA,7p1e4
RUA TELEGRAFISTA WILSON VELOSO,7p1dg
RUA TELGRAFISTA JOSE DA VEIGA,7p1dd
RUA TELMA ELITA,7p1d 7p1df
RUA TENENTE ANTONIO GOMES,7p1dd
RUA TENENTE ANTONIO VIEIRINHA,7p1e1
RUA TENENTE ARAUJO,7p1e9
RUA TENENTE BENICIO DE SOUSA,7p1df
RUA TENENTE BRITO FREIRE,7p1df 7p1dfk
RUA TENENTE CASTRO LIMA,7p1e4
RUA TENENTE DOTA OLIVEIRA,7p1df 7p1dfn
RUA TENENTE ELIZEU,7p1dd
RUA TENENTE JESUS,7p1dd
RUA TENENTE JONAS BARROSO,7p1e5
RUA TENENTE JOSE BISPO,7p1e3
RUA TENENTE JOSE VIEIRA,7p1e3
RUA TENENTE LAURENTINO DA COSTA VELOSO,7p1d
RUA TENENTE LAURO LOURIVAL LOPES,7p1e7
RUA TENENTE LUIS SIMPLICIO,7p1e3
RUA TENENTE MARIANO,7p1dgr 7p1e5
RUA TENENTE SARAIVA,7p1dd
RUA TENENTE TADEU,7p1dd 7p1ddq
RUA TEODORO CASTELO BRANCO,7p1e3
RUA TEOFILO DOS SANTOS,7p1e4
RUA TERESA BRITO,7p1e
RUA TERESA CRISTINA,7p1d
RUA TERESA CRISTINA BRAGA,7p1dd
RUA TERESA FERREIRA SOARES,7p1dd
RUA TERESA MARTINS,7p1dd
RUA TERESA VANIA MONTEIRO,7p1df 7p1dfn
RUA TERESINHA COSTA DA SILVA,7p1dd
RUA TERESINHA LAGES VISGUEIRA,7p1e7
RUA TERESINHA LOPES BARBOSA,7p1dd
RUA TEREZINHA PAZ MAGALHAES,7p1e5
RUA TERRITORIO DO GUAPORE,7p1e1
RUA TERSANDRO PAZ,7p1e1 7p1e4
RUA TERTULIANO SOLON BRANDAO,7p1e5
RUA TETE SILVEIRA,7p1dg 7p1e5
RUA THAIS MESQUITA,7p1dgr
RUA THEMIS PARENTES,7p1e5
RUA THEODORO BOAVISTA DE CASTRO,7p1e9
RUA THOMAS EDISON,7p1e4
RUA TIA TETE,7p1e3
RUA TIBIRICA,7p1df
RUA TIJUCA,7p1e5
RUA TIMORANTE,7p1e
RUA TIO BENTES,7p1e4 7p1e5
RUA TIRADENTES,7p1e1
RUA TOCANTINS,7p1dd 7p1e3
RUA TODOS OS SANTOS,7p1dg
RUA TOMAS REBELO,7p1e3
RUA TOMAS REGO  PADRE,7p1e4
RUA TOMAZ DE AREA LEAO,7p1e4
RUA TOMAZ TAJRA,7p1e4
RUA TOME  SAO,7p1e3
RUA TONHA PROFESSOR,7p1e4
RUA TOPAZIO,7p1e4
RUA TOPOGRAFO CREUZER DE OLIVEIRA,7p1e4
RUA TOPOGRAFO HELIODORO SABOIA,7p1df
RUA TOPOGRAFO JOSE CRUZ,7p1dg
RUA TOPOGRAFO LUIZ VALADARES,7p1e3
RUA TOPOGRAFO MANOEL PEREIRA LIMA,7p1dg
RUA TORONTO,7p1e3
RUA TORQUATO ARAUJO,7p1e1
RUA TORQUATO NETO,7p1e4
RUA TOTE CARVALHO,7p1df 7p1dfn
RUA TR-02 LOT VALE DO GAVIAO,7p1e7
RUA TRANVANVAN FEITOSA,7p1e9
RUA TRES - VILA MARIANA FORTES,7p1df 7p1e4
RUA TRES VILA N S DO ROSARIO II,7p1dd
RUA TREVOS,7p1e4
RUA TREZE DE MAIO,7p1d 7p1df 7p1e1
RUA TREZE DE MARCO,7p1e1
RUA TRINDADE JUNIOR,7p1e3
RUA TRINTA E UM DE MARCO,7p1e4
RUA TRINTA QUATRO VILA MONTE ALEGRE,7p1e9
RUA TRIPOLI,7p1e5
RUA TRIZIDELA,7p1e1
RUA TUCUMA,7p1e1
RUA TUFY SALOMAO,7p1df 7p1dfy
RUA TUPA,7p1df
RUA TUPI,7p1df
RUA TURENNE RIBEIRO  DES,7p1e4
RUA TURIACU,7p1dfk
RUA TURMALINA,7p1e4
RUA TUTOIA,7p1df
RUA UBALDO NOGUEIRA,7p1dd
RUA UBERABA,7p1e3
RUA UIRAPURU,7p1e4
RUA UIRAUNA,7p1e1
RUA ULISSES MARQUES,7p1e 7p1e4
RUA UM LOT SANTANA,7p1d
RUA UM RES F MARREIROS,7p1dg
RUA UM VILA CLEMENTES FORTES,7p1dd
RUA UM VILA N S DO ROSARIO II,7p1dd
RUA UMBILINO,7p1df 7p1dfy
RUA URANIO,7p1e 7p1e7
RUA URBANA,7p1e5
RUA URSULA  SANTA,7p1d
RUA URUCUI,7p1df 7p1dfk
RUA URUGUAI,7p1df 7p1e5
RUA URUGUAI - GURUPI,7p1e5
RUA URUGUAIANA,7p1e3 7p1e3e
RUA V  - LOT PORTAL DA ESPERANCA,7p1e
RUA V - LOT B VISTA III,7p1df
RUA V - LOT PROF WALL FERRAZ,7p1d7
RUA V CONJ BELA VISTA II,7p1df
RUA V CONJ HAB CIDADE VERDE,7p1dg
RUA V CONJ HAB MONTE CASTELO,7p1df
RUA V DO LOT. PETROPOLIS,7p1e
RUA V LOT ALDEBARAN VILLE,7p1e
RUA V LOT ANGELICA,7p1e5
RUA V LOT CIDADE INDUSTRIAL,7p1d7
RUA V LOT ORGMAR MONTEIRO,7p1e5
RUA V LOT PARQUE DO SOL,7p1e5
RUA V LOT PORTAL DA ALEGRIA VIII,7p1d 7p1d7
RUA V LOT REAL VILLE,7p1e7
RUA V LOT VILLA RICA,7p1e7
RUA V LOT ZOOBOTANICO II,7p1e
RUA V LOTEAMENTO VILA PARIS,7p1e5
RUA V PARQUE WALL FERRAZ,7p1e9
RUA V RES DIGNIDADE,7p1dd
RUA VALDEMAR FERREIRA DE SOUSA,7p1df 7p1df0
RUA VALDEMAR MARTINS,7p1e4
RUA VALDEMAR MOREIRA DE OLIVEIRA,7p1e 7p1e7
RUA VALDEMAR SANTOS  SENADOR,7p1dg 7p1dgr
RUA VALDIR ARAUJO  RADIALISTA,7p1df
RUA VALDIR WILSON VASCONCELOS,7p1e4 7p1e5
RUA VALDIVINO TITO,7p1d 7p1df
RUA VALDOMIRO PESSOA DE CARVALHO,7p1df
RUA VALENCA,7p1df
RUA VALINHOS,7p1e
RUA VALPARAISO (SEM DENOMINACAO OFICIAL),7p1df
RUA VALTER BRAGA,7p1dgr 7p1e5
RUA VAQUEIRO BALDOINO BARRETO,7p1e4
RUA VARZEA GRANDE,7p1dg
RUA VARZINHA,7p1e
RUA VASSOURAS,7p1e
RUA VENEZUELA,7p1df
RUA VENUS,7p1e7
RUA VERANEIO,7p1e3
RUA VERAS DE HOLANDA,7p1e 7p1e7
RUA VERDES MARES,7p1e3e
RUA VEREADOR ALBINO ALENCAR,7p1e
RUA VEREADOR ALVARO LEBRE,7p1e3
RUA VEREADOR ALVARO MONTEIRO,7p1e1
RUA VEREADOR CICERO FERREIRA,7p1dd
RUA VEREADOR DEMOSTENES MARANHAO,7p1e1
RUA VEREADOR DIONISIO SANTOS,7p1df
RUA VEREADOR EDMILSON JORGE,7p1e5
RUA VEREADOR EDMUNDO GENUINO DE OLIVEIRA,7p1e4
RUA VEREADOR EDSON PIRES,7p1e3
RUA VEREADOR EMILIO OMMATI,7p1df
RUA VEREADOR JOEL LOUREIRO,7p1e
RUA VEREADOR LUIS VASCONCELOS,7p1e4
RUA VEREADOR MOISES CADDAH,7p1dg 7p1e5
RUA VEREADOR OTAVIO BRAGA,7p1e4
RUA VEREADOR PAULO FORTES,7p1e5
RUA VEREADOR REYNALDO KOURY,7p1df 7p1dfy 7p1dg
RUA VEREADOR SAULO NASCIMENTO,7p1dg
RUA VEREADOR VIEIRA TORANGA,7p1e
RUA VERMELHA,7p1e
RUA VETERINARIO BUGYJA BRITTO,7p1e4
RUA VI,7p1dg
RUA VI - LOT PORTAL DA ESPERANCA,7p1e
RUA VI - LOT PROF WALL FERRAZ,7p1d7
RUA VI COND ALDEBARAN VILLE,7p1e
RUA VI CONJ BELA VISTA II,7p1df
RUA VI CONJ RES MANOEL DAMASIO,7p1d
RUA VI CONJ SANTA FE,7p1dd
RUA VI LOT ALDEBARAN LESTE,7p1e7
RUA VI LOT BELA VISTA III,7p1df
RUA VI LOT CIDADE INDUSTRIAL,7p1d7
RUA VI LOT NOVA SANTANA,7p1d
RUA VI LOT NOVA THERESINA,7p1e
RUA VI LOT PARQUE CRISTINE II,7p1e
RUA VI LOT PORTO ALEGRE,7p1d 7p1d7
RUA VI LOT PORTO RICO,7p1dg
RUA VI LOT RENASCENCA III,7p1dg
RUA VI LOT VILA PARIS,7p1e5
RUA VI LOT VILLA RICA,7p1e7
RUA VI LOT ZOOBOTANICO II,7p1e
RUA VI PARQUE WALL FERRAZ,7p1e9
RUA VI RES DIGNIDADE,7p1dd
RUA VI RESIDENC SOL NASCENTE,7p1e5
RUA VIA 31,7p1e
RUA VIADUTO PAULO FERRAZ,7p1df
RUA VICENTE  SAO - VERDE LAR,7p1e7
RUA VICENTE BORGES,7p1e9
RUA VICENTE IBIAPINA,7p1dd
RUA VICENTE MOREIRA,7p1e4 7p1e5
RUA VICENTE RIBEIRO GONCALVES  DES,7p1e3
RUA VICTOR ANDRADE DE AGUIAR,7p1dd 7p1ddq
RUA VIDAL DE FREITAS  DES,7p1dg
RUA VIDEIRA,7p1e3 7p1e3e
RUA VIELA,7p1e3e
RUA VIGILANTE ELTON LOPES,7p1df
RUA VII,7p1df
RUA VII - LOT PROF WALL FERRAZ,7p1d7
RUA VII LOT ALDEBARAN LESTE,7p1e7
RUA VII LOT ALDEBARAN VILLE,7p1e
RUA VII LOT ALTO BONITO,7p1dd
RUA VII LOT CIDADE INDUSTRIAL,7p1d7
RUA VII LOT JARDIM DOS PASSAROS,7p1dg
RUA VII LOT NOVA SANTANA,7p1d
RUA VII LOT PORTAL DA ALEGRIA VIII,7p1d
RUA VII LOT PORTAL DA ESPERANCA,7p1e
RUA VII LOT PORTO RICO,7p1dg
RUA VII LOT PQ ELDORADO,7p1e4
RUA VII LOT SETE ESTRELAS VII,7p1d 7p1dd
RUA VII LOT VILA PARIS,7p1e5
RUA VII LOT VILLA RICA,7p1e7
RUA VII LOTEAMENTO BELA VISTA III,7p1df
RUA VII PARQUE WALL FERRAZ,7p1e9
RUA VII RES DEUS QUER,7p1d
RUA VII RES DIGNIDADE,7p1dd
RUA VII RES RENASCENCA III,7p1dg
RUA VII RES SATURNO,7p1e 7p1e7
RUA VIIA LOT RENASCENCA III,7p1dg
RUA VIII,7p1d
RUA VIII - LOT ORGMAR MONTEIRO,7p1e5
RUA VIII - LOT PORTAL DA ESPERANCA,7p1e
RUA VIII - LOT PROF WALL FERRAZ,7p1d7
RUA VIII COND ALDEBARAN VILLE,7p1e
RUA VIII CONJ BELA VISTA II,7p1df
RUA VIII CONJ RENASCENCA III,7p1dg 7p1dgr
RUA VIII LOT BELA VISTA III / SAO LOURENCO,7p1df
RUA VIII LOT CIDADE INDUSTRIAL,7p1d7
RUA VIII LOT HUGO PRADO,7p1df
RUA VIII LOT JOAO PEREIRA,7p1dd
RUA VIII LOT NOVA SANTANA,7p1d
RUA VIII LOT NOVA THERESINA,7p1e
RUA VIII LOT PLANALTO,7p1e7
RUA VIII LOT PORTO RICO II,7p1dg
RUA VIII LOT REAL VILLE,7p1e7
RUA VIII LOT ZOOBOTANICO II,7p1e
RUA VIII RES SATURNO,7p1e 7p1e7
RUA VILA NOVA,7p1e5
RUA VILA RICA,7p1e5
RUA VILANT  PROFESSOR,7p1e3
RUA VILMO DE SOUSA RIBEIRO,7p1df
RUA VINA,7p1e3
RUA VINHEDO,7p1e3
RUA VINICIUS DE MORAIS,7p1e3
RUA VINTE DE NOVEMBRO,7p1e1
RUA VINTE E CINCO DE DEZEMBRO,7p1e4
RUA VINTE E QUATRO DE ABRIL,7p1e1
RUA VINTE E QUATRO DE JANEIRO,7p1d 7p1df 7p1e1
RUA VINTE E TRES DE OUTUBRO,7p1e1
RUA VINTE E UM DE ABRIL,7p1d 7p1dfn
RUA VIOLINISTA ELIZIARIO,7p1e3 7p1e3e
RUA VISCONDE DA PARNAIBA,7p1e4
RUA VITAL BRASIL,7p1d7
RUA VITOR  SAO,7p1d
RUA VITORINO ASSUNCAO,7p1e3
RUA VITORINO ORTHIGES FERNANDES,7p1e5
RUA VLADIMIR DO REGO ABREU,7p1d 7p1e1
RUA VOLTA REDONDA,7p1e7
RUA VOYAGE,7p1e7
RUA WALDEMAR GRAVIEE,7p1e1
RUA WALDEMAR NAPOLEAO,7p1df
RUA WALDEMAR RIBEIRO DE CARVALHO,7p1dg
RUA WALDEMAR ROCHA,7p1dg
RUA WALDEMIR PRADO,7p1e3v
RUA WALDENOR MARTINS SUDARIO,7p1dd
RUA WALFRAN BATISTA,7p1e4
RUA WALL FERRAZ,7p1e9
RUA WALMIR JUCA,7p1d
RUA WALMOR MELO,7p1e3
RUA WALTER BRAGA,7p1dg
RUA WALTER TOLENTINO LOPES GALVAO,7p1e7
RUA WANDA TEIXEIRA,7p1e4
RUA WASHINGTON CRUZ,7p1e 7p1e7
RUA WASHINGTON LUIS,7p1df
RUA WASHINGTON VILLA,7p1df
RUA WENCESLAU BRAZ,7p1df
RUA WENDEL SANTOS TORRES,7p1e5
RUA WENER ABREU,7p1e4
RUA WERNES LOPES,7p1e5
RUA WILLIAM PALHA DIAS,7p1e7
RUA WILSON CARVALHO,7p1d
RUA WILSON DO EGITO COELHO,7p1e 7p1e4
RUA WILSON SOARES,7p1e4
RUA WORTIGERN ROCHA,7p1e5
RUA X,7p1d 7p1df 7p1e 7p1e7
RUA X (DENOMINACAO NAO OFICIAL),7p1e5
RUA X - CONJ  HAB  BETINHO,7p1dd
RUA X - LOT  NOVA TERESINA,7p1e
RUA X - LOT PORTAL DA ESPERANCA,7p1e
RUA X CONJ BELA VISTA II,7p1df
RUA X CONJ HAB MONTE CASTELO,7p1df
RUA X CONJ RES MANOEL DAMASIO,7p1d
RUA X LOT ALDEBARAN VILLE,7p1e
RUA X LOT EAMENTO SATELITE,7p1e7
RUA X LOT JARDIM DOS PASSAROS,7p1dg
RUA X LOT NOVA SANTANA,7p1d
RUA X LOT NOVO LOTEAMENTO BELA VISTA III,7p1dd 7p1df
RUA X LOT REAL VILLE,7p1e7
RUA X LOT VILLA RICA,7p1e7
RUA X PARQUE WALL FERRAZ,7p1e9
RUA X RES DIGNIDADE,7p1dd
RUA XEXEU,7p1e
RUA XI,7p1dd
RUA XI - LOT  ORG  MONTEIRO,7p1e5
RUA XI - LOT PORTAL DA ESPERANCA,7p1e
RUA XI COND ALDEBARAN VILLE,7p1e
RUA XI LOT BELA VISTA III,7p1df
RUA XI LOT JARDIM DOS PASSAROS,7p1dg
RUA XI LOT JURUA,7p1e7
RUA XI LOT NOVA SANTANA,7p1d
RUA XI LOT PLANALTO,7p1e7
RUA XI LOT PORTAL DA ALEGRIA VIII,7p1d 7p1d7
RUA XI LOT PORTO RICO,7p1dg
RUA XI LOT REAL VILLE,7p1e7
RUA XI LOT RENASCENCA III,7p1dg
RUA XI PARQUE WALL FERRAZ,7p1e9
RUA XI RES SATURNO,7p1e5
RUA XI VILA PALMEIRAS,7p1dd
RUA XII,7p1d7
RUA XII - LOT  NOVA TERESINA,7p1e
RUA XII - LOT  ORG  MONTEIRO,7p1e5
RUA XII COND ALDEBARAN VILLE,7p1e
RUA XII CONJ BELA VISTA II,7p1df
RUA XII CONJ RES MONTE CASTELO,7p1df 7p1dfk
RUA XII LOT BELA VISTA III,7p1dd 7p1df
RUA XII LOT CIDADE INDUSTRIAL,7p1d7
RUA XII LOT JURUA,7p1e7
RUA XII LOT NOVA SANTANA,7p1d
RUA XII LOT PQ ELDORADO,7p1e4
RUA XII LOT REAL VILLE,7p1e7
RUA XII RES SATURNO,7p1e5
RUA XIII - LOT  PARQUE ELDORADO,7p1e4
RUA XIII - LOT PORTAL DA ESPERANCA,7p1e
RUA XIII CONJ BELA VISTA II,7p1df
RUA XIII CONJ MORADA NOVA,7p1df
RUA XIII LOT CIDADE INDUSTRIAL,7p1d7
RUA XIII LOT JURUA,7p1e7
RUA XIII LOT NOVA SANTANA,7p1d
RUA XIII LOT PORTAL DA ALEGRIA VIII,7p1d7
RUA XIII LOT PQ ELDORADO,7p1e4
RUA XIII LOT REAL VILLE,7p1e7
RUA XIII PARQUE WALL FERRAZ,7p1e9
RUA XIII RENASCENCA III,7p1dg
RUA XIII RES DIGNIDADE,7p1dd
RUA XIII-A LOT CIDADE INDUSTRIAL,7p1d7
RUA XINGU,7p1e3
RUA XIV,7p1d
RUA XIV CONJ BELA VISTA II,7p1df
RUA XIV LOT BELA VISTA III,7p1df
RUA XIV LOT CIDADE INDUSTRIAL,7p1d7
RUA XIV LOT HUGO PRADO,7p1df
RUA XIV LOT JOAO PEREIRA I,7p1dd
RUA XIV LOT PQ ELDORADO,7p1e4
RUA XIV LOT REAL VILLE,7p1e7
RUA XIV PARQUE WALL FERRAZ,7p1e9
RUA XIV RES DIGNIDADE,7p1dd
RUA XIV RES F TRINDADE,7p1e9
RUA XIV- LOT ALDEBARAN VILLE,7p1e
RUA XIV-A LOT ALDEBARAN VILLE,7p1e
RUA XIX,7p1d7
RUA XIX COND ALDEBARAN VILLE,7p1e
RUA XIX CONJ BELA VISTA II,7p1df
RUA XIX CONJ RENASCENCA III,7p1dg
RUA XIX LOT BELA VISTA III,7p1dd 7p1df
RUA XIX LOT FRANCISCA TRINDADE,7p1e9
RUA XIX LOT MANOEL EVANGELISTA,7p1dg
RUA XIX LOT NOVA SANTANA,7p1d
RUA XIX LOT NOVA THERESINA,7p1e
RUA XIX LOT PLANALTO RODOVIARIO,7p1df
RUA XORORO,7p1e
RUA XV - LOT  ORG  MONTEIRO,7p1e5
RUA XV - LOT HUGO PRADO,7p1df
RUA XV - LOT PORTAL DA ESPERANCA,7p1e
RUA XV COND ALDEBARAN VILLE,7p1e
RUA XV CONJ BELA VISTA II,7p1df
RUA XV CONJ JOSE F DE A NETO,7p1e3e
RUA XV LOT BELA VISTA III,7p1dd
RUA XV LOT CIDADE INDUSTRIAL,7p1d7
RUA XV LOT NOVA SANTANA,7p1d
RUA XV LOT PORTAL DA ESPERANCA,7p1e
RUA XV LOT REAL VILLE,7p1e7
RUA XV PARQUE WALL FERRAZ,7p1e9
RUA XV RES FRANCISCA TRINDADE,7p1e9
RUA XVI - LOT  ORG  MONTEIRO,7p1e5
RUA XVI CONJ BELA VISTA II,7p1df
RUA XVI LOT ALDEBARAN VILLE,7p1e
RUA XVI LOT BELA VISTA III,7p1dd
RUA XVI LOT CIDADE INDUSTRIAL,7p1d7
RUA XVI LOT NOVA SANTANA,7p1d
RUA XVI LOT PARQUE MANOEL EVANGELISTA,7p1dg
RUA XVI LOT PQ ELDORADO,7p1e4
RUA XVI LOT REAL VILLE,7p1e7
RUA XVI PARQUE MAO SANTA,7p1e7
RUA XVI PARQUE WALL FERRAZ,7p1e9
RUA XVI RES FRANCISCA TRINDADE,7p1e9
RUA XVI RES SANTA FE,7p1dd
RUA XVI-A LOT CIDADE INDUSTRIAL,7p1d7
RUA XVII CONDOMINIO ALDEBARAN VILLE,7p1e
RUA XVII CONJ BELA VISTA II,7p1df
RUA XVII LOT BELA VISTA III,7p1dd 7p1df
RUA XVII LOT CIDADE INDUSTRIAL,7p1d7
RUA XVII LOT NOVA SANTANA,7p1d
RUA XVII LOT NOVA THERESINA,7p1e
RUA XVII LOT NOVO THERESINA,7p1e
RUA XVII RES F TRINDADE,7p1e9
RUA XVII-A LOT CIDADE INDUSTRIAL,7p1d7
RUA XVIII,7p1dd 7p1df 7p1dg
RUA XVIII - LOT ORG MONTEIRO,7p1e5
RUA XVIII CONDOMINIO ALDEBARAN VILLE,7p1e
RUA XVIII LOT CIDADE INDUSTRIAL,7p1d7
RUA XVIII LOT NOVA SANTANA,7p1d
RUA XVIII LOT NOVA THERESINA,7p1e
RUA XVIII RES F TRINDADE,7p1e9
RUA XX CONJ JOSE F DE A NETO,7p1e3 7p1e3e
RUA XX CONJ RENASCENCA III,7p1dg
RUA XX LOT ALDEBARAN VILLE,7p1e
RUA XX LOT BELA VISTA III / SAO LOURENCO,7p1dd 7p1df
RUA XX LOT CIDADE INDUSTRIAL,7p1d7
RUA XX LOT NOVA SANTANA,7p1d
RUA XX LOT NOVA THERESINA,7p1e
RUA XX LOT PQ MANOEL EVANGELISTA,7p1dg
RUA XX LOT SETE ESTRELAS VII,7p1dd
RUA XX-A LOT CIDADE INDUSTRIAL,7p1d7
RUA XXI CONJ RENASCENCA III,7p1dg
RUA XXI LOT CIDADE INDUSTRIAL,7p1d7
RUA XXI LOT NOVA SANTANA,7p1d
RUA XXI LOT NOVA THERESINA,7p1e
RUA XXI LOT PARQUE ALDEOTA,7p1e4
RUA XXI LOT PQ MANOEL EVANGELISTA,7p1dg
RUA XXI RES FRANCISCA TRINDADE,7p1e9
RUA XXI-A LOT CIDADE INDUSTRIAL,7p1d7
RUA XXI/S LOT PQ MANUEL EVANGELISTA,7p1dg
RUA XXII CONJ JOSE F DE A NETO,7p1e3 7p1e3e
RUA XXII CONJ RENASCENCA III,7p1dg
RUA XXII LOT ALDEBARAN VILLE,7p1e
RUA XXII LOT CIDADE INDUSTRIAL,7p1d7
RUA XXII LOT NOVA SANTANA,7p1d
RUA XXII LOT NOVA THERESINA,7p1e
RUA XXII RES DIGNIDADE,7p1dd
RUA XXII RES FRANCISCA TRINDADE,7p1e9
RUA XXIII,7p1d7
RUA XXIII CONJ JOSE F DE A NETO,7p1e3 7p1e3e
RUA XXIII CONJ RENASCENCA III,7p1dg
RUA XXIII LOT NOVA SANTANA,7p1d
RUA XXIII LOT PARQUE EVANGELISTA,7p1dg
RUA XXIII PARQUE WALL FERRAZ,7p1e9
RUA XXIII PARQUE WALL FERRAZ II,7p1e9
RUA XXIII RES FRANCISCA TRINDADE,7p1e9
RUA XXIV LOT NOVA SANTANA,7p1d
RUA XXIX LOT HUGO PRADO,7p1df
RUA XXIX LOT NOVA SANTANA,7p1d
RUA XXIX RES F TRINDADE,7p1e9
RUA XXV CONJ BELA VISTA II,7p1df
RUA XXV LOT NOVA SANTANA,7p1d
RUA XXVI LOT NOVA SANTANA,7p1d
RUA XXVII LOT HUGO PRADO,7p1df
RUA XXVII LOT NOVA SANTANA,7p1d
RUA XXVIII LOT HUGO PRADO,7p1df
RUA XXVIII LOT NOVA SANTANA,7p1d
RUA XXVIII RES F TRINDADE,7p1e9
RUA XXX - LOT  NOVA TERESINA,7p1e
RUA XXXII LOT HUGO PRADO,7p1df
RUA XXXIII LOT HUGO PRADO,7p1df
RUA XXXV RES FRANCISCA TRINDADE,7p1e9
RUA YARA LIMA,7p1df
RUA YOLANDA RAULINO,7p1df 7p1dfy
RUA YOLANDE MELO DE ANDRADE,7p1e5
RUA ZABELE,7p1df
RUA ZE DEO,7p1e5
RUA ZECA BARBOSA,7p1dg
RUA ZECA COURO VELHO  CARNAVALESCO,7p1dg
RUA ZEFERINO VIEIRA,7p1d 7p1dfn
RUA ZENOBIA BARBOSA TORRES,7p1dd
RUA ZEUS,7p1e1r
RUA ZEZITO BOA VISTA,7p1e7
RUA ZILMA ULISSES,7p1dd
RUA ZITA  SANTA,7p1d
RUA ZITO BATISTA,7p1df 7p1dfn
RUA ZUBAMBI,7p1e1
RUA ZUCA LOPES,7p1e1 7p1e1r
RUA ZUMBI,7p1e3
RUA ZUMBI DOS PALMARES,7p1d
RUA ZUZU FREIRE,7p1e4
TRAVESSA 001 LOT LAGOA AZUL,7p1e1
TRAVESSA BARBARA CURY,7p1d
TRAVESSA CRATO,7p1e1
TRAVESSA I VILA APOLONIA,7p1e3
TRAVESSA II VILA APOLONIA,7p1e3
TRAVESSA III VILA APOLONIA,7p1e3
VIA 0,7p1d7
VIA 001 LOT POLO EMP SUL,7p1d7
VIA 002 POLO EMPRESARIAL SUL,7p1d7
VIA 004 POLO EMP SUL,7p1d7
VIA 005 POLO EMP SUL,7p1d7
VIA 006 POLO EMP SUL,7p1d7
VIA 007 POLO EMP SUL,7p1d7
VIA 037 LOT POLO SUL,7p1d7
VIA COLETORA L 24,7p1e5
VIA COLETORA SECUNDARIA II,7p1d7
VIA COLETORA SECUNDARIA III,7p1d7
VIA COLETORA SECUNDARIA VI,7p1d7
VIA COLETORA SUL 18,7p1dd
VIA ESTRUTURAL ARTERIAL L-9,7p1df
VIA ESTRUTURAL LESTE 06,7p1e7
,7p1dg
