name,ghs
ACESSO ACESSO A FABRICA DE CIMENTO,6xmq
ACESSO ACESSO PARTICULAR,6xmq
ACESSO AMAZON CATERING,6xmq
ACESSO AO FLUTUANTE VITORIA REGIA,6xmq
ACESSO ATERRO SANITARIO,6xm
ACESSO BASE AÉREA,6xmq
ACESSO BASE NAVAL,6xmq
ACESSO CAMINHO,6xmqg
ACESSO CEMITERIO PARQUE TARUMA,6xmq
ACESSO CEMITÉRIO PARQUE TARUMÃ,6xmq
ACESSO CIRMAN,6xmq3
ACESSO CLUBE DOS ADVOGADOS,6xmq
ACESSO CLUBE SELVA PARK,6xmq
ACESSO COND. ABRAHAM PAZUELLO,6xmq3
ACESSO COND. MONT CLAIR,6xmq6
ACESSO COND. RESIDENZA PONTA NEGRA,6xmq
ACESSO CONDOMINIO GOLDEN VILLE,6xmqe
ACESSO CONDOMINIO RESERVA DAS FLORES,6xmq
ACESSO CONDOMINIO RESIDENCIAL JAUAPERI,6xmq
"ACESSO CONDOMINIO RESIDENCIAL JAUAPERI
",6xmq
ACESSO CONDOMÍNIO,6xmq 6xmqe
ACESSO CONDOMÍNIO  SAINT TROPEZ VILLAGE,6xmq6
ACESSO CONDOMÍNIO ARIRANHAS,6xmq
ACESSO CONDOMÍNIO NILO COÊLHO,6xmq6
ACESSO CONDOMÍNIO NOSSA SENHORA DE FÁTIMA,6xmq6
ACESSO CONJ. GREMIO GUANABARA,6xmq6
ACESSO CONJ. RES. VIA VENETO,6xmq
ACESSO DA OLARIA IRCO,6xmq
ACESSO DA PRAIA DOURADA,6xmq
ACESSO DE PEDESTRE DE PEDESTRE,6xmqg
ACESSO DE PEDESTRE PARTICULAR,6xmq
ACESSO DO IGARAPÉ,6xm
ACESSO DO REMANSO,6xm
ACESSO DO SESC,6xmq
ACESSO ESCADA,6xmqf
ACESSO ESQUADRÃO TRACAJÁ,6xmq
ACESSO ESTADIO ARENA DA AMAZONIA,6xmq6
ACESSO EXPOAGRO_PARQUE DE EXPOSIÇÕES ANGELINO BELIVÁQUA,6xmq 6xmqf
ACESSO FACULDADE CIESA,6xmq6
ACESSO FACULDADE NILTON LINS,6xmq
ACESSO FEIRA DO QUARENTA,6xmq
ACESSO FUNDACAO DR. THOMAS,6xmq6
ACESSO FÁBRICA,6xmq
ACESSO INFRAERO,6xmq
ACESSO INTERNO DO AEROPORTO EDUARDO GOMES,6xmq
ACESSO IRMAOS TAKEDA,6xmq6
ACESSO MANAUS ENERGIA,6xmq
ACESSO PARQUE DO IDOSO,6xmq6
ACESSO PARQUE ESTADUAL SAMAÚMA,6xmqe
ACESSO PARTICULAR,6xm 6xmq 6xmq3 6xmq6 6xmqe 6xmqf
ACESSO PEDESTRE,6xmq
ACESSO PLAYBOY MOTEL,6xmq
ACESSO POLICIA FEDERAL,6xmq
ACESSO PONTE DE MADEIRA,6xmq
ACESSO PORTO ITAUTINGA AGRO INDUSTRIAL S.A,6xmq
ACESSO PRINCIPAL 1,6xmq 6xmqf
ACESSO PRONTO SOCORRO 28 DE AGOSTO,6xmq6
ACESSO REMAN,6xmq
ACESSO RESERVA PARTICULAR DO SGI,6xmq
ACESSO RODOVIÁRIA,6xmq
ACESSO SEM DENOMINAÇÃO,6xmq6
ACESSO SINCORA,6xmq
ACESSO UFAM,6xmq
ACESSO VILA DNER,6xmq6
ACESSO VILA OLIMPICA,6xmq3
ACESSO ÁREA DA SUFRAMA,6xmq
ACESSO ÁREA DE RISCO,6xmq6
ALAMEDA 1,6xmq
ALAMEDA ALASKA,6xmq
ALAMEDA ALBÂNIA,6xmq
ALAMEDA ALEMANHA,6xmq
ALAMEDA ALFA,6xmq
ALAMEDA ALFA CENTAURI,6xmq3
ALAMEDA ALFREDO VOLPI,6xmq
ALAMEDA ANDORRA,6xmq
ALAMEDA ANGOLA,6xmq
ALAMEDA ANITA MALFATTI,6xmq
ALAMEDA ANTONIO GOMIDE,6xmq
ALAMEDA ANTÔNIO GOMIDE,6xmq
ALAMEDA ARABIA,6xmq
ALAMEDA ARGENTINA,6xmq
ALAMEDA ATENAS,6xmq
ALAMEDA AUSTRALIA,6xmq
ALAMEDA BETA,6xmq
ALAMEDA BOLÍVIA,6xmq
ALAMEDA BRISAS DO LESTE,6xmq
ALAMEDA BRISAS DO NORTE,6xmq
ALAMEDA BRISAS DO OESTE,6xmq
ALAMEDA BRISAS DO RIO NEGRO,6xmq
ALAMEDA BRISAS DO SUL,6xmq
ALAMEDA BULGÁRIA,6xmq
ALAMEDA BÉLGICA,6xmq
ALAMEDA CANADÁ,6xmq
ALAMEDA CANCUN,6xmq6
ALAMEDA CARLOTA BOMFIM,6xmq
ALAMEDA CECÍLIA MEIRELES,6xmq
ALAMEDA CHILE,6xmq
ALAMEDA CHINA,6xmq
ALAMEDA CIRCULAR CUBA,6xmq
ALAMEDA COLOMBIA,6xmq
ALAMEDA COREIA,6xmq
ALAMEDA COSTA RICA,6xmq
ALAMEDA CROÁCIA,6xmq
ALAMEDA CÂNDIDO PORTINARI,6xmq
ALAMEDA CÍCERO DIAS,6xmq
ALAMEDA DAS AMERICAS,6xmq
ALAMEDA DAS AMÉRICAS,6xmq
ALAMEDA DAS GRAVIOLAS,6xmq
ALAMEDA DAS MANGUEIRAS,6xmq
ALAMEDA DAS ROSAS,6xmq
ALAMEDA DELTA,6xmq
ALAMEDA DJANIRA DA MOTA E SILVA,6xmq
ALAMEDA DONA JULIA MARTINS,6xmq6
ALAMEDA DOS AÇAIS,6xmq
ALAMEDA DOS CUPUAÇUS,6xmq
ALAMEDA DOS JAMBEIROS,6xmq
ALAMEDA DOS PASSAROS,6xmq
ALAMEDA EGITO,6xmq
ALAMEDA EPSILON,6xmq
ALAMEDA EQUADOR,6xmq
ALAMEDA ESCÓCIA,6xmq
ALAMEDA ESPANHA,6xmq
ALAMEDA FINLÂNDIA,6xmq
ALAMEDA FLÁVIO DE CARVALHO,6xmq
ALAMEDA FRANÇA,6xmq
ALAMEDA GAMA,6xmq
ALAMEDA GRÉCIA,6xmq
ALAMEDA GUIANA FRANCESA,6xmq
ALAMEDA HAVAI,6xmq
ALAMEDA HOLANDA,6xmq
ALAMEDA HONDURAS,6xmq
ALAMEDA HUNGRIA,6xmq
ALAMEDA IBERÊ CAMARGO,6xmq
ALAMEDA INGLATERRA,6xmq
ALAMEDA IRAQUE,6xmq
ALAMEDA IRLANDA,6xmq
ALAMEDA IRÃ,6xmq
ALAMEDA ISLÂNDIA,6xmq
ALAMEDA ISMAEL NERI,6xmq
ALAMEDA ITÁLIA,6xmq
ALAMEDA JAMAICA,6xmq
ALAMEDA JAPÃO,6xmq
ALAMEDA JOSÉ PANCETTI,6xmq
ALAMEDA KAPA,6xmq
ALAMEDA LASAR SEGAL,6xmq
ALAMEDA LIBERDADE,6xmq
ALAMEDA LIBIA,6xmq
ALAMEDA LUXEMBURGO,6xmq
ALAMEDA LÍBANO,6xmq
ALAMEDA MADRI,6xmq
ALAMEDA MALÁSIA,6xmq
ALAMEDA MILTON DA COSTA,6xmq
ALAMEDA MONACO,6xmq
ALAMEDA MÁRIO DE ANDRADE,6xmq
ALAMEDA MÉXICO,6xmq
ALAMEDA NIGÉRIA,6xmq
ALAMEDA NORUEGA,6xmq
ALAMEDA OMEGA,6xmq
ALAMEDA OMICRON,6xmq
ALAMEDA OSVALDO GOELDI,6xmq
ALAMEDA PAIS DE GALES,6xmq
ALAMEDA PANAMÁ,6xmq
ALAMEDA PARAGUAI,6xmq
ALAMEDA PERU,6xmq
ALAMEDA PI,6xmq
ALAMEDA POLÔNIA,6xmq
ALAMEDA PORTO RICO,6xmq
ALAMEDA PORTUGAL,6xmq
ALAMEDA PRESIDENTE FIGUEIREDO,6xmq6
ALAMEDA RAIMUNDO DE OLIVEIRA,6xmq
ALAMEDA ROMENIA,6xmq
ALAMEDA ROMÊNIA,6xmq
ALAMEDA RUSSIA 1,6xmq
ALAMEDA SAN MARINO,6xmq
ALAMEDA SANTOS DUMONT,6xmq
ALAMEDA SIRIA,6xmq
ALAMEDA SUIÇA,6xmq
ALAMEDA SUMATRA,6xmq
ALAMEDA SURINAME,6xmq
ALAMEDA SUÉCIA,6xmq
ALAMEDA TARCILA DO AMARAL,6xmq
ALAMEDA URUGUAY,6xmq
ALAMEDA VENEZUELA,6xmq
ALAMEDA ZAIRE,6xmq
ALAMEDA ÁUSTRIA,6xmq
ALAMEDA ÍNDIA,6xmq
AVENIDA 17 DE MARCO,6xmqf
AVENIDA 17 DE MARÇO,6xmqf
AVENIDA 7 DE MAIO,6xm
AVENIDA 7 DE SETEMBRO,6xmq
AVENIDA ABHAHAM BENZION,6xmqe
AVENIDA ABIURANA,6xmq
AVENIDA ABRAHAM BENZION,6xmqe
AVENIDA ACHOUARI,6xmq
AVENIDA ACÁCIA MIMOSA,6xm
AVENIDA ACÁCIA NEGRA,6xm
AVENIDA AIRES DA CUNHA,6xmq3
AVENIDA AJURICABA,6xmq
AVENIDA ALAIDE CUNHA CAMPOS,6xmqg
AVENIDA ALDEOTA,6xmq
AVENIDA AMÉRICO ANTONY,6xmq
AVENIDA ANDIRÁ,6xmq3
AVENIDA ANDRÉ ARAÚJO,6xmq6
AVENIDA ANTOINE LAVOISIER,6xmq
AVENIDA ANTONIO TELES,6xmqe
AVENIDA ANTÔNIO SÉRGIO VIEIRALVES,6xmqe
AVENIDA APUAÚ,6xmq3
AVENIDA ARICA,6xmq
AVENIDA ARQUITETA ANGÉLICA CRUZ,6xmqg
AVENIDA ARQUITETO JOSÉ HENRIQUES BENTO RODRIGUES,6xmq 6xmqf
AVENIDA ATROARIS,6xmq 6xmqf
AVENIDA AUTAZ MIRIM,6xmq 6xmqe
AVENIDA AYRÃO,6xmq6
AVENIDA AÇAÍ,6xmq
AVENIDA BARCELOS,6xmq6
AVENIDA BARÃO DE TEFÉ,6xmq
AVENIDA BEIRA MAR,6xmq
AVENIDA BEIRA RIO,6xmq
AVENIDA BISPO PEDRO MASSA,6xmqe 6xmqg
AVENIDA BOM JESUS,6xmq 6xmqf
AVENIDA BORBA,6xmq
AVENIDA BRASIL,6xmq 6xmq3
AVENIDA BRIGADEIRO HILÁRIO GURJÃO,6xmq 6xmqe
AVENIDA BURITI,6xmq
AVENIDA CACHOEIRA EL DORADO,6xmq
AVENIDA CAMAPUÃ,6xmq 6xmqe 6xmqg
AVENIDA CAPITÃO ALBUQUERQUE LIMA,6xmq
AVENIDA CARLOS DRUMMOND DE ANDRADE,6xmq
AVENIDA CARVALHO LEAL,6xmq
AVENIDA CASTANHEIRAS,6xmqf
AVENIDA CASTELO BRANCO,6xmq 6xmq6
AVENIDA CECÍLIA MEIRELES,6xmq
AVENIDA CEDRO,6xmqf
AVENIDA CEL. TEIXEIRA,6xmq
AVENIDA CHUVA DE OURO,6xmq
AVENIDA CINE YPIRANGA,6xmq6
AVENIDA CLÁUDIO MESQUITA,6xm
AVENIDA CODAJÁS,6xmq 6xmq6
AVENIDA COLANTINO ALEIXO,6xmq
AVENIDA COMENDADOR JOSÉ CRUZ,6xm
AVENIDA COMPENSA,6xmq3
AVENIDA CONSTANTINO NERY,6xmq 6xmq6
AVENIDA CONSTANTINOPLA,6xmq
AVENIDA CORONEL CYRILLO NEVES,6xmq3
AVENIDA CORONEL SÁVIO BELOTA,6xmqe
AVENIDA CORONEL TEIXEIRA,6xmq 6xmq3
AVENIDA COSME FERREIRA,6xmq 6xmq6 6xmqe
AVENIDA CRAVINA DOS POETAS,6xmq
AVENIDA CRETA,6xmqg
AVENIDA CRISTÃ,6xmqf
AVENIDA CUPIUBA,6xmq
AVENIDA CURAÇAO,6xm 6xmqf 6xmqg
AVENIDA DA  ANUNCIAÇÃO,6xmq 6xmq3
AVENIDA DA CONQUISTA,6xm
AVENIDA DA ESPERANÇA,6xm
AVENIDA DA FELICIDADE,6xm
AVENIDA DA FLORESTA,6xm
AVENIDA DA GENTILEZA,6xm
AVENIDA DA UNIÃO,6xm
AVENIDA DA VIVENDA VERDE,6xm 6xmq
AVENIDA DARCY VARGAS,6xmq6
AVENIDA DAS FLORES,6xmq 6xmqe
AVENIDA DAS PUPUNHAS,6xmq
AVENIDA DAS TORRES,6xm 6xmqe 6xmqf 6xmqg
AVENIDA DESEMBARGADOR JOÃO MACHADO,6xmq
AVENIDA DESEMBARGADOR PAULO JACOB,6xmq
AVENIDA DISTRITO INDUISTRIAL II,6xmq
AVENIDA DJALMA BATISTA,6xmq 6xmq6
AVENIDA DO CETUR,6xmq
AVENIDA DO FUTURO,6xmq
AVENIDA DO PONTAL,6xm
AVENIDA DO SAMBA,6xmq3
AVENIDA DO TURISMO,6xm 6xmq
AVENIDA DOM HELDER CÂMARA,6xm
AVENIDA DOM PEDRO I,6xmq3
AVENIDA DOMINGOS JORGE VELHO,6xmq3
AVENIDA DONA AMINE LINDOSO,6xmq6
AVENIDA DONA OTILIA,6xmq
AVENIDA DONA OTÍLIA,6xmq
AVENIDA DOS GUARANÁS,6xm
AVENIDA DOS OITIS,6xmq
AVENIDA DOUTOR  ARAUJO LIMA,6xmqe
AVENIDA DOUTOR  ARAÚJO LIMA,6xmqe
AVENIDA DOUTOR THEOMÁRIO PINTO DA COSTA,6xmq3 6xmq6
AVENIDA DUBLIM,6xmq
AVENIDA DUQUE DE CAXIAS,6xmq 6xmq6
AVENIDA EDMUNDO SOARES,6xmq
AVENIDA EDUARDO RIBEIRO,6xmq
AVENIDA ELDORADO,6xmq6
AVENIDA ELIAS RAMIRO BENTES,6xmqf
AVENIDA EPAMINONDAS,6xmq
AVENIDA EPHIGENIO SALLES,6xmq6
AVENIDA EPHIGÊNIO SALLES,6xmq6
AVENIDA EQUADOR,6xmq
AVENIDA FERNANDO PESSOA,6xmq
AVENIDA FERNANDO SABINO,6xmq
AVENIDA FERNÃO DIAS PAES LEME,6xmq3
AVENIDA FLAMBOYANT,6xmq
AVENIDA FLOR DE SANTA RITA,6xmq
AVENIDA FLORIANO PEIXOTO,6xmq
AVENIDA FRANCISCO QUEIROZ,6xmq 6xmqf
AVENIDA FREDERICO BAIRD,6xmq
AVENIDA FREIS CAPUCHINHOS,6xm
AVENIDA GABRIEL CORRÊA PEDROSA,6xmq6
AVENIDA GENEBRA,6xmq
AVENIDA GEORGIA,6xmq
AVENIDA GETÚLIO VARGAS,6xmq
AVENIDA GOVERNADOR  DANILO MATOS AREOSA,6xmq
AVENIDA GOVERNADOR JOSÉ LINDOSO,6xmq 6xmq6 6xmqe
AVENIDA GUANAPURIS,6xmq3
AVENIDA GUARANÁS,6xmqf
AVENIDA GUARUBA,6xmq
AVENIDA GUILHERME PARAENSE,6xmq6
AVENIDA HERNANDO DE OLIVEIRA GONÇALVES,6xm 6xmqg
AVENIDA HUMBOLDT,6xmq 6xmqe
AVENIDA IGARAPÉ DE MANAUS,6xmq
AVENIDA IRIANEÓPOLIS,6xmqg
AVENIDA ISAÍAS VIEIRALVES,6xmqe
AVENIDA ISRAEL,6xmq 6xmqf
AVENIDA ITABERABA,6xmqg
AVENIDA ITACOATIARA,6xmq
AVENIDA ITAINÓPOLIS,6xmqg
AVENIDA ITAÚBA,6xmq
AVENIDA IVANETE MACHADO,6xmq6
AVENIDA JACIRA REIS,6xmq3
AVENIDA JAÚ,6xmq3
AVENIDA JOAQUIM NABUCO,6xmq 6xmq6
AVENIDA JONATHAS PEDROSA,6xmq 6xmq6
AVENIDA JORGE AMADO,6xmq
AVENIDA JORGE BIVAQUA,6xmq 6xmq6
AVENIDA JORNALISTA UMBERTO CALDERARO FILHO,6xmq6
AVENIDA JOSE AUGUSTO LOUREIRO,6xmq
AVENIDA JOSÉ DE ARIMATÉIA,6xmq6
AVENIDA JOSÉ MOACIR TEBERGA DE TOLEDO,6xmq
AVENIDA JOSÉ NÁPOLES HITOTUZI,6xm
AVENIDA JOÃO VALÉRIO,6xmq6
AVENIDA JUFARI,6xmq3
AVENIDA JURUNAS,6xmq
AVENIDA LAGUNA,6xmq 6xmq3
AVENIDA LAMEGO,6xmq
AVENIDA LEONARDO MALCHER,6xmq
AVENIDA LEOPOLDO PERES,6xmq
AVENIDA LIBERALINA LOUREIRO,6xmq
AVENIDA LOURENÇO DA SILVA BRAGA,6xmq
AVENIDA LÍRIO DO AMAZONAS,6xm
AVENIDA MADALENA ARCE DAOU,6xmq
AVENIDA MADRE TEREZA,6xmqf 6xmqg
AVENIDA MALHADA,6xmqg
AVENIDA MANAUS 2000,6xmq
AVENIDA MANDII,6xmq
AVENIDA MANECA MARQUES,6xmq6
AVENIDA MANICORÉ,6xmq
AVENIDA MANOEL BORBA GATO,6xmq3
AVENIDA MARGARITA,6xmq 6xmqf 6xmqg
AVENIDA MARIA MARREIRA,6xm 6xmqf
AVENIDA MARQUES DA SILVEIRA,6xmq 6xmq6
AVENIDA MATIAS DE ALBUQUERQUE,6xmq3
AVENIDA MAUÉS,6xmq
AVENIDA MAX TEIXEIRA,6xmq 6xmqf
AVENIDA MINISTRO MÁRIO ANDREAZZA,6xmq
AVENIDA MONSENHOR AMÂNCIO DE MIRANDA,6xm
AVENIDA MULATEIRO,6xm 6xmqf
AVENIDA MÁRIO YPIRANGA,6xmq6
AVENIDA NATHAN XAVIER DE ALBUQUERQUE,6xmq 6xmqe
AVENIDA NEPAL,6xmqg
AVENIDA NHAMUNDA,6xmq
AVENIDA NHAMUNDÁ,6xmq
AVENIDA NOEL NUTELS,6xmq 6xmqe 6xmqf 6xmqg
AVENIDA NOSSA SENHORA DA CONCEIÇÃO,6xmq
AVENIDA NOSSA SENHORA DE FÁTIMA,6xmq 6xmqg
AVENIDA OLÍVIA DE MENEZES VIEIRALVES,6xmqe
AVENIDA OSCAR BOREL,6xmq3
AVENIDA OSVALDO P. ANVERSA,6xmq
AVENIDA PADRE AGOSTINHO CABALLERO MARTIN,6xmq 6xmq3
AVENIDA PADRE FRANCISCO,6xmq3
AVENIDA PADRE JERÔNIMO COELHO,6xm
AVENIDA PALMEIRA IMPERIAL,6xmq
AVENIDA PARANÁ NAVILHANA,6xmq
AVENIDA PARAÍBA,6xmq6
AVENIDA PARINTINS,6xmq
AVENIDA PASTOR ALCEBÍADES PEREIRA VASCONCELOS,6xm
AVENIDA PAULO VI,6xmq6
AVENIDA PEDRO PAVÃO,6xmq
AVENIDA PEDRO TEIXEIRA,6xmq3 6xmq6
AVENIDA PEIXE CAVALO,6xm
AVENIDA PORTO VELHO,6xmq
AVENIDA PRAIA DA PONTA NEGRA,6xmq
AVENIDA PRAIA DO FUTURO,6xmq
AVENIDA PRECIOSA,6xmqf
AVENIDA PRESIDENTE DUTRA,6xmq 6xmq3
AVENIDA PRESIDENTE KENNEDY,6xmq
AVENIDA PROFESSOR CLÁUDIO PORTILHO,6xmq
AVENIDA PROFESSOR NILTON LINS,6xmq
AVENIDA PROFESSOR PAULO GRAÇA,6xm
AVENIDA PROFESSOR VALMIR SOUZA,6xmq
AVENIDA PROFESSORA MARIA T. MONTEIRO,6xmq 6xmq3
AVENIDA PURAQUEQUARA,6xmq
AVENIDA RAMOS FERREIRA,6xmq
AVENIDA RAUL AMORIM ANTONY,6xmq
AVENIDA RECIFE,6xmq 6xmq6
AVENIDA RIO AMATURÁ,6xmqf
AVENIDA RIO CANUMÃ,6xm
AVENIDA RIO GUAMÁ,6xmq6
AVENIDA RIO JUTAÍ,6xmq6
AVENIDA RIO MADEIRA,6xmq6
AVENIDA RIO MAMORÉ,6xmq
AVENIDA RIO MAR,6xmq6
AVENIDA RIO NEGRO,6xmq
AVENIDA RIO XEROÁ,6xmq
AVENIDA RODRIGO OTÁVIO,6xmq 6xmq6
AVENIDA RUY ADRIANO DE ARAÚJO JORGE,6xm
AVENIDA SAMAÚMA,6xmqf
AVENIDA SANTA AURORA,6xm 6xmqf
AVENIDA SANTA HELENA,6xmqg
AVENIDA SANTA TEREZA D'AVILA,6xm
AVENIDA SANTOS DUMONT,6xmq
AVENIDA SAO JORGE,6xmq3
AVENIDA SAPUCAIA,6xmq
AVENIDA SAÍRA AMARELA,6xm
AVENIDA SENADOR FÁBIO LUCENA,6xmq
AVENIDA SENADOR RAIMUNDO PARENTE,6xmq
AVENIDA SERGIO MILLIET,6xmq
AVENIDA SILVES,6xmq
AVENIDA SOLIMOES,6xmq
AVENIDA SOLIMÕES,6xmq
AVENIDA SÁLVIA VERMELHA,6xm
AVENIDA SÃO JORGE,6xmq3 6xmq6
AVENIDA SÃO JOSÉ DE RIBAMAR,6xmqf
AVENIDA SÓCRATES BOMFIM,6xmq
AVENIDA TANCREDO NEVES,6xmq 6xmq6
AVENIDA TAPAUÁ,6xmq3
AVENIDA TARUMÃ,6xmq
AVENIDA TEFE,6xmq
AVENIDA TEFÉ,6xmq
AVENIDA TENENTE ROXANA BONESSI,6xmqf 6xmqg
AVENIDA THALES LOUREIRO,6xmq
AVENIDA TIMBIRAS,6xmq 6xmqe 6xmqf
AVENIDA TOKIO,6xmq
AVENIDA TORQUATO TAPAJOS,6xm 6xmq 6xmqf
AVENIDA TORQUATO TAPAJÓS,6xm 6xmq 6xmqf
AVENIDA TUCUMÃ,6xmq
AVENIDA TUDE MOUTINHO,6xmqf
AVENIDA TUPÉ,6xmq3
AVENIDA UATAMÃ,6xmq3
AVENIDA UATUMA,6xmq3
AVENIDA UATUMÃ,6xmq3
AVENIDA UNINI,6xmq3
AVENIDA URUCARÁ,6xmq
AVENIDA VERA CRUZ,6xmq
AVENIDA VIA LÁCTEA,6xmq6
AVENIDA VISCONDE DE PORTO ALEGRE,6xmq
AVENIDA WALDOMIRO LUSTOSA,6xmq
AVENIDA WALDOMIRO LUSTOZA,6xmq
AVENIDA WALLY SELMA KLIGER,6xmq
AVENIDA ÁLVARO MAIA,6xmq3 6xmq6
BECO 10 DE JULHO,6xmq3
BECO 12 DE JUNHO,6xmq6
BECO 12 DE OUTUBRO,6xmq6
BECO 13 DE MAIO,6xmq
BECO 14 DE JANEIRO,6xmq
BECO 15 DE NOVEMBRO,6xmq3 6xmq6
BECO 15 DE OUTUBRO,6xmq6
BECO 17 DE OUTUBRO,6xmq
BECO 18 DE MARÇO,6xmq
BECO 19 DE ABRIL,6xmq3
BECO 1º DE MARÇO,6xmq6
BECO 21 DE ABRIL,6xmq
BECO 26 DE MARÇO,6xmq
BECO 3 DE JULHO,6xmq
BECO 31 DE MARÇO,6xmq
BECO AARÃO REIS,6xmq6
BECO ABACAXIS,6xmq3
BECO ABEL BOTELHO,6xmq3
BECO ABEL SALAZAR,6xmq6
BECO ABGAR RENALT,6xmq3
BECO ABIRITÉ,6xmq
BECO ABIU,6xmq
BECO ABRANTES,6xmq
BECO ABRAÃO DE ARAÚJO,6xmq3
BECO ABRICÓ,6xmqe
BECO ABROLHOS,6xmq6
BECO ABÍLIO NERY,6xmq6
BECO ABÓBADA,6xmq
BECO ACADIOS,6xmq6
BECO ACAETÉ,6xmq6
BECO ACAIACA,6xmqf
BECO ACAJURANA,6xmq3
BECO ACARA,6xmq3
BECO ACARAÍ,6xmq3
BECO ACARIAÇÚ,6xmq
BECO ACAUÃ,6xmq
BECO ACROBATA,6xmqe
BECO ACURUÍ,6xmq
BECO ADALBERTO FERRAZ,6xmq
BECO ADALTON,6xmq
BECO ADAMINA,6xmq
BECO ADELINO MAGALHÃES,6xmq3
BECO ADOLF BUSCH,6xmq
BECO ADOLFO LUTZ,6xmq
BECO ADONIS,6xmqf
BECO ADRIANO GAMA,6xmq
BECO AFEGANISTÃO,6xmq
BECO AFONSO ARINOS,6xmq
BECO AFONSO MOTA,6xmq
BECO AFONSO PENA,6xmq6
BECO AFRANIO PEIXOTO,6xmq3
BECO AFRICA DO SUL,6xmq
BECO AGAPANTO,6xmq
BECO AGAPITO PEREIRA,6xmq
BECO AGAPONIS,6xmq3
BECO AGEU,6xmq
BECO AGNELO,6xmq
BECO AGRIAO,6xmq3
BECO AGRÓPOLIS,6xmq
BECO AGUANO,6xmq
BECO AIRES,6xmq
BECO AIRES DA CUNHA,6xmq3
BECO AJURICABA,6xmq 6xmq3
BECO ALAGOAS,6xmq
BECO ALAODIM,6xmq
BECO ALARICO,6xmq3
BECO ALBATROZ,6xmqe
BECO ALBERICO ANTUNES,6xmq6
BECO ALBERT CAMUS,6xmq
BECO ALBERTO GOMES,6xmq6
BECO ALBERTO NEPOMULENO,6xmq3
BECO ALCEMIR SOEIRO,6xmq3
BECO ALCIDES GERARDI,6xmq
BECO ALCIDES MAIA,6xmq3
BECO ALCIDES OLIVEIRA,6xmq3
BECO ALCINDO GUANABARA,6xmq3
BECO ALDINO AZEVEDO,6xmq
BECO ALDO CABRAL,6xmq
BECO ALEGRE,6xmq6
BECO ALEGRETE,6xmqe
BECO ALEIXO GARCIA,6xmq
BECO ALENQUER,6xmqf
BECO ALEXANDRE AMORIM,6xmq
BECO ALEXANDRE HERCULANO,6xmq3
BECO ALEXIS CARREL,6xmq
BECO ALFA,6xmq3
BECO ALFREDO MESQUITA,6xmq
BECO ALGOL,6xmq3
BECO ALIRIO PRADO,6xmq
BECO ALLAN KARDEC,6xmq
BECO ALLIUM,6xmq6
BECO ALM. BARROSO,6xmq
BECO ALM. CUNHA MOREIRA,6xmq
BECO ALMADA NEGREIROS,6xmq3
BECO ALMAQUIO DINIZ,6xmq3
BECO ALMERINDA,6xmq6
BECO ALMINO AFONSO,6xmq3
BECO ALMIR PEDREIRA,6xmq6
BECO ALMIRANTE  HENRIQUE FORÉIS,6xmq
BECO ALMIRANTE ALEXANDRINO,6xmq
BECO ALMIRANTE GUILLEN,6xmq
BECO ALMIRANTE GUILLOBEL,6xmq
BECO ALMIRANTE TAMANDARÉ,6xmq
BECO ALMIRANTE WANDENKOLK,6xmq
BECO ALMÍNIO NOGUEIRA,6xmq
BECO ALMÍSCAR,6xmqf
BECO ALPINA,6xmqf
BECO ALTAMIRA,6xmqf
BECO ALUISIO BRASIL,6xmq6
BECO ALVORADA,6xmq
BECO ALZIRA BENTES,6xmq
BECO AMARANTE,6xmqf
BECO AMARO JUVENAL,6xmq
BECO AMARÍILIS,6xmq
BECO AMATURÁ,6xmq
BECO AMAZONAS,6xmq
BECO AMAZONENSE,6xmqf
BECO AMAZONIA,6xmq
BECO AMAZONIDAS FIGUEIRA,6xmq6
BECO AMAZÔNIA,6xmq
BECO AMBAR,6xmqe
BECO AMBORÉ,6xmqf
BECO AMBURANA,6xmqe
BECO AMOR CRESCIDO,6xmq
BECO AMOR DO CAMPO,6xmq6
BECO AMÂNCIO DE MIRANDA,6xmq
BECO AMÉRICA,6xmq
BECO AMÉRICO,6xmq3
BECO AMÉRICO ALVAREZ,6xmq6
BECO AMÊNDOA,6xmq6
BECO ANA DELIA  ALBUQUERQUE,6xmq3
BECO ANA LÚCIA,6xmq
BECO ANA NERY,6xmq
BECO ANA NOGUEIRA,6xmq
BECO ANAGÉ,6xmq
BECO ANAJÁS,6xmq3
BECO ANAMBÉ,6xmq3
BECO ANAPÓLIS,6xmq
BECO ANASTÁCIO ASSUNÇÃO,6xmq
BECO ANCHIETA,6xmq
BECO ANCO MÁRCIO,6xmq3
BECO ANDANÇAS,6xmq
BECO ANDERSON DE SOUZA,6xmq6
BECO ANDORINHA,6xmqe
BECO ANDORINHA DA NOITE,6xmq
BECO ANDRADE MURICI,6xmqg
BECO ANDRE V DE NEGREIROS,6xmq3
BECO ANDRÉ LUIZ,6xmq
BECO ANDRÉ PRESTES,6xmq3
BECO ANEMONA,6xmq6
BECO ANGOLA,6xmqg
BECO ANHEMBI,6xmq
BECO ANHUMAS,6xmq
BECO ANIS,6xm
BECO ANITA ROSA,6xmq
BECO ANNE,6xmq
BECO ANTARES,6xmq3
BECO ANTILHAS HOLANDESAS,6xmq
BECO ANTONIA ALVES,6xmq
BECO ANTONIO BULBOL,6xmq
BECO ANTONIO CASTRO,6xmq6
BECO ANTONIO MARCOS,6xmq6
BECO ANTONIO MIRANDA FILHO,6xmq
BECO ANTONIO PASSOS DE MIRANDA,6xmq6
BECO ANTONIO PINTO,6xmq6
BECO ANTUNES,6xmq
BECO ANTÔNIO ADORNO,6xmq
BECO ANTÔNIO BOTO,6xmq3
BECO ANTÔNIO FARIAS,6xmq
BECO ANTÔNIO JOSÉ SARAIVA,6xmq3
BECO ANTÔNIO NOBRE,6xmq3
BECO ANTÔNIO NUNES,6xm
BECO ANUM BRANCO,6xmqg
BECO ANÁLIA,6xmq3
BECO APAIARI,6xmq3
BECO APOLÔNIO,6xmq
BECO APORIS,6xmq3
BECO APURINÃ,6xmq6
BECO APUÍ,6xmq6
BECO AQUILINO RIBEIRO,6xmq3
BECO AQUÁRIO,6xmq
BECO ARABIA,6xmq
BECO ARABÉS,6xmq
BECO ARACI,6xmqf
BECO ARACUANO,6xmq6
BECO ARACUÃ,6xmq
BECO ARAGUAÇU,6xmq
BECO ARAMITA,6xmq6
BECO ARAPONGAS,6xmq
BECO ARARA AZUL,6xmq
BECO ARARA CANINDÉ,6xmq
BECO ARARAJUBA,6xmq3
BECO ARARAUNA,6xmq3
BECO ARARI,6xmq
BECO ARARIBA,6xmqe
BECO ARARIPE JUNIOR,6xmq3
BECO ARARIPINA,6xmq
BECO ARARUNA,6xmq
BECO ARATU,6xmq
BECO ARATÁ,6xmq6
BECO ARAUA,6xmq6
BECO ARAUCANOS,6xmq
BECO ARAXÁ,6xmqe
BECO ARAÚJO AMAZONAS,6xmq6
BECO ARAÚJO FILHO,6xmq6
BECO ARBUSTO,6xmq3
BECO ARDISIA,6xmq
BECO ARDÓSIA,6xmqe
BECO AREAL SOUTO,6xmq6
BECO ARECA BAMBU,6xmq
BECO ARES,6xmq3
BECO ARGENTINA GRACIELA,6xmq
BECO ARGONITA,6xmq
BECO ARINOS,6xmq
BECO ARINÁ,6xmq6
BECO ARIQUEMES,6xmq6
BECO ARIRAMBA,6xmq6
BECO ARISTOFANO ANTONY,6xmq6
BECO ARISTOTELES ALENCAR,6xmq6
BECO ARISTÓTELES BONFIM,6xmq6
BECO ARIZONA,6xmq
BECO ARMANDO FONTES,6xmq3
BECO ARMANDO LOUZADA,6xmq
BECO ARON BENEVIDES,6xmq6
BECO ARROCHO,6xmq
BECO ARTHUR CRUZ,6xmq6
BECO ARTHUR DOYLE,6xmq3
BECO ARTUR NETO,6xmq
BECO ARTÊMIS,6xmq6
BECO ARUANÃ,6xmq3
BECO ARUAQUES,6xmq
BECO ARUBA,6xmq
BECO ASA BRANCA,6xmq
BECO ASA DELTA,6xmq
BECO ASCENSÃO,6xmq
BECO ASPÁSIA,6xmq6
BECO ASSEF,6xmq6
BECO ASTROMEIA,6xmq6
BECO ATACUARI,6xmq3
BECO ATANGARÁ,6xmq6
BECO ATAULFO ALVES,6xmq3
BECO ATENAS,6xmq
BECO ATIBAIA,6xmq
BECO ATROARIS,6xmq
BECO ATURIARES,6xmq
BECO AUGUSTO DE LIMA,6xmq3
BECO AUGUSTO FERNANDES,6xmq
BECO AUGUSTO PESTANA,6xmqe
BECO AURÉLIO BUARQUE,6xmq
BECO AUXILIADORA SEFAIR,6xmq3
BECO AVARIS,6xmq
BECO AVARÉ,6xmq
BECO AVELINO,6xmq
BECO AVENCA,6xmq
BECO AVESTA,6xmq6
BECO AXINITA,6xmq
BECO AYMORÉ,6xmq
BECO AYRÃO,6xmq6
BECO AZEVEDO,6xmq
BECO AZEVINHO,6xmq3
BECO AZULÃO,6xmqg
BECO AÇAÍ,6xmqe
BECO AÇUCENA BRANCA,6xmq
BECO AÇUCENA DO CAMPO,6xmq
BECO BACABA,6xm
BECO BACARÉ,6xmq6
BECO BACURAU,6xmq
BECO BADAJÓS,6xmq
BECO BAHAMAS,6xmq6
BECO BALBINA MESTRINHO,6xmq
BECO BAMBUI,6xmq 6xmq6
BECO BANDEIRA BRANCA,6xmq
BECO BANGU,6xmq6
BECO BANGUÁ,6xmqg
BECO BANIWA,6xmqf
BECO BARARUÁ,6xmq6
BECO BARBOSA RODRIGUES,6xmq6
BECO BARCELOS,6xmq6
BECO BARRA BRANCA,6xmq
BECO BARRA DE GUARAIBA,6xmq
BECO BARRA DE MARICA,6xmq
BECO BARREIRINHA,6xmq6
BECO BARU,6xmqe
BECO BARUERI,6xmqg
BECO BARÉ,6xmqg
BECO BASILIO ITIBERE,6xmq3
BECO BASÍLIO DA GAMA,6xmq
BECO BASÍLIO ITIBERÊ,6xmq3
BECO BATISTA,6xmq6
BECO BAUHAUS,6xmq
BECO BAVIERA,6xmq6
BECO BELIZE,6xmq
BECO BELMIRA COSTA,6xmq6
BECO BELMIRA PIRES,6xmq6
BECO BELMIRO DE ALMEIDA,6xmq3
BECO BELÉM,6xmq
BECO BEM TI VI,6xmqe
BECO BENAYON,6xmq3
BECO BENEDITO LACERDA,6xmq6
BECO BENIN,6xmq
BECO BENJAMIN CONSTANT,6xmq6
BECO BENTERERÊ,6xmq6
BECO BENTO BRASIL,6xmq6
BECO BERCI,6xmq6
BECO BERIMBAU,6xmqe
BECO BERNARDINO VALE,6xmq3
BECO BERNARDO ELIS,6xmq3
BECO BERNARDO GOMES,6xmq6
BECO BERNARDO MICHILES,6xmq6
BECO BERQUÉLIO,6xmq3
BECO BETEL,6xmq
BECO BETTE DAVIS,6xmq
BECO BETÂNIA,6xmq
BECO BIRIBÁ,6xmq3
BECO BIRRO,6xmq6
BECO BIZANTINO,6xmq6
BECO BLUE,6xmq3
BECO BLUMENAU,6xmq
BECO BOA SORTE,6xmq
BECO BOA VIAGEM,6xmq
BECO BOA VIDA,6xmq6
BECO BOA VISTA,6xmq
BECO BOGARI,6xmq6
BECO BOLONHA,6xmq
BECO BOM JARDIM,6xmq
BECO BOM JESUS,6xmq6
BECO BOM SUCESSO,6xmq6
BECO BONANÇA,6xmq6
BECO BONN,6xmq
BECO BORARIS,6xmqf
BECO BORBOLETA,6xmq3
BECO BORGES DE BARROS,6xmq6
BECO BORGES DE MEDEIROS,6xmq3
BECO BOTO BRANCO,6xmq3
BECO BOULEVARD,6xmq6
BECO BOYAMA,6xmq
BECO BRAGANÇA,6xmq3
BECO BRASIL,6xmq
BECO BRASILÉIA,6xmq3
BECO BRASÍLIA,6xmq6
BECO BREVES,6xmq
BECO BRISA DA MANHÃ,6xmq
BECO BRISTOL,6xmq
BECO BRUNEI,6xmq
BECO BUGIO,6xmq3
BECO BUIGANA,6xmqg
BECO BULGAROS,6xmq
BECO BULGÁRIA,6xmq
BECO BURIL,6xmq3
BECO BÁLSAMO,6xmq
BECO BÉLGICA,6xmq
BECO BÊNI,6xmq6
BECO BÚZIOS,6xmq
BECO CABO VERDE,6xmq
BECO CABURI,6xmqf
BECO CABURÉ,6xmqg
BECO CACATUA-ROSA,6xmq3
BECO CACAU PIRÊRA,6xmqe
BECO CACHOEIRA DE PRATA,6xmq
BECO CACHOEIRA DOURADA,6xmq 6xmq3
BECO CACHOEIRA GRANDE,6xmq6
BECO CAFÉ FILHO,6xmq3
BECO CAIA,6xmq
BECO CAINÃ,6xmqf
BECO CAIO PRADO JUNIOR,6xmq
BECO CAIRÉ,6xmq6
BECO CALAFATE,6xmq3
BECO CALCUTÁ,6xmq3
BECO CALDEU,6xmq
BECO CALUNGA,6xmq
BECO CALÊNDULA,6xm
BECO CAMARGOS,6xmq
BECO CAMBARÁ,6xm
BECO CAMETÁ,6xmqe
BECO CAMOCIM,6xmq
BECO CAMOURA,6xmq
BECO CAMPANA,6xmq6
BECO CAMPESTRE,6xmq
BECO CAMPIM ANGOLA,6xmq6
BECO CAMPINAS,6xmq
BECO CAMPOS DO JORDÃO,6xmq6
BECO CAMU CAMU,6xmqf
BECO CANCÃ,6xmq6
BECO CANDIDO DAS NEVES,6xmq
BECO CANELEIRA,6xmqg
BECO CANOPA,6xmq3
BECO CANTARELLI,6xmqg
BECO CANTARES,6xmq
BECO CANUDEIRO,6xmqf
BECO CANUMÃ,6xmq6
BECO CAPANEMA,6xmq3
BECO CAPIM DOCE,6xmq6
BECO CAPIM SANTO,6xm
BECO CAPITÃO BRAGANÇA,6xmq
BECO CAPITÃO DUARTE,6xmq
BECO CAPITÃO EDUARDO,6xmq
BECO CAPIXABA,6xmq
BECO CAPRICÓRNIO,6xmq
BECO CAPUNGA,6xmq
BECO CARACRANA,6xmq3
BECO CARAMBOLA,6xmq
BECO CARANGOLA,6xmq6
BECO CARARA,6xmq
BECO CARAUARI,6xmq
BECO CARDEAL,6xmq3
BECO CARIBE,6xmq
BECO CARIJÓ,6xmq
BECO CARIOCA,6xmq
BECO CARLOS ALBERTO,6xmq6
BECO CARLOS APRÍGIO,6xmq
BECO CARLOS CARVALHO,6xmq6
BECO CARLOS DIAS,6xmq
BECO CARLOS GALHARDO,6xmq
BECO CARLOS GOMES,6xmq
BECO CARLOS IMPERIAL,6xmq
BECO CARLOS ISOTTA,6xmq
BECO CARLOS JUVINO,6xmq
BECO CARLOS LACERDA,6xmq
BECO CARLOS LEE,6xmq
BECO CARLOS VASQUES,6xmq
BECO CARMANA,6xmq3
BECO CARMIM,6xmqe
BECO CAROBA,6xmqf
BECO CAROLINA DAS NEVES,6xmq
BECO CAROLINA NABUCO,6xmq3
BECO CARPENTÁRIA,6xmq
BECO CARQUEJA,6xmq3
BECO CARVALHO,6xmq
BECO CARÃO,6xmq3
BECO CASCARRILHA,6xmq6
BECO CASIMIRO,6xmq
BECO CASIMIRO DE ABREU,6xmq3
BECO CASSIOPEIA,6xmq3
BECO CASSITERITA,6xmq
BECO CASTANHEIRA,6xmq
BECO CASTELO BRANCO,6xmq
BECO CASTELO BRANCO II,6xmq3
BECO CASTRO,6xmq6
BECO CASTRO ALVES,6xmq
BECO CATANDUVAS,6xmq
BECO CATAR,6xmq
BECO CAVIUNA,6xm
BECO CAZUZA,6xmqe
BECO CEARÁ,6xmq
BECO CEGONHA,6xmq
BECO CENAMBI,6xmq3
BECO CERIO,6xmq3
BECO CERQUINHO,6xmq3
BECO CHAPURI,6xmq6
BECO CHARLES ADAMS,6xmq
BECO CHARLES ATLAS,6xmq
BECO CHARLES CHAPLIN,6xmq6
BECO CHICO PENA,6xmq6
BECO CHICO QUEIROZ,6xmq
BECO CHIGAGO,6xmq
BECO CHINA,6xmq
BECO CHORÃO,6xmq
BECO CHOUPO,6xmq3
BECO CIDADE DE MANAUS,6xmq
BECO CIGANA,6xmqe
BECO CINE POLYTHEAMA,6xmq
BECO CIPRESTE,6xmq
BECO CISNE,6xmqe
BECO CISNE BRANCO,6xmq
BECO CLARA CORDEIRO,6xmq3
BECO CLAUDIO COUTINHO,6xmq6
BECO CLAUDIO MESQUITA,6xmq6
BECO CLAUDIO SANTORO,6xmq3
BECO CLEVELÂNDIA,6xmq
BECO COCHABAMBA,6xmq3
BECO CODAJÁS,6xmq6
BECO COELHO NETO,6xmq6
BECO COIMBRA,6xmq3
BECO COLEIRO,6xmq3
BECO COLIBRI,6xmqe
BECO COLINA OLIVEIRA,6xmq
BECO COLÔMBIA,6xmq
BECO COMANDANTE CÂNDIDO COSTA,6xmq6
BECO COMANDANTE NORBERTO WON GAL,6xmq
BECO COMBATENTE,6xmq3
BECO COMENDADOR CLEMENTINO,6xmq
BECO COMPENSA,6xmq3
BECO CONCEIÇÃO,6xmq
BECO CONCEIÇÃO NEVES,6xmq6
BECO CONDE DE PALMELA,6xmq6
BECO CONDE DE SANTA CRUZ,6xmq
BECO CONDE DE SAPUCAÍ,6xmq
BECO CONDE DE ÓBITOS,6xmq6
BECO CONGO,6xmq
BECO CONSAGRAÇÃO,6xmq
BECO CONSOLATA,6xmq
BECO CONSOLAÇÃO,6xmq
BECO CONSTÂNCIO ALVES,6xmq3
BECO COPAÍBA,6xmq
BECO CORAJAI,6xmq3
BECO CORAL,6xmq
BECO CORBÉLIA,6xmq
BECO COREAMA,6xmq
BECO COREIA DO NORTE,6xmq
BECO CORINTO,6xmq
BECO COROADO,6xmq6
BECO CORONEL ANÍSIO,6xm
BECO CORONEL CONRADO NIEMEYER,6xmq6
BECO CORONEL FERREIRA DE ARAÚJO,6xmq
BECO CORONEL SALGADO,6xmq
BECO CORTICA,6xmqf
BECO CORUMBIARA,6xmq3
BECO CORURIPE,6xmqe
BECO CORÉ,6xmq
BECO CORÉIA DO SUL,6xmq
BECO CORÍNTIOS,6xmqf
BECO COSMA ALVES,6xmq
BECO COSME FERREIRA,6xmqe
BECO COSTA DO MARFIM,6xmq
BECO COSTA E SILVA,6xmq
BECO COSTA RICA,6xmq
BECO COTIPORÃ,6xmqe
BECO CRAVARI,6xmq3
BECO CRAVITAS,6xmq
BECO CRESPO,6xmq
BECO CRETA,6xmq
BECO CRETENSES,6xmq
BECO CRICIÚMA,6xmq3
BECO CRISANTO JOBIM,6xmq6
BECO CRISTAIS PAULISTA,6xmq
BECO CRISTAL,6xmq
BECO CRISTALINO,6xmq
BECO CRISTIANO MACHADO,6xmq
BECO CRISTO REI,6xmq
BECO CRISTOVAO COLOMBO,6xmq3
BECO CRISÁLIDA,6xmq
BECO CROATÁ,6xmq
BECO CRUZ DE MALTA,6xmq
BECO CRUZ E SOUZA,6xmq3
BECO CRUZEIRO DO OESTE,6xmq
BECO CRUZEIRO DO SUL,6xmq3
BECO CUBA,6xmq
BECO CUMARU,6xmq
BECO CUMBARU,6xm
BECO CUMICIM,6xmq
BECO CUMÃ,6xmqf
BECO CUNHA MELO,6xmq
BECO CURIANGO,6xmq6
BECO CURIATO,6xmq6
BECO CURICA,6xmqe
BECO CURIMATA,6xm
BECO CURISERVO,6xmq3
BECO CURIUARU,6xmq3
BECO CURIÓ,6xmq6
BECO CURUÁ,6xmq3
BECO CUSTÓDIO MESQUITA,6xmq
BECO CUTIÚBA,6xmqf
BECO CÁSSIA ELLER,6xmq
BECO CÉSAR TAVARES,6xmqf
BECO CÉU AZUL,6xmq6
BECO CÔNEGO ANTONIO PLÁCIDO,6xmq
BECO CÔNEGO ANTÔNIO PLÁCIDO,6xmq
BECO DA  PÁTRIA,6xmq
BECO DA ALEGRIA,6xm
BECO DA ALELUIA,6xmq
BECO DA AMIZADE,6xmq6
BECO DA CACHOEIRA,6xmq
BECO DA CACIMBAS,6xmq
BECO DA CAPELA,6xmq
BECO DA CATRAIA,6xmq
BECO DA COLINA,6xmq
BECO DA COMUNIDADE,6xmq
BECO DA CONCÓRDIA,6xmq
BECO DA CONQUISTA,6xmq
BECO DA COSTINHA,6xmq3
BECO DA ESCADARIA,6xmq3
BECO DA ESCOLA,6xmq
BECO DA ESPERANÇA,6xmq
BECO DA FAVELA,6xmq
BECO DA FONTE,6xmq
BECO DA FORTUNA,6xmq6
BECO DA FRATERNIDADE,6xmq6
BECO DA GLÓRIA,6xmq
BECO DA GRAÇA,6xmq
BECO DA HORTA,6xmq
BECO DA IGREJA,6xmq
BECO DA INDÚSTRIA,6xmq
BECO DA LEGIÃO,6xmq6
BECO DA LIBERDADE,6xmq
BECO DA LUA,6xmq6
BECO DA LUZ,6xmq
BECO DA MINA,6xmq
BECO DA OLARIA,6xmq3
BECO DA PACIÊNCIA,6xmq
BECO DA PALESTINA,6xmq
BECO DA PANAIR,6xmq
BECO DA PAZ,6xmq
BECO DA PRATA,6xmq 6xmq6
BECO DA PROSPERIDADE,6xmq
BECO DA REPÚBLICA,6xmq6
BECO DA ROSA,6xmq3
BECO DA SALVAÇÃO,6xmq
BECO DA SAUDADE,6xmq
BECO DA SERRARIA,6xmq
BECO DA SORTE,6xmq
BECO DALLAS,6xmq
BECO DALMIR CÂMARA,6xmq6
BECO DAMACURI,6xmq3
BECO DANILO CORREA,6xmq6
BECO DARCI  AZAMBUJA,6xmq
BECO DAS ALFAZEMAS,6xmq
BECO DAS ANDORINHAS,6xmq6
BECO DAS ARARAS,6xmq
BECO DAS CASTANHEIRAS,6xmq
BECO DAS CIGANAS,6xmqg
BECO DAS DÁLIAS,6xmq
BECO DAS FADAS,6xmq6
BECO DAS FLORES,6xmq
BECO DAS GARCAS,6xmqg
BECO DAS GRAUNAS,6xmqg
BECO DAS MANGUEIRAS,6xmqe
BECO DAS OVELHAS,6xmq
BECO DAS PALHAS,6xmq
BECO DAS PALMAS,6xmq6
BECO DAS PALMEIRAS,6xmqe
BECO DAS PEDRAS,6xmqf
BECO DAS PITEIRAS,6xmq
BECO DAS ROSAS,6xmq
BECO DEBORA,6xmq
BECO DEBUSSY,6xmq6
BECO DELCÍDIO DO AMARAL,6xmq
BECO DELEGADO ZE LIMA,6xmq
BECO DELFI,6xmq
BECO DELFIM MOREIRA,6xmq
BECO DELMAR BRÁS,6xmqe
BECO DEMOCRITO,6xmq3
BECO DEOLINDA PINTO,6xmq
BECO DESBRAVADORES,6xmq3
BECO DIANA,6xmqe
BECO DIAS GOMES,6xmq6
BECO DILERMANO REIS,6xmq6
BECO DILÚVIO,6xmq6
BECO DINAMARCA,6xmq
BECO DIOGO COUTO,6xmq3
BECO DIOGO VELASQUE,6xmq
BECO DIVINÓPOLIS,6xmq6
BECO DO ALEIXO,6xmq6
BECO DO AREAL,6xmq
BECO DO BAIANO,6xmq
BECO DO CAMPO,6xmq3
BECO DO CARMO,6xmq6
BECO DO CARNEIRO,6xmq
BECO DO COQUEIRO,6xmq
BECO DO CORINTIANS,6xmq
BECO DO CRAVO,6xmq
BECO DO CRIADOR,6xmq
BECO DO CRUZEIRO,6xmq
BECO DO DELEGADO,6xmq3
BECO DO IGARAPE,6xmq6
BECO DO LABOR,6xmq
BECO DO LIVRAMENTO,6xmq
BECO DO MARIANO,6xmq
BECO DO POSTO SETE,6xmq
BECO DO POVO,6xmq3
BECO DO PROGRESSO,6xmq3
BECO DO SAMBA,6xmq
BECO DO SENHOR,6xmq3
BECO DO SETE,6xmqe
BECO DO TORORÓ,6xmq3
BECO DO TRABALHADOR,6xmq
BECO DOLORES DURAN,6xmq
BECO DOM BASÍLIO PEREIRA,6xmq
BECO DOM BOSCO,6xmq
BECO DOM FREDERICO COSTA,6xmq
BECO DOM HENRIQUE,6xmq3
BECO DOM JOSÉ IRINEU,6xmq6
BECO DOM JOSÉ LOURENÇO,6xmq
BECO DOM JOÃO DA MATA,6xmq
BECO DOM MANUEL,6xmq
BECO DOM MILSON,6xmqg
BECO DOM MILTON CORRÊIA,6xmq
BECO DOM PEDRO I,6xmq3
BECO DOM PEDRO MASSA,6xmqf
BECO DOMICIO DA GAMA,6xmq3
BECO DOMINGOS DE BRIEGAS,6xmqf
BECO DOMINGOS MONTEIRO,6xmq6
BECO DOMINGOS OLIMPIO,6xmq3
BECO DOMINGOS RUSSO,6xmq3
BECO DONA  ALAIDE,6xmq
BECO DONA ANA,6xmq
BECO DONA RAIMUNDA,6xmq
BECO DONA RAQUEL SOUZA,6xmq6
BECO DOS ALECRINS,6xmq
BECO DOS CRAVOS,6xmq
BECO DOS CRISTAIS,6xmq
BECO DOS DIAS,6xmq6
BECO DOS ESCOTEIROS,6xmq3
BECO DOS FRANCESES,6xmq
BECO DOS GAVIÕES,6xmq6
BECO DOS GNOMOS,6xmq3
BECO DOS INOCENTES,6xmq
BECO DOS INOCENTES III,6xmq3
BECO DOS MACUCAUAS,6xmqg
BECO DOS MILAGRES,6xmq
BECO DOS MILIONÁRIOS,6xmq6
BECO DOS PASSOS,6xmq
BECO DOS UNIDOS,6xmq
BECO DOUDORA MARTHA CUNHA,6xmq6
BECO DOURADOS,6xmq
BECO DOUTOR  ELESBÃO LUZ,6xmq
BECO DOUTOR CLÁUDIO NARANJO,6xmq
BECO DOUTOR HARLEY,6xmq
BECO DOUTOR MACHADO,6xmq
BECO DOUTOR THEOMÁRIO PINTO DA COSTA,6xmq6
BECO DOUTOR THOMAS,6xmq6
BECO DOUTOR VICENTE REIS,6xmq
BECO DOUTORA MARTHA CUNHA,6xmq
BECO DOUTORA NEIDE VASCONCELOS,6xmq 6xmq6
BECO DUARTE GALVÃO,6xmq
BECO DUARTINA,6xmqf
BECO DUQUE DE CAXIAS,6xmq
BECO DURBAN,6xmq
BECO ECOLÓGICO,6xmq3
BECO EDEALINA,6xmqf
BECO EDMUNDO SOARES,6xmqe
BECO EDSON MELO,6xmq6
BECO EDUARDO MARTINS,6xmq
BECO EDUARDO PACHECO,6xmq
BECO EDUARDO PRADO,6xmq3
BECO EDUARDO RIBEIRO,6xmq6
BECO EDUCANDOS,6xmq
BECO EGITO,6xmq
BECO EL SHADAI,6xmq6
BECO ELAZUILA CARVALHO,6xmq6
BECO ELDORADO,6xmqf
BECO ELIAS MENDES,6xmq
BECO ELIZEU QUEIROZ,6xmqf
BECO ELTON MAYO,6xmqf
BECO EMANUELLE,6xmq 6xmq6
BECO EMILIANO,6xmq
BECO EMILIO RIBAS,6xmq
BECO ENCANTO,6xmq3
BECO ENRICO CARUSO,6xmq
BECO ENZO FERRARI,6xmq
BECO EPIFÂNIO MONTEIRO,6xmq6
BECO EPÍCURO,6xmq
BECO ERECHIM,6xmqe
BECO ERIDANO,6xmq3
BECO ERVA BENTA,6xm
BECO ESCORPIÃO,6xmq
BECO ESMERALDA,6xmq
BECO ESMERALDA CRESPA,6xmq
BECO ESPANHA,6xmq
BECO ESPERANÇA,6xmq3
BECO ESPLANADA,6xmq3
BECO ESPÁRTACOS,6xmq3
BECO ESPÍIRITO SANTO,6xmq6
BECO ESTADOS UNIDOS,6xmq
BECO ESTONIA,6xmq
BECO ESTORIL,6xmq3
BECO ESTREITO,6xmq
BECO ESTRELA,6xmq
BECO ESTRELA  ANÃ,6xmq
BECO ESTRELA DO INDAIÁ,6xmqe
BECO ESTRELA DO MAR,6xmq
BECO ESTRELA POLAR,6xmq3
BECO ESTÁCIO DE SÁ,6xmq3
BECO EUBENIO DE CASTRO,6xmq
BECO EUCLIDES DA CUNHA,6xmq6
BECO EUCLIDES JANUÁRIO,6xmq
BECO EUGÊNIO DE CASTRO,6xmq3
BECO EURIPEDES,6xmqf
BECO EZEQUIEL,6xmq
BECO FABIANO VIDEO,6xmq
BECO FAISÃO COMUM,6xmq
BECO FARO,6xmq6
BECO FATIMA,6xmq
BECO FAUSTINA VENER,6xmq
BECO FAUSTINO MOREIRA,6xmq6
BECO FEIRA LIRIO DO VALE,6xmqf
BECO FELIPE GUERRA,6xmq
BECO FELIZARDO,6xmq
BECO FENELON FERREIRA,6xmq
BECO FERMIO,6xmq3
BECO FERNANDO ESGUIO,6xmq
BECO FERNANDO SABINO,6xmq3
BECO FERNÃO LOPES,6xmq
BECO FEÉ EM DEUS,6xmq
BECO FIJI,6xmq
BECO FILEMON,6xmq6
BECO FILIPENSES,6xmq6
BECO FILIPINAS,6xmq
BECO FINLÂNDIA,6xmq
BECO FITÔNIA,6xmq
BECO FLAMENGO,6xmq6
BECO FLAVIO COSTA,6xmq
BECO FLOR AZUL,6xmq
BECO FLORESTA DOS GUARÁS,6xmq
BECO FLORÊNCIO,6xmq
BECO FLÁVIO CALVACANTE,6xmqe
BECO FONTES VELHAS,6xmq
BECO FORMOSA,6xmq
BECO FORTALEZA,6xmq6
BECO FOZ DO AREIA,6xmq
BECO FRADINHO,6xmq3
BECO FRAGATA,6xmq
BECO FRAMBOESA,6xmq
BECO FRANCELLY,6xmqg
BECO FRANCIS ASTON,6xmq
BECO FRANCISCO ALVES,6xmqe
BECO FRANCISCO CAMPOS,6xmq
BECO FRANCISCO COUTO VALE,6xmq6
BECO FRANCISCO EUGÊNIO,6xmq
BECO FRANCISCO MELO,6xmq6
BECO FRANCISCO ORELANA,6xmq3
BECO FRANCISCO PALHARES,6xm
BECO FRANCISCO PEREIRA DA SILVA,6xmq
BECO FRANCISCO PINHEIRO,6xmq6
BECO FRANCISCO QUEIROZ,6xmqf
BECO FRANCISCO TAPAJÓS,6xmq6
BECO FRANCO,6xmq
BECO FRANK,6xmq
BECO FRANKLIN,6xmq
BECO FRANÇA JÚNIOR,6xmq3
BECO FRED ASTAIRE,6xmq6
BECO FREDERICO GUILHERME,6xmq6
BECO FREI CANECA,6xmq
BECO FREI MAURO,6xmq6
BECO FREI MÁRIO,6xmq6
BECO FURNAS,6xmq
BECO FÉ EM DEUS,6xmq
BECO GABÃO,6xmq
BECO GAIO-AZUL,6xmq3
BECO GAIVOTA,6xmqe
BECO GAIVOTA REAL,6xmq3
BECO GALILEU,6xmq3
BECO GALILÉIA,6xmq
BECO GALO DA SERRA,6xmq3
BECO GAMA,6xmq
BECO GANSO NENÊ,6xmq3
BECO GAROUPA,6xmq
BECO GASPAR,6xmqg
BECO GASTÃO VIDIGAL,6xmqg
BECO GATURAMO,6xmqg
BECO GAURAMA,6xmqg
BECO GAVIÃO,6xmq
BECO GAVIÃO BELO,6xmqe
BECO GAVIÃO REAL,6xmq3
BECO GENERAL CARNEIRO,6xmq6
BECO GENERAL OSÓRIO,6xmq
BECO GENOLINO ALVES BRANCO,6xmq3
BECO GEORGE LUCK,6xmq
BECO GERALDO COSTA,6xmq6
BECO GERGELIM,6xmq6
BECO GERÂNIO,6xmq
BECO GETULINA,6xmqg
BECO GETÚLIO VARGAS,6xmq6
BECO GIBRALTAR,6xmq
BECO GILBERTO ALVES,6xmq6
BECO GILBERTO AMADO,6xmq3
BECO GIOVANNI AGNELLI,6xmq
BECO GIRASSOL,6xmq3
BECO GIRUA,6xmq
BECO GLICÍNIA,6xmqe
BECO GLÓRIA,6xmqg
BECO GOIABEIRA,6xmq
BECO GOMES,6xmq
BECO GONCALVES DIAS,6xmq3
BECO GONÇALO COELHO,6xmq6
BECO GOVERNADOR  HENOCH REIS,6xmq6
BECO GOVERNADOR JOSÉ LINDOSO,6xmq6
BECO GRACILIANO RAMOS,6xmq3
BECO GRANDE CIDADE,6xmq3
BECO GRAÇA THIAGO,6xmq
BECO GREEN VILLE,6xmq
BECO GREGOS,6xmq
BECO GREVILEA,6xmq
BECO GROELÂNDIA,6xmq
BECO GRÊMIO,6xmq6
BECO GUABAJUBA,6xmq
BECO GUAJERU,6xmq
BECO GUALTER BATISTA,6xmq6
BECO GUAMA,6xmq3
BECO GUAMARE,6xmq
BECO GUANABARA,6xmq
BECO GUARAJÁ,6xmq6
BECO GUARANY,6xmq6
BECO GUARAPARI,6xmq6
BECO GUARAPUAVA,6xmqf
BECO GUAREICO,6xmq3
BECO GUAÇU,6xmq6
BECO GUEDES,6xmq6
BECO GUILHERME CONCEIÇÃO,6xmq6
BECO GUILHERME CONRADO,6xmq 6xmq3
BECO GUIMARAES PASSOS,6xmq3
BECO GUIMARÃES ROSA,6xmq3
BECO GUINÉ BISSAU,6xmq
BECO GURUPI,6xmq3
BECO GURUPÁ,6xmq3
BECO GÊMEOS,6xmq
BECO GÊNESIS,6xmq
BECO GÊNOVA,6xmq
BECO H. C. SANTANA,6xmq3
BECO HAMILTON MOURÃO,6xmq6
BECO HANNIBAL PORTO,6xmq6
BECO HAROLDO LOBO,6xmq6
BECO HARPIA,6xmq3
BECO HAVILÃ,6xmqg
BECO HEBREUS,6xmq
BECO HELIODORO BOTELHO,6xmq
BECO HEMETÉRIO CABRINHA,6xmq
BECO HENRIQUE DE NAVARRA,6xmq
BECO HENRIQUE JOBIM,6xmq
BECO HENRIQUE MATTOS,6xmq
BECO HENRY DALE,6xmq
BECO HENRY LEVY,6xmq
BECO HERCULES,6xmq3
BECO HERMES FONTES,6xmq3
BECO HERVAL ROSSANO,6xmq
BECO HICSOS,6xmq
BECO HOLANDA,6xmq
BECO HOLANDESES,6xmq
BECO HONDURAS,6xmq
BECO HORIZONTE,6xmq
BECO HORTÊNCIO,6xmq
BECO HOZANA BORGES,6xmq
BECO HUASCAR ANGELIN,6xmq6
BECO HUGO DE ABREU,6xmq
BECO HUMBERTO DE CAMPOS,6xmq3
BECO HÉLIO BALBI MARTINS,6xmq
BECO HÉLIO RODRIGUES,6xmq
BECO HÓRUS,6xmqg
BECO IBIARA,6xmqf
BECO IBIRAÇU,6xmqe
BECO IBIS SAGRADO,6xmq3
BECO IDA NELSON,6xmq
BECO IGARAPÉ DA BOLÍVIA,6xm
BECO IGARAPÉ DO 40,6xmq
BECO IGARITÉ,6xmq3
BECO IGNÁCIO MAGALHÃES,6xmq3
BECO IGUATU,6xmqe
BECO IGUAÍ,6xmq
BECO ILHA DE CORAL,6xmq3
BECO ILHA DE FLORES,6xmqe
BECO ILHÉUS,6xmqf
BECO IMBITUBA,6xmqe
BECO IMENSIDÃO AZUL,6xmq
BECO INDIRA GANDHI,6xmq
BECO INGARICÓ,6xmqe
BECO INOCÊNCIO DE ARÚAJO,6xmq
BECO INTERNACIONAL,6xmq
BECO INVIRA,6xmq3
BECO INÁCIO GUIMARÃES,6xmq
BECO IORUBÁ,6xmqe
BECO IPANGUAÇU,6xmq
BECO IPASE,6xmq3
BECO IPIRANGA,6xmq3
BECO IPIXUNA,6xmq
BECO IPUEIRA,6xmq3
BECO IRAJUBA,6xmq
BECO IRAMAIA,6xmqe
BECO IRAPUÃ,6xmqe
BECO IRARA,6xmq3
BECO IRMÃ DULCE,6xmq
BECO ISAAK BABEL,6xmq
BECO ISAIAS,6xmq
BECO ISATÍS,6xmq3
BECO ISBAS,6xmq
BECO ISMAEL SILVA,6xmq6
BECO ISRAEL,6xmq
BECO ISRAEL BENCHIMOL,6xmq
BECO ITABERAL,6xmq
BECO ITACIARA,6xmq3
BECO ITACOLOMI,6xmq
BECO ITACUNA,6xmq
BECO ITAIA,6xmq
BECO ITAITUBA,6xmqf
BECO ITAJOBI,6xmq
BECO ITAJUBA,6xmq
BECO ITAJÁ,6xmq3
BECO ITAMARATI,6xmqe
BECO ITANHANDU,6xmq
BECO ITANHAUÁ,6xmq3
BECO ITANHAÉM,6xmq
BECO ITANHOMI,6xmq
BECO ITAOCA,6xmq
BECO ITAPARICA,6xmq
BECO ITAPEJARA,6xmq3
BECO ITAPEROA,6xmq
BECO ITAPETINGA,6xmq
BECO ITAPIRANGA,6xmqe
BECO ITAPURANGA,6xmq6
BECO ITAPURANGA II,6xmq3
BECO ITAQUI,6xmq3
BECO ITARANTIM,6xmqe
BECO ITARARÉ,6xmqe
BECO ITARAÍ,6xmq
BECO ITATIBA,6xmq
BECO ITATINS,6xmqe
BECO ITAÚBA,6xmq
BECO ITINGA,6xmq
BECO ITIRIÇU,6xmq
BECO ITORORÓ,6xmqe
BECO ITUIUTABA,6xmq
BECO ITUMBIARA,6xmq
BECO ITURAMA,6xmqe
BECO IVATÉ,6xmqe
BECO IVO AMAZONAS,6xmq6
BECO IVO LEMOS,6xmq3
BECO IVON CURY,6xmq6
BECO IXORIA,6xmq
BECO IZABEL MOTTA,6xmq6
BECO IÇARA,6xmqe
BECO J. CRUZ,6xmq
BECO J. LIMA,6xmq
BECO J.B. SILVA,6xmq
BECO JABOATÃO,6xmqe
BECO JABOIRANAS,6xmq
BECO JABORANDI,6xmq
BECO JACAMIM,6xmq3
BECO JACARÉ,6xmq
BECO JACIARA,6xmq
BECO JACINTO,6xmq
BECO JACKSON DO PANDEIRO,6xmq
BECO JACOB DO BANDOLIM,6xmq
BECO JACÓ,6xmqg
BECO JAGUARA,6xmq
BECO JAGUARANA,6xmqe
BECO JAGUARARI,6xmq3
BECO JAGUARI,6xmqe
BECO JAGUARIBARA,6xmqe
BECO JAIME REBELO,6xmq
BECO JAIME SOBRAL,6xmq
BECO JAIR AMORIM,6xmq
BECO JAMAICA,6xmq
BECO JAMBU,6xmq
BECO JANAPERI,6xmq3
BECO JANUMÃ,6xmq
BECO JAPI,6xmq3
BECO JAPURÁ,6xmq
BECO JARACI,6xmq
BECO JARAGUÁ,6xmq
BECO JARDIM BOTÂNICO,6xmq3
BECO JARDIM DAS OLIVEIRAS,6xmq
BECO JARDIM GUADALUPE,6xmqe
BECO JARDIM PAULISTA,6xmq6
BECO JARDIM PITUBA,6xmq
BECO JARINU,6xmq
BECO JASMIM FLORIDO,6xmq
BECO JASPE,6xmqe
BECO JATOBÁ,6xmq
BECO JAVA,6xmq
BECO JAVARI,6xmq6
BECO JECONIAS,6xmqf
BECO JEQUITIBÁ,6xmq
BECO JERICÓ,6xmq
BECO JESUS SALVADOR,6xmq 6xmqe
BECO JOANA D'ARC,6xmq
BECO JOAO BATISTA,6xmq6
BECO JOAQUIM BARAREIRO,6xmq3
BECO JOAQUIM CARDOSO,6xmq3
BECO JOAQUIM MOUTINHO,6xmq6
BECO JOAQUIM NABUCO,6xmq
BECO JOAQUIM RIBEIRO,6xmq6
BECO JOAQUIM SERRA,6xmq3
BECO JOEL SILVEIRA,6xmq6
BECO JOHN CAGE,6xmq
BECO JONATHAS PEDROSA,6xmq
BECO JORGE ANTONIO,6xmq3
BECO JORGE BERNARDO,6xmq6
BECO JORGE BIVAQUA,6xmq
BECO JORGE DE AVILEZ,6xmq6
BECO JORGE GOMES,6xmq
BECO JORGE TEIXEIRA,6xmq6
BECO JOSAPHA PIRES,6xmq6
BECO JOSE FARIA,6xmqe
BECO JOSÉ BELÉM,6xmq3
BECO JOSÉ BRUNORO,6xmqf
BECO JOSÉ CABRAL,6xmq
BECO JOSÉ CARDOSO,6xmq
BECO JOSÉ CASEMIRO,6xmq
BECO JOSÉ CLARINDO,6xmq6
BECO JOSÉ CLAUDIO,6xmq
BECO JOSÉ DE ANCHIETA,6xmq3
BECO JOSÉ DE ARIMATÉIA,6xmq6
BECO JOSÉ DE CARVALHO,6xmq
BECO JOSÉ DO PATROCÍNIO,6xmq6
BECO JOSÉ FEITOSA,6xmq6
BECO JOSÉ MACÊDO,6xmq6
BECO JOSÉ MONASSA,6xmq6
BECO JOSÉ MONTEIRO,6xmq6
BECO JOSÉ PINHEIRO,6xmq6
BECO JOSÉ PRESTES,6xmq6
BECO JOSÉ TADROS,6xmq6
BECO JOSÉ VERÍSSIMO,6xmq3
BECO JOSÉ VIRGÍLIO ANTUNES,6xmq
BECO JOUBERT DE CARVALHO,6xmq6
BECO JOÂO SÓ,6xmqe
BECO JOÃO ALFREDO,6xmq6
BECO JOÃO CALVINO,6xmq
BECO JOÃO DE CASTRO,6xmq3
BECO JOÃO DE FREITAS,6xmq3
BECO JOÃO DE MENDONÇA FURTADO,6xmq6
BECO JOÃO DO RIO,6xmq3
BECO JOÃO LISBOA,6xmq3
BECO JOÃO PAULO I,6xmq3
BECO JOÃO PIMENTA QUEIROZ,6xmq6
BECO JOÃO RAMALHO,6xmq6
BECO JOÃO RIBEIRO,6xmq
BECO JOÃO SABINO,6xmq
BECO JOÃO SILVA,6xmq3
BECO JOÃO VALÉRIO,6xmq
BECO JOÃO VEIGA,6xmq
BECO JUAREZ TAVORA,6xmq
BECO JUCARA,6xmq3
BECO JUCÁ,6xmq
BECO JUDA,6xmq
BECO JULIO DINIS,6xmq3
BECO JUPARI,6xmq3
BECO JURACI DUARTE,6xmq
BECO JURANDIR MARTINS,6xmq
BECO JURAPARI,6xmq3
BECO JURUPARI,6xmq3
BECO JURUPIRANGA,6xmq
BECO JUTI,6xmq
BECO JÚLIA CHACON,6xmq
BECO JÚLIO DE LIMA,6xmq6
BECO JÚLIO RIBEIRO,6xmq
BECO JÚPITER,6xmqe
BECO KABORÉ,6xmq
BECO KAKO CAMINHA,6xmq3
BECO KALUANA,6xmq6
BECO KAMAIURÁ,6xmq3
BECO KANANCIUÊ,6xmq
BECO KIRIBATI,6xmq
BECO KWAIT,6xmq
BECO LADISLAU,6xmq
BECO LAERCIO MIRANDA,6xmq
BECO LAGUNA,6xmq
BECO LAMARTINE BABO,6xmq6
BECO LANTÂNIO,6xmq3
BECO LAOS,6xmq
BECO LAURINDO REBELO,6xmq3
BECO LAURO CHIBÉ,6xmq
BECO LAVINIA,6xmqf
BECO LAÇO DO AMOR,6xmq
BECO LEONARDO MALCHER,6xmq
BECO LEONEL AZEVEDO,6xmq
BECO LEONOR MARTINS,6xmq6
BECO LEONOR TELES,6xmq6
BECO LEOPOLDO CARPINTEIRO PERES,6xmq6
BECO LEOPOLDO NEVES,6xmq
BECO LESSON,6xmq
BECO LEÔNCIO BARBOSA,6xmq
BECO LIATMIS,6xmq
BECO LIBERATO SALZANO,6xmq 6xmq6
BECO LIBERTADOR,6xmq6
BECO LIBRA,6xmq
BECO LICURGO,6xmq3
BECO LILAC,6xmq6
BECO LINDOLFO SALES,6xmq
BECO LIRA,6xmq3
BECO LIRA  ARAÚJO,6xmq
BECO LIRA NUNES,6xmq
BECO LISBOA,6xmq
BECO LIVERPOOL,6xmq6
BECO LIZARDA,6xmq6
BECO LOBO GUARÁ,6xmq3
BECO LOBO SOROPITA,6xmq3
BECO LONDRES,6xmq
BECO LOPES DIAS,6xmq
BECO LOS GATOS,6xmq3
BECO LOUIS ARMSTRONG,6xmq
BECO LOURO,6xmq
BECO LUA,6xmq
BECO LUA CRESCENTE,6xmq
BECO LUA NOVA,6xmq
BECO LUCILA FREITAS,6xmq
BECO LUCILENE BALL,6xmq
BECO LUCIO COSTA,6xmq3
BECO LUCIO DE MENDONCA,6xmq3
BECO LUIS FREITAS,6xmq6
BECO LUIS VAZ DE CAMÕES,6xmq3
BECO LUIZ ALMEIDA,6xmq6
BECO LUIZ ANTONY,6xmq
BECO LUIZ BARRETO,6xmq6
BECO LUIZ DE FREITAS RIBEIRO,6xmq6
BECO LUIZ EDUARDO RODRIGUES,6xmq
BECO LUIZ ESTEVAM GOMES,6xmq
BECO LUIZ MURAT,6xmq3
BECO LUIZ OTÁVIO,6xmqf
BECO LUIZINHO SOUZA,6xmq
BECO LUZ E VIDA,6xmq3
BECO LYON,6xmq
BECO LÍBANO,6xmq
BECO LÍRIO DO VALE,6xmq3
BECO LÍTIO,6xmq3
BECO LíNQUEN,6xmq3
BECO MACAPA,6xmqe
BECO MACAPÁ,6xmqe
BECO MACAUVEIRA,6xmqf
BECO MACAÉ,6xmqf
BECO MACHADO DE OLIVEIRA,6xmq6
BECO MACUCO,6xmq3
BECO MACUNAIMA,6xmq
BECO MAFRA,6xmq6
BECO MAGALHAES,6xmq
BECO MAGALHÃES BARATA,6xmq
BECO MAIAS,6xmq
BECO MAJOR GABRIEL,6xmq
BECO MALIBÚ,6xmqe
BECO MALVARISCO,6xmq
BECO MALVINAS,6xmq
BECO MANACAPURU,6xmq
BECO MANANCIAL,6xmqf
BECO MANAUS,6xmq
BECO MANDARIM,6xmq3
BECO MANGARATIBA,6xmq3
BECO MANICORÉ,6xmq
BECO MANOEL ALVES BRANCO,6xmq3
BECO MANOEL NASCIMENTO,6xmq
BECO MANOEL NOVARIO,6xmq
BECO MANOEL QUERIDA,6xmq
BECO MANOEL URBANO,6xmq
BECO MANOEL VICTORINO,6xmq6
BECO MANTIQUEIRA,6xmq
BECO MANUEL F.THOMAS,6xmq6
BECO MAPUÁ,6xmq3
BECO MAR AMARELO,6xmq
BECO MAR DE FLORES,6xmq
BECO MAR DE QUINEROTE,6xmq
BECO MARABÁ,6xmqf
BECO MARAJOARA,6xmq 6xmqf
BECO MARAJÁ,6xm
BECO MARANATA,6xmq6
BECO MARANHÃO,6xmq
BECO MARANHÃO SOBRINHO,6xmq3
BECO MARAPI,6xmq3
BECO MARAPONGA,6xmqf
BECO MARAVILHA,6xmq3
BECO MARCEL CLAUDINO,6xm
BECO MARCOS,6xmq
BECO MARCOS FURTADO,6xmq6
BECO MARCOS GONÇALVES,6xmq
BECO MARECHAL DEODORO,6xmq
BECO MARIA  ANDRADE,6xmq
BECO MARIA DA PENHA,6xmq3
BECO MARIA DE LOURDES,6xmq
BECO MARIA DE MEDICI,6xmq3
BECO MARIA LENK,6xmq
BECO MARIA LORENTINA,6xmq
BECO MARIA MULLER,6xmq
BECO MARIA PENHA,6xmq
BECO MARIA VITÓRIA COELHO,6xmq
BECO MARILIA DE DIRCEU,6xmq3
BECO MARINO PINTO,6xmq
BECO MARINÓPOLIS,6xmq6
BECO MARIO DE ANDRADE,6xmq3
BECO MARIO PADERNEIRAS,6xmq3
BECO MARQUES DA SILVEIRA,6xmq
BECO MARQUESA DE ALORNA,6xmq3
BECO MARQUESA DE SANTOS,6xmq
BECO MARSELHA,6xmq
BECO MARTINHO LUTERO,6xmq
BECO MARTINS,6xmq6
BECO MARTINS PINA,6xmq3
BECO MARYLANDA,6xmq
BECO MASCARENHAS DE MORAES,6xmq
BECO MATAPI,6xmqf
BECO MATARO,6xmq
BECO MATHIAS CARNEIRO,6xmq
BECO MATUPIRIS,6xm
BECO MAUÁ,6xmq
BECO MAUÁ DA SERRA,6xmq6
BECO MAUÉS,6xmq
BECO MAZAGÃO,6xmqe
BECO MEATINGA,6xmq
BECO MEDONÇA,6xmq
BECO MELENDRE,6xmq
BECO MELHORAL,6xmq
BECO MESOPOTÂMIA,6xmqf
BECO MESSEJANA,6xmq
BECO MESSIAS,6xmq
BECO MESTRE CHICO III,6xmq
BECO MESTRE INACIO,6xmq3
BECO MESTRE PROVERÁ,6xmq3
BECO MICENAS,6xmq6
BECO MICO LEAO,6xmq3
BECO MIGUEL COUTO,6xmq
BECO MIGUEL PEREIRA,6xmq
BECO MIGUEL TORGA,6xmq6
BECO MILTON CARLOS,6xmq
BECO MIMOSA,6xmq3
BECO MINDÚ,6xmq6
BECO MINOTAURO,6xmq3
BECO MIQUÉIAS,6xmqf
BECO MIRASSELVAS,6xmq6
BECO MIRASSOL,6xmqe
BECO MIRATINGA,6xmq
BECO MIRTES TRIGUEIRO,6xmq
BECO MOGI MIRIM,6xmq
BECO MOLIÉRIE,6xm
BECO MONSENHOR PINTO,6xmq6
BECO MONTE ALEGRE,6xmq3
BECO MONTE CABURAI,6xmqg
BECO MONTE CARMELO,6xmq3
BECO MONTE EVEREST,6xmq6
BECO MONTEGRANARO,6xmq6
BECO MONTEIRO NETO,6xmq6
BECO MONTERREY,6xmq3
BECO MOREIRA,6xmq3
BECO MORRETES,6xmq6
BECO MORÉIA,6xmq6
BECO MOSSORÓ,6xmq6
BECO MUCUSUA,6xmq3
BECO MUIRAQUITAN,6xmqf
BECO MUNICIPAL,6xmq
BECO MURA,6xmq6
BECO MURERU,6xmq
BECO MURILO FELISBERTO,6xmq
BECO MUTUM,6xmq
BECO MUTUM ETÊ,6xmq
BECO MUÇAMBÉ,6xmq
BECO MUÇULMANOS,6xmq
BECO MÁRIO BRANDÃO,6xmq3
BECO MÁRIO EMILIADO,6xmq
BECO MÁRIO EMILIANO,6xmq6
BECO MÁXIMO PEREIRA,6xmq6
BECO NACIONAL,6xmq6
BECO NADABE,6xmq
BECO NARA LEÃO,6xmq3
BECO NATAL,6xmq
BECO NATHANIEL HAYWARD,6xmq
BECO NAUM,6xmq6
BECO NAZARÉ,6xmqf
BECO NAÚTICO,6xmq6
BECO NELSON CAVAQUINHO,6xmq
BECO NELSON DE FARIAS,6xmq3
BECO NELSON GUILLON,6xmqg
BECO NELSON PEREIRA,6xmq6
BECO NESPERA,6xmq
BECO NESTOR,6xmq6
BECO NESTOR PAZ,6xmq
BECO NESTOR RODRIGUES,6xmq6
BECO NETUNIO,6xmq3
BECO NEUZA FIGUEIRA,6xmq6
BECO NICODEMUS JOBIM,6xmq
BECO NICOLÉIA,6xmq
BECO NILO COUTINHO,6xmq6
BECO NILO PEÇANHA,6xmq3
BECO NILO SIMÕES,6xmq
BECO NILTON COSTA,6xmq
BECO NILÓPOLIS,6xmq
BECO NIPOA,6xmq6
BECO NIPORANGA,6xmq6
BECO NOBRES,6xmq
BECO NOEL ROSA,6xmq6
BECO NOEMIA DE CARVALHO,6xmq6
BECO NOGUEIRA,6xmq6
BECO NONATO,6xmq6
BECO NORMANDO,6xmq
BECO NORTON NASCIMENTO,6xmq6
BECO NOSSA SENHORA APARECIDA,6xmq
BECO NOSSA SENHORA DE FÁTIMA,6xmq3
BECO NOSSA SENHORA DO BOM PARTO,6xmq
BECO NOSSA SENHORA DO PERPETUO SOCORRO,6xmq
BECO NOSSA SENHORA MÃE DE DEUS,6xmq
BECO NOVA ALIANÇA,6xmq
BECO NOVA CANTÚ,6xmq
BECO NOVA CRUZ,6xmq
BECO NOVA ESPERANCA,6xmq6
BECO NOVA MUTUM,6xmq6
BECO NOVA ODESSA,6xmq6
BECO NOVA OLINDA,6xmq6
BECO NOVA PALMA,6xmq
BECO NOVA REPUBLICA,6xmq
BECO NOVA SOURE,6xmq3
BECO NOVA VENEZA,6xmq
BECO NOVA VIDA,6xmq
BECO NOVA VITÓRIA,6xmq
BECO NOVO AIRÃO,6xmqe
BECO NOVO MUNDO,6xmq6
BECO NOVO PARAÍSO,6xmq3
BECO NUMIA,6xmq
BECO NUNES,6xmq
BECO NUNO CARDOSO,6xmq6
BECO NUREMBERG,6xmq
BECO NUTA PECHER,6xmq
BECO NÉLIO REIS,6xmq3
BECO OCIDENTAL,6xmq
BECO OFIR ALMEIDA,6xmq6
BECO OIAPI,6xmqf
BECO OIAPOQUE,6xmq6
BECO OLAVO BILAC,6xmq
BECO OLIVEIRA,6xmq
BECO OLIVEIRA LIMA,6xmq
BECO OLSEN ARAÚJO,6xmq6
BECO OLÍMPIA,6xmq6
BECO OMAHA,6xmqg
BECO OMEGA,6xmq6
BECO OPERÁRIA,6xmq6
BECO ORIENTAL,6xmq3
BECO ORINOCO,6xmq3
BECO ORION,6xmq6
BECO ORIXIMINA,6xmqf
BECO ORIZÔNIA,6xmq
BECO ORLANDO SILVA,6xmq
BECO OSASCO,6xmq6
BECO OSCAR BOREL,6xmq3
BECO OSCAR LOPEZ,6xmq3
BECO OSCARITO,6xmq6
BECO OSWALDO ARANHA,6xmq
BECO OSÍRIS,6xmqf
BECO OSÓRIO DUQUE ESTRADA,6xmq3
BECO OTTO BISMARK,6xmq6
BECO OTÁVIO CABRAL,6xmq6
BECO OTÍLIO FARIAS,6xmq
BECO PABLO CASAIS,6xmq
BECO PACAEMBU,6xmq6
BECO PACOBAIBA,6xmq3
BECO PADRE CLEMENTE,6xmq
BECO PADRE FRANCISCO,6xmq3
BECO PADRE JOSÉ IVO,6xmq
BECO PADRE MACAMBOA,6xmqf
BECO PADRE RAIMUNDO,6xmq6
BECO PADRE SEVERO,6xmq3
BECO PADRE SILVA,6xmq6
BECO PADRE ÂNGELO FELICI,6xmq6
BECO PAGIEL,6xmqg
BECO PAINEIRA,6xmqg
BECO PAISSANDÚ,6xmq6
BECO PALESTINA,6xmqg
BECO PALHETA,6xmq3
BECO PALMEIRA DE LEQUE,6xmq
BECO PALMEIRAS,6xmq
BECO PALMEIRINHA,6xmq6
BECO PAMPLONA,6xmq
BECO PANEMA,6xmq
BECO PANTALEÃO,6xmq
BECO PANTANAL,6xmq6
BECO PAO DA VIDA,6xmqf
BECO PAPAGAIO BAIANO,6xmqf
BECO PAPAYA,6xmq
BECO PAPOULA,6xmq
BECO PAPUCAIA,6xmq
BECO PAPÉ,6xmq
BECO PAQUETÁ,6xmq6
BECO PARACANÃ,6xmq
BECO PARACATU,6xmq6
BECO PARADA ANGÉLICA,6xmq
BECO PARAGUAÇU,6xmq
BECO PARAGUAÇU PAULISTA,6xmq
BECO PARAIBA,6xmq6
BECO PARAIBUNA,6xmq
BECO PARAIN,6xmq
BECO PARAMIRIM,6xmq
BECO PARANÁ IPIXUNA,6xmq
BECO PARAOPEBA,6xmq3
BECO PARATI,6xmq
BECO PARAURY,6xmq
BECO PARAÍSO,6xmq
BECO PARAÍSO VERDE,6xmq
BECO PARESI,6xmqf
BECO PARIBAROBA,6xmq
BECO PARINTINS,6xmq6
BECO PARNAIBA,6xmq
BECO PARÁ,6xmq
BECO PASTER,6xmq
BECO PATAGUÁ,6xmq
BECO PATATIVA,6xmqe
BECO PATAUA,6xmqe
BECO PATU,6xmq
BECO PATURINHA,6xmq3
BECO PAU FERRO,6xmq
BECO PAULINO DE MELO,6xmq 6xmq6
BECO PAULINO GOMES,6xmq6
BECO PAULISTA,6xmq3
BECO PAULISTANO,6xmq3
BECO PAULO AFONSO,6xmq
BECO PAULO AUTRAN,6xmq6
BECO PAULO DE FRONTIN,6xmq3
BECO PAULO SARMENTO,6xmq
BECO PAULO SÉRGIO,6xmq6
BECO PAULO VI,6xmq6
BECO PAUMARI,6xmqf
BECO PAXIUBARANA,6xmq
BECO PAZ,6xmq
BECO PAZUELLO,6xmq
BECO PE. CALERI,6xmq3
BECO PEDRA VIVA,6xmq
BECO PEDRO DE LARA,6xmq 6xmq6
BECO PEDRO DIAS LEME,6xmq6
BECO PEDRO TEIXEIRA,6xmq3
BECO PEGASO,6xmq3
BECO PEIXE AGULHA,6xmq
BECO PEIXE SERRA,6xmq
BECO PEIXES,6xmq
BECO PELICANO,6xmq3
BECO PENAFORTE,6xmq
BECO PENSADOR,6xmq6
BECO PERCIDES,6xmq3
BECO PERDIZ,6xmq
BECO PERNAMBUCO,6xmq
BECO PERO CAMINHA,6xmq3
BECO PERO DE ATAÍDE,6xmq3
BECO PERO LOPES,6xmq3
BECO PERO TOURINHO,6xmq3
BECO PERSEU,6xmq3
BECO PERÍCLES,6xmq
BECO PEÇANHA,6xmq
BECO PICO DAS ÁGUAS,6xmq3 6xmq6
BECO PIEDADE,6xmq
BECO PILAR,6xmq3
BECO PILMONTE,6xmq6
BECO PINA DE MORAES,6xmq3
BECO PINGO D'ÁGUA,6xmq
BECO PINGUIM,6xmq3
BECO PINHALZINHO,6xmq
BECO PINHEIRO MANSO,6xmq3
BECO PINHÃO PARAGUAIO,6xmq
BECO PIRIA,6xmq3
BECO PITANGUEIRAS,6xmq6
BECO PITOMBA,6xmqf
BECO PLACA LUNAR,6xmq
BECO PLANALTO,6xmq6
BECO PLATAO,6xmq3
BECO PLÁCIDO NUNES,6xmq
BECO PLÍNIO COELHO,6xmq3
BECO PLÍNIO MARCOS,6xmq3
BECO POCINHOS,6xmq
BECO POLONESES,6xmq
BECO POLYANA,6xmqg
BECO POMPÉIA,6xmq6
BECO PONTA DA FRUTA,6xmq
BECO PONTAL,6xmq
BECO PORANGA,6xmq
BECO PORANTINS,6xmq3
BECO POROROCA,6xmq
BECO PORTO FELIZ,6xmq
BECO PORTUGAL,6xmq6
BECO POSEIDON,6xmq
BECO POTIGUAR,6xmqf
BECO POTIRETAMA,6xmqe
BECO POÇOS DE CALDAS,6xmq
BECO PRECIOSA,6xmq
BECO PRESEPE,6xmq3
BECO PRESIDENTE DUTRA,6xmq
BECO PRESIDENTE EMÍLIO MÉDICI,6xmq
BECO PRESIDENTE KENNEDY,6xmq6
BECO PRIMAVERA,6xmq 6xmq6
BECO PRIMO SABA,6xmq
BECO PRINCESA,6xmq
BECO PROCION,6xmq3
BECO PROCÓPIO FERREIRA,6xmq
BECO PROFESSOR  ALFREDO FERNANDES,6xmq
BECO PROFESSOR  ANTONIO M. DE SOUZA,6xmqf
BECO PROFESSOR CARLOS MESQUITA,6xmq
BECO PROFESSORA ADELAIDE BRAGA,6xmq
BECO PROFESSORA CLOTILDE PINHEIRO,6xmq
BECO PROFESSORA DORVALINA GRANGEIRO,6xmq
BECO PROFESSORA EMILIA GRANA,6xmq
BECO PROFESSORA JUCIMAR BARBOSA,6xmq3
BECO PROFESSORA JÚLIA REGO,6xmq
BECO PROFª. RAIMUNDA BRASIL,6xmq3
BECO PROSPERIDADE,6xmqf
BECO PUPUNHA,6xmq3 6xmq6
BECO PUPUNHEIRA,6xmq
BECO PUPUNÃ,6xmq6
BECO PUXINARA,6xmq
BECO PUXIRUM,6xmq6
BECO PÁSSARO CETIM,6xmq3
BECO QUARESMEIRA,6xmqg
BECO QUARTZO,6xmq
BECO QUATI,6xmq3
BECO QUEFREN,6xmqg
BECO QUERCIA,6xmq
BECO QUERENAS,6xmq6
BECO QUERO-QUERO,6xmq3
BECO QUILOMBO,6xmq6
BECO QUIXERÊ,6xmqe
BECO RABI,6xmqf
BECO RAIMUNDA MONTEIRO,6xmq6
BECO RAIMUNDO ENCARNAÇÃO,6xmq
BECO RAIMUNDO LIMA,6xmq
BECO RAIMUNDO PARAGUAÇU,6xmq
BECO RAIMUNDO ROCHA,6xmq6
BECO RAIMUNDO RODRIGUES BANDEIRA,6xmq
BECO RAIO DE LUZ,6xmq
BECO RAIOS DE SOL,6xmq
BECO RAISSA,6xmqf
BECO RAMOS FERREIRA,6xmq
BECO RAUL SAMPAIO,6xmq
BECO RAVENA,6xmq
BECO RAY MONTEIRO,6xmq
BECO REAL,6xmq
BECO REALEZA,6xmq
BECO REBELO DA SILVA,6xmq3
BECO REDENÇÃO,6xmq6
BECO REGINA,6xmq
BECO REMANSO,6xmq3
BECO REMO,6xmq6
BECO RENDA PORTUGUESA,6xmq
BECO REPÚBLICA,6xmq
BECO RIACHO DA CRUZ,6xmq3
BECO RIACHO DOCE,6xmqg
BECO RIBEIRO,6xmq6
BECO RICARDO DAVID,6xmq
BECO RIFAINA,6xmq3
BECO RIO ABUNÃ,6xmq6
BECO RIO AJARANI,6xmq
BECO RIO ALALAU,6xmq
BECO RIO AMAZONAS,6xmq6
BECO RIO ANDIRÁS,6xmq6
BECO RIO ARAUANA,6xmqe
BECO RIO BADAJÓS,6xmq6
BECO RIO BANANAL,6xmq3
BECO RIO BOIA,6xmq
BECO RIO BRANCO,6xmq
BECO RIO CAJUBIM,6xmqe
BECO RIO CAJUBM,6xmqe
BECO RIO CAMACÃ,6xmqe
BECO RIO DE JANEIRO,6xmq6
BECO RIO DOS MARMELOS,6xmqe
BECO RIO ENDIMARI,6xmqe
BECO RIO GUAIBA,6xmqe
BECO RIO IPIRANGA,6xmq
BECO RIO IVAÍ,6xmqe
BECO RIO JARI,6xmqe
BECO RIO JORDÃO,6xmq6
BECO RIO JUTAI,6xmq6
BECO RIO LAMBARI,6xmq6
BECO RIO MACOARA,6xmqe
BECO RIO MADEIRA,6xmq6
BECO RIO MAR,6xmq
BECO RIO MARAUJÁ,6xmqe
BECO RIO MARIÊ,6xmqe
BECO RIO MINAUA,6xmqe
BECO RIO NEGRO,6xmq
BECO RIO NHAMUNDA,6xmq6
BECO RIO NILO,6xmq6
BECO RIO PITINGA,6xmq
BECO RIO PRETO,6xmq6
BECO RIO SANTANA,6xmq6
BECO RIO TRAIRA,6xmqe
BECO RIO TROMBETAS,6xmq6
BECO RIO UATUMÃ,6xmq6
BECO RIO URARIA,6xmq6
BECO RITA FURTADO,6xmq6
BECO ROBERTO ROSSELINI,6xmq
BECO RODOLFO GRIMM,6xmq
BECO RODOVIÁRIO,6xmq6
BECO RODRIGO OTÁVIO,6xmq
BECO ROELISON,6xmq
BECO ROMAZEIRA,6xmq
BECO ROMEU DE AVELAR,6xmq3
BECO ROMÃO CHAVES,6xmq6
BECO RONDÔNIA,6xmq
BECO ROQUETTE PINTO,6xmq
BECO ROSA,6xmq
BECO ROSA AZUL,6xmq6
BECO ROSA DE MAIO,6xmq
BECO ROSA PASSES,6xmq
BECO ROSARIO,6xmq6
BECO ROSARIO DO SUL,6xmq
BECO ROSÁRIO DO SUL,6xmq
BECO ROUXINOL,6xmq
BECO RUBEM BRAGA,6xmq3
BECO RUBI,6xmq
BECO RUTÊNIO,6xmq3
BECO RUY GAMA E SILVA,6xmq
BECO RYAN GRACE,6xmq6
BECO RÊNIO,6xmq3
BECO RÓDIO,6xmq3
BECO SABIÁ,6xmq
BECO SABIÁ COLEIRA,6xmq
BECO SABUGUEIRO,6xmq6
BECO SABÁ,6xmq
BECO SADY CABRAL,6xmq
BECO SAFIRA,6xmq
BECO SAGUI,6xmq3
BECO SALEM,6xmqg
BECO SALGUEIRO,6xmq6
BECO SALOMÃO,6xmq
BECO SALUSTIANO,6xmq
BECO SALVADOR,6xmq
BECO SALÉM,6xmqg
BECO SAMAMBAIAÇU,6xmq
BECO SAMARITANO,6xmq
BECO SAMAÚMA,6xmqg
BECO SAMUEL,6xmq
BECO SAN DIEGO,6xmq6
BECO SAN MARINO,6xmq6
BECO SANHARÃO,6xmq6
BECO SANTA  FÉ,6xmq
BECO SANTA ANA,6xmq3
BECO SANTA APOLÔNIA,6xmq6
BECO SANTA BEATRIZ,6xmq
BECO SANTA BÁRBARA,6xmq
BECO SANTA CLOTILDE,6xmq
BECO SANTA CLÁUDIA,6xmq6
BECO SANTA CRUZ,6xmq3
BECO SANTA DOROTÉIA,6xmq6
BECO SANTA EULÁLIA,6xmqf
BECO SANTA FLORA,6xmq6
BECO SANTA GERTRUDES,6xmq6
BECO SANTA HELENA,6xmq3
BECO SANTA INÊS,6xmqe
BECO SANTA IZABEL,6xmq
BECO SANTA LUZIA,6xmq 6xmq6
BECO SANTA MARGARIDA,6xmqe
BECO SANTA MARIA DA VITÓRIA,6xmq3
BECO SANTA MIRTES,6xmqf
BECO SANTA MÔNICA,6xmq6
BECO SANTA QUITÉRIA,6xmq6
BECO SANTA RITA,6xmq
BECO SANTA RITA DURÃO,6xmq6
BECO SANTA ROSA,6xmqe
BECO SANTA TEREZA,6xmq6
BECO SANTA TEREZINHA,6xmq
BECO SANTANA,6xmq
BECO SANTAS DONINA,6xmq6
BECO SANTIAGO,6xmqf
BECO SANTO AFONSO,6xmq3
BECO SANTO AGOSTINHO,6xmq
BECO SANTO ALBERTO,6xmq3
BECO SANTO ALEXANDRE,6xmq
BECO SANTO AMARO,6xmq3
BECO SANTO ANDRE,6xmq3
BECO SANTO ANDRÉ,6xmq3
BECO SANTO ANTONIO,6xmq
BECO SANTO EXPEDITO,6xmq
BECO SANTO EZEQUIEL,6xmq3
BECO SANTO HONORATO,6xmq3
BECO SANTO INÁCIO DE LOIÓLA,6xmq3
BECO SANTO ISIDORO,6xmq3
BECO SANTO IVO,6xmq3
BECO SANTO ONOFRE,6xmq3
BECO SAO APARICIO,6xmq
BECO SAO SEBASTIAO,6xmq
BECO SAPOPÉ,6xmq
BECO SAQUIS,6xmqf
BECO SARA BARRETO,6xmq6
BECO SARACURA,6xmq3
BECO SARAGOÇA,6xmq
BECO SARAPO,6xmq3
BECO SARAPUÍ,6xmq6
BECO SARDIO,6xmqe
BECO SARGENTO  MANOEL  CHAGAS,6xmq6
BECO SAROM,6xmq
BECO SATURNINO,6xmq
BECO SEBASTIÃO CAMARGO,6xmq
BECO SEM DENOMINAÇÃO,6xmq 6xmqf
BECO SEMENTINHA,6xmq
BECO SEN. JOSE ESTEVAO,6xmq3
BECO SEN. RAIMUNDO PARENTE,6xmq6
BECO SENADOR ARTHUR VIRGÍLIO,6xmq
BECO SENADOR FÁBIO LUCENA,6xmq6
BECO SENADOR JOSÉ ESTEVÃO,6xmq3
BECO SENADOR LEITÃO DA CUNHA,6xmq6
BECO SERIEMA,6xmq3
BECO SERPENTIBA,6xmqe
BECO SERPÃO,6xmq
BECO SERRA DA CANASTRA,6xmqe
BECO SERRA DO ARAI,6xmqe
BECO SERRA DOURADA,6xmq
BECO SERRAS DO NORTE,6xmq
BECO SERRO,6xmq6
BECO SERTANEA,6xmq6
BECO SERTANEIA,6xmq6
BECO SERTÃO,6xmq6
BECO SERVIO TULIO,6xmq3
BECO SETA,6xmq3
BECO SEUCIR,6xmq
BECO SEVERIANO NUNES,6xmq6
BECO SEVERINO MELO,6xmq
BECO SEVERINO VIEIRA,6xmq6
BECO SIAPO,6xmq3
BECO SIENITO,6xmq
BECO SILVA GUIMARÃES,6xmq3
BECO SILVA RAMOS,6xmq6
BECO SILVANITA,6xmq
BECO SILVEIRAS,6xmq6
BECO SILVES,6xmq
BECO SILVINO SANTOS,6xmq
BECO SILVIO ROMERO,6xmq3
BECO SIMEÃO,6xmq
BECO SIMONE DE BEAUVOIR,6xmq
BECO SIMÃO PEDRO,6xmq3
BECO SIMÕES,6xmq
BECO SINDICALISTA,6xmq
BECO SINFONIAS,6xmq6
BECO SINVAL DE MOURA,6xmq6
BECO SOARES,6xmq
BECO SOBRADINHO,6xmq
BECO SOBREIRO,6xmq3
BECO SOBRIEDADE,6xmq
BECO SOBRINHO MARANHÃO,6xmq6
BECO SOFIA,6xmq6
BECO SOL,6xmq6
BECO SOL NASCENTE,6xmq
BECO SOL POENTE,6xmq
BECO SOLIDASTER,6xmq6
BECO SOLIMÕES,6xmq
BECO SOLON DE LUCENA,6xmq3 6xmq6
BECO SORIMÃO,6xm
BECO SORVA,6xmqf
BECO SOSSEGO,6xmq
BECO SOUZA CALDAS,6xmq3
BECO SOUZA LIMA,6xmq
BECO SUCUPIRA,6xmqf
BECO SUDÃO,6xmqg
BECO SUMARI,6xmq
BECO SURIANA,6xmq6
BECO SUYÍA,6xmqf
BECO SÁ PEIXOTO,6xmq
BECO SÁBIO,6xmq6
BECO SÁTIRO DIAS,6xmq6
BECO SÃO BARTOLOMEU,6xmq
BECO SÃO BENTO,6xmq
BECO SÃO BERNARDO,6xmq6
BECO SÃO BRAZ,6xmq6
BECO SÃO CARLOS,6xmq
BECO SÃO CIPRIANO,6xmq6
BECO SÃO CLEMENTE,6xmq6
BECO SÃO CONSTANTINO,6xmq6
BECO SÃO COSME E DAMIÃO,6xmq
BECO SÃO CRISTOVÃO,6xmq
BECO SÃO DAVI,6xmq
BECO SÃO DOMINGOS,6xmq
BECO SÃO FERNANDO,6xmq
BECO SÃO FIDÉLIS,6xmqe
BECO SÃO FLORÊNCIO,6xmq6
BECO SÃO FRANCISCO,6xmq 6xmqf
BECO SÃO FRANCISCO DE ASSIS,6xmq
BECO SÃO GERALDO,6xmq3
BECO SÃO GONZAGA,6xmq
BECO SÃO HERMES,6xmq
BECO SÃO IVO,6xmq6
BECO SÃO JERONIMO,6xmq6
BECO SÃO JOAQUIM,6xmq
BECO SÃO JORDÃO,6xmq
BECO SÃO JORGE,6xmq
BECO SÃO JOSAFÁ,6xmq
BECO SÃO JOSÉ OPERÁRIO,6xmq
BECO SÃO JOÃO,6xmq
BECO SÃO JOÃO EVANGELISTA,6xmq
BECO SÃO JUDAS TADEU,6xmqf
BECO SÃO JULIANO,6xmq
BECO SÃO JUSTINO,6xmq
BECO SÃO LOURENÇO,6xmq
BECO SÃO LUCAS,6xmq
BECO SÃO LUIS DE GONZAGA,6xmq
BECO SÃO MARÇAL,6xmq3
BECO SÃO MIGUEL,6xmq
BECO SÃO PAULO,6xmq3
BECO SÃO PAULO DE OLIVENÇA,6xmq6
BECO SÃO PEDRO,6xmq
BECO SÃO RAIMUNDO,6xmq
BECO SÃO RICARDO,6xmq 6xmq3
BECO SÃO SALVADOR,6xmq
BECO SÃO SAMATAS,6xmqe
BECO SÃO SEBASTIÃO,6xmq
BECO SÃO SEVERINO,6xmq
BECO SÃO VAVENTIM,6xmq
BECO SÃO VICENTE,6xmq
BECO SÉRGIO BITTENCOURT,6xmq
BECO SÉRGIO MURILO,6xmq6
BECO SÓCRATES,6xmq3
BECO TABOCA,6xmq3
BECO TADORNA,6xmq3
BECO TALES,6xmq
BECO TAMARINDO,6xmq
BECO TAMBAU,6xmq3
BECO TAMOIO,6xmq
BECO TANCREDO NEVES,6xmq
BECO TANHEIRO,6xmqf
BECO TAPAJÓS,6xmq
BECO TAPERCA,6xmq3
BECO TAPEREBÁ,6xmqf
BECO TAPIRA,6xmq
BECO TARCILO RÊGO,6xmq6
BECO TARIANO,6xmq6
BECO TARUMA  AÇÚ,6xmq
BECO TARUMÃ,6xmq
BECO TAURA,6xmq
BECO TAÇA,6xmq3
BECO TEFÉ,6xmq6
BECO TEIXEIRÃO,6xmq3
BECO TENENTE ANANIAS,6xmq
BECO TENTILHÃO,6xmq3
BECO TERCEU,6xm
BECO TERESÓPOLIS,6xmq
BECO TESEU,6xmq6
BECO TEÓFILO OTONI,6xmqf
BECO THAUMATURGO VAZ,6xmq
BECO THOMAS EDSON,6xmq
BECO THOMAS MEIRELLES,6xmq6
BECO TIBAU,6xmq3
BECO TIBAU DO SUL,6xmq3
BECO TICUNA,6xmq3
BECO TIE BICUDO,6xmq3
BECO TIETINGA,6xmq6
BECO TIMBÓ AÇÚ,6xmqg
BECO TIQUIÊ,6xmq3
BECO TIRIBA,6xmqf
BECO TITÂNIO,6xmq3
BECO TIWA,6xmq3
BECO TIÊ,6xmq
BECO TIÊ BICUDO,6xmq3
BECO TIÊ BRANCO,6xmq3
BECO TIÊ DA MATA,6xmq6
BECO TIÊ SANGUE,6xmqg
BECO TOBIAS BARBOSA,6xmq
BECO TOBIAS BARRETO,6xmq3
BECO TODOS OS SANTOS,6xmq
BECO TOMAZ DE AQUINO,6xmq
BECO TOMÁS ALVA,6xmq6
BECO TONY CAMPELO,6xmq
BECO TORONTO,6xmq
BECO TREZE QUEDAS,6xmq3
BECO TRINCA FERRO,6xmqf
BECO TRINDADE COELHO,6xmq3
BECO TRIUNFO,6xmq6
BECO TRUTA,6xmq3
BECO TRÊS DE MAIO,6xmq
BECO TRÊS MARIAS,6xmq
BECO TRÊS RIOS,6xmq6
BECO TUCANAÇU,6xmq6
BECO TUCANDIRA,6xmqf
BECO TUCANO,6xmq
BECO TUCUMAI,6xmq3
BECO TUCUMÃ,6xmq
BECO TUCUNARÉ,6xmq
BECO TUCURUI,6xmq3
BECO TUCUXI,6xmq
BECO TULIPEIRA,6xmq
BECO TUNA,6xmq6
BECO TUNGSTÊNIO,6xmqe
BECO TUPANA,6xmqf
BECO TUPINAMBÁS,6xmq3
BECO TUPIUÁ,6xmq
BECO TUPÃ,6xmqf
BECO TÁLIO,6xmq3
BECO TÂMISA,6xmq6
BECO UACARI,6xmq3
BECO UIRAMUTÃ,6xmq
BECO UIRAQUITÃ,6xmqf
BECO ULMEIRO,6xmq3
BECO UMARI,6xmqe
BECO UNICÓRNIO,6xmq3
BECO UNILLA,6xmq3
BECO UNIVERSAL,6xmq
BECO UNIÃO,6xmq
BECO UPANEMA,6xmq3
BECO URQUIZA,6xmq3
BECO URSA MENOR,6xmq3
BECO URSULINO ARRUDA,6xmq
BECO URUCUM,6xmq
BECO URUPÁ,6xmq
BECO URUPÊS,6xmqe
BECO UXIR,6xmqf
BECO VALE DA BENÇÃO,6xmq3
BECO VALE DA FELICIDADE,6xmq
BECO VALE DO ARÃO,6xmq
BECO VALENÇA,6xmqe
BECO VALESKA FACUNDES,6xmq3
BECO VALPARÍSO,6xmq
BECO VALÊNCIA,6xmq
BECO VANANDITA,6xmqe
BECO VANCOUVER,6xmq
BECO VANDIÊ,6xmq
BECO VASCO DA GAMA,6xmq6
BECO VASCO DE ATAÍDE,6xmq
BECO VASCO FERNANDES,6xmq3
BECO VEGA,6xmq3
BECO VENTURA,6xmq
BECO VENÂNCIO FLORES,6xmq3
BECO VERAO,6xmq
BECO VEREDA,6xmq
BECO VERONA,6xmq6
BECO VERÃO,6xmq
BECO VICENTE CELESTINO,6xmq
BECO VICENTE DE MORAES,6xmq
BECO VICENTE TELES,6xmq
BECO VICTOR CIVITA,6xmq
BECO VIDEIRA,6xmqg
BECO VILA AMAZONAS,6xmq6
BECO VILAGE,6xmq
BECO VILLA  LOBOS,6xmq
BECO VILLENA,6xmq
BECO VINCA,6xmq
BECO VIOLETA AREOSA,6xmq
BECO VIRASORO,6xmq3
BECO VIRGILIO RAMOS,6xmq
BECO VIRGINIA PESSOA,6xmq
BECO VIRGÍLIO BARROS,6xmq6
BECO VIRGÍLIO VARGAS,6xmq
BECO VIRIATO CORREA,6xmq
BECO VISCONDE,6xmq6
BECO VISCONDE DE INHAUMA,6xmq
BECO VISCONDE DE PORTO ALEGRE,6xmq
BECO VISCONDE DE SINIMBÚ,6xmq
BECO VISEU,6xmq
BECO VISTA ALEGRE,6xmq
BECO VITORIOSA,6xmq
BECO VITÓRIA,6xmq
BECO VITÓRIA DA CONQUISTA,6xmq3
BECO VIZEU,6xmq
BECO VIÇOSA,6xmq
BECO VOLFRÂNIO,6xmq3
BECO VÊNUS,6xmq3
BECO WAGNER,6xmq
BECO WALDIR AZEVEDO,6xmq
BECO WALDIR NETO,6xmq6
BECO WALTER CANNON,6xmq
BECO WALTER JOBIM,6xmqe
BECO WALTER RAYOL,6xmq3
BECO WILKENS DE MATOS,6xmq
BECO XAVIER,6xmq6
BECO Y,6xmq3
BECO YARAPÉ,6xmq
BECO YOLANDA D´URSO,6xmq
BECO YURIMÁGUA,6xmq6
BECO ZACARIAS,6xmq
BECO ZEFERINO BRASIL,6xmq
BECO ZENON,6xmq3
BECO ZEUS,6xmq
BECO ZILÁ,6xmq6
BECO ZIMBRO,6xmq6
BECO ZOIZITA,6xmqe
BECO ZONATUS,6xmq
BECO ZULEIDE,6xmq6
BECO ZUMBI DOS PALMARES,6xmq
BECO ZURIQUE,6xmq
BECO ZÂMBIA,6xmq3
BECO ZÉLIA RAMOS,6xmq
BECO ÁLAMO,6xmq3
BECO ÁLVARO BRAGA,6xmq6
BECO ÁLVARO LEITE,6xmq6
BECO ÁLVARO MAIA,6xmq
BECO ÁLVARO PEREZ FILHO,6xmq3
BECO ÁSIA,6xmq
BECO ÉDIPO,6xmqg
BECO ÉRBIO,6xmq3
BECO ÊXODO,6xmq6
BECO ÍTRIO,6xmq3
BECO ÓBIDOS,6xmq6
BECO ÔNIX,6xmq
BOULEVARD A,6xmq
BOULEVARD B,6xmq
ESTRADA ACESSO A FABRICA DE CIMENTO,6xmq
ESTRADA ANA ROSA,6xm
PASSAGEM 1,6xmq
PASSAGEM 2,6xmq
PASSAGEM 3,6xmq
PASSAGEM 4,6xmq
PASSAGEM 5,6xmq
PASSAGEM 6,6xmq
PASSAGEM A,6xmq
PASSAGEM B,6xmq
PASSAGEM DE PEDESTRE,6xmq 6xmq3 6xmq6 6xmqg
PASSAGEM DE PEDESTRES,6xmq
PASSAGEM II,6xmq
PASSAGEM PEDESTRE,6xmq 6xmqf
PASSAGEM PONTE DE MADEIRA,6xmq
PASSAGEM SEM DENOMINAÇÃO,6xmq 6xmq6
PRAÇA OSWALDO CRUZ,6xmq
RAMAL CENTO E QUARENTA E DOIS,6xmq
RAMAL DO GAÚCHO,6xmq
RAMAL DOS MILAGRES,6xmq
RAMAL LOPES PRIMO,6xm
RAMAL MIRI MIRI,6xmq
RAMAL RIO ACARÁ,6xm
RODOVIA BR 174,6x 6xm
RODOVIA PADRE FLÁVIO,6xmq
RODOVIA PANDORA,6xmq3
ROTATÓRIA BOLA DAS LETRAS,6xmq3
ROTATÓRIA MANOEL FRANCISCO GARCIA MARQUES,6xmq6
RUA 1,6xm 6xmq 6xmq3
RUA 10,6xmq 6xmq3
RUA 10 DE DEZEMBRO,6xmq
RUA 10 DE JULHO,6xmq
RUA 11,6xmq 6xmq3
RUA 11 DE AGOSTO,6xmq
RUA 11 DE JANEIRO,6xmqg
RUA 11 DE SETEMBRO,6xmq
RUA 12,6xmq 6xmq3
RUA 12 DE JUNHO,6xmq6
RUA 13,6xm 6xmq 6xmq3
RUA 13 DE FEVEREIRO,6xmq
RUA 13 DE MAIO,6xmq
RUA 13 DE OUTUBRO,6xmq
RUA 14,6xm 6xmq 6xmq3
RUA 14 DE ABRIL,6xmq
RUA 14 DE JULHO,6xmq
RUA 15,6xmq 6xmq3
RUA 15 DE AGOSTO,6xm
RUA 15 DE MARÇO,6xmq
RUA 15 DE NOVEMBRO,6xmq
RUA 16,6xmq 6xmq3
RUA 16 DE JULHO,6xmq
RUA 16 DE OUTUBRO,6xmq
RUA 17,6xm 6xmq 6xmq3
RUA 17 DE MARÇO,6xm
RUA 18,6xmq 6xmq3
RUA 19,6xmq 6xmq3
RUA 19 DE JANEIRO,6xmq
RUA 19 DE JULHO,6xmq
RUA 1º DE JULHO,6xmq6
RUA 1º DE MAIO,6xmq
RUA 1º DE SETEMBRO,6xmq6
RUA 2,6xm 6xmq 6xmq3
RUA 2 DE AGOSTO,6xmq6
RUA 2 DE MAIO,6xmq
RUA 2 DE OUTUBRO,6xmq
RUA 20,6xmq
RUA 20 DE SETEMBRO,6xmqf
RUA 21,6xmq
RUA 21 DE ABRIL,6xmq
RUA 21 DE AGOSTO,6xmq3
RUA 22,6xm 6xmq
RUA 22 DE MAIO,6xm
RUA 22 DE MARÇO,6xmq
RUA 23,6xmq 6xmq3
RUA 23 DE JUNHO,6xmq
RUA 24,6xmq 6xmq3
RUA 24 DE MAIO,6xmq
RUA 24 DE OUTUBRO,6xmq
RUA 25,6xmq 6xmq3
RUA 25 A,6xmq
RUA 25 DE DEZEMBRO,6xmq
RUA 26,6xmq 6xmq3
RUA 27,6xmq 6xmq3
RUA 27 DE DEZEMBRO,6xmq
RUA 27 DE OUTUBRO,6xmq
RUA 27 DE SETEMBRO,6xmqg
RUA 28,6xmq3
RUA 28 DE AGOSTO,6xmq
RUA 28 DE JUNHO,6xm
RUA 29,6xmq3
RUA 29 DE DEZEMBRO,6xmqf
RUA 29 DE JULHO,6xmq
RUA 29 DE MARÇO,6xm
RUA 3,6xm 6xmq 6xmq3
RUA 3 DE JULHO,6xmq
RUA 3 DE SETEMBRO,6xmq
RUA 30,6xmq3
RUA 30 DE ABRIL,6xmqg
RUA 31,6xmq3
RUA 31 DE JULHO,6xmq
RUA 31 DE MARÇO,6xmq
RUA 32,6xmq3
RUA 33,6xmq3
RUA 34,6xmq3
RUA 35,6xmq3
RUA 36,6xmq3
RUA 37,6xmq3
RUA 38,6xmq3
RUA 38 (LOTM. JD. TARUMANZINHO),6xm
RUA 4,6xmq 6xmq3
RUA 4 DE ABRIL,6xmqf
RUA 4 DE JULHO,6xm
RUA 5,6xmq 6xmq3
RUA 5 DE FEVEREIRO,6xmq
RUA 5 DE JANEIRO,6xmqf
RUA 5 DE JUNHO,6xmq3
RUA 5 DE SETEMBRO,6xmq
RUA 6,6xm 6xmq 6xmq3
RUA 6 DE OUTUBRO,6xmq
RUA 7,6xm 6xmq 6xmq3
RUA 7 DE MARCO,6xmq3
RUA 7 DE MARÇO,6xmq3
RUA 7 DE SETEMBRO,6xmq
RUA 8,6xm 6xmq 6xmq3
RUA 8 DE AGOSTO,6xmq
RUA 8 DE DEZEMBRO,6xm
RUA 9,6xmq 6xmq3
RUA 9 DE DEZEMBRO,6xmq
RUA A 2,6xmq
RUA A1,6xmq
RUA ABACATE,6xmqf
RUA ABAETETUBA,6xmqe
RUA ABAIARA,6xmq
RUA ABALONE,6xmq
RUA ABARÉ,6xmqf
RUA ABATÃ,6xmq
RUA ABDIAS,6xmqf
RUA ABDIAS TELES DA SILVA,6xmq 6xmq6
RUA ABDON AZARO,6xmq 6xmq6
RUA ABDON GONÇALVES,6xmq
RUA ABDON MADE,6xmq6
RUA ABDON MUSSA,6xmq3
RUA ABDON QUEIROZ,6xmq6
RUA ABDUL AZIZ,6xm
RUA ABEL,6xmqg
RUA ABEL BOTELHO,6xmq
RUA ABEL SALAZAR,6xmq
RUA ABELARDO BARBOSA,6xmq6
RUA ABELARDO CARNEIRO,6xmq
RUA ABGUAR BASTOS,6xmqe
RUA ABIDJAN,6xmqg
RUA ABIGAIL,6xm
RUA ABILIO MACHADO,6xmq
RUA ABIRITÉ,6xmq
RUA ABIU AÇÚ,6xmq
RUA ABOBREIRA,6xmq
RUA ABONARI,6xmq
RUA ABRAHIM SALES,6xmq
RUA ABRAÃO,6xmqf
RUA ABRAÃO CARDOSO,6xmq3
RUA ABRAÃO DE ARAÚJO,6xmq3
RUA ABRAÃO RAMIRO BENTES,6xmq
RUA ABRE CAMPOS,6xmq
RUA ABREU,6xmq3
RUA ABROLHOS,6xmq
RUA ABÉLIA,6xm
RUA ABÍLIO JUNQUEIRO,6xmq
RUA ABÍLIO MACHADO,6xmq
RUA ABÍLIO NERY,6xmq
RUA ABÓBORA DO MATO,6xmq
RUA ACADIOS,6xmqf
RUA ACAETÉ,6xmq
RUA ACAIACA,6xm 6xmqf
RUA ACAICA,6xmqf
RUA ACAICO,6xmq
RUA ACAIMIRIM,6xm
RUA ACAJATUBA,6xmqf
RUA ACAJU,6xmq
RUA ACAJUBA,6xmq
RUA ACAJURANA,6xmq
RUA ACAJÁ,6xmq
RUA ACAPAZA,6xmqg
RUA ACAPIÚ,6xmq
RUA ACAPU,6xmq
RUA ACAPULCO,6xmqg
RUA ACARATINGA,6xmq
RUA ACARI BODÓ,6xmq
RUA ACARI CAXIMBO,6xmq
RUA ACARICÓ,6xmqf
RUA ACARIQUARA,6xmq3
RUA ACARÁ,6xmq
RUA ACAUÃ,6xmq
RUA ACEROLA,6xmq
RUA ACHUARANA,6xmqf
RUA ACHUÁ,6xmqe
RUA ACOPIARA,6xmq
RUA ACORES,6xmq
RUA ACRA,6xmqg
RUA ACRE,6xmq6
RUA ACRIZIO CORREA,6xmq
RUA ACUA,6xm
RUA ACURANA,6xmq
RUA ACÁCIA AMARELA,6xmq
RUA ACÁCIA BRANCA,6xmq
RUA ACÁCIA DO NILO,6xmqe
RUA ACÁCIA MELEIRA,6xmqe
RUA ACÁCIA MIMOSA,6xmq
RUA ACÁCIA NEGRA,6xmqe
RUA ACÁCIA VERMELHA,6xmqe
RUA ACÁCIO SANTOS,6xmqg
RUA ADA,6xmq
RUA ADAIL,6xmq
RUA ADALBERTO CASTELO,6xmqg
RUA ADALBERTO FERRAZ,6xmq
RUA ADALBERTO LIMA,6xm
RUA ADALBERTO NOGUEIRA,6xmq
RUA ADALBERTO VALE,6xmq
RUA ADALGIZA FLEURY,6xmq
RUA ADALTO FERNANDES,6xmqe
RUA ADALTO UCHOA,6xmq
RUA ADAMICO,6xmq
RUA ADAMITA,6xmq
RUA ADANA,6xmqf
RUA ADELAIDE CARRARO,6xmq
RUA ADELINO COSTA,6xmqg
RUA ADELINO FONTOURA,6xmq3
RUA ADELINO NETO,6xmq
RUA ADELINO SOARES FERNANDES,6xmq
RUA ADELSON  ROCHA,6xmqf
RUA ADELSON ROCHA,6xmqf
RUA ADEMAR DE BARROS,6xmq
RUA ADEMAR FREIRE,6xmq
RUA ADILBER VIANA,6xmq6
RUA ADIS ABEBA,6xmqg
RUA ADOLFINA AREAL SOUTO,6xmq6
RUA ADOLFO DE CASTRO,6xmq
RUA ADOLFO DUCKER,6xmq
RUA ADOLFO MARQUES,6xmq
RUA ADOLFO MONTEIRO,6xmq
RUA ADOLPHO BLOCH,6xmq
RUA ADONIAS,6xmqf
RUA ADONIRAM BARBOSA,6xmq
RUA ADONIS,6xmqf
RUA ADRIANO BARROSO,6xmq3
RUA ADRINO GAMA,6xmq
RUA ADSON DE MENEZES,6xmq3
RUA ADVENTO,6xmq
RUA ADÁGIO,6xmq
RUA AFEGANISTÃO,6xmqg
RUA AFONSO ARINOS,6xmq
RUA AFONSO BALDAJA,6xmq
RUA AFONSO BRÁS,6xmq
RUA AFONSO CARVALHO,6xmqg
RUA AFONSO DE ALBUQUERQUE,6xmq 6xmq6
RUA AFONSO DE SOUZA,6xmq
RUA AFONSO D´E TAUNAY,6xmq
RUA AFONSO PENA,6xmq 6xmq6
RUA AFONSO QUARESMA,6xmq
RUA AFRICA DO SUL,6xmqg
RUA AFRÂNIO COUTINHO,6xmqe
RUA AFRÂNIO DE CASTRO,6xmq 6xmq6
RUA AFRÂNIO FRANCO,6xmqe
RUA AFRÂNIO PEIXOTO,6xmq3
RUA AFÉIA,6xmq
RUA AGAMALTOLITA,6xmq 6xmqe
RUA AGANA,6xmqg
RUA AGAPANTO,6xm
RUA AGAPITO PEREIRA,6xmq6
RUA AGAPONIS,6xm
RUA AGATA AZUL,6xm
RUA AGAVE,6xmqe
RUA AGAVE AZUL,6xm
RUA AGAVE ROSA,6xmq
RUA AGENOR NOBRE,6xmq
RUA AGENTE MAURO LOBO,6xmq
RUA AGESILÃO DE ARAÚJO,6xmq3
RUA AGEU,6xm
RUA AGILDO BARATA,6xmqe
RUA AGNALDO ACHER PINTO,6xmq
RUA AGOSTINHO BARBOSA,6xmq6
RUA AGOSTINHO DE CAMPOS,6xmq
RUA AGOSTINHO DOS SANTOS,6xmqe
RUA AGOSTINHO MOTA,6xmq
RUA AGOSTINHO PEREIRA,6xmq3
RUA AGRESTINA,6xmq
RUA AGRIPINA,6xmq3
RUA AGRIPINO GRIEGO,6xmq3
RUA AGRIÃO,6xmq
RUA AGRODOCE,6xmqf
RUA AGUADEIRO,6xmq3
RUA AGUANO,6xmq
RUA AGUAPÉ,6xmq
RUA AGUAYNAÚS,6xmq3
RUA AGUIA CHILENA,6xm
RUA AGULHAS NEGRAS,6xmq3 6xmq6
RUA AIDA BARRONCAS,6xmq
RUA AIDA BUENO,6xmqg
RUA AIFA,6xmq
RUA AIMORÉ,6xmqf
RUA AINOÃ,6xmq3
RUA AIRAS SANTIAGO,6xmq3
RUA AIRES GOMES DA SILVA,6xmq
RUA AIRTON GERMANO,6xmq
RUA AIRTON RODRIGUES,6xmqe
RUA AJARAI,6xmq
RUA AJAX,6xmq
RUA AJURI,6xmq3
RUA AJURICABA,6xmq
RUA AKIL BAZZI,6xmq
RUA AKITA,6xmq
RUA ALADIM,6xmq6
RUA ALAGOAS,6xmq
RUA ALAIDE ALVES DA ROCHA,6xmq 6xmqe
RUA ALAMANDA,6xmq
RUA ALAMEDA  ALEXANDRINO,6xmq
RUA ALAMEDA  WANDENKOLK,6xmq
RUA ALANOS,6xm
RUA ALAODIM,6xmq
RUA ALARICO FURTADO,6xmq
RUA ALBANO MELO,6xmq
RUA ALBATROZ REAL,6xmqe
RUA ALBERICO A. DE OLIVEIRA,6xmq
RUA ALBERICO ANTUNES,6xmq6
RUA ALBERICO FURTADO,6xmq6
RUA ALBERT SABIN,6xmq
RUA ALBERTO CAMPANHA,6xmq
RUA ALBERTO CARREIRA,6xmq
RUA ALBERTO DE OLIVEIRA,6xmq3
RUA ALBERTO DEODADO,6xmq3
RUA ALBERTO GASPAR,6xm
RUA ALBERTO GOMES,6xmq6
RUA ALBERTO GRACIANO,6xmq
RUA ALBERTO MONTEIRO PAIVA,6xmq
RUA ALBERTO RANGEL,6xmq3
RUA ALBIZIA,6xm
RUA ALBÂNIA,6xmq
RUA ALCAPARRA,6xmq
RUA ALCEMIR SOEIRO,6xm 6xmq
RUA ALCEU AMOROSO LIMA,6xmq
RUA ALCIDAR BAHIA,6xmq 6xmqf
RUA ALCIDES MAIA,6xmq3
RUA ALCIDES MALTIUZZO JR.,6xmq
RUA ALCINA TAPAJÓS,6xmq6
RUA ALCINDO GUANABARA,6xmq3
RUA ALCOBAÇA,6xmq
RUA ALCÂNTARA,6xmq
RUA ALCÂNTARA MACHADO,6xmq
RUA ALDENOR QUEIROZ,6xmqf
RUA ALDINO AZEVEDO,6xmq 6xmq6
RUA ALECRIM,6xmq
RUA ALECRIM DE CAMPINAS,6xmqf
RUA ALECRIM-DO-BREJO,6xmqg
RUA ALECRIM-DOURADO,6xmq
RUA ALECRINZEIRO,6xmq
RUA ALEGRETE,6xmqf
RUA ALEGRIA,6xmqg
RUA ALEIXO GARCIA,6xmq
RUA ALENQUER,6xmq
RUA ALEPO,6xmqf
RUA ALEX VIANY,6xmq
RUA ALEXANDRE AMORIM,6xmq
RUA ALEXANDRE ARDUINO,6xmq
RUA ALEXANDRE DE GUSMÃO,6xmq6
RUA ALEXANDRE DE MOURA,6xmq3
RUA ALEXANDRE DUMAS,6xmq3
RUA ALEXANDRE HERCULANO,6xmq3
RUA ALEXANDRE MAGNO,6xmq 6xmq6
RUA ALEXANDRE R. FERREIRA,6xmq
RUA ALEXANDRIA,6xmq
RUA ALEXANDRINA CAMARÔA,6xmqf
RUA ALEXANDRINO ALENCAR,6xmqe
RUA ALEXANDRITA,6xmqe
RUA ALFA MIRANDA,6xmq
RUA ALFAVACA,6xmq
RUA ALFAZEMAS,6xmq
RUA ALFENEIRO,6xmq
RUA ALFEU,6xmqg
RUA ALFREDO ARAÚJO,6xmq
RUA ALFREDO BEÇA,6xmq
RUA ALFREDO CUNHA,6xmq 6xmq6
RUA ALFREDO DE CAMPOS,6xmqf
RUA ALFREDO LINHARES,6xmq
RUA ALFREDO LUIZ C. REIS,6xmqf
RUA ALFREDO MESQUITA,6xmq6
RUA ALFREDO MONTEIRO,6xmq6
RUA ALFREDO MOREIRA,6xmq3
RUA ALFREDO SÁ,6xmqg
RUA ALFREDO VALOIS,6xmq
RUA ALGARVE,6xmq
RUA ALGAS MARINHAS,6xmqg
RUA ALGODOEIRO,6xmq
RUA ALGODÃO DOCE,6xmq
RUA ALGODÃO ROXO,6xmq
RUA ALIANÇA,6xmqf
RUA ALICANTE,6xmqg
RUA ALICE SALERNO,6xmq3
RUA ALICE TAVARES DA SILVA,6xmq
RUA ALLAN KARDEC,6xmq
RUA ALMADA NEGREIROS,6xmq 6xmq3
RUA ALMANDINA,6xmq
RUA ALMAQUIO DINIZ,6xmq3
RUA ALMEDINA VASCONCELOS DO NASCIMENTO,6xmq
RUA ALMEIDA CHAÁR,6xmq
RUA ALMEIDA GARETT,6xmq3
RUA ALMEIDA JUNIOR,6xmq
RUA ALMEIRIM,6xmqf
RUA ALMEIRÃO,6xmq
RUA ALMIR PEDREIRA,6xmq 6xmq6
RUA ALMIRANTE,6xmq
RUA ALMIRANTE BARROSO,6xmq
RUA ALMIRANTE BOTELHO DE SOUZA,6xmq
RUA ALMIRANTE CUNHA MOREIRA,6xmq
RUA ALMIRANTE CUSTÓDIO DE MELO,6xmq3
RUA ALMIRANTE GUILLEM,6xmq
RUA ALMIRANTE GUILLOBEL,6xmq
RUA ALMIRANTE HÉLIO LEITE,6xmqe
RUA ALMIRANTE MAXIMIANO,6xmq3
RUA ALMIRANTE MOREIRA DA SILVA,6xmq
RUA ALMIRANTE OTACÍLIO CUNHA,6xmq
RUA ALMÉRIA,6xmqf 6xmqg
RUA ALMÍNIO NOGUEIRA,6xmq
RUA ALMÍSCAR,6xmq 6xmqf
RUA ALONSO DE PINEDA,6xmq
RUA ALONSO NOGUEIRA DA SILVA,6xmq
RUA ALPHONSUS GUIMARÃES,6xmqe
RUA ALPINA,6xmqf
RUA ALPINEA ROSA,6xm
RUA ALPINEA VERMELHA,6xmq
RUA ALPÍNIAS,6xm
RUA ALTA FLORESTA,6xmq
RUA ALTACIR MONTENEGRO,6xm
RUA ALTAIR MONTEIRO,6xm
RUA ALTAIR NUNES,6xmq6
RUA ALTAMIRA,6xmqf
RUA ALTAMIRA DO MARANHÃO,6xmqe
RUA ALTEA,6xm
RUA ALTEIA,6xmq
RUA ALTEMAR DUTRA,6xmqe
RUA ALTERVIR COSTA,6xmqg
RUA ALTIVA NOGUEIRA,6xmq
RUA ALTO ALEGRE,6xmq
RUA ALTO ARAGUAIA,6xmqe
RUA ALTO PARANÁ,6xmq
RUA ALTO PARAÍSO,6xmq
RUA ALUISIO AZEVEDO,6xmq
RUA ALUÍSIO ARAÚJO,6xmq3
RUA ALUÍSIO BRASIL,6xmq 6xmq6
RUA ALUÍZIO DONIZETE,6xmq
RUA ALUÍZIO MACIEL,6xmq
RUA ALVARENGA PEIXOTO,6xmq
RUA ALVARES DE AZEVEDO,6xmq3
RUA ALVARO BRAGA,6xmq
RUA ALVARÃES,6xmq
RUA ALVES DA SILVEIRA,6xmq3
RUA ALVES REDOL,6xmq
RUA ALVINÓPOLIS,6xmq
RUA ALVORADA,6xmq3
RUA ALVORADA DO OESTE,6xm
RUA ALZERINA NOGUEIRA,6xmq
RUA ALZIRA BENTES,6xmq
RUA ALZIRA MAGALHÃES,6xmqf
RUA ALZIRA TARSO,6xmq
RUA AMA,6xmq
RUA AMADEU AMARAL,6xmqf
RUA AMADEU DE CASTRO,6xmq6
RUA AMADEUS,6xmq6
RUA AMADEUS MOZART,6xm
RUA AMANACY,6xmq
RUA AMANARI,6xmq
RUA AMANDA SENA,6xmqe
RUA AMAPORA,6xmqf
RUA AMAPÁ,6xmq
RUA AMAPÁ - DOCE,6xmqf
RUA AMARANTE DO MARANHÃO,6xmq
RUA AMARO JUVENAL,6xmq
RUA AMARÍLIS,6xm
RUA AMATURÁ,6xmq6
RUA AMAURI REIS,6xmq6
RUA AMAZONAS,6xmq
RUA AMAZONAS CAVALCANTE,6xmq
RUA AMAZONAS PALHANO,6xmq
RUA AMAZONITA,6xmq
RUA AMAZÔNIA,6xmq6
RUA AMBIENTAL,6xmq
RUA AMBORÉ,6xmq
RUA AMBROSIA,6xmqf
RUA AMBRÓSIO AIRES,6xmq3
RUA AMBRÓSIO FERNANDES BRANDÃO,6xmq
RUA AMBURANA,6xmqf
RUA AMEIXA DE NATAL,6xmq
RUA AMEIXA DO MATO,6xmqf
RUA AMENDOEIRAS,6xmqf
RUA AMENDOIM,6xmqg
RUA AMENÓFIS I,6xmqg
RUA AMERICANA,6xmq
RUA AMERICO VESPUCCI,6xmq
RUA AMERÍCIO,6xmq3
RUA AMETISTA,6xmq
RUA AMIEIRO,6xmqf
RUA AMON,6xm
RUA AMON RÁ,6xmqg
RUA AMOR AGARRADINHO,6xmq
RUA AMOR CRESCIDO,6xmq
RUA AMOR DO CAMPO,6xmqf
RUA AMOR PERFEITO,6xmq
RUA AMORA PRETA,6xmqf
RUA AMOROSO LIMA,6xmq3
RUA AMOS,6xmqf
RUA AMPARO DO TORORÓ,6xmq3
RUA AMSTERDAM,6xmq
RUA AMÂNCIO DE MIRANDA,6xmq
RUA AMÉLIA DE ALBUQUERQUE,6xmqe
RUA AMÉLIA RATES,6xmq
RUA AMÉRICO ALVAREZ,6xmq6
RUA AMÉRICO ANTONY,6xmq
RUA AMÉRICO MESTRINHO,6xmq
RUA AMÊNDOA,6xmqf
RUA AMÓS,6xmq6
RUA ANA BOLENA,6xmq3
RUA ANA CRISTINA CÉSAR,6xmq
RUA ANA D' AÚSTRIA,6xmq6
RUA ANA DELIA  ALBUQUERQUE,6xmq3
RUA ANA DURANS,6xmq
RUA ANA FALCÃO,6xmq
RUA ANA GIMENEZ,6xmq
RUA ANA MARIA BARROS,6xmq
RUA ANA NOGUEIRA,6xmq
RUA ANABI,6xmq
RUA ANACÃ,6xmq
RUA ANADOR,6xmq
RUA ANAGÉ,6xmqf
RUA ANAJÁS,6xmqf
RUA ANALIO RESENDE,6xmq
RUA ANAMBÉ,6xm
RUA ANAMBÉ AZUL,6xmqe
RUA ANAMBÉ AÇU,6xmq
RUA ANAMBÉ BRANCO,6xmqe
RUA ANAMBÉ ROXO,6xmq
RUA ANAMBÉ SOL,6xmqg
RUA ANAMBÉ-AÇU,6xmq
RUA ANAMÃ,6xmq6
RUA ANANÁS,6xmqe
RUA ANAPÓLIS,6xmq
RUA ANASTÁCIO ASSUNÇÃO,6xmq
RUA ANAXIMENDES,6xmq
RUA ANCARA,6xmq
RUA ANDALUZIA,6xmqf
RUA ANDARAÍ,6xmq6
RUA ANDERSON DE SOUZA,6xmq3
RUA ANDIRÁ-AÇÚ,6xmqf
RUA ANDORINHA,6xmq 6xmqg
RUA ANDORINHA COLEIRA,6xmq
RUA ANDORINHA DO CAMPO,6xmq
RUA ANDORINHA DO MATO,6xmq
RUA ANDORINHA DO RIO,6xm
RUA ANDORINHA GRANDE,6xmqf
RUA ANDORRA,6xmqg
RUA ANDRADE DA FROTA,6xmq
RUA ANDRADE E SILVA,6xmqe
RUA ANDRADE MURICI,6xmqg
RUA ANDRADINA,6xmqg
RUA ANDRADITA,6xmq
RUA ANDRE CARNEIRO DO AMARAL,6xmq
RUA ANDRE FERRAZ FRANCO,6xm
RUA ANDRE JOBIM,6xmq
RUA ANDRE V DE NEGREIROS,6xmq3
RUA ANDREA LIMONGE,6xmq6
RUA ANDREA TAFI,6xmq
RUA ANDRES SEGOVIA,6xmq6
RUA ANDROS,6xmqf
RUA ANDRÉ JOÃO ANTONIL,6xmq
RUA ANDRÉ LOPEZ ALBUQUERQUE,6xmq6
RUA ANDRÉ MARIÊ,6xmq
RUA ANDRÉ THEVET,6xmq6 6xmqe
RUA ANDÓBIA,6xmqf
RUA ANGELICÓ,6xmq
RUA ANGELIM,6xmq3
RUA ANGELIM BEVILAQUA,6xmq
RUA ANGELIM DOCE,6xmq
RUA ANGELIM-PEDRA,6xm
RUA ANGELINO,6xmq
RUA ANGELINO DORETO,6xmq
RUA ANGELO BITTENCOURT,6xmq
RUA ANGICO AMARELO,6xmqf
RUA ANGICO AUSTRALIANO,6xmq3
RUA ANGICO BRANCO,6xmqf
RUA ANGICO DO CAMPO,6xmqf
RUA ANGICO DO SERRADO,6xmq
RUA ANGICO FAVA,6xm
RUA ANGICO RAJADO,6xmqf
RUA ANGICO VERMELHO,6xm
RUA ANGICOS,6xmq
RUA ANGOLA,6xmq
RUA ANGRA DO REIS,6xmq
RUA ANGÉLICA DO MATO,6xmqg
RUA ANGÉLICA DOCE,6xmqg
RUA ANGÉLICA MOTTA,6xmq 6xmq6
RUA ANHANDUÍ,6xmq
RUA ANHANGUERA,6xmqg
RUA ANHUMAS,6xmq
RUA ANIBAL GURGEL DO AMARAL,6xmq
RUA ANIL,6xmq6
RUA ANINGA,6xmq
RUA ANITA BARRETO,6xmqg
RUA ANITA GARIBALDI,6xmq3
RUA ANITA MALFATTI,6xmq
RUA ANITRITA,6xmq
RUA ANJO ANIEL,6xmqf
RUA ANNA NERY,6xmq
RUA ANNE,6xmq
RUA ANNE FRANK,6xmq
RUA ANNUAR GRÉCIA,6xmq
RUA ANOERÁ,6xmq
RUA ANORI,6xmq6
RUA ANSELMO DUARTE,6xmq3
RUA ANTALYA,6xmqf
RUA ANTENOR CAVALCANTE,6xmq
RUA ANTENOR LANDIM,6xmq
RUA ANTENÁRIA,6xmqf
RUA ANTERO DE QUENTAL,6xmq
RUA ANTIGONA,6xmq3
RUA ANTIOQUIA,6xmq6
RUA ANTONIA ALEXANDRINA BENTES,6xmq
RUA ANTONIA ALVES,6xmq
RUA ANTONIA DUARTE,6xm
RUA ANTONIA RODRIGUES,6xmq
RUA ANTONINA DO NORTE,6xmq
RUA ANTONIO AMORIM,6xmqg
RUA ANTONIO BITTENCOURT,6xmq
RUA ANTONIO BRAGA,6xm
RUA ANTONIO C. NETO,6xmq6
RUA ANTONIO CALADO,6xmq3
RUA ANTONIO CARLOS MUSSUM,6xmq6
RUA ANTONIO DE CASTILHO,6xmq
RUA ANTONIO FERREIRA,6xmq
RUA ANTONIO FIGUEIREDO,6xmq3
RUA ANTONIO FORTUNA,6xmq
RUA ANTONIO JOSÉ DA SILVA,6xmq3
RUA ANTONIO JOSÉ SARAIVA,6xmq3
RUA ANTONIO JURE,6xmq
RUA ANTONIO LANDI,6xmqg
RUA ANTONIO LISBOA,6xmq
RUA ANTONIO LUIZ PEREIRA,6xmq3
RUA ANTONIO MARCOS,6xmq
RUA ANTONIO MATIAS,6xmqe
RUA ANTONIO MIRANDA FILHO,6xmq
RUA ANTONIO MOREIRA,6xmqe
RUA ANTONIO NOGUEIRA,6xmqf
RUA ANTONIO PASTANA,6xmqg
RUA ANTONIO ROCHA,6xmq
RUA ANTONIO SOARES,6xmq
RUA ANTONIO VAN DIK,6xmq3
RUA ANTUNES MACIEL,6xmqe
RUA ANTÍGUA,6xmqg
RUA ANTÍSTHENES PINTO,6xmq
RUA ANTÔNIA CARNEIRO,6xmqg
RUA ANTÔNIA DALVA,6xmq3
RUA ANTÔNIO ADORNO,6xmq
RUA ANTÔNIO ALEIXO,6xmq
RUA ANTÔNIO ALENCAR,6xmq3
RUA ANTÔNIO AZAMBUJA,6xmqe
RUA ANTÔNIO BOTO,6xmq3
RUA ANTÔNIO DA SILVA MARQUES,6xmqf
RUA ANTÔNIO DE ANDRADE SIMÕES,6xmq
RUA ANTÔNIO DE SUCRE,6xmq
RUA ANTÔNIO DUARTE AREOSA,6xmq6
RUA ANTÔNIO FARIAS,6xmq
RUA ANTÔNIO FIGUEIREDO,6xmq3
RUA ANTÔNIO GARGANTA,6xmq6
RUA ANTÔNIO GREGORIO,6xmq
RUA ANTÔNIO LACERDA,6xmq
RUA ANTÔNIO LEÃO,6xmqe
RUA ANTÔNIO LOBO SOBRINHO,6xmq3
RUA ANTÔNIO MAIA,6xmq
RUA ANTÔNIO MOTA,6xmq
RUA ANTÔNIO NOBRE,6xmq
RUA ANTÔNIO NOBRE FERREIRA,6xmqf
RUA ANTÔNIO PASSOS DE MIRANDA,6xmq6
RUA ANTÔNIO PLÁCIDO,6xmq
RUA ANTÔNIO R. DA SILVA,6xmq6
RUA ANTÔNIO R. TAVARES,6xmq3
RUA ANTÔNIO REIS,6xmq
RUA ANTÔNIO SIMÕES,6xmq
RUA ANTÚRIO AMARELO,6xmq
RUA ANTÚRIO CRISTALINO,6xmq
RUA ANTÚRIOS,6xmq
RUA ANUM BRANCO,6xmqg
RUA ANUM DA SERRA,6xmqg
RUA ANUM DOURADO,6xmqg
RUA ANUÁ,6xmq
RUA ANÁLIA,6xmq3
RUA ANÍBAL MELO,6xmq6
RUA ANÚBIS,6xmq
RUA APAPA,6xmq
RUA APARECIDA,6xm
RUA APARECIDA DO NORTE,6xmqf
RUA APARECIDO MARCONATO,6xmq
RUA APIACÁ,6xm
RUA APIAL,6xmq
RUA APIMBARÉ,6xmqf
RUA APIXANAS,6xmqf
RUA APLISIA,6xmqf
RUA APOCALIPSE,6xmqf
RUA APODI,6xmqf
RUA APOEMA,6xmqf
RUA APOENA,6xmqf
RUA APOLONIO,6xmq3
RUA APOREMA,6xmqe
RUA APORÉ,6xmq
RUA APUAÚ,6xmq
RUA APUIUNA,6xm 6xmqf
RUA APURACANA,6xmq
RUA APURIMAC,6xmq
RUA APURINA COLONY,6xmqf
RUA APURINÃ,6xmq
RUA APURUI,6xm
RUA APURUÍ,6xm
RUA APUÍ,6xmq
RUA APYNAÉ,6xm
RUA APÓSTOLO ANDRE,6xmqf
RUA APÓSTOLO ANDRÉ,6xmqf
RUA APÓSTOLO BARTOLOMEU,6xmqf
RUA APÓSTOLO FELIPE,6xmqf
RUA APÓSTOLO JOÃO,6xmq3
RUA APÓSTOLO MATEUS,6xmqf
RUA APÓSTOLO MATIAS,6xmqf
RUA APÓSTOLO PAULO,6xmq
RUA APÓSTOLO PEDRO,6xmqf
RUA APÓSTOLO TIAGO,6xmqf
RUA APÓSTOLO TOMÉ,6xmqf
RUA AQUEANA,6xmq3
RUA AQUIBI,6xmqg
RUA AQUILINO RIBEIRO,6xmq3
RUA ARABUTÃ,6xmqg
RUA ARABÉS,6xmq
RUA ARACARI,6xmq6
RUA ARACATI,6xmq
RUA ARACATIMBÓ,6xmqg
RUA ARACATU,6xmq
RUA ARACI,6xmqf
RUA ARACI DE ALMEIDA,6xmqe
RUA ARACU,6xmq
RUA ARACUAS,6xmqg
RUA ARACUÃ,6xmq
RUA ARACÉ,6xmqf
RUA ARAGARÇAS,6xmqf
RUA ARAGUACEMA,6xmq
RUA ARAGUAIANA,6xmq6
RUA ARAGUAINA,6xmq3
RUA ARAGUARI,6xmq
RUA ARAGUATINS,6xmqe
RUA ARAGUAÇU,6xmq6
RUA ARAMARI,6xmqf
RUA ARAMAÇA,6xmq
RUA ARAMITA,6xmq
RUA ARANA,6xmq
RUA ARANGÁ,6xmqf
RUA ARANTINA,6xmq3
RUA ARAPAPÁ,6xm
RUA ARAPARA,6xmq
RUA ARAPARI,6xmq
RUA ARAPAÇU,6xmq
RUA ARAPAÇU VERDE,6xmq
RUA ARAPIRICA,6xmq
RUA ARAPIÁ,6xmq
RUA ARAPONGA,6xmqg
RUA ARAPORANGA,6xm
RUA ARAPUÁ,6xmqf
RUA ARARA,6xmqg
RUA ARARA CANGA,6xm
RUA ARARA CANINDÉ,6xmq
RUA ARARA MACAU,6xmqg
RUA ARARA PIRANGA,6xm
RUA ARARA VERDE,6xmqg
RUA ARARA VERMELHA,6xmqf
RUA ARARA-AZUL,6xmqg
RUA ARARABÓIA,6xm
RUA ARARACRUZ,6xmqf
RUA ARARAJUBA,6xmqf
RUA ARARANGUA,6xmqf
RUA ARARAQUARA,6xmqf
RUA ARARAS AZUIS,6xmq
RUA ARARAÇU,6xmqg
RUA ARARI,6xmqf
RUA ARARIBA,6xmqf
RUA ARARIDE,6xmq
RUA ARARIPE JUNIOR,6xmq
RUA ARARIPINA,6xmq
RUA ARARUANA,6xmq
RUA ARATIBA,6xmqe
RUA ARATICUM,6xmq
RUA ARATINGA,6xmqf
RUA ARATITUBA,6xmq
RUA ARATUBA,6xmq
RUA ARATUÁ GRANDE,6xm
RUA ARATÁ,6xmqf
RUA ARAURE,6xmqg
RUA ARAWETÉ,6xm
RUA ARAXÁ,6xmq
RUA ARAÇA DA PRAIA,6xmqf
RUA ARAÇARANA,6xmqg
RUA ARAÇAZEIRO,6xmqf
RUA ARAÇAÍ,6xmq
RUA ARAÇÁ,6xm
RUA ARAÇÁ BOI,6xmq
RUA ARAÉS,6xm
RUA ARAÚJO AMAZONAS,6xmq6
RUA ARAÚJO FILHO,6xmq6
RUA ARAÚJO LIMA,6xmqe
RUA ARAÚJO MOURA,6xmq3
RUA ARAÚNA,6xm
RUA ARCA DA ALIANÇA,6xmqf
RUA ARCO VERDE,6xmq
RUA ARDÓSIA,6xmqe
RUA AREAL SOUTO,6xmq
RUA AREALVA,6xmqe
RUA ARECA BAMBÚ,6xmq
RUA AREIA BRANCA,6xmq6
RUA ARENITO,6xmq
RUA ARGEL,6xmqg
RUA ARGELIA,6xmq
RUA ARGENTINA,6xmq
RUA ARGENTITA,6xmqe
RUA ARGONAUTA,6xmq
RUA ARGUERITA,6xmq3
RUA ARIANA ARAÚJO,6xmq
RUA ARIAÚ,6xmq
RUA ARICURI,6xmqg
RUA ARIDEU,6xmq3
RUA ARIDUANÃ,6xmq
RUA ARIEL,6xm
RUA ARIETAMA,6xm
RUA ARINAYÊ,6xmq
RUA ARINÁ,6xmqg
RUA ARIPUANÃ,6xmqf
RUA ARIRAMBA,6xmq
RUA ARIRAMBA VERDE,6xmqg
RUA ARISTIDES MAVIGNER,6xmq
RUA ARISTIDES PIERRE,6xmq6
RUA ARISTIDES ROCHA,6xmq6
RUA ARISTOFANO ANTONY,6xmq 6xmq6
RUA ARISTOTELES,6xmqf
RUA ARISTOTELES BONFIM,6xmq6
RUA ARISTÉIA DE ARAÚJO,6xmqf
RUA ARIZONA,6xmq
RUA ARLETE ORTIZ,6xm
RUA ARMANDO BARBUDA,6xmq
RUA ARMANDO BOBUS,6xmq
RUA ARMANDO CONDE,6xmqf
RUA ARMANDO CUNHA,6xmq3
RUA ARMANDO DE BARRETO,6xmq
RUA ARMANDO FONTES,6xmq3
RUA ARMANDO MENDES,6xmq
RUA ARMELIM GUIMARÃES,6xmq
RUA ARMINDA DA SILVA PAZ,6xmq
RUA ARMINO R. DA FONSECA,6xmq
RUA ARMÊNIA,6xmq
RUA ARNALDO GAMA,6xmq3
RUA ARNALDO PEDUTO,6xmq6
RUA ARNICA,6xmq
RUA ARNOLDO CARPINTEIRO PERES,6xmq6
RUA AROEIRANA,6xmqf
RUA AROEIRAS,6xmqf
RUA AROLCA,6xmq
RUA ARPOADOR,6xmq6
RUA ARQUIMEDES,6xmq
RUA ARQUITETA ANGÉLICA CRUZ,6xmq6
RUA ARQUITETO RENATO BRAGA,6xmq
RUA ARRAIAL DO CABO,6xmq
RUA ARRAIAS,6xmq
RUA ARROIO CHUÍ,6xmq
RUA ARROIO DO TIGRE,6xmqe
RUA ARROIO GRANDE,6xmqe
RUA ARRUDA,6xmq
RUA ARSENURA,6xmq
RUA ARTHUR CRUZ,6xmq6
RUA ARTHUR DE SOUZA,6xmqf
RUA ARTHUR DOYLE,6xmq6
RUA ARTHUR REIS,6xmq3
RUA ARTUR AZEVEDO,6xmq3
RUA ARTUR BERNARDES,6xmq6
RUA ARUAK,6xmqf
RUA ARUANDA,6xm
RUA ARUANÃ,6xmq
RUA ARUAQUES,6xm
RUA ARUBA,6xmq
RUA ARUMARANA,6xm
RUA ARUMÃ,6xmqf
RUA ARUÃ,6xmq
RUA ARY BRANDÃO DE OLIVEIRA,6xmq3
RUA ARY PARREIRAS,6xmq
RUA ARÁBIA,6xmqg
RUA ARÁBIA SAUDITA,6xmqg
RUA ASA BRANCA,6xmq
RUA ASCÂNIO LOPES,6xmq
RUA ASHAS JUNIOR,6xmqe
RUA ASMARÁ,6xmqg
RUA ASPIRANTE NASCIMENTO,6xmq
RUA ASPLÊNIO,6xmq
RUA ASSARI,6xmq
RUA ASSARÉ,6xmqf
RUA ASSIS BRASIL,6xmq3
RUA ASSUNÇÃO.,6xmq
RUA ASSURIM,6xmqg
RUA ASSUÃ,6xmq
RUA ASSÍRIO OLIVEIRA MARQUES,6xmq3
RUA ASTÚRIAS,6xmqg
RUA ASURINI,6xmqf
RUA ATACUARI,6xmqf
RUA ATAGAMITA,6xmq6
RUA ATALAIA,6xmq 6xmqe
RUA ATALAIA DA TURQUIA,6xmqg
RUA ATAULFO ALVES,6xmq
RUA ATAULFO DE PAIVA,6xmq
RUA ATENAS,6xmq 6xmq3
RUA ATERRO DO 40,6xmq
RUA ATIBAIA,6xmqe
RUA ATICUM,6xmqf
RUA ATINEU AMAZONENSE,6xmqe
RUA ATLANTICO NORTE,6xm
RUA ATLÂNTICA,6xmq
RUA ATUALPA PONTES,6xm
RUA AUGIAS GADELHA,6xmq6
RUA AUGITA,6xmqe
RUA AUGUSTA LOPES,6xmq
RUA AUGUSTINO BESSA,6xmqg
RUA AUGUSTO  DE VILLEROY,6xmqe
RUA AUGUSTO CARNEIRO,6xmq 6xmq3
RUA AUGUSTO DE LIMA,6xmq3
RUA AUGUSTO DOS ANJOS,6xmq
RUA AUGUSTO FERNANDES,6xmq
RUA AUGUSTO FIRMO DE SOUZA,6xmq3
RUA AUGUSTO MEYER,6xmq3
RUA AUGUSTO SCHIMIDT,6xmq
RUA AUGUSTO VANUCCI,6xmq
RUA AUIXI,6xmqf
RUA AULIS,6xmq3
RUA AUREA,6xm
RUA AURELIANO LESSA,6xmq
RUA AURELIO B. DE HOLANDA,6xmq3
RUA AURISTELA NOGUEIRA,6xmqe
RUA AURORA,6xmq
RUA AURÉLIO  DE LIRA,6xmq
RUA AURÉLIO BUARQUE,6xmq
RUA AURÉLIO DE HOLANDA,6xmq3
RUA AURÉLIO PINHEIRO,6xmqe
RUA AUSTIM,6xmqg
RUA AUSTRAL,6xmq3
RUA AUSTRÁLIA,6xmq 6xmqg
RUA AUTAZ MIRIM,6xmqe
RUA AUTAZES,6xmq6
RUA AUTON FURTADO JR.,6xmq
RUA AUTUN,6xmq3
RUA AUXILIADORA CHAVES,6xmq
RUA AUXILIADORA SEFAIR,6xmq
RUA AVARIS,6xmq
RUA AVARÉ,6xmqe 6xmqf
RUA AVAÍ,6xmq3
RUA AVE DO PARAÍSO,6xmq
RUA AVEIRO,6xmqg
RUA AVEIROS,6xmq3
RUA AVELINO DA ROCHA,6xmq
RUA AVELINO MAGALHÃES,6xmq
RUA AVELINO PEREIRA,6xmqe
RUA AVENCA,6xmqf
RUA AVENCA-JAPONESA,6xmqg
RUA AVENIDA A,6xm
RUA AVENTURINA,6xmqe
RUA AVOANTE,6xmq
RUA AVOEIRAS,6xmq
RUA AXARIBA,6xmq
RUA AXINIM,6xmq
RUA AYACUCHO,6xmq3
RUA AYMORÉ,6xmq
RUA AYRES DA CRUZ,6xm
RUA AYRES DE ALMEIDA,6xmq
RUA AYRTON SENNA,6xmq
RUA AYRÃO,6xmq3 6xmq6
RUA AZALEIA,6xmq
RUA AZALÉIA,6xmq
RUA AZALÉIA BRANCA,6xmqg
RUA AZALÉIA COREANA,6xmqg
RUA AZALÉIA ROSA,6xmq
RUA AZALÉIA VERMELHA,6xmq
RUA AZEVEDO MARQUES,6xmqe
RUA AZULAO,6xm
RUA AZUMARA,6xmq
RUA AZURITA,6xmq 6xmqe
RUA AÇAIRANA,6xmqe
RUA AÇAPUVA,6xmqf
RUA AÇUCENA D'ÁGUA,6xmq
RUA AÇUCENA DO CABO,6xmqg
RUA AÇUCENA DO MATO,6xmq
RUA AÇUCENA VINHO,6xmqg
RUA AÇUCENA-DO-BREJO,6xmqg
RUA AÇURINKY,6xmq
RUA AÇUSSENA,6xmq
RUA B,6xm
RUA B 2,6xmq
RUA B1,6xmq
RUA BABAÇU,6xmq
RUA BABILÔNIA,6xmq
RUA BABOSA,6xmq
RUA BABOSA BRANCA,6xmqg
RUA BACABA,6xm 6xmqf
RUA BACABAU,6xmqe
RUA BACARÉ,6xmq6
RUA BACURAU,6xmqf
RUA BACURI,6xmq
RUA BADAJÓS,6xmq
RUA BAGDÁ,6xmq
RUA BAGUAÇU,6xmqf
RUA BAGÉ,6xmq
RUA BAHAMAS,6xmq
RUA BAHIA,6xmq
RUA BAIA DE BAFFIN,6xmq
RUA BAIA DE HUDSON,6xmq
RUA BAIA DE MANILA,6xmqg
RUA BAIA DE MARAJÓ,6xmq
RUA BAIA DE SÃO MARCOS,6xmq
RUA BAIA DE TODOS OS SANTOS,6xmq
RUA BAIA DO GUAJARÁ,6xmq
RUA BAINEIRA,6xmqf
RUA BAIRIKI,6xmqg
RUA BALATA,6xmq
RUA BALBI CARREIRA,6xmq
RUA BALBINA CARNEIRO,6xmq
RUA BALBINA LEMOS,6xmq
RUA BALBINA MESTRINHO,6xm
RUA BALEARES,6xmqg
RUA BALEIA,6xmq
RUA BALSAMO,6xmq
RUA BALSAS,6xmqe
RUA BALTAZAR DA ROCHA,6xmqe
RUA BALTIMORE,6xmqg
RUA BAMBU,6xmqf
RUA BAMBU-DOURADO,6xmqg
RUA BAMBURRAL,6xm
RUA BAMBUZINHO,6xmq
RUA BANANAL,6xmq
RUA BANDEIRA BRANCA,6xmq
RUA BANDEIRANTES,6xmqf
RUA BANGLADESH,6xmqg
RUA BANGU,6xmq6
RUA BANGUI,6xmqg
RUA BANHO DE CHEIRO,6xmq
RUA BANIWA,6xmqf
RUA BANJO,6xmqg
RUA BARAO DE CAÇAPAVA,6xmq
RUA BARAO DE LORETO,6xmq
RUA BARAO DE MAUA,6xmq
RUA BARAO DE TEFÉ,6xmq
RUA BARAROÁ,6xmqe
RUA BARARUA,6xmq6
RUA BARBACENA,6xmq
RUA BARBOSA DE ARAÚJO,6xmq
RUA BARBOSA FILHO,6xmqg
RUA BARBOSA MACHADO,6xmqg
RUA BARBOSA RODRIGUES,6xmq6
RUA BARCARENA,6xmq
RUA BARCELONA,6xmqg
RUA BARCELOS,6xmq3 6xmq6
RUA BAREIN,6xmqg
RUA BARRA BONITA,6xmq
RUA BARRA BRANCA,6xmqe
RUA BARRA DAS GARÇAS,6xmq
RUA BARRA DE GUARAIBA,6xmq
RUA BARRA DE SÃO MIGUEL,6xmq
RUA BARRA DO BUGRE,6xmq
RUA BARRA DO OURO,6xmq3
RUA BARRA MANSA,6xmq
RUA BARRALANDIA,6xm
RUA BARREIRINHA,6xmqe
RUA BARRETO FILHO,6xmq
RUA BARRINHA,6xmqe
RUA BARRO AMARELO,6xmqe
RUA BARROSO,6xmq
RUA BARROSO PEREIRA,6xmq
RUA BARTOLOMEU B. DA SILVA,6xmq3
RUA BARTOLOMEU COLLEONI,6xmq6
RUA BARTOLOMEU DIAS,6xmq3
RUA BARTOLOMEU GUIMARÃES,6xmq 6xmq6
RUA BARTÔNIA,6xmqe
RUA BARU,6xmq
RUA BARUERI,6xmqg
RUA BARÃO ANAJATUBA,6xmq
RUA BARÃO DA URUGUAIANA,6xmq
RUA BARÃO DAS LARANJEIRAS,6xmq
RUA BARÃO DE ALAGOAS,6xmq
RUA BARÃO DE ALENCAR,6xmq
RUA BARÃO DE ALVES FIGUEIREDO,6xmq
RUA BARÃO DE BOA ESPERANÇA,6xmqe
RUA BARÃO DE CAPANEMA,6xmq
RUA BARÃO DE CASCALHO,6xmq
RUA BARÃO DE INDAIÁ,6xmq
RUA BARÃO DE ITAMARACÁ,6xmq
RUA BARÃO DE JACEGUAI,6xmq
RUA BARÃO DE JUCUI,6xmq
RUA BARÃO DE JURUÁ,6xmq
RUA BARÃO DE LADÁRIO,6xmq6
RUA BARÃO DE LUCENA,6xmq
RUA BARÃO DE MANAUS,6xmq
RUA BARÃO DE MARACAJU,6xmq6
RUA BARÃO DE MONTE ALTO,6xmq
RUA BARÃO DE PALMARES,6xmq
RUA BARÃO DE PARANAPIACABA,6xmq
RUA BARÃO DE PARANGABA,6xmq
RUA BARÃO DE SANTO ÂNGELO,6xmq
RUA BARÃO DE SERGIMIRIM,6xmqe
RUA BARÃO DE SOLIMÕES,6xmq
RUA BARÃO DE SURUI,6xmq
RUA BARÃO DE SÃO DOMINGOS,6xmq
RUA BARÃO DE TAGUARI,6xmq
RUA BARÃO DO AMAZONAS,6xmq
RUA BARÃO DO AÇÚ,6xmq
RUA BARÃO DO COCAIS,6xmq
RUA BARÃO DO RIO BRANCO,6xmq 6xmqe
RUA BARÃO DOM BOSCO,6xmq
RUA BARÃO DOMINGOS BACELAR,6xmq
RUA BARÃO DOS MARES,6xmq
RUA BARÉ,6xmqf
RUA BASILICATA,6xmq6
RUA BASTAO DO IMPERADOR,6xmq6
RUA BASTIMEL,6xmqf
RUA BASÍLIO DA COSTA,6xmq3
RUA BASÍLIO DA GAMA,6xmq
RUA BATALHA DE OLIVEIRA,6xmq
RUA BATRUN,6xmq 6xmqe
RUA BATURITÉ,6xmqe
RUA BAUNILHA,6xmq
RUA BAURIM,6xmq
RUA BAURU,6xmq
RUA BAUXITA,6xmq
RUA BAVETTE,6xm
RUA BAVIERA,6xmq
RUA BEATRIZ,6xmq
RUA BEATRIZ PORTINARI,6xmq 6xmq6
RUA BEGÔNIA-REAL,6xmqg
RUA BEIJA FLOR,6xmq6
RUA BEIJA FLOR ABELHA,6xm
RUA BEIJA FLOR VERMELHO,6xmq
RUA BEIJA-FLOR,6xmq
RUA BEIRA ALTA,6xmq
RUA BEIRA MAR,6xmq
RUA BEIRA RIO,6xmq
RUA BEIRUTE,6xmq
RUA BEJA,6xmq
RUA BELA VISTA,6xm 6xmq 6xmqf
RUA BELADONA,6xmq
RUA BELARUS,6xmqg
RUA BELCHIOR DE MORAES,6xmq3
RUA BELFORD ROXO,6xmq
RUA BELGRADO,6xmq
RUA BELIZE,6xmqg
RUA BELMIRO DE ALMEIDA,6xmq3
RUA BELMONTE,6xmq
RUA BELO HORIZONTE,6xmq6
RUA BELTERRA,6xmq3
RUA BELÉM,6xmq6 6xmqg
RUA BELÉM DE JUDÉIA,6xmqf
RUA BENAYON,6xmq3
RUA BENEDITO ALENCAR,6xmq
RUA BENEDITO LIRA,6xmq
RUA BENEDITO RAMOS,6xm
RUA BENEDITO VALDARES,6xmqe
RUA BENEVIDES,6xmq3
RUA BENIN,6xmqg
RUA BENITO MUSSOLINI,6xmq6
RUA BENJAMIM,6xmqg
RUA BENJAMIM CORDEIRO,6xmq
RUA BENJAMIM FRANKLIM,6xmqg
RUA BENJAMIN BENCHIMOL,6xmq 6xmqe
RUA BENJAMIN CONSTANT,6xmq6
RUA BENJAMIN COSTALLAT,6xmq3
RUA BENJAMIN FARAH,6xmq
RUA BENJAMIN FERNANDEZ,6xmqg
RUA BENJAMIN SILVA,6xmq
RUA BENJAMIN VARGAS,6xmqe
RUA BENJOIN,6xm
RUA BENTIVO,6xmq
RUA BENTO BRASIL,6xmq 6xmq6
RUA BENTO DE SÁ,6xmq
RUA BENTO FERNANDES,6xmq
RUA BENTO FIGUEIREDO,6xmq6
RUA BENTO MACIEL,6xmq6
RUA BENTO TEXEIRA,6xmq
RUA BENTONITA,6xmq
RUA BENVENUTO CELLINI,6xmq
RUA BERGAMO,6xmqg
RUA BERGAMOTA,6xmq
RUA BERGAMOTEIRA,6xmq
RUA BERGENIAS,6xmq
RUA BERICO,6xmq
RUA BERILONITA,6xmq 6xmqe
RUA BERIMBAU,6xmqf
RUA BERIMBAU BAIANO,6xmqe
RUA BERLIM,6xmq
RUA BERMUDAS,6xmq
RUA BERNA,6xmq
RUA BERNACÁ,6xmq
RUA BERNARDINO RIBEIRO,6xmqg
RUA BERNARDO DE VASCONCELOS,6xmq3
RUA BERNARDO GUIMARÃES,6xmq
RUA BERNARDO MICHILES,6xmq6
RUA BERNARDO RAMOS,6xmq
RUA BERQUÉLIO,6xmq3
RUA BERTINO MIRANDA,6xmq
RUA BERTIOGA,6xmqe
RUA BERTÓPOLIS,6xmqe
RUA BERURI,6xmq6
RUA BERÍLIO,6xmq
RUA BETA,6xmq3
RUA BETEL,6xmq
RUA BETINHO,6xmqf
RUA BETTE DAVIS,6xmq
RUA BETUMIRIM,6xmqe
RUA BETÂNIA,6xmq
RUA BIANOR GARCIA,6xmqe
RUA BIAS FORTES,6xmqg
RUA BIBLOS,6xmqg
RUA BICHENOVI,6xm
RUA BICOLOR,6xm
RUA BICUÍBA,6xmqe
RUA BIGUAÇU,6xmqe
RUA BILBÃO,6xmqg
RUA BILLIE HOLIDAY,6xmq6
RUA BIMBARRA,6xmqg
RUA BIRIBA,6xmq
RUA BIRIBÁ,6xmqf
RUA BIRITININGA,6xmq
RUA BISNAGUEIRA,6xmq
RUA BISPO DE HEBRON,6xmq
RUA BISPO DE PRAGA,6xmq
RUA BIZANCIO,6xmq
RUA BIZÂNCIO,6xmq
RUA BLENDA,6xmq
RUA BLUE,6xmq3
RUA BOA ESPERANCA,6xmq
RUA BOA ESPERANÇA,6xmq
RUA BOA VENTURA,6xmqe
RUA BOA VIDA,6xmq 6xmq6
RUA BOA VISTA,6xmq 6xmqg
RUA BOA VISTA DE APARECIDA,6xmq
RUA BOA VISTA DO TUPIM,6xmq
RUA BOACHA,6xmqe
RUA BOARY,6xmq
RUA BOAS NOVAS,6xmq 6xmqf
RUA BOB FOSSE,6xmq6
RUA BOCA DE LEÃO,6xmq
RUA BOCA DO ACRE,6xmq6
RUA BODOCÓ,6xmqe
RUA BOGARI,6xmq
RUA BOGOTÁ,6xmq
RUA BOHEMUNDO DE TARENTO,6xmq6
RUA BOIPEVA,6xmq
RUA BOITITA,6xmqg
RUA BOLDO,6xmq
RUA BOLONIA,6xm
RUA BOLÍVIA,6xmq6
RUA BOM INTENTO,6xmq
RUA BOM JESUS,6xm 6xmq
RUA BOM JESUS DA LAPA,6xmq
RUA BOM PASTOR,6xmq
RUA BOM RETIRO,6xmq
RUA BOM SAMARITANO,6xmq
RUA BOM SUCESSO,6xmq6
RUA BOMBAIM,6xmqg
RUA BONANZA,6xmqe
RUA BONANÇA,6xmq
RUA BONFIM,6xmqf
RUA BONGA,6xmq
RUA BONINAS,6xmqe
RUA BONN,6xmq
RUA BONS AMIGOS,6xmq6
RUA BONSAI,6xm
RUA BOQUEIRÃO,6xmqg
RUA BORACÉIA,6xmqe
RUA BORARIS,6xmqf
RUA BORGES DE CASTRO,6xmq6
RUA BORGONHA,6xmq
RUA BOSCO CAVALCANTI,6xmq
RUA BOSTON,6xmq
RUA BOTAFOGO,6xmq
RUA BOTELHO DE MAGALHAES,6xmqf
RUA BOTELHO DE MAGALHÃES,6xmqf
RUA BOTELHO DE OLIVEIRA,6xmqf
RUA BOTO TUCUXI,6xmq
RUA BOTSUANA,6xmqg
RUA BOTTICELLI,6xmq6
RUA BOTUROBI,6xmqe
RUA BRAGANEY,6xmq
RUA BRAGANTINA,6xmqe
RUA BRAGANÇA,6xmq3
RUA BRANCO E SILVA,6xmq
RUA BRANCO SILVA,6xmq
RUA BRANDÃO DE AMORIM,6xmqe
RUA BRANQUINHA,6xmq
RUA BRASIL,6xmq
RUA BRASIL HAVEA,6xmq
RUA BRASILÉIA,6xmqe
RUA BRASÍLIA,6xmq6
RUA BRAÚNA,6xmq
RUA BREJINHOS,6xmqf
RUA BREJO VELHO,6xmqg
RUA BREJOLÂNDIA,6xmqe
RUA BRENDA,6xmqf
RUA BREVES,6xmqf
RUA BRIGRADEIRO JOÃO CAMARÃO,6xmq3
RUA BRILHO DO SOL,6xmqg
RUA BRISAS DO NORTE,6xmq3
RUA BRITÂNIA,6xmq6
RUA BROMÉLIA,6xmq
RUA BRONZE,6xmq
RUA BRUNO WALTER,6xmq6
RUA BRUSQUE,6xmqg
RUA BRUXELAS,6xmq
RUA BUCARESTE,6xmq
RUA BUDAPESTE,6xmqg
RUA BUENOS AIRES,6xmq
RUA BUIGANA,6xmqg
RUA BULGÁRIA,6xmqg
RUA BURITI,6xmq
RUA BURITI MIRIM,6xm
RUA BURITI PALITO,6xmq
RUA BURITIRAMA,6xmq
RUA BURITIZAL,6xmqf
RUA BURKINA,6xmqg
RUA BURRIÉ,6xmq
RUA BÁLACA,6xmqf
RUA BÁRIO,6xmqg
RUA BÉLGICA,6xmq
RUA BÉTULA,6xmq 6xmqg
RUA BÓSNIA,6xmqg
RUA BÚZIOS,6xmq
RUA C,6xm
"RUA C (COND. RESERVA DAS FLORES)
C (COND. RESERVA DAS FLORES)",6xmq
RUA C 2,6xmq
RUA C1,6xmq
RUA CAAPI,6xmq
RUA CAAPIRANGA,6xmq6
RUA CABEDELO,6xmq
RUA CABI,6xmq
RUA CABIUVA,6xmq
RUA CABIXI,6xmq
RUA CABO BRANCO,6xmq6
RUA CABO JOSÉ AYRTON,6xmq3
RUA CABO VERDE,6xmq
RUA CABORJA,6xmq
RUA CABRAL ROLIM,6xmq3
RUA CABREÚVA,6xm
RUA CABROBO,6xmqe
RUA CABUL,6xmqg
RUA CABURE,6xm
RUA CABURI,6xmq
RUA CABUÇU,6xmqe
RUA CACATUA,6xmqe
RUA CACATUA ROSA,6xmq
RUA CACAU PIRÊRA,6xmqe
RUA CACAUEIRO,6xmq
RUA CACHOEIRA,6xmqe
RUA CACHOEIRA DA JIBÓIA,6xmq
RUA CACHOEIRA DA ONÇA,6xmqe
RUA CACHOEIRA DA PRATA,6xmq
RUA CACHOEIRA DAS ALMAS,6xm
RUA CACHOEIRA DE MACAU,6xmq
RUA CACHOEIRA DE MINAS,6xmq
RUA CACHOEIRA DE SANTA RITA,6xmq
RUA CACHOEIRA DE SÃO GABRIEL,6xmq
RUA CACHOEIRA DO APUÍ,6xmq
RUA CACHOEIRA DO ARARI,6xmqf
RUA CACHOEIRA DO BACUÍ,6xmq
RUA CACHOEIRA DO CAMPODO TRABALHADOR,6xmq3
RUA CACHOEIRA DO ITIQUIRA,6xmq
RUA CACHOEIRA DO JATOBÁ,6xmq
RUA CACHOEIRA DO NIAGARA,6xmqe
RUA CACHOEIRA DO PARICATUBA,6xmqe
RUA CACHOEIRA DO SANTUÁRIO,6xmqe
RUA CACHOEIRA DO SUL,6xmq
RUA CACHOEIRA DO TARUMÃ,6xmqe
RUA CACHOEIRA DO URUBUÍ,6xmqe
RUA CACHOEIRA SANTA,6xmq
RUA CACHOEIRAS,6xmqf
RUA CACILDA MELLO,6xmq
RUA CACIQUE,6xmqf
RUA CACOAL,6xmq
RUA CACTO AZUL,6xmqf
RUA CADIZ,6xmqg
RUA CAETANA CANTISANI,6xmqe
RUA CAETANO ANDRADE,6xmq
RUA CAETANO CABRAL,6xmq6
RUA CAETANO DA SILVA,6xmq6
RUA CAETANO DONIZETTI,6xmq3
RUA CAETANO ESTELITA,6xmqe
RUA CAETANO FÉLIX,6xmqf
RUA CAETITE,6xmqe
RUA CAETÉ,6xmqf
RUA CAETÊ AMARELO,6xm
RUA CAETÊ BAIANO,6xm
RUA CAFARNAUM,6xmqf
RUA CAFEEIRA,6xmq
RUA CAIANA,6xmq3
RUA CAIAPÓ,6xmqe
RUA CAIENA,6xmq
RUA CAIM,6xm
RUA CAIMITO,6xmqf
RUA CAIO GRACO,6xmq6
RUA CAIO JÚLIO CÉSAR,6xmq6
RUA CAIO LASMAR,6xmq3
RUA CAIRO,6xmq
RUA CAIRÉ,6xmqe
RUA CAISPIM  CABRAL,6xmq3
RUA CAITITE,6xmq3
RUA CAIÇARA,6xmq 6xmqe
RUA CAIÇARA DO NORTE,6xmqg
RUA CAJARANA,6xmqe
RUA CAJAZEIRO,6xmq
RUA CAJAÍBA,6xmq3
RUA CAJU,6xmq
RUA CAJU LISO,6xmqf
RUA CAJUARANA,6xmq3
RUA CAJUEIROS,6xmqg
RUA CAJUI,6xm
RUA CAJUÇARA,6xm
RUA CAJUÍ,6xm
RUA CAJÁ MIRIM,6xmq
RUA CALABRIA,6xmqe
RUA CALADIO BRANCO,6xmq
RUA CALAFATE,6xmq
RUA CALCUTA,6xmqg
RUA CALDAS BARBOSA,6xmqg
RUA CALEB,6xmqg
RUA CALI,6xmq
RUA CALIANDRA,6xm
RUA CALICATRES,6xmq3
RUA CALIFORNIA,6xmq
RUA CALIFÓRNIO,6xmq3
RUA CALIXTO,6xmq
RUA CALMO DO CAJURU,6xmqe
RUA CALOI,6xmq
RUA CALOPSITA,6xmqf
RUA CALÊNDULA,6xmqg
RUA CAMAFEN,6xmq
RUA CAMAIURA,6xmq
RUA CAMAMU,6xmqe
RUA CAMANAUS,6xmq3
RUA CAMANDUCAIA,6xmq
RUA CAMAPU,6xmq
RUA CAMAPUÃ,6xmqe
RUA CAMARAGIBE,6xmq
RUA CAMARATUBA,6xmq6
RUA CAMARGOS,6xmq
RUA CAMARÃO,6xmq
RUA CAMARÃO AMARELO,6xmq3
RUA CAMARÕES,6xmq
RUA CAMAÇARI,6xmqe
RUA CAMBARÁ,6xmqe
RUA CAMBEBAS,6xmqg
RUA CAMBERONEA,6xmqf
RUA CAMBIUÁ,6xmq
RUA CAMBIXE,6xmqe
RUA CAMBOJA,6xmqg
RUA CAMBRAIA,6xmq
RUA CAMBUCI,6xmqg
RUA CAMBUEIZEIRO,6xmqf
RUA CAMBUI,6xmqg
RUA CAMBURIÚ,6xmqe
RUA CAMERON,6xmqg
RUA CAMETÁ,6xmq3
RUA CAMILA MONTEIRO,6xmq6
RUA CAMILA RIBEIRO,6xmq6
RUA CAMILO CASTELO BRANCO,6xmq
RUA CAMILO DE JESUS LIMA,6xmq
RUA CAMILO VASCONCELOS DIAS,6xmqe
RUA CAMOCIM,6xmqg
RUA CAMOMILA,6xmq
RUA CAMOURA,6xmqg
RUA CAMPA,6xmqf
RUA CAMPECHE,6xmqg
RUA CAMPESTRE,6xmqg
RUA CAMPINA,6xmq
RUA CAMPINA DE MOABE,6xmqg
RUA CAMPINA GRANDE,6xmq3
RUA CAMPINA VERDE,6xmq
RUA CAMPINAS,6xmq
RUA CAMPO DO CASTANHAL,6xmq3
RUA CAMPO DOURADO,6xmqg
RUA CAMPO GRANDE,6xmq6
RUA CAMPO LARGO,6xmq
RUA CAMPO LIMPO,6xmqe
RUA CAMPO REDONDO,6xmqg
RUA CAMPO VERDE,6xmq3
RUA CAMPOS BRAVOS,6xmq
RUA CAMPOS DO JORDÃO,6xmq6
RUA CAMPOS LINDOS,6xmq3
RUA CAMPOS SALES,6xmq3
RUA CAMPÂNULA,6xmqe
RUA CAMU CAMU,6xmq
RUA CAMUCÉ,6xmqe
RUA CAMURAÍ,6xmq
RUA CANADÁ,6xmq
RUA CANALETTO,6xmq
RUA CANAMARI,6xmqe
RUA CANANORE,6xmq6
RUA CANANÉIA,6xmqe 6xmqg
RUA CANAPUÃ,6xmq6
RUA CANAPÓLIS,6xmqg
RUA CANARANA,6xmq3
RUA CANARINHO,6xm 6xmq
RUA CANARUÃ,6xmq 6xmq3
RUA CANARÁ,6xmq
RUA CANAUARI,6xmq
RUA CANAÃ,6xmqe
RUA CANAÇARI,6xmq
RUA CANDEIAS,6xm
RUA CANDEIAS DO JAMARI,6xm
RUA CANDELABROS,6xmq
RUA CANDELÁRIA,6xmq
RUA CANDIDA FERREIRA GRACINDO,6xmq
RUA CANELA,6xmqg
RUA CANELA AMARELA,6xmqf
RUA CANELA BRANCA,6xmqf
RUA CANELA CHEIROSA,6xmq
RUA CANELA PARDA,6xmqf
RUA CANGERANA,6xmq
RUA CANGUCU,6xmqg
RUA CANGUÇU,6xmqg
RUA CANINANA,6xmq
RUA CANINDÉ,6xmqg
RUA CANOAS,6xmq
RUA CANOPUS,6xmq3
RUA CANTADOR,6xmqf
RUA CANTAGALO,6xmqg
RUA CANTAREIRAS,6xmq
RUA CANTARELLI,6xmqg
RUA CANTORIA,6xmqf
RUA CANUARAMA,6xm
RUA CANUDEIRO,6xmqf
RUA CANUDOS,6xmq3
RUA CANUTAMA,6xmqe
RUA CANÁRIO,6xmqg
RUA CANÁRIO BELGA,6xmq6
RUA CANÁRIO DA TERRA,6xmqg
RUA CANÁRIO DO BREJO,6xmq
RUA CANÁRIO DO CAMPO,6xmqg
RUA CANÁRIO DO REINO,6xmqg
RUA CANÁRIO PARDO,6xmqg
RUA CANÓPOLIS,6xmq
RUA CAPADÓCIA,6xmqg
RUA CAPANEMA,6xmq3
RUA CAPANIA,6xmqf
RUA CAPARARI,6xmq
RUA CAPARÃO,6xm 6xmqf
RUA CAPELA,6xmqg
RUA CAPIBARIBE,6xmqe
RUA CAPIBARIKKBE,6xmqe
RUA CAPIM BRANCO,6xmq
RUA CAPIM ESTRELA,6xmq
RUA CAPIM GUINÉ,6xmq
RUA CAPIM PALMA,6xmq
RUA CAPIM SANTO,6xmq
RUA CAPINZAL,6xmqe
RUA CAPISTRANO DE ABREU,6xmq3
RUA CAPITINGA,6xm
RUA CAPITOLIO,6xmqe
RUA CAPITÃO  ANTONIO COIMBRA,6xmqg
RUA CAPITÃO BENTO COSTA,6xmqe
RUA CAPITÃO BRAULE PINTO,6xmqf
RUA CAPITÃO BRÁS,6xmq3
RUA CAPITÃO ENÉAS,6xmq
RUA CAPITÃO FRANCISCO FALCÃO,6xmqe
RUA CAPITÃO GUSTAVO MURGEL,6xmq
RUA CAPITÃO JOSÉ SIMÕES DE CARVALHO,6xmq
RUA CAPITÃO LAMARCA,6xmq6
RUA CAPITÃO LOURENÇO MELO,6xmqe
RUA CAPITÃO NICOLAU DE MELO,6xmq6
RUA CAPITÃO PEDRO C. FAVELA,6xmqe
RUA CAPITÃO POÇO,6xmqe
RUA CAPITÃO PROCÓPIO,6xmq
RUA CAPIVARI,6xmqe
RUA CAPIXABA,6xmq
RUA CAPOEIRAMA,6xmq
RUA CAPOEIRAS,6xmqe
RUA CAPUCHINHA,6xmq
RUA CAPUNGA,6xmq
RUA CAPURAGUE,6xmq
RUA CAPUTIRA,6xm
RUA CAQUETÁ,6xmqg
RUA CAQUI,6xmq
RUA CARA,6xm
RUA CARABUÇU,6xmqe
RUA CARACARAI,6xmqe
RUA CARACARÁ,6xm
RUA CARACAS,6xmq
RUA CARACOL DO MAR,6xmq
RUA CARAJA,6xmqf
RUA CARAJURU,6xmq
RUA CARAJÁS,6xmqe
RUA CARAMBEI,6xmqe
RUA CARAMBOLA,6xmqf
RUA CARAMBOLEIRA,6xmq
RUA CARAMUJO MARINHO,6xmq
RUA CARAMURU,6xmqe
RUA CARANA,6xm
RUA CARANDAI,6xmqe
RUA CARANDÁ,6xm
RUA CARANGUEJO,6xmq
RUA CARAPIÁ,6xmq
RUA CARARA,6xmq
RUA CARATINGA,6xmqe
RUA CARAUAÇU,6xmq
RUA CARAUBAS,6xmqe
RUA CARAVAGGIO,6xmqg
RUA CARAVELAS,6xmqe
RUA CARAVELLE,6xmq
RUA CARAZINHO,6xmqf
RUA CARAÍBAS,6xmq
RUA CARAÚNA,6xmqe
RUA CARBONITA,6xmq
RUA CARDEAL,6xm
RUA CARDEAL DA AMAZÔNIA,6xmq
RUA CARDEAL DA SILVA,6xmqg
RUA CARDINAL,6xmq
RUA CARDO SANTO,6xmq
RUA CARDOSO NUNES,6xmq6
RUA CAREACU,6xmqf
RUA CAREIRO,6xmqe
RUA CAREIRO CASTANHO,6xmq
RUA CAREIRO DA VÁRZEA,6xmq6
RUA CARIBE,6xmqf
RUA CARIJÓ,6xmqf
RUA CARIOPÓLIS,6xmqe
RUA CARIRI,6xmq3
RUA CARIRÉ,6xmqe
RUA CARLA TUPINAMBÁ,6xmq
RUA CARLITO SILVA SANTOS,6xmq
RUA CARLOS ALCÂNTARA,6xmqe
RUA CARLOS APRÍGIO,6xmq
RUA CARLOS ARAÚJO,6xmq
RUA CARLOS BAYMA,6xmq
RUA CARLOS BORBOREMA,6xmq
RUA CARLOS COUTINHO,6xmq
RUA CARLOS DE LAET,6xmq3
RUA CARLOS DE OLIVEIRA,6xmq3
RUA CARLOS DIAS,6xmq
RUA CARLOS DRUMMOND DE ANDRADE,6xmq
RUA CARLOS FERNANDES,6xmq3
RUA CARLOS FILGUEIRAS,6xmq6
RUA CARLOS FILLIPE,6xmqf
RUA CARLOS GALHARDO,6xmq
RUA CARLOS GOMES,6xmq 6xmq6
RUA CARLOS IMPERIAL,6xmq
RUA CARLOS ISOTTA,6xmq
RUA CARLOS LACERDA,6xmq6
RUA CARLOS LEAL,6xmq
RUA CARLOS LECOR,6xmq6
RUA CARLOS MACAMBARIA,6xm
RUA CARLOS MAGNO,6xmqe
RUA CARLOS NELSON,6xmq
RUA CARLOS NUNES,6xmq
RUA CARLOS PACE,6xmq
RUA CARLOS PRESTES,6xmq
RUA CARLOS ROCHA,6xmq6
RUA CARLOS S. DE MELO,6xmqe
RUA CARLOS TASSO,6xmq
RUA CARLOS VASQUES,6xmq6
RUA CARLOS VIEGAS,6xmqg
RUA CARLOS ZEFIRO,6xmq
RUA CARLOTA  ARÉAS,6xmqe
RUA CARMELITA FERREIRA,6xmq
RUA CARMELO,6xmqg
RUA CARMEM COELHO PINTO,6xm
RUA CARMEM DE SOUZA COÊLHO PINTO,6xmq
RUA CARMEM FERNANDEZ,6xmq
RUA CARMEM GUIMARÃES HAGGE,6xmq
RUA CARMEN CAVALLERO,6xmq3
RUA CARMEN MIRANDA,6xmq
RUA CARMEN SAMPAIO,6xmq
RUA CARMO DE MINAS,6xmq
RUA CARNAUBAL,6xmqf
RUA CARNAUBEIRA,6xmqf
RUA CAROBA BRANCA,6xmqf
RUA CAROEBE,6xmq
RUA CAROLINA DAS NEVES,6xmq
RUA CARPINA,6xmq
RUA CARPINTEIRO PERES JUNIOR,6xmq
RUA CARQUEJA,6xm
RUA CARROSSEL,6xmqf
RUA CARTAGENA,6xmqg
RUA CARTOLA,6xmqe
RUA CARUANAS,6xmqe 6xmqg
RUA CARUBÁ,6xmqf
RUA CARUCAÁ,6xmq
RUA CARVALHO,6xmqf
RUA CARVALHO MOREIRA,6xmq3
RUA CARVALHO PAES DE ANDRADE,6xmq6
RUA CARVOEIRO,6xmq
RUA CASABLANCA,6xmq
RUA CASCA PRECIOSA,6xmq
RUA CASCADE,6xmqf
RUA CASCALHEIRA,6xmq3
RUA CASCATA,6xmqe
RUA CASIARINA,6xmqe
RUA CASIMIRO DE ABREU,6xmq3
RUA CASPIO,6xmq3
RUA CASSAVÁ,6xmq
RUA CASSIA DOS COQUEIROS,6xmq
RUA CASSIA ELLER,6xmq
RUA CASSINA,6xmqe
RUA CASSIOPEIA,6xmq3
RUA CASSITA,6xmq
RUA CASSITERITA,6xmq
RUA CASTANHA,6xmqf
RUA CASTANHA DO PARÁ,6xmqf
RUA CASTANHAL,6xmq3
RUA CASTANHAL GRANDE,6xmqe
RUA CASTANHEDE,6xmq
RUA CASTANHEIRA,6xmqf
RUA CASTANHO,6xmqe
RUA CASTANHOLA,6xm
RUA CASTELO,6xmqe
RUA CASTELO BRANCO,6xmq
RUA CASTILHO,6xmqe
RUA CASTILLOA,6xmq
RUA CASTRO,6xmqe
RUA CASTRO ALVES,6xmq6
RUA CATALINA,6xmqf
RUA CATALUNHA,6xmqg
RUA CATALÃO,6xmqe
RUA CATANDUVAS,6xmq
RUA CATANHEDE,6xmq
RUA CATAR,6xmq
RUA CATARATAS DO IGUAÇU,6xmqe
RUA CATARINA,6xmqe
RUA CATARINA DE ARAGÃO,6xmq 6xmq6
RUA CATARUE,6xmq
RUA CATATAU,6xmq
RUA CATAVENTO,6xmq
RUA CATERANA,6xmq
RUA CATETE,6xmqe
RUA CATIARA,6xmq3
RUA CATIGUA,6xmqe
RUA CATLÉIA,6xmq
RUA CATULO DA PAIXÃO,6xmq
RUA CATUPÉ,6xmq
RUA CATUÁ,6xmq
RUA CATÂNIA,6xmqg
RUA CAUAÇU,6xmq
RUA CAUCAIA,6xmq
RUA CAUIANA,6xmq
RUA CAUIM,6xmq
RUA CAULIM,6xmq
RUA CAVALO MARINHO,6xmq
RUA CAVAQUINHO,6xmqf
RUA CAVIANA,6xmq
RUA CAXIAS,6xmqe
RUA CAXIAS DO SUL,6xmq
RUA CAXINGUELÊ,6xmqf
RUA CAXIUNA,6xm
RUA CAZAQUISTÃO,6xmqg
RUA CAZUZA,6xmq
RUA CEARÁ,6xmq
RUA CEARÁ MIRIM,6xmqg
RUA CECÍLIA BERNARDO CABRAL,6xmq3
RUA CECÍLIA MEIRELES,6xmq3
RUA CEDAR,6xmqf
RUA CEDRINHO,6xm
RUA CEDRO,6xmq
RUA CEDRO AMARELO,6xmqe
RUA CEDRO BRANCO,6xmqe
RUA CEDRO DO LÍBANO,6xmqe
RUA CEDRO ROSA,6xmqe
RUA CEDRO VERMELHO,6xmqe
RUA CEDROARANA,6xm
RUA CEDRORAMA,6xmqf
RUA CEFEU,6xmq3
RUA CEILÂNDIA,6xmq
RUA CEITA FERNANDES,6xmq6
RUA CELANI PEREIRA,6xmq
RUA CELEBRIDADE,6xmq
RUA CELIDÔNIA,6xmq
RUA CELLY CAMPELLO,6xmq
RUA CELSO DE MENEZES,6xmq3
RUA CELSO HADDAD,6xmq6
RUA CELSO MACHADO,6xmq
RUA CELTA,6xmq
RUA CELÓSIA,6xmq
RUA CENTAURO,6xmq3
RUA CENTRAL,6xmq
RUA CEREJEIRA,6xmqf
RUA CEREJEIRA RAJADA,6xmq
RUA CEREUS,6xm
RUA CERINA SOUTO,6xmq
RUA CERVANTES,6xmq
RUA CERVO,6xmq
RUA CESARÉIA,6xmqg
RUA CESNA,6xmqf
RUA CEUTA,6xmqg
RUA CEVADA,6xmqf
RUA CEZANNE,6xmq
RUA CHACO,6xmq
RUA CHACRINHA,6xmqe
RUA CHADE,6xmqg
RUA CHAPADA,6xmq
RUA CHAPADA DE AREIA,6xmq3
RUA CHAPÉU DO BISPO,6xmq
RUA CHARLES DARWIN,6xmq 6xmqe
RUA CHARLES DE GAULLE,6xmqg
RUA CHARLES GOODYEAR,6xmq
RUA CHARLES GOUNOD,6xmqe
RUA CHARLES HANDY,6xmqe
RUA CHARLES ROGER,6xmqf
RUA CHARLES WILSON,6xmq
RUA CHARLOTTE,6xmqg
RUA CHAVES,6xmq3
RUA CHAVES RIBEIRO,6xmq6
RUA CHICO ALVES,6xmq
RUA CHICO MENDES,6xmq6
RUA CHICO QUEIROZ,6xmq
RUA CHIGAGO,6xmq
RUA CHILE,6xmq
RUA CHINA,6xmq
RUA CHIQUINHA GONZAGA,6xmq6
RUA CHOPIIM,6xm
RUA CHOPIM-DO-CAMPO,6xmqg
RUA CHUI,6xmqe
RUA CHUVA BRANCA,6xmq 6xmqe
RUA CHUVA DE OURO,6xmqf
RUA CHUVA DE PRATA,6xmq
RUA CHUVEIRINHO,6xmq
RUA CIBIPURUMA,6xmq
RUA CICA,6xmq
RUA CICERO MONTEIRO,6xmq
RUA CICLAME,6xmq6
RUA CIDADANIA,6xmqg
RUA CIDADE DO CABO,6xmqg
RUA CIDADE DO PORTO,6xmqg
RUA CIDADE DO SOL,6xmq
RUA CIDADE JARDIM,6xmq
RUA CIDADE SANTA,6xmqf
RUA CIDREIRA,6xmq
RUA CIGANA,6xmq
RUA CINCINNATTI,6xmqg
RUA CINCO,6xm
RUA CINE GUARANY,6xmq
RUA CINE ODEON,6xmq6
RUA CINE POLYTHEAMA,6xmq
RUA CINELANDIA,6xmq
RUA CINGAPURA,6xmq
RUA CIPRESTE AZUL,6xmqe
RUA CIPRESTE NAVADO,6xmqe
RUA CIPRESTRE,6xmq
RUA CIPRESTRE DOURADO,6xmqe
RUA CIPÓ,6xmqe
RUA CIPÓ ALHO,6xmq
RUA CIPÓ MEL,6xmqf
RUA CIPÓ TUIRA,6xmq
RUA CIRIACO,6xmqe
RUA CIRIEMA,6xm
RUA CIRIGUELA,6xmq
RUA CIRO,6xmq
RUA CIRO CARDOSO,6xmqe
RUA CIRO DOS ANJOS,6xmqf
RUA CISJORDANIA,6xmqg
RUA CISNE,6xm
RUA CISNE ASSOBIADOR,6xmq
RUA CISNE EUROPEU,6xmq
RUA CISNE NEGRO,6xmq
RUA CISNE SELVAGEM,6xmq
RUA CITRINA,6xmq3
RUA CITRINO,6xmq 6xmqe
RUA CITRONELA,6xmq
RUA CLARA CORDEIRO,6xmq3
RUA CLARA NUNES,6xmqe
RUA CLARA SILVA,6xmqg
RUA CLARAVAL,6xmq
RUA CLARICE ALVES DE ARAÚJO,6xmq3
RUA CLARICE LISPECTOR,6xmq
RUA CLARINDO DE QUEIROZ,6xmq6
RUA CLAUDE DEBUSSY,6xmq
RUA CLAUDIANO MOREIRA,6xmq
RUA CLAUDINO NOGUEIRA,6xmq
RUA CLAUDIO ARRAU,6xmq
RUA CLAUDIO COUTINHO,6xmq6
RUA CLAUDIO M. ANDRADE,6xm
RUA CLAUDIO MANOEL DA COSTA,6xmq3
RUA CLAÚDIO ARRAU,6xmq
RUA CLAÚDIO SANTORO,6xmq
RUA CLEMENTE DE ALEXANDRIA,6xmq6
RUA CLEMENTINA DE JESUS,6xmqe
RUA CLEOMAR MONTEIRO,6xmq
RUA CLEONICE LIMA,6xmq6
RUA CLEÓPATRA,6xmq
RUA CLIDENOR GALVÃO,6xmq
RUA CLISSIA MONTEIRO MAIA,6xmq3
RUA CLODOALDO BECKMANN,6xmq
RUA CLODOALDO GUERRA,6xmq6
RUA CLORITA,6xmq
RUA CLOTILDE S MARQUES,6xmq
RUA CLOVIS BARRETO,6xmq3
RUA CLÓVIS BARROSO BRAGA,6xmq3
RUA COARACI,6xmqe
RUA COARI,6xmq
RUA COAVI,6xmqf
RUA COBALTO,6xmq
RUA COBI,6xmqf
RUA COBRA CIPÓ,6xmq
RUA COBRA CORAL,6xmq
RUA COBRA D'ÁGUA,6xmq
RUA COCAL,6xmqe
RUA COCAMAS,6xm
RUA COCHABAMBA,6xmq
RUA COCOS,6xmqe
RUA COELHO NETO,6xmq3
RUA COIMBRA,6xmqe
RUA COIRAMA,6xmq
RUA COJUBIM,6xm
RUA COLATINA,6xmqe
RUA COLE PORTER,6xmqe
RUA COLEIRINHA,6xmqf
RUA COLEIRO,6xmq
RUA COLIBRI,6xmqf
RUA COLIBRI BEIJA FLOR,6xmq
RUA COLIDER,6xmqe
RUA COLINA BELA,6xmqf
RUA COLINA OLIVEIRA,6xmq
RUA COLINA VERDE,6xmqf
RUA COLINAS,6xmqe
RUA COLINAS DO SUL,6xmqf
RUA COLINAS GOLÃ,6xmqf
RUA COLMEIA,6xmqe
RUA COLOMBO,6xmqe
RUA COLOMBO LADISLAU,6xmqg
RUA COLORADO,6xmqe
RUA COLORADO DO OESTE,6xm
RUA COLOSSENSES,6xmqf
RUA COLOSSSOS,6xmq
RUA COLUMBITA,6xmq
RUA COLUMINEA,6xmq
RUA COLÔMBIA,6xmq
RUA COMANDANTE  REMÉDIOS,6xmq
RUA COMANDANTE ATLAS CANTANHEDE,6xmq
RUA COMANDANTE CARLOS NATROTT,6xmq
RUA COMANDANTE CESAR AGUIAR,6xmq
RUA COMANDANTE CÂNDIDO COSTA,6xmq6
RUA COMANDANTE EYNER ENCARNAÇÃO,6xmq
RUA COMANDANTE FERRAZ,6xmq
RUA COMANDANTE FRANCISCO MONTEIRO,6xmqe
RUA COMANDANTE HENRIQUE BASTOS,6xmq
RUA COMANDANTE J G. ARAÚJO,6xmq3
RUA COMANDANTE J.G. ARAÚJO,6xmq3
RUA COMANDANTE JOSÉ SIQUEIRA,6xmq
RUA COMANDANTE NATHANAEL  ALBUQUERQUE,6xmq
RUA COMANDANTE NORBERTO WON GAL,6xmq
RUA COMANDANTE PAULO LASMAR,6xmq
RUA COMANDANTE PAULO VARELLA,6xmq
RUA COMANDANTE RAIMUNDO MORAES,6xmqe
RUA COMANDANTE RANGEL,6xmq
RUA COMANDANTE THEOPHILO MATOS,6xmq
RUA COMANDANTE VICENTE CRUZ,6xmq3
RUA COMANDANTE WALDIR BASTOS,6xmq
RUA COMBINADO,6xmqe
RUA COMENDADOR CLEMENTINO,6xmq 6xmq6
RUA COMENDADOR GUTEMBERG BARBOSA,6xmq3
RUA COMENDADOR JORGE DAOU,6xmq6
RUA COMENDADOR MATOS AREOSA,6xmq3
RUA COMENDADOR VICENTE CRUZ,6xmq3
RUA COMETA HALLEY,6xmq6
RUA CONCEIÇÃO DA BARRA,6xmqe
RUA CONCEIÇÃO DO NORTE,6xmq
RUA CONCIOLÂNDIA,6xmqe
RUA CONDE,6xmqe
RUA CONDE D' EU,6xmq
RUA CONDE D'AMARANTE,6xmq
RUA CONDE DA TORRE,6xmqe
RUA CONDE DE ABRANHOS,6xmq
RUA CONDE DE ABRANTES,6xmqe
RUA CONDE DE ANADIA,6xmq
RUA CONDE DE CASARES,6xmqe
RUA CONDE DE CAVOUR,6xmq
RUA CONDE DE CAXIAS,6xmq
RUA CONDE DE IRAJÁ,6xmq
RUA CONDE DE ITAGUAI,6xmq
RUA CONDE DE LEMOS,6xmqe
RUA CONDE DE LINHARES,6xmqe
RUA CONDE DE MONTE CRISTO,6xmq
RUA CONDE DE OEIRAS,6xmq
RUA CONDE DE PALMELA,6xmq6
RUA CONDE DE SABARÁ,6xmq
RUA CONDE DE SAPUCAI,6xmq
RUA CONDE DE TOCANTINS,6xmq 6xmqe
RUA CONDE DE ÓBIDOS,6xmqe
RUA CONDE DO MARANHÃO,6xmq
RUA CONDE DOS ARCOS,6xmq6
RUA CONDEUBA,6xmqe
RUA CONDOR,6xmqg
RUA CONFREI,6xmq
RUA CONGO,6xmq
RUA CONGONHAS,6xmq
RUA CONQUILHAS,6xmq
RUA CONQUISTA,6xmqe 6xmqg
RUA CONRAD HILTON,6xmq6
RUA CONSAGRAÇÃO,6xmq
RUA CONSERVATÓRIA,6xmqg
RUA CONSOLADOR,6xmqf
RUA CONSTANCIO ALVES,6xmq3
RUA CONSTANTINOPLA,6xmq3
RUA CONSTANÇA,6xmq
RUA CONSTELAÇÃO CRUZEIRO DO SUL,6xmq6
RUA CONSTELAÇÃO DE AQUÁRIUS,6xmq6
RUA CONSTELAÇÃO DE GÊMEOS,6xmq
RUA CONSTELAÇÃO DE PEIXES,6xmq6
RUA CONSTELAÇÃO DE TOURO,6xmq6
RUA CONSTELAÇÃO DE TRÊS MARIAS,6xmq6
RUA CONSTELAÇÃO DE ÓRION,6xmq6
RUA CONSTELAÇÃO URSA MAIOR,6xmq6
RUA CONTAGEM,6xmqe
RUA CONTRA BAIXO,6xmqg
RUA CONVAIR,6xmqf
RUA COPACABANA,6xmqe
RUA COPAIBARANA,6xm
RUA COPAÍBA,6xmq
RUA COPENHAGEM,6xmq
RUA COPO DE LEITE,6xmq
RUA COPÉRNICO,6xmq6
RUA COQUEIRAL,6xmqe
RUA COQUEIRO DO CAMPO,6xmq3
RUA CORA CORALINA,6xmq
RUA CORA RONAI VIEIRA,6xmq3
RUA CORACI,6xmqf
RUA CORACÃO DE MARIA,6xm
RUA CORAL,6xmq
RUA CORAMANDEL,6xmqe
RUA CORAÇÃO DE JESUS,6xmqg
RUA CORBÉLIA,6xmqe
RUA CORCOVADO,6xmqe
RUA CORDADO,6xmq
RUA CORDIERITA,6xmq
RUA CORDILHEIRA DOS ANDES,6xmq
RUA CORDOBA,6xmq
RUA COREAU,6xmqe
RUA COREMAS,6xmqe
RUA CORIBE,6xmqg
RUA CORINA DANTAS,6xmq3
RUA CORINTO,6xmqe 6xmqg
RUA COROA DE CRISTO,6xmq
RUA COROACI,6xm
RUA COROATA,6xmqg
RUA CORONEL  PEDRO J. DE SOUZA,6xmqe
RUA CORONEL AFONSO DE CARVALHO,6xmq6
RUA CORONEL ALEXANDRE MONTORIL,6xmq6
RUA CORONEL BENTO RODRIGUES,6xmqe
RUA CORONEL BRITO,6xmq
RUA CORONEL CONRADO NIEMEYER,6xmq6
RUA CORONEL DOMINGOS DE ANDRADE,6xmqe
RUA CORONEL FERREIRA DE ARAÚJO,6xmq 6xmq6
RUA CORONEL FERREIRA SOBRINHO,6xmq6
RUA CORONEL FLÁVIO AUGUSTO DA SILVA REBELLO,6xmq
RUA CORONEL FRANCELINO DE ARAÚJO,6xmqg
RUA CORONEL GRACILIANO,6xmq
RUA CORONEL GUERREIRO ANTONY,6xmqe
RUA CORONEL IGREJAS LOPES,6xmq
RUA CORONEL JAIME MENDONÇA,6xmq 6xmq6
RUA CORONEL JOAQUIM JOSÉ GUSMÃO,6xmq
RUA CORONEL JOAQUIM TINOCO VALENTE,6xmq
RUA CORONEL JORGE,6xmq
RUA CORONEL MANOEL CORREA,6xmq6
RUA CORONEL MATOS DA SILVEIRA,6xmq6
RUA CORONEL MIRANDA REIS,6xmq6
RUA CORONEL MONTEIRO TAPAJÓS,6xmqe
RUA CORONEL NAGIB AIDAR,6xmq
RUA CORONEL NARDI,6xmq
RUA CORONEL NUNES DE LIMA,6xmq 6xmqe
RUA CORONEL RAIMUNDO CUNHA,6xmqe
RUA CORONEL RAMALHO JUNIOR,6xmqe
RUA CORONEL SALGADO,6xmq
RUA CORONEL SILVINO CAVALCANTE,6xmq
RUA CORONEL SÁVIO BELOTA,6xm
RUA CORONEL SÉRGIO PESSOA,6xmq
RUA CORONEL TABORDA DE MIRANDA,6xmqe
RUA CORONEL TEIXEIRA,6xmq3
RUA CORONEL TEODORO DOS REIS,6xmqe
RUA CORONEL THAUMATURGO DE AZEVEDO,6xm 6xmqf
RUA CORONEL VALENTIN NORMANDO,6xmq
RUA CORONEL VICTOR COUTINHO,6xmqe
RUA CORREA MENDES,6xmqg
RUA CORREIA JUNIOR,6xmq
RUA CORREIDEIRA DAS LAGES,6xmqg
RUA CORRENTE,6xmqg
RUA CORRETINA,6xmq
RUA CORRIENTES,6xmq
RUA CORRUPIÃO PRETO,6xmq
RUA CORTE DO SOLIMÕES,6xmq
RUA CORUMBA,6xmq
RUA CORUMBIARA,6xmq
RUA CORUPÁ,6xmqe
RUA CORVINA,6xmq
RUA CORÁ,6xmqg
RUA CORÉIA,6xmqg
RUA CORÉIA DO NORTE,6xmq
RUA CORÉIA DO SUL,6xmq
RUA CORÍNTIOS,6xmqf
RUA COSME ALVES FILHO,6xmq6
RUA COSME FERREIRA FILHO,6xmq
RUA COSME LIMA,6xmq6
RUA COSTA AZEVEDO,6xmq
RUA COSTA DO MARFIM,6xmq
RUA COSTA MARQUES,6xm
RUA COSTA REGO,6xmq3
RUA COSTA RICA,6xmq
RUA COSTELA DE ADÃO,6xmq
RUA COXIM,6xmqg
RUA CRACÓVIA,6xmq
RUA CRASSO,6xmq
RUA CRATO,6xmqg
RUA CRAVEIRO,6xmq
RUA CRAVINA DO CAMPO,6xmqe
RUA CRAVINHO,6xmq
RUA CRAVITAS,6xmq
RUA CRAVO,6xmq
RUA CRAVO DA ÍNDIA,6xmqe
RUA CRAVO DO NORTE,6xmq
RUA CRAVO FRANCÊS,6xm
RUA CREDIÚVA,6xmqf
RUA CREMONA,6xmq3
RUA CREONTE,6xmq
RUA CRETA,6xmq6
RUA CRETENSES,6xmq
RUA CREUZA DE OLIVEIRA BASTOS,6xmq
RUA CREUZA LOPES LEITÃO,6xmq6
RUA CREUZA VIEIRA RODRIGUES,6xmq3
RUA CRICIÚMA,6xmq3
RUA CRIPTONITA,6xmq
RUA CRISANDÁLIA,6xmq
RUA CRISANTEMO BRANCO,6xm
RUA CRISANTO JOBIM,6xmq6
RUA CRISOBERILO,6xmq
RUA CRISOLITA,6xmq
RUA CRISPIM,6xmq
RUA CRISPIM DO AMARAL,6xmq6
RUA CRISPIM FORTES,6xmq6
RUA CRISTAIS PAULISTA,6xmq
RUA CRISTAL,6xmq
RUA CRISTIANE BELOTA BARBOSA,6xmq
RUA CRISTIANO MACHADO,6xmq
RUA CRISTIANO OTONI,6xmq6
RUA CRISTIANO TROYER,6xmq
RUA CRISTINA SIMÕES BRANDÃO,6xmq
RUA CRISTINA TAVARES,6xmq
RUA CRISTO REDENTOR,6xmqf
RUA CRISTO REI,6xm 6xmq
RUA CRISTOVÃO COLOMBO,6xmq3
RUA CRISTOVÃO CORDEIRO,6xmq
RUA CRISTOVÃO MALDONADO,6xmqe
RUA CRISÂNTEMO DO JAPÃO,6xmqg
RUA CRISÂNTEMO-DA-CHINA,6xmqg
RUA CRISÂNTENEAS,6xmq
RUA CROMITA,6xmq
RUA CROSITA,6xmqe
RUA CROTO,6xmq
RUA CROTON BRAVO,6xmq
RUA CROÁCIA,6xmq 6xmqg
RUA CRUZ ALTA,6xmq
RUA CRUZ DE MALTA,6xmq
RUA CRUZEIRO,6xmq
RUA CRUZEIRO DO  OESTE,6xmq
RUA CRUZÁLIA,6xmqe
RUA CRUÁ,6xmq
RUA CUBA,6xmq
RUA CUBATÃO,6xmq
RUA CUBIU,6xmq
RUA CUIEIRA,6xmq
RUA CUIU CUIU,6xmq
RUA CULUNAM,6xmq
RUA CUMARU,6xmq
RUA CUMARÉ,6xmqf
RUA CUMUCIM,6xmq
RUA CUPIUBA,6xmqf
RUA CUPIÚBA,6xmqf
RUA CUPUI,6xmq
RUA CURACAO,6xmqg
RUA CURARÁ,6xmq
RUA CURIANGO,6xmqg
RUA CURIATO,6xmq
RUA CURICA,6xmqe
RUA CURICACAS,6xmqg
RUA CURICÓ,6xm
RUA CURIMATÃ,6xmq
RUA CURIMÃ,6xmq
RUA CURIO  BRANCO,6xm
RUA CURIO DE COLEIRA,6xm
RUA CURIO PARACAMBI,6xm
RUA CURIO PRAIA,6xm
RUA CURIO-DE-COLEIRA,6xm
RUA CURIPACO,6xmqg
RUA CURITIBA,6xmq6
RUA CURIÓ,6xmqg
RUA CURIÓ XODÓ,6xm
RUA CURIÓ-UTINGA,6xm
RUA CURRAIS NOVOS,6xmqe 6xmqg
RUA CURRUPIÃO,6xmq
RUA CURUA UNA,6xmq
RUA CURUAI,6xmqg
RUA CURUANA,6xmq3
RUA CURVELO,6xmqf
RUA CUSCO,6xmq
RUA CUSTÒDIA,6xmqe
RUA CUSTÓDIA,6xmqe
RUA CUSTÓDIA CARNEIRO DE LIMA,6xmq
RUA CUSTÓDIO  GARCIA,6xmqe
RUA CUSTÓDIO CORREA,6xmqe
RUA CUSTÓDIO CORRÊA,6xmqe
RUA CUTIA,6xm
RUA CÁCERES,6xmqg
RUA CÁRITA FREIRE ALVES,6xmq
RUA CÁSPIO,6xmq3
RUA CÁSSIA BAIANA,6xmq
RUA CÁSSIO DANTAS,6xmq6
RUA CÂNDIDA FERREIRA GRACINDO,6xmq
RUA CÂNDIDO DE OLIVEIRA,6xmq
RUA CÂNDIDO JUCA,6xmq3
RUA CÂNDIDO MARIANO,6xmq
RUA CÂNDIDO MENDES,6xmq3
RUA CÉSAR DIAS,6xmq
RUA CÉSAR EMIR DUARTE,6xmq3
RUA CÉSAR TAVARES,6xmqf
RUA CÉZAR AUGUSTO,6xmqf
RUA CÓRSEGA,6xmqg
RUA CÔNEGO ANTONIO PLÁCIDO WALTER NOGUEIRA,6xmq
RUA CÔNEGO AZEVEDO,6xmq3
RUA CÔNEGO ISRAEL,6xmqe 6xmqg
RUA CÔNEGO JOSÉ MONTEIRO DE NORONHA,6xm
RUA D 2,6xmq
RUA D'AVILA,6xmq
RUA D1,6xmq
RUA DA ALEGRIA,6xmq6
RUA DA AMIZADE,6xmqg
RUA DA ASCENÇÃO,6xmqf
RUA DA CACHOEIRA,6xmq
RUA DA CASCATA,6xm
RUA DA COLINA,6xm
RUA DA COLÔNIA,6xmq
RUA DA CONQUISTA,6xmqf
RUA DA CONSOLAÇÃO,6xmq6
RUA DA CONSTITUIÇÃO,6xmq3
RUA DA DICA,6xmq
RUA DA DREAMAR,6xm
RUA DA ENSEADA,6xm
RUA DA ESPERANÇA,6xmqe
RUA DA FAUNA,6xmq
RUA DA FEIRA,6xmq
RUA DA FELICIDADE,6xmq
RUA DA FLORESTA,6xm 6xmq
RUA DA FONTE,6xm
RUA DA FRATERNIDADE,6xmq6
RUA DA FRIGELO,6xmq
RUA DA GLÓRIA,6xmq
RUA DA GRANJA AZUL,6xmq
RUA DA ILUSÃO,6xmqf
RUA DA INDEPENDÊNCIA,6xmq3
RUA DA INSTALAÇÃO,6xmq
RUA DA LEGIÃO,6xmq 6xmq6
RUA DA LIBERDADE,6xmq3
RUA DA LIBERTACAO,6xmq3
RUA DA LIBERTAÇÃO,6xmq3
RUA DA LUA,6xmq6
RUA DA MINA,6xmq
RUA DA OLARIA,6xmq
RUA DA PALESTINA,6xmq
RUA DA PANAIR,6xmq
RUA DA PAZ,6xmq
RUA DA PEDREIRA,6xmq6
RUA DA PENINSULA,6xm
RUA DA PRAIA,6xm
RUA DA PRATA,6xmq
RUA DA PROSPERIDADE,6xmq 6xmq3
RUA DA REPÚBLICA,6xmq
RUA DA RESSUREIÇÃO,6xmq
RUA DA SALVAÇÃO,6xmq
RUA DA SEIVA,6xmq
RUA DA UNIÃO,6xmqf
RUA DA VERTENTE,6xm
RUA DA VITORIA,6xmqf
RUA DA VITÓRIA,6xmqf
RUA DABEL DANIEL,6xmq
RUA DAFLORA,6xmq
RUA DAKAR,6xmq
RUA DALAI LAMA,6xmqf
RUA DALCÍDIO JURANDIR,6xmqe
RUA DALILA,6xm
RUA DALLAS,6xmq
RUA DALMIR CAMARA,6xmqg
RUA DALMO MOREIRA,6xmq3
RUA DALMO REIS,6xmqf
RUA DALVA DE OLIVEIRA,6xmqe
RUA DAMACO,6xmqg
RUA DAMACURI,6xmqf
RUA DAMASCO,6xmqf
RUA DANANI,6xmq
RUA DANIEL BADGER,6xmq
RUA DANIEL DE ARAÚJO,6xmq6
RUA DANIEL SEVALHO,6xmq
RUA DANIELA  A. SEVALHO,6xmqe
RUA DANIELA PERES,6xmq
RUA DANILO CORREA,6xmq 6xmq6
RUA DANILO FERNANDES,6xmqf
RUA DANTE MILANO,6xmq
RUA DARCI AZAMBUJA,6xmq
RUA DARCY FRANÇA,6xmq
RUA DARCY MICHILES,6xmq6
RUA DARIA SERRÃO,6xmq 6xmq3
RUA DAS ABIURANAS,6xmq
RUA DAS ACAPURANAS,6xmq
RUA DAS ACAPURANAS VERMELHAS,6xmq
RUA DAS ACÁCIAS,6xmq
RUA DAS ALAMANDAS,6xm
RUA DAS ALDEIAS,6xm
RUA DAS AMARILIS,6xmq
RUA DAS AMETISTAS,6xmq6
RUA DAS ANDIROBAS,6xmq
RUA DAS ANDORINHAS,6xmqg
RUA DAS ANGÉLICAS,6xmq 6xmqe
RUA DAS ARARAS,6xmq
RUA DAS ARRUDAS,6xmq6
RUA DAS AVENCAS,6xmq
RUA DAS AZALÉIAS,6xmq
RUA DAS AÇUCENAS,6xmq
RUA DAS BACABAS,6xmq
RUA DAS BACABEIRAS,6xmq
RUA DAS BANDEIRAS,6xmqf
RUA DAS BEGÔNIAS,6xmq
RUA DAS BRILHANTINAS,6xmq6
RUA DAS BROMÉLIAS,6xmq
RUA DAS BUGANVILEAS,6xmq
RUA DAS BULGÁRIAS,6xmq
RUA DAS CACIMBAS,6xmq
RUA DAS CALÊNDULAS,6xmq6
RUA DAS CAMÉLIAS,6xmq
RUA DAS CANAS,6xmq
RUA DAS CANFONEIRAS,6xmq 6xmqe
RUA DAS CARAPANAÚBAS,6xmq
RUA DAS CASTANHOLAS,6xmq
RUA DAS CIGANAS,6xmqg
RUA DAS CODORNAS,6xm
RUA DAS COLHEREIRAS,6xmqg
RUA DAS CONCHAS,6xmq
RUA DAS COPAÍBAS,6xmq
RUA DAS CORRENTEZAS,6xmq
RUA DAS CRAVINAS,6xmq
RUA DAS DUNAS,6xmq
RUA DAS DÁLIAS,6xmq
RUA DAS ENSEADAS,6xmq
RUA DAS ENVIRAS,6xmq
RUA DAS ESMERALDAS,6xmq
RUA DAS FADAS,6xmq
RUA DAS FAUBIRAS,6xmq
RUA DAS FLORES,6xmq
RUA DAS GARAPAS,6xmqe
RUA DAS GARDENEAS,6xmq
RUA DAS GARÇAS,6xmqg
RUA DAS GOIABEIRAS,6xmq
RUA DAS GRANADAS,6xmq
RUA DAS GRAVIOLAS,6xmq
RUA DAS GRAÚNAS,6xmqg
RUA DAS GROTAS,6xm
RUA DAS GUARIUBAS,6xmq
RUA DAS HELICONIAS,6xmq
RUA DAS HORTÊNCIAS,6xmq
RUA DAS ILHOTAS,6xmq
RUA DAS INGÁS,6xmq
RUA DAS JACITARAS,6xmq
RUA DAS JARANAS,6xmq
RUA DAS JAÇANÃS,6xmqg
RUA DAS JOIAS,6xmq
RUA DAS LACRES,6xmq
RUA DAS LAJES,6xmqe
RUA DAS LARANJEIRAS,6xmq
RUA DAS MACACAÚBAS,6xmq
RUA DAS MAGNÓLIAS,6xmq
RUA DAS MALVACEAS,6xmq
RUA DAS MANGABEIRAS,6xmq
RUA DAS MANGUEIRAS,6xmq
RUA DAS MARGARIDAS,6xmq
RUA DAS MARINAS,6xmq
RUA DAS MARRECAS,6xmqg
RUA DAS MISSÕES,6xmqf
RUA DAS NASCENTES,6xm
RUA DAS NAÇÕES,6xmqe
RUA DAS OLIVEIRAS,6xmqf
RUA DAS ORQUÍDEAS,6xmqe
RUA DAS PALMEIRAS,6xmq 6xmqe
RUA DAS PALMÁCEAS,6xmq
RUA DAS PAPOULAS,6xmq
RUA DAS PEDRAS,6xm
RUA DAS PEDRAS PRECIOSAS,6xmq
RUA DAS PEDREIRAS,6xmqf
RUA DAS PERPÉTUAS,6xmq
RUA DAS PETÚNIAS,6xmq
RUA DAS PIAÇAVAS,6xmq
RUA DAS PITOMBEIRAS,6xmq
RUA DAS PRATAS,6xmq
RUA DAS PRECIOSAS,6xmq
RUA DAS PÉROLAS,6xmq
RUA DAS PÉTALAS,6xmq
RUA DAS QUARUBAS,6xmq
RUA DAS RENDEIRAS,6xmqf
RUA DAS ROSAS,6xmq
RUA DAS RUBELITAS,6xmq
RUA DAS SAFIRAS,6xmq6
RUA DAS SALVIAS,6xm
RUA DAS SAMAMBAIAS,6xmqe
RUA DAS SAMAÚMAS,6xmq
RUA DAS SAPUCAIAS,6xmq
RUA DAS SERINGUEIRAS,6xmq
RUA DAS SORVAS,6xmq
RUA DAS SUCUÚBAS,6xmq
RUA DAS TAQUARIS,6xmq
RUA DAS TUIAS,6xmq
RUA DAS TULIPAS,6xmq
RUA DAS TURMALINAS,6xmq
RUA DAS UCHIS,6xmq
RUA DAS VINCAS,6xm
RUA DAS VIOLAS,6xmq
RUA DAS VIOLETAS,6xmqe
RUA DAS ÁGUAS,6xm
RUA DAS ÁGUIAS,6xmq
RUA DAS ÁGUIAS CHILENAS,6xmqg
RUA DAVID CAMPISTA,6xmqe
RUA DAVID HUME,6xmqf
RUA DAVID JOSÉ TADROS,6xmq
RUA DAVID TADROS,6xmq
RUA DEA ALENCAR,6xmq
RUA DECEM,6xm
RUA DEDAL DE DAMA,6xmq
RUA DEDALEIRA,6xmqf
RUA DEL VALLE,6xmqg
RUA DELCÍDIO DO AMARAL,6xmq
RUA DELFI,6xmqg
RUA DELFIM,6xmq
RUA DELFIM DE SOUZA,6xmq 6xmq6
RUA DELFOS,6xmqg
RUA DELMAR BRÁS,6xmqe
RUA DELMIRA DE ALMEIDA,6xmq 6xmq6
RUA DELMIRO LEÃO,6xmqf
RUA DELOS,6xmq
RUA DEMOCRITO,6xmqf
RUA DEMÓSTENES,6xmq
RUA DENIA,6xm
RUA DENISE MARANGONI,6xmq
RUA DENISE TORRES,6xmq6
RUA DENNER,6xmq
RUA DENTE DE LEÃO,6xmq
RUA DENVER,6xmqg
RUA DENÁRIO,6xmqf
RUA DEOCLECIO SOARES DE OLIVEIRA,6xmq
RUA DEODATO DE MIRANDA LEÃO,6xmq
RUA DEODORO FERREIRA,6xmq3
RUA DEODORO SOBRINHO,6xmq6
RUA DEOLINDA PINTO,6xmq
RUA DEOLINDO DANTAS,6xmqe
RUA DEP. JOAO RODRIGUES DO CARMO,6xmq3
RUA DEPUTADO EVALDO FLORES,6xmq3
RUA DEPUTADO JOÃO CONRADO,6xmq
RUA DEPUTADO SÉRGIO PESSOA NETO,6xmq
RUA DERCY GONÇALVES,6xmq6
RUA DES. CESAR DO REGO,6xmq
RUA DESDEMONA,6xmq
RUA DESEMBARGADOR  ARTHUR VIRGÍLIO,6xmq3
RUA DESEMBARGADOR  REGO MONTEIRO,6xmqe
RUA DESEMBARGADOR AGUIAR CORREA,6xmqg
RUA DESEMBARGADOR ANÍSIO JOBIM,6xmq
RUA DESEMBARGADOR BONIFÁCIO DE ALMEIDA,6xmq
RUA DESEMBARGADOR CANDIDO HONÓRIO,6xmq
RUA DESEMBARGADOR FILISMINO SOARES,6xmq
RUA DESEMBARGADOR GASPAR GUIMARÃES,6xmq6
RUA DESEMBARGADOR JOSÉ AUGUSTO,6xmq6
RUA DESEMBARGADOR LUIS F. CABRAL,6xmq
RUA DETROIT,6xmqg
RUA DEUS TUPÃ,6xm 6xmqf
RUA DEUSDETH CABRAL,6xmq
RUA DEUZUÍTA NEVES,6xmq6
RUA DEWAS,6xm
RUA DHARAN,6xmqg
RUA DIACUI,6xmq
RUA DIACUY,6xmq
RUA DIADEMA,6xmq
RUA DIAMANTE,6xmq6
RUA DIAMANTE ROSA,6xmq
RUA DIAMANTINA,6xmq
RUA DIANA,6xmq
RUA DIANELA,6xm
RUA DIAS DA COSTA,6xmq3
RUA DIAS GOMES,6xmq6
RUA DIBO FELIPE,6xmq3 6xmq6
RUA DIEGO ALMAGRO,6xmq
RUA DIGNIDADE,6xmqg
RUA DIMAXY,6xmq
RUA DIMITRA,6xmq
RUA DINA SFAT,6xmq
RUA DINAHI,6xmqe
RUA DINAMARCA,6xmq
RUA DIOGENES,6xmq3
RUA DIOGO BERNARDES,6xmq6
RUA DIOGO DE M. FURTADO,6xmq3
RUA DIOGO DIAS,6xmq3
RUA DIOGO MENDES,6xmq
RUA DIOGO NUNES DE QUESADA,6xmq
RUA DIOGO VELASQUES,6xmq
RUA DIOMAR CUNHA,6xmq6
RUA DIONÍSIO DA SILVA,6xmq6
RUA DIRCINHA BATISTA,6xmq6
RUA DIVA LEÃO,6xmqe
RUA DIVISA NOVA,6xmq
RUA DJALMA DUTRA,6xmq6
RUA DO ACONCHEGO,6xmq6
RUA DO ALUMÍNIO,6xmq
RUA DO AMOR,6xmq
RUA DO AMPARO,6xmq6
RUA DO ANCORADOURO,6xmq
RUA DO AREAL,6xmq 6xmqe
RUA DO BAIANO,6xm
RUA DO BANHO,6xm
RUA DO BOMBEAMENTO,6xmq3
RUA DO BOSQUE,6xm
RUA DO CAJUAL,6xmqf
RUA DO CAMPO,6xmq
RUA DO CARMO,6xmq3
RUA DO CASTANHO,6xmq
RUA DO COMERCIO,6xm
RUA DO CONGRESSO,6xmq
RUA DO COQUEIRO,6xmq
RUA DO CRUZEIRO,6xmq
RUA DO CÁLICE,6xmqf
RUA DO EXPLENDOR,6xmq3
RUA DO FUTURO,6xmq
RUA DO INGA,6xmq
RUA DO IPÊ,6xmq 6xmqe
RUA DO LABOR,6xmq
RUA DO LAGO,6xm 6xmq
RUA DO LIMÃO,6xmqe
RUA DO LIVRAMENTO,6xmq
RUA DO LUSO,6xm
RUA DO MARAPATÁ,6xmq
RUA DO PARQUE,6xm
RUA DO PASSARINHO,6xmqf
RUA DO PASSEIO,6xmq
RUA DO PEIXE BOI,6xmq
RUA DO PINHEIRO,6xmqf
RUA DO PLANALTO,6xmq
RUA DO PLATOR,6xmq3
RUA DO PONTAL,6xm
RUA DO PORTO,6xmq3
RUA DO PROGRESSO,6xmq
RUA DO RECANTO,6xmq
RUA DO RIACHO,6xm
RUA DO RIACHO ECOLÓGICO,6xm
RUA DO ROSÁRIO,6xmq 6xmq3
RUA DO SOL,6xmq6
RUA DO SORRISO,6xmqf
RUA DO SOSSEGO,6xmq3
RUA DO TORORÓ,6xmq3
RUA DOIS,6xm
RUA DOIS AMORES,6xmq
RUA DOIS RIACHOS,6xmq
RUA DOKKA,6xmq
RUA DOLAR DE AREIA,6xmq
RUA DOLORES DURAN,6xmq
RUA DOM ALUÍSIO MASELLA,6xmq
RUA DOM ANTONIO MUNIZ,6xm
RUA DOM ANTÔNIO DA CÂMARA,6xm
RUA DOM AQUINO,6xmqf
RUA DOM ARAÚJO COSTA,6xm
RUA DOM ARCANGELO CERQUA,6xmq
RUA DOM ARMANDO,6xm
RUA DOM BARRETO,6xm
RUA DOM BASÍLIO PEREIRA,6xm
RUA DOM BOSCO,6xmq 6xmq6
RUA DOM CABRAL,6xm
RUA DOM CASTER,6xmqf
RUA DOM CLAÚDIO COLLING,6xmq
RUA DOM DIOGO DE SOUZA,6xmq
RUA DOM ELISEU,6xm
RUA DOM FERNANDO,6xmq
RUA DOM FRANCISCO CARDOSO,6xmqe
RUA DOM FRANCISCO COTA,6xm
RUA DOM FREDERICO COSTA,6xmq
RUA DOM HENRIQUE,6xm
RUA DOM JACKSON D. RODRIGUES,6xmq
RUA DOM JESUS IRINEU,6xm
RUA DOM JOAO DA MATTA,6xmqf
RUA DOM JOAQUIM,6xm
RUA DOM JOSÉ MORAIS TORRES,6xmq
RUA DOM JOÃO BATISTA GONÇALVES CAMPOS,6xm
RUA DOM JOÃO DA MATTA,6xmqf
RUA DOM JOÃO DE SOUZA LIMA,6xmq3
RUA DOM JOÃO IV,6xmqf
RUA DOM JOÃO VI,6xmq6
RUA DOM LORENÇO DA COSTA,6xmq
RUA DOM LUIZ MANCILHA,6xm
RUA DOM MANUEL,6xmq6
RUA DOM MARCO BRITO,6xmq
RUA DOM MARCOS DE NORONHA,6xm
RUA DOM MIGUEL,6xmqf
RUA DOM MILTOM CORREA,6xmq
RUA DOM MILTON CORREIA PEREIRA,6xmq6
RUA DOM ORANI,6xm
RUA DOM ORLANDO BRANDES,6xm
RUA DOM PAULO PONTE,6xm
RUA DOM PEDRITO,6xmqe
RUA DOM PEDRO,6xmq
RUA DOM ROMOALDO G. DE AZEVEDO,6xm
RUA DOM ROMUALDO A. DE SOUZA,6xmqf
RUA DOM RONALDO SEIXAS,6xmq
RUA DOM SEBASTIÃO,6xmq6
RUA DOMENICO VENEZIANO,6xmq6
RUA DOMICIANO,6xmqf
RUA DOMICIANO LEITE,6xmqe
RUA DOMICIO DA GAMA,6xmq3
RUA DOMINGOS CALABAR,6xmq
RUA DOMINGOS DE BRIEGAS,6xmqf
RUA DOMINGOS DE CARVALHO,6xmq
RUA DOMINGOS DE ILARA,6xmq
RUA DOMINGOS ENEIAS DA FROTA,6xmq
RUA DOMINGOS JOSÉ MARTINS,6xmq6
RUA DOMINGOS LEITE,6xmq
RUA DOMINGOS LEÃO,6xmq6
RUA DOMINGOS LIMA,6xmq6
RUA DOMINGOS MONTEIRO,6xmq6
RUA DOMINGOS OLIMPIO,6xmq3
RUA DOMINGOS OLÍMPIO,6xmq3
RUA DOMINGOS QUINTO,6xmq3
RUA DOMINGOS RUSSO,6xmq3
RUA DOMINICA,6xmq
RUA DONA AMÉLIA TOMPSON,6xmqf
RUA DONA ANITA,6xmqf
RUA DONA ARMINDA MOURÃO,6xmq
RUA DONA BALBINA CORDEIRO,6xmq6
RUA DONA BEIJA,6xmq
RUA DONA BENEDITA CASTELO BRANCO,6xmq
RUA DONA BERNARDETE ALEXANDRE,6xmqf
RUA DONA CARLOTA VERA CRUZ,6xmqe
RUA DONA CRIZÓ,6xmq3
RUA DONA DEBLA HENRIQUES,6xm
RUA DONA ELVIRA RODRIGUES,6xmq
RUA DONA EUGÊNIA FLEURY,6xmqg
RUA DONA FELISMINA SILVA,6xmq
RUA DONA HYLMA THURY,6xmq3
RUA DONA LAURINDA MARINHO,6xmqe
RUA DONA LEONOR DE CARVALHO,6xmqf
RUA DONA LIBÂNIA,6xmq
RUA DONA LUNA DE ALENCAR,6xmqe
RUA DONA MARIA BOREL,6xmq3
RUA DONA MARIA DA GLÓRIA,6xmqf
RUA DONA MARIA II,6xmqf
RUA DONA MARIA LEOPOLDINA,6xmq3
RUA DONA MIMI,6xmq
RUA DONA RAQUEL SOUZA,6xmq6
RUA DONA ROSA MARIA DE FREITAS,6xmq6
RUA DONA ROSALINA FEITOSA,6xmq
RUA DONA SULAMITA,6xmq6
RUA DONA TEREZA CRISTINA,6xmqf
RUA DONA VIVI MARQUES,6xmq6
RUA DONA ZICA,6xmqg
RUA DONA ZITA,6xmq
RUA DORCA COÊLHO,6xmq
RUA DORMIDEIRA,6xmq
RUA DOROTHEA LANGE,6xmq
RUA DORVAL PORTO,6xmqg
RUA DOS ABACATEIROS,6xmq
RUA DOS ABIEIROS,6xmq
RUA DOS ACARIQUARAS,6xmq
RUA DOS AGUANOS,6xmq
RUA DOS ALVES,6xmq
RUA DOS AMADOS,6xmq
RUA DOS ANDRADAS,6xmq
RUA DOS ANGELINS,6xmq
RUA DOS ANTÚRIOS,6xmq
RUA DOS APÓSTOLOS,6xmq
RUA DOS ARAPARIS,6xmq
RUA DOS ARCANJOS,6xmqf
RUA DOS ATOS,6xmqf
RUA DOS AÇAIZEIROS,6xmq
RUA DOS BANDEIRANTES,6xmq3
RUA DOS BANIBAS,6xmq6
RUA DOS BARÉS,6xmq
RUA DOS BEM TI VIS,6xmqg
RUA DOS BREUS,6xmq
RUA DOS BUIUÇUS,6xmq
RUA DOS CACAUEIROS,6xmq
RUA DOS CACTOS,6xm
RUA DOS CAIMBÉS,6xmq
RUA DOS CALDEUS,6xmqf
RUA DOS CANÁRIOS,6xmqg
RUA DOS CARANAS,6xmq
RUA DOS CARARÁS,6xmqg
RUA DOS CARDEIROS,6xmq
RUA DOS CEDRORAMAS,6xmq
RUA DOS CIPRESTES,6xmqe
RUA DOS COQUEIROS,6xmq
RUA DOS CORDEIROS,6xmq 6xmqe
RUA DOS COSMOS,6xmq
RUA DOS CRAVOS,6xmq 6xmqe
RUA DOS CRISTAIS,6xmq
RUA DOS CRISÂNTEMOS,6xmq 6xmqe
RUA DOS CROTONS,6xmqf
RUA DOS CURIÓS,6xmqg
RUA DOS CÓRREGOS,6xmq
RUA DOS ESCOTEIROS,6xmq3
RUA DOS FALCÕES,6xmqg
RUA DOS FARAÓS,6xmqf
RUA DOS FILISTEUS,6xmqf
RUA DOS FLAMINGOS,6xmqe 6xmqg
RUA DOS GAVIÕES,6xmqg
RUA DOS GIPSES,6xmq
RUA DOS GIRASSÓIS,6xmqe
RUA DOS GNOMOS,6xmq3
RUA DOS GRANITOS,6xmq
RUA DOS GUARIÚBAS,6xmq
RUA DOS IGAPÓS,6xmq
RUA DOS IGARAPÉS,6xmq
RUA DOS INAJÁS,6xmq
RUA DOS INOCENTES,6xmq
RUA DOS JAMBEIROS,6xmq
RUA DOS JAPONESES,6xmq
RUA DOS JASMINS,6xmq
RUA DOS JATOBÁS,6xmq
RUA DOS LOUROS,6xmq
RUA DOS LÍRIOS,6xmqe
RUA DOS MACUCAUAS,6xmqg
RUA DOS MAGUARIS,6xmqg
RUA DOS MAMOEIROS,6xmq
RUA DOS MAPATIS,6xmq
RUA DOS MARACANÃS,6xmqg
RUA DOS MARUPÁS,6xmq
RUA DOS MAÇARICOS,6xmqg
RUA DOS MERGULHÕES,6xmqg
RUA DOS MILAGRES,6xmq
RUA DOS MILIONÁRIOS,6xmq6
RUA DOS MIOSOTIS,6xmq
RUA DOS MIUAIZ,6xmqg
RUA DOS MURUMURUS,6xmq
RUA DOS PALMARES,6xmq
RUA DOS PARANÁS,6xmq
RUA DOS PASSOS,6xmq
RUA DOS PASSÉS,6xmq6
RUA DOS PATURIS,6xmqg
RUA DOS PAUSSANDROS,6xmq
RUA DOS PAVÕES,6xmqg
RUA DOS PELICANOS,6xmqe
RUA DOS PINGUINS,6xmqg
RUA DOS PINHEIROS,6xmq
RUA DOS PIRINEUS,6xmq
RUA DOS PROFETAS,6xmqf
RUA DOS PROVÉRBIOS,6xmq3
RUA DOS PÁSSAROS,6xm
RUA DOS QUARTZO,6xmq
RUA DOS REMANSOS,6xmq
RUA DOS RIACHOS,6xmq
RUA DOS RIOS,6xmq
RUA DOS RIPEIROS,6xmq
RUA DOS ROUXINÓIS,6xmqg
RUA DOS RUBIS,6xmq6
RUA DOS SERINGAIS,6xmq
RUA DOS SOMBREIROS,6xmq
RUA DOS TAJÁS,6xmqe
RUA DOS TANGENTES,6xmq
RUA DOS TECELÕES,6xmq
RUA DOS TESOUREIROS,6xmqg
RUA DOS TICO TICOS,6xmqg
RUA DOS TIGRES,6xm
RUA DOS TRABALHADORES,6xmq3
RUA DOS TREVOS,6xmq
RUA DOS TUCANOS,6xmq 6xmqe
RUA DOS TUIUIUS,6xmqg
RUA DOS UBINS,6xmq
RUA DOS UIRAPURUS,6xmqg
RUA DOS URUCURIS,6xmq
RUA DOS VISGUEIROS,6xmq
RUA DOUGLAS WAGREGOR,6xmq
RUA DOURADOS,6xmq
RUA DOUTOR  ALBERTO CORREA,6xmqe
RUA DOUTOR  ANTENOR,6xmq 6xmqf
RUA DOUTOR  AUGUSTO LINHARES,6xmq
RUA DOUTOR  CERVANTES,6xmq6
RUA DOUTOR  JOAQUIM GONDIM,6xmq
RUA DOUTOR ABÍLIO ALENCAR,6xmq
RUA DOUTOR ADMAR THURY,6xmq
RUA DOUTOR AGAPITO PEREIRA,6xmq
RUA DOUTOR AGESILAU P. DA SILVA,6xmq6
RUA DOUTOR ALEXANDRE DO NASCIMENTO,6xmq
RUA DOUTOR ALFREDO SÁ,6xmq
RUA DOUTOR ALMINO ÁLVARES AFFONSO,6xmqg
RUA DOUTOR ALMÍNIO,6xmq
RUA DOUTOR AMADEU FURTADO,6xmq6
RUA DOUTOR AMARO ALENCAR,6xmq3
RUA DOUTOR ANTÔNIO MUSA,6xmq
RUA DOUTOR ANÁLIO DE REZENDE,6xmq6
RUA DOUTOR APRIGIO DE MENEZES,6xmq
RUA DOUTOR ARGEMIRO GERMANO,6xmqf
RUA DOUTOR ARISTIDES ROCHA,6xmq
RUA DOUTOR ARNOLDO CARPINTEIRO PERES,6xmq
RUA DOUTOR ASTROLÁBIO PASSOS,6xmq
RUA DOUTOR BENEDITO BEZERRA,6xmq
RUA DOUTOR BENJAMIN BRANDÃO,6xmq
RUA DOUTOR BENJANIN LIMA,6xmq3
RUA DOUTOR BRESTILAU DE CASTRO,6xmq
RUA DOUTOR CASTRO E COSTA,6xmq6
RUA DOUTOR CELSO,6xmq
RUA DOUTOR CHAVES RIBEIRO,6xmq
RUA DOUTOR COELHO CINTRA,6xmqe
RUA DOUTOR DALMIR CÂMARA,6xmq3
RUA DOUTOR DAVID CANAVARRO,6xmqe
RUA DOUTOR DIDIA,6xmq
RUA DOUTOR EDSON MELO,6xmq6
RUA DOUTOR ELESBÃO LUZ,6xmq
RUA DOUTOR ELVIRO DANTAS,6xmq 6xmqe
RUA DOUTOR ERNESTO ADOLFO,6xmq
RUA DOUTOR EXPEDITO TEODORO,6xmq6
RUA DOUTOR FELICIANO LIMA,6xmqg
RUA DOUTOR FRANCISCO CHAGAS,6xmq
RUA DOUTOR FRANCISCO GODIM,6xmq6
RUA DOUTOR FURTADO BELÉM,6xmq
RUA DOUTOR GALLO IBANEZ,6xmqe
RUA DOUTOR GAMA E SILVA,6xmqe
RUA DOUTOR GENTIL BITTECOURT,6xmq
RUA DOUTOR GENTIL BITTENCOURT,6xmq
RUA DOUTOR GERALDO ROCHA,6xmq
RUA DOUTOR GILBERTO SABOIA,6xmq
RUA DOUTOR GILSON MOREIRA,6xmq3
RUA DOUTOR GONCALVES NETO,6xmqe
RUA DOUTOR HERMENEGILDO CAMPOS,6xmq3
RUA DOUTOR JOAQUIM SANTOS,6xmq
RUA DOUTOR JOAQUIM TANAJURA,6xmqe
RUA DOUTOR JORGE ABRAHIM,6xmq6
RUA DOUTOR JORGE DE MORAIS,6xmq
RUA DOUTOR JOSÉ ANTÔNIO FIÚZA,6xm
RUA DOUTOR JOSÉ GOMES,6xmq
RUA DOUTOR JOÃO GONÇALVES,6xmq
RUA DOUTOR JOÃO LUCIO,6xmq
RUA DOUTOR LAURO LINS,6xmq
RUA DOUTOR LOPES BRAGA,6xmqe
RUA DOUTOR LOPES GONÇALVES,6xmqe
RUA DOUTOR LUIZ O. MONTENEGRO,6xmqg
RUA DOUTOR LÚCIO FLÁVIO,6xmq
RUA DOUTOR MACHADO,6xmq
RUA DOUTOR MADUREIRA DE PINHO,6xmqe
RUA DOUTOR MALHEIROS,6xmq
RUA DOUTOR MANOEL  F. MACHADO,6xmq
RUA DOUTOR MELLO RESENDE,6xmq3
RUA DOUTOR MENANDRO TAPAJÓS,6xmq
RUA DOUTOR MENDONÇA,6xmq6
RUA DOUTOR MITHRIDATES CORREA,6xmqe
RUA DOUTOR MONTEIRO PEIXOTO,6xmqe
RUA DOUTOR MORAES,6xmq
RUA DOUTOR MOREIRA,6xmq
RUA DOUTOR MÁXIMINO CORREA,6xmqe
RUA DOUTOR NILSON VASCONCELOS,6xmq
RUA DOUTOR OLIVEIRA MACHADO,6xmqe
RUA DOUTOR ORLANDO FALCONE,6xmq
RUA DOUTOR OSCAR BARROSO,6xmq
RUA DOUTOR OSCAR DE LIMA RAYOL,6xmq
RUA DOUTOR PAULINO GOMES,6xmq
RUA DOUTOR PAULINO JOSÉ MIGUEL,6xmq3
RUA DOUTOR PEDRO DE MELO,6xmq
RUA DOUTOR PERDIGÃO,6xmq
RUA DOUTOR PICULLI,6xm
RUA DOUTOR PLATÁO ARAÚJO,6xmq
RUA DOUTOR PORFÍRIO NOGUEIRA,6xmq
RUA DOUTOR POTYGUAR AMORIM,6xmqe
RUA DOUTOR SILVINO NERY,6xmqe
RUA DOUTOR SILVÉRIO JOSÉ NERY,6xmq
RUA DOUTOR SILVÉRIO TUNDIS,6xmq 6xmq6
RUA DOUTOR SIMPLÍCIO C. REZENDE,6xmq
RUA DOUTOR SOLON PINHEIRO,6xmqf
RUA DOUTOR SORIANO DE MELO,6xmq
RUA DOUTOR SOUZA BRASIL,6xmq
RUA DOUTOR STANISLAU AFONSO,6xmq3
RUA DOUTOR TAUMATURGO VAZ,6xmq
RUA DOUTOR THOMAS,6xmq6
RUA DOUTOR ULISSES GUIMARÃES,6xmqf
RUA DOUTOR VICENTE REIS,6xmq
RUA DOUTOR VIEIRA ALENCAR,6xmq
RUA DOUTOR WALFERSTAN THOMAS,6xmqf
RUA DOUTOR XAVIER DE  ALBUQUERQUE,6xmq
RUA DOUTOR ÁLCION,6xmq
RUA DOUTORA  HELOISA,6xmq 6xmqe
RUA DOUTORA  ROSA BLAYA,6xmq
RUA DOUTORA LEONOR BRILHANTE,6xmq
RUA DOUTORA MARTA CUNHA,6xmq
RUA DOUTORA MATA CUNHA,6xmq3
RUA DOUTORA YAMILE NOGUEIRA,6xmq6
RUA DR. ADELINO COSTA,6xmqf
RUA DR. CARLOS CHAGAS,6xmq
RUA DR. NEY RAYOL,6xmq
RUA DR. STANISLAU AFONSO,6xmq3
RUA DRACENA,6xmqf
RUA DROSERA,6xmqe
RUA DUARTE DA COSTA,6xmq3
RUA DUARTE GALVÃO,6xmq
RUA DUARTINA,6xmq 6xmqf
RUA DUBLIM,6xmqf
RUA DUCAMARA,6xmqf
RUA DULCE MAR,6xmq3
RUA DUODECIM,6xm
RUA DUQUE DE WINDSOR,6xmq3 6xmq6
RUA DURAME,6xm
RUA DURANGO,6xmqg
RUA DURANI,6xmq3
RUA DURVAL BRAGA,6xmq
RUA DUTRA,6xmq
RUA DÁLIA BRANCA,6xmqf
RUA DÁLIA ROSA,6xmqf
RUA DÁLIA VERMELHA,6xmq
RUA DÁRIO II,6xmqg
RUA DÁRIO MELO,6xmq 6xmqe
RUA DÉLIO DE MELO,6xmq3
RUA DÍDIMO SOARES,6xmq6
RUA E (COND. RESERVA DAS FLORES),6xmq
RUA E 2,6xmq
RUA E1,6xmq
RUA EBANOR DE PAULA,6xmq3
RUA EDEALINA,6xmqf
RUA EDGAR ALLAN POE,6xmqf
RUA EDGAR CAYCE,6xmqe
RUA EDGAR HIGINO DA SILVA,6xmq6
RUA EDGAR NEVES,6xmq
RUA EDGAR QUINET,6xmq 6xmqf
RUA EDIMBURGO,6xmq3
RUA EDIMILTON TEIXEIRA,6xm 6xmqf
RUA EDIPO,6xmq3
RUA EDMILSON PAIXÃO,6xmq3
RUA EDMILSON PARAIBA,6xmq
RUA EDMILSON VERÇOSA,6xmqe
RUA EDMUNDO DE ALMEIDA NERY,6xmq
RUA EDMUNDO SOARES,6xmqe
RUA EDMUNDO WILSON,6xmq
RUA EDNA PEREIRA,6xmq3
RUA EDNALDO BARBOSA,6xmq6
RUA EDSON BATISTA,6xmq3
RUA EDSON BITAR,6xmq3
RUA EDSON MARREIROS RAMOS,6xmq
RUA EDSON VIEIRALVES,6xmqe
RUA EDUARDA GENTIL,6xmq6
RUA EDUARDO FORSTER,6xmq
RUA EDUARDO FRIGIRO,6xmq3
RUA EDUARDO GOMES,6xmq
RUA EDUARDO MONTEIRO,6xmq
RUA EDUARDO PACHECO,6xmq
RUA EDUARDO PRADO,6xmq3
RUA EDWARD COSTA,6xmq6
RUA EFIGÊNIA,6xmq
RUA EFRAIM,6xmqg
RUA EFÉSIOS,6xmq6
RUA EGITO,6xmq
RUA EIRUNEPÉ,6xmq
RUA EL SALVADOR,6xmqg
RUA EL SHADAY,6xmqf
RUA ELDAH BITTON,6xmq6
RUA ELDORADO,6xmqf
RUA ELESBÃO VELOSO,6xmq
RUA ELIAS BENZECRY,6xmq
RUA ELIAS GUEDES DA SILVA,6xmq
RUA ELIAS LOBO,6xmq
RUA ELIAS MOKARZEL,6xmq
RUA ELIN VIRTONEN,6xmq
RUA ELIS REGINA,6xmq
RUA ELISA LISPECTOR,6xmq
RUA ELISA SOUTO,6xmq 6xmqg
RUA ELIZA FERREIRA,6xmqf
RUA ELIZABETH AGASSIS,6xmq
RUA ELIZETH CARDOSO,6xmqe
RUA ELOY LOPES,6xmqg
RUA ELPIDIO BORGHI,6xmq
RUA ELTON MAYO,6xmqf
RUA ELZA STONE,6xmq6
RUA ELZEBIO DE QUEIROS,6xmqe
RUA EMANUELLE,6xmq
RUA EMAÚS,6xmqg
RUA EMBAÚBA,6xmqf
RUA EMBAÚBA PRATA,6xmqf
RUA EMBAÚVAS,6xmq3
RUA EMERENTINA SANTOS,6xmq
RUA EMIDGRO FERREIRA,6xmq
RUA EMILE ZOLÁ,6xmq6
RUA EMILIA BARBOSA,6xm
RUA EMILIANO DE SOUZA,6xmq
RUA EMILIANO DI CAVALCANTI,6xmq6
RUA EMILIO MOREIRA,6xmq 6xmq6
RUA EMMANUEL FLÁVIO ESPÍRITO SANTO,6xmq3
RUA EMPÉDOCLES,6xmq
RUA EMÍLIA RUAS,6xmq3
RUA EMÍLIO MOREIRA,6xmq
RUA EMÍLIO MOURA,6xmq
RUA EMÍLIO ZARGES,6xmq6
RUA ENCARNAÇÃO,6xmq
RUA ENCHOVA,6xmq
RUA ENCONTRO DAS AGUAS,6xmq
RUA ENDRO,6xm
RUA ENEIDA DE MORAES,6xmqe
RUA ENG. ELCIDES RICARDO,6xmq
RUA ENGENHEIRO JORGE BULBOL,6xmq
RUA ENGENHEIRO OTÁVIO CÂMARA,6xmqe
RUA ENGENHEIRO PAULO FRONTIN,6xmq
RUA ENGENHEIRO RAUL RUIZ JÚNIOR,6xmqe
RUA ENLUARADA,6xmq
RUA ENTRE RIO,6xm 6xmq
RUA ENVIRA,6xmq6
RUA ENÉAS BARRETO THOMÉ,6xmq
RUA ENÉAS CARNEIRO,6xmq
RUA EPAMINONDAS BARAÚNA,6xmq
RUA EPITÁCIO PESSOA,6xmq
RUA EPÍCURO,6xmq
RUA EQUADOR,6xmqg
RUA ERASMO LINHARES,6xmq
RUA ERECHIM,6xmq3
RUA ERIDÚ,6xmq
RUA ERMÍNIO BARBOSA,6xmq
RUA ERNANE DE PAULA,6xmq
RUA ERNANI BRAGA,6xmqg
RUA ERNESTO COSTA,6xmq
RUA ERNESTO NAZARETH,6xmq
RUA ERNESTO PENAFORTE,6xmq
RUA ERNESTO PINTO FILHO,6xmq
RUA EROTILDES ALVES DO CARMO,6xmq
RUA ERVA BENTA,6xmq
RUA ERVA DOCE,6xmq
RUA ERVA MATE,6xmq
RUA ERVA SACURA,6xmqe
RUA ERVA SERENO,6xmqe
RUA ERYTUS,6xm
RUA ESCANDINÁVIA,6xmq
RUA ESCRAVA ISAURA,6xmq6
RUA ESCUDO PERSA,6xm
RUA ESCULTOR,6xmq3
RUA ESCÂNDIO,6xmq3
RUA ESCÓCIA,6xmq
RUA ESLOVÁQUIA,6xmqg
RUA ESLOVÊNIA,6xmq
RUA ESMERALDA,6xmq6
RUA ESMERALDA DO BRASIL,6xmq
RUA ESMERALDA SANTOS,6xmq3
RUA ESMERLINDA QUEIROZ,6xmq3
RUA ESMIRNA,6xmqg
RUA ESPADA DE FOGO,6xm
RUA ESPANHA,6xmq
RUA ESPARTA,6xmqf
RUA ESPELHO DAS ÁGUAS,6xmqf
RUA ESPERANÇA,6xmqg
RUA ESPIGÃO,6xmqg
RUA ESPINOSA,6xmq
RUA ESPIRITO SANTO,6xmq6
RUA ESPIRRADEIRA,6xmq
RUA ESPONJA DO MAR,6xmq
RUA ESPONJEIRA,6xmq
RUA ESPÍIRITO SANTO,6xmq6
RUA ESQUADRÃO CENTAURO,6xmq
RUA ESQUADRÃO COBRA,6xmq
RUA ESQUADRÃO CONDOR,6xmq
RUA ESQUADRÃO CORAL,6xmq
RUA ESQUADRÃO CORSÁRIO,6xmq
RUA ESQUADRÃO GRIFO,6xmq
RUA ESQUADRÃO HARPIA,6xmq
RUA ESQUADRÃO NETUNO,6xmq
RUA ESQUADRÃO ONÇA,6xmq
RUA ESQUADRÃO PACAU,6xmq
RUA ESQUADRÃO PASTOR,6xmq
RUA ESQUADRÃO PHOENIX,6xmq
RUA ESQUADRÃO POTI,6xmq
RUA ESQUADÃO ARARA,6xmq
RUA ESRIBE,6xmq
RUA ESTADOS UNIDOS,6xmq
RUA ESTANHO,6xmq3
RUA ESTANISLAU J. MIRALHES,6xmq
RUA ESTELA NOBRE,6xmq6
RUA ESTHER,6xmqf
RUA ESTOCOLMO,6xmq
RUA ESTONIA,6xmqg
RUA ESTORIL,6xmq3
RUA ESTRELA  NOVA,6xmqf
RUA ESTRELA ALFA CENTAURO,6xmq6
RUA ESTRELA AZUL,6xmq3
RUA ESTRELA CADENTE,6xmq
RUA ESTRELA DA COLINA,6xmqf
RUA ESTRELA DA MANHÃ,6xmq3
RUA ESTRELA DA TERRA,6xmq
RUA ESTRELA DE DAVI,6xmq 6xmqf
RUA ESTRELA DO AMAZONAS,6xmq 6xmqe
RUA ESTRELA DO INDAIÁ,6xmqe
RUA ESTRELA DO MAR,6xmq
RUA ESTRELA DO NORTE,6xmqe
RUA ESTRELA DO SUL,6xmqe
RUA ESTRELA FIXA,6xmq3
RUA ESTRELA GUIA,6xmq
RUA ESTRELA NOVA,6xmqf
RUA ESTRELA RAJADA,6xmq
RUA ESTRÊLA D'ALVA,6xmq6
RUA ESTRÊLA SÍRIUS,6xmq6
RUA ESTURJÃO,6xmq
RUA ESTÔNIA,6xmq
RUA ESUS,6xm
RUA ETIOLINDA,6xmq3
RUA ETIÓPIA,6xmq
RUA ETOLIANA,6xmq3
RUA EUCALIPTO,6xmq
RUA EUCLIDES DA CUNHA,6xmq6
RUA EUCLIDES DE SOUZA,6xmq6
RUA EUFRATES,6xmqg
RUA EUGENE SMITH,6xmq
RUA EUGÊNIA,6xmq
RUA EUGÊNIO DE CASTRO,6xmq3
RUA EUGÊNIO GUDIN,6xmq
RUA EULÁLIO CHAVES,6xmq
RUA EUMELUS,6xm
RUA EUNOMOS,6xm
RUA EUNUS,6xm
RUA EUPALAMIDES,6xmq
RUA EUPOLIS,6xm
RUA EURICIUS,6xm
RUA EURICLEA,6xm
RUA EURICO NELSON,6xmq
RUA EURIPEDES,6xm
RUA EURÁSIA,6xmq
RUA EUTERPE,6xmq
RUA EUZÉBIO CARDOSO,6xmq
RUA EVA FURUGAWA,6xmq
RUA EVANDRO CAVALCANTI E SILVA,6xmq
RUA EVARISTO DA VEIGA,6xmq3
RUA EVARISTO FAUSTINO,6xmq
RUA EVARISTO PUCU,6xmq
RUA EWERTON WANDERLEY,6xmqg
RUA EXPEDICIONARIOS,6xmq3
RUA EXTREMOSA,6xmq
RUA EZEQUIEL,6xmqf
RUA EÇA DE QUEIROZ,6xmq3
RUA F (COND. RESERVA DAS FLORES),6xmq
RUA F 2,6xmq
RUA F. MAGALHÃES,6xmqf
RUA F1,6xmq
RUA FABIANO VIDEO,6xmqe
RUA FAGUNDES,6xmqe
RUA FAGUNDES VARELA,6xmq
RUA FAISÃO,6xmqf
RUA FAISÃO COMUM,6xmq
RUA FAISÃO DOURADO,6xmq
RUA FALCÃO,6xmqg
RUA FALCÃO PEREGRINO,6xmq
RUA FARIA C. SOUZA,6xmq3
RUA FARIAS DE CARVALHO,6xmq3
RUA FARRICES,6xm
RUA FARROUPILHA,6xmq3
RUA FARTURA,6xmqe
RUA FASSUR,6xmqf
RUA FAUSTA MASSULO,6xmq
RUA FAUSTINO MOREIRA,6xmq6
RUA FAUSTO P. MAIA,6xmqg
RUA FAUSTO VENTURA CONCEIÇÃO,6xmq
RUA FAVEIRO,6xmqf
RUA FEIJÓ,6xmqg
RUA FEIRA DE SANTANA,6xmq
RUA FELICIANA COSTA,6xmq6
RUA FELICIDADE,6xmqg
RUA FELIPE AUGUSTO,6xmq6
RUA FELIPE CAMARÃO,6xmq3
RUA FELIPE CONTRIM,6xmq 6xmqe
RUA FELIPE II,6xmqf
RUA FELIPE KANAWATI,6xmq
RUA FELIPE MANUEL DA CUNHA,6xmqg
RUA FELISMINO C. VASCONCELOS,6xmq
RUA FENICIA,6xmqf
RUA FERA DAS ÁGUAS,6xmq
RUA FERNANDO CORDOVA,6xmq
RUA FERNANDO CORTEZ,6xmq
RUA FERNANDO CRUZ,6xmq
RUA FERNANDO DE CÓRDOBA,6xmq 6xmq6
RUA FERNANDO DE NORONHA,6xmqf
RUA FERNANDO DE SOUZA,6xmq3
RUA FERNANDO ESQUIO,6xmq
RUA FERNANDO LOBO,6xmqe 6xmqg
RUA FERNANDO MENDES PINTO,6xmq
RUA FERNANDO PESSOA,6xmq
RUA FERNANDO SABINO,6xmq3
RUA FERNANDO SANTANA DOS SANTOS,6xmqe
RUA FERNANDO VII,6xmq6
RUA FERNÃO ALVARES,6xmqe
RUA FERNÃO DE MAGALHÃES,6xmq
RUA FERREIRA DE ARAÚJO,6xmq
RUA FERREIRA DE CASTRO,6xmq
RUA FERREIRA DIAS,6xmq
RUA FERREIRA GULLAR,6xmq
RUA FERREIRA PENA,6xmq 6xmq6
RUA FIALHO D`ALMEIDA,6xmq3
RUA FICUS BENJAMIM,6xmq
RUA FIDALGO,6xmqg
RUA FIGUEIRA DA FOZ,6xmq
RUA FIGUEIREDO PIMENTEL,6xmq
RUA FIJI,6xmqg
RUA FILADÉLFIA,6xmq
RUA FILADÉLIA,6xmqe 6xmqg
RUA FILEMON,6xmq6
RUA FILETO PIRES,6xmqf
RUA FILIPE AUGUSTO,6xmq
RUA FILIPENSES,6xmq6
RUA FILIPINAS,6xmqg
RUA FILISMINO F SOARES,6xmq
RUA FILISTIA,6xmqf
RUA FILODENDRO,6xmq
RUA FILOMENA MASSULO AGUIAR,6xmq
RUA FILOMENA TEIXEIRA FERREIRA,6xmq
RUA FINLÂNDIA,6xmqg
RUA FITÔNIA,6xm
RUA FLAMBOYANT,6xmq
RUA FLAMENGO,6xmq
RUA FLAMINGO,6xmqg
RUA FLANDRES,6xmqg
RUA FLAUTIM MARROM,6xm
RUA FLOR  D´ÁGUA,6xmq3
RUA FLOR CAMARADINHA,6xmq
RUA FLOR CETIM,6xmq
RUA FLOR DA IMPERATRIZ,6xmq
RUA FLOR DA PAIXÃO,6xmq6
RUA FLOR DA RAINHA,6xm
RUA FLOR DE ABRIL,6xmq
RUA FLOR DE ARARA,6xmq
RUA FLOR DE BAILE,6xm
RUA FLOR DE BAUNILHA,6xm
RUA FLOR DE CACTOS,6xmq
RUA FLOR DE CARDEAL,6xm
RUA FLOR DE LARANJEIRA,6xmq
RUA FLOR DE LÍS,6xmq3 6xmq6
RUA FLOR DE LÓTUS,6xm
RUA FLOR DE MAIO,6xmq
RUA FLOR DE MARACUJÁ,6xmq
RUA FLOR DE MUNGUBA,6xmq
RUA FLOR DE NOIVA,6xmq
RUA FLOR DE PLUMA,6xmq
RUA FLOR DE SEDA,6xmq
RUA FLOR DE VELUDO,6xmq
RUA FLOR DO CAMPO,6xmq
RUA FLOR DO CÉU,6xm
RUA FLOR DO DIA,6xmq
RUA FLOR DO MATO,6xmq
RUA FLOR DOS REIS,6xmq
RUA FLOR ESTRELA,6xmq
RUA FLOR-DE-PLUMA,6xmq
RUA FLORA RICA,6xmqg
RUA FLORAI,6xmqe 6xmqg
RUA FLORAL,6xmq3 6xmq6
RUA FLORANIA,6xmq3
RUA FLORENCA,6xmq
RUA FLORENTINO,6xm
RUA FLORENTINO PEREIRA,6xmq
RUA FLORENÇO PEREIRA DO LAGO,6xmq
RUA FLORES DA CUNHA,6xmqe
RUA FLORES DO PIAUÍ,6xmqe
RUA FLORESTA,6xmq
RUA FLORESTAL,6xmq
RUA FLORIANO GRANA,6xmq
RUA FLORIANO NASCIMENTO,6xm
RUA FLORIANÓPOLIS,6xmq6
RUA FLORINEA,6xmqg
RUA FLUORITA,6xmq
RUA FLÁVIO CALVACANTE,6xmqe
RUA FLÁVIO COSTA,6xmq 6xmq6
RUA FLÁVIO DE CASTRO,6xmq6
RUA FLÓRIDA,6xmqg
RUA FLÔRES DE GOIÁS,6xmqe
RUA FOLHA DE PRATA,6xmq
RUA FOLHA VERDE,6xmqf
RUA FONTE BOA,6xmq6
RUA FONTES NOVA,6xmq
RUA FONTES VELHAS,6xmq
RUA FORDLÂNDIA,6xmqg
RUA FORMOSA,6xmq
RUA FORQUILHA,6xmqg
RUA FORQUILHINHA,6xmqg
RUA FORTALEZA,6xmq6
RUA FORTE DO CASTELO,6xmq
RUA FORTE PRESÉPIO,6xmq
RUA FOZ DO IGUAÇU,6xmq
RUA FRAGATA,6xmq6
RUA FRAIBURGO,6xmqg
RUA FRANCIS BACON,6xmq
RUA FRANCISCA GONÇALVES DA SILVA,6xmq
RUA FRANCISCA JÚLIA,6xmq3
RUA FRANCISCA MENDES,6xmqg
RUA FRANCISCA MORAES,6xmq
RUA FRANCISCO AGUIAR,6xmqe
RUA FRANCISCO ALFAIATE,6xmq
RUA FRANCISCO ALVARES,6xmq
RUA FRANCISCO ALVES,6xmqe
RUA FRANCISCO ALVES DA SILVA,6xmqg
RUA FRANCISCO AMORIM,6xmqg
RUA FRANCISCO ANTONIO PIGAFETTA,6xmqg
RUA FRANCISCO ARAÚJO,6xmq3
RUA FRANCISCO ARRUDA,6xmq 6xmqe
RUA FRANCISCO BATISTA,6xmq
RUA FRANCISCO BATISTA DIAS,6xmq
RUA FRANCISCO BAYMA,6xmq
RUA FRANCISCO BOLONHA,6xmq
RUA FRANCISCO CARRETI,6xmq3
RUA FRANCISCO COUTO VALE,6xmq 6xmq6
RUA FRANCISCO DA COSTA,6xmq6
RUA FRANCISCO DE ABREU,6xmq
RUA FRANCISCO DE ALMEIDA,6xmq
RUA FRANCISCO DE ASSIS DE OLIVEIRA,6xmq
RUA FRANCISCO DE FREITAS,6xmq
RUA FRANCISCO DE MIRANDA,6xmq 6xmq6
RUA FRANCISCO DO AMARAL,6xmq
RUA FRANCISCO DUARTE,6xmq 6xmq6
RUA FRANCISCO ESPINOZA,6xmq
RUA FRANCISCO FERNANDO,6xmq6
RUA FRANCISCO FILHO,6xmq6
RUA FRANCISCO FURTADO,6xmq6
RUA FRANCISCO GALVÃO,6xmqe
RUA FRANCISCO GIRALDES,6xmq
RUA FRANCISCO GOMES,6xmq
RUA FRANCISCO GUEDES,6xmq
RUA FRANCISCO JOSÉ,6xmq
RUA FRANCISCO LIMA,6xmqf
RUA FRANCISCO LOUREIRO,6xmq3
RUA FRANCISCO LUSTOSA,6xmq
RUA FRANCISCO MACIEL,6xmq
RUA FRANCISCO MARQUES FILHO,6xmq
RUA FRANCISCO MELO,6xmq6
RUA FRANCISCO MOREIRA,6xmqf
RUA FRANCISCO NOBRE,6xmq
RUA FRANCISCO OLIVEIRA,6xmqe
RUA FRANCISCO ORELLANA,6xmq3
RUA FRANCISCO OTAVIANO,6xmq
RUA FRANCISCO PAIVA,6xmqf
RUA FRANCISCO PEREIRA DA SILVA,6xmq
RUA FRANCISCO PIZARRO,6xmq
RUA FRANCISCO R. ZANY,6xmq 6xmq3
RUA FRANCISCO REZENDE,6xmq
RUA FRANCISCO RIBEIRO,6xmq
RUA FRANCISCO SAMPAIO,6xmq3
RUA FRANCISCO SANCHEZ,6xmq
RUA FRANCISCO SANTANDER,6xmq
RUA FRANCISCO SILVANO,6xmq
RUA FRANCISCO SOLANO,6xmq3
RUA FRANCISCO STELVIO VITELLI,6xmq
RUA FRANCISCO TAPAJÓS,6xmq6
RUA FRANCISCO VASQUEZ,6xmq6
RUA FRANCO DE SÁ,6xmq6
RUA FRANKFURT,6xmqg
RUA FRANKLIM PINHEIRO,6xmq
RUA FRANKLIN TÁVORA,6xmq
RUA FRANZ SCHUBERT,6xmq
RUA FRANÇA,6xmq
RUA FRANÇA AMARAL,6xmq
RUA FRANÇA JUNIOR,6xmq3
RUA FRANÇOIS FRESNAU,6xmqg
RUA FRATERNIDADE,6xmqg
RUA FREDERICO  CHOPIN,6xmq
RUA FREDERICO FELLINI,6xmq
RUA FREDERICO GARCIA LORCA,6xmq
RUA FREDERICO GUILHERME,6xmq6
RUA FREI BASÍLIO,6xm
RUA FREI BRUNO CURRIER,6xmqe
RUA FREI CAETANO,6xmq
RUA FREI CANECA,6xmq3
RUA FREI CIRO,6xmqf
RUA FREI DAMIÃO,6xmq
RUA FREI DE MONTE ALVERNE,6xmq6
RUA FREI GALVÃO,6xm
RUA FREI GASPAR DE CARVAJAL,6xmq6
RUA FREI JOSÉ DE LEONISSA,6xm
RUA FREI JOSÉ DOS INOCENTES,6xmq
RUA FREI JOÃO SILVA,6xmqf
RUA FREI LAUREANO DE LA CRUZ,6xmqe
RUA FREI LOURENÇO MARIA PORTO,6xm
RUA FREI LUIS DE SOUZA,6xmq3
RUA FREI MAURO,6xmq6
RUA FREI MIGUEL ÂNGELO,6xmq
RUA FREI PANTALEÃO DE AVEIRO,6xmq3
RUA FREI PAULO,6xm
RUA FREI SABINO,6xmq3
RUA FREI TEODOSIO DA VEIGA,6xmq
RUA FREI THOMAZ,6xmq
RUA FREI TITO,6xmq
RUA FREY CRISTOBAL DE ACUNÃ,6xm
RUA FRIBURGO,6xmqg
RUA FRONTEIRAS,6xmqg
RUA FUKUOKA,6xmq
RUA FUKUSHIMA,6xmq
RUA FUNCHO,6xmq
RUA FURNAS,6xmq
RUA FURUOKA,6xmq
RUA FÁBIO CASAGRANDE,6xmq
RUA FÁBIO COUTO,6xmq
RUA FÊNIX,6xmqf 6xmqg
RUA FÚLVIO PENNANCHI,6xmq
RUA G (COND. RESERVA DAS FLORES),6xmq
RUA G1,6xmq
RUA GABAO,6xmqg
RUA GABIRABA,6xmq
RUA GABRIEL ALVARES,6xmq
RUA GABRIEL GOMES DA SILVA,6xmq
RUA GABRIEL GONÇALVES,6xmq6
RUA GABRIEL GUIMARÃES,6xmq
RUA GABRIEL MONTEIRO,6xmqe
RUA GABRIEL SALGADO,6xmq
RUA GABRIEL SOARES DE SOUZA,6xmqg
RUA GABÃO,6xmqg
RUA GAETANO DONIZETTI,6xmq6
RUA GAIVOTA,6xmqg
RUA GAIVOTA DE ROSS,6xmq
RUA GALANÓPOULOS,6xmq
RUA GALDINO RAMOS,6xmq3
RUA GALHARDIA,6xm
RUA GALIA,6xmqg
RUA GALILEIA,6xmq 6xmqf
RUA GALILEU,6xmq3
RUA GALIZA,6xmq
RUA GALO BANDEIRA,6xmq
RUA GALO CAMPINA,6xm
RUA GALO DA ROCHA,6xmq
RUA GALO DA SERRA,6xmq
RUA GALOPOLIS,6xmqg
RUA GALÍCIA,6xmq6
RUA GAMA,6xmqg
RUA GAMA DE ABREU,6xmq6
RUA GAMA FARIAS,6xmq3
RUA GAMBIA,6xmqg
RUA GAMELEIRA,6xmqe
RUA GANA,6xmq
RUA GANDIA,6xm
RUA GANDU,6xmqg
RUA GANSO,6xm
RUA GARANHUS,6xmq
RUA GARAPEIRA,6xm
RUA GARCA REAL,6xm
RUA GARCIA REDONDO,6xmq3
RUA GARCIA RESENDE,6xmq
RUA GARDÊNIA,6xmq
RUA GAROUPA,6xmq
RUA GARUVA,6xmqg
RUA GARÇA  AZUL,6xmq
RUA GARÇA  MORENA,6xmq
RUA GARÇA BRANCA,6xmqf
RUA GARÇA CINZENTA,6xmq
RUA GARÇA DA MATA,6xm
RUA GARÇA MOURA,6xmq
RUA GARÇA PARDA,6xmq
RUA GARÇA REAL,6xmq
RUA GARÇA VERMELHA,6xmq
RUA GASPAR,6xmqg
RUA GASPAR DE CARVAJAL,6xmq
RUA GASPAR DE FREITAS,6xmq
RUA GASPAR DE LEMOS,6xmq
RUA GASPAR DE MADRE DEUS,6xmq 6xmqg
RUA GASTÃO VIDIGAL,6xmqe
RUA GAURAMA,6xmqg
RUA GAVIÃO,6xmqg
RUA GAVIÃO BELO,6xmqe
RUA GAVIÃO CARCARÁ,6xmqf
RUA GAVIÃO CARIJÓ,6xmq
RUA GAVIÃO REAL,6xmqg
RUA GAVIÃO TESOURA,6xmq
RUA GEBES MEDEIROS FILHO,6xmq
RUA GEIR CAMPOS,6xmq
RUA GEISA CARDOSO VASQUES,6xmq3
RUA GENCIANA,6xmq
RUA GENERAL,6xmqg
RUA GENERAL  AMILCAR SALGADO,6xmq
RUA GENERAL AURÉLIO DE AMORIM,6xmqf
RUA GENERAL CARNEIRO,6xmq6
RUA GENERAL CÂMARA,6xmq
RUA GENERAL FIUZA DE CASTRO,6xmqf
RUA GENERAL FRANCISCO ARGOLO,6xmq3
RUA GENERAL GLICÉRIO,6xmq 6xmq6
RUA GENERAL JACINTHO BOTINELLY,6xmq
RUA GENERAL JOSÉ TAPAJÓS,6xm
RUA GENERAL LAFAYETTE,6xmq
RUA GENERAL MIRANDA REIS,6xmq6
RUA GENERAL OSÓRIO,6xmq3
RUA GENERAL PEREIRA CALDAS,6xmq
RUA GENERAL VIDAL PESSOA,6xmq
RUA GENESINO BRAGA,6xmq
RUA GENOLINO AMADO,6xmq3
RUA GENÉSIO ALBUQUERQUE,6xmq6
RUA GENÉSIO CAVALCANTE,6xmqe
RUA GEOGINA MITOSO,6xmq6
RUA GEORGETOWN,6xmq
RUA GERALDO COSTA,6xmq6
RUA GERALDO FARNELA,6xmq3
RUA GERALDO FERRAZ,6xmq3
RUA GERALDO NASCIMENTO,6xmq
RUA GERALDO SOLA,6xmq
RUA GERBERA,6xmq3
RUA GERGELIM,6xmq6
RUA GERIBÁ,6xmqf
RUA GERIM,6xmq
RUA GERMANOS,6xmq
RUA GERMÂNIO,6xmq3
RUA GERONA,6xm
RUA GERSON DE SOUZA CASTRO,6xmq
RUA GERSONEY DOS SANTOS,6xmq6
RUA GERTRUDES BARRETO,6xmqe
RUA GERÂNIO,6xmq
RUA GERÔNIMO DE ALBUQUERQUE,6xmq3
RUA GETULINA,6xmqg
RUA GETULIO VARGAS,6xmq
RUA GETÚLIO VARGAS,6xmq
RUA GEÓRGIA,6xmqg
RUA GIANCARLO MENOTTE,6xmq
RUA GIBRALTAR,6xmq
RUA GIL NOGUEIRA,6xmq6
RUA GIL VICENTE,6xmq3
RUA GILBERTO FIGUEREDO,6xmq
RUA GILBERTO FREIRE,6xmq
RUA GINJEIRA,6xmq
RUA GIOVANI FIGLIUOLO,6xmq
RUA GIRASSOL,6xmq
RUA GIRASSOL AMARELO,6xmq
RUA GIRASSOL DO CAMPO,6xm
RUA GIRASSOL DO MATO,6xm
RUA GIRONDA,6xmqg
RUA GIRUA,6xmqg
RUA GISELE,6xmq
RUA GIUSEPPE VERDI,6xmq
RUA GIÁCOMO PUCCINI,6xmq
RUA GIÚLIU ROBERT,6xmq3
RUA GLAUBER ROCHA,6xmq3
RUA GLAURA,6xmqe
RUA GLICÍNIA,6xmqe
RUA GLORIOS,6xmq3
RUA GLOXÍNIA,6xm
RUA GLÓRIA,6xmq
RUA GODOFREDO BOUVILLON,6xmq6
RUA GODOFREDO NOGUEIRA,6xmq
RUA GOIABA,6xmqf
RUA GOIABARANA,6xmqf
RUA GOIANÁPOLIS,6xmq
RUA GOIATINS,6xmqe
RUA GOIÁS,6xmq
RUA GOLDA MEIR,6xmqf
RUA GOLFO DO ALASCA,6xmq
RUA GOLFO DO MÉXICO,6xmq
RUA GOMES LEAL,6xmq3
RUA GONSALO PIZARRO,6xmqe
RUA GONZAGA DUQUE,6xmq6
RUA GONZAGUINHA,6xmq
RUA GONÇALO MONTEIRO,6xmqf
RUA GONÇALVES DE  MAGALHÃES,6xmq
RUA GOUVEA,6xmqg
RUA GOUVEIA,6xmq
RUA GOVERNADOR ADRIANO JORGE,6xmq
RUA GOVERNADOR ANTÔNIO C. DE CARVALHO,6xmq
RUA GOVERNADOR AUGUSTO DA MATTA,6xmq
RUA GOVERNADOR BORGES MACHADO,6xmq
RUA GOVERNADOR ESTANISLAU AFONSO,6xmq
RUA GOVERNADOR FRAGOSO MONTEIRO,6xmq
RUA GOVERNADOR GILBERTO MESTRINHO,6xmq6
RUA GOVERNADOR HENOCH REIS,6xmq6
RUA GOVERNADOR JOSÉ CHEVALIER,6xmq
RUA GOVERNADOR JOSÉ LINDOSO,6xmq6
RUA GOVERNADOR MANOEL SANTIAGO,6xmq
RUA GOVERNADOR ROGÉRIO COIMBRA,6xmq
RUA GOVERNADOR RÉGIS MONTEIRO,6xmq
RUA GOVERNADOR TEODÓSIO DE MENDONÇA,6xmq
RUA GOVERNADOR TURIANO MEIRA,6xmq
RUA GOVERNADOR VITÓRIO,6xmq
RUA GOYANA,6xmq
RUA GOÉS MONTEIRO,6xmqe
RUA GRACILIANO RAMOS,6xmq
RUA GRAFÍNIA,6xmqe
RUA GRAJAÚ,6xmqe
RUA GRAJAÚNA,6xm
RUA GRAMA AMENDOIN,6xmq
RUA GRAMA AZUL,6xmq
RUA GRANADA,6xmqg
RUA GRANDE CIDADE,6xmq3
RUA GRANDE OTELO,6xmq6
RUA GRANDES RIOS,6xmqf
RUA GRANDOLA,6xmq
RUA GRAPIA,6xmqf
RUA GRAPIAPUNHA,6xmqf
RUA GRAVATAÍ,6xmqg
RUA GRAVIOLA,6xmq3
RUA GRAZIELA RIBEIRO,6xmq
RUA GRAÇA CARVALHO,6xmq3
RUA GRAÇA DE DEUS,6xmqg
RUA GRAÇA THIAGO,6xmq
RUA GRAÚNA,6xmqf
RUA GREGÓRIO MATOS,6xmq3
RUA GRETA GARBO,6xmq
RUA GREVÍLIA,6xmqe
RUA GROELÂNDIA,6xmq
RUA GRUBIXÁ,6xmqf
RUA GRUMIXAVA,6xmqf
RUA GRÃO PARÁ,6xmq
RUA GRÉCIA,6xmq
RUA GUABAJUBA,6xmq
RUA GUACA,6xmqf
RUA GUACARI,6xmq
RUA GUACO,6xmqe
RUA GUADALAJARA,6xmq
RUA GUADALUPE,6xmq
RUA GUAIACO,6xmq
RUA GUAIPA,6xmq
RUA GUAIRANA,6xmq
RUA GUAIUVIRA,6xmqf
RUA GUAIVIRA,6xmq
RUA GUAIÇARA,6xmqe
RUA GUAJAJARA,6xm
RUA GUAJARÁ,6xmq
RUA GUAJUPIÁ,6xmqg
RUA GUAJURU,6xmq
RUA GUALTER BATISTA,6xmq6
RUA GUAMARÉ,6xmq 6xmqe
RUA GUAMIRIM,6xmq
RUA GUAMÁ,6xmq
RUA GUANABARA,6xmq
RUA GUANAMBI,6xmqf
RUA GUANANDI,6xmq
RUA GUANAPURIS,6xmq3
RUA GUANAVENAS,6xmq
RUA GUANDIRA,6xmq
RUA GUANIBIS,6xmq
RUA GUANINA,6xmq
RUA GUANULE,6xmqe
RUA GUAPE,6xmq
RUA GUAPEVA,6xmq
RUA GUAPIARA,6xmq
RUA GUAPIAÇU,6xmq
RUA GUAPIMIRIM,6xmq
RUA GUAPIRAMA,6xmq
RUA GUAPO,6xmq 6xmqe 6xmqg
RUA GUAPOREMA,6xmqf
RUA GUAPURUJU,6xmqf
RUA GUAPURUVA,6xmqf
RUA GUAPUÍ,6xmq
RUA GUARA,6xmqe
RUA GUARABIRA,6xmqg
RUA GUARACI,6xmqe
RUA GUARACIABA,6xmqf
RUA GUARAGUATÁ,6xm
RUA GUARAJUBA,6xmq
RUA GUARAMIRANGA,6xmq
RUA GUARANESIA,6xm
RUA GUARANTA,6xmq
RUA GUARANY,6xmq6
RUA GUARANÁS,6xmqf
RUA GUARAPERÊ,6xmq
RUA GUARAPUAVA,6xmqf
RUA GUARAQUEÇABA,6xmqg
RUA GUARARAMA,6xmqg
RUA GUARARAPES,6xmqg
RUA GUARAREMA,6xmqg
RUA GUARATINGA,6xmqe
RUA GUARATINGUETÁ,6xmq6
RUA GUARATUBA,6xmqe
RUA GUARATÁ,6xmqf
RUA GUARAÇAI,6xmqg
RUA GUARDA MARINHA BRITO,6xmq
RUA GUARDA MARINHA JANSEN,6xmq
RUA GUARENAS,6xmqg
RUA GUARIBA,6xmqf
RUA GUARIRI,6xmqg
RUA GUARIROBA,6xmqf
RUA GUARIUBA AMARELA,6xmqf
RUA GUARIÚBA  AMARELA,6xmqf
RUA GUARUJA,6xmqf
RUA GUARÁ,6xmqe
RUA GUATEMALA,6xmq
RUA GUAXIMA,6xmq
RUA GUAXIMIM,6xmqg
RUA GUAXUPÉ,6xmqf
RUA GUAYAQUILL,6xmq
RUA GUERRA JUNQUEIRO,6xmq3
RUA GUGLIELMO MARCONI,6xmq6
RUA GUIANA,6xmqg
RUA GUIANA FRANCESA,6xmq
RUA GUIANA HOLANDESA,6xmqg
RUA GUIANÉSIA,6xmq
RUA GUILHERME ALEXANDRE,6xmq
RUA GUILHERME DE ALMEIDA,6xmq3
RUA GUILHERME DE ORANGE,6xmq 6xmq6
RUA GUILHERME GADELHA,6xmq6
RUA GUILHERME MOREIRA,6xmq
RUA GUILHERME PARAENSE,6xmq6
RUA GUILHERME VALENTE,6xmqf
RUA GUILHERMINA GUERREIRO,6xmq
RUA GUILHERMINO CÉSAR,6xmq
RUA GUIMARÃES ROSA,6xmq
RUA GUINÉ,6xmq
RUA GUINÉ BISSAU,6xmq
RUA GUINÉ EQUATORIAL,6xmqg
RUA GUIOMAR MORAIS,6xmq6
RUA GUMERCINO SAMPAIO NETO,6xmq
RUA GUPIARA,6xmq
RUA GURGEL,6xmqg
RUA GURJAÚ,6xmqe
RUA GURUPI,6xmq
RUA GURUPÁ,6xmqf
RUA GUSMÂNIA,6xmq
RUA GUSTAVO BARROSO,6xmq3
RUA GUSTAVO CAPANEMA,6xmq
RUA GUTEMBERG,6xmqg
RUA GÁLATAS,6xmq6
RUA GÊNOVA,6xmq
RUA H (COND. RESERVA DAS FLORES),6xmq
RUA H 2,6xmq
RUA H. C. SANTANA,6xmq
RUA H1,6xmq
RUA HAITI,6xmqg
RUA HAITIANO,6xmqf
RUA HALÉSIA,6xmqf
RUA HAMAR,6xmq
RUA HAMBURGO,6xmqg
RUA HAMILTON MOURÃO,6xmq6
RUA HANAMIAS,6xmqf
RUA HANNIBAL PORTO,6xmq
RUA HANOI,6xmq
RUA HARMONIA,6xmqg
RUA HAROLDO BARBOSA,6xmq
RUA HAROLDO LOBO,6xmq6
RUA HAROLDO PORTO,6xmq6
RUA HARUMAKI,6xmq
RUA HARUO FURUUTI,6xmq
RUA HATIRO SASAZAKI,6xmq
RUA HAVAI,6xmq
RUA HAVANA,6xmqg
RUA HEBREUS,6xmq6
RUA HEBRON,6xmq
RUA HEISEI,6xmq 6xmqe
RUA HEITOR DOS PRAZERES,6xmq3
RUA HEITOR GALLENO,6xmq
RUA HEITOR PERES,6xmq
RUA HEITOR VILLA LOBOS,6xmq
RUA HEITORAL,6xmqg
RUA HELDER GOMES RAMOS,6xmq
RUA HELENA CARDOSO,6xm
RUA HELENA MOURA,6xmq3
RUA HELICONIA,6xmq
RUA HELIO LEAO,6xmqf
RUA HELIODORO BALBI,6xmq
RUA HELIODORO BOTELHO,6xmq
RUA HELIODORO MOREIRA,6xmq6
RUA HEMATITA,6xmq
RUA HEMETINA,6xmq
RUA HEMETÉRIO CABRINHA,6xmq
RUA HEMINGWARY,6xmq
RUA HENA,6xm
RUA HENRIQUE ANTONY,6xmq
RUA HENRIQUE ARCHER PINTO,6xmq
RUA HENRIQUE DA SILVA,6xmq6
RUA HENRIQUE DE MATTOS,6xmq
RUA HENRIQUE DE NAVARRA,6xmq
RUA HENRIQUE DIAS,6xmq3
RUA HENRIQUE JOBIM,6xmq
RUA HENRIQUE MARTINS,6xmq
RUA HENRIQUE VIII,6xmq3
RUA HENRY FORD,6xm
RUA HENRY HEINZ,6xmq6
RUA HENRY LEVY,6xmq
RUA HENRY MORET,6xmq
RUA HERA TERRESTRE,6xmqe
RUA HERACLITO,6xmqe
RUA HERBERT COELHO,6xmq
RUA HERBERTO HELDER,6xmq3
RUA HERCULANO DE SOUZA,6xmqe
RUA HERCULANO PENA,6xmqg
RUA HERCULANO RAMOS,6xmq
RUA HERCULÂNDIA,6xmqg
RUA HERDEIRO DO REI,6xmqf
RUA HERIVELTO MARTINS,6xmqe
RUA HERMAN LIMA,6xmq3
RUA HERMANN JULIUS,6xmq6
RUA HERMANO REQUIÃO,6xmq3
RUA HERMENGARDA JOBIM,6xm 6xmqf
RUA HERMES DA FONSECA,6xmq3
RUA HERMES FONTES,6xmq3
RUA HERNANDO DE SOTO,6xmq
RUA HERVAL ROSSANO,6xmq3
RUA HERÁCLES,6xmq
RUA HERÁCLITO,6xmqe
RUA HEVEAS BRASILIENSIS,6xmqg
RUA HIBISCO,6xmq
RUA HIBRIDA,6xmq
RUA HICSOS,6xmq
RUA HIDELBRANDO ANTONY,6xmq
RUA HIDRA,6xmq3
RUA HIDROLÂNDIA,6xmqg
RUA HILDA FERNANDES,6xmq
RUA HILDA SEIXAS,6xmq 6xmq6
RUA HILÁRIO CALHEIRO,6xmq
RUA HILÁRIO CAVALCANTE DE MORAES,6xmq
RUA HILÁRIO MALDONADO JR.,6xmq
RUA HIPOLITO DA COSTA,6xmq3
RUA HIPÓLITO DA COSTA,6xmq3
RUA HIROSHIMA,6xmq
RUA HITOTUZI,6xmq6
RUA HOKKAIDO,6xmq 6xmq6
RUA HOLAMBRA,6xmqg
RUA HOLANDA,6xmq
RUA HOLANDA FERREIRA,6xmq
RUA HOMERO,6xmqf
RUA HOMERO DE MIRANDA LEÃO,6xmq3
RUA HONDURAS,6xmq
RUA HONOLULU,6xmqg
RUA HONORE DE BALZAC,6xmq6
RUA HONSHU,6xmq
RUA HORIZONTE,6xmqg
RUA HORIZONTINA,6xmqg
RUA HORTELÃ,6xmq
RUA HORTELÃ DO CAMPO,6xmqe
RUA HORTOLÂNDIA,6xmqg
RUA HORTÊNCIAS,6xmq
RUA HOSANA,6xmqg
RUA HUASCAR ANGELIN,6xmq6
RUA HUASCAR DE FIGUEIREDO,6xmq
RUA HUDSON VIANA,6xmq3
RUA HUGO DE ABREU,6xmq
RUA HUMAITÁ,6xmq
RUA HUMARÉ,6xmqe
RUA HUMBERTO DE CAMPOS,6xmq3
RUA HUMBERTO ECO,6xmq
RUA HUMBERTO MOLLICA,6xmq
RUA HUNGRIA,6xmqg
RUA HUNOS,6xm
RUA HÉLIO CORACINE,6xmq
RUA HÉLIO LEÂO,6xmqf 6xmqg
RUA HÉLIO RAINERY,6xmq
RUA HÉLIO SERRÃO,6xmq
RUA HÉRCULES,6xmq
RUA HÓRUS,6xmqg
RUA I (COND. RESERVA DAS FLORES),6xmq
RUA I 2,6xmq
RUA I1,6xmq
RUA IACI,6xmqf
RUA IACIARA,6xmqf
RUA IACOUARI,6xmq
RUA IAGE,6xmq
RUA IAGÊ,6xmq
RUA IANOMÂMI,6xmq
RUA IAPANA,6xmqe
RUA IATE CLUBE,6xmq
RUA IAUPÉ JAÇANÃ,6xmq3
RUA IAÇU,6xmqf
RUA IBATEGUARA,6xmqg
RUA IBATÉ,6xmqf
RUA IBERE CAMARGO,6xmq
RUA IBIA,6xmqf
RUA IBIAPINA,6xmqe
RUA IBIARA,6xmqf
RUA IBIASSUCE,6xmqg
RUA IBICARAI,6xmqe
RUA IBICARÉ,6xmqe
RUA IBICOARA,6xmqe
RUA IBIMIRIM,6xmqe
RUA IBINS,6xmq
RUA IBIPEBA,6xmq
RUA IBIPETUBA,6xmqe
RUA IBIPORÃ,6xmqe
RUA IBIQUERA,6xmqe
RUA IBIRACI,6xmqe
RUA IBIRAIARAS,6xmqg
RUA IBIRAJUBA,6xmqe
RUA IBIRAMA,6xmqe
RUA IBIRAPITINGA,6xmqg
RUA IBIRAPUERA,6xmq3
RUA IBIRAPUÃ,6xmqe
RUA IBIRAREMA,6xmqe
RUA IBIRATAIA,6xmqe
RUA IBIRIMIM,6xmq
RUA IBIRITÉ,6xmqe
RUA IBIRUBA,6xmqe
RUA IBIRÁ,6xmqe
RUA IBIS,6xmqg
RUA IBIS BRILHANTE,6xmq
RUA IBITIARA,6xmqe
RUA IBITINGA,6xmq
RUA IBITIRAMA,6xm
RUA IBITITA,6xmqg
RUA IBITURANA,6xmqg
RUA IBIUNA,6xmqe
RUA IBIZA,6xmqg
RUA ICA,6xmq 6xmqf
RUA ICARAIMA,6xmqe
RUA ICEM,6xmqe
RUA ICO,6xmqe
RUA ICOARACI,6xmq 6xmqf
RUA ICONHA,6xmqe
RUA IDARLISA CORREA,6xmq6
RUA IDELFONSO PINHEIRO,6xmq
RUA IDELZITH PINHEIRO,6xmqe
RUA IDOCRÁSIO,6xmq
RUA IEMEN,6xmq
RUA IEPE,6xmqe
RUA IGACI,6xmqe
RUA IGAPORÃ,6xmqe
RUA IGARAPABA,6xmqe
RUA IGARAPE BURITIZAL,6xmq
RUA IGARAPE DE MANAUS,6xmq
RUA IGARAPE DO GIRO,6xmq
RUA IGARAPÉ  ARAÇATUBA,6xmq
RUA IGARAPÉ ACIMÃ,6xmq
RUA IGARAPÉ AGRIPINO,6xmq
RUA IGARAPÉ ANAMÃ,6xmq
RUA IGARAPÉ ARARA,6xmqg
RUA IGARAPÉ ARAÇA,6xmq
RUA IGARAPÉ AROARI,6xmqg
RUA IGARAPÉ BACURI,6xmq
RUA IGARAPÉ BEIJA FLOR,6xmq
RUA IGARAPÉ BOA VISTA,6xmq
RUA IGARAPÉ BURITI,6xmq
RUA IGARAPÉ BURITIZAL,6xmq
RUA IGARAPÉ CACHOEIRA,6xmq
RUA IGARAPÉ CAMPINAS,6xmq
RUA IGARAPÉ CAPANA,6xmq
RUA IGARAPÉ CARARÁ,6xmq
RUA IGARAPÉ DA BOLIVIA,6xm
RUA IGARAPÉ DE MANAUS,6xmq
RUA IGARAPÉ DO BINDÁ,6xmq 6xmq6
RUA IGARAPÉ DO FRANCO,6xmq3
RUA IGARAPÉ DO GIGANTE,6xmq
RUA IGARAPÉ DO MAUÁ,6xmq
RUA IGARAPÉ DO QUARENTA,6xmq
RUA IGARAPÉ DOS GUEDES,6xmq
RUA IGARAPÉ FLEXAL,6xmq
RUA IGARAPÉ GUAJARA,6xmqg
RUA IGARAPÉ IPIXUNA,6xmq
RUA IGARAPÉ ITAMARATI,6xmq
RUA IGARAPÉ JANGADA,6xmq
RUA IGARAPÉ LORENA,6xmq
RUA IGARAPÉ MANDI,6xmqf
RUA IGARAPÉ MANGUTIRI,6xmq
RUA IGARAPÉ MOURÃO,6xmq
RUA IGARAPÉ PERI,6xmqg
RUA IGARAPÉ RAPOSO,6xmq
RUA IGARAPÉ RECONQUISTA,6xmq
RUA IGARAPÉ SAMAUMA,6xmq
RUA IGARAPÉ SUCUPIRA,6xmq
RUA IGARAPÉ SÃO JOSÉ,6xmqe
RUA IGARAPÉ SÃO JOÃO,6xmq
RUA IGARAPÉ SÃO TOMÉ,6xmq
RUA IGARAPÉ SÃO VICENTE,6xmq
RUA IGARAPÉ TABOCA,6xmqg
RUA IGARAPÉ VIANA,6xmq
RUA IGARAPÉ ÁGUA BRANCA,6xmq
RUA IGARAPÉ ÁGUA PRETA,6xmq
RUA IGARAPÉ ÁGUA VERDE,6xmq
RUA IGARASSU,6xmq
RUA IGARATA,6xmqe
RUA IGARATIM,6xmqe
RUA IGARAÇU,6xmqe
RUA IGNACIO PADEREWSKI,6xmq
RUA IGNÁCIO MAGALHÃES,6xmq3
RUA IGRAPIUNA,6xmq3
RUA IGUARACI,6xmq
RUA IGUATAMA,6xmqe
RUA IGUATEMI,6xmqe
RUA IGUATU,6xmq
RUA IJACI,6xmqf
RUA IJUI,6xmqe
RUA ILHA BELA,6xmq
RUA ILHA COMPRIDA,6xmqe
RUA ILHA CONTINENTAL,6xmq3
RUA ILHA DA MADEIRA,6xmqg
RUA ILHA DE CANELA,6xmq
RUA ILHA DE ITAMARACÁ,6xmqg
RUA ILHA DE PÁSCOA,6xmq
RUA ILHA DO BANANAL,6xmq
RUA ILHA DO BAXIO,6xmqe
RUA ILHA DO JALAPÃO,6xmq
RUA ILHA DOS POMBOS,6xmq
RUA ILHA EULÉIA,6xmq
RUA ILHA MEXIANA,6xmqg
RUA ILHA OREGON,6xmq
RUA ILHA SOLTEIRA,6xmq
RUA ILHAS GALAPAGOS,6xmq
RUA ILHAS GREGAS,6xm
RUA ILHAS HÉBRIDAS,6xmqg
RUA ILHAS MALDIVAS,6xmqg
RUA ILHAS MALVINAS,6xmqg
RUA ILHAS MARIANAS,6xmq 6xmqf
RUA ILHAS MARQUESAS,6xmq
RUA ILHAS MARSHALL,6xmqg
RUA ILHAS MAURÍCIO,6xmq
RUA ILHAS REI JORGE,6xmqg
RUA ILHAS REUNIDAS,6xmq
RUA ILHAS SALOMÃO,6xmq
RUA ILHEÚS PONTAL,6xmqg
RUA ILHOTA,6xmqe
RUA ILHÉUS,6xmqf
RUA ILIDIO LOPES,6xmq 6xmq6
RUA IMACULADA CONCEIÇÃO,6xmq 6xmqg
RUA IMARIPI,6xmq3
RUA IMBAU,6xmqe
RUA IMBIARA,6xmq
RUA IMBIRA,6xm
RUA IMBIRI,6xmq
RUA IMBITUBA,6xmqe
RUA IMBU,6xm
RUA IMBUIA,6xmqe
RUA IMBURANA,6xmqf
RUA IMBURANA DE CHEIRO,6xm 6xmq
RUA IMBURANA VERMELHA,6xmqf
RUA IMPERATRIZ,6xmqe
RUA IMPERATRIZ GUITA,6xmq
RUA INACIOLÂNDIA,6xmqe
RUA INAJÁ,6xmq
RUA INALDO LUIGI,6xmq
RUA INARI,6xmqg
RUA INCA,6xmqf
RUA INCONFIDÊNCIA,6xmq3
RUA INDAIATUBA,6xmqe
RUA INDAIÁ GUAÇU,6xmq
RUA INDAVA,6xmq
RUA INDAYÁ,6xmq
RUA INDEPENDÊNCIA,6xmq3
RUA INDIANA,6xmqe
RUA INDIANAPOLIS,6xmqg
RUA INDIAPORÃ,6xmqe
RUA INDIARA,6xmqe
RUA INDIO CRETÃ,6xmq
RUA INDONÉSIA,6xmq
RUA INDUMÉIA,6xmqf
RUA INGARANA,6xmqf
RUA INGARICÓ,6xmqe
RUA INGLATERRA,6xmq
RUA INGRID BERGMAN,6xmq6
RUA INGÁ,6xmqf
RUA INGÁ FEIJÃO,6xm
RUA INHAMBÚ,6xmqg
RUA INHAME,6xmqf
RUA INHAPI,6xmq
RUA INHAPIM,6xmqe
RUA INHAUMA,6xmq
RUA INIMUIABA,6xmqe
RUA ININGA,6xmq
RUA INOA,6xmqe
RUA INOCÊNCIO DE ARAÚJO,6xmq
RUA INUÍBA,6xmqf
RUA INVERNO,6xmq 6xmqg
RUA INÁCIO A. PEIXOTO,6xmq3
RUA INÁCIO BENTO,6xmq
RUA INÊS MEZZANO,6xmq6
RUA IORUBÁ,6xmq 6xmqe
RUA IPAMERIM,6xmq
RUA IPANEMA,6xmqe
RUA IPANGUAÇU,6xmq
RUA IPATINGA,6xmqe
RUA IPECUA,6xm
RUA IPEQUI,6xmqf
RUA IPERO,6xmqe
RUA IPIAU,6xmqe
RUA IPIAÇU,6xmqe
RUA IPIRA,6xmqe
RUA IPIRANGA,6xmq
RUA IPIXUNA,6xmq
RUA IPIXUNA DO PARÁ,6xm
RUA IPOJUCA,6xmq
RUA IPOMÉIA,6xm
RUA IPU,6xm 6xmqe
RUA IPUEIRAS,6xmqe
RUA IPÊ,6xmq
RUA IPÊ AMARELO,6xmqe
RUA IPÊ BRANCO,6xmq
RUA IPÊ CABOCLO,6xmqe
RUA IPÊ MAMONA,6xmq 6xmqe
RUA IPÊ PRETO,6xmq
RUA IPÊ ROSA,6xmq
RUA IPÊ ROXO,6xmq
RUA IPÊ TABACO,6xmqe
RUA IQUITOS,6xm
RUA IRACEMA,6xmq
RUA IRACILDA COÊLHO,6xmq
RUA IRACY ALBUQUERQUE,6xmq6
RUA IRACY GONÇALVES,6xmqg
RUA IRACY LIMA DE ALMEIDA,6xmqf
RUA IRADIL SANTOS,6xmq
RUA IRAGUARA,6xmq
RUA IRAIA,6xmqe
RUA IRAJUBA,6xmqe
RUA IRAMAIA,6xmqe
RUA IRANDUBA,6xmqe
RUA IRAPURÁ,6xmq
RUA IRAQUARA,6xmqe
RUA IRAQUE,6xmq
RUA IRATIM,6xmq
RUA IRAUNA GRANDE,6xm
RUA IRAÍ,6xmqe
RUA IRECÊ,6xmqg
RUA IRENE DE CURIE,6xmq
RUA IRENE MACIEL,6xmq
RUA IRERÊ,6xm
RUA IRINÉIA RIBEIRO,6xmq3
RUA IRIRI,6xmqg
RUA IRIRU,6xmqg
RUA IRIS AFRICANA,6xmq
RUA IRITAMA,6xmqg
RUA IRLANDA,6xmq
RUA IRMA HELENA,6xmq
RUA IRMÃ BERNARDA SILVA,6xmq3
RUA IRMÃ CREUZA COELHO,6xmq
RUA IRMÃ DOMITÍLIA,6xm
RUA IRMÃ DULCE,6xmqf
RUA IRMÃ ELIZABETH BAYMA,6xm
RUA IRMÃ FLORENÇA,6xmqf
RUA IRMÃ GABRIELE,6xmq
RUA IRMÃ MARGARIDA,6xm
RUA IRMÃ V. SHANNEYDER,6xmq3
RUA IRÃ,6xmq
RUA ISAAC BENJÓ,6xmq3
RUA ISAAC NEWTON,6xmqf
RUA ISAAC RABIN,6xmq
RUA ISAAC SABBÁ,6xmq
RUA ISABEL,6xmq
RUA ISABEL DE CASTELA,6xmq
RUA ISABEL DESIDERI,6xmq
RUA ISABEL PIRES,6xmqg
RUA ISAIAS FARIAS,6xmqf
RUA ISATIS,6xmq3
RUA ISAURINHA GARCIA,6xmq
RUA ISAÍAS,6xmqf
RUA ISKARIANA,6xmq
RUA ISLÂNDIA,6xmq
RUA ISLÃ,6xmq
RUA ISMAEL BENIGNO,6xmq
RUA ISMAEL PINHEIRO,6xmq
RUA ISMAEL PONTES,6xmq6
RUA ISMALIA,6xmqg
RUA ISMARK DO AMARAL,6xmqe
RUA ISRAEL,6xmq
RUA ISRAEL BENCHIMOL,6xmq
RUA ISRAELITA,6xmq
RUA ISRAELÂNDIA,6xmqg
RUA ISSAC BENZECRY,6xmq
RUA ISTAMBUL,6xmq
RUA ISÍS,6xmqg
RUA ITA,6xmqe
RUA ITABAIANA,6xmqg
RUA ITABELA,6xmqg
RUA ITABERA,6xmqg
RUA ITABIRA,6xmqe
RUA ITABIRITO,6xmqg
RUA ITABORAÍ,6xmqe
RUA ITABUNA,6xmqg
RUA ITACAJÁ,6xmqg
RUA ITACARAMBI,6xmqg
RUA ITACARE,6xmqe
RUA ITACARÉ,6xmqe
RUA ITACIARA,6xmqf
RUA ITACIRA,6xmq
RUA ITACOATIARA,6xmq
RUA ITACOLOMI,6xmqg
RUA ITAENGA,6xmq
RUA ITAETÉ,6xmqe
RUA ITAGIBA,6xmqe
RUA ITAGIMIRIM,6xmqg
RUA ITAGUACETUBA,6xmqe
RUA ITAGUAJÉ,6xmqg
RUA ITAGUARA,6xmqg
RUA ITAGUARUNA,6xmqg
RUA ITAGUATINS,6xmqe
RUA ITAGUAÇÚ,6xmq
RUA ITAGUAÍ,6xmqg
RUA ITAI,6xmqe
RUA ITAIA,6xmq
RUA ITAIBA,6xmqg
RUA ITAIOPÓLIS,6xmqg
RUA ITAIPAVA,6xmqe
RUA ITAIPUAÇU,6xmqg
RUA ITAITÊ,6xmq
RUA ITAIVA,6xmq
RUA ITAJAÍ,6xmq3
RUA ITAJI,6xmq3
RUA ITAJIBA,6xmqe
RUA ITAJUBA,6xmq3
RUA ITAJUIPE,6xmqg
RUA ITAJÁ,6xmqe
RUA ITALO CALVINO,6xmq
RUA ITAMARACÁ,6xmq
RUA ITAMARAJU,6xmqg
RUA ITAMARANDIBA,6xmqg
RUA ITAMARATI,6xmqg
RUA ITAMARAÃ,6xmq
RUA ITAMBACURI,6xmqg
RUA ITAMBÉ,6xmqe
RUA ITAMONTE,6xmqe
RUA ITANAJÉ,6xmqe
RUA ITANARAJÁ,6xmq 6xmqf
RUA ITANGA,6xmq
RUA ITANHANDU,6xmqg
RUA ITAOBIM,6xmqg
RUA ITAPACI,6xmqe
RUA ITAPAGIPE,6xmqg
RUA ITAPAJÉ,6xmqe
RUA ITAPANI,6xmq
RUA ITAPARANÁ,6xm
RUA ITAPARICA,6xmq
RUA ITAPEBI,6xmqg
RUA ITAPECERICA,6xmqe
RUA ITAPECIRICA,6xmq
RUA ITAPEMIRIM,6xm
RUA ITAPERAVA,6xmq
RUA ITAPEROA,6xmq
RUA ITAPERUNA,6xmq
RUA ITAPETIM,6xmq
RUA ITAPETINIGA,6xmqe
RUA ITAPEVA,6xmqf
RUA ITAPEVI,6xmqe
RUA ITAPICURU,6xmqe
RUA ITAPIPOCA,6xmqe
RUA ITAPIRA,6xmq
RUA ITAPIRANGA,6xmqe
RUA ITAPIRAPUA,6xmqe
RUA ITAPIRUCU,6xmqe
RUA ITAPITANGA,6xmqe
RUA ITAPIUNA,6xmq
RUA ITAPOAMA,6xmqe
RUA ITAPORÃ,6xmq
RUA ITAPORÃO,6xmqe
RUA ITAPOÃ DO OESTE,6xmqe
RUA ITAPUAMA,6xmq6
RUA ITAPURA,6xmqe
RUA ITAPURANGA,6xmqe
RUA ITAPUÍ,6xmqe
RUA ITAQUARA,6xmqe
RUA ITAQUERAI,6xmqe
RUA ITAQUERAIMA,6xmqe
RUA ITAQUI,6xmqe
RUA ITAQUITINGA,6xmq
RUA ITARANA,6xmqe
RUA ITARANTIM,6xmqe
RUA ITARARÉ,6xmqe
RUA ITARIRI,6xmqe
RUA ITARUMA,6xmqe
RUA ITARUMÃO,6xmqe
RUA ITATERÁ,6xmq
RUA ITATIAIA,6xmq
RUA ITATINS,6xmqe
RUA ITATUBA,6xmq
RUA ITAUEIRA,6xmqg
RUA ITAUM,6xmqe
RUA ITAUNA,6xmqe
RUA ITAUÁ,6xmq
RUA ITAÚBA AMARELA,6xm
RUA ITAÚBA PRETA,6xm
RUA ITIQUIRA,6xmqg
RUA ITIRAPINA,6xmqg
RUA ITIRUÇU,6xmq3
RUA ITIRUÇÚ,6xmq3
RUA ITOBI,6xmqe
RUA ITORORÓ,6xmqe
RUA ITUIUTABA,6xmq
RUA ITUPEVA,6xmqg
RUA ITUPURANGA,6xmq
RUA ITURAMA,6xmqe
RUA ITUVERAVA,6xmqg
RUA ITÁLIA,6xmq
RUA IUATE,6xmqe
RUA IUGOSLÁVIA,6xmq
RUA IUNA,6xmqg
RUA IVAILÂNDIA,6xmq
RUA IVAIPORÃ,6xmqe
RUA IVANI MUNIZ,6xmq
RUA IVANILDO ALVES,6xmq6
RUA IVO AMAZONAS,6xmq6
RUA IVO LEMOS,6xmq6
RUA IVONE SEFAIR,6xmq
RUA IVOTÍ,6xmqe
RUA IXORA,6xmq 6xmqf
RUA IZABEL MOTTA,6xmq6
RUA IZAURA ESPERANÇA,6xmqe
RUA IZAURINA BRAGA,6xmq3
RUA IZIDORO CARVALHO,6xmq3
RUA IÇARA,6xmqe
RUA IÇÁ,6xmq
RUA J 2,6xmq
RUA J. BLANDIN,6xmq6
RUA J. CARLOS ANTONY,6xmq
RUA J. LEITE,6xmq
RUA J. O' CALLAGHAM,6xmq3
RUA J. QUEIROZ,6xmq
RUA J. SOARES,6xmq 6xmq3
RUA J.B. SILVA,6xmq
RUA J.CASTRO FIGUEIREDO,6xmq
RUA J1,6xmq
RUA JABAL,6xm
RUA JABOATÃO,6xmqe
RUA JABOIRANAS,6xmq
RUA JABORA,6xmqe
RUA JABORANDÍ,6xmq
RUA JABOTI,6xmqe
RUA JABOTICABAL,6xmqe
RUA JABOTICATUBAS,6xmqe
RUA JABOTÃO,6xmqf
RUA JABUTICABA,6xmqf
RUA JABUTICABEIRA,6xmq
RUA JACA,6xm
RUA JACAMIM,6xmqe
RUA JACARACI,6xmqe
RUA JACARANDA MARRON,6xmq
RUA JACARANDUBA,6xmq6
RUA JACARANDÁ,6xmq
RUA JACARAU,6xmqe
RUA JACARECANGA,6xmq
RUA JACAREI,6xmqe
RUA JACAREIPE,6xmqe
RUA JACAREUBAS,6xmq3
RUA JACAREZINHO,6xmqe
RUA JACARINA,6xm
RUA JACATUPÉ,6xmq
RUA JACIARA,6xmqe
RUA JACIRA C. GOES,6xmq
RUA JACIRA REIS,6xmq3
RUA JACK LONDON,6xmq
RUA JACKSON CABRAL,6xmq
RUA JACKSON SOUZA LIMA,6xmq
RUA JACUECANGA,6xmqe
RUA JACUMÃ,6xmqe
RUA JACUNDÁ,6xmq 6xmqe
RUA JACUNS,6xmqe
RUA JACUPIRANGA,6xmqe
RUA JACURUTU,6xmqe
RUA JACUTINGA,6xmqe
RUA JACY,6xmq
RUA JACÓ,6xmqf
RUA JADE,6xm
RUA JADEITA,6xm
RUA JAFÉ,6xm
RUA JAGUANAÍ,6xmq3
RUA JAGUAPITÃ,6xmqe
RUA JAGUAQUARA,6xmq3
RUA JAGUAR,6xmqe
RUA JAGUARA,6xmqe
RUA JAGUARAÇU,6xmqf
RUA JAGUARIAIVA,6xmqe
RUA JAGUARIBE,6xmqe
RUA JAGUARIPE,6xmqe
RUA JAGUARITAMA,6xmqe
RUA JAGUARIUNA,6xmqe
RUA JAGUARUANA,6xmqe
RUA JAGUARUNA,6xmqe
RUA JAIME ADOUR,6xmq3
RUA JAIME BITTENCOURT,6xmq
RUA JAIME CRUZ,6xmqg
RUA JAIME REBELO,6xmq
RUA JAKARTA,6xmqg
RUA JAMAICA,6xmqg
RUA JAMANDI,6xm
RUA JAMAXI,6xmq
RUA JAMBEIRO,6xmqe
RUA JAMBO,6xmqf
RUA JAMBO BRANCO,6xmqg
RUA JAMBO DA ÍNDIA,6xmqg
RUA JAMBO ROSA,6xmqg
RUA JAMBURANA,6xmqg
RUA JAMBÚ,6xmq
RUA JAMELÃO,6xmq
RUA JAMES DEAN,6xmq
RUA JAMES MAXWELL,6xmq
RUA JAMINAUÁS,6xm
RUA JANAI,6xmqf
RUA JANAMBA,6xmq
RUA JANAPERI,6xmqf
RUA JANAUACÁ,6xmqe
RUA JANAUARY,6xmqg
RUA JANAÚBA,6xmq
RUA JANDAIA,6xm
RUA JANDAIRA,6xm
RUA JANDIATUBA,6xmqg
RUA JANDIRA,6xmqf
RUA JANICE DE VASCONCELOS,6xmq6
RUA JANIRA,6xmqf
RUA JANUÁRIA,6xmq6
RUA JAPANA,6xmqg
RUA JAPANI,6xmq
RUA JAPAO,6xmq
RUA JAPARA,6xmq
RUA JAPI,6xmqe
RUA JAPIASSÚ,6xm
RUA JAPIIM,6xm 6xmq
RUA JAPIRA,6xmqe
RUA JAPU,6xmq
RUA JAPU VERDE,6xm
RUA JAPUAÇU,6xm
RUA JAPURAZINHO,6xmqg
RUA JAPURÁ,6xmq
RUA JARACATIÁ,6xmqf
RUA JARAMATAIA,6xmq
RUA JARANA,6xmq
RUA JARAPATINGA,6xmqf
RUA JARAQUI,6xmq
RUA JARDIM,6xmqe
RUA JARDIM ALEGRE,6xmqe
RUA JARDIM AMÉRICA,6xmqe
RUA JARDIM DA BARONESA,6xmqg
RUA JARDIM DAS FLORES,6xm
RUA JARDIM DAS NAÇÕES,6xmq
RUA JARDIM DE ANGICOS,6xmqg
RUA JARDIM DO NORTE,6xm
RUA JARDIM DO ÉDEN,6xmqf
RUA JARDIM MAUÁ,6xmq
RUA JARDIM OCEÂNIA,6xmq
RUA JARDIM OLINDA,6xmqe
RUA JARDIM PRIMAVERA,6xmq
RUA JARDINS DO SUL,6xmqf
RUA JAREDE,6xmqg
RUA JARICUS,6xmq
RUA JARINA,6xmq
RUA JARRINHA,6xm
RUA JARUÃ,6xmq
RUA JARÁ,6xmq
RUA JASMIM,6xmq
RUA JASMIM BRANCO,6xmq
RUA JASMIM DE CAIENA,6xmqe
RUA JASMIM DE LEITE,6xmq
RUA JASMIM DO CABO,6xmq
RUA JASMIM DO CAMPO,6xmqe
RUA JASMIM DOS POETAS,6xmqg
RUA JASMIM FLORIDO,6xmqg
RUA JASMIM IMPERADOR,6xmq
RUA JASMIM MANGA,6xmq
RUA JASMIM VERDE,6xmqe
RUA JASPE,6xmq6
RUA JASPE DOURADO,6xm
RUA JASPE VERMELHO,6xmq
RUA JATAIZINHO,6xmqe
RUA JATAPU,6xmqg
RUA JATAÚBA-BRANCA,6xmqf
RUA JATEI,6xmqe
RUA JATHY CHAVES,6xmq
RUA JATOBA DO SERRADO,6xmq
RUA JATUARANA,6xmq
RUA JATUBÚ,6xmq
RUA JAUAPERI,6xmqg
RUA JAUARI,6xmq
RUA JAURU,6xmqg
RUA JAVA,6xmqg
RUA JAVA PINTADO,6xmq
RUA JAVARI,6xmq
RUA JAVARÁ,6xmq
RUA JAZIRA,6xmqg
RUA JAÇANE,6xmq
RUA JAÇANÃ,6xmqf
RUA JAÚ,6xmqg
RUA JEAN RENOIR,6xmq
RUA JEDEDIAH,6xmq3
RUA JEOVÁ,6xmq
RUA JEQUERI,6xmqg
RUA JEQUITIBÁ,6xm
RUA JEQUITIBÁ GRANDE,6xmqf
RUA JEQUITIBÁ ROSA,6xmq
RUA JEQUIÉ,6xmq
RUA JEREMIAS,6xmqf
RUA JERIBA,6xmqf
RUA JERICÓ,6xmqe
RUA JERIMUM,6xmqf
RUA JERIQUARA,6xmqg
RUA JERIVA,6xmqf
RUA JERONIMO RIBEIRO,6xmq
RUA JERUSALÉM,6xmq
RUA JERÔNIMO MONTEIRO,6xmqe
RUA JESSÉ,6xmqe
RUA JESUS DA LIBERTAÇÃO,6xmq
RUA JESUS DE NAZARÉ,6xmqf
RUA JESUS DE PRAGA,6xmq3
RUA JESUS ME DEU,6xmqf
RUA JIDÁ,6xmqg
RUA JIQUITAIA,6xmq
RUA JITAUNA,6xmq
RUA JITIRANA,6xmq
RUA JOACABA,6xmqf
RUA JOANA D'ARC,6xmq
RUA JOANA GALANTE,6xmq3
RUA JOANA NONATO,6xmq
RUA JOAO MONTE FUSCO,6xm
RUA JOAO PAIVA,6xmq
RUA JOAQUIM  GONÇALVES,6xmq6
RUA JOAQUIM  PONTES,6xmq
RUA JOAQUIM ARAÚJO,6xmq
RUA JOAQUIM BARAREIRO,6xmq3
RUA JOAQUIM BRABO,6xmq
RUA JOAQUIM CACAES,6xmq3
RUA JOAQUIM CARDOSO,6xmq3
RUA JOAQUIM CARNEIRO,6xmq6
RUA JOAQUIM CURADO,6xmq6
RUA JOAQUIM DA CUNHA,6xmq6
RUA JOAQUIM DA MOTA,6xmq
RUA JOAQUIM DE SOUZA,6xmqf
RUA JOAQUIM DELPHINO,6xmq
RUA JOAQUIM LEBRETON,6xmq
RUA JOAQUIM LOUREIRO,6xmq
RUA JOAQUIM MANOEL,6xmq
RUA JOAQUIM MARINHO,6xmq6
RUA JOAQUIM MARTINS SANTANA,6xmqe
RUA JOAQUIM NUNES,6xmq
RUA JOAQUIM PASCOA,6xmq
RUA JOAQUIM PEDRO DA SILVA,6xmqe
RUA JOAQUIM PIMENTA,6xmq
RUA JOAQUIM RIBEIRO,6xmq
RUA JOAQUIM SARMENTO,6xmq
RUA JOAQUIM SERRA,6xmq3
RUA JOAQUIM UCHÔA,6xmq6
RUA JOAÇABA,6xmqf
RUA JOCKEY CLUB,6xmq
RUA JODOVAL BAYMA,6xmq
RUA JOEL,6xmqf
RUA JOEL DE PAIVA,6xmqe
RUA JOFRE COHEN,6xmq6
RUA JOHN FORD,6xmq6
RUA JOINVILLE,6xmqe
RUA JONAS BARRETO,6xmq
RUA JONAS DA SILVA,6xmq6
RUA JONATAS,6xmqf
RUA JONATHAS PEDROSA,6xmq
RUA JORACI CAMARGO,6xmq3
RUA JORDANÉSIA,6xmq
RUA JORDÂNIA,6xmq
RUA JORDÃO,6xmqg
RUA JORGE AGUIAR DE ANDRADE,6xmq6
RUA JORGE ANTONIO,6xmq3
RUA JORGE AUCAR,6xmq
RUA JORGE BAIRD,6xmq6
RUA JORGE DE  AVILEZ,6xmq6
RUA JORGE DE LIMA,6xmqf
RUA JORGE DE MORAES,6xmq
RUA JORGE GOMES,6xmq
RUA JORGE LUIZ MILANI,6xmq
RUA JORGE MAIA,6xmq6
RUA JORGE MARQUES,6xmqe
RUA JORGE MARTINS,6xmqe
RUA JORGE PROLA,6xm 6xmqf
RUA JORGE TADEU,6xmq
RUA JORGE TRIBUZY,6xmq
RUA JORGE VEIGA,6xmq6
RUA JORGE WILDER,6xmq
RUA JORITA REBELLO,6xmqe
RUA JORNALISTA FLAVIANO LIMONGI,6xmq6
RUA JORNALISTA UMBERTO CALDERARO,6xmqf
RUA JOSAPHA PIRES,6xmq
RUA JOSE AUGUSTO DE QUEIROZ,6xmq3
RUA JOSE BASILIO,6xmq3
RUA JOSE BONAPARTE,6xmq
RUA JOSE DANTAS,6xmq
RUA JOSE MARIA DA FÉ,6xmq
RUA JOSE MENDES FILHO,6xmq6
RUA JOSE PRESTES,6xmq6
RUA JOSE TEIXEIRA LOPES,6xmq
RUA JOSEFA DANTAS,6xmq 6xmqf
RUA JOSEFA LIRA,6xmqf
RUA JOSIAS,6xmqf
RUA JOSUÉ CLAÚDIO DE SOUZA,6xmq6
RUA JOSÉ  RUBENS BIMBA,6xmq
RUA JOSÉ ALDO DA S. OLIVEIRA,6xmq3
RUA JOSÉ ALUYSIO SERRÃO,6xm
RUA JOSÉ AMÉRICO,6xmq
RUA JOSÉ AMÉRICO ARANHA,6xmqe
RUA JOSÉ ANTUNES,6xmq
RUA JOSÉ AUGUSTO DE QUEIROZ,6xmq3
RUA JOSÉ AUGUSTO ROQUE DA CUNHA,6xmq
RUA JOSÉ BELÉM,6xmq3
RUA JOSÉ BONAPARTE,6xmq
RUA JOSÉ BORBOREMA,6xmq3
RUA JOSÉ CARLOS,6xmq6
RUA JOSÉ CARVALHO CRUZ,6xmq6
RUA JOSÉ CIDADE,6xmq6
RUA JOSÉ CLEMENTE,6xmq
RUA JOSÉ COELHO LEÃO,6xmq
RUA JOSÉ CORDEIRO,6xmq3
RUA JOSÉ CRUZ,6xmq
RUA JOSÉ DA COSTA TAPAJÓS,6xmqe 6xmqg
RUA JOSÉ DA SILVA LIMA,6xmq6
RUA JOSÉ DAS NEVES RIBEIRO,6xmq
RUA JOSÉ DE ALENCAR,6xmq
RUA JOSÉ DE CARVALHO,6xmq
RUA JOSÉ DE RIBAMAR,6xmq
RUA JOSÉ DE SARAMANJO,6xmqg
RUA JOSÉ DE SOUZA GASTON,6xmq
RUA JOSÉ DO BELMONTE,6xmq
RUA JOSÉ DO PATROCÍNIO,6xmq3
RUA JOSÉ DUTRA,6xmq
RUA JOSÉ EDGAR,6xm
RUA JOSÉ EDNO,6xmq
RUA JOSÉ FARIA,6xmqe
RUA JOSÉ FAUSTINO,6xmq
RUA JOSÉ FERREIRA NONATO,6xmq3
RUA JOSÉ FERRO,6xmq6
RUA JOSÉ FLORÊNCIO BATISTA,6xmq6
RUA JOSÉ FREIRE,6xmq
RUA JOSÉ FURTADO BELÉM,6xmqe
RUA JOSÉ FURTUOSO,6xmq3
RUA JOSÉ GARCIA RODRIGUES,6xmq
RUA JOSÉ GERALDO VIEIRA,6xmqf
RUA JOSÉ GERVÁSIO ARTIGAS,6xmq6
RUA JOSÉ GOMES DA SILVA,6xmq
RUA JOSÉ GROSSO,6xmq6
RUA JOSÉ GUILHERME BUZAGLO,6xmq
RUA JOSÉ HENRIQUE DE ALMEIDA,6xmqf
RUA JOSÉ HUGO LAGO,6xmq
RUA JOSÉ JEREMIAS BRAGA,6xmq
RUA JOSÉ JOAQUIM NEVES,6xmq3
RUA JOSÉ LEITE,6xmqg
RUA JOSÉ LINDOSO,6xmq
RUA JOSÉ LINHARES,6xmqg
RUA JOSÉ LINS DO RÊGO,6xmq
RUA JOSÉ LOPES,6xmq6
RUA JOSÉ LOURENÇO,6xmq 6xmqg
RUA JOSÉ MACÊDO,6xmq6
RUA JOSÉ MARIA DA CRUZ,6xmqg
RUA JOSÉ MARIA LOPO,6xmq
RUA JOSÉ MARIA MORENO,6xmq
RUA JOSÉ MARIA PINTO,6xmq
RUA JOSÉ MARIANO,6xmq6
RUA JOSÉ MAURICIO GARCIA,6xmq3
RUA JOSÉ MAURO,6xmq
RUA JOSÉ MENDES FILHO,6xmq6
RUA JOSÉ MENEZES,6xmqf
RUA JOSÉ MIRANDA COELHO,6xmq
RUA JOSÉ MONTEIRO,6xmq6
RUA JOSÉ MONTEIRO DE ARAÚJO,6xmq
RUA JOSÉ MUNIZ,6xmqf
RUA JOSÉ NOGUEIRA SOARES,6xmq6
RUA JOSÉ OITICICA,6xmqg
RUA JOSÉ PARANAGUÁ,6xmq
RUA JOSÉ PINHEIRO,6xmq
RUA JOSÉ PINTO,6xmq
RUA JOSÉ PINTO CORREA,6xmq
RUA JOSÉ PRAXEDES DE OLIVEIRA,6xmq
RUA JOSÉ PRESTES,6xmq6
RUA JOSÉ REIS,6xmq
RUA JOSÉ RIBAMAR DE FREITAS,6xmqe
RUA JOSÉ RIBEIRO SOARES,6xmq6
RUA JOSÉ ROMÃO,6xmqe
RUA JOSÉ RUFINO CAMPOS,6xm
RUA JOSÉ RÉGIO,6xmq3
RUA JOSÉ SAMICO,6xmq
RUA JOSÉ SAN MARTIN,6xmq
RUA JOSÉ SOARES ABREU,6xmq
RUA JOSÉ TADROS,6xmq3
RUA JOSÉ TAVARES,6xmq
RUA JOSÉ TUMA,6xmq
RUA JOSÉ VAZ DE OLIVEIRA,6xmq 6xmqg
RUA JOSÉ VIEIRA,6xmq3
RUA JOSÉ VITALINO,6xmq
RUA JOSÉ ÁLVARES MACIEL,6xmq3
RUA JOVIANIA,6xmqe
RUA JOVINA ALVES DE ARAÚJO,6xmq
RUA JOÁ,6xmq
RUA JOÃO AFONSO,6xmq
RUA JOÃO ALBERTO,6xmqe
RUA JOÃO ALFREDO,6xmq6
RUA JOÃO ALPHONSUS,6xmqg
RUA JOÃO ALVES,6xmqe
RUA JOÃO AVELINO,6xmq
RUA JOÃO BARAFUNDA,6xmqg
RUA JOÃO BATISTA CORDEIRO,6xmq
RUA JOÃO BATISTA RAMOS,6xmq
RUA JOÃO BATISTA RODRIGUES,6xmq
RUA JOÃO BOSCO BORNIER,6xmq
RUA JOÃO BOSCO EVANGELISTA,6xmq
RUA JOÃO BOSCO FARECO,6xmq6
RUA JOÃO BOSCO RAMOS DE LIMA,6xmqg
RUA JOÃO BRUNO,6xmq
RUA JOÃO BURNIER,6xmq
RUA JOÃO CALVINO,6xmqg
RUA JOÃO CAMARA,6xmqe
RUA JOÃO CAMILO,6xmq
RUA JOÃO CARDOSO,6xmq
RUA JOÃO CHAMMA,6xmq
RUA JOÃO COELHO,6xmqg
RUA JOÃO CONDE,6xmq
RUA JOÃO CRISTOVÃO CARDOSO,6xmq3
RUA JOÃO CRYSÓSTOMO DE OLIVEIRA,6xmq
RUA JOÃO CÂNDIDO,6xmqe
RUA JOÃO DARY,6xmq3
RUA JOÃO DE BARRO,6xmq
RUA JOÃO DE CASTRO,6xmq3
RUA JOÃO DE MENDONCA FURTADO,6xmq
RUA JOÃO DE MENDONÇA FURTADO,6xmq 6xmq6
RUA JOÃO DE SOUZA CATUNDA,6xmq
RUA JOÃO DIAS,6xmq
RUA JOÃO DO MATO,6xmq
RUA JOÃO DO RIO,6xmq3
RUA JOÃO DOURADO,6xmqe
RUA JOÃO ERNESTO,6xmq3
RUA JOÃO EUGÊNIO,6xmq
RUA JOÃO FERNANDES DE ARAÚJO,6xmq3
RUA JOÃO GABRIEL DA SILVA,6xmq
RUA JOÃO GOMES,6xmqe
RUA JOÃO LEDA,6xmq
RUA JOÃO LEITÃO,6xmq
RUA JOÃO LIBERAL,6xmqg
RUA JOÃO LISBOA,6xmq3
RUA JOÃO LUCAS,6xmqg
RUA JOÃO MANGABEIRA,6xmq
RUA JOÃO MEIRELIS,6xmq
RUA JOÃO MIGUEL ESPER,6xmq6
RUA JOÃO MONTE FUSCO,6xm 6xmqf
RUA JOÃO NEVES,6xmqe
RUA JOÃO P. BEIRA MAR,6xmq
RUA JOÃO PAULO I,6xmq 6xmq3
RUA JOÃO PENHA,6xmq3
RUA JOÃO PESSOA,6xmq
RUA JOÃO PIMENTA QUEIROZ,6xmq6
RUA JOÃO PIMENTEL,6xmq3
RUA JOÃO RAMALHO,6xmq6
RUA JOÃO RIBEIRO,6xmq
RUA JOÃO RODRIGUES DA SILVA,6xmq6
RUA JOÃO RODRIGUES DE SOUSA,6xmq6
RUA JOÃO SEGADAS VIANA,6xmq3
RUA JOÃO SEVERINO DA FONSECA,6xmq3
RUA JOÃO SIQUEIRA RAMOS,6xmq3
RUA JOÃO SÓ,6xmqe
RUA JOÃO TOMÉ CRAVEIRO,6xmq3
RUA JOÃO VALDEZ,6xmq
RUA JOÃO VICENTE,6xmq
RUA JOÃO WALTER DE ANDRADE,6xmqe
RUA JOÃO XIMENES ARAGÃO,6xmq
RUA JUACEMA,6xmq
RUA JUAN ARDUINO,6xmq
RUA JUAN DE QUINTANA,6xmq6
RUA JUARA,6xmq6
RUA JUAREZ PRADO,6xmqf
RUA JUATUBA,6xmqe
RUA JUAZEIRINHO,6xmqe
RUA JUAZEIRO,6xmq
RUA JUAZEIRO DO NORTE,6xmqe
RUA JUCA PAES DE ANDRADE,6xmq6
RUA JUCAINA,6xmq
RUA JUCI,6xmq
RUA JUCIRI,6xmq
RUA JUCÁ,6xmq
RUA JUDITH DA SILVEIRA,6xmqf
RUA JUDITH MOTTA,6xmq6
RUA JUDÁ,6xmqg
RUA JUDÉIA,6xmqf
RUA JUFARÍ,6xmq
RUA JUI,6xmq
RUA JUINA,6xmqf
RUA JULIA SANTANA,6xmq
RUA JULIACA,6xmqg
RUA JULIETA PESSOA REIS,6xmq6
RUA JULIO CÉSAR DA COSTA,6xmq6
RUA JULIÃO PIRES,6xmqg
RUA JUMIRIM,6xmqe
RUA JUNCO AGRESTE,6xmqg
RUA JUNCO DA PRAIA,6xmqg
RUA JUNCO VERDE,6xm
RUA JUNDIAÍ,6xmqf
RUA JUNDIÁ,6xmq
RUA JUNOT FREDERICO,6xmq6
RUA JUNOUT LOUZADA,6xmq
RUA JUPITER,6xmqf
RUA JUPIÁ,6xmq
RUA JUPURI,6xm
RUA JUPURUTU,6xmq
RUA JUQUI,6xmqe
RUA JUQUITA,6xmqe
RUA JUQUIÁ,6xmq3
RUA JURACI MAGALHÃES,6xmq
RUA JURANDIR DIOLA,6xmq
RUA JURANDIR MENE,6xmq6
RUA JUREMA,6xmq3
RUA JURICI,6xmqf
RUA JURIPIRANGA,6xmq
RUA JURITI,6xmqg
RUA JURITI AZUL,6xmq
RUA JURITI PIRANGA,6xm
RUA JURITI VERMELHA,6xmq
RUA JURITÉ,6xmq
RUA JURUAIA,6xm
RUA JURUAMÃ,6xmqf
RUA JURUANA,6xmq
RUA JURUAZINHO,6xmq
RUA JURUENA,6xmqf
RUA JURUPARY,6xmq
RUA JURUPIRANGA,6xmq
RUA JURUPOCA,6xm
RUA JURUTI,6xmq 6xmq3
RUA JURUÁ,6xmq
RUA JUSCELINO KUBITSCHEK,6xmq
RUA JUSSARA,6xmq
RUA JUSSARI,6xmq
RUA JUSTINA DE OLIVEIRA,6xmq6
RUA JUTAIRANA,6xmq
RUA JUTAÍ,6xmq
RUA JUTICÁ,6xmq
RUA JUVENAL ABREU MELO,6xmq6
RUA JUVENAL BEZERRA,6xmqf
RUA JUVENAL TAVARES,6xmqe
RUA JUVÊNCIO DIAS,6xmq
RUA JUÁ,6xmqg
RUA JUÁ-MIRIM,6xm
RUA JUÍ,6xmqf
RUA JÔNICA,6xmq
RUA JÚLIA LOPES,6xmq
RUA JÚLIA MACÊDO,6xmq
RUA JÚLIA MELO,6xmq
RUA JÚLIA VASCONCELOS,6xmqf
RUA JÚLIO BELÉM,6xmq
RUA JÚLIO BIVAQUA,6xmq
RUA JÚLIO CESAR,6xmq6
RUA JÚLIO CORTAZAR,6xmq 6xmq6
RUA JÚLIO DAMIÃO,6xmq
RUA JÚLIO DINIS,6xmq
RUA JÚLIO MESQUITA,6xmq
RUA JÚLIO PRESTES,6xmqe
RUA JÚLIO RIBEIRO,6xmq3
RUA JÚLIO VERNE,6xmq6
RUA K 2,6xmq
RUA K1,6xmq
RUA KABORÉ,6xmq
RUA KADOMA,6xmq
RUA KAIO EDUARDO SANTOS,6xmq
RUA KAKATOA,6xmq
RUA KAKO CAMINHA,6xmq3 6xmq6
RUA KAMAKURA,6xmq
RUA KAMPALA,6xmq
RUA KANAMARIS,6xmqe
RUA KANT,6xmqf
RUA KARAJÁ,6xmqf
RUA KARAMAN,6xmqf
RUA KARAMÃ,6xmqe
RUA KARL JANSKY,6xmq
RUA KATUMANDU,6xmqg
RUA KAXINAUÁ,6xmq
RUA KAZUMI,6xmq
RUA KAZUO KIMURA,6xmq
RUA KENYA,6xmqf
RUA KINGSTON,6xmqg
RUA KIOTO,6xmq
RUA KIRIBATI,6xmq
RUA KIRUNA,6xmqg
RUA KLAUSS VIANNA,6xmq
RUA KOBE,6xmq
RUA KOFU,6xmq
RUA KOGOSHIMA,6xmq
RUA KORAI,6xmq3
RUA KUARUE,6xmq
RUA KULINAS,6xmq6
RUA KUMAMOTO,6xmq
RUA KUMASI,6xmqg
RUA KURI,6xmq
RUA KWAIT,6xmq
RUA KYUSHU,6xmq
RUA L 2,6xmq
RUA LA CORUNA,6xmqg
RUA LA PAZ,6xmq
RUA LA PLATA,6xmq
RUA LA VERENA,6xmqf
RUA LACERDOPOLIS,6xmqe
RUA LACORUNA,6xmq
RUA LADARIO,6xmqg
RUA LAELIA,6xmq6
RUA LAFAIETE PEREIRA,6xmq3
RUA LAGAMAR,6xmq3
RUA LAGEADO,6xmqe
RUA LAGES DO RIO NEGRO,6xmq
RUA LAGO  BONFIM,6xm
RUA LAGO ARIAÚ,6xmq
RUA LAGO DA BOA VISTA,6xmq
RUA LAGO DIDO,6xmqg
RUA LAGO DO ALEIXO,6xmq
RUA LAGO DO UATUMÃ,6xmqg
RUA LAGO DOS PATOS,6xmq
RUA LAGO DOS REIS,6xmq
RUA LAGO EIRE,6xmqf
RUA LAGO MAPARI,6xmq
RUA LAGO MERON,6xmqf
RUA LAGO MUREU,6xmq
RUA LAGO PALESTINO,6xmqg
RUA LAGO PURAQUEQUARA,6xmq
RUA LAGO TANA,6xmqf
RUA LAGO VITÓRIA,6xmqf
RUA LAGOA AZUL,6xmq
RUA LAGOA BONITA,6xmqg
RUA LAGOA DA PEDRA,6xmqg
RUA LAGOA DA PRATA,6xmq
RUA LAGOA DE DENTRO,6xmqe
RUA LAGOA DE PEDRAS,6xmqg
RUA LAGOA FORMOSA,6xmq
RUA LAGOA GRANDE,6xmqg
RUA LAGOA NOVA,6xmqg
RUA LAGOA SANTA,6xmqe
RUA LAGOA SECA,6xmq
RUA LAGOA VERDE,6xmq
RUA LAGOA VERMELHA,6xmq
RUA LAGOINHA,6xmqg
RUA LAGOSTA,6xmq
RUA LAGUNA,6xmqg
RUA LAGUNA CARAPA,6xmqe
RUA LAJES DAS FLÔRES,6xmq
RUA LAJES PINTADAS,6xmqg
RUA LAJETO,6xmq
RUA LAJINHA,6xmq
RUA LAMARTINE BABO,6xmq6
RUA LAMBARI,6xmq6
RUA LAMBUJINHA,6xmq
RUA LAMEQUE,6xm
RUA LANGREO,6xm
RUA LANTANA PENDENTE,6xmq
RUA LAPA,6xmq
RUA LAPÃO,6xmq
RUA LARANJA AMARELA,6xmq
RUA LARANJA CRAVO,6xmq
RUA LARANJA DA CHINA,6xmq
RUA LARANJA DA TERRA,6xmq
RUA LARANJAL,6xmqg
RUA LARANJEIRA,6xmq
RUA LARANJINHA,6xmqf
RUA LAREDO,6xmqg
RUA LAS PALMAS,6xmqg
RUA LASAR SEGALL,6xmq3
RUA LASTHENIA DE VASCONCELOS,6xmq
RUA LATINO COELHO,6xmq3
RUA LAUDICÉIA,6xmqf
RUA LAURA GONÇALVES,6xmq
RUA LAURA VICUÑA,6xmq
RUA LAURENTINO,6xmqg
RUA LAURINDO LUIS DOS SANTOS,6xmq3
RUA LAURO ANDRADE,6xmq
RUA LAURO BITENCOURT,6xmq3
RUA LAURO CAVALCANTE,6xmq
RUA LAURO CORONA,6xmq
RUA LAURO DE FREITAS,6xmq
RUA LAURO HONÓRIO,6xmq
RUA LAURO MACHADO,6xmq
RUA LAURO MULLER,6xmq
RUA LAURO SODRÉ,6xmq6
RUA LAURÊNCIO,6xmq3
RUA LAUZANE,6xmqg
RUA LAVANDA,6xmq
RUA LAZAR SEGAL,6xmq3
RUA LAZURITA,6xmq
RUA LAÇO DE FAMILIA,6xmq
RUA LAÇO DO AMOR,6xmq
RUA LAÇOS DE FAMÍLIA,6xmq
RUA LAÉRCIO MIRANDA,6xmq
RUA LEANDRO FERREIRA,6xmq
RUA LEANDRO PRESUMIDO,6xmq
RUA LEAO DE JUDA,6xmq 6xmqf
RUA LEBLON,6xmq
RUA LECONTE DE LISLE,6xmqf
RUA LEDA MELO,6xmqe
RUA LEIDE DAS NEVES,6xmq
RUA LELIA,6xmq6
RUA LEME,6xmq
RUA LENINEDE LIMA,6xmq3
RUA LENINGRADO,6xmqg
RUA LENNIN,6xmqf
RUA LENTILHA DA ÁGUA,6xmqg
RUA LEON,6xmq
RUA LEONARDO MARINHO,6xmq
RUA LEONARDO MOTA,6xmq3
RUA LEONITA ALMEIDA,6xmqf
RUA LEONOR TELES,6xmq6
RUA LEONORA  ARMSTRONG,6xmq
RUA LEONORA ARMSTRONG,6xmq
RUA LEOPOLDINA,6xmqe
RUA LEOPOLDO BAYMA,6xmq
RUA LEOPOLDO CARPINTEIRO PERES,6xmq 6xmq6
RUA LEOPOLDO FERREIRA,6xmq3
RUA LEOPOLDO HEBRON,6xmqe
RUA LEOPOLDO KRICHANA DA SILVA,6xmq
RUA LEOPOLDO KRICHANÃ DA SILVA,6xmq
RUA LEOPOLDO MIGUEL,6xmq
RUA LEOPOLDO NEVES,6xmq
RUA LEOPOLIS,6xmq
RUA LEOVEGILDO COELHO,6xmq
RUA LEPAS,6xmq
RUA LESOTO,6xmqg
RUA LETRA CHINESA,6xmq
RUA LETÍCIA,6xmq
RUA LETÔNIA,6xmq
RUA LEUCENA,6xmq
RUA LEVERRIER,6xmq3
RUA LEVI,6xm
RUA LEÃO DE JUDÁ,6xmq3
RUA LEÃO DO CABO,6xmq3
RUA LEÃO RODRIGUES VIEIRA,6xmq
RUA LEÔNCIO CORREA,6xmq3
RUA LEÔNIDAS,6xmq
RUA LIATRIS,6xmq
RUA LIBERMORRO,6xmq
RUA LIBERTADOR,6xmq 6xmq6
RUA LIBIA,6xmqg
RUA LIBÉRIA,6xmq
RUA LICEU,6xmqe
RUA LICURI,6xmq
RUA LIGIA TELES,6xmq3
RUA LILI BENCHIMOL,6xmq
RUA LILIACEA,6xmqf
RUA LILIFLORO,6xmqf
RUA LILIFORME,6xmqf
RUA LILIPUTIANO,6xmqf
RUA LIMA,6xmq
RUA LIMA BACURI,6xmq
RUA LIMA BARRETO,6xmq3
RUA LIMA CAVALCANTE,6xmqf
RUA LIMA E SILVA,6xmq6
RUA LIMEIRA,6xmqf
RUA LIMOEIRO,6xmq
RUA LIMÃO CRAVO,6xmq
RUA LIMÃO DE CHEIRO,6xmq
RUA LIMÃO DOCE,6xmq
RUA LINA BO BARDI,6xmq
RUA LINA ROSSE,6xmq
RUA LINDALVA MOREIRA,6xmq 6xmqe
RUA LINDOIA,6xmqe
RUA LINDON JOHNSON,6xmq
RUA LINDÓIA,6xmq
RUA LINHARES,6xmq 6xmqe
RUA LINO PEREIRA,6xmqf
RUA LINS DE BARRO,6xmq
RUA LINÁRIA,6xm
RUA LION,6xmq
RUA LIRA ARAÚJO,6xmq
RUA LIRIO DO CAMPO,6xmq
RUA LIRIO DO VALE,6xmq
RUA LISBOA,6xmq
RUA LISIANTO,6xmq
RUA LITORAL,6xmq
RUA LITORANEA,6xmq
RUA LITUANIA,6xmq
RUA LIVERPOOL,6xmqg
RUA LIVIO ABRAMA,6xmq
RUA LIZARDA,6xmq6
RUA LOBATO,6xmq 6xmqe
RUA LOBEIRA,6xmqf
RUA LOBO D'ALMADA,6xmq
RUA LOBO MARINHO,6xmq
RUA LOLITA,6xmq
RUA LOMAS VALENTINA,6xmq3
RUA LONDRES,6xmq
RUA LOPES GONÇALVES,6xmq
RUA LOPO SOARES,6xmq
RUA LORCA,6xm
RUA LORENZO FERNANDEZ,6xmq
RUA LORETO,6xmq
RUA LORIS CORDOVIL,6xmq3 6xmq6
RUA LOUREIRO,6xmq
RUA LOUREIRO ROSA,6xmq
RUA LOURENÇO NITOLI,6xmq
RUA LOURENÇO PONTES,6xmq
RUA LOURO  ROSA,6xmqf
RUA LOURO ABACATE,6xmqf
RUA LOURO AMARELO,6xmq
RUA LOURO ARITU,6xmqf
RUA LOURO BRANCO,6xmqf
RUA LOURO CEDRO,6xm
RUA LOURO CEREJA,6xmqe
RUA LOURO CHUMBO,6xmqf
RUA LOURO CRAVO,6xmqe
RUA LOURO GAMELA,6xmqf
RUA LOURO INGÁ,6xmqf
RUA LOURO INHAMUI,6xmq
RUA LOURO ITAÚBA,6xmqf
RUA LOURO PRETO,6xmq
RUA LOURO VERMENHO,6xmqf
RUA LOURO-TACHI,6xmqf
RUA LOUSIANIA,6xmqg
RUA LOUVEIRA,6xmqe
RUA LOUVRE,6xmq
RUA LUANDA,6xmq
RUA LUCAS,6xmqg
RUA LUCAS BAYMA,6xmq
RUA LUCAS BICALHO,6xmqf
RUA LUCERNA,6xmqg
RUA LUCIA  PEREIRA,6xmq3
RUA LUCIA DIAS,6xmq
RUA LUCILA DE CASTRO,6xmq 6xmq3
RUA LUCINDA MOTA,6xmq
RUA LUGAR DA BARRA,6xm
RUA LUIS AGUIAR,6xmqg
RUA LUIS ALBERTO ARDUINO,6xmq
RUA LUIS BARION,6xmq
RUA LUIS BUNUEL,6xmq6
RUA LUIS CASCUDO,6xmq3
RUA LUIS DE LA QUINTANA,6xmq6
RUA LUIS DUPRAT,6xmq6
RUA LUIS FREITAS,6xmq3
RUA LUIS JORGE,6xmq 6xmq3
RUA LUIS LIMA,6xmq3
RUA LUIS LOPES,6xmq6
RUA LUIS MOREIRA,6xmq6
RUA LUIS PASTEUR,6xmq6
RUA LUIS PEDRO PEREGRINO,6xmq6
RUA LUIS PRESTES,6xmqf
RUA LUIS SOARES,6xmqe
RUA LUIS SÉRGIO,6xmq
RUA LUIS VEZON,6xmq
RUA LUIS XVIII,6xmq6
RUA LUIZ  PRESTES,6xmqf
RUA LUIZ ANTONIO GASPARETTO,6xmq
RUA LUIZ ANTONY,6xmq
RUA LUIZ BACELLAR,6xmq
RUA LUIZ CORRENTE,6xmq
RUA LUIZ DA CUNHA MENEZES,6xmqg
RUA LUIZ DE CASTRO,6xmq6
RUA LUIZ DE FREITAS RIBEIRO,6xmqe
RUA LUIZ DELFINO,6xmq
RUA LUIZ EDUARDO MAGALHÃES,6xmq
RUA LUIZ EDUARDO RODRIGUES,6xmq
RUA LUIZ EÇA,6xmq
RUA LUIZ GONZAGA,6xmq
RUA LUIZ GÁLVEZ,6xmq
RUA LUIZ MENDES,6xmq
RUA LUIZ MIRANDA,6xmq
RUA LUIZ MONTE NEGRO,6xmq
RUA LUIZ MONTENEGRO,6xmq
RUA LUIZ MURAT,6xmq
RUA LUIZ NOGUEIRA,6xm
RUA LUIZ OLAVO,6xmq6
RUA LUIZ OTÁVIO,6xmq6
RUA LUIZ PONTES,6xmq
RUA LUIZ VAZ DE CAMOES,6xmq3
RUA LUIZ XIV,6xmqf
RUA LUIZETTE BARBOSA LIMA,6xmq3
RUA LUMEEIRAS,6xmq
RUA LUPICINIO RODRIGUES,6xmq
RUA LUSAKA,6xmq
RUA LUTÉCIA,6xmq
RUA LUXEMBURGO,6xmq
RUA LUXOR,6xmqg
RUA LUZ,6xmqe
RUA LUZ MARINA,6xmq
RUA LUZANIA,6xmq
RUA LUZIA CONTENTE,6xmq3
RUA LUZIA RAMOS,6xmq3
RUA LUZILÂNDIA,6xmq
RUA LUÍS ANTONIO ARRUDA,6xmq3
RUA LYNDALL URWICK,6xmq
RUA LYZON,6xmqg
RUA LÁBREA,6xmq6
RUA LÁPIS LAZULI,6xmq6
RUA LÁZARO BITTENCOURT,6xmqf
RUA LÍBANO,6xmq
RUA LÍBIA,6xmq
RUA LÍDIA PIRES MACÊDO,6xmqf
RUA LÍGIA PINTO,6xmq
RUA LÍRIO,6xmq
RUA LÍRIO AMARELO,6xmq
RUA LÍRIO ASIÁTICO,6xmq
RUA LÍRIO BRANCO,6xmqe
RUA LÍRIO DA CHINA,6xmqe
RUA LÍRIO DAS ANTILHAS,6xmqe
RUA LÍRIO DAS PEDRAS,6xmqe 6xmqg
RUA LÍRIO DAS ÍNDIAS,6xmqe
RUA LÍRIO DE LIMA,6xmqe
RUA LÍRIO DO AMAZONAS,6xmqe
RUA LÍRIO DO BREJO,6xmqe
RUA LÍRIO DO JAPÃO,6xmqe
RUA LÍRIO DO MAR,6xmqe
RUA LÍRIO DO VALE,6xmq
RUA LÍRIO ROSA,6xmq
RUA LÍRIO ROXO,6xmqe
RUA LÍRIO-DO-NILO,6xmqg
RUA LÍTIO,6xmq 6xmqg
RUA LÓTUS AMARELO,6xmqe
RUA LÓTUS AZUL,6xmqe 6xmqg
RUA LÚCIO CARDOSO,6xmq
RUA MACABEUS,6xmqf
RUA MACACAUBA,6xm
RUA MACACAÚBA,6xm
RUA MACADÂMIA,6xmq
RUA MACAIA,6xmq
RUA MACAIBA,6xmqe
RUA MACAJAÍ,6xmq
RUA MACAPÁ,6xmqg
RUA MACATUBA,6xmq 6xmqg
RUA MACAU,6xmqe
RUA MACAUBAS,6xmq3
RUA MACAUVEIRA,6xmqf
RUA MACAÉ,6xmqe
RUA MACEDÔNIA,6xmq
RUA MACEIO,6xmq6
RUA MACEIÓ,6xmq6
RUA MACHADO DE ASSIS,6xmq
RUA MACHADO DE OLIVEIRA,6xmq6
RUA MACIEIRA,6xmq
RUA MACIEL MONTEIRO,6xmq3
RUA MACULATA,6xmq
RUA MACUNAIMA,6xmq
RUA MACURURÉ,6xmqe
RUA MACUXI,6xmq
RUA MADAGASCAR,6xmq
RUA MADALENA FROTA,6xmqe
RUA MADALENA MOTA,6xmq
RUA MADISON,6xmq
RUA MADRE CATARINA NANCY,6xmq6
RUA MADRE DE DEUS,6xmq
RUA MADRE JOANA ANGÉLICA,6xmq3
RUA MADRE PAULINA,6xmq
RUA MADRE TEREZA DE CALCUTÁ,6xmq
RUA MADREPÉROLA,6xmq
RUA MADRI,6xmq
RUA MAESTRO DONIZETTI GODIM,6xmq
RUA MAESTRO JOAQUIM FRANCO,6xmq 6xmq6
RUA MAESTRO WILSON FONSECA,6xmq 6xmq6
RUA MAFRA,6xmq
RUA MAGALHAES,6xmq
RUA MAGALHÃES BARATA,6xmq
RUA MAGALHÃES VASCONCELOS,6xmq
RUA MAGNETITA,6xmq
RUA MAGNÓLIA,6xmq
RUA MAIAS,6xmq
RUA MAICAO,6xmqg
RUA MAIORCA,6xmqg
RUA MAIORUNA,6xmqf
RUA MAIRINIQUE,6xmq
RUA MAJIRONA,6xmq
RUA MAJOR GABRIEL,6xmq 6xmq6
RUA MAJOR GAVÍNIO VIANA,6xmqe
RUA MAJOR GENTIL RODRIGUES,6xmq
RUA MAJOR ISIDORO,6xmq6
RUA MAJOR PEDRO SIMPSON,6xmqe
RUA MAJOR RIBEIRO JÚNIOR,6xmqe
RUA MAJOR SILVERIO J. NERY,6xmqe
RUA MAJOR SILVÉRIO J. NERY,6xmqe
RUA MAJURU,6xmqe
RUA MAKUXI,6xmqf
RUA MALAGA,6xm
RUA MALAQUIAS,6xmqf
RUA MALAUÍ,6xmqg
RUA MALBATAHAN,6xmq3
RUA MALHEIROS DIAS,6xmq3
RUA MALI,6xmqg
RUA MALMEQUE,6xmq
RUA MALTA,6xmq
RUA MALTHUS,6xmq3
RUA MALVA,6xmq
RUA MALVA VERDE,6xmq
RUA MALVARISCO,6xmq
RUA MALVINO REIS NETO,6xmqf
RUA MALÁSIA,6xmq
RUA MAMBORÉ,6xmqe
RUA MAMONA,6xmq
RUA MAMORI,6xmq
RUA MAMUÍ,6xm
RUA MAMÃO,6xmqf
RUA MANACA DA SERRA,6xmqf
RUA MANACAPURU,6xmq
RUA MANACÁ,6xmq
RUA MANANCIAL,6xmqf
RUA MANAQUIRI,6xmq6
RUA MANAUS,6xmq 6xmqg
RUA MANAÓS,6xmq6
RUA MANDACARU,6xmq
RUA MANDAGUARI,6xmq
RUA MANDALA,6xmqg
RUA MANDARIM,6xmqf
RUA MANDIGAU,6xmqf
RUA MANDIOCABA,6xmq
RUA MANDIOQUEIRA,6xmqf
RUA MANDUIRANA,6xmq
RUA MANDURI,6xmq
RUA MANFREDO R. LOUREIRO,6xmq
RUA MANFREDO RODRIGUEZ,6xmq
RUA MANGA,6xmqf
RUA MANGABA,6xmq
RUA MANGAL DAS GARÇAS,6xmq
RUA MANGANÊS,6xmqg
RUA MANGARATAIA,6xmq
RUA MANGARATIBA,6xmqg
RUA MANGARATUBA,6xmq
RUA MANGUEIRAS,6xm 6xmqf
RUA MANHUAÇÚ,6xm 6xmqf
RUA MANILA,6xmq
RUA MANISA,6xmqf
RUA MANITOBA,6xmqg
RUA MANIVA,6xmqf
RUA MANJERICÃO,6xmq
RUA MANJERIOBA,6xmq
RUA MANJERONA,6xmq
RUA MANOEL ALVES BRANCO,6xmq3
RUA MANOEL AMAZONAS BOTELHO,6xmqg
RUA MANOEL ANDRADE,6xmq
RUA MANOEL ANTONIO DE ALMEIDA,6xmq3
RUA MANOEL ANTONIO DE SOUZA,6xmqg
RUA MANOEL BANDEIRA,6xmq
RUA MANOEL BATISTA,6xmq3
RUA MANOEL CORREA,6xmq
RUA MANOEL CORREIA,6xmq
RUA MANOEL CORREIA DE ARAÚJO,6xmq6
RUA MANOEL COSTA,6xm
RUA MANOEL CÂNDIDO DE MOURA,6xmq
RUA MANOEL DA ROCHA,6xmq
RUA MANOEL DE M. COSTA,6xmq
RUA MANOEL DIAS CASAL,6xmq
RUA MANOEL FERREIRA NASCIMENTO,6xmq
RUA MANOEL GARCES,6xmqe
RUA MANOEL GONCALVES LOUREIRO,6xmq6
RUA MANOEL JEFERSON,6xmq3
RUA MANOEL LAPA,6xmq3
RUA MANOEL LEAO,6xmq6
RUA MANOEL MACIEL DA SILVA,6xmq
RUA MANOEL MARQUES DE SOUZA,6xmq6
RUA MANOEL MATIAS,6xmq
RUA MANOEL MENDES DA SILVA,6xmq
RUA MANOEL NASCIMENTO,6xmq3
RUA MANOEL NAVARRO,6xmq
RUA MANOEL ORTIZ,6xmq3
RUA MANOEL QUERIDA,6xmq3
RUA MANOEL ROSSET,6xmq
RUA MANOEL SALGADO,6xmq3
RUA MANOEL SANTIAGO,6xmq
RUA MANOEL SANTOS JÚNIOR,6xmq6
RUA MANOEL SIMPLÍCIO,6xmq
RUA MANOEL SOARES DA FONSECA,6xm
RUA MANOEL URBANO,6xmq
RUA MANSUR BULBOL,6xmq
RUA MANTEPÁ,6xmqf
RUA MANTIQUEIRA,6xmq
RUA MANUEL DA CRUZ,6xmqg
RUA MANUEL PEDRO,6xmq6
RUA MANÁ,6xmqf
RUA MANÁGUA,6xmqg
RUA MAOMÉ,6xmq
RUA MAPARÁ,6xmq
RUA MAPIXI,6xmq
RUA MAPUERA,6xmqf
RUA MAPUÁ,6xmq
RUA MAR CÁSPIO,6xmq
RUA MAR DA GALILÉIA,6xmqf
RUA MAR DE FLORES,6xmq
RUA MAR DE JAVA,6xmq
RUA MAR DE QUINEROTE,6xmq
RUA MAR DE SUFE,6xmq
RUA MAR GLACIAL,6xmqf
RUA MAR JÔNICO,6xmqf
RUA MAR VERMELHO,6xmqf
RUA MARABU,6xmq
RUA MARABÁ,6xmq3
RUA MARACAIBO,6xmqg
RUA MARACAJU,6xmqe
RUA MARACAJÁ,6xmq
RUA MARACANA,6xm
RUA MARACATÚ,6xmq
RUA MARACAÍPE,6xmqg
RUA MARACUJÁ,6xmqf
RUA MARACUJÁ DO MATO,6xmq
RUA MARACÁ DA SERRA,6xm
RUA MARAGOGI,6xmq6
RUA MARAGOGIPE,6xmq
RUA MARAJAÍ,6xmq
RUA MARAJOARA,6xmqf
RUA MARAJÓ,6xmq 6xmq3
RUA MARAMBA,6xmq
RUA MARANATA,6xmq6
RUA MARANATA PRATEADA,6xm
RUA MARANGABA,6xmq
RUA MARANGUÁ  AÇÚ,6xmq
RUA MARANHÃO,6xmq
RUA MARANHÃO SOBRINHO,6xmq3
RUA MARANTA,6xmq
RUA MARAPANIM,6xmq3
RUA MARAPATÁ,6xmq
RUA MARAPONGA,6xmqf
RUA MARATONA,6xmq
RUA MARAVILHA,6xmq
RUA MARAÃ,6xmq6
RUA MARCASSITA,6xmq
RUA MARCELA,6xmq
RUA MARCELINA CONCEICÃO,6xm
RUA MARCELINHA,6xmq
RUA MARCELO BATISTETI,6xmq
RUA MARCELO CANDIA,6xmq
RUA MARCELO DEGANI,6xmq
RUA MARCELO DIAS,6xmq
RUA MARCELO MESQUITA SERVA,6xmq
RUA MARCELO P GUIMARÃES,6xmq
RUA MARCELO SANTOS,6xmq
RUA MARCIANO ARMOND,6xm
RUA MARCILIO DIAS,6xmq
RUA MARCO ANTONIO C. VIGNOLI,6xmq
RUA MARCO ANTÔNIO,6xmq
RUA MARCO POLO,6xmq6
RUA MARCOS SANTILI,6xmq
RUA MARDIN,6xmqf
RUA MARECHAL  AMARAL PEIXOTO,6xmq3
RUA MARECHAL DEODORO,6xmq
RUA MARECHAL HERMES,6xmq
RUA MARECHAL JUNOT,6xmq6
RUA MARECHAL ODILIO DENIS,6xmq3
RUA MARECHAL RONDON,6xmq
RUA MARES DO SUL,6xmq
RUA MARGARIDA AFRICANA,6xmqg
RUA MARGARIDA AMARELA,6xmq
RUA MARGARIDA DO CAMPO,6xmq
RUA MARGARIDA-DAS-PEDRAS,6xmqg
RUA MARGARIDINHA,6xmq
RUA MARGARITA LORAS,6xmq
RUA MARGARITA MATTOS,6xmq 6xmq3
RUA MARIA  DO NASCIMENTO SARAIVA,6xm 6xmqf
RUA MARIA AMADA,6xmqe
RUA MARIA AMELIA DA SILVA,6xmq6
RUA MARIA AMORIM NEVES,6xmq3
RUA MARIA ANDRADE,6xmq
RUA MARIA ANTONIETA,6xmq
RUA MARIA APARECIDA,6xmq
RUA MARIA AZEVEDO,6xmq
RUA MARIA AZEVEDO RAMOS,6xmq
RUA MARIA CALDERARO,6xmq
RUA MARIA CALLAS,6xmq6
RUA MARIA CARMINHA GAVA,6xmq
RUA MARIA CARVALHO,6xmq
RUA MARIA CAVALCANTE,6xmq3
RUA MARIA DA FÉ,6xmq
RUA MARIA DA GLÓRIA SANTOS,6xmqg
RUA MARIA DA PAZ GUSMÃO,6xmq 6xmqg
RUA MARIA DA PENHA,6xmq3
RUA MARIA DA SILVA MOTA,6xmqg
RUA MARIA DAS DORES DE LIMA,6xmqg
RUA MARIA DE LOURDES,6xmq
RUA MARIA DE MÉDICI,6xmq6
RUA MARIA DE NAZARÉ,6xmq
RUA MARIA DEUSDETE VILAÇA,6xmq
RUA MARIA DO CARMO  ROCHA,6xmq3
RUA MARIA DO CARMO ROCHA,6xmq3
RUA MARIA DO NASCIMENTO SARAIVA,6xmqf
RUA MARIA EMÍLIA MINZON,6xmq
RUA MARIA ESTHER TEIXEIRA,6xmq6
RUA MARIA FERNANDES,6xmqf
RUA MARIA FRANCISCA DA SILVA,6xmq6
RUA MARIA FREITAS DOS SANTOS,6xmq3
RUA MARIA GORETE,6xmq
RUA MARIA IDA MENTONI,6xmq
RUA MARIA JOIA DE ALBUQUERQUE,6xmq
RUA MARIA JOSÉ DUPRÉ,6xmq
RUA MARIA JÚLIA PIMENTEL,6xmq6
RUA MARIA LIMA DA SILVA,6xmqg
RUA MARIA MANSOUR,6xmq 6xmq6
RUA MARIA MIRENE DE LIMA,6xmq6
RUA MARIA MOTA,6xmq
RUA MARIA MULLER,6xmq
RUA MARIA NADIR MARQUES,6xmq
RUA MARIA NAVARRO,6xmq
RUA MARIA NOGUEIRA CORREA,6xmq6
RUA MARIA NUNES CAMBEIRO,6xmq6
RUA MARIA PARENTE,6xmq
RUA MARIA QUITÉRIA,6xmq6
RUA MARIA RAGUEL,6xmq
RUA MARIA RUFINA  ALMEIDA,6xm
RUA MARIA SEGADILHA,6xmq3
RUA MARIA SOUZA DE ALBUQUERQUE,6xm
RUA MARIA TADROS,6xmq3
RUA MARIA TEREZA,6xmq
RUA MARIA VIEIRA,6xmqf
RUA MARIANEIRA,6xmqf
RUA MARIAPOLIS,6xmq
RUA MARIARANA,6xmq
RUA MARIAÉ,6xm
RUA MARICÁ,6xmqf
RUA MARILANDIA,6xmq
RUA MARILDA,6xmqg
RUA MARILINA NOGUEIRA MARINHO,6xmq
RUA MARILUZ,6xmq
RUA MARINA BATISTA DOS SANTOS,6xmq
RUA MARINA FONSECA,6xm
RUA MARINA SOUSA DA SILVA,6xmq6
RUA MARINA TAUÁ,6xmq
RUA MARINHEIRO GREENHALGH,6xmq
RUA MARIO DONATO,6xmq
RUA MARIRI,6xmq
RUA MARIRUAS,6xmq
RUA MARISCO,6xmq
RUA MARITIBA,6xmq3
RUA MARIUÁ,6xmq
RUA MARIVALDO PEREIRA,6xmq3
RUA MARIZ E BARROS,6xmq
RUA MARLI  MELO CAVALCANTE,6xmq3
RUA MARMELÃO,6xmqg
RUA MAROAGA,6xmq6
RUA MARQUES DE  MONTE ALEGRE,6xmq
RUA MARQUES DE BAEPENDI,6xmq
RUA MARQUES DE BARBACENA,6xmq
RUA MARQUES DE CARAVELAS,6xmq
RUA MARQUES DE HERVAL,6xmq
RUA MARQUES DE OLINDA,6xmq
RUA MARQUES DE SAPUCAIA,6xmq
RUA MARQUES DE TAMANDARE,6xmq
RUA MARQUES DO MARANHAO,6xmq
RUA MARQUES DO PARANA,6xmq
RUA MARQUESA DE ALORNA,6xmq3
RUA MARQUESA DE SANTOS,6xmq 6xmq6
RUA MARQUÊS DE ABRANTES,6xmq
RUA MARQUÊS DE JACAREPAGUÁ,6xmq
RUA MARQUÊS DE LAGES,6xmq
RUA MARQUÊS DE MARICÁ,6xmq
RUA MARQUÊS DE MURITIBA,6xmq
RUA MARQUÊS DE PARANAGUÁ,6xmq
RUA MARQUÊS DE QUIXERAMOBIM,6xmq
RUA MARQUÊS DE SANTA CRUZ,6xmq
RUA MARQUÊS DE SANTO AMARO,6xmq
RUA MARQUÊS DE SAPUCAIA,6xmq
RUA MARQUÊS DE TRÊS RIOS,6xmq
RUA MARQUÊS DE VILA REAL DA PRAIA GRANDE,6xmq
RUA MARQUÊS DO MARANHÃO,6xmq
RUA MARQUÊS DO PARANAGUÁ,6xmq
RUA MARQUÊS DO PARANÁ,6xmq
RUA MARQUÊS REBELO,6xmq
RUA MARROCOS,6xmq
RUA MARRON GLACÊ,6xmq
RUA MARSELHA,6xmqg
RUA MARSÍLIO FICINO,6xmq6
RUA MARTA MARIA,6xmqe
RUA MARTE,6xmqg
RUA MARTIM PESCADOR,6xmqg
RUA MARTIN AFONSO DE SOUZA,6xmq3
RUA MARTIN ALONSO,6xmq
RUA MARTINHO LUTERO,6xmqg
RUA MARTINICA,6xmqg
RUA MARTINS,6xmq
RUA MARTINS FONTE,6xmq3
RUA MARTINS PENA,6xmq
RUA MARTINS PINA,6xmq3
RUA MARTINS SANTANA,6xmq
RUA MARTINÓPOLIS,6xm
RUA MARUBO,6xm
RUA MARUDA,6xmq3
RUA MARUI,6xmq
RUA MARUMBI,6xmqg
RUA MARÇAL,6xmq
RUA MARÉ,6xmqg
RUA MARÍLIA BARBOSA,6xmq
RUA MARÍLIA OSIMAR A. DE ARAUJO,6xm
RUA MASCARENHAS DE MORAIS,6xmq 6xmq6
RUA MASCOTE,6xmq3
RUA MASSAPE,6xmq
RUA MASSARANDUBA,6xm 6xmq3
RUA MASSAUARI,6xmqf
RUA MASTRUZ,6xmq
RUA MATA DE SÃO JOÃO,6xm
RUA MATAMBU,6xmqf
RUA MATARO,6xm
RUA MATEUS FREIRE,6xmq6
RUA MATHEUS DE SOUZA CASTRO,6xmq 6xmqf
RUA MATHEUS MARIANO,6xmq
RUA MATIAS DA CUNHA,6xmqe
RUA MATIPU,6xm
RUA MATIS,6xmq 6xmq3
RUA MATO GROSSO,6xmq
RUA MATOS AREOSA,6xmq3
RUA MATOZINHOS,6xmq
RUA MATRINXÃ,6xmq
RUA MATUPIRIS,6xm
RUA MATURIN,6xmqg
RUA MATUSAEL,6xm
RUA MATUZALEM,6xmqf
RUA MATÁ-MATÁ,6xmqf
RUA MAUAZINHO,6xmq
RUA MAURICE RAVEL,6xmq
RUA MAURICIA DA SILVEIRA,6xmq6
RUA MAURICIO LOPES,6xmq
RUA MAURITI,6xmqf
RUA MAURITÂNEA,6xmqg
RUA MAURO ROSAS,6xmq
RUA MAUÁ DA SERRA,6xmqe
RUA MAXIMINO DA MOTA,6xmq
RUA MAXIMO DOS SANTOS,6xmq6
RUA MAXIXE,6xmq
RUA MAYORUNA,6xmq3
RUA MAYSA,6xmq6
RUA MAZAGÃO,6xmq
RUA MAÇURÃ,6xmqf
RUA MAÇÃ ERVA,6xm
RUA MECA,6xmqg
RUA MEDELIN,6xmq
RUA MEDINILA,6xmqf
RUA MELANITA,6xmqe
RUA MELBA,6xm
RUA MELILLA,6xm
RUA MELO GOMES,6xmq6
RUA MELO MORAES FILHO,6xmq3
RUA MELQUIADES QUEIROZ,6xmq3
RUA MELQUIAS,6xmqf
RUA MEM DE SA,6xmq3
RUA MEM DE SÁ,6xmq3
RUA MENA BARRETO,6xmq3
RUA MENA FÉLIX,6xmq3
RUA MENANDRO,6xmq3
RUA MENDELÉVIO,6xmq3
RUA MENDES LEAL,6xmq3
RUA MENDONZA,6xmq
RUA MENDONÇA LIMA,6xmqe
RUA MENEGUINI,6xmq
RUA MENINO JESUS,6xmqe
RUA MENOTTI,6xmq
RUA MENPHIS,6xmq
RUA MENÉS,6xmqg
RUA MERCEDES,6xmq
RUA MERCEDES ROJO,6xmq
RUA MERIDA,6xmqg
RUA MERIVA,6xmqg
RUA MERSIN,6xmqf
RUA MESOPOTÂMIA,6xmq 6xmqf
RUA MESSEJANA,6xmq
RUA MESSIAS MATOS,6xmq6
RUA MESSINA,6xmqf
RUA MESTRE FLORÊNCIO,6xmq
RUA MESTRE GABRIEL,6xmq
RUA MESTRE INACIO,6xmq3 6xmq6
RUA MESTRE PROVERÁ,6xmq3
RUA MEURO,6xmqe
RUA MEXICO,6xmq
RUA MEXILHÃO,6xmq
RUA MIAKO,6xmq6
RUA MIANMAR,6xmqg
RUA MICA,6xm
RUA MICHEL FOKINE,6xmq
RUA MICRON,6xmq3
RUA MICRONESIA,6xmqg
RUA MIERES,6xm
RUA MIGUEL ANGELO,6xmq6
RUA MIGUEL CALMON,6xmqe
RUA MIGUEL FARADAY,6xmqe
RUA MIGUEL FERREIRA,6xmqg
RUA MIGUEL MOTA,6xmq
RUA MIGUEL PEREIRA,6xmq
RUA MIGUEL RIBAS,6xmq3
RUA MIGUEL SILVEIRA,6xmqf
RUA MIGUEL TORGA,6xmq
RUA MIKONOS,6xmqg
RUA MILETO,6xmq
RUA MILI BALAKIREVE,6xm
RUA MILLENIUM,6xmqg
RUA MILTOM PESSOA LINS,6xmq
RUA MILTON MORAES,6xmqg
RUA MILÃO,6xmq
RUA MINAS GERAIS,6xmq
RUA MINDURI,6xmq
RUA MINDÚ,6xmqe
RUA MINERVINA,6xmq
RUA MINEÁPOLIS,6xmqg
RUA MINISTRO ALMERON CAMINHA,6xmq6
RUA MINISTRO DALLE COUTINHO,6xmq3
RUA MINISTRO FLORIANO RAMOS,6xmq3
RUA MINISTRO JOÃO G. DE ARAÚJO,6xmq
RUA MINISTRO PEDROSO HORTA,6xmq3
RUA MINSK,6xmqg
RUA MIQUERINOS,6xmqg
RUA MIRACEMA,6xmq 6xmqe
RUA MIRAGUAIA,6xmq
RUA MIRAI,6xmqe
RUA MIRAIMA,6xmq
RUA MIRAMAR,6xmqg
RUA MIRANDA BRAGA,6xmq6
RUA MIRANDA CORREA,6xmqe
RUA MIRANDA LEÃO,6xmq
RUA MIRANDA SIMÕES,6xmq6
RUA MIRANGABA,6xmq
RUA MIRANHAS,6xm
RUA MIRANTE DA SERRA,6xmq 6xmq3
RUA MIRATINGA,6xmq
RUA MIRITI,6xmq
RUA MIRITI CACHO,6xmq
RUA MIRITITAPUYA,6xmq
RUA MIROEL SILVEIRA,6xmq3
RUA MIROR,6xmq3
RUA MIRRA,6xmq
RUA MISCELÂNEA,6xm
RUA MISERICÓRDIA,6xmq
RUA MISSIONÁRIOS,6xmq
RUA MISUSHIRO,6xmq
RUA MITIKO,6xmq
RUA MOABE,6xmqf
RUA MOACIR ALVES,6xmq 6xmq3
RUA MOACIR BAIMA,6xmq 6xmq6
RUA MOAÇARA,6xmq
RUA MOCAJUBA,6xmq3
RUA MOCAMBO,6xmqg
RUA MODOLVA,6xmq
RUA MOEMA,6xmqe
RUA MOGI DAS CRUZES,6xmqe
RUA MOGI DOS CAMPOS,6xmq
RUA MOGI GUAÇU,6xmq
RUA MOGI MIRIM,6xmq
RUA MOGNO,6xmq
RUA MOGNO BRASILEIRO,6xmq
RUA MOISES RIBEIRO,6xmqf
RUA MOISÉS,6xmqf
RUA MOISÉS MENEZES EVANGELISTA,6xmq
RUA MOJU,6xmq
RUA MOLIÉRE,6xm
RUA MONACO,6xmq
RUA MONAZITA,6xmqe
RUA MONDA,6xmqg
RUA MONDAI,6xmq
RUA MONET,6xmq
RUA MONGÓLIA,6xmqg
RUA MONJOLEIRO,6xmqf
RUA MONRÓVIA,6xmqg
RUA MONSENHOR ALCIDES A. PEIXOTO,6xm
RUA MONSENHOR COUTINHO,6xmq
RUA MONSENHOR PACELLI,6xmq6
RUA MONSUETO DE QUEIROZ,6xmqe
RUA MONTANHAS,6xmqf
RUA MONTE ACONCÁGUA,6xmqf
RUA MONTE AIMORE,6xmqf
RUA MONTE ALBERT,6xmqf
RUA MONTE ALEGRE,6xmq3
RUA MONTE ALEGRE DO SUL,6xmqf
RUA MONTE ALTO,6xmqf
RUA MONTE ARARAT,6xmqf
RUA MONTE BLANCA,6xmqf
RUA MONTE BURI,6xmqf
RUA MONTE CABURAI,6xmq
RUA MONTE CALVO,6xmq
RUA MONTE CALVÁRIO,6xmq 6xmqf
RUA MONTE CARLO,6xmq
RUA MONTE CARMELO,6xmq
RUA MONTE CASSINO,6xmq3
RUA MONTE CASTELO,6xmq 6xmq6
RUA MONTE CRISTO,6xmq
RUA MONTE DA VINHA,6xmqf
RUA MONTE DAS GAMELEIRAS,6xmqg
RUA MONTE DAS OLIVEIRAS,6xmq
RUA MONTE DENALI,6xmqf
RUA MONTE DIVINO,6xmqf
RUA MONTE DO CARMO,6xmq3
RUA MONTE DOS ANJOS,6xmqf
RUA MONTE DOS CAPUCHINHOS,6xmq
RUA MONTE EBAL,6xmqf
RUA MONTE EFRAIM,6xmqf
RUA MONTE ELGON,6xmqf
RUA MONTE EVAL,6xmqf
RUA MONTE EVEREST,6xmq6
RUA MONTE FELIZ,6xmqf
RUA MONTE FORAKER,6xmqf
RUA MONTE FUJI,6xmq6
RUA MONTE GARAZIM,6xmq
RUA MONTE GERIZIM,6xmq
RUA MONTE GILBOA,6xmqf
RUA MONTE GOLÃS,6xmqf
RUA MONTE HERMOM,6xmq
RUA MONTE HOR,6xmqg
RUA MONTE HOREBE,6xmqf
RUA MONTE HUASCARÁN,6xmqf
RUA MONTE ITAPEVA,6xmqf
RUA MONTE KILIMAJARO,6xmqf
RUA MONTE LÍBANO,6xmqf
RUA MONTE MOR,6xmqf
RUA MONTE MORIÁ,6xmqf
RUA MONTE MULANJE,6xmq
RUA MONTE NEGRO,6xmq
RUA MONTE OLIMPO,6xmqf
RUA MONTE PALOMAR,6xmq
RUA MONTE PARNASO,6xmq
RUA MONTE PASCOAL,6xmq6
RUA MONTE PISGA,6xmq
RUA MONTE RORAIMA,6xmqf
RUA MONTE SANTA HELENA,6xmqf
RUA MONTE SANTO,6xmq
RUA MONTE SANTO ONOFRE,6xmq3
RUA MONTE SEFER,6xmqg
RUA MONTE SERRAT,6xmq 6xmqe
RUA MONTE SINAI,6xmqf
RUA MONTE SIÃO,6xmq3
RUA MONTE TABOR,6xmq
RUA MONTE TALO,6xmqf
RUA MONTE TAUROS,6xmqf
RUA MONTE VERDE,6xmq
RUA MONTEGRANARO,6xmq3 6xmq6
RUA MONTEIRO DE SOUZA,6xmq
RUA MONTEIRO LOBATO,6xmq 6xmq6
RUA MONTEIRO MAIA,6xmq
RUA MONTEIRO NETO,6xmq6
RUA MONTERIA,6xmqg
RUA MONTES URAIS,6xmqf
RUA MONTESE,6xmq3
RUA MONTESQUIEU,6xmq
RUA MONTEVIDEO,6xmq
RUA MONTIJO,6xmq
RUA MONTINÓPOLIS,6xmq 6xmqg
RUA MONZA,6xmqg
RUA MOPIRIRUS,6xmqe
RUA MORADA CRISTA,6xmqf
RUA MORADA CRISTÂ,6xmqf
RUA MORADA NOVA,6xmqf
RUA MOREAR,6xmqg
RUA MORINE,6xmq
RUA MORINGA,6xmq
RUA MORIÁ,6xmqf
RUA MORONI,6xmq
RUA MORRO BELO,6xmqf
RUA MORRO BRANCO,6xmqf
RUA MORRO CANARANAS,6xmqg
RUA MORUMBIM,6xmq
RUA MORUNGABA,6xmqe
RUA MORÁVIA,6xmqg
RUA MORÉIA,6xm
RUA MOSQUEIRO,6xmq3
RUA MOSSORÓ,6xmq
RUA MOXOTÓ,6xmq
RUA MOZART GUARNIERI,6xmq
RUA MOÇAMBIQUE,6xmqg
RUA MUCAJAÍ,6xmqf
RUA MUCURIPE,6xm
RUA MUICATIAIA,6xmqf
RUA MUIRACATIARA,6xmqg
RUA MUIRAJUBA,6xmqf
RUA MUIRAKITAN,6xmq
RUA MUIRAPUAMA,6xmq
RUA MUIRATINGA,6xmqf
RUA MUNDURUCANIA,6xmqe
RUA MUNICIPAL,6xmq
RUA MUNIQUE,6xmqg
RUA MUNIZ,6xmq6
RUA MURACATIAIA,6xmq
RUA MURCIA,6xm
RUA MURICI,6xmqf
RUA MURICI DO CAMPO,6xmq
RUA MURILO MENDES,6xmq
RUA MURITI,6xmq
RUA MURITUBA,6xmq
RUA MURTA,6xmq
RUA MURTA VERMELHA,6xmq
RUA MURUCHI,6xmq
RUA MURUPI,6xmq
RUA MURURÉ,6xmq
RUA MURUTINGA DO SUL,6xmq 6xmqe
RUA MURUTIZEIRO,6xmq
RUA MUSTAFA ASSEN,6xmq3
RUA MUTELINAS,6xmq
RUA MUTUM,6xmqf
RUA MUTUM AÇÚ,6xmq
RUA MUTUM DE PENACHO,6xmq
RUA MUTUM DO NORDESTE,6xmq
RUA MUTUM DO NORTE,6xm
RUA MUTUM ETÊ,6xmq
RUA MUTUM FAVA,6xmq
RUA MUTUM PIRI,6xmq
RUA MUTUM PORANGA,6xmq
RUA MUTUTI,6xmq
RUA MUXAXA,6xmq
RUA MUXINGA,6xmq
RUA MÁRCIO CASASSANTA,6xmq
RUA MÁRCIO DE SÁ CARNEIRO,6xmq
RUA MÁRCIO FIGUEIREDO,6xmq 6xmq6
RUA MÁRCIO WYLLIAM DA SILVA,6xmq6
RUA MÁRIO ANTÔNIO,6xmqf
RUA MÁRIO ASSAYAG,6xmq3
RUA MÁRIO BRANDÃO,6xmq3
RUA MÁRIO DE ANDRADE,6xmq
RUA MÁRIO DONATO,6xmq
RUA MÁRIO GIROTTO,6xmq
RUA MÁRIO HAYDEN,6xmq6
RUA MÁRIO LINS,6xmqe
RUA MÁRIO MAKAREM,6xmq6
RUA MÁRIO MOTA,6xmq3
RUA MÁRIO PEIXOTO,6xmq
RUA MÁRIO QUINTANA,6xmq3
RUA MÁRIO SAHDO,6xmq
RUA MÁRIO SOUZA LIMA,6xmq
RUA MÁRMORE,6xmqg
RUA MÁXIMINO CORRÊA,6xmq 6xmqe
RUA MÉRIOS,6xmq
RUA MÉXICO,6xmq
RUA MÔNACO,6xmqg
RUA MÔNICA BINDÁ,6xmq3
RUA NABI,6xmqf
RUA NACHANG,6xmq
RUA NACIONAL,6xmq
RUA NADABE,6xmqg
RUA NADIR MAQUINÉ,6xmq 6xmqe
RUA NADIR NASCIMENTO,6xmq3
RUA NAGAZAKI,6xmq6
RUA NAGIB SALEM,6xmq
RUA NAGÓIA,6xmq
RUA NAIM,6xmqg
RUA NAIR BELLO,6xmq
RUA NAIR M DA SILVA,6xmq
RUA NAIRÓBI,6xmqg
RUA NAKAGIMA,6xmq
RUA NAMIBIA,6xmq
RUA NANDUM,6xmq
RUA NANQUIM DIAS,6xmq3
RUA NANTES,6xm 6xmqg
RUA NAOR,6xmqg
RUA NAPOLEÃO BONAPARTE,6xmqg
RUA NARA,6xmq
RUA NARA LEAO,6xmq3
RUA NARCISO CAVALCANTE DE MELO,6xmq
RUA NARCISOS,6xmq
RUA NARDI ZILLO,6xmq
RUA NARITA,6xmq
RUA NASCENTE DO SOL,6xmqg
RUA NASCIMENTO NEGREIRO,6xmq
RUA NASSAU,6xmqg
RUA NATAL,6xmq6
RUA NATANAEL,6xmqg
RUA NATIVIDADE,6xmq
RUA NATORI,6xmq
RUA NATÃ,6xmq
RUA NAURU,6xmqg
RUA NAVARRA,6xmq
RUA NAVEGANTES,6xmqf
RUA NAYORO,6xmq
RUA NAZARETH MESQUITA,6xmq
RUA NAZARÉ,6xmqe
RUA NAZARÉ COELHO DE SOUZA,6xmq3
RUA NAZIRA DAOU,6xmq6
RUA NAÚTICO,6xmq6
RUA NEAGARI,6xmq
RUA NEBRASKA,6xmq
RUA NEGREIROS FERREIRA,6xmq6
RUA NEHEMIAS,6xmqf
RUA NEI CHAMORRA,6xmqg
RUA NEIDE PAIVA MARINHO,6xmq6
RUA NEIVA,6xmqg
RUA NELADE,6xmq3
RUA NELMA MACHADO,6xmqg
RUA NELSON ANTUNES,6xmqe
RUA NELSON BATISTA DE SALES,6xmq 6xmqe
RUA NELSON BEZERRA,6xm
RUA NELSON CARNEIRO,6xmqf
RUA NELSON CAVAQUINHO,6xmq
RUA NELSON CESAR,6xmq
RUA NELSON DE FARIAS,6xmq3
RUA NELSON DE MELO,6xmq3
RUA NELSON GONÇALVES,6xmq
RUA NELSON MOCHIUTI,6xmq
RUA NELSON PEREIRA,6xmqf
RUA NELSON RODRIGUES,6xmq3
RUA NELSON WAUGHAN,6xmq
RUA NENA BARROS,6xmq
RUA NEPAL,6xmq
RUA NEPER DA SILVEIRA,6xmq3
RUA NEROPOLIS,6xmq3
RUA NERTULILLA PRADO,6xmq
RUA NESTOR DE HOLANDA,6xmq3
RUA NESTOR NASCIMENTO,6xm
RUA NESTOR PAZ,6xmq
RUA NESTOR VITOR,6xmq3
RUA NEUMA BOH,6xmqe
RUA NEVES,6xmq
RUA NEVES DA FONTOURA,6xmq6
RUA NEWTON,6xmq6
RUA NEWTON VIEIRALVES,6xmqe
RUA NEÔNIO,6xmqg
RUA NHANDEARA,6xm
RUA NHANDERA,6xmq
RUA NICARÁGUA,6xmq
RUA NICOLAU COELHO,6xmq
RUA NICOLAU DA SILVA,6xmq6
RUA NICOLINO MILANO,6xmqe
RUA NICORE,6xmq
RUA NICOSIA,6xmq
RUA NIGER,6xmqg
RUA NIGÉRIA,6xmq
RUA NIKITA KHRUSCHEV,6xmq
RUA NILO COUTINHO,6xmq6
RUA NILO SARAIVA,6xmqe
RUA NILOPÓLIS,6xmq
RUA NINFÉIA,6xm
RUA NIPPON,6xmq
RUA NIVALDO RAMALHO,6xmqf
RUA NIÓBIO,6xmq
RUA NOCA CABRAL DOS ANJOS,6xmq 6xmq6
RUA NOEL NUTELS,6xmqe
RUA NOEL ROSA,6xmq6
RUA NOEMIA AZIZE,6xm
RUA NOEMIA CORDEIRO,6xmq
RUA NOEMIA DE CARVALHO,6xmq6
RUA NOEMIA MOURÃO,6xmq
RUA NONATO CASTRO,6xmqe
RUA NONATO ROCHA,6xmq
RUA NORA NEY,6xmq
RUA NORDESTINA,6xmq
RUA NORMANDIA,6xmq
RUA NORMANDO,6xmq
RUA NORUEGA,6xmq
RUA NOSSA  SENHORA  DA ALEGRIA,6xmqf
RUA NOSSA SENHORA  APARECIDA,6xmq
RUA NOSSA SENHORA  DE GUADALUPE,6xmq
RUA NOSSA SENHORA DA BOA  ESPERANÇA,6xmq3
RUA NOSSA SENHORA DAS DORES,6xmq 6xmqg
RUA NOSSA SENHORA DAS GRAÇAS,6xmq
RUA NOSSA SENHORA DE FÁTIMA,6xm
RUA NOSSA SENHORA DE LOURDES,6xmqg
RUA NOSSA SENHORA DO CARMO,6xmq
RUA NOSSA SENHORA DO MONTE SERRAT,6xmq3
RUA NOSSA SENHORA DO PERPETÚO SOCORRO,6xmq
RUA NOSSA SENHORA DO PERPÉTUO SOCORRO,6xmq
RUA NOSSA SENHORA DO ROSÁRIO,6xmq
RUA NOSSA SENHORA DO SAMEIRO,6xmq
RUA NOSSA SENHORA DOS NAVEGANTES,6xmqg
RUA NOSSO SENHOR DO BONFIM,6xmq 6xmqe
RUA NOVA ANDALUZIA,6xmq 6xmqe
RUA NOVA AURORA,6xmq3
RUA NOVA AVANHANDAVA,6xmq
RUA NOVA BABEL,6xmq
RUA NOVA BRASÍLIA,6xmq
RUA NOVA CANAÃ,6xmqf
RUA NOVA CANTÚ,6xmq
RUA NOVA CRUZ,6xmqg
RUA NOVA DELHI,6xmq
RUA NOVA ERA,6xmq
RUA NOVA ERECHIM,6xmq 6xmqe
RUA NOVA ESPERANÇA,6xmq
RUA NOVA FRIBURGO,6xmq
RUA NOVA GUINÉ,6xmqg
RUA NOVA IGUAÇU,6xmq
RUA NOVA IPIXUNA,6xmq
RUA NOVA JERICÓ,6xmq
RUA NOVA JERUSALEM,6xmqf
RUA NOVA LONDRINA,6xmq 6xmqg
RUA NOVA LUSITÂNIA,6xmq
RUA NOVA LUZ,6xmq
RUA NOVA MAMORÉ,6xmq
RUA NOVA MARINGÁ,6xmq6
RUA NOVA MUTUM,6xmq
RUA NOVA OLIMPIA,6xmq
RUA NOVA OLINDA,6xmq 6xmq6
RUA NOVA ORLEANS,6xmqg
RUA NOVA PALESTINA,6xmq
RUA NOVA PALMA,6xmq6
RUA NOVA PETRÓPOLIS,6xmq6
RUA NOVA PRATA,6xmq6
RUA NOVA REDENÇÃO,6xmq
RUA NOVA REPÚBLICA,6xmq
RUA NOVA UNIÃO,6xmq
RUA NOVA VENEZA,6xmq3
RUA NOVA VITÓRIA,6xmq
RUA NOVA ZELÂNDIA,6xmq
RUA NOVEM,6xm
RUA NOVO ALEGRE,6xmq3
RUA NOVO AYRÃO,6xmq6
RUA NOVO HORIZONTE,6xmq
RUA NOVO JARDIM,6xmqf
RUA NUNES,6xmq
RUA NUNES PEREIRA,6xmq
RUA NUNO CARDOSO,6xmq6
RUA NUNO DE BRAGANÇA,6xmq3
RUA NUNO TRISTÃO,6xmq
RUA NUTA PECHER,6xmq
RUA NÁPOLES,6xmq
RUA NÊSPERA,6xm
RUA OCIDENTAL,6xmq
RUA OCIDENTE,6xmqf
RUA OCRE,6xmq 6xmqe
RUA OCTO,6xm
RUA ODILON PEDRO,6xmq 6xmq6
RUA ODIMAR SANTANA,6xmq
RUA ODULVALDO VIANA,6xmq
RUA OEIRAS DO PARÁ,6xmq
RUA OFÉLIA,6xmq
RUA OIAPOQUE,6xmq6
RUA OITANTE,6xmq3
RUA OITI,6xmq
RUA OITICICA,6xmqf
RUA OKATI,6xmqg
RUA OKITAN,6xmq
RUA OKUBO,6xmq
RUA OLAVO ALVES DE OLIVEIRA,6xmq3
RUA OLAVO BILAC,6xmq
RUA OLAVO MONTEIRO NUNES,6xmqe
RUA OLEGÁRIO MARIANO,6xmq3
RUA OLENKA DE MENEZES,6xmq3
RUA OLGA PASSOS PARÁ,6xmq3
RUA OLHO DAGUA,6xm
RUA OLINDA,6xmq
RUA OLINTHO C. VASCONCELOS,6xmq
RUA OLINTO LIMA,6xmqe
RUA OLIVA,6xmqf
RUA OLIVEIRA,6xmqf
RUA OLIVEIRA BRAGA,6xmqe
RUA OLIVEIRA BREJINHOS,6xmq3
RUA OLIVEIRA DE AZEMEDIS,6xmq
RUA OLIVEIRA FURTADO,6xmq6
RUA OLIVEIRA MARQUES,6xmq
RUA OLIVEIRA MARTINS,6xmq3
RUA OLIVEIRAS,6xmqg
RUA OLIVENZA,6xmqg
RUA OLSEN ARAÚJO,6xmq3
RUA OLYMPIA BIANCH,6xmqe
RUA OLÍMPIO DE CARVALHO,6xmqg
RUA OMAGUÁ,6xmqe
RUA OMAHA,6xmqg
RUA OMBIEIRO,6xmq
RUA OMÃ,6xmqg
RUA ONDAS,6xmqg
RUA ONÓRIO JANUÁRIO,6xmq
RUA OPALA,6xmq 6xmqe
RUA ORADOR,6xmq6
RUA ORDU,6xm
RUA ORESTE BARBOSA,6xmq
RUA ORESTES,6xmq3
RUA ORESTES SOBRINHO,6xmq3
RUA ORFIZA BAYMA,6xm
RUA ORGAMELA,6xmqg
RUA ORIENTAL,6xmq6
RUA ORIGENES BESSA,6xmq
RUA ORION,6xmq6
RUA ORIZÔNIA,6xmq
RUA ORLANDIA,6xmq
RUA ORLANDO,6xmqg
RUA ORLANDO MARQUES,6xmqf
RUA ORLANDO REBELO,6xmqf
RUA ORLEANS,6xmq6
RUA ORQUIDEA,6xm
RUA ORQUÍDEA,6xmq
RUA ORQUÍDEA FAJUS,6xmq
RUA ORÁCULO,6xmqf
RUA OSAKA,6xmq 6xmq6
RUA OSASCO,6xmq6
RUA OSCAR MAIA,6xmq
RUA OSCAR OKAMOTO,6xmq
RUA OSCAR ROMERO,6xmqf
RUA OSCARITO,6xmq6
RUA OSEAS ANTUNES,6xmqe
RUA OSLEN ARAÚJO,6xmq6
RUA OSLO,6xmq
RUA OSMA LINS,6xmq3
RUA OSMAR MATOS,6xmq
RUA OSMARILZA MARTINS,6xmqe
RUA OSTRA,6xmq
RUA OSTRACEIRO,6xmq
RUA OSUBALDO ORICO,6xmq3
RUA OSVALDO BARBOSA,6xmq3
RUA OSVALDO CRUZ,6xmq
RUA OSVALDO DE SOUZA ARANHA,6xmq3
RUA OSVALDO ORICO,6xmq3
RUA OSVALDO SEIXAS,6xmqf
RUA OSVALDO TRUZZI,6xmq
RUA OSWALD DE ANDRADE,6xmq
RUA OSWALDO ALVES DA SILVA,6xmq
RUA OSWALDO EVANGELISTA,6xmq3
RUA OSWALDO MONTEIRO,6xmqg
RUA OSÍRIS,6xmqf
RUA OSÍRIS C. DA SILVA,6xmq
RUA OTACÍLIO ALVES,6xmq
RUA OTAVIANO DIAS BASTOS,6xmq
RUA OTONIEL,6xmqf
RUA OTONIEL ALENCAR,6xmqf
RUA OTTAWA,6xmqg
RUA OTTO BISMARK,6xmq
RUA OTTO MARIA,6xmq
RUA OTTO NICOLAI,6xmq
RUA OTTO RESENDE,6xmq
RUA OTÁVIO ANDREOLI,6xmq
RUA OTÁVIO CABRAL,6xmq6
RUA OTÁVIO FREIRE,6xmqe
RUA OURICANA,6xmqe
RUA OURIÇO-DO-MAR,6xmq
RUA OURO,6xmq 6xmqg
RUA OURO BRANCO,6xm
RUA OURO FINO,6xm
RUA OURO NEGRO,6xm
RUA OURO PRETO,6xmq 6xmq6
RUA OURO VERDE,6xm
RUA OUROESTE,6xmq6
RUA OUTONO,6xmq
RUA OVÍDIO GOMES MONTEIRO,6xmq
RUA PABLO LOPES VIEIRA,6xmq
RUA PABLO PICASSO,6xmq
RUA PACAJUS,6xmq
RUA PACAYA,6xmqf
RUA PACHULI,6xmq
RUA PACOBAIBA,6xmq3
RUA PACOBAÍBA,6xmq3
RUA PACOL,6xmqg
RUA PACOTI,6xmq
RUA PACOVÃ,6xmq
RUA PACUAÍ,6xmqg
RUA PADA,6xmqg
RUA PADRE  AGOSTINHO,6xmq
RUA PADRE ANTÔNIO VIEIRA,6xmq3
RUA PADRE CALERI,6xmq
RUA PADRE CLEMENTE,6xmq6
RUA PADRE CONSTANTINO TASTEVIN,6xm
RUA PADRE CRISTOBAL DE ACUNÃ,6xmq
RUA PADRE CÍCERO,6xmq
RUA PADRE DAMIAO,6xmq
RUA PADRE DANIEL BISSOLI,6xmq
RUA PADRE EDSON ASSUNÇÃO,6xmq
RUA PADRE ESTÉLIO,6xmq
RUA PADRE EVARISTO WANDERLEY,6xm
RUA PADRE FLÁVIO,6xmq
RUA PADRE FRANCISCO,6xmq 6xmq3
RUA PADRE FRANCISCO DIAZ,6xm
RUA PADRE FREDERICO STRATMAN,6xm
RUA PADRE JOSÉ ANCHIETA,6xmq3
RUA PADRE JOSÉ NESTOR,6xmqf
RUA PADRE JOSÉ PEREIRA NETO,6xmq6
RUA PADRE JOÃO  DANIEL,6xmq 6xmq6
RUA PADRE JOÃO BRUES,6xmq
RUA PADRE JOÃO D'ASUMÇÃO,6xmqe
RUA PADRE JOÃO PERES,6xmq
RUA PADRE JOÃO RIBEIRO,6xmqg
RUA PADRE JOÃO ZANOTTO,6xmq
RUA PADRE JÚLIO DE ALBUQUERQUE,6xmq3
RUA PADRE LODOMILO,6xm
RUA PADRE LUDOVICO,6xmq
RUA PADRE LUIS RUAS,6xm
RUA PADRE MANOEL DE NÓBREGA,6xmq3
RUA PADRE MARCELINO CHAMPAGNAT,6xmq 6xmqe
RUA PADRE MARIO,6xmq
RUA PADRE MIGUEL HIDALGO,6xmq6
RUA PADRE MONTEIRO DE NORONHA,6xmq
RUA PADRE MÁRIO GUIDICI,6xmq
RUA PADRE ONIAS BENTO,6xmqg
RUA PADRE OSCAR HOMERO,6xmq
RUA PADRE PEDRO PASE,6xmq
RUA PADRE RAMIM,6xmq
RUA PADRE ROLIM,6xmq3
RUA PADRE SAMUEL FRITZ,6xmq
RUA PADRE SANDRO PREDA,6xmq
RUA PADRE SERGIO BANZZA,6xmq
RUA PADRE SEVERO,6xmq3
RUA PADRE ZÓZIMO,6xmq
RUA PADRE ÂNGELO FELICI,6xmq
RUA PAES BARRETO,6xmq
RUA PAES DE CARVALHO,6xmq
RUA PAGIEL,6xmqg
RUA PAGUANA,6xmq
RUA PAINEIRA DAS PEDRAS,6xm
RUA PAINEIRA ROSA,6xmqf
RUA PAINEIRA-BRANCA,6xmqf
RUA PAIS DE GALES,6xmqg
RUA PAIURÁ,6xmqg
RUA PAJAMARIOBA,6xmq
RUA PAJURAZINHO,6xmq
RUA PAJURÁ,6xmq
RUA PAJUSSARA,6xmqg
RUA PAJÉ,6xmqf
RUA PALACIO DAS AGUAS,6xmq6
RUA PALAMOS,6xm
RUA PALERMO,6xmqg
RUA PALESTINA,6xmq
RUA PALHAL,6xmq
RUA PALHEIRA,6xmq
RUA PALM BEACH,6xmq
RUA PALMA DE MAIORCA,6xmqg
RUA PALMA ROSA,6xmq
RUA PALMAS,6xmq3 6xmq6
RUA PALMEIRA AZUL,6xm
RUA PALMEIRA BABAÇU,6xmq
RUA PALMEIRA BRANCA,6xmqf
RUA PALMEIRA DO MIRITI,6xmq
RUA PALMEIRA INDAIÁ,6xmqf
RUA PALMEIRA REAL,6xmqe
RUA PALMEIRINHA,6xmq
RUA PALMIRA,6xmqf 6xmqg
RUA PALMITAL,6xmq
RUA PALMITEIRO,6xmq
RUA PALMITO,6xmq
RUA PALÁDIO,6xmq3
RUA PAMPLONA,6xmq
RUA PAMPULHA,6xmq
RUA PAN AMERICAN,6xmq
RUA PANAMIRIM,6xmq
RUA PANAMÁ,6xmqg
RUA PANCRÁCIO NOBRE,6xmq
RUA PANDIA CALOGERAS,6xmqe
RUA PANDORA,6xmq3
RUA PANORAMA,6xmq
RUA PANTANAL,6xmq3
RUA PAPA INOCÊNCIO III,6xmqg
RUA PAPA JOÃO XXIII,6xmq6
RUA PAPA PAULO VI,6xmq3
RUA PAPAGAIO BAIANO,6xmqf
RUA PAPAYA,6xmq
RUA PAPIRO,6xmq
RUA PAPOULA,6xmq
RUA PAPUCAIA,6xmq
RUA PAPUNAUA,6xmqg
RUA PAQUETÁ,6xmqf
RUA PAQUISTÃO,6xmq
RUA PARACAIMA,6xmq 6xmqf
RUA PARACANÃ,6xmq
RUA PARACATU,6xmq3
RUA PARACUUBA,6xmqf
RUA PARADA ANGÉLICA,6xmq
RUA PARAGOMINAS,6xmq
RUA PARAGUAÇU,6xmq 6xmq6
RUA PARAIBANOS,6xmq
RUA PARAIBUNA,6xmq
RUA PARAIN,6xm
RUA PARAISO,6xmq3
RUA PARAISO DO NORTE,6xmq
RUA PARAKANA,6xmqf
RUA PARAMACAXI,6xmq
RUA PARAMARIBO,6xmq
RUA PARANAKARI,6xmq
RUA PARANAPANEMA,6xmq 6xmq3
RUA PARANAPUÁ,6xmq
RUA PARANATAMA,6xmq
RUA PARANATINGA,6xmq3
RUA PARANATININGA,6xmqe
RUA PARANAÍBA,6xmq
RUA PARANHOS,6xmqf
RUA PARANÁ,6xmq
RUA PARANÁ AUTAZ MIRIM,6xmq
RUA PARANÁ DO BARROSO,6xmq
RUA PARANÁ DO CAPITARI,6xmq
RUA PARANÁ DO CAREIRO,6xmq
RUA PARANÁ DO CURARI,6xmq
RUA PARANÁ DO MANAQUIRI,6xmq
RUA PARANÁ IPIXUNA,6xmq
RUA PARANÁ PIXUNA,6xmq
RUA PARANÁ TERRA NOVA,6xmq
RUA PARANÃ,6xmqg
RUA PARAOPEBA,6xmq
RUA PARAPARÁ,6xmq
RUA PARAPIRANGA,6xmq
RUA PARATI,6xmq
RUA PARATINGA,6xmq
RUA PARATUBA,6xmq
RUA PARAUAPEBAS,6xmq
RUA PARAUÁ,6xmqf
RUA PARAÍBA,6xmq6
RUA PARAÍBA DO SUL,6xmq
RUA PARAÍSO DO EDEN,6xmq
RUA PARAÍSO DO TOCANTINS,6xmqf
RUA PARAÍSO TROPICAL,6xmq
RUA PARAÚ,6xmq 6xmq3
RUA PARDAL,6xmqf
RUA PARELHAS,6xmqg
RUA PARGAS RODRIGUES,6xmqe
RUA PARIBAROBA,6xmq
RUA PARICA,6xmqf
RUA PARICARANA,6xmq
RUA PARICÁ,6xmqf
RUA PARINTINS,6xmqf
RUA PARIQUIS,6xmq 6xmqe
RUA PARIS,6xmq
RUA PARKIA,6xmq
RUA PARMA,6xmqf
RUA PARMÊNIDES,6xmq
RUA PARNEIRAS,6xmq
RUA PARQUE DOS FRANCESES,6xmq3 6xmq6
RUA PARQUE SUIÇO,6xmq
RUA PARTENON,6xmq
RUA PARTICULAR,6xm
RUA PARÁ,6xmq6
RUA PASCOAL R MAZZILLI,6xmqf
RUA PASCOAL R. MAZZILLI,6xmq 6xmqf
RUA PASSÉ,6xmq
RUA PASTER,6xmq
RUA PASTOR BENÍCIO LEÃO,6xm
RUA PASTOR CRISÓSTOMO DE OLIVEIRA,6xm
RUA PASTOR EURICO NELSON,6xm
RUA PASTOR JÚLIO DANTAS,6xm
RUA PASTORAL,6xmq
RUA PATATIVA,6xmqf
RUA PATAUÁ,6xmqf
RUA PATRAI,6xmqg
RUA PATRICIA GALVÃO,6xmq
RUA PAU BRASIL,6xmq
RUA PAU D'ARCO,6xmq
RUA PAU FERRO,6xmq
RUA PAU MULATO,6xmqf
RUA PAU QUINA,6xmqf
RUA PAU ROSA,6xmqf
RUA PAU-FERRO,6xmq
RUA PAUINI,6xmq6
RUA PAUL ADAM,6xmq
RUA PAULA BRITO,6xmq 6xmqg
RUA PAULA FRANCINETE,6xmq
RUA PAULA PRADO,6xmq
RUA PAULICÉIA,6xmq
RUA PAULINA  MOUZINHO,6xmq
RUA PAULINO GOMES,6xmq6
RUA PAULISTA,6xmq3
RUA PAULISTANA,6xmq3
RUA PAULO ALCADE,6xmq
RUA PAULO BRAGA,6xmq
RUA PAULO CARVALHO CORREIA,6xmq6
RUA PAULO CESAR SERRACINI,6xmqf
RUA PAULO DE CASTRO E COSTA,6xmq
RUA PAULO DE FRONTIM,6xmq6
RUA PAULO EDUARDO DE LIMA,6xmqg
RUA PAULO GABALDI,6xmq
RUA PAULO GRACINDO,6xmq
RUA PAULO LOPES,6xmq
RUA PAULO NOGUEIRA,6xmq
RUA PAULO PAIVA,6xmq3
RUA PAULO PASSOS,6xmqf
RUA PAULO PINTO NERY,6xmq
RUA PAULO RONAI,6xmq3
RUA PAULO SARMENTO,6xmqe
RUA PAULO SÉRGIO,6xmq
RUA PAULO VI,6xmq6
RUA PAVÃO,6xmq6
RUA PAXIUBAS,6xmq3
RUA PAXIÚBAS,6xmq3
RUA PAXURI,6xmq
RUA PAÇO REAL,6xmq
RUA PE. LOURENCO RODRIGUES,6xm
RUA PE. MANOEL BERNARDES,6xmq3
RUA PE. MARIO,6xmq
RUA PE. MONTEIRO DE NORONHA,6xmq
RUA PEDERNEIRAS,6xmq
RUA PEDRA AZUL,6xmq
RUA PEDRA BELA,6xmq
RUA PEDRA BRANCA,6xmq
RUA PEDRA DA ESTRELA,6xm
RUA PEDRA DA LUA,6xmq
RUA PEDRA DO SOL,6xm
RUA PEDRA GRANDE,6xmqg
RUA PEDRA MAR,6xm
RUA PEDRA MISTICA,6xmqe
RUA PEDRA PRETA,6xmqg
RUA PEDRALVA,6xmq
RUA PEDRARIAS DE ÁVILAR,6xmq
RUA PEDRAS,6xmqg
RUA PEDRAS CORAIS,6xmq
RUA PEDREIRA,6xmq
RUA PEDRINHO MATTAR,6xmq6
RUA PEDRO ABDORAL CÉSAR,6xmq
RUA PEDRO ABIDURAL,6xmq6
RUA PEDRO ALEIXO,6xmqe
RUA PEDRO ALVARES CABRAL,6xmq3
RUA PEDRO AMÉRICA,6xmq3
RUA PEDRO BACELLAR,6xmq
RUA PEDRO BAIÃO,6xmq
RUA PEDRO BANDEIRA,6xmq
RUA PEDRO BARROS,6xmq
RUA PEDRO BOTELHO,6xmq
RUA PEDRO C. DE PAIVA,6xmq
RUA PEDRO COLLOR,6xmqg
RUA PEDRO COSTA FAVELA,6xmq 6xmq6
RUA PEDRO D' URSA,6xmq
RUA PEDRO D'URSA,6xmq
RUA PEDRO DE ALCÂNTARA,6xmq
RUA PEDRO DE MENDONZA,6xmq
RUA PEDRO DE QUEIROZ SAMPAIO,6xmq
RUA PEDRO DIAS LEME,6xmq 6xmq6
RUA PEDRO ELISIÁRIO,6xmq3
RUA PEDRO GOMES,6xmq
RUA PEDRO LIMA,6xmqf
RUA PEDRO LOPES,6xmq6
RUA PEDRO MADEIRA,6xmq
RUA PEDRO MARTINS FILHO,6xmq
RUA PEDRO NAVA,6xmq3
RUA PEDRO NOBRE,6xmq
RUA PEDRO TABOSA PEREIRA,6xmq
RUA PEDRO VERÇOSA,6xmq
RUA PEIXE AGULHA,6xmq
RUA PEIXE BOI,6xmq
RUA PEIXE CACHORRO,6xmq
RUA PEIXE ESPADA,6xm
RUA PEIXE IMPERADOR,6xmq
RUA PEJUÇARA,6xmq
RUA PENA  AZUL,6xmqf
RUA PENA DOURADA,6xmqf
RUA PENA VERDE,6xmqf
RUA PENSADOR,6xmq6
RUA PENTATEUCO,6xmqf
RUA PEPERÔNIA,6xmq
RUA PEPINO DO MAR,6xmq
RUA PEQUERIM,6xmqf
RUA PEQUI,6xmqf
RUA PEQUIARANA,6xmqe
RUA PEQUIM,6xmqg
RUA PERCI AIRES,6xmq
RUA PERCIDES,6xmq3
RUA PERDITA,6xmq
RUA PERNAMBUCO,6xmq
RUA PERO DE ATAÍDE,6xmq
RUA PERO VAZ DE CAMINHA,6xmq
RUA PEROBA,6xm
RUA PEROBA MIRIM,6xmq
RUA PEROBA ROSA,6xmq
RUA PEROLA NEGRA,6xmq6
RUA PERPÉTUA,6xmq
RUA PERSEU,6xmq3
RUA PERSIA,6xmq
RUA PERU,6xmq6
RUA PERUGIA,6xmqg
RUA PERUIBE,6xmqf
RUA PESQUEIRA,6xmq3
RUA PESSEGUEIRO,6xmq
RUA PETER DRUCKER,6xmq
RUA PETRA,6xmqg
RUA PETRARCA,6xm
RUA PETRIM,6xmq
RUA PETROLINA,6xmqg
RUA PETROLÂNDIA,6xmqg
RUA PETRONILA ALVES NOGUEIRA,6xmq
RUA PETRONIO AUGUSTO PINHEIRO,6xmq
RUA PEXORIM,6xmq
RUA PIABA,6xmq
RUA PIACAVA,6xmq
RUA PIAL,6xmq
RUA PIAUÍ,6xmq3
RUA PICA PAU,6xm
RUA PICO DAS ÁGUAS,6xmq3 6xmq6
RUA PICUI,6xmq3
RUA PILÕES,6xmqf
RUA PIMENTA BUENO,6xmq6
RUA PIMENTEIRAS DO OESTE,6xm
RUA PINA DE MORAES,6xmq3
RUA PINDAI,6xmq
RUA PINDARO,6xmqe
RUA PINDOBAÇU,6xmq
RUA PINGO D'ÁGUA,6xmq
RUA PINGO DE OURO,6xm
RUA PINHA,6xmqf
RUA PINHAIS,6xmqe
RUA PINHALZINHO,6xmqf
RUA PINHAO PARAGUAIO,6xmq
RUA PINHEIRINHO,6xmq
RUA PINHEIRO BRANCO,6xmq3
RUA PINHEIRO BRASILEIRO,6xmqf
RUA PINHEIRO DOURADO,6xmq
RUA PINHEIRO PRATEADO,6xmqg
RUA PINHEIRO SILVESTRE,6xmqf
RUA PINHEIROS,6xmq
RUA PINHÃO,6xmqf
RUA PINHÃO PARAGUAIO,6xmq
RUA PINTARROXO,6xmqe
RUA PINTASSILGO,6xmqe
RUA PINTO CORDEIRO,6xmq
RUA PINUS,6xmq
RUA PIO  X,6xmqf
RUA PIO IX,6xmqf
RUA PIO XII,6xmqf
RUA PIPIRA,6xmqg
RUA PIPIRA PRETA,6xm
RUA PIPIRA VERMELHA,6xm
RUA PIQUIARANA,6xmqf
RUA PIQUIAZEIRO,6xmqf
RUA PIQUIÁ,6xmqf
RUA PIRABAS,6xmq 6xmq3
RUA PIRACEMA,6xm
RUA PIRACICABA,6xmq
RUA PIRACUI,6xmqf
RUA PIRAJUBA,6xmq
RUA PIRAMUTABA,6xmq
RUA PIRANGA,6xmq
RUA PIRAPAMA,6xmqe
RUA PIRAPORA,6xmq6
RUA PIRARARA,6xmq
RUA PIRARUCU,6xmq
RUA PIRATINI,6xmq 6xmqe
RUA PIRATININGA,6xmq
RUA PIRES DE CARVALHO,6xmq
RUA PIRES DO RIO,6xmq6
RUA PIRICACA,6xmq
RUA PIRIPÁ,6xmq
RUA PIRITA,6xmqe
RUA PIRITIBA,6xmq
RUA PIRITUBA,6xmqg
RUA PIRIÁ,6xmqe
RUA PIROFILITA,6xmq
RUA PISTÁCIA,6xmq6
RUA PITAGORAS,6xmq
RUA PITAIA,6xmqg
RUA PITANGA PRETA,6xmqf
RUA PITANGUEIRAS,6xmq6
RUA PITANGUINHA,6xmqf
RUA PITEIRA,6xm
RUA PITIMBU,6xmq
RUA PITINGA,6xmq 6xmqg
RUA PITOMBA,6xmqf
RUA PIURA,6xmq
RUA PIXINGUINHA,6xmqe
RUA PLANALTINA,6xmq3
RUA PLANALTO,6xmq
RUA PLANETA JÚPITER,6xmq6
RUA PLANETA MARTE,6xmq6
RUA PLANETA MERCÚRIO,6xmq6
RUA PLANETA NETUNO,6xmq6
RUA PLANETA PLUTÃO,6xmq6
RUA PLANETA SATURNO,6xmq6
RUA PLANETA TERRA,6xmq6
RUA PLANETA URANO,6xmq6
RUA PLANETA VÊNUS,6xmq6
RUA PLATINA,6xmq
RUA PLATINALTINA,6xmqf
RUA PLINIO PAIVA,6xmqg
RUA PLOTINO,6xmq
RUA PLUTARCO,6xmq
RUA PLUTÃO,6xmq
RUA PLUTÔNIO,6xmqg
RUA PLÁCIDO DE CASTRO,6xmq3
RUA PLÂNCTO,6xmq
RUA PLÍNIO PARDO,6xmq
RUA PLÍNIO SALGADO,6xmqg
RUA POCO FUNDO,6xmq
RUA POCONÉ,6xmq
RUA POCOS DE CALDAS,6xmq
RUA POLINESIA,6xmqg
RUA POLINÉSIA,6xmqg
RUA POLITÉIA,6xmqe
RUA POLO SUL,6xmqg
RUA POLVO,6xmq
RUA POLYTHEAMA,6xmq6
RUA POLÔNIA,6xmqg
RUA POMPEU CEZAR,6xmq
RUA PONCE DE LEON,6xmq3
RUA PONTA DO VENTO,6xmq
RUA PONTA GROSSA,6xmq
RUA PONTA NEGRA,6xmq3
RUA PONTA PORÃ,6xmq
RUA PONTALINA,6xmq6
RUA PONTAS DE PEDRAS,6xmqg
RUA POPULAR,6xmq
RUA PORACANÃ,6xmqf
RUA PORANGA,6xmq
RUA PORANGATU,6xmq
RUA PORCINO MENDES,6xmq
RUA PORFIRIO DE ALMEIDA LEMOS,6xmq
RUA POROROCA,6xmq
RUA PORTELÂNDIA,6xmq6
RUA PORTIA,6xmq
RUA PORTLAND,6xmqg
RUA PORTO BELO,6xmq
RUA PORTO CALVO,6xmq
RUA PORTO CARRENHO,6xmqg
RUA PORTO COLOMBIA,6xmq
RUA PORTO DAS DUNAS,6xmq6
RUA PORTO ISABEL,6xmq
RUA PORTO MARISCO,6xmq
RUA PORTO NOVO,6xmq
RUA PORTO RICO,6xmq
RUA PORTO SANTO,6xmq6
RUA PORTO TROMBETAS,6xmq
RUA PORTO VELHO,6xmqg
RUA PORTO VILA,6xmqg
RUA PORTUGAL,6xmq
RUA POSEIDON,6xmq
RUA POTIGUARA,6xmqf
RUA POTIM,6xmqf
RUA POTIRA,6xmq
RUA POTY,6xmq
RUA POUSADAS,6xm
RUA POUSO REDONDO,6xmq
RUA POÇO BRANCO,6xmqg
RUA POÇO FUNDO,6xmq
RUA PRADO,6xmq
RUA PRAGA,6xmq
RUA PRAIA CURVINAS,6xmq
RUA PRAIA DA BOA VIAGEM,6xmq
RUA PRAIA DAS FONTES,6xmqg
RUA PRAIA DAS SALINAS,6xmq
RUA PRAIA DE CANOA QUEBRADA,6xmq
RUA PRAIA DE COPACABANA,6xmq
RUA PRAIA DE ICARAI,6xmq
RUA PRAIA DE IRACEMA,6xmq
RUA PRAIA DE ITAIBA,6xmq
RUA PRAIA DE ITAMARACÁ,6xmq
RUA PRAIA DE JERICOACOARA,6xmq
RUA PRAIA DE OLINDA,6xmq
RUA PRAIA DE SÃO VICENTE,6xmq
RUA PRAIA DO AREAL,6xmq
RUA PRAIA DO ARPOADOR,6xmq
RUA PRAIA DO ATALAIA,6xmq
RUA PRAIA DO CUMBUCO,6xmq
RUA PRAIA DO FORTE,6xmq
RUA PRAIA DO MARISCO,6xmq
RUA PRAIA DO MOSQUEIRO,6xmq
RUA PRAIA DO NAÚTICO,6xmq
RUA PRAIA DO PORTO SEGURO,6xmq
RUA PRAIA DO TIMBAU,6xmq
RUA PRAIA DO TUPÉ,6xmq
RUA PRAIA DOS LENÇÓIS,6xmq
RUA PRAIA FAROL DA BARRA,6xmq
RUA PRAIA GRANDE,6xmq
RUA PRAIANA,6xmq
RUA PRAINHA,6xmq
RUA PRES. COSTA ARAUJO,6xmq
RUA PRESEPE,6xmq3
RUA PRESIDENTE CAFÉ FILHO,6xmq
RUA PRESIDENTE COIMBRA DA LUZ,6xmq
RUA PRESIDENTE EMÍLIO MÉDICI,6xmq
RUA PRESIDENTE HUMBERTO DE A.C. BRANCO,6xmq
RUA PRESIDENTE JOÃO BATISTA FIGUEIREDO,6xmq
RUA PRESIDENTE JÂNIO QUADROS,6xmq
RUA PRESIDENTE NEREU RAMOS,6xmq
RUA PRESIDENTE NILO PEÇANHA,6xmq
RUA PRESIDENTE RANIERE MAZZILI,6xmq
RUA PRESIDENTE RODRIGUES ALVES,6xmq
RUA PRESIDENTE ULYSSES GUIMARÃES,6xmq
RUA PRESIDENTE WENCESLAU BRAZ,6xmq
RUA PRESTE JOÃO,6xmq
RUA PRESTES FILHO,6xmqf
RUA PRIMAVERA,6xmq
RUA PRIMO SABA,6xmq
RUA PRINCESA,6xmq
RUA PRINCESA DIANA,6xmq
RUA PRINCESA ISABEL,6xmq6
RUA PRINCESA LEOPOLDINA,6xmq6
RUA PROCÓPIO FERREIRA,6xmq
RUA PROENÇA,6xmq
RUA PROFESORA  EMILIA CAVALCANTE,6xmq3
RUA PROFESSOR  ADELELMO DO NASCIMENTO,6xmq3
RUA PROFESSOR  ADOLFO CIRNE,6xmq
RUA PROFESSOR  ALEXANDRE RAYOL,6xmq
RUA PROFESSOR  ALFREDO FERNANDES,6xmq
RUA PROFESSOR  ALFREDO GARCIA,6xmqe
RUA PROFESSOR  ANTÔNIO GIULESSE,6xmq3
RUA PROFESSOR  FRANCISCO A. MONTEIRO,6xmqf
RUA PROFESSOR  FRANCISCO BACELAR,6xmq
RUA PROFESSOR  HERBERT PALHANO,6xmq6
RUA PROFESSOR  ISAAC LEWIS,6xmq
RUA PROFESSOR ABÍLIO ALENCAR,6xmq3
RUA PROFESSOR ADERSON DE MENEZES,6xmq
RUA PROFESSOR AIRES MARINHO,6xmq 6xmq3
RUA PROFESSOR ALBERTO CARNEIRO,6xmqf
RUA PROFESSOR ALCIJARA GADELHA,6xmqf
RUA PROFESSOR ALCÂNTARA,6xmqf
RUA PROFESSOR ANDRADE BEZERRA,6xmq
RUA PROFESSOR ANTOVILLA VIEIRA,6xmq
RUA PROFESSOR ANTÃO MUNIZ,6xmq
RUA PROFESSOR ANTÔNIO T. DE SOUZA,6xmq
RUA PROFESSOR ARIOSTO DE REZENDE,6xmq
RUA PROFESSOR AUGUSTO ENCARNAÇÃO,6xmqf
RUA PROFESSOR AZEVEDO,6xmq
RUA PROFESSOR BOTINELY,6xmq
RUA PROFESSOR BUBLIO BINTTENCOURT,6xmq3
RUA PROFESSOR CARLOS BARROSO,6xmq
RUA PROFESSOR CARLOS MESQUITA,6xmq
RUA PROFESSOR CARLOS MUNIZ,6xmq
RUA PROFESSOR CASTELO BRANCO,6xmq6
RUA PROFESSOR CASTRO FIGUEIREDO,6xmq 6xmq3
RUA PROFESSOR CELESTINO SANTOS,6xmq
RUA PROFESSOR COROELANDO DURAND,6xmqe
RUA PROFESSOR ELSON NASCIMENTO,6xmqg
RUA PROFESSOR ERNANI SIMÃO,6xmq
RUA PROFESSOR EUMACINO DE ARAÚJO,6xmqf
RUA PROFESSOR EVANGELISTA BROW,6xmq3
RUA PROFESSOR FREITAS PINTO,6xmq
RUA PROFESSOR FÉLIX VALOIS,6xmqg
RUA PROFESSOR GERALDO AMORIM,6xmqe
RUA PROFESSOR GERALDO TEIXEIRA,6xmq6
RUA PROFESSOR GERMANO TALHARI,6xmq6
RUA PROFESSOR GUILHERME NERY,6xmq6
RUA PROFESSOR HAMILTON CABRAL,6xmqf
RUA PROFESSOR IGNÁCIO BELTRÃO,6xmq3
RUA PROFESSOR JOAÕ LIBERAL,6xmq
RUA PROFESSOR JOSÉ CHEVALIER,6xmq
RUA PROFESSOR JOSÉ MARQUES,6xm
RUA PROFESSOR JOÃO CATUNDA,6xmqf
RUA PROFESSOR JOÃO LEDA,6xmq
RUA PROFESSOR JOÃO RICARDO LIMA,6xmq6
RUA PROFESSOR JUBERTINO MUNIZ,6xmq
RUA PROFESSOR JULIANO DE ALENCAR,6xmq
RUA PROFESSOR JULIO UCHOA,6xmq
RUA PROFESSOR LOURENÇO THURY,6xmqe
RUA PROFESSOR LOURIVAL MUNIZ,6xmq
RUA PROFESSOR LÁZARO GONÇALVES,6xmq
RUA PROFESSOR MANOEL BELÉM,6xmqf
RUA PROFESSOR MANOEL GONZALES,6xmq
RUA PROFESSOR MANOEL MONTEIRO,6xmqf
RUA PROFESSOR MARTINS SANTANA,6xmqe
RUA PROFESSOR MIGUEL DUARTE,6xmqf
RUA PROFESSOR NELSON FERREIRA,6xmqf
RUA PROFESSOR NELSON RINO,6xmq
RUA PROFESSOR NETO CAMPELO,6xmq
RUA PROFESSOR ODILON NESTOR,6xmq
RUA PROFESSOR OLIMPYO PAIVA,6xmq
RUA PROFESSOR OTÁVIO PIRES,6xmq 6xmq3
RUA PROFESSOR PAES DE AZEVEDO,6xmq
RUA PROFESSOR PAULINO DE BRITO,6xmq
RUA PROFESSOR PAULO EULETHÉRIO,6xmq
RUA PROFESSOR PAULO RESENDE,6xmq6
RUA PROFESSOR PEDRO S NUNES,6xmqe
RUA PROFESSOR PERICLES MORAES,6xmq
RUA PROFESSOR PLÁCIDO SERRANO,6xmqf
RUA PROFESSOR RICARDO AMORIM,6xmq
RUA PROFESSOR SAMUEL BENCHIMOL,6xmq6
RUA PROFESSOR SEBASTIÃO MESTRINHO,6xmqe
RUA PROFESSOR TIBURCIO SALGADO,6xmq3
RUA PROFESSOR VIRGÍNIO MARQUES,6xmq
RUA PROFESSOR WALDIR DOS SANTOS COSTA,6xmq
RUA PROFESSOR WALDIR GARCIA,6xmq
RUA PROFESSORA  ADELAIDE CABRAL,6xmqe
RUA PROFESSORA  ADELAIDE MELO,6xmq
RUA PROFESSORA  ALINA FERREIRA,6xmq6
RUA PROFESSORA  ALZIRA COSTA,6xmq
RUA PROFESSORA  AMANDA CAVALCANTE,6xmq
RUA PROFESSORA  AMÉLIA AYRES,6xmq
RUA PROFESSORA  ARYA FIRMINO,6xmq
RUA PROFESSORA  AURORA BARROSO,6xmq6
RUA PROFESSORA  EDNA CANIVARIA,6xmq
RUA PROFESSORA  ELVIRA DANTAS,6xmq3
RUA PROFESSORA  ELVIRA PEREIRA,6xmqf
RUA PROFESSORA  FRANCISCA COUTINHO,6xmq
RUA PROFESSORA  JÚLIA MARINHO,6xmqe
RUA PROFESSORA  LÍDIA CAMPELO,6xmq
RUA PROFESSORA  MARIA  A. CAMPOS,6xmqe
RUA PROFESSORA  MARIA  A. HERMES,6xmq
RUA PROFESSORA  MARIA DE LOURDES,6xmq3
RUA PROFESSORA  MARIA TAPAJÓS,6xmq
RUA PROFESSORA  NILDA SILVA,6xmq
RUA PROFESSORA  NOÊMIA DE MELO,6xmq6
RUA PROFESSORA  RAIMUNDA OLIMAR,6xmqf
RUA PROFESSORA ADÉLIA BARBOSA,6xmq
RUA PROFESSORA ADÉLIA CUNHA,6xmq
RUA PROFESSORA ADÉLIA GUIMARÃES,6xmq
RUA PROFESSORA ALCINA SÁ PEIXOTO,6xmq6
RUA PROFESSORA ALZIRA MACHADO,6xmq
RUA PROFESSORA ANA JOAQUINA,6xmqe
RUA PROFESSORA AURORA RÊGO,6xm 6xmqf
RUA PROFESSORA BRASILINA PEDROSA,6xmqe
RUA PROFESSORA CACILDA BRAULE,6xmqe
RUA PROFESSORA CACILDA PEDROSO,6xmq
RUA PROFESSORA CALDAS LINS,6xmq
RUA PROFESSORA CLAVELINA MONTENEGRO,6xmqe
RUA PROFESSORA CORA SANTANA,6xmqf
RUA PROFESSORA CÂNDIDA VEIGAS,6xmqf
RUA PROFESSORA DIANA PINHEIRO,6xmq
RUA PROFESSORA DIVA PONCE,6xmq 6xmq6
RUA PROFESSORA DOLORES MELITA,6xmq
RUA PROFESSORA DORVALINA LIRA,6xmq
RUA PROFESSORA EDUARDA LUCENA,6xmq
RUA PROFESSORA ELVIRA CORREA,6xmqe
RUA PROFESSORA ELVIRA PINTO,6xmq
RUA PROFESSORA ELZA MELO,6xmqf
RUA PROFESSORA EMILIA GRANA,6xmq
RUA PROFESSORA ERNESTINA CORRÊA,6xmq
RUA PROFESSORA EVANGELINA ANTUNES,6xmq
RUA PROFESSORA FRANCELINA DANTAS,6xmqg
RUA PROFESSORA FÉLISMINA CHEKS,6xmqg
RUA PROFESSORA GRAZIELA MACHADO,6xmq
RUA PROFESSORA HILMA DE MEDEIROS,6xmq
RUA PROFESSORA ILDA AUZIER,6xmq3
RUA PROFESSORA INÊS LAMARÃO,6xmq
RUA PROFESSORA ISAURA BARRONCAS,6xmq3
RUA PROFESSORA JOANA D´ARC RIBEIRO,6xmq
RUA PROFESSORA JOSEFA DE SOUZA,6xmqe
RUA PROFESSORA JOSEFINA GERMANDO,6xmq
RUA PROFESSORA JOSEFINA MELLO,6xmq6
RUA PROFESSORA JUCIMAR BARBOSA,6xmq3
RUA PROFESSORA JULIA SAMPAIO,6xmqe
RUA PROFESSORA JULIANA MAQUINÉ,6xmqe
RUA PROFESSORA JUVENTINA PIRES,6xmq
RUA PROFESSORA JÚLIA BITTENCOURT,6xmq
RUA PROFESSORA JÚLIA REGO,6xmq
RUA PROFESSORA LAURA TAPAJÓS,6xmq
RUA PROFESSORA LEA  ALENCAR,6xmq3
RUA PROFESSORA LEONILLA CABRAL,6xmqg
RUA PROFESSORA LIBÂNIA FERREIRA,6xmq
RUA PROFESSORA LIDIA THAUMATURGO,6xmq
RUA PROFESSORA LILA BORGES DE SÁ,6xmqf
RUA PROFESSORA LUIZA  MIRANDA LEAO,6xmq
RUA PROFESSORA LUIZA DO NASCIMENTO,6xmq 6xmqe
RUA PROFESSORA LUÍSA TAPAJÓS,6xmq
RUA PROFESSORA MARGARIDA ALVES,6xmq3
RUA PROFESSORA MARIA  A. BACELAR,6xmq3
RUA PROFESSORA MARIA B. MADEIRA,6xmq
RUA PROFESSORA MARIA BORGES DE SOUZA,6xmq
RUA PROFESSORA MARIA DE LA SALETTE,6xmq
RUA PROFESSORA MARIA J. BRIGIDO,6xmqf
RUA PROFESSORA MARIA M. FIUZA,6xmq
RUA PROFESSORA MARIA MONTEIRO,6xmq
RUA PROFESSORA MARIA O. SANTANA,6xmq3
RUA PROFESSORA MARIA ORMINDA,6xmqe
RUA PROFESSORA MARLENE DOS SANTOS,6xmq
RUA PROFESSORA MARLENE M. TRIBUZY,6xmq
RUA PROFESSORA NEUZA CHEVALIER,6xmq
RUA PROFESSORA OLGA DE MELO,6xmq
RUA PROFESSORA OPTACIANA DE QUEIROZ,6xmq
RUA PROFESSORA PALMIRA BARROS,6xmq
RUA PROFESSORA PERCÍLIA DE OLIVEIRA,6xmq
RUA PROFESSORA RAYMUNDA CHEVALIER,6xmq6
RUA PROFESSORA RAYMUNDA LEITE,6xmq3
RUA PROFESSORA RAYMUNDA MAGALHÃES,6xmq 6xmq6
RUA PROFESSORA RITA ALVES,6xmqf
RUA PROFESSORA RITA M. DE LIMA,6xmq6
RUA PROFESSORA RODRIGO COSTA,6xmqg
RUA PROFESSORA ROSA DA SILVA CRUZ,6xmqf
RUA PROFESSORA ROSA DE ALMEIDA,6xmq6
RUA PROFESSORA ROSA GOMES,6xmq 6xmq3
RUA PROFESSORA ROSALINA FEITOZA,6xm
RUA PROFESSORA ROZINEIDE GUADALUPE,6xmqg
RUA PROFESSORA SANTINA FELIZEDA,6xmqf
RUA PROFESSORA TEREZA  ANDRADE,6xmq
RUA PROFESSORA URSULA MONTEIRO,6xmq
RUA PROFª FRANCISCA FERNANDES,6xmq
RUA PROFª HELOISA MONTEIRO,6xmq
RUA PROFª MARIA ANTONY,6xmqe
RUA PROFª. RAIMUNDA BRASIL,6xmq3
RUA PROJETADA,6xm 6xmq 6xmqf
RUA PROJETADA 10,6xmq
RUA PROJETADA 2,6xmq
RUA PROJETADA 4,6xmq
RUA PROJETADA 7,6xmq
RUA PROJETADA 8,6xmq
RUA PROJETADA 9,6xmq
RUA PROMISSÃO,6xmq
RUA PROMÉCIO,6xmq3
RUA PROSPERIDADE,6xmqg
RUA PRUDENTE DE MORAES,6xmq3
RUA PRÍMULA,6xmq
RUA PRÍMULA BRANCA,6xmq
RUA PRÍNCIPE DA PAZ,6xmqf
RUA PRÚSSIA,6xmqg
RUA PTOLOMEU,6xmqf
RUA PUEBLA,6xmq
RUA PUNARÉ,6xmq
RUA PUNTA ARENA,6xmq6
RUA PUNTA CANA,6xmq6
RUA PUPUNHA,6xmqf
RUA PUPUNHEIRAS,6xmq
RUA PURAQUE,6xmq
RUA PURAQUEQUARA,6xmq
RUA PURUNGA,6xmq
RUA PURUS,6xmq
RUA PUSAN,6xmq
RUA PUXINARA,6xmq
RUA PUXURIM,6xmq
RUA PÁDUA,6xmq
RUA PÃO DE AÇUCAR,6xmq
RUA PÉ DA SERRA,6xmq
RUA PÉGASO,6xmq3
RUA PÉRGAMO,6xmqg
RUA PÉRICLES MORAIS,6xmq
RUA PÉRICLES RAMOS,6xmq
RUA PÉROLA,6xmqg
RUA PÉROLA VERDE,6xmq
RUA PÉROLA-CETIM,6xmqf
RUA PÍNDARO,6xmqe
RUA PÓLIS,6xm
RUA PÓLO NORTE,6xmqg
RUA PÔR DO SOL,6xmqg
RUA QUARESMEIRA,6xmq
RUA QUARTZO AZUL,6xm
RUA QUARTZO FUMÊ,6xm
RUA QUARTZO ROSA,6xm
RUA QUARTZO VERDE,6xm
RUA QUATRO,6xm
RUA QUATRO ESTAÇÕES,6xmq
RUA QUATRO FONTES,6xmqg
RUA QUATTUOR,6xm
RUA QUEDAS DO IGUAÇU,6xmq
RUA QUEFREN,6xmqg
RUA QUEMM ODYSSEY,6xmqg
RUA QUERUBIM,6xmqf
RUA QUEÓPS,6xmqf 6xmqg
RUA QUICHUÀ,6xmqf
RUA QUIDE QUEIROZ,6xmq
RUA QUINA,6xmqf
RUA QUINARANA,6xmq
RUA QUINTINO BOCAIUVA,6xmq
RUA QUINTO CÚRCIO,6xmq6
RUA QUITERIA NOBRE,6xmq
RUA QUITO,6xmq
RUA QUIXABA,6xm
RUA QUIXADA,6xmq
RUA QUIXANDÁ,6xmq
RUA QUIXERAMOBIM,6xmq
RUA QUIXITIS,6xmqf
RUA QUÊNIA,6xmqg
RUA RABANETE,6xm
RUA RABAT,6xmq
RUA RABINO JACOB AZULAY,6xm
RUA RACHEL SARAIVA,6xmqf
RUA RADAMÉS,6xmqg
RUA RADIALISTA MARIA DA FÉ ANZOATEGUI,6xmq6
RUA RAFAEL ASSAYAG,6xmq3
RUA RAFAEL AZIZE,6xmq
RUA RAFAEL HENRIQUE,6xmqf
RUA RAFAEL SIQUEIRA,6xmqf
RUA RAIMUNDA LOUREIRO,6xmqf
RUA RAIMUNDA MARQUES,6xmqg
RUA RAIMUNDA MARTINS,6xmq
RUA RAIMUNDA NOBRE,6xmq
RUA RAIMUNDA P. MELO,6xmq3
RUA RAIMUNDA PIRES DE MELO,6xmq3
RUA RAIMUNDA VILAÇA RODRIGUES,6xm
RUA RAIMUNDO A. BORGES,6xmq
RUA RAIMUNDO BARBOSA,6xmqe
RUA RAIMUNDO COLARES,6xmq6
RUA RAIMUNDO CORREIA,6xmq
RUA RAIMUNDO DE CASTRO,6xmq3
RUA RAIMUNDO DE QUEIROZ,6xmq6
RUA RAIMUNDO GUEDES,6xmq
RUA RAIMUNDO MAIA,6xmq
RUA RAIMUNDO MARINHO,6xmqe
RUA RAIMUNDO MONTEIRO,6xmqe
RUA RAIMUNDO MORAES,6xmqf
RUA RAIMUNDO NASCIMENTO,6xmq
RUA RAIMUNDO NOGUEIRA,6xmq 6xmq6
RUA RAIMUNDO NONATO,6xmq3
RUA RAIMUNDO NONATO DE CASTRO,6xmq3
RUA RAIMUNDO PINHEIRO,6xmqe
RUA RAIMUNDO POLARI,6xmq6
RUA RAIMUNDO QUEIROZ,6xmq
RUA RAIMUNDO SARAIVA,6xmqg
RUA RAIMUNDO SODRÉ,6xmqe
RUA RAIMUNDO VANDERLEY LASMAR,6xmq6
RUA RAIMUNDO VIEIRA LOPES,6xmq
RUA RAINHA CATARINA,6xmq 6xmq6
RUA RAINHA DA PAZ,6xmq3
RUA RAINHA ELIZABETH,6xmq6
RUA RAINHA GUILHERMINA,6xmq6
RUA RAINHA MARGARIDA,6xmq
RUA RAINHA MARIA ANTONIETA,6xmq3
RUA RAINHA VITÓRIA,6xmq3
RUA RAIO DE LUZ,6xm
RUA RAIZ DO SOL,6xmq
RUA RAIZEIRO,6xmqf
RUA RAMA,6xmqf
RUA RAMADÃ,6xmqg
RUA RAMALA,6xmqg
RUA RAMAYANA DE CHEVALIER,6xmq
RUA RAMIRO SANTOS,6xmq
RUA RAMOS,6xmq
RUA RAMSÉS I,6xmqg
RUA RAOUL FOLLEREAU,6xmq
RUA RAPHAEL ALMEIDA,6xmqe
RUA RAQUEL DE QUEIROZ,6xmqe
RUA RAUL AZEVEDO,6xmq3
RUA RAUL BARATEIRO,6xmq
RUA RAUL BOOP,6xmq3
RUA RAUL BRANDÃO,6xmq3
RUA RAUL DE LEONY,6xmq
RUA RAUL PAVON,6xmq
RUA RAUL POMPEIA,6xmq3
RUA RAUL SEIXAS,6xmqe
RUA RAUL SOARAS,6xmqe
RUA RAUL ZAGURY,6xmq6
RUA RAY MONTEIRO,6xmq
RUA RAYOL DOS SANTOS,6xmqe
RUA REALEZA,6xmq
RUA REBELO DA SILVA,6xmq3
RUA REGINALDO GUIMARÃES,6xmq3
RUA REI ARTHUR,6xmq 6xmq6
RUA REI DAVI,6xmq3
RUA REI SALOMÃO,6xmq6
RUA REINO DOS ARUAQUI,6xmq
RUA REINO UNIDO,6xmq
RUA REIS MAGOS,6xmqf
RUA REMANSO DAS AGUAS,6xmq
RUA REMANSO DO BOTO,6xmq
RUA REMANSO DO TUCUNARÉ,6xmq
RUA REMBIRUÇU,6xmq
RUA REMIR ARCHER,6xmq
RUA REMO,6xmq
RUA RENASCER,6xmqg
RUA RENATO LINS,6xmq
RUA RENATO RUSSO,6xmq
RUA RENILA,6xm
RUA RENÉ DE NÁPOLIS,6xmq6
RUA REPÚBLICA DOMINICANA,6xmq
RUA RETIRANTE,6xmqf
RUA RETIRO,6xmq6
RUA RHODES,6xmqg
RUA RIACHO DA CRUZ,6xmq3
RUA RIACHO DE SANTANA,6xmqg
RUA RIACHO FUNDO,6xm
RUA RIACHUELO,6xmq3
RUA RIAD,6xmq
RUA RIBEIRINHO,6xmq3
RUA RIBEIRO COUTO,6xmq3
RUA RIBEIRO DA COSTA,6xmqe
RUA RIBEIRO DE MATOS,6xmq6
RUA RIBEIRO JUNIOR,6xmq6
RUA RICARDO CHAMMA,6xmq3
RUA RICARDO COSTA,6xmq
RUA RICARDO DA SILVA MENDONÇA,6xmqe
RUA RICARDO DE MELO,6xmq6
RUA RICARDO GRACINDO,6xmq
RUA RICARDO JAFFET,6xmq
RUA RICARDO JORGE,6xmq3
RUA RICARDO RAMOS,6xmq
RUA RICHIMOND,6xmqf
RUA RIGEL,6xmq3
RUA RINCHÃO,6xmq
RUA RIO  DO OESTE,6xmqe
RUA RIO ABACAXIS,6xmqe
RUA RIO ABUNÃ,6xmq6
RUA RIO ACARI,6xmqe
RUA RIO ACARÁ,6xm
RUA RIO ACRE,6xmqf
RUA RIO ACURUPÁ,6xmq
RUA RIO AIARI,6xmqe
RUA RIO AJARINI,6xmq
RUA RIO ALALAU,6xmqe
RUA RIO AMAJARI,6xmqe
RUA RIO AMAPA,6xmq6
RUA RIO AMATARI,6xmqe
RUA RIO AMAZONAS,6xmq6
RUA RIO AMÔNIA,6xmqf
RUA RIO ANACORA,6xmqe
RUA RIO ANDIRÁ,6xmq6
RUA RIO ARACU,6xmqe
RUA RIO ARAGUARI,6xmq
RUA RIO ARAPIUNS,6xmq
RUA RIO ARAPORIS,6xm
RUA RIO ARARA,6xmqe
RUA RIO ARARIRA,6xmqe
RUA RIO ARAUANA,6xmqe
RUA RIO ARAUÉ,6xmqe
RUA RIO ARAÇATUBA,6xmqe
RUA RIO ARAÇU,6xmqe
RUA RIO ARAÇUAI,6xmq
RUA RIO ARAÇÚ,6xmqe
RUA RIO ARINOS,6xm
RUA RIO ARIPUANÃ,6xmqe
RUA RIO ARNON,6xmqf
RUA RIO ATI,6xmqf
RUA RIO ATININGA,6xmq
RUA RIO AUARES,6xmq
RUA RIO AUTAZ-AÇÚ,6xm
RUA RIO AYRÃO,6xmqe
RUA RIO BADAJOS,6xmqe
RUA RIO BADAJÓS,6xmq 6xmqe
RUA RIO BANANAL,6xmq3
RUA RIO BAUANA,6xmqe
RUA RIO BAUNA,6xmqe
RUA RIO BENI,6xm
RUA RIO BESOR,6xmqf
RUA RIO BIJOGÓ,6xmqe
RUA RIO BIÁ,6xmq
RUA RIO BRANCO,6xmq 6xmq3 6xmqg
RUA RIO BRANQUINHO,6xmq
RUA RIO BUAFANA,6xmqe
RUA RIO CAIENA,6xmqg
RUA RIO CAJUBIM,6xmqe
RUA RIO CAMACÃ,6xmq
RUA RIO CAMANDUAL,6xmqe
RUA RIO CANABURIS,6xmq
RUA RIO CANAURU,6xmqe
RUA RIO CANAÇA,6xmq
RUA RIO CAPAUATI,6xmqe
RUA RIO CAQUETÁ,6xm
RUA RIO CARABINANI,6xmqe
RUA RIO CARAPANATUBA,6xmqe
RUA RIO CARAPURÚ,6xmq
RUA RIO CARAUARI,6xmq 6xmqe
RUA RIO CARBORIS,6xmqe
RUA RIO CATRIMANI,6xmq
RUA RIO CAUAMÉ,6xmq
RUA RIO CAURÉS,6xmqe
RUA RIO CHAPECÓ,6xmqf
RUA RIO COARI,6xmqf
RUA RIO CRAJARI,6xmq
RUA RIO CRENIDES,6xmqf
RUA RIO CRESPO,6xm
RUA RIO CUBATÉ,6xmqe
RUA RIO CUIMI,6xmqe
RUA RIO CUINI,6xmqe
RUA RIO CUNHUÁ,6xmq
RUA RIO CUNIUÁ,6xmq
RUA RIO CURIAU,6xmqe
RUA RIO CURIE,6xmqe
RUA RIO CURIMATA,6xmqe
RUA RIO CURUENA,6xmq
RUA RIO CURUPIRA,6xmqe
RUA RIO CURUÇÁ,6xmq
RUA RIO DAMASCO,6xmqf
RUA RIO DANÚBIO,6xmq6
RUA RIO DAS BICAS,6xmq6
RUA RIO DAS CONTAS,6xmq
RUA RIO DAS PEDRAS,6xmqf
RUA RIO DE JANEIRO,6xmq
RUA RIO DEMENI,6xmqe
RUA RIO DEMINI,6xmqe
RUA RIO DIMITI,6xmqe
RUA RIO DO BREU,6xmq
RUA RIO DO LIMÃO,6xmq
RUA RIO DO PEIXE,6xmqf
RUA RIO DOCE,6xmq
RUA RIO DORAÃ,6xmqe
RUA RIO DOS MARMELOS,6xmqe
RUA RIO DOS SINOS,6xmqf
RUA RIO EBRO,6xmqf
RUA RIO EDON,6xmq
RUA RIO EIRU,6xmq6
RUA RIO EIRUNEPÉ,6xmq
RUA RIO ENDIMARI,6xmqe
RUA RIO ENVIRA,6xmq
RUA RIO ERERÊ,6xmqe
RUA RIO EUFRATES,6xmqf
RUA RIO FOGO,6xmqe
RUA RIO GABIRO PARANÁ,6xmq
RUA RIO GALLEGOS,6xmqg
RUA RIO GRAJAÚ,6xmqe
RUA RIO GRANDE DO SUL,6xmq
RUA RIO GREGÓRIO,6xmq
RUA RIO GUANDÚ,6xmqe
RUA RIO GUAPORÉ,6xmq
RUA RIO IMABÚ,6xmq
RUA RIO INAUINI,6xmq
RUA RIO INERUXI,6xmqe
RUA RIO IQUIARI,6xmqe
RUA RIO IQUIRI,6xmq
RUA RIO IRIRI,6xmqe
RUA RIO ITANNANA,6xmq6
RUA RIO ITANNAUA,6xmq6
RUA RIO ITAPUÃ,6xmq
RUA RIO ITAQUI,6xmq
RUA RIO ITU,6xmqf
RUA RIO ITUXI,6xmq6
RUA RIO ITUÍ,6xmq
RUA RIO IÇA,6xmq6
RUA RIO IÇANÃ,6xmq
RUA RIO JABOQUE,6xmqf
RUA RIO JACAMIM,6xmq
RUA RIO JACIMICIA,6xmqe
RUA RIO JACURURU,6xm 6xmq
RUA RIO JAGUARÃO,6xmq
RUA RIO JAIARANA,6xmqe
RUA RIO JAMARI,6xmq6
RUA RIO JAMURQUE,6xmqf
RUA RIO JAPURÁ,6xm
RUA RIO JAQUIRANA,6xmq
RUA RIO JARARETE,6xmqe
RUA RIO JATAPÚ,6xmq
RUA RIO JATIRANA,6xmq
RUA RIO JAUAPERI,6xmqe
RUA RIO JAUARI,6xmq6
RUA RIO JAVA,6xmq
RUA RIO JAVARI,6xmq6
RUA RIO JAÚ,6xmq
RUA RIO JORDÃO,6xmqf
RUA RIO JUMA,6xmqe
RUA RIO JUREMA,6xmq6
RUA RIO JURUEMA,6xmqe
RUA RIO JURUÁ,6xmqf
RUA RIO JUTAIZINHO,6xmq
RUA RIO JUTAÍ,6xmq
RUA RIO LITANI,6xmqf
RUA RIO LUNA,6xmqe
RUA RIO MADALENA,6xmq
RUA RIO MADEIRA,6xm
RUA RIO MAICURU,6xm
RUA RIO MAIOR,6xmq
RUA RIO MANACAPURU,6xmq 6xmqf
RUA RIO MAPUERA,6xmq
RUA RIO MAR,6xmq
RUA RIO MARACÁ,6xmq
RUA RIO MARAU,6xmq 6xmq3
RUA RIO MARAUJÁ,6xmqe
RUA RIO MARIE,6xmqe
RUA RIO MEXEDÊ,6xmqe
RUA RIO MINAUA,6xmqe
RUA RIO MIRA,6xmq
RUA RIO MIRITI,6xmqe
RUA RIO MOA,6xmqf
RUA RIO MUCUIM,6xmqe
RUA RIO MUTUCA,6xmqe
RUA RIO MUTUM,6xmqf
RUA RIO MUTUZINHO,6xmq
RUA RIO NAICI,6xmqe
RUA RIO NAPIÁ,6xmqe
RUA RIO NAPO,6xmqe
RUA RIO NAPUIAU,6xmqe
RUA RIO NEGRO,6xmq
RUA RIO NHAMUNDÁ,6xmq
RUA RIO NILO,6xmq6
RUA RIO NITERÓI,6xmq6
RUA RIO NOVO,6xmq
RUA RIO OBI,6xmqf
RUA RIO ORANGE,6xmq
RUA RIO ORENOCO,6xmq6
RUA RIO OXUS,6xmqf
RUA RIO PACAVI,6xmqe
RUA RIO PACIÁ,6xmqe
RUA RIO PADUARI,6xmq
RUA RIO PAJURÁ,6xmq
RUA RIO PANAPUA,6xmqe
RUA RIO PANTALEÃO,6xmq
RUA RIO PARAGUAI,6xmqe
RUA RIO PARANÁ,6xmqe
RUA RIO PARANÃ,6xmq
RUA RIO PARAURI,6xmqe
RUA RIO PARDO,6xmqe
RUA RIO PARU,6xm
RUA RIO PAUINI,6xmq6
RUA RIO PAVINI,6xmq
RUA RIO PIORINI,6xm
RUA RIO PIQUIRI,6xmq
RUA RIO PIRAPÓ,6xmq
RUA RIO PIRATUCU,6xmqe
RUA RIO PITINGA,6xmqe
RUA RIO POTY,6xmq
RUA RIO PRETO,6xmqe
RUA RIO PRETO DA EVA,6xmq
RUA RIO PURUS,6xmq6
RUA RIO PURUTE,6xmqe
RUA RIO QUERITE,6xmqf
RUA RIO QUINÔ,6xmqe
RUA RIO QUISON,6xmqf
RUA RIO QUIXITO,6xmq
RUA RIO REAL,6xmq
RUA RIO RENO,6xmq
RUA RIO RIBEIRA,6xmq
RUA RIO RODANO,6xmq
RUA RIO SALSO PARANA,6xmq
RUA RIO SENA,6xmq6
RUA RIO SEPATINI,6xmq
RUA RIO SERVINE,6xmq
RUA RIO SILVEIRA,6xmqf
RUA RIO SOL,6xmqe
RUA RIO SOLIMOES,6xmq
RUA RIO SOLIMÕES,6xmq6
RUA RIO SUCUNDURI,6xmqe
RUA RIO SÃO FRANCISCO,6xmq
RUA RIO SÃO LOURENÇO,6xmqe
RUA RIO SÃO MANUEL,6xmqg
RUA RIO TABAJI,6xmq
RUA RIO TAPAJÓS,6xmq6
RUA RIO TAPI,6xmq3
RUA RIO TAPUÁ,6xmq
RUA RIO TARAU,6xmqe
RUA RIO TARAUACÁ,6xmq6
RUA RIO TARUMÃ,6xmqe
RUA RIO TEFÉ,6xmq
RUA RIO TIAPANA,6xmqe
RUA RIO TIETÊ,6xmq
RUA RIO TIJUCO,6xmqe
RUA RIO TIQUIÊ,6xmqe
RUA RIO TOCANTINS,6xmq6
RUA RIO TOTOTOBI,6xmq
RUA RIO TRAINA,6xmqe
RUA RIO TRAIRA,6xmqe
RUA RIO TROMBETAS,6xmq6
RUA RIO TUMIA,6xmq
RUA RIO UATUMÃ,6xmq6
RUA RIO UMARI,6xm
RUA RIO UMATUMÃ,6xmqe
RUA RIO UNAÍ,6xmq
RUA RIO UNINI,6xmq 6xmqe
RUA RIO URARICOERA,6xmq
RUA RIO URIAÚ,6xmqe
RUA RIO URUBU,6xmq
RUA RIO URUCU,6xmqe
RUA RIO URUPADI,6xmqe
RUA RIO URUÁ,6xmqe
RUA RIO URUÇUI PRETO,6xmq
RUA RIO UTUCUMÃ,6xmqf
RUA RIO VERDE,6xmq6
RUA RIO VILA NOVA,6xmq
RUA RIO XANXERE,6xmq
RUA RIO XERUA,6xm
RUA RIO XINGÚ,6xmq
RUA RIO YURUPAZI,6xm
RUA RIO ZEREDE,6xmqf
RUA RITA G. BARROS,6xmq3
RUA RITA TELES,6xmqe
RUA RIVERA,6xmq
RUA ROBERTO DE NORMANDIA,6xmq6
RUA ROBERTO MALATESTA,6xmq6
RUA ROBERTO MENDES MOTA,6xmq6
RUA ROBERTO RIBEIRO,6xmq
RUA ROBYNSON SOUZA,6xmq
RUA ROCHA DOS SANTOS,6xmq
RUA RODOLFO GARCIA,6xmqe
RUA RODOLFO GRIMM,6xmq
RUA RODOLFO MONTEIRO MAIA,6xmq6
RUA RODOLFO TEOFILO,6xmqe
RUA RODOLPHO VALE,6xmq
RUA RODOZITA,6xmq
RUA RODRIGO DE NORMANDIA,6xmq6
RUA RODRIGO LIMA,6xmq
RUA RODRIGO OTÁVIO,6xmq
RUA RODRIGO SILVA,6xmq
RUA RODRIGUES ALVES,6xmq3
RUA RODRIGUES DE ABREU,6xmqe
RUA RODRIGUES DO CARMO,6xmq6
RUA RODRIGUES GUEDES,6xmqf
RUA RODRIGUES TORRES,6xmq6
RUA ROGER CUNHA RODRIGUES,6xmqf
RUA ROGÉRIO CARDOSO,6xmq
RUA ROGÉRIO MAGALHÃES,6xmqe
RUA ROLIM DE MOURA,6xmq
RUA ROMA,6xmq
RUA ROMANO,6xmqf
RUA ROMAZEIRA,6xmq
RUA ROMERO CAVALCANTE,6xmq
RUA ROMEU DE AVELAR,6xmq3
RUA ROMÃ,6xmq
RUA ROMÊNIA,6xmq
RUA RONALDO DE CARVALHO,6xmq
RUA RONALDO LEMOS,6xmqg
RUA RONANCI MOTA,6xmqg
RUA RONDÔNIA,6xmq
RUA ROQUETTE PINTO,6xmq
RUA RORAIMA,6xmqe
RUA ROSA  AZUL,6xm
RUA ROSA  BATISTA,6xmq
RUA ROSA AMARELA,6xm
RUA ROSA BRANCA,6xmqe
RUA ROSA CAMPOY,6xmq
RUA ROSA CRUZ,6xmq6
RUA ROSA DA FRANÇA,6xmq
RUA ROSA DE JERICÓ,6xmqg
RUA ROSA DE MAIO,6xmq
RUA ROSA DE SARON,6xmq
RUA ROSA DIBO,6xm
RUA ROSA DO DESERTO,6xmq
RUA ROSA DO JAPÃO,6xmqg
RUA ROSA DO LÍRIO,6xmqg
RUA ROSA GATTORNO,6xmq6
RUA ROSA LUXEMBURG,6xmq
RUA ROSA MADEIRA,6xmq
RUA ROSA MARIA BELOTA,6xmq3
RUA ROSA MENINA,6xmq
RUA ROSA PASSES,6xmq
RUA ROSA REZENDE,6xmq
RUA ROSA VERMELHA,6xmq
RUA ROSALIND FRANKLIN,6xmq
RUA ROSARINHO,6xmqe
RUA ROSE ZARATE,6xmqf
RUA ROSEIRA,6xmq
RUA ROSELHA,6xmq
RUA ROSINA FERREIRA,6xmq
RUA ROSINALDO SANTOS,6xmqg
RUA ROSITA GONZALES,6xmq
RUA ROSQUILDES FREIRE,6xmq
RUA ROSÁRIO DO NORTE,6xmq6
RUA ROSÁRIO DO SUL,6xmqg
RUA ROTERDÃ,6xmqg
RUA ROUXINOL,6xmqg
RUA RUANDA,6xmq
RUA RUBEM BRAGA,6xmq3
RUA RUBEM MELO,6xmq
RUA RUBENS BENZECRY,6xmq
RUA RUBENS VENTURINE,6xmq
RUA RUBI,6xmq
RUA RUBIDIO,6xmq3
RUA RUDOLF STEINER,6xmq
RUA RUDSON FRANÇA DOS SANTOS,6xmq
RUA RUFINO DE ELIZALDE,6xmqf
RUA RUI ALBERTO COSTA LINS,6xmq6
RUA RUI BARBOSA,6xmq
RUA RUSSELIA,6xmq
RUA RUSSOS,6xmq
RUA RUTH HAYDEN,6xmq6
RUA RUY ADRIANO JORGE,6xmq
RUA RUY ARAÚJO,6xmq3
RUA RUY GAMA E SILVA,6xmq
RUA RÉGULO,6xmq3
RUA RÊGO BARROS,6xmq6
RUA RÔMULO,6xmq
RUA RÚSSIA,6xmqg
RUA SA DE MIRANDA,6xmq3
RUA SAARA,6xmqg
RUA SABATO MAGALDI,6xmq3
RUA SABIA LARANJEIRA,6xmqf
RUA SABIA UNA,6xm
RUA SABIÁ,6xmq
RUA SABIÁ COLEIRA,6xm
RUA SABIÁ DA MATA,6xm
RUA SABIÁ DO CAMPO,6xmq
RUA SABIÁ PRETO,6xmqg
RUA SABOARANA,6xmq
RUA SABUGUEIRO,6xmq
RUA SACACA,6xmq
RUA SACIARA,6xmqf
RUA SACRAMENTO,6xmqg
RUA SADAH,6xmqg
RUA SADOC PEREIRA,6xmq
RUA SAFIRA,6xmq
RUA SAFIRA BRAGA,6xmq6
RUA SAFIRA FERNANDES,6xm
RUA SAGA,6xmq
RUA SAGITÁRIO,6xmq
RUA SAGRE,6xmq3
RUA SAGU,6xmq
RUA SAIA BRANCA,6xmq
RUA SAINT JAMES,6xmq6
RUA SAINT PETERSBURG,6xmqg
RUA SAITAMA,6xmq
RUA SAIÃO,6xmq
RUA SAKA,6xmq
RUA SALAMANCA,6xmqg
RUA SALAMANDRA,6xmq
RUA SALDANHA GAMA,6xmq
RUA SALDANHA MARINHO,6xmq
RUA SALEM,6xmqg
RUA SALERMO,6xmqg
RUA SALGADINHO,6xmqe
RUA SALGUEIRO,6xmqf
RUA SALGUEIRO BRANCO,6xmq
RUA SALIGNAG DE SOUZA,6xmq6
RUA SALIM KAHANE,6xmq
RUA SALINAS,6xmq3
RUA SALITO GRAAL,6xmqf
RUA SALMO 23,6xmqf
RUA SALMO 91,6xmqf
RUA SALMO 92,6xmqf
RUA SALMON,6xmqg
RUA SALMOS,6xmqf
RUA SALOMÃO BENARRÓS ISRAEL,6xmqe
RUA SALONIKA,6xmqg
RUA SALSA DA PRAIA,6xmq
RUA SALSA DO CAMPO,6xmq
RUA SALSA PARRILHA,6xmq
RUA SALTO DO ITAMBÉ,6xmq
RUA SALTO DO JIRAÚ,6xmq
RUA SALTO OSÓRIO,6xmq
RUA SALTO SANTA ROSA,6xmq
RUA SALTO SANTIAGO,6xmq
RUA SALUSTIANO,6xmq
RUA SALVA,6xmq
RUA SALVA DE MARAJÓ,6xmq
RUA SALVA DO PARÁ,6xmq
RUA SALVA DOS JARDINS,6xmq
RUA SALVA TERRA,6xmq3
RUA SALVADOR,6xmq6
RUA SALVADOR BENEVIDES,6xmq
RUA SALVADOR DALI,6xmq6
RUA SALVADOR DE MENDONÇA,6xmq3
RUA SALÃO-DOURADO,6xmq
RUA SALÉM JOSÉ,6xmq
RUA SAMAMBAIA,6xmq
RUA SAMANDIRA,6xm
RUA SAMARIA,6xmqg
RUA SAMAÚMA,6xm
RUA SAMIR MAMED ASSI,6xmq
RUA SAMOA,6xmqg
RUA SAMPÉ,6xm
RUA SAMUEL,6xmqf
RUA SAMUEL PAULO CAVALCANTE,6xmq6
RUA SAMUEL PEREIRA DE LIMA,6xmq3
RUA SAN  JUAN,6xmq3
RUA SAN AGUSTIN,6xmqg
RUA SAN ANGELO,6xmq
RUA SAN CARLINO,6xmq
RUA SAN CRISTOBAL,6xmqf
RUA SAN DIEGO,6xmqg
RUA SAN JULIAN,6xmqg
RUA SAN LORENZO,6xm 6xmqf
RUA SAN MARIA,6xmqg
RUA SAN MARINO,6xmqg
RUA SAN MIGUEL DE TUCUMAN,6xmqf
RUA SAN SALVADOR,6xmqg
RUA SANANDUVA,6xmq
RUA SANCHO DE TOVAR,6xmq
RUA SANDOVAL LAGES,6xmqe
RUA SANDOVAL RAMOS,6xmq
RUA SANDRA DIAS DE LIMA,6xmq
RUA SANHAÇU,6xmq
RUA SANHAÇU AZUL,6xm
RUA SANSAO,6xmqf
RUA SANTA  DOROTÉIA,6xmq
RUA SANTA  ÁGATA,6xm
RUA SANTA AGNES,6xm
RUA SANTA ANA,6xmq
RUA SANTA ANA NERY,6xmq
RUA SANTA ANASTÁCIA,6xmqf
RUA SANTA APOLINÁRIA,6xm
RUA SANTA AURÉLIA,6xm 6xmqf
RUA SANTA BEATRIZ,6xmqf
RUA SANTA BIBIANA,6xmqf
RUA SANTA BRIGIDA,6xmqf
RUA SANTA BÁRBARA,6xmq
RUA SANTA BÁRBARA DO PARÁ,6xmq
RUA SANTA CATARINA,6xmq
RUA SANTA CECÍLIA,6xmq
RUA SANTA CLARA,6xmqg
RUA SANTA CLAUDIA,6xmq6
RUA SANTA CLOTILDE,6xmqe
RUA SANTA CRUZ,6xmq
RUA SANTA CRUZ MACHADO,6xmq
RUA SANTA EDITH,6xmqf
RUA SANTA EDWIGES,6xmq 6xmqg
RUA SANTA EFIGÊNIA,6xmq3
RUA SANTA ELIANA,6xm
RUA SANTA EMILIA,6xmqf
RUA SANTA ETELVINA,6xm
RUA SANTA FÁTIMA,6xmqf
RUA SANTA FÉ,6xmqg
RUA SANTA GERTRUDES,6xmq
RUA SANTA HELENA,6xmq
RUA SANTA HERMELINDA,6xmqg
RUA SANTA INÁCIA,6xmqf
RUA SANTA INÊS,6xmq
RUA SANTA ISABEL,6xmq
RUA SANTA ISABEL DO PARÁ,6xmq
RUA SANTA ISABEL DO RIO NEGRO,6xmq6
RUA SANTA LUCIA,6xmq
RUA SANTA LUZIA,6xmq
RUA SANTA MAMECLETA,6xmq3
RUA SANTA MARGARIDA,6xmqg
RUA SANTA MARIA,6xmq
RUA SANTA MARIA BERTILA,6xmqg
RUA SANTA MARIA DA LUZ,6xmq
RUA SANTA MARIA DA PAZ,6xmqg
RUA SANTA MARIA DA SAÚDE,6xmq
RUA SANTA MARIA DA VITÓRIA,6xmq3
RUA SANTA MARIA GORETTI,6xmqe
RUA SANTA MARTA,6xmqf
RUA SANTA MIRTES,6xmq
RUA SANTA MONICA,6xmq
RUA SANTA OLIVIA,6xmq
RUA SANTA QUITERIA,6xmq6
RUA SANTA QUITÉRIA,6xmq6
RUA SANTA RITA,6xmq
RUA SANTA RITA CÁSSIA,6xmq
RUA SANTA ROSA DO LIMO,6xmq 6xmqe
RUA SANTA SARA,6xmq
RUA SANTA SE,6xmq
RUA SANTA TEREZA,6xmq
RUA SANTA TEREZA D'AVILA,6xm 6xmqg
RUA SANTA TEREZINHA,6xmq3
RUA SANTA VIVIANA,6xmq
RUA SANTANA,6xmq3
RUA SANTANA DO ARAGUAIA,6xmq
RUA SANTANA DO ARARI,6xmqg
RUA SANTANOPOLIS,6xmq
RUA SANTIAGO,6xmq
RUA SANTIAGO DANTAS,6xmqf
RUA SANTILIA MELO CARDOSO,6xmq
RUA SANTINO RODRIGUES,6xmq
RUA SANTO AFONSO,6xmq3 6xmq6
RUA SANTO AGOSTINHO,6xmq
RUA SANTO ALBERTO,6xmqg
RUA SANTO ALBINO,6xmq
RUA SANTO ALEXANDRE,6xmq
RUA SANTO AMARO,6xmq
RUA SANTO ANACLETO,6xmqf
RUA SANTO ANDRE,6xmqf
RUA SANTO ANTENODORO,6xmq
RUA SANTO ANTONINO,6xmq
RUA SANTO ANTONIO,6xmq3
RUA SANTO ANTONIO DE LISBOA,6xmqg
RUA SANTO ANTONIO DO TAUÁ,6xmq
RUA SANTO ANTÔNIO DE BORBA,6xmqe
RUA SANTO ANTÔNIO DO IÇÁ,6xmq6
RUA SANTO APOLÔNIO,6xmq3
RUA SANTO EXPEDITO,6xmqg
RUA SANTO EZEQUIEL,6xmqg
RUA SANTO HONORATO,6xmqg
RUA SANTO IDELFONSO,6xmqg
RUA SANTO INÁCIO,6xmq
RUA SANTO ISIDORO,6xmq6
RUA SANTO IVO,6xmq
RUA SANTO ONOFRE,6xmq
RUA SANTO PEREIRA,6xmqf
RUA SANTO SUDÁRIO,6xmq3
RUA SANTOS DIAS,6xmqg
RUA SANTOS DUMONT,6xmq6
RUA SANTUÁRIO DE FÁTIMA,6xmq3
RUA SAO DAMIÃO,6xmqf
RUA SAO GABRIEL,6xmqf
RUA SAO JOAO DO PARAISO,6xmq
RUA SAO JOSE,6xmq
RUA SAO LEOPOLDO,6xmq 6xmqf
RUA SAO MIGUEL,6xmq3
RUA SAO SEBASTIAO,6xmq
RUA SAO SEVERINO,6xm
RUA SAPEAÇU,6xmq
RUA SAPOPEMA,6xmqe
RUA SAPORO,6xmq
RUA SAPOTI,6xmqf
RUA SAPUCAI,6xmqf
RUA SAPUCAIA BRANCA,6xmq
RUA SAPUCAIA DA MATA,6xmq
RUA SAPUCAIA MIRIM,6xmq
RUA SAPUCAINHA,6xmqf
RUA SARA BARRETO,6xmq 6xmq6
RUA SARA KUBISTCHEK,6xmqf
RUA SARACURA,6xmqg
RUA SARAGOÇA,6xm
RUA SARAH BRITO DA COSTA,6xmq
RUA SARAPÓ,6xmq
RUA SARDENHA,6xmqg
RUA SARDINHA,6xmq
RUA SARDÔNIO,6xmqe
RUA SARGENTO  BULCAO,6xmq
RUA SARGENTO ADMILSON,6xmq
RUA SARGENTO ADÃO,6xmq
RUA SARGENTO AGUIAR,6xmq
RUA SARGENTO APOLO,6xmq
RUA SARGENTO CASTRICIANO,6xmq
RUA SARGENTO CÍCERO,6xmq
RUA SARGENTO FRANCISCO AMANDIO,6xmq
RUA SARGENTO FREIRE,6xmq
RUA SARGENTO GONDIM,6xmq
RUA SARGENTO ISMAEL,6xmq
RUA SARGENTO JAIRO,6xmq
RUA SARGENTO JANETE,6xmq
RUA SARGENTO JOÃO DE DEUS,6xmq
RUA SARGENTO MANOEL CHAGAS,6xmq3
RUA SARGENTO MOISES,6xmq
RUA SARGENTO PAULO AFONSO,6xmq
RUA SARGENTO PINHEIRO,6xm
RUA SARGENTO RUBENS,6xmq
RUA SARGENTO SOMBRA,6xmq
RUA SARITEIRA,6xmqf
RUA SAROM,6xmq
RUA SARRACENIA,6xmq
RUA SARTRE,6xmq
RUA SASSAFRÁS,6xmq
RUA SATERÊ MAWÉ,6xmqf
RUA SATURNO,6xmqf
RUA SAULO DE TARSO,6xmqf
RUA SAVANA,6xmq
RUA SAÍ  AMARELO,6xm
RUA SAÍ AZUL,6xm
RUA SAÍRA AZUL,6xm
RUA SAÍRA DA MATA,6xm
RUA SEARA,6xmq6
RUA SEARA MERI,6xmq
RUA SEATTLE,6xmqg
RUA SEBASTIAO LAVOR,6xmq6
RUA SEBASTIAO ROMANO,6xmq3
RUA SEBASTIÃO BATISTA DE MELO,6xmq
RUA SEBASTIÃO DA ROCHA PITA,6xmqg
RUA SEBASTIÃO GUIMARÃES,6xmq
RUA SEBASTIÃO LARANJEIRAS,6xmq
RUA SEBASTIÃO MACELINO DE ANDRADE,6xmqe
RUA SEBASTIÃO NORÕES,6xmqg
RUA SELMA ACIOLY,6xmq6
RUA SELÊNIO,6xmq3
RUA SEM DENOMINACAO,6xm
RUA SEMPRE NOIVA,6xmq
RUA SEMPRE VIVA,6xmq
RUA SEMÂNIA,6xmq
RUA SEN. ÁLVARO BOTELHO MAIA,6xmq
RUA SENA,6xmq
RUA SENA MADUREIRA,6xmq
RUA SENADOR ARTHUR VIRGÍLIO FILHO,6xmq
RUA SENADOR CUNHA MELO,6xmq3
RUA SENADOR CÂNDIDO B. DE OLIVEIRA,6xmq6
RUA SENADOR DANIEL KLIEGER,6xmq
RUA SENADOR FILINTO MILLER,6xmq3
RUA SENADOR FÁBIO LUCENA,6xmq
RUA SENADOR JOSÉ ESTEVÃO,6xmq3
RUA SENADOR JOÃO BOSCO,6xmq
RUA SENADOR LEITÃO DA CUNHA,6xmq6
RUA SENADOR RAIMUNDO PARENTE,6xmqe
RUA SENDAI,6xmq
RUA SENEGAL,6xmq
RUA SENHOR DO BONFIM,6xmq
RUA SEPTEM,6xm
RUA SERGIO MILLIET,6xmqe
RUA SERGIO PIMENTEL,6xmq 6xmqf
RUA SERGIPE,6xmq
RUA SERIEMA,6xmq
RUA SERPAO,6xmq
RUA SERPÃO,6xmq
RUA SERRA  ALEGRE,6xmqf
RUA SERRA AZUL,6xmq6
RUA SERRA BELA,6xmqf
RUA SERRA DA CANASTRA,6xmq
RUA SERRA DA PEDRA PRETA,6xmq
RUA SERRA DAS ANDORINHAS,6xmqg
RUA SERRA DAS SARACURAS,6xmq
RUA SERRA DE SÃO BENTO,6xmqg
RUA SERRA DEL REY,6xmq6
RUA SERRA DIVINA,6xmqf
RUA SERRA DO ACARÁ,6xmqf
RUA SERRA DO APUÍ,6xmq
RUA SERRA DO ARAI,6xmqe
RUA SERRA DO AUARES,6xmq
RUA SERRA DO MEL,6xmq
RUA SERRA DO SOL,6xmq
RUA SERRA DO TEPEQUÉM,6xmq
RUA SERRA DO URUCUZEIRO,6xmq
RUA SERRA DO URUTANIM,6xmq
RUA SERRA DOS AMORYS,6xmq6
RUA SERRA DOURADA,6xmq
RUA SERRA FINA,6xmq6
RUA SERRA GAÚCHA,6xmq
RUA SERRA LEOA,6xmqg
RUA SERRA NEGRA,6xmq6
RUA SERRA PAITUNA,6xmqg
RUA SERRA PRETA,6xmq6
RUA SERRA-DA-ESTRELA,6xmqg
RUA SERRA-DO-MAR,6xmqg
RUA SERRANA,6xmq6
RUA SERRAS DO RIO NEGRO,6xmqf
RUA SERRINHA,6xmqg
RUA SERRO,6xmq6
RUA SERTANEA,6xmq3
RUA SERVALHO JUNIOR,6xmq
RUA SETE CASCAS,6xmqf
RUA SETE CORES,6xm
RUA SETE FOLHAS,6xmqf
RUA SETE LAGOAS,6xmq 6xmqg
RUA SETE ONDAS,6xmqf
RUA SETE QUEDAS,6xmq
RUA SETÚBAL,6xmq6
RUA SEVERIANO NUNES,6xmq6
RUA SEVERINO DE ANDRADE,6xmq
RUA SEVERINO HERCULANO,6xmqf
RUA SEVILHANA,6xmq
RUA SEXTANTE,6xmq3
RUA SHALON,6xmqf
RUA SHANGAI,6xmqg
RUA SHANGRI LÁ,6xmq
RUA SHIRAZ,6xmqg
RUA SIBIPIRUNA,6xmqf
RUA SICÍLIA,6xmq
RUA SIDERÓPOLIS,6xmqe
RUA SIDON,6xmqf
RUA SIENA,6xmq
RUA SIENITO,6xmq
RUA SILAS PIMENTA,6xmqf
RUA SILIMANITA,6xmq 6xmqe
RUA SILVA ALVARENGA,6xmq6
RUA SILVA JARDIM,6xmq
RUA SILVA RAMOS,6xmq 6xmq6
RUA SILVANIA,6xmqe
RUA SILVANITA,6xmq
RUA SILVEIRA SAMPAIO,6xmq6
RUA SILVES,6xmqf
RUA SILVINHA ARAÚJO,6xmq
RUA SILVIO NOGUEIRA VALENTE,6xmq
RUA SILÍCIO,6xmq3
RUA SIMON RODRIGUEZ,6xmq
RUA SIMPLÍCIO R. DE PINHO,6xmq
RUA SIMÃO BOLIVAR,6xmq
RUA SIMÃO PEDRO,6xmq 6xmq3
RUA SIMÃO PINA,6xmq
RUA SIMÃO STOCK,6xmqf
RUA SIMÕES LOPES,6xmqe
RUA SIMÕES LOPES NETO,6xmq3
RUA SINAGOGA,6xmqf
RUA SINES,6xmq
RUA SINGAPURA,6xmq
RUA SINO AZUL,6xmq 6xmqf
RUA SINVAL DE MOURA,6xmq6
RUA SIQUEIRA MENDES,6xmqg
RUA SIRACUSA,6xmqf
RUA SIRI,6xmq
RUA SIRIA,6xmqg
RUA SIRIO LIBANÊS,6xmq3
RUA SISENO SARMENTO,6xmqg
RUA SITAEL,6xmqf
RUA SIZENANDO DE ANDRADE,6xmq3
RUA SIÃO,6xmqf
RUA SOARES DE PASSO,6xmq3
RUA SOARES DUTRA,6xmq
RUA SOBRADINHO,6xmq
RUA SOBRAL,6xmq
RUA SOBRINHO MARANHÃO,6xmq6
RUA SOCORRO DE CASTRO,6xmq
RUA SOCRATES GONCALVES,6xmqf
RUA SOCRATES GONÇALVES,6xmqf
RUA SODALITA,6xmq
RUA SOFOCLES,6xmq3
RUA SOFONIAS,6xmqf
RUA SOL DA JUSTIÇA,6xmqf
RUA SOL NASCENTE,6xmqe
RUA SOL POENTE,6xmqe
RUA SOLANO SÉRIO,6xmqg
RUA SOLDADO BRITO,6xmqe
RUA SOLEDADE,6xmqg
RUA SOLEMA,6xmq
RUA SOLIMÕES,6xmq
RUA SOLON DE LUCENA,6xmq3
RUA SOLON GONÇALVES,6xmq
RUA SOMBREIRO,6xmqf
RUA SONHO MEU,6xmqg
RUA SOPHIA GONÇALVES,6xmq6
RUA SORIANO DE MELO,6xmq6
RUA SOROCABA,6xmq 6xmqg
RUA SOROR ALCOFORADO,6xmq3
RUA SORRENTO,6xmqg
RUA SORRISO,6xmqg
RUA SORRISO DO LAGARTO,6xmq
RUA SOURE,6xmq3
RUA SOUSA CALDAS,6xmq
RUA SOUTO SOARES,6xmq 6xmqe
RUA SOUZA ANDRADE,6xmq6
RUA SOUZA BANDEIRA,6xmq3
RUA SOUZA BRASIL,6xmq
RUA SOUZA CAMPOS,6xmq
RUA SOUZA CERQUEIRA,6xmq
RUA SOUZA MENDES,6xmq
RUA SOUZA PINTO,6xmq
RUA SPINOZA,6xmq
RUA STANISLAW PONTE PRETA,6xmq
RUA STÊNIO NEVES,6xmq6
RUA SUAHAUSA NEVES,6xm
RUA SUCUPIRA,6xmq3
RUA SUCUPIRA BRANCA,6xmq
RUA SUCUPIRA PRETO,6xm
RUA SUCURI,6xmq
RUA SUDANESES,6xmq
RUA SUDAO,6xmqg
RUA SUDÃO,6xmqf 6xmqg
RUA SUDÃO DO SUL,6xmqg
RUA SUEL,6xmqg
RUA SUEZ,6xmq
RUA SUINÃ,6xmq
RUA SUIÇA,6xmq
RUA SUL,6xmq
RUA SUL AMÉRICA,6xmq
RUA SULAMITA,6xm
RUA SULTÃO SALADINO,6xmq6
RUA SUMATRA,6xmqg
RUA SUMO SACERDOTE,6xmqf
RUA SUPUPIRA,6xmq
RUA SURINAME,6xmq
RUA SURUBIM,6xmq
RUA SURUCUCU,6xmq
RUA SURUCUTINGA,6xmq
RUA SURUCUÁ,6xmq
RUA SURUÍ,6xmqf
RUA SUZUKA,6xmq
RUA SUÉCIA,6xmqg
RUA SÁ PEIXOTO,6xmq
RUA SÁ PEREIRA,6xmq
RUA SÁTIRO BARBOSA,6xmq6
RUA SÁTIRO DIAS,6xmq6
RUA SÂNDALO,6xmq
RUA SÃO  PEDRO,6xmq
RUA SÃO APARICIO,6xmq3
RUA SÃO BARNABÉ,6xmqf
RUA SÃO BARTOLOMEU,6xmq
RUA SÃO BENEDITO,6xmq
RUA SÃO BENTO,6xmq
RUA SÃO BERNARDINO,6xmq
RUA SÃO BERNARDO,6xmq3
RUA SÃO BOAVENTURA,6xmqf
RUA SÃO BONIFÁCIO,6xmq6
RUA SÃO BRAZ,6xmqf
RUA SÃO CARLOS,6xmq3
RUA SÃO CIRILO,6xmqg
RUA SÃO CLEMENTE,6xmq
RUA SÃO CONRADO,6xmq
RUA SÃO CONSTANTINO,6xmqg
RUA SÃO COSME,6xmqf
RUA SÃO COSME E DAMIÃO,6xmq
RUA SÃO CRISPIM,6xmqf
RUA SÃO CRISTOVÃO,6xmq
RUA SÃO DAVI,6xmqg
RUA SÃO DIMAS,6xmq3
RUA SÃO DINIS,6xmqg
RUA SÃO DOMINGOS,6xmq3
RUA SÃO DOMINGOS SÁVIO,6xmqg
RUA SÃO DONATO,6xmq
RUA SÃO ESTEVÃO,6xmq
RUA SÃO EUSÉBIO,6xmqf
RUA SÃO FELICIANO,6xmqf
RUA SÃO FELIPE,6xmq3
RUA SÃO FERNANDINO,6xmq6
RUA SÃO FERNANDO,6xmq
RUA SÃO FLORÊNCIO,6xmqg
RUA SÃO FRANCISCANO,6xmqe
RUA SÃO FRANCISCO,6xmq
RUA SÃO FRANCISCO DAS CHAGAS,6xmq3
RUA SÃO FRANCISCO DE ASSIS,6xmq3
RUA SÃO FRANCISCO DE CANINDÉ,6xmq 6xmqf
RUA SÃO FULGÊNCIO,6xmqg
RUA SÃO FÉLIX,6xmqg
RUA SÃO GABRIEL DA CACHOEIRA,6xmq6
RUA SÃO GABRIEL DA COSTA,6xm 6xmqf
RUA SÃO GENARO,6xmq
RUA SÃO GERALDO,6xmq6
RUA SÃO GONZAGA,6xmq
RUA SÃO GONÇALO,6xmq
RUA SÃO GREGÓRIO,6xmq
RUA SÃO HERMES,6xmqf
RUA SÃO IRINEU,6xmq
RUA SÃO IVO,6xmq6
RUA SÃO JACINTO,6xmq
RUA SÃO JANUÁRIO,6xmq3
RUA SÃO JERÔNIMO,6xmq
RUA SÃO JOAQUIM,6xmqe
RUA SÃO JORGE,6xmq
RUA SÃO JOSAFÁ,6xmq
RUA SÃO JOSÉ,6xmq3
RUA SÃO JOSÉ DE ARIMATEIA,6xmq
RUA SÃO JOSÉ DE ARIMATÉIA,6xmq
RUA SÃO JOSÉ OPERÁRIO,6xmq
RUA SÃO JOÃO,6xmq3
RUA SÃO JOÃO BATISTA,6xmq
RUA SÃO JOÃO DEL REY,6xmq
RUA SÃO JUDAS TADEU,6xmq
RUA SÃO JULIANO,6xmqg
RUA SÃO JUSTINO,6xmqe
RUA SÃO JUVENAL,6xmq
RUA SÃO LOURENÇO,6xmqe
RUA SÃO LUCAS,6xmq
RUA SÃO LUCIO,6xmqf
RUA SÃO LUIZ,6xmq6
RUA SÃO LUIZ  BELTRÃO,6xmq3
RUA SÃO LÁZARO,6xmq3
RUA SÃO MARCELINO,6xmq
RUA SÃO MARCOS,6xmq
RUA SÃO MARTINHO,6xmqg
RUA SÃO MARÇAL,6xmq3
RUA SÃO MATHEUS,6xmqe
RUA SÃO MATHIAS,6xmq
RUA SÃO MIGUEL,6xmq3
RUA SÃO MIGUEL DO GUAPORÉ,6xmq
RUA SÃO MOÍSES,6xmq
RUA SÃO NICOLAU,6xmq
RUA SÃO PAULINO DE YORK,6xmqg
RUA SÃO PAULO,6xmqf
RUA SÃO PAULO DE OLIVENÇA,6xmq6
RUA SÃO PEDRO DA ALDEIA,6xmq
RUA SÃO RAIMUNDO,6xmq
RUA SÃO RICARDO,6xmqg
RUA SÃO ROQUE,6xmq3
RUA SÃO SALVADOR,6xmq
RUA SÃO SAMATAS,6xmqe
RUA SÃO SEBASTIÃO DO PASSÉ,6xmq
RUA SÃO TELMO,6xmq
RUA SÃO TEÓFILO,6xmqg
RUA SÃO TIAGO,6xmqg
RUA SÃO TIMÓTEO,6xmq
RUA SÃO TITO,6xmqg
RUA SÃO TOBIAS,6xmqg
RUA SÃO TOMAZ,6xmq
RUA SÃO TOMÁS DE AQUINO,6xmq6
RUA SÃO VALENCIANO,6xmq
RUA SÃO VALENTIN,6xmqf
RUA SÃO VICENTE,6xmq
RUA SÃO VICENTE DE PAULA,6xmq
RUA SÃO XAVIER,6xmqf
RUA SÃO ZEFERINO,6xmqf
RUA SÉPIA,6xmq
RUA SÉRGIO DIAS PIRES,6xmqe
RUA SÉRGIO PORTO,6xmq
RUA SÉRGIO RIBEIRO DOS SANTOS,6xmq
RUA SÉRGIO VIEIRA DE MELO,6xmqf 6xmqg
RUA SÉRVIA,6xmq
RUA SÊNECA,6xmq
RUA SÍTIO NOVO,6xmq
RUA SÓCRATES,6xmq
RUA SÓSTENES MAGALHÃES,6xmq
RUA TABATINGA,6xmq
RUA TABIRA,6xmq
RUA TABULEIRO DO NORTE,6xm
RUA TACAIMBO,6xm
RUA TACOMA,6xmq
RUA TAGETES,6xmq
RUA TAGUARAMA,6xmq
RUA TAGUATINGA,6xmq3
RUA TAIA,6xmq
RUA TAILÂNDIA,6xmq
RUA TAIO,6xm
RUA TAIUVA,6xmqf
RUA TAIWAN,6xmq 6xmqf
RUA TAIZ,6xmqg
RUA TALACU,6xm
RUA TALES DE MILETO,6xmqg
RUA TALISMÃ,6xmq
RUA TAMANQUEIRO,6xmqf
RUA TAMAQUARÉ,6xmqf
RUA TAMAREIRAS,6xmq
RUA TAMARILLO,6xmq
RUA TAMARINDO,6xmq
RUA TAMARINO,6xmqf
RUA TAMBAQUI,6xmq
RUA TAMBAÚ,6xmqf
RUA TAMBO,6xmq
RUA TAMBOARA,6xm
RUA TAMBORIE,6xmq
RUA TAMBORIL,6xm
RUA TAMBORINS,6xmqf
RUA TAMOATA,6xm
RUA TAMOATÁ,6xmq
RUA TAMUANA,6xmq
RUA TANABI,6xmqf
RUA TANCREDO NEVES,6xmq
RUA TANGARÁ,6xmq 6xmqf
RUA TANGARÁ REI,6xmqf
RUA TANGER,6xmq
RUA TANHAÇU,6xmq
RUA TANHEIRO,6xmqf
RUA TANJERINA,6xmqf
RUA TANZÂNIA,6xmqg
RUA TAPAJÓS,6xmq
RUA TAPARICA,6xmqe
RUA TAPAUÁ,6xmq
RUA TAPEJARA,6xm
RUA TAPERA,6xm
RUA TAPEREBA,6xmq 6xmqf
RUA TAPEROA,6xmq
RUA TAPES,6xm
RUA TAPIR,6xm
RUA TAPIRA,6xm
RUA TAPIRAMUTA,6xmq
RUA TAPIRATIBA,6xm
RUA TAPIÁ,6xmqf
RUA TAPUAIS,6xm
RUA TAPUCARA,6xmqf
RUA TAPUIA,6xmqf
RUA TAPURAH,6xm
RUA TAPURUQUARA,6xmq
RUA TAQUARA,6xm
RUA TAQUARAL,6xm
RUA TAQUARALTO,6xm
RUA TAQUARATINGA,6xm
RUA TAQUARI,6xmqg
RUA TAQUARITUBA,6xmqe
RUA TAQUATINGA,6xmq
RUA TAQUEIRINHA,6xmq
RUA TARABAI,6xm
RUA TARAGUÁ,6xmqf
RUA TARCILA MENESCAL,6xmq3
RUA TARCÍLIO AZEVEDO,6xmqg
RUA TARIN,6xm
RUA TARLAC,6xmqg
RUA TARRASA,6xmq
RUA TARSUS,6xmqf
RUA TARUMÃ,6xmq
RUA TARUMÃ  DA MATA,6xmq
RUA TARUMÃ SILVESTRE,6xmq
RUA TASSIO FRAGOSO,6xmqe
RUA TASSO DA SILVEIRA,6xmqg
RUA TATAUAPÃ,6xmq
RUA TATAUPA,6xm
RUA TATUABA,6xmq
RUA TAUBATÉ,6xmq
RUA TAUNAY,6xmqe
RUA TAVARES TEIXEIRA,6xmq6
RUA TEBAS,6xmqg
RUA TECA,6xm
RUA TEERÃ,6xmq
RUA TEFÉ,6xmqg
RUA TEIXEIRA DE QUEIROZ,6xmq3
RUA TELAVIVE,6xmq
RUA TEMBÉ,6xm
RUA TENENTE JOSÉ ARNAUD,6xmq
RUA TENENTE JURANDIR,6xmq
RUA TENENTE PINTO DE SÁ,6xmq3
RUA TENREIRO ARANHA,6xmqe
RUA TENTO,6xmq
RUA TENÓRIO TELLES,6xmq
RUA TEODORO SAMPAIO,6xmq3
RUA TEODULO DE MATOS,6xmq6
RUA TEOTÔNIO VILELA,6xmq3
RUA TERENA,6xmqf
RUA TERESINA,6xmq6
RUA TERESÓPOLIS,6xmq
RUA TEREZA CRISTINA,6xmq
RUA TEREZA MARGARITA HORTA,6xmqg
RUA TERRA ALTA,6xmq3
RUA TERRA NOVA,6xmqe
RUA TERRA PRETA,6xmqe
RUA TERRA SANTA,6xmq3
RUA TESEU,6xm
RUA TESOURINHA,6xm
RUA TESSALONICENSES,6xm
RUA TESSALÔNICA,6xmq6
RUA TETEU,6xmqg
RUA TEXAS,6xmq
RUA TEÓFILO DIAS,6xmq3
RUA TEÓFILO SAID,6xmq
RUA THALES LOUREIRO,6xmq
RUA THAUMATURGO AZEVEDO,6xm
RUA THAUMATURGO VAZ,6xmq
RUA THEMÍSTOCLES FERREIRA BANDEIRA,6xmq3
RUA THEODOMIRO GARRIDO,6xmqe
RUA THEODORE LEVITT,6xmq6
RUA THEODORETO SOUTO,6xmq
RUA THEODORO DE BANVILLE,6xmqf
RUA THEOFILE DE GAUTIER,6xmqf
RUA THEÓFILO NICOLAU,6xmq
RUA THEÓGENES BELTRÃO,6xmqf
RUA THOMAS ANTONIO GONZAGA,6xmq3
RUA THOMAS MAACK,6xmq
RUA THOMAS WATSON,6xmq6
RUA THOMAZ MEIRELLES,6xmq6
RUA THOMÁS EDSON,6xmq 6xmq3
RUA THOMÁS JEFFERSON,6xmqf
RUA THOMÉ SANTIAGO,6xmqg
RUA TIA HÁVILA,6xmq
RUA TIBATI,6xmqg
RUA TIBERIAS,6xmqg
RUA TIBETE,6xmq
RUA TIBÉRIO GRACO,6xmqf
RUA TICO TICO,6xmqf
RUA TICUNA,6xmqe
RUA TIEPOLO,6xmqg
RUA TIJUCA,6xmq
RUA TILÁPIAS,6xm
RUA TIM MAIA,6xmq
RUA TIMBAÚBA,6xmqf
RUA TIMBURÉ,6xmq
RUA TIMBÓ,6xmq
RUA TIMON,6xm
RUA TIMOR LESTE,6xmqg
RUA TINGO,6xm
RUA TINGUÍ,6xmq
RUA TINIS,6xmqg
RUA TIODOLINA CORDEIRO,6xmq6
RUA TIPIRAI,6xmq
RUA TIPUANA,6xmqf
RUA TIRADENTES,6xmq3
RUA TIRZA CARVALHO,6xmq6
RUA TITANIA,6xm
RUA TITO BITENCOURT,6xmq6
RUA TITÄ PROMETEU,6xmq3
RUA TIUMA,6xmqg
RUA TIZIU,6xm
RUA TIÊ TINGA,6xmq
RUA TOBIAS,6xmqf
RUA TOBIAS BARBOSA,6xmq
RUA TOBIAS BARRETO,6xmq3
RUA TOBIAS DE AGUIAR,6xmq3
RUA TOCANDIRA,6xmq6
RUA TOCANTINS,6xmq
RUA TOCANTINÓPOLIS,6xmq
RUA TOGO,6xmqg
RUA TOLEDO,6xmqf
RUA TOM JOBIM,6xmq
RUA TOM PETERS,6xmq6
RUA TOMAS DE VILA NOVA,6xmq6
RUA TOMAS GUIDO,6xmq
RUA TOMAZ DO AMARAL,6xmq6
RUA TOMAZINA,6xm
RUA TOMBOS,6xm
RUA TOMODA,6xmq
RUA TOMOSHI SUMIDA,6xmq
RUA TOMÁS GONZAGA,6xmq
RUA TOMÁZ DE AQUINO,6xmq 6xmq6
RUA TOMÉ AÇÚ,6xmq
RUA TOMÉ DE SOUZA,6xmq3
RUA TOPÁZIO,6xmq
RUA TOPÁZIO AZUL,6xm
RUA TOPÁZIO IMPERIAL,6xmq
RUA TORIO,6xmq
RUA TORITAMA,6xmq
RUA TORONTO,6xmqg
RUA TORQUATO TAPAJÓS,6xmqf
RUA TORRES NOVAS,6xmq
RUA TORRES VEDRAS,6xmq
RUA TORÉS,6xmq
RUA TOTO CARREIRA,6xmqe
RUA TOULOUSE LAUTREC,6xmq
RUA TOUROS,6xm
RUA TOY HASHI,6xmq
RUA TOYAMA,6xmq
RUA TRABIJU,6xm
RUA TRACUA,6xmq
RUA TRAIPU,6xm 6xmq
RUA TRAIRA,6xmq
RUA TRAIRI,6xmq
RUA TRAJANO DE MORAES,6xmq
RUA TRAMANDAI,6xmq
RUA TRANSBRASIL,6xmq
RUA TRAPIARANA,6xmqf
RUA TREDECIM,6xm
RUA TREMEMBÉ,6xmq
RUA TRES,6xm
RUA TREVISO,6xmqg
RUA TREVO,6xmq6
RUA TREVO BRANCO,6xmq
RUA TREVO ROXO,6xmq
RUA TRIA,6xm
RUA TRICOLOR,6xmqg
RUA TRIESTE,6xmqf
RUA TRINDADE,6xmq
RUA TRINDADE COELHO,6xmq3
RUA TRINIDAD E TOBAGO,6xmqf
RUA TRIPOLI,6xmq
RUA TRISTÃO DA CUNHA,6xmq3
RUA TRISTÃO DE ATAÍDE,6xmqe
RUA TRIUNFO,6xmq
RUA TROIA,6xmq
RUA TRUGILLO,6xmq3
RUA TRÊS IRMÃOS,6xmq
RUA TRÊS MARIAS,6xmq
RUA TRÊS RIOS,6xmq
RUA TUBALCAIM,6xm
RUA TUBARÃO,6xmq
RUA TUCANAIRA,6xmqe
RUA TUCANAÇU,6xmqg
RUA TUCANDIRA,6xmqf
RUA TUCANO GRANDE,6xmq
RUA TUCANOS,6xmqe
RUA TUCUM,6xmq
RUA TUCUM BRANCO,6xmq
RUA TUCUMA,6xmqf
RUA TUCUNARÉ,6xmq
RUA TUCURUI,6xmq
RUA TUCUXI,6xmq6
RUA TUDELA,6xm
RUA TUDY MOUTINHO,6xmqf
RUA TUERÉ,6xmqf
RUA TUERÊ,6xmqf
RUA TUIM,6xmq
RUA TUIUTI,6xm 6xmq3
RUA TUKANO,6xmqe
RUA TULIPA,6xmqe
RUA TUMARÃ,6xmq
RUA TUNGSTENIO,6xmqe
RUA TUNISIA,6xmq
RUA TUPAGI,6xmq
RUA TUPAIU,6xmqg
RUA TUPI,6xmq
RUA TUPIARA,6xmqe
RUA TUPINAMBARANA,6xmqf
RUA TUPINAMBÁ,6xmqf
RUA TUPINAMBÁS,6xmq3
RUA TUPINIQUIM,6xmqf
RUA TUPIUÁ,6xmq 6xmqe
RUA TUPIÁ,6xmq
RUA TUPY,6xmq
RUA TUPÃ,6xmq
RUA TURBÉRGIA AZUL,6xmq
RUA TURIM,6xmqg
RUA TURQUESA,6xmq
RUA TURQUIA,6xmqg
RUA TURURUCARI,6xmqe
RUA TUSAEL,6xm
RUA TUTANKAMON,6xmqg
RUA TUTMÉS I,6xmqg
RUA TUXAUÁ,6xmqf
RUA TÁRTAROS,6xmq
RUA TÊMIS,6xmq
RUA TÓKIO,6xmq
RUA TÚLIO,6xmq3
RUA UABATÃ,6xmq
RUA UACARI,6xmq 6xmqg
RUA UAIMITI,6xmqf
RUA UAJURU,6xmqf
RUA UANAJÁ,6xmq
RUA UAPITI,6xmq
RUA UARINÍ,6xmq6
RUA UARUNÃ,6xmq
RUA UATUMÃ,6xmqf
RUA UAUPÉS,6xmq
RUA UAYUPI,6xmqg
RUA UBAIRA,6xmq
RUA UBAITABA,6xmq3
RUA UBALDO OLEA,6xmq
RUA UBARANA,6xmq
RUA UBERABA,6xmq
RUA UBIRAJARA DE MORAES,6xmqf
RUA UBIRATAN SIMOES,6xmq
RUA UCAYALI,6xmq
RUA UCHOA,6xmq
RUA UCHOA CORREA,6xmq
RUA UCRÂNIA,6xmqg
RUA UGANDA,6xmqg
RUA UIANA,6xmqf
RUA UIRAPURU,6xmq
RUA UIRAPURU ESTRELA,6xm
RUA UIRAPURU LARANJA,6xm
RUA UIRAPURU VERMELHO,6xmq6
RUA UIRAQUITÃ,6xmqf
RUA ULISSES AZEVEDO FILHO,6xmq
RUA ULISSES GUIMARÃES,6xmqe
RUA ULISSES PAES DE AZEVÊDO,6xmq6
RUA ULISSES TAPAJÓS,6xmq
RUA UM,6xm
RUA UMARI,6xmq3
RUA UMARIZAL,6xmq3
RUA UMBAÚBA,6xmq
RUA UMBERTO LOBATO RODRIGUES,6xmq
RUA UMBERTO PEREGRINO,6xmq3
RUA UMBURANA,6xmq
RUA UMBURANAS,6xmq
RUA UMBURATIBA,6xmq
RUA UMBUZEIRO,6xm
RUA UMIRI,6xmq
RUA UMUARAMA,6xmq
RUA UNA,6xmq
RUA UNAI,6xmq
RUA UNDECIM,6xm
RUA UNIAO,6xmq
RUA UNICÓRNIO,6xmq3
RUA UNIFLOR,6xmq
RUA UNIVERSAL,6xmq
RUA UPANEMA,6xmq 6xmq3
RUA UPIÁ,6xmqf
RUA URAI,6xmq
RUA URANDI,6xmq
RUA URANO,6xmqf
RUA URARIA,6xmq6
RUA URARIRANA,6xmqg
RUA UREQUEMA,6xmqf
RUA URIBIA,6xmqg
RUA URTIGÃO,6xmq
RUA URUAÇU,6xmq
RUA URUBICI,6xmq
RUA URUBU,6xmq
RUA URUBUS,6xm
RUA URUCANIA,6xm
RUA URUCUCA,6xm
RUA URUCUI,6xm
RUA URUCUM,6xmq
RUA URUCURI,6xmq
RUA URUCURITUBA,6xmqf
RUA URUGUAI,6xmq
RUA URUMUTUM,6xmqg
RUA URUPADY,6xmq3
RUA URUPÁ,6xmq
RUA URUTAU,6xmqf
RUA URUTU,6xmq
RUA URÂNIO,6xmqg
RUA UTA,6xmq3
RUA UTINGA,6xmq
RUA UTUTINGA,6xm
RUA UXIR,6xmqf
RUA VAL PARAÍSO,6xmq
RUA VALDIMIRO LIMEIRA,6xm
RUA VALDOMIRO SILVEIRA,6xmq
RUA VALE CEDRON,6xmqf
RUA VALE DO AMANHECER,6xmq6
RUA VALE DO ANARI,6xmq3
RUA VALE DO ARAO,6xmqf 6xmqg
RUA VALE DO ARCO IRIS,6xmq
RUA VALE DO BEKAA,6xmqf
RUA VALE DO GUAPORÉ,6xmq
RUA VALE DO ITAJAÍ,6xmq
RUA VALE DO JAVARI,6xmq
RUA VALE DO JURUÁ,6xmq3
RUA VALE DO PARAÍSO,6xmq
RUA VALE DO PÓ,6xmq3
RUA VALE DO RIO NEGRO,6xmq
RUA VALE DO SOL,6xmq3
RUA VALE DOS REIS,6xmqf
RUA VALE SIDIM,6xmqf
RUA VALENCIA,6xmq
RUA VALENTE,6xmq
RUA VALENTIM MAGALHÃES,6xmq3
RUA VALENTIN BOUÇAS,6xmq
RUA VALENÇA,6xmq
RUA VALERIANA,6xmq
RUA VALESKA FAGUNDES,6xmqe
RUA VALETA,6xmqg
RUA VALONGO,6xmq
RUA VALVERDE,6xmqf
RUA VALÉRIO BOTELHO DE ANDRADE,6xmq6
RUA VAN GOGH,6xmq
RUA VANCOUVER,6xmqg
RUA VANDERLEY,6xmq
RUA VANDIÊ,6xmq
RUA VANESSA MARQUES,6xmq6
RUA VANÁDIO,6xmq
RUA VARADERO,6xmq
RUA VARGSON NAVEGANTE,6xmq6
RUA VARRE VENTO,6xmqe
RUA VARSOVIA,6xmq
RUA VARZEA DA ROÇA,6xmq3
RUA VASCO BALBOA,6xmq
RUA VASCO DA ATAÍDE,6xmq 6xmqe
RUA VASCO DA GAMA,6xmq3
RUA VASCO VASQUES,6xmq
RUA VASCONCELOS CHAVES,6xmq6
RUA VASSOURA,6xmq
RUA VATICANO,6xmq
RUA VEIGA MIRANDA,6xmq3
RUA VENEZA,6xmq
RUA VENEZUELA,6xmq
RUA VENTO NORTE,6xmq
RUA VENTURA,6xm
RUA VENTUROSA,6xmq
RUA VERA CORDEIRO,6xmqf
RUA VERBASCO,6xmq
RUA VERBENA BARROS,6xmqf
RUA VERBENAS,6xmq
RUA VERBENEAS,6xmq
RUA VERDE,6xmqg
RUA VEREADOR  ALFREDO DIAS,6xmq6
RUA VEREADOR MANOEL MARÇAL,6xmq6
RUA VEREADOR SALOMÃO ABTIBOL,6xmq6
RUA VEREDA,6xmqf
RUA VEREDA ALEGRE,6xmqg
RUA VERGUEIRO,6xmqf
RUA VERSALES,6xmq
RUA VERTENTES,6xmq
RUA VERÃO,6xmq
RUA VERÔNICA CRISTINA,6xmq6
RUA VIA SACRA,6xmqf
RUA VIANA DA FOZ,6xmqg
RUA VICENCIA,6xmq
RUA VICENTE ASPERTI PIMENTA,6xmq
RUA VICENTE CENTINI,6xmq6
RUA VICENTE DE CARVALHO,6xmq3
RUA VICENTE DE MORAES,6xmq
RUA VICENTE DE PAULA,6xmq
RUA VICENTE DO REGO MONTEIRO,6xmq
RUA VICENTE DO SALVADOR,6xmq 6xmqg
RUA VICENTE DUTRA,6xmqe
RUA VICENTE FIOLA,6xmq6
RUA VICENTE GUILHERME,6xm 6xmqf
RUA VICENTE LAURIA,6xmq6
RUA VICENTE LIMONGE,6xmq6
RUA VICENTE MARTINS,6xm 6xmqf
RUA VICENTE NOGUEIRA,6xmqg
RUA VICENTE REIS,6xmqg
RUA VICENTE SANTOS,6xmq3
RUA VICENTE TELES,6xmq
RUA VICENTE TORRES,6xmq3
RUA VICK,6xmq
RUA VICTOR HUGHES,6xmq6
RUA VICTOR HUGO,6xm
RUA VIDAL DE NEGREIROS,6xmq3
RUA VIDOEIRO,6xmq3
RUA VIEIRA DE BRITO,6xmq
RUA VIEIRA DO MAR,6xmq
RUA VIENA,6xmq
RUA VIENA DO CASTELO,6xmq
RUA VIGO,6xmqg
RUA VILA ALBA,6xmq
RUA VILA AMAZONAS,6xmq6
RUA VILA DO FLEXAL,6xmqe
RUA VILA EGA,6xmq
RUA VILA REAL,6xmq
RUA VILAGE,6xmqg
RUA VILAR FIÚZA,6xmqe
RUA VILHENA,6xmq
RUA VILLA LOBOS,6xmqe 6xmqg
RUA VILLAR CÂMARA,6xmq 6xmqe
RUA VILLENA,6xmq
RUA VINCA,6xmq
RUA VINCENZO BELLINI,6xmq
RUA VINO DEL MAR,6xmqf
RUA VINÍCIUS DE MORAES,6xmq
RUA VINÍCIUS DE SOUZA LIMA,6xmq6
RUA VIOLETA AREOSA,6xmq3
RUA VIOLETA BAYMA,6xmq
RUA VIOLETA BRANCA,6xmq3
RUA VIOLETA MENESCAL,6xmq
RUA VIRGILIO FERREIRA,6xmq3
RUA VIRGILIO VARGAS,6xmq3
RUA VIRGINIA WOLF,6xmq
RUA VIRGÍLIO BARROS,6xmq6
RUA VIRGÍLIO DINIZ,6xmqe
RUA VIRGÍLIO FREIRE,6xmq6
RUA VIRGÍLIO MARINHO,6xmq3
RUA VIRGÍLIO RAMOS,6xmq
RUA VIRGÍLIO VARGAS,6xmq3
RUA VIRGÍNIO MIRANDA,6xmq3
RUA VIRIATO CORREA,6xmq
RUA VIRIATO FERREIRA,6xmq
RUA VIROLA,6xmq3
RUA VISCO BRANCO,6xmq
RUA VISCONDE  DE CAETÉ,6xmq
RUA VISCONDE  DE TABORAÍ,6xmq
RUA VISCONDE D'OLIVÃ,6xmq
RUA VISCONDE DA PEDRA BRANCA,6xmq
RUA VISCONDE DE ABAETÉ,6xmq
RUA VISCONDE DE CACHOEIRA,6xmq
RUA VISCONDE DE CAMARAGIBE,6xmq
RUA VISCONDE DE CANINDÉ,6xmq
RUA VISCONDE DE GUARAPUAVA,6xmq
RUA VISCONDE DE INHAÚMA,6xmq
RUA VISCONDE DE ITANHAEM,6xmq
RUA VISCONDE DE JEQUITINHONHA,6xmq
RUA VISCONDE DE LAGUNA,6xmq
RUA VISCONDE DE MAGÉ,6xmq
RUA VISCONDE DE MAUÁ,6xmq
RUA VISCONDE DE OURO PRETO,6xmq
RUA VISCONDE DE PIRAPITINGA,6xmq
RUA VISCONDE DE PORTO ALEGRE,6xmq6
RUA VISCONDE DE PORTO SEGURO,6xmq
RUA VISCONDE DE SANTA CRUZ,6xmq
RUA VISCONDE DE SANTO AMARO,6xmq6
RUA VISCONDE DE SERGIMIRIM,6xmq
RUA VISCONDE DE SINIMBU,6xmq
RUA VISCONDE DE SOTO MAIOR,6xmq
RUA VISCONDE DE SUASSUNA,6xmq
RUA VISCONDE DE SÃO LEOPOLDO,6xmq
RUA VISCONDE DE TAUNAY,6xmq
RUA VISCONDE DE TOCANTINS,6xmq
RUA VISCONDE DE UTINGA,6xmq
RUA VISCONDE DE VILA MAIOR,6xmq
RUA VISCONDE DE VILA MOURA,6xmq
RUA VISCONDE DE VILA VELHA,6xmq
RUA VISGUEIRO,6xmqg
RUA VISTA ALEGRE,6xmq
RUA VISTA BELA,6xmqf
RUA VISTA DO RIO NEGRO,6xmq3
RUA VITOR MEIRELLES,6xmq3
RUA VITORIA REGIA,6xm
RUA VITORIA RUFINO TORRES,6xmqf
RUA VITÓRIA,6xmq
RUA VITÓRIA BEATRIZ,6xmqf
RUA VITÓRIA DA CONQUISTA,6xmq3
RUA VITÓRIA DO JARI,6xmq3
RUA VITÓRIA DO XINGÚ,6xm
RUA VITÓRIA RÉGIA,6xmq3
RUA VITÓRIO EMANUELE,6xmq
RUA VITÓRIO PROLA,6xmq
RUA VIVALDI,6xmq
RUA VIVALDO BARROS,6xmqg
RUA VIVALDO DAS NEVES,6xmq 6xmq3
RUA VIVALDO FILHO,6xmq
RUA VIVALDO LIMA,6xmq 6xmq3
RUA VIVEIRO,6xmq
RUA VIZEU,6xmq3
RUA VIÇOSA,6xmq3
RUA VIÉTE DA SILVEIRA,6xmqf
RUA VOLFRÂNIO,6xmq3
RUA VOLTA REDONDA,6xmq
RUA VOLTAIRE,6xmq
RUA VOLUNTÁRIOS DA PÁTRIA,6xmq3
RUA VRIESIA,6xmq6
RUA VULGATA,6xmqf
RUA VÁRZEA,6xmqg
RUA WAGNER,6xmq
RUA WAIMIRI ATROARI,6xmqf
RUA WALCIMAR JOSÉ DE SOUZA,6xmq
RUA WALDEMAR BAIA,6xmq6
RUA WALDEMAR CARDOSO,6xmq6
RUA WALDEMAR DE SOUZA,6xmq
RUA WALDEMAR JARDIM MAUES,6xmqe
RUA WALDEMAR PEDROSA,6xmq3
RUA WALDEMAR PINHEIRO DE SOUZA,6xmq
RUA WALDEMAR SHOLZ,6xmq
RUA WALDEMIR CASTELO,6xmq
RUA WALDEMIR CORDEIRO,6xmq
RUA WALDIR NORMANDO,6xmq
RUA WALDIR PEQUENO,6xmq
RUA WALDOMIRO LUSTOSA,6xmq
RUA WALKYRIA VIEIRALVES,6xmqe
RUA WALLY DIANA ANTONY,6xmq
RUA WALTER BILIAN,6xmq3 6xmq6
RUA WALTER BORGHETTI,6xmq
RUA WALTER DAVILA,6xmq
RUA WALTER GÓES FILHO,6xmqe
RUA WALTER ORION,6xmq
RUA WALTER PINTO,6xmq
RUA WALTER RAYOL,6xmq3
RUA WALTER REICHL,6xmq
RUA WALTER REIS,6xmq
RUA WALTER VIEIRALVES,6xmqe
RUA WALTER ZUANI,6xmq6
RUA WANDERLEY FARIAS,6xmq
RUA WANDERLEY MARTINS MENDES,6xmq
RUA WANDERLEY NORMANDO,6xmq
RUA WANDERLEY PINHO,6xmqf
RUA WANDERLIRIA FREIRE,6xmq6
RUA WANDERSON PONTES,6xmq6
RUA WARREM BEMMIS,6xmq
RUA WASHINGTON LUIZ,6xmq3
RUA WENCESLAU BRAZ,6xmq3
RUA WILKENS DE MATTOS,6xmq
RUA WILLIAM BLAKE,6xmq
RUA WILMA PINHEIRO,6xmqg
RUA WILSON BATISTA,6xmq
RUA WILSON CAMPOS,6xmq
RUA WILSON CASTRO,6xmq6
RUA WILSON MEDEIROS,6xmq6
RUA WILSON PEREIRA VILAÇA,6xmq
RUA WILSON VIEIRALVES,6xmqe
RUA WLADIMIR HERZOG,6xmq6
RUA WOLFANGO NOGUEIRA,6xmq
RUA X - HILEIA 1,6xmq
RUA XADAI,6xmqf
RUA XAMÃ,6xmq
RUA XANTIPA,6xmq
RUA XAPERU,6xmqf
RUA XAPORI,6xmq
RUA XAVANTES,6xm
RUA XAVANTINA,6xmq
RUA XAVIER DE MENDONÇA,6xmq
RUA XAVIER MARQUES,6xmq3
RUA XENOFANTE ANTONY,6xmq
RUA XERUINE,6xmq
RUA XEXUA,6xmq
RUA XIBORENA,6xmqe
RUA XIMANA,6xmq
RUA XIMENO VILLEROY,6xmq
RUA XINAPUÃ,6xmq
RUA XINGU,6xmq
RUA YAKISOBA,6xmq
RUA YANOMAMI,6xmqf
RUA YARA,6xmq
RUA YARAPÉ,6xmqf
RUA YOKO,6xmq
RUA YOKOHAMA,6xmq
RUA YOLANDA D'URSO,6xmq
RUA YOPARANA,6xmqf
RUA YOSHIDA,6xmq
RUA YUCATÃ,6xmq3
RUA YUMAGUARIS,6xmqe
RUA YURIMÁGUA,6xmq6
RUA ZABARAM,6xmq
RUA ZABELÊ,6xmqg
RUA ZACARIAS,6xm
RUA ZAIRE,6xmq
RUA ZAMBIA,6xmqg
RUA ZAMIA,6xmq
RUA ZARAGOZA,6xmqg
RUA ZEBU,6xmq
RUA ZEFERINO BRASIL,6xmq3
RUA ZEFERINO ROCHA,6xmq3
RUA ZENON,6xmq3
RUA ZEQUINHA DE ABREU,6xmq
RUA ZERO,6xm 6xmq
RUA ZILA,6xm
RUA ZIMBABUE,6xmqf
RUA ZIMBRO,6xm
RUA ZIRCONITA,6xmq
RUA ZIRCÔNIO,6xmqe
RUA ZOIZITA,6xmqe
RUA ZULEIDE,6xmq6
RUA ZULEIDE BRITO,6xmq3
RUA ZULMA DE AZEVEDO,6xmq6
RUA ZULMIRA BITENCOURT,6xmq6
RUA ZUMBI DOS PALMARES,6xmq
RUA ZUMIRA DE ALENCAR,6xmq
RUA ZURIQUE,6xmqg
RUA ZÉLIA RAMOS,6xmq
RUA agente MAURO LOBO,6xmq
RUA ÁGATA  DE FOGO,6xmq
RUA ÁGATA  ROSA,6xm
RUA ÁGATA  VERDE,6xm
RUA ÁGATA  VERMELHA,6xm
RUA ÁGATA AZUL,6xm
RUA ÁGATA MUSGO,6xm
RUA ÁGATAS,6xmq
RUA ÁGUA NOVA,6xmqf
RUA ÁGUA VIVA,6xmq
RUA ÁGUAS BELAS,6xmq
RUA ÁGUAS DE SÃO PEDRO,6xmqg
RUA ÁGUAS FORMOSAS,6xmq
RUA ÁGUAS MARINHAS,6xmq 6xmqe
RUA ÁGUIA BRANCA,6xm
RUA ÁGUIA CINZENTA,6xmqe
RUA ÁGUIA DOURADA,6xm
RUA ÁGUIA PESCADORA,6xmq
RUA ÁGUIA PESQUEIRA,6xmq
RUA ÁGUIA REAL,6xmq3
RUA ÁGUIA SOLITÁRIA,6xm
RUA ÁLVARO ALVAREZ,6xmq
RUA ÁLVARO BANDEIRA,6xmq
RUA ÁLVARO BRAGA,6xmq 6xmq6
RUA ÁLVARO FERNADES,6xmq
RUA ÁLVARO LEITE,6xmq6
RUA ÁLVARO MAIA,6xmq3
RUA ÁLVARO PERES FILHO,6xmq 6xmq3
RUA ÁUREA GRACIANA,6xmq
RUA ÉNOS,6xm
RUA ÉRICO VERISSIMO,6xmq
RUA ÊXODO,6xmqf
RUA ÍCARO,6xmq
RUA ÍNDIA,6xmq
RUA ÍNDIO AJURICABA,6xmq
RUA ÍRIS,6xmq
RUA ÍTALO CALVINO,6xmq
RUA ÓSMIO,6xmq3
RUA ÔMEGA,6xmq6
RUA ÔNIX,6xmq
TRAVESSA 1,6xm 6xmq3
TRAVESSA 10 DE JULHO,6xmq
TRAVESSA 11 DE JULHO,6xmq
TRAVESSA 12 DE MARÇO,6xm
TRAVESSA 13 DE MAIO,6xmq 6xmq6
TRAVESSA 13 DE MARÇO,6xmq
TRAVESSA 13 DE OUTUBRO,6xmq
TRAVESSA 15 DE MAIO,6xmq3
TRAVESSA 15 DE OUTUBRO,6xmqg
TRAVESSA 16 DE MAIO,6xmq
TRAVESSA 17 DE MARÇO,6xmqf
TRAVESSA 1° DE MARÇO,6xmq
TRAVESSA 1º. DE MAIO,6xmq
TRAVESSA 2,6xm 6xmq3
TRAVESSA 21 DE AGOSTO,6xmq3
TRAVESSA 21 DE MAIO,6xmqg
TRAVESSA 22 DE JULHO,6xmqg
TRAVESSA 25 DE MARÇO,6xmq
TRAVESSA 27 DE OUTUBRO,6xmq
TRAVESSA 29 DE JULHO,6xmq
TRAVESSA 3,6xm 6xmq3
TRAVESSA 3 DE AGOSTO,6xmq
TRAVESSA 5 DE ABRIL,6xmq
TRAVESSA 6 DE OUTUBRO,6xmq
TRAVESSA 8,6xmq3
TRAVESSA 9 DE NOVEMBRO,6xmq
TRAVESSA ABDON GONÇALVES,6xmq
TRAVESSA ABIU,6xmqf
TRAVESSA ABIURANA,6xmq3
TRAVESSA ABRAHIM SALES,6xmq
TRAVESSA ABREU DE LIMA,6xmq
TRAVESSA ABROLHOS,6xmq
TRAVESSA ABÍLIO JUNQUEIRO,6xmq
TRAVESSA ABÍLIO MACHADO,6xmqf
TRAVESSA ACAETÉ,6xmq
TRAVESSA ACAJA,6xmq
TRAVESSA ACAJU,6xmq
TRAVESSA ACAJUBA,6xmq
TRAVESSA ACAPU,6xmqf
TRAVESSA ACARATINGA,6xmq
TRAVESSA ACARIQUARA,6xmq3
TRAVESSA ACENTOR,6xmq6
TRAVESSA ACÁCIA MIMOSA,6xmq
TRAVESSA ADALBERTO VALE,6xmq
TRAVESSA ADEMAR REGO,6xmq
TRAVESSA ADEN,6xmq
TRAVESSA ADERSON DE MENEZES,6xmq3
TRAVESSA ADRIANO GODINHO,6xmq
TRAVESSA AFONSO QUARESMA,6xmq
TRAVESSA AFRO TEIXEIRA ROCHA,6xmqf
TRAVESSA AGATA LILAS,6xmq
TRAVESSA AGATA ROSA,6xmq
TRAVESSA AGEPÊ,6xmq
TRAVESSA AGNUS DEY,6xmq
TRAVESSA AIMORÉ,6xmqf
TRAVESSA AJARAI,6xmq
TRAVESSA AJURI,6xmq
TRAVESSA ALAGOAS,6xmqg
TRAVESSA ALAODIM,6xmq6
TRAVESSA ALASKA,6xmq
TRAVESSA ALBATROZ,6xmqg
TRAVESSA ALBERICO ROCHA,6xmq
TRAVESSA ALBERTO CAMPANHA,6xmq
TRAVESSA ALBERTO GRACIANOL,6xmq
TRAVESSA ALBÂNIA,6xmq
TRAVESSA ALCEU AMOROSO LIMA,6xmq
TRAVESSA ALCIDES OLIVEIRA COSTA,6xmqg
TRAVESSA ALDINO AZEVEDO,6xmq
TRAVESSA ALECRINZEIRO,6xmq
TRAVESSA ALEXANDRE DAVID,6xmq
TRAVESSA ALEXANDRE DUMAS,6xmq3
TRAVESSA ALFA,6xmq
TRAVESSA ALFERES,6xmq6
TRAVESSA ALFREDO SÁ,6xmqg
TRAVESSA ALICE RIBEIRO,6xmqe
TRAVESSA ALISIOS,6xmq
TRAVESSA ALM. BARROSO,6xmq
TRAVESSA ALONSO NOGUEIRA DA SILVA,6xmq
TRAVESSA ALPINA,6xmq
TRAVESSA ALTAIR NUNES,6xmq6
TRAVESSA ALTAMIRA,6xmq3
TRAVESSA ALTO PARAÍSO,6xmq
TRAVESSA ALUÍZIO MACIEL,6xmq3
TRAVESSA ALVARENGA PEIXOTO,6xmqe
TRAVESSA ALZIRA BENTES,6xmq
TRAVESSA AMAPÁ,6xmqg
TRAVESSA AMARAGI,6xmqe
TRAVESSA AMARILIS,6xmq
TRAVESSA AMATURI,6xmqf
TRAVESSA AMATURÁ,6xmq
TRAVESSA AMAZÔNIA,6xmq3
TRAVESSA AMBORÉ,6xmq
TRAVESSA AMBROSIO,6xmqf
TRAVESSA AMBUZEIRO,6xm
TRAVESSA AMIEIRO,6xmq3
TRAVESSA AMISADAI,6xmq
TRAVESSA AMOR PERFEITO,6xmqe
TRAVESSA AMORAS,6xmqe
TRAVESSA ANA CRISTINA CÉSAR,6xmq
TRAVESSA ANAJÁS,6xmq3
TRAVESSA ANASTÁCIO ASSUNÇÃO,6xmq
TRAVESSA ANCHIETA,6xmqe
TRAVESSA ANDALUZEIRO,6xmqf
TRAVESSA ANDRADE MURICI,6xmqe
TRAVESSA ANDRADITA,6xmq
TRAVESSA ANDROS,6xmqe
TRAVESSA ANDRÉ LUIZ,6xmq
TRAVESSA ANHEMBI,6xmqg
TRAVESSA ANJO CALIEL,6xmqf
TRAVESSA ANNE,6xmq
TRAVESSA ANTONIL,6xmqe
TRAVESSA ANTONIO DE ALCANTARA MACHADO,6xmqg
TRAVESSA ANTONIO DE MORAES SILVA,6xmq6
TRAVESSA ANTONIO JOSE SARAIVA,6xmq3
TRAVESSA ANTONIO JOSÉ MIZON,6xmq
TRAVESSA ANTONIO MOURÃO VIEIRA,6xmq
TRAVESSA ANTUERPIA,6xmqf
TRAVESSA ANTÍDIO FACANHA,6xmq6
TRAVESSA ANTÍGUA,6xmq
TRAVESSA ANTÔNIO ANDRADE,6xmq6
TRAVESSA ANTÔNIO BALBINO,6xmq
TRAVESSA ANTÔNIO MARCOS,6xmq
TRAVESSA ANTÔNIO PASSOS DE MIRANDA,6xmq6
TRAVESSA ANUERA,6xmq6
TRAVESSA ANÚBIS,6xm
TRAVESSA APARECIDA,6xmqf
TRAVESSA APORÉ,6xmq
TRAVESSA APUI,6xmq
TRAVESSA APÓSTOLO JOÃO,6xmqf
TRAVESSA AQUILINO RIBEIRO,6xmq
TRAVESSA ARACATI,6xmq
TRAVESSA ARACI,6xmqf
TRAVESSA ARADEIRA,6xmq
TRAVESSA ARAGUACEMA,6xmq
TRAVESSA ARAGUAI,6xmq6
TRAVESSA ARAGUAIA,6xmqe
TRAVESSA ARAGUARI,6xmqf
TRAVESSA ARAGÃO,6xmqg
TRAVESSA ARAMINA,6xmqf
TRAVESSA ARANA,6xmq
TRAVESSA ARAPAPÁ,6xmqg
TRAVESSA ARAPAÇU,6xmq
TRAVESSA ARAPIRICA,6xmqf
TRAVESSA ARAPOTI,6xmqf
TRAVESSA ARAPUÁ,6xmq
TRAVESSA ARAQUARI,6xmqf
TRAVESSA ARARA,6xmqe
TRAVESSA ARARA AZUL,6xm
TRAVESSA ARARI,6xmqf
TRAVESSA ARARIBA,6xmq
TRAVESSA ARARIPINA,6xmq3
TRAVESSA ARARUANA,6xmq
TRAVESSA ARATACA,6xmqf
TRAVESSA ARATICUM,6xmqf
TRAVESSA ARAXÁ,6xmqf
TRAVESSA ARAXÉ,6xmqf
TRAVESSA ARAÇAI,6xmq
TRAVESSA ARAÇATUBA,6xmq
TRAVESSA ARCO VERDE,6xmq
TRAVESSA ARCOS,6xmqf
TRAVESSA ARDISIA,6xmq
TRAVESSA AREADO,6xmqf
TRAVESSA ARGÉLIA,6xmqg
TRAVESSA ARIANO LOBATO,6xmq
TRAVESSA ARICA,6xmq
TRAVESSA ARIPUANÃ,6xmqf
TRAVESSA ARIRANHA,6xmqf
TRAVESSA ARIRI,6xmq
TRAVESSA ARIZONA,6xmq
TRAVESSA ARLINDO SARAIVA,6xmq6
TRAVESSA ARMANDO FONTES,6xmqg
TRAVESSA ARMELIM GUIMARÃES,6xmq3
TRAVESSA ARMINDA DE NAZARÉ,6xmqg
TRAVESSA ARMÊNIA,6xmqg
TRAVESSA ARNON DE MELO,6xmq3
TRAVESSA AROAZES,6xmqf
TRAVESSA AROEIRA,6xmq
TRAVESSA AROEIRA  DO CAMPO,6xmqf
TRAVESSA ARPOADOR,6xmq6
TRAVESSA ARQUIMEDES,6xmq
TRAVESSA ARTHUR BERNARDES,6xmq6
TRAVESSA ARTHUR CRUZ,6xmq6
TRAVESSA ARTUR AZEVEDO,6xmqe
TRAVESSA ARUMÃ,6xmqf
TRAVESSA ASA BRANCA,6xmq
TRAVESSA ASCENSO FERREIRA,6xmq
TRAVESSA ASPASIA,6xmq
TRAVESSA ASSARI,6xmq
TRAVESSA ASSARÉ,6xmqf
TRAVESSA ASSIS BRASIL,6xmq3
TRAVESSA ASSUR,6xm
TRAVESSA ASTROGILDA,6xmq6
TRAVESSA ASURINI,6xmqf
TRAVESSA ATAULFO ALVES,6xmq
TRAVESSA ATENAS,6xmqf
TRAVESSA ATIBAIA,6xmqe
TRAVESSA ATITUM,6xmqf
TRAVESSA AUGUSTO DE LIMA,6xmq3
TRAVESSA AURELIANA NASCIMENTO,6xmqe
TRAVESSA AURORA,6xmqf
TRAVESSA AUSTRAL,6xmq3
TRAVESSA AUTAZES,6xmq
TRAVESSA AVALON,6xmq3
TRAVESSA AVENCA,6xmqg
TRAVESSA AVOANTE,6xm
TRAVESSA AYRES DE ALMEIDA,6xmq
TRAVESSA AYRTON SENNA,6xmqe
TRAVESSA AÇORES,6xmqf
TRAVESSA AÇUCENA DO CABO,6xmqg
TRAVESSA AÇUCENA DO RIO,6xmq
TRAVESSA BACABAU,6xmqe
TRAVESSA BACARÉ,6xmq6
TRAVESSA BACH,6xmq6
TRAVESSA BACU,6xmq
TRAVESSA BAIÃO,6xmq3
TRAVESSA BAJÉ,6xmqe
TRAVESSA BALDIM,6xmqe
TRAVESSA BALEIA,6xmq
TRAVESSA BALTAZAR,6xmq6
TRAVESSA BALTIMORE,6xmqg
TRAVESSA BAMBU,6xm
TRAVESSA BANANEIRAS,6xmqe
TRAVESSA BANGLADESH,6xmq
TRAVESSA BANGU,6xmq6
TRAVESSA BARBOSA,6xmqf
TRAVESSA BARCELONA,6xmq6
TRAVESSA BARCELOS,6xmq6
TRAVESSA BARRA BONITA,6xmq
TRAVESSA BARRA CHUÍ,6xmq
TRAVESSA BARRALANDIA,6xm
TRAVESSA BARREIRINHA,6xmqe
TRAVESSA BARRETOS,6xmqe
TRAVESSA BARROCAS,6xmqe
TRAVESSA BARUERI,6xmq
TRAVESSA BARÃO DE INDAIÁ,6xmq
TRAVESSA BARÃO DE LADÁRIO,6xmq
TRAVESSA BARÃO DE MARIUÁ,6xmq
TRAVESSA BARÃO DO PARÁ,6xmqe
TRAVESSA BATATAIS,6xmq
TRAVESSA BATISTA,6xmq
TRAVESSA BATISTA CAMPOS,6xmq6
TRAVESSA BAURU,6xmqe
TRAVESSA BAVIERA,6xmq6
TRAVESSA BAVIUA,6xmqf
TRAVESSA BEATRIZ PORTINARI,6xmq6
TRAVESSA BEBERIBE,6xmqe
TRAVESSA BEGÔNIA,6xmqe
TRAVESSA BEIJA FLOR,6xmqf
TRAVESSA BEIRA RIO,6xmq
TRAVESSA BELA VISTA,6xmq
TRAVESSA BELEM,6xmq3
TRAVESSA BELGRADO,6xmq
TRAVESSA BELMIRO BALBINO,6xmqf
TRAVESSA BELMIRO COSTA,6xmq
TRAVESSA BELTERRA,6xmqf
TRAVESSA BEM TI VI,6xmqf
TRAVESSA BEM VIVER,6xmqg
TRAVESSA BENAYON,6xmq3
TRAVESSA BENEDITA TAPAJÓS,6xmqe
TRAVESSA BENJOIN,6xm
TRAVESSA BENTIVO,6xmq
TRAVESSA BENTONITA,6xmqe
TRAVESSA BERBIGÃO,6xmq
TRAVESSA BERNARDINO SENA,6xmq
TRAVESSA BERNARDO ELIS,6xmq3
TRAVESSA BERQUELIO,6xmq3
TRAVESSA BERTINO MIRANDA,6xmq
TRAVESSA BERURI,6xmq
TRAVESSA BERÍLIO,6xm
TRAVESSA BETÂNIA,6xmq
TRAVESSA BICA,6xmqg
TRAVESSA BIRMINGHAN,6xmqe
TRAVESSA BISPO DE HEBRON,6xmq
TRAVESSA BOA ESPERANÇA,6xmq
TRAVESSA BOA NOVA,6xmqe
TRAVESSA BOA VISTA,6xmq
TRAVESSA BOA VISTA DO RAMOS,6xmq
TRAVESSA BOAS NOVAS,6xmq
TRAVESSA BOCA DO ACRE,6xmq
TRAVESSA BOGARI,6xmqe
TRAVESSA BOIPEVA,6xm
TRAVESSA BOITUVA,6xmqe
TRAVESSA BOLIVIA,6xmqf
TRAVESSA BOM PASTOR,6xmq
TRAVESSA BONDADE,6xmqg
TRAVESSA BONFIM,6xmqe
TRAVESSA BONS AMIGOS,6xmq
TRAVESSA BONSAI,6xmqe
TRAVESSA BORBA,6xmq
TRAVESSA BORBOREMA,6xmqe
TRAVESSA BOREAL,6xmqe
TRAVESSA BORGONHA,6xmq
TRAVESSA BORRAZOPÓLIS,6xmqe
TRAVESSA BOTELHOS,6xmqe
TRAVESSA BOÊMIA,6xmq
TRAVESSA BRAGA,6xmqe
TRAVESSA BRAHMS,6xmq6
TRAVESSA BRAS CUBAS,6xmq6
TRAVESSA BRASIL,6xmq
TRAVESSA BRASILIANA,6xmqe
TRAVESSA BRASILÉIA,6xmq6
TRAVESSA BRAVO,6xmqe
TRAVESSA BRAÚNA,6xmqe
TRAVESSA BRITÂNIA,6xmqe
TRAVESSA BRUNEI,6xmqg
TRAVESSA BRUSQUE,6xmqe
TRAVESSA BUENO,6xmqf
TRAVESSA BUERAREMA,6xmqe
TRAVESSA BULHÃO PATO,6xmq3
TRAVESSA BURSA,6xmqf
TRAVESSA BUTIA,6xmqe
TRAVESSA BÁRIO,6xmq3
TRAVESSA BÚZIOS,6xmqg
TRAVESSA CAAPIRANGA,6xmq
TRAVESSA CAAPÓ,6xmqe
TRAVESSA CABO HORN,6xmqe
TRAVESSA CABO VERDE,6xmqe
TRAVESSA CABRAL,6xmq
TRAVESSA CABURI,6xmqf
TRAVESSA CABUÇU,6xmq
TRAVESSA CACAU,6xmq
TRAVESSA CACAU PIRÊRA,6xmqf
TRAVESSA CACHOEIRA ALTA,6xmq
TRAVESSA CACOAL,6xmqe
TRAVESSA CACTO AZUL,6xm
TRAVESSA CAETES,6xmqe
TRAVESSA CAFEARA,6xmqe
TRAVESSA CAFEZAL,6xmqe
TRAVESSA CAIAPÓ,6xmqf
TRAVESSA CAIBATÉ,6xmqe
TRAVESSA CAICO,6xmqe
TRAVESSA CAINÃ,6xmqg
TRAVESSA CAIRÉ,6xmqe
TRAVESSA CAITUTU,6xmqe
TRAVESSA CAIÇARA,6xmqe
TRAVESSA CAJATI,6xmqe
TRAVESSA CAJOBI,6xmqe
TRAVESSA CAJÁ MIRIM,6xmqf
TRAVESSA CALDAS,6xmqe
TRAVESSA CALDEU,6xmq
TRAVESSA CALÊNDULA,6xmqg
TRAVESSA CAMACAN,6xmqe
TRAVESSA CAMAPUÃ,6xmqf
TRAVESSA CAMAQUÃ,6xmqg
TRAVESSA CAMARA,6xmq
TRAVESSA CAMARGOS,6xmq
TRAVESSA CAMARU,6xmq
TRAVESSA CAMAÇARI,6xmq
TRAVESSA CAMBIXE,6xmq
TRAVESSA CAMBRAIA,6xmq
TRAVESSA CAMBUCI,6xmqf
TRAVESSA CAMELO,6xmq3
TRAVESSA CAMETA,6xmqg
TRAVESSA CAMILA NORONHA,6xmq
TRAVESSA CAMILO PESSANHA,6xmq3
TRAVESSA CAMOCIM,6xmq
TRAVESSA CAMOMILA,6xmqg
TRAVESSA CAMOURA,6xmq
TRAVESSA CAMPECHE,6xmqg
TRAVESSA CAMPINAS,6xmqg
TRAVESSA CAMPO ALEGRE,6xmq
TRAVESSA CAMPOS,6xmq
TRAVESSA CAMPOS SALES,6xmq3
TRAVESSA CAMUMU,6xmqe
TRAVESSA CAMÉLIA,6xmq
TRAVESSA CANANORE,6xmq6
TRAVESSA CANARANA,6xmqg
TRAVESSA CANARINHO,6xm
TRAVESSA CANDEIAS,6xmqg
TRAVESSA CANDIBA,6xmqg
TRAVESSA CANELINA,6xmq
TRAVESSA CANGERANA,6xmq
TRAVESSA CANILHA,6xmq
TRAVESSA CANTAREIRAS,6xmqf
TRAVESSA CANUTAMA,6xmq
TRAVESSA CANÓPOLIS,6xmq
TRAVESSA CAPELA,6xmq3
TRAVESSA CAPIM DOURADO,6xmq
TRAVESSA CAPITU,6xmqg
TRAVESSA CAPITÃO RAIMUNDO TAPAJÓS,6xmqe
TRAVESSA CARABUCU,6xmq
TRAVESSA CARAJURU,6xmq
TRAVESSA CARANGUEIJO,6xmq
TRAVESSA CARAPIA,6xm
TRAVESSA CARARA,6xmq
TRAVESSA CARAUARI,6xmqf
TRAVESSA CARBONEIRA,6xmqe
TRAVESSA CARDINAL,6xmqf
TRAVESSA CARDOSO,6xmq3
TRAVESSA CARDOSO NUNES,6xmq6
TRAVESSA CAREAU,6xmqg
TRAVESSA CAREIRO,6xmqe
TRAVESSA CARIACICA,6xmqe
TRAVESSA CARIRA,6xmqe
TRAVESSA CARLOS ARAÚJO,6xmq
TRAVESSA CARLOS DE ALMEIDA,6xmq6
TRAVESSA CARLOS GALHARDO,6xmqe
TRAVESSA CARLOS GOMES,6xmq
TRAVESSA CARLOS GONZAGA,6xmq
TRAVESSA CARLOS IV,6xmq6
TRAVESSA CARLOS LECOR,6xmq6
TRAVESSA CARLOS LUZ,6xmq
TRAVESSA CARLOS MACHADO,6xmq
TRAVESSA CARLOS NELSON,6xmq
TRAVESSA CAROEBE,6xmq
TRAVESSA CAROLINA,6xmq
TRAVESSA CARPINA,6xmq
TRAVESSA CARPINEIRA,6xmq
TRAVESSA CARQUEMIS,6xmqf
TRAVESSA CARUCAÁ,6xmq
TRAVESSA CARURU,6xmq
TRAVESSA CARVALHO,6xmq6
TRAVESSA CASABLANCA,6xmq
TRAVESSA CASCAIS,6xmq
TRAVESSA CASCAVEL,6xmqe
TRAVESSA CASSIANO RICARDO,6xmq3
TRAVESSA CASTANHEIRA,6xmq
TRAVESSA CASTELO BRANCO,6xmq
TRAVESSA CASTRO,6xmqe
TRAVESSA CASTRO ALVES,6xmq
TRAVESSA CASTRO LEITE,6xmq
TRAVESSA CATAR,6xmq
TRAVESSA CATENDE,6xmqe
TRAVESSA CATIGUÁ,6xmqe
TRAVESSA CATÂNIA,6xmqg
TRAVESSA CAXIAS,6xmqe
TRAVESSA CAXIUANÃ,6xmq
TRAVESSA CECI,6xmqe
TRAVESSA CECÍLIA MEIRELES,6xmq
TRAVESSA CEDRINHO,6xmqe
TRAVESSA CEDRO,6xmqe
TRAVESSA CEDRORAMA,6xmqe
TRAVESSA CEILÂNDIA,6xmqe
TRAVESSA CELEBRIDADE,6xmq
TRAVESSA CELESTINO,6xmq6
TRAVESSA CELIO POTIGUARA,6xmq
TRAVESSA CELSO HADDAD,6xmq
TRAVESSA CELSO MACHADO,6xmq
TRAVESSA CESARÉIA,6xmqg
TRAVESSA CHACAL,6xmqf
TRAVESSA CHACO,6xmq3
TRAVESSA CHACRONA,6xmq
TRAVESSA CHAPECO,6xmqe
TRAVESSA CHARLES BRITO,6xmqe
TRAVESSA CHARLES CHAPLIN,6xmqe
TRAVESSA CHARLES TAYLOR,6xmq
TRAVESSA CHIPRE,6xmq
TRAVESSA CHOCO,6xmq
TRAVESSA CHUMBO,6xmq
TRAVESSA CIDRA,6xmq
TRAVESSA CILÉIA,6xmqf
TRAVESSA CINE EDEN,6xmq6
TRAVESSA CIPRIANO COSTA,6xmq
TRAVESSA CIPÓ,6xmqe
TRAVESSA CIPÓ ALHO,6xmq
TRAVESSA CIRANDA,6xmq
TRAVESSA CLARIVAL VALADADRES,6xmq3
TRAVESSA CLAUDIA,6xmqe
TRAVESSA CLAUDIA MAGNO,6xmqg
TRAVESSA CLAUDIO MESQUITA,6xmq6
TRAVESSA CLETO RAPOSO DA CAMARA,6xmqg
TRAVESSA CLÁUDIO AQUILES,6xmq3
TRAVESSA COARACI,6xmqe
TRAVESSA COBRE,6xmq
TRAVESSA COCUERA,6xmqe
TRAVESSA CODISBURGO,6xmq
TRAVESSA CODO,6xmqe
TRAVESSA COLER PORTER,6xmq
TRAVESSA COLIBRI,6xm
TRAVESSA COLOMITA,6xmq
TRAVESSA COLUMBITA,6xmq
TRAVESSA COLÔMBIA,6xmqf
TRAVESSA COMANDANTE  REMÉDIOS,6xmq
TRAVESSA COMANDANTE FERRAZ,6xmq
TRAVESSA COMANDANTE FONTOURA,6xmqe
TRAVESSA COMANDANTE PAULO VARELLA,6xmq
TRAVESSA COMENDADOR CLEMENTINO,6xmq
TRAVESSA COMUNA,6xmq
TRAVESSA CONCEIÇÃO DO NORTE,6xmq
TRAVESSA CONCIOLÂNDIA,6xmqe
TRAVESSA CONDE,6xmqe
TRAVESSA CONDE DE IRAJÁ,6xmq
TRAVESSA CONDE DE ITAGUAI,6xmq
TRAVESSA CONDE DO PRADO,6xmqe
TRAVESSA CONDOR,6xmqe
TRAVESSA CONGONHAS,6xmqe
TRAVESSA CONSAGRACAO,6xmqf
TRAVESSA CONSOLATA,6xmq
TRAVESSA CONSTELAÇÃO DE ANDRÔMEDA,6xmq6
TRAVESSA CONSTÂNCIA,6xmq
TRAVESSA CONTENDA,6xmqe
TRAVESSA CONVAIR,6xmq
TRAVESSA CORBÉLIA,6xmqe
TRAVESSA CORDEIROS,6xmqg
TRAVESSA CORDILINE VERDE,6xmq
TRAVESSA COREAU,6xmqe
TRAVESSA COREMAS,6xmqe
TRAVESSA CORINDON,6xmqe
TRAVESSA CORINTO,6xmq
TRAVESSA COROADOS,6xmqg
TRAVESSA COROMBIARA,6xmqf
TRAVESSA CORONEL FERREIRA SOBRINHO,6xmq6
TRAVESSA CORREIAS,6xmqg
TRAVESSA CORUINA,6xm
TRAVESSA CORUMBA,6xmqg
TRAVESSA CORUPA,6xmqg
TRAVESSA COSTA,6xmq
TRAVESSA COSTA  MARQUES,6xmq
TRAVESSA COSTA RICA,6xmq
TRAVESSA CRASSO,6xm
TRAVESSA CRATO,6xmqg
TRAVESSA CRETA,6xmq
TRAVESSA CRICIÚMA,6xmq3
TRAVESSA CRIMÉIA,6xmq
TRAVESSA CRISPIM DO AMARAL,6xmqf
TRAVESSA CRISTAL,6xmqe
TRAVESSA CRISTIANO OTONI,6xmq6
TRAVESSA CRISTO REI,6xmq
TRAVESSA CRISÂNTEMO,6xmqg
TRAVESSA CRISÓLITA,6xm
TRAVESSA CROACIA,6xmqg
TRAVESSA CRUZ E SOUZA,6xmq
TRAVESSA CULLINAM,6xm
TRAVESSA CUMARI,6xmq
TRAVESSA CUMBUCO,6xmqf
TRAVESSA CUPIÚBA,6xmq
TRAVESSA CUPUAÇU,6xmq
TRAVESSA CURIATO,6xmq
TRAVESSA CURIO CATARINA,6xm
TRAVESSA CURIO TIMBIRA,6xm
TRAVESSA CURIO VITEU,6xm
TRAVESSA CURRUPIÃO,6xm
TRAVESSA CUSTÓDIA,6xmqe
TRAVESSA CYCA,6xm
TRAVESSA CÁCERES,6xmqe
TRAVESSA CÁRITAS,6xmq
TRAVESSA CÉSAR DIAS,6xmqf
TRAVESSA CÉSAR TAVARES,6xmqf
TRAVESSA CÉU AZUL,6xmq6
TRAVESSA DA AMIZADE,6xmq
TRAVESSA DA CACHOEIRA,6xmq
TRAVESSA DA DICA,6xmq
TRAVESSA DA ESCOLA,6xmq
TRAVESSA DA ESTRELA,6xm
TRAVESSA DA GÁVEA,6xmq
TRAVESSA DA HORTA,6xmq
TRAVESSA DA INDEPENDÊNCIA,6xmq3
TRAVESSA DA LIBERDADE,6xmq3
TRAVESSA DA PAZ,6xmq
TRAVESSA DA PLATINA,6xmq
TRAVESSA DA PRATA,6xmq
TRAVESSA DA SALVAÇÃO,6xmq
TRAVESSA DA SAUDADE,6xmq
TRAVESSA DA SERRARIA,6xmq
TRAVESSA DAMASCO,6xmqg
TRAVESSA DANIEL BOVET,6xmq
TRAVESSA DANIEL DE ARAÚJO,6xmq6
TRAVESSA DANIELA PEREZ,6xmqg
TRAVESSA DARCY VARGAS,6xmq6
TRAVESSA DAS ABACABEIRAS,6xmq
TRAVESSA DAS ACACIAS,6xmq
TRAVESSA DAS AMARILIS,6xmq
TRAVESSA DAS AMETISTAS,6xmq6
TRAVESSA DAS ANDIROBAS,6xmq
TRAVESSA DAS ARARAS,6xm
TRAVESSA DAS BONINAS,6xmq
TRAVESSA DAS BULGÁRIAS,6xmq
TRAVESSA DAS CASTANHEIRAS,6xmq
TRAVESSA DAS DÁLIAS,6xmq
TRAVESSA DAS GRAÚNAS,6xmqg
TRAVESSA DAS IMBUIAS,6xmqe
TRAVESSA DAS LARANJEIRAS,6xmq
TRAVESSA DAS MAGNÓLIAS,6xmq
TRAVESSA DAS MARGARIDAS,6xmq
TRAVESSA DAS MONTANHAS,6xmqf
TRAVESSA DAS MONÇÕES,6xmqe
TRAVESSA DAS MURUSÁCEAS,6xmq
TRAVESSA DAS NAÇÕES,6xmq
TRAVESSA DAS SAMAMBAIAS,6xmq
TRAVESSA DAS SAPUCAIAS,6xm
TRAVESSA DAS SÁLVIAS,6xmq
TRAVESSA DAS VINCAS,6xmq
TRAVESSA DAS ZINIAS,6xmq
TRAVESSA DAVID,6xmq
TRAVESSA DAVID NASSER,6xmq6
TRAVESSA DEBUSSY,6xmq6
TRAVESSA DELEGADO ZE LIMA,6xmq
TRAVESSA DELTA,6xmqf
TRAVESSA DENISE TRINDADE,6xmq3
TRAVESSA DENTE DE LEÃO,6xmq
TRAVESSA DERCY GONCALVES,6xmq6
TRAVESSA DERCY GONÇALVES,6xmq6
TRAVESSA DESEMBARGADOR  ARTHUR VIRGÍLIO,6xmq3
TRAVESSA DESEMBARGADOR FILISMINO SOARES,6xmq
TRAVESSA DESEMBARGADOR GASPAR GUIMARÃES,6xmq6
TRAVESSA DEWAS,6xm
TRAVESSA DIACUI,6xmqe
TRAVESSA DIACUY,6xmq
TRAVESSA DIACY,6xmq
TRAVESSA DIANA,6xmqg
TRAVESSA DICK FARNEY,6xmqe
TRAVESSA DIOGO DINIZ,6xmqe
TRAVESSA DJALMA DUTRA,6xmq6
TRAVESSA DO AMPARO,6xmq6
TRAVESSA DO CAXANGÁ,6xmq
TRAVESSA DO COBRE,6xmq
TRAVESSA DO COMÉRCIO,6xmq
TRAVESSA DO CRUZEIRO,6xmq6
TRAVESSA DO IPASE,6xmq3
TRAVESSA DO LEITE,6xmq6
TRAVESSA DO MATO,6xmq3
TRAVESSA DO MOISÉS,6xmq6
TRAVESSA DO OURO,6xmq
TRAVESSA DO PAULO,6xmq
TRAVESSA DO PLATOR,6xmq3
TRAVESSA DO POMAR,6xm
TRAVESSA DO QUARENTA,6xmq
TRAVESSA DO ROSÁRIO,6xmq
TRAVESSA DO SERINGAL,6xmq
TRAVESSA DOIS IRMÃOS,6xmq
TRAVESSA DOM BASÍLIO PEREIRA,6xm
TRAVESSA DOM BOSCO,6xmq
TRAVESSA DOM HENRIQUE,6xmq6
TRAVESSA DOM JOÃO DA MATA,6xmq6
TRAVESSA DOM MACÊDO COSTA,6xmq
TRAVESSA DOM MANUEL,6xm
TRAVESSA DOM SEBASTIÃO,6xm
TRAVESSA DOMICIO DOS SANTOS,6xmqe
TRAVESSA DOMINICA,6xmq
TRAVESSA DONA JUDITH,6xmq
TRAVESSA DONA MARIA LEOPOLDINA,6xmq6
TRAVESSA DONGA,6xm
TRAVESSA DORADINHA,6xmq
TRAVESSA DORALISE RODRIGUES,6xmq6
TRAVESSA DOS ANJOS,6xmq
TRAVESSA DOS ATOS,6xmqf
TRAVESSA DOS BANIBAS,6xmq6
TRAVESSA DOS BRONZES,6xmq
TRAVESSA DOS CACTUS,6xmq
TRAVESSA DOS CAIAUÉS,6xmq
TRAVESSA DOS CEDROS,6xmq
TRAVESSA DOS CISSOS,6xmq
TRAVESSA DOS CRAVOS,6xmqe
TRAVESSA DOS DIAMANTES,6xmq
TRAVESSA DOS EMBOABAS,6xmq3
TRAVESSA DOS FRANCESES,6xmq
TRAVESSA DOS GRANITOS,6xmq
TRAVESSA DOS HENRIQUES,6xmq6
TRAVESSA DOS LEOES,6xm
TRAVESSA DOS MANAÓS,6xmq6
TRAVESSA DOS MARACANÃS,6xmqg
TRAVESSA DOS MARAJÁS,6xmq
TRAVESSA DOS OITIS,6xmq
TRAVESSA DOS ONIX,6xmq6
TRAVESSA DOS PASSÉS,6xmq6
TRAVESSA DOS PAUSSANDROS,6xmq
TRAVESSA DOS TUCUMAS,6xmq
TRAVESSA DOS UNIDOS,6xmqe
TRAVESSA DOUTOR  ALCÂNTARA  BACELLAR,6xmq6
TRAVESSA DOUTOR  AURÉLIO PINHEIRO,6xmq
TRAVESSA DOUTOR ALFREDO DA MATA,6xmq3
TRAVESSA DOUTOR ANTERO DE REZENDE,6xmq
TRAVESSA DOUTOR EDGAR MACEDO,6xmq
TRAVESSA DOUTOR GILDO MATOS,6xmq6
TRAVESSA DOUTOR MAGALHÃES CORDEIRO,6xmq
TRAVESSA DOUTOR MICRAN,6xmq
TRAVESSA DR. JÚLIO LIMA,6xmq
TRAVESSA DR. MICRAN,6xmq6
TRAVESSA DUBLIM,6xmq
TRAVESSA DUQUE DE WINDSOR,6xmq3
TRAVESSA DURVAL PORTO,6xmq6
TRAVESSA DURVAL PUROENTOL,6xmqg
TRAVESSA DÁRIO MELO,6xmq 6xmq3
TRAVESSA EDILA PEREIRA,6xmq
TRAVESSA EDIMBURGO,6xmq3
TRAVESSA EDUARDO GOMES,6xmqg
TRAVESSA EGITO,6xmq
TRAVESSA EIFFEL,6xmq6
TRAVESSA ELISA LISPECTOR,6xmq
TRAVESSA ELIZABETH I,6xmqf
TRAVESSA EMBAÚBA BRANCA,6xmqf
TRAVESSA EMILE ZOLÁ,6xmq3
TRAVESSA EMILIANO DI CAVALCANTI,6xmq6
TRAVESSA ENCHOVA,6xm
TRAVESSA ENDRO,6xmq
TRAVESSA ENEDINA M. MUNIZ,6xmqf
TRAVESSA ENEIDA LUZIA,6xmq
TRAVESSA ERIDÚ,6xm
TRAVESSA ERISBE,6xm
TRAVESSA ERNESTINA DE CASTRO,6xmq
TRAVESSA ERNESTO MILLE,6xmq
TRAVESSA ERVA CIDREIRA,6xmq
TRAVESSA ERVA MOURA,6xmq
TRAVESSA ERVA SANTA,6xmqe
TRAVESSA ESAÚ,6xmqf
TRAVESSA ESMERALDA SANTOS,6xmq3
TRAVESSA ESMIRNA,6xmqf
TRAVESSA ESPERANÇA,6xmqf
TRAVESSA ESPIGÃO DO OESTE,6xmq
TRAVESSA ESPÍRITO SANTO,6xmq6
TRAVESSA ESQUADRÃO GORDO,6xmq
TRAVESSA ESTRELA DA TARDE,6xmq
TRAVESSA ESTRÊLA SÍRIUS,6xmq6
TRAVESSA ESTÁCIO DE SÁ,6xmqf
TRAVESSA EULALIO CHAVES,6xmq
TRAVESSA EURÓPIO,6xmq3
TRAVESSA EUSTÁQUIO,6xmq6
TRAVESSA EVALDO BRAGA,6xmq
TRAVESSA EVARISTO DA VEIGA,6xmq3
TRAVESSA EXÔDO,6xmq6
TRAVESSA FAGUNDES VARELA,6xmq3
TRAVESSA FAISÃO,6xmq
TRAVESSA FARIAS,6xmq
TRAVESSA FARTURA,6xmqg
TRAVESSA FAVEIRO,6xmqf
TRAVESSA FEIJÓ,6xmqg
TRAVESSA FELIPE DE OLIVEIRA,6xmq
TRAVESSA FELIZ,6xmqg
TRAVESSA FERNANDA GAMA,6xmq6
TRAVESSA FERNANDO CRUZ,6xmq
TRAVESSA FERNANDO CÓRDOVA,6xmq
TRAVESSA FERNANDO DE NORONHA,6xmqf
TRAVESSA FERROS,6xmqg
TRAVESSA FIDALGO,6xmqg
TRAVESSA FLOR DE BAILE,6xm
TRAVESSA FLOR DE CERA,6xmq
TRAVESSA FLOR DE PEDRA,6xmq
TRAVESSA FLOR DE PÉROLAS,6xm
TRAVESSA FLOR DO NORTE,6xm
TRAVESSA FLOR PRATEADA,6xm
TRAVESSA FLORAI,6xmqg
TRAVESSA FLORES,6xmq
TRAVESSA FLÁVIO CALVACANTE,6xmqe
TRAVESSA FOLHA DA SERRA,6xm
TRAVESSA FOLHA DOURADA,6xm
TRAVESSA FONTE BOA,6xmq
TRAVESSA FORTALEZA,6xmq
TRAVESSA FRAGATA,6xmq6
TRAVESSA FRANCEVILLE,6xmq3
TRAVESSA FRANCISCA MORAES,6xmq
TRAVESSA FRANCISCO ALVES,6xmq
TRAVESSA FRANCISCO BELTRAO,6xmq
TRAVESSA FRANCISCO CANIDÉ,6xmq
TRAVESSA FRANCISCO ORELANA,6xmq3
TRAVESSA FRANCO LMA,6xmqe
TRAVESSA FRANKLIN ROOSEVELT,6xmq
TRAVESSA FREI CANECA,6xmq
TRAVESSA FREI FRANCISCO SAMPAIO,6xmq6
TRAVESSA FREI LORENÇO,6xmq
TRAVESSA FRÉSIA,6xm
TRAVESSA FURNAS,6xmq
TRAVESSA FÊNIX,6xmqg
TRAVESSA GABRIEL,6xmq
TRAVESSA GALEÃO,6xmq
TRAVESSA GALVÃO,6xmqg
TRAVESSA GAMA,6xmqg
TRAVESSA GAMALIEL,6xmq
TRAVESSA GAMELEIRA,6xmq
TRAVESSA GARCIA REZENDE,6xmq
TRAVESSA GARDÊNEAS,6xmq
TRAVESSA GARUVA,6xmqg
TRAVESSA GASPAR,6xmqg
TRAVESSA GASTÃO VIDIGAL,6xmqg
TRAVESSA GAVIÃO BELO,6xmqe
TRAVESSA GENCIANA,6xm
TRAVESSA GENERAL CARNEIRO,6xmq6
TRAVESSA GEORGETOWN,6xmq
TRAVESSA GERIBÁ,6xmqf
TRAVESSA GERIFALTE,6xmq
TRAVESSA GERIM,6xmq
TRAVESSA GERMANOS,6xmq
TRAVESSA GERMÂNIO,6xmq3
TRAVESSA GERÂNIO,6xmqf
TRAVESSA GETÚLIO VARGAS,6xmq6
TRAVESSA GIDEÔNI,6xmq
TRAVESSA GIJU,6xmq
TRAVESSA GIL VICENTE,6xmq3
TRAVESSA GILBERTO ALVES,6xmq6
TRAVESSA GIRASSOL,6xmq
TRAVESSA GIRONDA,6xmqg
TRAVESSA GIZÉ,6xmqg
TRAVESSA GLACÊ,6xmqf
TRAVESSA GLÍCINIA,6xmq
TRAVESSA GOIÁS,6xmqg
TRAVESSA GOIÂNIA,6xmq
TRAVESSA GOLBERY,6xmq
TRAVESSA GOLFO DA FLORIDA,6xmq
TRAVESSA GOMES,6xmq
TRAVESSA GONCALVES DIAS,6xmq3
TRAVESSA GONZAGA DUQUE,6xmq6
TRAVESSA GOVERNADOR DANILO MATOS AREOSA,6xmq
TRAVESSA GOVERNADOR FRAGOSO MONTEIRO,6xmq
TRAVESSA GOVERNADOR GILBERTO MESTRINHO,6xmq
TRAVESSA GRAJAÚ,6xmqe
TRAVESSA GRANADAS,6xmq
TRAVESSA GRANDE OTELO,6xmq
TRAVESSA GREGÓRIO DE MATOS,6xmq
TRAVESSA GRETA CARBO,6xmq6
TRAVESSA GRÉCIA,6xmq
TRAVESSA GUACO,6xmq
TRAVESSA GUADALUPE,6xmq
TRAVESSA GUAIRIA,6xmqe
TRAVESSA GUAIÇARA,6xmqf
TRAVESSA GUAMARÉ,6xmqe
TRAVESSA GUANABARA,6xmq
TRAVESSA GUANANOI,6xmqf
TRAVESSA GUAPIARA,6xmqe
TRAVESSA GUAPIAÇU,6xmqe
TRAVESSA GUAPO,6xmq
TRAVESSA GUARACIABA,6xmqg
TRAVESSA GUARANY,6xmq6
TRAVESSA GUARAÍ,6xmq
TRAVESSA GUARCI,6xmqe
TRAVESSA GUARI,6xmq
TRAVESSA GUARÁ,6xmqf
TRAVESSA GUAÍRA,6xmq
TRAVESSA GUIMARÃES PASSOS,6xmqg
TRAVESSA GUSTAVO CAPANEMA,6xmq
TRAVESSA GUSTAVO SAMPAIO,6xmq
TRAVESSA GÁLATAS,6xmq
TRAVESSA H. C. SANTANA,6xmq
TRAVESSA HAITI,6xmq
TRAVESSA HARPIA,6xm
TRAVESSA HEITOR DOS PRAZERES,6xmq3
TRAVESSA HELIODORO BALBI,6xmq
TRAVESSA HELISIANE PAMPOLHA DOS SANTOS,6xmq
TRAVESSA HEMETÉRIO CABRINHA,6xmq
TRAVESSA HENRIQUE ARCHER PINTO,6xmq
TRAVESSA HERCULANO DE CASTRO,6xmq6
TRAVESSA HERODES,6xmqg
TRAVESSA HICSOS,6xmq
TRAVESSA HIDELBRANDO ANTONY,6xmq
TRAVESSA HIDROLINA,6xmqg
TRAVESSA HILDA CUNHA,6xmqg
TRAVESSA HORTA,6xmq3
TRAVESSA HUASCAR ANGELIN,6xmq6
TRAVESSA HUMAITÁ,6xmq
TRAVESSA HUMBERTO DE CAMPOS,6xmq3
TRAVESSA HUMILDES,6xmqg
TRAVESSA IACI,6xmqf
TRAVESSA IAÇU,6xmqf
TRAVESSA IAÇÁ,6xmq
TRAVESSA IBAITI,6xmqf
TRAVESSA IBIARA,6xmqf
TRAVESSA IBIPEBA,6xmq
TRAVESSA IBIRAPUÃ,6xmqe
TRAVESSA IBIRATAIA,6xmqe
TRAVESSA IBITINGA,6xmqe
TRAVESSA IBÍS,6xmq
TRAVESSA ICÓ,6xmqe
TRAVESSA IGARA,6xmq3
TRAVESSA IGARAPÉ PRETO,6xmq
TRAVESSA IGUAPE,6xmqe
TRAVESSA IGUATU,6xmq
TRAVESSA ILHA DE PÁSCOA,6xmq
TRAVESSA ILHA DO BAXIO,6xmq
TRAVESSA IMARUI,6xmqe
TRAVESSA IMBAU,6xmqe
TRAVESSA IMBAÚBA,6xmq
TRAVESSA IMBE,6xmqe
TRAVESSA IMBITUBA,6xmqe
TRAVESSA INAJÁ,6xmqf
TRAVESSA INCONFIDÊNCIA,6xmq6
TRAVESSA INDAIAL,6xmqe
TRAVESSA INDEPENDENCIA,6xmq
TRAVESSA INGARICÓ,6xmqe
TRAVESSA INGAZEIRA,6xmq
TRAVESSA INGÁ,6xmq
TRAVESSA INHAMBUQUE,6xmqe
TRAVESSA INHAPIM,6xmq
TRAVESSA INHUMA,6xmqe
TRAVESSA INOA,6xmqe
TRAVESSA IPAMERI,6xmqe
TRAVESSA IPECUMIRIM,6xmqe
TRAVESSA IPEQUI,6xmqe
TRAVESSA IPIAÇÚ,6xmq
TRAVESSA IPIRANGA,6xmq3
TRAVESSA IPÊ,6xmq
TRAVESSA IPÊ AMARELO,6xmq
TRAVESSA IPÊ BRANCO,6xmq
TRAVESSA IPÊ DO IGAPÓ,6xmq
TRAVESSA IRACEMA,6xmq
TRAVESSA IRAPURÁ,6xmqe
TRAVESSA IRAQUARA,6xmq
TRAVESSA IRAÍ,6xmqe
TRAVESSA IRIANEÓPOLIS,6xmqg
TRAVESSA IRIRU,6xmqg
TRAVESSA IRLANDA,6xmq
TRAVESSA IRMA CLEUSA,6xm
TRAVESSA IRMA HELENA,6xmq
TRAVESSA IRMA NEUZA,6xm
TRAVESSA IRMÃ LETÍCIA,6xmq3
TRAVESSA ISAAC BENZECRY,6xmq6
TRAVESSA ISLÂNDIA,6xmqg
TRAVESSA ISTAMBUL,6xm
TRAVESSA ITABELA,6xmqg
TRAVESSA ITABERINHA,6xmq
TRAVESSA ITABERUNA,6xmqf
TRAVESSA ITACOLOMI,6xmq
TRAVESSA ITAETÉ,6xmqe
TRAVESSA ITAGIBAR,6xmqe
TRAVESSA ITAGUAÍ,6xmqg
TRAVESSA ITAIBA,6xmqg
TRAVESSA ITAIOCABA,6xmqg
TRAVESSA ITAIPU,6xmqe
TRAVESSA ITAITUBA,6xmqg
TRAVESSA ITAIÇABA,6xmq
TRAVESSA ITAJAÍ,6xmqe
TRAVESSA ITAJI,6xmqg
TRAVESSA ITAJUBÁ,6xmq3
TRAVESSA ITAMARI,6xmqg
TRAVESSA ITAMBI,6xmq
TRAVESSA ITANGA,6xmq
TRAVESSA ITANHOMI,6xmqg
TRAVESSA ITAOCARA,6xmqg
TRAVESSA ITAPARÁ,6xmq
TRAVESSA ITAPEMA,6xmqe
TRAVESSA ITAPETINGA,6xmqe
TRAVESSA ITAPITANGA,6xmq3
TRAVESSA ITAPOLES,6xmqe
TRAVESSA ITAPURANGA,6xmq
TRAVESSA ITAPUÁ DO OESTE,6xmq
TRAVESSA ITAQUARA,6xmqe
TRAVESSA ITAQUI,6xmqe
TRAVESSA ITARARÉ,6xmqe
TRAVESSA ITAREMA,6xmq
TRAVESSA ITARIRI,6xmqg
TRAVESSA ITATIARA,6xmq
TRAVESSA ITATINS,6xmqg
TRAVESSA ITAUM,6xmqe
TRAVESSA ITAUÇU,6xmqg
TRAVESSA ITAVUVU,6xmqg
TRAVESSA ITAÚBA,6xmq
TRAVESSA ITIRAPUÃ,6xmqg
TRAVESSA ITUAÇU,6xmqg
TRAVESSA ITUBERA,6xmqg
TRAVESSA ITUI,6xmqe
TRAVESSA ITÉRBIO,6xmq3
TRAVESSA IUNA,6xmqe
TRAVESSA IVATUBA,6xmqe
TRAVESSA IVOTI,6xmqe
TRAVESSA IXORA,6xmqg
TRAVESSA JABOIRANAS,6xmq
TRAVESSA JACI,6xmqe
TRAVESSA JACIRA REIS,6xmq3
TRAVESSA JACOBINA,6xmq
TRAVESSA JACUI,6xmqe
TRAVESSA JACURUTU,6xm
TRAVESSA JACÓ,6xmqf
TRAVESSA JADE,6xmq6
TRAVESSA JADEITA,6xmq
TRAVESSA JAFE,6xm
TRAVESSA JAFRA LEBRON,6xmqg
TRAVESSA JAGUARETÊ,6xmqf
TRAVESSA JAGUARUANA,6xmqe
TRAVESSA JAGUARÃO,6xmqe
TRAVESSA JAIME BRASIL,6xmq3
TRAVESSA JAIME CRUZ,6xmqg
TRAVESSA JALES,6xmqe
TRAVESSA JAMBO,6xmqf
TRAVESSA JAMES DEAN,6xmq6
TRAVESSA JANAMBA,6xmq
TRAVESSA JANGADEIRO,6xmq3
TRAVESSA JANUARY,6xmqf
TRAVESSA JANUÁRIA,6xmq
TRAVESSA JAPÃO,6xmq
TRAVESSA JARAQUI,6xmq
TRAVESSA JARDINS DO SUL,6xmq3
TRAVESSA JARINU,6xmqe
TRAVESSA JARÚ,6xmq
TRAVESSA JATAI,6xmqe
TRAVESSA JAÇANÃ,6xmqe
TRAVESSA JEREMOABO,6xmq
TRAVESSA JERIBÁ,6xmqf
TRAVESSA JERIMUM,6xmqf
TRAVESSA JI PARANÁ,6xmq
TRAVESSA JIQUITAIA,6xmq
TRAVESSA JOACABA,6xmqf
TRAVESSA JOAO ALFREDO,6xmq
TRAVESSA JOAO AVELINO,6xmq3
TRAVESSA JOAQUIM PIMENTA,6xmq
TRAVESSA JOAQUIM RIBAS,6xmq
TRAVESSA JONAS BARRETO,6xmq
TRAVESSA JONATHAS PEDROSA,6xmq6
TRAVESSA JORGE BAIRD,6xmq6
TRAVESSA JORGE GOMES,6xmq
TRAVESSA JORGE LUIZ MILANI,6xmq
TRAVESSA JORGE TEIXEIRA,6xmq6
TRAVESSA JOSE LOPES,6xmq6
TRAVESSA JOSENIAS,6xmq3
TRAVESSA JOSÉ AMÂNCIO,6xmq6
TRAVESSA JOSÉ BONIFÁCIO,6xmq
TRAVESSA JOSÉ CRUZ,6xmq6
TRAVESSA JOSÉ DE ABREU,6xmq6
TRAVESSA JOSÉ DE ALENCAR,6xmq
TRAVESSA JOSÉ DO PATROCÍNIO,6xmq3
TRAVESSA JOSÉ GARCIA,6xmq
TRAVESSA JOSÉ GODY GARCIA,6xmq
TRAVESSA JOSÉ LUIZ MENDONÇA,6xmq6
TRAVESSA JOSÉ PRESTES,6xmq6
TRAVESSA JOSÉ VAZ DE OLIVEIRA,6xmq
TRAVESSA JOSÉ VERISSIMO,6xmq3
TRAVESSA JOÃO BOSCO,6xmqg
TRAVESSA JOÃO DO BARRO,6xmq
TRAVESSA JOÃO FIGUEIREDO,6xmq
TRAVESSA JOÃO LISBOA,6xmq3
TRAVESSA JOÃO MANGABEIRA,6xmq
TRAVESSA JOÃO PESSOA,6xmq
TRAVESSA JOÃO RAMALHO,6xmq6
TRAVESSA JOÃO SÓ,6xmqe
TRAVESSA JOÃO VALÉRIO,6xmq
TRAVESSA JUAN ARDUINO,6xmq
TRAVESSA JUATUBA,6xmq
TRAVESSA JUCAS,6xmqe
TRAVESSA JUCIRI,6xmq
TRAVESSA JUDICAEL ALMEIDA,6xmq
TRAVESSA JUDITH  ANDERSON,6xmq
TRAVESSA JUDÉIA,6xmqf
TRAVESSA JUINA,6xmqe
TRAVESSA JULIANA,6xmq
TRAVESSA JUMA,6xmqg
TRAVESSA JUNQUEIRA FREIRE,6xmq
TRAVESSA JUPIÁ,6xmq
TRAVESSA JUQUITIBÁ,6xmq
TRAVESSA JURACI MAGALHÃES,6xmq
TRAVESSA JURANDIR DIOLA,6xmq
TRAVESSA JURANDIR MARTINS,6xmq
TRAVESSA JUREMA,6xmq
TRAVESSA JURUNAS,6xmq
TRAVESSA JURUTU,6xmq
TRAVESSA JUSSARA,6xmq
TRAVESSA JUSSIAPE,6xmq
TRAVESSA JUTI,6xmq
TRAVESSA JUVENAL BARBOSA,6xmqe
TRAVESSA JÚLIA LOPES,6xmq3
TRAVESSA JÚLIA MAFRA,6xmq
TRAVESSA JÚLIO LERNER,6xmq3
TRAVESSA JÚLIO PASSOS,6xmqg
TRAVESSA KAIAPÓ,6xmqe
TRAVESSA KAKO CAMINHA,6xmq3
TRAVESSA KAMPALA,6xmq
TRAVESSA KANIUÁ,6xmqe
TRAVESSA KARAJÁ,6xmqe
TRAVESSA KIRIBATI,6xmq
TRAVESSA KOKAMA,6xmqe
TRAVESSA LAGO AZUL,6xm
TRAVESSA LAGO DA PEDRA,6xmqe
TRAVESSA LAGO VITÓRIA,6xmqf
TRAVESSA LAGOA DOS PATOS,6xmqg
TRAVESSA LAGOINHA,6xmqg
TRAVESSA LAGOS,6xmq
TRAVESSA LAJE,6xmqg
TRAVESSA LAJES,6xmq
TRAVESSA LAJETO,6xmq
TRAVESSA LAMARTINE,6xm
TRAVESSA LAMARÃO,6xmqg
TRAVESSA LAOS,6xmq
TRAVESSA LAPA,6xmqg
TRAVESSA LAPÃO,6xmqg
TRAVESSA LAURENTINO,6xmq
TRAVESSA LAVRAS,6xmqg
TRAVESSA LAZURITA,6xmq
TRAVESSA LAÇOS DE FAMÍLIA,6xmq
TRAVESSA LEANDRO JÚNIOR,6xmq
TRAVESSA LENE,6xmqg
TRAVESSA LEOPOLDO FERREIRA,6xmq3
TRAVESSA LEOPOLDO NEVES,6xmq
TRAVESSA LERIDA,6xmq
TRAVESSA LEVÍTICO,6xmq6
TRAVESSA LEXÕES,6xmq
TRAVESSA LEÃO RODRIGUES VIEIRA,6xmq
TRAVESSA LIBERAL,6xmqg
TRAVESSA LICHIA,6xmq
TRAVESSA LIMEIRA,6xmq
TRAVESSA LINDOIA,6xmqg
TRAVESSA LINHO,6xmq
TRAVESSA LOANDA,6xmqg
TRAVESSA LOBATO,6xmqg
TRAVESSA LOBO DO MAR,6xmq
TRAVESSA LONDRINA,6xmq
TRAVESSA LONTRA,6xmq
TRAVESSA LORENA,6xmqg
TRAVESSA LOURIVAL TORRES,6xmq
TRAVESSA LOURO GAMELA,6xmqf
TRAVESSA LOURO PRETO,6xmqe
TRAVESSA LOURO ROSA,6xmqe
TRAVESSA LOURO TACHI,6xmqf
TRAVESSA LOUVA À DEUS,6xmqg
TRAVESSA LUCAS BAYMA,6xmq
TRAVESSA LUDWIG BEETHOVEN,6xmq
TRAVESSA LUIGI PIRANDELLO,6xmq6
TRAVESSA LUIZ ALVARES PINTO,6xmq3
TRAVESSA LUIZ BARRETO,6xmq3
TRAVESSA LUIZ GAMA,6xmq
TRAVESSA LUIZ LOPES,6xmq
TRAVESSA LUIZ MENDES,6xmq6
TRAVESSA LUKA,6xm
TRAVESSA LUZ,6xmqg
TRAVESSA LÍBERO BADARÓ,6xmq
TRAVESSA LÍRIO DO MAR,6xmqe
TRAVESSA LÍRIO ROSA,6xmq
TRAVESSA LÓTUS,6xmqg
TRAVESSA MACACAUBA,6xmqf
TRAVESSA MACAJUBA,6xmq
TRAVESSA MACAPÁ,6xmq
TRAVESSA MACATUBA,6xmq
TRAVESSA MACAU,6xmq
TRAVESSA MACAÚVA,6xmqf
TRAVESSA MACEDÔNIA,6xmq
TRAVESSA MACEIÓ,6xmq6
TRAVESSA MADIA,6xmqf
TRAVESSA MADIRITUBA,6xmq
TRAVESSA MADRE DE DEUS,6xmq
TRAVESSA MADRE EFIGÊNIA,6xmq
TRAVESSA MADRE TEREZA,6xmq
TRAVESSA MAETINGA,6xmq
TRAVESSA MAFRA,6xmq
TRAVESSA MAGALHÃES VASCONCELOS,6xmq
TRAVESSA MAGNÓLIA,6xmqg
TRAVESSA MAIAS,6xmq
TRAVESSA MAJOR SILVA COUTINHO,6xmqf
TRAVESSA MALAQUITA,6xmq
TRAVESSA MALBATAHAN,6xmq3
TRAVESSA MALTA,6xmqg
TRAVESSA MALTHUS,6xmq3
TRAVESSA MAMANGUAPE,6xmq
TRAVESSA MAMONA,6xmq
TRAVESSA MAMUÍ,6xm
TRAVESSA MANACAPURU,6xmq
TRAVESSA MANAGUS,6xmq
TRAVESSA MANAIRA,6xmq
TRAVESSA MANASSÉS,6xmq
TRAVESSA MANAUS,6xmq3
TRAVESSA MANAUS 2000,6xmq
TRAVESSA MANDAGUARI,6xmq
TRAVESSA MANDII,6xmq
TRAVESSA MANGA ROSA,6xmq
TRAVESSA MANGARATAIA,6xmq
TRAVESSA MANGUBA,6xmq6
TRAVESSA MANGUEIRAS,6xmqf
TRAVESSA MANGUEIRNHA,6xmqf
TRAVESSA MANOEL URBANO,6xmq
TRAVESSA MANOEL VICTORINO,6xmq3
TRAVESSA MANUEL ANTÔNIO DE ALMEIDA,6xmq
TRAVESSA MAPUCHE,6xmqf
TRAVESSA MAPÃ,6xmqf
TRAVESSA MAQUARÉ,6xmq
TRAVESSA MAR,6xmqg
TRAVESSA MARABÁ,6xmqe
TRAVESSA MARACANAÚ,6xmq
TRAVESSA MARACU,6xm
TRAVESSA MARAJÓ,6xmq
TRAVESSA MARANATA,6xmq
TRAVESSA MARANGUAPE,6xmq
TRAVESSA MARCASSITA,6xmq
TRAVESSA MARCELO DEAT,6xmq6
TRAVESSA MARCO POLO,6xmq6
TRAVESSA MARDIN,6xm
TRAVESSA MARECHAL RONDON,6xmq3
TRAVESSA MARGARIDA,6xmqg
TRAVESSA MARGARITA,6xmqf
TRAVESSA MARIA ANDRADE,6xmq
TRAVESSA MARIA DE LOURDES,6xmqf
TRAVESSA MARIA FARIAS,6xmq3
TRAVESSA MARIA JÚLIA MARTINS RIBEIRO,6xmq
TRAVESSA MARIA TADROS,6xmq3
TRAVESSA MARILENA,6xmq
TRAVESSA MARILIA,6xmqe
TRAVESSA MARINETE,6xmq
TRAVESSA MARINHO TAVARES,6xmqf
TRAVESSA MARIRUAS,6xmq
TRAVESSA MAROMBA,6xmq6
TRAVESSA MARQUES DE SANTA CRUZ,6xmq
TRAVESSA MARQUESA DE SANTOS,6xmq
TRAVESSA MARSELHA,6xmq
TRAVESSA MARTINS,6xmq
TRAVESSA MARUPÁ,6xmq
TRAVESSA MARÍLA BARBOSA,6xmq6
TRAVESSA MATA DE SÃO JOÃO,6xmq
TRAVESSA MATSÉS,6xmq
TRAVESSA MAUÁ,6xmq6
TRAVESSA MEDIEVAL,6xm
TRAVESSA MEIRELES,6xmq
TRAVESSA MESSIAS ALMEIDA LIMA,6xmq
TRAVESSA MESTRE ANGÍLIO,6xmq
TRAVESSA MICHAEL FARADAY,6xmq
TRAVESSA MICHELANGELO BUONARROTI,6xmq6
TRAVESSA MICRONESIA,6xmqg
TRAVESSA MILTOM MORAES,6xmqg
TRAVESSA MINAS GERAIS,6xmqg
TRAVESSA MINEROLÂNDIA,6xmq
TRAVESSA MINISTRO DALLE COUTINHO,6xmq3
TRAVESSA MIOSÓTIS,6xmqg
TRAVESSA MIOSÓTIS DA CHINA,6xmqg
TRAVESSA MIRACEMA,6xmqe
TRAVESSA MIRADOURO,6xmq
TRAVESSA MIRAI,6xmq
TRAVESSA MIRANORTE,6xmq
TRAVESSA MIRASOL,6xmqg
TRAVESSA MISERICÓRDIA,6xmq
TRAVESSA MISSISSIPI,6xmqg
TRAVESSA MOACIR BESSA,6xmq6
TRAVESSA MOANA,6xmq3
TRAVESSA MOISÉS,6xmqf
TRAVESSA MOISÉS COLARES,6xmq
TRAVESSA MOISÉS SILVA DA SILVA,6xmqf
TRAVESSA MONSENHOR ANTERO DE LIMA,6xmq
TRAVESSA MONTE CRISTO,6xmqf
TRAVESSA MONTE FUSCO,6xm
TRAVESSA MONTE HOREBE,6xmqf
TRAVESSA MONTE HUASCARAN,6xmqf
TRAVESSA MONTE MORIÁ,6xmqf
TRAVESSA MONTE NEGRO,6xmq
TRAVESSA MONTE SIÃO,6xmq
TRAVESSA MONTE TAUROS,6xmqf
TRAVESSA MONTE VERDE,6xmqf
TRAVESSA MOPIRIRUS,6xmqe
TRAVESSA MORONI,6xmq
TRAVESSA MORRO BRANCO,6xmqe
TRAVESSA MORRO DO SOL,6xmqf
TRAVESSA MOSSORÓ,6xmq
TRAVESSA MOZART GUARNIERI,6xmq
TRAVESSA MOÇAMBIQUE,6xmq
TRAVESSA MUCURANA,6xmqf
TRAVESSA MUCURI,6xmq3
TRAVESSA MUIRAKITAN,6xmq
TRAVESSA MULÇUMANOS,6xmq
TRAVESSA MUNDURUCUS,6xmq
TRAVESSA MUNICIPAL,6xmq
TRAVESSA MUNIZ,6xmq6
TRAVESSA MURA,6xmq
TRAVESSA MURAN,6xmq
TRAVESSA MUSSUM,6xmqe
TRAVESSA MUTUM CAVALO,6xmq
TRAVESSA MUTUM DA VÁRZEA,6xmq
TRAVESSA MUTUÍPE,6xmq
TRAVESSA MUÇUM,6xmq
TRAVESSA MYKONOS,6xmqg
TRAVESSA MÁRIO COVAS,6xmq
TRAVESSA MÁRIO DE SÁ CARNEIRO,6xmq
TRAVESSA MÁRIO QUINTANA,6xmq
TRAVESSA MÁRIO YPIRANGA,6xmq6
TRAVESSA MÁRMORE,6xmq
TRAVESSA NABUCO DE ARAUJO,6xmq
TRAVESSA NACOES UNIDAS,6xmqf
TRAVESSA NAGAI,6xmqg
TRAVESSA NANDUM,6xmq
TRAVESSA NATAL,6xmqf
TRAVESSA NATIVIDADE,6xmq3
TRAVESSA NATORI,6xmq
TRAVESSA NAZARÉ COELHO DE SOUZA,6xmq3
TRAVESSA NELSON WAUGHAN,6xmqf
TRAVESSA NESTOR ALMENDROS,6xmq
TRAVESSA NHAMUNDA,6xmq
TRAVESSA NHAMUNDÁ,6xmq6
TRAVESSA NICOLAU DA SILVA,6xmq6
TRAVESSA NITERÓI,6xmq
TRAVESSA NOEL ROSA,6xmq
TRAVESSA NOEMIA CABRAL,6xmq
TRAVESSA NOEMIA DE CARVALHO,6xmq6
TRAVESSA NORDESTINA,6xmq
TRAVESSA NORMANDIA,6xmq
TRAVESSA NORMANDO,6xmq
TRAVESSA NOSSA SENHORA DA CONCEIÇÃO,6xmq6
TRAVESSA NOSSA SENHORA DE FÁTIMA,6xmq
TRAVESSA NOVA,6xmq6
TRAVESSA NOVA CRUZ,6xmq
TRAVESSA NOVA FRIBURGO,6xmq6
TRAVESSA NOVA ITA,6xmq
TRAVESSA NOVA JERICÓ,6xmq
TRAVESSA NOVA LUZITÂNIA,6xmqg
TRAVESSA NOVA OLINDA,6xmq6
TRAVESSA NOVA VIDA,6xmq
TRAVESSA NOVO ARIPUANÃ,6xmq
TRAVESSA NOVO AYRÃO,6xmq6
TRAVESSA NOVO PLANALTO,6xmq6
TRAVESSA NÍNIVE,6xm
TRAVESSA OCRÃ,6xmq
TRAVESSA ODETE AMARAL,6xmq
TRAVESSA ODULVALDO VIANA,6xmq
TRAVESSA OIAPI,6xmqf
TRAVESSA OLAVO BILAC,6xmq
TRAVESSA OLDER CAZARRÉ,6xmq
TRAVESSA OLIMPIO DE CARVALHO,6xmq
TRAVESSA OLINDA,6xmq
TRAVESSA OLINDINA,6xmq
TRAVESSA OLIVENÇA,6xmq
TRAVESSA ORESTE BARBOSA,6xmq
TRAVESSA ORGAMON,6xmq6
TRAVESSA ORLANDO FALCONE,6xmq
TRAVESSA OROS,6xmq6
TRAVESSA OSCAR BOREL,6xmq3
TRAVESSA OSCAR CORDEIRO,6xmq
TRAVESSA OSCAR LOPEZ,6xmq3
TRAVESSA OSCARITO,6xmq6
TRAVESSA OSVALDO BARBOSA,6xmq3
TRAVESSA OSVALDO QUEIROZ,6xmqg
TRAVESSA OSWALDO DE ANDRADE,6xmq
TRAVESSA OSÓRIO,6xmqe
TRAVESSA OURISA,6xmq
TRAVESSA OURO PRETO,6xmq
TRAVESSA OUROESTE,6xmq6
TRAVESSA PACOBAÍBA,6xmq3
TRAVESSA PACOVÃ,6xmq
TRAVESSA PACÚ,6xmq
TRAVESSA PADRE GERALDO,6xmq
TRAVESSA PADRE GHISLAND,6xmq
TRAVESSA PADRE MACAMBOA,6xmqf
TRAVESSA PADRE RAMIM,6xmq
TRAVESSA PADRE ROLIM,6xmq3
TRAVESSA PADRE SAMUEL FRITZ,6xmq
TRAVESSA PADRE ZÓZIMO,6xmq
TRAVESSA PAGIEL,6xmq
TRAVESSA PALMA DE PINHA,6xmq
TRAVESSA PALMAS DE MONTE ALTO,6xmq
TRAVESSA PALMEIRA DAS MISSOES,6xmq
TRAVESSA PALMIRA,6xmq6
TRAVESSA PALMITINHO,6xmq
TRAVESSA PALMÁCIA,6xmq
TRAVESSA PAMPULHA,6xmq
TRAVESSA PANORAMA,6xmq
TRAVESSA PANTOJA,6xmq3
TRAVESSA PAPAGAIO,6xmqe
TRAVESSA PAPAYA,6xmq
TRAVESSA PARACAMBI,6xmq
TRAVESSA PARAMIRIM,6xmq3
TRAVESSA PARANA,6xmq6
TRAVESSA PARANAPUÃ,6xmq
TRAVESSA PARDAL,6xm
TRAVESSA PARELHAS,6xmqg
TRAVESSA PARNEIRAS,6xmq
TRAVESSA PARREIRAS,6xmqe
TRAVESSA PASSO FUNDO,6xmq
TRAVESSA PATAUÁ,6xmqf
TRAVESSA PATMOS,6xmq
TRAVESSA PATO BRANCO,6xmq
TRAVESSA PAU BRASIL,6xmq
TRAVESSA PAU ROSA,6xmq
TRAVESSA PAUL CLEE,6xmq
TRAVESSA PAULA BRITO,6xmqg
TRAVESSA PAULO BRAGA,6xmq
TRAVESSA PAULO MOURAO,6xmq3
TRAVESSA PAULO ROBERTO OLIVEIRA,6xmq3
TRAVESSA PAXIUBARANA,6xmq
TRAVESSA PAXIÚBAS,6xmq3
TRAVESSA PAÇO REAL,6xmq
TRAVESSA PEDRO CAETANO,6xmq
TRAVESSA PEDRO CALMON,6xmq3
TRAVESSA PEDRO RABELO,6xmq3
TRAVESSA PEDRO SARMIENTO,6xmq
TRAVESSA PENSADOR,6xmq6
TRAVESSA PEQUIM,6xmq
TRAVESSA PESCADA,6xmq
TRAVESSA PETRIM,6xmq
TRAVESSA PIATA,6xmq
TRAVESSA PICO DA NEBLINA,6xmq6
TRAVESSA PICO DAS ÁGUAS,6xmq3
TRAVESSA PICOS,6xmq
TRAVESSA PIEDADE ALBUQUERQUE,6xmq
TRAVESSA PILÕES,6xmqf
TRAVESSA PINA DE MORAES,6xmq3
TRAVESSA PINHEIRO,6xmq
TRAVESSA PINTASSILGO,6xmqf
TRAVESSA PINTO DE SÁ,6xmq3
TRAVESSA PIPIRA,6xmqg
TRAVESSA PIRACANJUBA,6xmqf
TRAVESSA PIREUS,6xmqg
TRAVESSA PIRIPA,6xmq3
TRAVESSA PIUM,6xmqe
TRAVESSA PLANALTO,6xmq6
TRAVESSA PLATINA,6xmq3
TRAVESSA PLATÃO,6xmqg
TRAVESSA PLEAIDE,6xmq3
TRAVESSA PLINIO COELHO,6xmq6
TRAVESSA PLUTÃO,6xmqf
TRAVESSA POEJO,6xmq
TRAVESSA POLICARPO MENDES,6xmq
TRAVESSA POLONESES,6xmq
TRAVESSA POLVILHO,6xmq
TRAVESSA POLYANA,6xmqg
TRAVESSA PONCE DE LEON,6xmq3
TRAVESSA PONTA DO VENTO,6xmq
TRAVESSA PORANGATU,6xmq
TRAVESSA PORAQUE,6xmq
TRAVESSA PORTO MARISCO,6xmq
TRAVESSA PORTOS DAS DUNAS,6xmq
TRAVESSA POÇÕES,6xmq
TRAVESSA PRADO,6xmq
TRAVESSA PRAIA DA MAJORLÂNDIA,6xmq
TRAVESSA PRAIA DE CANOA QUEBRADA,6xmq
TRAVESSA PRAINHA,6xmq
TRAVESSA PRES KENNEDY,6xmq
TRAVESSA PRESIDENTE MÉDICI,6xmq
TRAVESSA PRIMO LEVI,6xmq6
TRAVESSA PRINCESA ISABEL,6xmq
TRAVESSA PROCISSÃO,6xmqf
TRAVESSA PROCÓPIO FERREIRA,6xmq
TRAVESSA PROFESSOR  ADOLFO CIRNE,6xmq
TRAVESSA PROFESSOR ANTOVILLA VIEIRA,6xmq
TRAVESSA PROFESSOR AZEVEDO,6xmqg
TRAVESSA PROFESSOR BERTA RIBEIRO,6xmq
TRAVESSA PROFESSOR CARLOS BARROSO,6xmq3
TRAVESSA PROFESSOR OLIMPYO PAIVA,6xmq
TRAVESSA PROFESSOR PAULO RESENDE,6xmq
TRAVESSA PROFESSOR TEONILO PESSOA,6xmq3
TRAVESSA PROFESSOR VALMIR SOUZA,6xmq
TRAVESSA PROFESSORA  NEUZA FERREIRA,6xmq
TRAVESSA PROFESSORA AUTA GAGLIARD,6xmq3
TRAVESSA PROFESSORA ERNESTINA GONÇALVES,6xmq
TRAVESSA PROFESSORA EVANGELINA BROWNE,6xmq
TRAVESSA PROFESSORA ISAURA BARRONCAS,6xmq3
TRAVESSA PROFESSORA JULIA BITTENCOURT,6xmq
TRAVESSA PROFESSORA JULIA SAMPAIO,6xmqe
TRAVESSA PROFESSORA LIMA REGO,6xmq
TRAVESSA PROFESSORA LUIZA RIBEIRO,6xmq
TRAVESSA PROFESSORA MARIA A. MENDONCA,6xmq
TRAVESSA PROFESSORA TÁLIA PEDRA,6xmq3
TRAVESSA PROFESSORAJUCIMAR BARBOSA,6xmq3
TRAVESSA PROFÉTICOS,6xmqf
TRAVESSA PROGRESSO,6xmq
TRAVESSA PROJETADA,6xmqf
TRAVESSA PUMÃ,6xmq
TRAVESSA QUEIMADAS,6xmq
TRAVESSA RAFAEL SANZIO,6xmq3
TRAVESSA RAIMUNDA MARQUES,6xmqg
TRAVESSA RAIMUNDO COUTINHO,6xmq6
TRAVESSA RAIMUNDO MAIA,6xmq
TRAVESSA RAIMUNDO QUEIROZ,6xmq
TRAVESSA RAMUTÃ,6xmq
TRAVESSA RAY MONTEIRO,6xmq
TRAVESSA REBECA,6xmqf
TRAVESSA REGINALDO GUIMARAES,6xmq3
TRAVESSA REI  ARTHUR,6xmq6
TRAVESSA RENATO SERDEIRINHO,6xmqg
TRAVESSA RENÊ BITTENCOURT,6xmq
TRAVESSA RICARDO RAMOS,6xmq3
TRAVESSA RIFAINA,6xmq3
TRAVESSA RIGA,6xmqg
TRAVESSA RIGEL,6xmq3
TRAVESSA RIO ARAGUAIA,6xmqg
TRAVESSA RIO ARAÇUAI,6xmq
TRAVESSA RIO COMBORIÚ,6xmqe
TRAVESSA RIO DE FOGO,6xmqg
TRAVESSA RIO DO PIRES,6xmq
TRAVESSA RIO GRANDE,6xmqe
TRAVESSA RIO ITACAÚNA,6xmqe
TRAVESSA RIO ITUÍ,6xmq
TRAVESSA RIO IÇANÃ,6xmq
TRAVESSA RIO JACUI,6xmqe
TRAVESSA RIO JUREMA,6xmq6
TRAVESSA RIO JUTAI,6xmq6
TRAVESSA RIO MADEIRA,6xmq6
TRAVESSA RIO MARACÁ,6xmq
TRAVESSA RIO MUTUCA,6xmqe
TRAVESSA RIO MUTUM,6xmq
TRAVESSA RIO NEGRO,6xmq
TRAVESSA RIO NOVO,6xmq
TRAVESSA RIO PAUINI,6xmq
TRAVESSA RIO PITINGA,6xmqg
TRAVESSA RIO RIBEIRA,6xmq6
TRAVESSA RIO SUCURIÚ,6xmq
TRAVESSA RIO TARAUCÁ,6xmq6
TRAVESSA RIO URUBU,6xmq
TRAVESSA RIO URUPADI,6xmqe
TRAVESSA RIO URUÇUI PRETO,6xmq
TRAVESSA RIO VOLGA,6xmq
TRAVESSA RIOLÂNDIA,6xmqe
TRAVESSA ROBERTO RIBEIRO,6xmq
TRAVESSA RODA MOINHO,6xmq3
TRAVESSA RODRIGO LAGO,6xmq6
TRAVESSA RODRIGO OTÁVIO,6xmq6
TRAVESSA ROGÉRIO MAGALHÃES,6xmqe
TRAVESSA ROLANDO BATISTETI,6xmq
TRAVESSA ROMAZEIRA,6xmq
TRAVESSA RONALDO CARVALHO,6xmq
TRAVESSA RORAIMA,6xmqe
TRAVESSA ROSA DE LÍRIO,6xmqe
TRAVESSA ROSA DE SARON,6xmq
TRAVESSA ROSA DIBO,6xm
TRAVESSA ROSALINA,6xmqg
TRAVESSA ROSINA FERREIRA,6xmq
TRAVESSA ROSÁRIO,6xmq
TRAVESSA ROSÁRIO DO SUL,6xmqg
TRAVESSA ROTARY,6xmq
TRAVESSA RUBENS BRAGA,6xmq
TRAVESSA RUBIDIO,6xmq3
TRAVESSA RUI ARAÚJO,6xmq3
TRAVESSA RUTÍLIO,6xmq 6xmqe
TRAVESSA RUY GAMA E SILVA,6xmq
TRAVESSA RÊNIO,6xmq3
TRAVESSA SABAÚNA,6xmq
TRAVESSA SAFIRA BRAGA,6xmq6
TRAVESSA SAGU,6xmqe
TRAVESSA SALVADOR,6xmq
TRAVESSA SAMARIO,6xmq3
TRAVESSA SAMAÚMA,6xmq
TRAVESSA SANHAÇU,6xmqf
TRAVESSA SANSAO,6xmqf
TRAVESSA SANTA  AMÉLIA,6xmq
TRAVESSA SANTA AURORA,6xmqf
TRAVESSA SANTA BÁRBARA,6xmq
TRAVESSA SANTA CECÍLIA,6xmq
TRAVESSA SANTA CLARA,6xmq6
TRAVESSA SANTA CLAUDIA,6xmq
TRAVESSA SANTA ELIZABETH,6xmq
TRAVESSA SANTA ETELVINA,6xmq
TRAVESSA SANTA FLORA,6xmq
TRAVESSA SANTA HELENA,6xmq6
TRAVESSA SANTA ISABEL,6xmq
TRAVESSA SANTA JOANA,6xmq
TRAVESSA SANTA LUZIA,6xmq
TRAVESSA SANTA MARIA,6xmq
TRAVESSA SANTA MARTA,6xmqf
TRAVESSA SANTA MONICA,6xmqf
TRAVESSA SANTA RITA DURÃO,6xmq3
TRAVESSA SANTA ROSA,6xmq
TRAVESSA SANTA TEREZA,6xmq
TRAVESSA SANTA TEREZINHA,6xmq
TRAVESSA SANTA URSULA,6xmq3
TRAVESSA SANTIAGO,6xmq
TRAVESSA SANTIAGO DANTAS,6xmqf
TRAVESSA SANTO AGOSTINHO,6xmq
TRAVESSA SANTO AMARO,6xmqf
TRAVESSA SANTO ANTONIO,6xmq3
TRAVESSA SANTO ISIDORO,6xmq
TRAVESSA SANTOS DUMONT,6xmq3
TRAVESSA SAO JOAO,6xmq
TRAVESSA SAO MARCOS,6xmq
TRAVESSA SAQUAREMA,6xmq
TRAVESSA SARAPO,6xmq3
TRAVESSA SARGENTO  ABRAHIM,6xmq
TRAVESSA SARGENTO MADEIRA,6xmq
TRAVESSA SATERÊ MAWÉ,6xmqf
TRAVESSA SATURNINO DE BRITO,6xmq6
TRAVESSA SAUIM,6xmq
TRAVESSA SAVANA,6xmq
TRAVESSA SEBASTIÃO ROMANO,6xmq3
TRAVESSA SEBASTIÃO VASCONCELOS,6xmq6
TRAVESSA SEN.DANIEL KLIEGER,6xmq
TRAVESSA SENA MADUREIRA,6xmq
TRAVESSA SENADOR JOSÉ ESTEVÃO,6xmq3
TRAVESSA SERGIPE,6xmq
TRAVESSA SERRA AZUL,6xmq6
TRAVESSA SERRA DA LUZ,6xmqf
TRAVESSA SERRA DOURADA,6xmq
TRAVESSA SERRA TALHADA,6xmq6
TRAVESSA SERRA VERDE,6xmqf
TRAVESSA SERRANA,6xmq6
TRAVESSA SERRO PORTENHO,6xmq6
TRAVESSA SERTANÓPOLIS,6xmq6
TRAVESSA SEUCIR,6xmq
TRAVESSA SEVERO GOMES,6xmq
TRAVESSA SEVILLA,6xmqg
TRAVESSA SILEZIA DEL RUSSO,6xmq
TRAVESSA SILVA RAMOS,6xmq
TRAVESSA SILVEIRA SAMPAIO,6xmq3
TRAVESSA SIMÃO STOCK,6xmqf
TRAVESSA SIÃO,6xmqf
TRAVESSA SOARES DE PASSO,6xmq3
TRAVESSA SOBRAL,6xmqf
TRAVESSA SOL NASCENTE,6xmq
TRAVESSA SOLIDARIEDADE,6xmqg
TRAVESSA SOLIMOES,6xmq
TRAVESSA SOLON GONÇALVES,6xm
TRAVESSA SOUZA CAMPOS,6xmq
TRAVESSA SOVI,6xmq
TRAVESSA SPINELIO,6xmqe
TRAVESSA STANISLAU AFONSO,6xmq3
TRAVESSA SUANAM,6xmq
TRAVESSA SUCUPIRA,6xmq
TRAVESSA SUDÃO,6xmq
TRAVESSA SUL,6xmq
TRAVESSA SULINA,6xm
TRAVESSA SUMARI,6xmq
TRAVESSA SUMATRA,6xmqf
TRAVESSA SÃO BARTOLOMEU,6xmq
TRAVESSA SÃO BENEDITO,6xmq
TRAVESSA SÃO CALIXTO,6xmq
TRAVESSA SÃO CARLOS,6xmq
TRAVESSA SÃO DOMINGOS,6xmq
TRAVESSA SÃO ESTEVÃO,6xmq
TRAVESSA SÃO FRANCISCO,6xmqf
TRAVESSA SÃO FÉLIX,6xmqg
TRAVESSA SÃO GERALDO,6xmq6
TRAVESSA SÃO HERMES,6xmqf
TRAVESSA SÃO IRINEU,6xmqe
TRAVESSA SÃO JERÔNIMO,6xmq
TRAVESSA SÃO JOÃO,6xmq
TRAVESSA SÃO JOÃO BATISTA,6xmq
TRAVESSA SÃO JULIANO,6xmq
TRAVESSA SÃO LAZARO,6xmq
TRAVESSA SÃO LEOPOLDO,6xmq
TRAVESSA SÃO LOURENÇO,6xmq
TRAVESSA SÃO LUIZ,6xmq
TRAVESSA SÃO MACÁRIO,6xmq6
TRAVESSA SÃO MARÇAL,6xmq
TRAVESSA SÃO MATHEUS,6xmq
TRAVESSA SÃO MIGUEL,6xmqg
TRAVESSA SÃO PAULO,6xmq
TRAVESSA SÃO PEDRO,6xmq
TRAVESSA SÃO SEBASTIÃO,6xmq
TRAVESSA SÃO THOME,6xmq3
TRAVESSA TABATINGA,6xmq
TRAVESSA TABELIÃO LESSA,6xmq
TRAVESSA TABOCA,6xmq
TRAVESSA TACIMA,6xm
TRAVESSA TAIGA,6xmq
TRAVESSA TAIWAN,6xmq
TRAVESSA TAMANDARÉ,6xmq
TRAVESSA TAMARICA,6xmqf
TRAVESSA TANZÂNIA,6xmq6
TRAVESSA TAPES,6xm
TRAVESSA TAQUARITUBA,6xm
TRAVESSA TARACATU,6xmq
TRAVESSA TARAGUÁ,6xmq
TRAVESSA TARAMBOLA,6xmq
TRAVESSA TARAMBOLA DOURADA,6xmq
TRAVESSA TAUÁ,6xmq
TRAVESSA TAVARES NOGUEIRA,6xmqf
TRAVESSA TEJUCA,6xm
TRAVESSA TEL AVIV,6xmq3
TRAVESSA TENENTE JURANDIR,6xmq
TRAVESSA TEODULO DE MATOS,6xmq6
TRAVESSA TETÉU,6xmqf
TRAVESSA TEXEIRA E SOUZA,6xmq
TRAVESSA TEÓFILO BRASIL,6xmq
TRAVESSA TEÓFILO DIAS,6xmq3
TRAVESSA THALES SILVESTRE,6xmq
TRAVESSA TIMBURÉ,6xmqe
TRAVESSA TIMON,6xm
TRAVESSA TIRADENTES,6xmqg
TRAVESSA TITANITA,6xmq
TRAVESSA TIÊ,6xmq
TRAVESSA TOM JOBIM,6xmq
TRAVESSA TOMAZ RIBEIRO,6xmq3
TRAVESSA TOMAZINA,6xm
TRAVESSA TOMBOS,6xm
TRAVESSA TONANTINS,6xmq
TRAVESSA TONGOY,6xmq6
TRAVESSA TORQUATO TAPAJÓS,6xmq
TRAVESSA TOUROS,6xm
TRAVESSA TRABIJU,6xm
TRAVESSA TRAIPU,6xm
TRAVESSA TRAIRI,6xmq
TRAVESSA TRAMANDAI,6xmq
TRAVESSA TREMEMBÉ,6xmq
TRAVESSA TREVO,6xmq
TRAVESSA TREZE TILIAS,6xmqe
TRAVESSA TRINDADE,6xmq
TRAVESSA TRIUNFO,6xmq
TRAVESSA TUCANAÇU,6xmq
TRAVESSA TUCANDEIRAS,6xmq
TRAVESSA TUCANOS,6xmqe
TRAVESSA TUCUNA,6xmq
TRAVESSA TUCURUÍ,6xmq3
TRAVESSA TUNIS,6xmq
TRAVESSA TUNISIA,6xmq
TRAVESSA TUPAGI,6xmqe
TRAVESSA TUPANATINGA,6xmq
TRAVESSA TUPI,6xmqg
TRAVESSA TUPINAMBÁS,6xmq3
TRAVESSA TUPINIQUIM,6xmqf
TRAVESSA TUPYNAMBÁ,6xmq
TRAVESSA TURMALINA,6xmq6
TRAVESSA TURMALINA AZUL,6xmqe
TRAVESSA TURMALINA NEGRA,6xmq
TRAVESSA UAPÊ,6xmqg
TRAVESSA UBIRATAN,6xmq
TRAVESSA UIRAMUTÃ,6xmq
TRAVESSA UIRAPURU,6xmq
TRAVESSA ULISSES AZEVEDO FILHO,6xmq
TRAVESSA UMARI,6xmqf
TRAVESSA URBANO NOVOA,6xmq6
TRAVESSA UREQUEMA,6xmqf
TRAVESSA URUCURITUBA,6xmq
TRAVESSA UXI,6xmqg
TRAVESSA VALDA SARAIVA,6xmqe
TRAVESSA VALE DO ANARI,6xmq
TRAVESSA VALE DO PARAÍSO,6xmq
TRAVESSA VALE ELÁ,6xmqf
TRAVESSA VALERIANA,6xmq
TRAVESSA VALONGO,6xmq
TRAVESSA VALÊNCIA,6xmq
TRAVESSA VANÁDIO,6xmq3
TRAVESSA VARGAS,6xmq
TRAVESSA VASCO DA GAMA,6xmq3
TRAVESSA VASCO VASQUES,6xmq
TRAVESSA VENEZA,6xmq3
TRAVESSA VENEZUELA,6xmqf
TRAVESSA VENTANIA,6xmq
TRAVESSA VERDI,6xmq6
TRAVESSA VICENTE MIRANDA,6xmqf
TRAVESSA VICK,6xmq
TRAVESSA VIDEIRA,6xmqf
TRAVESSA VILA  FLOR,6xmqe
TRAVESSA VIOLETA,6xmq
TRAVESSA VIRGILIO VARZEA,6xmq3
TRAVESSA VIRGÍLIO RAMOS,6xmq
TRAVESSA VISC. DE SERGIMIRIM,6xmq
TRAVESSA VISCONDE DE JEQUITINHONHA,6xmq
TRAVESSA VISCONDE DE PORTO ALEGRE,6xmq6
TRAVESSA VISEU,6xmq
TRAVESSA VITORIA DO JARI,6xm
TRAVESSA VITÓRIA,6xmq
TRAVESSA VITÓRIA RUFINO TORRES,6xmqf
TRAVESSA VIVALDO LIMA,6xmq
TRAVESSA VIZEU,6xmq3
TRAVESSA VIÇOSA,6xmq
TRAVESSA VOLUNTÁRIOS DE REI,6xmq6
TRAVESSA WAGNER,6xmq
TRAVESSA WAIANA,6xmq
TRAVESSA WAIAPI,6xmqf
TRAVESSA WALDEMAR SHOLZ,6xmq
TRAVESSA WALTER GROPIUS,6xmq
TRAVESSA WALTER PINTO,6xmq
TRAVESSA WARREM BEMMIS,6xmq
TRAVESSA WARREN DIERSON,6xmq
TRAVESSA WARUETE,6xmqf
TRAVESSA WASHINGTON,6xmq
TRAVESSA WASHINGTON LUIZ,6xmq6
TRAVESSA WASHINGTON MELO,6xmq
TRAVESSA WILLIAM BLAKE,6xmq
TRAVESSA WILLIAN BRAGG,6xmq6
TRAVESSA WLADIMIR HERZOG,6xmq6
TRAVESSA XAVANTES,6xmq
TRAVESSA XISTO,6xmq
TRAVESSA YGUANAIS,6xmqe
TRAVESSA ZEFERINO BRASIL,6xmq3
TRAVESSA ZIRCÃO,6xmqe
TRAVESSA ZOIZITA,6xmqe
TRAVESSA ZÉLIA RAMOS,6xmq
TRAVESSA ÁGATA  AZUL,6xmq
TRAVESSA ÁGATA VERDE,6xmq
TRAVESSA ÁGUIA DOURADA,6xm
TRAVESSA ÉFESO,6xm
TRAVESSA ÍRIS CINZA,6xmq
TRAVESSA ÍSIS,6xm
TRAVESSA ÍTRIO,6xmq3
VIA DE PEDESTRE,6xmq
VIA EROS,6xm
VILA 1275,6xmq
VILA 311,6xmq
VILA 579,6xmq
VILA 710,6xmq
VILA ALBANO,6xmq
VILA ALVARÃES,6xmq
VILA ARMINDA,6xmq
VILA ARMINDO,6xmq
VILA AUXILIADORA,6xmq
VILA BAEPENDI,6xmq
VILA BAIMA,6xmq
VILA BARROSO,6xmq
VILA CARVALHO,6xmq
VILA COSTA,6xmq
VILA DONA RAIMUNDA,6xmq6
VILA DORINHA,6xmq
VILA DOS CORDEIRO,6xmq
VILA DOS PROPRIETÁRIOS,6xmq
VILA ELDA,6xmq
VILA ELVIRA,6xmq
VILA ERCILIA,6xmq
VILA EULALIA,6xmq
VILA FATIMA,6xmq
VILA FERNANDES,6xmq
VILA FLACY,6xmq
VILA FORTES,6xmq
VILA FROTA,6xmq
VILA GABRIELA,6xmq
VILA GEORGETE,6xmq
VILA HELENA,6xmq
VILA HERCULANO,6xmq
VILA IACY,6xmq
VILA ISABEL,6xmq
VILA JANDIRA,6xmq
VILA JENNY,6xmq
VILA JOAQUIM,6xmq
VILA JOÃO COELHO,6xmq
VILA JOÃO MARTINS DA COSTA,6xmq
VILA LEÃO,6xmq
VILA LOIO,6xmq
VILA LUCY,6xmq
VILA LÁZARO,6xmq
VILA MARIA,6xmq
VILA MARIA MADALENA,6xmq
VILA MARQUES,6xmq
VILA MARTINS,6xmq
VILA MESTRINHO,6xmq6
VILA MORGADO,6xmq
VILA MYRI,6xmq
VILA NATAL,6xmq
VILA NAZARÉ,6xmq
VILA NELZON,6xmq
VILA NOSSA SENHORA DE NAZARÉ,6xmq
VILA PALMIRA,6xmq
VILA PERES,6xmq
VILA PIRES,6xmq
VILA PORTELA,6xmq
VILA PUDICO,6xmq
VILA RAQUEL,6xmq
VILA RIBEIRO JUNIOR,6xmq
VILA ROSA,6xmq
VILA SANCHO,6xmq
VILA SANTA ANA,6xmq
VILA SANTA LUZIA,6xmq
VILA SEM DENOMINAÇÃO,6xmq
VILA SIDON,6xmq
VILA SOARES,6xmq
VILA SONIA,6xmq
VILA SÃO JOSÉ,6xmq 6xmq6
VILA TUMA,6xmq
VILA VALENTE,6xmq
VILA VICENTE DIAS NOGUEIRA,6xmq
VILA VITÓRIA,6xmq
,6xm 6xmq 6xmq3 6xmq6 6xmqe 6xmqf 6xmqg
