name,ghs
#N/D #N/D,7ny
AL ACACIAS,7ny
AL BOUGANVILLES,7ny
AL CASTANHOLAS,7ny
AL CEREJEIRAS,7ny
AL COQUEIRAIS,7ny
AL CURUPAITI,7ny
AL DAS MANSOES,7ny
AL EUCALIPTOS,7ny
AL FLAMBOIANTES,7ny
AL HUMAITA,7ny
AL JOAO ALFREDO PEGADO CORTEZ,7ny
AL PASSO DA PATRIA,7ny
AL PRFA ANGELICA DE ALMEIDA MOURA,7ny
AL RAIMUNDA COSTA,7ny
AL RIACHUELO,7ny
AL STA QUITERIA,7ny
AL TONELERO,7ny
AL ZEZA DUTRA,7ny
AV ABREU E LIMA,7ny
AV ACARAU,7ny
AV ACUDE SANTA RITA DE CASSIA,7ny
AV AFONSO PENA,7ny
AV ALAGOAS,7ny
AV ALFREDO DIAS DE FIGUEREDO,7ny
AV ALM ALEXANDRINO DE ALENCAR,7ny
AV ALTO MONTE BELO,7ny
AV AMELIA CRISTINA,7ny
AV AMINTAS BARROS,7ny
AV ANTOINE DE SAINT EXUPERY,7ny
AV ANTONIO BASILIO,7ny
AV APUCARANA,7ny
AV ARACAJU,7ny
AV AYRTON SENNA,7ny
AV BAHIA,7ny
AV BARRAGEM ARMANDO RIBEIRO,7ny
AV BEL THOMAZ LANDIM,7ny
AV BERNARDO VIEIRA,7ny
AV BLUMENAU,7ny
AV BOA SORTE,7ny
AV BRANCAS DUNAS,7ny
AV BRASIL,7ny
AV BRG GOMES RIBEIRO,7ny
AV BUENAVENTURA,7ny
AV BUMBA MEU BOI,7ny
AV CABOCLINHOS,7ny
AV CAIAPOS,7ny
AV CAJAZEIRA,7ny
AV CAMARA CASCUDO,7ny
AV CAMPOS SALES,7ny
AV CANTENARIO DA ABOLICAO,7ny
AV CAP-MOR GOUVEIA,7ny
AV CEARA,7ny
AV CEL ESTEVAM,7ny
AV CEL NORTON CHAVES,7ny
AV CHEGANCA,7ny
AV CHICO MENDES,7ny
AV CIDADE PRAIA,7ny
AV CIRANDA,7ny
AV CONCHAS,7ny
AV DEODORO DA FONSECA,7ny
AV DEP ANTONIO FLORENCIO DE QUEIROZ,7ny
AV DIVISAO,7ny
AV DQ DE CAXIAS,7ny
AV DR JOAO MEDEIROS FILHO,7ny
AV DR JOSE FRANCISCO DA SILVA,7ny
AV DR JOSE TAVARES DA SILVA,7ny
AV DR JULIANO MOREIRA,7ny
AV DR SOLON DE MIRANDA GALVAO,7ny
AV DR ULISSES GUIMARAES,7ny
AV ENG HILDEBRANDO DE GOIS,7ny
AV ENG ROBERTO FREIRE,7ny
AV ERIVAN FRANCA,7ny
AV ESDRAS CESAR DA SILVA,7ny
AV ESTRADA DOS MARES,7ny
AV ESTRELA DO MAR,7ny
AV EUZÉBIO ROCHA,7ny
AV EXPEDICIONARIOS,7ny
AV FELIZARDO FIRMINO MOURA,7ny
AV FLORIANO PEIXOTO,7ny
AV FLORIANOPOLIS,7ny
AV FRONTEIRAS,7ny
AV GERANIOS,7ny
AV GOV ANTONIO DE MELO E SOUZA,7ny
AV GOV JOSÉ VARELA,7ny
AV GOV JUVENAL LAMARTINE,7ny
AV GOV RAFAEL FERNANDES,7ny
AV GOV SILVIO PEDROZA,7ny
AV GOV TARCISIO DE VASCONCELOS MAIA,7ny
AV GOV VALADARES,7ny
AV GOV WALFREDO GURGEL,7ny
AV GUADALUPE,7ny
AV GUARARAPES,7ny
AV GUARATINGUETA,7ny
AV GUSTAVO GUEDES,7ny
AV HERMES DA FONSECA,7ny
AV IND JOAO FRANCISCO DA MOTTA,7ny
AV INDUSTRIAL,7ny
AV INT MARIO CAMARA,7ny
AV INTEGRACAO,7ny
AV INVO MARIO CAMARA,7ny
AV IPES,7ny
AV ITAPETINGA,7ny
AV JERONIMO CAMARA,7ny
AV JOAO FERREIRA DE MELO,7ny
AV JOAO MANGABEIRA,7ny
AV JOINVILE,7ny
AV LIMA E SILVA,7ny
AV MANDAGUARI,7ny
AV MANGABEIRA,7ny
AV MAR CASPIO,7ny
AV MAR DO LESTE,7ny
AV MAR DO NORTE,7ny
AV MAR DO OESTE,7ny
AV MAR DO SUL,7ny
AV MAR MEDITERRANEO,7ny
AV MAR VERMELHO,7ny
AV MARANGUAPE,7ny
AV MEDELLIN,7ny
AV MIGUEL ALCIDES DE ARAUJO,7ny
AV MIGUEL CASTRO,7ny
AV MOEMA TINOCO DA CUNHA LIMA,7ny
AV N SRA DO ROSARIO,7ny
AV NASCIMENTO DE CASTRO,7ny
AV NILA JALES,7ny
AV NILO PECANHA,7ny
AV NORTE,7ny
AV NSRA DO LIVRAMENTO,7ny
AV ODILON GOMES DE LIMA,7ny
AV OLIVEIRAS,7ny
AV OURO PRETO,7ny
AV PARAIBA,7ny
AV PAULISTANA,7ny
AV PERIMETRAL LESTE,7ny
AV PERIMETRAL SUL,7ny
AV PERNAMBUCO,7ny
AV PICO DO CABUGI,7ny
AV PIL CARLOS DEL PRESTE,7ny
AV PINHEIRAIS,7ny
AV PINTASSILGOS,7ny
AV PIRASSUNUNGA,7ny
AV PIRATININGA,7ny
AV POCOS DE CALDAS,7ny
AV POE RENATO CALDAS,7ny
AV PORTO DE PEDRAS,7ny
AV PRAIA DE GENIPABU,7ny
AV PRAIA DE PIRANGI,7ny
AV PRAIA DE PONTA NEGRA,7ny
AV PRAIA DE TIBAU,7ny
AV PRAIA DO FORTE,7ny
AV PRAIA DOS BUZIOS,7ny
AV PREF OMAR OGRADY,7ny
AV PRES BANDEIRA,7ny
AV PRES CAFE FILHO,7ny
AV PRES GETULIO VARGAS,7ny
AV PRES RANIERI MAZZILLI,7ny
AV PRF JOAO MACHADO,7ny
AV PROF JOAO MACHADO,7ny
AV PROF OLAVO MONTENEGRO,7ny
AV PROPRIA,7ny
AV PRUDENTE DE MORAIS,7ny
AV REMADOR CLODOALDO BAKKER,7ny
AV RIO BRANCO,7ny
AV RIO GRANDE DO NORTE,7ny
AV RIO GRANDE DO SUL,7ny
AV RODRIGUES ALVES,7ny
AV RUI BARBOSA,7ny
AV S MIGUEL DOS CARIBES,7ny
AV SALVADOR,7ny
AV SANTAREM,7ny
AV SANTOS DUMONT,7ny
AV SEN SALGADO FILHO,7ny
AV SENADOR CARLOS ALBERTO,7ny
AV SENNY FIALHO,7ny
AV SERGIPE,7ny
AV SERINGUEIRAS,7ny
AV SERRA NEGRA,7ny
AV SOL,7ny
AV SOLANGE NUNES DO NASCIMENTO,7ny
AV TAVARES DE LIRA,7ny
AV TIRADENTES,7ny
AV TOCANTINEA,7ny
AV TRES AMERICAS,7ny
AV TULIPAS,7ny
AV VINTE E CINCO DE DEZEMBRO,7ny
AV XAVANTES,7ny
AV XAVIER DA SILVEIRA,7ny
ES DARCY VARGAS,7ny
ES SILVA JARDIM,7ny
LG CAPIM MACIO,7ny
LG ENG OTAVIO TAVARES,7ny
LG EUCALIPTO,7ny
LG FAROL,7ny
LG INVO UBALDO BEZERRA,7ny
LG ISAURA BENFICA TEIXEIRA,7ny
LG JUNQUEIRA AIRES,7ny
LG MAXARANGUAPE,7ny
LG MIRANTE DAS DUNAS,7ny
LG OCIDENTAL DE BAIXO,7ny
LG PORTO,7ny
PC ALM GONCALVES,7ny
PC ANDRE DE ALBUQUERQUE,7ny
PC ARARUAMA,7ny
PC AUGUSTO LEITE,7ny
PC BANDEIRANTE,7ny
PC CAUCAIA,7ny
PC COBANA,7ny
PC CORUMBA,7ny
PC D VITAL,7ny
PC DR AMARO DE SOUZA MARINHO,7ny
PC EDUARDO CARLOS PEREIRA,7ny
PC ENG WILSON MIRANDA,7ny
PC ESTUDANTE,7ny
PC GENTIL FERREIRA,7ny
PC GIRASSOL,7ny
PC GUARUJA,7ny
PC GUARULHOS,7ny
PC IGUARASSU,7ny
PC IPANEMA,7ny
PC ITAITUBA,7ny
PC JOAO TIBURCIO,7ny
PC JOSE CLEMENTE PEREIRA,7ny
PC LINDALVA TAVEIRA,7ny
PC LIONS CLUB,7ny
PC MAL DEODORO,7ny
PC MAL FLORIANO PEIXOTO,7ny
PC MAUA,7ny
PC MIGUEL CARRILHO,7ny
PC MURIAE,7ny
PC PACAEMBU,7ny
PC PARANAGUA,7ny
PC PE JOAO MARIA,7ny
PC PRACA,7ny
PC PRES JOAO CARVALHO,7ny
PC PRES JUCELINO KUBISTCHECK,7ny
PC PUREZA MOURA,7ny
PC SETE DE SETEMBRO,7ny
PC SOROCABA,7ny
PC STA PAULA FRANCINETE,7ny
PC SUMARE,7ny
PC TEN NOBRE,7ny
PR PRF ACRISIO FREIRE,7ny
PS 101,7ny
PS 33,7ny
PS 70,7ny
PS 71,7ny
PS 72,7ny
PSG S SEBASTIAO,7ny
PSG STA LUIZA,7ny
R #N/D,7ny
R 1 DE JANEIRO,7ny
R 1 DE MAIO,7ny
R 11 LTO UNIAO,7ny
R 15 DE MAIO,7ny
R 15 DE OUTUBRO,7ny
R 17 DE MARCO,7ny
R 20 DE NOVEMBRO,7ny
R 21 DE NOVEMBRO,7ny
R 23 DE MARCO,7ny
R 24 DE AGOSTO,7ny
R 25 DE MARCO,7ny
R 25 DE OUTUBRO,7ny
R 3 LTO UNIAO,7ny
R 3 MILENIO,7ny
R ABACATEIRO,7ny
R ABADIA DOS DOURADOS,7ny
R ABAIARA,7ny
R ABDON TRIGUEIRO,7ny
R ABEL DOMINGUEZ,7ny
R ABEL FERNANDES DA COSTA,7ny
R ABILIO DEODATO DO NASCIMENTO,7ny
R ABIMAEL FLORENCIO BERNARDO,7ny
R ABOIO,7ny
R ABRAAO LIRA FILHO,7ny
R ABRAHAM TAHIM,7ny
R ABREULANDIA,7ny
R ACAI,7ny
R ACALANTO,7ny
R ACARI,7ny
R ACAUÃ,7ny
R ACELUSIO BORGES GOMES,7ny
R ACHILLES MONTEIRO,7ny
R ACOPIARA,7ny
R ACRE,7ny
R ACU,7ny
R ACUCENA,7ny
R ACUDE CACINBA DE CIMA,7ny
R ACUDE CAMPO REDONDO,7ny
R ACUDE CRUZETA,7ny
R ACUDE DE ANGICOS,7ny
R ACUDE DE ITANS,7ny
R ACUDE DE OURO BRANCO,7ny
R ACUDE DE PATAXO,7ny
R ACUDE DO ALIVIO,7ny
R ACUDE DO GAVIAO,7ny
R ACUDE DO IMBUZEIRO,7ny
R ACUDE FLEXAS,7ny
R ACUDE GARGALHEIRA,7ny
R ACUDE JAPI,7ny
R ACUDE MARECHAL RONDON,7ny
R ACUDE MENDOBIM,7ny
R ACUDE POCO BRANCO,7ny
R ACUDE SABUGI,7ny
R ACUDE SANTA CRUZ,7ny
R ACUDE TOURAO,7ny
R ACUDE TRAIRI,7ny
R ACUI,7ny
R ADALBERTO VIANA,7ny
R ADAUTO AURELIO FONSECA,7ny
R ADAUTO CAMARA,7ny
R ADAUTO FREIRE DA SILVA,7ny
R ADELAIDE MOREIRA,7ny
R ADERBAL DE FIGUEIREDO,7ny
R ADERBAL DE FRANCA,7ny
R ADOLFO GORDO,7ny
R ADRIANOPOLIS,7ny
R ADROALDO AMERICO,7ny
R ADV MANOEL AUGUSTO,7ny
R AEROPORTO DA PAMPULHA,7ny
R AEROPORTO DE CONGONHAS,7ny
R AEROPORTO DO GALEAO,7ny
R AEROPORTO DOS GUARARAPES,7ny
R AFONSO EDILSON,7ny
R AFONSO MAGALHAES,7ny
R AFRANIO PEIXOTO,7ny
R AGATA,7ny
R AGOGO,7ny
R AGOSTINHO ALMEIDA,7ny
R AGOSTINHO LEITAO,7ny
R AGRACELE,7ny
R AGRESTINA,7ny
R AGRICOLANDIA,7ny
R AGUA BRANCA,7ny
R AGUA DOCE,7ny
R AGUA FRIA,7ny
R AGUAMARINHA,7ny
R AGUAS BELAS,7ny
R AGUAS CLARAS,7ny
R AGUAS CRISTALINAS,7ny
R AGUAS DA PRATA,7ny
R AGUAS DE CISNE,7ny
R AGUAS DE LINDOIA,7ny
R AGUAS DE MARCO,7ny
R AGUAS DE SAO PEDRO,7ny
R AGUAS FORMOSAS,7ny
R AGUAS MORNAS,7ny
R AGUAS QUENTES,7ny
R AGUAS SANTAS,7ny
R AGUIA,7ny
R AGUIAS,7ny
R AGUINALDO GURGEL JUNIOR,7ny
R AGULHA,7ny
R AIMORE,7ny
R AIRES DA CUNHA,7ny
R ALADIM,7ny
R ALAGOAS,7ny
R ALAGOIANA,7ny
R ALAGOINHA,7ny
R ALAMEDA,7ny
R ALAN KARDEC,7ny
R ALBATROZ,7ny
R ALBERTINA BEZERRA DE ARAUJO,7ny
R ALBERTO MARANHAO,7ny
R ALBERTO SILVA,7ny
R ALBINO FERNANDES BORGES,7ny
R ALCANTARA,7ny
R ALCINDO DIAS DE OLIVEIRA,7ny
R ALCIONE DOWSLEY,7ny
R ALDA RAMALHO PEREIRA,7ny
R ALDO DE MELO FREIRE,7ny
R ALEXANDRE BARAUNA,7ny
R ALEXANDRE CAMARA,7ny
R ALEXANDRE CHAVES NETO,7ny
R ALEXANDRE PINTO,7ny
R ALEXANDRIA,7ny
R ALEXANDRINA DA CONCEICAO,7ny
R ALFENINS,7ny
R ALFREDO ADELTRUDES,7ny
R ALFREDO LIRA,7ny
R ALFREDO PEGADO CORTEZ,7ny
R ALGAROBAS,7ny
R ALGAS,7ny
R ALGODOAL,7ny
R ALIANCA,7ny
R ALICE AZEVEDO,7ny
R ALICE CAMARA,7ny
R ALINE VERISSIMO,7ny
R ALIPIO BANDEIRA,7ny
R ALM ARISTIDES GUILHEN,7ny
R ALM BARROSO,7ny
R ALM NELSON FERNANDES,7ny
R ALM TAMANDARE,7ny
R ALM TEOTONIO CARVALHO,7ny
R ALM TERTIUS REBELO,7ny
R ALMEIDA CASTRO,7ny
R ALMINO AFONSO,7ny
R ALONSO DE ALMEIDA,7ny
R ALPINOPOLIS,7ny
R ALTAMIRA,7ny
R ALTAMIRO BASTO,7ny
R ALTAMIRO LOPES,7ny
R ALTANEIRA,7ny
R ALTEMAR DUTRA,7ny
R ALTEROSA,7ny
R ALTINOPOLIS,7ny
R ALTO DA BACIA,7ny
R ALTO DA BELA VISTA,7ny
R ALTO DA BOA VISTA,7ny
R ALTO DA COLINA,7ny
R ALTO DA FLORESTA,7ny
R ALTO DA GLORIA,7ny
R ALTO DA GRACA,7ny
R ALTO DA LIBERDADE,7ny
R ALTO DA SERRA,7ny
R ALTO DA TORRE,7ny
R ALTO DAS DUNAS,7ny
R ALTO DO MIRAMAR,7ny
R ALTO DO PLANALTO,7ny
R ALTO DOS COQUEIROS,7ny
R ALTO PARANA,7ny
R ALTO PIQUIRI,7ny
R ALTO SANTO,7ny
R ALUA,7ny
R ALUIZIO ALVES,7ny
R ALUIZIO BEZERRA,7ny
R ALVARO CARRILHO,7ny
R ALVERCA,7ny
R ALVORADA,7ny
R ALVORADA DE MINAS,7ny
R ALVORADA DO NORTE,7ny
R ALVORECER,7ny
R ALZIRA SORIANO,7ny
R ALZIRO ZARUR,7ny
R AMALIA NASCIMENTO,7ny
R AMAMBAI,7ny
R AMANARI,7ny
R AMAPA,7ny
R AMAPOLAS,7ny
R AMARANTES,7ny
R AMARILES,7ny
R AMARO BARRETO,7ny
R AMARO LUCIO,7ny
R AMARO MESQUITA,7ny
R AMAZONAS,7ny
R AMELIAMACHADO,7ny
R AMERICO SOARES WANDERLEY,7ny
R AMETISTA,7ny
R AMIANTO,7ny
R AMOR DIVINO,7ny
R AMORPERFEITO,7ny
R AMPARO DA SERRA,7ny
R AMPERE,7ny
R AMULETOS,7ny
R ANA ANGELINA DE MACEDO,7ny
R ANA MARIA CORTEZ,7ny
R ANA MEDEIROS,7ny
R ANA NERI,7ny
R ANA NOQUEIRA MACEDO,7ny
R ANA SANTANA,7ny
R ANACLETO DUARTE,7ny
R ANALANDIA,7ny
R ANANIAS XAVIER DE SOUZA,7ny
R ANAPOLIS,7ny
R ANATALIA DE MELO ALVES,7ny
R ANDALUZIA,7ny
R ANDERSON DE ABREU,7ny
R ANDORINHAS,7ny
R ANDRE MATIAS,7ny
R ANDRELANDIA,7ny
R ANEQUIM,7ny
R ANFILOQUIO PAIVA CAMARA,7ny
R ANFIM,7ny
R ANGATUBA,7ny
R ANGELICAS,7ny
R ANGELINA,7ny
R ANGELO ROSELI,7ny
R ANGELO VARELA,7ny
R ANGICOS,7ny
R ANGRA DOS REIS,7ny
R ANIBAL CORREIA,7ny
R ANIBAL LEITE RIBEIRO,7ny
R ANITA GARIBALDI,7ny
R ANITA MARQUES,7ny
R ANITAPOLIS,7ny
R ANIZIO DE SOUZA,7ny
R ANTIDIO DE AZEVEDO,7ny
R ANTOMAR DE BRITO FREITAS,7ny
R ANTONIA DANTAS,7ny
R ANTONIA DE MORAIS,7ny
R ANTONIA SANTANA,7ny
R ANTONINA,7ny
R ANTONIO ACACIO DO NASCIMENTO,7ny
R ANTONIO ALVES,7ny
R ANTONIO BARACHO DA COSTA,7ny
R ANTONIO BARATEIRO SOBRINHO,7ny
R ANTONIO BARROS CAVALCANTE,7ny
R ANTONIO BATISTA DE ARAUJO,7ny
R ANTONIO CAROLINO,7ny
R ANTONIO CESARIO DA COSTA,7ny
R ANTONIO CHINA,7ny
R ANTONIO CONSELHEIRO,7ny
R ANTONIO DE ALBUQUERQUE,7ny
R ANTONIO DE ALMEIDA,7ny
R ANTONIO DE NANA,7ny
R ANTONIO ELIAS DE FRANCA NETO,7ny
R ANTONIO FARACHE,7ny
R ANTONIO FAUSTO DE OLIVEIRA,7ny
R ANTONIO FELIX,7ny
R ANTONIO FRANCO DE LIMA,7ny
R ANTONIO FREIRE,7ny
R ANTONIO FREIRE LEMOS,7ny
R ANTONIO GALDINO,7ny
R ANTONIO GLICERIO,7ny
R ANTONIO GOMES,7ny
R ANTONIO HENRIQUE DE MELO,7ny
R ANTONIO JORGE,7ny
R ANTONIO JUSTINO DE MEDEIROS,7ny
R ANTONIO LOURENCO,7ny
R ANTONIO MADRUGA,7ny
R ANTONIO MAIA,7ny
R ANTONIO MARTINS,7ny
R ANTONIO MELO,7ny
R ANTONIO MOR,7ny
R ANTONIO PEGADO,7ny
R ANTONIO PEREIRA,7ny
R ANTONIO PINHEIRO,7ny
R ANTONIO PIRES,7ny
R ANTONIO PRADO,7ny
R ANTONIO QUEIROS DE MELO,7ny
R ANTONIO RIBEIRO DE ANDRADE,7ny
R ANTONIO RODRIGUES FILHO,7ny
R ANTONIO SANTA CRUZ,7ny
R ANTONIO SEVERIANO DA CAMARA,7ny
R ANTONIO V. DOS SANTOS,7ny
R ANTONIO VIANA,7ny
R ANTURIOS,7ny
R APARECIDA BEM VINDO,7ny
R APIPUCOS,7ny
R APIUNA,7ny
R APOCALIPSE,7ny
R APODI,7ny
R APOLONIO DE SOUZA,7ny
R APOLONIO FELIX,7ny
R APST ANDRE,7ny
R APST FELIPE,7ny
R APST PAULO,7ny
R APST PEDRO,7ny
R APST SIMAO,7ny
R APST TADEU,7ny
R APST TIAGO,7ny
R APST TOME,7ny
R AQUIDAUANA,7ny
R AQUINOPOLIS,7ny
R AQUIRAZ,7ny
R ARABAIANA,7ny
R ARABUTA,7ny
R ARACA,7ny
R ARACATI,7ny
R ARACATUBA,7ny
R ARACITABA,7ny
R ARACUAI,7ny
R ARACY DE ALMEIDA,7ny
R ARAGAO,7ny
R ARAGUACU,7ny
R ARAGUAIA,7ny
R ARAGUAINA,7ny
R ARAGUARI,7ny
R ARANAU,7ny
R ARAPIRACA,7ny
R ARAPOEMA,7ny
R ARAPONGA,7ny
R ARAPOTI,7ny
R ARAPUA,7ny
R ARAPUTANGA,7ny
R ARAQUACEMA,7ny
R ARARAI,7ny
R ARARANGUAI,7ny
R ARARANGUÁ,7ny
R ARARAQUARA,7ny
R ARARAS,7ny
R ARARAÚNA,7ny
R ARARIPE,7ny
R ARARUNA,7ny
R ARATU,7ny
R ARAUCARIA,7ny
R ARAXA,7ny
R ARCO-IRIS,7ny
R ARDOSIA,7ny
R AREIA BRANCA,7ny
R AREIAL,7ny
R AREIAS,7ny
R ARENOPOLIS,7ny
R ARGOLINHAS,7ny
R ARI BARROSO,7ny
R ARISTIDES LOBO,7ny
R ARISTIDES PORPINO FILHO,7ny
R ARLINDO ARARIPE,7ny
R ARLINDO FARIAS,7ny
R ARMINO MORAIS PORTELA,7ny
R ARNALDO NEVES SILVA,7ny
R ARQ EXPEDITO MESQUITA OLIVEIRA LOPES JUNIOR,7ny
R ARREBOL,7ny
R ARROIO CHUI,7ny
R ARTESAO FARIAS,7ny
R ARTHUR MEDEIROS,7ny
R ARTS DARY MIRANDA,7ny
R ARUEIRA,7ny
R ARVORES,7ny
R ARY PARREIRAS,7ny
R ASCENSO FERREIRA,7ny
R ASSAD SALHA,7ny
R ASSARE,7ny
R ASSIS BRASIL,7ny
R ASSUNCAO,7ny
R ASTOR DOS SANTOS DANTAS,7ny
R ASTROGILDO SEGUNDO,7ny
R ATABAQUES,7ny
R ATALAIA,7ny
R ATAULFO ALVES,7ny
R ATIBAIA,7ny
R ATLETICANOS,7ny
R ATLETICO NORTE,7ny
R ATOL DAS ROCAS,7ny
R ATOL DE SAO PEDRO,7ny
R ATONIO JOSE SAMPAIO,7ny
R AUGUSTO ALVES,7ny
R AUGUSTO CALHEIROS,7ny
R AUGUSTO DOS ANJOS,7ny
R AUGUSTO DOURADO,7ny
R AUGUSTO LEOPOLDO,7ny
R AUGUSTO MONTEIRO,7ny
R AUGUSTO SEVERO,7ny
R AUGUSTO SEVERO NETO,7ny
R AURELIO PINHEIRO,7ny
R AURILANDIA,7ny
R AURIVERDE,7ny
R AURORA,7ny
R AUTA DE SOUZA,7ny
R AVARE,7ny
R AVELINO TEIXEIRA,7ny
R AVENCAS,7ny
R AYRTON SENNA,7ny
R AZALEIAS,7ny
R AZINHEIRA,7ny
R BACUPARI,7ny
R BADEJO,7ny
R BAEPENDI,7ny
R BAGE,7ny
R BAGRE,7ny
R BAHIA,7ny
R BAIA DAS CANARIAS,7ny
R BAIA DE SAO JOSE,7ny
R BAIA DE SAO MARCOS,7ny
R BAIA DE TURIACU,7ny
R BAIA FORMOSA,7ny
R BAIAO,7ny
R BAITOPORA,7ny
R BALSA NOVA,7ny
R BALSAMO,7ny
R BAMBUI,7ny
R BAMBUS,7ny
R BANANEIRA,7ny
R BANANEIRAS,7ny
R BANDEIRANTES,7ny
R BANDEIRAS,7ny
R BARAUNA,7ny
R BARBACENA,7ny
R BARBALHA,7ny
R BARCELONA,7ny
R BARIRI,7ny
R BARRA BONITA,7ny
R BARRA DA GARCA,7ny
R BARRA DA LAGUNA,7ny
R BARRA DO CAMPO,7ny
R BARRA DO PIRAI,7ny
R BARRA DO RIO,7ny
R BARRA MANSA,7ny
R BARRA VELHA,7ny
R BARREIRINHA,7ny
R BARREIROS,7ny
R BARROLANDIA,7ny
R BARTOLOMEU FERRAZ,7ny
R BARUERI,7ny
R BARZOPOLIS,7ny
R BARÃO DE MELGAÇO,7ny
R BASALTO,7ny
R BATUQUE,7ny
R BATURITE,7ny
R BAURU,7ny
R BAUXITA,7ny
R BAYEUX,7ny
R BEATRIZ PINHEIRO,7ny
R BEATRIZ RAMALHO,7ny
R BEBERIBE,7ny
R BEIRA CANAL,7ny
R BEIRA MAR,7ny
R BEIRA RIO,7ny
R BEL BRENO BARROS,7ny
R BEL FRANCISCO MENEZES DE MELO,7ny
R BEL HERACLITO VILAR,7ny
R BELA COLINA,7ny
R BELA CRUZ,7ny
R BELA FLOR,7ny
R BELA VISTA,7ny
R BELAS ARTES,7ny
R BELEM,7ny
R BELEM CAMARA,7ny
R BELIZARIO DE MEDEIROS DANTAS,7ny
R BELO HORIZONTE,7ny
R BELO JARDIM,7ny
R BELO MONTE,7ny
R BELO ORIENTE,7ny
R BELO VALE,7ny
R BEM-TI-VI,7ny
R BENEDITO,7ny
R BENEDITO ALVES DA SILVA,7ny
R BENEDITO BENICIO,7ny
R BENEDITO DOS SANTOS,7ny
R BENJAMIM CONSTANT,7ny
R BENJAMIM FERREIRA DE BRITO,7ny
R BERILO,7ny
R BERILO WANDERLEY,7ny
R BERLINDA,7ny
R BERNARDO DA MOTA,7ny
R BERNARDO DORIA,7ny
R BERTIOGA,7ny
R BETEL,7ny
R BETONITA,7ny
R BETULA,7ny
R BETUME,7ny
R BEZERRA DA SILVA,7ny
R BEZERRA DE MENEZES,7ny
R BIANOR MARINHO,7ny
R BIANOR MEDEIROS,7ny
R BIGUACU,7ny
R BOA AUREA,7ny
R BOA ESPERACA,7ny
R BOA ESPERANCA,7ny
R BOA ESPERANÇA,7ny
R BOA UNIAO,7ny
R BOA VENTURA,7ny
R BOA VISTA,7ny
R BOAS NOVAS,7ny
R BOCAINA,7ny
R BOCAIUNA,7ny
R BOCAIUVA,7ny
R BOGOTA,7ny
R BOI-CALEMBA,7ny
R BOIADEIROS,7ny
R BOIADEIROS DO ACUCAR,7ny
R BOIBARROSO,7ny
R BOIESPACIO,7ny
R BOIMISTERIOSO,7ny
R BOIPINTADINHO,7ny
R BOISURUBIM,7ny
R BOITA-TA,7ny
R BOM FIM,7ny
R BOM JARDIM,7ny
R BOM JESUS,7ny
R BOM PASTOR,7ny
R BOM REPOUSO,7ny
R BOM RETIRO,7ny
R BOM SAMARITANO,7ny
R BOM SUCESSO,7ny
R BOMBARQUINHO,7ny
R BORBOREMA,7ny
R BORDA DA MATA,7ny
R BORGES DE CASTRO,7ny
R BOROROS,7ny
R BOTAFOGO,7ny
R BOTUMIRIM,7ny
R BOUGARIS,7ny
R BPO DE MOURA,7ny
R BR DE COCAIS,7ny
R BR DE GRAJAU,7ny
R BR DE LADARIO,7ny
R BR DE LUCENA,7ny
R BR DE MAUA,7ny
R BR DE SERRA BRANCA,7ny
R BR DE URUGUAIANA,7ny
R BR DO ACU,7ny
R BR DO CURIMATAU,7ny
R BR DO TRIUNFO,7ny
R BRAGANTINA,7ny
R BRANCA FONSECA PIZA PEDROZA,7ny
R BRANDAO,7ny
R BRASILEIA,7ny
R BRASILIA,7ny
R BRASOPOLIS,7ny
R BRILHANTE,7ny
R BRISA DA TARDE,7ny
R BRISA DO MAR,7ny
R BRITANIA,7ny
R BROMELIAS,7ny
R BRONZITA,7ny
R BRUNO FERNANDES,7ny
R BRUSQUE,7ny
R BUENOPOLIS,7ny
R BUENOS AIRES,7ny
R BURITAMA,7ny
R BURITI,7ny
R BUZI,7ny
R C C A B SUL,7ny
R CAAPEBA,7ny
R CAARAPO,7ny
R CABO BRANCO,7ny
R CABO DE SAO ROQUE,7ny
R CABO DE SAO TOME,7ny
R CABO DO BACOPARI,7ny
R CABO FRIO,7ny
R CABO ORANGE,7ny
R CABOCLO VERISSIMO,7ny
R CABUGI,7ny
R CACAO,7ny
R CACHOEIRA,7ny
R CACHOEIRA DA PRATA,7ny
R CACHOEIRA DE MINAS,7ny
R CACHOEIRA DOURADA,7ny
R CACHOEIRINHA,7ny
R CACIMBA,7ny
R CAETANO SANCHES,7ny
R CAETANOPOLIS,7ny
R CAETE,7ny
R CAETITE,7ny
R CAFARNAUM,7ny
R CAFEARA,7ny
R CAFELANDIA,7ny
R CAICOS,7ny
R CAIENA,7ny
R CAIO GALVAO DE LIMA,7ny
R CAJAPIO,7ny
R CAJARANA,7ny
R CAJAZEIRAS,7ny
R CAJU-ACU,7ny
R CAJUEIRO,7ny
R CAJUPIRANGA,7ny
R CALCAREO,7ny
R CALDAS NOVAS,7ny
R CALISTRATO CARRILHO,7ny
R CAMANDUCAIA,7ny
R CAMAPUA,7ny
R CAMARA,7ny
R CAMARAGIBE,7ny
R CAMARGO,7ny
R CAMBARA,7ny
R CAMBE,7ny
R CAMBORIM,7ny
R CAMBORIU,7ny
R CAMBUI,7ny
R CAMELIAS,7ny
R CAMILE ALVES,7ny
R CAMILO DE PAULA,7ny
R CAMILO E SILVA,7ny
R CAMINHO DE AREIA,7ny
R CAMINHO NOVO,7ny
R CAMPANARIO,7ny
R CAMPESTRE MENINO JESUS,7ny
R CAMPINA,7ny
R CAMPINA GRANDE,7ny
R CAMPINA VERDE,7ny
R CAMPINAS,7ny
R CAMPO,7ny
R CAMPO BELO,7ny
R CAMPO DOS PALMARES,7ny
R CAMPO FLORIDO,7ny
R CAMPO GRANDE,7ny
R CAMPO LARGO,7ny
R CAMPO LIMPO,7ny
R CAMPO MAIOR,7ny
R CAMPO NOVO,7ny
R CAMPO SANTO,7ny
R CAMPO SILVA,7ny
R CAMPOS,7ny
R CAMPOS DE JORDAO,7ny
R CAMPOS LIMPOS,7ny
R CAMURUPIM,7ny
R CANAA,7ny
R CANANEIA,7ny
R CANANGIA,7ny
R CANAPUM,7ny
R CANARIOS,7ny
R CANAVIEIRA,7ny
R CANDEIAS,7ny
R CANDIDO MEDEIROS,7ny
R CANDIDO NOGUEIRA,7ny
R CANDIDO PORTINARI,7ny
R CANINDES,7ny
R CANOAS,7ny
R CANOEIROS,7ny
R CANTAGALO,7ny
R CANTIGA DE RODA,7ny
R CANTO DA FLORESTA,7ny
R CANTO DAS ROSAS,7ny
R CANUDOS,7ny
R CAP ABDON NUNES,7ny
R CAP DOBICO,7ny
R CAP EUCLYDES MOREIRA DA SILVA,7ny
R CAP JOAO RIBEIRO MACHADO,7ny
R CAP MANOEL CAVALCANTI DE ALBUQUERQUE,7ny
R CAP NASCIMENTO RAMOS,7ny
R CAP SILVEIRA BARRETO,7ny
R CAPANEMA,7ny
R CAPARAO,7ny
R CAPELA,7ny
R CAPITUBA,7ny
R CARA-CARA,7ny
R CARAI,7ny
R CARAIBA,7ny
R CARAMBEI,7ny
R CARAMBOLEIRA,7ny
R CARAMURU,7ny
R CARANDAI,7ny
R CARANGOLA,7ny
R CARAPEBA,7ny
R CARAPO,7ny
R CARATINGA,7ny
R CARAUBAS,7ny
R CARBONO,7ny
R CARCARAS,7ny
R CARDEAIS,7ny
R CARDEIROS,7ny
R CARDOSO,7ny
R CARIACA,7ny
R CARIACICA,7ny
R CARICE,7ny
R CARIPUNAS,7ny
R CARLOS ALEXANDRE,7ny
R CARLOS ANTONIO DA SILVA NEVES,7ny
R CARLOS CHAGAS,7ny
R CARLOS FARACHE,7ny
R CARLOS FILGUEIRA,7ny
R CARLOS GOMES,7ny
R CARLOS JOSE DA SILVA,7ny
R CARLOS LAMAS,7ny
R CARLOS TAVARES,7ny
R CARMO DE MINAS,7ny
R CARNAUBA DOS DANTAS,7ny
R CARNAUBAS,7ny
R CARRAPATEIRAS,7ny
R CART AGNALDO,7ny
R CART IVO,7ny
R CART JOSE LUCIO DA SILVA,7ny
R CART MACEDO,7ny
R CART MANOEL NETO,7ny
R CARTAGENA,7ny
R CARUARU,7ny
R CARUSO,7ny
R CARVALHO,7ny
R CARVAO DE PEDRA,7ny
R CASA GRANDE,7ny
R CASA NOVA,7ny
R CASCATINHA,7ny
R CASCAVEL,7ny
R CASSIA,7ny
R CASSITERITA,7ny
R CASTANHOLA,7ny
R CASTELO BRANCO,7ny
R CASTRO ALVES,7ny
R CASUARINA,7ny
R CATAGUASES,7ny
R CATANDUVAS,7ny
R CATETINHO,7ny
R CATOLE DO ROCHA,7ny
R CAULIM,7ny
R CAVACO CHINES,7ny
R CAVACOCHINES,7ny
R CAVALA,7ny
R CAVALHADAS,7ny
R CAVALO MARINHO,7ny
R CAXAMBU,7ny
R CAXIAS DO SUL,7ny
R CB HONORIO,7ny
R CB MANUEL DA COSTA,7ny
R CEARA,7ny
R CEARA MIRIM,7ny
R CEARENSE,7ny
R CECILIO DO NASCIMENTO,7ny
R CEDRO DO ABAETE,7ny
R CEDRO DO ABAETÉ,7ny
R CEDRORAMA,7ny
R CEGO ADERALDO,7ny
R CEILANDIA,7ny
R CEL AJAX RIBAMAR,7ny
R CEL AURIS COELHO,7ny
R CEL AVELINO FREIRE,7ny
R CEL BEZERRA,7ny
R CEL BORGES,7ny
R CEL CASCUDO,7ny
R CEL COELHO,7ny
R CEL COSTA PINHEIRO,7ny
R CEL FELINTO ELIZIO,7ny
R CEL FLAMINIO,7ny
R CEL FRANCISCO BORGES,7ny
R CEL FRANCISCO MAIA SOBRINHO,7ny
R CEL GLICERIO CICERO,7ny
R CEL GUERREIRO,7ny
R CEL INACIO VALE,7ny
R CEL JOAO GOMES,7ny
R CEL JOAO TINOCO,7ny
R CEL JOAQUIM CORREIA,7ny
R CEL JOAQUIM MANOEL,7ny
R CEL JOSE BERNARDO,7ny
R CEL JOSE BEZERRA,7ny
R CEL JOSE BEZERRA DE ANDRADE,7ny
R CEL JOSE DOMINGUES,7ny
R CEL JOSE GUIMARAES,7ny
R CEL JOSE PINTO,7ny
R CEL JOSE REVOREDO,7ny
R CEL JUVENTINO CABRAL,7ny
R CEL LINS CALDAS,7ny
R CEL LUCIANO SALDANHA,7ny
R CEL LUIZ JULIO,7ny
R CEL MARIO CABRAL,7ny
R CEL MILTON FREIRE,7ny
R CEL PEDRO SOARES,7ny
R CEL PESSOA,7ny
R CEL REVOREDO FILHO,7ny
R CEL SANTOS,7ny
R CEL SILVINO BEZERRA,7ny
R CELIO PETROVICH,7ny
R CENTRAL,7ny
R CENTRO DA LAGOA,7ny
R CENTRO NOVO,7ny
R CERAMICA,7ny
R CEREJEIRA,7ny
R CERRO AZUL,7ny
R CESIMAR BORGES,7ny
R CEU AZUL,7ny
R CGU,7ny
R CHAPADA DIAMANTINA,7ny
R CHAPADA DO APODI,7ny
R CHAPADA DO ARARIPE,7ny
R CHAPADA DO ESPIGAO MESTRE,7ny
R CHAPADA DO NORTE,7ny
R CHAPADA DOS PARECIS,7ny
R CHAPECO,7ny
R CHARQUEADAS,7ny
R CHESF,7ny
R CHICO SANTEIRO,7ny
R CHICO SERRA,7ny
R CHILE,7ny
R CHUMBO,7ny
R CICERA CRUZ,7ny
R CICERO AZEVEDO,7ny
R CICERO BUCHA,7ny
R CICERO DANTAS,7ny
R CICERO MENDONCA,7ny
R CICERO PINHEIRO,7ny
R CICERO PINTO,7ny
R CICERO VERISSIMO DE OLIVEIRA,7ny
R CICLO DO COURO,7ny
R CIDADE ALTA,7ny
R CIDADE DO SOL,7ny
R CINELANDIA,7ny
R CINET GLAUBER ROCHA,7ny
R CIOBA,7ny
R CIPRESTES,7ny
R CIRILO MOREIRA,7ny
R CIRO MONTEIRO,7ny
R CISNES,7ny
R CLARA CAMARAO,7ny
R CLARA DE CASTRO,7ny
R CLAUDIO GOMES TEIXEIRA,7ny
R CLAUDIO JOSE,7ny
R CLAUDIO MACHADO,7ny
R CLAUDIONOR DE ANDRADE,7ny
R CLAUDIONOR FIGUEIREDO,7ny
R CLECIO BARRETO,7ny
R CLEMENTINA DE JESUS,7ny
R CLEMENTINO FARIA,7ny
R CLIDENOR FERREIRA DA COSTA,7ny
R CLORITA,7ny
R CLOVIS BEVILAQUA,7ny
R CLOVIS SARGENTO,7ny
R CMTE BALDUINO,7ny
R CMTE MONTEIRO CHAVES,7ny
R CNSO BRITO GUERRA,7ny
R CNSO LAFAIETE,7ny
R CNSO TARQUINO,7ny
R CNSO TRISTAO,7ny
R COARACI,7ny
R COBRE,7ny
R COCO DE RODA,7ny
R COCO DE ZAMBE,7ny
R COEMACU,7ny
R COLINAS DO PAJUCARA,7ny
R COLORADO,7ny
R COLUMBITA,7ny
R COMANDANTE COSTA,7ny
R COMERCIARIO CARLOS SERRANO,7ny
R COMETAS,7ny
R COMUNIDADE EM ACAO,7ny
R CON DEOCLIDES DINIZ,7ny
R CON LEAO FERNANDES,7ny
R CON LUIZ WANDERLEY,7ny
R CON MONTE,7ny
R CONCEICAO,7ny
R CONCEICAO DE MACABU,7ny
R CONCORDIA,7ny
R CONCRIZES,7ny
R CONDADO,7ny
R CONDOR,7ny
R CONFESSORFIALHO,7ny
R CONGONHAS,7ny
R CONGOS,7ny
R CONQUISTA,7ny
R CONSOLACAO,7ny
R CONST SEVERINO BEZERRA,7ny
R COPACABANA,7ny
R COQUEIRAL,7ny
R COQUEIRO,7ny
R COQUEIROS,7ny
R CORACAO DE  MARIA,7ny
R CORACAO DE JESUS,7ny
R CORAIS,7ny
R CORCOVADO,7ny
R CORDAOAZUL,7ny
R CORDAOENCARNADO,7ny
R CORDEL,7ny
R CORDOBA,7ny
R COROAS,7ny
R CORONEL EZEQUIEL,7ny
R CORONEL FARIAS,7ny
R CORONEL JOAQUIM MARTINIANO NETO,7ny
R CORREIA TELES,7ny
R CORRIENTES,7ny
R CORRUPIO,7ny
R CORTEZ PEREIRA,7ny
R CORUPA,7ny
R CORVINA,7ny
R COSME DAMIAO,7ny
R COTOVIAS,7ny
R COUTO MAGALHAES,7ny
R CPTO ERONIDES DE FRANCA,7ny
R CPTO JOSE LUIZ,7ny
R CRATEUS,7ny
R CRATO,7ny
R CRAVOLANDIA,7ny
R CRENDICES,7ny
R CREPUSCULO,7ny
R CRESO BEZERRA,7ny
R CRICIUMA,7ny
R CRISTAIS DE GELO,7ny
R CRISTAL DE ROCHA,7ny
R CRISTALINO,7ny
R CRISTINA MELO,7ny
R CRISTO REDENTOR,7ny
R CRISTO REI,7ny
R CRIZOPOLIS,7ny
R CRTA ERNANI LOPES,7ny
R CRTA JOSE AUGUSTO DOS SANTOS,7ny
R CRTA LUIZ SERGIO DE OLIVEIRA MEDEIROS,7ny
R CRTA MARCINIO DIAS,7ny
R CRTA SALATIEL DE VASCONCELOS SILVA,7ny
R CRUZ,7ny
R CRUZ ALTA,7ny
R CRUZ DE MALTA,7ny
R CRUZ E SOUZA,7ny
R CRUZEIRO,7ny
R CRUZEIRO DO OESTE,7ny
R CRUZEIRO DO SUL,7ny
R CT CARLOS ALEXANDRE,7ny
R CTA CARMEM MIRANDA,7ny
R CTA CLARA NUNES,7ny
R CTA DOLORES DURAN,7ny
R CTA ELIS REGINA,7ny
R CTA MAYSA MATARAZZO,7ny
R CTA NARA LEAO,7ny
R CUBATAO,7ny
R CUMARU,7ny
R CUNHA PORA,7ny
R CURIMATA,7ny
R CURITIBA,7ny
R CURITIBANOS,7ny
R CURRAIS NOVOS,7ny
R CURURIPE,7ny
R CURVELO,7ny
R CUSSY DE ALMEIDA,7ny
R CÍCERO SANTOS,7ny
R D ANTONIO DE ALMEIDA LUSTOSA,7ny
R D BOSCO,7ny
R D EXPEDITO,7ny
R D FRANCISCO DE ALMEIDA,7ny
R D HENRIQUE ARAGAO,7ny
R D JOAQUIM DE ALMEIDA,7ny
R D JOSE PEREIRA ALVES,7ny
R D JOSE TOMAZ,7ny
R D LOPO HENRIQUES,7ny
R D PEDRO I,7ny
R D ROMERO,7ny
R DA MARIA CAMARA,7ny
R DALILA JANUARIO DO NASCIMENTO,7ny
R DALLAS,7ny
R DALTON BARBOSA,7ny
R DAMIAO,7ny
R DANIELE TORRES,7ny
R DANIELLE SOARES,7ny
R DANTAS BARRETO,7ny
R DECIO FONSECA,7ny
R DELMIRO GOUVEIA,7ny
R DEMARIO GOES,7ny
R DEMOCRITO DE SOUZA PAIVA,7ny
R DEP ARISTOFANES FERNANDES,7ny
R DEP ARNOBIO DE ABREU,7ny
R DEP CLOVIS MOTTA,7ny
R DEP DJALMA MARINHO,7ny
R DEP JOAQUIM INACIO DE C NETO,7ny
R DEP JOCELIM VILAR,7ny
R DEP MANOEL AVELINO SOBRINHO,7ny
R DEP MARCILIO FURTADO,7ny
R DEP MARIA DO CEU PEREIRA FERNANDES,7ny
R DES ADAUTO MAIA,7ny
R DES ANTONIO SEREJO,7ny
R DES ANTONIO SOARES,7ny
R DES BENICIO FILHO,7ny
R DES CARLOS AUGUSTO,7ny
R DES DIONISIO FILGUEIRA,7ny
R DES FABRICIO GOMES PEDROZA,7ny
R DES FELIPE GUERRA,7ny
R DES FLORIANO CAVALCANTE,7ny
R DES FRANCISCO DE ASSIS MARTINS,7ny
R DES HEMETERIO FERNANDES,7ny
R DES JOAO DANTAS SALES,7ny
R DES JOAO VICENTE DA COSTA,7ny
R DES JOAO VICENTE DACOSTA,7ny
R DES JOSE GOMES DA COSTA,7ny
R DES LEMOS FILHOS,7ny
R DES LINS BAHIA,7ny
R DES MONTENEGRO,7ny
R DES OSCAR SIQUEIRA,7ny
R DES SEVERINO SOARES,7ny
R DES SILVERIO SOARES,7ny
R DES SILVINO BEZERRA NETO,7ny
R DES SINVAL MOREIRA DIAS,7ny
R DES TOMAS SALUSTINO,7ny
R DES TULIO BEZERRA DE MELO,7ny
R DES VIRGILIO DANTAS,7ny
R DESEMB REGULO TINOCO,7ny
R DESP ADRIANO ROCHA,7ny
R DESP ARLINDO FERREIRA DA SILVA,7ny
R DESP ARTHUR VEIGA,7ny
R DESP ARY SOARES,7ny
R DESP DOMINICIO BEZERRA DAS NEVES,7ny
R DESP EUCLIDES VITAL LIRA,7ny
R DESP EUGENIO SILVA,7ny
R DESP FABRICIO GOMES PEDROZA,7ny
R DESP FRANCISCO GOMES,7ny
R DESP JEREMIAS PINHEIROS DA CAMARA FILHO,7ny
R DESP JOSE AUGUSTO DE FREITAS,7ny
R DESP JOSE LEAO DE OLIVEIRA,7ny
R DESP JOSE PROCOPIO FILHO,7ny
R DESP MANOEL LEONARDO NOGUEIRA,7ny
R DESP RAIMUNDO NONATO PEREIRA,7ny
R DEUS E AMOR,7ny
R DEUS NOS GUIE,7ny
R DIADEMA,7ny
R DIAMANTE,7ny
R DIAMANTE NEGRO,7ny
R DIAMANTINA,7ny
R DIANOPOLIS,7ny
R DIAS D AVILA,7ny
R DIATOMITA,7ny
R DIDEROT RIBEIRO,7ny
R DIEGO GOIS,7ny
R DINARTE MARIZ NETO,7ny
R DIONISIO LOPES,7ny
R DIONIZIO ARACATI CALDAS,7ny
R DIST JOSE FERNANDES,7ny
R DISTRITO FEDERAL,7ny
R DIVINOLANDIA,7ny
R DIVINOPOLIS,7ny
R DIX-HUIT ROSADO,7ny
R DJALMA MARANHAO,7ny
R DJALMA MOURA,7ny
R DOIS RIACHOS,7ny
R DOMINGOS AMADO,7ny
R DOMINGOS SAVIO,7ny
R DONA ISABEL DE BRITO LIMA,7ny
R DONZELAS,7ny
R DOURADO,7ny
R DOURADOS,7ny
R DOZE DE JANEIRO,7ny
R DOZE DE OUTUBRO,7ny
R DR ABELARDO CALAFANGE,7ny
R DR ADERSON DUTRA DE ALMEIDA,7ny
R DR ALDO FERNANDES,7ny
R DR ALEXANDER FLEMING,7ny
R DR ALOYSIO DE CASTRO,7ny
R DR ALVARO ALVIM,7ny
R DR ALVARO NAVARRO,7ny
R DR ALVARO OZORIO DE ALMEIDA,7ny
R DR AMARO IENAGA,7ny
R DR ANTONIO DE SOUZA,7ny
R DR ANTONIO GONCALVES,7ny
R DR ANTONIO MACHADO DE ALCANTARA,7ny
R DR ANTONIO PEREIRA DE MACEDO,7ny
R DR ANTONIO PINTO DE MEDEIROS,7ny
R DR ARNALDO VIEIRA DE CARVALHO,7ny
R DR AUGUSTO CESINO M DE MEDEIROS,7ny
R DR AURINO FERNANDES,7ny
R DR BARATA,7ny
R DR BRUNO PEREIRA,7ny
R DR CARLOS PASSOS,7ny
R DR CARNEIRO RIBEIRO,7ny
R DR CELSO RAMALHO,7ny
R DR CESAR CABRAL,7ny
R DR CLOVIS GENTILE,7ny
R DR COSTA RIBEIRO,7ny
R DR CUSSI JUNIOR,7ny
R DR DALTON CUNHA,7ny
R DR EPITACIO ANDRADE,7ny
R DR ERICO DA COSTA ONOFRE,7ny
R DR ERNANI CABRAL,7ny
R DR ERNESTO FONSECA,7ny
R DR EUCLIDES DA CUNHA,7ny
R DR EWERTON DANTAS CORTEZ,7ny
R DR FERREIRINHA DE LIMA,7ny
R DR FRANCISCO IVO TRINDADE,7ny
R DR FRANCISCO LEITE DE CARVALHO,7ny
R DR FRANCISCO MARIA DE SOUZA,7ny
R DR FRANCISCO SA,7ny
R DR GALDINO BISNETO DOS S. LIMA,7ny
R DR GUILHERME DE ALMEIDA,7ny
R DR HEITOR CARRILHO,7ny
R DR HERNANI HUGO GOMES,7ny
R DR HORACIO,7ny
R DR ISRAEL NUNES,7ny
R DR JOAO ABDON DA SILVA,7ny
R DR JOAO CHAVES,7ny
R DR JOAO FRANCISCO DE OLIVEIRA,7ny
R DR JOAO MACHADO,7ny
R DR JOAO RODRIGUES DA SILVA,7ny
R DR JOAO TINOCO FILHO,7ny
R DR JONAS DE OLIVEIRA LEITE,7ny
R DR JOSE AUGUSTO BEZERRA DE MEDEIROS,7ny
R DR JOSE AURINO DA ROCHA,7ny
R DR JOSE BEZERRA,7ny
R DR JOSE BORGES,7ny
R DR JOSE GONCALVES,7ny
R DR JOSE INACIO DE CARVALHO,7ny
R DR JOSE NEVES,7ny
R DR JOSE PEDRO BEZERRA,7ny
R DR JULIO DE CASTILHO,7ny
R DR JULIO DE MESQUITA,7ny
R DR JULIO RESENDE,7ny
R DR LAURO PINTO,7ny
R DR LUIZ ANTONIO,7ny
R DR LUIZ COELHO,7ny
R DR LUIZ DUTRA,7ny
R DR LUIZ FELIPE CAMARA,7ny
R DR MANOEL AUGUSTO BEZERRA DE ARAUJO,7ny
R DR MANOEL DA COSTA SOUZA,7ny
R DR MANOEL DANTAS,7ny
R DR MARIANO SILVA,7ny
R DR MARIO NEGOCIO,7ny
R DR MIGUEL COUTO,7ny
R DR MILTON SANTOS,7ny
R DR MIRANDA,7ny
R DR MOISES GOSSON,7ny
R DR MUCIO GALVAO,7ny
R DR MUCIO VILLAR RIBEIRO DANTAS,7ny
R DR NILDO ALFF,7ny
R DR NILO BEZERRA RAMALHO,7ny
R DR NIZARIO GURGEL,7ny
R DR ORLANDO DE AZEVEDO,7ny
R DR OSORIO TENORIO,7ny
R DR OSVALDO FORTES DO REGO,7ny
R DR OTAVIO MAIA,7ny
R DR PACHECO DANTAS,7ny
R DR PAULO LEIVAS MACALAO,7ny
R DR PAULO LEYVA MACALAO,7ny
R DR PAULO VIVEIROS,7ny
R DR PEDRO AMORIM,7ny
R DR PEDRO ERNESTO,7ny
R DR PEDRO LOPES CARDOSO,7ny
R DR PEDRO SEGUNDO DE ARAUJO,7ny
R DR PINTO DE ABREU,7ny
R DR PLACIDO DE CASTRO,7ny
R DR PONCIANO BARBOSA,7ny
R DR POTY NOBREGA,7ny
R DR QUINHO CHAVES,7ny
R DR RAIMUNDO CORREIA,7ny
R DR RAUL ALENCAR,7ny
R DR RENATO DANTAS,7ny
R DR RICARDO BARRETO,7ny
R DR ROMULO JORGE,7ny
R DR SEBASTIAO ZUZA DE MATOS,7ny
R DR SERQUIZ FARKATT,7ny
R DR SILVINO MEIRA E SA BEZERRA,7ny
R DR VARELA SANTIAGO,7ny
R DR VICENTE DE CARVALHO,7ny
R DR VICENTE FARACHE,7ny
R DR VIRIATO CORREIA,7ny
R DRA MIRIAN PINHEIRO VIEIRA DE SOUZA,7ny
R DRA NIVEA MADRUGA,7ny
R DRAGAO DO MAR,7ny
R DULCE MEIRA E SA FIGUEIREDO,7ny
R DUNAS,7ny
R DUNAS II,7ny
R DUNAS VI,7ny
R DURVAL PORPINO,7ny
R EBANO,7ny
R EBENEZER,7ny
R EDGAR BARBOSA,7ny
R EDILSON DIAS DOS SANTOS,7ny
R EDILZA MACIEL,7ny
R EDIONDAS FERNANDES DE CASTRO,7ny
R EDNALDO CALDAS,7ny
R EDSON FIALHO,7ny
R EDSON PINTO DA SILVA,7ny
R EDSON TEIXEIRA DA SILVA,7ny
R EDUARDO FRANCA,7ny
R EDUARDO FREIRE,7ny
R EDUARDO GOMES,7ny
R EDUARDO GURGEL,7ny
R EDUARDO MEDEIROS,7ny
R EDVAR REIS,7ny
R EFRAIM VERAS,7ny
R EIDER CARVALHO,7ny
R EL - SHADAY,7ny
R ELDORADO,7ny
R ELETR ELIAS FERREIRA,7ny
R ELETRICISTA JOAO TRAJANO DA SILVA,7ny
R ELEUSIS MAGNUS LOPES CARDOSO,7ny
R ELIA BARROS,7ny
R ELIANE MARCELINO,7ny
R ELIAS DE SOUZA,7ny
R ELIAS SALEM DA SILVA,7ny
R ELIONE GABRIEL DE SANTANA,7ny
R ELITE SALUSTINO OVIDIO,7ny
R ELIZABETH,7ny
R ELIZETH CARDOSO,7ny
R ELIZEU MEDEIROS CARNEIRO,7ny
R ELLYON,7ny
R ELMO PIGNATARO,7ny
R ELOI DE SOUZA,7ny
R ELVIRO CARRILHO,7ny
R EMANUEL BEZERRA,7ny
R EMBAIBA,7ny
R EMBU-GUACU,7ny
R ENCANTO,7ny
R ENEAS GARCIA DA CRUZ,7ny
R ENEAS REIS,7ny
R ENFA CARMELITA GOMES,7ny
R ENFO JOAO CORREIA DA SILVA,7ny
R ENG AMON SARAIVA DA SILVEIRA,7ny
R ENG ANTONIO LIRA,7ny
R ENG ARLINDO PEREIRA DA SILVA,7ny
R ENG BERTHOLDO GURGEL,7ny
R ENG CAMILO BARRETO,7ny
R ENG CARLOS ALBERTO LIBERATO,7ny
R ENG CLODOALDO CALDAS,7ny
R ENG JOAO HELIO ALVES  ROCHA,7ny
R ENG JOAQUIM CARDOSO,7ny
R ENG JOSE ROCHA,7ny
R ENG LUCIANO LUIS DE BARROS,7ny
R ENG MARCELO CABRAL,7ny
R ENG NELSON BAHIA,7ny
R ENG NELSON MATTOS,7ny
R ENG NERIVALDO SOARES,7ny
R ENG OCTAVIO TAVARES,7ny
R ENICO MONTEIRO,7ny
R ENOCK FONSECA,7ny
R ENTRE RIOS,7ny
R EPAMINONDAS DA SILVVEIRA  FILHO,7ny
R EPAMINONDAS JACOME,7ny
R EPITACIO LIRA,7ny
R EPITACIO PESSOA,7ny
R EQUADOR,7ny
R ERICO VERISSIMO,7ny
R ERNANI CICCO,7ny
R ERNANI DA SILVEIRA,7ny
R ERNESTO NAZARETH,7ny
R ERVA CIDREIRA,7ny
R ESC EUGENIO GOMES,7ny
R ESC EULICIO FARIAS LACERDA,7ny
R ESC GILBERTO AMADO,7ny
R ESC HUMBERTO DE CAMPOS,7ny
R ESC JAIME ADOUR CAMARA,7ny
R ESC LIMA BARRETO,7ny
R ESC LUCIO CARDOSO,7ny
R ESC MARIO DE ANDRADE,7ny
R ESC OSWALD DE ANDRADE,7ny
R ESC PEREGRINO JUNIOR,7ny
R ESC RAIMUNDO NONATO,7ny
R ESC VISCONDE DE INHAUNA,7ny
R ESCALADA DO MORRO,7ny
R ESCOTEIRO ANDANTE,7ny
R ESCRITOR NILO PEREIRA,7ny
R ESCRITORA MYRIAM COELI,7ny
R ESMERALDA,7ny
R ESPANHOLA,7ny
R ESPERANCA,7ny
R ESPERANTINA,7ny
R ESPINHEIRO,7ny
R ESPIRITO SANTO,7ny
R ESPLANADA,7ny
R ESPLENDOR,7ny
R ESPONTAO,7ny
R ESPORTES,7ny
R ESTANCIA,7ny
R ESTANCIA VELHA,7ny
R ESTANHO,7ny
R ESTEFANIA DIAS DE MELO,7ny
R ESTEIO,7ny
R ESTEVAM MACHADO,7ny
R ESTIVA,7ny
R ESTRELA,7ny
R ESTRELA CADENTE,7ny
R ESTRELA DALVA,7ny
R ESTRELA DO INDAIA,7ny
R ESTRELA DO LESTE,7ny
R ESTRELA DO MAR,7ny
R ESTRELA DO NORTE,7ny
R ESTRELA DO SUL,7ny
R ESTUARIO,7ny
R ESTUD WALFLAN GALVAO DOS SANTOS,7ny
R EUCALIPTO,7ny
R EUGENOPOLIS,7ny
R EVALDO REIS,7ny
R EVILASTO MACEDO,7ny
R EX-COMB ANTONIO DE  B. LIMA,7ny
R EX-COMB JAIME DA SILVA,7ny
R EX-VOTOS,7ny
R EXP ADERBAL DA CAMARA,7ny
R EXP JOSE VARELA,7ny
R EXP RODOVAL CABRAL,7ny
R EZEQUIAS PEGADO,7ny
R FABIAO DAS QUEIMADAS,7ny
R FABIO RINO,7ny
R FABRICIO PEDROZA,7ny
R FAIAS,7ny
R FALCAO,7ny
R FANDANGO,7ny
R FARM FERNANDO GUILHERME,7ny
R FATIMA WANDERLEY,7ny
R FAZENDA NOVA,7ny
R FE,7ny
R FEFITA SANTIAGO,7ny
R FEIRA DE SANTANA,7ny
R FELDSPATO,7ny
R FELICIANO COELHO,7ny
R FELICIANO DIAS,7ny
R FELICIANO NASCIMENTO,7ny
R FELINTO MANSO MACIEL,7ny
R FELIPE CAMARAO,7ny
R FELIPE CORTEZ,7ny
R FELIPE DIAS,7ny
R FELIPE DOS SANTOS,7ny
R FENIX,7ny
R FERNANDO BARRETO,7ny
R FERNANDO DE LIMA,7ny
R FERNANDO DE NORONHA,7ny
R FERNANDO DIAS,7ny
R FERNAO VELHO,7ny
R FERREIRA CHAVES,7ny
R FERREIRA DE SOUZA,7ny
R FERREIRA ITAJUBA,7ny
R FERREIRA NOBRE,7ny
R FERREIRO,7ny
R FERREIRO VELHO,7ny
R FERRO CARDOSO,7ny
R FERROVIARIOS,7ny
R FIDELANDIA,7ny
R FIDELIS,7ny
R FIGUEIRA,7ny
R FIGUEIROPOLIS,7ny
R FILADELFIA,7ny
R FILHAS DE SANTANA,7ny
R FIO,7ny
R FLAVIA VASCONCELOS,7ny
R FLOR DA AURORA,7ny
R FLOR DA ESPERANCA,7ny
R FLOR DA SERRA,7ny
R FLOR DE CACTUS,7ny
R FLOR DE CARLINDA,7ny
R FLOR DE CORAL,7ny
R FLOR DE JUPITER,7ny
R FLOR DE LARANJEIRA,7ny
R FLOR DE MUCAMBE,7ny
R FLOR DO CAMPO,7ny
R FLOR DO PARAISO,7ny
R FLOR DO SERTAO,7ny
R FLORA RICA,7ny
R FLORAL,7ny
R FLORANIA,7ny
R FLORENCA,7ny
R FLORENCO,7ny
R FLORENTINO CUNHA,7ny
R FLORENTINO DE SOUZA,7ny
R FLORES,7ny
R FLORESTA,7ny
R FLORESTAL,7ny
R FLORIANO MARTINS,7ny
R FLORINEA,7ny
R FLUORITA,7ny
R FOLHA DOURADA,7ny
R FONSECA E SILVA,7ny
R FORMOSA,7ny
R FORRO,7ny
R FORTALEZA,7ny
R FORTE DOS REIS MAGOS,7ny
R FOT JORGE MARIO,7ny
R FOZ DO IGUACU,7ny
R FOZ DO JORDAO,7ny
R FR AGOSTINHO DE JESUS,7ny
R FR CANECA,7ny
R FR HENRIQUE DE COIMBRA,7ny
R FR MIGUELINHO,7ny
R FR ORLANDO,7ny
R FRAGATA,7ny
R FRANCA,7ny
R FRANCESA SALES,7ny
R FRANCINOPOLIS,7ny
R FRANCISCA CAMPOS,7ny
R FRANCISCA FERREIRA DE SOUZA,7ny
R FRANCISCA PAULA ALVES,7ny
R FRANCISCA TEIXEIRA,7ny
R FRANCISCO AIRES DE CARVALHO,7ny
R FRANCISCO ALVES CAMARA,7ny
R FRANCISCO ANTONIO CRUZ,7ny
R FRANCISCO ANTONIO DE SA,7ny
R FRANCISCO APRIGIO,7ny
R FRANCISCO BERNARDO DA SILVA,7ny
R FRANCISCO BICALHO,7ny
R FRANCISCO BORGES DE OLIVEIRA,7ny
R FRANCISCO BRASIL,7ny
R FRANCISCO CELESTINO DE MEDEIROS,7ny
R FRANCISCO CUNHA,7ny
R FRANCISCO DAMIAO,7ny
R FRANCISCO DANTAS,7ny
R FRANCISCO DAS CHAGAS SOUZA,7ny
R FRANCISCO DE ASSIS,7ny
R FRANCISCO DE ASSIS SILVEIRA,7ny
R FRANCISCO DE FIGUEREDO,7ny
R FRANCISCO DE SOUZA MATOSO,7ny
R FRANCISCO EDUARDO,7ny
R FRANCISCO FERNANDES COSTA,7ny
R FRANCISCO FERREIRA DE LIMA,7ny
R FRANCISCO GURGEL,7ny
R FRANCISCO INACIO SOBRINHO,7ny
R FRANCISCO IVO,7ny
R FRANCISCO JUSTINO GOMES,7ny
R FRANCISCO LAMAS,7ny
R FRANCISCO LUCIANO DE OLIVEIRA,7ny
R FRANCISCO MACENA,7ny
R FRANCISCO MACIEL COSTA,7ny
R FRANCISCO MAIORANA,7ny
R FRANCISCO MARCELINO SOBRINHO,7ny
R FRANCISCO MARTINS,7ny
R FRANCISCO MARTINS DE ASSIS,7ny
R FRANCISCO MATEUS MENDES,7ny
R FRANCISCO MEDEIROS,7ny
R FRANCISCO MORATO,7ny
R FRANCISCO OLIVEIRA,7ny
R FRANCISCO PEREIRA,7ny
R FRANCISCO PEREIRA DA SILVA,7ny
R FRANCISCO PIGNATARO,7ny
R FRANCISCO RODRIGUES ALVES,7ny
R FRANCISCO SIMPLICIO,7ny
R FRANCISCO SOARES,7ny
R FRANCISCO TEIXEIRA ROCHA,7ny
R FRANCISCO TEOFILO,7ny
R FRANCISCO VARELA,7ny
R FREISA FELIX,7ny
R FREITAS,7ny
R FREVO,7ny
R FUAD ASSAD SALHA,7ny
R FURNAS,7ny
R GADELHA,7ny
R GAIVOTAS,7ny
R GAL ALUIZIO MOURA,7ny
R GAL FELIZARDO BRITO,7ny
R GALDINO LIMA,7ny
R GALILEIA,7ny
R GAMELEIRA,7ny
R GAMELEIRAS,7ny
R GANZAS,7ny
R GARANHUS,7ny
R GARCAS,7ny
R GARDENIAS,7ny
R GARIBALDI ROMANO,7ny
R GARIMPO,7ny
R GAROPABA,7ny
R GAROUPA,7ny
R GAROUPINHA,7ny
R GARRAFAO,7ny
R GASTAO MARIZ,7ny
R GEN ANDRE FERNANDES,7ny
R GEN DIOSCORO VALE,7ny
R GEN ESTEVILDO ANTUNES DOS SANTOS,7ny
R GEN FERNANDO LEITAO,7ny
R GEN FRANCISCO MONTEIRO,7ny
R GEN GLICERIO,7ny
R GEN GUSTAVO CORDEIRO DE FARIA,7ny
R GEN GUSTAVO CORDEIRO DE FARIAS,7ny
R GEN NAPION,7ny
R GEN OLIVEIRA GALVAO,7ny
R GEN OSORIO,7ny
R GEN SAMPAIO,7ny
R GEN SEVERINO DA FONSECA,7ny
R GEN SOLON,7ny
R GEN VARELA,7ny
R GENAR WANDERLEY,7ny
R GENIPAPOS,7ny
R GERALDO,7ny
R GERALDO BARROS PEREIRA,7ny
R GERALDO BURITI,7ny
R GERALDO DE MORAIS,7ny
R GERALDO NOGUEIRA NICACIO,7ny
R GERDA MARIA,7ny
R GERMINO BENIGNO,7ny
R GERTRUDES CONFESSOR,7ny
R GETSEMANI,7ny
R GETULIO LOPES DE ARAUJO,7ny
R GETULIO VARGAS,7ny
R GIACOMO PALUMBO,7ny
R GIL SOARES DE ARAUJO,7ny
R GIOVANI JOSE DOS SANTOS,7ny
R GIPSITA,7ny
R GIRASSOL,7ny
R GIRUA,7ny
R GIZ,7ny
R GLENIO SA,7ny
R GLORIA,7ny
R GOIABEIRA,7ny
R GOIANINHA,7ny
R GOIAS,7ny
R GOIATUBA,7ny
R GOLFINHO,7ny
R GONCALVES DIAS,7ny
R GONCALVES LEDO,7ny
R GOV DINARTE MARIZ,7ny
R GOV JUVENAL LAMARTINE,7ny
R GRACILIANO RAMOS,7ny
R GRAFITA,7ny
R GRAMADO,7ny
R GRAMARE,7ny
R GRANADA,7ny
R GRANITO,7ny
R GRANJA ABC,7ny
R GRAO PARA,7ny
R GRAVATAI,7ny
R GREGORIO FERREIRA,7ny
R GROELANDIA,7ny
R GROSSOS,7ny
R GUAIBA,7ny
R GUANABARA,7ny
R GUAPIARA,7ny
R GUAPORE,7ny
R GUARABIRA,7ny
R GUARACIABA DO NORTE,7ny
R GUARACIARA,7ny
R GUARAI,7ny
R GUARAMIRANGA,7ny
R GUARAMIRIM,7ny
R GUARANDI,7ny
R GUARANI,7ny
R GUARANIS,7ny
R GUARARA,7ny
R GUARAREMA,7ny
R GUARIBA,7ny
R GUARUJA,7ny
R GUAÍRA,7ny
R GUENIO F. DE SA,7ny
R GUIA,7ny
R GUILHERME LINS DE QUEIROZ,7ny
R GUILHERME LUIZ MACEDO,7ny
R GUILHERME TINOCO,7ny
R GUIMASSU,7ny
R GURILANDIA,7ny
R GUSTAVO HENRIQUE ROMANO,7ny
R GUSTAVO JOSE DE P GOMES,7ny
R GUTEMBERG AUGUSTO FREIRE,7ny
R GUTEMBERG FREIRE,7ny
R GUTENBERG PEREIRA,7ny
R HALLEY MESTRINHO,7ny
R HAROLDO DE ALMEIDA,7ny
R HAVANA,7ny
R HEITOR LIMA,7ny
R HELENO LOPES DA SILVA,7ny
R HELIO GALVAO,7ny
R HENRI KOSTER,7ny
R HENRIQUE CAMARA,7ny
R HENRIQUE CASTRICIANO,7ny
R HENRIQUE DE ARAUJO GOES,7ny
R HENRIQUE DIAS,7ny
R HERCULANO RAMOS,7ny
R HERMITA CANSANCAO,7ny
R HIANTO DE ALMEIDA,7ny
R HIDROLANDIA,7ny
R HIDROLINA,7ny
R HILDA MUNIS,7ny
R HIROSHI IENAGA,7ny
R HIST TOBIAS MONTEIRO,7ny
R HISTO CAPISTRANO DE ABREU,7ny
R HISTO FRANCISCO FAUSTO DE SOUZA,7ny
R HONORIO RIBEIRO DANTAS,7ny
R HORACIO DANTAS,7ny
R HORACIO ROSA,7ny
R HORTENCIAS,7ny
R HORTENCIO DE BRITO,7ny
R HULHA NEGRA,7ny
R HUMAITA,7ny
R HUMBERTO GAMA DE CARVALHO,7ny
R HUMBERTO MONTE,7ny
R IAIA,7ny
R IBAETE,7ny
R IBIA,7ny
R IBIAPABA,7ny
R IBIAPINA,7ny
R IBIARA,7ny
R IBICUI,7ny
R IBIRAMA,7ny
R IBIRAPITANGA,7ny
R IBITINGA,7ny
R IBIUNA,7ny
R ICO,7ny
R IGACI,7ny
R IGARAPAVA,7ny
R IGARAPE,7ny
R IGARASSU,7ny
R IGARATA,7ny
R IGARATINGA,7ny
R IGOR LEITE,7ny
R IGREJA,7ny
R IGREJA NOVA,7ny
R IGUAPE,7ny
R IGUATAMA,7ny
R IGUATEMI,7ny
R IGUATU,7ny
R IJUI,7ny
R ILCE MARINHO,7ny
R ILDA ALVES,7ny
R ILHA BELA,7ny
R ILHA CAVIANA,7ny
R ILHA DAS FLORES,7ny
R ILHA DE MEXIANA,7ny
R ILHA DE SAO PAULO,7ny
R ILHA DE SAO PEDRO,7ny
R ILHA DE SAO VICENTE,7ny
R ILHA DO BANANAL,7ny
R ILHA DO PRINCIPE,7ny
R ILHA GRANDE,7ny
R ILHA TRINDADE,7ny
R ILHEUS,7ny
R ILHOTA,7ny
R ILIRIA TAVARES GALVAO,7ny
R ILO FERNANDES COSTA,7ny
R IMA ROSALY GUIMARAES WANDERLEY,7ny
R IMA VITORIA,7ny
R IMARUI,7ny
R IMBAUBAS,7ny
R IMBITUBA,7ny
R IMBURANA,7ny
R INACIO DA CATINGUEIRA,7ny
R INCAS,7ny
R INCONFIDENTES,7ny
R IND JOAO MOTTA,7ny
R INDEPENDENCIA,7ny
R INDIANA,7ny
R INDIGENA,7ny
R INDOMAR,7ny
R INES BARBOSA,7ny
R INGA,7ny
R INGAZEIRO,7ny
R INT THEODOSIO PAIVA,7ny
R INTERLANDIA,7ny
R INTINGA,7ny
R IOLANDA MONTENEGRO RIBEIRO,7ny
R IPACARAI,7ny
R IPAMERI,7ny
R IPANEMA,7ny
R IPANGUACU,7ny
R IPEPACONHA,7ny
R IPIRANGA,7ny
R IPORANGA,7ny
R IPUEIRA,7ny
R IPUEIRAS DO POTENGI,7ny
R IRAI,7ny
R IRANDUBA,7ny
R IRAPUA,7ny
R IRICE,7ny
R IRINEU COSTA,7ny
R IRINEU JOFFILI,7ny
R IRIS,7ny
R IRMAOS PALATNIK,7ny
R ISAAC PIMENTEL,7ny
R ISABEL BARBOSA DA SILVA,7ny
R ISABEL GONDIM,7ny
R ISMAEL PEREIRA DA SILVA,7ny
R ISRAEL OLIVEIRA DA SILVA,7ny
R ISRAEL RAMOS,7ny
R ITABAIANA,7ny
R ITABERA,7ny
R ITABIRA,7ny
R ITABORAI,7ny
R ITABUNA,7ny
R ITACAMBIRA,7ny
R ITACOATIARA,7ny
R ITAGUARA,7ny
R ITAGUARU,7ny
R ITAI,7ny
R ITAINOPOLIS,7ny
R ITAIPE,7ny
R ITAJA,7ny
R ITAJOPI,7ny
R ITAMAR MACIEL,7ny
R ITAMARATI DE MINAS,7ny
R ITAMBE,7ny
R ITAPAGE,7ny
R ITAPAGIPE,7ny
R ITAPECIRICA,7ny
R ITAPERUNA,7ny
R ITAPEVA,7ny
R ITAPEVI,7ny
R ITAPIPOCA,7ny
R ITAPIRA,7ny
R ITAPITANGA,7ny
R ITAPIUNA,7ny
R ITAPOLIS,7ny
R ITAPORA,7ny
R ITAPORANGA,7ny
R ITAPUI,7ny
R ITAQUI,7ny
R ITARANTIM,7ny
R ITARARE,7ny
R ITARIRI,7ny
R ITAU,7ny
R ITAUEIRAS,7ny
R ITAUNA,7ny
R ITIRAPINA,7ny
R ITORORO,7ny
R ITUACU,7ny
R ITUIUTABA,7ny
R ITUMIRIM,7ny
R ITUPORANGA,7ny
R ITUTINGA,7ny
R IV CENTENARIO,7ny
R IVA BEZERRA,7ny
R IVAIPORA,7ny
R IVANOR,7ny
R IVO FURTADO,7ny
R IVO SOARES DA CRUZ,7ny
R JABOATAO,7ny
R JABOTICABAS,7ny
R JABOTICABEIRA,7ny
R JACARANDA,7ny
R JACARE MIRIM,7ny
R JACAREI,7ny
R JACAUNA,7ny
R JACIARA,7ny
R JACINTA DANTAS,7ny
R JACIRA GOMES,7ny
R JACOB WOLFSON,7ny
R JACOBINA,7ny
R JACUI,7ny
R JACUPIRANGA,7ny
R JACUTINGA,7ny
R JAGUARARI,7ny
R JAGUARIBE,7ny
R JAGUARIPE,7ny
R JAGUARIUMA,7ny
R JAGUARUANA,7ny
R JAIME JENNER DE AQUINO,7ny
R JAIR BRANDAO,7ny
R JAIRO TINOCO,7ny
R JAMBO,7ny
R JAMBOEIRO,7ny
R JANAUBA,7ny
R JANDAIA,7ny
R JANDAIRA,7ny
R JANDIRA,7ny
R JANDUIS,7ny
R JANGADEIROS,7ny
R JANILSON SOARES BARBOSA,7ny
R JANIOPOLIS,7ny
R JANUARIO CICCO,7ny
R JAPI,7ny
R JAQUEIRA,7ny
R JARAGUA,7ny
R JARAMATAIA,7ny
R JARAQUARI,7ny
R JARDELANDIA,7ny
R JARDIM ACACIA,7ny
R JARDIM ALIANCA,7ny
R JARDIM ALVORADA,7ny
R JARDIM BOTANICO,7ny
R JARDIM BRASIL,7ny
R JARDIM BRASILIA,7ny
R JARDIM DAS FLORES,7ny
R JARDIM DAS OLIVEIRAS,7ny
R JARDIM DAS PALMEIRAS,7ny
R JARDIM DO EDEN,7ny
R JARDIM ESPERANCA,7ny
R JARDIM PARAISO,7ny
R JARDIM PRIMAVERA,7ny
R JARDIM TROPICAL,7ny
R JARDIM VITORIA,7ny
R JARDINEIRA,7ny
R JARDINOPOLIS,7ny
R JASMINS,7ny
R JASPE,7ny
R JATAI,7ny
R JATOBA,7ny
R JATUARANA,7ny
R JENER DE ANDRADE,7ny
R JEOVA ADONAI,7ny
R JEOVA JIRE,7ny
R JEOVA NISSI,7ny
R JEOVA RAA,7ny
R JEOVA RAFA,7ny
R JEOVA SHALON,7ny
R JEQUITIBA,7ny
R JEQUITINHONHA,7ny
R JEREMIAS RIBEIRO DA SILVA,7ny
R JERICO,7ny
R JERONIMO CABRAL P FAGUNDES,7ny
R JERONIMO DE ALBUQUERQUE,7ny
R JERONIMO MACEDO,7ny
R JERUSALEM,7ny
R JERUZALEM,7ny
R JESUINO BRILHANTE,7ny
R JESUITAS,7ny
R JETHE NUNES DE OLIVEIRA,7ny
R JIQUIE,7ny
R JITIRANAS,7ny
R JOAB TELLES,7ny
R JOACABA,7ny
R JOADSON FERNANDES,7ny
R JOANA ELIZA FERNANDES,7ny
R JOANA OLIVEIRA,7ny
R JOAO,7ny
R JOAO ALVES DE MELO,7ny
R JOAO ALVES DE SANTANA,7ny
R JOAO BATISTA DE LIMA SEGUNDO,7ny
R JOAO BENTO FILHO,7ny
R JOAO CAMARA,7ny
R JOAO CARLOS,7ny
R JOAO CELSO FILHO,7ny
R JOAO DA MATA,7ny
R JOAO DA PENHA,7ny
R JOAO DAS ESTIVAS,7ny
R JOAO DE BARROS,7ny
R JOAO DE DEUS,7ny
R JOAO DE OLIVEIRA COSTA,7ny
R JOAO DIAS DE OLIVEIRA,7ny
R JOAO ESTEVAM,7ny
R JOAO ESTEVAM DE ANDRADE,7ny
R JOAO FEITOSA FILHO,7ny
R JOAO FERREIRA DA SILVA,7ny
R JOAO FLORENCIO DE QUEIROZ,7ny
R JOAO FONSECA NETO,7ny
R JOAO INACIO DE ARAUJO,7ny
R JOAO JURACY DE SOUZA,7ny
R JOAO LINDOLFO,7ny
R JOAO MAURICIO,7ny
R JOAO MAURICIO DE MACEDO,7ny
R JOAO NOBERTO,7ny
R JOAO OLIMPIO,7ny
R JOAO PAULO I,7ny
R JOAO PAULO II,7ny
R JOAO PESSOA,7ny
R JOAO REDONDO,7ny
R JOAO REGO,7ny
R JOAO RODRIGUES,7ny
R JOAO RODRIGUES DA SILVA,7ny
R JOAO RODRIGUES DE OLIVEIRA,7ny
R JOAO RUFINO,7ny
R JOAO SABINO,7ny
R JOAO SANTANA,7ny
R JOAO VIDAL,7ny
R JOAO VILAR DA CUNHA,7ny
R JOAO XXIII,7ny
R JOAQUIM ALVES,7ny
R JOAQUIM ARAUJO FILHO,7ny
R JOAQUIM BATISTA DE MACEDO,7ny
R JOAQUIM CALDAS MOREIRA,7ny
R JOAQUIM CAMARA,7ny
R JOAQUIM DAS VIRGENS,7ny
R JOAQUIM DE CASTRO,7ny
R JOAQUIM DE FREITAS,7ny
R JOAQUIM EDUARDO DE FARIAS,7ny
R JOAQUIM FABRICIO,7ny
R JOAQUIM FAGUNDES,7ny
R JOAQUIM FONSECA,7ny
R JOAQUIM INACIO,7ny
R JOAQUIM LUIZ,7ny
R JOAQUIM MURTINHO,7ny
R JOAQUIM NABUCO,7ny
R JOAQUIM QUIRINO DA COSTA,7ny
R JOAQUIM VICTOR DE HOLLANDA,7ny
R JOCA SOARES,7ny
R JORDANES,7ny
R JORDANIA,7ny
R JORGE TAVARES,7ny
R JORGE VARELA SANTIAGO,7ny
R JORN ABMAEL MORAIS,7ny
R JORN ALEXIS GURGEL,7ny
R JORN DJAIR DANTAS PEREIRA DE MACEDO,7ny
R JORN ERILDO LERESTER MONTEIRO,7ny
R JORN FRANCISCO SINEDINO,7ny
R JORN HAROLDO GURGEL,7ny
R JORN JORGE BATISTA,7ny
R JORN JOSE MUSSOLINE FERNANDES,7ny
R JORN ROBERVAL PINHEIRO BORGES,7ny
R JORN ROMULO MAIORAMA,7ny
R JORN SEBASTIAO GOMES DE CARVALHO,7ny
R JORNALISTA ERILDO LERESTER MONTEIRO,7ny
R JOSE AGNALDO,7ny
R JOSE AGUINALDO DE BARROS,7ny
R JOSE ALBERI MATOS FERREIRA,7ny
R JOSE ALBINO DE SOUZA,7ny
R JOSE AMERICO,7ny
R JOSE AMERICO DE CARVALHO,7ny
R JOSE ARNALDO,7ny
R JOSE BABUDO,7ny
R JOSE BARRADO,7ny
R JOSE BARREIRA LIMA VERDE,7ny
R JOSE BATISTA DE SOUTO,7ny
R JOSE BENEVOLO XAVIER,7ny
R JOSE BERNARDINO,7ny
R JOSE BRAGANCA,7ny
R JOSE CARLOS DE FREITAS,7ny
R JOSE CARLOS RAMALHO COSTA,7ny
R JOSE CLAUDINO LEITE,7ny
R JOSE DE ALENCAR,7ny
R JOSE DE BILINHA,7ny
R JOSE DEVOLI,7ny
R JOSE DO PATROCINIO,7ny
R JOSE DOS SANTOS,7ny
R JOSE EDILSON BATISTA,7ny
R JOSE ERIVAN BARBOSA,7ny
R JOSE EURICO ALECRIM,7ny
R JOSE FARACHE,7ny
R JOSE FELIPE DOS SANTOS,7ny
R JOSE FERNANDES DA SILVA,7ny
R JOSE FERREIRA DE ARAUJO,7ny
R JOSE FERREIRA SOBRINHO,7ny
R JOSE FIRMINO DO NASCIMENTO,7ny
R JOSE FLOR TAVARES,7ny
R JOSE FRADES,7ny
R JOSE FRANCA DA SILVA,7ny
R JOSE FRANCISCO DE FIGUEIREDO,7ny
R JOSE FRANCISCO DE SOUZA FILHO,7ny
R JOSE FRANCISCO DOS SANTOS,7ny
R JOSE FRANCISCO NASCIMENTO,7ny
R JOSE FRAZAO,7ny
R JOSE FREIRE DE AMORIM,7ny
R JOSE FREIRE DE SOUZA,7ny
R JOSE GARCIA DA ROCHA,7ny
R JOSE GUEDES DO REGO,7ny
R JOSE HERMINIO,7ny
R JOSE HERONCIO DE MELO,7ny
R JOSE JULIAO DA SILVA,7ny
R JOSE LOPES GALVAO,7ny
R JOSE LUIS DA SILVA,7ny
R JOSE MARIA GUILHERME,7ny
R JOSE MARTINS,7ny
R JOSE MARTINS BEZERRA,7ny
R JOSE MAURO DE VASCONCELOS,7ny
R JOSE MEDEIROS,7ny
R JOSE MILITAO,7ny
R JOSE MIRANDA DA SILVA,7ny
R JOSE OLINTO MACEDO,7ny
R JOSE OVIDIO DO VALE,7ny
R JOSE PEREIRA DA SILVA,7ny
R JOSE PINTO JUNIOR,7ny
R JOSE PROCOPIO FILGUEIRA NETO,7ny
R JOSE RIBEIRO DANTAS,7ny
R JOSE SOARES BARRETO,7ny
R JOSE SOBRINHO,7ny
R JOSE TOMAZ,7ny
R JOSE TOMAZ FERREIRA CAMPOS,7ny
R JOSE TORRES,7ny
R JOSE VICENTE,7ny
R JOSE VICENTE DIAS DE ARAUJO,7ny
R JOSE WILSON CABRAL BARBALHO,7ny
R JOSE XAVIER DA CUNHA,7ny
R JOSEBIAS COSTA BARRETO,7ny
R JOSELANDIA,7ny
R JOSIVALDO GOMES,7ny
R JOSUE FERNANDES PRAXEDES,7ny
R JOSÉ FIRMINO DOS SANTOS,7ny
R JOSÉ SELEDOM,7ny
R JOÃO ALVES DE CARVALHO,7ny
R JUA,7ny
R JUAREZ TAVORA,7ny
R JUATINGA,7ny
R JUAZEIRO,7ny
R JUCA,7ny
R JUCELI FERREIRA,7ny
R JUCILENE TOMAZ,7ny
R JUDIBERTO FELIX DE LIMA,7ny
R JUIZ DE FORA,7ny
R JULHO VIANA DE CARVALHO,7ny
R JULIA FERREIRA,7ny
R JULIANA OLIVEIRA,7ny
R JULIO CESAR DE ANDRADE,7ny
R JULIO CESAR PAES,7ny
R JULIO GOMES MOREIRA,7ny
R JULIO RIBEIRO,7ny
R JUNCO,7ny
R JUNDIAI,7ny
R JUNQUEIR0,7ny
R JUPITER,7ny
R JUQUITIBA,7ny
R JURANDYR SITARO DA COSTA,7ny
R JUREMA,7ny
R JURUBEBAS,7ny
R JURUMIRIM,7ny
R JURUÁ,7ny
R JUSSARA,7ny
R JUSTINO XAVIER DE SOUZA,7ny
R JUVENCIO CUNHA,7ny
R JUVINO BARRETO,7ny
R KERGINALDO CAVALCANTE,7ny
R LA PAZ,7ny
R LAERCIO BEZERRA DE ARAUJO,7ny
R LAERCIO FERNANDES,7ny
R LAFAYETE LAMARTINE,7ny
R LAGARTO,7ny
R LAGES,7ny
R LAGO DA PEDRA,7ny
R LAGO DAS ROSAS,7ny
R LAGO DO PARANOA,7ny
R LAGO DOS MARRECOS,7ny
R LAGO PIRATUBA,7ny
R LAGOA ACARA,7ny
R LAGOA AIAPUA,7ny
R LAGOA AMANA,7ny
R LAGOA ARARUAMA,7ny
R LAGOA BADAJOS,7ny
R LAGOA CABALIANA,7ny
R LAGOA CAMORIM,7ny
R LAGOA DA MANGUEIRA,7ny
R LAGOA DE EXTREMOZ,7ny
R LAGOA DOS PATOS,7ny
R LAGOA DOURADA,7ny
R LAGOA JUPARANA,7ny
R LAGOA MARAPENDI,7ny
R LAGOA MARICA,7ny
R LAGOA MIRIM,7ny
R LAGOA MUNDAU,7ny
R LAGOA PIORINI,7ny
R LAGOA REAL,7ny
R LAGOA SANTA,7ny
R LAGOA SAQUAREMA,7ny
R LAGOA TEFE,7ny
R LAGOANOVA,7ny
R LAGOASECA,7ny
R LAGOINHA,7ny
R LAGOLANDIA,7ny
R LAGOSTA,7ny
R LAGUNA,7ny
R LAMBARI,7ny
R LAMPEAO,7ny
R LANCERDOPOLIS,7ny
R LANDRI SALES,7ny
R LAPINHA,7ny
R LARANJAL,7ny
R LARANJEIRA,7ny
R LARANJEIRAS,7ny
R LAREIRA,7ny
R LARGO DAS VITORIAS,7ny
R LARGO DE SANTANA,7ny
R LARGO DE SAO FRANCISCO,7ny
R LARGO DO FAROL,7ny
R LAS VEGAS,7ny
R LAUDELINO BENIGNO,7ny
R LAUREANO GOMES,7ny
R LAURENTINO,7ny
R LAURINA MARIA CORREIA DE ARAUJO,7ny
R LAURO BEZERRA,7ny
R LAURO MAIA,7ny
R LAURO MEDEIROS,7ny
R LAVRADORES,7ny
R LAVRAS,7ny
R LEANDRO BATISTA PEREIRA,7ny
R LEBON REGIS,7ny
R LECTICIA GARCIA,7ny
R LEME,7ny
R LEONARDO DA GAMA,7ny
R LEONARDO DRUMOND,7ny
R LEONARDO GAMA,7ny
R LEONCIO ETELVINO DE MEDEIROS,7ny
R LEONEL JOSE DE FREITAS,7ny
R LEONORA ARMSTRONG,7ny
R LEOPOLDO BRETANO,7ny
R LEOPOLDO NELSON,7ny
R LETICIA,7ny
R LETICIA CERQUEIRA,7ny
R LETO BARRETO,7ny
R LEVY CAMINHA DE ALMEIDA,7ny
R LIBANES,7ny
R LIBERALINO FERNANDES DA COSTA,7ny
R LIBERDADE,7ny
R LIMA,7ny
R LIMEIRA,7ny
R LIMOEIRO,7ny
R LIMOEIRO DO NORTE,7ny
R LINDA BATISTA,7ny
R LINDA DAIANA,7ny
R LINDALVA JALES,7ny
R LINDALVA OLEGARIO DA SILVA,7ny
R LINDEMBERG PEREIRA DE ARAUJO,7ny
R LINDOLFO GOMES VIDAL,7ny
R LINHARES,7ny
R LIRIO DO VALE,7ny
R LIRIO DOS VALES,7ny
R LIRIOS,7ny
R LIRIOS DO CAMPO,7ny
R LITIO,7ny
R LORENA,7ny
R LOS ANGELLES,7ny
R LOUREIRO,7ny
R LOURENCO WAGNER,7ny
R LOURIVAL ACUCENA,7ny
R LUCAS BICALHO,7ny
R LUCIA VIVEIROS,7ny
R LUCIAN ALAN JERONIMO,7ny
R LUCIANO BAHIA,7ny
R LUCIARA,7ny
R LUCRECIA,7ny
R LUIZ ANTONIO BEZERRA LOPES,7ny
R LUIZ BERNARDINO DE MOURA,7ny
R LUIZ CARAU,7ny
R LUIZ CARLOS,7ny
R LUIZ CARLOS COUTINHO DA SILVA,7ny
R LUIZ CARRILHO,7ny
R LUIZ CORDEIRO RAD,7ny
R LUIZ CURCIO CABRAL,7ny
R LUIZ DE FRANCA,7ny
R LUIZ EMIDIO,7ny
R LUIZ ESTEVAM,7ny
R LUIZ FERNANDES,7ny
R LUIZ GOMES,7ny
R LUIZ GONZAGA DE SOUZA,7ny
R LUIZ JOAQUIM,7ny
R LUIZ JOAQUIM DE M. FILHO,7ny
R LUIZ JUSTINO DE OLIVEIRA,7ny
R LUIZ LOBO,7ny
R LUIZ LUCAS,7ny
R LUIZ MOURA,7ny
R LUIZ PAULINO,7ny
R LUIZ ROMAO,7ny
R LUIZ RUFINO,7ny
R LUIZ SAMPAIO,7ny
R LUIZ SOUTO,7ny
R LUIZ VALENTIM,7ny
R LUIZ XV,7ny
R LUIZA ILDA,7ny
R LUIZA MARTINS,7ny
R LUIZE FIALHO,7ny
R LUPICINIO BARROS,7ny
R LUZ,7ny
R LUZIA DIAS,7ny
R LUZIA PAULINA DA SILVA,7ny
R LUZIANIA,7ny
R LUZILANDIA,7ny
R MACAE,7ny
R MACAIBA,7ny
R MACAJUBA,7ny
R MACAMBIRAS,7ny
R MACARANDUBA,7ny
R MACATUBA,7ny
R MACAU,7ny
R MACAUBA,7ny
R MACEDO DE LIMA COSME,7ny
R MACEIO,7ny
R MACEJANA,7ny
R MACHADO DE ASSIS,7ny
R MACIEIRA,7ny
R MACIEL PINHEIRO,7ny
R MADRESSILAS,7ny
R MADRIGAIS,7ny
R MAES EDSON GARCIA,7ny
R MAESTRO AROLDO SANTANA,7ny
R MAGE,7ny
R MAGNESITA,7ny
R MAGNOLIAS,7ny
R MAIA NETO,7ny
R MAIRIPORA,7ny
R MAJ AFONSO MAGALHAES,7ny
R MAJ FRANCISCO CAVALCANTE DE OLIVEIRA,7ny
R MAJ GENIVAL,7ny
R MAJ ISIDORO,7ny
R MAJ JORGE MARTINIANO,7ny
R MAJ LAURENTINO DE MORAES,7ny
R MAJ NEWTON LEITE,7ny
R MAJ PAULA MOREIRA,7ny
R MAJE,7ny
R MAL ANACLETO LIMA,7ny
R MAL BITTENCOURT,7ny
R MAL MALLET,7ny
R MAL RONDON,7ny
R MALHADO,7ny
R MAMANGUAPE,7ny
R MAMOEIRO,7ny
R MAMULENGO,7ny
R MANACAPURU,7ny
R MANACAS,7ny
R MANAGUA,7ny
R MANAIRA,7ny
R MANDACARU,7ny
R MANE GARRINCHA,7ny
R MANGAIOS,7ny
R MANGARATIBA,7ny
R MANGUE,7ny
R MANGUEIRA,7ny
R MANHA PARNASIANA,7ny
R MANIACU,7ny
R MANICOBAS,7ny
R MANOEL ALVES,7ny
R MANOEL ALVES AFONSO,7ny
R MANOEL ANDRADE,7ny
R MANOEL ANDRE,7ny
R MANOEL CAETANO,7ny
R MANOEL CAVALCANTI MOURA,7ny
R MANOEL CONGO,7ny
R MANOEL COSTA,7ny
R MANOEL DE ABREU,7ny
R MANOEL DE CASTRO,7ny
R MANOEL DE MASCARENHAS HOMEM,7ny
R MANOEL DE OLIVEIRA,7ny
R MANOEL DE PININHA,7ny
R MANOEL DOMINGOS,7ny
R MANOEL FELIPE,7ny
R MANOEL FLOR,7ny
R MANOEL FRANCISCO DE ALBUQUERQUE,7ny
R MANOEL GARCIA,7ny
R MANOEL GARCIA DE OLIVEIRA,7ny
R MANOEL GERALDO SOBRINHO,7ny
R MANOEL JUVENCIO,7ny
R MANOEL LELE,7ny
R MANOEL LEOPOLDO,7ny
R MANOEL MACHADO,7ny
R MANOEL MARIA,7ny
R MANOEL MAXIMO,7ny
R MANOEL MESSIAS SOARES,7ny
R MANOEL MIRANDA,7ny
R MANOEL MONTEIRO DA NOBREGA,7ny
R MANOEL OVIDIO,7ny
R MANOEL PACIFICO DE MEDEIROS,7ny
R MANOEL PAULINO,7ny
R MANOEL PEREIRA DA COSTA,7ny
R MANOEL PEREIRA DA SILVA,7ny
R MANOEL PESSOA,7ny
R MANOEL RAFAEL,7ny
R MANOEL RAIMUNDO DE AGUIAR,7ny
R MANOEL RODRIGUES,7ny
R MANOEL SILVESTRE,7ny
R MANOEL SOARES DE MEDEIROS,7ny
R MANOEL VITORINO,7ny
R MANTENA,7ny
R MANTUACU,7ny
R MAR DEL PLATA,7ny
R MAR DO CARIBE,7ny
R MAR E CEU,7ny
R MARACAI,7ny
R MARACAJU,7ny
R MARACANA,7ny
R MARACUJAZEIRO,7ny
R MARAGOGI,7ny
R MARAJOARA,7ny
R MARAMBAIA,7ny
R MARANATA,7ny
R MARANGUAPE,7ny
R MARANHAO,7ny
R MARAVILHA,7ny
R MARCASSITA,7ny
R MARCELO DE TAVARES,7ny
R MARCILIO DIAS,7ny
R MARCILIO FURTADO,7ny
R MARCIO MAIA,7ny
R MARCOS AUGUSTO TEIXEIRA DE CARVALHO FILHO,7ny
R MARCOS CAVALCANTE,7ny
R MARCOS DA CUNHA FREITAS,7ny
R MARCOS DOMINGOS LEITE,7ny
R MARCOS FALCAO,7ny
R MARCOS FREIRE,7ny
R MARGARIDAS,7ny
R MARIA ALBANIZA,7ny
R MARIA ANITA,7ny
R MARIA ANTONIETA GOMES,7ny
R MARIA ANUNCIADA DA SILVA,7ny
R MARIA AUXILIADORA,7ny
R MARIA BONITA,7ny
R MARIA CARMELITA LOPES,7ny
R MARIA DA PAIXAO,7ny
R MARIA DAS DORES RABELO,7ny
R MARIA DE ARAUJO LEITE,7ny
R MARIA DE FREITAS BARRETO,7ny
R MARIA DO CARMO DE SOUZA,7ny
R MARIA ELINA DA SILVA,7ny
R MARIA ESTER LEITE,7ny
R MARIA FERREIRA,7ny
R MARIA GODEIRO FERNANDES,7ny
R MARIA ISAURA DE ARAUJO,7ny
R MARIA JOSE DA SILVA,7ny
R MARIA JOSE DE LIRA,7ny
R MARIA LAMAS FARACHE,7ny
R MARIA LOPES CORREIA,7ny
R MARIA LUZ,7ny
R MARIA MEIRA E SA BEZERRA,7ny
R MARIA NAZARE DE ARAUJO,7ny
R MARIA OLINDINA,7ny
R MARIA PAULINO DOS SANTOS OLIVEIRA,7ny
R MARIA QUITERIA,7ny
R MARIA VANIA COSTA,7ny
R MARIALVA,7ny
R MARIANAS,7ny
R MARILAC,7ny
R MARILUZ,7ny
R MARINETE MOTA DA SILVA,7ny
R MARINHO JOSE DA COSTA,7ny
R MARIO LIRA,7ny
R MARISOPOLIS,7ny
R MARISTELA ALVES,7ny
R MARISTELA LOPES DE FARIAS,7ny
R MARIZE BASTIER,7ny
R MARMELEIRO,7ny
R MARMELO,7ny
R MARMORE,7ny
R MARQUES DE CARAVELAS,7ny
R MARTE,7ny
R MARTELO AGALOPADO,7ny
R MARTINA DA SILVA,7ny
R MARTINHO MACHADO,7ny
R MARTINOPOLIS,7ny
R MARTINS,7ny
R MARTINS CORREIA,7ny
R MARTINÓPOLIS,7ny
R MARUIM,7ny
R MASCARENHA HOMEM,7ny
R MASSANGANA,7ny
R MASSAPE,7ny
R MASSARANDUBA,7ny
R MATA GRANDE,7ny
R MATARIPE,7ny
R MATERLANDIA,7ny
R MATHIAS,7ny
R MATINHOS,7ny
R MATO GROSSO,7ny
R MATUSALEM,7ny
R MAURITI,7ny
R MAX SANTANA,7ny
R MAXARANGUAPE,7ny
R ME PAULINA,7ny
R ME TEREZA,7ny
R ME VASCONCELOS,7ny
R MEIO,7ny
R MEIRA BRANDAO,7ny
R MEIRA E SA,7ny
R MELACO,7ny
R MELRO,7ny
R MENESIO PALMERIO DE LEMOS,7ny
R MENINO JESUS,7ny
R MENSAGEIRO JAIME,7ny
R MERCURIO,7ny
R MERIDIANO,7ny
R MERMOZ,7ny
R MERO,7ny
R MESTRE JOSE VENANCIO,7ny
R MIGUEL ANGELO,7ny
R MIGUEL BARRA,7ny
R MIGUEL DE CERVANTES,7ny
R MIGUEL DE LIMA,7ny
R MIGUEL FILGUEIRA,7ny
R MIGUEL GODEIRO PRIMO,7ny
R MIGUEL LOBATO,7ny
R MIGUEL MATIAS,7ny
R MIGUEL ROCHA,7ny
R MILAGRES,7ny
R MILITAO CHAVES,7ny
R MILTON SERVITA DE BRITO,7ny
R MIMOSO DO SUL,7ny
R MIN MACEDO SOARES,7ny
R MIN MIGUEL SEABRA FAGUNDES,7ny
R MIN MIRABEAU DA CUNHA MELO,7ny
R MIN RAIMUNDO DE BRITO,7ny
R MINAS DE PRATA,7ny
R MINAS GERAIS,7ny
R MINAS NOVAS,7ny
R MIOSOTIS,7ny
R MIPIBU,7ny
R MIRA MANGUE,7ny
R MIRA TORRES,7ny
R MIRABEAU PEREIRA,7ny
R MIRACEMA,7ny
R MIRACEMA DO NORTE,7ny
R MIRADOURO,7ny
R MIRAFLOR,7ny
R MIRAI,7ny
R MIRAMAR,7ny
R MIRAMAR DO POTENGI,7ny
R MIRANDIBA,7ny
R MIRANORTE,7ny
R MIRASSELVAS,7ny
R MIRASSOL,7ny
R MIRASSOL D´OESTE,7ny
R MIRIAN DE FREITAS ARAUJO,7ny
R MIRITIBA,7ny
R MIS DANIEL BERG,7ny
R MIS GUNNAR VINGREN,7ny
R MIS ISAIAS HERCULANO,7ny
R MIS JOEL CARLSON,7ny
R MISA CELINA BEZERRA,7ny
R MISA NOEMIA BARBOSA MARQUES,7ny
R MISERICORDIA,7ny
R MISSAO DE CRISTO,7ny
R MISTICISMO,7ny
R MNS AMANCIO RAMALHO,7ny
R MNS AUGUSTO FRANKLIN,7ny
R MNS FRANCISCO COELHO,7ny
R MNS HONORIO,7ny
R MNS JOAO DA MATA PAIVA,7ny
R MNS JOSE PAULINO,7ny
R MNS LANDIM,7ny
R MNS PEGADO,7ny
R MNS SEVERIANO,7ny
R MOACYR DA CUNHA MELO,7ny
R MODELO,7ny
R MOISES SOARES,7ny
R MOJIANA MINEIRA,7ny
R MOMBACA,7ny
R MONAZITA,7ny
R MONDAI,7ny
R MONJOLOS,7ny
R MONSENHOR HONORIO,7ny
R MONTALVANIA,7ny
R MONTANHAS,7ny
R MONTANO EMERENCIANO,7ny
R MONTE ALEGRE,7ny
R MONTE ALTO,7ny
R MONTE AZUL,7ny
R MONTE BELO,7ny
R MONTE CALVO,7ny
R MONTE CARMELO,7ny
R MONTE CASTELO,7ny
R MONTE CELESTE,7ny
R MONTE DA CAPITOLIA,7ny
R MONTE DAS OLIVEIRAS,7ny
R MONTE DO SOL,7ny
R MONTE MORIA,7ny
R MONTE REY,7ny
R MONTE RORAIMA,7ny
R MONTE ROSADO,7ny
R MONTE SANTO,7ny
R MONTE SIAO,7ny
R MONTE SINAI,7ny
R MONTE VERDE,7ny
R MONTEIRO,7ny
R MONTEIRO E SILVA,7ny
R MONTEIRO LOBATO,7ny
R MONTES CLAROS,7ny
R MONTES DAS OLIVEIRAS,7ny
R MONTEVIDEU,7ny
R MONTREAL,7ny
R MORADA NOVA,7ny
R MORAIS NAVARRO,7ny
R MOREIA,7ny
R MORENO,7ny
R MOROROS,7ny
R MORRO BRANCO,7ny
R MORRO DA BOA VISTA,7ny
R MORRO DA CONCEICAO,7ny
R MORRO DA GARCA,7ny
R MORRO DE PEDRA,7ny
R MORRO DO CARECA,7ny
R MORRO DO PILAR,7ny
R MOSSORO,7ny
R MOTE GLOSA,7ny
R MOTOR,7ny
R MOYSÉS SESYOM,7ny
R MQ DE ABRANTES,7ny
R MQ DE ARACATI,7ny
R MQ DE OLINDA,7ny
R MQ DE POMBAL,7ny
R MTE LUCARINO,7ny
R MTE VITALINO,7ny
R MTO JOSE SIQUEIRA,7ny
R MTO MANOEL FERREIRA,7ny
R MTO WALDEMAR DE ALMEIDA,7ny
R MUCIO MIRANDA DA SILVA,7ny
R MUCURICI,7ny
R MULUNGUS,7ny
R MUNIZ DE ARAGAO,7ny
R MURI,7ny
R MURIAE,7ny
R MURICI,7ny
R MURITIBA,7ny
R MURITINGA,7ny
R MUTAMBA,7ny
R N SRA APARECIDA,7ny
R N SRA DA APRESENTACAO,7ny
R N SRA DA CANDELARIA,7ny
R N SRA DA CONCEICAO,7ny
R N SRA DA GLORIA,7ny
R N SRA DA GUIA,7ny
R N SRA DA PAZ,7ny
R N SRA DA PENHA,7ny
R N SRA DAS GRACAS,7ny
R N SRA DAS NEVES,7ny
R N SRA DAS VITORIAS,7ny
R N SRA DE FATIMA,7ny
R N SRA DE NAZARE,7ny
R N SRA DO ARAGUARI,7ny
R N SRA DO LORETO,7ny
R N SRA DO O,7ny
R N SRA DOS AFLITOS,7ny
R N SRA DOS NAVEGANTES,7ny
R N SRA IMACULADA CONCEICAO,7ny
R NACOES,7ny
R NACOES UNIDAS,7ny
R NANUQUE,7ny
R NARCISIO,7ny
R NASCIMENTO FERNANDES,7ny
R NATAL,7ny
R NATAL SUL,7ny
R NATIVIDADE,7ny
R NAU CATARINETA,7ny
R NAV DELIO OTTON,7ny
R NAZARE DA MATA,7ny
R NELIO TAVARES,7ny
R NELSON GERALDO FREIRE,7ny
R NEMESIO PALMEIRA DE LEMOS,7ny
R NEOPOLIS,7ny
R NEROPOLIS,7ny
R NESTOR GALHARDO,7ny
R NETUNO,7ny
R NEUZA FARACHE,7ny
R NICOLANDIA,7ny
R NILBERTO GUEDES,7ny
R NILOPOLIS,7ny
R NIQUEL,7ny
R NIQUELANDIA,7ny
R NISIA FLORESTA,7ny
R NITEROI,7ny
R NIVAL CAMARA,7ny
R NIVALDO MARQUES,7ny
R NOEL COSTA,7ny
R NOEL ROSA,7ny
R NOGUEIRAS,7ny
R NONATO MOTA,7ny
R NORDESTE,7ny
R NORTE,7ny
R NORTE BRASIL,7ny
R NOSSA SENHORA DE SALETE,7ny
R NOVA,7ny
R NOVA AMSTERDAM,7ny
R NOVA AURORA,7ny
R NOVA CENTRAL,7ny
R NOVA CINTRA,7ny
R NOVA COLINA,7ny
R NOVA CRUZ,7ny
R NOVA DESCOBERTA,7ny
R NOVA ESPERANCA,7ny
R NOVA FRIBURGO,7ny
R NOVA GALILEIA,7ny
R NOVA GRAMADA,7ny
R NOVA GRANADA,7ny
R NOVA IGUACU,7ny
R NOVA JERICO,7ny
R NOVA JERUSALEM,7ny
R NOVA JUDEIA,7ny
R NOVA PALMEIRA,7ny
R NOVA PARANAGUAR,7ny
R NOVA PRATA,7ny
R NOVA PRIMAVERA,7ny
R NOVA REPUBLICA,7ny
R NOVA RUSSAS,7ny
R NOVA SERRANA,7ny
R NOVA VENEZA,7ny
R NOVO CRUZEIRO,7ny
R NOVO GUARAPES,7ny
R NOVO HORIZONTE,7ny
R NOVO JARDIM,7ny
R NOVO ORIENTE,7ny
R NOVO PROGRESSO,7ny
R NOVO RECREIO,7ny
R NSRA DE DE LOURDES,7ny
R NUMERO DEZ,7ny
R OCEANO ATLANTICO,7ny
R OCEANO INDICO,7ny
R OCEANO PACIFICO,7ny
R OCIDENTAL DE BAIXO,7ny
R OCIDENTAL DE CIMA,7ny
R ODILON GARCIA,7ny
R OESTE,7ny
R OFICINA DO ACU,7ny
R OITI,7ny
R OITICICA,7ny
R OLACILDO XIMENES JALES,7ny
R OLAVO BILAC,7ny
R OLAVO MEDEIROS PINTOR,7ny
R OLGA LUZIA MARQUES SEVERIANO,7ny
R OLHO DAGUA DAS FLORES,7ny
R OLHOS CLAROS,7ny
R OLIMPIA,7ny
R OLINDA,7ny
R OLINTO E SILVA,7ny
R OLINTO MEIRA,7ny
R OLIVEIRAS,7ny
R OLIVERIO NORONHA,7ny
R OMAR MEDEIROS,7ny
R ONDAS DO MAR,7ny
R ONEZIMO FERNANDES MAIA,7ny
R OPERARIOS,7ny
R ORLANDO DE LIMA,7ny
R ORLANDO GEISEL,7ny
R ORLANDO SILVA,7ny
R ORLEANS,7ny
R ORQUIDEAS,7ny
R OSASCO,7ny
R OSTRA,7ny
R OSVALDO CRUZ,7ny
R OSWANDIR ARAUJO DE SOUZA,7ny
R OTAVIO LAMARTINE,7ny
R OTAVIO MANGABEIRA,7ny
R OTAVIO RODRIGUES,7ny
R OTO ALENCAR,7ny
R OTONIEL MENEZES,7ny
R OURO,7ny
R OURO BRANCO,7ny
R OURO VERDE,7ny
R OUVIDOR,7ny
R PACAEMBU,7ny
R PACAJUS,7ny
R PACATUBA,7ny
R PACIFICO MEDEIROS,7ny
R PADRE DOMINGOS AMADO,7ny
R PADRO,7ny
R PAI CELESTIAL,7ny
R PAIANAZES,7ny
R PAIATIS,7ny
R PAINEIRAS,7ny
R PAIS DE SAO SARUE,7ny
R PAJEUS,7ny
R PALESTINA,7ny
R PALMACIA,7ny
R PALMARES,7ny
R PALMEIRA DOS INDIOS,7ny
R PALMEIRAS,7ny
R PALMEIRINHA,7ny
R PALMIRA MAIA COSTA DA SILVA,7ny
R PALMIRA REGO,7ny
R PALMIRA WANDERLEY,7ny
R PANAMA,7ny
R PANTANAL,7ny
R PAO DE ACUCAR,7ny
R PARA,7ny
R PARACAMBI,7ny
R PARACATI,7ny
R PARAGUACU,7ny
R PARAIBA,7ny
R PARAISO,7ny
R PARAISO DAS FLORES,7ny
R PARAMBU,7ny
R PARAMIRIM,7ny
R PARANA,7ny
R PARANDUVA,7ny
R PARATI,7ny
R PARATINGA,7ny
R PARDAIS,7ny
R PARELHAS,7ny
R PARGO,7ny
R PARNAIBA,7ny
R PARQUE PETROPOLIS,7ny
R PASSEIO DAS ROSAS,7ny
R PASSEIO DOS GIRASSOIS,7ny
R PASSO NOVO,7ny
R PASSOS DA PATRIA,7ny
R PASTORIL,7ny
R PASTORINHAS,7ny
R PATATIVA,7ny
R PATATIVA DO ASSARE,7ny
R PATAXÓS,7ny
R PATOS,7ny
R PATRIA AMADA,7ny
R PATRICIO ALVES,7ny
R PATU,7ny
R PAU DOS FERROS,7ny
R PAU FERRO,7ny
R PAUBRASIL,7ny
R PAUL VACHET,7ny
R PAULA ALVES,7ny
R PAULA ANTUNES,7ny
R PAULA BARROS,7ny
R PAULICEA,7ny
R PAULO ASSI,7ny
R PAULO BARROS DE GOIS,7ny
R PAULO DANTAS,7ny
R PAULO FREIRE,7ny
R PAULO HENRIQUE INACIO PAES,7ny
R PAULO LIRA,7ny
R PAULO MESQUITA,7ny
R PAULO PINTO DE ABREU,7ny
R PAVAO MISTERIOSO,7ny
R PAX,7ny
R PAZ,7ny
R PE ANCHIETA,7ny
R PE ANTONIO,7ny
R PE CABRAL,7ny
R PE CALAZANS,7ny
R PE CHAMPAGNAT,7ny
R PE CICERO,7ny
R PE CICERO DO JUAZEIRO,7ny
R PE CICERO ROMAO,7ny
R PE DIOGO FEIJO,7ny
R PE ELAIDO,7ny
R PE ESTANISLAU,7ny
R PE GERMANO,7ny
R PE JOAO DAMASCENO,7ny
R PE JOAO MANOEL,7ny
R PE JOAO MARIA,7ny
R PE JOSE MAURICIO,7ny
R PE LEMOS,7ny
R PE MANOEL DA NOBREGA,7ny
R PE MENEZES,7ny
R PE MONTE,7ny
R PE PINTO,7ny
R PE RAIMUNDO BRASIL,7ny
R PE RAMALHO,7ny
R PE VILELA,7ny
R PE-DE-MOLEQUE,7ny
R PEDESTRE,7ny
R PEDRA AZUL,7ny
R PEDRA BRANCA,7ny
R PEDRA DA GAVEA,7ny
R PEDRA DO RIO CLARO,7ny
R PEDRA DO SINO,7ny
R PEDRA-ACU,7ny
R PEDRAS GRANDES,7ny
R PEDRINHAS,7ny
R PEDRINHO BEZERRA,7ny
R PEDRO AFONSO,7ny
R PEDRO ALVARES CABRAL,7ny
R PEDRO DAVI FILHO,7ny
R PEDRO DE DURCINA,7ny
R PEDRO DE OLIVEIRA,7ny
R PEDRO DE SOUZA,7ny
R PEDRO FONSECA FILHO,7ny
R PEDRO GOMES,7ny
R PEDRO IZIDRO DE MEDEIROS,7ny
R PEDRO LUIZ DA SILVA,7ny
R PEDRO NOVOA,7ny
R PEDRO PEREIRA,7ny
R PEDRO PINHEIRO DA LUZ,7ny
R PEDRO TARGINO,7ny
R PEDRO URBANO,7ny
R PEDRO VELHO,7ny
R PEDRO VILELA CID,7ny
R PEGAS,7ny
R PEIXE BOI,7ny
R PELICANO,7ny
R PELOTAS,7ny
R PENAPOLIS,7ny
R PENSILVANIA,7ny
R PEQUENO CLAYTON,7ny
R PER JOSE LOURENCO,7ny
R PERCIVAL CALDAS,7ny
R PERDIZES,7ny
R PEREIRA,7ny
R PEREIRA LIMA,7ny
R PEREIRA SIMOES,7ny
R PEREIRO,7ny
R PERITIBA,7ny
R PERNAMBUCO,7ny
R PEROBA,7ny
R PESCADA,7ny
R PESCADORES,7ny
R PESQUEIRA,7ny
R PETROLANDIA,7ny
R PETROLEO,7ny
R PETUNIAS,7ny
R PHIILADELFIA,7ny
R PIANCO,7ny
R PIAUI,7ny
R PICO DA BANDEIRA,7ny
R PICO DA CARDONA,7ny
R PICO DA NEBLINA,7ny
R PICO DA TIJUCA,7ny
R PICO DE JAGUARA,7ny
R PICO DO CALCADO,7ny
R PICO DO CRISTAL,7ny
R PICO DO CRUZEIRO,7ny
R PICO DO ITAGUARE,7ny
R PICO DO MARTINS,7ny
R PIFANOS,7ny
R PIL GILENO MELO,7ny
R PILAR,7ny
R PILARZINHO,7ny
R PIMENTEIRA,7ny
R PINDORAMA,7ny
R PINHAO,7ny
R PINHEIRINHO,7ny
R PINHEIRO,7ny
R PINHEIRO BORGES,7ny
R PINTO MARTINS,7ny
R PIO CAVALCANTE,7ny
R PIO XII,7ny
R PIONEIROS,7ny
R PIQUIA,7ny
R PIRA-PIRA,7ny
R PIRACANJUBA,7ny
R PIRACEMA,7ny
R PIRACICABA,7ny
R PIRAI DO NORTE,7ny
R PIRAJU,7ny
R PIRAJUI,7ny
R PIRAMIDES,7ny
R PIRANEMA,7ny
R PIRAPETINGA,7ny
R PIRAPO,7ny
R PIRAPORA,7ny
R PIRATUBA,7ny
R PIRAUNA,7ny
R PIRENOPOLIS,7ny
R PIRILAMPOS,7ny
R PIRINAPOLIS,7ny
R PIRIPIRI,7ny
R PITANGUEIRA,7ny
R PITIMBU,7ny
R PITOMBEIRA,7ny
R PITUBA,7ny
R PLANALTINA,7ny
R PLANALTO,7ny
R PLANALTO ATLANTICO,7ny
R PLANALTO BAIANO,7ny
R PLANALTO DA BORBOREMA,7ny
R PLANALTO DAS GUIANAS,7ny
R PLANALTO MATOGROSSENSE,7ny
R PLANALTO MERIDIONAL,7ny
R PLANALTOCENTRAL,7ny
R PLANICE DO PARAGUAI,7ny
R PLANICIE AMAZONICA,7ny
R PLANICIE DA BORBOREMA,7ny
R PLANICIE DO CARIRI,7ny
R PLANICIE DO POTENGI,7ny
R PLANICIE DO SERTAO,7ny
R PLANICIE DO TABAJARA,7ny
R PLANICIE DOS ANDES,7ny
R PLANICIE SERIDO,7ny
R PLANO PILOTO,7ny
R PLANTA NATIVA,7ny
R PLATANOS,7ny
R PLATINA,7ny
R PLUTAO,7ny
R POE ALVARENGA PEIXOTO,7ny
R POE ALVARO DE AZEVEDO,7ny
R POE BOSCO LOPES,7ny
R POE CAMOES,7ny
R POE EMILIO DE MENEZES,7ny
R POE HOMERO HOMEM,7ny
R POE ISRAEL BOTELHO,7ny
R POE JAIME WANDERLEY,7ny
R POE JALMIR DE ANDRADE,7ny
R POE JORGE FERNANDES,7ny
R POE JOSE BEZERRA GOMES,7ny
R POE JOSE PRAXEDES,7ny
R POE JUVENAL ANTUNES,7ny
R POE LUIZ ALVES CORREIA,7ny
R POE LUIZ CARLOS GUIMARES,7ny
R POE MANOEL RODRIGUES DE MELO,7ny
R POE MANOEL VALE,7ny
R POE MARIO LAGO,7ny
R POE OLYMPIO BATISTA FILHO,7ny
R POE REVOREDO NETO,7ny
R POE SEBASTIAO FERNANDES,7ny
R POE WALTER VARELA,7ny
R POMBAL,7ny
R PONTA DA GAMBOA,7ny
R PONTA DE MANGUINHOS,7ny
R PONTA DE SERRAMBI,7ny
R PONTA DE TOURINHOS,7ny
R PONTA DO CALCANHAR,7ny
R PONTA DO MEL,7ny
R PONTA DO TUBARAO,7ny
R PONTA VERDE,7ny
R PONTAL DO NORTE,7ny
R PONTALINA,7ny
R PONTE ALTA,7ny
R PONTE NOVA,7ny
R PONTO DA LACERDA,7ny
R POR DO SOL,7ny
R POR-DO-SOL,7ny
R PORTAL DAS DUNAS,7ny
R PORTELA,7ny
R PORTINHO,7ny
R PORTO ALEGRE,7ny
R PORTO BELO,7ny
R PORTO CALVO,7ny
R PORTO DA FOLHA,7ny
R PORTO DAS OFICINAS,7ny
R PORTO DE ILHEUS,7ny
R PORTO DE IMBITUBA,7ny
R PORTO DE SANTANA,7ny
R PORTO DE TUBARAO,7ny
R PORTO DE VITORIA,7ny
R PORTO ITAPOANA,7ny
R PORTO MIRIM,7ny
R PORTO PRINCIPE,7ny
R PORTO RICO,7ny
R PORTO SEGURO,7ny
R PORTO VELHO,7ny
R PORTUGUESES,7ny
R POSTAL EVERALDO,7ny
R POT CECILIA MEIRELES,7ny
R POT ELISA MAMINI,7ny
R POTENGI,7ny
R POTI,7ny
R POTIGUARANAS,7ny
R POTIGUARES,7ny
R POTIGUASSU,7ny
R POTYCRET,7ny
R POUSO ALTO,7ny
R PRAIA,7ny
R PRAIA AZUL,7ny
R PRAIA BAIA DE TRAICAO,7ny
R PRAIA BARRA DE CUNHAU,7ny
R PRAIA BARRA DE SERINHAEM,7ny
R PRAIA BARRETA,7ny
R PRAIA CEARAZINHO,7ny
R PRAIA CRISTO REDENTOR,7ny
R PRAIA DA BARRA,7ny
R PRAIA DA BOA VIAGEM,7ny
R PRAIA DA GAMELEIRA,7ny
R PRAIA DA PENHA,7ny
R PRAIA DA PIPA,7ny
R PRAIA DAS REDES,7ny
R PRAIA DE ALAGAMAR,7ny
R PRAIA DE AMARALINA,7ny
R PRAIA DE AREIA BRANCA,7ny
R PRAIA DE BAIA FORMOSA,7ny
R PRAIA DE BARREIRA DAGUA,7ny
R PRAIA DE BARREIRA ROXA,7ny
R PRAIA DE CABEDELO,7ny
R PRAIA DE CAICARA,7ny
R PRAIA DE CAMBOINHAS,7ny
R PRAIA DE CAMUCIM,7ny
R PRAIA DE CANDEIAS,7ny
R PRAIA DE CARAUBAS,7ny
R PRAIA DE COQUEIROS,7ny
R PRAIA DE CUTUVELO,7ny
R PRAIA DE GALINHOS,7ny
R PRAIA DE GROSSOS,7ny
R PRAIA DE GUAJIRU,7ny
R PRAIA DE IRACEMA,7ny
R PRAIA DE ITAMARACA,7ny
R PRAIA DE ITAPOA,7ny
R PRAIA DE JACARECICA,7ny
R PRAIA DE JACUMA,7ny
R PRAIA DE MALEMBA,7ny
R PRAIA DE MANIBU,7ny
R PRAIA DE MARACAJAU,7ny
R PRAIA DE MUCURIPE,7ny
R PRAIA DE MURIU,7ny
R PRAIA DE ONDINA,7ny
R PRAIA DE PAJUCARA,7ny
R PRAIA DE PARAZINHO,7ny
R PRAIA DE PARIPUEIRA,7ny
R PRAIA DE PITANGUI,7ny
R PRAIA DE PITITINGA,7ny
R PRAIA DE SANTA RITA,7ny
R PRAIA DE SIMBAUMA,7ny
R PRAIA DE SOBRAL,7ny
R PRAIA DE TABATINGA,7ny
R PRAIA DE TAMBAU,7ny
R PRAIA DE TOUROS,7ny
R PRAIA DE UPANEMA,7ny
R PRAIA DIOGO LOPES,7ny
R PRAIA DO BESSA,7ny
R PRAIA DO CAJUEIRO,7ny
R PRAIA DO CAMURUPIM,7ny
R PRAIA DO FUTURO,7ny
R PRAIA DO GUAXINIM,7ny
R PRAIA DO MOCHILA,7ny
R PRAIA DO PINA,7ny
R PRAIA DO POCO,7ny
R PRAIA DO RIO DOCE,7ny
R PRAIA DO RIO VERMELHO,7ny
R PRAIA DO SAGI,7ny
R PRAIA DO ZUMBI,7ny
R PRAIA DOS AMORES,7ny
R PRAIA DOS DIARIOS,7ny
R PRAIA DOS PRAZERES,7ny
R PRAIA FAROL DA BARRA,7ny
R PRAIA GRANDE,7ny
R PRAIA JARDIM DE ALA,7ny
R PRAIA REDONDA,7ny
R PRAIA RIO DO FOGO,7ny
R PRAIEIRA,7ny
R PRCA ISABEL,7ny
R PRCA LEOPOLDINA,7ny
R PRECE AO VENTO,7ny
R PREF ELIANE BARROS CABRAL,7ny
R PREF EXPEDITO ALVES,7ny
R PREF GENTIL FERREIRA,7ny
R PREF POMPEU JACOME,7ny
R PREF SANDOVAL CAVALCANTE DE ALBUQUERQUE,7ny
R PREFA JOANA FERREIRA DA CRUZ,7ny
R PREFEITO GENTIL FIRMINO NUNES,7ny
R PRES ARTUR BERNARDES,7ny
R PRES CAFE FILHO,7ny
R PRES CASTELO BRANCO,7ny
R PRES COSTA E SILVA,7ny
R PRES CUNHA BARRETO,7ny
R PRES DUTRA,7ny
R PRES EXPEDITO NERY,7ny
R PRES GONCALVES,7ny
R PRES GUSTAVO ADOLFO,7ny
R PRES ITAMAR,7ny
R PRES JOHN KENNEDY,7ny
R PRES JOSE BENTO,7ny
R PRES JUSCELINO KUBITSHEK,7ny
R PRES KENNEDY,7ny
R PRES LEAO VELOSO,7ny
R PRES MASCARENHAS,7ny
R PRES MEDICE,7ny
R PRES PAMPLONA,7ny
R PRES PASSOS,7ny
R PRES PEDRO DE BARROS,7ny
R PRES QUARESMA,7ny
R PRES SARMENTO,7ny
R PRES TANCREDO NEVES,7ny
R PRES WASHINGTON LUIZ,7ny
R PRESB ARTHUR DUMARESQ,7ny
R PRESB BEVENUTO ARAUJO,7ny
R PRESB FRANCISCO OLIVEIRA,7ny
R PRESB JOSE MOURA DOS SANTOS,7ny
R PRESB MANOEL ALVES CARDOSO,7ny
R PRESB PORFIRIO GOMES DA SILVA,7ny
R PRF ADOLFO RAMIRES,7ny
R PRF ALBERTO CAMPOS,7ny
R PRF ALBERTO MOREIRA CAMPOS,7ny
R PRF ALDABERTO LEOBINO,7ny
R PRF ALMEIDA BARRETO,7ny
R PRF ANA DJANIRA,7ny
R PRF ANTONIO CAMPOS,7ny
R PRF ANTONIO FAGUNDES,7ny
R PRF ANTONIO GOMES DA ROCHA FAGUNDE,7ny
R PRF ANTONIO GONDIM DE LIMA,7ny
R PRF ANTONIO NESI,7ny
R PRF ANTONIO TRIGUEIRO,7ny
R PRF ARTHEPHIO BEZERRA,7ny
R PRF AURELIANO MEDEIROS FILHO,7ny
R PRF BARTOLOMEU FAGUNDES,7ny
R PRF BOANERGES SOARES DE ARAUJO,7ny
R PRF CELESTINO PIMENTEL,7ny
R PRF CLEMENTINO CAMARA,7ny
R PRF CLODOALDO DE GOIS,7ny
R PRF COUTINHO,7ny
R PRF DJALMA SANTOS,7ny
R PRF EMÍDIO CARDOSO,7ny
R PRF ETELVINO CUNHA,7ny
R PRF EVARISTO DE SOUZA,7ny
R PRF FONTES GALVAO,7ny
R PRF FRANCISCO CANINDE MARQUES,7ny
R PRF GERALDO SERRANO,7ny
R PRF GERSON DUMARESQ,7ny
R PRF HERMOGENES MEDEIROS,7ny
R PRF IVONETE MACIEL,7ny
R PRF JOSE FABRICIO DE OLIVEIRA,7ny
R PRF JOSE GURGEL,7ny
R PRF JOSE IDELFONSO EMERENCIANO,7ny
R PRF JOSE ROMANO,7ny
R PRF JOSEFA BOTELHO,7ny
R PRF JOSINO MACEDO,7ny
R PRF LEVI  HIGINO JALES,7ny
R PRF LOURIVAL FARIAS,7ny
R PRF LUIS CARLOS CALUETE,7ny
R PRF LUIZ CARLOS TEXEIRA,7ny
R PRF LUIZ MARANHAO,7ny
R PRF MANOEL FERNANDES,7ny
R PRF MANOEL VILAR,7ny
R PRF MARIA ARLETE LIMA DO NASCIMENTO,7ny
R PRF MARIA DA CRUZ,7ny
R PRF MARIA LIDIA,7ny
R PRF MARIO CAVALCANTI,7ny
R PRF MOURA RABELO,7ny
R PRF NAZARENO AGUIAR,7ny
R PRF OTTO DE BRITO GUERRA,7ny
R PRF PAULO FREIRE,7ny
R PRF PAULO NOBRE,7ny
R PRF PAULO PINHEIRO GALVAO,7ny
R PRF PAULO VIEIRA NOBRE,7ny
R PRF PEDRO ALEXANDRINO,7ny
R PRF PEDRO PINHEIRO DE SOUZA,7ny
R PRF SANTIAGO DANTAS,7ny
R PRF SATURNINO,7ny
R PRF SERGIO SANTIAGO,7ny
R PRF TEONORIO,7ny
R PRFA ALICE RODRIGUES,7ny
R PRFA ALMIRA MELO DO AMARAL,7ny
R PRFA ANTONIA MELLO,7ny
R PRFA BEATRIZ CORTEZ,7ny
R PRFA CLARA TEIXEIRA FAGUNDES,7ny
R PRFA DIRCE COUTINHO,7ny
R PRFA DJANIRA MOURA,7ny
R PRFA FRANCISCA IVONE CAVALCANTI,7ny
R PRFA GENI COSTA,7ny
R PRFA GIPSE MONTENEGRO,7ny
R PRFA IOLANDA TORRES,7ny
R PRFA LEONOR DE FRANCA,7ny
R PRFA MARIA AUGUSTO DA TRINDADE,7ny
R PRFA MARIA DE FATIMA DA COSTA,7ny
R PRFA MARIA DO CARMO NAVARRO,7ny
R PRFA MARIA VALERIA,7ny
R PRFA MARIETA GUERRA,7ny
R PRFA NATALIA FONSECA,7ny
R PRFA ORIONE CARVALHO,7ny
R PRFA ZILA MAMEDE,7ny
R PRFA ZUZA,7ny
R PRIMAVERA,7ny
R PRIMULAS,7ny
R PRINCESA,7ny
R PROF BILAC DE FARIA,7ny
R PROF CREUZA AGUIAR,7ny
R PROF JOSE MELQUIADES,7ny
R PROF JOSE SEABRA,7ny
R PROF LUIS SOARES,7ny
R PROF SEVERINO BEZERRA,7ny
R PROF TENÓRIO,7ny
R PROFA ELIZABETH SALLÈM,7ny
R PROFA MARIA DE FATIMA DA COSTA,7ny
R PROFA ZILA MAMEDE,7ny
R PROFESSOR NILO DE ALBUQUERQUE MELO,7ny
R PROJETADA 01,7ny
R PROJETADA 05 LTO PQ COQUEIROS,7ny
R PROJETADA 06 LTO PQ COQUEIROS,7ny
R PROJETADA 07 LTO PQ COQUEIROS,7ny
R PROJETADA 08 LTO PQ COQUEIROS,7ny
R PROJETADA 10,7ny
R PROJETADA 252,7ny
R PROJETADA 271,7ny
R PROJETADA 277,7ny
R PROJETADA 38,7ny
R PROJETADA 5 LTO AGROVILLE,7ny
R PROJETADA 561,7ny
R PROJETADA 619,7ny
R PROJETADA 743,7ny
R PROJETADA D 29,7ny
R PROJETO CAIANA,7ny
R PROPRIETARIOS,7ny
R PROTETORES,7ny
R PST ADRIANO NOBRE,7ny
R PST ANTONIO DE ANDRADE,7ny
R PST CLIMACO BUENO AZZA,7ny
R PST DANIEL FALIPE,7ny
R PST EUSTAQUIO LOPES DA SILVA,7ny
R PST FRANCISCO GONZAGA,7ny
R PST GABINO BRELAZ,7ny
R PST ISAIAS BATISTA,7ny
R PST JERONIMO GUEIROS,7ny
R PST JOAO FERREIRA DE ALMEIDA,7ny
R PST JOAO GOMES DA SILVA,7ny
R PST JOAO PEDRO,7ny
R PST JOAQUIM BATISTA DE MACEDO,7ny
R PST JOSE FAUSTINO DE LIMA,7ny
R PST JOSE FELINTO,7ny
R PST JOSE MENEZES,7ny
R PST JOSE MORAIS,7ny
R PST JOSINO GALVAO,7ny
R PST MANOEL LEAO,7ny
R PST NELSON BEZERRIL,7ny
R PST PIRES,7ny
R PST RIVALDO BARRETO,7ny
R PST RODOLFO BEUTTENMULLER,7ny
R PTO DANIEL,7ny
R PTO NEWTON NAVARRO,7ny
R PTO PEDRO AMERICO,7ny
R PTO RODOLFO DE AMOEDO,7ny
R PTO VICTOR MEIRELES,7ny
R PUREZA,7ny
R QUADRA,7ny
R QUARESMEIRA,7ny
R QUARTZO,7ny
R QUATRO DE OUTUBRO,7ny
R QUATRO MARCOS,7ny
R QUEIMADA,7ny
R QUINA,7ny
R QUINTINO BOCAIUVA,7ny
R QUINZE DE NOVEMBRO,7ny
R QUIPAS,7ny
R QUIRAMBU,7ny
R QUIRINOPOLIS,7ny
R QUIXADA,7ny
R QUIXERAMOBIM,7ny
R RABECA,7ny
R RAD JAIME QUEIROZ,7ny
R RAD LIENIO TRIGUEIRO,7ny
R RAD MONTEIRO NETO,7ny
R RAIMUNDA PORTELA,7ny
R RAIMUNDA RIBEIRO DE LIMA,7ny
R RAIMUNDO BASTOS DA SILVA,7ny
R RAIMUNDO CHAVES,7ny
R RAIMUNDO DE FRANCA,7ny
R RAIMUNDO DE MEDEIROS DANTAS,7ny
R RAIMUNDO DE SOUZA ARAUJO,7ny
R RAIMUNDO FIGUEIRA,7ny
R RAIMUNDO JUVINO DE OLIVEIRA,7ny
R RAIMUNDO NONATO DE OLIVEIRA,7ny
R RAINEL PEREIRA DE ARAUJO,7ny
R RAINHA DO MAR,7ny
R RANCHINHO DE PAIA,7ny
R RANCHO VERDE,7ny
R RAPOSO CAMARA,7ny
R RARABUTAN,7ny
R REBAIXAMENTO,7ny
R RECANTO DAS PRINCESAS,7ny
R RECANTO VERDE,7ny
R RECIFE,7ny
R RECO-RECO,7ny
R REDENCAO,7ny
R REGINA COELI,7ny
R REGINA MARIA DE ARAUJO,7ny
R REINALDI FERNANDE P. FILHO,7ny
R REIS MAGOS,7ny
R REITOR ONOFRE LOPES,7ny
R REIZADO,7ny
R REM ANTONIO DE SOUZA DUARTE,7ny
R REM LUIZ ENEIAS,7ny
R REM RICARDO SEVERIANO DA CRUZ,7ny
R RENASCER,7ny
R RENATO GUILHERME KAISER,7ny
R REPENTISTAS,7ny
R RESENDE,7ny
R RETIROLANDIA,7ny
R REV WILLIAM PORTER,7ny
R REVORENDO ELIEL SPINOZA,7ny
R RIACHO,7ny
R RIACHO DE SANTANA,7ny
R RIANOPOLIS,7ny
R RIBEIRA,7ny
R RIBEIRA DO AMPARO,7ny
R RIBEIRAO CLARO,7ny
R RIBEIRAO PRETO,7ny
R RIBEIRO ALVES,7ny
R RICARDO CRUZ,7ny
R RIMOPOLIS,7ny
R RIO ARAGUAIA,7ny
R RIO AZUL,7ny
R RIO BELO,7ny
R RIO CARNAUBA,7ny
R RIO CLARO,7ny
R RIO CUARI,7ny
R RIO CURUA,7ny
R RIO DAS FLORES,7ny
R RIO DAS FORTUNAS,7ny
R RIO DAS OSTRAS,7ny
R RIO DAS PEDRAS,7ny
R RIO DAS TULIPAS,7ny
R RIO DAS VELHAS,7ny
R RIO DE JANEIRO,7ny
R RIO DO CAMPO,7ny
R RIO DO SUL,7ny
R RIO DOS SINOS,7ny
R RIO FORTUNA,7ny
R RIO GRAJAU,7ny
R RIO GRAMAME,7ny
R RIO GRAMORE,7ny
R RIO GRANDE,7ny
R RIO GRANDE DO NORTE,7ny
R RIO GRANDE DO SUL,7ny
R RIO GUAIBA,7ny
R RIO GUAJU,7ny
R RIO ITAPICURU,7ny
R RIO JEQUITINHONHA,7ny
R RIO JURUA,7ny
R RIO MADEIRA,7ny
R RIO MEARIM,7ny
R RIO MOGI GUACU,7ny
R RIO NILO,7ny
R RIO NORTE,7ny
R RIO PARANAPANEMA,7ny
R RIO PARDO,7ny
R RIO PINDARE,7ny
R RIO POTENGI,7ny
R RIO PUNAU,7ny
R RIO REAL,7ny
R RIO SALGADO,7ny
R RIO SANHOA,7ny
R RIO SOLIMOES,7ny
R RIO SUASSUI,7ny
R RIO TAMANDUATEI,7ny
R RIO TATUAPE,7ny
R RIO TIETE,7ny
R RIO TINTO,7ny
R RIO TOCANTINS,7ny
R RIO UMARI,7ny
R RIO VERDE,7ny
R RIONOPOLIS,7ny
R RITA FERNANDES,7ny
R RITA PEREIRA DE MACEDO,7ny
R RITINHA COELHO,7ny
R RIVALDO DE OLIVEIRA,7ny
R RIVERSUL,7ny
R RIZOMAR CORREIA DOS SANTOS,7ny
R ROBERTA IRACEMA,7ny
R ROBERTO FONSECA,7ny
R ROBERTO JUNIOR,7ny
R ROCHA POMBO,7ny
R RODEIO,7ny
R RODOLFO GARCIA,7ny
R RODRIGUES DIAS,7ny
R RODRIGUES SILVA,7ny
R ROGERIO BASTOS CADENGUE,7ny
R ROLDAO AUGUSTO BOTELHO,7ny
R ROMELANDIA,7ny
R ROMUALDO GALVAO,7ny
R RONDONIA,7ny
R ROQUE JOSE DA SILVA,7ny
R RORAIMA,7ny
R ROSA BRANCA,7ny
R ROSA CRUZ,7ny
R ROSA DE LIMA,7ny
R ROSA DE MAIO,7ny
R ROSA DE SARON,7ny
R ROSARIO,7ny
R ROSARIO DE MINAS,7ny
R ROSEIRA,7ny
R ROSEIRAL,7ny
R ROSMAR FERREIRA,7ny
R ROUXINOL,7ny
R ROYAL CINEMA,7ny
R RUA DEP JOSÉ TORQUATO DE FIGUEREDO,7ny
R RUBENS MARIZ,7ny
R RUBI,7ny
R RUI BARBOSA,7ny
R RUTH BEZERRA GALVAO,7ny
R RUTH MONTEIRO,7ny
R S ANTONIO,7ny
R S BENEDITO,7ny
R S BENTO,7ny
R S BERNARDO,7ny
R S BERNARDO DO CAMPO,7ny
R S BRAULIO,7ny
R S BRAZ,7ny
R S CAETANO,7ny
R S CAMILO,7ny
R S CARLOS,7ny
R S CLEMENTE,7ny
R S CRISTOVAO,7ny
R S DIOGO,7ny
R S DOMINGOS,7ny
R S DOMINGOS DE ARAXAS,7ny
R S DOMINGOS DO AMARANTE,7ny
R S EBIDENES,7ny
R S EXPEDITO,7ny
R S FELIX,7ny
R S FERNANDO,7ny
R S FRANCISCO,7ny
R S FRANCISCO DE ASSIS,7ny
R S FRANCISCO DE CANINDE,7ny
R S GABRIEL,7ny
R S GABRIEL DAS DORES,7ny
R S GERALDO,7ny
R S GONCALO,7ny
R S GONCALO DO AMARANTE,7ny
R S GREGORIO,7ny
R S JACINTO,7ny
R S JANUARIO,7ny
R S JERONIMO,7ny
R S JOAO,7ny
R S JOAO DA BARRA,7ny
R S JOAO DE DEUS,7ny
R S JOAO DEL REI,7ny
R S JOAO DO MERITI,7ny
R S JOAQUIM,7ny
R S JOAQUIM DA BARRA,7ny
R S JORGE,7ny
R S JOSE,7ny
R S JOSE DA BARRA,7ny
R S JOSE DA LAGE,7ny
R S JOSE DE CAMPESTRE,7ny
R S JOSE DE MIPIBU,7ny
R S JOSE DO RIO PARDO,7ny
R S JOSE DOS CAMPOS,7ny
R S JUDAS,7ny
R S JULIAO,7ny
R S LEOPOLDO,7ny
R S LOURENCO DA MATA,7ny
R S LOURENCO DA SERRA,7ny
R S LUCAS,7ny
R S LUIZ,7ny
R S MARCELO,7ny
R S MARCOS,7ny
R S MARINO,7ny
R S MARTINHO,7ny
R S MATEUS,7ny
R S MATIAS,7ny
R S MIGUEL,7ny
R S MIGUEL DOS MILAGRES,7ny
R S NESTOR,7ny
R S NICOLAU,7ny
R S ONOFRE,7ny
R S PATRICK,7ny
R S PAULO,7ny
R S PEDRO,7ny
R S RAFAEL,7ny
R S ROMAO,7ny
R S ROQUE,7ny
R S RUFINO,7ny
R S SEBASTIAO,7ny
R S SEVERINO,7ny
R S SEVERINO DOS RAMOS,7ny
R S SILVESTRE,7ny
R S TOMAZ DE AQUINO,7ny
R S TOME,7ny
R S VALERIO,7ny
R S VICENTE,7ny
R SAARA,7ny
R SABIAS,7ny
R SABINOPOLIS,7ny
R SABOEIRO,7ny
R SABRINA TAVARES,7ny
R SACHET,7ny
R SAFIRA,7ny
R SAGRADA FAMILIA,7ny
R SAGRES,7ny
R SAINT JAMES,7ny
R SAL,7ny
R SALESIANO,7ny
R SALETE,7ny
R SALGUEIRO,7ny
R SALINA,7ny
R SALINAS,7ny
R SALINOPOLIS,7ny
R SALMOS,7ny
R SALTO DO CEU,7ny
R SALTO PIRAPORA,7ny
R SALTO VELOSO,7ny
R SALVA TERRA,7ny
R SALVADOR,7ny
R SAMARIA,7ny
R SAMARITANA,7ny
R SAMPAIO CORREIA,7ny
R SANDALOS,7ny
R SANDOVAL CAPISTRANO,7ny
R SANEAMENTO,7ny
R SANFONA,7ny
R SANTA CRISTINA,7ny
R SANTA EULALIA,7ny
R SANTA KARINA,7ny
R SANTA MARIA,7ny
R SANTA URSULA,7ny
R SANTANA,7ny
R SANTANA DA BOA VISTA,7ny
R SANTANA DO IPANEMA,7ny
R SANTANA DOS LIVRAMENTOS,7ny
R SANTANOPOLIS,7ny
R SANTIAGO,7ny
R SANTINA DA SILVA,7ny
R SANTO ANGELO,7ny
R SANTO ANTONIO,7ny
R SANTO ELIAS,7ny
R SANTO IVO,7ny
R SAO DOMINGOS,7ny
R SAO JOAO DA CRUZ,7ny
R SAO JULIAO,7ny
R SAO MARCOS,7ny
R SAO NOBERTO,7ny
R SAO PEDRO,7ny
R SAPE,7ny
R SAPIRANGA,7ny
R SAPOTIZEIRO,7ny
R SAQUAREMA,7ny
R SASSAFRAS,7ny
R SATIRO DIAS,7ny
R SATURNO,7ny
R SAUDADE,7ny
R SD LUIZ GONZAGA,7ny
R SEARA,7ny
R SEBASTIANA ANDRADE,7ny
R SEBASTIAO BARRETO,7ny
R SEBASTIAO GONCALVES,7ny
R SEBASTIAO MEDEIROS,7ny
R SEBASTIAO PINHEIRO,7ny
R SEBASTIAO PINTO,7ny
R SEBASTIAO ROSA,7ny
R SECOIA,7ny
R SEGUNDO DE MEDEIROS,7ny
R SEGUNDO WANDERLEY,7ny
R SEM DENOMINACAO,7ny
R SEM DENOMINACAO(ESCADARIA),7ny
R SEM DENOMINAÇÃO,7ny
R SEN CARLOS ALBERTO,7ny
R SEN FERNANDES BEZERRA,7ny
R SEN GEORGINO AVELINO,7ny
R SEN JESSE PINTO FREIRE,7ny
R SEN JOAO CAMARA,7ny
R SEN JOSE DE ARIMATEIA,7ny
R SEN JOSE FERREIRA DE SOUZA,7ny
R SEN MANOEL VILASSA,7ny
R SEN NABUCO DE ARAUJO,7ny
R SEN ROBERT KENNEDY,7ny
R SEN TEOTONIO VILELA,7ny
R SEN VERGUEIRO,7ny
R SENHOR DO BOMFIM,7ny
R SENHOR DOS PASSOS,7ny
R SENZALA,7ny
R SEQUILHO,7ny
R SERAFIM PINHEIRO DE SOUZA,7ny
R SEREIA,7ny
R SERGIO SEVERO,7ny
R SERGIPE,7ny
R SERIDO,7ny
R SERQUIZ ELIAS,7ny
R SERRA,7ny
R SERRA ACARAI,7ny
R SERRA BONITA,7ny
R SERRA CAMAPUA,7ny
R SERRA DA CANASTRA,7ny
R SERRA DA CANTAREIRA,7ny
R SERRA DA ESPERANCA,7ny
R SERRA DA JUREMA,7ny
R SERRA DA MANTIQUEIRA,7ny
R SERRA DA RAIZ,7ny
R SERRA DA SAUDADE,7ny
R SERRA DA TIJUCA,7ny
R SERRA DAS ARARAS,7ny
R SERRA DAS CRUZES,7ny
R SERRA DE CAPARAO,7ny
R SERRA DE SANTANA,7ny
R SERRA DO ARAGUAIA,7ny
R SERRA DO BOTUCATU,7ny
R SERRA DO BUJARI,7ny
R SERRA DO CACHIMBO,7ny
R SERRA DO CATURITE,7ny
R SERRA DO DOUTOR,7ny
R SERRA DO ESPINHACO,7ny
R SERRA DO IMERI,7ny
R SERRA DO JAPI,7ny
R SERRA DO MAR,7ny
R SERRA DO MARACAJU,7ny
R SERRA DO MARTINS,7ny
R SERRA DO MEL,7ny
R SERRA DO NAVIO,7ny
R SERRA DO PARANAPIACABA,7ny
R SERRA DO RONCADOR,7ny
R SERRA DO SALITRE,7ny
R SERRA DO TOMBADOR,7ny
R SERRA DO VENTO,7ny
R SERRA DOS CAIAPOS,7ny
R SERRA DOS CARAJAS,7ny
R SERRA DOS ORGAOS,7ny
R SERRA DOS PACAAS NOVOS,7ny
R SERRA FORMOSA,7ny
R SERRA GERAL,7ny
R SERRA MACAE,7ny
R SERRO LEON,7ny
R SERTAO DE JACUMA,7ny
R SERTAOZINHO,7ny
R SETE DE SETEMBRO,7ny
R SEVERINA ALEXANDRE,7ny
R SEVERINA FERREIRA DE MEDEIROS,7ny
R SEVERINA TAVARES DA SILVA,7ny
R SEVERINO ALVES BILA,7ny
R SEVERINO BEZERRA,7ny
R SEVERINO DAVID,7ny
R SEVERINO GALVAO,7ny
R SEVERINO RAMOS DO NASCIMENTO,7ny
R SEVERINO SOARES,7ny
R SEVERINO TAVARES,7ny
R SEVERINO TORRES DE FARIAS,7ny
R SHALON,7ny
R SHEELITA,7ny
R SHEILA SIMONE,7ny
R SIDEROPOLIS,7ny
R SILVA,7ny
R SILVESTRE CABRAL DE MOURA,7ny
R SILVESTRE JOSE NETO,7ny
R SILVINO SERAFIM DE MEDEIROS,7ny
R SILVIO BARRETO FILHO,7ny
R SILVIO CALDAS,7ny
R SILVIO PELICO,7ny
R SIMAO DIAS,7ny
R SIMON BOLIVAR,7ny
R SIMONE BANHOS TEIXEIRA,7ny
R SIND ALIRIO GUERRA,7ny
R SIND JULIO TRAJANO,7ny
R SIQUEIRA CAMPOS,7ny
R SKAL,7ny
R SOBREIRO,7ny
R SOCORRO OLIVEIRA,7ny
R SOL NASCENTE,7ny
R SOLEDADE,7ny
R SOLEMAR,7ny
R SOLIMOES,7ny
R SOLON ARANHA,7ny
R SORVEIRA,7ny
R SOUZA,7ny
R SOUZA MACHADO,7ny
R SOUZA PINTO,7ny
R SRG CLOVIS,7ny
R SRG JOAO MENEZES,7ny
R SRG OVIDIO,7ny
R SRG PEDRO ALVES,7ny
R SRG WOLFF,7ny
R STA ADELIA,7ny
R STA BARBARA,7ny
R STA BEATRIZ,7ny
R STA CATARINA,7ny
R STA CATARINA DE SENA,7ny
R STA CECILIA,7ny
R STA CELIA,7ny
R STA CLARA,7ny
R STA CRISTINA,7ny
R STA CRUZ,7ny
R STA DOMITILIA,7ny
R STA EFIGENIA,7ny
R STA EULALIA,7ny
R STA FE,7ny
R STA FELICIDADE,7ny
R STA HELENA,7ny
R STA INES,7ny
R STA INEZ,7ny
R STA ISABEL,7ny
R STA JOANA DARC,7ny
R STA JUDITE,7ny
R STA KARINA,7ny
R STA LIVIA,7ny
R STA LUZ,7ny
R STA LUZIA,7ny
R STA MARGARIDA,7ny
R STA MARIA,7ny
R STA MARIA EUFRASIA,7ny
R STA MARIA GORETH,7ny
R STA MARIA MADALENA,7ny
R STA MARTA,7ny
R STA MATILDE,7ny
R STA MONICA,7ny
R STA OLIVIA,7ny
R STA QUITERIA,7ny
R STA RITA,7ny
R STA RITA DE CASSIA,7ny
R STA SARA,7ny
R STA SOFIA,7ny
R STA TEREZA,7ny
R STA TEREZA D AVILA,7ny
R STA TEREZINHA,7ny
R STA VERONICA,7ny
R STA VITORIA,7ny
R STA VITORIA DO PALMAR,7ny
R STO ADOLFO,7ny
R STO AGOSTINHO,7ny
R STO AMARO,7ny
R STO ANDRE,7ny
R STO ANTONIO,7ny
R STO ANTONIO DE PADUA,7ny
R STO APOLO,7ny
R STO ELIAS,7ny
R STO EUZEBIO,7ny
R STO EXPEDITO,7ny
R STO INACIO,7ny
R STO INACIO DE LOYOLA,7ny
R STO IVO,7ny
R STO ONOFRE,7ny
R SUCATINGA,7ny
R SUCUPIRAS,7ny
R SUL,7ny
R SÃO PEDRO,7ny
R TAB MANOEL PROCOPIO,7ny
R TAB SEBASTIAO MIGUEL DE LIMA,7ny
R TABAJARA,7ny
R TABAPUA,7ny
R TABATINGA,7ny
R TAGUARI,7ny
R TAGUARITINGA,7ny
R TAGUARITUBA,7ny
R TAGUATINGA,7ny
R TAIARACU,7ny
R TAINA,7ny
R TAITI,7ny
R TAIUVA,7ny
R TAMARINDOS,7ny
R TAMARINEIRA,7ny
R TAMBOARA,7ny
R TAMBORIL,7ny
R TAMBUI,7ny
R TAMIRIM,7ny
R TANABI,7ny
R TANCREDO NEVES,7ny
R TANGARA,7ny
R TANGARA DA SERRA,7ny
R TANGARAS,7ny
R TAPEROA,7ny
R TAPEVI,7ny
R TAPIRAI,7ny
R TAPIRAMA,7ny
R TARAUCA,7ny
R TARCISIO GALVAO,7ny
R TARCISIO RIBEIRO,7ny
R TARSSO DE MACEDO,7ny
R TARUMA,7ny
R TATIANA MAIA,7ny
R TATUI,7ny
R TATUQUARA,7ny
R TAUA,7ny
R TAUBATE,7ny
R TEAT JESIEL FIGUEIREDO,7ny
R TEAT MEIRA PIRES,7ny
R TEC-AGR MEIRA E SA NETO,7ny
R TECA SALES,7ny
R TEIXEIRA DE CASTRO,7ny
R TEN ALBERTO GOMES,7ny
R TEN BENDITO PEREIRA,7ny
R TEN BRANDAO,7ny
R TEN CLAUDIONOR AMARO DE OLIVEIRA,7ny
R TEN DE SOUZA,7ny
R TEN JULIO GOMES,7ny
R TEN JUVENAL BARBOSA DO NASCIMENTO,7ny
R TEN OLAVO FRANCISCO DOS SANTOS,7ny
R TEN PETRONILO DIOGO DA SILVA,7ny
R TEN SA BARRETO,7ny
R TEN SOUZA,7ny
R TENENTE CERQUEIRA,7ny
R TEODORICO BEZERRA,7ny
R TEOFILO BRANDAO,7ny
R TEOFILO LIBERATO,7ny
R TEOFILO OTONI,7ny
R TEOFILÂNDIA,7ny
R TEOLANDIA,7ny
R TEOTONIO FREIRE,7ny
R TERESINA,7ny
R TERESOPOLIS,7ny
R TEREZA ALVES FERNANDES,7ny
R TEREZA BEZERRA SALUSTINO,7ny
R TEREZA CAMPOS,7ny
R TEREZA CRISTINA,7ny
R TEREZA FERNANDES,7ny
R TEREZINHA CAMPELO,7ny
R TERRA,7ny
R TERRA BRANCA,7ny
R TERRA DE AREIA,7ny
R THAYNARA BARRETO,7ny
R THEMISTOCLES DUARTE,7ny
R THEODORICO GUILHERME,7ny
R THIAGO QUEIROZ,7ny
R TIAGO AVICO,7ny
R TIANGUA,7ny
R TIBAJI,7ny
R TIBIRICA,7ny
R TIETE,7ny
R TIJUANA,7ny
R TIJUCAS,7ny
R TILAPIA,7ny
R TILIAS,7ny
R TIMBAUBA,7ny
R TIMBO,7ny
R TIMON,7ny
R TINO LUCIANO DE BRITO,7ny
R TIROL,7ny
R TITANIO,7ny
R TIVOLI,7ny
R TOADA,7ny
R TOBIAS BARRETO,7ny
R TOCANTINS,7ny
R TODOS OS SANTOS,7ny
R TOMAZ PEREIRA,7ny
R TOMAZ XAVIER,7ny
R TOME DE SOUZA,7ny
R TONHECA DANTAS,7ny
R TOPAZIO,7ny
R TORETAMA,7ny
R TORIO,7ny
R TOROROS,7ny
R TORRE AZUL,7ny
R TORRE DA ESPERANCA,7ny
R TORRE DE MARFIM,7ny
R TORRE DO MAR,7ny
R TORRES GALVAO,7ny
R TOUROS,7ny
R TRAIRI,7ny
R TRAJANO DE MORAIS,7ny
R TRAJANO MURTA,7ny
R TRAMPOLIM DA VITORIA,7ny
R TRANSMISSOR NORDESTE,7ny
R TRES BARRAS,7ny
R TRES DE OUTUBRO,7ny
R TRES LAGOAS,7ny
R TRES MARIAS,7ny
R TRES NACOES,7ny
R TRES PODERES,7ny
R TRES RIOS,7ny
R TRES TILIAS,7ny
R TREVO DO MATO,7ny
R TREVOS,7ny
R TRIANGULO DAS BERMUDAS,7ny
R TRIANGULO MINEIRO,7ny
R TRILHA,7ny
R TRINDADE,7ny
R TRINTA E UM DE MARCO,7ny
R TRIPOLI,7ny
R TRIUNFO,7ny
R TROV CARLOS HOMEM DE SIQUEIRA,7ny
R TROV GUMERCINDO SARAIVA,7ny
R TROV JOAO CARLOS DE VASCONCELOS,7ny
R TROV JOAO ESTEVAM G DA SILVA,7ny
R TROV MARIANO COELHO,7ny
R TUBARAO,7ny
R TUCURUI,7ny
R TUIUTI,7ny
R TULIO FERNANDES,7ny
R TULIPAS NEGRAS,7ny
R TUNGSTENIO,7ny
R TUPA,7ny
R TUPACIGUARA,7ny
R TUPI PAULISTA,7ny
R TUPINAMBA,7ny
R TUPIRACI,7ny
R TUPITYNGA,7ny
R TURMALINA,7ny
R TURQUESA,7ny
R UBA,7ny
R UBAIA,7ny
R UBAIRA,7ny
R UBAITUBA,7ny
R UBARANA,7ny
R UBATUBA,7ny
R UBIRATAN,7ny
R UIRAPURU,7ny
R ULISSES CALDAS,7ny
R ULISSES GUIMARAES,7ny
R UMARIZAL,7ny
R UMBELINO COELHO,7ny
R UMBURANAS,7ny
R UMBUZEIRO,7ny
R UMUARAMA,7ny
R UNIAO,7ny
R UNIAO DA VITORIA,7ny
R UNIAO DOS PALMARES,7ny
R UPANEMA,7ny
R URAITI,7ny
R URANIO,7ny
R URTIGUEIRA,7ny
R URUACU,7ny
R URUANA,7ny
R URUASSU,7ny
R URUCANGA,7ny
R URUCUS,7ny
R URUPES,7ny
R URUTAI,7ny
R UVAIA,7ny
R VALDEMAR FALCAO,7ny
R VALDIR TARGINO,7ny
R VALE DE MIRANDA,7ny
R VALE DE SOL,7ny
R VALE DO CARIRI,7ny
R VALE DO JAGUARIBE,7ny
R VALE DO SABUGI,7ny
R VALE DO SOL,7ny
R VALE DO SUL,7ny
R VALE VERDE,7ny
R VALENCA,7ny
R VALENTIM DE ALMEIDA,7ny
R VALINHOS,7ny
R VALTER FERNANDES,7ny
R VANDERLANDIA,7ny
R VANDICK LOPES,7ny
R VARZEA ALEGRE,7ny
R VARZEA DA PALMA,7ny
R VARZEA DO CAMPO,7ny
R VAZ GONDIM,7ny
R VELHO MODESTO,7ny
R VEN JOAO DE ALMEIDA REIS,7ny
R VENERA DANTAS DE MEDEIROS,7ny
R VENUS,7ny
R VER AMARO MAGALHAES,7ny
R VER ANTONIO CORTEZ,7ny
R VER AUGUSTO DE SOUZA,7ny
R VER CAUBY BARROCA,7ny
R VER ELESBAO DE MACEDO,7ny
R VER ERICO DE SOUZA HACKRADT,7ny
R VER HELION VERAS RAMALHO,7ny
R VER JOAO CARLOS DE SOUZA,7ny
R VER JOAO SOARES DE ARAUJO,7ny
R VER JOSE PINTO FREIRE,7ny
R VER JOSE SOTERO,7ny
R VER JOÃO ALVES DA SILVA FILHO,7ny
R VER LOURIVAL BEZERRA,7ny
R VER MANOEL CORINGA DE LEMOS,7ny
R VER MANOEL SATIRO,7ny
R VER OLIMPIO PROCOPIO,7ny
R VER ORLANDO GARCIA,7ny
R VER PEREIRA PINTO,7ny
R VER SEBASTIAO MALAQUIAS,7ny
R VER SERGIO DIEB,7ny
R VERA CRUZ,7ny
R VERA MARIA QUEIROZ,7ny
R VERANOPOLIS,7ny
R VERBENAS,7ny
R VERDES MARES,7ny
R VERSUVIO,7ny
R VERTENTES,7ny
R VIANOPOLIS,7ny
R VICENTE CELESTINO,7ny
R VICENTE DE PAULA,7ny
R VICENTE EGBERTO CAVALCANTE,7ny
R VICENTE FEOLA,7ny
R VICENTE MARTINS FERNANDES,7ny
R VICENTE MESQUITA,7ny
R VICTOR LEITE,7ny
R VIETNAM,7ny
R VIG BARTOLOMEU,7ny
R VILA  VERDE,7ny
R VILA DO MAR,7ny
R VILA REAL,7ny
R VILA VELHA,7ny
R VILAGRAN CABRITA,7ny
R VILLA LOBOS,7ny
R VINHAEDO,7ny
R VINICIUS DE MORAIS,7ny
R VINTE E CINCO DE DEZEMBRO,7ny
R VINTE E TRES DE JULHO,7ny
R VINTE E UM DE JULHO,7ny
R VIOLA,7ny
R VIOLEIROS,7ny
R VIOLETAS,7ny
R VIRGENS,7ny
R VIRGILIO CARDOSO,7ny
R VIRGILIO TRINDADE,7ny
R VIRGINIA PIRES CUNHA,7ny
R VIRGINOPOLIS,7ny
R VISTA BELA,7ny
R VISTA PARA O MAR,7ny
R VISTA VERDE,7ny
R VITAL BRASIL,7ny
R VITAL DE OLIVEIRA,7ny
R VITAL RAMOS,7ny
R VITORIA,7ny
R VITORIA DA CONQUISTA,7ny
R VITORIA DO MEAREM,7ny
R VITORIA REGIA,7ny
R VITORIAS,7ny
R VIVALDO CAVALCANTE,7ny
R VIVALDO PEREIRA DE ARAUJO,7ny
R VOLTA REDONDA,7ny
R VOLUNTARIOS DA PATRIA,7ny
R VOTORANTIM,7ny
R VOTUPORANGA,7ny
R VSC DE ABAETE,7ny
R VSC DE CAIRU,7ny
R VSC DE CRUZEIRO,7ny
R VSC DE LAGUNA,7ny
R VSC DE NITEROI,7ny
R VSC DE OURO PRETO,7ny
R VSC DE SABOIA,7ny
R VULPIANO CAVALCANTE,7ny
R VULPIANO CAVALCANTE FILHO,7ny
R WALDEMAR HENRIQUE BAROZA,7ny
R WALDEMAR MATIAS DE ARAUJO,7ny
R WALDEMIRO ALCEBIADES,7ny
R WALFLAM DE QUEIROZ,7ny
R WALLACE MARTINS GOMES,7ny
R WALTER DUARTE PEREIRA,7ny
R WELLINGTON TEOFANES DE ASSIS,7ny
R WILLIAM MARINHO DE LEIROS,7ny
R WILMA DE FARIAS,7ny
R XAPURI,7ny
R XAREU,7ny
R XAVANTINA,7ny
R XAVIER FERNANDES,7ny
R XAVIER MIRANDA,7ny
R XAXADO,7ny
R XIQUE-XIQUE,7ny
R XISTO,7ny
R XOMBRE,7ny
R XOTE,7ny
R ZABUMBA,7ny
R ZE LIMEIRA,7ny
R ZE MENININHO,7ny
R ZECA DA SILVA,7ny
R ZENAIDE PEREIRA,7ny
R ZUMBI,7ny
R ZURIQUE,7ny
RUA JUREMA,7ny
TV 1 DE JANEIRO,7ny
TV 118,7ny
TV 12 DE MARCO,7ny
TV 13 DE JULHO,7ny
TV 13 DE MAIO,7ny
TV 25 DE MARCO 1,7ny
TV 25 DE MARCO 2,7ny
TV 3 LAGOS,7ny
TV 3ª TV INDUSTRIAL,7ny
TV 9 DE FEVEREIRO,7ny
TV ABC,7ny
TV ABMAEL FLORENCIO BERNARDO,7ny
TV ABREU LANDIA,7ny
TV ABREULANIA,7ny
TV ACAI,7ny
TV ACU,7ny
TV ADOLFO GORDO,7ny
TV ADOLFO GORDO 1,7ny
TV ADRIANA XAVIER,7ny
TV AFONSO PENA,7ny
TV AFRODITE,7ny
TV AGACY,7ny
TV AGUA DA ROSA,7ny
TV AGUA DOCCE,7ny
TV AGUA VERDE,7ny
TV AGUAS MORNAS,7ny
TV AGUIA,7ny
TV AGUIA BRANCA,7ny
TV ALBERTO MARANHAO,7ny
TV ALDA RAMALHO PEREIRA,7ny
TV ALDEIA NOVA,7ny
TV ALFREDO LIRA,7ny
TV ALGUSTO TEIXEIRA LIMA,7ny
TV ALM ALEXANDRINO DE ALENCAR,7ny
TV ALM TAMANDARE,7ny
TV ALMEIDA,7ny
TV ALPINA,7ny
TV ALTAMIRA,7ny
TV ALTO DA BELA VISTA,7ny
TV ALTO DA BOA VISTA,7ny
TV ALTO DA COLINA,7ny
TV ALTO DA CONCEICAO,7ny
TV ALTO DO MONTE,7ny
TV ALUIZIO ALVES,7ny
TV ALUIZIO BEZERRA,7ny
TV ALVERGA,7ny
TV ALVORADA,7ny
TV ALVORADA 2,7ny
TV AMAPOLAS,7ny
TV AMAZONAS,7ny
TV AMERICO VESPUCIO,7ny
TV AMINTAS BARROS,7ny
TV AMINTAS BARROS 1,7ny
TV ANA BEATRIZ,7ny
TV ANA CECILIA,7ny
TV ANA MARIA,7ny
TV ANA TEREZA,7ny
TV ANAPOLIS,7ny
TV ANGRA DOS REIS,7ny
TV ANGÉLICA,7ny
TV ANITA MAFALDA,7ny
TV ANJOS,7ny
TV ANTONIO ALVES,7ny
TV ANTONIO BARBOSA,7ny
TV ANTONIO BASILIO,7ny
TV ANTONIO COSTA,7ny
TV ANTONIO DE PAULA,7ny
TV ANTONIO FELIX,7ny
TV ANTONIO LOURENCO,7ny
TV ANTONIO PEREIRA,7ny
TV ANTONIO PINHEIRO,7ny
TV APOLO XV,7ny
TV APRIGIO ALVES,7ny
TV APUCARANA,7ny
TV AQUIDAUANA,7ny
TV AQUILES,7ny
TV ARACA,7ny
TV ARACAJU,7ny
TV ARACE,7ny
TV ARAGUARI,7ny
TV ARCO ÍRIS,7ny
TV ARCO-IRIS,7ny
TV AREIA BRANCA,7ny
TV ARGENTINA,7ny
TV ARGOLINHA,7ny
TV ARI BARROSO,7ny
TV ARIZONA,7ny
TV ARNALDO PEREZ,7ny
TV ARTESAO DARY MIRANDA,7ny
TV ARTS DARY MIRANDA,7ny
TV ARY BARROSO,7ny
TV ARY PARREIRAS,7ny
TV ASP MEGA,7ny
TV ASSIS,7ny
TV ATALAIA,7ny
TV ATENAS,7ny
TV ATLETICANOS,7ny
TV AUGUSTO LEITE,7ny
TV AUGUSTO PEREIRA,7ny
TV AUGUSTO TEIXERA LIMA,7ny
TV AURELIO PINHEIRO,7ny
TV AURINO FERNANDES,7ny
TV AURIZ XAVIER,7ny
TV AURORA,7ny
TV AVEIRO,7ny
TV AYRTON SENNA,7ny
TV BAIXA VERDE,7ny
TV BAOBÁ,7ny
TV BARAO DE  DE MAUA,7ny
TV BARAUNA,7ny
TV BARCAS,7ny
TV BARCELOS,7ny
TV BARIRI,7ny
TV BARRA DA GARCA,7ny
TV BARRA DO SOL,7ny
TV BARTOLOMEU FERRAZ,7ny
TV BARÃO DE MELGAÇO,7ny
TV BAÍA BRANCA,7ny
TV BEBERIBE,7ny
TV BEIJA FLOR,7ny
TV BEIRA MAR,7ny
TV BELA VISTA,7ny
TV BELO HORIZONTE,7ny
TV BELO MANGUE,7ny
TV BELO MONTE,7ny
TV BENEDITO,7ny
TV BENTO FERREIRA,7ny
TV BERGAMO,7ny
TV BERNARDO GAMA,7ny
TV BERNARDO VIEIRA,7ny
TV BETEL,7ny
TV BEZERRA DE MENEZES,7ny
TV BIANOR MEDEIROS,7ny
TV BOA SORTE,7ny
TV BOA VENTURA,7ny
TV BOA VISTA,7ny
TV BOA VISTA 5,7ny
TV BOLONHA,7ny
TV BOM JARDIM,7ny
TV BOM JESUS,7ny
TV BOM PASTOR,7ny
TV BOM PASTOR 2,7ny
TV BOMBINHA,7ny
TV BOREAL,7ny
TV BORGES,7ny
TV BORGONHA,7ny
TV BR DE MELGACO,7ny
TV BRANDAO,7ny
TV BRASIL,7ny
TV BRASILIA,7ny
TV BRISA,7ny
TV BRISA DO ALTO,7ny
TV BRISA DO MAR,7ny
TV BROMELIA,7ny
TV BUGRES,7ny
TV BULHOES,7ny
TV BÚZIOS,7ny
TV CABUGI,7ny
TV CACIMBAS,7ny
TV CAFARNAUM,7ny
TV CAFE FILHO,7ny
TV CAICOS,7ny
TV CAIOBÁ,7ny
TV CAMARAGIBE,7ny
TV CAMARAGIPE,7ny
TV CAMINHO DA AREIA,7ny
TV CAMINHO NOVO,7ny
TV CAMPELO,7ny
TV CAMPINA,7ny
TV CAMPO,7ny
TV CAMPO FORMOSO,7ny
TV CAMPO LIMPO,7ny
TV CAMPO SILVA,7ny
TV CAMPOS,7ny
TV CAMPOS ALTOS,7ny
TV CAMPOS LIMPOS,7ny
TV CAMPOS SALES,7ny
TV CAMPOS SANTOS,7ny
TV CAMUÁ,7ny
TV CANAA,7ny
TV CANAVIAIS,7ny
TV CANDIDA,7ny
TV CANINDES,7ny
TV CANTIGAS,7ny
TV CANTOR NELSON GONÇALVES,7ny
TV CAP-MOR GOUVEIA,7ny
TV CAPITAL DA ESPERANÇA,7ny
TV CARAUBAS,7ny
TV CARDEAL,7ny
TV CARIOCA,7ny
TV CARLOS ALEXANDRE,7ny
TV CART MACEDO,7ny
TV CASIMIRO,7ny
TV CASTELO BRANCO,7ny
TV CASTRO ALVES,7ny
TV CATETINHO,7ny
TV CAVACO CHINES,7ny
TV CECILIO NASCIMENTO,7ny
TV CEL AJAX RIBAMAR,7ny
TV CEL AURELIANO MEDEIROS,7ny
TV CEL AURIS COELHO,7ny
TV CEL BONIFACIO,7ny
TV CEL COELHO,7ny
TV CEL ESTEVAM,7ny
TV CEL FLAMINIO,7ny
TV CEL JOAO GOMES,7ny
TV CEL JOSE BEZERRA,7ny
TV CEL JOSE F.RIBEIRO,7ny
TV CENTENARIO DA ABOLICAO,7ny
TV CENTRAL,7ny
TV CERAMICA,7ny
TV CIDADE PRAIA,7ny
TV CINEMA,7ny
TV CIRILO MOREIRA,7ny
TV CLAUDIONOR DE ANDRADE,7ny
TV CLAUDIONOR DE ANDRADE 2,7ny
TV CLEOFAS,7ny
TV CNSO TRISTAO,7ny
TV COCAIS,7ny
TV COEMACU,7ny
TV COLINA,7ny
TV COLONIAL,7ny
TV CONCHAS,7ny
TV CONCORDIA,7ny
TV CONST SEVERINO BEZERRA,7ny
TV CONSTANTINO,7ny
TV COQUEIRAL,7ny
TV CORDEIROS,7ny
TV CORIOLANO,7ny
TV CORVOS,7ny
TV COUTO MAGALHAES,7ny
TV CREZO BEZERRA,7ny
TV CRICIUMA,7ny
TV CRISANTEMO,7ny
TV CRISTAIS DE GELO,7ny
TV CRISTALINA,7ny
TV CRISTIANIA,7ny
TV CRUZEIRO,7ny
TV CRUZEIRO DO SUL,7ny
TV CT ANISIO SILVA,7ny
TV CT AUGUSTO CALHEIRO,7ny
TV CT EVALDO BRAGA,7ny
TV CT GOZAGUINHA,7ny
TV CT LEANDRO,7ny
TV CTA VANIA XAVIER,7ny
TV D ANTONIO DE ALMEIDA LUSTOSA,7ny
TV D JOSE,7ny
TV D JOSE TOMAZ,7ny
TV D PEDRO I,7ny
TV DALILA,7ny
TV DARCY VARGAS,7ny
TV DEGRAUS DO SABER,7ny
TV DELMIRO GOLVEIA,7ny
TV DEMETRIO VELEZ,7ny
TV DEP ARISTOFANES FERNANDES,7ny
TV DEP DA JOAQUIM INACIO DE CARVALHO,7ny
TV DEP JOAQUIM INACIO DE CARVALHO NETO,7ny
TV DES FRANCISCO DE ASSIS MARTINS,7ny
TV DEUS NOS GUIE,7ny
TV DEZ,7ny
TV DIAMANTINA,7ny
TV DIONISIO,7ny
TV DIONISIO LOPES,7ny
TV DIVINOPOLIS,7ny
TV DIX-HUIT ROSADO,7ny
TV DJALMA MARANHAO,7ny
TV DOIS DE NOVEMBRO,7ny
TV DOIS IRMAOS,7ny
TV DOURADOS,7ny
TV DOZE DE JULHO,7ny
TV DR ALUISIO FEITOSA,7ny
TV DR AMARO IENAGA,7ny
TV DR AUGUSTO CESINO M DE MEDEIROS,7ny
TV DR AUGUSTO CESINO M.DE  MEDEIROS,7ny
TV DR GALDINO B. DOS SANTOS LIMA,7ny
TV DR HORACIO,7ny
TV DR JOAO MEDEIROS FILHO,7ny
TV DR JOAO RODRIGUES DA SILVA,7ny
TV DR JOAO TINOCO FILHO,7ny
TV DR JOSÉ XAVIER,7ny
TV DR MANOEL DANTAS,7ny
TV DR MANOEL MIRANDA,7ny
TV DR MIRANDA,7ny
TV DR MONTE,7ny
TV DR OSORIO TENORIO,7ny
TV DR PEDRO LOPES CARDOSO,7ny
TV DR PONCIANO BARBOSA,7ny
TV DR VARELA SANTIAGO,7ny
TV DR VIANA,7ny
TV DR VICENTE FARACHE,7ny
TV DR WILSON RAMALHO,7ny
TV DUBLIN,7ny
TV DULCE,7ny
TV EDILSON SILVA,7ny
TV EDISA MACIEL 1,7ny
TV EGITO,7ny
TV ELDORADO,7ny
TV ELI GALVAO,7ny
TV ELIETE MENDES,7ny
TV ELIEZER ISIDORO,7ny
TV ELION,7ny
TV ELIS REGINA,7ny
TV ELIZABETH,7ny
TV ELOA,7ny
TV ELVIRA,7ny
TV ELVIRA DE JESUS,7ny
TV ELVIRO CARRILHO,7ny
TV ENG JOAO HELIO A. DA ROCHA,7ny
TV ENG JOAO HELIO ALVES  ROCHA,7ny
TV ENG MARCOS AUGUSTO T. CARVALHO FILHO,7ny
TV ENG ROBERTO FREIRE,7ny
TV EPITACIO PESSOA,7ny
TV ESCAMBO,7ny
TV ESCOTEIROS,7ny
TV ESDRAS C. DA SILVA,7ny
TV ESDRAS CEZAR DA SILVA,7ny
TV ESPANHOLA,7ny
TV ESPERANCA,7ny
TV ESPORTE,7ny
TV ESTEVAM MACHADO,7ny
TV ESTEVAM PASCOAL,7ny
TV ESTRELA,7ny
TV ESTRELA DO INDAIA,7ny
TV ESTRELA DO MAR,7ny
TV EUCALIPTO,7ny
TV EUCALIPTOS,7ny
TV EVALDO REIS,7ny
TV EVORA,7ny
TV EXP JOSE VARELA,7ny
TV FABIO RINO,7ny
TV FABRICIO PEDROSA,7ny
TV FAGUNDES,7ny
TV FATIMA,7ny
TV FATIMA WANDERLEY,7ny
TV FE,7ny
TV FELIPE CAMARAO,7ny
TV FELIPE DIAS,7ny
TV FELIPE DOS SANTOS,7ny
TV FELIX,7ny
TV FERNANDO LIMA,7ny
TV FERREIRA NOBRE,7ny
TV FERRO CARDOSO,7ny
TV FILGUEIRA DA  FOZ,7ny
TV FILÓ,7ny
TV FIO,7ny
TV FIRMINO DE BRITO,7ny
TV FIRMINO DESIDERIO,7ny
TV FLOR DO MANGUE,7ny
TV FLOR-DE-LIS,7ny
TV FLORES,7ny
TV FLORESTA,7ny
TV FLORESTAL,7ny
TV FLORISVAL,7ny
TV FRANCISCA CAMPOS,7ny
TV FRANCISCO,7ny
TV FRANCISCO DANTAS,7ny
TV FRANCISCO LUIZ,7ny
TV FRANCISCO MARTINS,7ny
TV FRANCISCO PINHEIRO,7ny
TV FRANCISCO VALENTIM (VILA DOS FERROVIÁRIOS),7ny
TV FRATERNIDADE,7ny
TV FREI MARCELINO,7ny
TV FRONTEIRAS,7ny
TV FUNCHAL,7ny
TV FURNAS,7ny
TV GALEAO,7ny
TV GAMELEIRA,7ny
TV GARDÊNIA,7ny
TV GARIBALDI ROMANO,7ny
TV GARÇA AZUL,7ny
TV GEN VARELA,7ny
TV GENEBRA,7ny
TV GENOVA,7ny
TV GERALDO BURIT,7ny
TV GERALDO RAMOS,7ny
TV GERMANA,7ny
TV GERMINO BENIGNO,7ny
TV GETULIO VARGAS,7ny
TV GISELE,7ny
TV GONCALVES DIAS,7ny
TV GOV ANTONIO DE MELO E SOUZA,7ny
TV GOV DINARTE MARIZ,7ny
TV GRANDE LAGO,7ny
TV GRANDES RIOS,7ny
TV GUANABARA,7ny
TV GUANABARA - V,7ny
TV GUANABARA - VI,7ny
TV GUANABARA 1,7ny
TV GUANABARA 2,7ny
TV GUANABARA 7,7ny
TV GUILHERME,7ny
TV GUIMARAES,7ny
TV GUMERCINDO SARAIVA,7ny
TV HEITOR LOPES CARDOSO,7ny
TV HENRIQUE  DIAS,7ny
TV HENRIQUE DIAS,7ny
TV HERCULANO RAMOS,7ny
TV HERMITA CANSANCAO,7ny
TV HILDEBRANDO DE GOES,7ny
TV HIROSHIIENAGA,7ny
TV HORACIO,7ny
TV HORTENCIO,7ny
TV HORTÊNCIA,7ny
TV HUMAITA,7ny
TV IAIA,7ny
TV IBIZA,7ny
TV IGUATU,7ny
TV ILHA DAS PALMAS,7ny
TV IMA DULCE,7ny
TV IMA VITORIA CHAVES,7ny
TV IMACULADA CONCEICAO,7ny
TV IMIGRANTES,7ny
TV IMPERATRIZ,7ny
TV IMPERIAL,7ny
TV INCONFIDENTES,7ny
TV INDOMAR,7ny
TV INTEGRAÇÃO,7ny
TV INVO MARIO CAMARA,7ny
TV IOLANDA,7ny
TV IRACEMA,7ny
TV IRLANDA,7ny
TV IRMÃ VITORIA,7ny
TV ITACOATIARA,7ny
TV ITAJAI,7ny
TV ITAMAR MACIEL,7ny
TV ITAMBE,7ny
TV ITAPIUNA,7ny
TV JALMIR FERREIRA,7ny
TV JANDIRA,7ny
TV JANGADAS,7ny
TV JANUARIO CICCO,7ny
TV JAQUEIRA,7ny
TV JARDIM ALVORADA,7ny
TV JARDIM DO EDEN,7ny
TV JARDIM EQUATORIAL,7ny
TV JARDIM PETROPOLIS,7ny
TV JARDIM VERDE,7ny
TV JERICO,7ny
TV JERONIMO CAMARA,7ny
TV JERONIMO MACEDO,7ny
TV JERUSALEM,7ny
TV JOANA ANGELICA,7ny
TV JOANA ELIZA FERNANDES,7ny
TV JOANA FERREIRA DA CRUZ,7ny
TV JOAO FERREIRA DA SILVA,7ny
TV JOAO MAURICIO,7ny
TV JOAO MAURICIO DE MACEDO,7ny
TV JOAO MEDEIROS FILHO,7ny
TV JOAO MOURA,7ny
TV JOAO OLIMPIO,7ny
TV JOAO PAULO II,7ny
TV JOAO TENORIO,7ny
TV JOAO TIBURCIO,7ny
TV JOAO XAVIER DE QUEIROS,7ny
TV JOAO XXIII,7ny
TV JOAQUIM  CALDAS MOREIRA,7ny
TV JOAQUIM DE CASTRO 2,7ny
TV JOAQUIM FAGUNDES,7ny
TV JOAQUIM GUEDES,7ny
TV JOINVILE,7ny
TV JORDANES,7ny
TV JOSE AGNALDO,7ny
TV JOSE AGUINALDO 1,7ny
TV JOSE ALEXANDRE GARCIA,7ny
TV JOSE AMERICO,7ny
TV JOSE ARCANJO DA SILVA,7ny
TV JOSE BORBES,7ny
TV JOSE DOS SANTOS,7ny
TV JOSE EDILSON,7ny
TV JOSE FIRMINO DE FREITAS,7ny
TV JOSE FRANCISCO DA SILVA,7ny
TV JOSE GARCIA DA ROCHA,7ny
TV JOSE GUSTAVO DE PAULA GOMES,7ny
TV JOSE LUIZ DA SILVA,7ny
TV JOSE MIRANDA DA SILVA,7ny
TV JOSE RODRIGUES ALVES,7ny
TV JOSE SOBRINHO,7ny
TV JOSE TORRES,7ny
TV JOSE VICENTE,7ny
TV JOSIVALDO GOMES,7ny
TV JUNDIAIS,7ny
TV JURUBATIBA,7ny
TV KERGINALDO CAVALCANTE,7ny
TV LA PAZ,7ny
TV LAGO DAS ROSAS,7ny
TV LAGOA  DE PITANGUI,7ny
TV LAGOA BELA VISTA,7ny
TV LAGOA BOA AGUA,7ny
TV LAGOA BONITA,7ny
TV LAGOA D'ANTA,7ny
TV LAGOA DA CONCEICAO,7ny
TV LAGOA DA SOLIDAO,7ny
TV LAGOA DA TIJUCA,7ny
TV LAGOA DAS FLORES,7ny
TV LAGOA DE APODI,7ny
TV LAGOA DE GUARAIRAS,7ny
TV LAGOA DE JACUMA,7ny
TV LAGOA DE MARICA,7ny
TV LAGOA DE PEDRA,7ny
TV LAGOA DE PIUM,7ny
TV LAGOA DE SAQUAREMA,7ny
TV LAGOA DO BONFIM,7ny
TV LAGOA DO HIOLA,7ny
TV LAGOA DO JACARE,7ny
TV LAGOA DO JIQUI,7ny
TV LAGOA DO MATO,7ny
TV LAGOA DO MEIO,7ny
TV LAGOA DO VIOLAO,7ny
TV LAGOA DOS GATEADOS,7ny
TV LAGOA FORMOSA,7ny
TV LAGOA FORTALEZA,7ny
TV LAGOA GENTIL,7ny
TV LAGOA MARAPENDI,7ny
TV LAGOA PAPEBA,7ny
TV LAGOA PAULINO,7ny
TV LAGOA PEQUENA,7ny
TV LAGOA PERNANBUCANA,7ny
TV LAGOA RODRIGO  DE FREITAS,7ny
TV LAGOA SALGADA,7ny
TV LAGOA SANTA,7ny
TV LAGOA SECA,7ny
TV LAGOA VERMELHA,7ny
TV LARGO DO FAROL,7ny
TV LATINA,7ny
TV LAURO BEZERRA,7ny
TV LEONARDO GAMA,7ny
TV LEOPOLDO BRETANO,7ny
TV LEORNADO GAMA,7ny
TV LIBANES,7ny
TV LIBERDADE,7ny
TV LIBÉRIA,7ny
TV LIMA DA SILVA,7ny
TV LIMA E SILVA,7ny
TV LIMOEIRO DO NORTE,7ny
TV LINDALVA OLEGARIO,7ny
TV LINDALVA OLEGARIO DA SILVA,7ny
TV LINO TEIXEIRA,7ny
TV LIRA,7ny
TV LIRIOS,7ny
TV LOCOMOTIVA,7ny
TV LUANDA,7ny
TV LUCENA,7ny
TV LUCILA,7ny
TV LUIZ ALVES,7ny
TV LUIZ CARRILHO,7ny
TV LUIZ JOAQUIM,7ny
TV LUIZ JUSTINO DE OLIVEIRA,7ny
TV LUIZ SAMPAIO,7ny
TV LUIZ SILVEIRA,7ny
TV LUIZA ILDA,7ny
TV LUIZA LOPES,7ny
TV LUSTOSA,7ny
TV LUZ DE JULIO,7ny
TV LYON,7ny
TV LÍRIOS,7ny
TV MACAE,7ny
TV MACEDO,7ny
TV MACIEL,7ny
TV MAGNOLIA,7ny
TV MAL RONDON,7ny
TV MANGUEIRA,7ny
TV MANOEL ANDRADE,7ny
TV MANOEL CAETANO,7ny
TV MANOEL DE CASTRO,7ny
TV MANOEL DE OLIVEIRA,7ny
TV MANOEL FRANCISCO DE ALBUQUERQUE,7ny
TV MANOEL LUIZ,7ny
TV MANOEL MARQUES DA COSTA,7ny
TV MANOEL MIRANDA,7ny
TV MANOEL PEDRO,7ny
TV MAR DEL PLATA,7ny
TV MAR DEL PRATA,7ny
TV MAR E CEU,7ny
TV MARANATA,7ny
TV MARANGUAPE,7ny
TV MARANGUAPE 1,7ny
TV MARANGUAPE 2,7ny
TV MARANGUAPE 3,7ny
TV MARCILIO DIAS,7ny
TV MARCOS AUGUSTO T. CARVALHO FILHO,7ny
TV MARCOS AUGUSTO TEIXEIRA,7ny
TV MARCOS AUGUSTO TEIXEIRA DE CARVALHO FILHO,7ny
TV MARCOS AURELIO,7ny
TV MARCOS CAVALCANTE,7ny
TV MARGARIDA,7ny
TV MARIA ALVES DE SOUZA,7ny
TV MARIA BONIFACIO,7ny
TV MARIA DA PAIXAO,7ny
TV MARIA DE ARAUJO CANANEIA,7ny
TV MARIA DO CARMO DE SOUZA,7ny
TV MARIA DO CARMO FLOR,7ny
TV MARIA JOSE DE LIRA,7ny
TV MARIAISABEL DE BRITO LIMA,7ny
TV MARIO LIRA,7ny
TV MARIO NEGOCIO,7ny
TV MARTINS CORREIA,7ny
TV MASCOS AUGUSTO TEIXEIRA,7ny
TV MATERLANDIA,7ny
TV MAURÍCIA,7ny
TV MAX SANTANA,7ny
TV MEDELLIN,7ny
TV MEDICI,7ny
TV MEIRA E SA,7ny
TV MENSAGEIRO JAIME,7ny
TV MEXICO,7ny
TV MIGUEL CASTRO,7ny
TV MIGUEL DE CERVANTES,7ny
TV MILAGRES,7ny
TV MIN MACEDO SOARES,7ny
TV MINAS NOVAS,7ny
TV MIRA MANGUE,7ny
TV MIRA MORRO,7ny
TV MIRA TORRES,7ny
TV MIRABEAU PEREIRA,7ny
TV MIRAI,7ny
TV MIRAMAR,7ny
TV MIRANDELA,7ny
TV MIRANTE DAS DUNAS,7ny
TV MIRANTE DOS MARES,7ny
TV MIRASSOL,7ny
TV MIRIM,7ny
TV MISERICORDIA,7ny
TV MISSAO DE CRISTO,7ny
TV MOEMA TINOCO,7ny
TV MOEMA TINOCO DA CUNHA LIMA,7ny
TV MOINHO VELHO,7ny
TV MONTE CARLOS,7ny
TV MONTE CELESTE,7ny
TV MONTE HEBRON,7ny
TV MONTE HOREBE,7ny
TV MONTE REY,7ny
TV MONTE SINAI,7ny
TV MORRO BRANCO,7ny
TV MORRO DA CONCEICAO,7ny
TV MOTOR,7ny
TV MTE LUCARINO,7ny
TV MTO ALCIDES CICCO,7ny
TV MTO JOCA LEIROS,7ny
TV N SRA APARECIDA,7ny
TV N SRA DA PIEDADE,7ny
TV N SRA DAS DORES,7ny
TV N SRA DAS NEVES,7ny
TV N SRA DE FATIMA,7ny
TV N SRA DO LORETO,7ny
TV N SRA DOS NAVEGANTES,7ny
TV NAPOLEAO LAUREANO,7ny
TV NARCISO,7ny
TV NASCIMENTO,7ny
TV NATAL,7ny
TV NAZARE GASPAR,7ny
TV NEO MARQUES SOBRINHO,7ny
TV NICE,7ny
TV NOEL COSTA,7ny
TV NOEL ROSAS,7ny
TV NOSSASENHORA DA APRESENTAÇÃO,7ny
TV NOVA ESTAÇÃO,7ny
TV NOVA FRIBURGO,7ny
TV NOVA JERUSALEM,7ny
TV NOVA VIDA,7ny
TV NOVO MUNDO,7ny
TV NUNES,7ny
TV OCEANO ATLANTICO,7ny
TV OCIDENTAL DE BAIXO,7ny
TV OCIDENTAL DE CIMA,7ny
TV OLAVO DANTAS,7ny
TV OLINTO E SILVA,7ny
TV ONDA VERDE,7ny
TV OPALA,7ny
TV ORION,7ny
TV ORQUIDEAS,7ny
TV ORQUIDIAS,7ny
TV OTAVIO RODRIGUES,7ny
TV OTONIEL MENEZES,7ny
TV OUVIDOR,7ny
TV PADRE VILELA,7ny
TV PAI CELESTIAL,7ny
TV PAIATIS,7ny
TV PAPA JOAO XXIII,7ny
TV PARACATI,7ny
TV PARAIBA,7ny
TV PARANAGUAR,7ny
TV PARANDUVA,7ny
TV PARDAIS,7ny
TV PARQUELANDIA,7ny
TV PATAGONIA,7ny
TV PATRICIO ALVES,7ny
TV PAU FERRO,7ny
TV PAULISTANA,7ny
TV PAULO COELHO,7ny
TV PAULO MESQUITA,7ny
TV PAZ,7ny
TV PE CICERO,7ny
TV PE CICERO ROMAO,7ny
TV PE JOAO MARIA,7ny
TV PE JOSE,7ny
TV PE MARTINS,7ny
TV PE RAIMUNDO BRASIL,7ny
TV PE RAMALHO,7ny
TV PEDRA BRANCA,7ny
TV PEDRINHO BEZERRA,7ny
TV PEDRO AFONSO,7ny
TV PEDRO FERREIRA DE BRITO,7ny
TV PEDRO GOMES0,7ny
TV PEDRO JOSE DA SILVA,7ny
TV PEDRO NOVOA,7ny
TV PEIXE BOI,7ny
TV PEIXE-BOI,7ny
TV PENHA,7ny
TV PER JOSE LOURENCO,7ny
TV PER JOSE LOURENCO -III,7ny
TV PEROLAS,7ny
TV PIAUI,7ny
TV PIL AYRTON SENNA,7ny
TV PIL CARLOS DEL PRESTES,7ny
TV PILAR,7ny
TV PINHEIRO,7ny
TV PIO XII,7ny
TV PIONEIROS,7ny
TV PIRACANJUBA,7ny
TV PIRACANJUBA 2,7ny
TV PIRAPORA,7ny
TV PIRATININGA,7ny
TV PIRIPIRI,7ny
TV PITANGA,7ny
TV PLATÔ,7ny
TV POE MILTON SIQUEIRA,7ny
TV POE RENATO CALDAS,7ny
TV POE REVOREDO NETO,7ny
TV POMARES,7ny
TV POMPEIA,7ny
TV PONTA DELGADA,7ny
TV PONTE NOVA,7ny
TV POR DO SOL,7ny
TV PORTIMÃO,7ny
TV PORTO DE PEDRAS,7ny
TV PORTO RICO,7ny
TV PORTO SEGURO,7ny
TV PORTUGUESES,7ny
TV POTENGI,7ny
TV POTYCRET,7ny
TV PRAIA BELA,7ny
TV PRAIA DA MONTAGEM,7ny
TV PRAIA DOS REIS,7ny
TV PRES BANDEIRA,7ny
TV PRES CASTELO BRANCO,7ny
TV PRES JOSE BENTO,7ny
TV PRES JOSE GONCALVES,7ny
TV PRES KENNEDY,7ny
TV PRES LEAO VELOSO,7ny
TV PRES MASCARENHAS,7ny
TV PRES MEDICE,7ny
TV PRES MEDICE 2,7ny
TV PRES MEDICI,7ny
TV PRES SARMENTO,7ny
TV PRES TANCREDO NEVES,7ny
TV PRESIDENTE CASTELO BRANCO,7ny
TV PRF ANTONIO TRIGUEIRO,7ny
TV PRF CORTEZ PEREIRA,7ny
TV PRF FATIMA VILELA,7ny
TV PRF JONAS,7ny
TV PRFA ELIETE RODRIGUES DE  MORAIS,7ny
TV PRIMEIRO DE MAIO,7ny
TV PRINCESA DO SUL,7ny
TV PROFESSORA ELIETE  R. DE MORAIS,7ny
TV PROGRESSO,7ny
TV PROJETADA,7ny
TV PROJETO CAIANA,7ny
TV PROJETO CAIANO,7ny
TV PST JOSINO GALVAO,7ny
TV PTO DANIEL,7ny
TV QUARENTENA,7ny
TV QUATRO DE FEVEREIRO,7ny
TV QUATRO DE OUTUBRO,7ny
TV QUELUZ,7ny
TV QUIOTO,7ny
TV QUIRINOPOLIS,7ny
TV RAIMUNDO DE FRANCA,7ny
TV RAIMUNDO FIGUEIRA,7ny
TV RAINHA DO MAR,7ny
TV RANGEL,7ny
TV RECANTO DAS PRICESAS,7ny
TV RECANTO DO SOL,7ny
TV RECIFE,7ny
TV REGIS,7ny
TV RESIDENCIAL BANDEIRA,7ny
TV RESPLENDOR,7ny
TV RIO BELO,7ny
TV RIO CAIPORA,7ny
TV RIO DA PRATA,7ny
TV RIO DA VIDA,7ny
TV RIO DAS FLORES,7ny
TV RIO DAS PRATAS,7ny
TV RIO DE MOINHOS,7ny
TV RIO DO PIRES,7ny
TV RIO DOCE,7ny
TV RIO GREGORIO,7ny
TV RIO LARGO,7ny
TV RIO NIILO,7ny
TV RIO NORTE,7ny
TV RIO POTENGI,7ny
TV RIO SALGADO,7ny
TV RIO VERDE,7ny
TV RIOTEJO,7ny
TV ROBERT KENNEDY,7ny
TV ROMANA,7ny
TV ROSA,7ny
TV ROSARIO DO OESTE,7ny
TV ROSEIRAL,7ny
TV S BERNARDO,7ny
TV S BRUNO,7ny
TV S CAMILO,7ny
TV S CRISTOVAM,7ny
TV S DIOGO,7ny
TV S DOMINGOS,7ny
TV S FELICIANO,7ny
TV S FRANCISCO,7ny
TV S FRANCISCO DE ASSIS,7ny
TV S GABRIEL,7ny
TV S GERALDO,7ny
TV S GREGORIO,7ny
TV S HERCULANO,7ny
TV S JOAO,7ny
TV S JOAO BATISTA,7ny
TV S JOAO DE DEUS,7ny
TV S JOAQUIM,7ny
TV S JORGE,7ny
TV S JOSE,7ny
TV S JOSE III,7ny
TV S LUCAS,7ny
TV S LUIZ,7ny
TV S MARCOS,7ny
TV S MARTINHO,7ny
TV S MATEUS,7ny
TV S MATIAS,7ny
TV S MIGUEL,7ny
TV S MIGUEL DOS CARIBES,7ny
TV S PEDRO,7ny
TV S PEDRO - II,7ny
TV S RAFAEL,7ny
TV S SEBASTIAO,7ny
TV S SEBASTIAO DOS RAMOS,7ny
TV S SEVERINO,7ny
TV S SILVESTRE,7ny
TV S SILVESTRTE,7ny
TV S TARCISIO,7ny
TV S THIAGO,7ny
TV S VICENTE,7ny
TV S VICTOR,7ny
TV SAARA,7ny
TV SALETE,7ny
TV SALINA FLORESTA,7ny
TV SALMOS,7ny
TV SALOME,7ny
TV SAMARIA,7ny
TV SAMBURA,7ny
TV SAMPAIO CORREIA,7ny
TV SANTA ANGELICA,7ny
TV SANTA FERNANDA,7ny
TV SANTA PAULINA,7ny
TV SANTAREM,7ny
TV SANTOS,7ny
TV SAO JORGE,7ny
TV SAO LINO,7ny
TV SAO MARCOS,7ny
TV SAO NORBERTO,7ny
TV SAO RAFAEL,7ny
TV SAO VICENTE,7ny
TV SARAGOÇA,7ny
TV SATIRO DIAS,7ny
TV SAXONIA,7ny
TV SEBASTIAO BARRETO,7ny
TV SEBASTIAO PINHEIRO,7ny
TV SEBASTIAO ZUZA DE MATOS,7ny
TV SEGUNDA DA CAMPINA,7ny
TV SEIXAL,7ny
TV SEM DENOMINACAO,7ny
TV SEMBIÚ,7ny
TV SEN JOSE DE ARIMATEIA,7ny
TV SEN SALGADO FILHO,7ny
TV SEN TEOTONIO VILELA,7ny
TV SERINGUEIRAS,7ny
TV SERRA DO ARAGUAIA,7ny
TV SERVILHA,7ny
TV SETE LAGOAS,7ny
TV SEVERINO DAVID,7ny
TV SEVERINO DE PAULA,7ny
TV SEVERINO DOS RAMOS,7ny
TV SEVERINO TAVARES,7ny
TV SHALON,7ny
TV SILOÉ,7ny
TV SILVEIRA,7ny
TV SILVIA,7ny
TV SIMONE,7ny
TV SIND JULIO TRAJANO,7ny
TV SIQUEIRA CAMPOS,7ny
TV SIRACUSA,7ny
TV SIRINO DE ALMEIDA,7ny
TV SOARES CAMARA,7ny
TV SOARES NEIVA,7ny
TV SRG FELIX MARQUETT,7ny
TV SRG GERALDO SANTANA,7ny
TV STA ADELIA,7ny
TV STA AUGUSTA,7ny
TV STA BARBARA,7ny
TV STA CAMILA,7ny
TV STA CANDIDA,7ny
TV STA CATARINA DE SENA,7ny
TV STA CECILIA,7ny
TV STA CLARA,7ny
TV STA DOROTEIA,7ny
TV STA EFIGENIA,7ny
TV STA FE,7ny
TV STA FLORA,7ny
TV STA HELENA,7ny
TV STA INES,7ny
TV STA ISABEL,7ny
TV STA LIDUINA,7ny
TV STA LUIZA,7ny
TV STA LUZIA,7ny
TV STA MARIA,7ny
TV STA MAURA,7ny
TV STA NATALIA,7ny
TV STA QUITERIA,7ny
TV STA QUITÉRIA,7ny
TV STA RITA,7ny
TV STA ROSA,7ny
TV STA TERESA,7ny
TV STA VITORIA,7ny
TV STO AFONSO,7ny
TV STO AGOSTINHO,7ny
TV STO AMARO,7ny
TV STO ANTONIO,7ny
TV STO ANTONIO 2,7ny
TV STO APOLO,7ny
TV STO APOLO 1,7ny
TV STO CRISTO,7ny
TV STO EDUARDO,7ny
TV STO HILARIO,7ny
TV STO INACIO DE LOYOLA,7ny
TV STO IRINEU,7ny
TV STO ONOFRE,7ny
TV STO ONTO ONOFRE,7ny
TV STO SANTOS DUMONT,7ny
TV SÃO PEDRO,7ny
TV SÓCRATES,7ny
TV TAB MANOEL PROCOPIO,7ny
TV TANCREDO NEVES,7ny
TV TANGREDO NEVES,7ny
TV TARAUCA,7ny
TV TARCISIO,7ny
TV TARCISIO RIBEIRO,7ny
TV TARRAFA,7ny
TV TASSIO DE MACEDO,7ny
TV TEN DE SOUZA,7ny
TV TEN SOUZA,7ny
TV TENERIFE,7ny
TV TEOFILANDIA,7ny
TV TEOFILO BRANDAO,7ny
TV TERAUCA,7ny
TV TIBIRICA,7ny
TV TIRADENTES,7ny
TV TOCANTINEA,7ny
TV TOCANTINS,7ny
TV TODOS OS SANTOS,7ny
TV TODOSOS SANTOS,7ny
TV TOGO,7ny
TV TOINHO DO PANDEIRO,7ny
TV TORONTO,7ny
TV TORRE,7ny
TV TORRES GALVAO,7ny
TV TRES AMERCIAS,7ny
TV TRES AMERICAS,7ny
TV TRES DE MAIO,7ny
TV TRES DE OUTUBRO,7ny
TV TRINDADE,7ny
TV TRINTA E UM DE MARCO,7ny
TV TRÊS CORAÇÔES,7ny
TV TULIPA,7ny
TV TUPI,7ny
TV TUPINAMBA,7ny
TV TURIM,7ny
TV TURQUIA,7ny
TV TV MESSIAS,7ny
TV UAÇA,7ny
TV UCHOA,7ny
TV ULISSES,7ny
TV ULISSES GUIMARAES,7ny
TV UMARIZAL,7ny
TV UMUARAMA,7ny
TV UMUARANA,7ny
TV USHUAIA,7ny
TV UTINGA,7ny
TV VALCACIA,7ny
TV VALDIR PEREZ,7ny
TV VALE DO SOL,7ny
TV VALE DOURADO,7ny
TV VALENCIA,7ny
TV VALERIA,7ny
TV VALPARAÍSO,7ny
TV VASCO DA GAMA,7ny
TV VEGALUPIA,7ny
TV VELHO MODESTO,7ny
TV VENEZUELA,7ny
TV VER CAUBY BARROCA,7ny
TV VER ELESBAO DE MACEDO,7ny
TV VER JOAO ALVES DA SILVA FILHO,7ny
TV VER ORLANDO GARCIA,7ny
TV VERA CRUZ,7ny
TV VERONA,7ny
TV VGTE CARLAO,7ny
TV VIANA,7ny
TV VIANEI,7ny
TV VICENTE CRUZ,7ny
TV VICENTE FEOLA,7ny
TV VIETNA,7ny
TV VINICIOS GABRIEL,7ny
TV VINTE E SEIS DE JULHO,7ny
TV VIOLETAS,7ny
TV VITORIA,7ny
TV VIVALDO CAVALCANTE,7ny
TV VIVALDO PEREIRA DE ARAUJO,7ny
TV VIZEU,7ny
TV VOTU PORANGA,7ny
TV VOTUPORANGA,7ny
TV VSC DE OURO PRETO,7ny
TV VULPIANO,7ny
TV VULPIANO CAVALCANTE 1,7ny
TV VULTOPORANGA,7ny
TV XANANA,7ny
TV XAVANTES,7ny
TV XAVIER FERNANDES,7ny
TV YASMIN,7ny
TV YESHUA,7ny
TV YURI GAGARIN,7ny
TV ZACARIAS MONTEIRO,7ny
TV ÁGUIA BRANCA,7ny
TV ÍRIA,7ny
TV ÍRIS,7ny
V SEN DINARTE MEDEIROS MARIZ,7ny
VL ADAILTON LIMA,7ny
VL ADAO,7ny
VL ALMIR,7ny
VL ALVES,7ny
VL AMINTAS BARROS,7ny
VL ANDRADE,7ny
VL APARECIDA,7ny
VL ARNAUD RIBEIRO,7ny
VL ARRUDA,7ny
VL BANDEIRA,7ny
VL BARROS,7ny
VL BATUQUE,7ny
VL BECOMB,7ny
VL BELARMINO,7ny
VL BENJAMIM CONSTANT,7ny
VL BOA ESPERANCA,7ny
VL BOM FIM,7ny
VL BOM JESUS,7ny
VL BOM SAMARITANO,7ny
VL BORGES,7ny
VL CABRAL,7ny
VL CANDIDA,7ny
VL CANINDES,7ny
VL CARTEIRO MACEDO,7ny
VL CENTRAL,7ny
VL CINCO IRMAOS,7ny
VL CLIMERIO,7ny
VL COELHO,7ny
VL COPACABANA,7ny
VL COSME E DAMIAO,7ny
VL COSTA,7ny
VL CUNHA LIMA,7ny
VL DANTAS,7ny
VL DELFINO,7ny
VL EDICE,7ny
VL ESPERANCA,7ny
VL EVARISTO,7ny
VL FERNANDES,7ny
VL FONSECA,7ny
VL FRANCA,7ny
VL FRANCISCO,7ny
VL FRANCISCO ALVES,7ny
VL GABILA,7ny
VL GEN JOAO VARELA,7ny
VL GOMES,7ny
VL IMO FREIRE,7ny
VL IRMAOS,7ny
VL ITAMAR MACIEL,7ny
VL ITAUNA,7ny
VL JARDIM DO EDEN,7ny
VL JERUSA MARIA,7ny
VL JOANA DARC,7ny
VL JOSE CIRILO 1,7ny
VL JOSE DANTAS,7ny
VL JUNIOR,7ny
VL KENIA,7ny
VL LAVOISIER,7ny
VL LIMA,7ny
VL LUIZ DE TAO,7ny
VL LUZ,7ny
VL MANOEL,7ny
VL MANOEL FELIPE,7ny
VL MARIA JOSE DE LIRA,7ny
VL MARIA NOVA,7ny
VL MATOSO,7ny
VL MAURICIO,7ny
VL MEDEIROS,7ny
VL MESQUITA,7ny
VL MIGUEL CASTRO 2,7ny
VL MIRANDA 1,7ny
VL MIRANDA 2,7ny
VL MONTE REY,7ny
VL MONTEIRO,7ny
VL N SRA APARECIDA,7ny
VL N SRA DA GLORIA,7ny
VL N SRA DAS GRACAS,7ny
VL N SRA DE FATIMA,7ny
VL N SRA DO CARMO,7ny
VL NATAL,7ny
VL NEUZA,7ny
VL NOVA JERUSALEM,7ny
VL OLIVEIRA,7ny
VL PALMIRA WANDERLEY,7ny
VL PEDRO FURTADO,7ny
VL PETRIZ,7ny
VL PRIMO,7ny
VL ROSA,7ny
VL S FRANCISCO,7ny
VL S FRANCISCO 2,7ny
VL S GERALDO,7ny
VL S JOAO,7ny
VL S JORGE,7ny
VL S JOSE,7ny
VL S LUIS,7ny
VL S LUIZ,7ny
VL S MANOEL,7ny
VL S PAULO,7ny
VL S PEDRO,7ny
VL S ROQUE,7ny
VL SALETE,7ny
VL SANTOS,7ny
VL SAO JOAO,7ny
VL SAO JOAO BATISTA,7ny
VL SAO PEDRO,7ny
VL SEM DENOMINACAO,7ny
VL SERRA VERDE,7ny
VL SERTANEJA,7ny
VL SHALON,7ny
VL SOARES,7ny
VL SOSSEGO,7ny
VL STA ELISA,7ny
VL STA LUZIA,7ny
VL STA MARIA,7ny
VL STA TEREZINHA,7ny
VL STO AGOSTINHO,7ny
VL STO ANDRE,7ny
VL STO ANTONIO,7ny
VL STO APOLO,7ny
VL TAB MANOEL PROCOPIO,7ny
VL TASSIO DE MACEDO,7ny
VL TEIXEIRA,7ny
VL TEN ROQUE,7ny
VL TIRADENTES,7ny
VL TORRES,7ny
VL UNIAO,7ny
VL VIOLETA,7ny
,7ny
