{"type": "FeatureCollection", "features": [
{"type": "Feature", "geometry": {"type": "Polygon", "coordinates": [[[-51.11578, -29.685103], [-51.115772, -29.685073], [-51.115751, -29.685077], [-51.115746, -29.685053], [-51.115766, -29.68505], [-51.115755, -29.685008], [-51.115723, -29.685014], [-51.115718, -29.685003], [-51.115665, -29.685012], [-51.115683, -29.685099], [-51.115668, -29.685102], [-51.115674, -29.685131], [-51.115695, -29.685128], [-51.115692, -29.685117], [-51.11578, -29.685103]]]}, "properties": {"info": {"is_agg": true, "building": "yes", "properties_agg": [{"building": "yes", "feature_id": 575}], "geom_cmp_equals": [false], "geom_cmp_intersec": [0.9940558734214535]}, "error": 100, "address": "?, ?"}},
{"type": "Feature", "geometry": {"type": "Polygon", "coordinates": [[[-51.11586, -29.684989], [-51.115756, -29.685007], [-51.115794, -29.685155], [-51.11589, -29.685138], [-51.11586, -29.684989]]]}, "properties": {"info": {"building": "yes"}, "address": "?, 1342"}},
{"type": "Feature", "geometry": {"type": "Polygon", "coordinates": [[[-51.114997, -29.685207], [-51.115087, -29.685198], [-51.11507, -29.685058], [-51.115055, -29.685058], [-51.115051, -29.685032], [-51.114972, -29.685039], [-51.114997, -29.685207]]]}, "properties": {"info": {"building": "yes"}, "address": "?, 1424"}},
{"type": "Feature", "geometry": {"type": "Polygon", "coordinates": [[[-51.114886, -29.685148], [-51.11486, -29.685151], [-51.114869, -29.685216], [-51.114984, -29.685203], [-51.11496, -29.685048], [-51.114871, -29.685057], [-51.114886, -29.685148]]]}, "properties": {"info": {"building": "yes"}, "address": "?, 1434"}},
{"type": "Feature", "geometry": {"type": "Polygon", "coordinates": [[[-51.114869, -29.685218], [-51.11486, -29.685147], [-51.114832, -29.68515], [-51.11483, -29.685128], [-51.114857, -29.685125], [-51.11485, -29.685072], [-51.114761, -29.68508], [-51.114773, -29.685174], [-51.114756, -29.685177], [-51.114763, -29.685228], [-51.114869, -29.685218]]]}, "properties": {"info": {"building": "yes"}, "address": "?, 1448"}},
{"type": "Feature", "geometry": {"type": "Polygon", "coordinates": [[[-51.114704, -29.68504], [-51.114659, -29.685043], [-51.114666, -29.685089], [-51.114711, -29.685084], [-51.114704, -29.68504]]]}, "properties": {"info": {"building": "yes"}, "address": "?, 1454"}},
{"type": "Feature", "geometry": {"type": "Polygon", "coordinates": [[[-51.114735, -29.685085], [-51.114693, -29.685091], [-51.114697, -29.685121], [-51.114647, -29.685128], [-51.114649, -29.685138], [-51.114596, -29.685145], [-51.114611, -29.685234], [-51.114666, -29.685228], [-51.114668, -29.685241], [-51.114715, -29.685235], [-51.114719, -29.685257], [-51.114763, -29.685251], [-51.114735, -29.685085]]]}, "properties": {"info": {"is_agg": true, "building": "yes", "properties_agg": [{"hnum": "1454", "building": "yes", "feature_id": 597}], "geom_cmp_equals": [false], "geom_cmp_intersec": [0.9962133173483816]}, "error": 100, "address": "?, 1454"}},
{"type": "Feature", "geometry": {"type": "Polygon", "coordinates": [[[-51.115021, -29.688183], [-51.115021, -29.688176], [-51.114967, -29.688179], [-51.114968, -29.688186], [-51.114968, -29.68819], [-51.115022, -29.688188], [-51.115021, -29.688183]]]}, "properties": {"info": {"building": "yes"}, "address": "?, ?"}},
{"type": "Feature", "geometry": {"type": "Polygon", "coordinates": [[[-51.1151, -29.687776], [-51.115162, -29.687771], [-51.115157, -29.687725], [-51.115135, -29.687726], [-51.115131, -29.687684], [-51.115052, -29.68769], [-51.115053, -29.687713], [-51.115037, -29.687714], [-51.115037, -29.687734], [-51.115051, -29.687734], [-51.115054, -29.687762], [-51.11504, -29.687763], [-51.115041, -29.687792], [-51.115081, -29.687789], [-51.115101, -29.687788], [-51.1151, -29.687776]]]}, "properties": {"info": {"is_agg": true, "building": "yes", "properties_agg": [{"hnum": "432", "building": "yes", "feature_id": 1350}, {"hnum": "432", "building": "yes", "feature_id": 1357}, {"hnum": "432", "building": "yes", "feature_id": 1358}], "geom_cmp_equals": [true, false, false], "geom_cmp_intersec": [1, 0.8224085593555774, 0.8478438438897203]}, "error": 100, "address": "?, 432"}},
{"type": "Feature", "geometry": {"type": "Polygon", "coordinates": [[[-51.115131, -29.687684], [-51.115135, -29.687726], [-51.115157, -29.687725], [-51.115156, -29.687683], [-51.115131, -29.687684]]]}, "properties": {"info": {"building": "yes"}, "address": "?, ?"}},
{"type": "Feature", "geometry": {"type": "Polygon", "coordinates": [[[-51.11488, -29.687368], [-51.114955, -29.687366], [-51.114951, -29.687268], [-51.114915, -29.687269], [-51.114915, -29.68726], [-51.114895, -29.687261], [-51.114896, -29.68727], [-51.114875, -29.687271], [-51.11488, -29.687368]]]}, "properties": {"info": {"is_agg": true, "building": "yes", "properties_agg": [{"hnum": "305", "building": "yes", "feature_id": 3245}], "geom_cmp_equals": [false], "geom_cmp_intersec": [0.8257625098515438]}, "error": 100, "address": "?, 305"}},
{"type": "Feature", "geometry": {"type": "Polygon", "coordinates": [[[-51.114868, -29.687693], [-51.114873, -29.687801], [-51.114928, -29.687798], [-51.11492, -29.687691], [-51.114868, -29.687693]]]}, "properties": {"info": {"is_agg": true, "building": "yes", "properties_agg": [{"hnum": "432", "building": "yes", "feature_id": 1365}], "geom_cmp_equals": [false], "geom_cmp_intersec": [0.9216125640711583]}, "error": 100, "address": "?, 432"}},
{"type": "Feature", "geometry": {"type": "Polygon", "coordinates": [[[-51.114852, -29.687476], [-51.114799, -29.687478], [-51.114805, -29.687586], [-51.114859, -29.687584], [-51.114852, -29.687476]]]}, "properties": {"info": {"building": "yes"}, "address": "?, ?"}},
{"type": "Feature", "geometry": {"type": "Polygon", "coordinates": [[[-51.115341, -29.686328], [-51.115424, -29.686325], [-51.115421, -29.686275], [-51.115338, -29.686278], [-51.115341, -29.686328]]]}, "properties": {"info": {"building": "yes"}, "address": "?, 206"}},
{"type": "Feature", "geometry": {"type": "Polygon", "coordinates": [[[-51.115772, -29.686017], [-51.11583, -29.686014], [-51.115827, -29.685968], [-51.115769, -29.685971], [-51.115772, -29.686017]]]}, "properties": {"info": {"building": "yes"}, "address": "?, 736"}},
{"type": "Feature", "geometry": {"type": "Polygon", "coordinates": [[[-51.115801, -29.685822], [-51.115686, -29.685826], [-51.115688, -29.685863], [-51.115715, -29.685862], [-51.115717, -29.685894], [-51.115805, -29.685891], [-51.115801, -29.685822]]]}, "properties": {"info": {"building": "yes"}, "address": "?, 726"}},
{"type": "Feature", "geometry": {"type": "Polygon", "coordinates": [[[-51.115819, -29.685537], [-51.115832, -29.685537], [-51.115831, -29.685524], [-51.115932, -29.685522], [-51.11593, -29.685446], [-51.115817, -29.685449], [-51.115819, -29.685537]]]}, "properties": {"info": {"building": "yes"}, "address": "?, 680"}},
{"type": "Feature", "geometry": {"type": "Polygon", "coordinates": [[[-51.115526, -29.685367], [-51.115443, -29.685371], [-51.115449, -29.685449], [-51.115491, -29.685446], [-51.115493, -29.685479], [-51.115529, -29.685476], [-51.115533, -29.685476], [-51.115526, -29.685367]]]}, "properties": {"info": {"is_agg": true, "building": "yes", "properties_agg": [{"hnum": "1383", "building": "yes", "feature_id": 2526}], "geom_cmp_equals": [true], "geom_cmp_intersec": [1]}, "error": 100, "address": "?, 1383"}},
{"type": "Feature", "geometry": {"type": "Polygon", "coordinates": [[[-51.115406, -29.685415], [-51.115409, -29.68547], [-51.11544, -29.685469], [-51.115436, -29.685384], [-51.115402, -29.685385], [-51.1154, -29.685378], [-51.115301, -29.685384], [-51.115303, -29.685422], [-51.115406, -29.685415]]]}, "properties": {"info": {"building": "yes"}, "address": "?, 1383"}},
{"type": "Feature", "geometry": {"type": "Polygon", "coordinates": [[[-51.115294, -29.685476], [-51.115409, -29.68547], [-51.115406, -29.685415], [-51.115303, -29.685422], [-51.115291, -29.685422], [-51.115294, -29.685476]]]}, "properties": {"info": {"is_agg": true, "building": "yes", "properties_agg": [{"hnum": "1383", "building": "yes", "feature_id": 2523}], "geom_cmp_equals": [true], "geom_cmp_intersec": [1]}, "error": 100, "address": "?, 1383"}},
{"type": "Feature", "geometry": {"type": "Polygon", "coordinates": [[[-51.115398, -29.685905], [-51.115395, -29.685855], [-51.115339, -29.685857], [-51.115341, -29.685907], [-51.115398, -29.685905]]]}, "properties": {"info": {"building": "yes"}, "address": "?, ?"}},
{"type": "Feature", "geometry": {"type": "Polygon", "coordinates": [[[-51.115302, -29.685943], [-51.115343, -29.685942], [-51.11534, -29.685868], [-51.115298, -29.68587], [-51.115302, -29.685943]]]}, "properties": {"info": {"building": "yes"}, "address": "?, ?"}},
{"type": "Feature", "geometry": {"type": "Polygon", "coordinates": [[[-51.115488, -29.685936], [-51.115484, -29.685852], [-51.115395, -29.685855], [-51.115398, -29.685905], [-51.115341, -29.685907], [-51.115343, -29.685942], [-51.115488, -29.685936]]]}, "properties": {"info": {"building": "yes"}, "address": "?, 254"}},
{"type": "Feature", "geometry": {"type": "Polygon", "coordinates": [[[-51.115601, -29.685932], [-51.115597, -29.685848], [-51.115515, -29.685851], [-51.115519, -29.685935], [-51.115601, -29.685932]]]}, "properties": {"info": {"building": "yes"}, "address": "?, ?"}},
{"type": "Feature", "geometry": {"type": "Polygon", "coordinates": [[[-51.115826, -29.686069], [-51.115854, -29.686067], [-51.115851, -29.686026], [-51.115823, -29.686027], [-51.115824, -29.68604], [-51.115826, -29.686069]]]}, "properties": {"info": {"building": "yes"}, "address": "?, ?"}},
{"type": "Feature", "geometry": {"type": "Polygon", "coordinates": [[[-51.115828, -29.686094], [-51.115824, -29.68604], [-51.115734, -29.686044], [-51.115737, -29.686098], [-51.115828, -29.686094]]]}, "properties": {"info": {"building": "yes"}, "address": "?, 748"}},
{"type": "Feature", "geometry": {"type": "Polygon", "coordinates": [[[-51.115962, -29.686071], [-51.115934, -29.686072], [-51.115938, -29.686125], [-51.115966, -29.686123], [-51.115962, -29.686071]]]}, "properties": {"info": {"building": "yes"}, "address": "?, 748"}},
{"type": "Feature", "geometry": {"type": "Polygon", "coordinates": [[[-51.115934, -29.686072], [-51.115862, -29.686076], [-51.115866, -29.686128], [-51.115938, -29.686125], [-51.115934, -29.686072]]]}, "properties": {"info": {"building": "yes"}, "address": "?, 748"}},
{"type": "Feature", "geometry": {"type": "Polygon", "coordinates": [[[-51.115828, -29.686094], [-51.115737, -29.686098], [-51.115736, -29.686081], [-51.115694, -29.686083], [-51.115697, -29.686136], [-51.115739, -29.686134], [-51.11583, -29.68613], [-51.115828, -29.686094]]]}, "properties": {"info": {"building": "yes"}, "address": "?, 748"}},
{"type": "Feature", "geometry": {"type": "Polygon", "coordinates": [[[-51.115691, -29.686046], [-51.115694, -29.686083], [-51.115736, -29.686081], [-51.115734, -29.686044], [-51.115691, -29.686046]]]}, "properties": {"info": {"building": "yes"}, "address": "?, 748"}},
{"type": "Feature", "geometry": {"type": "Polygon", "coordinates": [[[-51.115807, -29.686131], [-51.115683, -29.686137], [-51.115686, -29.686164], [-51.11563, -29.686168], [-51.115633, -29.686246], [-51.115813, -29.686236], [-51.115807, -29.686131]]]}, "properties": {"info": {"building": "yes"}, "address": "?, 296"}},
{"type": "Feature", "geometry": {"type": "Polygon", "coordinates": [[[-51.115629, -29.686139], [-51.11563, -29.686168], [-51.115686, -29.686164], [-51.115683, -29.686137], [-51.115629, -29.686139]]]}, "properties": {"info": {"is_agg": true, "building": "yes", "properties_agg": [{"hnum": "296", "building": "yes", "feature_id": 2619}], "geom_cmp_equals": [true], "geom_cmp_intersec": [1]}, "error": 100, "address": "?, 296"}},
{"type": "Feature", "geometry": {"type": "Polygon", "coordinates": [[[-51.115362, -29.686158], [-51.115465, -29.686153], [-51.115458, -29.686045], [-51.115355, -29.68605], [-51.115362, -29.686158]]]}, "properties": {"info": {"building": "yes"}, "address": "?, 224"}},
{"type": "Feature", "geometry": {"type": "Polygon", "coordinates": [[[-51.115462, -29.686241], [-51.115461, -29.68621], [-51.115429, -29.686212], [-51.115427, -29.686179], [-51.115341, -29.686183], [-51.115345, -29.686246], [-51.115462, -29.686241]]]}, "properties": {"info": {"building": "yes"}, "address": "?, 218"}},
{"type": "Feature", "geometry": {"type": "Polygon", "coordinates": [[[-51.115899, -29.6856], [-51.115898, -29.685534], [-51.115841, -29.685535], [-51.115843, -29.685601], [-51.115899, -29.6856]]]}, "properties": {"info": {"building": "yes"}, "address": "?, 686"}},
{"type": "Feature", "geometry": {"type": "Polygon", "coordinates": [[[-51.115637, -29.686339], [-51.115737, -29.686327], [-51.115733, -29.68624], [-51.115633, -29.686246], [-51.115637, -29.686339]]]}, "properties": {"info": {"building": "yes"}, "address": "?, 296"}},
{"type": "Feature", "geometry": {"type": "Polygon", "coordinates": [[[-51.115549, -29.68604], [-51.115548, -29.686023], [-51.1156, -29.686021], [-51.115596, -29.685956], [-51.115437, -29.685964], [-51.115441, -29.686029], [-51.115492, -29.686026], [-51.115493, -29.686043], [-51.115549, -29.68604]]]}, "properties": {"info": {"building": "yes"}, "address": "?, 236"}},
{"type": "Feature", "geometry": {"type": "Polygon", "coordinates": [[[-51.115375, -29.685566], [-51.115301, -29.685569], [-51.115304, -29.685632], [-51.11541, -29.685628], [-51.115407, -29.685565], [-51.115442, -29.685564], [-51.115438, -29.685487], [-51.115371, -29.685489], [-51.115374, -29.685555], [-51.115375, -29.685566]]]}, "properties": {"info": {"building": "yes"}, "address": "?, 290"}},
{"type": "Feature", "geometry": {"type": "Polygon", "coordinates": [[[-51.115817, -29.685449], [-51.11593, -29.685446], [-51.115928, -29.685365], [-51.115814, -29.685367], [-51.115817, -29.685449]]]}, "properties": {"info": {"is_agg": true, "building": "yes", "properties_agg": [{"hnum": "1345", "building": "yes", "feature_id": 2611}], "geom_cmp_equals": [false], "geom_cmp_intersec": [0.9797029536995192]}, "error": 100, "address": "?, 1345"}},
{"type": "Feature", "geometry": {"type": "Polygon", "coordinates": [[[-51.115928, -29.685365], [-51.115928, -29.685349], [-51.115814, -29.685352], [-51.115814, -29.685367], [-51.115928, -29.685365]]]}, "properties": {"info": {"building": "yes"}, "address": "?, 1345"}},
{"type": "Feature", "geometry": {"type": "Polygon", "coordinates": [[[-51.115332, -29.685717], [-51.115414, -29.685714], [-51.115411, -29.685655], [-51.115329, -29.685658], [-51.115332, -29.685717]]]}, "properties": {"info": {"building": "yes"}, "address": "?, 298"}},
{"type": "Feature", "geometry": {"type": "Polygon", "coordinates": [[[-51.115807, -29.685841], [-51.11581, -29.68589], [-51.115872, -29.685888], [-51.115869, -29.685838], [-51.115807, -29.685841]]]}, "properties": {"info": {"building": "yes"}, "address": "?, 726"}},
{"type": "Feature", "geometry": {"type": "Polygon", "coordinates": [[[-51.11544, -29.685514], [-51.115468, -29.685513], [-51.115467, -29.685481], [-51.115438, -29.685482], [-51.115438, -29.685487], [-51.11544, -29.685514]]]}, "properties": {"info": {"building": "yes"}, "address": "?, 290"}},
{"type": "Feature", "geometry": {"type": "Polygon", "coordinates": [[[-51.115743, -29.685355], [-51.115806, -29.685353], [-51.115805, -29.685322], [-51.115742, -29.685323], [-51.115743, -29.685355]]]}, "properties": {"info": {"building": "yes"}, "address": "?, 1353"}},
{"type": "Feature", "geometry": {"type": "Polygon", "coordinates": [[[-51.115603, -29.685734], [-51.115512, -29.685736], [-51.115514, -29.685804], [-51.115571, -29.685802], [-51.115571, -29.685821], [-51.115607, -29.685819], [-51.115603, -29.685734]]]}, "properties": {"info": {"building": "yes"}, "address": "?, 266"}},
{"type": "Feature", "geometry": {"type": "Polygon", "coordinates": [[[-51.11574, -29.685753], [-51.115744, -29.685811], [-51.115895, -29.685804], [-51.115891, -29.685746], [-51.11574, -29.685753]]]}, "properties": {"info": {"building": "yes"}, "address": "?, 716"}},
{"type": "Feature", "geometry": {"type": "Polygon", "coordinates": [[[-51.115434, -29.685787], [-51.115405, -29.685788], [-51.115402, -29.685758], [-51.115327, -29.685761], [-51.115331, -29.685844], [-51.115436, -29.68584], [-51.115434, -29.685787]]]}, "properties": {"info": {"building": "yes"}, "address": "?, 266"}},
{"type": "Feature", "geometry": {"type": "Polygon", "coordinates": [[[-51.115952, -29.685621], [-51.115951, -29.685599], [-51.115843, -29.685601], [-51.115843, -29.685624], [-51.115952, -29.685621]]]}, "properties": {"info": {"building": "yes"}, "address": "?, 686"}},
{"type": "Feature", "geometry": {"type": "Polygon", "coordinates": [[[-51.115854, -29.686157], [-51.115859, -29.686237], [-51.115939, -29.686233], [-51.115934, -29.686153], [-51.115854, -29.686157]]]}, "properties": {"info": {"building": "yes"}, "address": "?, 762"}},
{"type": "Feature", "geometry": {"type": "Polygon", "coordinates": [[[-51.115807, -29.68575], [-51.115806, -29.685728], [-51.115739, -29.685731], [-51.11574, -29.685753], [-51.115807, -29.68575]]]}, "properties": {"info": {"building": "yes"}, "address": "?, 716"}},
{"type": "Feature", "geometry": {"type": "Polygon", "coordinates": [[[-51.115817, -29.686263], [-51.115883, -29.68626], [-51.115885, -29.686286], [-51.115943, -29.686284], [-51.115939, -29.686233], [-51.115859, -29.686237], [-51.115854, -29.686157], [-51.115852, -29.686129], [-51.11581, -29.686131], [-51.115817, -29.686262], [-51.115817, -29.686263]]]}, "properties": {"info": {"building": "yes"}, "address": "?, 762"}},
{"type": "Feature", "geometry": {"type": "Polygon", "coordinates": [[[-51.118181, -29.687654], [-51.118219, -29.68765], [-51.118218, -29.687639], [-51.118253, -29.687636], [-51.118249, -29.687611], [-51.118253, -29.68761], [-51.118251, -29.687595], [-51.118247, -29.687595], [-51.118243, -29.687567], [-51.118206, -29.687571], [-51.118207, -29.687579], [-51.118172, -29.687583], [-51.118181, -29.687654]]]}, "properties": {"info": {"building": "yes"}, "address": "?, 180"}},
{"type": "Feature", "geometry": {"type": "Polygon", "coordinates": [[[-51.115413, -29.685682], [-51.115454, -29.685681], [-51.115453, -29.685654], [-51.115411, -29.685655], [-51.115413, -29.685682]]]}, "properties": {"info": {"building": "yes"}, "address": "?, 298"}},
{"type": "Feature", "geometry": {"type": "Polygon", "coordinates": [[[-51.115519, -29.685737], [-51.115609, -29.685733], [-51.115604, -29.685634], [-51.115514, -29.685638], [-51.115515, -29.685654], [-51.115519, -29.685737]]]}, "properties": {"info": {"building": "yes"}, "address": "?, 298"}},
{"type": "Feature", "geometry": {"type": "Polygon", "coordinates": [[[-51.115476, -29.685838], [-51.115472, -29.685755], [-51.115402, -29.685758], [-51.115404, -29.685788], [-51.115433, -29.685787], [-51.115436, -29.68584], [-51.115476, -29.685838]]]}, "properties": {"info": {"building": "yes"}, "address": "?, 266"}},
{"type": "Feature", "geometry": {"type": "Polygon", "coordinates": [[[-51.118297, -29.687734], [-51.118256, -29.687738], [-51.118261, -29.687774], [-51.118302, -29.68777], [-51.118297, -29.687734]]]}, "properties": {"info": {"building": "yes"}, "address": "?, 180"}},
{"type": "Feature", "geometry": {"type": "Polygon", "coordinates": [[[-51.115696, -29.686113], [-51.115687, -29.686114], [-51.115687, -29.6861], [-51.115675, -29.686101], [-51.115673, -29.686064], [-51.115642, -29.686065], [-51.115641, -29.686051], [-51.11562, -29.686052], [-51.115626, -29.68614], [-51.115697, -29.686136], [-51.115696, -29.686113]]]}, "properties": {"info": {"building": "yes"}, "address": "?, 748"}},
{"type": "Feature", "geometry": {"type": "MultiPolygon", "coordinates": [[[[-51.118247, -29.687595], [-51.118251, -29.687595], [-51.118253, -29.68761], [-51.118249, -29.687611], [-51.118253, -29.687636], [-51.118218, -29.687639], [-51.118219, -29.68765], [-51.118181, -29.687654], [-51.118186, -29.68769], [-51.118245, -29.687684], [-51.118248, -29.687703], [-51.118292, -29.687698], [-51.118274, -29.687563], [-51.118243, -29.687566], [-51.118247, -29.687595]]], [[[-51.118206, -29.687571], [-51.118208, -29.687571], [-51.118206, -29.687553], [-51.118168, -29.687557], [-51.118172, -29.687583], [-51.118207, -29.687579], [-51.118206, -29.687571]]]]}, "properties": {"info": {"building": "yes"}, "address": "?, 180"}},
{"type": "Feature", "geometry": {"type": "Polygon", "coordinates": [[[-51.118241, -29.68781], [-51.118232, -29.687811], [-51.118236, -29.687837], [-51.118372, -29.687821], [-51.11837, -29.687805], [-51.118375, -29.687805], [-51.11837, -29.68777], [-51.118356, -29.687771], [-51.118355, -29.687764], [-51.118236, -29.687778], [-51.118241, -29.68781]]]}, "properties": {"info": {"is_agg": true, "building": "yes", "properties_agg": [{"hnum": "270", "building": "yes", "feature_id": 2735}], "geom_cmp_equals": [false], "geom_cmp_intersec": [0.8334996799215002]}, "error": 100, "address": "?, 270"}},
{"type": "Feature", "geometry": {"type": "Polygon", "coordinates": [[[-51.11548, -29.686347], [-51.11548, -29.686337], [-51.115433, -29.686339], [-51.115434, -29.686365], [-51.11548, -29.686347]]]}, "properties": {"info": {"building": "yes"}, "address": "?, 206"}},
{"type": "Feature", "geometry": {"type": "Polygon", "coordinates": [[[-51.11824, -29.687864], [-51.118249, -29.687863], [-51.118254, -29.687894], [-51.118373, -29.68788], [-51.118372, -29.687874], [-51.118386, -29.687872], [-51.11838, -29.687837], [-51.118374, -29.687837], [-51.118372, -29.687821], [-51.118236, -29.687837], [-51.11824, -29.687864]]]}, "properties": {"info": {"building": "yes"}, "address": "?, 260"}},
{"type": "Feature", "geometry": {"type": "Polygon", "coordinates": [[[-51.115525, -29.686335], [-51.115523, -29.686299], [-51.1155, -29.6863], [-51.115498, -29.686258], [-51.115428, -29.686261], [-51.115433, -29.686339], [-51.115525, -29.686335]]]}, "properties": {"info": {"building": "yes"}, "address": "?, 206"}},
{"type": "Feature", "geometry": {"type": "Polygon", "coordinates": [[[-51.115773, -29.686025], [-51.115769, -29.685967], [-51.115681, -29.685971], [-51.115685, -29.686029], [-51.115773, -29.686025]]]}, "properties": {"info": {"building": "yes"}, "address": "?, 736"}},
{"type": "Feature", "geometry": {"type": "Polygon", "coordinates": [[[-51.118373, -29.68788], [-51.118372, -29.687874], [-51.118386, -29.687872], [-51.11838, -29.687837], [-51.11835, -29.68784], [-51.118347, -29.687824], [-51.118316, -29.687828], [-51.118318, -29.687845], [-51.11829, -29.687848], [-51.118292, -29.687858], [-51.118249, -29.687863], [-51.118254, -29.687894], [-51.118373, -29.68788]]]}, "properties": {"info": {"building": "yes"}, "address": "?, 260"}},
{"type": "Feature", "geometry": {"type": "Polygon", "coordinates": [[[-51.115855, -29.686013], [-51.115852, -29.685967], [-51.115827, -29.685968], [-51.11583, -29.686014], [-51.115855, -29.686013]]]}, "properties": {"info": {"building": "yes"}, "address": "?, 736"}},
{"type": "Feature", "geometry": {"type": "Polygon", "coordinates": [[[-51.118653, -29.687547], [-51.11855, -29.687556], [-51.118571, -29.687735], [-51.118674, -29.687726], [-51.118653, -29.687547]]]}, "properties": {"info": {"building": "yes"}, "address": "?, 200"}},
{"type": "Feature", "geometry": {"type": "Polygon", "coordinates": [[[-51.115886, -29.685833], [-51.115802, -29.685837], [-51.115805, -29.685891], [-51.11581, -29.68589], [-51.115807, -29.685841], [-51.115869, -29.685838], [-51.11587, -29.685856], [-51.115887, -29.685856], [-51.115886, -29.685833]]]}, "properties": {"info": {"building": "yes"}, "address": "?, 726"}},
{"type": "Feature", "geometry": {"type": "Polygon", "coordinates": [[[-51.118653, -29.687547], [-51.118644, -29.687463], [-51.118562, -29.68747], [-51.118572, -29.687554], [-51.118653, -29.687547]]]}, "properties": {"info": {"building": "yes"}, "address": "?, ?"}},
{"type": "Feature", "geometry": {"type": "Polygon", "coordinates": [[[-51.115588, -29.686038], [-51.115593, -29.686146], [-51.115629, -29.686145], [-51.115624, -29.686037], [-51.115588, -29.686038]]]}, "properties": {"info": {"building": "yes"}, "address": "?, 224"}},
{"type": "Feature", "geometry": {"type": "Polygon", "coordinates": [[[-51.118664, -29.687637], [-51.118674, -29.687636], [-51.118669, -29.687596], [-51.118659, -29.687596], [-51.118653, -29.687547], [-51.11855, -29.687556], [-51.118564, -29.687672], [-51.118554, -29.687673], [-51.118561, -29.687736], [-51.118674, -29.687726], [-51.118664, -29.687637]]]}, "properties": {"info": {"building": "yes"}, "address": "?, 200"}},
{"type": "Feature", "geometry": {"type": "Polygon", "coordinates": [[[-51.118674, -29.687726], [-51.118667, -29.687663], [-51.118554, -29.687673], [-51.118561, -29.687736], [-51.118674, -29.687726]]]}, "properties": {"info": {"building": "yes"}, "address": "?, ?"}},
{"type": "Feature", "geometry": {"type": "Polygon", "coordinates": [[[-51.118676, -29.688091], [-51.118711, -29.6882], [-51.118726, -29.688196], [-51.118691, -29.688087], [-51.118676, -29.688091]]]}, "properties": {"info": {"building": "yes"}, "address": "?, ?"}},
{"type": "Feature", "geometry": {"type": "Polygon", "coordinates": [[[-51.118629, -29.68822], [-51.118614, -29.688172], [-51.118555, -29.688185], [-51.118562, -29.688236], [-51.118629, -29.68822]]]}, "properties": {"info": {"building": "yes"}, "address": "?, ?"}},
{"type": "Feature", "geometry": {"type": "Polygon", "coordinates": [[[-51.118833, -29.68812], [-51.118829, -29.688121], [-51.118816, -29.688124], [-51.118813, -29.688113], [-51.118825, -29.68811], [-51.118815, -29.688076], [-51.118782, -29.688084], [-51.118779, -29.688074], [-51.118693, -29.688095], [-51.118691, -29.688087], [-51.118676, -29.688091], [-51.118672, -29.688096], [-51.118684, -29.688133], [-51.11869, -29.688136], [-51.118699, -29.688163], [-51.118695, -29.688169], [-51.118706, -29.688201], [-51.118794, -29.68818], [-51.118848, -29.688166], [-51.118833, -29.68812]]]}, "properties": {"info": {"building": "yes"}, "address": "?, ?"}},
{"type": "Feature", "geometry": {"type": "Polygon", "coordinates": [[[-51.118776, -29.688123], [-51.118789, -29.688119], [-51.118775, -29.688075], [-51.118728, -29.688087], [-51.118725, -29.688079], [-51.118691, -29.688087], [-51.118705, -29.688132], [-51.118714, -29.688159], [-51.118719, -29.688177], [-51.118726, -29.688196], [-51.118794, -29.68818], [-51.118776, -29.688123]]]}, "properties": {"info": {"building": "yes"}, "address": "?, 170"}},
{"type": "Feature", "geometry": {"type": "Polygon", "coordinates": [[[-51.115678, -29.685356], [-51.11568, -29.68543], [-51.115745, -29.685429], [-51.115743, -29.685355], [-51.115678, -29.685356]]]}, "properties": {"info": {"building": "yes"}, "address": "?, 1357"}},
{"type": "Feature", "geometry": {"type": "Polygon", "coordinates": [[[-51.115745, -29.685429], [-51.115816, -29.685427], [-51.115816, -29.685408], [-51.115814, -29.685353], [-51.115743, -29.685355], [-51.115744, -29.68541], [-51.115745, -29.685429]]]}, "properties": {"info": {"building": "yes"}, "address": "?, 1353"}},
{"type": "Feature", "geometry": {"type": "Polygon", "coordinates": [[[-51.115745, -29.685429], [-51.115747, -29.685493], [-51.115818, -29.685491], [-51.115816, -29.685427], [-51.115745, -29.685429]]]}, "properties": {"info": {"building": "yes"}, "address": "?, 1357"}},
{"type": "Feature", "geometry": {"type": "Polygon", "coordinates": [[[-51.115712, -29.685493], [-51.115714, -29.685533], [-51.115706, -29.685533], [-51.115707, -29.685579], [-51.115723, -29.685579], [-51.115724, -29.685623], [-51.115821, -29.685621], [-51.115818, -29.685491], [-51.115712, -29.685493]]]}, "properties": {"info": {"building": "yes"}, "address": "?, 1357"}},
{"type": "Feature", "geometry": {"type": "Polygon", "coordinates": [[[-51.115604, -29.685634], [-51.115607, -29.685684], [-51.115939, -29.685671], [-51.115937, -29.685622], [-51.115604, -29.685634]]]}, "properties": {"info": {"building": "yes"}, "address": "?, ?"}},
{"type": "Feature", "geometry": {"type": "Polygon", "coordinates": [[[-51.115808, -29.685652], [-51.115811, -29.685706], [-51.115904, -29.685703], [-51.115901, -29.685648], [-51.115808, -29.685652]]]}, "properties": {"info": {"building": "yes"}, "address": "?, 702"}},
{"type": "Feature", "geometry": {"type": "Polygon", "coordinates": [[[-51.115903, -29.685675], [-51.115954, -29.685674], [-51.115953, -29.685646], [-51.115901, -29.685648], [-51.115903, -29.685675]]]}, "properties": {"info": {"building": "yes"}, "address": "?, ?"}},
{"type": "Feature", "geometry": {"type": "Polygon", "coordinates": [[[-51.115727, -29.685679], [-51.115729, -29.685709], [-51.115698, -29.68571], [-51.115698, -29.685716], [-51.115657, -29.685717], [-51.115657, -29.685732], [-51.115812, -29.685729], [-51.11581, -29.685676], [-51.115727, -29.685679]]]}, "properties": {"info": {"building": "yes"}, "address": "?, ?"}},
{"type": "Feature", "geometry": {"type": "Polygon", "coordinates": [[[-51.115607, -29.685684], [-51.115608, -29.685711], [-51.115644, -29.68571], [-51.115643, -29.685683], [-51.115607, -29.685684]]]}, "properties": {"info": {"building": "yes"}, "address": "?, ?"}},
{"type": "Feature", "geometry": {"type": "Polygon", "coordinates": [[[-51.115903, -29.685702], [-51.115905, -29.685726], [-51.115956, -29.685725], [-51.115955, -29.6857], [-51.115903, -29.685702]]]}, "properties": {"info": {"building": "yes"}, "address": "?, ?"}},
{"type": "Feature", "geometry": {"type": "Polygon", "coordinates": [[[-51.114109, -29.68608], [-51.114047, -29.686086], [-51.114069, -29.686245], [-51.114131, -29.686237], [-51.114109, -29.68608]]]}, "properties": {"info": {"building": "yes"}, "address": "?, 621"}},
{"type": "Feature", "geometry": {"type": "Polygon", "coordinates": [[[-51.114096, -29.685984], [-51.114062, -29.685988], [-51.114077, -29.686083], [-51.114109, -29.68608], [-51.114096, -29.685984]]]}, "properties": {"info": {"building": "yes"}, "address": "?, 621"}},
{"type": "Feature", "geometry": {"type": "Polygon", "coordinates": [[[-51.113934, -29.686263], [-51.113931, -29.686248], [-51.113897, -29.686253], [-51.1139, -29.686268], [-51.113934, -29.686263]]]}, "properties": {"info": {"building": "yes"}, "address": "?, 621"}},
{"type": "Feature", "geometry": {"type": "Polygon", "coordinates": [[[-51.113963, -29.685737], [-51.113955, -29.685682], [-51.113953, -29.685682], [-51.113949, -29.685651], [-51.113991, -29.685647], [-51.113989, -29.685634], [-51.114048, -29.685628], [-51.114053, -29.685663], [-51.114186, -29.685649], [-51.114176, -29.685573], [-51.114156, -29.685575], [-51.114154, -29.68556], [-51.114173, -29.685558], [-51.114162, -29.685476], [-51.114071, -29.685486], [-51.114081, -29.685555], [-51.113977, -29.685566], [-51.11397, -29.685508], [-51.113897, -29.685516], [-51.11393, -29.685742], [-51.113963, -29.685737]]]}, "properties": {"info": {"building": "yes"}, "address": "?, 1511"}},
{"type": "Feature", "geometry": {"type": "Polygon", "coordinates": [[[-51.114024, -29.685472], [-51.114022, -29.685454], [-51.113975, -29.685457], [-51.113977, -29.685474], [-51.114024, -29.685472]]]}, "properties": {"info": {"building": "yes"}, "address": "?, 1511"}},
{"type": "Feature", "geometry": {"type": "Polygon", "coordinates": [[[-51.114163, -29.685738], [-51.114095, -29.685746], [-51.1141, -29.685773], [-51.114083, -29.685775], [-51.114086, -29.685796], [-51.114106, -29.685794], [-51.114111, -29.685825], [-51.114176, -29.685817], [-51.114163, -29.685738]]]}, "properties": {"info": {"building": "yes"}, "address": "?, 1511"}},
{"type": "Feature", "geometry": {"type": "Polygon", "coordinates": [[[-51.114302, -29.686085], [-51.114303, -29.686093], [-51.114209, -29.686104], [-51.114218, -29.686187], [-51.114227, -29.686186], [-51.114232, -29.686221], [-51.114281, -29.686215], [-51.11428, -29.686206], [-51.114373, -29.686195], [-51.114368, -29.686157], [-51.114374, -29.686154], [-51.114372, -29.686128], [-51.114383, -29.686126], [-51.114376, -29.686078], [-51.114376, -29.686076], [-51.114302, -29.686085]]]}, "properties": {"info": {"building": "yes"}, "address": "?, 16"}},
{"type": "Feature", "geometry": {"type": "Polygon", "coordinates": [[[-51.114195, -29.686095], [-51.114113, -29.686104], [-51.114118, -29.686146], [-51.114201, -29.686137], [-51.114195, -29.686095]]]}, "properties": {"info": {"building": "yes"}, "address": "?, 16"}},
{"type": "Feature", "geometry": {"type": "Polygon", "coordinates": [[[-51.113869, -29.686011], [-51.113877, -29.686077], [-51.113964, -29.686068], [-51.113963, -29.686055], [-51.114008, -29.686049], [-51.114003, -29.686016], [-51.114025, -29.686014], [-51.114022, -29.685993], [-51.113869, -29.686011]]]}, "properties": {"info": {"building": "yes"}, "address": "?, 621"}},
{"type": "Feature", "geometry": {"type": "Polygon", "coordinates": [[[-51.113861, -29.686085], [-51.113869, -29.686134], [-51.113888, -29.686131], [-51.113877, -29.686082], [-51.113861, -29.686085]]]}, "properties": {"info": {"building": "yes"}, "address": "?, 621"}},
{"type": "Feature", "geometry": {"type": "Polygon", "coordinates": [[[-51.113877, -29.686077], [-51.113877, -29.686082], [-51.113888, -29.686131], [-51.113953, -29.686124], [-51.113947, -29.686077], [-51.113945, -29.68607], [-51.113877, -29.686077]]]}, "properties": {"info": {"is_agg": true, "building": "yes", "properties_agg": [{"hnum": "621", "building": "yes", "feature_id": 2994}], "geom_cmp_equals": [true], "geom_cmp_intersec": [1]}, "error": 100, "address": "?, 621"}},
{"type": "Feature", "geometry": {"type": "Polygon", "coordinates": [[[-51.113989, -29.68612], [-51.113988, -29.686115], [-51.114022, -29.686111], [-51.114017, -29.686073], [-51.114011, -29.686074], [-51.114009, -29.686058], [-51.113986, -29.686059], [-51.113986, -29.686071], [-51.113947, -29.686077], [-51.113953, -29.686124], [-51.113989, -29.68612]]]}, "properties": {"info": {"building": "yes"}, "address": "?, 621"}},
{"type": "Feature", "geometry": {"type": "Polygon", "coordinates": [[[-51.113963, -29.686055], [-51.113964, -29.686068], [-51.113945, -29.68607], [-51.113947, -29.686077], [-51.113986, -29.686071], [-51.113986, -29.686059], [-51.114009, -29.686058], [-51.114008, -29.686049], [-51.113963, -29.686055]]]}, "properties": {"info": {"building": "yes"}, "address": "?, ?"}},
{"type": "Feature", "geometry": {"type": "Polygon", "coordinates": [[[-51.11423, -29.686083], [-51.114277, -29.686078], [-51.114273, -29.68605], [-51.114305, -29.686047], [-51.114303, -29.686027], [-51.114271, -29.686029], [-51.114266, -29.685991], [-51.114221, -29.685995], [-51.11423, -29.686083]]]}, "properties": {"info": {"is_agg": true, "building": "yes", "properties_agg": [{"hnum": "25", "building": "yes", "feature_id": 3031}], "geom_cmp_equals": [true], "geom_cmp_intersec": [1]}, "error": 100, "address": "?, 25"}},
{"type": "Feature", "geometry": {"type": "Polygon", "coordinates": [[[-51.114266, -29.685991], [-51.114271, -29.686029], [-51.114303, -29.686027], [-51.114305, -29.686047], [-51.114273, -29.68605], [-51.114277, -29.686078], [-51.114353, -29.68607], [-51.114341, -29.685973], [-51.114284, -29.685979], [-51.114282, -29.685964], [-51.114218, -29.685971], [-51.114221, -29.685995], [-51.114266, -29.685991]]]}, "properties": {"info": {"building": "yes"}, "address": "?, 25"}},
{"type": "Feature", "geometry": {"type": "Polygon", "coordinates": [[[-51.114267, -29.685932], [-51.114314, -29.685928], [-51.114333, -29.685926], [-51.114324, -29.685859], [-51.11426, -29.685867], [-51.114267, -29.685932]]]}, "properties": {"info": {"building": "yes"}, "address": "?, 37"}},
{"type": "Feature", "geometry": {"type": "Polygon", "coordinates": [[[-51.114205, -29.685844], [-51.114222, -29.685961], [-51.114318, -29.685951], [-51.114314, -29.685928], [-51.114267, -29.685932], [-51.11426, -29.685867], [-51.114255, -29.685838], [-51.114205, -29.685844]]]}, "properties": {"info": {"is_agg": true, "building": "yes", "properties_agg": [{"hnum": "37", "building": "yes", "feature_id": 2993}], "geom_cmp_equals": [true], "geom_cmp_intersec": [1]}, "error": 100, "address": "?, 37"}},
{"type": "Feature", "geometry": {"type": "Polygon", "coordinates": [[[-51.112524, -29.6868], [-51.112484, -29.686804], [-51.112487, -29.686829], [-51.112512, -29.686846], [-51.11252, -29.686837], [-51.112516, -29.686833], [-51.112536, -29.686811], [-51.112544, -29.686816], [-51.112561, -29.686797], [-51.11254, -29.686782], [-51.112524, -29.6868]]]}, "properties": {"info": {"building": "yes"}, "address": "?, ?"}},
{"type": "Feature", "geometry": {"type": "Polygon", "coordinates": [[[-51.112538, -29.686752], [-51.112561, -29.686749], [-51.112555, -29.686708], [-51.112532, -29.686711], [-51.112538, -29.686752]]]}, "properties": {"info": {"building": "yes"}, "address": "?, ?"}},
{"type": "Feature", "geometry": {"type": "Polygon", "coordinates": [[[-51.112763, -29.686129], [-51.112761, -29.686116], [-51.112717, -29.68612], [-51.112724, -29.686178], [-51.112727, -29.686201], [-51.11275, -29.686198], [-51.112752, -29.686212], [-51.112813, -29.686206], [-51.112809, -29.686179], [-51.112836, -29.686177], [-51.11283, -29.686123], [-51.112763, -29.686129]]]}, "properties": {"info": {"is_agg": true, "building": "yes", "properties_agg": [{"hnum": "71", "building": "yes", "feature_id": 3081}, {"hnum": "71", "building": "yes", "feature_id": 3082}], "geom_cmp_equals": [false, false], "geom_cmp_intersec": [0.9002664567521302, 0.5591890209084692]}, "error": 100, "address": "?, 71"}},
{"type": "Feature", "geometry": {"type": "Polygon", "coordinates": [[[-51.112666, -29.6858], [-51.112666, -29.685789], [-51.112754, -29.68578], [-51.112744, -29.685701], [-51.11271, -29.685704], [-51.112707, -29.685681], [-51.112591, -29.685693], [-51.112601, -29.685763], [-51.112517, -29.685772], [-51.112521, -29.685812], [-51.112666, -29.6858]]]}, "properties": {"info": {"building": "yes"}, "address": "?, 125"}},
{"type": "Feature", "geometry": {"type": "Polygon", "coordinates": [[[-51.112414, -29.686766], [-51.112421, -29.686817], [-51.112439, -29.686816], [-51.112441, -29.686828], [-51.112488, -29.686861], [-51.112491, -29.686886], [-51.112561, -29.68688], [-51.112558, -29.686858], [-51.11256, -29.686858], [-51.112575, -29.686842], [-51.112568, -29.686837], [-51.112588, -29.686816], [-51.112561, -29.686797], [-51.112554, -29.686792], [-51.112553, -29.686781], [-51.112565, -29.68678], [-51.112563, -29.686765], [-51.112476, -29.686774], [-51.112475, -29.68676], [-51.112414, -29.686766]]]}, "properties": {"info": {"building": "yes"}, "address": "?, 481"}},
{"type": "Feature", "geometry": {"type": "Polygon", "coordinates": [[[-51.112452, -29.686761], [-51.112538, -29.686752], [-51.112524, -29.686658], [-51.112439, -29.686667], [-51.112442, -29.686689], [-51.112428, -29.686691], [-51.112432, -29.68672], [-51.112446, -29.686719], [-51.112452, -29.686761]]]}, "properties": {"info": {"building": "yes"}, "address": "?, 471"}},
{"type": "Feature", "geometry": {"type": "Polygon", "coordinates": [[[-51.114557, -29.687926], [-51.114612, -29.687923], [-51.11461, -29.687903], [-51.114687, -29.687897], [-51.114689, -29.687918], [-51.114753, -29.687914], [-51.114745, -29.687856], [-51.114697, -29.687859], [-51.114691, -29.687812], [-51.11455, -29.687821], [-51.114557, -29.687926]]]}, "properties": {"info": {"building": "yes"}, "address": "?, 375"}},
{"type": "Feature", "geometry": {"type": "Polygon", "coordinates": [[[-51.114642, -29.688127], [-51.114643, -29.688137], [-51.114712, -29.688133], [-51.114708, -29.688089], [-51.114719, -29.688088], [-51.114715, -29.688042], [-51.114689, -29.688022], [-51.114676, -29.688034], [-51.114648, -29.688036], [-51.114648, -29.68803], [-51.114642, -29.688026], [-51.114625, -29.688027], [-51.11462, -29.688032], [-51.11462, -29.688039], [-51.114596, -29.688041], [-51.114582, -29.688054], [-51.11457, -29.688055], [-51.114575, -29.68813], [-51.114642, -29.688127]]]}, "properties": {"info": {"building": "yes"}, "address": "?, 491"}},
{"type": "Feature", "geometry": {"type": "Polygon", "coordinates": [[[-51.112491, -29.686998], [-51.112508, -29.687128], [-51.112548, -29.687124], [-51.11253, -29.686994], [-51.112491, -29.686998]]]}, "properties": {"info": {"building": "yes"}, "address": "?, 501"}},
{"type": "Feature", "geometry": {"type": "Polygon", "coordinates": [[[-51.112549, -29.687131], [-51.112563, -29.68713], [-51.112554, -29.687065], [-51.11254, -29.687066], [-51.112549, -29.687131]]]}, "properties": {"info": {"building": "yes"}, "address": "?, 501"}},
{"type": "Feature", "geometry": {"type": "Polygon", "coordinates": [[[-51.11461, -29.688215], [-51.114646, -29.688212], [-51.11466, -29.688211], [-51.114662, -29.688243], [-51.114704, -29.68824], [-51.114703, -29.688227], [-51.11472, -29.688226], [-51.114715, -29.688167], [-51.114714, -29.688158], [-51.114606, -29.688165], [-51.11461, -29.688215]]]}, "properties": {"info": {"building": "yes"}, "address": "?, 411"}},
{"type": "Feature", "geometry": {"type": "Polygon", "coordinates": [[[-51.1146, -29.688299], [-51.114582, -29.6883], [-51.114587, -29.688351], [-51.114597, -29.688351], [-51.114598, -29.688368], [-51.114627, -29.688366], [-51.114627, -29.688359], [-51.114667, -29.688356], [-51.114666, -29.688345], [-51.11473, -29.688341], [-51.114724, -29.688273], [-51.114693, -29.688275], [-51.114691, -29.688255], [-51.114597, -29.688262], [-51.1146, -29.688299]]]}, "properties": {"info": {"building": "yes"}, "address": "?, ?"}},
{"type": "Feature", "geometry": {"type": "Polygon", "coordinates": [[[-51.114715, -29.688167], [-51.114714, -29.688158], [-51.114606, -29.688165], [-51.11461, -29.688215], [-51.114646, -29.688212], [-51.114649, -29.688244], [-51.114662, -29.688243], [-51.114704, -29.68824], [-51.114745, -29.688238], [-51.114744, -29.688227], [-51.114736, -29.688228], [-51.114731, -29.688166], [-51.114715, -29.688167]]]}, "properties": {"info": {"building": "yes"}, "address": "?, 411"}},
{"type": "Feature", "geometry": {"type": "Polygon", "coordinates": [[[-51.114613, -29.68826], [-51.114616, -29.688298], [-51.11462, -29.688298], [-51.114625, -29.688359], [-51.114627, -29.688359], [-51.114667, -29.688356], [-51.114666, -29.688345], [-51.114699, -29.688343], [-51.114698, -29.688333], [-51.114729, -29.688331], [-51.114725, -29.688288], [-51.114694, -29.688291], [-51.114691, -29.688255], [-51.114613, -29.68826]]]}, "properties": {"info": {"building": "yes"}, "address": "?, ?"}},
{"type": "Feature", "geometry": {"type": "Polygon", "coordinates": [[[-51.115018, -29.688129], [-51.114891, -29.688135], [-51.114895, -29.688203], [-51.114896, -29.688219], [-51.11491, -29.688218], [-51.114912, -29.688241], [-51.11492, -29.688241], [-51.114928, -29.688248], [-51.114941, -29.688247], [-51.114949, -29.68824], [-51.114957, -29.688239], [-51.114955, -29.688216], [-51.11497, -29.688215], [-51.114969, -29.6882], [-51.114968, -29.68819], [-51.114967, -29.688179], [-51.115021, -29.688176], [-51.115018, -29.688129]]]}, "properties": {"info": {"building": "yes"}, "address": "?, 220"}},
{"type": "Feature", "geometry": {"type": "Polygon", "coordinates": [[[-51.11247, -29.686607], [-51.112458, -29.686532], [-51.112387, -29.68654], [-51.112399, -29.686615], [-51.11247, -29.686607]]]}, "properties": {"info": {"is_agg": true, "building": "yes", "properties_agg": [{"hnum": "453", "building": "yes", "feature_id": 3175}], "geom_cmp_equals": [true], "geom_cmp_intersec": [1]}, "error": 100, "address": "?, 453"}},
{"type": "Feature", "geometry": {"type": "Polygon", "coordinates": [[[-51.11491, -29.688218], [-51.114955, -29.688216], [-51.11497, -29.688215], [-51.114969, -29.6882], [-51.114895, -29.688203], [-51.114896, -29.688219], [-51.11491, -29.688218]]]}, "properties": {"info": {"building": "yes"}, "address": "?, ?"}},
{"type": "Feature", "geometry": {"type": "Polygon", "coordinates": [[[-51.115145, -29.688181], [-51.115119, -29.688182], [-51.115117, -29.688145], [-51.115062, -29.688148], [-51.115061, -29.688128], [-51.115017, -29.68813], [-51.115023, -29.688223], [-51.115071, -29.68822], [-51.115071, -29.688232], [-51.115092, -29.688231], [-51.115092, -29.688235], [-51.115149, -29.688232], [-51.115145, -29.688181]]]}, "properties": {"info": {"is_agg": true, "building": "yes", "properties_agg": [{"building": "yes", "feature_id": 3181}], "geom_cmp_equals": [false], "geom_cmp_intersec": [0.5610129542730652]}, "error": 100, "address": "?, 210"}},
{"type": "Feature", "geometry": {"type": "Polygon", "coordinates": [[[-51.115145, -29.688181], [-51.115119, -29.688182], [-51.115117, -29.688145], [-51.115019, -29.68815], [-51.115021, -29.688185], [-51.115089, -29.688182], [-51.115092, -29.688231], [-51.115092, -29.688235], [-51.115149, -29.688232], [-51.115145, -29.688181]]]}, "properties": {"info": {"building": "yes"}, "address": "?, ?"}},
{"type": "Feature", "geometry": {"type": "Polygon", "coordinates": [[[-51.115207, -29.688014], [-51.11514, -29.688017], [-51.115148, -29.688146], [-51.115212, -29.688141], [-51.115207, -29.688014]]]}, "properties": {"info": {"building": "yes"}, "address": "?, 448"}},
{"type": "Feature", "geometry": {"type": "Polygon", "coordinates": [[[-51.115176, -29.687962], [-51.115222, -29.68796], [-51.115217, -29.687891], [-51.115174, -29.687894], [-51.115176, -29.687962]]]}, "properties": {"info": {"building": "yes"}, "address": "?, 448"}},
{"type": "Feature", "geometry": {"type": "Polygon", "coordinates": [[[-51.115125, -29.687896], [-51.115126, -29.687909], [-51.115107, -29.68791], [-51.115106, -29.687897], [-51.115039, -29.6879], [-51.11504, -29.687914], [-51.115055, -29.687913], [-51.115056, -29.687922], [-51.115048, -29.687923], [-51.115051, -29.687963], [-51.115041, -29.687963], [-51.115044, -29.688009], [-51.115157, -29.688002], [-51.115156, -29.68798], [-51.115177, -29.687979], [-51.115176, -29.687962], [-51.115174, -29.687894], [-51.115125, -29.687896]]]}, "properties": {"info": {"is_agg": true, "building": "yes", "properties_agg": [{"hnum": "448", "building": "yes", "feature_id": 3185}], "geom_cmp_equals": [true], "geom_cmp_intersec": [1]}, "error": 100, "address": "?, 448"}},
{"type": "Feature", "geometry": {"type": "Polygon", "coordinates": [[[-51.112386, -29.686034], [-51.112388, -29.68605], [-51.112367, -29.686052], [-51.112365, -29.686052], [-51.112363, -29.686053], [-51.112361, -29.686053], [-51.112359, -29.686054], [-51.112357, -29.686054], [-51.112349, -29.686058], [-51.112348, -29.686059], [-51.112346, -29.68606], [-51.112342, -29.686064], [-51.11234, -29.686065], [-51.112339, -29.686067], [-51.112336, -29.68607], [-51.112338, -29.686084], [-51.11232, -29.686086], [-51.112321, -29.686093], [-51.112323, -29.686093], [-51.112328, -29.686132], [-51.112326, -29.686132], [-51.112327, -29.686139], [-51.112379, -29.686133], [-51.112377, -29.68612], [-51.112442, -29.686113], [-51.112435, -29.686061], [-51.112446, -29.68606], [-51.112442, -29.686028], [-51.112386, -29.686034]]]}, "properties": {"info": {"building": "yes"}, "address": "?, 415"}},
{"type": "Feature", "geometry": {"type": "Polygon", "coordinates": [[[-51.112894, -29.686569], [-51.112885, -29.686514], [-51.112873, -29.686516], [-51.11287, -29.686491], [-51.112883, -29.68649], [-51.112876, -29.686425], [-51.112753, -29.686437], [-51.11277, -29.686584], [-51.112894, -29.686569]]]}, "properties": {"info": {"is_agg": true, "building": "yes", "properties_agg": [{"building": "yes", "feature_id": 3246}], "geom_cmp_equals": [true], "geom_cmp_intersec": [1]}, "error": 100, "address": "?, ?"}},
{"type": "Feature", "geometry": {"type": "Polygon", "coordinates": [[[-51.11239, -29.686132], [-51.112389, -29.686119], [-51.112442, -29.686113], [-51.11244, -29.686094], [-51.112451, -29.686093], [-51.112442, -29.686028], [-51.112388, -29.686033], [-51.112387, -29.686029], [-51.112362, -29.686032], [-51.112363, -29.686036], [-51.112347, -29.686038], [-51.112346, -29.686033], [-51.112332, -29.686035], [-51.112333, -29.686039], [-51.112316, -29.686041], [-51.11232, -29.686074], [-51.112337, -29.686072], [-51.112339, -29.686084], [-51.112314, -29.686087], [-51.112321, -29.68614], [-51.11239, -29.686132]]]}, "properties": {"info": {"building": "yes"}, "address": "?, 415"}},
{"type": "Feature", "geometry": {"type": "Polygon", "coordinates": [[[-51.115166, -29.687621], [-51.115136, -29.687623], [-51.115135, -29.687605], [-51.115152, -29.687604], [-51.11515, -29.687579], [-51.115034, -29.687586], [-51.115038, -29.687629], [-51.115027, -29.687629], [-51.11503, -29.687668], [-51.11511, -29.687663], [-51.115111, -29.687677], [-51.115171, -29.687673], [-51.115166, -29.687621]]]}, "properties": {"info": {"is_agg": true, "building": "yes", "properties_agg": [{"hnum": "426", "building": "yes", "feature_id": 3202}], "geom_cmp_equals": [false], "geom_cmp_intersec": [0.8636076508437522]}, "error": 100, "address": "?, 426"}},
{"type": "Feature", "geometry": {"type": "Polygon", "coordinates": [[[-51.115141, -29.687496], [-51.115141, -29.687498], [-51.11513, -29.687499], [-51.115127, -29.687471], [-51.115083, -29.687474], [-51.115083, -29.68748], [-51.115021, -29.687484], [-51.115023, -29.687514], [-51.115012, -29.687515], [-51.115016, -29.68756], [-51.115029, -29.687559], [-51.11503, -29.687575], [-51.115076, -29.687572], [-51.115075, -29.687559], [-51.115098, -29.687557], [-51.115099, -29.687571], [-51.115159, -29.687567], [-51.115155, -29.687516], [-51.115157, -29.687516], [-51.115155, -29.687496], [-51.115141, -29.687496]]]}, "properties": {"info": {"building": "yes"}, "address": "?, ?"}},
{"type": "Feature", "geometry": {"type": "Polygon", "coordinates": [[[-51.115035, -29.687483], [-51.115038, -29.687522], [-51.115026, -29.687523], [-51.115028, -29.687552], [-51.115041, -29.687551], [-51.115042, -29.687566], [-51.115076, -29.687564], [-51.115075, -29.687559], [-51.1151, -29.687557], [-51.115099, -29.687552], [-51.115158, -29.687549], [-51.115155, -29.687515], [-51.115131, -29.687516], [-51.115129, -29.687486], [-51.115086, -29.687489], [-51.115085, -29.68748], [-51.115035, -29.687483]]]}, "properties": {"info": {"building": "yes"}, "address": "?, ?"}},
{"type": "Feature", "geometry": {"type": "Polygon", "coordinates": [[[-51.115035, -29.68743], [-51.115013, -29.687432], [-51.114995, -29.68745], [-51.114996, -29.687469], [-51.115038, -29.687466], [-51.115035, -29.68743]]]}, "properties": {"info": {"building": "yes"}, "address": "?, ?"}},
{"type": "Feature", "geometry": {"type": "Polygon", "coordinates": [[[-51.112417, -29.686495], [-51.112416, -29.686488], [-51.112436, -29.686486], [-51.112439, -29.686504], [-51.112497, -29.686497], [-51.112489, -29.686446], [-51.112484, -29.686447], [-51.112476, -29.686395], [-51.112395, -29.686404], [-51.112394, -29.686402], [-51.112384, -29.686403], [-51.112384, -29.686406], [-51.112362, -29.686408], [-51.112364, -29.686421], [-51.112348, -29.686423], [-51.112353, -29.686452], [-51.112368, -29.68645], [-51.11237, -29.686462], [-51.112375, -29.686462], [-51.112381, -29.686499], [-51.112417, -29.686495]]]}, "properties": {"info": {"building": "yes"}, "address": "?, 447"}},
{"type": "Feature", "geometry": {"type": "Polygon", "coordinates": [[[-51.112489, -29.686446], [-51.112484, -29.686447], [-51.112477, -29.686401], [-51.112391, -29.686411], [-51.112398, -29.686459], [-51.112409, -29.686458], [-51.112414, -29.686489], [-51.112436, -29.686486], [-51.112439, -29.686504], [-51.112497, -29.686497], [-51.112489, -29.686446]]]}, "properties": {"info": {"building": "yes"}, "address": "?, 447"}},
{"type": "Feature", "geometry": {"type": "Polygon", "coordinates": [[[-51.115223, -29.687447], [-51.115215, -29.687448], [-51.115213, -29.687414], [-51.115198, -29.687414], [-51.115197, -29.687395], [-51.115128, -29.687398], [-51.115132, -29.687462], [-51.115224, -29.687457], [-51.115223, -29.687447]]]}, "properties": {"info": {"building": "yes"}, "address": "?, 420"}},
{"type": "Feature", "geometry": {"type": "Polygon", "coordinates": [[[-51.115106, -29.6874], [-51.115197, -29.687395], [-51.115188, -29.687272], [-51.115167, -29.687273], [-51.115164, -29.687234], [-51.115094, -29.687238], [-51.115106, -29.6874]]]}, "properties": {"info": {"building": "yes"}, "address": "?, 420"}},
{"type": "Feature", "geometry": {"type": "Polygon", "coordinates": [[[-51.11519, -29.687304], [-51.115141, -29.687307], [-51.11514, -29.687293], [-51.115098, -29.687295], [-51.115102, -29.687349], [-51.115199, -29.687343], [-51.115197, -29.687318], [-51.115191, -29.687319], [-51.11519, -29.687304]]]}, "properties": {"info": {"building": "yes"}, "address": "?, ?"}},
{"type": "Feature", "geometry": {"type": "Polygon", "coordinates": [[[-51.114632, -29.687488], [-51.11463, -29.68744], [-51.114556, -29.687443], [-51.114557, -29.68747], [-51.114546, -29.68747], [-51.114546, -29.687475], [-51.114537, -29.687475], [-51.114538, -29.687492], [-51.114632, -29.687488]]]}, "properties": {"info": {"building": "yes"}, "address": "?, 325"}},
{"type": "Feature", "geometry": {"type": "Polygon", "coordinates": [[[-51.114824, -29.687279], [-51.114771, -29.687285], [-51.114769, -29.687273], [-51.11468, -29.687282], [-51.114687, -29.687333], [-51.114643, -29.687337], [-51.114648, -29.687371], [-51.114691, -29.687367], [-51.114693, -29.687381], [-51.114749, -29.687375], [-51.114747, -29.687364], [-51.114809, -29.687357], [-51.114807, -29.68734], [-51.114831, -29.687338], [-51.114824, -29.687279]]]}, "properties": {"info": {"building": "yes"}, "address": "?, 325"}},
{"type": "Feature", "geometry": {"type": "Polygon", "coordinates": [[[-51.114687, -29.687333], [-51.114643, -29.687337], [-51.114648, -29.687371], [-51.114691, -29.687367], [-51.114693, -29.687381], [-51.114749, -29.687375], [-51.114747, -29.687364], [-51.11478, -29.68736], [-51.114776, -29.687324], [-51.114742, -29.687328], [-51.11474, -29.687308], [-51.114745, -29.687308], [-51.114741, -29.687276], [-51.11468, -29.687282], [-51.114687, -29.687333]]]}, "properties": {"info": {"building": "yes"}, "address": "?, 325"}},
{"type": "Feature", "geometry": {"type": "Polygon", "coordinates": [[[-51.11465, -29.687391], [-51.114696, -29.687386], [-51.114695, -29.68738], [-51.114693, -29.687381], [-51.114691, -29.687367], [-51.114648, -29.687371], [-51.11465, -29.687391]]]}, "properties": {"info": {"building": "yes"}, "address": "?, 325"}},
{"type": "Feature", "geometry": {"type": "Polygon", "coordinates": [[[-51.114807, -29.68734], [-51.114809, -29.687357], [-51.11478, -29.68736], [-51.114747, -29.687364], [-51.114749, -29.687375], [-51.114835, -29.687367], [-51.114831, -29.687338], [-51.114807, -29.68734]]]}, "properties": {"info": {"building": "yes"}, "address": "?, 325"}},
{"type": "Feature", "geometry": {"type": "Polygon", "coordinates": [[[-51.112491, -29.686998], [-51.112439, -29.687004], [-51.112456, -29.687133], [-51.112508, -29.687128], [-51.112491, -29.686998]]]}, "properties": {"info": {"building": "yes"}, "address": "?, ?"}},
{"type": "Feature", "geometry": {"type": "Polygon", "coordinates": [[[-51.114954, -29.687328], [-51.115016, -29.687325], [-51.115013, -29.687265], [-51.114951, -29.687268], [-51.114954, -29.687328]]]}, "properties": {"info": {"building": "yes"}, "address": "?, ?"}},
{"type": "Feature", "geometry": {"type": "Polygon", "coordinates": [[[-51.114876, -29.687287], [-51.114843, -29.687288], [-51.114845, -29.687331], [-51.114878, -29.687329], [-51.114876, -29.687287]]]}, "properties": {"info": {"building": "yes"}, "address": "?, ?"}},
{"type": "Feature", "geometry": {"type": "Polygon", "coordinates": [[[-51.114909, -29.687474], [-51.114907, -29.687437], [-51.114851, -29.687439], [-51.114853, -29.687476], [-51.114909, -29.687474]]]}, "properties": {"info": {"building": "yes"}, "address": "?, 305"}},
{"type": "Feature", "geometry": {"type": "Polygon", "coordinates": [[[-51.11254, -29.687066], [-51.11253, -29.686994], [-51.112439, -29.687004], [-51.11245, -29.687085], [-51.11242, -29.687088], [-51.112426, -29.687136], [-51.112548, -29.687124], [-51.112546, -29.687111], [-51.11256, -29.687109], [-51.112554, -29.687065], [-51.11254, -29.687066]]]}, "properties": {"info": {"building": "yes"}, "address": "?, ?"}},
{"type": "Feature", "geometry": {"type": "Polygon", "coordinates": [[[-51.114908, -29.687437], [-51.114906, -29.687402], [-51.114883, -29.687383], [-51.114848, -29.687385], [-51.114851, -29.687439], [-51.114908, -29.687437]]]}, "properties": {"info": {"building": "yes"}, "address": "?, 305"}},
{"type": "Feature", "geometry": {"type": "Polygon", "coordinates": [[[-51.114733, -29.687516], [-51.114684, -29.687518], [-51.114684, -29.687514], [-51.114653, -29.687515], [-51.114653, -29.68752], [-51.114613, -29.687522], [-51.114611, -29.68749], [-51.114555, -29.687493], [-51.114558, -29.68754], [-51.114545, -29.68754], [-51.114546, -29.687551], [-51.114533, -29.687552], [-51.114535, -29.687573], [-51.114547, -29.687573], [-51.114548, -29.687584], [-51.114561, -29.687583], [-51.114561, -29.687587], [-51.114581, -29.687586], [-51.11458, -29.687582], [-51.114591, -29.687581], [-51.114592, -29.687598], [-51.11467, -29.687594], [-51.114669, -29.687581], [-51.114736, -29.687577], [-51.114733, -29.687516]]]}, "properties": {"info": {"building": "yes"}, "address": "?, 335"}},
{"type": "Feature", "geometry": {"type": "Polygon", "coordinates": [[[-51.112564, -29.686608], [-51.112554, -29.686544], [-51.11248, -29.686553], [-51.112489, -29.68661], [-51.112495, -29.68661], [-51.112496, -29.686617], [-51.112564, -29.686608]]]}, "properties": {"info": {"building": "yes"}, "address": "?, ?"}},
{"type": "Feature", "geometry": {"type": "Polygon", "coordinates": [[[-51.112537, -29.686441], [-51.112526, -29.686366], [-51.112445, -29.686376], [-51.112449, -29.686404], [-51.112477, -29.686401], [-51.112484, -29.686447], [-51.112537, -29.686441]]]}, "properties": {"info": {"building": "yes"}, "address": "?, ?"}},
{"type": "Feature", "geometry": {"type": "Polygon", "coordinates": [[[-51.112832, -29.686736], [-51.112841, -29.686797], [-51.112798, -29.686801], [-51.112802, -29.68683], [-51.112769, -29.686833], [-51.112768, -29.686821], [-51.112716, -29.686826], [-51.112726, -29.686899], [-51.112712, -29.6869], [-51.112719, -29.686958], [-51.112786, -29.686951], [-51.112782, -29.686926], [-51.112839, -29.68692], [-51.112838, -29.686913], [-51.112898, -29.686907], [-51.112895, -29.686879], [-51.112935, -29.686874], [-51.112916, -29.686727], [-51.112832, -29.686736]]]}, "properties": {"info": {"building": "yes"}, "address": "?, ?"}},
{"type": "Feature", "geometry": {"type": "Polygon", "coordinates": [[[-51.111109, -29.690441], [-51.111075, -29.690421], [-51.111058, -29.690442], [-51.111092, -29.690463], [-51.111109, -29.690441]]]}, "properties": {"info": {"building": "yes"}, "address": "?, ?"}},
{"type": "Feature", "geometry": {"type": "Polygon", "coordinates": [[[-51.113159, -29.686425], [-51.113172, -29.686515], [-51.113311, -29.686504], [-51.1133, -29.686412], [-51.113159, -29.686425]]]}, "properties": {"info": {"building": "yes"}, "address": "?, 44"}},
{"type": "Feature", "geometry": {"type": "Polygon", "coordinates": [[[-51.113225, -29.685972], [-51.113119, -29.685983], [-51.113124, -29.686005], [-51.113113, -29.686005], [-51.113127, -29.686087], [-51.113239, -29.686078], [-51.113239, -29.686077], [-51.113225, -29.685972]]]}, "properties": {"info": {"building": "yes"}, "address": "?, 82"}},
{"type": "Feature", "geometry": {"type": "Polygon", "coordinates": [[[-51.113244, -29.686282], [-51.113239, -29.686237], [-51.113259, -29.686235], [-51.113255, -29.686199], [-51.113112, -29.686212], [-51.113122, -29.686293], [-51.113244, -29.686282]]]}, "properties": {"info": {"building": "yes"}, "address": "?, 66"}},
{"type": "Feature", "geometry": {"type": "Polygon", "coordinates": [[[-51.113114, -29.686142], [-51.113106, -29.686088], [-51.113049, -29.686093], [-51.113057, -29.686147], [-51.113114, -29.686142]]]}, "properties": {"info": {"building": "yes"}, "address": "?, 66"}},
{"type": "Feature", "geometry": {"type": "Polygon", "coordinates": [[[-51.113526, -29.685556], [-51.113495, -29.685558], [-51.11349, -29.685522], [-51.113424, -29.685527], [-51.113448, -29.68569], [-51.113518, -29.685685], [-51.113515, -29.685664], [-51.113539, -29.685661], [-51.113526, -29.685556]]]}, "properties": {"info": {"is_agg": true, "building": "yes", "properties_agg": [{"hnum": "1556", "building": "yes", "feature_id": 5404}], "geom_cmp_equals": [true], "geom_cmp_intersec": [1]}, "error": 100, "address": "?, 1556"}},
{"type": "Feature", "geometry": {"type": "Polygon", "coordinates": [[[-51.113586, -29.685591], [-51.113543, -29.685597], [-51.113552, -29.685649], [-51.113593, -29.685643], [-51.113586, -29.685591]]]}, "properties": {"info": {"building": "yes"}, "address": "?, 1556"}},
{"type": "Feature", "geometry": {"type": "Polygon", "coordinates": [[[-51.113587, -29.685937], [-51.113489, -29.685946], [-51.113494, -29.68599], [-51.113482, -29.685991], [-51.11349, -29.686049], [-51.113599, -29.686039], [-51.113587, -29.685937]]]}, "properties": {"info": {"is_agg": true, "building": "yes", "properties_agg": [{"hnum": "622", "building": "yes", "feature_id": 5415}], "geom_cmp_equals": [true], "geom_cmp_intersec": [1]}, "error": 100, "address": "?, 622"}},
{"type": "Feature", "geometry": {"type": "Polygon", "coordinates": [[[-51.113419, -29.686169], [-51.11341, -29.686108], [-51.113355, -29.686114], [-51.113364, -29.686175], [-51.113419, -29.686169]]]}, "properties": {"info": {"building": "yes"}, "address": "?, 626"}},
{"type": "Feature", "geometry": {"type": "Polygon", "coordinates": [[[-51.113366, -29.685553], [-51.113277, -29.685561], [-51.113283, -29.685603], [-51.113372, -29.685594], [-51.113366, -29.685553]]]}, "properties": {"info": {"building": "yes"}, "address": "?, 1617"}},
{"type": "Feature", "geometry": {"type": "Polygon", "coordinates": [[[-51.113383, -29.685593], [-51.113401, -29.685715], [-51.113415, -29.685714], [-51.113396, -29.685592], [-51.113383, -29.685593]]]}, "properties": {"info": {"building": "yes"}, "address": "?, 1617"}},
{"type": "Feature", "geometry": {"type": "Polygon", "coordinates": [[[-51.113292, -29.685669], [-51.11331, -29.685668], [-51.113314, -29.685691], [-51.113296, -29.685693], [-51.113299, -29.685714], [-51.113314, -29.685713], [-51.113316, -29.685725], [-51.113401, -29.685715], [-51.113383, -29.685593], [-51.113372, -29.685594], [-51.113283, -29.685603], [-51.113292, -29.685669]]]}, "properties": {"info": {"is_agg": true, "building": "yes", "properties_agg": [{"hnum": "1617", "building": "yes", "feature_id": 5413}], "geom_cmp_equals": [true], "geom_cmp_intersec": [1]}, "error": 100, "address": "?, 1617"}},
{"type": "Feature", "geometry": {"type": "Polygon", "coordinates": [[[-51.113461, -29.686483], [-51.113467, -29.686515], [-51.113491, -29.686514], [-51.113492, -29.686509], [-51.113515, -29.686505], [-51.113506, -29.686478], [-51.113461, -29.686483]]]}, "properties": {"info": {"building": "yes"}, "address": "?, ?"}},
{"type": "Feature", "geometry": {"type": "Polygon", "coordinates": [[[-51.113441, -29.686348], [-51.113461, -29.686483], [-51.11352, -29.686477], [-51.113504, -29.686374], [-51.113541, -29.686369], [-51.113538, -29.686341], [-51.113441, -29.686348]]]}, "properties": {"info": {"is_agg": true, "building": "yes", "properties_agg": [{"building": "yes", "feature_id": 5472}], "geom_cmp_equals": [true], "geom_cmp_intersec": [1]}, "error": 100, "address": "?, ?"}},
{"type": "Feature", "geometry": {"type": "Polygon", "coordinates": [[[-51.114088, -29.689664], [-51.114002, -29.689616], [-51.113961, -29.689672], [-51.114047, -29.68972], [-51.114088, -29.689664]]]}, "properties": {"info": {"building": "yes"}, "address": "?, 341"}},
{"type": "Feature", "geometry": {"type": "Polygon", "coordinates": [[[-51.113273, -29.685674], [-51.113264, -29.685599], [-51.113205, -29.685605], [-51.113202, -29.685583], [-51.113134, -29.685589], [-51.113139, -29.685631], [-51.113143, -29.685669], [-51.113145, -29.685686], [-51.113273, -29.685674]]]}, "properties": {"info": {"is_agg": true, "building": "yes", "properties_agg": [{"building": "yes", "feature_id": 5459}], "geom_cmp_equals": [false], "geom_cmp_intersec": [0.84281134203684]}, "error": 100, "address": "?, ?"}},
{"type": "Feature", "geometry": {"type": "Polygon", "coordinates": [[[-51.113283, -29.686397], [-51.113276, -29.686319], [-51.113262, -29.68632], [-51.113259, -29.686291], [-51.113148, -29.6863], [-51.11315, -29.68633], [-51.113137, -29.686331], [-51.113145, -29.68641], [-51.113283, -29.686397]]]}, "properties": {"info": {"is_agg": true, "building": "yes", "properties_agg": [{"hnum": "56", "building": "yes", "feature_id": 5474}, {"hnum": "56", "building": "yes", "feature_id": 5539}], "geom_cmp_equals": [true, true], "geom_cmp_intersec": [1, 1]}, "error": 100, "address": "?, 56"}},
{"type": "Feature", "geometry": {"type": "Polygon", "coordinates": [[[-51.113236, -29.68592], [-51.113234, -29.68591], [-51.113217, -29.685912], [-51.113211, -29.685864], [-51.113093, -29.685876], [-51.113082, -29.685877], [-51.11309, -29.685932], [-51.113236, -29.68592]]]}, "properties": {"info": {"building": "yes"}, "address": "?, 88"}},
{"type": "Feature", "geometry": {"type": "Polygon", "coordinates": [[[-51.113097, -29.685984], [-51.11316, -29.685977], [-51.113159, -29.68597], [-51.113241, -29.685963], [-51.113236, -29.68592], [-51.11309, -29.685932], [-51.113097, -29.685984]]]}, "properties": {"info": {"is_agg": true, "building": "yes", "properties_agg": [{"hnum": "88", "building": "yes", "feature_id": 5477}], "geom_cmp_equals": [true], "geom_cmp_intersec": [1]}, "error": 100, "address": "?, 88"}},
{"type": "Feature", "geometry": {"type": "Polygon", "coordinates": [[[-51.113072, -29.685792], [-51.113051, -29.685794], [-51.113053, -29.685807], [-51.113045, -29.685808], [-51.113048, -29.685829], [-51.113084, -29.685826], [-51.113089, -29.685873], [-51.113156, -29.685867], [-51.113154, -29.685853], [-51.113197, -29.685849], [-51.113185, -29.685755], [-51.11314, -29.685759], [-51.113143, -29.685778], [-51.113117, -29.685781], [-51.113115, -29.685762], [-51.113068, -29.685766], [-51.113072, -29.685792]]]}, "properties": {"info": {"is_agg": true, "building": "yes", "properties_agg": [{"hnum": "106", "building": "yes", "feature_id": 5479}], "geom_cmp_equals": [false], "geom_cmp_intersec": [0.8906214342776287]}, "error": 100, "address": "?, 106"}},
{"type": "Feature", "geometry": {"type": "Polygon", "coordinates": [[[-51.113118, -29.685685], [-51.113116, -29.685668], [-51.113114, -29.68565], [-51.113016, -29.685659], [-51.113017, -29.685663], [-51.11302, -29.685686], [-51.113035, -29.685685], [-51.113043, -29.68575], [-51.113068, -29.685748], [-51.113103, -29.685745], [-51.113125, -29.685743], [-51.113118, -29.685685]]]}, "properties": {"info": {"is_agg": true, "building": "yes", "properties_agg": [{"building": "yes", "feature_id": 5536}], "geom_cmp_equals": [false], "geom_cmp_intersec": [0.8523973988140499]}, "error": 100, "address": "?, ?"}},
{"type": "Feature", "geometry": {"type": "Polygon", "coordinates": [[[-51.113944, -29.689695], [-51.114028, -29.689746], [-51.114047, -29.68972], [-51.113961, -29.689672], [-51.113944, -29.689695]]]}, "properties": {"info": {"building": "yes"}, "address": "?, 341"}},
{"type": "Feature", "geometry": {"type": "Polygon", "coordinates": [[[-51.113711, -29.689629], [-51.11366, -29.689633], [-51.113722, -29.689727], [-51.113832, -29.689592], [-51.113708, -29.689602], [-51.113711, -29.689629]]]}, "properties": {"info": {"building": "yes"}, "address": "?, 20"}},
{"type": "Feature", "geometry": {"type": "Polygon", "coordinates": [[[-51.113622, -29.686042], [-51.113434, -29.686058], [-51.113438, -29.686084], [-51.113459, -29.686083], [-51.113464, -29.686123], [-51.11345, -29.686126], [-51.113455, -29.686163], [-51.113539, -29.686156], [-51.113535, -29.686129], [-51.11356, -29.686127], [-51.113562, -29.686156], [-51.113634, -29.686149], [-51.113622, -29.686042]]]}, "properties": {"info": {"building": "yes"}, "address": "?, 626"}},
{"type": "Feature", "geometry": {"type": "Polygon", "coordinates": [[[-51.113635, -29.686149], [-51.113556, -29.686156], [-51.113558, -29.686168], [-51.11347, -29.686176], [-51.113476, -29.686232], [-51.113436, -29.686236], [-51.113441, -29.686276], [-51.113527, -29.686269], [-51.113524, -29.686243], [-51.113568, -29.686239], [-51.113571, -29.686265], [-51.113648, -29.686259], [-51.113647, -29.686255], [-51.113635, -29.686149]]]}, "properties": {"info": {"building": "yes"}, "address": "?, 636"}},
{"type": "Feature", "geometry": {"type": "Polygon", "coordinates": [[[-51.113569, -29.68589], [-51.113549, -29.685892], [-51.113543, -29.685849], [-51.113405, -29.685863], [-51.113415, -29.685935], [-51.113508, -29.685926], [-51.11351, -29.685941], [-51.113575, -29.685934], [-51.113569, -29.68589]]]}, "properties": {"info": {"is_agg": true, "building": "yes", "properties_agg": [{"hnum": "614", "building": "yes", "feature_id": 5666}], "geom_cmp_equals": [false], "geom_cmp_intersec": [0.7886714636471148]}, "error": 100, "address": "?, 614"}},
{"type": "Feature", "geometry": {"type": "Polygon", "coordinates": [[[-51.117893, -29.687002], [-51.117939, -29.686997], [-51.117975, -29.686956], [-51.117969, -29.686916], [-51.117882, -29.686926], [-51.117893, -29.687002]]]}, "properties": {"info": {"building": "yes"}, "address": "?, ?"}},
{"type": "Feature", "geometry": {"type": "Polygon", "coordinates": [[[-51.115445, -29.685089], [-51.115423, -29.685092], [-51.11542, -29.685077], [-51.115444, -29.685073], [-51.115432, -29.685011], [-51.115342, -29.685023], [-51.115354, -29.685095], [-51.115345, -29.685095], [-51.115354, -29.685168], [-51.115376, -29.685165], [-51.115377, -29.685172], [-51.115457, -29.685163], [-51.115445, -29.685089]]]}, "properties": {"info": {"building": "yes"}, "address": "?, 1382"}},
{"type": "Feature", "geometry": {"type": "Polygon", "coordinates": [[[-51.115343, -29.685108], [-51.115319, -29.685111], [-51.115317, -29.685093], [-51.115341, -29.685091], [-51.115336, -29.685048], [-51.115314, -29.68505], [-51.115306, -29.684982], [-51.115209, -29.68499], [-51.115217, -29.685052], [-51.115228, -29.685053], [-51.115242, -29.685158], [-51.115263, -29.685157], [-51.115268, -29.685185], [-51.115352, -29.685178], [-51.115343, -29.685108]]]}, "properties": {"info": {"building": "yes"}, "address": "?, 1400"}},
{"type": "Feature", "geometry": {"type": "Polygon", "coordinates": [[[-51.116872, -29.687174], [-51.116865, -29.687132], [-51.116832, -29.687136], [-51.116839, -29.687178], [-51.11681, -29.687182], [-51.116765, -29.687187], [-51.116766, -29.687197], [-51.116811, -29.687191], [-51.116813, -29.6872], [-51.116843, -29.687196], [-51.116841, -29.687188], [-51.116874, -29.687183], [-51.116872, -29.687174]]]}, "properties": {"info": {"building": "yes"}, "address": "?, 129"}},
{"type": "Feature", "geometry": {"type": "Polygon", "coordinates": [[[-51.116639, -29.687103], [-51.116644, -29.687136], [-51.116681, -29.687132], [-51.116691, -29.687194], [-51.116757, -29.687186], [-51.116744, -29.687092], [-51.116639, -29.687103]]]}, "properties": {"info": {"building": "yes"}, "address": "?, 137"}},
{"type": "Feature", "geometry": {"type": "Polygon", "coordinates": [[[-51.116428, -29.687252], [-51.116438, -29.687308], [-51.116543, -29.687294], [-51.116533, -29.687238], [-51.116531, -29.687238], [-51.116428, -29.687252]]]}, "properties": {"info": {"building": "yes"}, "address": "?, 161"}},
{"type": "Feature", "geometry": {"type": "Polygon", "coordinates": [[[-51.116494, -29.687065], [-51.116416, -29.687074], [-51.116433, -29.687178], [-51.116475, -29.687173], [-51.116478, -29.687192], [-51.116514, -29.687188], [-51.116494, -29.687065]]]}, "properties": {"info": {"building": "yes"}, "address": "?, 161"}},
{"type": "Feature", "geometry": {"type": "Polygon", "coordinates": [[[-51.116335, -29.687289], [-51.116404, -29.687282], [-51.116381, -29.687117], [-51.116312, -29.687124], [-51.116335, -29.687289]]]}, "properties": {"info": {"building": "yes"}, "address": "?, 171"}},
{"type": "Feature", "geometry": {"type": "Polygon", "coordinates": [[[-51.116298, -29.687319], [-51.116285, -29.687244], [-51.116214, -29.687253], [-51.116217, -29.687273], [-51.116197, -29.687276], [-51.116206, -29.68733], [-51.116298, -29.687319]]]}, "properties": {"info": {"building": "yes"}, "address": "?, 899"}},
{"type": "Feature", "geometry": {"type": "Polygon", "coordinates": [[[-51.116312, -29.68724], [-51.116304, -29.687197], [-51.116193, -29.687212], [-51.1162, -29.687255], [-51.116312, -29.68724]]]}, "properties": {"info": {"building": "yes"}, "address": "?, 899"}},
{"type": "Feature", "geometry": {"type": "Polygon", "coordinates": [[[-51.116224, -29.687137], [-51.116174, -29.687139], [-51.116179, -29.687204], [-51.116227, -29.687203], [-51.116224, -29.687137]]]}, "properties": {"info": {"building": "yes"}, "address": "?, 183"}},
{"type": "Feature", "geometry": {"type": "Polygon", "coordinates": [[[-51.116297, -29.687388], [-51.116211, -29.687394], [-51.116226, -29.687591], [-51.116265, -29.687588], [-51.116251, -29.687421], [-51.1163, -29.687418], [-51.116297, -29.687388]]]}, "properties": {"info": {"building": "yes"}, "address": "?, 915"}},
{"type": "Feature", "geometry": {"type": "Polygon", "coordinates": [[[-51.11662, -29.687512], [-51.116626, -29.687512], [-51.116617, -29.687456], [-51.116612, -29.687456], [-51.116608, -29.687432], [-51.116613, -29.687432], [-51.116608, -29.6874], [-51.116501, -29.687413], [-51.116507, -29.687455], [-51.116502, -29.687455], [-51.116504, -29.687468], [-51.116509, -29.687467], [-51.116518, -29.687524], [-51.116571, -29.687518], [-51.116573, -29.687532], [-51.116623, -29.687526], [-51.11662, -29.687512]]]}, "properties": {"info": {"is_agg": true, "building": "yes", "properties_agg": [{"building": "yes", "feature_id": 7936}], "geom_cmp_equals": [false], "geom_cmp_intersec": [0.8156051602032647]}, "error": 100, "address": "?, 31"}},
{"type": "Feature", "geometry": {"type": "Polygon", "coordinates": [[[-51.116729, -29.687396], [-51.116698, -29.6874], [-51.116695, -29.68738], [-51.116691, -29.687351], [-51.116621, -29.687359], [-51.116625, -29.687388], [-51.116637, -29.687465], [-51.116643, -29.687508], [-51.116701, -29.687502], [-51.116704, -29.68752], [-51.116746, -29.687515], [-51.116729, -29.687396]]]}, "properties": {"info": {"building": "yes"}, "address": "?, ?"}},
{"type": "Feature", "geometry": {"type": "Polygon", "coordinates": [[[-51.116696, -29.687387], [-51.116627, -29.687395], [-51.116638, -29.687473], [-51.116648, -29.687472], [-51.116653, -29.687507], [-51.116703, -29.687502], [-51.116693, -29.687428], [-51.116702, -29.687427], [-51.116696, -29.687387]]]}, "properties": {"info": {"building": "yes"}, "address": "?, ?"}},
{"type": "Feature", "geometry": {"type": "Polygon", "coordinates": [[[-51.117246, -29.687365], [-51.117253, -29.687419], [-51.117322, -29.687412], [-51.117316, -29.687357], [-51.117246, -29.687365]]]}, "properties": {"info": {"building": "yes"}, "address": "?, 908"}},
{"type": "Feature", "geometry": {"type": "Polygon", "coordinates": [[[-51.117246, -29.687365], [-51.117172, -29.687373], [-51.117179, -29.687426], [-51.117253, -29.687419], [-51.117246, -29.687365]]]}, "properties": {"info": {"building": "yes"}, "address": "?, 908"}},
{"type": "Feature", "geometry": {"type": "Polygon", "coordinates": [[[-51.117002, -29.687236], [-51.117009, -29.687289], [-51.117087, -29.687282], [-51.117081, -29.687228], [-51.117002, -29.687236]]]}, "properties": {"info": {"building": "yes"}, "address": "?, 908"}},
{"type": "Feature", "geometry": {"type": "Polygon", "coordinates": [[[-51.117199, -29.687305], [-51.11719, -29.687217], [-51.117081, -29.687228], [-51.117087, -29.687282], [-51.117097, -29.687359], [-51.117204, -29.687348], [-51.117199, -29.687305]]]}, "properties": {"info": {"building": "yes"}, "address": "?, 908"}},
{"type": "Feature", "geometry": {"type": "Polygon", "coordinates": [[[-51.117322, -29.687293], [-51.11731, -29.687205], [-51.11719, -29.687217], [-51.117199, -29.687305], [-51.117322, -29.687293]]]}, "properties": {"info": {"building": "yes"}, "address": "?, 908"}},
{"type": "Feature", "geometry": {"type": "Polygon", "coordinates": [[[-51.11912, -29.689982], [-51.119118, -29.689982], [-51.119121, -29.690009], [-51.119136, -29.690008], [-51.119137, -29.690016], [-51.119182, -29.690012], [-51.119196, -29.690022], [-51.119236, -29.690019], [-51.119247, -29.690007], [-51.119273, -29.690004], [-51.119267, -29.689957], [-51.119246, -29.689959], [-51.119242, -29.689916], [-51.119133, -29.689926], [-51.119116, -29.689945], [-51.11912, -29.689982]]]}, "properties": {"info": {"is_agg": true, "building": "yes", "properties_agg": [{"hnum": "209", "building": "yes", "feature_id": 8059}], "geom_cmp_equals": [false], "geom_cmp_intersec": [0.8466103404034226]}, "error": 100, "address": "?, 209"}},
{"type": "Feature", "geometry": {"type": "Polygon", "coordinates": [[[-51.119235, -29.690106], [-51.119179, -29.690073], [-51.119163, -29.690094], [-51.119214, -29.690124], [-51.119235, -29.690106]]]}, "properties": {"info": {"building": "yes"}, "address": "?, 209"}},
{"type": "Feature", "geometry": {"type": "Polygon", "coordinates": [[[-51.119119, -29.689806], [-51.119125, -29.689855], [-51.119199, -29.689848], [-51.119193, -29.689799], [-51.119119, -29.689806]]]}, "properties": {"info": {"building": "yes"}, "address": "?, 201"}},
{"type": "Feature", "geometry": {"type": "Polygon", "coordinates": [[[-51.119129, -29.68986], [-51.119136, -29.689917], [-51.119245, -29.689907], [-51.119238, -29.689849], [-51.119129, -29.68986]]]}, "properties": {"info": {"building": "yes"}, "address": "?, 205"}},
{"type": "Feature", "geometry": {"type": "Polygon", "coordinates": [[[-51.119241, -29.689769], [-51.119248, -29.689823], [-51.119283, -29.689819], [-51.119276, -29.689766], [-51.119241, -29.689769]]]}, "properties": {"info": {"building": "yes"}, "address": "?, 201"}},
{"type": "Feature", "geometry": {"type": "Polygon", "coordinates": [[[-51.119268, -29.689838], [-51.119274, -29.689886], [-51.119346, -29.689879], [-51.11934, -29.689831], [-51.119268, -29.689838]]]}, "properties": {"info": {"building": "yes"}, "address": "?, 199"}},
{"type": "Feature", "geometry": {"type": "Polygon", "coordinates": [[[-51.116462, -29.689825], [-51.116464, -29.689822], [-51.116476, -29.689828], [-51.116473, -29.689832], [-51.116503, -29.68985], [-51.11657, -29.689765], [-51.116495, -29.689721], [-51.116468, -29.689756], [-51.116459, -29.689751], [-51.116456, -29.689755], [-51.116452, -29.689753], [-51.116416, -29.689798], [-51.116462, -29.689825]]]}, "properties": {"info": {"is_agg": true, "building": "yes", "properties_agg": [{"hnum": "140", "building": "yes", "feature_id": 32378}], "geom_cmp_equals": [false], "geom_cmp_intersec": [0.8276724640103711]}, "error": 100, "address": "?, 140"}},
{"type": "Feature", "geometry": {"type": "Polygon", "coordinates": [[[-51.11657, -29.689765], [-51.116599, -29.689728], [-51.116557, -29.689703], [-51.116563, -29.689695], [-51.116517, -29.689669], [-51.116481, -29.689715], [-51.116494, -29.689722], [-51.116495, -29.689721], [-51.11657, -29.689765]]]}, "properties": {"info": {"is_agg": true, "building": "yes", "properties_agg": [{"hnum": "140", "building": "yes", "feature_id": 8586}], "geom_cmp_equals": [false], "geom_cmp_intersec": [0.39313158978491136]}, "error": 100, "address": "?, 140"}},
{"type": "Feature", "geometry": {"type": "Polygon", "coordinates": [[[-51.116639, -29.689833], [-51.116654, -29.689842], [-51.116685, -29.689803], [-51.116671, -29.689794], [-51.116702, -29.689756], [-51.116636, -29.689715], [-51.116575, -29.689791], [-51.116568, -29.689787], [-51.116551, -29.689808], [-51.116558, -29.689812], [-51.116538, -29.689837], [-51.116564, -29.689853], [-51.116558, -29.68986], [-51.116598, -29.689885], [-51.116639, -29.689833]]]}, "properties": {"info": {"building": "yes"}, "address": "?, 130"}},
{"type": "Feature", "geometry": {"type": "Polygon", "coordinates": [[[-51.116612, -29.689894], [-51.116654, -29.68992], [-51.116684, -29.689883], [-51.116642, -29.689857], [-51.116612, -29.689894]]]}, "properties": {"info": {"building": "yes"}, "address": "?, 108"}},
{"type": "Feature", "geometry": {"type": "Polygon", "coordinates": [[[-51.116747, -29.689924], [-51.116716, -29.689961], [-51.116741, -29.689977], [-51.116772, -29.68994], [-51.116747, -29.689924]]]}, "properties": {"info": {"building": "yes"}, "address": "?, 108"}},
{"type": "Feature", "geometry": {"type": "Polygon", "coordinates": [[[-51.116804, -29.689977], [-51.116813, -29.689966], [-51.116772, -29.68994], [-51.116723, -29.689998], [-51.116806, -29.690051], [-51.1168, -29.690059], [-51.116848, -29.690089], [-51.116893, -29.690034], [-51.116804, -29.689977]]]}, "properties": {"info": {"building": "yes"}, "address": "?, 108"}},
{"type": "Feature", "geometry": {"type": "Polygon", "coordinates": [[[-51.116709, -29.689858], [-51.116695, -29.68985], [-51.116676, -29.689876], [-51.116689, -29.689884], [-51.116766, -29.689929], [-51.116784, -29.689907], [-51.116803, -29.689919], [-51.116816, -29.689903], [-51.116796, -29.689891], [-51.116829, -29.689849], [-51.116752, -29.689804], [-51.116709, -29.689858]]]}, "properties": {"info": {"building": "yes"}, "address": "?, 391"}},
{"type": "Feature", "geometry": {"type": "Polygon", "coordinates": [[[-51.116812, -29.689472], [-51.116897, -29.689523], [-51.116927, -29.689486], [-51.116883, -29.68946], [-51.116907, -29.68943], [-51.116865, -29.689405], [-51.116812, -29.689472]]]}, "properties": {"info": {"building": "yes"}, "address": "?, 15"}},
{"type": "Feature", "geometry": {"type": "Polygon", "coordinates": [[[-51.116932, -29.689671], [-51.11691, -29.689699], [-51.116916, -29.689702], [-51.116889, -29.689737], [-51.11699, -29.689797], [-51.117038, -29.689735], [-51.116932, -29.689671]]]}, "properties": {"info": {"building": "yes"}, "address": "?, 411"}},
{"type": "Feature", "geometry": {"type": "Polygon", "coordinates": [[[-51.116403, -29.689467], [-51.116368, -29.689511], [-51.116459, -29.689566], [-51.116493, -29.689523], [-51.116403, -29.689467]]]}, "properties": {"info": {"is_agg": true, "building": "yes", "properties_agg": [{"hnum": "160", "building": "yes", "feature_id": 8595}], "geom_cmp_equals": [true], "geom_cmp_intersec": [1]}, "error": 100, "address": "?, 160"}},
{"type": "Feature", "geometry": {"type": "Polygon", "coordinates": [[[-51.116827, -29.689532], [-51.116852, -29.689501], [-51.11681, -29.689475], [-51.116785, -29.689507], [-51.116819, -29.689527], [-51.116827, -29.689532]]]}, "properties": {"info": {"building": "yes"}, "address": "?, 425"}},
{"type": "Feature", "geometry": {"type": "Polygon", "coordinates": [[[-51.116966, -29.689692], [-51.116911, -29.689762], [-51.116942, -29.68978], [-51.116948, -29.689772], [-51.11699, -29.689797], [-51.117038, -29.689735], [-51.116966, -29.689692]]]}, "properties": {"info": {"building": "yes"}, "address": "?, 411"}},
{"type": "Feature", "geometry": {"type": "Polygon", "coordinates": [[[-51.116817, -29.689602], [-51.116791, -29.689636], [-51.116841, -29.689666], [-51.116867, -29.689633], [-51.116817, -29.689602]]]}, "properties": {"info": {"building": "yes"}, "address": "?, 411"}},
{"type": "Feature", "geometry": {"type": "Polygon", "coordinates": [[[-51.116007, -29.688681], [-51.116057, -29.688619], [-51.116007, -29.688588], [-51.11602, -29.688572], [-51.115962, -29.688536], [-51.115909, -29.688602], [-51.115935, -29.688617], [-51.115924, -29.68863], [-51.116007, -29.688681]]]}, "properties": {"info": {"building": "yes"}, "address": "?, 134"}},
{"type": "Feature", "geometry": {"type": "Polygon", "coordinates": [[[-51.116219, -29.68866], [-51.11613, -29.688605], [-51.116153, -29.688581], [-51.116116, -29.688573], [-51.116078, -29.688615], [-51.116089, -29.688621], [-51.116028, -29.688697], [-51.116086, -29.688733], [-51.116106, -29.688708], [-51.116152, -29.688737], [-51.116154, -29.688738], [-51.116219, -29.68866]]]}, "properties": {"info": {"building": "yes"}, "address": "?, 122"}},
{"type": "Feature", "geometry": {"type": "Polygon", "coordinates": [[[-51.116719, -29.688704], [-51.116618, -29.688681], [-51.116586, -29.688722], [-51.116627, -29.688749], [-51.116607, -29.688774], [-51.116644, -29.688799], [-51.116719, -29.688704]]]}, "properties": {"info": {"building": "yes"}, "address": "?, 86"}},
{"type": "Feature", "geometry": {"type": "Polygon", "coordinates": [[[-51.117152, -29.689186], [-51.117134, -29.689185], [-51.117127, -29.689252], [-51.117145, -29.689254], [-51.117152, -29.689186]]]}, "properties": {"info": {"building": "yes"}, "address": "?, 455"}},
{"type": "Feature", "geometry": {"type": "Polygon", "coordinates": [[[-51.116279, -29.688457], [-51.116316, -29.688459], [-51.116316, -29.688474], [-51.116341, -29.688476], [-51.116343, -29.688446], [-51.116281, -29.688443], [-51.116279, -29.688457]]]}, "properties": {"info": {"is_agg": true, "building": "yes", "properties_agg": [{"hnum": "89", "building": "yes", "feature_id": 8608}, {"hnum": "89", "building": "yes", "feature_id": 8629}], "geom_cmp_equals": [false, false], "geom_cmp_intersec": [0.29899862185025894, 0.29899862185025894]}, "error": 100, "address": "?, 89"}},
{"type": "Feature", "geometry": {"type": "Polygon", "coordinates": [[[-51.116358, -29.688523], [-51.116323, -29.688521], [-51.116322, -29.688535], [-51.116364, -29.688536], [-51.116366, -29.6885], [-51.116398, -29.688501], [-51.116403, -29.688461], [-51.116363, -29.68846], [-51.116358, -29.688523]]]}, "properties": {"info": {"building": "yes"}, "address": "?, 89"}},
{"type": "Feature", "geometry": {"type": "Polygon", "coordinates": [[[-51.116591, -29.689024], [-51.116623, -29.689044], [-51.116624, -29.689043], [-51.116642, -29.689021], [-51.116664, -29.689037], [-51.116688, -29.689004], [-51.11671, -29.689017], [-51.116743, -29.688974], [-51.116704, -29.688949], [-51.116668, -29.688929], [-51.116591, -29.689024]]]}, "properties": {"info": {"building": "yes"}, "address": "?, 64"}},
{"type": "Feature", "geometry": {"type": "Polygon", "coordinates": [[[-51.116668, -29.688929], [-51.116704, -29.688949], [-51.116756, -29.688883], [-51.116723, -29.688861], [-51.116668, -29.688929]]]}, "properties": {"info": {"building": "yes"}, "address": "?, 64"}},
{"type": "Feature", "geometry": {"type": "Polygon", "coordinates": [[[-51.116971, -29.689265], [-51.116995, -29.689267], [-51.116993, -29.689287], [-51.117002, -29.689288], [-51.11701, -29.689227], [-51.117027, -29.689227], [-51.117034, -29.689175], [-51.116983, -29.68917], [-51.116971, -29.689265]]]}, "properties": {"info": {"building": "yes"}, "address": "?, 455"}},
{"type": "Feature", "geometry": {"type": "Polygon", "coordinates": [[[-51.117027, -29.689227], [-51.11701, -29.689227], [-51.117002, -29.689288], [-51.11703, -29.689291], [-51.117041, -29.689293], [-51.11704, -29.689301], [-51.117094, -29.689306], [-51.117104, -29.689233], [-51.117084, -29.689232], [-51.117085, -29.689225], [-51.117091, -29.689181], [-51.117034, -29.689175], [-51.117027, -29.689227]]]}, "properties": {"info": {"is_agg": true, "building": "yes", "properties_agg": [{"hnum": "455", "building": "yes", "feature_id": 8626}], "geom_cmp_equals": [true], "geom_cmp_intersec": [1]}, "error": 100, "address": "?, 455"}},
{"type": "Feature", "geometry": {"type": "Polygon", "coordinates": [[[-51.117125, -29.688602], [-51.117115, -29.688695], [-51.117199, -29.688702], [-51.11721, -29.688608], [-51.117125, -29.688602]]]}, "properties": {"info": {"building": "yes"}, "address": "?, ?"}},
{"type": "Feature", "geometry": {"type": "Polygon", "coordinates": [[[-51.117125, -29.688602], [-51.11721, -29.688608], [-51.117219, -29.688521], [-51.117134, -29.688516], [-51.117125, -29.688602]]]}, "properties": {"info": {"building": "yes"}, "address": "?, ?"}},
{"type": "Feature", "geometry": {"type": "Polygon", "coordinates": [[[-51.11672, -29.688544], [-51.11683, -29.688551], [-51.116832, -29.688531], [-51.116721, -29.688524], [-51.11672, -29.688544]]]}, "properties": {"info": {"building": "yes"}, "address": "?, 103"}},
{"type": "Feature", "geometry": {"type": "Polygon", "coordinates": [[[-51.11674, -29.688474], [-51.11685, -29.688478], [-51.116852, -29.688462], [-51.116741, -29.688459], [-51.11674, -29.688474]]]}, "properties": {"info": {"building": "yes"}, "address": "?, 103"}},
{"type": "Feature", "geometry": {"type": "Polygon", "coordinates": [[[-51.116573, -29.689052], [-51.116604, -29.689072], [-51.116605, -29.689071], [-51.116623, -29.689049], [-51.116646, -29.689065], [-51.116669, -29.689032], [-51.116692, -29.689045], [-51.116725, -29.689002], [-51.116686, -29.688977], [-51.11665, -29.688957], [-51.116573, -29.689052]]]}, "properties": {"info": {"building": "yes"}, "address": "?, 64"}},
{"type": "Feature", "geometry": {"type": "Polygon", "coordinates": [[[-51.116734, -29.688536], [-51.116845, -29.688543], [-51.11685, -29.688478], [-51.11674, -29.688474], [-51.116734, -29.688536]]]}, "properties": {"info": {"is_agg": true, "building": "yes", "properties_agg": [{"hnum": "103", "building": "yes", "feature_id": 32599}], "geom_cmp_equals": [true], "geom_cmp_intersec": [1]}, "error": 100, "address": "?, 103"}},
{"type": "Feature", "geometry": {"type": "Polygon", "coordinates": [[[-51.116438, -29.688915], [-51.116514, -29.688961], [-51.116593, -29.688861], [-51.116514, -29.688814], [-51.116438, -29.688915]]]}, "properties": {"info": {"building": "yes"}, "address": "?, 86"}},
{"type": "Feature", "geometry": {"type": "Polygon", "coordinates": [[[-51.116462, -29.688724], [-51.116545, -29.688775], [-51.116618, -29.688681], [-51.116515, -29.688659], [-51.116462, -29.688724]]]}, "properties": {"info": {"building": "yes"}, "address": "?, 96"}},
{"type": "Feature", "geometry": {"type": "Polygon", "coordinates": [[[-51.116068, -29.688435], [-51.11607, -29.688416], [-51.116043, -29.688414], [-51.116042, -29.688422], [-51.116034, -29.688422], [-51.116032, -29.688441], [-51.116007, -29.68844], [-51.116004, -29.688471], [-51.115989, -29.68847], [-51.115983, -29.688541], [-51.116065, -29.688546], [-51.116066, -29.688534], [-51.116116, -29.688538], [-51.116124, -29.688438], [-51.116068, -29.688435]]]}, "properties": {"info": {"building": "yes"}, "address": "?, 119"}},
{"type": "Feature", "geometry": {"type": "Polygon", "coordinates": [[[-51.116153, -29.688406], [-51.116152, -29.688416], [-51.116139, -29.688416], [-51.116131, -29.688493], [-51.116256, -29.688504], [-51.116261, -29.688455], [-51.116274, -29.688456], [-51.116279, -29.688414], [-51.116153, -29.688406]]]}, "properties": {"info": {"building": "yes"}, "address": "?, 99"}},
{"type": "Feature", "geometry": {"type": "Polygon", "coordinates": [[[-51.116469, -29.688439], [-51.116468, -29.688451], [-51.116428, -29.688448], [-51.116427, -29.68846], [-51.116411, -29.688459], [-51.116407, -29.688523], [-51.116422, -29.688524], [-51.116421, -29.688543], [-51.116461, -29.688545], [-51.11646, -29.688561], [-51.116497, -29.688563], [-51.116499, -29.688527], [-51.11652, -29.688529], [-51.116527, -29.688442], [-51.116469, -29.688439]]]}, "properties": {"info": {"building": "yes"}, "address": "?, 77"}},
{"type": "Feature", "geometry": {"type": "Polygon", "coordinates": [[[-51.116469, -29.688433], [-51.116468, -29.688451], [-51.116428, -29.688448], [-51.116427, -29.68846], [-51.116424, -29.688511], [-51.116464, -29.688514], [-51.116463, -29.688526], [-51.116488, -29.688528], [-51.11649, -29.688508], [-51.116522, -29.68851], [-51.116524, -29.688474], [-51.11651, -29.688474], [-51.116513, -29.688435], [-51.116469, -29.688433]]]}, "properties": {"info": {"building": "yes"}, "address": "?, 77"}},
{"type": "Feature", "geometry": {"type": "Polygon", "coordinates": [[[-51.111631, -29.686131], [-51.111635, -29.68613], [-51.111638, -29.686153], [-51.111647, -29.686153], [-51.111651, -29.686186], [-51.111695, -29.686182], [-51.111697, -29.686195], [-51.111836, -29.686182], [-51.11183, -29.686132], [-51.111718, -29.686143], [-51.111713, -29.686099], [-51.111718, -29.686098], [-51.111714, -29.686067], [-51.111624, -29.686075], [-51.111631, -29.686131]]]}, "properties": {"info": {"is_agg": true, "building": "yes", "properties_agg": [{"hnum": "1333", "building": "yes", "feature_id": 9438}], "geom_cmp_equals": [false], "geom_cmp_intersec": [0.9064150004472384]}, "error": 100, "address": "?, 1333"}},
{"type": "Feature", "geometry": {"type": "Polygon", "coordinates": [[[-51.11168, -29.686448], [-51.111754, -29.686442], [-51.111748, -29.686379], [-51.111673, -29.686385], [-51.11168, -29.686448]]]}, "properties": {"info": {"is_agg": true, "building": "yes", "properties_agg": [{"hnum": "1365", "building": "yes", "feature_id": 9471}], "geom_cmp_equals": [false], "geom_cmp_intersec": [0.6419532475962192]}, "error": 100, "address": "?, ?"}},
{"type": "Feature", "geometry": {"type": "Polygon", "coordinates": [[[-51.111752, -29.686315], [-51.111677, -29.686321], [-51.111683, -29.686384], [-51.111758, -29.686378], [-51.111752, -29.686315]]]}, "properties": {"info": {"building": "yes"}, "address": "?, ?"}},
{"type": "Feature", "geometry": {"type": "Polygon", "coordinates": [[[-51.111674, -29.686385], [-51.111735, -29.68638], [-51.111734, -29.686364], [-51.111754, -29.686363], [-51.111756, -29.686378], [-51.111819, -29.686373], [-51.111813, -29.68631], [-51.111668, -29.686322], [-51.111674, -29.686385]]]}, "properties": {"info": {"is_agg": true, "building": "yes", "properties_agg": [{"hnum": "1361", "building": "yes", "feature_id": 9473}], "geom_cmp_equals": [true], "geom_cmp_intersec": [1]}, "error": 100, "address": "?, 1361"}},
{"type": "Feature", "geometry": {"type": "Polygon", "coordinates": [[[-51.111906, -29.687182], [-51.111899, -29.687119], [-51.111768, -29.687131], [-51.111775, -29.687193], [-51.111906, -29.687182]]]}, "properties": {"info": {"building": "yes"}, "address": "?, 1445"}},
{"type": "Feature", "geometry": {"type": "Polygon", "coordinates": [[[-51.112098, -29.687164], [-51.112208, -29.687154], [-51.112189, -29.687031], [-51.112085, -29.68704], [-51.112098, -29.687164]]]}, "properties": {"info": {"is_agg": true, "building": "yes", "properties_agg": [{"hnum": "500", "building": "yes", "feature_id": 9484}], "geom_cmp_equals": [true], "geom_cmp_intersec": [1]}, "error": 100, "address": "?, 500"}},
{"type": "Feature", "geometry": {"type": "Polygon", "coordinates": [[[-51.111981, -29.687049], [-51.111984, -29.687076], [-51.112034, -29.687071], [-51.11203, -29.687044], [-51.111981, -29.687049]]]}, "properties": {"info": {"building": "yes"}, "address": "?, 500"}},
{"type": "Feature", "geometry": {"type": "Polygon", "coordinates": [[[-51.111982, -29.686562], [-51.112017, -29.686558], [-51.112015, -29.686544], [-51.11198, -29.686547], [-51.111982, -29.686562]]]}, "properties": {"info": {"building": "yes"}, "address": "?, 464"}},
{"type": "Feature", "geometry": {"type": "Polygon", "coordinates": [[[-51.112117, -29.686606], [-51.112133, -29.686604], [-51.112131, -29.686588], [-51.112143, -29.686587], [-51.11214, -29.686561], [-51.112112, -29.686564], [-51.112111, -29.686554], [-51.112094, -29.686556], [-51.112095, -29.68656], [-51.112074, -29.686562], [-51.112074, -29.686558], [-51.112061, -29.686559], [-51.11206, -29.686556], [-51.112045, -29.686557], [-51.112045, -29.686561], [-51.112032, -29.686562], [-51.112027, -29.686567], [-51.112029, -29.68658], [-51.112031, -29.686582], [-51.112008, -29.686584], [-51.112011, -29.68661], [-51.112007, -29.686615], [-51.112009, -29.686635], [-51.112014, -29.686634], [-51.112018, -29.686663], [-51.112123, -29.686653], [-51.112117, -29.686606]]]}, "properties": {"info": {"building": "yes"}, "address": "?, 464"}},
{"type": "Feature", "geometry": {"type": "Polygon", "coordinates": [[[-51.112122, -29.686646], [-51.112127, -29.686641], [-51.112125, -29.686628], [-51.112119, -29.686624], [-51.112115, -29.686588], [-51.112101, -29.686589], [-51.112098, -29.686565], [-51.112075, -29.686567], [-51.112074, -29.686558], [-51.112061, -29.686559], [-51.11206, -29.686556], [-51.112045, -29.686557], [-51.112045, -29.686561], [-51.112032, -29.686562], [-51.112027, -29.686567], [-51.112029, -29.68658], [-51.112035, -29.686584], [-51.112035, -29.686589], [-51.112019, -29.68659], [-51.112015, -29.686595], [-51.112017, -29.686609], [-51.112022, -29.686613], [-51.112038, -29.686611], [-51.11204, -29.686625], [-51.112034, -29.686626], [-51.112039, -29.686661], [-51.112123, -29.686653], [-51.112122, -29.686646]]]}, "properties": {"info": {"building": "yes"}, "address": "?, 464"}},
{"type": "Feature", "geometry": {"type": "Polygon", "coordinates": [[[-51.11212, -29.68649], [-51.112118, -29.68648], [-51.112097, -29.686482], [-51.112095, -29.686481], [-51.112103, -29.686473], [-51.112083, -29.686459], [-51.112076, -29.686467], [-51.112074, -29.686466], [-51.112068, -29.686419], [-51.112012, -29.686425], [-51.112027, -29.686533], [-51.112072, -29.686528], [-51.112072, -29.686531], [-51.112093, -29.686529], [-51.112093, -29.686531], [-51.112104, -29.68653], [-51.112104, -29.686528], [-51.112124, -29.686525], [-51.112123, -29.686517], [-51.11214, -29.686515], [-51.112137, -29.686488], [-51.11212, -29.68649]]]}, "properties": {"info": {"is_agg": true, "building": "yes", "properties_agg": [{"hnum": "456", "building": "yes", "feature_id": 9523}], "geom_cmp_equals": [false], "geom_cmp_intersec": [0.8907990219944735]}, "error": 100, "address": "?, 456"}},
{"type": "Feature", "geometry": {"type": "Polygon", "coordinates": [[[-51.111836, -29.685992], [-51.111873, -29.685988], [-51.111885, -29.685974], [-51.111878, -29.685922], [-51.111828, -29.685927], [-51.111836, -29.685992]]]}, "properties": {"info": {"building": "yes"}, "address": "?, ?"}},
{"type": "Feature", "geometry": {"type": "Polygon", "coordinates": [[[-51.112064, -29.686115], [-51.112066, -29.686114], [-51.112073, -29.686107], [-51.112071, -29.686092], [-51.112063, -29.686087], [-51.11206, -29.686087], [-51.112057, -29.686057], [-51.111979, -29.686064], [-51.111982, -29.686094], [-51.111968, -29.686095], [-51.111973, -29.686138], [-51.111987, -29.686136], [-51.111991, -29.686168], [-51.112069, -29.686161], [-51.112064, -29.686115]]]}, "properties": {"info": {"is_agg": true, "building": "yes", "properties_agg": [{"hnum": "452", "building": "yes", "feature_id": 9564}], "geom_cmp_equals": [false], "geom_cmp_intersec": [0.8322897769439865]}, "error": 100, "address": "?, 452"}},
{"type": "Feature", "geometry": {"type": "Polygon", "coordinates": [[[-51.111987, -29.686136], [-51.111973, -29.686138], [-51.111973, -29.686134], [-51.111937, -29.686137], [-51.111941, -29.686173], [-51.111991, -29.686168], [-51.111987, -29.686136]]]}, "properties": {"info": {"building": "yes"}, "address": "?, 452"}},
{"type": "Feature", "geometry": {"type": "Polygon", "coordinates": [[[-51.112057, -29.686057], [-51.112055, -29.686037], [-51.111977, -29.686044], [-51.111979, -29.686064], [-51.112057, -29.686057]]]}, "properties": {"info": {"building": "yes"}, "address": "?, 452"}},
{"type": "Feature", "geometry": {"type": "Polygon", "coordinates": [[[-51.111963, -29.686047], [-51.112041, -29.68604], [-51.112035, -29.685984], [-51.11204, -29.685978], [-51.112039, -29.685963], [-51.112032, -29.685957], [-51.11203, -29.685948], [-51.111952, -29.685955], [-51.111963, -29.686047]]]}, "properties": {"info": {"building": "yes"}, "address": "?, ?"}},
{"type": "Feature", "geometry": {"type": "Polygon", "coordinates": [[[-51.112044, -29.685947], [-51.111952, -29.685955], [-51.111963, -29.686045], [-51.112055, -29.686037], [-51.112044, -29.685947]]]}, "properties": {"info": {"building": "yes"}, "address": "?, ?"}},
{"type": "Feature", "geometry": {"type": "Polygon", "coordinates": [[[-51.117918, -29.68882], [-51.117917, -29.68883], [-51.117895, -29.688829], [-51.117898, -29.688805], [-51.117822, -29.688799], [-51.117816, -29.688858], [-51.11783, -29.688872], [-51.117898, -29.688877], [-51.117912, -29.688867], [-51.117925, -29.688879], [-51.117942, -29.688881], [-51.11798, -29.688851], [-51.117964, -29.688835], [-51.117965, -29.688824], [-51.117918, -29.68882]]]}, "properties": {"info": {"building": "yes"}, "address": "?, 119"}},
{"type": "Feature", "geometry": {"type": "Polygon", "coordinates": [[[-51.117396, -29.688422], [-51.117394, -29.688445], [-51.117392, -29.688445], [-51.117389, -29.688469], [-51.1174, -29.688469], [-51.117397, -29.688494], [-51.117469, -29.6885], [-51.117476, -29.688428], [-51.117396, -29.688422]]]}, "properties": {"info": {"is_agg": true, "building": "yes", "properties_agg": [{"hnum": "536", "building": "yes", "feature_id": 11267}], "geom_cmp_equals": [false], "geom_cmp_intersec": [0.9433754999767431]}, "error": 100, "address": "?, 536"}},
{"type": "Feature", "geometry": {"type": "Polygon", "coordinates": [[[-51.117389, -29.688502], [-51.117386, -29.688525], [-51.117384, -29.688525], [-51.117382, -29.688549], [-51.117392, -29.68855], [-51.11739, -29.688575], [-51.117462, -29.68858], [-51.117469, -29.688508], [-51.117389, -29.688502]]]}, "properties": {"info": {"is_agg": true, "building": "yes", "properties_agg": [{"hnum": "528", "building": "yes", "feature_id": 11268}], "geom_cmp_equals": [false], "geom_cmp_intersec": [0.9430363019416329]}, "error": 100, "address": "?, 528"}},
{"type": "Feature", "geometry": {"type": "Polygon", "coordinates": [[[-51.11738, -29.688583], [-51.117378, -29.688607], [-51.117376, -29.688607], [-51.117373, -29.68863], [-51.117383, -29.688631], [-51.117381, -29.688656], [-51.117453, -29.688661], [-51.11746, -29.68859], [-51.11738, -29.688583]]]}, "properties": {"info": {"is_agg": true, "building": "yes", "properties_agg": [{"hnum": "520", "building": "yes", "feature_id": 11269}], "geom_cmp_equals": [false], "geom_cmp_intersec": [0.9421658723572971]}, "error": 100, "address": "?, 520"}},
{"type": "Feature", "geometry": {"type": "Polygon", "coordinates": [[[-51.117841, -29.688999], [-51.117831, -29.689096], [-51.117886, -29.6891], [-51.117891, -29.689062], [-51.11792, -29.689065], [-51.117923, -29.689045], [-51.117948, -29.689047], [-51.117953, -29.689006], [-51.11794, -29.689005], [-51.117943, -29.688976], [-51.117837, -29.688968], [-51.117834, -29.688998], [-51.117841, -29.688999]]]}, "properties": {"info": {"is_agg": true, "building": "yes", "properties_agg": [{"hnum": "96", "building": "yes", "feature_id": 11273}], "geom_cmp_equals": [false], "geom_cmp_intersec": [0.6391861666069609]}, "error": 100, "address": "?, 96"}},
{"type": "Feature", "geometry": {"type": "Polygon", "coordinates": [[[-51.117838, -29.689033], [-51.117758, -29.689026], [-51.117752, -29.689089], [-51.117831, -29.689096], [-51.117838, -29.689033]]]}, "properties": {"info": {"building": "yes"}, "address": "?, 96"}},
{"type": "Feature", "geometry": {"type": "Polygon", "coordinates": [[[-51.117998, -29.688852], [-51.117973, -29.688828], [-51.117965, -29.688827], [-51.117967, -29.68881], [-51.117919, -29.688807], [-51.117917, -29.68883], [-51.117895, -29.688829], [-51.117898, -29.688805], [-51.117822, -29.688799], [-51.11782, -29.688813], [-51.117782, -29.68881], [-51.117768, -29.688795], [-51.117757, -29.688794], [-51.117751, -29.688853], [-51.117816, -29.688858], [-51.11783, -29.688872], [-51.117898, -29.688877], [-51.117912, -29.688867], [-51.117925, -29.688879], [-51.11796, -29.688882], [-51.117998, -29.688852]]]}, "properties": {"info": {"building": "yes"}, "address": "?, 119"}},
{"type": "Feature", "geometry": {"type": "Polygon", "coordinates": [[[-51.117523, -29.689849], [-51.117521, -29.689886], [-51.117506, -29.689885], [-51.117504, -29.689915], [-51.117594, -29.68992], [-51.117599, -29.689852], [-51.117523, -29.689849]]]}, "properties": {"info": {"is_agg": true, "building": "yes", "properties_agg": [{"building": "yes", "feature_id": 11276}], "geom_cmp_equals": [true], "geom_cmp_intersec": [1]}, "error": 100, "address": "?, ?"}},
{"type": "Feature", "geometry": {"type": "Polygon", "coordinates": [[[-51.117504, -29.689915], [-51.1175, -29.68995], [-51.117554, -29.689953], [-51.117555, -29.689936], [-51.117569, -29.689937], [-51.11757, -29.689918], [-51.117504, -29.689915]]]}, "properties": {"info": {"building": "yes"}, "address": "?, ?"}},
{"type": "Feature", "geometry": {"type": "Polygon", "coordinates": [[[-51.117348, -29.689164], [-51.117345, -29.689205], [-51.117357, -29.689206], [-51.117354, -29.689235], [-51.117506, -29.689247], [-51.117511, -29.68919], [-51.117525, -29.689191], [-51.117528, -29.689153], [-51.11735, -29.689137], [-51.117348, -29.689164]]]}, "properties": {"info": {"building": "yes"}, "address": "?, 454"}},
{"type": "Feature", "geometry": {"type": "Polygon", "coordinates": [[[-51.117561, -29.688459], [-51.117564, -29.688437], [-51.117518, -29.688433], [-51.117509, -29.68851], [-51.117502, -29.688509], [-51.1175, -29.68853], [-51.117507, -29.688531], [-51.117503, -29.688567], [-51.117533, -29.688569], [-51.117532, -29.688583], [-51.11757, -29.688586], [-51.117571, -29.688573], [-51.117585, -29.688574], [-51.117591, -29.688524], [-51.117606, -29.688526], [-51.117613, -29.688464], [-51.117561, -29.688459]]]}, "properties": {"info": {"is_agg": true, "building": "yes", "properties_agg": [{"hnum": "24", "building": "yes", "feature_id": 11339}], "geom_cmp_equals": [false], "geom_cmp_intersec": [0.8426154008789112]}, "error": 100, "address": "?, 24"}},
{"type": "Feature", "geometry": {"type": "Polygon", "coordinates": [[[-51.117869, -29.689797], [-51.117814, -29.689795], [-51.117814, -29.689786], [-51.117778, -29.689783], [-51.117777, -29.6898], [-51.117818, -29.689801], [-51.117818, -29.689813], [-51.117851, -29.689814], [-51.117846, -29.689874], [-51.117865, -29.689875], [-51.117869, -29.689797]]]}, "properties": {"info": {"building": "yes"}, "address": "?, 11"}},
{"type": "Feature", "geometry": {"type": "Polygon", "coordinates": [[[-51.117819, -29.689096], [-51.117811, -29.689158], [-51.11779, -29.689156], [-51.117786, -29.689193], [-51.117806, -29.689194], [-51.117851, -29.689199], [-51.117935, -29.689207], [-51.117937, -29.689189], [-51.117952, -29.689191], [-51.117957, -29.689156], [-51.117905, -29.689151], [-51.117911, -29.689104], [-51.117819, -29.689096]]]}, "properties": {"info": {"building": "yes"}, "address": "?, 91"}},
{"type": "Feature", "geometry": {"type": "Polygon", "coordinates": [[[-51.117847, -29.689901], [-51.117844, -29.689917], [-51.117783, -29.689917], [-51.117786, -29.689876], [-51.11777, -29.689876], [-51.117763, -29.689949], [-51.117784, -29.68995], [-51.117782, -29.689971], [-51.117843, -29.689974], [-51.117845, -29.689951], [-51.117861, -29.689952], [-51.117864, -29.689902], [-51.117847, -29.689901]]]}, "properties": {"info": {"building": "yes"}, "address": "?, 11"}},
{"type": "Feature", "geometry": {"type": "Polygon", "coordinates": [[[-51.117865, -29.689875], [-51.117846, -29.689874], [-51.117851, -29.689814], [-51.117818, -29.689813], [-51.117818, -29.689801], [-51.117777, -29.6898], [-51.11777, -29.689876], [-51.117786, -29.689876], [-51.117783, -29.689917], [-51.117844, -29.689917], [-51.117847, -29.689901], [-51.117864, -29.689902], [-51.117865, -29.689875]]]}, "properties": {"info": {"is_agg": true, "building": "yes", "properties_agg": [{"hnum": "11", "building": "yes", "feature_id": 11345}], "geom_cmp_equals": [true], "geom_cmp_intersec": [1]}, "error": 100, "address": "?, 11"}},
{"type": "Feature", "geometry": {"type": "Polygon", "coordinates": [[[-51.117862, -29.688691], [-51.11786, -29.688709], [-51.117805, -29.688705], [-51.117804, -29.688709], [-51.11779, -29.688708], [-51.117783, -29.688785], [-51.11782, -29.688787], [-51.117981, -29.688799], [-51.117989, -29.688713], [-51.117949, -29.68871], [-51.11795, -29.688697], [-51.117862, -29.688691]]]}, "properties": {"info": {"building": "yes"}, "address": "?, 131"}},
{"type": "Feature", "geometry": {"type": "Polygon", "coordinates": [[[-51.117551, -29.68908], [-51.117516, -29.689078], [-51.117518, -29.689053], [-51.117363, -29.68904], [-51.117358, -29.689109], [-51.11737, -29.68911], [-51.117371, -29.689125], [-51.11742, -29.68913], [-51.117419, -29.689143], [-51.11751, -29.689151], [-51.117511, -29.68913], [-51.117547, -29.689132], [-51.117551, -29.68908]]]}, "properties": {"info": {"building": "yes"}, "address": "?, 470"}},
{"type": "Feature", "geometry": {"type": "Polygon", "coordinates": [[[-51.11763, -29.689082], [-51.117608, -29.68908], [-51.117605, -29.689103], [-51.117627, -29.689105], [-51.11763, -29.689082]]]}, "properties": {"info": {"building": "yes"}, "address": "?, 470"}},
{"type": "Feature", "geometry": {"type": "Polygon", "coordinates": [[[-51.117404, -29.688748], [-51.117394, -29.688747], [-51.11739, -29.688783], [-51.1174, -29.688784], [-51.117394, -29.688847], [-51.117494, -29.688854], [-51.117499, -29.688802], [-51.11748, -29.6888], [-51.117491, -29.688692], [-51.11741, -29.688685], [-51.117404, -29.688748]]]}, "properties": {"info": {"building": "yes"}, "address": "?, 500"}},
{"type": "Feature", "geometry": {"type": "Polygon", "coordinates": [[[-51.117819, -29.689096], [-51.117811, -29.689158], [-51.117806, -29.689194], [-51.117851, -29.689199], [-51.117854, -29.689169], [-51.117866, -29.689161], [-51.117868, -29.689149], [-51.117905, -29.689151], [-51.117911, -29.689104], [-51.117819, -29.689096]]]}, "properties": {"info": {"building": "yes"}, "address": "?, 91"}},
{"type": "Feature", "geometry": {"type": "Polygon", "coordinates": [[[-51.117936, -29.689818], [-51.117905, -29.689817], [-51.117901, -29.689909], [-51.117933, -29.68991], [-51.117936, -29.689818]]]}, "properties": {"info": {"building": "yes"}, "address": "?, 11"}},
{"type": "Feature", "geometry": {"type": "Polygon", "coordinates": [[[-51.117342, -29.689942], [-51.117351, -29.689843], [-51.117258, -29.689837], [-51.117255, -29.689878], [-51.117231, -29.689877], [-51.117226, -29.689936], [-51.117342, -29.689942]]]}, "properties": {"info": {"is_agg": true, "building": "yes", "properties_agg": [{"hnum": "110", "building": "yes", "feature_id": 11348}], "geom_cmp_equals": [true], "geom_cmp_intersec": [1]}, "error": 100, "address": "?, 110"}},
{"type": "Feature", "geometry": {"type": "Polygon", "coordinates": [[[-51.117202, -29.689994], [-51.117285, -29.689999], [-51.117286, -29.689988], [-51.11732, -29.68999], [-51.117323, -29.689953], [-51.117341, -29.689954], [-51.117342, -29.689942], [-51.117226, -29.689936], [-51.117207, -29.689935], [-51.117202, -29.689994]]]}, "properties": {"info": {"building": "yes"}, "address": "?, 110"}},
{"type": "Feature", "geometry": {"type": "Polygon", "coordinates": [[[-51.117487, -29.689764], [-51.117483, -29.689798], [-51.117522, -29.6898], [-51.117524, -29.689766], [-51.117487, -29.689764]]]}, "properties": {"info": {"building": "yes"}, "address": "?, ?"}},
{"type": "Feature", "geometry": {"type": "Polygon", "coordinates": [[[-51.117575, -29.689769], [-51.117568, -29.689824], [-51.117622, -29.689828], [-51.117628, -29.689773], [-51.117575, -29.689769]]]}, "properties": {"info": {"building": "yes"}, "address": "?, ?"}},
{"type": "Feature", "geometry": {"type": "Polygon", "coordinates": [[[-51.117902, -29.689464], [-51.11791, -29.689396], [-51.1178, -29.689387], [-51.117792, -29.689454], [-51.117902, -29.689464]]]}, "properties": {"info": {"is_agg": true, "building": "yes", "properties_agg": [{"hnum": "66", "building": "yes", "feature_id": 11349}], "geom_cmp_equals": [true], "geom_cmp_intersec": [1]}, "error": 100, "address": "?, 66"}},
{"type": "Feature", "geometry": {"type": "Polygon", "coordinates": [[[-51.117825, -29.689457], [-51.117823, -29.689487], [-51.117897, -29.689493], [-51.117902, -29.689464], [-51.117825, -29.689457]]]}, "properties": {"info": {"building": "yes"}, "address": "?, 66"}},
{"type": "Feature", "geometry": {"type": "Polygon", "coordinates": [[[-51.115507, -29.687745], [-51.115504, -29.687726], [-51.115556, -29.68772], [-51.115544, -29.687644], [-51.115421, -29.68766], [-51.115429, -29.687707], [-51.115437, -29.687706], [-51.115445, -29.687752], [-51.115507, -29.687745]]]}, "properties": {"info": {"building": "yes"}, "address": "?, 441"}},
{"type": "Feature", "geometry": {"type": "Polygon", "coordinates": [[[-51.117733, -29.688483], [-51.117739, -29.688483], [-51.117734, -29.688528], [-51.117728, -29.688528], [-51.117726, -29.688549], [-51.117732, -29.68855], [-51.117729, -29.688578], [-51.117811, -29.688585], [-51.117816, -29.688543], [-51.117831, -29.688544], [-51.117838, -29.688476], [-51.117783, -29.688471], [-51.117784, -29.688458], [-51.117736, -29.688454], [-51.117733, -29.688483]]]}, "properties": {"info": {"building": "yes"}, "address": "?, 44"}},
{"type": "Feature", "geometry": {"type": "Polygon", "coordinates": [[[-51.11779, -29.688472], [-51.117788, -29.688485], [-51.117778, -29.688484], [-51.117777, -29.688498], [-51.117738, -29.688495], [-51.117734, -29.688528], [-51.117728, -29.688528], [-51.117726, -29.688549], [-51.117732, -29.68855], [-51.117729, -29.688578], [-51.117811, -29.688585], [-51.117816, -29.688543], [-51.117831, -29.688544], [-51.117837, -29.688489], [-51.117821, -29.688488], [-51.117823, -29.688474], [-51.11779, -29.688472]]]}, "properties": {"info": {"building": "yes"}, "address": "?, ?"}},
{"type": "Feature", "geometry": {"type": "Polygon", "coordinates": [[[-51.118758, -29.686351], [-51.118757, -29.686336], [-51.118814, -29.686332], [-51.118811, -29.686297], [-51.118783, -29.686299], [-51.11878, -29.68627], [-51.118746, -29.686272], [-51.118749, -29.686302], [-51.118683, -29.686306], [-51.118686, -29.686338], [-51.1187, -29.686337], [-51.118702, -29.686355], [-51.118758, -29.686351]]]}, "properties": {"info": {"is_agg": true, "building": "yes", "properties_agg": [{"hnum": "21", "building": "yes", "feature_id": 51666}], "geom_cmp_equals": [false], "geom_cmp_intersec": [0.7387212665942582]}, "error": 100, "address": "?, ?"}},
{"type": "Feature", "geometry": {"type": "Polygon", "coordinates": [[[-51.118821, -29.686883], [-51.118817, -29.686836], [-51.118868, -29.686833], [-51.118865, -29.686806], [-51.118852, -29.686807], [-51.118853, -29.686822], [-51.118825, -29.686824], [-51.118823, -29.686802], [-51.118767, -29.686805], [-51.11877, -29.68684], [-51.118786, -29.686839], [-51.11879, -29.686885], [-51.118821, -29.686883]]]}, "properties": {"info": {"is_agg": true, "building": "yes", "properties_agg": [{"hnum": "77", "building": "yes", "feature_id": 120930}], "geom_cmp_equals": [false], "geom_cmp_intersec": [0.44900882229059486]}, "error": 100, "address": "?, ?"}},
{"type": "Feature", "geometry": {"type": "Polygon", "coordinates": [[[-51.118324, -29.688864], [-51.118321, -29.6889], [-51.118396, -29.688906], [-51.1184, -29.68887], [-51.118324, -29.688864]]]}, "properties": {"info": {"building": "yes"}, "address": "?, ?"}},
{"type": "Feature", "geometry": {"type": "Polygon", "coordinates": [[[-51.118266, -29.688874], [-51.118215, -29.68887], [-51.118213, -29.688892], [-51.118264, -29.688896], [-51.118266, -29.688874]]]}, "properties": {"info": {"building": "yes"}, "address": "?, ?"}},
{"type": "Feature", "geometry": {"type": "Polygon", "coordinates": [[[-51.11871, -29.688927], [-51.118708, -29.688952], [-51.118699, -29.688951], [-51.118694, -29.689009], [-51.118714, -29.68901], [-51.118712, -29.689027], [-51.118787, -29.689032], [-51.118792, -29.688978], [-51.118748, -29.688975], [-51.118752, -29.68893], [-51.11871, -29.688927]]]}, "properties": {"info": {"is_agg": true, "building": "yes", "properties_agg": [{"hnum": "220", "building": "yes", "feature_id": 121037}], "geom_cmp_equals": [false], "geom_cmp_intersec": [0.7947458106577013]}, "error": 100, "address": "?, ?"}},
{"type": "Feature", "geometry": {"type": "Polygon", "coordinates": [[[-51.118676, -29.688806], [-51.118714, -29.688809], [-51.118712, -29.688828], [-51.118749, -29.688831], [-51.118758, -29.68875], [-51.118682, -29.688744], [-51.118676, -29.688806]]]}, "properties": {"info": {"building": "yes"}, "address": "?, ?"}},
{"type": "Feature", "geometry": {"type": "Polygon", "coordinates": [[[-51.117136, -29.686398], [-51.117128, -29.686326], [-51.117057, -29.686332], [-51.117065, -29.686404], [-51.117136, -29.686398]]]}, "properties": {"info": {"building": "yes"}, "address": "?, 181"}},
{"type": "Feature", "geometry": {"type": "Polygon", "coordinates": [[[-51.117069, -29.686449], [-51.117099, -29.686446], [-51.117101, -29.686463], [-51.117153, -29.686458], [-51.117146, -29.686397], [-51.117063, -29.686405], [-51.117069, -29.686449]]]}, "properties": {"info": {"building": "yes"}, "address": "?, 800"}},
{"type": "Feature", "geometry": {"type": "Polygon", "coordinates": [[[-51.117101, -29.686464], [-51.117103, -29.686481], [-51.117073, -29.686484], [-51.11708, -29.686536], [-51.117108, -29.686533], [-51.117106, -29.686521], [-51.117161, -29.686515], [-51.117153, -29.686459], [-51.117101, -29.686464]]]}, "properties": {"info": {"building": "yes"}, "address": "?, 814"}},
{"type": "Feature", "geometry": {"type": "Polygon", "coordinates": [[[-51.117007, -29.686507], [-51.117029, -29.686505], [-51.117033, -29.686543], [-51.117079, -29.686539], [-51.117075, -29.686504], [-51.117062, -29.686505], [-51.117057, -29.686454], [-51.117033, -29.686456], [-51.117035, -29.686478], [-51.117003, -29.68648], [-51.117007, -29.686507]]]}, "properties": {"info": {"is_agg": true, "building": "yes", "properties_agg": [{"building": "yes", "feature_id": 14289}], "geom_cmp_equals": [false], "geom_cmp_intersec": [0.36080855426693903]}, "error": 100, "address": "?, 189"}},
{"type": "Feature", "geometry": {"type": "Polygon", "coordinates": [[[-51.116973, -29.686449], [-51.116912, -29.686456], [-51.116914, -29.686466], [-51.116888, -29.686469], [-51.116896, -29.686518], [-51.116917, -29.686516], [-51.116921, -29.686533], [-51.116906, -29.686534], [-51.116912, -29.686559], [-51.116992, -29.68655], [-51.116973, -29.686449]]]}, "properties": {"info": {"building": "yes"}, "address": "?, 199"}},
{"type": "Feature", "geometry": {"type": "Polygon", "coordinates": [[[-51.116875, -29.686366], [-51.116812, -29.686372], [-51.116827, -29.686505], [-51.11689, -29.686499], [-51.116875, -29.686366]]]}, "properties": {"info": {"building": "yes"}, "address": "?, 203"}},
{"type": "Feature", "geometry": {"type": "Polygon", "coordinates": [[[-51.116905, -29.686561], [-51.116903, -29.686536], [-51.116815, -29.686541], [-51.116817, -29.686565], [-51.116905, -29.686561]]]}, "properties": {"info": {"building": "yes"}, "address": "?, 203"}},
{"type": "Feature", "geometry": {"type": "Polygon", "coordinates": [[[-51.117106, -29.686536], [-51.116993, -29.686549], [-51.117006, -29.686636], [-51.117119, -29.686623], [-51.117106, -29.686536]]]}, "properties": {"info": {"building": "yes"}, "address": "?, 830"}},
{"type": "Feature", "geometry": {"type": "Polygon", "coordinates": [[[-51.11711, -29.68656], [-51.117163, -29.686554], [-51.117159, -29.68653], [-51.117106, -29.686536], [-51.11711, -29.68656]]]}, "properties": {"info": {"building": "yes"}, "address": "?, ?"}},
{"type": "Feature", "geometry": {"type": "Polygon", "coordinates": [[[-51.116924, -29.686557], [-51.116937, -29.686644], [-51.116991, -29.686638], [-51.116989, -29.686622], [-51.117004, -29.68662], [-51.116993, -29.686549], [-51.116924, -29.686557]]]}, "properties": {"info": {"building": "yes"}, "address": "?, ?"}},
{"type": "Feature", "geometry": {"type": "Polygon", "coordinates": [[[-51.112768, -29.690356], [-51.112804, -29.69038], [-51.112823, -29.690355], [-51.112786, -29.690333], [-51.112768, -29.690356]]]}, "properties": {"info": {"building": "yes"}, "address": "?, 68"}},
{"type": "Feature", "geometry": {"type": "Polygon", "coordinates": [[[-51.112734, -29.6904], [-51.112753, -29.690416], [-51.112784, -29.690436], [-51.112822, -29.690391], [-51.112768, -29.690356], [-51.112734, -29.6904]]]}, "properties": {"info": {"building": "yes"}, "address": "?, 68"}},
{"type": "Feature", "geometry": {"type": "Polygon", "coordinates": [[[-51.112726, -29.690412], [-51.112709, -29.690401], [-51.112682, -29.690432], [-51.112751, -29.690477], [-51.112776, -29.690447], [-51.112744, -29.690426], [-51.112753, -29.690416], [-51.112734, -29.6904], [-51.112726, -29.690412]]]}, "properties": {"info": {"building": "yes"}, "address": "?, ?"}},
{"type": "Feature", "geometry": {"type": "Polygon", "coordinates": [[[-51.11274, -29.690495], [-51.112725, -29.69046], [-51.112699, -29.690492], [-51.11274, -29.690495]]]}, "properties": {"info": {"building": "yes"}, "address": "?, ?"}},
{"type": "Feature", "geometry": {"type": "Polygon", "coordinates": [[[-51.118628, -29.689655], [-51.118643, -29.689654], [-51.118651, -29.689705], [-51.118682, -29.689702], [-51.11868, -29.689693], [-51.118729, -29.689687], [-51.118721, -29.68963], [-51.118759, -29.689626], [-51.118751, -29.689572], [-51.118617, -29.689587], [-51.118628, -29.689655]]]}, "properties": {"info": {"building": "yes"}, "address": "?, 261"}},
{"type": "Feature", "geometry": {"type": "Polygon", "coordinates": [[[-51.118654, -29.689667], [-51.118656, -29.68968], [-51.118688, -29.689676], [-51.11869, -29.689692], [-51.118729, -29.689687], [-51.118721, -29.68963], [-51.118759, -29.689626], [-51.11875, -29.689569], [-51.118682, -29.689577], [-51.118691, -29.689632], [-51.118641, -29.689638], [-51.118645, -29.689668], [-51.118654, -29.689667]]]}, "properties": {"info": {"building": "yes"}, "address": "?, 261"}},
{"type": "Feature", "geometry": {"type": "Polygon", "coordinates": [[[-51.119272, -29.688938], [-51.119261, -29.688894], [-51.119099, -29.688926], [-51.119111, -29.68897], [-51.119272, -29.688938]]]}, "properties": {"info": {"is_agg": true, "building": "yes", "properties_agg": [{"hnum": "181", "building": "yes", "feature_id": 80266}], "geom_cmp_equals": [true], "geom_cmp_intersec": [1]}, "error": 100, "address": "?, 181"}},
{"type": "Feature", "geometry": {"type": "Polygon", "coordinates": [[[-51.119395, -29.688947], [-51.119383, -29.688893], [-51.119306, -29.688906], [-51.119319, -29.68896], [-51.119395, -29.688947]]]}, "properties": {"info": {"building": "yes"}, "address": "?, 181"}},
{"type": "Feature", "geometry": {"type": "Polygon", "coordinates": [[[-51.119071, -29.68879], [-51.119065, -29.688867], [-51.119172, -29.688873], [-51.119174, -29.688853], [-51.119192, -29.688854], [-51.119197, -29.688797], [-51.119071, -29.68879]]]}, "properties": {"info": {"building": "yes"}, "address": "?, 171"}},
{"type": "Feature", "geometry": {"type": "Polygon", "coordinates": [[[-51.119256, -29.688702], [-51.119256, -29.688722], [-51.11931, -29.688722], [-51.119311, -29.688709], [-51.119311, -29.688707], [-51.119256, -29.688702]]]}, "properties": {"info": {"building": "yes"}, "address": "?, 161"}},
{"type": "Feature", "geometry": {"type": "Polygon", "coordinates": [[[-51.119331, -29.688781], [-51.119361, -29.688783], [-51.119362, -29.688799], [-51.119424, -29.6888], [-51.119425, -29.688769], [-51.1194, -29.688769], [-51.1194, -29.688729], [-51.119332, -29.688728], [-51.119331, -29.688781]]]}, "properties": {"info": {"building": "yes"}, "address": "?, ?"}},
{"type": "Feature", "geometry": {"type": "Polygon", "coordinates": [[[-51.119239, -29.688655], [-51.119185, -29.688661], [-51.11919, -29.688696], [-51.119244, -29.688691], [-51.119239, -29.688655]]]}, "properties": {"info": {"building": "yes"}, "address": "?, 151"}},
{"type": "Feature", "geometry": {"type": "Polygon", "coordinates": [[[-51.119193, -29.688519], [-51.119159, -29.688521], [-51.119168, -29.688595], [-51.119202, -29.688592], [-51.119193, -29.688519]]]}, "properties": {"info": {"building": "yes"}, "address": "?, 151"}},
{"type": "Feature", "geometry": {"type": "Polygon", "coordinates": [[[-51.119234, -29.68859], [-51.119169, -29.688597], [-51.119106, -29.688605], [-51.119113, -29.688655], [-51.119186, -29.688647], [-51.119187, -29.688657], [-51.119243, -29.688652], [-51.119234, -29.68859]]]}, "properties": {"info": {"is_agg": true, "building": "yes", "properties_agg": [{"hnum": "151", "building": "yes", "feature_id": 14871}], "geom_cmp_equals": [true], "geom_cmp_intersec": [1]}, "error": 100, "address": "?, 151"}},
{"type": "Feature", "geometry": {"type": "Polygon", "coordinates": [[[-51.11904, -29.688748], [-51.119038, -29.688781], [-51.119096, -29.688784], [-51.119098, -29.68875], [-51.11904, -29.688748]]]}, "properties": {"info": {"is_agg": true, "building": "yes", "properties_agg": [{"hnum": "161", "building": "yes", "feature_id": 14870}], "geom_cmp_equals": [true], "geom_cmp_intersec": [1]}, "error": 100, "address": "?, 161"}},
{"type": "Feature", "geometry": {"type": "Polygon", "coordinates": [[[-51.119264, -29.688422], [-51.119262, -29.68844], [-51.119355, -29.688446], [-51.119357, -29.688428], [-51.119264, -29.688422]]]}, "properties": {"info": {"building": "yes"}, "address": "?, 141"}},
{"type": "Feature", "geometry": {"type": "Polygon", "coordinates": [[[-51.119262, -29.688441], [-51.119257, -29.688513], [-51.119284, -29.688514], [-51.119285, -29.6885], [-51.119351, -29.688504], [-51.119355, -29.688446], [-51.119262, -29.688441]]]}, "properties": {"info": {"building": "yes"}, "address": "?, 141"}},
{"type": "Feature", "geometry": {"type": "Polygon", "coordinates": [[[-51.119261, -29.68846], [-51.119183, -29.688456], [-51.11918, -29.688508], [-51.119257, -29.688513], [-51.119261, -29.68846]]]}, "properties": {"info": {"is_agg": true, "building": "yes", "properties_agg": [{"hnum": "141", "building": "yes", "feature_id": 14919}], "geom_cmp_equals": [false], "geom_cmp_intersec": [0.009092067033930368]}, "error": 100, "address": "?, 141"}},
{"type": "Feature", "geometry": {"type": "Polygon", "coordinates": [[[-51.117822, -29.689334], [-51.117826, -29.689291], [-51.117727, -29.689284], [-51.117723, -29.689327], [-51.117822, -29.689334]]]}, "properties": {"info": {"building": "yes"}, "address": "?, 450"}},
{"type": "Feature", "geometry": {"type": "Polygon", "coordinates": [[[-51.117625, -29.689376], [-51.117708, -29.689382], [-51.117715, -29.6893], [-51.117633, -29.689294], [-51.117625, -29.689376]]]}, "properties": {"info": {"building": "yes"}, "address": "?, 450"}},
{"type": "Feature", "geometry": {"type": "Polygon", "coordinates": [[[-51.11733, -29.689318], [-51.11749, -29.68933], [-51.117493, -29.689295], [-51.117526, -29.689298], [-51.117529, -29.689269], [-51.117336, -29.689255], [-51.11733, -29.689318]]]}, "properties": {"info": {"building": "yes"}, "address": "?, 450"}},
{"type": "Feature", "geometry": {"type": "Polygon", "coordinates": [[[-51.117842, -29.689192], [-51.117716, -29.689183], [-51.117712, -29.689224], [-51.117838, -29.689233], [-51.117842, -29.689192]]]}, "properties": {"info": {"building": "yes"}, "address": "?, 450"}},
{"type": "Feature", "geometry": {"type": "Polygon", "coordinates": [[[-51.117635, -29.689277], [-51.117529, -29.689269], [-51.117526, -29.689298], [-51.117493, -29.689295], [-51.11749, -29.68933], [-51.11733, -29.689318], [-51.117326, -29.689356], [-51.117502, -29.689369], [-51.117499, -29.689393], [-51.117531, -29.689395], [-51.117533, -29.689371], [-51.117553, -29.689372], [-51.117549, -29.689415], [-51.117533, -29.689414], [-51.117528, -29.68947], [-51.117616, -29.689476], [-51.117625, -29.689377], [-51.117635, -29.689277]]]}, "properties": {"info": {"building": "yes"}, "address": "?, 450"}},
{"type": "Feature", "geometry": {"type": "Polygon", "coordinates": [[[-51.116784, -29.686525], [-51.116771, -29.686447], [-51.116769, -29.686447], [-51.116761, -29.686397], [-51.116721, -29.686402], [-51.11672, -29.686393], [-51.11668, -29.686398], [-51.11669, -29.686459], [-51.116705, -29.686457], [-51.116717, -29.686534], [-51.116784, -29.686525]]]}, "properties": {"info": {"building": "yes"}, "address": "?, 217"}},
{"type": "Feature", "geometry": {"type": "Polygon", "coordinates": [[[-51.116205, -29.685126], [-51.116236, -29.685123], [-51.116232, -29.685087], [-51.116201, -29.68509], [-51.116205, -29.685126]]]}, "properties": {"info": {"building": "yes"}, "address": "?, ?"}},
{"type": "Feature", "geometry": {"type": "Polygon", "coordinates": [[[-51.116834, -29.685129], [-51.11683, -29.685072], [-51.116701, -29.685083], [-51.116702, -29.685097], [-51.116687, -29.685098], [-51.11669, -29.685141], [-51.116834, -29.685129]]]}, "properties": {"info": {"is_agg": true, "building": "yes", "properties_agg": [{"hnum": "660", "building": "yes", "feature_id": 15677}], "geom_cmp_equals": [false], "geom_cmp_intersec": [0.8248169400426916]}, "error": 100, "address": "?, 660"}},
{"type": "Feature", "geometry": {"type": "Polygon", "coordinates": [[[-51.116908, -29.685123], [-51.116907, -29.685099], [-51.116857, -29.685102], [-51.116859, -29.685127], [-51.116908, -29.685123]]]}, "properties": {"info": {"building": "yes"}, "address": "?, ?"}},
{"type": "Feature", "geometry": {"type": "Polygon", "coordinates": [[[-51.116907, -29.685099], [-51.116905, -29.685077], [-51.116856, -29.68508], [-51.116857, -29.685102], [-51.116907, -29.685099]]]}, "properties": {"info": {"is_agg": true, "building": "yes", "properties_agg": [{"building": "yes", "feature_id": 15697}], "geom_cmp_equals": [false], "geom_cmp_intersec": [0]}, "error": 100, "address": "?, ?"}},
{"type": "Feature", "geometry": {"type": "Polygon", "coordinates": [[[-51.114245, -29.68988], [-51.114188, -29.68995], [-51.114237, -29.68998], [-51.114294, -29.689911], [-51.114245, -29.68988]]]}, "properties": {"info": {"building": "yes"}, "address": "?, 342"}},
{"type": "Feature", "geometry": {"type": "Polygon", "coordinates": [[[-51.114031, -29.687297], [-51.114042, -29.687269], [-51.113879, -29.687211], [-51.113863, -29.687243], [-51.113893, -29.687254], [-51.113864, -29.687314], [-51.113946, -29.687344], [-51.11393, -29.687377], [-51.1141, -29.687435], [-51.114146, -29.687336], [-51.114031, -29.687297]]]}, "properties": {"info": {"building": "yes"}, "address": "?, 130"}},
{"type": "Feature", "geometry": {"type": "Polygon", "coordinates": [[[-51.114031, -29.687297], [-51.114052, -29.687303], [-51.114063, -29.687276], [-51.114042, -29.687269], [-51.114031, -29.687297]]]}, "properties": {"info": {"building": "yes"}, "address": "?, ?"}},
{"type": "Feature", "geometry": {"type": "MultiPolygon", "coordinates": [[[[-51.113837, -29.687147], [-51.113741, -29.687113], [-51.113721, -29.687156], [-51.113817, -29.687189], [-51.113837, -29.687147]]], [[[-51.113701, -29.687148], [-51.113689, -29.687174], [-51.113709, -29.687181], [-51.113721, -29.687156], [-51.113701, -29.687148]]]]}, "properties": {"info": {"building": "yes"}, "address": "?, ?"}},
{"type": "Feature", "geometry": {"type": "Polygon", "coordinates": [[[-51.113746, -29.687066], [-51.113774, -29.687006], [-51.11373, -29.686991], [-51.113702, -29.687051], [-51.113746, -29.687066]]]}, "properties": {"info": {"building": "yes"}, "address": "?, ?"}},
{"type": "Feature", "geometry": {"type": "Polygon", "coordinates": [[[-51.113849, -29.687347], [-51.11393, -29.687377], [-51.113946, -29.687344], [-51.113864, -29.687314], [-51.113849, -29.687347]]]}, "properties": {"info": {"building": "yes"}, "address": "?, ?"}},
{"type": "Feature", "geometry": {"type": "Polygon", "coordinates": [[[-51.113855, -29.689655], [-51.113926, -29.689562], [-51.113884, -29.689535], [-51.113813, -29.689629], [-51.113855, -29.689655]]]}, "properties": {"info": {"building": "yes"}, "address": "?, ?"}},
{"type": "Feature", "geometry": {"type": "Polygon", "coordinates": [[[-51.113918, -29.689655], [-51.11397, -29.68959], [-51.113925, -29.689562], [-51.113875, -29.689628], [-51.113918, -29.689655]]]}, "properties": {"info": {"building": "yes"}, "address": "?, ?"}},
{"type": "Feature", "geometry": {"type": "Polygon", "coordinates": [[[-51.113568, -29.689506], [-51.113575, -29.68957], [-51.113633, -29.689566], [-51.113626, -29.689501], [-51.113568, -29.689506]]]}, "properties": {"info": {"building": "yes"}, "address": "?, 30"}},
{"type": "Feature", "geometry": {"type": "Polygon", "coordinates": [[[-51.113633, -29.689566], [-51.113575, -29.68957], [-51.113573, -29.689553], [-51.113557, -29.689554], [-51.113563, -29.689613], [-51.113666, -29.689605], [-51.11366, -29.689546], [-51.113631, -29.689548], [-51.113633, -29.689566]]]}, "properties": {"info": {"is_agg": true, "building": "yes", "properties_agg": [{"hnum": "30", "building": "yes", "feature_id": 16748}], "geom_cmp_equals": [false], "geom_cmp_intersec": [0.6717193169789296]}, "error": 100, "address": "?, 30"}},
{"type": "Feature", "geometry": {"type": "Polygon", "coordinates": [[[-51.113675, -29.689604], [-51.113837, -29.689591], [-51.113813, -29.689547], [-51.113763, -29.689551], [-51.113762, -29.689542], [-51.113752, -29.689543], [-51.113753, -29.689552], [-51.113705, -29.689556], [-51.113703, -29.689542], [-51.113669, -29.689545], [-51.113675, -29.689604]]]}, "properties": {"info": {"building": "yes"}, "address": "?, 30"}},
{"type": "Feature", "geometry": {"type": "Polygon", "coordinates": [[[-51.113966, -29.689595], [-51.113926, -29.689646], [-51.113924, -29.689649], [-51.113962, -29.689671], [-51.114002, -29.689615], [-51.113966, -29.689595]]]}, "properties": {"info": {"building": "yes"}, "address": "?, ?"}},
{"type": "Feature", "geometry": {"type": "Polygon", "coordinates": [[[-51.113515, -29.689645], [-51.113711, -29.689629], [-51.113708, -29.689602], [-51.113517, -29.689618], [-51.113518, -29.689627], [-51.113513, -29.689627], [-51.113515, -29.689645]]]}, "properties": {"info": {"is_agg": true, "building": "yes", "properties_agg": [{"hnum": "20", "building": "yes", "feature_id": 16764}], "geom_cmp_equals": [true], "geom_cmp_intersec": [1]}, "error": 100, "address": "?, ?"}},
{"type": "Feature", "geometry": {"type": "Polygon", "coordinates": [[[-51.113837, -29.689591], [-51.113888, -29.689528], [-51.113787, -29.689466], [-51.11377, -29.689486], [-51.113837, -29.689591]]]}, "properties": {"info": {"building": "yes"}, "address": "?, 74"}},
{"type": "Feature", "geometry": {"type": "Polygon", "coordinates": [[[-51.117727, -29.6886], [-51.117809, -29.688607], [-51.117826, -29.688597], [-51.117831, -29.688544], [-51.117816, -29.688543], [-51.117811, -29.688585], [-51.117729, -29.688578], [-51.117727, -29.6886]]]}, "properties": {"info": {"building": "yes"}, "address": "?, ?"}},
{"type": "Feature", "geometry": {"type": "Polygon", "coordinates": [[[-51.115937, -29.687945], [-51.115839, -29.687951], [-51.115835, -29.687892], [-51.115795, -29.687894], [-51.1158, -29.687953], [-51.115827, -29.687951], [-51.11583, -29.687993], [-51.11584, -29.687992], [-51.115841, -29.688007], [-51.115831, -29.688007], [-51.115833, -29.688029], [-51.115843, -29.688028], [-51.115848, -29.688086], [-51.115872, -29.688084], [-51.115876, -29.688066], [-51.115911, -29.688064], [-51.115911, -29.688055], [-51.115946, -29.688053], [-51.115937, -29.687945]]]}, "properties": {"info": {"building": "yes"}, "address": "?, 150"}},
{"type": "Feature", "geometry": {"type": "Polygon", "coordinates": [[[-51.112989, -29.689731], [-51.112983, -29.689731], [-51.112981, -29.68971], [-51.112987, -29.68971], [-51.11298, -29.689642], [-51.11291, -29.689648], [-51.112917, -29.689714], [-51.112915, -29.689714], [-51.112917, -29.689738], [-51.112919, -29.689738], [-51.112926, -29.689804], [-51.112997, -29.689798], [-51.112989, -29.689731]]]}, "properties": {"info": {"building": "yes"}, "address": "?, ?"}},
{"type": "Feature", "geometry": {"type": "Polygon", "coordinates": [[[-51.112552, -29.68961], [-51.112546, -29.68961], [-51.112544, -29.689589], [-51.11255, -29.689588], [-51.112543, -29.689521], [-51.112473, -29.689527], [-51.11248, -29.689593], [-51.112478, -29.689593], [-51.11248, -29.689617], [-51.112482, -29.689617], [-51.112489, -29.689682], [-51.11256, -29.689677], [-51.112552, -29.68961]]]}, "properties": {"info": {"is_agg": true, "building": "yes", "properties_agg": [{"building": "yes", "feature_id": 85777}], "geom_cmp_equals": [false], "geom_cmp_intersec": [0.9852263305981374]}, "error": 100, "address": "?, ?"}},
{"type": "Feature", "geometry": {"type": "Polygon", "coordinates": [[[-51.115674, -29.685133], [-51.115667, -29.685098], [-51.115651, -29.6851], [-51.115647, -29.685078], [-51.115663, -29.685076], [-51.115651, -29.68502], [-51.11556, -29.685034], [-51.11557, -29.685091], [-51.115558, -29.685093], [-51.115569, -29.685159], [-51.115589, -29.685156], [-51.115588, -29.685144], [-51.115674, -29.685133]]]}, "properties": {"info": {"is_agg": true, "building": "yes", "properties_agg": [{"hnum": "1362", "building": "yes", "feature_id": 20319}], "geom_cmp_equals": [false], "geom_cmp_intersec": [0.9905503008066006]}, "error": 100, "address": "?, 1362"}},
{"type": "Feature", "geometry": {"type": "Polygon", "coordinates": [[[-51.115553, -29.685086], [-51.115539, -29.685088], [-51.115536, -29.68507], [-51.11555, -29.685068], [-51.11554, -29.685004], [-51.11545, -29.685015], [-51.115458, -29.685061], [-51.115461, -29.685061], [-51.115467, -29.685096], [-51.115455, -29.685097], [-51.115473, -29.685209], [-51.11551, -29.685207], [-51.115501, -29.68516], [-51.115563, -29.685151], [-51.115553, -29.685086]]]}, "properties": {"info": {"building": "yes"}, "address": "?, 1372"}},
{"type": "Feature", "geometry": {"type": "Polygon", "coordinates": [[[-51.118498, -29.689947], [-51.118427, -29.690036], [-51.118518, -29.690091], [-51.118589, -29.690002], [-51.118498, -29.689947]]]}, "properties": {"info": {"building": "yes"}, "address": "?, 338"}},
{"type": "Feature", "geometry": {"type": "Polygon", "coordinates": [[[-51.116963, -29.687007], [-51.116973, -29.687071], [-51.116986, -29.687069], [-51.116992, -29.687103], [-51.117034, -29.687098], [-51.117027, -29.687058], [-51.117054, -29.687055], [-51.117044, -29.686997], [-51.116963, -29.687007]]]}, "properties": {"info": {"is_agg": true, "building": "yes", "properties_agg": [{"hnum": "109", "building": "yes", "feature_id": 23220}], "geom_cmp_equals": [false], "geom_cmp_intersec": [0.9005187925071118]}, "error": 100, "address": "?, 109"}},
{"type": "Feature", "geometry": {"type": "Polygon", "coordinates": [[[-51.116898, -29.687235], [-51.1169, -29.687247], [-51.116999, -29.687235], [-51.116993, -29.687197], [-51.116882, -29.68721], [-51.116886, -29.687237], [-51.116898, -29.687235]]]}, "properties": {"info": {"building": "yes"}, "address": "?, 119"}},
{"type": "Feature", "geometry": {"type": "Polygon", "coordinates": [[[-51.116869, -29.687147], [-51.116874, -29.687183], [-51.116886, -29.687182], [-51.11689, -29.687204], [-51.116954, -29.687196], [-51.116944, -29.687138], [-51.116896, -29.687144], [-51.116869, -29.687147]]]}, "properties": {"info": {"building": "yes"}, "address": "?, 119"}},
{"type": "Feature", "geometry": {"type": "Polygon", "coordinates": [[[-51.116898, -29.687143], [-51.116982, -29.687133], [-51.116975, -29.687094], [-51.116892, -29.687104], [-51.116898, -29.687143]]]}, "properties": {"info": {"building": "yes"}, "address": "?, 119"}},
{"type": "Feature", "geometry": {"type": "Polygon", "coordinates": [[[-51.116874, -29.687106], [-51.116946, -29.687097], [-51.116936, -29.687035], [-51.116864, -29.687044], [-51.116874, -29.687106]]]}, "properties": {"info": {"building": "yes"}, "address": "?, 119"}},
{"type": "Feature", "geometry": {"type": "Polygon", "coordinates": [[[-51.116874, -29.687183], [-51.116841, -29.687188], [-51.116843, -29.687196], [-51.116813, -29.6872], [-51.116812, -29.687191], [-51.116767, -29.687197], [-51.116778, -29.687265], [-51.116885, -29.687251], [-51.116874, -29.687183]]]}, "properties": {"info": {"is_agg": true, "building": "yes", "properties_agg": [{"hnum": "129", "building": "yes", "feature_id": 27504}], "geom_cmp_equals": [false], "geom_cmp_intersec": [0.9922530115334995]}, "error": 100, "address": "?, 129"}},
{"type": "Feature", "geometry": {"type": "Polygon", "coordinates": [[[-51.116281, -29.6871], [-51.11622, -29.687107], [-51.116232, -29.687189], [-51.116292, -29.687182], [-51.116281, -29.6871]]]}, "properties": {"info": {"building": "yes"}, "address": "?, 183"}},
{"type": "Feature", "geometry": {"type": "Polygon", "coordinates": [[[-51.116334, -29.687546], [-51.11635, -29.687545], [-51.116345, -29.687486], [-51.116329, -29.687487], [-51.116334, -29.687546]]]}, "properties": {"info": {"building": "yes"}, "address": "?, 915"}},
{"type": "Feature", "geometry": {"type": "Polygon", "coordinates": [[[-51.1163, -29.687418], [-51.116251, -29.687421], [-51.116265, -29.687588], [-51.116337, -29.687582], [-51.116334, -29.687544], [-51.116329, -29.687484], [-51.116323, -29.687417], [-51.1163, -29.687418]]]}, "properties": {"info": {"is_agg": true, "building": "yes", "properties_agg": [{"hnum": "915", "building": "yes", "feature_id": 27517}], "geom_cmp_equals": [true], "geom_cmp_intersec": [1]}, "error": 100, "address": "?, 915"}},
{"type": "Feature", "geometry": {"type": "Polygon", "coordinates": [[[-51.112445, -29.689777], [-51.112447, -29.689777], [-51.112445, -29.689752], [-51.112443, -29.689752], [-51.112436, -29.689687], [-51.112365, -29.689693], [-51.112373, -29.68976], [-51.112379, -29.689759], [-51.112381, -29.68978], [-51.112375, -29.689781], [-51.112382, -29.689848], [-51.112452, -29.689842], [-51.112445, -29.689777]]]}, "properties": {"info": {"is_agg": true, "building": "yes", "properties_agg": [{"building": "yes", "feature_id": 85782}], "geom_cmp_equals": [false], "geom_cmp_intersec": [0.9848316837686335]}, "error": 100, "address": "?, ?"}},
{"type": "Feature", "geometry": {"type": "Polygon", "coordinates": [[[-51.114347, -29.687001], [-51.11435, -29.687013], [-51.114401, -29.687003], [-51.114398, -29.686991], [-51.114347, -29.687001]]]}, "properties": {"info": {"building": "yes"}, "address": "?, ?"}},
{"type": "Feature", "geometry": {"type": "Polygon", "coordinates": [[[-51.119125, -29.687941], [-51.119123, -29.687937], [-51.119107, -29.68794], [-51.119109, -29.687945], [-51.11908, -29.687951], [-51.11909, -29.687983], [-51.119075, -29.687987], [-51.119079, -29.688], [-51.119069, -29.688002], [-51.11908, -29.688039], [-51.119048, -29.688046], [-51.119063, -29.688094], [-51.119079, -29.68809], [-51.11908, -29.688093], [-51.119094, -29.68809], [-51.119093, -29.688086], [-51.119116, -29.688081], [-51.119113, -29.688072], [-51.119125, -29.68807], [-51.119128, -29.688078], [-51.119166, -29.68807], [-51.119157, -29.688043], [-51.119177, -29.688038], [-51.119146, -29.687936], [-51.119125, -29.687941]]]}, "properties": {"info": {"building": "yes"}, "address": "?, ?"}},
{"type": "Feature", "geometry": {"type": "Polygon", "coordinates": [[[-51.115167, -29.686734], [-51.115164, -29.686713], [-51.115115, -29.686717], [-51.115117, -29.686739], [-51.115167, -29.686734]]]}, "properties": {"info": {"is_agg": true, "building": "yes", "properties_agg": [{"building": "yes", "feature_id": 32342}], "geom_cmp_equals": [true], "geom_cmp_intersec": [1]}, "error": 100, "address": "?, ?"}},
{"type": "Feature", "geometry": {"type": "Polygon", "coordinates": [[[-51.109419, -29.688788], [-51.10936, -29.688792], [-51.109366, -29.688846], [-51.109423, -29.688843], [-51.109419, -29.688788]]]}, "properties": {"info": {"building": "yes"}, "address": "?, ?"}},
{"type": "Feature", "geometry": {"type": "Polygon", "coordinates": [[[-51.111873, -29.685254], [-51.1119, -29.685251], [-51.111892, -29.685201], [-51.111901, -29.685199], [-51.111894, -29.685152], [-51.111834, -29.685159], [-51.111836, -29.685172], [-51.111825, -29.685173], [-51.111829, -29.685195], [-51.111839, -29.685194], [-51.111841, -29.685205], [-51.11183, -29.685206], [-51.111833, -29.685223], [-51.111843, -29.685221], [-51.111845, -29.68523], [-51.111834, -29.685231], [-51.111836, -29.685244], [-51.111847, -29.685242], [-51.111847, -29.685246], [-51.111871, -29.685244], [-51.111873, -29.685254]]]}, "properties": {"info": {"is_agg": true, "building": "yes", "properties_agg": [{"hnum": "310", "building": "yes", "feature_id": 100824}], "geom_cmp_equals": [false], "geom_cmp_intersec": [0.6745664808054255]}, "error": 100, "address": "?, ?"}},
{"type": "Feature", "geometry": {"type": "Polygon", "coordinates": [[[-51.112926, -29.689261], [-51.112861, -29.689266], [-51.112867, -29.689329], [-51.112933, -29.689324], [-51.112926, -29.689261]]]}, "properties": {"info": {"building": "yes"}, "address": "?, ?"}},
{"type": "Feature", "geometry": {"type": "Polygon", "coordinates": [[[-51.112989, -29.689731], [-51.112973, -29.689732], [-51.112971, -29.689711], [-51.112987, -29.68971], [-51.11298, -29.689642], [-51.11291, -29.689648], [-51.112917, -29.689715], [-51.112919, -29.689715], [-51.112922, -29.689736], [-51.112919, -29.689737], [-51.112926, -29.689804], [-51.112997, -29.689798], [-51.112989, -29.689731]]]}, "properties": {"info": {"building": "yes"}, "address": "?, ?"}},
{"type": "Feature", "geometry": {"type": "Polygon", "coordinates": [[[-51.112973, -29.689575], [-51.112967, -29.689576], [-51.112964, -29.689555], [-51.112971, -29.689554], [-51.112963, -29.689487], [-51.112893, -29.689493], [-51.1129, -29.689558], [-51.112898, -29.689559], [-51.112901, -29.689583], [-51.112903, -29.689583], [-51.11291, -29.689648], [-51.11298, -29.689642], [-51.112973, -29.689575]]]}, "properties": {"info": {"is_agg": true, "building": "yes", "properties_agg": [{"building": "yes", "feature_id": 31189}], "geom_cmp_equals": [false], "geom_cmp_intersec": [0.9838064774101138]}, "error": 100, "address": "?, ?"}},
{"type": "Feature", "geometry": {"type": "Polygon", "coordinates": [[[-51.112849, -29.689587], [-51.112851, -29.689587], [-51.112849, -29.689563], [-51.112847, -29.689563], [-51.11284, -29.689497], [-51.112769, -29.689503], [-51.112776, -29.68957], [-51.112783, -29.689569], [-51.112785, -29.689591], [-51.112779, -29.689591], [-51.112786, -29.689658], [-51.112856, -29.689653], [-51.112849, -29.689587]]]}, "properties": {"info": {"building": "yes"}, "address": "?, ?"}},
{"type": "Feature", "geometry": {"type": "Polygon", "coordinates": [[[-51.112849, -29.689586], [-51.112847, -29.689586], [-51.112844, -29.689564], [-51.112847, -29.689564], [-51.11284, -29.689497], [-51.112769, -29.689503], [-51.112776, -29.68957], [-51.112793, -29.689569], [-51.112795, -29.68959], [-51.112779, -29.689591], [-51.112786, -29.689658], [-51.112856, -29.689653], [-51.112849, -29.689586]]]}, "properties": {"info": {"building": "yes"}, "address": "?, ?"}},
{"type": "Feature", "geometry": {"type": "Polygon", "coordinates": [[[-51.112569, -29.689765], [-51.112563, -29.689766], [-51.112561, -29.689744], [-51.112567, -29.689744], [-51.11256, -29.689677], [-51.112489, -29.689682], [-51.112496, -29.689748], [-51.112494, -29.689748], [-51.112497, -29.689773], [-51.112499, -29.689772], [-51.112506, -29.689838], [-51.112576, -29.689832], [-51.112569, -29.689765]]]}, "properties": {"info": {"is_agg": true, "building": "yes", "properties_agg": [{"building": "yes", "feature_id": 31193}], "geom_cmp_equals": [false], "geom_cmp_intersec": [0.9843271699836653]}, "error": 100, "address": "?, ?"}},
{"type": "Feature", "geometry": {"type": "Polygon", "coordinates": [[[-51.115817, -29.690354], [-51.115825, -29.690342], [-51.115793, -29.690325], [-51.115785, -29.690337], [-51.115817, -29.690354]]]}, "properties": {"info": {"building": "yes"}, "address": "?, ?"}},
{"type": "Feature", "geometry": {"type": "Polygon", "coordinates": [[[-51.116705, -29.690365], [-51.116685, -29.690351], [-51.116664, -29.690375], [-51.116684, -29.690389], [-51.116705, -29.690365]]]}, "properties": {"info": {"building": "yes"}, "address": "?, ?"}},
{"type": "Feature", "geometry": {"type": "Polygon", "coordinates": [[[-51.116526, -29.690419], [-51.116476, -29.690388], [-51.116419, -29.690457], [-51.116469, -29.690489], [-51.116511, -29.690438], [-51.116526, -29.690419]]]}, "properties": {"info": {"building": "yes"}, "address": "?, ?"}},
{"type": "Feature", "geometry": {"type": "Polygon", "coordinates": [[[-51.114516, -29.68636], [-51.114511, -29.686331], [-51.114482, -29.686335], [-51.114487, -29.686363], [-51.114516, -29.68636]]]}, "properties": {"info": {"building": "yes"}, "address": "?, ?"}},
{"type": "Feature", "geometry": {"type": "Polygon", "coordinates": [[[-51.115046, -29.686554], [-51.11503, -29.68646], [-51.114972, -29.686467], [-51.114987, -29.686561], [-51.115046, -29.686554]]]}, "properties": {"info": {"building": "yes"}, "address": "?, ?"}},
{"type": "Feature", "geometry": {"type": "Polygon", "coordinates": [[[-51.113541, -29.686822], [-51.113522, -29.686836], [-51.113548, -29.686867], [-51.113569, -29.686852], [-51.113541, -29.686822]]]}, "properties": {"info": {"building": "yes"}, "address": "?, ?"}},
{"type": "Feature", "geometry": {"type": "Polygon", "coordinates": [[[-51.114739, -29.686918], [-51.114718, -29.68684], [-51.114673, -29.686849], [-51.114694, -29.686927], [-51.114739, -29.686918]]]}, "properties": {"info": {"building": "yes"}, "address": "?, ?"}},
{"type": "Feature", "geometry": {"type": "Polygon", "coordinates": [[[-51.118436, -29.685642], [-51.118442, -29.685704], [-51.118483, -29.685701], [-51.118474, -29.68564], [-51.118436, -29.685642]]]}, "properties": {"info": {"building": "yes"}, "address": "?, 629"}},
{"type": "Feature", "geometry": {"type": "Polygon", "coordinates": [[[-51.118436, -29.685642], [-51.118399, -29.685646], [-51.118404, -29.685707], [-51.118442, -29.685704], [-51.118436, -29.685642]]]}, "properties": {"info": {"building": "yes"}, "address": "?, 629"}},
{"type": "Feature", "geometry": {"type": "Polygon", "coordinates": [[[-51.118399, -29.685646], [-51.118357, -29.685649], [-51.118361, -29.68571], [-51.118404, -29.685707], [-51.118399, -29.685646]]]}, "properties": {"info": {"building": "yes"}, "address": "?, 629"}},
{"type": "Feature", "geometry": {"type": "Polygon", "coordinates": [[[-51.118357, -29.685649], [-51.118314, -29.685652], [-51.11832, -29.685712], [-51.118361, -29.68571], [-51.118357, -29.685649]]]}, "properties": {"info": {"building": "yes"}, "address": "?, 629"}},
{"type": "Feature", "geometry": {"type": "Polygon", "coordinates": [[[-51.118274, -29.685654], [-51.118278, -29.685716], [-51.11832, -29.685712], [-51.118314, -29.685652], [-51.118274, -29.685654]]]}, "properties": {"info": {"building": "yes"}, "address": "?, 629"}},
{"type": "Feature", "geometry": {"type": "Polygon", "coordinates": [[[-51.118274, -29.685654], [-51.11823, -29.685657], [-51.118237, -29.685717], [-51.118278, -29.685716], [-51.118274, -29.685654]]]}, "properties": {"info": {"building": "yes"}, "address": "?, 629"}},
{"type": "Feature", "geometry": {"type": "Polygon", "coordinates": [[[-51.11823, -29.685657], [-51.11819, -29.685661], [-51.118196, -29.685723], [-51.118237, -29.685717], [-51.11823, -29.685657]]]}, "properties": {"info": {"building": "yes"}, "address": "?, 629"}},
{"type": "Feature", "geometry": {"type": "Polygon", "coordinates": [[[-51.118184, -29.685617], [-51.118314, -29.685607], [-51.118307, -29.685539], [-51.118178, -29.685548], [-51.118184, -29.685617]]]}, "properties": {"info": {"building": "yes"}, "address": "?, 621"}},
{"type": "Feature", "geometry": {"type": "Polygon", "coordinates": [[[-51.118428, -29.685703], [-51.118432, -29.685732], [-51.11846, -29.685729], [-51.118465, -29.685775], [-51.118556, -29.685767], [-51.118555, -29.685754], [-51.118571, -29.685752], [-51.118564, -29.68569], [-51.118428, -29.685703]]]}, "properties": {"info": {"building": "yes"}, "address": "?, 38"}},
{"type": "Feature", "geometry": {"type": "Polygon", "coordinates": [[[-51.115176, -29.686711], [-51.115173, -29.686687], [-51.115161, -29.686688], [-51.115158, -29.686665], [-51.115109, -29.686669], [-51.115108, -29.686661], [-51.115091, -29.686662], [-51.115092, -29.686671], [-51.115059, -29.686674], [-51.115061, -29.686697], [-51.115054, -29.686697], [-51.115059, -29.686733], [-51.115116, -29.686728], [-51.115115, -29.686717], [-51.115164, -29.686713], [-51.115176, -29.686711]]]}, "properties": {"info": {"is_agg": true, "building": "yes", "properties_agg": [{"hnum": "250", "building": "yes", "feature_id": 31976}, {"hnum": "250", "building": "yes", "feature_id": 32092}], "geom_cmp_equals": [true, true], "geom_cmp_intersec": [1, 1]}, "error": 100, "address": "?, 250"}},
{"type": "Feature", "geometry": {"type": "Polygon", "coordinates": [[[-51.115059, -29.686733], [-51.115063, -29.686769], [-51.11507, -29.686768], [-51.115073, -29.686791], [-51.115107, -29.686788], [-51.115108, -29.686797], [-51.115124, -29.686795], [-51.115123, -29.686787], [-51.115173, -29.686782], [-51.11517, -29.686759], [-51.115182, -29.686758], [-51.115179, -29.686733], [-51.115167, -29.686734], [-51.115117, -29.686739], [-51.115116, -29.686728], [-51.115059, -29.686733]]]}, "properties": {"info": {"is_agg": true, "building": "yes", "properties_agg": [{"hnum": "250", "building": "yes", "feature_id": 32137}, {"hnum": "250", "building": "yes", "feature_id": 32321}], "geom_cmp_equals": [true, true], "geom_cmp_intersec": [1, 1]}, "error": 100, "address": "?, 250"}},
{"type": "Feature", "geometry": {"type": "Polygon", "coordinates": [[[-51.116142, -29.689547], [-51.116164, -29.689519], [-51.116127, -29.689497], [-51.116104, -29.689527], [-51.11608, -29.689512], [-51.116074, -29.68952], [-51.116062, -29.689522], [-51.116055, -29.689532], [-51.116057, -29.68954], [-51.116053, -29.689546], [-51.116042, -29.689547], [-51.11603, -29.689563], [-51.116063, -29.689582], [-51.116064, -29.689589], [-51.116091, -29.689605], [-51.116112, -29.689602], [-51.116151, -29.689552], [-51.116142, -29.689547]]]}, "properties": {"info": {"building": "yes"}, "address": "?, 180"}},
{"type": "Feature", "geometry": {"type": "Polygon", "coordinates": [[[-51.11627, -29.689634], [-51.116236, -29.689613], [-51.1162, -29.689658], [-51.116234, -29.689678], [-51.11627, -29.689634]]]}, "properties": {"info": {"building": "yes"}, "address": "?, 180"}},
{"type": "Feature", "geometry": {"type": "Polygon", "coordinates": [[[-51.116084, -29.689615], [-51.116104, -29.689611], [-51.116151, -29.689552], [-51.116156, -29.689555], [-51.116165, -29.689543], [-51.116178, -29.689551], [-51.116218, -29.6895], [-51.116133, -29.689448], [-51.116119, -29.689451], [-51.116093, -29.689484], [-51.116095, -29.689494], [-51.116085, -29.689506], [-51.116073, -29.689508], [-51.116051, -29.689537], [-51.116046, -29.689534], [-51.116023, -29.689563], [-51.116025, -29.68957], [-51.11605, -29.689585], [-51.116061, -29.689592], [-51.116063, -29.689603], [-51.116084, -29.689615]]]}, "properties": {"info": {"building": "yes"}, "address": "?, 180"}},
{"type": "Feature", "geometry": {"type": "Polygon", "coordinates": [[[-51.116386, -29.689763], [-51.116472, -29.689655], [-51.116427, -29.689628], [-51.116342, -29.689737], [-51.116386, -29.689763]]]}, "properties": {"info": {"building": "yes"}, "address": "?, ?"}},
{"type": "Feature", "geometry": {"type": "Polygon", "coordinates": [[[-51.116386, -29.68966], [-51.11632, -29.689621], [-51.116257, -29.689703], [-51.116322, -29.689742], [-51.116386, -29.68966]]]}, "properties": {"info": {"building": "yes"}, "address": "?, 160"}},
{"type": "Feature", "geometry": {"type": "Polygon", "coordinates": [[[-51.116493, -29.689523], [-51.116465, -29.689559], [-51.116518, -29.689589], [-51.116544, -29.689555], [-51.116493, -29.689523]]]}, "properties": {"info": {"building": "yes"}, "address": "?, 152"}},
{"type": "Feature", "geometry": {"type": "Polygon", "coordinates": [[[-51.116415, -29.689781], [-51.116459, -29.689725], [-51.116469, -29.689731], [-51.116483, -29.689713], [-51.116473, -29.689707], [-51.116494, -29.689681], [-51.116465, -29.689664], [-51.116472, -29.689655], [-51.116427, -29.689628], [-51.116342, -29.689737], [-51.116415, -29.689781]]]}, "properties": {"info": {"building": "yes"}, "address": "?, 152"}},
{"type": "Feature", "geometry": {"type": "Polygon", "coordinates": [[[-51.115172, -29.686649], [-51.115167, -29.686606], [-51.115142, -29.686608], [-51.115147, -29.686651], [-51.115157, -29.686651], [-51.115172, -29.686649]]]}, "properties": {"info": {"building": "yes"}, "address": "?, ?"}},
{"type": "Feature", "geometry": {"type": "Polygon", "coordinates": [[[-51.116836, -29.689914], [-51.116816, -29.689903], [-51.116803, -29.689919], [-51.116824, -29.689931], [-51.116816, -29.689942], [-51.116855, -29.689965], [-51.116846, -29.689977], [-51.116882, -29.689999], [-51.116896, -29.690007], [-51.116917, -29.68998], [-51.116903, -29.689971], [-51.116945, -29.689918], [-51.116868, -29.689873], [-51.116836, -29.689914]]]}, "properties": {"info": {"building": "yes"}, "address": "?, 391"}},
{"type": "Feature", "geometry": {"type": "Polygon", "coordinates": [[[-51.116855, -29.689965], [-51.116816, -29.689942], [-51.116807, -29.689953], [-51.116846, -29.689977], [-51.116882, -29.689999], [-51.116891, -29.689987], [-51.116855, -29.689965]]]}, "properties": {"info": {"building": "yes"}, "address": "?, ?"}},
{"type": "Feature", "geometry": {"type": "Polygon", "coordinates": [[[-51.116845, -29.689848], [-51.116897, -29.689781], [-51.116854, -29.689756], [-51.116802, -29.689823], [-51.116845, -29.689848]]]}, "properties": {"info": {"building": "yes"}, "address": "?, 407"}},
{"type": "Feature", "geometry": {"type": "Polygon", "coordinates": [[[-51.116819, -29.689527], [-51.116778, -29.689579], [-51.116863, -29.68963], [-51.116904, -29.689578], [-51.116819, -29.689527]]]}, "properties": {"info": {"building": "yes"}, "address": "?, 425"}},
{"type": "Feature", "geometry": {"type": "Polygon", "coordinates": [[[-51.116752, -29.689804], [-51.116689, -29.689884], [-51.116807, -29.689953], [-51.116816, -29.689942], [-51.116891, -29.689987], [-51.116945, -29.689918], [-51.116752, -29.689804]]]}, "properties": {"info": {"building": "yes"}, "address": "?, 395"}},
{"type": "Feature", "geometry": {"type": "Polygon", "coordinates": [[[-51.116368, -29.689164], [-51.116342, -29.689149], [-51.11629, -29.689214], [-51.116346, -29.689248], [-51.116343, -29.689252], [-51.116295, -29.689312], [-51.116349, -29.689345], [-51.116409, -29.68927], [-51.116391, -29.689259], [-51.116406, -29.68924], [-51.116424, -29.689251], [-51.116457, -29.68921], [-51.116416, -29.689184], [-51.116422, -29.689177], [-51.1164, -29.689164], [-51.116398, -29.689155], [-51.116389, -29.689149], [-51.116379, -29.689151], [-51.116368, -29.689164]]]}, "properties": {"info": {"building": "yes"}, "address": "?, 75"}},
{"type": "Feature", "geometry": {"type": "Polygon", "coordinates": [[[-51.116368, -29.689164], [-51.116342, -29.689149], [-51.116306, -29.689194], [-51.11635, -29.689221], [-51.116354, -29.689239], [-51.116346, -29.689248], [-51.116343, -29.689252], [-51.116379, -29.689274], [-51.116391, -29.689259], [-51.116406, -29.68924], [-51.116424, -29.689251], [-51.116457, -29.68921], [-51.116416, -29.689184], [-51.116422, -29.689177], [-51.1164, -29.689164], [-51.116398, -29.689155], [-51.116389, -29.689149], [-51.116379, -29.689151], [-51.116368, -29.689164]]]}, "properties": {"info": {"building": "yes"}, "address": "?, 75"}},
{"type": "Feature", "geometry": {"type": "Polygon", "coordinates": [[[-51.117004, -29.689579], [-51.117039, -29.689534], [-51.117016, -29.68952], [-51.11702, -29.689514], [-51.116977, -29.689489], [-51.116973, -29.689494], [-51.116951, -29.689481], [-51.116916, -29.689526], [-51.117004, -29.689579]]]}, "properties": {"info": {"building": "yes"}, "address": "?, 15"}},
{"type": "Feature", "geometry": {"type": "Polygon", "coordinates": [[[-51.115147, -29.686651], [-51.115142, -29.686608], [-51.115117, -29.686611], [-51.115123, -29.686654], [-51.115132, -29.686653], [-51.115147, -29.686651]]]}, "properties": {"info": {"is_agg": true, "building": "yes", "properties_agg": [{"building": "yes", "feature_id": 32542}], "geom_cmp_equals": [false], "geom_cmp_intersec": [0]}, "error": 100, "address": "?, ?"}},
{"type": "Feature", "geometry": {"type": "Polygon", "coordinates": [[[-51.11701, -29.688508], [-51.117017, -29.688419], [-51.116856, -29.688411], [-51.116848, -29.688498], [-51.11701, -29.688508]]]}, "properties": {"info": {"building": "yes"}, "address": "?, 561"}},
{"type": "Feature", "geometry": {"type": "Polygon", "coordinates": [[[-51.117142, -29.688426], [-51.117135, -29.688515], [-51.117219, -29.688521], [-51.117229, -29.68843], [-51.117142, -29.688426]]]}, "properties": {"info": {"building": "yes"}, "address": "?, 561"}},
{"type": "Feature", "geometry": {"type": "Polygon", "coordinates": [[[-51.115073, -29.686658], [-51.115068, -29.686615], [-51.115043, -29.686618], [-51.115049, -29.686661], [-51.115058, -29.68666], [-51.115073, -29.686658]]]}, "properties": {"info": {"is_agg": true, "building": "yes", "properties_agg": [{"building": "yes", "feature_id": 32579}], "geom_cmp_equals": [false], "geom_cmp_intersec": [0]}, "error": 100, "address": "?, ?"}},
{"type": "Feature", "geometry": {"type": "Polygon", "coordinates": [[[-51.115049, -29.686661], [-51.115043, -29.686618], [-51.115019, -29.68662], [-51.115024, -29.686663], [-51.115033, -29.686662], [-51.115049, -29.686661]]]}, "properties": {"info": {"building": "yes"}, "address": "?, ?"}},
{"type": "Feature", "geometry": {"type": "Polygon", "coordinates": [[[-51.11642, -29.688939], [-51.116496, -29.688985], [-51.116575, -29.688886], [-51.116495, -29.688838], [-51.11642, -29.688939]]]}, "properties": {"info": {"building": "yes"}, "address": "?, 86"}},
{"type": "Feature", "geometry": {"type": "Polygon", "coordinates": [[[-51.116464, -29.688594], [-51.116461, -29.688638], [-51.116497, -29.688646], [-51.116501, -29.688596], [-51.116464, -29.688594]]]}, "properties": {"info": {"building": "yes"}, "address": "?, 77"}},
{"type": "Feature", "geometry": {"type": "Polygon", "coordinates": [[[-51.116537, -29.689003], [-51.116545, -29.688993], [-51.116593, -29.689022], [-51.116627, -29.688978], [-51.1166, -29.688962], [-51.116628, -29.688926], [-51.116571, -29.688891], [-51.1165, -29.68898], [-51.116537, -29.689003]]]}, "properties": {"info": {"is_agg": true, "building": "yes", "properties_agg": [{"hnum": "76", "building": "yes", "feature_id": 32600}], "geom_cmp_equals": [false], "geom_cmp_intersec": [0.9307165024827012]}, "error": 100, "address": "?, 76"}},
{"type": "Feature", "geometry": {"type": "Polygon", "coordinates": [[[-51.116537, -29.688438], [-51.116532, -29.688508], [-51.116538, -29.688508], [-51.116535, -29.688534], [-51.11653, -29.688534], [-51.116528, -29.688564], [-51.116621, -29.68857], [-51.116624, -29.688529], [-51.116608, -29.688528], [-51.11661, -29.688512], [-51.116625, -29.688513], [-51.11663, -29.688444], [-51.116537, -29.688438]]]}, "properties": {"info": {"building": "yes"}, "address": "?, 65"}},
{"type": "Feature", "geometry": {"type": "Polygon", "coordinates": [[[-51.116576, -29.688453], [-51.116572, -29.688509], [-51.116537, -29.688507], [-51.116535, -29.688534], [-51.11653, -29.688534], [-51.116528, -29.688564], [-51.116621, -29.68857], [-51.116624, -29.688529], [-51.116608, -29.688528], [-51.11661, -29.688512], [-51.116625, -29.688513], [-51.116629, -29.688456], [-51.116576, -29.688453]]]}, "properties": {"info": {"building": "yes"}, "address": "?, 65"}},
{"type": "Feature", "geometry": {"type": "Polygon", "coordinates": [[[-51.116638, -29.688452], [-51.116631, -29.688528], [-51.116734, -29.688535], [-51.116741, -29.688459], [-51.116638, -29.688452]]]}, "properties": {"info": {"is_agg": true, "building": "yes", "properties_agg": [{"hnum": "55", "building": "yes", "feature_id": 32595}], "geom_cmp_equals": [true], "geom_cmp_intersec": [1]}, "error": 100, "address": "?, 55"}},
{"type": "Feature", "geometry": {"type": "Polygon", "coordinates": [[[-51.11684, -29.689059], [-51.116832, -29.689068], [-51.116844, -29.689076], [-51.116874, -29.68904], [-51.116763, -29.688971], [-51.116741, -29.688997], [-51.11684, -29.689059]]]}, "properties": {"info": {"building": "yes"}, "address": "?, ?"}},
{"type": "Feature", "geometry": {"type": "Polygon", "coordinates": [[[-51.116772, -29.689016], [-51.116785, -29.689001], [-51.116754, -29.688981], [-51.116741, -29.688997], [-51.116772, -29.689016]]]}, "properties": {"info": {"building": "yes"}, "address": "?, ?"}},
{"type": "Feature", "geometry": {"type": "Polygon", "coordinates": [[[-51.116628, -29.688926], [-51.116645, -29.688906], [-51.116631, -29.688897], [-51.116645, -29.688879], [-51.116601, -29.688853], [-51.116571, -29.688891], [-51.116628, -29.688926]]]}, "properties": {"info": {"building": "yes"}, "address": "?, 76"}},
{"type": "Feature", "geometry": {"type": "Polygon", "coordinates": [[[-51.116705, -29.689041], [-51.116736, -29.68906], [-51.116729, -29.689069], [-51.116754, -29.689085], [-51.116724, -29.689122], [-51.116766, -29.689148], [-51.11684, -29.689059], [-51.116741, -29.688997], [-51.116705, -29.689041]]]}, "properties": {"info": {"building": "yes"}, "address": "?, ?"}},
{"type": "Feature", "geometry": {"type": "Polygon", "coordinates": [[[-51.115696, -29.688435], [-51.115703, -29.688459], [-51.11572, -29.688472], [-51.115825, -29.688465], [-51.115857, -29.688398], [-51.115694, -29.688408], [-51.115696, -29.688435]]]}, "properties": {"info": {"building": "yes"}, "address": "?, ?"}},
{"type": "Feature", "geometry": {"type": "Polygon", "coordinates": [[[-51.115586, -29.688461], [-51.115619, -29.68842], [-51.115532, -29.688427], [-51.115586, -29.688461]]]}, "properties": {"info": {"building": "yes"}, "address": "?, ?"}},
{"type": "Feature", "geometry": {"type": "Polygon", "coordinates": [[[-51.117134, -29.688894], [-51.117135, -29.68888], [-51.117096, -29.688878], [-51.117095, -29.688891], [-51.117134, -29.688894]]]}, "properties": {"info": {"building": "yes"}, "address": "?, 499"}},
{"type": "Feature", "geometry": {"type": "Polygon", "coordinates": [[[-51.117006, -29.688915], [-51.117077, -29.688919], [-51.117075, -29.688935], [-51.11713, -29.688939], [-51.117134, -29.688894], [-51.117095, -29.688891], [-51.117096, -29.688878], [-51.11701, -29.688873], [-51.117006, -29.688915]]]}, "properties": {"info": {"building": "yes"}, "address": "?, 499"}},
{"type": "Feature", "geometry": {"type": "Polygon", "coordinates": [[[-51.116841, -29.688862], [-51.116917, -29.68901], [-51.116928, -29.688868], [-51.116841, -29.688862]]]}, "properties": {"info": {"building": "yes"}, "address": "?, 499"}},
{"type": "Feature", "geometry": {"type": "Polygon", "coordinates": [[[-51.116928, -29.688868], [-51.116841, -29.688862], [-51.116878, -29.688933], [-51.116923, -29.688936], [-51.116928, -29.688868]]]}, "properties": {"info": {"building": "yes"}, "address": "?, 499"}},
{"type": "Feature", "geometry": {"type": "Polygon", "coordinates": [[[-51.117148, -29.688881], [-51.116928, -29.688868], [-51.116924, -29.688921], [-51.116991, -29.688925], [-51.11699, -29.688937], [-51.117025, -29.688939], [-51.117023, -29.688961], [-51.117015, -29.688961], [-51.117012, -29.688998], [-51.117047, -29.689], [-51.117046, -29.689018], [-51.117137, -29.689023], [-51.117148, -29.688881]]]}, "properties": {"info": {"building": "yes"}, "address": "?, 499"}},
{"type": "Feature", "geometry": {"type": "Polygon", "coordinates": [[[-51.117152, -29.688791], [-51.117037, -29.688783], [-51.117029, -29.688873], [-51.117143, -29.688881], [-51.117152, -29.688791]]]}, "properties": {"info": {"building": "yes"}, "address": "?, 509"}},
{"type": "Feature", "geometry": {"type": "Polygon", "coordinates": [[[-51.117037, -29.688783], [-51.116862, -29.68877], [-51.116854, -29.68886], [-51.117029, -29.688873], [-51.117037, -29.688783]]]}, "properties": {"info": {"building": "yes"}, "address": "?, 509"}},
{"type": "Feature", "geometry": {"type": "Polygon", "coordinates": [[[-51.117123, -29.689022], [-51.11713, -29.688939], [-51.117075, -29.688935], [-51.117077, -29.688919], [-51.117006, -29.688915], [-51.11701, -29.688873], [-51.116928, -29.688868], [-51.116917, -29.68901], [-51.116992, -29.689014], [-51.117123, -29.689022]]]}, "properties": {"info": {"building": "yes"}, "address": "?, 499"}},
{"type": "Feature", "geometry": {"type": "Polygon", "coordinates": [[[-51.115955, -29.688452], [-51.115894, -29.68844], [-51.115881, -29.68849], [-51.115857, -29.688475], [-51.115809, -29.688534], [-51.115876, -29.688576], [-51.115923, -29.688519], [-51.115935, -29.688527], [-51.115955, -29.688452]]]}, "properties": {"info": {"building": "yes"}, "address": "?, ?"}},
{"type": "Feature", "geometry": {"type": "Polygon", "coordinates": [[[-51.115816, -29.688525], [-51.115849, -29.688546], [-51.115842, -29.688555], [-51.115876, -29.688576], [-51.115924, -29.688517], [-51.115857, -29.688475], [-51.115816, -29.688525]]]}, "properties": {"info": {"building": "yes"}, "address": "?, ?"}},
{"type": "Feature", "geometry": {"type": "Polygon", "coordinates": [[[-51.116878, -29.689218], [-51.116932, -29.689166], [-51.116917, -29.689155], [-51.116946, -29.689122], [-51.116882, -29.68908], [-51.116804, -29.68917], [-51.116878, -29.689218]]]}, "properties": {"info": {"is_agg": true, "building": "yes", "properties_agg": [{"building": "yes", "feature_id": 32617}], "geom_cmp_equals": [false], "geom_cmp_intersec": [0.8502440087143585]}, "error": 100, "address": "?, ?"}},
{"type": "Feature", "geometry": {"type": "Polygon", "coordinates": [[[-51.116818, -29.68891], [-51.116858, -29.688941], [-51.116867, -29.68893], [-51.116848, -29.688873], [-51.116818, -29.68891]]]}, "properties": {"info": {"building": "yes"}, "address": "?, ?"}},
{"type": "Feature", "geometry": {"type": "Polygon", "coordinates": [[[-51.114173, -29.688785], [-51.114094, -29.688874], [-51.114189, -29.68894], [-51.11427, -29.688853], [-51.114173, -29.688785]]]}, "properties": {"info": {"building": "yes"}, "address": "?, ?"}},
{"type": "Feature", "geometry": {"type": "Polygon", "coordinates": [[[-51.113983, -29.689074], [-51.11401, -29.689037], [-51.113949, -29.689003], [-51.113922, -29.68904], [-51.113983, -29.689074]]]}, "properties": {"info": {"building": "yes"}, "address": "?, ?"}},
{"type": "Feature", "geometry": {"type": "Polygon", "coordinates": [[[-51.114432, -29.688791], [-51.114442, -29.688798], [-51.114407, -29.688841], [-51.114397, -29.688835], [-51.114339, -29.688907], [-51.114349, -29.688913], [-51.114315, -29.688956], [-51.114304, -29.68895], [-51.114275, -29.688987], [-51.114334, -29.689023], [-51.114324, -29.689035], [-51.114245, -29.688986], [-51.114208, -29.689032], [-51.114244, -29.689054], [-51.114194, -29.689116], [-51.114209, -29.689125], [-51.114206, -29.68913], [-51.114218, -29.689138], [-51.114222, -29.689133], [-51.114251, -29.689151], [-51.114261, -29.689138], [-51.114336, -29.689184], [-51.114323, -29.6892], [-51.114293, -29.689181], [-51.114286, -29.68919], [-51.114266, -29.689178], [-51.114222, -29.689232], [-51.114258, -29.689254], [-51.114242, -29.689273], [-51.114289, -29.689302], [-51.114305, -29.689282], [-51.114335, -29.689301], [-51.114342, -29.689292], [-51.114363, -29.689305], [-51.114399, -29.689259], [-51.114379, -29.689247], [-51.114386, -29.689238], [-51.114341, -29.68921], [-51.114353, -29.689194], [-51.114445, -29.689249], [-51.114537, -29.689134], [-51.114548, -29.68914], [-51.114662, -29.688997], [-51.1146, -29.688959], [-51.114589, -29.688972], [-51.114579, -29.688966], [-51.114498, -29.689067], [-51.114378, -29.688993], [-51.114523, -29.688812], [-51.114513, -29.688806], [-51.114523, -29.688793], [-51.114461, -29.688755], [-51.114432, -29.688791]]]}, "properties": {"info": {"building": "yes"}, "address": "?, 101"}},
{"type": "Feature", "geometry": {"type": "Polygon", "coordinates": [[[-51.114469, -29.688904], [-51.114563, -29.688962], [-51.114577, -29.688946], [-51.114482, -29.688888], [-51.114469, -29.688904]]]}, "properties": {"info": {"building": "yes"}, "address": "?, ?"}},
{"type": "Feature", "geometry": {"type": "Polygon", "coordinates": [[[-51.114255, -29.688954], [-51.114249, -29.688956], [-51.114246, -29.688958], [-51.114244, -29.688959], [-51.114242, -29.688962], [-51.114241, -29.688964], [-51.11424, -29.688967], [-51.11424, -29.688972], [-51.114242, -29.688978], [-51.114246, -29.688982], [-51.114249, -29.688983], [-51.114252, -29.688985], [-51.114264, -29.688985], [-51.114267, -29.688983], [-51.114269, -29.688982], [-51.114272, -29.68898], [-51.114273, -29.688978], [-51.114275, -29.688975], [-51.114276, -29.688972], [-51.114276, -29.688967], [-51.114275, -29.688964], [-51.114273, -29.688962], [-51.114272, -29.688959], [-51.114269, -29.688958], [-51.114267, -29.688956], [-51.114261, -29.688954], [-51.114255, -29.688954]]]}, "properties": {"info": {"building": "yes"}, "address": "?, ?"}},
{"type": "Feature", "geometry": {"type": "Polygon", "coordinates": [[[-51.113696, -29.689395], [-51.113701, -29.689406], [-51.113772, -29.689446], [-51.113801, -29.689462], [-51.113828, -29.689429], [-51.113758, -29.689389], [-51.113717, -29.689367], [-51.113696, -29.689395]]]}, "properties": {"info": {"building": "yes"}, "address": "?, 64"}},
{"type": "Feature", "geometry": {"type": "Polygon", "coordinates": [[[-51.11375, -29.689323], [-51.113717, -29.689367], [-51.113758, -29.689389], [-51.11379, -29.689345], [-51.11375, -29.689323]]]}, "properties": {"info": {"is_agg": true, "building": "yes", "properties_agg": [{"hnum": "64", "building": "yes", "feature_id": 32814}], "geom_cmp_equals": [false], "geom_cmp_intersec": [0.9345934432767394]}, "error": 100, "address": "?, 64"}},
{"type": "Feature", "geometry": {"type": "Polygon", "coordinates": [[[-51.11379, -29.689346], [-51.113802, -29.689352], [-51.113839, -29.689302], [-51.113787, -29.689273], [-51.11375, -29.689323], [-51.11379, -29.689346]]]}, "properties": {"info": {"is_agg": true, "building": "yes", "properties_agg": [{"building": "yes", "feature_id": 32812}, {"hnum": "64", "building": "yes", "feature_id": 32813}], "geom_cmp_equals": [false, true], "geom_cmp_intersec": [0.8962541791115427, 1]}, "error": 100, "address": "?, 64"}},
{"type": "Feature", "geometry": {"type": "Polygon", "coordinates": [[[-51.113752, -29.689472], [-51.113766, -29.689505], [-51.113801, -29.689462], [-51.113772, -29.689446], [-51.113752, -29.689472]]]}, "properties": {"info": {"building": "yes"}, "address": "?, 64"}},
{"type": "Feature", "geometry": {"type": "Polygon", "coordinates": [[[-51.113839, -29.689302], [-51.113802, -29.689352], [-51.113811, -29.689357], [-51.113853, -29.689302], [-51.113831, -29.689289], [-51.113827, -29.689295], [-51.113839, -29.689302]]]}, "properties": {"info": {"building": "yes"}, "address": "?, ?"}},
{"type": "Feature", "geometry": {"type": "Polygon", "coordinates": [[[-51.113817, -29.689375], [-51.113854, -29.689397], [-51.113878, -29.689368], [-51.113854, -29.689353], [-51.113817, -29.689375]]]}, "properties": {"info": {"building": "yes"}, "address": "?, 64"}},
{"type": "Feature", "geometry": {"type": "Polygon", "coordinates": [[[-51.114849, -29.686323], [-51.114905, -29.686317], [-51.114888, -29.686193], [-51.114832, -29.686199], [-51.114849, -29.686323]]]}, "properties": {"info": {"is_agg": true, "building": "yes", "properties_agg": [{"building": "yes", "feature_id": 87239}], "geom_cmp_equals": [true], "geom_cmp_intersec": [1]}, "error": 100, "address": "?, 10"}},
{"type": "Feature", "geometry": {"type": "Polygon", "coordinates": [[[-51.114838, -29.690044], [-51.114787, -29.690012], [-51.114777, -29.690025], [-51.114828, -29.690056], [-51.114838, -29.690044]]]}, "properties": {"info": {"building": "yes"}, "address": "?, 176"}},
{"type": "Feature", "geometry": {"type": "Polygon", "coordinates": [[[-51.115581, -29.689717], [-51.115546, -29.68976], [-51.115601, -29.689794], [-51.115636, -29.689751], [-51.115581, -29.689717]]]}, "properties": {"info": {"is_agg": true, "building": "yes", "properties_agg": [{"hnum": "377", "building": "yes", "feature_id": 44295}], "geom_cmp_equals": [true], "geom_cmp_intersec": [1]}, "error": 100, "address": "?, 377"}},
{"type": "Feature", "geometry": {"type": "Polygon", "coordinates": [[[-51.113366, -29.690027], [-51.113428, -29.690065], [-51.113443, -29.690047], [-51.113381, -29.690008], [-51.113366, -29.690027]]]}, "properties": {"info": {"building": "yes"}, "address": "?, 8"}},
{"type": "Feature", "geometry": {"type": "Polygon", "coordinates": [[[-51.114957, -29.689156], [-51.114945, -29.689149], [-51.114903, -29.689203], [-51.114955, -29.689233], [-51.114996, -29.689179], [-51.114957, -29.689156]]]}, "properties": {"info": {"building": "yes"}, "address": "?, 295"}},
{"type": "Feature", "geometry": {"type": "Polygon", "coordinates": [[[-51.115405, -29.689948], [-51.115352, -29.690014], [-51.115398, -29.690043], [-51.115452, -29.689976], [-51.115405, -29.689948]]]}, "properties": {"info": {"building": "yes"}, "address": "?, 223"}},
{"type": "Feature", "geometry": {"type": "Polygon", "coordinates": [[[-51.113794, -29.689829], [-51.113747, -29.6898], [-51.113732, -29.689819], [-51.113778, -29.689848], [-51.113794, -29.689829]]]}, "properties": {"info": {"building": "yes"}, "address": "?, 25"}},
{"type": "Feature", "geometry": {"type": "Polygon", "coordinates": [[[-51.113747, -29.6898], [-51.113759, -29.689785], [-51.11371, -29.689755], [-51.113669, -29.689805], [-51.113718, -29.689836], [-51.113747, -29.6898]]]}, "properties": {"info": {"building": "yes"}, "address": "?, 25"}},
{"type": "Feature", "geometry": {"type": "Polygon", "coordinates": [[[-51.113246, -29.690151], [-51.113231, -29.690141], [-51.1132, -29.690178], [-51.11325, -29.69021], [-51.113265, -29.690192], [-51.113291, -29.690209], [-51.113319, -29.690174], [-51.113259, -29.690136], [-51.113246, -29.690151]]]}, "properties": {"info": {"building": "yes"}, "address": "?, 101"}},
{"type": "Feature", "geometry": {"type": "Polygon", "coordinates": [[[-51.115143, -29.689865], [-51.115194, -29.689896], [-51.115255, -29.689819], [-51.115203, -29.689788], [-51.115143, -29.689865]]]}, "properties": {"info": {"is_agg": true, "building": "yes", "properties_agg": [{"hnum": "191", "building": "yes", "feature_id": 35052}], "geom_cmp_equals": [false], "geom_cmp_intersec": [0.9528203417660606]}, "error": 100, "address": "?, 191"}},
{"type": "Feature", "geometry": {"type": "Polygon", "coordinates": [[[-51.112672, -29.687348], [-51.112675, -29.687368], [-51.112637, -29.687372], [-51.112645, -29.68743], [-51.112729, -29.68742], [-51.112717, -29.687343], [-51.112672, -29.687348]]]}, "properties": {"info": {"is_agg": true, "building": "yes", "properties_agg": [{"hnum": "235", "building": "yes", "feature_id": 67599}], "geom_cmp_equals": [false], "geom_cmp_intersec": [0.6984888944505876]}, "error": 100, "address": "?, 235"}},
{"type": "Feature", "geometry": {"type": "Polygon", "coordinates": [[[-51.1139, -29.688164], [-51.113877, -29.688156], [-51.113864, -29.688186], [-51.113887, -29.688194], [-51.1139, -29.688164]]]}, "properties": {"info": {"building": "yes"}, "address": "?, ?"}},
{"type": "Feature", "geometry": {"type": "Polygon", "coordinates": [[[-51.113227, -29.687923], [-51.113205, -29.687916], [-51.113192, -29.687947], [-51.113214, -29.687954], [-51.113227, -29.687923]]]}, "properties": {"info": {"building": "yes"}, "address": "?, ?"}},
{"type": "Feature", "geometry": {"type": "Polygon", "coordinates": [[[-51.111769, -29.685168], [-51.111761, -29.685121], [-51.111708, -29.685128], [-51.111718, -29.685193], [-51.11175, -29.685189], [-51.111769, -29.685168]]]}, "properties": {"info": {"building": "yes"}, "address": "?, ?"}},
{"type": "Feature", "geometry": {"type": "Polygon", "coordinates": [[[-51.119154, -29.689637], [-51.119143, -29.689525], [-51.119068, -29.68953], [-51.119073, -29.68958], [-51.119067, -29.689581], [-51.11907, -29.689611], [-51.119078, -29.68961], [-51.119081, -29.689642], [-51.119154, -29.689637]]]}, "properties": {"info": {"building": "yes"}, "address": "?, 223"}},
{"type": "Feature", "geometry": {"type": "Polygon", "coordinates": [[[-51.119192, -29.689719], [-51.119179, -29.68966], [-51.119077, -29.689678], [-51.11909, -29.689736], [-51.119192, -29.689719]]]}, "properties": {"info": {"building": "yes"}, "address": "?, 223"}},
{"type": "Feature", "geometry": {"type": "Polygon", "coordinates": [[[-51.113077, -29.690534], [-51.113026, -29.690502], [-51.112995, -29.690541], [-51.113045, -29.690572], [-51.113077, -29.690534]]]}, "properties": {"info": {"building": "yes"}, "address": "?, 108"}},
{"type": "Feature", "geometry": {"type": "Polygon", "coordinates": [[[-51.112087, -29.690333], [-51.112099, -29.690319], [-51.112118, -29.690331], [-51.112145, -29.690297], [-51.112031, -29.690224], [-51.111992, -29.690272], [-51.112087, -29.690333]]]}, "properties": {"info": {"building": "yes"}, "address": "?, 254"}},
{"type": "Feature", "geometry": {"type": "Polygon", "coordinates": [[[-51.111952, -29.690319], [-51.111936, -29.69031], [-51.111907, -29.690347], [-51.111917, -29.690353], [-51.111903, -29.690371], [-51.112005, -29.690435], [-51.112046, -29.690382], [-51.112026, -29.69037], [-51.112059, -29.690328], [-51.111983, -29.690279], [-51.111952, -29.690319]]]}, "properties": {"info": {"building": "yes"}, "address": "?, 260"}},
{"type": "Feature", "geometry": {"type": "Polygon", "coordinates": [[[-51.112251, -29.690265], [-51.112308, -29.690189], [-51.112232, -29.690144], [-51.1122, -29.690187], [-51.112188, -29.69018], [-51.112163, -29.690214], [-51.112251, -29.690265]]]}, "properties": {"info": {"building": "yes"}, "address": "?, 274"}},
{"type": "Feature", "geometry": {"type": "Polygon", "coordinates": [[[-51.112381, -29.690231], [-51.112371, -29.690244], [-51.112383, -29.690251], [-51.112343, -29.690301], [-51.112391, -29.69033], [-51.112441, -29.69027], [-51.112381, -29.690231]]]}, "properties": {"info": {"building": "yes"}, "address": "?, 44"}},
{"type": "Feature", "geometry": {"type": "Polygon", "coordinates": [[[-51.112637, -29.690391], [-51.11266, -29.690361], [-51.112652, -29.690356], [-51.112686, -29.690313], [-51.112631, -29.69028], [-51.112574, -29.690353], [-51.112637, -29.690391]]]}, "properties": {"info": {"building": "yes"}, "address": "?, ?"}},
{"type": "Feature", "geometry": {"type": "Polygon", "coordinates": [[[-51.112252, -29.6903], [-51.112292, -29.690327], [-51.112365, -29.690226], [-51.112322, -29.690201], [-51.112252, -29.6903]]]}, "properties": {"info": {"building": "yes"}, "address": "?, 274"}},
{"type": "Feature", "geometry": {"type": "Polygon", "coordinates": [[[-51.112516, -29.690238], [-51.112489, -29.690271], [-51.112566, -29.690317], [-51.112591, -29.690286], [-51.112516, -29.690238]]]}, "properties": {"info": {"building": "yes"}, "address": "?, 50"}},
{"type": "Feature", "geometry": {"type": "Polygon", "coordinates": [[[-51.112173, -29.69006], [-51.112143, -29.690096], [-51.11218, -29.690122], [-51.112211, -29.690086], [-51.112173, -29.69006]]]}, "properties": {"info": {"building": "yes"}, "address": "?, 34"}},
{"type": "Feature", "geometry": {"type": "Polygon", "coordinates": [[[-51.112461, -29.690134], [-51.112382, -29.69023], [-51.112399, -29.690241], [-51.112418, -29.690216], [-51.112469, -29.690246], [-51.112525, -29.690173], [-51.112461, -29.690134]]]}, "properties": {"info": {"building": "yes"}, "address": "?, 44"}},
{"type": "Feature", "geometry": {"type": "Polygon", "coordinates": [[[-51.112149, -29.690517], [-51.11211, -29.690494], [-51.112098, -29.690508], [-51.112071, -29.690492], [-51.112017, -29.690559], [-51.112045, -29.690576], [-51.112052, -29.690568], [-51.112064, -29.690576], [-51.112071, -29.690567], [-51.112096, -29.690582], [-51.112149, -29.690517]]]}, "properties": {"info": {"building": "yes"}, "address": "?, 733"}},
{"type": "Feature", "geometry": {"type": "Polygon", "coordinates": [[[-51.11197, -29.69043], [-51.111938, -29.69041], [-51.11195, -29.690396], [-51.111912, -29.690372], [-51.111881, -29.69041], [-51.111871, -29.690403], [-51.111842, -29.69044], [-51.111922, -29.690489], [-51.11197, -29.69043]]]}, "properties": {"info": {"building": "yes"}, "address": "?, 753"}},
{"type": "Feature", "geometry": {"type": "Polygon", "coordinates": [[[-51.112065, -29.690466], [-51.112027, -29.690443], [-51.112015, -29.690457], [-51.111987, -29.69044], [-51.111933, -29.690508], [-51.111962, -29.690525], [-51.111969, -29.690517], [-51.11198, -29.690524], [-51.111988, -29.690516], [-51.112013, -29.690531], [-51.112065, -29.690466]]]}, "properties": {"info": {"building": "yes"}, "address": "?, 743"}},
{"type": "Feature", "geometry": {"type": "Polygon", "coordinates": [[[-51.108869, -29.690483], [-51.108817, -29.690489], [-51.108821, -29.690531], [-51.108874, -29.690529], [-51.108869, -29.690483]]]}, "properties": {"info": {"building": "yes"}, "address": "?, 887"}},
{"type": "Feature", "geometry": {"type": "Polygon", "coordinates": [[[-51.109291, -29.690607], [-51.109284, -29.690482], [-51.109194, -29.690487], [-51.109205, -29.690612], [-51.109291, -29.690607]]]}, "properties": {"info": {"building": "yes"}, "address": "?, 887"}},
{"type": "Feature", "geometry": {"type": "Polygon", "coordinates": [[[-51.115695, -29.69017], [-51.115688, -29.690179], [-51.115643, -29.690151], [-51.115614, -29.690186], [-51.115643, -29.690204], [-51.115645, -29.690201], [-51.115662, -29.690211], [-51.11566, -29.690214], [-51.115688, -29.690231], [-51.115706, -29.690209], [-51.115733, -29.690226], [-51.115751, -29.690204], [-51.115695, -29.69017]]]}, "properties": {"info": {"is_agg": true, "building": "yes", "properties_agg": [{"hnum": "358", "building": "yes", "feature_id": 39567}], "geom_cmp_equals": [false], "geom_cmp_intersec": [0.8033416329027097]}, "error": 100, "address": "?, ?"}},
{"type": "Feature", "geometry": {"type": "Polygon", "coordinates": [[[-51.115641, -29.690086], [-51.115671, -29.690105], [-51.115654, -29.690127], [-51.115699, -29.690154], [-51.115755, -29.690083], [-51.115679, -29.690038], [-51.115641, -29.690086]]]}, "properties": {"info": {"building": "yes"}, "address": "?, ?"}},
{"type": "Feature", "geometry": {"type": "Polygon", "coordinates": [[[-51.115908, -29.69016], [-51.115861, -29.690132], [-51.115796, -29.690209], [-51.115843, -29.690238], [-51.115908, -29.69016]]]}, "properties": {"info": {"building": "yes"}, "address": "?, 368"}},
{"type": "Feature", "geometry": {"type": "Polygon", "coordinates": [[[-51.115738, -29.689984], [-51.115715, -29.690013], [-51.115741, -29.690028], [-51.115733, -29.690037], [-51.11576, -29.690054], [-51.115763, -29.69005], [-51.11578, -29.69006], [-51.115777, -29.690064], [-51.115809, -29.690084], [-51.115856, -29.690024], [-51.115774, -29.689975], [-51.115783, -29.689964], [-51.115753, -29.689945], [-51.115727, -29.689977], [-51.115738, -29.689984]]]}, "properties": {"info": {"building": "yes"}, "address": "?, 378"}},
{"type": "Feature", "geometry": {"type": "Polygon", "coordinates": [[[-51.115724, -29.690048], [-51.115741, -29.690028], [-51.115715, -29.690013], [-51.115738, -29.689984], [-51.115727, -29.689977], [-51.115688, -29.690027], [-51.115724, -29.690048]]]}, "properties": {"info": {"building": "yes"}, "address": "?, ?"}},
{"type": "Feature", "geometry": {"type": "Polygon", "coordinates": [[[-51.116013, -29.690033], [-51.115976, -29.690077], [-51.116069, -29.690135], [-51.116105, -29.690091], [-51.116013, -29.690033]]]}, "properties": {"info": {"building": "yes"}, "address": "?, ?"}},
{"type": "Feature", "geometry": {"type": "Polygon", "coordinates": [[[-51.11621, -29.689978], [-51.116155, -29.690049], [-51.116236, -29.690098], [-51.116291, -29.690027], [-51.11621, -29.689978]]]}, "properties": {"info": {"building": "yes"}, "address": "?, ?"}},
{"type": "Feature", "geometry": {"type": "Polygon", "coordinates": [[[-51.116048, -29.689886], [-51.116092, -29.689831], [-51.116068, -29.689815], [-51.116023, -29.689871], [-51.116048, -29.689886]]]}, "properties": {"info": {"building": "yes"}, "address": "?, ?"}},
{"type": "Feature", "geometry": {"type": "Polygon", "coordinates": [[[-51.116104, -29.68992], [-51.116141, -29.689874], [-51.116086, -29.689839], [-51.116048, -29.689886], [-51.116104, -29.68992]]]}, "properties": {"info": {"building": "yes"}, "address": "?, ?"}},
{"type": "Feature", "geometry": {"type": "Polygon", "coordinates": [[[-51.116141, -29.689878], [-51.116092, -29.689938], [-51.116109, -29.689948], [-51.116089, -29.689971], [-51.116085, -29.689969], [-51.116059, -29.69], [-51.116114, -29.690034], [-51.116159, -29.68998], [-51.116184, -29.689996], [-51.116233, -29.689936], [-51.116141, -29.689878]]]}, "properties": {"info": {"building": "yes"}, "address": "?, 157"}},
{"type": "Feature", "geometry": {"type": "Polygon", "coordinates": [[[-51.116237, -29.690413], [-51.116257, -29.690425], [-51.116286, -29.690388], [-51.116251, -29.690366], [-51.116231, -29.690391], [-51.116186, -29.690363], [-51.116111, -29.690456], [-51.116171, -29.690494], [-51.116237, -29.690413]]]}, "properties": {"info": {"building": "yes"}, "address": "?, 305"}},
{"type": "Feature", "geometry": {"type": "Polygon", "coordinates": [[[-51.116212, -29.690301], [-51.116174, -29.690278], [-51.116115, -29.690352], [-51.116153, -29.690375], [-51.116212, -29.690301]]]}, "properties": {"info": {"building": "yes"}, "address": "?, ?"}},
{"type": "Feature", "geometry": {"type": "Polygon", "coordinates": [[[-51.116153, -29.690375], [-51.11606, -29.690318], [-51.115999, -29.690393], [-51.116092, -29.69045], [-51.116153, -29.690375]]]}, "properties": {"info": {"building": "yes"}, "address": "?, 285"}},
{"type": "Feature", "geometry": {"type": "Polygon", "coordinates": [[[-51.11039, -29.690249], [-51.110356, -29.690247], [-51.110356, -29.690224], [-51.110329, -29.690224], [-51.110316, -29.69024], [-51.110309, -29.690288], [-51.110324, -29.69029], [-51.110323, -29.690311], [-51.110385, -29.690316], [-51.11039, -29.690249]]]}, "properties": {"info": {"building": "yes"}, "address": "?, 820"}},
{"type": "Feature", "geometry": {"type": "Polygon", "coordinates": [[[-51.111384, -29.690548], [-51.111462, -29.690594], [-51.111501, -29.690543], [-51.11142, -29.690496], [-51.111384, -29.690548]]]}, "properties": {"info": {"building": "yes"}, "address": "?, 203"}},
{"type": "Feature", "geometry": {"type": "Polygon", "coordinates": [[[-51.111295, -29.690544], [-51.111319, -29.690559], [-51.111334, -29.690542], [-51.111362, -29.690558], [-51.111388, -29.690524], [-51.111331, -29.690491], [-51.111295, -29.690544]]]}, "properties": {"info": {"building": "yes"}, "address": "?, 203"}},
{"type": "Feature", "geometry": {"type": "Polygon", "coordinates": [[[-51.116444, -29.690489], [-51.116377, -29.690447], [-51.11637, -29.690455], [-51.116412, -29.690481], [-51.116389, -29.690511], [-51.116383, -29.690518], [-51.116408, -29.690534], [-51.116414, -29.690526], [-51.116444, -29.690489]]]}, "properties": {"info": {"building": "yes"}, "address": "?, ?"}},
{"type": "Feature", "geometry": {"type": "Polygon", "coordinates": [[[-51.116286, -29.690552], [-51.116343, -29.690482], [-51.116389, -29.690511], [-51.116412, -29.690481], [-51.116317, -29.690423], [-51.116294, -29.690452], [-51.11628, -29.690443], [-51.116223, -29.690513], [-51.116286, -29.690552]]]}, "properties": {"info": {"building": "yes"}, "address": "?, 325"}},
{"type": "Feature", "geometry": {"type": "Polygon", "coordinates": [[[-51.111169, -29.690562], [-51.11121, -29.690518], [-51.111175, -29.690494], [-51.111136, -29.690536], [-51.111169, -29.690562]]]}, "properties": {"info": {"building": "yes"}, "address": "?, 213"}},
{"type": "Feature", "geometry": {"type": "Polygon", "coordinates": [[[-51.110425, -29.690482], [-51.110461, -29.690504], [-51.110497, -29.690459], [-51.11046, -29.690437], [-51.110425, -29.690482]]]}, "properties": {"info": {"building": "yes"}, "address": "?, 792"}},
{"type": "Feature", "geometry": {"type": "Polygon", "coordinates": [[[-51.111229, -29.690562], [-51.111254, -29.690512], [-51.111221, -29.6905], [-51.111198, -29.690546], [-51.111229, -29.690562]]]}, "properties": {"info": {"building": "yes"}, "address": "?, 213"}},
{"type": "Feature", "geometry": {"type": "Polygon", "coordinates": [[[-51.110263, -29.690204], [-51.110251, -29.690216], [-51.110239, -29.690211], [-51.110198, -29.690264], [-51.110173, -29.690249], [-51.110148, -29.690279], [-51.110237, -29.690324], [-51.110278, -29.690267], [-51.110292, -29.690272], [-51.110349, -29.690197], [-51.110263, -29.690204]]]}, "properties": {"info": {"building": "yes"}, "address": "?, 840"}},
{"type": "Feature", "geometry": {"type": "Polygon", "coordinates": [[[-51.110771, -29.690513], [-51.110864, -29.690396], [-51.110836, -29.690381], [-51.110803, -29.690422], [-51.110761, -29.690398], [-51.110707, -29.690469], [-51.110771, -29.690513]]]}, "properties": {"info": {"building": "yes"}, "address": "?, 772"}},
{"type": "Feature", "geometry": {"type": "Polygon", "coordinates": [[[-51.110686, -29.690497], [-51.110711, -29.690513], [-51.110701, -29.690526], [-51.11074, -29.69055], [-51.110771, -29.690513], [-51.110707, -29.690469], [-51.110686, -29.690497]]]}, "properties": {"info": {"building": "yes"}, "address": "?, 772"}},
{"type": "Feature", "geometry": {"type": "Polygon", "coordinates": [[[-51.111034, -29.690541], [-51.111096, -29.69058], [-51.111127, -29.690545], [-51.111033, -29.690485], [-51.110961, -29.690571], [-51.110992, -29.690591], [-51.111034, -29.690541]]]}, "properties": {"info": {"building": "yes"}, "address": "?, 740"}},
{"type": "Feature", "geometry": {"type": "Polygon", "coordinates": [[[-51.111405, -29.690463], [-51.111513, -29.690529], [-51.111565, -29.690464], [-51.111456, -29.690397], [-51.111428, -29.690435], [-51.111405, -29.690463]]]}, "properties": {"info": {"building": "yes"}, "address": "?, 215"}},
{"type": "Feature", "geometry": {"type": "Polygon", "coordinates": [[[-51.111228, -29.690305], [-51.111216, -29.69032], [-51.111189, -29.690303], [-51.111113, -29.6904], [-51.111191, -29.690447], [-51.111279, -29.690335], [-51.111228, -29.690305]]]}, "properties": {"info": {"building": "yes"}, "address": "?, 811"}},
{"type": "Feature", "geometry": {"type": "Polygon", "coordinates": [[[-51.11106, -29.690503], [-51.111092, -29.690463], [-51.111058, -29.690442], [-51.111026, -29.690482], [-51.11106, -29.690503]]]}, "properties": {"info": {"building": "yes"}, "address": "?, 811"}},
{"type": "Feature", "geometry": {"type": "Polygon", "coordinates": [[[-51.110475, -29.690406], [-51.110518, -29.690351], [-51.110469, -29.690322], [-51.110449, -29.690347], [-51.110429, -29.690335], [-51.110406, -29.690364], [-51.110475, -29.690406]]]}, "properties": {"info": {"building": "yes"}, "address": "?, ?"}},
{"type": "Feature", "geometry": {"type": "Polygon", "coordinates": [[[-51.110462, -29.690331], [-51.110442, -29.690318], [-51.110429, -29.690335], [-51.110449, -29.690347], [-51.110462, -29.690331]]]}, "properties": {"info": {"building": "yes"}, "address": "?, ?"}},
{"type": "Feature", "geometry": {"type": "Polygon", "coordinates": [[[-51.110429, -29.690378], [-51.110416, -29.690394], [-51.110463, -29.690422], [-51.110475, -29.690406], [-51.110429, -29.690378]]]}, "properties": {"info": {"building": "yes"}, "address": "?, ?"}},
{"type": "Feature", "geometry": {"type": "Polygon", "coordinates": [[[-51.110842, -29.690523], [-51.110787, -29.690489], [-51.110732, -29.690557], [-51.110787, -29.690591], [-51.110842, -29.690523]]]}, "properties": {"info": {"is_agg": true, "building": "yes", "properties_agg": [{"hnum": "766", "building": "yes", "feature_id": 39708}], "geom_cmp_equals": [true], "geom_cmp_intersec": [1]}, "error": 100, "address": "?, 766"}},
{"type": "Feature", "geometry": {"type": "Polygon", "coordinates": [[[-51.110822, -29.690304], [-51.110852, -29.690268], [-51.110835, -29.690258], [-51.110853, -29.690234], [-51.110791, -29.690199], [-51.110744, -29.690258], [-51.110822, -29.690304]]]}, "properties": {"info": {"building": "yes"}, "address": "?, 240"}},
{"type": "Feature", "geometry": {"type": "Polygon", "coordinates": [[[-51.112702, -29.689797], [-51.112671, -29.689799], [-51.112676, -29.689839], [-51.112706, -29.689836], [-51.112702, -29.689797]]]}, "properties": {"info": {"building": "yes"}, "address": "?, ?"}},
{"type": "Feature", "geometry": {"type": "Polygon", "coordinates": [[[-51.115123, -29.685976], [-51.115058, -29.685978], [-51.115057, -29.685951], [-51.114974, -29.685955], [-51.114979, -29.686049], [-51.115127, -29.686044], [-51.115123, -29.685976]]]}, "properties": {"info": {"building": "yes"}, "address": "?, 245"}},
{"type": "Feature", "geometry": {"type": "Polygon", "coordinates": [[[-51.118588, -29.690586], [-51.118636, -29.690614], [-51.118676, -29.690638], [-51.118791, -29.690575], [-51.118659, -29.690496], [-51.118588, -29.690586]]]}, "properties": {"info": {"building": "yes"}, "address": "?, 387"}},
{"type": "Feature", "geometry": {"type": "Polygon", "coordinates": [[[-51.110015, -29.690551], [-51.110035, -29.69056], [-51.110022, -29.690586], [-51.110059, -29.6906], [-51.110073, -29.690575], [-51.110093, -29.690584], [-51.110124, -29.690523], [-51.110048, -29.690491], [-51.110015, -29.690551]]]}, "properties": {"info": {"building": "yes"}, "address": "?, 827"}},
{"type": "Feature", "geometry": {"type": "Polygon", "coordinates": [[[-51.112073, -29.686337], [-51.11206, -29.686338], [-51.11206, -29.686341], [-51.112049, -29.686342], [-51.112044, -29.686297], [-51.111971, -29.686304], [-51.111971, -29.686308], [-51.111973, -29.686307], [-51.111978, -29.686347], [-51.111976, -29.686348], [-51.111976, -29.686351], [-51.111979, -29.686351], [-51.111985, -29.686407], [-51.111983, -29.686407], [-51.111984, -29.68641], [-51.112024, -29.686407], [-51.112025, -29.686411], [-51.112078, -29.686406], [-51.112076, -29.686386], [-51.112092, -29.686385], [-51.112092, -29.686379], [-51.112111, -29.686378], [-51.112107, -29.686342], [-51.112087, -29.686344], [-51.112087, -29.686338], [-51.112073, -29.686339], [-51.112073, -29.686337]]]}, "properties": {"info": {"is_agg": true, "building": "yes", "properties_agg": [{"hnum": "444", "building": "yes", "feature_id": 67573}], "geom_cmp_equals": [false], "geom_cmp_intersec": [0.8020869233055447]}, "error": 100, "address": "?, 444"}},
{"type": "Feature", "geometry": {"type": "Polygon", "coordinates": [[[-51.119255, -29.686688], [-51.119181, -29.686693], [-51.119179, -29.686677], [-51.119159, -29.686678], [-51.119158, -29.686663], [-51.119082, -29.686668], [-51.11909, -29.686757], [-51.119261, -29.686746], [-51.119255, -29.686688]]]}, "properties": {"info": {"is_agg": true, "building": "yes", "properties_agg": [{"hnum": "285", "building": "yes", "feature_id": 51668}], "geom_cmp_equals": [false], "geom_cmp_intersec": [0.5708606201151561]}, "error": 100, "address": "?, 285"}},
{"type": "Feature", "geometry": {"type": "Polygon", "coordinates": [[[-51.119147, -29.686754], [-51.119155, -29.686837], [-51.119176, -29.686835], [-51.119178, -29.68686], [-51.11926, -29.686854], [-51.119255, -29.686791], [-51.119239, -29.686792], [-51.119235, -29.686747], [-51.119147, -29.686754]]]}, "properties": {"info": {"is_agg": true, "building": "yes", "properties_agg": [{"hnum": "275", "building": "yes", "feature_id": 42456}], "geom_cmp_equals": [false], "geom_cmp_intersec": [0.9307254551365675]}, "error": 100, "address": "?, 275"}},
{"type": "Feature", "geometry": {"type": "Polygon", "coordinates": [[[-51.113052, -29.689309], [-51.113059, -29.689369], [-51.113156, -29.68936], [-51.11315, -29.6893], [-51.113052, -29.689309]]]}, "properties": {"info": {"building": "yes"}, "address": "?, 41"}},
{"type": "Feature", "geometry": {"type": "Polygon", "coordinates": [[[-51.113319, -29.689608], [-51.113262, -29.689613], [-51.113264, -29.689629], [-51.113235, -29.689631], [-51.11324, -29.689674], [-51.113325, -29.689666], [-51.113319, -29.689608]]]}, "properties": {"info": {"building": "yes"}, "address": "?, 23"}},
{"type": "Feature", "geometry": {"type": "Polygon", "coordinates": [[[-51.113261, -29.689601], [-51.113224, -29.689604], [-51.113227, -29.689632], [-51.113264, -29.689629], [-51.113261, -29.689601]]]}, "properties": {"info": {"building": "yes"}, "address": "?, 23"}},
{"type": "Feature", "geometry": {"type": "Polygon", "coordinates": [[[-51.113077, -29.689626], [-51.113085, -29.689691], [-51.113146, -29.689685], [-51.113139, -29.689621], [-51.113077, -29.689626]]]}, "properties": {"info": {"building": "yes"}, "address": "?, 23"}},
{"type": "Feature", "geometry": {"type": "Polygon", "coordinates": [[[-51.114478, -29.690345], [-51.114491, -29.690352], [-51.11453, -29.690304], [-51.114517, -29.690296], [-51.114478, -29.690345]]]}, "properties": {"info": {"building": "yes"}, "address": "?, 107"}},
{"type": "Feature", "geometry": {"type": "Polygon", "coordinates": [[[-51.113055, -29.689392], [-51.113158, -29.689383], [-51.113156, -29.68936], [-51.113059, -29.689369], [-51.113052, -29.689309], [-51.113047, -29.689309], [-51.113055, -29.689392]]]}, "properties": {"info": {"building": "yes"}, "address": "?, 41"}},
{"type": "Feature", "geometry": {"type": "Polygon", "coordinates": [[[-51.113303, -29.68933], [-51.113193, -29.689339], [-51.113198, -29.689393], [-51.113309, -29.689385], [-51.113303, -29.68933]]]}, "properties": {"info": {"building": "yes"}, "address": "?, 41"}},
{"type": "Feature", "geometry": {"type": "Polygon", "coordinates": [[[-51.11326, -29.689559], [-51.113176, -29.689566], [-51.113181, -29.689608], [-51.113265, -29.6896], [-51.11326, -29.689559]]]}, "properties": {"info": {"building": "yes"}, "address": "?, 27"}},
{"type": "Feature", "geometry": {"type": "Polygon", "coordinates": [[[-51.11316, -29.689541], [-51.113106, -29.689545], [-51.113114, -29.689614], [-51.113168, -29.689609], [-51.11316, -29.689541]]]}, "properties": {"info": {"building": "yes"}, "address": "?, 27"}},
{"type": "Feature", "geometry": {"type": "Polygon", "coordinates": [[[-51.113085, -29.689691], [-51.113089, -29.689726], [-51.113177, -29.689717], [-51.113173, -29.689683], [-51.113085, -29.689691]]]}, "properties": {"info": {"building": "yes"}, "address": "?, 23"}},
{"type": "Feature", "geometry": {"type": "Polygon", "coordinates": [[[-51.115531, -29.689779], [-51.115573, -29.689805], [-51.115588, -29.689786], [-51.115546, -29.68976], [-51.115531, -29.689779]]]}, "properties": {"info": {"building": "yes"}, "address": "?, 377"}},
{"type": "Feature", "geometry": {"type": "Polygon", "coordinates": [[[-51.115611, -29.689668], [-51.115517, -29.689613], [-51.115459, -29.689688], [-51.115553, -29.689743], [-51.115611, -29.689668]]]}, "properties": {"info": {"building": "yes"}, "address": "?, 175"}},
{"type": "Feature", "geometry": {"type": "Polygon", "coordinates": [[[-51.115586, -29.689565], [-51.115628, -29.689591], [-51.115644, -29.68957], [-51.115642, -29.689555], [-51.115611, -29.689536], [-51.115586, -29.689565]]]}, "properties": {"info": {"building": "yes"}, "address": "?, 175"}},
{"type": "Feature", "geometry": {"type": "Polygon", "coordinates": [[[-51.115445, -29.689452], [-51.115439, -29.68946], [-51.115409, -29.689441], [-51.11535, -29.689514], [-51.115383, -29.689535], [-51.115389, -29.689528], [-51.115414, -29.689543], [-51.115473, -29.68947], [-51.115445, -29.689452]]]}, "properties": {"info": {"is_agg": true, "building": "yes", "properties_agg": [{"hnum": "197", "building": "yes", "feature_id": 43436}], "geom_cmp_equals": [false], "geom_cmp_intersec": [0.7722766414565572]}, "error": 100, "address": "?, 197"}},
{"type": "Feature", "geometry": {"type": "Polygon", "coordinates": [[[-51.115604, -29.689677], [-51.11551, -29.689622], [-51.115459, -29.689688], [-51.115524, -29.689726], [-51.115511, -29.689742], [-51.115541, -29.68976], [-51.115553, -29.689743], [-51.115604, -29.689677]]]}, "properties": {"info": {"building": "yes"}, "address": "?, 175"}},
{"type": "Feature", "geometry": {"type": "Polygon", "coordinates": [[[-51.113896, -29.689346], [-51.113864, -29.689385], [-51.113872, -29.68939], [-51.113856, -29.68941], [-51.113882, -29.689426], [-51.113879, -29.68943], [-51.113912, -29.68945], [-51.113963, -29.689388], [-51.113896, -29.689346]]]}, "properties": {"info": {"building": "yes"}, "address": "?, 74"}},
{"type": "Feature", "geometry": {"type": "Polygon", "coordinates": [[[-51.114204, -29.689532], [-51.114136, -29.68949], [-51.114099, -29.689536], [-51.114167, -29.689577], [-51.114204, -29.689532]]]}, "properties": {"info": {"building": "yes"}, "address": "?, 365"}},
{"type": "Feature", "geometry": {"type": "Polygon", "coordinates": [[[-51.114945, -29.689458], [-51.114975, -29.689419], [-51.114968, -29.689414], [-51.115018, -29.689351], [-51.114962, -29.689317], [-51.11488, -29.689418], [-51.114945, -29.689458]]]}, "properties": {"info": {"building": "yes"}, "address": "?, 247"}},
{"type": "Feature", "geometry": {"type": "Polygon", "coordinates": [[[-51.114981, -29.689292], [-51.114949, -29.689272], [-51.114915, -29.689315], [-51.114948, -29.689334], [-51.114981, -29.689292]]]}, "properties": {"info": {"building": "yes"}, "address": "?, 247"}},
{"type": "Feature", "geometry": {"type": "Polygon", "coordinates": [[[-51.114646, -29.689334], [-51.114702, -29.689366], [-51.114732, -29.68933], [-51.114675, -29.689295], [-51.114646, -29.689334]]]}, "properties": {"info": {"building": "yes"}, "address": "?, 123"}},
{"type": "Feature", "geometry": {"type": "Polygon", "coordinates": [[[-51.114862, -29.689561], [-51.114802, -29.689526], [-51.114768, -29.689569], [-51.114827, -29.689605], [-51.114862, -29.689561]]]}, "properties": {"info": {"building": "yes"}, "address": "?, 145"}},
{"type": "Feature", "geometry": {"type": "Polygon", "coordinates": [[[-51.11488, -29.689656], [-51.114908, -29.689673], [-51.114935, -29.68964], [-51.114907, -29.689622], [-51.11488, -29.689656]]]}, "properties": {"info": {"building": "yes"}, "address": "?, 157"}},
{"type": "Feature", "geometry": {"type": "Polygon", "coordinates": [[[-51.114981, -29.689543], [-51.114977, -29.689548], [-51.114998, -29.689561], [-51.115037, -29.689513], [-51.11497, -29.689473], [-51.114936, -29.689516], [-51.114981, -29.689543]]]}, "properties": {"info": {"building": "yes"}, "address": "?, 157"}},
{"type": "Feature", "geometry": {"type": "Polygon", "coordinates": [[[-51.115221, -29.689626], [-51.115123, -29.689566], [-51.115086, -29.689609], [-51.115181, -29.689669], [-51.115221, -29.689626]]]}, "properties": {"info": {"building": "yes"}, "address": "?, 175"}},
{"type": "Feature", "geometry": {"type": "Polygon", "coordinates": [[[-51.11517, -29.689703], [-51.115215, -29.689729], [-51.115247, -29.689691], [-51.115264, -29.6897], [-51.115291, -29.689668], [-51.11523, -29.689631], [-51.11517, -29.689703]]]}, "properties": {"info": {"building": "yes"}, "address": "?, 175"}},
{"type": "Feature", "geometry": {"type": "Polygon", "coordinates": [[[-51.114918, -29.689321], [-51.114882, -29.6893], [-51.114872, -29.689314], [-51.114813, -29.689281], [-51.114777, -29.68933], [-51.11484, -29.689365], [-51.114825, -29.689385], [-51.114852, -29.689402], [-51.114918, -29.689321]]]}, "properties": {"info": {"building": "yes"}, "address": "?, 295"}},
{"type": "Feature", "geometry": {"type": "Polygon", "coordinates": [[[-51.114939, -29.689334], [-51.114918, -29.689321], [-51.114852, -29.689402], [-51.114875, -29.689415], [-51.114939, -29.689334]]]}, "properties": {"info": {"building": "yes"}, "address": "?, 247"}},
{"type": "Feature", "geometry": {"type": "Polygon", "coordinates": [[[-51.114872, -29.689102], [-51.11486, -29.689116], [-51.114918, -29.689153], [-51.11493, -29.689139], [-51.114872, -29.689102]]]}, "properties": {"info": {"building": "yes"}, "address": "?, 305"}},
{"type": "Feature", "geometry": {"type": "Polygon", "coordinates": [[[-51.11486, -29.689116], [-51.114809, -29.689177], [-51.114868, -29.689214], [-51.114918, -29.689153], [-51.11486, -29.689116]]]}, "properties": {"info": {"building": "yes"}, "address": "?, 305"}},
{"type": "Feature", "geometry": {"type": "Polygon", "coordinates": [[[-51.114824, -29.689267], [-51.114736, -29.689212], [-51.114671, -29.68929], [-51.114694, -29.689305], [-51.114716, -29.689278], [-51.114781, -29.689319], [-51.114824, -29.689267]]]}, "properties": {"info": {"building": "yes"}, "address": "?, 305"}},
{"type": "Feature", "geometry": {"type": "Polygon", "coordinates": [[[-51.112831, -29.690146], [-51.11287, -29.690169], [-51.112879, -29.690158], [-51.112908, -29.690175], [-51.112947, -29.690126], [-51.112879, -29.690085], [-51.112831, -29.690146]]]}, "properties": {"info": {"is_agg": true, "building": "yes", "properties_agg": [{"hnum": "69", "building": "yes", "feature_id": 92326}], "geom_cmp_equals": [false], "geom_cmp_intersec": [0.7498342234855693]}, "error": 100, "address": "?, 69"}},
{"type": "Feature", "geometry": {"type": "Polygon", "coordinates": [[[-51.112559, -29.690033], [-51.112541, -29.690022], [-51.112556, -29.690004], [-51.112528, -29.690006], [-51.112507, -29.690039], [-51.112538, -29.690058], [-51.112559, -29.690033]]]}, "properties": {"info": {"building": "yes"}, "address": "?, 57"}},
{"type": "Feature", "geometry": {"type": "Polygon", "coordinates": [[[-51.115312, -29.689395], [-51.115282, -29.689376], [-51.115227, -29.689446], [-51.115273, -29.689474], [-51.115221, -29.68954], [-51.115267, -29.689569], [-51.115321, -29.689502], [-51.115304, -29.689492], [-51.115327, -29.689463], [-51.115344, -29.689473], [-51.115384, -29.689423], [-51.11532, -29.689385], [-51.115312, -29.689395]]]}, "properties": {"info": {"building": "yes"}, "address": "?, 205"}},
{"type": "Feature", "geometry": {"type": "Polygon", "coordinates": [[[-51.115312, -29.689395], [-51.115341, -29.689358], [-51.115311, -29.68934], [-51.115282, -29.689376], [-51.11529, -29.689381], [-51.115312, -29.689395]]]}, "properties": {"info": {"building": "yes"}, "address": "?, 205"}},
{"type": "Feature", "geometry": {"type": "Polygon", "coordinates": [[[-51.115015, -29.689249], [-51.114983, -29.689229], [-51.114949, -29.689272], [-51.114982, -29.689292], [-51.115015, -29.689249]]]}, "properties": {"info": {"building": "yes"}, "address": "?, 247"}},
{"type": "Feature", "geometry": {"type": "Polygon", "coordinates": [[[-51.114949, -29.689135], [-51.11494, -29.689146], [-51.114932, -29.689141], [-51.114863, -29.689231], [-51.114927, -29.689269], [-51.114955, -29.689233], [-51.114903, -29.689203], [-51.114945, -29.689149], [-51.114957, -29.689156], [-51.114966, -29.689144], [-51.114949, -29.689135]]]}, "properties": {"info": {"building": "yes"}, "address": "?, 295"}},
{"type": "Feature", "geometry": {"type": "Polygon", "coordinates": [[[-51.115382, -29.689935], [-51.115357, -29.689967], [-51.115379, -29.68998], [-51.115405, -29.689948], [-51.115382, -29.689935]]]}, "properties": {"info": {"building": "yes"}, "address": "?, 223"}},
{"type": "Feature", "geometry": {"type": "Polygon", "coordinates": [[[-51.115485, -29.689997], [-51.115522, -29.689951], [-51.115419, -29.689889], [-51.115382, -29.689935], [-51.115452, -29.689976], [-51.115485, -29.689997]]]}, "properties": {"info": {"building": "yes"}, "address": "?, 223"}},
{"type": "Feature", "geometry": {"type": "Polygon", "coordinates": [[[-51.115006, -29.689635], [-51.114987, -29.689624], [-51.114977, -29.689635], [-51.115031, -29.689671], [-51.115074, -29.689622], [-51.115036, -29.689599], [-51.115006, -29.689635]]]}, "properties": {"info": {"building": "yes"}, "address": "?, 167"}},
{"type": "Feature", "geometry": {"type": "Polygon", "coordinates": [[[-51.115006, -29.689635], [-51.115036, -29.689599], [-51.114994, -29.689573], [-51.114964, -29.689609], [-51.115006, -29.689635]]]}, "properties": {"info": {"building": "yes"}, "address": "?, 167"}},
{"type": "Feature", "geometry": {"type": "Polygon", "coordinates": [[[-51.114848, -29.689696], [-51.114793, -29.689663], [-51.114761, -29.689702], [-51.114844, -29.689752], [-51.114908, -29.689673], [-51.11488, -29.689656], [-51.114848, -29.689696]]]}, "properties": {"info": {"building": "yes"}, "address": "?, 157"}},
{"type": "Feature", "geometry": {"type": "Polygon", "coordinates": [[[-51.114848, -29.689696], [-51.114907, -29.689622], [-51.114852, -29.689589], [-51.114793, -29.689663], [-51.114848, -29.689696]]]}, "properties": {"info": {"building": "yes"}, "address": "?, 157"}},
{"type": "Feature", "geometry": {"type": "Polygon", "coordinates": [[[-51.114791, -29.689649], [-51.114735, -29.689615], [-51.114697, -29.689663], [-51.114753, -29.689697], [-51.114791, -29.689649]]]}, "properties": {"info": {"building": "yes"}, "address": "?, 145"}},
{"type": "Feature", "geometry": {"type": "Polygon", "coordinates": [[[-51.114791, -29.689649], [-51.114827, -29.689605], [-51.114768, -29.689569], [-51.114732, -29.689613], [-51.114791, -29.689649]]]}, "properties": {"info": {"building": "yes"}, "address": "?, 145"}},
{"type": "Feature", "geometry": {"type": "Polygon", "coordinates": [[[-51.11485, -29.689465], [-51.114818, -29.689446], [-51.1147, -29.689593], [-51.114732, -29.689613], [-51.11485, -29.689465]]]}, "properties": {"info": {"building": "yes"}, "address": "?, 145"}},
{"type": "Feature", "geometry": {"type": "Polygon", "coordinates": [[[-51.11465, -29.689448], [-51.114672, -29.689421], [-51.114628, -29.689393], [-51.114605, -29.689421], [-51.11465, -29.689448]]]}, "properties": {"info": {"building": "yes"}, "address": "?, 123"}},
{"type": "Feature", "geometry": {"type": "Polygon", "coordinates": [[[-51.11468, -29.689394], [-51.114706, -29.68941], [-51.114759, -29.689345], [-51.114732, -29.68933], [-51.11468, -29.689394]]]}, "properties": {"info": {"building": "yes"}, "address": "?, 123"}},
{"type": "Feature", "geometry": {"type": "Polygon", "coordinates": [[[-51.114678, -29.689587], [-51.114774, -29.689469], [-51.114697, -29.689421], [-51.114601, -29.689538], [-51.114678, -29.689587]]]}, "properties": {"info": {"building": "yes"}, "address": "?, 137"}},
{"type": "Feature", "geometry": {"type": "Polygon", "coordinates": [[[-51.114769, -29.68939], [-51.114739, -29.68937], [-51.114701, -29.689416], [-51.114731, -29.689435], [-51.114769, -29.68939]]]}, "properties": {"info": {"building": "yes"}, "address": "?, 137"}},
{"type": "Feature", "geometry": {"type": "Polygon", "coordinates": [[[-51.11464, -29.689487], [-51.114626, -29.689478], [-51.11465, -29.689448], [-51.114605, -29.689421], [-51.114539, -29.689501], [-51.114598, -29.689538], [-51.11464, -29.689487]]]}, "properties": {"info": {"building": "yes"}, "address": "?, 123"}},
{"type": "Feature", "geometry": {"type": "Polygon", "coordinates": [[[-51.114076, -29.689568], [-51.114044, -29.689608], [-51.114072, -29.689625], [-51.114054, -29.689647], [-51.11407, -29.689657], [-51.114074, -29.689653], [-51.114104, -29.689671], [-51.11415, -29.689614], [-51.114076, -29.689568]]]}, "properties": {"info": {"building": "yes"}, "address": "?, 355"}},
{"type": "Feature", "geometry": {"type": "Polygon", "coordinates": [[[-51.113911, -29.689914], [-51.113861, -29.689884], [-51.113849, -29.689899], [-51.113862, -29.689907], [-51.11384, -29.689936], [-51.113877, -29.689958], [-51.113911, -29.689914]]]}, "properties": {"info": {"building": "yes"}, "address": "?, ?"}},
{"type": "Feature", "geometry": {"type": "Polygon", "coordinates": [[[-51.114094, -29.689464], [-51.113994, -29.689403], [-51.113957, -29.689449], [-51.114057, -29.68951], [-51.114094, -29.689464]]]}, "properties": {"info": {"building": "yes"}, "address": "?, 365"}},
{"type": "Feature", "geometry": {"type": "Polygon", "coordinates": [[[-51.113912, -29.68945], [-51.113946, -29.689471], [-51.113997, -29.689409], [-51.113963, -29.689388], [-51.113912, -29.68945]]]}, "properties": {"info": {"building": "yes"}, "address": "?, 74"}},
{"type": "Feature", "geometry": {"type": "Polygon", "coordinates": [[[-51.113687, -29.690044], [-51.113644, -29.690018], [-51.113617, -29.690052], [-51.113568, -29.690022], [-51.113544, -29.690057], [-51.113587, -29.690083], [-51.11359, -29.690079], [-51.113636, -29.690107], [-51.113642, -29.690099], [-51.113687, -29.690044]]]}, "properties": {"info": {"building": "yes"}, "address": "?, 293"}},
{"type": "Feature", "geometry": {"type": "Polygon", "coordinates": [[[-51.113756, -29.690108], [-51.113676, -29.690058], [-51.113642, -29.690099], [-51.113723, -29.690149], [-51.113756, -29.690108]]]}, "properties": {"info": {"building": "yes"}, "address": "?, 293"}},
{"type": "Feature", "geometry": {"type": "Polygon", "coordinates": [[[-51.113561, -29.689411], [-51.113557, -29.689386], [-51.113526, -29.689389], [-51.11353, -29.689414], [-51.113561, -29.689411]]]}, "properties": {"info": {"building": "yes"}, "address": "?, 50"}},
{"type": "Feature", "geometry": {"type": "Polygon", "coordinates": [[[-51.113549, -29.689328], [-51.113487, -29.689335], [-51.113496, -29.689393], [-51.113557, -29.689386], [-51.113549, -29.689328]]]}, "properties": {"info": {"building": "yes"}, "address": "?, 50"}},
{"type": "Feature", "geometry": {"type": "Polygon", "coordinates": [[[-51.113533, -29.689504], [-51.113536, -29.689526], [-51.113766, -29.689505], [-51.113751, -29.689482], [-51.113612, -29.689495], [-51.113533, -29.689504]]]}, "properties": {"info": {"building": "yes"}, "address": "?, 40"}},
{"type": "Feature", "geometry": {"type": "Polygon", "coordinates": [[[-51.113599, -29.689406], [-51.113612, -29.689495], [-51.11366, -29.689491], [-51.113656, -29.689467], [-51.113638, -29.689469], [-51.113634, -29.689442], [-51.113618, -29.689444], [-51.113612, -29.689405], [-51.113599, -29.689406]]]}, "properties": {"info": {"building": "yes"}, "address": "?, 40"}},
{"type": "Feature", "geometry": {"type": "Polygon", "coordinates": [[[-51.113533, -29.689504], [-51.113612, -29.689495], [-51.113599, -29.689406], [-51.11352, -29.689415], [-51.113533, -29.689504]]]}, "properties": {"info": {"building": "yes"}, "address": "?, 40"}},
{"type": "Feature", "geometry": {"type": "Polygon", "coordinates": [[[-51.113254, -29.69044], [-51.113305, -29.690378], [-51.113217, -29.690323], [-51.113166, -29.690385], [-51.113254, -29.69044]]]}, "properties": {"info": {"building": "yes"}, "address": "?, ?"}},
{"type": "Feature", "geometry": {"type": "Polygon", "coordinates": [[[-51.113176, -29.690192], [-51.113139, -29.690237], [-51.113175, -29.69026], [-51.113212, -29.690215], [-51.113184, -29.690197], [-51.113176, -29.690192]]]}, "properties": {"info": {"building": "yes"}, "address": "?, 101"}},
{"type": "Feature", "geometry": {"type": "Polygon", "coordinates": [[[-51.113212, -29.690294], [-51.113159, -29.690261], [-51.113136, -29.690288], [-51.113128, -29.690283], [-51.113109, -29.690307], [-51.113117, -29.690312], [-51.113099, -29.690334], [-51.113126, -29.69035], [-51.11312, -29.690356], [-51.113146, -29.690373], [-51.113147, -29.690373], [-51.113212, -29.690294]]]}, "properties": {"info": {"building": "yes"}, "address": "?, 101"}},
{"type": "Feature", "geometry": {"type": "Polygon", "coordinates": [[[-51.113228, -29.689985], [-51.113154, -29.689937], [-51.113085, -29.690019], [-51.113159, -29.690066], [-51.113228, -29.689985]]]}, "properties": {"info": {"building": "yes"}, "address": "?, 02"}},
{"type": "Feature", "geometry": {"type": "Polygon", "coordinates": [[[-51.113079, -29.690022], [-51.113128, -29.689962], [-51.113067, -29.689924], [-51.113054, -29.68994], [-51.113046, -29.689935], [-51.11301, -29.689979], [-51.113079, -29.690022]]]}, "properties": {"info": {"building": "yes"}, "address": "?, 02"}},
{"type": "Feature", "geometry": {"type": "Polygon", "coordinates": [[[-51.113255, -29.690448], [-51.113264, -29.690453], [-51.113415, -29.690547], [-51.113484, -29.690462], [-51.113458, -29.690447], [-51.113497, -29.690399], [-51.113363, -29.690316], [-51.11336, -29.690319], [-51.113255, -29.690448]], [[-51.113384, -29.690464], [-51.113342, -29.690439], [-51.113394, -29.690372], [-51.113437, -29.690397], [-51.113384, -29.690464]]]}, "properties": {"info": {"building": "yes"}, "address": "?, 131"}},
{"type": "Feature", "geometry": {"type": "Polygon", "coordinates": [[[-51.113497, -29.690399], [-51.113458, -29.690447], [-51.113509, -29.690478], [-51.113548, -29.69043], [-51.113497, -29.690399]]]}, "properties": {"info": {"building": "yes"}, "address": "?, 131"}},
{"type": "Feature", "geometry": {"type": "Polygon", "coordinates": [[[-51.115212, -29.689928], [-51.115238, -29.689944], [-51.11525, -29.689929], [-51.115224, -29.689913], [-51.115212, -29.689928]]]}, "properties": {"info": {"building": "yes"}, "address": "?, 191"}},
{"type": "Feature", "geometry": {"type": "Polygon", "coordinates": [[[-51.115194, -29.689896], [-51.11525, -29.689929], [-51.1153, -29.689847], [-51.115255, -29.689819], [-51.115194, -29.689896]]]}, "properties": {"info": {"is_agg": true, "building": "yes", "properties_agg": [{"hnum": "201", "building": "yes", "feature_id": 44817}], "geom_cmp_equals": [false], "geom_cmp_intersec": [0.9527327062359422]}, "error": 100, "address": "?, 201"}},
{"type": "Feature", "geometry": {"type": "Polygon", "coordinates": [[[-51.115892, -29.689775], [-51.116001, -29.689841], [-51.115992, -29.689852], [-51.116023, -29.689871], [-51.116072, -29.68981], [-51.116041, -29.689791], [-51.116043, -29.689789], [-51.115934, -29.689723], [-51.115892, -29.689775]]]}, "properties": {"info": {"building": "yes"}, "address": "?, 410"}},
{"type": "Feature", "geometry": {"type": "Polygon", "coordinates": [[[-51.113822, -29.690461], [-51.113845, -29.690433], [-51.113876, -29.690394], [-51.113835, -29.690369], [-51.113782, -29.690436], [-51.113822, -29.690461]]]}, "properties": {"info": {"building": "yes"}, "address": "?, 66"}},
{"type": "Feature", "geometry": {"type": "MultiPolygon", "coordinates": [[[[-51.113835, -29.690369], [-51.11381, -29.690354], [-51.113757, -29.690416], [-51.113774, -29.690427], [-51.113772, -29.69043], [-51.113782, -29.690436], [-51.113835, -29.690369]]], [[[-51.113876, -29.690394], [-51.113822, -29.690461], [-51.113846, -29.690475], [-51.1139, -29.690409], [-51.113876, -29.690394]]], [[[-51.113782, -29.690436], [-51.113773, -29.690447], [-51.113791, -29.690458], [-51.1138, -29.690447], [-51.113782, -29.690436]]]]}, "properties": {"info": {"building": "yes"}, "address": "?, ?"}},
{"type": "Feature", "geometry": {"type": "Polygon", "coordinates": [[[-51.1139, -29.69041], [-51.113926, -29.690379], [-51.113865, -29.69034], [-51.113878, -29.690323], [-51.113843, -29.690301], [-51.113803, -29.69035], [-51.1139, -29.69041]]]}, "properties": {"info": {"building": "yes"}, "address": "?, 66"}},
{"type": "Feature", "geometry": {"type": "Polygon", "coordinates": [[[-51.11487, -29.687771], [-51.11485, -29.687771], [-51.114846, -29.687695], [-51.114826, -29.687696], [-51.114802, -29.687677], [-51.114754, -29.687723], [-51.114759, -29.687805], [-51.114872, -29.6878], [-51.11487, -29.687771]]]}, "properties": {"info": {"building": "yes"}, "address": "?, 351"}},
{"type": "Feature", "geometry": {"type": "Polygon", "coordinates": [[[-51.114796, -29.687587], [-51.1148, -29.687659], [-51.114864, -29.687656], [-51.114859, -29.687584], [-51.114796, -29.687587]]]}, "properties": {"info": {"building": "yes"}, "address": "?, 343"}},
{"type": "Feature", "geometry": {"type": "Polygon", "coordinates": [[[-51.113255, -29.69007], [-51.113198, -29.690035], [-51.113167, -29.69007], [-51.113226, -29.690107], [-51.113255, -29.69007]]]}, "properties": {"info": {"building": "yes"}, "address": "?, 38"}},
{"type": "Feature", "geometry": {"type": "Polygon", "coordinates": [[[-51.116194, -29.686818], [-51.116194, -29.686812], [-51.116186, -29.686813], [-51.116186, -29.68682], [-51.116155, -29.686821], [-51.11616, -29.6869], [-51.116212, -29.686898], [-51.116212, -29.686895], [-51.116238, -29.686893], [-51.116261, -29.686892], [-51.116248, -29.686816], [-51.116234, -29.686817], [-51.116194, -29.686818]]]}, "properties": {"info": {"building": "yes"}, "address": "?, 849"}},
{"type": "Feature", "geometry": {"type": "Polygon", "coordinates": [[[-51.116116, -29.686743], [-51.116128, -29.686742], [-51.11613, -29.686742], [-51.116151, -29.686739], [-51.116232, -29.68673], [-51.116236, -29.68673], [-51.116234, -29.686718], [-51.116223, -29.686668], [-51.116221, -29.686662], [-51.116215, -29.686631], [-51.116214, -29.686627], [-51.11617, -29.686633], [-51.116125, -29.68664], [-51.11611, -29.686643], [-51.116116, -29.686743]]]}, "properties": {"info": {"is_agg": true, "building": "yes", "properties_agg": [{"hnum": "849", "building": "yes", "feature_id": 47962}], "geom_cmp_equals": [true], "geom_cmp_intersec": [1]}, "error": 100, "address": "?, 849"}},
{"type": "Feature", "geometry": {"type": "Polygon", "coordinates": [[[-51.115686, -29.687372], [-51.115655, -29.687375], [-51.115662, -29.68742], [-51.115693, -29.687416], [-51.115686, -29.687372]]]}, "properties": {"info": {"building": "yes"}, "address": "?, 247"}},
{"type": "Feature", "geometry": {"type": "Polygon", "coordinates": [[[-51.115476, -29.687216], [-51.115483, -29.687288], [-51.115545, -29.687282], [-51.115539, -29.687243], [-51.115566, -29.68724], [-51.115563, -29.687204], [-51.115476, -29.687216]]]}, "properties": {"info": {"building": "yes"}, "address": "?, 257"}},
{"type": "Feature", "geometry": {"type": "Polygon", "coordinates": [[[-51.115811, -29.687296], [-51.115864, -29.687292], [-51.115866, -29.687309], [-51.115907, -29.687306], [-51.115899, -29.687224], [-51.115907, -29.687224], [-51.115902, -29.687152], [-51.115798, -29.68716], [-51.115811, -29.687296]]]}, "properties": {"info": {"building": "yes"}, "address": "?, 223"}},
{"type": "Feature", "geometry": {"type": "Polygon", "coordinates": [[[-51.115686, -29.687315], [-51.115769, -29.687309], [-51.11577, -29.687316], [-51.115801, -29.687313], [-51.115788, -29.687179], [-51.115675, -29.687189], [-51.115686, -29.687315]]]}, "properties": {"info": {"building": "yes"}, "address": "?, 237"}},
{"type": "Feature", "geometry": {"type": "Polygon", "coordinates": [[[-51.115365, -29.687334], [-51.115391, -29.687333], [-51.115394, -29.687388], [-51.115476, -29.687384], [-51.11547, -29.687264], [-51.115362, -29.687268], [-51.115365, -29.687334]]]}, "properties": {"info": {"is_agg": true, "building": "yes", "properties_agg": [{"building": "yes", "feature_id": 94427}], "geom_cmp_equals": [false], "geom_cmp_intersec": [0.12428958953718852]}, "error": 100, "address": "?, 269"}},
{"type": "Feature", "geometry": {"type": "Polygon", "coordinates": [[[-51.115402, -29.687387], [-51.115368, -29.687389], [-51.115371, -29.687445], [-51.115405, -29.687443], [-51.115402, -29.687387]]]}, "properties": {"info": {"building": "yes"}, "address": "?, ?"}},
{"type": "Feature", "geometry": {"type": "Polygon", "coordinates": [[[-51.117788, -29.686668], [-51.117836, -29.686665], [-51.117834, -29.686636], [-51.117854, -29.686635], [-51.117855, -29.686648], [-51.117916, -29.686644], [-51.117912, -29.686585], [-51.117781, -29.686594], [-51.117788, -29.686668]]]}, "properties": {"info": {"is_agg": true, "building": "yes", "properties_agg": [{"hnum": "56", "building": "yes", "feature_id": 130524}], "geom_cmp_equals": [false], "geom_cmp_intersec": [0.6776833042175519]}, "error": 100, "address": "?, 56"}},
{"type": "Feature", "geometry": {"type": "Polygon", "coordinates": [[[-51.118136, -29.686956], [-51.118213, -29.686949], [-51.11821, -29.686918], [-51.118197, -29.686918], [-51.118194, -29.686881], [-51.118126, -29.686888], [-51.118136, -29.686956]]]}, "properties": {"info": {"building": "yes"}, "address": "?, 45"}},
{"type": "Feature", "geometry": {"type": "Polygon", "coordinates": [[[-51.118059, -29.686906], [-51.118049, -29.686916], [-51.118034, -29.686918], [-51.118038, -29.686951], [-51.118041, -29.686971], [-51.118071, -29.686968], [-51.11808, -29.686974], [-51.11809, -29.68698], [-51.118103, -29.686963], [-51.118103, -29.686961], [-51.118135, -29.686957], [-51.11813, -29.686921], [-51.118118, -29.686913], [-51.118115, -29.686895], [-51.118095, -29.686898], [-51.118082, -29.686889], [-51.118057, -29.686892], [-51.118059, -29.686906]]]}, "properties": {"info": {"is_agg": true, "building": "yes", "properties_agg": [{"hnum": "51", "building": "yes", "feature_id": 94506}], "geom_cmp_equals": [false], "geom_cmp_intersec": [0.9563945815145568]}, "error": 100, "address": "?, 51"}},
{"type": "Feature", "geometry": {"type": "Polygon", "coordinates": [[[-51.118016, -29.686989], [-51.11801, -29.686952], [-51.117975, -29.686956], [-51.117969, -29.686916], [-51.117882, -29.686926], [-51.117893, -29.687002], [-51.117923, -29.686998], [-51.117973, -29.687032], [-51.117979, -29.687025], [-51.11802, -29.68702], [-51.118016, -29.686989]]]}, "properties": {"info": {"building": "yes"}, "address": "?, 59"}},
{"type": "Feature", "geometry": {"type": "Polygon", "coordinates": [[[-51.117907, -29.687252], [-51.117874, -29.687255], [-51.117856, -29.687243], [-51.117834, -29.687246], [-51.11782, -29.687261], [-51.117823, -29.687279], [-51.117828, -29.687278], [-51.117832, -29.687305], [-51.117827, -29.687306], [-51.117831, -29.687336], [-51.117867, -29.687332], [-51.117868, -29.687341], [-51.117885, -29.687339], [-51.117881, -29.687311], [-51.117914, -29.687308], [-51.117907, -29.687252]]]}, "properties": {"info": {"is_agg": true, "building": "yes", "properties_agg": [{"hnum": "165", "building": "yes", "feature_id": 48958}], "geom_cmp_equals": [false], "geom_cmp_intersec": [0.7054959094957199]}, "error": 100, "address": "?, 165"}},
{"type": "Feature", "geometry": {"type": "Polygon", "coordinates": [[[-51.117828, -29.686954], [-51.117792, -29.686958], [-51.117796, -29.686985], [-51.117803, -29.68703], [-51.117839, -29.687026], [-51.117837, -29.687012], [-51.117893, -29.687006], [-51.11788, -29.686917], [-51.117824, -29.686923], [-51.117828, -29.686954]]]}, "properties": {"info": {"building": "yes"}, "address": "?, 71"}},
{"type": "Feature", "geometry": {"type": "Polygon", "coordinates": [[[-51.118024, -29.686925], [-51.118009, -29.686943], [-51.118019, -29.687011], [-51.118046, -29.687008], [-51.118054, -29.686999], [-51.11805, -29.686976], [-51.118079, -29.686973], [-51.118071, -29.686968], [-51.118041, -29.686971], [-51.118035, -29.686923], [-51.118024, -29.686925]]]}, "properties": {"info": {"is_agg": true, "building": "yes", "properties_agg": [{"hnum": "51", "building": "yes", "feature_id": 49014}], "geom_cmp_equals": [true], "geom_cmp_intersec": [1]}, "error": 100, "address": "?, ?"}},
{"type": "Feature", "geometry": {"type": "Polygon", "coordinates": [[[-51.118031, -29.686895], [-51.118034, -29.686918], [-51.118049, -29.686916], [-51.118059, -29.686906], [-51.118057, -29.686892], [-51.118031, -29.686895]]]}, "properties": {"info": {"building": "yes"}, "address": "?, 51"}},
{"type": "Feature", "geometry": {"type": "Polygon", "coordinates": [[[-51.117665, -29.687441], [-51.117666, -29.687446], [-51.11769, -29.687443], [-51.117674, -29.687336], [-51.117564, -29.687348], [-51.117568, -29.687379], [-51.11756, -29.68738], [-51.11756, -29.687382], [-51.117568, -29.687381], [-51.117574, -29.687418], [-51.117566, -29.687419], [-51.117566, -29.687422], [-51.117574, -29.687421], [-51.117579, -29.687451], [-51.117665, -29.687441]]]}, "properties": {"info": {"building": "yes"}, "address": "?, 905"}},
{"type": "Feature", "geometry": {"type": "Polygon", "coordinates": [[[-51.117551, -29.68724], [-51.117556, -29.687273], [-51.117547, -29.687274], [-51.117548, -29.687276], [-51.117556, -29.687275], [-51.117559, -29.687294], [-51.117669, -29.687282], [-51.117662, -29.687228], [-51.117551, -29.68724]]]}, "properties": {"info": {"building": "yes"}, "address": "?, 893"}},
{"type": "Feature", "geometry": {"type": "Polygon", "coordinates": [[[-51.117559, -29.687294], [-51.117561, -29.687312], [-51.117553, -29.687313], [-51.117554, -29.687316], [-51.117562, -29.687315], [-51.117566, -29.687347], [-51.117677, -29.687335], [-51.117669, -29.687282], [-51.117559, -29.687294]]]}, "properties": {"info": {"building": "yes"}, "address": "?, 899"}},
{"type": "Feature", "geometry": {"type": "Polygon", "coordinates": [[[-51.118152, -29.687067], [-51.118216, -29.68706], [-51.11821, -29.687019], [-51.118146, -29.687026], [-51.118152, -29.687067]]]}, "properties": {"info": {"building": "yes"}, "address": "?, 45"}},
{"type": "Feature", "geometry": {"type": "Polygon", "coordinates": [[[-51.118281, -29.686956], [-51.118415, -29.686944], [-51.11842, -29.686986], [-51.118394, -29.686988], [-51.1184, -29.687041], [-51.118517, -29.68703], [-51.118506, -29.68693], [-51.118491, -29.686931], [-51.118489, -29.686913], [-51.118478, -29.686906], [-51.118484, -29.686899], [-51.11846, -29.686881], [-51.118454, -29.686888], [-51.118433, -29.686874], [-51.118411, -29.686876], [-51.118409, -29.686858], [-51.118271, -29.68687], [-51.118281, -29.686956]]]}, "properties": {"info": {"building": "yes"}, "address": "?, 11"}},
{"type": "Feature", "geometry": {"type": "Polygon", "coordinates": [[[-51.118493, -29.686971], [-51.11849, -29.68694], [-51.118476, -29.686942], [-51.118473, -29.686911], [-51.118449, -29.686894], [-51.118413, -29.686897], [-51.11841, -29.686867], [-51.118335, -29.686873], [-51.118344, -29.686951], [-51.118415, -29.686944], [-51.118419, -29.686978], [-51.118493, -29.686971]]]}, "properties": {"info": {"building": "yes"}, "address": "?, 11"}},
{"type": "Feature", "geometry": {"type": "Polygon", "coordinates": [[[-51.118031, -29.687095], [-51.117985, -29.6871], [-51.117991, -29.687141], [-51.118037, -29.687136], [-51.118031, -29.687095]]]}, "properties": {"info": {"building": "yes"}, "address": "?, 59"}},
{"type": "Feature", "geometry": {"type": "Polygon", "coordinates": [[[-51.117552, -29.687128], [-51.117534, -29.686986], [-51.117473, -29.686993], [-51.117492, -29.687134], [-51.117552, -29.687128]]]}, "properties": {"info": {"building": "yes"}, "address": "?, 855"}},
{"type": "Feature", "geometry": {"type": "Polygon", "coordinates": [[[-51.117761, -29.687027], [-51.11772, -29.687031], [-51.117724, -29.687056], [-51.117765, -29.687052], [-51.117761, -29.687027]]]}, "properties": {"info": {"building": "yes"}, "address": "?, 855"}},
{"type": "Feature", "geometry": {"type": "Polygon", "coordinates": [[[-51.115338, -29.689941], [-51.115356, -29.689918], [-51.115366, -29.689905], [-51.115393, -29.689921], [-51.115423, -29.689884], [-51.115358, -29.689845], [-51.115373, -29.689826], [-51.115347, -29.689811], [-51.115332, -29.689829], [-51.115345, -29.689837], [-51.115287, -29.68991], [-51.115338, -29.689941]]]}, "properties": {"info": {"building": "yes"}, "address": "?, 207"}},
{"type": "Feature", "geometry": {"type": "Polygon", "coordinates": [[[-51.117921, -29.68539], [-51.117918, -29.685329], [-51.117838, -29.685334], [-51.117838, -29.685343], [-51.117823, -29.685344], [-51.117827, -29.685394], [-51.117921, -29.68539]]]}, "properties": {"info": {"building": "yes"}, "address": "?, 592"}},
{"type": "Feature", "geometry": {"type": "Polygon", "coordinates": [[[-51.117643, -29.685764], [-51.117653, -29.685818], [-51.117735, -29.685807], [-51.117732, -29.685795], [-51.117727, -29.685765], [-51.117725, -29.685754], [-51.117643, -29.685764]]]}, "properties": {"info": {"building": "yes"}, "address": "?, ?"}},
{"type": "Feature", "geometry": {"type": "Polygon", "coordinates": [[[-51.115306, -29.689981], [-51.115338, -29.689941], [-51.115287, -29.68991], [-51.115255, -29.68995], [-51.115306, -29.689981]]]}, "properties": {"info": {"is_agg": true, "building": "yes", "properties_agg": [{"hnum": "207", "building": "yes", "feature_id": 94778}], "geom_cmp_equals": [false], "geom_cmp_intersec": [0]}, "error": 100, "address": "?, 207"}},
{"type": "Feature", "geometry": {"type": "Polygon", "coordinates": [[[-51.115356, -29.689918], [-51.115382, -29.689935], [-51.115393, -29.689921], [-51.115366, -29.689905], [-51.115356, -29.689918]]]}, "properties": {"info": {"building": "yes"}, "address": "?, 207"}},
{"type": "Feature", "geometry": {"type": "Polygon", "coordinates": [[[-51.117873, -29.685879], [-51.117943, -29.685871], [-51.11793, -29.685795], [-51.117863, -29.685804], [-51.117873, -29.685879]]]}, "properties": {"info": {"building": "yes"}, "address": "?, 88"}},
{"type": "Feature", "geometry": {"type": "Polygon", "coordinates": [[[-51.117925, -29.685593], [-51.117915, -29.685539], [-51.117804, -29.685554], [-51.117811, -29.68559], [-51.117831, -29.685587], [-51.117834, -29.685605], [-51.117925, -29.685593]]]}, "properties": {"info": {"building": "yes"}, "address": "?, 614"}},
{"type": "Feature", "geometry": {"type": "Polygon", "coordinates": [[[-51.117945, -29.685469], [-51.117934, -29.685406], [-51.117816, -29.685417], [-51.11782, -29.685436], [-51.117804, -29.685439], [-51.11781, -29.685478], [-51.117836, -29.685475], [-51.117838, -29.685484], [-51.117945, -29.685469]]]}, "properties": {"info": {"building": "yes"}, "address": "?, 604"}},
{"type": "Feature", "geometry": {"type": "Polygon", "coordinates": [[[-51.117797, -29.685441], [-51.117793, -29.68542], [-51.117762, -29.685424], [-51.117767, -29.685444], [-51.117797, -29.685441]]]}, "properties": {"info": {"building": "yes"}, "address": "?, ?"}},
{"type": "Feature", "geometry": {"type": "Polygon", "coordinates": [[[-51.11777, -29.685505], [-51.117759, -29.685449], [-51.117703, -29.685457], [-51.117713, -29.685513], [-51.11777, -29.685505]]]}, "properties": {"info": {"building": "yes"}, "address": "?, 604"}},
{"type": "Feature", "geometry": {"type": "Polygon", "coordinates": [[[-51.117598, -29.685547], [-51.117588, -29.685497], [-51.117508, -29.68551], [-51.117518, -29.68556], [-51.117598, -29.685547]]]}, "properties": {"info": {"building": "yes"}, "address": "?, 1185"}},
{"type": "Feature", "geometry": {"type": "Polygon", "coordinates": [[[-51.117529, -29.685424], [-51.11759, -29.685416], [-51.117576, -29.685339], [-51.117516, -29.685348], [-51.117529, -29.685424]]]}, "properties": {"info": {"building": "yes"}, "address": "?, 1185"}},
{"type": "Feature", "geometry": {"type": "Polygon", "coordinates": [[[-51.117259, -29.685318], [-51.117259, -29.685313], [-51.117288, -29.68531], [-51.117283, -29.685268], [-51.117253, -29.685271], [-51.117252, -29.685261], [-51.117161, -29.685271], [-51.117169, -29.685328], [-51.117259, -29.685318]]]}, "properties": {"info": {"building": "yes"}, "address": "?, 1215"}},
{"type": "Feature", "geometry": {"type": "Polygon", "coordinates": [[[-51.117468, -29.685338], [-51.117404, -29.685346], [-51.117422, -29.685464], [-51.117488, -29.685456], [-51.117468, -29.685338]]]}, "properties": {"info": {"building": "yes"}, "address": "?, 697"}},
{"type": "Feature", "geometry": {"type": "Polygon", "coordinates": [[[-51.117377, -29.685459], [-51.117366, -29.685387], [-51.117208, -29.685405], [-51.117218, -29.685476], [-51.117377, -29.685459]]]}, "properties": {"info": {"building": "yes"}, "address": "?, 697"}},
{"type": "Feature", "geometry": {"type": "Polygon", "coordinates": [[[-51.117491, -29.685529], [-51.117477, -29.685466], [-51.117393, -29.68548], [-51.117407, -29.685543], [-51.117491, -29.685529]]]}, "properties": {"info": {"building": "yes"}, "address": "?, 709"}},
{"type": "Feature", "geometry": {"type": "Polygon", "coordinates": [[[-51.117217, -29.685534], [-51.117227, -29.685589], [-51.117336, -29.685573], [-51.117325, -29.685518], [-51.117217, -29.685534]]]}, "properties": {"info": {"building": "yes"}, "address": "?, 709"}},
{"type": "Feature", "geometry": {"type": "Polygon", "coordinates": [[[-51.11796, -29.685977], [-51.117976, -29.686069], [-51.118026, -29.686062], [-51.11801, -29.68597], [-51.11796, -29.685977]]]}, "properties": {"info": {"building": "yes"}, "address": "?, 666"}},
{"type": "Feature", "geometry": {"type": "Polygon", "coordinates": [[[-51.117931, -29.685668], [-51.117931, -29.685663], [-51.117945, -29.685662], [-51.117942, -29.685638], [-51.117927, -29.68564], [-51.117924, -29.685616], [-51.117812, -29.685628], [-51.117819, -29.685678], [-51.117931, -29.685668]]]}, "properties": {"info": {"building": "yes"}, "address": "?, 624"}},
{"type": "Feature", "geometry": {"type": "Polygon", "coordinates": [[[-51.117821, -29.685918], [-51.117832, -29.685985], [-51.117825, -29.685986], [-51.117838, -29.686064], [-51.11795, -29.686047], [-51.117926, -29.685904], [-51.117821, -29.685918]]]}, "properties": {"info": {"building": "yes"}, "address": "?, 88"}},
{"type": "Feature", "geometry": {"type": "Polygon", "coordinates": [[[-51.118009, -29.685957], [-51.117984, -29.685795], [-51.117931, -29.685801], [-51.117958, -29.685964], [-51.118009, -29.685957]]]}, "properties": {"info": {"building": "yes"}, "address": "?, 666"}},
{"type": "Feature", "geometry": {"type": "Polygon", "coordinates": [[[-51.117927, -29.686071], [-51.11793, -29.686095], [-51.117979, -29.68609], [-51.117975, -29.686066], [-51.117927, -29.686071]]]}, "properties": {"info": {"building": "yes"}, "address": "?, 88"}},
{"type": "Feature", "geometry": {"type": "Polygon", "coordinates": [[[-51.117542, -29.685573], [-51.117554, -29.685645], [-51.11773, -29.685623], [-51.11772, -29.685551], [-51.117542, -29.685573]]]}, "properties": {"info": {"building": "yes"}, "address": "?, ?"}},
{"type": "Feature", "geometry": {"type": "Polygon", "coordinates": [[[-51.117622, -29.685999], [-51.117581, -29.686004], [-51.117584, -29.68602], [-51.117625, -29.686015], [-51.117622, -29.685999]]]}, "properties": {"info": {"is_agg": true, "building": "yes", "properties_agg": [{"hnum": "126", "building": "yes", "feature_id": 49621}], "geom_cmp_equals": [false], "geom_cmp_intersec": [0]}, "error": 100, "address": "?, ?"}},
{"type": "Feature", "geometry": {"type": "Polygon", "coordinates": [[[-51.11761, -29.685992], [-51.117602, -29.685948], [-51.11754, -29.685956], [-51.117547, -29.686], [-51.11761, -29.685992]]]}, "properties": {"info": {"building": "yes"}, "address": "?, 126"}},
{"type": "Feature", "geometry": {"type": "Polygon", "coordinates": [[[-51.117577, -29.685938], [-51.117574, -29.685917], [-51.117608, -29.685912], [-51.117599, -29.685854], [-51.117547, -29.685861], [-51.11756, -29.685941], [-51.117577, -29.685938]]]}, "properties": {"info": {"building": "yes"}, "address": "?, 126"}},
{"type": "Feature", "geometry": {"type": "Polygon", "coordinates": [[[-51.117612, -29.685934], [-51.117608, -29.685912], [-51.117574, -29.685917], [-51.117577, -29.685938], [-51.117612, -29.685934]]]}, "properties": {"info": {"building": "yes"}, "address": "?, 126"}},
{"type": "Feature", "geometry": {"type": "Polygon", "coordinates": [[[-51.117608, -29.685912], [-51.117653, -29.685907], [-51.117644, -29.685849], [-51.117599, -29.685854], [-51.117608, -29.685912]]]}, "properties": {"info": {"building": "yes"}, "address": "?, 126"}},
{"type": "Feature", "geometry": {"type": "Polygon", "coordinates": [[[-51.117416, -29.685589], [-51.117434, -29.685696], [-51.117526, -29.685684], [-51.117508, -29.685577], [-51.117416, -29.685589]]]}, "properties": {"info": {"building": "yes"}, "address": "?, 721"}},
{"type": "Feature", "geometry": {"type": "Polygon", "coordinates": [[[-51.117237, -29.685611], [-51.117255, -29.685718], [-51.117338, -29.685708], [-51.117327, -29.685641], [-51.117343, -29.685639], [-51.117336, -29.685599], [-51.117237, -29.685611]]]}, "properties": {"info": {"is_agg": true, "building": "yes", "properties_agg": [{"hnum": "721", "building": "yes", "feature_id": 49601}], "geom_cmp_equals": [false], "geom_cmp_intersec": [0.9165410405219347]}, "error": 100, "address": "?, 721"}},
{"type": "Feature", "geometry": {"type": "Polygon", "coordinates": [[[-51.11755, -29.686003], [-51.117442, -29.686015], [-51.11745, -29.686066], [-51.117558, -29.686053], [-51.11755, -29.686003]]]}, "properties": {"info": {"building": "yes"}, "address": "?, 136"}},
{"type": "Feature", "geometry": {"type": "Polygon", "coordinates": [[[-51.117493, -29.68608], [-51.117533, -29.686075], [-51.11753, -29.686056], [-51.11749, -29.686061], [-51.117493, -29.68608]]]}, "properties": {"info": {"building": "yes"}, "address": "?, ?"}},
{"type": "Feature", "geometry": {"type": "Polygon", "coordinates": [[[-51.117403, -29.686125], [-51.117401, -29.686113], [-51.117361, -29.686118], [-51.117363, -29.686129], [-51.117403, -29.686125]]]}, "properties": {"info": {"is_agg": true, "building": "yes", "properties_agg": [{"hnum": "152", "building": "yes", "feature_id": 49614}], "geom_cmp_equals": [false], "geom_cmp_intersec": [0.07432756331616404]}, "error": 100, "address": "?, ?"}},
{"type": "Feature", "geometry": {"type": "Polygon", "coordinates": [[[-51.117416, -29.686011], [-51.117316, -29.686023], [-51.117322, -29.686063], [-51.117422, -29.686052], [-51.117416, -29.686011]]]}, "properties": {"info": {"building": "yes"}, "address": "?, 152"}},
{"type": "Feature", "geometry": {"type": "Polygon", "coordinates": [[[-51.117437, -29.68615], [-51.11746, -29.686147], [-51.117453, -29.6861], [-51.11743, -29.686103], [-51.117432, -29.686114], [-51.117437, -29.68615]]]}, "properties": {"info": {"building": "yes"}, "address": "?, 152"}},
{"type": "Feature", "geometry": {"type": "Polygon", "coordinates": [[[-51.117312, -29.685957], [-51.117425, -29.685944], [-51.117415, -29.685881], [-51.117303, -29.685895], [-51.117312, -29.685957]]]}, "properties": {"info": {"building": "yes"}, "address": "?, 755"}},
{"type": "Feature", "geometry": {"type": "Polygon", "coordinates": [[[-51.117382, -29.685922], [-51.117393, -29.685993], [-51.117454, -29.685986], [-51.117443, -29.685915], [-51.117382, -29.685922]]]}, "properties": {"info": {"building": "yes"}, "address": "?, 755"}},
{"type": "Feature", "geometry": {"type": "Polygon", "coordinates": [[[-51.117425, -29.685944], [-51.117386, -29.685949], [-51.117393, -29.685993], [-51.117541, -29.685976], [-51.117527, -29.685882], [-51.117417, -29.685895], [-51.117425, -29.685944]]]}, "properties": {"info": {"building": "yes"}, "address": "?, 755"}},
{"type": "Feature", "geometry": {"type": "Polygon", "coordinates": [[[-51.11738, -29.686075], [-51.117324, -29.686082], [-51.117332, -29.686132], [-51.117388, -29.686125], [-51.11738, -29.686075]]]}, "properties": {"info": {"building": "yes"}, "address": "?, 152"}},
{"type": "Feature", "geometry": {"type": "Polygon", "coordinates": [[[-51.117867, -29.685731], [-51.117878, -29.685793], [-51.117902, -29.68579], [-51.117892, -29.685728], [-51.117867, -29.685731]]]}, "properties": {"info": {"building": "yes"}, "address": "?, 636"}},
{"type": "Feature", "geometry": {"type": "Polygon", "coordinates": [[[-51.117889, -29.685714], [-51.117816, -29.685723], [-51.117819, -29.685739], [-51.117782, -29.685744], [-51.117786, -29.685776], [-51.117821, -29.685771], [-51.117823, -29.685786], [-51.117842, -29.685784], [-51.117846, -29.685806], [-51.117904, -29.685798], [-51.117902, -29.68579], [-51.117878, -29.685793], [-51.117867, -29.685731], [-51.117892, -29.685728], [-51.117889, -29.685714]]]}, "properties": {"info": {"building": "yes"}, "address": "?, ?"}},
{"type": "Feature", "geometry": {"type": "MultiPolygon", "coordinates": [[[[-51.117481, -29.685854], [-51.117553, -29.685845], [-51.117549, -29.685825], [-51.117537, -29.685826], [-51.117523, -29.685745], [-51.117509, -29.685747], [-51.11751, -29.685752], [-51.117465, -29.685758], [-51.117481, -29.685854]]], [[[-51.117503, -29.685694], [-51.117527, -29.685691], [-51.117526, -29.685684], [-51.117501, -29.685687], [-51.117503, -29.685694]]]]}, "properties": {"info": {"building": "yes"}, "address": "?, 739"}},
{"type": "Feature", "geometry": {"type": "Polygon", "coordinates": [[[-51.11751, -29.685752], [-51.117503, -29.685707], [-51.117485, -29.685709], [-51.117486, -29.685714], [-51.117434, -29.68572], [-51.117438, -29.685743], [-51.117448, -29.685742], [-51.117451, -29.68576], [-51.11751, -29.685752]]]}, "properties": {"info": {"building": "yes"}, "address": "?, 735"}},
{"type": "Feature", "geometry": {"type": "Polygon", "coordinates": [[[-51.118146, -29.685914], [-51.118167, -29.685912], [-51.118163, -29.685877], [-51.118142, -29.685879], [-51.118146, -29.685914]]]}, "properties": {"info": {"building": "yes"}, "address": "?, 60"}},
{"type": "Feature", "geometry": {"type": "Polygon", "coordinates": [[[-51.118209, -29.685905], [-51.118275, -29.685899], [-51.118272, -29.685889], [-51.118282, -29.685886], [-51.118269, -29.685777], [-51.118197, -29.685782], [-51.118209, -29.685905]]]}, "properties": {"info": {"building": "yes"}, "address": "?, 60"}},
{"type": "Feature", "geometry": {"type": "Polygon", "coordinates": [[[-51.11862, -29.685773], [-51.118682, -29.685766], [-51.118674, -29.685722], [-51.118614, -29.685728], [-51.11862, -29.685773]]]}, "properties": {"info": {"is_agg": true, "building": "yes", "properties_agg": [{"hnum": "24", "building": "yes", "feature_id": 49878}], "geom_cmp_equals": [true], "geom_cmp_intersec": [1]}, "error": 100, "address": "?, 24"}},
{"type": "Feature", "geometry": {"type": "Polygon", "coordinates": [[[-51.118682, -29.685766], [-51.118708, -29.685764], [-51.118702, -29.685719], [-51.118674, -29.685722], [-51.118682, -29.685766]]]}, "properties": {"info": {"building": "yes"}, "address": "?, 24"}},
{"type": "Feature", "geometry": {"type": "Polygon", "coordinates": [[[-51.1186, -29.685481], [-51.118808, -29.685465], [-51.118801, -29.685368], [-51.118593, -29.685384], [-51.1186, -29.685481]]]}, "properties": {"info": {"is_agg": true, "building": "yes", "properties_agg": [{"hnum": "449", "building": "yes", "feature_id": 49866}], "geom_cmp_equals": [true], "geom_cmp_intersec": [1]}, "error": 100, "address": "?, 449"}},
{"type": "Feature", "geometry": {"type": "Polygon", "coordinates": [[[-51.118587, -29.685317], [-51.118593, -29.685384], [-51.118801, -29.685368], [-51.118797, -29.685301], [-51.118587, -29.685317]]]}, "properties": {"info": {"is_agg": true, "building": "yes", "properties_agg": [{"hnum": "449", "building": "yes", "feature_id": 49868}], "geom_cmp_equals": [true], "geom_cmp_intersec": [1]}, "error": 100, "address": "?, 449"}},
{"type": "Feature", "geometry": {"type": "Polygon", "coordinates": [[[-51.118268, -29.685202], [-51.118274, -29.685256], [-51.118283, -29.685255], [-51.118286, -29.685285], [-51.118308, -29.685284], [-51.1183, -29.685199], [-51.118268, -29.685202]]]}, "properties": {"info": {"is_agg": true, "building": "yes", "properties_agg": [{"hnum": "1107", "building": "yes", "feature_id": 49870}], "geom_cmp_equals": [true], "geom_cmp_intersec": [1]}, "error": 100, "address": "?, 1107"}},
{"type": "Feature", "geometry": {"type": "Polygon", "coordinates": [[[-51.118308, -29.685284], [-51.118375, -29.685278], [-51.118366, -29.685194], [-51.1183, -29.685199], [-51.118308, -29.685284]]]}, "properties": {"info": {"building": "yes"}, "address": "?, 1107"}},
{"type": "Feature", "geometry": {"type": "Polygon", "coordinates": [[[-51.118667, -29.685165], [-51.118683, -29.685298], [-51.11874, -29.685293], [-51.118728, -29.68516], [-51.118667, -29.685165]]]}, "properties": {"info": {"is_agg": true, "building": "yes", "properties_agg": [{"hnum": "469", "building": "yes", "feature_id": 49869}], "geom_cmp_equals": [true], "geom_cmp_intersec": [1]}, "error": 100, "address": "?, 469"}},
{"type": "Feature", "geometry": {"type": "Polygon", "coordinates": [[[-51.11874, -29.685293], [-51.118798, -29.685287], [-51.118789, -29.685204], [-51.118805, -29.685203], [-51.118798, -29.685139], [-51.118726, -29.685144], [-51.118728, -29.68516], [-51.11874, -29.685293]]]}, "properties": {"info": {"building": "yes"}, "address": "?, 469"}},
{"type": "Feature", "geometry": {"type": "Polygon", "coordinates": [[[-51.11887, -29.685958], [-51.118864, -29.685884], [-51.118788, -29.685887], [-51.118789, -29.685877], [-51.118755, -29.685878], [-51.118764, -29.685965], [-51.11887, -29.685958]]]}, "properties": {"info": {"is_agg": true, "building": "yes", "properties_agg": [{"hnum": "6", "building": "yes", "feature_id": 94900}], "geom_cmp_equals": [true], "geom_cmp_intersec": [1]}, "error": 100, "address": "?, 6"}},
{"type": "Feature", "geometry": {"type": "Polygon", "coordinates": [[[-51.118457, -29.685328], [-51.118461, -29.685365], [-51.118481, -29.685363], [-51.118477, -29.685326], [-51.118457, -29.685328]]]}, "properties": {"info": {"building": "yes"}, "address": "?, ?"}},
{"type": "Feature", "geometry": {"type": "Polygon", "coordinates": [[[-51.118375, -29.685334], [-51.118384, -29.68542], [-51.118415, -29.685418], [-51.118416, -29.685427], [-51.118468, -29.685423], [-51.118457, -29.685328], [-51.118375, -29.685334]]]}, "properties": {"info": {"building": "yes"}, "address": "?, 601"}},
{"type": "Feature", "geometry": {"type": "Polygon", "coordinates": [[[-51.118339, -29.685421], [-51.118331, -29.68534], [-51.118258, -29.685346], [-51.118267, -29.685426], [-51.118339, -29.685421]]]}, "properties": {"info": {"building": "yes"}, "address": "?, 601"}},
{"type": "Feature", "geometry": {"type": "Polygon", "coordinates": [[[-51.118142, -29.685368], [-51.118149, -29.685436], [-51.118267, -29.685426], [-51.11826, -29.685359], [-51.118142, -29.685368]]]}, "properties": {"info": {"building": "yes"}, "address": "?, 601"}},
{"type": "Feature", "geometry": {"type": "Polygon", "coordinates": [[[-51.118342, -29.68598], [-51.118343, -29.685986], [-51.118402, -29.685981], [-51.118395, -29.685925], [-51.118421, -29.685922], [-51.118416, -29.685885], [-51.118346, -29.685892], [-51.118349, -29.685915], [-51.118304, -29.685919], [-51.118306, -29.685936], [-51.118314, -29.685936], [-51.118316, -29.685949], [-51.118308, -29.68595], [-51.118312, -29.685983], [-51.118342, -29.68598]]]}, "properties": {"info": {"building": "yes"}, "address": "?, 48"}},
{"type": "Feature", "geometry": {"type": "Polygon", "coordinates": [[[-51.118349, -29.685915], [-51.118346, -29.685892], [-51.11835, -29.685891], [-51.118345, -29.685851], [-51.118352, -29.68585], [-51.118348, -29.685815], [-51.118292, -29.68582], [-51.118304, -29.685919], [-51.118349, -29.685915]]]}, "properties": {"info": {"building": "yes"}, "address": "?, 48"}},
{"type": "Feature", "geometry": {"type": "Polygon", "coordinates": [[[-51.118399, -29.685987], [-51.118462, -29.685981], [-51.118449, -29.68587], [-51.118413, -29.685873], [-51.118414, -29.685886], [-51.118416, -29.685885], [-51.118421, -29.685922], [-51.118395, -29.685925], [-51.118402, -29.685981], [-51.118398, -29.685981], [-51.118399, -29.685987]]]}, "properties": {"info": {"building": "yes"}, "address": "?, 48"}},
{"type": "Feature", "geometry": {"type": "Polygon", "coordinates": [[[-51.114355, -29.690486], [-51.114309, -29.690457], [-51.114267, -29.690508], [-51.114313, -29.690537], [-51.114355, -29.690486]]]}, "properties": {"info": {"building": "yes"}, "address": "?, 108"}},
{"type": "Feature", "geometry": {"type": "Polygon", "coordinates": [[[-51.11836, -29.690469], [-51.118325, -29.690448], [-51.118293, -29.690489], [-51.118328, -29.69051], [-51.11836, -29.690469]]]}, "properties": {"info": {"building": "yes"}, "address": "?, 388"}},
{"type": "Feature", "geometry": {"type": "Polygon", "coordinates": [[[-51.114236, -29.690433], [-51.114233, -29.690437], [-51.114223, -29.69043], [-51.114219, -29.690435], [-51.114209, -29.690429], [-51.1142, -29.69044], [-51.114172, -29.690423], [-51.114124, -29.690481], [-51.11415, -29.690497], [-51.114135, -29.690515], [-51.114201, -29.690556], [-51.11428, -29.690461], [-51.114236, -29.690433]]]}, "properties": {"info": {"is_agg": true, "building": "yes", "properties_agg": [{"hnum": "96", "building": "yes", "feature_id": 50812}], "geom_cmp_equals": [false], "geom_cmp_intersec": [0.8036205848859057]}, "error": 100, "address": "?, 96"}},
{"type": "Feature", "geometry": {"type": "Polygon", "coordinates": [[[-51.114302, -29.690483], [-51.114265, -29.690526], [-51.114345, -29.690577], [-51.114382, -29.690533], [-51.114309, -29.690487], [-51.114302, -29.690483]]]}, "properties": {"info": {"building": "yes"}, "address": "?, 108"}},
{"type": "Feature", "geometry": {"type": "Polygon", "coordinates": [[[-51.113929, -29.69042], [-51.11395, -29.690433], [-51.113938, -29.690448], [-51.113984, -29.690477], [-51.114054, -29.690393], [-51.114037, -29.690382], [-51.114046, -29.690371], [-51.114063, -29.690382], [-51.114098, -29.690339], [-51.114105, -29.690331], [-51.114013, -29.690273], [-51.113971, -29.690324], [-51.113996, -29.69034], [-51.113929, -29.69042]]]}, "properties": {"info": {"building": "yes"}, "address": "?, 76"}},
{"type": "Feature", "geometry": {"type": "Polygon", "coordinates": [[[-51.113929, -29.690544], [-51.113962, -29.690504], [-51.113905, -29.690468], [-51.113871, -29.690508], [-51.113929, -29.690544]]]}, "properties": {"info": {"building": "yes"}, "address": "?, 76"}},
{"type": "Feature", "geometry": {"type": "Polygon", "coordinates": [[[-51.113871, -29.690508], [-51.113905, -29.690468], [-51.11387, -29.690446], [-51.113837, -29.690486], [-51.113871, -29.690508]]]}, "properties": {"info": {"building": "yes"}, "address": "?, 76"}},
{"type": "Feature", "geometry": {"type": "Polygon", "coordinates": [[[-51.114061, -29.690386], [-51.114024, -29.690433], [-51.114066, -29.690459], [-51.114104, -29.690412], [-51.114074, -29.690394], [-51.114061, -29.690386]]]}, "properties": {"info": {"building": "yes"}, "address": "?, 82"}},
{"type": "Feature", "geometry": {"type": "Polygon", "coordinates": [[[-51.114074, -29.690394], [-51.114121, -29.690422], [-51.114165, -29.690366], [-51.114118, -29.690338], [-51.114074, -29.690394]]]}, "properties": {"info": {"building": "yes"}, "address": "?, 82"}},
{"type": "Feature", "geometry": {"type": "Polygon", "coordinates": [[[-51.113896, -29.690313], [-51.113889, -29.690322], [-51.113925, -29.690345], [-51.113913, -29.69036], [-51.113931, -29.690372], [-51.113947, -29.690352], [-51.113938, -29.690346], [-51.113942, -29.690342], [-51.113896, -29.690313]]]}, "properties": {"info": {"building": "yes"}, "address": "?, 66"}},
{"type": "Feature", "geometry": {"type": "Polygon", "coordinates": [[[-51.113945, -29.690252], [-51.113895, -29.690312], [-51.113942, -29.690342], [-51.113992, -29.690281], [-51.113945, -29.690252]]]}, "properties": {"info": {"building": "yes"}, "address": "?, 66"}},
{"type": "Feature", "geometry": {"type": "Polygon", "coordinates": [[[-51.118239, -29.690398], [-51.118207, -29.690439], [-51.118254, -29.690467], [-51.118286, -29.690425], [-51.118239, -29.690398]]]}, "properties": {"info": {"building": "yes"}, "address": "?, 388"}},
{"type": "Feature", "geometry": {"type": "Polygon", "coordinates": [[[-51.11805, -29.690489], [-51.118003, -29.690461], [-51.117968, -29.690507], [-51.117996, -29.690523], [-51.117983, -29.690541], [-51.118001, -29.690552], [-51.11805, -29.690489]]]}, "properties": {"info": {"building": "yes"}, "address": "?, 284"}},
{"type": "Feature", "geometry": {"type": "Polygon", "coordinates": [[[-51.117785, -29.690434], [-51.117733, -29.690485], [-51.117714, -29.690475], [-51.117719, -29.690468], [-51.11769, -29.690451], [-51.117613, -29.690554], [-51.117707, -29.69061], [-51.117843, -29.69043], [-51.117785, -29.690434]]]}, "properties": {"info": {"building": "yes"}, "address": "?, 52"}},
{"type": "Feature", "geometry": {"type": "Polygon", "coordinates": [[[-51.117387, -29.6902], [-51.117391, -29.690266], [-51.117422, -29.690265], [-51.117422, -29.690272], [-51.117431, -29.690271], [-51.117433, -29.690316], [-51.117481, -29.690314], [-51.117481, -29.690306], [-51.117508, -29.690304], [-51.117501, -29.690195], [-51.117387, -29.6902]]]}, "properties": {"info": {"building": "yes"}, "address": "?, 103"}},
{"type": "Feature", "geometry": {"type": "Polygon", "coordinates": [[[-51.117512, -29.690374], [-51.117508, -29.690304], [-51.117439, -29.690308], [-51.117443, -29.690377], [-51.117512, -29.690374]]]}, "properties": {"info": {"is_agg": true, "building": "yes", "properties_agg": [{"hnum": "103", "building": "yes", "feature_id": 50939}], "geom_cmp_equals": [false], "geom_cmp_intersec": [0.9608681641370288]}, "error": 100, "address": "?, 103"}},
{"type": "Feature", "geometry": {"type": "Polygon", "coordinates": [[[-51.117638, -29.690488], [-51.117591, -29.690461], [-51.117585, -29.690469], [-51.117568, -29.690459], [-51.117532, -29.690507], [-51.117596, -29.690544], [-51.117638, -29.690488]]]}, "properties": {"info": {"building": "yes"}, "address": "?, 62"}},
{"type": "Feature", "geometry": {"type": "Polygon", "coordinates": [[[-51.115564, -29.688845], [-51.115637, -29.68889], [-51.115735, -29.688766], [-51.115664, -29.688722], [-51.115564, -29.688845]]]}, "properties": {"info": {"building": "yes"}, "address": "?, 145"}},
{"type": "Feature", "geometry": {"type": "Polygon", "coordinates": [[[-51.115574, -29.688969], [-51.115603, -29.688932], [-51.115512, -29.688877], [-51.115482, -29.688914], [-51.115574, -29.688969]]]}, "properties": {"info": {"building": "yes"}, "address": "?, 145"}},
{"type": "Feature", "geometry": {"type": "Polygon", "coordinates": [[[-51.118274, -29.690535], [-51.118262, -29.690527], [-51.118277, -29.690508], [-51.118248, -29.690491], [-51.118226, -29.690517], [-51.118232, -29.690521], [-51.118222, -29.690535], [-51.118257, -29.690557], [-51.118274, -29.690535]]]}, "properties": {"info": {"building": "yes"}, "address": "?, ?"}},
{"type": "Feature", "geometry": {"type": "Polygon", "coordinates": [[[-51.115458, -29.688943], [-51.11548, -29.688915], [-51.115386, -29.688858], [-51.115364, -29.688886], [-51.115458, -29.688943]]]}, "properties": {"info": {"building": "yes"}, "address": "?, 234"}},
{"type": "Feature", "geometry": {"type": "Polygon", "coordinates": [[[-51.117959, -29.690273], [-51.11799, -29.690272], [-51.117989, -29.690258], [-51.118039, -29.690256], [-51.118051, -29.690163], [-51.118014, -29.690164], [-51.118015, -29.690176], [-51.117987, -29.690177], [-51.117986, -29.690156], [-51.117953, -29.690157], [-51.117959, -29.690273]]]}, "properties": {"info": {"building": "yes"}, "address": "?, 59"}},
{"type": "Feature", "geometry": {"type": "Polygon", "coordinates": [[[-51.117814, -29.690153], [-51.117804, -29.690154], [-51.117796, -29.69016], [-51.117753, -29.690161], [-51.117755, -29.690222], [-51.117784, -29.690221], [-51.117793, -29.690221], [-51.117801, -29.690214], [-51.117868, -29.690212], [-51.117865, -29.690152], [-51.117814, -29.690153]]]}, "properties": {"info": {"is_agg": true, "building": "yes", "properties_agg": [{"hnum": "77", "building": "yes", "feature_id": 50912}], "geom_cmp_equals": [false], "geom_cmp_intersec": [0.8442177957413795]}, "error": 100, "address": "?, 77"}},
{"type": "Feature", "geometry": {"type": "Polygon", "coordinates": [[[-51.115828, -29.688853], [-51.115794, -29.688895], [-51.115781, -29.688887], [-51.115755, -29.688921], [-51.115744, -29.688934], [-51.115837, -29.688991], [-51.115902, -29.68891], [-51.115885, -29.6889], [-51.115858, -29.688883], [-51.115864, -29.688876], [-51.115828, -29.688853]]]}, "properties": {"info": {"building": "yes"}, "address": "?, ?"}},
{"type": "Feature", "geometry": {"type": "Polygon", "coordinates": [[[-51.115803, -29.6889], [-51.115794, -29.688895], [-51.115781, -29.688887], [-51.115755, -29.688921], [-51.115785, -29.68894], [-51.115782, -29.688944], [-51.115828, -29.688971], [-51.115834, -29.688964], [-51.115851, -29.688974], [-51.115886, -29.68893], [-51.115869, -29.688919], [-51.115885, -29.6889], [-51.115858, -29.688883], [-51.11583, -29.688866], [-51.115803, -29.6889]]]}, "properties": {"info": {"building": "yes"}, "address": "?, ?"}},
{"type": "Feature", "geometry": {"type": "Polygon", "coordinates": [[[-51.115959, -29.688934], [-51.115956, -29.688915], [-51.115932, -29.6889], [-51.115916, -29.688921], [-51.115906, -29.688915], [-51.115901, -29.688916], [-51.115872, -29.68895], [-51.115919, -29.68898], [-51.115894, -29.68901], [-51.115923, -29.689029], [-51.11596, -29.688984], [-51.115976, -29.688994], [-51.116003, -29.688961], [-51.115959, -29.688934]]]}, "properties": {"info": {"is_agg": true, "building": "yes", "properties_agg": [{"hnum": "115", "building": "yes", "feature_id": 50916}], "geom_cmp_equals": [false], "geom_cmp_intersec": [0.7908567786693702]}, "error": 100, "address": "?, 115"}},
{"type": "Feature", "geometry": {"type": "Polygon", "coordinates": [[[-51.117845, -29.690251], [-51.117866, -29.69025], [-51.117867, -29.690273], [-51.117846, -29.690274], [-51.117848, -29.690308], [-51.117929, -29.690305], [-51.117925, -29.690232], [-51.117957, -29.690231], [-51.117954, -29.690173], [-51.117841, -29.690177], [-51.117845, -29.690251]]]}, "properties": {"info": {"is_agg": true, "building": "yes", "properties_agg": [{"hnum": "71", "building": "yes", "feature_id": 50914}], "geom_cmp_equals": [false], "geom_cmp_intersec": [0.9511198869174283]}, "error": 100, "address": "?, 71"}},
{"type": "Feature", "geometry": {"type": "Polygon", "coordinates": [[[-51.117665, -29.690226], [-51.117665, -29.690223], [-51.117623, -29.690224], [-51.117623, -29.690236], [-51.117592, -29.690237], [-51.117595, -29.690284], [-51.117625, -29.690283], [-51.117626, -29.690301], [-51.117647, -29.6903], [-51.117649, -29.69033], [-51.117683, -29.690329], [-51.117682, -29.690316], [-51.11771, -29.690315], [-51.117705, -29.690224], [-51.117665, -29.690226]]]}, "properties": {"info": {"building": "yes"}, "address": "?, 93"}},
{"type": "Feature", "geometry": {"type": "Polygon", "coordinates": [[[-51.115453, -29.688946], [-51.115546, -29.689002], [-51.115569, -29.688973], [-51.115476, -29.688916], [-51.115453, -29.688946]]]}, "properties": {"info": {"building": "yes"}, "address": "?, 224"}},
{"type": "Feature", "geometry": {"type": "Polygon", "coordinates": [[[-51.117707, -29.690304], [-51.117673, -29.690305], [-51.117672, -29.690275], [-51.11765, -29.690276], [-51.117653, -29.69033], [-51.117709, -29.690328], [-51.117709, -29.690316], [-51.117735, -29.690315], [-51.117734, -29.69029], [-51.117706, -29.690291], [-51.117707, -29.690304]]]}, "properties": {"info": {"building": "yes"}, "address": "?, ?"}},
{"type": "Feature", "geometry": {"type": "Polygon", "coordinates": [[[-51.117625, -29.690283], [-51.117595, -29.690284], [-51.117596, -29.690302], [-51.117626, -29.690301], [-51.117625, -29.690283]]]}, "properties": {"info": {"building": "yes"}, "address": "?, ?"}},
{"type": "Feature", "geometry": {"type": "Polygon", "coordinates": [[[-51.115659, -29.688861], [-51.115752, -29.688917], [-51.115804, -29.688853], [-51.115788, -29.688843], [-51.115813, -29.688811], [-51.11578, -29.688791], [-51.115752, -29.688827], [-51.115708, -29.6888], [-51.115659, -29.688861]]]}, "properties": {"info": {"building": "yes"}, "address": "?, 135"}},
{"type": "Feature", "geometry": {"type": "Polygon", "coordinates": [[[-51.117187, -29.690251], [-51.117181, -29.690185], [-51.117099, -29.690191], [-51.117102, -29.690222], [-51.117153, -29.690253], [-51.117187, -29.690251]]]}, "properties": {"info": {"building": "yes"}, "address": "?, 382"}},
{"type": "Feature", "geometry": {"type": "Polygon", "coordinates": [[[-51.117038, -29.690195], [-51.117028, -29.690243], [-51.117086, -29.690251], [-51.117141, -29.69028], [-51.117133, -29.690292], [-51.117159, -29.690309], [-51.117187, -29.690251], [-51.117153, -29.690253], [-51.117102, -29.690222], [-51.117099, -29.690191], [-51.117038, -29.690195]]]}, "properties": {"info": {"building": "yes"}, "address": "?, ?"}},
{"type": "Feature", "geometry": {"type": "Polygon", "coordinates": [[[-51.118239, -29.690398], [-51.118225, -29.690389], [-51.11822, -29.690396], [-51.118199, -29.690383], [-51.118178, -29.690411], [-51.118198, -29.690423], [-51.118193, -29.69043], [-51.118207, -29.690439], [-51.118239, -29.690398]]]}, "properties": {"info": {"building": "yes"}, "address": "?, 388"}},
{"type": "Feature", "geometry": {"type": "Polygon", "coordinates": [[[-51.118328, -29.69051], [-51.118375, -29.690538], [-51.118407, -29.690497], [-51.11836, -29.690469], [-51.118328, -29.69051]]]}, "properties": {"info": {"building": "yes"}, "address": "?, 388"}},
{"type": "Feature", "geometry": {"type": "Polygon", "coordinates": [[[-51.118293, -29.690351], [-51.118308, -29.690332], [-51.118312, -29.690334], [-51.118328, -29.690315], [-51.118323, -29.690313], [-51.118341, -29.690291], [-51.118247, -29.690234], [-51.118214, -29.690274], [-51.118236, -29.690287], [-51.11822, -29.690307], [-51.118293, -29.690351]]]}, "properties": {"info": {"is_agg": true, "building": "yes", "properties_agg": [{"hnum": "41", "building": "yes", "feature_id": 50935}], "geom_cmp_equals": [false], "geom_cmp_intersec": [0.8519309696040868]}, "error": 100, "address": "?, 41"}},
{"type": "Feature", "geometry": {"type": "Polygon", "coordinates": [[[-51.118373, -29.6904], [-51.118368, -29.690407], [-51.118369, -29.690407], [-51.118362, -29.690416], [-51.11841, -29.690446], [-51.118443, -29.690406], [-51.118413, -29.690388], [-51.118429, -29.690367], [-51.118439, -29.690354], [-51.118428, -29.690348], [-51.11843, -29.690346], [-51.118375, -29.690312], [-51.118357, -29.690333], [-51.118353, -29.690331], [-51.118338, -29.69035], [-51.118342, -29.690352], [-51.118326, -29.690372], [-51.118373, -29.6904]]]}, "properties": {"info": {"is_agg": true, "building": "yes", "properties_agg": [{"hnum": "378", "building": "yes", "feature_id": 50938}], "geom_cmp_equals": [false], "geom_cmp_intersec": [0.8153408749761133]}, "error": 100, "address": "?, 378"}},
{"type": "Feature", "geometry": {"type": "Polygon", "coordinates": [[[-51.117563, -29.690248], [-51.117565, -29.690268], [-51.117629, -29.690265], [-51.117624, -29.690189], [-51.117585, -29.690191], [-51.117583, -29.69016], [-51.117579, -29.690161], [-51.117573, -29.690156], [-51.117557, -29.690157], [-51.117552, -29.690162], [-51.117548, -29.690162], [-51.117548, -29.690174], [-51.117541, -29.690174], [-51.117544, -29.690214], [-51.117528, -29.690215], [-51.11753, -29.69025], [-51.117563, -29.690248]]]}, "properties": {"info": {"building": "yes"}, "address": "?, 99"}},
{"type": "Feature", "geometry": {"type": "Polygon", "coordinates": [[[-51.118092, -29.690229], [-51.118072, -29.690217], [-51.118082, -29.690205], [-51.118071, -29.690199], [-51.118045, -29.690233], [-51.118058, -29.690241], [-51.118035, -29.690271], [-51.118089, -29.690303], [-51.118128, -29.690253], [-51.118141, -29.69026], [-51.118169, -29.690225], [-51.118119, -29.690195], [-51.118092, -29.690229]]]}, "properties": {"info": {"is_agg": true, "building": "yes", "properties_agg": [{"hnum": "51", "building": "yes", "feature_id": 50948}], "geom_cmp_equals": [false], "geom_cmp_intersec": [0.9169843777448995]}, "error": 100, "address": "?, 51"}},
{"type": "Feature", "geometry": {"type": "Polygon", "coordinates": [[[-51.114895, -29.68994], [-51.114865, -29.689922], [-51.114852, -29.689938], [-51.114882, -29.689956], [-51.114895, -29.68994]]]}, "properties": {"info": {"building": "yes"}, "address": "?, 176"}},
{"type": "Feature", "geometry": {"type": "Polygon", "coordinates": [[[-51.115246, -29.687999], [-51.115229, -29.688], [-51.115231, -29.688035], [-51.115249, -29.688034], [-51.115246, -29.687999]]]}, "properties": {"info": {"building": "yes"}, "address": "?, 448"}},
{"type": "Feature", "geometry": {"type": "Polygon", "coordinates": [[[-51.114874, -29.687255], [-51.114873, -29.68724], [-51.11484, -29.687243], [-51.114842, -29.687257], [-51.114874, -29.687255]]]}, "properties": {"info": {"building": "yes"}, "address": "?, 305"}},
{"type": "Feature", "geometry": {"type": "Polygon", "coordinates": [[[-51.114793, -29.690099], [-51.114826, -29.690057], [-51.114765, -29.69002], [-51.114731, -29.690062], [-51.114793, -29.690099]]]}, "properties": {"info": {"building": "yes"}, "address": "?, 176"}},
{"type": "Feature", "geometry": {"type": "Polygon", "coordinates": [[[-51.114751, -29.690082], [-51.114715, -29.690127], [-51.114742, -29.690143], [-51.114726, -29.690163], [-51.114737, -29.69017], [-51.114789, -29.690104], [-51.114751, -29.690082]]]}, "properties": {"info": {"building": "yes"}, "address": "?, 176"}},
{"type": "Feature", "geometry": {"type": "Polygon", "coordinates": [[[-51.114474, -29.690022], [-51.11444, -29.690001], [-51.114403, -29.690048], [-51.114437, -29.690068], [-51.114474, -29.690022]]]}, "properties": {"info": {"building": "yes"}, "address": "?, 83"}},
{"type": "Feature", "geometry": {"type": "Polygon", "coordinates": [[[-51.114749, -29.690203], [-51.114681, -29.690159], [-51.114639, -29.690209], [-51.114707, -29.690253], [-51.114749, -29.690203]]]}, "properties": {"info": {"building": "yes"}, "address": "?, 117"}},
{"type": "Feature", "geometry": {"type": "Polygon", "coordinates": [[[-51.115057, -29.690227], [-51.115033, -29.690211], [-51.115004, -29.690247], [-51.115028, -29.690262], [-51.115057, -29.690227]]]}, "properties": {"info": {"building": "yes"}, "address": "?, 210"}},
{"type": "Feature", "geometry": {"type": "Polygon", "coordinates": [[[-51.114614, -29.689804], [-51.114631, -29.689782], [-51.114599, -29.689763], [-51.114593, -29.689771], [-51.114581, -29.689788], [-51.114614, -29.689804]]]}, "properties": {"info": {"building": "yes"}, "address": "?, 144"}},
{"type": "Feature", "geometry": {"type": "Polygon", "coordinates": [[[-51.114709, -29.690413], [-51.114642, -29.69037], [-51.11463, -29.690384], [-51.114697, -29.690427], [-51.114709, -29.690413]]]}, "properties": {"info": {"building": "yes"}, "address": "?, 141"}},
{"type": "Feature", "geometry": {"type": "Polygon", "coordinates": [[[-51.114755, -29.690358], [-51.114728, -29.690341], [-51.114722, -29.690348], [-51.114682, -29.690323], [-51.114642, -29.69037], [-51.114709, -29.690413], [-51.114755, -29.690358]]]}, "properties": {"info": {"building": "yes"}, "address": "?, 141"}},
{"type": "Feature", "geometry": {"type": "Polygon", "coordinates": [[[-51.114446, -29.690206], [-51.114389, -29.690172], [-51.114368, -29.690198], [-51.114379, -29.690204], [-51.114331, -29.690263], [-51.114378, -29.690292], [-51.114446, -29.690206]]]}, "properties": {"info": {"building": "yes"}, "address": "?, 95"}},
{"type": "Feature", "geometry": {"type": "Polygon", "coordinates": [[[-51.114818, -29.690449], [-51.114776, -29.690423], [-51.114784, -29.690413], [-51.114748, -29.69039], [-51.114715, -29.69043], [-51.114794, -29.690478], [-51.114818, -29.690449]]]}, "properties": {"info": {"building": "yes"}, "address": "?, 151"}},
{"type": "Feature", "geometry": {"type": "Polygon", "coordinates": [[[-51.114915, -29.690352], [-51.114875, -29.690327], [-51.114809, -29.690408], [-51.114806, -29.690406], [-51.114793, -29.690422], [-51.114836, -29.690449], [-51.114915, -29.690352]]]}, "properties": {"info": {"building": "yes"}, "address": "?, 151"}},
{"type": "Feature", "geometry": {"type": "Polygon", "coordinates": [[[-51.11416, -29.690075], [-51.114229, -29.68999], [-51.114171, -29.689953], [-51.114148, -29.689938], [-51.11413, -29.68996], [-51.114127, -29.689964], [-51.11415, -29.689978], [-51.114101, -29.690038], [-51.11416, -29.690075]]]}, "properties": {"info": {"building": "yes"}, "address": "?, 65"}},
{"type": "Feature", "geometry": {"type": "Polygon", "coordinates": [[[-51.114112, -29.690134], [-51.114229, -29.68999], [-51.114171, -29.689953], [-51.114053, -29.690097], [-51.114112, -29.690134]]]}, "properties": {"info": {"building": "yes"}, "address": "?, 65"}},
{"type": "Feature", "geometry": {"type": "Polygon", "coordinates": [[[-51.11416, -29.690075], [-51.114101, -29.690038], [-51.114053, -29.690097], [-51.114112, -29.690134], [-51.11416, -29.690075]]]}, "properties": {"info": {"building": "yes"}, "address": "?, 65"}},
{"type": "Feature", "geometry": {"type": "Polygon", "coordinates": [[[-51.114517, -29.69013], [-51.114577, -29.690166], [-51.114604, -29.69013], [-51.114544, -29.690095], [-51.114517, -29.69013]]]}, "properties": {"info": {"building": "yes"}, "address": "?, 107"}},
{"type": "Feature", "geometry": {"type": "Polygon", "coordinates": [[[-51.114579, -29.690236], [-51.114535, -29.69021], [-51.114519, -29.690228], [-51.114492, -29.690211], [-51.114447, -29.690267], [-51.114519, -29.690311], [-51.114579, -29.690236]]]}, "properties": {"info": {"building": "yes"}, "address": "?, 107"}},
{"type": "Feature", "geometry": {"type": "Polygon", "coordinates": [[[-51.114976, -29.69045], [-51.115038, -29.690489], [-51.115055, -29.690467], [-51.114993, -29.690429], [-51.114976, -29.69045]]]}, "properties": {"info": {"building": "yes"}, "address": "?, 295"}},
{"type": "Feature", "geometry": {"type": "Polygon", "coordinates": [[[-51.115055, -29.690467], [-51.115094, -29.69042], [-51.115089, -29.690417], [-51.115028, -29.69038], [-51.115023, -29.690376], [-51.114985, -29.690424], [-51.11505, -29.690464], [-51.115055, -29.690467]]]}, "properties": {"info": {"building": "yes"}, "address": "?, 295"}},
{"type": "Feature", "geometry": {"type": "Polygon", "coordinates": [[[-51.115175, -29.69021], [-51.115156, -29.690234], [-51.11522, -29.690273], [-51.115239, -29.690248], [-51.115175, -29.69021]]]}, "properties": {"info": {"building": "yes"}, "address": "?, 222"}},
{"type": "Feature", "geometry": {"type": "Polygon", "coordinates": [[[-51.115239, -29.690248], [-51.115288, -29.690187], [-51.115241, -29.690158], [-51.115192, -29.69022], [-51.115239, -29.690248]]]}, "properties": {"info": {"building": "yes"}, "address": "?, 222"}},
{"type": "Feature", "geometry": {"type": "Polygon", "coordinates": [[[-51.115063, -29.690253], [-51.115104, -29.690278], [-51.115137, -29.690237], [-51.115096, -29.690212], [-51.115063, -29.690253]]]}, "properties": {"info": {"building": "yes"}, "address": "?, 210"}},
{"type": "Feature", "geometry": {"type": "Polygon", "coordinates": [[[-51.115075, -29.690177], [-51.115108, -29.690197], [-51.115096, -29.690212], [-51.115122, -29.690228], [-51.115189, -29.690144], [-51.115131, -29.690108], [-51.115075, -29.690177]]]}, "properties": {"info": {"building": "yes"}, "address": "?, 210"}},
{"type": "Feature", "geometry": {"type": "Polygon", "coordinates": [[[-51.114306, -29.690004], [-51.114354, -29.689946], [-51.114295, -29.689909], [-51.114247, -29.689967], [-51.114306, -29.690004]]]}, "properties": {"info": {"building": "yes"}, "address": "?, 73"}},
{"type": "Feature", "geometry": {"type": "Polygon", "coordinates": [[[-51.11474, -29.689855], [-51.114688, -29.689924], [-51.114767, -29.689969], [-51.114819, -29.6899], [-51.11474, -29.689855]]]}, "properties": {"info": {"building": "yes"}, "address": "?, 168"}},
{"type": "Feature", "geometry": {"type": "Polygon", "coordinates": [[[-51.114564, -29.690078], [-51.114611, -29.690021], [-51.114564, -29.689991], [-51.114517, -29.690049], [-51.114564, -29.690078]]]}, "properties": {"info": {"building": "yes"}, "address": "?, 168"}},
{"type": "Feature", "geometry": {"type": "Polygon", "coordinates": [[[-51.114554, -29.690085], [-51.114584, -29.690104], [-51.114631, -29.690047], [-51.1146, -29.690028], [-51.114554, -29.690085]]]}, "properties": {"info": {"building": "yes"}, "address": "?, 168"}},
{"type": "Feature", "geometry": {"type": "Polygon", "coordinates": [[[-51.11478, -29.689989], [-51.114712, -29.689948], [-51.114696, -29.689968], [-51.114721, -29.689983], [-51.114704, -29.690006], [-51.114693, -29.689999], [-51.114685, -29.690009], [-51.114696, -29.690016], [-51.114672, -29.690046], [-51.114715, -29.690072], [-51.11478, -29.689989]]]}, "properties": {"info": {"building": "yes"}, "address": "?, 168"}},
{"type": "Feature", "geometry": {"type": "Polygon", "coordinates": [[[-51.114569, -29.689871], [-51.114612, -29.689898], [-51.114657, -29.689842], [-51.114614, -29.689815], [-51.114569, -29.689871]]]}, "properties": {"info": {"building": "yes"}, "address": "?, 168"}},
{"type": "Feature", "geometry": {"type": "Polygon", "coordinates": [[[-51.114612, -29.689898], [-51.114639, -29.689915], [-51.114673, -29.689873], [-51.114653, -29.689861], [-51.114664, -29.689847], [-51.114657, -29.689842], [-51.114612, -29.689898]]]}, "properties": {"info": {"building": "yes"}, "address": "?, 168"}},
{"type": "Feature", "geometry": {"type": "Polygon", "coordinates": [[[-51.114294, -29.690123], [-51.114279, -29.690114], [-51.114261, -29.690137], [-51.114253, -29.690133], [-51.114239, -29.690151], [-51.114246, -29.690156], [-51.114227, -29.690181], [-51.114287, -29.690216], [-51.114313, -29.690183], [-51.114338, -29.690197], [-51.114372, -29.690152], [-51.114303, -29.690111], [-51.114294, -29.690123]]]}, "properties": {"info": {"is_agg": true, "building": "yes", "properties_agg": [{"hnum": "83", "building": "yes", "feature_id": 95756}], "geom_cmp_equals": [false], "geom_cmp_intersec": [0.8363183738791223]}, "error": 100, "address": "?, 83"}},
{"type": "Feature", "geometry": {"type": "Polygon", "coordinates": [[[-51.116445, -29.686757], [-51.116359, -29.68677], [-51.116384, -29.6869], [-51.11647, -29.686885], [-51.116445, -29.686757]]]}, "properties": {"info": {"building": "yes"}, "address": "?, 162"}},
{"type": "Feature", "geometry": {"type": "Polygon", "coordinates": [[[-51.116434, -29.686653], [-51.116405, -29.686657], [-51.116403, -29.686645], [-51.116376, -29.686649], [-51.116378, -29.686663], [-51.116341, -29.686668], [-51.116352, -29.686732], [-51.116338, -29.686734], [-51.116345, -29.686772], [-51.116451, -29.686756], [-51.116434, -29.686653]]]}, "properties": {"info": {"building": "yes"}, "address": "?, 259"}},
{"type": "Feature", "geometry": {"type": "Polygon", "coordinates": [[[-51.116342, -29.686421], [-51.116287, -29.686426], [-51.116313, -29.686583], [-51.116367, -29.686576], [-51.116342, -29.686421]]]}, "properties": {"info": {"building": "yes"}, "address": "?, 259"}},
{"type": "Feature", "geometry": {"type": "Polygon", "coordinates": [[[-51.116353, -29.686582], [-51.116319, -29.686587], [-51.116331, -29.686653], [-51.116365, -29.686648], [-51.116353, -29.686582]]]}, "properties": {"info": {"building": "yes"}, "address": "?, 259"}},
{"type": "Feature", "geometry": {"type": "Polygon", "coordinates": [[[-51.116743, -29.686659], [-51.116755, -29.686721], [-51.116736, -29.686725], [-51.11675, -29.686812], [-51.116884, -29.686793], [-51.116866, -29.686708], [-51.116871, -29.686707], [-51.116858, -29.686645], [-51.116743, -29.686659]]]}, "properties": {"info": {"building": "yes"}, "address": "?, 130"}},
{"type": "Feature", "geometry": {"type": "Polygon", "coordinates": [[[-51.116335, -29.686809], [-51.116243, -29.686821], [-51.116252, -29.686876], [-51.116283, -29.686873], [-51.11628, -29.686851], [-51.116341, -29.686843], [-51.116335, -29.686809]]]}, "properties": {"info": {"building": "yes"}, "address": "?, 174"}},
{"type": "Feature", "geometry": {"type": "Polygon", "coordinates": [[[-51.11628, -29.686851], [-51.116291, -29.686923], [-51.116353, -29.686915], [-51.116341, -29.686843], [-51.11628, -29.686851]]]}, "properties": {"info": {"building": "yes"}, "address": "?, 174"}},
{"type": "Feature", "geometry": {"type": "Polygon", "coordinates": [[[-51.119259, -29.685747], [-51.119266, -29.685809], [-51.119386, -29.685798], [-51.119379, -29.685737], [-51.119259, -29.685747]]]}, "properties": {"info": {"is_agg": true, "building": "yes", "properties_agg": [{"hnum": "230", "building": "yes", "feature_id": 96018}], "geom_cmp_equals": [true], "geom_cmp_intersec": [1]}, "error": 100, "address": "?, 230"}},
{"type": "Feature", "geometry": {"type": "Polygon", "coordinates": [[[-51.119199, -29.687992], [-51.1192, -29.687996], [-51.119167, -29.688004], [-51.119146, -29.687936], [-51.119125, -29.687941], [-51.119123, -29.687937], [-51.119107, -29.68794], [-51.119109, -29.687945], [-51.11908, -29.687951], [-51.11909, -29.687983], [-51.119065, -29.687989], [-51.119054, -29.688006], [-51.119065, -29.688042], [-51.119048, -29.688046], [-51.119063, -29.688094], [-51.119079, -29.68809], [-51.11908, -29.688093], [-51.119094, -29.68809], [-51.119093, -29.688086], [-51.119116, -29.688081], [-51.119113, -29.688072], [-51.119125, -29.68807], [-51.119128, -29.688078], [-51.119166, -29.68807], [-51.119163, -29.688061], [-51.119278, -29.688034], [-51.119261, -29.687977], [-51.119199, -29.687992]]]}, "properties": {"info": {"building": "yes"}, "address": "?, 280"}},
{"type": "Feature", "geometry": {"type": "Polygon", "coordinates": [[[-51.119033, -29.687816], [-51.119026, -29.687817], [-51.119005, -29.687846], [-51.119041, -29.687865], [-51.119064, -29.687832], [-51.119033, -29.687816]]]}, "properties": {"info": {"building": "yes"}, "address": "?, 280"}},
{"type": "Feature", "geometry": {"type": "Polygon", "coordinates": [[[-51.118951, -29.686769], [-51.11895, -29.686762], [-51.118957, -29.686756], [-51.118955, -29.68674], [-51.118948, -29.686734], [-51.118945, -29.686698], [-51.118924, -29.6867], [-51.118921, -29.686663], [-51.118832, -29.686669], [-51.118837, -29.686718], [-51.118798, -29.686721], [-51.1188, -29.686749], [-51.118761, -29.686751], [-51.11875, -29.686769], [-51.118752, -29.686783], [-51.118951, -29.686769]]]}, "properties": {"info": {"is_agg": true, "building": "yes", "properties_agg": [{"hnum": "61", "building": "yes", "feature_id": 120926}, {"hnum": "61", "building": "yes", "feature_id": 120927}], "geom_cmp_equals": [true, false], "geom_cmp_intersec": [1, 0.737251380611443]}, "error": 100, "address": "?, 61"}},
{"type": "Feature", "geometry": {"type": "Polygon", "coordinates": [[[-51.118801, -29.686563], [-51.118802, -29.686576], [-51.118786, -29.686577], [-51.118785, -29.686579], [-51.118785, -29.68658], [-51.118784, -29.686581], [-51.118784, -29.686584], [-51.118783, -29.686585], [-51.118783, -29.686588], [-51.118782, -29.686589], [-51.118782, -29.686592], [-51.118781, -29.686593], [-51.118781, -29.686599], [-51.11878, -29.6866], [-51.11878, -29.686608], [-51.118779, -29.686609], [-51.118779, -29.68662], [-51.11878, -29.686622], [-51.11878, -29.686626], [-51.118798, -29.686624], [-51.118801, -29.686658], [-51.11883, -29.686656], [-51.118832, -29.686669], [-51.118873, -29.686666], [-51.118868, -29.686619], [-51.118879, -29.686619], [-51.118873, -29.686558], [-51.118801, -29.686563]]]}, "properties": {"info": {"is_agg": true, "building": "yes", "properties_agg": [{"hnum": "51", "building": "yes", "feature_id": 106968}], "geom_cmp_equals": [false], "geom_cmp_intersec": [0.9229317569100778]}, "error": 100, "address": "?, 51"}},
{"type": "Feature", "geometry": {"type": "Polygon", "coordinates": [[[-51.118735, -29.686378], [-51.118725, -29.686379], [-51.118727, -29.686401], [-51.118737, -29.6864], [-51.118741, -29.686447], [-51.118834, -29.68644], [-51.118829, -29.686382], [-51.118839, -29.686381], [-51.118836, -29.686345], [-51.118733, -29.686353], [-51.118735, -29.686378]]]}, "properties": {"info": {"is_agg": true, "building": "yes", "properties_agg": [{"hnum": "31", "building": "yes", "feature_id": 51675}], "geom_cmp_equals": [false], "geom_cmp_intersec": [0.9037190278723568]}, "error": 100, "address": "?, 31"}},
{"type": "Feature", "geometry": {"type": "Polygon", "coordinates": [[[-51.118828, -29.686885], [-51.118832, -29.686932], [-51.118823, -29.686925], [-51.118795, -29.686953], [-51.118804, -29.68696], [-51.118809, -29.686995], [-51.118929, -29.686986], [-51.118919, -29.686878], [-51.118828, -29.686885]]]}, "properties": {"info": {"building": "yes"}, "address": "?, 83"}},
{"type": "Feature", "geometry": {"type": "Polygon", "coordinates": [[[-51.118656, -29.686148], [-51.11866, -29.686203], [-51.118674, -29.686202], [-51.118673, -29.686204], [-51.118672, -29.686205], [-51.118672, -29.686206], [-51.118671, -29.686207], [-51.118671, -29.686208], [-51.11867, -29.686209], [-51.11867, -29.68622], [-51.118671, -29.686222], [-51.118671, -29.686223], [-51.118672, -29.686224], [-51.118672, -29.686225], [-51.118674, -29.686227], [-51.118674, -29.686228], [-51.118676, -29.68623], [-51.118677, -29.686248], [-51.118736, -29.686244], [-51.118728, -29.686143], [-51.118656, -29.686148]]]}, "properties": {"info": {"is_agg": true, "building": "yes", "properties_agg": [{"hnum": "11", "building": "yes", "feature_id": 51679}], "geom_cmp_equals": [false], "geom_cmp_intersec": [0.9419050793553251]}, "error": 100, "address": "?, 11"}},
{"type": "Feature", "geometry": {"type": "Polygon", "coordinates": [[[-51.11882, -29.68622], [-51.11882, -29.686226], [-51.118833, -29.686225], [-51.118826, -29.686147], [-51.118749, -29.686152], [-51.118755, -29.686224], [-51.11882, -29.68622]]]}, "properties": {"info": {"is_agg": true, "building": "yes", "properties_agg": [{"hnum": "29", "building": "yes", "feature_id": 51681}], "geom_cmp_equals": [false], "geom_cmp_intersec": [0.9827631273131001]}, "error": 100, "address": "?, 29"}},
{"type": "Feature", "geometry": {"type": "Polygon", "coordinates": [[[-51.118881, -29.686557], [-51.118874, -29.686463], [-51.118776, -29.686468], [-51.118778, -29.686495], [-51.118789, -29.686494], [-51.118794, -29.686562], [-51.118881, -29.686557]]]}, "properties": {"info": {"building": "yes"}, "address": "?, 41"}},
{"type": "Feature", "geometry": {"type": "Polygon", "coordinates": [[[-51.118874, -29.686463], [-51.118839, -29.686464], [-51.118843, -29.68651], [-51.11879, -29.686513], [-51.118794, -29.686562], [-51.118881, -29.686557], [-51.118874, -29.686463]]]}, "properties": {"info": {"building": "yes"}, "address": "?, 41"}},
{"type": "Feature", "geometry": {"type": "Polygon", "coordinates": [[[-51.118268, -29.689136], [-51.118272, -29.689095], [-51.118158, -29.689086], [-51.118153, -29.689127], [-51.118268, -29.689136]]]}, "properties": {"info": {"building": "yes"}, "address": "?, 312"}},
{"type": "Feature", "geometry": {"type": "Polygon", "coordinates": [[[-51.118711, -29.689338], [-51.118797, -29.689336], [-51.118792, -29.689243], [-51.118707, -29.689245], [-51.118711, -29.689338]]]}, "properties": {"info": {"building": "yes"}, "address": "?, 250"}},
{"type": "Feature", "geometry": {"type": "Polygon", "coordinates": [[[-51.118578, -29.689116], [-51.118554, -29.689113], [-51.118551, -29.689148], [-51.118573, -29.689149], [-51.118578, -29.689116]]]}, "properties": {"info": {"building": "yes"}, "address": "?, 282"}},
{"type": "Feature", "geometry": {"type": "Polygon", "coordinates": [[[-51.118647, -29.688387], [-51.118665, -29.688427], [-51.118709, -29.68844], [-51.118766, -29.68842], [-51.118737, -29.688368], [-51.118732, -29.688357], [-51.118647, -29.688387]]]}, "properties": {"info": {"building": "yes"}, "address": "?, 162"}},
{"type": "Feature", "geometry": {"type": "Polygon", "coordinates": [[[-51.118766, -29.68842], [-51.118807, -29.688406], [-51.118815, -29.688423], [-51.118864, -29.688406], [-51.118836, -29.688343], [-51.118737, -29.688368], [-51.118766, -29.68842]]]}, "properties": {"info": {"building": "yes"}, "address": "?, 162"}},
{"type": "Feature", "geometry": {"type": "Polygon", "coordinates": [[[-51.118572, -29.689258], [-51.118599, -29.689366], [-51.118625, -29.689361], [-51.118629, -29.689375], [-51.118657, -29.689368], [-51.118641, -29.689298], [-51.118684, -29.68929], [-51.118671, -29.689239], [-51.118572, -29.689258]]]}, "properties": {"info": {"building": "yes"}, "address": "?, 266"}},
{"type": "Feature", "geometry": {"type": "Polygon", "coordinates": [[[-51.118452, -29.689245], [-51.118455, -29.689182], [-51.118385, -29.689179], [-51.118382, -29.689235], [-51.118367, -29.689234], [-51.118363, -29.689275], [-51.118383, -29.689275], [-51.118381, -29.689302], [-51.118374, -29.689302], [-51.118373, -29.689351], [-51.118419, -29.689351], [-51.118421, -29.689297], [-51.118465, -29.689301], [-51.118469, -29.689246], [-51.118452, -29.689245]]]}, "properties": {"info": {"is_agg": true, "building": "yes", "properties_agg": [{"hnum": "292", "building": "yes", "feature_id": 120972}], "geom_cmp_equals": [true], "geom_cmp_intersec": [1]}, "error": 100, "address": "?, 292"}},
{"type": "Feature", "geometry": {"type": "Polygon", "coordinates": [[[-51.11835, -29.689284], [-51.118355, -29.689221], [-51.11828, -29.689215], [-51.11828, -29.689234], [-51.118279, -29.689248], [-51.118262, -29.689248], [-51.11826, -29.689277], [-51.118282, -29.689277], [-51.11828, -29.689305], [-51.118275, -29.689306], [-51.118272, -29.689358], [-51.118318, -29.68936], [-51.11832, -29.689339], [-51.11832, -29.689331], [-51.118336, -29.689331], [-51.118338, -29.689305], [-51.118361, -29.689305], [-51.118362, -29.689285], [-51.11835, -29.689284]]]}, "properties": {"info": {"is_agg": true, "building": "yes", "properties_agg": [{"hnum": "302", "building": "yes", "feature_id": 107004}], "geom_cmp_equals": [true], "geom_cmp_intersec": [1]}, "error": 100, "address": "?, 302"}},
{"type": "Feature", "geometry": {"type": "Polygon", "coordinates": [[[-51.118157, -29.689205], [-51.118148, -29.689321], [-51.118184, -29.689323], [-51.118184, -29.689312], [-51.118249, -29.689316], [-51.118256, -29.689236], [-51.118263, -29.689237], [-51.118265, -29.689212], [-51.118157, -29.689205]]]}, "properties": {"info": {"is_agg": true, "building": "yes", "properties_agg": [{"hnum": "312", "building": "yes", "feature_id": 121007}], "geom_cmp_equals": [true], "geom_cmp_intersec": [1]}, "error": 100, "address": "?, 312"}},
{"type": "Feature", "geometry": {"type": "Polygon", "coordinates": [[[-51.118294, -29.688499], [-51.118287, -29.688559], [-51.118307, -29.688559], [-51.118302, -29.688602], [-51.118385, -29.688608], [-51.118388, -29.688588], [-51.118401, -29.688587], [-51.118402, -29.688581], [-51.11843, -29.688583], [-51.118437, -29.688532], [-51.118404, -29.688531], [-51.118405, -29.688507], [-51.118294, -29.688499]]]}, "properties": {"info": {"is_agg": true, "building": "yes", "properties_agg": [{"hnum": "168", "building": "yes", "feature_id": 120971}], "geom_cmp_equals": [true], "geom_cmp_intersec": [1]}, "error": 100, "address": "?, 168"}},
{"type": "Feature", "geometry": {"type": "Polygon", "coordinates": [[[-51.118297, -29.688996], [-51.118296, -29.689009], [-51.118265, -29.689007], [-51.118261, -29.689046], [-51.118271, -29.689056], [-51.118266, -29.689103], [-51.118326, -29.689107], [-51.118328, -29.689087], [-51.118353, -29.689089], [-51.118356, -29.689055], [-51.118374, -29.689056], [-51.118379, -29.689002], [-51.118297, -29.688996]]]}, "properties": {"info": {"building": "yes"}, "address": "?, 108"}},
{"type": "Feature", "geometry": {"type": "Polygon", "coordinates": [[[-51.118453, -29.689868], [-51.118383, -29.689956], [-51.11839, -29.68996], [-51.118328, -29.690051], [-51.11838, -29.69008], [-51.118516, -29.689901], [-51.118453, -29.689868]]]}, "properties": {"info": {"building": "yes"}, "address": "?, 52"}},
{"type": "Feature", "geometry": {"type": "Polygon", "coordinates": [[[-51.11839, -29.68996], [-51.118276, -29.689899], [-51.118165, -29.689912], [-51.11819, -29.689993], [-51.118225, -29.689995], [-51.118262, -29.690017], [-51.118257, -29.690032], [-51.118286, -29.690048], [-51.1183, -29.69003], [-51.118328, -29.690051], [-51.11839, -29.68996]]]}, "properties": {"info": {"is_agg": true, "building": "yes", "properties_agg": [{"hnum": "52", "building": "yes", "feature_id": 107005}], "geom_cmp_equals": [true], "geom_cmp_intersec": [1]}, "error": 100, "address": "?, 52"}},
{"type": "Feature", "geometry": {"type": "Polygon", "coordinates": [[[-51.118397, -29.689691], [-51.118375, -29.689559], [-51.11829, -29.689569], [-51.118293, -29.68959], [-51.118257, -29.689594], [-51.118271, -29.689683], [-51.118348, -29.689675], [-51.118357, -29.689733], [-51.118342, -29.689735], [-51.118359, -29.689842], [-51.118519, -29.689824], [-51.118498, -29.68968], [-51.118397, -29.689691]]]}, "properties": {"info": {"building": "yes"}, "address": "?, 301"}},
{"type": "Feature", "geometry": {"type": "Polygon", "coordinates": [[[-51.119266, -29.689533], [-51.119189, -29.689546], [-51.119192, -29.689564], [-51.119177, -29.689567], [-51.119189, -29.689633], [-51.119206, -29.68963], [-51.119214, -29.689669], [-51.119245, -29.689664], [-51.119247, -29.689673], [-51.119285, -29.689667], [-51.119283, -29.689659], [-51.119292, -29.689657], [-51.119266, -29.689533]]]}, "properties": {"info": {"building": "yes"}, "address": "?, 211"}},
{"type": "Feature", "geometry": {"type": "Polygon", "coordinates": [[[-51.11872, -29.690447], [-51.118756, -29.690471], [-51.11877, -29.690453], [-51.118828, -29.69049], [-51.118807, -29.690517], [-51.118819, -29.690524], [-51.118953, -29.690457], [-51.11891, -29.690393], [-51.118893, -29.690415], [-51.11884, -29.690379], [-51.118858, -29.690356], [-51.118816, -29.690327], [-51.11872, -29.690447]]]}, "properties": {"info": {"is_agg": true, "building": "yes", "properties_agg": [{"hnum": "243", "building": "yes", "feature_id": 122060}], "geom_cmp_equals": [true], "geom_cmp_intersec": [1]}, "error": 100, "address": "?, 243"}},
{"type": "Feature", "geometry": {"type": "Polygon", "coordinates": [[[-51.119151, -29.685708], [-51.119048, -29.685717], [-51.119059, -29.685817], [-51.119078, -29.685815], [-51.11908, -29.685829], [-51.119122, -29.685826], [-51.119124, -29.68585], [-51.119167, -29.685846], [-51.119158, -29.685774], [-51.119131, -29.685776], [-51.119126, -29.68574], [-51.119154, -29.685737], [-51.119151, -29.685708]]]}, "properties": {"info": {"building": "yes"}, "address": "?, 254"}},
{"type": "Feature", "geometry": {"type": "Polygon", "coordinates": [[[-51.11493, -29.687905], [-51.114922, -29.687797], [-51.114871, -29.6878], [-51.114878, -29.687908], [-51.11493, -29.687905]]]}, "properties": {"info": {"building": "yes"}, "address": "?, 438"}},
{"type": "Feature", "geometry": {"type": "Polygon", "coordinates": [[[-51.115059, -29.687819], [-51.115063, -29.687884], [-51.115177, -29.687878], [-51.115173, -29.687813], [-51.115059, -29.687819]]]}, "properties": {"info": {"building": "yes"}, "address": "?, 438"}},
{"type": "Feature", "geometry": {"type": "Polygon", "coordinates": [[[-51.11541, -29.687774], [-51.115426, -29.687866], [-51.11557, -29.687847], [-51.115552, -29.687755], [-51.11541, -29.687774]]]}, "properties": {"info": {"is_agg": true, "building": "yes", "properties_agg": [{"hnum": "445", "building": "yes", "feature_id": 63535}], "geom_cmp_equals": [true], "geom_cmp_intersec": [1]}, "error": 100, "address": "?, 445"}},
{"type": "Feature", "geometry": {"type": "Polygon", "coordinates": [[[-51.11557, -29.687847], [-51.115576, -29.687846], [-51.115575, -29.68784], [-51.115598, -29.687837], [-51.115582, -29.687747], [-51.115551, -29.687752], [-51.115552, -29.687755], [-51.11557, -29.687847]]]}, "properties": {"info": {"building": "yes"}, "address": "?, 445"}},
{"type": "Feature", "geometry": {"type": "Polygon", "coordinates": [[[-51.115527, -29.688095], [-51.115517, -29.688096], [-51.115515, -29.688064], [-51.115534, -29.688063], [-51.11553, -29.688005], [-51.115412, -29.688011], [-51.115416, -29.688069], [-51.115431, -29.688068], [-51.115414, -29.688085], [-51.115434, -29.6881], [-51.115418, -29.688101], [-51.11542, -29.688137], [-51.115436, -29.688149], [-51.115459, -29.688148], [-51.115458, -29.688134], [-51.115476, -29.688149], [-51.115493, -29.688132], [-51.115494, -29.688146], [-51.115516, -29.688145], [-51.11553, -29.688131], [-51.115527, -29.688095]]]}, "properties": {"info": {"is_agg": true, "building": "yes", "properties_agg": [{"hnum": "180", "building": "yes", "feature_id": 63550}], "geom_cmp_equals": [false], "geom_cmp_intersec": [0.8741445951749034]}, "error": 100, "address": "?, 180"}},
{"type": "Feature", "geometry": {"type": "Polygon", "coordinates": [[[-51.115526, -29.687897], [-51.115521, -29.687863], [-51.115428, -29.687877], [-51.115393, -29.687882], [-51.115398, -29.687913], [-51.115526, -29.687897]]]}, "properties": {"info": {"building": "yes"}, "address": "?, 180"}},
{"type": "Feature", "geometry": {"type": "Polygon", "coordinates": [[[-51.115843, -29.687702], [-51.115859, -29.687796], [-51.115932, -29.687786], [-51.115983, -29.68778], [-51.115985, -29.687792], [-51.116015, -29.687788], [-51.115994, -29.687684], [-51.115843, -29.687702]]]}, "properties": {"info": {"building": "yes"}, "address": "?, 922"}},
{"type": "Feature", "geometry": {"type": "Polygon", "coordinates": [[[-51.11543, -29.687429], [-51.115441, -29.687497], [-51.115456, -29.687495], [-51.115463, -29.687535], [-51.115547, -29.687524], [-51.115535, -29.687449], [-51.115583, -29.687443], [-51.115577, -29.687411], [-51.11543, -29.687429]]]}, "properties": {"info": {"building": "yes"}, "address": "?, ?"}},
{"type": "Feature", "geometry": {"type": "Polygon", "coordinates": [[[-51.11555, -29.687545], [-51.115496, -29.687552], [-51.115432, -29.687561], [-51.115419, -29.687576], [-51.115423, -29.687597], [-51.115432, -29.687596], [-51.11544, -29.687642], [-51.115565, -29.687625], [-51.11555, -29.687545]]]}, "properties": {"info": {"building": "yes"}, "address": "?, 66"}},
{"type": "Feature", "geometry": {"type": "Polygon", "coordinates": [[[-51.11555, -29.687545], [-51.115496, -29.687552], [-51.115502, -29.687585], [-51.115432, -29.687594], [-51.115419, -29.687596], [-51.115428, -29.687644], [-51.11544, -29.687642], [-51.115565, -29.687625], [-51.11555, -29.687545]]]}, "properties": {"info": {"building": "yes"}, "address": "?, 66"}},
{"type": "Feature", "geometry": {"type": "Polygon", "coordinates": [[[-51.115838, -29.68758], [-51.115981, -29.687562], [-51.115976, -29.687527], [-51.115988, -29.687525], [-51.115983, -29.687493], [-51.11593, -29.6875], [-51.115929, -29.687496], [-51.115909, -29.687499], [-51.11591, -29.687502], [-51.115825, -29.687513], [-51.115828, -29.687536], [-51.11576, -29.687545], [-51.11577, -29.687602], [-51.11584, -29.687593], [-51.115838, -29.68758]]]}, "properties": {"info": {"building": "yes"}, "address": "?, 910"}},
{"type": "Feature", "geometry": {"type": "Polygon", "coordinates": [[[-51.11591, -29.687227], [-51.115928, -29.687364], [-51.115999, -29.687355], [-51.115974, -29.687218], [-51.11591, -29.687227]]]}, "properties": {"info": {"building": "yes"}, "address": "?, 213"}},
{"type": "Feature", "geometry": {"type": "Polygon", "coordinates": [[[-51.115999, -29.687465], [-51.115991, -29.687418], [-51.116002, -29.687417], [-51.115993, -29.687364], [-51.115846, -29.687383], [-51.115862, -29.687482], [-51.115999, -29.687465]]]}, "properties": {"info": {"is_agg": true, "building": "yes", "properties_agg": [{"hnum": "886", "building": "yes", "feature_id": 63558}], "geom_cmp_equals": [true], "geom_cmp_intersec": [1]}, "error": 100, "address": "?, 886"}},
{"type": "Feature", "geometry": {"type": "Polygon", "coordinates": [[[-51.115605, -29.68793], [-51.115606, -29.687942], [-51.115648, -29.68794], [-51.115647, -29.687914], [-51.115628, -29.687915], [-51.115626, -29.687865], [-51.115554, -29.687868], [-51.115556, -29.687904], [-51.115555, -29.687904], [-51.115556, -29.687932], [-51.115605, -29.68793]]]}, "properties": {"info": {"is_agg": true, "building": "yes", "properties_agg": [{"hnum": "170", "building": "yes", "feature_id": 63624}, {"hnum": "170", "building": "yes", "feature_id": 63626}, {"hnum": "170", "building": "yes", "feature_id": 63648}], "geom_cmp_equals": [true, true, true], "geom_cmp_intersec": [1, 1, 1]}, "error": 100, "address": "?, 170"}},
{"type": "Feature", "geometry": {"type": "Polygon", "coordinates": [[[-51.11565, -29.687967], [-51.115648, -29.68794], [-51.115606, -29.687942], [-51.115606, -29.687953], [-51.115557, -29.687955], [-51.115559, -29.687983], [-51.11556, -29.687983], [-51.115561, -29.688019], [-51.115633, -29.688017], [-51.115631, -29.687967], [-51.11565, -29.687967]]]}, "properties": {"info": {"is_agg": true, "building": "yes", "properties_agg": [{"hnum": "170", "building": "yes", "feature_id": 63653}, {"hnum": "170", "building": "yes", "feature_id": 63654}, {"hnum": "170", "building": "yes", "feature_id": 63656}], "geom_cmp_equals": [true, true, true], "geom_cmp_intersec": [1, 1, 1]}, "error": 100, "address": "?, 170"}},
{"type": "Feature", "geometry": {"type": "Polygon", "coordinates": [[[-51.115606, -29.688108], [-51.115601, -29.688018], [-51.11555, -29.68802], [-51.115554, -29.68811], [-51.115606, -29.688108]]]}, "properties": {"info": {"building": "yes"}, "address": "?, 170"}},
{"type": "Feature", "geometry": {"type": "Polygon", "coordinates": [[[-51.117763, -29.685184], [-51.11771, -29.685189], [-51.117741, -29.685379], [-51.117715, -29.685383], [-51.117724, -29.685428], [-51.117802, -29.685419], [-51.117763, -29.685184]]]}, "properties": {"info": {"building": "yes"}, "address": "?, 1173"}},
{"type": "Feature", "geometry": {"type": "Polygon", "coordinates": [[[-51.111727, -29.690104], [-51.111704, -29.690142], [-51.111803, -29.690186], [-51.111827, -29.690146], [-51.111727, -29.690104]]]}, "properties": {"info": {"building": "yes"}, "address": "?, 20"}},
{"type": "Feature", "geometry": {"type": "Polygon", "coordinates": [[[-51.111727, -29.690104], [-51.111827, -29.690146], [-51.111849, -29.690109], [-51.111751, -29.690064], [-51.111727, -29.690104]]]}, "properties": {"info": {"is_agg": true, "building": "yes", "properties_agg": [{"hnum": "20", "building": "yes", "feature_id": 66497}], "geom_cmp_equals": [true], "geom_cmp_intersec": [1]}, "error": 100, "address": "?, 20"}},
{"type": "Feature", "geometry": {"type": "Polygon", "coordinates": [[[-51.111498, -29.690239], [-51.111523, -29.690254], [-51.111569, -29.690193], [-51.111543, -29.690178], [-51.111498, -29.690239]]]}, "properties": {"info": {"building": "yes"}, "address": "?, ?"}},
{"type": "Feature", "geometry": {"type": "Polygon", "coordinates": [[[-51.111492, -29.690247], [-51.111665, -29.690346], [-51.111689, -29.690314], [-51.111647, -29.69029], [-51.111728, -29.690182], [-51.111597, -29.690107], [-51.111492, -29.690247]]]}, "properties": {"info": {"building": "yes"}, "address": "?, ?"}},
{"type": "Feature", "geometry": {"type": "Polygon", "coordinates": [[[-51.111575, -29.690295], [-51.111578, -29.690291], [-51.11163, -29.690321], [-51.111627, -29.690325], [-51.111673, -29.690351], [-51.111719, -29.69029], [-51.111716, -29.690288], [-51.111727, -29.690273], [-51.11173, -29.690274], [-51.111747, -29.690251], [-51.11176, -29.690234], [-51.111776, -29.690213], [-51.111768, -29.690209], [-51.111729, -29.690186], [-51.111726, -29.69019], [-51.111723, -29.690188], [-51.111708, -29.690179], [-51.11169, -29.690184], [-51.111689, -29.690185], [-51.111609, -29.690139], [-51.111517, -29.690262], [-51.111575, -29.690295]]]}, "properties": {"info": {"is_agg": true, "building": "yes", "properties_agg": [{"building": "yes", "feature_id": 66851}], "geom_cmp_equals": [false], "geom_cmp_intersec": [0.8866089713132767]}, "error": 100, "address": "?, ?"}},
{"type": "Feature", "geometry": {"type": "Polygon", "coordinates": [[[-51.111651, -29.690364], [-51.111666, -29.690373], [-51.111697, -29.690367], [-51.111741, -29.690308], [-51.111708, -29.690289], [-51.111665, -29.690346], [-51.111651, -29.690364]]]}, "properties": {"info": {"building": "yes"}, "address": "?, ?"}},
{"type": "Feature", "geometry": {"type": "Polygon", "coordinates": [[[-51.111641, -29.690132], [-51.111597, -29.690107], [-51.111543, -29.690178], [-51.111569, -29.690193], [-51.111609, -29.690139], [-51.111627, -29.69015], [-51.111641, -29.690132]]]}, "properties": {"info": {"building": "yes"}, "address": "?, ?"}},
{"type": "Feature", "geometry": {"type": "Polygon", "coordinates": [[[-51.111538, -29.690183], [-51.111484, -29.690153], [-51.111496, -29.690137], [-51.111447, -29.690111], [-51.111416, -29.690155], [-51.111428, -29.690162], [-51.111418, -29.690176], [-51.111449, -29.690192], [-51.111444, -29.690199], [-51.111478, -29.690217], [-51.111486, -29.690206], [-51.111511, -29.69022], [-51.111538, -29.690183]]]}, "properties": {"info": {"building": "yes"}, "address": "?, 808"}},
{"type": "Feature", "geometry": {"type": "Polygon", "coordinates": [[[-51.108496, -29.690066], [-51.108564, -29.690069], [-51.108565, -29.690018], [-51.108498, -29.690017], [-51.108496, -29.690066]]]}, "properties": {"info": {"building": "yes"}, "address": "?, 1010"}},
{"type": "Feature", "geometry": {"type": "Polygon", "coordinates": [[[-51.108502, -29.690129], [-51.10851, -29.690224], [-51.108575, -29.690217], [-51.108563, -29.690122], [-51.108502, -29.690129]]]}, "properties": {"info": {"building": "yes"}, "address": "?, 1010"}},
{"type": "Feature", "geometry": {"type": "Polygon", "coordinates": [[[-51.110161, -29.688691], [-51.110092, -29.688761], [-51.110187, -29.688833], [-51.110259, -29.688763], [-51.110161, -29.688691]]]}, "properties": {"info": {"building": "yes"}, "address": "?, 338"}},
{"type": "Feature", "geometry": {"type": "Polygon", "coordinates": [[[-51.1121, -29.687173], [-51.111999, -29.687182], [-51.112005, -29.68723], [-51.112106, -29.687221], [-51.1121, -29.687173]]]}, "properties": {"info": {"building": "yes"}, "address": "?, 514"}},
{"type": "Feature", "geometry": {"type": "Polygon", "coordinates": [[[-51.111816, -29.685011], [-51.111821, -29.685048], [-51.111841, -29.685046], [-51.111847, -29.685083], [-51.111825, -29.685085], [-51.111829, -29.685114], [-51.111911, -29.685105], [-51.111904, -29.685053], [-51.111925, -29.68503], [-51.111885, -29.685003], [-51.111816, -29.685011]]]}, "properties": {"info": {"building": "yes"}, "address": "?, 300"}},
{"type": "Feature", "geometry": {"type": "Polygon", "coordinates": [[[-51.112447, -29.685362], [-51.112423, -29.685364], [-51.112399, -29.685348], [-51.112333, -29.685423], [-51.112337, -29.68545], [-51.112422, -29.68544], [-51.112453, -29.685405], [-51.112447, -29.685362]]]}, "properties": {"info": {"building": "yes"}, "address": "?, 1704"}},
{"type": "Feature", "geometry": {"type": "Polygon", "coordinates": [[[-51.112389, -29.68536], [-51.112333, -29.685423], [-51.112339, -29.685461], [-51.112374, -29.685457], [-51.112372, -29.685446], [-51.112422, -29.68544], [-51.11245, -29.685408], [-51.112423, -29.68539], [-51.112427, -29.685385], [-51.112389, -29.68536]]]}, "properties": {"info": {"building": "yes"}, "address": "?, 1704"}},
{"type": "Feature", "geometry": {"type": "Polygon", "coordinates": [[[-51.11236, -29.685392], [-51.112331, -29.685372], [-51.112319, -29.685385], [-51.112283, -29.685361], [-51.112217, -29.685435], [-51.112221, -29.685462], [-51.112306, -29.685453], [-51.11236, -29.685392]]]}, "properties": {"info": {"is_agg": true, "building": "yes", "properties_agg": [{"hnum": "1714", "building": "yes", "feature_id": 67554}], "geom_cmp_equals": [false], "geom_cmp_intersec": [0.9761904497318246]}, "error": 100, "address": "?, 1714"}},
{"type": "Feature", "geometry": {"type": "Polygon", "coordinates": [[[-51.112284, -29.685361], [-51.112249, -29.685337], [-51.112259, -29.685327], [-51.11223, -29.685307], [-51.112175, -29.685368], [-51.11218, -29.685411], [-51.112168, -29.685412], [-51.112172, -29.68544], [-51.112217, -29.685435], [-51.11225, -29.685398], [-51.112284, -29.685361]]]}, "properties": {"info": {"building": "yes"}, "address": "?, 355"}},
{"type": "Feature", "geometry": {"type": "Polygon", "coordinates": [[[-51.112249, -29.685337], [-51.112259, -29.685327], [-51.11223, -29.685307], [-51.112175, -29.685368], [-51.112184, -29.685439], [-51.112217, -29.685435], [-51.112284, -29.685361], [-51.112249, -29.685337]]]}, "properties": {"info": {"building": "yes"}, "address": "?, 355"}},
{"type": "Feature", "geometry": {"type": "Polygon", "coordinates": [[[-51.112203, -29.685337], [-51.112268, -29.685264], [-51.112242, -29.685246], [-51.112239, -29.685224], [-51.112188, -29.685229], [-51.11216, -29.685262], [-51.11217, -29.685339], [-51.112203, -29.685337]]]}, "properties": {"info": {"is_agg": true, "building": "yes", "properties_agg": [{"hnum": "345", "building": "yes", "feature_id": 67559}, {"hnum": "345", "building": "yes", "feature_id": 67560}], "geom_cmp_equals": [true, false], "geom_cmp_intersec": [1, 0.879530781223975]}, "error": 100, "address": "?, 345"}},
{"type": "Feature", "geometry": {"type": "Polygon", "coordinates": [[[-51.112183, -29.687205], [-51.112187, -29.687223], [-51.112213, -29.687221], [-51.112219, -29.687266], [-51.112162, -29.687272], [-51.112164, -29.687288], [-51.112114, -29.687293], [-51.112116, -29.687313], [-51.112187, -29.687307], [-51.112185, -29.687285], [-51.112257, -29.687279], [-51.11225, -29.687217], [-51.112211, -29.68722], [-51.112206, -29.687173], [-51.112182, -29.687175], [-51.112183, -29.687205]]]}, "properties": {"info": {"building": "yes"}, "address": "?, 514"}},
{"type": "Feature", "geometry": {"type": "Polygon", "coordinates": [[[-51.112065, -29.686244], [-51.112074, -29.686244], [-51.112072, -29.686228], [-51.112056, -29.68623], [-51.112052, -29.686192], [-51.112034, -29.686194], [-51.112034, -29.68619], [-51.11202, -29.686191], [-51.112021, -29.686195], [-51.111986, -29.686198], [-51.111987, -29.68621], [-51.111937, -29.686215], [-51.111946, -29.686287], [-51.111959, -29.686286], [-51.111961, -29.686305], [-51.112071, -29.686295], [-51.112065, -29.686244]]]}, "properties": {"info": {"building": "yes"}, "address": "?, 430"}},
{"type": "Feature", "geometry": {"type": "Polygon", "coordinates": [[[-51.11206, -29.686277], [-51.112055, -29.686232], [-51.112069, -29.686231], [-51.112065, -29.686191], [-51.112025, -29.686195], [-51.112026, -29.686207], [-51.111981, -29.686211], [-51.111972, -29.68622], [-51.111975, -29.686244], [-51.111968, -29.686252], [-51.111955, -29.686253], [-51.111959, -29.686286], [-51.11206, -29.686277]]]}, "properties": {"info": {"building": "yes"}, "address": "?, 430"}},
{"type": "Feature", "geometry": {"type": "Polygon", "coordinates": [[[-51.11183, -29.685771], [-51.111863, -29.685767], [-51.111867, -29.685802], [-51.111846, -29.685825], [-51.111858, -29.685833], [-51.111845, -29.685847], [-51.111848, -29.685869], [-51.111868, -29.685883], [-51.111878, -29.685872], [-51.111909, -29.685893], [-51.111945, -29.685854], [-51.111936, -29.685847], [-51.111953, -29.685829], [-51.111974, -29.685827], [-51.111974, -29.685824], [-51.111989, -29.685807], [-51.111986, -29.685782], [-51.111966, -29.685769], [-51.111966, -29.685768], [-51.111984, -29.685766], [-51.111978, -29.685724], [-51.111961, -29.685726], [-51.111961, -29.685725], [-51.111928, -29.685702], [-51.11192, -29.68571], [-51.11189, -29.685713], [-51.111888, -29.685699], [-51.111822, -29.685706], [-51.11183, -29.685771]]]}, "properties": {"info": {"building": "yes"}, "address": "?, 1865"}},
{"type": "Feature", "geometry": {"type": "Polygon", "coordinates": [[[-51.111889, -29.685706], [-51.111828, -29.685712], [-51.111836, -29.68577], [-51.111898, -29.685764], [-51.1119, -29.685782], [-51.111922, -29.685797], [-51.111942, -29.685795], [-51.111966, -29.685769], [-51.111966, -29.685768], [-51.111984, -29.685766], [-51.111978, -29.685724], [-51.111961, -29.685726], [-51.111961, -29.685725], [-51.111928, -29.685702], [-51.11192, -29.68571], [-51.11189, -29.685713], [-51.111889, -29.685706]]]}, "properties": {"info": {"building": "yes"}, "address": "?, 1865"}},
{"type": "Feature", "geometry": {"type": "Polygon", "coordinates": [[[-51.112705, -29.68788], [-51.112693, -29.687881], [-51.112684, -29.687825], [-51.11256, -29.687842], [-51.112567, -29.687884], [-51.112553, -29.687886], [-51.112566, -29.687961], [-51.112585, -29.687958], [-51.112578, -29.687911], [-51.112631, -29.687907], [-51.112629, -29.687889], [-51.112656, -29.687887], [-51.112658, -29.687903], [-51.112708, -29.687898], [-51.112705, -29.68788]]]}, "properties": {"info": {"building": "yes"}, "address": "?, 667"}},
{"type": "Feature", "geometry": {"type": "Polygon", "coordinates": [[[-51.112658, -29.687903], [-51.112656, -29.687887], [-51.112629, -29.687889], [-51.112631, -29.687907], [-51.112578, -29.687911], [-51.112585, -29.687958], [-51.112715, -29.687941], [-51.112708, -29.687898], [-51.112658, -29.687903]]]}, "properties": {"info": {"is_agg": true, "building": "yes", "properties_agg": [{"hnum": "667", "building": "yes", "feature_id": 67597}, {"hnum": "667", "building": "yes", "feature_id": 67598}], "geom_cmp_equals": [true, true], "geom_cmp_intersec": [1, 1]}, "error": 100, "address": "?, 667"}},
{"type": "Feature", "geometry": {"type": "Polygon", "coordinates": [[[-51.112567, -29.687567], [-51.11256, -29.687515], [-51.112571, -29.687514], [-51.112568, -29.687493], [-51.112556, -29.687494], [-51.112553, -29.687467], [-51.112488, -29.687474], [-51.112502, -29.687574], [-51.112567, -29.687567]]]}, "properties": {"info": {"building": "yes"}, "address": "?, 559"}},
{"type": "Feature", "geometry": {"type": "Polygon", "coordinates": [[[-51.112216, -29.688085], [-51.112319, -29.688075], [-51.112312, -29.688011], [-51.112206, -29.688022], [-51.112216, -29.688085]]]}, "properties": {"info": {"is_agg": true, "building": "yes", "properties_agg": [{"hnum": "678", "building": "yes", "feature_id": 67607}], "geom_cmp_equals": [true], "geom_cmp_intersec": [1]}, "error": 100, "address": "?, 678"}},
{"type": "Feature", "geometry": {"type": "Polygon", "coordinates": [[[-51.112316, -29.688588], [-51.112323, -29.68864], [-51.112256, -29.688648], [-51.112266, -29.688713], [-51.112441, -29.688695], [-51.112423, -29.688577], [-51.112316, -29.688588]]]}, "properties": {"info": {"building": "yes"}, "address": "?, 748"}},
{"type": "Feature", "geometry": {"type": "Polygon", "coordinates": [[[-51.112349, -29.688723], [-51.112347, -29.688705], [-51.112266, -29.688713], [-51.112271, -29.688744], [-51.11229, -29.688742], [-51.1123, -29.688815], [-51.112363, -29.688809], [-51.112365, -29.688826], [-51.112457, -29.688817], [-51.112442, -29.688714], [-51.112349, -29.688723]]]}, "properties": {"info": {"building": "yes"}, "address": "?, 750"}},
{"type": "Feature", "geometry": {"type": "Polygon", "coordinates": [[[-51.112364, -29.68807], [-51.112222, -29.688084], [-51.112232, -29.688154], [-51.112374, -29.688139], [-51.112364, -29.68807]]]}, "properties": {"info": {"building": "yes"}, "address": "?, 688"}},
{"type": "Feature", "geometry": {"type": "Polygon", "coordinates": [[[-51.11232, -29.68783], [-51.112182, -29.68784], [-51.112185, -29.687874], [-51.112324, -29.687864], [-51.11232, -29.68783]]]}, "properties": {"info": {"building": "yes"}, "address": "?, 660"}},
{"type": "Feature", "geometry": {"type": "Polygon", "coordinates": [[[-51.112402, -29.688439], [-51.112395, -29.688384], [-51.112364, -29.688388], [-51.112353, -29.688325], [-51.11227, -29.688332], [-51.112272, -29.68835], [-51.112233, -29.688355], [-51.112241, -29.68845], [-51.112402, -29.688439]]]}, "properties": {"info": {"is_agg": true, "building": "yes", "properties_agg": [{"hnum": "710", "building": "yes", "feature_id": 125703}], "geom_cmp_equals": [true], "geom_cmp_intersec": [1]}, "error": 100, "address": "?, 700"}},
{"type": "Feature", "geometry": {"type": "Polygon", "coordinates": [[[-51.112156, -29.688237], [-51.112167, -29.688326], [-51.11228, -29.688316], [-51.112269, -29.688226], [-51.112156, -29.688237]]]}, "properties": {"info": {"building": "yes"}, "address": "?, 694"}},
{"type": "Feature", "geometry": {"type": "Polygon", "coordinates": [[[-51.112199, -29.687583], [-51.112201, -29.687597], [-51.112153, -29.687601], [-51.112158, -29.687646], [-51.112165, -29.6877], [-51.11224, -29.687693], [-51.112239, -29.687689], [-51.112293, -29.687684], [-51.112287, -29.687635], [-51.11225, -29.687638], [-51.112248, -29.68762], [-51.11226, -29.687619], [-51.112257, -29.687592], [-51.11223, -29.687594], [-51.112229, -29.687581], [-51.112199, -29.687583]]]}, "properties": {"info": {"is_agg": true, "building": "yes", "properties_agg": [{"building": "yes", "feature_id": 85767}], "geom_cmp_equals": [false], "geom_cmp_intersec": [0.7105863710038598]}, "error": 100, "address": "?, 600"}},
{"type": "Feature", "geometry": {"type": "Polygon", "coordinates": [[[-51.11161, -29.690088], [-51.111639, -29.690104], [-51.111673, -29.690059], [-51.111645, -29.690041], [-51.11161, -29.690088]]]}, "properties": {"info": {"building": "yes"}, "address": "?, 20"}},
{"type": "Feature", "geometry": {"type": "Polygon", "coordinates": [[[-51.113165, -29.689618], [-51.113139, -29.689621], [-51.113146, -29.689685], [-51.113173, -29.689683], [-51.113165, -29.689618]]]}, "properties": {"info": {"building": "yes"}, "address": "?, 23"}},
{"type": "Feature", "geometry": {"type": "Polygon", "coordinates": [[[-51.112866, -29.689742], [-51.112868, -29.689742], [-51.112865, -29.689718], [-51.112863, -29.689718], [-51.112856, -29.689653], [-51.112786, -29.689658], [-51.112793, -29.689725], [-51.112799, -29.689725], [-51.112802, -29.689746], [-51.112795, -29.689747], [-51.112803, -29.689814], [-51.112873, -29.689808], [-51.112866, -29.689742]]]}, "properties": {"info": {"is_agg": true, "building": "yes", "properties_agg": [{"hnum": "11", "building": "yes", "feature_id": 116816}], "geom_cmp_equals": [false], "geom_cmp_intersec": [0.9842180946090928]}, "error": 100, "address": "?, 11"}},
{"type": "Feature", "geometry": {"type": "Polygon", "coordinates": [[[-51.114136, -29.68949], [-51.11414, -29.689492], [-51.114165, -29.689461], [-51.114119, -29.689433], [-51.114057, -29.68951], [-51.114099, -29.689536], [-51.114136, -29.68949]]]}, "properties": {"info": {"building": "yes"}, "address": "?, 365"}},
{"type": "Feature", "geometry": {"type": "Polygon", "coordinates": [[[-51.113732, -29.689819], [-51.113703, -29.689854], [-51.113749, -29.689883], [-51.113778, -29.689848], [-51.113732, -29.689819]]]}, "properties": {"info": {"building": "yes"}, "address": "?, 25"}},
{"type": "Feature", "geometry": {"type": "Polygon", "coordinates": [[[-51.115264, -29.689347], [-51.115204, -29.68931], [-51.115162, -29.689363], [-51.115222, -29.689399], [-51.115264, -29.689347]]]}, "properties": {"info": {"building": "yes"}, "address": "?, 215"}},
{"type": "Feature", "geometry": {"type": "Polygon", "coordinates": [[[-51.114819, -29.689422], [-51.114769, -29.68939], [-51.114731, -29.689435], [-51.11478, -29.689468], [-51.114819, -29.689422]]]}, "properties": {"info": {"building": "yes"}, "address": "?, 137"}},
{"type": "Feature", "geometry": {"type": "Polygon", "coordinates": [[[-51.11569, -29.689676], [-51.115699, -29.689664], [-51.115648, -29.689633], [-51.11564, -29.689628], [-51.11563, -29.68964], [-51.11559, -29.689691], [-51.115683, -29.689747], [-51.115724, -29.689696], [-51.11569, -29.689676]]]}, "properties": {"info": {"building": "yes"}, "address": "?, 165"}},
{"type": "Feature", "geometry": {"type": "Polygon", "coordinates": [[[-51.115808, -29.690305], [-51.115862, -29.690338], [-51.115873, -29.690324], [-51.115897, -29.690339], [-51.116012, -29.690199], [-51.115982, -29.69018], [-51.115958, -29.69021], [-51.115909, -29.690179], [-51.115808, -29.690305]]]}, "properties": {"info": {"building": "yes"}, "address": "?, 263"}},
{"type": "Feature", "geometry": {"type": "Polygon", "coordinates": [[[-51.116617, -29.690128], [-51.116566, -29.690198], [-51.116602, -29.690218], [-51.116607, -29.690211], [-51.116652, -29.690149], [-51.116617, -29.690128]]]}, "properties": {"info": {"building": "yes"}, "address": "?, 363"}},
{"type": "Feature", "geometry": {"type": "Polygon", "coordinates": [[[-51.116607, -29.690211], [-51.116636, -29.690229], [-51.116682, -29.690167], [-51.116652, -29.690149], [-51.116607, -29.690211]]]}, "properties": {"info": {"is_agg": true, "building": "yes", "properties_agg": [{"hnum": "363", "building": "yes", "feature_id": 67638}], "geom_cmp_equals": [true], "geom_cmp_intersec": [1]}, "error": 100, "address": "?, 363"}},
{"type": "Feature", "geometry": {"type": "Polygon", "coordinates": [[[-51.116636, -29.690229], [-51.116752, -29.690299], [-51.116775, -29.690271], [-51.11674, -29.690248], [-51.116766, -29.690216], [-51.116682, -29.690167], [-51.116636, -29.690229]]]}, "properties": {"info": {"building": "yes"}, "address": "?, 363"}},
{"type": "Feature", "geometry": {"type": "Polygon", "coordinates": [[[-51.116286, -29.689983], [-51.116234, -29.689949], [-51.116161, -29.690035], [-51.116198, -29.690059], [-51.116208, -29.690047], [-51.116253, -29.690076], [-51.116331, -29.689976], [-51.116307, -29.689962], [-51.116286, -29.689983]]]}, "properties": {"info": {"building": "yes"}, "address": "?, 147"}},
{"type": "Feature", "geometry": {"type": "Polygon", "coordinates": [[[-51.115772, -29.69009], [-51.115696, -29.690045], [-51.115652, -29.6901], [-51.115679, -29.690115], [-51.115699, -29.690095], [-51.115748, -29.69012], [-51.115772, -29.69009]]]}, "properties": {"info": {"building": "yes"}, "address": "?, 368"}},
{"type": "Feature", "geometry": {"type": "Polygon", "coordinates": [[[-51.116511, -29.690438], [-51.116526, -29.690419], [-51.116476, -29.690388], [-51.116419, -29.690457], [-51.116469, -29.690489], [-51.116475, -29.690482], [-51.116517, -29.690508], [-51.116553, -29.690464], [-51.116511, -29.690438]]]}, "properties": {"info": {"building": "yes"}, "address": "?, 333"}},
{"type": "Feature", "geometry": {"type": "Polygon", "coordinates": [[[-51.115398, -29.690394], [-51.115471, -29.690437], [-51.115537, -29.690357], [-51.115465, -29.690311], [-51.115398, -29.690394]]]}, "properties": {"info": {"building": "yes"}, "address": "?, 240"}},
{"type": "Feature", "geometry": {"type": "Polygon", "coordinates": [[[-51.11364, -29.690136], [-51.113649, -29.690124], [-51.113632, -29.690113], [-51.113591, -29.690163], [-51.113605, -29.690171], [-51.113586, -29.690194], [-51.113657, -29.690238], [-51.113706, -29.690177], [-51.11364, -29.690136]]]}, "properties": {"info": {"building": "yes"}, "address": "?, 287"}},
{"type": "Feature", "geometry": {"type": "Polygon", "coordinates": [[[-51.113422, -29.690094], [-51.113489, -29.690134], [-51.113504, -29.690114], [-51.113496, -29.690109], [-51.113524, -29.690073], [-51.11351, -29.690064], [-51.113497, -29.69008], [-51.113453, -29.690053], [-51.113422, -29.690094]]]}, "properties": {"info": {"building": "yes"}, "address": "?, 287"}},
{"type": "Feature", "geometry": {"type": "Polygon", "coordinates": [[[-51.113542, -29.690076], [-51.113509, -29.690117], [-51.113557, -29.690147], [-51.11359, -29.690105], [-51.113542, -29.690076]]]}, "properties": {"info": {"building": "yes"}, "address": "?, 287"}},
{"type": "Feature", "geometry": {"type": "Polygon", "coordinates": [[[-51.113505, -29.68992], [-51.113469, -29.689964], [-51.113435, -29.689942], [-51.113381, -29.690008], [-51.113443, -29.690047], [-51.113533, -29.689937], [-51.113505, -29.68992]]]}, "properties": {"info": {"building": "yes"}, "address": "?, 8"}},
{"type": "Feature", "geometry": {"type": "Polygon", "coordinates": [[[-51.112801, -29.687359], [-51.112898, -29.687296], [-51.112816, -29.6872], [-51.112775, -29.687226], [-51.112786, -29.687238], [-51.112728, -29.687277], [-51.112801, -29.687359]]]}, "properties": {"info": {"is_agg": true, "building": "yes", "properties_agg": [{"hnum": "111", "building": "yes", "feature_id": 67845}], "geom_cmp_equals": [true], "geom_cmp_intersec": [1]}, "error": 100, "address": "?, 111"}},
{"type": "Feature", "geometry": {"type": "Polygon", "coordinates": [[[-51.112801, -29.687359], [-51.112762, -29.687316], [-51.112721, -29.687334], [-51.112724, -29.687365], [-51.112748, -29.687386], [-51.112801, -29.687359]]]}, "properties": {"info": {"is_agg": true, "building": "yes", "properties_agg": [{"hnum": "111", "building": "yes", "feature_id": 67846}], "geom_cmp_equals": [true], "geom_cmp_intersec": [1]}, "error": 100, "address": "?, 111"}},
{"type": "Feature", "geometry": {"type": "Polygon", "coordinates": [[[-51.113015, -29.687322], [-51.112998, -29.687302], [-51.112979, -29.687315], [-51.112963, -29.687296], [-51.112886, -29.687345], [-51.112921, -29.687387], [-51.113015, -29.687322]]]}, "properties": {"info": {"building": "yes"}, "address": "?, 111"}},
{"type": "Feature", "geometry": {"type": "Polygon", "coordinates": [[[-51.113237, -29.686913], [-51.113206, -29.686878], [-51.113171, -29.686902], [-51.113203, -29.686938], [-51.113237, -29.686913]]]}, "properties": {"info": {"building": "yes"}, "address": "?, 187"}},
{"type": "Feature", "geometry": {"type": "Polygon", "coordinates": [[[-51.113434, -29.687032], [-51.113397, -29.686987], [-51.11346, -29.686943], [-51.113374, -29.686848], [-51.113355, -29.686861], [-51.113351, -29.686856], [-51.113269, -29.686912], [-51.113274, -29.686918], [-51.113254, -29.686931], [-51.113293, -29.686973], [-51.11331, -29.686963], [-51.11334, -29.686997], [-51.113325, -29.687007], [-51.113384, -29.687067], [-51.113434, -29.687032]]]}, "properties": {"info": {"building": "yes"}, "address": "?, 197"}},
{"type": "Feature", "geometry": {"type": "Polygon", "coordinates": [[[-51.113357, -29.686829], [-51.113327, -29.686796], [-51.1133, -29.686815], [-51.113331, -29.686848], [-51.113357, -29.686829]]]}, "properties": {"info": {"building": "yes"}, "address": "?, 197"}},
{"type": "Feature", "geometry": {"type": "Polygon", "coordinates": [[[-51.1137, -29.686775], [-51.113609, -29.686674], [-51.11349, -29.686755], [-51.113539, -29.68681], [-51.113546, -29.686804], [-51.113588, -29.686851], [-51.1137, -29.686775]]]}, "properties": {"info": {"building": "yes"}, "address": "?, 225"}},
{"type": "Feature", "geometry": {"type": "Polygon", "coordinates": [[[-51.113764, -29.686735], [-51.11374, -29.686709], [-51.11372, -29.686724], [-51.113714, -29.686717], [-51.113685, -29.686738], [-51.113716, -29.68677], [-51.113764, -29.686735]]]}, "properties": {"info": {"building": "yes"}, "address": "?, 225"}},
{"type": "Feature", "geometry": {"type": "Polygon", "coordinates": [[[-51.113772, -29.686555], [-51.113841, -29.686633], [-51.11385, -29.686626], [-51.113859, -29.686635], [-51.113937, -29.686585], [-51.113927, -29.686574], [-51.11393, -29.686571], [-51.113912, -29.686548], [-51.113925, -29.68654], [-51.11389, -29.686476], [-51.113772, -29.686555]]]}, "properties": {"info": {"building": "yes"}, "address": "?, 133"}},
{"type": "Feature", "geometry": {"type": "Polygon", "coordinates": [[[-51.1147, -29.685893], [-51.114711, -29.685964], [-51.114848, -29.685948], [-51.114838, -29.685877], [-51.1147, -29.685893]]]}, "properties": {"info": {"building": "yes"}, "address": "?, 36"}},
{"type": "Feature", "geometry": {"type": "Polygon", "coordinates": [[[-51.114624, -29.686393], [-51.1146, -29.686396], [-51.114598, -29.686381], [-51.114504, -29.686391], [-51.114504, -29.686396], [-51.114477, -29.686399], [-51.114492, -29.686495], [-51.114637, -29.686479], [-51.114624, -29.686393]]]}, "properties": {"info": {"is_agg": true, "building": "yes", "properties_agg": [{"hnum": "36", "building": "yes", "feature_id": 67850}], "geom_cmp_equals": [true], "geom_cmp_intersec": [1]}, "error": 100, "address": "?, 36"}},
{"type": "Feature", "geometry": {"type": "Polygon", "coordinates": [[[-51.114477, -29.686399], [-51.114429, -29.686405], [-51.114444, -29.686507], [-51.114493, -29.686502], [-51.114492, -29.686495], [-51.114477, -29.686399]]]}, "properties": {"info": {"building": "yes"}, "address": "?, 45"}},
{"type": "Feature", "geometry": {"type": "Polygon", "coordinates": [[[-51.114421, -29.686421], [-51.114347, -29.68643], [-51.114302, -29.686438], [-51.114318, -29.686533], [-51.114325, -29.686572], [-51.114438, -29.686558], [-51.114421, -29.686421]]]}, "properties": {"info": {"is_agg": true, "building": "yes", "properties_agg": [{"hnum": "55", "building": "yes", "feature_id": 67849}], "geom_cmp_equals": [true], "geom_cmp_intersec": [1]}, "error": 100, "address": "?, 55"}},
{"type": "Feature", "geometry": {"type": "Polygon", "coordinates": [[[-51.113964, -29.686473], [-51.113893, -29.686483], [-51.113942, -29.686571], [-51.113982, -29.686565], [-51.113964, -29.686473]]]}, "properties": {"info": {"building": "yes"}, "address": "?, 121"}},
{"type": "Feature", "geometry": {"type": "Polygon", "coordinates": [[[-51.114921, -29.686827], [-51.114819, -29.686835], [-51.114829, -29.686875], [-51.114931, -29.686866], [-51.114921, -29.686827]]]}, "properties": {"info": {"is_agg": true, "building": "yes", "properties_agg": [{"hnum": "298", "building": "yes", "feature_id": 67854}], "geom_cmp_equals": [true], "geom_cmp_intersec": [1]}, "error": 100, "address": "?, 298"}},
{"type": "Feature", "geometry": {"type": "Polygon", "coordinates": [[[-51.113132, -29.688536], [-51.113126, -29.688509], [-51.112943, -29.688534], [-51.112936, -29.688549], [-51.112918, -29.688544], [-51.112906, -29.688571], [-51.112921, -29.688577], [-51.112913, -29.688594], [-51.112901, -29.68859], [-51.112888, -29.688615], [-51.112816, -29.688591], [-51.112784, -29.688652], [-51.112805, -29.688661], [-51.112808, -29.688654], [-51.11292, -29.688704], [-51.112899, -29.688737], [-51.112929, -29.68875], [-51.112943, -29.688723], [-51.11298, -29.688736], [-51.112973, -29.688749], [-51.113017, -29.688762], [-51.11303, -29.688732], [-51.113021, -29.688728], [-51.11304, -29.688689], [-51.113053, -29.688693], [-51.113058, -29.688672], [-51.113047, -29.688667], [-51.113064, -29.688636], [-51.113073, -29.688637], [-51.11307, -29.688627], [-51.113101, -29.688622], [-51.113101, -29.688632], [-51.113118, -29.688628], [-51.113119, -29.688636], [-51.113171, -29.68863], [-51.113168, -29.688614], [-51.113194, -29.688606], [-51.113181, -29.68853], [-51.113132, -29.688536]]]}, "properties": {"info": {"building": "yes"}, "address": "?, 749"}},
{"type": "Feature", "geometry": {"type": "Polygon", "coordinates": [[[-51.113177, -29.687044], [-51.113162, -29.687054], [-51.11317, -29.687063], [-51.113179, -29.687057], [-51.113223, -29.687104], [-51.113312, -29.687041], [-51.113261, -29.686986], [-51.113177, -29.687044]]]}, "properties": {"info": {"is_agg": true, "building": "yes", "properties_agg": [{"hnum": "187", "building": "yes", "feature_id": 67847}], "geom_cmp_equals": [true], "geom_cmp_intersec": [1]}, "error": 100, "address": "?, 187"}},
{"type": "Feature", "geometry": {"type": "Polygon", "coordinates": [[[-51.112808, -29.688654], [-51.112805, -29.688661], [-51.112784, -29.688652], [-51.112764, -29.68869], [-51.11273, -29.688695], [-51.11269, -29.688679], [-51.112676, -29.688701], [-51.11272, -29.688718], [-51.112726, -29.68875], [-51.112705, -29.688791], [-51.11275, -29.688806], [-51.112767, -29.688773], [-51.112852, -29.688755], [-51.112884, -29.688764], [-51.112899, -29.688737], [-51.11292, -29.688704], [-51.112808, -29.688654]]]}, "properties": {"info": {"is_agg": true, "building": "yes", "properties_agg": [{"hnum": "749", "building": "yes", "feature_id": 100903}], "geom_cmp_equals": [true], "geom_cmp_intersec": [1]}, "error": 100, "address": "?, 749"}},
{"type": "Feature", "geometry": {"type": "Polygon", "coordinates": [[[-51.113418, -29.686871], [-51.113433, -29.686887], [-51.113429, -29.68689], [-51.113444, -29.686905], [-51.113447, -29.686903], [-51.113477, -29.686934], [-51.113558, -29.686878], [-51.113548, -29.686867], [-51.113522, -29.686836], [-51.113505, -29.686818], [-51.113418, -29.686871]]]}, "properties": {"info": {"is_agg": true, "building": "yes", "properties_agg": [{"hnum": "163", "building": "yes", "feature_id": 100906}], "geom_cmp_equals": [true], "geom_cmp_intersec": [1]}, "error": 100, "address": "?, 163"}},
{"type": "Feature", "geometry": {"type": "Polygon", "coordinates": [[[-51.114467, -29.687034], [-51.114452, -29.687037], [-51.114438, -29.686984], [-51.114398, -29.686991], [-51.114401, -29.687003], [-51.11435, -29.687013], [-51.114362, -29.68706], [-51.114347, -29.687063], [-51.114363, -29.687126], [-51.114392, -29.68712], [-51.1144, -29.687149], [-51.114425, -29.687144], [-51.114437, -29.687127], [-51.114488, -29.687117], [-51.114467, -29.687034]]]}, "properties": {"info": {"building": "yes"}, "address": "?, 352"}},
{"type": "Feature", "geometry": {"type": "Polygon", "coordinates": [[[-51.11454, -29.687094], [-51.114547, -29.68712], [-51.114597, -29.68711], [-51.114585, -29.687062], [-51.11459, -29.687061], [-51.114585, -29.68704], [-51.11458, -29.687041], [-51.11457, -29.687003], [-51.114501, -29.687016], [-51.114503, -29.687025], [-51.114466, -29.687032], [-51.114485, -29.687104], [-51.11454, -29.687094]]]}, "properties": {"info": {"building": "yes"}, "address": "?, 340"}},
{"type": "Feature", "geometry": {"type": "Polygon", "coordinates": [[[-51.114548, -29.687124], [-51.114598, -29.687115], [-51.114585, -29.687062], [-51.11459, -29.687061], [-51.114585, -29.68704], [-51.11458, -29.687041], [-51.11457, -29.687003], [-51.114501, -29.687016], [-51.114503, -29.687025], [-51.114466, -29.687032], [-51.114487, -29.687114], [-51.114543, -29.687103], [-51.114547, -29.68712], [-51.114548, -29.687124]]]}, "properties": {"info": {"building": "yes"}, "address": "?, 340"}},
{"type": "Feature", "geometry": {"type": "Polygon", "coordinates": [[[-51.114823, -29.686993], [-51.114838, -29.68699], [-51.114825, -29.686941], [-51.114748, -29.686956], [-51.114752, -29.686971], [-51.114741, -29.686974], [-51.114749, -29.687008], [-51.114751, -29.687015], [-51.114749, -29.687018], [-51.114752, -29.687032], [-51.114756, -29.687035], [-51.114758, -29.687042], [-51.114772, -29.687094], [-51.114804, -29.687088], [-51.114803, -29.687083], [-51.11482, -29.687079], [-51.114815, -29.687061], [-51.114832, -29.687058], [-51.114828, -29.687042], [-51.114835, -29.687041], [-51.114823, -29.686993]]]}, "properties": {"info": {"is_agg": true, "building": "yes", "properties_agg": [{"hnum": "320", "building": "yes", "feature_id": 109312}], "geom_cmp_equals": [false], "geom_cmp_intersec": [0.7835797498757179]}, "error": 100, "address": "?, 320"}},
{"type": "Feature", "geometry": {"type": "Polygon", "coordinates": [[[-51.112368, -29.685073], [-51.112223, -29.685088], [-51.112225, -29.6851], [-51.11218, -29.685105], [-51.112184, -29.685139], [-51.112193, -29.685138], [-51.112194, -29.685145], [-51.1122, -29.68516], [-51.112187, -29.685161], [-51.11219, -29.685183], [-51.11221, -29.685181], [-51.112217, -29.685196], [-51.112261, -29.68518], [-51.112265, -29.685189], [-51.112277, -29.685188], [-51.112272, -29.685154], [-51.112274, -29.685153], [-51.112271, -29.685132], [-51.112374, -29.685121], [-51.112368, -29.685073]]]}, "properties": {"info": {"is_agg": true, "building": "yes", "properties_agg": [{"building": "yes", "feature_id": 116747}], "geom_cmp_equals": [false], "geom_cmp_intersec": [0.8053610126276461]}, "error": 100, "address": "?, ?"}},
{"type": "Feature", "geometry": {"type": "Polygon", "coordinates": [[[-51.112185, -29.687874], [-51.112173, -29.687875], [-51.112174, -29.687886], [-51.112159, -29.687887], [-51.11217, -29.687959], [-51.112334, -29.687944], [-51.112324, -29.687864], [-51.112185, -29.687874]]]}, "properties": {"info": {"is_agg": true, "building": "yes", "properties_agg": [{"building": "yes", "feature_id": 116772}], "geom_cmp_equals": [true], "geom_cmp_intersec": [1]}, "error": 100, "address": "?, ?"}},
{"type": "Feature", "geometry": {"type": "Polygon", "coordinates": [[[-51.114569, -29.685763], [-51.114578, -29.685833], [-51.114684, -29.685822], [-51.114674, -29.685751], [-51.114569, -29.685763]]]}, "properties": {"info": {"is_agg": true, "building": "yes", "properties_agg": [{"hnum": "56", "building": "yes", "feature_id": 79124}], "geom_cmp_equals": [true], "geom_cmp_intersec": [1]}, "error": 100, "address": "?, 56"}},
{"type": "Feature", "geometry": {"type": "Polygon", "coordinates": [[[-51.114674, -29.685751], [-51.114717, -29.685746], [-51.11472, -29.685767], [-51.114768, -29.685762], [-51.114768, -29.685754], [-51.114834, -29.685748], [-51.114826, -29.685697], [-51.114726, -29.685708], [-51.114719, -29.685662], [-51.114557, -29.685679], [-51.114569, -29.685763], [-51.114674, -29.685751]]]}, "properties": {"info": {"building": "yes"}, "address": "?, 56"}},
{"type": "Feature", "geometry": {"type": "Polygon", "coordinates": [[[-51.115088, -29.686138], [-51.115088, -29.686153], [-51.11513, -29.686152], [-51.115128, -29.686079], [-51.11503, -29.686082], [-51.115032, -29.686139], [-51.115088, -29.686138]]]}, "properties": {"info": {"building": "yes"}, "address": "?, 231"}},
{"type": "Feature", "geometry": {"type": "Polygon", "coordinates": [[[-51.119208, -29.688698], [-51.119207, -29.688707], [-51.1192, -29.688765], [-51.119247, -29.688769], [-51.119254, -29.688702], [-51.119208, -29.688698]]]}, "properties": {"info": {"is_agg": true, "building": "yes", "properties_agg": [{"hnum": "161", "building": "yes", "feature_id": 80298}], "geom_cmp_equals": [true], "geom_cmp_intersec": [1]}, "error": 100, "address": "?, 161"}},
{"type": "Feature", "geometry": {"type": "Polygon", "coordinates": [[[-51.119113, -29.688712], [-51.119122, -29.68877], [-51.119179, -29.688763], [-51.119182, -29.688784], [-51.1192, -29.688782], [-51.1192, -29.688765], [-51.119207, -29.688707], [-51.119113, -29.688712]]]}, "properties": {"info": {"building": "yes"}, "address": "?, 161"}},
{"type": "Feature", "geometry": {"type": "Polygon", "coordinates": [[[-51.115457, -29.686981], [-51.115522, -29.686975], [-51.115515, -29.686923], [-51.115521, -29.686923], [-51.115515, -29.686875], [-51.115475, -29.686879], [-51.115477, -29.686891], [-51.115446, -29.686894], [-51.115457, -29.686981]]]}, "properties": {"info": {"building": "yes"}, "address": "?, 254"}},
{"type": "Feature", "geometry": {"type": "Polygon", "coordinates": [[[-51.115529, -29.686925], [-51.115595, -29.686918], [-51.115589, -29.686877], [-51.115595, -29.686876], [-51.115582, -29.686785], [-51.115511, -29.686795], [-51.115529, -29.686925]]]}, "properties": {"info": {"building": "yes"}, "address": "?, 246"}},
{"type": "Feature", "geometry": {"type": "Polygon", "coordinates": [[[-51.115596, -29.686843], [-51.115609, -29.686966], [-51.115697, -29.686957], [-51.115681, -29.686834], [-51.115596, -29.686843]]]}, "properties": {"info": {"building": "yes"}, "address": "?, 238"}},
{"type": "Feature", "geometry": {"type": "Polygon", "coordinates": [[[-51.115723, -29.686766], [-51.115634, -29.686778], [-51.115636, -29.686797], [-51.115656, -29.686795], [-51.11566, -29.68683], [-51.115729, -29.686823], [-51.115723, -29.686766]]]}, "properties": {"info": {"building": "yes"}, "address": "?, ?"}},
{"type": "Feature", "geometry": {"type": "Polygon", "coordinates": [[[-51.115808, -29.686748], [-51.115805, -29.686712], [-51.115741, -29.686716], [-51.115746, -29.686752], [-51.115808, -29.686748]]]}, "properties": {"info": {"building": "yes"}, "address": "?, 222"}},
{"type": "Feature", "geometry": {"type": "Polygon", "coordinates": [[[-51.115847, -29.686662], [-51.115846, -29.686641], [-51.115971, -29.686633], [-51.115967, -29.686578], [-51.115777, -29.686588], [-51.115781, -29.686666], [-51.115847, -29.686662]]]}, "properties": {"info": {"building": "yes"}, "address": "?, 810"}},
{"type": "Feature", "geometry": {"type": "Polygon", "coordinates": [[[-51.115712, -29.686617], [-51.115706, -29.686573], [-51.115656, -29.686578], [-51.11566, -29.686622], [-51.115712, -29.686617]]]}, "properties": {"info": {"building": "yes"}, "address": "?, 810"}},
{"type": "Feature", "geometry": {"type": "Polygon", "coordinates": [[[-51.115702, -29.686508], [-51.115656, -29.686513], [-51.115662, -29.68655], [-51.115708, -29.686544], [-51.115702, -29.686508]]]}, "properties": {"info": {"building": "yes"}, "address": "?, 297"}},
{"type": "Feature", "geometry": {"type": "Polygon", "coordinates": [[[-51.115978, -29.686863], [-51.115872, -29.68687], [-51.115877, -29.686937], [-51.115984, -29.68693], [-51.115978, -29.686863]]]}, "properties": {"info": {"building": "yes"}, "address": "?, 848"}},
{"type": "Feature", "geometry": {"type": "Polygon", "coordinates": [[[-51.115716, -29.686683], [-51.115649, -29.686691], [-51.115658, -29.686775], [-51.115723, -29.686766], [-51.115716, -29.686683]]]}, "properties": {"info": {"building": "yes"}, "address": "?, 164"}},
{"type": "Feature", "geometry": {"type": "Polygon", "coordinates": [[[-51.115488, -29.686774], [-51.11556, -29.686766], [-51.11555, -29.686702], [-51.115404, -29.686719], [-51.115414, -29.686782], [-51.115488, -29.686774]]]}, "properties": {"info": {"is_agg": true, "building": "yes", "properties_agg": [{"hnum": "164", "building": "yes", "feature_id": 80415}], "geom_cmp_equals": [true], "geom_cmp_intersec": [1]}, "error": 100, "address": "?, 164"}},
{"type": "Feature", "geometry": {"type": "Polygon", "coordinates": [[[-51.115606, -29.686696], [-51.11566, -29.68669], [-51.115656, -29.686578], [-51.115603, -29.686584], [-51.115606, -29.686696]]]}, "properties": {"info": {"building": "yes"}, "address": "?, 172"}},
{"type": "Feature", "geometry": {"type": "Polygon", "coordinates": [[[-51.115417, -29.686804], [-51.115492, -29.686797], [-51.115488, -29.686774], [-51.115414, -29.686782], [-51.115417, -29.686804]]]}, "properties": {"info": {"building": "yes"}, "address": "?, 164"}},
{"type": "Feature", "geometry": {"type": "Polygon", "coordinates": [[[-51.115988, -29.686783], [-51.11596, -29.686784], [-51.115954, -29.686726], [-51.115962, -29.686726], [-51.115958, -29.686693], [-51.115951, -29.686694], [-51.115947, -29.686658], [-51.115864, -29.686667], [-51.115878, -29.68679], [-51.115866, -29.686791], [-51.115869, -29.686834], [-51.115991, -29.686826], [-51.115988, -29.686783]]]}, "properties": {"info": {"building": "yes"}, "address": "?, 828"}},
{"type": "Feature", "geometry": {"type": "Polygon", "coordinates": [[[-51.115655, -29.686571], [-51.115644, -29.686497], [-51.115638, -29.686493], [-51.115582, -29.6865], [-51.115578, -29.686505], [-51.115572, -29.686501], [-51.115516, -29.686508], [-51.115512, -29.686513], [-51.115497, -29.686515], [-51.115491, -29.686511], [-51.115436, -29.686517], [-51.115431, -29.686523], [-51.115425, -29.686519], [-51.11537, -29.686525], [-51.115365, -29.68653], [-51.115377, -29.686605], [-51.115655, -29.686571]]]}, "properties": {"info": {"building": "yes"}, "address": "?, 323"}},
{"type": "Feature", "geometry": {"type": "Polygon", "coordinates": [[[-51.115411, -29.686718], [-51.115402, -29.686658], [-51.115389, -29.686659], [-51.115393, -29.686688], [-51.115375, -29.68669], [-51.11538, -29.686722], [-51.115411, -29.686718]]]}, "properties": {"info": {"building": "yes"}, "address": "?, ?"}},
{"type": "Feature", "geometry": {"type": "Polygon", "coordinates": [[[-51.115475, -29.686711], [-51.115465, -29.686641], [-51.115401, -29.686649], [-51.115402, -29.686658], [-51.115411, -29.686718], [-51.115475, -29.686711]]]}, "properties": {"info": {"building": "yes"}, "address": "?, 172"}},
{"type": "Feature", "geometry": {"type": "Polygon", "coordinates": [[[-51.115536, -29.686617], [-51.115487, -29.686623], [-51.115462, -29.686626], [-51.115465, -29.686641], [-51.115475, -29.686711], [-51.115549, -29.686702], [-51.115536, -29.686617]]]}, "properties": {"info": {"building": "yes"}, "address": "?, 172"}},
{"type": "Feature", "geometry": {"type": "Polygon", "coordinates": [[[-51.115536, -29.686617], [-51.115532, -29.686592], [-51.115483, -29.686598], [-51.115487, -29.686623], [-51.115536, -29.686617]]]}, "properties": {"info": {"building": "yes"}, "address": "?, ?"}},
{"type": "Feature", "geometry": {"type": "Polygon", "coordinates": [[[-51.115847, -29.686537], [-51.115846, -29.686528], [-51.11595, -29.686519], [-51.115944, -29.686463], [-51.115829, -29.686473], [-51.11583, -29.686483], [-51.11575, -29.68649], [-51.115749, -29.686481], [-51.115705, -29.686486], [-51.115717, -29.686564], [-51.11576, -29.686559], [-51.115758, -29.686544], [-51.11576, -29.686544], [-51.115847, -29.686537]]]}, "properties": {"info": {"building": "yes"}, "address": "?, 297"}},
{"type": "Feature", "geometry": {"type": "Polygon", "coordinates": [[[-51.115428, -29.686852], [-51.115347, -29.686857], [-51.115349, -29.686886], [-51.115344, -29.686886], [-51.115352, -29.686993], [-51.115438, -29.686988], [-51.115428, -29.686852]]]}, "properties": {"info": {"building": "yes"}, "address": "?, 268"}},
{"type": "Feature", "geometry": {"type": "Polygon", "coordinates": [[[-51.119106, -29.685395], [-51.119155, -29.68539], [-51.119157, -29.685407], [-51.119214, -29.685403], [-51.119204, -29.685323], [-51.119098, -29.685334], [-51.119106, -29.685395]]]}, "properties": {"info": {"building": "yes"}, "address": "?, 448"}},
{"type": "Feature", "geometry": {"type": "Polygon", "coordinates": [[[-51.119091, -29.685527], [-51.119082, -29.685528], [-51.119073, -29.685441], [-51.119106, -29.685439], [-51.119102, -29.685411], [-51.119055, -29.685414], [-51.11906, -29.68548], [-51.118992, -29.685488], [-51.118995, -29.685549], [-51.119092, -29.68554], [-51.119091, -29.685527]]]}, "properties": {"info": {"building": "yes"}, "address": "?, 480"}},
{"type": "Feature", "geometry": {"type": "Polygon", "coordinates": [[[-51.119082, -29.685528], [-51.119211, -29.685516], [-51.119204, -29.685467], [-51.119198, -29.685467], [-51.119193, -29.685432], [-51.119174, -29.685433], [-51.119106, -29.685439], [-51.119073, -29.685441], [-51.119082, -29.685528]]]}, "properties": {"info": {"is_agg": true, "building": "yes", "properties_agg": [{"hnum": "480", "building": "yes", "feature_id": 84454}], "geom_cmp_equals": [true], "geom_cmp_intersec": [1]}, "error": 100, "address": "?, 480"}},
{"type": "Feature", "geometry": {"type": "Polygon", "coordinates": [[[-51.11917, -29.685406], [-51.119102, -29.685411], [-51.119106, -29.685439], [-51.119174, -29.685433], [-51.11917, -29.685406]]]}, "properties": {"info": {"building": "yes"}, "address": "?, 480"}},
{"type": "Feature", "geometry": {"type": "Polygon", "coordinates": [[[-51.1192, -29.68562], [-51.119199, -29.685613], [-51.119074, -29.685625], [-51.119081, -29.685684], [-51.119206, -29.685672], [-51.119208, -29.685683], [-51.119243, -29.68568], [-51.119234, -29.685616], [-51.1192, -29.68562]]]}, "properties": {"info": {"building": "yes"}, "address": "?, 416"}},
{"type": "Feature", "geometry": {"type": "Polygon", "coordinates": [[[-51.119212, -29.685532], [-51.119037, -29.68555], [-51.119038, -29.685559], [-51.119046, -29.685559], [-51.119054, -29.68556], [-51.119062, -29.685563], [-51.119069, -29.685566], [-51.119081, -29.685576], [-51.119097, -29.685694], [-51.119248, -29.685678], [-51.119247, -29.685664], [-51.119115, -29.685678], [-51.119098, -29.685551], [-51.119213, -29.685539], [-51.119212, -29.685532]]]}, "properties": {"info": {"building": "yes"}, "address": "?, ?"}},
{"type": "Feature", "geometry": {"type": "Polygon", "coordinates": [[[-51.11911, -29.68555], [-51.119117, -29.685595], [-51.119219, -29.685584], [-51.119213, -29.685539], [-51.11911, -29.68555]]]}, "properties": {"info": {"building": "yes"}, "address": "?, ?"}},
{"type": "Feature", "geometry": {"type": "Polygon", "coordinates": [[[-51.112342, -29.688828], [-51.112346, -29.688863], [-51.112442, -29.688854], [-51.112437, -29.688819], [-51.112342, -29.688828]]]}, "properties": {"info": {"is_agg": true, "building": "yes", "properties_agg": [{"building": "yes", "feature_id": 116778}], "geom_cmp_equals": [false], "geom_cmp_intersec": [0.6826337850096655]}, "error": 100, "address": "?, ?"}},
{"type": "Feature", "geometry": {"type": "Polygon", "coordinates": [[[-51.1112, -29.690288], [-51.111189, -29.690303], [-51.111216, -29.69032], [-51.111228, -29.690305], [-51.1112, -29.690288]]]}, "properties": {"info": {"building": "yes"}, "address": "?, ?"}},
{"type": "Feature", "geometry": {"type": "Polygon", "coordinates": [[[-51.112429, -29.689621], [-51.112431, -29.689621], [-51.112428, -29.689597], [-51.112426, -29.689597], [-51.112419, -29.689532], [-51.112349, -29.689537], [-51.112356, -29.689604], [-51.112362, -29.689604], [-51.112364, -29.689625], [-51.112358, -29.689626], [-51.112365, -29.689693], [-51.112436, -29.689687], [-51.112429, -29.689621]]]}, "properties": {"info": {"is_agg": true, "building": "yes", "properties_agg": [{"building": "yes", "feature_id": 86401}], "geom_cmp_equals": [false], "geom_cmp_intersec": [0.9842316382215317]}, "error": 100, "address": "?, ?"}},
{"type": "Feature", "geometry": {"type": "Polygon", "coordinates": [[[-51.119156, -29.68697], [-51.119268, -29.686959], [-51.11926, -29.686897], [-51.119214, -29.686901], [-51.119208, -29.686856], [-51.119142, -29.686863], [-51.119156, -29.68697]]]}, "properties": {"info": {"is_agg": true, "building": "yes", "properties_agg": [{"hnum": "265", "building": "yes", "feature_id": 86259}], "geom_cmp_equals": [false], "geom_cmp_intersec": [0.9836472955047165]}, "error": 100, "address": "?, 265"}},
{"type": "Feature", "geometry": {"type": "Polygon", "coordinates": [[[-51.119096, -29.686953], [-51.119067, -29.686933], [-51.119042, -29.686936], [-51.119047, -29.686981], [-51.119099, -29.686976], [-51.119096, -29.686953]]]}, "properties": {"info": {"building": "yes"}, "address": "?, 265"}},
{"type": "Feature", "geometry": {"type": "Polygon", "coordinates": [[[-51.112357, -29.690191], [-51.112396, -29.690125], [-51.112279, -29.690073], [-51.11224, -29.690139], [-51.112357, -29.690191]]]}, "properties": {"info": {"building": "yes"}, "address": "?, 34"}},
{"type": "Feature", "geometry": {"type": "Polygon", "coordinates": [[[-51.112918, -29.690589], [-51.112984, -29.690508], [-51.112917, -29.690466], [-51.11285, -29.690547], [-51.112918, -29.690589]]]}, "properties": {"info": {"building": "yes"}, "address": "?, 108"}},
{"type": "Feature", "geometry": {"type": "Polygon", "coordinates": [[[-51.115935, -29.690126], [-51.115842, -29.690069], [-51.115814, -29.690103], [-51.115908, -29.69016], [-51.115935, -29.690126]]]}, "properties": {"info": {"building": "yes"}, "address": "?, ?"}},
{"type": "Feature", "geometry": {"type": "Polygon", "coordinates": [[[-51.11104, -29.690328], [-51.111113, -29.690376], [-51.111187, -29.690291], [-51.111116, -29.690239], [-51.11104, -29.690328]]]}, "properties": {"info": {"building": "yes"}, "address": "?, 824"}},
{"type": "Feature", "geometry": {"type": "Polygon", "coordinates": [[[-51.111032, -29.690338], [-51.111006, -29.690369], [-51.111041, -29.690393], [-51.111068, -29.690363], [-51.111032, -29.690338]]]}, "properties": {"info": {"building": "yes"}, "address": "?, 824"}},
{"type": "Feature", "geometry": {"type": "Polygon", "coordinates": [[[-51.110569, -29.690402], [-51.110582, -29.690386], [-51.110618, -29.690408], [-51.110666, -29.690348], [-51.110644, -29.690335], [-51.110688, -29.690269], [-51.110631, -29.690233], [-51.110625, -29.690229], [-51.11058, -29.690285], [-51.110593, -29.690292], [-51.110528, -29.690374], [-51.110525, -29.690377], [-51.110528, -29.690379], [-51.110569, -29.690402]]]}, "properties": {"info": {"building": "yes"}, "address": "?, 792"}},
{"type": "Feature", "geometry": {"type": "Polygon", "coordinates": [[[-51.111348, -29.690418], [-51.111384, -29.690379], [-51.111322, -29.690339], [-51.111287, -29.69038], [-51.111348, -29.690418]]]}, "properties": {"info": {"building": "yes"}, "address": "?, 215"}},
{"type": "Feature", "geometry": {"type": "Polygon", "coordinates": [[[-51.110675, -29.690439], [-51.110669, -29.690449], [-51.110662, -29.690462], [-51.110623, -29.690451], [-51.110577, -29.690542], [-51.110638, -29.690569], [-51.110707, -29.690455], [-51.110675, -29.690439]]]}, "properties": {"info": {"building": "yes"}, "address": "?, 784"}},
{"type": "Feature", "geometry": {"type": "Polygon", "coordinates": [[[-51.111045, -29.690449], [-51.11108, -29.690406], [-51.110998, -29.690355], [-51.110945, -29.690417], [-51.110998, -29.690449], [-51.111029, -29.690469], [-51.111045, -29.690449]]]}, "properties": {"info": {"building": "yes"}, "address": "?, 824"}},
{"type": "Feature", "geometry": {"type": "Polygon", "coordinates": [[[-51.110301, -29.690391], [-51.110345, -29.690336], [-51.110275, -29.690294], [-51.11023, -29.690353], [-51.110301, -29.690391]]]}, "properties": {"info": {"building": "yes"}, "address": "?, 820"}},
{"type": "Feature", "geometry": {"type": "Polygon", "coordinates": [[[-51.115885, -29.689815], [-51.115877, -29.689809], [-51.115856, -29.689835], [-51.115865, -29.689841], [-51.115835, -29.689878], [-51.115886, -29.689909], [-51.115896, -29.689896], [-51.115973, -29.689943], [-51.116019, -29.689885], [-51.115922, -29.689826], [-51.115931, -29.689815], [-51.1159, -29.689796], [-51.115885, -29.689815]]]}, "properties": {"info": {"building": "yes"}, "address": "?, 390"}},
{"type": "Feature", "geometry": {"type": "Polygon", "coordinates": [[[-51.116078, -29.689908], [-51.116069, -29.689919], [-51.116073, -29.689935], [-51.116085, -29.689943], [-51.116102, -29.689922], [-51.116078, -29.689908]]]}, "properties": {"info": {"building": "yes"}, "address": "?, ?"}},
{"type": "Feature", "geometry": {"type": "Polygon", "coordinates": [[[-51.116162, -29.690192], [-51.116177, -29.690172], [-51.116122, -29.690138], [-51.116145, -29.690109], [-51.116108, -29.690087], [-51.116069, -29.690135], [-51.116162, -29.690192]]]}, "properties": {"info": {"building": "yes"}, "address": "?, ?"}},
{"type": "Feature", "geometry": {"type": "Polygon", "coordinates": [[[-51.116352, -29.690104], [-51.116386, -29.690063], [-51.116331, -29.690029], [-51.116253, -29.690125], [-51.116279, -29.69014], [-51.116287, -29.69013], [-51.116329, -29.690156], [-51.116365, -29.690112], [-51.116352, -29.690104]]]}, "properties": {"info": {"building": "yes"}, "address": "?, 135"}},
{"type": "Feature", "geometry": {"type": "Polygon", "coordinates": [[[-51.116453, -29.690059], [-51.116441, -29.690074], [-51.116414, -29.690057], [-51.116363, -29.69012], [-51.116456, -29.690177], [-51.116519, -29.690099], [-51.116453, -29.690059]]]}, "properties": {"info": {"building": "yes"}, "address": "?, 125"}},
{"type": "Feature", "geometry": {"type": "Polygon", "coordinates": [[[-51.116511, -29.690343], [-51.116524, -29.690351], [-51.116537, -29.690335], [-51.116614, -29.690385], [-51.11662, -29.690378], [-51.116607, -29.69037], [-51.116621, -29.690351], [-51.116502, -29.690278], [-51.116437, -29.690361], [-51.116476, -29.690386], [-51.116511, -29.690343]]]}, "properties": {"info": {"building": "yes"}, "address": "?, ?"}},
{"type": "Feature", "geometry": {"type": "Polygon", "coordinates": [[[-51.116568, -29.690445], [-51.116617, -29.690386], [-51.116609, -29.690382], [-51.116537, -29.690335], [-51.116524, -29.690351], [-51.116511, -29.690343], [-51.116476, -29.690386], [-51.11656, -29.69044], [-51.116568, -29.690445]]]}, "properties": {"info": {"building": "yes"}, "address": "?, 343"}},
{"type": "Feature", "geometry": {"type": "Polygon", "coordinates": [[[-51.116416, -29.690229], [-51.116384, -29.690268], [-51.11642, -29.690292], [-51.116442, -29.690288], [-51.11646, -29.690257], [-51.116416, -29.690229]]]}, "properties": {"info": {"building": "yes"}, "address": "?, ?"}},
{"type": "Feature", "geometry": {"type": "Polygon", "coordinates": [[[-51.116327, -29.690416], [-51.116393, -29.690335], [-51.116351, -29.690309], [-51.116285, -29.69039], [-51.116327, -29.690416]]]}, "properties": {"info": {"building": "yes"}, "address": "?, ?"}},
{"type": "Feature", "geometry": {"type": "Polygon", "coordinates": [[[-51.116313, -29.690357], [-51.116351, -29.69031], [-51.116253, -29.69025], [-51.116215, -29.690297], [-51.116313, -29.690357]]]}, "properties": {"info": {"building": "yes"}, "address": "?, ?"}},
{"type": "Feature", "geometry": {"type": "Polygon", "coordinates": [[[-51.111456, -29.690397], [-51.111399, -29.690363], [-51.111365, -29.6904], [-51.111371, -29.690404], [-51.111346, -29.690435], [-51.111375, -29.690453], [-51.111403, -29.690419], [-51.111428, -29.690435], [-51.111456, -29.690397]]]}, "properties": {"info": {"building": "yes"}, "address": "?, 215"}},
{"type": "Feature", "geometry": {"type": "Polygon", "coordinates": [[[-51.116002, -29.690351], [-51.115974, -29.690384], [-51.115993, -29.690396], [-51.11602, -29.690363], [-51.116002, -29.690351]]]}, "properties": {"info": {"building": "yes"}, "address": "?, ?"}},
{"type": "Feature", "geometry": {"type": "Polygon", "coordinates": [[[-51.116042, -29.690337], [-51.116022, -29.690325], [-51.11606, -29.690279], [-51.115987, -29.690233], [-51.11596, -29.690266], [-51.115971, -29.690273], [-51.115922, -29.690333], [-51.115939, -29.690343], [-51.115929, -29.690355], [-51.115974, -29.690384], [-51.116002, -29.690351], [-51.11602, -29.690363], [-51.116042, -29.690337]]]}, "properties": {"info": {"building": "yes"}, "address": "?, 273"}},
{"type": "Feature", "geometry": {"type": "Polygon", "coordinates": [[[-51.110567, -29.690269], [-51.110482, -29.690218], [-51.110379, -29.690348], [-51.110406, -29.690364], [-51.110466, -29.690288], [-51.110524, -29.690323], [-51.110567, -29.690269]]]}, "properties": {"info": {"building": "yes"}, "address": "?, ?"}},
{"type": "Feature", "geometry": {"type": "Polygon", "coordinates": [[[-51.113858, -29.68527], [-51.113855, -29.685252], [-51.113825, -29.685256], [-51.113827, -29.685274], [-51.113775, -29.685279], [-51.113755, -29.685281], [-51.113763, -29.685336], [-51.113782, -29.685335], [-51.113866, -29.685328], [-51.113858, -29.68527]]]}, "properties": {"info": {"building": "yes"}, "address": "?, 1540"}},
{"type": "Feature", "geometry": {"type": "Polygon", "coordinates": [[[-51.113817, -29.685167], [-51.113806, -29.685093], [-51.113776, -29.685096], [-51.113777, -29.685099], [-51.113755, -29.685101], [-51.113755, -29.685098], [-51.113725, -29.685101], [-51.113713, -29.685103], [-51.113722, -29.685166], [-51.113724, -29.685166], [-51.11373, -29.685206], [-51.113785, -29.685199], [-51.113786, -29.685208], [-51.113822, -29.685204], [-51.113821, -29.685195], [-51.113842, -29.685193], [-51.113838, -29.685164], [-51.113817, -29.685167]]]}, "properties": {"info": {"building": "yes"}, "address": "?, 335"}},
{"type": "Feature", "geometry": {"type": "Polygon", "coordinates": [[[-51.113874, -29.685166], [-51.113859, -29.685167], [-51.113861, -29.68518], [-51.113854, -29.685189], [-51.113902, -29.68522], [-51.113866, -29.685261], [-51.113877, -29.685267], [-51.11388, -29.685288], [-51.113903, -29.685285], [-51.113914, -29.685292], [-51.11395, -29.68525], [-51.113932, -29.685238], [-51.113947, -29.685221], [-51.113919, -29.685203], [-51.113927, -29.685194], [-51.113925, -29.685179], [-51.113913, -29.685171], [-51.113926, -29.685156], [-51.113898, -29.685138], [-51.113874, -29.685166]]]}, "properties": {"info": {"is_agg": true, "building": "yes", "properties_agg": [{"hnum": "1524", "building": "yes", "feature_id": 90141}], "geom_cmp_equals": [false], "geom_cmp_intersec": [0.6946617656075521]}, "error": 100, "address": "?, ?"}},
{"type": "Feature", "geometry": {"type": "Polygon", "coordinates": [[[-51.113395, -29.685843], [-51.113389, -29.685798], [-51.113326, -29.685805], [-51.113325, -29.685796], [-51.113311, -29.685797], [-51.113318, -29.685851], [-51.113395, -29.685843]]]}, "properties": {"info": {"is_agg": true, "building": "yes", "properties_agg": [{"hnum": "614", "building": "yes", "feature_id": 90325}], "geom_cmp_equals": [false], "geom_cmp_intersec": [0.7304502179391041]}, "error": 100, "address": "?, ?"}},
{"type": "Feature", "geometry": {"type": "Polygon", "coordinates": [[[-51.114054, -29.685142], [-51.114054, -29.68514], [-51.113999, -29.685144], [-51.114009, -29.685247], [-51.114012, -29.68528], [-51.114067, -29.685276], [-51.114066, -29.685267], [-51.114113, -29.685264], [-51.114109, -29.68522], [-51.114107, -29.685193], [-51.114097, -29.685194], [-51.114097, -29.685193], [-51.114082, -29.685194], [-51.11408, -29.685175], [-51.114105, -29.685173], [-51.114102, -29.685138], [-51.114054, -29.685142]]]}, "properties": {"info": {"building": "yes"}, "address": "?, 1500"}},
{"type": "Feature", "geometry": {"type": "Polygon", "coordinates": [[[-51.114009, -29.685247], [-51.114064, -29.685243], [-51.114062, -29.685223], [-51.114109, -29.68522], [-51.114107, -29.685193], [-51.114097, -29.685194], [-51.114097, -29.685193], [-51.114082, -29.685194], [-51.11408, -29.685175], [-51.114105, -29.685173], [-51.114102, -29.685138], [-51.114054, -29.685142], [-51.114053, -29.68513], [-51.113998, -29.685134], [-51.114009, -29.685247]]]}, "properties": {"info": {"building": "yes"}, "address": "?, 1500"}},
{"type": "Feature", "geometry": {"type": "Polygon", "coordinates": [[[-51.114095, -29.685073], [-51.114105, -29.685173], [-51.114164, -29.685169], [-51.11416, -29.685123], [-51.114218, -29.685119], [-51.114213, -29.685065], [-51.114095, -29.685073]]]}, "properties": {"info": {"is_agg": true, "building": "yes", "properties_agg": [{"hnum": "1500", "building": "yes", "feature_id": 90329}], "geom_cmp_equals": [false], "geom_cmp_intersec": [0.822416719324798]}, "error": 100, "address": "?, 1500"}},
{"type": "Feature", "geometry": {"type": "Polygon", "coordinates": [[[-51.115468, -29.689647], [-51.115513, -29.689592], [-51.115499, -29.689583], [-51.11553, -29.689545], [-51.115503, -29.689529], [-51.115493, -29.689542], [-51.115462, -29.689522], [-51.115436, -29.689555], [-51.115427, -29.689549], [-51.115387, -29.689599], [-51.115436, -29.689629], [-51.115437, -29.689628], [-51.115468, -29.689647]]]}, "properties": {"info": {"building": "yes"}, "address": "?, 235"}},
{"type": "Feature", "geometry": {"type": "Polygon", "coordinates": [[[-51.115468, -29.689647], [-51.115437, -29.689628], [-51.115423, -29.689645], [-51.115411, -29.689638], [-51.11537, -29.689689], [-51.115382, -29.689696], [-51.115367, -29.689715], [-51.115396, -29.689733], [-51.115423, -29.689727], [-51.115481, -29.689655], [-51.115468, -29.689647]]]}, "properties": {"info": {"building": "yes"}, "address": "?, 235"}},
{"type": "Feature", "geometry": {"type": "Polygon", "coordinates": [[[-51.114945, -29.689458], [-51.114962, -29.689468], [-51.114974, -29.689453], [-51.114983, -29.689458], [-51.11497, -29.689473], [-51.114999, -29.689491], [-51.115015, -29.689471], [-51.114989, -29.689454], [-51.114999, -29.689441], [-51.114998, -29.68944], [-51.115012, -29.689422], [-51.115014, -29.689423], [-51.115032, -29.6894], [-51.115098, -29.68944], [-51.115146, -29.689381], [-51.115053, -29.689324], [-51.114945, -29.689458]]]}, "properties": {"info": {"is_agg": true, "building": "yes", "properties_agg": [{"hnum": "231", "building": "yes", "feature_id": 92473}], "geom_cmp_equals": [false], "geom_cmp_intersec": [0.750581700010397]}, "error": 100, "address": "?, 231"}},
{"type": "Feature", "geometry": {"type": "Polygon", "coordinates": [[[-51.11501, -29.689791], [-51.11508, -29.689711], [-51.115026, -29.689676], [-51.114957, -29.689755], [-51.11501, -29.689791]]]}, "properties": {"info": {"is_agg": true, "building": "yes", "properties_agg": [{"hnum": "175", "building": "yes", "feature_id": 116827}], "geom_cmp_equals": [true], "geom_cmp_intersec": [1]}, "error": 100, "address": "?, 175"}},
{"type": "Feature", "geometry": {"type": "Polygon", "coordinates": [[[-51.115056, -29.689696], [-51.11508, -29.689668], [-51.115051, -29.689648], [-51.115026, -29.689676], [-51.115056, -29.689696]]]}, "properties": {"info": {"is_agg": true, "building": "yes", "properties_agg": [{"hnum": "175", "building": "yes", "feature_id": 116828}, {"hnum": "175", "building": "yes", "feature_id": 116831}], "geom_cmp_equals": [true, true], "geom_cmp_intersec": [1, 1]}, "error": 100, "address": "?, 175"}},
{"type": "Feature", "geometry": {"type": "Polygon", "coordinates": [[[-51.114931, -29.689785], [-51.114957, -29.689804], [-51.114983, -29.689772], [-51.114957, -29.689755], [-51.114931, -29.689785]]]}, "properties": {"info": {"building": "yes"}, "address": "?, 175"}},
{"type": "Feature", "geometry": {"type": "Polygon", "coordinates": [[[-51.113467, -29.690017], [-51.113544, -29.690057], [-51.113568, -29.690022], [-51.113598, -29.689977], [-51.113532, -29.689938], [-51.113467, -29.690017]]]}, "properties": {"info": {"building": "yes"}, "address": "?, 293"}},
{"type": "Feature", "geometry": {"type": "Polygon", "coordinates": [[[-51.113557, -29.690147], [-51.113584, -29.690163], [-51.113618, -29.690122], [-51.11359, -29.690105], [-51.113557, -29.690147]]]}, "properties": {"info": {"building": "yes"}, "address": "?, 287"}},
{"type": "Feature", "geometry": {"type": "Polygon", "coordinates": [[[-51.112852, -29.690091], [-51.112912, -29.69002], [-51.112881, -29.690001], [-51.112821, -29.690072], [-51.112774, -29.690041], [-51.112701, -29.690129], [-51.11273, -29.690148], [-51.112738, -29.690138], [-51.112756, -29.690149], [-51.112787, -29.690169], [-51.112852, -29.690091]]]}, "properties": {"info": {"building": "yes"}, "address": "?, 57"}},
{"type": "Feature", "geometry": {"type": "Polygon", "coordinates": [[[-51.115032, -29.6894], [-51.115014, -29.689423], [-51.115012, -29.689422], [-51.114998, -29.68944], [-51.114999, -29.689441], [-51.114989, -29.689454], [-51.115015, -29.689471], [-51.114999, -29.689491], [-51.115038, -29.689514], [-51.115098, -29.68944], [-51.115032, -29.6894]]]}, "properties": {"info": {"building": "yes"}, "address": "?, 231"}},
{"type": "Feature", "geometry": {"type": "Polygon", "coordinates": [[[-51.115031, -29.689671], [-51.114977, -29.689635], [-51.114908, -29.689714], [-51.114961, -29.68975], [-51.115031, -29.689671]]]}, "properties": {"info": {"building": "yes"}, "address": "?, 167"}},
{"type": "Feature", "geometry": {"type": "Polygon", "coordinates": [[[-51.114093, -29.689547], [-51.114053, -29.689522], [-51.114004, -29.689584], [-51.114044, -29.689608], [-51.114093, -29.689547]]]}, "properties": {"info": {"building": "yes"}, "address": "?, 355"}},
{"type": "Feature", "geometry": {"type": "Polygon", "coordinates": [[[-51.113039, -29.690209], [-51.113086, -29.690149], [-51.112993, -29.690093], [-51.112945, -29.690153], [-51.113039, -29.690209]]]}, "properties": {"info": {"building": "yes"}, "address": "?, 81"}},
{"type": "Feature", "geometry": {"type": "Polygon", "coordinates": [[[-51.113181, -29.689749], [-51.113186, -29.689788], [-51.113189, -29.689788], [-51.113192, -29.689789], [-51.113196, -29.689823], [-51.113243, -29.689818], [-51.113239, -29.689784], [-51.113205, -29.689787], [-51.11319, -29.689778], [-51.113186, -29.689748], [-51.113181, -29.689749]]]}, "properties": {"info": {"building": "yes"}, "address": "?, 9"}},
{"type": "Feature", "geometry": {"type": "Polygon", "coordinates": [[[-51.11939, -29.689209], [-51.119384, -29.689136], [-51.119291, -29.689147], [-51.119289, -29.689135], [-51.119238, -29.689139], [-51.119246, -29.689221], [-51.11939, -29.689209]]]}, "properties": {"info": {"is_agg": true, "building": "yes", "properties_agg": [{"hnum": "215", "building": "yes", "feature_id": 93848}], "geom_cmp_equals": [true], "geom_cmp_intersec": [1]}, "error": 100, "address": "?, 215"}},
{"type": "Feature", "geometry": {"type": "Polygon", "coordinates": [[[-51.119308, -29.689216], [-51.119307, -29.689204], [-51.119326, -29.689202], [-51.119318, -29.689132], [-51.119238, -29.689139], [-51.119246, -29.689221], [-51.119308, -29.689216]]]}, "properties": {"info": {"building": "yes"}, "address": "?, 215"}},
{"type": "Feature", "geometry": {"type": "Polygon", "coordinates": [[[-51.119151, -29.68897], [-51.11916, -29.689051], [-51.119207, -29.689048], [-51.119205, -29.689036], [-51.119225, -29.689034], [-51.119217, -29.688964], [-51.119151, -29.68897]]]}, "properties": {"info": {"is_agg": true, "building": "yes", "properties_agg": [{"hnum": "191", "building": "yes", "feature_id": 93863}], "geom_cmp_equals": [true], "geom_cmp_intersec": [1]}, "error": 100, "address": "?, 191"}},
{"type": "Feature", "geometry": {"type": "Polygon", "coordinates": [[[-51.119076, -29.689136], [-51.119146, -29.68913], [-51.119147, -29.68914], [-51.119178, -29.689138], [-51.119178, -29.689132], [-51.119223, -29.689129], [-51.119221, -29.689105], [-51.119233, -29.689104], [-51.119228, -29.689052], [-51.11917, -29.689056], [-51.119173, -29.689085], [-51.119142, -29.689087], [-51.119141, -29.689072], [-51.119071, -29.689078], [-51.119076, -29.689136]]]}, "properties": {"info": {"building": "yes"}, "address": "?, ?"}},
{"type": "Feature", "geometry": {"type": "Polygon", "coordinates": [[[-51.112404, -29.685638], [-51.112404, -29.685635], [-51.112372, -29.685638], [-51.112373, -29.685641], [-51.112357, -29.685643], [-51.11236, -29.685668], [-51.11232, -29.685672], [-51.112317, -29.685646], [-51.112256, -29.685652], [-51.11226, -29.685687], [-51.112258, -29.685687], [-51.112263, -29.685732], [-51.112277, -29.68573], [-51.112288, -29.685819], [-51.112274, -29.685821], [-51.112279, -29.685865], [-51.112282, -29.685865], [-51.112286, -29.6859], [-51.112346, -29.685895], [-51.112343, -29.685869], [-51.112383, -29.685866], [-51.112386, -29.685891], [-51.112402, -29.68589], [-51.112403, -29.685896], [-51.112435, -29.685893], [-51.112434, -29.685887], [-51.112448, -29.685886], [-51.112443, -29.685845], [-51.112438, -29.685845], [-51.112435, -29.68582], [-51.11244, -29.68582], [-51.112436, -29.68578], [-51.1124, -29.685783], [-51.112395, -29.685746], [-51.112431, -29.685743], [-51.112427, -29.685703], [-51.112421, -29.685703], [-51.112418, -29.685678], [-51.112424, -29.685678], [-51.112419, -29.685637], [-51.112404, -29.685638]]]}, "properties": {"info": {"is_agg": true, "building": "yes", "properties_agg": [{"building": "yes", "feature_id": 93869}], "geom_cmp_equals": [false], "geom_cmp_intersec": [0.9986423959233863]}, "error": 100, "address": "?, ?"}},
{"type": "Feature", "geometry": {"type": "Polygon", "coordinates": [[[-51.112229, -29.685649], [-51.11227, -29.685995], [-51.112537, -29.685971], [-51.11252, -29.685829], [-51.112466, -29.685834], [-51.112442, -29.68563], [-51.112229, -29.685649]]]}, "properties": {"info": {"building": "yes"}, "address": "?, ?"}},
{"type": "Feature", "geometry": {"type": "Polygon", "coordinates": [[[-51.112295, -29.685938], [-51.112295, -29.685936], [-51.112282, -29.685937], [-51.112288, -29.685993], [-51.112537, -29.685971], [-51.112531, -29.685921], [-51.112295, -29.685938]]]}, "properties": {"info": {"building": "yes"}, "address": "?, ?"}},
{"type": "Feature", "geometry": {"type": "Polygon", "coordinates": [[[-51.112437, -29.685837], [-51.112435, -29.68582], [-51.11244, -29.68582], [-51.112436, -29.68578], [-51.112416, -29.685781], [-51.112412, -29.685745], [-51.112431, -29.685743], [-51.112427, -29.685703], [-51.112424, -29.685703], [-51.112421, -29.685678], [-51.112424, -29.685678], [-51.112419, -29.685637], [-51.112404, -29.685638], [-51.112404, -29.685635], [-51.112372, -29.685638], [-51.112373, -29.685641], [-51.112357, -29.685643], [-51.112359, -29.685658], [-51.112319, -29.685661], [-51.112317, -29.685646], [-51.112256, -29.685652], [-51.11226, -29.685687], [-51.112258, -29.685687], [-51.112263, -29.685732], [-51.112277, -29.68573], [-51.112286, -29.685803], [-51.112272, -29.685804], [-51.112279, -29.685865], [-51.112282, -29.685865], [-51.112286, -29.6859], [-51.112355, -29.685894], [-51.112353, -29.685875], [-51.112384, -29.685872], [-51.112386, -29.685891], [-51.112402, -29.68589], [-51.112403, -29.685896], [-51.112435, -29.685893], [-51.112434, -29.685887], [-51.112526, -29.685879], [-51.11252, -29.685829], [-51.112437, -29.685837]]]}, "properties": {"info": {"building": "yes"}, "address": "?, ?"}},
{"type": "Feature", "geometry": {"type": "Polygon", "coordinates": [[[-51.11282, -29.686053], [-51.112665, -29.686069], [-51.112665, -29.686078], [-51.112669, -29.686121], [-51.11284, -29.686105], [-51.112835, -29.686053], [-51.11282, -29.686053]]]}, "properties": {"info": {"is_agg": true, "building": "yes", "properties_agg": [{"hnum": "83", "building": "yes", "feature_id": 93872}], "geom_cmp_equals": [true], "geom_cmp_intersec": [1]}, "error": 100, "address": "?, 83"}},
{"type": "Feature", "geometry": {"type": "Polygon", "coordinates": [[[-51.112814, -29.686001], [-51.112737, -29.686009], [-51.112738, -29.686015], [-51.112645, -29.686024], [-51.112651, -29.686078], [-51.112665, -29.686078], [-51.112665, -29.686069], [-51.11282, -29.686053], [-51.112814, -29.686001]]]}, "properties": {"info": {"building": "yes"}, "address": "?, 83"}},
{"type": "Feature", "geometry": {"type": "Polygon", "coordinates": [[[-51.11268, -29.686428], [-51.112676, -29.686388], [-51.112634, -29.686392], [-51.112633, -29.686385], [-51.112601, -29.686388], [-51.112606, -29.686435], [-51.11268, -29.686428]]]}, "properties": {"info": {"building": "yes"}, "address": "?, 57"}},
{"type": "Feature", "geometry": {"type": "Polygon", "coordinates": [[[-51.112871, -29.68634], [-51.11271, -29.686355], [-51.112715, -29.686395], [-51.112688, -29.686397], [-51.112692, -29.686429], [-51.112879, -29.686412], [-51.112871, -29.68634]]]}, "properties": {"info": {"is_agg": true, "building": "yes", "properties_agg": [{"hnum": "57", "building": "yes", "feature_id": 93882}, {"hnum": "57", "building": "yes", "feature_id": 93883}], "geom_cmp_equals": [false, false], "geom_cmp_intersec": [0.7551821519262915, 0.37272855468916166]}, "error": 100, "address": "?, 57"}},
{"type": "Feature", "geometry": {"type": "Polygon", "coordinates": [[[-51.112706, -29.686577], [-51.1127, -29.686544], [-51.112622, -29.686553], [-51.112626, -29.686587], [-51.112706, -29.686577]]]}, "properties": {"info": {"building": "yes"}, "address": "?, 45"}},
{"type": "Feature", "geometry": {"type": "Polygon", "coordinates": [[[-51.11291, -29.686674], [-51.112922, -29.686661], [-51.11292, -29.686641], [-51.112926, -29.686635], [-51.112924, -29.68662], [-51.112917, -29.686615], [-51.112914, -29.686595], [-51.112899, -29.686585], [-51.112896, -29.686562], [-51.112834, -29.686568], [-51.112836, -29.686585], [-51.112802, -29.686588], [-51.1128, -29.686572], [-51.112747, -29.686577], [-51.112753, -29.686618], [-51.112773, -29.686616], [-51.11278, -29.686668], [-51.11276, -29.68667], [-51.112765, -29.686711], [-51.112914, -29.686697], [-51.11291, -29.686674]]]}, "properties": {"info": {"is_agg": true, "building": "yes", "properties_agg": [{"hnum": "35", "building": "yes", "feature_id": 93889}], "geom_cmp_equals": [false], "geom_cmp_intersec": [0.9430100570571369]}, "error": 100, "address": "?, 35"}},
{"type": "Feature", "geometry": {"type": "Polygon", "coordinates": [[[-51.119133, -29.689306], [-51.119131, -29.689281], [-51.119146, -29.68928], [-51.119144, -29.689259], [-51.119128, -29.68926], [-51.119125, -29.689234], [-51.119062, -29.689239], [-51.11907, -29.689311], [-51.119133, -29.689306]]]}, "properties": {"info": {"building": "yes"}, "address": "?, 247"}},
{"type": "Feature", "geometry": {"type": "Polygon", "coordinates": [[[-51.119106, -29.689308], [-51.119104, -29.689293], [-51.119133, -29.689291], [-51.119134, -29.689306], [-51.119205, -29.6893], [-51.119197, -29.689228], [-51.119062, -29.689239], [-51.11907, -29.689311], [-51.119106, -29.689308]]]}, "properties": {"info": {"is_agg": true, "building": "yes", "properties_agg": [{"hnum": "247", "building": "yes", "feature_id": 93900}], "geom_cmp_equals": [false], "geom_cmp_intersec": [0.9257402597714244]}, "error": 100, "address": "?, 247"}},
{"type": "Feature", "geometry": {"type": "Polygon", "coordinates": [[[-51.112689, -29.685594], [-51.112546, -29.685609], [-51.112555, -29.685678], [-51.112699, -29.685663], [-51.112689, -29.685594]]]}, "properties": {"info": {"building": "yes"}, "address": "?, 135"}},
{"type": "Feature", "geometry": {"type": "MultiPolygon", "coordinates": [[[[-51.112503, -29.685702], [-51.112617, -29.685691], [-51.112614, -29.685672], [-51.112555, -29.685678], [-51.112546, -29.685609], [-51.112538, -29.685609], [-51.112544, -29.685651], [-51.112496, -29.685656], [-51.112503, -29.685702]]], [[[-51.112699, -29.685663], [-51.112687, -29.685664], [-51.11269, -29.685683], [-51.112769, -29.685675], [-51.112764, -29.685633], [-51.112727, -29.685637], [-51.112709, -29.685624], [-51.112694, -29.685625], [-51.112699, -29.685663]]], [[[-51.112689, -29.685594], [-51.112689, -29.685592], [-51.112645, -29.685597], [-51.112645, -29.685598], [-51.112689, -29.685594]]]]}, "properties": {"info": {"building": "yes"}, "address": "?, 135"}},
{"type": "Feature", "geometry": {"type": "Polygon", "coordinates": [[[-51.115906, -29.687205], [-51.115935, -29.687202], [-51.115929, -29.687168], [-51.115948, -29.687165], [-51.115945, -29.687153], [-51.115902, -29.687158], [-51.115906, -29.687205]]]}, "properties": {"info": {"building": "yes"}, "address": "?, 213"}},
{"type": "Feature", "geometry": {"type": "Polygon", "coordinates": [[[-51.115679, -29.688077], [-51.11573, -29.688075], [-51.115732, -29.688099], [-51.115781, -29.688096], [-51.115777, -29.688058], [-51.11581, -29.688056], [-51.115803, -29.687972], [-51.115735, -29.687976], [-51.115735, -29.687993], [-51.115673, -29.687997], [-51.115679, -29.688077]]]}, "properties": {"info": {"building": "yes"}, "address": "?, 160"}},
{"type": "Feature", "geometry": {"type": "Polygon", "coordinates": [[[-51.115566, -29.68724], [-51.115539, -29.687243], [-51.115545, -29.687282], [-51.115483, -29.687288], [-51.115488, -29.687325], [-51.115465, -29.687327], [-51.115469, -29.687361], [-51.115483, -29.68736], [-51.115491, -29.687419], [-51.115546, -29.687413], [-51.115546, -29.687399], [-51.115581, -29.687394], [-51.115566, -29.68724]]]}, "properties": {"info": {"building": "yes"}, "address": "?, 257"}},
{"type": "Feature", "geometry": {"type": "MultiPolygon", "coordinates": [[[[-51.115386, -29.687416], [-51.115371, -29.687445], [-51.115405, -29.687443], [-51.115386, -29.687416]]], [[[-51.115368, -29.687389], [-51.115386, -29.687416], [-51.115402, -29.687387], [-51.115368, -29.687389]]]]}, "properties": {"info": {"building": "yes"}, "address": "?, ?"}},
{"type": "Feature", "geometry": {"type": "Polygon", "coordinates": [[[-51.11801, -29.68735], [-51.118009, -29.687338], [-51.11803, -29.687335], [-51.118044, -29.687321], [-51.118042, -29.687311], [-51.118058, -29.687309], [-51.118051, -29.68725], [-51.118011, -29.687254], [-51.118013, -29.687266], [-51.117956, -29.687272], [-51.11796, -29.687301], [-51.117948, -29.687302], [-51.117955, -29.687355], [-51.11801, -29.68735]]]}, "properties": {"info": {"building": "yes"}, "address": "?, 175"}},
{"type": "Feature", "geometry": {"type": "Polygon", "coordinates": [[[-51.118037, -29.687136], [-51.11816, -29.687122], [-51.118156, -29.687091], [-51.118118, -29.687096], [-51.118108, -29.68709], [-51.118101, -29.687097], [-51.118096, -29.687063], [-51.118028, -29.687071], [-51.118037, -29.687136]]]}, "properties": {"info": {"building": "yes"}, "address": "?, 51"}},
{"type": "Feature", "geometry": {"type": "Polygon", "coordinates": [[[-51.115358, -29.689845], [-51.115423, -29.689884], [-51.115468, -29.689826], [-51.115436, -29.689806], [-51.115405, -29.689846], [-51.115373, -29.689826], [-51.115358, -29.689845]]]}, "properties": {"info": {"building": "yes"}, "address": "?, 207"}},
{"type": "Feature", "geometry": {"type": "Polygon", "coordinates": [[[-51.117599, -29.685479], [-51.117588, -29.68542], [-51.117524, -29.685429], [-51.117534, -29.685488], [-51.117599, -29.685479]]]}, "properties": {"info": {"building": "yes"}, "address": "?, 1185"}},
{"type": "Feature", "geometry": {"type": "Polygon", "coordinates": [[[-51.117754, -29.686049], [-51.117759, -29.686081], [-51.117801, -29.686075], [-51.117803, -29.686075], [-51.117805, -29.686074], [-51.117806, -29.686073], [-51.117808, -29.686071], [-51.117809, -29.686069], [-51.11781, -29.686068], [-51.11781, -29.686065], [-51.117808, -29.686056], [-51.117833, -29.686052], [-51.117824, -29.686001], [-51.117795, -29.686005], [-51.117778, -29.685911], [-51.117712, -29.685921], [-51.117718, -29.685955], [-51.117691, -29.685958], [-51.117698, -29.685997], [-51.117685, -29.685998], [-51.117696, -29.686057], [-51.117754, -29.686049]]]}, "properties": {"info": {"building": "yes"}, "address": "?, 100"}},
{"type": "Feature", "geometry": {"type": "Polygon", "coordinates": [[[-51.11766, -29.685861], [-51.117795, -29.685844], [-51.11779, -29.685813], [-51.117655, -29.685829], [-51.11766, -29.685861]]]}, "properties": {"info": {"building": "yes"}, "address": "?, 100"}},
{"type": "Feature", "geometry": {"type": "Polygon", "coordinates": [[[-51.117732, -29.685795], [-51.117749, -29.685793], [-51.117743, -29.685763], [-51.117727, -29.685765], [-51.117732, -29.685795]]]}, "properties": {"info": {"building": "yes"}, "address": "?, ?"}},
{"type": "Feature", "geometry": {"type": "Polygon", "coordinates": [[[-51.118686, -29.685894], [-51.118662, -29.685894], [-51.118661, -29.68587], [-51.118644, -29.685871], [-51.118643, -29.685848], [-51.118607, -29.685849], [-51.118609, -29.685903], [-51.118623, -29.685903], [-51.118626, -29.685982], [-51.118689, -29.68598], [-51.118686, -29.685894]]]}, "properties": {"info": {"building": "yes"}, "address": "?, 24"}},
{"type": "Feature", "geometry": {"type": "Polygon", "coordinates": [[[-51.118673, -29.685831], [-51.118672, -29.685781], [-51.118604, -29.685782], [-51.118606, -29.685832], [-51.118673, -29.685831]]]}, "properties": {"info": {"building": "yes"}, "address": "?, 24"}},
{"type": "Feature", "geometry": {"type": "Polygon", "coordinates": [[[-51.118762, -29.68585], [-51.118858, -29.685842], [-51.118849, -29.685757], [-51.118751, -29.685766], [-51.118762, -29.68585]]]}, "properties": {"info": {"building": "yes"}, "address": "?, 439"}},
{"type": "Feature", "geometry": {"type": "Polygon", "coordinates": [[[-51.118777, -29.685751], [-51.118772, -29.685712], [-51.118711, -29.685719], [-51.118717, -29.685757], [-51.118777, -29.685751]]]}, "properties": {"info": {"building": "yes"}, "address": "?, 439"}},
{"type": "Feature", "geometry": {"type": "Polygon", "coordinates": [[[-51.118389, -29.685333], [-51.118419, -29.68533], [-51.118418, -29.685307], [-51.118438, -29.685306], [-51.118439, -29.685329], [-51.118477, -29.685326], [-51.118459, -29.68517], [-51.118424, -29.685172], [-51.118425, -29.68519], [-51.118392, -29.685193], [-51.118398, -29.685262], [-51.118383, -29.685263], [-51.118389, -29.685333]]]}, "properties": {"info": {"building": "yes"}, "address": "?, 1095"}},
{"type": "Feature", "geometry": {"type": "Polygon", "coordinates": [[[-51.118283, -29.685341], [-51.118277, -29.685295], [-51.118204, -29.685299], [-51.118208, -29.685347], [-51.118283, -29.685341]]]}, "properties": {"info": {"building": "yes"}, "address": "?, 583"}},
{"type": "Feature", "geometry": {"type": "Polygon", "coordinates": [[[-51.118216, -29.685295], [-51.118209, -29.685215], [-51.118114, -29.685221], [-51.118121, -29.685301], [-51.118216, -29.685295]]]}, "properties": {"info": {"building": "yes"}, "address": "?, 583"}},
{"type": "Feature", "geometry": {"type": "Polygon", "coordinates": [[[-51.118175, -29.685908], [-51.118193, -29.686028], [-51.118291, -29.68602], [-51.118278, -29.685919], [-51.118236, -29.685923], [-51.118234, -29.685904], [-51.118175, -29.685908]]]}, "properties": {"info": {"building": "yes"}, "address": "?, 60"}},
{"type": "Feature", "geometry": {"type": "Polygon", "coordinates": [[[-51.117184, -29.690216], [-51.117209, -29.690213], [-51.117211, -29.690231], [-51.117268, -29.690227], [-51.117264, -29.690186], [-51.117181, -29.690193], [-51.117184, -29.690216]]]}, "properties": {"info": {"building": "yes"}, "address": "?, 111"}},
{"type": "Feature", "geometry": {"type": "Polygon", "coordinates": [[[-51.117221, -29.690271], [-51.117219, -29.690257], [-51.117184, -29.69026], [-51.11719, -29.690316], [-51.117336, -29.690304], [-51.117331, -29.690261], [-51.117221, -29.690271]]]}, "properties": {"info": {"building": "yes"}, "address": "?, 111"}},
{"type": "Feature", "geometry": {"type": "Polygon", "coordinates": [[[-51.116304, -29.68718], [-51.116317, -29.687275], [-51.116332, -29.687273], [-51.116319, -29.687178], [-51.116304, -29.68718]]]}, "properties": {"info": {"building": "yes"}, "address": "?, 171"}},
{"type": "Feature", "geometry": {"type": "Polygon", "coordinates": [[[-51.117507, -29.690281], [-51.117527, -29.69028], [-51.11753, -29.690318], [-51.117567, -29.690317], [-51.117566, -29.690299], [-51.117605, -29.690297], [-51.117604, -29.690279], [-51.11762, -29.690279], [-51.117616, -29.690212], [-51.117583, -29.690214], [-51.117582, -29.690191], [-51.117501, -29.690195], [-51.117507, -29.690281]]]}, "properties": {"info": {"building": "yes"}, "address": "?, 99"}},
{"type": "Feature", "geometry": {"type": "Polygon", "coordinates": [[[-51.118332, -29.690572], [-51.118343, -29.690579], [-51.118359, -29.690558], [-51.118277, -29.690508], [-51.118262, -29.690527], [-51.118274, -29.690535], [-51.118257, -29.690557], [-51.118316, -29.690593], [-51.118332, -29.690572]]]}, "properties": {"info": {"building": "yes"}, "address": "?, 394"}},
{"type": "Feature", "geometry": {"type": "Polygon", "coordinates": [[[-51.118026, -29.690357], [-51.117963, -29.690359], [-51.117966, -29.690422], [-51.118017, -29.690419], [-51.118026, -29.690357]]]}, "properties": {"info": {"building": "yes"}, "address": "?, ?"}},
{"type": "Feature", "geometry": {"type": "Polygon", "coordinates": [[[-51.117964, -29.690372], [-51.117851, -29.69038], [-51.117853, -29.690429], [-51.117966, -29.690422], [-51.117964, -29.690372]]]}, "properties": {"info": {"building": "yes"}, "address": "?, ?"}},
{"type": "Feature", "geometry": {"type": "Polygon", "coordinates": [[[-51.118286, -29.690425], [-51.118249, -29.690474], [-51.118287, -29.690497], [-51.118325, -29.690448], [-51.118286, -29.690425]]]}, "properties": {"info": {"building": "yes"}, "address": "?, 388"}},
{"type": "Feature", "geometry": {"type": "Polygon", "coordinates": [[[-51.114971, -29.68999], [-51.114896, -29.690078], [-51.114962, -29.690118], [-51.115032, -29.690033], [-51.115021, -29.690027], [-51.115027, -29.690022], [-51.114971, -29.68999]]]}, "properties": {"info": {"is_agg": true, "building": "yes", "properties_agg": [{"hnum": "188", "building": "yes", "feature_id": 95675}], "geom_cmp_equals": [false], "geom_cmp_intersec": [0.8583117013573873]}, "error": 100, "address": "?, 188"}},
{"type": "Feature", "geometry": {"type": "Polygon", "coordinates": [[[-51.114895, -29.68994], [-51.114882, -29.689956], [-51.114852, -29.689938], [-51.114798, -29.690005], [-51.114849, -29.690036], [-51.114839, -29.690049], [-51.11486, -29.690062], [-51.114937, -29.689966], [-51.114895, -29.68994]]]}, "properties": {"info": {"building": "yes"}, "address": "?, 176"}},
{"type": "Feature", "geometry": {"type": "Polygon", "coordinates": [[[-51.115171, -29.690322], [-51.115114, -29.690289], [-51.115057, -29.690362], [-51.115114, -29.690396], [-51.115171, -29.690322]]]}, "properties": {"info": {"building": "yes"}, "address": "?, 313"}},
{"type": "Feature", "geometry": {"type": "Polygon", "coordinates": [[[-51.114846, -29.690251], [-51.114892, -29.690196], [-51.114885, -29.690191], [-51.114871, -29.690208], [-51.114793, -29.69016], [-51.114758, -29.690198], [-51.114846, -29.690251]]]}, "properties": {"info": {"building": "yes"}, "address": "?, 188"}},
{"type": "Feature", "geometry": {"type": "Polygon", "coordinates": [[[-51.114537, -29.689741], [-51.114507, -29.68978], [-51.114564, -29.689811], [-51.114593, -29.689771], [-51.114537, -29.689741]]]}, "properties": {"info": {"building": "yes"}, "address": "?, 144"}},
{"type": "Feature", "geometry": {"type": "Polygon", "coordinates": [[[-51.11448, -29.689702], [-51.114429, -29.689769], [-51.114417, -29.689762], [-51.114392, -29.689794], [-51.114434, -29.689819], [-51.114445, -29.689804], [-51.114475, -29.689821], [-51.11454, -29.689737], [-51.11448, -29.689702]]]}, "properties": {"info": {"is_agg": true, "building": "yes", "properties_agg": [{"hnum": "134", "building": "yes", "feature_id": 95740}], "geom_cmp_equals": [false], "geom_cmp_intersec": [0.7816881146700435]}, "error": 100, "address": "?, 134"}},
{"type": "Feature", "geometry": {"type": "Polygon", "coordinates": [[[-51.114517, -29.690296], [-51.114458, -29.69026], [-51.114449, -29.690271], [-51.114462, -29.690278], [-51.114432, -29.690316], [-51.114478, -29.690345], [-51.114517, -29.690296]]]}, "properties": {"info": {"building": "yes"}, "address": "?, 107"}},
{"type": "Feature", "geometry": {"type": "Polygon", "coordinates": [[[-51.11444, -29.690249], [-51.114401, -29.690298], [-51.114432, -29.690316], [-51.114462, -29.690278], [-51.114449, -29.690271], [-51.114458, -29.69026], [-51.11444, -29.690249]]]}, "properties": {"info": {"building": "yes"}, "address": "?, 107"}},
{"type": "Feature", "geometry": {"type": "Polygon", "coordinates": [[[-51.114633, -29.690348], [-51.114645, -29.690334], [-51.114581, -29.690294], [-51.11457, -29.690308], [-51.114633, -29.690348]]]}, "properties": {"info": {"building": "yes"}, "address": "?, 117"}},
{"type": "Feature", "geometry": {"type": "Polygon", "coordinates": [[[-51.114633, -29.690348], [-51.11457, -29.690308], [-51.114519, -29.690369], [-51.114583, -29.690409], [-51.114633, -29.690348]]]}, "properties": {"info": {"building": "yes"}, "address": "?, 117"}},
{"type": "Feature", "geometry": {"type": "Polygon", "coordinates": [[[-51.114348, -29.689751], [-51.114325, -29.68978], [-51.114378, -29.689812], [-51.1144, -29.689784], [-51.114348, -29.689751]]]}, "properties": {"info": {"building": "yes"}, "address": "?, 124"}},
{"type": "Feature", "geometry": {"type": "Polygon", "coordinates": [[[-51.114333, -29.689742], [-51.114388, -29.689776], [-51.114453, -29.689695], [-51.114399, -29.689661], [-51.114333, -29.689742]]]}, "properties": {"info": {"building": "yes"}, "address": "?, 124"}},
{"type": "Feature", "geometry": {"type": "Polygon", "coordinates": [[[-51.114182, -29.690171], [-51.114191, -29.69016], [-51.114124, -29.690119], [-51.114116, -29.690129], [-51.114182, -29.690171]]]}, "properties": {"info": {"building": "yes"}, "address": "?, 73"}},
{"type": "Feature", "geometry": {"type": "Polygon", "coordinates": [[[-51.114191, -29.69016], [-51.11427, -29.690063], [-51.114203, -29.690022], [-51.114124, -29.690119], [-51.114191, -29.69016]]]}, "properties": {"info": {"building": "yes"}, "address": "?, 73"}},
{"type": "Feature", "geometry": {"type": "Polygon", "coordinates": [[[-51.114267, -29.690053], [-51.114294, -29.69002], [-51.114235, -29.689983], [-51.114208, -29.690016], [-51.114267, -29.690053]]]}, "properties": {"info": {"building": "yes"}, "address": "?, 73"}},
{"type": "Feature", "geometry": {"type": "Polygon", "coordinates": [[[-51.119385, -29.685546], [-51.119322, -29.685551], [-51.119323, -29.685563], [-51.119297, -29.685565], [-51.119301, -29.685608], [-51.119274, -29.68561], [-51.119277, -29.685646], [-51.119393, -29.685638], [-51.119385, -29.685546]]]}, "properties": {"info": {"building": "yes"}, "address": "?, 1021"}},
{"type": "Feature", "geometry": {"type": "Polygon", "coordinates": [[[-51.119266, -29.685819], [-51.119275, -29.685898], [-51.119348, -29.685892], [-51.119338, -29.685812], [-51.119266, -29.685819]]]}, "properties": {"info": {"building": "yes"}, "address": "?, 238"}},
{"type": "Feature", "geometry": {"type": "Polygon", "coordinates": [[[-51.119246, -29.685781], [-51.11918, -29.685787], [-51.119188, -29.685863], [-51.119255, -29.685858], [-51.119246, -29.685781]]]}, "properties": {"info": {"building": "yes"}, "address": "?, 244"}},
{"type": "Feature", "geometry": {"type": "Polygon", "coordinates": [[[-51.119233, -29.68571], [-51.119172, -29.685715], [-51.119178, -29.685769], [-51.119239, -29.685764], [-51.119233, -29.68571]]]}, "properties": {"info": {"building": "yes"}, "address": "?, ?"}},
{"type": "Feature", "geometry": {"type": "Polygon", "coordinates": [[[-51.119357, -29.685266], [-51.119313, -29.68527], [-51.119326, -29.685368], [-51.11934, -29.685379], [-51.119405, -29.685373], [-51.119395, -29.685255], [-51.119356, -29.685258], [-51.119357, -29.685266]]]}, "properties": {"info": {"building": "yes"}, "address": "?, 1015"}},
{"type": "Feature", "geometry": {"type": "Polygon", "coordinates": [[[-51.119321, -29.68533], [-51.119401, -29.685323], [-51.119395, -29.685255], [-51.119313, -29.685263], [-51.119321, -29.68533]]]}, "properties": {"info": {"building": "yes"}, "address": "?, 1015"}},
{"type": "Feature", "geometry": {"type": "Polygon", "coordinates": [[[-51.113204, -29.686586], [-51.113209, -29.686622], [-51.113285, -29.686616], [-51.113275, -29.686518], [-51.113199, -29.686525], [-51.113204, -29.686586]]]}, "properties": {"info": {"building": "yes"}, "address": "?, 24"}},
{"type": "Feature", "geometry": {"type": "Polygon", "coordinates": [[[-51.113199, -29.686525], [-51.113156, -29.686528], [-51.113162, -29.686589], [-51.113204, -29.686586], [-51.113199, -29.686525]]]}, "properties": {"info": {"building": "yes"}, "address": "?, 24"}},
{"type": "Feature", "geometry": {"type": "Polygon", "coordinates": [[[-51.117878, -29.689775], [-51.117886, -29.689769], [-51.117866, -29.689749], [-51.117868, -29.689723], [-51.117859, -29.689723], [-51.117862, -29.689689], [-51.117795, -29.689685], [-51.117792, -29.689713], [-51.117725, -29.689708], [-51.117721, -29.689753], [-51.117735, -29.689754], [-51.117733, -29.68978], [-51.117792, -29.689784], [-51.117793, -29.689767], [-51.117807, -29.689768], [-51.117806, -29.689785], [-51.117876, -29.68979], [-51.117878, -29.689775]]]}, "properties": {"info": {"building": "yes"}, "address": "?, 25"}},
{"type": "Feature", "geometry": {"type": "Polygon", "coordinates": [[[-51.117685, -29.689777], [-51.117688, -29.689741], [-51.117643, -29.689738], [-51.117645, -29.689705], [-51.117651, -29.689706], [-51.117653, -29.689675], [-51.117592, -29.689671], [-51.117584, -29.68977], [-51.117685, -29.689777]]]}, "properties": {"info": {"building": "yes"}, "address": "?, ?"}},
{"type": "Feature", "geometry": {"type": "Polygon", "coordinates": [[[-51.117502, -29.689765], [-51.117584, -29.68977], [-51.117594, -29.689669], [-51.117515, -29.689662], [-51.117502, -29.689765]]]}, "properties": {"info": {"building": "yes"}, "address": "?, 416"}},
{"type": "Feature", "geometry": {"type": "Polygon", "coordinates": [[[-51.117447, -29.689554], [-51.117595, -29.689563], [-51.117599, -29.689505], [-51.117578, -29.689504], [-51.117579, -29.689491], [-51.117524, -29.689488], [-51.117454, -29.689483], [-51.117447, -29.689554]]]}, "properties": {"info": {"is_agg": true, "building": "yes", "properties_agg": [{"hnum": "426", "building": "yes", "feature_id": 97966}], "geom_cmp_equals": [true], "geom_cmp_intersec": [1]}, "error": 100, "address": "?, 426"}},
{"type": "Feature", "geometry": {"type": "Polygon", "coordinates": [[[-51.117526, -29.689468], [-51.117456, -29.689464], [-51.117454, -29.689483], [-51.117524, -29.689488], [-51.117526, -29.689468]]]}, "properties": {"info": {"building": "yes"}, "address": "?, 426"}},
{"type": "Feature", "geometry": {"type": "Polygon", "coordinates": [[[-51.117301, -29.689585], [-51.117293, -29.689649], [-51.117444, -29.689661], [-51.117447, -29.689631], [-51.117437, -29.68963], [-51.117444, -29.689568], [-51.117373, -29.689562], [-51.11737, -29.689591], [-51.117301, -29.689585]]]}, "properties": {"info": {"building": "yes"}, "address": "?, 426"}},
{"type": "Feature", "geometry": {"type": "Polygon", "coordinates": [[[-51.117588, -29.689503], [-51.117629, -29.689506], [-51.117625, -29.689536], [-51.117697, -29.689542], [-51.117696, -29.689554], [-51.117727, -29.689557], [-51.117735, -29.689485], [-51.11761, -29.689475], [-51.117591, -29.689474], [-51.117588, -29.689503]]]}, "properties": {"info": {"building": "yes"}, "address": "?, ?"}},
{"type": "Feature", "geometry": {"type": "Polygon", "coordinates": [[[-51.117639, -29.689605], [-51.117635, -29.689651], [-51.117713, -29.689656], [-51.117717, -29.689611], [-51.117639, -29.689605]]]}, "properties": {"info": {"building": "yes"}, "address": "?, ?"}},
{"type": "Feature", "geometry": {"type": "Polygon", "coordinates": [[[-51.11758, -29.689567], [-51.117578, -29.689586], [-51.117574, -29.689623], [-51.117581, -29.689624], [-51.117605, -29.689626], [-51.117612, -29.689626], [-51.117615, -29.689592], [-51.117625, -29.689592], [-51.117626, -29.689577], [-51.117767, -29.689587], [-51.117769, -29.689584], [-51.117812, -29.689529], [-51.117909, -29.689546], [-51.117951, -29.689559], [-51.117955, -29.689519], [-51.117803, -29.689496], [-51.117803, -29.68949], [-51.117788, -29.689489], [-51.117735, -29.689485], [-51.117727, -29.689557], [-51.117696, -29.689554], [-51.117697, -29.689542], [-51.117625, -29.689536], [-51.117629, -29.689506], [-51.117588, -29.689503], [-51.11758, -29.689567]]]}, "properties": {"info": {"building": "yes"}, "address": "?, ?"}},
{"type": "Feature", "geometry": {"type": "Polygon", "coordinates": [[[-51.117437, -29.689462], [-51.11733, -29.689454], [-51.117325, -29.689501], [-51.117433, -29.689509], [-51.117437, -29.689462]]]}, "properties": {"info": {"is_agg": true, "building": "yes", "properties_agg": [{"building": "yes", "feature_id": 97979}], "geom_cmp_equals": [false], "geom_cmp_intersec": [0]}, "error": 100, "address": "?, ?"}},
{"type": "Feature", "geometry": {"type": "Polygon", "coordinates": [[[-51.117585, -29.689624], [-51.117581, -29.68966], [-51.117602, -29.689662], [-51.117605, -29.689626], [-51.117585, -29.689624]]]}, "properties": {"info": {"building": "yes"}, "address": "?, ?"}},
{"type": "Feature", "geometry": {"type": "Polygon", "coordinates": [[[-51.117828, -29.689651], [-51.117796, -29.689663], [-51.117781, -29.689676], [-51.117779, -29.689687], [-51.117826, -29.68969], [-51.117828, -29.689651]]]}, "properties": {"info": {"building": "yes"}, "address": "?, ?"}},
{"type": "Feature", "geometry": {"type": "Polygon", "coordinates": [[[-51.116961, -29.688153], [-51.116962, -29.688142], [-51.116912, -29.688138], [-51.116911, -29.688149], [-51.116961, -29.688153]]]}, "properties": {"info": {"building": "yes"}, "address": "?, 70"}},
{"type": "Feature", "geometry": {"type": "Polygon", "coordinates": [[[-51.11688, -29.687897], [-51.116888, -29.687957], [-51.116965, -29.687952], [-51.116959, -29.68789], [-51.11688, -29.687897]]]}, "properties": {"info": {"building": "yes"}, "address": "?, 70"}},
{"type": "Feature", "geometry": {"type": "Polygon", "coordinates": [[[-51.116894, -29.688096], [-51.116887, -29.688026], [-51.116861, -29.688027], [-51.116855, -29.687962], [-51.116763, -29.687967], [-51.11677, -29.688043], [-51.116762, -29.688044], [-51.116766, -29.688104], [-51.116894, -29.688096]]]}, "properties": {"info": {"is_agg": true, "building": "yes", "properties_agg": [{"hnum": "80", "building": "yes", "feature_id": 98079}], "geom_cmp_equals": [true], "geom_cmp_intersec": [1]}, "error": 100, "address": "?, 80"}},
{"type": "Feature", "geometry": {"type": "Polygon", "coordinates": [[[-51.116282, -29.688076], [-51.116311, -29.688072], [-51.11632, -29.688081], [-51.116341, -29.688078], [-51.116355, -29.688087], [-51.116374, -29.688084], [-51.116384, -29.68809], [-51.116433, -29.688083], [-51.116434, -29.688093], [-51.116522, -29.688079], [-51.116521, -29.688074], [-51.11655, -29.68807], [-51.116525, -29.687942], [-51.116465, -29.687951], [-51.116473, -29.687995], [-51.116378, -29.688009], [-51.116369, -29.687962], [-51.116263, -29.687979], [-51.116282, -29.688076]]]}, "properties": {"info": {"building": "yes"}, "address": "?, 100"}},
{"type": "Feature", "geometry": {"type": "Polygon", "coordinates": [[[-51.116557, -29.688111], [-51.116552, -29.688093], [-51.116509, -29.688102], [-51.116514, -29.688117], [-51.116557, -29.688111]]]}, "properties": {"info": {"building": "yes"}, "address": "?, 100"}},
{"type": "Feature", "geometry": {"type": "Polygon", "coordinates": [[[-51.116612, -29.687756], [-51.116609, -29.687746], [-51.116557, -29.687753], [-51.11656, -29.687771], [-51.116551, -29.687772], [-51.116554, -29.687788], [-51.116551, -29.687788], [-51.116552, -29.687799], [-51.116548, -29.6878], [-51.116554, -29.687845], [-51.116653, -29.687832], [-51.116648, -29.6878], [-51.116665, -29.6878], [-51.116656, -29.687748], [-51.116612, -29.687756]]]}, "properties": {"info": {"is_agg": true, "building": "yes", "properties_agg": [{"hnum": "32", "building": "yes", "feature_id": 98082}], "geom_cmp_equals": [true], "geom_cmp_intersec": [1]}, "error": 100, "address": "?, 32"}},
{"type": "Feature", "geometry": {"type": "Polygon", "coordinates": [[[-51.116394, -29.687778], [-51.116407, -29.687875], [-51.116466, -29.687867], [-51.116447, -29.687771], [-51.116394, -29.687778]]]}, "properties": {"info": {"is_agg": true, "building": "yes", "properties_agg": [{"hnum": "22", "building": "yes", "feature_id": 98081}], "geom_cmp_equals": [true], "geom_cmp_intersec": [1]}, "error": 100, "address": "?, 22"}},
{"type": "Feature", "geometry": {"type": "Polygon", "coordinates": [[[-51.116466, -29.687867], [-51.116533, -29.687859], [-51.116532, -29.68785], [-51.116554, -29.687847], [-51.116547, -29.687795], [-51.116528, -29.687797], [-51.116519, -29.687744], [-51.116444, -29.687753], [-51.116447, -29.687771], [-51.116466, -29.687867]]]}, "properties": {"info": {"building": "yes"}, "address": "?, 22"}},
{"type": "Feature", "geometry": {"type": "Polygon", "coordinates": [[[-51.117103, -29.688158], [-51.117103, -29.688145], [-51.117049, -29.688144], [-51.117049, -29.688157], [-51.117103, -29.688158]]]}, "properties": {"info": {"building": "yes"}, "address": "?, 24"}},
{"type": "Feature", "geometry": {"type": "Polygon", "coordinates": [[[-51.116713, -29.687747], [-51.116708, -29.687747], [-51.116711, -29.687765], [-51.116709, -29.687765], [-51.116711, -29.687775], [-51.116701, -29.687776], [-51.116708, -29.687822], [-51.116806, -29.687809], [-51.116801, -29.687776], [-51.116818, -29.687774], [-51.11681, -29.687726], [-51.116782, -29.687729], [-51.116775, -29.687737], [-51.116766, -29.687738], [-51.116764, -29.687721], [-51.11671, -29.687728], [-51.116713, -29.687747]]]}, "properties": {"info": {"building": "yes"}, "address": "?, 46"}},
{"type": "Feature", "geometry": {"type": "Polygon", "coordinates": [[[-51.116705, -29.687726], [-51.116706, -29.687731], [-51.116708, -29.687733], [-51.116711, -29.687732], [-51.116726, -29.687819], [-51.116806, -29.687809], [-51.116801, -29.687775], [-51.116773, -29.687778], [-51.116764, -29.687721], [-51.116736, -29.687725], [-51.116735, -29.687722], [-51.116733, -29.68772], [-51.116707, -29.687724], [-51.116705, -29.687726]]]}, "properties": {"info": {"building": "yes"}, "address": "?, 46"}},
{"type": "Feature", "geometry": {"type": "Polygon", "coordinates": [[[-51.116668, -29.687932], [-51.116673, -29.687965], [-51.116563, -29.687979], [-51.116579, -29.688082], [-51.116618, -29.688085], [-51.116616, -29.688069], [-51.116631, -29.688067], [-51.116633, -29.68808], [-51.116669, -29.688076], [-51.116667, -29.688062], [-51.116728, -29.688054], [-51.116708, -29.687927], [-51.116668, -29.687932]]]}, "properties": {"info": {"building": "yes"}, "address": "?, 90"}},
{"type": "Feature", "geometry": {"type": "Polygon", "coordinates": [[[-51.116601, -29.687974], [-51.116603, -29.687988], [-51.116565, -29.687993], [-51.116577, -29.688073], [-51.116616, -29.688069], [-51.116667, -29.688062], [-51.116661, -29.68803], [-51.116704, -29.688024], [-51.116695, -29.687962], [-51.116673, -29.687965], [-51.116601, -29.687974]]]}, "properties": {"info": {"building": "yes"}, "address": "?, ?"}},
{"type": "Feature", "geometry": {"type": "Polygon", "coordinates": [[[-51.117243, -29.687889], [-51.117279, -29.687612], [-51.117091, -29.687634], [-51.11706, -29.687871], [-51.117243, -29.687889]]]}, "properties": {"info": {"building": "yes"}, "address": "?, 940"}},
{"type": "Feature", "geometry": {"type": "Polygon", "coordinates": [[[-51.117072, -29.687945], [-51.117072, -29.687952], [-51.117044, -29.687951], [-51.11704, -29.688091], [-51.117095, -29.688092], [-51.117098, -29.687945], [-51.117072, -29.687945]]]}, "properties": {"info": {"is_agg": true, "building": "yes", "properties_agg": [{"hnum": "24", "building": "yes", "feature_id": 98091}], "geom_cmp_equals": [true], "geom_cmp_intersec": [1]}, "error": 100, "address": "?, 24"}},
{"type": "Feature", "geometry": {"type": "Polygon", "coordinates": [[[-51.117095, -29.688092], [-51.117095, -29.68811], [-51.117151, -29.688111], [-51.117154, -29.688026], [-51.117164, -29.688027], [-51.117165, -29.688002], [-51.117157, -29.688002], [-51.117158, -29.68796], [-51.117111, -29.687959], [-51.117111, -29.687946], [-51.117098, -29.687945], [-51.117095, -29.688092]]]}, "properties": {"info": {"building": "yes"}, "address": "?, 24"}},
{"type": "Feature", "geometry": {"type": "Polygon", "coordinates": [[[-51.117232, -29.688081], [-51.117233, -29.68807], [-51.117195, -29.688068], [-51.117194, -29.688083], [-51.117167, -29.688081], [-51.117162, -29.688138], [-51.117234, -29.688142], [-51.117238, -29.688081], [-51.117232, -29.688081]]]}, "properties": {"info": {"building": "yes"}, "address": "?, 12"}},
{"type": "Feature", "geometry": {"type": "Polygon", "coordinates": [[[-51.117172, -29.688021], [-51.117168, -29.688066], [-51.117233, -29.68807], [-51.117234, -29.688059], [-51.11724, -29.688059], [-51.117243, -29.688025], [-51.117172, -29.688021]]]}, "properties": {"info": {"is_agg": true, "building": "yes", "properties_agg": [{"hnum": "998", "building": "yes", "feature_id": 98097}], "geom_cmp_equals": [false], "geom_cmp_intersec": [0.9961417696284421]}, "error": 100, "address": "?, 998"}},
{"type": "Feature", "geometry": {"type": "Polygon", "coordinates": [[[-51.117246, -29.68798], [-51.117175, -29.687976], [-51.117171, -29.688021], [-51.117243, -29.688025], [-51.117246, -29.68798]]]}, "properties": {"info": {"building": "yes"}, "address": "?, 994"}},
{"type": "Feature", "geometry": {"type": "Polygon", "coordinates": [[[-51.117253, -29.687969], [-51.117256, -29.687936], [-51.117178, -29.687931], [-51.117175, -29.687976], [-51.117246, -29.68798], [-51.117247, -29.687969], [-51.117253, -29.687969]]]}, "properties": {"info": {"building": "yes"}, "address": "?, 990"}},
{"type": "Feature", "geometry": {"type": "Polygon", "coordinates": [[[-51.117182, -29.687884], [-51.117178, -29.687931], [-51.117256, -29.687936], [-51.117259, -29.6879], [-51.117253, -29.687899], [-51.117254, -29.687888], [-51.117182, -29.687884]]]}, "properties": {"info": {"building": "yes"}, "address": "?, 986"}},
{"type": "Feature", "geometry": {"type": "Polygon", "coordinates": [[[-51.117232, -29.686783], [-51.117212, -29.686785], [-51.117216, -29.686817], [-51.117237, -29.686815], [-51.117232, -29.686783]]]}, "properties": {"info": {"building": "yes"}, "address": "?, 842"}},
{"type": "Feature", "geometry": {"type": "Polygon", "coordinates": [[[-51.117212, -29.686785], [-51.117232, -29.686783], [-51.117225, -29.68673], [-51.117164, -29.686736], [-51.117175, -29.686821], [-51.117216, -29.686817], [-51.117212, -29.686785]]]}, "properties": {"info": {"building": "yes"}, "address": "?, 842"}},
{"type": "Feature", "geometry": {"type": "Polygon", "coordinates": [[[-51.117074, -29.686745], [-51.117081, -29.686799], [-51.117143, -29.686792], [-51.117147, -29.686824], [-51.117175, -29.686821], [-51.117164, -29.686736], [-51.117074, -29.686745]]]}, "properties": {"info": {"building": "yes"}, "address": "?, 842"}},
{"type": "Feature", "geometry": {"type": "Polygon", "coordinates": [[[-51.117204, -29.686641], [-51.117211, -29.686695], [-51.117227, -29.686693], [-51.117219, -29.686639], [-51.117204, -29.686641]]]}, "properties": {"info": {"building": "yes"}, "address": "?, 824"}},
{"type": "Feature", "geometry": {"type": "Polygon", "coordinates": [[[-51.117122, -29.686649], [-51.117129, -29.686703], [-51.117211, -29.686695], [-51.117204, -29.686641], [-51.117122, -29.686649]]]}, "properties": {"info": {"building": "yes"}, "address": "?, 824"}},
{"type": "Feature", "geometry": {"type": "Polygon", "coordinates": [[[-51.117168, -29.686645], [-51.117165, -29.686624], [-51.117099, -29.686631], [-51.117102, -29.686651], [-51.117094, -29.686652], [-51.117101, -29.686706], [-51.117129, -29.686703], [-51.117122, -29.686649], [-51.117168, -29.686645]]]}, "properties": {"info": {"building": "yes"}, "address": "?, 824"}},
{"type": "Feature", "geometry": {"type": "Polygon", "coordinates": [[[-51.116884, -29.686687], [-51.116975, -29.686677], [-51.11697, -29.686644], [-51.116879, -29.686653], [-51.116884, -29.686687]]]}, "properties": {"info": {"building": "yes"}, "address": "?, 842"}},
{"type": "Feature", "geometry": {"type": "Polygon", "coordinates": [[[-51.116999, -29.686675], [-51.116994, -29.686642], [-51.11697, -29.686643], [-51.116975, -29.686677], [-51.116999, -29.686675]]]}, "properties": {"info": {"building": "yes"}, "address": "?, 842"}},
{"type": "Feature", "geometry": {"type": "Polygon", "coordinates": [[[-51.117005, -29.686722], [-51.117007, -29.68674], [-51.117074, -29.686733], [-51.117072, -29.686715], [-51.117005, -29.686722]]]}, "properties": {"info": {"building": "yes"}, "address": "?, 842"}},
{"type": "Feature", "geometry": {"type": "Polygon", "coordinates": [[[-51.116893, -29.686759], [-51.116963, -29.686752], [-51.116958, -29.686714], [-51.116888, -29.686721], [-51.116893, -29.686759]]]}, "properties": {"info": {"building": "yes"}, "address": "?, 842"}},
{"type": "Feature", "geometry": {"type": "Polygon", "coordinates": [[[-51.116908, -29.686757], [-51.116915, -29.686815], [-51.116971, -29.68681], [-51.116963, -29.686752], [-51.116908, -29.686757]]]}, "properties": {"info": {"is_agg": true, "building": "yes", "properties_agg": [{"building": "yes", "feature_id": 98114}], "geom_cmp_equals": [false], "geom_cmp_intersec": [0.0018918705558232632]}, "error": 100, "address": "?, 842"}},
{"type": "Feature", "geometry": {"type": "Polygon", "coordinates": [[[-51.116966, -29.686771], [-51.116991, -29.686768], [-51.116984, -29.686712], [-51.116958, -29.686714], [-51.116966, -29.686771]]]}, "properties": {"info": {"building": "yes"}, "address": "?, 842"}},
{"type": "Feature", "geometry": {"type": "Polygon", "coordinates": [[[-51.117005, -29.686722], [-51.117072, -29.686715], [-51.117061, -29.686635], [-51.116994, -29.686642], [-51.117005, -29.686722]]]}, "properties": {"info": {"building": "yes"}, "address": "?, 842"}},
{"type": "Feature", "geometry": {"type": "Polygon", "coordinates": [[[-51.116581, -29.686511], [-51.116655, -29.686502], [-51.116642, -29.686412], [-51.116567, -29.686421], [-51.116581, -29.686511]]]}, "properties": {"info": {"building": "yes"}, "address": "?, 231"}},
{"type": "Feature", "geometry": {"type": "Polygon", "coordinates": [[[-51.116689, -29.686498], [-51.11668, -29.686441], [-51.116647, -29.686445], [-51.116655, -29.686502], [-51.116689, -29.686498]]]}, "properties": {"info": {"building": "yes"}, "address": "?, ?"}},
{"type": "Feature", "geometry": {"type": "Polygon", "coordinates": [[[-51.116589, -29.686562], [-51.116575, -29.686563], [-51.11658, -29.686594], [-51.11665, -29.686585], [-51.116645, -29.686555], [-51.116637, -29.686504], [-51.116581, -29.686511], [-51.116589, -29.686562]]]}, "properties": {"info": {"building": "yes"}, "address": "?, 231"}},
{"type": "Feature", "geometry": {"type": "Polygon", "coordinates": [[[-51.116709, -29.686579], [-51.116701, -29.686528], [-51.116642, -29.686534], [-51.11665, -29.686585], [-51.116709, -29.686579]]]}, "properties": {"info": {"building": "yes"}, "address": "?, 231"}},
{"type": "Feature", "geometry": {"type": "Polygon", "coordinates": [[[-51.11647, -29.686454], [-51.116465, -29.686425], [-51.11641, -29.686431], [-51.116416, -29.686469], [-51.116409, -29.686469], [-51.116412, -29.686492], [-51.116419, -29.686491], [-51.116426, -29.686538], [-51.116558, -29.686522], [-51.116546, -29.686445], [-51.11647, -29.686454]]]}, "properties": {"info": {"is_agg": true, "building": "yes", "properties_agg": [{"hnum": "241", "building": "yes", "feature_id": 98141}], "geom_cmp_equals": [false], "geom_cmp_intersec": [0.7402881586396666]}, "error": 100, "address": "?, 241"}},
{"type": "Feature", "geometry": {"type": "Polygon", "coordinates": [[[-51.116193, -29.68646], [-51.116203, -29.686523], [-51.116301, -29.686511], [-51.116291, -29.686448], [-51.116193, -29.68646]]]}, "properties": {"info": {"building": "yes"}, "address": "?, 271"}},
{"type": "Feature", "geometry": {"type": "Polygon", "coordinates": [[[-51.116234, -29.686533], [-51.116246, -29.686606], [-51.116316, -29.686597], [-51.116304, -29.686524], [-51.116234, -29.686533]]]}, "properties": {"info": {"building": "yes"}, "address": "?, 811"}},
{"type": "Feature", "geometry": {"type": "Polygon", "coordinates": [[[-51.116216, -29.68661], [-51.116225, -29.686666], [-51.116325, -29.686653], [-51.116316, -29.686597], [-51.116216, -29.68661]]]}, "properties": {"info": {"building": "yes"}, "address": "?, 811"}},
{"type": "Feature", "geometry": {"type": "Polygon", "coordinates": [[[-51.1165, -29.686707], [-51.116446, -29.686716], [-51.116459, -29.686781], [-51.116471, -29.68678], [-51.116473, -29.686786], [-51.116515, -29.686778], [-51.1165, -29.686707]]]}, "properties": {"info": {"building": "yes"}, "address": "?, 146"}},
{"type": "Feature", "geometry": {"type": "Polygon", "coordinates": [[[-51.116706, -29.686629], [-51.116585, -29.686648], [-51.116599, -29.686713], [-51.116639, -29.686706], [-51.116636, -29.686693], [-51.116642, -29.686692], [-51.11666, -29.686783], [-51.116733, -29.686771], [-51.116715, -29.68668], [-51.116706, -29.686629]]]}, "properties": {"info": {"building": "yes"}, "address": "?, 134"}},
{"type": "Feature", "geometry": {"type": "Polygon", "coordinates": [[[-51.116207, -29.685645], [-51.116155, -29.685651], [-51.116163, -29.68574], [-51.116217, -29.685739], [-51.116207, -29.685645]]]}, "properties": {"info": {"building": "yes"}, "address": "?, ?"}},
{"type": "Feature", "geometry": {"type": "Polygon", "coordinates": [[[-51.116222, -29.685803], [-51.116101, -29.685814], [-51.116113, -29.685911], [-51.116234, -29.6859], [-51.116222, -29.685803]]]}, "properties": {"info": {"building": "yes"}, "address": "?, 725"}},
{"type": "Feature", "geometry": {"type": "Polygon", "coordinates": [[[-51.116118, -29.68581], [-51.116227, -29.685802], [-51.116225, -29.685781], [-51.116204, -29.685783], [-51.1162, -29.685741], [-51.116112, -29.685746], [-51.116118, -29.68581]]]}, "properties": {"info": {"building": "yes"}, "address": "?, 98"}},
{"type": "Feature", "geometry": {"type": "Polygon", "coordinates": [[[-51.116329, -29.685743], [-51.116317, -29.685743], [-51.116318, -29.685722], [-51.116255, -29.685719], [-51.116248, -29.68583], [-51.116323, -29.685833], [-51.116329, -29.685743]]]}, "properties": {"info": {"building": "yes"}, "address": "?, 72"}},
{"type": "Feature", "geometry": {"type": "Polygon", "coordinates": [[[-51.116548, -29.685778], [-51.116484, -29.68579], [-51.116499, -29.685851], [-51.116562, -29.68584], [-51.116548, -29.685778]]]}, "properties": {"info": {"building": "yes"}, "address": "?, 66"}},
{"type": "Feature", "geometry": {"type": "Polygon", "coordinates": [[[-51.116885, -29.685731], [-51.116838, -29.685739], [-51.116848, -29.685784], [-51.116895, -29.685776], [-51.116885, -29.685731]]]}, "properties": {"info": {"building": "yes"}, "address": "?, 736"}},
{"type": "Feature", "geometry": {"type": "Polygon", "coordinates": [[[-51.117045, -29.685787], [-51.117032, -29.685719], [-51.116914, -29.685736], [-51.116927, -29.685804], [-51.117045, -29.685787]]]}, "properties": {"info": {"building": "yes"}, "address": "?, 736"}},
{"type": "Feature", "geometry": {"type": "Polygon", "coordinates": [[[-51.116491, -29.685389], [-51.116442, -29.685392], [-51.116446, -29.685437], [-51.116495, -29.685434], [-51.116491, -29.685389]]]}, "properties": {"info": {"building": "yes"}, "address": "?, 1293"}},
{"type": "Feature", "geometry": {"type": "Polygon", "coordinates": [[[-51.116465, -29.685325], [-51.116394, -29.685331], [-51.1164, -29.68539], [-51.116404, -29.685389], [-51.116406, -29.68541], [-51.116436, -29.685408], [-51.116433, -29.685386], [-51.116471, -29.685383], [-51.116465, -29.685325]]]}, "properties": {"info": {"building": "yes"}, "address": "?, 1293"}},
{"type": "Feature", "geometry": {"type": "Polygon", "coordinates": [[[-51.116307, -29.685294], [-51.116248, -29.685299], [-51.11626, -29.685394], [-51.116287, -29.685391], [-51.116289, -29.685408], [-51.116321, -29.685405], [-51.116307, -29.685294]]]}, "properties": {"info": {"building": "yes"}, "address": "?, 1301"}},
{"type": "Feature", "geometry": {"type": "Polygon", "coordinates": [[[-51.116333, -29.685599], [-51.116331, -29.685568], [-51.116316, -29.685569], [-51.116311, -29.685492], [-51.116248, -29.685496], [-51.116253, -29.685573], [-51.116249, -29.685574], [-51.116251, -29.685604], [-51.116333, -29.685599]]]}, "properties": {"info": {"building": "yes"}, "address": "?, 1301"}},
{"type": "Feature", "geometry": {"type": "Polygon", "coordinates": [[[-51.116721, -29.685542], [-51.116673, -29.685552], [-51.116685, -29.685594], [-51.116733, -29.685584], [-51.116721, -29.685542]]]}, "properties": {"info": {"building": "yes"}, "address": "?, 710"}},
{"type": "Feature", "geometry": {"type": "Polygon", "coordinates": [[[-51.116381, -29.685568], [-51.116501, -29.685552], [-51.116485, -29.685457], [-51.116371, -29.685472], [-51.116381, -29.685568]]]}, "properties": {"info": {"building": "yes"}, "address": "?, 1293"}},
{"type": "Feature", "geometry": {"type": "Polygon", "coordinates": [[[-51.11609, -29.685396], [-51.116093, -29.685454], [-51.116142, -29.685452], [-51.116138, -29.685394], [-51.11609, -29.685396]]]}, "properties": {"info": {"building": "yes"}, "address": "?, ?"}},
{"type": "Feature", "geometry": {"type": "Polygon", "coordinates": [[[-51.116609, -29.685812], [-51.11661, -29.685818], [-51.116617, -29.685817], [-51.116619, -29.685826], [-51.116648, -29.685822], [-51.116647, -29.685813], [-51.116653, -29.685812], [-51.116638, -29.685727], [-51.116563, -29.685738], [-51.116569, -29.68577], [-51.116575, -29.685769], [-51.116577, -29.685779], [-51.116571, -29.68578], [-51.116577, -29.685816], [-51.116609, -29.685812]]]}, "properties": {"info": {"building": "yes"}, "address": "?, 56"}},
{"type": "Feature", "geometry": {"type": "Polygon", "coordinates": [[[-51.116452, -29.685617], [-51.116453, -29.685623], [-51.116438, -29.685625], [-51.116452, -29.685707], [-51.116487, -29.685703], [-51.116488, -29.685708], [-51.116541, -29.685701], [-51.116524, -29.685608], [-51.116452, -29.685617]]]}, "properties": {"info": {"building": "yes"}, "address": "?, ?"}},
{"type": "Feature", "geometry": {"type": "Polygon", "coordinates": [[[-51.116939, -29.685262], [-51.116906, -29.685265], [-51.116928, -29.685392], [-51.116961, -29.685389], [-51.116939, -29.685262]]]}, "properties": {"info": {"building": "yes"}, "address": "?, 676"}},
{"type": "Feature", "geometry": {"type": "Polygon", "coordinates": [[[-51.116997, -29.685267], [-51.116985, -29.685257], [-51.116939, -29.685262], [-51.116961, -29.685389], [-51.117017, -29.685383], [-51.116997, -29.685267]]]}, "properties": {"info": {"building": "yes"}, "address": "?, 676"}},
{"type": "Feature", "geometry": {"type": "Polygon", "coordinates": [[[-51.116795, -29.685405], [-51.116792, -29.685389], [-51.116801, -29.685388], [-51.116786, -29.685275], [-51.116773, -29.685276], [-51.116772, -29.685273], [-51.116741, -29.685277], [-51.116759, -29.685409], [-51.116795, -29.685405]]]}, "properties": {"info": {"building": "yes"}, "address": "?, 1255"}},
{"type": "Feature", "geometry": {"type": "Polygon", "coordinates": [[[-51.116801, -29.685388], [-51.11681, -29.685387], [-51.116813, -29.685403], [-51.116846, -29.685399], [-51.116829, -29.685273], [-51.116816, -29.685274], [-51.116816, -29.685272], [-51.116786, -29.685275], [-51.116801, -29.685388]]]}, "properties": {"info": {"building": "yes"}, "address": "?, 1249"}},
{"type": "Feature", "geometry": {"type": "Polygon", "coordinates": [[[-51.116846, -29.685399], [-51.11688, -29.685396], [-51.116878, -29.68538], [-51.116888, -29.685379], [-51.116873, -29.685271], [-51.116859, -29.685273], [-51.116859, -29.68527], [-51.116829, -29.685273], [-51.116846, -29.685399]]]}, "properties": {"info": {"building": "yes"}, "address": "?, 1245"}},
{"type": "Feature", "geometry": {"type": "Polygon", "coordinates": [[[-51.116711, -29.685287], [-51.116626, -29.685294], [-51.116636, -29.685395], [-51.116721, -29.685389], [-51.116711, -29.685287]]]}, "properties": {"info": {"building": "yes"}, "address": "?, 1267"}},
{"type": "Feature", "geometry": {"type": "Polygon", "coordinates": [[[-51.116975, -29.685406], [-51.116846, -29.685422], [-51.116857, -29.685489], [-51.1169, -29.685484], [-51.116898, -29.68547], [-51.116913, -29.685468], [-51.116918, -29.685495], [-51.116989, -29.685486], [-51.116975, -29.685406]]]}, "properties": {"info": {"building": "yes"}, "address": "?, 694"}},
{"type": "Feature", "geometry": {"type": "Polygon", "coordinates": [[[-51.116857, -29.685489], [-51.116846, -29.685422], [-51.11679, -29.68543], [-51.116803, -29.68551], [-51.116903, -29.685497], [-51.1169, -29.685484], [-51.116857, -29.685489]]]}, "properties": {"info": {"is_agg": true, "building": "yes", "properties_agg": [{"hnum": "694", "building": "yes", "feature_id": 98215}], "geom_cmp_equals": [false], "geom_cmp_intersec": [0.9563419326309349]}, "error": 100, "address": "?, 694"}},
{"type": "Feature", "geometry": {"type": "Polygon", "coordinates": [[[-51.117001, -29.685534], [-51.116967, -29.685538], [-51.116963, -29.685505], [-51.116897, -29.685511], [-51.116908, -29.6856], [-51.117008, -29.68559], [-51.117001, -29.685534]]]}, "properties": {"info": {"building": "yes"}, "address": "?, 710"}},
{"type": "Feature", "geometry": {"type": "Polygon", "coordinates": [[[-51.116903, -29.685552], [-51.116837, -29.685559], [-51.116845, -29.685609], [-51.11691, -29.685602], [-51.116903, -29.685552]]]}, "properties": {"info": {"building": "yes"}, "address": "?, 710"}},
{"type": "Feature", "geometry": {"type": "Polygon", "coordinates": [[[-51.116743, -29.685719], [-51.116744, -29.685728], [-51.1168, -29.685721], [-51.116798, -29.685712], [-51.116803, -29.685711], [-51.116827, -29.685683], [-51.116795, -29.685662], [-51.11679, -29.685663], [-51.116789, -29.685654], [-51.116762, -29.685657], [-51.116761, -29.685651], [-51.116732, -29.685654], [-51.116731, -29.685651], [-51.116719, -29.685652], [-51.116719, -29.685656], [-51.11669, -29.68566], [-51.116695, -29.685692], [-51.116685, -29.685693], [-51.11669, -29.685725], [-51.116743, -29.685719]]]}, "properties": {"info": {"is_agg": true, "building": "yes", "properties_agg": [{"hnum": "720", "building": "yes", "feature_id": 98219}], "geom_cmp_equals": [false], "geom_cmp_intersec": [0.9863978845034956]}, "error": 100, "address": "?, 720"}},
{"type": "Feature", "geometry": {"type": "Polygon", "coordinates": [[[-51.116247, -29.685564], [-51.116113, -29.685569], [-51.116112, -29.685561], [-51.11609, -29.685562], [-51.116095, -29.685644], [-51.11625, -29.685627], [-51.116247, -29.685564]]]}, "properties": {"info": {"building": "yes"}, "address": "?, ?"}},
{"type": "Feature", "geometry": {"type": "Polygon", "coordinates": [[[-51.116243, -29.685501], [-51.116211, -29.685502], [-51.116214, -29.685565], [-51.116247, -29.685564], [-51.116243, -29.685501]]]}, "properties": {"info": {"is_agg": true, "building": "yes", "properties_agg": [{"building": "yes", "feature_id": 98222}], "geom_cmp_equals": [false], "geom_cmp_intersec": [0.645101403727511]}, "error": 100, "address": "?, ?"}},
{"type": "Feature", "geometry": {"type": "Polygon", "coordinates": [[[-51.116305, -29.686184], [-51.116232, -29.686188], [-51.116237, -29.686244], [-51.11631, -29.686239], [-51.116305, -29.686184]]]}, "properties": {"info": {"building": "yes"}, "address": "?, 250"}},
{"type": "Feature", "geometry": {"type": "Polygon", "coordinates": [[[-51.116564, -29.686103], [-51.116468, -29.68611], [-51.116473, -29.686162], [-51.116492, -29.686161], [-51.116496, -29.686208], [-51.116572, -29.686206], [-51.116564, -29.686103]]]}, "properties": {"info": {"building": "yes"}, "address": "?, 230"}},
{"type": "Feature", "geometry": {"type": "Polygon", "coordinates": [[[-51.116707, -29.686191], [-51.116694, -29.686116], [-51.116685, -29.686117], [-51.116679, -29.68608], [-51.11664, -29.686085], [-51.116644, -29.686105], [-51.116629, -29.686107], [-51.116644, -29.686199], [-51.116646, -29.686199], [-51.116707, -29.686191]]]}, "properties": {"info": {"building": "yes"}, "address": "?, 216"}},
{"type": "Feature", "geometry": {"type": "Polygon", "coordinates": [[[-51.116698, -29.685931], [-51.116634, -29.685939], [-51.116653, -29.686056], [-51.116717, -29.686048], [-51.116698, -29.685931]]]}, "properties": {"info": {"building": "yes"}, "address": "?, 216"}},
{"type": "Feature", "geometry": {"type": "Polygon", "coordinates": [[[-51.116228, -29.686], [-51.116189, -29.686006], [-51.116199, -29.686056], [-51.116238, -29.68605], [-51.116228, -29.686]]]}, "properties": {"info": {"building": "yes"}, "address": "?, 250"}},
{"type": "Feature", "geometry": {"type": "Polygon", "coordinates": [[[-51.116486, -29.685958], [-51.116495, -29.686033], [-51.116549, -29.686029], [-51.116541, -29.685952], [-51.116486, -29.685958]]]}, "properties": {"info": {"building": "yes"}, "address": "?, 230"}},
{"type": "Feature", "geometry": {"type": "Polygon", "coordinates": [[[-51.116321, -29.686098], [-51.116378, -29.68609], [-51.116369, -29.686046], [-51.116314, -29.686052], [-51.116321, -29.686098]]]}, "properties": {"info": {"building": "yes"}, "address": "?, ?"}},
{"type": "Feature", "geometry": {"type": "Polygon", "coordinates": [[[-51.116153, -29.686262], [-51.116222, -29.686254], [-51.116202, -29.686135], [-51.116133, -29.686143], [-51.116153, -29.686262]]]}, "properties": {"info": {"building": "yes"}, "address": "?, 264"}},
{"type": "Feature", "geometry": {"type": "Polygon", "coordinates": [[[-51.11618, -29.685991], [-51.116111, -29.685998], [-51.116115, -29.686025], [-51.116105, -29.686026], [-51.11611, -29.686053], [-51.116118, -29.686052], [-51.116123, -29.686084], [-51.116193, -29.686078], [-51.11618, -29.685991]]]}, "properties": {"info": {"building": "yes"}, "address": "?, 769"}},
{"type": "Feature", "geometry": {"type": "Polygon", "coordinates": [[[-51.116343, -29.686173], [-51.11635, -29.686222], [-51.116407, -29.686216], [-51.116399, -29.686167], [-51.116343, -29.686173]]]}, "properties": {"info": {"building": "yes"}, "address": "?, ?"}},
{"type": "Feature", "geometry": {"type": "Polygon", "coordinates": [[[-51.117152, -29.686137], [-51.117112, -29.686142], [-51.117116, -29.686168], [-51.117156, -29.686163], [-51.117152, -29.686137]]]}, "properties": {"info": {"building": "yes"}, "address": "?, 180"}},
{"type": "Feature", "geometry": {"type": "Polygon", "coordinates": [[[-51.117019, -29.686103], [-51.117027, -29.686152], [-51.117112, -29.686142], [-51.117104, -29.686092], [-51.117019, -29.686103]]]}, "properties": {"info": {"building": "yes"}, "address": "?, 180"}},
{"type": "Feature", "geometry": {"type": "Polygon", "coordinates": [[[-51.117071, -29.685947], [-51.117015, -29.685954], [-51.117023, -29.686004], [-51.11708, -29.685997], [-51.117071, -29.685947]]]}, "properties": {"info": {"building": "yes"}, "address": "?, ?"}},
{"type": "Feature", "geometry": {"type": "Polygon", "coordinates": [[[-51.117064, -29.6859], [-51.116978, -29.68591], [-51.116994, -29.686008], [-51.117023, -29.686004], [-51.117015, -29.685954], [-51.117071, -29.685947], [-51.117064, -29.6859]]]}, "properties": {"info": {"building": "yes"}, "address": "?, 180"}},
{"type": "Feature", "geometry": {"type": "Polygon", "coordinates": [[[-51.117129, -29.685991], [-51.116994, -29.686008], [-51.116995, -29.686018], [-51.117005, -29.686017], [-51.117019, -29.686103], [-51.117104, -29.686092], [-51.117112, -29.686142], [-51.117152, -29.686137], [-51.117129, -29.685991]]]}, "properties": {"info": {"building": "yes"}, "address": "?, 174"}},
{"type": "Feature", "geometry": {"type": "Polygon", "coordinates": [[[-51.116838, -29.686086], [-51.116869, -29.686083], [-51.116862, -29.686034], [-51.116831, -29.686038], [-51.116833, -29.686051], [-51.116792, -29.686056], [-51.11679, -29.686043], [-51.116754, -29.686047], [-51.116764, -29.686114], [-51.116752, -29.686115], [-51.116759, -29.686164], [-51.1168, -29.686159], [-51.116802, -29.68617], [-51.116828, -29.686167], [-51.116827, -29.68616], [-51.116849, -29.686157], [-51.116838, -29.686086]]]}, "properties": {"info": {"building": "yes"}, "address": "?, 202"}},
{"type": "Feature", "geometry": {"type": "Polygon", "coordinates": [[[-51.116842, -29.685903], [-51.11674, -29.685915], [-51.116745, -29.685951], [-51.116806, -29.685944], [-51.116821, -29.686039], [-51.116862, -29.686034], [-51.116842, -29.685903]]]}, "properties": {"info": {"building": "yes"}, "address": "?, 43"}},
{"type": "Feature", "geometry": {"type": "Polygon", "coordinates": [[[-51.117001, -29.68604], [-51.116931, -29.686049], [-51.116927, -29.686025], [-51.116942, -29.686024], [-51.11694, -29.686011], [-51.116951, -29.68601], [-51.116942, -29.685955], [-51.116854, -29.685966], [-51.116879, -29.686116], [-51.116929, -29.68611], [-51.116938, -29.686161], [-51.116995, -29.686154], [-51.117004, -29.686143], [-51.116995, -29.686095], [-51.11701, -29.686093], [-51.117001, -29.68604]]]}, "properties": {"info": {"building": "yes"}, "address": "?, 188"}},
{"type": "Feature", "geometry": {"type": "Polygon", "coordinates": [[[-51.116995, -29.686004], [-51.116975, -29.686006], [-51.11698, -29.686032], [-51.117, -29.686029], [-51.116995, -29.686004]]]}, "properties": {"info": {"building": "yes"}, "address": "?, 188"}},
{"type": "Feature", "geometry": {"type": "Polygon", "coordinates": [[[-51.114935, -29.690158], [-51.115007, -29.690204], [-51.115039, -29.690165], [-51.114967, -29.69012], [-51.114935, -29.690158]]]}, "properties": {"info": {"building": "yes"}, "address": "?, 200"}},
{"type": "Feature", "geometry": {"type": "Polygon", "coordinates": [[[-51.114893, -29.690209], [-51.114966, -29.690253], [-51.115007, -29.690204], [-51.114935, -29.690158], [-51.114893, -29.690209]]]}, "properties": {"info": {"building": "yes"}, "address": "?, ?"}},
{"type": "Feature", "geometry": {"type": "Polygon", "coordinates": [[[-51.114926, -29.690301], [-51.114966, -29.690253], [-51.114885, -29.690204], [-51.114846, -29.690251], [-51.114926, -29.690301]]]}, "properties": {"info": {"building": "yes"}, "address": "?, ?"}},
{"type": "Feature", "geometry": {"type": "Polygon", "coordinates": [[[-51.115039, -29.690165], [-51.11507, -29.690128], [-51.114998, -29.690082], [-51.114967, -29.69012], [-51.115039, -29.690165]]]}, "properties": {"info": {"building": "yes"}, "address": "?, ?"}},
{"type": "Feature", "geometry": {"type": "Polygon", "coordinates": [[[-51.113179, -29.688686], [-51.11317, -29.688688], [-51.113164, -29.688663], [-51.113089, -29.688674], [-51.113094, -29.688717], [-51.1131, -29.688716], [-51.113103, -29.688737], [-51.113143, -29.688731], [-51.113141, -29.688725], [-51.113152, -29.688724], [-51.113154, -29.688729], [-51.113188, -29.688723], [-51.113179, -29.688686]]]}, "properties": {"info": {"building": "yes"}, "address": "?, 749"}},
{"type": "Feature", "geometry": {"type": "Polygon", "coordinates": [[[-51.113462, -29.686773], [-51.113367, -29.686841], [-51.113403, -29.686881], [-51.113418, -29.686871], [-51.113505, -29.686818], [-51.113462, -29.686773]]]}, "properties": {"info": {"building": "yes"}, "address": "?, 163"}},
{"type": "Feature", "geometry": {"type": "Polygon", "coordinates": [[[-51.113288, -29.686967], [-51.113246, -29.686924], [-51.113122, -29.687009], [-51.113146, -29.687036], [-51.11316, -29.687026], [-51.113177, -29.687044], [-51.113261, -29.686986], [-51.113288, -29.686967]]]}, "properties": {"info": {"building": "yes"}, "address": "?, 187"}},
{"type": "Feature", "geometry": {"type": "Polygon", "coordinates": [[[-51.113231, -29.689721], [-51.113239, -29.689784], [-51.113332, -29.689775], [-51.113341, -29.689765], [-51.113335, -29.68972], [-51.113324, -29.689712], [-51.113231, -29.689721]]]}, "properties": {"info": {"building": "yes"}, "address": "?, 9"}},
{"type": "Feature", "geometry": {"type": "Polygon", "coordinates": [[[-51.118839, -29.686884], [-51.118843, -29.686931], [-51.118832, -29.686932], [-51.118832, -29.686936], [-51.118838, -29.686941], [-51.118833, -29.686946], [-51.118839, -29.686951], [-51.118843, -29.686993], [-51.11891, -29.686988], [-51.118904, -29.686932], [-51.118908, -29.686932], [-51.118907, -29.686925], [-51.118904, -29.686926], [-51.1189, -29.68688], [-51.118839, -29.686884]]]}, "properties": {"info": {"building": "yes"}, "address": "?, 83"}},
{"type": "Feature", "geometry": {"type": "Polygon", "coordinates": [[[-51.118924, -29.690258], [-51.118881, -29.690312], [-51.118958, -29.690355], [-51.119001, -29.690304], [-51.118924, -29.690258]]]}, "properties": {"info": {"building": "yes"}, "address": "?, 233"}},
{"type": "Feature", "geometry": {"type": "Polygon", "coordinates": [[[-51.119317, -29.689495], [-51.119321, -29.689522], [-51.119304, -29.689524], [-51.119316, -29.689613], [-51.119364, -29.689608], [-51.119359, -29.689577], [-51.119385, -29.689574], [-51.119383, -29.689561], [-51.119413, -29.689557], [-51.119409, -29.689523], [-51.119413, -29.689523], [-51.119408, -29.689486], [-51.119317, -29.689495]]]}, "properties": {"info": {"building": "yes"}, "address": "?, 191"}},
{"type": "Feature", "geometry": {"type": "Polygon", "coordinates": [[[-51.112635, -29.687559], [-51.112627, -29.687506], [-51.112608, -29.687508], [-51.11261, -29.687521], [-51.112591, -29.687523], [-51.112591, -29.687525], [-51.112561, -29.687528], [-51.112567, -29.687567], [-51.112635, -29.687559]]]}, "properties": {"info": {"building": "yes"}, "address": "?, ?"}},
{"type": "Feature", "geometry": {"type": "Polygon", "coordinates": [[[-51.115956, -29.68791], [-51.115958, -29.687936], [-51.115959, -29.687948], [-51.115948, -29.687949], [-51.11595, -29.687976], [-51.115961, -29.687975], [-51.115968, -29.688073], [-51.116005, -29.688071], [-51.116006, -29.688082], [-51.116066, -29.688078], [-51.116063, -29.688044], [-51.116042, -29.688033], [-51.116042, -29.688024], [-51.116062, -29.688022], [-51.116061, -29.688001], [-51.116031, -29.688002], [-51.116029, -29.687983], [-51.116029, -29.687974], [-51.116038, -29.687973], [-51.116033, -29.687906], [-51.115956, -29.68791]]]}, "properties": {"info": {"is_agg": true, "building": "yes", "properties_agg": [{"hnum": "960", "building": "yes", "feature_id": 108544}], "geom_cmp_equals": [false], "geom_cmp_intersec": [0.821412074598311]}, "error": 100, "address": "?, 960"}},
{"type": "Feature", "geometry": {"type": "Polygon", "coordinates": [[[-51.114596, -29.685172], [-51.114579, -29.685174], [-51.114572, -29.685123], [-51.114543, -29.685126], [-51.114543, -29.685122], [-51.114535, -29.685123], [-51.114534, -29.685113], [-51.114465, -29.685121], [-51.114472, -29.685165], [-51.114461, -29.685166], [-51.114464, -29.685188], [-51.114475, -29.685187], [-51.114477, -29.685204], [-51.114474, -29.685204], [-51.114476, -29.685218], [-51.114479, -29.685217], [-51.114484, -29.685253], [-51.114537, -29.685247], [-51.114536, -29.685236], [-51.114604, -29.685228], [-51.114596, -29.685172]]]}, "properties": {"info": {"is_agg": true, "building": "yes", "properties_agg": [{"hnum": "1466", "building": "yes", "feature_id": 108542}], "geom_cmp_equals": [false], "geom_cmp_intersec": [0.8930971530649965]}, "error": 100, "address": "?, 1466"}},
{"type": "Feature", "geometry": {"type": "Polygon", "coordinates": [[[-51.11603, -29.687863], [-51.116031, -29.687873], [-51.11595, -29.687878], [-51.115952, -29.68791], [-51.116033, -29.687906], [-51.116037, -29.687958], [-51.116075, -29.687956], [-51.116068, -29.687861], [-51.11603, -29.687863]]]}, "properties": {"info": {"building": "yes"}, "address": "?, 960"}},
{"type": "Feature", "geometry": {"type": "Polygon", "coordinates": [[[-51.115619, -29.689248], [-51.115595, -29.689233], [-51.115607, -29.689219], [-51.115631, -29.689233], [-51.115692, -29.689158], [-51.115608, -29.689106], [-51.115556, -29.689169], [-51.115588, -29.689189], [-51.115547, -29.689239], [-51.115574, -29.689256], [-51.115562, -29.68927], [-51.115588, -29.689286], [-51.115619, -29.689248]]]}, "properties": {"info": {"building": "yes"}, "address": "?, 240"}},
{"type": "Feature", "geometry": {"type": "Polygon", "coordinates": [[[-51.115692, -29.689158], [-51.115608, -29.689106], [-51.115547, -29.689181], [-51.115631, -29.689233], [-51.115692, -29.689158]]]}, "properties": {"info": {"building": "yes"}, "address": "?, ?"}},
{"type": "Feature", "geometry": {"type": "Polygon", "coordinates": [[[-51.115584, -29.689226], [-51.115606, -29.6892], [-51.115588, -29.689189], [-51.115566, -29.689215], [-51.115584, -29.689226]]]}, "properties": {"info": {"building": "yes"}, "address": "?, ?"}},
{"type": "Feature", "geometry": {"type": "Polygon", "coordinates": [[[-51.112101, -29.687892], [-51.112174, -29.687886], [-51.112169, -29.687839], [-51.112095, -29.687843], [-51.112101, -29.687892]]]}, "properties": {"info": {"building": "yes"}, "address": "?, 660"}},
{"type": "Feature", "geometry": {"type": "Polygon", "coordinates": [[[-51.112938, -29.689986], [-51.112912, -29.69002], [-51.113005, -29.690076], [-51.113044, -29.690027], [-51.113028, -29.690017], [-51.113042, -29.69], [-51.113012, -29.689981], [-51.112938, -29.689986]]]}, "properties": {"info": {"building": "yes"}, "address": "?, 69"}},
{"type": "Feature", "geometry": {"type": "Polygon", "coordinates": [[[-51.115183, -29.689456], [-51.115131, -29.689422], [-51.115074, -29.689491], [-51.115127, -29.689524], [-51.115183, -29.689456]]]}, "properties": {"info": {"building": "yes"}, "address": "?, 215"}},
{"type": "Feature", "geometry": {"type": "Polygon", "coordinates": [[[-51.114302, -29.686438], [-51.114347, -29.68643], [-51.114345, -29.686413], [-51.114266, -29.686423], [-51.11427, -29.686443], [-51.114212, -29.68645], [-51.114229, -29.686547], [-51.114318, -29.686533], [-51.114302, -29.686438]]]}, "properties": {"info": {"building": "yes"}, "address": "?, 55"}},
{"type": "Feature", "geometry": {"type": "Polygon", "coordinates": [[[-51.11174, -29.690064], [-51.111849, -29.690118], [-51.11189, -29.690058], [-51.111773, -29.690005], [-51.11174, -29.690064]]]}, "properties": {"info": {"building": "yes"}, "address": "?, 20"}},
{"type": "Feature", "geometry": {"type": "Polygon", "coordinates": [[[-51.111765, -29.690012], [-51.111704, -29.689989], [-51.111692, -29.690015], [-51.111705, -29.690019], [-51.111694, -29.69004], [-51.11174, -29.690057], [-51.111765, -29.690012]]]}, "properties": {"info": {"building": "yes"}, "address": "?, 291"}},
{"type": "Feature", "geometry": {"type": "Polygon", "coordinates": [[[-51.113108, -29.689559], [-51.113077, -29.689562], [-51.113083, -29.689616], [-51.113114, -29.689614], [-51.113108, -29.689559]]]}, "properties": {"info": {"building": "yes"}, "address": "?, 27"}},
{"type": "Feature", "geometry": {"type": "Polygon", "coordinates": [[[-51.114955, -29.689233], [-51.114979, -29.689247], [-51.115022, -29.689194], [-51.114996, -29.689179], [-51.114955, -29.689233]]]}, "properties": {"info": {"building": "yes"}, "address": "?, 295"}},
{"type": "Feature", "geometry": {"type": "Polygon", "coordinates": [[[-51.114847, -29.689086], [-51.114775, -29.689172], [-51.1148, -29.689188], [-51.114872, -29.689102], [-51.114847, -29.689086]]]}, "properties": {"info": {"building": "yes"}, "address": "?, 305"}},
{"type": "Feature", "geometry": {"type": "Polygon", "coordinates": [[[-51.112278, -29.687455], [-51.112217, -29.687462], [-51.112216, -29.687444], [-51.112157, -29.68745], [-51.112158, -29.687467], [-51.112098, -29.687473], [-51.112113, -29.687581], [-51.112292, -29.687562], [-51.112278, -29.687455]]]}, "properties": {"info": {"is_agg": true, "building": "yes", "properties_agg": [{"building": "yes", "feature_id": 116769}], "geom_cmp_equals": [true], "geom_cmp_intersec": [1]}, "error": 100, "address": "?, ?"}},
{"type": "Feature", "geometry": {"type": "Polygon", "coordinates": [[[-51.112105, -29.687212], [-51.112114, -29.687293], [-51.112164, -29.687288], [-51.112162, -29.687272], [-51.112219, -29.687266], [-51.112213, -29.687221], [-51.112187, -29.687223], [-51.112183, -29.687205], [-51.112105, -29.687212]]]}, "properties": {"info": {"is_agg": true, "building": "yes", "properties_agg": [{"building": "yes", "feature_id": 116754}, {"building": "yes", "feature_id": 116755}], "geom_cmp_equals": [true, true], "geom_cmp_intersec": [1, 1]}, "error": 100, "address": "?, ?"}},
{"type": "Feature", "geometry": {"type": "Polygon", "coordinates": [[[-51.112105, -29.687212], [-51.112183, -29.687205], [-51.112182, -29.687175], [-51.112103, -29.687182], [-51.112105, -29.687212]]]}, "properties": {"info": {"is_agg": true, "building": "yes", "properties_agg": [{"building": "yes", "feature_id": 116752}], "geom_cmp_equals": [true], "geom_cmp_intersec": [1]}, "error": 100, "address": "?, ?"}},
{"type": "Feature", "geometry": {"type": "Polygon", "coordinates": [[[-51.112157, -29.686695], [-51.11206, -29.686706], [-51.112055, -29.686671], [-51.112021, -29.686675], [-51.112025, -29.6867], [-51.111932, -29.686711], [-51.111959, -29.686911], [-51.112048, -29.686901], [-51.112038, -29.686828], [-51.112069, -29.686826], [-51.112079, -29.686897], [-51.112186, -29.686886], [-51.112157, -29.686695]]]}, "properties": {"info": {"building": "yes"}, "address": "?, ?"}},
{"type": "Feature", "geometry": {"type": "Polygon", "coordinates": [[[-51.112192, -29.686971], [-51.112166, -29.686972], [-51.112164, -29.686954], [-51.112211, -29.68695], [-51.112204, -29.686919], [-51.112156, -29.686924], [-51.112155, -29.686941], [-51.112048, -29.68695], [-51.112043, -29.686936], [-51.112011, -29.686939], [-51.112013, -29.686951], [-51.111996, -29.686953], [-51.112001, -29.686973], [-51.112021, -29.686977], [-51.112025, -29.687006], [-51.112005, -29.687013], [-51.112009, -29.687035], [-51.112019, -29.687035], [-51.112019, -29.687044], [-51.112198, -29.687028], [-51.112192, -29.686971]]]}, "properties": {"info": {"building": "yes"}, "address": "?, ?"}},
{"type": "Feature", "geometry": {"type": "Polygon", "coordinates": [[[-51.112199, -29.687828], [-51.11232, -29.687819], [-51.112307, -29.687723], [-51.112185, -29.687733], [-51.112199, -29.687828]]]}, "properties": {"info": {"is_agg": true, "building": "yes", "properties_agg": [{"building": "yes", "feature_id": 116773}, {"building": "yes", "feature_id": 116777}], "geom_cmp_equals": [true, true], "geom_cmp_intersec": [1, 1]}, "error": 100, "address": "?, ?"}},
{"type": "Feature", "geometry": {"type": "Polygon", "coordinates": [[[-51.112596, -29.687625], [-51.112598, -29.687644], [-51.112546, -29.687649], [-51.112552, -29.687694], [-51.11265, -29.687682], [-51.11264, -29.68762], [-51.112596, -29.687625]]]}, "properties": {"info": {"is_agg": true, "building": "yes", "properties_agg": [{"building": "yes", "feature_id": 116768}], "geom_cmp_equals": [true], "geom_cmp_intersec": [1]}, "error": 100, "address": "?, ?"}},
{"type": "Feature", "geometry": {"type": "Polygon", "coordinates": [[[-51.112311, -29.688012], [-51.112304, -29.687947], [-51.112197, -29.687957], [-51.112205, -29.688022], [-51.112309, -29.688012], [-51.112311, -29.688012]]]}, "properties": {"info": {"is_agg": true, "building": "yes", "properties_agg": [{"building": "yes", "feature_id": 120109}], "geom_cmp_equals": [true], "geom_cmp_intersec": [1]}, "error": 100, "address": "?, ?"}},
{"type": "Feature", "geometry": {"type": "Polygon", "coordinates": [[[-51.112232, -29.688154], [-51.112239, -29.688201], [-51.11238, -29.688188], [-51.112374, -29.688139], [-51.112232, -29.688154]]]}, "properties": {"info": {"is_agg": true, "building": "yes", "properties_agg": [{"building": "yes", "feature_id": 116775}], "geom_cmp_equals": [true], "geom_cmp_intersec": [1]}, "error": 100, "address": "?, ?"}},
{"type": "Feature", "geometry": {"type": "Polygon", "coordinates": [[[-51.112118, -29.687738], [-51.112131, -29.687836], [-51.112199, -29.687828], [-51.112185, -29.687733], [-51.112118, -29.687738]]]}, "properties": {"info": {"is_agg": true, "building": "yes", "properties_agg": [{"building": "yes", "feature_id": 116776}], "geom_cmp_equals": [true], "geom_cmp_intersec": [1]}, "error": 100, "address": "?, ?"}},
{"type": "Feature", "geometry": {"type": "Polygon", "coordinates": [[[-51.113183, -29.689726], [-51.11319, -29.689778], [-51.113205, -29.689787], [-51.113239, -29.689784], [-51.113231, -29.689721], [-51.113183, -29.689726]]]}, "properties": {"info": {"is_agg": true, "building": "yes", "properties_agg": [{"hnum": "9", "building": "yes", "feature_id": 116815}], "geom_cmp_equals": [false], "geom_cmp_intersec": [0.860155131423184]}, "error": 100, "address": "?, 9"}},
{"type": "Feature", "geometry": {"type": "Polygon", "coordinates": [[[-51.116514, -29.690285], [-51.116614, -29.690346], [-51.116627, -29.690331], [-51.116638, -29.690315], [-51.116561, -29.690269], [-51.116538, -29.690255], [-51.116514, -29.690285]]]}, "properties": {"info": {"is_agg": true, "building": "yes", "properties_agg": [{"building": "yes", "feature_id": 116841}], "geom_cmp_equals": [true], "geom_cmp_intersec": [1]}, "error": 100, "address": "?, ?"}},
{"type": "Feature", "geometry": {"type": "Polygon", "coordinates": [[[-51.116638, -29.690315], [-51.116627, -29.690331], [-51.116658, -29.69035], [-51.116707, -29.690287], [-51.116662, -29.69026], [-51.116657, -29.690266], [-51.116631, -29.690251], [-51.116639, -29.690241], [-51.116602, -29.690218], [-51.116561, -29.690269], [-51.116638, -29.690315]]]}, "properties": {"info": {"building": "yes"}, "address": "?, 353"}},
{"type": "Feature", "geometry": {"type": "Polygon", "coordinates": [[[-51.115699, -29.690095], [-51.115679, -29.690115], [-51.115668, -29.69013], [-51.115773, -29.690194], [-51.115803, -29.690154], [-51.115748, -29.69012], [-51.115699, -29.690095]]]}, "properties": {"info": {"is_agg": true, "building": "yes", "properties_agg": [{"building": "yes", "feature_id": 120114}], "geom_cmp_equals": [true], "geom_cmp_intersec": [1]}, "error": 100, "address": "?, ?"}},
{"type": "Feature", "geometry": {"type": "Polygon", "coordinates": [[[-51.114072, -29.686553], [-51.114054, -29.686447], [-51.113962, -29.686456], [-51.113964, -29.686473], [-51.113982, -29.686565], [-51.114072, -29.686553]]]}, "properties": {"info": {"is_agg": true, "building": "yes", "properties_agg": [{"building": "yes", "feature_id": 116978}], "geom_cmp_equals": [true], "geom_cmp_intersec": [1]}, "error": 100, "address": "?, ?"}},
{"type": "Feature", "geometry": {"type": "Polygon", "coordinates": [[[-51.113025, -29.687099], [-51.113107, -29.687189], [-51.113216, -29.687114], [-51.113184, -29.687078], [-51.113159, -29.687096], [-51.113141, -29.687076], [-51.113166, -29.687058], [-51.113134, -29.687023], [-51.113025, -29.687099]]]}, "properties": {"info": {"building": "yes"}, "address": "?, ?"}},
{"type": "Feature", "geometry": {"type": "Polygon", "coordinates": [[[-51.113177, -29.687141], [-51.113224, -29.687191], [-51.113262, -29.687164], [-51.113216, -29.687114], [-51.113177, -29.687141]]]}, "properties": {"info": {"building": "yes"}, "address": "?, ?"}},
{"type": "Feature", "geometry": {"type": "Polygon", "coordinates": [[[-51.118302, -29.688449], [-51.118301, -29.688454], [-51.118318, -29.688455], [-51.118315, -29.688483], [-51.118458, -29.688493], [-51.118459, -29.688474], [-51.118476, -29.688475], [-51.118478, -29.68846], [-51.118489, -29.688461], [-51.118491, -29.68843], [-51.118464, -29.688428], [-51.118466, -29.688399], [-51.118363, -29.688391], [-51.118362, -29.688409], [-51.118297, -29.688405], [-51.118295, -29.68842], [-51.11827, -29.688418], [-51.118268, -29.688447], [-51.118302, -29.688449]]]}, "properties": {"info": {"building": "yes"}, "address": "?, 180"}},
{"type": "Feature", "geometry": {"type": "Polygon", "coordinates": [[[-51.115176, -29.686877], [-51.115179, -29.686903], [-51.115218, -29.686899], [-51.115216, -29.686874], [-51.115176, -29.686877]]]}, "properties": {"info": {"building": "yes"}, "address": "?, ?"}},
{"type": "Feature", "geometry": {"type": "Polygon", "coordinates": [[[-51.115169, -29.686817], [-51.115138, -29.68682], [-51.1151, -29.686824], [-51.115066, -29.686827], [-51.115068, -29.68685], [-51.115076, -29.686912], [-51.115179, -29.686903], [-51.115169, -29.686817]]]}, "properties": {"info": {"building": "yes"}, "address": "?, 252"}},
{"type": "Feature", "geometry": {"type": "Polygon", "coordinates": [[[-51.115167, -29.687066], [-51.115154, -29.686959], [-51.115081, -29.686966], [-51.115087, -29.687015], [-51.115094, -29.687073], [-51.115167, -29.687066]]]}, "properties": {"info": {"building": "yes"}, "address": "?, 320"}},
{"type": "Feature", "geometry": {"type": "Polygon", "coordinates": [[[-51.118952, -29.686396], [-51.118929, -29.686397], [-51.11891, -29.68641], [-51.118899, -29.686429], [-51.1189, -29.686449], [-51.118957, -29.686445], [-51.118952, -29.686396]]]}, "properties": {"info": {"building": "yes"}, "address": "?, 31"}},
{"type": "Feature", "geometry": {"type": "Polygon", "coordinates": [[[-51.118908, -29.686877], [-51.1189, -29.686783], [-51.118751, -29.686793], [-51.118755, -29.686841], [-51.11877, -29.68684], [-51.118774, -29.686886], [-51.118908, -29.686877]]]}, "properties": {"info": {"building": "yes"}, "address": "?, 77"}},
{"type": "Feature", "geometry": {"type": "Polygon", "coordinates": [[[-51.118921, -29.686141], [-51.118844, -29.686146], [-51.11885, -29.686217], [-51.118896, -29.686215], [-51.118897, -29.686233], [-51.118929, -29.686231], [-51.118921, -29.686141]]]}, "properties": {"info": {"is_agg": true, "building": "yes", "properties_agg": [{"building": "yes", "feature_id": 120933}], "geom_cmp_equals": [false], "geom_cmp_intersec": [0.9351293441818233]}, "error": 100, "address": "?, ?"}},
{"type": "Feature", "geometry": {"type": "Polygon", "coordinates": [[[-51.119001, -29.686821], [-51.118975, -29.686823], [-51.118946, -29.686852], [-51.118948, -29.686874], [-51.119005, -29.686871], [-51.119001, -29.686821]]]}, "properties": {"info": {"building": "yes"}, "address": "?, ?"}},
{"type": "Feature", "geometry": {"type": "Polygon", "coordinates": [[[-51.118728, -29.688434], [-51.11872, -29.68852], [-51.118829, -29.688527], [-51.118833, -29.68848], [-51.118843, -29.688481], [-51.118846, -29.688442], [-51.118728, -29.688434]]]}, "properties": {"info": {"building": "yes"}, "address": "?, 172"}},
{"type": "Feature", "geometry": {"type": "Polygon", "coordinates": [[[-51.118839, -29.688528], [-51.118843, -29.688481], [-51.118858, -29.688482], [-51.118862, -29.688443], [-51.118803, -29.688439], [-51.1188, -29.688476], [-51.118725, -29.688471], [-51.11872, -29.68852], [-51.118839, -29.688528]]]}, "properties": {"info": {"building": "yes"}, "address": "?, 172"}},
{"type": "Feature", "geometry": {"type": "Polygon", "coordinates": [[[-51.11818, -29.689375], [-51.118253, -29.689379], [-51.118257, -29.689317], [-51.118249, -29.689316], [-51.118184, -29.689312], [-51.118184, -29.689323], [-51.11818, -29.689375]]]}, "properties": {"info": {"building": "yes"}, "address": "?, 312"}},
{"type": "Feature", "geometry": {"type": "Polygon", "coordinates": [[[-51.118338, -29.689305], [-51.118336, -29.689331], [-51.11832, -29.689331], [-51.11832, -29.689339], [-51.118358, -29.689341], [-51.118361, -29.689305], [-51.118338, -29.689305]]]}, "properties": {"info": {"building": "yes"}, "address": "?, 302"}},
{"type": "Feature", "geometry": {"type": "Polygon", "coordinates": [[[-51.118258, -29.689304], [-51.118255, -29.689357], [-51.118272, -29.689358], [-51.118275, -29.689306], [-51.118258, -29.689304]]]}, "properties": {"info": {"building": "yes"}, "address": "?, 302"}},
{"type": "Feature", "geometry": {"type": "Polygon", "coordinates": [[[-51.118606, -29.689778], [-51.118606, -29.689739], [-51.118506, -29.689738], [-51.118512, -29.689778], [-51.118606, -29.689778]]]}, "properties": {"info": {"building": "yes"}, "address": "?, ?"}},
{"type": "Feature", "geometry": {"type": "Polygon", "coordinates": [[[-51.118519, -29.688859], [-51.118404, -29.68885], [-51.118412, -29.688768], [-51.118228, -29.688754], [-51.118218, -29.688856], [-51.1184, -29.68887], [-51.118396, -29.688906], [-51.118514, -29.688914], [-51.118519, -29.688859]]]}, "properties": {"info": {"building": "yes"}, "address": "?, 130"}},
{"type": "Feature", "geometry": {"type": "Polygon", "coordinates": [[[-51.118268, -29.68898], [-51.118267, -29.688994], [-51.118357, -29.689], [-51.118362, -29.688948], [-51.118359, -29.688948], [-51.118364, -29.688901], [-51.118297, -29.688896], [-51.118292, -29.688943], [-51.11821, -29.688937], [-51.118206, -29.688976], [-51.118268, -29.68898]]]}, "properties": {"info": {"building": "yes"}, "address": "?, 118"}},
{"type": "Feature", "geometry": {"type": "Polygon", "coordinates": [[[-51.118897, -29.688225], [-51.118853, -29.688236], [-51.11885, -29.688276], [-51.118788, -29.688272], [-51.118782, -29.688335], [-51.118886, -29.688343], [-51.118897, -29.688225]]]}, "properties": {"info": {"is_agg": true, "building": "yes", "properties_agg": [{"hnum": "152", "building": "yes", "feature_id": 121017}], "geom_cmp_equals": [true], "geom_cmp_intersec": [1]}, "error": 100, "address": "?, 152"}},
{"type": "Feature", "geometry": {"type": "Polygon", "coordinates": [[[-51.118788, -29.688272], [-51.118782, -29.688335], [-51.118833, -29.688339], [-51.118835, -29.68831], [-51.118837, -29.68831], [-51.11884, -29.688276], [-51.118788, -29.688272]]]}, "properties": {"info": {"building": "yes"}, "address": "?, 152"}},
{"type": "Feature", "geometry": {"type": "Polygon", "coordinates": [[[-51.118804, -29.689082], [-51.118801, -29.68908], [-51.118803, -29.689063], [-51.118782, -29.689061], [-51.118753, -29.68903], [-51.118733, -29.689029], [-51.118731, -29.689046], [-51.11869, -29.689075], [-51.118716, -29.689102], [-51.118714, -29.689126], [-51.118741, -29.689129], [-51.118772, -29.689105], [-51.118801, -29.689108], [-51.118804, -29.689082]]]}, "properties": {"info": {"is_agg": true, "building": "yes", "properties_agg": [{"hnum": "230", "building": "yes", "feature_id": 121024}], "geom_cmp_equals": [false], "geom_cmp_intersec": [0.8602425759609318]}, "error": 100, "address": "?, 230"}},
{"type": "Feature", "geometry": {"type": "Polygon", "coordinates": [[[-51.118297, -29.688996], [-51.118296, -29.689009], [-51.118249, -29.689006], [-51.118246, -29.689045], [-51.118256, -29.689045], [-51.118251, -29.689092], [-51.118332, -29.689098], [-51.118333, -29.689085], [-51.118371, -29.689087], [-51.118374, -29.689054], [-51.118387, -29.689055], [-51.118392, -29.689003], [-51.118297, -29.688996]]]}, "properties": {"info": {"building": "yes"}, "address": "?, 108"}},
{"type": "Feature", "geometry": {"type": "Polygon", "coordinates": [[[-51.118757, -29.688732], [-51.118755, -29.68875], [-51.118682, -29.688744], [-51.118676, -29.688806], [-51.118714, -29.688809], [-51.118712, -29.688828], [-51.118786, -29.688834], [-51.118788, -29.688817], [-51.118794, -29.688818], [-51.118796, -29.688798], [-51.118794, -29.688798], [-51.118795, -29.688788], [-51.118814, -29.688789], [-51.11882, -29.688737], [-51.118757, -29.688732]]]}, "properties": {"info": {"is_agg": true, "building": "yes", "properties_agg": [{"hnum": "202", "building": "yes", "feature_id": 121073}], "geom_cmp_equals": [false], "geom_cmp_intersec": [0.837328490215891]}, "error": 100, "address": "?, 202"}},
{"type": "Feature", "geometry": {"type": "Polygon", "coordinates": [[[-51.11869, -29.688827], [-51.118683, -29.688897], [-51.118762, -29.688903], [-51.118762, -29.688894], [-51.118813, -29.688897], [-51.118819, -29.688837], [-51.11869, -29.688827]]]}, "properties": {"info": {"is_agg": true, "building": "yes", "properties_agg": [{"hnum": "210", "building": "yes", "feature_id": 121077}], "geom_cmp_equals": [false], "geom_cmp_intersec": [0.9727967749801083]}, "error": 100, "address": "?, 210"}},
{"type": "Feature", "geometry": {"type": "Polygon", "coordinates": [[[-51.118576, -29.690142], [-51.118516, -29.69021], [-51.118601, -29.690267], [-51.118583, -29.690286], [-51.118618, -29.690308], [-51.118648, -29.690273], [-51.118636, -29.690265], [-51.118682, -29.69021], [-51.118576, -29.690142]]]}, "properties": {"info": {"building": "yes"}, "address": "?, 248"}},
{"type": "Feature", "geometry": {"type": "Polygon", "coordinates": [[[-51.118576, -29.690142], [-51.118513, -29.690103], [-51.118454, -29.690168], [-51.118516, -29.69021], [-51.118576, -29.690142]]]}, "properties": {"info": {"building": "yes"}, "address": "?, 248"}},
{"type": "Feature", "geometry": {"type": "Polygon", "coordinates": [[[-51.118388, -29.690121], [-51.118457, -29.690166], [-51.118513, -29.690103], [-51.118488, -29.690088], [-51.118478, -29.6901], [-51.118431, -29.690067], [-51.118388, -29.690121]]]}, "properties": {"info": {"building": "yes"}, "address": "?, 248"}},
{"type": "Feature", "geometry": {"type": "Polygon", "coordinates": [[[-51.118895, -29.68989], [-51.118884, -29.689812], [-51.118821, -29.689818], [-51.118831, -29.689897], [-51.118895, -29.68989]]]}, "properties": {"info": {"building": "yes"}, "address": "?, 361"}},
{"type": "Feature", "geometry": {"type": "Polygon", "coordinates": [[[-51.118148, -29.690011], [-51.118167, -29.689989], [-51.118099, -29.689945], [-51.118082, -29.689968], [-51.118148, -29.690011]]]}, "properties": {"info": {"building": "yes"}, "address": "?, 52"}},
{"type": "Feature", "geometry": {"type": "Polygon", "coordinates": [[[-51.118626, -29.689696], [-51.118593, -29.689704], [-51.118601, -29.689729], [-51.118634, -29.689721], [-51.118626, -29.689696]]]}, "properties": {"info": {"building": "yes"}, "address": "?, 277"}},
{"type": "Feature", "geometry": {"type": "Polygon", "coordinates": [[[-51.118615, -29.689575], [-51.118506, -29.689587], [-51.11852, -29.689686], [-51.11863, -29.689673], [-51.118615, -29.689575]]]}, "properties": {"info": {"building": "yes"}, "address": "?, 277"}},
{"type": "Feature", "geometry": {"type": "Polygon", "coordinates": [[[-51.11887, -29.689643], [-51.118858, -29.689569], [-51.118873, -29.689567], [-51.118868, -29.689539], [-51.118776, -29.68955], [-51.118795, -29.689665], [-51.118813, -29.689663], [-51.118811, -29.68965], [-51.11887, -29.689643]]]}, "properties": {"info": {"building": "yes"}, "address": "?, 249"}},
{"type": "Feature", "geometry": {"type": "Polygon", "coordinates": [[[-51.118735, -29.689943], [-51.118703, -29.689987], [-51.118727, -29.690001], [-51.118714, -29.690017], [-51.11876, -29.690043], [-51.118805, -29.689982], [-51.118735, -29.689943]]]}, "properties": {"info": {"building": "yes"}, "address": "?, 349"}},
{"type": "Feature", "geometry": {"type": "Polygon", "coordinates": [[[-51.119183, -29.690138], [-51.119159, -29.690124], [-51.119147, -29.690139], [-51.119103, -29.690112], [-51.119063, -29.690162], [-51.119115, -29.690193], [-51.119131, -29.690173], [-51.119147, -29.690183], [-51.119183, -29.690138]]]}, "properties": {"info": {"building": "yes"}, "address": "?, 213"}},
{"type": "Feature", "geometry": {"type": "Polygon", "coordinates": [[[-51.119404, -29.689684], [-51.119349, -29.68968], [-51.119346, -29.689717], [-51.1194, -29.689721], [-51.119404, -29.689684]]]}, "properties": {"info": {"building": "yes"}, "address": "?, 191"}},
{"type": "Feature", "geometry": {"type": "Polygon", "coordinates": [[[-51.119208, -29.68948], [-51.119163, -29.689485], [-51.119171, -29.689532], [-51.119213, -29.689529], [-51.119208, -29.68948]]]}, "properties": {"info": {"building": "yes"}, "address": "?, 211"}},
{"type": "Feature", "geometry": {"type": "Polygon", "coordinates": [[[-51.119252, -29.690158], [-51.119294, -29.690267], [-51.11939, -29.690239], [-51.119387, -29.690227], [-51.119433, -29.690214], [-51.119397, -29.690114], [-51.119252, -29.690158]]]}, "properties": {"info": {"is_agg": true, "building": "yes", "properties_agg": [{"hnum": "98", "building": "yes", "feature_id": 122005}], "geom_cmp_equals": [true], "geom_cmp_intersec": [1]}, "error": 100, "address": "?, 98"}},
{"type": "Feature", "geometry": {"type": "Polygon", "coordinates": [[[-51.119007, -29.690163], [-51.11898, -29.690145], [-51.11894, -29.690192], [-51.119027, -29.690249], [-51.119069, -29.690199], [-51.119055, -29.69019], [-51.119071, -29.690171], [-51.119025, -29.690141], [-51.119007, -29.690163]]]}, "properties": {"info": {"building": "yes"}, "address": "?, 223"}},
{"type": "Feature", "geometry": {"type": "Polygon", "coordinates": [[[-51.114682, -29.685532], [-51.114682, -29.685534], [-51.114758, -29.685525], [-51.114743, -29.685434], [-51.114687, -29.685442], [-51.114685, -29.68543], [-51.114524, -29.685451], [-51.11454, -29.685547], [-51.114682, -29.685532]]]}, "properties": {"info": {"building": "yes"}, "address": "?, 1465"}},
{"type": "Feature", "geometry": {"type": "Polygon", "coordinates": [[[-51.114819, -29.68551], [-51.114826, -29.68551], [-51.11483, -29.685547], [-51.114884, -29.685543], [-51.114872, -29.685417], [-51.114811, -29.685421], [-51.114819, -29.68551]]]}, "properties": {"info": {"building": "yes"}, "address": "?, 1447"}},
{"type": "Feature", "geometry": {"type": "Polygon", "coordinates": [[[-51.114921, -29.685629], [-51.114916, -29.685541], [-51.114885, -29.685543], [-51.114888, -29.68559], [-51.114864, -29.685591], [-51.114866, -29.685631], [-51.114921, -29.685629]]]}, "properties": {"info": {"building": "yes"}, "address": "?, 1447"}},
{"type": "Feature", "geometry": {"type": "Polygon", "coordinates": [[[-51.114995, -29.685405], [-51.114931, -29.68541], [-51.114935, -29.685463], [-51.114921, -29.685464], [-51.114928, -29.685545], [-51.114971, -29.685543], [-51.114969, -29.685518], [-51.115006, -29.685515], [-51.114995, -29.685405]]]}, "properties": {"info": {"building": "yes"}, "address": "?, 1435"}},
{"type": "Feature", "geometry": {"type": "Polygon", "coordinates": [[[-51.115105, -29.685523], [-51.115024, -29.685528], [-51.115031, -29.685616], [-51.115112, -29.685611], [-51.115105, -29.685523]]]}, "properties": {"info": {"building": "yes"}, "address": "?, 307"}},
{"type": "Feature", "geometry": {"type": "Polygon", "coordinates": [[[-51.114947, -29.685678], [-51.11502, -29.685673], [-51.115015, -29.685625], [-51.115031, -29.685625], [-51.115027, -29.685563], [-51.114938, -29.685568], [-51.114947, -29.685678]]]}, "properties": {"info": {"building": "yes"}, "address": "?, 1435"}},
{"type": "Feature", "geometry": {"type": "Polygon", "coordinates": [[[-51.115087, -29.685692], [-51.114973, -29.6857], [-51.114979, -29.685769], [-51.115093, -29.685761], [-51.115087, -29.685692]]]}, "properties": {"info": {"building": "yes"}, "address": "?, 297"}},
{"type": "Feature", "geometry": {"type": "Polygon", "coordinates": [[[-51.114955, -29.685733], [-51.11495, -29.685678], [-51.114837, -29.685687], [-51.114843, -29.685741], [-51.114955, -29.685733]]]}, "properties": {"info": {"building": "yes"}, "address": "?, 297"}},
{"type": "Feature", "geometry": {"type": "Polygon", "coordinates": [[[-51.114925, -29.685749], [-51.114853, -29.685751], [-51.114857, -29.685831], [-51.114927, -29.685828], [-51.114925, -29.685749]]]}, "properties": {"info": {"building": "yes"}, "address": "?, 297"}},
{"type": "Feature", "geometry": {"type": "Polygon", "coordinates": [[[-51.115003, -29.685891], [-51.115, -29.685834], [-51.114942, -29.685836], [-51.114945, -29.685893], [-51.115003, -29.685891]]]}, "properties": {"info": {"building": "yes"}, "address": "?, 265"}},
{"type": "Feature", "geometry": {"type": "Polygon", "coordinates": [[[-51.115112, -29.685905], [-51.115106, -29.685845], [-51.115019, -29.685852], [-51.115025, -29.685912], [-51.115112, -29.685905]]]}, "properties": {"info": {"building": "yes"}, "address": "?, 265"}},
{"type": "Feature", "geometry": {"type": "Polygon", "coordinates": [[[-51.115015, -29.686139], [-51.115013, -29.686111], [-51.114959, -29.686114], [-51.114962, -29.686142], [-51.115015, -29.686139]]]}, "properties": {"info": {"building": "yes"}, "address": "?, 231"}},
{"type": "Feature", "geometry": {"type": "Polygon", "coordinates": [[[-51.11519, -29.686421], [-51.115188, -29.686402], [-51.115153, -29.686405], [-51.115144, -29.686329], [-51.115108, -29.686333], [-51.11511, -29.686352], [-51.115013, -29.68636], [-51.115023, -29.686442], [-51.11519, -29.686421]]]}, "properties": {"info": {"building": "yes"}, "address": "?, 211"}},
{"type": "Feature", "geometry": {"type": "Polygon", "coordinates": [[[-51.115168, -29.686538], [-51.115161, -29.686495], [-51.115136, -29.686499], [-51.115124, -29.686429], [-51.115064, -29.686437], [-51.115076, -29.686506], [-51.115048, -29.68651], [-51.115056, -29.686553], [-51.115168, -29.686538]]]}, "properties": {"info": {"building": "yes"}, "address": "?, ?"}},
{"type": "Feature", "geometry": {"type": "Polygon", "coordinates": [[[-51.115062, -29.68618], [-51.115066, -29.686225], [-51.115, -29.686231], [-51.115005, -29.686257], [-51.115072, -29.686253], [-51.11508, -29.686253], [-51.115083, -29.686286], [-51.114993, -29.686295], [-51.115001, -29.686343], [-51.115138, -29.68633], [-51.115123, -29.686177], [-51.115062, -29.68618]]]}, "properties": {"info": {"building": "yes"}, "address": "?, 221"}},
{"type": "Feature", "geometry": {"type": "Polygon", "coordinates": [[[-51.115964, -29.690018], [-51.115938, -29.690051], [-51.115979, -29.690076], [-51.116043, -29.689996], [-51.115993, -29.689965], [-51.115961, -29.690004], [-51.115964, -29.690018]]]}, "properties": {"info": {"building": "yes"}, "address": "?, ?"}},
{"type": "Feature", "geometry": {"type": "Polygon", "coordinates": [[[-51.115925, -29.689958], [-51.115867, -29.689923], [-51.115868, -29.689921], [-51.11584, -29.689903], [-51.115847, -29.689894], [-51.115823, -29.68988], [-51.115793, -29.689917], [-51.115834, -29.689942], [-51.115808, -29.689974], [-51.115857, -29.690003], [-51.115876, -29.689978], [-51.115898, -29.689992], [-51.115925, -29.689958]]]}, "properties": {"info": {"is_agg": true, "building": "yes", "properties_agg": [{"hnum": "380", "building": "yes", "feature_id": 122158}], "geom_cmp_equals": [false], "geom_cmp_intersec": [0.7883606536023814]}, "error": 100, "address": "?, ?"}},
{"type": "Feature", "geometry": {"type": "Polygon", "coordinates": [[[-51.114633, -29.685631], [-51.114704, -29.685622], [-51.114693, -29.685555], [-51.114566, -29.68557], [-51.114581, -29.685668], [-51.114638, -29.685661], [-51.114633, -29.685631]]]}, "properties": {"info": {"building": "yes"}, "address": "?, 66"}},
{"type": "Feature", "geometry": {"type": "Polygon", "coordinates": [[[-51.114826, -29.685638], [-51.114819, -29.685594], [-51.114702, -29.685608], [-51.114704, -29.685622], [-51.114668, -29.685626], [-51.114673, -29.685657], [-51.114826, -29.685638]]]}, "properties": {"info": {"building": "yes"}, "address": "?, 66"}},
{"type": "Feature", "geometry": {"type": "Polygon", "coordinates": [[[-51.11263, -29.68756], [-51.112505, -29.687575], [-51.112514, -29.687632], [-51.112507, -29.687633], [-51.112518, -29.6877], [-51.112552, -29.687695], [-51.112546, -29.68765], [-51.112598, -29.687645], [-51.112596, -29.687627], [-51.11264, -29.687621], [-51.11263, -29.68756]]]}, "properties": {"info": {"building": "yes"}, "address": "?, 605"}},
{"type": "Feature", "geometry": {"type": "Polygon", "coordinates": [[[-51.112567, -29.687567], [-51.112561, -29.687528], [-51.112591, -29.687525], [-51.112579, -29.687439], [-51.112534, -29.687444], [-51.112535, -29.687454], [-51.112502, -29.687458], [-51.112502, -29.687453], [-51.112485, -29.687454], [-51.112486, -29.68746], [-51.11247, -29.687462], [-51.112479, -29.687524], [-51.112495, -29.687523], [-51.112502, -29.687574], [-51.112567, -29.687567]]]}, "properties": {"info": {"building": "yes"}, "address": "?, 559"}},
{"type": "Feature", "geometry": {"type": "Polygon", "coordinates": [[[-51.115974, -29.68934], [-51.115888, -29.689287], [-51.115788, -29.68941], [-51.115874, -29.689463], [-51.115974, -29.68934]]]}, "properties": {"info": {"building": "yes"}, "address": "?, 200"}},
{"type": "Feature", "geometry": {"type": "Polygon", "coordinates": [[[-51.115749, -29.689428], [-51.11577, -29.689402], [-51.115706, -29.689362], [-51.115684, -29.689387], [-51.115749, -29.689428]]]}, "properties": {"info": {"building": "yes"}, "address": "?, 244"}},
{"type": "Feature", "geometry": {"type": "Polygon", "coordinates": [[[-51.115764, -29.689076], [-51.11574, -29.689105], [-51.115825, -29.689158], [-51.115845, -29.689127], [-51.115764, -29.689076]]]}, "properties": {"info": {"building": "yes"}, "address": "?, 244"}},
{"type": "Feature", "geometry": {"type": "Polygon", "coordinates": [[[-51.115774, -29.689183], [-51.115767, -29.689178], [-51.115731, -29.689227], [-51.115798, -29.689269], [-51.115848, -29.689206], [-51.115809, -29.689181], [-51.115785, -29.689166], [-51.115774, -29.689183]]]}, "properties": {"info": {"is_agg": true, "building": "yes", "properties_agg": [{"building": "yes", "feature_id": 128194}], "geom_cmp_equals": [false], "geom_cmp_intersec": [0.6409675085605202]}, "error": 100, "address": "?, ?"}},
{"type": "Feature", "geometry": {"type": "Polygon", "coordinates": [[[-51.115845, -29.689127], [-51.115825, -29.689158], [-51.115865, -29.689184], [-51.115926, -29.689219], [-51.115962, -29.689174], [-51.115859, -29.689109], [-51.115845, -29.689127]]]}, "properties": {"info": {"is_agg": true, "building": "yes", "properties_agg": [{"building": "yes", "feature_id": 128196}], "geom_cmp_equals": [true], "geom_cmp_intersec": [1]}, "error": 100, "address": "?, ?"}},
{"type": "Feature", "geometry": {"type": "Polygon", "coordinates": [[[-51.116003, -29.689199], [-51.115962, -29.689174], [-51.115922, -29.689224], [-51.115962, -29.689249], [-51.116003, -29.689199]]]}, "properties": {"info": {"is_agg": true, "building": "yes", "properties_agg": [{"building": "yes", "feature_id": 128195}], "geom_cmp_equals": [true], "geom_cmp_intersec": [1]}, "error": 100, "address": "?, ?"}},
{"type": "Feature", "geometry": {"type": "Polygon", "coordinates": [[[-51.116122, -29.689018], [-51.116114, -29.689034], [-51.116155, -29.689057], [-51.116177, -29.689028], [-51.116137, -29.689003], [-51.116122, -29.689018]]]}, "properties": {"info": {"is_agg": true, "building": "yes", "properties_agg": [{"building": "yes", "feature_id": 128199}], "geom_cmp_equals": [true], "geom_cmp_intersec": [1]}, "error": 100, "address": "?, ?"}},
{"type": "Feature", "geometry": {"type": "Polygon", "coordinates": [[[-51.116188, -29.689013], [-51.116158, -29.688993], [-51.116147, -29.689009], [-51.116177, -29.689028], [-51.116188, -29.689013]]]}, "properties": {"info": {"is_agg": true, "building": "yes", "properties_agg": [{"hnum": "101", "building": "yes", "feature_id": 128200}], "geom_cmp_equals": [true], "geom_cmp_intersec": [1]}, "error": 100, "address": "?, 101"}},
{"type": "Feature", "geometry": {"type": "Polygon", "coordinates": [[[-51.116188, -29.689013], [-51.116155, -29.689057], [-51.116114, -29.689034], [-51.116122, -29.689018], [-51.116102, -29.689006], [-51.116056, -29.689063], [-51.11608, -29.689078], [-51.116027, -29.689143], [-51.116078, -29.689176], [-51.116124, -29.689115], [-51.11614, -29.689125], [-51.116164, -29.689097], [-51.116181, -29.689107], [-51.116235, -29.689041], [-51.116188, -29.689013]]]}, "properties": {"info": {"building": "yes"}, "address": "?, 101"}},
{"type": "Feature", "geometry": {"type": "Polygon", "coordinates": [[[-51.116034, -29.688896], [-51.115957, -29.688992], [-51.116059, -29.689054], [-51.116135, -29.688959], [-51.116034, -29.688896]]]}, "properties": {"info": {"building": "yes"}, "address": "?, 111"}},
{"type": "Feature", "geometry": {"type": "Polygon", "coordinates": [[[-51.116046, -29.68897], [-51.115998, -29.688941], [-51.115957, -29.688992], [-51.116059, -29.689054], [-51.116121, -29.688977], [-51.116067, -29.688944], [-51.116046, -29.68897]]]}, "properties": {"info": {"building": "yes"}, "address": "?, 111"}},
{"type": "Feature", "geometry": {"type": "Polygon", "coordinates": [[[-51.116043, -29.689044], [-51.11601, -29.689084], [-51.115969, -29.689087], [-51.115921, -29.689147], [-51.115963, -29.689173], [-51.116059, -29.689054], [-51.116043, -29.689044]]]}, "properties": {"info": {"is_agg": true, "building": "yes", "properties_agg": [{"hnum": "111", "building": "yes", "feature_id": 128205}], "geom_cmp_equals": [false], "geom_cmp_intersec": [0.9038427695461958]}, "error": 100, "address": "?, 111"}},
{"type": "Feature", "geometry": {"type": "Polygon", "coordinates": [[[-51.116059, -29.689054], [-51.116031, -29.689037], [-51.115999, -29.689077], [-51.115997, -29.689078], [-51.11596, -29.689081], [-51.115969, -29.689087], [-51.11601, -29.689084], [-51.116027, -29.689094], [-51.116059, -29.689054]]]}, "properties": {"info": {"building": "yes"}, "address": "?, 111"}},
{"type": "Feature", "geometry": {"type": "Polygon", "coordinates": [[[-51.116121, -29.688977], [-51.116135, -29.688959], [-51.116081, -29.688925], [-51.116067, -29.688944], [-51.116121, -29.688977]]]}, "properties": {"info": {"building": "yes"}, "address": "?, 111"}},
{"type": "Feature", "geometry": {"type": "Polygon", "coordinates": [[[-51.115577, -29.688657], [-51.115553, -29.688643], [-51.115517, -29.688687], [-51.115543, -29.688702], [-51.115516, -29.688737], [-51.115567, -29.688765], [-51.115594, -29.688731], [-51.115609, -29.688741], [-51.115661, -29.688677], [-51.115593, -29.688637], [-51.115577, -29.688657]]]}, "properties": {"info": {"is_agg": true, "building": "yes", "properties_agg": [{"hnum": "155", "building": "yes", "feature_id": 128209}, {"hnum": "155", "building": "yes", "feature_id": 128211}], "geom_cmp_equals": [true, false], "geom_cmp_intersec": [1, 0.8005297813285339]}, "error": 100, "address": "?, 155"}},
{"type": "Feature", "geometry": {"type": "Polygon", "coordinates": [[[-51.115516, -29.688678], [-51.115544, -29.688695], [-51.115517, -29.688729], [-51.115569, -29.688761], [-51.115597, -29.688726], [-51.11561, -29.688734], [-51.11566, -29.68867], [-51.115594, -29.688631], [-51.115578, -29.688651], [-51.115551, -29.688634], [-51.115516, -29.688678]]]}, "properties": {"info": {"building": "yes"}, "address": "?, 155"}},
{"type": "Feature", "geometry": {"type": "Polygon", "coordinates": [[[-51.115397, -29.68883], [-51.115471, -29.688874], [-51.115483, -29.688858], [-51.115489, -29.688831], [-51.11546, -29.688814], [-51.115456, -29.688803], [-51.115474, -29.688779], [-51.115495, -29.688777], [-51.11552, -29.688745], [-51.11551, -29.688738], [-51.115544, -29.688695], [-51.115516, -29.688678], [-51.115397, -29.68883]]]}, "properties": {"info": {"building": "yes"}, "address": "?, 155"}},
{"type": "Feature", "geometry": {"type": "Polygon", "coordinates": [[[-51.115372, -29.688552], [-51.115407, -29.688571], [-51.115401, -29.688579], [-51.115466, -29.688618], [-51.115458, -29.688629], [-51.11551, -29.688655], [-51.115518, -29.688647], [-51.115532, -29.688656], [-51.115568, -29.68861], [-51.115539, -29.688594], [-51.115543, -29.68859], [-51.11553, -29.688583], [-51.115527, -29.688586], [-51.115439, -29.68853], [-51.115448, -29.688518], [-51.115414, -29.688497], [-51.115372, -29.688552]]]}, "properties": {"info": {"is_agg": true, "building": "yes", "properties_agg": [{"hnum": "161", "building": "yes", "feature_id": 128214}], "geom_cmp_equals": [true], "geom_cmp_intersec": [1]}, "error": 100, "address": "?, 161"}},
{"type": "Feature", "geometry": {"type": "Polygon", "coordinates": [[[-51.115407, -29.688723], [-51.115343, -29.688805], [-51.115389, -29.688833], [-51.115453, -29.688751], [-51.115407, -29.688723]]]}, "properties": {"info": {"building": "yes"}, "address": "?, 550"}},
{"type": "Feature", "geometry": {"type": "Polygon", "coordinates": [[[-51.115249, -29.688749], [-51.115314, -29.688667], [-51.115239, -29.688622], [-51.115174, -29.688704], [-51.115249, -29.688749]]]}, "properties": {"info": {"building": "yes"}, "address": "?, 550"}},
{"type": "Feature", "geometry": {"type": "Polygon", "coordinates": [[[-51.115244, -29.689046], [-51.115316, -29.68909], [-51.115397, -29.688989], [-51.115322, -29.688945], [-51.115244, -29.689046]]]}, "properties": {"info": {"is_agg": true, "building": "yes", "properties_agg": [{"hnum": "234", "building": "yes", "feature_id": 128218}], "geom_cmp_equals": [true], "geom_cmp_intersec": [1]}, "error": 100, "address": "?, 234"}},
{"type": "Feature", "geometry": {"type": "Polygon", "coordinates": [[[-51.115429, -29.689019], [-51.115392, -29.688997], [-51.115351, -29.689049], [-51.115395, -29.689076], [-51.115374, -29.689101], [-51.115407, -29.689121], [-51.115414, -29.689112], [-51.115418, -29.689115], [-51.115431, -29.689098], [-51.115444, -29.689105], [-51.115485, -29.689053], [-51.115473, -29.689046], [-51.11548, -29.689037], [-51.115436, -29.68901], [-51.115429, -29.689019]]]}, "properties": {"info": {"is_agg": true, "building": "yes", "properties_agg": [{"hnum": "224", "building": "yes", "feature_id": 128220}], "geom_cmp_equals": [false], "geom_cmp_intersec": [0.8473508974713185]}, "error": 100, "address": "?, 224"}},
{"type": "Feature", "geometry": {"type": "Polygon", "coordinates": [[[-51.115438, -29.689181], [-51.115448, -29.689168], [-51.115487, -29.689191], [-51.115513, -29.689158], [-51.115486, -29.689142], [-51.115517, -29.689104], [-51.115566, -29.689134], [-51.115605, -29.689085], [-51.115511, -29.689029], [-51.11549, -29.689055], [-51.115509, -29.689067], [-51.115493, -29.689087], [-51.115474, -29.689075], [-51.115406, -29.689161], [-51.115438, -29.689181]]]}, "properties": {"info": {"is_agg": true, "building": "yes", "properties_agg": [{"hnum": "246", "building": "yes", "feature_id": 128222}], "geom_cmp_equals": [false], "geom_cmp_intersec": [0.6034439938401805]}, "error": 100, "address": "?, ?"}},
{"type": "Feature", "geometry": {"type": "Polygon", "coordinates": [[[-51.115683, -29.690485], [-51.115743, -29.690523], [-51.115778, -29.69048], [-51.115718, -29.690443], [-51.115683, -29.690485]]]}, "properties": {"info": {"building": "yes"}, "address": "?, 260"}},
{"type": "Feature", "geometry": {"type": "Polygon", "coordinates": [[[-51.115572, -29.690479], [-51.115649, -29.690527], [-51.11566, -29.690513], [-51.115658, -29.690501], [-51.115675, -29.69048], [-51.115687, -29.690481], [-51.115718, -29.690443], [-51.115677, -29.690417], [-51.115674, -29.690421], [-51.115638, -29.690398], [-51.115572, -29.690479]]]}, "properties": {"info": {"building": "yes"}, "address": "?, 260"}},
{"type": "Feature", "geometry": {"type": "Polygon", "coordinates": [[[-51.115393, -29.690523], [-51.115395, -29.690521], [-51.115432, -29.690542], [-51.115445, -29.690525], [-51.115425, -29.690515], [-51.115446, -29.690486], [-51.115371, -29.690445], [-51.115362, -29.69044], [-51.115359, -29.690445], [-51.115328, -29.690487], [-51.115393, -29.690523]]]}, "properties": {"info": {"building": "yes"}, "address": "?, 314"}},
{"type": "Feature", "geometry": {"type": "Polygon", "coordinates": [[[-51.117963, -29.686556], [-51.117967, -29.686623], [-51.117997, -29.686621], [-51.117999, -29.686647], [-51.118046, -29.686646], [-51.118044, -29.686608], [-51.118038, -29.686608], [-51.118037, -29.686592], [-51.118043, -29.686592], [-51.118041, -29.686552], [-51.117963, -29.686556]]]}, "properties": {"info": {"building": "yes"}, "address": "?, ?"}},
{"type": "Feature", "geometry": {"type": "Polygon", "coordinates": [[[-51.117639, -29.686278], [-51.117639, -29.686281], [-51.117632, -29.686282], [-51.117622, -29.68629], [-51.117597, -29.686292], [-51.117599, -29.686319], [-51.117586, -29.686319], [-51.117592, -29.68639], [-51.117649, -29.686386], [-51.117646, -29.686355], [-51.117665, -29.686354], [-51.117663, -29.686325], [-51.117701, -29.686322], [-51.117696, -29.686274], [-51.117639, -29.686278]]]}, "properties": {"info": {"is_agg": true, "building": "yes", "properties_agg": [{"hnum": "131", "building": "yes", "feature_id": 130497}], "geom_cmp_equals": [false], "geom_cmp_intersec": [0.8312659264049542]}, "error": 100, "address": "?, 131"}},
{"type": "Feature", "geometry": {"type": "Polygon", "coordinates": [[[-51.117704, -29.686361], [-51.117701, -29.686322], [-51.117677, -29.686324], [-51.11768, -29.686353], [-51.117646, -29.686355], [-51.117647, -29.686365], [-51.117704, -29.686361]]]}, "properties": {"info": {"building": "yes"}, "address": "?, ?"}},
{"type": "Feature", "geometry": {"type": "Polygon", "coordinates": [[[-51.117595, -29.686477], [-51.11758, -29.686478], [-51.11758, -29.686474], [-51.117564, -29.686476], [-51.117564, -29.686479], [-51.117549, -29.686481], [-51.117555, -29.686539], [-51.117601, -29.686535], [-51.117595, -29.686477]]]}, "properties": {"info": {"building": "yes"}, "address": "?, 143"}},
{"type": "Feature", "geometry": {"type": "Polygon", "coordinates": [[[-51.117579, -29.686335], [-51.117565, -29.686336], [-51.117563, -29.686317], [-51.117551, -29.686308], [-51.117542, -29.686309], [-51.117541, -29.686304], [-51.11752, -29.686306], [-51.11752, -29.686311], [-51.117463, -29.686315], [-51.117473, -29.686409], [-51.117524, -29.686405], [-51.117533, -29.686412], [-51.117587, -29.686407], [-51.117579, -29.686335]]]}, "properties": {"info": {"is_agg": true, "building": "yes", "properties_agg": [{"hnum": "143", "building": "yes", "feature_id": 130501}], "geom_cmp_equals": [false], "geom_cmp_intersec": [0.9259111612940388]}, "error": 100, "address": "?, 143"}},
{"type": "Feature", "geometry": {"type": "Polygon", "coordinates": [[[-51.118309, -29.686557], [-51.118267, -29.68656], [-51.118268, -29.686566], [-51.11824, -29.686568], [-51.118244, -29.686614], [-51.118217, -29.686615], [-51.118218, -29.686661], [-51.118317, -29.686654], [-51.118309, -29.686557]]]}, "properties": {"info": {"is_agg": true, "building": "yes", "properties_agg": [{"hnum": "32", "building": "yes", "feature_id": 130503}], "geom_cmp_equals": [false], "geom_cmp_intersec": [0.8467937363714187]}, "error": 100, "address": "?, 32"}},
{"type": "Feature", "geometry": {"type": "Polygon", "coordinates": [[[-51.118403, -29.686528], [-51.118361, -29.686531], [-51.118362, -29.686537], [-51.118334, -29.686539], [-51.118338, -29.686584], [-51.118311, -29.686586], [-51.118315, -29.686631], [-51.118411, -29.686625], [-51.118403, -29.686528]]]}, "properties": {"info": {"is_agg": true, "building": "yes", "properties_agg": [{"hnum": "22", "building": "yes", "feature_id": 130505}], "geom_cmp_equals": [false], "geom_cmp_intersec": [0.8525642656420229]}, "error": 100, "address": "?, 22"}},
{"type": "Feature", "geometry": {"type": "Polygon", "coordinates": [[[-51.118409, -29.686604], [-51.118423, -29.686603], [-51.118427, -29.686642], [-51.118464, -29.686639], [-51.118463, -29.686628], [-51.118489, -29.686627], [-51.118489, -29.68662], [-51.118493, -29.686615], [-51.118492, -29.686605], [-51.118487, -29.686601], [-51.118486, -29.686595], [-51.118491, -29.686594], [-51.118489, -29.686569], [-51.118484, -29.686569], [-51.118482, -29.686547], [-51.118487, -29.686547], [-51.118482, -29.686495], [-51.118426, -29.686499], [-51.118432, -29.686559], [-51.118406, -29.686561], [-51.118409, -29.686604]]]}, "properties": {"info": {"is_agg": true, "building": "yes", "properties_agg": [{"hnum": "12", "building": "yes", "feature_id": 130507}], "geom_cmp_equals": [false], "geom_cmp_intersec": [0.7564473053481487]}, "error": 100, "address": "?, 12"}},
{"type": "Feature", "geometry": {"type": "Polygon", "coordinates": [[[-51.118432, -29.686561], [-51.118423, -29.686467], [-51.118447, -29.686466], [-51.118443, -29.686418], [-51.118393, -29.686421], [-51.118406, -29.686562], [-51.118432, -29.686561]]]}, "properties": {"info": {"building": "yes"}, "address": "?, ?"}},
{"type": "Feature", "geometry": {"type": "Polygon", "coordinates": [[[-51.118442, -29.686559], [-51.118441, -29.686543], [-51.118404, -29.686545], [-51.118406, -29.686561], [-51.118442, -29.686559]]]}, "properties": {"info": {"building": "yes"}, "address": "?, ?"}},
{"type": "Feature", "geometry": {"type": "Polygon", "coordinates": [[[-51.117693, -29.68661], [-51.117694, -29.68662], [-51.117661, -29.686622], [-51.117648, -29.686623], [-51.117655, -29.686705], [-51.11767, -29.686704], [-51.117708, -29.686702], [-51.117709, -29.686708], [-51.11771, -29.686719], [-51.117736, -29.686718], [-51.117735, -29.686707], [-51.117756, -29.686705], [-51.117751, -29.686652], [-51.117748, -29.686607], [-51.117693, -29.68661]]]}, "properties": {"info": {"is_agg": true, "building": "yes", "properties_agg": [{"building": "yes", "feature_id": 130512}], "geom_cmp_equals": [false], "geom_cmp_intersec": [0.8268650106199377]}, "error": 100, "address": "?, ?"}},
{"type": "Feature", "geometry": {"type": "Polygon", "coordinates": [[[-51.117593, -29.686617], [-51.117593, -29.686627], [-51.11756, -29.686629], [-51.117547, -29.68663], [-51.117554, -29.686712], [-51.11757, -29.686711], [-51.117608, -29.686708], [-51.117608, -29.686715], [-51.117609, -29.686726], [-51.117635, -29.686724], [-51.117634, -29.686713], [-51.117655, -29.686712], [-51.117651, -29.686659], [-51.117647, -29.686614], [-51.117593, -29.686617]]]}, "properties": {"info": {"is_agg": true, "building": "yes", "properties_agg": [{"building": "yes", "feature_id": 130513}], "geom_cmp_equals": [false], "geom_cmp_intersec": [0.828443619005494]}, "error": 100, "address": "?, ?"}},
{"type": "Feature", "geometry": {"type": "Polygon", "coordinates": [[[-51.118094, -29.686303], [-51.118123, -29.686302], [-51.118126, -29.686358], [-51.118112, -29.686359], [-51.118113, -29.686396], [-51.118157, -29.686394], [-51.118158, -29.686399], [-51.118233, -29.686396], [-51.118228, -29.686298], [-51.118201, -29.686299], [-51.118198, -29.686251], [-51.118091, -29.686255], [-51.118094, -29.686303]]]}, "properties": {"info": {"is_agg": true, "building": "yes", "properties_agg": [{"building": "yes", "feature_id": 130515}], "geom_cmp_equals": [false], "geom_cmp_intersec": [0.717414767610438]}, "error": 100, "address": "?, 77"}},
{"type": "Feature", "geometry": {"type": "Polygon", "coordinates": [[[-51.118329, -29.686283], [-51.118343, -29.686282], [-51.118351, -29.686336], [-51.118429, -29.686327], [-51.118423, -29.686284], [-51.118429, -29.686283], [-51.118426, -29.686261], [-51.118446, -29.686258], [-51.118443, -29.686236], [-51.118324, -29.686249], [-51.118329, -29.686283]]]}, "properties": {"info": {"building": "yes"}, "address": "?, 16"}},
{"type": "Feature", "geometry": {"type": "Polygon", "coordinates": [[[-51.118414, -29.686418], [-51.11841, -29.686393], [-51.11839, -29.686395], [-51.118386, -29.68637], [-51.118374, -29.686371], [-51.118368, -29.686334], [-51.118279, -29.686344], [-51.118292, -29.686431], [-51.118414, -29.686418]]]}, "properties": {"info": {"building": "yes"}, "address": "?, 22"}},
{"type": "Feature", "geometry": {"type": "Polygon", "coordinates": [[[-51.118312, -29.686251], [-51.118311, -29.68625], [-51.118392, -29.686241], [-51.118383, -29.686183], [-51.118318, -29.68619], [-51.11832, -29.686199], [-51.118286, -29.686203], [-51.118288, -29.686218], [-51.118278, -29.68622], [-51.118284, -29.686254], [-51.118312, -29.686251]]]}, "properties": {"info": {"building": "yes"}, "address": "?, 10"}},
{"type": "Feature", "geometry": {"type": "Polygon", "coordinates": [[[-51.118332, -29.686284], [-51.118339, -29.686284], [-51.11834, -29.686295], [-51.118344, -29.686295], [-51.118348, -29.68632], [-51.118423, -29.686312], [-51.11842, -29.686294], [-51.118415, -29.686294], [-51.118413, -29.686285], [-51.118429, -29.686283], [-51.118423, -29.686238], [-51.118407, -29.68624], [-51.118408, -29.686241], [-51.118327, -29.68625], [-51.118332, -29.686284]]]}, "properties": {"info": {"building": "yes"}, "address": "?, 16"}},
{"type": "Feature", "geometry": {"type": "Polygon", "coordinates": [[[-51.118393, -29.68642], [-51.118387, -29.686376], [-51.118375, -29.686378], [-51.118372, -29.68636], [-51.118306, -29.686368], [-51.118309, -29.686384], [-51.118285, -29.686387], [-51.118292, -29.686431], [-51.118393, -29.68642]]]}, "properties": {"info": {"building": "yes"}, "address": "?, ?"}},
{"type": "Feature", "geometry": {"type": "Polygon", "coordinates": [[[-51.117814, -29.686325], [-51.11783, -29.686324], [-51.117836, -29.686397], [-51.117892, -29.686394], [-51.117889, -29.686363], [-51.117922, -29.686361], [-51.117922, -29.686369], [-51.117932, -29.686368], [-51.117927, -29.686316], [-51.117915, -29.686316], [-51.117912, -29.68628], [-51.11787, -29.686283], [-51.117869, -29.68627], [-51.11781, -29.686274], [-51.117814, -29.686325]]]}, "properties": {"info": {"building": "yes"}, "address": "?, 105"}},
{"type": "Feature", "geometry": {"type": "Polygon", "coordinates": [[[-51.118065, -29.686574], [-51.118033, -29.686575], [-51.118033, -29.686561], [-51.117987, -29.686563], [-51.117989, -29.6866], [-51.117962, -29.686601], [-51.117961, -29.686594], [-51.117934, -29.686595], [-51.117937, -29.686655], [-51.118008, -29.686652], [-51.11801, -29.686684], [-51.11807, -29.68668], [-51.118065, -29.686574]]]}, "properties": {"info": {"building": "yes"}, "address": "?, 48"}},
{"type": "Feature", "geometry": {"type": "Polygon", "coordinates": [[[-51.118353, -29.686425], [-51.118357, -29.686462], [-51.118339, -29.686479], [-51.118342, -29.686516], [-51.118401, -29.686512], [-51.118392, -29.68642], [-51.118353, -29.686425]]]}, "properties": {"info": {"building": "yes"}, "address": "?, 22"}},
{"type": "Feature", "geometry": {"type": "Polygon", "coordinates": [[[-51.117867, -29.686395], [-51.117866, -29.686375], [-51.117877, -29.686374], [-51.117868, -29.686262], [-51.117809, -29.686266], [-51.117814, -29.686325], [-51.11783, -29.686324], [-51.117836, -29.686397], [-51.117867, -29.686395]]]}, "properties": {"info": {"building": "yes"}, "address": "?, ?"}},
{"type": "Feature", "geometry": {"type": "Polygon", "coordinates": [[[-51.118411, -29.686226], [-51.118431, -29.686224], [-51.118424, -29.686175], [-51.118274, -29.686192], [-51.118284, -29.686254], [-51.118413, -29.686239], [-51.118411, -29.686226]]]}, "properties": {"info": {"building": "yes"}, "address": "?, ?"}},
{"type": "Feature", "geometry": {"type": "Polygon", "coordinates": [[[-51.118094, -29.686249], [-51.118113, -29.686248], [-51.118113, -29.686242], [-51.118148, -29.68624], [-51.118148, -29.686245], [-51.118172, -29.686244], [-51.118171, -29.68623], [-51.118064, -29.686234], [-51.118066, -29.686281], [-51.118096, -29.68628], [-51.118094, -29.686249]]]}, "properties": {"info": {"building": "yes"}, "address": "?, ?"}},
{"type": "Feature", "geometry": {"type": "Polygon", "coordinates": [[[-51.117831, -29.686523], [-51.117819, -29.686386], [-51.117706, -29.686393], [-51.117718, -29.686535], [-51.117831, -29.686523]]]}, "properties": {"info": {"is_agg": true, "building": "yes", "properties_agg": [{"building": "yes", "feature_id": 130529}], "geom_cmp_equals": [true], "geom_cmp_intersec": [1]}, "error": 100, "address": "?, ?"}},
{"type": "Feature", "geometry": {"type": "Polygon", "coordinates": [[[-51.11748, -29.68651], [-51.117423, -29.686516], [-51.117426, -29.68654], [-51.117391, -29.686544], [-51.117399, -29.686571], [-51.117487, -29.686562], [-51.11748, -29.68651]]]}, "properties": {"info": {"building": "yes"}, "address": "?, ?"}},
{"type": "Feature", "geometry": {"type": "Polygon", "coordinates": [[[-51.117452, -29.686304], [-51.117341, -29.686315], [-51.117352, -29.686396], [-51.117463, -29.686384], [-51.117452, -29.686304]]]}, "properties": {"info": {"building": "yes"}, "address": "?, ?"}},
{"type": "Feature", "geometry": {"type": "Polygon", "coordinates": [[[-51.118213, -29.686535], [-51.118168, -29.686537], [-51.118168, -29.686546], [-51.118142, -29.686547], [-51.11814, -29.686524], [-51.118115, -29.686525], [-51.118113, -29.686498], [-51.118077, -29.686499], [-51.118082, -29.686599], [-51.118144, -29.686597], [-51.118145, -29.686615], [-51.118175, -29.686614], [-51.118177, -29.686648], [-51.118218, -29.686647], [-51.118213, -29.686535]]]}, "properties": {"info": {"is_agg": true, "building": "yes", "properties_agg": [{"building": "yes", "feature_id": 130533}], "geom_cmp_equals": [false], "geom_cmp_intersec": [0.6040289196570561]}, "error": 100, "address": "?, ?"}}]}
