{"type": "FeatureCollection", "features": [
{"type": "Feature", "geometry": {"type": "Polygon", "coordinates": [[[-51.236186, -29.903234], [-51.236218, -29.903232], [-51.236219, -29.903245], [-51.236243, -29.903244], [-51.236237, -29.903151], [-51.236181, -29.903154], [-51.236186, -29.903234]]]}, "properties": {}},
{"type": "Feature", "geometry": {"type": "Polygon", "coordinates": [[[-51.237958, -29.902569], [-51.237939, -29.90257], [-51.237941, -29.902586], [-51.237991, -29.902583], [-51.237989, -29.902567], [-51.237958, -29.902569]]]}, "properties": {}},
{"type": "Feature", "geometry": {"type": "Polygon", "coordinates": [[[-51.230456, -29.901707], [-51.230453, -29.901668], [-51.230344, -29.901675], [-51.230347, -29.901712], [-51.230456, -29.901707]]]}, "properties": {}},
{"type": "Feature", "geometry": {"type": "Polygon", "coordinates": [[[-51.234115, -29.904003], [-51.234118, -29.904034], [-51.234144, -29.904033], [-51.234141, -29.904001], [-51.234115, -29.904003]]]}, "properties": {}},
{"type": "Feature", "geometry": {"type": "Polygon", "coordinates": [[[-51.239038, -29.903622], [-51.239042, -29.903671], [-51.239069, -29.90367], [-51.239065, -29.90362], [-51.239038, -29.903622]]]}, "properties": {}},
{"type": "Feature", "geometry": {"type": "Polygon", "coordinates": [[[-51.232717, -29.900729], [-51.232753, -29.900728], [-51.232752, -29.900709], [-51.232717, -29.90071], [-51.232717, -29.900729]]]}, "properties": {}},
{"type": "Feature", "geometry": {"type": "Polygon", "coordinates": [[[-51.235761, -29.903983], [-51.235761, -29.904017], [-51.235735, -29.904017], [-51.235735, -29.90402], [-51.2358, -29.90402], [-51.2358, -29.903982], [-51.235761, -29.903983]]]}, "properties": {}},
{"type": "Feature", "geometry": {"type": "Polygon", "coordinates": [[[-51.23767, -29.904647], [-51.237666, -29.904602], [-51.237664, -29.904574], [-51.237577, -29.904579], [-51.237577, -29.904582], [-51.237579, -29.904596], [-51.237587, -29.90469], [-51.237673, -29.904684], [-51.23767, -29.904647]]]}, "properties": {}},
{"type": "Feature", "geometry": {"type": "Polygon", "coordinates": [[[-51.236356, -29.900687], [-51.236374, -29.900771], [-51.236435, -29.900761], [-51.236417, -29.900677], [-51.236356, -29.900687]]]}, "properties": {}},
{"type": "Feature", "geometry": {"type": "Polygon", "coordinates": [[[-51.229431, -29.901744], [-51.229377, -29.901747], [-51.229372, -29.901687], [-51.229343, -29.901688], [-51.229349, -29.90177], [-51.229433, -29.901765], [-51.229431, -29.901744]]]}, "properties": {}},
{"type": "Feature", "geometry": {"type": "Polygon", "coordinates": [[[-51.238626, -29.90222], [-51.238683, -29.90222], [-51.238683, -29.902205], [-51.238714, -29.902205], [-51.238714, -29.902157], [-51.238685, -29.902157], [-51.238684, -29.902139], [-51.238626, -29.902139], [-51.238626, -29.90222]]]}, "properties": {}},
{"type": "Feature", "geometry": {"type": "Polygon", "coordinates": [[[-51.233835, -29.900879], [-51.233721, -29.900886], [-51.233724, -29.900926], [-51.233838, -29.900919], [-51.233835, -29.900879]]]}, "properties": {}},
{"type": "Feature", "geometry": {"type": "Polygon", "coordinates": [[[-51.237755, -29.901317], [-51.237764, -29.901385], [-51.237789, -29.901383], [-51.237791, -29.901401], [-51.237816, -29.901399], [-51.237805, -29.901312], [-51.237755, -29.901317]]]}, "properties": {}},
{"type": "Feature", "geometry": {"type": "Polygon", "coordinates": [[[-51.232296, -29.902498], [-51.232298, -29.902526], [-51.232342, -29.902523], [-51.23234, -29.902495], [-51.232296, -29.902498]]]}, "properties": {}},
{"type": "Feature", "geometry": {"type": "Polygon", "coordinates": [[[-51.231472, -29.899512], [-51.231473, -29.899526], [-51.231495, -29.899526], [-51.231496, -29.899561], [-51.231552, -29.89956], [-51.231551, -29.89951], [-51.231472, -29.899512]]]}, "properties": {"info": {"is_agg": true, "properties_agg": [{"feature_id": 3165}], "geom_cmp_equals": [false], "geom_cmp_intersec": [0]}}},
{"type": "Feature", "geometry": {"type": "Polygon", "coordinates": [[[-51.232737, -29.899558], [-51.232685, -29.899561], [-51.232689, -29.899623], [-51.232741, -29.899621], [-51.232737, -29.899558]]]}, "properties": {}},
{"type": "Feature", "geometry": {"type": "Polygon", "coordinates": [[[-51.235255, -29.901396], [-51.235259, -29.901432], [-51.235277, -29.901431], [-51.235274, -29.901396], [-51.235255, -29.901396]]]}, "properties": {}},
{"type": "Feature", "geometry": {"type": "Polygon", "coordinates": [[[-51.235191, -29.901648], [-51.23517, -29.90165], [-51.235172, -29.901667], [-51.235149, -29.901668], [-51.235151, -29.901693], [-51.235174, -29.901691], [-51.235173, -29.901678], [-51.235194, -29.901676], [-51.235191, -29.901648]]]}, "properties": {}},
{"type": "Feature", "geometry": {"type": "Polygon", "coordinates": [[[-51.232328, -29.90282], [-51.232333, -29.902895], [-51.232418, -29.902891], [-51.232413, -29.902815], [-51.232328, -29.90282]]]}, "properties": {}},
{"type": "Feature", "geometry": {"type": "Polygon", "coordinates": [[[-51.230829, -29.903671], [-51.23095, -29.903666], [-51.230949, -29.903641], [-51.230974, -29.90364], [-51.230972, -29.903616], [-51.230948, -29.903617], [-51.230946, -29.903593], [-51.230705, -29.903603], [-51.230709, -29.903676], [-51.230829, -29.903671]]]}, "properties": {}},
{"type": "Feature", "geometry": {"type": "Polygon", "coordinates": [[[-51.238388, -29.904251], [-51.238391, -29.904307], [-51.238395, -29.904363], [-51.238397, -29.904389], [-51.238502, -29.904383], [-51.238491, -29.904226], [-51.238386, -29.904231], [-51.238388, -29.904251]]]}, "properties": {}},
{"type": "Feature", "geometry": {"type": "Polygon", "coordinates": [[[-51.237754, -29.903741], [-51.237725, -29.903742], [-51.237727, -29.903768], [-51.237829, -29.903763], [-51.237827, -29.903736], [-51.23785, -29.903735], [-51.237846, -29.903674], [-51.23775, -29.903679], [-51.237754, -29.903741]]]}, "properties": {}},
{"type": "Feature", "geometry": {"type": "Polygon", "coordinates": [[[-51.235248, -29.9035], [-51.235152, -29.903505], [-51.235157, -29.903565], [-51.235222, -29.903562], [-51.235225, -29.903598], [-51.235255, -29.903596], [-51.235248, -29.9035]]]}, "properties": {}},
{"type": "Feature", "geometry": {"type": "Polygon", "coordinates": [[[-51.23734, -29.900842], [-51.237341, -29.900856], [-51.237329, -29.900856], [-51.237332, -29.900903], [-51.237333, -29.900918], [-51.23739, -29.900914], [-51.237384, -29.900839], [-51.23734, -29.900842]]]}, "properties": {}},
{"type": "Feature", "geometry": {"type": "Polygon", "coordinates": [[[-51.238025, -29.899904], [-51.23802, -29.89982], [-51.237996, -29.899822], [-51.237997, -29.899838], [-51.23795, -29.899841], [-51.237954, -29.899907], [-51.238025, -29.899904]]]}, "properties": {}},
{"type": "Feature", "geometry": {"type": "Polygon", "coordinates": [[[-51.231044, -29.901239], [-51.231055, -29.901331], [-51.231168, -29.901321], [-51.231156, -29.901229], [-51.231044, -29.901239]]]}, "properties": {}},
{"type": "Feature", "geometry": {"type": "Polygon", "coordinates": [[[-51.234952, -29.900025], [-51.234953, -29.900044], [-51.235016, -29.900042], [-51.235016, -29.900023], [-51.234952, -29.900025]]]}, "properties": {}},
{"type": "Feature", "geometry": {"type": "Polygon", "coordinates": [[[-51.231893, -29.901912], [-51.231895, -29.901937], [-51.231864, -29.901938], [-51.231866, -29.901981], [-51.231939, -29.901978], [-51.231938, -29.901962], [-51.231947, -29.901961], [-51.231944, -29.901909], [-51.231893, -29.901912]]]}, "properties": {}},
{"type": "Feature", "geometry": {"type": "Polygon", "coordinates": [[[-51.235369, -29.902249], [-51.235371, -29.902269], [-51.235337, -29.902271], [-51.235338, -29.902296], [-51.235395, -29.902293], [-51.235392, -29.902248], [-51.235369, -29.902249]]]}, "properties": {}},
{"type": "Feature", "geometry": {"type": "Polygon", "coordinates": [[[-51.232067, -29.904509], [-51.232072, -29.904569], [-51.23211, -29.904567], [-51.232105, -29.904507], [-51.232067, -29.904509]]]}, "properties": {}},
{"type": "Feature", "geometry": {"type": "Polygon", "coordinates": [[[-51.233615, -29.901487], [-51.23361, -29.901425], [-51.233491, -29.901433], [-51.233496, -29.901496], [-51.233615, -29.901487]]]}, "properties": {}},
{"type": "Feature", "geometry": {"type": "Polygon", "coordinates": [[[-51.23868, -29.902792], [-51.238682, -29.90282], [-51.238715, -29.902818], [-51.238713, -29.902791], [-51.23868, -29.902792]]]}, "properties": {}},
{"type": "Feature", "geometry": {"type": "Polygon", "coordinates": [[[-51.239133, -29.901311], [-51.239124, -29.901272], [-51.239106, -29.901275], [-51.239099, -29.901242], [-51.23906, -29.901249], [-51.239076, -29.90132], [-51.239133, -29.901311]]]}, "properties": {}},
{"type": "Feature", "geometry": {"type": "Polygon", "coordinates": [[[-51.238638, -29.903752], [-51.238639, -29.903779], [-51.238617, -29.90378], [-51.238618, -29.903801], [-51.23864, -29.903801], [-51.23864, -29.90381], [-51.238677, -29.90381], [-51.238675, -29.903751], [-51.238638, -29.903752]]]}, "properties": {}},
{"type": "Feature", "geometry": {"type": "Polygon", "coordinates": [[[-51.23748, -29.903178], [-51.237484, -29.903229], [-51.23752, -29.903227], [-51.237521, -29.903238], [-51.237553, -29.903236], [-51.237549, -29.903174], [-51.23748, -29.903178]]]}, "properties": {}},
{"type": "Feature", "geometry": {"type": "Polygon", "coordinates": [[[-51.234745, -29.901127], [-51.234752, -29.901199], [-51.234808, -29.901195], [-51.234802, -29.901123], [-51.234745, -29.901127]]]}, "properties": {}},
{"type": "Feature", "geometry": {"type": "Polygon", "coordinates": [[[-51.23232, -29.900582], [-51.232299, -29.900582], [-51.232299, -29.900657], [-51.232326, -29.900657], [-51.232326, -29.900663], [-51.2324, -29.900662], [-51.2324, -29.900581], [-51.23232, -29.900582]]]}, "properties": {}},
{"type": "Feature", "geometry": {"type": "Polygon", "coordinates": [[[-51.238301, -29.903816], [-51.238344, -29.903815], [-51.238351, -29.903734], [-51.238322, -29.903735], [-51.238321, -29.903716], [-51.238296, -29.903717], [-51.238297, -29.903736], [-51.238301, -29.903816]]]}, "properties": {}},
{"type": "Feature", "geometry": {"type": "Polygon", "coordinates": [[[-51.231802, -29.902619], [-51.231799, -29.902592], [-51.231825, -29.902591], [-51.231823, -29.902563], [-51.231797, -29.902565], [-51.231794, -29.902526], [-51.231738, -29.90253], [-51.231745, -29.902623], [-51.231802, -29.902619]]]}, "properties": {}},
{"type": "Feature", "geometry": {"type": "Polygon", "coordinates": [[[-51.238745, -29.904309], [-51.238718, -29.904311], [-51.238718, -29.904314], [-51.23866, -29.904318], [-51.238663, -29.904354], [-51.238721, -29.904351], [-51.238749, -29.904349], [-51.238745, -29.904309]]]}, "properties": {}},
{"type": "Feature", "geometry": {"type": "Polygon", "coordinates": [[[-51.233018, -29.902011], [-51.233023, -29.90208], [-51.233036, -29.902079], [-51.233031, -29.90201], [-51.233018, -29.902011]]]}, "properties": {"info": {"is_agg": true, "properties_agg": [{"feature_id": 3517}], "geom_cmp_equals": [false], "geom_cmp_intersec": [0]}}},
{"type": "Feature", "geometry": {"type": "Polygon", "coordinates": [[[-51.239023, -29.901703], [-51.239035, -29.901774], [-51.239129, -29.901763], [-51.239124, -29.901733], [-51.239102, -29.901736], [-51.239095, -29.901694], [-51.239023, -29.901703]]]}, "properties": {}},
{"type": "Feature", "geometry": {"type": "Polygon", "coordinates": [[[-51.232372, -29.902988], [-51.232443, -29.902985], [-51.232442, -29.902964], [-51.232371, -29.902967], [-51.232372, -29.902988]]]}, "properties": {"info": {"is_agg": true, "properties_agg": [{"feature_id": 173011}], "geom_cmp_equals": [false], "geom_cmp_intersec": [0]}}},
{"type": "Feature", "geometry": {"type": "Polygon", "coordinates": [[[-51.237437, -29.902643], [-51.237498, -29.902639], [-51.237496, -29.902618], [-51.237466, -29.90262], [-51.237435, -29.902622], [-51.237437, -29.902643]]]}, "properties": {"info": {"is_agg": true, "properties_agg": [{"feature_id": 170862}], "geom_cmp_equals": [false], "geom_cmp_intersec": [0]}}},
{"type": "Feature", "geometry": {"type": "Polygon", "coordinates": [[[-51.237477, -29.901543], [-51.237482, -29.901619], [-51.237561, -29.901614], [-51.237556, -29.901538], [-51.237477, -29.901543]]]}, "properties": {}},
{"type": "Feature", "geometry": {"type": "Polygon", "coordinates": [[[-51.235674, -29.90346], [-51.235677, -29.903491], [-51.235659, -29.903492], [-51.235665, -29.903566], [-51.235766, -29.903559], [-51.235757, -29.903455], [-51.235674, -29.90346]]]}, "properties": {}},
{"type": "Feature", "geometry": {"type": "Polygon", "coordinates": [[[-51.229685, -29.902573], [-51.229688, -29.902605], [-51.22971, -29.902604], [-51.229713, -29.90263], [-51.229782, -29.902626], [-51.22978, -29.902599], [-51.229745, -29.902601], [-51.229743, -29.902569], [-51.229685, -29.902573]]]}, "properties": {}},
{"type": "Feature", "geometry": {"type": "Polygon", "coordinates": [[[-51.232784, -29.902006], [-51.232819, -29.902004], [-51.232813, -29.901926], [-51.232778, -29.901928], [-51.232784, -29.902006]]]}, "properties": {}},
{"type": "Feature", "geometry": {"type": "Polygon", "coordinates": [[[-51.234521, -29.90436], [-51.23452, -29.904348], [-51.234491, -29.90435], [-51.234494, -29.904395], [-51.234506, -29.904394], [-51.234507, -29.904415], [-51.234602, -29.90441], [-51.234598, -29.904356], [-51.234521, -29.90436]]]}, "properties": {}},
{"type": "Feature", "geometry": {"type": "Polygon", "coordinates": [[[-51.230553, -29.901824], [-51.230551, -29.90177], [-51.230499, -29.901771], [-51.230499, -29.901758], [-51.230478, -29.901759], [-51.23048, -29.901826], [-51.230553, -29.901824]]]}, "properties": {}},
{"type": "Feature", "geometry": {"type": "Polygon", "coordinates": [[[-51.235454, -29.902193], [-51.235499, -29.90219], [-51.235495, -29.902144], [-51.235451, -29.902147], [-51.235454, -29.902193]]]}, "properties": {}},
{"type": "Feature", "geometry": {"type": "Polygon", "coordinates": [[[-51.239248, -29.904475], [-51.239175, -29.904478], [-51.239176, -29.904488], [-51.239248, -29.904484], [-51.239248, -29.904475]]]}, "properties": {}},
{"type": "Feature", "geometry": {"type": "Polygon", "coordinates": [[[-51.235156, -29.900343], [-51.235074, -29.900349], [-51.235076, -29.900371], [-51.235158, -29.900365], [-51.235156, -29.900343]]]}, "properties": {}},
{"type": "Feature", "geometry": {"type": "Polygon", "coordinates": [[[-51.235042, -29.899875], [-51.235043, -29.899896], [-51.235065, -29.899895], [-51.235061, -29.899866], [-51.235043, -29.899867], [-51.235042, -29.899875]]]}, "properties": {}},
{"type": "Feature", "geometry": {"type": "Polygon", "coordinates": [[[-51.238517, -29.901516], [-51.238553, -29.901513], [-51.238541, -29.901398], [-51.238505, -29.901401], [-51.238517, -29.901516]]]}, "properties": {}},
{"type": "Feature", "geometry": {"type": "Polygon", "coordinates": [[[-51.234074, -29.900425], [-51.234083, -29.90051], [-51.234134, -29.900505], [-51.234125, -29.900421], [-51.234074, -29.900425]]]}, "properties": {}},
{"type": "Feature", "geometry": {"type": "Polygon", "coordinates": [[[-51.237774, -29.902722], [-51.237805, -29.90272], [-51.237801, -29.902663], [-51.23777, -29.902665], [-51.237774, -29.902722]]]}, "properties": {}},
{"type": "Feature", "geometry": {"type": "Polygon", "coordinates": [[[-51.238988, -29.901047], [-51.238979, -29.901008], [-51.238858, -29.901028], [-51.238867, -29.901068], [-51.238988, -29.901047]]]}, "properties": {}},
{"type": "Feature", "geometry": {"type": "Polygon", "coordinates": [[[-51.229417, -29.900774], [-51.229468, -29.900771], [-51.229469, -29.900785], [-51.229481, -29.900785], [-51.229473, -29.900663], [-51.22941, -29.900666], [-51.229417, -29.900774]]]}, "properties": {}},
{"type": "Feature", "geometry": {"type": "Polygon", "coordinates": [[[-51.234582, -29.899835], [-51.234582, -29.899822], [-51.234583, -29.899805], [-51.234583, -29.89979], [-51.234531, -29.89979], [-51.234533, -29.899806], [-51.234538, -29.89986], [-51.234553, -29.899861], [-51.234595, -29.899863], [-51.234595, -29.899847], [-51.234582, -29.899847], [-51.234582, -29.899835]]]}, "properties": {}},
{"type": "Feature", "geometry": {"type": "Polygon", "coordinates": [[[-51.233191, -29.902858], [-51.23319, -29.902853], [-51.233197, -29.902852], [-51.233187, -29.902737], [-51.233163, -29.902738], [-51.233163, -29.902735], [-51.233144, -29.902736], [-51.233144, -29.902742], [-51.233107, -29.902744], [-51.233117, -29.902862], [-51.233191, -29.902858]]]}, "properties": {}},
{"type": "Feature", "geometry": {"type": "Polygon", "coordinates": [[[-51.238156, -29.901456], [-51.238156, -29.901474], [-51.23825, -29.901468], [-51.238249, -29.901451], [-51.238156, -29.901456]]]}, "properties": {}},
{"type": "Feature", "geometry": {"type": "Polygon", "coordinates": [[[-51.23274, -29.904303], [-51.232735, -29.904251], [-51.232719, -29.904252], [-51.232723, -29.904304], [-51.23274, -29.904303]]]}, "properties": {"info": {"is_agg": true, "properties_agg": [{"feature_id": 168593}], "geom_cmp_equals": [false], "geom_cmp_intersec": [0.003598723430019338]}}},
{"type": "Feature", "geometry": {"type": "Polygon", "coordinates": [[[-51.231317, -29.902396], [-51.231318, -29.902409], [-51.231272, -29.902412], [-51.231277, -29.902472], [-51.231363, -29.902466], [-51.231357, -29.902394], [-51.231317, -29.902396]]]}, "properties": {}},
{"type": "Feature", "geometry": {"type": "Polygon", "coordinates": [[[-51.237934, -29.904376], [-51.237931, -29.904326], [-51.237895, -29.904328], [-51.237896, -29.904341], [-51.237899, -29.904377], [-51.237934, -29.904376]]]}, "properties": {}},
{"type": "Feature", "geometry": {"type": "Polygon", "coordinates": [[[-51.233024, -29.90308], [-51.23303, -29.90308], [-51.233029, -29.903063], [-51.232989, -29.903065], [-51.232988, -29.903056], [-51.232935, -29.90306], [-51.23294, -29.903114], [-51.233026, -29.903109], [-51.233024, -29.90308]]]}, "properties": {}},
{"type": "Feature", "geometry": {"type": "Polygon", "coordinates": [[[-51.231929, -29.90322], [-51.231816, -29.903227], [-51.231818, -29.903253], [-51.23193, -29.903247], [-51.231929, -29.90322]]]}, "properties": {}},
{"type": "Feature", "geometry": {"type": "Polygon", "coordinates": [[[-51.238426, -29.904417], [-51.238429, -29.904464], [-51.238527, -29.904459], [-51.238523, -29.904412], [-51.238426, -29.904417]]]}, "properties": {}},
{"type": "Feature", "geometry": {"type": "Polygon", "coordinates": [[[-51.230621, -29.903061], [-51.230619, -29.90304], [-51.230558, -29.903043], [-51.23056, -29.903065], [-51.230621, -29.903061]]]}, "properties": {}},
{"type": "Feature", "geometry": {"type": "Polygon", "coordinates": [[[-51.230013, -29.901443], [-51.230016, -29.901502], [-51.230043, -29.901501], [-51.230043, -29.901519], [-51.230105, -29.901517], [-51.230102, -29.901441], [-51.230013, -29.901443]]]}, "properties": {}},
{"type": "Feature", "geometry": {"type": "Polygon", "coordinates": [[[-51.232507, -29.90057], [-51.232509, -29.900656], [-51.23256, -29.900655], [-51.23256, -29.900633], [-51.232582, -29.900632], [-51.232581, -29.900569], [-51.232507, -29.90057]]]}, "properties": {}},
{"type": "Feature", "geometry": {"type": "Polygon", "coordinates": [[[-51.231511, -29.903158], [-51.231517, -29.903243], [-51.231672, -29.903235], [-51.231666, -29.903149], [-51.231511, -29.903158]]]}, "properties": {}},
{"type": "Feature", "geometry": {"type": "Polygon", "coordinates": [[[-51.231527, -29.899663], [-51.231526, -29.89964], [-51.231504, -29.899641], [-51.231502, -29.899587], [-51.23148, -29.899588], [-51.231482, -29.899664], [-51.231527, -29.899663]]]}, "properties": {}},
{"type": "Feature", "geometry": {"type": "Polygon", "coordinates": [[[-51.235132, -29.901468], [-51.235139, -29.901551], [-51.235231, -29.901545], [-51.235225, -29.901462], [-51.235132, -29.901468]]]}, "properties": {}},
{"type": "Feature", "geometry": {"type": "Polygon", "coordinates": [[[-51.233697, -29.901889], [-51.233706, -29.901952], [-51.233696, -29.901953], [-51.233699, -29.90197], [-51.233743, -29.901965], [-51.233742, -29.901961], [-51.233763, -29.901959], [-51.233752, -29.901883], [-51.233697, -29.901889]]]}, "properties": {}},
{"type": "Feature", "geometry": {"type": "Polygon", "coordinates": [[[-51.239696, -29.90344], [-51.239701, -29.903457], [-51.239685, -29.903461], [-51.239681, -29.903443], [-51.23957, -29.903465], [-51.239577, -29.903492], [-51.239737, -29.903461], [-51.239732, -29.903433], [-51.239696, -29.90344]]]}, "properties": {}},
{"type": "Feature", "geometry": {"type": "Polygon", "coordinates": [[[-51.236364, -29.904481], [-51.236434, -29.904477], [-51.236438, -29.904535], [-51.236483, -29.904531], [-51.236474, -29.90442], [-51.236359, -29.904427], [-51.236364, -29.904481]]]}, "properties": {}},
{"type": "Feature", "geometry": {"type": "Polygon", "coordinates": [[[-51.233116, -29.90185], [-51.233118, -29.901886], [-51.233174, -29.901883], [-51.233188, -29.901882], [-51.233187, -29.901848], [-51.233116, -29.90185]]]}, "properties": {"info": {"is_agg": true, "properties_agg": [{"feature_id": 160956}], "geom_cmp_equals": [false], "geom_cmp_intersec": [0.0005447278411964589]}}},
{"type": "Feature", "geometry": {"type": "Polygon", "coordinates": [[[-51.23203, -29.903645], [-51.231973, -29.903648], [-51.231974, -29.903674], [-51.232031, -29.903671], [-51.23203, -29.903645]]]}, "properties": {}},
{"type": "Feature", "geometry": {"type": "Polygon", "coordinates": [[[-51.237696, -29.902862], [-51.237691, -29.902806], [-51.237657, -29.902808], [-51.23766, -29.902841], [-51.23766, -29.902852], [-51.237661, -29.902864], [-51.237696, -29.902862]]]}, "properties": {}},
{"type": "Feature", "geometry": {"type": "Polygon", "coordinates": [[[-51.235192, -29.904357], [-51.235262, -29.904341], [-51.235275, -29.904382], [-51.235317, -29.904375], [-51.23531, -29.904346], [-51.235306, -29.904333], [-51.235294, -29.904336], [-51.235283, -29.904301], [-51.235187, -29.904323], [-51.235192, -29.904357]]]}, "properties": {}},
{"type": "Feature", "geometry": {"type": "Polygon", "coordinates": [[[-51.236025, -29.901734], [-51.235959, -29.901736], [-51.23596, -29.90176], [-51.236027, -29.901757], [-51.236025, -29.901734]]]}, "properties": {}},
{"type": "Feature", "geometry": {"type": "Polygon", "coordinates": [[[-51.235937, -29.900855], [-51.235968, -29.900851], [-51.235958, -29.900796], [-51.235927, -29.9008], [-51.235937, -29.900855]]]}, "properties": {}},
{"type": "Feature", "geometry": {"type": "Polygon", "coordinates": [[[-51.231531, -29.899363], [-51.231532, -29.8994], [-51.231567, -29.899399], [-51.231566, -29.899362], [-51.231531, -29.899363]]]}, "properties": {}},
{"type": "Feature", "geometry": {"type": "Polygon", "coordinates": [[[-51.239681, -29.903443], [-51.239685, -29.903461], [-51.239701, -29.903457], [-51.239696, -29.90344], [-51.239732, -29.903433], [-51.239723, -29.903388], [-51.239558, -29.90342], [-51.23957, -29.903465], [-51.239681, -29.903443]]]}, "properties": {}},
{"type": "Feature", "geometry": {"type": "Polygon", "coordinates": [[[-51.234194, -29.900535], [-51.234187, -29.900471], [-51.234209, -29.900469], [-51.234205, -29.900433], [-51.234143, -29.900438], [-51.234153, -29.900539], [-51.234194, -29.900535]]]}, "properties": {}},
{"type": "Feature", "geometry": {"type": "Polygon", "coordinates": [[[-51.233728, -29.904693], [-51.233729, -29.904716], [-51.233782, -29.904715], [-51.233782, -29.904692], [-51.233728, -29.904693]]]}, "properties": {}},
{"type": "Feature", "geometry": {"type": "Polygon", "coordinates": [[[-51.235456, -29.902409], [-51.235519, -29.902405], [-51.235517, -29.902389], [-51.235455, -29.902393], [-51.235456, -29.902409]]]}, "properties": {}},
{"type": "Feature", "geometry": {"type": "Polygon", "coordinates": [[[-51.230565, -29.902712], [-51.230569, -29.902769], [-51.230664, -29.902764], [-51.230663, -29.902738], [-51.23071, -29.902736], [-51.230708, -29.902705], [-51.230565, -29.902712]]]}, "properties": {}},
{"type": "Feature", "geometry": {"type": "Polygon", "coordinates": [[[-51.232411, -29.901043], [-51.232406, -29.900971], [-51.232314, -29.900976], [-51.232318, -29.901048], [-51.232411, -29.901043]]]}, "properties": {}},
{"type": "Feature", "geometry": {"type": "Polygon", "coordinates": [[[-51.229953, -29.903044], [-51.22995, -29.902978], [-51.229922, -29.902979], [-51.229926, -29.903045], [-51.229953, -29.903044]]]}, "properties": {}},
{"type": "Feature", "geometry": {"type": "Polygon", "coordinates": [[[-51.23406, -29.89927], [-51.234058, -29.899394], [-51.234107, -29.899395], [-51.234108, -29.899386], [-51.234128, -29.899386], [-51.234128, -29.899279], [-51.234104, -29.899279], [-51.234104, -29.899271], [-51.23406, -29.89927]]]}, "properties": {}},
{"type": "Feature", "geometry": {"type": "Polygon", "coordinates": [[[-51.238379, -29.901658], [-51.238379, -29.901675], [-51.238449, -29.901673], [-51.238448, -29.901656], [-51.238379, -29.901658]]]}, "properties": {}},
{"type": "Feature", "geometry": {"type": "Polygon", "coordinates": [[[-51.237959, -29.899359], [-51.237871, -29.899364], [-51.237875, -29.899413], [-51.237913, -29.899411], [-51.237962, -29.899408], [-51.237959, -29.899359]]]}, "properties": {}},
{"type": "Feature", "geometry": {"type": "Polygon", "coordinates": [[[-51.237806, -29.902456], [-51.237813, -29.90255], [-51.237886, -29.902546], [-51.237883, -29.902506], [-51.237866, -29.902507], [-51.237862, -29.902453], [-51.237806, -29.902456]]]}, "properties": {}},
{"type": "Feature", "geometry": {"type": "Polygon", "coordinates": [[[-51.233069, -29.90074], [-51.233068, -29.900714], [-51.232968, -29.900718], [-51.23297, -29.900745], [-51.232979, -29.900745], [-51.232982, -29.900794], [-51.23301, -29.900793], [-51.23301, -29.900797], [-51.23311, -29.900792], [-51.233107, -29.900739], [-51.233069, -29.90074]]]}, "properties": {}},
{"type": "Feature", "geometry": {"type": "Polygon", "coordinates": [[[-51.238383, -29.903226], [-51.238418, -29.903224], [-51.238415, -29.903174], [-51.23838, -29.903176], [-51.238383, -29.903226]]]}, "properties": {"info": {"is_agg": true, "properties_agg": [{"feature_id": 172073}], "geom_cmp_equals": [false], "geom_cmp_intersec": [0.00024247241115279807]}}},
{"type": "Feature", "geometry": {"type": "Polygon", "coordinates": [[[-51.229749, -29.902056], [-51.229775, -29.902054], [-51.229772, -29.902017], [-51.229746, -29.902019], [-51.229749, -29.902056]]]}, "properties": {}},
{"type": "Feature", "geometry": {"type": "Polygon", "coordinates": [[[-51.237155, -29.9007], [-51.237196, -29.900698], [-51.237194, -29.900676], [-51.237154, -29.900679], [-51.237155, -29.9007]]]}, "properties": {}},
{"type": "Feature", "geometry": {"type": "Polygon", "coordinates": [[[-51.234102, -29.901389], [-51.234104, -29.901408], [-51.234085, -29.901409], [-51.234087, -29.901445], [-51.234117, -29.901443], [-51.234113, -29.901388], [-51.234102, -29.901389]]]}, "properties": {"info": {"is_agg": true, "properties_agg": [{"feature_id": 172320}], "geom_cmp_equals": [false], "geom_cmp_intersec": [0.009874007620037775]}}},
{"type": "Feature", "geometry": {"type": "Polygon", "coordinates": [[[-51.23474, -29.899801], [-51.234737, -29.899867], [-51.234829, -29.89987], [-51.234832, -29.899804], [-51.23474, -29.899801]]]}, "properties": {}},
{"type": "Feature", "geometry": {"type": "Polygon", "coordinates": [[[-51.238376, -29.903339], [-51.238379, -29.903369], [-51.238434, -29.903365], [-51.238431, -29.903335], [-51.238376, -29.903339]]]}, "properties": {}},
{"type": "Feature", "geometry": {"type": "Polygon", "coordinates": [[[-51.233999, -29.900037], [-51.233948, -29.900043], [-51.233963, -29.900143], [-51.234015, -29.900137], [-51.233999, -29.900037]]]}, "properties": {}},
{"type": "Feature", "geometry": {"type": "Polygon", "coordinates": [[[-51.238339, -29.902422], [-51.238344, -29.902487], [-51.238253, -29.902492], [-51.238256, -29.902531], [-51.238317, -29.902527], [-51.238318, -29.902543], [-51.238343, -29.902542], [-51.238342, -29.902526], [-51.238352, -29.902525], [-51.238352, -29.902515], [-51.238383, -29.902514], [-51.238376, -29.90242], [-51.238339, -29.902422]]]}, "properties": {}},
{"type": "Feature", "geometry": {"type": "Polygon", "coordinates": [[[-51.237643, -29.899738], [-51.237652, -29.899844], [-51.237781, -29.899836], [-51.237773, -29.89973], [-51.237643, -29.899738]]]}, "properties": {}},
{"type": "Feature", "geometry": {"type": "Polygon", "coordinates": [[[-51.237444, -29.904314], [-51.237417, -29.904316], [-51.237419, -29.904341], [-51.237411, -29.904341], [-51.237413, -29.904363], [-51.237454, -29.90436], [-51.237519, -29.904356], [-51.237554, -29.904353], [-51.237551, -29.904307], [-51.237444, -29.904314]]]}, "properties": {}},
{"type": "Feature", "geometry": {"type": "Polygon", "coordinates": [[[-51.231164, -29.902344], [-51.231166, -29.902368], [-51.231169, -29.902367], [-51.231171, -29.902393], [-51.231231, -29.902389], [-51.231232, -29.902401], [-51.23129, -29.902398], [-51.231284, -29.902336], [-51.231164, -29.902344]]]}, "properties": {}},
{"type": "Feature", "geometry": {"type": "Polygon", "coordinates": [[[-51.237102, -29.904286], [-51.237107, -29.904351], [-51.237187, -29.904347], [-51.237182, -29.904281], [-51.237102, -29.904286]]]}, "properties": {}},
{"type": "Feature", "geometry": {"type": "Polygon", "coordinates": [[[-51.229472, -29.9026], [-51.229474, -29.902625], [-51.229531, -29.902622], [-51.229529, -29.902596], [-51.229472, -29.9026]]]}, "properties": {}},
{"type": "Feature", "geometry": {"type": "Polygon", "coordinates": [[[-51.230531, -29.902316], [-51.230528, -29.902279], [-51.2305, -29.902281], [-51.230501, -29.9023], [-51.230502, -29.902307], [-51.230502, -29.902317], [-51.230531, -29.902316]]]}, "properties": {}},
{"type": "Feature", "geometry": {"type": "Polygon", "coordinates": [[[-51.238863, -29.902477], [-51.23886, -29.902441], [-51.238751, -29.902449], [-51.238755, -29.902485], [-51.238863, -29.902477]]]}, "properties": {}},
{"type": "Feature", "geometry": {"type": "Polygon", "coordinates": [[[-51.234638, -29.901435], [-51.23465, -29.90152], [-51.234708, -29.901514], [-51.23471, -29.901528], [-51.234765, -29.901525], [-51.234758, -29.901422], [-51.234638, -29.901435]]]}, "properties": {}},
{"type": "Feature", "geometry": {"type": "Polygon", "coordinates": [[[-51.232615, -29.903243], [-51.232559, -29.903247], [-51.232563, -29.903296], [-51.232619, -29.903292], [-51.232615, -29.903243]]]}, "properties": {}},
{"type": "Feature", "geometry": {"type": "Polygon", "coordinates": [[[-51.23528, -29.901734], [-51.235272, -29.901643], [-51.23521, -29.901647], [-51.235213, -29.901686], [-51.235238, -29.901684], [-51.235243, -29.901737], [-51.23528, -29.901734]]]}, "properties": {}},
{"type": "Feature", "geometry": {"type": "Polygon", "coordinates": [[[-51.233232, -29.902856], [-51.233238, -29.902935], [-51.233314, -29.90293], [-51.233326, -29.90293], [-51.23332, -29.90285], [-51.233232, -29.902856]]]}, "properties": {}},
{"type": "Feature", "geometry": {"type": "Polygon", "coordinates": [[[-51.234042, -29.902773], [-51.234046, -29.902821], [-51.23406, -29.90282], [-51.234059, -29.902808], [-51.234079, -29.902807], [-51.234076, -29.902771], [-51.234042, -29.902773]]]}, "properties": {}},
{"type": "Feature", "geometry": {"type": "Polygon", "coordinates": [[[-51.235666, -29.901398], [-51.235666, -29.901402], [-51.235642, -29.901404], [-51.235646, -29.901437], [-51.235667, -29.901435], [-51.235668, -29.901445], [-51.23574, -29.901439], [-51.235734, -29.901392], [-51.235666, -29.901398]]]}, "properties": {}},
{"type": "Feature", "geometry": {"type": "Polygon", "coordinates": [[[-51.233399, -29.899494], [-51.233399, -29.899464], [-51.233381, -29.899464], [-51.233382, -29.899449], [-51.233342, -29.899448], [-51.233342, -29.899463], [-51.233311, -29.899462], [-51.233311, -29.899491], [-51.233399, -29.899494]]]}, "properties": {}},
{"type": "Feature", "geometry": {"type": "Polygon", "coordinates": [[[-51.236682, -29.902726], [-51.236651, -29.902729], [-51.236619, -29.902732], [-51.236605, -29.902733], [-51.236615, -29.902866], [-51.236724, -29.902859], [-51.236722, -29.902838], [-51.236718, -29.902783], [-51.236716, -29.902755], [-51.236714, -29.902728], [-51.236713, -29.902727], [-51.236713, -29.902724], [-51.236682, -29.902726]]]}, "properties": {}},
{"type": "Feature", "geometry": {"type": "Polygon", "coordinates": [[[-51.2353, -29.904119], [-51.235288, -29.904075], [-51.235279, -29.904076], [-51.235277, -29.904069], [-51.235257, -29.904073], [-51.235262, -29.904091], [-51.235247, -29.904095], [-51.235256, -29.904129], [-51.2353, -29.904119]]]}, "properties": {}},
{"type": "Feature", "geometry": {"type": "Polygon", "coordinates": [[[-51.233266, -29.904121], [-51.233271, -29.904183], [-51.233389, -29.904176], [-51.233384, -29.904114], [-51.233266, -29.904121]]]}, "properties": {}},
{"type": "Feature", "geometry": {"type": "Polygon", "coordinates": [[[-51.233689, -29.900532], [-51.233703, -29.900639], [-51.233731, -29.900636], [-51.233717, -29.900529], [-51.233689, -29.900532]]]}, "properties": {}},
{"type": "Feature", "geometry": {"type": "Polygon", "coordinates": [[[-51.23442, -29.904628], [-51.234325, -29.904633], [-51.234326, -29.904646], [-51.234332, -29.904731], [-51.234438, -29.904725], [-51.234439, -29.904744], [-51.234482, -29.904742], [-51.234481, -29.904723], [-51.234476, -29.904647], [-51.234475, -29.904628], [-51.234449, -29.904629], [-51.23445, -29.904649], [-51.234445, -29.904649], [-51.234445, -29.90464], [-51.234421, -29.904641], [-51.23442, -29.904628]]]}, "properties": {}},
{"type": "Feature", "geometry": {"type": "Polygon", "coordinates": [[[-51.233947, -29.903485], [-51.233952, -29.903558], [-51.234045, -29.903553], [-51.23404, -29.903479], [-51.233947, -29.903485]]]}, "properties": {}},
{"type": "Feature", "geometry": {"type": "Polygon", "coordinates": [[[-51.229532, -29.902665], [-51.229448, -29.90267], [-51.229445, -29.902632], [-51.22941, -29.902634], [-51.229413, -29.902672], [-51.229441, -29.902671], [-51.229445, -29.902724], [-51.229536, -29.902718], [-51.229532, -29.902665]]]}, "properties": {}},
{"type": "Feature", "geometry": {"type": "Polygon", "coordinates": [[[-51.236752, -29.900824], [-51.23681, -29.900822], [-51.236795, -29.900712], [-51.236738, -29.900718], [-51.236752, -29.900824]]]}, "properties": {}},
{"type": "Feature", "geometry": {"type": "Polygon", "coordinates": [[[-51.232507, -29.903322], [-51.232463, -29.903325], [-51.232464, -29.903346], [-51.232508, -29.903343], [-51.232507, -29.903322]]]}, "properties": {}},
{"type": "Feature", "geometry": {"type": "Polygon", "coordinates": [[[-51.232705, -29.901956], [-51.232712, -29.90205], [-51.232787, -29.902046], [-51.23278, -29.901952], [-51.232705, -29.901956]]]}, "properties": {}},
{"type": "Feature", "geometry": {"type": "Polygon", "coordinates": [[[-51.233027, -29.90215], [-51.23309, -29.902148], [-51.233088, -29.902095], [-51.233026, -29.902097], [-51.233027, -29.90215]]]}, "properties": {}},
{"type": "Feature", "geometry": {"type": "Polygon", "coordinates": [[[-51.23492, -29.900922], [-51.234921, -29.90094], [-51.234892, -29.900942], [-51.234895, -29.900978], [-51.234954, -29.900974], [-51.234952, -29.900943], [-51.234967, -29.900943], [-51.234965, -29.90092], [-51.23492, -29.900922]]]}, "properties": {}},
{"type": "Feature", "geometry": {"type": "Polygon", "coordinates": [[[-51.235992, -29.903307], [-51.235993, -29.903318], [-51.23595, -29.903321], [-51.235953, -29.903366], [-51.236016, -29.903363], [-51.236012, -29.903306], [-51.235992, -29.903307]]]}, "properties": {}},
{"type": "Feature", "geometry": {"type": "Polygon", "coordinates": [[[-51.237609, -29.899334], [-51.237615, -29.8994], [-51.237683, -29.899395], [-51.237676, -29.899329], [-51.237609, -29.899334]]]}, "properties": {}},
{"type": "Feature", "geometry": {"type": "Polygon", "coordinates": [[[-51.238733, -29.899298], [-51.238654, -29.899309], [-51.238679, -29.899451], [-51.238759, -29.89944], [-51.238733, -29.899298]]]}, "properties": {}},
{"type": "Feature", "geometry": {"type": "Polygon", "coordinates": [[[-51.233934, -29.900843], [-51.233945, -29.900842], [-51.233947, -29.90086], [-51.233998, -29.900856], [-51.233994, -29.900815], [-51.233932, -29.900819], [-51.233934, -29.900843]]]}, "properties": {}},
{"type": "Feature", "geometry": {"type": "Polygon", "coordinates": [[[-51.235734, -29.904388], [-51.235715, -29.904391], [-51.235694, -29.904396], [-51.2357, -29.90442], [-51.23572, -29.904417], [-51.235726, -29.904446], [-51.235785, -29.904438], [-51.235774, -29.904379], [-51.235734, -29.904388]]]}, "properties": {}},
{"type": "Feature", "geometry": {"type": "Polygon", "coordinates": [[[-51.231331, -29.903617], [-51.231434, -29.903612], [-51.231429, -29.903538], [-51.23147, -29.903536], [-51.231469, -29.903518], [-51.231325, -29.903526], [-51.231331, -29.903617]]]}, "properties": {}},
{"type": "Feature", "geometry": {"type": "Polygon", "coordinates": [[[-51.231305, -29.904797], [-51.231477, -29.904786], [-51.231462, -29.904621], [-51.231291, -29.904632], [-51.231305, -29.904797]]]}, "properties": {}},
{"type": "Feature", "geometry": {"type": "Polygon", "coordinates": [[[-51.237292, -29.899838], [-51.237298, -29.899896], [-51.237364, -29.899891], [-51.237358, -29.899833], [-51.237292, -29.899838]]]}, "properties": {}},
{"type": "Feature", "geometry": {"type": "Polygon", "coordinates": [[[-51.233797, -29.900037], [-51.233731, -29.900045], [-51.233743, -29.900129], [-51.233809, -29.900122], [-51.233797, -29.900037]]]}, "properties": {}},
{"type": "Feature", "geometry": {"type": "Polygon", "coordinates": [[[-51.237862, -29.903906], [-51.237868, -29.903963], [-51.23792, -29.90396], [-51.237926, -29.904034], [-51.237998, -29.904029], [-51.23799, -29.903934], [-51.237974, -29.903935], [-51.237972, -29.903919], [-51.23795, -29.90392], [-51.237948, -29.9039], [-51.237914, -29.903902], [-51.237862, -29.903906]]]}, "properties": {}},
{"type": "Feature", "geometry": {"type": "Polygon", "coordinates": [[[-51.229988, -29.89941], [-51.230059, -29.899406], [-51.230054, -29.899353], [-51.229984, -29.899358], [-51.229988, -29.89941]]]}, "properties": {}},
{"type": "Feature", "geometry": {"type": "Polygon", "coordinates": [[[-51.238, -29.899313], [-51.238008, -29.899381], [-51.237992, -29.899382], [-51.237996, -29.899407], [-51.238011, -29.899405], [-51.238098, -29.899397], [-51.238088, -29.899306], [-51.238, -29.899313]]]}, "properties": {}},
{"type": "Feature", "geometry": {"type": "Polygon", "coordinates": [[[-51.237954, -29.899907], [-51.237958, -29.899956], [-51.238029, -29.899952], [-51.238025, -29.899904], [-51.237954, -29.899907]]]}, "properties": {}},
{"type": "Feature", "geometry": {"type": "Polygon", "coordinates": [[[-51.238818, -29.904451], [-51.238856, -29.904449], [-51.238852, -29.904395], [-51.238814, -29.904396], [-51.238818, -29.904451]]]}, "properties": {}},
{"type": "Feature", "geometry": {"type": "Polygon", "coordinates": [[[-51.23088, -29.903457], [-51.230907, -29.903456], [-51.230905, -29.903415], [-51.230818, -29.903419], [-51.23082, -29.903459], [-51.23088, -29.903457]]]}, "properties": {}},
{"type": "Feature", "geometry": {"type": "Polygon", "coordinates": [[[-51.236468, -29.901344], [-51.236475, -29.901447], [-51.236488, -29.901446], [-51.236487, -29.901429], [-51.236524, -29.901427], [-51.236518, -29.901341], [-51.236468, -29.901344]]]}, "properties": {}},
{"type": "Feature", "geometry": {"type": "Polygon", "coordinates": [[[-51.239348, -29.90458], [-51.239364, -29.904579], [-51.239363, -29.904566], [-51.239436, -29.904562], [-51.239412, -29.904466], [-51.23934, -29.90447], [-51.239348, -29.90458]]]}, "properties": {}},
{"type": "Feature", "geometry": {"type": "Polygon", "coordinates": [[[-51.232964, -29.899934], [-51.232965, -29.899962], [-51.232998, -29.899961], [-51.233069, -29.89996], [-51.233069, -29.899945], [-51.233066, -29.899868], [-51.233065, -29.899841], [-51.233065, -29.899828], [-51.233042, -29.899828], [-51.233041, -29.899814], [-51.233012, -29.899815], [-51.232995, -29.899815], [-51.232996, -29.899843], [-51.232994, -29.899843], [-51.23296, -29.899844], [-51.232964, -29.899934]]]}, "properties": {}},
{"type": "Feature", "geometry": {"type": "Polygon", "coordinates": [[[-51.23138, -29.902405], [-51.231385, -29.902456], [-51.231444, -29.902451], [-51.231444, -29.902445], [-51.231469, -29.902443], [-51.231466, -29.90242], [-51.231444, -29.902422], [-51.231441, -29.9024], [-51.23138, -29.902405]]]}, "properties": {}},
{"type": "Feature", "geometry": {"type": "Polygon", "coordinates": [[[-51.235994, -29.90452], [-51.235946, -29.904525], [-51.23595, -29.904553], [-51.235955, -29.904552], [-51.235981, -29.904549], [-51.235985, -29.904549], [-51.235998, -29.904547], [-51.235994, -29.90452]]]}, "properties": {}},
{"type": "Feature", "geometry": {"type": "Polygon", "coordinates": [[[-51.238685, -29.900057], [-51.238664, -29.899979], [-51.238637, -29.899985], [-51.238645, -29.900015], [-51.23859, -29.900026], [-51.238603, -29.900075], [-51.238685, -29.900057]]]}, "properties": {}},
{"type": "Feature", "geometry": {"type": "Polygon", "coordinates": [[[-51.229437, -29.904061], [-51.229524, -29.904053], [-51.229519, -29.904014], [-51.229501, -29.904015], [-51.229478, -29.904016], [-51.229463, -29.904017], [-51.229448, -29.904017], [-51.229432, -29.904018], [-51.229437, -29.904061]]]}, "properties": {}},
{"type": "Feature", "geometry": {"type": "Polygon", "coordinates": [[[-51.233095, -29.901431], [-51.233098, -29.901493], [-51.233113, -29.901492], [-51.233114, -29.901502], [-51.233245, -29.901496], [-51.233241, -29.901425], [-51.233095, -29.901431]]]}, "properties": {}},
{"type": "Feature", "geometry": {"type": "Polygon", "coordinates": [[[-51.23563, -29.901092], [-51.235605, -29.901093], [-51.235608, -29.901137], [-51.235633, -29.901136], [-51.23563, -29.901092]]]}, "properties": {}},
{"type": "Feature", "geometry": {"type": "Polygon", "coordinates": [[[-51.237847, -29.902577], [-51.237849, -29.902599], [-51.237889, -29.902596], [-51.237888, -29.902575], [-51.237847, -29.902577]]]}, "properties": {"info": {"is_agg": true, "properties_agg": [{"feature_id": 164122}], "geom_cmp_equals": [false], "geom_cmp_intersec": [0.0033663654261535197]}}},
{"type": "Feature", "geometry": {"type": "Polygon", "coordinates": [[[-51.231974, -29.904716], [-51.231957, -29.904717], [-51.231958, -29.90473], [-51.231993, -29.904728], [-51.231988, -29.904661], [-51.23197, -29.904662], [-51.231974, -29.904716]]]}, "properties": {"info": {"is_agg": true, "properties_agg": [{"feature_id": 163118}], "geom_cmp_equals": [false], "geom_cmp_intersec": [0]}}},
{"type": "Feature", "geometry": {"type": "Polygon", "coordinates": [[[-51.230404, -29.901154], [-51.230397, -29.901154], [-51.230395, -29.901123], [-51.230389, -29.901123], [-51.230388, -29.90111], [-51.230338, -29.901113], [-51.230336, -29.901079], [-51.2303, -29.901081], [-51.230309, -29.901211], [-51.230407, -29.901206], [-51.230404, -29.901154]]]}, "properties": {}},
{"type": "Feature", "geometry": {"type": "Polygon", "coordinates": [[[-51.230034, -29.900719], [-51.230029, -29.900652], [-51.230027, -29.900633], [-51.229961, -29.900637], [-51.229962, -29.900656], [-51.229967, -29.900712], [-51.229968, -29.900723], [-51.230034, -29.900719]]]}, "properties": {}},
{"type": "Feature", "geometry": {"type": "Polygon", "coordinates": [[[-51.236257, -29.901125], [-51.236293, -29.901121], [-51.2363, -29.901175], [-51.236355, -29.90117], [-51.236341, -29.901059], [-51.23631, -29.901062], [-51.236308, -29.901051], [-51.236273, -29.901054], [-51.236272, -29.901043], [-51.236247, -29.901045], [-51.236257, -29.901125]]]}, "properties": {}},
{"type": "Feature", "geometry": {"type": "Polygon", "coordinates": [[[-51.235516, -29.899498], [-51.235519, -29.899524], [-51.235575, -29.899519], [-51.235573, -29.899493], [-51.235516, -29.899498]]]}, "properties": {"info": {"is_agg": true, "properties_agg": [{"feature_id": 172177}], "geom_cmp_equals": [false], "geom_cmp_intersec": [0]}}},
{"type": "Feature", "geometry": {"type": "Polygon", "coordinates": [[[-51.23511, -29.902916], [-51.235108, -29.902873], [-51.235108, -29.902871], [-51.235065, -29.902873], [-51.235068, -29.902919], [-51.23511, -29.902916]]]}, "properties": {}},
{"type": "Feature", "geometry": {"type": "Polygon", "coordinates": [[[-51.236246, -29.90146], [-51.236243, -29.901432], [-51.236234, -29.901434], [-51.236202, -29.901439], [-51.236199, -29.901423], [-51.236122, -29.901436], [-51.236126, -29.901479], [-51.236239, -29.901461], [-51.236246, -29.90146]]]}, "properties": {}},
{"type": "Feature", "geometry": {"type": "Polygon", "coordinates": [[[-51.232642, -29.900533], [-51.232608, -29.900533], [-51.232608, -29.900596], [-51.232704, -29.900596], [-51.232704, -29.900494], [-51.232641, -29.900494], [-51.232642, -29.900533]]]}, "properties": {}},
{"type": "Feature", "geometry": {"type": "Polygon", "coordinates": [[[-51.235841, -29.904547], [-51.235831, -29.904498], [-51.23575, -29.904511], [-51.23576, -29.90456], [-51.235841, -29.904547]]]}, "properties": {}},
{"type": "Feature", "geometry": {"type": "Polygon", "coordinates": [[[-51.237632, -29.90329], [-51.237575, -29.903293], [-51.237579, -29.903341], [-51.237635, -29.903339], [-51.237632, -29.9033], [-51.237654, -29.903299], [-51.237653, -29.903279], [-51.237652, -29.90327], [-51.23763, -29.90327], [-51.237632, -29.90329]]]}, "properties": {}},
{"type": "Feature", "geometry": {"type": "Polygon", "coordinates": [[[-51.233017, -29.901046], [-51.233126, -29.901041], [-51.233123, -29.900989], [-51.233014, -29.900994], [-51.233017, -29.901046]]]}, "properties": {}},
{"type": "Feature", "geometry": {"type": "Polygon", "coordinates": [[[-51.230052, -29.900287], [-51.23005, -29.90025], [-51.229948, -29.900255], [-51.22995, -29.900292], [-51.230052, -29.900287]]]}, "properties": {}},
{"type": "Feature", "geometry": {"type": "Polygon", "coordinates": [[[-51.237374, -29.903242], [-51.237377, -29.903275], [-51.237439, -29.903271], [-51.237436, -29.903239], [-51.237374, -29.903242]]]}, "properties": {}},
{"type": "Feature", "geometry": {"type": "Polygon", "coordinates": [[[-51.233002, -29.903396], [-51.232945, -29.9034], [-51.232948, -29.903435], [-51.232928, -29.903436], [-51.232929, -29.90345], [-51.232949, -29.903448], [-51.232952, -29.903476], [-51.233008, -29.903473], [-51.233007, -29.903459], [-51.233005, -29.903432], [-51.233002, -29.903396]]]}, "properties": {}},
{"type": "Feature", "geometry": {"type": "Polygon", "coordinates": [[[-51.234081, -29.903551], [-51.234088, -29.903642], [-51.234113, -29.90364], [-51.234106, -29.90355], [-51.234081, -29.903551]]]}, "properties": {}},
{"type": "Feature", "geometry": {"type": "Polygon", "coordinates": [[[-51.234799, -29.903663], [-51.234845, -29.90366], [-51.234843, -29.903638], [-51.234887, -29.903635], [-51.234889, -29.903657], [-51.234948, -29.903653], [-51.234938, -29.903545], [-51.234788, -29.903556], [-51.234799, -29.903663]]]}, "properties": {}},
{"type": "Feature", "geometry": {"type": "Polygon", "coordinates": [[[-51.234126, -29.900872], [-51.234063, -29.900875], [-51.234066, -29.900928], [-51.234129, -29.900925], [-51.234126, -29.900872]]]}, "properties": {}},
{"type": "Feature", "geometry": {"type": "Polygon", "coordinates": [[[-51.231321, -29.901692], [-51.231325, -29.901739], [-51.2313, -29.90174], [-51.231302, -29.901766], [-51.231349, -29.901764], [-51.231348, -29.901753], [-51.231449, -29.901747], [-51.231444, -29.901685], [-51.231321, -29.901692]]]}, "properties": {}},
{"type": "Feature", "geometry": {"type": "Polygon", "coordinates": [[[-51.234287, -29.901042], [-51.234217, -29.901047], [-51.234219, -29.901072], [-51.234227, -29.901071], [-51.234228, -29.901091], [-51.234291, -29.901087], [-51.234287, -29.901042]]]}, "properties": {}},
{"type": "Feature", "geometry": {"type": "Polygon", "coordinates": [[[-51.233724, -29.900926], [-51.233729, -29.900982], [-51.233793, -29.900978], [-51.233792, -29.900967], [-51.233842, -29.900964], [-51.233838, -29.900919], [-51.233724, -29.900926]]]}, "properties": {}},
{"type": "Feature", "geometry": {"type": "Polygon", "coordinates": [[[-51.235777, -29.901635], [-51.235781, -29.901683], [-51.235853, -29.901679], [-51.235851, -29.901643], [-51.235872, -29.901642], [-51.235871, -29.90163], [-51.235777, -29.901635]]]}, "properties": {}},
{"type": "Feature", "geometry": {"type": "Polygon", "coordinates": [[[-51.239035, -29.901774], [-51.239018, -29.901668], [-51.238957, -29.901676], [-51.238974, -29.901782], [-51.239035, -29.901774]]]}, "properties": {}},
{"type": "Feature", "geometry": {"type": "Polygon", "coordinates": [[[-51.233109, -29.90386], [-51.233114, -29.903913], [-51.2332, -29.903906], [-51.233195, -29.903854], [-51.233109, -29.90386]]]}, "properties": {}},
{"type": "Feature", "geometry": {"type": "Polygon", "coordinates": [[[-51.231195, -29.901951], [-51.231196, -29.901972], [-51.231109, -29.901977], [-51.231113, -29.902034], [-51.231213, -29.902028], [-51.231214, -29.902039], [-51.23129, -29.902035], [-51.231289, -29.902023], [-51.231269, -29.902025], [-51.231265, -29.901972], [-51.231275, -29.901972], [-51.231273, -29.901946], [-51.231195, -29.901951]]]}, "properties": {}},
{"type": "Feature", "geometry": {"type": "Polygon", "coordinates": [[[-51.234155, -29.901059], [-51.234065, -29.901063], [-51.234069, -29.90114], [-51.234159, -29.901135], [-51.234155, -29.901059]]]}, "properties": {}},
{"type": "Feature", "geometry": {"type": "Polygon", "coordinates": [[[-51.23013, -29.903106], [-51.230048, -29.90311], [-51.230049, -29.903133], [-51.23005, -29.90315], [-51.230091, -29.903148], [-51.230133, -29.903146], [-51.23013, -29.903106]]]}, "properties": {}},
{"type": "Feature", "geometry": {"type": "Polygon", "coordinates": [[[-51.234968, -29.902176], [-51.234971, -29.902213], [-51.235043, -29.902208], [-51.235041, -29.902192], [-51.23506, -29.902191], [-51.235058, -29.90217], [-51.234968, -29.902176]]]}, "properties": {}},
{"type": "Feature", "geometry": {"type": "Polygon", "coordinates": [[[-51.238391, -29.901607], [-51.238393, -29.901657], [-51.238448, -29.901656], [-51.238446, -29.901605], [-51.238391, -29.901607]]]}, "properties": {}},
{"type": "Feature", "geometry": {"type": "Polygon", "coordinates": [[[-51.231238, -29.903882], [-51.231238, -29.903886], [-51.231338, -29.90388], [-51.231339, -29.903893], [-51.231426, -29.903888], [-51.231463, -29.903886], [-51.231461, -29.903859], [-51.231424, -29.903861], [-51.231421, -29.903823], [-51.231419, -29.903793], [-51.231366, -29.903796], [-51.231367, -29.903818], [-51.231234, -29.903825], [-51.231237, -29.903863], [-51.231201, -29.903865], [-51.231202, -29.903884], [-51.231238, -29.903882]]]}, "properties": {}},
{"type": "Feature", "geometry": {"type": "Polygon", "coordinates": [[[-51.237695, -29.901617], [-51.237698, -29.901659], [-51.237733, -29.901657], [-51.237731, -29.901639], [-51.237749, -29.901638], [-51.237747, -29.901615], [-51.237695, -29.901617]]]}, "properties": {}},
{"type": "Feature", "geometry": {"type": "Polygon", "coordinates": [[[-51.236627, -29.899413], [-51.236635, -29.899513], [-51.236635, -29.899514], [-51.23666, -29.899513], [-51.236702, -29.89951], [-51.2367, -29.899485], [-51.236699, -29.899472], [-51.236698, -29.89946], [-51.236696, -29.899434], [-51.236695, -29.899409], [-51.236627, -29.899413]]]}, "properties": {}},
{"type": "Feature", "geometry": {"type": "Polygon", "coordinates": [[[-51.235782, -29.900268], [-51.235788, -29.900339], [-51.235755, -29.900341], [-51.235762, -29.900417], [-51.235825, -29.900412], [-51.235811, -29.900251], [-51.235747, -29.900256], [-51.235748, -29.90027], [-51.235782, -29.900268]]]}, "properties": {}},
{"type": "Feature", "geometry": {"type": "Polygon", "coordinates": [[[-51.236114, -29.900442], [-51.236086, -29.900445], [-51.236093, -29.900504], [-51.236121, -29.900501], [-51.236114, -29.900442]]]}, "properties": {}},
{"type": "Feature", "geometry": {"type": "Polygon", "coordinates": [[[-51.239284, -29.902395], [-51.239177, -29.9024], [-51.23918, -29.902448], [-51.239287, -29.902443], [-51.239284, -29.902395]]]}, "properties": {}},
{"type": "Feature", "geometry": {"type": "Polygon", "coordinates": [[[-51.237866, -29.902152], [-51.237874, -29.902222], [-51.237947, -29.902215], [-51.237939, -29.902145], [-51.237866, -29.902152]]]}, "properties": {}},
{"type": "Feature", "geometry": {"type": "Polygon", "coordinates": [[[-51.234785, -29.900897], [-51.234795, -29.901001], [-51.234862, -29.900996], [-51.234853, -29.900892], [-51.234785, -29.900897]]]}, "properties": {}},
{"type": "Feature", "geometry": {"type": "Polygon", "coordinates": [[[-51.239095, -29.901182], [-51.239084, -29.901134], [-51.23903, -29.901143], [-51.23904, -29.901191], [-51.239095, -29.901182]]]}, "properties": {}},
{"type": "Feature", "geometry": {"type": "Polygon", "coordinates": [[[-51.236864, -29.902141], [-51.236869, -29.902216], [-51.236911, -29.902214], [-51.236906, -29.902139], [-51.236864, -29.902141]]]}, "properties": {}},
{"type": "Feature", "geometry": {"type": "Polygon", "coordinates": [[[-51.237949, -29.900749], [-51.237904, -29.900752], [-51.237907, -29.900777], [-51.237952, -29.900773], [-51.237949, -29.900749]]]}, "properties": {"info": {"is_agg": true, "properties_agg": [{"feature_id": 170476}], "geom_cmp_equals": [false], "geom_cmp_intersec": [0]}}},
{"type": "Feature", "geometry": {"type": "Polygon", "coordinates": [[[-51.232737, -29.899419], [-51.232735, -29.899337], [-51.232661, -29.899338], [-51.232663, -29.89942], [-51.232737, -29.899419]]]}, "properties": {}},
{"type": "Feature", "geometry": {"type": "Polygon", "coordinates": [[[-51.233809, -29.902333], [-51.233738, -29.902347], [-51.233757, -29.902426], [-51.233828, -29.902412], [-51.233809, -29.902333]]]}, "properties": {}},
{"type": "Feature", "geometry": {"type": "Polygon", "coordinates": [[[-51.237555, -29.90073], [-51.237552, -29.900707], [-51.237491, -29.900712], [-51.237493, -29.900735], [-51.237555, -29.90073]]]}, "properties": {}},
{"type": "Feature", "geometry": {"type": "Polygon", "coordinates": [[[-51.233833, -29.901893], [-51.233846, -29.901983], [-51.233887, -29.901978], [-51.233874, -29.901889], [-51.233833, -29.901893]]]}, "properties": {}},
{"type": "Feature", "geometry": {"type": "Polygon", "coordinates": [[[-51.230598, -29.902021], [-51.230595, -29.901972], [-51.230539, -29.901974], [-51.230541, -29.902008], [-51.230518, -29.902009], [-51.230519, -29.902024], [-51.230542, -29.902024], [-51.230598, -29.902021]]]}, "properties": {}},
{"type": "Feature", "geometry": {"type": "Polygon", "coordinates": [[[-51.238739, -29.900238], [-51.238658, -29.900253], [-51.238666, -29.900286], [-51.238747, -29.900271], [-51.238739, -29.900238]]]}, "properties": {}},
{"type": "Feature", "geometry": {"type": "Polygon", "coordinates": [[[-51.233455, -29.901613], [-51.233461, -29.901691], [-51.233632, -29.901681], [-51.233626, -29.901603], [-51.233455, -29.901613]]]}, "properties": {}},
{"type": "Feature", "geometry": {"type": "Polygon", "coordinates": [[[-51.232751, -29.903877], [-51.232581, -29.903888], [-51.232586, -29.903951], [-51.232756, -29.90394], [-51.232751, -29.903877]]]}, "properties": {}},
{"type": "Feature", "geometry": {"type": "Polygon", "coordinates": [[[-51.231918, -29.902181], [-51.231919, -29.902194], [-51.231865, -29.902197], [-51.23187, -29.902258], [-51.231948, -29.902254], [-51.231942, -29.90218], [-51.231918, -29.902181]]]}, "properties": {}},
{"type": "Feature", "geometry": {"type": "Polygon", "coordinates": [[[-51.237652, -29.899844], [-51.237657, -29.899908], [-51.237704, -29.899905], [-51.237702, -29.899877], [-51.237784, -29.899872], [-51.237781, -29.899836], [-51.237652, -29.899844]]]}, "properties": {}},
{"type": "Feature", "geometry": {"type": "Polygon", "coordinates": [[[-51.230687, -29.90157], [-51.23069, -29.901637], [-51.230775, -29.901634], [-51.230771, -29.901567], [-51.230687, -29.90157]]]}, "properties": {}},
{"type": "Feature", "geometry": {"type": "Polygon", "coordinates": [[[-51.235069, -29.900541], [-51.2351, -29.900541], [-51.2351, -29.900524], [-51.235137, -29.900524], [-51.235137, -29.900486], [-51.235069, -29.900486], [-51.235069, -29.900541]]]}, "properties": {}},
{"type": "Feature", "geometry": {"type": "Polygon", "coordinates": [[[-51.235542, -29.901435], [-51.235545, -29.901456], [-51.235607, -29.901451], [-51.235605, -29.90143], [-51.235542, -29.901435]]]}, "properties": {"info": {"is_agg": true, "properties_agg": [{"feature_id": 163538}], "geom_cmp_equals": [false], "geom_cmp_intersec": [0]}}},
{"type": "Feature", "geometry": {"type": "Polygon", "coordinates": [[[-51.229943, -29.89961], [-51.229944, -29.899694], [-51.230057, -29.899693], [-51.230057, -29.899674], [-51.230029, -29.899674], [-51.230029, -29.89961], [-51.229943, -29.89961]]]}, "properties": {}},
{"type": "Feature", "geometry": {"type": "Polygon", "coordinates": [[[-51.2325, -29.903219], [-51.232525, -29.903218], [-51.232522, -29.903182], [-51.232548, -29.90318], [-51.232547, -29.903167], [-51.232489, -29.90317], [-51.232416, -29.903175], [-51.232422, -29.90324], [-51.232501, -29.903235], [-51.2325, -29.903219]]]}, "properties": {}},
{"type": "Feature", "geometry": {"type": "Polygon", "coordinates": [[[-51.238667, -29.903884], [-51.238607, -29.903887], [-51.238609, -29.903926], [-51.23862, -29.903925], [-51.238624, -29.903996], [-51.238674, -29.903993], [-51.238667, -29.903884]]]}, "properties": {}},
{"type": "Feature", "geometry": {"type": "Polygon", "coordinates": [[[-51.238221, -29.902464], [-51.23822, -29.902451], [-51.238165, -29.902454], [-51.238166, -29.902468], [-51.238221, -29.902464]]]}, "properties": {}},
{"type": "Feature", "geometry": {"type": "Polygon", "coordinates": [[[-51.232635, -29.90095], [-51.232631, -29.900873], [-51.232535, -29.900877], [-51.232539, -29.900954], [-51.232635, -29.90095]]]}, "properties": {}},
{"type": "Feature", "geometry": {"type": "Polygon", "coordinates": [[[-51.235376, -29.900964], [-51.235375, -29.900955], [-51.235427, -29.900952], [-51.235428, -29.900961], [-51.235457, -29.900959], [-51.235453, -29.900927], [-51.235426, -29.900929], [-51.235422, -29.900885], [-51.235426, -29.900885], [-51.235422, -29.900836], [-51.23535, -29.900841], [-51.235351, -29.900853], [-51.23532, -29.900855], [-51.23533, -29.900967], [-51.235376, -29.900964]]]}, "properties": {}},
{"type": "Feature", "geometry": {"type": "Polygon", "coordinates": [[[-51.236725, -29.900623], [-51.236733, -29.900686], [-51.236764, -29.900683], [-51.236755, -29.90062], [-51.236725, -29.900623]]]}, "properties": {}},
{"type": "Feature", "geometry": {"type": "Polygon", "coordinates": [[[-51.237842, -29.90026], [-51.237945, -29.900252], [-51.237936, -29.90017], [-51.237833, -29.900178], [-51.237842, -29.90026]]]}, "properties": {}},
{"type": "Feature", "geometry": {"type": "Polygon", "coordinates": [[[-51.238075, -29.900184], [-51.238083, -29.900275], [-51.238149, -29.900271], [-51.238144, -29.900206], [-51.238163, -29.900205], [-51.238158, -29.900178], [-51.238075, -29.900184]]]}, "properties": {}},
{"type": "Feature", "geometry": {"type": "Polygon", "coordinates": [[[-51.229361, -29.900066], [-51.229258, -29.900071], [-51.229262, -29.900116], [-51.229245, -29.900117], [-51.229243, -29.900094], [-51.22923, -29.900095], [-51.229235, -29.900151], [-51.229367, -29.900144], [-51.229361, -29.900066]]]}, "properties": {}},
{"type": "Feature", "geometry": {"type": "Polygon", "coordinates": [[[-51.233171, -29.901348], [-51.233148, -29.901349], [-51.233151, -29.901404], [-51.233174, -29.901403], [-51.233171, -29.901348]]]}, "properties": {}},
{"type": "Feature", "geometry": {"type": "Polygon", "coordinates": [[[-51.235626, -29.899356], [-51.235629, -29.899374], [-51.235714, -29.899366], [-51.235712, -29.899349], [-51.235626, -29.899356]]]}, "properties": {}},
{"type": "Feature", "geometry": {"type": "Polygon", "coordinates": [[[-51.236276, -29.899986], [-51.236276, -29.899995], [-51.236331, -29.899992], [-51.236323, -29.899893], [-51.236317, -29.899893], [-51.236249, -29.899897], [-51.236251, -29.899924], [-51.236268, -29.899923], [-51.236271, -29.899962], [-51.236254, -29.899963], [-51.236255, -29.899987], [-51.236276, -29.899986]]]}, "properties": {}},
{"type": "Feature", "geometry": {"type": "Polygon", "coordinates": [[[-51.239071, -29.901501], [-51.239061, -29.901452], [-51.239005, -29.901461], [-51.239015, -29.90151], [-51.239071, -29.901501]]]}, "properties": {}},
{"type": "Feature", "geometry": {"type": "Polygon", "coordinates": [[[-51.234796, -29.899942], [-51.234703, -29.899936], [-51.234697, -29.9], [-51.23479, -29.900006], [-51.234796, -29.899942]]]}, "properties": {}},
{"type": "Feature", "geometry": {"type": "Polygon", "coordinates": [[[-51.231747, -29.899474], [-51.231721, -29.899475], [-51.231722, -29.899516], [-51.231748, -29.899515], [-51.231747, -29.899474]]]}, "properties": {}},
{"type": "Feature", "geometry": {"type": "Polygon", "coordinates": [[[-51.235217, -29.899611], [-51.235247, -29.89961], [-51.235241, -29.899516], [-51.23521, -29.899518], [-51.235217, -29.899611]]]}, "properties": {}},
{"type": "Feature", "geometry": {"type": "Polygon", "coordinates": [[[-51.233372, -29.899303], [-51.233343, -29.899305], [-51.233346, -29.899355], [-51.233375, -29.899354], [-51.233372, -29.899303]]]}, "properties": {}},
{"type": "Feature", "geometry": {"type": "Polygon", "coordinates": [[[-51.233112, -29.901726], [-51.233115, -29.901787], [-51.233168, -29.901785], [-51.233167, -29.901775], [-51.233243, -29.901773], [-51.233241, -29.901722], [-51.233112, -29.901726]]]}, "properties": {}},
{"type": "Feature", "geometry": {"type": "Polygon", "coordinates": [[[-51.238465, -29.90307], [-51.238469, -29.903119], [-51.238499, -29.903117], [-51.238501, -29.903142], [-51.238523, -29.903141], [-51.238522, -29.903137], [-51.238545, -29.903136], [-51.238539, -29.903065], [-51.238465, -29.90307]]]}, "properties": {}},
{"type": "Feature", "geometry": {"type": "Polygon", "coordinates": [[[-51.234826, -29.903779], [-51.234828, -29.903807], [-51.234878, -29.903804], [-51.234877, -29.903793], [-51.234914, -29.903791], [-51.234913, -29.903774], [-51.234826, -29.903779]]]}, "properties": {}},
{"type": "Feature", "geometry": {"type": "Polygon", "coordinates": [[[-51.235911, -29.904327], [-51.235906, -29.904241], [-51.235885, -29.904242], [-51.23589, -29.904329], [-51.235911, -29.904327]]]}, "properties": {}},
{"type": "Feature", "geometry": {"type": "Polygon", "coordinates": [[[-51.235426, -29.899921], [-51.235479, -29.899919], [-51.235476, -29.899869], [-51.23544, -29.899871], [-51.235439, -29.899857], [-51.235423, -29.899858], [-51.235426, -29.899921]]]}, "properties": {}},
{"type": "Feature", "geometry": {"type": "Polygon", "coordinates": [[[-51.23257, -29.903175], [-51.232575, -29.90323], [-51.232686, -29.903223], [-51.232681, -29.903168], [-51.23257, -29.903175]]]}, "properties": {}},
{"type": "Feature", "geometry": {"type": "Polygon", "coordinates": [[[-51.230588, -29.901748], [-51.230586, -29.901695], [-51.23056, -29.901696], [-51.230561, -29.901749], [-51.230588, -29.901748]]]}, "properties": {}},
{"type": "Feature", "geometry": {"type": "Polygon", "coordinates": [[[-51.238932, -29.901057], [-51.238864, -29.901068], [-51.23888, -29.901138], [-51.238948, -29.901127], [-51.238932, -29.901057]]]}, "properties": {}},
{"type": "Feature", "geometry": {"type": "Polygon", "coordinates": [[[-51.235635, -29.901175], [-51.235747, -29.901169], [-51.235722, -29.901041], [-51.235627, -29.901046], [-51.235635, -29.901175]]]}, "properties": {}},
{"type": "Feature", "geometry": {"type": "Polygon", "coordinates": [[[-51.2336, -29.899971], [-51.233675, -29.899963], [-51.23367, -29.899929], [-51.233663, -29.89993], [-51.233653, -29.89986], [-51.233585, -29.899867], [-51.2336, -29.899971]]]}, "properties": {}},
{"type": "Feature", "geometry": {"type": "Polygon", "coordinates": [[[-51.232584, -29.899867], [-51.232586, -29.89994], [-51.232652, -29.899938], [-51.23265, -29.899865], [-51.232584, -29.899867]]]}, "properties": {}},
{"type": "Feature", "geometry": {"type": "Polygon", "coordinates": [[[-51.230393, -29.900868], [-51.230382, -29.900869], [-51.230372, -29.900728], [-51.230277, -29.900733], [-51.230285, -29.900827], [-51.23032, -29.900825], [-51.230322, -29.900854], [-51.230288, -29.900856], [-51.230291, -29.900896], [-51.23033, -29.900894], [-51.230334, -29.900938], [-51.230398, -29.900934], [-51.230393, -29.900868]]]}, "properties": {}},
{"type": "Feature", "geometry": {"type": "Polygon", "coordinates": [[[-51.239439, -29.90284], [-51.239476, -29.902834], [-51.239482, -29.902861], [-51.239501, -29.902858], [-51.23949, -29.902807], [-51.239434, -29.902816], [-51.239439, -29.90284]]]}, "properties": {}},
{"type": "Feature", "geometry": {"type": "Polygon", "coordinates": [[[-51.231616, -29.904559], [-51.231619, -29.904597], [-51.231696, -29.904592], [-51.231693, -29.904554], [-51.231616, -29.904559]]]}, "properties": {}},
{"type": "Feature", "geometry": {"type": "Polygon", "coordinates": [[[-51.234652, -29.900956], [-51.234657, -29.901011], [-51.234761, -29.901004], [-51.234756, -29.900949], [-51.234652, -29.900956]]]}, "properties": {}},
{"type": "Feature", "geometry": {"type": "Polygon", "coordinates": [[[-51.234942, -29.902225], [-51.234947, -29.902277], [-51.235066, -29.90227], [-51.235062, -29.902218], [-51.234942, -29.902225]]]}, "properties": {}},
{"type": "Feature", "geometry": {"type": "Polygon", "coordinates": [[[-51.234683, -29.902446], [-51.234781, -29.90244], [-51.234777, -29.902386], [-51.234679, -29.902391], [-51.234683, -29.902446]]]}, "properties": {}},
{"type": "Feature", "geometry": {"type": "Polygon", "coordinates": [[[-51.236417, -29.902641], [-51.236421, -29.902688], [-51.236463, -29.902685], [-51.236459, -29.902639], [-51.236417, -29.902641]]]}, "properties": {}},
{"type": "Feature", "geometry": {"type": "Polygon", "coordinates": [[[-51.233695, -29.904626], [-51.233696, -29.904693], [-51.233782, -29.904692], [-51.23378, -29.904624], [-51.233695, -29.904626]]]}, "properties": {}},
{"type": "Feature", "geometry": {"type": "Polygon", "coordinates": [[[-51.235959, -29.901979], [-51.235961, -29.901999], [-51.236013, -29.901997], [-51.236012, -29.901976], [-51.235959, -29.901979]]]}, "properties": {}},
{"type": "Feature", "geometry": {"type": "Polygon", "coordinates": [[[-51.231944, -29.901909], [-51.231948, -29.901972], [-51.232055, -29.901967], [-51.232051, -29.901904], [-51.231944, -29.901909]]]}, "properties": {}},
{"type": "Feature", "geometry": {"type": "Polygon", "coordinates": [[[-51.234803, -29.900355], [-51.234808, -29.900419], [-51.234863, -29.900414], [-51.234856, -29.90035], [-51.234803, -29.900355]]]}, "properties": {}},
{"type": "Feature", "geometry": {"type": "Polygon", "coordinates": [[[-51.235437, -29.903546], [-51.23544, -29.903594], [-51.235503, -29.903591], [-51.235499, -29.903543], [-51.235437, -29.903546]]]}, "properties": {}},
{"type": "Feature", "geometry": {"type": "Polygon", "coordinates": [[[-51.235197, -29.899811], [-51.235195, -29.899784], [-51.235158, -29.899786], [-51.235163, -29.89988], [-51.235182, -29.899879], [-51.235181, -29.899861], [-51.23522, -29.89986], [-51.235221, -29.899889], [-51.235234, -29.899889], [-51.235229, -29.89981], [-51.235197, -29.899811]]]}, "properties": {}},
{"type": "Feature", "geometry": {"type": "Polygon", "coordinates": [[[-51.235725, -29.904137], [-51.235762, -29.904137], [-51.235762, -29.904098], [-51.235697, -29.904098], [-51.235697, -29.904137], [-51.235725, -29.904137]]]}, "properties": {}},
{"type": "Feature", "geometry": {"type": "Polygon", "coordinates": [[[-51.232919, -29.904023], [-51.232926, -29.904111], [-51.232997, -29.904107], [-51.232992, -29.904043], [-51.233023, -29.904041], [-51.233021, -29.904017], [-51.232919, -29.904023]]]}, "properties": {}},
{"type": "Feature", "geometry": {"type": "Polygon", "coordinates": [[[-51.235362, -29.899427], [-51.235409, -29.899423], [-51.235404, -29.899383], [-51.235357, -29.899388], [-51.235362, -29.899427]]]}, "properties": {}},
{"type": "Feature", "geometry": {"type": "Polygon", "coordinates": [[[-51.234117, -29.900614], [-51.234122, -29.900664], [-51.23415, -29.900661], [-51.234145, -29.900612], [-51.234117, -29.900614]]]}, "properties": {}},
{"type": "Feature", "geometry": {"type": "Polygon", "coordinates": [[[-51.234237, -29.900043], [-51.234239, -29.900084], [-51.234299, -29.900081], [-51.234297, -29.900041], [-51.234237, -29.900043]]]}, "properties": {}},
{"type": "Feature", "geometry": {"type": "Polygon", "coordinates": [[[-51.236416, -29.899493], [-51.236409, -29.899441], [-51.236383, -29.899443], [-51.23639, -29.899495], [-51.236416, -29.899493]]]}, "properties": {}},
{"type": "Feature", "geometry": {"type": "Polygon", "coordinates": [[[-51.229532, -29.902665], [-51.22953, -29.902639], [-51.229446, -29.902644], [-51.229448, -29.90267], [-51.229532, -29.902665]]]}, "properties": {}},
{"type": "Feature", "geometry": {"type": "Polygon", "coordinates": [[[-51.230196, -29.900242], [-51.230205, -29.900378], [-51.230233, -29.900377], [-51.23023, -29.900334], [-51.230277, -29.900332], [-51.23027, -29.900238], [-51.230196, -29.900242]]]}, "properties": {}},
{"type": "Feature", "geometry": {"type": "Polygon", "coordinates": [[[-51.233192, -29.90331], [-51.23319, -29.90328], [-51.232933, -29.903296], [-51.232935, -29.903326], [-51.233152, -29.903313], [-51.233157, -29.903372], [-51.233321, -29.903362], [-51.233316, -29.903303], [-51.233192, -29.90331]]]}, "properties": {}},
{"type": "Feature", "geometry": {"type": "Polygon", "coordinates": [[[-51.234189, -29.901568], [-51.234126, -29.901571], [-51.234127, -29.901585], [-51.23419, -29.901582], [-51.234189, -29.901568]]]}, "properties": {}},
{"type": "Feature", "geometry": {"type": "Polygon", "coordinates": [[[-51.236405, -29.900464], [-51.236436, -29.900464], [-51.236436, -29.900433], [-51.236405, -29.900433], [-51.236405, -29.900464]]]}, "properties": {"info": {"is_agg": true, "properties_agg": [{"feature_id": 178675}], "geom_cmp_equals": [false], "geom_cmp_intersec": [0]}}},
{"type": "Feature", "geometry": {"type": "Polygon", "coordinates": [[[-51.236205, -29.903353], [-51.236214, -29.903495], [-51.236269, -29.903493], [-51.23626, -29.903349], [-51.236205, -29.903353]]]}, "properties": {}},
{"type": "Feature", "geometry": {"type": "Polygon", "coordinates": [[[-51.231548, -29.900589], [-51.23155, -29.90062], [-51.231582, -29.900618], [-51.23158, -29.900587], [-51.231548, -29.900589]]]}, "properties": {}},
{"type": "Feature", "geometry": {"type": "Polygon", "coordinates": [[[-51.229967, -29.902958], [-51.229972, -29.90303], [-51.230003, -29.903029], [-51.230005, -29.903064], [-51.230015, -29.903063], [-51.230016, -29.903083], [-51.230037, -29.903082], [-51.23003, -29.902955], [-51.229967, -29.902958]]]}, "properties": {}},
{"type": "Feature", "geometry": {"type": "Polygon", "coordinates": [[[-51.23569, -29.902197], [-51.23569, -29.902228], [-51.235748, -29.902228], [-51.235748, -29.902197], [-51.23569, -29.902197]]]}, "properties": {}},
{"type": "Feature", "geometry": {"type": "Polygon", "coordinates": [[[-51.233536, -29.900805], [-51.233532, -29.90076], [-51.233431, -29.900766], [-51.233435, -29.900812], [-51.233536, -29.900805]]]}, "properties": {}},
{"type": "Feature", "geometry": {"type": "Polygon", "coordinates": [[[-51.230351, -29.899531], [-51.230284, -29.899532], [-51.230285, -29.899582], [-51.230352, -29.899582], [-51.230351, -29.899531]]]}, "properties": {}},
{"type": "Feature", "geometry": {"type": "Polygon", "coordinates": [[[-51.234256, -29.903018], [-51.23426, -29.903085], [-51.234343, -29.903081], [-51.234339, -29.903032], [-51.234292, -29.903035], [-51.234291, -29.903016], [-51.234256, -29.903018]]]}, "properties": {}},
{"type": "Feature", "geometry": {"type": "Polygon", "coordinates": [[[-51.235003, -29.899573], [-51.234991, -29.899506], [-51.23494, -29.899513], [-51.234951, -29.89958], [-51.235003, -29.899573]]]}, "properties": {}},
{"type": "Feature", "geometry": {"type": "Polygon", "coordinates": [[[-51.229418, -29.902725], [-51.229421, -29.902766], [-51.229549, -29.902758], [-51.229546, -29.902717], [-51.229418, -29.902725]]]}, "properties": {}},
{"type": "Feature", "geometry": {"type": "Polygon", "coordinates": [[[-51.237341, -29.901972], [-51.237329, -29.901859], [-51.237235, -29.901867], [-51.237241, -29.901921], [-51.237232, -29.901922], [-51.237239, -29.90198], [-51.237341, -29.901972]]]}, "properties": {}},
{"type": "Feature", "geometry": {"type": "Polygon", "coordinates": [[[-51.236914, -29.904442], [-51.236918, -29.904504], [-51.236974, -29.9045], [-51.23697, -29.90444], [-51.236914, -29.904442]]]}, "properties": {}},
{"type": "Feature", "geometry": {"type": "Polygon", "coordinates": [[[-51.23801, -29.902113], [-51.238012, -29.902142], [-51.238108, -29.902137], [-51.238106, -29.902108], [-51.23801, -29.902113]]]}, "properties": {}},
{"type": "Feature", "geometry": {"type": "Polygon", "coordinates": [[[-51.23305, -29.903061], [-51.233029, -29.903063], [-51.23303, -29.90308], [-51.233024, -29.90308], [-51.233026, -29.903109], [-51.233054, -29.903107], [-51.23305, -29.903061]]]}, "properties": {}},
{"type": "Feature", "geometry": {"type": "Polygon", "coordinates": [[[-51.23323, -29.902438], [-51.233222, -29.902329], [-51.233124, -29.902334], [-51.233129, -29.902442], [-51.23323, -29.902438]]]}, "properties": {}},
{"type": "Feature", "geometry": {"type": "Polygon", "coordinates": [[[-51.229387, -29.900775], [-51.229417, -29.900774], [-51.22941, -29.900666], [-51.22938, -29.900667], [-51.229387, -29.900775]]]}, "properties": {}},
{"type": "Feature", "geometry": {"type": "Polygon", "coordinates": [[[-51.236263, -29.903349], [-51.236266, -29.903391], [-51.236389, -29.903384], [-51.236386, -29.903342], [-51.236263, -29.903349]]]}, "properties": {}},
{"type": "Feature", "geometry": {"type": "Polygon", "coordinates": [[[-51.235877, -29.90114], [-51.235941, -29.901132], [-51.235934, -29.901088], [-51.23587, -29.901096], [-51.235877, -29.90114]]]}, "properties": {}},
{"type": "Feature", "geometry": {"type": "Polygon", "coordinates": [[[-51.232567, -29.902805], [-51.232573, -29.902895], [-51.232647, -29.902891], [-51.232641, -29.902802], [-51.232567, -29.902805]]]}, "properties": {}},
{"type": "Feature", "geometry": {"type": "Polygon", "coordinates": [[[-51.237314, -29.902477], [-51.237315, -29.902502], [-51.237376, -29.902498], [-51.237375, -29.902491], [-51.237374, -29.902473], [-51.237314, -29.902477]]]}, "properties": {}},
{"type": "Feature", "geometry": {"type": "Polygon", "coordinates": [[[-51.23232, -29.901064], [-51.232324, -29.901139], [-51.232426, -29.901134], [-51.232422, -29.901059], [-51.23232, -29.901064]]]}, "properties": {}},
{"type": "Feature", "geometry": {"type": "Polygon", "coordinates": [[[-51.229764, -29.90463], [-51.229845, -29.904624], [-51.229841, -29.904575], [-51.229759, -29.90458], [-51.229764, -29.90463]]]}, "properties": {}},
{"type": "Feature", "geometry": {"type": "Polygon", "coordinates": [[[-51.23276, -29.904359], [-51.232646, -29.904367], [-51.232641, -29.904309], [-51.2326, -29.904311], [-51.232605, -29.904363], [-51.232625, -29.904362], [-51.232628, -29.904399], [-51.232763, -29.904392], [-51.23276, -29.904359]]]}, "properties": {}},
{"type": "Feature", "geometry": {"type": "Polygon", "coordinates": [[[-51.230537, -29.903285], [-51.230541, -29.903341], [-51.230512, -29.903341], [-51.230515, -29.903387], [-51.230567, -29.903383], [-51.230565, -29.90336], [-51.230583, -29.903358], [-51.230578, -29.903283], [-51.230537, -29.903285]]]}, "properties": {}},
{"type": "Feature", "geometry": {"type": "Polygon", "coordinates": [[[-51.230447, -29.903729], [-51.230458, -29.903835], [-51.230541, -29.903829], [-51.23053, -29.903725], [-51.230447, -29.903729]]]}, "properties": {}},
{"type": "Feature", "geometry": {"type": "Polygon", "coordinates": [[[-51.230388, -29.903545], [-51.230511, -29.903538], [-51.230511, -29.903532], [-51.230527, -29.90353], [-51.230523, -29.90348], [-51.23038, -29.903497], [-51.230388, -29.903545]]]}, "properties": {}},
{"type": "Feature", "geometry": {"type": "Polygon", "coordinates": [[[-51.230502, -29.903538], [-51.230416, -29.903544], [-51.230421, -29.903585], [-51.230472, -29.903581], [-51.230473, -29.903586], [-51.230507, -29.903584], [-51.230502, -29.903538]]]}, "properties": {}},
{"type": "Feature", "geometry": {"type": "Polygon", "coordinates": [[[-51.231808, -29.901738], [-51.231811, -29.901781], [-51.231831, -29.90178], [-51.231833, -29.901802], [-51.231894, -29.901798], [-51.231894, -29.901793], [-51.231916, -29.901792], [-51.231917, -29.901797], [-51.232042, -29.901791], [-51.232037, -29.901726], [-51.231808, -29.901738]]]}, "properties": {}},
{"type": "Feature", "geometry": {"type": "Polygon", "coordinates": [[[-51.236421, -29.90375], [-51.236426, -29.903823], [-51.236535, -29.903817], [-51.236531, -29.903745], [-51.236421, -29.90375]]]}, "properties": {}},
{"type": "Feature", "geometry": {"type": "Polygon", "coordinates": [[[-51.229951, -29.903166], [-51.229895, -29.903168], [-51.229898, -29.903216], [-51.229954, -29.903213], [-51.229951, -29.903166]]]}, "properties": {}},
{"type": "Feature", "geometry": {"type": "Polygon", "coordinates": [[[-51.232604, -29.904547], [-51.232606, -29.904574], [-51.232674, -29.90457], [-51.232672, -29.904543], [-51.232604, -29.904547]]]}, "properties": {}},
{"type": "Feature", "geometry": {"type": "Polygon", "coordinates": [[[-51.229659, -29.901758], [-51.229663, -29.901808], [-51.229708, -29.901805], [-51.229704, -29.901756], [-51.229659, -29.901758]]]}, "properties": {"info": {"is_agg": true, "properties_agg": [{"feature_id": 162145}], "geom_cmp_equals": [false], "geom_cmp_intersec": [0.0017708584297179942]}}},
{"type": "Feature", "geometry": {"type": "Polygon", "coordinates": [[[-51.234497, -29.904554], [-51.234501, -29.904601], [-51.234596, -29.904596], [-51.234592, -29.904549], [-51.234497, -29.904554]]]}, "properties": {}},
{"type": "Feature", "geometry": {"type": "Polygon", "coordinates": [[[-51.239144, -29.901959], [-51.239139, -29.90193], [-51.239115, -29.901933], [-51.23912, -29.901962], [-51.239144, -29.901959]]]}, "properties": {}},
{"type": "Feature", "geometry": {"type": "Polygon", "coordinates": [[[-51.236023, -29.901691], [-51.235969, -29.901693], [-51.235967, -29.901653], [-51.235982, -29.901653], [-51.235982, -29.901638], [-51.235966, -29.901638], [-51.235966, -29.901631], [-51.235929, -29.901632], [-51.235935, -29.901737], [-51.236025, -29.901734], [-51.236023, -29.901691]]]}, "properties": {}},
{"type": "Feature", "geometry": {"type": "Polygon", "coordinates": [[[-51.239076, -29.90132], [-51.23906, -29.901249], [-51.23902, -29.901255], [-51.239035, -29.901327], [-51.239076, -29.90132]]]}, "properties": {}},
{"type": "Feature", "geometry": {"type": "Polygon", "coordinates": [[[-51.229564, -29.901848], [-51.229568, -29.901907], [-51.2296, -29.901905], [-51.229596, -29.901846], [-51.229564, -29.901848]]]}, "properties": {}},
{"type": "Feature", "geometry": {"type": "Polygon", "coordinates": [[[-51.235814, -29.9022], [-51.235819, -29.902267], [-51.235855, -29.902265], [-51.23585, -29.902198], [-51.235814, -29.9022]]]}, "properties": {}},
{"type": "Feature", "geometry": {"type": "Polygon", "coordinates": [[[-51.231328, -29.902102], [-51.23133, -29.902125], [-51.231433, -29.902119], [-51.231431, -29.902095], [-51.231328, -29.902102]]]}, "properties": {}},
{"type": "Feature", "geometry": {"type": "Polygon", "coordinates": [[[-51.23832, -29.901325], [-51.238392, -29.901321], [-51.238391, -29.901302], [-51.238319, -29.901306], [-51.23832, -29.901325]]]}, "properties": {"info": {"is_agg": true, "properties_agg": [{"feature_id": 167613}], "geom_cmp_equals": [false], "geom_cmp_intersec": [0]}}},
{"type": "Feature", "geometry": {"type": "Polygon", "coordinates": [[[-51.235458, -29.900976], [-51.235478, -29.900975], [-51.235479, -29.900994], [-51.235583, -29.900988], [-51.235581, -29.900952], [-51.235457, -29.900959], [-51.235458, -29.900976]]]}, "properties": {}},
{"type": "Feature", "geometry": {"type": "Polygon", "coordinates": [[[-51.236425, -29.900982], [-51.236424, -29.900983], [-51.23637, -29.900991], [-51.236332, -29.900997], [-51.236337, -29.901018], [-51.236351, -29.901016], [-51.236385, -29.901173], [-51.236477, -29.90116], [-51.236438, -29.90098], [-51.236425, -29.900982]]]}, "properties": {}},
{"type": "Feature", "geometry": {"type": "Polygon", "coordinates": [[[-51.233477, -29.90015], [-51.233448, -29.900152], [-51.233354, -29.900159], [-51.233342, -29.900159], [-51.233343, -29.900171], [-51.233347, -29.900206], [-51.233358, -29.900205], [-51.233359, -29.900213], [-51.233482, -29.900204], [-51.233481, -29.900196], [-51.233477, -29.90015]]]}, "properties": {}},
{"type": "Feature", "geometry": {"type": "Polygon", "coordinates": [[[-51.233814, -29.900048], [-51.233819, -29.900077], [-51.233873, -29.900071], [-51.233875, -29.900081], [-51.233908, -29.900077], [-51.233902, -29.900039], [-51.233814, -29.900048]]]}, "properties": {}},
{"type": "Feature", "geometry": {"type": "Polygon", "coordinates": [[[-51.23405, -29.900512], [-51.234061, -29.900614], [-51.234145, -29.900607], [-51.234134, -29.900505], [-51.23405, -29.900512]]]}, "properties": {}},
{"type": "Feature", "geometry": {"type": "Polygon", "coordinates": [[[-51.234199, -29.900111], [-51.234198, -29.900061], [-51.234218, -29.900061], [-51.234218, -29.900033], [-51.234144, -29.900034], [-51.234145, -29.900112], [-51.234199, -29.900111]]]}, "properties": {}},
{"type": "Feature", "geometry": {"type": "Polygon", "coordinates": [[[-51.235326, -29.901435], [-51.235328, -29.901454], [-51.235301, -29.901456], [-51.235304, -29.901491], [-51.235331, -29.901489], [-51.235333, -29.901508], [-51.235374, -29.901505], [-51.235367, -29.901433], [-51.235326, -29.901435]]]}, "properties": {}},
{"type": "Feature", "geometry": {"type": "Polygon", "coordinates": [[[-51.236696, -29.902322], [-51.236786, -29.902316], [-51.236777, -29.902205], [-51.236687, -29.902211], [-51.236696, -29.902322]]]}, "properties": {}},
{"type": "Feature", "geometry": {"type": "Polygon", "coordinates": [[[-51.229689, -29.903122], [-51.229697, -29.90322], [-51.229776, -29.903215], [-51.22976, -29.903118], [-51.229689, -29.903122]]]}, "properties": {}},
{"type": "Feature", "geometry": {"type": "Polygon", "coordinates": [[[-51.230752, -29.904574], [-51.230755, -29.904636], [-51.230822, -29.904633], [-51.230819, -29.904571], [-51.230752, -29.904574]]]}, "properties": {}},
{"type": "Feature", "geometry": {"type": "Polygon", "coordinates": [[[-51.229911, -29.904786], [-51.229936, -29.904785], [-51.229949, -29.904784], [-51.229945, -29.904734], [-51.229887, -29.904737], [-51.229891, -29.904787], [-51.229911, -29.904786]]]}, "properties": {}},
{"type": "Feature", "geometry": {"type": "Polygon", "coordinates": [[[-51.23963, -29.904568], [-51.239673, -29.904565], [-51.23967, -29.904538], [-51.239627, -29.904541], [-51.239626, -29.904521], [-51.239575, -29.904525], [-51.239589, -29.904581], [-51.239631, -29.904578], [-51.23963, -29.904568]]]}, "properties": {}},
{"type": "Feature", "geometry": {"type": "Polygon", "coordinates": [[[-51.236502, -29.90037], [-51.236505, -29.900391], [-51.236489, -29.900393], [-51.236497, -29.900439], [-51.23657, -29.90043], [-51.236563, -29.900384], [-51.23653, -29.900388], [-51.236526, -29.900367], [-51.236502, -29.90037]]]}, "properties": {}},
{"type": "Feature", "geometry": {"type": "Polygon", "coordinates": [[[-51.236017, -29.903213], [-51.236022, -29.903296], [-51.236062, -29.903294], [-51.236057, -29.903211], [-51.236017, -29.903213]]]}, "properties": {}},
{"type": "Feature", "geometry": {"type": "Polygon", "coordinates": [[[-51.229361, -29.899588], [-51.2295, -29.899583], [-51.229497, -29.899523], [-51.229358, -29.899528], [-51.229361, -29.899588]]]}, "properties": {}},
{"type": "Feature", "geometry": {"type": "Polygon", "coordinates": [[[-51.234363, -29.900842], [-51.234361, -29.9008], [-51.234335, -29.900801], [-51.234338, -29.900843], [-51.234363, -29.900842]]]}, "properties": {}},
{"type": "Feature", "geometry": {"type": "Polygon", "coordinates": [[[-51.234215, -29.901478], [-51.234172, -29.90148], [-51.234174, -29.901507], [-51.234217, -29.901505], [-51.234215, -29.901478]]]}, "properties": {}},
{"type": "Feature", "geometry": {"type": "Polygon", "coordinates": [[[-51.238927, -29.90329], [-51.238964, -29.903287], [-51.238959, -29.903235], [-51.238922, -29.903238], [-51.238927, -29.90329]]]}, "properties": {}},
{"type": "Feature", "geometry": {"type": "Polygon", "coordinates": [[[-51.238659, -29.902793], [-51.238713, -29.902791], [-51.238709, -29.90273], [-51.238655, -29.902732], [-51.238659, -29.902793]]]}, "properties": {}},
{"type": "Feature", "geometry": {"type": "Polygon", "coordinates": [[[-51.233082, -29.903738], [-51.233084, -29.903764], [-51.233126, -29.903762], [-51.233123, -29.903735], [-51.233082, -29.903738]]]}, "properties": {}},
{"type": "Feature", "geometry": {"type": "Polygon", "coordinates": [[[-51.237699, -29.900324], [-51.237702, -29.900348], [-51.237744, -29.900345], [-51.237742, -29.900324], [-51.237824, -29.900318], [-51.237821, -29.900285], [-51.237697, -29.900294], [-51.237699, -29.900324]]]}, "properties": {}},
{"type": "Feature", "geometry": {"type": "Polygon", "coordinates": [[[-51.231213, -29.900993], [-51.231217, -29.901039], [-51.231283, -29.901035], [-51.231279, -29.90099], [-51.231213, -29.900993]]]}, "properties": {}},
{"type": "Feature", "geometry": {"type": "Polygon", "coordinates": [[[-51.235225, -29.901462], [-51.235231, -29.901545], [-51.23526, -29.901543], [-51.235254, -29.901461], [-51.235225, -29.901462]]]}, "properties": {}},
{"type": "Feature", "geometry": {"type": "Polygon", "coordinates": [[[-51.235986, -29.902766], [-51.236034, -29.902763], [-51.236051, -29.902762], [-51.236048, -29.902718], [-51.235967, -29.902723], [-51.235971, -29.902767], [-51.235986, -29.902766]]]}, "properties": {}},
{"type": "Feature", "geometry": {"type": "Polygon", "coordinates": [[[-51.235021, -29.900554], [-51.235027, -29.900605], [-51.235057, -29.900602], [-51.235051, -29.900551], [-51.235021, -29.900554]]]}, "properties": {}},
{"type": "Feature", "geometry": {"type": "Polygon", "coordinates": [[[-51.229536, -29.90303], [-51.229568, -29.903028], [-51.229559, -29.902943], [-51.229528, -29.902945], [-51.229536, -29.90303]]]}, "properties": {}},
{"type": "Feature", "geometry": {"type": "Polygon", "coordinates": [[[-51.230127, -29.900395], [-51.230206, -29.900391], [-51.230204, -29.900355], [-51.230125, -29.900359], [-51.230127, -29.900395]]]}, "properties": {}},
{"type": "Feature", "geometry": {"type": "Polygon", "coordinates": [[[-51.233538, -29.901103], [-51.233505, -29.901106], [-51.233512, -29.901163], [-51.233545, -29.901161], [-51.233538, -29.901103]]]}, "properties": {}},
{"type": "Feature", "geometry": {"type": "Polygon", "coordinates": [[[-51.232361, -29.899715], [-51.232361, -29.899714], [-51.232358, -29.899692], [-51.232372, -29.899691], [-51.232368, -29.899647], [-51.232383, -29.899646], [-51.232381, -29.899631], [-51.232304, -29.899637], [-51.232306, -29.899649], [-51.23224, -29.899654], [-51.23224, -29.899658], [-51.232211, -29.899661], [-51.23221, -29.899652], [-51.23216, -29.899655], [-51.232162, -29.899678], [-51.232212, -29.899674], [-51.232215, -29.899703], [-51.232218, -29.899726], [-51.232253, -29.899724], [-51.23236, -29.899715], [-51.232361, -29.899715]]]}, "properties": {}},
{"type": "Feature", "geometry": {"type": "Polygon", "coordinates": [[[-51.235582, -29.904283], [-51.23559, -29.904306], [-51.235584, -29.904307], [-51.2356, -29.904351], [-51.235659, -29.904335], [-51.235636, -29.904269], [-51.235582, -29.904283]]]}, "properties": {}},
{"type": "Feature", "geometry": {"type": "Polygon", "coordinates": [[[-51.236147, -29.903168], [-51.236151, -29.903235], [-51.236186, -29.903234], [-51.236182, -29.903167], [-51.236147, -29.903168]]]}, "properties": {}},
{"type": "Feature", "geometry": {"type": "Polygon", "coordinates": [[[-51.238676, -29.902687], [-51.238645, -29.902689], [-51.238646, -29.9027], [-51.238648, -29.902727], [-51.238683, -29.902726], [-51.238711, -29.902724], [-51.238707, -29.902684], [-51.238676, -29.902687]]]}, "properties": {}},
{"type": "Feature", "geometry": {"type": "Polygon", "coordinates": [[[-51.238782, -29.904525], [-51.238786, -29.904574], [-51.238833, -29.904571], [-51.238829, -29.904522], [-51.238824, -29.904522], [-51.238814, -29.904396], [-51.238772, -29.904398], [-51.238782, -29.904525]]]}, "properties": {}},
{"type": "Feature", "geometry": {"type": "Polygon", "coordinates": [[[-51.236346, -29.902774], [-51.236407, -29.902771], [-51.236405, -29.902744], [-51.236375, -29.902745], [-51.236344, -29.902746], [-51.236344, -29.902747], [-51.236346, -29.902774]]]}, "properties": {}},
{"type": "Feature", "geometry": {"type": "Polygon", "coordinates": [[[-51.232799, -29.900726], [-51.232801, -29.900771], [-51.232827, -29.90077], [-51.232824, -29.900725], [-51.232799, -29.900726]]]}, "properties": {"info": {"is_agg": true, "properties_agg": [{"feature_id": 176804}], "geom_cmp_equals": [false], "geom_cmp_intersec": [0]}}},
{"type": "Feature", "geometry": {"type": "Polygon", "coordinates": [[[-51.232502, -29.900896], [-51.232502, -29.900859], [-51.232376, -29.900864], [-51.232378, -29.900901], [-51.232502, -29.900896]]]}, "properties": {}},
{"type": "Feature", "geometry": {"type": "Polygon", "coordinates": [[[-51.232445, -29.903599], [-51.23245, -29.903658], [-51.232528, -29.903653], [-51.232523, -29.903594], [-51.232445, -29.903599]]]}, "properties": {}},
{"type": "Feature", "geometry": {"type": "Polygon", "coordinates": [[[-51.232655, -29.903736], [-51.232597, -29.903739], [-51.232596, -29.90372], [-51.232611, -29.903719], [-51.232611, -29.903717], [-51.23265, -29.903715], [-51.232647, -29.903674], [-51.232552, -29.90368], [-51.232554, -29.903703], [-51.232452, -29.903709], [-51.232457, -29.90377], [-51.232561, -29.903764], [-51.232561, -29.903769], [-51.232657, -29.903763], [-51.232655, -29.903736]]]}, "properties": {}},
{"type": "Feature", "geometry": {"type": "Polygon", "coordinates": [[[-51.237189, -29.899626], [-51.23719, -29.899635], [-51.237194, -29.899659], [-51.237208, -29.899657], [-51.237212, -29.899682], [-51.237238, -29.899679], [-51.237229, -29.899621], [-51.237189, -29.899626]]]}, "properties": {}},
{"type": "Feature", "geometry": {"type": "Polygon", "coordinates": [[[-51.237229, -29.899621], [-51.237238, -29.899679], [-51.237278, -29.899674], [-51.237269, -29.899616], [-51.237229, -29.899621]]]}, "properties": {}},
{"type": "Feature", "geometry": {"type": "Polygon", "coordinates": [[[-51.236167, -29.901342], [-51.236174, -29.901418], [-51.236227, -29.901414], [-51.23622, -29.901339], [-51.236167, -29.901342]]]}, "properties": {}},
{"type": "Feature", "geometry": {"type": "Polygon", "coordinates": [[[-51.236564, -29.900331], [-51.236557, -29.900293], [-51.236515, -29.900299], [-51.236522, -29.900337], [-51.236564, -29.900331]]]}, "properties": {}},
{"type": "Feature", "geometry": {"type": "Polygon", "coordinates": [[[-51.232734, -29.900149], [-51.232684, -29.900149], [-51.232684, -29.900245], [-51.232734, -29.900245], [-51.232734, -29.900149]]]}, "properties": {}},
{"type": "Feature", "geometry": {"type": "Polygon", "coordinates": [[[-51.234865, -29.900877], [-51.234925, -29.900873], [-51.23492, -29.900814], [-51.234859, -29.900818], [-51.234865, -29.900877]]]}, "properties": {}},
{"type": "Feature", "geometry": {"type": "Polygon", "coordinates": [[[-51.23503, -29.904726], [-51.23502, -29.904726], [-51.235022, -29.904762], [-51.235052, -29.904762], [-51.235052, -29.904726], [-51.23503, -29.904726]]]}, "properties": {}},
{"type": "Feature", "geometry": {"type": "Polygon", "coordinates": [[[-51.231006, -29.899817], [-51.230928, -29.899821], [-51.230929, -29.899847], [-51.230986, -29.899845], [-51.230986, -29.899839], [-51.231007, -29.899838], [-51.231006, -29.899817]]]}, "properties": {}},
{"type": "Feature", "geometry": {"type": "Polygon", "coordinates": [[[-51.231473, -29.899526], [-51.231474, -29.899561], [-51.231496, -29.899561], [-51.231495, -29.899526], [-51.231473, -29.899526]]]}, "properties": {}},
{"type": "Feature", "geometry": {"type": "Polygon", "coordinates": [[[-51.231194, -29.899794], [-51.231192, -29.899766], [-51.231152, -29.899768], [-51.231154, -29.899796], [-51.231194, -29.899794]]]}, "properties": {}},
{"type": "Feature", "geometry": {"type": "Polygon", "coordinates": [[[-51.230556, -29.903966], [-51.230558, -29.903999], [-51.230628, -29.903996], [-51.230628, -29.903985], [-51.230618, -29.903985], [-51.230617, -29.903965], [-51.230556, -29.903966]]]}, "properties": {}},
{"type": "Feature", "geometry": {"type": "Polygon", "coordinates": [[[-51.231204, -29.900117], [-51.231208, -29.900164], [-51.231188, -29.900165], [-51.231193, -29.900207], [-51.231137, -29.900211], [-51.23115, -29.900343], [-51.231253, -29.900338], [-51.231232, -29.900115], [-51.231204, -29.900117]]]}, "properties": {}},
{"type": "Feature", "geometry": {"type": "Polygon", "coordinates": [[[-51.237718, -29.899375], [-51.237721, -29.899399], [-51.237744, -29.899396], [-51.237742, -29.899373], [-51.237718, -29.899375]]]}, "properties": {}},
{"type": "Feature", "geometry": {"type": "Polygon", "coordinates": [[[-51.237665, -29.901008], [-51.237613, -29.901011], [-51.237616, -29.901056], [-51.237669, -29.901053], [-51.237665, -29.901008]]]}, "properties": {}},
{"type": "Feature", "geometry": {"type": "Polygon", "coordinates": [[[-51.234, -29.900972], [-51.234023, -29.900971], [-51.234018, -29.900894], [-51.233995, -29.900895], [-51.234, -29.900972]]]}, "properties": {"info": {"is_agg": true, "properties_agg": [{"feature_id": 163371}], "geom_cmp_equals": [false], "geom_cmp_intersec": [0]}}},
{"type": "Feature", "geometry": {"type": "Polygon", "coordinates": [[[-51.23492, -29.903276], [-51.234927, -29.90334], [-51.234947, -29.903339], [-51.234945, -29.903323], [-51.234973, -29.90332], [-51.234968, -29.903272], [-51.23492, -29.903276]]]}, "properties": {}},
{"type": "Feature", "geometry": {"type": "Polygon", "coordinates": [[[-51.23152, -29.903702], [-51.231572, -29.903698], [-51.231569, -29.903661], [-51.231517, -29.903664], [-51.23152, -29.903702]]]}, "properties": {}},
{"type": "Feature", "geometry": {"type": "Polygon", "coordinates": [[[-51.238099, -29.899608], [-51.238104, -29.899645], [-51.238178, -29.899637], [-51.238173, -29.899601], [-51.238099, -29.899608]]]}, "properties": {}},
{"type": "Feature", "geometry": {"type": "Polygon", "coordinates": [[[-51.236995, -29.904721], [-51.236997, -29.904749], [-51.237038, -29.904746], [-51.237035, -29.904718], [-51.236995, -29.904721]]]}, "properties": {}},
{"type": "Feature", "geometry": {"type": "Polygon", "coordinates": [[[-51.232811, -29.90183], [-51.232816, -29.901895], [-51.232836, -29.901894], [-51.23283, -29.901828], [-51.232811, -29.90183]]]}, "properties": {}},
{"type": "Feature", "geometry": {"type": "Polygon", "coordinates": [[[-51.23617, -29.902072], [-51.236257, -29.902069], [-51.236254, -29.902015], [-51.236193, -29.902017], [-51.236192, -29.902004], [-51.236167, -29.902005], [-51.23617, -29.902072]]]}, "properties": {}},
{"type": "Feature", "geometry": {"type": "Polygon", "coordinates": [[[-51.236229, -29.899841], [-51.236225, -29.899777], [-51.236147, -29.899781], [-51.236152, -29.899846], [-51.236229, -29.899841]]]}, "properties": {}},
{"type": "Feature", "geometry": {"type": "Polygon", "coordinates": [[[-51.236866, -29.902164], [-51.23682, -29.902166], [-51.236822, -29.902194], [-51.236868, -29.902192], [-51.236866, -29.902164]]]}, "properties": {}},
{"type": "Feature", "geometry": {"type": "Polygon", "coordinates": [[[-51.235968, -29.901401], [-51.235916, -29.901391], [-51.235908, -29.901422], [-51.235894, -29.901419], [-51.235891, -29.901428], [-51.235908, -29.901432], [-51.2359, -29.901461], [-51.23595, -29.901471], [-51.235968, -29.901401]]]}, "properties": {}},
{"type": "Feature", "geometry": {"type": "Polygon", "coordinates": [[[-51.231745, -29.902009], [-51.231746, -29.902029], [-51.231768, -29.902028], [-51.231769, -29.902046], [-51.231811, -29.902044], [-51.231809, -29.902006], [-51.231745, -29.902009]]]}, "properties": {}},
{"type": "Feature", "geometry": {"type": "Polygon", "coordinates": [[[-51.235378, -29.904413], [-51.235366, -29.904364], [-51.235317, -29.904373], [-51.235328, -29.904417], [-51.235329, -29.904422], [-51.235378, -29.904413]]]}, "properties": {}},
{"type": "Feature", "geometry": {"type": "Polygon", "coordinates": [[[-51.235022, -29.900444], [-51.235019, -29.900422], [-51.234942, -29.900429], [-51.234944, -29.900444], [-51.234949, -29.900483], [-51.235026, -29.900476], [-51.235022, -29.900444]]]}, "properties": {}},
{"type": "Feature", "geometry": {"type": "Polygon", "coordinates": [[[-51.23164, -29.901747], [-51.231646, -29.901835], [-51.231728, -29.901831], [-51.231722, -29.901743], [-51.23164, -29.901747]]]}, "properties": {}},
{"type": "Feature", "geometry": {"type": "Polygon", "coordinates": [[[-51.233106, -29.899654], [-51.233114, -29.899609], [-51.233123, -29.899611], [-51.233129, -29.89958], [-51.23312, -29.899579], [-51.233066, -29.899571], [-51.233051, -29.899646], [-51.233106, -29.899654]]]}, "properties": {}},
{"type": "Feature", "geometry": {"type": "Polygon", "coordinates": [[[-51.238531, -29.903878], [-51.238539, -29.903998], [-51.238602, -29.903995], [-51.238596, -29.90391], [-51.238608, -29.903909], [-51.238606, -29.903874], [-51.238531, -29.903878]]]}, "properties": {}},
{"type": "Feature", "geometry": {"type": "Polygon", "coordinates": [[[-51.23184, -29.901333], [-51.231808, -29.901334], [-51.23181, -29.901359], [-51.231811, -29.901385], [-51.231957, -29.901377], [-51.231951, -29.90127], [-51.231837, -29.901275], [-51.23184, -29.901333]]]}, "properties": {}},
{"type": "Feature", "geometry": {"type": "Polygon", "coordinates": [[[-51.236553, -29.903901], [-51.236586, -29.9039], [-51.236583, -29.903855], [-51.23655, -29.903857], [-51.236553, -29.903901]]]}, "properties": {}},
{"type": "Feature", "geometry": {"type": "Polygon", "coordinates": [[[-51.236562, -29.904009], [-51.23657, -29.904093], [-51.236597, -29.904091], [-51.23659, -29.904007], [-51.236562, -29.904009]]]}, "properties": {}},
{"type": "Feature", "geometry": {"type": "Polygon", "coordinates": [[[-51.230618, -29.903787], [-51.230685, -29.903784], [-51.230681, -29.903715], [-51.230612, -29.903718], [-51.230618, -29.903787]]]}, "properties": {}},
{"type": "Feature", "geometry": {"type": "Polygon", "coordinates": [[[-51.236504, -29.90466], [-51.23651, -29.904732], [-51.236539, -29.90473], [-51.236541, -29.904745], [-51.236571, -29.904743], [-51.236571, -29.904739], [-51.236605, -29.904736], [-51.2366, -29.904683], [-51.236585, -29.904684], [-51.236584, -29.904671], [-51.236566, -29.904672], [-51.236565, -29.904656], [-51.236504, -29.90466]]]}, "properties": {}},
{"type": "Feature", "geometry": {"type": "Polygon", "coordinates": [[[-51.236279, -29.901368], [-51.236397, -29.901364], [-51.236397, -29.901347], [-51.236278, -29.901351], [-51.236279, -29.901368]]]}, "properties": {}},
{"type": "Feature", "geometry": {"type": "Polygon", "coordinates": [[[-51.237849, -29.902054], [-51.237904, -29.902052], [-51.237903, -29.902029], [-51.237845, -29.902031], [-51.237849, -29.902054]]]}, "properties": {}},
{"type": "Feature", "geometry": {"type": "Polygon", "coordinates": [[[-51.229251, -29.904746], [-51.229316, -29.904743], [-51.229314, -29.904722], [-51.229249, -29.904725], [-51.229251, -29.904746]]]}, "properties": {}},
{"type": "Feature", "geometry": {"type": "Polygon", "coordinates": [[[-51.237047, -29.904496], [-51.237068, -29.904716], [-51.237248, -29.904702], [-51.237227, -29.904486], [-51.237047, -29.904496]]]}, "properties": {}},
{"type": "Feature", "geometry": {"type": "Polygon", "coordinates": [[[-51.232925, -29.903401], [-51.232928, -29.903436], [-51.232948, -29.903435], [-51.232945, -29.9034], [-51.232925, -29.903401]]]}, "properties": {}},
{"type": "Feature", "geometry": {"type": "Polygon", "coordinates": [[[-51.236072, -29.903755], [-51.236035, -29.903757], [-51.236033, -29.90373], [-51.235976, -29.903734], [-51.235983, -29.903838], [-51.236079, -29.903833], [-51.236074, -29.903755], [-51.236072, -29.903755]]]}, "properties": {}},
{"type": "Feature", "geometry": {"type": "Polygon", "coordinates": [[[-51.238441, -29.901279], [-51.238457, -29.901351], [-51.23853, -29.901339], [-51.238515, -29.901268], [-51.238441, -29.901279]]]}, "properties": {}},
{"type": "Feature", "geometry": {"type": "Polygon", "coordinates": [[[-51.234623, -29.901135], [-51.234639, -29.901209], [-51.234724, -29.901195], [-51.234709, -29.901121], [-51.234623, -29.901135]]]}, "properties": {}},
{"type": "Feature", "geometry": {"type": "Polygon", "coordinates": [[[-51.229284, -29.900947], [-51.229288, -29.900998], [-51.229394, -29.900994], [-51.229391, -29.900942], [-51.229284, -29.900947]]]}, "properties": {}},
{"type": "Feature", "geometry": {"type": "Polygon", "coordinates": [[[-51.232747, -29.902471], [-51.232748, -29.902494], [-51.232819, -29.90249], [-51.232817, -29.902467], [-51.232747, -29.902471]]]}, "properties": {}},
{"type": "Feature", "geometry": {"type": "Polygon", "coordinates": [[[-51.237584, -29.903919], [-51.237614, -29.903917], [-51.23761, -29.903871], [-51.23758, -29.903873], [-51.237584, -29.903919]]]}, "properties": {}},
{"type": "Feature", "geometry": {"type": "Polygon", "coordinates": [[[-51.235509, -29.904057], [-51.235483, -29.904069], [-51.235463, -29.904078], [-51.235452, -29.90406], [-51.23544, -29.904066], [-51.235428, -29.904046], [-51.235401, -29.904057], [-51.235414, -29.904078], [-51.235453, -29.904144], [-51.235538, -29.904106], [-51.235509, -29.904057]]]}, "properties": {}},
{"type": "Feature", "geometry": {"type": "Polygon", "coordinates": [[[-51.239044, -29.903685], [-51.239021, -29.903686], [-51.23903, -29.903773], [-51.239052, -29.903771], [-51.239044, -29.903685]]]}, "properties": {}},
{"type": "Feature", "geometry": {"type": "Polygon", "coordinates": [[[-51.23693, -29.902735], [-51.236847, -29.90274], [-51.23685, -29.902785], [-51.236845, -29.902785], [-51.236848, -29.902828], [-51.236936, -29.902822], [-51.23693, -29.902735]]]}, "properties": {}},
{"type": "Feature", "geometry": {"type": "Polygon", "coordinates": [[[-51.234114, -29.901484], [-51.234046, -29.901491], [-51.234048, -29.901527], [-51.234117, -29.901523], [-51.234114, -29.901484]]]}, "properties": {}},
{"type": "Feature", "geometry": {"type": "Polygon", "coordinates": [[[-51.23497, -29.903228], [-51.234981, -29.903335], [-51.235066, -29.903328], [-51.235064, -29.903313], [-51.235035, -29.903316], [-51.235025, -29.903223], [-51.23497, -29.903228]]]}, "properties": {}},
{"type": "Feature", "geometry": {"type": "Polygon", "coordinates": [[[-51.23439, -29.902656], [-51.234399, -29.902765], [-51.234455, -29.902762], [-51.234452, -29.902732], [-51.234402, -29.902735], [-51.234396, -29.902664], [-51.234478, -29.902659], [-51.234477, -29.902651], [-51.234395, -29.902656], [-51.23439, -29.902656]]]}, "properties": {}},
{"type": "Feature", "geometry": {"type": "Polygon", "coordinates": [[[-51.232127, -29.904227], [-51.231977, -29.904235], [-51.231982, -29.904298], [-51.232132, -29.90429], [-51.232127, -29.904227]]]}, "properties": {}},
{"type": "Feature", "geometry": {"type": "Polygon", "coordinates": [[[-51.234832, -29.903034], [-51.23483, -29.902972], [-51.23475, -29.902974], [-51.234751, -29.902991], [-51.234751, -29.903007], [-51.234738, -29.903007], [-51.234739, -29.903016], [-51.234739, -29.903025], [-51.234745, -29.903024], [-51.234752, -29.903024], [-51.234752, -29.903036], [-51.234832, -29.903034]]]}, "properties": {}},
{"type": "Feature", "geometry": {"type": "Polygon", "coordinates": [[[-51.235924, -29.899731], [-51.235925, -29.89975], [-51.235915, -29.899751], [-51.235916, -29.899774], [-51.235927, -29.899773], [-51.235929, -29.899803], [-51.236007, -29.899799], [-51.236003, -29.899728], [-51.235924, -29.899731]]]}, "properties": {}},
{"type": "Feature", "geometry": {"type": "Polygon", "coordinates": [[[-51.229598, -29.901522], [-51.229605, -29.90163], [-51.229646, -29.901628], [-51.229639, -29.90152], [-51.229598, -29.901522]]]}, "properties": {}},
{"type": "Feature", "geometry": {"type": "Polygon", "coordinates": [[[-51.236806, -29.903912], [-51.236739, -29.903917], [-51.236744, -29.903988], [-51.236811, -29.903984], [-51.236806, -29.903912]]]}, "properties": {}},
{"type": "Feature", "geometry": {"type": "Polygon", "coordinates": [[[-51.23725, -29.900647], [-51.237247, -29.900648], [-51.237253, -29.900694], [-51.237328, -29.90069], [-51.237324, -29.900643], [-51.237307, -29.900644], [-51.23725, -29.900647]]]}, "properties": {}},
{"type": "Feature", "geometry": {"type": "Polygon", "coordinates": [[[-51.229486, -29.899976], [-51.22938, -29.899981], [-51.229384, -29.900039], [-51.229414, -29.900038], [-51.229414, -29.900042], [-51.22949, -29.900038], [-51.229489, -29.900024], [-51.229486, -29.899976]]]}, "properties": {}},
{"type": "Feature", "geometry": {"type": "Polygon", "coordinates": [[[-51.23585, -29.900721], [-51.235822, -29.900724], [-51.235827, -29.900756], [-51.235855, -29.900752], [-51.23585, -29.900721]]]}, "properties": {}},
{"type": "Feature", "geometry": {"type": "Polygon", "coordinates": [[[-51.231686, -29.899358], [-51.231687, -29.899381], [-51.231729, -29.89938], [-51.231728, -29.899357], [-51.231686, -29.899358]]]}, "properties": {}},
{"type": "Feature", "geometry": {"type": "Polygon", "coordinates": [[[-51.237699, -29.903277], [-51.237701, -29.90331], [-51.237786, -29.903306], [-51.237785, -29.903291], [-51.237807, -29.90329], [-51.237806, -29.903271], [-51.237699, -29.903277]]]}, "properties": {}},
{"type": "Feature", "geometry": {"type": "Polygon", "coordinates": [[[-51.229274, -29.9017], [-51.229301, -29.901699], [-51.229298, -29.901663], [-51.229272, -29.901664], [-51.229274, -29.9017]]]}, "properties": {}},
{"type": "Feature", "geometry": {"type": "Polygon", "coordinates": [[[-51.232814, -29.9039], [-51.232753, -29.903904], [-51.232756, -29.90394], [-51.232817, -29.903937], [-51.232814, -29.9039]]]}, "properties": {}},
{"type": "Feature", "geometry": {"type": "Polygon", "coordinates": [[[-51.231323, -29.902033], [-51.231328, -29.902102], [-51.231431, -29.902095], [-51.231426, -29.902027], [-51.231323, -29.902033]]]}, "properties": {}},
{"type": "Feature", "geometry": {"type": "Polygon", "coordinates": [[[-51.234479, -29.904699], [-51.234489, -29.904853], [-51.23467, -29.904844], [-51.234671, -29.904853], [-51.234689, -29.904852], [-51.234688, -29.904836], [-51.23467, -29.904837], [-51.23466, -29.90469], [-51.234479, -29.904699]]]}, "properties": {}},
{"type": "Feature", "geometry": {"type": "Polygon", "coordinates": [[[-51.22977, -29.904704], [-51.229778, -29.904788], [-51.229778, -29.904794], [-51.229853, -29.90479], [-51.229854, -29.904776], [-51.229855, -29.904742], [-51.229845, -29.904624], [-51.229764, -29.90463], [-51.22977, -29.904704]]]}, "properties": {}},
{"type": "Feature", "geometry": {"type": "Polygon", "coordinates": [[[-51.22954, -29.900138], [-51.229544, -29.900176], [-51.229557, -29.900175], [-51.229556, -29.900166], [-51.229619, -29.900162], [-51.229616, -29.900134], [-51.22954, -29.900138]]]}, "properties": {}},
{"type": "Feature", "geometry": {"type": "Polygon", "coordinates": [[[-51.239104, -29.901953], [-51.239101, -29.901937], [-51.238995, -29.901951], [-51.238997, -29.901966], [-51.239104, -29.901953]]]}, "properties": {"info": {"is_agg": true, "properties_agg": [{"feature_id": 179042}], "geom_cmp_equals": [false], "geom_cmp_intersec": [0.0017134079489699357]}}},
{"type": "Feature", "geometry": {"type": "Polygon", "coordinates": [[[-51.236425, -29.902787], [-51.236367, -29.90279], [-51.23637, -29.902826], [-51.236427, -29.902823], [-51.236425, -29.902787]]]}, "properties": {}},
{"type": "Feature", "geometry": {"type": "Polygon", "coordinates": [[[-51.238229, -29.89985], [-51.238228, -29.899842], [-51.238277, -29.899837], [-51.238273, -29.899805], [-51.238283, -29.899804], [-51.238279, -29.899775], [-51.23819, -29.899781], [-51.238198, -29.899853], [-51.238229, -29.89985]]]}, "properties": {}},
{"type": "Feature", "geometry": {"type": "Polygon", "coordinates": [[[-51.23312, -29.904556], [-51.233122, -29.904587], [-51.233183, -29.904585], [-51.233181, -29.904553], [-51.23312, -29.904556]]]}, "properties": {}},
{"type": "Feature", "geometry": {"type": "Polygon", "coordinates": [[[-51.238791, -29.903027], [-51.238797, -29.90309], [-51.238922, -29.903081], [-51.238916, -29.903018], [-51.238791, -29.903027]]]}, "properties": {}},
{"type": "Feature", "geometry": {"type": "Polygon", "coordinates": [[[-51.233783, -29.901397], [-51.233779, -29.901344], [-51.23374, -29.901346], [-51.233744, -29.9014], [-51.233783, -29.901397]]]}, "properties": {}},
{"type": "Feature", "geometry": {"type": "Polygon", "coordinates": [[[-51.233492, -29.900632], [-51.233487, -29.900572], [-51.233399, -29.900577], [-51.233404, -29.900637], [-51.233492, -29.900632]]]}, "properties": {}},
{"type": "Feature", "geometry": {"type": "Polygon", "coordinates": [[[-51.235044, -29.901442], [-51.235049, -29.901488], [-51.235105, -29.901483], [-51.2351, -29.901437], [-51.235044, -29.901442]]]}, "properties": {}},
{"type": "Feature", "geometry": {"type": "Polygon", "coordinates": [[[-51.233109, -29.90386], [-51.233048, -29.903865], [-51.233053, -29.903916], [-51.233114, -29.903911], [-51.233109, -29.90386]]]}, "properties": {}},
{"type": "Feature", "geometry": {"type": "Polygon", "coordinates": [[[-51.230106, -29.899403], [-51.230179, -29.899399], [-51.230176, -29.899363], [-51.230103, -29.899368], [-51.230106, -29.899403]]]}, "properties": {"info": {"is_agg": true, "properties_agg": [{"feature_id": 174948}], "geom_cmp_equals": [false], "geom_cmp_intersec": [0.004819118538721096]}}},
{"type": "Feature", "geometry": {"type": "Polygon", "coordinates": [[[-51.231283, -29.899675], [-51.231351, -29.899673], [-51.231347, -29.899589], [-51.231279, -29.899592], [-51.231283, -29.899675]]]}, "properties": {}},
{"type": "Feature", "geometry": {"type": "Polygon", "coordinates": [[[-51.234977, -29.90276], [-51.23498, -29.902823], [-51.234993, -29.902822], [-51.235014, -29.902822], [-51.235038, -29.902821], [-51.235035, -29.902758], [-51.234988, -29.90276], [-51.234977, -29.90276]]]}, "properties": {}},
{"type": "Feature", "geometry": {"type": "Polygon", "coordinates": [[[-51.232766, -29.902785], [-51.232807, -29.902783], [-51.232804, -29.902737], [-51.232763, -29.902739], [-51.232766, -29.902785]]]}, "properties": {}},
{"type": "Feature", "geometry": {"type": "Polygon", "coordinates": [[[-51.231285, -29.904164], [-51.231377, -29.904158], [-51.231375, -29.904133], [-51.231439, -29.904129], [-51.231435, -29.904089], [-51.231279, -29.904098], [-51.231285, -29.904164]]]}, "properties": {}},
{"type": "Feature", "geometry": {"type": "Polygon", "coordinates": [[[-51.237407, -29.903183], [-51.237407, -29.903181], [-51.237328, -29.903185], [-51.237331, -29.903214], [-51.237323, -29.903215], [-51.237325, -29.903245], [-51.237436, -29.903239], [-51.237431, -29.903182], [-51.237407, -29.903183]]]}, "properties": {}},
{"type": "Feature", "geometry": {"type": "Polygon", "coordinates": [[[-51.233742, -29.903544], [-51.233744, -29.903566], [-51.233789, -29.903563], [-51.233788, -29.903542], [-51.233742, -29.903544]]]}, "properties": {}},
{"type": "Feature", "geometry": {"type": "Polygon", "coordinates": [[[-51.230541, -29.900307], [-51.230546, -29.900373], [-51.230594, -29.900371], [-51.230591, -29.900305], [-51.230541, -29.900307]]]}, "properties": {}},
{"type": "Feature", "geometry": {"type": "Polygon", "coordinates": [[[-51.235429, -29.900421], [-51.235386, -29.900425], [-51.235389, -29.900449], [-51.235432, -29.900445], [-51.235429, -29.900421]]]}, "properties": {}},
{"type": "Feature", "geometry": {"type": "Polygon", "coordinates": [[[-51.235554, -29.902614], [-51.23556, -29.902701], [-51.235594, -29.902699], [-51.235588, -29.902612], [-51.235554, -29.902614]]]}, "properties": {}},
{"type": "Feature", "geometry": {"type": "Polygon", "coordinates": [[[-51.231835, -29.902199], [-51.231839, -29.90226], [-51.23187, -29.902258], [-51.231865, -29.902197], [-51.231835, -29.902199]]]}, "properties": {}},
{"type": "Feature", "geometry": {"type": "Polygon", "coordinates": [[[-51.230121, -29.899609], [-51.230122, -29.899697], [-51.230189, -29.899696], [-51.230188, -29.899608], [-51.230121, -29.899609]]]}, "properties": {}},
{"type": "Feature", "geometry": {"type": "Polygon", "coordinates": [[[-51.237525, -29.903676], [-51.237532, -29.903761], [-51.23759, -29.90376], [-51.237584, -29.903672], [-51.237525, -29.903676]]]}, "properties": {}},
{"type": "Feature", "geometry": {"type": "Polygon", "coordinates": [[[-51.237295, -29.901362], [-51.237297, -29.901384], [-51.237334, -29.901381], [-51.237332, -29.901359], [-51.237295, -29.901362]]]}, "properties": {}},
{"type": "Feature", "geometry": {"type": "Polygon", "coordinates": [[[-51.23596, -29.903883], [-51.235964, -29.903945], [-51.236088, -29.90394], [-51.236085, -29.903877], [-51.23596, -29.903883]]]}, "properties": {}},
{"type": "Feature", "geometry": {"type": "Polygon", "coordinates": [[[-51.233267, -29.90413], [-51.233205, -29.904134], [-51.233209, -29.904187], [-51.233271, -29.904183], [-51.233267, -29.90413]]]}, "properties": {}},
{"type": "Feature", "geometry": {"type": "Polygon", "coordinates": [[[-51.231035, -29.904812], [-51.231033, -29.904774], [-51.231053, -29.904773], [-51.231049, -29.904714], [-51.230964, -29.904717], [-51.23097, -29.904809], [-51.230971, -29.904815], [-51.231035, -29.904812]]]}, "properties": {}},
{"type": "Feature", "geometry": {"type": "Polygon", "coordinates": [[[-51.239023, -29.901703], [-51.239095, -29.901694], [-51.239089, -29.901658], [-51.239018, -29.901668], [-51.239023, -29.901703]]]}, "properties": {}},
{"type": "Feature", "geometry": {"type": "Polygon", "coordinates": [[[-51.231303, -29.903527], [-51.231301, -29.9035], [-51.231238, -29.903503], [-51.23124, -29.90353], [-51.231303, -29.903527]]]}, "properties": {}},
{"type": "Feature", "geometry": {"type": "Polygon", "coordinates": [[[-51.233818, -29.903532], [-51.233819, -29.903555], [-51.233877, -29.903552], [-51.233875, -29.903528], [-51.233818, -29.903532]]]}, "properties": {}},
{"type": "Feature", "geometry": {"type": "Polygon", "coordinates": [[[-51.230092, -29.900955], [-51.229983, -29.900962], [-51.229988, -29.901027], [-51.230098, -29.90102], [-51.230092, -29.900955]]]}, "properties": {}},
{"type": "Feature", "geometry": {"type": "Polygon", "coordinates": [[[-51.236707, -29.903465], [-51.236709, -29.903495], [-51.236733, -29.903493], [-51.236731, -29.903463], [-51.236707, -29.903465]]]}, "properties": {}},
{"type": "Feature", "geometry": {"type": "Polygon", "coordinates": [[[-51.238927, -29.904796], [-51.238927, -29.904798], [-51.238955, -29.904796], [-51.238952, -29.904754], [-51.238924, -29.904755], [-51.238927, -29.904796]]]}, "properties": {}},
{"type": "Feature", "geometry": {"type": "Polygon", "coordinates": [[[-51.239053, -29.904782], [-51.239054, -29.904801], [-51.23914, -29.904796], [-51.239139, -29.904778], [-51.239179, -29.904775], [-51.239177, -29.904741], [-51.239051, -29.904748], [-51.239053, -29.904782]]]}, "properties": {}},
{"type": "Feature", "geometry": {"type": "Polygon", "coordinates": [[[-51.239799, -29.904694], [-51.239608, -29.904713], [-51.239635, -29.904822], [-51.239795, -29.904815], [-51.239794, -29.904797], [-51.239702, -29.904801], [-51.239699, -29.904748], [-51.239802, -29.904744], [-51.239799, -29.904694]]]}, "properties": {}},
{"type": "Feature", "geometry": {"type": "Polygon", "coordinates": [[[-51.239699, -29.904748], [-51.239702, -29.904801], [-51.239805, -29.904797], [-51.239802, -29.904744], [-51.239699, -29.904748]]]}, "properties": {}},
{"type": "Feature", "geometry": {"type": "Polygon", "coordinates": [[[-51.231858, -29.902931], [-51.231945, -29.902927], [-51.231943, -29.902906], [-51.231856, -29.90291], [-51.231858, -29.902931]]]}, "properties": {}},
{"type": "Feature", "geometry": {"type": "Polygon", "coordinates": [[[-51.231866, -29.903023], [-51.231924, -29.90302], [-51.231921, -29.902982], [-51.231863, -29.902986], [-51.231866, -29.903023]]]}, "properties": {}},
{"type": "Feature", "geometry": {"type": "Polygon", "coordinates": [[[-51.232104, -29.902966], [-51.232101, -29.902916], [-51.231992, -29.902921], [-51.231991, -29.902903], [-51.231945, -29.902906], [-51.23195, -29.902974], [-51.232104, -29.902966]]]}, "properties": {}},
{"type": "Feature", "geometry": {"type": "Polygon", "coordinates": [[[-51.230748, -29.904064], [-51.230747, -29.904051], [-51.230725, -29.904052], [-51.230726, -29.904066], [-51.23064, -29.90407], [-51.230644, -29.904147], [-51.23073, -29.904144], [-51.230731, -29.904157], [-51.230754, -29.904156], [-51.230753, -29.904142], [-51.230837, -29.904138], [-51.230838, -29.904152], [-51.230888, -29.904149], [-51.230881, -29.904044], [-51.230831, -29.904047], [-51.230832, -29.90406], [-51.230748, -29.904064]]]}, "properties": {}},
{"type": "Feature", "geometry": {"type": "Polygon", "coordinates": [[[-51.230222, -29.901076], [-51.230229, -29.901181], [-51.23026, -29.90118], [-51.230261, -29.901189], [-51.230294, -29.901188], [-51.230286, -29.901071], [-51.230222, -29.901076]]]}, "properties": {}},
{"type": "Feature", "geometry": {"type": "Polygon", "coordinates": [[[-51.23011, -29.904724], [-51.230115, -29.904775], [-51.230204, -29.90477], [-51.2302, -29.904718], [-51.23011, -29.904724]]]}, "properties": {}},
{"type": "Feature", "geometry": {"type": "Polygon", "coordinates": [[[-51.230232, -29.90096], [-51.23024, -29.901034], [-51.230252, -29.901034], [-51.23025, -29.901008], [-51.23029, -29.901006], [-51.230288, -29.900958], [-51.230232, -29.90096]]]}, "properties": {}},
{"type": "Feature", "geometry": {"type": "Polygon", "coordinates": [[[-51.230344, -29.901821], [-51.230268, -29.901826], [-51.230273, -29.901889], [-51.230293, -29.901888], [-51.230296, -29.901937], [-51.230348, -29.901934], [-51.230344, -29.901821]]]}, "properties": {}},
{"type": "Feature", "geometry": {"type": "Polygon", "coordinates": [[[-51.230289, -29.901794], [-51.230291, -29.901811], [-51.230332, -29.901809], [-51.230331, -29.901791], [-51.230289, -29.901794]]]}, "properties": {}},
{"type": "Feature", "geometry": {"type": "Polygon", "coordinates": [[[-51.23019, -29.900945], [-51.230191, -29.900975], [-51.230223, -29.900973], [-51.230221, -29.900943], [-51.23019, -29.900945]]]}, "properties": {}},
{"type": "Feature", "geometry": {"type": "Polygon", "coordinates": [[[-51.230347, -29.901712], [-51.230241, -29.901717], [-51.230245, -29.901775], [-51.230291, -29.901773], [-51.2303, -29.901769], [-51.230352, -29.901767], [-51.230347, -29.901712]]]}, "properties": {}},
{"type": "Feature", "geometry": {"type": "Polygon", "coordinates": [[[-51.229975, -29.901059], [-51.229977, -29.901089], [-51.230009, -29.901088], [-51.230007, -29.901057], [-51.229975, -29.901059]]]}, "properties": {}},
{"type": "Feature", "geometry": {"type": "Polygon", "coordinates": [[[-51.230478, -29.902398], [-51.230481, -29.902426], [-51.230509, -29.902425], [-51.230506, -29.902396], [-51.230478, -29.902398]]]}, "properties": {}},
{"type": "Feature", "geometry": {"type": "Polygon", "coordinates": [[[-51.230016, -29.901043], [-51.23002, -29.901109], [-51.230086, -29.901106], [-51.230082, -29.90104], [-51.230016, -29.901043]]]}, "properties": {}},
{"type": "Feature", "geometry": {"type": "Polygon", "coordinates": [[[-51.230465, -29.902329], [-51.230468, -29.902361], [-51.230503, -29.902358], [-51.2305, -29.902328], [-51.230465, -29.902329]]]}, "properties": {}},
{"type": "Feature", "geometry": {"type": "Polygon", "coordinates": [[[-51.230424, -29.902258], [-51.230429, -29.902331], [-51.2305, -29.902328], [-51.230496, -29.902255], [-51.230424, -29.902258]]]}, "properties": {}},
{"type": "Feature", "geometry": {"type": "Polygon", "coordinates": [[[-51.230427, -29.901813], [-51.230427, -29.90183], [-51.230465, -29.901828], [-51.230464, -29.901812], [-51.230427, -29.901813]]]}, "properties": {}},
{"type": "Feature", "geometry": {"type": "Polygon", "coordinates": [[[-51.230376, -29.901833], [-51.230379, -29.901863], [-51.230445, -29.90186], [-51.230447, -29.901876], [-51.230468, -29.901874], [-51.230465, -29.901828], [-51.230376, -29.901833]]]}, "properties": {}},
{"type": "Feature", "geometry": {"type": "Polygon", "coordinates": [[[-51.230407, -29.901934], [-51.230409, -29.901958], [-51.230464, -29.901955], [-51.230462, -29.901931], [-51.230407, -29.901934]]]}, "properties": {}},
{"type": "Feature", "geometry": {"type": "Polygon", "coordinates": [[[-51.230077, -29.902261], [-51.23008, -29.902297], [-51.230174, -29.902293], [-51.230171, -29.902257], [-51.230077, -29.902261]]]}, "properties": {}},
{"type": "Feature", "geometry": {"type": "Polygon", "coordinates": [[[-51.230082, -29.90234], [-51.230155, -29.902338], [-51.230153, -29.902304], [-51.23008, -29.902308], [-51.230082, -29.90234]]]}, "properties": {}},
{"type": "Feature", "geometry": {"type": "Polygon", "coordinates": [[[-51.230089, -29.902197], [-51.230093, -29.90226], [-51.230154, -29.902257], [-51.230151, -29.902194], [-51.230089, -29.902197]]]}, "properties": {}},
{"type": "Feature", "geometry": {"type": "Polygon", "coordinates": [[[-51.230074, -29.902382], [-51.230077, -29.902434], [-51.230113, -29.902432], [-51.230111, -29.90238], [-51.230074, -29.902382]]]}, "properties": {}},
{"type": "Feature", "geometry": {"type": "Polygon", "coordinates": [[[-51.230405, -29.903206], [-51.230407, -29.903229], [-51.230492, -29.903223], [-51.230489, -29.9032], [-51.230405, -29.903206]]]}, "properties": {}},
{"type": "Feature", "geometry": {"type": "Polygon", "coordinates": [[[-51.230487, -29.903169], [-51.230492, -29.903223], [-51.230533, -29.90322], [-51.230528, -29.903167], [-51.230487, -29.903169]]]}, "properties": {}},
{"type": "Feature", "geometry": {"type": "Polygon", "coordinates": [[[-51.230276, -29.902895], [-51.230277, -29.902908], [-51.230248, -29.90291], [-51.230254, -29.903002], [-51.230306, -29.902999], [-51.230303, -29.902974], [-51.230314, -29.902973], [-51.230309, -29.902893], [-51.230276, -29.902895]]]}, "properties": {}},
{"type": "Feature", "geometry": {"type": "Polygon", "coordinates": [[[-51.23011, -29.902365], [-51.230115, -29.902456], [-51.230184, -29.902453], [-51.230178, -29.902362], [-51.23011, -29.902365]]]}, "properties": {}},
{"type": "Feature", "geometry": {"type": "Polygon", "coordinates": [[[-51.230357, -29.903209], [-51.23036, -29.903244], [-51.230375, -29.903242], [-51.230379, -29.903264], [-51.23041, -29.903262], [-51.230405, -29.903206], [-51.230357, -29.903209]]]}, "properties": {}},
{"type": "Feature", "geometry": {"type": "Polygon", "coordinates": [[[-51.230306, -29.902999], [-51.230307, -29.903022], [-51.230329, -29.90302], [-51.230327, -29.902998], [-51.230306, -29.902999]]]}, "properties": {}},
{"type": "Feature", "geometry": {"type": "Polygon", "coordinates": [[[-51.230227, -29.903094], [-51.230231, -29.903139], [-51.230333, -29.903131], [-51.230331, -29.903086], [-51.230227, -29.903094]]]}, "properties": {}},
{"type": "Feature", "geometry": {"type": "Polygon", "coordinates": [[[-51.230631, -29.903901], [-51.230626, -29.903866], [-51.230542, -29.903868], [-51.230546, -29.903902], [-51.230631, -29.903901]]]}, "properties": {}},
{"type": "Feature", "geometry": {"type": "Polygon", "coordinates": [[[-51.230469, -29.904165], [-51.230473, -29.90421], [-51.230561, -29.904209], [-51.230558, -29.904163], [-51.230469, -29.904165]]]}, "properties": {}},
{"type": "Feature", "geometry": {"type": "Polygon", "coordinates": [[[-51.230489, -29.90421], [-51.23049, -29.904261], [-51.230549, -29.904262], [-51.230548, -29.904223], [-51.230555, -29.904223], [-51.230555, -29.904209], [-51.230489, -29.90421]]]}, "properties": {}},
{"type": "Feature", "geometry": {"type": "Polygon", "coordinates": [[[-51.230579, -29.904736], [-51.230617, -29.904733], [-51.23061, -29.904653], [-51.230634, -29.904651], [-51.230632, -29.904632], [-51.230655, -29.904631], [-51.23065, -29.904562], [-51.230615, -29.904564], [-51.230616, -29.904575], [-51.230584, -29.904577], [-51.230589, -29.904635], [-51.230572, -29.904636], [-51.230579, -29.904736]]]}, "properties": {}},
{"type": "Feature", "geometry": {"type": "Polygon", "coordinates": [[[-51.230661, -29.904429], [-51.230631, -29.90443], [-51.230632, -29.90444], [-51.230606, -29.904441], [-51.230611, -29.904507], [-51.230668, -29.904504], [-51.230661, -29.904429]]]}, "properties": {}},
{"type": "Feature", "geometry": {"type": "Polygon", "coordinates": [[[-51.230465, -29.904601], [-51.230469, -29.904653], [-51.230494, -29.904652], [-51.230492, -29.904633], [-51.23052, -29.904631], [-51.230517, -29.904598], [-51.230465, -29.904601]]]}, "properties": {}},
{"type": "Feature", "geometry": {"type": "Polygon", "coordinates": [[[-51.230043, -29.904471], [-51.230011, -29.904473], [-51.230019, -29.904574], [-51.230084, -29.90457], [-51.230075, -29.904461], [-51.230043, -29.904462], [-51.230043, -29.904471]]]}, "properties": {}},
{"type": "Feature", "geometry": {"type": "Polygon", "coordinates": [[[-51.230019, -29.904574], [-51.230011, -29.904473], [-51.229987, -29.904475], [-51.229994, -29.904576], [-51.230019, -29.904574]]]}, "properties": {}},
{"type": "Feature", "geometry": {"type": "Polygon", "coordinates": [[[-51.229762, -29.900628], [-51.229763, -29.900635], [-51.229674, -29.900641], [-51.229687, -29.900815], [-51.229792, -29.90081], [-51.229786, -29.900747], [-51.229771, -29.900748], [-51.229765, -29.900672], [-51.22978, -29.900671], [-51.229777, -29.900627], [-51.229762, -29.900628]]]}, "properties": {}},
{"type": "Feature", "geometry": {"type": "Polygon", "coordinates": [[[-51.229466, -29.903182], [-51.229469, -29.903218], [-51.229519, -29.903212], [-51.229517, -29.903177], [-51.229466, -29.903182]]]}, "properties": {}},
{"type": "Feature", "geometry": {"type": "Polygon", "coordinates": [[[-51.229703, -29.900864], [-51.229711, -29.90097], [-51.229774, -29.900966], [-51.229766, -29.90086], [-51.229703, -29.900864]]]}, "properties": {}},
{"type": "Feature", "geometry": {"type": "Polygon", "coordinates": [[[-51.22924, -29.902991], [-51.229243, -29.903024], [-51.22927, -29.903023], [-51.229272, -29.903061], [-51.229294, -29.903059], [-51.229298, -29.903101], [-51.229343, -29.903098], [-51.229342, -29.903092], [-51.229341, -29.903082], [-51.229337, -29.903041], [-51.229334, -29.903003], [-51.229332, -29.902984], [-51.22924, -29.902991]]]}, "properties": {}},
{"type": "Feature", "geometry": {"type": "Polygon", "coordinates": [[[-51.229276, -29.903225], [-51.229272, -29.903189], [-51.229245, -29.903191], [-51.229248, -29.903227], [-51.229276, -29.903225]]]}, "properties": {}},
{"type": "Feature", "geometry": {"type": "Polygon", "coordinates": [[[-51.229602, -29.901717], [-51.2296, -29.901654], [-51.229566, -29.901656], [-51.229565, -29.901642], [-51.229544, -29.901643], [-51.22955, -29.901719], [-51.229602, -29.901717]]]}, "properties": {}},
{"type": "Feature", "geometry": {"type": "Polygon", "coordinates": [[[-51.229813, -29.901545], [-51.229751, -29.901549], [-51.229757, -29.901634], [-51.229819, -29.901631], [-51.229813, -29.901545]]]}, "properties": {}},
{"type": "Feature", "geometry": {"type": "Polygon", "coordinates": [[[-51.229564, -29.90155], [-51.22956, -29.901506], [-51.229573, -29.901505], [-51.22957, -29.901451], [-51.229531, -29.901453], [-51.229539, -29.901551], [-51.229564, -29.90155]]]}, "properties": {}},
{"type": "Feature", "geometry": {"type": "Polygon", "coordinates": [[[-51.229614, -29.901642], [-51.229622, -29.901753], [-51.229654, -29.901751], [-51.229647, -29.901638], [-51.229614, -29.901642]]]}, "properties": {}},
{"type": "Feature", "geometry": {"type": "Polygon", "coordinates": [[[-51.22979, -29.90144], [-51.229744, -29.901443], [-51.229749, -29.901517], [-51.229797, -29.901515], [-51.22979, -29.90144]]]}, "properties": {}},
{"type": "Feature", "geometry": {"type": "Polygon", "coordinates": [[[-51.232335, -29.902324], [-51.232447, -29.902318], [-51.232443, -29.902255], [-51.232331, -29.902261], [-51.232335, -29.902324]]]}, "properties": {}},
{"type": "Feature", "geometry": {"type": "Polygon", "coordinates": [[[-51.232633, -29.902106], [-51.232629, -29.902054], [-51.23256, -29.902057], [-51.232566, -29.902134], [-51.232661, -29.902128], [-51.23266, -29.902104], [-51.232633, -29.902106]]]}, "properties": {}},
{"type": "Feature", "geometry": {"type": "Polygon", "coordinates": [[[-51.232542, -29.902095], [-51.232412, -29.902102], [-51.232415, -29.902143], [-51.232546, -29.902135], [-51.232542, -29.902095]]]}, "properties": {}},
{"type": "Feature", "geometry": {"type": "Polygon", "coordinates": [[[-51.231989, -29.90376], [-51.231992, -29.903804], [-51.231982, -29.903804], [-51.231985, -29.903851], [-51.232105, -29.903844], [-51.232098, -29.903754], [-51.231989, -29.90376]]]}, "properties": {}},
{"type": "Feature", "geometry": {"type": "Polygon", "coordinates": [[[-51.231886, -29.903826], [-51.23196, -29.903822], [-51.231956, -29.903779], [-51.23198, -29.903777], [-51.231978, -29.903761], [-51.231882, -29.903766], [-51.231886, -29.903826]]]}, "properties": {}},
{"type": "Feature", "geometry": {"type": "Polygon", "coordinates": [[[-51.238508, -29.901876], [-51.23851, -29.901911], [-51.238487, -29.901912], [-51.238488, -29.901933], [-51.238511, -29.901932], [-51.238512, -29.901945], [-51.238567, -29.901943], [-51.238563, -29.901874], [-51.238508, -29.901876]]]}, "properties": {}},
{"type": "Feature", "geometry": {"type": "Polygon", "coordinates": [[[-51.234642, -29.901273], [-51.23464, -29.901255], [-51.234681, -29.90125], [-51.234675, -29.901205], [-51.234606, -29.901213], [-51.234615, -29.901276], [-51.234642, -29.901273]]]}, "properties": {}},
{"type": "Feature", "geometry": {"type": "Polygon", "coordinates": [[[-51.232977, -29.899406], [-51.233023, -29.899404], [-51.233021, -29.89938], [-51.232976, -29.899382], [-51.232977, -29.899406]]]}, "properties": {}},
{"type": "Feature", "geometry": {"type": "Polygon", "coordinates": [[[-51.230113, -29.901674], [-51.230145, -29.901672], [-51.230141, -29.901606], [-51.230109, -29.901607], [-51.230113, -29.901674]]]}, "properties": {}},
{"type": "Feature", "geometry": {"type": "Polygon", "coordinates": [[[-51.229486, -29.899976], [-51.229489, -29.900024], [-51.229558, -29.90002], [-51.229555, -29.899973], [-51.229486, -29.899976]]]}, "properties": {}},
{"type": "Feature", "geometry": {"type": "Polygon", "coordinates": [[[-51.233746, -29.90403], [-51.233644, -29.904036], [-51.233648, -29.904091], [-51.233639, -29.904092], [-51.233641, -29.904121], [-51.23365, -29.90412], [-51.233753, -29.904114], [-51.233751, -29.904089], [-51.233746, -29.90403]]]}, "properties": {}},
{"type": "Feature", "geometry": {"type": "Polygon", "coordinates": [[[-51.232137, -29.90464], [-51.232142, -29.904699], [-51.232161, -29.904698], [-51.232156, -29.904639], [-51.232137, -29.90464]]]}, "properties": {}},
{"type": "Feature", "geometry": {"type": "Polygon", "coordinates": [[[-51.232944, -29.90072], [-51.232944, -29.900734], [-51.232912, -29.900735], [-51.232914, -29.900785], [-51.232972, -29.900782], [-51.232968, -29.900718], [-51.232944, -29.90072]]]}, "properties": {}},
{"type": "Feature", "geometry": {"type": "Polygon", "coordinates": [[[-51.234326, -29.904649], [-51.234253, -29.904653], [-51.234264, -29.904807], [-51.234311, -29.904805], [-51.234312, -29.904814], [-51.23429, -29.904815], [-51.234293, -29.904868], [-51.234342, -29.904865], [-51.234326, -29.904649]]]}, "properties": {}},
{"type": "Feature", "geometry": {"type": "Polygon", "coordinates": [[[-51.231383, -29.904419], [-51.231466, -29.904414], [-51.231461, -29.904357], [-51.231379, -29.904362], [-51.231383, -29.904419]]]}, "properties": {}},
{"type": "Feature", "geometry": {"type": "Polygon", "coordinates": [[[-51.235947, -29.899314], [-51.235895, -29.899316], [-51.235897, -29.899361], [-51.23595, -29.899359], [-51.235947, -29.899314]]]}, "properties": {}},
{"type": "Feature", "geometry": {"type": "Polygon", "coordinates": [[[-51.234448, -29.902926], [-51.23431, -29.902933], [-51.234312, -29.902964], [-51.234294, -29.902965], [-51.234297, -29.902999], [-51.234452, -29.90299], [-51.234448, -29.902926]]]}, "properties": {}},
{"type": "Feature", "geometry": {"type": "Polygon", "coordinates": [[[-51.231989, -29.902278], [-51.231993, -29.902332], [-51.232065, -29.902328], [-51.23206, -29.902274], [-51.231989, -29.902278]]]}, "properties": {}},
{"type": "Feature", "geometry": {"type": "Polygon", "coordinates": [[[-51.230364, -29.901563], [-51.230428, -29.901559], [-51.23042, -29.901457], [-51.230356, -29.901461], [-51.230364, -29.901563]]]}, "properties": {}},
{"type": "Feature", "geometry": {"type": "Polygon", "coordinates": [[[-51.23764, -29.903726], [-51.237643, -29.903774], [-51.237714, -29.903771], [-51.237711, -29.903723], [-51.23764, -29.903726]]]}, "properties": {}},
{"type": "Feature", "geometry": {"type": "Polygon", "coordinates": [[[-51.236866, -29.904595], [-51.236868, -29.904621], [-51.236881, -29.90462], [-51.236888, -29.904699], [-51.236973, -29.904693], [-51.236963, -29.904588], [-51.236866, -29.904595]]]}, "properties": {}},
{"type": "Feature", "geometry": {"type": "Polygon", "coordinates": [[[-51.230478, -29.900758], [-51.23047, -29.90065], [-51.230377, -29.900655], [-51.230383, -29.900738], [-51.230385, -29.900764], [-51.230478, -29.900758]]]}, "properties": {}},
{"type": "Feature", "geometry": {"type": "Polygon", "coordinates": [[[-51.232009, -29.902374], [-51.232013, -29.902417], [-51.231989, -29.902418], [-51.231991, -29.902445], [-51.232015, -29.902443], [-51.232072, -29.90244], [-51.232103, -29.902438], [-51.232099, -29.902389], [-51.232068, -29.902391], [-51.232066, -29.90237], [-51.232009, -29.902374]]]}, "properties": {}},
{"type": "Feature", "geometry": {"type": "Polygon", "coordinates": [[[-51.237768, -29.901617], [-51.237773, -29.90167], [-51.237811, -29.901668], [-51.237807, -29.901614], [-51.237768, -29.901617]]]}, "properties": {}},
{"type": "Feature", "geometry": {"type": "Polygon", "coordinates": [[[-51.238543, -29.90423], [-51.238531, -29.904231], [-51.238534, -29.904275], [-51.238514, -29.904276], [-51.238515, -29.904302], [-51.238591, -29.904298], [-51.238589, -29.904277], [-51.238586, -29.904228], [-51.238543, -29.90423]]]}, "properties": {}},
{"type": "Feature", "geometry": {"type": "Polygon", "coordinates": [[[-51.230712, -29.901046], [-51.230711, -29.901038], [-51.230789, -29.901033], [-51.230784, -29.900975], [-51.230717, -29.900979], [-51.230716, -29.900963], [-51.23067, -29.900966], [-51.230677, -29.901055], [-51.230713, -29.901054], [-51.230712, -29.901046]]]}, "properties": {}},
{"type": "Feature", "geometry": {"type": "Polygon", "coordinates": [[[-51.237739, -29.901291], [-51.237743, -29.901318], [-51.237805, -29.901312], [-51.237801, -29.901285], [-51.237739, -29.901291]]]}, "properties": {}},
{"type": "Feature", "geometry": {"type": "Polygon", "coordinates": [[[-51.234262, -29.902262], [-51.234209, -29.902265], [-51.234214, -29.902339], [-51.234268, -29.902336], [-51.234262, -29.902262]]]}, "properties": {}},
{"type": "Feature", "geometry": {"type": "Polygon", "coordinates": [[[-51.236351, -29.902081], [-51.23635, -29.902048], [-51.236299, -29.90205], [-51.236301, -29.902091], [-51.236387, -29.902088], [-51.236387, -29.90208], [-51.236351, -29.902081]]]}, "properties": {}},
{"type": "Feature", "geometry": {"type": "Polygon", "coordinates": [[[-51.232838, -29.902093], [-51.232812, -29.902094], [-51.232814, -29.902131], [-51.232897, -29.902129], [-51.232895, -29.902074], [-51.232837, -29.902076], [-51.232838, -29.902093]]]}, "properties": {}},
{"type": "Feature", "geometry": {"type": "Polygon", "coordinates": [[[-51.238303, -29.903867], [-51.238307, -29.903913], [-51.238345, -29.90391], [-51.23834, -29.903864], [-51.238303, -29.903867]]]}, "properties": {}},
{"type": "Feature", "geometry": {"type": "Polygon", "coordinates": [[[-51.233174, -29.901883], [-51.233121, -29.901886], [-51.233126, -29.901957], [-51.23318, -29.901953], [-51.233177, -29.901906], [-51.233224, -29.901904], [-51.233222, -29.90188], [-51.233174, -29.901883]]]}, "properties": {}},
{"type": "Feature", "geometry": {"type": "Polygon", "coordinates": [[[-51.234986, -29.904227], [-51.234983, -29.904211], [-51.234964, -29.904214], [-51.23496, -29.904194], [-51.234898, -29.904203], [-51.234911, -29.904269], [-51.235014, -29.904253], [-51.235008, -29.904224], [-51.234986, -29.904227]]]}, "properties": {}},
{"type": "Feature", "geometry": {"type": "Polygon", "coordinates": [[[-51.235623, -29.899303], [-51.235629, -29.899356], [-51.235712, -29.899349], [-51.235706, -29.899295], [-51.235623, -29.899303]]]}, "properties": {}},
{"type": "Feature", "geometry": {"type": "Polygon", "coordinates": [[[-51.231874, -29.901657], [-51.231878, -29.901719], [-51.232005, -29.901713], [-51.232001, -29.90165], [-51.231874, -29.901657]]]}, "properties": {}},
{"type": "Feature", "geometry": {"type": "Polygon", "coordinates": [[[-51.238278, -29.904481], [-51.238281, -29.904513], [-51.238313, -29.904511], [-51.238311, -29.904479], [-51.238278, -29.904481]]]}, "properties": {}},
{"type": "Feature", "geometry": {"type": "Polygon", "coordinates": [[[-51.233739, -29.899413], [-51.233771, -29.899412], [-51.233769, -29.899372], [-51.233792, -29.899372], [-51.23379, -29.899323], [-51.233735, -29.899325], [-51.233739, -29.899413]]]}, "properties": {}},
{"type": "Feature", "geometry": {"type": "Polygon", "coordinates": [[[-51.235335, -29.899996], [-51.235288, -29.899997], [-51.235289, -29.900039], [-51.235335, -29.900039], [-51.235335, -29.899996]]]}, "properties": {}},
{"type": "Feature", "geometry": {"type": "Polygon", "coordinates": [[[-51.235273, -29.9009], [-51.235276, -29.900937], [-51.23531, -29.900935], [-51.235307, -29.900898], [-51.235273, -29.9009]]]}, "properties": {}},
{"type": "Feature", "geometry": {"type": "Polygon", "coordinates": [[[-51.238385, -29.903945], [-51.23839, -29.903992], [-51.238418, -29.90399], [-51.238413, -29.903943], [-51.238385, -29.903945]]]}, "properties": {}},
{"type": "Feature", "geometry": {"type": "Polygon", "coordinates": [[[-51.234167, -29.904682], [-51.234111, -29.904685], [-51.234112, -29.904697], [-51.234145, -29.904695], [-51.234145, -29.904703], [-51.234169, -29.904702], [-51.234167, -29.904682]]]}, "properties": {"info": {"is_agg": true, "properties_agg": [{"feature_id": 160502}], "geom_cmp_equals": [false], "geom_cmp_intersec": [0]}}},
{"type": "Feature", "geometry": {"type": "Polygon", "coordinates": [[[-51.234838, -29.899878], [-51.234959, -29.899877], [-51.234957, -29.89979], [-51.234893, -29.899791], [-51.234892, -29.899764], [-51.234837, -29.899765], [-51.234838, -29.899878]]]}, "properties": {}},
{"type": "Feature", "geometry": {"type": "Polygon", "coordinates": [[[-51.231394, -29.90298], [-51.231505, -29.902973], [-51.231502, -29.902922], [-51.231456, -29.902924], [-51.23145, -29.902835], [-51.231384, -29.902839], [-51.231394, -29.90298]]]}, "properties": {}},
{"type": "Feature", "geometry": {"type": "Polygon", "coordinates": [[[-51.231643, -29.902834], [-51.231651, -29.902949], [-51.231729, -29.902945], [-51.231721, -29.90283], [-51.231643, -29.902834]]]}, "properties": {}},
{"type": "Feature", "geometry": {"type": "Polygon", "coordinates": [[[-51.231355, -29.903979], [-51.231356, -29.903998], [-51.231296, -29.904001], [-51.2313, -29.904059], [-51.23141, -29.904053], [-51.23141, -29.904063], [-51.23146, -29.904061], [-51.231456, -29.903996], [-51.231434, -29.903998], [-51.231432, -29.903975], [-51.231355, -29.903979]]]}, "properties": {}},
{"type": "Feature", "geometry": {"type": "Polygon", "coordinates": [[[-51.231324, -29.901377], [-51.231332, -29.901475], [-51.231517, -29.901464], [-51.23151, -29.901367], [-51.231324, -29.901377]]]}, "properties": {}},
{"type": "Feature", "geometry": {"type": "Polygon", "coordinates": [[[-51.231299, -29.902151], [-51.231302, -29.90218], [-51.231197, -29.902187], [-51.2312, -29.902226], [-51.231392, -29.902213], [-51.231386, -29.902145], [-51.231299, -29.902151]]]}, "properties": {}},
{"type": "Feature", "geometry": {"type": "Polygon", "coordinates": [[[-51.231415, -29.902145], [-51.231421, -29.902211], [-51.231478, -29.902207], [-51.231472, -29.902142], [-51.231415, -29.902145]]]}, "properties": {}},
{"type": "Feature", "geometry": {"type": "Polygon", "coordinates": [[[-51.232304, -29.901826], [-51.232305, -29.90184], [-51.232286, -29.901841], [-51.232288, -29.901872], [-51.232527, -29.901857], [-51.232521, -29.901786], [-51.232471, -29.90179], [-51.232473, -29.901815], [-51.232314, -29.901825], [-51.232304, -29.901826]]]}, "properties": {}},
{"type": "Feature", "geometry": {"type": "Polygon", "coordinates": [[[-51.232456, -29.90432], [-51.232514, -29.904317], [-51.232512, -29.904291], [-51.232454, -29.904294], [-51.232456, -29.90432]]]}, "properties": {}},
{"type": "Feature", "geometry": {"type": "Polygon", "coordinates": [[[-51.239098, -29.900887], [-51.23909, -29.900852], [-51.239049, -29.900859], [-51.239056, -29.900893], [-51.239098, -29.900887]]]}, "properties": {}},
{"type": "Feature", "geometry": {"type": "Polygon", "coordinates": [[[-51.238387, -29.902051], [-51.238391, -29.902099], [-51.238448, -29.902096], [-51.238444, -29.902047], [-51.238387, -29.902051]]]}, "properties": {}},
{"type": "Feature", "geometry": {"type": "Polygon", "coordinates": [[[-51.233071, -29.904342], [-51.233073, -29.90437], [-51.233109, -29.904368], [-51.233107, -29.90434], [-51.233071, -29.904342]]]}, "properties": {}},
{"type": "Feature", "geometry": {"type": "Polygon", "coordinates": [[[-51.238824, -29.902008], [-51.238735, -29.902023], [-51.238759, -29.90213], [-51.238832, -29.902117], [-51.238824, -29.902082], [-51.23884, -29.902079], [-51.238824, -29.902008]]]}, "properties": {}},
{"type": "Feature", "geometry": {"type": "Polygon", "coordinates": [[[-51.235721, -29.903157], [-51.235724, -29.90321], [-51.235756, -29.903208], [-51.235752, -29.903155], [-51.235721, -29.903157]]]}, "properties": {}},
{"type": "Feature", "geometry": {"type": "Polygon", "coordinates": [[[-51.237251, -29.900211], [-51.237249, -29.900187], [-51.237198, -29.90019], [-51.237203, -29.900264], [-51.237218, -29.900263], [-51.237221, -29.900306], [-51.237193, -29.900307], [-51.237194, -29.900325], [-51.237318, -29.900319], [-51.23731, -29.900208], [-51.237251, -29.900211]]]}, "properties": {}},
{"type": "Feature", "geometry": {"type": "Polygon", "coordinates": [[[-51.238981, -29.901086], [-51.23894, -29.901092], [-51.238945, -29.901114], [-51.238986, -29.901108], [-51.238981, -29.901086]]]}, "properties": {}},
{"type": "Feature", "geometry": {"type": "Polygon", "coordinates": [[[-51.23564, -29.900024], [-51.235634, -29.899946], [-51.235612, -29.899947], [-51.235619, -29.900045], [-51.235705, -29.900041], [-51.235704, -29.900021], [-51.23564, -29.900024]]]}, "properties": {}},
{"type": "Feature", "geometry": {"type": "Polygon", "coordinates": [[[-51.237228, -29.901632], [-51.23723, -29.901673], [-51.237206, -29.901674], [-51.237208, -29.901706], [-51.237293, -29.901703], [-51.237292, -29.901669], [-51.237283, -29.90167], [-51.237282, -29.901657], [-51.237299, -29.901657], [-51.237298, -29.901641], [-51.237282, -29.901641], [-51.237282, -29.901629], [-51.237228, -29.901632]]]}, "properties": {}},
{"type": "Feature", "geometry": {"type": "Polygon", "coordinates": [[[-51.233163, -29.902948], [-51.233169, -29.903011], [-51.233244, -29.903006], [-51.233239, -29.902943], [-51.233163, -29.902948]]]}, "properties": {}},
{"type": "Feature", "geometry": {"type": "Polygon", "coordinates": [[[-51.233814, -29.899776], [-51.233817, -29.899803], [-51.233865, -29.899799], [-51.233862, -29.899771], [-51.233814, -29.899776]]]}, "properties": {}},
{"type": "Feature", "geometry": {"type": "Polygon", "coordinates": [[[-51.235993, -29.903497], [-51.235989, -29.903448], [-51.235919, -29.903452], [-51.235928, -29.903587], [-51.23596, -29.903585], [-51.235954, -29.903499], [-51.235993, -29.903497]]]}, "properties": {}},
{"type": "Feature", "geometry": {"type": "Polygon", "coordinates": [[[-51.237328, -29.90085], [-51.237299, -29.900852], [-51.237303, -29.900904], [-51.237332, -29.900903], [-51.237329, -29.900856], [-51.237328, -29.90085]]]}, "properties": {}},
{"type": "Feature", "geometry": {"type": "Polygon", "coordinates": [[[-51.23681, -29.900737], [-51.236818, -29.900796], [-51.236866, -29.900791], [-51.236864, -29.900779], [-51.2369, -29.900775], [-51.236895, -29.900738], [-51.236831, -29.900744], [-51.23683, -29.900735], [-51.23681, -29.900737]]]}, "properties": {}},
{"type": "Feature", "geometry": {"type": "Polygon", "coordinates": [[[-51.23681, -29.899681], [-51.236791, -29.899682], [-51.23679, -29.899662], [-51.236746, -29.899663], [-51.236749, -29.899717], [-51.23678, -29.899716], [-51.23678, -29.899719], [-51.236812, -29.899717], [-51.23681, -29.899681]]]}, "properties": {}},
{"type": "Feature", "geometry": {"type": "Polygon", "coordinates": [[[-51.235569, -29.902389], [-51.235692, -29.902382], [-51.235686, -29.902309], [-51.235564, -29.902316], [-51.235569, -29.902389]]]}, "properties": {}},
{"type": "Feature", "geometry": {"type": "Polygon", "coordinates": [[[-51.235956, -29.899381], [-51.235868, -29.899384], [-51.23587, -29.899417], [-51.235901, -29.899416], [-51.235903, -29.899474], [-51.235961, -29.899472], [-51.235956, -29.899381]]]}, "properties": {}},
{"type": "Feature", "geometry": {"type": "Polygon", "coordinates": [[[-51.23894, -29.900525], [-51.238945, -29.900549], [-51.238984, -29.900543], [-51.238989, -29.900567], [-51.239015, -29.900563], [-51.239005, -29.900514], [-51.23894, -29.900525]]]}, "properties": {}},
{"type": "Feature", "geometry": {"type": "Polygon", "coordinates": [[[-51.239004, -29.900696], [-51.239026, -29.900692], [-51.23904, -29.900752], [-51.239076, -29.900746], [-51.239059, -29.900674], [-51.239035, -29.900678], [-51.23902, -29.900681], [-51.239004, -29.900684], [-51.239001, -29.900684], [-51.239004, -29.900696]]]}, "properties": {}},
{"type": "Feature", "geometry": {"type": "Polygon", "coordinates": [[[-51.23043, -29.900086], [-51.230559, -29.900079], [-51.230555, -29.900027], [-51.230426, -29.900035], [-51.23043, -29.900086]]]}, "properties": {}},
{"type": "Feature", "geometry": {"type": "Polygon", "coordinates": [[[-51.238731, -29.903286], [-51.238738, -29.903412], [-51.23881, -29.903409], [-51.238803, -29.903283], [-51.238731, -29.903286]]]}, "properties": {}},
{"type": "Feature", "geometry": {"type": "Polygon", "coordinates": [[[-51.235259, -29.902293], [-51.235264, -29.902368], [-51.235303, -29.902366], [-51.235297, -29.902291], [-51.235259, -29.902293]]]}, "properties": {}},
{"type": "Feature", "geometry": {"type": "Polygon", "coordinates": [[[-51.23305, -29.903536], [-51.233052, -29.90356], [-51.233116, -29.903556], [-51.233114, -29.903532], [-51.23305, -29.903536]]]}, "properties": {}},
{"type": "Feature", "geometry": {"type": "Polygon", "coordinates": [[[-51.235443, -29.902064], [-51.235448, -29.902129], [-51.235482, -29.902127], [-51.235477, -29.902062], [-51.235443, -29.902064]]]}, "properties": {}},
{"type": "Feature", "geometry": {"type": "Polygon", "coordinates": [[[-51.232992, -29.904043], [-51.232997, -29.904107], [-51.233028, -29.904106], [-51.233023, -29.904041], [-51.232992, -29.904043]]]}, "properties": {}},
{"type": "Feature", "geometry": {"type": "Polygon", "coordinates": [[[-51.232717, -29.900763], [-51.232662, -29.900765], [-51.232666, -29.900839], [-51.232722, -29.900837], [-51.232717, -29.900763]]]}, "properties": {}},
{"type": "Feature", "geometry": {"type": "Polygon", "coordinates": [[[-51.236945, -29.904295], [-51.236951, -29.904398], [-51.236975, -29.904395], [-51.236975, -29.904387], [-51.236982, -29.904386], [-51.236981, -29.904378], [-51.237047, -29.904375], [-51.237045, -29.904339], [-51.237029, -29.90434], [-51.237026, -29.904291], [-51.236945, -29.904295]]]}, "properties": {}},
{"type": "Feature", "geometry": {"type": "Polygon", "coordinates": [[[-51.233802, -29.904111], [-51.233804, -29.904141], [-51.233866, -29.904137], [-51.233864, -29.904108], [-51.233802, -29.904111]]]}, "properties": {}},
{"type": "Feature", "geometry": {"type": "Polygon", "coordinates": [[[-51.230901, -29.904359], [-51.230859, -29.904361], [-51.230862, -29.904417], [-51.230904, -29.904415], [-51.230901, -29.904359]]]}, "properties": {}},
{"type": "Feature", "geometry": {"type": "Polygon", "coordinates": [[[-51.230832, -29.904346], [-51.230833, -29.904365], [-51.230815, -29.904366], [-51.230819, -29.904419], [-51.230858, -29.904417], [-51.230854, -29.904345], [-51.230832, -29.904346]]]}, "properties": {}},
{"type": "Feature", "geometry": {"type": "Polygon", "coordinates": [[[-51.231015, -29.904354], [-51.230901, -29.904359], [-51.230904, -29.904415], [-51.230974, -29.904412], [-51.231018, -29.90441], [-51.231015, -29.904354]]]}, "properties": {}},
{"type": "Feature", "geometry": {"type": "Polygon", "coordinates": [[[-51.230766, -29.90435], [-51.23077, -29.904421], [-51.230819, -29.904419], [-51.230814, -29.904347], [-51.230766, -29.90435]]]}, "properties": {}},
{"type": "Feature", "geometry": {"type": "Polygon", "coordinates": [[[-51.230671, -29.903406], [-51.230702, -29.903405], [-51.230745, -29.903403], [-51.230799, -29.903401], [-51.23084, -29.9034], [-51.230873, -29.903398], [-51.230893, -29.903397], [-51.230913, -29.903397], [-51.230911, -29.903347], [-51.23091, -29.903329], [-51.230909, -29.903312], [-51.230894, -29.903313], [-51.230852, -29.903314], [-51.230795, -29.903316], [-51.23074, -29.903319], [-51.230742, -29.903353], [-51.2307, -29.903355], [-51.230698, -29.90332], [-51.230667, -29.903321], [-51.230668, -29.903356], [-51.230584, -29.90336], [-51.230588, -29.903409], [-51.230671, -29.903406]]]}, "properties": {}},
{"type": "Feature", "geometry": {"type": "Polygon", "coordinates": [[[-51.230937, -29.903081], [-51.230893, -29.903083], [-51.230899, -29.903168], [-51.230943, -29.903165], [-51.230937, -29.903081]]]}, "properties": {}},
{"type": "Feature", "geometry": {"type": "Polygon", "coordinates": [[[-51.229935, -29.900657], [-51.22994, -29.900714], [-51.229967, -29.900712], [-51.229962, -29.900656], [-51.229935, -29.900657]]]}, "properties": {}},
{"type": "Feature", "geometry": {"type": "Polygon", "coordinates": [[[-51.229999, -29.901136], [-51.23, -29.901152], [-51.230091, -29.901148], [-51.23009, -29.901132], [-51.229999, -29.901136]]]}, "properties": {"info": {"is_agg": true, "properties_agg": [{"feature_id": 122316}], "geom_cmp_equals": [false], "geom_cmp_intersec": [0]}}},
{"type": "Feature", "geometry": {"type": "Polygon", "coordinates": [[[-51.231436, -29.900085], [-51.231466, -29.900084], [-51.231472, -29.900151], [-51.231528, -29.900148], [-51.231523, -29.90008], [-51.231483, -29.900083], [-51.231481, -29.900056], [-51.231434, -29.900059], [-51.231436, -29.900085]]]}, "properties": {}},
{"type": "Feature", "geometry": {"type": "Polygon", "coordinates": [[[-51.2301, -29.901724], [-51.230127, -29.901723], [-51.230155, -29.901721], [-51.230177, -29.90172], [-51.230174, -29.901671], [-51.230061, -29.901676], [-51.230064, -29.901725], [-51.2301, -29.901724]]]}, "properties": {}},
{"type": "Feature", "geometry": {"type": "Polygon", "coordinates": [[[-51.230028, -29.90188], [-51.23003, -29.901909], [-51.230062, -29.901908], [-51.230061, -29.901879], [-51.230028, -29.90188]]]}, "properties": {}},
{"type": "Feature", "geometry": {"type": "Polygon", "coordinates": [[[-51.230136, -29.901889], [-51.230088, -29.90189], [-51.23009, -29.901918], [-51.230055, -29.901919], [-51.230057, -29.901946], [-51.230092, -29.901945], [-51.230095, -29.902013], [-51.230142, -29.902011], [-51.230136, -29.901889]]]}, "properties": {}},
{"type": "Feature", "geometry": {"type": "Polygon", "coordinates": [[[-51.230344, -29.9046], [-51.230335, -29.904512], [-51.230217, -29.904521], [-51.230224, -29.9046], [-51.230225, -29.904608], [-51.230344, -29.9046]]]}, "properties": {}},
{"type": "Feature", "geometry": {"type": "Polygon", "coordinates": [[[-51.230569, -29.90318], [-51.230592, -29.903179], [-51.230593, -29.903192], [-51.23065, -29.90319], [-51.230647, -29.903133], [-51.230645, -29.90309], [-51.230562, -29.903093], [-51.230569, -29.90318]]]}, "properties": {}},
{"type": "Feature", "geometry": {"type": "Polygon", "coordinates": [[[-51.230893, -29.903083], [-51.230779, -29.90309], [-51.230785, -29.903174], [-51.230899, -29.903168], [-51.230893, -29.903083]]]}, "properties": {}},
{"type": "Feature", "geometry": {"type": "Polygon", "coordinates": [[[-51.230937, -29.903078], [-51.230943, -29.903165], [-51.230987, -29.903163], [-51.230981, -29.903077], [-51.230937, -29.903078]]]}, "properties": {}},
{"type": "Feature", "geometry": {"type": "Polygon", "coordinates": [[[-51.230685, -29.903189], [-51.230682, -29.903132], [-51.230647, -29.903133], [-51.23065, -29.90319], [-51.230685, -29.903189]]]}, "properties": {}},
{"type": "Feature", "geometry": {"type": "Polygon", "coordinates": [[[-51.230301, -29.900244], [-51.230276, -29.900246], [-51.230282, -29.900344], [-51.230308, -29.900343], [-51.230301, -29.900244]]]}, "properties": {}},
{"type": "Feature", "geometry": {"type": "Polygon", "coordinates": [[[-51.231595, -29.902279], [-51.231589, -29.902199], [-51.231493, -29.902206], [-51.2315, -29.902284], [-51.231595, -29.902279]]]}, "properties": {}},
{"type": "Feature", "geometry": {"type": "Polygon", "coordinates": [[[-51.236925, -29.90153], [-51.236921, -29.901486], [-51.236837, -29.901492], [-51.236845, -29.901535], [-51.236925, -29.90153]]]}, "properties": {}},
{"type": "Feature", "geometry": {"type": "Polygon", "coordinates": [[[-51.237833, -29.900326], [-51.237839, -29.900397], [-51.237901, -29.900393], [-51.237895, -29.900322], [-51.237833, -29.900326]]]}, "properties": {}},
{"type": "Feature", "geometry": {"type": "Polygon", "coordinates": [[[-51.231464, -29.901575], [-51.231468, -29.901624], [-51.231542, -29.901619], [-51.231537, -29.90157], [-51.231464, -29.901575]]]}, "properties": {}},
{"type": "Feature", "geometry": {"type": "Polygon", "coordinates": [[[-51.236628, -29.903924], [-51.236632, -29.90397], [-51.236657, -29.903969], [-51.236653, -29.903923], [-51.236628, -29.903924]]]}, "properties": {}},
{"type": "Feature", "geometry": {"type": "Polygon", "coordinates": [[[-51.23055, -29.904042], [-51.230573, -29.904041], [-51.230572, -29.904019], [-51.23055, -29.904019], [-51.230549, -29.904005], [-51.230501, -29.904007], [-51.230502, -29.904018], [-51.230507, -29.904019], [-51.230507, -29.904045], [-51.23055, -29.904045], [-51.23055, -29.904042]]]}, "properties": {}},
{"type": "Feature", "geometry": {"type": "Polygon", "coordinates": [[[-51.238339, -29.90323], [-51.238383, -29.903226], [-51.23838, -29.903176], [-51.238335, -29.903178], [-51.238339, -29.90323]]]}, "properties": {}},
{"type": "Feature", "geometry": {"type": "Polygon", "coordinates": [[[-51.234949, -29.899943], [-51.234952, -29.900025], [-51.235016, -29.900023], [-51.235013, -29.899941], [-51.234949, -29.899943]]]}, "properties": {}},
{"type": "Feature", "geometry": {"type": "Polygon", "coordinates": [[[-51.230306, -29.902651], [-51.230341, -29.90265], [-51.230336, -29.902568], [-51.230301, -29.90257], [-51.230306, -29.902651]]]}, "properties": {}},
{"type": "Feature", "geometry": {"type": "Polygon", "coordinates": [[[-51.236774, -29.903462], [-51.236759, -29.903463], [-51.236758, -29.90345], [-51.236729, -29.903452], [-51.23673, -29.903462], [-51.236737, -29.903539], [-51.236781, -29.903536], [-51.236774, -29.903462]]]}, "properties": {}},
{"type": "Feature", "geometry": {"type": "Polygon", "coordinates": [[[-51.231865, -29.903681], [-51.23187, -29.903738], [-51.231942, -29.903733], [-51.231938, -29.903676], [-51.231865, -29.903681]]]}, "properties": {}},
{"type": "Feature", "geometry": {"type": "Polygon", "coordinates": [[[-51.229471, -29.901969], [-51.229495, -29.901967], [-51.229489, -29.901895], [-51.229465, -29.901896], [-51.229471, -29.901969]]]}, "properties": {}},
{"type": "Feature", "geometry": {"type": "Polygon", "coordinates": [[[-51.238701, -29.899836], [-51.238636, -29.899849], [-51.238657, -29.899927], [-51.238722, -29.899914], [-51.238701, -29.899836]]]}, "properties": {}},
{"type": "Feature", "geometry": {"type": "Polygon", "coordinates": [[[-51.239886, -29.904729], [-51.239888, -29.904785], [-51.239975, -29.904782], [-51.239974, -29.904768], [-51.239988, -29.904768], [-51.239986, -29.904725], [-51.239886, -29.904729]]]}, "properties": {}},
{"type": "Feature", "geometry": {"type": "Polygon", "coordinates": [[[-51.236604, -29.899723], [-51.236656, -29.899722], [-51.236655, -29.899672], [-51.236663, -29.899672], [-51.236662, -29.899647], [-51.236601, -29.899648], [-51.236604, -29.899723]]]}, "properties": {}},
{"type": "Feature", "geometry": {"type": "Polygon", "coordinates": [[[-51.234274, -29.901404], [-51.234302, -29.901403], [-51.2343, -29.901363], [-51.234271, -29.901365], [-51.234274, -29.901404]]]}, "properties": {}},
{"type": "Feature", "geometry": {"type": "Polygon", "coordinates": [[[-51.233112, -29.902168], [-51.233118, -29.902247], [-51.233226, -29.902241], [-51.233224, -29.902212], [-51.233213, -29.902213], [-51.233209, -29.902163], [-51.233112, -29.902168]]]}, "properties": {}},
{"type": "Feature", "geometry": {"type": "Polygon", "coordinates": [[[-51.230549, -29.903723], [-51.230558, -29.903812], [-51.23062, -29.903808], [-51.230612, -29.903718], [-51.230549, -29.903723]]]}, "properties": {}},
{"type": "Feature", "geometry": {"type": "Polygon", "coordinates": [[[-51.230519, -29.903541], [-51.230525, -29.903595], [-51.230587, -29.90359], [-51.230582, -29.903536], [-51.230519, -29.903541]]]}, "properties": {}},
{"type": "Feature", "geometry": {"type": "Polygon", "coordinates": [[[-51.234894, -29.901745], [-51.23489, -29.901689], [-51.234844, -29.901692], [-51.234848, -29.901748], [-51.234894, -29.901745]]]}, "properties": {}},
{"type": "Feature", "geometry": {"type": "Polygon", "coordinates": [[[-51.23435, -29.901652], [-51.234343, -29.901588], [-51.234282, -29.901593], [-51.23429, -29.901658], [-51.23435, -29.901652]]]}, "properties": {}},
{"type": "Feature", "geometry": {"type": "Polygon", "coordinates": [[[-51.239827, -29.903938], [-51.239799, -29.903943], [-51.239807, -29.903977], [-51.239836, -29.903972], [-51.239827, -29.903938]]]}, "properties": {}},
{"type": "Feature", "geometry": {"type": "Polygon", "coordinates": [[[-51.238779, -29.899478], [-51.238772, -29.899441], [-51.238706, -29.89945], [-51.238713, -29.899487], [-51.238779, -29.899478]]]}, "properties": {}},
{"type": "Feature", "geometry": {"type": "Polygon", "coordinates": [[[-51.232824, -29.900914], [-51.232829, -29.900982], [-51.23291, -29.900978], [-51.232906, -29.90091], [-51.232824, -29.900914]]]}, "properties": {}},
{"type": "Feature", "geometry": {"type": "Polygon", "coordinates": [[[-51.23365, -29.903898], [-51.233697, -29.903895], [-51.233698, -29.90391], [-51.233731, -29.903908], [-51.233728, -29.903877], [-51.233618, -29.903883], [-51.233622, -29.903941], [-51.233654, -29.903939], [-51.23365, -29.903898]]]}, "properties": {}},
{"type": "Feature", "geometry": {"type": "Polygon", "coordinates": [[[-51.235642, -29.902662], [-51.235644, -29.902693], [-51.235699, -29.902691], [-51.235697, -29.90266], [-51.235642, -29.902662]]]}, "properties": {}},
{"type": "Feature", "geometry": {"type": "Polygon", "coordinates": [[[-51.236738, -29.899842], [-51.236811, -29.899839], [-51.236806, -29.899774], [-51.23675, -29.899777], [-51.236753, -29.899821], [-51.236737, -29.899822], [-51.236738, -29.899842]]]}, "properties": {}},
{"type": "Feature", "geometry": {"type": "Polygon", "coordinates": [[[-51.230808, -29.903931], [-51.231018, -29.903922], [-51.231012, -29.903818], [-51.231011, -29.903818], [-51.230828, -29.903826], [-51.230802, -29.903827], [-51.230808, -29.903931]]]}, "properties": {}},
{"type": "Feature", "geometry": {"type": "Polygon", "coordinates": [[[-51.236642, -29.903381], [-51.236648, -29.903449], [-51.23669, -29.903446], [-51.236684, -29.903378], [-51.236642, -29.903381]]]}, "properties": {}},
{"type": "Feature", "geometry": {"type": "Polygon", "coordinates": [[[-51.231986, -29.90436], [-51.231915, -29.904364], [-51.231917, -29.904387], [-51.231899, -29.904388], [-51.2319, -29.904396], [-51.231989, -29.904391], [-51.231986, -29.90436]]]}, "properties": {}},
{"type": "Feature", "geometry": {"type": "Polygon", "coordinates": [[[-51.231585, -29.900663], [-51.231604, -29.900662], [-51.231603, -29.900644], [-51.231614, -29.900644], [-51.231637, -29.900643], [-51.231634, -29.900598], [-51.231611, -29.900599], [-51.23161, -29.900588], [-51.23158, -29.900589], [-51.231585, -29.900663]]]}, "properties": {}},
{"type": "Feature", "geometry": {"type": "Polygon", "coordinates": [[[-51.238755, -29.902485], [-51.238751, -29.902449], [-51.238628, -29.902458], [-51.238631, -29.902494], [-51.238755, -29.902485]]]}, "properties": {}},
{"type": "Feature", "geometry": {"type": "Polygon", "coordinates": [[[-51.238539, -29.902022], [-51.238606, -29.90202], [-51.238603, -29.901991], [-51.238537, -29.901995], [-51.238539, -29.902022]]]}, "properties": {"info": {"is_agg": true, "properties_agg": [{"feature_id": 167725}], "geom_cmp_equals": [false], "geom_cmp_intersec": [0]}}},
{"type": "Feature", "geometry": {"type": "Polygon", "coordinates": [[[-51.238125, -29.90189], [-51.238136, -29.901989], [-51.238209, -29.901983], [-51.238198, -29.901883], [-51.238125, -29.90189]]]}, "properties": {}},
{"type": "Feature", "geometry": {"type": "Polygon", "coordinates": [[[-51.23822, -29.901868], [-51.238312, -29.901861], [-51.238308, -29.901815], [-51.238216, -29.901822], [-51.23822, -29.901868]]]}, "properties": {}},
{"type": "Feature", "geometry": {"type": "Polygon", "coordinates": [[[-51.238721, -29.90189], [-51.238728, -29.901974], [-51.238719, -29.901974], [-51.238722, -29.902012], [-51.238798, -29.902002], [-51.238792, -29.901921], [-51.238787, -29.901921], [-51.238785, -29.901886], [-51.238721, -29.90189]]]}, "properties": {}},
{"type": "Feature", "geometry": {"type": "Polygon", "coordinates": [[[-51.238383, -29.901889], [-51.238388, -29.901934], [-51.238406, -29.901932], [-51.238408, -29.901951], [-51.23843, -29.901949], [-51.238428, -29.90193], [-51.238447, -29.901929], [-51.238442, -29.901884], [-51.238383, -29.901889]]]}, "properties": {}},
{"type": "Feature", "geometry": {"type": "Polygon", "coordinates": [[[-51.238625, -29.901928], [-51.238628, -29.901976], [-51.238684, -29.901973], [-51.238681, -29.901924], [-51.238625, -29.901928]]]}, "properties": {}},
{"type": "Feature", "geometry": {"type": "Polygon", "coordinates": [[[-51.238435, -29.901963], [-51.238367, -29.901966], [-51.238369, -29.901992], [-51.238386, -29.901992], [-51.238387, -29.902016], [-51.238438, -29.902014], [-51.238435, -29.901963]]]}, "properties": {}},
{"type": "Feature", "geometry": {"type": "Polygon", "coordinates": [[[-51.238665, -29.901854], [-51.238662, -29.901828], [-51.238623, -29.901831], [-51.238628, -29.901895], [-51.238713, -29.90189], [-51.238709, -29.901852], [-51.238665, -29.901854]]]}, "properties": {}},
{"type": "Feature", "geometry": {"type": "Polygon", "coordinates": [[[-51.23866, -29.901797], [-51.238608, -29.9018], [-51.238611, -29.901831], [-51.238662, -29.901828], [-51.23866, -29.901797]]]}, "properties": {}},
{"type": "Feature", "geometry": {"type": "Polygon", "coordinates": [[[-51.238359, -29.90182], [-51.238362, -29.901845], [-51.23839, -29.901842], [-51.238393, -29.901867], [-51.238421, -29.901864], [-51.238416, -29.901815], [-51.238359, -29.90182]]]}, "properties": {}},
{"type": "Feature", "geometry": {"type": "Polygon", "coordinates": [[[-51.238096, -29.901876], [-51.238098, -29.901892], [-51.238198, -29.901883], [-51.238196, -29.901868], [-51.238096, -29.901876]]]}, "properties": {}},
{"type": "Feature", "geometry": {"type": "Polygon", "coordinates": [[[-51.238435, -29.901963], [-51.238438, -29.902014], [-51.238467, -29.902012], [-51.238464, -29.901962], [-51.238435, -29.901963]]]}, "properties": {}},
{"type": "Feature", "geometry": {"type": "Polygon", "coordinates": [[[-51.238201, -29.902005], [-51.238205, -29.902044], [-51.238237, -29.902041], [-51.238233, -29.902003], [-51.238201, -29.902005]]]}, "properties": {}},
{"type": "Feature", "geometry": {"type": "Polygon", "coordinates": [[[-51.238233, -29.901964], [-51.238301, -29.901959], [-51.238299, -29.901942], [-51.238281, -29.901944], [-51.238277, -29.901901], [-51.238227, -29.901905], [-51.238233, -29.901964]]]}, "properties": {}},
{"type": "Feature", "geometry": {"type": "Polygon", "coordinates": [[[-51.238416, -29.901815], [-51.238418, -29.90184], [-51.238464, -29.901836], [-51.238462, -29.901811], [-51.238416, -29.901815]]]}, "properties": {}},
{"type": "Feature", "geometry": {"type": "Polygon", "coordinates": [[[-51.238601, -29.901959], [-51.238548, -29.901962], [-51.23855, -29.901994], [-51.238603, -29.901991], [-51.238601, -29.901959]]]}, "properties": {}},
{"type": "Feature", "geometry": {"type": "Polygon", "coordinates": [[[-51.233699, -29.901092], [-51.233694, -29.901092], [-51.233693, -29.901074], [-51.233641, -29.901076], [-51.233642, -29.901096], [-51.233619, -29.901097], [-51.233623, -29.90118], [-51.233706, -29.901177], [-51.233699, -29.901092]]]}, "properties": {}},
{"type": "Feature", "geometry": {"type": "Polygon", "coordinates": [[[-51.229275, -29.900808], [-51.229278, -29.900845], [-51.229357, -29.900841], [-51.229355, -29.900804], [-51.229275, -29.900808]]]}, "properties": {}},
{"type": "Feature", "geometry": {"type": "Polygon", "coordinates": [[[-51.238044, -29.901558], [-51.238071, -29.901557], [-51.23807, -29.90149], [-51.238136, -29.901489], [-51.238135, -29.901431], [-51.238039, -29.901433], [-51.238044, -29.901558]]]}, "properties": {}},
{"type": "Feature", "geometry": {"type": "Polygon", "coordinates": [[[-51.229385, -29.900311], [-51.22936, -29.900312], [-51.229356, -29.900269], [-51.229317, -29.900272], [-51.229323, -29.900334], [-51.229333, -29.900333], [-51.229336, -29.900333], [-51.229387, -29.900329], [-51.229385, -29.900311]]]}, "properties": {}},
{"type": "Feature", "geometry": {"type": "Polygon", "coordinates": [[[-51.229333, -29.900333], [-51.22934, -29.900406], [-51.229394, -29.900402], [-51.229387, -29.900329], [-51.229333, -29.900333]]]}, "properties": {}},
{"type": "Feature", "geometry": {"type": "Polygon", "coordinates": [[[-51.229472, -29.900188], [-51.229497, -29.900187], [-51.229498, -29.900195], [-51.229545, -29.900192], [-51.22954, -29.900138], [-51.229468, -29.900143], [-51.229472, -29.900188]]]}, "properties": {}},
{"type": "Feature", "geometry": {"type": "Polygon", "coordinates": [[[-51.229493, -29.90028], [-51.229495, -29.900307], [-51.229555, -29.900303], [-51.229552, -29.900276], [-51.229493, -29.90028]]]}, "properties": {}},
{"type": "Feature", "geometry": {"type": "Polygon", "coordinates": [[[-51.233998, -29.903886], [-51.233967, -29.903888], [-51.23397, -29.903924], [-51.234001, -29.903922], [-51.233998, -29.903886]]]}, "properties": {}},
{"type": "Feature", "geometry": {"type": "Polygon", "coordinates": [[[-51.230341, -29.90265], [-51.230343, -29.902693], [-51.230403, -29.902691], [-51.230401, -29.902647], [-51.230396, -29.902565], [-51.230336, -29.902568], [-51.230341, -29.90265]]]}, "properties": {}},
{"type": "Feature", "geometry": {"type": "Polygon", "coordinates": [[[-51.231311, -29.902478], [-51.231315, -29.90252], [-51.231362, -29.902518], [-51.231358, -29.902476], [-51.231311, -29.902478]]]}, "properties": {}},
{"type": "Feature", "geometry": {"type": "Polygon", "coordinates": [[[-51.234014, -29.904661], [-51.234016, -29.904688], [-51.234059, -29.904686], [-51.234057, -29.904659], [-51.234014, -29.904661]]]}, "properties": {}},
{"type": "Feature", "geometry": {"type": "Polygon", "coordinates": [[[-51.234104, -29.902944], [-51.234088, -29.902945], [-51.234091, -29.902979], [-51.234037, -29.902982], [-51.234039, -29.903013], [-51.234197, -29.903004], [-51.23419, -29.902913], [-51.234133, -29.902916], [-51.234135, -29.902942], [-51.234104, -29.902944]]]}, "properties": {}},
{"type": "Feature", "geometry": {"type": "Polygon", "coordinates": [[[-51.229397, -29.900286], [-51.229427, -29.900283], [-51.229422, -29.900232], [-51.229392, -29.900235], [-51.229397, -29.900286]]]}, "properties": {}},
{"type": "Feature", "geometry": {"type": "Polygon", "coordinates": [[[-51.230759, -29.900846], [-51.230752, -29.900756], [-51.230731, -29.900758], [-51.230738, -29.900848], [-51.230759, -29.900846]]]}, "properties": {}},
{"type": "Feature", "geometry": {"type": "Polygon", "coordinates": [[[-51.233711, -29.902858], [-51.233714, -29.902894], [-51.233789, -29.902889], [-51.233786, -29.902853], [-51.233711, -29.902858]]]}, "properties": {}},
{"type": "Feature", "geometry": {"type": "Polygon", "coordinates": [[[-51.231381, -29.902477], [-51.231382, -29.902494], [-51.231405, -29.902493], [-51.231408, -29.902536], [-51.231472, -29.902533], [-51.231467, -29.902473], [-51.231381, -29.902477]]]}, "properties": {}},
{"type": "Feature", "geometry": {"type": "Polygon", "coordinates": [[[-51.232098, -29.902453], [-51.232099, -29.902467], [-51.232056, -29.90247], [-51.23206, -29.902518], [-51.232023, -29.90252], [-51.232032, -29.902631], [-51.2321, -29.902627], [-51.232092, -29.902527], [-51.232127, -29.902525], [-51.232121, -29.902452], [-51.232098, -29.902453]]]}, "properties": {}},
{"type": "Feature", "geometry": {"type": "Polygon", "coordinates": [[[-51.22978, -29.901678], [-51.229785, -29.901744], [-51.229841, -29.90174], [-51.229836, -29.901674], [-51.22978, -29.901678]]]}, "properties": {}},
{"type": "Feature", "geometry": {"type": "Polygon", "coordinates": [[[-51.23147, -29.904527], [-51.231354, -29.904534], [-51.231358, -29.904597], [-51.231474, -29.90459], [-51.23147, -29.904527]]]}, "properties": {}},
{"type": "Feature", "geometry": {"type": "Polygon", "coordinates": [[[-51.230951, -29.903283], [-51.230948, -29.903234], [-51.230842, -29.903238], [-51.230845, -29.903287], [-51.230951, -29.903283]]]}, "properties": {}},
{"type": "Feature", "geometry": {"type": "Polygon", "coordinates": [[[-51.23074, -29.903319], [-51.230768, -29.903318], [-51.230789, -29.903317], [-51.230795, -29.903316], [-51.230823, -29.903315], [-51.230846, -29.903314], [-51.230845, -29.903287], [-51.230726, -29.903292], [-51.230727, -29.903319], [-51.23074, -29.903319]]]}, "properties": {}},
{"type": "Feature", "geometry": {"type": "Polygon", "coordinates": [[[-51.230714, -29.903233], [-51.230794, -29.90323], [-51.230792, -29.903184], [-51.230712, -29.903187], [-51.230714, -29.903233]]]}, "properties": {}},
{"type": "Feature", "geometry": {"type": "Polygon", "coordinates": [[[-51.236096, -29.902944], [-51.236091, -29.90288], [-51.235994, -29.902886], [-51.235999, -29.902949], [-51.236096, -29.902944]]]}, "properties": {}},
{"type": "Feature", "geometry": {"type": "Polygon", "coordinates": [[[-51.236142, -29.902941], [-51.236137, -29.902878], [-51.236091, -29.90288], [-51.236096, -29.902944], [-51.236142, -29.902941]]]}, "properties": {}},
{"type": "Feature", "geometry": {"type": "Polygon", "coordinates": [[[-51.236028, -29.90282], [-51.236084, -29.902817], [-51.236083, -29.902807], [-51.236098, -29.902806], [-51.236096, -29.902771], [-51.236025, -29.902775], [-51.236028, -29.90282]]]}, "properties": {}},
{"type": "Feature", "geometry": {"type": "Polygon", "coordinates": [[[-51.233905, -29.902779], [-51.233918, -29.902914], [-51.233938, -29.902913], [-51.233926, -29.902778], [-51.233905, -29.902779]]]}, "properties": {}},
{"type": "Feature", "geometry": {"type": "Polygon", "coordinates": [[[-51.230702, -29.90085], [-51.230738, -29.900848], [-51.230731, -29.900757], [-51.230676, -29.900761], [-51.230679, -29.90079], [-51.230656, -29.900791], [-51.230661, -29.900852], [-51.230702, -29.90085]]]}, "properties": {}},
{"type": "Feature", "geometry": {"type": "Polygon", "coordinates": [[[-51.237874, -29.901559], [-51.237816, -29.901564], [-51.237825, -29.901653], [-51.237885, -29.901647], [-51.237874, -29.901559]]]}, "properties": {}},
{"type": "Feature", "geometry": {"type": "Polygon", "coordinates": [[[-51.235664, -29.904262], [-51.235654, -29.904264], [-51.235669, -29.904312], [-51.235679, -29.90431], [-51.235684, -29.904327], [-51.235726, -29.904317], [-51.2357, -29.904229], [-51.235657, -29.904239], [-51.235664, -29.904262]]]}, "properties": {}},
{"type": "Feature", "geometry": {"type": "Polygon", "coordinates": [[[-51.235975, -29.902823], [-51.236028, -29.90282], [-51.236025, -29.902775], [-51.235971, -29.902778], [-51.235975, -29.902823]]]}, "properties": {}},
{"type": "Feature", "geometry": {"type": "Polygon", "coordinates": [[[-51.239763, -29.903677], [-51.239724, -29.903683], [-51.239731, -29.90372], [-51.239709, -29.903723], [-51.239716, -29.903759], [-51.239777, -29.90375], [-51.239763, -29.903677]]]}, "properties": {}},
{"type": "Feature", "geometry": {"type": "Polygon", "coordinates": [[[-51.239466, -29.903619], [-51.23947, -29.90365], [-51.239502, -29.903647], [-51.239492, -29.903575], [-51.239408, -29.903583], [-51.239414, -29.903625], [-51.239466, -29.903619]]]}, "properties": {}},
{"type": "Feature", "geometry": {"type": "Polygon", "coordinates": [[[-51.239596, -29.903604], [-51.239532, -29.90361], [-51.239537, -29.903649], [-51.239601, -29.903643], [-51.239596, -29.903604]]]}, "properties": {}},
{"type": "Feature", "geometry": {"type": "Polygon", "coordinates": [[[-51.23936, -29.90363], [-51.239414, -29.903625], [-51.239408, -29.903583], [-51.239352, -29.903589], [-51.23936, -29.90363]]]}, "properties": {}},
{"type": "Feature", "geometry": {"type": "Polygon", "coordinates": [[[-51.239369, -29.903547], [-51.239347, -29.903461], [-51.239338, -29.903463], [-51.239321, -29.903465], [-51.239312, -29.903466], [-51.239334, -29.903554], [-51.239369, -29.903547]]]}, "properties": {}},
{"type": "Feature", "geometry": {"type": "Polygon", "coordinates": [[[-51.239369, -29.903547], [-51.23945, -29.903531], [-51.239428, -29.903445], [-51.239347, -29.903461], [-51.239369, -29.903547]]]}, "properties": {}},
{"type": "Feature", "geometry": {"type": "Polygon", "coordinates": [[[-51.239548, -29.903512], [-51.239527, -29.903431], [-51.239429, -29.90345], [-51.23945, -29.903531], [-51.239548, -29.903512]]]}, "properties": {}},
{"type": "Feature", "geometry": {"type": "Polygon", "coordinates": [[[-51.239458, -29.903388], [-51.239486, -29.903385], [-51.23948, -29.903337], [-51.239451, -29.90334], [-51.239441, -29.903342], [-51.239436, -29.903311], [-51.23934, -29.903321], [-51.239351, -29.903399], [-51.239458, -29.903388]]]}, "properties": {}},
{"type": "Feature", "geometry": {"type": "Polygon", "coordinates": [[[-51.239469, -29.903283], [-51.239462, -29.903231], [-51.239377, -29.90324], [-51.239385, -29.903292], [-51.239469, -29.903283]]]}, "properties": {}},
{"type": "Feature", "geometry": {"type": "Polygon", "coordinates": [[[-51.239497, -29.90328], [-51.23949, -29.903228], [-51.239462, -29.903231], [-51.239469, -29.903283], [-51.239497, -29.90328]]]}, "properties": {}},
{"type": "Feature", "geometry": {"type": "Polygon", "coordinates": [[[-51.239871, -29.904208], [-51.239803, -29.904214], [-51.239817, -29.904329], [-51.239885, -29.904323], [-51.239871, -29.904208]]]}, "properties": {}},
{"type": "Feature", "geometry": {"type": "Polygon", "coordinates": [[[-51.239985, -29.904557], [-51.239964, -29.904559], [-51.239964, -29.904554], [-51.239924, -29.904556], [-51.239928, -29.904607], [-51.239989, -29.904602], [-51.239985, -29.904557]]]}, "properties": {}},
{"type": "Feature", "geometry": {"type": "Polygon", "coordinates": [[[-51.239858, -29.904583], [-51.239861, -29.904615], [-51.23989, -29.904613], [-51.239886, -29.904581], [-51.239858, -29.904583]]]}, "properties": {}},
{"type": "Feature", "geometry": {"type": "Polygon", "coordinates": [[[-51.239926, -29.904578], [-51.239886, -29.904581], [-51.23989, -29.904613], [-51.239891, -29.904626], [-51.23993, -29.904623], [-51.239928, -29.904607], [-51.239926, -29.904578]]]}, "properties": {}},
{"type": "Feature", "geometry": {"type": "Polygon", "coordinates": [[[-51.233812, -29.902852], [-51.233815, -29.902887], [-51.233914, -29.90288], [-51.233911, -29.902845], [-51.233812, -29.902852]]]}, "properties": {}},
{"type": "Feature", "geometry": {"type": "Polygon", "coordinates": [[[-51.23361, -29.902721], [-51.23363, -29.902934], [-51.233699, -29.902929], [-51.233679, -29.902716], [-51.23361, -29.902721]]]}, "properties": {}},
{"type": "Feature", "geometry": {"type": "Polygon", "coordinates": [[[-51.233714, -29.902894], [-51.233717, -29.902928], [-51.233917, -29.902914], [-51.233914, -29.90288], [-51.233714, -29.902894]]]}, "properties": {}},
{"type": "Feature", "geometry": {"type": "Polygon", "coordinates": [[[-51.233698, -29.902715], [-51.233705, -29.902793], [-51.233926, -29.902778], [-51.233938, -29.902913], [-51.234007, -29.902908], [-51.233988, -29.902695], [-51.233698, -29.902715]]]}, "properties": {}},
{"type": "Feature", "geometry": {"type": "Polygon", "coordinates": [[[-51.233786, -29.902853], [-51.233789, -29.902889], [-51.233815, -29.902887], [-51.233812, -29.902852], [-51.233786, -29.902853]]]}, "properties": {}},
{"type": "Feature", "geometry": {"type": "Polygon", "coordinates": [[[-51.233536, -29.902877], [-51.233539, -29.902913], [-51.233581, -29.90291], [-51.233577, -29.902874], [-51.233536, -29.902877]]]}, "properties": {}},
{"type": "Feature", "geometry": {"type": "Polygon", "coordinates": [[[-51.234015, -29.90459], [-51.234077, -29.904587], [-51.234075, -29.904568], [-51.234067, -29.904453], [-51.234005, -29.904456], [-51.234013, -29.904571], [-51.234015, -29.90459]]]}, "properties": {}},
{"type": "Feature", "geometry": {"type": "Polygon", "coordinates": [[[-51.23416, -29.904588], [-51.234165, -29.904646], [-51.234228, -29.904642], [-51.234224, -29.904584], [-51.23416, -29.904588]]]}, "properties": {}},
{"type": "Feature", "geometry": {"type": "Polygon", "coordinates": [[[-51.234103, -29.903844], [-51.234109, -29.903917], [-51.234216, -29.903912], [-51.234211, -29.903838], [-51.234199, -29.903839], [-51.234198, -29.903826], [-51.234197, -29.9038], [-51.234174, -29.903802], [-51.234176, -29.903827], [-51.234177, -29.90384], [-51.234103, -29.903844]]]}, "properties": {}},
{"type": "Feature", "geometry": {"type": "Polygon", "coordinates": [[[-51.234239, -29.903348], [-51.23424, -29.903362], [-51.234297, -29.903359], [-51.234296, -29.903344], [-51.234239, -29.903348]]]}, "properties": {}},
{"type": "Feature", "geometry": {"type": "Polygon", "coordinates": [[[-51.234365, -29.903271], [-51.23437, -29.903337], [-51.234524, -29.903328], [-51.234519, -29.903263], [-51.234365, -29.903271]]]}, "properties": {}},
{"type": "Feature", "geometry": {"type": "Polygon", "coordinates": [[[-51.231606, -29.90287], [-51.231609, -29.902901], [-51.231581, -29.902902], [-51.231585, -29.902956], [-51.231631, -29.902953], [-51.231632, -29.902965], [-51.231652, -29.902964], [-51.231645, -29.902867], [-51.231606, -29.90287]]]}, "properties": {}},
{"type": "Feature", "geometry": {"type": "Polygon", "coordinates": [[[-51.231743, -29.902809], [-51.23175, -29.902893], [-51.231854, -29.902886], [-51.231847, -29.902802], [-51.231743, -29.902809]]]}, "properties": {}},
{"type": "Feature", "geometry": {"type": "Polygon", "coordinates": [[[-51.231311, -29.903959], [-51.231313, -29.903982], [-51.231414, -29.903976], [-51.231407, -29.903889], [-51.231291, -29.903896], [-51.231296, -29.90396], [-51.231311, -29.903959]]]}, "properties": {}},
{"type": "Feature", "geometry": {"type": "Polygon", "coordinates": [[[-51.231224, -29.901316], [-51.231226, -29.901327], [-51.231217, -29.901328], [-51.231215, -29.901317], [-51.231055, -29.901331], [-51.231057, -29.901352], [-51.231043, -29.901353], [-51.23105, -29.901411], [-51.231194, -29.901399], [-51.23119, -29.901369], [-51.231235, -29.901365], [-51.231232, -29.901334], [-51.231246, -29.901333], [-51.231244, -29.901315], [-51.231224, -29.901316]]]}, "properties": {}},
{"type": "Feature", "geometry": {"type": "Polygon", "coordinates": [[[-51.23154, -29.902113], [-51.231545, -29.90217], [-51.231491, -29.902173], [-51.231494, -29.902206], [-51.231548, -29.902202], [-51.231589, -29.902199], [-51.231583, -29.90211], [-51.23154, -29.902113]]]}, "properties": {}},
{"type": "Feature", "geometry": {"type": "Polygon", "coordinates": [[[-51.231214, -29.902514], [-51.231218, -29.902561], [-51.231272, -29.902558], [-51.231268, -29.902511], [-51.231214, -29.902514]]]}, "properties": {}},
{"type": "Feature", "geometry": {"type": "Polygon", "coordinates": [[[-51.231313, -29.902589], [-51.231387, -29.902584], [-51.231389, -29.902607], [-51.231415, -29.902605], [-51.231413, -29.902583], [-51.231403, -29.902583], [-51.231399, -29.902537], [-51.231309, -29.902543], [-51.231313, -29.902589]]]}, "properties": {}},
{"type": "Feature", "geometry": {"type": "Polygon", "coordinates": [[[-51.231917, -29.902452], [-51.231921, -29.902505], [-51.231999, -29.902501], [-51.231995, -29.902447], [-51.231917, -29.902452]]]}, "properties": {}},
{"type": "Feature", "geometry": {"type": "Polygon", "coordinates": [[[-51.231959, -29.902533], [-51.231957, -29.902503], [-51.231936, -29.902504], [-51.231938, -29.902533], [-51.231934, -29.902533], [-51.231938, -29.902594], [-51.232004, -29.90259], [-51.231999, -29.902531], [-51.231959, -29.902533]]]}, "properties": {}},
{"type": "Feature", "geometry": {"type": "Polygon", "coordinates": [[[-51.231645, -29.902294], [-51.231652, -29.902375], [-51.231716, -29.902371], [-51.231709, -29.90229], [-51.231645, -29.902294]]]}, "properties": {}},
{"type": "Feature", "geometry": {"type": "Polygon", "coordinates": [[[-51.229216, -29.900228], [-51.229222, -29.900298], [-51.229287, -29.900294], [-51.229284, -29.900257], [-51.229252, -29.900259], [-51.229249, -29.900226], [-51.229217, -29.900228], [-51.229216, -29.900228]]]}, "properties": {}},
{"type": "Feature", "geometry": {"type": "Polygon", "coordinates": [[[-51.229226, -29.900344], [-51.229247, -29.900343], [-51.229252, -29.900395], [-51.229306, -29.900391], [-51.229299, -29.900318], [-51.229289, -29.900319], [-51.229287, -29.900294], [-51.229222, -29.900298], [-51.229226, -29.900344]]]}, "properties": {}},
{"type": "Feature", "geometry": {"type": "Polygon", "coordinates": [[[-51.2294, -29.900165], [-51.229406, -29.900224], [-51.229463, -29.900219], [-51.229457, -29.900161], [-51.2294, -29.900165]]]}, "properties": {}},
{"type": "Feature", "geometry": {"type": "Polygon", "coordinates": [[[-51.22941, -29.900406], [-51.229453, -29.900403], [-51.229447, -29.900341], [-51.229474, -29.900339], [-51.22947, -29.900296], [-51.229461, -29.900297], [-51.22946, -29.900281], [-51.229397, -29.900286], [-51.22941, -29.900406]]]}, "properties": {}},
{"type": "Feature", "geometry": {"type": "Polygon", "coordinates": [[[-51.229447, -29.900341], [-51.229453, -29.900403], [-51.229481, -29.9004], [-51.229474, -29.900339], [-51.229447, -29.900341]]]}, "properties": {}},
{"type": "Feature", "geometry": {"type": "Polygon", "coordinates": [[[-51.22946, -29.900281], [-51.229458, -29.900261], [-51.229425, -29.900263], [-51.229427, -29.900283], [-51.22946, -29.900281]]]}, "properties": {}},
{"type": "Feature", "geometry": {"type": "Polygon", "coordinates": [[[-51.229254, -29.904591], [-51.229259, -29.904663], [-51.229348, -29.904658], [-51.229343, -29.904587], [-51.229254, -29.904591]]]}, "properties": {}},
{"type": "Feature", "geometry": {"type": "Polygon", "coordinates": [[[-51.230908, -29.902935], [-51.230896, -29.902936], [-51.230894, -29.902905], [-51.230808, -29.902909], [-51.230811, -29.902958], [-51.230891, -29.902954], [-51.230909, -29.902953], [-51.230908, -29.902935]]]}, "properties": {}},
{"type": "Feature", "geometry": {"type": "Polygon", "coordinates": [[[-51.234268, -29.900743], [-51.234264, -29.900668], [-51.234242, -29.900669], [-51.234245, -29.900744], [-51.234268, -29.900743]]]}, "properties": {}},
{"type": "Feature", "geometry": {"type": "Polygon", "coordinates": [[[-51.230458, -29.901022], [-51.230469, -29.901022], [-51.230465, -29.90097], [-51.230401, -29.900973], [-51.230405, -29.901026], [-51.230458, -29.901022]]]}, "properties": {}},
{"type": "Feature", "geometry": {"type": "Polygon", "coordinates": [[[-51.237197, -29.901278], [-51.237201, -29.901313], [-51.237327, -29.901304], [-51.237324, -29.901269], [-51.237197, -29.901278]]]}, "properties": {}},
{"type": "Feature", "geometry": {"type": "Polygon", "coordinates": [[[-51.234351, -29.900664], [-51.234354, -29.900714], [-51.234416, -29.900711], [-51.234413, -29.900661], [-51.234351, -29.900664]]]}, "properties": {}},
{"type": "Feature", "geometry": {"type": "Polygon", "coordinates": [[[-51.23806, -29.901921], [-51.237996, -29.901925], [-51.237999, -29.901956], [-51.23798, -29.901958], [-51.237985, -29.902005], [-51.238002, -29.902004], [-51.238005, -29.902039], [-51.238071, -29.902034], [-51.23806, -29.901921]]]}, "properties": {}},
{"type": "Feature", "geometry": {"type": "Polygon", "coordinates": [[[-51.236954, -29.902713], [-51.236952, -29.902684], [-51.23687, -29.902689], [-51.236866, -29.902638], [-51.236835, -29.90264], [-51.236836, -29.902652], [-51.236837, -29.902665], [-51.23684, -29.902721], [-51.236954, -29.902713]]]}, "properties": {}},
{"type": "Feature", "geometry": {"type": "Polygon", "coordinates": [[[-51.230596, -29.903463], [-51.230671, -29.90346], [-51.230669, -29.903406], [-51.230593, -29.903409], [-51.230596, -29.903463]]]}, "properties": {}},
{"type": "Feature", "geometry": {"type": "Polygon", "coordinates": [[[-51.23082, -29.903459], [-51.230818, -29.903431], [-51.230765, -29.903433], [-51.230766, -29.903461], [-51.23082, -29.903459]]]}, "properties": {}},
{"type": "Feature", "geometry": {"type": "Polygon", "coordinates": [[[-51.23729, -29.901307], [-51.237295, -29.901362], [-51.237332, -29.901359], [-51.237327, -29.901304], [-51.23729, -29.901307]]]}, "properties": {}},
{"type": "Feature", "geometry": {"type": "Polygon", "coordinates": [[[-51.239333, -29.9023], [-51.239375, -29.902295], [-51.239374, -29.902289], [-51.239394, -29.902287], [-51.239392, -29.902267], [-51.239414, -29.902265], [-51.239408, -29.902217], [-51.239324, -29.902225], [-51.239333, -29.9023]]]}, "properties": {}},
{"type": "Feature", "geometry": {"type": "Polygon", "coordinates": [[[-51.239389, -29.902329], [-51.239397, -29.902329], [-51.239396, -29.902321], [-51.239447, -29.902316], [-51.239444, -29.902291], [-51.239454, -29.90229], [-51.239453, -29.902279], [-51.239429, -29.902281], [-51.23943, -29.902293], [-51.239369, -29.902298], [-51.239374, -29.902331], [-51.239389, -29.902329]]]}, "properties": {}},
{"type": "Feature", "geometry": {"type": "Polygon", "coordinates": [[[-51.238426, -29.904562], [-51.23841, -29.904562], [-51.238414, -29.904607], [-51.238488, -29.904603], [-51.238482, -29.904524], [-51.238424, -29.904527], [-51.238424, -29.904532], [-51.238426, -29.904562]]]}, "properties": {}},
{"type": "Feature", "geometry": {"type": "Polygon", "coordinates": [[[-51.238407, -29.904514], [-51.238408, -29.904533], [-51.238424, -29.904532], [-51.238424, -29.904523], [-51.238447, -29.904522], [-51.238446, -29.904507], [-51.238406, -29.904509], [-51.238407, -29.904514]]]}, "properties": {}},
{"type": "Feature", "geometry": {"type": "Polygon", "coordinates": [[[-51.230551, -29.901575], [-51.230446, -29.901579], [-51.230448, -29.901598], [-51.23047, -29.901597], [-51.230473, -29.901654], [-51.230474, -29.901674], [-51.230564, -29.901671], [-51.230563, -29.90165], [-51.230638, -29.901648], [-51.230634, -29.901572], [-51.230551, -29.901575]]]}, "properties": {}},
{"type": "Feature", "geometry": {"type": "Polygon", "coordinates": [[[-51.230844, -29.902829], [-51.230857, -29.902828], [-51.230903, -29.902826], [-51.230902, -29.902804], [-51.230842, -29.902807], [-51.230844, -29.902829]]]}, "properties": {"info": {"is_agg": true, "properties_agg": [{"feature_id": 177805}], "geom_cmp_equals": [false], "geom_cmp_intersec": [0.002271051362492803]}}},
{"type": "Feature", "geometry": {"type": "Polygon", "coordinates": [[[-51.230752, -29.902833], [-51.23077, -29.902832], [-51.230844, -29.902829], [-51.230842, -29.902807], [-51.230902, -29.902804], [-51.2309, -29.902774], [-51.23081, -29.902778], [-51.230811, -29.902804], [-51.230734, -29.902807], [-51.230736, -29.902833], [-51.230752, -29.902833]]]}, "properties": {}},
{"type": "Feature", "geometry": {"type": "Polygon", "coordinates": [[[-51.230722, -29.902828], [-51.230719, -29.902773], [-51.23057, -29.90278], [-51.230573, -29.902834], [-51.230722, -29.902828]]]}, "properties": {}},
{"type": "Feature", "geometry": {"type": "Polygon", "coordinates": [[[-51.230726, -29.904492], [-51.230847, -29.904486], [-51.230844, -29.904438], [-51.230723, -29.904443], [-51.230726, -29.904492]]]}, "properties": {}},
{"type": "Feature", "geometry": {"type": "Polygon", "coordinates": [[[-51.230847, -29.904486], [-51.230928, -29.904483], [-51.230924, -29.904414], [-51.230843, -29.904418], [-51.230847, -29.904486]]]}, "properties": {}},
{"type": "Feature", "geometry": {"type": "Polygon", "coordinates": [[[-51.23094, -29.904431], [-51.230943, -29.904482], [-51.23101, -29.904479], [-51.231007, -29.904428], [-51.23094, -29.904431]]]}, "properties": {}},
{"type": "Feature", "geometry": {"type": "Polygon", "coordinates": [[[-51.230667, -29.903321], [-51.230682, -29.903321], [-51.230698, -29.90332], [-51.230703, -29.90332], [-51.230702, -29.903292], [-51.230648, -29.903294], [-51.230649, -29.903322], [-51.230667, -29.903321]]]}, "properties": {}},
{"type": "Feature", "geometry": {"type": "Polygon", "coordinates": [[[-51.230145, -29.901668], [-51.23021, -29.901665], [-51.230206, -29.901603], [-51.230141, -29.901606], [-51.230145, -29.901668]]]}, "properties": {}},
{"type": "Feature", "geometry": {"type": "Polygon", "coordinates": [[[-51.230083, -29.901725], [-51.230086, -29.901771], [-51.230043, -29.901773], [-51.230047, -29.901826], [-51.230089, -29.901824], [-51.230132, -29.901822], [-51.230127, -29.901723], [-51.230083, -29.901725]]]}, "properties": {}},
{"type": "Feature", "geometry": {"type": "Polygon", "coordinates": [[[-51.230086, -29.901771], [-51.230083, -29.901725], [-51.230041, -29.901726], [-51.230043, -29.901773], [-51.230086, -29.901771]]]}, "properties": {}},
{"type": "Feature", "geometry": {"type": "Polygon", "coordinates": [[[-51.23026, -29.904766], [-51.230289, -29.904765], [-51.230302, -29.904764], [-51.230299, -29.904729], [-51.230253, -29.904732], [-51.230256, -29.904767], [-51.23026, -29.904766]]]}, "properties": {}},
{"type": "Feature", "geometry": {"type": "Polygon", "coordinates": [[[-51.230226, -29.90462], [-51.230228, -29.904638], [-51.230236, -29.904637], [-51.230244, -29.904715], [-51.230308, -29.90471], [-51.230301, -29.904633], [-51.230299, -29.904615], [-51.230226, -29.90462]]]}, "properties": {}},
{"type": "Feature", "geometry": {"type": "Polygon", "coordinates": [[[-51.230369, -29.904674], [-51.230314, -29.904678], [-51.230321, -29.904763], [-51.230377, -29.90476], [-51.230369, -29.904674]]]}, "properties": {}},
{"type": "Feature", "geometry": {"type": "Polygon", "coordinates": [[[-51.230344, -29.904676], [-51.23034, -29.904626], [-51.230309, -29.904628], [-51.230314, -29.904678], [-51.230344, -29.904676]]]}, "properties": {}},
{"type": "Feature", "geometry": {"type": "Polygon", "coordinates": [[[-51.230609, -29.903293], [-51.230607, -29.903268], [-51.230576, -29.903269], [-51.230578, -29.903294], [-51.230609, -29.903293]]]}, "properties": {}},
{"type": "Feature", "geometry": {"type": "Polygon", "coordinates": [[[-51.23061, -29.903324], [-51.230609, -29.903293], [-51.230578, -29.903294], [-51.230581, -29.903325], [-51.23061, -29.903324]]]}, "properties": {}},
{"type": "Feature", "geometry": {"type": "Polygon", "coordinates": [[[-51.229267, -29.903896], [-51.229266, -29.90386], [-51.229235, -29.903861], [-51.229237, -29.903897], [-51.229267, -29.903896]]]}, "properties": {}},
{"type": "Feature", "geometry": {"type": "Polygon", "coordinates": [[[-51.229299, -29.903954], [-51.229298, -29.903934], [-51.229282, -29.903934], [-51.229283, -29.903955], [-51.229213, -29.903957], [-51.229216, -29.904014], [-51.229194, -29.904015], [-51.229195, -29.904029], [-51.229201, -29.904029], [-51.229208, -29.904028], [-51.229221, -29.904028], [-51.229241, -29.904027], [-51.229262, -29.904026], [-51.229282, -29.904025], [-51.229303, -29.904024], [-51.229299, -29.903954]]]}, "properties": {}},
{"type": "Feature", "geometry": {"type": "Polygon", "coordinates": [[[-51.229381, -29.903202], [-51.229387, -29.903252], [-51.229383, -29.903253], [-51.229384, -29.903274], [-51.229399, -29.903272], [-51.229458, -29.903267], [-51.229451, -29.903195], [-51.229381, -29.903202]]]}, "properties": {}},
{"type": "Feature", "geometry": {"type": "Polygon", "coordinates": [[[-51.229675, -29.902942], [-51.22968, -29.902996], [-51.229696, -29.902995], [-51.229698, -29.903022], [-51.229745, -29.903019], [-51.229741, -29.902963], [-51.229739, -29.902938], [-51.229675, -29.902942]]]}, "properties": {}},
{"type": "Feature", "geometry": {"type": "Polygon", "coordinates": [[[-51.229795, -29.902374], [-51.229876, -29.902369], [-51.22987, -29.9023], [-51.22979, -29.902305], [-51.229795, -29.902374]]]}, "properties": {}},
{"type": "Feature", "geometry": {"type": "Polygon", "coordinates": [[[-51.22949, -29.90178], [-51.229474, -29.901781], [-51.229477, -29.901826], [-51.229536, -29.901822], [-51.229533, -29.901795], [-51.229491, -29.901798], [-51.22949, -29.90178]]]}, "properties": {}},
{"type": "Feature", "geometry": {"type": "Polygon", "coordinates": [[[-51.229477, -29.901826], [-51.229479, -29.901844], [-51.229537, -29.901841], [-51.229536, -29.901822], [-51.229477, -29.901826]]]}, "properties": {}},
{"type": "Feature", "geometry": {"type": "Polygon", "coordinates": [[[-51.230375, -29.902445], [-51.230378, -29.902488], [-51.230408, -29.902487], [-51.230405, -29.902444], [-51.230375, -29.902445]]]}, "properties": {}},
{"type": "Feature", "geometry": {"type": "Polygon", "coordinates": [[[-51.232465, -29.900061], [-51.232533, -29.900061], [-51.232531, -29.900022], [-51.232463, -29.900022], [-51.232465, -29.900061]]]}, "properties": {}},
{"type": "Feature", "geometry": {"type": "Polygon", "coordinates": [[[-51.238066, -29.901988], [-51.238072, -29.902054], [-51.238115, -29.902051], [-51.238108, -29.901985], [-51.238066, -29.901988]]]}, "properties": {}},
{"type": "Feature", "geometry": {"type": "Polygon", "coordinates": [[[-51.234267, -29.900729], [-51.234341, -29.900726], [-51.234338, -29.90067], [-51.234298, -29.900672], [-51.234297, -29.900666], [-51.234264, -29.900668], [-51.234267, -29.900729]]]}, "properties": {}},
{"type": "Feature", "geometry": {"type": "Polygon", "coordinates": [[[-51.234354, -29.900714], [-51.234355, -29.900732], [-51.234329, -29.900733], [-51.23433, -29.900744], [-51.234418, -29.90074], [-51.234416, -29.900711], [-51.234354, -29.900714]]]}, "properties": {}},
{"type": "Feature", "geometry": {"type": "Polygon", "coordinates": [[[-51.233705, -29.902793], [-51.233711, -29.902858], [-51.233911, -29.902845], [-51.233905, -29.902779], [-51.233705, -29.902793]]]}, "properties": {}},
{"type": "Feature", "geometry": {"type": "Polygon", "coordinates": [[[-51.233679, -29.902716], [-51.233699, -29.902929], [-51.233717, -29.902928], [-51.233698, -29.902715], [-51.233679, -29.902716]]]}, "properties": {}},
{"type": "Feature", "geometry": {"type": "Polygon", "coordinates": [[[-51.237858, -29.90154], [-51.237853, -29.901495], [-51.237811, -29.901499], [-51.237817, -29.901544], [-51.237858, -29.90154]]]}, "properties": {}},
{"type": "Feature", "geometry": {"type": "Polygon", "coordinates": [[[-51.238484, -29.901527], [-51.238489, -29.901569], [-51.238502, -29.901568], [-51.2385, -29.901548], [-51.238542, -29.901544], [-51.238539, -29.901522], [-51.238484, -29.901527]]]}, "properties": {}},
{"type": "Feature", "geometry": {"type": "Polygon", "coordinates": [[[-51.238509, -29.901617], [-51.23855, -29.901613], [-51.238544, -29.901564], [-51.238565, -29.901562], [-51.238563, -29.901542], [-51.2385, -29.901548], [-51.238509, -29.901617]]]}, "properties": {}},
{"type": "Feature", "geometry": {"type": "Polygon", "coordinates": [[[-51.230436, -29.903481], [-51.230434, -29.903454], [-51.230376, -29.903458], [-51.230377, -29.903475], [-51.230367, -29.903477], [-51.230368, -29.903486], [-51.230436, -29.903481]]]}, "properties": {}},
{"type": "Feature", "geometry": {"type": "Polygon", "coordinates": [[[-51.230415, -29.903629], [-51.230426, -29.903682], [-51.230474, -29.903674], [-51.230473, -29.903672], [-51.230505, -29.903667], [-51.230494, -29.903616], [-51.230415, -29.903629]]]}, "properties": {}},
{"type": "Feature", "geometry": {"type": "Polygon", "coordinates": [[[-51.230606, -29.903636], [-51.230554, -29.903639], [-51.230558, -29.903691], [-51.230535, -29.903692], [-51.230537, -29.903724], [-51.230612, -29.903718], [-51.230606, -29.903636]]]}, "properties": {}},
{"type": "Feature", "geometry": {"type": "Polygon", "coordinates": [[[-51.229856, -29.90228], [-51.229853, -29.902225], [-51.229791, -29.902228], [-51.229793, -29.902266], [-51.229823, -29.902265], [-51.229824, -29.902281], [-51.229856, -29.90228]]]}, "properties": {}},
{"type": "Feature", "geometry": {"type": "Polygon", "coordinates": [[[-51.229896, -29.902468], [-51.22989, -29.902396], [-51.22978, -29.902403], [-51.229786, -29.902475], [-51.229896, -29.902468]]]}, "properties": {}},
{"type": "Feature", "geometry": {"type": "Polygon", "coordinates": [[[-51.230631, -29.904003], [-51.230598, -29.904005], [-51.2306, -29.904044], [-51.230634, -29.904044], [-51.230631, -29.904003]]]}, "properties": {}},
{"type": "Feature", "geometry": {"type": "Polygon", "coordinates": [[[-51.231858, -29.903092], [-51.231852, -29.903], [-51.23176, -29.903005], [-51.231765, -29.90307], [-51.231661, -29.903075], [-51.231666, -29.903142], [-51.231876, -29.90313], [-51.231872, -29.903091], [-51.231858, -29.903092]]]}, "properties": {}},
{"type": "Feature", "geometry": {"type": "Polygon", "coordinates": [[[-51.235218, -29.902891], [-51.235233, -29.90289], [-51.23523, -29.902852], [-51.235154, -29.902856], [-51.235162, -29.902968], [-51.235224, -29.902965], [-51.235218, -29.902891]]]}, "properties": {}},
{"type": "Feature", "geometry": {"type": "Polygon", "coordinates": [[[-51.235132, -29.902857], [-51.235139, -29.902969], [-51.235162, -29.902968], [-51.235154, -29.902856], [-51.235132, -29.902857]]]}, "properties": {}},
{"type": "Feature", "geometry": {"type": "Polygon", "coordinates": [[[-51.230667, -29.900922], [-51.230771, -29.900916], [-51.230766, -29.900849], [-51.230765, -29.900846], [-51.230661, -29.900852], [-51.230667, -29.900922]]]}, "properties": {}},
{"type": "Feature", "geometry": {"type": "Polygon", "coordinates": [[[-51.230515, -29.901064], [-51.230512, -29.901019], [-51.230405, -29.901026], [-51.230408, -29.90107], [-51.230515, -29.901064]]]}, "properties": {}},
{"type": "Feature", "geometry": {"type": "Polygon", "coordinates": [[[-51.230042, -29.900785], [-51.229974, -29.900788], [-51.229976, -29.900814], [-51.230044, -29.900811], [-51.230042, -29.900785]]]}, "properties": {}},
{"type": "Feature", "geometry": {"type": "Polygon", "coordinates": [[[-51.230033, -29.900732], [-51.229979, -29.900734], [-51.229981, -29.900767], [-51.230035, -29.900764], [-51.230033, -29.900732]]]}, "properties": {}},
{"type": "Feature", "geometry": {"type": "Polygon", "coordinates": [[[-51.237204, -29.901349], [-51.237258, -29.901345], [-51.237256, -29.901325], [-51.237202, -29.901328], [-51.237204, -29.901349]]]}, "properties": {}},
{"type": "Feature", "geometry": {"type": "Polygon", "coordinates": [[[-51.233056, -29.900158], [-51.233049, -29.900078], [-51.232991, -29.900082], [-51.232998, -29.900162], [-51.233005, -29.900161], [-51.233056, -29.900158]]]}, "properties": {}},
{"type": "Feature", "geometry": {"type": "Polygon", "coordinates": [[[-51.237942, -29.901642], [-51.237931, -29.901554], [-51.237874, -29.901559], [-51.237885, -29.901647], [-51.237942, -29.901642]]]}, "properties": {}},
{"type": "Feature", "geometry": {"type": "Polygon", "coordinates": [[[-51.237217, -29.900659], [-51.237248, -29.900657], [-51.237242, -29.900597], [-51.237148, -29.900602], [-51.237154, -29.900679], [-51.237194, -29.900676], [-51.237196, -29.900698], [-51.23722, -29.900696], [-51.237217, -29.900659]]]}, "properties": {}},
{"type": "Feature", "geometry": {"type": "Polygon", "coordinates": [[[-51.234045, -29.900116], [-51.234093, -29.900113], [-51.234082, -29.900009], [-51.234035, -29.900013], [-51.234045, -29.900116]]]}, "properties": {}},
{"type": "Feature", "geometry": {"type": "Polygon", "coordinates": [[[-51.232522, -29.904678], [-51.232529, -29.904769], [-51.232581, -29.904766], [-51.232574, -29.904675], [-51.232522, -29.904678]]]}, "properties": {}},
{"type": "Feature", "geometry": {"type": "Polygon", "coordinates": [[[-51.235173, -29.901039], [-51.235183, -29.901152], [-51.235221, -29.901149], [-51.235211, -29.901037], [-51.235173, -29.901039]]]}, "properties": {}},
{"type": "Feature", "geometry": {"type": "Polygon", "coordinates": [[[-51.238403, -29.900494], [-51.238301, -29.900506], [-51.238313, -29.900591], [-51.238416, -29.900579], [-51.238403, -29.900494]]]}, "properties": {}},
{"type": "Feature", "geometry": {"type": "Polygon", "coordinates": [[[-51.235863, -29.902644], [-51.235865, -29.90268], [-51.235908, -29.902678], [-51.235905, -29.902642], [-51.235863, -29.902644]]]}, "properties": {}},
{"type": "Feature", "geometry": {"type": "Polygon", "coordinates": [[[-51.238449, -29.902147], [-51.238454, -29.902205], [-51.23848, -29.902204], [-51.238476, -29.902145], [-51.238449, -29.902147]]]}, "properties": {}},
{"type": "Feature", "geometry": {"type": "Polygon", "coordinates": [[[-51.233732, -29.89931], [-51.233687, -29.899312], [-51.233689, -29.899346], [-51.233734, -29.899344], [-51.233732, -29.89931]]]}, "properties": {}},
{"type": "Feature", "geometry": {"type": "Polygon", "coordinates": [[[-51.230717, -29.901235], [-51.23072, -29.901294], [-51.23079, -29.901291], [-51.230787, -29.901232], [-51.230717, -29.901235]]]}, "properties": {}},
{"type": "Feature", "geometry": {"type": "Polygon", "coordinates": [[[-51.232904, -29.90384], [-51.232896, -29.903749], [-51.232742, -29.903758], [-51.232749, -29.903849], [-51.232904, -29.90384]]]}, "properties": {}},
{"type": "Feature", "geometry": {"type": "Polygon", "coordinates": [[[-51.234744, -29.902132], [-51.234747, -29.902194], [-51.234808, -29.902191], [-51.234805, -29.902129], [-51.234744, -29.902132]]]}, "properties": {}},
{"type": "Feature", "geometry": {"type": "Polygon", "coordinates": [[[-51.230713, -29.901961], [-51.230688, -29.901962], [-51.230692, -29.902035], [-51.230717, -29.902034], [-51.230713, -29.901961]]]}, "properties": {}},
{"type": "Feature", "geometry": {"type": "Polygon", "coordinates": [[[-51.232588, -29.904085], [-51.232526, -29.904089], [-51.232529, -29.90412], [-51.232591, -29.904117], [-51.232588, -29.904085]]]}, "properties": {}},
{"type": "Feature", "geometry": {"type": "Polygon", "coordinates": [[[-51.230469, -29.902948], [-51.230431, -29.90295], [-51.230434, -29.903008], [-51.230472, -29.903006], [-51.230469, -29.902948]]]}, "properties": {}},
{"type": "Feature", "geometry": {"type": "Polygon", "coordinates": [[[-51.236264, -29.901175], [-51.2363, -29.901171], [-51.236293, -29.901121], [-51.236257, -29.901125], [-51.236264, -29.901175]]]}, "properties": {}},
{"type": "Feature", "geometry": {"type": "Polygon", "coordinates": [[[-51.237142, -29.900712], [-51.237149, -29.900805], [-51.237239, -29.9008], [-51.237231, -29.900707], [-51.237142, -29.900712]]]}, "properties": {}},
{"type": "Feature", "geometry": {"type": "Polygon", "coordinates": [[[-51.231627, -29.900145], [-51.231583, -29.900148], [-51.231585, -29.90017], [-51.231629, -29.900167], [-51.231627, -29.900145]]]}, "properties": {}},
{"type": "Feature", "geometry": {"type": "Polygon", "coordinates": [[[-51.230149, -29.900947], [-51.230152, -29.900987], [-51.230192, -29.900985], [-51.23019, -29.900945], [-51.230149, -29.900947]]]}, "properties": {}},
{"type": "Feature", "geometry": {"type": "Polygon", "coordinates": [[[-51.232789, -29.903938], [-51.232796, -29.904025], [-51.232908, -29.904018], [-51.232901, -29.903931], [-51.232789, -29.903938]]]}, "properties": {}},
{"type": "Feature", "geometry": {"type": "Polygon", "coordinates": [[[-51.235821, -29.902173], [-51.235877, -29.90217], [-51.235873, -29.90212], [-51.235817, -29.902123], [-51.235821, -29.902173]]]}, "properties": {}},
{"type": "Feature", "geometry": {"type": "Polygon", "coordinates": [[[-51.231665, -29.902082], [-51.231694, -29.90208], [-51.23169, -29.902028], [-51.231661, -29.902029], [-51.231665, -29.902082]]]}, "properties": {}},
{"type": "Feature", "geometry": {"type": "Polygon", "coordinates": [[[-51.233651, -29.903577], [-51.233655, -29.903638], [-51.233774, -29.903632], [-51.233769, -29.903571], [-51.233651, -29.903577]]]}, "properties": {}},
{"type": "Feature", "geometry": {"type": "Polygon", "coordinates": [[[-51.234688, -29.90266], [-51.23469, -29.902688], [-51.234693, -29.902715], [-51.234778, -29.902709], [-51.234778, -29.902707], [-51.234772, -29.902643], [-51.234769, -29.902612], [-51.234751, -29.902612], [-51.234715, -29.902614], [-51.234696, -29.902615], [-51.234696, -29.902616], [-51.234695, -29.902616], [-51.234685, -29.902632], [-51.234688, -29.90266]]]}, "properties": {}},
{"type": "Feature", "geometry": {"type": "Polygon", "coordinates": [[[-51.239753, -29.903914], [-51.239694, -29.903922], [-51.239703, -29.903971], [-51.239732, -29.903967], [-51.239735, -29.903984], [-51.239764, -29.90398], [-51.239753, -29.903914]]]}, "properties": {}},
{"type": "Feature", "geometry": {"type": "Polygon", "coordinates": [[[-51.238824, -29.903873], [-51.238824, -29.903866], [-51.238842, -29.903865], [-51.23884, -29.90384], [-51.238822, -29.903841], [-51.23882, -29.903799], [-51.238726, -29.903809], [-51.23873, -29.903867], [-51.238732, -29.903905], [-51.238763, -29.903903], [-51.238761, -29.903876], [-51.238824, -29.903873]]]}, "properties": {}},
{"type": "Feature", "geometry": {"type": "Polygon", "coordinates": [[[-51.232173, -29.904563], [-51.232172, -29.904552], [-51.232207, -29.90455], [-51.232203, -29.904495], [-51.232104, -29.904501], [-51.23211, -29.904567], [-51.232173, -29.904563]]]}, "properties": {}},
{"type": "Feature", "geometry": {"type": "Polygon", "coordinates": [[[-51.232269, -29.900173], [-51.232272, -29.900255], [-51.232339, -29.900253], [-51.232336, -29.900171], [-51.232269, -29.900173]]]}, "properties": {}},
{"type": "Feature", "geometry": {"type": "Polygon", "coordinates": [[[-51.238261, -29.902149], [-51.238267, -29.902234], [-51.238323, -29.90223], [-51.238317, -29.902146], [-51.238261, -29.902149]]]}, "properties": {}},
{"type": "Feature", "geometry": {"type": "Polygon", "coordinates": [[[-51.238225, -29.900271], [-51.238229, -29.900293], [-51.238254, -29.90029], [-51.23825, -29.900267], [-51.23827, -29.900264], [-51.238266, -29.900241], [-51.238256, -29.900242], [-51.238246, -29.900193], [-51.238163, -29.900205], [-51.238171, -29.900248], [-51.23817, -29.900248], [-51.238176, -29.900278], [-51.238207, -29.900273], [-51.238225, -29.900271]]]}, "properties": {}},
{"type": "Feature", "geometry": {"type": "Polygon", "coordinates": [[[-51.235657, -29.901998], [-51.235574, -29.902002], [-51.23558, -29.902091], [-51.235663, -29.902086], [-51.235657, -29.901998]]]}, "properties": {}},
{"type": "Feature", "geometry": {"type": "Polygon", "coordinates": [[[-51.234558, -29.900359], [-51.234566, -29.900448], [-51.23462, -29.900444], [-51.234613, -29.900356], [-51.234558, -29.900359]]]}, "properties": {}},
{"type": "Feature", "geometry": {"type": "Polygon", "coordinates": [[[-51.233057, -29.903535], [-51.233114, -29.903532], [-51.233112, -29.903499], [-51.233055, -29.903503], [-51.233057, -29.903535]]]}, "properties": {}},
{"type": "Feature", "geometry": {"type": "Polygon", "coordinates": [[[-51.234418, -29.902992], [-51.23442, -29.903019], [-51.234486, -29.903015], [-51.234484, -29.902988], [-51.234418, -29.902992]]]}, "properties": {}},
{"type": "Feature", "geometry": {"type": "Polygon", "coordinates": [[[-51.237602, -29.903727], [-51.237604, -29.90376], [-51.237606, -29.903789], [-51.237644, -29.903788], [-51.23764, -29.903726], [-51.237602, -29.903727]]]}, "properties": {}},
{"type": "Feature", "geometry": {"type": "Polygon", "coordinates": [[[-51.234189, -29.899504], [-51.23419, -29.899561], [-51.23428, -29.899559], [-51.234278, -29.899502], [-51.234189, -29.899504]]]}, "properties": {}},
{"type": "Feature", "geometry": {"type": "Polygon", "coordinates": [[[-51.229495, -29.900307], [-51.229503, -29.900397], [-51.229563, -29.900393], [-51.229555, -29.900303], [-51.229495, -29.900307]]]}, "properties": {}},
{"type": "Feature", "geometry": {"type": "Polygon", "coordinates": [[[-51.237577, -29.900285], [-51.237679, -29.900278], [-51.237673, -29.900215], [-51.237572, -29.900222], [-51.237577, -29.900285]]]}, "properties": {}},
{"type": "Feature", "geometry": {"type": "Polygon", "coordinates": [[[-51.234294, -29.903815], [-51.234296, -29.903847], [-51.234279, -29.903848], [-51.23428, -29.903862], [-51.2343, -29.903861], [-51.234302, -29.90389], [-51.23433, -29.903888], [-51.234329, -29.90387], [-51.234356, -29.903868], [-51.234352, -29.903812], [-51.234294, -29.903815]]]}, "properties": {}},
{"type": "Feature", "geometry": {"type": "Polygon", "coordinates": [[[-51.231389, -29.904312], [-51.231425, -29.90431], [-51.231427, -29.904327], [-51.231478, -29.904325], [-51.231474, -29.904271], [-51.231459, -29.904272], [-51.231457, -29.904242], [-51.231384, -29.904246], [-51.231389, -29.904312]]]}, "properties": {}},
{"type": "Feature", "geometry": {"type": "Polygon", "coordinates": [[[-51.233964, -29.903832], [-51.233815, -29.90384], [-51.233817, -29.903869], [-51.233966, -29.903861], [-51.233964, -29.903832]]]}, "properties": {}},
{"type": "Feature", "geometry": {"type": "Polygon", "coordinates": [[[-51.233698, -29.90391], [-51.233697, -29.903895], [-51.23365, -29.903898], [-51.233654, -29.903939], [-51.233733, -29.903936], [-51.233731, -29.903908], [-51.233698, -29.90391]]]}, "properties": {}},
{"type": "Feature", "geometry": {"type": "Polygon", "coordinates": [[[-51.233817, -29.903869], [-51.23382, -29.90392], [-51.233856, -29.903918], [-51.233887, -29.903916], [-51.233888, -29.903928], [-51.23397, -29.903924], [-51.233966, -29.903861], [-51.233817, -29.903869]]]}, "properties": {}},
{"type": "Feature", "geometry": {"type": "Polygon", "coordinates": [[[-51.232567, -29.903528], [-51.232625, -29.903524], [-51.232623, -29.903496], [-51.232565, -29.903499], [-51.232567, -29.903528]]]}, "properties": {}},
{"type": "Feature", "geometry": {"type": "Polygon", "coordinates": [[[-51.232419, -29.903534], [-51.232423, -29.903584], [-51.232441, -29.903583], [-51.232437, -29.903533], [-51.232419, -29.903534]]]}, "properties": {}},
{"type": "Feature", "geometry": {"type": "Polygon", "coordinates": [[[-51.232641, -29.903586], [-51.232638, -29.90356], [-51.232581, -29.903564], [-51.232583, -29.90359], [-51.232641, -29.903586]]]}, "properties": {}},
{"type": "Feature", "geometry": {"type": "Polygon", "coordinates": [[[-51.232441, -29.903583], [-51.232553, -29.903577], [-51.232549, -29.903526], [-51.232437, -29.903533], [-51.232441, -29.903583]]]}, "properties": {}},
{"type": "Feature", "geometry": {"type": "Polygon", "coordinates": [[[-51.229466, -29.904299], [-51.22954, -29.904292], [-51.229521, -29.904146], [-51.229448, -29.904153], [-51.229466, -29.904299]]]}, "properties": {}},
{"type": "Feature", "geometry": {"type": "Polygon", "coordinates": [[[-51.231368, -29.900855], [-51.231364, -29.900885], [-51.231348, -29.900883], [-51.231345, -29.900901], [-51.231368, -29.900903], [-51.231365, -29.90093], [-51.231419, -29.900936], [-51.231423, -29.900909], [-51.23148, -29.900915], [-51.231487, -29.900868], [-51.231368, -29.900855]]]}, "properties": {}},
{"type": "Feature", "geometry": {"type": "Polygon", "coordinates": [[[-51.234306, -29.9046], [-51.2343, -29.904517], [-51.234238, -29.90452], [-51.234245, -29.904603], [-51.234306, -29.9046]]]}, "properties": {}},
{"type": "Feature", "geometry": {"type": "Polygon", "coordinates": [[[-51.234452, -29.903709], [-51.234456, -29.903759], [-51.234526, -29.903755], [-51.234522, -29.903705], [-51.234452, -29.903709]]]}, "properties": {}},
{"type": "Feature", "geometry": {"type": "Polygon", "coordinates": [[[-51.23456, -29.903855], [-51.234557, -29.903814], [-51.234575, -29.903813], [-51.234574, -29.9038], [-51.234404, -29.903809], [-51.234408, -29.903863], [-51.23456, -29.903855]]]}, "properties": {}},
{"type": "Feature", "geometry": {"type": "Polygon", "coordinates": [[[-51.234342, -29.903179], [-51.234348, -29.903262], [-51.234514, -29.903252], [-51.234508, -29.90317], [-51.234342, -29.903179]]]}, "properties": {}},
{"type": "Feature", "geometry": {"type": "Polygon", "coordinates": [[[-51.234449, -29.902944], [-51.234452, -29.90299], [-51.234495, -29.902988], [-51.234492, -29.902942], [-51.234449, -29.902944]]]}, "properties": {}},
{"type": "Feature", "geometry": {"type": "Polygon", "coordinates": [[[-51.231489, -29.902468], [-51.231491, -29.902497], [-51.231528, -29.902495], [-51.231526, -29.902466], [-51.231489, -29.902468]]]}, "properties": {}},
{"type": "Feature", "geometry": {"type": "Polygon", "coordinates": [[[-51.231591, -29.902531], [-51.231529, -29.902534], [-51.231535, -29.902624], [-51.231597, -29.90262], [-51.231591, -29.902531]]]}, "properties": {}},
{"type": "Feature", "geometry": {"type": "Polygon", "coordinates": [[[-51.231499, -29.902553], [-51.231503, -29.902611], [-51.231534, -29.90261], [-51.23153, -29.902551], [-51.231499, -29.902553]]]}, "properties": {}},
{"type": "Feature", "geometry": {"type": "Polygon", "coordinates": [[[-51.238642, -29.904405], [-51.238579, -29.904408], [-51.23858, -29.904472], [-51.238606, -29.90447], [-51.238609, -29.904508], [-51.238583, -29.90451], [-51.238591, -29.904608], [-51.238657, -29.904604], [-51.238642, -29.904405]]]}, "properties": {}},
{"type": "Feature", "geometry": {"type": "Polygon", "coordinates": [[[-51.231632, -29.90252], [-51.231634, -29.902555], [-51.231691, -29.902552], [-51.231687, -29.902517], [-51.231688, -29.902517], [-51.231684, -29.902485], [-51.231715, -29.902483], [-51.23171, -29.902422], [-51.231709, -29.90241], [-51.231609, -29.902415], [-51.23161, -29.902428], [-51.231617, -29.902521], [-51.231632, -29.90252]]]}, "properties": {}},
{"type": "Feature", "geometry": {"type": "Polygon", "coordinates": [[[-51.23181, -29.902362], [-51.231884, -29.902358], [-51.23188, -29.9023], [-51.231869, -29.9023], [-51.231868, -29.902275], [-51.231804, -29.902278], [-51.231806, -29.902304], [-51.23181, -29.902362]]]}, "properties": {}},
{"type": "Feature", "geometry": {"type": "Polygon", "coordinates": [[[-51.231753, -29.902369], [-51.231751, -29.902354], [-51.231798, -29.902351], [-51.231794, -29.902304], [-51.231718, -29.902309], [-51.231723, -29.902371], [-51.231753, -29.902369]]]}, "properties": {}},
{"type": "Feature", "geometry": {"type": "Polygon", "coordinates": [[[-51.231988, -29.902268], [-51.231911, -29.902272], [-51.231913, -29.902286], [-51.231946, -29.902284], [-51.231951, -29.902356], [-51.231995, -29.902354], [-51.231993, -29.902332], [-51.231989, -29.902278], [-51.231988, -29.902268]]]}, "properties": {}},
{"type": "Feature", "geometry": {"type": "Polygon", "coordinates": [[[-51.23163, -29.902639], [-51.231688, -29.902636], [-51.231687, -29.902616], [-51.231691, -29.902616], [-51.231686, -29.902553], [-51.231624, -29.902556], [-51.231628, -29.902619], [-51.23163, -29.902639]]]}, "properties": {}},
{"type": "Feature", "geometry": {"type": "Polygon", "coordinates": [[[-51.232855, -29.902556], [-51.232853, -29.902529], [-51.232851, -29.902493], [-51.232848, -29.902456], [-51.232847, -29.90244], [-51.232815, -29.902442], [-51.232818, -29.902479], [-51.232819, -29.902493], [-51.232824, -29.902558], [-51.232855, -29.902556]]]}, "properties": {}},
{"type": "Feature", "geometry": {"type": "Polygon", "coordinates": [[[-51.232748, -29.902494], [-51.232752, -29.90255], [-51.232809, -29.902547], [-51.232806, -29.902494], [-51.232819, -29.902493], [-51.232819, -29.90249], [-51.232748, -29.902494]]]}, "properties": {}},
{"type": "Feature", "geometry": {"type": "Polygon", "coordinates": [[[-51.230707, -29.902645], [-51.23071, -29.902695], [-51.230804, -29.902691], [-51.230802, -29.902641], [-51.230707, -29.902645]]]}, "properties": {}},
{"type": "Feature", "geometry": {"type": "Polygon", "coordinates": [[[-51.229263, -29.902404], [-51.229271, -29.902508], [-51.229363, -29.902502], [-51.229355, -29.902399], [-51.229263, -29.902404]]]}, "properties": {}},
{"type": "Feature", "geometry": {"type": "Polygon", "coordinates": [[[-51.230927, -29.900208], [-51.230971, -29.900205], [-51.230969, -29.900176], [-51.230952, -29.900177], [-51.230949, -29.90014], [-51.230931, -29.900141], [-51.230928, -29.900107], [-51.230919, -29.900107], [-51.230925, -29.900179], [-51.230927, -29.900208]]]}, "properties": {}},
{"type": "Feature", "geometry": {"type": "Polygon", "coordinates": [[[-51.237814, -29.902829], [-51.237891, -29.902825], [-51.237883, -29.902727], [-51.237806, -29.902732], [-51.237814, -29.902829]]]}, "properties": {}},
{"type": "Feature", "geometry": {"type": "Polygon", "coordinates": [[[-51.237357, -29.900238], [-51.237312, -29.90024], [-51.237316, -29.90029], [-51.237361, -29.900287], [-51.237357, -29.900238]]]}, "properties": {}},
{"type": "Feature", "geometry": {"type": "Polygon", "coordinates": [[[-51.231291, -29.903053], [-51.231312, -29.903052], [-51.231306, -29.902985], [-51.231285, -29.902987], [-51.231291, -29.903053]]]}, "properties": {}},
{"type": "Feature", "geometry": {"type": "Polygon", "coordinates": [[[-51.233281, -29.902539], [-51.233303, -29.902537], [-51.2333, -29.902483], [-51.233278, -29.902484], [-51.233281, -29.902539]]]}, "properties": {"info": {"is_agg": true, "properties_agg": [{"feature_id": 164744}], "geom_cmp_equals": [false], "geom_cmp_intersec": [0]}}},
{"type": "Feature", "geometry": {"type": "Polygon", "coordinates": [[[-51.236679, -29.899769], [-51.236678, -29.899751], [-51.236605, -29.899755], [-51.236606, -29.899772], [-51.236679, -29.899769]]]}, "properties": {}},
{"type": "Feature", "geometry": {"type": "Polygon", "coordinates": [[[-51.230724, -29.904263], [-51.230725, -29.904286], [-51.230777, -29.904284], [-51.230776, -29.904261], [-51.230724, -29.904263]]]}, "properties": {}},
{"type": "Feature", "geometry": {"type": "Polygon", "coordinates": [[[-51.23353, -29.900735], [-51.233521, -29.900657], [-51.233455, -29.900663], [-51.233464, -29.900741], [-51.23353, -29.900735]]]}, "properties": {}},
{"type": "Feature", "geometry": {"type": "Polygon", "coordinates": [[[-51.230643, -29.90035], [-51.230754, -29.900346], [-51.230747, -29.900212], [-51.230687, -29.900214], [-51.230686, -29.900191], [-51.230635, -29.900193], [-51.230643, -29.90035]]]}, "properties": {}},
{"type": "Feature", "geometry": {"type": "Polygon", "coordinates": [[[-51.23463, -29.899883], [-51.234558, -29.89988], [-51.234555, -29.899932], [-51.234627, -29.899935], [-51.23463, -29.899883]]]}, "properties": {}},
{"type": "Feature", "geometry": {"type": "Polygon", "coordinates": [[[-51.232895, -29.902057], [-51.232811, -29.902059], [-51.232812, -29.902094], [-51.232838, -29.902093], [-51.232837, -29.902076], [-51.232895, -29.902074], [-51.232895, -29.902057]]]}, "properties": {}},
{"type": "Feature", "geometry": {"type": "Polygon", "coordinates": [[[-51.236766, -29.899405], [-51.236733, -29.899407], [-51.236735, -29.89946], [-51.236769, -29.899459], [-51.236766, -29.899405]]]}, "properties": {}},
{"type": "Feature", "geometry": {"type": "Polygon", "coordinates": [[[-51.234961, -29.904107], [-51.234957, -29.90405], [-51.234853, -29.90405], [-51.234858, -29.904114], [-51.234961, -29.904107]]]}, "properties": {}},
{"type": "Feature", "geometry": {"type": "Polygon", "coordinates": [[[-51.230874, -29.904545], [-51.230874, -29.904539], [-51.230946, -29.904536], [-51.230946, -29.904542], [-51.23098, -29.904541], [-51.230979, -29.904519], [-51.230945, -29.904521], [-51.230943, -29.904491], [-51.230847, -29.904495], [-51.23085, -29.904546], [-51.230874, -29.904545]]]}, "properties": {}},
{"type": "Feature", "geometry": {"type": "Polygon", "coordinates": [[[-51.231292, -29.899996], [-51.231297, -29.900057], [-51.231379, -29.900053], [-51.231375, -29.899991], [-51.231292, -29.899996]]]}, "properties": {}},
{"type": "Feature", "geometry": {"type": "Polygon", "coordinates": [[[-51.23126, -29.901743], [-51.231257, -29.901705], [-51.231176, -29.90171], [-51.23118, -29.901758], [-51.231261, -29.901753], [-51.231263, -29.901769], [-51.231302, -29.901766], [-51.2313, -29.90174], [-51.23126, -29.901743]]]}, "properties": {}},
{"type": "Feature", "geometry": {"type": "Polygon", "coordinates": [[[-51.237926, -29.903075], [-51.237932, -29.903162], [-51.23796, -29.90316], [-51.237959, -29.903136], [-51.237996, -29.903134], [-51.237997, -29.90314], [-51.238029, -29.903138], [-51.23803, -29.903155], [-51.238054, -29.903153], [-51.238048, -29.903068], [-51.237926, -29.903075]]]}, "properties": {}},
{"type": "Feature", "geometry": {"type": "Polygon", "coordinates": [[[-51.235249, -29.901094], [-51.235297, -29.901092], [-51.235296, -29.901071], [-51.235248, -29.901073], [-51.235249, -29.901094]]]}, "properties": {}},
{"type": "Feature", "geometry": {"type": "Polygon", "coordinates": [[[-51.232668, -29.904485], [-51.232672, -29.904543], [-51.232745, -29.904539], [-51.232741, -29.904482], [-51.232668, -29.904485]]]}, "properties": {}},
{"type": "Feature", "geometry": {"type": "Polygon", "coordinates": [[[-51.23844, -29.899352], [-51.238427, -29.899315], [-51.238412, -29.89927], [-51.23837, -29.899281], [-51.238367, -29.899272], [-51.238339, -29.899279], [-51.238362, -29.899373], [-51.23844, -29.899352]]]}, "properties": {}},
{"type": "Feature", "geometry": {"type": "Polygon", "coordinates": [[[-51.236272, -29.901581], [-51.236268, -29.901558], [-51.236141, -29.90157], [-51.236144, -29.901594], [-51.236272, -29.901581]]]}, "properties": {}},
{"type": "Feature", "geometry": {"type": "Polygon", "coordinates": [[[-51.23481, -29.901083], [-51.234813, -29.901112], [-51.234855, -29.901109], [-51.234852, -29.90108], [-51.23481, -29.901083]]]}, "properties": {}},
{"type": "Feature", "geometry": {"type": "Polygon", "coordinates": [[[-51.238785, -29.900043], [-51.238694, -29.900063], [-51.238713, -29.90013], [-51.238803, -29.90011], [-51.238785, -29.900043]]]}, "properties": {}},
{"type": "Feature", "geometry": {"type": "Polygon", "coordinates": [[[-51.236672, -29.903321], [-51.236761, -29.903314], [-51.236755, -29.903255], [-51.236667, -29.903262], [-51.236672, -29.903321]]]}, "properties": {}},
{"type": "Feature", "geometry": {"type": "Polygon", "coordinates": [[[-51.234661, -29.90043], [-51.234697, -29.900427], [-51.234699, -29.90035], [-51.234655, -29.900353], [-51.234661, -29.90043]]]}, "properties": {}},
{"type": "Feature", "geometry": {"type": "Polygon", "coordinates": [[[-51.238297, -29.901547], [-51.238235, -29.901549], [-51.238236, -29.901585], [-51.238298, -29.901583], [-51.238297, -29.901547]]]}, "properties": {}},
{"type": "Feature", "geometry": {"type": "Polygon", "coordinates": [[[-51.2304, -29.902372], [-51.23029, -29.902378], [-51.23029, -29.90238], [-51.230294, -29.902449], [-51.230322, -29.902448], [-51.23035, -29.902446], [-51.230377, -29.902445], [-51.230405, -29.902444], [-51.2304, -29.902372]]]}, "properties": {}},
{"type": "Feature", "geometry": {"type": "Polygon", "coordinates": [[[-51.231229, -29.899581], [-51.231232, -29.899635], [-51.231281, -29.899633], [-51.231278, -29.899579], [-51.231229, -29.899581]]]}, "properties": {}},
{"type": "Feature", "geometry": {"type": "Polygon", "coordinates": [[[-51.23288, -29.901941], [-51.232884, -29.901991], [-51.232957, -29.901985], [-51.232953, -29.901936], [-51.23288, -29.901941]]]}, "properties": {}},
{"type": "Feature", "geometry": {"type": "Polygon", "coordinates": [[[-51.238808, -29.902724], [-51.238818, -29.902799], [-51.238881, -29.902792], [-51.238879, -29.902772], [-51.238946, -29.902765], [-51.238939, -29.902711], [-51.238808, -29.902724]]]}, "properties": {}},
{"type": "Feature", "geometry": {"type": "Polygon", "coordinates": [[[-51.237209, -29.9015], [-51.237281, -29.901492], [-51.237273, -29.901439], [-51.237201, -29.901448], [-51.237209, -29.9015]]]}, "properties": {}},
{"type": "Feature", "geometry": {"type": "Polygon", "coordinates": [[[-51.233115, -29.902418], [-51.233103, -29.902419], [-51.233103, -29.902424], [-51.233058, -29.902426], [-51.233063, -29.902518], [-51.23312, -29.902515], [-51.233115, -29.902418]]]}, "properties": {}},
{"type": "Feature", "geometry": {"type": "Polygon", "coordinates": [[[-51.235065, -29.902107], [-51.235098, -29.902106], [-51.235099, -29.902129], [-51.235101, -29.902162], [-51.235156, -29.90216], [-51.23515, -29.902031], [-51.235094, -29.902033], [-51.235096, -29.902066], [-51.235062, -29.902068], [-51.235065, -29.902107]]]}, "properties": {}},
{"type": "Feature", "geometry": {"type": "Polygon", "coordinates": [[[-51.234696, -29.900487], [-51.234695, -29.900579], [-51.234773, -29.900575], [-51.234766, -29.900483], [-51.234696, -29.900487]]]}, "properties": {}},
{"type": "Feature", "geometry": {"type": "Polygon", "coordinates": [[[-51.232039, -29.903966], [-51.232044, -29.904028], [-51.232177, -29.90402], [-51.232172, -29.903959], [-51.232039, -29.903966]]]}, "properties": {}},
{"type": "Feature", "geometry": {"type": "Polygon", "coordinates": [[[-51.237665, -29.901008], [-51.237659, -29.90093], [-51.237607, -29.900933], [-51.237565, -29.900936], [-51.237568, -29.900972], [-51.237592, -29.900971], [-51.23761, -29.90097], [-51.237613, -29.901011], [-51.237665, -29.901008]]]}, "properties": {}},
{"type": "Feature", "geometry": {"type": "Polygon", "coordinates": [[[-51.234269, -29.900757], [-51.234271, -29.900804], [-51.234361, -29.9008], [-51.234358, -29.900753], [-51.234269, -29.900757]]]}, "properties": {}},
{"type": "Feature", "geometry": {"type": "Polygon", "coordinates": [[[-51.234814, -29.901694], [-51.234816, -29.901718], [-51.234791, -29.901719], [-51.234794, -29.901752], [-51.234848, -29.901748], [-51.234844, -29.901692], [-51.234814, -29.901694]]]}, "properties": {}},
{"type": "Feature", "geometry": {"type": "Polygon", "coordinates": [[[-51.233135, -29.899547], [-51.233195, -29.899553], [-51.233199, -29.899521], [-51.23314, -29.899514], [-51.233135, -29.899547]]]}, "properties": {}},
{"type": "Feature", "geometry": {"type": "Polygon", "coordinates": [[[-51.238543, -29.902988], [-51.238552, -29.903117], [-51.238589, -29.903115], [-51.238588, -29.903099], [-51.238614, -29.903098], [-51.238609, -29.903014], [-51.238577, -29.903016], [-51.238575, -29.902986], [-51.238543, -29.902988]]]}, "properties": {}},
{"type": "Feature", "geometry": {"type": "Polygon", "coordinates": [[[-51.232473, -29.902907], [-51.232472, -29.902885], [-51.232529, -29.902882], [-51.232522, -29.902774], [-51.232455, -29.902777], [-51.232461, -29.902861], [-51.232435, -29.902862], [-51.232438, -29.902909], [-51.232473, -29.902907]]]}, "properties": {}},
{"type": "Feature", "geometry": {"type": "Polygon", "coordinates": [[[-51.23703, -29.902709], [-51.236967, -29.902713], [-51.236954, -29.902713], [-51.236949, -29.902714], [-51.236953, -29.902755], [-51.237036, -29.90275], [-51.237032, -29.902708], [-51.23703, -29.902709]]]}, "properties": {}},
{"type": "Feature", "geometry": {"type": "Polygon", "coordinates": [[[-51.238288, -29.904598], [-51.238289, -29.904598], [-51.23832, -29.904596], [-51.238318, -29.904567], [-51.238286, -29.90457], [-51.238288, -29.904598]]]}, "properties": {}},
{"type": "Feature", "geometry": {"type": "Polygon", "coordinates": [[[-51.229652, -29.90125], [-51.229768, -29.901244], [-51.229764, -29.901174], [-51.229648, -29.901179], [-51.229652, -29.90125]]]}, "properties": {}},
{"type": "Feature", "geometry": {"type": "Polygon", "coordinates": [[[-51.237056, -29.903328], [-51.237123, -29.903324], [-51.237121, -29.903298], [-51.237054, -29.903301], [-51.237056, -29.903328]]]}, "properties": {}},
{"type": "Feature", "geometry": {"type": "Polygon", "coordinates": [[[-51.232514, -29.904317], [-51.232579, -29.904313], [-51.232576, -29.904287], [-51.232512, -29.904291], [-51.232514, -29.904317]]]}, "properties": {}},
{"type": "Feature", "geometry": {"type": "Polygon", "coordinates": [[[-51.23888, -29.903887], [-51.238889, -29.903985], [-51.238958, -29.90398], [-51.238952, -29.903911], [-51.238985, -29.903908], [-51.238985, -29.903905], [-51.238982, -29.90388], [-51.23888, -29.903887]]]}, "properties": {}},
{"type": "Feature", "geometry": {"type": "Polygon", "coordinates": [[[-51.231254, -29.901146], [-51.231254, -29.901143], [-51.231147, -29.901153], [-51.231156, -29.901229], [-51.23118, -29.901226], [-51.231179, -29.901218], [-51.231316, -29.901205], [-51.231308, -29.901141], [-51.231254, -29.901146]]]}, "properties": {}},
{"type": "Feature", "geometry": {"type": "Polygon", "coordinates": [[[-51.236192, -29.901019], [-51.236189, -29.900996], [-51.236175, -29.900998], [-51.236165, -29.90095], [-51.236138, -29.900953], [-51.236151, -29.901025], [-51.236192, -29.901019]]]}, "properties": {}},
{"type": "Feature", "geometry": {"type": "Polygon", "coordinates": [[[-51.236942, -29.902602], [-51.236946, -29.902657], [-51.237018, -29.902653], [-51.237015, -29.902598], [-51.236942, -29.902602]]]}, "properties": {}},
{"type": "Feature", "geometry": {"type": "Polygon", "coordinates": [[[-51.230111, -29.899895], [-51.230111, -29.89987], [-51.230056, -29.89987], [-51.230056, -29.899896], [-51.230111, -29.899895]]]}, "properties": {}},
{"type": "Feature", "geometry": {"type": "Polygon", "coordinates": [[[-51.234187, -29.899866], [-51.234254, -29.899861], [-51.234245, -29.899774], [-51.234214, -29.899777], [-51.234189, -29.899779], [-51.234192, -29.899815], [-51.234196, -29.899851], [-51.234185, -29.899852], [-51.234187, -29.899866]]]}, "properties": {}},
{"type": "Feature", "geometry": {"type": "Polygon", "coordinates": [[[-51.233688, -29.90067], [-51.233691, -29.900694], [-51.233811, -29.900684], [-51.233808, -29.90066], [-51.233688, -29.90067]]]}, "properties": {}},
{"type": "Feature", "geometry": {"type": "Polygon", "coordinates": [[[-51.23874, -29.900456], [-51.238727, -29.900401], [-51.238706, -29.900405], [-51.238712, -29.900433], [-51.238692, -29.900436], [-51.238699, -29.900463], [-51.23874, -29.900456]]]}, "properties": {}},
{"type": "Feature", "geometry": {"type": "Polygon", "coordinates": [[[-51.237878, -29.900588], [-51.237893, -29.900653], [-51.237955, -29.900643], [-51.237941, -29.900577], [-51.237878, -29.900588]]]}, "properties": {}},
{"type": "Feature", "geometry": {"type": "Polygon", "coordinates": [[[-51.238012, -29.902142], [-51.238019, -29.902231], [-51.238115, -29.902226], [-51.238108, -29.902137], [-51.238012, -29.902142]]]}, "properties": {}},
{"type": "Feature", "geometry": {"type": "Polygon", "coordinates": [[[-51.230758, -29.903976], [-51.23076, -29.904021], [-51.230849, -29.904017], [-51.230846, -29.903972], [-51.23083, -29.903973], [-51.230829, -29.903945], [-51.230756, -29.903948], [-51.230758, -29.903976]]]}, "properties": {}},
{"type": "Feature", "geometry": {"type": "Polygon", "coordinates": [[[-51.229596, -29.901846], [-51.229601, -29.90193], [-51.229665, -29.901927], [-51.22966, -29.901843], [-51.229596, -29.901846]]]}, "properties": {}},
{"type": "Feature", "geometry": {"type": "Polygon", "coordinates": [[[-51.23444, -29.903544], [-51.234439, -29.903531], [-51.234348, -29.903536], [-51.234355, -29.903626], [-51.234412, -29.903623], [-51.234411, -29.90361], [-51.234528, -29.903603], [-51.234523, -29.90354], [-51.23444, -29.903544]]]}, "properties": {}},
{"type": "Feature", "geometry": {"type": "Polygon", "coordinates": [[[-51.230561, -29.902075], [-51.230563, -29.902103], [-51.230635, -29.902099], [-51.230633, -29.902072], [-51.230561, -29.902075]]]}, "properties": {}},
{"type": "Feature", "geometry": {"type": "Polygon", "coordinates": [[[-51.233952, -29.90238], [-51.233928, -29.902278], [-51.233888, -29.902286], [-51.233882, -29.902258], [-51.233822, -29.902268], [-51.233831, -29.902305], [-51.23384, -29.902343], [-51.233865, -29.902339], [-51.233867, -29.902347], [-51.233842, -29.902351], [-51.233853, -29.902398], [-51.233952, -29.90238]]]}, "properties": {}},
{"type": "Feature", "geometry": {"type": "Polygon", "coordinates": [[[-51.237738, -29.900734], [-51.237731, -29.900735], [-51.237726, -29.900705], [-51.237618, -29.900718], [-51.237632, -29.900796], [-51.237652, -29.900795], [-51.237746, -29.900789], [-51.237738, -29.900734]]]}, "properties": {}},
{"type": "Feature", "geometry": {"type": "Polygon", "coordinates": [[[-51.237334, -29.901577], [-51.237411, -29.901571], [-51.237406, -29.901517], [-51.237328, -29.901523], [-51.237334, -29.901577]]]}, "properties": {}},
{"type": "Feature", "geometry": {"type": "Polygon", "coordinates": [[[-51.235769, -29.899406], [-51.235776, -29.89946], [-51.235742, -29.899464], [-51.235747, -29.899509], [-51.235777, -29.899506], [-51.235779, -29.899521], [-51.235811, -29.899518], [-51.23581, -29.899504], [-51.235859, -29.8995], [-51.235849, -29.899422], [-51.235841, -29.899422], [-51.235838, -29.899399], [-51.235769, -29.899406]]]}, "properties": {}},
{"type": "Feature", "geometry": {"type": "Polygon", "coordinates": [[[-51.233085, -29.90093], [-51.233086, -29.900945], [-51.233118, -29.900944], [-51.23312, -29.900969], [-51.233226, -29.900963], [-51.233222, -29.900897], [-51.233159, -29.9009], [-51.233159, -29.900888], [-51.233114, -29.90089], [-51.233117, -29.900928], [-51.233085, -29.90093]]]}, "properties": {}},
{"type": "Feature", "geometry": {"type": "Polygon", "coordinates": [[[-51.235036, -29.899532], [-51.235046, -29.899599], [-51.235106, -29.899592], [-51.235098, -29.899543], [-51.235068, -29.899547], [-51.235065, -29.899529], [-51.235036, -29.899532]]]}, "properties": {}},
{"type": "Feature", "geometry": {"type": "Polygon", "coordinates": [[[-51.236312, -29.899516], [-51.236304, -29.899449], [-51.236286, -29.899451], [-51.236288, -29.899469], [-51.23624, -29.899472], [-51.236246, -29.899522], [-51.236312, -29.899516]]]}, "properties": {}},
{"type": "Feature", "geometry": {"type": "Polygon", "coordinates": [[[-51.234077, -29.903104], [-51.23408, -29.903147], [-51.234058, -29.903148], [-51.23406, -29.903174], [-51.234161, -29.903168], [-51.234156, -29.903099], [-51.234077, -29.903104]]]}, "properties": {}},
{"type": "Feature", "geometry": {"type": "Polygon", "coordinates": [[[-51.23204, -29.902174], [-51.232041, -29.902198], [-51.232088, -29.902196], [-51.232087, -29.902171], [-51.23204, -29.902174]]]}, "properties": {}},
{"type": "Feature", "geometry": {"type": "Polygon", "coordinates": [[[-51.234348, -29.902081], [-51.234339, -29.901988], [-51.234277, -29.901992], [-51.234278, -29.901999], [-51.234242, -29.902002], [-51.234246, -29.902042], [-51.234278, -29.902039], [-51.234283, -29.902086], [-51.234348, -29.902081]]]}, "properties": {}},
{"type": "Feature", "geometry": {"type": "Polygon", "coordinates": [[[-51.235594, -29.899905], [-51.235499, -29.89991], [-51.235507, -29.900047], [-51.235573, -29.900044], [-51.235568, -29.899964], [-51.235597, -29.899963], [-51.235594, -29.899905]]]}, "properties": {}},
{"type": "Feature", "geometry": {"type": "Polygon", "coordinates": [[[-51.233644, -29.899487], [-51.233643, -29.899487], [-51.233645, -29.899507], [-51.233611, -29.899509], [-51.233619, -29.899621], [-51.233671, -29.899618], [-51.233664, -29.899529], [-51.233686, -29.899528], [-51.233683, -29.899485], [-51.233644, -29.899487]]]}, "properties": {}},
{"type": "Feature", "geometry": {"type": "Polygon", "coordinates": [[[-51.235842, -29.900309], [-51.235845, -29.900335], [-51.235888, -29.900332], [-51.235885, -29.900306], [-51.235842, -29.900309]]]}, "properties": {"info": {"is_agg": true, "properties_agg": [{"feature_id": 161647}], "geom_cmp_equals": [false], "geom_cmp_intersec": [0.0032138575866518465]}}},
{"type": "Feature", "geometry": {"type": "Polygon", "coordinates": [[[-51.238664, -29.902996], [-51.23867, -29.903064], [-51.238779, -29.903057], [-51.238773, -29.902988], [-51.238664, -29.902996]]]}, "properties": {}},
{"type": "Feature", "geometry": {"type": "Polygon", "coordinates": [[[-51.232266, -29.9001], [-51.232304, -29.900102], [-51.232303, -29.900117], [-51.232326, -29.900118], [-51.232329, -29.900092], [-51.232323, -29.900092], [-51.232325, -29.900063], [-51.232269, -29.900059], [-51.232266, -29.9001]]]}, "properties": {}},
{"type": "Feature", "geometry": {"type": "Polygon", "coordinates": [[[-51.232325, -29.902783], [-51.232328, -29.90282], [-51.232413, -29.902815], [-51.23241, -29.902779], [-51.232325, -29.902783]]]}, "properties": {"info": {"is_agg": true, "properties_agg": [{"feature_id": 170404}], "geom_cmp_equals": [false], "geom_cmp_intersec": [0]}}},
{"type": "Feature", "geometry": {"type": "Polygon", "coordinates": [[[-51.237229, -29.902197], [-51.237238, -29.902317], [-51.237367, -29.90231], [-51.237361, -29.90219], [-51.237229, -29.902197]]]}, "properties": {}},
{"type": "Feature", "geometry": {"type": "Polygon", "coordinates": [[[-51.23041, -29.902516], [-51.230454, -29.902513], [-51.230452, -29.902484], [-51.230465, -29.902483], [-51.230464, -29.902456], [-51.230446, -29.902457], [-51.230445, -29.902442], [-51.230405, -29.902444], [-51.23041, -29.902516]]]}, "properties": {}},
{"type": "Feature", "geometry": {"type": "Polygon", "coordinates": [[[-51.237584, -29.901967], [-51.237588, -29.90203], [-51.237616, -29.902029], [-51.237611, -29.901966], [-51.237584, -29.901967]]]}, "properties": {}},
{"type": "Feature", "geometry": {"type": "Polygon", "coordinates": [[[-51.23556, -29.903333], [-51.235553, -29.903236], [-51.23551, -29.903238], [-51.235516, -29.903335], [-51.23556, -29.903333]]]}, "properties": {}},
{"type": "Feature", "geometry": {"type": "Polygon", "coordinates": [[[-51.235762, -29.900417], [-51.235758, -29.900372], [-51.235696, -29.900376], [-51.235701, -29.900421], [-51.235762, -29.900417]]]}, "properties": {}},
{"type": "Feature", "geometry": {"type": "Polygon", "coordinates": [[[-51.238539, -29.902136], [-51.238531, -29.902137], [-51.238536, -29.902209], [-51.238597, -29.902206], [-51.238591, -29.902119], [-51.238539, -29.902122], [-51.238539, -29.902136]]]}, "properties": {}},
{"type": "Feature", "geometry": {"type": "Polygon", "coordinates": [[[-51.230061, -29.902511], [-51.230065, -29.902569], [-51.230102, -29.902567], [-51.230099, -29.902509], [-51.230061, -29.902511]]]}, "properties": {}},
{"type": "Feature", "geometry": {"type": "Polygon", "coordinates": [[[-51.237977, -29.900178], [-51.237983, -29.900254], [-51.23808, -29.900248], [-51.238077, -29.900205], [-51.238039, -29.900208], [-51.238037, -29.900174], [-51.237977, -29.900178]]]}, "properties": {}},
{"type": "Feature", "geometry": {"type": "Polygon", "coordinates": [[[-51.234396, -29.900509], [-51.234341, -29.900511], [-51.234346, -29.900586], [-51.234401, -29.900584], [-51.234396, -29.900509]]]}, "properties": {}},
{"type": "Feature", "geometry": {"type": "Polygon", "coordinates": [[[-51.235717, -29.904256], [-51.235739, -29.904355], [-51.235785, -29.904347], [-51.23578, -29.904325], [-51.235771, -29.904289], [-51.235762, -29.904248], [-51.235717, -29.904256]]]}, "properties": {}},
{"type": "Feature", "geometry": {"type": "Polygon", "coordinates": [[[-51.234813, -29.901112], [-51.234823, -29.90122], [-51.234865, -29.901217], [-51.234855, -29.901109], [-51.234813, -29.901112]]]}, "properties": {}},
{"type": "Feature", "geometry": {"type": "Polygon", "coordinates": [[[-51.235725, -29.902827], [-51.235768, -29.902825], [-51.235765, -29.90278], [-51.235722, -29.902782], [-51.235725, -29.902827]]]}, "properties": {}},
{"type": "Feature", "geometry": {"type": "Polygon", "coordinates": [[[-51.238712, -29.904586], [-51.23871, -29.904562], [-51.238662, -29.904565], [-51.238663, -29.904577], [-51.238664, -29.904588], [-51.238712, -29.904586]]]}, "properties": {}},
{"type": "Feature", "geometry": {"type": "Polygon", "coordinates": [[[-51.230125, -29.903022], [-51.230133, -29.903022], [-51.230137, -29.903077], [-51.230209, -29.903074], [-51.230204, -29.902998], [-51.230205, -29.902998], [-51.230219, -29.902997], [-51.230216, -29.902943], [-51.230187, -29.902944], [-51.23012, -29.902948], [-51.230125, -29.903022]]]}, "properties": {}},
{"type": "Feature", "geometry": {"type": "Polygon", "coordinates": [[[-51.235103, -29.902297], [-51.235112, -29.902408], [-51.235202, -29.902403], [-51.235193, -29.902291], [-51.235103, -29.902297]]]}, "properties": {}},
{"type": "Feature", "geometry": {"type": "Polygon", "coordinates": [[[-51.237688, -29.901531], [-51.237695, -29.901617], [-51.237747, -29.901615], [-51.237742, -29.901552], [-51.237704, -29.901554], [-51.237702, -29.90153], [-51.237688, -29.901531]]]}, "properties": {}},
{"type": "Feature", "geometry": {"type": "Polygon", "coordinates": [[[-51.23405, -29.901675], [-51.234037, -29.901577], [-51.234013, -29.901579], [-51.234017, -29.901606], [-51.233978, -29.90161], [-51.233987, -29.901681], [-51.23405, -29.901675]]]}, "properties": {}},
{"type": "Feature", "geometry": {"type": "Polygon", "coordinates": [[[-51.237861, -29.902101], [-51.237866, -29.902146], [-51.237918, -29.902142], [-51.237913, -29.902096], [-51.237861, -29.902101]]]}, "properties": {}},
{"type": "Feature", "geometry": {"type": "Polygon", "coordinates": [[[-51.232018, -29.904296], [-51.232023, -29.904366], [-51.232159, -29.904358], [-51.232154, -29.904289], [-51.232018, -29.904296]]]}, "properties": {}},
{"type": "Feature", "geometry": {"type": "Polygon", "coordinates": [[[-51.233542, -29.902389], [-51.233477, -29.902397], [-51.233484, -29.90244], [-51.233478, -29.902441], [-51.233491, -29.902522], [-51.233563, -29.902513], [-51.233542, -29.902389]]]}, "properties": {}},
{"type": "Feature", "geometry": {"type": "Polygon", "coordinates": [[[-51.238985, -29.903626], [-51.238984, -29.903606], [-51.238963, -29.903607], [-51.238963, -29.903626], [-51.238974, -29.903626], [-51.238976, -29.903674], [-51.23903, -29.903672], [-51.239027, -29.903624], [-51.238985, -29.903626]]]}, "properties": {}},
{"type": "Feature", "geometry": {"type": "Polygon", "coordinates": [[[-51.230738, -29.902901], [-51.230736, -29.902855], [-51.230631, -29.902859], [-51.230634, -29.902905], [-51.230738, -29.902901]]]}, "properties": {}},
{"type": "Feature", "geometry": {"type": "Polygon", "coordinates": [[[-51.236198, -29.902151], [-51.236248, -29.902148], [-51.236247, -29.902126], [-51.236196, -29.902128], [-51.236198, -29.902151]]]}, "properties": {}},
{"type": "Feature", "geometry": {"type": "Polygon", "coordinates": [[[-51.238973, -29.904328], [-51.238995, -29.904327], [-51.238986, -29.904224], [-51.238923, -29.904228], [-51.238925, -29.904241], [-51.238933, -29.904331], [-51.238973, -29.904328]]]}, "properties": {}},
{"type": "Feature", "geometry": {"type": "Polygon", "coordinates": [[[-51.232793, -29.901329], [-51.232795, -29.901384], [-51.232883, -29.901381], [-51.232881, -29.901326], [-51.232793, -29.901329]]]}, "properties": {}},
{"type": "Feature", "geometry": {"type": "Polygon", "coordinates": [[[-51.235279, -29.899542], [-51.235316, -29.899541], [-51.235314, -29.899521], [-51.235359, -29.899519], [-51.235358, -29.899498], [-51.235369, -29.899497], [-51.235368, -29.899478], [-51.235269, -29.899484], [-51.235271, -29.899523], [-51.235278, -29.899523], [-51.235279, -29.899542]]]}, "properties": {}},
{"type": "Feature", "geometry": {"type": "Polygon", "coordinates": [[[-51.234276, -29.904114], [-51.234279, -29.904154], [-51.234302, -29.904153], [-51.2343, -29.904113], [-51.234276, -29.904114]]]}, "properties": {}},
{"type": "Feature", "geometry": {"type": "Polygon", "coordinates": [[[-51.229857, -29.902933], [-51.229859, -29.902981], [-51.229863, -29.903048], [-51.229864, -29.903069], [-51.229896, -29.903067], [-51.229895, -29.903046], [-51.229926, -29.903045], [-51.229919, -29.90293], [-51.229857, -29.902933]]]}, "properties": {}},
{"type": "Feature", "geometry": {"type": "Polygon", "coordinates": [[[-51.229833, -29.902586], [-51.229835, -29.902615], [-51.229897, -29.902611], [-51.229895, -29.902582], [-51.229833, -29.902586]]]}, "properties": {}},
{"type": "Feature", "geometry": {"type": "Polygon", "coordinates": [[[-51.236173, -29.900399], [-51.23608, -29.900409], [-51.236084, -29.900434], [-51.236125, -29.900429], [-51.236129, -29.900457], [-51.23618, -29.900451], [-51.236173, -29.900399]]]}, "properties": {}},
{"type": "Feature", "geometry": {"type": "Polygon", "coordinates": [[[-51.231817, -29.901619], [-51.231819, -29.901643], [-51.231898, -29.901639], [-51.231896, -29.901614], [-51.231817, -29.901619]]]}, "properties": {}},
{"type": "Feature", "geometry": {"type": "Polygon", "coordinates": [[[-51.231197, -29.899469], [-51.231221, -29.899469], [-51.23122, -29.899398], [-51.231196, -29.899399], [-51.231197, -29.899469]]]}, "properties": {}},
{"type": "Feature", "geometry": {"type": "Polygon", "coordinates": [[[-51.230235, -29.900002], [-51.230307, -29.899999], [-51.230304, -29.899912], [-51.230231, -29.899914], [-51.230235, -29.900002]]]}, "properties": {}},
{"type": "Feature", "geometry": {"type": "Polygon", "coordinates": [[[-51.22945, -29.902993], [-51.229453, -29.903028], [-51.229436, -29.903029], [-51.229437, -29.903042], [-51.229458, -29.903041], [-51.229457, -29.90303], [-51.229484, -29.903028], [-51.229487, -29.903062], [-51.229519, -29.903059], [-51.229512, -29.902989], [-51.22945, -29.902993]]]}, "properties": {}},
{"type": "Feature", "geometry": {"type": "Polygon", "coordinates": [[[-51.239117, -29.901485], [-51.239146, -29.901481], [-51.239135, -29.901429], [-51.239106, -29.901434], [-51.239117, -29.901485]]]}, "properties": {}},
{"type": "Feature", "geometry": {"type": "Polygon", "coordinates": [[[-51.229377, -29.901555], [-51.229379, -29.901575], [-51.229439, -29.901571], [-51.229437, -29.901551], [-51.229377, -29.901555]]]}, "properties": {}},
{"type": "Feature", "geometry": {"type": "Polygon", "coordinates": [[[-51.237394, -29.899337], [-51.237399, -29.899392], [-51.237471, -29.899387], [-51.237468, -29.899355], [-51.237477, -29.899354], [-51.237475, -29.89933], [-51.237394, -29.899337]]]}, "properties": {}},
{"type": "Feature", "geometry": {"type": "Polygon", "coordinates": [[[-51.234184, -29.902093], [-51.23419, -29.902159], [-51.234229, -29.902156], [-51.234225, -29.902112], [-51.234237, -29.902111], [-51.234235, -29.902089], [-51.234184, -29.902093]]]}, "properties": {}},
{"type": "Feature", "geometry": {"type": "Polygon", "coordinates": [[[-51.23904, -29.900949], [-51.239037, -29.900935], [-51.239047, -29.900933], [-51.23908, -29.900928], [-51.239074, -29.900897], [-51.23904, -29.900903], [-51.239037, -29.900889], [-51.239006, -29.900894], [-51.239008, -29.900901], [-51.238968, -29.900907], [-51.238979, -29.900959], [-51.23904, -29.900949]]]}, "properties": {}},
{"type": "Feature", "geometry": {"type": "Polygon", "coordinates": [[[-51.233025, -29.904064], [-51.233097, -29.90406], [-51.233096, -29.904043], [-51.233081, -29.904044], [-51.233079, -29.904014], [-51.233021, -29.904017], [-51.233025, -29.904064]]]}, "properties": {}},
{"type": "Feature", "geometry": {"type": "Polygon", "coordinates": [[[-51.237412, -29.901524], [-51.237417, -29.901579], [-51.237418, -29.901595], [-51.237465, -29.901592], [-51.23746, -29.901522], [-51.237412, -29.901524]]]}, "properties": {}},
{"type": "Feature", "geometry": {"type": "Polygon", "coordinates": [[[-51.23435, -29.900964], [-51.234274, -29.900968], [-51.234277, -29.901], [-51.234279, -29.901032], [-51.234316, -29.901031], [-51.234354, -29.901029], [-51.23435, -29.900964]]]}, "properties": {}},
{"type": "Feature", "geometry": {"type": "Polygon", "coordinates": [[[-51.237586, -29.902289], [-51.237581, -29.902222], [-51.237577, -29.902222], [-51.237576, -29.902204], [-51.237541, -29.902206], [-51.23754, -29.902195], [-51.237514, -29.902196], [-51.23752, -29.902293], [-51.237586, -29.902289]]]}, "properties": {}},
{"type": "Feature", "geometry": {"type": "Polygon", "coordinates": [[[-51.229447, -29.90423], [-51.229442, -29.904166], [-51.229423, -29.904167], [-51.229422, -29.904149], [-51.229401, -29.904151], [-51.229403, -29.904169], [-51.229379, -29.90417], [-51.229384, -29.904234], [-51.229447, -29.90423]]]}, "properties": {}},
{"type": "Feature", "geometry": {"type": "Polygon", "coordinates": [[[-51.236931, -29.903209], [-51.236934, -29.903266], [-51.237016, -29.903262], [-51.237013, -29.903206], [-51.236931, -29.903209]]]}, "properties": {}},
{"type": "Feature", "geometry": {"type": "Polygon", "coordinates": [[[-51.231706, -29.903685], [-51.231749, -29.903682], [-51.231749, -29.903688], [-51.231773, -29.903686], [-51.231772, -29.903673], [-51.231748, -29.903675], [-51.231745, -29.903635], [-51.231702, -29.903638], [-51.231706, -29.903685]]]}, "properties": {}},
{"type": "Feature", "geometry": {"type": "Polygon", "coordinates": [[[-51.238135, -29.902241], [-51.238219, -29.902238], [-51.238214, -29.902146], [-51.238158, -29.902149], [-51.238157, -29.902132], [-51.23814, -29.902133], [-51.238142, -29.902154], [-51.23813, -29.902155], [-51.238135, -29.902241]]]}, "properties": {}},
{"type": "Feature", "geometry": {"type": "Polygon", "coordinates": [[[-51.229601, -29.90193], [-51.229602, -29.901949], [-51.229666, -29.901946], [-51.229665, -29.901927], [-51.229601, -29.90193]]]}, "properties": {}},
{"type": "Feature", "geometry": {"type": "Polygon", "coordinates": [[[-51.238385, -29.903434], [-51.238441, -29.90343], [-51.238434, -29.903365], [-51.238379, -29.903369], [-51.238385, -29.903434]]]}, "properties": {}},
{"type": "Feature", "geometry": {"type": "Polygon", "coordinates": [[[-51.235977, -29.900932], [-51.235983, -29.900981], [-51.236039, -29.900975], [-51.236035, -29.900941], [-51.236059, -29.900939], [-51.236057, -29.90092], [-51.236033, -29.900923], [-51.236033, -29.900927], [-51.235977, -29.900932]]]}, "properties": {}},
{"type": "Feature", "geometry": {"type": "Polygon", "coordinates": [[[-51.23157, -29.901927], [-51.231522, -29.90193], [-51.231525, -29.901972], [-51.231545, -29.901971], [-51.231549, -29.902019], [-51.231577, -29.902018], [-51.23157, -29.901927]]]}, "properties": {}},
{"type": "Feature", "geometry": {"type": "Polygon", "coordinates": [[[-51.234227, -29.901071], [-51.234219, -29.901072], [-51.234217, -29.901047], [-51.234192, -29.901048], [-51.234196, -29.901093], [-51.234228, -29.901091], [-51.234227, -29.901071]]]}, "properties": {}},
{"type": "Feature", "geometry": {"type": "Polygon", "coordinates": [[[-51.231408, -29.899781], [-51.231399, -29.899691], [-51.231187, -29.899703], [-51.231194, -29.899794], [-51.231408, -29.899781]]]}, "properties": {}},
{"type": "Feature", "geometry": {"type": "Polygon", "coordinates": [[[-51.233556, -29.902209], [-51.233563, -29.902267], [-51.233694, -29.902254], [-51.233687, -29.902197], [-51.233556, -29.902209]]]}, "properties": {}},
{"type": "Feature", "geometry": {"type": "Polygon", "coordinates": [[[-51.235758, -29.904442], [-51.235759, -29.904446], [-51.235736, -29.904449], [-51.235746, -29.904503], [-51.235796, -29.904495], [-51.235785, -29.904438], [-51.235758, -29.904442]]]}, "properties": {}},
{"type": "Feature", "geometry": {"type": "Polygon", "coordinates": [[[-51.237235, -29.902196], [-51.237299, -29.902193], [-51.237293, -29.902093], [-51.237229, -29.902095], [-51.237235, -29.902196]]]}, "properties": {}},
{"type": "Feature", "geometry": {"type": "Polygon", "coordinates": [[[-51.230989, -29.904685], [-51.230987, -29.904637], [-51.230966, -29.904638], [-51.230966, -29.904636], [-51.230878, -29.904639], [-51.230852, -29.90464], [-51.230854, -29.904672], [-51.23088, -29.904671], [-51.230881, -29.904689], [-51.230969, -29.904686], [-51.230989, -29.904685]]]}, "properties": {}},
{"type": "Feature", "geometry": {"type": "Polygon", "coordinates": [[[-51.238474, -29.903986], [-51.238467, -29.903914], [-51.238451, -29.903915], [-51.238449, -29.903897], [-51.238398, -29.903901], [-51.238402, -29.903943], [-51.238413, -29.903943], [-51.238418, -29.90399], [-51.238474, -29.903986]]]}, "properties": {}},
{"type": "Feature", "geometry": {"type": "Polygon", "coordinates": [[[-51.231983, -29.902794], [-51.231982, -29.902769], [-51.231943, -29.902772], [-51.231952, -29.902886], [-51.232072, -29.902879], [-51.232071, -29.90287], [-51.232127, -29.902867], [-51.232121, -29.902786], [-51.231983, -29.902794]]]}, "properties": {}},
{"type": "Feature", "geometry": {"type": "Polygon", "coordinates": [[[-51.236673, -29.900698], [-51.236677, -29.900728], [-51.236738, -29.900722], [-51.236734, -29.900692], [-51.236673, -29.900698]]]}, "properties": {}},
{"type": "Feature", "geometry": {"type": "Polygon", "coordinates": [[[-51.237352, -29.901662], [-51.237353, -29.901682], [-51.237381, -29.90168], [-51.237383, -29.901705], [-51.237421, -29.901702], [-51.237418, -29.901658], [-51.237352, -29.901662]]]}, "properties": {}},
{"type": "Feature", "geometry": {"type": "Polygon", "coordinates": [[[-51.23556, -29.900306], [-51.235571, -29.900409], [-51.235647, -29.900403], [-51.235699, -29.9004], [-51.235688, -29.900296], [-51.23556, -29.900306]]]}, "properties": {}},
{"type": "Feature", "geometry": {"type": "Polygon", "coordinates": [[[-51.232656, -29.904575], [-51.23266, -29.904638], [-51.232836, -29.904627], [-51.232831, -29.904565], [-51.232656, -29.904575]]]}, "properties": {}},
{"type": "Feature", "geometry": {"type": "Polygon", "coordinates": [[[-51.236211, -29.901158], [-51.236215, -29.901185], [-51.236264, -29.90118], [-51.236261, -29.901153], [-51.236211, -29.901158]]]}, "properties": {}},
{"type": "Feature", "geometry": {"type": "Polygon", "coordinates": [[[-51.232532, -29.90137], [-51.232531, -29.901354], [-51.232488, -29.901357], [-51.232494, -29.90143], [-51.232591, -29.901424], [-51.232589, -29.901408], [-51.232586, -29.901366], [-51.232563, -29.901368], [-51.232532, -29.90137]]]}, "properties": {}},
{"type": "Feature", "geometry": {"type": "Polygon", "coordinates": [[[-51.23759, -29.90338], [-51.237596, -29.903466], [-51.237662, -29.903462], [-51.237656, -29.903377], [-51.23759, -29.90338]]]}, "properties": {}},
{"type": "Feature", "geometry": {"type": "Polygon", "coordinates": [[[-51.235767, -29.903375], [-51.235827, -29.903372], [-51.235824, -29.903324], [-51.235764, -29.903327], [-51.235767, -29.903375]]]}, "properties": {}},
{"type": "Feature", "geometry": {"type": "Polygon", "coordinates": [[[-51.233523, -29.901009], [-51.23342, -29.901017], [-51.233425, -29.901072], [-51.233528, -29.901064], [-51.233523, -29.901009]]]}, "properties": {}},
{"type": "Feature", "geometry": {"type": "Polygon", "coordinates": [[[-51.238708, -29.902403], [-51.238746, -29.902401], [-51.238745, -29.902381], [-51.238706, -29.902383], [-51.238708, -29.902403]]]}, "properties": {}},
{"type": "Feature", "geometry": {"type": "Polygon", "coordinates": [[[-51.231049, -29.901112], [-51.231053, -29.901149], [-51.231161, -29.901139], [-51.231157, -29.901103], [-51.231049, -29.901112]]]}, "properties": {}},
{"type": "Feature", "geometry": {"type": "Polygon", "coordinates": [[[-51.239242, -29.901633], [-51.239233, -29.901584], [-51.239174, -29.901592], [-51.239182, -29.90164], [-51.239242, -29.901633]]]}, "properties": {}},
{"type": "Feature", "geometry": {"type": "Polygon", "coordinates": [[[-51.236199, -29.901072], [-51.236192, -29.901019], [-51.236157, -29.901024], [-51.236164, -29.901075], [-51.236199, -29.901072]]]}, "properties": {}},
{"type": "Feature", "geometry": {"type": "Polygon", "coordinates": [[[-51.237714, -29.902667], [-51.237697, -29.902668], [-51.237698, -29.902688], [-51.237716, -29.902687], [-51.237719, -29.902736], [-51.237774, -29.902734], [-51.237775, -29.902733], [-51.237774, -29.90272], [-51.237772, -29.902693], [-51.23777, -29.902665], [-51.237714, -29.902667]]]}, "properties": {}},
{"type": "Feature", "geometry": {"type": "Polygon", "coordinates": [[[-51.235526, -29.901046], [-51.235525, -29.901027], [-51.23547, -29.901031], [-51.235472, -29.90105], [-51.235526, -29.901046]]]}, "properties": {}},
{"type": "Feature", "geometry": {"type": "Polygon", "coordinates": [[[-51.232823, -29.904117], [-51.232829, -29.904204], [-51.232871, -29.904201], [-51.232864, -29.904115], [-51.232823, -29.904117]]]}, "properties": {}},
{"type": "Feature", "geometry": {"type": "Polygon", "coordinates": [[[-51.231662, -29.899761], [-51.231655, -29.899676], [-51.23164, -29.899677], [-51.231543, -29.899682], [-51.231549, -29.899768], [-51.231662, -29.899761]]]}, "properties": {}},
{"type": "Feature", "geometry": {"type": "Polygon", "coordinates": [[[-51.23136, -29.904093], [-51.231435, -29.904089], [-51.231439, -29.904129], [-51.231439, -29.904138], [-51.231516, -29.904133], [-51.23151, -29.904058], [-51.231358, -29.904066], [-51.23136, -29.904093]]]}, "properties": {}},
{"type": "Feature", "geometry": {"type": "Polygon", "coordinates": [[[-51.231854, -29.901195], [-51.231853, -29.90119], [-51.231834, -29.901191], [-51.231838, -29.901247], [-51.231986, -29.90124], [-51.231983, -29.901189], [-51.231854, -29.901195]]]}, "properties": {}},
{"type": "Feature", "geometry": {"type": "Polygon", "coordinates": [[[-51.239008, -29.900631], [-51.239, -29.900595], [-51.239021, -29.900592], [-51.239018, -29.900578], [-51.238966, -29.900587], [-51.238976, -29.900636], [-51.239008, -29.900631]]]}, "properties": {}},
{"type": "Feature", "geometry": {"type": "Polygon", "coordinates": [[[-51.230404, -29.899725], [-51.230449, -29.899724], [-51.230448, -29.899705], [-51.230403, -29.899707], [-51.230404, -29.899725]]]}, "properties": {}},
{"type": "Feature", "geometry": {"type": "Polygon", "coordinates": [[[-51.23608, -29.900309], [-51.23609, -29.90038], [-51.236064, -29.900383], [-51.236065, -29.900393], [-51.236121, -29.900386], [-51.2361, -29.900234], [-51.236044, -29.90024], [-51.236045, -29.900253], [-51.236053, -29.900312], [-51.23608, -29.900309]]]}, "properties": {"info": {"is_agg": true, "properties_agg": [{"feature_id": 177232}], "geom_cmp_equals": [false], "geom_cmp_intersec": [0]}}},
{"type": "Feature", "geometry": {"type": "Polygon", "coordinates": [[[-51.238217, -29.90094], [-51.23822, -29.90096], [-51.238205, -29.900961], [-51.238212, -29.901012], [-51.238272, -29.901006], [-51.238265, -29.900954], [-51.238271, -29.900953], [-51.238268, -29.900933], [-51.238217, -29.90094]]]}, "properties": {}},
{"type": "Feature", "geometry": {"type": "Polygon", "coordinates": [[[-51.234724, -29.89932], [-51.23469, -29.899324], [-51.234699, -29.89937], [-51.23473, -29.899367], [-51.234724, -29.89932]]]}, "properties": {}},
{"type": "Feature", "geometry": {"type": "Polygon", "coordinates": [[[-51.232507, -29.90057], [-51.232581, -29.900569], [-51.232582, -29.900632], [-51.232608, -29.900632], [-51.232608, -29.900551], [-51.232507, -29.900552], [-51.232507, -29.90057]]]}, "properties": {}},
{"type": "Feature", "geometry": {"type": "Polygon", "coordinates": [[[-51.238264, -29.903871], [-51.238265, -29.90389], [-51.23824, -29.903891], [-51.238241, -29.903913], [-51.238257, -29.903913], [-51.238261, -29.903983], [-51.238315, -29.903981], [-51.238312, -29.903919], [-51.238296, -29.90392], [-51.238294, -29.90387], [-51.238264, -29.903871]]]}, "properties": {}},
{"type": "Feature", "geometry": {"type": "Polygon", "coordinates": [[[-51.235397, -29.903585], [-51.235389, -29.903474], [-51.235289, -29.90348], [-51.235293, -29.90354], [-51.235282, -29.90354], [-51.235285, -29.903586], [-51.235329, -29.903583], [-51.235332, -29.903628], [-51.235412, -29.903623], [-51.235409, -29.903584], [-51.235397, -29.903585]]]}, "properties": {}},
{"type": "Feature", "geometry": {"type": "Polygon", "coordinates": [[[-51.235762, -29.901586], [-51.235704, -29.90159], [-51.235712, -29.901668], [-51.235771, -29.901664], [-51.235762, -29.901586]]]}, "properties": {}},
{"type": "Feature", "geometry": {"type": "Polygon", "coordinates": [[[-51.238834, -29.902671], [-51.238831, -29.902635], [-51.238804, -29.902637], [-51.238804, -29.902634], [-51.238801, -29.902606], [-51.2387, -29.902613], [-51.23871, -29.902717], [-51.23879, -29.902711], [-51.238838, -29.902707], [-51.238834, -29.902671]]]}, "properties": {}},
{"type": "Feature", "geometry": {"type": "Polygon", "coordinates": [[[-51.230861, -29.902354], [-51.230859, -29.902323], [-51.230693, -29.902331], [-51.230698, -29.902415], [-51.230737, -29.902413], [-51.230737, -29.902425], [-51.230906, -29.902418], [-51.230903, -29.902352], [-51.230861, -29.902354]]]}, "properties": {}},
{"type": "Feature", "geometry": {"type": "Polygon", "coordinates": [[[-51.235632, -29.903824], [-51.235634, -29.903847], [-51.235618, -29.903848], [-51.235626, -29.903928], [-51.235685, -29.903924], [-51.235675, -29.903821], [-51.235632, -29.903824]]]}, "properties": {}},
{"type": "Feature", "geometry": {"type": "Polygon", "coordinates": [[[-51.233076, -29.90224], [-51.233107, -29.902239], [-51.233104, -29.902198], [-51.233073, -29.9022], [-51.233076, -29.90224]]]}, "properties": {}},
{"type": "Feature", "geometry": {"type": "Polygon", "coordinates": [[[-51.239237, -29.903918], [-51.239218, -29.90392], [-51.23922, -29.903945], [-51.239231, -29.903944], [-51.239236, -29.903991], [-51.239291, -29.903987], [-51.239279, -29.903884], [-51.239256, -29.903885], [-51.239234, -29.903887], [-51.239237, -29.903918]]]}, "properties": {}},
{"type": "Feature", "geometry": {"type": "Polygon", "coordinates": [[[-51.230446, -29.901575], [-51.230423, -29.901576], [-51.230426, -29.901613], [-51.230449, -29.901612], [-51.230446, -29.901575]]]}, "properties": {}},
{"type": "Feature", "geometry": {"type": "Polygon", "coordinates": [[[-51.236422, -29.900623], [-51.236432, -29.900664], [-51.236484, -29.900654], [-51.236475, -29.900618], [-51.236422, -29.900623]]]}, "properties": {}},
{"type": "Feature", "geometry": {"type": "Polygon", "coordinates": [[[-51.238134, -29.899529], [-51.23814, -29.899583], [-51.238194, -29.899579], [-51.238188, -29.899525], [-51.238134, -29.899529]]]}, "properties": {}},
{"type": "Feature", "geometry": {"type": "Polygon", "coordinates": [[[-51.23897, -29.904387], [-51.238941, -29.904389], [-51.238944, -29.904438], [-51.238973, -29.904437], [-51.23897, -29.904387]]]}, "properties": {}},
{"type": "Feature", "geometry": {"type": "Polygon", "coordinates": [[[-51.233058, -29.902426], [-51.233024, -29.902427], [-51.233029, -29.902519], [-51.233063, -29.902518], [-51.233058, -29.902426]]]}, "properties": {}},
{"type": "Feature", "geometry": {"type": "Polygon", "coordinates": [[[-51.236745, -29.90266], [-51.236716, -29.902661], [-51.23672, -29.902705], [-51.236748, -29.902704], [-51.236745, -29.90266]]]}, "properties": {"info": {"is_agg": true, "properties_agg": [{"feature_id": 173375}], "geom_cmp_equals": [false], "geom_cmp_intersec": [0]}}},
{"type": "Feature", "geometry": {"type": "Polygon", "coordinates": [[[-51.23442, -29.903019], [-51.234423, -29.903068], [-51.234489, -29.903064], [-51.234486, -29.903015], [-51.23442, -29.903019]]]}, "properties": {}},
{"type": "Feature", "geometry": {"type": "Polygon", "coordinates": [[[-51.238301, -29.903124], [-51.238341, -29.903122], [-51.238339, -29.903103], [-51.238383, -29.9031], [-51.238384, -29.90312], [-51.238406, -29.903119], [-51.238401, -29.903042], [-51.238372, -29.903043], [-51.238321, -29.903046], [-51.238322, -29.903061], [-51.238297, -29.903062], [-51.238301, -29.903124]]]}, "properties": {}},
{"type": "Feature", "geometry": {"type": "Polygon", "coordinates": [[[-51.231631, -29.902108], [-51.231634, -29.902144], [-51.231586, -29.902147], [-51.231589, -29.902199], [-51.231743, -29.902191], [-51.231742, -29.902165], [-51.231755, -29.902165], [-51.23175, -29.902101], [-51.231631, -29.902108]]]}, "properties": {}},
{"type": "Feature", "geometry": {"type": "Polygon", "coordinates": [[[-51.232816, -29.900823], [-51.232817, -29.900848], [-51.232797, -29.900849], [-51.232798, -29.900874], [-51.232876, -29.90087], [-51.232873, -29.90082], [-51.232816, -29.900823]]]}, "properties": {}},
{"type": "Feature", "geometry": {"type": "Polygon", "coordinates": [[[-51.236328, -29.902103], [-51.236331, -29.902143], [-51.236376, -29.902141], [-51.236373, -29.9021], [-51.236328, -29.902103]]]}, "properties": {}},
{"type": "Feature", "geometry": {"type": "Polygon", "coordinates": [[[-51.235901, -29.904424], [-51.235903, -29.90444], [-51.235944, -29.904437], [-51.235943, -29.904422], [-51.235961, -29.904421], [-51.235955, -29.904367], [-51.235977, -29.904365], [-51.235974, -29.904341], [-51.23589, -29.904348], [-51.235893, -29.904373], [-51.235865, -29.904375], [-51.235865, -29.904381], [-51.235868, -29.904402], [-51.23587, -29.904422], [-51.23587, -29.904426], [-51.235901, -29.904424]]]}, "properties": {}},
{"type": "Feature", "geometry": {"type": "Polygon", "coordinates": [[[-51.232264, -29.899545], [-51.232274, -29.899619], [-51.232337, -29.899613], [-51.232328, -29.899539], [-51.232264, -29.899545]]]}, "properties": {}},
{"type": "Feature", "geometry": {"type": "Polygon", "coordinates": [[[-51.230389, -29.899386], [-51.230386, -29.899298], [-51.230322, -29.899301], [-51.230275, -29.899304], [-51.230278, -29.899349], [-51.230326, -29.899346], [-51.23033, -29.899389], [-51.230389, -29.899386]]]}, "properties": {}},
{"type": "Feature", "geometry": {"type": "Polygon", "coordinates": [[[-51.234277, -29.902104], [-51.234259, -29.902106], [-51.234263, -29.902154], [-51.234282, -29.902152], [-51.234328, -29.902149], [-51.234328, -29.902141], [-51.234402, -29.902136], [-51.234398, -29.902096], [-51.234277, -29.902104]]]}, "properties": {}},
{"type": "Feature", "geometry": {"type": "Polygon", "coordinates": [[[-51.231692, -29.900704], [-51.23166, -29.900706], [-51.231662, -29.900736], [-51.231601, -29.900738], [-51.231604, -29.900815], [-51.231635, -29.900814], [-51.231636, -29.900835], [-51.231698, -29.900832], [-51.231694, -29.900735], [-51.231692, -29.900704]]]}, "properties": {}},
{"type": "Feature", "geometry": {"type": "Polygon", "coordinates": [[[-51.235655, -29.901787], [-51.235649, -29.901718], [-51.235596, -29.901721], [-51.235603, -29.901791], [-51.235655, -29.901787]]]}, "properties": {}},
{"type": "Feature", "geometry": {"type": "Polygon", "coordinates": [[[-51.233624, -29.903669], [-51.233631, -29.903756], [-51.233709, -29.903752], [-51.233702, -29.903664], [-51.233624, -29.903669]]]}, "properties": {}},
{"type": "Feature", "geometry": {"type": "Polygon", "coordinates": [[[-51.230588, -29.901468], [-51.230589, -29.90149], [-51.230649, -29.901488], [-51.230648, -29.901466], [-51.230588, -29.901468]]]}, "properties": {"info": {"is_agg": true, "properties_agg": [{"feature_id": 176739}], "geom_cmp_equals": [false], "geom_cmp_intersec": [0]}}},
{"type": "Feature", "geometry": {"type": "Polygon", "coordinates": [[[-51.235698, -29.89993], [-51.235704, -29.900021], [-51.235819, -29.900015], [-51.235813, -29.899924], [-51.235698, -29.89993]]]}, "properties": {}},
{"type": "Feature", "geometry": {"type": "Polygon", "coordinates": [[[-51.238963, -29.904444], [-51.238974, -29.90458], [-51.239025, -29.904577], [-51.239014, -29.904441], [-51.238963, -29.904444]]]}, "properties": {}},
{"type": "Feature", "geometry": {"type": "Polygon", "coordinates": [[[-51.235455, -29.900826], [-51.235456, -29.900856], [-51.235516, -29.900855], [-51.235515, -29.900825], [-51.235455, -29.900826]]]}, "properties": {}},
{"type": "Feature", "geometry": {"type": "Polygon", "coordinates": [[[-51.236026, -29.903502], [-51.236011, -29.903502], [-51.236007, -29.903454], [-51.23599, -29.903455], [-51.235993, -29.903497], [-51.235954, -29.903499], [-51.23596, -29.903585], [-51.236032, -29.903581], [-51.236026, -29.903502]]]}, "properties": {}},
{"type": "Feature", "geometry": {"type": "Polygon", "coordinates": [[[-51.22992, -29.900406], [-51.230121, -29.900395], [-51.230119, -29.900367], [-51.229919, -29.900378], [-51.22992, -29.900406]]]}, "properties": {}},
{"type": "Feature", "geometry": {"type": "Polygon", "coordinates": [[[-51.239254, -29.903129], [-51.239459, -29.903096], [-51.23953, -29.903085], [-51.239521, -29.903042], [-51.23945, -29.903053], [-51.239441, -29.903008], [-51.239236, -29.90304], [-51.239254, -29.903129]]]}, "properties": {}},
{"type": "Feature", "geometry": {"type": "Polygon", "coordinates": [[[-51.232865, -29.902899], [-51.232868, -29.902934], [-51.232821, -29.902936], [-51.232828, -29.903033], [-51.2329, -29.903028], [-51.23289, -29.902897], [-51.232865, -29.902899]]]}, "properties": {}},
{"type": "Feature", "geometry": {"type": "Polygon", "coordinates": [[[-51.232, -29.903673], [-51.232001, -29.903693], [-51.231983, -29.903694], [-51.231983, -29.903706], [-51.232007, -29.903705], [-51.232009, -29.903728], [-51.231976, -29.90373], [-51.231978, -29.903761], [-51.232098, -29.903754], [-51.232092, -29.903667], [-51.232, -29.903673]]]}, "properties": {}},
{"type": "Feature", "geometry": {"type": "Polygon", "coordinates": [[[-51.238178, -29.90314], [-51.238296, -29.903134], [-51.238295, -29.903114], [-51.238226, -29.903118], [-51.238221, -29.903054], [-51.238171, -29.903057], [-51.238178, -29.90314]]]}, "properties": {}},
{"type": "Feature", "geometry": {"type": "Polygon", "coordinates": [[[-51.234506, -29.902138], [-51.234449, -29.902142], [-51.234422, -29.902143], [-51.234427, -29.902206], [-51.234511, -29.9022], [-51.234508, -29.902169], [-51.234506, -29.902138]]]}, "properties": {}},
{"type": "Feature", "geometry": {"type": "Polygon", "coordinates": [[[-51.230263, -29.901607], [-51.230327, -29.901603], [-51.230324, -29.901571], [-51.230336, -29.90157], [-51.230332, -29.901511], [-51.230257, -29.901515], [-51.230263, -29.901607]]]}, "properties": {}},
{"type": "Feature", "geometry": {"type": "Polygon", "coordinates": [[[-51.235537, -29.904181], [-51.235533, -29.904247], [-51.235634, -29.904243], [-51.235639, -29.904177], [-51.235537, -29.904181]]]}, "properties": {}},
{"type": "Feature", "geometry": {"type": "Polygon", "coordinates": [[[-51.235912, -29.899726], [-51.23585, -29.899728], [-51.235853, -29.899784], [-51.235915, -29.899782], [-51.235912, -29.899726]]]}, "properties": {}},
{"type": "Feature", "geometry": {"type": "Polygon", "coordinates": [[[-51.235198, -29.90346], [-51.235195, -29.903406], [-51.235152, -29.903408], [-51.235157, -29.903481], [-51.235218, -29.903477], [-51.235217, -29.903459], [-51.235198, -29.90346]]]}, "properties": {}},
{"type": "Feature", "geometry": {"type": "Polygon", "coordinates": [[[-51.236331, -29.903757], [-51.236337, -29.903813], [-51.236422, -29.903807], [-51.236416, -29.903751], [-51.236331, -29.903757]]]}, "properties": {}},
{"type": "Feature", "geometry": {"type": "Polygon", "coordinates": [[[-51.230343, -29.902907], [-51.230347, -29.902971], [-51.230325, -29.902972], [-51.230331, -29.903047], [-51.230333, -29.903067], [-51.230414, -29.903063], [-51.230412, -29.903044], [-51.230436, -29.903042], [-51.230435, -29.903018], [-51.230434, -29.903008], [-51.230432, -29.902979], [-51.230431, -29.90295], [-51.23043, -29.902941], [-51.230428, -29.902903], [-51.230343, -29.902907]]]}, "properties": {}},
{"type": "Feature", "geometry": {"type": "Polygon", "coordinates": [[[-51.238009, -29.900699], [-51.237959, -29.900707], [-51.237974, -29.900772], [-51.237993, -29.90077], [-51.238025, -29.900768], [-51.238009, -29.900699]]]}, "properties": {}},
{"type": "Feature", "geometry": {"type": "Polygon", "coordinates": [[[-51.236054, -29.90216], [-51.236175, -29.902153], [-51.236173, -29.902121], [-51.236052, -29.902126], [-51.236054, -29.90216]]]}, "properties": {}},
{"type": "Feature", "geometry": {"type": "Polygon", "coordinates": [[[-51.233139, -29.904191], [-51.233141, -29.904224], [-51.233224, -29.904219], [-51.233222, -29.904186], [-51.233139, -29.904191]]]}, "properties": {}},
{"type": "Feature", "geometry": {"type": "Polygon", "coordinates": [[[-51.232213, -29.90058], [-51.232299, -29.900579], [-51.232299, -29.900514], [-51.232213, -29.900514], [-51.232213, -29.90058]]]}, "properties": {}},
{"type": "Feature", "geometry": {"type": "Polygon", "coordinates": [[[-51.237056, -29.903328], [-51.237054, -29.903301], [-51.237016, -29.903303], [-51.237018, -29.903342], [-51.237057, -29.90334], [-51.23706, -29.903393], [-51.237127, -29.903389], [-51.237123, -29.903324], [-51.237056, -29.903328]]]}, "properties": {}},
{"type": "Feature", "geometry": {"type": "Polygon", "coordinates": [[[-51.239322, -29.90436], [-51.239259, -29.904364], [-51.239227, -29.904366], [-51.23924, -29.904475], [-51.239248, -29.904475], [-51.239297, -29.904472], [-51.23934, -29.90447], [-51.239402, -29.904467], [-51.239375, -29.904356], [-51.239322, -29.90436]]]}, "properties": {}},
{"type": "Feature", "geometry": {"type": "Polygon", "coordinates": [[[-51.237056, -29.904288], [-51.237061, -29.904354], [-51.237079, -29.904353], [-51.237081, -29.904381], [-51.237109, -29.90438], [-51.237102, -29.904286], [-51.237056, -29.904288]]]}, "properties": {}},
{"type": "Feature", "geometry": {"type": "Polygon", "coordinates": [[[-51.238978, -29.900339], [-51.238972, -29.900313], [-51.238948, -29.900317], [-51.238955, -29.900343], [-51.238978, -29.900339]]]}, "properties": {}},
{"type": "Feature", "geometry": {"type": "Polygon", "coordinates": [[[-51.23405, -29.899569], [-51.233994, -29.899569], [-51.233995, -29.899632], [-51.234051, -29.899631], [-51.23405, -29.899569]]]}, "properties": {}},
{"type": "Feature", "geometry": {"type": "Polygon", "coordinates": [[[-51.237542, -29.900784], [-51.23754, -29.900771], [-51.237561, -29.900769], [-51.237558, -29.900733], [-51.237507, -29.900737], [-51.237512, -29.900786], [-51.237542, -29.900784]]]}, "properties": {}},
{"type": "Feature", "geometry": {"type": "Polygon", "coordinates": [[[-51.232804, -29.901447], [-51.232805, -29.901495], [-51.232825, -29.901495], [-51.232824, -29.901446], [-51.232804, -29.901447]]]}, "properties": {}},
{"type": "Feature", "geometry": {"type": "Polygon", "coordinates": [[[-51.231678, -29.903307], [-51.231751, -29.903303], [-51.231745, -29.903231], [-51.231672, -29.903235], [-51.231678, -29.903307]]]}, "properties": {}},
{"type": "Feature", "geometry": {"type": "Polygon", "coordinates": [[[-51.231945, -29.903308], [-51.231805, -29.903316], [-51.231808, -29.903354], [-51.231904, -29.903349], [-51.231908, -29.903403], [-51.231952, -29.9034], [-51.231945, -29.903308]]]}, "properties": {}},
{"type": "Feature", "geometry": {"type": "Polygon", "coordinates": [[[-51.233891, -29.900419], [-51.233901, -29.9005], [-51.233912, -29.900499], [-51.233922, -29.900591], [-51.233981, -29.900586], [-51.233978, -29.900562], [-51.233985, -29.900561], [-51.233977, -29.900494], [-51.233994, -29.900492], [-51.233984, -29.900411], [-51.233891, -29.900419]]]}, "properties": {}},
{"type": "Feature", "geometry": {"type": "Polygon", "coordinates": [[[-51.23401, -29.902064], [-51.234011, -29.90208], [-51.233907, -29.902094], [-51.233909, -29.902122], [-51.23403, -29.902107], [-51.234027, -29.902063], [-51.23401, -29.902064]]]}, "properties": {}},
{"type": "Feature", "geometry": {"type": "Polygon", "coordinates": [[[-51.234324, -29.904475], [-51.234326, -29.904496], [-51.234376, -29.904493], [-51.234375, -29.904473], [-51.234324, -29.904475]]]}, "properties": {}},
{"type": "Feature", "geometry": {"type": "Polygon", "coordinates": [[[-51.231874, -29.903113], [-51.231935, -29.903109], [-51.231931, -29.903056], [-51.231869, -29.90306], [-51.231874, -29.903113]]]}, "properties": {}},
{"type": "Feature", "geometry": {"type": "Polygon", "coordinates": [[[-51.238653, -29.903122], [-51.238589, -29.903125], [-51.238595, -29.903206], [-51.238659, -29.903203], [-51.238653, -29.903122]]]}, "properties": {}},
{"type": "Feature", "geometry": {"type": "Polygon", "coordinates": [[[-51.23465, -29.899596], [-51.234656, -29.899611], [-51.234724, -29.899606], [-51.234722, -29.899592], [-51.23465, -29.899596]]]}, "properties": {}},
{"type": "Feature", "geometry": {"type": "Polygon", "coordinates": [[[-51.235322, -29.901986], [-51.235323, -29.902022], [-51.235395, -29.902021], [-51.235394, -29.901985], [-51.235322, -29.901986]]]}, "properties": {}},
{"type": "Feature", "geometry": {"type": "Polygon", "coordinates": [[[-51.23818, -29.901302], [-51.238183, -29.901346], [-51.23819, -29.901346], [-51.238192, -29.901373], [-51.238242, -29.90137], [-51.23824, -29.901343], [-51.23825, -29.901343], [-51.238246, -29.901298], [-51.23818, -29.901302]]]}, "properties": {}},
{"type": "Feature", "geometry": {"type": "Polygon", "coordinates": [[[-51.237706, -29.903972], [-51.237703, -29.90393], [-51.237684, -29.903931], [-51.237681, -29.903897], [-51.237612, -29.903902], [-51.237615, -29.903938], [-51.237635, -29.903937], [-51.237637, -29.903958], [-51.237646, -29.903957], [-51.237648, -29.903975], [-51.237688, -29.903973], [-51.237706, -29.903972]]]}, "properties": {}},
{"type": "Feature", "geometry": {"type": "Polygon", "coordinates": [[[-51.233558, -29.901408], [-51.233529, -29.90141], [-51.233531, -29.901431], [-51.233661, -29.901421], [-51.233653, -29.901342], [-51.233553, -29.901349], [-51.233558, -29.901408]]]}, "properties": {}},
{"type": "Feature", "geometry": {"type": "Polygon", "coordinates": [[[-51.239696, -29.904667], [-51.239717, -29.904665], [-51.239811, -29.904657], [-51.239811, -29.904654], [-51.239834, -29.904652], [-51.239832, -29.904637], [-51.239857, -29.904635], [-51.239855, -29.904622], [-51.239822, -29.904625], [-51.23982, -29.904611], [-51.239691, -29.904622], [-51.239696, -29.904667]]]}, "properties": {}},
{"type": "Feature", "geometry": {"type": "Polygon", "coordinates": [[[-51.234554, -29.89996], [-51.234626, -29.899961], [-51.234627, -29.899935], [-51.234555, -29.899932], [-51.234554, -29.89996]]]}, "properties": {}},
{"type": "Feature", "geometry": {"type": "Polygon", "coordinates": [[[-51.23434, -29.901332], [-51.234348, -29.901387], [-51.234421, -29.901379], [-51.234413, -29.901324], [-51.23434, -29.901332]]]}, "properties": {}},
{"type": "Feature", "geometry": {"type": "Polygon", "coordinates": [[[-51.236047, -29.902035], [-51.236052, -29.902116], [-51.236156, -29.902112], [-51.236151, -29.902031], [-51.236047, -29.902035]]]}, "properties": {}},
{"type": "Feature", "geometry": {"type": "Polygon", "coordinates": [[[-51.231023, -29.900789], [-51.231028, -29.900856], [-51.231165, -29.900848], [-51.231162, -29.900812], [-51.231143, -29.900813], [-51.231141, -29.900797], [-51.231094, -29.9008], [-51.231093, -29.900785], [-51.231023, -29.900789]]]}, "properties": {}},
{"type": "Feature", "geometry": {"type": "Polygon", "coordinates": [[[-51.23812, -29.899443], [-51.238167, -29.899439], [-51.238161, -29.899392], [-51.238115, -29.899396], [-51.23812, -29.899443]]]}, "properties": {}},
{"type": "Feature", "geometry": {"type": "Polygon", "coordinates": [[[-51.238104, -29.900353], [-51.238109, -29.900401], [-51.238188, -29.900395], [-51.238182, -29.900347], [-51.238104, -29.900353]]]}, "properties": {}},
{"type": "Feature", "geometry": {"type": "Polygon", "coordinates": [[[-51.233969, -29.899794], [-51.233973, -29.899874], [-51.234045, -29.899871], [-51.234041, -29.899791], [-51.233969, -29.899794]]]}, "properties": {}},
{"type": "Feature", "geometry": {"type": "Polygon", "coordinates": [[[-51.231593, -29.900783], [-51.231492, -29.900788], [-51.231496, -29.900843], [-51.231596, -29.900837], [-51.231593, -29.900783]]]}, "properties": {}},
{"type": "Feature", "geometry": {"type": "Polygon", "coordinates": [[[-51.232564, -29.903088], [-51.232673, -29.903081], [-51.232669, -29.903043], [-51.232561, -29.90305], [-51.232564, -29.903088]]]}, "properties": {"info": {"is_agg": true, "properties_agg": [{"feature_id": 163479}], "geom_cmp_equals": [false], "geom_cmp_intersec": [0]}}},
{"type": "Feature", "geometry": {"type": "Polygon", "coordinates": [[[-51.23523, -29.903842], [-51.235242, -29.90389], [-51.235297, -29.90388], [-51.235284, -29.903832], [-51.23523, -29.903842]]]}, "properties": {}},
{"type": "Feature", "geometry": {"type": "Polygon", "coordinates": [[[-51.237719, -29.903235], [-51.237743, -29.903234], [-51.237741, -29.903202], [-51.237717, -29.903203], [-51.237719, -29.903235]]]}, "properties": {"info": {"is_agg": true, "properties_agg": [{"feature_id": 170206}], "geom_cmp_equals": [false], "geom_cmp_intersec": [0.014560188366997155]}}},
{"type": "Feature", "geometry": {"type": "Polygon", "coordinates": [[[-51.239414, -29.902877], [-51.239408, -29.902846], [-51.239317, -29.902861], [-51.239323, -29.902892], [-51.239414, -29.902877]]]}, "properties": {}},
{"type": "Feature", "geometry": {"type": "Polygon", "coordinates": [[[-51.236589, -29.903329], [-51.236587, -29.903307], [-51.236551, -29.903309], [-51.236553, -29.903331], [-51.236589, -29.903329]]]}, "properties": {}},
{"type": "Feature", "geometry": {"type": "Polygon", "coordinates": [[[-51.235166, -29.904799], [-51.235166, -29.904735], [-51.235087, -29.904735], [-51.235087, -29.904799], [-51.235166, -29.904799]]]}, "properties": {}},
{"type": "Feature", "geometry": {"type": "Polygon", "coordinates": [[[-51.238955, -29.900343], [-51.238948, -29.900317], [-51.238908, -29.900324], [-51.238914, -29.900351], [-51.238955, -29.900343]]]}, "properties": {}},
{"type": "Feature", "geometry": {"type": "Polygon", "coordinates": [[[-51.23077, -29.901959], [-51.230733, -29.901961], [-51.230732, -29.901953], [-51.230712, -29.901954], [-51.230713, -29.901961], [-51.230717, -29.902034], [-51.230773, -29.902032], [-51.23077, -29.901959]]]}, "properties": {}},
{"type": "Feature", "geometry": {"type": "Polygon", "coordinates": [[[-51.239408, -29.902846], [-51.239396, -29.902792], [-51.239306, -29.902807], [-51.239317, -29.902861], [-51.239408, -29.902846]]]}, "properties": {}},
{"type": "Feature", "geometry": {"type": "Polygon", "coordinates": [[[-51.235085, -29.899885], [-51.235151, -29.899882], [-51.235147, -29.899807], [-51.235081, -29.89981], [-51.235085, -29.899885]]]}, "properties": {}},
{"type": "Feature", "geometry": {"type": "Polygon", "coordinates": [[[-51.233005, -29.903432], [-51.233007, -29.903459], [-51.233099, -29.903453], [-51.233097, -29.903427], [-51.233005, -29.903432]]]}, "properties": {}},
{"type": "Feature", "geometry": {"type": "Polygon", "coordinates": [[[-51.229519, -29.902368], [-51.229589, -29.902364], [-51.229586, -29.902317], [-51.229515, -29.902321], [-51.229519, -29.902368]]]}, "properties": {}},
{"type": "Feature", "geometry": {"type": "Polygon", "coordinates": [[[-51.233674, -29.90135], [-51.233681, -29.901447], [-51.233772, -29.901441], [-51.233769, -29.90141], [-51.233783, -29.901409], [-51.233783, -29.901397], [-51.233744, -29.9014], [-51.23374, -29.901346], [-51.233674, -29.90135]]]}, "properties": {}},
{"type": "Feature", "geometry": {"type": "Polygon", "coordinates": [[[-51.238264, -29.90023], [-51.238274, -29.900281], [-51.238381, -29.900266], [-51.238372, -29.900215], [-51.238264, -29.90023]]]}, "properties": {}},
{"type": "Feature", "geometry": {"type": "Polygon", "coordinates": [[[-51.237897, -29.904544], [-51.23784, -29.904547], [-51.237849, -29.904652], [-51.237906, -29.904649], [-51.237897, -29.904544]]]}, "properties": {}},
{"type": "Feature", "geometry": {"type": "Polygon", "coordinates": [[[-51.237827, -29.90338], [-51.237835, -29.903458], [-51.237913, -29.903453], [-51.237905, -29.903374], [-51.237827, -29.90338]]]}, "properties": {}},
{"type": "Feature", "geometry": {"type": "Polygon", "coordinates": [[[-51.233919, -29.90106], [-51.23392, -29.901076], [-51.233898, -29.901077], [-51.2339, -29.90111], [-51.233901, -29.901138], [-51.233923, -29.901137], [-51.233925, -29.901166], [-51.233953, -29.901165], [-51.233947, -29.901059], [-51.233919, -29.90106]]]}, "properties": {}},
{"type": "Feature", "geometry": {"type": "Polygon", "coordinates": [[[-51.236927, -29.902568], [-51.236928, -29.902571], [-51.236929, -29.902593], [-51.236953, -29.902592], [-51.237046, -29.902587], [-51.237043, -29.902545], [-51.237027, -29.902533], [-51.237003, -29.902514], [-51.236988, -29.902514], [-51.236989, -29.902532], [-51.236972, -29.902533], [-51.23697, -29.902514], [-51.236948, -29.902515], [-51.236949, -29.902535], [-51.236925, -29.902537], [-51.236927, -29.902568]]]}, "properties": {}},
{"type": "Feature", "geometry": {"type": "Polygon", "coordinates": [[[-51.236288, -29.899469], [-51.236286, -29.899451], [-51.236238, -29.899454], [-51.23624, -29.899472], [-51.236288, -29.899469]]]}, "properties": {}},
{"type": "Feature", "geometry": {"type": "Polygon", "coordinates": [[[-51.232825, -29.901249], [-51.232826, -29.901267], [-51.232807, -29.901267], [-51.232806, -29.901249], [-51.232763, -29.90125], [-51.232765, -29.901312], [-51.232843, -29.90131], [-51.232841, -29.901266], [-51.232853, -29.901266], [-51.232853, -29.901248], [-51.232825, -29.901249]]]}, "properties": {}},
{"type": "Feature", "geometry": {"type": "Polygon", "coordinates": [[[-51.23332, -29.90285], [-51.23331, -29.902727], [-51.233245, -29.902731], [-51.233244, -29.902716], [-51.23322, -29.902717], [-51.233232, -29.902856], [-51.23332, -29.90285]]]}, "properties": {}},
{"type": "Feature", "geometry": {"type": "Polygon", "coordinates": [[[-51.23253, -29.903681], [-51.232607, -29.903676], [-51.232605, -29.903649], [-51.232545, -29.903652], [-51.232541, -29.903593], [-51.232523, -29.903594], [-51.232528, -29.903653], [-51.23253, -29.903681]]]}, "properties": {}},
{"type": "Feature", "geometry": {"type": "Polygon", "coordinates": [[[-51.229747, -29.900071], [-51.229616, -29.900078], [-51.22962, -29.900134], [-51.229717, -29.900128], [-51.229714, -29.900094], [-51.229749, -29.900092], [-51.229747, -29.900071]]]}, "properties": {}},
{"type": "Feature", "geometry": {"type": "Polygon", "coordinates": [[[-51.234736, -29.901224], [-51.23474, -29.901269], [-51.234773, -29.901266], [-51.234769, -29.901222], [-51.234736, -29.901224]]]}, "properties": {}},
{"type": "Feature", "geometry": {"type": "Polygon", "coordinates": [[[-51.232872, -29.901826], [-51.23283, -29.901828], [-51.232836, -29.901894], [-51.232919, -29.901888], [-51.232915, -29.901846], [-51.232896, -29.901847], [-51.232894, -29.901814], [-51.232871, -29.901816], [-51.232872, -29.901826]]]}, "properties": {}},
{"type": "Feature", "geometry": {"type": "Polygon", "coordinates": [[[-51.233231, -29.903659], [-51.233235, -29.903713], [-51.233297, -29.90371], [-51.233293, -29.903656], [-51.233231, -29.903659]]]}, "properties": {}},
{"type": "Feature", "geometry": {"type": "Polygon", "coordinates": [[[-51.237889, -29.903762], [-51.237894, -29.90384], [-51.237959, -29.903837], [-51.237954, -29.903759], [-51.237889, -29.903762]]]}, "properties": {}},
{"type": "Feature", "geometry": {"type": "Polygon", "coordinates": [[[-51.236408, -29.901454], [-51.236463, -29.901452], [-51.236459, -29.901365], [-51.236405, -29.901366], [-51.236408, -29.901454]]]}, "properties": {}},
{"type": "Feature", "geometry": {"type": "Polygon", "coordinates": [[[-51.23303, -29.899566], [-51.233019, -29.899623], [-51.233055, -29.899628], [-51.233066, -29.899571], [-51.23303, -29.899566]]]}, "properties": {}},
{"type": "Feature", "geometry": {"type": "Polygon", "coordinates": [[[-51.238487, -29.903219], [-51.238486, -29.903204], [-51.2385, -29.903204], [-51.238494, -29.903144], [-51.23845, -29.903147], [-51.238448, -29.903118], [-51.238423, -29.90312], [-51.238431, -29.903223], [-51.238487, -29.903219]]]}, "properties": {}},
{"type": "Feature", "geometry": {"type": "Polygon", "coordinates": [[[-51.236263, -29.903349], [-51.236259, -29.903295], [-51.236177, -29.903299], [-51.23618, -29.903354], [-51.236263, -29.903349]]]}, "properties": {}},
{"type": "Feature", "geometry": {"type": "Polygon", "coordinates": [[[-51.237966, -29.904443], [-51.237997, -29.904441], [-51.238014, -29.90444], [-51.238012, -29.904412], [-51.237959, -29.904415], [-51.237961, -29.904443], [-51.237966, -29.904443]]]}, "properties": {}},
{"type": "Feature", "geometry": {"type": "Polygon", "coordinates": [[[-51.236011, -29.899869], [-51.235919, -29.899876], [-51.235921, -29.899891], [-51.236021, -29.899884], [-51.23602, -29.899868], [-51.236011, -29.899869]]]}, "properties": {}},
{"type": "Feature", "geometry": {"type": "Polygon", "coordinates": [[[-51.236722, -29.899816], [-51.236719, -29.899767], [-51.236606, -29.899772], [-51.23661, -29.899821], [-51.236722, -29.899816]]]}, "properties": {}},
{"type": "Feature", "geometry": {"type": "Polygon", "coordinates": [[[-51.236743, -29.902505], [-51.236745, -29.902554], [-51.236759, -29.902553], [-51.236758, -29.902535], [-51.23677, -29.902535], [-51.236771, -29.902566], [-51.236777, -29.902565], [-51.236778, -29.902601], [-51.236753, -29.902602], [-51.236754, -29.90262], [-51.23678, -29.902619], [-51.236779, -29.902601], [-51.236833, -29.902599], [-51.236831, -29.902561], [-51.236814, -29.902562], [-51.236812, -29.902502], [-51.236743, -29.902505]]]}, "properties": {}},
{"type": "Feature", "geometry": {"type": "Polygon", "coordinates": [[[-51.230633, -29.900165], [-51.230748, -29.90016], [-51.230745, -29.900097], [-51.23063, -29.900102], [-51.230633, -29.900165]]]}, "properties": {}},
{"type": "Feature", "geometry": {"type": "Polygon", "coordinates": [[[-51.236971, -29.903077], [-51.236982, -29.903181], [-51.237075, -29.903174], [-51.237064, -29.90307], [-51.236971, -29.903077]]]}, "properties": {}},
{"type": "Feature", "geometry": {"type": "Polygon", "coordinates": [[[-51.233811, -29.899547], [-51.233811, -29.899588], [-51.233872, -29.899588], [-51.233872, -29.899547], [-51.233811, -29.899547]]]}, "properties": {}},
{"type": "Feature", "geometry": {"type": "Polygon", "coordinates": [[[-51.234069, -29.89942], [-51.23407, -29.899468], [-51.234089, -29.899468], [-51.234088, -29.89942], [-51.234069, -29.89942]]]}, "properties": {}},
{"type": "Feature", "geometry": {"type": "Polygon", "coordinates": [[[-51.235342, -29.903821], [-51.235345, -29.903896], [-51.235407, -29.903894], [-51.235403, -29.903819], [-51.235342, -29.903821]]]}, "properties": {}},
{"type": "Feature", "geometry": {"type": "Polygon", "coordinates": [[[-51.231488, -29.903743], [-51.231542, -29.903739], [-51.231539, -29.903701], [-51.231485, -29.903704], [-51.231488, -29.903743]]]}, "properties": {}},
{"type": "Feature", "geometry": {"type": "Polygon", "coordinates": [[[-51.239152, -29.901869], [-51.239094, -29.901876], [-51.239096, -29.901889], [-51.239154, -29.901882], [-51.239152, -29.901869]]]}, "properties": {}},
{"type": "Feature", "geometry": {"type": "Polygon", "coordinates": [[[-51.229371, -29.901589], [-51.229336, -29.901591], [-51.22934, -29.901656], [-51.229376, -29.901654], [-51.229371, -29.901589]]]}, "properties": {}},
{"type": "Feature", "geometry": {"type": "Polygon", "coordinates": [[[-51.234728, -29.900864], [-51.234725, -29.900828], [-51.234686, -29.900831], [-51.23469, -29.900867], [-51.234728, -29.900864]]]}, "properties": {}},
{"type": "Feature", "geometry": {"type": "Polygon", "coordinates": [[[-51.236769, -29.899459], [-51.236735, -29.89946], [-51.236698, -29.899462], [-51.236699, -29.899466], [-51.236699, -29.899472], [-51.2367, -29.899478], [-51.2367, -29.899485], [-51.236701, -29.899497], [-51.236702, -29.89951], [-51.236702, -29.899511], [-51.236703, -29.899512], [-51.236703, -29.899514], [-51.236717, -29.899514], [-51.23673, -29.899513], [-51.236744, -29.899512], [-51.236757, -29.899512], [-51.236757, -29.899505], [-51.236795, -29.899503], [-51.236814, -29.899501], [-51.236833, -29.8995], [-51.236831, -29.899457], [-51.236769, -29.899459]]]}, "properties": {}},
{"type": "Feature", "geometry": {"type": "Polygon", "coordinates": [[[-51.236471, -29.904094], [-51.236444, -29.904095], [-51.236442, -29.904065], [-51.236387, -29.904068], [-51.236388, -29.90409], [-51.236329, -29.904093], [-51.236333, -29.904157], [-51.236449, -29.904151], [-51.23645, -29.90416], [-51.236475, -29.904159], [-51.236471, -29.904094]]]}, "properties": {}},
{"type": "Feature", "geometry": {"type": "Polygon", "coordinates": [[[-51.231913, -29.900585], [-51.231917, -29.900637], [-51.231945, -29.900636], [-51.231941, -29.900584], [-51.231913, -29.900585]]]}, "properties": {}},
{"type": "Feature", "geometry": {"type": "Polygon", "coordinates": [[[-51.233532, -29.901098], [-51.233528, -29.901064], [-51.23348, -29.901068], [-51.233484, -29.901101], [-51.233532, -29.901098]]]}, "properties": {}},
{"type": "Feature", "geometry": {"type": "Polygon", "coordinates": [[[-51.237329, -29.902697], [-51.237398, -29.902694], [-51.2374, -29.902694], [-51.237394, -29.902596], [-51.237311, -29.9026], [-51.237318, -29.902698], [-51.237329, -29.902697]]]}, "properties": {}},
{"type": "Feature", "geometry": {"type": "Polygon", "coordinates": [[[-51.238852, -29.899801], [-51.238836, -29.899736], [-51.238809, -29.899741], [-51.238807, -29.899733], [-51.238752, -29.899744], [-51.238758, -29.89977], [-51.238734, -29.899774], [-51.238745, -29.899821], [-51.23877, -29.899816], [-51.238852, -29.899801]]]}, "properties": {}},
{"type": "Feature", "geometry": {"type": "Polygon", "coordinates": [[[-51.230302, -29.90026], [-51.230308, -29.900343], [-51.230365, -29.90034], [-51.230359, -29.900257], [-51.230302, -29.90026]]]}, "properties": {}},
{"type": "Feature", "geometry": {"type": "Polygon", "coordinates": [[[-51.233043, -29.90465], [-51.233049, -29.904723], [-51.2331, -29.904719], [-51.233094, -29.904647], [-51.233043, -29.90465]]]}, "properties": {}},
{"type": "Feature", "geometry": {"type": "Polygon", "coordinates": [[[-51.236408, -29.903255], [-51.236465, -29.903253], [-51.236462, -29.903203], [-51.236405, -29.903206], [-51.236408, -29.903255]]]}, "properties": {}},
{"type": "Feature", "geometry": {"type": "Polygon", "coordinates": [[[-51.232664, -29.900949], [-51.232661, -29.900893], [-51.232632, -29.900894], [-51.232635, -29.90095], [-51.232664, -29.900949]]]}, "properties": {}},
{"type": "Feature", "geometry": {"type": "Polygon", "coordinates": [[[-51.236345, -29.903836], [-51.236351, -29.9039], [-51.236475, -29.903892], [-51.236469, -29.903827], [-51.236345, -29.903836]]]}, "properties": {}},
{"type": "Feature", "geometry": {"type": "Polygon", "coordinates": [[[-51.237664, -29.904574], [-51.23767, -29.904648], [-51.237795, -29.904642], [-51.237789, -29.904562], [-51.237664, -29.904568], [-51.237664, -29.904574]]]}, "properties": {}},
{"type": "Feature", "geometry": {"type": "Polygon", "coordinates": [[[-51.237505, -29.900204], [-51.23757, -29.9002], [-51.237565, -29.900148], [-51.237501, -29.900151], [-51.237505, -29.900204]]]}, "properties": {}},
{"type": "Feature", "geometry": {"type": "Polygon", "coordinates": [[[-51.233529, -29.901412], [-51.233526, -29.90131], [-51.233402, -29.901313], [-51.233403, -29.901349], [-51.233406, -29.901349], [-51.233443, -29.901348], [-51.233444, -29.901414], [-51.233529, -29.901412]]]}, "properties": {}},
{"type": "Feature", "geometry": {"type": "Polygon", "coordinates": [[[-51.234712, -29.900359], [-51.23471, -29.9004], [-51.234781, -29.900402], [-51.234782, -29.90036], [-51.234712, -29.900359]]]}, "properties": {}},
{"type": "Feature", "geometry": {"type": "Polygon", "coordinates": [[[-51.232845, -29.900716], [-51.232896, -29.900715], [-51.232895, -29.900658], [-51.232843, -29.900659], [-51.232845, -29.900716]]]}, "properties": {}},
{"type": "Feature", "geometry": {"type": "Polygon", "coordinates": [[[-51.229385, -29.904323], [-51.229382, -29.904282], [-51.229356, -29.904284], [-51.229359, -29.904325], [-51.229385, -29.904323]]]}, "properties": {}},
{"type": "Feature", "geometry": {"type": "Polygon", "coordinates": [[[-51.229645, -29.902357], [-51.229648, -29.90239], [-51.229767, -29.902382], [-51.229762, -29.902324], [-51.229668, -29.90233], [-51.22967, -29.902355], [-51.229645, -29.902357]]]}, "properties": {}},
{"type": "Feature", "geometry": {"type": "Polygon", "coordinates": [[[-51.230406, -29.899763], [-51.230512, -29.899763], [-51.230512, -29.899728], [-51.230404, -29.899728], [-51.230406, -29.899763]]]}, "properties": {}},
{"type": "Feature", "geometry": {"type": "Polygon", "coordinates": [[[-51.236007, -29.901413], [-51.23601, -29.901443], [-51.236086, -29.901437], [-51.236082, -29.901407], [-51.236007, -29.901413]]]}, "properties": {}},
{"type": "Feature", "geometry": {"type": "Polygon", "coordinates": [[[-51.237917, -29.902483], [-51.237921, -29.902535], [-51.237902, -29.902536], [-51.237905, -29.902572], [-51.238011, -29.902566], [-51.23801, -29.902552], [-51.238007, -29.902518], [-51.238004, -29.902478], [-51.237917, -29.902483]]]}, "properties": {}},
{"type": "Feature", "geometry": {"type": "Polygon", "coordinates": [[[-51.233092, -29.900713], [-51.233143, -29.900711], [-51.233142, -29.900624], [-51.233091, -29.900624], [-51.233092, -29.900713]]]}, "properties": {}},
{"type": "Feature", "geometry": {"type": "Polygon", "coordinates": [[[-51.232952, -29.901451], [-51.232967, -29.901451], [-51.232967, -29.901386], [-51.232951, -29.901386], [-51.232952, -29.901451]]]}, "properties": {}},
{"type": "Feature", "geometry": {"type": "Polygon", "coordinates": [[[-51.237341, -29.901286], [-51.23735, -29.901366], [-51.237404, -29.901362], [-51.237395, -29.901281], [-51.237341, -29.901286]]]}, "properties": {}},
{"type": "Feature", "geometry": {"type": "Polygon", "coordinates": [[[-51.231982, -29.904164], [-51.231928, -29.904167], [-51.231927, -29.904157], [-51.231905, -29.904158], [-51.231905, -29.904163], [-51.231846, -29.904167], [-51.231847, -29.904187], [-51.231832, -29.904188], [-51.231834, -29.90422], [-51.231986, -29.904212], [-51.231982, -29.904164]]]}, "properties": {}},
{"type": "Feature", "geometry": {"type": "Polygon", "coordinates": [[[-51.236631, -29.901489], [-51.236637, -29.901536], [-51.236673, -29.901536], [-51.236668, -29.901486], [-51.236631, -29.901489]]]}, "properties": {}},
{"type": "Feature", "geometry": {"type": "Polygon", "coordinates": [[[-51.231495, -29.903355], [-51.23146, -29.903357], [-51.231462, -29.903389], [-51.231436, -29.90339], [-51.231439, -29.903428], [-51.2315, -29.903424], [-51.231495, -29.903355]]]}, "properties": {}},
{"type": "Feature", "geometry": {"type": "Polygon", "coordinates": [[[-51.237116, -29.899578], [-51.237125, -29.899633], [-51.237168, -29.899628], [-51.23716, -29.899572], [-51.237116, -29.899578]]]}, "properties": {}},
{"type": "Feature", "geometry": {"type": "Polygon", "coordinates": [[[-51.239242, -29.901633], [-51.239304, -29.901624], [-51.239292, -29.901576], [-51.239233, -29.901584], [-51.239242, -29.901633]]]}, "properties": {}},
{"type": "Feature", "geometry": {"type": "Polygon", "coordinates": [[[-51.233265, -29.904184], [-51.233271, -29.90426], [-51.233293, -29.904258], [-51.233287, -29.904182], [-51.233265, -29.904184]]]}, "properties": {}},
{"type": "Feature", "geometry": {"type": "Polygon", "coordinates": [[[-51.238737, -29.900005], [-51.238724, -29.899952], [-51.238682, -29.899959], [-51.238695, -29.900013], [-51.238737, -29.900005]]]}, "properties": {}},
{"type": "Feature", "geometry": {"type": "Polygon", "coordinates": [[[-51.234688, -29.899808], [-51.234688, -29.89979], [-51.234654, -29.89979], [-51.234654, -29.899848], [-51.234688, -29.899848], [-51.234688, -29.899808]]]}, "properties": {}},
{"type": "Feature", "geometry": {"type": "Polygon", "coordinates": [[[-51.238331, -29.902615], [-51.238327, -29.902566], [-51.238271, -29.902569], [-51.238275, -29.902618], [-51.238331, -29.902615]]]}, "properties": {}},
{"type": "Feature", "geometry": {"type": "Polygon", "coordinates": [[[-51.230952, -29.904718], [-51.230928, -29.904718], [-51.230916, -29.904719], [-51.230909, -29.904719], [-51.230915, -29.90481], [-51.23097, -29.904807], [-51.230964, -29.904717], [-51.230952, -29.904718]]]}, "properties": {}},
{"type": "Feature", "geometry": {"type": "Polygon", "coordinates": [[[-51.237978, -29.904608], [-51.237976, -29.904581], [-51.237975, -29.904568], [-51.237914, -29.904571], [-51.237915, -29.904591], [-51.237924, -29.904591], [-51.237928, -29.904645], [-51.237981, -29.904642], [-51.23798, -29.904634], [-51.237978, -29.904608]]]}, "properties": {}},
{"type": "Feature", "geometry": {"type": "Polygon", "coordinates": [[[-51.238752, -29.90417], [-51.238755, -29.904209], [-51.238783, -29.904206], [-51.238779, -29.904166], [-51.238752, -29.904168], [-51.238752, -29.90417]]]}, "properties": {}},
{"type": "Feature", "geometry": {"type": "Polygon", "coordinates": [[[-51.237957, -29.901324], [-51.237962, -29.901416], [-51.238024, -29.901413], [-51.238019, -29.901322], [-51.237957, -29.901324]]]}, "properties": {}},
{"type": "Feature", "geometry": {"type": "Polygon", "coordinates": [[[-51.236607, -29.902072], [-51.23661, -29.902122], [-51.236674, -29.902119], [-51.236675, -29.902113], [-51.236672, -29.902069], [-51.236607, -29.902072]]]}, "properties": {}},
{"type": "Feature", "geometry": {"type": "Polygon", "coordinates": [[[-51.236303, -29.90092], [-51.236337, -29.900914], [-51.236329, -29.900878], [-51.236295, -29.900884], [-51.236303, -29.90092]]]}, "properties": {}},
{"type": "Feature", "geometry": {"type": "Polygon", "coordinates": [[[-51.233031, -29.901708], [-51.233102, -29.9017], [-51.233094, -29.901645], [-51.233023, -29.901653], [-51.233031, -29.901708]]]}, "properties": {}},
{"type": "Feature", "geometry": {"type": "Polygon", "coordinates": [[[-51.235846, -29.902967], [-51.23584, -29.90288], [-51.235854, -29.902879], [-51.235852, -29.90285], [-51.235727, -29.902857], [-51.23573, -29.902894], [-51.235734, -29.90295], [-51.235735, -29.902973], [-51.235846, -29.902967]]]}, "properties": {}},
{"type": "Feature", "geometry": {"type": "Polygon", "coordinates": [[[-51.229348, -29.899967], [-51.229349, -29.899987], [-51.22938, -29.899985], [-51.229379, -29.899966], [-51.229348, -29.899967]]]}, "properties": {}},
{"type": "Feature", "geometry": {"type": "Polygon", "coordinates": [[[-51.231426, -29.903737], [-51.231423, -29.903707], [-51.231387, -29.90371], [-51.23139, -29.903739], [-51.231426, -29.903737]]]}, "properties": {}},
{"type": "Feature", "geometry": {"type": "Polygon", "coordinates": [[[-51.235634, -29.899946], [-51.23564, -29.900024], [-51.235704, -29.900021], [-51.235698, -29.899942], [-51.235634, -29.899946]]]}, "properties": {}},
{"type": "Feature", "geometry": {"type": "Polygon", "coordinates": [[[-51.23091, -29.899862], [-51.230914, -29.89991], [-51.230986, -29.899905], [-51.230985, -29.899887], [-51.231028, -29.899885], [-51.231026, -29.899855], [-51.23091, -29.899862]]]}, "properties": {}},
{"type": "Feature", "geometry": {"type": "Polygon", "coordinates": [[[-51.229617, -29.899973], [-51.229621, -29.900025], [-51.229713, -29.90002], [-51.22971, -29.899969], [-51.229617, -29.899973]]]}, "properties": {}},
{"type": "Feature", "geometry": {"type": "Polygon", "coordinates": [[[-51.231388, -29.900746], [-51.231395, -29.900848], [-51.231427, -29.900847], [-51.231419, -29.900744], [-51.231388, -29.900746]]]}, "properties": {}},
{"type": "Feature", "geometry": {"type": "Polygon", "coordinates": [[[-51.238604, -29.901431], [-51.238599, -29.901394], [-51.238543, -29.901398], [-51.238548, -29.901436], [-51.238604, -29.901431]]]}, "properties": {}},
{"type": "Feature", "geometry": {"type": "Polygon", "coordinates": [[[-51.237811, -29.901276], [-51.237822, -29.90136], [-51.237848, -29.901358], [-51.237837, -29.901274], [-51.237811, -29.901276]]]}, "properties": {}},
{"type": "Feature", "geometry": {"type": "Polygon", "coordinates": [[[-51.238368, -29.903267], [-51.238374, -29.903334], [-51.23842, -29.90333], [-51.238413, -29.903264], [-51.238368, -29.903267]]]}, "properties": {}},
{"type": "Feature", "geometry": {"type": "Polygon", "coordinates": [[[-51.233811, -29.902134], [-51.233781, -29.902138], [-51.233794, -29.902223], [-51.233891, -29.902211], [-51.233871, -29.902127], [-51.233811, -29.902134]]]}, "properties": {}},
{"type": "Feature", "geometry": {"type": "Polygon", "coordinates": [[[-51.231656, -29.899649], [-51.23172, -29.899648], [-51.23172, -29.899636], [-51.231699, -29.899636], [-51.231698, -29.899572], [-51.231654, -29.899573], [-51.231656, -29.899649]]]}, "properties": {}},
{"type": "Feature", "geometry": {"type": "Polygon", "coordinates": [[[-51.237037, -29.904427], [-51.237037, -29.904436], [-51.237177, -29.904432], [-51.237175, -29.904377], [-51.237063, -29.904382], [-51.237, -29.904391], [-51.236968, -29.904396], [-51.23697, -29.904429], [-51.237001, -29.904429], [-51.237037, -29.904427]]]}, "properties": {}},
{"type": "Feature", "geometry": {"type": "Polygon", "coordinates": [[[-51.237477, -29.902814], [-51.237479, -29.902834], [-51.237469, -29.902835], [-51.237473, -29.902886], [-51.237512, -29.902884], [-51.237508, -29.902832], [-51.237519, -29.902831], [-51.237517, -29.902812], [-51.237477, -29.902814]]]}, "properties": {}},
{"type": "Feature", "geometry": {"type": "Polygon", "coordinates": [[[-51.23726, -29.89956], [-51.237309, -29.899556], [-51.237302, -29.899495], [-51.237257, -29.899498], [-51.237255, -29.899482], [-51.237234, -29.899484], [-51.237243, -29.899562], [-51.23726, -29.89956]]]}, "properties": {}},
{"type": "Feature", "geometry": {"type": "Polygon", "coordinates": [[[-51.232431, -29.899935], [-51.232425, -29.899868], [-51.232293, -29.899877], [-51.232299, -29.899945], [-51.232431, -29.899935]]]}, "properties": {}},
{"type": "Feature", "geometry": {"type": "Polygon", "coordinates": [[[-51.237663, -29.902499], [-51.237669, -29.90259], [-51.237764, -29.902585], [-51.237762, -29.902552], [-51.237757, -29.902493], [-51.237663, -29.902499]]]}, "properties": {}},
{"type": "Feature", "geometry": {"type": "Polygon", "coordinates": [[[-51.237438, -29.899853], [-51.237442, -29.899927], [-51.237444, -29.899945], [-51.237507, -29.899941], [-51.237502, -29.899867], [-51.237462, -29.89987], [-51.23746, -29.899852], [-51.237438, -29.899853]]]}, "properties": {}},
{"type": "Feature", "geometry": {"type": "Polygon", "coordinates": [[[-51.231729, -29.899281], [-51.231657, -29.899283], [-51.231656, -29.899259], [-51.231578, -29.899261], [-51.231581, -29.899356], [-51.231617, -29.899355], [-51.231617, -29.899359], [-51.231731, -29.899357], [-51.231729, -29.899281]]]}, "properties": {}},
{"type": "Feature", "geometry": {"type": "Polygon", "coordinates": [[[-51.236936, -29.903307], [-51.237008, -29.903304], [-51.237006, -29.903263], [-51.236934, -29.903266], [-51.236936, -29.903307]]]}, "properties": {}},
{"type": "Feature", "geometry": {"type": "Polygon", "coordinates": [[[-51.231889, -29.901388], [-51.23189, -29.901401], [-51.231867, -29.901402], [-51.231869, -29.901434], [-51.231893, -29.901433], [-51.231984, -29.901428], [-51.23198, -29.901383], [-51.231889, -29.901388]]]}, "properties": {}},
{"type": "Feature", "geometry": {"type": "Polygon", "coordinates": [[[-51.237519, -29.900885], [-51.237439, -29.90089], [-51.237443, -29.900937], [-51.237523, -29.900932], [-51.237519, -29.900885]]]}, "properties": {}},
{"type": "Feature", "geometry": {"type": "Polygon", "coordinates": [[[-51.235763, -29.903311], [-51.235832, -29.903308], [-51.235831, -29.903285], [-51.235761, -29.903289], [-51.235763, -29.903311]]]}, "properties": {}},
{"type": "Feature", "geometry": {"type": "Polygon", "coordinates": [[[-51.23389, -29.899617], [-51.233941, -29.899616], [-51.23394, -29.899532], [-51.233889, -29.899533], [-51.23389, -29.899617]]]}, "properties": {}},
{"type": "Feature", "geometry": {"type": "Polygon", "coordinates": [[[-51.234152, -29.903412], [-51.23415, -29.903391], [-51.234103, -29.903394], [-51.234106, -29.903434], [-51.23412, -29.903433], [-51.234122, -29.903453], [-51.234229, -29.903448], [-51.234227, -29.903408], [-51.234152, -29.903412]]]}, "properties": {}},
{"type": "Feature", "geometry": {"type": "Polygon", "coordinates": [[[-51.239868, -29.90409], [-51.239857, -29.904013], [-51.239884, -29.90401], [-51.239879, -29.903976], [-51.23987, -29.903977], [-51.239869, -29.903977], [-51.239801, -29.903986], [-51.239806, -29.904019], [-51.239764, -29.904024], [-51.23977, -29.90406], [-51.239754, -29.904062], [-51.239759, -29.904102], [-51.239868, -29.90409]]]}, "properties": {}},
{"type": "Feature", "geometry": {"type": "Polygon", "coordinates": [[[-51.235324, -29.900758], [-51.235322, -29.900835], [-51.235411, -29.900837], [-51.235413, -29.90076], [-51.235324, -29.900758]]]}, "properties": {}},
{"type": "Feature", "geometry": {"type": "Polygon", "coordinates": [[[-51.233691, -29.901742], [-51.233695, -29.901756], [-51.233729, -29.901749], [-51.233724, -29.901728], [-51.233754, -29.901723], [-51.233737, -29.901651], [-51.233673, -29.901663], [-51.233667, -29.901637], [-51.233644, -29.901641], [-51.233669, -29.901746], [-51.233691, -29.901742]]]}, "properties": {}},
{"type": "Feature", "geometry": {"type": "Polygon", "coordinates": [[[-51.23053, -29.899297], [-51.230535, -29.899379], [-51.230655, -29.899374], [-51.23065, -29.899292], [-51.23053, -29.899297]]]}, "properties": {}},
{"type": "Feature", "geometry": {"type": "Polygon", "coordinates": [[[-51.236108, -29.90472], [-51.2361, -29.904683], [-51.236046, -29.904692], [-51.236062, -29.904764], [-51.236116, -29.904755], [-51.236108, -29.90472]]]}, "properties": {}},
{"type": "Feature", "geometry": {"type": "Polygon", "coordinates": [[[-51.238226, -29.903118], [-51.238295, -29.903114], [-51.238291, -29.903068], [-51.238279, -29.903069], [-51.238278, -29.903051], [-51.238221, -29.903054], [-51.238226, -29.903118]]]}, "properties": {}},
{"type": "Feature", "geometry": {"type": "Polygon", "coordinates": [[[-51.23308, -29.901727], [-51.233082, -29.901788], [-51.233115, -29.901787], [-51.233112, -29.901726], [-51.23308, -29.901727]]]}, "properties": {}},
{"type": "Feature", "geometry": {"type": "Polygon", "coordinates": [[[-51.236927, -29.902557], [-51.236925, -29.902536], [-51.23683, -29.902541], [-51.236831, -29.902562], [-51.236927, -29.902557]]]}, "properties": {}},
{"type": "Feature", "geometry": {"type": "Polygon", "coordinates": [[[-51.233669, -29.901507], [-51.233623, -29.901511], [-51.233623, -29.901515], [-51.233585, -29.901518], [-51.233588, -29.901546], [-51.233629, -29.901543], [-51.233629, -29.901534], [-51.233671, -29.901531], [-51.233669, -29.901507]]]}, "properties": {}},
{"type": "Feature", "geometry": {"type": "Polygon", "coordinates": [[[-51.23543, -29.904224], [-51.235459, -29.904215], [-51.23549, -29.904206], [-51.23548, -29.904179], [-51.235497, -29.904174], [-51.235492, -29.904161], [-51.235474, -29.904166], [-51.235474, -29.904164], [-51.235426, -29.904178], [-51.235433, -29.904195], [-51.235409, -29.904203], [-51.235418, -29.904227], [-51.23543, -29.904224]]]}, "properties": {}},
{"type": "Feature", "geometry": {"type": "Polygon", "coordinates": [[[-51.237786, -29.900978], [-51.237768, -29.90098], [-51.237764, -29.900946], [-51.237725, -29.90095], [-51.23773, -29.900987], [-51.237696, -29.90099], [-51.237703, -29.901048], [-51.237793, -29.901039], [-51.237786, -29.900978]]]}, "properties": {}},
{"type": "Feature", "geometry": {"type": "Polygon", "coordinates": [[[-51.238619, -29.902133], [-51.238723, -29.902131], [-51.238721, -29.902036], [-51.238617, -29.902038], [-51.238619, -29.902133]]]}, "properties": {}},
{"type": "Feature", "geometry": {"type": "Polygon", "coordinates": [[[-51.232688, -29.902778], [-51.232694, -29.902856], [-51.232752, -29.902854], [-51.232748, -29.902787], [-51.232767, -29.902786], [-51.232766, -29.902774], [-51.232688, -29.902778]]]}, "properties": {}},
{"type": "Feature", "geometry": {"type": "Polygon", "coordinates": [[[-51.238667, -29.903881], [-51.238674, -29.903993], [-51.238713, -29.903991], [-51.238714, -29.904004], [-51.238739, -29.904003], [-51.238731, -29.903878], [-51.238667, -29.903881]]]}, "properties": {}},
{"type": "Feature", "geometry": {"type": "Polygon", "coordinates": [[[-51.235094, -29.904631], [-51.235026, -29.904631], [-51.235026, -29.904666], [-51.235094, -29.904666], [-51.235094, -29.904631]]]}, "properties": {}},
{"type": "Feature", "geometry": {"type": "Polygon", "coordinates": [[[-51.238053, -29.904315], [-51.238059, -29.904379], [-51.238033, -29.904381], [-51.238035, -29.904412], [-51.238025, -29.904413], [-51.238026, -29.90444], [-51.238059, -29.904438], [-51.238057, -29.90442], [-51.238133, -29.904415], [-51.238129, -29.904364], [-51.238138, -29.904364], [-51.238136, -29.904338], [-51.23813, -29.904339], [-51.238127, -29.90431], [-51.238053, -29.904315]]]}, "properties": {}},
{"type": "Feature", "geometry": {"type": "Polygon", "coordinates": [[[-51.230029, -29.90318], [-51.229979, -29.903182], [-51.22998, -29.903209], [-51.23003, -29.903207], [-51.230029, -29.90318]]]}, "properties": {}},
{"type": "Feature", "geometry": {"type": "Polygon", "coordinates": [[[-51.236958, -29.901441], [-51.236908, -29.901444], [-51.236907, -29.901422], [-51.236875, -29.901424], [-51.236876, -29.901442], [-51.236859, -29.901443], [-51.23686, -29.901458], [-51.236882, -29.901457], [-51.236884, -29.901489], [-51.236961, -29.901484], [-51.236958, -29.901441]]]}, "properties": {}},
{"type": "Feature", "geometry": {"type": "Polygon", "coordinates": [[[-51.231088, -29.899391], [-51.231088, -29.899374], [-51.231066, -29.899375], [-51.231065, -29.899318], [-51.230934, -29.899319], [-51.230935, -29.899393], [-51.231088, -29.899391]]]}, "properties": {}},
{"type": "Feature", "geometry": {"type": "Polygon", "coordinates": [[[-51.235335, -29.90215], [-51.235331, -29.902101], [-51.235327, -29.902101], [-51.235326, -29.902086], [-51.235301, -29.902088], [-51.235306, -29.902151], [-51.235335, -29.90215]]]}, "properties": {}},
{"type": "Feature", "geometry": {"type": "Polygon", "coordinates": [[[-51.232904, -29.902869], [-51.23296, -29.902865], [-51.232954, -29.902788], [-51.232897, -29.902791], [-51.232904, -29.902869]]]}, "properties": {}},
{"type": "Feature", "geometry": {"type": "Polygon", "coordinates": [[[-51.235875, -29.901493], [-51.235858, -29.901494], [-51.235854, -29.901447], [-51.2358, -29.901451], [-51.235804, -29.901497], [-51.235844, -29.901494], [-51.235848, -29.901535], [-51.235878, -29.901533], [-51.235875, -29.901493]]]}, "properties": {}},
{"type": "Feature", "geometry": {"type": "Polygon", "coordinates": [[[-51.232954, -29.902788], [-51.23296, -29.902865], [-51.233002, -29.902863], [-51.232996, -29.902785], [-51.232954, -29.902788]]]}, "properties": {}},
{"type": "Feature", "geometry": {"type": "Polygon", "coordinates": [[[-51.233485, -29.901912], [-51.233493, -29.901966], [-51.233572, -29.901957], [-51.233573, -29.901959], [-51.233614, -29.901954], [-51.233606, -29.901898], [-51.233485, -29.901912]]]}, "properties": {}},
{"type": "Feature", "geometry": {"type": "Polygon", "coordinates": [[[-51.233868, -29.899447], [-51.233869, -29.899467], [-51.233871, -29.899495], [-51.233891, -29.899495], [-51.233891, -29.899517], [-51.233945, -29.899517], [-51.233943, -29.899446], [-51.233868, -29.899447]]]}, "properties": {}},
{"type": "Feature", "geometry": {"type": "Polygon", "coordinates": [[[-51.236897, -29.90342], [-51.236898, -29.903484], [-51.23695, -29.903482], [-51.236948, -29.903419], [-51.236897, -29.90342]]]}, "properties": {}},
{"type": "Feature", "geometry": {"type": "Polygon", "coordinates": [[[-51.2295, -29.899669], [-51.229503, -29.899729], [-51.229608, -29.899725], [-51.229604, -29.899665], [-51.2295, -29.899669]]]}, "properties": {}},
{"type": "Feature", "geometry": {"type": "Polygon", "coordinates": [[[-51.232923, -29.901281], [-51.232955, -29.90128], [-51.232953, -29.901245], [-51.232922, -29.901246], [-51.232923, -29.901281]]]}, "properties": {}},
{"type": "Feature", "geometry": {"type": "Polygon", "coordinates": [[[-51.235477, -29.902062], [-51.235481, -29.902113], [-51.235538, -29.90211], [-51.235534, -29.902059], [-51.235477, -29.902062]]]}, "properties": {}},
{"type": "Feature", "geometry": {"type": "Polygon", "coordinates": [[[-51.237247, -29.900604], [-51.23725, -29.900647], [-51.237307, -29.900644], [-51.237304, -29.9006], [-51.237247, -29.900604]]]}, "properties": {}},
{"type": "Feature", "geometry": {"type": "Polygon", "coordinates": [[[-51.239999, -29.904551], [-51.23999, -29.904488], [-51.239909, -29.904494], [-51.239915, -29.904557], [-51.239999, -29.904551]]]}, "properties": {}},
{"type": "Feature", "geometry": {"type": "Polygon", "coordinates": [[[-51.232889, -29.90366], [-51.232882, -29.903571], [-51.232831, -29.903574], [-51.232838, -29.903663], [-51.232889, -29.90366]]]}, "properties": {}},
{"type": "Feature", "geometry": {"type": "Polygon", "coordinates": [[[-51.23004, -29.90086], [-51.230056, -29.900859], [-51.230053, -29.900811], [-51.230037, -29.900812], [-51.229976, -29.900814], [-51.229983, -29.900945], [-51.230045, -29.900942], [-51.23004, -29.90086]]]}, "properties": {}},
{"type": "Feature", "geometry": {"type": "Polygon", "coordinates": [[[-51.236045, -29.900844], [-51.236042, -29.900823], [-51.236013, -29.900826], [-51.236017, -29.900848], [-51.236045, -29.900844]]]}, "properties": {"info": {"is_agg": true, "properties_agg": [{"feature_id": 178478}], "geom_cmp_equals": [false], "geom_cmp_intersec": [0]}}},
{"type": "Feature", "geometry": {"type": "Polygon", "coordinates": [[[-51.232393, -29.899509], [-51.232404, -29.899598], [-51.232496, -29.899589], [-51.232485, -29.8995], [-51.232393, -29.899509]]]}, "properties": {}},
{"type": "Feature", "geometry": {"type": "Polygon", "coordinates": [[[-51.236751, -29.902318], [-51.236754, -29.902351], [-51.236789, -29.902349], [-51.236786, -29.902316], [-51.236751, -29.902318]]]}, "properties": {}},
{"type": "Feature", "geometry": {"type": "Polygon", "coordinates": [[[-51.233671, -29.900796], [-51.233666, -29.900735], [-51.233649, -29.900736], [-51.233649, -29.90074], [-51.233597, -29.900744], [-51.233602, -29.900801], [-51.233671, -29.900796]]]}, "properties": {}},
{"type": "Feature", "geometry": {"type": "Polygon", "coordinates": [[[-51.230189, -29.902526], [-51.230229, -29.902524], [-51.230225, -29.902452], [-51.230184, -29.902453], [-51.230189, -29.902526]]]}, "properties": {}},
{"type": "Feature", "geometry": {"type": "Polygon", "coordinates": [[[-51.238188, -29.900505], [-51.238197, -29.900555], [-51.238223, -29.900551], [-51.238214, -29.900502], [-51.238188, -29.900505]]]}, "properties": {}},
{"type": "Feature", "geometry": {"type": "Polygon", "coordinates": [[[-51.232405, -29.901723], [-51.232405, -29.901717], [-51.232294, -29.901725], [-51.232301, -29.9018], [-51.232411, -29.901793], [-51.23241, -29.901783], [-51.232436, -29.901782], [-51.232431, -29.901721], [-51.232405, -29.901723]]]}, "properties": {}},
{"type": "Feature", "geometry": {"type": "Polygon", "coordinates": [[[-51.239888, -29.904088], [-51.239809, -29.904096], [-51.239815, -29.904135], [-51.239894, -29.904127], [-51.239888, -29.904088]]]}, "properties": {}},
{"type": "Feature", "geometry": {"type": "Polygon", "coordinates": [[[-51.23725, -29.902504], [-51.237255, -29.902584], [-51.237255, -29.902585], [-51.237306, -29.902585], [-51.237321, -29.902584], [-51.237319, -29.902554], [-51.237317, -29.902528], [-51.237315, -29.9025], [-51.23725, -29.902504]]]}, "properties": {}},
{"type": "Feature", "geometry": {"type": "Polygon", "coordinates": [[[-51.236955, -29.902821], [-51.236959, -29.902859], [-51.236976, -29.902857], [-51.236983, -29.902928], [-51.236992, -29.902928], [-51.236994, -29.902959], [-51.237036, -29.902956], [-51.237033, -29.902925], [-51.237111, -29.902919], [-51.237109, -29.902874], [-51.237047, -29.902878], [-51.237042, -29.902815], [-51.236955, -29.902821]]]}, "properties": {}},
{"type": "Feature", "geometry": {"type": "Polygon", "coordinates": [[[-51.234281, -29.901088], [-51.234225, -29.901091], [-51.234229, -29.901152], [-51.234286, -29.901149], [-51.234281, -29.901088]]]}, "properties": {}},
{"type": "Feature", "geometry": {"type": "Polygon", "coordinates": [[[-51.235572, -29.901513], [-51.235575, -29.901538], [-51.235616, -29.901535], [-51.235613, -29.901509], [-51.235572, -29.901513]]]}, "properties": {}},
{"type": "Feature", "geometry": {"type": "Polygon", "coordinates": [[[-51.235707, -29.904148], [-51.235704, -29.904178], [-51.235733, -29.904181], [-51.235736, -29.90415], [-51.235707, -29.904148]]]}, "properties": {}},
{"type": "Feature", "geometry": {"type": "Polygon", "coordinates": [[[-51.237676, -29.901387], [-51.237624, -29.90139], [-51.23758, -29.901393], [-51.237585, -29.901447], [-51.237569, -29.901448], [-51.237572, -29.901474], [-51.237587, -29.901473], [-51.237683, -29.901467], [-51.237678, -29.901407], [-51.237676, -29.901387]]]}, "properties": {}},
{"type": "Feature", "geometry": {"type": "Polygon", "coordinates": [[[-51.23481, -29.90266], [-51.234781, -29.902661], [-51.234787, -29.90276], [-51.234794, -29.902779], [-51.234796, -29.902787], [-51.2348, -29.902799], [-51.234804, -29.902812], [-51.234812, -29.902836], [-51.234824, -29.902835], [-51.234836, -29.902833], [-51.234848, -29.902832], [-51.234861, -29.90283], [-51.234885, -29.902828], [-51.234897, -29.902826], [-51.234909, -29.902825], [-51.234905, -29.902801], [-51.234903, -29.90279], [-51.234901, -29.902778], [-51.2349, -29.902773], [-51.234818, -29.902778], [-51.234817, -29.902765], [-51.23481, -29.90266]]]}, "properties": {}},
{"type": "Feature", "geometry": {"type": "Polygon", "coordinates": [[[-51.231384, -29.904485], [-51.231469, -29.90448], [-51.231465, -29.904435], [-51.23138, -29.904439], [-51.231384, -29.904485]]]}, "properties": {}},
{"type": "Feature", "geometry": {"type": "Polygon", "coordinates": [[[-51.231905, -29.90082], [-51.232002, -29.900815], [-51.231995, -29.90072], [-51.231977, -29.900721], [-51.231975, -29.900689], [-51.231928, -29.900692], [-51.231934, -29.900771], [-51.231903, -29.900772], [-51.231905, -29.90082]]]}, "properties": {}},
{"type": "Feature", "geometry": {"type": "Polygon", "coordinates": [[[-51.23968, -29.9043], [-51.239674, -29.904256], [-51.239694, -29.904254], [-51.239692, -29.904236], [-51.239548, -29.904249], [-51.239556, -29.904312], [-51.23968, -29.9043]]]}, "properties": {}},
{"type": "Feature", "geometry": {"type": "Polygon", "coordinates": [[[-51.231426, -29.903737], [-51.231487, -29.903734], [-51.231485, -29.903704], [-51.231423, -29.903707], [-51.231426, -29.903737]]]}, "properties": {}},
{"type": "Feature", "geometry": {"type": "Polygon", "coordinates": [[[-51.237473, -29.900821], [-51.237411, -29.900825], [-51.237414, -29.900864], [-51.237476, -29.90086], [-51.237473, -29.900821]]]}, "properties": {}},
{"type": "Feature", "geometry": {"type": "Polygon", "coordinates": [[[-51.236664, -29.899347], [-51.236665, -29.899368], [-51.236707, -29.899367], [-51.236706, -29.899346], [-51.236664, -29.899347]]]}, "properties": {}},
{"type": "Feature", "geometry": {"type": "Polygon", "coordinates": [[[-51.234894, -29.904593], [-51.235001, -29.904588], [-51.234998, -29.904535], [-51.234891, -29.904541], [-51.234894, -29.904593]]]}, "properties": {}},
{"type": "Feature", "geometry": {"type": "Polygon", "coordinates": [[[-51.233673, -29.904498], [-51.233674, -29.904582], [-51.233768, -29.904581], [-51.233768, -29.904554], [-51.233792, -29.904554], [-51.233791, -29.904497], [-51.233673, -29.904498]]]}, "properties": {}},
{"type": "Feature", "geometry": {"type": "Polygon", "coordinates": [[[-51.229247, -29.90184], [-51.229252, -29.901903], [-51.229333, -29.901898], [-51.229328, -29.901835], [-51.229247, -29.90184]]]}, "properties": {}},
{"type": "Feature", "geometry": {"type": "Polygon", "coordinates": [[[-51.234394, -29.90086], [-51.234285, -29.900866], [-51.234285, -29.90087], [-51.234255, -29.900872], [-51.234258, -29.90092], [-51.234289, -29.900918], [-51.23429, -29.900934], [-51.234399, -29.900927], [-51.234394, -29.90086]]]}, "properties": {}},
{"type": "Feature", "geometry": {"type": "Polygon", "coordinates": [[[-51.237197, -29.899891], [-51.237202, -29.899936], [-51.237264, -29.899931], [-51.237259, -29.899886], [-51.237197, -29.899891]]]}, "properties": {}},
{"type": "Feature", "geometry": {"type": "Polygon", "coordinates": [[[-51.239318, -29.902767], [-51.239332, -29.902766], [-51.239325, -29.902725], [-51.239356, -29.902721], [-51.239352, -29.902693], [-51.239298, -29.9027], [-51.239298, -29.902705], [-51.239202, -29.902717], [-51.239216, -29.902802], [-51.239322, -29.902789], [-51.239318, -29.902767]]]}, "properties": {}},
{"type": "Feature", "geometry": {"type": "Polygon", "coordinates": [[[-51.237466, -29.901494], [-51.237469, -29.901519], [-51.237554, -29.901511], [-51.237552, -29.901486], [-51.237466, -29.901494]]]}, "properties": {}},
{"type": "Feature", "geometry": {"type": "Polygon", "coordinates": [[[-51.233176, -29.903463], [-51.233179, -29.903495], [-51.233189, -29.903495], [-51.233192, -29.903538], [-51.233322, -29.90353], [-51.233318, -29.903476], [-51.233231, -29.903481], [-51.233229, -29.90346], [-51.233176, -29.903463]]]}, "properties": {}},
{"type": "Feature", "geometry": {"type": "Polygon", "coordinates": [[[-51.2349, -29.904792], [-51.234896, -29.904723], [-51.23485, -29.904725], [-51.234859, -29.904837], [-51.234903, -29.904835], [-51.2349, -29.904792]]]}, "properties": {}},
{"type": "Feature", "geometry": {"type": "Polygon", "coordinates": [[[-51.233083, -29.902989], [-51.233086, -29.903016], [-51.233129, -29.903013], [-51.233127, -29.902986], [-51.233083, -29.902989]]]}, "properties": {}},
{"type": "Feature", "geometry": {"type": "Polygon", "coordinates": [[[-51.234273, -29.900597], [-51.234277, -29.900667], [-51.234324, -29.900665], [-51.23432, -29.900595], [-51.234273, -29.900597]]]}, "properties": {}},
{"type": "Feature", "geometry": {"type": "Polygon", "coordinates": [[[-51.239393, -29.902115], [-51.239322, -29.902128], [-51.239326, -29.902145], [-51.239357, -29.902139], [-51.239369, -29.902191], [-51.239409, -29.902184], [-51.239393, -29.902115]]]}, "properties": {}},
{"type": "Feature", "geometry": {"type": "Polygon", "coordinates": [[[-51.236762, -29.901536], [-51.236673, -29.901536], [-51.236679, -29.90159], [-51.236767, -29.901584], [-51.236762, -29.901536]]]}, "properties": {}},
{"type": "Feature", "geometry": {"type": "Polygon", "coordinates": [[[-51.229708, -29.901805], [-51.229733, -29.901804], [-51.22973, -29.901755], [-51.229704, -29.901756], [-51.229708, -29.901805]]]}, "properties": {}},
{"type": "Feature", "geometry": {"type": "Polygon", "coordinates": [[[-51.236809, -29.902722], [-51.236796, -29.902723], [-51.236798, -29.902757], [-51.236843, -29.902755], [-51.23684, -29.902721], [-51.236809, -29.902722]]]}, "properties": {}},
{"type": "Feature", "geometry": {"type": "Polygon", "coordinates": [[[-51.237546, -29.903297], [-51.237549, -29.903334], [-51.237541, -29.903334], [-51.237545, -29.903384], [-51.237576, -29.903382], [-51.237569, -29.903296], [-51.237546, -29.903297]]]}, "properties": {}},
{"type": "Feature", "geometry": {"type": "Polygon", "coordinates": [[[-51.237634, -29.899504], [-51.237636, -29.899553], [-51.237717, -29.89955], [-51.237715, -29.899501], [-51.237634, -29.899504]]]}, "properties": {}},
{"type": "Feature", "geometry": {"type": "Polygon", "coordinates": [[[-51.236568, -29.904331], [-51.236573, -29.90439], [-51.236637, -29.904386], [-51.236633, -29.904326], [-51.236568, -29.904331]]]}, "properties": {}},
{"type": "Feature", "geometry": {"type": "Polygon", "coordinates": [[[-51.23349, -29.899299], [-51.233425, -29.8993], [-51.233372, -29.899303], [-51.233375, -29.899354], [-51.233452, -29.899351], [-51.233492, -29.899349], [-51.233491, -29.899322], [-51.23349, -29.899299]]]}, "properties": {}},
{"type": "Feature", "geometry": {"type": "Polygon", "coordinates": [[[-51.234096, -29.899412], [-51.234096, -29.89944], [-51.234149, -29.89944], [-51.234149, -29.899412], [-51.234096, -29.899412]]]}, "properties": {"info": {"is_agg": true, "properties_agg": [{"feature_id": 165730}], "geom_cmp_equals": [false], "geom_cmp_intersec": [0]}}},
{"type": "Feature", "geometry": {"type": "Polygon", "coordinates": [[[-51.237412, -29.902516], [-51.237413, -29.902526], [-51.237418, -29.902578], [-51.237501, -29.902572], [-51.237494, -29.902511], [-51.237412, -29.902516]]]}, "properties": {}},
{"type": "Feature", "geometry": {"type": "Polygon", "coordinates": [[[-51.2319, -29.904589], [-51.231844, -29.904592], [-51.231851, -29.904695], [-51.231907, -29.904692], [-51.2319, -29.904589]]]}, "properties": {}},
{"type": "Feature", "geometry": {"type": "Polygon", "coordinates": [[[-51.230905, -29.902274], [-51.230903, -29.902236], [-51.230849, -29.902239], [-51.230851, -29.902277], [-51.230905, -29.902274]]]}, "properties": {}},
{"type": "Feature", "geometry": {"type": "Polygon", "coordinates": [[[-51.236652, -29.899819], [-51.236653, -29.899836], [-51.236723, -29.899832], [-51.236722, -29.899816], [-51.236652, -29.899819]]]}, "properties": {}},
{"type": "Feature", "geometry": {"type": "Polygon", "coordinates": [[[-51.230256, -29.901926], [-51.230225, -29.901928], [-51.230231, -29.902006], [-51.230262, -29.902004], [-51.230256, -29.901926]]]}, "properties": {}},
{"type": "Feature", "geometry": {"type": "Polygon", "coordinates": [[[-51.238397, -29.904389], [-51.238396, -29.904375], [-51.238356, -29.904377], [-51.238359, -29.904421], [-51.238399, -29.904419], [-51.238397, -29.904389]]]}, "properties": {}},
{"type": "Feature", "geometry": {"type": "Polygon", "coordinates": [[[-51.236185, -29.900377], [-51.23618, -29.900352], [-51.236118, -29.900359], [-51.236121, -29.900386], [-51.236185, -29.900377]]]}, "properties": {}},
{"type": "Feature", "geometry": {"type": "Polygon", "coordinates": [[[-51.236296, -29.901985], [-51.236299, -29.90205], [-51.23635, -29.902048], [-51.236351, -29.902081], [-51.236387, -29.90208], [-51.236382, -29.901982], [-51.236296, -29.901985]]]}, "properties": {}},
{"type": "Feature", "geometry": {"type": "Polygon", "coordinates": [[[-51.230407, -29.899793], [-51.230325, -29.899794], [-51.230327, -29.899895], [-51.230411, -29.899894], [-51.230407, -29.899793]]]}, "properties": {}},
{"type": "Feature", "geometry": {"type": "Polygon", "coordinates": [[[-51.232419, -29.900862], [-51.232417, -29.900825], [-51.232436, -29.900824], [-51.232435, -29.900797], [-51.232302, -29.900802], [-51.232306, -29.900867], [-51.232419, -29.900862]]]}, "properties": {}},
{"type": "Feature", "geometry": {"type": "Polygon", "coordinates": [[[-51.232854, -29.903843], [-51.232861, -29.903934], [-51.232911, -29.903931], [-51.232904, -29.90384], [-51.232854, -29.903843]]]}, "properties": {}},
{"type": "Feature", "geometry": {"type": "Polygon", "coordinates": [[[-51.230683, -29.902191], [-51.230699, -29.90219], [-51.230704, -29.90219], [-51.230733, -29.902189], [-51.230762, -29.902187], [-51.230765, -29.902187], [-51.230763, -29.902152], [-51.230673, -29.902156], [-51.230675, -29.902191], [-51.230683, -29.902191]]]}, "properties": {}},
{"type": "Feature", "geometry": {"type": "Polygon", "coordinates": [[[-51.230612, -29.901331], [-51.230614, -29.901365], [-51.230663, -29.901364], [-51.230662, -29.901329], [-51.230612, -29.901331]]]}, "properties": {}},
{"type": "Feature", "geometry": {"type": "Polygon", "coordinates": [[[-51.235449, -29.901103], [-51.235447, -29.901082], [-51.235399, -29.901086], [-51.235401, -29.901107], [-51.235449, -29.901103]]]}, "properties": {}},
{"type": "Feature", "geometry": {"type": "Polygon", "coordinates": [[[-51.236086, -29.900879], [-51.236183, -29.900866], [-51.236175, -29.900817], [-51.23618, -29.900816], [-51.236177, -29.900803], [-51.236075, -29.900816], [-51.236082, -29.900854], [-51.236086, -29.900879]]]}, "properties": {}},
{"type": "Feature", "geometry": {"type": "Polygon", "coordinates": [[[-51.23187, -29.900139], [-51.231871, -29.900159], [-51.231905, -29.900157], [-51.231904, -29.900137], [-51.23187, -29.900139]]]}, "properties": {}},
{"type": "Feature", "geometry": {"type": "Polygon", "coordinates": [[[-51.231812, -29.90243], [-51.231823, -29.902561], [-51.231925, -29.902555], [-51.231914, -29.902424], [-51.231812, -29.90243]]]}, "properties": {}},
{"type": "Feature", "geometry": {"type": "Polygon", "coordinates": [[[-51.230157, -29.90175], [-51.230164, -29.901838], [-51.230222, -29.901835], [-51.230215, -29.901747], [-51.230157, -29.90175]]]}, "properties": {}},
{"type": "Feature", "geometry": {"type": "Polygon", "coordinates": [[[-51.238594, -29.899725], [-51.238584, -29.899673], [-51.238563, -29.899676], [-51.238558, -29.89965], [-51.238495, -29.899659], [-51.23851, -29.899738], [-51.238594, -29.899725]]]}, "properties": {}},
{"type": "Feature", "geometry": {"type": "Polygon", "coordinates": [[[-51.238572, -29.89957], [-51.238547, -29.899573], [-51.238547, -29.899576], [-51.238463, -29.899588], [-51.238476, -29.899654], [-51.238562, -29.899642], [-51.238557, -29.899613], [-51.23858, -29.89961], [-51.238572, -29.89957]]]}, "properties": {}},
{"type": "Feature", "geometry": {"type": "Polygon", "coordinates": [[[-51.238263, -29.900227], [-51.238362, -29.900213], [-51.238352, -29.90016], [-51.238284, -29.90017], [-51.238281, -29.900157], [-51.238251, -29.900161], [-51.238263, -29.900227]]]}, "properties": {}},
{"type": "Feature", "geometry": {"type": "Polygon", "coordinates": [[[-51.234542, -29.904245], [-51.234549, -29.904329], [-51.23458, -29.904328], [-51.234573, -29.904243], [-51.234542, -29.904245]]]}, "properties": {}},
{"type": "Feature", "geometry": {"type": "Polygon", "coordinates": [[[-51.234412, -29.900637], [-51.234386, -29.900638], [-51.234385, -29.900622], [-51.234383, -29.900584], [-51.234361, -29.900585], [-51.234361, -29.900593], [-51.23432, -29.900595], [-51.234324, -29.900665], [-51.234413, -29.900661], [-51.234412, -29.900637]]]}, "properties": {}},
{"type": "Feature", "geometry": {"type": "Polygon", "coordinates": [[[-51.229371, -29.901589], [-51.229376, -29.901654], [-51.229383, -29.901653], [-51.229385, -29.90168], [-51.229447, -29.901676], [-51.22944, -29.901585], [-51.229371, -29.901589]]]}, "properties": {}},
{"type": "Feature", "geometry": {"type": "Polygon", "coordinates": [[[-51.237685, -29.899502], [-51.237684, -29.899478], [-51.237637, -29.89948], [-51.237638, -29.899504], [-51.237685, -29.899502]]]}, "properties": {}},
{"type": "Feature", "geometry": {"type": "Polygon", "coordinates": [[[-51.231196, -29.899425], [-51.231196, -29.899399], [-51.231166, -29.899399], [-51.231167, -29.899425], [-51.231196, -29.899425]]]}, "properties": {}},
{"type": "Feature", "geometry": {"type": "Polygon", "coordinates": [[[-51.230222, -29.901887], [-51.230178, -29.901889], [-51.230179, -29.901897], [-51.230159, -29.901898], [-51.230165, -29.901973], [-51.230228, -29.90197], [-51.230222, -29.901887]]]}, "properties": {}},
{"type": "Feature", "geometry": {"type": "Polygon", "coordinates": [[[-51.234073, -29.901451], [-51.234075, -29.901488], [-51.234119, -29.901483], [-51.234117, -29.901449], [-51.234073, -29.901451]]]}, "properties": {}},
{"type": "Feature", "geometry": {"type": "Polygon", "coordinates": [[[-51.231627, -29.904691], [-51.231547, -29.904695], [-51.231549, -29.904725], [-51.231574, -29.904723], [-51.231577, -29.904767], [-51.231615, -29.904765], [-51.231612, -29.904722], [-51.231629, -29.904721], [-51.231627, -29.904691]]]}, "properties": {}},
{"type": "Feature", "geometry": {"type": "Polygon", "coordinates": [[[-51.23716, -29.899572], [-51.237168, -29.899628], [-51.237269, -29.899616], [-51.23726, -29.89956], [-51.23716, -29.899572]]]}, "properties": {}},
{"type": "Feature", "geometry": {"type": "Polygon", "coordinates": [[[-51.229587, -29.902438], [-51.229639, -29.902435], [-51.229637, -29.902407], [-51.229585, -29.90241], [-51.229587, -29.902438]]]}, "properties": {}},
{"type": "Feature", "geometry": {"type": "Polygon", "coordinates": [[[-51.232692, -29.901307], [-51.232737, -29.901305], [-51.232733, -29.901217], [-51.232685, -29.90122], [-51.23264, -29.901222], [-51.232642, -29.901245], [-51.232649, -29.901244], [-51.232652, -29.901274], [-51.232653, -29.901289], [-51.232691, -29.901287], [-51.232692, -29.901307]]]}, "properties": {}},
{"type": "Feature", "geometry": {"type": "Polygon", "coordinates": [[[-51.236509, -29.902035], [-51.236543, -29.902034], [-51.236541, -29.901995], [-51.236507, -29.901996], [-51.236506, -29.90196], [-51.236449, -29.901962], [-51.236453, -29.902061], [-51.23651, -29.90206], [-51.236509, -29.902035]]]}, "properties": {}},
{"type": "Feature", "geometry": {"type": "Polygon", "coordinates": [[[-51.235985, -29.904457], [-51.235992, -29.904508], [-51.236036, -29.904503], [-51.236026, -29.904443], [-51.235983, -29.904448], [-51.235985, -29.904457]]]}, "properties": {}},
{"type": "Feature", "geometry": {"type": "Polygon", "coordinates": [[[-51.237947, -29.902754], [-51.237901, -29.902756], [-51.237904, -29.902788], [-51.237949, -29.902785], [-51.237947, -29.902754]]]}, "properties": {}},
{"type": "Feature", "geometry": {"type": "Polygon", "coordinates": [[[-51.231914, -29.901553], [-51.231913, -29.90155], [-51.231812, -29.901555], [-51.231814, -29.901585], [-51.231912, -29.901579], [-51.231914, -29.901607], [-51.232052, -29.9016], [-51.232048, -29.901546], [-51.231914, -29.901553]]]}, "properties": {}},
{"type": "Feature", "geometry": {"type": "Polygon", "coordinates": [[[-51.231407, -29.900572], [-51.231374, -29.900574], [-51.231379, -29.900633], [-51.231411, -29.900631], [-51.231407, -29.900572]]]}, "properties": {}},
{"type": "Feature", "geometry": {"type": "Polygon", "coordinates": [[[-51.23315, -29.901997], [-51.233155, -29.902074], [-51.233232, -29.902066], [-51.233221, -29.90199], [-51.23315, -29.901997]]]}, "properties": {}},
{"type": "Feature", "geometry": {"type": "Polygon", "coordinates": [[[-51.232483, -29.904408], [-51.232488, -29.904463], [-51.232588, -29.904457], [-51.232584, -29.904402], [-51.232483, -29.904408]]]}, "properties": {}},
{"type": "Feature", "geometry": {"type": "Polygon", "coordinates": [[[-51.230176, -29.90075], [-51.23017, -29.900652], [-51.230169, -29.90064], [-51.230043, -29.900646], [-51.23005, -29.900761], [-51.230177, -29.900755], [-51.230176, -29.90075]]]}, "properties": {}},
{"type": "Feature", "geometry": {"type": "Polygon", "coordinates": [[[-51.233921, -29.901925], [-51.233926, -29.901985], [-51.234009, -29.90198], [-51.234004, -29.901919], [-51.233921, -29.901925]]]}, "properties": {}},
{"type": "Feature", "geometry": {"type": "Polygon", "coordinates": [[[-51.235853, -29.904242], [-51.235857, -29.904287], [-51.235861, -29.904331], [-51.23589, -29.904329], [-51.235883, -29.904211], [-51.235851, -29.904213], [-51.235853, -29.904242]]]}, "properties": {}},
{"type": "Feature", "geometry": {"type": "Polygon", "coordinates": [[[-51.238398, -29.90274], [-51.238395, -29.902697], [-51.238296, -29.902701], [-51.238301, -29.90279], [-51.2384, -29.902786], [-51.238398, -29.90274]]]}, "properties": {}},
{"type": "Feature", "geometry": {"type": "Polygon", "coordinates": [[[-51.235458, -29.903445], [-51.235443, -29.903446], [-51.235442, -29.903426], [-51.235428, -29.903426], [-51.235428, -29.903423], [-51.235399, -29.903424], [-51.235402, -29.903473], [-51.235459, -29.90347], [-51.235458, -29.903445]]]}, "properties": {}},
{"type": "Feature", "geometry": {"type": "Polygon", "coordinates": [[[-51.231628, -29.901466], [-51.231629, -29.901492], [-51.231658, -29.901491], [-51.231657, -29.901465], [-51.231628, -29.901466]]]}, "properties": {}},
{"type": "Feature", "geometry": {"type": "Polygon", "coordinates": [[[-51.232967, -29.901451], [-51.232991, -29.901451], [-51.232991, -29.901438], [-51.232998, -29.901438], [-51.232998, -29.901386], [-51.232967, -29.901386], [-51.232967, -29.901451]]]}, "properties": {}},
{"type": "Feature", "geometry": {"type": "Polygon", "coordinates": [[[-51.232893, -29.904473], [-51.2329, -29.904561], [-51.232963, -29.904557], [-51.232956, -29.90447], [-51.232893, -29.904473]]]}, "properties": {}},
{"type": "Feature", "geometry": {"type": "Polygon", "coordinates": [[[-51.237388, -29.899739], [-51.237387, -29.899717], [-51.237384, -29.899698], [-51.237359, -29.8997], [-51.237363, -29.899741], [-51.237388, -29.899739]]]}, "properties": {}},
{"type": "Feature", "geometry": {"type": "Polygon", "coordinates": [[[-51.237711, -29.903856], [-51.237713, -29.903882], [-51.237735, -29.90388], [-51.237733, -29.903855], [-51.237711, -29.903856]]]}, "properties": {}},
{"type": "Feature", "geometry": {"type": "Polygon", "coordinates": [[[-51.235789, -29.903191], [-51.235793, -29.903256], [-51.235759, -29.903257], [-51.235761, -29.903289], [-51.235861, -29.903283], [-51.235854, -29.903188], [-51.235789, -29.903191]]]}, "properties": {}},
{"type": "Feature", "geometry": {"type": "Polygon", "coordinates": [[[-51.231084, -29.899595], [-51.231028, -29.899598], [-51.231036, -29.899712], [-51.231093, -29.899708], [-51.231084, -29.899595]]]}, "properties": {}},
{"type": "Feature", "geometry": {"type": "Polygon", "coordinates": [[[-51.236498, -29.903151], [-51.236503, -29.903207], [-51.236505, -29.903232], [-51.236605, -29.903226], [-51.236599, -29.903145], [-51.236544, -29.903148], [-51.236498, -29.903151]]]}, "properties": {}},
{"type": "Feature", "geometry": {"type": "Polygon", "coordinates": [[[-51.235203, -29.900827], [-51.23521, -29.900929], [-51.235243, -29.900927], [-51.235236, -29.900825], [-51.235203, -29.900827]]]}, "properties": {}},
{"type": "Feature", "geometry": {"type": "Polygon", "coordinates": [[[-51.235337, -29.903215], [-51.235344, -29.903326], [-51.235376, -29.903324], [-51.235369, -29.903213], [-51.235337, -29.903215]]]}, "properties": {}},
{"type": "Feature", "geometry": {"type": "Polygon", "coordinates": [[[-51.229249, -29.904725], [-51.229314, -29.904722], [-51.229311, -29.904673], [-51.229246, -29.904676], [-51.229249, -29.904725]]]}, "properties": {}},
{"type": "Feature", "geometry": {"type": "Polygon", "coordinates": [[[-51.235969, -29.904704], [-51.23597, -29.904717], [-51.235912, -29.904721], [-51.235918, -29.904783], [-51.236003, -29.904777], [-51.235998, -29.904723], [-51.235983, -29.904724], [-51.235981, -29.904703], [-51.235969, -29.904704]]]}, "properties": {}},
{"type": "Feature", "geometry": {"type": "Polygon", "coordinates": [[[-51.233653, -29.900424], [-51.233545, -29.900436], [-51.233546, -29.900439], [-51.233549, -29.900468], [-51.23355, -29.900473], [-51.233658, -29.900461], [-51.233653, -29.900424]]]}, "properties": {}},
{"type": "Feature", "geometry": {"type": "Polygon", "coordinates": [[[-51.234343, -29.904294], [-51.234347, -29.904338], [-51.234405, -29.904334], [-51.234401, -29.90429], [-51.234343, -29.904294]]]}, "properties": {}},
{"type": "Feature", "geometry": {"type": "Polygon", "coordinates": [[[-51.233665, -29.904148], [-51.233669, -29.904208], [-51.233752, -29.904203], [-51.233748, -29.904144], [-51.233665, -29.904148]]]}, "properties": {}},
{"type": "Feature", "geometry": {"type": "Polygon", "coordinates": [[[-51.239753, -29.90355], [-51.239745, -29.903508], [-51.239725, -29.90351], [-51.239727, -29.903522], [-51.239697, -29.903525], [-51.239701, -29.903555], [-51.239753, -29.90355]]]}, "properties": {}},
{"type": "Feature", "geometry": {"type": "Polygon", "coordinates": [[[-51.232602, -29.899953], [-51.232603, -29.899998], [-51.232651, -29.899997], [-51.232649, -29.899952], [-51.232602, -29.899953]]]}, "properties": {}},
{"type": "Feature", "geometry": {"type": "Polygon", "coordinates": [[[-51.234922, -29.902123], [-51.234912, -29.902049], [-51.234839, -29.902056], [-51.234848, -29.90213], [-51.234922, -29.902123]]]}, "properties": {}},
{"type": "Feature", "geometry": {"type": "Polygon", "coordinates": [[[-51.238932, -29.903305], [-51.238907, -29.903307], [-51.238915, -29.903389], [-51.238969, -29.903385], [-51.238964, -29.903326], [-51.238934, -29.903329], [-51.238932, -29.903305]]]}, "properties": {}},
{"type": "Feature", "geometry": {"type": "Polygon", "coordinates": [[[-51.238233, -29.903755], [-51.238238, -29.903804], [-51.238266, -29.903801], [-51.238261, -29.903753], [-51.238233, -29.903755]]]}, "properties": {}},
{"type": "Feature", "geometry": {"type": "Polygon", "coordinates": [[[-51.233509, -29.901518], [-51.233572, -29.901514], [-51.23357, -29.90149], [-51.233507, -29.901495], [-51.233509, -29.901518]]]}, "properties": {}},
{"type": "Feature", "geometry": {"type": "Polygon", "coordinates": [[[-51.232423, -29.901264], [-51.232429, -29.90133], [-51.232504, -29.901326], [-51.232499, -29.901259], [-51.232423, -29.901264]]]}, "properties": {}},
{"type": "Feature", "geometry": {"type": "Polygon", "coordinates": [[[-51.231015, -29.900084], [-51.230917, -29.90009], [-51.230919, -29.900107], [-51.230928, -29.900107], [-51.230931, -29.900141], [-51.230949, -29.90014], [-51.230952, -29.900177], [-51.231023, -29.900173], [-51.231015, -29.900084]]]}, "properties": {}},
{"type": "Feature", "geometry": {"type": "Polygon", "coordinates": [[[-51.234929, -29.900813], [-51.234923, -29.90075], [-51.234841, -29.900755], [-51.234846, -29.900819], [-51.234929, -29.900813]]]}, "properties": {}},
{"type": "Feature", "geometry": {"type": "Polygon", "coordinates": [[[-51.231389, -29.89938], [-51.231392, -29.899455], [-51.231432, -29.899454], [-51.231432, -29.899449], [-51.231507, -29.899447], [-51.231505, -29.899377], [-51.231389, -29.89938]]]}, "properties": {}},
{"type": "Feature", "geometry": {"type": "Polygon", "coordinates": [[[-51.234962, -29.904789], [-51.235024, -29.904787], [-51.23502, -29.904727], [-51.234984, -29.904729], [-51.234983, -29.904717], [-51.234964, -29.904718], [-51.234963, -29.904706], [-51.234896, -29.904709], [-51.2349, -29.904792], [-51.234962, -29.904789]]]}, "properties": {}},
{"type": "Feature", "geometry": {"type": "Polygon", "coordinates": [[[-51.230357, -29.899794], [-51.230407, -29.899793], [-51.230403, -29.899693], [-51.230356, -29.899694], [-51.230357, -29.899794]]]}, "properties": {}},
{"type": "Feature", "geometry": {"type": "Polygon", "coordinates": [[[-51.232561, -29.901266], [-51.232565, -29.901311], [-51.232627, -29.901307], [-51.232622, -29.901241], [-51.232561, -29.901245], [-51.232559, -29.901227], [-51.232544, -29.901228], [-51.232547, -29.901267], [-51.232561, -29.901266]]]}, "properties": {}},
{"type": "Feature", "geometry": {"type": "Polygon", "coordinates": [[[-51.236035, -29.899959], [-51.236045, -29.900039], [-51.236128, -29.900032], [-51.236118, -29.899951], [-51.236035, -29.899959]]]}, "properties": {}},
{"type": "Feature", "geometry": {"type": "Polygon", "coordinates": [[[-51.23452, -29.899395], [-51.234606, -29.899388], [-51.234602, -29.899359], [-51.234626, -29.899357], [-51.234623, -29.899329], [-51.234514, -29.899338], [-51.23452, -29.899395]]]}, "properties": {}},
{"type": "Feature", "geometry": {"type": "Polygon", "coordinates": [[[-51.235493, -29.9034], [-51.235495, -29.903425], [-51.235521, -29.903423], [-51.235519, -29.903398], [-51.235493, -29.9034]]]}, "properties": {}},
{"type": "Feature", "geometry": {"type": "Polygon", "coordinates": [[[-51.237288, -29.900951], [-51.237281, -29.900851], [-51.237187, -29.900856], [-51.237194, -29.900957], [-51.237288, -29.900951]]]}, "properties": {}},
{"type": "Feature", "geometry": {"type": "Polygon", "coordinates": [[[-51.236402, -29.901462], [-51.236316, -29.901465], [-51.236319, -29.901531], [-51.236405, -29.901529], [-51.236402, -29.901462]]]}, "properties": {}},
{"type": "Feature", "geometry": {"type": "Polygon", "coordinates": [[[-51.233737, -29.90069], [-51.233748, -29.900791], [-51.233809, -29.900786], [-51.233798, -29.900685], [-51.233737, -29.90069]]]}, "properties": {}},
{"type": "Feature", "geometry": {"type": "Polygon", "coordinates": [[[-51.238525, -29.903301], [-51.238473, -29.903304], [-51.238471, -29.903275], [-51.238443, -29.903276], [-51.238445, -29.903316], [-51.238455, -29.903315], [-51.238457, -29.903337], [-51.238465, -29.903336], [-51.23847, -29.90341], [-51.238534, -29.903407], [-51.23853, -29.903367], [-51.238525, -29.903301]]]}, "properties": {}},
{"type": "Feature", "geometry": {"type": "Polygon", "coordinates": [[[-51.235696, -29.900793], [-51.235704, -29.900856], [-51.235748, -29.900851], [-51.235746, -29.900837], [-51.235789, -29.900832], [-51.235782, -29.900784], [-51.235696, -29.900793]]]}, "properties": {}},
{"type": "Feature", "geometry": {"type": "Polygon", "coordinates": [[[-51.236415, -29.899876], [-51.236369, -29.899879], [-51.236373, -29.899928], [-51.236468, -29.899922], [-51.236463, -29.899857], [-51.236446, -29.899858], [-51.236446, -29.899854], [-51.236414, -29.899856], [-51.236415, -29.899876]]]}, "properties": {}},
{"type": "Feature", "geometry": {"type": "Polygon", "coordinates": [[[-51.235227, -29.902673], [-51.235237, -29.902672], [-51.235239, -29.902704], [-51.235311, -29.9027], [-51.235308, -29.902666], [-51.235286, -29.902667], [-51.235284, -29.902644], [-51.235225, -29.902647], [-51.235227, -29.902673]]]}, "properties": {"info": {"is_agg": true, "properties_agg": [{"feature_id": 168495}], "geom_cmp_equals": [false], "geom_cmp_intersec": [0.0027427546213622217]}}},
{"type": "Feature", "geometry": {"type": "Polygon", "coordinates": [[[-51.230669, -29.902214], [-51.23067, -29.902237], [-51.230702, -29.902236], [-51.230701, -29.902214], [-51.230699, -29.90219], [-51.230668, -29.902192], [-51.230669, -29.902214]]]}, "properties": {}},
{"type": "Feature", "geometry": {"type": "Polygon", "coordinates": [[[-51.23504, -29.90098], [-51.235039, -29.900975], [-51.235055, -29.900975], [-51.235054, -29.900959], [-51.235038, -29.90096], [-51.235037, -29.900929], [-51.235032, -29.900929], [-51.235031, -29.900907], [-51.23498, -29.900909], [-51.234981, -29.900932], [-51.234976, -29.900932], [-51.234979, -29.900982], [-51.23504, -29.90098]]]}, "properties": {}},
{"type": "Feature", "geometry": {"type": "Polygon", "coordinates": [[[-51.235924, -29.901489], [-51.235928, -29.901517], [-51.235973, -29.901511], [-51.235975, -29.901528], [-51.235996, -29.901526], [-51.23599, -29.901481], [-51.235924, -29.901489]]]}, "properties": {}},
{"type": "Feature", "geometry": {"type": "Polygon", "coordinates": [[[-51.233213, -29.90338], [-51.233166, -29.903383], [-51.233169, -29.903428], [-51.233175, -29.90343], [-51.233191, -29.903436], [-51.233218, -29.903434], [-51.233213, -29.90338]]]}, "properties": {}},
{"type": "Feature", "geometry": {"type": "Polygon", "coordinates": [[[-51.229435, -29.904046], [-51.229409, -29.904048], [-51.229413, -29.904083], [-51.229439, -29.90408], [-51.229435, -29.904046]]]}, "properties": {}},
{"type": "Feature", "geometry": {"type": "Polygon", "coordinates": [[[-51.232025, -29.903581], [-51.23203, -29.903645], [-51.232148, -29.903639], [-51.232143, -29.903575], [-51.232025, -29.903581]]]}, "properties": {}},
{"type": "Feature", "geometry": {"type": "Polygon", "coordinates": [[[-51.232293, -29.899357], [-51.232294, -29.899368], [-51.232242, -29.899372], [-51.232245, -29.89941], [-51.232298, -29.899406], [-51.232329, -29.899404], [-51.232324, -29.899354], [-51.232293, -29.899357]]]}, "properties": {}},
{"type": "Feature", "geometry": {"type": "Polygon", "coordinates": [[[-51.235805, -29.904321], [-51.235808, -29.904357], [-51.23586, -29.904354], [-51.235857, -29.904318], [-51.235805, -29.904321]]]}, "properties": {}},
{"type": "Feature", "geometry": {"type": "Polygon", "coordinates": [[[-51.235847, -29.901378], [-51.235848, -29.901391], [-51.235838, -29.901392], [-51.235841, -29.901442], [-51.235871, -29.901441], [-51.235868, -29.901377], [-51.235847, -29.901378]]]}, "properties": {}},
{"type": "Feature", "geometry": {"type": "Polygon", "coordinates": [[[-51.236489, -29.901459], [-51.236526, -29.901457], [-51.236524, -29.901427], [-51.236487, -29.901429], [-51.236489, -29.901459]]]}, "properties": {}},
{"type": "Feature", "geometry": {"type": "Polygon", "coordinates": [[[-51.238434, -29.903252], [-51.238529, -29.903246], [-51.238531, -29.903262], [-51.238562, -29.903261], [-51.238558, -29.903215], [-51.238431, -29.903223], [-51.238434, -29.903252]]]}, "properties": {}},
{"type": "Feature", "geometry": {"type": "Polygon", "coordinates": [[[-51.233506, -29.899345], [-51.233559, -29.899343], [-51.233556, -29.899297], [-51.233504, -29.899299], [-51.233506, -29.899345]]]}, "properties": {}},
{"type": "Feature", "geometry": {"type": "Polygon", "coordinates": [[[-51.233465, -29.904895], [-51.233457, -29.904794], [-51.233466, -29.904794], [-51.233461, -29.904735], [-51.233451, -29.904736], [-51.233445, -29.904661], [-51.233432, -29.904662], [-51.23343, -29.904631], [-51.233366, -29.904635], [-51.233387, -29.9049], [-51.233465, -29.904895]]]}, "properties": {}},
{"type": "Feature", "geometry": {"type": "Polygon", "coordinates": [[[-51.231798, -29.900785], [-51.2318, -29.900826], [-51.231905, -29.90082], [-51.231903, -29.90078], [-51.231798, -29.900785]]]}, "properties": {}},
{"type": "Feature", "geometry": {"type": "Polygon", "coordinates": [[[-51.238918, -29.903041], [-51.23903, -29.903031], [-51.239025, -29.902978], [-51.238998, -29.90298], [-51.238996, -29.902967], [-51.238972, -29.902969], [-51.238972, -29.902966], [-51.238911, -29.902971], [-51.238918, -29.903041]]]}, "properties": {}},
{"type": "Feature", "geometry": {"type": "Polygon", "coordinates": [[[-51.238107, -29.90402], [-51.2381, -29.903941], [-51.238082, -29.903942], [-51.23808, -29.903927], [-51.238042, -29.90393], [-51.238039, -29.903903], [-51.238002, -29.903905], [-51.238009, -29.903983], [-51.238013, -29.904027], [-51.238045, -29.904025], [-51.238107, -29.90402]]]}, "properties": {}},
{"type": "Feature", "geometry": {"type": "Polygon", "coordinates": [[[-51.238543, -29.90423], [-51.238586, -29.904228], [-51.238582, -29.904182], [-51.238568, -29.904183], [-51.23854, -29.904184], [-51.238543, -29.90423]]]}, "properties": {}},
{"type": "Feature", "geometry": {"type": "Polygon", "coordinates": [[[-51.236621, -29.900243], [-51.236615, -29.900209], [-51.236543, -29.900217], [-51.23655, -29.900253], [-51.236621, -29.900243]]]}, "properties": {}},
{"type": "Feature", "geometry": {"type": "Polygon", "coordinates": [[[-51.236482, -29.899314], [-51.236519, -29.899312], [-51.236517, -29.899282], [-51.23648, -29.899283], [-51.236482, -29.899314]]]}, "properties": {}},
{"type": "Feature", "geometry": {"type": "Polygon", "coordinates": [[[-51.234784, -29.899365], [-51.23478, -29.899346], [-51.234749, -29.899351], [-51.234753, -29.89937], [-51.234784, -29.899365]]]}, "properties": {}},
{"type": "Feature", "geometry": {"type": "Polygon", "coordinates": [[[-51.23655, -29.900253], [-51.236566, -29.900343], [-51.236605, -29.900337], [-51.236588, -29.900248], [-51.23655, -29.900253]]]}, "properties": {}},
{"type": "Feature", "geometry": {"type": "Polygon", "coordinates": [[[-51.238638, -29.899457], [-51.23863, -29.899411], [-51.238603, -29.899415], [-51.238612, -29.89946], [-51.238638, -29.899457]]]}, "properties": {}},
{"type": "Feature", "geometry": {"type": "Polygon", "coordinates": [[[-51.234897, -29.902882], [-51.234873, -29.902884], [-51.234865, -29.902884], [-51.234867, -29.902928], [-51.234883, -29.902927], [-51.234908, -29.902926], [-51.234918, -29.902926], [-51.234916, -29.902881], [-51.234897, -29.902882]]]}, "properties": {}},
{"type": "Feature", "geometry": {"type": "Polygon", "coordinates": [[[-51.234962, -29.899775], [-51.234957, -29.899775], [-51.234958, -29.899857], [-51.235033, -29.899856], [-51.235031, -29.899774], [-51.235008, -29.899775], [-51.235008, -29.899749], [-51.234989, -29.899749], [-51.234989, -29.899736], [-51.234962, -29.899737], [-51.234962, -29.899775]]]}, "properties": {}},
{"type": "Feature", "geometry": {"type": "Polygon", "coordinates": [[[-51.234074, -29.904054], [-51.234076, -29.904085], [-51.234111, -29.904083], [-51.234109, -29.904052], [-51.234074, -29.904054]]]}, "properties": {}},
{"type": "Feature", "geometry": {"type": "Polygon", "coordinates": [[[-51.236319, -29.903289], [-51.236323, -29.903345], [-51.236355, -29.903343], [-51.236351, -29.903287], [-51.236319, -29.903289]]]}, "properties": {"info": {"is_agg": true, "properties_agg": [{"feature_id": 173840}], "geom_cmp_equals": [false], "geom_cmp_intersec": [0]}}},
{"type": "Feature", "geometry": {"type": "Polygon", "coordinates": [[[-51.237011, -29.899545], [-51.237016, -29.899589], [-51.237023, -29.899589], [-51.237127, -29.899576], [-51.23712, -29.899532], [-51.237011, -29.899545]]]}, "properties": {}},
{"type": "Feature", "geometry": {"type": "Polygon", "coordinates": [[[-51.237933, -29.904351], [-51.237934, -29.904376], [-51.237976, -29.904374], [-51.237977, -29.904391], [-51.23801, -29.904389], [-51.238009, -29.904372], [-51.237997, -29.904373], [-51.237992, -29.904275], [-51.237928, -29.904277], [-51.237931, -29.904326], [-51.237933, -29.904351]]]}, "properties": {}},
{"type": "Feature", "geometry": {"type": "Polygon", "coordinates": [[[-51.234748, -29.90229], [-51.234792, -29.902287], [-51.234794, -29.90231], [-51.234812, -29.902309], [-51.23481, -29.902286], [-51.234805, -29.902226], [-51.234742, -29.902229], [-51.234748, -29.90229]]]}, "properties": {}},
{"type": "Feature", "geometry": {"type": "Polygon", "coordinates": [[[-51.234101, -29.900673], [-51.234105, -29.900713], [-51.234077, -29.900716], [-51.23408, -29.90074], [-51.234158, -29.900734], [-51.234151, -29.900669], [-51.234101, -29.900673]]]}, "properties": {}},
{"type": "Feature", "geometry": {"type": "Polygon", "coordinates": [[[-51.233167, -29.901775], [-51.233168, -29.901796], [-51.233244, -29.901793], [-51.233243, -29.901773], [-51.233167, -29.901775]]]}, "properties": {}},
{"type": "Feature", "geometry": {"type": "Polygon", "coordinates": [[[-51.238786, -29.903985], [-51.238866, -29.90398], [-51.238861, -29.903923], [-51.238781, -29.903928], [-51.238786, -29.903985]]]}, "properties": {}},
{"type": "Feature", "geometry": {"type": "Polygon", "coordinates": [[[-51.23089, -29.904187], [-51.230797, -29.904191], [-51.230798, -29.904216], [-51.23083, -29.904215], [-51.230832, -29.904237], [-51.23085, -29.904236], [-51.23085, -29.904249], [-51.230893, -29.904247], [-51.23089, -29.904187]]]}, "properties": {}},
{"type": "Feature", "geometry": {"type": "Polygon", "coordinates": [[[-51.238797, -29.900357], [-51.23879, -29.900328], [-51.238811, -29.900325], [-51.238804, -29.900297], [-51.238783, -29.9003], [-51.238703, -29.900315], [-51.238717, -29.900372], [-51.238797, -29.900357]]]}, "properties": {}},
{"type": "Feature", "geometry": {"type": "Polygon", "coordinates": [[[-51.235016, -29.901512], [-51.235013, -29.901484], [-51.234947, -29.901489], [-51.23495, -29.901517], [-51.235016, -29.901512]]]}, "properties": {}},
{"type": "Feature", "geometry": {"type": "Polygon", "coordinates": [[[-51.237824, -29.90425], [-51.237826, -29.904285], [-51.237829, -29.904328], [-51.237895, -29.904324], [-51.23789, -29.90426], [-51.237861, -29.904261], [-51.23786, -29.904248], [-51.237824, -29.90425]]]}, "properties": {}},
{"type": "Feature", "geometry": {"type": "Polygon", "coordinates": [[[-51.234144, -29.899763], [-51.234147, -29.899824], [-51.23415, -29.899859], [-51.234152, -29.899909], [-51.234184, -29.899908], [-51.234173, -29.899761], [-51.234144, -29.899763]]]}, "properties": {}},
{"type": "Feature", "geometry": {"type": "Polygon", "coordinates": [[[-51.234774, -29.900579], [-51.234776, -29.900615], [-51.234819, -29.900612], [-51.234817, -29.900578], [-51.234774, -29.900579]]]}, "properties": {}},
{"type": "Feature", "geometry": {"type": "Polygon", "coordinates": [[[-51.229551, -29.901731], [-51.229545, -29.901652], [-51.229446, -29.901658], [-51.229452, -29.901737], [-51.229551, -29.901731]]]}, "properties": {}},
{"type": "Feature", "geometry": {"type": "Polygon", "coordinates": [[[-51.236352, -29.900666], [-51.236356, -29.900687], [-51.236417, -29.900677], [-51.236413, -29.900656], [-51.236352, -29.900666]]]}, "properties": {}},
{"type": "Feature", "geometry": {"type": "Polygon", "coordinates": [[[-51.235064, -29.903311], [-51.235066, -29.903328], [-51.235074, -29.903397], [-51.235139, -29.903392], [-51.23513, -29.903306], [-51.235064, -29.903311]]]}, "properties": {}},
{"type": "Feature", "geometry": {"type": "Polygon", "coordinates": [[[-51.234598, -29.904693], [-51.234593, -29.90462], [-51.2345, -29.904625], [-51.234504, -29.904684], [-51.234525, -29.904683], [-51.234526, -29.904697], [-51.234598, -29.904693]]]}, "properties": {}},
{"type": "Feature", "geometry": {"type": "Polygon", "coordinates": [[[-51.233865, -29.904108], [-51.233862, -29.904065], [-51.233802, -29.904069], [-51.233803, -29.904081], [-51.233836, -29.90408], [-51.233839, -29.904109], [-51.233865, -29.904108]]]}, "properties": {}},
{"type": "Feature", "geometry": {"type": "Polygon", "coordinates": [[[-51.233525, -29.899571], [-51.233527, -29.899625], [-51.233598, -29.899622], [-51.233595, -29.899568], [-51.233525, -29.899571]]]}, "properties": {}},
{"type": "Feature", "geometry": {"type": "Polygon", "coordinates": [[[-51.238613, -29.903626], [-51.238617, -29.903719], [-51.238674, -29.903717], [-51.23867, -29.903625], [-51.238613, -29.903626]]]}, "properties": {}},
{"type": "Feature", "geometry": {"type": "Polygon", "coordinates": [[[-51.235939, -29.902769], [-51.235908, -29.902771], [-51.235864, -29.902774], [-51.235865, -29.902788], [-51.235884, -29.902787], [-51.235885, -29.902798], [-51.235972, -29.902793], [-51.235971, -29.902767], [-51.235939, -29.902769]]]}, "properties": {}},
{"type": "Feature", "geometry": {"type": "Polygon", "coordinates": [[[-51.23139, -29.900173], [-51.231394, -29.900213], [-51.231352, -29.900216], [-51.231357, -29.90027], [-51.231353, -29.90027], [-51.231356, -29.9003], [-51.231437, -29.900293], [-51.231424, -29.90017], [-51.23139, -29.900173]]]}, "properties": {}},
{"type": "Feature", "geometry": {"type": "Polygon", "coordinates": [[[-51.23053, -29.900142], [-51.230632, -29.900138], [-51.23063, -29.900102], [-51.230528, -29.900106], [-51.23053, -29.900142]]]}, "properties": {}},
{"type": "Feature", "geometry": {"type": "Polygon", "coordinates": [[[-51.234217, -29.902747], [-51.234213, -29.902693], [-51.234155, -29.902696], [-51.234163, -29.902799], [-51.234145, -29.9028], [-51.234148, -29.902827], [-51.234262, -29.902821], [-51.234257, -29.902745], [-51.234217, -29.902747]]]}, "properties": {}},
{"type": "Feature", "geometry": {"type": "Polygon", "coordinates": [[[-51.232822, -29.902917], [-51.232821, -29.902891], [-51.232823, -29.902891], [-51.232821, -29.902864], [-51.232832, -29.902863], [-51.232831, -29.902855], [-51.23286, -29.902854], [-51.232859, -29.902843], [-51.23283, -29.902845], [-51.23283, -29.902838], [-51.232859, -29.902837], [-51.232855, -29.90278], [-51.232793, -29.902783], [-51.232795, -29.902822], [-51.232769, -29.902823], [-51.232776, -29.90292], [-51.232822, -29.902917]]]}, "properties": {}},
{"type": "Feature", "geometry": {"type": "Polygon", "coordinates": [[[-51.236241, -29.902794], [-51.236193, -29.902797], [-51.236195, -29.902833], [-51.236226, -29.902831], [-51.236229, -29.902874], [-51.236247, -29.902873], [-51.236241, -29.902794]]]}, "properties": {}},
{"type": "Feature", "geometry": {"type": "Polygon", "coordinates": [[[-51.23769, -29.904458], [-51.237718, -29.904457], [-51.23775, -29.904456], [-51.237781, -29.904455], [-51.237778, -29.904398], [-51.237774, -29.904343], [-51.237682, -29.904347], [-51.237683, -29.904354], [-51.237648, -29.904355], [-51.237654, -29.90446], [-51.23769, -29.904458]]]}, "properties": {}},
{"type": "Feature", "geometry": {"type": "Polygon", "coordinates": [[[-51.236838, -29.904322], [-51.236845, -29.904445], [-51.236914, -29.904442], [-51.236907, -29.904319], [-51.236838, -29.904322]]]}, "properties": {}},
{"type": "Feature", "geometry": {"type": "Polygon", "coordinates": [[[-51.237365, -29.901378], [-51.237381, -29.901499], [-51.23741, -29.901497], [-51.237444, -29.901496], [-51.237427, -29.901372], [-51.237365, -29.901378]]]}, "properties": {}},
{"type": "Feature", "geometry": {"type": "Polygon", "coordinates": [[[-51.233224, -29.903911], [-51.233225, -29.903927], [-51.233247, -29.903926], [-51.233251, -29.903968], [-51.233272, -29.903967], [-51.233273, -29.903977], [-51.233391, -29.903969], [-51.233385, -29.9039], [-51.233224, -29.903911]]]}, "properties": {}},
{"type": "Feature", "geometry": {"type": "Polygon", "coordinates": [[[-51.23272, -29.904035], [-51.232616, -29.904041], [-51.232619, -29.904089], [-51.232598, -29.904091], [-51.2326, -29.904114], [-51.232621, -29.904113], [-51.232622, -29.904128], [-51.232727, -29.904123], [-51.23272, -29.904035]]]}, "properties": {}},
{"type": "Feature", "geometry": {"type": "Polygon", "coordinates": [[[-51.230534, -29.899494], [-51.230493, -29.899496], [-51.230495, -29.899536], [-51.230477, -29.899537], [-51.230479, -29.899574], [-51.230494, -29.899573], [-51.230495, -29.899584], [-51.230534, -29.899583], [-51.230628, -29.899579], [-51.230624, -29.899491], [-51.230534, -29.899494]]]}, "properties": {}},
{"type": "Feature", "geometry": {"type": "Polygon", "coordinates": [[[-51.233023, -29.901653], [-51.233076, -29.901647], [-51.233072, -29.901622], [-51.23302, -29.901628], [-51.233023, -29.901653]]]}, "properties": {}},
{"type": "Feature", "geometry": {"type": "Polygon", "coordinates": [[[-51.235058, -29.899753], [-51.235061, -29.899806], [-51.235153, -29.899802], [-51.23515, -29.899749], [-51.235058, -29.899753]]]}, "properties": {}},
{"type": "Feature", "geometry": {"type": "Polygon", "coordinates": [[[-51.235344, -29.904463], [-51.235331, -29.904431], [-51.235329, -29.904422], [-51.235317, -29.904375], [-51.235305, -29.904377], [-51.235313, -29.904446], [-51.235273, -29.904449], [-51.235278, -29.904497], [-51.235356, -29.904491], [-51.235344, -29.904463]]]}, "properties": {}},
{"type": "Feature", "geometry": {"type": "Polygon", "coordinates": [[[-51.234769, -29.901222], [-51.234773, -29.901266], [-51.234814, -29.901264], [-51.23481, -29.90122], [-51.234769, -29.901222]]]}, "properties": {}},
{"type": "Feature", "geometry": {"type": "Polygon", "coordinates": [[[-51.235025, -29.899427], [-51.235031, -29.899489], [-51.235079, -29.899486], [-51.235074, -29.899423], [-51.235025, -29.899427]]]}, "properties": {}},
{"type": "Feature", "geometry": {"type": "Polygon", "coordinates": [[[-51.236422, -29.902121], [-51.236493, -29.902118], [-51.23649, -29.902069], [-51.23642, -29.902071], [-51.236422, -29.902121]]]}, "properties": {}},
{"type": "Feature", "geometry": {"type": "Polygon", "coordinates": [[[-51.232525, -29.90009], [-51.23246, -29.900092], [-51.232462, -29.900164], [-51.232527, -29.900162], [-51.232525, -29.90009]]]}, "properties": {}},
{"type": "Feature", "geometry": {"type": "Polygon", "coordinates": [[[-51.232471, -29.899454], [-51.232527, -29.89945], [-51.232525, -29.89943], [-51.232469, -29.899435], [-51.232471, -29.899454]]]}, "properties": {}},
{"type": "Feature", "geometry": {"type": "Polygon", "coordinates": [[[-51.234025, -29.902343], [-51.234016, -29.902305], [-51.234027, -29.902303], [-51.234025, -29.902293], [-51.233983, -29.902301], [-51.233976, -29.902271], [-51.233959, -29.902275], [-51.233956, -29.902263], [-51.233926, -29.902269], [-51.233947, -29.902357], [-51.234025, -29.902343]]]}, "properties": {}},
{"type": "Feature", "geometry": {"type": "Polygon", "coordinates": [[[-51.23441, -29.90345], [-51.23441, -29.903439], [-51.234296, -29.903445], [-51.234298, -29.903481], [-51.234339, -29.903479], [-51.23434, -29.903506], [-51.234303, -29.903508], [-51.234305, -29.903539], [-51.234394, -29.903534], [-51.234393, -29.903513], [-51.234477, -29.903509], [-51.234472, -29.903447], [-51.23441, -29.90345]]]}, "properties": {}},
{"type": "Feature", "geometry": {"type": "Polygon", "coordinates": [[[-51.233804, -29.900979], [-51.233722, -29.900988], [-51.233708, -29.900989], [-51.233714, -29.901035], [-51.233749, -29.901031], [-51.233754, -29.901075], [-51.233816, -29.901069], [-51.233804, -29.900979]]]}, "properties": {}},
{"type": "Feature", "geometry": {"type": "Polygon", "coordinates": [[[-51.238344, -29.901478], [-51.238345, -29.901501], [-51.238309, -29.901502], [-51.238312, -29.901582], [-51.238376, -29.90158], [-51.238373, -29.9015], [-51.238367, -29.9015], [-51.238366, -29.901477], [-51.238344, -29.901478]]]}, "properties": {}},
{"type": "Feature", "geometry": {"type": "Polygon", "coordinates": [[[-51.234345, -29.901514], [-51.234442, -29.901501], [-51.234427, -29.901416], [-51.234341, -29.901422], [-51.234345, -29.901514]]]}, "properties": {}},
{"type": "Feature", "geometry": {"type": "Polygon", "coordinates": [[[-51.238482, -29.900684], [-51.23846, -29.900687], [-51.238468, -29.900741], [-51.23849, -29.900738], [-51.238482, -29.900684]]]}, "properties": {}},
{"type": "Feature", "geometry": {"type": "Polygon", "coordinates": [[[-51.235731, -29.900939], [-51.23573, -29.900933], [-51.235779, -29.900928], [-51.235775, -29.900898], [-51.23574, -29.900901], [-51.235738, -29.900884], [-51.235706, -29.900887], [-51.235709, -29.900913], [-51.235699, -29.900914], [-51.235703, -29.900942], [-51.235731, -29.900939]]]}, "properties": {}},
{"type": "Feature", "geometry": {"type": "Polygon", "coordinates": [[[-51.233661, -29.900841], [-51.23359, -29.900845], [-51.233591, -29.900863], [-51.233598, -29.900863], [-51.2336, -29.900892], [-51.233665, -29.900888], [-51.233661, -29.900841]]]}, "properties": {}},
{"type": "Feature", "geometry": {"type": "Polygon", "coordinates": [[[-51.235595, -29.899492], [-51.235613, -29.89949], [-51.235616, -29.899511], [-51.235639, -29.899508], [-51.235635, -29.899474], [-51.235593, -29.899479], [-51.235595, -29.899492]]]}, "properties": {}},
{"type": "Feature", "geometry": {"type": "Polygon", "coordinates": [[[-51.232394, -29.899413], [-51.232397, -29.899443], [-51.2324, -29.899467], [-51.232431, -29.899464], [-51.232428, -29.899441], [-51.232454, -29.899438], [-51.232451, -29.899408], [-51.232394, -29.899413]]]}, "properties": {"info": {"is_agg": true, "properties_agg": [{"feature_id": 174869}], "geom_cmp_equals": [false], "geom_cmp_intersec": [0]}}},
{"type": "Feature", "geometry": {"type": "Polygon", "coordinates": [[[-51.231837, -29.901855], [-51.231841, -29.901914], [-51.231932, -29.90191], [-51.231928, -29.90185], [-51.231837, -29.901855]]]}, "properties": {}},
{"type": "Feature", "geometry": {"type": "Polygon", "coordinates": [[[-51.23681, -29.900822], [-51.23681, -29.900823], [-51.236933, -29.90081], [-51.23693, -29.900792], [-51.236808, -29.900805], [-51.23681, -29.900822]]]}, "properties": {}},
{"type": "Feature", "geometry": {"type": "Polygon", "coordinates": [[[-51.232643, -29.904127], [-51.232646, -29.904169], [-51.232741, -29.904164], [-51.232738, -29.904122], [-51.232643, -29.904127]]]}, "properties": {}},
{"type": "Feature", "geometry": {"type": "Polygon", "coordinates": [[[-51.238903, -29.90263], [-51.238831, -29.902635], [-51.238838, -29.902707], [-51.23891, -29.902702], [-51.238903, -29.90263]]]}, "properties": {}},
{"type": "Feature", "geometry": {"type": "Polygon", "coordinates": [[[-51.234216, -29.90312], [-51.234217, -29.903144], [-51.234247, -29.903143], [-51.234245, -29.903118], [-51.234216, -29.90312]]]}, "properties": {}},
{"type": "Feature", "geometry": {"type": "Polygon", "coordinates": [[[-51.235648, -29.901526], [-51.23569, -29.901526], [-51.23569, -29.901535], [-51.235707, -29.901535], [-51.235707, -29.901487], [-51.235648, -29.901487], [-51.235648, -29.901526]]]}, "properties": {}},
{"type": "Feature", "geometry": {"type": "Polygon", "coordinates": [[[-51.237373, -29.903285], [-51.237382, -29.903397], [-51.237479, -29.903392], [-51.237471, -29.903302], [-51.237546, -29.903297], [-51.237569, -29.903296], [-51.237567, -29.903271], [-51.237373, -29.903285]]]}, "properties": {}},
{"type": "Feature", "geometry": {"type": "Polygon", "coordinates": [[[-51.238626, -29.902443], [-51.238674, -29.90244], [-51.238673, -29.902435], [-51.238686, -29.902435], [-51.238684, -29.902405], [-51.238683, -29.902385], [-51.238621, -29.902388], [-51.238626, -29.902443]]]}, "properties": {}},
{"type": "Feature", "geometry": {"type": "Polygon", "coordinates": [[[-51.233556, -29.902409], [-51.233572, -29.902487], [-51.23366, -29.902473], [-51.233629, -29.902324], [-51.233533, -29.902337], [-51.233546, -29.90241], [-51.233556, -29.902409]]]}, "properties": {}},
{"type": "Feature", "geometry": {"type": "Polygon", "coordinates": [[[-51.229525, -29.899282], [-51.229528, -29.899331], [-51.229631, -29.899326], [-51.229628, -29.899277], [-51.229525, -29.899282]]]}, "properties": {}},
{"type": "Feature", "geometry": {"type": "Polygon", "coordinates": [[[-51.235588, -29.904407], [-51.23553, -29.904422], [-51.235558, -29.904502], [-51.235567, -29.904527], [-51.235622, -29.904514], [-51.235588, -29.904407]]]}, "properties": {}},
{"type": "Feature", "geometry": {"type": "Polygon", "coordinates": [[[-51.238881, -29.900864], [-51.23887, -29.900812], [-51.238767, -29.900828], [-51.238779, -29.900881], [-51.238881, -29.900864]]]}, "properties": {}},
{"type": "Feature", "geometry": {"type": "Polygon", "coordinates": [[[-51.236649, -29.903498], [-51.236639, -29.903386], [-51.236588, -29.903389], [-51.236589, -29.903397], [-51.236578, -29.903398], [-51.236587, -29.903503], [-51.236649, -29.903498]]]}, "properties": {}},
{"type": "Feature", "geometry": {"type": "Polygon", "coordinates": [[[-51.234076, -29.902771], [-51.234079, -29.902807], [-51.234059, -29.902808], [-51.23406, -29.90282], [-51.234137, -29.902815], [-51.234133, -29.902767], [-51.234076, -29.902771]]]}, "properties": {}},
{"type": "Feature", "geometry": {"type": "Polygon", "coordinates": [[[-51.23127, -29.902311], [-51.231262, -29.902222], [-51.23114, -29.90223], [-51.231147, -29.902319], [-51.23127, -29.902311]]]}, "properties": {}},
{"type": "Feature", "geometry": {"type": "Polygon", "coordinates": [[[-51.233668, -29.902512], [-51.233745, -29.9025], [-51.233734, -29.902445], [-51.233747, -29.902443], [-51.233732, -29.902371], [-51.233665, -29.902381], [-51.23368, -29.902449], [-51.233656, -29.902453], [-51.233668, -29.902512]]]}, "properties": {}},
{"type": "Feature", "geometry": {"type": "Polygon", "coordinates": [[[-51.233495, -29.899354], [-51.233497, -29.899404], [-51.233569, -29.899402], [-51.233567, -29.899351], [-51.233495, -29.899354]]]}, "properties": {}},
{"type": "Feature", "geometry": {"type": "Polygon", "coordinates": [[[-51.235655, -29.901789], [-51.235655, -29.901787], [-51.235603, -29.901791], [-51.235605, -29.901821], [-51.23566, -29.901817], [-51.235655, -29.901789]]]}, "properties": {}},
{"type": "Feature", "geometry": {"type": "Polygon", "coordinates": [[[-51.237944, -29.899449], [-51.237976, -29.899446], [-51.237973, -29.899419], [-51.23794, -29.899422], [-51.237944, -29.899449]]]}, "properties": {}},
{"type": "Feature", "geometry": {"type": "Polygon", "coordinates": [[[-51.237382, -29.900409], [-51.237374, -29.900304], [-51.237317, -29.900306], [-51.237325, -29.900413], [-51.237382, -29.900409]]]}, "properties": {}},
{"type": "Feature", "geometry": {"type": "Polygon", "coordinates": [[[-51.234713, -29.900453], [-51.234758, -29.900456], [-51.23476, -29.900444], [-51.234763, -29.900404], [-51.234718, -29.900401], [-51.234714, -29.900444], [-51.234713, -29.900453]]]}, "properties": {}},
{"type": "Feature", "geometry": {"type": "Polygon", "coordinates": [[[-51.237656, -29.903377], [-51.237661, -29.903449], [-51.237686, -29.903448], [-51.237679, -29.903344], [-51.237588, -29.903348], [-51.23759, -29.90338], [-51.237656, -29.903377]]]}, "properties": {}},
{"type": "Feature", "geometry": {"type": "Polygon", "coordinates": [[[-51.239008, -29.904274], [-51.239045, -29.904272], [-51.239043, -29.904251], [-51.239038, -29.904194], [-51.239001, -29.904196], [-51.239008, -29.904274]]]}, "properties": {}},
{"type": "Feature", "geometry": {"type": "Polygon", "coordinates": [[[-51.233819, -29.899523], [-51.233867, -29.899521], [-51.233864, -29.899471], [-51.233816, -29.899474], [-51.233819, -29.899523]]]}, "properties": {}},
{"type": "Feature", "geometry": {"type": "Polygon", "coordinates": [[[-51.22992, -29.899448], [-51.230052, -29.89944], [-51.23005, -29.899407], [-51.229917, -29.899415], [-51.22992, -29.899448]]]}, "properties": {}},
{"type": "Feature", "geometry": {"type": "Polygon", "coordinates": [[[-51.238752, -29.902722], [-51.238754, -29.902749], [-51.238782, -29.902747], [-51.238781, -29.902742], [-51.238801, -29.902741], [-51.2388, -29.90272], [-51.238752, -29.902722]]]}, "properties": {}},
{"type": "Feature", "geometry": {"type": "Polygon", "coordinates": [[[-51.231621, -29.904404], [-51.231645, -29.904403], [-51.231641, -29.904354], [-51.231617, -29.904355], [-51.231621, -29.904404]]]}, "properties": {}},
{"type": "Feature", "geometry": {"type": "Polygon", "coordinates": [[[-51.230528, -29.901946], [-51.230527, -29.901918], [-51.230472, -29.90192], [-51.230474, -29.901949], [-51.230528, -29.901946]]]}, "properties": {}},
{"type": "Feature", "geometry": {"type": "Polygon", "coordinates": [[[-51.229561, -29.899341], [-51.229563, -29.89937], [-51.229619, -29.899367], [-51.229618, -29.899352], [-51.229583, -29.899354], [-51.229582, -29.89934], [-51.229561, -29.899341]]]}, "properties": {}},
{"type": "Feature", "geometry": {"type": "Polygon", "coordinates": [[[-51.238004, -29.901519], [-51.238005, -29.901546], [-51.238036, -29.901545], [-51.238035, -29.901518], [-51.238004, -29.901519]]]}, "properties": {}},
{"type": "Feature", "geometry": {"type": "Polygon", "coordinates": [[[-51.231469, -29.900973], [-51.231467, -29.900939], [-51.231328, -29.900946], [-51.231333, -29.901035], [-51.231508, -29.901021], [-51.231504, -29.900972], [-51.231469, -29.900973]]]}, "properties": {}},
{"type": "Feature", "geometry": {"type": "Polygon", "coordinates": [[[-51.235992, -29.90045], [-51.236003, -29.900449], [-51.236007, -29.900487], [-51.23605, -29.900483], [-51.236046, -29.900444], [-51.236042, -29.900403], [-51.236019, -29.900405], [-51.236019, -29.900402], [-51.235987, -29.900405], [-51.235991, -29.900444], [-51.235992, -29.90045]]]}, "properties": {}},
{"type": "Feature", "geometry": {"type": "Polygon", "coordinates": [[[-51.234206, -29.899865], [-51.234216, -29.899959], [-51.234265, -29.899956], [-51.23426, -29.899914], [-51.234282, -29.899912], [-51.234302, -29.89991], [-51.234297, -29.899858], [-51.234277, -29.899859], [-51.234206, -29.899865]]]}, "properties": {}},
{"type": "Feature", "geometry": {"type": "Polygon", "coordinates": [[[-51.231029, -29.904539], [-51.231059, -29.904537], [-51.231056, -29.90449], [-51.230994, -29.904493], [-51.230997, -29.90454], [-51.231029, -29.904539]]]}, "properties": {}},
{"type": "Feature", "geometry": {"type": "Polygon", "coordinates": [[[-51.233504, -29.901221], [-51.233501, -29.901188], [-51.233432, -29.901194], [-51.233436, -29.901226], [-51.233504, -29.901221]]]}, "properties": {}},
{"type": "Feature", "geometry": {"type": "Polygon", "coordinates": [[[-51.23678, -29.901694], [-51.236727, -29.901699], [-51.236734, -29.90176], [-51.236787, -29.901756], [-51.23678, -29.901694]]]}, "properties": {}},
{"type": "Feature", "geometry": {"type": "Polygon", "coordinates": [[[-51.232628, -29.90329], [-51.23263, -29.903315], [-51.232675, -29.903312], [-51.232673, -29.903287], [-51.232628, -29.90329]]]}, "properties": {}},
{"type": "Feature", "geometry": {"type": "Polygon", "coordinates": [[[-51.236032, -29.901128], [-51.236041, -29.90118], [-51.236103, -29.901172], [-51.236094, -29.90112], [-51.236032, -29.901128]]]}, "properties": {}},
{"type": "Feature", "geometry": {"type": "Polygon", "coordinates": [[[-51.230296, -29.900225], [-51.230381, -29.900223], [-51.23038, -29.900174], [-51.230294, -29.900176], [-51.230296, -29.900225]]]}, "properties": {}},
{"type": "Feature", "geometry": {"type": "Polygon", "coordinates": [[[-51.229665, -29.901502], [-51.229666, -29.901524], [-51.229729, -29.901521], [-51.229728, -29.901499], [-51.229665, -29.901502]]]}, "properties": {}},
{"type": "Feature", "geometry": {"type": "Polygon", "coordinates": [[[-51.232813, -29.902404], [-51.232727, -29.902409], [-51.232729, -29.902442], [-51.232815, -29.902437], [-51.232813, -29.902404]]]}, "properties": {}},
{"type": "Feature", "geometry": {"type": "Polygon", "coordinates": [[[-51.23578, -29.904409], [-51.235785, -29.904438], [-51.235788, -29.904452], [-51.235801, -29.90445], [-51.235791, -29.904397], [-51.23584, -29.90439], [-51.235837, -29.904376], [-51.235788, -29.904383], [-51.235775, -29.904385], [-51.23578, -29.904409]]]}, "properties": {}},
{"type": "Feature", "geometry": {"type": "Polygon", "coordinates": [[[-51.23405, -29.901109], [-51.234044, -29.90101], [-51.23401, -29.901012], [-51.234016, -29.90111], [-51.23405, -29.901109]]]}, "properties": {}},
{"type": "Feature", "geometry": {"type": "Polygon", "coordinates": [[[-51.235879, -29.903189], [-51.235886, -29.9033], [-51.235987, -29.903295], [-51.23598, -29.903185], [-51.235879, -29.903189]]]}, "properties": {}},
{"type": "Feature", "geometry": {"type": "Polygon", "coordinates": [[[-51.235287, -29.901768], [-51.235221, -29.901772], [-51.235228, -29.901846], [-51.235292, -29.901842], [-51.235287, -29.901768]]]}, "properties": {}},
{"type": "Feature", "geometry": {"type": "Polygon", "coordinates": [[[-51.232976, -29.899382], [-51.233021, -29.89938], [-51.23302, -29.899362], [-51.23304, -29.899361], [-51.233039, -29.899347], [-51.232974, -29.899351], [-51.232976, -29.899382]]]}, "properties": {}},
{"type": "Feature", "geometry": {"type": "Polygon", "coordinates": [[[-51.23858, -29.902626], [-51.238586, -29.902716], [-51.238538, -29.902719], [-51.238544, -29.902811], [-51.238603, -29.902808], [-51.238598, -29.90274], [-51.238642, -29.902737], [-51.238634, -29.902623], [-51.23858, -29.902626]]]}, "properties": {}},
{"type": "Feature", "geometry": {"type": "Polygon", "coordinates": [[[-51.231665, -29.901478], [-51.231667, -29.901504], [-51.23175, -29.9015], [-51.231748, -29.901474], [-51.231665, -29.901478]]]}, "properties": {}},
{"type": "Feature", "geometry": {"type": "Polygon", "coordinates": [[[-51.238385, -29.902137], [-51.238391, -29.902209], [-51.238454, -29.902205], [-51.238449, -29.902147], [-51.238476, -29.902145], [-51.238474, -29.902131], [-51.238385, -29.902137]]]}, "properties": {}},
{"type": "Feature", "geometry": {"type": "Polygon", "coordinates": [[[-51.238519, -29.904353], [-51.238521, -29.904392], [-51.238577, -29.904389], [-51.238575, -29.904351], [-51.238519, -29.904353]]]}, "properties": {}},
{"type": "Feature", "geometry": {"type": "Polygon", "coordinates": [[[-51.234364, -29.904256], [-51.234366, -29.904273], [-51.234402, -29.904271], [-51.234401, -29.904254], [-51.234364, -29.904256]]]}, "properties": {}},
{"type": "Feature", "geometry": {"type": "Polygon", "coordinates": [[[-51.238021, -29.900807], [-51.237963, -29.900816], [-51.237983, -29.900914], [-51.238041, -29.900906], [-51.238021, -29.900807]]]}, "properties": {}},
{"type": "Feature", "geometry": {"type": "Polygon", "coordinates": [[[-51.237637, -29.901631], [-51.237639, -29.901663], [-51.237667, -29.901662], [-51.237665, -29.90163], [-51.237637, -29.901631]]]}, "properties": {}},
{"type": "Feature", "geometry": {"type": "Polygon", "coordinates": [[[-51.235067, -29.900754], [-51.235072, -29.900808], [-51.235087, -29.900807], [-51.235087, -29.900814], [-51.235108, -29.900813], [-51.235108, -29.90081], [-51.235172, -29.900805], [-51.235167, -29.900747], [-51.235067, -29.900754]]]}, "properties": {}},
{"type": "Feature", "geometry": {"type": "Polygon", "coordinates": [[[-51.234119, -29.902], [-51.234039, -29.902001], [-51.234041, -29.902074], [-51.23412, -29.902073], [-51.234119, -29.902]]]}, "properties": {}},
{"type": "Feature", "geometry": {"type": "Polygon", "coordinates": [[[-51.233607, -29.901488], [-51.233609, -29.901511], [-51.233669, -29.901507], [-51.233667, -29.901484], [-51.233607, -29.901488]]]}, "properties": {}},
{"type": "Feature", "geometry": {"type": "Polygon", "coordinates": [[[-51.234373, -29.903927], [-51.234376, -29.903976], [-51.234461, -29.903972], [-51.234458, -29.903923], [-51.234373, -29.903927]]]}, "properties": {}},
{"type": "Feature", "geometry": {"type": "Polygon", "coordinates": [[[-51.235508, -29.904428], [-51.23553, -29.904422], [-51.235548, -29.904418], [-51.235544, -29.904406], [-51.235567, -29.904399], [-51.235554, -29.904366], [-51.235484, -29.904386], [-51.235501, -29.90443], [-51.235508, -29.904428]]]}, "properties": {}},
{"type": "Feature", "geometry": {"type": "Polygon", "coordinates": [[[-51.233786, -29.904442], [-51.233814, -29.904441], [-51.233811, -29.904391], [-51.233782, -29.904392], [-51.233786, -29.904442]]]}, "properties": {}},
{"type": "Feature", "geometry": {"type": "Polygon", "coordinates": [[[-51.233228, -29.901972], [-51.233226, -29.901942], [-51.23318, -29.901944], [-51.233182, -29.901974], [-51.233228, -29.901972]]]}, "properties": {}},
{"type": "Feature", "geometry": {"type": "Polygon", "coordinates": [[[-51.23749, -29.903484], [-51.237518, -29.903483], [-51.237516, -29.903441], [-51.237488, -29.903442], [-51.23749, -29.903484]]]}, "properties": {}},
{"type": "Feature", "geometry": {"type": "Polygon", "coordinates": [[[-51.232862, -29.904604], [-51.232864, -29.904622], [-51.232915, -29.904618], [-51.232914, -29.904601], [-51.232862, -29.904604]]]}, "properties": {}},
{"type": "Feature", "geometry": {"type": "Polygon", "coordinates": [[[-51.235111, -29.90073], [-51.235113, -29.900751], [-51.235167, -29.900747], [-51.235165, -29.900727], [-51.235111, -29.90073]]]}, "properties": {}},
{"type": "Feature", "geometry": {"type": "Polygon", "coordinates": [[[-51.237904, -29.902788], [-51.23791, -29.902864], [-51.237955, -29.902862], [-51.237949, -29.902785], [-51.237904, -29.902788]]]}, "properties": {}},
{"type": "Feature", "geometry": {"type": "Polygon", "coordinates": [[[-51.238113, -29.902783], [-51.238091, -29.902784], [-51.23809, -29.902762], [-51.238053, -29.902765], [-51.238052, -29.90274], [-51.238029, -29.902741], [-51.238031, -29.902766], [-51.238035, -29.902819], [-51.238115, -29.902814], [-51.238113, -29.902783]]]}, "properties": {}},
{"type": "Feature", "geometry": {"type": "Polygon", "coordinates": [[[-51.236765, -29.901068], [-51.23681, -29.901063], [-51.236804, -29.901022], [-51.236801, -29.901023], [-51.236785, -29.900921], [-51.236732, -29.900927], [-51.236744, -29.901002], [-51.236734, -29.901003], [-51.236739, -29.90103], [-51.236759, -29.901028], [-51.236765, -29.901068]]]}, "properties": {}},
{"type": "Feature", "geometry": {"type": "Polygon", "coordinates": [[[-51.234164, -29.899982], [-51.234166, -29.900012], [-51.234213, -29.90001], [-51.234212, -29.899981], [-51.234164, -29.899982]]]}, "properties": {}},
{"type": "Feature", "geometry": {"type": "Polygon", "coordinates": [[[-51.237742, -29.903969], [-51.237729, -29.90397], [-51.237734, -29.904021], [-51.237706, -29.904023], [-51.23771, -29.904068], [-51.237743, -29.904066], [-51.237742, -29.903969]]]}, "properties": {"info": {"is_agg": true, "properties_agg": [{"feature_id": 176862}], "geom_cmp_equals": [false], "geom_cmp_intersec": [0]}}},
{"type": "Feature", "geometry": {"type": "Polygon", "coordinates": [[[-51.236559, -29.904474], [-51.23656, -29.904491], [-51.236481, -29.904496], [-51.236483, -29.904531], [-51.236585, -29.904525], [-51.23658, -29.904473], [-51.236559, -29.904474]]]}, "properties": {}},
{"type": "Feature", "geometry": {"type": "Polygon", "coordinates": [[[-51.238492, -29.902062], [-51.238495, -29.902107], [-51.238524, -29.902106], [-51.238521, -29.90206], [-51.238492, -29.902062]]]}, "properties": {}},
{"type": "Feature", "geometry": {"type": "Polygon", "coordinates": [[[-51.238887, -29.904536], [-51.238883, -29.904502], [-51.238882, -29.904492], [-51.238848, -29.904495], [-51.238847, -29.904484], [-51.238829, -29.904486], [-51.238831, -29.904506], [-51.238849, -29.904504], [-51.23885, -29.904505], [-51.23883, -29.904507], [-51.238838, -29.904574], [-51.238891, -29.90457], [-51.238887, -29.904536]]]}, "properties": {}},
{"type": "Feature", "geometry": {"type": "Polygon", "coordinates": [[[-51.231648, -29.899471], [-51.231593, -29.899473], [-51.231594, -29.899492], [-51.231606, -29.899491], [-51.231608, -29.899574], [-51.231689, -29.899572], [-51.231687, -29.89949], [-51.231649, -29.899491], [-51.231648, -29.899471]]]}, "properties": {}},
{"type": "Feature", "geometry": {"type": "Polygon", "coordinates": [[[-51.229659, -29.900434], [-51.229769, -29.900427], [-51.229766, -29.90038], [-51.229655, -29.900388], [-51.229659, -29.900434]]]}, "properties": {}},
{"type": "Feature", "geometry": {"type": "Polygon", "coordinates": [[[-51.230649, -29.902986], [-51.230699, -29.902984], [-51.230698, -29.902963], [-51.230647, -29.902965], [-51.230649, -29.902986]]]}, "properties": {}},
{"type": "Feature", "geometry": {"type": "Polygon", "coordinates": [[[-51.238012, -29.902449], [-51.238028, -29.90265], [-51.238131, -29.902643], [-51.238115, -29.902443], [-51.238012, -29.902449]]]}, "properties": {}},
{"type": "Feature", "geometry": {"type": "Polygon", "coordinates": [[[-51.23682, -29.904101], [-51.236814, -29.904024], [-51.236706, -29.90403], [-51.236712, -29.904107], [-51.23682, -29.904101]]]}, "properties": {}},
{"type": "Feature", "geometry": {"type": "Polygon", "coordinates": [[[-51.235677, -29.904065], [-51.235615, -29.904068], [-51.23562, -29.904132], [-51.235681, -29.904128], [-51.235677, -29.904065]]]}, "properties": {}},
{"type": "Feature", "geometry": {"type": "Polygon", "coordinates": [[[-51.238446, -29.900792], [-51.238503, -29.900786], [-51.238499, -29.900758], [-51.238442, -29.900765], [-51.238446, -29.900792]]]}, "properties": {}},
{"type": "Feature", "geometry": {"type": "Polygon", "coordinates": [[[-51.238315, -29.904423], [-51.23831, -29.904366], [-51.238332, -29.904365], [-51.23833, -29.904342], [-51.238309, -29.904343], [-51.238307, -29.904325], [-51.238392, -29.90432], [-51.23839, -29.904286], [-51.238373, -29.904287], [-51.238369, -29.904234], [-51.238369, -29.904221], [-51.238305, -29.904225], [-51.238309, -29.904273], [-51.238264, -29.904276], [-51.238273, -29.904426], [-51.238315, -29.904423]]]}, "properties": {}},
{"type": "Feature", "geometry": {"type": "Polygon", "coordinates": [[[-51.23357, -29.899351], [-51.233567, -29.899351], [-51.233569, -29.899402], [-51.233593, -29.899401], [-51.233591, -29.899352], [-51.23357, -29.899351]]]}, "properties": {}},
{"type": "Feature", "geometry": {"type": "Polygon", "coordinates": [[[-51.231565, -29.901411], [-51.231569, -29.90146], [-51.231625, -29.901457], [-51.231622, -29.901408], [-51.231565, -29.901411]]]}, "properties": {}},
{"type": "Feature", "geometry": {"type": "Polygon", "coordinates": [[[-51.236177, -29.900805], [-51.236195, -29.900887], [-51.236251, -29.900878], [-51.236233, -29.900796], [-51.236177, -29.900805]]]}, "properties": {}},
{"type": "Feature", "geometry": {"type": "Polygon", "coordinates": [[[-51.238148, -29.900616], [-51.238163, -29.900701], [-51.238235, -29.900691], [-51.23822, -29.900607], [-51.238148, -29.900616]]]}, "properties": {}},
{"type": "Feature", "geometry": {"type": "Polygon", "coordinates": [[[-51.236383, -29.899745], [-51.236374, -29.899745], [-51.236376, -29.899806], [-51.236458, -29.899804], [-51.236456, -29.899743], [-51.236443, -29.899743], [-51.236442, -29.899691], [-51.236382, -29.899692], [-51.236383, -29.899745]]]}, "properties": {}},
{"type": "Feature", "geometry": {"type": "Polygon", "coordinates": [[[-51.234729, -29.902927], [-51.234763, -29.902925], [-51.234798, -29.902923], [-51.234797, -29.902915], [-51.234841, -29.902912], [-51.234839, -29.902886], [-51.23482, -29.902887], [-51.234788, -29.902889], [-51.234767, -29.90289], [-51.234727, -29.902893], [-51.234729, -29.902927]]]}, "properties": {}},
{"type": "Feature", "geometry": {"type": "Polygon", "coordinates": [[[-51.234142, -29.900582], [-51.234146, -29.900618], [-51.234179, -29.900615], [-51.234175, -29.900579], [-51.234142, -29.900582]]]}, "properties": {}},
{"type": "Feature", "geometry": {"type": "Polygon", "coordinates": [[[-51.231454, -29.900628], [-51.231481, -29.900627], [-51.231477, -29.900568], [-51.23145, -29.90057], [-51.231454, -29.900628]]]}, "properties": {}},
{"type": "Feature", "geometry": {"type": "Polygon", "coordinates": [[[-51.234987, -29.90339], [-51.235046, -29.903385], [-51.23504, -29.90333], [-51.234981, -29.903335], [-51.234987, -29.90339]]]}, "properties": {}},
{"type": "Feature", "geometry": {"type": "Polygon", "coordinates": [[[-51.230671, -29.901896], [-51.230808, -29.901892], [-51.230805, -29.901817], [-51.230677, -29.901821], [-51.230668, -29.901821], [-51.230671, -29.901896]]]}, "properties": {}},
{"type": "Feature", "geometry": {"type": "Polygon", "coordinates": [[[-51.239087, -29.903911], [-51.239097, -29.904002], [-51.239145, -29.903998], [-51.239143, -29.90398], [-51.23921, -29.903975], [-51.239212, -29.903993], [-51.239236, -29.903991], [-51.239231, -29.903944], [-51.23922, -29.903945], [-51.239218, -29.90392], [-51.239137, -29.903926], [-51.239135, -29.903907], [-51.239087, -29.903911]]]}, "properties": {}},
{"type": "Feature", "geometry": {"type": "Polygon", "coordinates": [[[-51.229435, -29.901527], [-51.22942, -29.901528], [-51.229417, -29.901496], [-51.22935, -29.9015], [-51.229355, -29.901556], [-51.229377, -29.901555], [-51.229437, -29.901551], [-51.229435, -29.901527]]]}, "properties": {}},
{"type": "Feature", "geometry": {"type": "Polygon", "coordinates": [[[-51.236664, -29.899276], [-51.236666, -29.899336], [-51.236759, -29.899334], [-51.236757, -29.899274], [-51.236664, -29.899276]]]}, "properties": {}},
{"type": "Feature", "geometry": {"type": "Polygon", "coordinates": [[[-51.23143, -29.899665], [-51.231482, -29.899664], [-51.23148, -29.899588], [-51.231428, -29.899589], [-51.23143, -29.899665]]]}, "properties": {}},
{"type": "Feature", "geometry": {"type": "Polygon", "coordinates": [[[-51.233932, -29.899935], [-51.23393, -29.899921], [-51.233979, -29.899915], [-51.233974, -29.899883], [-51.233877, -29.899897], [-51.233883, -29.899928], [-51.233885, -29.899941], [-51.233932, -29.899935]]]}, "properties": {}},
{"type": "Feature", "geometry": {"type": "Polygon", "coordinates": [[[-51.230777, -29.903788], [-51.230929, -29.903782], [-51.230926, -29.903728], [-51.230774, -29.903735], [-51.230777, -29.903788]]]}, "properties": {}},
{"type": "Feature", "geometry": {"type": "Polygon", "coordinates": [[[-51.23847, -29.899584], [-51.238482, -29.899582], [-51.238579, -29.899569], [-51.238615, -29.899564], [-51.238601, -29.899492], [-51.238566, -29.899497], [-51.238564, -29.899486], [-51.238455, -29.899501], [-51.23847, -29.899584]]]}, "properties": {}},
{"type": "Feature", "geometry": {"type": "Polygon", "coordinates": [[[-51.233147, -29.899499], [-51.233163, -29.899501], [-51.233166, -29.899482], [-51.233206, -29.899487], [-51.23321, -29.899459], [-51.233153, -29.899453], [-51.233147, -29.899499]]]}, "properties": {}},
{"type": "Feature", "geometry": {"type": "Polygon", "coordinates": [[[-51.232184, -29.900077], [-51.232184, -29.900096], [-51.232165, -29.900096], [-51.232168, -29.900148], [-51.232233, -29.900148], [-51.232233, -29.900099], [-51.23225, -29.900099], [-51.23225, -29.900077], [-51.232184, -29.900077]]]}, "properties": {}},
{"type": "Feature", "geometry": {"type": "Polygon", "coordinates": [[[-51.230192, -29.902585], [-51.230195, -29.902627], [-51.230283, -29.902623], [-51.230276, -29.902522], [-51.230189, -29.902526], [-51.230192, -29.902585]]]}, "properties": {}},
{"type": "Feature", "geometry": {"type": "Polygon", "coordinates": [[[-51.236737, -29.900443], [-51.236804, -29.900439], [-51.236795, -29.900318], [-51.236695, -29.900324], [-51.236698, -29.900362], [-51.236731, -29.90036], [-51.236734, -29.900402], [-51.236726, -29.900403], [-51.236729, -29.900443], [-51.236737, -29.900443]]]}, "properties": {}},
{"type": "Feature", "geometry": {"type": "Polygon", "coordinates": [[[-51.237503, -29.903924], [-51.237584, -29.903919], [-51.23758, -29.903873], [-51.237553, -29.903875], [-51.237556, -29.903904], [-51.237502, -29.903907], [-51.237503, -29.903924]]]}, "properties": {}},
{"type": "Feature", "geometry": {"type": "Polygon", "coordinates": [[[-51.234847, -29.902349], [-51.234887, -29.902346], [-51.234886, -29.902337], [-51.234917, -29.902335], [-51.23491, -29.902247], [-51.23484, -29.902251], [-51.234847, -29.902349]]]}, "properties": {}},
{"type": "Feature", "geometry": {"type": "Polygon", "coordinates": [[[-51.230592, -29.902187], [-51.230589, -29.902138], [-51.230502, -29.902142], [-51.230505, -29.902191], [-51.230592, -29.902187]]]}, "properties": {}},
{"type": "Feature", "geometry": {"type": "Polygon", "coordinates": [[[-51.231132, -29.900589], [-51.231137, -29.90068], [-51.231278, -29.900674], [-51.231273, -29.900583], [-51.231132, -29.900589]]]}, "properties": {}},
{"type": "Feature", "geometry": {"type": "Polygon", "coordinates": [[[-51.232506, -29.90101], [-51.232562, -29.901008], [-51.232559, -29.900959], [-51.232503, -29.900961], [-51.232506, -29.90101]]]}, "properties": {}},
{"type": "Feature", "geometry": {"type": "Polygon", "coordinates": [[[-51.23117, -29.901595], [-51.231177, -29.901682], [-51.231234, -29.901678], [-51.23123, -29.901635], [-51.231266, -29.901632], [-51.231265, -29.901619], [-51.231306, -29.901616], [-51.231303, -29.901586], [-51.23117, -29.901595]]]}, "properties": {}},
{"type": "Feature", "geometry": {"type": "Polygon", "coordinates": [[[-51.232596, -29.902995], [-51.232645, -29.902992], [-51.232644, -29.902973], [-51.232595, -29.902976], [-51.232596, -29.902995]]]}, "properties": {}},
{"type": "Feature", "geometry": {"type": "Polygon", "coordinates": [[[-51.237541, -29.899493], [-51.237544, -29.899544], [-51.237518, -29.899545], [-51.237519, -29.899557], [-51.2376, -29.899554], [-51.237596, -29.899491], [-51.237541, -29.899493]]]}, "properties": {}},
{"type": "Feature", "geometry": {"type": "Polygon", "coordinates": [[[-51.230921, -29.8995], [-51.230922, -29.899556], [-51.230943, -29.899555], [-51.231012, -29.899555], [-51.231012, -29.899581], [-51.231105, -29.89958], [-51.231104, -29.8995], [-51.230921, -29.8995]]]}, "properties": {}},
{"type": "Feature", "geometry": {"type": "Polygon", "coordinates": [[[-51.229835, -29.902615], [-51.229842, -29.902697], [-51.229904, -29.902694], [-51.229897, -29.902611], [-51.229835, -29.902615]]]}, "properties": {}},
{"type": "Feature", "geometry": {"type": "Polygon", "coordinates": [[[-51.238103, -29.899729], [-51.238109, -29.899772], [-51.238176, -29.899765], [-51.23817, -29.899722], [-51.238103, -29.899729]]]}, "properties": {}},
{"type": "Feature", "geometry": {"type": "Polygon", "coordinates": [[[-51.23479, -29.900006], [-51.234697, -29.9], [-51.234696, -29.900015], [-51.234789, -29.900021], [-51.23479, -29.900006]]]}, "properties": {}},
{"type": "Feature", "geometry": {"type": "Polygon", "coordinates": [[[-51.237448, -29.901477], [-51.237468, -29.901475], [-51.237461, -29.901434], [-51.237442, -29.901437], [-51.237448, -29.901477]]]}, "properties": {}},
{"type": "Feature", "geometry": {"type": "Polygon", "coordinates": [[[-51.237294, -29.902463], [-51.237256, -29.902466], [-51.237237, -29.902468], [-51.237239, -29.902497], [-51.23724, -29.902504], [-51.237315, -29.9025], [-51.237313, -29.902462], [-51.237294, -29.902463]]]}, "properties": {}},
{"type": "Feature", "geometry": {"type": "Polygon", "coordinates": [[[-51.236177, -29.902256], [-51.236175, -29.902224], [-51.236158, -29.902225], [-51.23616, -29.902257], [-51.236096, -29.90226], [-51.236099, -29.902309], [-51.236183, -29.902305], [-51.236181, -29.902256], [-51.236177, -29.902256]]]}, "properties": {}},
{"type": "Feature", "geometry": {"type": "Polygon", "coordinates": [[[-51.238902, -29.903735], [-51.238906, -29.903784], [-51.238962, -29.90378], [-51.238958, -29.903731], [-51.238902, -29.903735]]]}, "properties": {}},
{"type": "Feature", "geometry": {"type": "Polygon", "coordinates": [[[-51.235729, -29.899459], [-51.235671, -29.899465], [-51.235682, -29.899538], [-51.23574, -29.899531], [-51.235729, -29.899459]]]}, "properties": {}},
{"type": "Feature", "geometry": {"type": "Polygon", "coordinates": [[[-51.239025, -29.900511], [-51.239005, -29.900514], [-51.239015, -29.900563], [-51.239036, -29.900559], [-51.239025, -29.900511]]]}, "properties": {}},
{"type": "Feature", "geometry": {"type": "Polygon", "coordinates": [[[-51.235082, -29.904437], [-51.235071, -29.904341], [-51.235043, -29.904345], [-51.235053, -29.904439], [-51.235082, -29.904437]]]}, "properties": {}},
{"type": "Feature", "geometry": {"type": "Polygon", "coordinates": [[[-51.230809, -29.903585], [-51.230806, -29.903518], [-51.230857, -29.903516], [-51.230856, -29.903496], [-51.230773, -29.903499], [-51.230775, -29.90352], [-51.230778, -29.903586], [-51.230809, -29.903585]]]}, "properties": {}},
{"type": "Feature", "geometry": {"type": "Polygon", "coordinates": [[[-51.234295, -29.901537], [-51.234283, -29.901538], [-51.234279, -29.901505], [-51.234241, -29.901508], [-51.234247, -29.901559], [-51.234297, -29.901554], [-51.234295, -29.901537]]]}, "properties": {}},
{"type": "Feature", "geometry": {"type": "Polygon", "coordinates": [[[-51.234457, -29.904174], [-51.234456, -29.904161], [-51.234421, -29.904163], [-51.234427, -29.904252], [-51.234606, -29.904241], [-51.234601, -29.904166], [-51.234457, -29.904174]]]}, "properties": {}},
{"type": "Feature", "geometry": {"type": "Polygon", "coordinates": [[[-51.230364, -29.901563], [-51.230356, -29.901461], [-51.230328, -29.901463], [-51.230336, -29.901564], [-51.230364, -29.901563]]]}, "properties": {}},
{"type": "Feature", "geometry": {"type": "Polygon", "coordinates": [[[-51.232564, -29.901452], [-51.232567, -29.901501], [-51.232646, -29.901496], [-51.232642, -29.901448], [-51.232564, -29.901452]]]}, "properties": {"info": {"is_agg": true, "properties_agg": [{"feature_id": 168380}], "geom_cmp_equals": [false], "geom_cmp_intersec": [0.0014707654212299844]}}},
{"type": "Feature", "geometry": {"type": "Polygon", "coordinates": [[[-51.235864, -29.902282], [-51.235866, -29.902302], [-51.235852, -29.902302], [-51.235853, -29.902324], [-51.235833, -29.902325], [-51.235834, -29.90235], [-51.235914, -29.902345], [-51.235911, -29.902299], [-51.235929, -29.902298], [-51.235927, -29.902278], [-51.235864, -29.902282]]]}, "properties": {}},
{"type": "Feature", "geometry": {"type": "Polygon", "coordinates": [[[-51.23516, -29.89989], [-51.235087, -29.899894], [-51.235093, -29.900036], [-51.235154, -29.900034], [-51.235151, -29.899971], [-51.235241, -29.899968], [-51.235238, -29.899902], [-51.235238, -29.899889], [-51.23516, -29.89989]]]}, "properties": {}},
{"type": "Feature", "geometry": {"type": "Polygon", "coordinates": [[[-51.233692, -29.900142], [-51.233682, -29.900142], [-51.233675, -29.900067], [-51.233597, -29.900072], [-51.233604, -29.900148], [-51.233648, -29.900145], [-51.233653, -29.9002], [-51.233697, -29.900196], [-51.233692, -29.900142]]]}, "properties": {}},
{"type": "Feature", "geometry": {"type": "Polygon", "coordinates": [[[-51.232017, -29.904693], [-51.232023, -29.904765], [-51.232084, -29.904762], [-51.232078, -29.90469], [-51.232017, -29.904693]]]}, "properties": {}},
{"type": "Feature", "geometry": {"type": "Polygon", "coordinates": [[[-51.234013, -29.901061], [-51.23401, -29.901012], [-51.233947, -29.901014], [-51.23395, -29.901064], [-51.234013, -29.901061]]]}, "properties": {}},
{"type": "Feature", "geometry": {"type": "Polygon", "coordinates": [[[-51.235157, -29.902176], [-51.23524, -29.902173], [-51.235236, -29.902084], [-51.235153, -29.902087], [-51.235157, -29.902176]]]}, "properties": {}},
{"type": "Feature", "geometry": {"type": "Polygon", "coordinates": [[[-51.236323, -29.899893], [-51.236328, -29.899949], [-51.236375, -29.899946], [-51.23637, -29.89989], [-51.236323, -29.899893]]]}, "properties": {}},
{"type": "Feature", "geometry": {"type": "Polygon", "coordinates": [[[-51.232899, -29.901003], [-51.232902, -29.901052], [-51.232923, -29.901051], [-51.23292, -29.901002], [-51.232899, -29.901003]]]}, "properties": {}},
{"type": "Feature", "geometry": {"type": "Polygon", "coordinates": [[[-51.234073, -29.901261], [-51.234073, -29.901263], [-51.234076, -29.901306], [-51.234106, -29.901304], [-51.234103, -29.901259], [-51.234073, -29.901261]]]}, "properties": {}},
{"type": "Feature", "geometry": {"type": "Polygon", "coordinates": [[[-51.233157, -29.9031], [-51.233162, -29.903153], [-51.23333, -29.903142], [-51.233325, -29.903089], [-51.233157, -29.9031]]]}, "properties": {}},
{"type": "Feature", "geometry": {"type": "Polygon", "coordinates": [[[-51.234413, -29.902812], [-51.234418, -29.902874], [-51.234503, -29.902869], [-51.234499, -29.902807], [-51.234413, -29.902812]]]}, "properties": {}},
{"type": "Feature", "geometry": {"type": "Polygon", "coordinates": [[[-51.239603, -29.903021], [-51.239581, -29.902918], [-51.239545, -29.902924], [-51.239566, -29.903027], [-51.239603, -29.903021]]]}, "properties": {}},
{"type": "Feature", "geometry": {"type": "Polygon", "coordinates": [[[-51.23697, -29.90444], [-51.236968, -29.904402], [-51.236912, -29.904404], [-51.236914, -29.904442], [-51.23697, -29.90444]]]}, "properties": {}},
{"type": "Feature", "geometry": {"type": "Polygon", "coordinates": [[[-51.233213, -29.90338], [-51.233218, -29.903434], [-51.233321, -29.903428], [-51.233317, -29.903374], [-51.233213, -29.90338]]]}, "properties": {}},
{"type": "Feature", "geometry": {"type": "Polygon", "coordinates": [[[-51.236775, -29.900256], [-51.236771, -29.90021], [-51.236712, -29.900214], [-51.236718, -29.900274], [-51.236683, -29.900277], [-51.236689, -29.90031], [-51.236798, -29.900303], [-51.236794, -29.900255], [-51.236775, -29.900256]]]}, "properties": {}},
{"type": "Feature", "geometry": {"type": "Polygon", "coordinates": [[[-51.233674, -29.899824], [-51.233685, -29.899899], [-51.233762, -29.89989], [-51.233751, -29.899816], [-51.233674, -29.899824]]]}, "properties": {}},
{"type": "Feature", "geometry": {"type": "Polygon", "coordinates": [[[-51.231034, -29.901059], [-51.231147, -29.901049], [-51.231145, -29.90103], [-51.231157, -29.901029], [-51.231151, -29.900975], [-51.231026, -29.900985], [-51.231034, -29.901059]]]}, "properties": {}},
{"type": "Feature", "geometry": {"type": "Polygon", "coordinates": [[[-51.232933, -29.901324], [-51.23301, -29.901322], [-51.233007, -29.901255], [-51.232954, -29.901257], [-51.232955, -29.90128], [-51.232931, -29.901281], [-51.232933, -29.901324]]]}, "properties": {}},
{"type": "Feature", "geometry": {"type": "Polygon", "coordinates": [[[-51.232416, -29.902986], [-51.232418, -29.903005], [-51.232357, -29.903008], [-51.232361, -29.903062], [-51.232448, -29.903057], [-51.232443, -29.902985], [-51.232416, -29.902986]]]}, "properties": {}},
{"type": "Feature", "geometry": {"type": "Polygon", "coordinates": [[[-51.233937, -29.901303], [-51.233944, -29.901361], [-51.234026, -29.901354], [-51.234019, -29.901296], [-51.233937, -29.901303]]]}, "properties": {}},
{"type": "Feature", "geometry": {"type": "Polygon", "coordinates": [[[-51.236172, -29.900783], [-51.236252, -29.900771], [-51.236247, -29.900743], [-51.236223, -29.900746], [-51.23621, -29.900678], [-51.236151, -29.900687], [-51.236172, -29.900783]]]}, "properties": {}},
{"type": "Feature", "geometry": {"type": "Polygon", "coordinates": [[[-51.238358, -29.903371], [-51.238364, -29.903436], [-51.238385, -29.903434], [-51.238379, -29.903369], [-51.238358, -29.903371]]]}, "properties": {}},
{"type": "Feature", "geometry": {"type": "Polygon", "coordinates": [[[-51.231301, -29.902034], [-51.231308, -29.902127], [-51.23133, -29.902125], [-51.231323, -29.902033], [-51.231301, -29.902034]]]}, "properties": {}},
{"type": "Feature", "geometry": {"type": "Polygon", "coordinates": [[[-51.237084, -29.899668], [-51.237114, -29.899664], [-51.237111, -29.899645], [-51.237055, -29.899652], [-51.237063, -29.8997], [-51.237089, -29.899697], [-51.237084, -29.899668]]]}, "properties": {}},
{"type": "Feature", "geometry": {"type": "Polygon", "coordinates": [[[-51.23519, -29.899564], [-51.235214, -29.899562], [-51.23521, -29.899518], [-51.235186, -29.899519], [-51.23519, -29.899564]]]}, "properties": {}},
{"type": "Feature", "geometry": {"type": "Polygon", "coordinates": [[[-51.237698, -29.901968], [-51.237653, -29.90197], [-51.23766, -29.902069], [-51.237705, -29.902066], [-51.237698, -29.901968]]]}, "properties": {}},
{"type": "Feature", "geometry": {"type": "Polygon", "coordinates": [[[-51.236433, -29.903937], [-51.236435, -29.903958], [-51.236452, -29.903956], [-51.236455, -29.903994], [-51.236504, -29.903992], [-51.236555, -29.903989], [-51.23655, -29.90393], [-51.236433, -29.903937]]]}, "properties": {}},
{"type": "Feature", "geometry": {"type": "Polygon", "coordinates": [[[-51.231129, -29.8994], [-51.231129, -29.899418], [-51.231167, -29.899417], [-51.231166, -29.899399], [-51.231129, -29.8994]]]}, "properties": {}},
{"type": "Feature", "geometry": {"type": "Polygon", "coordinates": [[[-51.23361, -29.903513], [-51.233612, -29.903536], [-51.233632, -29.903535], [-51.233633, -29.903549], [-51.23371, -29.903544], [-51.233711, -29.903562], [-51.23373, -29.903561], [-51.233729, -29.903543], [-51.233739, -29.903543], [-51.233736, -29.903506], [-51.233631, -29.903512], [-51.23361, -29.903513]]]}, "properties": {}},
{"type": "Feature", "geometry": {"type": "Polygon", "coordinates": [[[-51.229947, -29.899832], [-51.229948, -29.899887], [-51.230005, -29.899886], [-51.230005, -29.899898], [-51.230028, -29.899898], [-51.230028, -29.899886], [-51.230042, -29.899886], [-51.230042, -29.899831], [-51.229947, -29.899832]]]}, "properties": {}},
{"type": "Feature", "geometry": {"type": "Polygon", "coordinates": [[[-51.237681, -29.903209], [-51.237679, -29.90318], [-51.237668, -29.903181], [-51.23766, -29.90308], [-51.23763, -29.903081], [-51.237631, -29.903098], [-51.237556, -29.903102], [-51.237562, -29.903201], [-51.237609, -29.903198], [-51.237611, -29.903236], [-51.237657, -29.903234], [-51.237655, -29.90321], [-51.237681, -29.903209]]]}, "properties": {}},
{"type": "Feature", "geometry": {"type": "Polygon", "coordinates": [[[-51.237658, -29.902187], [-51.237662, -29.902233], [-51.237711, -29.902231], [-51.237707, -29.902174], [-51.237702, -29.902175], [-51.237699, -29.902129], [-51.237647, -29.902132], [-51.237648, -29.90215], [-51.237628, -29.902151], [-51.23763, -29.902188], [-51.237658, -29.902187]]]}, "properties": {}},
{"type": "Feature", "geometry": {"type": "Polygon", "coordinates": [[[-51.236103, -29.901501], [-51.236104, -29.901513], [-51.23608, -29.901515], [-51.236081, -29.901538], [-51.23612, -29.901536], [-51.236118, -29.9015], [-51.236103, -29.901501]]]}, "properties": {}},
{"type": "Feature", "geometry": {"type": "Polygon", "coordinates": [[[-51.235532, -29.902967], [-51.235527, -29.902882], [-51.23548, -29.902885], [-51.235482, -29.902913], [-51.2355, -29.902913], [-51.235504, -29.902969], [-51.235532, -29.902967]]]}, "properties": {}},
{"type": "Feature", "geometry": {"type": "Polygon", "coordinates": [[[-51.237475, -29.902033], [-51.237479, -29.90208], [-51.237591, -29.902074], [-51.237588, -29.902028], [-51.237475, -29.902033]]]}, "properties": {}},
{"type": "Feature", "geometry": {"type": "Polygon", "coordinates": [[[-51.233192, -29.904702], [-51.233148, -29.904705], [-51.233155, -29.904796], [-51.233199, -29.904793], [-51.233192, -29.904702]]]}, "properties": {}},
{"type": "Feature", "geometry": {"type": "Polygon", "coordinates": [[[-51.230806, -29.902557], [-51.230812, -29.90263], [-51.230899, -29.902626], [-51.230894, -29.902553], [-51.230806, -29.902557]]]}, "properties": {}},
{"type": "Feature", "geometry": {"type": "Polygon", "coordinates": [[[-51.232694, -29.902856], [-51.232696, -29.902886], [-51.232754, -29.902883], [-51.232752, -29.902854], [-51.232694, -29.902856]]]}, "properties": {}},
{"type": "Feature", "geometry": {"type": "Polygon", "coordinates": [[[-51.231759, -29.904404], [-51.231766, -29.904495], [-51.232284, -29.904464], [-51.232277, -29.904374], [-51.231759, -29.904404]]]}, "properties": {}},
{"type": "Feature", "geometry": {"type": "Polygon", "coordinates": [[[-51.23088, -29.904583], [-51.230838, -29.904586], [-51.230841, -29.904622], [-51.230883, -29.904619], [-51.23088, -29.904583]]]}, "properties": {}},
{"type": "Feature", "geometry": {"type": "Polygon", "coordinates": [[[-51.23774, -29.900789], [-51.237722, -29.90079], [-51.237722, -29.900796], [-51.237667, -29.9008], [-51.237672, -29.900861], [-51.237728, -29.900857], [-51.237727, -29.900846], [-51.237758, -29.900844], [-51.237753, -29.900794], [-51.237753, -29.900788], [-51.23774, -29.900789]]]}, "properties": {}},
{"type": "Feature", "geometry": {"type": "Polygon", "coordinates": [[[-51.236574, -29.902796], [-51.236512, -29.9028], [-51.236514, -29.902826], [-51.236576, -29.902822], [-51.236574, -29.902796]]]}, "properties": {}},
{"type": "Feature", "geometry": {"type": "Polygon", "coordinates": [[[-51.232466, -29.899407], [-51.232469, -29.899435], [-51.232525, -29.89943], [-51.232522, -29.899402], [-51.232466, -29.899407]]]}, "properties": {}},
{"type": "Feature", "geometry": {"type": "Polygon", "coordinates": [[[-51.234644, -29.899479], [-51.234612, -29.899481], [-51.234613, -29.899501], [-51.234646, -29.899499], [-51.234644, -29.899479]]]}, "properties": {}},
{"type": "Feature", "geometry": {"type": "Polygon", "coordinates": [[[-51.237931, -29.899647], [-51.23794, -29.899747], [-51.238035, -29.899741], [-51.238026, -29.899641], [-51.237931, -29.899647]]]}, "properties": {}},
{"type": "Feature", "geometry": {"type": "Polygon", "coordinates": [[[-51.238036, -29.899467], [-51.238042, -29.899531], [-51.23814, -29.899523], [-51.238133, -29.899459], [-51.238036, -29.899467]]]}, "properties": {}},
{"type": "Feature", "geometry": {"type": "Polygon", "coordinates": [[[-51.231851, -29.904057], [-51.231855, -29.904111], [-51.231944, -29.904106], [-51.23194, -29.904052], [-51.231851, -29.904057]]]}, "properties": {}},
{"type": "Feature", "geometry": {"type": "Polygon", "coordinates": [[[-51.235108, -29.902357], [-51.235078, -29.902359], [-51.235081, -29.9024], [-51.235112, -29.902398], [-51.235108, -29.902357]]]}, "properties": {}},
{"type": "Feature", "geometry": {"type": "Polygon", "coordinates": [[[-51.237941, -29.900681], [-51.237893, -29.900689], [-51.237897, -29.900708], [-51.237911, -29.900706], [-51.237917, -29.900728], [-51.23795, -29.900723], [-51.237941, -29.900681]]]}, "properties": {}},
{"type": "Feature", "geometry": {"type": "Polygon", "coordinates": [[[-51.235587, -29.900856], [-51.235592, -29.900904], [-51.235676, -29.900898], [-51.235673, -29.900864], [-51.235683, -29.900863], [-51.23567, -29.900734], [-51.235581, -29.900741], [-51.235592, -29.900856], [-51.235587, -29.900856]]]}, "properties": {}},
{"type": "Feature", "geometry": {"type": "Polygon", "coordinates": [[[-51.237254, -29.900332], [-51.237212, -29.900335], [-51.237215, -29.900375], [-51.23723, -29.900374], [-51.23723, -29.900387], [-51.237258, -29.900386], [-51.237254, -29.900332]]]}, "properties": {}},
{"type": "Feature", "geometry": {"type": "Polygon", "coordinates": [[[-51.238859, -29.900025], [-51.238845, -29.899974], [-51.238871, -29.899969], [-51.238862, -29.899934], [-51.238777, -29.899951], [-51.238801, -29.900037], [-51.238859, -29.900025]]]}, "properties": {}},
{"type": "Feature", "geometry": {"type": "Polygon", "coordinates": [[[-51.238057, -29.899671], [-51.238066, -29.899733], [-51.23817, -29.899722], [-51.238161, -29.89966], [-51.238057, -29.899671]]]}, "properties": {}},
{"type": "Feature", "geometry": {"type": "Polygon", "coordinates": [[[-51.23856, -29.902568], [-51.238556, -29.902531], [-51.238514, -29.902534], [-51.238522, -29.902609], [-51.238564, -29.902606], [-51.23856, -29.902568]]]}, "properties": {}},
{"type": "Feature", "geometry": {"type": "Polygon", "coordinates": [[[-51.236623, -29.900929], [-51.236541, -29.900935], [-51.236549, -29.901009], [-51.23663, -29.901002], [-51.236623, -29.900929]]]}, "properties": {}},
{"type": "Feature", "geometry": {"type": "Polygon", "coordinates": [[[-51.230634, -29.902905], [-51.230631, -29.902859], [-51.230544, -29.902863], [-51.230548, -29.902909], [-51.230634, -29.902905]]]}, "properties": {}},
{"type": "Feature", "geometry": {"type": "Polygon", "coordinates": [[[-51.23267, -29.900695], [-51.23267, -29.900727], [-51.232717, -29.900726], [-51.232717, -29.900695], [-51.23267, -29.900695]]]}, "properties": {}},
{"type": "Feature", "geometry": {"type": "Polygon", "coordinates": [[[-51.230094, -29.899799], [-51.230133, -29.899798], [-51.230132, -29.899752], [-51.230092, -29.899753], [-51.230094, -29.899799]]]}, "properties": {}},
{"type": "Feature", "geometry": {"type": "Polygon", "coordinates": [[[-51.235667, -29.902153], [-51.235665, -29.902135], [-51.235624, -29.902138], [-51.235625, -29.902152], [-51.235596, -29.902155], [-51.235599, -29.902182], [-51.235658, -29.902177], [-51.235656, -29.902154], [-51.235667, -29.902153]]]}, "properties": {}},
{"type": "Feature", "geometry": {"type": "Polygon", "coordinates": [[[-51.23676, -29.900824], [-51.236763, -29.900873], [-51.236798, -29.900871], [-51.236795, -29.900822], [-51.23676, -29.900824]]]}, "properties": {}},
{"type": "Feature", "geometry": {"type": "Polygon", "coordinates": [[[-51.233054, -29.90356], [-51.233059, -29.903623], [-51.233161, -29.903617], [-51.233156, -29.903553], [-51.233054, -29.90356]]]}, "properties": {}},
{"type": "Feature", "geometry": {"type": "Polygon", "coordinates": [[[-51.235842, -29.904657], [-51.235844, -29.90469], [-51.235818, -29.904692], [-51.235824, -29.904749], [-51.235883, -29.904746], [-51.235876, -29.904655], [-51.235842, -29.904657]]]}, "properties": {}},
{"type": "Feature", "geometry": {"type": "Polygon", "coordinates": [[[-51.232497, -29.901194], [-51.232559, -29.901191], [-51.232555, -29.901137], [-51.232494, -29.90114], [-51.232497, -29.901194]]]}, "properties": {}},
{"type": "Feature", "geometry": {"type": "Polygon", "coordinates": [[[-51.230423, -29.900163], [-51.230531, -29.900157], [-51.230528, -29.900106], [-51.230421, -29.900111], [-51.230423, -29.900163]]]}, "properties": {}},
{"type": "Feature", "geometry": {"type": "Polygon", "coordinates": [[[-51.230629, -29.899958], [-51.230694, -29.899958], [-51.230694, -29.89994], [-51.230629, -29.89994], [-51.230629, -29.899958]]]}, "properties": {}},
{"type": "Feature", "geometry": {"type": "Polygon", "coordinates": [[[-51.235718, -29.902985], [-51.235709, -29.902836], [-51.23564, -29.902839], [-51.235603, -29.90284], [-51.235606, -29.902894], [-51.23561, -29.90295], [-51.235611, -29.902971], [-51.235612, -29.90299], [-51.235648, -29.902988], [-51.235718, -29.902985]]]}, "properties": {}},
{"type": "Feature", "geometry": {"type": "Polygon", "coordinates": [[[-51.232601, -29.904507], [-51.232496, -29.904512], [-51.2325, -29.904579], [-51.232606, -29.904574], [-51.232601, -29.904507]]]}, "properties": {}},
{"type": "Feature", "geometry": {"type": "Polygon", "coordinates": [[[-51.23626, -29.901025], [-51.236252, -29.900978], [-51.236192, -29.900986], [-51.236201, -29.901041], [-51.236218, -29.901039], [-51.236217, -29.90103], [-51.23626, -29.901025]]]}, "properties": {}},
{"type": "Feature", "geometry": {"type": "Polygon", "coordinates": [[[-51.236544, -29.903989], [-51.236504, -29.903992], [-51.236508, -29.904044], [-51.236548, -29.904042], [-51.236544, -29.903989]]]}, "properties": {}},
{"type": "Feature", "geometry": {"type": "Polygon", "coordinates": [[[-51.232432, -29.899346], [-51.232412, -29.899348], [-51.232415, -29.899384], [-51.232416, -29.899397], [-51.232437, -29.899395], [-51.23252, -29.899389], [-51.232515, -29.89934], [-51.232432, -29.899346]]]}, "properties": {}},
{"type": "Feature", "geometry": {"type": "Polygon", "coordinates": [[[-51.23659, -29.904007], [-51.236597, -29.904091], [-51.236666, -29.904087], [-51.236659, -29.904003], [-51.23659, -29.904007]]]}, "properties": {}},
{"type": "Feature", "geometry": {"type": "Polygon", "coordinates": [[[-51.237259, -29.902088], [-51.237254, -29.902036], [-51.237215, -29.902038], [-51.23722, -29.902089], [-51.23722, -29.90209], [-51.237259, -29.902088]]]}, "properties": {}},
{"type": "Feature", "geometry": {"type": "Polygon", "coordinates": [[[-51.239754, -29.904062], [-51.239671, -29.904071], [-51.239677, -29.904111], [-51.239759, -29.904102], [-51.239754, -29.904062]]]}, "properties": {}},
{"type": "Feature", "geometry": {"type": "Polygon", "coordinates": [[[-51.233415, -29.900077], [-51.233408, -29.899992], [-51.233353, -29.899995], [-51.233359, -29.90008], [-51.233415, -29.900077]]]}, "properties": {}},
{"type": "Feature", "geometry": {"type": "Polygon", "coordinates": [[[-51.236574, -29.900657], [-51.236585, -29.900738], [-51.236677, -29.900729], [-51.236666, -29.900648], [-51.236574, -29.900657]]]}, "properties": {}},
{"type": "Feature", "geometry": {"type": "Polygon", "coordinates": [[[-51.234958, -29.904108], [-51.234912, -29.90411], [-51.234837, -29.904124], [-51.234855, -29.904197], [-51.234965, -29.904176], [-51.234958, -29.904108]]]}, "properties": {}},
{"type": "Feature", "geometry": {"type": "Polygon", "coordinates": [[[-51.23187, -29.90451], [-51.231876, -29.904581], [-51.231919, -29.904579], [-51.231918, -29.904565], [-51.231958, -29.904563], [-51.231953, -29.904505], [-51.23187, -29.90451]]]}, "properties": {}},
{"type": "Feature", "geometry": {"type": "Polygon", "coordinates": [[[-51.232418, -29.903005], [-51.232416, -29.902986], [-51.232356, -29.902989], [-51.232357, -29.903008], [-51.232418, -29.903005]]]}, "properties": {}},
{"type": "Feature", "geometry": {"type": "Polygon", "coordinates": [[[-51.237208, -29.899657], [-51.237194, -29.899659], [-51.23719, -29.899636], [-51.237111, -29.899645], [-51.237114, -29.899664], [-51.237084, -29.899668], [-51.237089, -29.899697], [-51.237212, -29.899682], [-51.237208, -29.899657]]]}, "properties": {}},
{"type": "Feature", "geometry": {"type": "Polygon", "coordinates": [[[-51.239683, -29.904146], [-51.239662, -29.904148], [-51.239658, -29.904116], [-51.239588, -29.904122], [-51.239591, -29.904143], [-51.239535, -29.904148], [-51.239536, -29.904156], [-51.239506, -29.904159], [-51.239511, -29.904199], [-51.239542, -29.904196], [-51.239543, -29.904208], [-51.239616, -29.904201], [-51.239619, -29.904231], [-51.239663, -29.904227], [-51.239658, -29.904192], [-51.239688, -29.90419], [-51.239683, -29.904146]]]}, "properties": {}},
{"type": "Feature", "geometry": {"type": "Polygon", "coordinates": [[[-51.239193, -29.902612], [-51.23919, -29.902579], [-51.239136, -29.902583], [-51.239139, -29.902616], [-51.239193, -29.902612]]]}, "properties": {}},
{"type": "Feature", "geometry": {"type": "Polygon", "coordinates": [[[-51.230124, -29.902626], [-51.230126, -29.902651], [-51.230185, -29.902649], [-51.230184, -29.902624], [-51.230124, -29.902626]]]}, "properties": {"info": {"is_agg": true, "properties_agg": [{"feature_id": 167593}], "geom_cmp_equals": [false], "geom_cmp_intersec": [0]}}},
{"type": "Feature", "geometry": {"type": "Polygon", "coordinates": [[[-51.22924, -29.900971], [-51.229242, -29.901], [-51.229288, -29.900998], [-51.229286, -29.900969], [-51.22924, -29.900971]]]}, "properties": {}},
{"type": "Feature", "geometry": {"type": "Polygon", "coordinates": [[[-51.238288, -29.904598], [-51.238283, -29.904539], [-51.238281, -29.904513], [-51.238278, -29.904481], [-51.238276, -29.90446], [-51.238206, -29.904464], [-51.238211, -29.904532], [-51.238215, -29.904587], [-51.238247, -29.904585], [-51.238249, -29.904613], [-51.238289, -29.90461], [-51.238288, -29.904598]]]}, "properties": {}},
{"type": "Feature", "geometry": {"type": "Polygon", "coordinates": [[[-51.230599, -29.899833], [-51.230601, -29.899899], [-51.230695, -29.899897], [-51.230692, -29.899831], [-51.230599, -29.899833]]]}, "properties": {}},
{"type": "Feature", "geometry": {"type": "Polygon", "coordinates": [[[-51.237441, -29.900178], [-51.237448, -29.900261], [-51.237501, -29.900258], [-51.237494, -29.900174], [-51.237441, -29.900178]]]}, "properties": {}},
{"type": "Feature", "geometry": {"type": "Polygon", "coordinates": [[[-51.232901, -29.90159], [-51.232905, -29.90164], [-51.232978, -29.901635], [-51.232974, -29.901586], [-51.232901, -29.90159]]]}, "properties": {}},
{"type": "Feature", "geometry": {"type": "Polygon", "coordinates": [[[-51.234809, -29.902116], [-51.234806, -29.902088], [-51.234784, -29.902089], [-51.234781, -29.902062], [-51.234702, -29.902067], [-51.234706, -29.902122], [-51.234809, -29.902116]]]}, "properties": {}},
{"type": "Feature", "geometry": {"type": "Polygon", "coordinates": [[[-51.235538, -29.901767], [-51.235474, -29.901773], [-51.23548, -29.901829], [-51.235545, -29.901825], [-51.235538, -29.901767]]]}, "properties": {}},
{"type": "Feature", "geometry": {"type": "Polygon", "coordinates": [[[-51.238854, -29.900124], [-51.238766, -29.900143], [-51.238783, -29.900201], [-51.238871, -29.900182], [-51.238854, -29.900124]]]}, "properties": {}},
{"type": "Feature", "geometry": {"type": "Polygon", "coordinates": [[[-51.233781, -29.899578], [-51.233776, -29.899498], [-51.23372, -29.8995], [-51.233724, -29.899581], [-51.233781, -29.899578]]]}, "properties": {}},
{"type": "Feature", "geometry": {"type": "Polygon", "coordinates": [[[-51.234613, -29.900356], [-51.23462, -29.900444], [-51.234566, -29.900448], [-51.23457, -29.90049], [-51.234696, -29.900487], [-51.234697, -29.900427], [-51.234661, -29.90043], [-51.234655, -29.900353], [-51.234613, -29.900356]]]}, "properties": {}},
{"type": "Feature", "geometry": {"type": "Polygon", "coordinates": [[[-51.23115, -29.902882], [-51.231157, -29.902995], [-51.231211, -29.902991], [-51.231203, -29.90288], [-51.23115, -29.902882]]]}, "properties": {}},
{"type": "Feature", "geometry": {"type": "Polygon", "coordinates": [[[-51.229495, -29.901967], [-51.229548, -29.901964], [-51.229542, -29.901892], [-51.229489, -29.901895], [-51.229495, -29.901967]]]}, "properties": {}},
{"type": "Feature", "geometry": {"type": "Polygon", "coordinates": [[[-51.231678, -29.901113], [-51.231681, -29.901162], [-51.231767, -29.901158], [-51.231764, -29.901109], [-51.231678, -29.901113]]]}, "properties": {}},
{"type": "Feature", "geometry": {"type": "Polygon", "coordinates": [[[-51.236193, -29.900308], [-51.236202, -29.900373], [-51.236198, -29.900373], [-51.236202, -29.900396], [-51.236263, -29.90039], [-51.23625, -29.900302], [-51.236193, -29.900308]]]}, "properties": {}},
{"type": "Feature", "geometry": {"type": "Polygon", "coordinates": [[[-51.235033, -29.903538], [-51.235042, -29.903622], [-51.235093, -29.903618], [-51.235095, -29.903641], [-51.235127, -29.903638], [-51.235126, -29.90363], [-51.23515, -29.903628], [-51.235148, -29.903613], [-51.235092, -29.903617], [-51.235083, -29.903534], [-51.235033, -29.903538]]]}, "properties": {}},
{"type": "Feature", "geometry": {"type": "Polygon", "coordinates": [[[-51.23585, -29.904219], [-51.23577, -29.904223], [-51.235774, -29.904279], [-51.235813, -29.904277], [-51.235813, -29.90428], [-51.235854, -29.904277], [-51.23585, -29.904219]]]}, "properties": {}},
{"type": "Feature", "geometry": {"type": "Polygon", "coordinates": [[[-51.233595, -29.90155], [-51.233543, -29.901555], [-51.233548, -29.901592], [-51.2336, -29.901586], [-51.233595, -29.90155]]]}, "properties": {}},
{"type": "Feature", "geometry": {"type": "Polygon", "coordinates": [[[-51.235294, -29.904222], [-51.235323, -29.904217], [-51.235313, -29.904178], [-51.235284, -29.904183], [-51.235294, -29.904222]]]}, "properties": {}},
{"type": "Feature", "geometry": {"type": "Polygon", "coordinates": [[[-51.229338, -29.904309], [-51.22933, -29.904199], [-51.229268, -29.904203], [-51.229276, -29.904312], [-51.229338, -29.904309]]]}, "properties": {}},
{"type": "Feature", "geometry": {"type": "Polygon", "coordinates": [[[-51.237345, -29.9025], [-51.237315, -29.902502], [-51.237319, -29.902554], [-51.237321, -29.902584], [-51.237321, -29.902588], [-51.237383, -29.902586], [-51.237383, -29.902585], [-51.23738, -29.902554], [-51.237376, -29.902498], [-51.237345, -29.9025]]]}, "properties": {}},
{"type": "Feature", "geometry": {"type": "Polygon", "coordinates": [[[-51.234705, -29.902822], [-51.234708, -29.902848], [-51.234812, -29.902836], [-51.234804, -29.902812], [-51.234804, -29.90281], [-51.234797, -29.90281], [-51.234792, -29.902811], [-51.234787, -29.902811], [-51.234745, -29.902814], [-51.234704, -29.902817], [-51.234705, -29.902822]]]}, "properties": {}},
{"type": "Feature", "geometry": {"type": "Polygon", "coordinates": [[[-51.236792, -29.901485], [-51.236792, -29.901464], [-51.236776, -29.901464], [-51.236777, -29.901485], [-51.236748, -29.901485], [-51.236748, -29.901534], [-51.236834, -29.901534], [-51.236833, -29.901484], [-51.236792, -29.901485]]]}, "properties": {}},
{"type": "Feature", "geometry": {"type": "Polygon", "coordinates": [[[-51.229698, -29.901867], [-51.2297, -29.90189], [-51.229737, -29.901888], [-51.229736, -29.901865], [-51.229698, -29.901867]]]}, "properties": {}},
{"type": "Feature", "geometry": {"type": "Polygon", "coordinates": [[[-51.236854, -29.904562], [-51.23686, -29.904572], [-51.236848, -29.904577], [-51.236857, -29.904592], [-51.236899, -29.904575], [-51.236886, -29.904549], [-51.236854, -29.904562]]]}, "properties": {}},
{"type": "Feature", "geometry": {"type": "Polygon", "coordinates": [[[-51.230098, -29.90102], [-51.229988, -29.901027], [-51.22999, -29.901043], [-51.230099, -29.901036], [-51.230098, -29.90102]]]}, "properties": {}},
{"type": "Feature", "geometry": {"type": "Polygon", "coordinates": [[[-51.236087, -29.904408], [-51.236128, -29.904404], [-51.236146, -29.904402], [-51.236139, -29.904348], [-51.236066, -29.904355], [-51.236073, -29.904409], [-51.236087, -29.904408]]]}, "properties": {}},
{"type": "Feature", "geometry": {"type": "Polygon", "coordinates": [[[-51.23555, -29.903465], [-51.235525, -29.903466], [-51.235533, -29.903569], [-51.235563, -29.903567], [-51.235564, -29.903572], [-51.235643, -29.903568], [-51.235633, -29.903444], [-51.235549, -29.903449], [-51.23555, -29.903465]]]}, "properties": {}},
{"type": "Feature", "geometry": {"type": "Polygon", "coordinates": [[[-51.229379, -29.902629], [-51.229381, -29.902651], [-51.229344, -29.902653], [-51.229349, -29.902712], [-51.229405, -29.902708], [-51.229398, -29.902627], [-51.229379, -29.902629]]]}, "properties": {}},
{"type": "Feature", "geometry": {"type": "Polygon", "coordinates": [[[-51.230389, -29.904535], [-51.230394, -29.904588], [-51.230362, -29.90459], [-51.230367, -29.904643], [-51.230368, -29.904663], [-51.230455, -29.904658], [-51.230453, -29.904638], [-51.230455, -29.904637], [-51.230446, -29.904532], [-51.230389, -29.904535]]]}, "properties": {}},
{"type": "Feature", "geometry": {"type": "Polygon", "coordinates": [[[-51.236321, -29.900388], [-51.236332, -29.900438], [-51.236364, -29.900433], [-51.236353, -29.900382], [-51.236321, -29.900388]]]}, "properties": {}},
{"type": "Feature", "geometry": {"type": "Polygon", "coordinates": [[[-51.239624, -29.904063], [-51.239482, -29.904078], [-51.239489, -29.904132], [-51.239631, -29.904116], [-51.239624, -29.904063]]]}, "properties": {}},
{"type": "Feature", "geometry": {"type": "Polygon", "coordinates": [[[-51.235275, -29.904279], [-51.235288, -29.904276], [-51.235307, -29.904329], [-51.235347, -29.904318], [-51.235322, -29.904249], [-51.235292, -29.904257], [-51.235289, -29.904247], [-51.235266, -29.904253], [-51.235275, -29.904279]]]}, "properties": {}},
{"type": "Feature", "geometry": {"type": "Polygon", "coordinates": [[[-51.239802, -29.903954], [-51.239772, -29.90396], [-51.239778, -29.903982], [-51.239807, -29.903977], [-51.239802, -29.903954]]]}, "properties": {}},
{"type": "Feature", "geometry": {"type": "Polygon", "coordinates": [[[-51.239328, -29.902988], [-51.23931, -29.902899], [-51.239209, -29.902915], [-51.239228, -29.903004], [-51.239328, -29.902988]]]}, "properties": {}},
{"type": "Feature", "geometry": {"type": "Polygon", "coordinates": [[[-51.236045, -29.904578], [-51.23605, -29.904605], [-51.236082, -29.9046], [-51.236076, -29.904573], [-51.236045, -29.904578]]]}, "properties": {}},
{"type": "Feature", "geometry": {"type": "Polygon", "coordinates": [[[-51.236227, -29.900922], [-51.2363, -29.900909], [-51.236293, -29.900877], [-51.236219, -29.90089], [-51.236227, -29.900922]]]}, "properties": {}},
{"type": "Feature", "geometry": {"type": "Polygon", "coordinates": [[[-51.230831, -29.903709], [-51.230829, -29.903671], [-51.230709, -29.903676], [-51.230705, -29.903603], [-51.230649, -29.903605], [-51.230653, -29.903678], [-51.230655, -29.903717], [-51.230831, -29.903709]]]}, "properties": {}},
{"type": "Feature", "geometry": {"type": "Polygon", "coordinates": [[[-51.232625, -29.904362], [-51.232605, -29.904363], [-51.232602, -29.904332], [-51.232505, -29.904338], [-51.232511, -29.904406], [-51.232628, -29.904399], [-51.232625, -29.904362]]]}, "properties": {}},
{"type": "Feature", "geometry": {"type": "Polygon", "coordinates": [[[-51.238378, -29.90364], [-51.238386, -29.903769], [-51.238463, -29.903766], [-51.238456, -29.903637], [-51.238378, -29.90364]]]}, "properties": {}},
{"type": "Feature", "geometry": {"type": "Polygon", "coordinates": [[[-51.232324, -29.899354], [-51.232328, -29.899398], [-51.232354, -29.899396], [-51.232349, -29.899352], [-51.232324, -29.899354]]]}, "properties": {}},
{"type": "Feature", "geometry": {"type": "Polygon", "coordinates": [[[-51.235699, -29.902736], [-51.23569, -29.902737], [-51.235681, -29.902737], [-51.235671, -29.902738], [-51.235671, -29.90273], [-51.235661, -29.902731], [-51.235652, -29.902731], [-51.235642, -29.902732], [-51.235633, -29.902732], [-51.235632, -29.902726], [-51.235632, -29.902719], [-51.235631, -29.902712], [-51.235631, -29.902705], [-51.235613, -29.902706], [-51.235594, -29.902708], [-51.235596, -29.902733], [-51.235597, -29.902748], [-51.2356, -29.902789], [-51.235631, -29.902787], [-51.235656, -29.902786], [-51.235661, -29.902786], [-51.235679, -29.902785], [-51.235692, -29.902784], [-51.2357, -29.902783], [-51.235712, -29.902783], [-51.23571, -29.902759], [-51.235709, -29.902736], [-51.235699, -29.902736]]]}, "properties": {}},
{"type": "Feature", "geometry": {"type": "Polygon", "coordinates": [[[-51.231903, -29.900088], [-51.231926, -29.900087], [-51.231921, -29.900038], [-51.231899, -29.900039], [-51.231903, -29.900088]]]}, "properties": {}},
{"type": "Feature", "geometry": {"type": "Polygon", "coordinates": [[[-51.238308, -29.900671], [-51.238426, -29.90066], [-51.238421, -29.900632], [-51.238413, -29.900633], [-51.238304, -29.900646], [-51.238308, -29.900671]]]}, "properties": {}},
{"type": "Feature", "geometry": {"type": "Polygon", "coordinates": [[[-51.239418, -29.903802], [-51.239407, -29.903748], [-51.239383, -29.903752], [-51.239394, -29.903806], [-51.239418, -29.903802]]]}, "properties": {}},
{"type": "Feature", "geometry": {"type": "Polygon", "coordinates": [[[-51.239215, -29.901306], [-51.239151, -29.901317], [-51.239162, -29.90137], [-51.239226, -29.90136], [-51.239215, -29.901306]]]}, "properties": {}},
{"type": "Feature", "geometry": {"type": "Polygon", "coordinates": [[[-51.232146, -29.904033], [-51.232146, -29.904044], [-51.232121, -29.904044], [-51.232121, -29.904085], [-51.232208, -29.904086], [-51.232209, -29.904034], [-51.232146, -29.904033]]]}, "properties": {}},
{"type": "Feature", "geometry": {"type": "Polygon", "coordinates": [[[-51.234832, -29.899993], [-51.23483, -29.900018], [-51.234822, -29.900018], [-51.234821, -29.900029], [-51.23488, -29.900032], [-51.234883, -29.899996], [-51.234832, -29.899993]]]}, "properties": {}},
{"type": "Feature", "geometry": {"type": "Polygon", "coordinates": [[[-51.23019, -29.900157], [-51.230211, -29.900157], [-51.230213, -29.900193], [-51.230269, -29.900191], [-51.230268, -29.900143], [-51.230211, -29.900144], [-51.230211, -29.900137], [-51.230189, -29.900138], [-51.23019, -29.900157]]]}, "properties": {}},
{"type": "Feature", "geometry": {"type": "Polygon", "coordinates": [[[-51.235228, -29.899724], [-51.235234, -29.899814], [-51.23529, -29.899812], [-51.235291, -29.899845], [-51.235333, -29.899844], [-51.235331, -29.899811], [-51.235346, -29.89981], [-51.235342, -29.89972], [-51.235228, -29.899724]]]}, "properties": {}},
{"type": "Feature", "geometry": {"type": "Polygon", "coordinates": [[[-51.234265, -29.902686], [-51.234272, -29.90278], [-51.234347, -29.902775], [-51.23434, -29.902682], [-51.234265, -29.902686]]]}, "properties": {}},
{"type": "Feature", "geometry": {"type": "Polygon", "coordinates": [[[-51.233417, -29.899554], [-51.233438, -29.899553], [-51.23344, -29.899573], [-51.233504, -29.89957], [-51.233502, -29.89953], [-51.233416, -29.899534], [-51.233417, -29.899554]]]}, "properties": {}},
{"type": "Feature", "geometry": {"type": "Polygon", "coordinates": [[[-51.233346, -29.900113], [-51.233367, -29.900111], [-51.233369, -29.900132], [-51.233374, -29.900131], [-51.233376, -29.900156], [-51.233408, -29.900153], [-51.233406, -29.900127], [-51.233433, -29.900125], [-51.233461, -29.900123], [-51.233457, -29.900077], [-51.233344, -29.900084], [-51.233346, -29.900113]]]}, "properties": {}},
{"type": "Feature", "geometry": {"type": "Polygon", "coordinates": [[[-51.23597, -29.904523], [-51.235994, -29.90452], [-51.235992, -29.904508], [-51.235992, -29.904503], [-51.235988, -29.90448], [-51.235983, -29.904448], [-51.235981, -29.904436], [-51.235912, -29.904444], [-51.235929, -29.904549], [-51.235949, -29.904547], [-51.235946, -29.904525], [-51.23597, -29.904523]]]}, "properties": {}},
{"type": "Feature", "geometry": {"type": "Polygon", "coordinates": [[[-51.236417, -29.900259], [-51.236381, -29.900263], [-51.236386, -29.9003], [-51.236338, -29.900305], [-51.236343, -29.900343], [-51.236312, -29.900346], [-51.236317, -29.900381], [-51.236317, -29.900382], [-51.236432, -29.90037], [-51.236417, -29.900259]]]}, "properties": {}},
{"type": "Feature", "geometry": {"type": "Polygon", "coordinates": [[[-51.236789, -29.901678], [-51.236854, -29.901673], [-51.236855, -29.901681], [-51.236868, -29.90168], [-51.236866, -29.901661], [-51.236855, -29.901662], [-51.236848, -29.901599], [-51.236781, -29.901604], [-51.236789, -29.901678]]]}, "properties": {}},
{"type": "Feature", "geometry": {"type": "Polygon", "coordinates": [[[-51.236065, -29.904408], [-51.236055, -29.904333], [-51.235987, -29.90434], [-51.235997, -29.904414], [-51.236065, -29.904408]]]}, "properties": {}},
{"type": "Feature", "geometry": {"type": "Polygon", "coordinates": [[[-51.229286, -29.901102], [-51.229252, -29.901104], [-51.229252, -29.901117], [-51.229221, -29.901118], [-51.229225, -29.901177], [-51.229233, -29.901177], [-51.229234, -29.901198], [-51.229231, -29.901198], [-51.229237, -29.901283], [-51.229298, -29.90128], [-51.229286, -29.901102]]]}, "properties": {}},
{"type": "Feature", "geometry": {"type": "Polygon", "coordinates": [[[-51.229367, -29.904534], [-51.229339, -29.904535], [-51.229344, -29.904605], [-51.229372, -29.904604], [-51.229367, -29.904534]]]}, "properties": {}},
{"type": "Feature", "geometry": {"type": "Polygon", "coordinates": [[[-51.23409, -29.899928], [-51.234099, -29.900028], [-51.234165, -29.900024], [-51.234155, -29.899923], [-51.23409, -29.899928]]]}, "properties": {}},
{"type": "Feature", "geometry": {"type": "Polygon", "coordinates": [[[-51.236509, -29.900853], [-51.236513, -29.900898], [-51.236599, -29.900892], [-51.236594, -29.900847], [-51.236509, -29.900853]]]}, "properties": {}},
{"type": "Feature", "geometry": {"type": "Polygon", "coordinates": [[[-51.234341, -29.900497], [-51.234277, -29.9005], [-51.234282, -29.900589], [-51.234346, -29.900586], [-51.234341, -29.900497]]]}, "properties": {}},
{"type": "Feature", "geometry": {"type": "Polygon", "coordinates": [[[-51.234243, -29.899577], [-51.234243, -29.899583], [-51.234179, -29.899583], [-51.23418, -29.899636], [-51.234263, -29.899636], [-51.234263, -29.899577], [-51.234243, -29.899577]]]}, "properties": {}},
{"type": "Feature", "geometry": {"type": "Polygon", "coordinates": [[[-51.235471, -29.899526], [-51.235474, -29.899554], [-51.235506, -29.899552], [-51.235503, -29.899523], [-51.235471, -29.899526]]]}, "properties": {}},
{"type": "Feature", "geometry": {"type": "Polygon", "coordinates": [[[-51.237491, -29.904009], [-51.237497, -29.904083], [-51.237626, -29.904076], [-51.237621, -29.904002], [-51.237491, -29.904009]]]}, "properties": {}},
{"type": "Feature", "geometry": {"type": "Polygon", "coordinates": [[[-51.232546, -29.902896], [-51.232548, -29.902924], [-51.232663, -29.902918], [-51.232662, -29.90289], [-51.232546, -29.902896]]]}, "properties": {}},
{"type": "Feature", "geometry": {"type": "Polygon", "coordinates": [[[-51.238225, -29.904014], [-51.238221, -29.903942], [-51.238136, -29.903946], [-51.238138, -29.903993], [-51.238139, -29.904018], [-51.238162, -29.904017], [-51.238225, -29.904014]]]}, "properties": {}},
{"type": "Feature", "geometry": {"type": "Polygon", "coordinates": [[[-51.238361, -29.900312], [-51.23837, -29.900363], [-51.238415, -29.900357], [-51.238405, -29.900306], [-51.238361, -29.900312]]]}, "properties": {}},
{"type": "Feature", "geometry": {"type": "Polygon", "coordinates": [[[-51.235345, -29.899784], [-51.235395, -29.899783], [-51.235393, -29.899744], [-51.235408, -29.899744], [-51.235407, -29.89973], [-51.235343, -29.899732], [-51.235345, -29.899784]]]}, "properties": {}},
{"type": "Feature", "geometry": {"type": "Polygon", "coordinates": [[[-51.231083, -29.901688], [-51.231089, -29.901763], [-51.23118, -29.901758], [-51.231176, -29.90171], [-51.231175, -29.901693], [-51.231228, -29.901689], [-51.231227, -29.901679], [-51.231083, -29.901688]]]}, "properties": {}},
{"type": "Feature", "geometry": {"type": "Polygon", "coordinates": [[[-51.23291, -29.90456], [-51.232917, -29.904648], [-51.23297, -29.904645], [-51.232963, -29.904557], [-51.23291, -29.90456]]]}, "properties": {}},
{"type": "Feature", "geometry": {"type": "Polygon", "coordinates": [[[-51.237039, -29.902261], [-51.237036, -29.902212], [-51.236931, -29.902217], [-51.236934, -29.902266], [-51.237039, -29.902261]]]}, "properties": {}},
{"type": "Feature", "geometry": {"type": "Polygon", "coordinates": [[[-51.239225, -29.902261], [-51.239138, -29.902269], [-51.239137, -29.902259], [-51.239069, -29.902265], [-51.239076, -29.902331], [-51.239231, -29.902318], [-51.239225, -29.902261]]]}, "properties": {}},
{"type": "Feature", "geometry": {"type": "Polygon", "coordinates": [[[-51.23923, -29.901835], [-51.239222, -29.901781], [-51.239197, -29.901784], [-51.239205, -29.901838], [-51.23923, -29.901835]]]}, "properties": {}},
{"type": "Feature", "geometry": {"type": "Polygon", "coordinates": [[[-51.231543, -29.899682], [-51.231518, -29.899684], [-51.231525, -29.899769], [-51.231549, -29.899768], [-51.231543, -29.899682]]]}, "properties": {}},
{"type": "Feature", "geometry": {"type": "Polygon", "coordinates": [[[-51.233635, -29.903795], [-51.233638, -29.903836], [-51.233689, -29.903834], [-51.23369, -29.903847], [-51.233803, -29.903841], [-51.233801, -29.903815], [-51.233787, -29.903815], [-51.233785, -29.903787], [-51.233635, -29.903795]]]}, "properties": {}},
{"type": "Feature", "geometry": {"type": "Polygon", "coordinates": [[[-51.238172, -29.902541], [-51.238166, -29.902468], [-51.238126, -29.90247], [-51.238128, -29.902491], [-51.238131, -29.90253], [-51.238132, -29.902544], [-51.238172, -29.902541]]]}, "properties": {}},
{"type": "Feature", "geometry": {"type": "Polygon", "coordinates": [[[-51.234425, -29.902176], [-51.234319, -29.902183], [-51.234321, -29.902213], [-51.234427, -29.902206], [-51.234425, -29.902176]]]}, "properties": {}},
{"type": "Feature", "geometry": {"type": "Polygon", "coordinates": [[[-51.233048, -29.903107], [-51.233052, -29.903148], [-51.233161, -29.903141], [-51.233157, -29.9031], [-51.233048, -29.903107]]]}, "properties": {}},
{"type": "Feature", "geometry": {"type": "Polygon", "coordinates": [[[-51.229428, -29.904519], [-51.229366, -29.904522], [-51.229372, -29.904604], [-51.229434, -29.904601], [-51.229428, -29.904519]]]}, "properties": {}},
{"type": "Feature", "geometry": {"type": "Polygon", "coordinates": [[[-51.237934, -29.903848], [-51.237936, -29.903868], [-51.237962, -29.903867], [-51.237965, -29.903909], [-51.237988, -29.903908], [-51.237982, -29.903845], [-51.237934, -29.903848]]]}, "properties": {}},
{"type": "Feature", "geometry": {"type": "Polygon", "coordinates": [[[-51.237521, -29.90469], [-51.237513, -29.904583], [-51.237424, -29.904588], [-51.237432, -29.904695], [-51.237521, -29.90469]]]}, "properties": {}},
{"type": "Feature", "geometry": {"type": "Polygon", "coordinates": [[[-51.229532, -29.902453], [-51.229534, -29.902486], [-51.229643, -29.90248], [-51.22964, -29.902447], [-51.229532, -29.902453]]]}, "properties": {"info": {"is_agg": true, "properties_agg": [{"feature_id": 173086}], "geom_cmp_equals": [false], "geom_cmp_intersec": [0]}}},
{"type": "Feature", "geometry": {"type": "Polygon", "coordinates": [[[-51.234117, -29.903018], [-51.23412, -29.903056], [-51.234173, -29.903053], [-51.234171, -29.903028], [-51.23419, -29.903027], [-51.234189, -29.903014], [-51.23417, -29.903015], [-51.234117, -29.903018]]]}, "properties": {}},
{"type": "Feature", "geometry": {"type": "Polygon", "coordinates": [[[-51.230592, -29.9012], [-51.230601, -29.901236], [-51.230623, -29.901232], [-51.230629, -29.90126], [-51.230693, -29.90125], [-51.230678, -29.901185], [-51.230592, -29.9012]]]}, "properties": {}},
{"type": "Feature", "geometry": {"type": "Polygon", "coordinates": [[[-51.239709, -29.903999], [-51.239714, -29.90403], [-51.239764, -29.904024], [-51.23976, -29.903992], [-51.239709, -29.903999]]]}, "properties": {}},
{"type": "Feature", "geometry": {"type": "Polygon", "coordinates": [[[-51.235726, -29.901028], [-51.235762, -29.901146], [-51.235812, -29.901134], [-51.235775, -29.901017], [-51.235726, -29.901028]]]}, "properties": {}},
{"type": "Feature", "geometry": {"type": "Polygon", "coordinates": [[[-51.229413, -29.902672], [-51.229418, -29.902725], [-51.229445, -29.902724], [-51.229441, -29.902671], [-51.229413, -29.902672]]]}, "properties": {}},
{"type": "Feature", "geometry": {"type": "Polygon", "coordinates": [[[-51.23479, -29.900946], [-51.234756, -29.900949], [-51.234761, -29.901004], [-51.234795, -29.901001], [-51.23479, -29.900946]]]}, "properties": {}},
{"type": "Feature", "geometry": {"type": "Polygon", "coordinates": [[[-51.235236, -29.900825], [-51.235241, -29.900902], [-51.235307, -29.900898], [-51.235302, -29.900821], [-51.235236, -29.900825]]]}, "properties": {}},
{"type": "Feature", "geometry": {"type": "Polygon", "coordinates": [[[-51.229988, -29.89941], [-51.229984, -29.899358], [-51.229929, -29.899361], [-51.229933, -29.899414], [-51.229988, -29.89941]]]}, "properties": {}},
{"type": "Feature", "geometry": {"type": "Polygon", "coordinates": [[[-51.230284, -29.901674], [-51.230281, -29.901643], [-51.230235, -29.901645], [-51.230238, -29.901677], [-51.230284, -29.901674]]]}, "properties": {}},
{"type": "Feature", "geometry": {"type": "Polygon", "coordinates": [[[-51.233822, -29.900654], [-51.233824, -29.900673], [-51.233849, -29.900671], [-51.233846, -29.900649], [-51.233872, -29.900647], [-51.23387, -29.900624], [-51.233907, -29.900621], [-51.233897, -29.900546], [-51.233794, -29.900556], [-51.233807, -29.900656], [-51.233822, -29.900654]]]}, "properties": {}},
{"type": "Feature", "geometry": {"type": "Polygon", "coordinates": [[[-51.234951, -29.902333], [-51.234942, -29.902225], [-51.234914, -29.902225], [-51.234916, -29.902247], [-51.23491, -29.902247], [-51.234917, -29.902335], [-51.234951, -29.902333]]]}, "properties": {}},
{"type": "Feature", "geometry": {"type": "Polygon", "coordinates": [[[-51.229639, -29.901525], [-51.229647, -29.901638], [-51.229673, -29.901636], [-51.229666, -29.901524], [-51.229639, -29.901525]]]}, "properties": {}},
{"type": "Feature", "geometry": {"type": "Polygon", "coordinates": [[[-51.238375, -29.901563], [-51.238391, -29.901563], [-51.238444, -29.901561], [-51.23844, -29.901464], [-51.238372, -29.901465], [-51.238374, -29.901536], [-51.238375, -29.901563]]]}, "properties": {}},
{"type": "Feature", "geometry": {"type": "Polygon", "coordinates": [[[-51.236245, -29.899708], [-51.23625, -29.899816], [-51.236304, -29.899814], [-51.236303, -29.899793], [-51.236306, -29.899793], [-51.236301, -29.899706], [-51.236245, -29.899708]]]}, "properties": {}},
{"type": "Feature", "geometry": {"type": "Polygon", "coordinates": [[[-51.237688, -29.901528], [-51.237674, -29.901528], [-51.237676, -29.901551], [-51.237636, -29.901553], [-51.237641, -29.901617], [-51.237694, -29.901614], [-51.237688, -29.901528]]]}, "properties": {}},
{"type": "Feature", "geometry": {"type": "Polygon", "coordinates": [[[-51.236316, -29.901465], [-51.236274, -29.901466], [-51.236277, -29.901533], [-51.236319, -29.901531], [-51.236316, -29.901465]]]}, "properties": {}},
{"type": "Feature", "geometry": {"type": "Polygon", "coordinates": [[[-51.237882, -29.902485], [-51.237885, -29.902533], [-51.237888, -29.902573], [-51.237905, -29.902572], [-51.237902, -29.902536], [-51.237921, -29.902535], [-51.237917, -29.902483], [-51.237882, -29.902485]]]}, "properties": {}},
{"type": "Feature", "geometry": {"type": "Polygon", "coordinates": [[[-51.232561, -29.90305], [-51.232458, -29.903056], [-51.232463, -29.903119], [-51.232567, -29.903113], [-51.232561, -29.90305]]]}, "properties": {}},
{"type": "Feature", "geometry": {"type": "Polygon", "coordinates": [[[-51.238794, -29.900696], [-51.238843, -29.900688], [-51.238839, -29.900667], [-51.238816, -29.900671], [-51.238814, -29.900662], [-51.238855, -29.900655], [-51.238844, -29.900606], [-51.238777, -29.900617], [-51.238721, -29.900627], [-51.238738, -29.900706], [-51.238794, -29.900697], [-51.238794, -29.900696]]]}, "properties": {}},
{"type": "Feature", "geometry": {"type": "Polygon", "coordinates": [[[-51.232311, -29.899957], [-51.232192, -29.899961], [-51.232193, -29.89998], [-51.232194, -29.900012], [-51.232314, -29.900007], [-51.232311, -29.899957]]]}, "properties": {}},
{"type": "Feature", "geometry": {"type": "Polygon", "coordinates": [[[-51.236566, -29.899911], [-51.236569, -29.899965], [-51.236617, -29.899963], [-51.236614, -29.89991], [-51.236566, -29.899911]]]}, "properties": {}},
{"type": "Feature", "geometry": {"type": "Polygon", "coordinates": [[[-51.238882, -29.903171], [-51.239009, -29.903164], [-51.239007, -29.903137], [-51.23888, -29.903144], [-51.238882, -29.903171]]]}, "properties": {}},
{"type": "Feature", "geometry": {"type": "Polygon", "coordinates": [[[-51.237158, -29.89937], [-51.237124, -29.899374], [-51.237129, -29.899402], [-51.237041, -29.899412], [-51.237051, -29.899474], [-51.237172, -29.89946], [-51.237158, -29.89937]]]}, "properties": {}},
{"type": "Feature", "geometry": {"type": "Polygon", "coordinates": [[[-51.23223, -29.90087], [-51.232232, -29.9009], [-51.232273, -29.900898], [-51.232275, -29.900932], [-51.232379, -29.900927], [-51.232376, -29.900864], [-51.23223, -29.90087]]]}, "properties": {}},
{"type": "Feature", "geometry": {"type": "Polygon", "coordinates": [[[-51.234773, -29.901639], [-51.234843, -29.901637], [-51.234842, -29.901573], [-51.234817, -29.901574], [-51.234817, -29.901538], [-51.234766, -29.901541], [-51.234773, -29.901639]]]}, "properties": {}},
{"type": "Feature", "geometry": {"type": "Polygon", "coordinates": [[[-51.233045, -29.90374], [-51.233047, -29.903766], [-51.233084, -29.903764], [-51.233082, -29.903738], [-51.233045, -29.90374]]]}, "properties": {}},
{"type": "Feature", "geometry": {"type": "Polygon", "coordinates": [[[-51.232226, -29.900671], [-51.232226, -29.900698], [-51.232272, -29.900698], [-51.232272, -29.900671], [-51.232226, -29.900671]]]}, "properties": {}},
{"type": "Feature", "geometry": {"type": "Polygon", "coordinates": [[[-51.239065, -29.901365], [-51.239065, -29.901363], [-51.239023, -29.90137], [-51.239036, -29.901432], [-51.239123, -29.901418], [-51.239125, -29.901424], [-51.239142, -29.901421], [-51.239128, -29.901355], [-51.239065, -29.901365]]]}, "properties": {"info": {"is_agg": true, "properties_agg": [{"feature_id": 176092}], "geom_cmp_equals": [false], "geom_cmp_intersec": [0.00006991330896914402]}}},
{"type": "Feature", "geometry": {"type": "Polygon", "coordinates": [[[-51.233832, -29.901495], [-51.233879, -29.90149], [-51.233876, -29.901472], [-51.233829, -29.901477], [-51.233832, -29.901495]]]}, "properties": {}},
{"type": "Feature", "geometry": {"type": "Polygon", "coordinates": [[[-51.234988, -29.90276], [-51.235053, -29.902757], [-51.235048, -29.902686], [-51.234984, -29.902689], [-51.234988, -29.90276]]]}, "properties": {}},
{"type": "Feature", "geometry": {"type": "Polygon", "coordinates": [[[-51.239837, -29.904549], [-51.239832, -29.904494], [-51.239804, -29.904496], [-51.23981, -29.904551], [-51.239837, -29.904549]]]}, "properties": {}},
{"type": "Feature", "geometry": {"type": "Polygon", "coordinates": [[[-51.232232, -29.904157], [-51.232188, -29.90416], [-51.232186, -29.904132], [-51.232049, -29.90414], [-51.232054, -29.904208], [-51.232124, -29.904203], [-51.232124, -29.904191], [-51.232234, -29.904184], [-51.232232, -29.904157]]]}, "properties": {}},
{"type": "Feature", "geometry": {"type": "Polygon", "coordinates": [[[-51.2381, -29.900914], [-51.238066, -29.900919], [-51.238074, -29.900969], [-51.238108, -29.900964], [-51.2381, -29.900914]]]}, "properties": {}},
{"type": "Feature", "geometry": {"type": "Polygon", "coordinates": [[[-51.229384, -29.90084], [-51.229336, -29.900842], [-51.229339, -29.900888], [-51.229387, -29.900886], [-51.229384, -29.90084]]]}, "properties": {}},
{"type": "Feature", "geometry": {"type": "Polygon", "coordinates": [[[-51.235006, -29.899318], [-51.235007, -29.899354], [-51.235096, -29.899352], [-51.235095, -29.899316], [-51.235006, -29.899318]]]}, "properties": {}},
{"type": "Feature", "geometry": {"type": "Polygon", "coordinates": [[[-51.236471, -29.90084], [-51.236526, -29.90083], [-51.236513, -29.900776], [-51.236458, -29.900787], [-51.236471, -29.90084]]]}, "properties": {}},
{"type": "Feature", "geometry": {"type": "Polygon", "coordinates": [[[-51.232257, -29.900154], [-51.232199, -29.900155], [-51.232202, -29.900268], [-51.232259, -29.900267], [-51.232257, -29.900178], [-51.232264, -29.900178], [-51.232264, -29.900154], [-51.232257, -29.900154]]]}, "properties": {}},
{"type": "Feature", "geometry": {"type": "Polygon", "coordinates": [[[-51.233881, -29.900971], [-51.233882, -29.900978], [-51.23383, -29.900984], [-51.233836, -29.90103], [-51.23391, -29.901022], [-51.233903, -29.900969], [-51.233881, -29.900971]]]}, "properties": {}},
{"type": "Feature", "geometry": {"type": "Polygon", "coordinates": [[[-51.2327, -29.903011], [-51.232763, -29.903007], [-51.232758, -29.902941], [-51.232696, -29.902944], [-51.2327, -29.903011]]]}, "properties": {}},
{"type": "Feature", "geometry": {"type": "Polygon", "coordinates": [[[-51.232646, -29.901496], [-51.232676, -29.901495], [-51.232672, -29.901446], [-51.232642, -29.901448], [-51.232646, -29.901496]]]}, "properties": {}},
{"type": "Feature", "geometry": {"type": "Polygon", "coordinates": [[[-51.237985, -29.904442], [-51.237964, -29.904443], [-51.237967, -29.904481], [-51.237988, -29.90448], [-51.237995, -29.90458], [-51.238038, -29.904577], [-51.238026, -29.90444], [-51.237985, -29.904442]]]}, "properties": {}},
{"type": "Feature", "geometry": {"type": "Polygon", "coordinates": [[[-51.229759, -29.90458], [-51.229831, -29.904575], [-51.229825, -29.904505], [-51.229753, -29.90451], [-51.229759, -29.90458]]]}, "properties": {}},
{"type": "Feature", "geometry": {"type": "Polygon", "coordinates": [[[-51.234693, -29.902715], [-51.234694, -29.90273], [-51.234695, -29.902738], [-51.234695, -29.902744], [-51.23478, -29.902739], [-51.23478, -29.902738], [-51.234778, -29.902709], [-51.234693, -29.902715]]]}, "properties": {}},
{"type": "Feature", "geometry": {"type": "Polygon", "coordinates": [[[-51.237429, -29.89972], [-51.237438, -29.899797], [-51.237489, -29.899793], [-51.237481, -29.899716], [-51.237429, -29.89972]]]}, "properties": {}},
{"type": "Feature", "geometry": {"type": "Polygon", "coordinates": [[[-51.234654, -29.89979], [-51.234583, -29.89979], [-51.234582, -29.899822], [-51.234582, -29.899847], [-51.234654, -29.899848], [-51.234654, -29.89979]]]}, "properties": {"info": {"is_agg": true, "properties_agg": [{"feature_id": 176056}], "geom_cmp_equals": [false], "geom_cmp_intersec": [0]}}},
{"type": "Feature", "geometry": {"type": "Polygon", "coordinates": [[[-51.237282, -29.901498], [-51.237315, -29.901495], [-51.237309, -29.901456], [-51.237276, -29.90146], [-51.237282, -29.901498]]]}, "properties": {}},
{"type": "Feature", "geometry": {"type": "Polygon", "coordinates": [[[-51.237802, -29.903054], [-51.237805, -29.903106], [-51.237839, -29.903105], [-51.237835, -29.903052], [-51.237802, -29.903054]]]}, "properties": {"info": {"is_agg": true, "properties_agg": [{"feature_id": 178796}], "geom_cmp_equals": [false], "geom_cmp_intersec": [0.005299180405424381]}}},
{"type": "Feature", "geometry": {"type": "Polygon", "coordinates": [[[-51.23558, -29.904382], [-51.235588, -29.904407], [-51.235588, -29.904408], [-51.235599, -29.904405], [-51.23561, -29.90444], [-51.235674, -29.904424], [-51.23565, -29.904348], [-51.235575, -29.904366], [-51.23558, -29.904382]]]}, "properties": {}},
{"type": "Feature", "geometry": {"type": "Polygon", "coordinates": [[[-51.2325, -29.901229], [-51.232494, -29.90114], [-51.23242, -29.901144], [-51.232426, -29.901232], [-51.2325, -29.901229]]]}, "properties": {}},
{"type": "Feature", "geometry": {"type": "Polygon", "coordinates": [[[-51.23048, -29.899394], [-51.230485, -29.899496], [-51.230534, -29.899494], [-51.230629, -29.899491], [-51.230628, -29.899459], [-51.230631, -29.899459], [-51.230628, -29.899388], [-51.230534, -29.899392], [-51.23048, -29.899394]]]}, "properties": {}},
{"type": "Feature", "geometry": {"type": "Polygon", "coordinates": [[[-51.2383, -29.900321], [-51.238309, -29.900372], [-51.23837, -29.900363], [-51.238361, -29.900312], [-51.2383, -29.900321]]]}, "properties": {}},
{"type": "Feature", "geometry": {"type": "Polygon", "coordinates": [[[-51.235045, -29.903013], [-51.23504, -29.902947], [-51.234937, -29.902953], [-51.234946, -29.903019], [-51.235045, -29.903013]]]}, "properties": {}},
{"type": "Feature", "geometry": {"type": "Polygon", "coordinates": [[[-51.233485, -29.900226], [-51.233486, -29.900231], [-51.23355, -29.900228], [-51.233546, -29.900161], [-51.233478, -29.900164], [-51.233485, -29.900226]]]}, "properties": {}},
{"type": "Feature", "geometry": {"type": "Polygon", "coordinates": [[[-51.237285, -29.899564], [-51.23729, -29.899609], [-51.237343, -29.899604], [-51.23734, -29.899583], [-51.237368, -29.89958], [-51.237366, -29.899556], [-51.237285, -29.899564]]]}, "properties": {}},
{"type": "Feature", "geometry": {"type": "Polygon", "coordinates": [[[-51.238456, -29.900488], [-51.238403, -29.900494], [-51.238416, -29.900579], [-51.238468, -29.900574], [-51.238456, -29.900488]]]}, "properties": {}},
{"type": "Feature", "geometry": {"type": "Polygon", "coordinates": [[[-51.236845, -29.900829], [-51.236848, -29.900851], [-51.236825, -29.900853], [-51.23683, -29.900893], [-51.236866, -29.900889], [-51.236869, -29.900916], [-51.236941, -29.900908], [-51.236929, -29.90082], [-51.236845, -29.900829]]]}, "properties": {}},
{"type": "Feature", "geometry": {"type": "Polygon", "coordinates": [[[-51.235102, -29.902773], [-51.235072, -29.902775], [-51.235075, -29.902819], [-51.235104, -29.902817], [-51.235102, -29.902773]]]}, "properties": {}},
{"type": "Feature", "geometry": {"type": "Polygon", "coordinates": [[[-51.232647, -29.90014], [-51.232536, -29.900143], [-51.23254, -29.900278], [-51.232652, -29.900275], [-51.232647, -29.90014]]]}, "properties": {}},
{"type": "Feature", "geometry": {"type": "Polygon", "coordinates": [[[-51.23791, -29.89954], [-51.237846, -29.899542], [-51.237849, -29.899571], [-51.237912, -29.899567], [-51.23791, -29.89954]]]}, "properties": {"info": {"is_agg": true, "properties_agg": [{"feature_id": 171460}], "geom_cmp_equals": [false], "geom_cmp_intersec": [0]}}},
{"type": "Feature", "geometry": {"type": "Polygon", "coordinates": [[[-51.237582, -29.902775], [-51.237581, -29.902756], [-51.237519, -29.90276], [-51.237521, -29.902779], [-51.237582, -29.902775]]]}, "properties": {}},
{"type": "Feature", "geometry": {"type": "Polygon", "coordinates": [[[-51.231302, -29.900673], [-51.231312, -29.900787], [-51.231365, -29.900783], [-51.231362, -29.900754], [-51.231375, -29.900753], [-51.231368, -29.900669], [-51.231302, -29.900673]]]}, "properties": {}},
{"type": "Feature", "geometry": {"type": "Polygon", "coordinates": [[[-51.234419, -29.902228], [-51.234427, -29.902323], [-51.234511, -29.902318], [-51.234503, -29.902223], [-51.234419, -29.902228]]]}, "properties": {}},
{"type": "Feature", "geometry": {"type": "Polygon", "coordinates": [[[-51.233551, -29.900487], [-51.233525, -29.900489], [-51.233524, -29.900484], [-51.23349, -29.900487], [-51.233488, -29.900469], [-51.233405, -29.900475], [-51.233412, -29.900543], [-51.233492, -29.900536], [-51.233493, -29.900544], [-51.233531, -29.900541], [-51.23353, -29.900536], [-51.233556, -29.900534], [-51.233551, -29.900487]]]}, "properties": {}},
{"type": "Feature", "geometry": {"type": "Polygon", "coordinates": [[[-51.233313, -29.904389], [-51.233311, -29.90436], [-51.233166, -29.904368], [-51.233172, -29.904458], [-51.233311, -29.904451], [-51.233306, -29.904389], [-51.233313, -29.904389]]]}, "properties": {}},
{"type": "Feature", "geometry": {"type": "Polygon", "coordinates": [[[-51.235344, -29.904311], [-51.235364, -29.904306], [-51.235345, -29.904251], [-51.235325, -29.904257], [-51.235344, -29.904311]]]}, "properties": {}},
{"type": "Feature", "geometry": {"type": "Polygon", "coordinates": [[[-51.23879, -29.903009], [-51.238791, -29.903027], [-51.238916, -29.903018], [-51.238914, -29.903], [-51.23879, -29.903009]]]}, "properties": {}},
{"type": "Feature", "geometry": {"type": "Polygon", "coordinates": [[[-51.233848, -29.904198], [-51.233796, -29.904201], [-51.233798, -29.904229], [-51.233672, -29.904237], [-51.233677, -29.904291], [-51.233686, -29.904291], [-51.233686, -29.904299], [-51.233707, -29.904298], [-51.233707, -29.904289], [-51.233831, -29.904281], [-51.233855, -29.90428], [-51.233851, -29.904227], [-51.233848, -29.904198]]]}, "properties": {}},
{"type": "Feature", "geometry": {"type": "Polygon", "coordinates": [[[-51.238737, -29.900479], [-51.238682, -29.900488], [-51.238687, -29.900511], [-51.238742, -29.900502], [-51.238737, -29.900479]]]}, "properties": {"info": {"is_agg": true, "properties_agg": [{"feature_id": 175199}], "geom_cmp_equals": [false], "geom_cmp_intersec": [0]}}},
{"type": "Feature", "geometry": {"type": "Polygon", "coordinates": [[[-51.235159, -29.903601], [-51.235225, -29.903598], [-51.235222, -29.903562], [-51.235157, -29.903565], [-51.235159, -29.903601]]]}, "properties": {}},
{"type": "Feature", "geometry": {"type": "Polygon", "coordinates": [[[-51.233808, -29.901337], [-51.233815, -29.90138], [-51.233862, -29.901375], [-51.233856, -29.901332], [-51.233808, -29.901337]]]}, "properties": {}},
{"type": "Feature", "geometry": {"type": "Polygon", "coordinates": [[[-51.235458, -29.903817], [-51.235464, -29.903905], [-51.235499, -29.903903], [-51.2355, -29.903913], [-51.235528, -29.903912], [-51.235528, -29.9039], [-51.235566, -29.903898], [-51.23556, -29.903812], [-51.235458, -29.903817]]]}, "properties": {}},
{"type": "Feature", "geometry": {"type": "Polygon", "coordinates": [[[-51.238658, -29.899701], [-51.238645, -29.899637], [-51.238589, -29.899645], [-51.238601, -29.899709], [-51.238658, -29.899701]]]}, "properties": {}},
{"type": "Feature", "geometry": {"type": "Polygon", "coordinates": [[[-51.238732, -29.902775], [-51.238733, -29.902791], [-51.23875, -29.90279], [-51.238752, -29.902819], [-51.238807, -29.902817], [-51.238804, -29.902772], [-51.238732, -29.902775]]]}, "properties": {}},
{"type": "Feature", "geometry": {"type": "Polygon", "coordinates": [[[-51.237278, -29.89961], [-51.237284, -29.899667], [-51.237348, -29.899662], [-51.237342, -29.899605], [-51.237278, -29.89961]]]}, "properties": {}},
{"type": "Feature", "geometry": {"type": "Polygon", "coordinates": [[[-51.237634, -29.9025], [-51.23764, -29.902591], [-51.237669, -29.90259], [-51.237663, -29.902499], [-51.237634, -29.9025]]]}, "properties": {}},
{"type": "Feature", "geometry": {"type": "Polygon", "coordinates": [[[-51.231363, -29.901891], [-51.231367, -29.90194], [-51.231445, -29.901935], [-51.231441, -29.901886], [-51.231363, -29.901891]]]}, "properties": {}},
{"type": "Feature", "geometry": {"type": "Polygon", "coordinates": [[[-51.232846, -29.903141], [-51.232844, -29.90312], [-51.232782, -29.903124], [-51.232784, -29.903145], [-51.232846, -29.903141]]]}, "properties": {}},
{"type": "Feature", "geometry": {"type": "Polygon", "coordinates": [[[-51.236079, -29.904616], [-51.236036, -29.904623], [-51.236051, -29.904691], [-51.236094, -29.904684], [-51.236079, -29.904616]]]}, "properties": {}},
{"type": "Feature", "geometry": {"type": "Polygon", "coordinates": [[[-51.230473, -29.904705], [-51.230471, -29.90468], [-51.230434, -29.904682], [-51.23044, -29.904756], [-51.230476, -29.904754], [-51.230473, -29.904705]]]}, "properties": {}},
{"type": "Feature", "geometry": {"type": "Polygon", "coordinates": [[[-51.233538, -29.900998], [-51.233537, -29.900979], [-51.233563, -29.900978], [-51.233564, -29.900997], [-51.233589, -29.900997], [-51.233623, -29.900995], [-51.23362, -29.900925], [-51.233495, -29.900929], [-51.233499, -29.900999], [-51.233538, -29.900998]]]}, "properties": {}},
{"type": "Feature", "geometry": {"type": "Polygon", "coordinates": [[[-51.236915, -29.901916], [-51.236924, -29.902043], [-51.237008, -29.902038], [-51.236998, -29.901911], [-51.236915, -29.901916]]]}, "properties": {}},
{"type": "Feature", "geometry": {"type": "Polygon", "coordinates": [[[-51.237743, -29.903234], [-51.237745, -29.903265], [-51.237807, -29.90326], [-51.237805, -29.903231], [-51.237743, -29.903234]]]}, "properties": {}},
{"type": "Feature", "geometry": {"type": "Polygon", "coordinates": [[[-51.236068, -29.904538], [-51.23608, -29.904592], [-51.236138, -29.904586], [-51.236128, -29.904532], [-51.236068, -29.904538]]]}, "properties": {}},
{"type": "Feature", "geometry": {"type": "Polygon", "coordinates": [[[-51.232848, -29.902455], [-51.232855, -29.902556], [-51.232924, -29.902552], [-51.232917, -29.902451], [-51.232848, -29.902455]]]}, "properties": {}},
{"type": "Feature", "geometry": {"type": "Polygon", "coordinates": [[[-51.231367, -29.902305], [-51.231364, -29.90227], [-51.231362, -29.902241], [-51.231294, -29.902245], [-51.231264, -29.902247], [-51.23127, -29.902311], [-51.231367, -29.902305]]]}, "properties": {}},
{"type": "Feature", "geometry": {"type": "Polygon", "coordinates": [[[-51.23546, -29.903254], [-51.235458, -29.903205], [-51.235393, -29.903208], [-51.235398, -29.903305], [-51.235513, -29.903299], [-51.235511, -29.903252], [-51.23546, -29.903254]]]}, "properties": {}},
{"type": "Feature", "geometry": {"type": "Polygon", "coordinates": [[[-51.232855, -29.901725], [-51.232824, -29.901728], [-51.232829, -29.901788], [-51.232921, -29.901781], [-51.23291, -29.901674], [-51.232851, -29.901679], [-51.232855, -29.901725]]]}, "properties": {}},
{"type": "Feature", "geometry": {"type": "Polygon", "coordinates": [[[-51.238659, -29.90429], [-51.238715, -29.904286], [-51.238712, -29.904264], [-51.238753, -29.904261], [-51.238748, -29.904213], [-51.238651, -29.904221], [-51.238659, -29.90429]]]}, "properties": {}},
{"type": "Feature", "geometry": {"type": "Polygon", "coordinates": [[[-51.237971, -29.900378], [-51.238041, -29.900373], [-51.238035, -29.900303], [-51.237965, -29.900307], [-51.237971, -29.900378]]]}, "properties": {}},
{"type": "Feature", "geometry": {"type": "Polygon", "coordinates": [[[-51.236824, -29.901061], [-51.236756, -29.901069], [-51.236762, -29.901105], [-51.236748, -29.901107], [-51.236751, -29.901122], [-51.236832, -29.901112], [-51.236824, -29.901061]]]}, "properties": {}},
{"type": "Feature", "geometry": {"type": "Polygon", "coordinates": [[[-51.233236, -29.902541], [-51.233281, -29.902539], [-51.233278, -29.902484], [-51.233233, -29.902487], [-51.233236, -29.902541]]]}, "properties": {}},
{"type": "Feature", "geometry": {"type": "Polygon", "coordinates": [[[-51.235414, -29.899253], [-51.235384, -29.899256], [-51.235386, -29.899278], [-51.23539, -29.899313], [-51.235401, -29.899312], [-51.235403, -29.899334], [-51.235475, -29.899328], [-51.23547, -29.899283], [-51.235418, -29.899288], [-51.235416, -29.899276], [-51.235414, -29.899253]]]}, "properties": {}},
{"type": "Feature", "geometry": {"type": "Polygon", "coordinates": [[[-51.235921, -29.899891], [-51.235927, -29.899957], [-51.236029, -29.89995], [-51.236021, -29.899884], [-51.235921, -29.899891]]]}, "properties": {}},
{"type": "Feature", "geometry": {"type": "Polygon", "coordinates": [[[-51.232741, -29.899621], [-51.232689, -29.899623], [-51.232691, -29.89965], [-51.232743, -29.899647], [-51.232741, -29.899621]]]}, "properties": {}},
{"type": "Feature", "geometry": {"type": "Polygon", "coordinates": [[[-51.236797, -29.901569], [-51.236793, -29.901535], [-51.236762, -29.901536], [-51.236766, -29.901572], [-51.236797, -29.901569]]]}, "properties": {}},
{"type": "Feature", "geometry": {"type": "Polygon", "coordinates": [[[-51.235213, -29.900974], [-51.235254, -29.900971], [-51.235251, -29.900926], [-51.23521, -29.900929], [-51.235213, -29.900974]]]}, "properties": {}},
{"type": "Feature", "geometry": {"type": "Polygon", "coordinates": [[[-51.233088, -29.902317], [-51.233089, -29.902335], [-51.233119, -29.902334], [-51.233223, -29.902329], [-51.233218, -29.90225], [-51.233114, -29.902255], [-51.233118, -29.902315], [-51.233088, -29.902317]]]}, "properties": {}},
{"type": "Feature", "geometry": {"type": "Polygon", "coordinates": [[[-51.23308, -29.902392], [-51.233077, -29.902342], [-51.233056, -29.902343], [-51.233056, -29.902337], [-51.233019, -29.902338], [-51.233022, -29.902394], [-51.23308, -29.902392]]]}, "properties": {}},
{"type": "Feature", "geometry": {"type": "Polygon", "coordinates": [[[-51.236364, -29.900378], [-51.236366, -29.90039], [-51.236362, -29.90039], [-51.23637, -29.900444], [-51.23637, -29.900446], [-51.236387, -29.900444], [-51.2364, -29.900442], [-51.236398, -29.900427], [-51.236419, -29.900424], [-51.236411, -29.900372], [-51.236364, -29.900378]]]}, "properties": {}},
{"type": "Feature", "geometry": {"type": "Polygon", "coordinates": [[[-51.231501, -29.901661], [-51.231506, -29.901717], [-51.231556, -29.901714], [-51.231552, -29.901657], [-51.231501, -29.901661]]]}, "properties": {}},
{"type": "Feature", "geometry": {"type": "Polygon", "coordinates": [[[-51.23793, -29.903133], [-51.23784, -29.903138], [-51.237847, -29.903236], [-51.237893, -29.903234], [-51.237895, -29.903255], [-51.237938, -29.903252], [-51.23793, -29.903133]]]}, "properties": {}},
{"type": "Feature", "geometry": {"type": "Polygon", "coordinates": [[[-51.234631, -29.899864], [-51.234559, -29.899861], [-51.234558, -29.89988], [-51.23463, -29.899883], [-51.234631, -29.899864]]]}, "properties": {}},
{"type": "Feature", "geometry": {"type": "Polygon", "coordinates": [[[-51.23587, -29.899417], [-51.235873, -29.899471], [-51.235903, -29.89947], [-51.235901, -29.899416], [-51.23587, -29.899417]]]}, "properties": {}},
{"type": "Feature", "geometry": {"type": "Polygon", "coordinates": [[[-51.230896, -29.902701], [-51.230836, -29.902704], [-51.230836, -29.902698], [-51.230793, -29.9027], [-51.230793, -29.902709], [-51.230731, -29.902712], [-51.230734, -29.90276], [-51.230734, -29.902761], [-51.2309, -29.902754], [-51.2309, -29.902753], [-51.230896, -29.902701]]]}, "properties": {}},
{"type": "Feature", "geometry": {"type": "Polygon", "coordinates": [[[-51.231049, -29.900682], [-51.23105, -29.900696], [-51.230996, -29.900699], [-51.231001, -29.900769], [-51.231142, -29.900761], [-51.231135, -29.900677], [-51.231049, -29.900682]]]}, "properties": {}},
{"type": "Feature", "geometry": {"type": "Polygon", "coordinates": [[[-51.232562, -29.902139], [-51.232562, -29.902143], [-51.232518, -29.902142], [-51.232518, -29.902194], [-51.232566, -29.902194], [-51.232566, -29.902177], [-51.232583, -29.902177], [-51.232584, -29.902139], [-51.232562, -29.902139]]]}, "properties": {}},
{"type": "Feature", "geometry": {"type": "Polygon", "coordinates": [[[-51.236663, -29.899672], [-51.236709, -29.899671], [-51.236708, -29.899645], [-51.236662, -29.899647], [-51.236663, -29.899672]]]}, "properties": {}},
{"type": "Feature", "geometry": {"type": "Polygon", "coordinates": [[[-51.236573, -29.903117], [-51.236575, -29.903136], [-51.236614, -29.903133], [-51.236613, -29.903115], [-51.236573, -29.903117]]]}, "properties": {}},
{"type": "Feature", "geometry": {"type": "Polygon", "coordinates": [[[-51.23602, -29.900678], [-51.236014, -29.900647], [-51.235966, -29.90065], [-51.235974, -29.9007], [-51.23603, -29.900693], [-51.236027, -29.900677], [-51.23602, -29.900678]]]}, "properties": {}},
{"type": "Feature", "geometry": {"type": "Polygon", "coordinates": [[[-51.238079, -29.899534], [-51.238084, -29.899581], [-51.238109, -29.899579], [-51.238106, -29.899549], [-51.238136, -29.899547], [-51.238134, -29.899529], [-51.238079, -29.899534]]]}, "properties": {}},
{"type": "Feature", "geometry": {"type": "Polygon", "coordinates": [[[-51.232648, -29.90003], [-51.232647, -29.900068], [-51.232723, -29.900069], [-51.232722, -29.90003], [-51.232648, -29.90003]]]}, "properties": {}},
{"type": "Feature", "geometry": {"type": "Polygon", "coordinates": [[[-51.229287, -29.903251], [-51.229291, -29.903322], [-51.229354, -29.903319], [-51.22935, -29.903264], [-51.229316, -29.903266], [-51.229315, -29.903249], [-51.229287, -29.903251]]]}, "properties": {}},
{"type": "Feature", "geometry": {"type": "Polygon", "coordinates": [[[-51.232308, -29.899436], [-51.232312, -29.899474], [-51.232334, -29.899472], [-51.23233, -29.899434], [-51.232308, -29.899436]]]}, "properties": {}},
{"type": "Feature", "geometry": {"type": "Polygon", "coordinates": [[[-51.239186, -29.901848], [-51.239177, -29.901849], [-51.239177, -29.901847], [-51.239146, -29.90185], [-51.239149, -29.901869], [-51.239169, -29.901867], [-51.239181, -29.901866], [-51.239189, -29.901865], [-51.239186, -29.901848]]]}, "properties": {}},
{"type": "Feature", "geometry": {"type": "Polygon", "coordinates": [[[-51.236881, -29.9014], [-51.236865, -29.901317], [-51.236805, -29.901325], [-51.236821, -29.901409], [-51.236881, -29.9014]]]}, "properties": {}},
{"type": "Feature", "geometry": {"type": "Polygon", "coordinates": [[[-51.236391, -29.904538], [-51.236394, -29.904612], [-51.236519, -29.904607], [-51.236516, -29.904534], [-51.236391, -29.904538]]]}, "properties": {}},
{"type": "Feature", "geometry": {"type": "Polygon", "coordinates": [[[-51.232308, -29.899436], [-51.23233, -29.899434], [-51.232334, -29.899472], [-51.232391, -29.899468], [-51.232387, -29.89943], [-51.232385, -29.899418], [-51.232306, -29.899425], [-51.232308, -29.899436]]]}, "properties": {}},
{"type": "Feature", "geometry": {"type": "Polygon", "coordinates": [[[-51.237065, -29.899712], [-51.237074, -29.899796], [-51.237156, -29.899789], [-51.237147, -29.899705], [-51.237065, -29.899712]]]}, "properties": {}},
{"type": "Feature", "geometry": {"type": "Polygon", "coordinates": [[[-51.230559, -29.904749], [-51.230555, -29.904749], [-51.230552, -29.90475], [-51.230537, -29.90475], [-51.230534, -29.904751], [-51.230518, -29.904751], [-51.230512, -29.904752], [-51.230502, -29.904752], [-51.230496, -29.904753], [-51.230491, -29.904753], [-51.230495, -29.904798], [-51.230566, -29.904793], [-51.230562, -29.904749], [-51.230559, -29.904749]]]}, "properties": {}},
{"type": "Feature", "geometry": {"type": "Polygon", "coordinates": [[[-51.236535, -29.899484], [-51.236624, -29.899479], [-51.236619, -29.899417], [-51.236558, -29.89942], [-51.236558, -29.899417], [-51.236531, -29.899418], [-51.236535, -29.899484]]]}, "properties": {}},
{"type": "Feature", "geometry": {"type": "Polygon", "coordinates": [[[-51.234272, -29.90186], [-51.234276, -29.901898], [-51.234235, -29.901901], [-51.234239, -29.901946], [-51.23428, -29.901944], [-51.234277, -29.901916], [-51.234366, -29.90191], [-51.234361, -29.901854], [-51.234272, -29.90186]]]}, "properties": {}},
{"type": "Feature", "geometry": {"type": "Polygon", "coordinates": [[[-51.237986, -29.899471], [-51.237992, -29.899534], [-51.238009, -29.899533], [-51.238042, -29.899531], [-51.238036, -29.899467], [-51.237986, -29.899471]]]}, "properties": {}},
{"type": "Feature", "geometry": {"type": "Polygon", "coordinates": [[[-51.23706, -29.904008], [-51.237093, -29.904006], [-51.237092, -29.903993], [-51.237144, -29.903989], [-51.237164, -29.903988], [-51.237159, -29.903933], [-51.237139, -29.903935], [-51.237054, -29.90394], [-51.23706, -29.904008]]]}, "properties": {}},
{"type": "Feature", "geometry": {"type": "Polygon", "coordinates": [[[-51.233315, -29.899523], [-51.233318, -29.899603], [-51.233409, -29.8996], [-51.233406, -29.899521], [-51.233315, -29.899523]]]}, "properties": {}},
{"type": "Feature", "geometry": {"type": "Polygon", "coordinates": [[[-51.232222, -29.901446], [-51.232223, -29.901474], [-51.232285, -29.901471], [-51.232283, -29.901442], [-51.232222, -29.901446]]]}, "properties": {}},
{"type": "Feature", "geometry": {"type": "Polygon", "coordinates": [[[-51.23299, -29.901914], [-51.232995, -29.90197], [-51.233096, -29.901962], [-51.233091, -29.901906], [-51.23299, -29.901914]]]}, "properties": {}},
{"type": "Feature", "geometry": {"type": "Polygon", "coordinates": [[[-51.23748, -29.903833], [-51.23751, -29.903831], [-51.237506, -29.903762], [-51.237476, -29.903763], [-51.23748, -29.903833]]]}, "properties": {}},
{"type": "Feature", "geometry": {"type": "Polygon", "coordinates": [[[-51.236332, -29.901649], [-51.236331, -29.901733], [-51.236405, -29.901734], [-51.236405, -29.90165], [-51.236332, -29.901649]]]}, "properties": {}},
{"type": "Feature", "geometry": {"type": "Polygon", "coordinates": [[[-51.239318, -29.90324], [-51.239312, -29.903202], [-51.239352, -29.903197], [-51.239349, -29.903177], [-51.23937, -29.903175], [-51.239365, -29.903134], [-51.239262, -29.903145], [-51.239276, -29.903245], [-51.239318, -29.90324]]]}, "properties": {}},
{"type": "Feature", "geometry": {"type": "Polygon", "coordinates": [[[-51.234116, -29.901543], [-51.23405, -29.901546], [-51.234058, -29.901658], [-51.234124, -29.901654], [-51.234116, -29.901543]]]}, "properties": {}},
{"type": "Feature", "geometry": {"type": "Polygon", "coordinates": [[[-51.23175, -29.899647], [-51.23175, -29.899643], [-51.231807, -29.899642], [-51.231805, -29.89957], [-51.231718, -29.899572], [-51.23172, -29.899648], [-51.23175, -29.899647]]]}, "properties": {}},
{"type": "Feature", "geometry": {"type": "Polygon", "coordinates": [[[-51.234097, -29.899521], [-51.234097, -29.899542], [-51.234057, -29.899542], [-51.234059, -29.899622], [-51.234142, -29.899621], [-51.234145, -29.899522], [-51.234097, -29.899521]]]}, "properties": {}},
{"type": "Feature", "geometry": {"type": "Polygon", "coordinates": [[[-51.233287, -29.904182], [-51.233293, -29.904258], [-51.23341, -29.904252], [-51.233404, -29.904176], [-51.233287, -29.904182]]]}, "properties": {}},
{"type": "Feature", "geometry": {"type": "Polygon", "coordinates": [[[-51.233735, -29.899361], [-51.233734, -29.899344], [-51.233689, -29.899346], [-51.23369, -29.899363], [-51.233735, -29.899361]]]}, "properties": {}},
{"type": "Feature", "geometry": {"type": "Polygon", "coordinates": [[[-51.234755, -29.900741], [-51.234765, -29.900854], [-51.234847, -29.900848], [-51.234837, -29.900735], [-51.234755, -29.900741]]]}, "properties": {}},
{"type": "Feature", "geometry": {"type": "Polygon", "coordinates": [[[-51.234592, -29.899412], [-51.234565, -29.899414], [-51.234568, -29.899441], [-51.234595, -29.899439], [-51.234592, -29.899412]]]}, "properties": {}},
{"type": "Feature", "geometry": {"type": "Polygon", "coordinates": [[[-51.238951, -29.90048], [-51.238934, -29.900483], [-51.238929, -29.900461], [-51.238856, -29.900473], [-51.238867, -29.900521], [-51.238957, -29.900507], [-51.238951, -29.90048]]]}, "properties": {}},
{"type": "Feature", "geometry": {"type": "Polygon", "coordinates": [[[-51.238682, -29.901544], [-51.238674, -29.901486], [-51.238646, -29.901488], [-51.238639, -29.901433], [-51.238549, -29.901443], [-51.238565, -29.901556], [-51.238654, -29.901547], [-51.238682, -29.901544]]]}, "properties": {}},
{"type": "Feature", "geometry": {"type": "Polygon", "coordinates": [[[-51.234454, -29.904123], [-51.234391, -29.904126], [-51.234393, -29.904165], [-51.234457, -29.904161], [-51.234454, -29.904123]]]}, "properties": {}},
{"type": "Feature", "geometry": {"type": "Polygon", "coordinates": [[[-51.232351, -29.901607], [-51.232348, -29.901558], [-51.232296, -29.90156], [-51.232295, -29.901538], [-51.232263, -29.901539], [-51.232268, -29.901611], [-51.232351, -29.901607]]]}, "properties": {}},
{"type": "Feature", "geometry": {"type": "Polygon", "coordinates": [[[-51.235594, -29.902964], [-51.235588, -29.902879], [-51.235527, -29.902882], [-51.235532, -29.902967], [-51.235594, -29.902964]]]}, "properties": {}},
{"type": "Feature", "geometry": {"type": "Polygon", "coordinates": [[[-51.23745, -29.90063], [-51.2374, -29.900634], [-51.237405, -29.900684], [-51.237455, -29.90068], [-51.23745, -29.90063]]]}, "properties": {}},
{"type": "Feature", "geometry": {"type": "Polygon", "coordinates": [[[-51.236576, -29.902822], [-51.236514, -29.902826], [-51.236523, -29.902918], [-51.236585, -29.902914], [-51.236576, -29.902822]]]}, "properties": {}},
{"type": "Feature", "geometry": {"type": "Polygon", "coordinates": [[[-51.238999, -29.903961], [-51.239001, -29.903996], [-51.23903, -29.903995], [-51.239029, -29.90396], [-51.238999, -29.903961]]]}, "properties": {}},
{"type": "Feature", "geometry": {"type": "Polygon", "coordinates": [[[-51.234273, -29.899789], [-51.234275, -29.899835], [-51.234322, -29.899833], [-51.234321, -29.899788], [-51.234273, -29.899789]]]}, "properties": {}},
{"type": "Feature", "geometry": {"type": "Polygon", "coordinates": [[[-51.229411, -29.901682], [-51.229415, -29.901736], [-51.229446, -29.901734], [-51.229442, -29.90168], [-51.229411, -29.901682]]]}, "properties": {}},
{"type": "Feature", "geometry": {"type": "Polygon", "coordinates": [[[-51.231589, -29.902199], [-51.231595, -29.90229], [-51.231639, -29.902288], [-51.231635, -29.90223], [-51.231667, -29.902228], [-51.231665, -29.902195], [-51.231589, -29.902199]]]}, "properties": {}},
{"type": "Feature", "geometry": {"type": "Polygon", "coordinates": [[[-51.237443, -29.900307], [-51.237453, -29.9004], [-51.237553, -29.900396], [-51.237552, -29.900359], [-51.237579, -29.900358], [-51.237577, -29.900302], [-51.237443, -29.900307]]]}, "properties": {}},
{"type": "Feature", "geometry": {"type": "Polygon", "coordinates": [[[-51.233875, -29.901464], [-51.233941, -29.901457], [-51.233928, -29.901371], [-51.233862, -29.901378], [-51.233875, -29.901464]]]}, "properties": {}},
{"type": "Feature", "geometry": {"type": "Polygon", "coordinates": [[[-51.234453, -29.904096], [-51.234457, -29.904161], [-51.234481, -29.90416], [-51.234477, -29.904095], [-51.234453, -29.904096]]]}, "properties": {}},
{"type": "Feature", "geometry": {"type": "Polygon", "coordinates": [[[-51.236134, -29.901515], [-51.23614, -29.90155], [-51.236166, -29.901547], [-51.236249, -29.901536], [-51.236239, -29.901482], [-51.236131, -29.901496], [-51.236134, -29.901515]]]}, "properties": {}},
{"type": "Feature", "geometry": {"type": "Polygon", "coordinates": [[[-51.230602, -29.903593], [-51.23065, -29.903591], [-51.230643, -29.903467], [-51.230592, -29.903469], [-51.230602, -29.903593]]]}, "properties": {}},
{"type": "Feature", "geometry": {"type": "Polygon", "coordinates": [[[-51.235634, -29.903229], [-51.235643, -29.903382], [-51.235767, -29.903375], [-51.235766, -29.903359], [-51.235744, -29.90336], [-51.235736, -29.903224], [-51.235634, -29.903229]]]}, "properties": {}},
{"type": "Feature", "geometry": {"type": "Polygon", "coordinates": [[[-51.234038, -29.90077], [-51.23404, -29.900797], [-51.234119, -29.900791], [-51.234121, -29.90081], [-51.23415, -29.900808], [-51.234148, -29.900789], [-51.234146, -29.900762], [-51.234038, -29.90077]]]}, "properties": {}},
{"type": "Feature", "geometry": {"type": "Polygon", "coordinates": [[[-51.233731, -29.900636], [-51.233804, -29.900629], [-51.23379, -29.900521], [-51.233717, -29.900529], [-51.233731, -29.900636]]]}, "properties": {}},
{"type": "Feature", "geometry": {"type": "Polygon", "coordinates": [[[-51.234261, -29.90132], [-51.234308, -29.901317], [-51.234305, -29.901286], [-51.234282, -29.901287], [-51.23428, -29.901263], [-51.234256, -29.901265], [-51.234261, -29.90132]]]}, "properties": {}},
{"type": "Feature", "geometry": {"type": "Polygon", "coordinates": [[[-51.237858, -29.901872], [-51.237862, -29.90196], [-51.237946, -29.901957], [-51.237941, -29.901869], [-51.237858, -29.901872]]]}, "properties": {}},
{"type": "Feature", "geometry": {"type": "Polygon", "coordinates": [[[-51.236744, -29.901359], [-51.236741, -29.901336], [-51.236705, -29.901339], [-51.236707, -29.901362], [-51.236664, -29.901365], [-51.236672, -29.901433], [-51.236751, -29.901427], [-51.236744, -29.901359]]]}, "properties": {}},
{"type": "Feature", "geometry": {"type": "Polygon", "coordinates": [[[-51.239029, -29.903903], [-51.238997, -29.903905], [-51.238998, -29.903928], [-51.238999, -29.903961], [-51.239029, -29.90396], [-51.23903, -29.903995], [-51.239091, -29.903993], [-51.239088, -29.903925], [-51.23903, -29.903927], [-51.239029, -29.903903]]]}, "properties": {}},
{"type": "Feature", "geometry": {"type": "Polygon", "coordinates": [[[-51.237064, -29.90307], [-51.237069, -29.90312], [-51.237099, -29.903117], [-51.237094, -29.903067], [-51.237064, -29.90307]]]}, "properties": {}},
{"type": "Feature", "geometry": {"type": "Polygon", "coordinates": [[[-51.229482, -29.900731], [-51.229485, -29.900783], [-51.229481, -29.900783], [-51.229487, -29.900862], [-51.229532, -29.900859], [-51.229529, -29.900804], [-51.229587, -29.900801], [-51.229582, -29.900726], [-51.229482, -29.900731]]]}, "properties": {}},
{"type": "Feature", "geometry": {"type": "Polygon", "coordinates": [[[-51.232168, -29.903877], [-51.232049, -29.903884], [-51.232054, -29.903938], [-51.232172, -29.903931], [-51.232168, -29.903877]]]}, "properties": {}},
{"type": "Feature", "geometry": {"type": "Polygon", "coordinates": [[[-51.229831, -29.904575], [-51.22986, -29.904574], [-51.229853, -29.904503], [-51.229825, -29.904505], [-51.229831, -29.904575]]]}, "properties": {}},
{"type": "Feature", "geometry": {"type": "Polygon", "coordinates": [[[-51.231483, -29.900629], [-51.231492, -29.900766], [-51.231568, -29.900762], [-51.231565, -29.900731], [-51.23157, -29.900731], [-51.231562, -29.900625], [-51.231483, -29.900629]]]}, "properties": {}},
{"type": "Feature", "geometry": {"type": "Polygon", "coordinates": [[[-51.23568, -29.903869], [-51.235685, -29.903924], [-51.235718, -29.903922], [-51.235713, -29.903867], [-51.23568, -29.903869]]]}, "properties": {}},
{"type": "Feature", "geometry": {"type": "Polygon", "coordinates": [[[-51.236015, -29.903184], [-51.236017, -29.903213], [-51.236057, -29.903211], [-51.236055, -29.903182], [-51.236015, -29.903184]]]}, "properties": {}},
{"type": "Feature", "geometry": {"type": "Polygon", "coordinates": [[[-51.237732, -29.900291], [-51.237817, -29.900286], [-51.237815, -29.900268], [-51.237795, -29.900269], [-51.237788, -29.900191], [-51.237718, -29.900197], [-51.237722, -29.900239], [-51.237692, -29.900241], [-51.237697, -29.900293], [-51.237732, -29.900291]]]}, "properties": {}},
{"type": "Feature", "geometry": {"type": "Polygon", "coordinates": [[[-51.230513, -29.902601], [-51.230508, -29.902601], [-51.230506, -29.902578], [-51.230467, -29.90258], [-51.230466, -29.902574], [-51.230414, -29.902576], [-51.230417, -29.902619], [-51.23045, -29.902617], [-51.230455, -29.902686], [-51.230519, -29.902683], [-51.230513, -29.902601]]]}, "properties": {}},
{"type": "Feature", "geometry": {"type": "Polygon", "coordinates": [[[-51.233669, -29.900665], [-51.233671, -29.900683], [-51.233609, -29.900688], [-51.233614, -29.900727], [-51.233694, -29.900719], [-51.233687, -29.900664], [-51.233669, -29.900665]]]}, "properties": {}},
{"type": "Feature", "geometry": {"type": "Polygon", "coordinates": [[[-51.233878, -29.900781], [-51.233934, -29.900778], [-51.233932, -29.90076], [-51.233969, -29.900757], [-51.233962, -29.900685], [-51.23387, -29.900692], [-51.233878, -29.900781]]]}, "properties": {}},
{"type": "Feature", "geometry": {"type": "Polygon", "coordinates": [[[-51.235413, -29.902107], [-51.235382, -29.902109], [-51.235383, -29.902133], [-51.235348, -29.902135], [-51.23535, -29.902158], [-51.235416, -29.902154], [-51.235413, -29.902107]]]}, "properties": {}},
{"type": "Feature", "geometry": {"type": "Polygon", "coordinates": [[[-51.238855, -29.902392], [-51.238759, -29.902399], [-51.238763, -29.902448], [-51.238806, -29.902445], [-51.23886, -29.902441], [-51.238855, -29.902392]]]}, "properties": {}},
{"type": "Feature", "geometry": {"type": "Polygon", "coordinates": [[[-51.233016, -29.899435], [-51.233011, -29.899464], [-51.233048, -29.899469], [-51.233054, -29.899437], [-51.233016, -29.899435]]]}, "properties": {}},
{"type": "Feature", "geometry": {"type": "Polygon", "coordinates": [[[-51.238812, -29.903198], [-51.23887, -29.903194], [-51.238863, -29.9031], [-51.238805, -29.903104], [-51.238812, -29.903198]]]}, "properties": {}},
{"type": "Feature", "geometry": {"type": "Polygon", "coordinates": [[[-51.238771, -29.902496], [-51.238763, -29.902496], [-51.238767, -29.902538], [-51.238792, -29.902537], [-51.238797, -29.9026], [-51.238887, -29.902594], [-51.238882, -29.90253], [-51.238792, -29.902535], [-51.238789, -29.902495], [-51.238771, -29.902496]]]}, "properties": {}},
{"type": "Feature", "geometry": {"type": "Polygon", "coordinates": [[[-51.236501, -29.899415], [-51.236498, -29.899371], [-51.236421, -29.899375], [-51.236421, -29.899376], [-51.236422, -29.899378], [-51.236422, -29.899389], [-51.236423, -29.899391], [-51.236425, -29.899419], [-51.236501, -29.899415]]]}, "properties": {}},
{"type": "Feature", "geometry": {"type": "Polygon", "coordinates": [[[-51.235771, -29.904695], [-51.235775, -29.904752], [-51.235824, -29.90475], [-51.235818, -29.904692], [-51.235771, -29.904695]]]}, "properties": {}},
{"type": "Feature", "geometry": {"type": "Polygon", "coordinates": [[[-51.235514, -29.900533], [-51.235507, -29.90048], [-51.235502, -29.900481], [-51.2355, -29.900464], [-51.23545, -29.900469], [-51.235452, -29.900484], [-51.235446, -29.900484], [-51.235453, -29.900539], [-51.235514, -29.900533]]]}, "properties": {}},
{"type": "Feature", "geometry": {"type": "Polygon", "coordinates": [[[-51.2297, -29.901999], [-51.229758, -29.901995], [-51.22975, -29.901902], [-51.229717, -29.901904], [-51.229716, -29.901889], [-51.229691, -29.901891], [-51.2297, -29.901999]]]}, "properties": {}},
{"type": "Feature", "geometry": {"type": "Polygon", "coordinates": [[[-51.238707, -29.900177], [-51.238695, -29.900179], [-51.238693, -29.900173], [-51.238671, -29.900178], [-51.238667, -29.900163], [-51.238635, -29.90017], [-51.23861, -29.900176], [-51.238627, -29.900235], [-51.238718, -29.900215], [-51.238707, -29.900177]]]}, "properties": {}},
{"type": "Feature", "geometry": {"type": "Polygon", "coordinates": [[[-51.237318, -29.900319], [-51.237254, -29.900322], [-51.237259, -29.900398], [-51.237324, -29.900395], [-51.237318, -29.900319]]]}, "properties": {}},
{"type": "Feature", "geometry": {"type": "Polygon", "coordinates": [[[-51.23961, -29.903806], [-51.239519, -29.903818], [-51.239533, -29.903899], [-51.239624, -29.903887], [-51.23961, -29.903806]]]}, "properties": {}},
{"type": "Feature", "geometry": {"type": "Polygon", "coordinates": [[[-51.231393, -29.903522], [-51.231531, -29.903514], [-51.231524, -29.903423], [-51.231386, -29.90343], [-51.231393, -29.903522]]]}, "properties": {}},
{"type": "Feature", "geometry": {"type": "Polygon", "coordinates": [[[-51.233594, -29.901099], [-51.233538, -29.901103], [-51.233551, -29.901217], [-51.233602, -29.901213], [-51.233594, -29.901099]]]}, "properties": {}},
{"type": "Feature", "geometry": {"type": "Polygon", "coordinates": [[[-51.236397, -29.903946], [-51.236332, -29.903949], [-51.236338, -29.904035], [-51.236419, -29.904031], [-51.236415, -29.903971], [-51.236381, -29.903973], [-51.23638, -29.903966], [-51.236398, -29.903965], [-51.236397, -29.903946]]]}, "properties": {}},
{"type": "Feature", "geometry": {"type": "Polygon", "coordinates": [[[-51.238086, -29.900313], [-51.238088, -29.900355], [-51.238161, -29.900349], [-51.238156, -29.900307], [-51.238086, -29.900313]]]}, "properties": {}},
{"type": "Feature", "geometry": {"type": "Polygon", "coordinates": [[[-51.235676, -29.903832], [-51.235724, -29.903828], [-51.235717, -29.903756], [-51.23567, -29.903759], [-51.235676, -29.903832]]]}, "properties": {}},
{"type": "Feature", "geometry": {"type": "Polygon", "coordinates": [[[-51.238009, -29.900699], [-51.23801, -29.900703], [-51.238017, -29.900734], [-51.238124, -29.900716], [-51.238103, -29.900624], [-51.237996, -29.900642], [-51.238009, -29.900699]]]}, "properties": {}},
{"type": "Feature", "geometry": {"type": "Polygon", "coordinates": [[[-51.237114, -29.899493], [-51.237025, -29.899504], [-51.237031, -29.899542], [-51.23712, -29.899532], [-51.237114, -29.899493]]]}, "properties": {}},
{"type": "Feature", "geometry": {"type": "Polygon", "coordinates": [[[-51.235781, -29.902104], [-51.23578, -29.90208], [-51.235693, -29.902084], [-51.235698, -29.902166], [-51.23576, -29.902163], [-51.235757, -29.902105], [-51.235781, -29.902104]]]}, "properties": {}},
{"type": "Feature", "geometry": {"type": "Polygon", "coordinates": [[[-51.237185, -29.901103], [-51.237277, -29.901097], [-51.237274, -29.901053], [-51.237182, -29.901059], [-51.237185, -29.901103]]]}, "properties": {}},
{"type": "Feature", "geometry": {"type": "Polygon", "coordinates": [[[-51.238408, -29.900844], [-51.23845, -29.900839], [-51.238466, -29.900837], [-51.238462, -29.900807], [-51.238446, -29.900809], [-51.238438, -29.900757], [-51.23839, -29.900763], [-51.238408, -29.900844]]]}, "properties": {}},
{"type": "Feature", "geometry": {"type": "Polygon", "coordinates": [[[-51.235669, -29.902703], [-51.235631, -29.902705], [-51.235632, -29.902719], [-51.235633, -29.902732], [-51.235671, -29.90273], [-51.235671, -29.902738], [-51.235709, -29.902736], [-51.235707, -29.902702], [-51.235669, -29.902703]]]}, "properties": {}},
{"type": "Feature", "geometry": {"type": "Polygon", "coordinates": [[[-51.230099, -29.902509], [-51.230102, -29.902567], [-51.230191, -29.902563], [-51.23019, -29.902556], [-51.230189, -29.902526], [-51.230188, -29.902519], [-51.230187, -29.902505], [-51.230099, -29.902509]]]}, "properties": {}},
{"type": "Feature", "geometry": {"type": "Polygon", "coordinates": [[[-51.233537, -29.90064], [-51.233567, -29.900638], [-51.233558, -29.900551], [-51.233528, -29.900552], [-51.233537, -29.90064]]]}, "properties": {}},
{"type": "Feature", "geometry": {"type": "Polygon", "coordinates": [[[-51.236001, -29.899452], [-51.235969, -29.899454], [-51.235973, -29.899506], [-51.236004, -29.899504], [-51.236002, -29.899483], [-51.236058, -29.89948], [-51.236054, -29.89943], [-51.23602, -29.899433], [-51.236018, -29.899411], [-51.235998, -29.899412], [-51.236001, -29.899452]]]}, "properties": {}},
{"type": "Feature", "geometry": {"type": "Polygon", "coordinates": [[[-51.237789, -29.904562], [-51.237787, -29.904535], [-51.237697, -29.90454], [-51.237698, -29.904551], [-51.237679, -29.904552], [-51.23768, -29.904567], [-51.237789, -29.904562]]]}, "properties": {}},
{"type": "Feature", "geometry": {"type": "Polygon", "coordinates": [[[-51.237309, -29.899556], [-51.23734, -29.899554], [-51.237334, -29.899492], [-51.237302, -29.899495], [-51.237309, -29.899556]]]}, "properties": {}},
{"type": "Feature", "geometry": {"type": "Polygon", "coordinates": [[[-51.231645, -29.899431], [-51.23173, -29.899429], [-51.231729, -29.89938], [-51.231644, -29.899382], [-51.231617, -29.899382], [-51.231618, -29.899408], [-51.231644, -29.899408], [-51.231645, -29.899431]]]}, "properties": {}},
{"type": "Feature", "geometry": {"type": "Polygon", "coordinates": [[[-51.235014, -29.903819], [-51.235018, -29.903851], [-51.234991, -29.903854], [-51.234998, -29.903905], [-51.23506, -29.903899], [-51.235056, -29.903868], [-51.235048, -29.903815], [-51.235014, -29.903819]]]}, "properties": {}},
{"type": "Feature", "geometry": {"type": "Polygon", "coordinates": [[[-51.238839, -29.904324], [-51.238832, -29.904242], [-51.238759, -29.904247], [-51.238766, -29.904329], [-51.238768, -29.904348], [-51.238822, -29.904344], [-51.238841, -29.904343], [-51.238839, -29.904324]]]}, "properties": {}},
{"type": "Feature", "geometry": {"type": "Polygon", "coordinates": [[[-51.229651, -29.899493], [-51.229647, -29.899427], [-51.229568, -29.899431], [-51.229569, -29.899446], [-51.229536, -29.899447], [-51.229539, -29.899498], [-51.229651, -29.899493]]]}, "properties": {}},
{"type": "Feature", "geometry": {"type": "Polygon", "coordinates": [[[-51.238964, -29.903292], [-51.239055, -29.903286], [-51.23905, -29.903229], [-51.238959, -29.903235], [-51.238964, -29.903292]]]}, "properties": {}},
{"type": "Feature", "geometry": {"type": "Polygon", "coordinates": [[[-51.235519, -29.903389], [-51.235643, -29.903382], [-51.235641, -29.903349], [-51.235637, -29.90335], [-51.235637, -29.903342], [-51.23562, -29.903343], [-51.235621, -29.903351], [-51.235561, -29.903354], [-51.23556, -29.903333], [-51.235516, -29.903335], [-51.235519, -29.903389]]]}, "properties": {}},
{"type": "Feature", "geometry": {"type": "Polygon", "coordinates": [[[-51.238052, -29.900798], [-51.23806, -29.900865], [-51.238153, -29.900857], [-51.238146, -29.90079], [-51.238052, -29.900798]]]}, "properties": {}},
{"type": "Feature", "geometry": {"type": "Polygon", "coordinates": [[[-51.234187, -29.902351], [-51.234103, -29.902358], [-51.234105, -29.902381], [-51.234096, -29.902382], [-51.234109, -29.902493], [-51.234203, -29.902484], [-51.234187, -29.902351]]]}, "properties": {}},
{"type": "Feature", "geometry": {"type": "Polygon", "coordinates": [[[-51.234932, -29.902895], [-51.235015, -29.902893], [-51.235012, -29.902822], [-51.234993, -29.902822], [-51.234991, -29.902823], [-51.234966, -29.902823], [-51.234954, -29.902824], [-51.234929, -29.902824], [-51.234932, -29.902895]]]}, "properties": {}},
{"type": "Feature", "geometry": {"type": "Polygon", "coordinates": [[[-51.235909, -29.904292], [-51.235911, -29.904327], [-51.235948, -29.904325], [-51.235983, -29.904322], [-51.235994, -29.904322], [-51.235989, -29.904237], [-51.235906, -29.904241], [-51.235909, -29.904292]]]}, "properties": {}},
{"type": "Feature", "geometry": {"type": "Polygon", "coordinates": [[[-51.237482, -29.901619], [-51.237484, -29.901637], [-51.237563, -29.901633], [-51.237561, -29.901614], [-51.237482, -29.901619]]]}, "properties": {}},
{"type": "Feature", "geometry": {"type": "Polygon", "coordinates": [[[-51.231807, -29.902365], [-51.23181, -29.902405], [-51.231913, -29.902399], [-51.231909, -29.902359], [-51.231807, -29.902365]]]}, "properties": {}},
{"type": "Feature", "geometry": {"type": "Polygon", "coordinates": [[[-51.229683, -29.900955], [-51.229677, -29.90085], [-51.229635, -29.900852], [-51.229638, -29.900918], [-51.229605, -29.900919], [-51.229607, -29.900958], [-51.229597, -29.900958], [-51.229599, -29.900985], [-51.229699, -29.900981], [-51.229697, -29.900955], [-51.229683, -29.900955]]]}, "properties": {}},
{"type": "Feature", "geometry": {"type": "Polygon", "coordinates": [[[-51.230205, -29.900773], [-51.230214, -29.90088], [-51.230289, -29.900875], [-51.23028, -29.900768], [-51.230277, -29.900737], [-51.230202, -29.900742], [-51.230205, -29.900773]]]}, "properties": {}},
{"type": "Feature", "geometry": {"type": "Polygon", "coordinates": [[[-51.230776, -29.902455], [-51.230715, -29.902458], [-51.230715, -29.902465], [-51.230667, -29.902468], [-51.23067, -29.902516], [-51.23078, -29.902511], [-51.230776, -29.902455]]]}, "properties": {}},
{"type": "Feature", "geometry": {"type": "Polygon", "coordinates": [[[-51.236426, -29.899317], [-51.236482, -29.899314], [-51.23648, -29.899283], [-51.236517, -29.899282], [-51.236516, -29.899263], [-51.236423, -29.899268], [-51.236426, -29.899317]]]}, "properties": {}},
{"type": "Feature", "geometry": {"type": "Polygon", "coordinates": [[[-51.237274, -29.899949], [-51.237273, -29.899938], [-51.23725, -29.89994], [-51.237256, -29.899996], [-51.237294, -29.899993], [-51.237289, -29.899948], [-51.237274, -29.899949]]]}, "properties": {}},
{"type": "Feature", "geometry": {"type": "Polygon", "coordinates": [[[-51.229757, -29.903018], [-51.229846, -29.903013], [-51.229841, -29.902933], [-51.229807, -29.902935], [-51.229806, -29.90292], [-51.22975, -29.902924], [-51.229757, -29.903018]]]}, "properties": {}},
{"type": "Feature", "geometry": {"type": "Polygon", "coordinates": [[[-51.232903, -29.901537], [-51.232789, -29.901538], [-51.23279, -29.901579], [-51.232905, -29.901575], [-51.232903, -29.901537]]]}, "properties": {}},
{"type": "Feature", "geometry": {"type": "Polygon", "coordinates": [[[-51.236099, -29.904613], [-51.236103, -29.904642], [-51.236115, -29.904641], [-51.236131, -29.904753], [-51.23621, -29.904744], [-51.236195, -29.904642], [-51.236188, -29.904642], [-51.236182, -29.904604], [-51.236099, -29.904613]]]}, "properties": {}},
{"type": "Feature", "geometry": {"type": "Polygon", "coordinates": [[[-51.230594, -29.900371], [-51.230595, -29.900391], [-51.230645, -29.900389], [-51.230644, -29.900369], [-51.230641, -29.900303], [-51.230591, -29.900305], [-51.230594, -29.900371]]]}, "properties": {}},
{"type": "Feature", "geometry": {"type": "Polygon", "coordinates": [[[-51.237533, -29.903455], [-51.237565, -29.903453], [-51.237562, -29.903404], [-51.237531, -29.903405], [-51.237533, -29.903455]]]}, "properties": {}},
{"type": "Feature", "geometry": {"type": "Polygon", "coordinates": [[[-51.235005, -29.904547], [-51.235007, -29.904587], [-51.235034, -29.904585], [-51.235036, -29.904622], [-51.235051, -29.904622], [-51.235071, -29.904621], [-51.235081, -29.90462], [-51.235078, -29.904582], [-51.235076, -29.904544], [-51.235005, -29.904547]]]}, "properties": {}},
{"type": "Feature", "geometry": {"type": "Polygon", "coordinates": [[[-51.237641, -29.901617], [-51.237642, -29.901631], [-51.237696, -29.901628], [-51.237694, -29.901614], [-51.237641, -29.901617]]]}, "properties": {}},
{"type": "Feature", "geometry": {"type": "Polygon", "coordinates": [[[-51.230635, -29.9026], [-51.230645, -29.902659], [-51.230687, -29.902653], [-51.230677, -29.902595], [-51.230635, -29.9026]]]}, "properties": {}},
{"type": "Feature", "geometry": {"type": "Polygon", "coordinates": [[[-51.23392, -29.90162], [-51.23391, -29.901571], [-51.233859, -29.901579], [-51.233869, -29.901628], [-51.23392, -29.90162]]]}, "properties": {}},
{"type": "Feature", "geometry": {"type": "Polygon", "coordinates": [[[-51.231347, -29.902331], [-51.231352, -29.902394], [-51.231431, -29.902389], [-51.231429, -29.902365], [-51.231461, -29.902363], [-51.231458, -29.902324], [-51.231347, -29.902331]]]}, "properties": {}},
{"type": "Feature", "geometry": {"type": "Polygon", "coordinates": [[[-51.23292, -29.901002], [-51.232923, -29.901051], [-51.232992, -29.901048], [-51.232989, -29.900999], [-51.23292, -29.901002]]]}, "properties": {}},
{"type": "Feature", "geometry": {"type": "Polygon", "coordinates": [[[-51.237393, -29.900765], [-51.237448, -29.90076], [-51.237445, -29.900726], [-51.23739, -29.90073], [-51.237393, -29.900765]]]}, "properties": {"info": {"is_agg": true, "properties_agg": [{"feature_id": 172173}], "geom_cmp_equals": [false], "geom_cmp_intersec": [0]}}},
{"type": "Feature", "geometry": {"type": "Polygon", "coordinates": [[[-51.235473, -29.899795], [-51.235583, -29.899786], [-51.235581, -29.899768], [-51.235472, -29.899777], [-51.235473, -29.899795]]]}, "properties": {}},
{"type": "Feature", "geometry": {"type": "Polygon", "coordinates": [[[-51.239895, -29.904172], [-51.23983, -29.904179], [-51.239834, -29.90421], [-51.2399, -29.904203], [-51.239895, -29.904172]]]}, "properties": {}},
{"type": "Feature", "geometry": {"type": "Polygon", "coordinates": [[[-51.233052, -29.903084], [-51.233054, -29.903107], [-51.233181, -29.903099], [-51.233179, -29.903076], [-51.233052, -29.903084]]]}, "properties": {}},
{"type": "Feature", "geometry": {"type": "Polygon", "coordinates": [[[-51.23584, -29.900032], [-51.235902, -29.900028], [-51.235895, -29.899952], [-51.235926, -29.899949], [-51.235923, -29.899921], [-51.23583, -29.899928], [-51.23584, -29.900032]]]}, "properties": {}},
{"type": "Feature", "geometry": {"type": "Polygon", "coordinates": [[[-51.234427, -29.902329], [-51.234335, -29.902335], [-51.234344, -29.902452], [-51.234437, -29.902446], [-51.234427, -29.902329]]]}, "properties": {}},
{"type": "Feature", "geometry": {"type": "Polygon", "coordinates": [[[-51.233384, -29.899917], [-51.233436, -29.899914], [-51.233434, -29.899891], [-51.233382, -29.899894], [-51.233384, -29.899917]]]}, "properties": {}},
{"type": "Feature", "geometry": {"type": "Polygon", "coordinates": [[[-51.233803, -29.904594], [-51.233816, -29.904743], [-51.233862, -29.90474], [-51.233851, -29.904589], [-51.233803, -29.904594]]]}, "properties": {}},
{"type": "Feature", "geometry": {"type": "Polygon", "coordinates": [[[-51.238323, -29.90223], [-51.238349, -29.902229], [-51.238342, -29.902144], [-51.238317, -29.902146], [-51.238323, -29.90223]]]}, "properties": {}},
{"type": "Feature", "geometry": {"type": "Polygon", "coordinates": [[[-51.233413, -29.899495], [-51.233504, -29.899496], [-51.233506, -29.899418], [-51.233401, -29.899415], [-51.233399, -29.899494], [-51.233413, -29.899495]]]}, "properties": {}},
{"type": "Feature", "geometry": {"type": "Polygon", "coordinates": [[[-51.233529, -29.899657], [-51.233601, -29.899653], [-51.233598, -29.899622], [-51.233527, -29.899625], [-51.233529, -29.899657]]]}, "properties": {}},
{"type": "Feature", "geometry": {"type": "Polygon", "coordinates": [[[-51.237957, -29.901324], [-51.238019, -29.901322], [-51.238015, -29.901258], [-51.237953, -29.901261], [-51.237957, -29.901324]]]}, "properties": {}},
{"type": "Feature", "geometry": {"type": "Polygon", "coordinates": [[[-51.230663, -29.903035], [-51.230642, -29.903036], [-51.230645, -29.90309], [-51.230666, -29.903089], [-51.230663, -29.903035]]]}, "properties": {}},
{"type": "Feature", "geometry": {"type": "Polygon", "coordinates": [[[-51.23048, -29.904754], [-51.230484, -29.904753], [-51.230491, -29.904753], [-51.230502, -29.904752], [-51.230512, -29.904752], [-51.230523, -29.904751], [-51.230534, -29.904751], [-51.230541, -29.90475], [-51.230548, -29.90475], [-51.230555, -29.904749], [-51.230562, -29.904749], [-51.230571, -29.904748], [-51.23058, -29.904748], [-51.230577, -29.904707], [-51.230576, -29.9047], [-51.230473, -29.904705], [-51.230476, -29.904754], [-51.23048, -29.904754]]]}, "properties": {}},
{"type": "Feature", "geometry": {"type": "Polygon", "coordinates": [[[-51.233445, -29.89998], [-51.233531, -29.899971], [-51.233522, -29.899906], [-51.233437, -29.899915], [-51.233445, -29.89998]]]}, "properties": {}},
{"type": "Feature", "geometry": {"type": "Polygon", "coordinates": [[[-51.238007, -29.903285], [-51.238004, -29.903249], [-51.237938, -29.903252], [-51.237942, -29.903298], [-51.237947, -29.903298], [-51.237951, -29.903353], [-51.238063, -29.903347], [-51.238058, -29.903282], [-51.238007, -29.903285]]]}, "properties": {}},
{"type": "Feature", "geometry": {"type": "Polygon", "coordinates": [[[-51.232216, -29.900698], [-51.232216, -29.900759], [-51.232207, -29.900759], [-51.232207, -29.900783], [-51.232299, -29.90078], [-51.232299, -29.900698], [-51.232216, -29.900698]]]}, "properties": {}},
{"type": "Feature", "geometry": {"type": "Polygon", "coordinates": [[[-51.232126, -29.903688], [-51.232131, -29.903752], [-51.2322, -29.903748], [-51.232195, -29.903684], [-51.232126, -29.903688]]]}, "properties": {}},
{"type": "Feature", "geometry": {"type": "Polygon", "coordinates": [[[-51.233853, -29.901736], [-51.233838, -29.901628], [-51.233759, -29.901638], [-51.233778, -29.901746], [-51.233853, -29.901736]]]}, "properties": {}},
{"type": "Feature", "geometry": {"type": "Polygon", "coordinates": [[[-51.236307, -29.899346], [-51.236312, -29.899392], [-51.236334, -29.89939], [-51.236329, -29.899344], [-51.236307, -29.899346]]]}, "properties": {}},
{"type": "Feature", "geometry": {"type": "Polygon", "coordinates": [[[-51.239134, -29.903895], [-51.239137, -29.903926], [-51.239237, -29.903918], [-51.239234, -29.903887], [-51.239134, -29.903895]]]}, "properties": {}},
{"type": "Feature", "geometry": {"type": "Polygon", "coordinates": [[[-51.231651, -29.900219], [-51.231742, -29.900213], [-51.231736, -29.900131], [-51.231674, -29.900135], [-51.231671, -29.900107], [-51.231642, -29.900109], [-51.231651, -29.900219]]]}, "properties": {}},
{"type": "Feature", "geometry": {"type": "Polygon", "coordinates": [[[-51.232734, -29.900556], [-51.232715, -29.900556], [-51.232716, -29.900615], [-51.232796, -29.900615], [-51.232795, -29.900523], [-51.232734, -29.900524], [-51.232734, -29.900556]]]}, "properties": {}},
{"type": "Feature", "geometry": {"type": "Polygon", "coordinates": [[[-51.232399, -29.900502], [-51.2324, -29.900578], [-51.232498, -29.900577], [-51.232497, -29.900502], [-51.232399, -29.900502]]]}, "properties": {}},
{"type": "Feature", "geometry": {"type": "Polygon", "coordinates": [[[-51.232969, -29.900081], [-51.232964, -29.900081], [-51.232963, -29.90006], [-51.232883, -29.900062], [-51.232885, -29.900118], [-51.23297, -29.900115], [-51.232969, -29.900081]]]}, "properties": {}},
{"type": "Feature", "geometry": {"type": "Polygon", "coordinates": [[[-51.234916, -29.902832], [-51.234916, -29.902827], [-51.234915, -29.902825], [-51.234903, -29.902825], [-51.234885, -29.902828], [-51.234879, -29.902828], [-51.234867, -29.90283], [-51.234861, -29.90283], [-51.234855, -29.902831], [-51.234848, -29.902832], [-51.234842, -29.902833], [-51.234818, -29.902835], [-51.234812, -29.902836], [-51.234799, -29.902838], [-51.234786, -29.902839], [-51.234784, -29.902839], [-51.234788, -29.902889], [-51.23482, -29.902887], [-51.234873, -29.902884], [-51.23492, -29.902881], [-51.234916, -29.902832]]]}, "properties": {}},
{"type": "Feature", "geometry": {"type": "Polygon", "coordinates": [[[-51.236483, -29.899846], [-51.236488, -29.899914], [-51.236614, -29.89991], [-51.236613, -29.899865], [-51.236611, -29.899842], [-51.236483, -29.899846]]]}, "properties": {}},
{"type": "Feature", "geometry": {"type": "Polygon", "coordinates": [[[-51.229404, -29.902296], [-51.229408, -29.902345], [-51.229395, -29.902345], [-51.229398, -29.902382], [-51.229428, -29.902381], [-51.229429, -29.9024], [-51.229482, -29.902396], [-51.229481, -29.902377], [-51.22952, -29.902375], [-51.229513, -29.90229], [-51.229404, -29.902296]]]}, "properties": {}},
{"type": "Feature", "geometry": {"type": "Polygon", "coordinates": [[[-51.231739, -29.904136], [-51.231744, -29.904202], [-51.231797, -29.904199], [-51.231796, -29.904185], [-51.231817, -29.904184], [-51.231812, -29.904131], [-51.231739, -29.904136]]]}, "properties": {}},
{"type": "Feature", "geometry": {"type": "Polygon", "coordinates": [[[-51.239418, -29.903802], [-51.239507, -29.90379], [-51.239496, -29.903735], [-51.239407, -29.903748], [-51.239418, -29.903802]]]}, "properties": {}},
{"type": "Feature", "geometry": {"type": "Polygon", "coordinates": [[[-51.233094, -29.904647], [-51.2331, -29.904719], [-51.233123, -29.904718], [-51.233125, -29.904744], [-51.233151, -29.904743], [-51.233143, -29.904644], [-51.233094, -29.904647]]]}, "properties": {}},
{"type": "Feature", "geometry": {"type": "Polygon", "coordinates": [[[-51.234265, -29.900643], [-51.234234, -29.900644], [-51.234236, -29.900669], [-51.234266, -29.900668], [-51.234265, -29.900643]]]}, "properties": {}},
{"type": "Feature", "geometry": {"type": "Polygon", "coordinates": [[[-51.23055, -29.902466], [-51.230552, -29.902494], [-51.230529, -29.902495], [-51.230533, -29.902551], [-51.230653, -29.902545], [-51.230649, -29.902495], [-51.230639, -29.902495], [-51.230637, -29.902461], [-51.23055, -29.902466]]]}, "properties": {}},
{"type": "Feature", "geometry": {"type": "Polygon", "coordinates": [[[-51.23421, -29.89996], [-51.234224, -29.900031], [-51.234288, -29.900028], [-51.234283, -29.899956], [-51.23421, -29.89996]]]}, "properties": {}},
{"type": "Feature", "geometry": {"type": "Polygon", "coordinates": [[[-51.236296, -29.900724], [-51.236309, -29.900786], [-51.236364, -29.900777], [-51.236351, -29.900715], [-51.236296, -29.900724]]]}, "properties": {}},
{"type": "Feature", "geometry": {"type": "Polygon", "coordinates": [[[-51.236964, -29.900906], [-51.236961, -29.90088], [-51.236938, -29.900883], [-51.236941, -29.900908], [-51.236964, -29.900906]]]}, "properties": {}},
{"type": "Feature", "geometry": {"type": "Polygon", "coordinates": [[[-51.229399, -29.9025], [-51.229342, -29.902504], [-51.229349, -29.902594], [-51.229391, -29.902591], [-51.229393, -29.902613], [-51.229409, -29.902612], [-51.229399, -29.9025]]]}, "properties": {}},
{"type": "Feature", "geometry": {"type": "Polygon", "coordinates": [[[-51.235552, -29.903222], [-51.235559, -29.903319], [-51.235621, -29.903315], [-51.235614, -29.903219], [-51.235552, -29.903222]]]}, "properties": {}},
{"type": "Feature", "geometry": {"type": "Polygon", "coordinates": [[[-51.230511, -29.903917], [-51.230511, -29.903953], [-51.230585, -29.903953], [-51.230585, -29.903917], [-51.230511, -29.903917]]]}, "properties": {}},
{"type": "Feature", "geometry": {"type": "Polygon", "coordinates": [[[-51.233457, -29.902258], [-51.233458, -29.902287], [-51.233513, -29.902282], [-51.233509, -29.902253], [-51.233457, -29.902258]]]}, "properties": {}},
{"type": "Feature", "geometry": {"type": "Polygon", "coordinates": [[[-51.234951, -29.90405], [-51.23495, -29.904034], [-51.23493, -29.904034], [-51.234929, -29.904023], [-51.234847, -29.904023], [-51.234848, -29.90405], [-51.234951, -29.90405]]]}, "properties": {}},
{"type": "Feature", "geometry": {"type": "Polygon", "coordinates": [[[-51.238278, -29.904481], [-51.238311, -29.904479], [-51.238307, -29.904424], [-51.238273, -29.904426], [-51.238278, -29.904481]]]}, "properties": {}},
{"type": "Feature", "geometry": {"type": "Polygon", "coordinates": [[[-51.234196, -29.899411], [-51.234194, -29.899499], [-51.234286, -29.899498], [-51.234288, -29.89941], [-51.234196, -29.899411]]]}, "properties": {}},
{"type": "Feature", "geometry": {"type": "Polygon", "coordinates": [[[-51.229909, -29.900144], [-51.230043, -29.900141], [-51.230041, -29.900097], [-51.230013, -29.900097], [-51.230014, -29.900107], [-51.229907, -29.90011], [-51.229909, -29.900144]]]}, "properties": {}},
{"type": "Feature", "geometry": {"type": "Polygon", "coordinates": [[[-51.238039, -29.900208], [-51.238077, -29.900205], [-51.23807, -29.900133], [-51.238033, -29.900135], [-51.238039, -29.900208]]]}, "properties": {}},
{"type": "Feature", "geometry": {"type": "Polygon", "coordinates": [[[-51.229682, -29.902419], [-51.229781, -29.902413], [-51.229779, -29.902389], [-51.22968, -29.902395], [-51.229682, -29.902419]]]}, "properties": {}},
{"type": "Feature", "geometry": {"type": "Polygon", "coordinates": [[[-51.233881, -29.899874], [-51.233948, -29.89987], [-51.233941, -29.899791], [-51.233874, -29.899795], [-51.233881, -29.899874]]]}, "properties": {}},
{"type": "Feature", "geometry": {"type": "Polygon", "coordinates": [[[-51.235952, -29.904111], [-51.235965, -29.90411], [-51.235966, -29.904122], [-51.23597, -29.904184], [-51.236069, -29.904179], [-51.236061, -29.904068], [-51.235989, -29.904072], [-51.235949, -29.904074], [-51.235952, -29.904111]]]}, "properties": {}},
{"type": "Feature", "geometry": {"type": "Polygon", "coordinates": [[[-51.233083, -29.900156], [-51.233005, -29.900161], [-51.233009, -29.900211], [-51.233087, -29.900206], [-51.233083, -29.900156]]]}, "properties": {}},
{"type": "Feature", "geometry": {"type": "Polygon", "coordinates": [[[-51.236902, -29.903175], [-51.236898, -29.903134], [-51.236867, -29.903136], [-51.236871, -29.903177], [-51.236902, -29.903175]]]}, "properties": {}},
{"type": "Feature", "geometry": {"type": "Polygon", "coordinates": [[[-51.237182, -29.901059], [-51.237274, -29.901053], [-51.237267, -29.900969], [-51.237248, -29.900971], [-51.237206, -29.900973], [-51.237175, -29.900975], [-51.237182, -29.901059]]]}, "properties": {}},
{"type": "Feature", "geometry": {"type": "Polygon", "coordinates": [[[-51.233977, -29.901124], [-51.233977, -29.901112], [-51.234016, -29.90111], [-51.234013, -29.901061], [-51.23395, -29.901064], [-51.233954, -29.901125], [-51.233977, -29.901124]]]}, "properties": {}},
{"type": "Feature", "geometry": {"type": "Polygon", "coordinates": [[[-51.237749, -29.903458], [-51.237814, -29.903455], [-51.237807, -29.903352], [-51.237742, -29.903356], [-51.237749, -29.903458]]]}, "properties": {}},
{"type": "Feature", "geometry": {"type": "Polygon", "coordinates": [[[-51.236798, -29.901936], [-51.236664, -29.901944], [-51.236671, -29.902057], [-51.236675, -29.902113], [-51.236673, -29.902123], [-51.236789, -29.902116], [-51.236791, -29.902116], [-51.236812, -29.902115], [-51.236798, -29.901936]]]}, "properties": {}},
{"type": "Feature", "geometry": {"type": "Polygon", "coordinates": [[[-51.233052, -29.90347], [-51.233055, -29.903503], [-51.233179, -29.903495], [-51.233176, -29.903463], [-51.233052, -29.90347]]]}, "properties": {}},
{"type": "Feature", "geometry": {"type": "Polygon", "coordinates": [[[-51.236466, -29.904316], [-51.236475, -29.904428], [-51.236568, -29.904422], [-51.236559, -29.90431], [-51.236466, -29.904316]]]}, "properties": {}},
{"type": "Feature", "geometry": {"type": "Polygon", "coordinates": [[[-51.234761, -29.900861], [-51.234758, -29.900825], [-51.234725, -29.900828], [-51.234728, -29.900864], [-51.234761, -29.900861]]]}, "properties": {}},
{"type": "Feature", "geometry": {"type": "Polygon", "coordinates": [[[-51.230131, -29.901481], [-51.230138, -29.901582], [-51.230212, -29.901578], [-51.230205, -29.901477], [-51.230131, -29.901481]]]}, "properties": {}},
{"type": "Feature", "geometry": {"type": "Polygon", "coordinates": [[[-51.23518, -29.899432], [-51.235134, -29.899435], [-51.235134, -29.89943], [-51.235111, -29.899432], [-51.235114, -29.899467], [-51.235182, -29.899463], [-51.23518, -29.899432]]]}, "properties": {}},
{"type": "Feature", "geometry": {"type": "Polygon", "coordinates": [[[-51.235382, -29.902166], [-51.235364, -29.902167], [-51.235364, -29.902158], [-51.235307, -29.902162], [-51.23531, -29.902203], [-51.235384, -29.902199], [-51.235382, -29.902166]]]}, "properties": {}},
{"type": "Feature", "geometry": {"type": "Polygon", "coordinates": [[[-51.238173, -29.904289], [-51.238142, -29.90429], [-51.238146, -29.904354], [-51.238177, -29.904352], [-51.238178, -29.904371], [-51.238257, -29.904367], [-51.23825, -29.904278], [-51.238172, -29.904282], [-51.238173, -29.904289]]]}, "properties": {}},
{"type": "Feature", "geometry": {"type": "Polygon", "coordinates": [[[-51.23524, -29.904205], [-51.235245, -29.904225], [-51.235251, -29.904231], [-51.235294, -29.904222], [-51.235284, -29.904183], [-51.235253, -29.904189], [-51.235251, -29.904182], [-51.235234, -29.904186], [-51.23524, -29.904205]]]}, "properties": {}},
{"type": "Feature", "geometry": {"type": "Polygon", "coordinates": [[[-51.231311, -29.90016], [-51.231256, -29.900164], [-51.231258, -29.900179], [-51.231269, -29.900295], [-51.231324, -29.900291], [-51.231313, -29.900175], [-51.231311, -29.90016]]]}, "properties": {}},
{"type": "Feature", "geometry": {"type": "Polygon", "coordinates": [[[-51.233849, -29.901286], [-51.233862, -29.901378], [-51.233897, -29.901374], [-51.233883, -29.901283], [-51.233849, -29.901286]]]}, "properties": {}},
{"type": "Feature", "geometry": {"type": "Polygon", "coordinates": [[[-51.232226, -29.900598], [-51.232226, -29.900671], [-51.232272, -29.900671], [-51.232272, -29.900688], [-51.232288, -29.900688], [-51.232288, -29.900598], [-51.232226, -29.900598]]]}, "properties": {}},
{"type": "Feature", "geometry": {"type": "Polygon", "coordinates": [[[-51.234977, -29.903859], [-51.234956, -29.903862], [-51.234956, -29.903866], [-51.234926, -29.90387], [-51.234833, -29.903881], [-51.234843, -29.903945], [-51.234846, -29.903962], [-51.234906, -29.903955], [-51.234949, -29.903951], [-51.235, -29.903945], [-51.234977, -29.903859]]]}, "properties": {}},
{"type": "Feature", "geometry": {"type": "Polygon", "coordinates": [[[-51.236154, -29.90173], [-51.236123, -29.901734], [-51.236129, -29.901778], [-51.236161, -29.901775], [-51.236154, -29.90173]]]}, "properties": {}},
{"type": "Feature", "geometry": {"type": "Polygon", "coordinates": [[[-51.232752, -29.903889], [-51.232813, -29.903885], [-51.232809, -29.903845], [-51.232681, -29.903853], [-51.232683, -29.903881], [-51.232751, -29.903877], [-51.232752, -29.903889]]]}, "properties": {}},
{"type": "Feature", "geometry": {"type": "Polygon", "coordinates": [[[-51.233102, -29.901598], [-51.233105, -29.901619], [-51.233148, -29.901615], [-51.233146, -29.901594], [-51.233102, -29.901598]]]}, "properties": {}},
{"type": "Feature", "geometry": {"type": "Polygon", "coordinates": [[[-51.237638, -29.900289], [-51.23764, -29.900326], [-51.237699, -29.900323], [-51.237697, -29.900287], [-51.237638, -29.900289]]]}, "properties": {}},
{"type": "Feature", "geometry": {"type": "Polygon", "coordinates": [[[-51.238091, -29.90335], [-51.238098, -29.903443], [-51.238203, -29.903437], [-51.238195, -29.903343], [-51.238091, -29.90335]]]}, "properties": {}},
{"type": "Feature", "geometry": {"type": "Polygon", "coordinates": [[[-51.233059, -29.903623], [-51.233062, -29.903649], [-51.233163, -29.903643], [-51.233161, -29.903617], [-51.233059, -29.903623]]]}, "properties": {}},
{"type": "Feature", "geometry": {"type": "Polygon", "coordinates": [[[-51.238248, -29.902428], [-51.238253, -29.902492], [-51.238344, -29.902487], [-51.238339, -29.902422], [-51.238248, -29.902428]]]}, "properties": {}},
{"type": "Feature", "geometry": {"type": "Polygon", "coordinates": [[[-51.23205, -29.903892], [-51.232017, -29.903894], [-51.232021, -29.90394], [-51.232054, -29.903938], [-51.23205, -29.903892]]]}, "properties": {}},
{"type": "Feature", "geometry": {"type": "Polygon", "coordinates": [[[-51.231438, -29.903336], [-51.231431, -29.903248], [-51.231393, -29.90325], [-51.2314, -29.903339], [-51.231438, -29.903336]]]}, "properties": {}},
{"type": "Feature", "geometry": {"type": "Polygon", "coordinates": [[[-51.235928, -29.902167], [-51.235992, -29.902163], [-51.235988, -29.902119], [-51.235925, -29.902122], [-51.235928, -29.902167]]]}, "properties": {}},
{"type": "Feature", "geometry": {"type": "Polygon", "coordinates": [[[-51.232933, -29.901324], [-51.232935, -29.901369], [-51.233008, -29.901367], [-51.233009, -29.901347], [-51.23301, -29.901322], [-51.232933, -29.901324]]]}, "properties": {}},
{"type": "Feature", "geometry": {"type": "Polygon", "coordinates": [[[-51.234063, -29.900875], [-51.234041, -29.900876], [-51.234044, -29.900929], [-51.234066, -29.900928], [-51.234063, -29.900875]]]}, "properties": {}},
{"type": "Feature", "geometry": {"type": "Polygon", "coordinates": [[[-51.231162, -29.89996], [-51.231215, -29.899957], [-51.231213, -29.899941], [-51.23116, -29.899944], [-51.231162, -29.89996]]]}, "properties": {}},
{"type": "Feature", "geometry": {"type": "Polygon", "coordinates": [[[-51.236651, -29.901027], [-51.236659, -29.901109], [-51.236724, -29.901104], [-51.236716, -29.901021], [-51.236651, -29.901027]]]}, "properties": {}},
{"type": "Feature", "geometry": {"type": "Polygon", "coordinates": [[[-51.237963, -29.90205], [-51.237959, -29.901964], [-51.2379, -29.901966], [-51.237904, -29.902052], [-51.237963, -29.90205]]]}, "properties": {}},
{"type": "Feature", "geometry": {"type": "Polygon", "coordinates": [[[-51.230762, -29.90405], [-51.23085, -29.904046], [-51.230849, -29.904017], [-51.23076, -29.904021], [-51.230762, -29.90405]]]}, "properties": {}},
{"type": "Feature", "geometry": {"type": "Polygon", "coordinates": [[[-51.229291, -29.901002], [-51.229297, -29.90111], [-51.229716, -29.901092], [-51.22971, -29.900984], [-51.229291, -29.901002]]]}, "properties": {}},
{"type": "Feature", "geometry": {"type": "Polygon", "coordinates": [[[-51.236905, -29.901396], [-51.236889, -29.901313], [-51.236865, -29.901317], [-51.236881, -29.9014], [-51.236905, -29.901396]]]}, "properties": {}},
{"type": "Feature", "geometry": {"type": "Polygon", "coordinates": [[[-51.233056, -29.901392], [-51.233007, -29.901394], [-51.233007, -29.901435], [-51.233058, -29.901433], [-51.233056, -29.901392]]]}, "properties": {}},
{"type": "Feature", "geometry": {"type": "Polygon", "coordinates": [[[-51.233773, -29.902138], [-51.233811, -29.902134], [-51.233796, -29.902032], [-51.233757, -29.902037], [-51.233773, -29.902138]]]}, "properties": {}},
{"type": "Feature", "geometry": {"type": "Polygon", "coordinates": [[[-51.233673, -29.903938], [-51.233677, -29.904002], [-51.233853, -29.903994], [-51.233849, -29.90393], [-51.233673, -29.903938]]]}, "properties": {}},
{"type": "Feature", "geometry": {"type": "Polygon", "coordinates": [[[-51.236677, -29.900728], [-51.236687, -29.900809], [-51.236733, -29.900804], [-51.236736, -29.900825], [-51.236752, -29.900824], [-51.236738, -29.900722], [-51.236677, -29.900728]]]}, "properties": {}},
{"type": "Feature", "geometry": {"type": "Polygon", "coordinates": [[[-51.237676, -29.903096], [-51.237683, -29.903176], [-51.23778, -29.903172], [-51.237775, -29.903092], [-51.237676, -29.903096]]]}, "properties": {}},
{"type": "Feature", "geometry": {"type": "Polygon", "coordinates": [[[-51.237521, -29.902779], [-51.237522, -29.902791], [-51.237525, -29.902819], [-51.237528, -29.902846], [-51.23753, -29.90286], [-51.237588, -29.902856], [-51.23766, -29.902852], [-51.237654, -29.902771], [-51.237521, -29.902779]]]}, "properties": {}},
{"type": "Feature", "geometry": {"type": "Polygon", "coordinates": [[[-51.237973, -29.900139], [-51.237977, -29.900178], [-51.238037, -29.900174], [-51.238033, -29.900135], [-51.237973, -29.900139]]]}, "properties": {}},
{"type": "Feature", "geometry": {"type": "Polygon", "coordinates": [[[-51.231819, -29.902515], [-51.231814, -29.902454], [-51.231763, -29.902457], [-51.231764, -29.90247], [-51.231726, -29.902473], [-51.23173, -29.902521], [-51.231819, -29.902515]]]}, "properties": {}},
{"type": "Feature", "geometry": {"type": "Polygon", "coordinates": [[[-51.23481, -29.90266], [-51.234817, -29.902765], [-51.234898, -29.902761], [-51.23488, -29.902656], [-51.23481, -29.90266]]]}, "properties": {}},
{"type": "Feature", "geometry": {"type": "Polygon", "coordinates": [[[-51.233799, -29.904027], [-51.233746, -29.90403], [-51.233753, -29.904114], [-51.233805, -29.904111], [-51.233799, -29.904027]]]}, "properties": {}},
{"type": "Feature", "geometry": {"type": "Polygon", "coordinates": [[[-51.229489, -29.899434], [-51.229493, -29.8995], [-51.229539, -29.899498], [-51.229535, -29.899432], [-51.229489, -29.899434]]]}, "properties": {}},
{"type": "Feature", "geometry": {"type": "Polygon", "coordinates": [[[-51.239081, -29.90182], [-51.239073, -29.901821], [-51.239069, -29.901802], [-51.239047, -29.901805], [-51.23905, -29.901821], [-51.238955, -29.901834], [-51.238963, -29.90188], [-51.239089, -29.901863], [-51.239081, -29.90182]]]}, "properties": {}},
{"type": "Feature", "geometry": {"type": "Polygon", "coordinates": [[[-51.231069, -29.900081], [-51.231062, -29.899999], [-51.230958, -29.900005], [-51.230941, -29.900006], [-51.230947, -29.900088], [-51.230965, -29.900087], [-51.231069, -29.900081]]]}, "properties": {}},
{"type": "Feature", "geometry": {"type": "Polygon", "coordinates": [[[-51.235123, -29.89951], [-51.235133, -29.899591], [-51.235182, -29.899586], [-51.235171, -29.899505], [-51.235123, -29.89951]]]}, "properties": {}},
{"type": "Feature", "geometry": {"type": "Polygon", "coordinates": [[[-51.229309, -29.904505], [-51.229312, -29.904538], [-51.229339, -29.904537], [-51.229337, -29.904504], [-51.229309, -29.904505]]]}, "properties": {}},
{"type": "Feature", "geometry": {"type": "Polygon", "coordinates": [[[-51.238026, -29.904441], [-51.238032, -29.904503], [-51.238064, -29.904501], [-51.238059, -29.904439], [-51.238026, -29.904441]]]}, "properties": {}},
{"type": "Feature", "geometry": {"type": "Polygon", "coordinates": [[[-51.23516, -29.901097], [-51.235095, -29.901098], [-51.235097, -29.901173], [-51.235161, -29.901172], [-51.23516, -29.901097]]]}, "properties": {}},
{"type": "Feature", "geometry": {"type": "Polygon", "coordinates": [[[-51.237709, -29.903235], [-51.237711, -29.903268], [-51.237745, -29.903265], [-51.237743, -29.903234], [-51.237709, -29.903235]]]}, "properties": {}},
{"type": "Feature", "geometry": {"type": "Polygon", "coordinates": [[[-51.237595, -29.899828], [-51.237597, -29.899844], [-51.23754, -29.899848], [-51.237542, -29.899871], [-51.237568, -29.899869], [-51.237572, -29.899903], [-51.237627, -29.899899], [-51.23762, -29.899826], [-51.237595, -29.899828]]]}, "properties": {}},
{"type": "Feature", "geometry": {"type": "Polygon", "coordinates": [[[-51.23177, -29.902068], [-51.231813, -29.902065], [-51.231811, -29.902044], [-51.231769, -29.902046], [-51.23177, -29.902068]]]}, "properties": {}},
{"type": "Feature", "geometry": {"type": "Polygon", "coordinates": [[[-51.236557, -29.900293], [-51.236546, -29.900234], [-51.236504, -29.90024], [-51.236515, -29.900299], [-51.236557, -29.900293]]]}, "properties": {}},
{"type": "Feature", "geometry": {"type": "Polygon", "coordinates": [[[-51.234863, -29.899587], [-51.234924, -29.899581], [-51.234922, -29.899563], [-51.23486, -29.89957], [-51.234863, -29.899587]]]}, "properties": {}},
{"type": "Feature", "geometry": {"type": "Polygon", "coordinates": [[[-51.230966, -29.900597], [-51.230972, -29.900688], [-51.231036, -29.900685], [-51.231036, -29.900682], [-51.231137, -29.900677], [-51.231132, -29.900589], [-51.230966, -29.900597]]]}, "properties": {}},
{"type": "Feature", "geometry": {"type": "Polygon", "coordinates": [[[-51.236375, -29.904657], [-51.23638, -29.904766], [-51.236505, -29.904762], [-51.2365, -29.904653], [-51.236375, -29.904657]]]}, "properties": {}},
{"type": "Feature", "geometry": {"type": "Polygon", "coordinates": [[[-51.231036, -29.90118], [-51.231044, -29.901239], [-51.231156, -29.901229], [-51.231149, -29.90117], [-51.231036, -29.90118]]]}, "properties": {}},
{"type": "Feature", "geometry": {"type": "Polygon", "coordinates": [[[-51.231203, -29.901772], [-51.231203, -29.901785], [-51.23112, -29.90179], [-51.231128, -29.901888], [-51.231343, -29.901875], [-51.23134, -29.90184], [-51.23132, -29.901842], [-51.231314, -29.901766], [-51.231203, -29.901772]]]}, "properties": {}},
{"type": "Feature", "geometry": {"type": "Polygon", "coordinates": [[[-51.230256, -29.90245], [-51.23026, -29.902522], [-51.230298, -29.90252], [-51.230294, -29.902449], [-51.230256, -29.90245]]]}, "properties": {}},
{"type": "Feature", "geometry": {"type": "Polygon", "coordinates": [[[-51.232491, -29.904136], [-51.232498, -29.904221], [-51.232623, -29.904214], [-51.232617, -29.904129], [-51.232491, -29.904136]]]}, "properties": {}},
{"type": "Feature", "geometry": {"type": "Polygon", "coordinates": [[[-51.232752, -29.90255], [-51.232754, -29.902568], [-51.232811, -29.902565], [-51.232809, -29.902547], [-51.232752, -29.90255]]]}, "properties": {}},
{"type": "Feature", "geometry": {"type": "Polygon", "coordinates": [[[-51.229645, -29.90429], [-51.229637, -29.904221], [-51.229581, -29.904226], [-51.229589, -29.904295], [-51.229645, -29.90429]]]}, "properties": {}},
{"type": "Feature", "geometry": {"type": "Polygon", "coordinates": [[[-51.233737, -29.90069], [-51.233723, -29.900691], [-51.233734, -29.900792], [-51.233748, -29.900791], [-51.233737, -29.90069]]]}, "properties": {}},
{"type": "Feature", "geometry": {"type": "Polygon", "coordinates": [[[-51.234829, -29.900029], [-51.234824, -29.900091], [-51.234875, -29.900094], [-51.23488, -29.900032], [-51.234829, -29.900029]]]}, "properties": {}},
{"type": "Feature", "geometry": {"type": "Polygon", "coordinates": [[[-51.232958, -29.903024], [-51.232953, -29.903005], [-51.2329, -29.903008], [-51.2329, -29.903028], [-51.232958, -29.903024]]]}, "properties": {}},
{"type": "Feature", "geometry": {"type": "Polygon", "coordinates": [[[-51.23314, -29.904432], [-51.23308, -29.904435], [-51.23308, -29.904425], [-51.232972, -29.904431], [-51.232974, -29.904469], [-51.233142, -29.90446], [-51.23314, -29.904432]]]}, "properties": {}},
{"type": "Feature", "geometry": {"type": "Polygon", "coordinates": [[[-51.230069, -29.900645], [-51.230169, -29.90064], [-51.230168, -29.900618], [-51.230042, -29.900624], [-51.230043, -29.900646], [-51.230069, -29.900645]]]}, "properties": {}},
{"type": "Feature", "geometry": {"type": "Polygon", "coordinates": [[[-51.230705, -29.902317], [-51.230853, -29.90231], [-51.230849, -29.902236], [-51.230748, -29.902241], [-51.230709, -29.902243], [-51.230712, -29.902282], [-51.230676, -29.902284], [-51.230678, -29.902318], [-51.230705, -29.902317]]]}, "properties": {}},
{"type": "Feature", "geometry": {"type": "Polygon", "coordinates": [[[-51.232114, -29.902895], [-51.23216, -29.902892], [-51.232158, -29.902865], [-51.232112, -29.902868], [-51.232114, -29.902895]]]}, "properties": {}},
{"type": "Feature", "geometry": {"type": "Polygon", "coordinates": [[[-51.234054, -29.901307], [-51.23406, -29.901386], [-51.234112, -29.901383], [-51.234106, -29.901304], [-51.234054, -29.901307]]]}, "properties": {}},
{"type": "Feature", "geometry": {"type": "Polygon", "coordinates": [[[-51.231279, -29.904098], [-51.23136, -29.904093], [-51.231358, -29.904066], [-51.231277, -29.904071], [-51.231279, -29.904098]]]}, "properties": {}},
{"type": "Feature", "geometry": {"type": "Polygon", "coordinates": [[[-51.232024, -29.904785], [-51.232096, -29.90478], [-51.232094, -29.904761], [-51.232023, -29.904765], [-51.232024, -29.904785]]]}, "properties": {}},
{"type": "Feature", "geometry": {"type": "Polygon", "coordinates": [[[-51.238141, -29.902643], [-51.238147, -29.902728], [-51.238239, -29.902722], [-51.238243, -29.902768], [-51.238276, -29.902765], [-51.238266, -29.902652], [-51.23821, -29.902656], [-51.238208, -29.902638], [-51.238141, -29.902643]]]}, "properties": {}},
{"type": "Feature", "geometry": {"type": "Polygon", "coordinates": [[[-51.235064, -29.900777], [-51.235053, -29.900777], [-51.23505, -29.90074], [-51.235019, -29.900742], [-51.235023, -29.900783], [-51.234978, -29.900786], [-51.234984, -29.900847], [-51.235069, -29.900842], [-51.235064, -29.900777]]]}, "properties": {}},
{"type": "Feature", "geometry": {"type": "Polygon", "coordinates": [[[-51.231469, -29.90448], [-51.231492, -29.904479], [-51.231488, -29.904433], [-51.231465, -29.904435], [-51.231469, -29.90448]]]}, "properties": {}},
{"type": "Feature", "geometry": {"type": "Polygon", "coordinates": [[[-51.232864, -29.904115], [-51.232871, -29.904201], [-51.232933, -29.904198], [-51.232926, -29.904111], [-51.232864, -29.904115]]]}, "properties": {}},
{"type": "Feature", "geometry": {"type": "Polygon", "coordinates": [[[-51.237298, -29.899896], [-51.237305, -29.899966], [-51.237371, -29.899961], [-51.237364, -29.899891], [-51.237298, -29.899896]]]}, "properties": {}},
{"type": "Feature", "geometry": {"type": "Polygon", "coordinates": [[[-51.23448, -29.903922], [-51.234483, -29.903971], [-51.2346, -29.903965], [-51.234597, -29.903916], [-51.23448, -29.903922]]]}, "properties": {}},
{"type": "Feature", "geometry": {"type": "Polygon", "coordinates": [[[-51.23346, -29.901701], [-51.233465, -29.901766], [-51.233556, -29.901761], [-51.233553, -29.901713], [-51.233581, -29.901712], [-51.23358, -29.901695], [-51.23346, -29.901701]]]}, "properties": {}},
{"type": "Feature", "geometry": {"type": "Polygon", "coordinates": [[[-51.236543, -29.902613], [-51.236539, -29.902569], [-51.236497, -29.902571], [-51.236454, -29.902574], [-51.236459, -29.902628], [-51.236459, -29.902639], [-51.236463, -29.902685], [-51.236464, -29.902698], [-51.236509, -29.902695], [-51.236506, -29.902659], [-51.236546, -29.902657], [-51.236543, -29.902613]]]}, "properties": {}},
{"type": "Feature", "geometry": {"type": "Polygon", "coordinates": [[[-51.237917, -29.901052], [-51.237951, -29.901047], [-51.237927, -29.900925], [-51.237893, -29.900931], [-51.237898, -29.900961], [-51.237834, -29.90097], [-51.237842, -29.901011], [-51.237874, -29.901006], [-51.237886, -29.901068], [-51.237919, -29.901063], [-51.237917, -29.901052]]]}, "properties": {}},
{"type": "Feature", "geometry": {"type": "Polygon", "coordinates": [[[-51.231107, -29.89985], [-51.231026, -29.899855], [-51.231029, -29.899896], [-51.231072, -29.899893], [-51.231071, -29.899882], [-51.231109, -29.899879], [-51.231107, -29.89985]]]}, "properties": {}},
{"type": "Feature", "geometry": {"type": "Polygon", "coordinates": [[[-51.230534, -29.90022], [-51.230468, -29.900223], [-51.230471, -29.900265], [-51.230459, -29.900266], [-51.230463, -29.900325], [-51.230534, -29.900321], [-51.230542, -29.900321], [-51.230535, -29.900219], [-51.230534, -29.90022]]]}, "properties": {}},
{"type": "Feature", "geometry": {"type": "Polygon", "coordinates": [[[-51.237033, -29.902172], [-51.236977, -29.902175], [-51.23698, -29.902215], [-51.237036, -29.902212], [-51.237033, -29.902172]]]}, "properties": {}},
{"type": "Feature", "geometry": {"type": "Polygon", "coordinates": [[[-51.231094, -29.900106], [-51.231045, -29.90011], [-51.231043, -29.900082], [-51.231015, -29.900084], [-51.231018, -29.900112], [-51.23102, -29.900133], [-51.23103, -29.900245], [-51.231105, -29.90024], [-51.231134, -29.900238], [-51.23113, -29.900192], [-51.231121, -29.900098], [-51.231108, -29.900099], [-51.23111, -29.900114], [-51.231094, -29.900115], [-51.231094, -29.900106]]]}, "properties": {}},
{"type": "Feature", "geometry": {"type": "Polygon", "coordinates": [[[-51.234595, -29.899961], [-51.234596, -29.899998], [-51.234621, -29.899998], [-51.23462, -29.899961], [-51.234595, -29.899961]]]}, "properties": {}},
{"type": "Feature", "geometry": {"type": "Polygon", "coordinates": [[[-51.233029, -29.899573], [-51.23304, -29.899513], [-51.232935, -29.899498], [-51.232932, -29.899515], [-51.232916, -29.899603], [-51.23302, -29.899618], [-51.233029, -29.899573]]]}, "properties": {}},
{"type": "Feature", "geometry": {"type": "Polygon", "coordinates": [[[-51.230397, -29.901393], [-51.230399, -29.90144], [-51.230436, -29.901438], [-51.230432, -29.901391], [-51.230397, -29.901393]]]}, "properties": {}},
{"type": "Feature", "geometry": {"type": "Polygon", "coordinates": [[[-51.232605, -29.903406], [-51.232533, -29.903411], [-51.232535, -29.90343], [-51.232432, -29.903436], [-51.232437, -29.903501], [-51.232541, -29.903494], [-51.232542, -29.903501], [-51.232612, -29.903496], [-51.232605, -29.903406]]]}, "properties": {}},
{"type": "Feature", "geometry": {"type": "Polygon", "coordinates": [[[-51.22961, -29.900616], [-51.229616, -29.900702], [-51.229678, -29.900699], [-51.229675, -29.900653], [-51.229672, -29.900613], [-51.22961, -29.900616]]]}, "properties": {}},
{"type": "Feature", "geometry": {"type": "Polygon", "coordinates": [[[-51.231069, -29.901527], [-51.231074, -29.901586], [-51.231179, -29.901579], [-51.231179, -29.901577], [-51.2312, -29.901575], [-51.231202, -29.901593], [-51.231262, -29.901589], [-51.231261, -29.901572], [-51.231256, -29.901572], [-51.23125, -29.901514], [-51.231069, -29.901527]]]}, "properties": {}},
{"type": "Feature", "geometry": {"type": "Polygon", "coordinates": [[[-51.237945, -29.904569], [-51.237937, -29.904467], [-51.237905, -29.904469], [-51.237908, -29.904503], [-51.237913, -29.90456], [-51.237914, -29.904571], [-51.237945, -29.904569]]]}, "properties": {}},
{"type": "Feature", "geometry": {"type": "Polygon", "coordinates": [[[-51.238503, -29.902756], [-51.238429, -29.90276], [-51.238433, -29.902819], [-51.238507, -29.902815], [-51.238503, -29.902756]]]}, "properties": {}},
{"type": "Feature", "geometry": {"type": "Polygon", "coordinates": [[[-51.234676, -29.902346], [-51.234679, -29.902391], [-51.234777, -29.902386], [-51.234774, -29.902339], [-51.234676, -29.902346]]]}, "properties": {}},
{"type": "Feature", "geometry": {"type": "Polygon", "coordinates": [[[-51.234834, -29.899768], [-51.234792, -29.899766], [-51.23479, -29.899802], [-51.234832, -29.899804], [-51.234834, -29.899768]]]}, "properties": {}},
{"type": "Feature", "geometry": {"type": "Polygon", "coordinates": [[[-51.237723, -29.90346], [-51.237749, -29.903458], [-51.237742, -29.903356], [-51.237717, -29.903357], [-51.237723, -29.90346]]]}, "properties": {}},
{"type": "Feature", "geometry": {"type": "Polygon", "coordinates": [[[-51.235918, -29.903327], [-51.235888, -29.903328], [-51.235891, -29.903369], [-51.235921, -29.903367], [-51.235918, -29.903327]]]}, "properties": {}},
{"type": "Feature", "geometry": {"type": "Polygon", "coordinates": [[[-51.229302, -29.900716], [-51.229308, -29.900807], [-51.229355, -29.900804], [-51.229357, -29.900841], [-51.229384, -29.90084], [-51.229376, -29.900713], [-51.229302, -29.900716]]]}, "properties": {}},
{"type": "Feature", "geometry": {"type": "Polygon", "coordinates": [[[-51.236492, -29.904045], [-51.236496, -29.904094], [-51.236562, -29.90409], [-51.236559, -29.904041], [-51.236492, -29.904045]]]}, "properties": {}},
{"type": "Feature", "geometry": {"type": "Polygon", "coordinates": [[[-51.235486, -29.89995], [-51.235456, -29.899951], [-51.235462, -29.900065], [-51.235492, -29.900063], [-51.235486, -29.89995]]]}, "properties": {}},
{"type": "Feature", "geometry": {"type": "Polygon", "coordinates": [[[-51.229716, -29.901634], [-51.229716, -29.901628], [-51.229736, -29.901627], [-51.229729, -29.901521], [-51.229666, -29.901524], [-51.229673, -29.901636], [-51.229716, -29.901634]]]}, "properties": {}},
{"type": "Feature", "geometry": {"type": "Polygon", "coordinates": [[[-51.231638, -29.901016], [-51.231642, -29.901078], [-51.231698, -29.901075], [-51.231693, -29.901013], [-51.231638, -29.901016]]]}, "properties": {}},
{"type": "Feature", "geometry": {"type": "Polygon", "coordinates": [[[-51.23974, -29.903569], [-51.239755, -29.903568], [-51.239753, -29.90355], [-51.239723, -29.903552], [-51.239725, -29.903571], [-51.239698, -29.903573], [-51.239705, -29.903626], [-51.239746, -29.903622], [-51.23974, -29.903569]]]}, "properties": {}},
{"type": "Feature", "geometry": {"type": "Polygon", "coordinates": [[[-51.229439, -29.903067], [-51.229444, -29.903117], [-51.229479, -29.903114], [-51.229475, -29.903064], [-51.229439, -29.903067]]]}, "properties": {}},
{"type": "Feature", "geometry": {"type": "Polygon", "coordinates": [[[-51.23542, -29.899504], [-51.235484, -29.899497], [-51.235475, -29.899433], [-51.235411, -29.899439], [-51.23542, -29.899504]]]}, "properties": {}},
{"type": "Feature", "geometry": {"type": "Polygon", "coordinates": [[[-51.230809, -29.903585], [-51.23086, -29.903583], [-51.230857, -29.903516], [-51.230806, -29.903518], [-51.230809, -29.903585]]]}, "properties": {}},
{"type": "Feature", "geometry": {"type": "Polygon", "coordinates": [[[-51.232226, -29.90058], [-51.232226, -29.900598], [-51.232288, -29.900598], [-51.232288, -29.90058], [-51.232226, -29.90058]]]}, "properties": {}},
{"type": "Feature", "geometry": {"type": "Polygon", "coordinates": [[[-51.232974, -29.90319], [-51.232972, -29.903167], [-51.23293, -29.90317], [-51.232932, -29.903192], [-51.232974, -29.90319]]]}, "properties": {}},
{"type": "Feature", "geometry": {"type": "Polygon", "coordinates": [[[-51.238719, -29.899562], [-51.238653, -29.899571], [-51.23866, -29.899604], [-51.238643, -29.899605], [-51.238649, -29.899636], [-51.238731, -29.899624], [-51.238719, -29.899562]]]}, "properties": {}},
{"type": "Feature", "geometry": {"type": "Polygon", "coordinates": [[[-51.236887, -29.903384], [-51.236918, -29.903382], [-51.236919, -29.903399], [-51.236979, -29.903396], [-51.236974, -29.903318], [-51.236933, -29.903321], [-51.236934, -29.903329], [-51.236918, -29.903329], [-51.236917, -29.903311], [-51.236882, -29.903313], [-51.236887, -29.903384]]]}, "properties": {}},
{"type": "Feature", "geometry": {"type": "Polygon", "coordinates": [[[-51.238525, -29.903301], [-51.23853, -29.903367], [-51.238569, -29.903365], [-51.238564, -29.903299], [-51.238525, -29.903301]]]}, "properties": {}},
{"type": "Feature", "geometry": {"type": "Polygon", "coordinates": [[[-51.238855, -29.903342], [-51.238853, -29.903321], [-51.238831, -29.903323], [-51.238835, -29.903372], [-51.238891, -29.903368], [-51.238887, -29.90334], [-51.238855, -29.903342]]]}, "properties": {}},
{"type": "Feature", "geometry": {"type": "Polygon", "coordinates": [[[-51.233244, -29.903006], [-51.23332, -29.903001], [-51.233314, -29.90293], [-51.233238, -29.902935], [-51.233244, -29.903006]]]}, "properties": {}},
{"type": "Feature", "geometry": {"type": "Polygon", "coordinates": [[[-51.233748, -29.904144], [-51.233752, -29.904203], [-51.233789, -29.904201], [-51.233785, -29.904142], [-51.233748, -29.904144]]]}, "properties": {}},
{"type": "Feature", "geometry": {"type": "Polygon", "coordinates": [[[-51.23342, -29.89961], [-51.233506, -29.899606], [-51.233504, -29.89957], [-51.23344, -29.899573], [-51.233438, -29.899553], [-51.233417, -29.899554], [-51.23342, -29.89961]]]}, "properties": {}},
{"type": "Feature", "geometry": {"type": "Polygon", "coordinates": [[[-51.236274, -29.899321], [-51.236316, -29.899318], [-51.236311, -29.899266], [-51.23627, -29.899269], [-51.236274, -29.899321]]]}, "properties": {}},
{"type": "Feature", "geometry": {"type": "Polygon", "coordinates": [[[-51.23137, -29.903102], [-51.231374, -29.903157], [-51.231456, -29.903153], [-51.231452, -29.903097], [-51.23137, -29.903102]]]}, "properties": {}},
{"type": "Feature", "geometry": {"type": "Polygon", "coordinates": [[[-51.238884, -29.903614], [-51.238893, -29.903699], [-51.238949, -29.903695], [-51.238948, -29.903682], [-51.238957, -29.903681], [-51.238954, -29.903657], [-51.238946, -29.903658], [-51.23894, -29.90361], [-51.238884, -29.903614]]]}, "properties": {}},
{"type": "Feature", "geometry": {"type": "Polygon", "coordinates": [[[-51.234929, -29.904023], [-51.234969, -29.904022], [-51.234968, -29.903949], [-51.234847, -29.903962], [-51.234847, -29.904023], [-51.234929, -29.904023]]]}, "properties": {}},
{"type": "Feature", "geometry": {"type": "Polygon", "coordinates": [[[-51.234911, -29.899483], [-51.234849, -29.899489], [-51.23486, -29.89957], [-51.234922, -29.899563], [-51.234911, -29.899483]]]}, "properties": {}},
{"type": "Feature", "geometry": {"type": "Polygon", "coordinates": [[[-51.230908, -29.902978], [-51.230836, -29.902981], [-51.230837, -29.903005], [-51.230826, -29.903005], [-51.230759, -29.903008], [-51.230762, -29.903063], [-51.230763, -29.903072], [-51.230828, -29.903069], [-51.230828, -29.90306], [-51.230912, -29.903057], [-51.230908, -29.902978]]]}, "properties": {}},
{"type": "Feature", "geometry": {"type": "Polygon", "coordinates": [[[-51.236614, -29.90254], [-51.236614, -29.902533], [-51.236587, -29.902534], [-51.236587, -29.902541], [-51.236576, -29.902542], [-51.236581, -29.90262], [-51.236626, -29.902618], [-51.236627, -29.90264], [-51.236708, -29.902636], [-51.236701, -29.902535], [-51.236614, -29.90254]]]}, "properties": {}},
{"type": "Feature", "geometry": {"type": "Polygon", "coordinates": [[[-51.236397, -29.900948], [-51.236404, -29.900985], [-51.236425, -29.900982], [-51.236418, -29.900945], [-51.236397, -29.900948]]]}, "properties": {}},
{"type": "Feature", "geometry": {"type": "Polygon", "coordinates": [[[-51.234937, -29.901779], [-51.234941, -29.901834], [-51.235031, -29.901828], [-51.235027, -29.901773], [-51.234937, -29.901779]]]}, "properties": {}},
{"type": "Feature", "geometry": {"type": "Polygon", "coordinates": [[[-51.232412, -29.902155], [-51.232411, -29.902143], [-51.232349, -29.902147], [-51.232352, -29.902195], [-51.232389, -29.902193], [-51.232392, -29.902226], [-51.232467, -29.902222], [-51.232462, -29.902152], [-51.232412, -29.902155]]]}, "properties": {}},
{"type": "Feature", "geometry": {"type": "Polygon", "coordinates": [[[-51.238823, -29.900783], [-51.238824, -29.900788], [-51.238857, -29.900783], [-51.238844, -29.900724], [-51.238749, -29.900739], [-51.23876, -29.900793], [-51.238823, -29.900783]]]}, "properties": {}},
{"type": "Feature", "geometry": {"type": "Polygon", "coordinates": [[[-51.231223, -29.900693], [-51.231228, -29.900768], [-51.231284, -29.900765], [-51.231279, -29.90069], [-51.231223, -29.900693]]]}, "properties": {}},
{"type": "Feature", "geometry": {"type": "Polygon", "coordinates": [[[-51.233566, -29.900842], [-51.233519, -29.900845], [-51.233522, -29.900895], [-51.23357, -29.900892], [-51.233566, -29.900842]]]}, "properties": {}},
{"type": "Feature", "geometry": {"type": "Polygon", "coordinates": [[[-51.233765, -29.90366], [-51.233767, -29.903687], [-51.233831, -29.903684], [-51.233829, -29.903657], [-51.233765, -29.90366]]]}, "properties": {}},
{"type": "Feature", "geometry": {"type": "Polygon", "coordinates": [[[-51.23247, -29.903237], [-51.232471, -29.903247], [-51.232398, -29.903252], [-51.232402, -29.903306], [-51.232506, -29.9033], [-51.232501, -29.903235], [-51.23247, -29.903237]]]}, "properties": {}},
{"type": "Feature", "geometry": {"type": "Polygon", "coordinates": [[[-51.231337, -29.902873], [-51.231345, -29.902983], [-51.231394, -29.90298], [-51.231386, -29.90287], [-51.231337, -29.902873]]]}, "properties": {}},
{"type": "Feature", "geometry": {"type": "Polygon", "coordinates": [[[-51.236286, -29.900675], [-51.236296, -29.900724], [-51.236327, -29.900719], [-51.236316, -29.90067], [-51.236286, -29.900675]]]}, "properties": {}},
{"type": "Feature", "geometry": {"type": "Polygon", "coordinates": [[[-51.232785, -29.901538], [-51.23292, -29.901536], [-51.232919, -29.901498], [-51.232784, -29.9015], [-51.232785, -29.901538]]]}, "properties": {}},
{"type": "Feature", "geometry": {"type": "Polygon", "coordinates": [[[-51.232672, -29.904543], [-51.232674, -29.90457], [-51.232747, -29.904566], [-51.232745, -29.904539], [-51.232672, -29.904543]]]}, "properties": {}},
{"type": "Feature", "geometry": {"type": "Polygon", "coordinates": [[[-51.23207, -29.903484], [-51.23207, -29.903496], [-51.232018, -29.903499], [-51.232022, -29.903557], [-51.232067, -29.903555], [-51.232068, -29.903568], [-51.232164, -29.903563], [-51.232158, -29.903479], [-51.23207, -29.903484]]]}, "properties": {}},
{"type": "Feature", "geometry": {"type": "Polygon", "coordinates": [[[-51.236376, -29.899332], [-51.236377, -29.89934], [-51.236329, -29.899344], [-51.236334, -29.89939], [-51.236363, -29.899388], [-51.236364, -29.899397], [-51.236423, -29.899391], [-51.236422, -29.899387], [-51.236422, -29.899378], [-51.236421, -29.899374], [-51.23642, -29.899363], [-51.236418, -29.899351], [-51.236417, -29.89934], [-51.236415, -29.899328], [-51.236376, -29.899332]]]}, "properties": {}},
{"type": "Feature", "geometry": {"type": "Polygon", "coordinates": [[[-51.236773, -29.901632], [-51.23675, -29.901634], [-51.236747, -29.90161], [-51.236704, -29.901614], [-51.236711, -29.901671], [-51.236777, -29.901666], [-51.236773, -29.901632]]]}, "properties": {}},
{"type": "Feature", "geometry": {"type": "Polygon", "coordinates": [[[-51.236845, -29.902785], [-51.236844, -29.902768], [-51.236796, -29.90277], [-51.236796, -29.902781], [-51.236795, -29.902781], [-51.236782, -29.902782], [-51.236783, -29.902793], [-51.236739, -29.902796], [-51.236744, -29.902873], [-51.23685, -29.902868], [-51.236848, -29.902828], [-51.236845, -29.90279], [-51.236845, -29.902785]]]}, "properties": {}},
{"type": "Feature", "geometry": {"type": "Polygon", "coordinates": [[[-51.235473, -29.899795], [-51.235478, -29.899849], [-51.235479, -29.89985], [-51.235561, -29.899843], [-51.235563, -29.899864], [-51.235591, -29.899862], [-51.235583, -29.899786], [-51.235473, -29.899795]]]}, "properties": {}},
{"type": "Feature", "geometry": {"type": "Polygon", "coordinates": [[[-51.239226, -29.902047], [-51.239212, -29.902049], [-51.239216, -29.902073], [-51.239272, -29.902066], [-51.239256, -29.901969], [-51.239214, -29.901974], [-51.239226, -29.902047]]]}, "properties": {"info": {"is_agg": true, "properties_agg": [{"feature_id": 172847}], "geom_cmp_equals": [false], "geom_cmp_intersec": [0]}}},
{"type": "Feature", "geometry": {"type": "Polygon", "coordinates": [[[-51.230564, -29.900011], [-51.230629, -29.900009], [-51.230626, -29.899956], [-51.230561, -29.899958], [-51.230564, -29.900011]]]}, "properties": {}},
{"type": "Feature", "geometry": {"type": "Polygon", "coordinates": [[[-51.238684, -29.900102], [-51.238624, -29.900112], [-51.238634, -29.900159], [-51.238695, -29.900149], [-51.238684, -29.900102]]]}, "properties": {}},
{"type": "Feature", "geometry": {"type": "Polygon", "coordinates": [[[-51.236125, -29.901623], [-51.23609, -29.901622], [-51.236091, -29.901615], [-51.236059, -29.901614], [-51.236058, -29.901654], [-51.236055, -29.901654], [-51.236053, -29.901721], [-51.236122, -29.901723], [-51.236125, -29.901623]]]}, "properties": {}},
{"type": "Feature", "geometry": {"type": "Polygon", "coordinates": [[[-51.231726, -29.903959], [-51.231729, -29.904001], [-51.231768, -29.903999], [-51.231765, -29.903956], [-51.231726, -29.903959]]]}, "properties": {}},
{"type": "Feature", "geometry": {"type": "Polygon", "coordinates": [[[-51.2342, -29.904107], [-51.234203, -29.904158], [-51.234279, -29.904154], [-51.234275, -29.904103], [-51.2342, -29.904107]]]}, "properties": {}},
{"type": "Feature", "geometry": {"type": "Polygon", "coordinates": [[[-51.234433, -29.904399], [-51.234435, -29.904427], [-51.234457, -29.904426], [-51.234455, -29.904398], [-51.234433, -29.904399]]]}, "properties": {}},
{"type": "Feature", "geometry": {"type": "Polygon", "coordinates": [[[-51.231554, -29.904139], [-51.231616, -29.904132], [-51.231612, -29.904105], [-51.23155, -29.904112], [-51.231554, -29.904139]]]}, "properties": {}},
{"type": "Feature", "geometry": {"type": "Polygon", "coordinates": [[[-51.232681, -29.903168], [-51.232686, -29.903223], [-51.232727, -29.90322], [-51.232722, -29.903165], [-51.232681, -29.903168]]]}, "properties": {}},
{"type": "Feature", "geometry": {"type": "Polygon", "coordinates": [[[-51.236474, -29.900257], [-51.236478, -29.900277], [-51.236434, -29.900283], [-51.236439, -29.900309], [-51.236424, -29.900311], [-51.236431, -29.900359], [-51.236462, -29.900354], [-51.236458, -29.900334], [-51.23652, -29.900325], [-51.236506, -29.900253], [-51.236474, -29.900257]]]}, "properties": {}},
{"type": "Feature", "geometry": {"type": "Polygon", "coordinates": [[[-51.232564, -29.899581], [-51.232554, -29.899474], [-51.232529, -29.899476], [-51.23253, -29.899483], [-51.232531, -29.899489], [-51.232531, -29.899496], [-51.23254, -29.899582], [-51.232564, -29.899581]]]}, "properties": {}},
{"type": "Feature", "geometry": {"type": "Polygon", "coordinates": [[[-51.236652, -29.901585], [-51.236619, -29.901587], [-51.236619, -29.901592], [-51.236615, -29.901592], [-51.236614, -29.901583], [-51.236602, -29.901584], [-51.236602, -29.901594], [-51.236577, -29.901595], [-51.23658, -29.90164], [-51.236656, -29.901636], [-51.236652, -29.901585]]]}, "properties": {}},
{"type": "Feature", "geometry": {"type": "Polygon", "coordinates": [[[-51.230642, -29.904108], [-51.230609, -29.904109], [-51.23061, -29.904118], [-51.230524, -29.904121], [-51.230526, -29.904163], [-51.230562, -29.904163], [-51.230589, -29.904162], [-51.230617, -29.904162], [-51.230645, -29.904161], [-51.230645, -29.904158], [-51.230642, -29.904108]]]}, "properties": {}},
{"type": "Feature", "geometry": {"type": "Polygon", "coordinates": [[[-51.234107, -29.903661], [-51.23411, -29.903715], [-51.234206, -29.903711], [-51.234203, -29.903656], [-51.234107, -29.903661]]]}, "properties": {}},
{"type": "Feature", "geometry": {"type": "Polygon", "coordinates": [[[-51.231714, -29.901396], [-51.231717, -29.901437], [-51.231759, -29.901435], [-51.231758, -29.901411], [-51.231779, -29.90141], [-51.231778, -29.901393], [-51.231714, -29.901396]]]}, "properties": {}},
{"type": "Feature", "geometry": {"type": "Polygon", "coordinates": [[[-51.230058, -29.900371], [-51.230119, -29.900367], [-51.230111, -29.900247], [-51.23005, -29.90025], [-51.230058, -29.900371]]]}, "properties": {}},
{"type": "Feature", "geometry": {"type": "Polygon", "coordinates": [[[-51.2301, -29.901036], [-51.230104, -29.901097], [-51.230197, -29.901091], [-51.230196, -29.901067], [-51.230194, -29.901031], [-51.2301, -29.901036]]]}, "properties": {}},
{"type": "Feature", "geometry": {"type": "Polygon", "coordinates": [[[-51.236223, -29.902553], [-51.23623, -29.902643], [-51.236322, -29.902637], [-51.236315, -29.902548], [-51.236223, -29.902553]]]}, "properties": {}},
{"type": "Feature", "geometry": {"type": "Polygon", "coordinates": [[[-51.235177, -29.903301], [-51.235178, -29.903315], [-51.235141, -29.903317], [-51.235147, -29.903408], [-51.235187, -29.903407], [-51.235186, -29.903392], [-51.235249, -29.903388], [-51.23525, -29.903404], [-51.235273, -29.903403], [-51.235271, -29.903387], [-51.235256, -29.903388], [-51.23525, -29.903297], [-51.235177, -29.903301]]]}, "properties": {}},
{"type": "Feature", "geometry": {"type": "Polygon", "coordinates": [[[-51.232692, -29.902836], [-51.232658, -29.902838], [-51.232666, -29.902953], [-51.232696, -29.902951], [-51.232696, -29.902944], [-51.232699, -29.902944], [-51.232692, -29.902836]]]}, "properties": {}},
{"type": "Feature", "geometry": {"type": "Polygon", "coordinates": [[[-51.231331, -29.90342], [-51.231381, -29.903417], [-51.231378, -29.903382], [-51.231347, -29.903384], [-51.231346, -29.903372], [-51.231327, -29.903373], [-51.231327, -29.90337], [-51.231249, -29.903374], [-51.231254, -29.903437], [-51.231332, -29.903433], [-51.231331, -29.90342]]]}, "properties": {}},
{"type": "Feature", "geometry": {"type": "Polygon", "coordinates": [[[-51.237924, -29.903659], [-51.237924, -29.903644], [-51.23789, -29.903645], [-51.237891, -29.903661], [-51.237857, -29.903662], [-51.23786, -29.90372], [-51.237895, -29.903719], [-51.237895, -29.903725], [-51.237952, -29.903723], [-51.237949, -29.903659], [-51.237924, -29.903659]]]}, "properties": {}},
{"type": "Feature", "geometry": {"type": "Polygon", "coordinates": [[[-51.232291, -29.902435], [-51.232296, -29.902498], [-51.23234, -29.902495], [-51.232335, -29.902433], [-51.232291, -29.902435]]]}, "properties": {}},
{"type": "Feature", "geometry": {"type": "Polygon", "coordinates": [[[-51.237377, -29.903489], [-51.23749, -29.903484], [-51.237488, -29.903442], [-51.237466, -29.903443], [-51.237463, -29.903393], [-51.237372, -29.903398], [-51.237377, -29.903489]]]}, "properties": {}},
{"type": "Feature", "geometry": {"type": "Polygon", "coordinates": [[[-51.23506, -29.903271], [-51.235064, -29.903311], [-51.23513, -29.903306], [-51.235125, -29.903265], [-51.23506, -29.903271]]]}, "properties": {}},
{"type": "Feature", "geometry": {"type": "Polygon", "coordinates": [[[-51.236571, -29.903398], [-51.23657, -29.903385], [-51.236518, -29.903388], [-51.236532, -29.90353], [-51.236589, -29.903526], [-51.236578, -29.903398], [-51.236571, -29.903398]]]}, "properties": {}},
{"type": "Feature", "geometry": {"type": "Polygon", "coordinates": [[[-51.235252, -29.901135], [-51.235324, -29.901131], [-51.235321, -29.90109], [-51.235249, -29.901094], [-51.235252, -29.901135]]]}, "properties": {}},
{"type": "Feature", "geometry": {"type": "Polygon", "coordinates": [[[-51.235076, -29.903422], [-51.23514, -29.903417], [-51.235137, -29.903392], [-51.235074, -29.903397], [-51.235076, -29.903422]]]}, "properties": {}},
{"type": "Feature", "geometry": {"type": "Polygon", "coordinates": [[[-51.237636, -29.900681], [-51.2377, -29.900673], [-51.237689, -29.900609], [-51.237625, -29.900617], [-51.237636, -29.900681]]]}, "properties": {}},
{"type": "Feature", "geometry": {"type": "Polygon", "coordinates": [[[-51.234905, -29.901521], [-51.234913, -29.901595], [-51.23501, -29.901587], [-51.235002, -29.901513], [-51.234905, -29.901521]]]}, "properties": {}},
{"type": "Feature", "geometry": {"type": "Polygon", "coordinates": [[[-51.232644, -29.899486], [-51.232736, -29.899482], [-51.232733, -29.899432], [-51.232641, -29.899437], [-51.232644, -29.899486]]]}, "properties": {}},
{"type": "Feature", "geometry": {"type": "Polygon", "coordinates": [[[-51.232859, -29.89995], [-51.232821, -29.89995], [-51.232821, -29.899972], [-51.232757, -29.899973], [-51.232758, -29.900008], [-51.232822, -29.900006], [-51.232822, -29.90002], [-51.23286, -29.900019], [-51.232859, -29.89995]]]}, "properties": {}},
{"type": "Feature", "geometry": {"type": "Polygon", "coordinates": [[[-51.236437, -29.90091], [-51.236441, -29.900931], [-51.236481, -29.900925], [-51.236477, -29.900904], [-51.236437, -29.90091]]]}, "properties": {}},
{"type": "Feature", "geometry": {"type": "Polygon", "coordinates": [[[-51.230702, -29.902236], [-51.230765, -29.902233], [-51.230762, -29.902187], [-51.230704, -29.90219], [-51.230699, -29.90219], [-51.230702, -29.902236]]]}, "properties": {}},
{"type": "Feature", "geometry": {"type": "Polygon", "coordinates": [[[-51.230802, -29.901321], [-51.230717, -29.901324], [-51.230697, -29.901325], [-51.23069, -29.901325], [-51.230692, -29.901374], [-51.230699, -29.901374], [-51.2307, -29.901391], [-51.23072, -29.90139], [-51.230719, -29.901373], [-51.230805, -29.90137], [-51.230802, -29.901321]]]}, "properties": {}},
{"type": "Feature", "geometry": {"type": "Polygon", "coordinates": [[[-51.236517, -29.901322], [-51.236517, -29.901312], [-51.236459, -29.901315], [-51.236461, -29.901344], [-51.236518, -29.901341], [-51.236517, -29.901322]]]}, "properties": {}},
{"type": "Feature", "geometry": {"type": "Polygon", "coordinates": [[[-51.238709, -29.904542], [-51.238717, -29.904542], [-51.238727, -29.904541], [-51.238769, -29.904539], [-51.238765, -29.904488], [-51.238774, -29.904487], [-51.238772, -29.904463], [-51.238763, -29.904463], [-51.238761, -29.904444], [-51.238744, -29.904445], [-51.238745, -29.904464], [-51.238736, -29.904465], [-51.238733, -29.904423], [-51.238732, -29.904405], [-51.238698, -29.904407], [-51.238699, -29.904425], [-51.238702, -29.904467], [-51.238706, -29.904466], [-51.238709, -29.904515], [-51.2387, -29.904516], [-51.238702, -29.904543], [-51.238709, -29.904542]]]}, "properties": {}},
{"type": "Feature", "geometry": {"type": "Polygon", "coordinates": [[[-51.239637, -29.90393], [-51.239651, -29.904007], [-51.239708, -29.903999], [-51.239694, -29.903922], [-51.239637, -29.90393]]]}, "properties": {}},
{"type": "Feature", "geometry": {"type": "Polygon", "coordinates": [[[-51.237956, -29.904444], [-51.237952, -29.904391], [-51.2379, -29.904394], [-51.237904, -29.904447], [-51.237956, -29.904444]]]}, "properties": {}},
{"type": "Feature", "geometry": {"type": "Polygon", "coordinates": [[[-51.236937, -29.902308], [-51.237042, -29.902303], [-51.237039, -29.902261], [-51.236934, -29.902266], [-51.236937, -29.902308]]]}, "properties": {}},
{"type": "Feature", "geometry": {"type": "Polygon", "coordinates": [[[-51.238093, -29.903727], [-51.238, -29.903733], [-51.238005, -29.903805], [-51.237979, -29.903807], [-51.237982, -29.903842], [-51.238102, -29.903834], [-51.238093, -29.903727]]]}, "properties": {}},
{"type": "Feature", "geometry": {"type": "Polygon", "coordinates": [[[-51.237396, -29.902799], [-51.237419, -29.902798], [-51.237412, -29.90272], [-51.237325, -29.902726], [-51.237331, -29.902804], [-51.237396, -29.902799]]]}, "properties": {}},
{"type": "Feature", "geometry": {"type": "Polygon", "coordinates": [[[-51.235837, -29.900755], [-51.235845, -29.900805], [-51.235862, -29.900803], [-51.235859, -29.900784], [-51.235904, -29.900778], [-51.235894, -29.900715], [-51.23585, -29.900721], [-51.235855, -29.900752], [-51.235837, -29.900755]]]}, "properties": {}},
{"type": "Feature", "geometry": {"type": "Polygon", "coordinates": [[[-51.234082, -29.899884], [-51.234143, -29.89988], [-51.234141, -29.89986], [-51.234081, -29.899864], [-51.234082, -29.899884]]]}, "properties": {}},
{"type": "Feature", "geometry": {"type": "Polygon", "coordinates": [[[-51.235402, -29.904236], [-51.235412, -29.90426], [-51.235464, -29.904245], [-51.235455, -29.904221], [-51.235402, -29.904236]]]}, "properties": {}},
{"type": "Feature", "geometry": {"type": "Polygon", "coordinates": [[[-51.235472, -29.90105], [-51.235476, -29.901104], [-51.235559, -29.901099], [-51.235555, -29.901045], [-51.235472, -29.90105]]]}, "properties": {}},
{"type": "Feature", "geometry": {"type": "Polygon", "coordinates": [[[-51.23346, -29.901982], [-51.233475, -29.902061], [-51.233564, -29.902048], [-51.233549, -29.901969], [-51.23346, -29.901982]]]}, "properties": {}},
{"type": "Feature", "geometry": {"type": "Polygon", "coordinates": [[[-51.233809, -29.900122], [-51.233743, -29.900129], [-51.233753, -29.900196], [-51.233819, -29.900188], [-51.233809, -29.900122]]]}, "properties": {}},
{"type": "Feature", "geometry": {"type": "Polygon", "coordinates": [[[-51.230759, -29.903587], [-51.230757, -29.903549], [-51.230675, -29.903553], [-51.230677, -29.90359], [-51.230759, -29.903587]]]}, "properties": {}},
{"type": "Feature", "geometry": {"type": "Polygon", "coordinates": [[[-51.237752, -29.901517], [-51.237756, -29.901566], [-51.237791, -29.901564], [-51.237788, -29.901516], [-51.237752, -29.901517]]]}, "properties": {}},
{"type": "Feature", "geometry": {"type": "Polygon", "coordinates": [[[-51.23203, -29.903645], [-51.232031, -29.903671], [-51.232149, -29.903664], [-51.232148, -29.903639], [-51.23203, -29.903645]]]}, "properties": {}},
{"type": "Feature", "geometry": {"type": "Polygon", "coordinates": [[[-51.231256, -29.903001], [-51.231192, -29.903005], [-51.231196, -29.903059], [-51.231291, -29.903053], [-51.231285, -29.902987], [-51.231255, -29.902989], [-51.231256, -29.903001]]]}, "properties": {}},
{"type": "Feature", "geometry": {"type": "Polygon", "coordinates": [[[-51.234172, -29.899324], [-51.234175, -29.899404], [-51.234279, -29.899403], [-51.234278, -29.899323], [-51.234172, -29.899324]]]}, "properties": {}},
{"type": "Feature", "geometry": {"type": "Polygon", "coordinates": [[[-51.237428, -29.902232], [-51.237434, -29.902308], [-51.237488, -29.902304], [-51.237482, -29.902229], [-51.237428, -29.902232]]]}, "properties": {}},
{"type": "Feature", "geometry": {"type": "Polygon", "coordinates": [[[-51.232449, -29.904232], [-51.232454, -29.904294], [-51.232553, -29.904288], [-51.232549, -29.90424], [-51.232569, -29.904238], [-51.232568, -29.904224], [-51.232449, -29.904232]]]}, "properties": {}},
{"type": "Feature", "geometry": {"type": "Polygon", "coordinates": [[[-51.230286, -29.902319], [-51.230333, -29.902317], [-51.230328, -29.902234], [-51.230282, -29.902236], [-51.230286, -29.902319]]]}, "properties": {}},
{"type": "Feature", "geometry": {"type": "Polygon", "coordinates": [[[-51.237644, -29.904291], [-51.237643, -29.904265], [-51.237592, -29.904269], [-51.237595, -29.904304], [-51.237645, -29.904301], [-51.237644, -29.904291]]]}, "properties": {}},
{"type": "Feature", "geometry": {"type": "Polygon", "coordinates": [[[-51.229667, -29.901907], [-51.229671, -29.901957], [-51.229696, -29.901956], [-51.229692, -29.901906], [-51.229667, -29.901907]]]}, "properties": {}},
{"type": "Feature", "geometry": {"type": "Polygon", "coordinates": [[[-51.238409, -29.900981], [-51.238396, -29.900908], [-51.238345, -29.900915], [-51.238349, -29.900932], [-51.238317, -29.900937], [-51.238327, -29.900992], [-51.238409, -29.900981]]]}, "properties": {}},
{"type": "Feature", "geometry": {"type": "Polygon", "coordinates": [[[-51.233102, -29.9017], [-51.233125, -29.901698], [-51.233117, -29.901643], [-51.233094, -29.901645], [-51.233102, -29.9017]]]}, "properties": {}},
{"type": "Feature", "geometry": {"type": "Polygon", "coordinates": [[[-51.232956, -29.901671], [-51.232921, -29.901673], [-51.232929, -29.901746], [-51.232979, -29.901742], [-51.232977, -29.901723], [-51.232982, -29.901723], [-51.233022, -29.901719], [-51.233016, -29.901666], [-51.232956, -29.901671]]]}, "properties": {}},
{"type": "Feature", "geometry": {"type": "Polygon", "coordinates": [[[-51.233003, -29.902872], [-51.233012, -29.902985], [-51.233126, -29.902978], [-51.233117, -29.902865], [-51.233003, -29.902872]]]}, "properties": {}},
{"type": "Feature", "geometry": {"type": "Polygon", "coordinates": [[[-51.232668, -29.902991], [-51.232596, -29.902995], [-51.232597, -29.903008], [-51.232611, -29.903007], [-51.232613, -29.903046], [-51.232672, -29.903043], [-51.232668, -29.902991]]]}, "properties": {}},
{"type": "Feature", "geometry": {"type": "Polygon", "coordinates": [[[-51.23193, -29.903247], [-51.231818, -29.903253], [-51.231822, -29.903315], [-51.231935, -29.903309], [-51.23193, -29.903247]]]}, "properties": {}},
{"type": "Feature", "geometry": {"type": "Polygon", "coordinates": [[[-51.236885, -29.900981], [-51.236905, -29.901102], [-51.236965, -29.901094], [-51.236944, -29.900974], [-51.236885, -29.900981]]]}, "properties": {}},
{"type": "Feature", "geometry": {"type": "Polygon", "coordinates": [[[-51.236982, -29.902784], [-51.236934, -29.902786], [-51.236936, -29.902822], [-51.236952, -29.902822], [-51.236955, -29.902821], [-51.236985, -29.902819], [-51.236982, -29.902784]]]}, "properties": {}},
{"type": "Feature", "geometry": {"type": "Polygon", "coordinates": [[[-51.238111, -29.904528], [-51.238112, -29.904538], [-51.238057, -29.904541], [-51.238065, -29.904643], [-51.238162, -29.904637], [-51.238152, -29.904526], [-51.238111, -29.904528]]]}, "properties": {}},
{"type": "Feature", "geometry": {"type": "Polygon", "coordinates": [[[-51.23392, -29.90162], [-51.233869, -29.901628], [-51.23389, -29.901735], [-51.233942, -29.901727], [-51.23392, -29.90162]]]}, "properties": {}},
{"type": "Feature", "geometry": {"type": "Polygon", "coordinates": [[[-51.230708, -29.904727], [-51.230728, -29.904726], [-51.230749, -29.904725], [-51.230769, -29.904724], [-51.230794, -29.904724], [-51.230802, -29.904723], [-51.230801, -29.904697], [-51.230703, -29.9047], [-51.230704, -29.904727], [-51.230708, -29.904727]]]}, "properties": {}},
{"type": "Feature", "geometry": {"type": "Polygon", "coordinates": [[[-51.23429, -29.901658], [-51.234282, -29.901593], [-51.234252, -29.901596], [-51.234259, -29.901661], [-51.23429, -29.901658]]]}, "properties": {}},
{"type": "Feature", "geometry": {"type": "Polygon", "coordinates": [[[-51.232994, -29.902228], [-51.23299, -29.902174], [-51.232977, -29.902175], [-51.232908, -29.902178], [-51.232912, -29.902232], [-51.232981, -29.902229], [-51.232994, -29.902228]]]}, "properties": {}},
{"type": "Feature", "geometry": {"type": "Polygon", "coordinates": [[[-51.231044, -29.901058], [-51.231049, -29.901112], [-51.231176, -29.901102], [-51.231173, -29.901079], [-51.231218, -29.901076], [-51.231214, -29.901044], [-51.231044, -29.901058]]]}, "properties": {}},
{"type": "Feature", "geometry": {"type": "Polygon", "coordinates": [[[-51.233184, -29.899935], [-51.233183, -29.899898], [-51.233181, -29.899836], [-51.233159, -29.899836], [-51.233158, -29.899812], [-51.2331, -29.899813], [-51.233104, -29.899936], [-51.233184, -29.899935]]]}, "properties": {}},
{"type": "Feature", "geometry": {"type": "Polygon", "coordinates": [[[-51.232071, -29.90287], [-51.232073, -29.902897], [-51.232114, -29.902895], [-51.232112, -29.902868], [-51.232071, -29.90287]]]}, "properties": {}},
{"type": "Feature", "geometry": {"type": "Polygon", "coordinates": [[[-51.234312, -29.900026], [-51.234309, -29.899981], [-51.234331, -29.89998], [-51.234329, -29.899953], [-51.234283, -29.899956], [-51.234288, -29.900028], [-51.234312, -29.900026]]]}, "properties": {}},
{"type": "Feature", "geometry": {"type": "Polygon", "coordinates": [[[-51.235637, -29.901594], [-51.235646, -29.901689], [-51.235714, -29.901683], [-51.235704, -29.90159], [-51.235637, -29.901594]]]}, "properties": {}},
{"type": "Feature", "geometry": {"type": "Polygon", "coordinates": [[[-51.236315, -29.899651], [-51.236316, -29.899686], [-51.236358, -29.899685], [-51.236357, -29.899649], [-51.236315, -29.899651]]]}, "properties": {}},
{"type": "Feature", "geometry": {"type": "Polygon", "coordinates": [[[-51.230175, -29.902309], [-51.230177, -29.902332], [-51.230177, -29.902345], [-51.230178, -29.902354], [-51.230179, -29.902377], [-51.23018, -29.902384], [-51.230272, -29.902379], [-51.230266, -29.902282], [-51.230264, -29.902253], [-51.2302, -29.902256], [-51.230201, -29.902285], [-51.230174, -29.902286], [-51.230175, -29.902309]]]}, "properties": {}},
{"type": "Feature", "geometry": {"type": "Polygon", "coordinates": [[[-51.2388, -29.903627], [-51.238726, -29.903632], [-51.238729, -29.90366], [-51.238802, -29.903655], [-51.2388, -29.903627]]]}, "properties": {}},
{"type": "Feature", "geometry": {"type": "Polygon", "coordinates": [[[-51.237894, -29.902658], [-51.237893, -29.902641], [-51.237874, -29.902642], [-51.237872, -29.902618], [-51.237767, -29.902624], [-51.23777, -29.902665], [-51.237894, -29.902658]]]}, "properties": {}},
{"type": "Feature", "geometry": {"type": "Polygon", "coordinates": [[[-51.233804, -29.89998], [-51.233807, -29.9], [-51.233814, -29.900048], [-51.233902, -29.900039], [-51.233893, -29.899991], [-51.233864, -29.899994], [-51.233861, -29.899974], [-51.233843, -29.899976], [-51.233804, -29.89998]]]}, "properties": {}},
{"type": "Feature", "geometry": {"type": "Polygon", "coordinates": [[[-51.23868, -29.900512], [-51.238616, -29.900522], [-51.238626, -29.900571], [-51.238691, -29.900561], [-51.23868, -29.900512]]]}, "properties": {}},
{"type": "Feature", "geometry": {"type": "Polygon", "coordinates": [[[-51.23976, -29.903992], [-51.239764, -29.904024], [-51.239806, -29.904019], [-51.239801, -29.903986], [-51.23976, -29.903992]]]}, "properties": {}},
{"type": "Feature", "geometry": {"type": "Polygon", "coordinates": [[[-51.238677, -29.902614], [-51.238641, -29.902617], [-51.238643, -29.902644], [-51.238645, -29.902689], [-51.238707, -29.902684], [-51.2387, -29.902613], [-51.238677, -29.902614]]]}, "properties": {}},
{"type": "Feature", "geometry": {"type": "Polygon", "coordinates": [[[-51.23617, -29.902072], [-51.236172, -29.902109], [-51.236259, -29.902105], [-51.236257, -29.902069], [-51.23617, -29.902072]]]}, "properties": {}},
{"type": "Feature", "geometry": {"type": "Polygon", "coordinates": [[[-51.236095, -29.902228], [-51.236058, -29.902229], [-51.236062, -29.90231], [-51.236099, -29.902309], [-51.236095, -29.902228]]]}, "properties": {}},
{"type": "Feature", "geometry": {"type": "Polygon", "coordinates": [[[-51.234739, -29.899435], [-51.234755, -29.899518], [-51.234827, -29.899508], [-51.234812, -29.899425], [-51.234739, -29.899435]]]}, "properties": {}},
{"type": "Feature", "geometry": {"type": "Polygon", "coordinates": [[[-51.234274, -29.900846], [-51.234338, -29.900843], [-51.234335, -29.900801], [-51.234271, -29.900804], [-51.234274, -29.900846]]]}, "properties": {}},
{"type": "Feature", "geometry": {"type": "Polygon", "coordinates": [[[-51.231783, -29.901096], [-51.231788, -29.901187], [-51.231906, -29.901182], [-51.2319, -29.90109], [-51.231783, -29.901096]]]}, "properties": {}},
{"type": "Feature", "geometry": {"type": "Polygon", "coordinates": [[[-51.238838, -29.903738], [-51.238833, -29.903682], [-51.238805, -29.903684], [-51.238802, -29.903655], [-51.238725, -29.90366], [-51.238735, -29.903778], [-51.23878, -29.903775], [-51.23878, -29.903771], [-51.238814, -29.903768], [-51.238811, -29.903739], [-51.238838, -29.903738]]]}, "properties": {}},
{"type": "Feature", "geometry": {"type": "Polygon", "coordinates": [[[-51.233077, -29.900091], [-51.233074, -29.900056], [-51.233047, -29.900058], [-51.23305, -29.900093], [-51.233077, -29.900091]]]}, "properties": {}},
{"type": "Feature", "geometry": {"type": "Polygon", "coordinates": [[[-51.235444, -29.901399], [-51.235401, -29.901403], [-51.235403, -29.901425], [-51.23538, -29.901427], [-51.235383, -29.901461], [-51.235407, -29.901459], [-51.235416, -29.901541], [-51.235471, -29.901537], [-51.235469, -29.901519], [-51.235479, -29.901518], [-51.235475, -29.901481], [-51.235506, -29.901479], [-51.235496, -29.901395], [-51.235444, -29.901399]]]}, "properties": {}},
{"type": "Feature", "geometry": {"type": "Polygon", "coordinates": [[[-51.237081, -29.902301], [-51.237075, -29.90221], [-51.237036, -29.902212], [-51.237042, -29.902303], [-51.237081, -29.902301]]]}, "properties": {}},
{"type": "Feature", "geometry": {"type": "Polygon", "coordinates": [[[-51.23404, -29.900947], [-51.234043, -29.90099], [-51.234078, -29.900988], [-51.234077, -29.90097], [-51.234137, -29.900967], [-51.234135, -29.900943], [-51.23404, -29.900947]]]}, "properties": {}},
{"type": "Feature", "geometry": {"type": "Polygon", "coordinates": [[[-51.236897, -29.9017], [-51.236925, -29.901695], [-51.236928, -29.901711], [-51.236964, -29.901706], [-51.236961, -29.90169], [-51.236981, -29.901687], [-51.236976, -29.901661], [-51.237005, -29.901656], [-51.236992, -29.901589], [-51.236963, -29.901594], [-51.236962, -29.901591], [-51.236953, -29.901546], [-51.236897, -29.901554], [-51.236906, -29.901599], [-51.236908, -29.90161], [-51.23688, -29.901614], [-51.236897, -29.9017]]]}, "properties": {}},
{"type": "Feature", "geometry": {"type": "Polygon", "coordinates": [[[-51.231002, -29.899294], [-51.231003, -29.899313], [-51.231103, -29.899312], [-51.231102, -29.899293], [-51.231002, -29.899294]]]}, "properties": {}},
{"type": "Feature", "geometry": {"type": "Polygon", "coordinates": [[[-51.234993, -29.904106], [-51.234988, -29.904049], [-51.234957, -29.90405], [-51.234961, -29.904107], [-51.234993, -29.904106]]]}, "properties": {}},
{"type": "Feature", "geometry": {"type": "Polygon", "coordinates": [[[-51.230136, -29.899798], [-51.230252, -29.899796], [-51.230251, -29.899759], [-51.230135, -29.899762], [-51.230136, -29.899798]]]}, "properties": {}},
{"type": "Feature", "geometry": {"type": "Polygon", "coordinates": [[[-51.238762, -29.899823], [-51.238701, -29.899836], [-51.238722, -29.899913], [-51.238782, -29.899901], [-51.238762, -29.899823]]]}, "properties": {}},
{"type": "Feature", "geometry": {"type": "Polygon", "coordinates": [[[-51.237747, -29.901467], [-51.237751, -29.901512], [-51.237784, -29.90151], [-51.237781, -29.901465], [-51.237747, -29.901467]]]}, "properties": {}},
{"type": "Feature", "geometry": {"type": "Polygon", "coordinates": [[[-51.23748, -29.903833], [-51.237476, -29.903763], [-51.237376, -29.903768], [-51.237378, -29.903809], [-51.237385, -29.903809], [-51.237387, -29.903838], [-51.23748, -29.903833]]]}, "properties": {}},
{"type": "Feature", "geometry": {"type": "Polygon", "coordinates": [[[-51.232608, -29.900596], [-51.232608, -29.900615], [-51.232704, -29.900614], [-51.232704, -29.900596], [-51.232608, -29.900596]]]}, "properties": {}},
{"type": "Feature", "geometry": {"type": "Polygon", "coordinates": [[[-51.232503, -29.904317], [-51.232505, -29.904338], [-51.232602, -29.904332], [-51.2326, -29.904311], [-51.232503, -29.904317]]]}, "properties": {}},
{"type": "Feature", "geometry": {"type": "Polygon", "coordinates": [[[-51.232896, -29.902773], [-51.232897, -29.902791], [-51.232996, -29.902785], [-51.232995, -29.902767], [-51.232896, -29.902773]]]}, "properties": {}},
{"type": "Feature", "geometry": {"type": "Polygon", "coordinates": [[[-51.2339, -29.900491], [-51.233872, -29.900493], [-51.233877, -29.90054], [-51.233905, -29.900537], [-51.2339, -29.900491]]]}, "properties": {}},
{"type": "Feature", "geometry": {"type": "Polygon", "coordinates": [[[-51.231656, -29.901993], [-51.231657, -29.902014], [-51.23171, -29.902011], [-51.231708, -29.901991], [-51.231656, -29.901993]]]}, "properties": {}},
{"type": "Feature", "geometry": {"type": "Polygon", "coordinates": [[[-51.23132, -29.900255], [-51.231352, -29.900252], [-51.231347, -29.900207], [-51.231316, -29.900209], [-51.23132, -29.900255]]]}, "properties": {}},
{"type": "Feature", "geometry": {"type": "Polygon", "coordinates": [[[-51.234827, -29.903255], [-51.234828, -29.903281], [-51.234764, -29.903283], [-51.234768, -29.903338], [-51.234867, -29.903332], [-51.234866, -29.903312], [-51.234881, -29.903311], [-51.234876, -29.903252], [-51.234827, -29.903255]]]}, "properties": {}},
{"type": "Feature", "geometry": {"type": "Polygon", "coordinates": [[[-51.238591, -29.903394], [-51.238672, -29.90339], [-51.238666, -29.903299], [-51.238584, -29.903303], [-51.238591, -29.903394]]]}, "properties": {}},
{"type": "Feature", "geometry": {"type": "Polygon", "coordinates": [[[-51.235507, -29.900706], [-51.235508, -29.90072], [-51.23547, -29.900722], [-51.235477, -29.900813], [-51.235522, -29.900811], [-51.235525, -29.900851], [-51.23557, -29.900849], [-51.235566, -29.900805], [-51.235558, -29.900805], [-51.235553, -29.900751], [-51.235565, -29.900751], [-51.235561, -29.900703], [-51.235507, -29.900706]]]}, "properties": {}},
{"type": "Feature", "geometry": {"type": "Polygon", "coordinates": [[[-51.234301, -29.900105], [-51.234368, -29.900102], [-51.234364, -29.90003], [-51.234297, -29.900033], [-51.234301, -29.900105]]]}, "properties": {}},
{"type": "Feature", "geometry": {"type": "Polygon", "coordinates": [[[-51.237996, -29.902652], [-51.238001, -29.902722], [-51.238022, -29.90272], [-51.238021, -29.902707], [-51.238017, -29.902651], [-51.237996, -29.902652]]]}, "properties": {}},
{"type": "Feature", "geometry": {"type": "Polygon", "coordinates": [[[-51.23662, -29.900891], [-51.236618, -29.900864], [-51.236596, -29.900866], [-51.236599, -29.900892], [-51.23662, -29.900891]]]}, "properties": {}},
{"type": "Feature", "geometry": {"type": "Polygon", "coordinates": [[[-51.239096, -29.903719], [-51.239094, -29.903699], [-51.239065, -29.903701], [-51.239064, -29.903685], [-51.239044, -29.903687], [-51.239052, -29.903771], [-51.239166, -29.903762], [-51.239161, -29.903714], [-51.239096, -29.903719]]]}, "properties": {}},
{"type": "Feature", "geometry": {"type": "Polygon", "coordinates": [[[-51.229361, -29.902997], [-51.229364, -29.903018], [-51.229335, -29.90302], [-51.229339, -29.903063], [-51.229366, -29.903061], [-51.229369, -29.90309], [-51.229427, -29.903085], [-51.229418, -29.902993], [-51.229361, -29.902997]]]}, "properties": {}},
{"type": "Feature", "geometry": {"type": "Polygon", "coordinates": [[[-51.236355, -29.90263], [-51.236416, -29.902626], [-51.236412, -29.902572], [-51.23635, -29.902576], [-51.236355, -29.90263]]]}, "properties": {}},
{"type": "Feature", "geometry": {"type": "Polygon", "coordinates": [[[-51.236334, -29.8995], [-51.23639, -29.899495], [-51.23638, -29.899418], [-51.236324, -29.899424], [-51.236334, -29.8995]]]}, "properties": {}},
{"type": "Feature", "geometry": {"type": "Polygon", "coordinates": [[[-51.238159, -29.9038], [-51.238211, -29.903796], [-51.238208, -29.903769], [-51.238156, -29.903773], [-51.238159, -29.9038]]]}, "properties": {}},
{"type": "Feature", "geometry": {"type": "Polygon", "coordinates": [[[-51.230865, -29.903981], [-51.230868, -29.904034], [-51.230958, -29.90403], [-51.230955, -29.903977], [-51.230944, -29.903977], [-51.230942, -29.903946], [-51.230863, -29.903949], [-51.230865, -29.903981]]]}, "properties": {}},
{"type": "Feature", "geometry": {"type": "Polygon", "coordinates": [[[-51.232417, -29.903187], [-51.232416, -29.903175], [-51.232489, -29.90317], [-51.232486, -29.903144], [-51.232359, -29.903152], [-51.232362, -29.903191], [-51.232417, -29.903187]]]}, "properties": {}},
{"type": "Feature", "geometry": {"type": "Polygon", "coordinates": [[[-51.235538, -29.901767], [-51.235528, -29.901678], [-51.235463, -29.901683], [-51.235474, -29.901773], [-51.235538, -29.901767]]]}, "properties": {}},
{"type": "Feature", "geometry": {"type": "Polygon", "coordinates": [[[-51.231796, -29.904012], [-51.231798, -29.904042], [-51.231905, -29.904036], [-51.231903, -29.904007], [-51.231796, -29.904012]]]}, "properties": {}},
{"type": "Feature", "geometry": {"type": "Polygon", "coordinates": [[[-51.236349, -29.90431], [-51.236359, -29.904427], [-51.236473, -29.90442], [-51.236463, -29.904303], [-51.236349, -29.90431]]]}, "properties": {}},
{"type": "Feature", "geometry": {"type": "Polygon", "coordinates": [[[-51.234575, -29.900506], [-51.234575, -29.900551], [-51.234675, -29.900551], [-51.234676, -29.900506], [-51.234575, -29.900506]]]}, "properties": {}},
{"type": "Feature", "geometry": {"type": "Polygon", "coordinates": [[[-51.229403, -29.900876], [-51.229431, -29.900875], [-51.229434, -29.900911], [-51.22949, -29.900908], [-51.229485, -29.900833], [-51.229472, -29.900834], [-51.229469, -29.900785], [-51.229397, -29.900789], [-51.229403, -29.900876]]]}, "properties": {}},
{"type": "Feature", "geometry": {"type": "Polygon", "coordinates": [[[-51.233785, -29.899588], [-51.233787, -29.899614], [-51.233872, -29.899614], [-51.233872, -29.899588], [-51.233785, -29.899588]]]}, "properties": {}},
{"type": "Feature", "geometry": {"type": "Polygon", "coordinates": [[[-51.230337, -29.899389], [-51.230341, -29.899438], [-51.230319, -29.89944], [-51.230323, -29.899482], [-51.230393, -29.899478], [-51.230389, -29.899386], [-51.230337, -29.899389]]]}, "properties": {}},
{"type": "Feature", "geometry": {"type": "Polygon", "coordinates": [[[-51.238249, -29.899931], [-51.238304, -29.899926], [-51.238295, -29.899845], [-51.23824, -29.89985], [-51.238249, -29.899931]]]}, "properties": {}},
{"type": "Feature", "geometry": {"type": "Polygon", "coordinates": [[[-51.236834, -29.903258], [-51.236838, -29.903311], [-51.236883, -29.903309], [-51.236878, -29.903255], [-51.236834, -29.903258]]]}, "properties": {}},
{"type": "Feature", "geometry": {"type": "Polygon", "coordinates": [[[-51.231639, -29.900281], [-51.231629, -29.900167], [-51.231543, -29.900172], [-51.231553, -29.900287], [-51.231639, -29.900281]]]}, "properties": {}},
{"type": "Feature", "geometry": {"type": "Polygon", "coordinates": [[[-51.232904, -29.902258], [-51.232909, -29.902343], [-51.232997, -29.902339], [-51.232992, -29.902254], [-51.232904, -29.902258]]]}, "properties": {}},
{"type": "Feature", "geometry": {"type": "Polygon", "coordinates": [[[-51.233232, -29.902066], [-51.233269, -29.902062], [-51.233259, -29.901986], [-51.233221, -29.90199], [-51.233232, -29.902066]]]}, "properties": {}},
{"type": "Feature", "geometry": {"type": "Polygon", "coordinates": [[[-51.231307, -29.899434], [-51.231307, -29.899476], [-51.231389, -29.899476], [-51.231385, -29.899396], [-51.231325, -29.899397], [-51.231325, -29.899433], [-51.231307, -29.899434]]]}, "properties": {}},
{"type": "Feature", "geometry": {"type": "Polygon", "coordinates": [[[-51.231821, -29.90072], [-51.231883, -29.900717], [-51.231878, -29.900615], [-51.231894, -29.900615], [-51.231891, -29.900558], [-51.23189, -29.900534], [-51.231785, -29.900538], [-51.231787, -29.900563], [-51.231812, -29.900562], [-51.231821, -29.90072]]]}, "properties": {}},
{"type": "Feature", "geometry": {"type": "Polygon", "coordinates": [[[-51.236016, -29.903363], [-51.23602, -29.903411], [-51.236053, -29.903409], [-51.236055, -29.90344], [-51.236022, -29.903442], [-51.236024, -29.903479], [-51.236147, -29.903472], [-51.236138, -29.903357], [-51.236016, -29.903363]]]}, "properties": {}},
{"type": "Feature", "geometry": {"type": "Polygon", "coordinates": [[[-51.236806, -29.903912], [-51.236899, -29.903908], [-51.236893, -29.903842], [-51.236838, -29.903846], [-51.236836, -29.903818], [-51.236798, -29.903821], [-51.236806, -29.903912]]]}, "properties": {}},
{"type": "Feature", "geometry": {"type": "Polygon", "coordinates": [[[-51.235354, -29.901506], [-51.235355, -29.90152], [-51.235334, -29.901521], [-51.235341, -29.901593], [-51.235382, -29.90159], [-51.235374, -29.901505], [-51.235354, -29.901506]]]}, "properties": {}},
{"type": "Feature", "geometry": {"type": "Polygon", "coordinates": [[[-51.232192, -29.903294], [-51.232128, -29.903298], [-51.232131, -29.903344], [-51.232195, -29.90334], [-51.232192, -29.903294]]]}, "properties": {}},
{"type": "Feature", "geometry": {"type": "Polygon", "coordinates": [[[-51.232867, -29.899961], [-51.232867, -29.899974], [-51.232868, -29.9], [-51.232868, -29.900025], [-51.23287, -29.900025], [-51.232871, -29.900026], [-51.232895, -29.900026], [-51.232894, -29.89996], [-51.23295, -29.899959], [-51.232947, -29.899853], [-51.232864, -29.899855], [-51.232867, -29.899961]]]}, "properties": {}},
{"type": "Feature", "geometry": {"type": "Polygon", "coordinates": [[[-51.231829, -29.902005], [-51.231833, -29.902067], [-51.231929, -29.902062], [-51.231925, -29.902], [-51.231829, -29.902005]]]}, "properties": {}},
{"type": "Feature", "geometry": {"type": "Polygon", "coordinates": [[[-51.239332, -29.902909], [-51.239432, -29.902893], [-51.239448, -29.902969], [-51.239476, -29.902965], [-51.239462, -29.902897], [-51.239457, -29.902876], [-51.239445, -29.902878], [-51.239329, -29.902896], [-51.239332, -29.902909]]]}, "properties": {}},
{"type": "Feature", "geometry": {"type": "Polygon", "coordinates": [[[-51.236115, -29.89986], [-51.236045, -29.899868], [-51.236049, -29.899892], [-51.236023, -29.899895], [-51.236025, -29.899914], [-51.236121, -29.899903], [-51.236115, -29.89986]]]}, "properties": {}},
{"type": "Feature", "geometry": {"type": "Polygon", "coordinates": [[[-51.234249, -29.901576], [-51.23419, -29.901582], [-51.234157, -29.901584], [-51.234167, -29.90167], [-51.234259, -29.901662], [-51.234249, -29.901576]]]}, "properties": {}},
{"type": "Feature", "geometry": {"type": "Polygon", "coordinates": [[[-51.238976, -29.903815], [-51.238985, -29.903905], [-51.239061, -29.903901], [-51.239054, -29.903811], [-51.238976, -29.903815]]]}, "properties": {}},
{"type": "Feature", "geometry": {"type": "Polygon", "coordinates": [[[-51.230133, -29.903146], [-51.23005, -29.90315], [-51.230054, -29.903216], [-51.230075, -29.903214], [-51.230095, -29.903213], [-51.230137, -29.903209], [-51.230133, -29.903146]]]}, "properties": {}},
{"type": "Feature", "geometry": {"type": "Polygon", "coordinates": [[[-51.238764, -29.900498], [-51.238742, -29.900502], [-51.238753, -29.900551], [-51.238775, -29.900547], [-51.238764, -29.900498]]]}, "properties": {}},
{"type": "Feature", "geometry": {"type": "Polygon", "coordinates": [[[-51.239303, -29.902655], [-51.239297, -29.902594], [-51.239192, -29.902601], [-51.239198, -29.902662], [-51.239303, -29.902655]]]}, "properties": {}},
{"type": "Feature", "geometry": {"type": "Polygon", "coordinates": [[[-51.238514, -29.902534], [-51.238556, -29.902531], [-51.238564, -29.902606], [-51.238611, -29.902602], [-51.238609, -29.902579], [-51.238633, -29.902577], [-51.238627, -29.902516], [-51.238513, -29.902524], [-51.238514, -29.902534]]]}, "properties": {}},
{"type": "Feature", "geometry": {"type": "Polygon", "coordinates": [[[-51.239209, -29.904154], [-51.239208, -29.904139], [-51.23918, -29.904141], [-51.239186, -29.904203], [-51.239249, -29.904199], [-51.239245, -29.904152], [-51.239209, -29.904154]]]}, "properties": {}},
{"type": "Feature", "geometry": {"type": "Polygon", "coordinates": [[[-51.231917, -29.903151], [-51.231922, -29.903221], [-51.232066, -29.903213], [-51.232061, -29.903143], [-51.231917, -29.903151]]]}, "properties": {}},
{"type": "Feature", "geometry": {"type": "Polygon", "coordinates": [[[-51.233679, -29.899354], [-51.233677, -29.899313], [-51.233638, -29.899314], [-51.233641, -29.899356], [-51.233679, -29.899354]]]}, "properties": {}},
{"type": "Feature", "geometry": {"type": "Polygon", "coordinates": [[[-51.235933, -29.904671], [-51.235907, -29.904673], [-51.23591, -29.904698], [-51.235944, -29.904694], [-51.235941, -29.90467], [-51.235933, -29.904671]]]}, "properties": {}},
{"type": "Feature", "geometry": {"type": "Polygon", "coordinates": [[[-51.236967, -29.903938], [-51.236968, -29.903952], [-51.236985, -29.903951], [-51.236981, -29.903903], [-51.236928, -29.903907], [-51.236931, -29.903941], [-51.236967, -29.903938]]]}, "properties": {}},
{"type": "Feature", "geometry": {"type": "Polygon", "coordinates": [[[-51.230527, -29.901381], [-51.230529, -29.901427], [-51.230591, -29.901424], [-51.230589, -29.901379], [-51.230527, -29.901381]]]}, "properties": {}},
{"type": "Feature", "geometry": {"type": "Polygon", "coordinates": [[[-51.229328, -29.903811], [-51.229404, -29.903808], [-51.229401, -29.903756], [-51.2294, -29.903737], [-51.229324, -29.90374], [-51.229328, -29.903811]]]}, "properties": {}},
{"type": "Feature", "geometry": {"type": "Polygon", "coordinates": [[[-51.236584, -29.900349], [-51.236599, -29.900433], [-51.236679, -29.900422], [-51.236664, -29.900338], [-51.236584, -29.900349]]]}, "properties": {}},
{"type": "Feature", "geometry": {"type": "Polygon", "coordinates": [[[-51.235231, -29.900477], [-51.235236, -29.900537], [-51.235275, -29.900535], [-51.235269, -29.900474], [-51.235231, -29.900477]]]}, "properties": {}},
{"type": "Feature", "geometry": {"type": "Polygon", "coordinates": [[[-51.230893, -29.90472], [-51.230916, -29.904719], [-51.230964, -29.904717], [-51.230991, -29.904716], [-51.230989, -29.904685], [-51.230881, -29.904689], [-51.230883, -29.90472], [-51.230893, -29.90472]]]}, "properties": {}},
{"type": "Feature", "geometry": {"type": "Polygon", "coordinates": [[[-51.235927, -29.903884], [-51.235931, -29.903947], [-51.235964, -29.903945], [-51.23596, -29.903883], [-51.235927, -29.903884]]]}, "properties": {}},
{"type": "Feature", "geometry": {"type": "Polygon", "coordinates": [[[-51.239643, -29.90396], [-51.239607, -29.903964], [-51.239603, -29.903936], [-51.239476, -29.903951], [-51.239392, -29.903961], [-51.239398, -29.903999], [-51.239404, -29.904036], [-51.239629, -29.90401], [-51.239651, -29.904007], [-51.239643, -29.90396]]]}, "properties": {}},
{"type": "Feature", "geometry": {"type": "Polygon", "coordinates": [[[-51.239448, -29.902969], [-51.239432, -29.902893], [-51.239332, -29.902909], [-51.239329, -29.902896], [-51.23931, -29.902899], [-51.239328, -29.902988], [-51.239448, -29.902969]]]}, "properties": {}},
{"type": "Feature", "geometry": {"type": "Polygon", "coordinates": [[[-51.235351, -29.899349], [-51.235277, -29.899354], [-51.235287, -29.899423], [-51.23536, -29.899416], [-51.235351, -29.899349]]]}, "properties": {}},
{"type": "Feature", "geometry": {"type": "Polygon", "coordinates": [[[-51.238295, -29.903037], [-51.238297, -29.903062], [-51.238322, -29.903061], [-51.238321, -29.903046], [-51.238372, -29.903043], [-51.238371, -29.903033], [-51.238295, -29.903037]]]}, "properties": {}},
{"type": "Feature", "geometry": {"type": "Polygon", "coordinates": [[[-51.23395, -29.903519], [-51.233888, -29.903523], [-51.23389, -29.903554], [-51.233952, -29.903551], [-51.23395, -29.903519]]]}, "properties": {}},
{"type": "Feature", "geometry": {"type": "Polygon", "coordinates": [[[-51.238633, -29.903068], [-51.238659, -29.903067], [-51.238656, -29.90303], [-51.238631, -29.903032], [-51.238633, -29.903068]]]}, "properties": {}},
{"type": "Feature", "geometry": {"type": "Polygon", "coordinates": [[[-51.230382, -29.900727], [-51.23038, -29.900697], [-51.230377, -29.900655], [-51.230374, -29.900615], [-51.230321, -29.900619], [-51.230298, -29.90062], [-51.230302, -29.900676], [-51.230307, -29.900731], [-51.230382, -29.900727]]]}, "properties": {}},
{"type": "Feature", "geometry": {"type": "Polygon", "coordinates": [[[-51.238292, -29.901412], [-51.238154, -29.90142], [-51.238156, -29.901456], [-51.238249, -29.901451], [-51.23825, -29.901468], [-51.238294, -29.901466], [-51.238292, -29.901412]]]}, "properties": {}},
{"type": "Feature", "geometry": {"type": "Polygon", "coordinates": [[[-51.237811, -29.9032], [-51.237815, -29.903259], [-51.237848, -29.903257], [-51.237844, -29.903199], [-51.237811, -29.9032]]]}, "properties": {}},
{"type": "Feature", "geometry": {"type": "Polygon", "coordinates": [[[-51.234478, -29.902659], [-51.234396, -29.902664], [-51.234402, -29.902735], [-51.234452, -29.902732], [-51.234455, -29.902762], [-51.234476, -29.902761], [-51.234473, -29.902729], [-51.234483, -29.902729], [-51.234478, -29.902659]]]}, "properties": {}},
{"type": "Feature", "geometry": {"type": "Polygon", "coordinates": [[[-51.235907, -29.90421], [-51.235905, -29.90416], [-51.235845, -29.904162], [-51.235847, -29.90418], [-51.235851, -29.904213], [-51.235907, -29.90421]]]}, "properties": {}},
{"type": "Feature", "geometry": {"type": "Polygon", "coordinates": [[[-51.233094, -29.902003], [-51.233099, -29.902079], [-51.233116, -29.902079], [-51.233122, -29.902078], [-51.233117, -29.902001], [-51.233094, -29.902003]]]}, "properties": {}},
{"type": "Feature", "geometry": {"type": "Polygon", "coordinates": [[[-51.236915, -29.903154], [-51.236919, -29.9032], [-51.236971, -29.903196], [-51.236967, -29.90315], [-51.236915, -29.903154]]]}, "properties": {}},
{"type": "Feature", "geometry": {"type": "Polygon", "coordinates": [[[-51.237578, -29.901684], [-51.237633, -29.901682], [-51.237632, -29.901664], [-51.237625, -29.901563], [-51.237599, -29.901565], [-51.237598, -29.901546], [-51.237569, -29.901548], [-51.237577, -29.901666], [-51.237578, -29.901684]]]}, "properties": {}},
{"type": "Feature", "geometry": {"type": "Polygon", "coordinates": [[[-51.233505, -29.90208], [-51.233517, -29.902166], [-51.233645, -29.902152], [-51.233633, -29.902066], [-51.233505, -29.90208]]]}, "properties": {}},
{"type": "Feature", "geometry": {"type": "Polygon", "coordinates": [[[-51.232793, -29.903424], [-51.232791, -29.903395], [-51.232655, -29.903403], [-51.232661, -29.903482], [-51.232724, -29.903479], [-51.232725, -29.90349], [-51.232752, -29.903488], [-51.232751, -29.903476], [-51.232743, -29.903477], [-51.232742, -29.903462], [-51.232757, -29.903461], [-51.232755, -29.903433], [-51.232737, -29.903434], [-51.232736, -29.903423], [-51.232764, -29.903421], [-51.232764, -29.903426], [-51.232793, -29.903424]]]}, "properties": {}},
{"type": "Feature", "geometry": {"type": "Polygon", "coordinates": [[[-51.239424, -29.902512], [-51.23939, -29.902517], [-51.239375, -29.902457], [-51.239316, -29.902461], [-51.239338, -29.902568], [-51.239433, -29.902561], [-51.239424, -29.902512]]]}, "properties": {}},
{"type": "Feature", "geometry": {"type": "Polygon", "coordinates": [[[-51.229993, -29.904559], [-51.22999, -29.904529], [-51.22999, -29.904526], [-51.229981, -29.904526], [-51.229976, -29.904466], [-51.229896, -29.904471], [-51.229902, -29.904545], [-51.229903, -29.904564], [-51.229944, -29.904561], [-51.229946, -29.904583], [-51.229994, -29.90458], [-51.229993, -29.904559]]]}, "properties": {}},
{"type": "Feature", "geometry": {"type": "Polygon", "coordinates": [[[-51.22944, -29.904661], [-51.229378, -29.904664], [-51.229382, -29.90474], [-51.229444, -29.904738], [-51.22944, -29.904661]]]}, "properties": {}},
{"type": "Feature", "geometry": {"type": "Polygon", "coordinates": [[[-51.232446, -29.90197], [-51.232448, -29.902007], [-51.23251, -29.902004], [-51.232514, -29.90206], [-51.232626, -29.902054], [-51.232623, -29.902007], [-51.232654, -29.902006], [-51.232651, -29.901959], [-51.232446, -29.90197]]]}, "properties": {}},
{"type": "Feature", "geometry": {"type": "Polygon", "coordinates": [[[-51.236843, -29.903311], [-51.236846, -29.903355], [-51.236839, -29.903356], [-51.236843, -29.903401], [-51.236803, -29.903403], [-51.236808, -29.903466], [-51.236871, -29.903462], [-51.236868, -29.90342], [-51.236891, -29.903419], [-51.236883, -29.903309], [-51.236843, -29.903311]]]}, "properties": {}},
{"type": "Feature", "geometry": {"type": "Polygon", "coordinates": [[[-51.236394, -29.900861], [-51.23633, -29.900871], [-51.23634, -29.900925], [-51.236331, -29.900926], [-51.236337, -29.900956], [-51.23641, -29.900946], [-51.236394, -29.900861]]]}, "properties": {}},
{"type": "Feature", "geometry": {"type": "Polygon", "coordinates": [[[-51.235097, -29.901711], [-51.235093, -29.901687], [-51.235074, -29.901689], [-51.235081, -29.901739], [-51.235077, -29.901739], [-51.235083, -29.901786], [-51.235153, -29.901779], [-51.235142, -29.901706], [-51.235097, -29.901711]]]}, "properties": {}},
{"type": "Feature", "geometry": {"type": "Polygon", "coordinates": [[[-51.233007, -29.901435], [-51.233007, -29.901455], [-51.233061, -29.901453], [-51.23306, -29.901433], [-51.233007, -29.901435]]]}, "properties": {}},
{"type": "Feature", "geometry": {"type": "Polygon", "coordinates": [[[-51.237879, -29.900894], [-51.237822, -29.900902], [-51.237825, -29.90092], [-51.237805, -29.900923], [-51.237808, -29.900939], [-51.237828, -29.900936], [-51.237832, -29.900952], [-51.237889, -29.900944], [-51.237879, -29.900894]]]}, "properties": {}},
{"type": "Feature", "geometry": {"type": "Polygon", "coordinates": [[[-51.234383, -29.903641], [-51.234388, -29.903713], [-51.234509, -29.903706], [-51.234504, -29.903634], [-51.234383, -29.903641]]]}, "properties": {}},
{"type": "Feature", "geometry": {"type": "Polygon", "coordinates": [[[-51.239299, -29.904599], [-51.239288, -29.90448], [-51.239248, -29.904483], [-51.239252, -29.904538], [-51.239257, -29.904602], [-51.239299, -29.904599]]]}, "properties": {}},
{"type": "Feature", "geometry": {"type": "Polygon", "coordinates": [[[-51.23923, -29.901835], [-51.239292, -29.901827], [-51.239284, -29.901774], [-51.239222, -29.901781], [-51.23923, -29.901835]]]}, "properties": {}},
{"type": "Feature", "geometry": {"type": "Polygon", "coordinates": [[[-51.231777, -29.900003], [-51.23186, -29.899998], [-51.231856, -29.89995], [-51.231773, -29.899955], [-51.231777, -29.900003]]]}, "properties": {}},
{"type": "Feature", "geometry": {"type": "Polygon", "coordinates": [[[-51.229714, -29.900094], [-51.229717, -29.900128], [-51.229751, -29.900126], [-51.229749, -29.900092], [-51.229714, -29.900094]]]}, "properties": {}},
{"type": "Feature", "geometry": {"type": "Polygon", "coordinates": [[[-51.236718, -29.902783], [-51.236761, -29.90278], [-51.236757, -29.902725], [-51.236749, -29.902726], [-51.236714, -29.902728], [-51.236718, -29.902783]]]}, "properties": {}},
{"type": "Feature", "geometry": {"type": "Polygon", "coordinates": [[[-51.237898, -29.900285], [-51.2379, -29.900313], [-51.237951, -29.90031], [-51.237949, -29.900282], [-51.237898, -29.900285]]]}, "properties": {}},
{"type": "Feature", "geometry": {"type": "Polygon", "coordinates": [[[-51.233168, -29.903755], [-51.233167, -29.903745], [-51.233138, -29.903746], [-51.233142, -29.903787], [-51.233115, -29.903789], [-51.233118, -29.903827], [-51.233225, -29.903821], [-51.233281, -29.903817], [-51.233275, -29.903749], [-51.233168, -29.903755]]]}, "properties": {}},
{"type": "Feature", "geometry": {"type": "Polygon", "coordinates": [[[-51.235827, -29.903372], [-51.235861, -29.90337], [-51.23586, -29.903357], [-51.235849, -29.903358], [-51.235847, -29.903335], [-51.235825, -29.903336], [-51.235827, -29.903372]]]}, "properties": {}},
{"type": "Feature", "geometry": {"type": "Polygon", "coordinates": [[[-51.231995, -29.904211], [-51.231926, -29.904215], [-51.23193, -29.904272], [-51.231903, -29.904273], [-51.231906, -29.904303], [-51.231982, -29.904298], [-51.231977, -29.904235], [-51.231997, -29.904234], [-51.231995, -29.904211]]]}, "properties": {}},
{"type": "Feature", "geometry": {"type": "Polygon", "coordinates": [[[-51.238795, -29.899681], [-51.238792, -29.899664], [-51.238765, -29.899668], [-51.238758, -29.899635], [-51.23868, -29.899646], [-51.238682, -29.899661], [-51.238662, -29.899664], [-51.238669, -29.899699], [-51.238689, -29.899696], [-51.238795, -29.899681]]]}, "properties": {}},
{"type": "Feature", "geometry": {"type": "Polygon", "coordinates": [[[-51.230335, -29.899694], [-51.230337, -29.899794], [-51.230357, -29.899794], [-51.230356, -29.899694], [-51.230335, -29.899694]]]}, "properties": {}},
{"type": "Feature", "geometry": {"type": "Polygon", "coordinates": [[[-51.236603, -29.904525], [-51.236608, -29.904615], [-51.236619, -29.904615], [-51.23662, -29.904627], [-51.236641, -29.904626], [-51.236641, -29.904613], [-51.236717, -29.90461], [-51.236689, -29.904521], [-51.236603, -29.904525]]]}, "properties": {}},
{"type": "Feature", "geometry": {"type": "Polygon", "coordinates": [[[-51.231392, -29.899825], [-51.231397, -29.899879], [-51.231417, -29.899877], [-51.231412, -29.899824], [-51.231392, -29.899825]]]}, "properties": {}},
{"type": "Feature", "geometry": {"type": "Polygon", "coordinates": [[[-51.236683, -29.904331], [-51.236685, -29.904353], [-51.236695, -29.904442], [-51.236802, -29.904433], [-51.23679, -29.904322], [-51.236729, -29.904327], [-51.236683, -29.904331]]]}, "properties": {}},
{"type": "Feature", "geometry": {"type": "Polygon", "coordinates": [[[-51.231454, -29.899688], [-51.231456, -29.899712], [-51.231457, -29.899719], [-51.231487, -29.899717], [-51.231484, -29.899686], [-51.23147, -29.899687], [-51.231454, -29.899688]]]}, "properties": {}},
{"type": "Feature", "geometry": {"type": "Polygon", "coordinates": [[[-51.236154, -29.899885], [-51.236157, -29.899907], [-51.236148, -29.899908], [-51.236152, -29.899966], [-51.236221, -29.899962], [-51.236217, -29.899903], [-51.236215, -29.899903], [-51.236214, -29.899881], [-51.236154, -29.899885]]]}, "properties": {}},
{"type": "Feature", "geometry": {"type": "Polygon", "coordinates": [[[-51.235585, -29.90166], [-51.235607, -29.901659], [-51.235605, -29.901643], [-51.235584, -29.901645], [-51.23558, -29.901608], [-51.235524, -29.901612], [-51.235529, -29.901674], [-51.235586, -29.90167], [-51.235585, -29.90166]]]}, "properties": {}},
{"type": "Feature", "geometry": {"type": "Polygon", "coordinates": [[[-51.232295, -29.900993], [-51.232294, -29.900968], [-51.232238, -29.90097], [-51.232239, -29.900995], [-51.232295, -29.900993]]]}, "properties": {}},
{"type": "Feature", "geometry": {"type": "Polygon", "coordinates": [[[-51.234866, -29.902225], [-51.234867, -29.902185], [-51.234814, -29.902185], [-51.234817, -29.902226], [-51.234866, -29.902225]]]}, "properties": {}},
{"type": "Feature", "geometry": {"type": "Polygon", "coordinates": [[[-51.235215, -29.902035], [-51.235217, -29.90207], [-51.235152, -29.902072], [-51.235153, -29.902087], [-51.235247, -29.902084], [-51.235245, -29.902034], [-51.235215, -29.902035]]]}, "properties": {}},
{"type": "Feature", "geometry": {"type": "Polygon", "coordinates": [[[-51.230523, -29.899659], [-51.230523, -29.899702], [-51.230499, -29.899702], [-51.230499, -29.899728], [-51.230553, -29.899728], [-51.230553, -29.899658], [-51.230523, -29.899659]]]}, "properties": {}},
{"type": "Feature", "geometry": {"type": "Polygon", "coordinates": [[[-51.238196, -29.899936], [-51.238249, -29.899931], [-51.23824, -29.89985], [-51.238186, -29.899854], [-51.238196, -29.899936]]]}, "properties": {}},
{"type": "Feature", "geometry": {"type": "Polygon", "coordinates": [[[-51.23453, -29.902726], [-51.234524, -29.902648], [-51.234477, -29.902651], [-51.234483, -29.902729], [-51.23453, -29.902726]]]}, "properties": {}},
{"type": "Feature", "geometry": {"type": "Polygon", "coordinates": [[[-51.234512, -29.904442], [-51.234512, -29.904518], [-51.234616, -29.904518], [-51.234616, -29.904442], [-51.234512, -29.904442]]]}, "properties": {}},
{"type": "Feature", "geometry": {"type": "Polygon", "coordinates": [[[-51.232386, -29.899621], [-51.232389, -29.899658], [-51.232412, -29.899657], [-51.232416, -29.899699], [-51.232417, -29.899717], [-51.232446, -29.899715], [-51.232438, -29.899618], [-51.232386, -29.899621]]]}, "properties": {}},
{"type": "Feature", "geometry": {"type": "Polygon", "coordinates": [[[-51.237975, -29.901595], [-51.237951, -29.901596], [-51.237953, -29.901647], [-51.237978, -29.901646], [-51.237975, -29.901595]]]}, "properties": {}},
{"type": "Feature", "geometry": {"type": "Polygon", "coordinates": [[[-51.238068, -29.903034], [-51.238077, -29.903145], [-51.238132, -29.903141], [-51.238122, -29.90303], [-51.238068, -29.903034]]]}, "properties": {}},
{"type": "Feature", "geometry": {"type": "Polygon", "coordinates": [[[-51.237872, -29.902618], [-51.237871, -29.902597], [-51.237849, -29.902599], [-51.237765, -29.902603], [-51.237767, -29.902624], [-51.237872, -29.902618]]]}, "properties": {}},
{"type": "Feature", "geometry": {"type": "Polygon", "coordinates": [[[-51.231004, -29.899658], [-51.230919, -29.899663], [-51.230921, -29.899693], [-51.2309, -29.899695], [-51.230902, -29.899719], [-51.231009, -29.899713], [-51.231004, -29.899658]]]}, "properties": {}},
{"type": "Feature", "geometry": {"type": "Polygon", "coordinates": [[[-51.234907, -29.902638], [-51.234913, -29.902741], [-51.234918, -29.902741], [-51.23492, -29.902777], [-51.234901, -29.902778], [-51.234905, -29.902801], [-51.234909, -29.902825], [-51.234918, -29.902825], [-51.234966, -29.902823], [-51.23498, -29.902823], [-51.234969, -29.902635], [-51.234907, -29.902638]]]}, "properties": {}},
{"type": "Feature", "geometry": {"type": "Polygon", "coordinates": [[[-51.235467, -29.901711], [-51.235425, -29.901715], [-51.235435, -29.901804], [-51.235477, -29.901801], [-51.235467, -29.901711]]]}, "properties": {}},
{"type": "Feature", "geometry": {"type": "Polygon", "coordinates": [[[-51.235501, -29.904319], [-51.235542, -29.904306], [-51.235527, -29.904272], [-51.235493, -29.904283], [-51.235445, -29.904298], [-51.235438, -29.90432], [-51.235444, -29.904338], [-51.23546, -29.904333], [-51.235501, -29.904319]]]}, "properties": {}},
{"type": "Feature", "geometry": {"type": "Polygon", "coordinates": [[[-51.232462, -29.899961], [-51.232463, -29.900011], [-51.232496, -29.900009], [-51.232492, -29.899959], [-51.232462, -29.899961]]]}, "properties": {}},
{"type": "Feature", "geometry": {"type": "Polygon", "coordinates": [[[-51.234296, -29.902363], [-51.234198, -29.902372], [-51.234205, -29.90243], [-51.234303, -29.902421], [-51.234296, -29.902363]]]}, "properties": {}},
{"type": "Feature", "geometry": {"type": "Polygon", "coordinates": [[[-51.230198, -29.900267], [-51.230119, -29.900272], [-51.230125, -29.900359], [-51.230204, -29.900355], [-51.230198, -29.900267]]]}, "properties": {}},
{"type": "Feature", "geometry": {"type": "Polygon", "coordinates": [[[-51.235457, -29.901103], [-51.235401, -29.901107], [-51.235407, -29.90117], [-51.235463, -29.901166], [-51.235457, -29.901103]]]}, "properties": {}},
{"type": "Feature", "geometry": {"type": "Polygon", "coordinates": [[[-51.236324, -29.899865], [-51.236315, -29.899865], [-51.236317, -29.899893], [-51.23637, -29.89989], [-51.236368, -29.899864], [-51.236324, -29.899865]]]}, "properties": {}},
{"type": "Feature", "geometry": {"type": "Polygon", "coordinates": [[[-51.23919, -29.902072], [-51.239178, -29.902019], [-51.239077, -29.902036], [-51.239088, -29.902088], [-51.23919, -29.902072]]]}, "properties": {}},
{"type": "Feature", "geometry": {"type": "Polygon", "coordinates": [[[-51.232442, -29.900588], [-51.232437, -29.900646], [-51.232494, -29.90065], [-51.2325, -29.900592], [-51.232442, -29.900588]]]}, "properties": {}},
{"type": "Feature", "geometry": {"type": "Polygon", "coordinates": [[[-51.235791, -29.904397], [-51.235801, -29.90445], [-51.235803, -29.90446], [-51.235804, -29.90446], [-51.235859, -29.904452], [-51.235847, -29.904389], [-51.235853, -29.904388], [-51.23585, -29.904374], [-51.235837, -29.904376], [-51.23584, -29.90439], [-51.235791, -29.904397]]]}, "properties": {}},
{"type": "Feature", "geometry": {"type": "Polygon", "coordinates": [[[-51.238554, -29.90441], [-51.238579, -29.904408], [-51.238578, -29.9044], [-51.238636, -29.904398], [-51.238632, -29.904348], [-51.238575, -29.904351], [-51.238577, -29.904389], [-51.238521, -29.904392], [-51.238522, -29.904403], [-51.238523, -29.904412], [-51.238554, -29.90441]]]}, "properties": {}},
{"type": "Feature", "geometry": {"type": "Polygon", "coordinates": [[[-51.235849, -29.904201], [-51.235843, -29.904201], [-51.235838, -29.904156], [-51.235785, -29.90416], [-51.23579, -29.904205], [-51.235832, -29.904202], [-51.235833, -29.904212], [-51.23585, -29.904211], [-51.235849, -29.904201]]]}, "properties": {}},
{"type": "Feature", "geometry": {"type": "Polygon", "coordinates": [[[-51.237886, -29.899772], [-51.237829, -29.899775], [-51.237836, -29.899857], [-51.237893, -29.899853], [-51.237886, -29.899772]]]}, "properties": {}},
{"type": "Feature", "geometry": {"type": "Polygon", "coordinates": [[[-51.232653, -29.899978], [-51.232733, -29.899976], [-51.232732, -29.899944], [-51.232652, -29.899946], [-51.232653, -29.899978]]]}, "properties": {}},
{"type": "Feature", "geometry": {"type": "Polygon", "coordinates": [[[-51.231576, -29.901768], [-51.231581, -29.901839], [-51.231642, -29.901836], [-51.231637, -29.901765], [-51.231576, -29.901768]]]}, "properties": {}},
{"type": "Feature", "geometry": {"type": "Polygon", "coordinates": [[[-51.232927, -29.89947], [-51.232907, -29.899467], [-51.232901, -29.899497], [-51.232921, -29.8995], [-51.232927, -29.89947]]]}, "properties": {}},
{"type": "Feature", "geometry": {"type": "Polygon", "coordinates": [[[-51.230275, -29.900225], [-51.230296, -29.900225], [-51.230294, -29.900176], [-51.230274, -29.900177], [-51.230275, -29.900225]]]}, "properties": {}},
{"type": "Feature", "geometry": {"type": "Polygon", "coordinates": [[[-51.232606, -29.902448], [-51.232611, -29.902506], [-51.23265, -29.902504], [-51.232647, -29.902446], [-51.232606, -29.902448]]]}, "properties": {}},
{"type": "Feature", "geometry": {"type": "Polygon", "coordinates": [[[-51.238465, -29.903626], [-51.23847, -29.903705], [-51.238506, -29.903703], [-51.238507, -29.90372], [-51.23854, -29.903718], [-51.238535, -29.903624], [-51.238465, -29.903626]]]}, "properties": {}},
{"type": "Feature", "geometry": {"type": "Polygon", "coordinates": [[[-51.235499, -29.904471], [-51.235543, -29.904459], [-51.23553, -29.904422], [-51.235486, -29.904434], [-51.235499, -29.904471]]]}, "properties": {}},
{"type": "Feature", "geometry": {"type": "Polygon", "coordinates": [[[-51.23468, -29.899497], [-51.234675, -29.899431], [-51.234641, -29.899433], [-51.234646, -29.899499], [-51.23468, -29.899497]]]}, "properties": {}},
{"type": "Feature", "geometry": {"type": "Polygon", "coordinates": [[[-51.239776, -29.904445], [-51.239773, -29.904417], [-51.23975, -29.904419], [-51.239744, -29.904366], [-51.239663, -29.904373], [-51.239672, -29.904455], [-51.239776, -29.904445]]]}, "properties": {}},
{"type": "Feature", "geometry": {"type": "Polygon", "coordinates": [[[-51.232445, -29.901425], [-51.232446, -29.901433], [-51.232462, -29.901432], [-51.232461, -29.901411], [-51.232444, -29.901412], [-51.232441, -29.901376], [-51.232343, -29.901382], [-51.232347, -29.901431], [-51.232445, -29.901425]]]}, "properties": {}},
{"type": "Feature", "geometry": {"type": "Polygon", "coordinates": [[[-51.231418, -29.899891], [-51.231425, -29.899961], [-51.231528, -29.899954], [-51.231522, -29.899884], [-51.231418, -29.899891]]]}, "properties": {}},
{"type": "Feature", "geometry": {"type": "Polygon", "coordinates": [[[-51.237358, -29.903059], [-51.237364, -29.903151], [-51.237364, -29.90316], [-51.237491, -29.903154], [-51.23749, -29.903131], [-51.237488, -29.903052], [-51.237358, -29.903059]]]}, "properties": {}},
{"type": "Feature", "geometry": {"type": "Polygon", "coordinates": [[[-51.232479, -29.902424], [-51.232482, -29.90247], [-51.232518, -29.902468], [-51.232522, -29.902524], [-51.232612, -29.902519], [-51.232606, -29.902448], [-51.232647, -29.902446], [-51.232645, -29.902414], [-51.232479, -29.902424]]]}, "properties": {}},
{"type": "Feature", "geometry": {"type": "Polygon", "coordinates": [[[-51.238333, -29.902076], [-51.238362, -29.902074], [-51.238359, -29.902028], [-51.238329, -29.902031], [-51.238333, -29.902076]]]}, "properties": {}},
{"type": "Feature", "geometry": {"type": "Polygon", "coordinates": [[[-51.234778, -29.903363], [-51.234785, -29.903427], [-51.234895, -29.903417], [-51.234893, -29.903393], [-51.234838, -29.903398], [-51.234834, -29.903358], [-51.234778, -29.903363]]]}, "properties": {}},
{"type": "Feature", "geometry": {"type": "Polygon", "coordinates": [[[-51.235087, -29.904726], [-51.235052, -29.904726], [-51.235052, -29.904756], [-51.235087, -29.904756], [-51.235087, -29.904726]]]}, "properties": {}},
{"type": "Feature", "geometry": {"type": "Polygon", "coordinates": [[[-51.231515, -29.901753], [-51.231522, -29.901862], [-51.231512, -29.901862], [-51.231513, -29.90187], [-51.231497, -29.901871], [-51.231502, -29.901931], [-51.23157, -29.901927], [-51.231558, -29.901751], [-51.231515, -29.901753]]]}, "properties": {}},
{"type": "Feature", "geometry": {"type": "Polygon", "coordinates": [[[-51.233126, -29.901957], [-51.233128, -29.901978], [-51.233182, -29.901974], [-51.23318, -29.901953], [-51.233126, -29.901957]]]}, "properties": {}},
{"type": "Feature", "geometry": {"type": "Polygon", "coordinates": [[[-51.235417, -29.904462], [-51.235415, -29.904456], [-51.235372, -29.90447], [-51.235393, -29.904518], [-51.235398, -29.90453], [-51.235417, -29.904524], [-51.235411, -29.904511], [-51.235435, -29.904504], [-51.235417, -29.904462]]]}, "properties": {}},
{"type": "Feature", "geometry": {"type": "Polygon", "coordinates": [[[-51.237978, -29.901646], [-51.238034, -29.901644], [-51.238032, -29.901594], [-51.238037, -29.901594], [-51.238036, -29.901574], [-51.238019, -29.901575], [-51.238019, -29.90157], [-51.237974, -29.901572], [-51.237978, -29.901646]]]}, "properties": {}},
{"type": "Feature", "geometry": {"type": "Polygon", "coordinates": [[[-51.233569, -29.90058], [-51.233578, -29.900645], [-51.233611, -29.900641], [-51.233613, -29.900657], [-51.233685, -29.900649], [-51.233658, -29.900461], [-51.233586, -29.900469], [-51.233601, -29.900576], [-51.233569, -29.90058]]]}, "properties": {}},
{"type": "Feature", "geometry": {"type": "Polygon", "coordinates": [[[-51.231754, -29.899476], [-51.231756, -29.899524], [-51.231857, -29.899522], [-51.231856, -29.899474], [-51.231754, -29.899476]]]}, "properties": {}},
{"type": "Feature", "geometry": {"type": "Polygon", "coordinates": [[[-51.234025, -29.901493], [-51.234046, -29.901491], [-51.234043, -29.901467], [-51.234022, -29.901469], [-51.234015, -29.901398], [-51.233965, -29.901402], [-51.233974, -29.901487], [-51.234024, -29.901483], [-51.234025, -29.901493]]]}, "properties": {}},
{"type": "Feature", "geometry": {"type": "Polygon", "coordinates": [[[-51.231988, -29.903333], [-51.231997, -29.903388], [-51.232128, -29.903371], [-51.232118, -29.903316], [-51.231988, -29.903333]]]}, "properties": {}},
{"type": "Feature", "geometry": {"type": "Polygon", "coordinates": [[[-51.232858, -29.899873], [-51.23283, -29.899873], [-51.232829, -29.899829], [-51.232761, -29.899832], [-51.232766, -29.899928], [-51.232797, -29.899927], [-51.232798, -29.899943], [-51.232859, -29.899942], [-51.232858, -29.899873]]]}, "properties": {}},
{"type": "Feature", "geometry": {"type": "Polygon", "coordinates": [[[-51.230333, -29.902315], [-51.230335, -29.902349], [-51.230387, -29.902347], [-51.23038, -29.90223], [-51.230328, -29.902232], [-51.230333, -29.902315]]]}, "properties": {}},
{"type": "Feature", "geometry": {"type": "Polygon", "coordinates": [[[-51.232683, -29.904669], [-51.232687, -29.904722], [-51.232743, -29.904719], [-51.232739, -29.904666], [-51.232683, -29.904669]]]}, "properties": {}},
{"type": "Feature", "geometry": {"type": "Polygon", "coordinates": [[[-51.235595, -29.900464], [-51.235595, -29.900507], [-51.235633, -29.900507], [-51.235633, -29.900464], [-51.235595, -29.900464]]]}, "properties": {}},
{"type": "Feature", "geometry": {"type": "Polygon", "coordinates": [[[-51.236316, -29.90067], [-51.236327, -29.900719], [-51.236351, -29.900715], [-51.23634, -29.900666], [-51.236316, -29.90067]]]}, "properties": {}},
{"type": "Feature", "geometry": {"type": "Polygon", "coordinates": [[[-51.229251, -29.904551], [-51.229254, -29.904591], [-51.229343, -29.904587], [-51.229341, -29.90457], [-51.229341, -29.904566], [-51.22934, -29.904546], [-51.229251, -29.904551]]]}, "properties": {}},
{"type": "Feature", "geometry": {"type": "Polygon", "coordinates": [[[-51.236522, -29.90215], [-51.236424, -29.902154], [-51.236426, -29.902217], [-51.236525, -29.902214], [-51.236522, -29.90215]]]}, "properties": {}},
{"type": "Feature", "geometry": {"type": "Polygon", "coordinates": [[[-51.231135, -29.89977], [-51.231131, -29.899721], [-51.23097, -29.89973], [-51.230974, -29.899779], [-51.231135, -29.89977]]]}, "properties": {}},
{"type": "Feature", "geometry": {"type": "Polygon", "coordinates": [[[-51.237766, -29.900649], [-51.237852, -29.900638], [-51.23784, -29.90056], [-51.237754, -29.90057], [-51.237766, -29.900649]]]}, "properties": {}},
{"type": "Feature", "geometry": {"type": "Polygon", "coordinates": [[[-51.236438, -29.90098], [-51.236477, -29.90116], [-51.236498, -29.901157], [-51.236458, -29.900977], [-51.236438, -29.90098]]]}, "properties": {}},
{"type": "Feature", "geometry": {"type": "Polygon", "coordinates": [[[-51.233057, -29.90208], [-51.233057, -29.902096], [-51.233088, -29.902095], [-51.23309, -29.902148], [-51.233151, -29.902147], [-51.233149, -29.902094], [-51.233113, -29.902096], [-51.233111, -29.902079], [-51.233057, -29.90208]]]}, "properties": {}},
{"type": "Feature", "geometry": {"type": "Polygon", "coordinates": [[[-51.230698, -29.901514], [-51.230782, -29.901511], [-51.23078, -29.901461], [-51.230799, -29.901461], [-51.230798, -29.901434], [-51.230694, -29.901438], [-51.230695, -29.901466], [-51.230659, -29.901468], [-51.230661, -29.901515], [-51.230698, -29.901514]]]}, "properties": {}},
{"type": "Feature", "geometry": {"type": "Polygon", "coordinates": [[[-51.233728, -29.900881], [-51.233855, -29.900873], [-51.233853, -29.900846], [-51.233779, -29.900851], [-51.233777, -29.900828], [-51.233724, -29.900832], [-51.233728, -29.900881]]]}, "properties": {}},
{"type": "Feature", "geometry": {"type": "Polygon", "coordinates": [[[-51.236848, -29.901599], [-51.236845, -29.901571], [-51.236778, -29.901577], [-51.236781, -29.901604], [-51.236848, -29.901599]]]}, "properties": {}},
{"type": "Feature", "geometry": {"type": "Polygon", "coordinates": [[[-51.23506, -29.901522], [-51.235068, -29.901592], [-51.235135, -29.901587], [-51.235128, -29.901517], [-51.23506, -29.901522]]]}, "properties": {}},
{"type": "Feature", "geometry": {"type": "Polygon", "coordinates": [[[-51.235163, -29.901821], [-51.235207, -29.901818], [-51.235206, -29.901806], [-51.235194, -29.901676], [-51.235173, -29.901678], [-51.235174, -29.901691], [-51.235151, -29.901693], [-51.235162, -29.901809], [-51.235163, -29.901821]]]}, "properties": {}},
{"type": "Feature", "geometry": {"type": "Polygon", "coordinates": [[[-51.232615, -29.90292], [-51.232617, -29.902956], [-51.23263, -29.902955], [-51.232631, -29.902968], [-51.232657, -29.902967], [-51.232656, -29.902954], [-51.232666, -29.902954], [-51.232663, -29.902918], [-51.232615, -29.90292]]]}, "properties": {}},
{"type": "Feature", "geometry": {"type": "Polygon", "coordinates": [[[-51.231407, -29.900572], [-51.231411, -29.900631], [-51.231454, -29.900628], [-51.23145, -29.90057], [-51.231407, -29.900572]]]}, "properties": {}},
{"type": "Feature", "geometry": {"type": "Polygon", "coordinates": [[[-51.230982, -29.904627], [-51.230979, -29.904569], [-51.230981, -29.904569], [-51.23098, -29.904541], [-51.230915, -29.904544], [-51.230851, -29.904546], [-51.230852, -29.904565], [-51.230898, -29.904563], [-51.230902, -29.90463], [-51.230982, -29.904627]]]}, "properties": {}},
{"type": "Feature", "geometry": {"type": "Polygon", "coordinates": [[[-51.23495, -29.904461], [-51.234947, -29.904433], [-51.234933, -29.904435], [-51.234929, -29.904406], [-51.234918, -29.904407], [-51.234915, -29.904376], [-51.234872, -29.90438], [-51.234883, -29.904467], [-51.23495, -29.904461]]]}, "properties": {}},
{"type": "Feature", "geometry": {"type": "Polygon", "coordinates": [[[-51.235972, -29.902206], [-51.23597, -29.902171], [-51.235928, -29.902173], [-51.23593, -29.902207], [-51.235972, -29.902206]]]}, "properties": {}},
{"type": "Feature", "geometry": {"type": "Polygon", "coordinates": [[[-51.236812, -29.903127], [-51.236752, -29.903131], [-51.236762, -29.903233], [-51.236822, -29.903229], [-51.236812, -29.903127]]]}, "properties": {}},
{"type": "Feature", "geometry": {"type": "Polygon", "coordinates": [[[-51.232763, -29.903126], [-51.232762, -29.903112], [-51.232781, -29.903111], [-51.232778, -29.903084], [-51.232759, -29.903085], [-51.232758, -29.903071], [-51.232696, -29.903075], [-51.232701, -29.90313], [-51.232763, -29.903126]]]}, "properties": {}},
{"type": "Feature", "geometry": {"type": "Polygon", "coordinates": [[[-51.234933, -29.903042], [-51.23493, -29.902991], [-51.23491, -29.902992], [-51.234907, -29.902954], [-51.234846, -29.902957], [-51.234848, -29.902994], [-51.234837, -29.902995], [-51.234838, -29.903003], [-51.234839, -29.90303], [-51.23484, -29.903046], [-51.234933, -29.903042]]]}, "properties": {}},
{"type": "Feature", "geometry": {"type": "Polygon", "coordinates": [[[-51.229776, -29.901797], [-51.229765, -29.901797], [-51.229771, -29.901884], [-51.229785, -29.901883], [-51.229791, -29.901969], [-51.229777, -29.90197], [-51.229778, -29.901992], [-51.2298, -29.901991], [-51.229801, -29.902003], [-51.229851, -29.902001], [-51.22985, -29.901986], [-51.229878, -29.901985], [-51.22987, -29.901843], [-51.229827, -29.901845], [-51.229819, -29.901741], [-51.229772, -29.901744], [-51.229776, -29.901797]]]}, "properties": {}},
{"type": "Feature", "geometry": {"type": "Polygon", "coordinates": [[[-51.232991, -29.900532], [-51.232994, -29.900647], [-51.233013, -29.900647], [-51.233013, -29.900629], [-51.233053, -29.900628], [-51.23305, -29.900531], [-51.232991, -29.900532]]]}, "properties": {}},
{"type": "Feature", "geometry": {"type": "Polygon", "coordinates": [[[-51.23679, -29.901408], [-51.236785, -29.901359], [-51.236759, -29.901361], [-51.236757, -29.901339], [-51.236742, -29.90134], [-51.236749, -29.901411], [-51.23679, -29.901408]]]}, "properties": {}},
{"type": "Feature", "geometry": {"type": "Polygon", "coordinates": [[[-51.233166, -29.902541], [-51.233163, -29.902469], [-51.233147, -29.90247], [-51.233147, -29.902456], [-51.233129, -29.902456], [-51.233133, -29.902542], [-51.233166, -29.902541]]]}, "properties": {}},
{"type": "Feature", "geometry": {"type": "Polygon", "coordinates": [[[-51.235284, -29.902971], [-51.235285, -29.90298], [-51.235348, -29.902977], [-51.235341, -29.902882], [-51.235312, -29.902883], [-51.235312, -29.902897], [-51.235234, -29.902901], [-51.235235, -29.902923], [-51.235239, -29.902973], [-51.235284, -29.902971]]]}, "properties": {}},
{"type": "Feature", "geometry": {"type": "Polygon", "coordinates": [[[-51.232168, -29.904638], [-51.232257, -29.904633], [-51.232258, -29.904642], [-51.232298, -29.904639], [-51.232293, -29.90458], [-51.232164, -29.904588], [-51.232168, -29.904638]]]}, "properties": {}},
{"type": "Feature", "geometry": {"type": "Polygon", "coordinates": [[[-51.236316, -29.899686], [-51.23632, -29.899758], [-51.236341, -29.899758], [-51.236342, -29.899776], [-51.236362, -29.899775], [-51.236358, -29.899685], [-51.236316, -29.899686]]]}, "properties": {}},
{"type": "Feature", "geometry": {"type": "Polygon", "coordinates": [[[-51.23777, -29.900675], [-51.237856, -29.900665], [-51.237852, -29.900638], [-51.237766, -29.900649], [-51.23777, -29.900675]]]}, "properties": {}},
{"type": "Feature", "geometry": {"type": "Polygon", "coordinates": [[[-51.231849, -29.900042], [-51.231853, -29.900091], [-51.23186, -29.900091], [-51.231861, -29.900105], [-51.231881, -29.900104], [-51.23188, -29.90009], [-51.231903, -29.900088], [-51.231899, -29.900039], [-51.231849, -29.900042]]]}, "properties": {}},
{"type": "Feature", "geometry": {"type": "Polygon", "coordinates": [[[-51.234526, -29.90236], [-51.23447, -29.902364], [-51.234468, -29.902337], [-51.234428, -29.90234], [-51.234433, -29.902402], [-51.234462, -29.9024], [-51.234465, -29.902437], [-51.234532, -29.902433], [-51.234526, -29.90236]]]}, "properties": {}},
{"type": "Feature", "geometry": {"type": "Polygon", "coordinates": [[[-51.230619, -29.90304], [-51.230615, -29.902983], [-51.230554, -29.902987], [-51.230558, -29.903043], [-51.230619, -29.90304]]]}, "properties": {}},
{"type": "Feature", "geometry": {"type": "Polygon", "coordinates": [[[-51.230374, -29.900615], [-51.230368, -29.900542], [-51.230261, -29.900549], [-51.230267, -29.900622], [-51.230374, -29.900615]]]}, "properties": {}},
{"type": "Feature", "geometry": {"type": "Polygon", "coordinates": [[[-51.236244, -29.900255], [-51.236257, -29.90035], [-51.23628, -29.900348], [-51.236277, -29.900328], [-51.236305, -29.900325], [-51.2363, -29.900294], [-51.236304, -29.900294], [-51.236298, -29.900249], [-51.236244, -29.900255]]]}, "properties": {}},
{"type": "Feature", "geometry": {"type": "Polygon", "coordinates": [[[-51.229419, -29.901771], [-51.229421, -29.901794], [-51.229384, -29.901797], [-51.229388, -29.90185], [-51.229448, -29.901847], [-51.229444, -29.901793], [-51.229446, -29.901793], [-51.229444, -29.90177], [-51.229419, -29.901771]]]}, "properties": {}},
{"type": "Feature", "geometry": {"type": "Polygon", "coordinates": [[[-51.236527, -29.901475], [-51.236614, -29.90147], [-51.236609, -29.901396], [-51.236522, -29.9014], [-51.236527, -29.901475]]]}, "properties": {}},
{"type": "Feature", "geometry": {"type": "Polygon", "coordinates": [[[-51.229594, -29.900906], [-51.229497, -29.90091], [-51.2295, -29.900965], [-51.22951, -29.900964], [-51.229511, -29.900989], [-51.229599, -29.900985], [-51.229594, -29.900906]]]}, "properties": {}},
{"type": "Feature", "geometry": {"type": "Polygon", "coordinates": [[[-51.233054, -29.90356], [-51.233038, -29.903561], [-51.233043, -29.903624], [-51.232997, -29.903627], [-51.232999, -29.903653], [-51.233062, -29.903649], [-51.233054, -29.90356]]]}, "properties": {}},
{"type": "Feature", "geometry": {"type": "Polygon", "coordinates": [[[-51.231394, -29.903794], [-51.23139, -29.903739], [-51.231245, -29.903748], [-51.231249, -29.903803], [-51.231394, -29.903794]]]}, "properties": {}},
{"type": "Feature", "geometry": {"type": "Polygon", "coordinates": [[[-51.235932, -29.902245], [-51.235938, -29.90235], [-51.23599, -29.902348], [-51.235984, -29.902243], [-51.235932, -29.902245]]]}, "properties": {}},
{"type": "Feature", "geometry": {"type": "Polygon", "coordinates": [[[-51.232322, -29.901906], [-51.232323, -29.901926], [-51.232308, -29.901927], [-51.232311, -29.901971], [-51.232444, -29.901963], [-51.232439, -29.901899], [-51.232322, -29.901906]]]}, "properties": {}},
{"type": "Feature", "geometry": {"type": "Polygon", "coordinates": [[[-51.235436, -29.904455], [-51.235417, -29.904462], [-51.235435, -29.904504], [-51.235454, -29.904498], [-51.235436, -29.904455]]]}, "properties": {}},
{"type": "Feature", "geometry": {"type": "Polygon", "coordinates": [[[-51.231577, -29.902018], [-51.231581, -29.902086], [-51.231665, -29.902082], [-51.231661, -29.902029], [-51.23169, -29.902028], [-51.231689, -29.902012], [-51.231577, -29.902018]]]}, "properties": {}},
{"type": "Feature", "geometry": {"type": "Polygon", "coordinates": [[[-51.237388, -29.902083], [-51.23739, -29.902121], [-51.237473, -29.902117], [-51.237471, -29.90208], [-51.237388, -29.902083]]]}, "properties": {}},
{"type": "Feature", "geometry": {"type": "Polygon", "coordinates": [[[-51.236757, -29.899634], [-51.236728, -29.899634], [-51.236729, -29.899654], [-51.236757, -29.899654], [-51.236757, -29.899634]]]}, "properties": {}},
{"type": "Feature", "geometry": {"type": "Polygon", "coordinates": [[[-51.232349, -29.900163], [-51.232352, -29.900253], [-51.232435, -29.900251], [-51.232433, -29.900161], [-51.232349, -29.900163]]]}, "properties": {}},
{"type": "Feature", "geometry": {"type": "Polygon", "coordinates": [[[-51.238225, -29.903639], [-51.238228, -29.903708], [-51.23827, -29.903706], [-51.23827, -29.903721], [-51.238291, -29.90372], [-51.238291, -29.903706], [-51.238284, -29.903706], [-51.238281, -29.903637], [-51.238225, -29.903639]]]}, "properties": {}},
{"type": "Feature", "geometry": {"type": "Polygon", "coordinates": [[[-51.236714, -29.903835], [-51.236694, -29.903836], [-51.236698, -29.903898], [-51.236762, -29.903895], [-51.236759, -29.903842], [-51.236714, -29.903844], [-51.236714, -29.903835]]]}, "properties": {}},
{"type": "Feature", "geometry": {"type": "Polygon", "coordinates": [[[-51.23494, -29.900554], [-51.234943, -29.900583], [-51.234986, -29.900579], [-51.234983, -29.90055], [-51.23494, -29.900554]]]}, "properties": {}},
{"type": "Feature", "geometry": {"type": "Polygon", "coordinates": [[[-51.235616, -29.899312], [-51.235601, -29.899313], [-51.235549, -29.89932], [-51.235554, -29.899349], [-51.235621, -29.899341], [-51.235616, -29.899312]]]}, "properties": {}},
{"type": "Feature", "geometry": {"type": "Polygon", "coordinates": [[[-51.239118, -29.901494], [-51.239106, -29.901434], [-51.239058, -29.901442], [-51.239071, -29.901501], [-51.239118, -29.901494]]]}, "properties": {}},
{"type": "Feature", "geometry": {"type": "Polygon", "coordinates": [[[-51.238296, -29.900593], [-51.238304, -29.900646], [-51.238413, -29.900633], [-51.238406, -29.900581], [-51.238296, -29.900593]]]}, "properties": {}},
{"type": "Feature", "geometry": {"type": "Polygon", "coordinates": [[[-51.233079, -29.900118], [-51.23315, -29.900117], [-51.233148, -29.900026], [-51.233072, -29.900027], [-51.233079, -29.900118]]]}, "properties": {}},
{"type": "Feature", "geometry": {"type": "Polygon", "coordinates": [[[-51.238446, -29.900998], [-51.238493, -29.90099], [-51.238488, -29.900968], [-51.238441, -29.900976], [-51.238446, -29.900998]]]}, "properties": {}},
{"type": "Feature", "geometry": {"type": "Polygon", "coordinates": [[[-51.231305, -29.903105], [-51.231304, -29.903098], [-51.231242, -29.903101], [-51.231247, -29.903164], [-51.23134, -29.903159], [-51.231336, -29.903103], [-51.231305, -29.903105]]]}, "properties": {}},
{"type": "Feature", "geometry": {"type": "Polygon", "coordinates": [[[-51.23658, -29.902181], [-51.236583, -29.902272], [-51.236656, -29.902269], [-51.236652, -29.902179], [-51.23658, -29.902181]]]}, "properties": {}},
{"type": "Feature", "geometry": {"type": "Polygon", "coordinates": [[[-51.235435, -29.902589], [-51.235343, -29.902593], [-51.235344, -29.902623], [-51.235338, -29.902623], [-51.235339, -29.902636], [-51.235342, -29.902691], [-51.235344, -29.902729], [-51.23547, -29.902723], [-51.235468, -29.902684], [-51.235464, -29.902629], [-51.235462, -29.902588], [-51.235435, -29.902589]]]}, "properties": {}},
{"type": "Feature", "geometry": {"type": "Polygon", "coordinates": [[[-51.23402, -29.900855], [-51.234016, -29.900813], [-51.233994, -29.900815], [-51.233998, -29.900856], [-51.23402, -29.900855]]]}, "properties": {}},
{"type": "Feature", "geometry": {"type": "Polygon", "coordinates": [[[-51.23419, -29.903027], [-51.234192, -29.903052], [-51.23422, -29.90305], [-51.234219, -29.903026], [-51.23419, -29.903027]]]}, "properties": {}},
{"type": "Feature", "geometry": {"type": "Polygon", "coordinates": [[[-51.236302, -29.90343], [-51.23631, -29.90353], [-51.236366, -29.903527], [-51.236365, -29.903519], [-51.236399, -29.903517], [-51.236394, -29.903444], [-51.236337, -29.903447], [-51.236336, -29.903428], [-51.236302, -29.90343]]]}, "properties": {}},
{"type": "Feature", "geometry": {"type": "Polygon", "coordinates": [[[-51.232085, -29.904643], [-51.232089, -29.904702], [-51.232142, -29.904699], [-51.232137, -29.90464], [-51.232085, -29.904643]]]}, "properties": {}},
{"type": "Feature", "geometry": {"type": "Polygon", "coordinates": [[[-51.235351, -29.899349], [-51.235357, -29.899388], [-51.235417, -29.899382], [-51.235412, -29.89934], [-51.235351, -29.899349]]]}, "properties": {}},
{"type": "Feature", "geometry": {"type": "Polygon", "coordinates": [[[-51.237178, -29.900304], [-51.23716, -29.900305], [-51.23716, -29.900293], [-51.23708, -29.900297], [-51.237085, -29.900376], [-51.237159, -29.900372], [-51.237159, -29.900368], [-51.237182, -29.900367], [-51.237178, -29.900304]]]}, "properties": {}},
{"type": "Feature", "geometry": {"type": "Polygon", "coordinates": [[[-51.23736, -29.902137], [-51.237367, -29.902231], [-51.237484, -29.902224], [-51.237478, -29.902131], [-51.23736, -29.902137]]]}, "properties": {}},
{"type": "Feature", "geometry": {"type": "Polygon", "coordinates": [[[-51.235165, -29.904585], [-51.235163, -29.904553], [-51.235162, -29.90454], [-51.235076, -29.904544], [-51.235081, -29.90462], [-51.235166, -29.904617], [-51.235165, -29.904585]]]}, "properties": {}},
{"type": "Feature", "geometry": {"type": "Polygon", "coordinates": [[[-51.22977, -29.900125], [-51.229766, -29.90007], [-51.229747, -29.900071], [-51.229751, -29.900126], [-51.22977, -29.900125]]]}, "properties": {}},
{"type": "Feature", "geometry": {"type": "Polygon", "coordinates": [[[-51.237645, -29.904301], [-51.237551, -29.904307], [-51.237554, -29.904353], [-51.237583, -29.904351], [-51.237647, -29.904347], [-51.237645, -29.904301]]]}, "properties": {}},
{"type": "Feature", "geometry": {"type": "Polygon", "coordinates": [[[-51.22955, -29.902382], [-51.229528, -29.902383], [-51.229533, -29.902442], [-51.229554, -29.90244], [-51.22955, -29.902382]]]}, "properties": {}},
{"type": "Feature", "geometry": {"type": "Polygon", "coordinates": [[[-51.238934, -29.90435], [-51.239009, -29.904345], [-51.239014, -29.904345], [-51.239012, -29.904325], [-51.238933, -29.904331], [-51.238934, -29.904347], [-51.238934, -29.90435]]]}, "properties": {}},
{"type": "Feature", "geometry": {"type": "Polygon", "coordinates": [[[-51.234533, -29.89951], [-51.234515, -29.899511], [-51.234517, -29.899542], [-51.234581, -29.899538], [-51.234578, -29.899503], [-51.234532, -29.899505], [-51.234533, -29.89951]]]}, "properties": {}},
{"type": "Feature", "geometry": {"type": "Polygon", "coordinates": [[[-51.239025, -29.904466], [-51.239032, -29.904549], [-51.239103, -29.904545], [-51.239096, -29.904462], [-51.239025, -29.904466]]]}, "properties": {}},
{"type": "Feature", "geometry": {"type": "Polygon", "coordinates": [[[-51.237944, -29.902598], [-51.23789, -29.902601], [-51.237894, -29.902658], [-51.237949, -29.902655], [-51.237944, -29.902598]]]}, "properties": {}},
{"type": "Feature", "geometry": {"type": "Polygon", "coordinates": [[[-51.229221, -29.901505], [-51.229238, -29.901504], [-51.229245, -29.90159], [-51.229255, -29.901589], [-51.229257, -29.901613], [-51.229327, -29.901609], [-51.229319, -29.901499], [-51.229257, -29.901503], [-51.229253, -29.901459], [-51.229217, -29.901461], [-51.229221, -29.901505]]]}, "properties": {}},
{"type": "Feature", "geometry": {"type": "Polygon", "coordinates": [[[-51.235959, -29.900493], [-51.235991, -29.900491], [-51.235986, -29.900437], [-51.235986, -29.900433], [-51.235953, -29.900436], [-51.235954, -29.900437], [-51.235959, -29.900493]]]}, "properties": {}},
{"type": "Feature", "geometry": {"type": "Polygon", "coordinates": [[[-51.236482, -29.899839], [-51.236483, -29.899846], [-51.236611, -29.899842], [-51.236609, -29.899817], [-51.236482, -29.899822], [-51.236482, -29.899839]]]}, "properties": {}},
{"type": "Feature", "geometry": {"type": "Polygon", "coordinates": [[[-51.234086, -29.899922], [-51.234146, -29.899918], [-51.234143, -29.89988], [-51.234082, -29.899884], [-51.234086, -29.899922]]]}, "properties": {}},
{"type": "Feature", "geometry": {"type": "Polygon", "coordinates": [[[-51.235562, -29.901706], [-51.235532, -29.901709], [-51.235537, -29.901752], [-51.235567, -29.90175], [-51.235562, -29.901706]]]}, "properties": {}},
{"type": "Feature", "geometry": {"type": "Polygon", "coordinates": [[[-51.236426, -29.901661], [-51.236435, -29.901735], [-51.23652, -29.901726], [-51.236511, -29.901653], [-51.236426, -29.901661]]]}, "properties": {}},
{"type": "Feature", "geometry": {"type": "Polygon", "coordinates": [[[-51.232574, -29.904675], [-51.232577, -29.904722], [-51.232619, -29.904719], [-51.232615, -29.904673], [-51.232574, -29.904675]]]}, "properties": {}},
{"type": "Feature", "geometry": {"type": "Polygon", "coordinates": [[[-51.230553, -29.899728], [-51.230582, -29.899728], [-51.230582, -29.899708], [-51.230609, -29.899708], [-51.230609, -29.899659], [-51.230553, -29.899658], [-51.230553, -29.899728]]]}, "properties": {}},
{"type": "Feature", "geometry": {"type": "Polygon", "coordinates": [[[-51.232417, -29.903187], [-51.232362, -29.903191], [-51.232367, -29.903243], [-51.232422, -29.90324], [-51.232417, -29.903187]]]}, "properties": {}},
{"type": "Feature", "geometry": {"type": "Polygon", "coordinates": [[[-51.232338, -29.902407], [-51.232333, -29.902342], [-51.232312, -29.902344], [-51.232317, -29.902408], [-51.232338, -29.902407]]]}, "properties": {}},
{"type": "Feature", "geometry": {"type": "Polygon", "coordinates": [[[-51.238171, -29.900905], [-51.2381, -29.900914], [-51.238108, -29.900964], [-51.238179, -29.900955], [-51.238171, -29.900905]]]}, "properties": {}},
{"type": "Feature", "geometry": {"type": "Polygon", "coordinates": [[[-51.232916, -29.902437], [-51.232913, -29.902402], [-51.232845, -29.902405], [-51.232847, -29.90244], [-51.232916, -29.902437]]]}, "properties": {}},
{"type": "Feature", "geometry": {"type": "Polygon", "coordinates": [[[-51.237638, -29.90267], [-51.237636, -29.90263], [-51.23758, -29.902632], [-51.237579, -29.90262], [-51.237518, -29.902623], [-51.237521, -29.902675], [-51.237638, -29.90267]]]}, "properties": {}},
{"type": "Feature", "geometry": {"type": "Polygon", "coordinates": [[[-51.232124, -29.90388], [-51.232122, -29.903853], [-51.232047, -29.903857], [-51.232049, -29.903884], [-51.232124, -29.90388]]]}, "properties": {}},
{"type": "Feature", "geometry": {"type": "Polygon", "coordinates": [[[-51.231885, -29.900258], [-51.231953, -29.900254], [-51.231951, -29.900223], [-51.231934, -29.900224], [-51.231933, -29.900206], [-51.23188, -29.90021], [-51.231885, -29.900258]]]}, "properties": {}},
{"type": "Feature", "geometry": {"type": "Polygon", "coordinates": [[[-51.238159, -29.899807], [-51.238129, -29.899811], [-51.238123, -29.899776], [-51.238056, -29.899785], [-51.238081, -29.899929], [-51.238179, -29.899923], [-51.238159, -29.899807]]]}, "properties": {}},
{"type": "Feature", "geometry": {"type": "Polygon", "coordinates": [[[-51.230506, -29.901852], [-51.230507, -29.901887], [-51.230606, -29.901884], [-51.230603, -29.901834], [-51.230523, -29.901837], [-51.230505, -29.901838], [-51.230506, -29.901852]]]}, "properties": {}},
{"type": "Feature", "geometry": {"type": "Polygon", "coordinates": [[[-51.231524, -29.901117], [-51.231526, -29.901142], [-51.231555, -29.901141], [-51.231553, -29.901116], [-51.231524, -29.901117]]]}, "properties": {}},
{"type": "Feature", "geometry": {"type": "Polygon", "coordinates": [[[-51.236839, -29.900987], [-51.236854, -29.901075], [-51.2369, -29.901068], [-51.236885, -29.900981], [-51.236839, -29.900987]]]}, "properties": {}},
{"type": "Feature", "geometry": {"type": "Polygon", "coordinates": [[[-51.235411, -29.903972], [-51.235407, -29.903931], [-51.235338, -29.903937], [-51.235342, -29.903977], [-51.235345, -29.904005], [-51.235347, -29.904028], [-51.235372, -29.904026], [-51.235371, -29.904011], [-51.235408, -29.904008], [-51.235462, -29.904003], [-51.235458, -29.903968], [-51.235411, -29.903972]]]}, "properties": {}},
{"type": "Feature", "geometry": {"type": "Polygon", "coordinates": [[[-51.237736, -29.899327], [-51.237692, -29.899331], [-51.237699, -29.899392], [-51.23772, -29.89939], [-51.237718, -29.899375], [-51.237742, -29.899373], [-51.237736, -29.899327]]]}, "properties": {}},
{"type": "Feature", "geometry": {"type": "Polygon", "coordinates": [[[-51.235454, -29.90104], [-51.235443, -29.901041], [-51.235404, -29.901044], [-51.235407, -29.901066], [-51.235445, -29.901063], [-51.235446, -29.901072], [-51.235457, -29.901071], [-51.235454, -29.90104]]]}, "properties": {}},
{"type": "Feature", "geometry": {"type": "Polygon", "coordinates": [[[-51.233851, -29.899379], [-51.233769, -29.899382], [-51.233772, -29.899455], [-51.233773, -29.899464], [-51.233855, -29.899461], [-51.233855, -29.899452], [-51.233851, -29.899379]]]}, "properties": {}},
{"type": "Feature", "geometry": {"type": "Polygon", "coordinates": [[[-51.232557, -29.903231], [-51.232501, -29.903235], [-51.232506, -29.9033], [-51.232563, -29.903296], [-51.232557, -29.903231]]]}, "properties": {}},
{"type": "Feature", "geometry": {"type": "Polygon", "coordinates": [[[-51.231518, -29.900173], [-51.231463, -29.900177], [-51.231473, -29.900289], [-51.231529, -29.900285], [-51.231518, -29.900173]]]}, "properties": {}},
{"type": "Feature", "geometry": {"type": "Polygon", "coordinates": [[[-51.237366, -29.899763], [-51.237358, -29.899692], [-51.237281, -29.899698], [-51.237289, -29.899769], [-51.237366, -29.899763]]]}, "properties": {}},
{"type": "Feature", "geometry": {"type": "Polygon", "coordinates": [[[-51.23389, -29.89964], [-51.233927, -29.899639], [-51.233927, -29.899616], [-51.23389, -29.899617], [-51.23389, -29.89964]]]}, "properties": {}},
{"type": "Feature", "geometry": {"type": "Polygon", "coordinates": [[[-51.236256, -29.903243], [-51.236219, -29.903245], [-51.23622, -29.903269], [-51.236257, -29.903267], [-51.236256, -29.903243]]]}, "properties": {}},
{"type": "Feature", "geometry": {"type": "Polygon", "coordinates": [[[-51.235254, -29.901168], [-51.235327, -29.901164], [-51.235324, -29.901131], [-51.235252, -29.901135], [-51.235254, -29.901168]]]}, "properties": {}},
{"type": "Feature", "geometry": {"type": "Polygon", "coordinates": [[[-51.237952, -29.900359], [-51.23795, -29.900333], [-51.237968, -29.900332], [-51.237966, -29.900309], [-51.237894, -29.900313], [-51.237898, -29.900362], [-51.237952, -29.900359]]]}, "properties": {}},
{"type": "Feature", "geometry": {"type": "Polygon", "coordinates": [[[-51.233625, -29.901005], [-51.23363, -29.901062], [-51.233696, -29.901058], [-51.233692, -29.901001], [-51.233625, -29.901005]]]}, "properties": {}},
{"type": "Feature", "geometry": {"type": "Polygon", "coordinates": [[[-51.235179, -29.90159], [-51.235181, -29.901624], [-51.235276, -29.901619], [-51.235272, -29.901586], [-51.235179, -29.90159]]]}, "properties": {}},
{"type": "Feature", "geometry": {"type": "Polygon", "coordinates": [[[-51.230976, -29.903819], [-51.231016, -29.903818], [-51.231015, -29.903785], [-51.230974, -29.903787], [-51.230976, -29.903819]]]}, "properties": {}},
{"type": "Feature", "geometry": {"type": "Polygon", "coordinates": [[[-51.232333, -29.902342], [-51.232338, -29.902407], [-51.23243, -29.902402], [-51.23243, -29.902394], [-51.23245, -29.902393], [-51.232448, -29.902359], [-51.232427, -29.90236], [-51.232425, -29.902337], [-51.232333, -29.902342]]]}, "properties": {}},
{"type": "Feature", "geometry": {"type": "Polygon", "coordinates": [[[-51.237696, -29.900654], [-51.23773, -29.90065], [-51.237722, -29.900604], [-51.237689, -29.900609], [-51.237696, -29.900654]]]}, "properties": {}},
{"type": "Feature", "geometry": {"type": "Polygon", "coordinates": [[[-51.232415, -29.900797], [-51.232414, -29.900775], [-51.232301, -29.900779], [-51.232302, -29.900802], [-51.232415, -29.900797]]]}, "properties": {}},
{"type": "Feature", "geometry": {"type": "Polygon", "coordinates": [[[-51.232568, -29.903952], [-51.232569, -29.903962], [-51.232513, -29.903965], [-51.232515, -29.904], [-51.232503, -29.904], [-51.232505, -29.904023], [-51.232517, -29.904022], [-51.232519, -29.904047], [-51.232597, -29.904042], [-51.232595, -29.904016], [-51.232633, -29.904013], [-51.232627, -29.903949], [-51.232568, -29.903952]]]}, "properties": {}},
{"type": "Feature", "geometry": {"type": "Polygon", "coordinates": [[[-51.233735, -29.904471], [-51.233788, -29.904468], [-51.233782, -29.904392], [-51.233729, -29.904395], [-51.233735, -29.904471]]]}, "properties": {}},
{"type": "Feature", "geometry": {"type": "Polygon", "coordinates": [[[-51.233836, -29.901522], [-51.233742, -29.901537], [-51.233753, -29.9016], [-51.233848, -29.901586], [-51.233836, -29.901522]]]}, "properties": {}},
{"type": "Feature", "geometry": {"type": "Polygon", "coordinates": [[[-51.236672, -29.903817], [-51.23674, -29.903813], [-51.236741, -29.903824], [-51.23678, -29.903822], [-51.236773, -29.903724], [-51.236665, -29.903731], [-51.236672, -29.903817]]]}, "properties": {}},
{"type": "Feature", "geometry": {"type": "Polygon", "coordinates": [[[-51.22933, -29.90384], [-51.229383, -29.903838], [-51.229381, -29.903809], [-51.229328, -29.903811], [-51.22933, -29.90384]]]}, "properties": {}},
{"type": "Feature", "geometry": {"type": "Polygon", "coordinates": [[[-51.239123, -29.901178], [-51.239112, -29.901129], [-51.239084, -29.901134], [-51.239095, -29.901182], [-51.239123, -29.901178]]]}, "properties": {}},
{"type": "Feature", "geometry": {"type": "Polygon", "coordinates": [[[-51.235912, -29.900708], [-51.235923, -29.900772], [-51.236017, -29.900759], [-51.236013, -29.900732], [-51.236036, -29.900729], [-51.23603, -29.900693], [-51.235912, -29.900708]]]}, "properties": {}},
{"type": "Feature", "geometry": {"type": "Polygon", "coordinates": [[[-51.230858, -29.904248], [-51.230847, -29.904249], [-51.230851, -29.904326], [-51.230966, -29.904322], [-51.230962, -29.904244], [-51.230858, -29.904248]]]}, "properties": {}},
{"type": "Feature", "geometry": {"type": "Polygon", "coordinates": [[[-51.2306, -29.901068], [-51.230603, -29.901105], [-51.230696, -29.9011], [-51.230693, -29.901062], [-51.2306, -29.901068]]]}, "properties": {}},
{"type": "Feature", "geometry": {"type": "Polygon", "coordinates": [[[-51.231777, -29.900003], [-51.231773, -29.899955], [-51.231731, -29.899957], [-51.231735, -29.900006], [-51.231777, -29.900003]]]}, "properties": {}},
{"type": "Feature", "geometry": {"type": "Polygon", "coordinates": [[[-51.233357, -29.902999], [-51.233355, -29.902975], [-51.233341, -29.902975], [-51.233337, -29.902929], [-51.233314, -29.90293], [-51.23332, -29.903001], [-51.233357, -29.902999]]]}, "properties": {}},
{"type": "Feature", "geometry": {"type": "Polygon", "coordinates": [[[-51.237762, -29.902767], [-51.2377, -29.902771], [-51.237705, -29.902826], [-51.237767, -29.902822], [-51.237762, -29.902767]]]}, "properties": {}},
{"type": "Feature", "geometry": {"type": "Polygon", "coordinates": [[[-51.236542, -29.903727], [-51.236547, -29.903817], [-51.236549, -29.903846], [-51.236667, -29.90384], [-51.236658, -29.90372], [-51.236542, -29.903727]]]}, "properties": {}},
{"type": "Feature", "geometry": {"type": "Polygon", "coordinates": [[[-51.23309, -29.901162], [-51.233094, -29.901231], [-51.233152, -29.901228], [-51.233152, -29.901231], [-51.233217, -29.901228], [-51.233214, -29.901168], [-51.233151, -29.901171], [-51.23315, -29.90116], [-51.23309, -29.901162]]]}, "properties": {}},
{"type": "Feature", "geometry": {"type": "Polygon", "coordinates": [[[-51.233815, -29.90138], [-51.233829, -29.901477], [-51.233876, -29.901472], [-51.233862, -29.901375], [-51.233815, -29.90138]]]}, "properties": {}},
{"type": "Feature", "geometry": {"type": "Polygon", "coordinates": [[[-51.236481, -29.899799], [-51.236482, -29.899822], [-51.236517, -29.899821], [-51.236516, -29.899797], [-51.236481, -29.899799]]]}, "properties": {}},
{"type": "Feature", "geometry": {"type": "Polygon", "coordinates": [[[-51.229666, -29.899942], [-51.229663, -29.899871], [-51.229578, -29.899873], [-51.229577, -29.899846], [-51.229526, -29.899848], [-51.229527, -29.899875], [-51.229513, -29.899875], [-51.229515, -29.899946], [-51.229666, -29.899942]]]}, "properties": {}},
{"type": "Feature", "geometry": {"type": "Polygon", "coordinates": [[[-51.229352, -29.902033], [-51.229342, -29.901906], [-51.229286, -29.90191], [-51.229296, -29.902036], [-51.229352, -29.902033]]]}, "properties": {}},
{"type": "Feature", "geometry": {"type": "Polygon", "coordinates": [[[-51.229384, -29.904234], [-51.229379, -29.90417], [-51.229351, -29.904172], [-51.229356, -29.904235], [-51.229384, -29.904234]]]}, "properties": {}},
{"type": "Feature", "geometry": {"type": "Polygon", "coordinates": [[[-51.233944, -29.901361], [-51.233947, -29.901388], [-51.234029, -29.901381], [-51.234026, -29.901354], [-51.233944, -29.901361]]]}, "properties": {}},
{"type": "Feature", "geometry": {"type": "Polygon", "coordinates": [[[-51.23194, -29.904052], [-51.231944, -29.904106], [-51.232009, -29.904103], [-51.232004, -29.904049], [-51.23194, -29.904052]]]}, "properties": {}},
{"type": "Feature", "geometry": {"type": "Polygon", "coordinates": [[[-51.238045, -29.901238], [-51.238051, -29.901315], [-51.23808, -29.901314], [-51.238078, -29.901295], [-51.238091, -29.901295], [-51.238092, -29.9013], [-51.238103, -29.901299], [-51.238103, -29.90129], [-51.238107, -29.90129], [-51.238103, -29.901235], [-51.238045, -29.901238]]]}, "properties": {}},
{"type": "Feature", "geometry": {"type": "Polygon", "coordinates": [[[-51.234421, -29.901882], [-51.234485, -29.901879], [-51.234481, -29.901832], [-51.234421, -29.901835], [-51.23442, -29.901828], [-51.234365, -29.901831], [-51.234368, -29.901878], [-51.23437, -29.901914], [-51.234423, -29.901912], [-51.234421, -29.901882]]]}, "properties": {}},
{"type": "Feature", "geometry": {"type": "Polygon", "coordinates": [[[-51.236682, -29.900847], [-51.23668, -29.900832], [-51.236657, -29.900834], [-51.236659, -29.900847], [-51.23665, -29.900848], [-51.236659, -29.900909], [-51.236699, -29.900905], [-51.23669, -29.900847], [-51.236682, -29.900847]]]}, "properties": {}},
{"type": "Feature", "geometry": {"type": "Polygon", "coordinates": [[[-51.233846, -29.901983], [-51.233844, -29.901973], [-51.233812, -29.901977], [-51.233816, -29.902005], [-51.233841, -29.902002], [-51.233844, -29.902024], [-51.233899, -29.902018], [-51.233893, -29.901977], [-51.233887, -29.901978], [-51.233846, -29.901983]]]}, "properties": {}},
{"type": "Feature", "geometry": {"type": "Polygon", "coordinates": [[[-51.230988, -29.904145], [-51.230945, -29.904147], [-51.230947, -29.904179], [-51.230894, -29.904182], [-51.230898, -29.904235], [-51.230922, -29.904234], [-51.230923, -29.904246], [-51.231033, -29.904241], [-51.231029, -29.904162], [-51.230989, -29.904163], [-51.230988, -29.904145]]]}, "properties": {}},
{"type": "Feature", "geometry": {"type": "Polygon", "coordinates": [[[-51.237736, -29.902158], [-51.237744, -29.902246], [-51.237787, -29.902243], [-51.237789, -29.902261], [-51.237849, -29.902257], [-51.237839, -29.90215], [-51.237736, -29.902158]]]}, "properties": {}},
{"type": "Feature", "geometry": {"type": "Polygon", "coordinates": [[[-51.235306, -29.900352], [-51.235313, -29.900406], [-51.235375, -29.9004], [-51.235367, -29.900346], [-51.235306, -29.900352]]]}, "properties": {}},
{"type": "Feature", "geometry": {"type": "Polygon", "coordinates": [[[-51.23641, -29.903425], [-51.236418, -29.903523], [-51.2365, -29.903519], [-51.236493, -29.903421], [-51.23641, -29.903425]]]}, "properties": {}},
{"type": "Feature", "geometry": {"type": "Polygon", "coordinates": [[[-51.231262, -29.903346], [-51.2314, -29.903339], [-51.231395, -29.903271], [-51.231258, -29.903279], [-51.231262, -29.903346]]]}, "properties": {}},
{"type": "Feature", "geometry": {"type": "Polygon", "coordinates": [[[-51.238789, -29.904014], [-51.238834, -29.904011], [-51.238832, -29.903982], [-51.238786, -29.903985], [-51.238789, -29.904014]]]}, "properties": {}},
{"type": "Feature", "geometry": {"type": "Polygon", "coordinates": [[[-51.230535, -29.90144], [-51.230538, -29.901512], [-51.230564, -29.901511], [-51.23056, -29.901439], [-51.230535, -29.90144]]]}, "properties": {}},
{"type": "Feature", "geometry": {"type": "Polygon", "coordinates": [[[-51.234177, -29.900966], [-51.234173, -29.900966], [-51.234173, -29.900988], [-51.2342, -29.900987], [-51.234202, -29.901039], [-51.234252, -29.901037], [-51.23425, -29.900964], [-51.234177, -29.900966]]]}, "properties": {}},
{"type": "Feature", "geometry": {"type": "Polygon", "coordinates": [[[-51.236866, -29.900889], [-51.23683, -29.900893], [-51.236834, -29.900919], [-51.236869, -29.900916], [-51.236866, -29.900889]]]}, "properties": {}},
{"type": "Feature", "geometry": {"type": "Polygon", "coordinates": [[[-51.234427, -29.901062], [-51.234425, -29.901034], [-51.234384, -29.901037], [-51.234383, -29.901033], [-51.234345, -29.901035], [-51.234346, -29.901055], [-51.234325, -29.901056], [-51.234323, -29.901036], [-51.234287, -29.901039], [-51.234293, -29.90112], [-51.234392, -29.901115], [-51.23439, -29.901092], [-51.234429, -29.90109], [-51.234427, -29.901062]]]}, "properties": {}},
{"type": "Feature", "geometry": {"type": "Polygon", "coordinates": [[[-51.23313, -29.903194], [-51.233137, -29.903283], [-51.233308, -29.903273], [-51.233301, -29.903183], [-51.23313, -29.903194]]]}, "properties": {}},
{"type": "Feature", "geometry": {"type": "Polygon", "coordinates": [[[-51.232686, -29.90274], [-51.232688, -29.902778], [-51.232766, -29.902774], [-51.232763, -29.902736], [-51.232686, -29.90274]]]}, "properties": {}},
{"type": "Feature", "geometry": {"type": "Polygon", "coordinates": [[[-51.236199, -29.901072], [-51.236188, -29.901073], [-51.236195, -29.901124], [-51.236207, -29.901123], [-51.236211, -29.901158], [-51.236261, -29.901153], [-51.236246, -29.901038], [-51.236195, -29.901045], [-51.236199, -29.901072]]]}, "properties": {}},
{"type": "Feature", "geometry": {"type": "Polygon", "coordinates": [[[-51.235972, -29.902206], [-51.235974, -29.902244], [-51.236003, -29.902242], [-51.236006, -29.902281], [-51.236046, -29.902279], [-51.236043, -29.902237], [-51.236041, -29.90219], [-51.235971, -29.902193], [-51.235972, -29.902206]]]}, "properties": {}},
{"type": "Feature", "geometry": {"type": "Polygon", "coordinates": [[[-51.235961, -29.901999], [-51.235965, -29.902076], [-51.236049, -29.902072], [-51.236048, -29.902055], [-51.236016, -29.902056], [-51.236013, -29.901997], [-51.235961, -29.901999]]]}, "properties": {}},
{"type": "Feature", "geometry": {"type": "Polygon", "coordinates": [[[-51.232483, -29.902487], [-51.232479, -29.902424], [-51.232437, -29.902426], [-51.232437, -29.902431], [-51.232335, -29.902437], [-51.23234, -29.902495], [-51.232483, -29.902487]]]}, "properties": {}},
{"type": "Feature", "geometry": {"type": "Polygon", "coordinates": [[[-51.233526, -29.899878], [-51.233521, -29.899808], [-51.233452, -29.899813], [-51.233452, -29.899821], [-51.23337, -29.899826], [-51.233375, -29.899887], [-51.233526, -29.899878]]]}, "properties": {}},
{"type": "Feature", "geometry": {"type": "Polygon", "coordinates": [[[-51.230623, -29.901878], [-51.23067, -29.901877], [-51.230668, -29.901821], [-51.230621, -29.901823], [-51.230623, -29.901878]]]}, "properties": {}},
{"type": "Feature", "geometry": {"type": "Polygon", "coordinates": [[[-51.239186, -29.902161], [-51.239179, -29.902114], [-51.239154, -29.902117], [-51.239161, -29.902164], [-51.239186, -29.902161]]]}, "properties": {}},
{"type": "Feature", "geometry": {"type": "Polygon", "coordinates": [[[-51.23041, -29.899852], [-51.230413, -29.899934], [-51.230534, -29.899925], [-51.230549, -29.899923], [-51.230541, -29.899843], [-51.230534, -29.899843], [-51.23041, -29.899852]]]}, "properties": {}},
{"type": "Feature", "geometry": {"type": "Polygon", "coordinates": [[[-51.233222, -29.902329], [-51.233229, -29.902424], [-51.233329, -29.902419], [-51.233322, -29.902325], [-51.233222, -29.902329]]]}, "properties": {}},
{"type": "Feature", "geometry": {"type": "Polygon", "coordinates": [[[-51.231203, -29.90288], [-51.231211, -29.902991], [-51.231345, -29.902983], [-51.231337, -29.902873], [-51.231203, -29.90288]]]}, "properties": {}},
{"type": "Feature", "geometry": {"type": "Polygon", "coordinates": [[[-51.234319, -29.902183], [-51.234262, -29.902187], [-51.234264, -29.902216], [-51.234311, -29.902213], [-51.234321, -29.902213], [-51.234319, -29.902183]]]}, "properties": {}},
{"type": "Feature", "geometry": {"type": "Polygon", "coordinates": [[[-51.235579, -29.899387], [-51.235593, -29.899479], [-51.235635, -29.899474], [-51.235621, -29.899382], [-51.235579, -29.899387]]]}, "properties": {}},
{"type": "Feature", "geometry": {"type": "Polygon", "coordinates": [[[-51.238258, -29.90051], [-51.238271, -29.900596], [-51.238313, -29.900591], [-51.238301, -29.900506], [-51.238258, -29.90051]]]}, "properties": {}},
{"type": "Feature", "geometry": {"type": "Polygon", "coordinates": [[[-51.230811, -29.90454], [-51.230809, -29.904493], [-51.230711, -29.904497], [-51.230714, -29.904545], [-51.230811, -29.90454]]]}, "properties": {}},
{"type": "Feature", "geometry": {"type": "Polygon", "coordinates": [[[-51.237955, -29.902862], [-51.237956, -29.902872], [-51.237956, -29.90288], [-51.238034, -29.902876], [-51.238033, -29.902868], [-51.238013, -29.902869], [-51.238009, -29.902828], [-51.23803, -29.902827], [-51.238027, -29.902781], [-51.238006, -29.902782], [-51.237949, -29.902785], [-51.237955, -29.902862]]]}, "properties": {}},
{"type": "Feature", "geometry": {"type": "Polygon", "coordinates": [[[-51.230263, -29.901607], [-51.230257, -29.901515], [-51.230226, -29.901517], [-51.230233, -29.901608], [-51.230263, -29.901607]]]}, "properties": {}},
{"type": "Feature", "geometry": {"type": "Polygon", "coordinates": [[[-51.235054, -29.904262], [-51.235052, -29.904252], [-51.23498, -29.904266], [-51.234995, -29.904325], [-51.235072, -29.90431], [-51.235078, -29.904335], [-51.235122, -29.904327], [-51.235117, -29.904307], [-51.235131, -29.904304], [-51.235118, -29.90425], [-51.235054, -29.904262]]]}, "properties": {}},
{"type": "Feature", "geometry": {"type": "Polygon", "coordinates": [[[-51.233593, -29.899923], [-51.233552, -29.899927], [-51.233558, -29.899973], [-51.233573, -29.899974], [-51.2336, -29.899971], [-51.233593, -29.899923]]]}, "properties": {}},
{"type": "Feature", "geometry": {"type": "Polygon", "coordinates": [[[-51.234626, -29.899357], [-51.234602, -29.899359], [-51.234606, -29.899388], [-51.23456, -29.899392], [-51.234563, -29.899414], [-51.234653, -29.899407], [-51.234644, -29.899327], [-51.234623, -29.899329], [-51.234626, -29.899357]]]}, "properties": {}},
{"type": "Feature", "geometry": {"type": "Polygon", "coordinates": [[[-51.238827, -29.903925], [-51.238825, -29.903906], [-51.238835, -29.903905], [-51.238833, -29.903891], [-51.238779, -29.903895], [-51.238781, -29.903928], [-51.238827, -29.903925]]]}, "properties": {}},
{"type": "Feature", "geometry": {"type": "Polygon", "coordinates": [[[-51.237042, -29.902815], [-51.237047, -29.902878], [-51.237109, -29.902874], [-51.237105, -29.902811], [-51.237042, -29.902815]]]}, "properties": {}},
{"type": "Feature", "geometry": {"type": "Polygon", "coordinates": [[[-51.235417, -29.899771], [-51.235425, -29.899847], [-51.235478, -29.899843], [-51.235471, -29.899767], [-51.235417, -29.899771]]]}, "properties": {}},
{"type": "Feature", "geometry": {"type": "Polygon", "coordinates": [[[-51.232832, -29.904585], [-51.232836, -29.904627], [-51.232864, -29.904626], [-51.232861, -29.904583], [-51.232832, -29.904585]]]}, "properties": {}},
{"type": "Feature", "geometry": {"type": "Polygon", "coordinates": [[[-51.235746, -29.904503], [-51.235741, -29.904476], [-51.235739, -29.904465], [-51.235713, -29.90447], [-51.235721, -29.904505], [-51.235746, -29.904503]]]}, "properties": {}},
{"type": "Feature", "geometry": {"type": "Polygon", "coordinates": [[[-51.2375, -29.899542], [-51.237499, -29.899508], [-51.237465, -29.899509], [-51.237467, -29.899543], [-51.2375, -29.899542]]]}, "properties": {}},
{"type": "Feature", "geometry": {"type": "Polygon", "coordinates": [[[-51.231178, -29.900074], [-51.231174, -29.900026], [-51.231115, -29.900029], [-51.231115, -29.900034], [-51.2311, -29.900035], [-51.231103, -29.900079], [-51.231178, -29.900074]]]}, "properties": {}},
{"type": "Feature", "geometry": {"type": "Polygon", "coordinates": [[[-51.233836, -29.90103], [-51.233839, -29.901055], [-51.233913, -29.901047], [-51.23391, -29.901022], [-51.233836, -29.90103]]]}, "properties": {}},
{"type": "Feature", "geometry": {"type": "Polygon", "coordinates": [[[-51.235712, -29.902614], [-51.235715, -29.90267], [-51.235719, -29.902722], [-51.235823, -29.902717], [-51.235817, -29.902607], [-51.235712, -29.902612], [-51.235712, -29.902614]]]}, "properties": {}},
{"type": "Feature", "geometry": {"type": "Polygon", "coordinates": [[[-51.236568, -29.901912], [-51.236574, -29.902003], [-51.236593, -29.902002], [-51.236591, -29.901976], [-51.236666, -29.901972], [-51.236661, -29.901908], [-51.236568, -29.901912]]]}, "properties": {}},
{"type": "Feature", "geometry": {"type": "Polygon", "coordinates": [[[-51.233254, -29.901345], [-51.233171, -29.901348], [-51.233174, -29.901403], [-51.233257, -29.901399], [-51.233254, -29.901345]]]}, "properties": {}},
{"type": "Feature", "geometry": {"type": "Polygon", "coordinates": [[[-51.230408, -29.899823], [-51.230409, -29.899835], [-51.230455, -29.899833], [-51.23045, -29.899769], [-51.230419, -29.89977], [-51.230422, -29.899822], [-51.230408, -29.899823]]]}, "properties": {}},
{"type": "Feature", "geometry": {"type": "Polygon", "coordinates": [[[-51.236952, -29.902822], [-51.236936, -29.902822], [-51.236935, -29.902823], [-51.236945, -29.902935], [-51.236983, -29.902933], [-51.236976, -29.902857], [-51.236959, -29.902859], [-51.236955, -29.902821], [-51.236952, -29.902822]]]}, "properties": {}},
{"type": "Feature", "geometry": {"type": "Polygon", "coordinates": [[[-51.235006, -29.899593], [-51.235003, -29.899573], [-51.234951, -29.89958], [-51.234954, -29.899599], [-51.235006, -29.899593]]]}, "properties": {}},
{"type": "Feature", "geometry": {"type": "Polygon", "coordinates": [[[-51.23884, -29.900513], [-51.238819, -29.900516], [-51.238815, -29.900497], [-51.238781, -29.900502], [-51.238785, -29.900522], [-51.23877, -29.900524], [-51.238775, -29.900547], [-51.238845, -29.900536], [-51.23884, -29.900513]]]}, "properties": {}},
{"type": "Feature", "geometry": {"type": "Polygon", "coordinates": [[[-51.238594, -29.903239], [-51.23856, -29.903241], [-51.238566, -29.903317], [-51.238585, -29.903316], [-51.238583, -29.903284], [-51.238597, -29.903283], [-51.238594, -29.903239]]]}, "properties": {}},
{"type": "Feature", "geometry": {"type": "Polygon", "coordinates": [[[-51.236054, -29.903983], [-51.236094, -29.903981], [-51.236092, -29.903959], [-51.236034, -29.903962], [-51.236007, -29.903963], [-51.236009, -29.903986], [-51.236054, -29.903983]]]}, "properties": {}},
{"type": "Feature", "geometry": {"type": "Polygon", "coordinates": [[[-51.237714, -29.90188], [-51.237721, -29.901984], [-51.237838, -29.901979], [-51.237835, -29.901962], [-51.237835, -29.901961], [-51.237834, -29.901941], [-51.237825, -29.901941], [-51.237821, -29.901875], [-51.237714, -29.90188]]]}, "properties": {}},
{"type": "Feature", "geometry": {"type": "Polygon", "coordinates": [[[-51.238908, -29.90086], [-51.238897, -29.900807], [-51.23887, -29.900812], [-51.238881, -29.900864], [-51.238908, -29.90086]]]}, "properties": {}},
{"type": "Feature", "geometry": {"type": "Polygon", "coordinates": [[[-51.237009, -29.903834], [-51.236987, -29.903835], [-51.236993, -29.903903], [-51.237015, -29.903901], [-51.237044, -29.903899], [-51.237043, -29.903883], [-51.237121, -29.903877], [-51.237117, -29.903827], [-51.237009, -29.903834]]]}, "properties": {}},
{"type": "Feature", "geometry": {"type": "Polygon", "coordinates": [[[-51.235115, -29.902985], [-51.235111, -29.902929], [-51.23511, -29.902916], [-51.235068, -29.902919], [-51.235073, -29.90301], [-51.235116, -29.903008], [-51.235115, -29.902985]]]}, "properties": {}},
{"type": "Feature", "geometry": {"type": "Polygon", "coordinates": [[[-51.238641, -29.902545], [-51.238723, -29.90254], [-51.23872, -29.902499], [-51.238702, -29.9025], [-51.238638, -29.902504], [-51.238641, -29.902545]]]}, "properties": {}},
{"type": "Feature", "geometry": {"type": "Polygon", "coordinates": [[[-51.229276, -29.904312], [-51.229268, -29.904203], [-51.229235, -29.904205], [-51.229235, -29.90421], [-51.229236, -29.904227], [-51.229238, -29.904242], [-51.229239, -29.904257], [-51.229239, -29.904265], [-51.22924, -29.904272], [-51.22924, -29.904278], [-51.229241, -29.904283], [-51.229243, -29.904309], [-51.229243, -29.904314], [-51.229276, -29.904312]]]}, "properties": {}},
{"type": "Feature", "geometry": {"type": "Polygon", "coordinates": [[[-51.235109, -29.904726], [-51.235109, -29.904705], [-51.235094, -29.904705], [-51.235094, -29.904666], [-51.235052, -29.904666], [-51.235052, -29.904726], [-51.235109, -29.904726]]]}, "properties": {}},
{"type": "Feature", "geometry": {"type": "Polygon", "coordinates": [[[-51.230606, -29.899825], [-51.230604, -29.899792], [-51.230644, -29.89979], [-51.230641, -29.899737], [-51.230525, -29.899743], [-51.230531, -29.899829], [-51.230606, -29.899825]]]}, "properties": {}},
{"type": "Feature", "geometry": {"type": "Polygon", "coordinates": [[[-51.235154, -29.904431], [-51.235143, -29.90433], [-51.235115, -29.904334], [-51.235071, -29.904341], [-51.235077, -29.904389], [-51.235082, -29.904437], [-51.235154, -29.904431]]]}, "properties": {}},
{"type": "Feature", "geometry": {"type": "Polygon", "coordinates": [[[-51.236908, -29.902056], [-51.236912, -29.902109], [-51.236992, -29.902104], [-51.236988, -29.902051], [-51.236908, -29.902056]]]}, "properties": {}},
{"type": "Feature", "geometry": {"type": "Polygon", "coordinates": [[[-51.235101, -29.899364], [-51.235094, -29.899364], [-51.235099, -29.89941], [-51.235101, -29.89942], [-51.235159, -29.899417], [-51.235155, -29.89936], [-51.235101, -29.899364]]]}, "properties": {}},
{"type": "Feature", "geometry": {"type": "Polygon", "coordinates": [[[-51.235203, -29.904433], [-51.235231, -29.90443], [-51.235225, -29.904391], [-51.235197, -29.904395], [-51.235203, -29.904433]]]}, "properties": {}},
{"type": "Feature", "geometry": {"type": "Polygon", "coordinates": [[[-51.233599, -29.901986], [-51.233635, -29.901983], [-51.233642, -29.902051], [-51.233696, -29.902045], [-51.233686, -29.901949], [-51.233597, -29.901962], [-51.233599, -29.901986]]]}, "properties": {}},
{"type": "Feature", "geometry": {"type": "Polygon", "coordinates": [[[-51.23763, -29.900806], [-51.237599, -29.900808], [-51.237603, -29.900853], [-51.237633, -29.900851], [-51.23763, -29.900806]]]}, "properties": {}},
{"type": "Feature", "geometry": {"type": "Polygon", "coordinates": [[[-51.232937, -29.902383], [-51.232939, -29.90241], [-51.23295, -29.902409], [-51.232952, -29.902449], [-51.232917, -29.902451], [-51.232921, -29.902507], [-51.233024, -29.902502], [-51.23302, -29.902452], [-51.233018, -29.902453], [-51.233015, -29.902453], [-51.233014, -29.902437], [-51.233025, -29.902436], [-51.233022, -29.90238], [-51.232937, -29.902383]]]}, "properties": {}},
{"type": "Feature", "geometry": {"type": "Polygon", "coordinates": [[[-51.23157, -29.901927], [-51.231572, -29.901949], [-51.231651, -29.901946], [-51.231649, -29.901923], [-51.23157, -29.901927]]]}, "properties": {}},
{"type": "Feature", "geometry": {"type": "Polygon", "coordinates": [[[-51.237373, -29.90369], [-51.237378, -29.903768], [-51.237399, -29.903767], [-51.23751, -29.903762], [-51.237497, -29.903653], [-51.237463, -29.903654], [-51.237444, -29.903655], [-51.237446, -29.903686], [-51.237394, -29.903689], [-51.237373, -29.90369]]]}, "properties": {}},
{"type": "Feature", "geometry": {"type": "Polygon", "coordinates": [[[-51.238364, -29.900697], [-51.238374, -29.900764], [-51.238378, -29.900764], [-51.238384, -29.900763], [-51.23839, -29.900763], [-51.238393, -29.900762], [-51.238396, -29.900762], [-51.238386, -29.900695], [-51.238364, -29.900697]]]}, "properties": {}},
{"type": "Feature", "geometry": {"type": "Polygon", "coordinates": [[[-51.237797, -29.899859], [-51.237803, -29.899933], [-51.237899, -29.899927], [-51.237893, -29.899853], [-51.237797, -29.899859]]]}, "properties": {}},
{"type": "Feature", "geometry": {"type": "Polygon", "coordinates": [[[-51.235732, -29.900884], [-51.235738, -29.900884], [-51.235738, -29.900885], [-51.235783, -29.900881], [-51.23578, -29.900855], [-51.235728, -29.90086], [-51.235732, -29.900884]]]}, "properties": {}},
{"type": "Feature", "geometry": {"type": "Polygon", "coordinates": [[[-51.233332, -29.904333], [-51.233291, -29.904335], [-51.233287, -29.904294], [-51.233122, -29.904303], [-51.233127, -29.90437], [-51.233334, -29.904358], [-51.233332, -29.904333]]]}, "properties": {}},
{"type": "Feature", "geometry": {"type": "Polygon", "coordinates": [[[-51.234043, -29.900603], [-51.234007, -29.900606], [-51.234014, -29.900675], [-51.234051, -29.900673], [-51.234043, -29.900603]]]}, "properties": {}},
{"type": "Feature", "geometry": {"type": "Polygon", "coordinates": [[[-51.232011, -29.902189], [-51.231967, -29.902192], [-51.231966, -29.902178], [-51.231942, -29.90218], [-51.231948, -29.902254], [-51.232015, -29.90225], [-51.232011, -29.902189]]]}, "properties": {}},
{"type": "Feature", "geometry": {"type": "Polygon", "coordinates": [[[-51.238983, -29.901598], [-51.238979, -29.901574], [-51.238894, -29.901585], [-51.238898, -29.901609], [-51.238983, -29.901598]]]}, "properties": {}},
{"type": "Feature", "geometry": {"type": "Polygon", "coordinates": [[[-51.233461, -29.900718], [-51.233412, -29.900722], [-51.233415, -29.900745], [-51.233464, -29.900741], [-51.233461, -29.900718]]]}, "properties": {}},
{"type": "Feature", "geometry": {"type": "Polygon", "coordinates": [[[-51.231639, -29.904142], [-51.231612, -29.904144], [-51.231618, -29.904217], [-51.231645, -29.904215], [-51.231639, -29.904142]]]}, "properties": {}},
{"type": "Feature", "geometry": {"type": "Polygon", "coordinates": [[[-51.23358, -29.900095], [-51.233496, -29.900098], [-51.233498, -29.900146], [-51.233582, -29.900144], [-51.23358, -29.900095]]]}, "properties": {}},
{"type": "Feature", "geometry": {"type": "Polygon", "coordinates": [[[-51.235748, -29.90027], [-51.235755, -29.900341], [-51.235788, -29.900339], [-51.235782, -29.900268], [-51.235748, -29.90027]]]}, "properties": {}},
{"type": "Feature", "geometry": {"type": "Polygon", "coordinates": [[[-51.234713, -29.899495], [-51.234705, -29.899402], [-51.234673, -29.899405], [-51.23468, -29.899497], [-51.234713, -29.899495]]]}, "properties": {}},
{"type": "Feature", "geometry": {"type": "Polygon", "coordinates": [[[-51.231221, -29.899469], [-51.231275, -29.899468], [-51.231274, -29.899398], [-51.23122, -29.899398], [-51.231221, -29.899469]]]}, "properties": {}},
{"type": "Feature", "geometry": {"type": "Polygon", "coordinates": [[[-51.231904, -29.903349], [-51.231808, -29.903354], [-51.231806, -29.903328], [-51.231761, -29.903331], [-51.231766, -29.90341], [-51.231908, -29.903403], [-51.231904, -29.903349]]]}, "properties": {}},
{"type": "Feature", "geometry": {"type": "Polygon", "coordinates": [[[-51.236413, -29.900866], [-51.236422, -29.900912], [-51.236487, -29.900903], [-51.236478, -29.900857], [-51.236413, -29.900866]]]}, "properties": {}},
{"type": "Feature", "geometry": {"type": "Polygon", "coordinates": [[[-51.232873, -29.90005], [-51.232895, -29.900049], [-51.232904, -29.900041], [-51.232904, -29.900027], [-51.232872, -29.900026], [-51.232873, -29.90005]]]}, "properties": {}},
{"type": "Feature", "geometry": {"type": "Polygon", "coordinates": [[[-51.237873, -29.904449], [-51.237904, -29.904447], [-51.237902, -29.90442], [-51.2379, -29.904394], [-51.237899, -29.904377], [-51.237896, -29.904341], [-51.237896, -29.904335], [-51.237824, -29.90434], [-51.237825, -29.904353], [-51.237831, -29.904416], [-51.237836, -29.904416], [-51.237839, -29.904451], [-51.237873, -29.904449]]]}, "properties": {}},
{"type": "Feature", "geometry": {"type": "Polygon", "coordinates": [[[-51.235696, -29.899911], [-51.235698, -29.89993], [-51.235813, -29.899924], [-51.235812, -29.899905], [-51.235696, -29.899911]]]}, "properties": {}},
{"type": "Feature", "geometry": {"type": "Polygon", "coordinates": [[[-51.231229, -29.903622], [-51.231235, -29.90371], [-51.231376, -29.903703], [-51.23137, -29.903615], [-51.231229, -29.903622]]]}, "properties": {}},
{"type": "Feature", "geometry": {"type": "Polygon", "coordinates": [[[-51.236791, -29.899404], [-51.236766, -29.899405], [-51.236769, -29.899459], [-51.236831, -29.899457], [-51.236828, -29.899402], [-51.236791, -29.899404]]]}, "properties": {}},
{"type": "Feature", "geometry": {"type": "Polygon", "coordinates": [[[-51.237298, -29.902074], [-51.237299, -29.902085], [-51.237319, -29.902084], [-51.237315, -29.902039], [-51.237254, -29.902043], [-51.237258, -29.902077], [-51.237298, -29.902074]]]}, "properties": {}},
{"type": "Feature", "geometry": {"type": "Polygon", "coordinates": [[[-51.236272, -29.901581], [-51.236144, -29.901594], [-51.236151, -29.90165], [-51.236279, -29.901637], [-51.236272, -29.901581]]]}, "properties": {}},
{"type": "Feature", "geometry": {"type": "Polygon", "coordinates": [[[-51.239255, -29.904565], [-51.239182, -29.904569], [-51.239184, -29.904587], [-51.23916, -29.904588], [-51.239161, -29.904609], [-51.239252, -29.904603], [-51.239257, -29.904602], [-51.239255, -29.904565]]]}, "properties": {}},
{"type": "Feature", "geometry": {"type": "Polygon", "coordinates": [[[-51.229311, -29.903519], [-51.229306, -29.903452], [-51.229267, -29.903454], [-51.229271, -29.903521], [-51.229311, -29.903519]]]}, "properties": {}},
{"type": "Feature", "geometry": {"type": "Polygon", "coordinates": [[[-51.234676, -29.899997], [-51.234675, -29.899979], [-51.234688, -29.899979], [-51.234691, -29.89996], [-51.23462, -29.899961], [-51.234621, -29.899998], [-51.234676, -29.899997]]]}, "properties": {}},
{"type": "Feature", "geometry": {"type": "Polygon", "coordinates": [[[-51.229221, -29.899985], [-51.229224, -29.900033], [-51.229339, -29.900028], [-51.229336, -29.899979], [-51.229221, -29.899985]]]}, "properties": {}},
{"type": "Feature", "geometry": {"type": "Polygon", "coordinates": [[[-51.235212, -29.90393], [-51.235133, -29.903942], [-51.235134, -29.903949], [-51.23514, -29.903974], [-51.23515, -29.904022], [-51.235179, -29.904017], [-51.235184, -29.904042], [-51.235233, -29.904033], [-51.235228, -29.904009], [-51.235212, -29.90393]]]}, "properties": {}},
{"type": "Feature", "geometry": {"type": "Polygon", "coordinates": [[[-51.229721, -29.904533], [-51.229652, -29.904538], [-51.229675, -29.9048], [-51.229731, -29.904797], [-51.229778, -29.904794], [-51.229778, -29.904788], [-51.229774, -29.904746], [-51.229771, -29.90471], [-51.229767, -29.904667], [-51.229764, -29.904629], [-51.229764, -29.904626], [-51.229762, -29.904605], [-51.229759, -29.90458], [-51.229756, -29.904545], [-51.229755, -29.904531], [-51.229721, -29.904533]]]}, "properties": {}},
{"type": "Feature", "geometry": {"type": "Polygon", "coordinates": [[[-51.236798, -29.903821], [-51.236836, -29.903818], [-51.236835, -29.903806], [-51.236885, -29.903803], [-51.236878, -29.903722], [-51.23679, -29.903728], [-51.236798, -29.903821]]]}, "properties": {}},
{"type": "Feature", "geometry": {"type": "Polygon", "coordinates": [[[-51.237945, -29.902725], [-51.237949, -29.902785], [-51.238006, -29.902782], [-51.238001, -29.902722], [-51.237945, -29.902725]]]}, "properties": {}},
{"type": "Feature", "geometry": {"type": "Polygon", "coordinates": [[[-51.237628, -29.903977], [-51.237636, -29.904065], [-51.237709, -29.90406], [-51.237701, -29.903972], [-51.237628, -29.903977]]]}, "properties": {}},
{"type": "Feature", "geometry": {"type": "Polygon", "coordinates": [[[-51.236748, -29.904648], [-51.236754, -29.904707], [-51.236764, -29.904706], [-51.236766, -29.90473], [-51.236811, -29.904726], [-51.236809, -29.904703], [-51.236845, -29.9047], [-51.236838, -29.904641], [-51.236748, -29.904648]]]}, "properties": {}},
{"type": "Feature", "geometry": {"type": "Polygon", "coordinates": [[[-51.236334, -29.902868], [-51.236326, -29.902767], [-51.236346, -29.902766], [-51.236344, -29.902746], [-51.236316, -29.902747], [-51.236254, -29.902751], [-51.23622, -29.902754], [-51.236223, -29.902795], [-51.236241, -29.902794], [-51.236249, -29.902892], [-51.236302, -29.902889], [-51.236301, -29.90287], [-51.236334, -29.902868]]]}, "properties": {}},
{"type": "Feature", "geometry": {"type": "Polygon", "coordinates": [[[-51.231609, -29.900061], [-51.231553, -29.900064], [-51.231558, -29.900121], [-51.231614, -29.900118], [-51.231609, -29.900061]]]}, "properties": {}},
{"type": "Feature", "geometry": {"type": "Polygon", "coordinates": [[[-51.237702, -29.90153], [-51.237704, -29.901554], [-51.237742, -29.901552], [-51.23774, -29.901528], [-51.237702, -29.90153]]]}, "properties": {}},
{"type": "Feature", "geometry": {"type": "Polygon", "coordinates": [[[-51.233179, -29.903076], [-51.233177, -29.903056], [-51.233158, -29.903057], [-51.233155, -29.903028], [-51.233048, -29.903035], [-51.233052, -29.903084], [-51.233179, -29.903076]]]}, "properties": {}},
{"type": "Feature", "geometry": {"type": "Polygon", "coordinates": [[[-51.234743, -29.9011], [-51.234745, -29.901127], [-51.234802, -29.901123], [-51.234799, -29.901096], [-51.234743, -29.9011]]]}, "properties": {}},
{"type": "Feature", "geometry": {"type": "Polygon", "coordinates": [[[-51.23572, -29.900461], [-51.235742, -29.900459], [-51.235745, -29.900485], [-51.235817, -29.90048], [-51.235812, -29.900434], [-51.235718, -29.900441], [-51.23572, -29.900461]]]}, "properties": {}},
{"type": "Feature", "geometry": {"type": "Polygon", "coordinates": [[[-51.233191, -29.902858], [-51.233117, -29.902862], [-51.233119, -29.90289], [-51.233193, -29.902885], [-51.233191, -29.902858]]]}, "properties": {}},
{"type": "Feature", "geometry": {"type": "Polygon", "coordinates": [[[-51.229582, -29.904765], [-51.22952, -29.904769], [-51.229522, -29.904796], [-51.229584, -29.904792], [-51.229582, -29.904765]]]}, "properties": {}},
{"type": "Feature", "geometry": {"type": "Polygon", "coordinates": [[[-51.230703, -29.9047], [-51.230801, -29.904697], [-51.230832, -29.904695], [-51.23083, -29.904647], [-51.230799, -29.904648], [-51.2307, -29.904652], [-51.230703, -29.9047]]]}, "properties": {}},
{"type": "Feature", "geometry": {"type": "Polygon", "coordinates": [[[-51.236869, -29.900916], [-51.236873, -29.900943], [-51.236945, -29.900935], [-51.236941, -29.900908], [-51.236869, -29.900916]]]}, "properties": {}},
{"type": "Feature", "geometry": {"type": "Polygon", "coordinates": [[[-51.235717, -29.901], [-51.235726, -29.901028], [-51.235775, -29.901017], [-51.235767, -29.900989], [-51.235717, -29.901]]]}, "properties": {}},
{"type": "Feature", "geometry": {"type": "Polygon", "coordinates": [[[-51.237399, -29.904476], [-51.237407, -29.904589], [-51.237664, -29.904574], [-51.237654, -29.90446], [-51.237399, -29.904476]]]}, "properties": {}},
{"type": "Feature", "geometry": {"type": "Polygon", "coordinates": [[[-51.229978, -29.904597], [-51.229896, -29.904602], [-51.229879, -29.904603], [-51.229882, -29.904649], [-51.2299, -29.904648], [-51.229904, -29.904708], [-51.229986, -29.904703], [-51.229978, -29.904597]]]}, "properties": {}},
{"type": "Feature", "geometry": {"type": "Polygon", "coordinates": [[[-51.234058, -29.899568], [-51.234057, -29.899533], [-51.233993, -29.899533], [-51.233994, -29.899569], [-51.234058, -29.899568]]]}, "properties": {}},
{"type": "Feature", "geometry": {"type": "Polygon", "coordinates": [[[-51.238808, -29.903229], [-51.23885, -29.903226], [-51.238848, -29.903201], [-51.238805, -29.903204], [-51.238808, -29.903229]]]}, "properties": {}},
{"type": "Feature", "geometry": {"type": "Polygon", "coordinates": [[[-51.233142, -29.901095], [-51.233146, -29.90116], [-51.233239, -29.901156], [-51.233238, -29.901137], [-51.23325, -29.901136], [-51.233247, -29.901091], [-51.233142, -29.901095]]]}, "properties": {}},
{"type": "Feature", "geometry": {"type": "Polygon", "coordinates": [[[-51.231386, -29.900724], [-51.231461, -29.90072], [-51.231454, -29.900628], [-51.231379, -29.900633], [-51.231386, -29.900724]]]}, "properties": {}},
{"type": "Feature", "geometry": {"type": "Polygon", "coordinates": [[[-51.235249, -29.903917], [-51.235306, -29.903906], [-51.235299, -29.903879], [-51.235297, -29.90388], [-51.235269, -29.903885], [-51.235242, -29.90389], [-51.235249, -29.903917]]]}, "properties": {}},
{"type": "Feature", "geometry": {"type": "Polygon", "coordinates": [[[-51.234695, -29.902745], [-51.234696, -29.902747], [-51.234697, -29.902759], [-51.2347, -29.902779], [-51.2347, -29.902785], [-51.234794, -29.902779], [-51.23478, -29.902739], [-51.234695, -29.902744], [-51.234695, -29.902745]]]}, "properties": {"info": {"is_agg": true, "properties_agg": [{"feature_id": 178392}], "geom_cmp_equals": [false], "geom_cmp_intersec": [0]}}},
{"type": "Feature", "geometry": {"type": "Polygon", "coordinates": [[[-51.232007, -29.904481], [-51.23201, -29.904513], [-51.232105, -29.904507], [-51.232102, -29.904475], [-51.232007, -29.904481]]]}, "properties": {}},
{"type": "Feature", "geometry": {"type": "Polygon", "coordinates": [[[-51.230946, -29.900598], [-51.230952, -29.900689], [-51.230972, -29.900688], [-51.230966, -29.900597], [-51.230946, -29.900598]]]}, "properties": {}},
{"type": "Feature", "geometry": {"type": "Polygon", "coordinates": [[[-51.232734, -29.900824], [-51.232737, -29.900869], [-51.232788, -29.900866], [-51.232785, -29.900821], [-51.232734, -29.900824]]]}, "properties": {}},
{"type": "Feature", "geometry": {"type": "Polygon", "coordinates": [[[-51.238124, -29.903843], [-51.238127, -29.903892], [-51.238214, -29.903888], [-51.238211, -29.90384], [-51.238124, -29.903843]]]}, "properties": {}},
{"type": "Feature", "geometry": {"type": "Polygon", "coordinates": [[[-51.232464, -29.901461], [-51.232462, -29.901437], [-51.232382, -29.901442], [-51.232283, -29.901448], [-51.232289, -29.901524], [-51.232388, -29.901518], [-51.232384, -29.901466], [-51.232464, -29.901461]]]}, "properties": {}},
{"type": "Feature", "geometry": {"type": "Polygon", "coordinates": [[[-51.232864, -29.899617], [-51.232886, -29.89962], [-51.232907, -29.899505], [-51.23283, -29.899494], [-51.232798, -29.899664], [-51.232854, -29.899672], [-51.232864, -29.899617]]]}, "properties": {}},
{"type": "Feature", "geometry": {"type": "Polygon", "coordinates": [[[-51.234856, -29.901583], [-51.23486, -29.90163], [-51.234896, -29.901628], [-51.234891, -29.90158], [-51.234856, -29.901583]]]}, "properties": {}},
{"type": "Feature", "geometry": {"type": "Polygon", "coordinates": [[[-51.234668, -29.901631], [-51.234772, -29.901625], [-51.234765, -29.901525], [-51.234706, -29.901528], [-51.234708, -29.90156], [-51.234663, -29.901563], [-51.234668, -29.901631]]]}, "properties": {}},
{"type": "Feature", "geometry": {"type": "Polygon", "coordinates": [[[-51.233, -29.90284], [-51.233031, -29.902839], [-51.233024, -29.902745], [-51.232993, -29.902747], [-51.233, -29.90284]]]}, "properties": {}},
{"type": "Feature", "geometry": {"type": "Polygon", "coordinates": [[[-51.236328, -29.90372], [-51.236331, -29.903757], [-51.236416, -29.903751], [-51.236413, -29.903715], [-51.236328, -29.90372]]]}, "properties": {}},
{"type": "Feature", "geometry": {"type": "Polygon", "coordinates": [[[-51.238603, -29.899415], [-51.238522, -29.899426], [-51.23853, -29.899472], [-51.238612, -29.89946], [-51.238603, -29.899415]]]}, "properties": {}},
{"type": "Feature", "geometry": {"type": "Polygon", "coordinates": [[[-51.234194, -29.900535], [-51.234138, -29.90054], [-51.23414, -29.900563], [-51.234196, -29.900559], [-51.234194, -29.900535]]]}, "properties": {}},
{"type": "Feature", "geometry": {"type": "Polygon", "coordinates": [[[-51.236259, -29.902641], [-51.23626, -29.90266], [-51.236315, -29.902656], [-51.236319, -29.902702], [-51.236341, -29.902701], [-51.236336, -29.902637], [-51.236322, -29.902637], [-51.236259, -29.902641]]]}, "properties": {}},
{"type": "Feature", "geometry": {"type": "Polygon", "coordinates": [[[-51.23038, -29.901041], [-51.230384, -29.901086], [-51.230407, -29.901085], [-51.230402, -29.90104], [-51.23038, -29.901041]]]}, "properties": {}},
{"type": "Feature", "geometry": {"type": "Polygon", "coordinates": [[[-51.236203, -29.900476], [-51.236313, -29.900462], [-51.236311, -29.90045], [-51.236302, -29.900395], [-51.236204, -29.900407], [-51.236209, -29.900434], [-51.236196, -29.900436], [-51.236198, -29.90045], [-51.236203, -29.900476]]]}, "properties": {}},
{"type": "Feature", "geometry": {"type": "Polygon", "coordinates": [[[-51.23888, -29.903144], [-51.23902, -29.903136], [-51.239017, -29.903091], [-51.238876, -29.903099], [-51.23888, -29.903144]]]}, "properties": {}},
{"type": "Feature", "geometry": {"type": "Polygon", "coordinates": [[[-51.233084, -29.900892], [-51.233083, -29.900882], [-51.233113, -29.90088], [-51.23311, -29.900831], [-51.23304, -29.900835], [-51.233041, -29.900848], [-51.233009, -29.90085], [-51.233012, -29.900895], [-51.233084, -29.900892]]]}, "properties": {}},
{"type": "Feature", "geometry": {"type": "Polygon", "coordinates": [[[-51.23537, -29.901109], [-51.235376, -29.901173], [-51.235407, -29.90117], [-51.235401, -29.901107], [-51.23537, -29.901109]]]}, "properties": {}},
{"type": "Feature", "geometry": {"type": "Polygon", "coordinates": [[[-51.235048, -29.901081], [-51.235076, -29.901076], [-51.235071, -29.901056], [-51.235051, -29.901059], [-51.235048, -29.901048], [-51.235004, -29.901055], [-51.235009, -29.901079], [-51.234982, -29.901084], [-51.234996, -29.901207], [-51.235018, -29.901204], [-51.235021, -29.901211], [-51.235076, -29.901201], [-51.235048, -29.901081]]]}, "properties": {}},
{"type": "Feature", "geometry": {"type": "Polygon", "coordinates": [[[-51.235558, -29.899374], [-51.235487, -29.89938], [-51.235491, -29.899415], [-51.235563, -29.899409], [-51.235558, -29.899374]]]}, "properties": {}},
{"type": "Feature", "geometry": {"type": "Polygon", "coordinates": [[[-51.235397, -29.900533], [-51.235392, -29.900477], [-51.235305, -29.900482], [-51.235309, -29.900532], [-51.235338, -29.900531], [-51.235339, -29.900536], [-51.235397, -29.900533]]]}, "properties": {}},
{"type": "Feature", "geometry": {"type": "Polygon", "coordinates": [[[-51.233094, -29.900497], [-51.233094, -29.90061], [-51.233185, -29.90061], [-51.233185, -29.900604], [-51.233222, -29.900604], [-51.233222, -29.900558], [-51.233155, -29.900558], [-51.233154, -29.900526], [-51.233133, -29.900526], [-51.233132, -29.900497], [-51.233094, -29.900497]]]}, "properties": {}},
{"type": "Feature", "geometry": {"type": "Polygon", "coordinates": [[[-51.237943, -29.902177], [-51.237978, -29.902174], [-51.237975, -29.902142], [-51.237939, -29.902145], [-51.237943, -29.902177]]]}, "properties": {}},
{"type": "Feature", "geometry": {"type": "Polygon", "coordinates": [[[-51.229218, -29.900034], [-51.22922, -29.900063], [-51.229341, -29.900058], [-51.229339, -29.900028], [-51.229218, -29.900034]]]}, "properties": {}},
{"type": "Feature", "geometry": {"type": "Polygon", "coordinates": [[[-51.230748, -29.901776], [-51.230748, -29.901758], [-51.23081, -29.901756], [-51.23081, -29.901751], [-51.230826, -29.901751], [-51.230824, -29.901689], [-51.230669, -29.901693], [-51.230672, -29.901778], [-51.230748, -29.901776]]]}, "properties": {}},
{"type": "Feature", "geometry": {"type": "Polygon", "coordinates": [[[-51.238867, -29.90283], [-51.238865, -29.902811], [-51.23882, -29.902814], [-51.238822, -29.902834], [-51.238867, -29.90283]]]}, "properties": {}},
{"type": "Feature", "geometry": {"type": "Polygon", "coordinates": [[[-51.237022, -29.904015], [-51.237029, -29.904096], [-51.237047, -29.904095], [-51.237048, -29.904106], [-51.237061, -29.904105], [-51.237062, -29.904113], [-51.237151, -29.904108], [-51.237144, -29.904013], [-51.237093, -29.904016], [-51.237092, -29.90401], [-51.237022, -29.904015]]]}, "properties": {}},
{"type": "Feature", "geometry": {"type": "Polygon", "coordinates": [[[-51.23809, -29.900762], [-51.238067, -29.900766], [-51.238062, -29.900743], [-51.23803, -29.900748], [-51.238035, -29.900772], [-51.23804, -29.900795], [-51.238095, -29.900785], [-51.23809, -29.900762]]]}, "properties": {}},
{"type": "Feature", "geometry": {"type": "Polygon", "coordinates": [[[-51.236598, -29.901049], [-51.236594, -29.901005], [-51.236565, -29.901008], [-51.236569, -29.901051], [-51.236598, -29.901049]]]}, "properties": {}},
{"type": "Feature", "geometry": {"type": "Polygon", "coordinates": [[[-51.231555, -29.904359], [-51.231559, -29.904408], [-51.231621, -29.904404], [-51.231617, -29.904355], [-51.231555, -29.904359]]]}, "properties": {}},
{"type": "Feature", "geometry": {"type": "Polygon", "coordinates": [[[-51.235232, -29.903455], [-51.235235, -29.903491], [-51.235278, -29.903489], [-51.235276, -29.903453], [-51.235232, -29.903455]]]}, "properties": {}},
{"type": "Feature", "geometry": {"type": "Polygon", "coordinates": [[[-51.239065, -29.90362], [-51.239069, -29.90367], [-51.239162, -29.903664], [-51.239158, -29.903614], [-51.239065, -29.90362]]]}, "properties": {}},
{"type": "Feature", "geometry": {"type": "Polygon", "coordinates": [[[-51.238321, -29.904607], [-51.238413, -29.904601], [-51.238409, -29.90455], [-51.238394, -29.904551], [-51.238392, -29.904526], [-51.238407, -29.904525], [-51.238404, -29.904483], [-51.238399, -29.904419], [-51.238368, -29.90442], [-51.238337, -29.904422], [-51.238307, -29.904424], [-51.238309, -29.904452], [-51.238375, -29.904448], [-51.238378, -29.904489], [-51.238312, -29.904493], [-51.238313, -29.904511], [-51.238318, -29.904567], [-51.238319, -29.904582], [-51.23832, -29.904596], [-51.238321, -29.904607]]]}, "properties": {}},
{"type": "Feature", "geometry": {"type": "Polygon", "coordinates": [[[-51.233194, -29.90254], [-51.233191, -29.902468], [-51.233163, -29.902469], [-51.233166, -29.902541], [-51.233194, -29.90254]]]}, "properties": {}},
{"type": "Feature", "geometry": {"type": "Polygon", "coordinates": [[[-51.231553, -29.901675], [-51.231557, -29.901733], [-51.231558, -29.901751], [-51.2316, -29.901749], [-51.231598, -29.901731], [-51.231652, -29.901728], [-51.231648, -29.90167], [-51.231553, -29.901675]]]}, "properties": {}},
{"type": "Feature", "geometry": {"type": "Polygon", "coordinates": [[[-51.235394, -29.901687], [-51.235356, -29.901691], [-51.235357, -29.9017], [-51.235342, -29.901702], [-51.23535, -29.90176], [-51.235404, -29.901755], [-51.235397, -29.901687], [-51.235394, -29.901687]]]}, "properties": {}},
{"type": "Feature", "geometry": {"type": "Polygon", "coordinates": [[[-51.237771, -29.903828], [-51.237772, -29.903854], [-51.237798, -29.903853], [-51.237797, -29.903827], [-51.237771, -29.903828]]]}, "properties": {}},
{"type": "Feature", "geometry": {"type": "Polygon", "coordinates": [[[-51.238712, -29.903061], [-51.238714, -29.90308], [-51.238781, -29.903075], [-51.238779, -29.903057], [-51.238712, -29.903061]]]}, "properties": {}},
{"type": "Feature", "geometry": {"type": "Polygon", "coordinates": [[[-51.233811, -29.899547], [-51.233782, -29.899547], [-51.233785, -29.899588], [-51.233811, -29.899588], [-51.233811, -29.899547]]]}, "properties": {}},
{"type": "Feature", "geometry": {"type": "Polygon", "coordinates": [[[-51.236766, -29.903373], [-51.236684, -29.903378], [-51.23669, -29.903446], [-51.236772, -29.903441], [-51.236766, -29.903373]]]}, "properties": {}},
{"type": "Feature", "geometry": {"type": "Polygon", "coordinates": [[[-51.238174, -29.90057], [-51.238177, -29.900589], [-51.238157, -29.900592], [-51.23816, -29.900609], [-51.23818, -29.900606], [-51.238232, -29.900599], [-51.238226, -29.900563], [-51.238174, -29.90057]]]}, "properties": {}},
{"type": "Feature", "geometry": {"type": "Polygon", "coordinates": [[[-51.229655, -29.900388], [-51.229625, -29.90039], [-51.229611, -29.900238], [-51.229549, -29.900242], [-51.229567, -29.900439], [-51.229659, -29.900434], [-51.229655, -29.900388]]]}, "properties": {}},
{"type": "Feature", "geometry": {"type": "Polygon", "coordinates": [[[-51.233501, -29.901188], [-51.233504, -29.901221], [-51.233518, -29.90122], [-51.233505, -29.901106], [-51.233424, -29.901112], [-51.233432, -29.901194], [-51.233501, -29.901188]]]}, "properties": {}},
{"type": "Feature", "geometry": {"type": "Polygon", "coordinates": [[[-51.235019, -29.902283], [-51.235021, -29.902299], [-51.235069, -29.902296], [-51.235067, -29.90228], [-51.235019, -29.902283]]]}, "properties": {}},
{"type": "Feature", "geometry": {"type": "Polygon", "coordinates": [[[-51.23934, -29.90447], [-51.239297, -29.904472], [-51.239306, -29.904599], [-51.239349, -29.904596], [-51.23934, -29.90447]]]}, "properties": {}},
{"type": "Feature", "geometry": {"type": "Polygon", "coordinates": [[[-51.237412, -29.90158], [-51.237346, -29.901585], [-51.237352, -29.901662], [-51.237418, -29.901658], [-51.237412, -29.90158]]]}, "properties": {}},
{"type": "Feature", "geometry": {"type": "Polygon", "coordinates": [[[-51.238289, -29.900279], [-51.238293, -29.9003], [-51.238385, -29.900286], [-51.238381, -29.900266], [-51.238289, -29.900279]]]}, "properties": {}},
{"type": "Feature", "geometry": {"type": "Polygon", "coordinates": [[[-51.234542, -29.904245], [-51.234476, -29.904249], [-51.234478, -29.904276], [-51.234445, -29.904278], [-51.234447, -29.904312], [-51.23442, -29.904314], [-51.234424, -29.904353], [-51.234487, -29.90435], [-51.234485, -29.904333], [-51.234549, -29.904329], [-51.234542, -29.904245]]]}, "properties": {}},
{"type": "Feature", "geometry": {"type": "Polygon", "coordinates": [[[-51.236719, -29.90213], [-51.236723, -29.902179], [-51.236784, -29.902176], [-51.23678, -29.902126], [-51.236719, -29.90213]]]}, "properties": {}},
{"type": "Feature", "geometry": {"type": "Polygon", "coordinates": [[[-51.238237, -29.902041], [-51.238239, -29.902076], [-51.238332, -29.90207], [-51.238329, -29.902031], [-51.238237, -29.902041]]]}, "properties": {}},
{"type": "Feature", "geometry": {"type": "Polygon", "coordinates": [[[-51.235317, -29.901613], [-51.235314, -29.901583], [-51.235273, -29.901586], [-51.235275, -29.901615], [-51.235317, -29.901613]]]}, "properties": {}},
{"type": "Feature", "geometry": {"type": "Polygon", "coordinates": [[[-51.23834, -29.901436], [-51.238338, -29.90141], [-51.238292, -29.901412], [-51.238293, -29.901438], [-51.23834, -29.901436]]]}, "properties": {}},
{"type": "Feature", "geometry": {"type": "Polygon", "coordinates": [[[-51.237911, -29.904543], [-51.237904, -29.904447], [-51.237839, -29.904451], [-51.23784, -29.904453], [-51.237847, -29.904547], [-51.237897, -29.904544], [-51.237911, -29.904543]]]}, "properties": {}},
{"type": "Feature", "geometry": {"type": "Polygon", "coordinates": [[[-51.238634, -29.901553], [-51.23864, -29.901604], [-51.238602, -29.901607], [-51.238606, -29.901649], [-51.238682, -29.901643], [-51.238672, -29.90155], [-51.238634, -29.901553]]]}, "properties": {}},
{"type": "Feature", "geometry": {"type": "Polygon", "coordinates": [[[-51.233756, -29.899989], [-51.233753, -29.899964], [-51.233681, -29.899971], [-51.233684, -29.899989], [-51.233699, -29.899988], [-51.2337, -29.899995], [-51.233756, -29.899989]]]}, "properties": {}},
{"type": "Feature", "geometry": {"type": "Polygon", "coordinates": [[[-51.235391, -29.903311], [-51.235395, -29.903367], [-51.235469, -29.903363], [-51.235464, -29.903307], [-51.235391, -29.903311]]]}, "properties": {}},
{"type": "Feature", "geometry": {"type": "Polygon", "coordinates": [[[-51.235816, -29.900311], [-51.235827, -29.900425], [-51.235835, -29.900502], [-51.235861, -29.9005], [-51.235842, -29.900309], [-51.235816, -29.900311]]]}, "properties": {}},
{"type": "Feature", "geometry": {"type": "Polygon", "coordinates": [[[-51.231221, -29.900768], [-51.231227, -29.900851], [-51.231279, -29.900848], [-51.231273, -29.900766], [-51.231221, -29.900768]]]}, "properties": {}},
{"type": "Feature", "geometry": {"type": "Polygon", "coordinates": [[[-51.235355, -29.899948], [-51.23534, -29.899949], [-51.235337, -29.899922], [-51.235285, -29.899926], [-51.235289, -29.899972], [-51.235357, -29.899967], [-51.235355, -29.899948]]]}, "properties": {}},
{"type": "Feature", "geometry": {"type": "Polygon", "coordinates": [[[-51.229394, -29.900991], [-51.22944, -29.900989], [-51.229437, -29.900943], [-51.229391, -29.900945], [-51.229394, -29.900991]]]}, "properties": {}},
{"type": "Feature", "geometry": {"type": "Polygon", "coordinates": [[[-51.23837, -29.90382], [-51.238374, -29.903894], [-51.238427, -29.903892], [-51.238422, -29.903817], [-51.23837, -29.90382]]]}, "properties": {}},
{"type": "Feature", "geometry": {"type": "Polygon", "coordinates": [[[-51.232867, -29.90339], [-51.23287, -29.903436], [-51.232901, -29.903434], [-51.232897, -29.903388], [-51.232867, -29.90339]]]}, "properties": {}},
{"type": "Feature", "geometry": {"type": "Polygon", "coordinates": [[[-51.235044, -29.900022], [-51.235042, -29.899979], [-51.235014, -29.89998], [-51.235016, -29.900023], [-51.235044, -29.900022]]]}, "properties": {}},
{"type": "Feature", "geometry": {"type": "Polygon", "coordinates": [[[-51.236819, -29.904093], [-51.236926, -29.904079], [-51.236909, -29.903976], [-51.236827, -29.903986], [-51.236827, -29.904041], [-51.236816, -29.904041], [-51.236819, -29.904093]]]}, "properties": {}},
{"type": "Feature", "geometry": {"type": "Polygon", "coordinates": [[[-51.230925, -29.902306], [-51.230923, -29.902284], [-51.230919, -29.902235], [-51.230903, -29.902236], [-51.230905, -29.902274], [-51.230907, -29.902307], [-51.230925, -29.902306]]]}, "properties": {"info": {"is_agg": true, "properties_agg": [{"feature_id": 176851}], "geom_cmp_equals": [false], "geom_cmp_intersec": [0]}}},
{"type": "Feature", "geometry": {"type": "Polygon", "coordinates": [[[-51.231416, -29.899867], [-51.231905, -29.899838], [-51.231899, -29.899762], [-51.231638, -29.899778], [-51.231637, -29.899771], [-51.231581, -29.899774], [-51.231543, -29.899776], [-51.231544, -29.899796], [-51.231436, -29.899802], [-51.231434, -29.89978], [-51.231408, -29.899781], [-51.23141, -29.899804], [-51.231416, -29.899867]]]}, "properties": {}},
{"type": "Feature", "geometry": {"type": "Polygon", "coordinates": [[[-51.236606, -29.901975], [-51.236608, -29.902011], [-51.236668, -29.902009], [-51.236666, -29.901972], [-51.236606, -29.901975]]]}, "properties": {}},
{"type": "Feature", "geometry": {"type": "Polygon", "coordinates": [[[-51.232174, -29.904697], [-51.232175, -29.904711], [-51.232142, -29.904713], [-51.23215, -29.904808], [-51.232278, -29.9048], [-51.23227, -29.904691], [-51.232174, -29.904697]]]}, "properties": {}},
{"type": "Feature", "geometry": {"type": "Polygon", "coordinates": [[[-51.238876, -29.900431], [-51.238859, -29.900361], [-51.238828, -29.900366], [-51.238832, -29.900382], [-51.238727, -29.900401], [-51.23874, -29.900456], [-51.238876, -29.900431]]]}, "properties": {}},
{"type": "Feature", "geometry": {"type": "Polygon", "coordinates": [[[-51.231833, -29.902067], [-51.231829, -29.902005], [-51.231809, -29.902006], [-51.231815, -29.902094], [-51.231931, -29.902089], [-51.231929, -29.902062], [-51.231833, -29.902067]]]}, "properties": {}},
{"type": "Feature", "geometry": {"type": "Polygon", "coordinates": [[[-51.23596, -29.902829], [-51.235888, -29.902833], [-51.235894, -29.902914], [-51.235966, -29.90291], [-51.23596, -29.902829]]]}, "properties": {}},
{"type": "Feature", "geometry": {"type": "Polygon", "coordinates": [[[-51.229975, -29.903085], [-51.230016, -29.903083], [-51.230015, -29.903063], [-51.230005, -29.903064], [-51.230003, -29.903029], [-51.229972, -29.90303], [-51.229975, -29.903085]]]}, "properties": {}},
{"type": "Feature", "geometry": {"type": "Polygon", "coordinates": [[[-51.233471, -29.901602], [-51.233532, -29.901596], [-51.233531, -29.901582], [-51.23351, -29.901585], [-51.233506, -29.901552], [-51.233465, -29.901557], [-51.233471, -29.901602]]]}, "properties": {}},
{"type": "Feature", "geometry": {"type": "Polygon", "coordinates": [[[-51.238024, -29.899452], [-51.23812, -29.899443], [-51.238115, -29.899396], [-51.238019, -29.899405], [-51.238024, -29.899452]]]}, "properties": {}},
{"type": "Feature", "geometry": {"type": "Polygon", "coordinates": [[[-51.238386, -29.900695], [-51.238394, -29.900749], [-51.238396, -29.900762], [-51.23846, -29.900755], [-51.238458, -29.900742], [-51.238468, -29.900741], [-51.23846, -29.900687], [-51.238386, -29.900695]]]}, "properties": {}},
{"type": "Feature", "geometry": {"type": "Polygon", "coordinates": [[[-51.239061, -29.904146], [-51.238997, -29.904151], [-51.239001, -29.904196], [-51.239038, -29.904194], [-51.23904, -29.904219], [-51.23913, -29.904214], [-51.239127, -29.90417], [-51.239125, -29.904144], [-51.239125, -29.904142], [-51.239061, -29.904146]]]}, "properties": {}},
{"type": "Feature", "geometry": {"type": "Polygon", "coordinates": [[[-51.237991, -29.902059], [-51.237932, -29.902061], [-51.237933, -29.90208], [-51.237944, -29.902079], [-51.237947, -29.902129], [-51.237976, -29.902128], [-51.237974, -29.902078], [-51.237993, -29.902078], [-51.237991, -29.902059]]]}, "properties": {}},
{"type": "Feature", "geometry": {"type": "Polygon", "coordinates": [[[-51.236948, -29.903419], [-51.236951, -29.9035], [-51.23707, -29.903497], [-51.237068, -29.903417], [-51.236948, -29.903419]]]}, "properties": {}},
{"type": "Feature", "geometry": {"type": "Polygon", "coordinates": [[[-51.229262, -29.899356], [-51.229268, -29.899444], [-51.22932, -29.899442], [-51.229314, -29.899353], [-51.229262, -29.899356]]]}, "properties": {}},
{"type": "Feature", "geometry": {"type": "Polygon", "coordinates": [[[-51.236627, -29.899906], [-51.236638, -29.899906], [-51.236635, -29.899928], [-51.236691, -29.899933], [-51.236694, -29.899913], [-51.236682, -29.899912], [-51.236686, -29.899881], [-51.23663, -29.899876], [-51.236627, -29.899906]]]}, "properties": {}},
{"type": "Feature", "geometry": {"type": "Polygon", "coordinates": [[[-51.239248, -29.904484], [-51.239176, -29.904488], [-51.239182, -29.904569], [-51.239255, -29.904565], [-51.239248, -29.904484]]]}, "properties": {}},
{"type": "Feature", "geometry": {"type": "Polygon", "coordinates": [[[-51.238162, -29.899668], [-51.238174, -29.899753], [-51.238203, -29.89975], [-51.238198, -29.899714], [-51.238226, -29.899711], [-51.238219, -29.899662], [-51.238162, -29.899668]]]}, "properties": {}},
{"type": "Feature", "geometry": {"type": "Polygon", "coordinates": [[[-51.236663, -29.900237], [-51.236588, -29.900248], [-51.236605, -29.900337], [-51.236679, -29.900325], [-51.236663, -29.900237]]]}, "properties": {}},
{"type": "Feature", "geometry": {"type": "Polygon", "coordinates": [[[-51.231555, -29.904359], [-51.231617, -29.904355], [-51.231615, -29.904332], [-51.231553, -29.904336], [-51.231555, -29.904359]]]}, "properties": {}},
{"type": "Feature", "geometry": {"type": "Polygon", "coordinates": [[[-51.234641, -29.900766], [-51.234594, -29.90077], [-51.234603, -29.900859], [-51.234583, -29.900861], [-51.234584, -29.900875], [-51.234671, -29.900868], [-51.234668, -29.900839], [-51.234648, -29.90084], [-51.234641, -29.900766]]]}, "properties": {}},
{"type": "Feature", "geometry": {"type": "Polygon", "coordinates": [[[-51.237542, -29.900784], [-51.237563, -29.900782], [-51.237619, -29.900778], [-51.237614, -29.900729], [-51.237558, -29.900733], [-51.237561, -29.900769], [-51.23754, -29.900771], [-51.237542, -29.900784]]]}, "properties": {}},
{"type": "Feature", "geometry": {"type": "Polygon", "coordinates": [[[-51.238689, -29.903288], [-51.238696, -29.903405], [-51.238738, -29.903403], [-51.238731, -29.903286], [-51.238689, -29.903288]]]}, "properties": {}},
{"type": "Feature", "geometry": {"type": "Polygon", "coordinates": [[[-51.230789, -29.902898], [-51.230788, -29.902878], [-51.230773, -29.902879], [-51.23077, -29.902832], [-51.230734, -29.902834], [-51.230738, -29.902901], [-51.230789, -29.902898]]]}, "properties": {}},
{"type": "Feature", "geometry": {"type": "Polygon", "coordinates": [[[-51.232825, -29.901495], [-51.232903, -29.901494], [-51.232902, -29.901445], [-51.232824, -29.901446], [-51.232825, -29.901495]]]}, "properties": {}},
{"type": "Feature", "geometry": {"type": "Polygon", "coordinates": [[[-51.233194, -29.903662], [-51.233198, -29.903715], [-51.233235, -29.903713], [-51.233231, -29.903659], [-51.233194, -29.903662]]]}, "properties": {}},
{"type": "Feature", "geometry": {"type": "Polygon", "coordinates": [[[-51.235186, -29.902211], [-51.235192, -29.90228], [-51.235316, -29.902272], [-51.23531, -29.902203], [-51.235186, -29.902211]]]}, "properties": {}},
{"type": "Feature", "geometry": {"type": "Polygon", "coordinates": [[[-51.235356, -29.899956], [-51.235366, -29.900069], [-51.235462, -29.900065], [-51.235456, -29.899951], [-51.235356, -29.899956]]]}, "properties": {}},
{"type": "Feature", "geometry": {"type": "Polygon", "coordinates": [[[-51.229294, -29.902308], [-51.229297, -29.90235], [-51.229345, -29.902347], [-51.229342, -29.902306], [-51.229294, -29.902308]]]}, "properties": {}},
{"type": "Feature", "geometry": {"type": "Polygon", "coordinates": [[[-51.231476, -29.90361], [-51.231474, -29.903587], [-51.231433, -29.903589], [-51.231434, -29.903612], [-51.231476, -29.90361]]]}, "properties": {}},
{"type": "Feature", "geometry": {"type": "Polygon", "coordinates": [[[-51.233059, -29.904464], [-51.233061, -29.904489], [-51.232981, -29.904493], [-51.232979, -29.904469], [-51.232956, -29.90447], [-51.232959, -29.904505], [-51.232979, -29.904504], [-51.232982, -29.904549], [-51.233134, -29.904541], [-51.23313, -29.90449], [-51.233119, -29.90449], [-51.233116, -29.904461], [-51.233059, -29.904464]]]}, "properties": {}},
{"type": "Feature", "geometry": {"type": "Polygon", "coordinates": [[[-51.230307, -29.900731], [-51.230298, -29.90062], [-51.230267, -29.900622], [-51.23027, -29.900646], [-51.230277, -29.900733], [-51.230307, -29.900731]]]}, "properties": {}},
{"type": "Feature", "geometry": {"type": "Polygon", "coordinates": [[[-51.237677, -29.901078], [-51.23767, -29.901078], [-51.237669, -29.901053], [-51.237596, -29.901057], [-51.237599, -29.901094], [-51.237617, -29.901093], [-51.237679, -29.901089], [-51.237677, -29.901078]]]}, "properties": {}},
{"type": "Feature", "geometry": {"type": "Polygon", "coordinates": [[[-51.235793, -29.903256], [-51.235789, -29.903191], [-51.235805, -29.90319], [-51.235804, -29.903168], [-51.235753, -29.903171], [-51.235759, -29.903257], [-51.235793, -29.903256]]]}, "properties": {}},
{"type": "Feature", "geometry": {"type": "Polygon", "coordinates": [[[-51.233127, -29.902418], [-51.233126, -29.902383], [-51.233101, -29.902384], [-51.233103, -29.902419], [-51.233127, -29.902418]]]}, "properties": {}},
{"type": "Feature", "geometry": {"type": "Polygon", "coordinates": [[[-51.239843, -29.904368], [-51.239804, -29.904371], [-51.239805, -29.904382], [-51.239821, -29.904381], [-51.239823, -29.904398], [-51.239846, -29.904396], [-51.239843, -29.904368]]]}, "properties": {}},
{"type": "Feature", "geometry": {"type": "Polygon", "coordinates": [[[-51.237425, -29.899301], [-51.237428, -29.899334], [-51.23749, -29.899329], [-51.23749, -29.899296], [-51.237425, -29.899301]]]}, "properties": {}},
{"type": "Feature", "geometry": {"type": "Polygon", "coordinates": [[[-51.232972, -29.903989], [-51.232916, -29.903991], [-51.232919, -29.904023], [-51.232974, -29.90402], [-51.232972, -29.903989]]]}, "properties": {}},
{"type": "Feature", "geometry": {"type": "Polygon", "coordinates": [[[-51.235415, -29.899751], [-51.235417, -29.899771], [-51.235471, -29.899767], [-51.235469, -29.899747], [-51.235415, -29.899751]]]}, "properties": {}},
{"type": "Feature", "geometry": {"type": "Polygon", "coordinates": [[[-51.234947, -29.903339], [-51.234982, -29.903337], [-51.23498, -29.90332], [-51.234945, -29.903323], [-51.234947, -29.903339]]]}, "properties": {}},
{"type": "Feature", "geometry": {"type": "Polygon", "coordinates": [[[-51.237456, -29.903911], [-51.237391, -29.903915], [-51.237396, -29.90397], [-51.237485, -29.903964], [-51.237483, -29.903941], [-51.237459, -29.903942], [-51.237456, -29.903911]]]}, "properties": {}},
{"type": "Feature", "geometry": {"type": "Polygon", "coordinates": [[[-51.233892, -29.899395], [-51.233948, -29.899396], [-51.233949, -29.899371], [-51.233893, -29.89937], [-51.233892, -29.899395]]]}, "properties": {}},
{"type": "Feature", "geometry": {"type": "Polygon", "coordinates": [[[-51.234197, -29.903365], [-51.234198, -29.903384], [-51.234222, -29.903382], [-51.234223, -29.903392], [-51.234233, -29.903391], [-51.234235, -29.903416], [-51.23429, -29.903413], [-51.234286, -29.90336], [-51.234197, -29.903365]]]}, "properties": {}},
{"type": "Feature", "geometry": {"type": "Polygon", "coordinates": [[[-51.232723, -29.904304], [-51.232719, -29.904252], [-51.232718, -29.904241], [-51.232761, -29.904238], [-51.232759, -29.904212], [-51.232676, -29.904217], [-51.232678, -29.904235], [-51.232605, -29.90424], [-51.232608, -29.904285], [-51.232576, -29.904287], [-51.232579, -29.904313], [-51.232723, -29.904304]]]}, "properties": {}},
{"type": "Feature", "geometry": {"type": "Polygon", "coordinates": [[[-51.234983, -29.902301], [-51.234991, -29.902402], [-51.235077, -29.902397], [-51.235069, -29.902296], [-51.234983, -29.902301]]]}, "properties": {}},
{"type": "Feature", "geometry": {"type": "Polygon", "coordinates": [[[-51.230398, -29.899589], [-51.2304, -29.899621], [-51.230413, -29.89962], [-51.230416, -29.899691], [-51.230485, -29.899689], [-51.230481, -29.899589], [-51.230398, -29.899589]]]}, "properties": {}},
{"type": "Feature", "geometry": {"type": "Polygon", "coordinates": [[[-51.239756, -29.904199], [-51.23979, -29.904196], [-51.239792, -29.904214], [-51.239814, -29.904212], [-51.239805, -29.904143], [-51.23975, -29.904148], [-51.239756, -29.904199]]]}, "properties": {}},
{"type": "Feature", "geometry": {"type": "Polygon", "coordinates": [[[-51.237361, -29.900287], [-51.237385, -29.900286], [-51.237387, -29.900304], [-51.237434, -29.900302], [-51.237431, -29.900269], [-51.237416, -29.90027], [-51.237411, -29.900211], [-51.237355, -29.900214], [-51.237361, -29.900287]]]}, "properties": {}},
{"type": "Feature", "geometry": {"type": "Polygon", "coordinates": [[[-51.234752, -29.902313], [-51.234755, -29.902341], [-51.234826, -29.902336], [-51.234824, -29.902308], [-51.234812, -29.902309], [-51.234794, -29.90231], [-51.234752, -29.902313]]]}, "properties": {}},
{"type": "Feature", "geometry": {"type": "Polygon", "coordinates": [[[-51.2353, -29.899862], [-51.235302, -29.899892], [-51.235335, -29.899891], [-51.235334, -29.899861], [-51.2353, -29.899862]]]}, "properties": {}},
{"type": "Feature", "geometry": {"type": "Polygon", "coordinates": [[[-51.231749, -29.90054], [-51.231751, -29.900584], [-51.231788, -29.900583], [-51.231785, -29.900538], [-51.231749, -29.90054]]]}, "properties": {}},
{"type": "Feature", "geometry": {"type": "Polygon", "coordinates": [[[-51.237465, -29.901395], [-51.237478, -29.901474], [-51.237557, -29.901464], [-51.237544, -29.901385], [-51.237465, -29.901395]]]}, "properties": {}},
{"type": "Feature", "geometry": {"type": "Polygon", "coordinates": [[[-51.235858, -29.902589], [-51.235863, -29.902644], [-51.235905, -29.902642], [-51.235908, -29.902678], [-51.235963, -29.902674], [-51.235962, -29.902655], [-51.235957, -29.9026], [-51.235956, -29.902583], [-51.235858, -29.902589]]]}, "properties": {}},
{"type": "Feature", "geometry": {"type": "Polygon", "coordinates": [[[-51.230267, -29.901716], [-51.230321, -29.901714], [-51.230347, -29.901712], [-51.230345, -29.901687], [-51.230317, -29.901689], [-51.230316, -29.901672], [-51.230284, -29.901674], [-51.230238, -29.901677], [-51.230241, -29.901717], [-51.230267, -29.901716]]]}, "properties": {}},
{"type": "Feature", "geometry": {"type": "Polygon", "coordinates": [[[-51.232626, -29.899576], [-51.232616, -29.89947], [-51.232554, -29.899474], [-51.232564, -29.899581], [-51.232626, -29.899576]]]}, "properties": {}},
{"type": "Feature", "geometry": {"type": "Polygon", "coordinates": [[[-51.238156, -29.903687], [-51.238162, -29.903741], [-51.238153, -29.903742], [-51.238156, -29.903773], [-51.23823, -29.903767], [-51.238226, -29.903736], [-51.238218, -29.903737], [-51.238213, -29.903682], [-51.238156, -29.903687]]]}, "properties": {"info": {"is_agg": true, "properties_agg": [{"feature_id": 178408}], "geom_cmp_equals": [false], "geom_cmp_intersec": [0.0010286887815448263]}}},
{"type": "Feature", "geometry": {"type": "Polygon", "coordinates": [[[-51.235358, -29.902925], [-51.235463, -29.902919], [-51.235456, -29.902806], [-51.235383, -29.90281], [-51.235382, -29.902801], [-51.235349, -29.902803], [-51.235358, -29.902925]]]}, "properties": {}},
{"type": "Feature", "geometry": {"type": "Polygon", "coordinates": [[[-51.232068, -29.903256], [-51.23207, -29.903282], [-51.232055, -29.903283], [-51.232056, -29.903302], [-51.232175, -29.903295], [-51.232172, -29.90325], [-51.232068, -29.903256]]]}, "properties": {}},
{"type": "Feature", "geometry": {"type": "Polygon", "coordinates": [[[-51.236584, -29.902324], [-51.236664, -29.902322], [-51.236662, -29.902273], [-51.236582, -29.902275], [-51.236584, -29.902324]]]}, "properties": {}},
{"type": "Feature", "geometry": {"type": "Polygon", "coordinates": [[[-51.234975, -29.903823], [-51.234979, -29.903856], [-51.234991, -29.903854], [-51.235018, -29.903851], [-51.235014, -29.903819], [-51.234975, -29.903823]]]}, "properties": {}},
{"type": "Feature", "geometry": {"type": "Polygon", "coordinates": [[[-51.234044, -29.902342], [-51.233956, -29.902354], [-51.233973, -29.902451], [-51.234061, -29.902439], [-51.234044, -29.902342]]]}, "properties": {}},
{"type": "Feature", "geometry": {"type": "Polygon", "coordinates": [[[-51.238441, -29.901279], [-51.238515, -29.901268], [-51.238511, -29.90125], [-51.238438, -29.901262], [-51.238441, -29.901279]]]}, "properties": {}},
{"type": "Feature", "geometry": {"type": "Polygon", "coordinates": [[[-51.239154, -29.902116], [-51.239114, -29.902121], [-51.239074, -29.902125], [-51.239082, -29.902176], [-51.239122, -29.902171], [-51.239162, -29.902167], [-51.239154, -29.902116]]]}, "properties": {}},
{"type": "Feature", "geometry": {"type": "Polygon", "coordinates": [[[-51.229262, -29.902038], [-51.229296, -29.902036], [-51.22929, -29.901957], [-51.229256, -29.901959], [-51.229262, -29.902038]]]}, "properties": {}},
{"type": "Feature", "geometry": {"type": "Polygon", "coordinates": [[[-51.237456, -29.903902], [-51.237459, -29.903942], [-51.237504, -29.903939], [-51.237501, -29.903899], [-51.237456, -29.903902]]]}, "properties": {}},
{"type": "Feature", "geometry": {"type": "Polygon", "coordinates": [[[-51.234527, -29.903373], [-51.234525, -29.903346], [-51.234452, -29.90335], [-51.234453, -29.903363], [-51.234347, -29.90337], [-51.234352, -29.903432], [-51.234444, -29.903427], [-51.234445, -29.903437], [-51.234587, -29.903431], [-51.234582, -29.90337], [-51.234527, -29.903373]]]}, "properties": {}},
{"type": "Feature", "geometry": {"type": "Polygon", "coordinates": [[[-51.230072, -29.901534], [-51.230029, -29.901536], [-51.230031, -29.901569], [-51.230074, -29.901567], [-51.230072, -29.901534]]]}, "properties": {}},
{"type": "Feature", "geometry": {"type": "Polygon", "coordinates": [[[-51.239852, -29.904373], [-51.239945, -29.904365], [-51.239941, -29.904328], [-51.239848, -29.904336], [-51.239852, -29.904373]]]}, "properties": {}},
{"type": "Feature", "geometry": {"type": "Polygon", "coordinates": [[[-51.235309, -29.904412], [-51.235305, -29.904377], [-51.235296, -29.904378], [-51.235275, -29.904382], [-51.235266, -29.904383], [-51.235273, -29.904449], [-51.235313, -29.904446], [-51.235309, -29.904412]]]}, "properties": {}},
{"type": "Feature", "geometry": {"type": "Polygon", "coordinates": [[[-51.230387, -29.900252], [-51.230388, -29.900267], [-51.230372, -29.900268], [-51.230378, -29.900356], [-51.230416, -29.900354], [-51.230409, -29.900251], [-51.230387, -29.900252]]]}, "properties": {}},
{"type": "Feature", "geometry": {"type": "Polygon", "coordinates": [[[-51.232852, -29.903212], [-51.232846, -29.903141], [-51.232784, -29.903145], [-51.23279, -29.903216], [-51.232852, -29.903212]]]}, "properties": {}},
{"type": "Feature", "geometry": {"type": "Polygon", "coordinates": [[[-51.230189, -29.901212], [-51.230185, -29.901131], [-51.23017, -29.901131], [-51.23017, -29.901123], [-51.230121, -29.901125], [-51.230121, -29.901117], [-51.23009, -29.901118], [-51.230095, -29.901216], [-51.230189, -29.901212]]]}, "properties": {}},
{"type": "Feature", "geometry": {"type": "Polygon", "coordinates": [[[-51.232611, -29.899423], [-51.232525, -29.899429], [-51.232525, -29.899435], [-51.232526, -29.89944], [-51.232526, -29.899444], [-51.232527, -29.899449], [-51.232527, -29.89945], [-51.232529, -29.899472], [-51.232529, -29.899476], [-51.232542, -29.899475], [-51.232554, -29.899474], [-51.232616, -29.89947], [-51.232611, -29.899423]]]}, "properties": {}},
{"type": "Feature", "geometry": {"type": "Polygon", "coordinates": [[[-51.232868, -29.900556], [-51.232871, -29.900653], [-51.232967, -29.900651], [-51.232964, -29.900554], [-51.232868, -29.900556]]]}, "properties": {}},
{"type": "Feature", "geometry": {"type": "Polygon", "coordinates": [[[-51.23599, -29.904018], [-51.235981, -29.904018], [-51.235984, -29.904064], [-51.236015, -29.904062], [-51.236008, -29.903969], [-51.235997, -29.90397], [-51.235987, -29.90397], [-51.23599, -29.904018]]]}, "properties": {}},
{"type": "Feature", "geometry": {"type": "Polygon", "coordinates": [[[-51.238481, -29.903881], [-51.238485, -29.90393], [-51.238534, -29.903928], [-51.238531, -29.903878], [-51.238481, -29.903881]]]}, "properties": {}},
{"type": "Feature", "geometry": {"type": "Polygon", "coordinates": [[[-51.23503, -29.904666], [-51.23503, -29.904726], [-51.235052, -29.904726], [-51.235052, -29.904666], [-51.23503, -29.904666]]]}, "properties": {}},
{"type": "Feature", "geometry": {"type": "Polygon", "coordinates": [[[-51.234171, -29.901569], [-51.234165, -29.90148], [-51.234145, -29.901482], [-51.234119, -29.901483], [-51.234126, -29.901571], [-51.234171, -29.901569]]]}, "properties": {}},
{"type": "Feature", "geometry": {"type": "Polygon", "coordinates": [[[-51.237826, -29.904285], [-51.237771, -29.904288], [-51.237774, -29.904331], [-51.237829, -29.904328], [-51.237826, -29.904285]]]}, "properties": {}},
{"type": "Feature", "geometry": {"type": "Polygon", "coordinates": [[[-51.233518, -29.900831], [-51.233389, -29.900838], [-51.233393, -29.900904], [-51.233522, -29.900898], [-51.233518, -29.900831]]]}, "properties": {}},
{"type": "Feature", "geometry": {"type": "Polygon", "coordinates": [[[-51.234877, -29.903793], [-51.234878, -29.903804], [-51.234817, -29.903808], [-51.234797, -29.903809], [-51.234802, -29.903876], [-51.234834, -29.90387], [-51.234881, -29.903862], [-51.234927, -29.903853], [-51.234973, -29.903845], [-51.234963, -29.903809], [-51.234957, -29.903789], [-51.234877, -29.903793]]]}, "properties": {}},
{"type": "Feature", "geometry": {"type": "Polygon", "coordinates": [[[-51.238295, -29.900672], [-51.238297, -29.900691], [-51.238288, -29.900691], [-51.238285, -29.900673], [-51.238265, -29.900675], [-51.238267, -29.900694], [-51.238272, -29.900693], [-51.238273, -29.900697], [-51.238246, -29.900699], [-51.238251, -29.900742], [-51.23833, -29.900735], [-51.238322, -29.90067], [-51.238295, -29.900672]]]}, "properties": {}},
{"type": "Feature", "geometry": {"type": "Polygon", "coordinates": [[[-51.232379, -29.899659], [-51.232383, -29.899701], [-51.232416, -29.899699], [-51.232412, -29.899657], [-51.232379, -29.899659]]]}, "properties": {}},
{"type": "Feature", "geometry": {"type": "Polygon", "coordinates": [[[-51.236894, -29.902041], [-51.236822, -29.902045], [-51.236828, -29.902114], [-51.236899, -29.90211], [-51.236894, -29.902041]]]}, "properties": {}},
{"type": "Feature", "geometry": {"type": "Polygon", "coordinates": [[[-51.233537, -29.90064], [-51.233528, -29.900552], [-51.233499, -29.900554], [-51.233508, -29.900641], [-51.233537, -29.90064]]]}, "properties": {}},
{"type": "Feature", "geometry": {"type": "Polygon", "coordinates": [[[-51.229387, -29.900886], [-51.229339, -29.900888], [-51.229343, -29.900944], [-51.229391, -29.900942], [-51.229387, -29.900886]]]}, "properties": {}},
{"type": "Feature", "geometry": {"type": "Polygon", "coordinates": [[[-51.232527, -29.903233], [-51.232552, -29.903231], [-51.232548, -29.90318], [-51.232522, -29.903182], [-51.232527, -29.903233]]]}, "properties": {}},
{"type": "Feature", "geometry": {"type": "Polygon", "coordinates": [[[-51.23602, -29.901531], [-51.23606, -29.901528], [-51.236056, -29.901488], [-51.236088, -29.901485], [-51.236083, -29.901437], [-51.23601, -29.901443], [-51.23602, -29.901531]]]}, "properties": {}},
{"type": "Feature", "geometry": {"type": "Polygon", "coordinates": [[[-51.238281, -29.903637], [-51.238284, -29.903694], [-51.238349, -29.903691], [-51.238346, -29.903635], [-51.238281, -29.903637]]]}, "properties": {}},
{"type": "Feature", "geometry": {"type": "Polygon", "coordinates": [[[-51.235864, -29.903394], [-51.235868, -29.903447], [-51.235861, -29.903448], [-51.235861, -29.90345], [-51.235805, -29.903454], [-51.235807, -29.903474], [-51.235828, -29.903472], [-51.235828, -29.903481], [-51.2359, -29.903476], [-51.235893, -29.903392], [-51.235864, -29.903394]]]}, "properties": {}},
{"type": "Feature", "geometry": {"type": "Polygon", "coordinates": [[[-51.232517, -29.899609], [-51.232507, -29.89961], [-51.232508, -29.899617], [-51.232456, -29.89962], [-51.23246, -29.899675], [-51.232512, -29.899672], [-51.232508, -29.899625], [-51.232528, -29.899624], [-51.232527, -29.899609], [-51.232517, -29.899609]]]}, "properties": {}},
{"type": "Feature", "geometry": {"type": "Polygon", "coordinates": [[[-51.237378, -29.902528], [-51.237383, -29.90258], [-51.237418, -29.902578], [-51.237413, -29.902526], [-51.237378, -29.902528]]]}, "properties": {}},
{"type": "Feature", "geometry": {"type": "Polygon", "coordinates": [[[-51.232047, -29.901235], [-51.232006, -29.901237], [-51.232003, -29.901188], [-51.231983, -29.901189], [-51.231988, -29.901268], [-51.232049, -29.901265], [-51.232047, -29.901235]]]}, "properties": {}},
{"type": "Feature", "geometry": {"type": "Polygon", "coordinates": [[[-51.236009, -29.903991], [-51.236012, -29.904024], [-51.236015, -29.904062], [-51.236041, -29.904061], [-51.236041, -29.904064], [-51.2361, -29.904061], [-51.236121, -29.904059], [-51.236117, -29.90401], [-51.236096, -29.904011], [-51.236094, -29.903981], [-51.236054, -29.903983], [-51.236009, -29.903986], [-51.236009, -29.903991]]]}, "properties": {}},
{"type": "Feature", "geometry": {"type": "Polygon", "coordinates": [[[-51.235336, -29.902076], [-51.235338, -29.902086], [-51.235404, -29.902077], [-51.235396, -29.902031], [-51.235345, -29.902038], [-51.235347, -29.902048], [-51.235299, -29.902055], [-51.235301, -29.902081], [-51.235336, -29.902076]]]}, "properties": {}},
{"type": "Feature", "geometry": {"type": "Polygon", "coordinates": [[[-51.236087, -29.902647], [-51.236085, -29.902623], [-51.236082, -29.902592], [-51.236081, -29.902588], [-51.236079, -29.902569], [-51.235982, -29.902574], [-51.235983, -29.902589], [-51.235956, -29.902591], [-51.235956, -29.902592], [-51.235957, -29.9026], [-51.235958, -29.902617], [-51.235959, -29.902627], [-51.235961, -29.902643], [-51.236003, -29.902641], [-51.236007, -29.902683], [-51.23609, -29.902678], [-51.236087, -29.902647]]]}, "properties": {}},
{"type": "Feature", "geometry": {"type": "Polygon", "coordinates": [[[-51.236433, -29.900373], [-51.236436, -29.900394], [-51.236464, -29.900391], [-51.236461, -29.90037], [-51.236433, -29.900373]]]}, "properties": {}},
{"type": "Feature", "geometry": {"type": "Polygon", "coordinates": [[[-51.237303, -29.902095], [-51.237305, -29.902132], [-51.237346, -29.902131], [-51.237344, -29.902093], [-51.237303, -29.902095]]]}, "properties": {}},
{"type": "Feature", "geometry": {"type": "Polygon", "coordinates": [[[-51.234696, -29.899539], [-51.234717, -29.899537], [-51.234713, -29.899495], [-51.23459, -29.899502], [-51.234593, -29.899538], [-51.234696, -29.899531], [-51.234696, -29.899539]]]}, "properties": {}},
{"type": "Feature", "geometry": {"type": "Polygon", "coordinates": [[[-51.229656, -29.902484], [-51.229786, -29.902475], [-51.229781, -29.902413], [-51.229682, -29.902419], [-51.22968, -29.902395], [-51.229649, -29.902397], [-51.229656, -29.902484]]]}, "properties": {}},
{"type": "Feature", "geometry": {"type": "Polygon", "coordinates": [[[-51.234176, -29.901315], [-51.23418, -29.901368], [-51.234172, -29.901368], [-51.234174, -29.901397], [-51.234243, -29.901393], [-51.234237, -29.901311], [-51.234176, -29.901315]]]}, "properties": {}},
{"type": "Feature", "geometry": {"type": "Polygon", "coordinates": [[[-51.235794, -29.902012], [-51.235798, -29.902067], [-51.235849, -29.902064], [-51.235845, -29.902009], [-51.235794, -29.902012]]]}, "properties": {}},
{"type": "Feature", "geometry": {"type": "Polygon", "coordinates": [[[-51.234477, -29.904442], [-51.234477, -29.904518], [-51.234512, -29.904518], [-51.234512, -29.904442], [-51.234477, -29.904442]]]}, "properties": {}},
{"type": "Feature", "geometry": {"type": "Polygon", "coordinates": [[[-51.230624, -29.901532], [-51.23053, -29.901535], [-51.23053, -29.901526], [-51.230489, -29.901528], [-51.230491, -29.901577], [-51.230499, -29.901577], [-51.230524, -29.901576], [-51.230551, -29.901575], [-51.230571, -29.901574], [-51.230593, -29.901574], [-51.230613, -29.901573], [-51.230626, -29.901572], [-51.230624, -29.901532]]]}, "properties": {}},
{"type": "Feature", "geometry": {"type": "Polygon", "coordinates": [[[-51.23879, -29.89954], [-51.238779, -29.899478], [-51.238713, -29.899487], [-51.238724, -29.899549], [-51.23879, -29.89954]]]}, "properties": {}},
{"type": "Feature", "geometry": {"type": "Polygon", "coordinates": [[[-51.232202, -29.904561], [-51.232079, -29.904569], [-51.232082, -29.904607], [-51.232165, -29.904601], [-51.232164, -29.904588], [-51.232204, -29.904585], [-51.232202, -29.904561]]]}, "properties": {}},
{"type": "Feature", "geometry": {"type": "Polygon", "coordinates": [[[-51.230119, -29.90293], [-51.230152, -29.902929], [-51.230149, -29.902879], [-51.23014, -29.902879], [-51.230116, -29.902881], [-51.230119, -29.90293]]]}, "properties": {}},
{"type": "Feature", "geometry": {"type": "Polygon", "coordinates": [[[-51.234476, -29.904082], [-51.23448, -29.904136], [-51.234613, -29.904129], [-51.23461, -29.904075], [-51.234476, -29.904082]]]}, "properties": {}},
{"type": "Feature", "geometry": {"type": "Polygon", "coordinates": [[[-51.232452, -29.901042], [-51.232448, -29.900969], [-51.232406, -29.900971], [-51.232411, -29.901043], [-51.232452, -29.901042]]]}, "properties": {}},
{"type": "Feature", "geometry": {"type": "Polygon", "coordinates": [[[-51.231798, -29.900203], [-51.231785, -29.900204], [-51.231789, -29.900253], [-51.231846, -29.90025], [-51.231842, -29.9002], [-51.231822, -29.900202], [-51.231821, -29.90019], [-51.231797, -29.900191], [-51.231798, -29.900203]]]}, "properties": {}},
{"type": "Feature", "geometry": {"type": "Polygon", "coordinates": [[[-51.236244, -29.899816], [-51.236247, -29.89987], [-51.236318, -29.899865], [-51.236324, -29.899865], [-51.236323, -29.899835], [-51.23627, -29.899837], [-51.236268, -29.899816], [-51.236244, -29.899816]]]}, "properties": {}},
{"type": "Feature", "geometry": {"type": "Polygon", "coordinates": [[[-51.234749, -29.901826], [-51.234744, -29.901744], [-51.234774, -29.901743], [-51.234772, -29.901707], [-51.234679, -29.901711], [-51.234686, -29.901829], [-51.234749, -29.901826]]]}, "properties": {}},
{"type": "Feature", "geometry": {"type": "Polygon", "coordinates": [[[-51.234728, -29.902871], [-51.234786, -29.902867], [-51.234784, -29.902839], [-51.234726, -29.902846], [-51.234728, -29.902871]]]}, "properties": {}},
{"type": "Feature", "geometry": {"type": "Polygon", "coordinates": [[[-51.229575, -29.903175], [-51.22958, -29.903224], [-51.229648, -29.903219], [-51.229643, -29.90317], [-51.229575, -29.903175]]]}, "properties": {}},
{"type": "Feature", "geometry": {"type": "Polygon", "coordinates": [[[-51.232461, -29.89995], [-51.232372, -29.899953], [-51.232374, -29.900033], [-51.232375, -29.900058], [-51.232428, -29.900057], [-51.232443, -29.900057], [-51.232464, -29.900055], [-51.232461, -29.89995]]]}, "properties": {}},
{"type": "Feature", "geometry": {"type": "Polygon", "coordinates": [[[-51.23898, -29.903856], [-51.238877, -29.903864], [-51.23888, -29.903887], [-51.238982, -29.90388], [-51.23898, -29.903856]]]}, "properties": {}},
{"type": "Feature", "geometry": {"type": "Polygon", "coordinates": [[[-51.236113, -29.903209], [-51.236111, -29.903179], [-51.236055, -29.903182], [-51.23606, -29.903267], [-51.236133, -29.903264], [-51.23613, -29.903209], [-51.236113, -29.903209]]]}, "properties": {}},
{"type": "Feature", "geometry": {"type": "Polygon", "coordinates": [[[-51.235323, -29.899528], [-51.235327, -29.899591], [-51.235369, -29.899589], [-51.235365, -29.899526], [-51.235323, -29.899528]]]}, "properties": {}},
{"type": "Feature", "geometry": {"type": "Polygon", "coordinates": [[[-51.238099, -29.903344], [-51.238097, -29.903319], [-51.238067, -29.903321], [-51.238069, -29.903345], [-51.238099, -29.903344]]]}, "properties": {}},
{"type": "Feature", "geometry": {"type": "Polygon", "coordinates": [[[-51.237587, -29.902014], [-51.237491, -29.902019], [-51.237492, -29.902032], [-51.237588, -29.902028], [-51.237587, -29.902014]]]}, "properties": {}},
{"type": "Feature", "geometry": {"type": "Polygon", "coordinates": [[[-51.230534, -29.900201], [-51.230541, -29.900297], [-51.23064, -29.900292], [-51.230635, -29.900195], [-51.230534, -29.900201]]]}, "properties": {}},
{"type": "Feature", "geometry": {"type": "Polygon", "coordinates": [[[-51.230465, -29.901443], [-51.230466, -29.90146], [-51.23045, -29.90146], [-51.230451, -29.901492], [-51.230467, -29.901491], [-51.230469, -29.901514], [-51.230538, -29.901512], [-51.230535, -29.90144], [-51.230465, -29.901443]]]}, "properties": {}},
{"type": "Feature", "geometry": {"type": "Polygon", "coordinates": [[[-51.231928, -29.900526], [-51.231932, -29.900582], [-51.231981, -29.900579], [-51.231977, -29.900523], [-51.231928, -29.900526]]]}, "properties": {}},
{"type": "Feature", "geometry": {"type": "Polygon", "coordinates": [[[-51.234341, -29.901433], [-51.234296, -29.901435], [-51.2343, -29.901509], [-51.234305, -29.901509], [-51.234306, -29.901529], [-51.234346, -29.901527], [-51.234341, -29.901433]]]}, "properties": {}},
{"type": "Feature", "geometry": {"type": "Polygon", "coordinates": [[[-51.237029, -29.90401], [-51.23706, -29.904008], [-51.237054, -29.90394], [-51.237023, -29.903942], [-51.237029, -29.90401]]]}, "properties": {}},
{"type": "Feature", "geometry": {"type": "Polygon", "coordinates": [[[-51.23602, -29.899745], [-51.236024, -29.899817], [-51.236086, -29.899814], [-51.236083, -29.899742], [-51.23602, -29.899745]]]}, "properties": {}},
{"type": "Feature", "geometry": {"type": "Polygon", "coordinates": [[[-51.237672, -29.902628], [-51.237767, -29.902623], [-51.237766, -29.902608], [-51.237764, -29.902585], [-51.237717, -29.902587], [-51.237669, -29.90259], [-51.237672, -29.902628]]]}, "properties": {}},
{"type": "Feature", "geometry": {"type": "Polygon", "coordinates": [[[-51.232455, -29.899892], [-51.232458, -29.899918], [-51.232459, -29.899933], [-51.232461, -29.899944], [-51.232461, -29.899953], [-51.232536, -29.899949], [-51.232531, -29.89988], [-51.232515, -29.899881], [-51.232514, -29.899871], [-51.232453, -29.899875], [-51.232455, -29.899892]]]}, "properties": {}},
{"type": "Feature", "geometry": {"type": "Polygon", "coordinates": [[[-51.239627, -29.904541], [-51.23967, -29.904538], [-51.239668, -29.904518], [-51.239626, -29.904521], [-51.239627, -29.904541]]]}, "properties": {}},
{"type": "Feature", "geometry": {"type": "Polygon", "coordinates": [[[-51.232256, -29.901264], [-51.232259, -29.901301], [-51.232283, -29.9013], [-51.232285, -29.90133], [-51.232345, -29.901327], [-51.232344, -29.90131], [-51.232364, -29.901309], [-51.232361, -29.901258], [-51.232256, -29.901264]]]}, "properties": {}},
{"type": "Feature", "geometry": {"type": "Polygon", "coordinates": [[[-51.238956, -29.90131], [-51.238942, -29.901245], [-51.238846, -29.901261], [-51.23886, -29.901326], [-51.238956, -29.90131]]]}, "properties": {}},
{"type": "Feature", "geometry": {"type": "Polygon", "coordinates": [[[-51.232018, -29.903014], [-51.232025, -29.903107], [-51.23213, -29.903101], [-51.232123, -29.903008], [-51.232018, -29.903014]]]}, "properties": {}},
{"type": "Feature", "geometry": {"type": "Polygon", "coordinates": [[[-51.235852, -29.901124], [-51.235825, -29.901037], [-51.235784, -29.901046], [-51.235812, -29.901134], [-51.235852, -29.901124]]]}, "properties": {}},
{"type": "Feature", "geometry": {"type": "Polygon", "coordinates": [[[-51.23284, -29.904297], [-51.232837, -29.904256], [-51.23279, -29.904259], [-51.232793, -29.9043], [-51.23284, -29.904297]]]}, "properties": {}},
{"type": "Feature", "geometry": {"type": "Polygon", "coordinates": [[[-51.236083, -29.901057], [-51.236022, -29.901065], [-51.236017, -29.901035], [-51.235968, -29.901042], [-51.235984, -29.901134], [-51.236032, -29.901128], [-51.236094, -29.90112], [-51.236083, -29.901057]]]}, "properties": {}},
{"type": "Feature", "geometry": {"type": "Polygon", "coordinates": [[[-51.230166, -29.90184], [-51.23016, -29.90184], [-51.230159, -29.901824], [-51.23014, -29.901825], [-51.230141, -29.901841], [-51.230144, -29.901884], [-51.23017, -29.901883], [-51.230166, -29.90184]]]}, "properties": {}},
{"type": "Feature", "geometry": {"type": "Polygon", "coordinates": [[[-51.234458, -29.903923], [-51.234461, -29.903972], [-51.234483, -29.903971], [-51.23448, -29.903922], [-51.234458, -29.903923]]]}, "properties": {}},
{"type": "Feature", "geometry": {"type": "Polygon", "coordinates": [[[-51.237743, -29.903978], [-51.237751, -29.904066], [-51.237865, -29.904061], [-51.237859, -29.903973], [-51.237743, -29.903978]]]}, "properties": {}},
{"type": "Feature", "geometry": {"type": "Polygon", "coordinates": [[[-51.239116, -29.901987], [-51.239114, -29.901975], [-51.239108, -29.901976], [-51.239104, -29.901953], [-51.238997, -29.901966], [-51.239003, -29.902001], [-51.239116, -29.901987]]]}, "properties": {}},
{"type": "Feature", "geometry": {"type": "Polygon", "coordinates": [[[-51.237331, -29.902825], [-51.237333, -29.902877], [-51.237401, -29.902875], [-51.237398, -29.902822], [-51.237331, -29.902825]]]}, "properties": {}},
{"type": "Feature", "geometry": {"type": "Polygon", "coordinates": [[[-51.23154, -29.901198], [-51.231543, -29.901244], [-51.231611, -29.901241], [-51.231608, -29.901195], [-51.23154, -29.901198]]]}, "properties": {}},
{"type": "Feature", "geometry": {"type": "Polygon", "coordinates": [[[-51.238025, -29.902691], [-51.238029, -29.902741], [-51.238135, -29.902735], [-51.238131, -29.902685], [-51.238025, -29.902691]]]}, "properties": {}},
{"type": "Feature", "geometry": {"type": "Polygon", "coordinates": [[[-51.235287, -29.899423], [-51.23529, -29.899445], [-51.235363, -29.899438], [-51.23536, -29.899416], [-51.235287, -29.899423]]]}, "properties": {}},
{"type": "Feature", "geometry": {"type": "Polygon", "coordinates": [[[-51.238541, -29.901253], [-51.238541, -29.901258], [-51.238513, -29.901259], [-51.238537, -29.901369], [-51.238612, -29.901357], [-51.238609, -29.901351], [-51.238626, -29.901349], [-51.238628, -29.901358], [-51.238537, -29.901371], [-51.238543, -29.901398], [-51.238654, -29.901389], [-51.238622, -29.901249], [-51.238541, -29.901253]]]}, "properties": {}},
{"type": "Feature", "geometry": {"type": "Polygon", "coordinates": [[[-51.23431, -29.901263], [-51.234315, -29.901319], [-51.234385, -29.901315], [-51.23438, -29.901259], [-51.23431, -29.901263]]]}, "properties": {}},
{"type": "Feature", "geometry": {"type": "Polygon", "coordinates": [[[-51.235411, -29.899439], [-51.235475, -29.899433], [-51.235471, -29.899407], [-51.235408, -29.899414], [-51.235411, -29.899439]]]}, "properties": {}},
{"type": "Feature", "geometry": {"type": "Polygon", "coordinates": [[[-51.233237, -29.904541], [-51.23324, -29.904577], [-51.233258, -29.904576], [-51.233261, -29.904603], [-51.233281, -29.904602], [-51.233283, -29.904621], [-51.233395, -29.904614], [-51.233389, -29.904532], [-51.233237, -29.904541]]]}, "properties": {}},
{"type": "Feature", "geometry": {"type": "Polygon", "coordinates": [[[-51.230374, -29.903179], [-51.23037, -29.903131], [-51.230338, -29.903133], [-51.230342, -29.903181], [-51.230374, -29.903179]]]}, "properties": {}},
{"type": "Feature", "geometry": {"type": "Polygon", "coordinates": [[[-51.233233, -29.902487], [-51.233278, -29.902484], [-51.233274, -29.902422], [-51.233229, -29.902424], [-51.233233, -29.902487]]]}, "properties": {}},
{"type": "Feature", "geometry": {"type": "Polygon", "coordinates": [[[-51.235888, -29.903769], [-51.235836, -29.903771], [-51.235838, -29.903824], [-51.235867, -29.903823], [-51.235868, -29.903853], [-51.235932, -29.90385], [-51.23593, -29.903821], [-51.235943, -29.90382], [-51.23594, -29.903768], [-51.235888, -29.903769]]]}, "properties": {}},
{"type": "Feature", "geometry": {"type": "Polygon", "coordinates": [[[-51.229714, -29.90446], [-51.229721, -29.904533], [-51.229755, -29.904531], [-51.229749, -29.904458], [-51.229714, -29.90446]]]}, "properties": {}},
{"type": "Feature", "geometry": {"type": "Polygon", "coordinates": [[[-51.237552, -29.901292], [-51.237559, -29.901352], [-51.237657, -29.901345], [-51.237653, -29.901311], [-51.23761, -29.901315], [-51.237607, -29.901288], [-51.237579, -29.90129], [-51.237552, -29.901292]]]}, "properties": {}},
{"type": "Feature", "geometry": {"type": "Polygon", "coordinates": [[[-51.233129, -29.899555], [-51.233093, -29.89955], [-51.233088, -29.899574], [-51.233124, -29.89958], [-51.233129, -29.899555]]]}, "properties": {}},
{"type": "Feature", "geometry": {"type": "Polygon", "coordinates": [[[-51.231642, -29.900104], [-51.231678, -29.900101], [-51.231677, -29.900084], [-51.23164, -29.900086], [-51.231642, -29.900104]]]}, "properties": {}},
{"type": "Feature", "geometry": {"type": "Polygon", "coordinates": [[[-51.230933, -29.89946], [-51.231022, -29.899459], [-51.231022, -29.899477], [-51.231092, -29.899477], [-51.23109, -29.8994], [-51.230932, -29.899402], [-51.230933, -29.89946]]]}, "properties": {}},
{"type": "Feature", "geometry": {"type": "Polygon", "coordinates": [[[-51.235836, -29.900928], [-51.235852, -29.901024], [-51.235963, -29.90101], [-51.235947, -29.900917], [-51.235836, -29.900928]]]}, "properties": {}},
{"type": "Feature", "geometry": {"type": "Polygon", "coordinates": [[[-51.231336, -29.903103], [-51.23134, -29.903159], [-51.231374, -29.903157], [-51.23137, -29.903102], [-51.231336, -29.903103]]]}, "properties": {}},
{"type": "Feature", "geometry": {"type": "Polygon", "coordinates": [[[-51.229325, -29.90376], [-51.229288, -29.903761], [-51.229291, -29.903813], [-51.229328, -29.903811], [-51.229325, -29.90376]]]}, "properties": {}},
{"type": "Feature", "geometry": {"type": "Polygon", "coordinates": [[[-51.232719, -29.903309], [-51.23272, -29.903329], [-51.232697, -29.903331], [-51.2327, -29.903367], [-51.232743, -29.903364], [-51.232738, -29.903308], [-51.232719, -29.903309]]]}, "properties": {}},
{"type": "Feature", "geometry": {"type": "Polygon", "coordinates": [[[-51.235186, -29.899515], [-51.235207, -29.899514], [-51.235206, -29.899495], [-51.235239, -29.899493], [-51.235235, -29.899432], [-51.23518, -29.899435], [-51.235186, -29.899515]]]}, "properties": {}},
{"type": "Feature", "geometry": {"type": "Polygon", "coordinates": [[[-51.233655, -29.903638], [-51.233657, -29.903667], [-51.233776, -29.90366], [-51.233774, -29.903632], [-51.233655, -29.903638]]]}, "properties": {}},
{"type": "Feature", "geometry": {"type": "Polygon", "coordinates": [[[-51.235158, -29.901041], [-51.235163, -29.901099], [-51.235178, -29.901098], [-51.235173, -29.901039], [-51.235158, -29.901041]]]}, "properties": {}},
{"type": "Feature", "geometry": {"type": "Polygon", "coordinates": [[[-51.230418, -29.904736], [-51.230413, -29.904683], [-51.230382, -29.904686], [-51.230385, -29.904722], [-51.230373, -29.904722], [-51.230375, -29.904739], [-51.230418, -29.904736]]]}, "properties": {}},
{"type": "Feature", "geometry": {"type": "Polygon", "coordinates": [[[-51.231216, -29.904074], [-51.231223, -29.904168], [-51.231261, -29.904166], [-51.23126, -29.904155], [-51.231277, -29.904154], [-51.231278, -29.904165], [-51.231285, -29.904164], [-51.231277, -29.904071], [-51.231216, -29.904074]]]}, "properties": {}},
{"type": "Feature", "geometry": {"type": "Polygon", "coordinates": [[[-51.236435, -29.902932], [-51.236427, -29.902823], [-51.23637, -29.902826], [-51.236378, -29.902935], [-51.236435, -29.902932]]]}, "properties": {}},
{"type": "Feature", "geometry": {"type": "Polygon", "coordinates": [[[-51.233886, -29.899313], [-51.233911, -29.899314], [-51.233912, -29.89929], [-51.233886, -29.89929], [-51.233886, -29.899313]]]}, "properties": {}},
{"type": "Feature", "geometry": {"type": "Polygon", "coordinates": [[[-51.239014, -29.901668], [-51.239001, -29.901595], [-51.238898, -29.901609], [-51.238911, -29.901682], [-51.239014, -29.901668]]]}, "properties": {}},
{"type": "Feature", "geometry": {"type": "Polygon", "coordinates": [[[-51.233142, -29.901099], [-51.233045, -29.901104], [-51.233049, -29.901164], [-51.233146, -29.90116], [-51.233142, -29.901099]]]}, "properties": {}},
{"type": "Feature", "geometry": {"type": "Polygon", "coordinates": [[[-51.234512, -29.899555], [-51.234519, -29.899643], [-51.234601, -29.899638], [-51.234594, -29.89955], [-51.234512, -29.899555]]]}, "properties": {}},
{"type": "Feature", "geometry": {"type": "Polygon", "coordinates": [[[-51.235195, -29.903406], [-51.235198, -29.90346], [-51.235217, -29.903459], [-51.235217, -29.903456], [-51.235276, -29.903453], [-51.235273, -29.903403], [-51.235195, -29.903406]]]}, "properties": {}},
{"type": "Feature", "geometry": {"type": "Polygon", "coordinates": [[[-51.235679, -29.902785], [-51.235681, -29.902819], [-51.235725, -29.902817], [-51.235722, -29.902782], [-51.235679, -29.902785]]]}, "properties": {}},
{"type": "Feature", "geometry": {"type": "Polygon", "coordinates": [[[-51.235065, -29.902107], [-51.235066, -29.90213], [-51.235099, -29.902129], [-51.235098, -29.902106], [-51.235065, -29.902107]]]}, "properties": {}},
{"type": "Feature", "geometry": {"type": "Polygon", "coordinates": [[[-51.230622, -29.902321], [-51.230621, -29.902301], [-51.230562, -29.902304], [-51.230563, -29.902323], [-51.230622, -29.902321]]]}, "properties": {}},
{"type": "Feature", "geometry": {"type": "Polygon", "coordinates": [[[-51.236929, -29.902593], [-51.236927, -29.902557], [-51.236831, -29.902562], [-51.236832, -29.902598], [-51.236929, -29.902593]]]}, "properties": {}},
{"type": "Feature", "geometry": {"type": "Polygon", "coordinates": [[[-51.234404, -29.901572], [-51.234417, -29.901642], [-51.23447, -29.901635], [-51.234458, -29.901565], [-51.234404, -29.901572]]]}, "properties": {}},
{"type": "Feature", "geometry": {"type": "Polygon", "coordinates": [[[-51.230763, -29.902209], [-51.230803, -29.902208], [-51.230802, -29.902185], [-51.230762, -29.902187], [-51.230763, -29.902209]]]}, "properties": {}},
{"type": "Feature", "geometry": {"type": "Polygon", "coordinates": [[[-51.235076, -29.900371], [-51.235079, -29.9004], [-51.235061, -29.900401], [-51.235063, -29.900421], [-51.23508, -29.900419], [-51.235082, -29.900437], [-51.235164, -29.900431], [-51.235158, -29.900365], [-51.235076, -29.900371]]]}, "properties": {}},
{"type": "Feature", "geometry": {"type": "Polygon", "coordinates": [[[-51.238174, -29.902559], [-51.238192, -29.902558], [-51.23819, -29.90254], [-51.238227, -29.902538], [-51.238221, -29.902464], [-51.238166, -29.902468], [-51.238172, -29.902541], [-51.238174, -29.902559]]]}, "properties": {}},
{"type": "Feature", "geometry": {"type": "Polygon", "coordinates": [[[-51.239441, -29.903008], [-51.239433, -29.902972], [-51.239228, -29.903004], [-51.239236, -29.90304], [-51.239441, -29.903008]]]}, "properties": {}},
{"type": "Feature", "geometry": {"type": "Polygon", "coordinates": [[[-51.229357, -29.901172], [-51.229459, -29.901167], [-51.229461, -29.901197], [-51.229526, -29.901194], [-51.229521, -29.901101], [-51.229354, -29.901108], [-51.229357, -29.901172]]]}, "properties": {}},
{"type": "Feature", "geometry": {"type": "Polygon", "coordinates": [[[-51.235768, -29.90402], [-51.235736, -29.90402], [-51.235736, -29.904069], [-51.235793, -29.904069], [-51.235793, -29.90402], [-51.235768, -29.90402]]]}, "properties": {}},
{"type": "Feature", "geometry": {"type": "Polygon", "coordinates": [[[-51.229624, -29.902718], [-51.229619, -29.902659], [-51.229542, -29.902664], [-51.229546, -29.902722], [-51.229624, -29.902718]]]}, "properties": {}},
{"type": "Feature", "geometry": {"type": "Polygon", "coordinates": [[[-51.232551, -29.90297], [-51.232581, -29.902968], [-51.232578, -29.902922], [-51.232548, -29.902924], [-51.232551, -29.90297]]]}, "properties": {}},
{"type": "Feature", "geometry": {"type": "Polygon", "coordinates": [[[-51.23768, -29.901428], [-51.237684, -29.90147], [-51.237732, -29.901465], [-51.237726, -29.901423], [-51.23768, -29.901428]]]}, "properties": {}},
{"type": "Feature", "geometry": {"type": "Polygon", "coordinates": [[[-51.237695, -29.902673], [-51.237655, -29.902675], [-51.237659, -29.902739], [-51.237699, -29.902737], [-51.237695, -29.902673]]]}, "properties": {}},
{"type": "Feature", "geometry": {"type": "Polygon", "coordinates": [[[-51.236978, -29.903786], [-51.237086, -29.903782], [-51.237082, -29.903688], [-51.236974, -29.903692], [-51.236978, -29.903786]]]}, "properties": {}},
{"type": "Feature", "geometry": {"type": "Polygon", "coordinates": [[[-51.229586, -29.902226], [-51.22959, -29.902267], [-51.229617, -29.902265], [-51.229613, -29.902224], [-51.229586, -29.902226]]]}, "properties": {}},
{"type": "Feature", "geometry": {"type": "Polygon", "coordinates": [[[-51.233788, -29.899806], [-51.233796, -29.899874], [-51.233852, -29.899869], [-51.23385, -29.899846], [-51.233856, -29.899845], [-51.233854, -29.899823], [-51.233868, -29.899822], [-51.233865, -29.899799], [-51.233788, -29.899806]]]}, "properties": {}},
{"type": "Feature", "geometry": {"type": "Polygon", "coordinates": [[[-51.238617, -29.901224], [-51.238509, -29.901236], [-51.238513, -29.901259], [-51.238541, -29.901258], [-51.238541, -29.901253], [-51.238622, -29.901249], [-51.238617, -29.901224]]]}, "properties": {}},
{"type": "Feature", "geometry": {"type": "Polygon", "coordinates": [[[-51.237518, -29.899545], [-51.237544, -29.899544], [-51.237541, -29.899493], [-51.237515, -29.899494], [-51.237518, -29.899545]]]}, "properties": {}},
{"type": "Feature", "geometry": {"type": "Polygon", "coordinates": [[[-51.234976, -29.900482], [-51.234979, -29.900504], [-51.234935, -29.900509], [-51.23494, -29.900554], [-51.234983, -29.90055], [-51.234979, -29.900523], [-51.235046, -29.900516], [-51.235041, -29.900476], [-51.234976, -29.900482]]]}, "properties": {}},
{"type": "Feature", "geometry": {"type": "Polygon", "coordinates": [[[-51.238149, -29.899482], [-51.238153, -29.899522], [-51.238203, -29.899518], [-51.238198, -29.899478], [-51.238149, -29.899482]]]}, "properties": {}},
{"type": "Feature", "geometry": {"type": "Polygon", "coordinates": [[[-51.236717, -29.90144], [-51.236704, -29.901442], [-51.236663, -29.901445], [-51.236666, -29.901471], [-51.23672, -29.901466], [-51.236717, -29.90144]]]}, "properties": {}},
{"type": "Feature", "geometry": {"type": "Polygon", "coordinates": [[[-51.23545, -29.902323], [-51.235455, -29.902393], [-51.235517, -29.902389], [-51.235512, -29.902319], [-51.23545, -29.902323]]]}, "properties": {}},
{"type": "Feature", "geometry": {"type": "Polygon", "coordinates": [[[-51.237426, -29.904384], [-51.237432, -29.904459], [-51.237575, -29.904451], [-51.23757, -29.904376], [-51.237426, -29.904384]]]}, "properties": {}},
{"type": "Feature", "geometry": {"type": "Polygon", "coordinates": [[[-51.23751, -29.89938], [-51.237526, -29.899379], [-51.237529, -29.899405], [-51.237592, -29.8994], [-51.237587, -29.899351], [-51.237507, -29.899357], [-51.23751, -29.89938]]]}, "properties": {}},
{"type": "Feature", "geometry": {"type": "Polygon", "coordinates": [[[-51.236309, -29.900786], [-51.236317, -29.900823], [-51.236372, -29.900814], [-51.236364, -29.900777], [-51.236309, -29.900786]]]}, "properties": {}},
{"type": "Feature", "geometry": {"type": "Polygon", "coordinates": [[[-51.236276, -29.903176], [-51.236281, -29.903264], [-51.236257, -29.903265], [-51.23626, -29.903314], [-51.236279, -29.903313], [-51.236278, -29.903291], [-51.236353, -29.903287], [-51.236346, -29.903173], [-51.236276, -29.903176]]]}, "properties": {}},
{"type": "Feature", "geometry": {"type": "Polygon", "coordinates": [[[-51.230058, -29.900371], [-51.230052, -29.900287], [-51.229915, -29.900294], [-51.229919, -29.900378], [-51.230058, -29.900371]]]}, "properties": {}},
{"type": "Feature", "geometry": {"type": "Polygon", "coordinates": [[[-51.233228, -29.901246], [-51.233231, -29.9013], [-51.23327, -29.901299], [-51.233267, -29.901245], [-51.233228, -29.901246]]]}, "properties": {}},
{"type": "Feature", "geometry": {"type": "Polygon", "coordinates": [[[-51.23113, -29.900566], [-51.230965, -29.900574], [-51.230966, -29.900597], [-51.231132, -29.900589], [-51.23113, -29.900566]]]}, "properties": {}},
{"type": "Feature", "geometry": {"type": "Polygon", "coordinates": [[[-51.237387, -29.903838], [-51.237389, -29.903875], [-51.23746, -29.903871], [-51.237457, -29.903834], [-51.237387, -29.903838]]]}, "properties": {}},
{"type": "Feature", "geometry": {"type": "Polygon", "coordinates": [[[-51.237488, -29.903052], [-51.23749, -29.903131], [-51.237511, -29.90313], [-51.237512, -29.903159], [-51.23756, -29.903156], [-51.237553, -29.903048], [-51.237488, -29.903052]]]}, "properties": {}},
{"type": "Feature", "geometry": {"type": "Polygon", "coordinates": [[[-51.239031, -29.900646], [-51.238976, -29.900656], [-51.238982, -29.90068], [-51.239037, -29.900671], [-51.239031, -29.900646]]]}, "properties": {}},
{"type": "Feature", "geometry": {"type": "Polygon", "coordinates": [[[-51.235823, -29.89983], [-51.235816, -29.899831], [-51.235812, -29.89978], [-51.235725, -29.899786], [-51.235727, -29.899815], [-51.235688, -29.899818], [-51.235693, -29.89987], [-51.235732, -29.899867], [-51.235731, -29.899861], [-51.235825, -29.899854], [-51.235823, -29.89983]]]}, "properties": {}},
{"type": "Feature", "geometry": {"type": "Polygon", "coordinates": [[[-51.237632, -29.9033], [-51.237635, -29.903339], [-51.237657, -29.903337], [-51.237654, -29.903299], [-51.237632, -29.9033]]]}, "properties": {}},
{"type": "Feature", "geometry": {"type": "Polygon", "coordinates": [[[-51.239254, -29.904253], [-51.239191, -29.904259], [-51.239196, -29.904298], [-51.239217, -29.904296], [-51.239222, -29.904335], [-51.239285, -29.904329], [-51.239288, -29.90435], [-51.239329, -29.904346], [-51.239317, -29.904247], [-51.239254, -29.904253]]]}, "properties": {}},
{"type": "Feature", "geometry": {"type": "Polygon", "coordinates": [[[-51.234863, -29.900414], [-51.234808, -29.900419], [-51.234812, -29.900473], [-51.234851, -29.90047], [-51.234853, -29.90049], [-51.234886, -29.900487], [-51.234888, -29.900499], [-51.234909, -29.900497], [-51.234918, -29.900578], [-51.234928, -29.900577], [-51.234932, -29.900604], [-51.234945, -29.900603], [-51.234933, -29.900486], [-51.234917, -29.900345], [-51.234856, -29.90035], [-51.234863, -29.900414]]]}, "properties": {}},
{"type": "Feature", "geometry": {"type": "Polygon", "coordinates": [[[-51.233556, -29.901761], [-51.233588, -29.901759], [-51.233585, -29.901711], [-51.233553, -29.901713], [-51.233556, -29.901761]]]}, "properties": {}},
{"type": "Feature", "geometry": {"type": "Polygon", "coordinates": [[[-51.234991, -29.899506], [-51.234988, -29.899486], [-51.234936, -29.899493], [-51.23494, -29.899513], [-51.234991, -29.899506]]]}, "properties": {}},
{"type": "Feature", "geometry": {"type": "Polygon", "coordinates": [[[-51.234355, -29.903928], [-51.234358, -29.903977], [-51.234376, -29.903976], [-51.234373, -29.903927], [-51.234355, -29.903928]]]}, "properties": {}},
{"type": "Feature", "geometry": {"type": "Polygon", "coordinates": [[[-51.234441, -29.904768], [-51.234456, -29.904767], [-51.234454, -29.904743], [-51.234439, -29.904744], [-51.234438, -29.904725], [-51.234332, -29.904731], [-51.234337, -29.904802], [-51.234443, -29.904796], [-51.234441, -29.904768]]]}, "properties": {}},
{"type": "Feature", "geometry": {"type": "Polygon", "coordinates": [[[-51.239783, -29.903892], [-51.239764, -29.903896], [-51.239769, -29.903914], [-51.239788, -29.903911], [-51.239796, -29.903944], [-51.239827, -29.903938], [-51.239836, -29.903972], [-51.239867, -29.903966], [-51.239846, -29.90388], [-51.239783, -29.903892]]]}, "properties": {}},
{"type": "Feature", "geometry": {"type": "Polygon", "coordinates": [[[-51.230561, -29.901749], [-51.23056, -29.901696], [-51.230476, -29.901698], [-51.230478, -29.901751], [-51.230561, -29.901749]]]}, "properties": {}},
{"type": "Feature", "geometry": {"type": "Polygon", "coordinates": [[[-51.232577, -29.904722], [-51.23258, -29.904766], [-51.232622, -29.904764], [-51.232619, -29.904719], [-51.232577, -29.904722]]]}, "properties": {}},
{"type": "Feature", "geometry": {"type": "Polygon", "coordinates": [[[-51.233573, -29.900692], [-51.233577, -29.90073], [-51.233614, -29.900727], [-51.233609, -29.900688], [-51.233573, -29.900692]]]}, "properties": {}},
{"type": "Feature", "geometry": {"type": "Polygon", "coordinates": [[[-51.235648, -29.901709], [-51.235716, -29.901703], [-51.235714, -29.901683], [-51.235646, -29.901689], [-51.235648, -29.901709]]]}, "properties": {}},
{"type": "Feature", "geometry": {"type": "Polygon", "coordinates": [[[-51.237442, -29.901437], [-51.237461, -29.901434], [-51.237468, -29.901475], [-51.237478, -29.901474], [-51.237465, -29.901395], [-51.237544, -29.901385], [-51.237542, -29.901369], [-51.237433, -29.901383], [-51.237442, -29.901437]]]}, "properties": {}},
{"type": "Feature", "geometry": {"type": "Polygon", "coordinates": [[[-51.235016, -29.900864], [-51.234965, -29.900865], [-51.234967, -29.90091], [-51.235018, -29.900908], [-51.235016, -29.900864]]]}, "properties": {}},
{"type": "Feature", "geometry": {"type": "Polygon", "coordinates": [[[-51.236745, -29.901122], [-51.236749, -29.901146], [-51.236836, -29.901135], [-51.236832, -29.901112], [-51.236745, -29.901122]]]}, "properties": {}},
{"type": "Feature", "geometry": {"type": "Polygon", "coordinates": [[[-51.229486, -29.899779], [-51.229554, -29.899776], [-51.229552, -29.899727], [-51.229483, -29.89973], [-51.229486, -29.899779]]]}, "properties": {}},
{"type": "Feature", "geometry": {"type": "Polygon", "coordinates": [[[-51.236193, -29.902253], [-51.236282, -29.90225], [-51.236278, -29.90217], [-51.236188, -29.902174], [-51.236193, -29.902253]]]}, "properties": {}},
{"type": "Feature", "geometry": {"type": "Polygon", "coordinates": [[[-51.23981, -29.904551], [-51.239804, -29.904496], [-51.239684, -29.904505], [-51.239689, -29.90456], [-51.23981, -29.904551]]]}, "properties": {}},
{"type": "Feature", "geometry": {"type": "Polygon", "coordinates": [[[-51.237657, -29.904489], [-51.237662, -29.904546], [-51.237664, -29.904568], [-51.23768, -29.904567], [-51.237679, -29.904552], [-51.237698, -29.904551], [-51.237697, -29.90454], [-51.23769, -29.904459], [-51.23769, -29.904458], [-51.237654, -29.90446], [-51.237657, -29.904489]]]}, "properties": {}},
{"type": "Feature", "geometry": {"type": "Polygon", "coordinates": [[[-51.236432, -29.900664], [-51.236453, -29.90075], [-51.236504, -29.90074], [-51.236484, -29.900654], [-51.236432, -29.900664]]]}, "properties": {}},
{"type": "Feature", "geometry": {"type": "Polygon", "coordinates": [[[-51.237995, -29.90458], [-51.237976, -29.904581], [-51.23798, -29.904634], [-51.238043, -29.904631], [-51.238041, -29.904609], [-51.238038, -29.904577], [-51.237995, -29.90458]]]}, "properties": {}},
{"type": "Feature", "geometry": {"type": "Polygon", "coordinates": [[[-51.232716, -29.900615], [-51.232716, -29.900657], [-51.232796, -29.900656], [-51.232796, -29.900615], [-51.232716, -29.900615]]]}, "properties": {}},
{"type": "Feature", "geometry": {"type": "Polygon", "coordinates": [[[-51.229588, -29.901202], [-51.229591, -29.901243], [-51.229569, -29.901244], [-51.229572, -29.901283], [-51.229617, -29.90128], [-51.22961, -29.9012], [-51.229588, -29.901202]]]}, "properties": {}},
{"type": "Feature", "geometry": {"type": "Polygon", "coordinates": [[[-51.237501, -29.903685], [-51.237507, -29.903733], [-51.23753, -29.903731], [-51.237526, -29.903684], [-51.237501, -29.903685]]]}, "properties": {}},
{"type": "Feature", "geometry": {"type": "Polygon", "coordinates": [[[-51.230537, -29.900939], [-51.230529, -29.900828], [-51.230484, -29.900831], [-51.230478, -29.900758], [-51.230385, -29.900764], [-51.23039, -29.900836], [-51.230398, -29.900934], [-51.230399, -29.900947], [-51.230537, -29.900939]]]}, "properties": {}},
{"type": "Feature", "geometry": {"type": "Polygon", "coordinates": [[[-51.234555, -29.900089], [-51.234635, -29.900094], [-51.234638, -29.900052], [-51.234605, -29.90005], [-51.234607, -29.90003], [-51.23458, -29.900028], [-51.234578, -29.900053], [-51.234558, -29.900052], [-51.234555, -29.900089]]]}, "properties": {}},
{"type": "Feature", "geometry": {"type": "Polygon", "coordinates": [[[-51.234756, -29.899518], [-51.234759, -29.899536], [-51.23483, -29.899527], [-51.234827, -29.899508], [-51.234756, -29.899518]]]}, "properties": {}},
{"type": "Feature", "geometry": {"type": "Polygon", "coordinates": [[[-51.234384, -29.902814], [-51.234388, -29.902876], [-51.234418, -29.902874], [-51.234413, -29.902812], [-51.234384, -29.902814]]]}, "properties": {}},
{"type": "Feature", "geometry": {"type": "Polygon", "coordinates": [[[-51.235556, -29.900894], [-51.235554, -29.900876], [-51.235491, -29.900879], [-51.235493, -29.900897], [-51.235486, -29.900898], [-51.23549, -29.900951], [-51.235567, -29.900947], [-51.235562, -29.900893], [-51.235556, -29.900894]]]}, "properties": {}},
{"type": "Feature", "geometry": {"type": "Polygon", "coordinates": [[[-51.239013, -29.904327], [-51.239014, -29.904344], [-51.239117, -29.904337], [-51.239111, -29.904267], [-51.239109, -29.904246], [-51.239054, -29.90425], [-51.239056, -29.904271], [-51.239045, -29.904272], [-51.239008, -29.904274], [-51.239013, -29.904327]]]}, "properties": {}},
{"type": "Feature", "geometry": {"type": "Polygon", "coordinates": [[[-51.233149, -29.901523], [-51.23315, -29.901587], [-51.233257, -29.901586], [-51.233256, -29.901534], [-51.233191, -29.901535], [-51.233191, -29.901523], [-51.233149, -29.901523]]]}, "properties": {}},
{"type": "Feature", "geometry": {"type": "Polygon", "coordinates": [[[-51.233644, -29.903419], [-51.233647, -29.903468], [-51.233743, -29.903463], [-51.233739, -29.903414], [-51.233644, -29.903419]]]}, "properties": {}},
{"type": "Feature", "geometry": {"type": "Polygon", "coordinates": [[[-51.236673, -29.900217], [-51.236681, -29.900265], [-51.236717, -29.900263], [-51.236712, -29.900214], [-51.236673, -29.900217]]]}, "properties": {}},
{"type": "Feature", "geometry": {"type": "Polygon", "coordinates": [[[-51.231645, -29.904215], [-51.231717, -29.904211], [-51.231714, -29.904183], [-51.231732, -29.904182], [-51.231731, -29.904161], [-51.231713, -29.904162], [-51.231711, -29.904138], [-51.231639, -29.904142], [-51.231645, -29.904215]]]}, "properties": {}},
{"type": "Feature", "geometry": {"type": "Polygon", "coordinates": [[[-51.236282, -29.901448], [-51.236408, -29.901444], [-51.236406, -29.9014], [-51.236399, -29.901401], [-51.236397, -29.901364], [-51.236279, -29.901368], [-51.236282, -29.901448]]]}, "properties": {}},
{"type": "Feature", "geometry": {"type": "Polygon", "coordinates": [[[-51.236585, -29.900824], [-51.236634, -29.900819], [-51.236629, -29.900779], [-51.23658, -29.900784], [-51.236585, -29.900824]]]}, "properties": {}},
{"type": "Feature", "geometry": {"type": "Polygon", "coordinates": [[[-51.23754, -29.899293], [-51.237544, -29.899323], [-51.237595, -29.899319], [-51.237595, -29.899315], [-51.237592, -29.899288], [-51.23754, -29.899293]]]}, "properties": {}},
{"type": "Feature", "geometry": {"type": "Polygon", "coordinates": [[[-51.237667, -29.900365], [-51.237666, -29.900348], [-51.237639, -29.900349], [-51.237637, -29.900326], [-51.237581, -29.900329], [-51.237581, -29.900331], [-51.237582, -29.900345], [-51.237592, -29.900344], [-51.237595, -29.900392], [-51.237642, -29.90039], [-51.23764, -29.900367], [-51.237667, -29.900365]]]}, "properties": {}},
{"type": "Feature", "geometry": {"type": "Polygon", "coordinates": [[[-51.233962, -29.899372], [-51.233977, -29.899373], [-51.233976, -29.899406], [-51.234002, -29.899406], [-51.234003, -29.899374], [-51.234034, -29.899375], [-51.234035, -29.899348], [-51.234015, -29.899347], [-51.234016, -29.899326], [-51.233964, -29.899325], [-51.233962, -29.899372]]]}, "properties": {}},
{"type": "Feature", "geometry": {"type": "Polygon", "coordinates": [[[-51.236504, -29.900679], [-51.236522, -29.900805], [-51.236581, -29.900798], [-51.236565, -29.900673], [-51.236504, -29.900679]]]}, "properties": {}},
{"type": "Feature", "geometry": {"type": "Polygon", "coordinates": [[[-51.23803, -29.903842], [-51.238034, -29.903896], [-51.238095, -29.903892], [-51.238092, -29.903854], [-51.238105, -29.903853], [-51.238104, -29.903838], [-51.23803, -29.903842]]]}, "properties": {}},
{"type": "Feature", "geometry": {"type": "Polygon", "coordinates": [[[-51.238426, -29.900926], [-51.238549, -29.900906], [-51.238539, -29.900858], [-51.23844, -29.900874], [-51.238439, -29.900867], [-51.238414, -29.900871], [-51.238426, -29.900926]]]}, "properties": {}},
{"type": "Feature", "geometry": {"type": "Polygon", "coordinates": [[[-51.230798, -29.90215], [-51.230795, -29.902108], [-51.230792, -29.902059], [-51.230779, -29.902059], [-51.230633, -29.902065], [-51.230635, -29.902099], [-51.23067, -29.902098], [-51.230677, -29.902097], [-51.230678, -29.902114], [-51.230671, -29.902114], [-51.230673, -29.902156], [-51.230763, -29.902152], [-51.230798, -29.90215]]]}, "properties": {}},
{"type": "Feature", "geometry": {"type": "Polygon", "coordinates": [[[-51.237611, -29.901966], [-51.237616, -29.902029], [-51.237588, -29.90203], [-51.237591, -29.902073], [-51.23766, -29.902069], [-51.237652, -29.901963], [-51.237611, -29.901966]]]}, "properties": {}},
{"type": "Feature", "geometry": {"type": "Polygon", "coordinates": [[[-51.230042, -29.900235], [-51.2302, -29.900227], [-51.230196, -29.900163], [-51.230037, -29.900171], [-51.230042, -29.900235]]]}, "properties": {}},
{"type": "Feature", "geometry": {"type": "Polygon", "coordinates": [[[-51.235517, -29.902389], [-51.235549, -29.902387], [-51.235544, -29.902318], [-51.235512, -29.902319], [-51.235517, -29.902389]]]}, "properties": {}},
{"type": "Feature", "geometry": {"type": "Polygon", "coordinates": [[[-51.235001, -29.904591], [-51.234905, -29.904596], [-51.234907, -29.904628], [-51.234965, -29.904625], [-51.235003, -29.904624], [-51.235001, -29.904591]]]}, "properties": {}},
{"type": "Feature", "geometry": {"type": "Polygon", "coordinates": [[[-51.233423, -29.89966], [-51.233456, -29.899659], [-51.233453, -29.899609], [-51.23342, -29.89961], [-51.233423, -29.89966]]]}, "properties": {}},
{"type": "Feature", "geometry": {"type": "Polygon", "coordinates": [[[-51.229568, -29.903028], [-51.229572, -29.903075], [-51.229629, -29.903071], [-51.229624, -29.903024], [-51.229616, -29.902939], [-51.229559, -29.902943], [-51.229568, -29.903028]]]}, "properties": {}},
{"type": "Feature", "geometry": {"type": "Polygon", "coordinates": [[[-51.230749, -29.903948], [-51.230742, -29.903829], [-51.230686, -29.903832], [-51.230688, -29.903861], [-51.230626, -29.903864], [-51.23063, -29.903901], [-51.230633, -29.903954], [-51.230749, -29.903948]]]}, "properties": {}},
{"type": "Feature", "geometry": {"type": "Polygon", "coordinates": [[[-51.234077, -29.90097], [-51.234078, -29.900988], [-51.234138, -29.900986], [-51.234137, -29.900967], [-51.234077, -29.90097]]]}, "properties": {}},
{"type": "Feature", "geometry": {"type": "Polygon", "coordinates": [[[-51.235049, -29.903819], [-51.235056, -29.903868], [-51.23506, -29.903901], [-51.23508, -29.903899], [-51.235077, -29.903881], [-51.235114, -29.903877], [-51.235104, -29.903802], [-51.235047, -29.903808], [-51.235049, -29.903819]]]}, "properties": {}},
{"type": "Feature", "geometry": {"type": "Polygon", "coordinates": [[[-51.234107, -29.901313], [-51.234113, -29.90139], [-51.234164, -29.901387], [-51.234159, -29.901311], [-51.234107, -29.901313]]]}, "properties": {}},
{"type": "Feature", "geometry": {"type": "Polygon", "coordinates": [[[-51.235871, -29.904127], [-51.235882, -29.904127], [-51.23588, -29.904085], [-51.235897, -29.904084], [-51.235897, -29.904077], [-51.235875, -29.904079], [-51.235837, -29.904081], [-51.23584, -29.904114], [-51.235844, -29.904147], [-51.235845, -29.904162], [-51.235873, -29.904161], [-51.235871, -29.904127]]]}, "properties": {}},
{"type": "Feature", "geometry": {"type": "Polygon", "coordinates": [[[-51.236563, -29.901126], [-51.236555, -29.901051], [-51.236522, -29.901054], [-51.236527, -29.901128], [-51.236563, -29.901126]]]}, "properties": {}},
{"type": "Feature", "geometry": {"type": "Polygon", "coordinates": [[[-51.234272, -29.90278], [-51.234276, -29.90282], [-51.234351, -29.902816], [-51.234347, -29.902775], [-51.234272, -29.90278]]]}, "properties": {}},
{"type": "Feature", "geometry": {"type": "Polygon", "coordinates": [[[-51.237435, -29.902082], [-51.237432, -29.90201], [-51.23735, -29.902013], [-51.237356, -29.902085], [-51.237435, -29.902082]]]}, "properties": {}},
{"type": "Feature", "geometry": {"type": "Polygon", "coordinates": [[[-51.237637, -29.903669], [-51.23764, -29.903726], [-51.237711, -29.903723], [-51.237708, -29.903666], [-51.237637, -29.903669]]]}, "properties": {}},
{"type": "Feature", "geometry": {"type": "Polygon", "coordinates": [[[-51.236803, -29.900342], [-51.236808, -29.900409], [-51.236907, -29.900403], [-51.236901, -29.900337], [-51.236803, -29.900342]]]}, "properties": {}},
{"type": "Feature", "geometry": {"type": "Polygon", "coordinates": [[[-51.236207, -29.902606], [-51.2362, -29.902549], [-51.236169, -29.902551], [-51.236171, -29.902571], [-51.236115, -29.902575], [-51.236116, -29.902586], [-51.236081, -29.902588], [-51.236081, -29.90259], [-51.236082, -29.902592], [-51.236083, -29.902608], [-51.236085, -29.902623], [-51.236086, -29.902633], [-51.236086, -29.902635], [-51.236087, -29.902647], [-51.236088, -29.902663], [-51.23609, -29.902678], [-51.23609, -29.902679], [-51.236129, -29.902675], [-51.236131, -29.902691], [-51.236175, -29.902687], [-51.236172, -29.902668], [-51.236189, -29.902667], [-51.236182, -29.902608], [-51.236207, -29.902606]]]}, "properties": {}},
{"type": "Feature", "geometry": {"type": "Polygon", "coordinates": [[[-51.237843, -29.901322], [-51.237848, -29.901358], [-51.237902, -29.901353], [-51.237898, -29.901316], [-51.237843, -29.901322]]]}, "properties": {}},
{"type": "Feature", "geometry": {"type": "Polygon", "coordinates": [[[-51.230631, -29.904099], [-51.230628, -29.904045], [-51.230595, -29.904046], [-51.230596, -29.904054], [-51.230559, -29.904056], [-51.230561, -29.904074], [-51.230554, -29.904074], [-51.230556, -29.904103], [-51.230631, -29.904099]]]}, "properties": {}},
{"type": "Feature", "geometry": {"type": "Polygon", "coordinates": [[[-51.237507, -29.90397], [-51.237588, -29.903965], [-51.237587, -29.90395], [-51.237616, -29.903948], [-51.237614, -29.903917], [-51.237503, -29.903924], [-51.237507, -29.90397]]]}, "properties": {}},
{"type": "Feature", "geometry": {"type": "Polygon", "coordinates": [[[-51.234846, -29.901512], [-51.234841, -29.901437], [-51.234759, -29.901441], [-51.234765, -29.901516], [-51.234846, -29.901512]]]}, "properties": {}},
{"type": "Feature", "geometry": {"type": "Polygon", "coordinates": [[[-51.233133, -29.900466], [-51.233133, -29.900526], [-51.233235, -29.900527], [-51.233236, -29.900485], [-51.233222, -29.900485], [-51.233222, -29.900466], [-51.233133, -29.900466]]]}, "properties": {}},
{"type": "Feature", "geometry": {"type": "Polygon", "coordinates": [[[-51.229428, -29.90385], [-51.229466, -29.903848], [-51.229468, -29.903874], [-51.229489, -29.903872], [-51.229487, -29.903846], [-51.229481, -29.903846], [-51.229476, -29.903777], [-51.229419, -29.90378], [-51.229428, -29.90385]]]}, "properties": {}},
{"type": "Feature", "geometry": {"type": "Polygon", "coordinates": [[[-51.230725, -29.903032], [-51.230663, -29.903034], [-51.230666, -29.903089], [-51.230719, -29.903087], [-51.230728, -29.903087], [-51.230725, -29.903032]]]}, "properties": {}},
{"type": "Feature", "geometry": {"type": "Polygon", "coordinates": [[[-51.238327, -29.903705], [-51.238329, -29.903732], [-51.238351, -29.903731], [-51.238349, -29.903705], [-51.238327, -29.903705]]]}, "properties": {}},
{"type": "Feature", "geometry": {"type": "Polygon", "coordinates": [[[-51.234688, -29.89979], [-51.234688, -29.899826], [-51.234739, -29.899826], [-51.234741, -29.89979], [-51.234688, -29.89979]]]}, "properties": {}},
{"type": "Feature", "geometry": {"type": "Polygon", "coordinates": [[[-51.230776, -29.902455], [-51.23078, -29.902515], [-51.230862, -29.902511], [-51.230859, -29.90245], [-51.230776, -29.902455]]]}, "properties": {}},
{"type": "Feature", "geometry": {"type": "Polygon", "coordinates": [[[-51.23255, -29.901884], [-51.232552, -29.901931], [-51.232592, -29.90193], [-51.232592, -29.901923], [-51.232598, -29.901922], [-51.232596, -29.901883], [-51.23255, -29.901884]]]}, "properties": {}},
{"type": "Feature", "geometry": {"type": "Polygon", "coordinates": [[[-51.238425, -29.902473], [-51.238428, -29.902501], [-51.238382, -29.902504], [-51.238391, -29.902628], [-51.238437, -29.902626], [-51.238432, -29.902571], [-51.238489, -29.902568], [-51.238482, -29.902469], [-51.238425, -29.902473]]]}, "properties": {}},
{"type": "Feature", "geometry": {"type": "Polygon", "coordinates": [[[-51.237417, -29.900407], [-51.237416, -29.900384], [-51.237451, -29.900382], [-51.237448, -29.900355], [-51.237378, -29.900359], [-51.237382, -29.900409], [-51.237417, -29.900407]]]}, "properties": {}},
{"type": "Feature", "geometry": {"type": "Polygon", "coordinates": [[[-51.23841, -29.902683], [-51.238394, -29.902684], [-51.238395, -29.902693], [-51.23841, -29.902692], [-51.238496, -29.902689], [-51.238493, -29.902641], [-51.238407, -29.902644], [-51.23841, -29.902683]]]}, "properties": {}},
{"type": "Feature", "geometry": {"type": "Polygon", "coordinates": [[[-51.237444, -29.899473], [-51.237393, -29.899475], [-51.237373, -29.899476], [-51.237374, -29.89949], [-51.237378, -29.899572], [-51.237469, -29.899569], [-51.237467, -29.899543], [-51.237467, -29.89953], [-51.237447, -29.899531], [-51.237444, -29.899473]]]}, "properties": {}},
{"type": "Feature", "geometry": {"type": "Polygon", "coordinates": [[[-51.232899, -29.902885], [-51.232907, -29.90298], [-51.232983, -29.902975], [-51.232976, -29.90288], [-51.232899, -29.902885]]]}, "properties": {}},
{"type": "Feature", "geometry": {"type": "Polygon", "coordinates": [[[-51.236798, -29.900625], [-51.236811, -29.900719], [-51.236894, -29.90071], [-51.236881, -29.900617], [-51.236798, -29.900625]]]}, "properties": {}},
{"type": "Feature", "geometry": {"type": "Polygon", "coordinates": [[[-51.230296, -29.901022], [-51.2303, -29.901071], [-51.23037, -29.901067], [-51.230367, -29.901018], [-51.230296, -29.901022]]]}, "properties": {}},
{"type": "Feature", "geometry": {"type": "Polygon", "coordinates": [[[-51.234622, -29.89959], [-51.234623, -29.899604], [-51.234637, -29.899603], [-51.234636, -29.899589], [-51.234649, -29.899588], [-51.23465, -29.899596], [-51.234722, -29.899592], [-51.234717, -29.899537], [-51.234618, -29.899544], [-51.23462, -29.899559], [-51.234622, -29.89959]]]}, "properties": {}},
{"type": "Feature", "geometry": {"type": "Polygon", "coordinates": [[[-51.234633, -29.901013], [-51.234639, -29.901074], [-51.234699, -29.90107], [-51.234693, -29.901008], [-51.234633, -29.901013]]]}, "properties": {}},
{"type": "Feature", "geometry": {"type": "Polygon", "coordinates": [[[-51.233059, -29.899348], [-51.233059, -29.899401], [-51.233125, -29.899401], [-51.233125, -29.899348], [-51.233059, -29.899348]]]}, "properties": {}},
{"type": "Feature", "geometry": {"type": "Polygon", "coordinates": [[[-51.233138, -29.901314], [-51.233134, -29.90125], [-51.233016, -29.901255], [-51.23302, -29.901319], [-51.233009, -29.901319], [-51.23301, -29.901322], [-51.233009, -29.901347], [-51.233063, -29.901344], [-51.233061, -29.901317], [-51.233138, -29.901314]]]}, "properties": {}},
{"type": "Feature", "geometry": {"type": "Polygon", "coordinates": [[[-51.232315, -29.901994], [-51.23232, -29.902069], [-51.23241, -29.902065], [-51.232405, -29.901989], [-51.232315, -29.901994]]]}, "properties": {}},
{"type": "Feature", "geometry": {"type": "Polygon", "coordinates": [[[-51.235061, -29.902034], [-51.235062, -29.902068], [-51.235096, -29.902066], [-51.235094, -29.902033], [-51.235061, -29.902034]]]}, "properties": {}},
{"type": "Feature", "geometry": {"type": "Polygon", "coordinates": [[[-51.231213, -29.899941], [-51.231211, -29.899913], [-51.231158, -29.899916], [-51.23116, -29.899944], [-51.231213, -29.899941]]]}, "properties": {}},
{"type": "Feature", "geometry": {"type": "Polygon", "coordinates": [[[-51.232996, -29.902029], [-51.232916, -29.902031], [-51.232918, -29.902074], [-51.233018, -29.902071], [-51.233016, -29.902018], [-51.232996, -29.902018], [-51.232996, -29.902029]]]}, "properties": {}},
{"type": "Feature", "geometry": {"type": "Polygon", "coordinates": [[[-51.234136, -29.901264], [-51.234139, -29.901312], [-51.234168, -29.90131], [-51.234164, -29.901262], [-51.234136, -29.901264]]]}, "properties": {}},
{"type": "Feature", "geometry": {"type": "Polygon", "coordinates": [[[-51.237843, -29.901322], [-51.237898, -29.901316], [-51.237892, -29.901268], [-51.237837, -29.901274], [-51.237843, -29.901322]]]}, "properties": {}},
{"type": "Feature", "geometry": {"type": "Polygon", "coordinates": [[[-51.235676, -29.903832], [-51.23568, -29.903869], [-51.235713, -29.903867], [-51.235711, -29.903841], [-51.235725, -29.90384], [-51.235724, -29.903828], [-51.235676, -29.903832]]]}, "properties": {}},
{"type": "Feature", "geometry": {"type": "Polygon", "coordinates": [[[-51.230599, -29.902604], [-51.230598, -29.902575], [-51.230541, -29.902577], [-51.230542, -29.902605], [-51.230538, -29.902605], [-51.230541, -29.902666], [-51.230609, -29.902664], [-51.230606, -29.902603], [-51.230599, -29.902604]]]}, "properties": {}},
{"type": "Feature", "geometry": {"type": "Polygon", "coordinates": [[[-51.235933, -29.900303], [-51.235885, -29.900306], [-51.235888, -29.900332], [-51.235845, -29.900335], [-51.235849, -29.900379], [-51.235918, -29.900374], [-51.235919, -29.900389], [-51.235944, -29.900387], [-51.235933, -29.900303]]]}, "properties": {}},
{"type": "Feature", "geometry": {"type": "Polygon", "coordinates": [[[-51.23246, -29.899675], [-51.232462, -29.899692], [-51.232514, -29.899689], [-51.232512, -29.899672], [-51.23246, -29.899675]]]}, "properties": {}},
{"type": "Feature", "geometry": {"type": "Polygon", "coordinates": [[[-51.233088, -29.904746], [-51.233093, -29.904802], [-51.233155, -29.904799], [-51.233151, -29.904743], [-51.233088, -29.904746]]]}, "properties": {}},
{"type": "Feature", "geometry": {"type": "Polygon", "coordinates": [[[-51.231426, -29.902027], [-51.231433, -29.902119], [-51.23146, -29.902118], [-51.231453, -29.902025], [-51.231426, -29.902027]]]}, "properties": {}},
{"type": "Feature", "geometry": {"type": "Polygon", "coordinates": [[[-51.229959, -29.90009], [-51.230099, -29.900085], [-51.230096, -29.900026], [-51.230065, -29.900027], [-51.230064, -29.9], [-51.229955, -29.900003], [-51.229959, -29.90009]]]}, "properties": {}},
{"type": "Feature", "geometry": {"type": "Polygon", "coordinates": [[[-51.231324, -29.899786], [-51.231254, -29.89979], [-51.231258, -29.899844], [-51.231329, -29.89984], [-51.231324, -29.899786]]]}, "properties": {}},
{"type": "Feature", "geometry": {"type": "Polygon", "coordinates": [[[-51.231732, -29.900771], [-51.231695, -29.900772], [-51.231698, -29.900832], [-51.231789, -29.900826], [-51.231787, -29.900771], [-51.231797, -29.90077], [-51.231795, -29.900738], [-51.231785, -29.900739], [-51.231785, -29.900724], [-51.23173, -29.900726], [-51.231732, -29.900771]]]}, "properties": {}},
{"type": "Feature", "geometry": {"type": "Polygon", "coordinates": [[[-51.234134, -29.90193], [-51.234136, -29.902012], [-51.234219, -29.90201], [-51.234216, -29.901928], [-51.234134, -29.90193]]]}, "properties": {}},
{"type": "Feature", "geometry": {"type": "Polygon", "coordinates": [[[-51.239144, -29.901959], [-51.239214, -29.901951], [-51.239209, -29.901921], [-51.239139, -29.90193], [-51.239144, -29.901959]]]}, "properties": {}},
{"type": "Feature", "geometry": {"type": "Polygon", "coordinates": [[[-51.238992, -29.903323], [-51.238998, -29.903387], [-51.239119, -29.903378], [-51.239113, -29.903314], [-51.238992, -29.903323]]]}, "properties": {}},
{"type": "Feature", "geometry": {"type": "Polygon", "coordinates": [[[-51.231335, -29.901212], [-51.231258, -29.901219], [-51.231264, -29.901265], [-51.231341, -29.901257], [-51.231335, -29.901212]]]}, "properties": {}},
{"type": "Feature", "geometry": {"type": "Polygon", "coordinates": [[[-51.237214, -29.901595], [-51.237325, -29.901586], [-51.23732, -29.901532], [-51.237208, -29.901541], [-51.237214, -29.901595]]]}, "properties": {}},
{"type": "Feature", "geometry": {"type": "Polygon", "coordinates": [[[-51.231952, -29.901493], [-51.23195, -29.901462], [-51.231793, -29.90147], [-51.231797, -29.901525], [-51.231751, -29.901528], [-51.231753, -29.901548], [-51.231798, -29.901546], [-51.231842, -29.901544], [-51.231841, -29.901529], [-51.231972, -29.901522], [-51.23197, -29.901492], [-51.231952, -29.901493]]]}, "properties": {}},
{"type": "Feature", "geometry": {"type": "Polygon", "coordinates": [[[-51.235492, -29.900063], [-51.235366, -29.900069], [-51.235369, -29.900104], [-51.235494, -29.900093], [-51.235492, -29.900063]]]}, "properties": {}},
{"type": "Feature", "geometry": {"type": "Polygon", "coordinates": [[[-51.235642, -29.90045], [-51.235641, -29.900507], [-51.235689, -29.900508], [-51.23569, -29.90045], [-51.235642, -29.90045]]]}, "properties": {}},
{"type": "Feature", "geometry": {"type": "Polygon", "coordinates": [[[-51.23827, -29.904386], [-51.238236, -29.904388], [-51.238239, -29.904428], [-51.238273, -29.904426], [-51.23827, -29.904386]]]}, "properties": {}},
{"type": "Feature", "geometry": {"type": "Polygon", "coordinates": [[[-51.230603, -29.901105], [-51.230604, -29.901125], [-51.230585, -29.901126], [-51.230586, -29.901145], [-51.230606, -29.901143], [-51.230607, -29.901162], [-51.2307, -29.901157], [-51.230696, -29.9011], [-51.230603, -29.901105]]]}, "properties": {}},
{"type": "Feature", "geometry": {"type": "Polygon", "coordinates": [[[-51.232676, -29.900016], [-51.232707, -29.900015], [-51.232738, -29.900015], [-51.232737, -29.899989], [-51.232675, -29.89999], [-51.232676, -29.900016]]]}, "properties": {}},
{"type": "Feature", "geometry": {"type": "Polygon", "coordinates": [[[-51.235191, -29.904531], [-51.235195, -29.904593], [-51.235282, -29.904589], [-51.235278, -29.904527], [-51.235191, -29.904531]]]}, "properties": {}},
{"type": "Feature", "geometry": {"type": "Polygon", "coordinates": [[[-51.236541, -29.902293], [-51.236517, -29.902293], [-51.236519, -29.90233], [-51.236543, -29.90233], [-51.236541, -29.902293]]]}, "properties": {}},
{"type": "Feature", "geometry": {"type": "Polygon", "coordinates": [[[-51.233105, -29.904129], [-51.233049, -29.904132], [-51.233052, -29.904163], [-51.233013, -29.904166], [-51.233014, -29.904184], [-51.233109, -29.904178], [-51.233105, -29.904129]]]}, "properties": {}},
{"type": "Feature", "geometry": {"type": "Polygon", "coordinates": [[[-51.235496, -29.904204], [-51.235497, -29.904208], [-51.235455, -29.904221], [-51.235464, -29.904245], [-51.235508, -29.904232], [-51.235504, -29.904223], [-51.235521, -29.904218], [-51.235513, -29.904199], [-51.235496, -29.904204]]]}, "properties": {}},
{"type": "Feature", "geometry": {"type": "Polygon", "coordinates": [[[-51.236962, -29.903765], [-51.236958, -29.903692], [-51.236983, -29.903691], [-51.236982, -29.903677], [-51.236918, -29.903681], [-51.236922, -29.903766], [-51.236962, -29.903765]]]}, "properties": {}},
{"type": "Feature", "geometry": {"type": "Polygon", "coordinates": [[[-51.238915, -29.904561], [-51.238908, -29.904505], [-51.238905, -29.904475], [-51.23888, -29.904477], [-51.238882, -29.904492], [-51.238883, -29.904502], [-51.238891, -29.90457], [-51.238916, -29.904567], [-51.238915, -29.904561]]]}, "properties": {}},
{"type": "Feature", "geometry": {"type": "Polygon", "coordinates": [[[-51.238202, -29.904464], [-51.238201, -29.904451], [-51.238176, -29.904453], [-51.238177, -29.904466], [-51.238154, -29.904467], [-51.23816, -29.904535], [-51.238211, -29.904532], [-51.238206, -29.904464], [-51.238202, -29.904464]]]}, "properties": {}},
{"type": "Feature", "geometry": {"type": "Polygon", "coordinates": [[[-51.235624, -29.901009], [-51.235627, -29.901046], [-51.235671, -29.901044], [-51.235668, -29.901007], [-51.235624, -29.901009]]]}, "properties": {}},
{"type": "Feature", "geometry": {"type": "Polygon", "coordinates": [[[-51.233935, -29.90128], [-51.233937, -29.901303], [-51.234007, -29.901297], [-51.234004, -29.901274], [-51.233935, -29.90128]]]}, "properties": {}},
{"type": "Feature", "geometry": {"type": "Polygon", "coordinates": [[[-51.23558, -29.902744], [-51.23553, -29.902747], [-51.235534, -29.902793], [-51.235537, -29.902793], [-51.235567, -29.902791], [-51.2356, -29.902789], [-51.235599, -29.902769], [-51.235597, -29.902748], [-51.235596, -29.902733], [-51.235595, -29.90272], [-51.235594, -29.902708], [-51.235586, -29.902709], [-51.235577, -29.90271], [-51.23558, -29.902744]]]}, "properties": {}},
{"type": "Feature", "geometry": {"type": "Polygon", "coordinates": [[[-51.233165, -29.89955], [-51.23314, -29.899547], [-51.233121, -29.899675], [-51.233195, -29.899683], [-51.233214, -29.899555], [-51.233195, -29.899553], [-51.233165, -29.89955]]]}, "properties": {}},
{"type": "Feature", "geometry": {"type": "Polygon", "coordinates": [[[-51.237545, -29.899905], [-51.237549, -29.899941], [-51.237631, -29.899935], [-51.237627, -29.899899], [-51.237545, -29.899905]]]}, "properties": {}},
{"type": "Feature", "geometry": {"type": "Polygon", "coordinates": [[[-51.233869, -29.900877], [-51.233872, -29.900915], [-51.233924, -29.900912], [-51.233921, -29.900874], [-51.233869, -29.900877]]]}, "properties": {}},
{"type": "Feature", "geometry": {"type": "Polygon", "coordinates": [[[-51.232978, -29.903565], [-51.232981, -29.903602], [-51.233023, -29.903599], [-51.23302, -29.903562], [-51.232978, -29.903565]]]}, "properties": {}},
{"type": "Feature", "geometry": {"type": "Polygon", "coordinates": [[[-51.236166, -29.903295], [-51.23614, -29.903296], [-51.236142, -29.903327], [-51.236168, -29.903325], [-51.236166, -29.903295]]]}, "properties": {}},
{"type": "Feature", "geometry": {"type": "Polygon", "coordinates": [[[-51.234687, -29.901649], [-51.23469, -29.901687], [-51.234772, -29.901683], [-51.23477, -29.901645], [-51.234687, -29.901649]]]}, "properties": {}},
{"type": "Feature", "geometry": {"type": "Polygon", "coordinates": [[[-51.231243, -29.904434], [-51.231245, -29.904464], [-51.231277, -29.904462], [-51.231281, -29.904519], [-51.231386, -29.904513], [-51.231379, -29.904426], [-51.231243, -29.904434]]]}, "properties": {}},
{"type": "Feature", "geometry": {"type": "Polygon", "coordinates": [[[-51.2306, -29.902062], [-51.230598, -29.902021], [-51.230542, -29.902024], [-51.230544, -29.902064], [-51.2306, -29.902062]]]}, "properties": {}},
{"type": "Feature", "geometry": {"type": "Polygon", "coordinates": [[[-51.237721, -29.903681], [-51.237725, -29.903742], [-51.237754, -29.903741], [-51.23775, -29.903679], [-51.237721, -29.903681]]]}, "properties": {}},
{"type": "Feature", "geometry": {"type": "Polygon", "coordinates": [[[-51.235891, -29.903369], [-51.235896, -29.903432], [-51.235928, -29.90343], [-51.235923, -29.903367], [-51.235891, -29.903369]]]}, "properties": {}},
{"type": "Feature", "geometry": {"type": "Polygon", "coordinates": [[[-51.232813, -29.901926], [-51.232812, -29.901909], [-51.232777, -29.901911], [-51.232778, -29.901928], [-51.232813, -29.901926]]]}, "properties": {}},
{"type": "Feature", "geometry": {"type": "Polygon", "coordinates": [[[-51.237416, -29.899393], [-51.23742, -29.899425], [-51.237475, -29.89942], [-51.237472, -29.899389], [-51.237416, -29.899393]]]}, "properties": {}},
{"type": "Feature", "geometry": {"type": "Polygon", "coordinates": [[[-51.236005, -29.904629], [-51.236033, -29.904741], [-51.236056, -29.904737], [-51.236046, -29.904692], [-51.236051, -29.904691], [-51.236036, -29.904623], [-51.236005, -29.904629]]]}, "properties": {}},
{"type": "Feature", "geometry": {"type": "Polygon", "coordinates": [[[-51.236974, -29.9045], [-51.236973, -29.904501], [-51.236995, -29.904721], [-51.237068, -29.904716], [-51.237047, -29.904496], [-51.236974, -29.9045]]]}, "properties": {}},
{"type": "Feature", "geometry": {"type": "Polygon", "coordinates": [[[-51.231743, -29.901017], [-51.231744, -29.901024], [-51.231711, -29.901026], [-51.231713, -29.901063], [-51.231743, -29.901062], [-51.231743, -29.90107], [-51.231836, -29.901067], [-51.231836, -29.901062], [-51.231849, -29.901061], [-51.231848, -29.90104], [-51.231836, -29.90104], [-51.231834, -29.901013], [-51.231743, -29.901017]]]}, "properties": {}},
{"type": "Feature", "geometry": {"type": "Polygon", "coordinates": [[[-51.230475, -29.903048], [-51.230523, -29.903046], [-51.230524, -29.903065], [-51.23056, -29.903063], [-51.230558, -29.903043], [-51.230554, -29.902988], [-51.230552, -29.90297], [-51.23055, -29.902944], [-51.230469, -29.902948], [-51.230472, -29.903006], [-51.230475, -29.903048]]]}, "properties": {}},
{"type": "Feature", "geometry": {"type": "Polygon", "coordinates": [[[-51.231475, -29.903334], [-51.231474, -29.903313], [-51.231436, -29.903315], [-51.231438, -29.903336], [-51.231475, -29.903334]]]}, "properties": {}},
{"type": "Feature", "geometry": {"type": "Polygon", "coordinates": [[[-51.23528, -29.903218], [-51.235287, -29.903329], [-51.235344, -29.903326], [-51.235337, -29.903215], [-51.23528, -29.903218]]]}, "properties": {}},
{"type": "Feature", "geometry": {"type": "Polygon", "coordinates": [[[-51.232976, -29.90288], [-51.232983, -29.902975], [-51.233011, -29.902974], [-51.233004, -29.902879], [-51.232976, -29.90288]]]}, "properties": {}},
{"type": "Feature", "geometry": {"type": "Polygon", "coordinates": [[[-51.229368, -29.903517], [-51.229364, -29.903449], [-51.229306, -29.903452], [-51.229311, -29.903519], [-51.229368, -29.903517]]]}, "properties": {}},
{"type": "Feature", "geometry": {"type": "Polygon", "coordinates": [[[-51.23751, -29.900263], [-51.237559, -29.90026], [-51.237562, -29.900294], [-51.237578, -29.900293], [-51.23757, -29.9002], [-51.237505, -29.900204], [-51.23751, -29.900263]]]}, "properties": {}},
{"type": "Feature", "geometry": {"type": "Polygon", "coordinates": [[[-51.229656, -29.903124], [-51.229664, -29.903222], [-51.229697, -29.90322], [-51.229689, -29.903122], [-51.229656, -29.903124]]]}, "properties": {}},
{"type": "Feature", "geometry": {"type": "Polygon", "coordinates": [[[-51.229615, -29.900731], [-51.229622, -29.900832], [-51.229688, -29.900828], [-51.22968, -29.900727], [-51.229615, -29.900731]]]}, "properties": {}},
{"type": "Feature", "geometry": {"type": "Polygon", "coordinates": [[[-51.238178, -29.900884], [-51.238188, -29.900943], [-51.238288, -29.90093], [-51.238278, -29.900871], [-51.238178, -29.900884]]]}, "properties": {}},
{"type": "Feature", "geometry": {"type": "Polygon", "coordinates": [[[-51.22949, -29.900121], [-51.22944, -29.900124], [-51.229441, -29.900138], [-51.229491, -29.900135], [-51.22949, -29.900121]]]}, "properties": {}},
{"type": "Feature", "geometry": {"type": "Polygon", "coordinates": [[[-51.234594, -29.904039], [-51.234602, -29.904039], [-51.234599, -29.903989], [-51.234498, -29.903995], [-51.234497, -29.903982], [-51.234466, -29.903984], [-51.23447, -29.904046], [-51.234501, -29.904044], [-51.234503, -29.90407], [-51.234596, -29.904065], [-51.234594, -29.904039]]]}, "properties": {}},
{"type": "Feature", "geometry": {"type": "Polygon", "coordinates": [[[-51.230125, -29.903022], [-51.230124, -29.903015], [-51.230092, -29.903017], [-51.230093, -29.903036], [-51.230126, -29.903034], [-51.230125, -29.903022]]]}, "properties": {}},
{"type": "Feature", "geometry": {"type": "Polygon", "coordinates": [[[-51.232752, -29.900503], [-51.232734, -29.900504], [-51.232734, -29.900524], [-51.232795, -29.900523], [-51.232794, -29.900483], [-51.232752, -29.900483], [-51.232752, -29.900503]]]}, "properties": {}},
{"type": "Feature", "geometry": {"type": "Polygon", "coordinates": [[[-51.230581, -29.904224], [-51.230562, -29.904225], [-51.230563, -29.90425], [-51.230615, -29.904247], [-51.230617, -29.904288], [-51.230652, -29.904287], [-51.230652, -29.904283], [-51.230651, -29.904275], [-51.230651, -29.90426], [-51.230649, -29.904236], [-51.230648, -29.904212], [-51.230647, -29.904203], [-51.230604, -29.904204], [-51.230603, -29.904187], [-51.230579, -29.904188], [-51.230581, -29.904224]]]}, "properties": {}},
{"type": "Feature", "geometry": {"type": "Polygon", "coordinates": [[[-51.236769, -29.903405], [-51.236774, -29.903468], [-51.236808, -29.903466], [-51.236803, -29.903403], [-51.236769, -29.903405]]]}, "properties": {}},
{"type": "Feature", "geometry": {"type": "Polygon", "coordinates": [[[-51.230291, -29.900894], [-51.230244, -29.900898], [-51.230248, -29.900942], [-51.230295, -29.90094], [-51.230291, -29.900894]]]}, "properties": {}},
{"type": "Feature", "geometry": {"type": "Polygon", "coordinates": [[[-51.235626, -29.899833], [-51.235594, -29.899835], [-51.235596, -29.899862], [-51.235628, -29.89986], [-51.235626, -29.899833]]]}, "properties": {}},
{"type": "Feature", "geometry": {"type": "Polygon", "coordinates": [[[-51.238213, -29.903357], [-51.238213, -29.903347], [-51.238195, -29.903348], [-51.238203, -29.90344], [-51.238326, -29.903431], [-51.238319, -29.90335], [-51.238213, -29.903357]]]}, "properties": {}},
{"type": "Feature", "geometry": {"type": "Polygon", "coordinates": [[[-51.235897, -29.904084], [-51.23588, -29.904085], [-51.235882, -29.904127], [-51.235871, -29.904127], [-51.235873, -29.904161], [-51.235875, -29.904161], [-51.235905, -29.90416], [-51.235903, -29.904125], [-51.235966, -29.904122], [-51.235965, -29.90411], [-51.235952, -29.904111], [-51.235949, -29.904074], [-51.235897, -29.904077], [-51.235897, -29.904084]]]}, "properties": {}},
{"type": "Feature", "geometry": {"type": "Polygon", "coordinates": [[[-51.229426, -29.90292], [-51.229433, -29.902995], [-51.229505, -29.90299], [-51.229498, -29.902916], [-51.229426, -29.90292]]]}, "properties": {}},
{"type": "Feature", "geometry": {"type": "Polygon", "coordinates": [[[-51.237073, -29.899287], [-51.237082, -29.89935], [-51.237109, -29.899347], [-51.237113, -29.899372], [-51.237142, -29.899369], [-51.237138, -29.899344], [-51.237157, -29.899342], [-51.237155, -29.899327], [-51.237136, -29.899328], [-51.23713, -29.899281], [-51.237073, -29.899287]]]}, "properties": {}},
{"type": "Feature", "geometry": {"type": "Polygon", "coordinates": [[[-51.233803, -29.904081], [-51.233805, -29.904111], [-51.233839, -29.904109], [-51.233836, -29.90408], [-51.233803, -29.904081]]]}, "properties": {}},
{"type": "Feature", "geometry": {"type": "Polygon", "coordinates": [[[-51.232844, -29.90312], [-51.232852, -29.903212], [-51.232934, -29.903207], [-51.232926, -29.903115], [-51.232844, -29.90312]]]}, "properties": {}},
{"type": "Feature", "geometry": {"type": "Polygon", "coordinates": [[[-51.23777, -29.902857], [-51.237767, -29.902822], [-51.237705, -29.902826], [-51.237708, -29.902861], [-51.23777, -29.902857]]]}, "properties": {}},
{"type": "Feature", "geometry": {"type": "Polygon", "coordinates": [[[-51.230026, -29.899498], [-51.230032, -29.899587], [-51.230092, -29.899584], [-51.23009, -29.899564], [-51.230147, -29.899561], [-51.230142, -29.899492], [-51.230026, -29.899498]]]}, "properties": {}},
{"type": "Feature", "geometry": {"type": "Polygon", "coordinates": [[[-51.236163, -29.901069], [-51.236119, -29.901073], [-51.236121, -29.901093], [-51.236126, -29.901092], [-51.236136, -29.901163], [-51.236175, -29.901159], [-51.236164, -29.901075], [-51.236163, -29.901069]]]}, "properties": {}},
{"type": "Feature", "geometry": {"type": "Polygon", "coordinates": [[[-51.231578, -29.903076], [-51.231629, -29.903073], [-51.231626, -29.903031], [-51.231643, -29.90303], [-51.231642, -29.903013], [-51.231625, -29.903014], [-51.231624, -29.902997], [-51.231572, -29.903], [-51.231578, -29.903076]]]}, "properties": {}},
{"type": "Feature", "geometry": {"type": "Polygon", "coordinates": [[[-51.235795, -29.901706], [-51.235798, -29.901778], [-51.235875, -29.901776], [-51.235872, -29.901703], [-51.235795, -29.901706]]]}, "properties": {}}]}
