{"type": "FeatureCollection", "features": [
{"type": "Feature", "geometry": {"type": "Polygon", "coordinates": [[[-51.902046, -23.395783], [-51.90216, -23.395714], [-51.902168, -23.395708], [-51.902059, -23.395557], [-51.901937, -23.395631], [-51.902046, -23.395783]]]}, "properties": {"info": {"nmmunicipio": "Maringá"}, "address": "?, ?"}},
{"type": "Feature", "geometry": {"type": "Polygon", "coordinates": [[[-51.902168, -23.395708], [-51.90228, -23.395641], [-51.902303, -23.395627], [-51.902198, -23.395473], [-51.902059, -23.395557], [-51.902168, -23.395708]]]}, "properties": {"info": {"nmmunicipio": "Maringá"}, "address": "?, ?"}},
{"type": "Feature", "geometry": {"type": "Polygon", "coordinates": [[[-51.902303, -23.395627], [-51.9024, -23.395568], [-51.902414, -23.395559], [-51.902307, -23.395408], [-51.902198, -23.395473], [-51.902303, -23.395627]]]}, "properties": {"info": {"nmmunicipio": "Maringá"}, "address": "?, ?"}},
{"type": "Feature", "geometry": {"type": "Polygon", "coordinates": [[[-51.902414, -23.395559], [-51.90252, -23.395495], [-51.902539, -23.395483], [-51.90243, -23.395333], [-51.902307, -23.395408], [-51.902414, -23.395559]]]}, "properties": {"info": {"nmmunicipio": "Maringá"}, "address": "?, ?"}},
{"type": "Feature", "geometry": {"type": "Polygon", "coordinates": [[[-51.902196, -23.39749], [-51.902301, -23.397429], [-51.902188, -23.397264], [-51.902081, -23.397326], [-51.902196, -23.39749]]]}, "properties": {"info": {"nmmunicipio": "Maringá"}, "address": "?, ?"}},
{"type": "Feature", "geometry": {"type": "Polygon", "coordinates": [[[-51.902411, -23.397588], [-51.902526, -23.397523], [-51.902418, -23.397362], [-51.902301, -23.397429], [-51.902411, -23.397588]]]}, "properties": {"info": {"nmmunicipio": "Maringá"}, "address": "?, ?"}},
{"type": "Feature", "geometry": {"type": "Polygon", "coordinates": [[[-51.902526, -23.397523], [-51.902659, -23.397448], [-51.902559, -23.397281], [-51.902418, -23.397362], [-51.902526, -23.397523]]]}, "properties": {"info": {"nmmunicipio": "Maringá"}, "address": "?, ?"}},
{"type": "Feature", "geometry": {"type": "Polygon", "coordinates": [[[-51.902418, -23.397362], [-51.902559, -23.397281], [-51.902458, -23.39711], [-51.902307, -23.397196], [-51.902418, -23.397362]]]}, "properties": {"info": {"nmmunicipio": "Maringá"}, "address": "?, ?"}},
{"type": "Feature", "geometry": {"type": "Polygon", "coordinates": [[[-51.899987, -23.398986], [-51.900132, -23.398903], [-51.900008, -23.39872], [-51.899927, -23.398762], [-51.899987, -23.398986]]]}, "properties": {"info": {"nmmunicipio": "Maringá"}, "address": "?, ?"}},
{"type": "Feature", "geometry": {"type": "Polygon", "coordinates": [[[-51.900132, -23.398903], [-51.900225, -23.39885], [-51.900124, -23.398702], [-51.900102, -23.39867], [-51.900008, -23.39872], [-51.900132, -23.398903]]]}, "properties": {"info": {"nmmunicipio": "Maringá"}, "address": "?, ?"}},
{"type": "Feature", "geometry": {"type": "Polygon", "coordinates": [[[-51.899927, -23.398762], [-51.900008, -23.39872], [-51.900102, -23.39867], [-51.900003, -23.398525], [-51.899882, -23.398594], [-51.899927, -23.398762]]]}, "properties": {"info": {"nmmunicipio": "Maringá"}, "address": "?, ?"}},
{"type": "Feature", "geometry": {"type": "Polygon", "coordinates": [[[-51.900102, -23.39867], [-51.900124, -23.398702], [-51.90023, -23.398641], [-51.90011, -23.398464], [-51.900003, -23.398525], [-51.900102, -23.39867]]]}, "properties": {"info": {"nmmunicipio": "Maringá"}, "address": "?, ?"}},
{"type": "Feature", "geometry": {"type": "Polygon", "coordinates": [[[-51.900124, -23.398702], [-51.900225, -23.39885], [-51.90035, -23.398778], [-51.900247, -23.398631], [-51.90023, -23.398641], [-51.900124, -23.398702]]]}, "properties": {"info": {"nmmunicipio": "Maringá"}, "address": "?, ?"}},
{"type": "Feature", "geometry": {"type": "Polygon", "coordinates": [[[-51.90023, -23.398641], [-51.900247, -23.398631], [-51.900338, -23.398579], [-51.900223, -23.398399], [-51.90011, -23.398464], [-51.90023, -23.398641]]]}, "properties": {"info": {"nmmunicipio": "Maringá"}, "address": "?, ?"}},
{"type": "Feature", "geometry": {"type": "Polygon", "coordinates": [[[-51.900247, -23.398631], [-51.90035, -23.398778], [-51.900464, -23.398714], [-51.900364, -23.398564], [-51.900338, -23.398579], [-51.900247, -23.398631]]]}, "properties": {"info": {"nmmunicipio": "Maringá"}, "address": "?, ?"}},
{"type": "Feature", "geometry": {"type": "Polygon", "coordinates": [[[-51.900338, -23.398579], [-51.900364, -23.398564], [-51.900446, -23.398517], [-51.900327, -23.398339], [-51.900223, -23.398399], [-51.900338, -23.398579]]]}, "properties": {"info": {"nmmunicipio": "Maringá"}, "address": "?, ?"}},
{"type": "Feature", "geometry": {"type": "Polygon", "coordinates": [[[-51.900364, -23.398564], [-51.900464, -23.398714], [-51.900592, -23.39864], [-51.90049, -23.398491], [-51.900446, -23.398517], [-51.900364, -23.398564]]]}, "properties": {"info": {"nmmunicipio": "Maringá"}, "address": "?, ?"}},
{"type": "Feature", "geometry": {"type": "Polygon", "coordinates": [[[-51.900446, -23.398517], [-51.90049, -23.398491], [-51.90056, -23.398451], [-51.900438, -23.398276], [-51.900327, -23.398339], [-51.900446, -23.398517]]]}, "properties": {"info": {"nmmunicipio": "Maringá"}, "address": "?, ?"}},
{"type": "Feature", "geometry": {"type": "Polygon", "coordinates": [[[-51.90049, -23.398491], [-51.900592, -23.39864], [-51.900714, -23.39857], [-51.900614, -23.39842], [-51.90056, -23.398451], [-51.90049, -23.398491]]]}, "properties": {"info": {"nmmunicipio": "Maringá"}, "address": "?, ?"}},
{"type": "Feature", "geometry": {"type": "Polygon", "coordinates": [[[-51.90056, -23.398451], [-51.900614, -23.39842], [-51.90067, -23.398388], [-51.900549, -23.398212], [-51.900438, -23.398276], [-51.90056, -23.398451]]]}, "properties": {"info": {"nmmunicipio": "Maringá"}, "address": "?, ?"}},
{"type": "Feature", "geometry": {"type": "Polygon", "coordinates": [[[-51.900614, -23.39842], [-51.900714, -23.39857], [-51.900834, -23.398501], [-51.900734, -23.398352], [-51.90067, -23.398388], [-51.900614, -23.39842]]]}, "properties": {"info": {"nmmunicipio": "Maringá"}, "address": "?, ?"}},
{"type": "Feature", "geometry": {"type": "Polygon", "coordinates": [[[-51.90067, -23.398388], [-51.900734, -23.398352], [-51.900785, -23.398322], [-51.900665, -23.398146], [-51.900549, -23.398212], [-51.90067, -23.398388]]]}, "properties": {"info": {"nmmunicipio": "Maringá"}, "address": "?, ?"}},
{"type": "Feature", "geometry": {"type": "Polygon", "coordinates": [[[-51.900734, -23.398352], [-51.900834, -23.398501], [-51.900962, -23.398429], [-51.900858, -23.39828], [-51.900785, -23.398322], [-51.900734, -23.398352]]]}, "properties": {"info": {"nmmunicipio": "Maringá"}, "address": "?, ?"}},
{"type": "Feature", "geometry": {"type": "Polygon", "coordinates": [[[-51.900906, -23.398846], [-51.901018, -23.398781], [-51.900904, -23.398611], [-51.90079, -23.398677], [-51.900906, -23.398846]]]}, "properties": {"info": {"nmmunicipio": "Maringá"}, "address": "?, ?"}},
{"type": "Feature", "geometry": {"type": "Polygon", "coordinates": [[[-51.900789, -23.398913], [-51.900906, -23.398846], [-51.90079, -23.398677], [-51.900673, -23.398743], [-51.900789, -23.398913]]]}, "properties": {"info": {"nmmunicipio": "Maringá"}, "address": "?, ?"}},
{"type": "Feature", "geometry": {"type": "Polygon", "coordinates": [[[-51.900897, -23.39907], [-51.901014, -23.399004], [-51.900906, -23.398846], [-51.900789, -23.398913], [-51.900897, -23.39907]]]}, "properties": {"info": {"nmmunicipio": "Maringá"}, "address": "?, ?"}},
{"type": "Feature", "geometry": {"type": "Polygon", "coordinates": [[[-51.900674, -23.398979], [-51.900789, -23.398913], [-51.900673, -23.398743], [-51.900559, -23.398809], [-51.900674, -23.398979]]]}, "properties": {"info": {"nmmunicipio": "Maringá"}, "address": "?, ?"}},
{"type": "Feature", "geometry": {"type": "Polygon", "coordinates": [[[-51.900781, -23.399137], [-51.900897, -23.39907], [-51.900789, -23.398913], [-51.900674, -23.398979], [-51.900781, -23.399137]]]}, "properties": {"info": {"nmmunicipio": "Maringá"}, "address": "?, ?"}},
{"type": "Feature", "geometry": {"type": "Polygon", "coordinates": [[[-51.900555, -23.399047], [-51.900674, -23.398979], [-51.900559, -23.398809], [-51.900439, -23.398878], [-51.900555, -23.399047]]]}, "properties": {"info": {"nmmunicipio": "Maringá"}, "address": "?, ?"}},
{"type": "Feature", "geometry": {"type": "Polygon", "coordinates": [[[-51.900555, -23.399047], [-51.900663, -23.399205], [-51.900781, -23.399137], [-51.900674, -23.398979], [-51.900555, -23.399047]]]}, "properties": {"info": {"nmmunicipio": "Maringá"}, "address": "?, ?"}},
{"type": "Feature", "geometry": {"type": "Polygon", "coordinates": [[[-51.904096, -23.398811], [-51.904193, -23.398958], [-51.904309, -23.398892], [-51.904212, -23.398745], [-51.904096, -23.398811]]]}, "properties": {"info": {"nmmunicipio": "Maringá"}, "address": "?, ?"}},
{"type": "Feature", "geometry": {"type": "Polygon", "coordinates": [[[-51.904681, -23.398476], [-51.904779, -23.398622], [-51.904896, -23.398554], [-51.9048, -23.398408], [-51.904681, -23.398476]]]}, "properties": {"info": {"nmmunicipio": "Maringá"}, "address": "?, ?"}},
{"type": "Feature", "geometry": {"type": "Polygon", "coordinates": [[[-51.904566, -23.398542], [-51.904664, -23.398688], [-51.904779, -23.398622], [-51.904681, -23.398476], [-51.904566, -23.398542]]]}, "properties": {"info": {"nmmunicipio": "Maringá"}, "address": "?, ?"}},
{"type": "Feature", "geometry": {"type": "Polygon", "coordinates": [[[-51.904566, -23.398542], [-51.904681, -23.398476], [-51.904563, -23.398298], [-51.904446, -23.398365], [-51.904566, -23.398542]]]}, "properties": {"info": {"nmmunicipio": "Maringá"}, "address": "?, ?"}},
{"type": "Feature", "geometry": {"type": "Polygon", "coordinates": [[[-51.904448, -23.398609], [-51.904547, -23.398755], [-51.904664, -23.398688], [-51.904566, -23.398542], [-51.904448, -23.398609]]]}, "properties": {"info": {"nmmunicipio": "Maringá"}, "address": "?, ?"}},
{"type": "Feature", "geometry": {"type": "Polygon", "coordinates": [[[-51.904448, -23.398609], [-51.904566, -23.398542], [-51.904446, -23.398365], [-51.90433, -23.398432], [-51.904448, -23.398609]]]}, "properties": {"info": {"nmmunicipio": "Maringá"}, "address": "?, ?"}},
{"type": "Feature", "geometry": {"type": "Polygon", "coordinates": [[[-51.904331, -23.398676], [-51.904428, -23.398823], [-51.904547, -23.398755], [-51.904448, -23.398609], [-51.904331, -23.398676]]]}, "properties": {"info": {"nmmunicipio": "Maringá"}, "address": "?, ?"}},
{"type": "Feature", "geometry": {"type": "Polygon", "coordinates": [[[-51.904309, -23.398892], [-51.904428, -23.398823], [-51.904331, -23.398676], [-51.904212, -23.398745], [-51.904309, -23.398892]]]}, "properties": {"info": {"nmmunicipio": "Maringá"}, "address": "?, ?"}},
{"type": "Feature", "geometry": {"type": "Polygon", "coordinates": [[[-51.902653, -23.398652], [-51.902764, -23.398591], [-51.902674, -23.398439], [-51.902564, -23.398502], [-51.902653, -23.398652]]]}, "properties": {"info": {"nmmunicipio": "Maringá"}, "address": "?, ?"}},
{"type": "Feature", "geometry": {"type": "Polygon", "coordinates": [[[-51.902893, -23.39949], [-51.903012, -23.399421], [-51.902902, -23.399253], [-51.902781, -23.399323], [-51.902893, -23.39949]]]}, "properties": {"info": {"nmmunicipio": "Maringá"}, "address": "?, ?"}},
{"type": "Feature", "geometry": {"type": "Polygon", "coordinates": [[[-51.900863, -23.396444], [-51.900968, -23.396384], [-51.900982, -23.396375], [-51.900869, -23.396207], [-51.900748, -23.396277], [-51.900863, -23.396444]]]}, "properties": {"info": {"nmmunicipio": "Maringá"}, "address": "?, ?"}},
{"type": "Feature", "geometry": {"type": "Polygon", "coordinates": [[[-51.900718, -23.397754], [-51.900832, -23.397688], [-51.900714, -23.397513], [-51.900601, -23.397578], [-51.900718, -23.397754]]]}, "properties": {"info": {"nmmunicipio": "Maringá"}, "address": "?, ?"}},
{"type": "Feature", "geometry": {"type": "Polygon", "coordinates": [[[-51.900601, -23.397821], [-51.900718, -23.397754], [-51.900601, -23.397578], [-51.900481, -23.397647], [-51.900601, -23.397821]]]}, "properties": {"info": {"nmmunicipio": "Maringá"}, "address": "?, ?"}},
{"type": "Feature", "geometry": {"type": "Polygon", "coordinates": [[[-51.900703, -23.397968], [-51.900817, -23.397903], [-51.900718, -23.397754], [-51.900601, -23.397821], [-51.900703, -23.397968]]]}, "properties": {"info": {"nmmunicipio": "Maringá"}, "address": "?, ?"}},
{"type": "Feature", "geometry": {"type": "Polygon", "coordinates": [[[-51.900488, -23.397886], [-51.900601, -23.397821], [-51.900481, -23.397647], [-51.900368, -23.397711], [-51.900488, -23.397886]]]}, "properties": {"info": {"nmmunicipio": "Maringá"}, "address": "?, ?"}},
{"type": "Feature", "geometry": {"type": "Polygon", "coordinates": [[[-51.90059, -23.398033], [-51.900703, -23.397968], [-51.900601, -23.397821], [-51.900488, -23.397886], [-51.90059, -23.398033]]]}, "properties": {"info": {"nmmunicipio": "Maringá"}, "address": "?, ?"}},
{"type": "Feature", "geometry": {"type": "Polygon", "coordinates": [[[-51.904293, -23.39772], [-51.904405, -23.397656], [-51.904309, -23.397496], [-51.9042, -23.397559], [-51.904293, -23.39772]]]}, "properties": {"info": {"nmmunicipio": "Maringá"}, "address": "?, ?"}},
{"type": "Feature", "geometry": {"type": "Polygon", "coordinates": [[[-51.904405, -23.397656], [-51.904516, -23.397592], [-51.904421, -23.397432], [-51.904309, -23.397496], [-51.904405, -23.397656]]]}, "properties": {"info": {"nmmunicipio": "Maringá"}, "address": "?, ?"}},
{"type": "Feature", "geometry": {"type": "Polygon", "coordinates": [[[-51.904516, -23.397592], [-51.904623, -23.397531], [-51.904528, -23.39737], [-51.904421, -23.397432], [-51.904516, -23.397592]]]}, "properties": {"info": {"nmmunicipio": "Maringá"}, "address": "?, ?"}},
{"type": "Feature", "geometry": {"type": "Polygon", "coordinates": [[[-51.904623, -23.397531], [-51.904731, -23.397468], [-51.904635, -23.397308], [-51.904528, -23.39737], [-51.904623, -23.397531]]]}, "properties": {"info": {"nmmunicipio": "Maringá"}, "address": "?, ?"}},
{"type": "Feature", "geometry": {"type": "Polygon", "coordinates": [[[-51.904764, -23.397274], [-51.904841, -23.397405], [-51.90495, -23.397343], [-51.904907, -23.397192], [-51.904764, -23.397274]]]}, "properties": {"info": {"nmmunicipio": "Maringá"}, "address": "?, ?"}},
{"type": "Feature", "geometry": {"type": "Polygon", "coordinates": [[[-51.904747, -23.397244], [-51.904764, -23.397274], [-51.904907, -23.397192], [-51.904874, -23.39708], [-51.904704, -23.397171], [-51.904747, -23.397244]]]}, "properties": {"info": {"nmmunicipio": "Maringá"}, "address": "?, ?"}},
{"type": "Feature", "geometry": {"type": "Polygon", "coordinates": [[[-51.904704, -23.397171], [-51.904874, -23.39708], [-51.904842, -23.396969], [-51.90465, -23.39708], [-51.904704, -23.397171]]]}, "properties": {"info": {"nmmunicipio": "Maringá"}, "address": "?, ?"}},
{"type": "Feature", "geometry": {"type": "Polygon", "coordinates": [[[-51.904635, -23.397308], [-51.904747, -23.397244], [-51.904704, -23.397171], [-51.90465, -23.39708], [-51.904537, -23.397145], [-51.904635, -23.397308]]]}, "properties": {"info": {"nmmunicipio": "Maringá"}, "address": "?, ?"}},
{"type": "Feature", "geometry": {"type": "Polygon", "coordinates": [[[-51.904528, -23.39737], [-51.904635, -23.397308], [-51.904537, -23.397145], [-51.904431, -23.397206], [-51.904528, -23.39737]]]}, "properties": {"info": {"nmmunicipio": "Maringá"}, "address": "?, ?"}},
{"type": "Feature", "geometry": {"type": "Polygon", "coordinates": [[[-51.904421, -23.397432], [-51.904528, -23.39737], [-51.904431, -23.397206], [-51.904323, -23.397268], [-51.904421, -23.397432]]]}, "properties": {"info": {"nmmunicipio": "Maringá"}, "address": "?, ?"}},
{"type": "Feature", "geometry": {"type": "Polygon", "coordinates": [[[-51.9042, -23.397559], [-51.904309, -23.397496], [-51.90421, -23.397333], [-51.904104, -23.397394], [-51.9042, -23.397559]]]}, "properties": {"info": {"nmmunicipio": "Maringá"}, "address": "?, ?"}},
{"type": "Feature", "geometry": {"type": "Polygon", "coordinates": [[[-51.904093, -23.397621], [-51.9042, -23.397559], [-51.904104, -23.397394], [-51.903994, -23.397457], [-51.904093, -23.397621]]]}, "properties": {"info": {"nmmunicipio": "Maringá"}, "address": "?, ?"}},
{"type": "Feature", "geometry": {"type": "Polygon", "coordinates": [[[-51.903984, -23.397683], [-51.904093, -23.397621], [-51.903994, -23.397457], [-51.903887, -23.397519], [-51.903984, -23.397683]]]}, "properties": {"info": {"nmmunicipio": "Maringá"}, "address": "?, ?"}},
{"type": "Feature", "geometry": {"type": "Polygon", "coordinates": [[[-51.903873, -23.397747], [-51.903984, -23.397683], [-51.903887, -23.397519], [-51.903777, -23.397582], [-51.903873, -23.397747]]]}, "properties": {"info": {"nmmunicipio": "Maringá"}, "address": "?, ?"}},
{"type": "Feature", "geometry": {"type": "Polygon", "coordinates": [[[-51.903766, -23.397809], [-51.903873, -23.397747], [-51.903777, -23.397582], [-51.90367, -23.397644], [-51.903766, -23.397809]]]}, "properties": {"info": {"nmmunicipio": "Maringá"}, "address": "?, ?"}},
{"type": "Feature", "geometry": {"type": "Polygon", "coordinates": [[[-51.903653, -23.397874], [-51.903766, -23.397809], [-51.90367, -23.397644], [-51.903557, -23.397709], [-51.903653, -23.397874]]]}, "properties": {"info": {"nmmunicipio": "Maringá"}, "address": "?, ?"}},
{"type": "Feature", "geometry": {"type": "Polygon", "coordinates": [[[-51.903542, -23.397938], [-51.903653, -23.397874], [-51.903557, -23.397709], [-51.903444, -23.397774], [-51.903542, -23.397938]]]}, "properties": {"info": {"nmmunicipio": "Maringá"}, "address": "?, ?"}},
{"type": "Feature", "geometry": {"type": "Polygon", "coordinates": [[[-51.903435, -23.398], [-51.903542, -23.397938], [-51.903444, -23.397774], [-51.903336, -23.397836], [-51.903435, -23.398]]]}, "properties": {"info": {"nmmunicipio": "Maringá"}, "address": "?, ?"}},
{"type": "Feature", "geometry": {"type": "Polygon", "coordinates": [[[-51.903325, -23.398063], [-51.903435, -23.398], [-51.903336, -23.397836], [-51.903227, -23.397899], [-51.903325, -23.398063]]]}, "properties": {"info": {"nmmunicipio": "Maringá"}, "address": "?, ?"}},
{"type": "Feature", "geometry": {"type": "Polygon", "coordinates": [[[-51.903221, -23.398123], [-51.903325, -23.398063], [-51.903227, -23.397899], [-51.903125, -23.397958], [-51.903221, -23.398123]]]}, "properties": {"info": {"nmmunicipio": "Maringá"}, "address": "?, ?"}},
{"type": "Feature", "geometry": {"type": "Polygon", "coordinates": [[[-51.903583, -23.39869], [-51.903693, -23.398626], [-51.903601, -23.398473], [-51.903492, -23.398536], [-51.903583, -23.39869]]]}, "properties": {"info": {"nmmunicipio": "Maringá"}, "address": "?, ?"}},
{"type": "Feature", "geometry": {"type": "Polygon", "coordinates": [[[-51.903693, -23.398626], [-51.903799, -23.398565], [-51.903705, -23.398413], [-51.903601, -23.398473], [-51.903693, -23.398626]]]}, "properties": {"info": {"nmmunicipio": "Maringá"}, "address": "?, ?"}},
{"type": "Feature", "geometry": {"type": "Polygon", "coordinates": [[[-51.903799, -23.398565], [-51.90391, -23.398501], [-51.903816, -23.398348], [-51.903705, -23.398413], [-51.903799, -23.398565]]]}, "properties": {"info": {"nmmunicipio": "Maringá"}, "address": "?, ?"}},
{"type": "Feature", "geometry": {"type": "Polygon", "coordinates": [[[-51.90391, -23.398501], [-51.904016, -23.39844], [-51.903924, -23.398286], [-51.903816, -23.398348], [-51.90391, -23.398501]]]}, "properties": {"info": {"nmmunicipio": "Maringá"}, "address": "?, ?"}},
{"type": "Feature", "geometry": {"type": "Polygon", "coordinates": [[[-51.904016, -23.39844], [-51.904127, -23.398376], [-51.904036, -23.398221], [-51.903924, -23.398286], [-51.904016, -23.39844]]]}, "properties": {"info": {"nmmunicipio": "Maringá"}, "address": "?, ?"}},
{"type": "Feature", "geometry": {"type": "Polygon", "coordinates": [[[-51.904127, -23.398376], [-51.904236, -23.398314], [-51.904144, -23.398158], [-51.904036, -23.398221], [-51.904127, -23.398376]]]}, "properties": {"info": {"nmmunicipio": "Maringá"}, "address": "?, ?"}},
{"type": "Feature", "geometry": {"type": "Polygon", "coordinates": [[[-51.900349, -23.395567], [-51.900447, -23.39551], [-51.900246, -23.39521], [-51.900192, -23.395241], [-51.900144, -23.395268], [-51.900349, -23.395567]]]}, "properties": {"info": {"nmmunicipio": "Maringá"}, "address": "?, ?"}},
{"type": "Feature", "geometry": {"type": "Polygon", "coordinates": [[[-51.903248, -23.399287], [-51.903366, -23.399219], [-51.903254, -23.399051], [-51.903138, -23.399118], [-51.903248, -23.399287]]]}, "properties": {"info": {"nmmunicipio": "Maringá"}, "address": "?, ?"}},
{"type": "Feature", "geometry": {"type": "Polygon", "coordinates": [[[-51.903366, -23.399219], [-51.903489, -23.399149], [-51.903376, -23.398981], [-51.903254, -23.399051], [-51.903366, -23.399219]]]}, "properties": {"info": {"nmmunicipio": "Maringá"}, "address": "?, ?"}},
{"type": "Feature", "geometry": {"type": "Polygon", "coordinates": [[[-51.903489, -23.399149], [-51.903631, -23.399068], [-51.903528, -23.398893], [-51.903376, -23.398981], [-51.903489, -23.399149]]]}, "properties": {"info": {"nmmunicipio": "Maringá"}, "address": "?, ?"}},
{"type": "Feature", "geometry": {"type": "Polygon", "coordinates": [[[-51.903592, -23.399304], [-51.903726, -23.399227], [-51.903631, -23.399068], [-51.903489, -23.399149], [-51.903592, -23.399304]]]}, "properties": {"info": {"nmmunicipio": "Maringá"}, "address": "?, ?"}},
{"type": "Feature", "geometry": {"type": "Polygon", "coordinates": [[[-51.90347, -23.399374], [-51.903592, -23.399304], [-51.903489, -23.399149], [-51.903366, -23.399219], [-51.90347, -23.399374]]]}, "properties": {"info": {"nmmunicipio": "Maringá"}, "address": "?, ?"}},
{"type": "Feature", "geometry": {"type": "Polygon", "coordinates": [[[-51.90335, -23.399443], [-51.90347, -23.399374], [-51.903366, -23.399219], [-51.903248, -23.399287], [-51.90335, -23.399443]]]}, "properties": {"info": {"nmmunicipio": "Maringá"}, "address": "?, ?"}},
{"type": "Feature", "geometry": {"type": "Polygon", "coordinates": [[[-51.903236, -23.399509], [-51.90335, -23.399443], [-51.903248, -23.399287], [-51.903132, -23.399353], [-51.903236, -23.399509]]]}, "properties": {"info": {"nmmunicipio": "Maringá"}, "address": "?, ?"}},
{"type": "Feature", "geometry": {"type": "Polygon", "coordinates": [[[-51.903115, -23.399578], [-51.903236, -23.399509], [-51.903132, -23.399353], [-51.903012, -23.399421], [-51.903115, -23.399578]]]}, "properties": {"info": {"nmmunicipio": "Maringá"}, "address": "?, ?"}},
{"type": "Feature", "geometry": {"type": "Polygon", "coordinates": [[[-51.902881, -23.399713], [-51.902997, -23.399646], [-51.902893, -23.39949], [-51.902778, -23.399555], [-51.902881, -23.399713]]]}, "properties": {"info": {"nmmunicipio": "Maringá"}, "address": "?, ?"}},
{"type": "Feature", "geometry": {"type": "Polygon", "coordinates": [[[-51.90269, -23.39967], [-51.902764, -23.39978], [-51.902881, -23.399713], [-51.902778, -23.399555], [-51.902659, -23.399623], [-51.90269, -23.39967]]]}, "properties": {"info": {"nmmunicipio": "Maringá"}, "address": "?, ?"}},
{"type": "Feature", "geometry": {"type": "Polygon", "coordinates": [[[-51.899585, -23.396004], [-51.89969, -23.395944], [-51.899617, -23.395835], [-51.899551, -23.395738], [-51.899491, -23.395649], [-51.899387, -23.395709], [-51.899585, -23.396004]]]}, "properties": {"info": {"nmmunicipio": "Maringá"}, "address": "?, ?"}},
{"type": "Feature", "geometry": {"type": "Polygon", "coordinates": [[[-51.899362, -23.39588], [-51.899424, -23.395971], [-51.899485, -23.396061], [-51.899585, -23.396004], [-51.899387, -23.395709], [-51.899285, -23.395767], [-51.899362, -23.39588]]]}, "properties": {"info": {"nmmunicipio": "Maringá"}, "address": "?, ?"}},
{"type": "Feature", "geometry": {"type": "Polygon", "coordinates": [[[-51.89969, -23.395944], [-51.899904, -23.395821], [-51.899836, -23.395709], [-51.899617, -23.395835], [-51.89969, -23.395944]]]}, "properties": {"info": {"nmmunicipio": "Maringá"}, "address": "?, ?"}},
{"type": "Feature", "geometry": {"type": "Polygon", "coordinates": [[[-51.899551, -23.395738], [-51.899617, -23.395835], [-51.899836, -23.395709], [-51.899777, -23.395609], [-51.899551, -23.395738]]]}, "properties": {"info": {"nmmunicipio": "Maringá"}, "address": "?, ?"}},
{"type": "Feature", "geometry": {"type": "Polygon", "coordinates": [[[-51.899491, -23.395649], [-51.899551, -23.395738], [-51.899777, -23.395609], [-51.899722, -23.395517], [-51.89971, -23.395524], [-51.899491, -23.395649]]]}, "properties": {"info": {"nmmunicipio": "Maringá"}, "address": "?, ?"}},
{"type": "Feature", "geometry": {"type": "Polygon", "coordinates": [[[-51.901588, -23.399861], [-51.901702, -23.399795], [-51.901606, -23.39963], [-51.901492, -23.399695], [-51.901588, -23.399861]]]}, "properties": {"info": {"nmmunicipio": "Maringá"}, "address": "?, ?"}},
{"type": "Feature", "geometry": {"type": "Polygon", "coordinates": [[[-51.901477, -23.399925], [-51.901588, -23.399861], [-51.901492, -23.399695], [-51.901382, -23.399758], [-51.901477, -23.399925]]]}, "properties": {"info": {"nmmunicipio": "Maringá"}, "address": "?, ?"}},
{"type": "Feature", "geometry": {"type": "Polygon", "coordinates": [[[-51.901371, -23.399986], [-51.901477, -23.399925], [-51.901382, -23.399758], [-51.901273, -23.39982], [-51.901371, -23.399986]]]}, "properties": {"info": {"nmmunicipio": "Maringá"}, "address": "?, ?"}},
{"type": "Feature", "geometry": {"type": "Polygon", "coordinates": [[[-51.901258, -23.40005], [-51.901371, -23.399986], [-51.901273, -23.39982], [-51.90116, -23.399884], [-51.901258, -23.40005]]]}, "properties": {"info": {"nmmunicipio": "Maringá"}, "address": "?, ?"}},
{"type": "Feature", "geometry": {"type": "Polygon", "coordinates": [[[-51.901149, -23.400113], [-51.901258, -23.40005], [-51.90116, -23.399884], [-51.901052, -23.399946], [-51.901149, -23.400113]]]}, "properties": {"info": {"nmmunicipio": "Maringá"}, "address": "?, ?"}},
{"type": "Feature", "geometry": {"type": "Polygon", "coordinates": [[[-51.901039, -23.400176], [-51.901149, -23.400113], [-51.901052, -23.399946], [-51.900942, -23.400008], [-51.901039, -23.400176]]]}, "properties": {"info": {"nmmunicipio": "Maringá"}, "address": "?, ?"}},
{"type": "Feature", "geometry": {"type": "Polygon", "coordinates": [[[-51.900931, -23.400239], [-51.901039, -23.400176], [-51.900942, -23.400008], [-51.900832, -23.400071], [-51.900931, -23.400239]]]}, "properties": {"info": {"nmmunicipio": "Maringá"}, "address": "?, ?"}},
{"type": "Feature", "geometry": {"type": "Polygon", "coordinates": [[[-51.900827, -23.400298], [-51.900931, -23.400239], [-51.900832, -23.400071], [-51.90073, -23.40013], [-51.900827, -23.400298]]]}, "properties": {"info": {"nmmunicipio": "Maringá"}, "address": "?, ?"}},
{"type": "Feature", "geometry": {"type": "Polygon", "coordinates": [[[-51.900648, -23.400248], [-51.900715, -23.400363], [-51.900827, -23.400298], [-51.90073, -23.40013], [-51.900617, -23.400194], [-51.900648, -23.400248]]]}, "properties": {"info": {"nmmunicipio": "Maringá"}, "address": "?, ?"}},
{"type": "Feature", "geometry": {"type": "Polygon", "coordinates": [[[-51.900506, -23.400483], [-51.900715, -23.400363], [-51.900648, -23.400248], [-51.900456, -23.400355], [-51.900506, -23.400483]]]}, "properties": {"info": {"nmmunicipio": "Maringá"}, "address": "?, ?"}},
{"type": "Feature", "geometry": {"type": "Polygon", "coordinates": [[[-51.900456, -23.400355], [-51.900648, -23.400248], [-51.900617, -23.400194], [-51.900589, -23.400146], [-51.900412, -23.400243], [-51.900456, -23.400355]]]}, "properties": {"info": {"nmmunicipio": "Maringá"}, "address": "?, ?"}},
{"type": "Feature", "geometry": {"type": "Polygon", "coordinates": [[[-51.89985, -23.397025], [-51.899936, -23.396975], [-51.899993, -23.396942], [-51.89988, -23.396774], [-51.899739, -23.396855], [-51.89985, -23.397025]]]}, "properties": {"info": {"nmmunicipio": "Maringá"}, "address": "?, ?"}},
{"type": "Feature", "geometry": {"type": "Polygon", "coordinates": [[[-51.900132, -23.396862], [-51.900166, -23.396842], [-51.900283, -23.396775], [-51.900165, -23.396611], [-51.900017, -23.396695], [-51.900132, -23.396862]]]}, "properties": {"info": {"nmmunicipio": "Maringá"}, "address": "?, ?"}},
{"type": "Feature", "geometry": {"type": "Polygon", "coordinates": [[[-51.900283, -23.396775], [-51.900426, -23.396692], [-51.900323, -23.39652], [-51.900165, -23.396611], [-51.900283, -23.396775]]]}, "properties": {"info": {"nmmunicipio": "Maringá"}, "address": "?, ?"}},
{"type": "Feature", "geometry": {"type": "Polygon", "coordinates": [[[-51.900388, -23.396925], [-51.900519, -23.396847], [-51.900426, -23.396692], [-51.900283, -23.396775], [-51.900388, -23.396925]]]}, "properties": {"info": {"nmmunicipio": "Maringá"}, "address": "?, ?"}},
{"type": "Feature", "geometry": {"type": "Polygon", "coordinates": [[[-51.90027, -23.396996], [-51.900388, -23.396925], [-51.900283, -23.396775], [-51.900166, -23.396842], [-51.90027, -23.396996]]]}, "properties": {"info": {"nmmunicipio": "Maringá"}, "address": "?, ?"}},
{"type": "Feature", "geometry": {"type": "Polygon", "coordinates": [[[-51.900051, -23.396909], [-51.900156, -23.397063], [-51.90027, -23.396996], [-51.900166, -23.396842], [-51.900132, -23.396862], [-51.900051, -23.396909]]]}, "properties": {"info": {"nmmunicipio": "Maringá"}, "address": "?, ?"}},
{"type": "Feature", "geometry": {"type": "Polygon", "coordinates": [[[-51.899936, -23.396975], [-51.900041, -23.397132], [-51.900156, -23.397063], [-51.900051, -23.396909], [-51.899993, -23.396942], [-51.899936, -23.396975]]]}, "properties": {"info": {"nmmunicipio": "Maringá"}, "address": "?, ?"}},
{"type": "Feature", "geometry": {"type": "Polygon", "coordinates": [[[-51.899816, -23.397044], [-51.899923, -23.397203], [-51.900041, -23.397132], [-51.899936, -23.396975], [-51.89985, -23.397025], [-51.899816, -23.397044]]]}, "properties": {"info": {"nmmunicipio": "Maringá"}, "address": "?, ?"}},
{"type": "Feature", "geometry": {"type": "Polygon", "coordinates": [[[-51.899696, -23.397114], [-51.899808, -23.397271], [-51.899923, -23.397203], [-51.899816, -23.397044], [-51.899712, -23.397104], [-51.899696, -23.397114]]]}, "properties": {"info": {"nmmunicipio": "Maringá"}, "address": "?, ?"}},
{"type": "Feature", "geometry": {"type": "Polygon", "coordinates": [[[-51.899704, -23.397333], [-51.899808, -23.397271], [-51.899696, -23.397114], [-51.899599, -23.397169], [-51.899704, -23.397333]]]}, "properties": {"info": {"nmmunicipio": "Maringá"}, "address": "?, ?"}},
{"type": "Feature", "geometry": {"type": "Polygon", "coordinates": [[[-51.899611, -23.397389], [-51.899704, -23.397333], [-51.899599, -23.397169], [-51.899551, -23.397197], [-51.899611, -23.397389]]]}, "properties": {"info": {"nmmunicipio": "Maringá"}, "address": "?, ?"}},
{"type": "Feature", "geometry": {"type": "Polygon", "coordinates": [[[-51.900528, -23.39731], [-51.900596, -23.39741], [-51.900777, -23.397307], [-51.90072, -23.397202], [-51.900528, -23.39731]]]}, "properties": {"info": {"nmmunicipio": "Maringá"}, "address": "?, ?"}},
{"type": "Feature", "geometry": {"type": "Polygon", "coordinates": [[[-51.900461, -23.397212], [-51.900495, -23.397262], [-51.900528, -23.39731], [-51.90072, -23.397202], [-51.900665, -23.3971], [-51.900461, -23.397212]]]}, "properties": {"info": {"nmmunicipio": "Maringá"}, "address": "?, ?"}},
{"type": "Feature", "geometry": {"type": "Polygon", "coordinates": [[[-51.900374, -23.397086], [-51.900461, -23.397212], [-51.900665, -23.3971], [-51.900589, -23.396959], [-51.900374, -23.397086]]]}, "properties": {"info": {"nmmunicipio": "Maringá"}, "address": "?, ?"}},
{"type": "Feature", "geometry": {"type": "Polygon", "coordinates": [[[-51.899676, -23.397762], [-51.899784, -23.397701], [-51.899923, -23.397621], [-51.899904, -23.397594], [-51.899864, -23.397537], [-51.899651, -23.397658], [-51.899676, -23.397762]]]}, "properties": {"info": {"nmmunicipio": "Maringá"}, "address": "?, ?"}},
{"type": "Feature", "geometry": {"type": "Polygon", "coordinates": [[[-51.899651, -23.397658], [-51.899864, -23.397537], [-51.899791, -23.39743], [-51.899621, -23.39753], [-51.899651, -23.397658]]]}, "properties": {"info": {"nmmunicipio": "Maringá"}, "address": "?, ?"}},
{"type": "Feature", "geometry": {"type": "Polygon", "coordinates": [[[-51.899923, -23.397621], [-51.900007, -23.397743], [-51.900123, -23.397678], [-51.900022, -23.397528], [-51.899904, -23.397594], [-51.899923, -23.397621]]]}, "properties": {"info": {"nmmunicipio": "Maringá"}, "address": "?, ?"}},
{"type": "Feature", "geometry": {"type": "Polygon", "coordinates": [[[-51.899864, -23.397537], [-51.899904, -23.397594], [-51.900022, -23.397528], [-51.899909, -23.39736], [-51.899791, -23.39743], [-51.899864, -23.397537]]]}, "properties": {"info": {"nmmunicipio": "Maringá"}, "address": "?, ?"}},
{"type": "Feature", "geometry": {"type": "Polygon", "coordinates": [[[-51.900123, -23.397678], [-51.900246, -23.397608], [-51.900145, -23.397459], [-51.900022, -23.397528], [-51.900123, -23.397678]]]}, "properties": {"info": {"nmmunicipio": "Maringá"}, "address": "?, ?"}},
{"type": "Feature", "geometry": {"type": "Polygon", "coordinates": [[[-51.900022, -23.397528], [-51.900145, -23.397459], [-51.900029, -23.39729], [-51.899909, -23.39736], [-51.900022, -23.397528]]]}, "properties": {"info": {"nmmunicipio": "Maringá"}, "address": "?, ?"}},
{"type": "Feature", "geometry": {"type": "Polygon", "coordinates": [[[-51.900246, -23.397608], [-51.900357, -23.397545], [-51.900257, -23.397395], [-51.900145, -23.397459], [-51.900246, -23.397608]]]}, "properties": {"info": {"nmmunicipio": "Maringá"}, "address": "?, ?"}},
{"type": "Feature", "geometry": {"type": "Polygon", "coordinates": [[[-51.900145, -23.397459], [-51.900257, -23.397395], [-51.900142, -23.397223], [-51.900029, -23.39729], [-51.900145, -23.397459]]]}, "properties": {"info": {"nmmunicipio": "Maringá"}, "address": "?, ?"}},
{"type": "Feature", "geometry": {"type": "Polygon", "coordinates": [[[-51.905333, -23.400346], [-51.905336, -23.400352], [-51.905442, -23.400306], [-51.905337, -23.40015], [-51.905246, -23.400015], [-51.905238, -23.400003], [-51.905139, -23.400059], [-51.905333, -23.400346]]]}, "properties": {"info": {"nmmunicipio": "Maringá"}, "address": "?, ?"}},
{"type": "Feature", "geometry": {"type": "Polygon", "coordinates": [[[-51.905039, -23.400117], [-51.905139, -23.400059], [-51.904991, -23.399841], [-51.904891, -23.399898], [-51.905039, -23.400117]]]}, "properties": {"info": {"nmmunicipio": "Maringá"}, "address": "?, ?"}},
{"type": "Feature", "geometry": {"type": "Polygon", "coordinates": [[[-51.90522, -23.400385], [-51.905224, -23.40039], [-51.905229, -23.400397], [-51.905336, -23.400352], [-51.905333, -23.400346], [-51.905139, -23.400059], [-51.905039, -23.400117], [-51.90522, -23.400385]]]}, "properties": {"info": {"nmmunicipio": "Maringá"}, "address": "?, ?"}},
{"type": "Feature", "geometry": {"type": "Polygon", "coordinates": [[[-51.90494, -23.400174], [-51.905039, -23.400117], [-51.904891, -23.399898], [-51.904793, -23.399955], [-51.90494, -23.400174]]]}, "properties": {"info": {"nmmunicipio": "Maringá"}, "address": "?, ?"}},
{"type": "Feature", "geometry": {"type": "Polygon", "coordinates": [[[-51.905112, -23.400432], [-51.905119, -23.400443], [-51.905229, -23.400397], [-51.905224, -23.40039], [-51.90522, -23.400385], [-51.905039, -23.400117], [-51.90494, -23.400174], [-51.905112, -23.400432]]]}, "properties": {"info": {"nmmunicipio": "Maringá"}, "address": "?, ?"}},
{"type": "Feature", "geometry": {"type": "Polygon", "coordinates": [[[-51.905003, -23.400478], [-51.905011, -23.400488], [-51.905119, -23.400443], [-51.905112, -23.400432], [-51.90494, -23.400174], [-51.904839, -23.400232], [-51.905003, -23.400478]]]}, "properties": {"info": {"nmmunicipio": "Maringá"}, "address": "?, ?"}},
{"type": "Feature", "geometry": {"type": "Polygon", "coordinates": [[[-51.902003, -23.400814], [-51.902121, -23.400746], [-51.902015, -23.400587], [-51.901897, -23.400655], [-51.902003, -23.400814]]]}, "properties": {"info": {"nmmunicipio": "Maringá"}, "address": "?, ?"}},
{"type": "Feature", "geometry": {"type": "Polygon", "coordinates": [[[-51.901778, -23.400723], [-51.901897, -23.400655], [-51.901787, -23.400491], [-51.901668, -23.400559], [-51.901778, -23.400723]]]}, "properties": {"info": {"nmmunicipio": "Maringá"}, "address": "?, ?"}},
{"type": "Feature", "geometry": {"type": "Polygon", "coordinates": [[[-51.901778, -23.400723], [-51.901885, -23.400882], [-51.902003, -23.400814], [-51.901897, -23.400655], [-51.901778, -23.400723]]]}, "properties": {"info": {"nmmunicipio": "Maringá"}, "address": "?, ?"}},
{"type": "Feature", "geometry": {"type": "Polygon", "coordinates": [[[-51.901663, -23.400789], [-51.901778, -23.400723], [-51.901668, -23.400559], [-51.901555, -23.400624], [-51.901663, -23.400789]]]}, "properties": {"info": {"nmmunicipio": "Maringá"}, "address": "?, ?"}},
{"type": "Feature", "geometry": {"type": "Polygon", "coordinates": [[[-51.901768, -23.400949], [-51.901885, -23.400882], [-51.901778, -23.400723], [-51.901663, -23.400789], [-51.901768, -23.400949]]]}, "properties": {"info": {"nmmunicipio": "Maringá"}, "address": "?, ?"}},
{"type": "Feature", "geometry": {"type": "Polygon", "coordinates": [[[-51.901542, -23.400859], [-51.901663, -23.400789], [-51.901555, -23.400624], [-51.901434, -23.400694], [-51.901542, -23.400859]]]}, "properties": {"info": {"nmmunicipio": "Maringá"}, "address": "?, ?"}},
{"type": "Feature", "geometry": {"type": "Polygon", "coordinates": [[[-51.901423, -23.400927], [-51.901542, -23.400859], [-51.901434, -23.400694], [-51.901315, -23.400762], [-51.901423, -23.400927]]]}, "properties": {"info": {"nmmunicipio": "Maringá"}, "address": "?, ?"}},
{"type": "Feature", "geometry": {"type": "Polygon", "coordinates": [[[-51.900329, -23.399178], [-51.900351, -23.39921], [-51.900437, -23.399334], [-51.900543, -23.399274], [-51.900438, -23.399115], [-51.900329, -23.399178]]]}, "properties": {"info": {"nmmunicipio": "Maringá"}, "address": "?, ?"}},
{"type": "Feature", "geometry": {"type": "Polygon", "coordinates": [[[-51.902073, -23.397561], [-51.902196, -23.39749], [-51.902081, -23.397326], [-51.90196, -23.397395], [-51.902073, -23.397561]]]}, "properties": {"info": {"nmmunicipio": "Maringá"}, "address": "?, ?"}},
{"type": "Feature", "geometry": {"type": "Polygon", "coordinates": [[[-51.900478, -23.397477], [-51.900596, -23.39741], [-51.900528, -23.39731], [-51.900495, -23.397262], [-51.900377, -23.397328], [-51.900478, -23.397477]]]}, "properties": {"info": {"nmmunicipio": "Maringá"}, "address": "?, ?"}},
{"type": "Feature", "geometry": {"type": "Polygon", "coordinates": [[[-51.900377, -23.397328], [-51.900495, -23.397262], [-51.900461, -23.397212], [-51.900374, -23.397086], [-51.900258, -23.397154], [-51.900377, -23.397328]]]}, "properties": {"info": {"nmmunicipio": "Maringá"}, "address": "?, ?"}},
{"type": "Feature", "geometry": {"type": "Polygon", "coordinates": [[[-51.900832, -23.397688], [-51.900968, -23.39761], [-51.900861, -23.397429], [-51.900714, -23.397513], [-51.900832, -23.397688]]]}, "properties": {"info": {"nmmunicipio": "Maringá"}, "address": "?, ?"}},
{"type": "Feature", "geometry": {"type": "Polygon", "coordinates": [[[-51.900932, -23.397837], [-51.90106, -23.397764], [-51.900968, -23.39761], [-51.900832, -23.397688], [-51.900932, -23.397837]]]}, "properties": {"info": {"nmmunicipio": "Maringá"}, "address": "?, ?"}},
{"type": "Feature", "geometry": {"type": "Polygon", "coordinates": [[[-51.902155, -23.399295], [-51.902263, -23.399234], [-51.902164, -23.399069], [-51.90205, -23.399133], [-51.902155, -23.399295]]]}, "properties": {"info": {"nmmunicipio": "Maringá"}, "address": "?, ?"}},
{"type": "Feature", "geometry": {"type": "Polygon", "coordinates": [[[-51.902263, -23.399234], [-51.902377, -23.39917], [-51.902278, -23.399004], [-51.902164, -23.399069], [-51.902263, -23.399234]]]}, "properties": {"info": {"nmmunicipio": "Maringá"}, "address": "?, ?"}},
{"type": "Feature", "geometry": {"type": "Polygon", "coordinates": [[[-51.902377, -23.39917], [-51.902485, -23.399108], [-51.902387, -23.398942], [-51.902278, -23.399004], [-51.902377, -23.39917]]]}, "properties": {"info": {"nmmunicipio": "Maringá"}, "address": "?, ?"}},
{"type": "Feature", "geometry": {"type": "Polygon", "coordinates": [[[-51.902592, -23.399047], [-51.902703, -23.398984], [-51.902605, -23.398819], [-51.902494, -23.398882], [-51.902592, -23.399047]]]}, "properties": {"info": {"nmmunicipio": "Maringá"}, "address": "?, ?"}},
{"type": "Feature", "geometry": {"type": "Polygon", "coordinates": [[[-51.902703, -23.398984], [-51.90281, -23.398923], [-51.902712, -23.398759], [-51.902605, -23.398819], [-51.902703, -23.398984]]]}, "properties": {"info": {"nmmunicipio": "Maringá"}, "address": "?, ?"}},
{"type": "Feature", "geometry": {"type": "Polygon", "coordinates": [[[-51.90281, -23.398923], [-51.902921, -23.39886], [-51.902824, -23.398695], [-51.902712, -23.398759], [-51.90281, -23.398923]]]}, "properties": {"info": {"nmmunicipio": "Maringá"}, "address": "?, ?"}},
{"type": "Feature", "geometry": {"type": "Polygon", "coordinates": [[[-51.902921, -23.39886], [-51.903032, -23.398797], [-51.902934, -23.398633], [-51.902824, -23.398695], [-51.902921, -23.39886]]]}, "properties": {"info": {"nmmunicipio": "Maringá"}, "address": "?, ?"}},
{"type": "Feature", "geometry": {"type": "Polygon", "coordinates": [[[-51.903032, -23.398797], [-51.903144, -23.398734], [-51.903047, -23.398569], [-51.902934, -23.398633], [-51.903032, -23.398797]]]}, "properties": {"info": {"nmmunicipio": "Maringá"}, "address": "?, ?"}},
{"type": "Feature", "geometry": {"type": "Polygon", "coordinates": [[[-51.903144, -23.398734], [-51.903252, -23.398672], [-51.903155, -23.398508], [-51.903047, -23.398569], [-51.903144, -23.398734]]]}, "properties": {"info": {"nmmunicipio": "Maringá"}, "address": "?, ?"}},
{"type": "Feature", "geometry": {"type": "Polygon", "coordinates": [[[-51.903346, -23.39883], [-51.903449, -23.398771], [-51.903354, -23.398614], [-51.903252, -23.398672], [-51.903346, -23.39883]]]}, "properties": {"info": {"nmmunicipio": "Maringá"}, "address": "?, ?"}},
{"type": "Feature", "geometry": {"type": "Polygon", "coordinates": [[[-51.903238, -23.398892], [-51.903346, -23.39883], [-51.903252, -23.398672], [-51.903144, -23.398734], [-51.903238, -23.398892]]]}, "properties": {"info": {"nmmunicipio": "Maringá"}, "address": "?, ?"}},
{"type": "Feature", "geometry": {"type": "Polygon", "coordinates": [[[-51.903127, -23.398955], [-51.903238, -23.398892], [-51.903144, -23.398734], [-51.903032, -23.398797], [-51.903127, -23.398955]]]}, "properties": {"info": {"nmmunicipio": "Maringá"}, "address": "?, ?"}},
{"type": "Feature", "geometry": {"type": "Polygon", "coordinates": [[[-51.903014, -23.399019], [-51.903127, -23.398955], [-51.903032, -23.398797], [-51.902921, -23.39886], [-51.903014, -23.399019]]]}, "properties": {"info": {"nmmunicipio": "Maringá"}, "address": "?, ?"}},
{"type": "Feature", "geometry": {"type": "Polygon", "coordinates": [[[-51.902905, -23.399082], [-51.903014, -23.399019], [-51.902921, -23.39886], [-51.90281, -23.398923], [-51.902905, -23.399082]]]}, "properties": {"info": {"nmmunicipio": "Maringá"}, "address": "?, ?"}},
{"type": "Feature", "geometry": {"type": "Polygon", "coordinates": [[[-51.902796, -23.399144], [-51.902905, -23.399082], [-51.90281, -23.398923], [-51.902703, -23.398984], [-51.902796, -23.399144]]]}, "properties": {"info": {"nmmunicipio": "Maringá"}, "address": "?, ?"}},
{"type": "Feature", "geometry": {"type": "Polygon", "coordinates": [[[-51.902687, -23.399206], [-51.902796, -23.399144], [-51.902703, -23.398984], [-51.902592, -23.399047], [-51.902687, -23.399206]]]}, "properties": {"info": {"nmmunicipio": "Maringá"}, "address": "?, ?"}},
{"type": "Feature", "geometry": {"type": "Polygon", "coordinates": [[[-51.902579, -23.399268], [-51.902687, -23.399206], [-51.902592, -23.399047], [-51.902485, -23.399108], [-51.902579, -23.399268]]]}, "properties": {"info": {"nmmunicipio": "Maringá"}, "address": "?, ?"}},
{"type": "Feature", "geometry": {"type": "Polygon", "coordinates": [[[-51.902471, -23.399329], [-51.902579, -23.399268], [-51.902485, -23.399108], [-51.902377, -23.39917], [-51.902471, -23.399329]]]}, "properties": {"info": {"nmmunicipio": "Maringá"}, "address": "?, ?"}},
{"type": "Feature", "geometry": {"type": "Polygon", "coordinates": [[[-51.902359, -23.399394], [-51.902471, -23.399329], [-51.902377, -23.39917], [-51.902263, -23.399234], [-51.902359, -23.399394]]]}, "properties": {"info": {"nmmunicipio": "Maringá"}, "address": "?, ?"}},
{"type": "Feature", "geometry": {"type": "Polygon", "coordinates": [[[-51.902256, -23.399452], [-51.902359, -23.399394], [-51.902263, -23.399234], [-51.902155, -23.399295], [-51.902256, -23.399452]]]}, "properties": {"info": {"nmmunicipio": "Maringá"}, "address": "?, ?"}},
{"type": "Feature", "geometry": {"type": "Polygon", "coordinates": [[[-51.902463, -23.3998], [-51.902531, -23.399914], [-51.902764, -23.39978], [-51.90269, -23.39967], [-51.902463, -23.3998]]]}, "properties": {"info": {"nmmunicipio": "Maringá"}, "address": "?, ?"}},
{"type": "Feature", "geometry": {"type": "Polygon", "coordinates": [[[-51.902463, -23.3998], [-51.90269, -23.39967], [-51.902659, -23.399623], [-51.902628, -23.399577], [-51.902405, -23.399702], [-51.902463, -23.3998]]]}, "properties": {"info": {"nmmunicipio": "Maringá"}, "address": "?, ?"}},
{"type": "Feature", "geometry": {"type": "Polygon", "coordinates": [[[-51.902405, -23.399702], [-51.902628, -23.399577], [-51.902548, -23.399457], [-51.902333, -23.39958], [-51.902405, -23.399702]]]}, "properties": {"info": {"nmmunicipio": "Maringá"}, "address": "?, ?"}},
{"type": "Feature", "geometry": {"type": "Polygon", "coordinates": [[[-51.902628, -23.399577], [-51.902659, -23.399623], [-51.902778, -23.399555], [-51.902668, -23.399387], [-51.902548, -23.399457], [-51.902628, -23.399577]]]}, "properties": {"info": {"nmmunicipio": "Maringá"}, "address": "?, ?"}},
{"type": "Feature", "geometry": {"type": "Polygon", "coordinates": [[[-51.902778, -23.399555], [-51.902893, -23.39949], [-51.902781, -23.399323], [-51.902668, -23.399387], [-51.902778, -23.399555]]]}, "properties": {"info": {"nmmunicipio": "Maringá"}, "address": "?, ?"}},
{"type": "Feature", "geometry": {"type": "Polygon", "coordinates": [[[-51.899835, -23.396426], [-51.899944, -23.396588], [-51.900082, -23.396509], [-51.899974, -23.396346], [-51.899884, -23.396398], [-51.899835, -23.396426]]]}, "properties": {"info": {"nmmunicipio": "Maringá"}, "address": "?, ?"}},
{"type": "Feature", "geometry": {"type": "Polygon", "coordinates": [[[-51.903967, -23.397908], [-51.904079, -23.397843], [-51.903984, -23.397683], [-51.903873, -23.397747], [-51.903967, -23.397908]]]}, "properties": {"info": {"nmmunicipio": "Maringá"}, "address": "?, ?"}},
{"type": "Feature", "geometry": {"type": "Polygon", "coordinates": [[[-51.904079, -23.397843], [-51.904189, -23.39778], [-51.904093, -23.397621], [-51.903984, -23.397683], [-51.904079, -23.397843]]]}, "properties": {"info": {"nmmunicipio": "Maringá"}, "address": "?, ?"}},
{"type": "Feature", "geometry": {"type": "Polygon", "coordinates": [[[-51.904189, -23.39778], [-51.904293, -23.39772], [-51.9042, -23.397559], [-51.904093, -23.397621], [-51.904189, -23.39778]]]}, "properties": {"info": {"nmmunicipio": "Maringá"}, "address": "?, ?"}},
{"type": "Feature", "geometry": {"type": "Polygon", "coordinates": [[[-51.901702, -23.399795], [-51.90181, -23.399733], [-51.901714, -23.399568], [-51.901606, -23.39963], [-51.901702, -23.399795]]]}, "properties": {"info": {"nmmunicipio": "Maringá"}, "address": "?, ?"}},
{"type": "Feature", "geometry": {"type": "Polygon", "coordinates": [[[-51.905397, -23.400823], [-51.905526, -23.400771], [-51.905445, -23.400598], [-51.905316, -23.400649], [-51.905397, -23.400823]]]}, "properties": {"info": {"nmmunicipio": "Maringá"}, "address": "?, ?"}},
{"type": "Feature", "geometry": {"type": "Polygon", "coordinates": [[[-51.90527, -23.400874], [-51.905397, -23.400823], [-51.905316, -23.400649], [-51.905188, -23.400699], [-51.90527, -23.400874]]]}, "properties": {"info": {"nmmunicipio": "Maringá"}, "address": "?, ?"}},
{"type": "Feature", "geometry": {"type": "Polygon", "coordinates": [[[-51.905143, -23.400925], [-51.90527, -23.400874], [-51.905188, -23.400699], [-51.905063, -23.400749], [-51.905143, -23.400925]]]}, "properties": {"info": {"nmmunicipio": "Maringá"}, "address": "?, ?"}},
{"type": "Feature", "geometry": {"type": "Polygon", "coordinates": [[[-51.904993, -23.400922], [-51.905017, -23.400976], [-51.905143, -23.400925], [-51.905063, -23.400749], [-51.904936, -23.400799], [-51.904993, -23.400922]]]}, "properties": {"info": {"nmmunicipio": "Maringá"}, "address": "?, ?"}},
{"type": "Feature", "geometry": {"type": "Polygon", "coordinates": [[[-51.899695, -23.396506], [-51.899807, -23.396667], [-51.899944, -23.396588], [-51.899835, -23.396426], [-51.899778, -23.396458], [-51.899695, -23.396506]]]}, "properties": {"info": {"nmmunicipio": "Maringá"}, "address": "?, ?"}},
{"type": "Feature", "geometry": {"type": "Polygon", "coordinates": [[[-51.899569, -23.396578], [-51.899555, -23.396587], [-51.899664, -23.396749], [-51.899807, -23.396667], [-51.899695, -23.396506], [-51.899569, -23.396578]]]}, "properties": {"info": {"nmmunicipio": "Maringá"}, "address": "?, ?"}},
{"type": "Feature", "geometry": {"type": "Polygon", "coordinates": [[[-51.899449, -23.396872], [-51.899664, -23.396749], [-51.899555, -23.396587], [-51.899389, -23.396682], [-51.899449, -23.396872]]]}, "properties": {"info": {"nmmunicipio": "Maringá"}, "address": "?, ?"}},
{"type": "Feature", "geometry": {"type": "Polygon", "coordinates": [[[-51.899712, -23.397104], [-51.899816, -23.397044], [-51.89985, -23.397025], [-51.899739, -23.396855], [-51.899599, -23.396935], [-51.899712, -23.397104]]]}, "properties": {"info": {"nmmunicipio": "Maringá"}, "address": "?, ?"}},
{"type": "Feature", "geometry": {"type": "Polygon", "coordinates": [[[-51.899974, -23.396346], [-51.900082, -23.396509], [-51.900257, -23.396409], [-51.900156, -23.396242], [-51.899989, -23.396338], [-51.899974, -23.396346]]]}, "properties": {"info": {"nmmunicipio": "Maringá"}, "address": "?, ?"}},
{"type": "Feature", "geometry": {"type": "Polygon", "coordinates": [[[-51.90285, -23.400112], [-51.902968, -23.400045], [-51.902855, -23.399877], [-51.902737, -23.399945], [-51.90285, -23.400112]]]}, "properties": {"info": {"nmmunicipio": "Maringá"}, "address": "?, ?"}},
{"type": "Feature", "geometry": {"type": "Polygon", "coordinates": [[[-51.903072, -23.400199], [-51.90319, -23.400132], [-51.903087, -23.399976], [-51.902968, -23.400045], [-51.903072, -23.400199]]]}, "properties": {"info": {"nmmunicipio": "Maringá"}, "address": "?, ?"}},
{"type": "Feature", "geometry": {"type": "Polygon", "coordinates": [[[-51.902968, -23.400045], [-51.903087, -23.399976], [-51.902975, -23.399808], [-51.902855, -23.399877], [-51.902968, -23.400045]]]}, "properties": {"info": {"nmmunicipio": "Maringá"}, "address": "?, ?"}},
{"type": "Feature", "geometry": {"type": "Polygon", "coordinates": [[[-51.904261, -23.39983], [-51.904471, -23.399713], [-51.904389, -23.399591], [-51.904188, -23.399707], [-51.904261, -23.39983]]]}, "properties": {"info": {"nmmunicipio": "Maringá"}, "address": "?, ?"}},
{"type": "Feature", "geometry": {"type": "Polygon", "coordinates": [[[-51.904531, -23.399804], [-51.904605, -23.399914], [-51.904727, -23.399844], [-51.904625, -23.399691], [-51.904503, -23.399761], [-51.904531, -23.399804]]]}, "properties": {"info": {"nmmunicipio": "Maringá"}, "address": "?, ?"}},
{"type": "Feature", "geometry": {"type": "Polygon", "coordinates": [[[-51.904471, -23.399713], [-51.904503, -23.399761], [-51.904625, -23.399691], [-51.904511, -23.399521], [-51.904389, -23.399591], [-51.904471, -23.399713]]]}, "properties": {"info": {"nmmunicipio": "Maringá"}, "address": "?, ?"}},
{"type": "Feature", "geometry": {"type": "Polygon", "coordinates": [[[-51.904625, -23.399691], [-51.904727, -23.399844], [-51.904841, -23.399778], [-51.904739, -23.399625], [-51.904625, -23.399691]]]}, "properties": {"info": {"nmmunicipio": "Maringá"}, "address": "?, ?"}},
{"type": "Feature", "geometry": {"type": "Polygon", "coordinates": [[[-51.904625, -23.399691], [-51.904739, -23.399625], [-51.904627, -23.399454], [-51.904511, -23.399521], [-51.904625, -23.399691]]]}, "properties": {"info": {"nmmunicipio": "Maringá"}, "address": "?, ?"}},
{"type": "Feature", "geometry": {"type": "Polygon", "coordinates": [[[-51.904841, -23.399778], [-51.90496, -23.39971], [-51.904858, -23.399557], [-51.904739, -23.399625], [-51.904841, -23.399778]]]}, "properties": {"info": {"nmmunicipio": "Maringá"}, "address": "?, ?"}},
{"type": "Feature", "geometry": {"type": "Polygon", "coordinates": [[[-51.904739, -23.399625], [-51.904858, -23.399557], [-51.904745, -23.399386], [-51.904627, -23.399454], [-51.904739, -23.399625]]]}, "properties": {"info": {"nmmunicipio": "Maringá"}, "address": "?, ?"}},
{"type": "Feature", "geometry": {"type": "Polygon", "coordinates": [[[-51.90496, -23.39971], [-51.905077, -23.399642], [-51.904975, -23.39949], [-51.904858, -23.399557], [-51.90496, -23.39971]]]}, "properties": {"info": {"nmmunicipio": "Maringá"}, "address": "?, ?"}},
{"type": "Feature", "geometry": {"type": "Polygon", "coordinates": [[[-51.904858, -23.399557], [-51.904975, -23.39949], [-51.904862, -23.399319], [-51.904745, -23.399386], [-51.904858, -23.399557]]]}, "properties": {"info": {"nmmunicipio": "Maringá"}, "address": "?, ?"}},
{"type": "Feature", "geometry": {"type": "Polygon", "coordinates": [[[-51.905077, -23.399642], [-51.905198, -23.399573], [-51.905112, -23.399443], [-51.905097, -23.39942], [-51.904975, -23.39949], [-51.905077, -23.399642]]]}, "properties": {"info": {"nmmunicipio": "Maringá"}, "address": "?, ?"}},
{"type": "Feature", "geometry": {"type": "Polygon", "coordinates": [[[-51.904975, -23.39949], [-51.905097, -23.39942], [-51.905051, -23.399352], [-51.904983, -23.399249], [-51.904862, -23.399319], [-51.904975, -23.39949]]]}, "properties": {"info": {"nmmunicipio": "Maringá"}, "address": "?, ?"}},
{"type": "Feature", "geometry": {"type": "Polygon", "coordinates": [[[-51.905171, -23.399903], [-51.905406, -23.399766], [-51.905401, -23.399753], [-51.905391, -23.399729], [-51.905382, -23.399705], [-51.905364, -23.399655], [-51.905356, -23.399631], [-51.905091, -23.399783], [-51.905171, -23.399903]]]}, "properties": {"info": {"nmmunicipio": "Maringá"}, "address": "?, ?"}},
{"type": "Feature", "geometry": {"type": "Polygon", "coordinates": [[[-51.905238, -23.400003], [-51.905246, -23.400015], [-51.905464, -23.399889], [-51.905445, -23.399849], [-51.905439, -23.399837], [-51.905428, -23.399814], [-51.905406, -23.399766], [-51.905171, -23.399903], [-51.905238, -23.400003]]]}, "properties": {"info": {"nmmunicipio": "Maringá"}, "address": "?, ?"}},
{"type": "Feature", "geometry": {"type": "Polygon", "coordinates": [[[-51.905337, -23.40015], [-51.905532, -23.400036], [-51.905464, -23.399889], [-51.905246, -23.400015], [-51.905337, -23.40015]]]}, "properties": {"info": {"nmmunicipio": "Maringá"}, "address": "?, ?"}},
{"type": "Feature", "geometry": {"type": "Polygon", "coordinates": [[[-51.905442, -23.400306], [-51.905623, -23.400232], [-51.905532, -23.400036], [-51.905337, -23.40015], [-51.905442, -23.400306]]]}, "properties": {"info": {"nmmunicipio": "Maringá"}, "address": "?, ?"}},
{"type": "Feature", "geometry": {"type": "Polygon", "coordinates": [[[-51.899884, -23.396398], [-51.899974, -23.396346], [-51.899989, -23.396338], [-51.899868, -23.396161], [-51.899762, -23.396222], [-51.899884, -23.396398]]]}, "properties": {"info": {"nmmunicipio": "Maringá"}, "address": "?, ?"}},
{"type": "Feature", "geometry": {"type": "Polygon", "coordinates": [[[-51.899989, -23.396338], [-51.900156, -23.396242], [-51.900046, -23.396059], [-51.899868, -23.396161], [-51.899989, -23.396338]]]}, "properties": {"info": {"nmmunicipio": "Maringá"}, "address": "?, ?"}},
{"type": "Feature", "geometry": {"type": "Polygon", "coordinates": [[[-51.900357, -23.397545], [-51.900478, -23.397477], [-51.900377, -23.397328], [-51.900257, -23.397395], [-51.900357, -23.397545]]]}, "properties": {"info": {"nmmunicipio": "Maringá"}, "address": "?, ?"}},
{"type": "Feature", "geometry": {"type": "Polygon", "coordinates": [[[-51.904236, -23.398314], [-51.904347, -23.39825], [-51.904254, -23.398095], [-51.904144, -23.398158], [-51.904236, -23.398314]]]}, "properties": {"info": {"nmmunicipio": "Maringá"}, "address": "?, ?"}},
{"type": "Feature", "geometry": {"type": "Polygon", "coordinates": [[[-51.904096, -23.398811], [-51.904212, -23.398745], [-51.904093, -23.398568], [-51.903978, -23.398634], [-51.904096, -23.398811]]]}, "properties": {"info": {"nmmunicipio": "Maringá"}, "address": "?, ?"}},
{"type": "Feature", "geometry": {"type": "Polygon", "coordinates": [[[-51.903944, -23.398831], [-51.903976, -23.39888], [-51.904096, -23.398811], [-51.903978, -23.398634], [-51.903859, -23.398703], [-51.903944, -23.398831]]]}, "properties": {"info": {"nmmunicipio": "Maringá"}, "address": "?, ?"}},
{"type": "Feature", "geometry": {"type": "Polygon", "coordinates": [[[-51.902433, -23.398774], [-51.902543, -23.398713], [-51.902457, -23.398563], [-51.902346, -23.398626], [-51.902433, -23.398774]]]}, "properties": {"info": {"nmmunicipio": "Maringá"}, "address": "?, ?"}},
{"type": "Feature", "geometry": {"type": "Polygon", "coordinates": [[[-51.902326, -23.398834], [-51.902433, -23.398774], [-51.902346, -23.398626], [-51.902238, -23.398688], [-51.902326, -23.398834]]]}, "properties": {"info": {"nmmunicipio": "Maringá"}, "address": "?, ?"}},
{"type": "Feature", "geometry": {"type": "Polygon", "coordinates": [[[-51.902215, -23.398896], [-51.902326, -23.398834], [-51.902238, -23.398688], [-51.902129, -23.39875], [-51.902215, -23.398896]]]}, "properties": {"info": {"nmmunicipio": "Maringá"}, "address": "?, ?"}},
{"type": "Feature", "geometry": {"type": "Polygon", "coordinates": [[[-51.9021, -23.39896], [-51.902215, -23.398896], [-51.902129, -23.39875], [-51.902016, -23.398814], [-51.9021, -23.39896]]]}, "properties": {"info": {"nmmunicipio": "Maringá"}, "address": "?, ?"}},
{"type": "Feature", "geometry": {"type": "Polygon", "coordinates": [[[-51.901992, -23.39902], [-51.9021, -23.39896], [-51.902016, -23.398814], [-51.901907, -23.398876], [-51.901992, -23.39902]]]}, "properties": {"info": {"nmmunicipio": "Maringá"}, "address": "?, ?"}},
{"type": "Feature", "geometry": {"type": "Polygon", "coordinates": [[[-51.901776, -23.395364], [-51.901861, -23.39549], [-51.901985, -23.395419], [-51.9019, -23.395295], [-51.901783, -23.39536], [-51.901776, -23.395364]]]}, "properties": {"info": {"nmmunicipio": "Maringá"}, "address": "?, ?"}},
{"type": "Feature", "geometry": {"type": "Polygon", "coordinates": [[[-51.901711, -23.395576], [-51.901861, -23.39549], [-51.901776, -23.395364], [-51.901632, -23.395443], [-51.901711, -23.395576]]]}, "properties": {"info": {"nmmunicipio": "Maringá"}, "address": "?, ?"}},
{"type": "Feature", "geometry": {"type": "Polygon", "coordinates": [[[-51.901686, -23.397405], [-51.901799, -23.39734], [-51.901695, -23.397184], [-51.901581, -23.397249], [-51.901686, -23.397405]]]}, "properties": {"info": {"nmmunicipio": "Maringá"}, "address": "?, ?"}},
{"type": "Feature", "geometry": {"type": "Polygon", "coordinates": [[[-51.901568, -23.397473], [-51.901686, -23.397405], [-51.901581, -23.397249], [-51.901462, -23.397317], [-51.901568, -23.397473]]]}, "properties": {"info": {"nmmunicipio": "Maringá"}, "address": "?, ?"}},
{"type": "Feature", "geometry": {"type": "Polygon", "coordinates": [[[-51.901345, -23.397394], [-51.901445, -23.397544], [-51.901568, -23.397473], [-51.901462, -23.397317], [-51.90134, -23.397387], [-51.901345, -23.397394]]]}, "properties": {"info": {"nmmunicipio": "Maringá"}, "address": "?, ?"}},
{"type": "Feature", "geometry": {"type": "Polygon", "coordinates": [[[-51.901223, -23.397461], [-51.901323, -23.397614], [-51.901445, -23.397544], [-51.901345, -23.397394], [-51.901236, -23.397454], [-51.901223, -23.397461]]]}, "properties": {"info": {"nmmunicipio": "Maringá"}, "address": "?, ?"}},
{"type": "Feature", "geometry": {"type": "Polygon", "coordinates": [[[-51.901098, -23.397531], [-51.901192, -23.39769], [-51.901323, -23.397614], [-51.901223, -23.397461], [-51.901098, -23.397531]]]}, "properties": {"info": {"nmmunicipio": "Maringá"}, "address": "?, ?"}},
{"type": "Feature", "geometry": {"type": "Polygon", "coordinates": [[[-51.902269, -23.397069], [-51.902389, -23.397], [-51.902295, -23.39684], [-51.902165, -23.396915], [-51.902269, -23.397069]]]}, "properties": {"info": {"nmmunicipio": "Maringá"}, "address": "?, ?"}},
{"type": "Feature", "geometry": {"type": "Polygon", "coordinates": [[[-51.902145, -23.397141], [-51.902269, -23.397069], [-51.902165, -23.396915], [-51.902041, -23.396986], [-51.902145, -23.397141]]]}, "properties": {"info": {"nmmunicipio": "Maringá"}, "address": "?, ?"}},
{"type": "Feature", "geometry": {"type": "Polygon", "coordinates": [[[-51.902034, -23.397205], [-51.902145, -23.397141], [-51.902041, -23.396986], [-51.901931, -23.397048], [-51.902034, -23.397205]]]}, "properties": {"info": {"nmmunicipio": "Maringá"}, "address": "?, ?"}},
{"type": "Feature", "geometry": {"type": "Polygon", "coordinates": [[[-51.901913, -23.397274], [-51.902034, -23.397205], [-51.901931, -23.397048], [-51.901818, -23.397113], [-51.901913, -23.397274]]]}, "properties": {"info": {"nmmunicipio": "Maringá"}, "address": "?, ?"}},
{"type": "Feature", "geometry": {"type": "Polygon", "coordinates": [[[-51.901799, -23.39734], [-51.901913, -23.397274], [-51.901818, -23.397113], [-51.901695, -23.397184], [-51.901799, -23.39734]]]}, "properties": {"info": {"nmmunicipio": "Maringá"}, "address": "?, ?"}},
{"type": "Feature", "geometry": {"type": "Polygon", "coordinates": [[[-51.901695, -23.397184], [-51.901818, -23.397113], [-51.901715, -23.396938], [-51.901582, -23.397014], [-51.901695, -23.397184]]]}, "properties": {"info": {"nmmunicipio": "Maringá"}, "address": "?, ?"}},
{"type": "Feature", "geometry": {"type": "Polygon", "coordinates": [[[-51.901818, -23.397113], [-51.901931, -23.397048], [-51.90182, -23.396878], [-51.901715, -23.396938], [-51.901818, -23.397113]]]}, "properties": {"info": {"nmmunicipio": "Maringá"}, "address": "?, ?"}},
{"type": "Feature", "geometry": {"type": "Polygon", "coordinates": [[[-51.901931, -23.397048], [-51.902041, -23.396986], [-51.901927, -23.396816], [-51.90182, -23.396878], [-51.901931, -23.397048]]]}, "properties": {"info": {"nmmunicipio": "Maringá"}, "address": "?, ?"}},
{"type": "Feature", "geometry": {"type": "Polygon", "coordinates": [[[-51.902041, -23.396986], [-51.902165, -23.396915], [-51.902051, -23.396745], [-51.901927, -23.396816], [-51.902041, -23.396986]]]}, "properties": {"info": {"nmmunicipio": "Maringá"}, "address": "?, ?"}},
{"type": "Feature", "geometry": {"type": "Polygon", "coordinates": [[[-51.901098, -23.397531], [-51.901223, -23.397461], [-51.901236, -23.397454], [-51.901119, -23.39728], [-51.900993, -23.397352], [-51.901098, -23.397531]]]}, "properties": {"info": {"nmmunicipio": "Maringá"}, "address": "?, ?"}},
{"type": "Feature", "geometry": {"type": "Polygon", "coordinates": [[[-51.901236, -23.397454], [-51.901345, -23.397394], [-51.90134, -23.397387], [-51.901228, -23.397217], [-51.901119, -23.39728], [-51.901236, -23.397454]]]}, "properties": {"info": {"nmmunicipio": "Maringá"}, "address": "?, ?"}},
{"type": "Feature", "geometry": {"type": "Polygon", "coordinates": [[[-51.903739, -23.398948], [-51.903944, -23.398831], [-51.903859, -23.398703], [-51.903661, -23.398817], [-51.903739, -23.398948]]]}, "properties": {"info": {"nmmunicipio": "Maringá"}, "address": "?, ?"}},
{"type": "Feature", "geometry": {"type": "Polygon", "coordinates": [[[-51.899964, -23.395622], [-51.900037, -23.395745], [-51.90025, -23.395623], [-51.90017, -23.395506], [-51.899964, -23.395622]]]}, "properties": {"info": {"nmmunicipio": "Maringá"}, "address": "?, ?"}},
{"type": "Feature", "geometry": {"type": "Polygon", "coordinates": [[[-51.899909, -23.395532], [-51.899964, -23.395622], [-51.90017, -23.395506], [-51.90011, -23.395418], [-51.899909, -23.395532]]]}, "properties": {"info": {"nmmunicipio": "Maringá"}, "address": "?, ?"}},
{"type": "Feature", "geometry": {"type": "Polygon", "coordinates": [[[-51.899852, -23.395437], [-51.899909, -23.395532], [-51.90011, -23.395418], [-51.900046, -23.395325], [-51.899986, -23.39536], [-51.899852, -23.395437]]]}, "properties": {"info": {"nmmunicipio": "Maringá"}, "address": "?, ?"}},
{"type": "Feature", "geometry": {"type": "Polygon", "coordinates": [[[-51.900561, -23.396619], [-51.900714, -23.39653], [-51.900728, -23.396522], [-51.900614, -23.396354], [-51.900456, -23.396444], [-51.900561, -23.396619]]]}, "properties": {"info": {"nmmunicipio": "Maringá"}, "address": "?, ?"}},
{"type": "Feature", "geometry": {"type": "Polygon", "coordinates": [[[-51.90029, -23.396166], [-51.900423, -23.396089], [-51.900302, -23.395912], [-51.90018, -23.395982], [-51.90029, -23.396166]]]}, "properties": {"info": {"nmmunicipio": "Maringá"}, "address": "?, ?"}},
{"type": "Feature", "geometry": {"type": "Polygon", "coordinates": [[[-51.900423, -23.396089], [-51.900439, -23.39608], [-51.900544, -23.39602], [-51.900424, -23.395842], [-51.900302, -23.395912], [-51.900423, -23.396089]]]}, "properties": {"info": {"nmmunicipio": "Maringá"}, "address": "?, ?"}},
{"type": "Feature", "geometry": {"type": "Polygon", "coordinates": [[[-51.900544, -23.39602], [-51.900568, -23.396006], [-51.90066, -23.395953], [-51.900539, -23.395776], [-51.900424, -23.395842], [-51.900544, -23.39602]]]}, "properties": {"info": {"nmmunicipio": "Maringá"}, "address": "?, ?"}},
{"type": "Feature", "geometry": {"type": "Polygon", "coordinates": [[[-51.900773, -23.395888], [-51.900815, -23.395864], [-51.900891, -23.39582], [-51.90077, -23.395644], [-51.900734, -23.395665], [-51.900656, -23.395709], [-51.900773, -23.395888]]]}, "properties": {"info": {"nmmunicipio": "Maringá"}, "address": "?, ?"}},
{"type": "Feature", "geometry": {"type": "Polygon", "coordinates": [[[-51.900891, -23.39582], [-51.900937, -23.395794], [-51.901012, -23.395751], [-51.90089, -23.395576], [-51.90087, -23.395587], [-51.90077, -23.395644], [-51.900891, -23.39582]]]}, "properties": {"info": {"nmmunicipio": "Maringá"}, "address": "?, ?"}},
{"type": "Feature", "geometry": {"type": "Polygon", "coordinates": [[[-51.901012, -23.395751], [-51.901061, -23.395722], [-51.901128, -23.395683], [-51.90101, -23.395511], [-51.900991, -23.395521], [-51.90089, -23.395576], [-51.901012, -23.395751]]]}, "properties": {"info": {"nmmunicipio": "Maringá"}, "address": "?, ?"}},
{"type": "Feature", "geometry": {"type": "Polygon", "coordinates": [[[-51.901128, -23.395683], [-51.901186, -23.395651], [-51.901247, -23.395615], [-51.901132, -23.395448], [-51.901112, -23.395459], [-51.90101, -23.395511], [-51.901128, -23.395683]]]}, "properties": {"info": {"nmmunicipio": "Maringá"}, "address": "?, ?"}},
{"type": "Feature", "geometry": {"type": "Polygon", "coordinates": [[[-51.901247, -23.395615], [-51.901313, -23.395577], [-51.901361, -23.39555], [-51.901252, -23.39539], [-51.901236, -23.395398], [-51.901132, -23.395448], [-51.901247, -23.395615]]]}, "properties": {"info": {"nmmunicipio": "Maringá"}, "address": "?, ?"}},
{"type": "Feature", "geometry": {"type": "Polygon", "coordinates": [[[-51.901361, -23.39555], [-51.901477, -23.395483], [-51.901384, -23.395328], [-51.901357, -23.395341], [-51.901252, -23.39539], [-51.901361, -23.39555]]]}, "properties": {"info": {"nmmunicipio": "Maringá"}, "address": "?, ?"}},
{"type": "Feature", "geometry": {"type": "Polygon", "coordinates": [[[-51.901422, -23.395742], [-51.901578, -23.395652], [-51.901477, -23.395483], [-51.901361, -23.39555], [-51.901313, -23.395577], [-51.901422, -23.395742]]]}, "properties": {"info": {"nmmunicipio": "Maringá"}, "address": "?, ?"}},
{"type": "Feature", "geometry": {"type": "Polygon", "coordinates": [[[-51.901294, -23.395815], [-51.901422, -23.395742], [-51.901313, -23.395577], [-51.901247, -23.395615], [-51.901186, -23.395651], [-51.901294, -23.395815]]]}, "properties": {"info": {"nmmunicipio": "Maringá"}, "address": "?, ?"}},
{"type": "Feature", "geometry": {"type": "Polygon", "coordinates": [[[-51.901172, -23.395885], [-51.901294, -23.395815], [-51.901186, -23.395651], [-51.901128, -23.395683], [-51.901061, -23.395722], [-51.901172, -23.395885]]]}, "properties": {"info": {"nmmunicipio": "Maringá"}, "address": "?, ?"}},
{"type": "Feature", "geometry": {"type": "Polygon", "coordinates": [[[-51.901048, -23.395956], [-51.901172, -23.395885], [-51.901061, -23.395722], [-51.901012, -23.395751], [-51.900937, -23.395794], [-51.901048, -23.395956]]]}, "properties": {"info": {"nmmunicipio": "Maringá"}, "address": "?, ?"}},
{"type": "Feature", "geometry": {"type": "Polygon", "coordinates": [[[-51.900926, -23.396026], [-51.901048, -23.395956], [-51.900937, -23.395794], [-51.900891, -23.39582], [-51.900815, -23.395864], [-51.900926, -23.396026]]]}, "properties": {"info": {"nmmunicipio": "Maringá"}, "address": "?, ?"}},
{"type": "Feature", "geometry": {"type": "Polygon", "coordinates": [[[-51.900802, -23.396097], [-51.900926, -23.396026], [-51.900815, -23.395864], [-51.900689, -23.395936], [-51.900802, -23.396097]]]}, "properties": {"info": {"nmmunicipio": "Maringá"}, "address": "?, ?"}},
{"type": "Feature", "geometry": {"type": "Polygon", "coordinates": [[[-51.900676, -23.396169], [-51.900802, -23.396097], [-51.900689, -23.395936], [-51.90066, -23.395953], [-51.900568, -23.396006], [-51.900676, -23.396169]]]}, "properties": {"info": {"nmmunicipio": "Maringá"}, "address": "?, ?"}},
{"type": "Feature", "geometry": {"type": "Polygon", "coordinates": [[[-51.900549, -23.396242], [-51.900676, -23.396169], [-51.900568, -23.396006], [-51.900544, -23.39602], [-51.900439, -23.39608], [-51.900549, -23.396242]]]}, "properties": {"info": {"nmmunicipio": "Maringá"}, "address": "?, ?"}},
{"type": "Feature", "geometry": {"type": "Polygon", "coordinates": [[[-51.90039, -23.396333], [-51.900549, -23.396242], [-51.900439, -23.39608], [-51.900423, -23.396089], [-51.90029, -23.396166], [-51.90039, -23.396333]]]}, "properties": {"info": {"nmmunicipio": "Maringá"}, "address": "?, ?"}},
{"type": "Feature", "geometry": {"type": "Polygon", "coordinates": [[[-51.899389, -23.396682], [-51.899555, -23.396587], [-51.899569, -23.396578], [-51.899448, -23.396401], [-51.899323, -23.396473], [-51.899389, -23.396682]]]}, "properties": {"info": {"nmmunicipio": "Maringá"}, "address": "?, ?"}},
{"type": "Feature", "geometry": {"type": "Polygon", "coordinates": [[[-51.899569, -23.396578], [-51.899674, -23.396518], [-51.899552, -23.396342], [-51.899448, -23.396401], [-51.899569, -23.396578]]]}, "properties": {"info": {"nmmunicipio": "Maringá"}, "address": "?, ?"}},
{"type": "Feature", "geometry": {"type": "Polygon", "coordinates": [[[-51.899674, -23.396518], [-51.899695, -23.396506], [-51.899778, -23.396458], [-51.899659, -23.396281], [-51.899552, -23.396342], [-51.899674, -23.396518]]]}, "properties": {"info": {"nmmunicipio": "Maringá"}, "address": "?, ?"}},
{"type": "Feature", "geometry": {"type": "Polygon", "coordinates": [[[-51.899778, -23.396458], [-51.899835, -23.396426], [-51.899884, -23.396398], [-51.899762, -23.396222], [-51.899659, -23.396281], [-51.899778, -23.396458]]]}, "properties": {"info": {"nmmunicipio": "Maringá"}, "address": "?, ?"}},
{"type": "Feature", "geometry": {"type": "Polygon", "coordinates": [[[-51.900785, -23.398322], [-51.900858, -23.39828], [-51.900896, -23.398259], [-51.90078, -23.39808], [-51.900665, -23.398146], [-51.900785, -23.398322]]]}, "properties": {"info": {"nmmunicipio": "Maringá"}, "address": "?, ?"}},
{"type": "Feature", "geometry": {"type": "Polygon", "coordinates": [[[-51.900858, -23.39828], [-51.900962, -23.398429], [-51.901079, -23.398361], [-51.900977, -23.398212], [-51.900896, -23.398259], [-51.900858, -23.39828]]]}, "properties": {"info": {"nmmunicipio": "Maringá"}, "address": "?, ?"}},
{"type": "Feature", "geometry": {"type": "Polygon", "coordinates": [[[-51.900896, -23.398259], [-51.900977, -23.398212], [-51.901014, -23.398191], [-51.900896, -23.398014], [-51.90078, -23.39808], [-51.900896, -23.398259]]]}, "properties": {"info": {"nmmunicipio": "Maringá"}, "address": "?, ?"}},
{"type": "Feature", "geometry": {"type": "Polygon", "coordinates": [[[-51.900977, -23.398212], [-51.901079, -23.398361], [-51.901208, -23.398287], [-51.90111, -23.398136], [-51.901014, -23.398191], [-51.900977, -23.398212]]]}, "properties": {"info": {"nmmunicipio": "Maringá"}, "address": "?, ?"}},
{"type": "Feature", "geometry": {"type": "Polygon", "coordinates": [[[-51.90111, -23.398136], [-51.901208, -23.398287], [-51.901333, -23.398216], [-51.901239, -23.398061], [-51.901123, -23.398128], [-51.90111, -23.398136]]]}, "properties": {"info": {"nmmunicipio": "Maringá"}, "address": "?, ?"}},
{"type": "Feature", "geometry": {"type": "Polygon", "coordinates": [[[-51.901123, -23.398128], [-51.901239, -23.398061], [-51.90113, -23.39788], [-51.901003, -23.397953], [-51.901123, -23.398128]]]}, "properties": {"info": {"nmmunicipio": "Maringá"}, "address": "?, ?"}},
{"type": "Feature", "geometry": {"type": "Polygon", "coordinates": [[[-51.903314, -23.398283], [-51.903419, -23.398222], [-51.903325, -23.398063], [-51.903221, -23.398123], [-51.903314, -23.398283]]]}, "properties": {"info": {"nmmunicipio": "Maringá"}, "address": "?, ?"}},
{"type": "Feature", "geometry": {"type": "Polygon", "coordinates": [[[-51.903419, -23.398222], [-51.90353, -23.398159], [-51.903435, -23.398], [-51.903325, -23.398063], [-51.903419, -23.398222]]]}, "properties": {"info": {"nmmunicipio": "Maringá"}, "address": "?, ?"}},
{"type": "Feature", "geometry": {"type": "Polygon", "coordinates": [[[-51.90353, -23.398159], [-51.903637, -23.398097], [-51.903542, -23.397938], [-51.903435, -23.398], [-51.90353, -23.398159]]]}, "properties": {"info": {"nmmunicipio": "Maringá"}, "address": "?, ?"}},
{"type": "Feature", "geometry": {"type": "Polygon", "coordinates": [[[-51.903747, -23.398034], [-51.903858, -23.39797], [-51.903766, -23.397809], [-51.903653, -23.397874], [-51.903747, -23.398034]]]}, "properties": {"info": {"nmmunicipio": "Maringá"}, "address": "?, ?"}},
{"type": "Feature", "geometry": {"type": "Polygon", "coordinates": [[[-51.903858, -23.39797], [-51.903967, -23.397908], [-51.903873, -23.397747], [-51.903766, -23.397809], [-51.903858, -23.39797]]]}, "properties": {"info": {"nmmunicipio": "Maringá"}, "address": "?, ?"}},
{"type": "Feature", "geometry": {"type": "Polygon", "coordinates": [[[-51.90236, -23.400609], [-51.902477, -23.400542], [-51.902401, -23.400426], [-51.902372, -23.400382], [-51.902255, -23.40045], [-51.90236, -23.400609]]]}, "properties": {"info": {"nmmunicipio": "Maringá"}, "address": "?, ?"}},
{"type": "Feature", "geometry": {"type": "Polygon", "coordinates": [[[-51.902132, -23.40052], [-51.902255, -23.40045], [-51.902146, -23.400284], [-51.902024, -23.400355], [-51.902132, -23.40052]]]}, "properties": {"info": {"nmmunicipio": "Maringá"}, "address": "?, ?"}},
{"type": "Feature", "geometry": {"type": "Polygon", "coordinates": [[[-51.902132, -23.40052], [-51.902237, -23.40068], [-51.90236, -23.400609], [-51.902255, -23.40045], [-51.902132, -23.40052]]]}, "properties": {"info": {"nmmunicipio": "Maringá"}, "address": "?, ?"}},
{"type": "Feature", "geometry": {"type": "Polygon", "coordinates": [[[-51.902015, -23.400587], [-51.902132, -23.40052], [-51.902024, -23.400355], [-51.901906, -23.400423], [-51.902015, -23.400587]]]}, "properties": {"info": {"nmmunicipio": "Maringá"}, "address": "?, ?"}},
{"type": "Feature", "geometry": {"type": "Polygon", "coordinates": [[[-51.900367, -23.397955], [-51.900488, -23.397886], [-51.900368, -23.397711], [-51.900249, -23.397779], [-51.900367, -23.397955]]]}, "properties": {"info": {"nmmunicipio": "Maringá"}, "address": "?, ?"}},
{"type": "Feature", "geometry": {"type": "Polygon", "coordinates": [[[-51.900467, -23.398103], [-51.90059, -23.398033], [-51.900488, -23.397886], [-51.900367, -23.397955], [-51.900467, -23.398103]]]}, "properties": {"info": {"nmmunicipio": "Maringá"}, "address": "?, ?"}},
{"type": "Feature", "geometry": {"type": "Polygon", "coordinates": [[[-51.900254, -23.39802], [-51.900367, -23.397955], [-51.900249, -23.397779], [-51.900137, -23.397843], [-51.900254, -23.39802]]]}, "properties": {"info": {"nmmunicipio": "Maringá"}, "address": "?, ?"}},
{"type": "Feature", "geometry": {"type": "Polygon", "coordinates": [[[-51.900352, -23.398168], [-51.900467, -23.398103], [-51.900367, -23.397955], [-51.900254, -23.39802], [-51.900352, -23.398168]]]}, "properties": {"info": {"nmmunicipio": "Maringá"}, "address": "?, ?"}},
{"type": "Feature", "geometry": {"type": "Polygon", "coordinates": [[[-51.900136, -23.398088], [-51.900254, -23.39802], [-51.900137, -23.397843], [-51.900015, -23.397913], [-51.900136, -23.398088]]]}, "properties": {"info": {"nmmunicipio": "Maringá"}, "address": "?, ?"}},
{"type": "Feature", "geometry": {"type": "Polygon", "coordinates": [[[-51.900237, -23.398234], [-51.900352, -23.398168], [-51.900254, -23.39802], [-51.900136, -23.398088], [-51.900237, -23.398234]]]}, "properties": {"info": {"nmmunicipio": "Maringá"}, "address": "?, ?"}},
{"type": "Feature", "geometry": {"type": "Polygon", "coordinates": [[[-51.899969, -23.398077], [-51.900022, -23.398153], [-51.900136, -23.398088], [-51.900015, -23.397913], [-51.899899, -23.39798], [-51.899969, -23.398077]]]}, "properties": {"info": {"nmmunicipio": "Maringá"}, "address": "?, ?"}},
{"type": "Feature", "geometry": {"type": "Polygon", "coordinates": [[[-51.900126, -23.398297], [-51.900237, -23.398234], [-51.900136, -23.398088], [-51.900022, -23.398153], [-51.900126, -23.398297]]]}, "properties": {"info": {"nmmunicipio": "Maringá"}, "address": "?, ?"}},
{"type": "Feature", "geometry": {"type": "Polygon", "coordinates": [[[-51.900003, -23.398368], [-51.900126, -23.398297], [-51.900022, -23.398153], [-51.899904, -23.398221], [-51.900003, -23.398368]]]}, "properties": {"info": {"nmmunicipio": "Maringá"}, "address": "?, ?"}},
{"type": "Feature", "geometry": {"type": "Polygon", "coordinates": [[[-51.899846, -23.398457], [-51.900003, -23.398368], [-51.899904, -23.398221], [-51.899807, -23.398277], [-51.899846, -23.398457]]]}, "properties": {"info": {"nmmunicipio": "Maringá"}, "address": "?, ?"}},
{"type": "Feature", "geometry": {"type": "Polygon", "coordinates": [[[-51.900051, -23.399256], [-51.900291, -23.399122], [-51.900212, -23.399008], [-51.900019, -23.399118], [-51.900051, -23.399256]]]}, "properties": {"info": {"nmmunicipio": "Maringá"}, "address": "?, ?"}},
{"type": "Feature", "geometry": {"type": "Polygon", "coordinates": [[[-51.900051, -23.399256], [-51.900077, -23.399368], [-51.900205, -23.399294], [-51.900351, -23.39921], [-51.900329, -23.399178], [-51.900291, -23.399122], [-51.900051, -23.399256]]]}, "properties": {"info": {"nmmunicipio": "Maringá"}, "address": "?, ?"}},
{"type": "Feature", "geometry": {"type": "Polygon", "coordinates": [[[-51.900205, -23.399294], [-51.900289, -23.399419], [-51.900437, -23.399334], [-51.900351, -23.39921], [-51.900205, -23.399294]]]}, "properties": {"info": {"nmmunicipio": "Maringá"}, "address": "?, ?"}},
{"type": "Feature", "geometry": {"type": "Polygon", "coordinates": [[[-51.900113, -23.39952], [-51.900289, -23.399419], [-51.900205, -23.399294], [-51.900077, -23.399368], [-51.900113, -23.39952]]]}, "properties": {"info": {"nmmunicipio": "Maringá"}, "address": "?, ?"}},
{"type": "Feature", "geometry": {"type": "Polygon", "coordinates": [[[-51.901366, -23.398581], [-51.901504, -23.398502], [-51.901397, -23.398329], [-51.901251, -23.398412], [-51.901366, -23.398581]]]}, "properties": {"info": {"nmmunicipio": "Maringá"}, "address": "?, ?"}},
{"type": "Feature", "geometry": {"type": "Polygon", "coordinates": [[[-51.901474, -23.39874], [-51.901605, -23.398665], [-51.901504, -23.398502], [-51.901366, -23.398581], [-51.901474, -23.39874]]]}, "properties": {"info": {"nmmunicipio": "Maringá"}, "address": "?, ?"}},
{"type": "Feature", "geometry": {"type": "Polygon", "coordinates": [[[-51.901248, -23.398649], [-51.901366, -23.398581], [-51.901251, -23.398412], [-51.901134, -23.39848], [-51.901248, -23.398649]]]}, "properties": {"info": {"nmmunicipio": "Maringá"}, "address": "?, ?"}},
{"type": "Feature", "geometry": {"type": "Polygon", "coordinates": [[[-51.901135, -23.398714], [-51.901248, -23.398649], [-51.901134, -23.39848], [-51.901021, -23.398544], [-51.901135, -23.398714]]]}, "properties": {"info": {"nmmunicipio": "Maringá"}, "address": "?, ?"}},
{"type": "Feature", "geometry": {"type": "Polygon", "coordinates": [[[-51.901241, -23.398873], [-51.901355, -23.398808], [-51.901248, -23.398649], [-51.901135, -23.398714], [-51.901241, -23.398873]]]}, "properties": {"info": {"nmmunicipio": "Maringá"}, "address": "?, ?"}},
{"type": "Feature", "geometry": {"type": "Polygon", "coordinates": [[[-51.901018, -23.398781], [-51.901135, -23.398714], [-51.901021, -23.398544], [-51.900904, -23.398611], [-51.901018, -23.398781]]]}, "properties": {"info": {"nmmunicipio": "Maringá"}, "address": "?, ?"}},
{"type": "Feature", "geometry": {"type": "Polygon", "coordinates": [[[-51.901125, -23.39894], [-51.901241, -23.398873], [-51.901135, -23.398714], [-51.901018, -23.398781], [-51.901125, -23.39894]]]}, "properties": {"info": {"nmmunicipio": "Maringá"}, "address": "?, ?"}},
{"type": "Feature", "geometry": {"type": "Polygon", "coordinates": [[[-51.902693, -23.398034], [-51.902808, -23.397969], [-51.902702, -23.397813], [-51.902586, -23.39788], [-51.902693, -23.398034]]]}, "properties": {"info": {"nmmunicipio": "Maringá"}, "address": "?, ?"}},
{"type": "Feature", "geometry": {"type": "Polygon", "coordinates": [[[-51.902474, -23.397944], [-51.902586, -23.39788], [-51.902467, -23.397708], [-51.902356, -23.397772], [-51.902474, -23.397944]]]}, "properties": {"info": {"nmmunicipio": "Maringá"}, "address": "?, ?"}},
{"type": "Feature", "geometry": {"type": "Polygon", "coordinates": [[[-51.902474, -23.397944], [-51.90258, -23.398099], [-51.902693, -23.398034], [-51.902586, -23.39788], [-51.902474, -23.397944]]]}, "properties": {"info": {"nmmunicipio": "Maringá"}, "address": "?, ?"}},
{"type": "Feature", "geometry": {"type": "Polygon", "coordinates": [[[-51.902354, -23.398013], [-51.902474, -23.397944], [-51.902356, -23.397772], [-51.902236, -23.397841], [-51.902354, -23.398013]]]}, "properties": {"info": {"nmmunicipio": "Maringá"}, "address": "?, ?"}},
{"type": "Feature", "geometry": {"type": "Polygon", "coordinates": [[[-51.902354, -23.398013], [-51.90246, -23.398167], [-51.90258, -23.398099], [-51.902474, -23.397944], [-51.902354, -23.398013]]]}, "properties": {"info": {"nmmunicipio": "Maringá"}, "address": "?, ?"}},
{"type": "Feature", "geometry": {"type": "Polygon", "coordinates": [[[-51.902238, -23.398081], [-51.902343, -23.398234], [-51.90246, -23.398167], [-51.902354, -23.398013], [-51.902238, -23.398081]]]}, "properties": {"info": {"nmmunicipio": "Maringá"}, "address": "?, ?"}},
{"type": "Feature", "geometry": {"type": "Polygon", "coordinates": [[[-51.90212, -23.398148], [-51.902238, -23.398081], [-51.902119, -23.397908], [-51.902002, -23.397975], [-51.90212, -23.398148]]]}, "properties": {"info": {"nmmunicipio": "Maringá"}, "address": "?, ?"}},
{"type": "Feature", "geometry": {"type": "Polygon", "coordinates": [[[-51.90212, -23.398148], [-51.902225, -23.398302], [-51.902343, -23.398234], [-51.902238, -23.398081], [-51.90212, -23.398148]]]}, "properties": {"info": {"nmmunicipio": "Maringá"}, "address": "?, ?"}},
{"type": "Feature", "geometry": {"type": "Polygon", "coordinates": [[[-51.902, -23.398218], [-51.90212, -23.398148], [-51.902002, -23.397975], [-51.901882, -23.398044], [-51.902, -23.398218]]]}, "properties": {"info": {"nmmunicipio": "Maringá"}, "address": "?, ?"}},
{"type": "Feature", "geometry": {"type": "Polygon", "coordinates": [[[-51.902105, -23.39837], [-51.902225, -23.398302], [-51.90212, -23.398148], [-51.902, -23.398218], [-51.902105, -23.39837]]]}, "properties": {"info": {"nmmunicipio": "Maringá"}, "address": "?, ?"}},
{"type": "Feature", "geometry": {"type": "Polygon", "coordinates": [[[-51.901883, -23.398285], [-51.902, -23.398218], [-51.901882, -23.398044], [-51.901764, -23.398112], [-51.901883, -23.398285]]]}, "properties": {"info": {"nmmunicipio": "Maringá"}, "address": "?, ?"}},
{"type": "Feature", "geometry": {"type": "Polygon", "coordinates": [[[-51.901987, -23.398437], [-51.902105, -23.39837], [-51.902, -23.398218], [-51.901883, -23.398285], [-51.901987, -23.398437]]]}, "properties": {"info": {"nmmunicipio": "Maringá"}, "address": "?, ?"}},
{"type": "Feature", "geometry": {"type": "Polygon", "coordinates": [[[-51.901773, -23.398348], [-51.901883, -23.398285], [-51.901764, -23.398112], [-51.901656, -23.398174], [-51.901773, -23.398348]]]}, "properties": {"info": {"nmmunicipio": "Maringá"}, "address": "?, ?"}},
{"type": "Feature", "geometry": {"type": "Polygon", "coordinates": [[[-51.901763, -23.398354], [-51.901866, -23.398507], [-51.901987, -23.398437], [-51.901883, -23.398285], [-51.901773, -23.398348], [-51.901763, -23.398354]]]}, "properties": {"info": {"nmmunicipio": "Maringá"}, "address": "?, ?"}},
{"type": "Feature", "geometry": {"type": "Polygon", "coordinates": [[[-51.90164, -23.398425], [-51.901763, -23.398354], [-51.901773, -23.398348], [-51.901656, -23.398174], [-51.901532, -23.398246], [-51.90164, -23.398425]]]}, "properties": {"info": {"nmmunicipio": "Maringá"}, "address": "?, ?"}},
{"type": "Feature", "geometry": {"type": "Polygon", "coordinates": [[[-51.901734, -23.398582], [-51.901866, -23.398507], [-51.901763, -23.398354], [-51.90164, -23.398425], [-51.901734, -23.398582]]]}, "properties": {"info": {"nmmunicipio": "Maringá"}, "address": "?, ?"}},
{"type": "Feature", "geometry": {"type": "Polygon", "coordinates": [[[-51.901464, -23.398127], [-51.901582, -23.398059], [-51.901486, -23.397911], [-51.901375, -23.397971], [-51.901464, -23.398127]]]}, "properties": {"info": {"nmmunicipio": "Maringá"}, "address": "?, ?"}},
{"type": "Feature", "geometry": {"type": "Polygon", "coordinates": [[[-51.901375, -23.397971], [-51.901486, -23.397911], [-51.901506, -23.3979], [-51.901383, -23.397723], [-51.901271, -23.397787], [-51.901375, -23.397971]]]}, "properties": {"info": {"nmmunicipio": "Maringá"}, "address": "?, ?"}},
{"type": "Feature", "geometry": {"type": "Polygon", "coordinates": [[[-51.901486, -23.397911], [-51.901582, -23.398059], [-51.901708, -23.397988], [-51.901611, -23.397844], [-51.901506, -23.3979], [-51.901486, -23.397911]]]}, "properties": {"info": {"nmmunicipio": "Maringá"}, "address": "?, ?"}},
{"type": "Feature", "geometry": {"type": "Polygon", "coordinates": [[[-51.901506, -23.3979], [-51.901611, -23.397844], [-51.901603, -23.397831], [-51.901489, -23.397663], [-51.901383, -23.397723], [-51.901506, -23.3979]]]}, "properties": {"info": {"nmmunicipio": "Maringá"}, "address": "?, ?"}},
{"type": "Feature", "geometry": {"type": "Polygon", "coordinates": [[[-51.901611, -23.397844], [-51.901708, -23.397988], [-51.901832, -23.397918], [-51.901724, -23.397761], [-51.901603, -23.397831], [-51.901611, -23.397844]]]}, "properties": {"info": {"nmmunicipio": "Maringá"}, "address": "?, ?"}},
{"type": "Feature", "geometry": {"type": "Polygon", "coordinates": [[[-51.901603, -23.397831], [-51.901724, -23.397761], [-51.90161, -23.397594], [-51.901489, -23.397663], [-51.901603, -23.397831]]]}, "properties": {"info": {"nmmunicipio": "Maringá"}, "address": "?, ?"}},
{"type": "Feature", "geometry": {"type": "Polygon", "coordinates": [[[-51.901832, -23.397918], [-51.901951, -23.39785], [-51.901843, -23.397693], [-51.901724, -23.397761], [-51.901832, -23.397918]]]}, "properties": {"info": {"nmmunicipio": "Maringá"}, "address": "?, ?"}},
{"type": "Feature", "geometry": {"type": "Polygon", "coordinates": [[[-51.901724, -23.397761], [-51.901843, -23.397693], [-51.901729, -23.397526], [-51.90161, -23.397594], [-51.901724, -23.397761]]]}, "properties": {"info": {"nmmunicipio": "Maringá"}, "address": "?, ?"}},
{"type": "Feature", "geometry": {"type": "Polygon", "coordinates": [[[-51.901951, -23.39785], [-51.902066, -23.397785], [-51.901957, -23.397627], [-51.901843, -23.397693], [-51.901951, -23.39785]]]}, "properties": {"info": {"nmmunicipio": "Maringá"}, "address": "?, ?"}},
{"type": "Feature", "geometry": {"type": "Polygon", "coordinates": [[[-51.901843, -23.397693], [-51.901957, -23.397627], [-51.901842, -23.397461], [-51.901729, -23.397526], [-51.901843, -23.397693]]]}, "properties": {"info": {"nmmunicipio": "Maringá"}, "address": "?, ?"}},
{"type": "Feature", "geometry": {"type": "Polygon", "coordinates": [[[-51.901957, -23.397627], [-51.902066, -23.397785], [-51.902181, -23.397719], [-51.902073, -23.397561], [-51.901957, -23.397627]]]}, "properties": {"info": {"nmmunicipio": "Maringá"}, "address": "?, ?"}},
{"type": "Feature", "geometry": {"type": "Polygon", "coordinates": [[[-51.902181, -23.397719], [-51.902306, -23.397648], [-51.902196, -23.39749], [-51.902073, -23.397561], [-51.902181, -23.397719]]]}, "properties": {"info": {"nmmunicipio": "Maringá"}, "address": "?, ?"}},
{"type": "Feature", "geometry": {"type": "Polygon", "coordinates": [[[-51.903859, -23.399151], [-51.904074, -23.399027], [-51.904005, -23.398923], [-51.903794, -23.399042], [-51.903859, -23.399151]]]}, "properties": {"info": {"nmmunicipio": "Maringá"}, "address": "?, ?"}},
{"type": "Feature", "geometry": {"type": "Polygon", "coordinates": [[[-51.903794, -23.399042], [-51.904005, -23.398923], [-51.903976, -23.39888], [-51.903944, -23.398831], [-51.903739, -23.398948], [-51.903794, -23.399042]]]}, "properties": {"info": {"nmmunicipio": "Maringá"}, "address": "?, ?"}},
{"type": "Feature", "geometry": {"type": "Polygon", "coordinates": [[[-51.901462, -23.397317], [-51.901581, -23.397249], [-51.901468, -23.39708], [-51.901348, -23.397148], [-51.901462, -23.397317]]]}, "properties": {"info": {"nmmunicipio": "Maringá"}, "address": "?, ?"}},
{"type": "Feature", "geometry": {"type": "Polygon", "coordinates": [[[-51.901581, -23.397249], [-51.901695, -23.397184], [-51.901582, -23.397014], [-51.901468, -23.39708], [-51.901581, -23.397249]]]}, "properties": {"info": {"nmmunicipio": "Maringá"}, "address": "?, ?"}},
{"type": "Feature", "geometry": {"type": "Polygon", "coordinates": [[[-51.901478, -23.396089], [-51.901581, -23.39603], [-51.901599, -23.396019], [-51.901488, -23.395853], [-51.901367, -23.395922], [-51.901478, -23.396089]]]}, "properties": {"info": {"nmmunicipio": "Maringá"}, "address": "?, ?"}},
{"type": "Feature", "geometry": {"type": "Polygon", "coordinates": [[[-51.901355, -23.39616], [-51.901458, -23.396101], [-51.901478, -23.396089], [-51.901367, -23.395922], [-51.901245, -23.395992], [-51.901355, -23.39616]]]}, "properties": {"info": {"nmmunicipio": "Maringá"}, "address": "?, ?"}},
{"type": "Feature", "geometry": {"type": "Polygon", "coordinates": [[[-51.901232, -23.396231], [-51.901338, -23.39617], [-51.901355, -23.39616], [-51.901245, -23.395992], [-51.901118, -23.396064], [-51.901232, -23.396231]]]}, "properties": {"info": {"nmmunicipio": "Maringá"}, "address": "?, ?"}},
{"type": "Feature", "geometry": {"type": "Polygon", "coordinates": [[[-51.901103, -23.396306], [-51.901217, -23.39624], [-51.901232, -23.396231], [-51.901118, -23.396064], [-51.900994, -23.396136], [-51.901103, -23.396306]]]}, "properties": {"info": {"nmmunicipio": "Maringá"}, "address": "?, ?"}},
{"type": "Feature", "geometry": {"type": "Polygon", "coordinates": [[[-51.900982, -23.396375], [-51.901091, -23.396313], [-51.901103, -23.396306], [-51.900994, -23.396136], [-51.900869, -23.396207], [-51.900982, -23.396375]]]}, "properties": {"info": {"nmmunicipio": "Maringá"}, "address": "?, ?"}},
{"type": "Feature", "geometry": {"type": "Polygon", "coordinates": [[[-51.905097, -23.39942], [-51.905112, -23.399443], [-51.905299, -23.399337], [-51.905298, -23.399314], [-51.905296, -23.399288], [-51.905295, -23.399262], [-51.905295, -23.399211], [-51.905051, -23.399352], [-51.905097, -23.39942]]]}, "properties": {"info": {"nmmunicipio": "Maringá"}, "address": "?, ?"}},
{"type": "Feature", "geometry": {"type": "Polygon", "coordinates": [[[-51.905051, -23.399352], [-51.905295, -23.399211], [-51.905295, -23.399187], [-51.905296, -23.399162], [-51.905301, -23.399066], [-51.904983, -23.399249], [-51.905051, -23.399352]]]}, "properties": {"info": {"nmmunicipio": "Maringá"}, "address": "?, ?"}},
{"type": "Feature", "geometry": {"type": "Polygon", "coordinates": [[[-51.904317, -23.399925], [-51.904385, -23.40004], [-51.904605, -23.399914], [-51.904531, -23.399804], [-51.904317, -23.399925]]]}, "properties": {"info": {"nmmunicipio": "Maringá"}, "address": "?, ?"}},
{"type": "Feature", "geometry": {"type": "Polygon", "coordinates": [[[-51.903012, -23.399421], [-51.903132, -23.399353], [-51.90302, -23.399185], [-51.902902, -23.399253], [-51.903012, -23.399421]]]}, "properties": {"info": {"nmmunicipio": "Maringá"}, "address": "?, ?"}},
{"type": "Feature", "geometry": {"type": "Polygon", "coordinates": [[[-51.903132, -23.399353], [-51.903248, -23.399287], [-51.903138, -23.399118], [-51.90302, -23.399185], [-51.903132, -23.399353]]]}, "properties": {"info": {"nmmunicipio": "Maringá"}, "address": "?, ?"}},
{"type": "Feature", "geometry": {"type": "Polygon", "coordinates": [[[-51.905006, -23.397871], [-51.905119, -23.397806], [-51.905075, -23.397669], [-51.90493, -23.397748], [-51.905006, -23.397871]]]}, "properties": {"info": {"nmmunicipio": "Maringá"}, "address": "?, ?"}},
{"type": "Feature", "geometry": {"type": "Polygon", "coordinates": [[[-51.904866, -23.397645], [-51.905038, -23.397552], [-51.905005, -23.397446], [-51.904986, -23.397441], [-51.904805, -23.397546], [-51.904866, -23.397645]]]}, "properties": {"info": {"nmmunicipio": "Maringá"}, "address": "?, ?"}},
{"type": "Feature", "geometry": {"type": "Polygon", "coordinates": [[[-51.904796, -23.39778], [-51.90491, -23.397715], [-51.904866, -23.397645], [-51.904805, -23.397546], [-51.904693, -23.397611], [-51.904796, -23.39778]]]}, "properties": {"info": {"nmmunicipio": "Maringá"}, "address": "?, ?"}},
{"type": "Feature", "geometry": {"type": "Polygon", "coordinates": [[[-51.904689, -23.397842], [-51.904796, -23.39778], [-51.904693, -23.397611], [-51.904588, -23.397672], [-51.904689, -23.397842]]]}, "properties": {"info": {"nmmunicipio": "Maringá"}, "address": "?, ?"}},
{"type": "Feature", "geometry": {"type": "Polygon", "coordinates": [[[-51.90458, -23.397905], [-51.904689, -23.397842], [-51.904588, -23.397672], [-51.904477, -23.397736], [-51.90458, -23.397905]]]}, "properties": {"info": {"nmmunicipio": "Maringá"}, "address": "?, ?"}},
{"type": "Feature", "geometry": {"type": "Polygon", "coordinates": [[[-51.90447, -23.397969], [-51.90458, -23.397905], [-51.904477, -23.397736], [-51.904368, -23.3978], [-51.90447, -23.397969]]]}, "properties": {"info": {"nmmunicipio": "Maringá"}, "address": "?, ?"}},
{"type": "Feature", "geometry": {"type": "Polygon", "coordinates": [[[-51.904361, -23.398032], [-51.90447, -23.397969], [-51.904368, -23.3978], [-51.90426, -23.397863], [-51.904361, -23.398032]]]}, "properties": {"info": {"nmmunicipio": "Maringá"}, "address": "?, ?"}},
{"type": "Feature", "geometry": {"type": "Polygon", "coordinates": [[[-51.904254, -23.398095], [-51.904361, -23.398032], [-51.90426, -23.397863], [-51.904152, -23.397925], [-51.904254, -23.398095]]]}, "properties": {"info": {"nmmunicipio": "Maringá"}, "address": "?, ?"}},
{"type": "Feature", "geometry": {"type": "Polygon", "coordinates": [[[-51.904144, -23.398158], [-51.904254, -23.398095], [-51.904152, -23.397925], [-51.904044, -23.397988], [-51.904144, -23.398158]]]}, "properties": {"info": {"nmmunicipio": "Maringá"}, "address": "?, ?"}},
{"type": "Feature", "geometry": {"type": "Polygon", "coordinates": [[[-51.904036, -23.398221], [-51.904144, -23.398158], [-51.904044, -23.397988], [-51.903935, -23.398051], [-51.904036, -23.398221]]]}, "properties": {"info": {"nmmunicipio": "Maringá"}, "address": "?, ?"}},
{"type": "Feature", "geometry": {"type": "Polygon", "coordinates": [[[-51.903924, -23.398286], [-51.904036, -23.398221], [-51.903935, -23.398051], [-51.903823, -23.398117], [-51.903924, -23.398286]]]}, "properties": {"info": {"nmmunicipio": "Maringá"}, "address": "?, ?"}},
{"type": "Feature", "geometry": {"type": "Polygon", "coordinates": [[[-51.903816, -23.398348], [-51.903924, -23.398286], [-51.903823, -23.398117], [-51.903714, -23.39818], [-51.903816, -23.398348]]]}, "properties": {"info": {"nmmunicipio": "Maringá"}, "address": "?, ?"}},
{"type": "Feature", "geometry": {"type": "Polygon", "coordinates": [[[-51.903705, -23.398413], [-51.903816, -23.398348], [-51.903714, -23.39818], [-51.903603, -23.398244], [-51.903705, -23.398413]]]}, "properties": {"info": {"nmmunicipio": "Maringá"}, "address": "?, ?"}},
{"type": "Feature", "geometry": {"type": "Polygon", "coordinates": [[[-51.903601, -23.398473], [-51.903705, -23.398413], [-51.903603, -23.398244], [-51.903499, -23.398305], [-51.903601, -23.398473]]]}, "properties": {"info": {"nmmunicipio": "Maringá"}, "address": "?, ?"}},
{"type": "Feature", "geometry": {"type": "Polygon", "coordinates": [[[-51.903492, -23.398536], [-51.903601, -23.398473], [-51.903499, -23.398305], [-51.903392, -23.398367], [-51.903492, -23.398536]]]}, "properties": {"info": {"nmmunicipio": "Maringá"}, "address": "?, ?"}},
{"type": "Feature", "geometry": {"type": "Polygon", "coordinates": [[[-51.905152, -23.398238], [-51.90523, -23.398192], [-51.905227, -23.398182], [-51.905158, -23.397956], [-51.905021, -23.398034], [-51.905152, -23.398238]]]}, "properties": {"info": {"nmmunicipio": "Maringá"}, "address": "?, ?"}},
{"type": "Feature", "geometry": {"type": "Polygon", "coordinates": [[[-51.905039, -23.398271], [-51.905055, -23.398295], [-51.905152, -23.398238], [-51.905021, -23.398034], [-51.904921, -23.398092], [-51.905039, -23.398271]]]}, "properties": {"info": {"nmmunicipio": "Maringá"}, "address": "?, ?"}},
{"type": "Feature", "geometry": {"type": "Polygon", "coordinates": [[[-51.905055, -23.398295], [-51.905135, -23.398417], [-51.905268, -23.398339], [-51.90526, -23.398301], [-51.905251, -23.398265], [-51.905241, -23.398229], [-51.90523, -23.398192], [-51.905152, -23.398238], [-51.905055, -23.398295]]]}, "properties": {"info": {"nmmunicipio": "Maringá"}, "address": "?, ?"}},
{"type": "Feature", "geometry": {"type": "Polygon", "coordinates": [[[-51.905013, -23.398487], [-51.905135, -23.398417], [-51.905055, -23.398295], [-51.905039, -23.398271], [-51.904917, -23.398341], [-51.905013, -23.398487]]]}, "properties": {"info": {"nmmunicipio": "Maringá"}, "address": "?, ?"}},
{"type": "Feature", "geometry": {"type": "Polygon", "coordinates": [[[-51.904917, -23.398341], [-51.905039, -23.398271], [-51.904921, -23.398092], [-51.904799, -23.398162], [-51.904917, -23.398341]]]}, "properties": {"info": {"nmmunicipio": "Maringá"}, "address": "?, ?"}},
{"type": "Feature", "geometry": {"type": "Polygon", "coordinates": [[[-51.9048, -23.398408], [-51.904896, -23.398554], [-51.905013, -23.398487], [-51.904917, -23.398341], [-51.9048, -23.398408]]]}, "properties": {"info": {"nmmunicipio": "Maringá"}, "address": "?, ?"}},
{"type": "Feature", "geometry": {"type": "Polygon", "coordinates": [[[-51.9048, -23.398408], [-51.904917, -23.398341], [-51.904799, -23.398162], [-51.904684, -23.398229], [-51.9048, -23.398408]]]}, "properties": {"info": {"nmmunicipio": "Maringá"}, "address": "?, ?"}},
{"type": "Feature", "geometry": {"type": "Polygon", "coordinates": [[[-51.904212, -23.398745], [-51.904331, -23.398676], [-51.904214, -23.398499], [-51.904093, -23.398568], [-51.904212, -23.398745]]]}, "properties": {"info": {"nmmunicipio": "Maringá"}, "address": "?, ?"}},
{"type": "Feature", "geometry": {"type": "Polygon", "coordinates": [[[-51.90017, -23.395506], [-51.90025, -23.395623], [-51.900349, -23.395567], [-51.900144, -23.395268], [-51.90009, -23.3953], [-51.900046, -23.395325], [-51.90011, -23.395418], [-51.90017, -23.395506]]]}, "properties": {"info": {"nmmunicipio": "Maringá"}, "address": "?, ?"}},
{"type": "Feature", "geometry": {"type": "Polygon", "coordinates": [[[-51.905041, -23.398804], [-51.905061, -23.398835], [-51.9051, -23.398894], [-51.905315, -23.398771], [-51.905315, -23.398762], [-51.905312, -23.39865], [-51.90519, -23.398719], [-51.905041, -23.398804]]]}, "properties": {"info": {"nmmunicipio": "Maringá"}, "address": "?, ?"}},
{"type": "Feature", "geometry": {"type": "Polygon", "coordinates": [[[-51.9051, -23.398894], [-51.905166, -23.398995], [-51.905309, -23.398913], [-51.905311, -23.398883], [-51.905313, -23.398846], [-51.905314, -23.398808], [-51.905315, -23.398771], [-51.9051, -23.398894]]]}, "properties": {"info": {"nmmunicipio": "Maringá"}, "address": "?, ?"}},
{"type": "Feature", "geometry": {"type": "Polygon", "coordinates": [[[-51.904944, -23.398902], [-51.905061, -23.398835], [-51.905041, -23.398804], [-51.904953, -23.398671], [-51.904835, -23.398738], [-51.904944, -23.398902]]]}, "properties": {"info": {"nmmunicipio": "Maringá"}, "address": "?, ?"}},
{"type": "Feature", "geometry": {"type": "Polygon", "coordinates": [[[-51.90505, -23.399062], [-51.905166, -23.398995], [-51.9051, -23.398894], [-51.905061, -23.398835], [-51.904944, -23.398902], [-51.90505, -23.399062]]]}, "properties": {"info": {"nmmunicipio": "Maringá"}, "address": "?, ?"}},
{"type": "Feature", "geometry": {"type": "Polygon", "coordinates": [[[-51.904825, -23.39897], [-51.904944, -23.398902], [-51.904835, -23.398738], [-51.904715, -23.398807], [-51.904825, -23.39897]]]}, "properties": {"info": {"nmmunicipio": "Maringá"}, "address": "?, ?"}},
{"type": "Feature", "geometry": {"type": "Polygon", "coordinates": [[[-51.904932, -23.39913], [-51.90505, -23.399062], [-51.904944, -23.398902], [-51.904825, -23.39897], [-51.904932, -23.39913]]]}, "properties": {"info": {"nmmunicipio": "Maringá"}, "address": "?, ?"}},
{"type": "Feature", "geometry": {"type": "Polygon", "coordinates": [[[-51.904708, -23.399037], [-51.904825, -23.39897], [-51.904715, -23.398807], [-51.904599, -23.398874], [-51.904708, -23.399037]]]}, "properties": {"info": {"nmmunicipio": "Maringá"}, "address": "?, ?"}},
{"type": "Feature", "geometry": {"type": "Polygon", "coordinates": [[[-51.904815, -23.399197], [-51.904932, -23.39913], [-51.904825, -23.39897], [-51.904708, -23.399037], [-51.904815, -23.399197]]]}, "properties": {"info": {"nmmunicipio": "Maringá"}, "address": "?, ?"}},
{"type": "Feature", "geometry": {"type": "Polygon", "coordinates": [[[-51.904588, -23.399106], [-51.904708, -23.399037], [-51.904599, -23.398874], [-51.904479, -23.398943], [-51.904588, -23.399106]]]}, "properties": {"info": {"nmmunicipio": "Maringá"}, "address": "?, ?"}},
{"type": "Feature", "geometry": {"type": "Polygon", "coordinates": [[[-51.904695, -23.399266], [-51.904815, -23.399197], [-51.904708, -23.399037], [-51.904588, -23.399106], [-51.904695, -23.399266]]]}, "properties": {"info": {"nmmunicipio": "Maringá"}, "address": "?, ?"}},
{"type": "Feature", "geometry": {"type": "Polygon", "coordinates": [[[-51.904473, -23.399171], [-51.904588, -23.399106], [-51.904479, -23.398943], [-51.904364, -23.399009], [-51.904473, -23.399171]]]}, "properties": {"info": {"nmmunicipio": "Maringá"}, "address": "?, ?"}},
{"type": "Feature", "geometry": {"type": "Polygon", "coordinates": [[[-51.904473, -23.399171], [-51.904581, -23.399332], [-51.904695, -23.399266], [-51.904588, -23.399106], [-51.904473, -23.399171]]]}, "properties": {"info": {"nmmunicipio": "Maringá"}, "address": "?, ?"}},
{"type": "Feature", "geometry": {"type": "Polygon", "coordinates": [[[-51.904352, -23.399241], [-51.904473, -23.399171], [-51.904364, -23.399009], [-51.904244, -23.399078], [-51.904352, -23.399241]]]}, "properties": {"info": {"nmmunicipio": "Maringá"}, "address": "?, ?"}},
{"type": "Feature", "geometry": {"type": "Polygon", "coordinates": [[[-51.904352, -23.399241], [-51.904458, -23.399402], [-51.904581, -23.399332], [-51.904473, -23.399171], [-51.904352, -23.399241]]]}, "properties": {"info": {"nmmunicipio": "Maringá"}, "address": "?, ?"}},
{"type": "Feature", "geometry": {"type": "Polygon", "coordinates": [[[-51.904209, -23.399266], [-51.904236, -23.399307], [-51.904352, -23.399241], [-51.904244, -23.399078], [-51.904128, -23.399145], [-51.904209, -23.399266]]]}, "properties": {"info": {"nmmunicipio": "Maringá"}, "address": "?, ?"}},
{"type": "Feature", "geometry": {"type": "Polygon", "coordinates": [[[-51.904272, -23.39936], [-51.904344, -23.399468], [-51.904458, -23.399402], [-51.904352, -23.399241], [-51.904236, -23.399307], [-51.904272, -23.39936]]]}, "properties": {"info": {"nmmunicipio": "Maringá"}, "address": "?, ?"}},
{"type": "Feature", "geometry": {"type": "Polygon", "coordinates": [[[-51.903997, -23.399384], [-51.904209, -23.399266], [-51.904128, -23.399145], [-51.903925, -23.399262], [-51.903997, -23.399384]]]}, "properties": {"info": {"nmmunicipio": "Maringá"}, "address": "?, ?"}},
{"type": "Feature", "geometry": {"type": "Polygon", "coordinates": [[[-51.904055, -23.399482], [-51.904272, -23.39936], [-51.904236, -23.399307], [-51.904209, -23.399266], [-51.903997, -23.399384], [-51.904055, -23.399482]]]}, "properties": {"info": {"nmmunicipio": "Maringá"}, "address": "?, ?"}},
{"type": "Feature", "geometry": {"type": "Polygon", "coordinates": [[[-51.904055, -23.399482], [-51.904122, -23.399595], [-51.904344, -23.399468], [-51.904272, -23.39936], [-51.904055, -23.399482]]]}, "properties": {"info": {"nmmunicipio": "Maringá"}, "address": "?, ?"}},
{"type": "Feature", "geometry": {"type": "Polygon", "coordinates": [[[-51.905198, -23.399573], [-51.905323, -23.399501], [-51.905321, -23.39949], [-51.905316, -23.399465], [-51.905312, -23.399439], [-51.905308, -23.399414], [-51.905304, -23.399388], [-51.905302, -23.399362], [-51.905299, -23.399337], [-51.905112, -23.399443], [-51.905198, -23.399573]]]}, "properties": {"info": {"nmmunicipio": "Maringá"}, "address": "?, ?"}},
{"type": "Feature", "geometry": {"type": "Polygon", "coordinates": [[[-51.902015, -23.400587], [-51.902121, -23.400746], [-51.902237, -23.40068], [-51.902132, -23.40052], [-51.902015, -23.400587]]]}, "properties": {"info": {"nmmunicipio": "Maringá"}, "address": "?, ?"}},
{"type": "Feature", "geometry": {"type": "Polygon", "coordinates": [[[-51.902702, -23.397813], [-51.902833, -23.397737], [-51.902721, -23.397562], [-51.902584, -23.397641], [-51.902702, -23.397813]]]}, "properties": {"info": {"nmmunicipio": "Maringá"}, "address": "?, ?"}},
{"type": "Feature", "geometry": {"type": "Polygon", "coordinates": [[[-51.902586, -23.39788], [-51.902702, -23.397813], [-51.902584, -23.397641], [-51.902467, -23.397708], [-51.902586, -23.39788]]]}, "properties": {"info": {"nmmunicipio": "Maringá"}, "address": "?, ?"}},
{"type": "Feature", "geometry": {"type": "Polygon", "coordinates": [[[-51.900291, -23.399122], [-51.900329, -23.399178], [-51.900438, -23.399115], [-51.900325, -23.398943], [-51.900212, -23.399008], [-51.900291, -23.399122]]]}, "properties": {"info": {"nmmunicipio": "Maringá"}, "address": "?, ?"}},
{"type": "Feature", "geometry": {"type": "Polygon", "coordinates": [[[-51.901215, -23.399486], [-51.901322, -23.399423], [-51.901225, -23.399259], [-51.901115, -23.399324], [-51.901215, -23.399486]]]}, "properties": {"info": {"nmmunicipio": "Maringá"}, "address": "?, ?"}},
{"type": "Feature", "geometry": {"type": "Polygon", "coordinates": [[[-51.901322, -23.399423], [-51.901433, -23.399356], [-51.901334, -23.399194], [-51.901225, -23.399259], [-51.901322, -23.399423]]]}, "properties": {"info": {"nmmunicipio": "Maringá"}, "address": "?, ?"}},
{"type": "Feature", "geometry": {"type": "Polygon", "coordinates": [[[-51.903588, -23.400918], [-51.903688, -23.400861], [-51.903559, -23.400664], [-51.903457, -23.400723], [-51.903588, -23.400918]]]}, "properties": {"info": {"nmmunicipio": "Maringá"}, "address": "?, ?"}},
{"type": "Feature", "geometry": {"type": "Polygon", "coordinates": [[[-51.903688, -23.400861], [-51.903788, -23.400804], [-51.903658, -23.400607], [-51.903559, -23.400664], [-51.903688, -23.400861]]]}, "properties": {"info": {"nmmunicipio": "Maringá"}, "address": "?, ?"}},
{"type": "Feature", "geometry": {"type": "Polygon", "coordinates": [[[-51.903788, -23.400804], [-51.90383, -23.40078], [-51.903889, -23.400746], [-51.903756, -23.400551], [-51.903658, -23.400607], [-51.903788, -23.400804]]]}, "properties": {"info": {"nmmunicipio": "Maringá"}, "address": "?, ?"}},
{"type": "Feature", "geometry": {"type": "Polygon", "coordinates": [[[-51.90383, -23.40078], [-51.903929, -23.400925], [-51.903941, -23.400943], [-51.903993, -23.400918], [-51.904069, -23.400886], [-51.904057, -23.400865], [-51.903956, -23.400708], [-51.903889, -23.400746], [-51.90383, -23.40078]]]}, "properties": {"info": {"nmmunicipio": "Maringá"}, "address": "?, ?"}},
{"type": "Feature", "geometry": {"type": "Polygon", "coordinates": [[[-51.903889, -23.400746], [-51.903956, -23.400708], [-51.903985, -23.400691], [-51.903856, -23.400494], [-51.903756, -23.400551], [-51.903889, -23.400746]]]}, "properties": {"info": {"nmmunicipio": "Maringá"}, "address": "?, ?"}},
{"type": "Feature", "geometry": {"type": "Polygon", "coordinates": [[[-51.903956, -23.400708], [-51.904057, -23.400865], [-51.904069, -23.400886], [-51.904197, -23.400831], [-51.904188, -23.400818], [-51.904181, -23.400807], [-51.904066, -23.400645], [-51.903985, -23.400691], [-51.903956, -23.400708]]]}, "properties": {"info": {"nmmunicipio": "Maringá"}, "address": "?, ?"}},
{"type": "Feature", "geometry": {"type": "Polygon", "coordinates": [[[-51.903985, -23.400691], [-51.904066, -23.400645], [-51.904088, -23.400633], [-51.903959, -23.400434], [-51.903856, -23.400494], [-51.903985, -23.400691]]]}, "properties": {"info": {"nmmunicipio": "Maringá"}, "address": "?, ?"}},
{"type": "Feature", "geometry": {"type": "Polygon", "coordinates": [[[-51.904066, -23.400645], [-51.904181, -23.400807], [-51.904188, -23.400818], [-51.904197, -23.400831], [-51.904217, -23.400822], [-51.904319, -23.400779], [-51.904308, -23.400764], [-51.904303, -23.400757], [-51.904299, -23.400751], [-51.90418, -23.40058], [-51.904088, -23.400633], [-51.904066, -23.400645]]]}, "properties": {"info": {"nmmunicipio": "Maringá"}, "address": "?, ?"}},
{"type": "Feature", "geometry": {"type": "Polygon", "coordinates": [[[-51.904088, -23.400633], [-51.90418, -23.40058], [-51.904187, -23.400576], [-51.904054, -23.40038], [-51.903959, -23.400434], [-51.904088, -23.400633]]]}, "properties": {"info": {"nmmunicipio": "Maringá"}, "address": "?, ?"}},
{"type": "Feature", "geometry": {"type": "Polygon", "coordinates": [[[-51.90418, -23.40058], [-51.904299, -23.400751], [-51.904303, -23.400757], [-51.904308, -23.400764], [-51.904319, -23.400779], [-51.904372, -23.400756], [-51.904426, -23.400733], [-51.904414, -23.400714], [-51.904408, -23.400705], [-51.904327, -23.400582], [-51.904286, -23.40052], [-51.904187, -23.400576], [-51.90418, -23.40058]]]}, "properties": {"info": {"nmmunicipio": "Maringá"}, "address": "?, ?"}},
{"type": "Feature", "geometry": {"type": "Polygon", "coordinates": [[[-51.904187, -23.400576], [-51.904286, -23.40052], [-51.904242, -23.400454], [-51.904155, -23.400322], [-51.904054, -23.40038], [-51.904187, -23.400576]]]}, "properties": {"info": {"nmmunicipio": "Maringá"}, "address": "?, ?"}},
{"type": "Feature", "geometry": {"type": "Polygon", "coordinates": [[[-51.904408, -23.400705], [-51.904414, -23.400714], [-51.904426, -23.400733], [-51.90448, -23.40071], [-51.904578, -23.400667], [-51.904557, -23.400632], [-51.904478, -23.400497], [-51.904327, -23.400582], [-51.904408, -23.400705]]]}, "properties": {"info": {"nmmunicipio": "Maringá"}, "address": "?, ?"}},
{"type": "Feature", "geometry": {"type": "Polygon", "coordinates": [[[-51.904286, -23.40052], [-51.904327, -23.400582], [-51.904478, -23.400497], [-51.9044, -23.400366], [-51.904242, -23.400454], [-51.904286, -23.40052]]]}, "properties": {"info": {"nmmunicipio": "Maringá"}, "address": "?, ?"}},
{"type": "Feature", "geometry": {"type": "Polygon", "coordinates": [[[-51.904242, -23.400454], [-51.9044, -23.400366], [-51.904318, -23.400228], [-51.904155, -23.400322], [-51.904242, -23.400454]]]}, "properties": {"info": {"nmmunicipio": "Maringá"}, "address": "?, ?"}},
{"type": "Feature", "geometry": {"type": "Polygon", "coordinates": [[[-51.901907, -23.398876], [-51.902016, -23.398814], [-51.901922, -23.398652], [-51.901813, -23.398715], [-51.901907, -23.398876]]]}, "properties": {"info": {"nmmunicipio": "Maringá"}, "address": "?, ?"}},
{"type": "Feature", "geometry": {"type": "Polygon", "coordinates": [[[-51.902016, -23.398814], [-51.902129, -23.39875], [-51.902034, -23.398587], [-51.901922, -23.398652], [-51.902016, -23.398814]]]}, "properties": {"info": {"nmmunicipio": "Maringá"}, "address": "?, ?"}},
{"type": "Feature", "geometry": {"type": "Polygon", "coordinates": [[[-51.902129, -23.39875], [-51.902238, -23.398688], [-51.902141, -23.398525], [-51.902034, -23.398587], [-51.902129, -23.39875]]]}, "properties": {"info": {"nmmunicipio": "Maringá"}, "address": "?, ?"}},
{"type": "Feature", "geometry": {"type": "Polygon", "coordinates": [[[-51.902238, -23.398688], [-51.902346, -23.398626], [-51.90225, -23.398462], [-51.902141, -23.398525], [-51.902238, -23.398688]]]}, "properties": {"info": {"nmmunicipio": "Maringá"}, "address": "?, ?"}},
{"type": "Feature", "geometry": {"type": "Polygon", "coordinates": [[[-51.902346, -23.398626], [-51.902457, -23.398563], [-51.902362, -23.398398], [-51.90225, -23.398462], [-51.902346, -23.398626]]]}, "properties": {"info": {"nmmunicipio": "Maringá"}, "address": "?, ?"}},
{"type": "Feature", "geometry": {"type": "Polygon", "coordinates": [[[-51.902457, -23.398563], [-51.902564, -23.398502], [-51.902468, -23.398337], [-51.902362, -23.398398], [-51.902457, -23.398563]]]}, "properties": {"info": {"nmmunicipio": "Maringá"}, "address": "?, ?"}},
{"type": "Feature", "geometry": {"type": "Polygon", "coordinates": [[[-51.90134, -23.397387], [-51.901462, -23.397317], [-51.901348, -23.397148], [-51.901228, -23.397217], [-51.90134, -23.397387]]]}, "properties": {"info": {"nmmunicipio": "Maringá"}, "address": "?, ?"}},
{"type": "Feature", "geometry": {"type": "Polygon", "coordinates": [[[-51.903087, -23.399976], [-51.903204, -23.399908], [-51.903089, -23.399742], [-51.902975, -23.399808], [-51.903087, -23.399976]]]}, "properties": {"info": {"nmmunicipio": "Maringá"}, "address": "?, ?"}},
{"type": "Feature", "geometry": {"type": "Polygon", "coordinates": [[[-51.903311, -23.400062], [-51.903424, -23.399997], [-51.903321, -23.39984], [-51.903204, -23.399908], [-51.903311, -23.400062]]]}, "properties": {"info": {"nmmunicipio": "Maringá"}, "address": "?, ?"}},
{"type": "Feature", "geometry": {"type": "Polygon", "coordinates": [[[-51.902255, -23.40045], [-51.902372, -23.400382], [-51.90234, -23.400333], [-51.902264, -23.400217], [-51.902146, -23.400284], [-51.902255, -23.40045]]]}, "properties": {"info": {"nmmunicipio": "Maringá"}, "address": "?, ?"}},
{"type": "Feature", "geometry": {"type": "Polygon", "coordinates": [[[-51.904675, -23.398061], [-51.904783, -23.397999], [-51.904689, -23.397842], [-51.90458, -23.397905], [-51.904675, -23.398061]]]}, "properties": {"info": {"nmmunicipio": "Maringá"}, "address": "?, ?"}},
{"type": "Feature", "geometry": {"type": "Polygon", "coordinates": [[[-51.904783, -23.397999], [-51.904891, -23.397937], [-51.904796, -23.39778], [-51.904689, -23.397842], [-51.904783, -23.397999]]]}, "properties": {"info": {"nmmunicipio": "Maringá"}, "address": "?, ?"}},
{"type": "Feature", "geometry": {"type": "Polygon", "coordinates": [[[-51.904891, -23.397937], [-51.905006, -23.397871], [-51.90493, -23.397748], [-51.90491, -23.397715], [-51.904796, -23.39778], [-51.904891, -23.397937]]]}, "properties": {"info": {"nmmunicipio": "Maringá"}, "address": "?, ?"}},
{"type": "Feature", "geometry": {"type": "Polygon", "coordinates": [[[-51.903489, -23.400974], [-51.903546, -23.400942], [-51.903588, -23.400918], [-51.903457, -23.400723], [-51.903361, -23.400778], [-51.903489, -23.400974]]]}, "properties": {"info": {"nmmunicipio": "Maringá"}, "address": "?, ?"}},
{"type": "Feature", "geometry": {"type": "Polygon", "coordinates": [[[-51.90519, -23.398719], [-51.905312, -23.39865], [-51.90531, -23.398624], [-51.905307, -23.398586], [-51.905299, -23.398512], [-51.905293, -23.398475], [-51.905106, -23.398583], [-51.90519, -23.398719]]]}, "properties": {"info": {"nmmunicipio": "Maringá"}, "address": "?, ?"}},
{"type": "Feature", "geometry": {"type": "Polygon", "coordinates": [[[-51.902784, -23.398376], [-51.902895, -23.398313], [-51.902796, -23.398148], [-51.902686, -23.398211], [-51.902784, -23.398376]]]}, "properties": {"info": {"nmmunicipio": "Maringá"}, "address": "?, ?"}},
{"type": "Feature", "geometry": {"type": "Polygon", "coordinates": [[[-51.902895, -23.398313], [-51.903005, -23.39825], [-51.902905, -23.398085], [-51.902796, -23.398148], [-51.902895, -23.398313]]]}, "properties": {"info": {"nmmunicipio": "Maringá"}, "address": "?, ?"}},
{"type": "Feature", "geometry": {"type": "Polygon", "coordinates": [[[-51.903005, -23.39825], [-51.903103, -23.398194], [-51.903005, -23.398028], [-51.902905, -23.398085], [-51.903005, -23.39825]]]}, "properties": {"info": {"nmmunicipio": "Maringá"}, "address": "?, ?"}},
{"type": "Feature", "geometry": {"type": "Polygon", "coordinates": [[[-51.903098, -23.398405], [-51.903195, -23.398351], [-51.903103, -23.398194], [-51.903005, -23.39825], [-51.903098, -23.398405]]]}, "properties": {"info": {"nmmunicipio": "Maringá"}, "address": "?, ?"}},
{"type": "Feature", "geometry": {"type": "Polygon", "coordinates": [[[-51.902875, -23.398529], [-51.902988, -23.398466], [-51.902895, -23.398313], [-51.902784, -23.398376], [-51.902875, -23.398529]]]}, "properties": {"info": {"nmmunicipio": "Maringá"}, "address": "?, ?"}},
{"type": "Feature", "geometry": {"type": "Polygon", "coordinates": [[[-51.902764, -23.398591], [-51.902875, -23.398529], [-51.902784, -23.398376], [-51.902674, -23.398439], [-51.902764, -23.398591]]]}, "properties": {"info": {"nmmunicipio": "Maringá"}, "address": "?, ?"}},
{"type": "Feature", "geometry": {"type": "Polygon", "coordinates": [[[-51.901087, -23.400529], [-51.901207, -23.40046], [-51.901095, -23.400292], [-51.900978, -23.40036], [-51.901087, -23.400529]]]}, "properties": {"info": {"nmmunicipio": "Maringá"}, "address": "?, ?"}},
{"type": "Feature", "geometry": {"type": "Polygon", "coordinates": [[[-51.901207, -23.40046], [-51.901329, -23.40039], [-51.901218, -23.400221], [-51.901095, -23.400292], [-51.901207, -23.40046]]]}, "properties": {"info": {"nmmunicipio": "Maringá"}, "address": "?, ?"}},
{"type": "Feature", "geometry": {"type": "Polygon", "coordinates": [[[-51.901329, -23.40039], [-51.90145, -23.400321], [-51.901337, -23.400153], [-51.901218, -23.400221], [-51.901329, -23.40039]]]}, "properties": {"info": {"nmmunicipio": "Maringá"}, "address": "?, ?"}},
{"type": "Feature", "geometry": {"type": "Polygon", "coordinates": [[[-51.90145, -23.400321], [-51.901566, -23.400254], [-51.901455, -23.400085], [-51.901337, -23.400153], [-51.90145, -23.400321]]]}, "properties": {"info": {"nmmunicipio": "Maringá"}, "address": "?, ?"}},
{"type": "Feature", "geometry": {"type": "Polygon", "coordinates": [[[-51.901689, -23.400184], [-51.901805, -23.400117], [-51.901694, -23.399948], [-51.901577, -23.400015], [-51.901689, -23.400184]]]}, "properties": {"info": {"nmmunicipio": "Maringá"}, "address": "?, ?"}},
{"type": "Feature", "geometry": {"type": "Polygon", "coordinates": [[[-51.901805, -23.400117], [-51.901929, -23.400046], [-51.901818, -23.399877], [-51.901694, -23.399948], [-51.901805, -23.400117]]]}, "properties": {"info": {"nmmunicipio": "Maringá"}, "address": "?, ?"}},
{"type": "Feature", "geometry": {"type": "Polygon", "coordinates": [[[-51.901929, -23.400046], [-51.902048, -23.399978], [-51.901937, -23.399808], [-51.901818, -23.399877], [-51.901929, -23.400046]]]}, "properties": {"info": {"nmmunicipio": "Maringá"}, "address": "?, ?"}},
{"type": "Feature", "geometry": {"type": "Polygon", "coordinates": [[[-51.902048, -23.399978], [-51.90217, -23.399908], [-51.90206, -23.399737], [-51.901937, -23.399808], [-51.902048, -23.399978]]]}, "properties": {"info": {"nmmunicipio": "Maringá"}, "address": "?, ?"}},
{"type": "Feature", "geometry": {"type": "Polygon", "coordinates": [[[-51.90217, -23.399908], [-51.902303, -23.399832], [-51.9022, -23.399657], [-51.90206, -23.399737], [-51.90217, -23.399908]]]}, "properties": {"info": {"nmmunicipio": "Maringá"}, "address": "?, ?"}},
{"type": "Feature", "geometry": {"type": "Polygon", "coordinates": [[[-51.902271, -23.400064], [-51.902397, -23.399991], [-51.902303, -23.399832], [-51.90217, -23.399908], [-51.902271, -23.400064]]]}, "properties": {"info": {"nmmunicipio": "Maringá"}, "address": "?, ?"}},
{"type": "Feature", "geometry": {"type": "Polygon", "coordinates": [[[-51.902032, -23.400201], [-51.902149, -23.400134], [-51.902048, -23.399978], [-51.901929, -23.400046], [-51.902032, -23.400201]]]}, "properties": {"info": {"nmmunicipio": "Maringá"}, "address": "?, ?"}},
{"type": "Feature", "geometry": {"type": "Polygon", "coordinates": [[[-51.901907, -23.400273], [-51.902032, -23.400201], [-51.901929, -23.400046], [-51.901805, -23.400117], [-51.901907, -23.400273]]]}, "properties": {"info": {"nmmunicipio": "Maringá"}, "address": "?, ?"}},
{"type": "Feature", "geometry": {"type": "Polygon", "coordinates": [[[-51.901793, -23.400339], [-51.901907, -23.400273], [-51.901805, -23.400117], [-51.901689, -23.400184], [-51.901793, -23.400339]]]}, "properties": {"info": {"nmmunicipio": "Maringá"}, "address": "?, ?"}},
{"type": "Feature", "geometry": {"type": "Polygon", "coordinates": [[[-51.901668, -23.40041], [-51.901793, -23.400339], [-51.901689, -23.400184], [-51.901566, -23.400254], [-51.901668, -23.40041]]]}, "properties": {"info": {"nmmunicipio": "Maringá"}, "address": "?, ?"}},
{"type": "Feature", "geometry": {"type": "Polygon", "coordinates": [[[-51.901554, -23.400476], [-51.901668, -23.40041], [-51.901566, -23.400254], [-51.90145, -23.400321], [-51.901554, -23.400476]]]}, "properties": {"info": {"nmmunicipio": "Maringá"}, "address": "?, ?"}},
{"type": "Feature", "geometry": {"type": "Polygon", "coordinates": [[[-51.901432, -23.400546], [-51.901554, -23.400476], [-51.90145, -23.400321], [-51.901329, -23.40039], [-51.901432, -23.400546]]]}, "properties": {"info": {"nmmunicipio": "Maringá"}, "address": "?, ?"}},
{"type": "Feature", "geometry": {"type": "Polygon", "coordinates": [[[-51.901312, -23.400615], [-51.901432, -23.400546], [-51.901329, -23.40039], [-51.901207, -23.40046], [-51.901312, -23.400615]]]}, "properties": {"info": {"nmmunicipio": "Maringá"}, "address": "?, ?"}},
{"type": "Feature", "geometry": {"type": "Polygon", "coordinates": [[[-51.901189, -23.400686], [-51.901312, -23.400615], [-51.901207, -23.40046], [-51.901087, -23.400529], [-51.901189, -23.400686]]]}, "properties": {"info": {"nmmunicipio": "Maringá"}, "address": "?, ?"}},
{"type": "Feature", "geometry": {"type": "Polygon", "coordinates": [[[-51.90107, -23.400754], [-51.901189, -23.400686], [-51.901087, -23.400529], [-51.900966, -23.400598], [-51.90107, -23.400754]]]}, "properties": {"info": {"nmmunicipio": "Maringá"}, "address": "?, ?"}},
{"type": "Feature", "geometry": {"type": "Polygon", "coordinates": [[[-51.900874, -23.400718], [-51.900946, -23.400826], [-51.90107, -23.400754], [-51.900966, -23.400598], [-51.900841, -23.400669], [-51.900874, -23.400718]]]}, "properties": {"info": {"nmmunicipio": "Maringá"}, "address": "?, ?"}},
{"type": "Feature", "geometry": {"type": "Polygon", "coordinates": [[[-51.900703, -23.400965], [-51.900946, -23.400826], [-51.900874, -23.400718], [-51.900654, -23.400844], [-51.900703, -23.400965]]]}, "properties": {"info": {"nmmunicipio": "Maringá"}, "address": "?, ?"}},
{"type": "Feature", "geometry": {"type": "Polygon", "coordinates": [[[-51.900654, -23.400844], [-51.900874, -23.400718], [-51.900841, -23.400669], [-51.900809, -23.40062], [-51.90061, -23.400737], [-51.900654, -23.400844]]]}, "properties": {"info": {"nmmunicipio": "Maringá"}, "address": "?, ?"}},
{"type": "Feature", "geometry": {"type": "Polygon", "coordinates": [[[-51.90061, -23.400737], [-51.900809, -23.40062], [-51.90073, -23.400502], [-51.900555, -23.400602], [-51.90061, -23.400737]]]}, "properties": {"info": {"nmmunicipio": "Maringá"}, "address": "?, ?"}},
{"type": "Feature", "geometry": {"type": "Polygon", "coordinates": [[[-51.90234, -23.400333], [-51.902535, -23.400223], [-51.902463, -23.400102], [-51.902264, -23.400217], [-51.90234, -23.400333]]]}, "properties": {"info": {"nmmunicipio": "Maringá"}, "address": "?, ?"}},
{"type": "Feature", "geometry": {"type": "Polygon", "coordinates": [[[-51.902372, -23.400382], [-51.902401, -23.400426], [-51.90259, -23.400316], [-51.902535, -23.400223], [-51.90234, -23.400333], [-51.902372, -23.400382]]]}, "properties": {"info": {"nmmunicipio": "Maringá"}, "address": "?, ?"}},
{"type": "Feature", "geometry": {"type": "Polygon", "coordinates": [[[-51.902477, -23.400542], [-51.902661, -23.400436], [-51.90259, -23.400316], [-51.902401, -23.400426], [-51.902477, -23.400542]]]}, "properties": {"info": {"nmmunicipio": "Maringá"}, "address": "?, ?"}},
{"type": "Feature", "geometry": {"type": "Polygon", "coordinates": [[[-51.900438, -23.399115], [-51.900555, -23.399047], [-51.900439, -23.398878], [-51.900325, -23.398943], [-51.900438, -23.399115]]]}, "properties": {"info": {"nmmunicipio": "Maringá"}, "address": "?, ?"}},
{"type": "Feature", "geometry": {"type": "Polygon", "coordinates": [[[-51.900438, -23.399115], [-51.900543, -23.399274], [-51.900663, -23.399205], [-51.900555, -23.399047], [-51.900438, -23.399115]]]}, "properties": {"info": {"nmmunicipio": "Maringá"}, "address": "?, ?"}},
{"type": "Feature", "geometry": {"type": "Polygon", "coordinates": [[[-51.904347, -23.39825], [-51.904454, -23.398188], [-51.904361, -23.398032], [-51.904254, -23.398095], [-51.904347, -23.39825]]]}, "properties": {"info": {"nmmunicipio": "Maringá"}, "address": "?, ?"}},
{"type": "Feature", "geometry": {"type": "Polygon", "coordinates": [[[-51.904454, -23.398188], [-51.904564, -23.398125], [-51.90447, -23.397969], [-51.904361, -23.398032], [-51.904454, -23.398188]]]}, "properties": {"info": {"nmmunicipio": "Maringá"}, "address": "?, ?"}},
{"type": "Feature", "geometry": {"type": "Polygon", "coordinates": [[[-51.904564, -23.398125], [-51.904675, -23.398061], [-51.90458, -23.397905], [-51.90447, -23.397969], [-51.904564, -23.398125]]]}, "properties": {"info": {"nmmunicipio": "Maringá"}, "address": "?, ?"}},
{"type": "Feature", "geometry": {"type": "Polygon", "coordinates": [[[-51.905183, -23.39752], [-51.905266, -23.397836], [-51.905822, -23.397541], [-51.905808, -23.397506], [-51.905787, -23.397452], [-51.90577, -23.397397], [-51.905749, -23.397343], [-51.905717, -23.39729], [-51.905685, -23.397244], [-51.905645, -23.397195], [-51.905618, -23.397141], [-51.905599, -23.397082], [-51.905578, -23.397023], [-51.905568, -23.396968], [-51.905568, -23.396904], [-51.905569, -23.396845], [-51.905571, -23.396729], [-51.905563, -23.396668], [-51.905554, -23.396612], [-51.905542, -23.396558], [-51.905531, -23.396513], [-51.904966, -23.396815], [-51.905183, -23.39752]]]}, "properties": {"info": {"nmmunicipio": "Maringá"}, "address": "?, ?"}},
{"type": "Feature", "geometry": {"type": "Polygon", "coordinates": [[[-51.904141, -23.394837], [-51.904635, -23.396027], [-51.904966, -23.396815], [-51.905531, -23.396513], [-51.905517, -23.39645], [-51.905501, -23.396328], [-51.905488, -23.396154], [-51.90547, -23.396096], [-51.905418, -23.395915], [-51.905376, -23.395806], [-51.905362, -23.395774], [-51.905303, -23.395642], [-51.905217, -23.395487], [-51.905192, -23.395436], [-51.905124, -23.395338], [-51.905019, -23.395181], [-51.904932, -23.395103], [-51.904887, -23.395061], [-51.904814, -23.395006], [-51.904741, -23.394948], [-51.904699, -23.394902], [-51.904658, -23.394752], [-51.904654, -23.394673], [-51.904668, -23.394616], [-51.904694, -23.394563], [-51.904676, -23.394511], [-51.904613, -23.394417], [-51.904577, -23.394332], [-51.904047, -23.394632], [-51.904141, -23.394837]]]}, "properties": {"info": {"nmmunicipio": "Maringá"}, "address": "?, ?"}},
{"type": "Feature", "geometry": {"type": "Polygon", "coordinates": [[[-51.904782, -23.400353], [-51.904894, -23.400521], [-51.904902, -23.400534], [-51.905011, -23.400488], [-51.905003, -23.400478], [-51.904839, -23.400232], [-51.904739, -23.40029], [-51.904782, -23.400353]]]}, "properties": {"info": {"nmmunicipio": "Maringá"}, "address": "?, ?"}},
{"type": "Feature", "geometry": {"type": "Polygon", "coordinates": [[[-51.904782, -23.400353], [-51.904624, -23.400443], [-51.904713, -23.400593], [-51.904722, -23.400609], [-51.904902, -23.400534], [-51.904894, -23.400521], [-51.904782, -23.400353]]]}, "properties": {"info": {"nmmunicipio": "Maringá"}, "address": "?, ?"}},
{"type": "Feature", "geometry": {"type": "Polygon", "coordinates": [[[-51.904624, -23.400443], [-51.904782, -23.400353], [-51.904739, -23.40029], [-51.904693, -23.400221], [-51.904543, -23.400307], [-51.904624, -23.400443]]]}, "properties": {"info": {"nmmunicipio": "Maringá"}, "address": "?, ?"}},
{"type": "Feature", "geometry": {"type": "Polygon", "coordinates": [[[-51.904543, -23.400307], [-51.904693, -23.400221], [-51.904592, -23.40007], [-51.904451, -23.400151], [-51.904543, -23.400307]]]}, "properties": {"info": {"nmmunicipio": "Maringá"}, "address": "?, ?"}},
{"type": "Feature", "geometry": {"type": "Polygon", "coordinates": [[[-51.902794, -23.400359], [-51.902954, -23.400267], [-51.90285, -23.400112], [-51.902699, -23.4002], [-51.902794, -23.400359]]]}, "properties": {"info": {"nmmunicipio": "Maringá"}, "address": "?, ?"}},
{"type": "Feature", "geometry": {"type": "Polygon", "coordinates": [[[-51.902699, -23.4002], [-51.90285, -23.400112], [-51.902737, -23.399945], [-51.902596, -23.400026], [-51.902699, -23.4002]]]}, "properties": {"info": {"nmmunicipio": "Maringá"}, "address": "?, ?"}},
{"type": "Feature", "geometry": {"type": "Polygon", "coordinates": [[[-51.902954, -23.400267], [-51.903072, -23.400199], [-51.902968, -23.400045], [-51.90285, -23.400112], [-51.902954, -23.400267]]]}, "properties": {"info": {"nmmunicipio": "Maringá"}, "address": "?, ?"}},
{"type": "Feature", "geometry": {"type": "Polygon", "coordinates": [[[-51.899053, -23.40042], [-51.899159, -23.400674], [-51.899694, -23.400366], [-51.900136, -23.400109], [-51.899999, -23.399776], [-51.899019, -23.400337], [-51.899053, -23.40042]]]}, "properties": {"info": {"nmmunicipio": "Maringá"}, "address": "?, ?"}},
{"type": "Feature", "geometry": {"type": "Polygon", "coordinates": [[[-51.900204, -23.400215], [-51.899729, -23.400491], [-51.899211, -23.400787], [-51.899344, -23.401123], [-51.900341, -23.400552], [-51.900204, -23.400215]]]}, "properties": {"info": {"nmmunicipio": "Maringá"}, "address": "?, ?"}},
{"type": "Feature", "geometry": {"type": "Polygon", "coordinates": [[[-51.898881, -23.399799], [-51.898892, -23.399897], [-51.898903, -23.399955], [-51.898915, -23.400025], [-51.898949, -23.400163], [-51.898963, -23.4002], [-51.899019, -23.400337], [-51.899999, -23.399776], [-51.899953, -23.399632], [-51.899854, -23.399239], [-51.898882, -23.399773], [-51.898881, -23.399799]]]}, "properties": {"info": {"nmmunicipio": "Maringá"}, "address": "?, ?"}},
{"type": "Feature", "geometry": {"type": "Polygon", "coordinates": [[[-51.899711, -23.397911], [-51.899868, -23.397822], [-51.899784, -23.397701], [-51.899676, -23.397762], [-51.899711, -23.397911]]]}, "properties": {"info": {"nmmunicipio": "Maringá"}, "address": "?, ?"}},
{"type": "Feature", "geometry": {"type": "Polygon", "coordinates": [[[-51.899868, -23.397822], [-51.900007, -23.397743], [-51.899923, -23.397621], [-51.899784, -23.397701], [-51.899868, -23.397822]]]}, "properties": {"info": {"nmmunicipio": "Maringá"}, "address": "?, ?"}},
{"type": "Feature", "geometry": {"type": "Polygon", "coordinates": [[[-51.899807, -23.398277], [-51.899904, -23.398221], [-51.900022, -23.398153], [-51.899969, -23.398077], [-51.899784, -23.398172], [-51.899807, -23.398277]]]}, "properties": {"info": {"nmmunicipio": "Maringá"}, "address": "?, ?"}},
{"type": "Feature", "geometry": {"type": "Polygon", "coordinates": [[[-51.899969, -23.398077], [-51.899899, -23.39798], [-51.899759, -23.398059], [-51.899784, -23.398172], [-51.899969, -23.398077]]]}, "properties": {"info": {"nmmunicipio": "Maringá"}, "address": "?, ?"}},
{"type": "Feature", "geometry": {"type": "Polygon", "coordinates": [[[-51.902789, -23.400988], [-51.90294, -23.400902], [-51.902841, -23.400735], [-51.902681, -23.400827], [-51.902789, -23.400988]]]}, "properties": {"info": {"nmmunicipio": "Maringá"}, "address": "?, ?"}},
{"type": "Feature", "geometry": {"type": "Polygon", "coordinates": [[[-51.902432, -23.40097], [-51.902557, -23.400898], [-51.902449, -23.400737], [-51.902324, -23.400808], [-51.902432, -23.40097]]]}, "properties": {"info": {"nmmunicipio": "Maringá"}, "address": "?, ?"}},
{"type": "Feature", "geometry": {"type": "Polygon", "coordinates": [[[-51.902557, -23.400898], [-51.902681, -23.400827], [-51.902574, -23.400665], [-51.902449, -23.400737], [-51.902557, -23.400898]]]}, "properties": {"info": {"nmmunicipio": "Maringá"}, "address": "?, ?"}},
{"type": "Feature", "geometry": {"type": "Polygon", "coordinates": [[[-51.901758, -23.399162], [-51.901865, -23.399098], [-51.901765, -23.398938], [-51.901659, -23.399001], [-51.901758, -23.399162]]]}, "properties": {"info": {"nmmunicipio": "Maringá"}, "address": "?, ?"}},
{"type": "Feature", "geometry": {"type": "Polygon", "coordinates": [[[-51.900589, -23.400146], [-51.900617, -23.400194], [-51.90073, -23.40013], [-51.900638, -23.399971], [-51.900525, -23.400036], [-51.900589, -23.400146]]]}, "properties": {"info": {"nmmunicipio": "Maringá"}, "address": "?, ?"}},
{"type": "Feature", "geometry": {"type": "Polygon", "coordinates": [[[-51.90073, -23.40013], [-51.900832, -23.400071], [-51.900739, -23.399913], [-51.900638, -23.399971], [-51.90073, -23.40013]]]}, "properties": {"info": {"nmmunicipio": "Maringá"}, "address": "?, ?"}},
{"type": "Feature", "geometry": {"type": "Polygon", "coordinates": [[[-51.900832, -23.400071], [-51.900942, -23.400008], [-51.90085, -23.399848], [-51.900739, -23.399913], [-51.900832, -23.400071]]]}, "properties": {"info": {"nmmunicipio": "Maringá"}, "address": "?, ?"}},
{"type": "Feature", "geometry": {"type": "Polygon", "coordinates": [[[-51.900942, -23.400008], [-51.901052, -23.399946], [-51.900959, -23.399786], [-51.90085, -23.399848], [-51.900942, -23.400008]]]}, "properties": {"info": {"nmmunicipio": "Maringá"}, "address": "?, ?"}},
{"type": "Feature", "geometry": {"type": "Polygon", "coordinates": [[[-51.901052, -23.399946], [-51.90116, -23.399884], [-51.901066, -23.399724], [-51.900959, -23.399786], [-51.901052, -23.399946]]]}, "properties": {"info": {"nmmunicipio": "Maringá"}, "address": "?, ?"}},
{"type": "Feature", "geometry": {"type": "Polygon", "coordinates": [[[-51.901273, -23.39982], [-51.901382, -23.399758], [-51.90129, -23.399595], [-51.901178, -23.399659], [-51.901273, -23.39982]]]}, "properties": {"info": {"nmmunicipio": "Maringá"}, "address": "?, ?"}},
{"type": "Feature", "geometry": {"type": "Polygon", "coordinates": [[[-51.901382, -23.399758], [-51.901492, -23.399695], [-51.901398, -23.399532], [-51.90129, -23.399595], [-51.901382, -23.399758]]]}, "properties": {"info": {"nmmunicipio": "Maringá"}, "address": "?, ?"}},
{"type": "Feature", "geometry": {"type": "Polygon", "coordinates": [[[-51.901492, -23.399695], [-51.901606, -23.39963], [-51.90151, -23.399467], [-51.901398, -23.399532], [-51.901492, -23.399695]]]}, "properties": {"info": {"nmmunicipio": "Maringá"}, "address": "?, ?"}},
{"type": "Feature", "geometry": {"type": "Polygon", "coordinates": [[[-51.901606, -23.39963], [-51.901714, -23.399568], [-51.901618, -23.399405], [-51.90151, -23.399467], [-51.901606, -23.39963]]]}, "properties": {"info": {"nmmunicipio": "Maringá"}, "address": "?, ?"}},
{"type": "Feature", "geometry": {"type": "Polygon", "coordinates": [[[-51.901714, -23.399568], [-51.901825, -23.399505], [-51.901729, -23.399341], [-51.901618, -23.399405], [-51.901714, -23.399568]]]}, "properties": {"info": {"nmmunicipio": "Maringá"}, "address": "?, ?"}},
{"type": "Feature", "geometry": {"type": "Polygon", "coordinates": [[[-51.901825, -23.399505], [-51.901934, -23.399443], [-51.901838, -23.399278], [-51.901729, -23.399341], [-51.901825, -23.399505]]]}, "properties": {"info": {"nmmunicipio": "Maringá"}, "address": "?, ?"}},
{"type": "Feature", "geometry": {"type": "Polygon", "coordinates": [[[-51.901934, -23.399443], [-51.902037, -23.399384], [-51.901938, -23.39922], [-51.901838, -23.399278], [-51.901934, -23.399443]]]}, "properties": {"info": {"nmmunicipio": "Maringá"}, "address": "?, ?"}},
{"type": "Feature", "geometry": {"type": "Polygon", "coordinates": [[[-51.90203, -23.399607], [-51.902134, -23.399547], [-51.902037, -23.399384], [-51.901934, -23.399443], [-51.90203, -23.399607]]]}, "properties": {"info": {"nmmunicipio": "Maringá"}, "address": "?, ?"}},
{"type": "Feature", "geometry": {"type": "Polygon", "coordinates": [[[-51.90192, -23.39967], [-51.90203, -23.399607], [-51.901934, -23.399443], [-51.901825, -23.399505], [-51.90192, -23.39967]]]}, "properties": {"info": {"nmmunicipio": "Maringá"}, "address": "?, ?"}},
{"type": "Feature", "geometry": {"type": "Polygon", "coordinates": [[[-51.90181, -23.399733], [-51.90192, -23.39967], [-51.901825, -23.399505], [-51.901714, -23.399568], [-51.90181, -23.399733]]]}, "properties": {"info": {"nmmunicipio": "Maringá"}, "address": "?, ?"}},
{"type": "Feature", "geometry": {"type": "Polygon", "coordinates": [[[-51.902543, -23.398713], [-51.902653, -23.398652], [-51.902564, -23.398502], [-51.902457, -23.398563], [-51.902543, -23.398713]]]}, "properties": {"info": {"nmmunicipio": "Maringá"}, "address": "?, ?"}},
{"type": "Feature", "geometry": {"type": "Polygon", "coordinates": [[[-51.903657, -23.400239], [-51.903773, -23.400171], [-51.903663, -23.400008], [-51.903547, -23.400075], [-51.903657, -23.400239]]]}, "properties": {"info": {"nmmunicipio": "Maringá"}, "address": "?, ?"}},
{"type": "Feature", "geometry": {"type": "Polygon", "coordinates": [[[-51.903642, -23.400468], [-51.903763, -23.400398], [-51.903657, -23.400239], [-51.903536, -23.400308], [-51.903642, -23.400468]]]}, "properties": {"info": {"nmmunicipio": "Maringá"}, "address": "?, ?"}},
{"type": "Feature", "geometry": {"type": "Polygon", "coordinates": [[[-51.903536, -23.400308], [-51.903657, -23.400239], [-51.903547, -23.400075], [-51.903427, -23.400144], [-51.903536, -23.400308]]]}, "properties": {"info": {"nmmunicipio": "Maringá"}, "address": "?, ?"}},
{"type": "Feature", "geometry": {"type": "Polygon", "coordinates": [[[-51.903526, -23.400534], [-51.903642, -23.400468], [-51.903536, -23.400308], [-51.903422, -23.400374], [-51.903526, -23.400534]]]}, "properties": {"info": {"nmmunicipio": "Maringá"}, "address": "?, ?"}},
{"type": "Feature", "geometry": {"type": "Polygon", "coordinates": [[[-51.903422, -23.400374], [-51.903536, -23.400308], [-51.903427, -23.400144], [-51.903314, -23.400209], [-51.903422, -23.400374]]]}, "properties": {"info": {"nmmunicipio": "Maringá"}, "address": "?, ?"}},
{"type": "Feature", "geometry": {"type": "Polygon", "coordinates": [[[-51.903304, -23.400442], [-51.90341, -23.400601], [-51.903526, -23.400534], [-51.903422, -23.400374], [-51.903304, -23.400442]]]}, "properties": {"info": {"nmmunicipio": "Maringá"}, "address": "?, ?"}},
{"type": "Feature", "geometry": {"type": "Polygon", "coordinates": [[[-51.903304, -23.400442], [-51.903422, -23.400374], [-51.903314, -23.400209], [-51.903195, -23.400278], [-51.903304, -23.400442]]]}, "properties": {"info": {"nmmunicipio": "Maringá"}, "address": "?, ?"}},
{"type": "Feature", "geometry": {"type": "Polygon", "coordinates": [[[-51.903215, -23.400554], [-51.903292, -23.400669], [-51.90341, -23.400601], [-51.903304, -23.400442], [-51.903185, -23.40051], [-51.903215, -23.400554]]]}, "properties": {"info": {"nmmunicipio": "Maringá"}, "address": "?, ?"}},
{"type": "Feature", "geometry": {"type": "Polygon", "coordinates": [[[-51.903149, -23.400456], [-51.903185, -23.40051], [-51.903304, -23.400442], [-51.903195, -23.400278], [-51.903076, -23.400346], [-51.903149, -23.400456]]]}, "properties": {"info": {"nmmunicipio": "Maringá"}, "address": "?, ?"}},
{"type": "Feature", "geometry": {"type": "Polygon", "coordinates": [[[-51.903057, -23.400804], [-51.903292, -23.400669], [-51.903215, -23.400554], [-51.902987, -23.400686], [-51.903057, -23.400804]]]}, "properties": {"info": {"nmmunicipio": "Maringá"}, "address": "?, ?"}},
{"type": "Feature", "geometry": {"type": "Polygon", "coordinates": [[[-51.902927, -23.400584], [-51.903149, -23.400456], [-51.903076, -23.400346], [-51.90286, -23.40047], [-51.902927, -23.400584]]]}, "properties": {"info": {"nmmunicipio": "Maringá"}, "address": "?, ?"}},
{"type": "Feature", "geometry": {"type": "Polygon", "coordinates": [[[-51.901433, -23.399356], [-51.901538, -23.399293], [-51.90144, -23.399131], [-51.901334, -23.399194], [-51.901433, -23.399356]]]}, "properties": {"info": {"nmmunicipio": "Maringá"}, "address": "?, ?"}},
{"type": "Feature", "geometry": {"type": "Polygon", "coordinates": [[[-51.901538, -23.399293], [-51.901649, -23.399227], [-51.901551, -23.399065], [-51.90144, -23.399131], [-51.901538, -23.399293]]]}, "properties": {"info": {"nmmunicipio": "Maringá"}, "address": "?, ?"}},
{"type": "Feature", "geometry": {"type": "Polygon", "coordinates": [[[-51.905734, -23.400899], [-51.905884, -23.400839], [-51.905876, -23.400811], [-51.905869, -23.400784], [-51.90586, -23.400758], [-51.905842, -23.400704], [-51.905832, -23.400678], [-51.905821, -23.400652], [-51.905651, -23.40072], [-51.905734, -23.400899]]]}, "properties": {"info": {"nmmunicipio": "Maringá"}, "address": "?, ?"}},
{"type": "Feature", "geometry": {"type": "Polygon", "coordinates": [[[-51.905651, -23.40072], [-51.905821, -23.400652], [-51.905814, -23.400634], [-51.905802, -23.400608], [-51.905791, -23.400582], [-51.905778, -23.400557], [-51.905766, -23.400531], [-51.905752, -23.400506], [-51.905739, -23.400481], [-51.905571, -23.400548], [-51.905651, -23.40072]]]}, "properties": {"info": {"nmmunicipio": "Maringá"}, "address": "?, ?"}},
{"type": "Feature", "geometry": {"type": "Polygon", "coordinates": [[[-51.905609, -23.400949], [-51.905734, -23.400899], [-51.905651, -23.40072], [-51.905526, -23.400771], [-51.905609, -23.400949]]]}, "properties": {"info": {"nmmunicipio": "Maringá"}, "address": "?, ?"}},
{"type": "Feature", "geometry": {"type": "Polygon", "coordinates": [[[-51.905526, -23.400771], [-51.905651, -23.40072], [-51.905571, -23.400548], [-51.905445, -23.400598], [-51.905526, -23.400771]]]}, "properties": {"info": {"nmmunicipio": "Maringá"}, "address": "?, ?"}},
{"type": "Feature", "geometry": {"type": "Polygon", "coordinates": [[[-51.904693, -23.400221], [-51.904739, -23.40029], [-51.904839, -23.400232], [-51.904691, -23.400013], [-51.904592, -23.40007], [-51.904693, -23.400221]]]}, "properties": {"info": {"nmmunicipio": "Maringá"}, "address": "?, ?"}},
{"type": "Feature", "geometry": {"type": "Polygon", "coordinates": [[[-51.902674, -23.398439], [-51.902784, -23.398376], [-51.902686, -23.398211], [-51.902577, -23.398274], [-51.902674, -23.398439]]]}, "properties": {"info": {"nmmunicipio": "Maringá"}, "address": "?, ?"}},
{"type": "Feature", "geometry": {"type": "Polygon", "coordinates": [[[-51.903321, -23.39984], [-51.903439, -23.399772], [-51.903329, -23.399604], [-51.903211, -23.399672], [-51.903321, -23.39984]]]}, "properties": {"info": {"nmmunicipio": "Maringá"}, "address": "?, ?"}},
{"type": "Feature", "geometry": {"type": "Polygon", "coordinates": [[[-51.903542, -23.399929], [-51.903661, -23.399861], [-51.903557, -23.399704], [-51.903439, -23.399772], [-51.903542, -23.399929]]]}, "properties": {"info": {"nmmunicipio": "Maringá"}, "address": "?, ?"}},
{"type": "Feature", "geometry": {"type": "Polygon", "coordinates": [[[-51.903661, -23.399861], [-51.903781, -23.399792], [-51.903708, -23.399684], [-51.903676, -23.399635], [-51.903557, -23.399704], [-51.903661, -23.399861]]]}, "properties": {"info": {"nmmunicipio": "Maringá"}, "address": "?, ?"}},
{"type": "Feature", "geometry": {"type": "Polygon", "coordinates": [[[-51.903557, -23.399704], [-51.903676, -23.399635], [-51.903646, -23.399591], [-51.903564, -23.399469], [-51.903447, -23.399537], [-51.903557, -23.399704]]]}, "properties": {"info": {"nmmunicipio": "Maringá"}, "address": "?, ?"}},
{"type": "Feature", "geometry": {"type": "Polygon", "coordinates": [[[-51.903708, -23.399684], [-51.903781, -23.399792], [-51.903989, -23.399672], [-51.903925, -23.399564], [-51.903708, -23.399684]]]}, "properties": {"info": {"nmmunicipio": "Maringá"}, "address": "?, ?"}},
{"type": "Feature", "geometry": {"type": "Polygon", "coordinates": [[[-51.903676, -23.399635], [-51.903708, -23.399684], [-51.903925, -23.399564], [-51.903865, -23.399463], [-51.903646, -23.399591], [-51.903676, -23.399635]]]}, "properties": {"info": {"nmmunicipio": "Maringá"}, "address": "?, ?"}},
{"type": "Feature", "geometry": {"type": "Polygon", "coordinates": [[[-51.903646, -23.399591], [-51.903865, -23.399463], [-51.903791, -23.399338], [-51.903564, -23.399469], [-51.903646, -23.399591]]]}, "properties": {"info": {"nmmunicipio": "Maringá"}, "address": "?, ?"}},
{"type": "Feature", "geometry": {"type": "Polygon", "coordinates": [[[-51.904119, -23.400193], [-51.904252, -23.400117], [-51.904155, -23.399952], [-51.904011, -23.400035], [-51.904119, -23.400193]]]}, "properties": {"info": {"nmmunicipio": "Maringá"}, "address": "?, ?"}},
{"type": "Feature", "geometry": {"type": "Polygon", "coordinates": [[[-51.904011, -23.400035], [-51.904155, -23.399952], [-51.904055, -23.399783], [-51.9039, -23.399872], [-51.904011, -23.400035]]]}, "properties": {"info": {"nmmunicipio": "Maringá"}, "address": "?, ?"}},
{"type": "Feature", "geometry": {"type": "Polygon", "coordinates": [[[-51.903997, -23.400263], [-51.904119, -23.400193], [-51.904011, -23.400035], [-51.903891, -23.400104], [-51.903997, -23.400263]]]}, "properties": {"info": {"nmmunicipio": "Maringá"}, "address": "?, ?"}},
{"type": "Feature", "geometry": {"type": "Polygon", "coordinates": [[[-51.903891, -23.400104], [-51.904011, -23.400035], [-51.9039, -23.399872], [-51.903782, -23.39994], [-51.903891, -23.400104]]]}, "properties": {"info": {"nmmunicipio": "Maringá"}, "address": "?, ?"}},
{"type": "Feature", "geometry": {"type": "Polygon", "coordinates": [[[-51.903773, -23.400171], [-51.903881, -23.40033], [-51.903997, -23.400263], [-51.903891, -23.400104], [-51.903773, -23.400171]]]}, "properties": {"info": {"nmmunicipio": "Maringá"}, "address": "?, ?"}},
{"type": "Feature", "geometry": {"type": "Polygon", "coordinates": [[[-51.903773, -23.400171], [-51.903891, -23.400104], [-51.903782, -23.39994], [-51.903663, -23.400008], [-51.903773, -23.400171]]]}, "properties": {"info": {"nmmunicipio": "Maringá"}, "address": "?, ?"}},
{"type": "Feature", "geometry": {"type": "Polygon", "coordinates": [[[-51.903763, -23.400398], [-51.903881, -23.40033], [-51.903773, -23.400171], [-51.903657, -23.400239], [-51.903763, -23.400398]]]}, "properties": {"info": {"nmmunicipio": "Maringá"}, "address": "?, ?"}},
{"type": "Feature", "geometry": {"type": "Polygon", "coordinates": [[[-51.900809, -23.40062], [-51.900841, -23.400669], [-51.900966, -23.400598], [-51.900854, -23.400431], [-51.90073, -23.400502], [-51.900809, -23.40062]]]}, "properties": {"info": {"nmmunicipio": "Maringá"}, "address": "?, ?"}},
{"type": "Feature", "geometry": {"type": "Polygon", "coordinates": [[[-51.900966, -23.400598], [-51.901087, -23.400529], [-51.900978, -23.40036], [-51.900903, -23.400402], [-51.900854, -23.400431], [-51.900966, -23.400598]]]}, "properties": {"info": {"nmmunicipio": "Maringá"}, "address": "?, ?"}},
{"type": "Feature", "geometry": {"type": "Polygon", "coordinates": [[[-51.901885, -23.39588], [-51.902039, -23.395786], [-51.902046, -23.395783], [-51.901937, -23.395631], [-51.901785, -23.395722], [-51.901885, -23.39588]]]}, "properties": {"info": {"nmmunicipio": "Maringá"}, "address": "?, ?"}},
{"type": "Feature", "geometry": {"type": "Polygon", "coordinates": [[[-51.902306, -23.397648], [-51.902411, -23.397588], [-51.902301, -23.397429], [-51.902196, -23.39749], [-51.902306, -23.397648]]]}, "properties": {"info": {"nmmunicipio": "Maringá"}, "address": "?, ?"}},
{"type": "Feature", "geometry": {"type": "Polygon", "coordinates": [[[-51.905752, -23.400176], [-51.905882, -23.400124], [-51.905822, -23.399993], [-51.905692, -23.400045], [-51.905752, -23.400176]]]}, "properties": {"info": {"nmmunicipio": "Maringá"}, "address": "?, ?"}},
{"type": "Feature", "geometry": {"type": "Polygon", "coordinates": [[[-51.905458, -23.399068], [-51.90545, -23.399309], [-51.905488, -23.399547], [-51.90557, -23.399776], [-51.905692, -23.400045], [-51.905822, -23.399993], [-51.905882, -23.400124], [-51.90637, -23.39993], [-51.906295, -23.399811], [-51.906237, -23.399792], [-51.906225, -23.399737], [-51.906253, -23.399686], [-51.906288, -23.399637], [-51.906297, -23.399579], [-51.906295, -23.399523], [-51.90626, -23.399472], [-51.906257, -23.399417], [-51.906253, -23.399359], [-51.906229, -23.399309], [-51.906199, -23.399255], [-51.906182, -23.399201], [-51.906173, -23.399147], [-51.906168, -23.399088], [-51.906166, -23.399034], [-51.906166, -23.39897], [-51.906159, -23.398912], [-51.90613, -23.398856], [-51.906115, -23.398795], [-51.906124, -23.398741], [-51.906122, -23.398682], [-51.906118, -23.39862], [-51.906126, -23.398559], [-51.906131, -23.398501], [-51.906116, -23.398442], [-51.906114, -23.398384], [-51.906115, -23.398321], [-51.906114, -23.398257], [-51.906106, -23.398199], [-51.906092, -23.398142], [-51.906084, -23.398085], [-51.90607, -23.398029], [-51.906051, -23.397971], [-51.906026, -23.39792], [-51.906, -23.397869], [-51.905964, -23.397825], [-51.905931, -23.397777], [-51.905906, -23.397722], [-51.905883, -23.397669], [-51.905872, -23.39765], [-51.905317, -23.397911], [-51.905413, -23.398225], [-51.905475, -23.398605], [-51.905466, -23.399015], [-51.905458, -23.399068]]]}, "properties": {"info": {"nmmunicipio": "Maringá"}, "address": "?, ?"}},
{"type": "Feature", "geometry": {"type": "Polygon", "coordinates": [[[-51.902681, -23.400827], [-51.902841, -23.400735], [-51.902742, -23.400568], [-51.902574, -23.400665], [-51.902681, -23.400827]]]}, "properties": {"info": {"nmmunicipio": "Maringá"}, "address": "?, ?"}},
{"type": "Feature", "geometry": {"type": "Polygon", "coordinates": [[[-51.901659, -23.399001], [-51.901765, -23.398938], [-51.901666, -23.39878], [-51.901561, -23.398842], [-51.901659, -23.399001]]]}, "properties": {"info": {"nmmunicipio": "Maringá"}, "address": "?, ?"}},
{"type": "Feature", "geometry": {"type": "Polygon", "coordinates": [[[-51.901551, -23.399065], [-51.901659, -23.399001], [-51.901561, -23.398842], [-51.901453, -23.398905], [-51.901551, -23.399065]]]}, "properties": {"info": {"nmmunicipio": "Maringá"}, "address": "?, ?"}},
{"type": "Feature", "geometry": {"type": "Polygon", "coordinates": [[[-51.90144, -23.399131], [-51.901551, -23.399065], [-51.901453, -23.398905], [-51.901343, -23.398971], [-51.90144, -23.399131]]]}, "properties": {"info": {"nmmunicipio": "Maringá"}, "address": "?, ?"}},
{"type": "Feature", "geometry": {"type": "Polygon", "coordinates": [[[-51.901334, -23.399194], [-51.90144, -23.399131], [-51.901343, -23.398971], [-51.901236, -23.399034], [-51.901334, -23.399194]]]}, "properties": {"info": {"nmmunicipio": "Maringá"}, "address": "?, ?"}},
{"type": "Feature", "geometry": {"type": "Polygon", "coordinates": [[[-51.901115, -23.399324], [-51.901225, -23.399259], [-51.901129, -23.399097], [-51.901017, -23.399163], [-51.901115, -23.399324]]]}, "properties": {"info": {"nmmunicipio": "Maringá"}, "address": "?, ?"}},
{"type": "Feature", "geometry": {"type": "Polygon", "coordinates": [[[-51.901009, -23.399388], [-51.901115, -23.399324], [-51.901017, -23.399163], [-51.900911, -23.399226], [-51.901009, -23.399388]]]}, "properties": {"info": {"nmmunicipio": "Maringá"}, "address": "?, ?"}},
{"type": "Feature", "geometry": {"type": "Polygon", "coordinates": [[[-51.900894, -23.399456], [-51.901009, -23.399388], [-51.900911, -23.399226], [-51.900795, -23.399294], [-51.900894, -23.399456]]]}, "properties": {"info": {"nmmunicipio": "Maringá"}, "address": "?, ?"}},
{"type": "Feature", "geometry": {"type": "Polygon", "coordinates": [[[-51.900789, -23.399518], [-51.900894, -23.399456], [-51.900795, -23.399294], [-51.900691, -23.399356], [-51.900789, -23.399518]]]}, "properties": {"info": {"nmmunicipio": "Maringá"}, "address": "?, ?"}},
{"type": "Feature", "geometry": {"type": "Polygon", "coordinates": [[[-51.900681, -23.399582], [-51.900789, -23.399518], [-51.900691, -23.399356], [-51.900583, -23.39942], [-51.900681, -23.399582]]]}, "properties": {"info": {"nmmunicipio": "Maringá"}, "address": "?, ?"}},
{"type": "Feature", "geometry": {"type": "Polygon", "coordinates": [[[-51.900573, -23.399647], [-51.900681, -23.399582], [-51.900583, -23.39942], [-51.900475, -23.399483], [-51.900573, -23.399647]]]}, "properties": {"info": {"nmmunicipio": "Maringá"}, "address": "?, ?"}},
{"type": "Feature", "geometry": {"type": "Polygon", "coordinates": [[[-51.90047, -23.399708], [-51.900573, -23.399647], [-51.900475, -23.399483], [-51.900373, -23.399544], [-51.90047, -23.399708]]]}, "properties": {"info": {"nmmunicipio": "Maringá"}, "address": "?, ?"}},
{"type": "Feature", "geometry": {"type": "Polygon", "coordinates": [[[-51.900364, -23.399771], [-51.90047, -23.399708], [-51.900373, -23.399544], [-51.900265, -23.399608], [-51.900364, -23.399771]]]}, "properties": {"info": {"nmmunicipio": "Maringá"}, "address": "?, ?"}},
{"type": "Feature", "geometry": {"type": "Polygon", "coordinates": [[[-51.900246, -23.399841], [-51.900364, -23.399771], [-51.900265, -23.399608], [-51.900169, -23.399665], [-51.900246, -23.399841]]]}, "properties": {"info": {"nmmunicipio": "Maringá"}, "address": "?, ?"}},
{"type": "Feature", "geometry": {"type": "Polygon", "coordinates": [[[-51.900324, -23.400018], [-51.900463, -23.399935], [-51.900364, -23.399771], [-51.900246, -23.399841], [-51.900324, -23.400018]]]}, "properties": {"info": {"nmmunicipio": "Maringá"}, "address": "?, ?"}},
{"type": "Feature", "geometry": {"type": "Polygon", "coordinates": [[[-51.900463, -23.399935], [-51.900568, -23.399872], [-51.90047, -23.399708], [-51.900364, -23.399771], [-51.900463, -23.399935]]]}, "properties": {"info": {"nmmunicipio": "Maringá"}, "address": "?, ?"}},
{"type": "Feature", "geometry": {"type": "Polygon", "coordinates": [[[-51.900568, -23.399872], [-51.900671, -23.399811], [-51.900573, -23.399647], [-51.90047, -23.399708], [-51.900568, -23.399872]]]}, "properties": {"info": {"nmmunicipio": "Maringá"}, "address": "?, ?"}},
{"type": "Feature", "geometry": {"type": "Polygon", "coordinates": [[[-51.900671, -23.399811], [-51.90078, -23.399746], [-51.900681, -23.399582], [-51.900573, -23.399647], [-51.900671, -23.399811]]]}, "properties": {"info": {"nmmunicipio": "Maringá"}, "address": "?, ?"}},
{"type": "Feature", "geometry": {"type": "Polygon", "coordinates": [[[-51.90078, -23.399746], [-51.900887, -23.399682], [-51.900789, -23.399518], [-51.900681, -23.399582], [-51.90078, -23.399746]]]}, "properties": {"info": {"nmmunicipio": "Maringá"}, "address": "?, ?"}},
{"type": "Feature", "geometry": {"type": "Polygon", "coordinates": [[[-51.900887, -23.399682], [-51.900994, -23.399618], [-51.900894, -23.399456], [-51.900789, -23.399518], [-51.900887, -23.399682]]]}, "properties": {"info": {"nmmunicipio": "Maringá"}, "address": "?, ?"}},
{"type": "Feature", "geometry": {"type": "Polygon", "coordinates": [[[-51.900994, -23.399618], [-51.901107, -23.399551], [-51.901009, -23.399388], [-51.900894, -23.399456], [-51.900994, -23.399618]]]}, "properties": {"info": {"nmmunicipio": "Maringá"}, "address": "?, ?"}},
{"type": "Feature", "geometry": {"type": "Polygon", "coordinates": [[[-51.901107, -23.399551], [-51.901215, -23.399486], [-51.901115, -23.399324], [-51.901009, -23.399388], [-51.901107, -23.399551]]]}, "properties": {"info": {"nmmunicipio": "Maringá"}, "address": "?, ?"}},
{"type": "Feature", "geometry": {"type": "Polygon", "coordinates": [[[-51.903204, -23.399908], [-51.903321, -23.39984], [-51.903211, -23.399672], [-51.903089, -23.399742], [-51.903204, -23.399908]]]}, "properties": {"info": {"nmmunicipio": "Maringá"}, "address": "?, ?"}},
{"type": "Feature", "geometry": {"type": "Polygon", "coordinates": [[[-51.903424, -23.399997], [-51.903542, -23.399929], [-51.903439, -23.399772], [-51.903321, -23.39984], [-51.903424, -23.399997]]]}, "properties": {"info": {"nmmunicipio": "Maringá"}, "address": "?, ?"}},
{"type": "Feature", "geometry": {"type": "Polygon", "coordinates": [[[-51.907416, -23.399555], [-51.907569, -23.399502], [-51.907411, -23.399104], [-51.907258, -23.399157], [-51.907416, -23.399555]]]}, "properties": {"info": {"nmmunicipio": "Maringá"}, "address": "?, ?"}},
{"type": "Feature", "geometry": {"type": "Polygon", "coordinates": [[[-51.906339, -23.399517], [-51.906353, -23.399619], [-51.906388, -23.399757], [-51.906388, -23.399809], [-51.906378, -23.39985], [-51.906374, -23.399916], [-51.906901, -23.399733], [-51.906945, -23.399582], [-51.906958, -23.399531], [-51.906963, -23.399478], [-51.906962, -23.399426], [-51.906955, -23.399374], [-51.906941, -23.399323], [-51.90692, -23.399273], [-51.906326, -23.399477], [-51.906339, -23.399517]]]}, "properties": {"info": {"nmmunicipio": "Maringá"}, "address": "?, ?"}},
{"type": "Feature", "geometry": {"type": "Polygon", "coordinates": [[[-51.905832, -23.397449], [-51.905863, -23.397502], [-51.90587, -23.397556], [-51.90592, -23.397667], [-51.905956, -23.397748], [-51.905984, -23.397786], [-51.907445, -23.397285], [-51.907279, -23.396878], [-51.906123, -23.397284], [-51.905797, -23.397398], [-51.905832, -23.397449]]]}, "properties": {"info": {"nmmunicipio": "Maringá"}, "address": "?, ?"}},
{"type": "Feature", "geometry": {"type": "Polygon", "coordinates": [[[-51.905984, -23.397786], [-51.906011, -23.397823], [-51.906128, -23.398011], [-51.907544, -23.397527], [-51.907445, -23.397285], [-51.905984, -23.397786]]]}, "properties": {"info": {"nmmunicipio": "Maringá"}, "address": "?, ?"}},
{"type": "Feature", "geometry": {"type": "Polygon", "coordinates": [[[-51.906128, -23.398011], [-51.906136, -23.398023], [-51.906143, -23.39821], [-51.906149, -23.398267], [-51.907637, -23.397755], [-51.907544, -23.397527], [-51.906128, -23.398011]]]}, "properties": {"info": {"nmmunicipio": "Maringá"}, "address": "?, ?"}},
{"type": "Feature", "geometry": {"type": "Polygon", "coordinates": [[[-51.906226, -23.398806], [-51.906216, -23.399031], [-51.906224, -23.399067], [-51.907935, -23.398481], [-51.907776, -23.398094], [-51.90621, -23.398631], [-51.906226, -23.398806]]]}, "properties": {"info": {"nmmunicipio": "Maringá"}, "address": "?, ?"}},
{"type": "Feature", "geometry": {"type": "Polygon", "coordinates": [[[-51.90555, -23.39614], [-51.905562, -23.39627], [-51.905565, -23.396441], [-51.905583, -23.396512], [-51.906945, -23.39605], [-51.906808, -23.395709], [-51.90555, -23.39614]]]}, "properties": {"info": {"nmmunicipio": "Maringá"}, "address": "?, ?"}},
{"type": "Feature", "geometry": {"type": "Polygon", "coordinates": [[[-51.905583, -23.396512], [-51.905595, -23.396555], [-51.905612, -23.39661], [-51.905625, -23.396736], [-51.905625, -23.396854], [-51.905645, -23.397003], [-51.907123, -23.396493], [-51.906945, -23.39605], [-51.905583, -23.396512]]]}, "properties": {"info": {"nmmunicipio": "Maringá"}, "address": "?, ?"}},
{"type": "Feature", "geometry": {"type": "Polygon", "coordinates": [[[-51.905648, -23.397028], [-51.905663, -23.397151], [-51.905722, -23.397249], [-51.905776, -23.397346], [-51.905797, -23.397398], [-51.906123, -23.397284], [-51.907279, -23.396878], [-51.907123, -23.396493], [-51.905645, -23.397003], [-51.905648, -23.397028]]]}, "properties": {"info": {"nmmunicipio": "Maringá"}, "address": "?, ?"}},
{"type": "Feature", "geometry": {"type": "Polygon", "coordinates": [[[-51.905407, -23.395751], [-51.905447, -23.395826], [-51.905484, -23.395935], [-51.905524, -23.39604], [-51.906773, -23.39562], [-51.906655, -23.395326], [-51.905407, -23.395751]]]}, "properties": {"info": {"nmmunicipio": "Maringá"}, "address": "?, ?"}},
{"type": "Feature", "geometry": {"type": "Polygon", "coordinates": [[[-51.905524, -23.39604], [-51.905546, -23.396096], [-51.90555, -23.39614], [-51.906808, -23.395709], [-51.906773, -23.39562], [-51.905524, -23.39604]]]}, "properties": {"info": {"nmmunicipio": "Maringá"}, "address": "?, ?"}},
{"type": "Feature", "geometry": {"type": "Polygon", "coordinates": [[[-51.909879, -23.39774], [-51.909934, -23.39788], [-51.910065, -23.397835], [-51.909949, -23.397573], [-51.90983, -23.397615], [-51.909879, -23.39774]]]}, "properties": {"info": {"nmmunicipio": "Maringá"}, "address": "?, ?"}},
{"type": "Feature", "geometry": {"type": "Polygon", "coordinates": [[[-51.909733, -23.397788], [-51.909879, -23.39774], [-51.90983, -23.397615], [-51.909684, -23.397666], [-51.909733, -23.397788]]]}, "properties": {"info": {"nmmunicipio": "Maringá"}, "address": "?, ?"}},
{"type": "Feature", "geometry": {"type": "Polygon", "coordinates": [[[-51.90979, -23.397929], [-51.909934, -23.39788], [-51.909879, -23.39774], [-51.909733, -23.397788], [-51.90979, -23.397929]]]}, "properties": {"info": {"nmmunicipio": "Maringá"}, "address": "?, ?"}},
{"type": "Feature", "geometry": {"type": "Polygon", "coordinates": [[[-51.909276, -23.39666], [-51.909313, -23.396753], [-51.90964, -23.39664], [-51.909601, -23.396544], [-51.909538, -23.396566], [-51.909409, -23.396613], [-51.909276, -23.39666]]]}, "properties": {"info": {"nmmunicipio": "Maringá"}, "address": "?, ?"}},
{"type": "Feature", "geometry": {"type": "Polygon", "coordinates": [[[-51.909313, -23.396753], [-51.909353, -23.396852], [-51.909681, -23.396739], [-51.90964, -23.39664], [-51.909313, -23.396753]]]}, "properties": {"info": {"nmmunicipio": "Maringá"}, "address": "?, ?"}},
{"type": "Feature", "geometry": {"type": "Polygon", "coordinates": [[[-51.909048, -23.397535], [-51.909411, -23.397405], [-51.909372, -23.397307], [-51.909007, -23.397435], [-51.909048, -23.397535]]]}, "properties": {"info": {"nmmunicipio": "Maringá"}, "address": "?, ?"}},
{"type": "Feature", "geometry": {"type": "Polygon", "coordinates": [[[-51.909048, -23.397535], [-51.909089, -23.397634], [-51.909451, -23.397505], [-51.909411, -23.397405], [-51.909048, -23.397535]]]}, "properties": {"info": {"nmmunicipio": "Maringá"}, "address": "?, ?"}},
{"type": "Feature", "geometry": {"type": "Polygon", "coordinates": [[[-51.909128, -23.39773], [-51.90949, -23.397601], [-51.909451, -23.397505], [-51.909089, -23.397634], [-51.909128, -23.39773]]]}, "properties": {"info": {"nmmunicipio": "Maringá"}, "address": "?, ?"}},
{"type": "Feature", "geometry": {"type": "Polygon", "coordinates": [[[-51.909172, -23.397836], [-51.909238, -23.397813], [-51.909366, -23.397769], [-51.909534, -23.39771], [-51.90949, -23.397601], [-51.909128, -23.39773], [-51.909172, -23.397836]]]}, "properties": {"info": {"nmmunicipio": "Maringá"}, "address": "?, ?"}},
{"type": "Feature", "geometry": {"type": "Polygon", "coordinates": [[[-51.908445, -23.396948], [-51.908482, -23.397041], [-51.908799, -23.39693], [-51.90876, -23.396836], [-51.908702, -23.396856], [-51.908576, -23.396901], [-51.908445, -23.396948]]]}, "properties": {"info": {"nmmunicipio": "Maringá"}, "address": "?, ?"}},
{"type": "Feature", "geometry": {"type": "Polygon", "coordinates": [[[-51.908524, -23.397144], [-51.908841, -23.397032], [-51.908799, -23.39693], [-51.908482, -23.397041], [-51.908524, -23.397144]]]}, "properties": {"info": {"nmmunicipio": "Maringá"}, "address": "?, ?"}},
{"type": "Feature", "geometry": {"type": "Polygon", "coordinates": [[[-51.908524, -23.397144], [-51.908563, -23.397242], [-51.908881, -23.39713], [-51.908841, -23.397032], [-51.908524, -23.397144]]]}, "properties": {"info": {"nmmunicipio": "Maringá"}, "address": "?, ?"}},
{"type": "Feature", "geometry": {"type": "Polygon", "coordinates": [[[-51.908876, -23.400398], [-51.909216, -23.400285], [-51.909173, -23.400175], [-51.908833, -23.40029], [-51.908876, -23.400398]]]}, "properties": {"info": {"nmmunicipio": "Maringá"}, "address": "?, ?"}},
{"type": "Feature", "geometry": {"type": "Polygon", "coordinates": [[[-51.908876, -23.400398], [-51.908923, -23.400515], [-51.909262, -23.400402], [-51.909216, -23.400285], [-51.908876, -23.400398]]]}, "properties": {"info": {"nmmunicipio": "Maringá"}, "address": "?, ?"}},
{"type": "Feature", "geometry": {"type": "Polygon", "coordinates": [[[-51.908966, -23.400623], [-51.909305, -23.40051], [-51.909262, -23.400402], [-51.908923, -23.400515], [-51.908966, -23.400623]]]}, "properties": {"info": {"nmmunicipio": "Maringá"}, "address": "?, ?"}},
{"type": "Feature", "geometry": {"type": "Polygon", "coordinates": [[[-51.908707, -23.399506], [-51.908741, -23.39959], [-51.908919, -23.399529], [-51.908846, -23.399342], [-51.908666, -23.399404], [-51.908707, -23.399506]]]}, "properties": {"info": {"nmmunicipio": "Maringá"}, "address": "?, ?"}},
{"type": "Feature", "geometry": {"type": "Polygon", "coordinates": [[[-51.908611, -23.399739], [-51.908958, -23.399628], [-51.908919, -23.399529], [-51.908741, -23.39959], [-51.908574, -23.399647], [-51.908611, -23.399739]]]}, "properties": {"info": {"nmmunicipio": "Maringá"}, "address": "?, ?"}},
{"type": "Feature", "geometry": {"type": "Polygon", "coordinates": [[[-51.908656, -23.399851], [-51.909, -23.399735], [-51.908958, -23.399628], [-51.908611, -23.399739], [-51.908656, -23.399851]]]}, "properties": {"info": {"nmmunicipio": "Maringá"}, "address": "?, ?"}},
{"type": "Feature", "geometry": {"type": "Polygon", "coordinates": [[[-51.908746, -23.400074], [-51.909087, -23.399957], [-51.909041, -23.399839], [-51.908699, -23.399957], [-51.908746, -23.400074]]]}, "properties": {"info": {"nmmunicipio": "Maringá"}, "address": "?, ?"}},
{"type": "Feature", "geometry": {"type": "Polygon", "coordinates": [[[-51.908746, -23.400074], [-51.908788, -23.400178], [-51.909129, -23.400064], [-51.909087, -23.399957], [-51.908746, -23.400074]]]}, "properties": {"info": {"nmmunicipio": "Maringá"}, "address": "?, ?"}},
{"type": "Feature", "geometry": {"type": "Polygon", "coordinates": [[[-51.908788, -23.400178], [-51.908833, -23.40029], [-51.909173, -23.400175], [-51.909129, -23.400064], [-51.908788, -23.400178]]]}, "properties": {"info": {"nmmunicipio": "Maringá"}, "address": "?, ?"}},
{"type": "Feature", "geometry": {"type": "Polygon", "coordinates": [[[-51.907777, -23.400025], [-51.907819, -23.40013], [-51.90815, -23.400018], [-51.908108, -23.399912], [-51.907777, -23.400025]]]}, "properties": {"info": {"nmmunicipio": "Maringá"}, "address": "?, ?"}},
{"type": "Feature", "geometry": {"type": "Polygon", "coordinates": [[[-51.907819, -23.40013], [-51.907862, -23.400237], [-51.908192, -23.400125], [-51.90815, -23.400018], [-51.907819, -23.40013]]]}, "properties": {"info": {"nmmunicipio": "Maringá"}, "address": "?, ?"}},
{"type": "Feature", "geometry": {"type": "Polygon", "coordinates": [[[-51.907909, -23.400355], [-51.908238, -23.400241], [-51.908192, -23.400125], [-51.907862, -23.400237], [-51.907909, -23.400355]]]}, "properties": {"info": {"nmmunicipio": "Maringá"}, "address": "?, ?"}},
{"type": "Feature", "geometry": {"type": "Polygon", "coordinates": [[[-51.907915, -23.395681], [-51.907959, -23.39579], [-51.908279, -23.395675], [-51.908235, -23.395567], [-51.907915, -23.395681]]]}, "properties": {"info": {"nmmunicipio": "Maringá"}, "address": "?, ?"}},
{"type": "Feature", "geometry": {"type": "Polygon", "coordinates": [[[-51.907959, -23.39579], [-51.907999, -23.395889], [-51.908319, -23.395772], [-51.908279, -23.395675], [-51.907959, -23.39579]]]}, "properties": {"info": {"nmmunicipio": "Maringá"}, "address": "?, ?"}},
{"type": "Feature", "geometry": {"type": "Polygon", "coordinates": [[[-51.909062, -23.398502], [-51.909207, -23.398453], [-51.909136, -23.398283], [-51.908994, -23.398332], [-51.909062, -23.398502]]]}, "properties": {"info": {"nmmunicipio": "Maringá"}, "address": "?, ?"}},
{"type": "Feature", "geometry": {"type": "Polygon", "coordinates": [[[-51.909117, -23.398639], [-51.909263, -23.398587], [-51.909207, -23.398453], [-51.909062, -23.398502], [-51.909117, -23.398639]]]}, "properties": {"info": {"nmmunicipio": "Maringá"}, "address": "?, ?"}},
{"type": "Feature", "geometry": {"type": "Polygon", "coordinates": [[[-51.909173, -23.398777], [-51.909321, -23.398727], [-51.909263, -23.398587], [-51.909117, -23.398639], [-51.909173, -23.398777]]]}, "properties": {"info": {"nmmunicipio": "Maringá"}, "address": "?, ?"}},
{"type": "Feature", "geometry": {"type": "Polygon", "coordinates": [[[-51.909232, -23.398924], [-51.909382, -23.398872], [-51.909321, -23.398727], [-51.909173, -23.398777], [-51.909232, -23.398924]]]}, "properties": {"info": {"nmmunicipio": "Maringá"}, "address": "?, ?"}},
{"type": "Feature", "geometry": {"type": "Polygon", "coordinates": [[[-51.908919, -23.399529], [-51.909089, -23.399472], [-51.909049, -23.399372], [-51.909013, -23.399285], [-51.908846, -23.399342], [-51.908919, -23.399529]]]}, "properties": {"info": {"nmmunicipio": "Maringá"}, "address": "?, ?"}},
{"type": "Feature", "geometry": {"type": "Polygon", "coordinates": [[[-51.90937, -23.399274], [-51.909537, -23.399213], [-51.909501, -23.39912], [-51.909332, -23.399178], [-51.90937, -23.399274]]]}, "properties": {"info": {"nmmunicipio": "Maringá"}, "address": "?, ?"}},
{"type": "Feature", "geometry": {"type": "Polygon", "coordinates": [[[-51.90937, -23.399274], [-51.909405, -23.399359], [-51.909571, -23.399302], [-51.909537, -23.399213], [-51.90937, -23.399274]]]}, "properties": {"info": {"nmmunicipio": "Maringá"}, "address": "?, ?"}},
{"type": "Feature", "geometry": {"type": "Polygon", "coordinates": [[[-51.909405, -23.399359], [-51.909443, -23.399456], [-51.909782, -23.399344], [-51.909742, -23.399244], [-51.909571, -23.399302], [-51.909405, -23.399359]]]}, "properties": {"info": {"nmmunicipio": "Maringá"}, "address": "?, ?"}},
{"type": "Feature", "geometry": {"type": "Polygon", "coordinates": [[[-51.909443, -23.399456], [-51.909487, -23.399565], [-51.909825, -23.399452], [-51.909782, -23.399344], [-51.909443, -23.399456]]]}, "properties": {"info": {"nmmunicipio": "Maringá"}, "address": "?, ?"}},
{"type": "Feature", "geometry": {"type": "Polygon", "coordinates": [[[-51.909487, -23.399565], [-51.90953, -23.399672], [-51.909868, -23.399561], [-51.909825, -23.399452], [-51.909487, -23.399565]]]}, "properties": {"info": {"nmmunicipio": "Maringá"}, "address": "?, ?"}},
{"type": "Feature", "geometry": {"type": "Polygon", "coordinates": [[[-51.909579, -23.399792], [-51.909622, -23.3999], [-51.909956, -23.399785], [-51.909914, -23.399677], [-51.909579, -23.399792]]]}, "properties": {"info": {"nmmunicipio": "Maringá"}, "address": "?, ?"}},
{"type": "Feature", "geometry": {"type": "Polygon", "coordinates": [[[-51.909664, -23.400005], [-51.909998, -23.399892], [-51.909956, -23.399785], [-51.909622, -23.3999], [-51.909664, -23.400005]]]}, "properties": {"info": {"nmmunicipio": "Maringá"}, "address": "?, ?"}},
{"type": "Feature", "geometry": {"type": "Polygon", "coordinates": [[[-51.909711, -23.400121], [-51.910046, -23.400011], [-51.909998, -23.399892], [-51.909664, -23.400005], [-51.909711, -23.400121]]]}, "properties": {"info": {"nmmunicipio": "Maringá"}, "address": "?, ?"}},
{"type": "Feature", "geometry": {"type": "Polygon", "coordinates": [[[-51.909711, -23.400121], [-51.909756, -23.400233], [-51.910087, -23.400115], [-51.910046, -23.400011], [-51.909711, -23.400121]]]}, "properties": {"info": {"nmmunicipio": "Maringá"}, "address": "?, ?"}},
{"type": "Feature", "geometry": {"type": "Polygon", "coordinates": [[[-51.909756, -23.400233], [-51.909799, -23.40034], [-51.909959, -23.400287], [-51.910132, -23.400229], [-51.910087, -23.400115], [-51.909756, -23.400233]]]}, "properties": {"info": {"nmmunicipio": "Maringá"}, "address": "?, ?"}},
{"type": "Feature", "geometry": {"type": "Polygon", "coordinates": [[[-51.910054, -23.400526], [-51.910226, -23.400468], [-51.910132, -23.400229], [-51.909959, -23.400287], [-51.910054, -23.400526]]]}, "properties": {"info": {"nmmunicipio": "Maringá"}, "address": "?, ?"}},
{"type": "Feature", "geometry": {"type": "Polygon", "coordinates": [[[-51.909895, -23.40058], [-51.910054, -23.400526], [-51.909959, -23.400287], [-51.909799, -23.40034], [-51.909895, -23.40058]]]}, "properties": {"info": {"nmmunicipio": "Maringá"}, "address": "?, ?"}},
{"type": "Feature", "geometry": {"type": "Polygon", "coordinates": [[[-51.910117, -23.396391], [-51.910274, -23.396336], [-51.910221, -23.39621], [-51.910065, -23.396263], [-51.910117, -23.396391]]]}, "properties": {"info": {"nmmunicipio": "Maringá"}, "address": "?, ?"}},
{"type": "Feature", "geometry": {"type": "Polygon", "coordinates": [[[-51.910065, -23.396263], [-51.910221, -23.39621], [-51.910161, -23.396067], [-51.910008, -23.39612], [-51.910065, -23.396263]]]}, "properties": {"info": {"nmmunicipio": "Maringá"}, "address": "?, ?"}},
{"type": "Feature", "geometry": {"type": "Polygon", "coordinates": [[[-51.910221, -23.39621], [-51.910274, -23.396336], [-51.910395, -23.396293], [-51.910286, -23.396024], [-51.910161, -23.396067], [-51.910221, -23.39621]]]}, "properties": {"info": {"nmmunicipio": "Maringá"}, "address": "?, ?"}},
{"type": "Feature", "geometry": {"type": "Polygon", "coordinates": [[[-51.910066, -23.39864], [-51.91022, -23.398589], [-51.910156, -23.398432], [-51.910003, -23.398483], [-51.910066, -23.39864]]]}, "properties": {"info": {"nmmunicipio": "Maringá"}, "address": "?, ?"}},
{"type": "Feature", "geometry": {"type": "Polygon", "coordinates": [[[-51.910096, -23.398283], [-51.91022, -23.398239], [-51.910101, -23.397951], [-51.909978, -23.397993], [-51.910037, -23.39814], [-51.910096, -23.398283]]]}, "properties": {"info": {"nmmunicipio": "Maringá"}, "address": "?, ?"}},
{"type": "Feature", "geometry": {"type": "Polygon", "coordinates": [[[-51.910156, -23.398432], [-51.91022, -23.398589], [-51.910347, -23.398547], [-51.91022, -23.398239], [-51.910096, -23.398283], [-51.910156, -23.398432]]]}, "properties": {"info": {"nmmunicipio": "Maringá"}, "address": "?, ?"}},
{"type": "Feature", "geometry": {"type": "Polygon", "coordinates": [[[-51.91022, -23.398239], [-51.910344, -23.398196], [-51.910225, -23.397908], [-51.910101, -23.397951], [-51.91022, -23.398239]]]}, "properties": {"info": {"nmmunicipio": "Maringá"}, "address": "?, ?"}},
{"type": "Feature", "geometry": {"type": "Polygon", "coordinates": [[[-51.910347, -23.398547], [-51.910471, -23.398505], [-51.910344, -23.398196], [-51.91022, -23.398239], [-51.910347, -23.398547]]]}, "properties": {"info": {"nmmunicipio": "Maringá"}, "address": "?, ?"}},
{"type": "Feature", "geometry": {"type": "Polygon", "coordinates": [[[-51.910344, -23.398196], [-51.91047, -23.398152], [-51.910414, -23.398015], [-51.910352, -23.397864], [-51.910225, -23.397908], [-51.910344, -23.398196]]]}, "properties": {"info": {"nmmunicipio": "Maringá"}, "address": "?, ?"}},
{"type": "Feature", "geometry": {"type": "Polygon", "coordinates": [[[-51.90828, -23.400345], [-51.908639, -23.400221], [-51.908597, -23.400117], [-51.908238, -23.400241], [-51.90828, -23.400345]]]}, "properties": {"info": {"nmmunicipio": "Maringá"}, "address": "?, ?"}},
{"type": "Feature", "geometry": {"type": "Polygon", "coordinates": [[[-51.908323, -23.400454], [-51.908683, -23.400331], [-51.908639, -23.400221], [-51.90828, -23.400345], [-51.908323, -23.400454]]]}, "properties": {"info": {"nmmunicipio": "Maringá"}, "address": "?, ?"}},
{"type": "Feature", "geometry": {"type": "Polygon", "coordinates": [[[-51.90837, -23.400573], [-51.908731, -23.40045], [-51.908683, -23.400331], [-51.908323, -23.400454], [-51.90837, -23.400573]]]}, "properties": {"info": {"nmmunicipio": "Maringá"}, "address": "?, ?"}},
{"type": "Feature", "geometry": {"type": "Polygon", "coordinates": [[[-51.908414, -23.400685], [-51.908776, -23.400563], [-51.908731, -23.40045], [-51.90837, -23.400573], [-51.908414, -23.400685]]]}, "properties": {"info": {"nmmunicipio": "Maringá"}, "address": "?, ?"}},
{"type": "Feature", "geometry": {"type": "Polygon", "coordinates": [[[-51.908457, -23.400793], [-51.908635, -23.400734], [-51.90882, -23.400673], [-51.908776, -23.400563], [-51.908414, -23.400685], [-51.908457, -23.400793]]]}, "properties": {"info": {"nmmunicipio": "Maringá"}, "address": "?, ?"}},
{"type": "Feature", "geometry": {"type": "Polygon", "coordinates": [[[-51.908732, -23.40098], [-51.908918, -23.400916], [-51.90882, -23.400673], [-51.908635, -23.400734], [-51.908732, -23.40098]]]}, "properties": {"info": {"nmmunicipio": "Maringá"}, "address": "?, ?"}},
{"type": "Feature", "geometry": {"type": "Polygon", "coordinates": [[[-51.907865, -23.399786], [-51.907901, -23.399871], [-51.908069, -23.399813], [-51.907999, -23.399637], [-51.907827, -23.399696], [-51.907865, -23.399786]]]}, "properties": {"info": {"nmmunicipio": "Maringá"}, "address": "?, ?"}},
{"type": "Feature", "geometry": {"type": "Polygon", "coordinates": [[[-51.907705, -23.399842], [-51.907865, -23.399786], [-51.907827, -23.399696], [-51.907668, -23.39975], [-51.907705, -23.399842]]]}, "properties": {"info": {"nmmunicipio": "Maringá"}, "address": "?, ?"}},
{"type": "Feature", "geometry": {"type": "Polygon", "coordinates": [[[-51.907738, -23.399927], [-51.907901, -23.399871], [-51.907865, -23.399786], [-51.907705, -23.399842], [-51.907738, -23.399927]]]}, "properties": {"info": {"nmmunicipio": "Maringá"}, "address": "?, ?"}},
{"type": "Feature", "geometry": {"type": "Polygon", "coordinates": [[[-51.90789, -23.397926], [-51.90793, -23.398022], [-51.908239, -23.397914], [-51.908199, -23.397816], [-51.90789, -23.397926]]]}, "properties": {"info": {"nmmunicipio": "Maringá"}, "address": "?, ?"}},
{"type": "Feature", "geometry": {"type": "Polygon", "coordinates": [[[-51.90793, -23.398022], [-51.90797, -23.398122], [-51.90828, -23.398013], [-51.908239, -23.397914], [-51.90793, -23.398022]]]}, "properties": {"info": {"nmmunicipio": "Maringá"}, "address": "?, ?"}},
{"type": "Feature", "geometry": {"type": "Polygon", "coordinates": [[[-51.908059, -23.396919], [-51.908238, -23.396861], [-51.908192, -23.396748], [-51.908013, -23.396809], [-51.908059, -23.396919]]]}, "properties": {"info": {"nmmunicipio": "Maringá"}, "address": "?, ?"}},
{"type": "Feature", "geometry": {"type": "Polygon", "coordinates": [[[-51.908111, -23.397045], [-51.908287, -23.396983], [-51.908238, -23.396861], [-51.908059, -23.396919], [-51.908111, -23.397045]]]}, "properties": {"info": {"nmmunicipio": "Maringá"}, "address": "?, ?"}},
{"type": "Feature", "geometry": {"type": "Polygon", "coordinates": [[[-51.907976, -23.397093], [-51.908111, -23.397045], [-51.908059, -23.396919], [-51.908013, -23.396809], [-51.907879, -23.396855], [-51.907976, -23.397093]]]}, "properties": {"info": {"nmmunicipio": "Maringá"}, "address": "?, ?"}},
{"type": "Feature", "geometry": {"type": "Polygon", "coordinates": [[[-51.907732, -23.39718], [-51.907851, -23.397138], [-51.907755, -23.396898], [-51.907637, -23.396938], [-51.907684, -23.397059], [-51.907732, -23.39718]]]}, "properties": {"info": {"nmmunicipio": "Maringá"}, "address": "?, ?"}},
{"type": "Feature", "geometry": {"type": "Polygon", "coordinates": [[[-51.907555, -23.397099], [-51.907684, -23.397059], [-51.907637, -23.396938], [-51.907508, -23.396983], [-51.907555, -23.397099]]]}, "properties": {"info": {"nmmunicipio": "Maringá"}, "address": "?, ?"}},
{"type": "Feature", "geometry": {"type": "Polygon", "coordinates": [[[-51.907606, -23.397224], [-51.907732, -23.39718], [-51.907684, -23.397059], [-51.907555, -23.397099], [-51.907606, -23.397224]]]}, "properties": {"info": {"nmmunicipio": "Maringá"}, "address": "?, ?"}},
{"type": "Feature", "geometry": {"type": "Polygon", "coordinates": [[[-51.909412, -23.397879], [-51.909579, -23.397821], [-51.909534, -23.39771], [-51.909366, -23.397769], [-51.909412, -23.397879]]]}, "properties": {"info": {"nmmunicipio": "Maringá"}, "address": "?, ?"}},
{"type": "Feature", "geometry": {"type": "Polygon", "coordinates": [[[-51.909478, -23.398035], [-51.909642, -23.397979], [-51.909579, -23.397821], [-51.909412, -23.397879], [-51.909478, -23.398035]]]}, "properties": {"info": {"nmmunicipio": "Maringá"}, "address": "?, ?"}},
{"type": "Feature", "geometry": {"type": "Polygon", "coordinates": [[[-51.910338, -23.395827], [-51.910471, -23.395781], [-51.910413, -23.395644], [-51.910367, -23.395537], [-51.910236, -23.395582], [-51.910338, -23.395827]]]}, "properties": {"info": {"nmmunicipio": "Maringá"}, "address": "?, ?"}},
{"type": "Feature", "geometry": {"type": "Polygon", "coordinates": [[[-51.910111, -23.395626], [-51.910213, -23.395869], [-51.910338, -23.395827], [-51.910236, -23.395582], [-51.910173, -23.395604], [-51.910111, -23.395626]]]}, "properties": {"info": {"nmmunicipio": "Maringá"}, "address": "?, ?"}},
{"type": "Feature", "geometry": {"type": "Polygon", "coordinates": [[[-51.910044, -23.395797], [-51.910092, -23.39591], [-51.910213, -23.395869], [-51.910111, -23.395626], [-51.90999, -23.395668], [-51.910044, -23.395797]]]}, "properties": {"info": {"nmmunicipio": "Maringá"}, "address": "?, ?"}},
{"type": "Feature", "geometry": {"type": "Polygon", "coordinates": [[[-51.909935, -23.395963], [-51.910092, -23.39591], [-51.910044, -23.395797], [-51.909888, -23.395848], [-51.909935, -23.395963]]]}, "properties": {"info": {"nmmunicipio": "Maringá"}, "address": "?, ?"}},
{"type": "Feature", "geometry": {"type": "Polygon", "coordinates": [[[-51.908579, -23.398172], [-51.908743, -23.398116], [-51.908691, -23.397987], [-51.908526, -23.398045], [-51.908579, -23.398172]]]}, "properties": {"info": {"nmmunicipio": "Maringá"}, "address": "?, ?"}},
{"type": "Feature", "geometry": {"type": "Polygon", "coordinates": [[[-51.909354, -23.398078], [-51.909478, -23.398035], [-51.909412, -23.397879], [-51.909366, -23.397769], [-51.909238, -23.397813], [-51.909354, -23.398078]]]}, "properties": {"info": {"nmmunicipio": "Maringá"}, "address": "?, ?"}},
{"type": "Feature", "geometry": {"type": "Polygon", "coordinates": [[[-51.909232, -23.39812], [-51.909354, -23.398078], [-51.909238, -23.397813], [-51.909172, -23.397836], [-51.909115, -23.397856], [-51.909232, -23.39812]]]}, "properties": {"info": {"nmmunicipio": "Maringá"}, "address": "?, ?"}},
{"type": "Feature", "geometry": {"type": "Polygon", "coordinates": [[[-51.909041, -23.398018], [-51.909103, -23.398165], [-51.909232, -23.39812], [-51.909115, -23.397856], [-51.908991, -23.397899], [-51.909041, -23.398018]]]}, "properties": {"info": {"nmmunicipio": "Maringá"}, "address": "?, ?"}},
{"type": "Feature", "geometry": {"type": "Polygon", "coordinates": [[[-51.908895, -23.39807], [-51.909041, -23.398018], [-51.908991, -23.397899], [-51.908847, -23.397949], [-51.908895, -23.39807]]]}, "properties": {"info": {"nmmunicipio": "Maringá"}, "address": "?, ?"}},
{"type": "Feature", "geometry": {"type": "Polygon", "coordinates": [[[-51.908954, -23.398217], [-51.909103, -23.398165], [-51.909041, -23.398018], [-51.908895, -23.39807], [-51.908954, -23.398217]]]}, "properties": {"info": {"nmmunicipio": "Maringá"}, "address": "?, ?"}},
{"type": "Feature", "geometry": {"type": "Polygon", "coordinates": [[[-51.908799, -23.39693], [-51.909169, -23.396801], [-51.90913, -23.396704], [-51.908947, -23.396769], [-51.908821, -23.396814], [-51.90876, -23.396836], [-51.908799, -23.39693]]]}, "properties": {"info": {"nmmunicipio": "Maringá"}, "address": "?, ?"}},
{"type": "Feature", "geometry": {"type": "Polygon", "coordinates": [[[-51.908799, -23.39693], [-51.908841, -23.397032], [-51.909209, -23.396902], [-51.909169, -23.396801], [-51.908799, -23.39693]]]}, "properties": {"info": {"nmmunicipio": "Maringá"}, "address": "?, ?"}},
{"type": "Feature", "geometry": {"type": "Polygon", "coordinates": [[[-51.908841, -23.397032], [-51.908881, -23.39713], [-51.909249, -23.397002], [-51.909209, -23.396902], [-51.908841, -23.397032]]]}, "properties": {"info": {"nmmunicipio": "Maringá"}, "address": "?, ?"}},
{"type": "Feature", "geometry": {"type": "Polygon", "coordinates": [[[-51.908881, -23.39713], [-51.908923, -23.397232], [-51.90929, -23.397103], [-51.909249, -23.397002], [-51.908881, -23.39713]]]}, "properties": {"info": {"nmmunicipio": "Maringá"}, "address": "?, ?"}},
{"type": "Feature", "geometry": {"type": "Polygon", "coordinates": [[[-51.908923, -23.397232], [-51.908964, -23.397332], [-51.90933, -23.397202], [-51.90929, -23.397103], [-51.908923, -23.397232]]]}, "properties": {"info": {"nmmunicipio": "Maringá"}, "address": "?, ?"}},
{"type": "Feature", "geometry": {"type": "Polygon", "coordinates": [[[-51.908964, -23.397332], [-51.909007, -23.397435], [-51.909372, -23.397307], [-51.90933, -23.397202], [-51.908964, -23.397332]]]}, "properties": {"info": {"nmmunicipio": "Maringá"}, "address": "?, ?"}},
{"type": "Feature", "geometry": {"type": "Polygon", "coordinates": [[[-51.907593, -23.396491], [-51.907692, -23.396734], [-51.907821, -23.39669], [-51.907724, -23.396445], [-51.907651, -23.396471], [-51.907593, -23.396491]]]}, "properties": {"info": {"nmmunicipio": "Maringá"}, "address": "?, ?"}},
{"type": "Feature", "geometry": {"type": "Polygon", "coordinates": [[[-51.908445, -23.396948], [-51.908576, -23.396901], [-51.908527, -23.396777], [-51.908394, -23.396821], [-51.908445, -23.396948]]]}, "properties": {"info": {"nmmunicipio": "Maringá"}, "address": "?, ?"}},
{"type": "Feature", "geometry": {"type": "Polygon", "coordinates": [[[-51.910184, -23.397794], [-51.910318, -23.397748], [-51.910201, -23.397484], [-51.910075, -23.397528], [-51.910184, -23.397794]]]}, "properties": {"info": {"nmmunicipio": "Maringá"}, "address": "?, ?"}},
{"type": "Feature", "geometry": {"type": "Polygon", "coordinates": [[[-51.910065, -23.397835], [-51.910184, -23.397794], [-51.910075, -23.397528], [-51.910012, -23.39755], [-51.909949, -23.397573], [-51.910065, -23.397835]]]}, "properties": {"info": {"nmmunicipio": "Maringá"}, "address": "?, ?"}},
{"type": "Feature", "geometry": {"type": "Polygon", "coordinates": [[[-51.909751, -23.395514], [-51.909792, -23.395615], [-51.910129, -23.395496], [-51.910088, -23.395395], [-51.909751, -23.395514]]]}, "properties": {"info": {"nmmunicipio": "Maringá"}, "address": "?, ?"}},
{"type": "Feature", "geometry": {"type": "Polygon", "coordinates": [[[-51.909836, -23.395721], [-51.90999, -23.395668], [-51.910111, -23.395626], [-51.910173, -23.395604], [-51.910129, -23.395496], [-51.909792, -23.395615], [-51.909836, -23.395721]]]}, "properties": {"info": {"nmmunicipio": "Maringá"}, "address": "?, ?"}},
{"type": "Feature", "geometry": {"type": "Polygon", "coordinates": [[[-51.910129, -23.395496], [-51.910173, -23.395604], [-51.910236, -23.395582], [-51.910367, -23.395537], [-51.910526, -23.395482], [-51.910481, -23.395372], [-51.910129, -23.395496]]]}, "properties": {"info": {"nmmunicipio": "Maringá"}, "address": "?, ?"}},
{"type": "Feature", "geometry": {"type": "Polygon", "coordinates": [[[-51.907358, -23.395754], [-51.907397, -23.395851], [-51.907766, -23.395719], [-51.907727, -23.395625], [-51.907358, -23.395754]]]}, "properties": {"info": {"nmmunicipio": "Maringá"}, "address": "?, ?"}},
{"type": "Feature", "geometry": {"type": "Polygon", "coordinates": [[[-51.907397, -23.395851], [-51.907442, -23.395961], [-51.90781, -23.395829], [-51.907766, -23.395719], [-51.907397, -23.395851]]]}, "properties": {"info": {"nmmunicipio": "Maringá"}, "address": "?, ?"}},
{"type": "Feature", "geometry": {"type": "Polygon", "coordinates": [[[-51.907442, -23.395961], [-51.907481, -23.396056], [-51.907849, -23.395924], [-51.90781, -23.395829], [-51.907442, -23.395961]]]}, "properties": {"info": {"nmmunicipio": "Maringá"}, "address": "?, ?"}},
{"type": "Feature", "geometry": {"type": "Polygon", "coordinates": [[[-51.907481, -23.396056], [-51.907523, -23.396158], [-51.90789, -23.396025], [-51.907849, -23.395924], [-51.907481, -23.396056]]]}, "properties": {"info": {"nmmunicipio": "Maringá"}, "address": "?, ?"}},
{"type": "Feature", "geometry": {"type": "Polygon", "coordinates": [[[-51.907523, -23.396158], [-51.907564, -23.396258], [-51.90793, -23.396125], [-51.90789, -23.396025], [-51.907523, -23.396158]]]}, "properties": {"info": {"nmmunicipio": "Maringá"}, "address": "?, ?"}},
{"type": "Feature", "geometry": {"type": "Polygon", "coordinates": [[[-51.907564, -23.396258], [-51.907606, -23.396362], [-51.907974, -23.396233], [-51.90793, -23.396125], [-51.907564, -23.396258]]]}, "properties": {"info": {"nmmunicipio": "Maringá"}, "address": "?, ?"}},
{"type": "Feature", "geometry": {"type": "Polygon", "coordinates": [[[-51.907651, -23.396471], [-51.907724, -23.396445], [-51.907843, -23.396403], [-51.908018, -23.396342], [-51.907974, -23.396233], [-51.907606, -23.396362], [-51.907651, -23.396471]]]}, "properties": {"info": {"nmmunicipio": "Maringá"}, "address": "?, ?"}},
{"type": "Feature", "geometry": {"type": "Polygon", "coordinates": [[[-51.907898, -23.39653], [-51.908069, -23.396469], [-51.908018, -23.396342], [-51.907843, -23.396403], [-51.907898, -23.39653]]]}, "properties": {"info": {"nmmunicipio": "Maringá"}, "address": "?, ?"}},
{"type": "Feature", "geometry": {"type": "Polygon", "coordinates": [[[-51.907949, -23.396647], [-51.908118, -23.396589], [-51.908069, -23.396469], [-51.907898, -23.39653], [-51.907949, -23.396647]]]}, "properties": {"info": {"nmmunicipio": "Maringá"}, "address": "?, ?"}},
{"type": "Feature", "geometry": {"type": "Polygon", "coordinates": [[[-51.907821, -23.39669], [-51.907949, -23.396647], [-51.907898, -23.39653], [-51.907843, -23.396403], [-51.907724, -23.396445], [-51.907821, -23.39669]]]}, "properties": {"info": {"nmmunicipio": "Maringá"}, "address": "?, ?"}},
{"type": "Feature", "geometry": {"type": "Polygon", "coordinates": [[[-51.907999, -23.395889], [-51.908039, -23.395987], [-51.90836, -23.395874], [-51.908319, -23.395772], [-51.907999, -23.395889]]]}, "properties": {"info": {"nmmunicipio": "Maringá"}, "address": "?, ?"}},
{"type": "Feature", "geometry": {"type": "Polygon", "coordinates": [[[-51.908039, -23.395987], [-51.908079, -23.396087], [-51.908401, -23.395974], [-51.90836, -23.395874], [-51.908039, -23.395987]]]}, "properties": {"info": {"nmmunicipio": "Maringá"}, "address": "?, ?"}},
{"type": "Feature", "geometry": {"type": "Polygon", "coordinates": [[[-51.908079, -23.396087], [-51.90812, -23.396188], [-51.908442, -23.396073], [-51.908401, -23.395974], [-51.908079, -23.396087]]]}, "properties": {"info": {"nmmunicipio": "Maringá"}, "address": "?, ?"}},
{"type": "Feature", "geometry": {"type": "Polygon", "coordinates": [[[-51.908163, -23.396296], [-51.908308, -23.396246], [-51.908439, -23.3962], [-51.908487, -23.396184], [-51.908442, -23.396073], [-51.90812, -23.396188], [-51.908163, -23.396296]]]}, "properties": {"info": {"nmmunicipio": "Maringá"}, "address": "?, ?"}},
{"type": "Feature", "geometry": {"type": "Polygon", "coordinates": [[[-51.908193, -23.395464], [-51.908235, -23.395567], [-51.908604, -23.395435], [-51.908563, -23.395333], [-51.908193, -23.395464]]]}, "properties": {"info": {"nmmunicipio": "Maringá"}, "address": "?, ?"}},
{"type": "Feature", "geometry": {"type": "Polygon", "coordinates": [[[-51.908235, -23.395567], [-51.908279, -23.395675], [-51.908648, -23.395544], [-51.908604, -23.395435], [-51.908235, -23.395567]]]}, "properties": {"info": {"nmmunicipio": "Maringá"}, "address": "?, ?"}},
{"type": "Feature", "geometry": {"type": "Polygon", "coordinates": [[[-51.908279, -23.395675], [-51.908319, -23.395772], [-51.908686, -23.395638], [-51.908648, -23.395544], [-51.908279, -23.395675]]]}, "properties": {"info": {"nmmunicipio": "Maringá"}, "address": "?, ?"}},
{"type": "Feature", "geometry": {"type": "Polygon", "coordinates": [[[-51.90804, -23.400685], [-51.90837, -23.400573], [-51.908323, -23.400454], [-51.907993, -23.400567], [-51.90804, -23.400685]]]}, "properties": {"info": {"nmmunicipio": "Maringá"}, "address": "?, ?"}},
{"type": "Feature", "geometry": {"type": "Polygon", "coordinates": [[[-51.90804, -23.400685], [-51.908085, -23.400797], [-51.908414, -23.400685], [-51.90837, -23.400573], [-51.90804, -23.400685]]]}, "properties": {"info": {"nmmunicipio": "Maringá"}, "address": "?, ?"}},
{"type": "Feature", "geometry": {"type": "Polygon", "coordinates": [[[-51.909233, -23.395687], [-51.909601, -23.395553], [-51.909562, -23.395456], [-51.909192, -23.395588], [-51.909233, -23.395687]]]}, "properties": {"info": {"nmmunicipio": "Maringá"}, "address": "?, ?"}},
{"type": "Feature", "geometry": {"type": "Polygon", "coordinates": [[[-51.909276, -23.39579], [-51.90932, -23.395898], [-51.909382, -23.395876], [-51.909512, -23.39583], [-51.909688, -23.395768], [-51.909645, -23.395661], [-51.909276, -23.39579]]]}, "properties": {"info": {"nmmunicipio": "Maringá"}, "address": "?, ?"}},
{"type": "Feature", "geometry": {"type": "Polygon", "coordinates": [[[-51.909564, -23.395954], [-51.909737, -23.395888], [-51.909688, -23.395768], [-51.909512, -23.39583], [-51.909564, -23.395954]]]}, "properties": {"info": {"nmmunicipio": "Maringá"}, "address": "?, ?"}},
{"type": "Feature", "geometry": {"type": "Polygon", "coordinates": [[[-51.909564, -23.395954], [-51.909614, -23.396076], [-51.909788, -23.396016], [-51.909737, -23.395888], [-51.909564, -23.395954]]]}, "properties": {"info": {"nmmunicipio": "Maringá"}, "address": "?, ?"}},
{"type": "Feature", "geometry": {"type": "Polygon", "coordinates": [[[-51.90926, -23.395919], [-51.909357, -23.396165], [-51.909482, -23.396122], [-51.909382, -23.395876], [-51.90932, -23.395898], [-51.90926, -23.395919]]]}, "properties": {"info": {"nmmunicipio": "Maringá"}, "address": "?, ?"}},
{"type": "Feature", "geometry": {"type": "Polygon", "coordinates": [[[-51.909182, -23.396062], [-51.909241, -23.396204], [-51.909357, -23.396165], [-51.90926, -23.395919], [-51.90914, -23.395961], [-51.909182, -23.396062]]]}, "properties": {"info": {"nmmunicipio": "Maringá"}, "address": "?, ?"}},
{"type": "Feature", "geometry": {"type": "Polygon", "coordinates": [[[-51.90956, -23.39736], [-51.909599, -23.397457], [-51.909928, -23.397344], [-51.909887, -23.397243], [-51.90956, -23.39736]]]}, "properties": {"info": {"nmmunicipio": "Maringá"}, "address": "?, ?"}},
{"type": "Feature", "geometry": {"type": "Polygon", "coordinates": [[[-51.909599, -23.397457], [-51.909641, -23.397561], [-51.909969, -23.397445], [-51.909928, -23.397344], [-51.909599, -23.397457]]]}, "properties": {"info": {"nmmunicipio": "Maringá"}, "address": "?, ?"}},
{"type": "Feature", "geometry": {"type": "Polygon", "coordinates": [[[-51.909641, -23.397561], [-51.909684, -23.397666], [-51.90983, -23.397615], [-51.909949, -23.397573], [-51.910012, -23.39755], [-51.909969, -23.397445], [-51.909641, -23.397561]]]}, "properties": {"info": {"nmmunicipio": "Maringá"}, "address": "?, ?"}},
{"type": "Feature", "geometry": {"type": "Polygon", "coordinates": [[[-51.90964, -23.39664], [-51.910001, -23.396515], [-51.909961, -23.396415], [-51.909782, -23.396479], [-51.909655, -23.396525], [-51.909601, -23.396544], [-51.90964, -23.39664]]]}, "properties": {"info": {"nmmunicipio": "Maringá"}, "address": "?, ?"}},
{"type": "Feature", "geometry": {"type": "Polygon", "coordinates": [[[-51.90964, -23.39664], [-51.909681, -23.396739], [-51.910042, -23.396616], [-51.910001, -23.396515], [-51.90964, -23.39664]]]}, "properties": {"info": {"nmmunicipio": "Maringá"}, "address": "?, ?"}},
{"type": "Feature", "geometry": {"type": "Polygon", "coordinates": [[[-51.909681, -23.396739], [-51.909723, -23.396842], [-51.910082, -23.396716], [-51.910042, -23.396616], [-51.909681, -23.396739]]]}, "properties": {"info": {"nmmunicipio": "Maringá"}, "address": "?, ?"}},
{"type": "Feature", "geometry": {"type": "Polygon", "coordinates": [[[-51.909723, -23.396842], [-51.909763, -23.396941], [-51.910121, -23.396813], [-51.910082, -23.396716], [-51.909723, -23.396842]]]}, "properties": {"info": {"nmmunicipio": "Maringá"}, "address": "?, ?"}},
{"type": "Feature", "geometry": {"type": "Polygon", "coordinates": [[[-51.909763, -23.396941], [-51.909806, -23.397045], [-51.910166, -23.396923], [-51.910121, -23.396813], [-51.909763, -23.396941]]]}, "properties": {"info": {"nmmunicipio": "Maringá"}, "address": "?, ?"}},
{"type": "Feature", "geometry": {"type": "Polygon", "coordinates": [[[-51.909806, -23.397045], [-51.909845, -23.39714], [-51.910202, -23.397013], [-51.910166, -23.396923], [-51.909806, -23.397045]]]}, "properties": {"info": {"nmmunicipio": "Maringá"}, "address": "?, ?"}},
{"type": "Feature", "geometry": {"type": "Polygon", "coordinates": [[[-51.909845, -23.39714], [-51.909887, -23.397243], [-51.910243, -23.397115], [-51.910202, -23.397013], [-51.909845, -23.39714]]]}, "properties": {"info": {"nmmunicipio": "Maringá"}, "address": "?, ?"}},
{"type": "Feature", "geometry": {"type": "Polygon", "coordinates": [[[-51.909887, -23.397243], [-51.909928, -23.397344], [-51.910286, -23.397221], [-51.910243, -23.397115], [-51.909887, -23.397243]]]}, "properties": {"info": {"nmmunicipio": "Maringá"}, "address": "?, ?"}},
{"type": "Feature", "geometry": {"type": "Polygon", "coordinates": [[[-51.909928, -23.397344], [-51.909969, -23.397445], [-51.910326, -23.397319], [-51.910286, -23.397221], [-51.909928, -23.397344]]]}, "properties": {"info": {"nmmunicipio": "Maringá"}, "address": "?, ?"}},
{"type": "Feature", "geometry": {"type": "Polygon", "coordinates": [[[-51.909969, -23.397445], [-51.910012, -23.39755], [-51.910201, -23.397484], [-51.910368, -23.397425], [-51.910326, -23.397319], [-51.909969, -23.397445]]]}, "properties": {"info": {"nmmunicipio": "Maringá"}, "address": "?, ?"}},
{"type": "Feature", "geometry": {"type": "Polygon", "coordinates": [[[-51.909734, -23.396358], [-51.909915, -23.396301], [-51.909863, -23.396172], [-51.909683, -23.396232], [-51.909734, -23.396358]]]}, "properties": {"info": {"nmmunicipio": "Maringá"}, "address": "?, ?"}},
{"type": "Feature", "geometry": {"type": "Polygon", "coordinates": [[[-51.909655, -23.396525], [-51.909782, -23.396479], [-51.909734, -23.396358], [-51.909683, -23.396232], [-51.909562, -23.396273], [-51.909655, -23.396525]]]}, "properties": {"info": {"nmmunicipio": "Maringá"}, "address": "?, ?"}},
{"type": "Feature", "geometry": {"type": "Polygon", "coordinates": [[[-51.909538, -23.396566], [-51.909601, -23.396544], [-51.909655, -23.396525], [-51.909562, -23.396273], [-51.909437, -23.396315], [-51.909538, -23.396566]]]}, "properties": {"info": {"nmmunicipio": "Maringá"}, "address": "?, ?"}},
{"type": "Feature", "geometry": {"type": "Polygon", "coordinates": [[[-51.909192, -23.395588], [-51.909562, -23.395456], [-51.909523, -23.395358], [-51.909151, -23.395489], [-51.909192, -23.395588]]]}, "properties": {"info": {"nmmunicipio": "Maringá"}, "address": "?, ?"}},
{"type": "Feature", "geometry": {"type": "Polygon", "coordinates": [[[-51.910226, -23.400468], [-51.910406, -23.400407], [-51.910349, -23.400264], [-51.91031, -23.400169], [-51.910132, -23.400229], [-51.910226, -23.400468]]]}, "properties": {"info": {"nmmunicipio": "Maringá"}, "address": "?, ?"}},
{"type": "Feature", "geometry": {"type": "Polygon", "coordinates": [[[-51.910087, -23.400115], [-51.910132, -23.400229], [-51.91031, -23.400169], [-51.910495, -23.400107], [-51.910446, -23.399986], [-51.910087, -23.400115]]]}, "properties": {"info": {"nmmunicipio": "Maringá"}, "address": "?, ?"}},
{"type": "Feature", "geometry": {"type": "Polygon", "coordinates": [[[-51.910046, -23.400011], [-51.910087, -23.400115], [-51.910446, -23.399986], [-51.910408, -23.399892], [-51.910046, -23.400011]]]}, "properties": {"info": {"nmmunicipio": "Maringá"}, "address": "?, ?"}},
{"type": "Feature", "geometry": {"type": "Polygon", "coordinates": [[[-51.909998, -23.399892], [-51.910046, -23.400011], [-51.910408, -23.399892], [-51.910358, -23.39977], [-51.909998, -23.399892]]]}, "properties": {"info": {"nmmunicipio": "Maringá"}, "address": "?, ?"}},
{"type": "Feature", "geometry": {"type": "Polygon", "coordinates": [[[-51.909956, -23.399785], [-51.909998, -23.399892], [-51.910358, -23.39977], [-51.910315, -23.399662], [-51.909956, -23.399785]]]}, "properties": {"info": {"nmmunicipio": "Maringá"}, "address": "?, ?"}},
{"type": "Feature", "geometry": {"type": "Polygon", "coordinates": [[[-51.909956, -23.399785], [-51.910315, -23.399662], [-51.910271, -23.399554], [-51.909914, -23.399677], [-51.909956, -23.399785]]]}, "properties": {"info": {"nmmunicipio": "Maringá"}, "address": "?, ?"}},
{"type": "Feature", "geometry": {"type": "Polygon", "coordinates": [[[-51.909914, -23.399677], [-51.910271, -23.399554], [-51.910226, -23.399444], [-51.909868, -23.399561], [-51.909914, -23.399677]]]}, "properties": {"info": {"nmmunicipio": "Maringá"}, "address": "?, ?"}},
{"type": "Feature", "geometry": {"type": "Polygon", "coordinates": [[[-51.909825, -23.399452], [-51.909868, -23.399561], [-51.910226, -23.399444], [-51.910181, -23.399334], [-51.909825, -23.399452]]]}, "properties": {"info": {"nmmunicipio": "Maringá"}, "address": "?, ?"}},
{"type": "Feature", "geometry": {"type": "Polygon", "coordinates": [[[-51.909782, -23.399344], [-51.909825, -23.399452], [-51.910181, -23.399334], [-51.910138, -23.399227], [-51.909782, -23.399344]]]}, "properties": {"info": {"nmmunicipio": "Maringá"}, "address": "?, ?"}},
{"type": "Feature", "geometry": {"type": "Polygon", "coordinates": [[[-51.908319, -23.395772], [-51.90836, -23.395874], [-51.908729, -23.395743], [-51.908686, -23.395638], [-51.908319, -23.395772]]]}, "properties": {"info": {"nmmunicipio": "Maringá"}, "address": "?, ?"}},
{"type": "Feature", "geometry": {"type": "Polygon", "coordinates": [[[-51.90836, -23.395874], [-51.908401, -23.395974], [-51.90877, -23.395845], [-51.908729, -23.395743], [-51.90836, -23.395874]]]}, "properties": {"info": {"nmmunicipio": "Maringá"}, "address": "?, ?"}},
{"type": "Feature", "geometry": {"type": "Polygon", "coordinates": [[[-51.908401, -23.395974], [-51.908442, -23.396073], [-51.908809, -23.395942], [-51.90877, -23.395845], [-51.908401, -23.395974]]]}, "properties": {"info": {"nmmunicipio": "Maringá"}, "address": "?, ?"}},
{"type": "Feature", "geometry": {"type": "Polygon", "coordinates": [[[-51.908487, -23.396184], [-51.908554, -23.396161], [-51.908683, -23.396116], [-51.908856, -23.396056], [-51.908809, -23.395942], [-51.908442, -23.396073], [-51.908487, -23.396184]]]}, "properties": {"info": {"nmmunicipio": "Maringá"}, "address": "?, ?"}},
{"type": "Feature", "geometry": {"type": "Polygon", "coordinates": [[[-51.908736, -23.396243], [-51.908908, -23.396185], [-51.908856, -23.396056], [-51.908683, -23.396116], [-51.908736, -23.396243]]]}, "properties": {"info": {"nmmunicipio": "Maringá"}, "address": "?, ?"}},
{"type": "Feature", "geometry": {"type": "Polygon", "coordinates": [[[-51.908736, -23.396243], [-51.908786, -23.396362], [-51.908956, -23.396303], [-51.908908, -23.396185], [-51.908736, -23.396243]]]}, "properties": {"info": {"nmmunicipio": "Maringá"}, "address": "?, ?"}},
{"type": "Feature", "geometry": {"type": "Polygon", "coordinates": [[[-51.908439, -23.3962], [-51.908535, -23.396449], [-51.90866, -23.396406], [-51.908554, -23.396161], [-51.908487, -23.396184], [-51.908439, -23.3962]]]}, "properties": {"info": {"nmmunicipio": "Maringá"}, "address": "?, ?"}},
{"type": "Feature", "geometry": {"type": "Polygon", "coordinates": [[[-51.908361, -23.396369], [-51.908413, -23.396492], [-51.908535, -23.396449], [-51.908439, -23.3962], [-51.908308, -23.396246], [-51.908361, -23.396369]]]}, "properties": {"info": {"nmmunicipio": "Maringá"}, "address": "?, ?"}},
{"type": "Feature", "geometry": {"type": "Polygon", "coordinates": [[[-51.908263, -23.396544], [-51.908413, -23.396492], [-51.908361, -23.396369], [-51.908212, -23.396417], [-51.908263, -23.396544]]]}, "properties": {"info": {"nmmunicipio": "Maringá"}, "address": "?, ?"}},
{"type": "Feature", "geometry": {"type": "Polygon", "coordinates": [[[-51.908212, -23.396417], [-51.908361, -23.396369], [-51.908308, -23.396246], [-51.908163, -23.396296], [-51.908212, -23.396417]]]}, "properties": {"info": {"nmmunicipio": "Maringá"}, "address": "?, ?"}},
{"type": "Feature", "geometry": {"type": "Polygon", "coordinates": [[[-51.907909, -23.400355], [-51.90795, -23.400459], [-51.90828, -23.400345], [-51.908238, -23.400241], [-51.907909, -23.400355]]]}, "properties": {"info": {"nmmunicipio": "Maringá"}, "address": "?, ?"}},
{"type": "Feature", "geometry": {"type": "Polygon", "coordinates": [[[-51.907993, -23.400567], [-51.908323, -23.400454], [-51.90828, -23.400345], [-51.90795, -23.400459], [-51.907993, -23.400567]]]}, "properties": {"info": {"nmmunicipio": "Maringá"}, "address": "?, ?"}},
{"type": "Feature", "geometry": {"type": "Polygon", "coordinates": [[[-51.910274, -23.396336], [-51.910117, -23.396391], [-51.910157, -23.396491], [-51.910506, -23.39637], [-51.910464, -23.396269], [-51.910395, -23.396293], [-51.910274, -23.396336]]]}, "properties": {"info": {"nmmunicipio": "Maringá"}, "address": "?, ?"}},
{"type": "Feature", "geometry": {"type": "Polygon", "coordinates": [[[-51.910199, -23.396594], [-51.910547, -23.396471], [-51.910506, -23.39637], [-51.910157, -23.396491], [-51.910199, -23.396594]]]}, "properties": {"info": {"nmmunicipio": "Maringá"}, "address": "?, ?"}},
{"type": "Feature", "geometry": {"type": "Polygon", "coordinates": [[[-51.910199, -23.396594], [-51.91024, -23.396696], [-51.910589, -23.396574], [-51.910547, -23.396471], [-51.910199, -23.396594]]]}, "properties": {"info": {"nmmunicipio": "Maringá"}, "address": "?, ?"}},
{"type": "Feature", "geometry": {"type": "Polygon", "coordinates": [[[-51.907832, -23.395475], [-51.907873, -23.395578], [-51.908193, -23.395464], [-51.908153, -23.395366], [-51.907832, -23.395475]]]}, "properties": {"info": {"nmmunicipio": "Maringá"}, "address": "?, ?"}},
{"type": "Feature", "geometry": {"type": "Polygon", "coordinates": [[[-51.907873, -23.395578], [-51.907915, -23.395681], [-51.908235, -23.395567], [-51.908193, -23.395464], [-51.907873, -23.395578]]]}, "properties": {"info": {"nmmunicipio": "Maringá"}, "address": "?, ?"}},
{"type": "Feature", "geometry": {"type": "Polygon", "coordinates": [[[-51.907492, -23.400505], [-51.907771, -23.400411], [-51.907728, -23.400303], [-51.90745, -23.400401], [-51.907492, -23.400505]]]}, "properties": {"info": {"nmmunicipio": "Maringá"}, "address": "?, ?"}},
{"type": "Feature", "geometry": {"type": "Polygon", "coordinates": [[[-51.90745, -23.400401], [-51.907728, -23.400303], [-51.90769, -23.400207], [-51.907409, -23.400299], [-51.90745, -23.400401]]]}, "properties": {"info": {"nmmunicipio": "Maringá"}, "address": "?, ?"}},
{"type": "Feature", "geometry": {"type": "Polygon", "coordinates": [[[-51.907368, -23.400196], [-51.907409, -23.400299], [-51.90769, -23.400207], [-51.907647, -23.4001], [-51.907512, -23.400146], [-51.907368, -23.400196]]]}, "properties": {"info": {"nmmunicipio": "Maringá"}, "address": "?, ?"}},
{"type": "Feature", "geometry": {"type": "Polygon", "coordinates": [[[-51.906531, -23.400856], [-51.906534, -23.400914], [-51.906546, -23.400969], [-51.906579, -23.401016], [-51.90659, -23.401077], [-51.906591, -23.401138], [-51.906593, -23.401196], [-51.906607, -23.401256], [-51.906609, -23.401284], [-51.907938, -23.400833], [-51.907893, -23.400718], [-51.907616, -23.400813], [-51.907577, -23.400716], [-51.907535, -23.400612], [-51.907492, -23.400505], [-51.90745, -23.400401], [-51.907409, -23.400299], [-51.907368, -23.400196], [-51.907232, -23.400242], [-51.907093, -23.40029], [-51.906981, -23.400013], [-51.906484, -23.400181], [-51.906515, -23.400333], [-51.90652, -23.400389], [-51.906519, -23.400446], [-51.906521, -23.400508], [-51.906525, -23.400567], [-51.906524, -23.400626], [-51.906523, -23.40068], [-51.906522, -23.400743], [-51.906523, -23.400799], [-51.906531, -23.400856]]]}, "properties": {"info": {"nmmunicipio": "Maringá"}, "address": "?, ?"}},
{"type": "Feature", "geometry": {"type": "Polygon", "coordinates": [[[-51.908641, -23.398325], [-51.908805, -23.398268], [-51.908743, -23.398116], [-51.908579, -23.398172], [-51.908641, -23.398325]]]}, "properties": {"info": {"nmmunicipio": "Maringá"}, "address": "?, ?"}},
{"type": "Feature", "geometry": {"type": "Polygon", "coordinates": [[[-51.908385, -23.398413], [-51.908514, -23.398369], [-51.908393, -23.398093], [-51.908324, -23.398117], [-51.908267, -23.398137], [-51.908385, -23.398413]]]}, "properties": {"info": {"nmmunicipio": "Maringá"}, "address": "?, ?"}},
{"type": "Feature", "geometry": {"type": "Polygon", "coordinates": [[[-51.908197, -23.398308], [-51.908259, -23.398457], [-51.908385, -23.398413], [-51.908267, -23.398137], [-51.908143, -23.398181], [-51.908197, -23.398308]]]}, "properties": {"info": {"nmmunicipio": "Maringá"}, "address": "?, ?"}},
{"type": "Feature", "geometry": {"type": "Polygon", "coordinates": [[[-51.908065, -23.398356], [-51.908197, -23.398308], [-51.908143, -23.398181], [-51.908013, -23.398228], [-51.908065, -23.398356]]]}, "properties": {"info": {"nmmunicipio": "Maringá"}, "address": "?, ?"}},
{"type": "Feature", "geometry": {"type": "Polygon", "coordinates": [[[-51.908125, -23.398504], [-51.908259, -23.398457], [-51.908197, -23.398308], [-51.908065, -23.398356], [-51.908125, -23.398504]]]}, "properties": {"info": {"nmmunicipio": "Maringá"}, "address": "?, ?"}},
{"type": "Feature", "geometry": {"type": "Polygon", "coordinates": [[[-51.907976, -23.397093], [-51.907909, -23.397117], [-51.907949, -23.397214], [-51.908325, -23.397077], [-51.908287, -23.396983], [-51.908111, -23.397045], [-51.907976, -23.397093]]]}, "properties": {"info": {"nmmunicipio": "Maringá"}, "address": "?, ?"}},
{"type": "Feature", "geometry": {"type": "Polygon", "coordinates": [[[-51.907949, -23.397214], [-51.907989, -23.397311], [-51.908366, -23.397179], [-51.908325, -23.397077], [-51.907949, -23.397214]]]}, "properties": {"info": {"nmmunicipio": "Maringá"}, "address": "?, ?"}},
{"type": "Feature", "geometry": {"type": "Polygon", "coordinates": [[[-51.907989, -23.397311], [-51.90803, -23.39741], [-51.908406, -23.397278], [-51.908366, -23.397179], [-51.907989, -23.397311]]]}, "properties": {"info": {"nmmunicipio": "Maringá"}, "address": "?, ?"}},
{"type": "Feature", "geometry": {"type": "Polygon", "coordinates": [[[-51.90803, -23.39741], [-51.908072, -23.397511], [-51.908447, -23.397381], [-51.908406, -23.397278], [-51.90803, -23.39741]]]}, "properties": {"info": {"nmmunicipio": "Maringá"}, "address": "?, ?"}},
{"type": "Feature", "geometry": {"type": "Polygon", "coordinates": [[[-51.908072, -23.397511], [-51.908114, -23.397613], [-51.908487, -23.39748], [-51.908447, -23.397381], [-51.908072, -23.397511]]]}, "properties": {"info": {"nmmunicipio": "Maringá"}, "address": "?, ?"}},
{"type": "Feature", "geometry": {"type": "Polygon", "coordinates": [[[-51.908114, -23.397613], [-51.908158, -23.397718], [-51.908531, -23.397589], [-51.908487, -23.39748], [-51.908114, -23.397613]]]}, "properties": {"info": {"nmmunicipio": "Maringá"}, "address": "?, ?"}},
{"type": "Feature", "geometry": {"type": "Polygon", "coordinates": [[[-51.909888, -23.398195], [-51.910037, -23.39814], [-51.909978, -23.397993], [-51.909828, -23.398045], [-51.909888, -23.398195]]]}, "properties": {"info": {"nmmunicipio": "Maringá"}, "address": "?, ?"}},
{"type": "Feature", "geometry": {"type": "Polygon", "coordinates": [[[-51.909944, -23.398336], [-51.910096, -23.398283], [-51.910037, -23.39814], [-51.909888, -23.398195], [-51.909944, -23.398336]]]}, "properties": {"info": {"nmmunicipio": "Maringá"}, "address": "?, ?"}},
{"type": "Feature", "geometry": {"type": "Polygon", "coordinates": [[[-51.910003, -23.398483], [-51.910156, -23.398432], [-51.910096, -23.398283], [-51.909944, -23.398336], [-51.910003, -23.398483]]]}, "properties": {"info": {"nmmunicipio": "Maringá"}, "address": "?, ?"}},
{"type": "Feature", "geometry": {"type": "Polygon", "coordinates": [[[-51.909663, -23.400924], [-51.909852, -23.400858], [-51.909815, -23.400766], [-51.909626, -23.40083], [-51.909663, -23.400924]]]}, "properties": {"info": {"nmmunicipio": "Maringá"}, "address": "?, ?"}},
{"type": "Feature", "geometry": {"type": "Polygon", "coordinates": [[[-51.906926, -23.395562], [-51.907053, -23.395516], [-51.906998, -23.39539], [-51.906875, -23.395435], [-51.906926, -23.395562]]]}, "properties": {"info": {"nmmunicipio": "Maringá"}, "address": "?, ?"}},
{"type": "Feature", "geometry": {"type": "Polygon", "coordinates": [[[-51.907295, -23.395431], [-51.907234, -23.395452], [-51.907274, -23.395551], [-51.907644, -23.395419], [-51.907605, -23.395321], [-51.907424, -23.395385], [-51.907295, -23.395431]]]}, "properties": {"info": {"nmmunicipio": "Maringá"}, "address": "?, ?"}},
{"type": "Feature", "geometry": {"type": "Polygon", "coordinates": [[[-51.907274, -23.395551], [-51.907313, -23.395645], [-51.907683, -23.395515], [-51.907644, -23.395419], [-51.907274, -23.395551]]]}, "properties": {"info": {"nmmunicipio": "Maringá"}, "address": "?, ?"}},
{"type": "Feature", "geometry": {"type": "Polygon", "coordinates": [[[-51.907313, -23.395645], [-51.907358, -23.395754], [-51.907727, -23.395625], [-51.907683, -23.395515], [-51.907313, -23.395645]]]}, "properties": {"info": {"nmmunicipio": "Maringá"}, "address": "?, ?"}},
{"type": "Feature", "geometry": {"type": "Polygon", "coordinates": [[[-51.907368, -23.400196], [-51.907512, -23.400146], [-51.907406, -23.399869], [-51.907257, -23.399919], [-51.907368, -23.400196]]]}, "properties": {"info": {"nmmunicipio": "Maringá"}, "address": "?, ?"}},
{"type": "Feature", "geometry": {"type": "Polygon", "coordinates": [[[-51.907232, -23.400242], [-51.907368, -23.400196], [-51.907257, -23.399919], [-51.907116, -23.399967], [-51.907232, -23.400242]]]}, "properties": {"info": {"nmmunicipio": "Maringá"}, "address": "?, ?"}},
{"type": "Feature", "geometry": {"type": "Polygon", "coordinates": [[[-51.907093, -23.40029], [-51.907232, -23.400242], [-51.907116, -23.399967], [-51.906981, -23.400013], [-51.907093, -23.40029]]]}, "properties": {"info": {"nmmunicipio": "Maringá"}, "address": "?, ?"}},
{"type": "Feature", "geometry": {"type": "Polygon", "coordinates": [[[-51.908271, -23.398891], [-51.908416, -23.398841], [-51.908359, -23.398705], [-51.908217, -23.398753], [-51.908271, -23.398891]]]}, "properties": {"info": {"nmmunicipio": "Maringá"}, "address": "?, ?"}},
{"type": "Feature", "geometry": {"type": "Polygon", "coordinates": [[[-51.908217, -23.398753], [-51.908359, -23.398705], [-51.9083, -23.398568], [-51.908162, -23.398614], [-51.908217, -23.398753]]]}, "properties": {"info": {"nmmunicipio": "Maringá"}, "address": "?, ?"}},
{"type": "Feature", "geometry": {"type": "Polygon", "coordinates": [[[-51.908563, -23.397242], [-51.908604, -23.397345], [-51.908923, -23.397232], [-51.908881, -23.39713], [-51.908563, -23.397242]]]}, "properties": {"info": {"nmmunicipio": "Maringá"}, "address": "?, ?"}},
{"type": "Feature", "geometry": {"type": "Polygon", "coordinates": [[[-51.908645, -23.397446], [-51.908964, -23.397332], [-51.908923, -23.397232], [-51.908604, -23.397345], [-51.908645, -23.397446]]]}, "properties": {"info": {"nmmunicipio": "Maringá"}, "address": "?, ?"}},
{"type": "Feature", "geometry": {"type": "Polygon", "coordinates": [[[-51.908645, -23.397446], [-51.908686, -23.397548], [-51.909007, -23.397435], [-51.908964, -23.397332], [-51.908645, -23.397446]]]}, "properties": {"info": {"nmmunicipio": "Maringá"}, "address": "?, ?"}},
{"type": "Feature", "geometry": {"type": "Polygon", "coordinates": [[[-51.908686, -23.397548], [-51.908726, -23.397649], [-51.909048, -23.397535], [-51.909007, -23.397435], [-51.908686, -23.397548]]]}, "properties": {"info": {"nmmunicipio": "Maringá"}, "address": "?, ?"}},
{"type": "Feature", "geometry": {"type": "Polygon", "coordinates": [[[-51.908726, -23.397649], [-51.908766, -23.397749], [-51.909089, -23.397634], [-51.909048, -23.397535], [-51.908726, -23.397649]]]}, "properties": {"info": {"nmmunicipio": "Maringá"}, "address": "?, ?"}},
{"type": "Feature", "geometry": {"type": "Polygon", "coordinates": [[[-51.908805, -23.397845], [-51.909128, -23.39773], [-51.909089, -23.397634], [-51.908766, -23.397749], [-51.908805, -23.397845]]]}, "properties": {"info": {"nmmunicipio": "Maringá"}, "address": "?, ?"}},
{"type": "Feature", "geometry": {"type": "Polygon", "coordinates": [[[-51.908805, -23.397845], [-51.908847, -23.397949], [-51.908991, -23.397899], [-51.909115, -23.397856], [-51.909172, -23.397836], [-51.909128, -23.39773], [-51.908805, -23.397845]]]}, "properties": {"info": {"nmmunicipio": "Maringá"}, "address": "?, ?"}},
{"type": "Feature", "geometry": {"type": "Polygon", "coordinates": [[[-51.9089, -23.396648], [-51.90908, -23.39658], [-51.909031, -23.396459], [-51.90885, -23.39652], [-51.9089, -23.396648]]]}, "properties": {"info": {"nmmunicipio": "Maringá"}, "address": "?, ?"}},
{"type": "Feature", "geometry": {"type": "Polygon", "coordinates": [[[-51.908821, -23.396814], [-51.908947, -23.396769], [-51.9089, -23.396648], [-51.90885, -23.39652], [-51.908722, -23.396563], [-51.908821, -23.396814]]]}, "properties": {"info": {"nmmunicipio": "Maringá"}, "address": "?, ?"}},
{"type": "Feature", "geometry": {"type": "Polygon", "coordinates": [[[-51.908702, -23.396856], [-51.90876, -23.396836], [-51.908821, -23.396814], [-51.908722, -23.396563], [-51.908602, -23.396604], [-51.908702, -23.396856]]]}, "properties": {"info": {"nmmunicipio": "Maringá"}, "address": "?, ?"}},
{"type": "Feature", "geometry": {"type": "Polygon", "coordinates": [[[-51.908527, -23.396777], [-51.908576, -23.396901], [-51.908702, -23.396856], [-51.908602, -23.396604], [-51.908475, -23.396647], [-51.908527, -23.396777]]]}, "properties": {"info": {"nmmunicipio": "Maringá"}, "address": "?, ?"}},
{"type": "Feature", "geometry": {"type": "Polygon", "coordinates": [[[-51.908394, -23.396821], [-51.908527, -23.396777], [-51.908475, -23.396647], [-51.908342, -23.396692], [-51.908394, -23.396821]]]}, "properties": {"info": {"nmmunicipio": "Maringá"}, "address": "?, ?"}},
{"type": "Feature", "geometry": {"type": "Polygon", "coordinates": [[[-51.909742, -23.399244], [-51.909782, -23.399344], [-51.910138, -23.399227], [-51.910095, -23.399123], [-51.909923, -23.399182], [-51.909742, -23.399244]]]}, "properties": {"info": {"nmmunicipio": "Maringá"}, "address": "?, ?"}},
{"type": "Feature", "geometry": {"type": "Polygon", "coordinates": [[[-51.909742, -23.399244], [-51.909923, -23.399182], [-51.909853, -23.399], [-51.909671, -23.399062], [-51.909742, -23.399244]]]}, "properties": {"info": {"nmmunicipio": "Maringá"}, "address": "?, ?"}},
{"type": "Feature", "geometry": {"type": "Polygon", "coordinates": [[[-51.909923, -23.399182], [-51.910095, -23.399123], [-51.910022, -23.398942], [-51.909853, -23.399], [-51.909923, -23.399182]]]}, "properties": {"info": {"nmmunicipio": "Maringá"}, "address": "?, ?"}},
{"type": "Feature", "geometry": {"type": "Polygon", "coordinates": [[[-51.908214, -23.399667], [-51.908391, -23.399605], [-51.908355, -23.399515], [-51.908176, -23.399576], [-51.908214, -23.399667]]]}, "properties": {"info": {"nmmunicipio": "Maringá"}, "address": "?, ?"}},
{"type": "Feature", "geometry": {"type": "Polygon", "coordinates": [[[-51.908249, -23.399752], [-51.908426, -23.399691], [-51.908391, -23.399605], [-51.908214, -23.399667], [-51.908249, -23.399752]]]}, "properties": {"info": {"nmmunicipio": "Maringá"}, "address": "?, ?"}},
{"type": "Feature", "geometry": {"type": "Polygon", "coordinates": [[[-51.908069, -23.399813], [-51.908249, -23.399752], [-51.908214, -23.399667], [-51.908176, -23.399576], [-51.907999, -23.399637], [-51.908069, -23.399813]]]}, "properties": {"info": {"nmmunicipio": "Maringá"}, "address": "?, ?"}},
{"type": "Feature", "geometry": {"type": "Polygon", "coordinates": [[[-51.908069, -23.399813], [-51.908108, -23.399912], [-51.908465, -23.39979], [-51.908426, -23.399691], [-51.908249, -23.399752], [-51.908069, -23.399813]]]}, "properties": {"info": {"nmmunicipio": "Maringá"}, "address": "?, ?"}},
{"type": "Feature", "geometry": {"type": "Polygon", "coordinates": [[[-51.90815, -23.400018], [-51.908508, -23.399896], [-51.908465, -23.39979], [-51.908108, -23.399912], [-51.90815, -23.400018]]]}, "properties": {"info": {"nmmunicipio": "Maringá"}, "address": "?, ?"}},
{"type": "Feature", "geometry": {"type": "Polygon", "coordinates": [[[-51.908192, -23.400125], [-51.908551, -23.400003], [-51.908508, -23.399896], [-51.90815, -23.400018], [-51.908192, -23.400125]]]}, "properties": {"info": {"nmmunicipio": "Maringá"}, "address": "?, ?"}},
{"type": "Feature", "geometry": {"type": "Polygon", "coordinates": [[[-51.908238, -23.400241], [-51.908597, -23.400117], [-51.908551, -23.400003], [-51.908192, -23.400125], [-51.908238, -23.400241]]]}, "properties": {"info": {"nmmunicipio": "Maringá"}, "address": "?, ?"}},
{"type": "Feature", "geometry": {"type": "Polygon", "coordinates": [[[-51.908574, -23.399647], [-51.908741, -23.39959], [-51.908707, -23.399506], [-51.908541, -23.399563], [-51.908574, -23.399647]]]}, "properties": {"info": {"nmmunicipio": "Maringá"}, "address": "?, ?"}},
{"type": "Feature", "geometry": {"type": "Polygon", "coordinates": [[[-51.908541, -23.399563], [-51.908707, -23.399506], [-51.908666, -23.399404], [-51.9085, -23.399461], [-51.908541, -23.399563]]]}, "properties": {"info": {"nmmunicipio": "Maringá"}, "address": "?, ?"}},
{"type": "Feature", "geometry": {"type": "Polygon", "coordinates": [[[-51.907571, -23.396775], [-51.907692, -23.396734], [-51.907593, -23.396491], [-51.907472, -23.396533], [-51.907571, -23.396775]]]}, "properties": {"info": {"nmmunicipio": "Maringá"}, "address": "?, ?"}},
{"type": "Feature", "geometry": {"type": "Polygon", "coordinates": [[[-51.907435, -23.396822], [-51.907571, -23.396775], [-51.907472, -23.396533], [-51.907338, -23.396581], [-51.907435, -23.396822]]]}, "properties": {"info": {"nmmunicipio": "Maringá"}, "address": "?, ?"}},
{"type": "Feature", "geometry": {"type": "Polygon", "coordinates": [[[-51.907294, -23.396471], [-51.907338, -23.396581], [-51.907472, -23.396533], [-51.907593, -23.396491], [-51.907651, -23.396471], [-51.907606, -23.396362], [-51.907294, -23.396471]]]}, "properties": {"info": {"nmmunicipio": "Maringá"}, "address": "?, ?"}},
{"type": "Feature", "geometry": {"type": "Polygon", "coordinates": [[[-51.907253, -23.396371], [-51.907294, -23.396471], [-51.907606, -23.396362], [-51.907564, -23.396258], [-51.907253, -23.396371]]]}, "properties": {"info": {"nmmunicipio": "Maringá"}, "address": "?, ?"}},
{"type": "Feature", "geometry": {"type": "Polygon", "coordinates": [[[-51.907212, -23.39627], [-51.907253, -23.396371], [-51.907564, -23.396258], [-51.907523, -23.396158], [-51.907212, -23.39627]]]}, "properties": {"info": {"nmmunicipio": "Maringá"}, "address": "?, ?"}},
{"type": "Feature", "geometry": {"type": "Polygon", "coordinates": [[[-51.907132, -23.396072], [-51.907171, -23.396168], [-51.907481, -23.396056], [-51.907442, -23.395961], [-51.907132, -23.396072]]]}, "properties": {"info": {"nmmunicipio": "Maringá"}, "address": "?, ?"}},
{"type": "Feature", "geometry": {"type": "Polygon", "coordinates": [[[-51.907088, -23.395962], [-51.907132, -23.396072], [-51.907442, -23.395961], [-51.907397, -23.395851], [-51.907088, -23.395962]]]}, "properties": {"info": {"nmmunicipio": "Maringá"}, "address": "?, ?"}},
{"type": "Feature", "geometry": {"type": "Polygon", "coordinates": [[[-51.907048, -23.395863], [-51.907088, -23.395962], [-51.907397, -23.395851], [-51.907358, -23.395754], [-51.907048, -23.395863]]]}, "properties": {"info": {"nmmunicipio": "Maringá"}, "address": "?, ?"}},
{"type": "Feature", "geometry": {"type": "Polygon", "coordinates": [[[-51.907004, -23.395754], [-51.907048, -23.395863], [-51.907358, -23.395754], [-51.907313, -23.395645], [-51.907004, -23.395754]]]}, "properties": {"info": {"nmmunicipio": "Maringá"}, "address": "?, ?"}},
{"type": "Feature", "geometry": {"type": "Polygon", "coordinates": [[[-51.906966, -23.395661], [-51.907004, -23.395754], [-51.907313, -23.395645], [-51.907274, -23.395551], [-51.906966, -23.395661]]]}, "properties": {"info": {"nmmunicipio": "Maringá"}, "address": "?, ?"}},
{"type": "Feature", "geometry": {"type": "Polygon", "coordinates": [[[-51.906926, -23.395562], [-51.906966, -23.395661], [-51.907274, -23.395551], [-51.907234, -23.395452], [-51.907171, -23.395475], [-51.907053, -23.395516], [-51.906926, -23.395562]]]}, "properties": {"info": {"nmmunicipio": "Maringá"}, "address": "?, ?"}},
{"type": "Feature", "geometry": {"type": "Polygon", "coordinates": [[[-51.907512, -23.400146], [-51.907647, -23.4001], [-51.907537, -23.399824], [-51.907406, -23.399869], [-51.907512, -23.400146]]]}, "properties": {"info": {"nmmunicipio": "Maringá"}, "address": "?, ?"}},
{"type": "Feature", "geometry": {"type": "Polygon", "coordinates": [[[-51.908158, -23.397718], [-51.908199, -23.397816], [-51.908569, -23.397683], [-51.908531, -23.397589], [-51.908158, -23.397718]]]}, "properties": {"info": {"nmmunicipio": "Maringá"}, "address": "?, ?"}},
{"type": "Feature", "geometry": {"type": "Polygon", "coordinates": [[[-51.908199, -23.397816], [-51.908239, -23.397914], [-51.90861, -23.397784], [-51.908569, -23.397683], [-51.908199, -23.397816]]]}, "properties": {"info": {"nmmunicipio": "Maringá"}, "address": "?, ?"}},
{"type": "Feature", "geometry": {"type": "Polygon", "coordinates": [[[-51.90828, -23.398013], [-51.90865, -23.397883], [-51.90861, -23.397784], [-51.908239, -23.397914], [-51.90828, -23.398013]]]}, "properties": {"info": {"nmmunicipio": "Maringá"}, "address": "?, ?"}},
{"type": "Feature", "geometry": {"type": "Polygon", "coordinates": [[[-51.90828, -23.398013], [-51.908324, -23.398117], [-51.908393, -23.398093], [-51.908526, -23.398045], [-51.908691, -23.397987], [-51.90865, -23.397883], [-51.90828, -23.398013]]]}, "properties": {"info": {"nmmunicipio": "Maringá"}, "address": "?, ?"}},
{"type": "Feature", "geometry": {"type": "Polygon", "coordinates": [[[-51.907606, -23.397224], [-51.907647, -23.397324], [-51.907949, -23.397214], [-51.907909, -23.397117], [-51.907851, -23.397138], [-51.907732, -23.39718], [-51.907606, -23.397224]]]}, "properties": {"info": {"nmmunicipio": "Maringá"}, "address": "?, ?"}},
{"type": "Feature", "geometry": {"type": "Polygon", "coordinates": [[[-51.907647, -23.397324], [-51.907685, -23.397419], [-51.907989, -23.397311], [-51.907949, -23.397214], [-51.907647, -23.397324]]]}, "properties": {"info": {"nmmunicipio": "Maringá"}, "address": "?, ?"}},
{"type": "Feature", "geometry": {"type": "Polygon", "coordinates": [[[-51.907685, -23.397419], [-51.907725, -23.397517], [-51.90803, -23.39741], [-51.907989, -23.397311], [-51.907685, -23.397419]]]}, "properties": {"info": {"nmmunicipio": "Maringá"}, "address": "?, ?"}},
{"type": "Feature", "geometry": {"type": "Polygon", "coordinates": [[[-51.907725, -23.397517], [-51.907765, -23.397617], [-51.908072, -23.397511], [-51.90803, -23.39741], [-51.907725, -23.397517]]]}, "properties": {"info": {"nmmunicipio": "Maringá"}, "address": "?, ?"}},
{"type": "Feature", "geometry": {"type": "Polygon", "coordinates": [[[-51.907765, -23.397617], [-51.907808, -23.397721], [-51.908114, -23.397613], [-51.908072, -23.397511], [-51.907765, -23.397617]]]}, "properties": {"info": {"nmmunicipio": "Maringá"}, "address": "?, ?"}},
{"type": "Feature", "geometry": {"type": "Polygon", "coordinates": [[[-51.907808, -23.397721], [-51.90785, -23.397826], [-51.908158, -23.397718], [-51.908114, -23.397613], [-51.907808, -23.397721]]]}, "properties": {"info": {"nmmunicipio": "Maringá"}, "address": "?, ?"}},
{"type": "Feature", "geometry": {"type": "Polygon", "coordinates": [[[-51.90785, -23.397826], [-51.90789, -23.397926], [-51.908199, -23.397816], [-51.908158, -23.397718], [-51.90785, -23.397826]]]}, "properties": {"info": {"nmmunicipio": "Maringá"}, "address": "?, ?"}},
{"type": "Feature", "geometry": {"type": "Polygon", "coordinates": [[[-51.909396, -23.396957], [-51.909723, -23.396842], [-51.909681, -23.396739], [-51.909353, -23.396852], [-51.909396, -23.396957]]]}, "properties": {"info": {"nmmunicipio": "Maringá"}, "address": "?, ?"}},
{"type": "Feature", "geometry": {"type": "Polygon", "coordinates": [[[-51.909437, -23.397058], [-51.909763, -23.396941], [-51.909723, -23.396842], [-51.909396, -23.396957], [-51.909437, -23.397058]]]}, "properties": {"info": {"nmmunicipio": "Maringá"}, "address": "?, ?"}},
{"type": "Feature", "geometry": {"type": "Polygon", "coordinates": [[[-51.909437, -23.397058], [-51.909477, -23.397157], [-51.909806, -23.397045], [-51.909763, -23.396941], [-51.909437, -23.397058]]]}, "properties": {"info": {"nmmunicipio": "Maringá"}, "address": "?, ?"}},
{"type": "Feature", "geometry": {"type": "Polygon", "coordinates": [[[-51.909477, -23.397157], [-51.909517, -23.397256], [-51.909845, -23.39714], [-51.909806, -23.397045], [-51.909477, -23.397157]]]}, "properties": {"info": {"nmmunicipio": "Maringá"}, "address": "?, ?"}},
{"type": "Feature", "geometry": {"type": "Polygon", "coordinates": [[[-51.909517, -23.397256], [-51.90956, -23.39736], [-51.909887, -23.397243], [-51.909845, -23.39714], [-51.909517, -23.397256]]]}, "properties": {"info": {"nmmunicipio": "Maringá"}, "address": "?, ?"}},
{"type": "Feature", "geometry": {"type": "Polygon", "coordinates": [[[-51.909637, -23.398453], [-51.909801, -23.398394], [-51.909746, -23.398256], [-51.909577, -23.398309], [-51.909637, -23.398453]]]}, "properties": {"info": {"nmmunicipio": "Maringá"}, "address": "?, ?"}},
{"type": "Feature", "geometry": {"type": "Polygon", "coordinates": [[[-51.909681, -23.398559], [-51.909846, -23.398505], [-51.909801, -23.398394], [-51.909637, -23.398453], [-51.909681, -23.398559]]]}, "properties": {"info": {"nmmunicipio": "Maringá"}, "address": "?, ?"}},
{"type": "Feature", "geometry": {"type": "Polygon", "coordinates": [[[-51.909757, -23.398742], [-51.909919, -23.398686], [-51.909846, -23.398505], [-51.909681, -23.398559], [-51.909757, -23.398742]]]}, "properties": {"info": {"nmmunicipio": "Maringá"}, "address": "?, ?"}},
{"type": "Feature", "geometry": {"type": "Polygon", "coordinates": [[[-51.908317, -23.399009], [-51.908466, -23.398956], [-51.908416, -23.398841], [-51.908271, -23.398891], [-51.908317, -23.399009]]]}, "properties": {"info": {"nmmunicipio": "Maringá"}, "address": "?, ?"}},
{"type": "Feature", "geometry": {"type": "Polygon", "coordinates": [[[-51.908359, -23.398705], [-51.908416, -23.398841], [-51.908529, -23.398802], [-51.908414, -23.398529], [-51.9083, -23.398568], [-51.908359, -23.398705]]]}, "properties": {"info": {"nmmunicipio": "Maringá"}, "address": "?, ?"}},
{"type": "Feature", "geometry": {"type": "Polygon", "coordinates": [[[-51.908466, -23.398956], [-51.908553, -23.399162], [-51.908664, -23.399122], [-51.908529, -23.398802], [-51.908416, -23.398841], [-51.908466, -23.398956]]]}, "properties": {"info": {"nmmunicipio": "Maringá"}, "address": "?, ?"}},
{"type": "Feature", "geometry": {"type": "Polygon", "coordinates": [[[-51.908529, -23.398802], [-51.908661, -23.398757], [-51.908548, -23.398484], [-51.908414, -23.398529], [-51.908529, -23.398802]]]}, "properties": {"info": {"nmmunicipio": "Maringá"}, "address": "?, ?"}},
{"type": "Feature", "geometry": {"type": "Polygon", "coordinates": [[[-51.908664, -23.399122], [-51.908794, -23.399077], [-51.908661, -23.398757], [-51.908529, -23.398802], [-51.908664, -23.399122]]]}, "properties": {"info": {"nmmunicipio": "Maringá"}, "address": "?, ?"}},
{"type": "Feature", "geometry": {"type": "Polygon", "coordinates": [[[-51.908661, -23.398757], [-51.908792, -23.398712], [-51.908735, -23.398571], [-51.908681, -23.398439], [-51.908548, -23.398484], [-51.908661, -23.398757]]]}, "properties": {"info": {"nmmunicipio": "Maringá"}, "address": "?, ?"}},
{"type": "Feature", "geometry": {"type": "Polygon", "coordinates": [[[-51.908794, -23.399077], [-51.908921, -23.399031], [-51.908792, -23.398712], [-51.908661, -23.398757], [-51.908794, -23.399077]]]}, "properties": {"info": {"nmmunicipio": "Maringá"}, "address": "?, ?"}},
{"type": "Feature", "geometry": {"type": "Polygon", "coordinates": [[[-51.908735, -23.398571], [-51.908903, -23.398517], [-51.908849, -23.398382], [-51.908681, -23.398439], [-51.908735, -23.398571]]]}, "properties": {"info": {"nmmunicipio": "Maringá"}, "address": "?, ?"}},
{"type": "Feature", "geometry": {"type": "Polygon", "coordinates": [[[-51.909709, -23.395412], [-51.909751, -23.395514], [-51.910088, -23.395395], [-51.910046, -23.395294], [-51.909709, -23.395412]]]}, "properties": {"info": {"nmmunicipio": "Maringá"}, "address": "?, ?"}},
{"type": "Feature", "geometry": {"type": "Polygon", "coordinates": [[[-51.909263, -23.398587], [-51.909388, -23.398542], [-51.90926, -23.39824], [-51.909136, -23.398283], [-51.909207, -23.398453], [-51.909263, -23.398587]]]}, "properties": {"info": {"nmmunicipio": "Maringá"}, "address": "?, ?"}},
{"type": "Feature", "geometry": {"type": "Polygon", "coordinates": [[[-51.909321, -23.398727], [-51.909382, -23.398872], [-51.909509, -23.398828], [-51.909388, -23.398542], [-51.909263, -23.398587], [-51.909321, -23.398727]]]}, "properties": {"info": {"nmmunicipio": "Maringá"}, "address": "?, ?"}},
{"type": "Feature", "geometry": {"type": "Polygon", "coordinates": [[[-51.909388, -23.398542], [-51.909506, -23.3985], [-51.909379, -23.398199], [-51.90926, -23.39824], [-51.909388, -23.398542]]]}, "properties": {"info": {"nmmunicipio": "Maringá"}, "address": "?, ?"}},
{"type": "Feature", "geometry": {"type": "Polygon", "coordinates": [[[-51.909509, -23.398828], [-51.909627, -23.398787], [-51.909506, -23.3985], [-51.909388, -23.398542], [-51.909509, -23.398828]]]}, "properties": {"info": {"nmmunicipio": "Maringá"}, "address": "?, ?"}},
{"type": "Feature", "geometry": {"type": "Polygon", "coordinates": [[[-51.909506, -23.3985], [-51.909637, -23.398453], [-51.909577, -23.398309], [-51.909513, -23.398153], [-51.909379, -23.398199], [-51.909506, -23.3985]]]}, "properties": {"info": {"nmmunicipio": "Maringá"}, "address": "?, ?"}},
{"type": "Feature", "geometry": {"type": "Polygon", "coordinates": [[[-51.909577, -23.398309], [-51.909746, -23.398256], [-51.909681, -23.398095], [-51.909513, -23.398153], [-51.909577, -23.398309]]]}, "properties": {"info": {"nmmunicipio": "Maringá"}, "address": "?, ?"}},
{"type": "Feature", "geometry": {"type": "Polygon", "coordinates": [[[-51.91003, -23.400904], [-51.910183, -23.400852], [-51.910111, -23.400661], [-51.909954, -23.400715], [-51.91003, -23.400904]]]}, "properties": {"info": {"nmmunicipio": "Maringá"}, "address": "?, ?"}},
{"type": "Feature", "geometry": {"type": "Polygon", "coordinates": [[[-51.910183, -23.400852], [-51.910356, -23.400793], [-51.910281, -23.400604], [-51.910111, -23.400661], [-51.910183, -23.400852]]]}, "properties": {"info": {"nmmunicipio": "Maringá"}, "address": "?, ?"}},
{"type": "Feature", "geometry": {"type": "Polygon", "coordinates": [[[-51.908798, -23.395501], [-51.90911, -23.39539], [-51.909063, -23.395277], [-51.908752, -23.395386], [-51.908798, -23.395501]]]}, "properties": {"info": {"nmmunicipio": "Maringá"}, "address": "?, ?"}},
{"type": "Feature", "geometry": {"type": "Polygon", "coordinates": [[[-51.908798, -23.395501], [-51.908838, -23.395599], [-51.909151, -23.395489], [-51.90911, -23.39539], [-51.908798, -23.395501]]]}, "properties": {"info": {"nmmunicipio": "Maringá"}, "address": "?, ?"}},
{"type": "Feature", "geometry": {"type": "Polygon", "coordinates": [[[-51.908838, -23.395599], [-51.908878, -23.395699], [-51.909192, -23.395588], [-51.909151, -23.395489], [-51.908838, -23.395599]]]}, "properties": {"info": {"nmmunicipio": "Maringá"}, "address": "?, ?"}},
{"type": "Feature", "geometry": {"type": "Polygon", "coordinates": [[[-51.908878, -23.395699], [-51.908919, -23.3958], [-51.909233, -23.395687], [-51.909192, -23.395588], [-51.908878, -23.395699]]]}, "properties": {"info": {"nmmunicipio": "Maringá"}, "address": "?, ?"}},
{"type": "Feature", "geometry": {"type": "Polygon", "coordinates": [[[-51.908919, -23.3958], [-51.908959, -23.3959], [-51.909276, -23.39579], [-51.909233, -23.395687], [-51.908919, -23.3958]]]}, "properties": {"info": {"nmmunicipio": "Maringá"}, "address": "?, ?"}},
{"type": "Feature", "geometry": {"type": "Polygon", "coordinates": [[[-51.909004, -23.396009], [-51.90914, -23.395961], [-51.90932, -23.395898], [-51.909276, -23.39579], [-51.908959, -23.3959], [-51.909004, -23.396009]]]}, "properties": {"info": {"nmmunicipio": "Maringá"}, "address": "?, ?"}},
{"type": "Feature", "geometry": {"type": "Polygon", "coordinates": [[[-51.909224, -23.396532], [-51.909361, -23.396489], [-51.909311, -23.396358], [-51.909172, -23.396404], [-51.909224, -23.396532]]]}, "properties": {"info": {"nmmunicipio": "Maringá"}, "address": "?, ?"}},
{"type": "Feature", "geometry": {"type": "Polygon", "coordinates": [[[-51.909276, -23.39666], [-51.909409, -23.396613], [-51.909361, -23.396489], [-51.909224, -23.396532], [-51.909276, -23.39666]]]}, "properties": {"info": {"nmmunicipio": "Maringá"}, "address": "?, ?"}},
{"type": "Feature", "geometry": {"type": "Polygon", "coordinates": [[[-51.909216, -23.400285], [-51.909565, -23.400169], [-51.90952, -23.400057], [-51.909173, -23.400175], [-51.909216, -23.400285]]]}, "properties": {"info": {"nmmunicipio": "Maringá"}, "address": "?, ?"}},
{"type": "Feature", "geometry": {"type": "Polygon", "coordinates": [[[-51.909129, -23.400064], [-51.909173, -23.400175], [-51.90952, -23.400057], [-51.909476, -23.399947], [-51.909129, -23.400064]]]}, "properties": {"info": {"nmmunicipio": "Maringá"}, "address": "?, ?"}},
{"type": "Feature", "geometry": {"type": "Polygon", "coordinates": [[[-51.909087, -23.399957], [-51.909129, -23.400064], [-51.909476, -23.399947], [-51.909433, -23.39984], [-51.909087, -23.399957]]]}, "properties": {"info": {"nmmunicipio": "Maringá"}, "address": "?, ?"}},
{"type": "Feature", "geometry": {"type": "Polygon", "coordinates": [[[-51.909041, -23.399839], [-51.909087, -23.399957], [-51.909433, -23.39984], [-51.909386, -23.399721], [-51.909041, -23.399839]]]}, "properties": {"info": {"nmmunicipio": "Maringá"}, "address": "?, ?"}},
{"type": "Feature", "geometry": {"type": "Polygon", "coordinates": [[[-51.909, -23.399735], [-51.909041, -23.399839], [-51.909386, -23.399721], [-51.909345, -23.399619], [-51.909, -23.399735]]]}, "properties": {"info": {"nmmunicipio": "Maringá"}, "address": "?, ?"}},
{"type": "Feature", "geometry": {"type": "Polygon", "coordinates": [[[-51.909, -23.399735], [-51.909345, -23.399619], [-51.909305, -23.399517], [-51.908958, -23.399628], [-51.909, -23.399735]]]}, "properties": {"info": {"nmmunicipio": "Maringá"}, "address": "?, ?"}},
{"type": "Feature", "geometry": {"type": "Polygon", "coordinates": [[[-51.908919, -23.399529], [-51.908958, -23.399628], [-51.909305, -23.399517], [-51.909263, -23.399413], [-51.909089, -23.399472], [-51.908919, -23.399529]]]}, "properties": {"info": {"nmmunicipio": "Maringá"}, "address": "?, ?"}},
{"type": "Feature", "geometry": {"type": "Polygon", "coordinates": [[[-51.909089, -23.399472], [-51.909263, -23.399413], [-51.909232, -23.399337], [-51.909224, -23.399316], [-51.909049, -23.399372], [-51.909089, -23.399472]]]}, "properties": {"info": {"nmmunicipio": "Maringá"}, "address": "?, ?"}},
{"type": "Feature", "geometry": {"type": "Polygon", "coordinates": [[[-51.909049, -23.399372], [-51.909224, -23.399316], [-51.909193, -23.399238], [-51.90917, -23.399231], [-51.909013, -23.399285], [-51.909049, -23.399372]]]}, "properties": {"info": {"nmmunicipio": "Maringá"}, "address": "?, ?"}},
{"type": "Feature", "geometry": {"type": "Polygon", "coordinates": [[[-51.909176, -23.400691], [-51.909226, -23.400813], [-51.9094, -23.400753], [-51.909305, -23.40051], [-51.909125, -23.40057], [-51.909176, -23.400691]]]}, "properties": {"info": {"nmmunicipio": "Maringá"}, "address": "?, ?"}},
{"type": "Feature", "geometry": {"type": "Polygon", "coordinates": [[[-51.909016, -23.400747], [-51.909176, -23.400691], [-51.909125, -23.40057], [-51.908966, -23.400623], [-51.909016, -23.400747]]]}, "properties": {"info": {"nmmunicipio": "Maringá"}, "address": "?, ?"}},
{"type": "Feature", "geometry": {"type": "Polygon", "coordinates": [[[-51.909065, -23.400869], [-51.909226, -23.400813], [-51.909176, -23.400691], [-51.909016, -23.400747], [-51.909065, -23.400869]]]}, "properties": {"info": {"nmmunicipio": "Maringá"}, "address": "?, ?"}},
{"type": "Feature", "geometry": {"type": "Polygon", "coordinates": [[[-51.9094, -23.400753], [-51.90957, -23.400695], [-51.909472, -23.400454], [-51.909305, -23.40051], [-51.9094, -23.400753]]]}, "properties": {"info": {"nmmunicipio": "Maringá"}, "address": "?, ?"}},
{"type": "Feature", "geometry": {"type": "Polygon", "coordinates": [[[-51.90957, -23.400695], [-51.909751, -23.400633], [-51.909654, -23.400392], [-51.909472, -23.400454], [-51.90957, -23.400695]]]}, "properties": {"info": {"nmmunicipio": "Maringá"}, "address": "?, ?"}},
{"type": "Feature", "geometry": {"type": "Polygon", "coordinates": [[[-51.909305, -23.40051], [-51.909472, -23.400454], [-51.909654, -23.400392], [-51.909612, -23.400286], [-51.909262, -23.400402], [-51.909305, -23.40051]]]}, "properties": {"info": {"nmmunicipio": "Maringá"}, "address": "?, ?"}},
{"type": "Feature", "geometry": {"type": "Polygon", "coordinates": [[[-51.909216, -23.400285], [-51.909262, -23.400402], [-51.909612, -23.400286], [-51.909565, -23.400169], [-51.909216, -23.400285]]]}, "properties": {"info": {"nmmunicipio": "Maringá"}, "address": "?, ?"}},
{"type": "Feature", "geometry": {"type": "Polygon", "coordinates": [[[-51.903652, -23.396272], [-51.903768, -23.396205], [-51.903659, -23.396047], [-51.903543, -23.396114], [-51.903652, -23.396272]]]}, "properties": {"info": {"nmmunicipio": "Maringá"}, "address": "?, ?"}},
{"type": "Feature", "geometry": {"type": "Polygon", "coordinates": [[[-51.903536, -23.396339], [-51.903652, -23.396272], [-51.903543, -23.396114], [-51.903426, -23.39618], [-51.903536, -23.396339]]]}, "properties": {"info": {"nmmunicipio": "Maringá"}, "address": "?, ?"}},
{"type": "Feature", "geometry": {"type": "Polygon", "coordinates": [[[-51.903419, -23.396406], [-51.903536, -23.396339], [-51.903426, -23.39618], [-51.90331, -23.396247], [-51.903419, -23.396406]]]}, "properties": {"info": {"nmmunicipio": "Maringá"}, "address": "?, ?"}},
{"type": "Feature", "geometry": {"type": "Polygon", "coordinates": [[[-51.903303, -23.396473], [-51.903419, -23.396406], [-51.90331, -23.396247], [-51.903194, -23.396314], [-51.903303, -23.396473]]]}, "properties": {"info": {"nmmunicipio": "Maringá"}, "address": "?, ?"}},
{"type": "Feature", "geometry": {"type": "Polygon", "coordinates": [[[-51.903187, -23.39654], [-51.903303, -23.396473], [-51.903194, -23.396314], [-51.903077, -23.396381], [-51.903187, -23.39654]]]}, "properties": {"info": {"nmmunicipio": "Maringá"}, "address": "?, ?"}},
{"type": "Feature", "geometry": {"type": "Polygon", "coordinates": [[[-51.903071, -23.396607], [-51.903187, -23.39654], [-51.903077, -23.396381], [-51.902961, -23.396447], [-51.903071, -23.396607]]]}, "properties": {"info": {"nmmunicipio": "Maringá"}, "address": "?, ?"}},
{"type": "Feature", "geometry": {"type": "Polygon", "coordinates": [[[-51.908792, -23.398712], [-51.908959, -23.398655], [-51.908903, -23.398517], [-51.908735, -23.398571], [-51.908792, -23.398712]]]}, "properties": {"info": {"nmmunicipio": "Maringá"}, "address": "?, ?"}},
{"type": "Feature", "geometry": {"type": "Polygon", "coordinates": [[[-51.908921, -23.399031], [-51.909086, -23.398973], [-51.908959, -23.398655], [-51.908792, -23.398712], [-51.908921, -23.399031]]]}, "properties": {"info": {"nmmunicipio": "Maringá"}, "address": "?, ?"}},
{"type": "Feature", "geometry": {"type": "Polygon", "coordinates": [[[-51.907577, -23.400716], [-51.907616, -23.400813], [-51.907893, -23.400718], [-51.907854, -23.40062], [-51.907577, -23.400716]]]}, "properties": {"info": {"nmmunicipio": "Maringá"}, "address": "?, ?"}},
{"type": "Feature", "geometry": {"type": "Polygon", "coordinates": [[[-51.907535, -23.400612], [-51.907577, -23.400716], [-51.907854, -23.40062], [-51.907812, -23.400516], [-51.907535, -23.400612]]]}, "properties": {"info": {"nmmunicipio": "Maringá"}, "address": "?, ?"}},
{"type": "Feature", "geometry": {"type": "Polygon", "coordinates": [[[-51.907535, -23.400612], [-51.907812, -23.400516], [-51.907771, -23.400411], [-51.907492, -23.400505], [-51.907535, -23.400612]]]}, "properties": {"info": {"nmmunicipio": "Maringá"}, "address": "?, ?"}},
{"type": "Feature", "geometry": {"type": "Polygon", "coordinates": [[[-51.901197, -23.396459], [-51.901091, -23.396313], [-51.900982, -23.396375], [-51.900968, -23.396384], [-51.901073, -23.396529], [-51.901197, -23.396459]]]}, "properties": {"info": {"nmmunicipio": "Maringá"}, "address": "?, ?"}},
{"type": "Feature", "geometry": {"type": "Polygon", "coordinates": [[[-51.903497, -23.397579], [-51.903614, -23.397513], [-51.9035, -23.397347], [-51.903384, -23.397413], [-51.903497, -23.397579]]]}, "properties": {"info": {"nmmunicipio": "Maringá"}, "address": "?, ?"}},
{"type": "Feature", "geometry": {"type": "Polygon", "coordinates": [[[-51.903381, -23.397646], [-51.903497, -23.397579], [-51.903384, -23.397413], [-51.903267, -23.39748], [-51.903381, -23.397646]]]}, "properties": {"info": {"nmmunicipio": "Maringá"}, "address": "?, ?"}},
{"type": "Feature", "geometry": {"type": "Polygon", "coordinates": [[[-51.903186, -23.397598], [-51.903264, -23.397713], [-51.903381, -23.397646], [-51.903267, -23.39748], [-51.903151, -23.397546], [-51.903186, -23.397598]]]}, "properties": {"info": {"nmmunicipio": "Maringá"}, "address": "?, ?"}},
{"type": "Feature", "geometry": {"type": "Polygon", "coordinates": [[[-51.902976, -23.397718], [-51.903048, -23.397836], [-51.903264, -23.397713], [-51.903186, -23.397598], [-51.902976, -23.397718]]]}, "properties": {"info": {"nmmunicipio": "Maringá"}, "address": "?, ?"}},
{"type": "Feature", "geometry": {"type": "Polygon", "coordinates": [[[-51.903884, -23.396138], [-51.904, -23.396071], [-51.903892, -23.395913], [-51.903776, -23.39598], [-51.903884, -23.396138]]]}, "properties": {"info": {"nmmunicipio": "Maringá"}, "address": "?, ?"}},
{"type": "Feature", "geometry": {"type": "Polygon", "coordinates": [[[-51.902108, -23.396535], [-51.902012, -23.396375], [-51.901835, -23.396478], [-51.901936, -23.396634], [-51.902108, -23.396535]]]}, "properties": {"info": {"nmmunicipio": "Maringá"}, "address": "?, ?"}},
{"type": "Feature", "geometry": {"type": "Polygon", "coordinates": [[[-51.902012, -23.396375], [-51.90191, -23.396205], [-51.901727, -23.396309], [-51.901835, -23.396478], [-51.902012, -23.396375]]]}, "properties": {"info": {"nmmunicipio": "Maringá"}, "address": "?, ?"}},
{"type": "Feature", "geometry": {"type": "Polygon", "coordinates": [[[-51.901936, -23.396634], [-51.901835, -23.396478], [-51.90172, -23.396545], [-51.90182, -23.396701], [-51.901936, -23.396634]]]}, "properties": {"info": {"nmmunicipio": "Maringá"}, "address": "?, ?"}},
{"type": "Feature", "geometry": {"type": "Polygon", "coordinates": [[[-51.901835, -23.396478], [-51.901727, -23.396309], [-51.901612, -23.396375], [-51.90172, -23.396545], [-51.901835, -23.396478]]]}, "properties": {"info": {"nmmunicipio": "Maringá"}, "address": "?, ?"}},
{"type": "Feature", "geometry": {"type": "Polygon", "coordinates": [[[-51.90182, -23.396701], [-51.90172, -23.396545], [-51.901602, -23.396614], [-51.901699, -23.396771], [-51.90182, -23.396701]]]}, "properties": {"info": {"nmmunicipio": "Maringá"}, "address": "?, ?"}},
{"type": "Feature", "geometry": {"type": "Polygon", "coordinates": [[[-51.90172, -23.396545], [-51.901612, -23.396375], [-51.901495, -23.396442], [-51.901602, -23.396614], [-51.90172, -23.396545]]]}, "properties": {"info": {"nmmunicipio": "Maringá"}, "address": "?, ?"}},
{"type": "Feature", "geometry": {"type": "Polygon", "coordinates": [[[-51.901699, -23.396771], [-51.901602, -23.396614], [-51.901484, -23.396682], [-51.901583, -23.396838], [-51.901699, -23.396771]]]}, "properties": {"info": {"nmmunicipio": "Maringá"}, "address": "?, ?"}},
{"type": "Feature", "geometry": {"type": "Polygon", "coordinates": [[[-51.901602, -23.396614], [-51.901495, -23.396442], [-51.901375, -23.39651], [-51.901484, -23.396682], [-51.901602, -23.396614]]]}, "properties": {"info": {"nmmunicipio": "Maringá"}, "address": "?, ?"}},
{"type": "Feature", "geometry": {"type": "Polygon", "coordinates": [[[-51.901583, -23.396838], [-51.901484, -23.396682], [-51.901372, -23.396748], [-51.90147, -23.396903], [-51.901583, -23.396838]]]}, "properties": {"info": {"nmmunicipio": "Maringá"}, "address": "?, ?"}},
{"type": "Feature", "geometry": {"type": "Polygon", "coordinates": [[[-51.901484, -23.396682], [-51.901375, -23.39651], [-51.901263, -23.396574], [-51.901372, -23.396748], [-51.901484, -23.396682]]]}, "properties": {"info": {"nmmunicipio": "Maringá"}, "address": "?, ?"}},
{"type": "Feature", "geometry": {"type": "Polygon", "coordinates": [[[-51.90147, -23.396903], [-51.901372, -23.396748], [-51.901255, -23.396816], [-51.901353, -23.39697], [-51.90147, -23.396903]]]}, "properties": {"info": {"nmmunicipio": "Maringá"}, "address": "?, ?"}},
{"type": "Feature", "geometry": {"type": "Polygon", "coordinates": [[[-51.901372, -23.396748], [-51.901263, -23.396574], [-51.901145, -23.396642], [-51.901255, -23.396816], [-51.901372, -23.396748]]]}, "properties": {"info": {"nmmunicipio": "Maringá"}, "address": "?, ?"}},
{"type": "Feature", "geometry": {"type": "Polygon", "coordinates": [[[-51.901353, -23.39697], [-51.901255, -23.396816], [-51.901141, -23.396882], [-51.901237, -23.397037], [-51.901353, -23.39697]]]}, "properties": {"info": {"nmmunicipio": "Maringá"}, "address": "?, ?"}},
{"type": "Feature", "geometry": {"type": "Polygon", "coordinates": [[[-51.901255, -23.396816], [-51.901145, -23.396642], [-51.901033, -23.396706], [-51.901141, -23.396882], [-51.901255, -23.396816]]]}, "properties": {"info": {"nmmunicipio": "Maringá"}, "address": "?, ?"}},
{"type": "Feature", "geometry": {"type": "Polygon", "coordinates": [[[-51.901237, -23.397037], [-51.901141, -23.396882], [-51.901025, -23.396949], [-51.901049, -23.396988], [-51.901121, -23.397104], [-51.901237, -23.397037]]]}, "properties": {"info": {"nmmunicipio": "Maringá"}, "address": "?, ?"}},
{"type": "Feature", "geometry": {"type": "Polygon", "coordinates": [[[-51.901141, -23.396882], [-51.901033, -23.396706], [-51.900916, -23.396772], [-51.900985, -23.396884], [-51.901025, -23.396949], [-51.901141, -23.396882]]]}, "properties": {"info": {"nmmunicipio": "Maringá"}, "address": "?, ?"}},
{"type": "Feature", "geometry": {"type": "Polygon", "coordinates": [[[-51.900921, -23.397219], [-51.901121, -23.397104], [-51.901049, -23.396988], [-51.90085, -23.397101], [-51.900921, -23.397219]]]}, "properties": {"info": {"nmmunicipio": "Maringá"}, "address": "?, ?"}},
{"type": "Feature", "geometry": {"type": "Polygon", "coordinates": [[[-51.900787, -23.396994], [-51.900985, -23.396884], [-51.900916, -23.396772], [-51.90072, -23.396884], [-51.900787, -23.396994]]]}, "properties": {"info": {"nmmunicipio": "Maringá"}, "address": "?, ?"}},
{"type": "Feature", "geometry": {"type": "Polygon", "coordinates": [[[-51.90085, -23.397101], [-51.901049, -23.396988], [-51.900985, -23.396884], [-51.900787, -23.396994], [-51.900828, -23.397064], [-51.90085, -23.397101]]]}, "properties": {"info": {"nmmunicipio": "Maringá"}, "address": "?, ?"}},
{"type": "Feature", "geometry": {"type": "Polygon", "coordinates": [[[-51.901844, -23.396095], [-51.901747, -23.395934], [-51.901599, -23.396019], [-51.901581, -23.39603], [-51.901683, -23.396186], [-51.901844, -23.396095]]]}, "properties": {"info": {"nmmunicipio": "Maringá"}, "address": "?, ?"}},
{"type": "Feature", "geometry": {"type": "Polygon", "coordinates": [[[-51.901683, -23.396186], [-51.901581, -23.39603], [-51.901478, -23.396089], [-51.901458, -23.396101], [-51.90156, -23.396254], [-51.901683, -23.396186]]]}, "properties": {"info": {"nmmunicipio": "Maringá"}, "address": "?, ?"}},
{"type": "Feature", "geometry": {"type": "Polygon", "coordinates": [[[-51.901439, -23.396323], [-51.901338, -23.39617], [-51.901232, -23.396231], [-51.901217, -23.39624], [-51.901321, -23.396389], [-51.901439, -23.396323]]]}, "properties": {"info": {"nmmunicipio": "Maringá"}, "address": "?, ?"}},
{"type": "Feature", "geometry": {"type": "Polygon", "coordinates": [[[-51.901321, -23.396389], [-51.901217, -23.39624], [-51.901103, -23.396306], [-51.901091, -23.396313], [-51.901197, -23.396459], [-51.901321, -23.396389]]]}, "properties": {"info": {"nmmunicipio": "Maringá"}, "address": "?, ?"}},
{"type": "Feature", "geometry": {"type": "Polygon", "coordinates": [[[-51.908109, -23.399315], [-51.908033, -23.399123], [-51.907902, -23.399167], [-51.907979, -23.39936], [-51.908109, -23.399315]]]}, "properties": {"info": {"nmmunicipio": "Maringá"}, "address": "?, ?"}},
{"type": "Feature", "geometry": {"type": "Polygon", "coordinates": [[[-51.908255, -23.399264], [-51.908177, -23.399074], [-51.908033, -23.399123], [-51.908109, -23.399315], [-51.908255, -23.399264]]]}, "properties": {"info": {"nmmunicipio": "Maringá"}, "address": "?, ?"}},
{"type": "Feature", "geometry": {"type": "Polygon", "coordinates": [[[-51.909044, -23.396109], [-51.909182, -23.396062], [-51.90914, -23.395961], [-51.909004, -23.396009], [-51.909044, -23.396109]]]}, "properties": {"info": {"nmmunicipio": "Maringá"}, "address": "?, ?"}},
{"type": "Feature", "geometry": {"type": "Polygon", "coordinates": [[[-51.904549, -23.396749], [-51.9047, -23.396663], [-51.904622, -23.396474], [-51.904435, -23.396581], [-51.904549, -23.396749]]]}, "properties": {"info": {"nmmunicipio": "Maringá"}, "address": "?, ?"}},
{"type": "Feature", "geometry": {"type": "Polygon", "coordinates": [[[-51.904663, -23.396914], [-51.904776, -23.39685], [-51.904773, -23.39684], [-51.9047, -23.396663], [-51.904549, -23.396749], [-51.904663, -23.396914]]]}, "properties": {"info": {"nmmunicipio": "Maringá"}, "address": "?, ?"}},
{"type": "Feature", "geometry": {"type": "Polygon", "coordinates": [[[-51.904546, -23.396981], [-51.904663, -23.396914], [-51.904549, -23.396749], [-51.904433, -23.396815], [-51.904546, -23.396981]]]}, "properties": {"info": {"nmmunicipio": "Maringá"}, "address": "?, ?"}},
{"type": "Feature", "geometry": {"type": "Polygon", "coordinates": [[[-51.904313, -23.397114], [-51.90443, -23.397047], [-51.904316, -23.396882], [-51.9042, -23.396948], [-51.904313, -23.397114]]]}, "properties": {"info": {"nmmunicipio": "Maringá"}, "address": "?, ?"}},
{"type": "Feature", "geometry": {"type": "Polygon", "coordinates": [[[-51.904197, -23.39718], [-51.904313, -23.397114], [-51.9042, -23.396948], [-51.904083, -23.397014], [-51.904197, -23.39718]]]}, "properties": {"info": {"nmmunicipio": "Maringá"}, "address": "?, ?"}},
{"type": "Feature", "geometry": {"type": "Polygon", "coordinates": [[[-51.90408, -23.397247], [-51.904197, -23.39718], [-51.904083, -23.397014], [-51.903967, -23.397081], [-51.90408, -23.397247]]]}, "properties": {"info": {"nmmunicipio": "Maringá"}, "address": "?, ?"}},
{"type": "Feature", "geometry": {"type": "Polygon", "coordinates": [[[-51.903964, -23.397313], [-51.90408, -23.397247], [-51.903967, -23.397081], [-51.90385, -23.397147], [-51.903964, -23.397313]]]}, "properties": {"info": {"nmmunicipio": "Maringá"}, "address": "?, ?"}},
{"type": "Feature", "geometry": {"type": "Polygon", "coordinates": [[[-51.903847, -23.39738], [-51.903964, -23.397313], [-51.90385, -23.397147], [-51.903733, -23.397214], [-51.903847, -23.39738]]]}, "properties": {"info": {"nmmunicipio": "Maringá"}, "address": "?, ?"}},
{"type": "Feature", "geometry": {"type": "Polygon", "coordinates": [[[-51.903614, -23.397513], [-51.903731, -23.397446], [-51.903617, -23.39728], [-51.9035, -23.397347], [-51.903614, -23.397513]]]}, "properties": {"info": {"nmmunicipio": "Maringá"}, "address": "?, ?"}},
{"type": "Feature", "geometry": {"type": "Polygon", "coordinates": [[[-51.907979, -23.39936], [-51.907902, -23.399167], [-51.908033, -23.399123], [-51.908177, -23.399074], [-51.908135, -23.398972], [-51.908094, -23.39887], [-51.90782, -23.398964], [-51.907655, -23.399021], [-51.907817, -23.399416], [-51.907979, -23.39936]]]}, "properties": {"info": {"nmmunicipio": "Maringá"}, "address": "?, ?"}},
{"type": "Feature", "geometry": {"type": "Polygon", "coordinates": [[[-51.903733, -23.397214], [-51.90385, -23.397147], [-51.903737, -23.396982], [-51.903621, -23.397049], [-51.903733, -23.397214]]]}, "properties": {"info": {"nmmunicipio": "Maringá"}, "address": "?, ?"}},
{"type": "Feature", "geometry": {"type": "Polygon", "coordinates": [[[-51.90385, -23.397147], [-51.903967, -23.397081], [-51.903853, -23.396916], [-51.903737, -23.396982], [-51.90385, -23.397147]]]}, "properties": {"info": {"nmmunicipio": "Maringá"}, "address": "?, ?"}},
{"type": "Feature", "geometry": {"type": "Polygon", "coordinates": [[[-51.903967, -23.397081], [-51.904083, -23.397014], [-51.90397, -23.396849], [-51.903853, -23.396916], [-51.903967, -23.397081]]]}, "properties": {"info": {"nmmunicipio": "Maringá"}, "address": "?, ?"}},
{"type": "Feature", "geometry": {"type": "Polygon", "coordinates": [[[-51.904083, -23.397014], [-51.9042, -23.396948], [-51.904086, -23.396782], [-51.90397, -23.396849], [-51.904083, -23.397014]]]}, "properties": {"info": {"nmmunicipio": "Maringá"}, "address": "?, ?"}},
{"type": "Feature", "geometry": {"type": "Polygon", "coordinates": [[[-51.9042, -23.396948], [-51.904316, -23.396882], [-51.904202, -23.396715], [-51.904086, -23.396782], [-51.9042, -23.396948]]]}, "properties": {"info": {"nmmunicipio": "Maringá"}, "address": "?, ?"}},
{"type": "Feature", "geometry": {"type": "Polygon", "coordinates": [[[-51.904316, -23.396882], [-51.904433, -23.396815], [-51.904319, -23.396648], [-51.904202, -23.396715], [-51.904316, -23.396882]]]}, "properties": {"info": {"nmmunicipio": "Maringá"}, "address": "?, ?"}},
{"type": "Feature", "geometry": {"type": "Polygon", "coordinates": [[[-51.904433, -23.396815], [-51.904549, -23.396749], [-51.904435, -23.396581], [-51.904319, -23.396648], [-51.904433, -23.396815]]]}, "properties": {"info": {"nmmunicipio": "Maringá"}, "address": "?, ?"}},
{"type": "Feature", "geometry": {"type": "Polygon", "coordinates": [[[-51.902954, -23.396674], [-51.903071, -23.396607], [-51.902961, -23.396447], [-51.902845, -23.396514], [-51.902954, -23.396674]]]}, "properties": {"info": {"nmmunicipio": "Maringá"}, "address": "?, ?"}},
{"type": "Feature", "geometry": {"type": "Polygon", "coordinates": [[[-51.902838, -23.396741], [-51.902954, -23.396674], [-51.902845, -23.396514], [-51.902728, -23.396581], [-51.902838, -23.396741]]]}, "properties": {"info": {"nmmunicipio": "Maringá"}, "address": "?, ?"}},
{"type": "Feature", "geometry": {"type": "Polygon", "coordinates": [[[-51.903242, -23.397116], [-51.903359, -23.39705], [-51.903247, -23.396887], [-51.903131, -23.396953], [-51.903242, -23.397116]]]}, "properties": {"info": {"nmmunicipio": "Maringá"}, "address": "?, ?"}},
{"type": "Feature", "geometry": {"type": "Polygon", "coordinates": [[[-51.903126, -23.397182], [-51.903242, -23.397116], [-51.903131, -23.396953], [-51.903014, -23.39702], [-51.903126, -23.397182]]]}, "properties": {"info": {"nmmunicipio": "Maringá"}, "address": "?, ?"}},
{"type": "Feature", "geometry": {"type": "Polygon", "coordinates": [[[-51.90293, -23.397134], [-51.903009, -23.397249], [-51.903126, -23.397182], [-51.903014, -23.39702], [-51.902897, -23.397086], [-51.90293, -23.397134]]]}, "properties": {"info": {"nmmunicipio": "Maringá"}, "address": "?, ?"}},
{"type": "Feature", "geometry": {"type": "Polygon", "coordinates": [[[-51.90272, -23.397254], [-51.902792, -23.397372], [-51.903009, -23.397249], [-51.90293, -23.397134], [-51.90272, -23.397254]]]}, "properties": {"info": {"nmmunicipio": "Maringá"}, "address": "?, ?"}},
{"type": "Feature", "geometry": {"type": "Polygon", "coordinates": [[[-51.902841, -23.397497], [-51.902915, -23.397618], [-51.90312, -23.397501], [-51.903039, -23.397383], [-51.902841, -23.397497]]]}, "properties": {"info": {"nmmunicipio": "Maringá"}, "address": "?, ?"}},
{"type": "Feature", "geometry": {"type": "Polygon", "coordinates": [[[-51.90312, -23.397501], [-51.903151, -23.397546], [-51.903267, -23.39748], [-51.903156, -23.397317], [-51.903039, -23.397383], [-51.90312, -23.397501]]]}, "properties": {"info": {"nmmunicipio": "Maringá"}, "address": "?, ?"}},
{"type": "Feature", "geometry": {"type": "Polygon", "coordinates": [[[-51.903267, -23.39748], [-51.903384, -23.397413], [-51.903272, -23.39725], [-51.903156, -23.397317], [-51.903267, -23.39748]]]}, "properties": {"info": {"nmmunicipio": "Maringá"}, "address": "?, ?"}},
{"type": "Feature", "geometry": {"type": "Polygon", "coordinates": [[[-51.903384, -23.397413], [-51.9035, -23.397347], [-51.903388, -23.397183], [-51.903272, -23.39725], [-51.903384, -23.397413]]]}, "properties": {"info": {"nmmunicipio": "Maringá"}, "address": "?, ?"}},
{"type": "Feature", "geometry": {"type": "Polygon", "coordinates": [[[-51.9035, -23.397347], [-51.903617, -23.39728], [-51.903504, -23.397116], [-51.903388, -23.397183], [-51.9035, -23.397347]]]}, "properties": {"info": {"nmmunicipio": "Maringá"}, "address": "?, ?"}},
{"type": "Feature", "geometry": {"type": "Polygon", "coordinates": [[[-51.909093, -23.396232], [-51.909128, -23.396243], [-51.909241, -23.396204], [-51.909182, -23.396062], [-51.909044, -23.396109], [-51.909093, -23.396232]]]}, "properties": {"info": {"nmmunicipio": "Maringá"}, "address": "?, ?"}},
{"type": "Feature", "geometry": {"type": "Polygon", "coordinates": [[[-51.902722, -23.396808], [-51.902838, -23.396741], [-51.902728, -23.396581], [-51.902612, -23.396648], [-51.902722, -23.396808]]]}, "properties": {"info": {"nmmunicipio": "Maringá"}, "address": "?, ?"}},
{"type": "Feature", "geometry": {"type": "Polygon", "coordinates": [[[-51.902419, -23.396758], [-51.90252, -23.396925], [-51.902722, -23.396808], [-51.902612, -23.396648], [-51.902419, -23.396758]]]}, "properties": {"info": {"nmmunicipio": "Maringá"}, "address": "?, ?"}},
{"type": "Feature", "geometry": {"type": "Polygon", "coordinates": [[[-51.902317, -23.396592], [-51.902419, -23.396758], [-51.902612, -23.396648], [-51.902502, -23.396487], [-51.902317, -23.396592]]]}, "properties": {"info": {"nmmunicipio": "Maringá"}, "address": "?, ?"}},
{"type": "Feature", "geometry": {"type": "Polygon", "coordinates": [[[-51.902612, -23.396648], [-51.902728, -23.396581], [-51.902618, -23.39642], [-51.902502, -23.396487], [-51.902612, -23.396648]]]}, "properties": {"info": {"nmmunicipio": "Maringá"}, "address": "?, ?"}},
{"type": "Feature", "geometry": {"type": "Polygon", "coordinates": [[[-51.902728, -23.396581], [-51.902845, -23.396514], [-51.902734, -23.396353], [-51.902618, -23.39642], [-51.902728, -23.396581]]]}, "properties": {"info": {"nmmunicipio": "Maringá"}, "address": "?, ?"}},
{"type": "Feature", "geometry": {"type": "Polygon", "coordinates": [[[-51.902845, -23.396514], [-51.902961, -23.396447], [-51.902851, -23.396286], [-51.902734, -23.396353], [-51.902845, -23.396514]]]}, "properties": {"info": {"nmmunicipio": "Maringá"}, "address": "?, ?"}},
{"type": "Feature", "geometry": {"type": "Polygon", "coordinates": [[[-51.902961, -23.396447], [-51.903077, -23.396381], [-51.902967, -23.39622], [-51.902851, -23.396286], [-51.902961, -23.396447]]]}, "properties": {"info": {"nmmunicipio": "Maringá"}, "address": "?, ?"}},
{"type": "Feature", "geometry": {"type": "Polygon", "coordinates": [[[-51.903077, -23.396381], [-51.903194, -23.396314], [-51.903083, -23.396153], [-51.902967, -23.39622], [-51.903077, -23.396381]]]}, "properties": {"info": {"nmmunicipio": "Maringá"}, "address": "?, ?"}},
{"type": "Feature", "geometry": {"type": "Polygon", "coordinates": [[[-51.903194, -23.396314], [-51.90331, -23.396247], [-51.9032, -23.396086], [-51.903083, -23.396153], [-51.903194, -23.396314]]]}, "properties": {"info": {"nmmunicipio": "Maringá"}, "address": "?, ?"}},
{"type": "Feature", "geometry": {"type": "Polygon", "coordinates": [[[-51.90331, -23.396247], [-51.903426, -23.39618], [-51.903316, -23.396019], [-51.9032, -23.396086], [-51.90331, -23.396247]]]}, "properties": {"info": {"nmmunicipio": "Maringá"}, "address": "?, ?"}},
{"type": "Feature", "geometry": {"type": "Polygon", "coordinates": [[[-51.903426, -23.39618], [-51.903543, -23.396114], [-51.903433, -23.395953], [-51.903316, -23.396019], [-51.903426, -23.39618]]]}, "properties": {"info": {"nmmunicipio": "Maringá"}, "address": "?, ?"}},
{"type": "Feature", "geometry": {"type": "Polygon", "coordinates": [[[-51.903659, -23.396047], [-51.903776, -23.39598], [-51.903665, -23.395819], [-51.903549, -23.395886], [-51.903659, -23.396047]]]}, "properties": {"info": {"nmmunicipio": "Maringá"}, "address": "?, ?"}},
{"type": "Feature", "geometry": {"type": "Polygon", "coordinates": [[[-51.903776, -23.39598], [-51.903892, -23.395913], [-51.903782, -23.395752], [-51.903665, -23.395819], [-51.903776, -23.39598]]]}, "properties": {"info": {"nmmunicipio": "Maringá"}, "address": "?, ?"}},
{"type": "Feature", "geometry": {"type": "Polygon", "coordinates": [[[-51.90272, -23.397254], [-51.90293, -23.397134], [-51.902897, -23.397086], [-51.902866, -23.397041], [-51.902662, -23.397157], [-51.90272, -23.397254]]]}, "properties": {"info": {"nmmunicipio": "Maringá"}, "address": "?, ?"}},
{"type": "Feature", "geometry": {"type": "Polygon", "coordinates": [[[-51.902588, -23.397036], [-51.902662, -23.397157], [-51.902866, -23.397041], [-51.902786, -23.396923], [-51.902588, -23.397036]]]}, "properties": {"info": {"nmmunicipio": "Maringá"}, "address": "?, ?"}},
{"type": "Feature", "geometry": {"type": "Polygon", "coordinates": [[[-51.902866, -23.397041], [-51.902897, -23.397086], [-51.903014, -23.39702], [-51.902903, -23.396857], [-51.902786, -23.396923], [-51.902866, -23.397041]]]}, "properties": {"info": {"nmmunicipio": "Maringá"}, "address": "?, ?"}},
{"type": "Feature", "geometry": {"type": "Polygon", "coordinates": [[[-51.903131, -23.396953], [-51.903247, -23.396887], [-51.903136, -23.396724], [-51.903019, -23.39679], [-51.903131, -23.396953]]]}, "properties": {"info": {"nmmunicipio": "Maringá"}, "address": "?, ?"}},
{"type": "Feature", "geometry": {"type": "Polygon", "coordinates": [[[-51.903247, -23.396887], [-51.903364, -23.39682], [-51.903252, -23.396658], [-51.903136, -23.396724], [-51.903247, -23.396887]]]}, "properties": {"info": {"nmmunicipio": "Maringá"}, "address": "?, ?"}},
{"type": "Feature", "geometry": {"type": "Polygon", "coordinates": [[[-51.903364, -23.39682], [-51.90348, -23.396754], [-51.903369, -23.396591], [-51.903252, -23.396658], [-51.903364, -23.39682]]]}, "properties": {"info": {"nmmunicipio": "Maringá"}, "address": "?, ?"}},
{"type": "Feature", "geometry": {"type": "Polygon", "coordinates": [[[-51.90348, -23.396754], [-51.903597, -23.396687], [-51.903485, -23.396525], [-51.903369, -23.396591], [-51.90348, -23.396754]]]}, "properties": {"info": {"nmmunicipio": "Maringá"}, "address": "?, ?"}},
{"type": "Feature", "geometry": {"type": "Polygon", "coordinates": [[[-51.903597, -23.396687], [-51.903713, -23.396621], [-51.903602, -23.396458], [-51.903485, -23.396525], [-51.903597, -23.396687]]]}, "properties": {"info": {"nmmunicipio": "Maringá"}, "address": "?, ?"}},
{"type": "Feature", "geometry": {"type": "Polygon", "coordinates": [[[-51.903713, -23.396621], [-51.90383, -23.396554], [-51.903718, -23.396392], [-51.903602, -23.396458], [-51.903713, -23.396621]]]}, "properties": {"info": {"nmmunicipio": "Maringá"}, "address": "?, ?"}},
{"type": "Feature", "geometry": {"type": "Polygon", "coordinates": [[[-51.904063, -23.396421], [-51.90418, -23.396355], [-51.904068, -23.396192], [-51.903952, -23.396259], [-51.904063, -23.396421]]]}, "properties": {"info": {"nmmunicipio": "Maringá"}, "address": "?, ?"}},
{"type": "Feature", "geometry": {"type": "Polygon", "coordinates": [[[-51.90418, -23.396355], [-51.904296, -23.396289], [-51.904268, -23.396247], [-51.904185, -23.396126], [-51.904068, -23.396192], [-51.90418, -23.396355]]]}, "properties": {"info": {"nmmunicipio": "Maringá"}, "address": "?, ?"}},
{"type": "Feature", "geometry": {"type": "Polygon", "coordinates": [[[-51.904268, -23.396247], [-51.904498, -23.396116], [-51.904441, -23.39598], [-51.904185, -23.396126], [-51.904268, -23.396247]]]}, "properties": {"info": {"nmmunicipio": "Maringá"}, "address": "?, ?"}},
{"type": "Feature", "geometry": {"type": "Polygon", "coordinates": [[[-51.904296, -23.396289], [-51.904331, -23.396339], [-51.90454, -23.396219], [-51.904498, -23.396116], [-51.904268, -23.396247], [-51.904296, -23.396289]]]}, "properties": {"info": {"nmmunicipio": "Maringá"}, "address": "?, ?"}},
{"type": "Feature", "geometry": {"type": "Polygon", "coordinates": [[[-51.904331, -23.396339], [-51.904409, -23.396453], [-51.904594, -23.396348], [-51.904562, -23.396272], [-51.90454, -23.396219], [-51.904331, -23.396339]]]}, "properties": {"info": {"nmmunicipio": "Maringá"}, "address": "?, ?"}},
{"type": "Feature", "geometry": {"type": "Polygon", "coordinates": [[[-51.904292, -23.396519], [-51.904409, -23.396453], [-51.904331, -23.396339], [-51.904296, -23.396289], [-51.90418, -23.396355], [-51.904292, -23.396519]]]}, "properties": {"info": {"nmmunicipio": "Maringá"}, "address": "?, ?"}},
{"type": "Feature", "geometry": {"type": "Polygon", "coordinates": [[[-51.900948, -23.396599], [-51.900845, -23.396455], [-51.900728, -23.396522], [-51.900714, -23.39653], [-51.900812, -23.396676], [-51.900948, -23.396599]]]}, "properties": {"info": {"nmmunicipio": "Maringá"}, "address": "?, ?"}},
{"type": "Feature", "geometry": {"type": "Polygon", "coordinates": [[[-51.90065, -23.396767], [-51.900812, -23.396676], [-51.900714, -23.39653], [-51.900561, -23.396619], [-51.90065, -23.396767]]]}, "properties": {"info": {"nmmunicipio": "Maringá"}, "address": "?, ?"}},
{"type": "Feature", "geometry": {"type": "Polygon", "coordinates": [[[-51.90383, -23.396554], [-51.903946, -23.396488], [-51.903835, -23.396325], [-51.903718, -23.396392], [-51.90383, -23.396554]]]}, "properties": {"info": {"nmmunicipio": "Maringá"}, "address": "?, ?"}},
{"type": "Feature", "geometry": {"type": "Polygon", "coordinates": [[[-51.903946, -23.396488], [-51.904063, -23.396421], [-51.903952, -23.396259], [-51.903835, -23.396325], [-51.903946, -23.396488]]]}, "properties": {"info": {"nmmunicipio": "Maringá"}, "address": "?, ?"}},
{"type": "Feature", "geometry": {"type": "Polygon", "coordinates": [[[-51.903332, -23.395614], [-51.903448, -23.395548], [-51.903339, -23.395389], [-51.903222, -23.395455], [-51.903332, -23.395614]]]}, "properties": {"info": {"nmmunicipio": "Maringá"}, "address": "?, ?"}},
{"type": "Feature", "geometry": {"type": "Polygon", "coordinates": [[[-51.903448, -23.395548], [-51.903565, -23.395481], [-51.903455, -23.395322], [-51.903339, -23.395389], [-51.903448, -23.395548]]]}, "properties": {"info": {"nmmunicipio": "Maringá"}, "address": "?, ?"}},
{"type": "Feature", "geometry": {"type": "Polygon", "coordinates": [[[-51.904176, -23.396586], [-51.904292, -23.396519], [-51.90418, -23.396355], [-51.904063, -23.396421], [-51.904176, -23.396586]]]}, "properties": {"info": {"nmmunicipio": "Maringá"}, "address": "?, ?"}},
{"type": "Feature", "geometry": {"type": "Polygon", "coordinates": [[[-51.903671, -23.395636], [-51.903787, -23.395569], [-51.903681, -23.395415], [-51.903565, -23.395481], [-51.903671, -23.395636]]]}, "properties": {"info": {"nmmunicipio": "Maringá"}, "address": "?, ?"}},
{"type": "Feature", "geometry": {"type": "Polygon", "coordinates": [[[-51.903554, -23.395703], [-51.903671, -23.395636], [-51.903565, -23.395481], [-51.903448, -23.395548], [-51.903554, -23.395703]]]}, "properties": {"info": {"nmmunicipio": "Maringá"}, "address": "?, ?"}},
{"type": "Feature", "geometry": {"type": "Polygon", "coordinates": [[[-51.903438, -23.39577], [-51.903554, -23.395703], [-51.903448, -23.395548], [-51.903332, -23.395614], [-51.903438, -23.39577]]]}, "properties": {"info": {"nmmunicipio": "Maringá"}, "address": "?, ?"}},
{"type": "Feature", "geometry": {"type": "Polygon", "coordinates": [[[-51.903322, -23.395836], [-51.903438, -23.39577], [-51.903332, -23.395614], [-51.903215, -23.395681], [-51.903322, -23.395836]]]}, "properties": {"info": {"nmmunicipio": "Maringá"}, "address": "?, ?"}},
{"type": "Feature", "geometry": {"type": "Polygon", "coordinates": [[[-51.903089, -23.39597], [-51.903206, -23.395903], [-51.903099, -23.395747], [-51.902982, -23.395814], [-51.903089, -23.39597]]]}, "properties": {"info": {"nmmunicipio": "Maringá"}, "address": "?, ?"}},
{"type": "Feature", "geometry": {"type": "Polygon", "coordinates": [[[-51.902973, -23.396037], [-51.903089, -23.39597], [-51.902982, -23.395814], [-51.902866, -23.395881], [-51.902973, -23.396037]]]}, "properties": {"info": {"nmmunicipio": "Maringá"}, "address": "?, ?"}},
{"type": "Feature", "geometry": {"type": "Polygon", "coordinates": [[[-51.902857, -23.396104], [-51.902973, -23.396037], [-51.902866, -23.395881], [-51.902749, -23.395947], [-51.902857, -23.396104]]]}, "properties": {"info": {"nmmunicipio": "Maringá"}, "address": "?, ?"}},
{"type": "Feature", "geometry": {"type": "Polygon", "coordinates": [[[-51.902741, -23.396171], [-51.902857, -23.396104], [-51.902749, -23.395947], [-51.902633, -23.396014], [-51.902741, -23.396171]]]}, "properties": {"info": {"nmmunicipio": "Maringá"}, "address": "?, ?"}},
{"type": "Feature", "geometry": {"type": "Polygon", "coordinates": [[[-51.902625, -23.396238], [-51.902741, -23.396171], [-51.902633, -23.396014], [-51.902516, -23.39608], [-51.902625, -23.396238]]]}, "properties": {"info": {"nmmunicipio": "Maringá"}, "address": "?, ?"}},
{"type": "Feature", "geometry": {"type": "Polygon", "coordinates": [[[-51.902392, -23.396372], [-51.902508, -23.396305], [-51.9024, -23.396147], [-51.902283, -23.396213], [-51.902392, -23.396372]]]}, "properties": {"info": {"nmmunicipio": "Maringá"}, "address": "?, ?"}},
{"type": "Feature", "geometry": {"type": "Polygon", "coordinates": [[[-51.902137, -23.396296], [-51.902237, -23.396461], [-51.902392, -23.396372], [-51.902283, -23.396213], [-51.902137, -23.396296]]]}, "properties": {"info": {"nmmunicipio": "Maringá"}, "address": "?, ?"}},
{"type": "Feature", "geometry": {"type": "Polygon", "coordinates": [[[-51.902137, -23.396296], [-51.902283, -23.396213], [-51.902174, -23.396054], [-51.902037, -23.396132], [-51.902137, -23.396296]]]}, "properties": {"info": {"nmmunicipio": "Maringá"}, "address": "?, ?"}},
{"type": "Feature", "geometry": {"type": "Polygon", "coordinates": [[[-51.902283, -23.396213], [-51.9024, -23.396147], [-51.90229, -23.395988], [-51.902174, -23.396054], [-51.902283, -23.396213]]]}, "properties": {"info": {"nmmunicipio": "Maringá"}, "address": "?, ?"}},
{"type": "Feature", "geometry": {"type": "Polygon", "coordinates": [[[-51.9024, -23.396147], [-51.902516, -23.39608], [-51.902407, -23.395921], [-51.90229, -23.395988], [-51.9024, -23.396147]]]}, "properties": {"info": {"nmmunicipio": "Maringá"}, "address": "?, ?"}},
{"type": "Feature", "geometry": {"type": "Polygon", "coordinates": [[[-51.902516, -23.39608], [-51.902633, -23.396014], [-51.902523, -23.395854], [-51.902407, -23.395921], [-51.902516, -23.39608]]]}, "properties": {"info": {"nmmunicipio": "Maringá"}, "address": "?, ?"}},
{"type": "Feature", "geometry": {"type": "Polygon", "coordinates": [[[-51.902633, -23.396014], [-51.902749, -23.395947], [-51.90264, -23.395788], [-51.902523, -23.395854], [-51.902633, -23.396014]]]}, "properties": {"info": {"nmmunicipio": "Maringá"}, "address": "?, ?"}},
{"type": "Feature", "geometry": {"type": "Polygon", "coordinates": [[[-51.902749, -23.395947], [-51.902866, -23.395881], [-51.902756, -23.395721], [-51.90264, -23.395788], [-51.902749, -23.395947]]]}, "properties": {"info": {"nmmunicipio": "Maringá"}, "address": "?, ?"}},
{"type": "Feature", "geometry": {"type": "Polygon", "coordinates": [[[-51.902866, -23.395881], [-51.902982, -23.395814], [-51.902873, -23.395655], [-51.902756, -23.395721], [-51.902866, -23.395881]]]}, "properties": {"info": {"nmmunicipio": "Maringá"}, "address": "?, ?"}},
{"type": "Feature", "geometry": {"type": "Polygon", "coordinates": [[[-51.902982, -23.395814], [-51.903099, -23.395747], [-51.902989, -23.395588], [-51.902873, -23.395655], [-51.902982, -23.395814]]]}, "properties": {"info": {"nmmunicipio": "Maringá"}, "address": "?, ?"}},
{"type": "Feature", "geometry": {"type": "Polygon", "coordinates": [[[-51.903099, -23.395747], [-51.903215, -23.395681], [-51.903106, -23.395522], [-51.902989, -23.395588], [-51.903099, -23.395747]]]}, "properties": {"info": {"nmmunicipio": "Maringá"}, "address": "?, ?"}},
{"type": "Feature", "geometry": {"type": "Polygon", "coordinates": [[[-51.903215, -23.395681], [-51.903332, -23.395614], [-51.903222, -23.395455], [-51.903106, -23.395522], [-51.903215, -23.395681]]]}, "properties": {"info": {"nmmunicipio": "Maringá"}, "address": "?, ?"}},
{"type": "Feature", "geometry": {"type": "Polygon", "coordinates": [[[-51.902761, -23.395349], [-51.902871, -23.3955], [-51.902992, -23.395427], [-51.902881, -23.395276], [-51.902782, -23.395336], [-51.902761, -23.395349]]]}, "properties": {"info": {"nmmunicipio": "Maringá"}, "address": "?, ?"}},
{"type": "Feature", "geometry": {"type": "Polygon", "coordinates": [[[-51.90264, -23.395422], [-51.90275, -23.395572], [-51.902871, -23.3955], [-51.902761, -23.395349], [-51.902659, -23.39541], [-51.90264, -23.395422]]]}, "properties": {"info": {"nmmunicipio": "Maringá"}, "address": "?, ?"}},
{"type": "Feature", "geometry": {"type": "Polygon", "coordinates": [[[-51.90252, -23.395495], [-51.90263, -23.395644], [-51.90275, -23.395572], [-51.90264, -23.395422], [-51.902539, -23.395483], [-51.90252, -23.395495]]]}, "properties": {"info": {"nmmunicipio": "Maringá"}, "address": "?, ?"}},
{"type": "Feature", "geometry": {"type": "Polygon", "coordinates": [[[-51.9024, -23.395568], [-51.902509, -23.395716], [-51.90263, -23.395644], [-51.90252, -23.395495], [-51.902414, -23.395559], [-51.9024, -23.395568]]]}, "properties": {"info": {"nmmunicipio": "Maringá"}, "address": "?, ?"}},
{"type": "Feature", "geometry": {"type": "Polygon", "coordinates": [[[-51.902039, -23.395786], [-51.902146, -23.395932], [-51.902267, -23.39586], [-51.90216, -23.395714], [-51.902046, -23.395783], [-51.902039, -23.395786]]]}, "properties": {"info": {"nmmunicipio": "Maringá"}, "address": "?, ?"}},
{"type": "Feature", "geometry": {"type": "Polygon", "coordinates": [[[-51.901982, -23.396031], [-51.902146, -23.395932], [-51.902039, -23.395786], [-51.901885, -23.39588], [-51.901982, -23.396031]]]}, "properties": {"info": {"nmmunicipio": "Maringá"}, "address": "?, ?"}},
{"type": "Feature", "geometry": {"type": "Polygon", "coordinates": [[[-51.903206, -23.395903], [-51.903322, -23.395836], [-51.903215, -23.395681], [-51.903099, -23.395747], [-51.903206, -23.395903]]]}, "properties": {"info": {"nmmunicipio": "Maringá"}, "address": "?, ?"}},
{"type": "Feature", "geometry": {"type": "Polygon", "coordinates": [[[-51.903543, -23.396114], [-51.903659, -23.396047], [-51.903549, -23.395886], [-51.903433, -23.395953], [-51.903543, -23.396114]]]}, "properties": {"info": {"nmmunicipio": "Maringá"}, "address": "?, ?"}},
{"type": "Feature", "geometry": {"type": "Polygon", "coordinates": [[[-51.902976, -23.397718], [-51.903186, -23.397598], [-51.903151, -23.397546], [-51.90312, -23.397501], [-51.902915, -23.397618], [-51.902976, -23.397718]]]}, "properties": {"info": {"nmmunicipio": "Maringá"}, "address": "?, ?"}},
{"type": "Feature", "geometry": {"type": "Polygon", "coordinates": [[[-51.90443, -23.397047], [-51.904546, -23.396981], [-51.904433, -23.396815], [-51.904316, -23.396882], [-51.90443, -23.397047]]]}, "properties": {"info": {"nmmunicipio": "Maringá"}, "address": "?, ?"}},
{"type": "Feature", "geometry": {"type": "Polygon", "coordinates": [[[-51.904839, -23.400232], [-51.90494, -23.400174], [-51.904793, -23.399955], [-51.904691, -23.400013], [-51.904839, -23.400232]]]}, "properties": {"info": {"nmmunicipio": "Maringá"}, "address": "?, ?"}},
{"type": "Feature", "geometry": {"type": "Polygon", "coordinates": [[[-51.903439, -23.399772], [-51.903557, -23.399704], [-51.903447, -23.399537], [-51.903329, -23.399604], [-51.903439, -23.399772]]]}, "properties": {"info": {"nmmunicipio": "Maringá"}, "address": "?, ?"}},
{"type": "Feature", "geometry": {"type": "Polygon", "coordinates": [[[-51.902988, -23.398466], [-51.903098, -23.398405], [-51.903005, -23.39825], [-51.902895, -23.398313], [-51.902988, -23.398466]]]}, "properties": {"info": {"nmmunicipio": "Maringá"}, "address": "?, ?"}},
{"type": "Feature", "geometry": {"type": "Polygon", "coordinates": [[[-51.903252, -23.398672], [-51.903354, -23.398614], [-51.903255, -23.398452], [-51.903155, -23.398508], [-51.903252, -23.398672]]]}, "properties": {"info": {"nmmunicipio": "Maringá"}, "address": "?, ?"}},
{"type": "Feature", "geometry": {"type": "Polygon", "coordinates": [[[-51.906291, -23.399315], [-51.906313, -23.399438], [-51.906326, -23.399477], [-51.90692, -23.399273], [-51.907067, -23.399223], [-51.907258, -23.399157], [-51.907411, -23.399104], [-51.907538, -23.399061], [-51.907655, -23.399021], [-51.90782, -23.398964], [-51.908094, -23.39887], [-51.908015, -23.398677], [-51.906275, -23.399269], [-51.906291, -23.399315]]]}, "properties": {"info": {"nmmunicipio": "Maringá"}, "address": "?, ?"}},
{"type": "Feature", "geometry": {"type": "Polygon", "coordinates": [[[-51.906224, -23.399067], [-51.90625, -23.399197], [-51.906275, -23.399269], [-51.908015, -23.398677], [-51.907935, -23.398481], [-51.906224, -23.399067]]]}, "properties": {"info": {"nmmunicipio": "Maringá"}, "address": "?, ?"}},
{"type": "Feature", "geometry": {"type": "Polygon", "coordinates": [[[-51.902165, -23.396915], [-51.902295, -23.39684], [-51.902192, -23.396664], [-51.902051, -23.396745], [-51.902165, -23.396915]]]}, "properties": {"info": {"nmmunicipio": "Maringá"}, "address": "?, ?"}},
{"type": "Feature", "geometry": {"type": "Polygon", "coordinates": [[[-51.905139, -23.400059], [-51.905238, -23.400003], [-51.905171, -23.399903], [-51.905091, -23.399783], [-51.904991, -23.399841], [-51.905139, -23.400059]]]}, "properties": {"info": {"nmmunicipio": "Maringá"}, "address": "?, ?"}},
{"type": "Feature", "geometry": {"type": "Polygon", "coordinates": [[[-51.904317, -23.399925], [-51.904531, -23.399804], [-51.904503, -23.399761], [-51.904471, -23.399713], [-51.904261, -23.39983], [-51.904317, -23.399925]]]}, "properties": {"info": {"nmmunicipio": "Maringá"}, "address": "?, ?"}},
{"type": "Feature", "geometry": {"type": "Polygon", "coordinates": [[[-51.903768, -23.396205], [-51.903884, -23.396138], [-51.903776, -23.39598], [-51.903659, -23.396047], [-51.903768, -23.396205]]]}, "properties": {"info": {"nmmunicipio": "Maringá"}, "address": "?, ?"}},
{"type": "Feature", "geometry": {"type": "Polygon", "coordinates": [[[-51.907171, -23.396168], [-51.907212, -23.39627], [-51.907523, -23.396158], [-51.907481, -23.396056], [-51.907171, -23.396168]]]}, "properties": {"info": {"nmmunicipio": "Maringá"}, "address": "?, ?"}},
{"type": "Feature", "geometry": {"type": "Polygon", "coordinates": [[[-51.90866, -23.396406], [-51.908786, -23.396362], [-51.908736, -23.396243], [-51.908683, -23.396116], [-51.908554, -23.396161], [-51.90866, -23.396406]]]}, "properties": {"info": {"nmmunicipio": "Maringá"}, "address": "?, ?"}},
{"type": "Feature", "geometry": {"type": "Polygon", "coordinates": [[[-51.909233, -23.395687], [-51.909276, -23.39579], [-51.909645, -23.395661], [-51.909601, -23.395553], [-51.909233, -23.395687]]]}, "properties": {"info": {"nmmunicipio": "Maringá"}, "address": "?, ?"}},
{"type": "Feature", "geometry": {"type": "Polygon", "coordinates": [[[-51.908085, -23.400797], [-51.908127, -23.400902], [-51.908287, -23.400849], [-51.908457, -23.400793], [-51.908414, -23.400685], [-51.908085, -23.400797]]]}, "properties": {"info": {"nmmunicipio": "Maringá"}, "address": "?, ?"}},
{"type": "Feature", "geometry": {"type": "Polygon", "coordinates": [[[-51.90216, -23.395714], [-51.902267, -23.39586], [-51.902388, -23.395788], [-51.90228, -23.395641], [-51.902168, -23.395708], [-51.90216, -23.395714]]]}, "properties": {"info": {"nmmunicipio": "Maringá"}, "address": "?, ?"}},
{"type": "Feature", "geometry": {"type": "Polygon", "coordinates": [[[-51.909537, -23.399213], [-51.909571, -23.399302], [-51.909742, -23.399244], [-51.909671, -23.399062], [-51.909501, -23.39912], [-51.909537, -23.399213]]]}, "properties": {"info": {"nmmunicipio": "Maringá"}, "address": "?, ?"}},
{"type": "Feature", "geometry": {"type": "Polygon", "coordinates": [[[-51.903014, -23.39702], [-51.903131, -23.396953], [-51.903019, -23.39679], [-51.902903, -23.396857], [-51.903014, -23.39702]]]}, "properties": {"info": {"nmmunicipio": "Maringá"}, "address": "?, ?"}},
{"type": "Feature", "geometry": {"type": "Polygon", "coordinates": [[[-51.903617, -23.39728], [-51.903733, -23.397214], [-51.903621, -23.397049], [-51.903504, -23.397116], [-51.903617, -23.39728]]]}, "properties": {"info": {"nmmunicipio": "Maringá"}, "address": "?, ?"}},
{"type": "Feature", "geometry": {"type": "Polygon", "coordinates": [[[-51.903731, -23.397446], [-51.903847, -23.39738], [-51.903733, -23.397214], [-51.903617, -23.39728], [-51.903731, -23.397446]]]}, "properties": {"info": {"nmmunicipio": "Maringá"}, "address": "?, ?"}},
{"type": "Feature", "geometry": {"type": "Polygon", "coordinates": [[[-51.899993, -23.396942], [-51.900051, -23.396909], [-51.900132, -23.396862], [-51.900017, -23.396695], [-51.89988, -23.396774], [-51.899993, -23.396942]]]}, "properties": {"info": {"nmmunicipio": "Maringá"}, "address": "?, ?"}},
{"type": "Feature", "geometry": {"type": "Polygon", "coordinates": [[[-51.90491, -23.397715], [-51.90493, -23.397748], [-51.905075, -23.397669], [-51.905038, -23.397552], [-51.904866, -23.397645], [-51.90491, -23.397715]]]}, "properties": {"info": {"nmmunicipio": "Maringá"}, "address": "?, ?"}},
{"type": "Feature", "geometry": {"type": "Polygon", "coordinates": [[[-51.904059, -23.396652], [-51.904176, -23.396586], [-51.904063, -23.396421], [-51.903946, -23.396488], [-51.904059, -23.396652]]]}, "properties": {"info": {"nmmunicipio": "Maringá"}, "address": "?, ?"}},
{"type": "Feature", "geometry": {"type": "Polygon", "coordinates": [[[-51.903942, -23.396718], [-51.904059, -23.396652], [-51.903946, -23.396488], [-51.90383, -23.396554], [-51.903942, -23.396718]]]}, "properties": {"info": {"nmmunicipio": "Maringá"}, "address": "?, ?"}},
{"type": "Feature", "geometry": {"type": "Polygon", "coordinates": [[[-51.903826, -23.396785], [-51.903942, -23.396718], [-51.90383, -23.396554], [-51.903713, -23.396621], [-51.903826, -23.396785]]]}, "properties": {"info": {"nmmunicipio": "Maringá"}, "address": "?, ?"}},
{"type": "Feature", "geometry": {"type": "Polygon", "coordinates": [[[-51.903709, -23.396851], [-51.903826, -23.396785], [-51.903713, -23.396621], [-51.903597, -23.396687], [-51.903709, -23.396851]]]}, "properties": {"info": {"nmmunicipio": "Maringá"}, "address": "?, ?"}},
{"type": "Feature", "geometry": {"type": "Polygon", "coordinates": [[[-51.903592, -23.396917], [-51.903709, -23.396851], [-51.903597, -23.396687], [-51.90348, -23.396754], [-51.903592, -23.396917]]]}, "properties": {"info": {"nmmunicipio": "Maringá"}, "address": "?, ?"}},
{"type": "Feature", "geometry": {"type": "Polygon", "coordinates": [[[-51.903476, -23.396984], [-51.903592, -23.396917], [-51.90348, -23.396754], [-51.903364, -23.39682], [-51.903476, -23.396984]]]}, "properties": {"info": {"nmmunicipio": "Maringá"}, "address": "?, ?"}},
{"type": "Feature", "geometry": {"type": "Polygon", "coordinates": [[[-51.903359, -23.39705], [-51.903476, -23.396984], [-51.903364, -23.39682], [-51.903247, -23.396887], [-51.903359, -23.39705]]]}, "properties": {"info": {"nmmunicipio": "Maringá"}, "address": "?, ?"}},
{"type": "Feature", "geometry": {"type": "Polygon", "coordinates": [[[-51.902149, -23.400134], [-51.902271, -23.400064], [-51.90217, -23.399908], [-51.902048, -23.399978], [-51.902149, -23.400134]]]}, "properties": {"info": {"nmmunicipio": "Maringá"}, "address": "?, ?"}},
{"type": "Feature", "geometry": {"type": "Polygon", "coordinates": [[[-51.908399, -23.399217], [-51.908553, -23.399162], [-51.908466, -23.398956], [-51.908317, -23.399009], [-51.908399, -23.399217]]]}, "properties": {"info": {"nmmunicipio": "Maringá"}, "address": "?, ?"}},
{"type": "Feature", "geometry": {"type": "Polygon", "coordinates": [[[-51.901599, -23.396019], [-51.901747, -23.395934], [-51.901645, -23.395763], [-51.901488, -23.395853], [-51.901599, -23.396019]]]}, "properties": {"info": {"nmmunicipio": "Maringá"}, "address": "?, ?"}},
{"type": "Feature", "geometry": {"type": "Polygon", "coordinates": [[[-51.90066, -23.395953], [-51.900689, -23.395936], [-51.900773, -23.395888], [-51.900656, -23.395709], [-51.900539, -23.395776], [-51.90066, -23.395953]]]}, "properties": {"info": {"nmmunicipio": "Maringá"}, "address": "?, ?"}},
{"type": "Feature", "geometry": {"type": "Polygon", "coordinates": [[[-51.900817, -23.397903], [-51.900932, -23.397837], [-51.900832, -23.397688], [-51.900718, -23.397754], [-51.900817, -23.397903]]]}, "properties": {"info": {"nmmunicipio": "Maringá"}, "address": "?, ?"}},
{"type": "Feature", "geometry": {"type": "Polygon", "coordinates": [[[-51.900906, -23.398846], [-51.901014, -23.399004], [-51.901125, -23.39894], [-51.901018, -23.398781], [-51.900906, -23.398846]]]}, "properties": {"info": {"nmmunicipio": "Maringá"}, "address": "?, ?"}},
{"type": "Feature", "geometry": {"type": "Polygon", "coordinates": [[[-51.902238, -23.398081], [-51.902354, -23.398013], [-51.902236, -23.397841], [-51.902119, -23.397908], [-51.902238, -23.398081]]]}, "properties": {"info": {"nmmunicipio": "Maringá"}, "address": "?, ?"}},
{"type": "Feature", "geometry": {"type": "Polygon", "coordinates": [[[-51.902301, -23.397429], [-51.902418, -23.397362], [-51.902307, -23.397196], [-51.902188, -23.397264], [-51.902301, -23.397429]]]}, "properties": {"info": {"nmmunicipio": "Maringá"}, "address": "?, ?"}},
{"type": "Feature", "geometry": {"type": "Polygon", "coordinates": [[[-51.901225, -23.399259], [-51.901334, -23.399194], [-51.901236, -23.399034], [-51.901129, -23.399097], [-51.901225, -23.399259]]]}, "properties": {"info": {"nmmunicipio": "Maringá"}, "address": "?, ?"}},
{"type": "Feature", "geometry": {"type": "Polygon", "coordinates": [[[-51.90116, -23.399884], [-51.901273, -23.39982], [-51.901178, -23.399659], [-51.901066, -23.399724], [-51.90116, -23.399884]]]}, "properties": {"info": {"nmmunicipio": "Maringá"}, "address": "?, ?"}},
{"type": "Feature", "geometry": {"type": "Polygon", "coordinates": [[[-51.903957, -23.395471], [-51.903853, -23.395318], [-51.903766, -23.395367], [-51.903872, -23.39552], [-51.903957, -23.395471]]]}, "properties": {"info": {"nmmunicipio": "Maringá"}, "address": "?, ?"}},
{"type": "Feature", "geometry": {"type": "Polygon", "coordinates": [[[-51.903637, -23.398097], [-51.903747, -23.398034], [-51.903653, -23.397874], [-51.903542, -23.397938], [-51.903637, -23.398097]]]}, "properties": {"info": {"nmmunicipio": "Maringá"}, "address": "?, ?"}},
{"type": "Feature", "geometry": {"type": "Polygon", "coordinates": [[[-51.904309, -23.397496], [-51.904421, -23.397432], [-51.904323, -23.397268], [-51.90421, -23.397333], [-51.904309, -23.397496]]]}, "properties": {"info": {"nmmunicipio": "Maringá"}, "address": "?, ?"}},
{"type": "Feature", "geometry": {"type": "Polygon", "coordinates": [[[-51.901248, -23.398649], [-51.901355, -23.398808], [-51.901474, -23.39874], [-51.901366, -23.398581], [-51.901248, -23.398649]]]}, "properties": {"info": {"nmmunicipio": "Maringá"}, "address": "?, ?"}},
{"type": "Feature", "geometry": {"type": "Polygon", "coordinates": [[[-51.902808, -23.397969], [-51.902935, -23.397897], [-51.902833, -23.397737], [-51.902702, -23.397813], [-51.902808, -23.397969]]]}, "properties": {"info": {"nmmunicipio": "Maringá"}, "address": "?, ?"}},
{"type": "Feature", "geometry": {"type": "Polygon", "coordinates": [[[-51.901957, -23.397627], [-51.902073, -23.397561], [-51.90196, -23.397395], [-51.901842, -23.397461], [-51.901957, -23.397627]]]}, "properties": {"info": {"nmmunicipio": "Maringá"}, "address": "?, ?"}},
{"type": "Feature", "geometry": {"type": "Polygon", "coordinates": [[[-51.901014, -23.398191], [-51.90111, -23.398136], [-51.901123, -23.398128], [-51.901003, -23.397953], [-51.900896, -23.398014], [-51.901014, -23.398191]]]}, "properties": {"info": {"nmmunicipio": "Maringá"}, "address": "?, ?"}},
{"type": "Feature", "geometry": {"type": "Polygon", "coordinates": [[[-51.904731, -23.397468], [-51.904841, -23.397405], [-51.904764, -23.397274], [-51.904747, -23.397244], [-51.904635, -23.397308], [-51.904731, -23.397468]]]}, "properties": {"info": {"nmmunicipio": "Maringá"}, "address": "?, ?"}},
{"type": "Feature", "geometry": {"type": "Polygon", "coordinates": [[[-51.904681, -23.398476], [-51.9048, -23.398408], [-51.904684, -23.398229], [-51.904563, -23.398298], [-51.904681, -23.398476]]]}, "properties": {"info": {"nmmunicipio": "Maringá"}, "address": "?, ?"}},
{"type": "Feature", "geometry": {"type": "Polygon", "coordinates": [[[-51.904005, -23.398923], [-51.904074, -23.399027], [-51.904193, -23.398958], [-51.904096, -23.398811], [-51.903976, -23.39888], [-51.904005, -23.398923]]]}, "properties": {"info": {"nmmunicipio": "Maringá"}, "address": "?, ?"}},
{"type": "Feature", "geometry": {"type": "Polygon", "coordinates": [[[-51.90953, -23.399672], [-51.909579, -23.399792], [-51.909914, -23.399677], [-51.909868, -23.399561], [-51.90953, -23.399672]]]}, "properties": {"info": {"nmmunicipio": "Maringá"}, "address": "?, ?"}},
{"type": "Feature", "geometry": {"type": "Polygon", "coordinates": [[[-51.907777, -23.400025], [-51.908108, -23.399912], [-51.908069, -23.399813], [-51.907901, -23.399871], [-51.907738, -23.399927], [-51.907777, -23.400025]]]}, "properties": {"info": {"nmmunicipio": "Maringá"}, "address": "?, ?"}},
{"type": "Feature", "geometry": {"type": "Polygon", "coordinates": [[[-51.90319, -23.400132], [-51.903311, -23.400062], [-51.903204, -23.399908], [-51.903087, -23.399976], [-51.90319, -23.400132]]]}, "properties": {"info": {"nmmunicipio": "Maringá"}, "address": "?, ?"}},
{"type": "Feature", "geometry": {"type": "Polygon", "coordinates": [[[-51.902987, -23.400686], [-51.903215, -23.400554], [-51.903185, -23.40051], [-51.903149, -23.400456], [-51.902927, -23.400584], [-51.902987, -23.400686]]]}, "properties": {"info": {"nmmunicipio": "Maringá"}, "address": "?, ?"}},
{"type": "Feature", "geometry": {"type": "Polygon", "coordinates": [[[-51.902564, -23.398502], [-51.902674, -23.398439], [-51.902577, -23.398274], [-51.902468, -23.398337], [-51.902564, -23.398502]]]}, "properties": {"info": {"nmmunicipio": "Maringá"}, "address": "?, ?"}},
{"type": "Feature", "geometry": {"type": "Polygon", "coordinates": [[[-51.902485, -23.399108], [-51.902592, -23.399047], [-51.902494, -23.398882], [-51.902387, -23.398942], [-51.902485, -23.399108]]]}, "properties": {"info": {"nmmunicipio": "Maringá"}, "address": "?, ?"}},
{"type": "Feature", "geometry": {"type": "Polygon", "coordinates": [[[-51.902997, -23.399646], [-51.903115, -23.399578], [-51.903012, -23.399421], [-51.902893, -23.39949], [-51.902997, -23.399646]]]}, "properties": {"info": {"nmmunicipio": "Maringá"}, "address": "?, ?"}},
{"type": "Feature", "geometry": {"type": "Polygon", "coordinates": [[[-51.901649, -23.399227], [-51.901758, -23.399162], [-51.901659, -23.399001], [-51.901551, -23.399065], [-51.901649, -23.399227]]]}, "properties": {"info": {"nmmunicipio": "Maringá"}, "address": "?, ?"}},
{"type": "Feature", "geometry": {"type": "Polygon", "coordinates": [[[-51.900412, -23.400243], [-51.900589, -23.400146], [-51.900525, -23.400036], [-51.900367, -23.400128], [-51.900412, -23.400243]]]}, "properties": {"info": {"nmmunicipio": "Maringá"}, "address": "?, ?"}},
{"type": "Feature", "geometry": {"type": "Polygon", "coordinates": [[[-51.901566, -23.400254], [-51.901689, -23.400184], [-51.901577, -23.400015], [-51.901455, -23.400085], [-51.901566, -23.400254]]]}, "properties": {"info": {"nmmunicipio": "Maringá"}, "address": "?, ?"}},
{"type": "Feature", "geometry": {"type": "Polygon", "coordinates": [[[-51.901897, -23.400655], [-51.902015, -23.400587], [-51.901906, -23.400423], [-51.901787, -23.400491], [-51.901897, -23.400655]]]}, "properties": {"info": {"nmmunicipio": "Maringá"}, "address": "?, ?"}},
{"type": "Feature", "geometry": {"type": "Polygon", "coordinates": [[[-51.90156, -23.396254], [-51.901458, -23.396101], [-51.901355, -23.39616], [-51.901338, -23.39617], [-51.901439, -23.396323], [-51.90156, -23.396254]]]}, "properties": {"info": {"nmmunicipio": "Maringá"}, "address": "?, ?"}},
{"type": "Feature", "geometry": {"type": "Polygon", "coordinates": [[[-51.908947, -23.396769], [-51.90913, -23.396704], [-51.90908, -23.39658], [-51.9089, -23.396648], [-51.908947, -23.396769]]]}, "properties": {"info": {"nmmunicipio": "Maringá"}, "address": "?, ?"}},
{"type": "Feature", "geometry": {"type": "Polygon", "coordinates": [[[-51.909782, -23.396479], [-51.909961, -23.396415], [-51.909915, -23.396301], [-51.909734, -23.396358], [-51.909782, -23.396479]]]}, "properties": {"info": {"nmmunicipio": "Maringá"}, "address": "?, ?"}},
{"type": "Feature", "geometry": {"type": "Polygon", "coordinates": [[[-51.902508, -23.396305], [-51.902625, -23.396238], [-51.902516, -23.39608], [-51.9024, -23.396147], [-51.902508, -23.396305]]]}, "properties": {"info": {"nmmunicipio": "Maringá"}, "address": "?, ?"}},
{"type": "Feature", "geometry": {"type": "Polygon", "coordinates": [[[-51.903892, -23.395913], [-51.903977, -23.395864], [-51.903867, -23.395703], [-51.903782, -23.395752], [-51.903892, -23.395913]]]}, "properties": {"info": {"nmmunicipio": "Maringá"}, "address": "?, ?"}},
{"type": "Feature", "geometry": {"type": "Polygon", "coordinates": [[[-51.904, -23.396071], [-51.904085, -23.396023], [-51.903977, -23.395864], [-51.903892, -23.395913], [-51.904, -23.396071]]]}, "properties": {"info": {"nmmunicipio": "Maringá"}, "address": "?, ?"}},
{"type": "Feature", "geometry": {"type": "Polygon", "coordinates": [[[-51.904063, -23.395815], [-51.903953, -23.395654], [-51.903867, -23.395703], [-51.903977, -23.395864], [-51.904063, -23.395815]]]}, "properties": {"info": {"nmmunicipio": "Maringá"}, "address": "?, ?"}},
{"type": "Feature", "geometry": {"type": "Polygon", "coordinates": [[[-51.904171, -23.395973], [-51.904063, -23.395815], [-51.903977, -23.395864], [-51.904085, -23.396023], [-51.904171, -23.395973]]]}, "properties": {"info": {"nmmunicipio": "Maringá"}, "address": "?, ?"}},
{"type": "Feature", "geometry": {"type": "Polygon", "coordinates": [[[-51.904148, -23.395766], [-51.904038, -23.395605], [-51.903953, -23.395654], [-51.904063, -23.395815], [-51.904148, -23.395766]]]}, "properties": {"info": {"nmmunicipio": "Maringá"}, "address": "?, ?"}},
{"type": "Feature", "geometry": {"type": "Polygon", "coordinates": [[[-51.904387, -23.395849], [-51.904314, -23.395672], [-51.904233, -23.395718], [-51.904148, -23.395766], [-51.904255, -23.395925], [-51.904387, -23.395849]]]}, "properties": {"info": {"nmmunicipio": "Maringá"}, "address": "?, ?"}},
{"type": "Feature", "geometry": {"type": "Polygon", "coordinates": [[[-51.904255, -23.395925], [-51.904148, -23.395766], [-51.904063, -23.395815], [-51.904171, -23.395973], [-51.904255, -23.395925]]]}, "properties": {"info": {"nmmunicipio": "Maringá"}, "address": "?, ?"}},
{"type": "Feature", "geometry": {"type": "Polygon", "coordinates": [[[-51.904314, -23.395672], [-51.904271, -23.395569], [-51.904239, -23.39549], [-51.904123, -23.395557], [-51.904233, -23.395718], [-51.904314, -23.395672]]]}, "properties": {"info": {"nmmunicipio": "Maringá"}, "address": "?, ?"}},
{"type": "Feature", "geometry": {"type": "Polygon", "coordinates": [[[-51.904233, -23.395718], [-51.904123, -23.395557], [-51.904038, -23.395605], [-51.904148, -23.395766], [-51.904233, -23.395718]]]}, "properties": {"info": {"nmmunicipio": "Maringá"}, "address": "?, ?"}},
{"type": "Feature", "geometry": {"type": "Polygon", "coordinates": [[[-51.903787, -23.395569], [-51.903872, -23.39552], [-51.903766, -23.395367], [-51.903681, -23.395415], [-51.903787, -23.395569]]]}, "properties": {"info": {"nmmunicipio": "Maringá"}, "address": "?, ?"}},
{"type": "Feature", "geometry": {"type": "Polygon", "coordinates": [[[-51.908699, -23.399957], [-51.909041, -23.399839], [-51.909, -23.399735], [-51.908656, -23.399851], [-51.908699, -23.399957]]]}, "properties": {"info": {"nmmunicipio": "Maringá"}, "address": "?, ?"}},
{"type": "Feature", "geometry": {"type": "Polygon", "coordinates": [[[-51.909888, -23.395848], [-51.910044, -23.395797], [-51.90999, -23.395668], [-51.909836, -23.395721], [-51.909888, -23.395848]]]}, "properties": {"info": {"nmmunicipio": "Maringá"}, "address": "?, ?"}},
{"type": "Feature", "geometry": {"type": "Polygon", "coordinates": [[[-51.90797, -23.398122], [-51.908013, -23.398228], [-51.908143, -23.398181], [-51.908267, -23.398137], [-51.908324, -23.398117], [-51.90828, -23.398013], [-51.90797, -23.398122]]]}, "properties": {"info": {"nmmunicipio": "Maringá"}, "address": "?, ?"}},
{"type": "Feature", "geometry": {"type": "Polygon", "coordinates": [[[-51.909627, -23.398787], [-51.909757, -23.398742], [-51.909681, -23.398559], [-51.909637, -23.398453], [-51.909506, -23.3985], [-51.909627, -23.398787]]]}, "properties": {"info": {"nmmunicipio": "Maringá"}, "address": "?, ?"}},
{"type": "Feature", "geometry": {"type": "Polygon", "coordinates": [[[-51.900728, -23.396522], [-51.900845, -23.396455], [-51.900863, -23.396444], [-51.900748, -23.396277], [-51.900614, -23.396354], [-51.900728, -23.396522]]]}, "properties": {"info": {"nmmunicipio": "Maringá"}, "address": "?, ?"}},
{"type": "Feature", "geometry": {"type": "Polygon", "coordinates": [[[-51.904331, -23.398676], [-51.904448, -23.398609], [-51.90433, -23.398432], [-51.904214, -23.398499], [-51.904331, -23.398676]]]}, "properties": {"info": {"nmmunicipio": "Maringá"}, "address": "?, ?"}},
{"type": "Feature", "geometry": {"type": "Polygon", "coordinates": [[[-51.905041, -23.398804], [-51.90519, -23.398719], [-51.905106, -23.398583], [-51.904953, -23.398671], [-51.905041, -23.398804]]]}, "properties": {"info": {"nmmunicipio": "Maringá"}, "address": "?, ?"}},
{"type": "Feature", "geometry": {"type": "Polygon", "coordinates": [[[-51.908514, -23.398369], [-51.908641, -23.398325], [-51.908579, -23.398172], [-51.908526, -23.398045], [-51.908393, -23.398093], [-51.908514, -23.398369]]]}, "properties": {"info": {"nmmunicipio": "Maringá"}, "address": "?, ?"}},
{"type": "Feature", "geometry": {"type": "Polygon", "coordinates": [[[-51.907851, -23.397138], [-51.907909, -23.397117], [-51.907976, -23.397093], [-51.907879, -23.396855], [-51.907755, -23.396898], [-51.907851, -23.397138]]]}, "properties": {"info": {"nmmunicipio": "Maringá"}, "address": "?, ?"}},
{"type": "Feature", "geometry": {"type": "Polygon", "coordinates": [[[-51.910318, -23.397748], [-51.910476, -23.397693], [-51.910368, -23.397425], [-51.910201, -23.397484], [-51.910318, -23.397748]]]}, "properties": {"info": {"nmmunicipio": "Maringá"}, "address": "?, ?"}},
{"type": "Feature", "geometry": {"type": "Polygon", "coordinates": [[[-51.909361, -23.396489], [-51.909409, -23.396613], [-51.909538, -23.396566], [-51.909437, -23.396315], [-51.909311, -23.396358], [-51.909361, -23.396489]]]}, "properties": {"info": {"nmmunicipio": "Maringá"}, "address": "?, ?"}},
{"type": "Feature", "geometry": {"type": "Polygon", "coordinates": [[[-51.906203, -23.398511], [-51.90621, -23.398631], [-51.907776, -23.398094], [-51.907703, -23.397917], [-51.906179, -23.398442], [-51.906203, -23.398511]]]}, "properties": {"info": {"nmmunicipio": "Maringá"}, "address": "?, ?"}},
{"type": "Feature", "geometry": {"type": "Polygon", "coordinates": [[[-51.906149, -23.398267], [-51.906164, -23.398401], [-51.906179, -23.398442], [-51.907703, -23.397917], [-51.907637, -23.397755], [-51.906149, -23.398267]]]}, "properties": {"info": {"nmmunicipio": "Maringá"}, "address": "?, ?"}},
{"type": "Feature", "geometry": {"type": "Polygon", "coordinates": [[[-51.907569, -23.399502], [-51.907697, -23.399458], [-51.907817, -23.399416], [-51.907655, -23.399021], [-51.907538, -23.399061], [-51.907411, -23.399104], [-51.907569, -23.399502]]]}, "properties": {"info": {"nmmunicipio": "Maringá"}, "address": "?, ?"}},
{"type": "Feature", "geometry": {"type": "Polygon", "coordinates": [[[-51.909482, -23.396122], [-51.909614, -23.396076], [-51.909564, -23.395954], [-51.909512, -23.39583], [-51.909382, -23.395876], [-51.909482, -23.396122]]]}, "properties": {"info": {"nmmunicipio": "Maringá"}, "address": "?, ?"}},
{"type": "Feature", "geometry": {"type": "Polygon", "coordinates": [[[-51.901073, -23.396529], [-51.900968, -23.396384], [-51.900863, -23.396444], [-51.900845, -23.396455], [-51.900948, -23.396599], [-51.901073, -23.396529]]]}, "properties": {"info": {"nmmunicipio": "Maringá"}, "address": "?, ?"}},
{"type": "Feature", "geometry": {"type": "Polygon", "coordinates": [[[-51.899551, -23.397197], [-51.899599, -23.397169], [-51.899696, -23.397114], [-51.899712, -23.397104], [-51.899599, -23.396935], [-51.899488, -23.396999], [-51.899551, -23.397197]]]}, "properties": {"info": {"nmmunicipio": "Maringá"}, "address": "?, ?"}},
{"type": "Feature", "geometry": {"type": "Polygon", "coordinates": [[[-51.900257, -23.397395], [-51.900377, -23.397328], [-51.900258, -23.397154], [-51.900142, -23.397223], [-51.900257, -23.397395]]]}, "properties": {"info": {"nmmunicipio": "Maringá"}, "address": "?, ?"}},
{"type": "Feature", "geometry": {"type": "Polygon", "coordinates": [[[-51.907089, -23.399277], [-51.907105, -23.399333], [-51.907116, -23.39939], [-51.90712, -23.399451], [-51.907118, -23.399513], [-51.907108, -23.399574], [-51.907081, -23.399671], [-51.907416, -23.399555], [-51.907258, -23.399157], [-51.907067, -23.399223], [-51.907089, -23.399277]]]}, "properties": {"info": {"nmmunicipio": "Maringá"}, "address": "?, ?"}},
{"type": "Feature", "geometry": {"type": "Polygon", "coordinates": [[[-51.90228, -23.395641], [-51.902388, -23.395788], [-51.902509, -23.395716], [-51.9024, -23.395568], [-51.90228, -23.395641]]]}, "properties": {"info": {"nmmunicipio": "Maringá"}, "address": "?, ?"}}]}
