{"type": "FeatureCollection", "features": [
{"type": "Feature", "geometry": {"type": "Polygon", "coordinates": [[[-49.389893, -16.683527], [-49.390081, -16.683527], [-49.390081, -16.683436], [-49.389893, -16.683436], [-49.389893, -16.683527]]]}, "properties": {"info": {"id": "000101378803", "nm_lot": "2"}, "address": "?, ?"}},
{"type": "Feature", "geometry": {"type": "Polygon", "coordinates": [[[-49.387741, -16.684951], [-49.387741, -16.684766], [-49.387666, -16.684766], [-49.387619, -16.684811], [-49.387619, -16.684951], [-49.387741, -16.684951]]]}, "properties": {"info": {"id": "000101378317", "nm_lot": "2"}, "address": "?, ?"}},
{"type": "Feature", "geometry": {"type": "Polygon", "coordinates": [[[-49.39352, -16.686082], [-49.393668, -16.686013], [-49.393615, -16.685907], [-49.393362, -16.686025], [-49.39352, -16.686082]]]}, "properties": {"info": {"id": "000101278583", "nm_lot": "2"}, "address": "?, ?"}},
{"type": "Feature", "geometry": {"type": "Polygon", "coordinates": [[[-49.394104, -16.684538], [-49.394113, -16.684267], [-49.394019, -16.684265], [-49.39401, -16.684535], [-49.394104, -16.684538]]]}, "properties": {"info": {"id": "000101278536", "nm_lot": "2"}, "address": "?, ?"}},
{"type": "Feature", "geometry": {"type": "Polygon", "coordinates": [[[-49.387206, -16.684797], [-49.387206, -16.684594], [-49.387094, -16.684594], [-49.387094, -16.684797], [-49.387206, -16.684797]]]}, "properties": {"info": {"id": "000101378348", "nm_lot": "2"}, "address": "?, ?"}},
{"type": "Feature", "geometry": {"type": "Polygon", "coordinates": [[[-49.384896, -16.684229], [-49.384896, -16.684048], [-49.384802, -16.684047], [-49.384802, -16.684228], [-49.384896, -16.684229]]]}, "properties": {"info": {"id": "000101378441", "nm_lot": "2"}, "address": "?, ?"}},
{"type": "Feature", "geometry": {"type": "Polygon", "coordinates": [[[-49.39324, -16.683607], [-49.393243, -16.68348], [-49.39304, -16.683476], [-49.393037, -16.683604], [-49.39324, -16.683607]]]}, "properties": {"info": {"id": "000101252925", "nm_lot": "2"}, "address": "?, ?"}},
{"type": "Feature", "geometry": {"type": "Polygon", "coordinates": [[[-49.390356, -16.684797], [-49.390356, -16.684595], [-49.390244, -16.684595], [-49.390244, -16.684797], [-49.390356, -16.684797]]]}, "properties": {"info": {"id": "000101378354", "nm_lot": "2"}, "address": "?, ?"}},
{"type": "Feature", "geometry": {"type": "Polygon", "coordinates": [[[-49.388817, -16.68428], [-49.38891, -16.68428], [-49.38891, -16.684099], [-49.388817, -16.684099], [-49.388817, -16.68428]]]}, "properties": {"info": {"id": "000101378434", "nm_lot": "2"}, "address": "?, ?"}},
{"type": "Feature", "geometry": {"type": "Polygon", "coordinates": [[[-49.392906, -16.686565], [-49.392906, -16.68634], [-49.392813, -16.68634], [-49.392813, -16.686565], [-49.392906, -16.686565]]]}, "properties": {"info": {"id": "000101377953", "nm_lot": "2"}, "address": "?, ?"}},
{"type": "Feature", "geometry": {"type": "Polygon", "coordinates": [[[-49.392191, -16.687569], [-49.392189, -16.68784], [-49.392283, -16.68784], [-49.392285, -16.687569], [-49.392191, -16.687569]]]}, "properties": {"info": {"id": "000101311358", "nm_lot": "20"}, "address": "?, ?"}},
{"type": "Feature", "geometry": {"type": "Polygon", "coordinates": [[[-49.386044, -16.685028], [-49.386259, -16.685028], [-49.386259, -16.684938], [-49.386044, -16.684938], [-49.386044, -16.685028]]]}, "properties": {"info": {"id": "000101378297", "nm_lot": "2"}, "address": "?, ?"}},
{"type": "Feature", "geometry": {"type": "Polygon", "coordinates": [[[-49.394002, -16.684806], [-49.39401, -16.684535], [-49.393917, -16.684533], [-49.393908, -16.684803], [-49.394002, -16.684806]]]}, "properties": {"info": {"id": "000101278540", "nm_lot": "20"}, "address": "?, ?"}},
{"type": "Feature", "geometry": {"type": "Polygon", "coordinates": [[[-49.390984, -16.685923], [-49.3912, -16.685924], [-49.3912, -16.68583], [-49.390984, -16.68583], [-49.390984, -16.685923]]]}, "properties": {"info": {"id": "000101378079", "nm_lot": "20"}, "address": "?, ?"}},
{"type": "Feature", "geometry": {"type": "Polygon", "coordinates": [[[-49.394404, -16.683507], [-49.394407, -16.683325], [-49.394266, -16.683323], [-49.394262, -16.683505], [-49.394404, -16.683507]]]}, "properties": {"info": {"id": "000101252890", "nm_lot": "20"}, "address": "?, ?"}},
{"type": "Feature", "geometry": {"type": "Polygon", "coordinates": [[[-49.386784, -16.685923], [-49.387, -16.685923], [-49.387, -16.685829], [-49.386784, -16.685829], [-49.386784, -16.685923]]]}, "properties": {"info": {"id": "000101378032", "nm_lot": "20"}, "address": "?, ?"}},
{"type": "Feature", "geometry": {"type": "Polygon", "coordinates": [[[-49.389306, -16.684797], [-49.389306, -16.684595], [-49.389194, -16.684595], [-49.389194, -16.684797], [-49.389306, -16.684797]]]}, "properties": {"info": {"id": "000101378352", "nm_lot": "2"}, "address": "?, ?"}},
{"type": "Feature", "geometry": {"type": "Polygon", "coordinates": [[[-49.384449, -16.684815], [-49.384455, -16.684589], [-49.384343, -16.684586], [-49.384336, -16.684812], [-49.384449, -16.684815]]]}, "properties": {"info": {"id": "000101259971", "nm_lot": "2"}, "address": "?, ?"}},
{"type": "Feature", "geometry": {"type": "Polygon", "coordinates": [[[-49.384957, -16.685735], [-49.385002, -16.685775], [-49.385266, -16.685744], [-49.385291, -16.685695], [-49.385207, -16.685558], [-49.38509, -16.685623], [-49.384961, -16.68562], [-49.384957, -16.685735]]]}, "properties": {"info": {"id": "000101259949", "nm_lot": "2"}, "address": "?, ?"}},
{"type": "Feature", "geometry": {"type": "Polygon", "coordinates": [[[-49.388256, -16.684797], [-49.388256, -16.684595], [-49.388144, -16.684595], [-49.388144, -16.684797], [-49.388256, -16.684797]]]}, "properties": {"info": {"id": "000101378350", "nm_lot": "2"}, "address": "?, ?"}},
{"type": "Feature", "geometry": {"type": "Polygon", "coordinates": [[[-49.394545, -16.68351], [-49.394549, -16.683328], [-49.394407, -16.683325], [-49.394404, -16.683507], [-49.394545, -16.68351]]]}, "properties": {"info": {"id": "000101252872", "nm_lot": "21"}, "address": "?, ?"}},
{"type": "Feature", "geometry": {"type": "Polygon", "coordinates": [[[-49.394021, -16.686878], [-49.394097, -16.686632], [-49.393995, -16.686616], [-49.393923, -16.68685], [-49.394021, -16.686878]]]}, "properties": {"info": {"id": "000101278443", "nm_lot": "21"}, "address": "?, ?"}},
{"type": "Feature", "geometry": {"type": "Polygon", "coordinates": [[[-49.389934, -16.685829], [-49.39015, -16.685829], [-49.39015, -16.685735], [-49.389934, -16.685735], [-49.389934, -16.685829]]]}, "properties": {"info": {"id": "000101378075", "nm_lot": "21"}, "address": "?, ?"}},
{"type": "Feature", "geometry": {"type": "Polygon", "coordinates": [[[-49.385702, -16.683013], [-49.385702, -16.682832], [-49.385609, -16.682832], [-49.385609, -16.683013], [-49.385702, -16.683013]]]}, "properties": {"info": {"id": "000101379016", "nm_lot": "2"}, "address": "?, ?"}},
{"type": "Feature", "geometry": {"type": "Polygon", "coordinates": [[[-49.383578, -16.685379], [-49.383859, -16.685387], [-49.383862, -16.685297], [-49.383581, -16.685289], [-49.383579, -16.685341], [-49.383578, -16.685379]]]}, "properties": {"info": {"id": "000101259980", "nm_lot": "2"}, "address": "?, ?"}},
{"type": "Feature", "geometry": {"type": "Polygon", "coordinates": [[[-49.38669, -16.684889], [-49.386691, -16.684685], [-49.386616, -16.684685], [-49.386569, -16.68473], [-49.386569, -16.684889], [-49.38669, -16.684889]]]}, "properties": {"info": {"id": "000101378322", "nm_lot": "2"}, "address": "?, ?"}},
{"type": "Feature", "geometry": {"type": "Polygon", "coordinates": [[[-49.388791, -16.684889], [-49.388791, -16.684685], [-49.388716, -16.684685], [-49.388669, -16.68473], [-49.388669, -16.684889], [-49.388791, -16.684889]]]}, "properties": {"info": {"id": "000101378328", "nm_lot": "2"}, "address": "?, ?"}},
{"type": "Feature", "geometry": {"type": "Polygon", "coordinates": [[[-49.392766, -16.683499], [-49.392769, -16.683304], [-49.392637, -16.683301], [-49.392633, -16.683497], [-49.392766, -16.683499]]]}, "properties": {"info": {"id": "000101252853", "nm_lot": "2"}, "address": "?, ?"}},
{"type": "Feature", "geometry": {"type": "Polygon", "coordinates": [[[-49.384284, -16.685297], [-49.384281, -16.685387], [-49.384562, -16.685395], [-49.384565, -16.685305], [-49.384284, -16.685297]]]}, "properties": {"info": {"id": "000101259969", "nm_lot": "2"}, "address": "?, ?"}},
{"type": "Feature", "geometry": {"type": "Polygon", "coordinates": [[[-49.389841, -16.684889], [-49.389841, -16.684685], [-49.389766, -16.684685], [-49.389719, -16.68473], [-49.389719, -16.684889], [-49.389841, -16.684889]]]}, "properties": {"info": {"id": "000101378332", "nm_lot": "2"}, "address": "?, ?"}},
{"type": "Feature", "geometry": {"type": "Polygon", "coordinates": [[[-49.386454, -16.68428], [-49.386548, -16.68428], [-49.386548, -16.684099], [-49.386454, -16.684099], [-49.386454, -16.68428]]]}, "properties": {"info": {"id": "000101378361", "nm_lot": "2"}, "address": "?, ?"}},
{"type": "Feature", "geometry": {"type": "Polygon", "coordinates": [[[-49.39376, -16.682849], [-49.393764, -16.682667], [-49.393589, -16.682664], [-49.393589, -16.682681], [-49.393586, -16.682817], [-49.393585, -16.682846], [-49.39376, -16.682849]]]}, "properties": {"info": {"id": "000101252922", "nm_lot": "20"}, "address": "?, ?"}},
{"type": "Feature", "geometry": {"type": "Polygon", "coordinates": [[[-49.388884, -16.685923], [-49.3891, -16.685923], [-49.3891, -16.685829], [-49.388884, -16.685829], [-49.388884, -16.685923]]]}, "properties": {"info": {"id": "000101378038", "nm_lot": "20"}, "address": "?, ?"}},
{"type": "Feature", "geometry": {"type": "Polygon", "coordinates": [[[-49.392063, -16.68568], [-49.392063, -16.685431], [-49.391969, -16.685431], [-49.391969, -16.68568], [-49.392063, -16.68568]]]}, "properties": {"info": {"id": "000101378134", "nm_lot": "20"}, "address": "?, ?"}},
{"type": "Feature", "geometry": {"type": "Polygon", "coordinates": [[[-49.39135, -16.683227], [-49.39135, -16.683019], [-49.391244, -16.683019], [-49.391244, -16.683227], [-49.39135, -16.683227]]]}, "properties": {"info": {"id": "000101378930", "nm_lot": "20"}, "address": "?, ?"}},
{"type": "Feature", "geometry": {"type": "Polygon", "coordinates": [[[-49.391781, -16.686222], [-49.391781, -16.685996], [-49.391688, -16.685996], [-49.391687, -16.686222], [-49.391781, -16.686222]]]}, "properties": {"info": {"id": "000101377997", "nm_lot": "20"}, "address": "?, ?"}},
{"type": "Feature", "geometry": {"type": "Polygon", "coordinates": [[[-49.392694, -16.68463], [-49.392922, -16.684524], [-49.392893, -16.684467], [-49.392878, -16.684447], [-49.392856, -16.684432], [-49.39283, -16.684426], [-49.392804, -16.684429], [-49.392646, -16.684476], [-49.392694, -16.68463]]]}, "properties": {"info": {"id": "000101278549", "nm_lot": "20"}, "address": "?, ?"}},
{"type": "Feature", "geometry": {"type": "Polygon", "coordinates": [[[-49.393796, -16.68546], [-49.393805, -16.685189], [-49.393711, -16.685186], [-49.393703, -16.685457], [-49.393796, -16.68546]]]}, "properties": {"info": {"id": "000101278508", "nm_lot": "20"}, "address": "?, ?"}},
{"type": "Feature", "geometry": {"type": "Polygon", "coordinates": [[[-49.392625, -16.685996], [-49.392625, -16.68577], [-49.392531, -16.68577], [-49.392531, -16.685996], [-49.392625, -16.685996]]]}, "properties": {"info": {"id": "000101378059", "nm_lot": "2"}, "address": "?, ?"}},
{"type": "Feature", "geometry": {"type": "Polygon", "coordinates": [[[-49.3915, -16.686791], [-49.3915, -16.686565], [-49.391406, -16.686565], [-49.391406, -16.686791], [-49.3915, -16.686791]]]}, "properties": {"info": {"id": "000101377919", "nm_lot": "20"}, "address": "?, ?"}},
{"type": "Feature", "geometry": {"type": "Polygon", "coordinates": [[[-49.387834, -16.685945], [-49.38805, -16.685946], [-49.38805, -16.685855], [-49.387834, -16.685855], [-49.387834, -16.685945]]]}, "properties": {"info": {"id": "000101378029", "nm_lot": "20"}, "address": "?, ?"}},
{"type": "Feature", "geometry": {"type": "Polygon", "coordinates": [[[-49.393923, -16.68685], [-49.393995, -16.686616], [-49.393888, -16.686599], [-49.39382, -16.68682], [-49.393878, -16.686837], [-49.393923, -16.68685]]]}, "properties": {"info": {"id": "000101278444", "nm_lot": "20"}, "address": "?, ?"}},
{"type": "Feature", "geometry": {"type": "Polygon", "coordinates": [[[-49.387309, -16.686019], [-49.387525, -16.686019], [-49.387525, -16.685925], [-49.387309, -16.685925], [-49.387309, -16.686019]]]}, "properties": {"info": {"id": "000101378016", "nm_lot": "20"}, "address": "?, ?"}},
{"type": "Feature", "geometry": {"type": "Polygon", "coordinates": [[[-49.386475, -16.685841], [-49.386475, -16.685751], [-49.386259, -16.685751], [-49.386259, -16.685841], [-49.386475, -16.685841]]]}, "properties": {"info": {"id": "000101378083", "nm_lot": "20"}, "address": "?, ?"}},
{"type": "Feature", "geometry": {"type": "Polygon", "coordinates": [[[-49.393568, -16.683727], [-49.393571, -16.683592], [-49.393573, -16.683509], [-49.393384, -16.683505], [-49.393379, -16.683724], [-49.39338, -16.683724], [-49.393568, -16.683727]]]}, "properties": {"info": {"id": "000101252909", "nm_lot": "20"}, "address": "?, ?"}},
{"type": "Feature", "geometry": {"type": "Polygon", "coordinates": [[[-49.389934, -16.685735], [-49.39015, -16.685735], [-49.39015, -16.685641], [-49.389934, -16.685641], [-49.389934, -16.685735]]]}, "properties": {"info": {"id": "000101378095", "nm_lot": "22"}, "address": "?, ?"}},
{"type": "Feature", "geometry": {"type": "Polygon", "coordinates": [[[-49.39401, -16.684535], [-49.394002, -16.684806], [-49.394095, -16.684809], [-49.394104, -16.684538], [-49.39401, -16.684535]]]}, "properties": {"info": {"id": "000101278539", "nm_lot": "21"}, "address": "?, ?"}},
{"type": "Feature", "geometry": {"type": "Polygon", "coordinates": [[[-49.390975, -16.684304], [-49.390975, -16.684096], [-49.390903, -16.684096], [-49.390903, -16.684304], [-49.390975, -16.684304]]]}, "properties": {"info": {"id": "000101378393", "nm_lot": "20A"}, "address": "?, ?"}},
{"type": "Feature", "geometry": {"type": "Polygon", "coordinates": [[[-49.386475, -16.685751], [-49.386475, -16.685661], [-49.386259, -16.68566], [-49.386259, -16.685751], [-49.386475, -16.685751]]]}, "properties": {"info": {"id": "000101378103", "nm_lot": "21"}, "address": "?, ?"}},
{"type": "Feature", "geometry": {"type": "Polygon", "coordinates": [[[-49.391119, -16.684304], [-49.391192, -16.684304], [-49.391192, -16.684096], [-49.391119, -16.684096], [-49.391119, -16.684304]]]}, "properties": {"info": {"id": "000101378399", "nm_lot": "22B"}, "address": "?, ?"}},
{"type": "Feature", "geometry": {"type": "Polygon", "coordinates": [[[-49.390675, -16.686019], [-49.390675, -16.685925], [-49.390459, -16.685925], [-49.390459, -16.686019], [-49.390675, -16.686019]]]}, "properties": {"info": {"id": "000101378044", "nm_lot": "20"}, "address": "?, ?"}},
{"type": "Feature", "geometry": {"type": "Polygon", "coordinates": [[[-49.391594, -16.686791], [-49.391594, -16.686565], [-49.3915, -16.686565], [-49.3915, -16.686791], [-49.391594, -16.686791]]]}, "properties": {"info": {"id": "000101377922", "nm_lot": "21"}, "address": "?, ?"}},
{"type": "Feature", "geometry": {"type": "Polygon", "coordinates": [[[-49.391595, -16.683], [-49.391598, -16.682804], [-49.391462, -16.682802], [-49.391425, -16.682857], [-49.391498, -16.682998], [-49.391595, -16.683]]]}, "properties": {"info": {"id": "000101253079", "nm_lot": "21"}, "address": "?, ?"}},
{"type": "Feature", "geometry": {"type": "Polygon", "coordinates": [[[-49.388359, -16.686019], [-49.388575, -16.686019], [-49.388575, -16.685925], [-49.388359, -16.685925], [-49.388359, -16.686019]]]}, "properties": {"info": {"id": "000101378018", "nm_lot": "20"}, "address": "?, ?"}},
{"type": "Feature", "geometry": {"type": "Polygon", "coordinates": [[[-49.391875, -16.686222], [-49.391875, -16.685996], [-49.391781, -16.685996], [-49.391781, -16.686222], [-49.391875, -16.686222]]]}, "properties": {"info": {"id": "000101377998", "nm_lot": "21"}, "address": "?, ?"}},
{"type": "Feature", "geometry": {"type": "Polygon", "coordinates": [[[-49.389934, -16.685923], [-49.39015, -16.685923], [-49.39015, -16.685829], [-49.389934, -16.685829], [-49.389934, -16.685923]]]}, "properties": {"info": {"id": "000101378042", "nm_lot": "20"}, "address": "?, ?"}},
{"type": "Feature", "geometry": {"type": "Polygon", "coordinates": [[[-49.391119, -16.684304], [-49.391119, -16.684096], [-49.391047, -16.684096], [-49.391047, -16.684304], [-49.391119, -16.684304]]]}, "properties": {"info": {"id": "000101378395", "nm_lot": "21A"}, "address": "?, ?"}},
{"type": "Feature", "geometry": {"type": "Polygon", "coordinates": [[[-49.388074, -16.682921], [-49.388149, -16.682921], [-49.388149, -16.682713], [-49.388074, -16.682713], [-49.388074, -16.682921]]]}, "properties": {"info": {"id": "000101379076", "nm_lot": "21A"}, "address": "?, ?"}},
{"type": "Feature", "geometry": {"type": "Polygon", "coordinates": [[[-49.390903, -16.684304], [-49.390903, -16.684096], [-49.390831, -16.684096], [-49.390831, -16.684304], [-49.390903, -16.684304]]]}, "properties": {"info": {"id": "000101378388", "nm_lot": "20B"}, "address": "?, ?"}},
{"type": "Feature", "geometry": {"type": "Polygon", "coordinates": [[[-49.394113, -16.686905], [-49.394193, -16.686647], [-49.394097, -16.686632], [-49.394021, -16.686878], [-49.394113, -16.686905]]]}, "properties": {"info": {"id": "000101278442", "nm_lot": "22"}, "address": "?, ?"}},
{"type": "Feature", "geometry": {"type": "Polygon", "coordinates": [[[-49.391047, -16.684304], [-49.391047, -16.684096], [-49.390975, -16.684096], [-49.390975, -16.684304], [-49.391047, -16.684304]]]}, "properties": {"info": {"id": "000101378394", "nm_lot": "21B"}, "address": "?, ?"}},
{"type": "Feature", "geometry": {"type": "Polygon", "coordinates": [[[-49.389409, -16.685925], [-49.389625, -16.685925], [-49.389625, -16.685831], [-49.389409, -16.685831], [-49.389409, -16.685925]]]}, "properties": {"info": {"id": "000101378040", "nm_lot": "21"}, "address": "?, ?"}},
{"type": "Feature", "geometry": {"type": "Polygon", "coordinates": [[[-49.391727, -16.683002], [-49.391731, -16.682806], [-49.391598, -16.682804], [-49.391595, -16.683], [-49.391727, -16.683002]]]}, "properties": {"info": {"id": "000101253109", "nm_lot": "20"}, "address": "?, ?"}},
{"type": "Feature", "geometry": {"type": "Polygon", "coordinates": [[[-49.392557, -16.684693], [-49.392669, -16.684642], [-49.392694, -16.68463], [-49.392646, -16.684476], [-49.392502, -16.684518], [-49.392557, -16.684693]]]}, "properties": {"info": {"id": "000101278550", "nm_lot": "21"}, "address": "?, ?"}},
{"type": "Feature", "geometry": {"type": "Polygon", "coordinates": [[[-49.392415, -16.684759], [-49.392557, -16.684693], [-49.392502, -16.684518], [-49.392405, -16.684546], [-49.39239, -16.684552], [-49.392377, -16.684561], [-49.392366, -16.684573], [-49.392358, -16.684586], [-49.392353, -16.684601], [-49.392351, -16.684617], [-49.392353, -16.684632], [-49.392359, -16.684647], [-49.392415, -16.684759]]]}, "properties": {"info": {"id": "000101278551", "nm_lot": "22"}, "address": "?, ?"}},
{"type": "Feature", "geometry": {"type": "Polygon", "coordinates": [[[-49.389409, -16.685831], [-49.389625, -16.685831], [-49.389625, -16.685737], [-49.389409, -16.685737], [-49.389409, -16.685831]]]}, "properties": {"info": {"id": "000101378073", "nm_lot": "22"}, "address": "?, ?"}},
{"type": "Feature", "geometry": {"type": "Polygon", "coordinates": [[[-49.390984, -16.685736], [-49.3912, -16.685736], [-49.3912, -16.685642], [-49.390984, -16.685642], [-49.390984, -16.685736]]]}, "properties": {"info": {"id": "000101378119", "nm_lot": "22"}, "address": "?, ?"}},
{"type": "Feature", "geometry": {"type": "Polygon", "coordinates": [[[-49.392047, -16.687839], [-49.392095, -16.687839], [-49.392097, -16.687568], [-49.392004, -16.687567], [-49.392001, -16.687838], [-49.392047, -16.687839]]]}, "properties": {"info": {"id": "000101305693", "nm_lot": "22"}, "address": "?, ?"}},
{"type": "Feature", "geometry": {"type": "Polygon", "coordinates": [[[-49.390459, -16.685831], [-49.390675, -16.685831], [-49.390675, -16.685737], [-49.390459, -16.685737], [-49.390459, -16.685831]]]}, "properties": {"info": {"id": "000101378097", "nm_lot": "22"}, "address": "?, ?"}},
{"type": "Feature", "geometry": {"type": "Polygon", "coordinates": [[[-49.388884, -16.685735], [-49.3891, -16.685735], [-49.3891, -16.685641], [-49.388884, -16.685641], [-49.388884, -16.685735]]]}, "properties": {"info": {"id": "000101378091", "nm_lot": "22"}, "address": "?, ?"}},
{"type": "Feature", "geometry": {"type": "Polygon", "coordinates": [[[-49.391192, -16.684304], [-49.391264, -16.684304], [-49.391264, -16.684096], [-49.391192, -16.684096], [-49.391192, -16.684304]]]}, "properties": {"info": {"id": "000101378405", "nm_lot": "22A"}, "address": "?, ?"}},
{"type": "Feature", "geometry": {"type": "Polygon", "coordinates": [[[-49.392709, -16.684723], [-49.392669, -16.684642], [-49.392557, -16.684693], [-49.392415, -16.684759], [-49.392456, -16.684841], [-49.392709, -16.684723]]]}, "properties": {"info": {"id": "000101278555", "nm_lot": "23"}, "address": "?, ?"}},
{"type": "Feature", "geometry": {"type": "Polygon", "coordinates": [[[-49.391969, -16.686222], [-49.392063, -16.686222], [-49.392063, -16.685996], [-49.391969, -16.685996], [-49.391969, -16.686222]]]}, "properties": {"info": {"id": "000101378000", "nm_lot": "23"}, "address": "?, ?"}},
{"type": "Feature", "geometry": {"type": "Polygon", "coordinates": [[[-49.392062, -16.686565], [-49.392156, -16.686565], [-49.392156, -16.686339], [-49.392063, -16.686339], [-49.392062, -16.686565]]]}, "properties": {"info": {"id": "000101377945", "nm_lot": "10"}, "address": "?, ?"}},
{"type": "Feature", "geometry": {"type": "Polygon", "coordinates": [[[-49.386475, -16.685661], [-49.386475, -16.68557], [-49.386259, -16.68557], [-49.386259, -16.68566], [-49.386475, -16.685661]]]}, "properties": {"info": {"id": "000101378123", "nm_lot": "22"}, "address": "?, ?"}},
{"type": "Feature", "geometry": {"type": "Polygon", "coordinates": [[[-49.394086, -16.685197], [-49.393993, -16.685194], [-49.393984, -16.685465], [-49.394077, -16.685468], [-49.394086, -16.685197]]]}, "properties": {"info": {"id": "000101278505", "nm_lot": "23"}, "address": "?, ?"}},
{"type": "Feature", "geometry": {"type": "Polygon", "coordinates": [[[-49.391875, -16.686222], [-49.391969, -16.686222], [-49.391969, -16.685996], [-49.391875, -16.685996], [-49.391875, -16.686222]]]}, "properties": {"info": {"id": "000101377999", "nm_lot": "22"}, "address": "?, ?"}},
{"type": "Feature", "geometry": {"type": "Polygon", "coordinates": [[[-49.388299, -16.682921], [-49.388374, -16.682921], [-49.388374, -16.682713], [-49.388299, -16.682713], [-49.388299, -16.682921]]]}, "properties": {"info": {"id": "000101379079", "nm_lot": "20B"}, "address": "?, ?"}},
{"type": "Feature", "geometry": {"type": "Polygon", "coordinates": [[[-49.390984, -16.68583], [-49.3912, -16.68583], [-49.3912, -16.685736], [-49.390984, -16.685736], [-49.390984, -16.68583]]]}, "properties": {"info": {"id": "000101378099", "nm_lot": "21"}, "address": "?, ?"}},
{"type": "Feature", "geometry": {"type": "Polygon", "coordinates": [[[-49.388669, -16.685641], [-49.388884, -16.685641], [-49.388884, -16.685547], [-49.388669, -16.685547], [-49.388669, -16.685641]]]}, "properties": {"info": {"id": "000101378110", "nm_lot": "10"}, "address": "?, ?"}},
{"type": "Feature", "geometry": {"type": "Polygon", "coordinates": [[[-49.391687, -16.686791], [-49.391687, -16.686565], [-49.391594, -16.686565], [-49.391594, -16.686791], [-49.391687, -16.686791]]]}, "properties": {"info": {"id": "000101377923", "nm_lot": "22"}, "address": "?, ?"}},
{"type": "Feature", "geometry": {"type": "Polygon", "coordinates": [[[-49.39225, -16.68568], [-49.39225, -16.685431], [-49.392156, -16.685431], [-49.392156, -16.68568], [-49.39225, -16.68568]]]}, "properties": {"info": {"id": "000101378138", "nm_lot": "22"}, "address": "?, ?"}},
{"type": "Feature", "geometry": {"type": "Polygon", "coordinates": [[[-49.391781, -16.685996], [-49.391875, -16.685996], [-49.391875, -16.68577], [-49.391781, -16.68577], [-49.391781, -16.685996]]]}, "properties": {"info": {"id": "000101378051", "nm_lot": "10"}, "address": "?, ?"}},
{"type": "Feature", "geometry": {"type": "Polygon", "coordinates": [[[-49.393984, -16.685465], [-49.393993, -16.685194], [-49.393899, -16.685191], [-49.39389, -16.685462], [-49.393984, -16.685465]]]}, "properties": {"info": {"id": "000101278506", "nm_lot": "22"}, "address": "?, ?"}},
{"type": "Feature", "geometry": {"type": "Polygon", "coordinates": [[[-49.388359, -16.685831], [-49.388575, -16.685831], [-49.388575, -16.685737], [-49.388359, -16.685737], [-49.388359, -16.685831]]]}, "properties": {"info": {"id": "000101378069", "nm_lot": "22"}, "address": "?, ?"}},
{"type": "Feature", "geometry": {"type": "Polygon", "coordinates": [[[-49.387834, -16.685765], [-49.38805, -16.685765], [-49.38805, -16.685674], [-49.387834, -16.685674], [-49.387834, -16.685765]]]}, "properties": {"info": {"id": "000101378082", "nm_lot": "22"}, "address": "?, ?"}},
{"type": "Feature", "geometry": {"type": "Polygon", "coordinates": [[[-49.393578, -16.683236], [-49.393581, -16.68309], [-49.393392, -16.683087], [-49.393389, -16.683232], [-49.393578, -16.683236]]]}, "properties": {"info": {"id": "000101252918", "nm_lot": "10"}, "address": "?, ?"}},
{"type": "Feature", "geometry": {"type": "Polygon", "coordinates": [[[-49.393993, -16.685194], [-49.394086, -16.685197], [-49.394095, -16.684926], [-49.394001, -16.684923], [-49.393993, -16.685194]]]}, "properties": {"info": {"id": "000101278518", "nm_lot": "10"}, "address": "?, ?"}},
{"type": "Feature", "geometry": {"type": "Polygon", "coordinates": [[[-49.39191, -16.687566], [-49.391908, -16.687838], [-49.392001, -16.687838], [-49.392004, -16.687567], [-49.39191, -16.687566]]]}, "properties": {"info": {"id": "000101315447", "nm_lot": "23"}, "address": "?, ?"}},
{"type": "Feature", "geometry": {"type": "Polygon", "coordinates": [[[-49.391855, -16.6832], [-49.391859, -16.683004], [-49.391727, -16.683002], [-49.391723, -16.683198], [-49.391855, -16.6832]]]}, "properties": {"info": {"id": "000101253105", "nm_lot": "23"}, "address": "?, ?"}},
{"type": "Feature", "geometry": {"type": "Polygon", "coordinates": [[[-49.386784, -16.685829], [-49.387, -16.685829], [-49.387, -16.685735], [-49.386784, -16.685735], [-49.386784, -16.685829]]]}, "properties": {"info": {"id": "000101378065", "nm_lot": "21"}, "address": "?, ?"}},
{"type": "Feature", "geometry": {"type": "Polygon", "coordinates": [[[-49.392655, -16.688114], [-49.392656, -16.687991], [-49.392657, -16.687893], [-49.392658, -16.687843], [-49.392564, -16.687843], [-49.392562, -16.688114], [-49.392655, -16.688114]]]}, "properties": {"info": {"id": "000101315446", "nm_lot": "10"}, "address": "?, ?"}},
{"type": "Feature", "geometry": {"type": "Polygon", "coordinates": [[[-49.387619, -16.685674], [-49.387834, -16.685674], [-49.387834, -16.685584], [-49.387619, -16.685584], [-49.387619, -16.685674]]]}, "properties": {"info": {"id": "000101378101", "nm_lot": "10"}, "address": "?, ?"}},
{"type": "Feature", "geometry": {"type": "Polygon", "coordinates": [[[-49.386568, -16.685641], [-49.386784, -16.685641], [-49.386784, -16.685547], [-49.386568, -16.685547], [-49.386568, -16.685641]]]}, "properties": {"info": {"id": "000101378104", "nm_lot": "10"}, "address": "?, ?"}},
{"type": "Feature", "geometry": {"type": "Polygon", "coordinates": [[[-49.384999, -16.682869], [-49.384999, -16.682706], [-49.384952, -16.682661], [-49.384901, -16.682661], [-49.384901, -16.682869], [-49.384999, -16.682869]]]}, "properties": {"info": {"id": "000101379003", "nm_lot": "1"}, "address": "?, ?"}},
{"type": "Feature", "geometry": {"type": "Polygon", "coordinates": [[[-49.384071, -16.683251], [-49.384071, -16.683221], [-49.384024, -16.683176], [-49.383855, -16.683175], [-49.383855, -16.68325], [-49.384071, -16.683251]]]}, "properties": {"info": {"id": "000101378880", "nm_lot": "10"}, "address": "?, ?"}},
{"type": "Feature", "geometry": {"type": "Polygon", "coordinates": [[[-49.387834, -16.685674], [-49.38805, -16.685674], [-49.38805, -16.685584], [-49.387834, -16.685584], [-49.387834, -16.685674]]]}, "properties": {"info": {"id": "000101378102", "nm_lot": "23"}, "address": "?, ?"}},
{"type": "Feature", "geometry": {"type": "Polygon", "coordinates": [[[-49.386784, -16.685641], [-49.387, -16.685641], [-49.387, -16.685547], [-49.386784, -16.685547], [-49.386784, -16.685641]]]}, "properties": {"info": {"id": "000101378105", "nm_lot": "23"}, "address": "?, ?"}},
{"type": "Feature", "geometry": {"type": "Polygon", "coordinates": [[[-49.387774, -16.682921], [-49.387849, -16.682921], [-49.387849, -16.682713], [-49.387774, -16.682713], [-49.387774, -16.682921]]]}, "properties": {"info": {"id": "000101379072", "nm_lot": "23A"}, "address": "?, ?"}},
{"type": "Feature", "geometry": {"type": "Polygon", "coordinates": [[[-49.39047, -16.684096], [-49.39047, -16.683888], [-49.390397, -16.683888], [-49.390397, -16.684096], [-49.39047, -16.684096]]]}, "properties": {"info": {"id": "000101378489", "nm_lot": "10A"}, "address": "?, ?"}},
{"type": "Feature", "geometry": {"type": "Polygon", "coordinates": [[[-49.390296, -16.683572], [-49.390221, -16.683572], [-49.390221, -16.68378], [-49.390296, -16.68378], [-49.390296, -16.683572]]]}, "properties": {"info": {"id": "000101378640", "nm_lot": "10B"}, "address": "?, ?"}},
{"type": "Feature", "geometry": {"type": "Polygon", "coordinates": [[[-49.388074, -16.683129], [-49.388149, -16.683129], [-49.388149, -16.682921], [-49.388074, -16.682921], [-49.388074, -16.683129]]]}, "properties": {"info": {"id": "000101378958", "nm_lot": "10B"}, "address": "?, ?"}},
{"type": "Feature", "geometry": {"type": "Polygon", "coordinates": [[[-49.391969, -16.686565], [-49.392062, -16.686565], [-49.392063, -16.686339], [-49.391969, -16.686339], [-49.391969, -16.686565]]]}, "properties": {"info": {"id": "000101377944", "nm_lot": "11"}, "address": "?, ?"}},
{"type": "Feature", "geometry": {"type": "Polygon", "coordinates": [[[-49.383642, -16.682869], [-49.383716, -16.682869], [-49.383716, -16.682661], [-49.383642, -16.682661], [-49.383642, -16.682869]]]}, "properties": {"info": {"id": "000101379101", "nm_lot": "10B"}, "address": "?, ?"}},
{"type": "Feature", "geometry": {"type": "Polygon", "coordinates": [[[-49.390769, -16.685642], [-49.390984, -16.685642], [-49.390984, -16.685548], [-49.390769, -16.685548], [-49.390769, -16.685642]]]}, "properties": {"info": {"id": "000101378153", "nm_lot": "10"}, "address": "?, ?"}},
{"type": "Feature", "geometry": {"type": "Polygon", "coordinates": [[[-49.390769, -16.685735], [-49.390984, -16.685736], [-49.390984, -16.685642], [-49.390769, -16.685642], [-49.390769, -16.685735]]]}, "properties": {"info": {"id": "000101378118", "nm_lot": "11"}, "address": "?, ?"}},
{"type": "Feature", "geometry": {"type": "Polygon", "coordinates": [[[-49.392633, -16.683497], [-49.392637, -16.683301], [-49.392586, -16.683301], [-49.392505, -16.683299], [-49.392501, -16.683495], [-49.392633, -16.683497]]]}, "properties": {"info": {"id": "000101253086", "nm_lot": "3"}, "address": "?, ?"}},
{"type": "Feature", "geometry": {"type": "Polygon", "coordinates": [[[-49.393336, -16.687857], [-49.393337, -16.687762], [-49.393283, -16.687762], [-49.39307, -16.68776], [-49.393069, -16.687771], [-49.39306, -16.687855], [-49.393336, -16.687857]]]}, "properties": {"info": {"id": "000101305666", "nm_lot": "3"}, "address": "?, ?"}},
{"type": "Feature", "geometry": {"type": "Polygon", "coordinates": [[[-49.393362, -16.686025], [-49.393615, -16.685907], [-49.393574, -16.685826], [-49.393321, -16.685944], [-49.393362, -16.686025]]]}, "properties": {"info": {"id": "000101278582", "nm_lot": "3"}, "address": "?, ?"}},
{"type": "Feature", "geometry": {"type": "Polygon", "coordinates": [[[-49.387619, -16.684951], [-49.387619, -16.685042], [-49.387834, -16.685042], [-49.387834, -16.684951], [-49.387619, -16.684951]]]}, "properties": {"info": {"id": "000101378266", "nm_lot": "3"}, "address": "?, ?"}},
{"type": "Feature", "geometry": {"type": "Polygon", "coordinates": [[[-49.383856, -16.685478], [-49.383859, -16.685387], [-49.383578, -16.685379], [-49.383575, -16.68547], [-49.383856, -16.685478]]]}, "properties": {"info": {"id": "000101259981", "nm_lot": "3"}, "address": "?, ?"}},
{"type": "Feature", "geometry": {"type": "Polygon", "coordinates": [[[-49.387094, -16.684797], [-49.387094, -16.684891], [-49.387309, -16.684891], [-49.387309, -16.684797], [-49.387094, -16.684797]]]}, "properties": {"info": {"id": "000101378303", "nm_lot": "3"}, "address": "?, ?"}},
{"type": "Feature", "geometry": {"type": "Polygon", "coordinates": [[[-49.385159, -16.683251], [-49.385159, -16.683221], [-49.385112, -16.683176], [-49.384943, -16.683176], [-49.384943, -16.683251], [-49.385159, -16.683251]]]}, "properties": {"info": {"id": "000101378889", "nm_lot": "10A"}, "address": "?, ?"}},
{"type": "Feature", "geometry": {"type": "Polygon", "coordinates": [[[-49.386238, -16.683638], [-49.386454, -16.683638], [-49.386454, -16.683566], [-49.386238, -16.683566], [-49.386238, -16.683638]]]}, "properties": {"info": {"id": "000101378719", "nm_lot": "10B"}, "address": "?, ?"}},
{"type": "Feature", "geometry": {"type": "Polygon", "coordinates": [[[-49.386784, -16.685735], [-49.387, -16.685735], [-49.387, -16.685641], [-49.386784, -16.685641], [-49.386784, -16.685735]]]}, "properties": {"info": {"id": "000101378085", "nm_lot": "22"}, "address": "?, ?"}},
{"type": "Feature", "geometry": {"type": "Polygon", "coordinates": [[[-49.3915, -16.685431], [-49.391594, -16.685431], [-49.391594, -16.685183], [-49.3915, -16.685183], [-49.3915, -16.685431]]]}, "properties": {"info": {"id": "000101378197", "nm_lot": "10"}, "address": "?, ?"}},
{"type": "Feature", "geometry": {"type": "Polygon", "coordinates": [[[-49.393847, -16.683962], [-49.393851, -16.683779], [-49.393709, -16.683777], [-49.393705, -16.683959], [-49.393847, -16.683962]]]}, "properties": {"info": {"id": "000101252912", "nm_lot": "23"}, "address": "?, ?"}},
{"type": "Feature", "geometry": {"type": "Polygon", "coordinates": [[[-49.394151, -16.686916], [-49.394203, -16.68693], [-49.394286, -16.686661], [-49.394193, -16.686647], [-49.394113, -16.686905], [-49.394151, -16.686916]]]}, "properties": {"info": {"id": "000101278441", "nm_lot": "23"}, "address": "?, ?"}},
{"type": "Feature", "geometry": {"type": "Polygon", "coordinates": [[[-49.387094, -16.685549], [-49.387309, -16.685549], [-49.387309, -16.685455], [-49.387094, -16.685455], [-49.387094, -16.685549]]]}, "properties": {"info": {"id": "000101378136", "nm_lot": "10"}, "address": "?, ?"}},
{"type": "Feature", "geometry": {"type": "Polygon", "coordinates": [[[-49.385327, -16.683013], [-49.385327, -16.682832], [-49.385234, -16.682832], [-49.385234, -16.683013], [-49.385327, -16.683013]]]}, "properties": {"info": {"id": "000101379015", "nm_lot": "10"}, "address": "?, ?"}},
{"type": "Feature", "geometry": {"type": "Polygon", "coordinates": [[[-49.384841, -16.685493], [-49.384843, -16.685403], [-49.384562, -16.685395], [-49.384559, -16.685485], [-49.384841, -16.685493]]]}, "properties": {"info": {"id": "000101259967", "nm_lot": "10"}, "address": "?, ?"}},
{"type": "Feature", "geometry": {"type": "Polygon", "coordinates": [[[-49.384132, -16.685666], [-49.384134, -16.685576], [-49.383853, -16.685568], [-49.383851, -16.685658], [-49.384132, -16.685666]]]}, "properties": {"info": {"id": "000101259956", "nm_lot": "10"}, "address": "?, ?"}},
{"type": "Feature", "geometry": {"type": "Polygon", "coordinates": [[[-49.392156, -16.68568], [-49.392156, -16.685431], [-49.392063, -16.685431], [-49.392063, -16.68568], [-49.392156, -16.68568]]]}, "properties": {"info": {"id": "000101378135", "nm_lot": "21"}, "address": "?, ?"}},
{"type": "Feature", "geometry": {"type": "Polygon", "coordinates": [[[-49.392097, -16.687568], [-49.392095, -16.687839], [-49.392189, -16.68784], [-49.392191, -16.687569], [-49.392097, -16.687568]]]}, "properties": {"info": {"id": "000101315449", "nm_lot": "21"}, "address": "?, ?"}},
{"type": "Feature", "geometry": {"type": "Polygon", "coordinates": [[[-49.389719, -16.685641], [-49.389934, -16.685641], [-49.389934, -16.685547], [-49.389719, -16.685547], [-49.389719, -16.685641]]]}, "properties": {"info": {"id": "000101378114", "nm_lot": "10"}, "address": "?, ?"}},
{"type": "Feature", "geometry": {"type": "Polygon", "coordinates": [[[-49.391336, -16.684304], [-49.391408, -16.684304], [-49.391408, -16.684096], [-49.391336, -16.684096], [-49.391336, -16.684304]]]}, "properties": {"info": {"id": "000101378411", "nm_lot": "23A"}, "address": "?, ?"}},
{"type": "Feature", "geometry": {"type": "Polygon", "coordinates": [[[-49.392438, -16.68568], [-49.392438, -16.685431], [-49.392344, -16.685431], [-49.392344, -16.68568], [-49.392438, -16.68568]]]}, "properties": {"info": {"id": "000101378140", "nm_lot": "24"}, "address": "?, ?"}},
{"type": "Feature", "geometry": {"type": "Polygon", "coordinates": [[[-49.393705, -16.683959], [-49.393709, -16.683777], [-49.393567, -16.683774], [-49.393564, -16.683956], [-49.393705, -16.683959]]]}, "properties": {"info": {"id": "000101252911", "nm_lot": "22"}, "address": "?, ?"}},
{"type": "Feature", "geometry": {"type": "Polygon", "coordinates": [[[-49.384399, -16.683971], [-49.384615, -16.683971], [-49.384615, -16.683899], [-49.384399, -16.683899], [-49.384399, -16.683971]]]}, "properties": {"info": {"id": "000101378502", "nm_lot": "10A"}, "address": "?, ?"}},
{"type": "Feature", "geometry": {"type": "Polygon", "coordinates": [[[-49.386782, -16.683313], [-49.386998, -16.683313], [-49.386998, -16.683286], [-49.386951, -16.68324], [-49.386782, -16.68324], [-49.386782, -16.683313]]]}, "properties": {"info": {"id": "000101378856", "nm_lot": "10A"}, "address": "?, ?"}},
{"type": "Feature", "geometry": {"type": "Polygon", "coordinates": [[[-49.388669, -16.684889], [-49.388669, -16.684983], [-49.388884, -16.684983], [-49.388884, -16.684889], [-49.388669, -16.684889]]]}, "properties": {"info": {"id": "000101378275", "nm_lot": "3"}, "address": "?, ?"}},
{"type": "Feature", "geometry": {"type": "Polygon", "coordinates": [[[-49.387309, -16.685643], [-49.387525, -16.685643], [-49.387525, -16.685549], [-49.387309, -16.685549], [-49.387309, -16.685643]]]}, "properties": {"info": {"id": "000101378107", "nm_lot": "24"}, "address": "?, ?"}},
{"type": "Feature", "geometry": {"type": "Polygon", "coordinates": [[[-49.393958, -16.687563], [-49.394038, -16.687303], [-49.393948, -16.687277], [-49.393868, -16.687537], [-49.393958, -16.687563]]]}, "properties": {"info": {"id": "000101305663", "nm_lot": "10"}, "address": "?, ?"}},
{"type": "Feature", "geometry": {"type": "Polygon", "coordinates": [[[-49.391723, -16.683198], [-49.391727, -16.683002], [-49.391595, -16.683], [-49.391498, -16.682998], [-49.391578, -16.683155], [-49.391646, -16.683196], [-49.391723, -16.683198]]]}, "properties": {"info": {"id": "000101253108", "nm_lot": "22"}, "address": "?, ?"}},
{"type": "Feature", "geometry": {"type": "Polygon", "coordinates": [[[-49.392641, -16.68568], [-49.392694, -16.685599], [-49.39261, -16.685431], [-49.392438, -16.685431], [-49.392438, -16.68568], [-49.392641, -16.68568]]]}, "properties": {"info": {"id": "000101378141", "nm_lot": "25"}, "address": "?, ?"}},
{"type": "Feature", "geometry": {"type": "Polygon", "coordinates": [[[-49.388144, -16.685549], [-49.388359, -16.685549], [-49.388359, -16.685455], [-49.388144, -16.685455], [-49.388144, -16.685549]]]}, "properties": {"info": {"id": "000101378143", "nm_lot": "10"}, "address": "?, ?"}},
{"type": "Feature", "geometry": {"type": "Polygon", "coordinates": [[[-49.386258, -16.68548], [-49.386475, -16.68548], [-49.386475, -16.685389], [-49.386258, -16.685389], [-49.386258, -16.68548]]]}, "properties": {"info": {"id": "000101378176", "nm_lot": "24"}, "address": "?, ?"}},
{"type": "Feature", "geometry": {"type": "Polygon", "coordinates": [[[-49.388359, -16.685643], [-49.388575, -16.685643], [-49.388575, -16.685549], [-49.388359, -16.685549], [-49.388359, -16.685643]]]}, "properties": {"info": {"id": "000101378109", "nm_lot": "24"}, "address": "?, ?"}},
{"type": "Feature", "geometry": {"type": "Polygon", "coordinates": [[[-49.388413, -16.684026], [-49.388629, -16.684026], [-49.388629, -16.683955], [-49.388413, -16.683955], [-49.388413, -16.684026]]]}, "properties": {"info": {"id": "000101378517", "nm_lot": "10A"}, "address": "?, ?"}},
{"type": "Feature", "geometry": {"type": "Polygon", "coordinates": [[[-49.394359, -16.685477], [-49.394367, -16.685206], [-49.394274, -16.685203], [-49.394265, -16.685474], [-49.394359, -16.685477]]]}, "properties": {"info": {"id": "000101278502", "nm_lot": "26"}, "address": "?, ?"}},
{"type": "Feature", "geometry": {"type": "Polygon", "coordinates": [[[-49.392344, -16.68568], [-49.392344, -16.685431], [-49.39225, -16.685431], [-49.39225, -16.68568], [-49.392344, -16.68568]]]}, "properties": {"info": {"id": "000101378139", "nm_lot": "23"}, "address": "?, ?"}},
{"type": "Feature", "geometry": {"type": "Polygon", "coordinates": [[[-49.387834, -16.685494], [-49.38805, -16.685494], [-49.38805, -16.685403], [-49.387834, -16.685403], [-49.387834, -16.685494]]]}, "properties": {"info": {"id": "000101378157", "nm_lot": "25"}, "address": "?, ?"}},
{"type": "Feature", "geometry": {"type": "Polygon", "coordinates": [[[-49.387699, -16.682921], [-49.387774, -16.682921], [-49.387774, -16.682713], [-49.387699, -16.682713], [-49.387699, -16.682921]]]}, "properties": {"info": {"id": "000101379071", "nm_lot": "24B"}, "address": "?, ?"}},
{"type": "Feature", "geometry": {"type": "Polygon", "coordinates": [[[-49.383716, -16.683077], [-49.38379, -16.683077], [-49.38379, -16.682869], [-49.383716, -16.682869], [-49.383716, -16.683077]]]}, "properties": {"info": {"id": "000101378986", "nm_lot": "24B"}, "address": "?, ?"}},
{"type": "Feature", "geometry": {"type": "Polygon", "coordinates": [[[-49.390459, -16.685925], [-49.390675, -16.685925], [-49.390675, -16.685831], [-49.390459, -16.685831], [-49.390459, -16.685925]]]}, "properties": {"info": {"id": "000101378077", "nm_lot": "21"}, "address": "?, ?"}},
{"type": "Feature", "geometry": {"type": "Polygon", "coordinates": [[[-49.387309, -16.685925], [-49.387525, -16.685925], [-49.387525, -16.685831], [-49.387309, -16.685831], [-49.387309, -16.685925]]]}, "properties": {"info": {"id": "000101378034", "nm_lot": "21"}, "address": "?, ?"}},
{"type": "Feature", "geometry": {"type": "Polygon", "coordinates": [[[-49.388884, -16.685829], [-49.3891, -16.685829], [-49.3891, -16.685735], [-49.388884, -16.685735], [-49.388884, -16.685829]]]}, "properties": {"info": {"id": "000101378071", "nm_lot": "21"}, "address": "?, ?"}},
{"type": "Feature", "geometry": {"type": "Polygon", "coordinates": [[[-49.390984, -16.685642], [-49.3912, -16.685642], [-49.3912, -16.685548], [-49.390984, -16.685548], [-49.390984, -16.685642]]]}, "properties": {"info": {"id": "000101378154", "nm_lot": "23"}, "address": "?, ?"}},
{"type": "Feature", "geometry": {"type": "Polygon", "coordinates": [[[-49.389501, -16.683358], [-49.389501, -16.683241], [-49.389332, -16.683241], [-49.389286, -16.683286], [-49.389285, -16.683358], [-49.389501, -16.683358]]]}, "properties": {"info": {"id": "000101378887", "nm_lot": "1"}, "address": "?, ?"}},
{"type": "Feature", "geometry": {"type": "Polygon", "coordinates": [[[-49.38787, -16.683313], [-49.388085, -16.683313], [-49.388085, -16.683286], [-49.388039, -16.683241], [-49.38787, -16.683241], [-49.38787, -16.683313]]]}, "properties": {"info": {"id": "000101378860", "nm_lot": "10A"}, "address": "?, ?"}},
{"type": "Feature", "geometry": {"type": "Polygon", "coordinates": [[[-49.390296, -16.68378], [-49.390371, -16.68378], [-49.390371, -16.683572], [-49.390296, -16.683572], [-49.390296, -16.68378]]]}, "properties": {"info": {"id": "000101378639", "nm_lot": "10A"}, "address": "?, ?"}},
{"type": "Feature", "geometry": {"type": "Polygon", "coordinates": [[[-49.390081, -16.683092], [-49.390081, -16.683019], [-49.389894, -16.683019], [-49.389893, -16.683091], [-49.390081, -16.683092]]]}, "properties": {"info": {"id": "000101379012", "nm_lot": "10A"}, "address": "?, ?"}},
{"type": "Feature", "geometry": {"type": "Polygon", "coordinates": [[[-49.387326, -16.684026], [-49.387541, -16.684026], [-49.387541, -16.683954], [-49.387326, -16.683954], [-49.387326, -16.684026]]]}, "properties": {"info": {"id": "000101378511", "nm_lot": "10A"}, "address": "?, ?"}},
{"type": "Feature", "geometry": {"type": "Polygon", "coordinates": [[[-49.388957, -16.683385], [-49.389173, -16.683386], [-49.389173, -16.683313], [-49.388957, -16.683313], [-49.388957, -16.683385]]]}, "properties": {"info": {"id": "000101378831", "nm_lot": "10B"}, "address": "?, ?"}},
{"type": "Feature", "geometry": {"type": "Polygon", "coordinates": [[[-49.390081, -16.683019], [-49.390081, -16.682947], [-49.389894, -16.682947], [-49.389894, -16.683019], [-49.390081, -16.683019]]]}, "properties": {"info": {"id": "000101379034", "nm_lot": "10B"}, "address": "?, ?"}},
{"type": "Feature", "geometry": {"type": "Polygon", "coordinates": [[[-49.386782, -16.683385], [-49.386998, -16.683385], [-49.386998, -16.683313], [-49.386782, -16.683313], [-49.386782, -16.683385]]]}, "properties": {"info": {"id": "000101378820", "nm_lot": "10B"}, "address": "?, ?"}},
{"type": "Feature", "geometry": {"type": "Polygon", "coordinates": [[[-49.391816, -16.687566], [-49.391814, -16.687837], [-49.391908, -16.687838], [-49.39191, -16.687566], [-49.391816, -16.687566]]]}, "properties": {"info": {"id": "000101301530", "nm_lot": "24"}, "address": "?, ?"}},
{"type": "Feature", "geometry": {"type": "Polygon", "coordinates": [[[-49.386783, -16.685538], [-49.386784, -16.685547], [-49.387, -16.685547], [-49.387, -16.685453], [-49.386783, -16.685453], [-49.386783, -16.685538]]]}, "properties": {"info": {"id": "000101378132", "nm_lot": "24"}, "address": "?, ?"}},
{"type": "Feature", "geometry": {"type": "Polygon", "coordinates": [[[-49.388884, -16.685547], [-49.3891, -16.685547], [-49.3891, -16.685453], [-49.388884, -16.685453], [-49.388884, -16.685547]]]}, "properties": {"info": {"id": "000101378146", "nm_lot": "24"}, "address": "?, ?"}},
{"type": "Feature", "geometry": {"type": "Polygon", "coordinates": [[[-49.3912, -16.68536], [-49.3912, -16.685266], [-49.390985, -16.685266], [-49.390984, -16.68536], [-49.3912, -16.68536]]]}, "properties": {"info": {"id": "000101378224", "nm_lot": "26"}, "address": "?, ?"}},
{"type": "Feature", "geometry": {"type": "Polygon", "coordinates": [[[-49.389408, -16.685455], [-49.389625, -16.685455], [-49.389625, -16.685361], [-49.389408, -16.685361], [-49.389408, -16.685455]]]}, "properties": {"info": {"id": "000101378178", "nm_lot": "26"}, "address": "?, ?"}},
{"type": "Feature", "geometry": {"type": "Polygon", "coordinates": [[[-49.383642, -16.683077], [-49.383716, -16.683077], [-49.383716, -16.682869], [-49.383642, -16.682869], [-49.383642, -16.683077]]]}, "properties": {"info": {"id": "000101378985", "nm_lot": "23A"}, "address": "?, ?"}},
{"type": "Feature", "geometry": {"type": "Polygon", "coordinates": [[[-49.387834, -16.685579], [-49.387834, -16.685584], [-49.38805, -16.685584], [-49.38805, -16.685494], [-49.387834, -16.685494], [-49.387834, -16.685579]]]}, "properties": {"info": {"id": "000101378122", "nm_lot": "24"}, "address": "?, ?"}},
{"type": "Feature", "geometry": {"type": "Polygon", "coordinates": [[[-49.394411, -16.683143], [-49.394407, -16.683325], [-49.394549, -16.683328], [-49.394552, -16.683146], [-49.394411, -16.683143]]]}, "properties": {"info": {"id": "000101252875", "nm_lot": "10"}, "address": "?, ?"}},
{"type": "Feature", "geometry": {"type": "Polygon", "coordinates": [[[-49.39292, -16.682828], [-49.392916, -16.683023], [-49.393049, -16.683026], [-49.39305, -16.682967], [-49.393052, -16.682839], [-49.393052, -16.68283], [-49.39292, -16.682828]]]}, "properties": {"info": {"id": "000101252929", "nm_lot": "10"}, "address": "?, ?"}},
{"type": "Feature", "geometry": {"type": "Polygon", "coordinates": [[[-49.392119, -16.683205], [-49.392123, -16.683009], [-49.391991, -16.683007], [-49.391987, -16.683202], [-49.392119, -16.683205]]]}, "properties": {"info": {"id": "000101253083", "nm_lot": "25"}, "address": "?, ?"}},
{"type": "Feature", "geometry": {"type": "Polygon", "coordinates": [[[-49.391969, -16.686791], [-49.391969, -16.686565], [-49.391875, -16.686565], [-49.391875, -16.686791], [-49.391969, -16.686791]]]}, "properties": {"info": {"id": "000101377926", "nm_lot": "25"}, "address": "?, ?"}},
{"type": "Feature", "geometry": {"type": "Polygon", "coordinates": [[[-49.383938, -16.683077], [-49.384012, -16.683077], [-49.384012, -16.682869], [-49.383938, -16.682869], [-49.383938, -16.683077]]]}, "properties": {"info": {"id": "000101378989", "nm_lot": "25A"}, "address": "?, ?"}},
{"type": "Feature", "geometry": {"type": "Polygon", "coordinates": [[[-49.383864, -16.683077], [-49.383938, -16.683077], [-49.383938, -16.682869], [-49.383864, -16.682869], [-49.383864, -16.683077]]]}, "properties": {"info": {"id": "000101378988", "nm_lot": "25B"}, "address": "?, ?"}},
{"type": "Feature", "geometry": {"type": "Polygon", "coordinates": [[[-49.393899, -16.685191], [-49.393993, -16.685194], [-49.394001, -16.684923], [-49.393908, -16.684921], [-49.393899, -16.685191]]]}, "properties": {"info": {"id": "000101278517", "nm_lot": "11"}, "address": "?, ?"}},
{"type": "Feature", "geometry": {"type": "Polygon", "coordinates": [[[-49.386475, -16.685299], [-49.386475, -16.685209], [-49.386258, -16.685209], [-49.386258, -16.685299], [-49.386475, -16.685299]]]}, "properties": {"info": {"id": "000101378228", "nm_lot": "26"}, "address": "?, ?"}},
{"type": "Feature", "geometry": {"type": "Polygon", "coordinates": [[[-49.394272, -16.683969], [-49.394276, -16.683787], [-49.394134, -16.683785], [-49.39413, -16.683967], [-49.394182, -16.683968], [-49.394272, -16.683969]]]}, "properties": {"info": {"id": "000101252892", "nm_lot": "26"}, "address": "?, ?"}},
{"type": "Feature", "geometry": {"type": "Polygon", "coordinates": [[[-49.387834, -16.685313], [-49.38805, -16.685313], [-49.38805, -16.685223], [-49.387834, -16.685223], [-49.387834, -16.685313]]]}, "properties": {"info": {"id": "000101378199", "nm_lot": "27"}, "address": "?, ?"}},
{"type": "Feature", "geometry": {"type": "Polygon", "coordinates": [[[-49.386259, -16.685751], [-49.386259, -16.68566], [-49.386043, -16.68566], [-49.386043, -16.685751], [-49.386259, -16.685751]]]}, "properties": {"info": {"id": "000101378100", "nm_lot": "10"}, "address": "?, ?"}},
{"type": "Feature", "geometry": {"type": "Polygon", "coordinates": [[[-49.386499, -16.682993], [-49.386499, -16.682812], [-49.386406, -16.682812], [-49.386406, -16.682993], [-49.386499, -16.682993]]]}, "properties": {"info": {"id": "000101379033", "nm_lot": "10"}, "address": "?, ?"}},
{"type": "Feature", "geometry": {"type": "Polygon", "coordinates": [[[-49.391969, -16.683681], [-49.391973, -16.683485], [-49.39184, -16.683483], [-49.391739, -16.683481], [-49.39182, -16.683638], [-49.391888, -16.683679], [-49.391969, -16.683681]]]}, "properties": {"info": {"id": "000101253103", "nm_lot": "10"}, "address": "?, ?"}},
{"type": "Feature", "geometry": {"type": "Polygon", "coordinates": [[[-49.393076, -16.685455], [-49.393329, -16.685338], [-49.39333, -16.685338], [-49.393289, -16.685256], [-49.393035, -16.685374], [-49.393076, -16.685455]]]}, "properties": {"info": {"id": "000101278574", "nm_lot": "10"}, "address": "?, ?"}},
{"type": "Feature", "geometry": {"type": "Polygon", "coordinates": [[[-49.393995, -16.686616], [-49.394003, -16.686371], [-49.393895, -16.686368], [-49.393888, -16.686599], [-49.393995, -16.686616]]]}, "properties": {"info": {"id": "000101278454", "nm_lot": "10"}, "address": "?, ?"}},
{"type": "Feature", "geometry": {"type": "Polygon", "coordinates": [[[-49.390459, -16.685549], [-49.390675, -16.685549], [-49.390675, -16.685455], [-49.390459, -16.685455], [-49.390459, -16.685549]]]}, "properties": {"info": {"id": "000101378168", "nm_lot": "25"}, "address": "?, ?"}},
{"type": "Feature", "geometry": {"type": "Polygon", "coordinates": [[[-49.389409, -16.685493], [-49.389409, -16.685549], [-49.389625, -16.685549], [-49.389625, -16.685455], [-49.389408, -16.685455], [-49.389409, -16.685493]]]}, "properties": {"info": {"id": "000101378148", "nm_lot": "25"}, "address": "?, ?"}},
{"type": "Feature", "geometry": {"type": "Polygon", "coordinates": [[[-49.386783, -16.685453], [-49.387, -16.685453], [-49.387, -16.685359], [-49.386783, -16.685359], [-49.386783, -16.685453]]]}, "properties": {"info": {"id": "000101378162", "nm_lot": "25"}, "address": "?, ?"}},
{"type": "Feature", "geometry": {"type": "Polygon", "coordinates": [[[-49.388149, -16.682921], [-49.388224, -16.682921], [-49.388224, -16.682713], [-49.388149, -16.682713], [-49.388149, -16.682921]]]}, "properties": {"info": {"id": "000101379077", "nm_lot": "21B"}, "address": "?, ?"}},
{"type": "Feature", "geometry": {"type": "Polygon", "coordinates": [[[-49.39225, -16.686791], [-49.392249, -16.686639], [-49.392249, -16.686565], [-49.392156, -16.686565], [-49.392156, -16.686791], [-49.39225, -16.686791]]]}, "properties": {"info": {"id": "000101377929", "nm_lot": "28"}, "address": "?, ?"}},
{"type": "Feature", "geometry": {"type": "Polygon", "coordinates": [[[-49.384308, -16.683077], [-49.384382, -16.683077], [-49.384382, -16.682869], [-49.384308, -16.682869], [-49.384308, -16.683077]]]}, "properties": {"info": {"id": "000101378994", "nm_lot": "28B"}, "address": "?, ?"}},
{"type": "Feature", "geometry": {"type": "Polygon", "coordinates": [[[-49.391769, -16.684304], [-49.391841, -16.684304], [-49.391841, -16.684096], [-49.391769, -16.684096], [-49.391769, -16.684304]]]}, "properties": {"info": {"id": "000101378431", "nm_lot": "26A"}, "address": "?, ?"}},
{"type": "Feature", "geometry": {"type": "Polygon", "coordinates": [[[-49.394452, -16.685479], [-49.394461, -16.685208], [-49.394367, -16.685206], [-49.394359, -16.685477], [-49.394452, -16.685479]]]}, "properties": {"info": {"id": "000101278501", "nm_lot": "27"}, "address": "?, ?"}},
{"type": "Feature", "geometry": {"type": "Polygon", "coordinates": [[[-49.392062, -16.686791], [-49.392062, -16.686565], [-49.391969, -16.686565], [-49.391969, -16.686791], [-49.392062, -16.686791]]]}, "properties": {"info": {"id": "000101377927", "nm_lot": "26"}, "address": "?, ?"}},
{"type": "Feature", "geometry": {"type": "Polygon", "coordinates": [[[-49.392578, -16.685085], [-49.392832, -16.684967], [-49.392791, -16.684886], [-49.392538, -16.685004], [-49.392578, -16.685085]]]}, "properties": {"info": {"id": "000101278558", "nm_lot": "26"}, "address": "?, ?"}},
{"type": "Feature", "geometry": {"type": "Polygon", "coordinates": [[[-49.383568, -16.682869], [-49.383642, -16.682869], [-49.383642, -16.682661], [-49.383568, -16.682661], [-49.383568, -16.682869]]]}, "properties": {"info": {"id": "000101379100", "nm_lot": "10A"}, "address": "?, ?"}},
{"type": "Feature", "geometry": {"type": "Polygon", "coordinates": [[[-49.38787, -16.683385], [-49.388085, -16.683385], [-49.388085, -16.683313], [-49.38787, -16.683313], [-49.38787, -16.683385]]]}, "properties": {"info": {"id": "000101378824", "nm_lot": "10B"}, "address": "?, ?"}},
{"type": "Feature", "geometry": {"type": "Polygon", "coordinates": [[[-49.390542, -16.684096], [-49.390542, -16.683888], [-49.39047, -16.683888], [-49.39047, -16.684096], [-49.390542, -16.684096]]]}, "properties": {"info": {"id": "000101378490", "nm_lot": "10B"}, "address": "?, ?"}},
{"type": "Feature", "geometry": {"type": "Polygon", "coordinates": [[[-49.385487, -16.683845], [-49.385702, -16.683845], [-49.385702, -16.683772], [-49.385487, -16.683772], [-49.385487, -16.683845]]]}, "properties": {"info": {"id": "000101378589", "nm_lot": "10B"}, "address": "?, ?"}},
{"type": "Feature", "geometry": {"type": "Polygon", "coordinates": [[[-49.391688, -16.685996], [-49.391781, -16.685996], [-49.391781, -16.68577], [-49.391688, -16.68577], [-49.391688, -16.685996]]]}, "properties": {"info": {"id": "000101378050", "nm_lot": "11"}, "address": "?, ?"}},
{"type": "Feature", "geometry": {"type": "Polygon", "coordinates": [[[-49.39401, -16.684535], [-49.394019, -16.684265], [-49.393926, -16.684263], [-49.393917, -16.684533], [-49.39401, -16.684535]]]}, "properties": {"info": {"id": "000101278535", "nm_lot": "3"}, "address": "?, ?"}},
{"type": "Feature", "geometry": {"type": "Polygon", "coordinates": [[[-49.388359, -16.685737], [-49.388575, -16.685737], [-49.388575, -16.685643], [-49.388359, -16.685643], [-49.388359, -16.685737]]]}, "properties": {"info": {"id": "000101378089", "nm_lot": "23"}, "address": "?, ?"}},
{"type": "Feature", "geometry": {"type": "Polygon", "coordinates": [[[-49.386258, -16.685501], [-49.386259, -16.68557], [-49.386475, -16.68557], [-49.386475, -16.68548], [-49.386258, -16.68548], [-49.386258, -16.685501]]]}, "properties": {"info": {"id": "000101378158", "nm_lot": "23"}, "address": "?, ?"}},
{"type": "Feature", "geometry": {"type": "Polygon", "coordinates": [[[-49.389409, -16.685737], [-49.389625, -16.685737], [-49.389625, -16.685643], [-49.389409, -16.685643], [-49.389409, -16.685737]]]}, "properties": {"info": {"id": "000101378093", "nm_lot": "23"}, "address": "?, ?"}},
{"type": "Feature", "geometry": {"type": "Polygon", "coordinates": [[[-49.389934, -16.685641], [-49.39015, -16.685641], [-49.39015, -16.685547], [-49.389934, -16.685547], [-49.389934, -16.685641]]]}, "properties": {"info": {"id": "000101378115", "nm_lot": "23"}, "address": "?, ?"}},
{"type": "Feature", "geometry": {"type": "Polygon", "coordinates": [[[-49.387309, -16.685737], [-49.387525, -16.685737], [-49.387525, -16.685643], [-49.387309, -16.685643], [-49.387309, -16.685737]]]}, "properties": {"info": {"id": "000101378087", "nm_lot": "23"}, "address": "?, ?"}},
{"type": "Feature", "geometry": {"type": "Polygon", "coordinates": [[[-49.391264, -16.684304], [-49.391336, -16.684304], [-49.391336, -16.684096], [-49.391264, -16.684096], [-49.391264, -16.684304]]]}, "properties": {"info": {"id": "000101378410", "nm_lot": "23B"}, "address": "?, ?"}},
{"type": "Feature", "geometry": {"type": "Polygon", "coordinates": [[[-49.387834, -16.685403], [-49.38805, -16.685403], [-49.38805, -16.685313], [-49.387834, -16.685313], [-49.387834, -16.685403]]]}, "properties": {"info": {"id": "000101378175", "nm_lot": "26"}, "address": "?, ?"}},
{"type": "Feature", "geometry": {"type": "Polygon", "coordinates": [[[-49.386784, -16.685077], [-49.387, -16.685077], [-49.387, -16.684983], [-49.386784, -16.684983], [-49.386784, -16.685077]]]}, "properties": {"info": {"id": "000101378250", "nm_lot": "29"}, "address": "?, ?"}},
{"type": "Feature", "geometry": {"type": "Polygon", "coordinates": [[[-49.387326, -16.683526], [-49.387326, -16.683455], [-49.38711, -16.683455], [-49.38711, -16.683526], [-49.387326, -16.683526]]]}, "properties": {"info": {"id": "000101378784", "nm_lot": "2A"}, "address": "?, ?"}},
{"type": "Feature", "geometry": {"type": "Polygon", "coordinates": [[[-49.386567, -16.68353], [-49.386782, -16.68353], [-49.386782, -16.683457], [-49.386567, -16.683457], [-49.386567, -16.68353]]]}, "properties": {"info": {"id": "000101378730", "nm_lot": "2A"}, "address": "?, ?"}},
{"type": "Feature", "geometry": {"type": "Polygon", "coordinates": [[[-49.38364, -16.6834], [-49.383855, -16.6834], [-49.383855, -16.683325], [-49.38364, -16.683325], [-49.38364, -16.6834]]]}, "properties": {"info": {"id": "000101378805", "nm_lot": "2A"}, "address": "?, ?"}},
{"type": "Feature", "geometry": {"type": "Polygon", "coordinates": [[[-49.389501, -16.683503], [-49.389501, -16.683431], [-49.389285, -16.683431], [-49.389285, -16.683503], [-49.389501, -16.683503]]]}, "properties": {"info": {"id": "000101378816", "nm_lot": "2A"}, "address": "?, ?"}},
{"type": "Feature", "geometry": {"type": "Polygon", "coordinates": [[[-49.388359, -16.685455], [-49.388575, -16.685455], [-49.388575, -16.685361], [-49.388359, -16.685361], [-49.388359, -16.685455]]]}, "properties": {"info": {"id": "000101378164", "nm_lot": "26"}, "address": "?, ?"}},
{"type": "Feature", "geometry": {"type": "Polygon", "coordinates": [[[-49.390459, -16.685323], [-49.390459, -16.685361], [-49.390675, -16.685361], [-49.390675, -16.685267], [-49.390459, -16.685267], [-49.390459, -16.685323]]]}, "properties": {"info": {"id": "000101378222", "nm_lot": "27"}, "address": "?, ?"}},
{"type": "Feature", "geometry": {"type": "Polygon", "coordinates": [[[-49.388884, -16.685265], [-49.3891, -16.685265], [-49.3891, -16.685171], [-49.388884, -16.685171], [-49.388884, -16.685265]]]}, "properties": {"info": {"id": "000101378216", "nm_lot": "27"}, "address": "?, ?"}},
{"type": "Feature", "geometry": {"type": "Polygon", "coordinates": [[[-49.394555, -16.683974], [-49.394559, -16.683792], [-49.394417, -16.68379], [-49.394414, -16.683972], [-49.394555, -16.683974]]]}, "properties": {"info": {"id": "000101252874", "nm_lot": "28"}, "address": "?, ?"}},
{"type": "Feature", "geometry": {"type": "Polygon", "coordinates": [[[-49.386044, -16.685118], [-49.386258, -16.685118], [-49.386259, -16.685028], [-49.386044, -16.685028], [-49.386044, -16.685118]]]}, "properties": {"info": {"id": "000101378265", "nm_lot": "3"}, "address": "?, ?"}},
{"type": "Feature", "geometry": {"type": "Polygon", "coordinates": [[[-49.390984, -16.685539], [-49.390984, -16.685548], [-49.3912, -16.685548], [-49.3912, -16.685454], [-49.390984, -16.685454], [-49.390984, -16.685539]]]}, "properties": {"info": {"id": "000101378170", "nm_lot": "24"}, "address": "?, ?"}},
{"type": "Feature", "geometry": {"type": "Polygon", "coordinates": [[[-49.392497, -16.684922], [-49.39275, -16.684804], [-49.392709, -16.684723], [-49.392456, -16.684841], [-49.392497, -16.684922]]]}, "properties": {"info": {"id": "000101278556", "nm_lot": "24"}, "address": "?, ?"}},
{"type": "Feature", "geometry": {"type": "Polygon", "coordinates": [[[-49.390459, -16.685643], [-49.390675, -16.685643], [-49.390675, -16.685549], [-49.390459, -16.685549], [-49.390459, -16.685643]]]}, "properties": {"info": {"id": "000101378152", "nm_lot": "24"}, "address": "?, ?"}},
{"type": "Feature", "geometry": {"type": "Polygon", "coordinates": [[[-49.390244, -16.685549], [-49.390459, -16.685549], [-49.390459, -16.685455], [-49.390244, -16.685455], [-49.390244, -16.685549]]]}, "properties": {"info": {"id": "000101378167", "nm_lot": "10"}, "address": "?, ?"}},
{"type": "Feature", "geometry": {"type": "Polygon", "coordinates": [[[-49.389194, -16.685549], [-49.389409, -16.685549], [-49.389409, -16.685493], [-49.389408, -16.685455], [-49.389194, -16.685455], [-49.389194, -16.685549]]]}, "properties": {"info": {"id": "000101378147", "nm_lot": "10"}, "address": "?, ?"}},
{"type": "Feature", "geometry": {"type": "Polygon", "coordinates": [[[-49.390769, -16.68489], [-49.390769, -16.684984], [-49.390985, -16.684984], [-49.390985, -16.68489], [-49.390769, -16.68489]]]}, "properties": {"info": {"id": "000101378315", "nm_lot": "3"}, "address": "?, ?"}},
{"type": "Feature", "geometry": {"type": "Polygon", "coordinates": [[[-49.392252, -16.683207], [-49.392255, -16.683011], [-49.392123, -16.683009], [-49.392119, -16.683205], [-49.392252, -16.683207]]]}, "properties": {"info": {"id": "000101253098", "nm_lot": "26"}, "address": "?, ?"}},
{"type": "Feature", "geometry": {"type": "Polygon", "coordinates": [[[-49.387399, -16.682921], [-49.387474, -16.682921], [-49.387474, -16.682713], [-49.387399, -16.682713], [-49.387399, -16.682921]]]}, "properties": {"info": {"id": "000101379067", "nm_lot": "26B"}, "address": "?, ?"}},
{"type": "Feature", "geometry": {"type": "Polygon", "coordinates": [[[-49.387624, -16.682921], [-49.387699, -16.682921], [-49.387699, -16.682713], [-49.387624, -16.682713], [-49.387624, -16.682921]]]}, "properties": {"info": {"id": "000101379070", "nm_lot": "24A"}, "address": "?, ?"}},
{"type": "Feature", "geometry": {"type": "Polygon", "coordinates": [[[-49.392156, -16.686057], [-49.392156, -16.686222], [-49.39225, -16.686222], [-49.39225, -16.685996], [-49.392156, -16.685996], [-49.392156, -16.686057]]]}, "properties": {"info": {"id": "000101378002", "nm_lot": "25"}, "address": "?, ?"}},
{"type": "Feature", "geometry": {"type": "Polygon", "coordinates": [[[-49.392538, -16.685004], [-49.392791, -16.684886], [-49.39275, -16.684804], [-49.392497, -16.684922], [-49.392538, -16.685004]]]}, "properties": {"info": {"id": "000101278557", "nm_lot": "25"}, "address": "?, ?"}},
{"type": "Feature", "geometry": {"type": "Polygon", "coordinates": [[[-49.386454, -16.683566], [-49.386454, -16.683493], [-49.386238, -16.683493], [-49.386238, -16.683566], [-49.386454, -16.683566]]]}, "properties": {"info": {"id": "000101378755", "nm_lot": "10A"}, "address": "?, ?"}},
{"type": "Feature", "geometry": {"type": "Polygon", "coordinates": [[[-49.385159, -16.683324], [-49.385159, -16.683251], [-49.384943, -16.683251], [-49.384943, -16.683324], [-49.385159, -16.683324]]]}, "properties": {"info": {"id": "000101378851", "nm_lot": "10B"}, "address": "?, ?"}},
{"type": "Feature", "geometry": {"type": "Polygon", "coordinates": [[[-49.384336, -16.684812], [-49.384343, -16.684586], [-49.38423, -16.684583], [-49.384224, -16.684808], [-49.384336, -16.684812]]]}, "properties": {"info": {"id": "000101259977", "nm_lot": "3"}, "address": "?, ?"}},
{"type": "Feature", "geometry": {"type": "Polygon", "coordinates": [[[-49.389717, -16.683359], [-49.389717, -16.683305], [-49.389651, -16.683241], [-49.389501, -16.683241], [-49.389501, -16.683358], [-49.389717, -16.683359]]]}, "properties": {"info": {"id": "000101378890", "nm_lot": "10"}, "address": "?, ?"}},
{"type": "Feature", "geometry": {"type": "Polygon", "coordinates": [[[-49.392156, -16.686791], [-49.392156, -16.686565], [-49.392062, -16.686565], [-49.392062, -16.686791], [-49.392156, -16.686791]]]}, "properties": {"info": {"id": "000101377928", "nm_lot": "27"}, "address": "?, ?"}},
{"type": "Feature", "geometry": {"type": "Polygon", "coordinates": [[[-49.38416, -16.683077], [-49.384234, -16.683077], [-49.384234, -16.682869], [-49.38416, -16.682869], [-49.38416, -16.683077]]]}, "properties": {"info": {"id": "000101378992", "nm_lot": "27B"}, "address": "?, ?"}},
{"type": "Feature", "geometry": {"type": "Polygon", "coordinates": [[[-49.388413, -16.684097], [-49.388629, -16.684097], [-49.388629, -16.684026], [-49.388413, -16.684026], [-49.388413, -16.684097]]]}, "properties": {"info": {"id": "000101378479", "nm_lot": "10B"}, "address": "?, ?"}},
{"type": "Feature", "geometry": {"type": "Polygon", "coordinates": [[[-49.394269, -16.683141], [-49.394266, -16.683323], [-49.394407, -16.683325], [-49.394411, -16.683143], [-49.394269, -16.683141]]]}, "properties": {"info": {"id": "000101252901", "nm_lot": "11"}, "address": "?, ?"}},
{"type": "Feature", "geometry": {"type": "Polygon", "coordinates": [[[-49.393888, -16.686599], [-49.393895, -16.686368], [-49.393781, -16.686365], [-49.393774, -16.686581], [-49.393888, -16.686599]]]}, "properties": {"info": {"id": "000101278453", "nm_lot": "11"}, "address": "?, ?"}},
{"type": "Feature", "geometry": {"type": "Polygon", "coordinates": [[[-49.386475, -16.685389], [-49.386475, -16.685299], [-49.386258, -16.685299], [-49.386258, -16.685389], [-49.386475, -16.685389]]]}, "properties": {"info": {"id": "000101378202", "nm_lot": "25"}, "address": "?, ?"}},
{"type": "Feature", "geometry": {"type": "Polygon", "coordinates": [[[-49.390459, -16.685267], [-49.390675, -16.685267], [-49.390675, -16.685173], [-49.390459, -16.685173], [-49.390459, -16.685267]]]}, "properties": {"info": {"id": "000101378242", "nm_lot": "28"}, "address": "?, ?"}},
{"type": "Feature", "geometry": {"type": "Polygon", "coordinates": [[[-49.386783, -16.685171], [-49.387, -16.685171], [-49.387, -16.685077], [-49.386784, -16.685077], [-49.386783, -16.685171]]]}, "properties": {"info": {"id": "000101378230", "nm_lot": "28"}, "address": "?, ?"}},
{"type": "Feature", "geometry": {"type": "Polygon", "coordinates": [[[-49.384382, -16.683077], [-49.384456, -16.683077], [-49.384456, -16.682869], [-49.384382, -16.682869], [-49.384382, -16.683077]]]}, "properties": {"info": {"id": "000101378995", "nm_lot": "28A"}, "address": "?, ?"}},
{"type": "Feature", "geometry": {"type": "Polygon", "coordinates": [[[-49.392516, -16.683212], [-49.392648, -16.683214], [-49.392652, -16.683019], [-49.39252, -16.683016], [-49.392516, -16.683212]]]}, "properties": {"info": {"id": "000101253095", "nm_lot": "29"}, "address": "?, ?"}},
{"type": "Feature", "geometry": {"type": "Polygon", "coordinates": [[[-49.393989, -16.683964], [-49.393992, -16.683782], [-49.393851, -16.683779], [-49.393847, -16.683962], [-49.393989, -16.683964]]]}, "properties": {"info": {"id": "000101252869", "nm_lot": "24"}, "address": "?, ?"}},
{"type": "Feature", "geometry": {"type": "Polygon", "coordinates": [[[-49.388884, -16.685641], [-49.3891, -16.685641], [-49.3891, -16.685547], [-49.388884, -16.685547], [-49.388884, -16.685641]]]}, "properties": {"info": {"id": "000101378111", "nm_lot": "23"}, "address": "?, ?"}},
{"type": "Feature", "geometry": {"type": "Polygon", "coordinates": [[[-49.390459, -16.685737], [-49.390675, -16.685737], [-49.390675, -16.685643], [-49.390459, -16.685643], [-49.390459, -16.685737]]]}, "properties": {"info": {"id": "000101378117", "nm_lot": "23"}, "address": "?, ?"}},
{"type": "Feature", "geometry": {"type": "Polygon", "coordinates": [[[-49.387924, -16.682921], [-49.387999, -16.682921], [-49.387999, -16.682713], [-49.387924, -16.682713], [-49.387924, -16.682921]]]}, "properties": {"info": {"id": "000101379074", "nm_lot": "22A"}, "address": "?, ?"}},
{"type": "Feature", "geometry": {"type": "Polygon", "coordinates": [[[-49.386734, -16.683064], [-49.3868, -16.683128], [-49.386874, -16.683128], [-49.386874, -16.68292], [-49.386734, -16.68292], [-49.386734, -16.683064]]]}, "properties": {"info": {"id": "000101378941", "nm_lot": "1"}, "address": "?, ?"}},
{"type": "Feature", "geometry": {"type": "Polygon", "coordinates": [[[-49.390459, -16.685173], [-49.390675, -16.685173], [-49.390675, -16.685079], [-49.39046, -16.685079], [-49.390459, -16.685173]]]}, "properties": {"info": {"id": "000101378262", "nm_lot": "29"}, "address": "?, ?"}},
{"type": "Feature", "geometry": {"type": "Polygon", "coordinates": [[[-49.389408, -16.685173], [-49.389625, -16.685173], [-49.389625, -16.685079], [-49.389409, -16.685079], [-49.389408, -16.685173]]]}, "properties": {"info": {"id": "000101378238", "nm_lot": "29"}, "address": "?, ?"}},
{"type": "Feature", "geometry": {"type": "Polygon", "coordinates": [[[-49.388884, -16.685359], [-49.3891, -16.685359], [-49.3891, -16.685265], [-49.388884, -16.685265], [-49.388884, -16.685359]]]}, "properties": {"info": {"id": "000101378186", "nm_lot": "26"}, "address": "?, ?"}},
{"type": "Feature", "geometry": {"type": "Polygon", "coordinates": [[[-49.387849, -16.682921], [-49.387924, -16.682921], [-49.387924, -16.682713], [-49.387849, -16.682713], [-49.387849, -16.682921]]]}, "properties": {"info": {"id": "000101379073", "nm_lot": "23B"}, "address": "?, ?"}},
{"type": "Feature", "geometry": {"type": "Polygon", "coordinates": [[[-49.39418, -16.6852], [-49.394086, -16.685197], [-49.394077, -16.685468], [-49.394171, -16.685471], [-49.39418, -16.6852]]]}, "properties": {"info": {"id": "000101278504", "nm_lot": "24"}, "address": "?, ?"}},
{"type": "Feature", "geometry": {"type": "Polygon", "coordinates": [[[-49.394293, -16.686956], [-49.394379, -16.686676], [-49.394286, -16.686661], [-49.394203, -16.68693], [-49.394293, -16.686956]]]}, "properties": {"info": {"id": "000101278440", "nm_lot": "24"}, "address": "?, ?"}},
{"type": "Feature", "geometry": {"type": "Polygon", "coordinates": [[[-49.391875, -16.686791], [-49.391875, -16.686565], [-49.391781, -16.686565], [-49.391781, -16.686791], [-49.391875, -16.686791]]]}, "properties": {"info": {"id": "000101377925", "nm_lot": "24"}, "address": "?, ?"}},
{"type": "Feature", "geometry": {"type": "Polygon", "coordinates": [[[-49.391019, -16.683019], [-49.39102, -16.682812], [-49.390947, -16.682812], [-49.390947, -16.683019], [-49.391019, -16.683019]]]}, "properties": {"info": {"id": "000101379048", "nm_lot": "2A"}, "address": "?, ?"}},
{"type": "Feature", "geometry": {"type": "Polygon", "coordinates": [[[-49.389409, -16.685643], [-49.389625, -16.685643], [-49.389625, -16.685549], [-49.389409, -16.685549], [-49.389409, -16.685643]]]}, "properties": {"info": {"id": "000101378113", "nm_lot": "24"}, "address": "?, ?"}},
{"type": "Feature", "geometry": {"type": "Polygon", "coordinates": [[[-49.391407, -16.684844], [-49.391294, -16.684844], [-49.391294, -16.685047], [-49.391341, -16.685092], [-49.391406, -16.685092], [-49.391407, -16.684844]]]}, "properties": {"info": {"id": "000101378280", "nm_lot": "10"}, "address": "?, ?"}},
{"type": "Feature", "geometry": {"type": "Polygon", "coordinates": [[[-49.387326, -16.684097], [-49.387541, -16.684097], [-49.387541, -16.684026], [-49.387326, -16.684026], [-49.387326, -16.684097]]]}, "properties": {"info": {"id": "000101378477", "nm_lot": "10B"}, "address": "?, ?"}},
{"type": "Feature", "geometry": {"type": "Polygon", "coordinates": [[[-49.386949, -16.68292], [-49.386949, -16.682713], [-49.386874, -16.682713], [-49.386874, -16.68292], [-49.386949, -16.68292]]]}, "properties": {"info": {"id": "000101379060", "nm_lot": "29A"}, "address": "?, ?"}},
{"type": "Feature", "geometry": {"type": "Polygon", "coordinates": [[[-49.387654, -16.68353], [-49.38787, -16.68353], [-49.38787, -16.683458], [-49.387654, -16.683458], [-49.387654, -16.68353]]]}, "properties": {"info": {"id": "000101378733", "nm_lot": "2A"}, "address": "?, ?"}},
{"type": "Feature", "geometry": {"type": "Polygon", "coordinates": [[[-49.391625, -16.684096], [-49.391697, -16.684096], [-49.391697, -16.683888], [-49.391625, -16.683888], [-49.391625, -16.684096]]]}, "properties": {"info": {"id": "000101378508", "nm_lot": "2B"}, "address": "?, ?"}},
{"type": "Feature", "geometry": {"type": "Polygon", "coordinates": [[[-49.389501, -16.683431], [-49.389501, -16.683358], [-49.389285, -16.683358], [-49.389285, -16.683431], [-49.389501, -16.683431]]]}, "properties": {"info": {"id": "000101378852", "nm_lot": "2B"}, "address": "?, ?"}},
{"type": "Feature", "geometry": {"type": "Polygon", "coordinates": [[[-49.39413, -16.683967], [-49.394134, -16.683785], [-49.393992, -16.683782], [-49.393989, -16.683964], [-49.39413, -16.683967]]]}, "properties": {"info": {"id": "000101252896", "nm_lot": "25"}, "address": "?, ?"}},
{"type": "Feature", "geometry": {"type": "Polygon", "coordinates": [[[-49.388359, -16.685549], [-49.388575, -16.685549], [-49.388575, -16.685455], [-49.388359, -16.685455], [-49.388359, -16.685549]]]}, "properties": {"info": {"id": "000101378144", "nm_lot": "25"}, "address": "?, ?"}},
{"type": "Feature", "geometry": {"type": "Polygon", "coordinates": [[[-49.388884, -16.685368], [-49.388884, -16.685453], [-49.3891, -16.685453], [-49.3891, -16.685359], [-49.388884, -16.685359], [-49.388884, -16.685368]]]}, "properties": {"info": {"id": "000101378166", "nm_lot": "25"}, "address": "?, ?"}},
{"type": "Feature", "geometry": {"type": "Polygon", "coordinates": [[[-49.387474, -16.682921], [-49.387549, -16.682921], [-49.387549, -16.682713], [-49.387474, -16.682713], [-49.387474, -16.682921]]]}, "properties": {"info": {"id": "000101379068", "nm_lot": "25A"}, "address": "?, ?"}},
{"type": "Feature", "geometry": {"type": "Polygon", "coordinates": [[[-49.389933, -16.685453], [-49.39015, -16.685453], [-49.39015, -16.685359], [-49.389933, -16.685359], [-49.389933, -16.685453]]]}, "properties": {"info": {"id": "000101378172", "nm_lot": "25"}, "address": "?, ?"}},
{"type": "Feature", "geometry": {"type": "Polygon", "coordinates": [[[-49.388669, -16.685735], [-49.388884, -16.685735], [-49.388884, -16.685641], [-49.388669, -16.685641], [-49.388669, -16.685735]]]}, "properties": {"info": {"id": "000101378090", "nm_lot": "11"}, "address": "?, ?"}},
{"type": "Feature", "geometry": {"type": "Polygon", "coordinates": [[[-49.38379, -16.683077], [-49.383864, -16.683077], [-49.383864, -16.682869], [-49.38379, -16.682869], [-49.38379, -16.683077]]]}, "properties": {"info": {"id": "000101378987", "nm_lot": "24A"}, "address": "?, ?"}},
{"type": "Feature", "geometry": {"type": "Polygon", "coordinates": [[[-49.391408, -16.684304], [-49.39148, -16.684304], [-49.39148, -16.684096], [-49.391408, -16.684096], [-49.391408, -16.684304]]]}, "properties": {"info": {"id": "000101378413", "nm_lot": "24B"}, "address": "?, ?"}},
{"type": "Feature", "geometry": {"type": "Polygon", "coordinates": [[[-49.392788, -16.682825], [-49.392784, -16.683021], [-49.392916, -16.683023], [-49.39292, -16.682828], [-49.392788, -16.682825]]]}, "properties": {"info": {"id": "000101252937", "nm_lot": "11"}, "address": "?, ?"}},
{"type": "Feature", "geometry": {"type": "Polygon", "coordinates": [[[-49.390081, -16.683617], [-49.390081, -16.683527], [-49.389893, -16.683527], [-49.389893, -16.683617], [-49.390081, -16.683617]]]}, "properties": {"info": {"id": "000101378736", "nm_lot": "3"}, "address": "?, ?"}},
{"type": "Feature", "geometry": {"type": "Polygon", "coordinates": [[[-49.386569, -16.684889], [-49.386569, -16.684983], [-49.386784, -16.684983], [-49.386784, -16.684889], [-49.386569, -16.684889]]]}, "properties": {"info": {"id": "000101378269", "nm_lot": "3"}, "address": "?, ?"}},
{"type": "Feature", "geometry": {"type": "Polygon", "coordinates": [[[-49.389933, -16.685359], [-49.39015, -16.685359], [-49.39015, -16.685265], [-49.389933, -16.685265], [-49.389933, -16.685359]]]}, "properties": {"info": {"id": "000101378190", "nm_lot": "26"}, "address": "?, ?"}},
{"type": "Feature", "geometry": {"type": "Polygon", "coordinates": [[[-49.387324, -16.682921], [-49.387399, -16.682921], [-49.387399, -16.682713], [-49.387324, -16.682713], [-49.387324, -16.682921]]]}, "properties": {"info": {"id": "000101379066", "nm_lot": "26A"}, "address": "?, ?"}},
{"type": "Feature", "geometry": {"type": "Polygon", "coordinates": [[[-49.384012, -16.683077], [-49.384086, -16.683077], [-49.384086, -16.682869], [-49.384012, -16.682869], [-49.384012, -16.683077]]]}, "properties": {"info": {"id": "000101378990", "nm_lot": "26B"}, "address": "?, ?"}},
{"type": "Feature", "geometry": {"type": "Polygon", "coordinates": [[[-49.392619, -16.685166], [-49.392872, -16.685049], [-49.392832, -16.684967], [-49.392578, -16.685085], [-49.392619, -16.685166]]]}, "properties": {"info": {"id": "000101278559", "nm_lot": "27"}, "address": "?, ?"}},
{"type": "Feature", "geometry": {"type": "Polygon", "coordinates": [[[-49.389409, -16.684891], [-49.389409, -16.684797], [-49.389194, -16.684797], [-49.389194, -16.684891], [-49.389409, -16.684891]]]}, "properties": {"info": {"id": "000101378309", "nm_lot": "3"}, "address": "?, ?"}},
{"type": "Feature", "geometry": {"type": "Polygon", "coordinates": [[[-49.387309, -16.685493], [-49.387309, -16.685549], [-49.387525, -16.685549], [-49.387525, -16.685455], [-49.387309, -16.685455], [-49.387309, -16.685493]]]}, "properties": {"info": {"id": "000101378137", "nm_lot": "25"}, "address": "?, ?"}},
{"type": "Feature", "geometry": {"type": "Polygon", "coordinates": [[[-49.3912, -16.685266], [-49.3912, -16.685172], [-49.390985, -16.685172], [-49.390985, -16.685266], [-49.3912, -16.685266]]]}, "properties": {"info": {"id": "000101378244", "nm_lot": "27"}, "address": "?, ?"}},
{"type": "Feature", "geometry": {"type": "Polygon", "coordinates": [[[-49.384827, -16.682869], [-49.384827, -16.682661], [-49.384753, -16.682661], [-49.384753, -16.682869], [-49.384827, -16.682869]]]}, "properties": {"info": {"id": "000101379116", "nm_lot": "2A"}, "address": "?, ?"}},
{"type": "Feature", "geometry": {"type": "Polygon", "coordinates": [[[-49.391553, -16.684096], [-49.391625, -16.684096], [-49.391625, -16.683888], [-49.391553, -16.683888], [-49.391553, -16.684096]]]}, "properties": {"info": {"id": "000101378507", "nm_lot": "2A"}, "address": "?, ?"}},
{"type": "Feature", "geometry": {"type": "Polygon", "coordinates": [[[-49.383855, -16.683325], [-49.383855, -16.68325], [-49.38364, -16.68325], [-49.38364, -16.683325], [-49.383855, -16.683325]]]}, "properties": {"info": {"id": "000101378842", "nm_lot": "2B"}, "address": "?, ?"}},
{"type": "Feature", "geometry": {"type": "Polygon", "coordinates": [[[-49.386949, -16.683128], [-49.386949, -16.68292], [-49.386874, -16.68292], [-49.386874, -16.683128], [-49.386949, -16.683128]]]}, "properties": {"info": {"id": "000101378940", "nm_lot": "2B"}, "address": "?, ?"}},
{"type": "Feature", "geometry": {"type": "Polygon", "coordinates": [[[-49.384184, -16.683392], [-49.384399, -16.683392], [-49.384399, -16.68332], [-49.384184, -16.68332], [-49.384184, -16.683392]]]}, "properties": {"info": {"id": "000101378815", "nm_lot": "2B"}, "address": "?, ?"}},
{"type": "Feature", "geometry": {"type": "Polygon", "coordinates": [[[-49.394414, -16.683972], [-49.394417, -16.68379], [-49.394276, -16.683787], [-49.394272, -16.683969], [-49.394414, -16.683972]]]}, "properties": {"info": {"id": "000101252894", "nm_lot": "27"}, "address": "?, ?"}},
{"type": "Feature", "geometry": {"type": "Polygon", "coordinates": [[[-49.391625, -16.684304], [-49.391697, -16.684304], [-49.391697, -16.684096], [-49.391625, -16.684096], [-49.391625, -16.684304]]]}, "properties": {"info": {"id": "000101378427", "nm_lot": "25A"}, "address": "?, ?"}},
{"type": "Feature", "geometry": {"type": "Polygon", "coordinates": [[[-49.387549, -16.682921], [-49.387624, -16.682921], [-49.387624, -16.682713], [-49.387549, -16.682713], [-49.387549, -16.682921]]]}, "properties": {"info": {"id": "000101379069", "nm_lot": "25B"}, "address": "?, ?"}},
{"type": "Feature", "geometry": {"type": "Polygon", "coordinates": [[[-49.39225, -16.686222], [-49.392344, -16.686222], [-49.392344, -16.685996], [-49.39225, -16.685996], [-49.39225, -16.686222]]]}, "properties": {"info": {"id": "000101378003", "nm_lot": "26"}, "address": "?, ?"}},
{"type": "Feature", "geometry": {"type": "Polygon", "coordinates": [[[-49.391875, -16.686565], [-49.391969, -16.686565], [-49.391969, -16.686339], [-49.391875, -16.686339], [-49.391875, -16.686565]]]}, "properties": {"info": {"id": "000101377943", "nm_lot": "12"}, "address": "?, ?"}},
{"type": "Feature", "geometry": {"type": "Polygon", "coordinates": [[[-49.391781, -16.686791], [-49.391781, -16.686565], [-49.391687, -16.686565], [-49.391687, -16.686791], [-49.391781, -16.686791]]]}, "properties": {"info": {"id": "000101377924", "nm_lot": "23"}, "address": "?, ?"}},
{"type": "Feature", "geometry": {"type": "Polygon", "coordinates": [[[-49.394559, -16.683792], [-49.394562, -16.68361], [-49.394421, -16.683608], [-49.394417, -16.68379], [-49.394559, -16.683792]]]}, "properties": {"info": {"id": "000101252873", "nm_lot": "12"}, "address": "?, ?"}},
{"type": "Feature", "geometry": {"type": "Polygon", "coordinates": [[[-49.389194, -16.685737], [-49.389409, -16.685737], [-49.389409, -16.685643], [-49.389194, -16.685643], [-49.389194, -16.685737]]]}, "properties": {"info": {"id": "000101378092", "nm_lot": "12"}, "address": "?, ?"}},
{"type": "Feature", "geometry": {"type": "Polygon", "coordinates": [[[-49.392438, -16.686222], [-49.392531, -16.686222], [-49.392531, -16.685996], [-49.392438, -16.685996], [-49.392438, -16.686222]]]}, "properties": {"info": {"id": "000101378005", "nm_lot": "28"}, "address": "?, ?"}},
{"type": "Feature", "geometry": {"type": "Polygon", "coordinates": [[[-49.391841, -16.684304], [-49.391912, -16.684304], [-49.391926, -16.684302], [-49.391932, -16.684299], [-49.391938, -16.684295], [-49.391943, -16.684291], [-49.391948, -16.684285], [-49.391951, -16.684279], [-49.391953, -16.684273], [-49.391954, -16.684266], [-49.391954, -16.68426], [-49.391953, -16.684253], [-49.391951, -16.684247], [-49.39188, -16.684096], [-49.391841, -16.684096], [-49.391841, -16.684304]]]}, "properties": {"info": {"id": "000101378433", "nm_lot": "27"}, "address": "?, ?"}},
{"type": "Feature", "geometry": {"type": "Polygon", "coordinates": [[[-49.388359, -16.685323], [-49.388359, -16.685361], [-49.388575, -16.685361], [-49.388575, -16.685267], [-49.388359, -16.685267], [-49.388359, -16.685323]]]}, "properties": {"info": {"id": "000101378184", "nm_lot": "27"}, "address": "?, ?"}},
{"type": "Feature", "geometry": {"type": "Polygon", "coordinates": [[[-49.388957, -16.683313], [-49.389173, -16.683313], [-49.389173, -16.683286], [-49.389126, -16.683241], [-49.388957, -16.683241], [-49.388957, -16.683313]]]}, "properties": {"info": {"id": "000101378868", "nm_lot": "10A"}, "address": "?, ?"}},
{"type": "Feature", "geometry": {"type": "Polygon", "coordinates": [[[-49.385234, -16.683013], [-49.385234, -16.682832], [-49.38514, -16.682832], [-49.38514, -16.683013], [-49.385234, -16.683013]]]}, "properties": {"info": {"id": "000101379013", "nm_lot": "12"}, "address": "?, ?"}},
{"type": "Feature", "geometry": {"type": "Polygon", "coordinates": [[[-49.392384, -16.683209], [-49.392388, -16.683014], [-49.392255, -16.683011], [-49.392252, -16.683207], [-49.392384, -16.683209]]]}, "properties": {"info": {"id": "000101253097", "nm_lot": "27"}, "address": "?, ?"}},
{"type": "Feature", "geometry": {"type": "Polygon", "coordinates": [[[-49.391987, -16.683202], [-49.391991, -16.683007], [-49.391859, -16.683004], [-49.391855, -16.6832], [-49.391905, -16.683201], [-49.391987, -16.683202]]]}, "properties": {"info": {"id": "000101253106", "nm_lot": "24"}, "address": "?, ?"}},
{"type": "Feature", "geometry": {"type": "Polygon", "coordinates": [[[-49.389934, -16.685539], [-49.389934, -16.685547], [-49.39015, -16.685547], [-49.39015, -16.685453], [-49.389933, -16.685453], [-49.389934, -16.685539]]]}, "properties": {"info": {"id": "000101378150", "nm_lot": "24"}, "address": "?, ?"}},
{"type": "Feature", "geometry": {"type": "Polygon", "coordinates": [[[-49.392995, -16.685293], [-49.393248, -16.685175], [-49.393207, -16.685093], [-49.392954, -16.685211], [-49.392995, -16.685293]]]}, "properties": {"info": {"id": "000101278563", "nm_lot": "12"}, "address": "?, ?"}},
{"type": "Feature", "geometry": {"type": "Polygon", "coordinates": [[[-49.391406, -16.685431], [-49.3915, -16.685431], [-49.3915, -16.685183], [-49.391406, -16.685183], [-49.391406, -16.685431]]]}, "properties": {"info": {"id": "000101378195", "nm_lot": "11"}, "address": "?, ?"}},
{"type": "Feature", "geometry": {"type": "Polygon", "coordinates": [[[-49.393329, -16.687382], [-49.393396, -16.687166], [-49.393233, -16.687119], [-49.393187, -16.687266], [-49.393185, -16.68728], [-49.393185, -16.687294], [-49.393188, -16.687308], [-49.393193, -16.687321], [-49.393202, -16.687333], [-49.393212, -16.687343], [-49.393224, -16.687351], [-49.393238, -16.687356], [-49.393329, -16.687382]]]}, "properties": {"info": {"id": "000101315406", "nm_lot": "3"}, "address": "?, ?"}},
{"type": "Feature", "geometry": {"type": "Polygon", "coordinates": [[[-49.387174, -16.682921], [-49.387249, -16.682921], [-49.387249, -16.682713], [-49.387174, -16.682713], [-49.387174, -16.682921]]]}, "properties": {"info": {"id": "000101379064", "nm_lot": "27A"}, "address": "?, ?"}},
{"type": "Feature", "geometry": {"type": "Polygon", "coordinates": [[[-49.387309, -16.685267], [-49.387525, -16.685267], [-49.387525, -16.685173], [-49.387309, -16.685173], [-49.387309, -16.685267]]]}, "properties": {"info": {"id": "000101378212", "nm_lot": "28"}, "address": "?, ?"}},
{"type": "Feature", "geometry": {"type": "Polygon", "coordinates": [[[-49.387834, -16.685223], [-49.38805, -16.685223], [-49.38805, -16.685132], [-49.387834, -16.685132], [-49.387834, -16.685223]]]}, "properties": {"info": {"id": "000101378227", "nm_lot": "28"}, "address": "?, ?"}},
{"type": "Feature", "geometry": {"type": "Polygon", "coordinates": [[[-49.384399, -16.683682], [-49.384615, -16.683682], [-49.384615, -16.683609], [-49.384399, -16.683609], [-49.384399, -16.683682]]]}, "properties": {"info": {"id": "000101378637", "nm_lot": "12A"}, "address": "?, ?"}},
{"type": "Feature", "geometry": {"type": "Polygon", "coordinates": [[[-49.390769, -16.685923], [-49.390984, -16.685923], [-49.390984, -16.68583], [-49.390769, -16.685829], [-49.390769, -16.685923]]]}, "properties": {"info": {"id": "000101378078", "nm_lot": "13"}, "address": "?, ?"}},
{"type": "Feature", "geometry": {"type": "Polygon", "coordinates": [[[-49.387325, -16.68374], [-49.387542, -16.68374], [-49.387542, -16.683669], [-49.387325, -16.683669], [-49.387325, -16.68374]]]}, "properties": {"info": {"id": "000101378663", "nm_lot": "12A"}, "address": "?, ?"}},
{"type": "Feature", "geometry": {"type": "Polygon", "coordinates": [[[-49.388374, -16.683129], [-49.388449, -16.683129], [-49.388449, -16.682921], [-49.388374, -16.682921], [-49.388374, -16.683129]]]}, "properties": {"info": {"id": "000101378962", "nm_lot": "12B"}, "address": "?, ?"}},
{"type": "Feature", "geometry": {"type": "Polygon", "coordinates": [[[-49.390153, -16.683227], [-49.390153, -16.68302], [-49.390081, -16.683019], [-49.390081, -16.683227], [-49.390153, -16.683227]]]}, "properties": {"info": {"id": "000101378914", "nm_lot": "12B"}, "address": "?, ?"}},
{"type": "Feature", "geometry": {"type": "Polygon", "coordinates": [[[-49.387326, -16.683754], [-49.387326, -16.683812], [-49.387542, -16.683812], [-49.387542, -16.68374], [-49.387325, -16.68374], [-49.387326, -16.683754]]]}, "properties": {"info": {"id": "000101378612", "nm_lot": "12B"}, "address": "?, ?"}},
{"type": "Feature", "geometry": {"type": "Polygon", "coordinates": [[[-49.387099, -16.68292], [-49.387174, -16.682921], [-49.387174, -16.682713], [-49.387099, -16.682713], [-49.387099, -16.68292]]]}, "properties": {"info": {"id": "000101379063", "nm_lot": "28B"}, "address": "?, ?"}},
{"type": "Feature", "geometry": {"type": "Polygon", "coordinates": [[[-49.39148, -16.684304], [-49.391552, -16.684304], [-49.391553, -16.684096], [-49.39148, -16.684096], [-49.39148, -16.684304]]]}, "properties": {"info": {"id": "000101378418", "nm_lot": "24A"}, "address": "?, ?"}},
{"type": "Feature", "geometry": {"type": "Polygon", "coordinates": [[[-49.387024, -16.68292], [-49.387099, -16.68292], [-49.387099, -16.682713], [-49.387024, -16.682713], [-49.387024, -16.68292]]]}, "properties": {"info": {"id": "000101379062", "nm_lot": "28A"}, "address": "?, ?"}},
{"type": "Feature", "geometry": {"type": "Polygon", "coordinates": [[[-49.386454, -16.683349], [-49.386454, -16.683286], [-49.386407, -16.68324], [-49.386238, -16.68324], [-49.386238, -16.683349], [-49.386454, -16.683349]]]}, "properties": {"info": {"id": "000101378878", "nm_lot": "12"}, "address": "?, ?"}},
{"type": "Feature", "geometry": {"type": "Polygon", "coordinates": [[[-49.393653, -16.686562], [-49.393774, -16.686581], [-49.393781, -16.686365], [-49.393659, -16.686361], [-49.393653, -16.686562]]]}, "properties": {"info": {"id": "000101278452", "nm_lot": "12"}, "address": "?, ?"}},
{"type": "Feature", "geometry": {"type": "Polygon", "coordinates": [[[-49.391594, -16.685996], [-49.391688, -16.685996], [-49.391688, -16.68577], [-49.391594, -16.68577], [-49.391594, -16.685996]]]}, "properties": {"info": {"id": "000101378049", "nm_lot": "12"}, "address": "?, ?"}},
{"type": "Feature", "geometry": {"type": "Polygon", "coordinates": [[[-49.387093, -16.685831], [-49.387309, -16.685831], [-49.387309, -16.685737], [-49.387093, -16.685737], [-49.387093, -16.685831]]]}, "properties": {"info": {"id": "000101378066", "nm_lot": "13"}, "address": "?, ?"}},
{"type": "Feature", "geometry": {"type": "Polygon", "coordinates": [[[-49.391271, -16.683572], [-49.391346, -16.683572], [-49.391346, -16.683364], [-49.391271, -16.683364], [-49.391271, -16.683572]]]}, "properties": {"info": {"id": "000101378779", "nm_lot": "2A"}, "address": "?, ?"}},
{"type": "Feature", "geometry": {"type": "Polygon", "coordinates": [[[-49.386238, -16.683421], [-49.386238, -16.683349], [-49.386023, -16.683349], [-49.386023, -16.683421], [-49.386238, -16.683421]]]}, "properties": {"info": {"id": "000101378840", "nm_lot": "2B"}, "address": "?, ?"}},
{"type": "Feature", "geometry": {"type": "Polygon", "coordinates": [[[-49.384901, -16.682869], [-49.384901, -16.682661], [-49.384827, -16.682661], [-49.384827, -16.682869], [-49.384901, -16.682869]]]}, "properties": {"info": {"id": "000101379117", "nm_lot": "2B"}, "address": "?, ?"}},
{"type": "Feature", "geometry": {"type": "Polygon", "coordinates": [[[-49.388742, -16.683458], [-49.388957, -16.683458], [-49.388957, -16.683385], [-49.388742, -16.683385], [-49.388742, -16.683458]]]}, "properties": {"info": {"id": "000101378794", "nm_lot": "2B"}, "address": "?, ?"}},
{"type": "Feature", "geometry": {"type": "Polygon", "coordinates": [[[-49.38453, -16.683077], [-49.384604, -16.683077], [-49.384604, -16.682869], [-49.38453, -16.682869], [-49.38453, -16.683077]]]}, "properties": {"info": {"id": "000101378997", "nm_lot": "29A"}, "address": "?, ?"}},
{"type": "Feature", "geometry": {"type": "Polygon", "coordinates": [[[-49.386238, -16.683493], [-49.386238, -16.683421], [-49.386023, -16.683421], [-49.386023, -16.683493], [-49.386238, -16.683493]]]}, "properties": {"info": {"id": "000101378806", "nm_lot": "2A"}, "address": "?, ?"}},
{"type": "Feature", "geometry": {"type": "Polygon", "coordinates": [[[-49.388414, -16.683526], [-49.388414, -16.683455], [-49.388198, -16.683455], [-49.388198, -16.683526], [-49.388414, -16.683526]]]}, "properties": {"info": {"id": "000101378791", "nm_lot": "2A"}, "address": "?, ?"}},
{"type": "Feature", "geometry": {"type": "Polygon", "coordinates": [[[-49.38711, -16.683455], [-49.387326, -16.683455], [-49.387326, -16.683383], [-49.38711, -16.683383], [-49.38711, -16.683455]]]}, "properties": {"info": {"id": "000101378821", "nm_lot": "2B"}, "address": "?, ?"}},
{"type": "Feature", "geometry": {"type": "Polygon", "coordinates": [[[-49.388198, -16.683455], [-49.388414, -16.683455], [-49.388414, -16.683384], [-49.388198, -16.683384], [-49.388198, -16.683455]]]}, "properties": {"info": {"id": "000101378827", "nm_lot": "2B"}, "address": "?, ?"}},
{"type": "Feature", "geometry": {"type": "Polygon", "coordinates": [[[-49.388413, -16.683812], [-49.388629, -16.683812], [-49.388629, -16.683741], [-49.388413, -16.683741], [-49.388413, -16.683812]]]}, "properties": {"info": {"id": "000101378620", "nm_lot": "12B"}, "address": "?, ?"}},
{"type": "Feature", "geometry": {"type": "Polygon", "coordinates": [[[-49.386568, -16.685829], [-49.386784, -16.685829], [-49.386784, -16.685735], [-49.386568, -16.685735], [-49.386568, -16.685829]]]}, "properties": {"info": {"id": "000101378064", "nm_lot": "12"}, "address": "?, ?"}},
{"type": "Feature", "geometry": {"type": "Polygon", "coordinates": [[[-49.385083, -16.684231], [-49.385083, -16.68405], [-49.38499, -16.684049], [-49.38499, -16.68423], [-49.385083, -16.684231]]]}, "properties": {"info": {"id": "000101378439", "nm_lot": "4"}, "address": "?, ?"}},
{"type": "Feature", "geometry": {"type": "Polygon", "coordinates": [[[-49.386568, -16.685923], [-49.386784, -16.685923], [-49.386784, -16.685829], [-49.386568, -16.685829], [-49.386568, -16.685923]]]}, "properties": {"info": {"id": "000101378031", "nm_lot": "13"}, "address": "?, ?"}},
{"type": "Feature", "geometry": {"type": "Polygon", "coordinates": [[[-49.387412, -16.684797], [-49.387525, -16.684797], [-49.387525, -16.684594], [-49.387412, -16.684594], [-49.387412, -16.684797]]]}, "properties": {"info": {"id": "000101378349", "nm_lot": "33"}, "address": "?, ?"}},
{"type": "Feature", "geometry": {"type": "Polygon", "coordinates": [[[-49.386475, -16.685118], [-49.386475, -16.685028], [-49.386259, -16.685028], [-49.386258, -16.685118], [-49.386475, -16.685118]]]}, "properties": {"info": {"id": "000101378268", "nm_lot": "28"}, "address": "?, ?"}},
{"type": "Feature", "geometry": {"type": "Polygon", "coordinates": [[[-49.388884, -16.685171], [-49.3891, -16.685171], [-49.3891, -16.685077], [-49.388884, -16.685077], [-49.388884, -16.685171]]]}, "properties": {"info": {"id": "000101378236", "nm_lot": "28"}, "address": "?, ?"}},
{"type": "Feature", "geometry": {"type": "Polygon", "coordinates": [[[-49.392344, -16.686222], [-49.392438, -16.686222], [-49.392438, -16.685996], [-49.392344, -16.685996], [-49.392344, -16.686222]]]}, "properties": {"info": {"id": "000101378004", "nm_lot": "27"}, "address": "?, ?"}},
{"type": "Feature", "geometry": {"type": "Polygon", "coordinates": [[[-49.386475, -16.685209], [-49.386475, -16.685118], [-49.386258, -16.685118], [-49.386258, -16.685209], [-49.386475, -16.685209]]]}, "properties": {"info": {"id": "000101378248", "nm_lot": "27"}, "address": "?, ?"}},
{"type": "Feature", "geometry": {"type": "Polygon", "coordinates": [[[-49.389933, -16.685265], [-49.39015, -16.685265], [-49.39015, -16.685171], [-49.389934, -16.685171], [-49.389933, -16.685265]]]}, "properties": {"info": {"id": "000101378220", "nm_lot": "27"}, "address": "?, ?"}},
{"type": "Feature", "geometry": {"type": "Polygon", "coordinates": [[[-49.384559, -16.685485], [-49.384562, -16.685395], [-49.384281, -16.685387], [-49.384278, -16.685477], [-49.384559, -16.685485]]]}, "properties": {"info": {"id": "000101259975", "nm_lot": "3"}, "address": "?, ?"}},
{"type": "Feature", "geometry": {"type": "Polygon", "coordinates": [[[-49.386259, -16.686022], [-49.386259, -16.685932], [-49.386043, -16.685932], [-49.386043, -16.686022], [-49.386259, -16.686022]]]}, "properties": {"info": {"id": "000101378027", "nm_lot": "13"}, "address": "?, ?"}},
{"type": "Feature", "geometry": {"type": "Polygon", "coordinates": [[[-49.388669, -16.685077], [-49.388884, -16.685077], [-49.388884, -16.684983], [-49.388669, -16.684983], [-49.388669, -16.685077]]]}, "properties": {"info": {"id": "000101378255", "nm_lot": "4"}, "address": "?, ?"}},
{"type": "Feature", "geometry": {"type": "Polygon", "coordinates": [[[-49.394137, -16.687615], [-49.394218, -16.687355], [-49.394128, -16.687329], [-49.394047, -16.687589], [-49.394137, -16.687615]]]}, "properties": {"info": {"id": "000101301495", "nm_lot": "12"}, "address": "?, ?"}},
{"type": "Feature", "geometry": {"type": "Polygon", "coordinates": [[[-49.393899, -16.685191], [-49.393908, -16.684921], [-49.393814, -16.684918], [-49.393805, -16.685189], [-49.393899, -16.685191]]]}, "properties": {"info": {"id": "000101278516", "nm_lot": "12"}, "address": "?, ?"}},
{"type": "Feature", "geometry": {"type": "Polygon", "coordinates": [[[-49.384137, -16.685486], [-49.38414, -16.685395], [-49.383859, -16.685387], [-49.383856, -16.685478], [-49.384137, -16.685486]]]}, "properties": {"info": {"id": "000101259959", "nm_lot": "12"}, "address": "?, ?"}},
{"type": "Feature", "geometry": {"type": "Polygon", "coordinates": [[[-49.388669, -16.685829], [-49.388884, -16.685829], [-49.388884, -16.685735], [-49.388669, -16.685735], [-49.388669, -16.685829]]]}, "properties": {"info": {"id": "000101378070", "nm_lot": "12"}, "address": "?, ?"}},
{"type": "Feature", "geometry": {"type": "Polygon", "coordinates": [[[-49.388359, -16.684797], [-49.388463, -16.684797], [-49.388463, -16.684595], [-49.388359, -16.684595], [-49.388359, -16.684797]]]}, "properties": {"info": {"id": "000101378327", "nm_lot": "34"}, "address": "?, ?"}},
{"type": "Feature", "geometry": {"type": "Polygon", "coordinates": [[[-49.387654, -16.683458], [-49.38787, -16.683458], [-49.38787, -16.683385], [-49.387654, -16.683385], [-49.387654, -16.683458]]]}, "properties": {"info": {"id": "000101378786", "nm_lot": "2B"}, "address": "?, ?"}},
{"type": "Feature", "geometry": {"type": "Polygon", "coordinates": [[[-49.391875, -16.684844], [-49.391969, -16.684844], [-49.391969, -16.684595], [-49.391875, -16.684595], [-49.391875, -16.684844]]]}, "properties": {"info": {"id": "000101378346", "nm_lot": "3"}, "address": "?, ?"}},
{"type": "Feature", "geometry": {"type": "Polygon", "coordinates": [[[-49.391406, -16.685431], [-49.391406, -16.685183], [-49.391341, -16.685183], [-49.391294, -16.685228], [-49.391294, -16.685431], [-49.391406, -16.685431]]]}, "properties": {"info": {"id": "000101378126", "nm_lot": "12"}, "address": "?, ?"}},
{"type": "Feature", "geometry": {"type": "Polygon", "coordinates": [[[-49.392657, -16.687893], [-49.392656, -16.687991], [-49.392924, -16.687993], [-49.392927, -16.6879], [-49.392928, -16.687895], [-49.392657, -16.687893]]]}, "properties": {"info": {"id": "000101311353", "nm_lot": "12"}, "address": "?, ?"}},
{"type": "Feature", "geometry": {"type": "Polygon", "coordinates": [[[-49.386784, -16.686111], [-49.387, -16.686111], [-49.387, -16.686017], [-49.386784, -16.686017], [-49.386784, -16.686111]]]}, "properties": {"info": {"id": "000101377961", "nm_lot": "18"}, "address": "?, ?"}},
{"type": "Feature", "geometry": {"type": "Polygon", "coordinates": [[[-49.389409, -16.686221], [-49.389578, -16.686221], [-49.389625, -16.686176], [-49.389625, -16.686113], [-49.389409, -16.686113], [-49.389409, -16.686221]]]}, "properties": {"info": {"id": "000101377979", "nm_lot": "18"}, "address": "?, ?"}},
{"type": "Feature", "geometry": {"type": "Polygon", "coordinates": [[[-49.39046, -16.684891], [-49.39046, -16.684797], [-49.390244, -16.684797], [-49.390244, -16.684891], [-49.39046, -16.684891]]]}, "properties": {"info": {"id": "000101378333", "nm_lot": "3"}, "address": "?, ?"}},
{"type": "Feature", "geometry": {"type": "Polygon", "coordinates": [[[-49.389934, -16.684983], [-49.389934, -16.68489], [-49.389841, -16.684889], [-49.389719, -16.684889], [-49.389719, -16.684983], [-49.389934, -16.684983]]]}, "properties": {"info": {"id": "000101378286", "nm_lot": "3"}, "address": "?, ?"}},
{"type": "Feature", "geometry": {"type": "Polygon", "coordinates": [[[-49.384849, -16.685218], [-49.384804, -16.685171], [-49.384569, -16.685165], [-49.384565, -16.685305], [-49.384846, -16.685313], [-49.384849, -16.685218]]]}, "properties": {"info": {"id": "000101259962", "nm_lot": "12"}, "address": "?, ?"}},
{"type": "Feature", "geometry": {"type": "Polygon", "coordinates": [[[-49.384399, -16.683754], [-49.384615, -16.683754], [-49.384615, -16.683682], [-49.384399, -16.683682], [-49.384399, -16.683754]]]}, "properties": {"info": {"id": "000101378596", "nm_lot": "12B"}, "address": "?, ?"}},
{"type": "Feature", "geometry": {"type": "Polygon", "coordinates": [[[-49.393521, -16.686542], [-49.393653, -16.686562], [-49.393659, -16.686361], [-49.393527, -16.686357], [-49.393521, -16.686542]]]}, "properties": {"info": {"id": "000101278451", "nm_lot": "13"}, "address": "?, ?"}},
{"type": "Feature", "geometry": {"type": "Polygon", "coordinates": [[[-49.388144, -16.685643], [-49.388359, -16.685643], [-49.388359, -16.685549], [-49.388144, -16.685549], [-49.388144, -16.685643]]]}, "properties": {"info": {"id": "000101378108", "nm_lot": "11"}, "address": "?, ?"}},
{"type": "Feature", "geometry": {"type": "Polygon", "coordinates": [[[-49.393757, -16.683031], [-49.39376, -16.682849], [-49.393585, -16.682846], [-49.393583, -16.682954], [-49.393582, -16.683028], [-49.393757, -16.683031]]]}, "properties": {"info": {"id": "000101252921", "nm_lot": "11"}, "address": "?, ?"}},
{"type": "Feature", "geometry": {"type": "Polygon", "coordinates": [[[-49.392701, -16.685329], [-49.392954, -16.685211], [-49.392913, -16.68513], [-49.39266, -16.685248], [-49.392701, -16.685329]]]}, "properties": {"info": {"id": "000101278565", "nm_lot": "29"}, "address": "?, ?"}},
{"type": "Feature", "geometry": {"type": "Polygon", "coordinates": [[[-49.389934, -16.685077], [-49.39015, -16.685078], [-49.39015, -16.684984], [-49.389934, -16.684983], [-49.389934, -16.685077]]]}, "properties": {"info": {"id": "000101378260", "nm_lot": "29"}, "address": "?, ?"}},
{"type": "Feature", "geometry": {"type": "Polygon", "coordinates": [[[-49.387834, -16.685132], [-49.38805, -16.685132], [-49.38805, -16.685042], [-49.387834, -16.685042], [-49.387834, -16.685132]]]}, "properties": {"info": {"id": "000101378247", "nm_lot": "29"}, "address": "?, ?"}},
{"type": "Feature", "geometry": {"type": "Polygon", "coordinates": [[[-49.388359, -16.685173], [-49.388575, -16.685173], [-49.388575, -16.685079], [-49.388359, -16.685079], [-49.388359, -16.685173]]]}, "properties": {"info": {"id": "000101378234", "nm_lot": "29"}, "address": "?, ?"}},
{"type": "Feature", "geometry": {"type": "Polygon", "coordinates": [[[-49.394239, -16.685473], [-49.394265, -16.685474], [-49.394274, -16.685203], [-49.39418, -16.6852], [-49.394171, -16.685471], [-49.394239, -16.685473]]]}, "properties": {"info": {"id": "000101278503", "nm_lot": "25"}, "address": "?, ?"}},
{"type": "Feature", "geometry": {"type": "Polygon", "coordinates": [[[-49.3912, -16.685454], [-49.3912, -16.68536], [-49.390984, -16.68536], [-49.390984, -16.685454], [-49.3912, -16.685454]]]}, "properties": {"info": {"id": "000101378194", "nm_lot": "25"}, "address": "?, ?"}},
{"type": "Feature", "geometry": {"type": "Polygon", "coordinates": [[[-49.386475, -16.685028], [-49.386475, -16.684938], [-49.386259, -16.684938], [-49.386259, -16.685028], [-49.386475, -16.685028]]]}, "properties": {"info": {"id": "000101378300", "nm_lot": "29"}, "address": "?, ?"}},
{"type": "Feature", "geometry": {"type": "Polygon", "coordinates": [[[-49.390803, -16.683227], [-49.390803, -16.683019], [-49.390731, -16.683019], [-49.390731, -16.683227], [-49.390803, -16.683227]]]}, "properties": {"info": {"id": "000101378923", "nm_lot": "16A"}, "address": "?, ?"}},
{"type": "Feature", "geometry": {"type": "Polygon", "coordinates": [[[-49.391594, -16.685092], [-49.391594, -16.684844], [-49.3915, -16.684844], [-49.3915, -16.685092], [-49.391594, -16.685092]]]}, "properties": {"info": {"id": "000101378282", "nm_lot": "12"}, "address": "?, ?"}},
{"type": "Feature", "geometry": {"type": "Polygon", "coordinates": [[[-49.391781, -16.686565], [-49.391875, -16.686565], [-49.391875, -16.686339], [-49.391781, -16.686339], [-49.391781, -16.686565]]]}, "properties": {"info": {"id": "000101377942", "nm_lot": "13"}, "address": "?, ?"}},
{"type": "Feature", "geometry": {"type": "Polygon", "coordinates": [[[-49.388524, -16.682921], [-49.388599, -16.682921], [-49.388599, -16.682713], [-49.388524, -16.682713], [-49.388524, -16.682921]]]}, "properties": {"info": {"id": "000101379082", "nm_lot": "18A"}, "address": "?, ?"}},
{"type": "Feature", "geometry": {"type": "Polygon", "coordinates": [[[-49.392285, -16.687569], [-49.392283, -16.68784], [-49.392376, -16.687841], [-49.392379, -16.68757], [-49.392285, -16.687569]]]}, "properties": {"info": {"id": "000101305691", "nm_lot": "19"}, "address": "?, ?"}},
{"type": "Feature", "geometry": {"type": "Polygon", "coordinates": [[[-49.391092, -16.683019], [-49.391092, -16.682812], [-49.39102, -16.682812], [-49.391019, -16.683019], [-49.391092, -16.683019]]]}, "properties": {"info": {"id": "000101379049", "nm_lot": "2B"}, "address": "?, ?"}},
{"type": "Feature", "geometry": {"type": "Polygon", "coordinates": [[[-49.390459, -16.686113], [-49.390244, -16.686113], [-49.390244, -16.686176], [-49.390291, -16.686222], [-49.390459, -16.686222], [-49.390459, -16.686113]]]}, "properties": {"info": {"id": "000101377986", "nm_lot": "17"}, "address": "?, ?"}},
{"type": "Feature", "geometry": {"type": "Polygon", "coordinates": [[[-49.390325, -16.684096], [-49.390325, -16.683888], [-49.390253, -16.683888], [-49.390253, -16.684096], [-49.390325, -16.684096]]]}, "properties": {"info": {"id": "000101378487", "nm_lot": "11A"}, "address": "?, ?"}},
{"type": "Feature", "geometry": {"type": "Polygon", "coordinates": [[[-49.384399, -16.683826], [-49.384615, -16.683826], [-49.384615, -16.683754], [-49.384399, -16.683754], [-49.384399, -16.683826]]]}, "properties": {"info": {"id": "000101378562", "nm_lot": "11A"}, "address": "?, ?"}},
{"type": "Feature", "geometry": {"type": "Polygon", "coordinates": [[[-49.390459, -16.685455], [-49.390675, -16.685455], [-49.390675, -16.685361], [-49.390459, -16.685361], [-49.390459, -16.685455]]]}, "properties": {"info": {"id": "000101378192", "nm_lot": "26"}, "address": "?, ?"}},
{"type": "Feature", "geometry": {"type": "Polygon", "coordinates": [[[-49.391552, -16.684304], [-49.391625, -16.684304], [-49.391625, -16.684096], [-49.391553, -16.684096], [-49.391552, -16.684304]]]}, "properties": {"info": {"id": "000101378423", "nm_lot": "25B"}, "address": "?, ?"}},
{"type": "Feature", "geometry": {"type": "Polygon", "coordinates": [[[-49.394472, -16.687008], [-49.394566, -16.686705], [-49.394473, -16.68669], [-49.394383, -16.686982], [-49.394451, -16.687002], [-49.394472, -16.687008]]]}, "properties": {"info": {"id": "000101278438", "nm_lot": "26"}, "address": "?, ?"}},
{"type": "Feature", "geometry": {"type": "Polygon", "coordinates": [[[-49.386783, -16.685359], [-49.387, -16.685359], [-49.387, -16.685265], [-49.386783, -16.685265], [-49.386783, -16.685359]]]}, "properties": {"info": {"id": "000101378180", "nm_lot": "26"}, "address": "?, ?"}},
{"type": "Feature", "geometry": {"type": "Polygon", "coordinates": [[[-49.393898, -16.683034], [-49.393902, -16.682852], [-49.39376, -16.682849], [-49.393757, -16.683031], [-49.3938, -16.683032], [-49.393898, -16.683034]]]}, "properties": {"info": {"id": "000101252866", "nm_lot": "12"}, "address": "?, ?"}},
{"type": "Feature", "geometry": {"type": "Polygon", "coordinates": [[[-49.390244, -16.685737], [-49.390459, -16.685737], [-49.390459, -16.685643], [-49.390244, -16.685643], [-49.390244, -16.685737]]]}, "properties": {"info": {"id": "000101378116", "nm_lot": "12"}, "address": "?, ?"}},
{"type": "Feature", "geometry": {"type": "Polygon", "coordinates": [[[-49.393851, -16.683779], [-49.393854, -16.683597], [-49.393713, -16.683595], [-49.393709, -16.683777], [-49.393851, -16.683779]]]}, "properties": {"info": {"id": "000101252913", "nm_lot": "17"}, "address": "?, ?"}},
{"type": "Feature", "geometry": {"type": "Polygon", "coordinates": [[[-49.392866, -16.683697], [-49.392914, -16.683652], [-49.392917, -16.683502], [-49.392766, -16.683499], [-49.392762, -16.683695], [-49.392866, -16.683697]]]}, "properties": {"info": {"id": "000101252928", "nm_lot": "17"}, "address": "?, ?"}},
{"type": "Feature", "geometry": {"type": "Polygon", "coordinates": [[[-49.393898, -16.683034], [-49.39404, -16.683036], [-49.394043, -16.682854], [-49.393902, -16.682852], [-49.393898, -16.683034]]]}, "properties": {"info": {"id": "000101252905", "nm_lot": "13"}, "address": "?, ?"}},
{"type": "Feature", "geometry": {"type": "Polygon", "coordinates": [[[-49.392954, -16.685211], [-49.393207, -16.685093], [-49.393166, -16.685012], [-49.392913, -16.68513], [-49.392954, -16.685211]]]}, "properties": {"info": {"id": "000101278562", "nm_lot": "13"}, "address": "?, ?"}},
{"type": "Feature", "geometry": {"type": "Polygon", "coordinates": [[[-49.393908, -16.684803], [-49.393917, -16.684533], [-49.393867, -16.684532], [-49.393823, -16.684529], [-49.393814, -16.6848], [-49.393908, -16.684803]]]}, "properties": {"info": {"id": "000101278541", "nm_lot": "19"}, "address": "?, ?"}},
{"type": "Feature", "geometry": {"type": "Polygon", "coordinates": [[[-49.389719, -16.685923], [-49.389934, -16.685923], [-49.389934, -16.685829], [-49.389719, -16.685829], [-49.389719, -16.685923]]]}, "properties": {"info": {"id": "000101378041", "nm_lot": "13"}, "address": "?, ?"}},
{"type": "Feature", "geometry": {"type": "Polygon", "coordinates": [[[-49.3915, -16.686222], [-49.3915, -16.685996], [-49.391406, -16.685996], [-49.391406, -16.686222], [-49.3915, -16.686222]]]}, "properties": {"info": {"id": "000101377992", "nm_lot": "17"}, "address": "?, ?"}},
{"type": "Feature", "geometry": {"type": "Polygon", "coordinates": [[[-49.393571, -16.683592], [-49.393568, -16.683727], [-49.393567, -16.683774], [-49.393709, -16.683777], [-49.393713, -16.683595], [-49.393571, -16.683592]]]}, "properties": {"info": {"id": "000101252914", "nm_lot": "18"}, "address": "?, ?"}},
{"type": "Feature", "geometry": {"type": "Polygon", "coordinates": [[[-49.392719, -16.686791], [-49.392719, -16.686565], [-49.392625, -16.686565], [-49.392625, -16.686791], [-49.392719, -16.686791]]]}, "properties": {"info": {"id": "000101377934", "nm_lot": "33"}, "address": "?, ?"}},
{"type": "Feature", "geometry": {"type": "Polygon", "coordinates": [[[-49.384456, -16.683077], [-49.38453, -16.683077], [-49.38453, -16.682869], [-49.384456, -16.682869], [-49.384456, -16.683077]]]}, "properties": {"info": {"id": "000101378996", "nm_lot": "29B"}, "address": "?, ?"}},
{"type": "Feature", "geometry": {"type": "Polygon", "coordinates": [[[-49.388742, -16.68353], [-49.388957, -16.68353], [-49.388957, -16.683458], [-49.388742, -16.683458], [-49.388742, -16.68353]]]}, "properties": {"info": {"id": "000101378741", "nm_lot": "2A"}, "address": "?, ?"}},
{"type": "Feature", "geometry": {"type": "Polygon", "coordinates": [[[-49.384943, -16.683471], [-49.384943, -16.683398], [-49.384727, -16.683398], [-49.384727, -16.683471], [-49.384943, -16.683471]]]}, "properties": {"info": {"id": "000101378760", "nm_lot": "2A"}, "address": "?, ?"}},
{"type": "Feature", "geometry": {"type": "Polygon", "coordinates": [[[-49.384943, -16.683398], [-49.384943, -16.683324], [-49.384727, -16.683324], [-49.384727, -16.683398], [-49.384943, -16.683398]]]}, "properties": {"info": {"id": "000101378813", "nm_lot": "2B"}, "address": "?, ?"}},
{"type": "Feature", "geometry": {"type": "Polygon", "coordinates": [[[-49.391908, -16.687838], [-49.391905, -16.688109], [-49.391999, -16.688109], [-49.392001, -16.687838], [-49.391908, -16.687838]]]}, "properties": {"info": {"id": "000101311356", "nm_lot": "3"}, "address": "?, ?"}},
{"type": "Feature", "geometry": {"type": "Polygon", "coordinates": [[[-49.387309, -16.685361], [-49.387525, -16.685361], [-49.387525, -16.685267], [-49.387309, -16.685267], [-49.387309, -16.685361]]]}, "properties": {"info": {"id": "000101378182", "nm_lot": "27"}, "address": "?, ?"}},
{"type": "Feature", "geometry": {"type": "Polygon", "coordinates": [[[-49.389408, -16.685361], [-49.389625, -16.685361], [-49.389625, -16.685267], [-49.389408, -16.685267], [-49.389408, -16.685361]]]}, "properties": {"info": {"id": "000101378188", "nm_lot": "27"}, "address": "?, ?"}},
{"type": "Feature", "geometry": {"type": "Polygon", "coordinates": [[[-49.386783, -16.685265], [-49.387, -16.685265], [-49.387, -16.685171], [-49.386783, -16.685171], [-49.386783, -16.685265]]]}, "properties": {"info": {"id": "000101378210", "nm_lot": "27"}, "address": "?, ?"}},
{"type": "Feature", "geometry": {"type": "Polygon", "coordinates": [[[-49.394227, -16.68764], [-49.394308, -16.687381], [-49.394218, -16.687355], [-49.394137, -16.687615], [-49.394227, -16.68764]]]}, "properties": {"info": {"id": "000101305662", "nm_lot": "13"}, "address": "?, ?"}},
{"type": "Feature", "geometry": {"type": "Polygon", "coordinates": [[[-49.392786, -16.687795], [-49.392658, -16.687794], [-49.392658, -16.687843], [-49.392657, -16.687893], [-49.392928, -16.687895], [-49.392935, -16.687796], [-49.392786, -16.687795]]]}, "properties": {"info": {"id": "000101315445", "nm_lot": "13"}, "address": "?, ?"}},
{"type": "Feature", "geometry": {"type": "Polygon", "coordinates": [[[-49.393902, -16.682852], [-49.393905, -16.68267], [-49.393806, -16.682668], [-49.393764, -16.682667], [-49.39376, -16.682849], [-49.393902, -16.682852]]]}, "properties": {"info": {"id": "000101252867", "nm_lot": "19"}, "address": "?, ?"}},
{"type": "Feature", "geometry": {"type": "Polygon", "coordinates": [[[-49.388374, -16.682921], [-49.388449, -16.682921], [-49.388449, -16.682713], [-49.388374, -16.682713], [-49.388374, -16.682921]]]}, "properties": {"info": {"id": "000101379080", "nm_lot": "19A"}, "address": "?, ?"}},
{"type": "Feature", "geometry": {"type": "Polygon", "coordinates": [[[-49.388449, -16.682921], [-49.388524, -16.682921], [-49.388524, -16.682713], [-49.388449, -16.682713], [-49.388449, -16.682921]]]}, "properties": {"info": {"id": "000101379081", "nm_lot": "19B"}, "address": "?, ?"}},
{"type": "Feature", "geometry": {"type": "Polygon", "coordinates": [[[-49.38787, -16.683385], [-49.38787, -16.683313], [-49.387654, -16.683313], [-49.387654, -16.683385], [-49.38787, -16.683385]]]}, "properties": {"info": {"id": "000101378823", "nm_lot": "1A"}, "address": "?, ?"}},
{"type": "Feature", "geometry": {"type": "Polygon", "coordinates": [[[-49.388449, -16.683129], [-49.388524, -16.683129], [-49.388524, -16.682921], [-49.388449, -16.682921], [-49.388449, -16.683129]]]}, "properties": {"info": {"id": "000101378963", "nm_lot": "12A"}, "address": "?, ?"}},
{"type": "Feature", "geometry": {"type": "Polygon", "coordinates": [[[-49.390253, -16.684096], [-49.390253, -16.683888], [-49.390181, -16.683888], [-49.390181, -16.684096], [-49.390253, -16.684096]]]}, "properties": {"info": {"id": "000101378486", "nm_lot": "12B"}, "address": "?, ?"}},
{"type": "Feature", "geometry": {"type": "Polygon", "coordinates": [[[-49.393088, -16.684586], [-49.393138, -16.684684], [-49.393352, -16.684584], [-49.393354, -16.684515], [-49.393324, -16.684514], [-49.393199, -16.684534], [-49.393088, -16.684586]]]}, "properties": {"info": {"id": "000101278547", "nm_lot": "12"}, "address": "?, ?"}},
{"type": "Feature", "geometry": {"type": "Polygon", "coordinates": [[[-49.389719, -16.685829], [-49.389934, -16.685829], [-49.389934, -16.685735], [-49.389719, -16.685735], [-49.389719, -16.685829]]]}, "properties": {"info": {"id": "000101378074", "nm_lot": "12"}, "address": "?, ?"}},
{"type": "Feature", "geometry": {"type": "Polygon", "coordinates": [[[-49.392812, -16.686791], [-49.392813, -16.686565], [-49.392719, -16.686565], [-49.392719, -16.686791], [-49.392812, -16.686791]]]}, "properties": {"info": {"id": "000101377935", "nm_lot": "34"}, "address": "?, ?"}},
{"type": "Feature", "geometry": {"type": "Polygon", "coordinates": [[[-49.384086, -16.683077], [-49.38416, -16.683077], [-49.38416, -16.682869], [-49.384086, -16.682869], [-49.384086, -16.683077]]]}, "properties": {"info": {"id": "000101378991", "nm_lot": "26A"}, "address": "?, ?"}},
{"type": "Feature", "geometry": {"type": "Polygon", "coordinates": [[[-49.391697, -16.684304], [-49.391769, -16.684304], [-49.391769, -16.684096], [-49.391697, -16.684096], [-49.391697, -16.684304]]]}, "properties": {"info": {"id": "000101378429", "nm_lot": "26B"}, "address": "?, ?"}},
{"type": "Feature", "geometry": {"type": "Polygon", "coordinates": [[[-49.392904, -16.685736], [-49.393158, -16.685618], [-49.393117, -16.685537], [-49.392864, -16.685655], [-49.392904, -16.685736]]]}, "properties": {"info": {"id": "000101278570", "nm_lot": "34"}, "address": "?, ?"}},
{"type": "Feature", "geometry": {"type": "Polygon", "coordinates": [[[-49.390686, -16.684304], [-49.390686, -16.684096], [-49.390614, -16.684096], [-49.390614, -16.684304], [-49.390686, -16.684304]]]}, "properties": {"info": {"id": "000101378383", "nm_lot": "18A"}, "address": "?, ?"}},
{"type": "Feature", "geometry": {"type": "Polygon", "coordinates": [[[-49.392365, -16.683688], [-49.392369, -16.683492], [-49.392237, -16.68349], [-49.392233, -16.683686], [-49.392365, -16.683688]]]}, "properties": {"info": {"id": "000101253088", "nm_lot": "13"}, "address": "?, ?"}},
{"type": "Feature", "geometry": {"type": "Polygon", "coordinates": [[[-49.388669, -16.685923], [-49.388884, -16.685923], [-49.388884, -16.685829], [-49.388669, -16.685829], [-49.388669, -16.685923]]]}, "properties": {"info": {"id": "000101378037", "nm_lot": "13"}, "address": "?, ?"}},
{"type": "Feature", "geometry": {"type": "Polygon", "coordinates": [[[-49.393324, -16.684514], [-49.393444, -16.684518], [-49.393387, -16.684291], [-49.393274, -16.684314], [-49.393324, -16.684514]]]}, "properties": {"info": {"id": "000101278529", "nm_lot": "9"}, "address": "?, ?"}},
{"type": "Feature", "geometry": {"type": "Polygon", "coordinates": [[[-49.391687, -16.686222], [-49.391688, -16.685996], [-49.391594, -16.685996], [-49.391594, -16.686222], [-49.391687, -16.686222]]]}, "properties": {"info": {"id": "000101377996", "nm_lot": "19"}, "address": "?, ?"}},
{"type": "Feature", "geometry": {"type": "Polygon", "coordinates": [[[-49.392652, -16.683019], [-49.392656, -16.682823], [-49.392614, -16.682822], [-49.392524, -16.68282], [-49.392524, -16.682821], [-49.39252, -16.683016], [-49.392652, -16.683019]]]}, "properties": {"info": {"id": "000101253096", "nm_lot": "13"}, "address": "?, ?"}},
{"type": "Feature", "geometry": {"type": "Polygon", "coordinates": [[[-49.387249, -16.682921], [-49.387324, -16.682921], [-49.387324, -16.682713], [-49.387249, -16.682713], [-49.387249, -16.682921]]]}, "properties": {"info": {"id": "000101379065", "nm_lot": "27B"}, "address": "?, ?"}},
{"type": "Feature", "geometry": {"type": "Polygon", "coordinates": [[[-49.3912, -16.685172], [-49.3912, -16.685078], [-49.390985, -16.685078], [-49.390985, -16.685172], [-49.3912, -16.685172]]]}, "properties": {"info": {"id": "000101378264", "nm_lot": "28"}, "address": "?, ?"}},
{"type": "Feature", "geometry": {"type": "Polygon", "coordinates": [[[-49.39266, -16.685248], [-49.392913, -16.68513], [-49.392872, -16.685049], [-49.392619, -16.685166], [-49.39266, -16.685248]]]}, "properties": {"info": {"id": "000101278564", "nm_lot": "28"}, "address": "?, ?"}},
{"type": "Feature", "geometry": {"type": "Polygon", "coordinates": [[[-49.387834, -16.686036], [-49.38805, -16.686036], [-49.38805, -16.685946], [-49.387834, -16.685945], [-49.387834, -16.686036]]]}, "properties": {"info": {"id": "000101378011", "nm_lot": "19"}, "address": "?, ?"}},
{"type": "Feature", "geometry": {"type": "Polygon", "coordinates": [[[-49.388884, -16.686017], [-49.3891, -16.686017], [-49.3891, -16.685923], [-49.388884, -16.685923], [-49.388884, -16.686017]]]}, "properties": {"info": {"id": "000101378020", "nm_lot": "19"}, "address": "?, ?"}},
{"type": "Feature", "geometry": {"type": "Polygon", "coordinates": [[[-49.389409, -16.686113], [-49.389625, -16.686113], [-49.389625, -16.686019], [-49.389409, -16.686019], [-49.389409, -16.686113]]]}, "properties": {"info": {"id": "000101377981", "nm_lot": "19"}, "address": "?, ?"}},
{"type": "Feature", "geometry": {"type": "Polygon", "coordinates": [[[-49.387309, -16.684797], [-49.387412, -16.684797], [-49.387412, -16.684594], [-49.387309, -16.684594], [-49.387309, -16.684797]]]}, "properties": {"info": {"id": "000101378325", "nm_lot": "34"}, "address": "?, ?"}},
{"type": "Feature", "geometry": {"type": "Polygon", "coordinates": [[[-49.389934, -16.686017], [-49.39015, -16.686017], [-49.39015, -16.685923], [-49.389934, -16.685923], [-49.389934, -16.686017]]]}, "properties": {"info": {"id": "000101378024", "nm_lot": "19"}, "address": "?, ?"}},
{"type": "Feature", "geometry": {"type": "Polygon", "coordinates": [[[-49.387309, -16.686113], [-49.387525, -16.686113], [-49.387525, -16.686019], [-49.387309, -16.686019], [-49.387309, -16.686113]]]}, "properties": {"info": {"id": "000101377965", "nm_lot": "19"}, "address": "?, ?"}},
{"type": "Feature", "geometry": {"type": "Polygon", "coordinates": [[[-49.386259, -16.685841], [-49.386259, -16.685751], [-49.386043, -16.685751], [-49.386043, -16.685841], [-49.386259, -16.685841]]]}, "properties": {"info": {"id": "000101378080", "nm_lot": "11"}, "address": "?, ?"}},
{"type": "Feature", "geometry": {"type": "Polygon", "coordinates": [[[-49.3912, -16.686018], [-49.3912, -16.685924], [-49.390984, -16.685923], [-49.390984, -16.686017], [-49.3912, -16.686018]]]}, "properties": {"info": {"id": "000101378046", "nm_lot": "19"}, "address": "?, ?"}},
{"type": "Feature", "geometry": {"type": "Polygon", "coordinates": [[[-49.390758, -16.684304], [-49.390758, -16.684096], [-49.390686, -16.684096], [-49.390686, -16.684304], [-49.390758, -16.684304]]]}, "properties": {"info": {"id": "000101378386", "nm_lot": "19B"}, "address": "?, ?"}},
{"type": "Feature", "geometry": {"type": "Polygon", "coordinates": [[[-49.388957, -16.683385], [-49.388957, -16.683313], [-49.388742, -16.683313], [-49.388742, -16.683385], [-49.388957, -16.683385]]]}, "properties": {"info": {"id": "000101378830", "nm_lot": "1A"}, "address": "?, ?"}},
{"type": "Feature", "geometry": {"type": "Polygon", "coordinates": [[[-49.391814, -16.687837], [-49.391812, -16.688108], [-49.391905, -16.688109], [-49.391908, -16.687838], [-49.391814, -16.687837]]]}, "properties": {"info": {"id": "000101315448", "nm_lot": "2"}, "address": "?, ?"}},
{"type": "Feature", "geometry": {"type": "Polygon", "coordinates": [[[-49.392101, -16.683683], [-49.392105, -16.683488], [-49.391973, -16.683485], [-49.391969, -16.683681], [-49.392101, -16.683683]]]}, "properties": {"info": {"id": "000101253082", "nm_lot": "11"}, "address": "?, ?"}},
{"type": "Feature", "geometry": {"type": "Polygon", "coordinates": [[[-49.391421, -16.68378], [-49.391496, -16.68378], [-49.391496, -16.683572], [-49.391421, -16.683572], [-49.391421, -16.68378]]]}, "properties": {"info": {"id": "000101378658", "nm_lot": "18B"}, "address": "?, ?"}},
{"type": "Feature", "geometry": {"type": "Polygon", "coordinates": [[[-49.391019, -16.683227], [-49.391019, -16.683019], [-49.390947, -16.683019], [-49.390947, -16.683227], [-49.391019, -16.683227]]]}, "properties": {"info": {"id": "000101378926", "nm_lot": "18B"}, "address": "?, ?"}},
{"type": "Feature", "geometry": {"type": "Polygon", "coordinates": [[[-49.389194, -16.685831], [-49.389409, -16.685831], [-49.389409, -16.685737], [-49.389194, -16.685737], [-49.389194, -16.685831]]]}, "properties": {"info": {"id": "000101378072", "nm_lot": "13"}, "address": "?, ?"}},
{"type": "Feature", "geometry": {"type": "Polygon", "coordinates": [[[-49.394047, -16.687589], [-49.394128, -16.687329], [-49.394038, -16.687303], [-49.393958, -16.687563], [-49.394047, -16.687589]]]}, "properties": {"info": {"id": "000101315408", "nm_lot": "11"}, "address": "?, ?"}},
{"type": "Feature", "geometry": {"type": "Polygon", "coordinates": [[[-49.390244, -16.685643], [-49.390459, -16.685643], [-49.390459, -16.685549], [-49.390244, -16.685549], [-49.390244, -16.685643]]]}, "properties": {"info": {"id": "000101378151", "nm_lot": "11"}, "address": "?, ?"}},
{"type": "Feature", "geometry": {"type": "Polygon", "coordinates": [[[-49.389719, -16.685735], [-49.389934, -16.685735], [-49.389934, -16.685641], [-49.389719, -16.685641], [-49.389719, -16.685735]]]}, "properties": {"info": {"id": "000101378094", "nm_lot": "11"}, "address": "?, ?"}},
{"type": "Feature", "geometry": {"type": "Polygon", "coordinates": [[[-49.387093, -16.685643], [-49.387309, -16.685643], [-49.387309, -16.685549], [-49.387094, -16.685549], [-49.387093, -16.685643]]]}, "properties": {"info": {"id": "000101378106", "nm_lot": "11"}, "address": "?, ?"}},
{"type": "Feature", "geometry": {"type": "Polygon", "coordinates": [[[-49.39382, -16.68682], [-49.393888, -16.686599], [-49.393774, -16.686581], [-49.39371, -16.686789], [-49.39382, -16.68682]]]}, "properties": {"info": {"id": "000101278445", "nm_lot": "19"}, "address": "?, ?"}},
{"type": "Feature", "geometry": {"type": "Polygon", "coordinates": [[[-49.387024, -16.683128], [-49.387024, -16.68292], [-49.386949, -16.68292], [-49.386949, -16.683128], [-49.387024, -16.683128]]]}, "properties": {"info": {"id": "000101378943", "nm_lot": "2A"}, "address": "?, ?"}},
{"type": "Feature", "geometry": {"type": "Polygon", "coordinates": [[[-49.385271, -16.683406], [-49.385487, -16.683406], [-49.385487, -16.683333], [-49.385271, -16.683333], [-49.385271, -16.683406]]]}, "properties": {"info": {"id": "000101378845", "nm_lot": "2B"}, "address": "?, ?"}},
{"type": "Feature", "geometry": {"type": "Polygon", "coordinates": [[[-49.392156, -16.685431], [-49.39225, -16.685431], [-49.39225, -16.685183], [-49.392156, -16.685183], [-49.392156, -16.685431]]]}, "properties": {"info": {"id": "000101378207", "nm_lot": "3"}, "address": "?, ?"}},
{"type": "Feature", "geometry": {"type": "Polygon", "coordinates": [[[-49.3915, -16.685092], [-49.3915, -16.684844], [-49.391407, -16.684844], [-49.391406, -16.685092], [-49.3915, -16.685092]]]}, "properties": {"info": {"id": "000101378279", "nm_lot": "11"}, "address": "?, ?"}},
{"type": "Feature", "geometry": {"type": "Polygon", "coordinates": [[[-49.384943, -16.683324], [-49.384943, -16.683251], [-49.384727, -16.683251], [-49.384727, -16.683324], [-49.384943, -16.683324]]]}, "properties": {"info": {"id": "000101378848", "nm_lot": "1A"}, "address": "?, ?"}},
{"type": "Feature", "geometry": {"type": "Polygon", "coordinates": [[[-49.385271, -16.683333], [-49.385487, -16.683333], [-49.385487, -16.68326], [-49.385271, -16.683259], [-49.385271, -16.683333]]]}, "properties": {"info": {"id": "000101378883", "nm_lot": "1A"}, "address": "?, ?"}},
{"type": "Feature", "geometry": {"type": "Polygon", "coordinates": [[[-49.389408, -16.685267], [-49.389625, -16.685267], [-49.389625, -16.685173], [-49.389408, -16.685173], [-49.389408, -16.685267]]]}, "properties": {"info": {"id": "000101378218", "nm_lot": "28"}, "address": "?, ?"}},
{"type": "Feature", "geometry": {"type": "Polygon", "coordinates": [[[-49.392531, -16.686222], [-49.392625, -16.686222], [-49.392625, -16.685996], [-49.392531, -16.685996], [-49.392531, -16.686222]]]}, "properties": {"info": {"id": "000101378006", "nm_lot": "29"}, "address": "?, ?"}},
{"type": "Feature", "geometry": {"type": "Polygon", "coordinates": [[[-49.385234, -16.682832], [-49.385234, -16.682652], [-49.38514, -16.682651], [-49.38514, -16.682832], [-49.385234, -16.682832]]]}, "properties": {"info": {"id": "000101379127", "nm_lot": "11"}, "address": "?, ?"}},
{"type": "Feature", "geometry": {"type": "Polygon", "coordinates": [[[-49.386454, -16.683421], [-49.386454, -16.683349], [-49.386238, -16.683349], [-49.386238, -16.683421], [-49.386454, -16.683421]]]}, "properties": {"info": {"id": "000101378841", "nm_lot": "11A"}, "address": "?, ?"}},
{"type": "Feature", "geometry": {"type": "Polygon", "coordinates": [[[-49.387326, -16.683883], [-49.387542, -16.683883], [-49.387542, -16.683812], [-49.387326, -16.683812], [-49.387326, -16.683883]]]}, "properties": {"info": {"id": "000101378575", "nm_lot": "11A"}, "address": "?, ?"}},
{"type": "Feature", "geometry": {"type": "Polygon", "coordinates": [[[-49.386454, -16.683493], [-49.386454, -16.683421], [-49.386238, -16.683421], [-49.386238, -16.683493], [-49.386454, -16.683493]]]}, "properties": {"info": {"id": "000101378808", "nm_lot": "11B"}, "address": "?, ?"}},
{"type": "Feature", "geometry": {"type": "Polygon", "coordinates": [[[-49.390081, -16.683164], [-49.390081, -16.683092], [-49.389893, -16.683091], [-49.389893, -16.683163], [-49.390081, -16.683164]]]}, "properties": {"info": {"id": "000101378939", "nm_lot": "11B"}, "address": "?, ?"}},
{"type": "Feature", "geometry": {"type": "Polygon", "coordinates": [[[-49.385487, -16.683692], [-49.385487, -16.683699], [-49.385702, -16.683699], [-49.385702, -16.683626], [-49.385487, -16.683625], [-49.385487, -16.683692]]]}, "properties": {"info": {"id": "000101378684", "nm_lot": "11B"}, "address": "?, ?"}},
{"type": "Feature", "geometry": {"type": "Polygon", "coordinates": [[[-49.392656, -16.682823], [-49.392652, -16.683019], [-49.392784, -16.683021], [-49.392788, -16.682825], [-49.392656, -16.682823]]]}, "properties": {"info": {"id": "000101252852", "nm_lot": "12"}, "address": "?, ?"}},
{"type": "Feature", "geometry": {"type": "Polygon", "coordinates": [[[-49.392848, -16.688116], [-49.392863, -16.688115], [-49.392877, -16.688111], [-49.39289, -16.688104], [-49.392901, -16.688095], [-49.392911, -16.688084], [-49.392918, -16.688072], [-49.392922, -16.688058], [-49.392924, -16.688044], [-49.392924, -16.687993], [-49.392656, -16.687991], [-49.392655, -16.688114], [-49.392848, -16.688116]]]}, "properties": {"info": {"id": "000101301529", "nm_lot": "11"}, "address": "?, ?"}},
{"type": "Feature", "geometry": {"type": "Polygon", "coordinates": [[[-49.390746, -16.68378], [-49.390821, -16.68378], [-49.390821, -16.683572], [-49.390746, -16.683572], [-49.390746, -16.68378]]]}, "properties": {"info": {"id": "000101378647", "nm_lot": "13A"}, "address": "?, ?"}},
{"type": "Feature", "geometry": {"type": "Polygon", "coordinates": [[[-49.387834, -16.685855], [-49.387834, -16.685765], [-49.387618, -16.685765], [-49.387618, -16.685855], [-49.387834, -16.685855]]]}, "properties": {"info": {"id": "000101378061", "nm_lot": "12"}, "address": "?, ?"}},
{"type": "Feature", "geometry": {"type": "Polygon", "coordinates": [[[-49.390225, -16.683227], [-49.390225, -16.68302], [-49.390153, -16.68302], [-49.390153, -16.683227], [-49.390225, -16.683227]]]}, "properties": {"info": {"id": "000101378915", "nm_lot": "12A"}, "address": "?, ?"}},
{"type": "Feature", "geometry": {"type": "Polygon", "coordinates": [[[-49.390596, -16.68378], [-49.390671, -16.68378], [-49.390671, -16.683572], [-49.390596, -16.683572], [-49.390596, -16.68378]]]}, "properties": {"info": {"id": "000101378645", "nm_lot": "12A"}, "address": "?, ?"}},
{"type": "Feature", "geometry": {"type": "Polygon", "coordinates": [[[-49.388413, -16.683741], [-49.388629, -16.683741], [-49.388629, -16.683669], [-49.388413, -16.683669], [-49.388413, -16.683741]]]}, "properties": {"info": {"id": "000101378673", "nm_lot": "12A"}, "address": "?, ?"}},
{"type": "Feature", "geometry": {"type": "Polygon", "coordinates": [[[-49.393138, -16.684684], [-49.393166, -16.684742], [-49.393178, -16.684758], [-49.393193, -16.684771], [-49.393212, -16.684779], [-49.393232, -16.684783], [-49.393346, -16.684786], [-49.393352, -16.684584], [-49.393138, -16.684684]]]}, "properties": {"info": {"id": "000101278548", "nm_lot": "13"}, "address": "?, ?"}},
{"type": "Feature", "geometry": {"type": "Polygon", "coordinates": [[[-49.386259, -16.686112], [-49.386259, -16.686022], [-49.386043, -16.686022], [-49.386043, -16.686112], [-49.386259, -16.686112]]]}, "properties": {"info": {"id": "000101377957", "nm_lot": "14"}, "address": "?, ?"}},
{"type": "Feature", "geometry": {"type": "Polygon", "coordinates": [[[-49.389194, -16.685925], [-49.389409, -16.685925], [-49.389409, -16.685831], [-49.389194, -16.685831], [-49.389194, -16.685925]]]}, "properties": {"info": {"id": "000101378039", "nm_lot": "14"}, "address": "?, ?"}},
{"type": "Feature", "geometry": {"type": "Polygon", "coordinates": [[[-49.386499, -16.682993], [-49.386593, -16.682993], [-49.386593, -16.682812], [-49.386499, -16.682812], [-49.386499, -16.682993]]]}, "properties": {"info": {"id": "000101379035", "nm_lot": "12"}, "address": "?, ?"}},
{"type": "Feature", "geometry": {"type": "Polygon", "coordinates": [[[-49.387834, -16.685945], [-49.387834, -16.685855], [-49.387618, -16.685855], [-49.387618, -16.685945], [-49.387834, -16.685945]]]}, "properties": {"info": {"id": "000101378028", "nm_lot": "13"}, "address": "?, ?"}},
{"type": "Feature", "geometry": {"type": "Polygon", "coordinates": [[[-49.3915, -16.685996], [-49.3915, -16.68577], [-49.391406, -16.68577], [-49.391406, -16.685996], [-49.3915, -16.685996]]]}, "properties": {"info": {"id": "000101378047", "nm_lot": "14"}, "address": "?, ?"}},
{"type": "Feature", "geometry": {"type": "Polygon", "coordinates": [[[-49.392233, -16.683686], [-49.392237, -16.68349], [-49.392105, -16.683488], [-49.392101, -16.683683], [-49.392233, -16.683686]]]}, "properties": {"info": {"id": "000101253092", "nm_lot": "12"}, "address": "?, ?"}},
{"type": "Feature", "geometry": {"type": "Polygon", "coordinates": [[[-49.388144, -16.685737], [-49.388359, -16.685737], [-49.388359, -16.685643], [-49.388144, -16.685643], [-49.388144, -16.685737]]]}, "properties": {"info": {"id": "000101378088", "nm_lot": "12"}, "address": "?, ?"}},
{"type": "Feature", "geometry": {"type": "Polygon", "coordinates": [[[-49.393521, -16.686542], [-49.393527, -16.686357], [-49.393382, -16.686353], [-49.393377, -16.686519], [-49.393521, -16.686542]]]}, "properties": {"info": {"id": "000101278450", "nm_lot": "14"}, "address": "?, ?"}},
{"type": "Feature", "geometry": {"type": "Polygon", "coordinates": [[[-49.384224, -16.684808], [-49.38423, -16.684583], [-49.384118, -16.684579], [-49.384111, -16.684805], [-49.384224, -16.684808]]]}, "properties": {"info": {"id": "000101259951", "nm_lot": "4"}, "address": "?, ?"}},
{"type": "Feature", "geometry": {"type": "Polygon", "coordinates": [[[-49.388884, -16.685077], [-49.3891, -16.685077], [-49.3891, -16.684983], [-49.388884, -16.684983], [-49.388884, -16.685077]]]}, "properties": {"info": {"id": "000101378256", "nm_lot": "29"}, "address": "?, ?"}},
{"type": "Feature", "geometry": {"type": "Polygon", "coordinates": [[[-49.386567, -16.683457], [-49.386782, -16.683457], [-49.386782, -16.683385], [-49.386567, -16.683385], [-49.386567, -16.683457]]]}, "properties": {"info": {"id": "000101378782", "nm_lot": "2B"}, "address": "?, ?"}},
{"type": "Feature", "geometry": {"type": "Polygon", "coordinates": [[[-49.386475, -16.686112], [-49.386475, -16.686022], [-49.386259, -16.686022], [-49.386259, -16.686112], [-49.386475, -16.686112]]]}, "properties": {"info": {"id": "000101378012", "nm_lot": "17"}, "address": "?, ?"}},
{"type": "Feature", "geometry": {"type": "Polygon", "coordinates": [[[-49.392157, -16.685092], [-49.392345, -16.685092], [-49.392398, -16.685011], [-49.392314, -16.684844], [-49.392157, -16.684844], [-49.392157, -16.685092]]]}, "properties": {"info": {"id": "000101378293", "nm_lot": "19"}, "address": "?, ?"}},
{"type": "Feature", "geometry": {"type": "Polygon", "coordinates": [[[-49.391294, -16.686746], [-49.39134, -16.686791], [-49.391406, -16.686791], [-49.391406, -16.686565], [-49.391294, -16.686565], [-49.391294, -16.686746]]]}, "properties": {"info": {"id": "000101377920", "nm_lot": "19"}, "address": "?, ?"}},
{"type": "Feature", "geometry": {"type": "Polygon", "coordinates": [[[-49.386829, -16.68428], [-49.386923, -16.68428], [-49.386923, -16.684099], [-49.386829, -16.684099], [-49.386829, -16.68428]]]}, "properties": {"info": {"id": "000101378365", "nm_lot": "6"}, "address": "?, ?"}},
{"type": "Feature", "geometry": {"type": "Polygon", "coordinates": [[[-49.390821, -16.68378], [-49.390896, -16.68378], [-49.390896, -16.683572], [-49.390821, -16.683572], [-49.390821, -16.68378]]]}, "properties": {"info": {"id": "000101378648", "nm_lot": "14B"}, "address": "?, ?"}},
{"type": "Feature", "geometry": {"type": "Polygon", "coordinates": [[[-49.384399, -16.683465], [-49.384615, -16.683465], [-49.384615, -16.683393], [-49.384399, -16.683392], [-49.384399, -16.683465]]]}, "properties": {"info": {"id": "000101378764", "nm_lot": "14B"}, "address": "?, ?"}},
{"type": "Feature", "geometry": {"type": "Polygon", "coordinates": [[[-49.39348, -16.685079], [-49.393618, -16.685183], [-49.393627, -16.684912], [-49.393486, -16.684908], [-49.39348, -16.685079]]]}, "properties": {"info": {"id": "000101278513", "nm_lot": "15"}, "address": "?, ?"}},
{"type": "Feature", "geometry": {"type": "Polygon", "coordinates": [[[-49.388413, -16.683883], [-49.388629, -16.683883], [-49.388629, -16.683812], [-49.388413, -16.683812], [-49.388413, -16.683883]]]}, "properties": {"info": {"id": "000101378581", "nm_lot": "11A"}, "address": "?, ?"}},
{"type": "Feature", "geometry": {"type": "Polygon", "coordinates": [[[-49.384399, -16.683899], [-49.384615, -16.683899], [-49.384615, -16.683826], [-49.384399, -16.683826], [-49.384399, -16.683899]]]}, "properties": {"info": {"id": "000101378526", "nm_lot": "11B"}, "address": "?, ?"}},
{"type": "Feature", "geometry": {"type": "Polygon", "coordinates": [[[-49.39046, -16.684797], [-49.390563, -16.684797], [-49.390563, -16.684595], [-49.39046, -16.684595], [-49.39046, -16.684797]]]}, "properties": {"info": {"id": "000101378356", "nm_lot": "34"}, "address": "?, ?"}},
{"type": "Feature", "geometry": {"type": "Polygon", "coordinates": [[[-49.389194, -16.685173], [-49.389408, -16.685173], [-49.389409, -16.685079], [-49.389194, -16.685079], [-49.389194, -16.685173]]]}, "properties": {"info": {"id": "000101378237", "nm_lot": "6"}, "address": "?, ?"}},
{"type": "Feature", "geometry": {"type": "Polygon", "coordinates": [[[-49.386569, -16.685265], [-49.386783, -16.685265], [-49.386783, -16.685171], [-49.386569, -16.685171], [-49.386569, -16.685265]]]}, "properties": {"info": {"id": "000101378209", "nm_lot": "6"}, "address": "?, ?"}},
{"type": "Feature", "geometry": {"type": "Polygon", "coordinates": [[[-49.384843, -16.685403], [-49.384844, -16.685369], [-49.384846, -16.685313], [-49.384565, -16.685305], [-49.384562, -16.685395], [-49.384843, -16.685403]]]}, "properties": {"info": {"id": "000101259961", "nm_lot": "11"}, "address": "?, ?"}},
{"type": "Feature", "geometry": {"type": "Polygon", "coordinates": [[[-49.390947, -16.683227], [-49.390947, -16.683019], [-49.390875, -16.683019], [-49.390875, -16.683227], [-49.390947, -16.683227]]]}, "properties": {"info": {"id": "000101378925", "nm_lot": "17A"}, "address": "?, ?"}},
{"type": "Feature", "geometry": {"type": "Polygon", "coordinates": [[[-49.39225, -16.685996], [-49.39225, -16.68577], [-49.392156, -16.68577], [-49.392156, -16.685996], [-49.39225, -16.685996]]]}, "properties": {"info": {"id": "000101378055", "nm_lot": "6"}, "address": "?, ?"}},
{"type": "Feature", "geometry": {"type": "Polygon", "coordinates": [[[-49.385487, -16.683479], [-49.385702, -16.683479], [-49.385702, -16.683406], [-49.385487, -16.683406], [-49.385487, -16.683479]]]}, "properties": {"info": {"id": "000101378810", "nm_lot": "12A"}, "address": "?, ?"}},
{"type": "Feature", "geometry": {"type": "Polygon", "coordinates": [[[-49.390521, -16.68378], [-49.390596, -16.68378], [-49.390596, -16.683572], [-49.390521, -16.683572], [-49.390521, -16.68378]]]}, "properties": {"info": {"id": "000101378644", "nm_lot": "12B"}, "address": "?, ?"}},
{"type": "Feature", "geometry": {"type": "Polygon", "coordinates": [[[-49.393618, -16.685183], [-49.393431, -16.68527], [-49.393502, -16.685412], [-49.393513, -16.685428], [-49.393529, -16.685441], [-49.393547, -16.685449], [-49.393567, -16.685453], [-49.393609, -16.685454], [-49.393618, -16.685183]]]}, "properties": {"info": {"id": "000101278510", "nm_lot": "18"}, "address": "?, ?"}},
{"type": "Feature", "geometry": {"type": "Polygon", "coordinates": [[[-49.387834, -16.686126], [-49.38805, -16.686126], [-49.38805, -16.686036], [-49.387834, -16.686036], [-49.387834, -16.686126]]]}, "properties": {"info": {"id": "000101377969", "nm_lot": "18"}, "address": "?, ?"}},
{"type": "Feature", "geometry": {"type": "Polygon", "coordinates": [[[-49.386454, -16.68428], [-49.386454, -16.684099], [-49.38636, -16.684099], [-49.38636, -16.68428], [-49.386454, -16.68428]]]}, "properties": {"info": {"id": "000101378358", "nm_lot": "1"}, "address": "?, ?"}},
{"type": "Feature", "geometry": {"type": "Polygon", "coordinates": [[[-49.388817, -16.68428], [-49.388817, -16.684099], [-49.388723, -16.684099], [-49.388723, -16.68428], [-49.388817, -16.68428]]]}, "properties": {"info": {"id": "000101378432", "nm_lot": "1"}, "address": "?, ?"}},
{"type": "Feature", "geometry": {"type": "Polygon", "coordinates": [[[-49.391688, -16.685431], [-49.391781, -16.685431], [-49.391781, -16.685183], [-49.391688, -16.685183], [-49.391688, -16.685431]]]}, "properties": {"info": {"id": "000101378201", "nm_lot": "8"}, "address": "?, ?"}},
{"type": "Feature", "geometry": {"type": "Polygon", "coordinates": [[[-49.391859, -16.683004], [-49.391863, -16.682809], [-49.391845, -16.682808], [-49.391731, -16.682806], [-49.391727, -16.683002], [-49.391859, -16.683004]]]}, "properties": {"info": {"id": "000101253104", "nm_lot": "19"}, "address": "?, ?"}},
{"type": "Feature", "geometry": {"type": "Polygon", "coordinates": [[[-49.386784, -16.686017], [-49.387, -16.686017], [-49.387, -16.685923], [-49.386784, -16.685923], [-49.386784, -16.686017]]]}, "properties": {"info": {"id": "000101378014", "nm_lot": "19"}, "address": "?, ?"}},
{"type": "Feature", "geometry": {"type": "Polygon", "coordinates": [[[-49.39306, -16.684365], [-49.393046, -16.684374], [-49.393035, -16.684385], [-49.393026, -16.684399], [-49.39302, -16.684414], [-49.393019, -16.68443], [-49.39302, -16.684446], [-49.393026, -16.684461], [-49.393088, -16.684586], [-49.393199, -16.684534], [-49.393151, -16.684342], [-49.393076, -16.68436], [-49.39306, -16.684365]]]}, "properties": {"info": {"id": "000101278527", "nm_lot": "11"}, "address": "?, ?"}},
{"type": "Feature", "geometry": {"type": "Polygon", "coordinates": [[[-49.388359, -16.686221], [-49.388528, -16.686221], [-49.388575, -16.686176], [-49.388575, -16.686113], [-49.388359, -16.686113], [-49.388359, -16.686221]]]}, "properties": {"info": {"id": "000101377971", "nm_lot": "18"}, "address": "?, ?"}},
{"type": "Feature", "geometry": {"type": "Polygon", "coordinates": [[[-49.389409, -16.684797], [-49.38941, -16.684595], [-49.389306, -16.684595], [-49.389306, -16.684797], [-49.389409, -16.684797]]]}, "properties": {"info": {"id": "000101378330", "nm_lot": "1"}, "address": "?, ?"}},
{"type": "Feature", "geometry": {"type": "Polygon", "coordinates": [[[-49.387834, -16.685765], [-49.387834, -16.685674], [-49.387619, -16.685674], [-49.387618, -16.685765], [-49.387834, -16.685765]]]}, "properties": {"info": {"id": "000101378081", "nm_lot": "11"}, "address": "?, ?"}},
{"type": "Feature", "geometry": {"type": "Polygon", "coordinates": [[[-49.387834, -16.684951], [-49.387834, -16.684766], [-49.387741, -16.684766], [-49.387741, -16.684951], [-49.387834, -16.684951]]]}, "properties": {"info": {"id": "000101378298", "nm_lot": "1"}, "address": "?, ?"}},
{"type": "Feature", "geometry": {"type": "Polygon", "coordinates": [[[-49.391697, -16.684096], [-49.39188, -16.684096], [-49.3918, -16.683925], [-49.391741, -16.683888], [-49.391697, -16.683888], [-49.391697, -16.684096]]]}, "properties": {"info": {"id": "000101378509", "nm_lot": "1"}, "address": "?, ?"}},
{"type": "Feature", "geometry": {"type": "Polygon", "coordinates": [[[-49.391164, -16.683019], [-49.391353, -16.683019], [-49.391268, -16.682852], [-49.3912, -16.682812], [-49.391164, -16.682812], [-49.391164, -16.683019]]]}, "properties": {"info": {"id": "000101378931", "nm_lot": "1B"}, "address": "?, ?"}},
{"type": "Feature", "geometry": {"type": "Polygon", "coordinates": [[[-49.390891, -16.68489], [-49.390891, -16.684685], [-49.390816, -16.684685], [-49.390769, -16.684731], [-49.390769, -16.68489], [-49.390891, -16.68489]]]}, "properties": {"info": {"id": "000101378336", "nm_lot": "2"}, "address": "?, ?"}},
{"type": "Feature", "geometry": {"type": "Polygon", "coordinates": [[[-49.39371, -16.686789], [-49.393774, -16.686581], [-49.393653, -16.686562], [-49.393593, -16.686755], [-49.39371, -16.686789]]]}, "properties": {"info": {"id": "000101278446", "nm_lot": "18"}, "address": "?, ?"}},
{"type": "Feature", "geometry": {"type": "Polygon", "coordinates": [[[-49.391496, -16.68378], [-49.391618, -16.68378], [-49.391618, -16.683572], [-49.391496, -16.683572], [-49.391496, -16.68378]]]}, "properties": {"info": {"id": "000101378659", "nm_lot": "18A"}, "address": "?, ?"}},
{"type": "Feature", "geometry": {"type": "Polygon", "coordinates": [[[-49.390614, -16.684304], [-49.390614, -16.684096], [-49.390542, -16.684096], [-49.390542, -16.684304], [-49.390614, -16.684304]]]}, "properties": {"info": {"id": "000101378381", "nm_lot": "18B"}, "address": "?, ?"}},
{"type": "Feature", "geometry": {"type": "Polygon", "coordinates": [[[-49.384802, -16.684228], [-49.384802, -16.684047], [-49.384708, -16.684046], [-49.384708, -16.684227], [-49.384802, -16.684228]]]}, "properties": {"info": {"id": "000101378398", "nm_lot": "1"}, "address": "?, ?"}},
{"type": "Feature", "geometry": {"type": "Polygon", "coordinates": [[[-49.384284, -16.685297], [-49.384565, -16.685305], [-49.384569, -16.685165], [-49.384335, -16.685158], [-49.384287, -16.685202], [-49.384284, -16.685297]]]}, "properties": {"info": {"id": "000101259968", "nm_lot": "1"}, "address": "?, ?"}},
{"type": "Feature", "geometry": {"type": "Polygon", "coordinates": [[[-49.389194, -16.685643], [-49.389409, -16.685643], [-49.389409, -16.685549], [-49.389194, -16.685549], [-49.389194, -16.685643]]]}, "properties": {"info": {"id": "000101378112", "nm_lot": "11"}, "address": "?, ?"}},
{"type": "Feature", "geometry": {"type": "Polygon", "coordinates": [[[-49.385487, -16.683625], [-49.385702, -16.683626], [-49.385702, -16.683552], [-49.385487, -16.683552], [-49.385487, -16.683625]]]}, "properties": {"info": {"id": "000101378721", "nm_lot": "11A"}, "address": "?, ?"}},
{"type": "Feature", "geometry": {"type": "Polygon", "coordinates": [[[-49.390081, -16.683227], [-49.390081, -16.683164], [-49.389893, -16.683163], [-49.389893, -16.683227], [-49.390081, -16.683227]]]}, "properties": {"info": {"id": "000101378913", "nm_lot": "11A"}, "address": "?, ?"}},
{"type": "Feature", "geometry": {"type": "Polygon", "coordinates": [[[-49.388299, -16.683129], [-49.388374, -16.683129], [-49.388374, -16.682921], [-49.388299, -16.682921], [-49.388299, -16.683129]]]}, "properties": {"info": {"id": "000101378961", "nm_lot": "11A"}, "address": "?, ?"}},
{"type": "Feature", "geometry": {"type": "Polygon", "coordinates": [[[-49.390397, -16.684096], [-49.390397, -16.683888], [-49.390325, -16.683888], [-49.390325, -16.684096], [-49.390397, -16.684096]]]}, "properties": {"info": {"id": "000101378488", "nm_lot": "11B"}, "address": "?, ?"}},
{"type": "Feature", "geometry": {"type": "Polygon", "coordinates": [[[-49.390675, -16.686113], [-49.390675, -16.686019], [-49.390459, -16.686019], [-49.390459, -16.686113], [-49.390675, -16.686113]]]}, "properties": {"info": {"id": "000101378025", "nm_lot": "19"}, "address": "?, ?"}},
{"type": "Feature", "geometry": {"type": "Polygon", "coordinates": [[[-49.384071, -16.683326], [-49.384071, -16.683251], [-49.383855, -16.68325], [-49.383855, -16.683325], [-49.384071, -16.683326]]]}, "properties": {"info": {"id": "000101378843", "nm_lot": "9A"}, "address": "?, ?"}},
{"type": "Feature", "geometry": {"type": "Polygon", "coordinates": [[[-49.390081, -16.682947], [-49.390081, -16.682875], [-49.389894, -16.682875], [-49.389894, -16.682947], [-49.390081, -16.682947]]]}, "properties": {"info": {"id": "000101379059", "nm_lot": "9A"}, "address": "?, ?"}},
{"type": "Feature", "geometry": {"type": "Polygon", "coordinates": [[[-49.386782, -16.683517], [-49.386782, -16.68353], [-49.386998, -16.68353], [-49.386998, -16.683457], [-49.386782, -16.683457], [-49.386782, -16.683517]]]}, "properties": {"info": {"id": "000101378731", "nm_lot": "9B"}, "address": "?, ?"}},
{"type": "Feature", "geometry": {"type": "Polygon", "coordinates": [[[-49.38379, -16.682869], [-49.383864, -16.682869], [-49.383864, -16.682661], [-49.38379, -16.682661], [-49.38379, -16.682869]]]}, "properties": {"info": {"id": "000101379103", "nm_lot": "9B"}, "address": "?, ?"}},
{"type": "Feature", "geometry": {"type": "Polygon", "coordinates": [[[-49.386511, -16.687205], [-49.387033, -16.686701], [-49.389271, -16.686364], [-49.387927, -16.686364], [-49.387846, -16.686409], [-49.387377, -16.686409], [-49.387296, -16.686363], [-49.38613, -16.686363], [-49.386083, -16.686408], [-49.386083, -16.686674], [-49.386448, -16.687265], [-49.386511, -16.687205]]]}, "properties": {"info": {"id": "000101377915", "nm_lot": "APM"}, "address": "?, ?"}},
{"type": "Feature", "geometry": {"type": "Polygon", "coordinates": [[[-49.393238, -16.683735], [-49.39324, -16.683607], [-49.393037, -16.683604], [-49.393035, -16.683731], [-49.393238, -16.683735]]]}, "properties": {"info": {"id": "000101252926", "nm_lot": "1"}, "address": "?, ?"}},
{"type": "Feature", "geometry": {"type": "Polygon", "coordinates": [[[-49.3943, -16.687822], [-49.394289, -16.687808], [-49.394274, -16.687797], [-49.394257, -16.687789], [-49.393819, -16.687663], [-49.393802, -16.687661], [-49.393785, -16.687662], [-49.393768, -16.687666], [-49.393753, -16.687675], [-49.39374, -16.687686], [-49.393731, -16.6877], [-49.393725, -16.687716], [-49.393722, -16.687732], [-49.393716, -16.688473], [-49.394436, -16.688279], [-49.394308, -16.687839], [-49.3943, -16.687822]]]}, "properties": {"info": {"id": "000101301527", "nm_lot": "APM11"}, "address": "?, ?"}},
{"type": "Feature", "geometry": {"type": "Polygon", "coordinates": [[[-49.393653, -16.686562], [-49.393521, -16.686542], [-49.393469, -16.686711], [-49.393593, -16.686755], [-49.393653, -16.686562]]]}, "properties": {"info": {"id": "000101278447", "nm_lot": "17"}, "address": "?, ?"}},
{"type": "Feature", "geometry": {"type": "Polygon", "coordinates": [[[-49.38636, -16.684099], [-49.386454, -16.684099], [-49.386454, -16.684072], [-49.386045, -16.684072], [-49.386064, -16.684111], [-49.386089, -16.684148], [-49.386118, -16.684181], [-49.386151, -16.68421], [-49.386188, -16.684234], [-49.386229, -16.684254], [-49.386271, -16.684268], [-49.386315, -16.684277], [-49.38636, -16.68428], [-49.38636, -16.684099]]]}, "properties": {"info": {"id": "000101378359", "nm_lot": "AREA"}, "address": "?, ?"}},
{"type": "Feature", "geometry": {"type": "Polygon", "coordinates": [[[-49.393805, -16.685189], [-49.393814, -16.684918], [-49.39372, -16.684915], [-49.393711, -16.685186], [-49.393805, -16.685189]]]}, "properties": {"info": {"id": "000101278515", "nm_lot": "13"}, "address": "?, ?"}},
{"type": "Feature", "geometry": {"type": "Polygon", "coordinates": [[[-49.388359, -16.685831], [-49.388359, -16.685737], [-49.388144, -16.685737], [-49.388144, -16.685831], [-49.388359, -16.685831]]]}, "properties": {"info": {"id": "000101378068", "nm_lot": "13"}, "address": "?, ?"}},
{"type": "Feature", "geometry": {"type": "Polygon", "coordinates": [[[-49.390325, -16.684304], [-49.390325, -16.684096], [-49.390253, -16.684096], [-49.390253, -16.684304], [-49.390325, -16.684304]]]}, "properties": {"info": {"id": "000101378373", "nm_lot": "16B"}, "address": "?, ?"}},
{"type": "Feature", "geometry": {"type": "Polygon", "coordinates": [[[-49.39348, -16.685079], [-49.393363, -16.685133], [-49.393431, -16.68527], [-49.393618, -16.685183], [-49.39348, -16.685079]]]}, "properties": {"info": {"id": "000101278511", "nm_lot": "17"}, "address": "?, ?"}},
{"type": "Feature", "geometry": {"type": "Polygon", "coordinates": [[[-49.388957, -16.683313], [-49.388957, -16.683241], [-49.388789, -16.683241], [-49.388742, -16.683286], [-49.388742, -16.683313], [-49.388957, -16.683313]]]}, "properties": {"info": {"id": "000101378867", "nm_lot": "1B"}, "address": "?, ?"}},
{"type": "Feature", "geometry": {"type": "Polygon", "coordinates": [[[-49.38787, -16.683313], [-49.38787, -16.683241], [-49.387701, -16.683241], [-49.387654, -16.683286], [-49.387654, -16.683313], [-49.38787, -16.683313]]]}, "properties": {"info": {"id": "000101378859", "nm_lot": "1B"}, "address": "?, ?"}},
{"type": "Feature", "geometry": {"type": "Polygon", "coordinates": [[[-49.388143, -16.686019], [-49.388359, -16.686019], [-49.388359, -16.685925], [-49.388144, -16.685925], [-49.388143, -16.686019]]]}, "properties": {"info": {"id": "000101378017", "nm_lot": "15"}, "address": "?, ?"}},
{"type": "Feature", "geometry": {"type": "Polygon", "coordinates": [[[-49.387093, -16.686019], [-49.387309, -16.686019], [-49.387309, -16.685925], [-49.387093, -16.685925], [-49.387093, -16.686019]]]}, "properties": {"info": {"id": "000101378015", "nm_lot": "15"}, "address": "?, ?"}},
{"type": "Feature", "geometry": {"type": "Polygon", "coordinates": [[[-49.392123, -16.683009], [-49.392127, -16.682813], [-49.392055, -16.682812], [-49.391995, -16.682811], [-49.391991, -16.683007], [-49.392123, -16.683009]]]}, "properties": {"info": {"id": "000101253080", "nm_lot": "17"}, "address": "?, ?"}},
{"type": "Feature", "geometry": {"type": "Polygon", "coordinates": [[[-49.393533, -16.684792], [-49.393542, -16.684521], [-49.393448, -16.684518], [-49.393439, -16.684789], [-49.393533, -16.684792]]]}, "properties": {"info": {"id": "000101278545", "nm_lot": "15"}, "address": "?, ?"}},
{"type": "Feature", "geometry": {"type": "Polygon", "coordinates": [[[-49.394185, -16.682857], [-49.394188, -16.682675], [-49.394047, -16.682672], [-49.394043, -16.682854], [-49.394185, -16.682857]]]}, "properties": {"info": {"id": "000101252899", "nm_lot": "17"}, "address": "?, ?"}},
{"type": "Feature", "geometry": {"type": "Polygon", "coordinates": [[[-49.388143, -16.686176], [-49.38819, -16.686221], [-49.388359, -16.686221], [-49.388359, -16.686113], [-49.388143, -16.686113], [-49.388143, -16.686176]]]}, "properties": {"info": {"id": "000101377970", "nm_lot": "17"}, "address": "?, ?"}},
{"type": "Feature", "geometry": {"type": "Polygon", "coordinates": [[[-49.393333, -16.688131], [-49.393333, -16.688221], [-49.393614, -16.688223], [-49.393615, -16.688133], [-49.393333, -16.688131]]]}, "properties": {"info": {"id": "000101311328", "nm_lot": "35"}, "address": "?, ?"}},
{"type": "Feature", "geometry": {"type": "Polygon", "coordinates": [[[-49.390984, -16.686111], [-49.390769, -16.686111], [-49.390769, -16.686176], [-49.390816, -16.686222], [-49.390984, -16.686222], [-49.390984, -16.686111]]]}, "properties": {"info": {"id": "000101377989", "nm_lot": "16"}, "address": "?, ?"}},
{"type": "Feature", "geometry": {"type": "Polygon", "coordinates": [[[-49.388629, -16.683384], [-49.388629, -16.683312], [-49.388414, -16.683312], [-49.388414, -16.683384], [-49.388629, -16.683384]]]}, "properties": {"info": {"id": "000101378865", "nm_lot": "15B"}, "address": "?, ?"}},
{"type": "Feature", "geometry": {"type": "Polygon", "coordinates": [[[-49.3915, -16.686565], [-49.391594, -16.686565], [-49.391594, -16.686339], [-49.3915, -16.686339], [-49.3915, -16.686565]]]}, "properties": {"info": {"id": "000101377939", "nm_lot": "16"}, "address": "?, ?"}},
{"type": "Feature", "geometry": {"type": "Polygon", "coordinates": [[[-49.393625, -16.684523], [-49.393552, -16.684521], [-49.393542, -16.684521], [-49.393533, -16.684792], [-49.393627, -16.684794], [-49.393636, -16.684524], [-49.393625, -16.684523]]]}, "properties": {"info": {"id": "000101278544", "nm_lot": "16"}, "address": "?, ?"}},
{"type": "Feature", "geometry": {"type": "Polygon", "coordinates": [[[-49.39337, -16.684904], [-49.393351, -16.684906], [-49.393333, -16.684912], [-49.393317, -16.684923], [-49.393304, -16.684937], [-49.393296, -16.684954], [-49.393292, -16.684972], [-49.393294, -16.68499], [-49.3933, -16.685008], [-49.393363, -16.685133], [-49.39348, -16.685079], [-49.393486, -16.684908], [-49.39337, -16.684904]]]}, "properties": {"info": {"id": "000101278512", "nm_lot": "16"}, "address": "?, ?"}},
{"type": "Feature", "geometry": {"type": "Polygon", "coordinates": [[[-49.390459, -16.686113], [-49.390459, -16.686019], [-49.390244, -16.686019], [-49.390244, -16.686113], [-49.390459, -16.686113]]]}, "properties": {"info": {"id": "000101377988", "nm_lot": "16"}, "address": "?, ?"}},
{"type": "Feature", "geometry": {"type": "Polygon", "coordinates": [[[-49.391594, -16.685996], [-49.391594, -16.68577], [-49.3915, -16.68577], [-49.3915, -16.685996], [-49.391594, -16.685996]]]}, "properties": {"info": {"id": "000101378048", "nm_lot": "13"}, "address": "?, ?"}},
{"type": "Feature", "geometry": {"type": "Polygon", "coordinates": [[[-49.3915, -16.686565], [-49.3915, -16.686339], [-49.391406, -16.686339], [-49.391406, -16.686565], [-49.3915, -16.686565]]]}, "properties": {"info": {"id": "000101377938", "nm_lot": "17"}, "address": "?, ?"}},
{"type": "Feature", "geometry": {"type": "Polygon", "coordinates": [[[-49.390875, -16.683227], [-49.390875, -16.683019], [-49.390803, -16.683019], [-49.390803, -16.683227], [-49.390875, -16.683227]]]}, "properties": {"info": {"id": "000101378924", "nm_lot": "17B"}, "address": "?, ?"}},
{"type": "Feature", "geometry": {"type": "Polygon", "coordinates": [[[-49.393979, -16.6835], [-49.393982, -16.683318], [-49.393841, -16.683315], [-49.393837, -16.683497], [-49.393979, -16.6835]]]}, "properties": {"info": {"id": "000101252868", "nm_lot": "17"}, "address": "?, ?"}},
{"type": "Feature", "geometry": {"type": "Polygon", "coordinates": [[[-49.391271, -16.68378], [-49.391271, -16.683572], [-49.391196, -16.683572], [-49.391196, -16.68378], [-49.391271, -16.68378]]]}, "properties": {"info": {"id": "000101378655", "nm_lot": "16A"}, "address": "?, ?"}},
{"type": "Feature", "geometry": {"type": "Polygon", "coordinates": [[[-49.386043, -16.685209], [-49.386258, -16.685209], [-49.386258, -16.685118], [-49.386044, -16.685118], [-49.386043, -16.685209]]]}, "properties": {"info": {"id": "000101378245", "nm_lot": "4"}, "address": "?, ?"}},
{"type": "Feature", "geometry": {"type": "Polygon", "coordinates": [[[-49.389409, -16.686113], [-49.389194, -16.686113], [-49.389194, -16.686176], [-49.38924, -16.686221], [-49.389409, -16.686221], [-49.389409, -16.686113]]]}, "properties": {"info": {"id": "000101377978", "nm_lot": "17"}, "address": "?, ?"}},
{"type": "Feature", "geometry": {"type": "Polygon", "coordinates": [[[-49.387093, -16.686176], [-49.38714, -16.686221], [-49.387309, -16.686221], [-49.387309, -16.686113], [-49.387093, -16.686112], [-49.387093, -16.686176]]]}, "properties": {"info": {"id": "000101377962", "nm_lot": "17"}, "address": "?, ?"}},
{"type": "Feature", "geometry": {"type": "Polygon", "coordinates": [[[-49.390628, -16.686222], [-49.390675, -16.686176], [-49.390675, -16.686113], [-49.390459, -16.686113], [-49.390459, -16.686222], [-49.390628, -16.686222]]]}, "properties": {"info": {"id": "000101377987", "nm_lot": "18"}, "address": "?, ?"}},
{"type": "Feature", "geometry": {"type": "Polygon", "coordinates": [[[-49.388884, -16.686111], [-49.3891, -16.686111], [-49.3891, -16.686017], [-49.388884, -16.686017], [-49.388884, -16.686111]]]}, "properties": {"info": {"id": "000101377977", "nm_lot": "18"}, "address": "?, ?"}},
{"type": "Feature", "geometry": {"type": "Polygon", "coordinates": [[[-49.387542, -16.683669], [-49.387542, -16.683598], [-49.387326, -16.683598], [-49.387325, -16.683669], [-49.387542, -16.683669]]]}, "properties": {"info": {"id": "000101378699", "nm_lot": "13B"}, "address": "?, ?"}},
{"type": "Feature", "geometry": {"type": "Polygon", "coordinates": [[[-49.388524, -16.683129], [-49.388599, -16.683129], [-49.388599, -16.682921], [-49.388524, -16.682921], [-49.388524, -16.683129]]]}, "properties": {"info": {"id": "000101378964", "nm_lot": "13B"}, "address": "?, ?"}},
{"type": "Feature", "geometry": {"type": "Polygon", "coordinates": [[[-49.390081, -16.683798], [-49.390081, -16.683707], [-49.389893, -16.683707], [-49.389893, -16.683798], [-49.390081, -16.683798]]]}, "properties": {"info": {"id": "000101378635", "nm_lot": "5"}, "address": "?, ?"}},
{"type": "Feature", "geometry": {"type": "Polygon", "coordinates": [[[-49.393055, -16.687947], [-49.393053, -16.68801], [-49.393053, -16.688038], [-49.393334, -16.68804], [-49.393335, -16.68795], [-49.393055, -16.687947]]]}, "properties": {"info": {"id": "000101311327", "nm_lot": "5"}, "address": "?, ?"}},
{"type": "Feature", "geometry": {"type": "Polygon", "coordinates": [[[-49.386568, -16.685453], [-49.386783, -16.685453], [-49.386783, -16.685359], [-49.386569, -16.685359], [-49.386568, -16.685453]]]}, "properties": {"info": {"id": "000101378161", "nm_lot": "8"}, "address": "?, ?"}},
{"type": "Feature", "geometry": {"type": "Polygon", "coordinates": [[[-49.392063, -16.685092], [-49.392063, -16.684844], [-49.391969, -16.684844], [-49.391969, -16.685092], [-49.392063, -16.685092]]]}, "properties": {"info": {"id": "000101378290", "nm_lot": "17"}, "address": "?, ?"}},
{"type": "Feature", "geometry": {"type": "Polygon", "coordinates": [[[-49.391781, -16.68568], [-49.391781, -16.685431], [-49.391688, -16.685431], [-49.391688, -16.68568], [-49.391781, -16.68568]]]}, "properties": {"info": {"id": "000101378129", "nm_lot": "17"}, "address": "?, ?"}},
{"type": "Feature", "geometry": {"type": "Polygon", "coordinates": [[[-49.386784, -16.686017], [-49.386784, -16.685923], [-49.386568, -16.685923], [-49.386568, -16.686017], [-49.386784, -16.686017]]]}, "properties": {"info": {"id": "000101378013", "nm_lot": "14"}, "address": "?, ?"}},
{"type": "Feature", "geometry": {"type": "Polygon", "coordinates": [[[-49.387834, -16.686036], [-49.387834, -16.685945], [-49.387618, -16.685945], [-49.387618, -16.686036], [-49.387834, -16.686036]]]}, "properties": {"info": {"id": "000101378010", "nm_lot": "14"}, "address": "?, ?"}},
{"type": "Feature", "geometry": {"type": "Polygon", "coordinates": [[[-49.394276, -16.683787], [-49.394279, -16.683605], [-49.394137, -16.683603], [-49.394134, -16.683785], [-49.394276, -16.683787]]]}, "properties": {"info": {"id": "000101252893", "nm_lot": "14"}, "address": "?, ?"}},
{"type": "Feature", "geometry": {"type": "Polygon", "coordinates": [[[-49.390769, -16.685454], [-49.390984, -16.685454], [-49.390984, -16.68536], [-49.390769, -16.68536], [-49.390769, -16.685454]]]}, "properties": {"info": {"id": "000101378193", "nm_lot": "8"}, "address": "?, ?"}},
{"type": "Feature", "geometry": {"type": "Polygon", "coordinates": [[[-49.394097, -16.686632], [-49.394193, -16.686647], [-49.394201, -16.686377], [-49.394105, -16.686374], [-49.394097, -16.686632]]]}, "properties": {"info": {"id": "000101278456", "nm_lot": "8"}, "address": "?, ?"}},
{"type": "Feature", "geometry": {"type": "Polygon", "coordinates": [[[-49.392388, -16.683014], [-49.392391, -16.682818], [-49.392259, -16.682816], [-49.392255, -16.683011], [-49.392388, -16.683014]]]}, "properties": {"info": {"id": "000101253100", "nm_lot": "15"}, "address": "?, ?"}},
{"type": "Feature", "geometry": {"type": "Polygon", "coordinates": [[[-49.389194, -16.686019], [-49.389409, -16.686019], [-49.389409, -16.685925], [-49.389194, -16.685925], [-49.389194, -16.686019]]]}, "properties": {"info": {"id": "000101378021", "nm_lot": "15"}, "address": "?, ?"}},
{"type": "Feature", "geometry": {"type": "Polygon", "coordinates": [[[-49.390244, -16.686019], [-49.390459, -16.686019], [-49.390459, -16.685925], [-49.390244, -16.685925], [-49.390244, -16.686019]]]}, "properties": {"info": {"id": "000101378043", "nm_lot": "15"}, "address": "?, ?"}},
{"type": "Feature", "geometry": {"type": "Polygon", "coordinates": [[[-49.39047, -16.684304], [-49.39047, -16.684096], [-49.390397, -16.684096], [-49.390397, -16.684304], [-49.39047, -16.684304]]]}, "properties": {"info": {"id": "000101378377", "nm_lot": "17B"}, "address": "?, ?"}},
{"type": "Feature", "geometry": {"type": "Polygon", "coordinates": [[[-49.389934, -16.686111], [-49.39015, -16.686111], [-49.39015, -16.686017], [-49.389934, -16.686017], [-49.389934, -16.686111]]]}, "properties": {"info": {"id": "000101377985", "nm_lot": "18"}, "address": "?, ?"}},
{"type": "Feature", "geometry": {"type": "Polygon", "coordinates": [[[-49.393158, -16.685618], [-49.393411, -16.6855], [-49.39337, -16.685419], [-49.393117, -16.685537], [-49.393158, -16.685618]]]}, "properties": {"info": {"id": "000101278576", "nm_lot": "8"}, "address": "?, ?"}},
{"type": "Feature", "geometry": {"type": "Polygon", "coordinates": [[[-49.393552, -16.684521], [-49.39349, -16.684276], [-49.393412, -16.684286], [-49.393387, -16.684291], [-49.393444, -16.684518], [-49.393448, -16.684518], [-49.393542, -16.684521], [-49.393552, -16.684521]]]}, "properties": {"info": {"id": "000101278530", "nm_lot": "8"}, "address": "?, ?"}},
{"type": "Feature", "geometry": {"type": "Polygon", "coordinates": [[[-49.392813, -16.686565], [-49.392813, -16.68634], [-49.392719, -16.686339], [-49.392719, -16.686565], [-49.392813, -16.686565]]]}, "properties": {"info": {"id": "000101377952", "nm_lot": "3"}, "address": "?, ?"}},
{"type": "Feature", "geometry": {"type": "Polygon", "coordinates": [[[-49.39278, -16.683217], [-49.392784, -16.683021], [-49.392652, -16.683019], [-49.392648, -16.683214], [-49.392703, -16.683215], [-49.39278, -16.683217]]]}, "properties": {"info": {"id": "000101252855", "nm_lot": "30"}, "address": "?, ?"}},
{"type": "Feature", "geometry": {"type": "Polygon", "coordinates": [[[-49.388359, -16.685079], [-49.388575, -16.685079], [-49.388575, -16.684985], [-49.388359, -16.684985], [-49.388359, -16.685079]]]}, "properties": {"info": {"id": "000101378254", "nm_lot": "30"}, "address": "?, ?"}},
{"type": "Feature", "geometry": {"type": "Polygon", "coordinates": [[[-49.391121, -16.68378], [-49.391121, -16.683572], [-49.391046, -16.683572], [-49.391046, -16.68378], [-49.391121, -16.68378]]]}, "properties": {"info": {"id": "000101378651", "nm_lot": "15A"}, "address": "?, ?"}},
{"type": "Feature", "geometry": {"type": "Polygon", "coordinates": [[[-49.390253, -16.684304], [-49.390253, -16.684096], [-49.390181, -16.684096], [-49.390181, -16.684304], [-49.390253, -16.684304]]]}, "properties": {"info": {"id": "000101378371", "nm_lot": "15A"}, "address": "?, ?"}},
{"type": "Feature", "geometry": {"type": "Polygon", "coordinates": [[[-49.392623, -16.68757], [-49.392566, -16.687572], [-49.392564, -16.687843], [-49.392658, -16.687843], [-49.392658, -16.687794], [-49.39266, -16.687566], [-49.392623, -16.68757]]]}, "properties": {"info": {"id": "000101311352", "nm_lot": "16"}, "address": "?, ?"}},
{"type": "Feature", "geometry": {"type": "Polygon", "coordinates": [[[-49.389893, -16.684105], [-49.390109, -16.684105], [-49.390109, -16.684033], [-49.389893, -16.684033], [-49.389893, -16.684105]]]}, "properties": {"info": {"id": "000101378370", "nm_lot": "14B"}, "address": "?, ?"}},
{"type": "Feature", "geometry": {"type": "Polygon", "coordinates": [[[-49.390769, -16.686017], [-49.390984, -16.686017], [-49.390984, -16.685923], [-49.390769, -16.685923], [-49.390769, -16.686017]]]}, "properties": {"info": {"id": "000101378045", "nm_lot": "14"}, "address": "?, ?"}},
{"type": "Feature", "geometry": {"type": "Polygon", "coordinates": [[[-49.392967, -16.687575], [-49.392963, -16.687557], [-49.392955, -16.68754], [-49.392942, -16.687526], [-49.392926, -16.687515], [-49.392908, -16.687509], [-49.392889, -16.687508], [-49.39287, -16.687511], [-49.392788, -16.687538], [-49.392786, -16.687795], [-49.392935, -16.687796], [-49.392948, -16.687695], [-49.392965, -16.687594], [-49.392967, -16.687575]]]}, "properties": {"info": {"id": "000101301528", "nm_lot": "14"}, "address": "?, ?"}},
{"type": "Feature", "geometry": {"type": "Polygon", "coordinates": [[[-49.387928, -16.684951], [-49.38805, -16.684951], [-49.38805, -16.684811], [-49.388003, -16.684766], [-49.387928, -16.684766], [-49.387928, -16.684951]]]}, "properties": {"info": {"id": "000101378320", "nm_lot": "31"}, "address": "?, ?"}},
{"type": "Feature", "geometry": {"type": "Polygon", "coordinates": [[[-49.388359, -16.684797], [-49.388359, -16.684891], [-49.388575, -16.684891], [-49.388575, -16.684797], [-49.388359, -16.684797]]]}, "properties": {"info": {"id": "000101378306", "nm_lot": "32"}, "address": "?, ?"}},
{"type": "Feature", "geometry": {"type": "Polygon", "coordinates": [[[-49.392906, -16.686791], [-49.392906, -16.686565], [-49.392813, -16.686565], [-49.392812, -16.686791], [-49.392906, -16.686791]]]}, "properties": {"info": {"id": "000101377936", "nm_lot": "35"}, "address": "?, ?"}},
{"type": "Feature", "geometry": {"type": "Polygon", "coordinates": [[[-49.393778, -16.687511], [-49.393858, -16.687252], [-49.393768, -16.687226], [-49.393688, -16.687485], [-49.393688, -16.687486], [-49.393778, -16.687511]]]}, "properties": {"info": {"id": "000101301496", "nm_lot": "8"}, "address": "?, ?"}},
{"type": "Feature", "geometry": {"type": "Polygon", "coordinates": [[[-49.394274, -16.685203], [-49.394283, -16.684932], [-49.394189, -16.684929], [-49.39418, -16.6852], [-49.394274, -16.685203]]]}, "properties": {"info": {"id": "000101278520", "nm_lot": "8"}, "address": "?, ?"}},
{"type": "Feature", "geometry": {"type": "Polygon", "coordinates": [[[-49.393334, -16.68804], [-49.393333, -16.688131], [-49.393615, -16.688133], [-49.393615, -16.688043], [-49.393334, -16.68804]]]}, "properties": {"info": {"id": "000101315411", "nm_lot": "36"}, "address": "?, ?"}},
{"type": "Feature", "geometry": {"type": "Polygon", "coordinates": [[[-49.392986, -16.685899], [-49.393027, -16.68598], [-49.39328, -16.685862], [-49.393239, -16.685781], [-49.392986, -16.685899]]]}, "properties": {"info": {"id": "000101278579", "nm_lot": "37"}, "address": "?, ?"}},
{"type": "Feature", "geometry": {"type": "Polygon", "coordinates": [[[-49.393615, -16.688043], [-49.393616, -16.687952], [-49.393335, -16.68795], [-49.393334, -16.68804], [-49.393615, -16.688043]]]}, "properties": {"info": {"id": "000101305668", "nm_lot": "37"}, "address": "?, ?"}},
{"type": "Feature", "geometry": {"type": "Polygon", "coordinates": [[[-49.392531, -16.686565], [-49.392531, -16.686339], [-49.392438, -16.686339], [-49.392437, -16.686565], [-49.392531, -16.686565]]]}, "properties": {"info": {"id": "000101377949", "nm_lot": "6"}, "address": "?, ?"}},
{"type": "Feature", "geometry": {"type": "Polygon", "coordinates": [[[-49.384143, -16.685305], [-49.384146, -16.68521], [-49.3841, -16.685164], [-49.383866, -16.685157], [-49.383862, -16.685297], [-49.384143, -16.685305]]]}, "properties": {"info": {"id": "000101259952", "nm_lot": "14"}, "address": "?, ?"}},
{"type": "Feature", "geometry": {"type": "Polygon", "coordinates": [[[-49.383879, -16.685025], [-49.383886, -16.684799], [-49.383774, -16.684796], [-49.383767, -16.685021], [-49.383785, -16.685022], [-49.383879, -16.685025]]]}, "properties": {"info": {"id": "000101259995", "nm_lot": "38"}, "address": "?, ?"}},
{"type": "Feature", "geometry": {"type": "Polygon", "coordinates": [[[-49.387619, -16.685223], [-49.387834, -16.685223], [-49.387834, -16.685132], [-49.387619, -16.685132], [-49.387619, -16.685223]]]}, "properties": {"info": {"id": "000101378226", "nm_lot": "5"}, "address": "?, ?"}},
{"type": "Feature", "geometry": {"type": "Polygon", "coordinates": [[[-49.387326, -16.683455], [-49.387542, -16.683455], [-49.387542, -16.683383], [-49.387326, -16.683383], [-49.387326, -16.683455]]]}, "properties": {"info": {"id": "000101378822", "nm_lot": "14A"}, "address": "?, ?"}},
{"type": "Feature", "geometry": {"type": "Polygon", "coordinates": [[[-49.387654, -16.683674], [-49.38787, -16.683674], [-49.38787, -16.683602], [-49.387654, -16.683602], [-49.387654, -16.683674]]]}, "properties": {"info": {"id": "000101378660", "nm_lot": "3A"}, "address": "?, ?"}},
{"type": "Feature", "geometry": {"type": "Polygon", "coordinates": [[[-49.387099, -16.683128], [-49.387174, -16.683128], [-49.387174, -16.682921], [-49.387099, -16.68292], [-49.387099, -16.683128]]]}, "properties": {"info": {"id": "000101378945", "nm_lot": "3A"}, "address": "?, ?"}},
{"type": "Feature", "geometry": {"type": "Polygon", "coordinates": [[[-49.388198, -16.683598], [-49.388414, -16.683598], [-49.388414, -16.683526], [-49.388198, -16.683526], [-49.388198, -16.683598]]]}, "properties": {"info": {"id": "000101378740", "nm_lot": "3B"}, "address": "?, ?"}},
{"type": "Feature", "geometry": {"type": "Polygon", "coordinates": [[[-49.391782, -16.684844], [-49.391875, -16.684844], [-49.391875, -16.684595], [-49.391782, -16.684595], [-49.391782, -16.684844]]]}, "properties": {"info": {"id": "000101378345", "nm_lot": "4"}, "address": "?, ?"}},
{"type": "Feature", "geometry": {"type": "Polygon", "coordinates": [[[-49.387541, -16.68428], [-49.387541, -16.684097], [-49.387468, -16.684097], [-49.387468, -16.68428], [-49.387541, -16.68428]]]}, "properties": {"info": {"id": "000101378382", "nm_lot": "9A"}, "address": "?, ?"}},
{"type": "Feature", "geometry": {"type": "Polygon", "coordinates": [[[-49.388556, -16.68428], [-49.388629, -16.68428], [-49.388629, -16.684097], [-49.388556, -16.684097], [-49.388556, -16.68428]]]}, "properties": {"info": {"id": "000101378428", "nm_lot": "9A"}, "address": "?, ?"}},
{"type": "Feature", "geometry": {"type": "Polygon", "coordinates": [[[-49.38787, -16.68353], [-49.388085, -16.68353], [-49.388085, -16.683458], [-49.38787, -16.683458], [-49.38787, -16.68353]]]}, "properties": {"info": {"id": "000101378734", "nm_lot": "9B"}, "address": "?, ?"}},
{"type": "Feature", "geometry": {"type": "Polygon", "coordinates": [[[-49.394527, -16.685599], [-49.393705, -16.685574], [-49.393686, -16.685576], [-49.393668, -16.685583], [-49.393652, -16.685593], [-49.39364, -16.685607], [-49.393632, -16.685624], [-49.393628, -16.685642], [-49.393629, -16.685661], [-49.393635, -16.685678], [-49.393903, -16.686212], [-49.393914, -16.686228], [-49.39393, -16.686241], [-49.393948, -16.68625], [-49.393968, -16.686253], [-49.394505, -16.686269], [-49.394527, -16.685599]]]}, "properties": {"info": {"id": "000101278492", "nm_lot": "APM 5"}, "address": "?, ?"}},
{"type": "Feature", "geometry": {"type": "Polygon", "coordinates": [[[-49.391945, -16.683868], [-49.392138, -16.684244], [-49.392205, -16.684273], [-49.393187, -16.684033], [-49.393233, -16.683976], [-49.393236, -16.683835], [-49.392669, -16.683825], [-49.392665, -16.684052], [-49.392146, -16.684043], [-49.39215, -16.683815], [-49.391982, -16.683812], [-49.391945, -16.683868]]]}, "properties": {"info": {"id": "000101252862", "nm_lot": "APM2"}, "address": "?, ?"}},
{"type": "Feature", "geometry": {"type": "Polygon", "coordinates": [[[-49.385702, -16.682832], [-49.385702, -16.682652], [-49.385609, -16.682652], [-49.385609, -16.682832], [-49.385702, -16.682832]]]}, "properties": {"info": {"id": "000101379132", "nm_lot": "1"}, "address": "?, ?"}},
{"type": "Feature", "geometry": {"type": "Polygon", "coordinates": [[[-49.385515, -16.683013], [-49.385421, -16.683013], [-49.38514, -16.683013], [-49.385206, -16.683077], [-49.385636, -16.683077], [-49.385702, -16.683013], [-49.385515, -16.683013]]]}, "properties": {"info": {"id": "000101379014", "nm_lot": "AREA"}, "address": "?, ?"}},
{"type": "Feature", "geometry": {"type": "Polygon", "coordinates": [[[-49.388723, -16.68428], [-49.388723, -16.684099], [-49.388629, -16.684099], [-49.388629, -16.68428], [-49.388723, -16.68428]]]}, "properties": {"info": {"id": "000101378430", "nm_lot": "AREA"}, "address": "?, ?"}},
{"type": "Feature", "geometry": {"type": "Polygon", "coordinates": [[[-49.38509, -16.685623], [-49.385207, -16.685558], [-49.385106, -16.685395], [-49.38509, -16.685377], [-49.38507, -16.685365], [-49.385046, -16.68536], [-49.385022, -16.685362], [-49.385, -16.685372], [-49.384983, -16.685387], [-49.384971, -16.685407], [-49.384966, -16.68543], [-49.384961, -16.68562], [-49.38509, -16.685623]]]}, "properties": {"info": {"id": "000101259950", "nm_lot": "1"}, "address": "?, ?"}},
{"type": "Feature", "geometry": {"type": "Polygon", "coordinates": [[[-49.389841, -16.684889], [-49.389934, -16.68489], [-49.389935, -16.684685], [-49.389841, -16.684685], [-49.389841, -16.684889]]]}, "properties": {"info": {"id": "000101378311", "nm_lot": "1"}, "address": "?, ?"}},
{"type": "Feature", "geometry": {"type": "Polygon", "coordinates": [[[-49.385609, -16.682832], [-49.385609, -16.682652], [-49.385515, -16.682652], [-49.385515, -16.682832], [-49.385609, -16.682832]]]}, "properties": {"info": {"id": "000101379131", "nm_lot": "3"}, "address": "?, ?"}},
{"type": "Feature", "geometry": {"type": "Polygon", "coordinates": [[[-49.385159, -16.683398], [-49.385159, -16.683324], [-49.384943, -16.683324], [-49.384943, -16.683398], [-49.385159, -16.683398]]]}, "properties": {"info": {"id": "000101378814", "nm_lot": "9A"}, "address": "?, ?"}},
{"type": "Feature", "geometry": {"type": "Polygon", "coordinates": [[[-49.390244, -16.684985], [-49.39046, -16.684985], [-49.39046, -16.684891], [-49.390244, -16.684891], [-49.390244, -16.684985]]]}, "properties": {"info": {"id": "000101378313", "nm_lot": "4"}, "address": "?, ?"}},
{"type": "Feature", "geometry": {"type": "Polygon", "coordinates": [[[-49.391739, -16.683481], [-49.39184, -16.683483], [-49.391844, -16.683287], [-49.391704, -16.683285], [-49.391667, -16.683341], [-49.391739, -16.683481]]]}, "properties": {"info": {"id": "000101253101", "nm_lot": "9"}, "address": "?, ?"}},
{"type": "Feature", "geometry": {"type": "Polygon", "coordinates": [[[-49.391407, -16.684844], [-49.391407, -16.684595], [-49.391294, -16.684595], [-49.391294, -16.684844], [-49.391407, -16.684844]]]}, "properties": {"info": {"id": "000101378281", "nm_lot": "9"}, "address": "?, ?"}},
{"type": "Feature", "geometry": {"type": "Polygon", "coordinates": [[[-49.384678, -16.683077], [-49.384753, -16.683077], [-49.384753, -16.682869], [-49.384679, -16.682869], [-49.384678, -16.683077]]]}, "properties": {"info": {"id": "000101378999", "nm_lot": "30A"}, "address": "?, ?"}},
{"type": "Feature", "geometry": {"type": "Polygon", "coordinates": [[[-49.388884, -16.684889], [-49.388884, -16.684685], [-49.388791, -16.684685], [-49.388791, -16.684889], [-49.388884, -16.684889]]]}, "properties": {"info": {"id": "000101378307", "nm_lot": "1"}, "address": "?, ?"}},
{"type": "Feature", "geometry": {"type": "Polygon", "coordinates": [[[-49.386238, -16.683349], [-49.386238, -16.68324], [-49.386117, -16.68324], [-49.386023, -16.683331], [-49.386023, -16.683349], [-49.386238, -16.683349]]]}, "properties": {"info": {"id": "000101378877", "nm_lot": "1"}, "address": "?, ?"}},
{"type": "Feature", "geometry": {"type": "Polygon", "coordinates": [[[-49.384528, -16.684253], [-49.384615, -16.684253], [-49.384615, -16.684043], [-49.384528, -16.684043], [-49.384528, -16.684253]]]}, "properties": {"info": {"id": "000101378397", "nm_lot": "9"}, "address": "?, ?"}},
{"type": "Feature", "geometry": {"type": "Polygon", "coordinates": [[[-49.388144, -16.685455], [-49.388359, -16.685455], [-49.388359, -16.685361], [-49.388144, -16.685361], [-49.388144, -16.685455]]]}, "properties": {"info": {"id": "000101378163", "nm_lot": "9"}, "address": "?, ?"}},
{"type": "Feature", "geometry": {"type": "Polygon", "coordinates": [[[-49.387309, -16.684891], [-49.387525, -16.684891], [-49.387525, -16.684797], [-49.387309, -16.684797], [-49.387309, -16.684891]]]}, "properties": {"info": {"id": "000101378304", "nm_lot": "32"}, "address": "?, ?"}},
{"type": "Feature", "geometry": {"type": "Polygon", "coordinates": [[[-49.393515, -16.686239], [-49.393662, -16.686244], [-49.393681, -16.686242], [-49.393699, -16.686235], [-49.393714, -16.686225], [-49.393727, -16.686211], [-49.393735, -16.686194], [-49.393739, -16.686176], [-49.393737, -16.686157], [-49.393731, -16.68614], [-49.393668, -16.686013], [-49.39352, -16.686082], [-49.393515, -16.686239]]]}, "properties": {"info": {"id": "000101278584", "nm_lot": "1"}, "address": "?, ?"}},
{"type": "Feature", "geometry": {"type": "Polygon", "coordinates": [[[-49.38416, -16.682869], [-49.384234, -16.682869], [-49.384234, -16.682661], [-49.38416, -16.682661], [-49.38416, -16.682869]]]}, "properties": {"info": {"id": "000101379108", "nm_lot": "6A"}, "address": "?, ?"}},
{"type": "Feature", "geometry": {"type": "Polygon", "coordinates": [[[-49.385158, -16.68391], [-49.385158, -16.683837], [-49.384943, -16.683837], [-49.384943, -16.68391], [-49.385158, -16.68391]]]}, "properties": {"info": {"id": "000101378555", "nm_lot": "6B"}, "address": "?, ?"}},
{"type": "Feature", "geometry": {"type": "Polygon", "coordinates": [[[-49.390746, -16.683572], [-49.390821, -16.683572], [-49.390821, -16.683364], [-49.390746, -16.683364], [-49.390746, -16.683572]]]}, "properties": {"info": {"id": "000101378772", "nm_lot": "6B"}, "address": "?, ?"}},
{"type": "Feature", "geometry": {"type": "Polygon", "coordinates": [[[-49.391781, -16.685431], [-49.391875, -16.685431], [-49.391875, -16.685183], [-49.391781, -16.685183], [-49.391781, -16.685431]]]}, "properties": {"info": {"id": "000101378203", "nm_lot": "7"}, "address": "?, ?"}},
{"type": "Feature", "geometry": {"type": "Polygon", "coordinates": [[[-49.388575, -16.684797], [-49.388575, -16.684595], [-49.388463, -16.684595], [-49.388463, -16.684797], [-49.388575, -16.684797]]]}, "properties": {"info": {"id": "000101378351", "nm_lot": "33"}, "address": "?, ?"}},
{"type": "Feature", "geometry": {"type": "Polygon", "coordinates": [[[-49.390985, -16.68489], [-49.390985, -16.684685], [-49.390891, -16.684685], [-49.390891, -16.68489], [-49.390985, -16.68489]]]}, "properties": {"info": {"id": "000101378337", "nm_lot": "1"}, "address": "?, ?"}},
{"type": "Feature", "geometry": {"type": "Polygon", "coordinates": [[[-49.39447, -16.684549], [-49.394478, -16.684278], [-49.394432, -16.684276], [-49.394417, -16.684277], [-49.39439, -16.684287], [-49.394378, -16.684296], [-49.394368, -16.684307], [-49.394356, -16.684332], [-49.394354, -16.684346], [-49.394348, -16.684545], [-49.39447, -16.684549]]]}, "properties": {"info": {"id": "000101278251", "nm_lot": "15"}, "address": "?, ?"}},
{"type": "Feature", "geometry": {"type": "Polygon", "coordinates": [[[-49.39404, -16.683036], [-49.394181, -16.683039], [-49.394185, -16.682857], [-49.394043, -16.682854], [-49.39404, -16.683036]]]}, "properties": {"info": {"id": "000101252898", "nm_lot": "14"}, "address": "?, ?"}},
{"type": "Feature", "geometry": {"type": "Polygon", "coordinates": [[[-49.393346, -16.684786], [-49.393439, -16.684789], [-49.393448, -16.684518], [-49.393444, -16.684518], [-49.393354, -16.684515], [-49.393352, -16.684584], [-49.393346, -16.684786]]]}, "properties": {"info": {"id": "000101278546", "nm_lot": "14"}, "address": "?, ?"}},
{"type": "Feature", "geometry": {"type": "Polygon", "coordinates": [[[-49.390244, -16.685925], [-49.390459, -16.685925], [-49.390459, -16.685831], [-49.390244, -16.685831], [-49.390244, -16.685925]]]}, "properties": {"info": {"id": "000101378076", "nm_lot": "14"}, "address": "?, ?"}},
{"type": "Feature", "geometry": {"type": "Polygon", "coordinates": [[[-49.389194, -16.685267], [-49.389408, -16.685267], [-49.389408, -16.685173], [-49.389194, -16.685173], [-49.389194, -16.685267]]]}, "properties": {"info": {"id": "000101378217", "nm_lot": "7"}, "address": "?, ?"}},
{"type": "Feature", "geometry": {"type": "Polygon", "coordinates": [[[-49.394317, -16.687666], [-49.394397, -16.687406], [-49.394308, -16.687381], [-49.394227, -16.68764], [-49.394317, -16.687666]]]}, "properties": {"info": {"id": "000101305661", "nm_lot": "14"}, "address": "?, ?"}},
{"type": "Feature", "geometry": {"type": "Polygon", "coordinates": [[[-49.384604, -16.682869], [-49.384679, -16.682869], [-49.384679, -16.682661], [-49.384605, -16.682661], [-49.384604, -16.682869]]]}, "properties": {"info": {"id": "000101379114", "nm_lot": "3A"}, "address": "?, ?"}},
{"type": "Feature", "geometry": {"type": "Polygon", "coordinates": [[[-49.391196, -16.683572], [-49.391271, -16.683572], [-49.391271, -16.683364], [-49.391196, -16.683364], [-49.391196, -16.683572]]]}, "properties": {"info": {"id": "000101378778", "nm_lot": "3B"}, "address": "?, ?"}},
{"type": "Feature", "geometry": {"type": "Polygon", "coordinates": [[[-49.388742, -16.683602], [-49.388957, -16.683602], [-49.388957, -16.68353], [-49.388742, -16.68353], [-49.388742, -16.683602]]]}, "properties": {"info": {"id": "000101378704", "nm_lot": "3B"}, "address": "?, ?"}},
{"type": "Feature", "geometry": {"type": "Polygon", "coordinates": [[[-49.386566, -16.683602], [-49.386782, -16.683602], [-49.386782, -16.68353], [-49.386567, -16.68353], [-49.386566, -16.683602]]]}, "properties": {"info": {"id": "000101378694", "nm_lot": "3B"}, "address": "?, ?"}},
{"type": "Feature", "geometry": {"type": "Polygon", "coordinates": [[[-49.392063, -16.685431], [-49.392156, -16.685431], [-49.392156, -16.685183], [-49.392063, -16.685183], [-49.392063, -16.685431]]]}, "properties": {"info": {"id": "000101378206", "nm_lot": "4"}, "address": "?, ?"}},
{"type": "Feature", "geometry": {"type": "Polygon", "coordinates": [[[-49.393992, -16.683782], [-49.393996, -16.6836], [-49.393854, -16.683597], [-49.393851, -16.683779], [-49.393992, -16.683782]]]}, "properties": {"info": {"id": "000101252870", "nm_lot": "16"}, "address": "?, ?"}},
{"type": "Feature", "geometry": {"type": "Polygon", "coordinates": [[[-49.387094, -16.685079], [-49.387309, -16.685079], [-49.387309, -16.684985], [-49.387094, -16.684985], [-49.387094, -16.685079]]]}, "properties": {"info": {"id": "000101378251", "nm_lot": "5"}, "address": "?, ?"}},
{"type": "Feature", "geometry": {"type": "Polygon", "coordinates": [[[-49.386454, -16.684072], [-49.386454, -16.683999], [-49.386238, -16.683999], [-49.386238, -16.684072], [-49.386454, -16.684072]]]}, "properties": {"info": {"id": "000101378481", "nm_lot": "7B"}, "address": "?, ?"}},
{"type": "Feature", "geometry": {"type": "Polygon", "coordinates": [[[-49.390975, -16.684096], [-49.390975, -16.683888], [-49.390903, -16.683888], [-49.390903, -16.684096], [-49.390975, -16.684096]]]}, "properties": {"info": {"id": "000101378496", "nm_lot": "7B"}, "address": "?, ?"}},
{"type": "Feature", "geometry": {"type": "Polygon", "coordinates": [[[-49.391406, -16.685996], [-49.391406, -16.68577], [-49.391341, -16.68577], [-49.391294, -16.685815], [-49.391294, -16.685996], [-49.391406, -16.685996]]]}, "properties": {"info": {"id": "000101377994", "nm_lot": "15"}, "address": "?, ?"}},
{"type": "Feature", "geometry": {"type": "Polygon", "coordinates": [[[-49.390896, -16.68378], [-49.390971, -16.68378], [-49.390971, -16.683572], [-49.390896, -16.683572], [-49.390896, -16.68378]]]}, "properties": {"info": {"id": "000101378649", "nm_lot": "14A"}, "address": "?, ?"}},
{"type": "Feature", "geometry": {"type": "Polygon", "coordinates": [[[-49.388674, -16.683129], [-49.388749, -16.683129], [-49.388749, -16.682921], [-49.388674, -16.682921], [-49.388674, -16.683129]]]}, "properties": {"info": {"id": "000101378966", "nm_lot": "14B"}, "address": "?, ?"}},
{"type": "Feature", "geometry": {"type": "Polygon", "coordinates": [[[-49.389409, -16.686019], [-49.389625, -16.686019], [-49.389625, -16.685925], [-49.389409, -16.685925], [-49.389409, -16.686019]]]}, "properties": {"info": {"id": "000101378022", "nm_lot": "20"}, "address": "?, ?"}},
{"type": "Feature", "geometry": {"type": "Polygon", "coordinates": [[[-49.388224, -16.682921], [-49.388299, -16.682921], [-49.388299, -16.682713], [-49.388224, -16.682713], [-49.388224, -16.682921]]]}, "properties": {"info": {"id": "000101379078", "nm_lot": "20A"}, "address": "?, ?"}},
{"type": "Feature", "geometry": {"type": "Polygon", "coordinates": [[[-49.393564, -16.683956], [-49.393567, -16.683774], [-49.393568, -16.683727], [-49.39338, -16.683724], [-49.393379, -16.683724], [-49.393376, -16.683908], [-49.393422, -16.683954], [-49.393564, -16.683956]]]}, "properties": {"info": {"id": "000101252910", "nm_lot": "21"}, "address": "?, ?"}},
{"type": "Feature", "geometry": {"type": "Polygon", "coordinates": [[[-49.387834, -16.685855], [-49.38805, -16.685855], [-49.38805, -16.685765], [-49.387834, -16.685765], [-49.387834, -16.685855]]]}, "properties": {"info": {"id": "000101378062", "nm_lot": "21"}, "address": "?, ?"}},
{"type": "Feature", "geometry": {"type": "Polygon", "coordinates": [[[-49.39389, -16.685462], [-49.393899, -16.685191], [-49.393805, -16.685189], [-49.393796, -16.68546], [-49.39389, -16.685462]]]}, "properties": {"info": {"id": "000101278507", "nm_lot": "21"}, "address": "?, ?"}},
{"type": "Feature", "geometry": {"type": "Polygon", "coordinates": [[[-49.388359, -16.685925], [-49.388575, -16.685925], [-49.388575, -16.685831], [-49.388359, -16.685831], [-49.388359, -16.685925]]]}, "properties": {"info": {"id": "000101378036", "nm_lot": "21"}, "address": "?, ?"}},
{"type": "Feature", "geometry": {"type": "Polygon", "coordinates": [[[-49.394104, -16.684538], [-49.394095, -16.684809], [-49.394142, -16.68481], [-49.394157, -16.684809], [-49.394171, -16.684805], [-49.394184, -16.684799], [-49.394196, -16.68479], [-49.394206, -16.68478], [-49.394218, -16.684754], [-49.39422, -16.68474], [-49.394226, -16.684541], [-49.394104, -16.684538]]]}, "properties": {"info": {"id": "000101278538", "nm_lot": "22"}, "address": "?, ?"}},
{"type": "Feature", "geometry": {"type": "Polygon", "coordinates": [[[-49.387309, -16.685831], [-49.387525, -16.685831], [-49.387525, -16.685737], [-49.387309, -16.685737], [-49.387309, -16.685831]]]}, "properties": {"info": {"id": "000101378067", "nm_lot": "22"}, "address": "?, ?"}},
{"type": "Feature", "geometry": {"type": "Polygon", "coordinates": [[[-49.387999, -16.682921], [-49.388074, -16.682921], [-49.388074, -16.682713], [-49.387999, -16.682713], [-49.387999, -16.682921]]]}, "properties": {"info": {"id": "000101379075", "nm_lot": "22B"}, "address": "?, ?"}},
{"type": "Feature", "geometry": {"type": "Polygon", "coordinates": [[[-49.393297, -16.686577], [-49.393377, -16.686519], [-49.393382, -16.686353], [-49.393297, -16.68635], [-49.393279, -16.686352], [-49.393262, -16.686357], [-49.393247, -16.686366], [-49.393234, -16.686379], [-49.393226, -16.686394], [-49.39322, -16.68641], [-49.393219, -16.686427], [-49.393223, -16.686444], [-49.393269, -16.686543], [-49.393297, -16.686577]]]}, "properties": {"info": {"id": "000101278449", "nm_lot": "15"}, "address": "?, ?"}},
{"type": "Feature", "geometry": {"type": "Polygon", "coordinates": [[[-49.390586, -16.683227], [-49.390586, -16.68302], [-49.390514, -16.68302], [-49.390514, -16.683227], [-49.390586, -16.683227]]]}, "properties": {"info": {"id": "000101378920", "nm_lot": "15B"}, "address": "?, ?"}},
{"type": "Feature", "geometry": {"type": "Polygon", "coordinates": [[[-49.38787, -16.683458], [-49.388085, -16.683458], [-49.388085, -16.683385], [-49.38787, -16.683385], [-49.38787, -16.683458]]]}, "properties": {"info": {"id": "000101378787", "nm_lot": "9A"}, "address": "?, ?"}},
{"type": "Feature", "geometry": {"type": "Polygon", "coordinates": [[[-49.387999, -16.683129], [-49.388074, -16.683129], [-49.388074, -16.682921], [-49.387999, -16.682921], [-49.387999, -16.683129]]]}, "properties": {"info": {"id": "000101378957", "nm_lot": "9A"}, "address": "?, ?"}},
{"type": "Feature", "geometry": {"type": "Polygon", "coordinates": [[[-49.388957, -16.68353], [-49.389173, -16.68353], [-49.389173, -16.683458], [-49.388957, -16.683458], [-49.388957, -16.68353]]]}, "properties": {"info": {"id": "000101378742", "nm_lot": "9B"}, "address": "?, ?"}},
{"type": "Feature", "geometry": {"type": "Polygon", "coordinates": [[[-49.385159, -16.683471], [-49.385159, -16.683398], [-49.384943, -16.683398], [-49.384943, -16.683471], [-49.385159, -16.683471]]]}, "properties": {"info": {"id": "000101378761", "nm_lot": "9B"}, "address": "?, ?"}},
{"type": "Feature", "geometry": {"type": "Polygon", "coordinates": [[[-49.387924, -16.683129], [-49.387999, -16.683129], [-49.387999, -16.682921], [-49.387924, -16.682921], [-49.387924, -16.683129]]]}, "properties": {"info": {"id": "000101378956", "nm_lot": "9B"}, "address": "?, ?"}},
{"type": "Feature", "geometry": {"type": "Polygon", "coordinates": [[[-49.393939, -16.686992], [-49.393858, -16.687252], [-49.393948, -16.687277], [-49.394028, -16.687018], [-49.393939, -16.686992]]]}, "properties": {"info": {"id": "000101305660", "nm_lot": "44"}, "address": "?, ?"}},
{"type": "Feature", "geometry": {"type": "Polygon", "coordinates": [[[-49.3915, -16.684844], [-49.3915, -16.684595], [-49.391407, -16.684595], [-49.391407, -16.684844], [-49.3915, -16.684844]]]}, "properties": {"info": {"id": "000101378341", "nm_lot": "8"}, "address": "?, ?"}},
{"type": "Feature", "geometry": {"type": "Polygon", "coordinates": [[[-49.388957, -16.683602], [-49.389173, -16.683602], [-49.389173, -16.68353], [-49.388957, -16.68353], [-49.388957, -16.683602]]]}, "properties": {"info": {"id": "000101378705", "nm_lot": "8A"}, "address": "?, ?"}},
{"type": "Feature", "geometry": {"type": "Polygon", "coordinates": [[[-49.386782, -16.683602], [-49.386998, -16.683602], [-49.386998, -16.68353], [-49.386782, -16.68353], [-49.386782, -16.683602]]]}, "properties": {"info": {"id": "000101378695", "nm_lot": "8A"}, "address": "?, ?"}},
{"type": "Feature", "geometry": {"type": "Polygon", "coordinates": [[[-49.391875, -16.68568], [-49.391875, -16.685431], [-49.391781, -16.685431], [-49.391781, -16.68568], [-49.391875, -16.68568]]]}, "properties": {"info": {"id": "000101378130", "nm_lot": "18"}, "address": "?, ?"}},
{"type": "Feature", "geometry": {"type": "Polygon", "coordinates": [[[-49.392369, -16.683492], [-49.392373, -16.683297], [-49.392241, -16.683294], [-49.392237, -16.68349], [-49.392369, -16.683492]]]}, "properties": {"info": {"id": "000101253084", "nm_lot": "5"}, "address": "?, ?"}},
{"type": "Feature", "geometry": {"type": "Polygon", "coordinates": [[[-49.389194, -16.685079], [-49.389409, -16.685079], [-49.389409, -16.684985], [-49.389194, -16.684985], [-49.389194, -16.685079]]]}, "properties": {"info": {"id": "000101378257", "nm_lot": "5"}, "address": "?, ?"}},
{"type": "Feature", "geometry": {"type": "Polygon", "coordinates": [[[-49.389501, -16.68372], [-49.389501, -16.683648], [-49.389285, -16.683648], [-49.389285, -16.68372], [-49.389501, -16.68372]]]}, "properties": {"info": {"id": "000101378690", "nm_lot": "4B"}, "address": "?, ?"}},
{"type": "Feature", "geometry": {"type": "Polygon", "coordinates": [[[-49.391046, -16.683572], [-49.391121, -16.683572], [-49.391121, -16.683364], [-49.391046, -16.683364], [-49.391046, -16.683572]]]}, "properties": {"info": {"id": "000101378776", "nm_lot": "4B"}, "address": "?, ?"}},
{"type": "Feature", "geometry": {"type": "Polygon", "coordinates": [[[-49.386023, -16.68371], [-49.386238, -16.68371], [-49.386238, -16.683638], [-49.386023, -16.683638], [-49.386023, -16.68371]]]}, "properties": {"info": {"id": "000101378681", "nm_lot": "4B"}, "address": "?, ?"}},
{"type": "Feature", "geometry": {"type": "Polygon", "coordinates": [[[-49.383073, -16.688206], [-49.384282, -16.688988], [-49.385718, -16.686617], [-49.385709, -16.686558], [-49.385705, -16.68613], [-49.385543, -16.685868], [-49.384626, -16.685975], [-49.383073, -16.688206]]]}, "properties": {"info": {"id": "000101416544", "nm_lot": "AREA"}, "address": "?, ?"}},
{"type": "Feature", "geometry": {"type": "Polygon", "coordinates": [[[-49.388957, -16.683676], [-49.389173, -16.683676], [-49.389173, -16.683602], [-49.388957, -16.683602], [-49.388957, -16.683676]]]}, "properties": {"info": {"id": "000101378670", "nm_lot": "8B"}, "address": "?, ?"}},
{"type": "Feature", "geometry": {"type": "Polygon", "coordinates": [[[-49.38787, -16.683674], [-49.388085, -16.683674], [-49.388085, -16.683602], [-49.38787, -16.683602], [-49.38787, -16.683674]]]}, "properties": {"info": {"id": "000101378661", "nm_lot": "8B"}, "address": "?, ?"}},
{"type": "Feature", "geometry": {"type": "Polygon", "coordinates": [[[-49.391875, -16.685996], [-49.391969, -16.685996], [-49.391969, -16.68577], [-49.391875, -16.68577], [-49.391875, -16.685996]]]}, "properties": {"info": {"id": "000101378052", "nm_lot": "9"}, "address": "?, ?"}},
{"type": "Feature", "geometry": {"type": "Polygon", "coordinates": [[[-49.386782, -16.683457], [-49.386998, -16.683457], [-49.386998, -16.683385], [-49.386782, -16.683385], [-49.386782, -16.683457]]]}, "properties": {"info": {"id": "000101378783", "nm_lot": "9A"}, "address": "?, ?"}},
{"type": "Feature", "geometry": {"type": "Polygon", "coordinates": [[[-49.383716, -16.682869], [-49.38379, -16.682869], [-49.38379, -16.682661], [-49.383716, -16.682661], [-49.383716, -16.682869]]]}, "properties": {"info": {"id": "000101379102", "nm_lot": "9A"}, "address": "?, ?"}},
{"type": "Feature", "geometry": {"type": "Polygon", "coordinates": [[[-49.390686, -16.684096], [-49.390686, -16.683888], [-49.390614, -16.683888], [-49.390614, -16.684096], [-49.390686, -16.684096]]]}, "properties": {"info": {"id": "000101378492", "nm_lot": "9B"}, "address": "?, ?"}},
{"type": "Feature", "geometry": {"type": "Polygon", "coordinates": [[[-49.385699, -16.683992], [-49.385702, -16.683954], [-49.385702, -16.683918], [-49.385487, -16.683918], [-49.385487, -16.683991], [-49.385699, -16.683992]]]}, "properties": {"info": {"id": "000101378523", "nm_lot": "9B"}, "address": "?, ?"}},
{"type": "Feature", "geometry": {"type": "Polygon", "coordinates": [[[-49.390296, -16.683572], [-49.390371, -16.683572], [-49.390371, -16.683364], [-49.390296, -16.683364], [-49.390296, -16.683572]]]}, "properties": {"info": {"id": "000101378766", "nm_lot": "9B"}, "address": "?, ?"}},
{"type": "Feature", "geometry": {"type": "Polygon", "coordinates": [[[-49.390081, -16.682875], [-49.390081, -16.682811], [-49.389894, -16.682811], [-49.389894, -16.682875], [-49.390081, -16.682875]]]}, "properties": {"info": {"id": "000101379126", "nm_lot": "9B"}, "address": "?, ?"}},
{"type": "Feature", "geometry": {"type": "Polygon", "coordinates": [[[-49.389934, -16.684983], [-49.39015, -16.684984], [-49.39015, -16.68489], [-49.389934, -16.68489], [-49.389934, -16.684983]]]}, "properties": {"info": {"id": "000101378287", "nm_lot": "30"}, "address": "?, ?"}},
{"type": "Feature", "geometry": {"type": "Polygon", "coordinates": [[[-49.392782, -16.685492], [-49.393035, -16.685374], [-49.392995, -16.685293], [-49.392741, -16.685411], [-49.392782, -16.685492]]]}, "properties": {"info": {"id": "000101278567", "nm_lot": "31"}, "address": "?, ?"}},
{"type": "Feature", "geometry": {"type": "Polygon", "coordinates": [[[-49.38787, -16.683891], [-49.388085, -16.683891], [-49.388085, -16.683819], [-49.38787, -16.683819], [-49.38787, -16.683891]]]}, "properties": {"info": {"id": "000101378535", "nm_lot": "6A"}, "address": "?, ?"}},
{"type": "Feature", "geometry": {"type": "Polygon", "coordinates": [[[-49.390769, -16.68536], [-49.390984, -16.68536], [-49.390985, -16.685266], [-49.390769, -16.685266], [-49.390769, -16.68536]]]}, "properties": {"info": {"id": "000101378223", "nm_lot": "7"}, "address": "?, ?"}},
{"type": "Feature", "geometry": {"type": "Polygon", "coordinates": [[[-49.389934, -16.685171], [-49.389934, -16.685077], [-49.389719, -16.685077], [-49.389719, -16.685171], [-49.389934, -16.685171]]]}, "properties": {"info": {"id": "000101378239", "nm_lot": "5"}, "address": "?, ?"}},
{"type": "Feature", "geometry": {"type": "Polygon", "coordinates": [[[-49.392531, -16.685996], [-49.392531, -16.68577], [-49.392438, -16.68577], [-49.392438, -16.685996], [-49.392531, -16.685996]]]}, "properties": {"info": {"id": "000101378058", "nm_lot": "3"}, "address": "?, ?"}},
{"type": "Feature", "geometry": {"type": "Polygon", "coordinates": [[[-49.393199, -16.6857], [-49.393452, -16.685582], [-49.393411, -16.6855], [-49.393158, -16.685618], [-49.393199, -16.6857]]]}, "properties": {"info": {"id": "000101278577", "nm_lot": "7"}, "address": "?, ?"}},
{"type": "Feature", "geometry": {"type": "Polygon", "coordinates": [[[-49.394367, -16.685206], [-49.394376, -16.684935], [-49.394283, -16.684932], [-49.394274, -16.685203], [-49.394367, -16.685206]]]}, "properties": {"info": {"id": "000101278521", "nm_lot": "7"}, "address": "?, ?"}},
{"type": "Feature", "geometry": {"type": "Polygon", "coordinates": [[[-49.388957, -16.683892], [-49.388742, -16.683891], [-49.388742, -16.683964], [-49.388957, -16.683964], [-49.388957, -16.683892]]]}, "properties": {"info": {"id": "000101378540", "nm_lot": "5A"}, "address": "?, ?"}},
{"type": "Feature", "geometry": {"type": "Polygon", "coordinates": [[[-49.392187, -16.688111], [-49.39228, -16.688112], [-49.392283, -16.68784], [-49.392189, -16.68784], [-49.392187, -16.688111]]]}, "properties": {"info": {"id": "000101311357", "nm_lot": "6"}, "address": "?, ?"}},
{"type": "Feature", "geometry": {"type": "Polygon", "coordinates": [[[-49.386312, -16.682993], [-49.386312, -16.682812], [-49.386218, -16.682812], [-49.386218, -16.682993], [-49.386312, -16.682993]]]}, "properties": {"info": {"id": "000101379031", "nm_lot": "6"}, "address": "?, ?"}},
{"type": "Feature", "geometry": {"type": "Polygon", "coordinates": [[[-49.389934, -16.68489], [-49.390028, -16.68489], [-49.390028, -16.684685], [-49.389935, -16.684685], [-49.389934, -16.68489]]]}, "properties": {"info": {"id": "000101378312", "nm_lot": "32"}, "address": "?, ?"}},
{"type": "Feature", "geometry": {"type": "Polygon", "coordinates": [[[-49.387309, -16.685079], [-49.387525, -16.685079], [-49.387525, -16.684985], [-49.387309, -16.684985], [-49.387309, -16.685079]]]}, "properties": {"info": {"id": "000101378252", "nm_lot": "30"}, "address": "?, ?"}},
{"type": "Feature", "geometry": {"type": "Polygon", "coordinates": [[[-49.389933, -16.685359], [-49.389933, -16.685265], [-49.389719, -16.685265], [-49.389719, -16.685359], [-49.389933, -16.685359]]]}, "properties": {"info": {"id": "000101378189", "nm_lot": "7"}, "address": "?, ?"}},
{"type": "Feature", "geometry": {"type": "Polygon", "coordinates": [[[-49.392531, -16.686791], [-49.392531, -16.686565], [-49.392437, -16.686565], [-49.392437, -16.686791], [-49.392531, -16.686791]]]}, "properties": {"info": {"id": "000101377932", "nm_lot": "31"}, "address": "?, ?"}},
{"type": "Feature", "geometry": {"type": "Polygon", "coordinates": [[[-49.384753, -16.683077], [-49.384827, -16.683077], [-49.384827, -16.682869], [-49.384753, -16.682869], [-49.384753, -16.683077]]]}, "properties": {"info": {"id": "000101379000", "nm_lot": "31B"}, "address": "?, ?"}},
{"type": "Feature", "geometry": {"type": "Polygon", "coordinates": [[[-49.386259, -16.684847], [-49.386353, -16.684847], [-49.386353, -16.684595], [-49.386317, -16.684597], [-49.386273, -16.684607], [-49.386259, -16.684612], [-49.386259, -16.684847]]]}, "properties": {"info": {"id": "000101378319", "nm_lot": "32"}, "address": "?, ?"}},
{"type": "Feature", "geometry": {"type": "Polygon", "coordinates": [[[-49.392625, -16.686791], [-49.392625, -16.686565], [-49.392531, -16.686565], [-49.392531, -16.686791], [-49.392625, -16.686791]]]}, "properties": {"info": {"id": "000101377933", "nm_lot": "32"}, "address": "?, ?"}},
{"type": "Feature", "geometry": {"type": "Polygon", "coordinates": [[[-49.388957, -16.683688], [-49.388957, -16.683747], [-49.389173, -16.683747], [-49.389173, -16.683676], [-49.388957, -16.683676], [-49.388957, -16.683688]]]}, "properties": {"info": {"id": "000101378617", "nm_lot": "7A"}, "address": "?, ?"}},
{"type": "Feature", "geometry": {"type": "Polygon", "coordinates": [[[-49.387699, -16.683128], [-49.387774, -16.683128], [-49.387774, -16.682921], [-49.387699, -16.682921], [-49.387699, -16.683128]]]}, "properties": {"info": {"id": "000101378953", "nm_lot": "7A"}, "address": "?, ?"}},
{"type": "Feature", "geometry": {"type": "Polygon", "coordinates": [[[-49.38711, -16.684099], [-49.38711, -16.68428], [-49.387183, -16.68428], [-49.387183, -16.684097], [-49.38711, -16.684097], [-49.38711, -16.684099]]]}, "properties": {"info": {"id": "000101378372", "nm_lot": "7B"}, "address": "?, ?"}},
{"type": "Feature", "geometry": {"type": "Polygon", "coordinates": [[[-49.386784, -16.684889], [-49.386878, -16.684889], [-49.386878, -16.684685], [-49.386784, -16.684685], [-49.386784, -16.684889]]]}, "properties": {"info": {"id": "000101378302", "nm_lot": "32"}, "address": "?, ?"}},
{"type": "Feature", "geometry": {"type": "Polygon", "coordinates": [[[-49.393618, -16.687765], [-49.393619, -16.687654], [-49.393615, -16.687631], [-49.393604, -16.687611], [-49.393587, -16.687595], [-49.393565, -16.687584], [-49.393469, -16.687557], [-49.393405, -16.687763], [-49.393618, -16.687765]]]}, "properties": {"info": {"id": "000101301497", "nm_lot": "40"}, "address": "?, ?"}},
{"type": "Feature", "geometry": {"type": "Polygon", "coordinates": [[[-49.392906, -16.686791], [-49.393097, -16.686791], [-49.393162, -16.686705], [-49.393116, -16.686565], [-49.392906, -16.686565], [-49.392906, -16.686791]]]}, "properties": {"info": {"id": "000101377937", "nm_lot": "36"}, "address": "?, ?"}},
{"type": "Feature", "geometry": {"type": "Polygon", "coordinates": [[[-49.387654, -16.683602], [-49.38787, -16.683602], [-49.38787, -16.68353], [-49.387654, -16.68353], [-49.387654, -16.683602]]]}, "properties": {"info": {"id": "000101378697", "nm_lot": "3B"}, "address": "?, ?"}},
{"type": "Feature", "geometry": {"type": "Polygon", "coordinates": [[[-49.392438, -16.685996], [-49.392438, -16.68577], [-49.392344, -16.68577], [-49.392344, -16.685996], [-49.392438, -16.685996]]]}, "properties": {"info": {"id": "000101378057", "nm_lot": "4"}, "address": "?, ?"}},
{"type": "Feature", "geometry": {"type": "Polygon", "coordinates": [[[-49.390769, -16.685078], [-49.390985, -16.685078], [-49.390985, -16.684984], [-49.390769, -16.684984], [-49.390769, -16.685078]]]}, "properties": {"info": {"id": "000101378295", "nm_lot": "4"}, "address": "?, ?"}},
{"type": "Feature", "geometry": {"type": "Polygon", "coordinates": [[[-49.393616, -16.687952], [-49.393617, -16.68786], [-49.393336, -16.687857], [-49.393335, -16.68795], [-49.393616, -16.687952]]]}, "properties": {"info": {"id": "000101301501", "nm_lot": "38"}, "address": "?, ?"}},
{"type": "Feature", "geometry": {"type": "Polygon", "coordinates": [[[-49.386475, -16.685932], [-49.386475, -16.685841], [-49.386259, -16.685841], [-49.386259, -16.685932], [-49.386475, -16.685932]]]}, "properties": {"info": {"id": "000101378063", "nm_lot": "19"}, "address": "?, ?"}},
{"type": "Feature", "geometry": {"type": "Polygon", "coordinates": [[[-49.392709, -16.684723], [-49.392963, -16.684605], [-49.392922, -16.684524], [-49.392694, -16.68463], [-49.392669, -16.684642], [-49.392709, -16.684723]]]}, "properties": {"info": {"id": "000101278552", "nm_lot": "19"}, "address": "?, ?"}},
{"type": "Feature", "geometry": {"type": "Polygon", "coordinates": [[[-49.39148, -16.684096], [-49.39148, -16.683888], [-49.391408, -16.683888], [-49.391408, -16.684096], [-49.39148, -16.684096]]]}, "properties": {"info": {"id": "000101378505", "nm_lot": "3A"}, "address": "?, ?"}},
{"type": "Feature", "geometry": {"type": "Polygon", "coordinates": [[[-49.38364, -16.68355], [-49.383855, -16.68355], [-49.383855, -16.683475], [-49.38364, -16.683475], [-49.38364, -16.68355]]]}, "properties": {"info": {"id": "000101378714", "nm_lot": "3A"}, "address": "?, ?"}},
{"type": "Feature", "geometry": {"type": "Polygon", "coordinates": [[[-49.385271, -16.683625], [-49.385487, -16.683625], [-49.385487, -16.683552], [-49.385271, -16.683552], [-49.385271, -16.683625]]]}, "properties": {"info": {"id": "000101378720", "nm_lot": "3A"}, "address": "?, ?"}},
{"type": "Feature", "geometry": {"type": "Polygon", "coordinates": [[[-49.393068, -16.686062], [-49.393108, -16.686143], [-49.393362, -16.686025], [-49.393321, -16.685944], [-49.393068, -16.686062]]]}, "properties": {"info": {"id": "000101278587", "nm_lot": "39"}, "address": "?, ?"}},
{"type": "Feature", "geometry": {"type": "Polygon", "coordinates": [[[-49.384943, -16.683617], [-49.384943, -16.683544], [-49.384727, -16.683544], [-49.384727, -16.683617], [-49.384943, -16.683617]]]}, "properties": {"info": {"id": "000101378685", "nm_lot": "3A"}, "address": "?, ?"}},
{"type": "Feature", "geometry": {"type": "Polygon", "coordinates": [[[-49.389501, -16.683648], [-49.389501, -16.683575], [-49.389285, -16.683575], [-49.389285, -16.683648], [-49.389501, -16.683648]]]}, "properties": {"info": {"id": "000101378727", "nm_lot": "3A"}, "address": "?, ?"}},
{"type": "Feature", "geometry": {"type": "Polygon", "coordinates": [[[-49.390875, -16.683019], [-49.390875, -16.682812], [-49.390803, -16.682812], [-49.390803, -16.683019], [-49.390875, -16.683019]]]}, "properties": {"info": {"id": "000101379046", "nm_lot": "3A"}, "address": "?, ?"}},
{"type": "Feature", "geometry": {"type": "Polygon", "coordinates": [[[-49.388198, -16.683669], [-49.388413, -16.683669], [-49.388414, -16.683598], [-49.388198, -16.683598], [-49.388198, -16.683669]]]}, "properties": {"info": {"id": "000101378707", "nm_lot": "3A"}, "address": "?, ?"}},
{"type": "Feature", "geometry": {"type": "Polygon", "coordinates": [[[-49.383853, -16.685568], [-49.383856, -16.685478], [-49.383575, -16.68547], [-49.383572, -16.68556], [-49.383853, -16.685568]]]}, "properties": {"info": {"id": "000101259982", "nm_lot": "4"}, "address": "?, ?"}},
{"type": "Feature", "geometry": {"type": "Polygon", "coordinates": [[[-49.387094, -16.685361], [-49.387309, -16.685361], [-49.387309, -16.685267], [-49.387094, -16.685267], [-49.387094, -16.685361]]]}, "properties": {"info": {"id": "000101378181", "nm_lot": "8"}, "address": "?, ?"}},
{"type": "Feature", "geometry": {"type": "Polygon", "coordinates": [[[-49.384758, -16.68505], [-49.384778, -16.685048], [-49.384797, -16.685041], [-49.384813, -16.685029], [-49.384825, -16.685014], [-49.384833, -16.684996], [-49.384835, -16.684977], [-49.384833, -16.684958], [-49.384825, -16.68494], [-49.384752, -16.684823], [-49.384561, -16.684818], [-49.384554, -16.685044], [-49.384758, -16.68505]]]}, "properties": {"info": {"id": "000101259963", "nm_lot": "45"}, "address": "?, ?"}},
{"type": "Feature", "geometry": {"type": "Polygon", "coordinates": [[[-49.38711, -16.683812], [-49.387326, -16.683812], [-49.387326, -16.683754], [-49.387325, -16.68374], [-49.38711, -16.68374], [-49.38711, -16.683812]]]}, "properties": {"info": {"id": "000101378606", "nm_lot": "4A"}, "address": "?, ?"}},
{"type": "Feature", "geometry": {"type": "Polygon", "coordinates": [[[-49.38711, -16.68374], [-49.387325, -16.68374], [-49.387325, -16.683669], [-49.38711, -16.683669], [-49.38711, -16.68374]]]}, "properties": {"info": {"id": "000101378662", "nm_lot": "4B"}, "address": "?, ?"}},
{"type": "Feature", "geometry": {"type": "Polygon", "coordinates": [[[-49.393321, -16.685944], [-49.393574, -16.685826], [-49.393533, -16.685744], [-49.39328, -16.685862], [-49.393321, -16.685944]]]}, "properties": {"info": {"id": "000101278581", "nm_lot": "4"}, "address": "?, ?"}},
{"type": "Feature", "geometry": {"type": "Polygon", "coordinates": [[[-49.390081, -16.682875], [-49.390081, -16.683019], [-49.390153, -16.68302], [-49.390153, -16.682811], [-49.390081, -16.682811], [-49.390081, -16.682875]]]}, "properties": {"info": {"id": "000101379036", "nm_lot": "8A"}, "address": "?, ?"}},
{"type": "Feature", "geometry": {"type": "Polygon", "coordinates": [[[-49.389717, -16.683648], [-49.389717, -16.683575], [-49.389501, -16.683575], [-49.389501, -16.683648], [-49.389717, -16.683648]]]}, "properties": {"info": {"id": "000101378729", "nm_lot": "8B"}, "address": "?, ?"}},
{"type": "Feature", "geometry": {"type": "Polygon", "coordinates": [[[-49.390769, -16.685548], [-49.390984, -16.685548], [-49.390984, -16.685454], [-49.390769, -16.685454], [-49.390769, -16.685548]]]}, "properties": {"info": {"id": "000101378169", "nm_lot": "9"}, "address": "?, ?"}},
{"type": "Feature", "geometry": {"type": "Polygon", "coordinates": [[[-49.389098, -16.68428], [-49.389107, -16.68428], [-49.389167, -16.684277], [-49.389192, -16.684274], [-49.389192, -16.684099], [-49.389098, -16.684099], [-49.389098, -16.68428]]]}, "properties": {"info": {"id": "000101378437", "nm_lot": "5"}, "address": "?, ?"}},
{"type": "Feature", "geometry": {"type": "Polygon", "coordinates": [[[-49.385515, -16.682832], [-49.385515, -16.682652], [-49.385421, -16.682652], [-49.385421, -16.682832], [-49.385515, -16.682832]]]}, "properties": {"info": {"id": "000101379130", "nm_lot": "5"}, "address": "?, ?"}},
{"type": "Feature", "geometry": {"type": "Polygon", "coordinates": [[[-49.384943, -16.683544], [-49.385159, -16.683544], [-49.385159, -16.683471], [-49.384943, -16.683471], [-49.384943, -16.683544]]]}, "properties": {"info": {"id": "000101378725", "nm_lot": "8A"}, "address": "?, ?"}},
{"type": "Feature", "geometry": {"type": "Polygon", "coordinates": [[[-49.387326, -16.68428], [-49.387397, -16.68428], [-49.387397, -16.684097], [-49.387326, -16.684097], [-49.387326, -16.68428]]]}, "properties": {"info": {"id": "000101378378", "nm_lot": "8A"}, "address": "?, ?"}},
{"type": "Feature", "geometry": {"type": "Polygon", "coordinates": [[[-49.38547, -16.68425], [-49.385513, -16.684234], [-49.385554, -16.684214], [-49.385591, -16.684187], [-49.385603, -16.684175], [-49.385487, -16.684065], [-49.385425, -16.684064], [-49.385425, -16.684259], [-49.38547, -16.68425]]]}, "properties": {"info": {"id": "000101378409", "nm_lot": "8B"}, "address": "?, ?"}},
{"type": "Feature", "geometry": {"type": "Polygon", "coordinates": [[[-49.390153, -16.68302], [-49.390225, -16.68302], [-49.390225, -16.682811], [-49.390153, -16.682811], [-49.390153, -16.68302]]]}, "properties": {"info": {"id": "000101379037", "nm_lot": "8B"}, "address": "?, ?"}},
{"type": "Feature", "geometry": {"type": "Polygon", "coordinates": [[[-49.394086, -16.685197], [-49.39418, -16.6852], [-49.394189, -16.684929], [-49.394095, -16.684926], [-49.394086, -16.685197]]]}, "properties": {"info": {"id": "000101278519", "nm_lot": "9"}, "address": "?, ?"}},
{"type": "Feature", "geometry": {"type": "Polygon", "coordinates": [[[-49.383855, -16.683437], [-49.383855, -16.683475], [-49.384071, -16.683476], [-49.384071, -16.683401], [-49.383855, -16.6834], [-49.383855, -16.683437]]]}, "properties": {"info": {"id": "000101378753", "nm_lot": "8A"}, "address": "?, ?"}},
{"type": "Feature", "geometry": {"type": "Polygon", "coordinates": [[[-49.387255, -16.68428], [-49.387326, -16.68428], [-49.387326, -16.684097], [-49.387255, -16.684097], [-49.387255, -16.68428]]]}, "properties": {"info": {"id": "000101378376", "nm_lot": "8B"}, "address": "?, ?"}},
{"type": "Feature", "geometry": {"type": "Polygon", "coordinates": [[[-49.393117, -16.685537], [-49.39337, -16.685419], [-49.39333, -16.685338], [-49.393329, -16.685338], [-49.393076, -16.685455], [-49.393117, -16.685537]]]}, "properties": {"info": {"id": "000101278575", "nm_lot": "9"}, "address": "?, ?"}},
{"type": "Feature", "geometry": {"type": "Polygon", "coordinates": [[[-49.387094, -16.685455], [-49.387309, -16.685455], [-49.387309, -16.685361], [-49.387094, -16.685361], [-49.387094, -16.685455]]]}, "properties": {"info": {"id": "000101378159", "nm_lot": "9"}, "address": "?, ?"}},
{"type": "Feature", "geometry": {"type": "Polygon", "coordinates": [[[-49.383855, -16.683776], [-49.38364, -16.683775], [-49.38364, -16.683868], [-49.383855, -16.683868], [-49.383855, -16.683776]]]}, "properties": {"info": {"id": "000101378566", "nm_lot": "5A"}, "address": "?, ?"}},
{"type": "Feature", "geometry": {"type": "Polygon", "coordinates": [[[-49.386259, -16.68566], [-49.386259, -16.68557], [-49.386043, -16.68557], [-49.386043, -16.68566], [-49.386259, -16.68566]]]}, "properties": {"info": {"id": "000101378120", "nm_lot": "9"}, "address": "?, ?"}},
{"type": "Feature", "geometry": {"type": "Polygon", "coordinates": [[[-49.386782, -16.683891], [-49.386998, -16.683891], [-49.386998, -16.683819], [-49.386782, -16.683819], [-49.386782, -16.683891]]]}, "properties": {"info": {"id": "000101378531", "nm_lot": "6A"}, "address": "?, ?"}},
{"type": "Feature", "geometry": {"type": "Polygon", "coordinates": [[[-49.391047, -16.684096], [-49.391047, -16.683888], [-49.390975, -16.683888], [-49.390975, -16.684096], [-49.391047, -16.684096]]]}, "properties": {"info": {"id": "000101378497", "nm_lot": "6A"}, "address": "?, ?"}},
{"type": "Feature", "geometry": {"type": "Polygon", "coordinates": [[[-49.394193, -16.686647], [-49.394286, -16.686661], [-49.394295, -16.68638], [-49.394201, -16.686377], [-49.394193, -16.686647]]]}, "properties": {"info": {"id": "000101278457", "nm_lot": "7"}, "address": "?, ?"}},
{"type": "Feature", "geometry": {"type": "Polygon", "coordinates": [[[-49.393049, -16.683026], [-49.393047, -16.683094], [-49.39325, -16.683098], [-49.393253, -16.68297], [-49.39305, -16.682967], [-49.393049, -16.683026]]]}, "properties": {"info": {"id": "000101252931", "nm_lot": "6"}, "address": "?, ?"}},
{"type": "Feature", "geometry": {"type": "Polygon", "coordinates": [[[-49.389719, -16.685547], [-49.389934, -16.685547], [-49.389934, -16.685539], [-49.389933, -16.685453], [-49.389719, -16.685453], [-49.389719, -16.685547]]]}, "properties": {"info": {"id": "000101378149", "nm_lot": "9"}, "address": "?, ?"}},
{"type": "Feature", "geometry": {"type": "Polygon", "coordinates": [[[-49.390244, -16.685455], [-49.390459, -16.685455], [-49.390459, -16.685361], [-49.390244, -16.685361], [-49.390244, -16.685455]]]}, "properties": {"info": {"id": "000101378191", "nm_lot": "9"}, "address": "?, ?"}},
{"type": "Feature", "geometry": {"type": "Polygon", "coordinates": [[[-49.385487, -16.683991], [-49.385487, -16.683918], [-49.385271, -16.683918], [-49.385271, -16.683991], [-49.385487, -16.683991]]]}, "properties": {"info": {"id": "000101378522", "nm_lot": "6B"}, "address": "?, ?"}},
{"type": "Feature", "geometry": {"type": "Polygon", "coordinates": [[[-49.388085, -16.683964], [-49.388085, -16.683891], [-49.38787, -16.683891], [-49.38787, -16.683964], [-49.388085, -16.683964]]]}, "properties": {"info": {"id": "000101378533", "nm_lot": "6B"}, "address": "?, ?"}},
{"type": "Feature", "geometry": {"type": "Polygon", "coordinates": [[[-49.386998, -16.683963], [-49.386998, -16.683891], [-49.386782, -16.683891], [-49.386782, -16.683963], [-49.386998, -16.683963]]]}, "properties": {"info": {"id": "000101378529", "nm_lot": "6B"}, "address": "?, ?"}},
{"type": "Feature", "geometry": {"type": "Polygon", "coordinates": [[[-49.389653, -16.683955], [-49.389675, -16.683905], [-49.38969, -16.683865], [-49.389501, -16.683865], [-49.389501, -16.683955], [-49.389653, -16.683955]]]}, "properties": {"info": {"id": "000101378551", "nm_lot": "6B"}, "address": "?, ?"}},
{"type": "Feature", "geometry": {"type": "Polygon", "coordinates": [[[-49.393333, -16.688221], [-49.393333, -16.688131], [-49.393052, -16.688128], [-49.393051, -16.688219], [-49.393333, -16.688221]]]}, "properties": {"info": {"id": "000101315412", "nm_lot": "7"}, "address": "?, ?"}},
{"type": "Feature", "geometry": {"type": "Polygon", "coordinates": [[[-49.393688, -16.687485], [-49.393768, -16.687226], [-49.393679, -16.6872], [-49.393598, -16.68746], [-49.393688, -16.687485]]]}, "properties": {"info": {"id": "000101315407", "nm_lot": "7"}, "address": "?, ?"}},
{"type": "Feature", "geometry": {"type": "Polygon", "coordinates": [[[-49.384549, -16.685833], [-49.384785, -16.685806], [-49.384833, -16.685755], [-49.384835, -16.685674], [-49.384554, -16.685666], [-49.384549, -16.685833]]]}, "properties": {"info": {"id": "000101259964", "nm_lot": "7"}, "address": "?, ?"}},
{"type": "Feature", "geometry": {"type": "Polygon", "coordinates": [[[-49.393239, -16.685781], [-49.393493, -16.685663], [-49.393452, -16.685582], [-49.393199, -16.6857], [-49.393239, -16.685781]]]}, "properties": {"info": {"id": "000101278578", "nm_lot": "6"}, "address": "?, ?"}},
{"type": "Feature", "geometry": {"type": "Polygon", "coordinates": [[[-49.388144, -16.685267], [-49.388359, -16.685267], [-49.388359, -16.685173], [-49.388144, -16.685173], [-49.388144, -16.685267]]]}, "properties": {"info": {"id": "000101378213", "nm_lot": "7"}, "address": "?, ?"}},
{"type": "Feature", "geometry": {"type": "Polygon", "coordinates": [[[-49.388669, -16.685359], [-49.388884, -16.685359], [-49.388884, -16.685265], [-49.388669, -16.685265], [-49.388669, -16.685359]]]}, "properties": {"info": {"id": "000101378185", "nm_lot": "7"}, "address": "?, ?"}},
{"type": "Feature", "geometry": {"type": "Polygon", "coordinates": [[[-49.386258, -16.68548], [-49.386258, -16.685389], [-49.386043, -16.685389], [-49.386043, -16.68548], [-49.386258, -16.68548]]]}, "properties": {"info": {"id": "000101378173", "nm_lot": "7"}, "address": "?, ?"}},
{"type": "Feature", "geometry": {"type": "Polygon", "coordinates": [[[-49.392156, -16.685996], [-49.392156, -16.68577], [-49.392063, -16.68577], [-49.392063, -16.685996], [-49.392156, -16.685996]]]}, "properties": {"info": {"id": "000101378054", "nm_lot": "7"}, "address": "?, ?"}},
{"type": "Feature", "geometry": {"type": "Polygon", "coordinates": [[[-49.389715, -16.68372], [-49.389717, -16.683693], [-49.389717, -16.683648], [-49.389501, -16.683648], [-49.389501, -16.68372], [-49.389715, -16.68372]]]}, "properties": {"info": {"id": "000101378692", "nm_lot": "7A"}, "address": "?, ?"}},
{"type": "Feature", "geometry": {"type": "Polygon", "coordinates": [[[-49.391406, -16.685996], [-49.391294, -16.685996], [-49.391294, -16.686177], [-49.391341, -16.686222], [-49.391406, -16.686222], [-49.391406, -16.685996]]]}, "properties": {"info": {"id": "000101377993", "nm_lot": "16"}, "address": "?, ?"}},
{"type": "Feature", "geometry": {"type": "Polygon", "coordinates": [[[-49.38427, -16.68425], [-49.384356, -16.684251], [-49.384356, -16.684043], [-49.38427, -16.684043], [-49.38427, -16.68425]]]}, "properties": {"info": {"id": "000101378403", "nm_lot": "7A"}, "address": "?, ?"}},
{"type": "Feature", "geometry": {"type": "Polygon", "coordinates": [[[-49.384183, -16.684249], [-49.38427, -16.68425], [-49.38427, -16.684043], [-49.384183, -16.684043], [-49.384183, -16.684249]]]}, "properties": {"info": {"id": "000101378404", "nm_lot": "7B"}, "address": "?, ?"}},
{"type": "Feature", "geometry": {"type": "Polygon", "coordinates": [[[-49.384086, -16.682869], [-49.38416, -16.682869], [-49.38416, -16.682661], [-49.384086, -16.682661], [-49.384086, -16.682869]]]}, "properties": {"info": {"id": "000101379107", "nm_lot": "7B"}, "address": "?, ?"}},
{"type": "Feature", "geometry": {"type": "Polygon", "coordinates": [[[-49.393419, -16.686236], [-49.393515, -16.686239], [-49.39352, -16.686082], [-49.393362, -16.686025], [-49.393355, -16.686234], [-49.393419, -16.686236]]]}, "properties": {"info": {"id": "000101278585", "nm_lot": "41"}, "address": "?, ?"}},
{"type": "Feature", "geometry": {"type": "Polygon", "coordinates": [[[-49.394038, -16.687303], [-49.394118, -16.687043], [-49.394028, -16.687018], [-49.393948, -16.687277], [-49.394038, -16.687303]]]}, "properties": {"info": {"id": "000101301489", "nm_lot": "43"}, "address": "?, ?"}},
{"type": "Feature", "geometry": {"type": "Polygon", "coordinates": [[[-49.390298, -16.68302], [-49.390298, -16.682811], [-49.390225, -16.682811], [-49.390225, -16.68302], [-49.390298, -16.68302]]]}, "properties": {"info": {"id": "000101379038", "nm_lot": "7A"}, "address": "?, ?"}},
{"type": "Feature", "geometry": {"type": "Polygon", "coordinates": [[[-49.393405, -16.687763], [-49.393469, -16.687557], [-49.393357, -16.687525], [-49.393311, -16.687673], [-49.393283, -16.687762], [-49.393337, -16.687762], [-49.393405, -16.687763]]]}, "properties": {"info": {"id": "000101301498", "nm_lot": "41"}, "address": "?, ?"}},
{"type": "Feature", "geometry": {"type": "Polygon", "coordinates": [[[-49.384183, -16.683754], [-49.384399, -16.683754], [-49.384399, -16.683682], [-49.384183, -16.683682], [-49.384183, -16.683754]]]}, "properties": {"info": {"id": "000101378593", "nm_lot": "4A"}, "address": "?, ?"}},
{"type": "Feature", "geometry": {"type": "Polygon", "coordinates": [[[-49.384727, -16.683763], [-49.384943, -16.683764], [-49.384943, -16.68369], [-49.384727, -16.68369], [-49.384727, -16.683763]]]}, "properties": {"info": {"id": "000101378590", "nm_lot": "4A"}, "address": "?, ?"}},
{"type": "Feature", "geometry": {"type": "Polygon", "coordinates": [[[-49.384943, -16.68369], [-49.384943, -16.683617], [-49.384727, -16.683617], [-49.384727, -16.68369], [-49.384943, -16.68369]]]}, "properties": {"info": {"id": "000101378630", "nm_lot": "4B"}, "address": "?, ?"}},
{"type": "Feature", "geometry": {"type": "Polygon", "coordinates": [[[-49.390769, -16.685172], [-49.390985, -16.685172], [-49.390985, -16.685078], [-49.390769, -16.685078], [-49.390769, -16.685172]]]}, "properties": {"info": {"id": "000101378263", "nm_lot": "5"}, "address": "?, ?"}},
{"type": "Feature", "geometry": {"type": "Polygon", "coordinates": [[[-49.390769, -16.685829], [-49.390984, -16.68583], [-49.390984, -16.685736], [-49.390769, -16.685735], [-49.390769, -16.685829]]]}, "properties": {"info": {"id": "000101378098", "nm_lot": "12"}, "address": "?, ?"}},
{"type": "Feature", "geometry": {"type": "Polygon", "coordinates": [[[-49.391336, -16.684096], [-49.391336, -16.683888], [-49.391264, -16.683888], [-49.391264, -16.684096], [-49.391336, -16.684096]]]}, "properties": {"info": {"id": "000101378503", "nm_lot": "4A"}, "address": "?, ?"}},
{"type": "Feature", "geometry": {"type": "Polygon", "coordinates": [[[-49.385271, -16.683772], [-49.385487, -16.683772], [-49.385487, -16.683699], [-49.385271, -16.683699], [-49.385271, -16.683772]]]}, "properties": {"info": {"id": "000101378628", "nm_lot": "4A"}, "address": "?, ?"}},
{"type": "Feature", "geometry": {"type": "Polygon", "coordinates": [[[-49.385271, -16.683699], [-49.385487, -16.683699], [-49.385487, -16.683625], [-49.385271, -16.683625], [-49.385271, -16.683699]]]}, "properties": {"info": {"id": "000101378683", "nm_lot": "4B"}, "address": "?, ?"}},
{"type": "Feature", "geometry": {"type": "Polygon", "coordinates": [[[-49.390731, -16.683227], [-49.390731, -16.683019], [-49.390712, -16.68302], [-49.390658, -16.683021], [-49.390658, -16.683227], [-49.390731, -16.683227]]]}, "properties": {"info": {"id": "000101378922", "nm_lot": "16B"}, "address": "?, ?"}},
{"type": "Feature", "geometry": {"type": "Polygon", "coordinates": [[[-49.384554, -16.685044], [-49.384561, -16.684818], [-49.384449, -16.684815], [-49.384442, -16.685041], [-49.384554, -16.685044]]]}, "properties": {"info": {"id": "000101259976", "nm_lot": "44"}, "address": "?, ?"}},
{"type": "Feature", "geometry": {"type": "Polygon", "coordinates": [[[-49.386566, -16.683819], [-49.386782, -16.683819], [-49.386782, -16.683746], [-49.386566, -16.683746], [-49.386566, -16.683819]]]}, "properties": {"info": {"id": "000101378563", "nm_lot": "4A"}, "address": "?, ?"}},
{"type": "Feature", "geometry": {"type": "Polygon", "coordinates": [[[-49.391408, -16.684096], [-49.391408, -16.683888], [-49.391336, -16.683888], [-49.391336, -16.684096], [-49.391408, -16.684096]]]}, "properties": {"info": {"id": "000101378504", "nm_lot": "4B"}, "address": "?, ?"}},
{"type": "Feature", "geometry": {"type": "Polygon", "coordinates": [[[-49.391688, -16.684844], [-49.391782, -16.684844], [-49.391782, -16.684595], [-49.391688, -16.684595], [-49.391688, -16.684844]]]}, "properties": {"info": {"id": "000101378344", "nm_lot": "5"}, "address": "?, ?"}},
{"type": "Feature", "geometry": {"type": "Polygon", "coordinates": [[[-49.384382, -16.682869], [-49.384456, -16.682869], [-49.384456, -16.682661], [-49.384382, -16.682661], [-49.384382, -16.682869]]]}, "properties": {"info": {"id": "000101379111", "nm_lot": "5B"}, "address": "?, ?"}},
{"type": "Feature", "geometry": {"type": "Polygon", "coordinates": [[[-49.384308, -16.682869], [-49.384382, -16.682869], [-49.384382, -16.682661], [-49.384308, -16.682661], [-49.384308, -16.682869]]]}, "properties": {"info": {"id": "000101379110", "nm_lot": "5A"}, "address": "?, ?"}},
{"type": "Feature", "geometry": {"type": "Polygon", "coordinates": [[[-49.389501, -16.683955], [-49.389501, -16.683865], [-49.389285, -16.683864], [-49.389285, -16.683955], [-49.389501, -16.683955]]]}, "properties": {"info": {"id": "000101378550", "nm_lot": "5A"}, "address": "?, ?"}},
{"type": "Feature", "geometry": {"type": "Polygon", "coordinates": [[[-49.390769, -16.685266], [-49.390985, -16.685266], [-49.390985, -16.685172], [-49.390769, -16.685172], [-49.390769, -16.685266]]]}, "properties": {"info": {"id": "000101378243", "nm_lot": "6"}, "address": "?, ?"}},
{"type": "Feature", "geometry": {"type": "Polygon", "coordinates": [[[-49.394379, -16.686676], [-49.394389, -16.686383], [-49.394295, -16.68638], [-49.394286, -16.686661], [-49.394379, -16.686676]]]}, "properties": {"info": {"id": "000101278458", "nm_lot": "6"}, "address": "?, ?"}},
{"type": "Feature", "geometry": {"type": "Polygon", "coordinates": [[[-49.388669, -16.685265], [-49.388884, -16.685265], [-49.388884, -16.685171], [-49.388669, -16.685171], [-49.388669, -16.685265]]]}, "properties": {"info": {"id": "000101378215", "nm_lot": "6"}, "address": "?, ?"}},
{"type": "Feature", "geometry": {"type": "Polygon", "coordinates": [[[-49.386043, -16.685389], [-49.386258, -16.685389], [-49.386258, -16.685299], [-49.386043, -16.685299], [-49.386043, -16.685389]]]}, "properties": {"info": {"id": "000101378196", "nm_lot": "6"}, "address": "?, ?"}},
{"type": "Feature", "geometry": {"type": "Polygon", "coordinates": [[[-49.384183, -16.683826], [-49.384399, -16.683826], [-49.384399, -16.683754], [-49.384183, -16.683754], [-49.384183, -16.683826]]]}, "properties": {"info": {"id": "000101378560", "nm_lot": "5B"}, "address": "?, ?"}},
{"type": "Feature", "geometry": {"type": "Polygon", "coordinates": [[[-49.392945, -16.685817], [-49.393199, -16.6857], [-49.393158, -16.685618], [-49.392904, -16.685736], [-49.392945, -16.685817]]]}, "properties": {"info": {"id": "000101278571", "nm_lot": "35"}, "address": "?, ?"}},
{"type": "Feature", "geometry": {"type": "Polygon", "coordinates": [[[-49.391092, -16.683227], [-49.391092, -16.683019], [-49.391019, -16.683019], [-49.391019, -16.683227], [-49.391092, -16.683227]]]}, "properties": {"info": {"id": "000101378927", "nm_lot": "18A"}, "address": "?, ?"}},
{"type": "Feature", "geometry": {"type": "Polygon", "coordinates": [[[-49.387094, -16.684985], [-49.387309, -16.684985], [-49.387309, -16.684891], [-49.387094, -16.684891], [-49.387094, -16.684985]]]}, "properties": {"info": {"id": "000101378271", "nm_lot": "4"}, "address": "?, ?"}},
{"type": "Feature", "geometry": {"type": "Polygon", "coordinates": [[[-49.387619, -16.685132], [-49.387834, -16.685132], [-49.387834, -16.685042], [-49.387619, -16.685042], [-49.387619, -16.685132]]]}, "properties": {"info": {"id": "000101378246", "nm_lot": "4"}, "address": "?, ?"}},
{"type": "Feature", "geometry": {"type": "Polygon", "coordinates": [[[-49.386782, -16.683313], [-49.386782, -16.68324], [-49.386613, -16.68324], [-49.386567, -16.683286], [-49.386567, -16.683313], [-49.386782, -16.683313]]]}, "properties": {"info": {"id": "000101378855", "nm_lot": "1B"}, "address": "?, ?"}},
{"type": "Feature", "geometry": {"type": "Polygon", "coordinates": [[[-49.393095, -16.687611], [-49.393087, -16.687652], [-49.39307, -16.68776], [-49.393283, -16.687762], [-49.393311, -16.687673], [-49.393095, -16.687611]]]}, "properties": {"info": {"id": "000101305665", "nm_lot": "2"}, "address": "?, ?"}},
{"type": "Feature", "geometry": {"type": "Polygon", "coordinates": [[[-49.386124, -16.682812], [-49.386031, -16.682812], [-49.38603, -16.682993], [-49.386124, -16.682993], [-49.386124, -16.682812]]]}, "properties": {"info": {"id": "000101379030", "nm_lot": "2"}, "address": "?, ?"}},
{"type": "Feature", "geometry": {"type": "Polygon", "coordinates": [[[-49.393995, -16.686616], [-49.394097, -16.686632], [-49.394105, -16.686374], [-49.394003, -16.686371], [-49.393995, -16.686616]]]}, "properties": {"info": {"id": "000101278455", "nm_lot": "9"}, "address": "?, ?"}},
{"type": "Feature", "geometry": {"type": "Polygon", "coordinates": [[[-49.391688, -16.685092], [-49.391688, -16.684844], [-49.391594, -16.684844], [-49.391594, -16.685092], [-49.391688, -16.685092]]]}, "properties": {"info": {"id": "000101378283", "nm_lot": "13"}, "address": "?, ?"}},
{"type": "Feature", "geometry": {"type": "Polygon", "coordinates": [[[-49.393035, -16.685374], [-49.393289, -16.685256], [-49.393248, -16.685175], [-49.392995, -16.685293], [-49.393035, -16.685374]]]}, "properties": {"info": {"id": "000101278573", "nm_lot": "11"}, "address": "?, ?"}},
{"type": "Feature", "geometry": {"type": "Polygon", "coordinates": [[[-49.393573, -16.683509], [-49.393576, -16.683327], [-49.393387, -16.683323], [-49.393384, -16.683505], [-49.393573, -16.683509]]]}, "properties": {"info": {"id": "000101252908", "nm_lot": "19"}, "address": "?, ?"}},
{"type": "Feature", "geometry": {"type": "Polygon", "coordinates": [[[-49.394262, -16.683505], [-49.394266, -16.683323], [-49.394124, -16.68332], [-49.39412, -16.683502], [-49.394262, -16.683505]]]}, "properties": {"info": {"id": "000101252889", "nm_lot": "19"}, "address": "?, ?"}},
{"type": "Feature", "geometry": {"type": "Polygon", "coordinates": [[[-49.385702, -16.683406], [-49.385702, -16.683333], [-49.385487, -16.683333], [-49.385487, -16.683406], [-49.385702, -16.683406]]]}, "properties": {"info": {"id": "000101378846", "nm_lot": "13B"}, "address": "?, ?"}},
{"type": "Feature", "geometry": {"type": "Polygon", "coordinates": [[[-49.388824, -16.682921], [-49.388899, -16.682921], [-49.388899, -16.682713], [-49.388824, -16.682713], [-49.388824, -16.682921]]]}, "properties": {"info": {"id": "000101379086", "nm_lot": "16A"}, "address": "?, ?"}},
{"type": "Feature", "geometry": {"type": "Polygon", "coordinates": [[[-49.391863, -16.682809], [-49.391859, -16.683004], [-49.391991, -16.683007], [-49.391995, -16.682811], [-49.391863, -16.682809]]]}, "properties": {"info": {"id": "000101253107", "nm_lot": "18"}, "address": "?, ?"}},
{"type": "Feature", "geometry": {"type": "Polygon", "coordinates": [[[-49.392379, -16.68757], [-49.392376, -16.687841], [-49.39247, -16.687842], [-49.392472, -16.687571], [-49.392379, -16.68757]]]}, "properties": {"info": {"id": "000101315444", "nm_lot": "18"}, "address": "?, ?"}},
{"type": "Feature", "geometry": {"type": "Polygon", "coordinates": [[[-49.390831, -16.684304], [-49.390831, -16.684096], [-49.390758, -16.684096], [-49.390758, -16.684304], [-49.390831, -16.684304]]]}, "properties": {"info": {"id": "000101378387", "nm_lot": "19A"}, "address": "?, ?"}},
{"type": "Feature", "geometry": {"type": "Polygon", "coordinates": [[[-49.384943, -16.683251], [-49.384943, -16.683176], [-49.384774, -16.683176], [-49.384727, -16.683221], [-49.384727, -16.683251], [-49.384943, -16.683251]]]}, "properties": {"info": {"id": "000101378886", "nm_lot": "1B"}, "address": "?, ?"}},
{"type": "Feature", "geometry": {"type": "Polygon", "coordinates": [[[-49.387326, -16.683312], [-49.387326, -16.683241], [-49.387157, -16.683241], [-49.38711, -16.683286], [-49.38711, -16.683312], [-49.387326, -16.683312]]]}, "properties": {"info": {"id": "000101378892", "nm_lot": "1B"}, "address": "?, ?"}},
{"type": "Feature", "geometry": {"type": "Polygon", "coordinates": [[[-49.391969, -16.684844], [-49.392063, -16.684844], [-49.392063, -16.684595], [-49.391969, -16.684595], [-49.391969, -16.684844]]]}, "properties": {"info": {"id": "000101378347", "nm_lot": "2"}, "address": "?, ?"}},
{"type": "Feature", "geometry": {"type": "Polygon", "coordinates": [[[-49.393814, -16.6848], [-49.393823, -16.684529], [-49.393729, -16.684526], [-49.393721, -16.684797], [-49.393814, -16.6848]]]}, "properties": {"info": {"id": "000101278542", "nm_lot": "18"}, "address": "?, ?"}},
{"type": "Feature", "geometry": {"type": "Polygon", "coordinates": [[[-49.388003, -16.686221], [-49.38805, -16.686176], [-49.38805, -16.686126], [-49.387834, -16.686126], [-49.387834, -16.686221], [-49.388003, -16.686221]]]}, "properties": {"info": {"id": "000101377967", "nm_lot": "17"}, "address": "?, ?"}},
{"type": "Feature", "geometry": {"type": "Polygon", "coordinates": [[[-49.391781, -16.685092], [-49.391782, -16.684926], [-49.391782, -16.684844], [-49.391688, -16.684844], [-49.391688, -16.685092], [-49.391781, -16.685092]]]}, "properties": {"info": {"id": "000101378284", "nm_lot": "14"}, "address": "?, ?"}},
{"type": "Feature", "geometry": {"type": "Polygon", "coordinates": [[[-49.387093, -16.685737], [-49.387309, -16.685737], [-49.387309, -16.685643], [-49.387093, -16.685643], [-49.387093, -16.685737]]]}, "properties": {"info": {"id": "000101378086", "nm_lot": "12"}, "address": "?, ?"}},
{"type": "Feature", "geometry": {"type": "Polygon", "coordinates": [[[-49.388414, -16.683526], [-49.388629, -16.683526], [-49.388629, -16.683455], [-49.388414, -16.683455], [-49.388414, -16.683526]]]}, "properties": {"info": {"id": "000101378793", "nm_lot": "14B"}, "address": "?, ?"}},
{"type": "Feature", "geometry": {"type": "Polygon", "coordinates": [[[-49.390446, -16.68378], [-49.390521, -16.68378], [-49.390521, -16.683572], [-49.390446, -16.683572], [-49.390446, -16.68378]]]}, "properties": {"info": {"id": "000101378643", "nm_lot": "11A"}, "address": "?, ?"}},
{"type": "Feature", "geometry": {"type": "Polygon", "coordinates": [[[-49.388224, -16.683129], [-49.388299, -16.683129], [-49.388299, -16.682921], [-49.388224, -16.682921], [-49.388224, -16.683129]]]}, "properties": {"info": {"id": "000101378960", "nm_lot": "11B"}, "address": "?, ?"}},
{"type": "Feature", "geometry": {"type": "Polygon", "coordinates": [[[-49.394127, -16.683138], [-49.394124, -16.68332], [-49.394266, -16.683323], [-49.394269, -16.683141], [-49.394127, -16.683138]]]}, "properties": {"info": {"id": "000101252900", "nm_lot": "12"}, "address": "?, ?"}},
{"type": "Feature", "geometry": {"type": "Polygon", "coordinates": [[[-49.391594, -16.686222], [-49.391594, -16.685996], [-49.3915, -16.685996], [-49.3915, -16.686222], [-49.391594, -16.686222]]]}, "properties": {"info": {"id": "000101377995", "nm_lot": "18"}, "address": "?, ?"}},
{"type": "Feature", "geometry": {"type": "Polygon", "coordinates": [[[-49.390109, -16.68396], [-49.390109, -16.684096], [-49.390181, -16.684096], [-49.390181, -16.683888], [-49.390109, -16.683888], [-49.390109, -16.68396]]]}, "properties": {"info": {"id": "000101378483", "nm_lot": "12A"}, "address": "?, ?"}},
{"type": "Feature", "geometry": {"type": "Polygon", "coordinates": [[[-49.385487, -16.683552], [-49.385702, -16.683552], [-49.385702, -16.683479], [-49.385487, -16.683479], [-49.385487, -16.683552]]]}, "properties": {"info": {"id": "000101378757", "nm_lot": "12B"}, "address": "?, ?"}},
{"type": "Feature", "geometry": {"type": "Polygon", "coordinates": [[[-49.394417, -16.68379], [-49.394421, -16.683608], [-49.394279, -16.683605], [-49.394276, -16.683787], [-49.394417, -16.68379]]]}, "properties": {"info": {"id": "000101252895", "nm_lot": "13"}, "address": "?, ?"}},
{"type": "Feature", "geometry": {"type": "Polygon", "coordinates": [[[-49.38414, -16.685395], [-49.384143, -16.685305], [-49.383862, -16.685297], [-49.383859, -16.685387], [-49.38414, -16.685395]]]}, "properties": {"info": {"id": "000101259953", "nm_lot": "13"}, "address": "?, ?"}},
{"type": "Feature", "geometry": {"type": "Polygon", "coordinates": [[[-49.390397, -16.684304], [-49.390397, -16.684096], [-49.390325, -16.684096], [-49.390325, -16.684304], [-49.390397, -16.684304]]]}, "properties": {"info": {"id": "000101378375", "nm_lot": "16A"}, "address": "?, ?"}},
{"type": "Feature", "geometry": {"type": "Polygon", "coordinates": [[[-49.392472, -16.687571], [-49.39247, -16.687842], [-49.392564, -16.687843], [-49.392566, -16.687572], [-49.392472, -16.687571]]]}, "properties": {"info": {"id": "000101315443", "nm_lot": "17"}, "address": "?, ?"}},
{"type": "Feature", "geometry": {"type": "Polygon", "coordinates": [[[-49.389893, -16.684033], [-49.390109, -16.684033], [-49.390109, -16.68396], [-49.389893, -16.68396], [-49.389893, -16.684033]]]}, "properties": {"info": {"id": "000101378519", "nm_lot": "13A"}, "address": "?, ?"}},
{"type": "Feature", "geometry": {"type": "Polygon", "coordinates": [[[-49.384399, -16.683527], [-49.384399, -16.683537], [-49.384615, -16.683537], [-49.384615, -16.683465], [-49.384399, -16.683465], [-49.384399, -16.683527]]]}, "properties": {"info": {"id": "000101378728", "nm_lot": "13A"}, "address": "?, ?"}},
{"type": "Feature", "geometry": {"type": "Polygon", "coordinates": [[[-49.386569, -16.685077], [-49.386784, -16.685077], [-49.386784, -16.684983], [-49.386569, -16.684983], [-49.386569, -16.685077]]]}, "properties": {"info": {"id": "000101378249", "nm_lot": "4"}, "address": "?, ?"}},
{"type": "Feature", "geometry": {"type": "Polygon", "coordinates": [[[-49.389409, -16.684797], [-49.389513, -16.684797], [-49.389513, -16.684595], [-49.38941, -16.684595], [-49.389409, -16.684797]]]}, "properties": {"info": {"id": "000101378331", "nm_lot": "34"}, "address": "?, ?"}},
{"type": "Feature", "geometry": {"type": "Polygon", "coordinates": [[[-49.391969, -16.68568], [-49.391969, -16.685431], [-49.391875, -16.685431], [-49.391875, -16.68568], [-49.391969, -16.68568]]]}, "properties": {"info": {"id": "000101378133", "nm_lot": "19"}, "address": "?, ?"}},
{"type": "Feature", "geometry": {"type": "Polygon", "coordinates": [[[-49.386782, -16.683385], [-49.386782, -16.683313], [-49.386567, -16.683313], [-49.386567, -16.683385], [-49.386782, -16.683385]]]}, "properties": {"info": {"id": "000101378819", "nm_lot": "1A"}, "address": "?, ?"}},
{"type": "Feature", "geometry": {"type": "Polygon", "coordinates": [[[-49.391164, -16.683019], [-49.391164, -16.682812], [-49.391092, -16.682812], [-49.391092, -16.683019], [-49.391164, -16.683019]]]}, "properties": {"info": {"id": "000101379050", "nm_lot": "1A"}, "address": "?, ?"}},
{"type": "Feature", "geometry": {"type": "Polygon", "coordinates": [[[-49.384399, -16.683248], [-49.384399, -16.683176], [-49.38423, -16.683176], [-49.384184, -16.683221], [-49.384184, -16.683248], [-49.384399, -16.683248]]]}, "properties": {"info": {"id": "000101378885", "nm_lot": "1B"}, "address": "?, ?"}},
{"type": "Feature", "geometry": {"type": "Polygon", "coordinates": [[[-49.393372, -16.686905], [-49.393341, -16.686909], [-49.393314, -16.686923], [-49.393292, -16.686944], [-49.393279, -16.686971], [-49.393233, -16.687119], [-49.393396, -16.687166], [-49.393409, -16.687122], [-49.393388, -16.686905], [-49.393372, -16.686905]]]}, "properties": {"info": {"id": "000101311322", "nm_lot": "2"}, "address": "?, ?"}},
{"type": "Feature", "geometry": {"type": "Polygon", "coordinates": [[[-49.393699, -16.684797], [-49.393721, -16.684797], [-49.393729, -16.684526], [-49.393721, -16.684526], [-49.393636, -16.684524], [-49.393627, -16.684794], [-49.393699, -16.684797]]]}, "properties": {"info": {"id": "000101278543", "nm_lot": "17"}, "address": "?, ?"}},
{"type": "Feature", "geometry": {"type": "Polygon", "coordinates": [[[-49.391196, -16.68378], [-49.391196, -16.683572], [-49.391121, -16.683572], [-49.391121, -16.68378], [-49.391196, -16.68378]]]}, "properties": {"info": {"id": "000101378654", "nm_lot": "16B"}, "address": "?, ?"}},
{"type": "Feature", "geometry": {"type": "Polygon", "coordinates": [[[-49.388899, -16.682921], [-49.388974, -16.682921], [-49.388974, -16.682713], [-49.388899, -16.682713], [-49.388899, -16.682921]]]}, "properties": {"info": {"id": "000101379087", "nm_lot": "16B"}, "address": "?, ?"}},
{"type": "Feature", "geometry": {"type": "Polygon", "coordinates": [[[-49.388629, -16.683669], [-49.388629, -16.683598], [-49.388414, -16.683598], [-49.388413, -16.683669], [-49.388629, -16.683669]]]}, "properties": {"info": {"id": "000101378710", "nm_lot": "13B"}, "address": "?, ?"}},
{"type": "Feature", "geometry": {"type": "Polygon", "coordinates": [[[-49.393844, -16.683133], [-49.393841, -16.683315], [-49.393982, -16.683318], [-49.393986, -16.683136], [-49.393844, -16.683133]]]}, "properties": {"info": {"id": "000101252871", "nm_lot": "14"}, "address": "?, ?"}},
{"type": "Feature", "geometry": {"type": "Polygon", "coordinates": [[[-49.390984, -16.686222], [-49.391153, -16.686222], [-49.3912, -16.686177], [-49.3912, -16.686111], [-49.390984, -16.686111], [-49.390984, -16.686222]]]}, "properties": {"info": {"id": "000101377990", "nm_lot": "17"}, "address": "?, ?"}},
{"type": "Feature", "geometry": {"type": "Polygon", "coordinates": [[[-49.390103, -16.686222], [-49.39015, -16.686176], [-49.39015, -16.686111], [-49.389934, -16.686111], [-49.389934, -16.686222], [-49.390103, -16.686222]]]}, "properties": {"info": {"id": "000101377983", "nm_lot": "17"}, "address": "?, ?"}},
{"type": "Feature", "geometry": {"type": "Polygon", "coordinates": [[[-49.389934, -16.686017], [-49.389934, -16.685923], [-49.389719, -16.685923], [-49.389719, -16.686017], [-49.389934, -16.686017]]]}, "properties": {"info": {"id": "000101378023", "nm_lot": "14"}, "address": "?, ?"}},
{"type": "Feature", "geometry": {"type": "Polygon", "coordinates": [[[-49.384615, -16.683393], [-49.384615, -16.68332], [-49.384399, -16.68332], [-49.384399, -16.683392], [-49.384615, -16.683393]]]}, "properties": {"info": {"id": "000101378817", "nm_lot": "14A"}, "address": "?, ?"}},
{"type": "Feature", "geometry": {"type": "Polygon", "coordinates": [[[-49.386784, -16.686221], [-49.386953, -16.686221], [-49.387, -16.686176], [-49.387, -16.686111], [-49.386784, -16.686111], [-49.386784, -16.686221]]]}, "properties": {"info": {"id": "000101377959", "nm_lot": "17"}, "address": "?, ?"}},
{"type": "Feature", "geometry": {"type": "Polygon", "coordinates": [[[-49.394555, -16.684822], [-49.394563, -16.684552], [-49.39447, -16.684549], [-49.394461, -16.68482], [-49.394555, -16.684822]]]}, "properties": {"info": {"id": "000101278253", "nm_lot": "17"}, "address": "?, ?"}},
{"type": "Feature", "geometry": {"type": "Polygon", "coordinates": [[[-49.390542, -16.684304], [-49.390542, -16.684096], [-49.39047, -16.684096], [-49.39047, -16.684304], [-49.390542, -16.684304]]]}, "properties": {"info": {"id": "000101378379", "nm_lot": "17A"}, "address": "?, ?"}},
{"type": "Feature", "geometry": {"type": "Polygon", "coordinates": [[[-49.391346, -16.68378], [-49.391346, -16.683572], [-49.391271, -16.683572], [-49.391271, -16.68378], [-49.391346, -16.68378]]]}, "properties": {"info": {"id": "000101378656", "nm_lot": "17B"}, "address": "?, ?"}},
{"type": "Feature", "geometry": {"type": "Polygon", "coordinates": [[[-49.388749, -16.682921], [-49.388824, -16.682921], [-49.388824, -16.682713], [-49.388749, -16.682713], [-49.388749, -16.682921]]]}, "properties": {"info": {"id": "000101379085", "nm_lot": "17B"}, "address": "?, ?"}},
{"type": "Feature", "geometry": {"type": "Polygon", "coordinates": [[[-49.392063, -16.685092], [-49.392157, -16.685092], [-49.392157, -16.684844], [-49.392063, -16.684844], [-49.392063, -16.685092]]]}, "properties": {"info": {"id": "000101378291", "nm_lot": "18"}, "address": "?, ?"}},
{"type": "Feature", "geometry": {"type": "Polygon", "coordinates": [[[-49.391406, -16.686565], [-49.391406, -16.686339], [-49.391341, -16.686339], [-49.391294, -16.686384], [-49.391294, -16.686565], [-49.391406, -16.686565]]]}, "properties": {"info": {"id": "000101377921", "nm_lot": "18"}, "address": "?, ?"}},
{"type": "Feature", "geometry": {"type": "Polygon", "coordinates": [[[-49.394043, -16.682854], [-49.394047, -16.682672], [-49.393905, -16.68267], [-49.393902, -16.682852], [-49.394043, -16.682854]]]}, "properties": {"info": {"id": "000101252906", "nm_lot": "18"}, "address": "?, ?"}},
{"type": "Feature", "geometry": {"type": "Polygon", "coordinates": [[[-49.39412, -16.683502], [-49.394124, -16.68332], [-49.393982, -16.683318], [-49.393979, -16.6835], [-49.39412, -16.683502]]]}, "properties": {"info": {"id": "000101252891", "nm_lot": "18"}, "address": "?, ?"}},
{"type": "Feature", "geometry": {"type": "Polygon", "coordinates": [[[-49.39275, -16.684804], [-49.393003, -16.684687], [-49.392963, -16.684605], [-49.392709, -16.684723], [-49.39275, -16.684804]]]}, "properties": {"info": {"id": "000101278553", "nm_lot": "18"}, "address": "?, ?"}},
{"type": "Feature", "geometry": {"type": "Polygon", "coordinates": [[[-49.392344, -16.685431], [-49.392438, -16.685431], [-49.39261, -16.685431], [-49.392505, -16.685223], [-49.392437, -16.685183], [-49.392344, -16.685183], [-49.392344, -16.685431]]]}, "properties": {"info": {"id": "000101378142", "nm_lot": "1"}, "address": "?, ?"}},
{"type": "Feature", "geometry": {"type": "Polygon", "coordinates": [[[-49.387206, -16.684797], [-49.387309, -16.684797], [-49.387309, -16.684594], [-49.387206, -16.684594], [-49.387206, -16.684797]]]}, "properties": {"info": {"id": "000101378324", "nm_lot": "1"}, "address": "?, ?"}},
{"type": "Feature", "geometry": {"type": "Polygon", "coordinates": [[[-49.392063, -16.684844], [-49.392314, -16.684844], [-49.392209, -16.684636], [-49.392141, -16.684595], [-49.392063, -16.684595], [-49.392063, -16.684844]]]}, "properties": {"info": {"id": "000101378294", "nm_lot": "1"}, "address": "?, ?"}},
{"type": "Feature", "geometry": {"type": "Polygon", "coordinates": [[[-49.391399, -16.687562], [-49.391384, -16.687564], [-49.39137, -16.687568], [-49.391357, -16.687574], [-49.391346, -16.687583], [-49.391336, -16.687594], [-49.391329, -16.687607], [-49.391325, -16.68762], [-49.391323, -16.687634], [-49.39132, -16.688032], [-49.391321, -16.688046], [-49.391325, -16.688059], [-49.391332, -16.688072], [-49.391341, -16.688083], [-49.391353, -16.688092], [-49.391366, -16.688099], [-49.39138, -16.688103], [-49.391394, -16.688105], [-49.391812, -16.688108], [-49.391816, -16.687566], [-49.391399, -16.687562]]]}, "properties": {"info": {"id": "000101315592", "nm_lot": "1"}, "address": "?, ?"}},
{"type": "Feature", "geometry": {"type": "Polygon", "coordinates": [[[-49.393515, -16.686913], [-49.393388, -16.686905], [-49.393409, -16.687122], [-49.393499, -16.687148], [-49.393529, -16.686914], [-49.393515, -16.686913]]]}, "properties": {"info": {"id": "000101301493", "nm_lot": "1"}, "address": "?, ?"}},
{"type": "Feature", "geometry": {"type": "Polygon", "coordinates": [[[-49.393703, -16.685457], [-49.393711, -16.685186], [-49.393618, -16.685183], [-49.393609, -16.685454], [-49.393647, -16.685455], [-49.393703, -16.685457]]]}, "properties": {"info": {"id": "000101278509", "nm_lot": "19"}, "address": "?, ?"}},
{"type": "Feature", "geometry": {"type": "Polygon", "coordinates": [[[-49.383866, -16.685157], [-49.383632, -16.68515], [-49.383583, -16.685194], [-49.383581, -16.685289], [-49.383862, -16.685297], [-49.383866, -16.685157]]]}, "properties": {"info": {"id": "000101259979", "nm_lot": "1"}, "address": "?, ?"}},
{"type": "Feature", "geometry": {"type": "Polygon", "coordinates": [[[-49.391406, -16.685431], [-49.391294, -16.685431], [-49.391294, -16.685634], [-49.391341, -16.68568], [-49.391406, -16.68568], [-49.391406, -16.685431]]]}, "properties": {"info": {"id": "000101378125", "nm_lot": "13"}, "address": "?, ?"}},
{"type": "Feature", "geometry": {"type": "Polygon", "coordinates": [[[-49.388599, -16.683129], [-49.388674, -16.683129], [-49.388674, -16.682921], [-49.388599, -16.682921], [-49.388599, -16.683129]]]}, "properties": {"info": {"id": "000101378965", "nm_lot": "13A"}, "address": "?, ?"}},
{"type": "Feature", "geometry": {"type": "Polygon", "coordinates": [[[-49.391688, -16.684844], [-49.391688, -16.684595], [-49.391594, -16.684595], [-49.391594, -16.684844], [-49.391688, -16.684844]]]}, "properties": {"info": {"id": "000101378343", "nm_lot": "6"}, "address": "?, ?"}},
{"type": "Feature", "geometry": {"type": "Polygon", "coordinates": [[[-49.39046, -16.684797], [-49.39046, -16.684595], [-49.390356, -16.684595], [-49.390356, -16.684797], [-49.39046, -16.684797]]]}, "properties": {"info": {"id": "000101378355", "nm_lot": "1"}, "address": "?, ?"}},
{"type": "Feature", "geometry": {"type": "Polygon", "coordinates": [[[-49.38669, -16.684889], [-49.386784, -16.684889], [-49.386784, -16.684685], [-49.386691, -16.684685], [-49.38669, -16.684889]]]}, "properties": {"info": {"id": "000101378301", "nm_lot": "1"}, "address": "?, ?"}},
{"type": "Feature", "geometry": {"type": "Polygon", "coordinates": [[[-49.389893, -16.683436], [-49.390081, -16.683436], [-49.390081, -16.683346], [-49.389893, -16.683346], [-49.389893, -16.683436]]]}, "properties": {"info": {"id": "000101378850", "nm_lot": "1"}, "address": "?, ?"}},
{"type": "Feature", "geometry": {"type": "Polygon", "coordinates": [[[-49.392497, -16.68369], [-49.392501, -16.683495], [-49.392369, -16.683492], [-49.392365, -16.683688], [-49.392497, -16.68369]]]}, "properties": {"info": {"id": "000101253091", "nm_lot": "14"}, "address": "?, ?"}},
{"type": "Feature", "geometry": {"type": "Polygon", "coordinates": [[[-49.384184, -16.68332], [-49.384399, -16.68332], [-49.384399, -16.683248], [-49.384184, -16.683248], [-49.384184, -16.68332]]]}, "properties": {"info": {"id": "000101378849", "nm_lot": "1A"}, "address": "?, ?"}},
{"type": "Feature", "geometry": {"type": "Polygon", "coordinates": [[[-49.385487, -16.68326], [-49.385487, -16.683176], [-49.385318, -16.683176], [-49.385271, -16.683221], [-49.385271, -16.683259], [-49.385487, -16.68326]]]}, "properties": {"info": {"id": "000101378903", "nm_lot": "1B"}, "address": "?, ?"}},
{"type": "Feature", "geometry": {"type": "Polygon", "coordinates": [[[-49.3915, -16.68568], [-49.3915, -16.685431], [-49.391406, -16.685431], [-49.391406, -16.68568], [-49.3915, -16.68568]]]}, "properties": {"info": {"id": "000101378124", "nm_lot": "14"}, "address": "?, ?"}},
{"type": "Feature", "geometry": {"type": "Polygon", "coordinates": [[[-49.390514, -16.683227], [-49.390514, -16.68302], [-49.390442, -16.68302], [-49.390442, -16.683227], [-49.390514, -16.683227]]]}, "properties": {"info": {"id": "000101378919", "nm_lot": "14A"}, "address": "?, ?"}},
{"type": "Feature", "geometry": {"type": "Polygon", "coordinates": [[[-49.390984, -16.686111], [-49.390984, -16.686017], [-49.390769, -16.686017], [-49.390769, -16.686111], [-49.390984, -16.686111]]]}, "properties": {"info": {"id": "000101377991", "nm_lot": "15"}, "address": "?, ?"}},
{"type": "Feature", "geometry": {"type": "Polygon", "coordinates": [[[-49.388599, -16.682921], [-49.388674, -16.682921], [-49.388674, -16.682713], [-49.388599, -16.682713], [-49.388599, -16.682921]]]}, "properties": {"info": {"id": "000101379083", "nm_lot": "18B"}, "address": "?, ?"}},
{"type": "Feature", "geometry": {"type": "Polygon", "coordinates": [[[-49.392917, -16.683502], [-49.39292, -16.683352], [-49.392873, -16.683306], [-49.392769, -16.683304], [-49.392766, -16.683499], [-49.392917, -16.683502]]]}, "properties": {"info": {"id": "000101252924", "nm_lot": "1"}, "address": "?, ?"}},
{"type": "Feature", "geometry": {"type": "Polygon", "coordinates": [[[-49.388359, -16.686113], [-49.388575, -16.686113], [-49.388575, -16.686019], [-49.388359, -16.686019], [-49.388359, -16.686113]]]}, "properties": {"info": {"id": "000101377973", "nm_lot": "19"}, "address": "?, ?"}},
{"type": "Feature", "geometry": {"type": "Polygon", "coordinates": [[[-49.388884, -16.686111], [-49.388884, -16.686017], [-49.388669, -16.686017], [-49.388669, -16.686111], [-49.388884, -16.686111]]]}, "properties": {"info": {"id": "000101377976", "nm_lot": "15"}, "address": "?, ?"}},
{"type": "Feature", "geometry": {"type": "Polygon", "coordinates": [[[-49.387619, -16.685584], [-49.387834, -16.685584], [-49.387834, -16.685494], [-49.387619, -16.685494], [-49.387619, -16.685584]]]}, "properties": {"info": {"id": "000101378121", "nm_lot": "9"}, "address": "?, ?"}},
{"type": "Feature", "geometry": {"type": "Polygon", "coordinates": [[[-49.390181, -16.684304], [-49.390181, -16.684096], [-49.390109, -16.684096], [-49.390109, -16.684304], [-49.390181, -16.684304]]]}, "properties": {"info": {"id": "000101378368", "nm_lot": "15B"}, "address": "?, ?"}},
{"type": "Feature", "geometry": {"type": "Polygon", "coordinates": [[[-49.386568, -16.686111], [-49.386784, -16.686111], [-49.386784, -16.686017], [-49.386568, -16.686017], [-49.386568, -16.686111]]]}, "properties": {"info": {"id": "000101377960", "nm_lot": "15"}, "address": "?, ?"}},
{"type": "Feature", "geometry": {"type": "Polygon", "coordinates": [[[-49.388629, -16.683598], [-49.388629, -16.683526], [-49.388414, -16.683526], [-49.388414, -16.683598], [-49.388629, -16.683598]]]}, "properties": {"info": {"id": "000101378743", "nm_lot": "13A"}, "address": "?, ?"}},
{"type": "Feature", "geometry": {"type": "Polygon", "coordinates": [[[-49.394309, -16.683041], [-49.394357, -16.682997], [-49.39436, -16.68286], [-49.394185, -16.682857], [-49.394181, -16.683039], [-49.394309, -16.683041]]]}, "properties": {"info": {"id": "000101252902", "nm_lot": "15"}, "address": "?, ?"}},
{"type": "Feature", "geometry": {"type": "Polygon", "coordinates": [[[-49.388629, -16.683312], [-49.388629, -16.683286], [-49.388582, -16.683241], [-49.388414, -16.683241], [-49.388414, -16.683312], [-49.388629, -16.683312]]]}, "properties": {"info": {"id": "000101378897", "nm_lot": "15A"}, "address": "?, ?"}},
{"type": "Feature", "geometry": {"type": "Polygon", "coordinates": [[[-49.387326, -16.683598], [-49.387542, -16.683598], [-49.387542, -16.683526], [-49.387326, -16.683526], [-49.387326, -16.683598]]]}, "properties": {"info": {"id": "000101378735", "nm_lot": "13A"}, "address": "?, ?"}},
{"type": "Feature", "geometry": {"type": "Polygon", "coordinates": [[[-49.390671, -16.68378], [-49.390746, -16.68378], [-49.390746, -16.683572], [-49.390671, -16.683572], [-49.390671, -16.68378]]]}, "properties": {"info": {"id": "000101378646", "nm_lot": "13B"}, "address": "?, ?"}},
{"type": "Feature", "geometry": {"type": "Polygon", "coordinates": [[[-49.390298, -16.683227], [-49.390298, -16.68302], [-49.390225, -16.68302], [-49.390225, -16.683227], [-49.390298, -16.683227]]]}, "properties": {"info": {"id": "000101378916", "nm_lot": "13B"}, "address": "?, ?"}},
{"type": "Feature", "geometry": {"type": "Polygon", "coordinates": [[[-49.389893, -16.683888], [-49.389893, -16.68396], [-49.390109, -16.68396], [-49.390109, -16.683888], [-49.389893, -16.683888]]]}, "properties": {"info": {"id": "000101378548", "nm_lot": "13B"}, "address": "?, ?"}},
{"type": "Feature", "geometry": {"type": "Polygon", "coordinates": [[[-49.391687, -16.686565], [-49.391781, -16.686565], [-49.391781, -16.686339], [-49.391687, -16.686339], [-49.391687, -16.686565]]]}, "properties": {"info": {"id": "000101377941", "nm_lot": "14"}, "address": "?, ?"}},
{"type": "Feature", "geometry": {"type": "Polygon", "coordinates": [[[-49.393618, -16.685183], [-49.393711, -16.685186], [-49.39372, -16.684915], [-49.393627, -16.684912], [-49.393618, -16.685183]]]}, "properties": {"info": {"id": "000101278514", "nm_lot": "14"}, "address": "?, ?"}},
{"type": "Feature", "geometry": {"type": "Polygon", "coordinates": [[[-49.390971, -16.683641], [-49.390971, -16.68378], [-49.391046, -16.68378], [-49.391046, -16.683572], [-49.390971, -16.683572], [-49.390971, -16.683641]]]}, "properties": {"info": {"id": "000101378650", "nm_lot": "15B"}, "address": "?, ?"}},
{"type": "Feature", "geometry": {"type": "Polygon", "coordinates": [[[-49.390244, -16.685079], [-49.39046, -16.685079], [-49.39046, -16.684985], [-49.390244, -16.684985], [-49.390244, -16.685079]]]}, "properties": {"info": {"id": "000101378289", "nm_lot": "5"}, "address": "?, ?"}},
{"type": "Feature", "geometry": {"type": "Polygon", "coordinates": [[[-49.387834, -16.686126], [-49.387618, -16.686126], [-49.387618, -16.686176], [-49.387665, -16.686221], [-49.387834, -16.686221], [-49.387834, -16.686126]]]}, "properties": {"info": {"id": "000101377966", "nm_lot": "16"}, "address": "?, ?"}},
{"type": "Feature", "geometry": {"type": "Polygon", "coordinates": [[[-49.394497, -16.687718], [-49.394577, -16.687458], [-49.394487, -16.687432], [-49.394407, -16.687692], [-49.394497, -16.687718]]]}, "properties": {"info": {"id": "000101315410", "nm_lot": "16"}, "address": "?, ?"}},
{"type": "Feature", "geometry": {"type": "Polygon", "coordinates": [[[-49.394461, -16.68482], [-49.39447, -16.684549], [-49.394348, -16.684545], [-49.394341, -16.684744], [-49.394342, -16.684758], [-49.394346, -16.684771], [-49.394353, -16.684784], [-49.394362, -16.684795], [-49.394373, -16.684805], [-49.394386, -16.684812], [-49.394399, -16.684816], [-49.394414, -16.684818], [-49.394461, -16.68482]]]}, "properties": {"info": {"id": "000101278252", "nm_lot": "16"}, "address": "?, ?"}},
{"type": "Feature", "geometry": {"type": "Polygon", "coordinates": [[[-49.388143, -16.686113], [-49.388359, -16.686113], [-49.388359, -16.686019], [-49.388143, -16.686019], [-49.388143, -16.686113]]]}, "properties": {"info": {"id": "000101377972", "nm_lot": "16"}, "address": "?, ?"}},
{"type": "Feature", "geometry": {"type": "Polygon", "coordinates": [[[-49.392832, -16.684967], [-49.393085, -16.684849], [-49.393044, -16.684768], [-49.392791, -16.684886], [-49.392832, -16.684967]]]}, "properties": {"info": {"id": "000101278588", "nm_lot": "16"}, "address": "?, ?"}},
{"type": "Feature", "geometry": {"type": "Polygon", "coordinates": [[[-49.393469, -16.686711], [-49.393521, -16.686542], [-49.393377, -16.686519], [-49.393297, -16.686577], [-49.39334, -16.686628], [-49.393429, -16.686694], [-49.393469, -16.686711]]]}, "properties": {"info": {"id": "000101278448", "nm_lot": "16"}, "address": "?, ?"}},
{"type": "Feature", "geometry": {"type": "Polygon", "coordinates": [[[-49.386568, -16.686176], [-49.386615, -16.686221], [-49.386784, -16.686221], [-49.386784, -16.686111], [-49.386568, -16.686111], [-49.386568, -16.686176]]]}, "properties": {"info": {"id": "000101377958", "nm_lot": "16"}, "address": "?, ?"}},
{"type": "Feature", "geometry": {"type": "Polygon", "coordinates": [[[-49.385487, -16.683918], [-49.385702, -16.683918], [-49.385702, -16.683845], [-49.385487, -16.683845], [-49.385487, -16.683918]]]}, "properties": {"info": {"id": "000101378554", "nm_lot": "9A"}, "address": "?, ?"}},
{"type": "Feature", "geometry": {"type": "Polygon", "coordinates": [[[-49.387549, -16.683128], [-49.387624, -16.683128], [-49.387624, -16.682921], [-49.387549, -16.682921], [-49.387549, -16.683128]]]}, "properties": {"info": {"id": "000101378951", "nm_lot": "A6"}, "address": "?, ?"}},
{"type": "Feature", "geometry": {"type": "Polygon", "coordinates": [[[-49.38763, -16.68428], [-49.387776, -16.684199], [-49.387963, -16.684199], [-49.388109, -16.68428], [-49.388198, -16.68428], [-49.388198, -16.684099], [-49.387541, -16.684099], [-49.387541, -16.68428], [-49.38763, -16.68428]]]}, "properties": {"info": {"id": "000101378384", "nm_lot": "APM"}, "address": "?, ?"}},
{"type": "Feature", "geometry": {"type": "Polygon", "coordinates": [[[-49.383572, -16.68556], [-49.383569, -16.68565], [-49.383851, -16.685658], [-49.383853, -16.685568], [-49.383572, -16.68556]]]}, "properties": {"info": {"id": "000101259983", "nm_lot": "5"}, "address": "?, ?"}},
{"type": "Feature", "geometry": {"type": "Polygon", "coordinates": [[[-49.384111, -16.684805], [-49.384118, -16.684579], [-49.384006, -16.684576], [-49.383999, -16.684802], [-49.384111, -16.684805]]]}, "properties": {"info": {"id": "000101259991", "nm_lot": "5"}, "address": "?, ?"}},
{"type": "Feature", "geometry": {"type": "Polygon", "coordinates": [[[-49.388674, -16.682921], [-49.388749, -16.682921], [-49.388749, -16.682713], [-49.388674, -16.682713], [-49.388674, -16.682921]]]}, "properties": {"info": {"id": "000101379084", "nm_lot": "17A"}, "address": "?, ?"}},
{"type": "Feature", "geometry": {"type": "Polygon", "coordinates": [[[-49.393508, -16.687434], [-49.393589, -16.687174], [-49.393499, -16.687148], [-49.393419, -16.687408], [-49.393508, -16.687434]]]}, "properties": {"info": {"id": "000101301494", "nm_lot": "5"}, "address": "?, ?"}},
{"type": "Feature", "geometry": {"type": "Polygon", "coordinates": [[[-49.388144, -16.685925], [-49.388359, -16.685925], [-49.388359, -16.685831], [-49.388144, -16.685831], [-49.388144, -16.685925]]]}, "properties": {"info": {"id": "000101378035", "nm_lot": "14"}, "address": "?, ?"}},
{"type": "Feature", "geometry": {"type": "Polygon", "coordinates": [[[-49.391164, -16.683227], [-49.391164, -16.683019], [-49.391092, -16.683019], [-49.391092, -16.683227], [-49.391164, -16.683227]]]}, "properties": {"info": {"id": "000101378928", "nm_lot": "19B"}, "address": "?, ?"}},
{"type": "Feature", "geometry": {"type": "Polygon", "coordinates": [[[-49.388198, -16.683384], [-49.388414, -16.683384], [-49.388414, -16.683312], [-49.388198, -16.683312], [-49.388198, -16.683384]]]}, "properties": {"info": {"id": "000101378863", "nm_lot": "1A"}, "address": "?, ?"}},
{"type": "Feature", "geometry": {"type": "Polygon", "coordinates": [[[-49.387478, -16.686221], [-49.387525, -16.686176], [-49.387525, -16.686113], [-49.387309, -16.686113], [-49.387309, -16.686221], [-49.387478, -16.686221]]]}, "properties": {"info": {"id": "000101377963", "nm_lot": "18"}, "address": "?, ?"}},
{"type": "Feature", "geometry": {"type": "Polygon", "coordinates": [[[-49.386475, -16.686022], [-49.386475, -16.685932], [-49.386259, -16.685932], [-49.386259, -16.686022], [-49.386475, -16.686022]]]}, "properties": {"info": {"id": "000101378030", "nm_lot": "18"}, "address": "?, ?"}},
{"type": "Feature", "geometry": {"type": "Polygon", "coordinates": [[[-49.390614, -16.684096], [-49.390614, -16.683888], [-49.390542, -16.683888], [-49.390542, -16.684096], [-49.390614, -16.684096]]]}, "properties": {"info": {"id": "000101378491", "nm_lot": "9A"}, "address": "?, ?"}},
{"type": "Feature", "geometry": {"type": "Polygon", "coordinates": [[[-49.387397, -16.68428], [-49.387468, -16.68428], [-49.387468, -16.684097], [-49.387397, -16.684097], [-49.387397, -16.68428]]]}, "properties": {"info": {"id": "000101378380", "nm_lot": "9B"}, "address": "?, ?"}},
{"type": "Feature", "geometry": {"type": "Polygon", "coordinates": [[[-49.385327, -16.682832], [-49.385327, -16.682652], [-49.385234, -16.682652], [-49.385234, -16.682832], [-49.385327, -16.682832]]]}, "properties": {"info": {"id": "000101379128", "nm_lot": "9"}, "address": "?, ?"}},
{"type": "Feature", "geometry": {"type": "Polygon", "coordinates": [[[-49.386238, -16.68371], [-49.386454, -16.68371], [-49.386454, -16.683638], [-49.386238, -16.683638], [-49.386238, -16.68371]]]}, "properties": {"info": {"id": "000101378682", "nm_lot": "9A"}, "address": "?, ?"}},
{"type": "Feature", "geometry": {"type": "Polygon", "coordinates": [[[-49.393388, -16.683305], [-49.393576, -16.683309], [-49.393577, -16.683254], [-49.393389, -16.68325], [-49.393388, -16.683305]]]}, "properties": {"info": {"id": "000101252919", "nm_lot": "AREA"}, "address": "?, ?"}},
{"type": "Feature", "geometry": {"type": "Polygon", "coordinates": [[[-49.393583, -16.682954], [-49.393585, -16.682846], [-49.393586, -16.682817], [-49.393486, -16.682815], [-49.393397, -16.682814], [-49.393394, -16.68295], [-49.393583, -16.682954]]]}, "properties": {"info": {"id": "000101252916", "nm_lot": "8"}, "address": "?, ?"}},
{"type": "Feature", "geometry": {"type": "Polygon", "coordinates": [[[-49.383842, -16.685926], [-49.384078, -16.685898], [-49.384126, -16.685848], [-49.384129, -16.685757], [-49.383848, -16.685749], [-49.383842, -16.685926]]]}, "properties": {"info": {"id": "000101259958", "nm_lot": "8"}, "address": "?, ?"}},
{"type": "Feature", "geometry": {"type": "Polygon", "coordinates": [[[-49.387619, -16.685494], [-49.387834, -16.685494], [-49.387834, -16.685403], [-49.387619, -16.685403], [-49.387619, -16.685494]]]}, "properties": {"info": {"id": "000101378156", "nm_lot": "8"}, "address": "?, ?"}},
{"type": "Feature", "geometry": {"type": "Polygon", "coordinates": [[[-49.391333, -16.68714], [-49.391923, -16.687043], [-49.392749, -16.686907], [-49.392866, -16.686887], [-49.3929, -16.686882], [-49.391334, -16.686881], [-49.391333, -16.68714]]]}, "properties": {"info": {"id": "000101377918", "nm_lot": "APM"}, "address": "?, ?"}},
{"type": "Feature", "geometry": {"type": "Polygon", "coordinates": [[[-49.387145, -16.68814], [-49.387167, -16.688225], [-49.387167, -16.688312], [-49.387145, -16.688397], [-49.387139, -16.68842], [-49.38714, -16.688444], [-49.387147, -16.688467], [-49.38716, -16.688487], [-49.387178, -16.688503], [-49.387199, -16.688514], [-49.387223, -16.68852], [-49.387248, -16.688519], [-49.388578, -16.6883], [-49.388586, -16.688299], [-49.3886, -16.688297], [-49.388608, -16.688296], [-49.390459, -16.688108], [-49.390485, -16.688106], [-49.390498, -16.688106], [-49.390512, -16.688105], [-49.391093, -16.68811], [-49.391108, -16.688109], [-49.391122, -16.688105], [-49.391135, -16.688098], [-49.391147, -16.688089], [-49.391156, -16.688078], [-49.391163, -16.688066], [-49.391167, -16.688052], [-49.391169, -16.688038], [-49.391193, -16.687177], [-49.387217, -16.687847], [-49.386856, -16.687898], [-49.386818, -16.687904], [-49.386798, -16.687907], [-49.386815, -16.687908], [-49.386883, -16.687916], [-49.386968, -16.687947], [-49.387043, -16.687996], [-49.387103, -16.688062], [-49.387145, -16.68814]]]}, "properties": {"info": {"id": "000101346689", "nm_lot": "APM 2"}, "address": "?, ?"}},
{"type": "Feature", "geometry": {"type": "Polygon", "coordinates": [[[-49.389501, -16.683503], [-49.389717, -16.683503], [-49.389717, -16.683431], [-49.389501, -16.683431], [-49.389501, -16.683503]]]}, "properties": {"info": {"id": "000101378818", "nm_lot": "9B"}, "address": "?, ?"}},
{"type": "Feature", "geometry": {"type": "Polygon", "coordinates": [[[-49.385271, -16.683479], [-49.385487, -16.683479], [-49.385487, -16.683406], [-49.385271, -16.683406], [-49.385271, -16.683479]]]}, "properties": {"info": {"id": "000101378809", "nm_lot": "A"}, "address": "?, ?"}},
{"type": "Feature", "geometry": {"type": "Polygon", "coordinates": [[[-49.38468, -16.684254], [-49.384708, -16.684227], [-49.384708, -16.684046], [-49.384615, -16.684046], [-49.384615, -16.684253], [-49.38468, -16.684254]]]}, "properties": {"info": {"id": "000101378396", "nm_lot": "AREA"}, "address": "?, ?"}},
{"type": "Feature", "geometry": {"type": "Polygon", "coordinates": [[[-49.389285, -16.684255], [-49.389343, -16.684234], [-49.389399, -16.684208], [-49.389452, -16.684177], [-49.389501, -16.684141], [-49.389546, -16.6841], [-49.389587, -16.684055], [-49.389622, -16.684007], [-49.389653, -16.683955], [-49.389285, -16.683955], [-49.389285, -16.684255]]]}, "properties": {"info": {"id": "000101378448", "nm_lot": "AREA"}, "address": "?, ?"}},
{"type": "Feature", "geometry": {"type": "Polygon", "coordinates": [[[-49.38603, -16.682993], [-49.386171, -16.683128], [-49.386499, -16.683128], [-49.386593, -16.683038], [-49.386593, -16.682993], [-49.38603, -16.682993]]]}, "properties": {"info": {"id": "000101379028", "nm_lot": "AREA"}, "address": "?, ?"}},
{"type": "Feature", "geometry": {"type": "Polygon", "coordinates": [[[-49.392625, -16.686222], [-49.392719, -16.686222], [-49.392719, -16.685996], [-49.392625, -16.685996], [-49.392625, -16.686222]]]}, "properties": {"info": {"id": "000101378007", "nm_lot": "30"}, "address": "?, ?"}},
{"type": "Feature", "geometry": {"type": "Polygon", "coordinates": [[[-49.391594, -16.686565], [-49.391687, -16.686565], [-49.391687, -16.686339], [-49.391594, -16.686339], [-49.391594, -16.686565]]]}, "properties": {"info": {"id": "000101377940", "nm_lot": "15"}, "address": "?, ?"}},
{"type": "Feature", "geometry": {"type": "Polygon", "coordinates": [[[-49.393731, -16.683131], [-49.393683, -16.683176], [-49.39368, -16.683312], [-49.393841, -16.683315], [-49.393844, -16.683133], [-49.393731, -16.683131]]]}, "properties": {"info": {"id": "000101252920", "nm_lot": "15"}, "address": "?, ?"}},
{"type": "Feature", "geometry": {"type": "Polygon", "coordinates": [[[-49.392565, -16.687448], [-49.392611, -16.687446], [-49.392657, -16.687441], [-49.392703, -16.687432], [-49.392746, -16.68742], [-49.392993, -16.68734], [-49.393009, -16.687333], [-49.393023, -16.687322], [-49.393033, -16.687308], [-49.39304, -16.687293], [-49.39312, -16.687037], [-49.393125, -16.687006], [-49.393122, -16.686975], [-49.393111, -16.686946], [-49.393093, -16.686921], [-49.393069, -16.6869], [-49.39304, -16.686886], [-49.393009, -16.68688], [-49.392977, -16.686881], [-49.392866, -16.686887], [-49.392865, -16.686887], [-49.392806, -16.686891], [-49.391923, -16.687043], [-49.391333, -16.687144], [-49.391307, -16.687149], [-49.391323, -16.687366], [-49.391324, -16.68738], [-49.391329, -16.687393], [-49.391335, -16.687406], [-49.391345, -16.687417], [-49.391356, -16.687426], [-49.391369, -16.687433], [-49.391383, -16.687437], [-49.391398, -16.687439], [-49.392565, -16.687448]]]}, "properties": {"info": {"id": "000101346690", "nm_lot": "APM 1"}, "address": "?, ?"}},
{"type": "Feature", "geometry": {"type": "Polygon", "coordinates": [[[-49.389227, -16.684269], [-49.389285, -16.684255], [-49.389285, -16.684099], [-49.389192, -16.684099], [-49.389192, -16.684274], [-49.389227, -16.684269]]]}, "properties": {"info": {"id": "000101378438", "nm_lot": "6"}, "address": "?, ?"}},
{"type": "Feature", "geometry": {"type": "Polygon", "coordinates": [[[-49.384399, -16.683609], [-49.384615, -16.683609], [-49.384615, -16.683537], [-49.384399, -16.683537], [-49.384399, -16.683609]]]}, "properties": {"info": {"id": "000101378691", "nm_lot": "13B"}, "address": "?, ?"}},
{"type": "Feature", "geometry": {"type": "Polygon", "coordinates": [[[-49.389409, -16.685079], [-49.389625, -16.685079], [-49.389625, -16.684985], [-49.389409, -16.684985], [-49.389409, -16.685079]]]}, "properties": {"info": {"id": "000101378258", "nm_lot": "30"}, "address": "?, ?"}},
{"type": "Feature", "geometry": {"type": "Polygon", "coordinates": [[[-49.387834, -16.684951], [-49.387834, -16.685042], [-49.38805, -16.685042], [-49.38805, -16.684951], [-49.387834, -16.684951]]]}, "properties": {"info": {"id": "000101378267", "nm_lot": "30"}, "address": "?, ?"}},
{"type": "Feature", "geometry": {"type": "Polygon", "coordinates": [[[-49.388359, -16.684985], [-49.388575, -16.684985], [-49.388575, -16.684891], [-49.388359, -16.684891], [-49.388359, -16.684985]]]}, "properties": {"info": {"id": "000101378274", "nm_lot": "31"}, "address": "?, ?"}},
{"type": "Feature", "geometry": {"type": "Polygon", "coordinates": [[[-49.386878, -16.684889], [-49.387, -16.684889], [-49.387, -16.68473], [-49.386953, -16.684685], [-49.386878, -16.684685], [-49.386878, -16.684889]]]}, "properties": {"info": {"id": "000101378323", "nm_lot": "31"}, "address": "?, ?"}},
{"type": "Feature", "geometry": {"type": "Polygon", "coordinates": [[[-49.386353, -16.684847], [-49.386475, -16.684847], [-49.386475, -16.684594], [-49.386363, -16.684594], [-49.386353, -16.684595], [-49.386353, -16.684847]]]}, "properties": {"info": {"id": "000101378340", "nm_lot": "31"}, "address": "?, ?"}},
{"type": "Feature", "geometry": {"type": "Polygon", "coordinates": [[[-49.385205, -16.684259], [-49.385271, -16.68426], [-49.385271, -16.684052], [-49.385177, -16.684051], [-49.385177, -16.684232], [-49.385205, -16.684259]]]}, "properties": {"info": {"id": "000101378391", "nm_lot": "AREA"}, "address": "?, ?"}},
{"type": "Feature", "geometry": {"type": "Polygon", "coordinates": [[[-49.389409, -16.684985], [-49.389625, -16.684985], [-49.389625, -16.684891], [-49.389409, -16.684891], [-49.389409, -16.684985]]]}, "properties": {"info": {"id": "000101378278", "nm_lot": "31"}, "address": "?, ?"}},
{"type": "Feature", "geometry": {"type": "Polygon", "coordinates": [[[-49.390563, -16.684797], [-49.390675, -16.684797], [-49.390675, -16.684595], [-49.390563, -16.684595], [-49.390563, -16.684797]]]}, "properties": {"info": {"id": "000101378357", "nm_lot": "33"}, "address": "?, ?"}},
{"type": "Feature", "geometry": {"type": "Polygon", "coordinates": [[[-49.386548, -16.68428], [-49.386641, -16.68428], [-49.386641, -16.684099], [-49.386548, -16.684099], [-49.386548, -16.68428]]]}, "properties": {"info": {"id": "000101378362", "nm_lot": "3"}, "address": "?, ?"}},
{"type": "Feature", "geometry": {"type": "Polygon", "coordinates": [[[-49.387834, -16.686126], [-49.387834, -16.686036], [-49.387618, -16.686036], [-49.387618, -16.686126], [-49.387834, -16.686126]]]}, "properties": {"info": {"id": "000101377968", "nm_lot": "15"}, "address": "?, ?"}},
{"type": "Feature", "geometry": {"type": "Polygon", "coordinates": [[[-49.394134, -16.683785], [-49.394137, -16.683603], [-49.393996, -16.6836], [-49.393992, -16.683782], [-49.394134, -16.683785]]]}, "properties": {"info": {"id": "000101252897", "nm_lot": "15"}, "address": "?, ?"}},
{"type": "Feature", "geometry": {"type": "Polygon", "coordinates": [[[-49.394407, -16.687692], [-49.394487, -16.687432], [-49.394397, -16.687406], [-49.394317, -16.687666], [-49.394407, -16.687692]]]}, "properties": {"info": {"id": "000101311326", "nm_lot": "15"}, "address": "?, ?"}},
{"type": "Feature", "geometry": {"type": "Polygon", "coordinates": [[[-49.392872, -16.685049], [-49.393126, -16.684931], [-49.393085, -16.684849], [-49.392832, -16.684967], [-49.392872, -16.685049]]]}, "properties": {"info": {"id": "000101278560", "nm_lot": "15"}, "address": "?, ?"}},
{"type": "Feature", "geometry": {"type": "Polygon", "coordinates": [[[-49.385702, -16.68326], [-49.385702, -16.68324], [-49.385636, -16.683176], [-49.385487, -16.683176], [-49.385487, -16.68326], [-49.385702, -16.68326]]]}, "properties": {"info": {"id": "000101378904", "nm_lot": "14"}, "address": "?, ?"}},
{"type": "Feature", "geometry": {"type": "Polygon", "coordinates": [[[-49.392741, -16.685411], [-49.392995, -16.685293], [-49.392954, -16.685211], [-49.392701, -16.685329], [-49.392741, -16.685411]]]}, "properties": {"info": {"id": "000101278566", "nm_lot": "30"}, "address": "?, ?"}},
{"type": "Feature", "geometry": {"type": "Polygon", "coordinates": [[[-49.3912, -16.684984], [-49.3912, -16.68489], [-49.390985, -16.68489], [-49.390985, -16.684984], [-49.3912, -16.684984]]]}, "properties": {"info": {"id": "000101378316", "nm_lot": "30"}, "address": "?, ?"}},
{"type": "Feature", "geometry": {"type": "Polygon", "coordinates": [[[-49.383767, -16.685021], [-49.383774, -16.684796], [-49.383661, -16.684793], [-49.383654, -16.685018], [-49.383767, -16.685021]]]}, "properties": {"info": {"id": "000101259994", "nm_lot": "37"}, "address": "?, ?"}},
{"type": "Feature", "geometry": {"type": "Polygon", "coordinates": [[[-49.393027, -16.68598], [-49.393068, -16.686062], [-49.393321, -16.685944], [-49.39328, -16.685862], [-49.393027, -16.68598]]]}, "properties": {"info": {"id": "000101278589", "nm_lot": "38"}, "address": "?, ?"}},
{"type": "Feature", "geometry": {"type": "Polygon", "coordinates": [[[-49.391121, -16.683572], [-49.391196, -16.683572], [-49.391196, -16.683364], [-49.391121, -16.683364], [-49.391121, -16.683572]]]}, "properties": {"info": {"id": "000101378777", "nm_lot": "3A"}, "address": "?, ?"}},
{"type": "Feature", "geometry": {"type": "Polygon", "coordinates": [[[-49.389501, -16.683575], [-49.389501, -16.683503], [-49.389285, -16.683503], [-49.389285, -16.683575], [-49.389501, -16.683575]]]}, "properties": {"info": {"id": "000101378763", "nm_lot": "3B"}, "address": "?, ?"}},
{"type": "Feature", "geometry": {"type": "Polygon", "coordinates": [[[-49.392719, -16.686565], [-49.392719, -16.686339], [-49.392625, -16.686339], [-49.392625, -16.686565], [-49.392719, -16.686565]]]}, "properties": {"info": {"id": "000101377951", "nm_lot": "4"}, "address": "?, ?"}},
{"type": "Feature", "geometry": {"type": "Polygon", "coordinates": [[[-49.388414, -16.683455], [-49.388629, -16.683455], [-49.388629, -16.683384], [-49.388414, -16.683384], [-49.388414, -16.683455]]]}, "properties": {"info": {"id": "000101378829", "nm_lot": "14A"}, "address": "?, ?"}},
{"type": "Feature", "geometry": {"type": "Polygon", "coordinates": [[[-49.387326, -16.683526], [-49.387542, -16.683526], [-49.387542, -16.683455], [-49.387326, -16.683455], [-49.387326, -16.683526]]]}, "properties": {"info": {"id": "000101378785", "nm_lot": "14B"}, "address": "?, ?"}},
{"type": "Feature", "geometry": {"type": "Polygon", "coordinates": [[[-49.390442, -16.683227], [-49.390442, -16.68302], [-49.39037, -16.68302], [-49.39037, -16.683227], [-49.390442, -16.683227]]]}, "properties": {"info": {"id": "000101378918", "nm_lot": "14B"}, "address": "?, ?"}},
{"type": "Feature", "geometry": {"type": "Polygon", "coordinates": [[[-49.384604, -16.683077], [-49.384678, -16.683077], [-49.384679, -16.682869], [-49.384604, -16.682869], [-49.384604, -16.683077]]]}, "properties": {"info": {"id": "000101378998", "nm_lot": "30B"}, "address": "?, ?"}},
{"type": "Feature", "geometry": {"type": "Polygon", "coordinates": [[[-49.387309, -16.684985], [-49.387525, -16.684985], [-49.387525, -16.684891], [-49.387309, -16.684891], [-49.387309, -16.684985]]]}, "properties": {"info": {"id": "000101378272", "nm_lot": "31"}, "address": "?, ?"}},
{"type": "Feature", "geometry": {"type": "Polygon", "coordinates": [[[-49.390675, -16.684985], [-49.390675, -16.684891], [-49.39046, -16.684891], [-49.39046, -16.684985], [-49.390675, -16.684985]]]}, "properties": {"info": {"id": "000101378314", "nm_lot": "31"}, "address": "?, ?"}},
{"type": "Feature", "geometry": {"type": "Polygon", "coordinates": [[[-49.387542, -16.683312], [-49.387542, -16.683286], [-49.387495, -16.683241], [-49.387326, -16.683241], [-49.387326, -16.683312], [-49.387542, -16.683312]]]}, "properties": {"info": {"id": "000101378893", "nm_lot": "15A"}, "address": "?, ?"}},
{"type": "Feature", "geometry": {"type": "Polygon", "coordinates": [[[-49.384615, -16.68332], [-49.384615, -16.683248], [-49.384399, -16.683248], [-49.384399, -16.68332], [-49.384615, -16.68332]]]}, "properties": {"info": {"id": "000101378853", "nm_lot": "15B"}, "address": "?, ?"}},
{"type": "Feature", "geometry": {"type": "Polygon", "coordinates": [[[-49.391688, -16.68568], [-49.391688, -16.685431], [-49.391594, -16.685431], [-49.391594, -16.68568], [-49.391688, -16.68568]]]}, "properties": {"info": {"id": "000101378128", "nm_lot": "16"}, "address": "?, ?"}},
{"type": "Feature", "geometry": {"type": "Polygon", "coordinates": [[[-49.386566, -16.683674], [-49.386782, -16.683674], [-49.386782, -16.683602], [-49.386566, -16.683602], [-49.386566, -16.683674]]]}, "properties": {"info": {"id": "000101378652", "nm_lot": "3A"}, "address": "?, ?"}},
{"type": "Feature", "geometry": {"type": "Polygon", "coordinates": [[[-49.389934, -16.685077], [-49.389934, -16.684983], [-49.389719, -16.684983], [-49.389719, -16.685077], [-49.389934, -16.685077]]]}, "properties": {"info": {"id": "000101378259", "nm_lot": "4"}, "address": "?, ?"}},
{"type": "Feature", "geometry": {"type": "Polygon", "coordinates": [[[-49.390081, -16.683707], [-49.390081, -16.683617], [-49.389893, -16.683617], [-49.389893, -16.683707], [-49.390081, -16.683707]]]}, "properties": {"info": {"id": "000101378693", "nm_lot": "4"}, "address": "?, ?"}},
{"type": "Feature", "geometry": {"type": "Polygon", "coordinates": [[[-49.393335, -16.68795], [-49.393336, -16.687857], [-49.39306, -16.687855], [-49.393058, -16.68789], [-49.393055, -16.687947], [-49.393335, -16.68795]]]}, "properties": {"info": {"id": "000101305667", "nm_lot": "4"}, "address": "?, ?"}},
{"type": "Feature", "geometry": {"type": "Polygon", "coordinates": [[[-49.384827, -16.683077], [-49.384901, -16.683077], [-49.384901, -16.682869], [-49.384827, -16.682869], [-49.384827, -16.683077]]]}, "properties": {"info": {"id": "000101379001", "nm_lot": "31A"}, "address": "?, ?"}},
{"type": "Feature", "geometry": {"type": "Polygon", "coordinates": [[[-49.392823, -16.685573], [-49.393076, -16.685455], [-49.393035, -16.685374], [-49.392782, -16.685492], [-49.392823, -16.685573]]]}, "properties": {"info": {"id": "000101278568", "nm_lot": "32"}, "address": "?, ?"}},
{"type": "Feature", "geometry": {"type": "Polygon", "coordinates": [[[-49.392762, -16.683695], [-49.392766, -16.683499], [-49.392633, -16.683497], [-49.39263, -16.683693], [-49.392762, -16.683695]]]}, "properties": {"info": {"id": "000101252854", "nm_lot": "16"}, "address": "?, ?"}},
{"type": "Feature", "geometry": {"type": "Polygon", "coordinates": [[[-49.393841, -16.683315], [-49.39368, -16.683312], [-49.393678, -16.683449], [-49.393724, -16.683495], [-49.393837, -16.683497], [-49.393841, -16.683315]]]}, "properties": {"info": {"id": "000101252907", "nm_lot": "16"}, "address": "?, ?"}},
{"type": "Feature", "geometry": {"type": "Polygon", "coordinates": [[[-49.389719, -16.686176], [-49.389765, -16.686221], [-49.389934, -16.686222], [-49.389934, -16.686111], [-49.389719, -16.686111], [-49.389719, -16.686176]]]}, "properties": {"info": {"id": "000101377982", "nm_lot": "16"}, "address": "?, ?"}},
{"type": "Feature", "geometry": {"type": "Polygon", "coordinates": [[[-49.393721, -16.684526], [-49.39373, -16.684259], [-49.393691, -16.684259], [-49.393634, -16.684262], [-49.393625, -16.684523], [-49.393636, -16.684524], [-49.393721, -16.684526]]]}, "properties": {"info": {"id": "000101278532", "nm_lot": "6"}, "address": "?, ?"}},
{"type": "Feature", "geometry": {"type": "Polygon", "coordinates": [[[-49.383855, -16.68325], [-49.383855, -16.683175], [-49.383687, -16.683175], [-49.38364, -16.683221], [-49.38364, -16.68325], [-49.383855, -16.68325]]]}, "properties": {"info": {"id": "000101378879", "nm_lot": "1"}, "address": "?, ?"}},
{"type": "Feature", "geometry": {"type": "Polygon", "coordinates": [[[-49.392501, -16.683495], [-49.392505, -16.683299], [-49.392436, -16.683298], [-49.392373, -16.683297], [-49.392369, -16.683492], [-49.392501, -16.683495]]]}, "properties": {"info": {"id": "000101253085", "nm_lot": "4"}, "address": "?, ?"}},
{"type": "Feature", "geometry": {"type": "Polygon", "coordinates": [[[-49.384557, -16.685576], [-49.384559, -16.685485], [-49.384278, -16.685477], [-49.384276, -16.685568], [-49.384557, -16.685576]]]}, "properties": {"info": {"id": "000101259973", "nm_lot": "4"}, "address": "?, ?"}},
{"type": "Feature", "geometry": {"type": "Polygon", "coordinates": [[[-49.393311, -16.687673], [-49.393357, -16.687525], [-49.393357, -16.687524], [-49.393207, -16.687482], [-49.393192, -16.687479], [-49.393177, -16.687479], [-49.393162, -16.687482], [-49.393148, -16.687488], [-49.393135, -16.687497], [-49.393125, -16.687508], [-49.393117, -16.68752], [-49.393112, -16.687534], [-49.393095, -16.687611], [-49.393311, -16.687673]]]}, "properties": {"info": {"id": "000101301499", "nm_lot": "1"}, "address": "?, ?"}},
{"type": "Feature", "geometry": {"type": "Polygon", "coordinates": [[[-49.388256, -16.684797], [-49.388359, -16.684797], [-49.388359, -16.684595], [-49.388256, -16.684595], [-49.388256, -16.684797]]]}, "properties": {"info": {"id": "000101378326", "nm_lot": "1"}, "address": "?, ?"}},
{"type": "Feature", "geometry": {"type": "Polygon", "coordinates": [[[-49.389194, -16.685361], [-49.389408, -16.685361], [-49.389408, -16.685267], [-49.389194, -16.685267], [-49.389194, -16.685361]]]}, "properties": {"info": {"id": "000101378187", "nm_lot": "8"}, "address": "?, ?"}},
{"type": "Feature", "geometry": {"type": "Polygon", "coordinates": [[[-49.383864, -16.682869], [-49.383938, -16.682869], [-49.383938, -16.682661], [-49.383864, -16.682661], [-49.383864, -16.682869]]]}, "properties": {"info": {"id": "000101379104", "nm_lot": "8A"}, "address": "?, ?"}},
{"type": "Feature", "geometry": {"type": "Polygon", "coordinates": [[[-49.389501, -16.683575], [-49.389717, -16.683575], [-49.389717, -16.683503], [-49.389501, -16.683503], [-49.389501, -16.683575]]]}, "properties": {"info": {"id": "000101378765", "nm_lot": "8A"}, "address": "?, ?"}},
{"type": "Feature", "geometry": {"type": "Polygon", "coordinates": [[[-49.383938, -16.682869], [-49.384012, -16.682869], [-49.384012, -16.682661], [-49.383938, -16.682661], [-49.383938, -16.682869]]]}, "properties": {"info": {"id": "000101379105", "nm_lot": "8B"}, "address": "?, ?"}},
{"type": "Feature", "geometry": {"type": "Polygon", "coordinates": [[[-49.387774, -16.683128], [-49.387849, -16.683128], [-49.387849, -16.682921], [-49.387774, -16.682921], [-49.387774, -16.683128]]]}, "properties": {"info": {"id": "000101378954", "nm_lot": "8B"}, "address": "?, ?"}},
{"type": "Feature", "geometry": {"type": "Polygon", "coordinates": [[[-49.392156, -16.686565], [-49.392249, -16.686565], [-49.39225, -16.686339], [-49.392156, -16.686339], [-49.392156, -16.686565]]]}, "properties": {"info": {"id": "000101377946", "nm_lot": "9"}, "address": "?, ?"}},
{"type": "Feature", "geometry": {"type": "Polygon", "coordinates": [[[-49.384132, -16.685666], [-49.383851, -16.685658], [-49.383848, -16.685749], [-49.384129, -16.685757], [-49.384132, -16.685666]]]}, "properties": {"info": {"id": "000101259955", "nm_lot": "9"}, "address": "?, ?"}},
{"type": "Feature", "geometry": {"type": "Polygon", "coordinates": [[[-49.388669, -16.685547], [-49.388884, -16.685547], [-49.388884, -16.685453], [-49.388669, -16.685453], [-49.388669, -16.685547]]]}, "properties": {"info": {"id": "000101378145", "nm_lot": "9"}, "address": "?, ?"}},
{"type": "Feature", "geometry": {"type": "Polygon", "coordinates": [[[-49.386568, -16.685547], [-49.386784, -16.685547], [-49.386783, -16.685538], [-49.386783, -16.685453], [-49.386568, -16.685453], [-49.386568, -16.685547]]]}, "properties": {"info": {"id": "000101378131", "nm_lot": "9"}, "address": "?, ?"}},
{"type": "Feature", "geometry": {"type": "Polygon", "coordinates": [[[-49.389719, -16.686111], [-49.389934, -16.686111], [-49.389934, -16.686017], [-49.389719, -16.686017], [-49.389719, -16.686111]]]}, "properties": {"info": {"id": "000101377984", "nm_lot": "15"}, "address": "?, ?"}},
{"type": "Feature", "geometry": {"type": "Polygon", "coordinates": [[[-49.385603, -16.684175], [-49.385623, -16.684156], [-49.385651, -16.684121], [-49.385673, -16.684082], [-49.385689, -16.684041], [-49.385699, -16.683998], [-49.385699, -16.683992], [-49.385487, -16.683991], [-49.385487, -16.684065], [-49.385603, -16.684175]]]}, "properties": {"info": {"id": "000101378468", "nm_lot": "8A"}, "address": "?, ?"}},
{"type": "Feature", "geometry": {"type": "Polygon", "coordinates": [[[-49.385487, -16.684065], [-49.385487, -16.683991], [-49.385271, -16.683991], [-49.385271, -16.684062], [-49.385425, -16.684064], [-49.385487, -16.684065]]]}, "properties": {"info": {"id": "000101378482", "nm_lot": "6A"}, "address": "?, ?"}},
{"type": "Feature", "geometry": {"type": "Polygon", "coordinates": [[[-49.390671, -16.683572], [-49.390746, -16.683572], [-49.390746, -16.683364], [-49.390671, -16.683364], [-49.390671, -16.683572]]]}, "properties": {"info": {"id": "000101378771", "nm_lot": "6A"}, "address": "?, ?"}},
{"type": "Feature", "geometry": {"type": "Polygon", "coordinates": [[[-49.388957, -16.683892], [-49.389173, -16.683892], [-49.389173, -16.683819], [-49.388957, -16.683819], [-49.388957, -16.683892]]]}, "properties": {"info": {"id": "000101378543", "nm_lot": "6A"}, "address": "?, ?"}},
{"type": "Feature", "geometry": {"type": "Polygon", "coordinates": [[[-49.390658, -16.683227], [-49.390658, -16.683021], [-49.390586, -16.68302], [-49.390586, -16.683227], [-49.390658, -16.683227]]]}, "properties": {"info": {"id": "000101378921", "nm_lot": "15A"}, "address": "?, ?"}},
{"type": "Feature", "geometry": {"type": "Polygon", "coordinates": [[[-49.388824, -16.683129], [-49.388899, -16.683129], [-49.388899, -16.682921], [-49.388824, -16.682921], [-49.388824, -16.683129]]]}, "properties": {"info": {"id": "000101378968", "nm_lot": "15B"}, "address": "?, ?"}},
{"type": "Feature", "geometry": {"type": "Polygon", "coordinates": [[[-49.391969, -16.685092], [-49.391969, -16.684844], [-49.391875, -16.684844], [-49.391875, -16.685092], [-49.391969, -16.685092]]]}, "properties": {"info": {"id": "000101378288", "nm_lot": "16"}, "address": "?, ?"}},
{"type": "Feature", "geometry": {"type": "Polygon", "coordinates": [[[-49.383886, -16.684799], [-49.383893, -16.684573], [-49.383781, -16.68457], [-49.383774, -16.684796], [-49.383886, -16.684799]]]}, "properties": {"info": {"id": "000101259988", "nm_lot": "7"}, "address": "?, ?"}},
{"type": "Feature", "geometry": {"type": "Polygon", "coordinates": [[[-49.394397, -16.687406], [-49.394478, -16.687147], [-49.394388, -16.687121], [-49.394308, -16.687381], [-49.394397, -16.687406]]]}, "properties": {"info": {"id": "000101305658", "nm_lot": "39"}, "address": "?, ?"}},
{"type": "Feature", "geometry": {"type": "Polygon", "coordinates": [[[-49.393337, -16.687762], [-49.393336, -16.687857], [-49.393617, -16.68786], [-49.393618, -16.687765], [-49.393405, -16.687763], [-49.393337, -16.687762]]]}, "properties": {"info": {"id": "000101301500", "nm_lot": "39"}, "address": "?, ?"}},
{"type": "Feature", "geometry": {"type": "Polygon", "coordinates": [[[-49.385271, -16.683552], [-49.385487, -16.683552], [-49.385487, -16.683479], [-49.385271, -16.683479], [-49.385271, -16.683552]]]}, "properties": {"info": {"id": "000101378756", "nm_lot": "3B"}, "address": "?, ?"}},
{"type": "Feature", "geometry": {"type": "Polygon", "coordinates": [[[-49.384679, -16.682869], [-49.384753, -16.682869], [-49.384753, -16.682661], [-49.384679, -16.682661], [-49.384679, -16.682869]]]}, "properties": {"info": {"id": "000101379115", "nm_lot": "3B"}, "address": "?, ?"}},
{"type": "Feature", "geometry": {"type": "Polygon", "coordinates": [[[-49.387024, -16.683128], [-49.387099, -16.683128], [-49.387099, -16.68292], [-49.387024, -16.68292], [-49.387024, -16.683128]]]}, "properties": {"info": {"id": "000101378944", "nm_lot": "3B"}, "address": "?, ?"}},
{"type": "Feature", "geometry": {"type": "Polygon", "coordinates": [[[-49.386238, -16.683566], [-49.386238, -16.683493], [-49.386023, -16.683493], [-49.386023, -16.683566], [-49.386238, -16.683566]]]}, "properties": {"info": {"id": "000101378754", "nm_lot": "3B"}, "address": "?, ?"}},
{"type": "Feature", "geometry": {"type": "Polygon", "coordinates": [[[-49.393582, -16.683028], [-49.393583, -16.682954], [-49.393394, -16.68295], [-49.393392, -16.683087], [-49.393581, -16.68309], [-49.393582, -16.683028]]]}, "properties": {"info": {"id": "000101252917", "nm_lot": "9"}, "address": "?, ?"}},
{"type": "Feature", "geometry": {"type": "Polygon", "coordinates": [[[-49.389194, -16.685455], [-49.389408, -16.685455], [-49.389408, -16.685361], [-49.389194, -16.685361], [-49.389194, -16.685455]]]}, "properties": {"info": {"id": "000101378177", "nm_lot": "9"}, "address": "?, ?"}},
{"type": "Feature", "geometry": {"type": "Polygon", "coordinates": [[[-49.386023, -16.683954], [-49.386025, -16.683994], [-49.386026, -16.683999], [-49.386238, -16.683999], [-49.386238, -16.683927], [-49.386023, -16.683927], [-49.386023, -16.683954]]]}, "properties": {"info": {"id": "000101378480", "nm_lot": "6B"}, "address": "?, ?"}},
{"type": "Feature", "geometry": {"type": "Polygon", "coordinates": [[[-49.391119, -16.684096], [-49.391119, -16.683888], [-49.391047, -16.683888], [-49.391047, -16.684096], [-49.391119, -16.684096]]]}, "properties": {"info": {"id": "000101378498", "nm_lot": "6B"}, "address": "?, ?"}},
{"type": "Feature", "geometry": {"type": "Polygon", "coordinates": [[[-49.392255, -16.683011], [-49.392259, -16.682816], [-49.392127, -16.682813], [-49.392123, -16.683009], [-49.392255, -16.683011]]]}, "properties": {"info": {"id": "000101253099", "nm_lot": "16"}, "address": "?, ?"}},
{"type": "Feature", "geometry": {"type": "Polygon", "coordinates": [[[-49.39328, -16.685862], [-49.393533, -16.685744], [-49.393493, -16.685663], [-49.393239, -16.685781], [-49.39328, -16.685862]]]}, "properties": {"info": {"id": "000101278580", "nm_lot": "5"}, "address": "?, ?"}},
{"type": "Feature", "geometry": {"type": "Polygon", "coordinates": [[[-49.388669, -16.685171], [-49.388884, -16.685171], [-49.388884, -16.685077], [-49.388669, -16.685077], [-49.388669, -16.685171]]]}, "properties": {"info": {"id": "000101378235", "nm_lot": "5"}, "address": "?, ?"}},
{"type": "Feature", "geometry": {"type": "Polygon", "coordinates": [[[-49.386043, -16.685299], [-49.386258, -16.685299], [-49.386258, -16.685209], [-49.386043, -16.685209], [-49.386043, -16.685299]]]}, "properties": {"info": {"id": "000101378225", "nm_lot": "5"}, "address": "?, ?"}},
{"type": "Feature", "geometry": {"type": "Polygon", "coordinates": [[[-49.384943, -16.68369], [-49.385159, -16.68369], [-49.385159, -16.683617], [-49.384943, -16.683617], [-49.384943, -16.68369]]]}, "properties": {"info": {"id": "000101378631", "nm_lot": "7A"}, "address": "?, ?"}},
{"type": "Feature", "geometry": {"type": "Polygon", "coordinates": [[[-49.390596, -16.683572], [-49.390671, -16.683572], [-49.390671, -16.683364], [-49.390596, -16.683364], [-49.390596, -16.683572]]]}, "properties": {"info": {"id": "000101378770", "nm_lot": "7B"}, "address": "?, ?"}},
{"type": "Feature", "geometry": {"type": "Polygon", "coordinates": [[[-49.38787, -16.683819], [-49.388085, -16.683819], [-49.388085, -16.683747], [-49.38787, -16.683747], [-49.38787, -16.683819]]]}, "properties": {"info": {"id": "000101378573", "nm_lot": "7B"}, "address": "?, ?"}},
{"type": "Feature", "geometry": {"type": "Polygon", "coordinates": [[[-49.384943, -16.683764], [-49.385159, -16.683764], [-49.385159, -16.68369], [-49.384943, -16.68369], [-49.384943, -16.683764]]]}, "properties": {"info": {"id": "000101378591", "nm_lot": "7B"}, "address": "?, ?"}},
{"type": "Feature", "geometry": {"type": "Polygon", "coordinates": [[[-49.394473, -16.68669], [-49.394566, -16.686705], [-49.394576, -16.686389], [-49.394483, -16.686386], [-49.394473, -16.68669]]]}, "properties": {"info": {"id": "000101278460", "nm_lot": "4"}, "address": "?, ?"}},
{"type": "Feature", "geometry": {"type": "Polygon", "coordinates": [[[-49.390296, -16.683572], [-49.390296, -16.683364], [-49.390221, -16.683364], [-49.390221, -16.683572], [-49.390296, -16.683572]]]}, "properties": {"info": {"id": "000101378641", "nm_lot": "9A"}, "address": "?, ?"}},
{"type": "Feature", "geometry": {"type": "Polygon", "coordinates": [[[-49.383855, -16.6834], [-49.384071, -16.683401], [-49.384071, -16.683326], [-49.383855, -16.683325], [-49.383855, -16.6834]]]}, "properties": {"info": {"id": "000101378807", "nm_lot": "9B"}, "address": "?, ?"}},
{"type": "Feature", "geometry": {"type": "Polygon", "coordinates": [[[-49.383774, -16.684796], [-49.383781, -16.68457], [-49.383709, -16.684568], [-49.383668, -16.684567], [-49.383661, -16.684792], [-49.383774, -16.684796]]]}, "properties": {"info": {"id": "000101259993", "nm_lot": "8"}, "address": "?, ?"}},
{"type": "Feature", "geometry": {"type": "Polygon", "coordinates": [[[-49.384838, -16.685584], [-49.384557, -16.685576], [-49.384554, -16.685666], [-49.384835, -16.685674], [-49.384838, -16.685584]]]}, "properties": {"info": {"id": "000101259965", "nm_lot": "8"}, "address": "?, ?"}},
{"type": "Feature", "geometry": {"type": "Polygon", "coordinates": [[[-49.388669, -16.685453], [-49.388884, -16.685453], [-49.388884, -16.685359], [-49.388669, -16.685359], [-49.388669, -16.685453]]]}, "properties": {"info": {"id": "000101378165", "nm_lot": "8"}, "address": "?, ?"}},
{"type": "Feature", "geometry": {"type": "Polygon", "coordinates": [[[-49.38683, -16.687882], [-49.387043, -16.687847], [-49.386511, -16.687205], [-49.386448, -16.687265], [-49.38683, -16.687882]]]}, "properties": {"info": {"id": "000101377913", "nm_lot": "APM"}, "address": "?, ?"}},
{"type": "Feature", "geometry": {"type": "Polygon", "coordinates": [[[-49.390284, -16.686607], [-49.390798, -16.687228], [-49.390855, -16.687219], [-49.390855, -16.686364], [-49.390527, -16.686364], [-49.390446, -16.686409], [-49.389977, -16.686409], [-49.389896, -16.686364], [-49.389271, -16.686364], [-49.390284, -16.686607]]]}, "properties": {"info": {"id": "000101377916", "nm_lot": "APM"}, "address": "?, ?"}},
{"type": "Feature", "geometry": {"type": "Polygon", "coordinates": [[[-49.392146, -16.684043], [-49.392665, -16.684052], [-49.392669, -16.683825], [-49.39215, -16.683815], [-49.392146, -16.684043]]]}, "properties": {"info": {"id": "000101253089", "nm_lot": "APM1"}, "address": "?, ?"}},
{"type": "Feature", "geometry": {"type": "Polygon", "coordinates": [[[-49.393844, -16.686967], [-49.393768, -16.687226], [-49.393858, -16.687252], [-49.393939, -16.686992], [-49.393844, -16.686967]]]}, "properties": {"info": {"id": "000101301490", "nm_lot": "45"}, "address": "?, ?"}},
{"type": "Feature", "geometry": {"type": "Polygon", "coordinates": [[[-49.392894, -16.685996], [-49.392801, -16.685811], [-49.392734, -16.68577], [-49.392625, -16.68577], [-49.392625, -16.685996], [-49.392894, -16.685996]]]}, "properties": {"info": {"id": "000101378009", "nm_lot": "1"}, "address": "?, ?"}},
{"type": "Feature", "geometry": {"type": "Polygon", "coordinates": [[[-49.389285, -16.683792], [-49.389501, -16.683792], [-49.389501, -16.68372], [-49.389285, -16.68372], [-49.389285, -16.683792]]]}, "properties": {"info": {"id": "000101378636", "nm_lot": "4A"}, "address": "?, ?"}},
{"type": "Feature", "geometry": {"type": "Polygon", "coordinates": [[[-49.390971, -16.683572], [-49.391046, -16.683572], [-49.391046, -16.683364], [-49.390971, -16.683364], [-49.390971, -16.683572]]]}, "properties": {"info": {"id": "000101378775", "nm_lot": "4A"}, "address": "?, ?"}},
{"type": "Feature", "geometry": {"type": "Polygon", "coordinates": [[[-49.388742, -16.683819], [-49.388957, -16.683819], [-49.388957, -16.683747], [-49.388742, -16.683747], [-49.388742, -16.683819]]]}, "properties": {"info": {"id": "000101378578", "nm_lot": "4A"}, "address": "?, ?"}},
{"type": "Feature", "geometry": {"type": "Polygon", "coordinates": [[[-49.387654, -16.683747], [-49.38787, -16.683747], [-49.38787, -16.683674], [-49.387654, -16.683674], [-49.387654, -16.683747]]]}, "properties": {"info": {"id": "000101378604", "nm_lot": "4B"}, "address": "?, ?"}},
{"type": "Feature", "geometry": {"type": "Polygon", "coordinates": [[[-49.393033, -16.683808], [-49.393236, -16.683812], [-49.393237, -16.683757], [-49.393034, -16.683754], [-49.393033, -16.683808]]]}, "properties": {"info": {"id": "000101252927", "nm_lot": "AREA"}, "address": "?, ?"}},
{"type": "Feature", "geometry": {"type": "Polygon", "coordinates": [[[-49.390081, -16.683346], [-49.390081, -16.683227], [-49.389893, -16.683227], [-49.389893, -16.683346], [-49.390081, -16.683346]]]}, "properties": {"info": {"id": "000101378891", "nm_lot": "AREA"}, "address": "?, ?"}},
{"type": "Feature", "geometry": {"type": "Polygon", "coordinates": [[[-49.38891, -16.68428], [-49.389004, -16.68428], [-49.389004, -16.684099], [-49.38891, -16.684099], [-49.38891, -16.68428]]]}, "properties": {"info": {"id": "000101378435", "nm_lot": "3"}, "address": "?, ?"}},
{"type": "Feature", "geometry": {"type": "Polygon", "coordinates": [[[-49.394226, -16.684541], [-49.394232, -16.684343], [-49.394228, -16.684315], [-49.394212, -16.684291], [-49.394188, -16.684275], [-49.39416, -16.684268], [-49.394113, -16.684267], [-49.394104, -16.684538], [-49.394226, -16.684541]]]}, "properties": {"info": {"id": "000101278537", "nm_lot": "1"}, "address": "?, ?"}},
{"type": "Feature", "geometry": {"type": "Polygon", "coordinates": [[[-49.384634, -16.684632], [-49.384563, -16.684592], [-49.384455, -16.684589], [-49.384449, -16.684815], [-49.384752, -16.684823], [-49.384634, -16.684632]]]}, "properties": {"info": {"id": "000101259960", "nm_lot": "1"}, "address": "?, ?"}},
{"type": "Feature", "geometry": {"type": "Polygon", "coordinates": [[[-49.386259, -16.684938], [-49.386259, -16.684847], [-49.386259, -16.684612], [-49.38623, -16.684622], [-49.38619, -16.684643], [-49.386154, -16.684669], [-49.386122, -16.6847], [-49.386094, -16.684735], [-49.386072, -16.684774], [-49.386057, -16.684815], [-49.386047, -16.684858], [-49.386044, -16.684902], [-49.386044, -16.684938], [-49.386259, -16.684938]]]}, "properties": {"info": {"id": "000101378318", "nm_lot": "1"}, "address": "?, ?"}},
{"type": "Feature", "geometry": {"type": "Polygon", "coordinates": [[[-49.385421, -16.683013], [-49.385421, -16.682832], [-49.385327, -16.682832], [-49.385327, -16.683013], [-49.385421, -16.683013]]]}, "properties": {"info": {"id": "000101379017", "nm_lot": "8"}, "address": "?, ?"}},
{"type": "Feature", "geometry": {"type": "Polygon", "coordinates": [[[-49.383855, -16.68355], [-49.384071, -16.683551], [-49.384071, -16.683476], [-49.383855, -16.683475], [-49.383855, -16.68355]]]}, "properties": {"info": {"id": "000101378715", "nm_lot": "8B"}, "address": "?, ?"}},
{"type": "Feature", "geometry": {"type": "Polygon", "coordinates": [[[-49.386569, -16.685359], [-49.386783, -16.685359], [-49.386783, -16.685265], [-49.386569, -16.685265], [-49.386569, -16.685359]]]}, "properties": {"info": {"id": "000101378179", "nm_lot": "7"}, "address": "?, ?"}},
{"type": "Feature", "geometry": {"type": "Polygon", "coordinates": [[[-49.386475, -16.684938], [-49.386475, -16.684847], [-49.386259, -16.684847], [-49.386259, -16.684938], [-49.386475, -16.684938]]]}, "properties": {"info": {"id": "000101378321", "nm_lot": "30"}, "address": "?, ?"}},
{"type": "Feature", "geometry": {"type": "Polygon", "coordinates": [[[-49.39046, -16.685079], [-49.390675, -16.685079], [-49.390675, -16.684985], [-49.39046, -16.684985], [-49.39046, -16.685079]]]}, "properties": {"info": {"id": "000101378292", "nm_lot": "30"}, "address": "?, ?"}},
{"type": "Feature", "geometry": {"type": "Polygon", "coordinates": [[[-49.386259, -16.686112], [-49.386043, -16.686112], [-49.386043, -16.686176], [-49.38609, -16.686221], [-49.386259, -16.686221], [-49.386259, -16.686112]]]}, "properties": {"info": {"id": "000101377955", "nm_lot": "15"}, "address": "?, ?"}},
{"type": "Feature", "geometry": {"type": "Polygon", "coordinates": [[[-49.387619, -16.685403], [-49.387834, -16.685403], [-49.387834, -16.685313], [-49.387619, -16.685313], [-49.387619, -16.685403]]]}, "properties": {"info": {"id": "000101378174", "nm_lot": "7"}, "address": "?, ?"}},
{"type": "Feature", "geometry": {"type": "Polygon", "coordinates": [[[-49.392912, -16.683219], [-49.392916, -16.683023], [-49.392784, -16.683021], [-49.39278, -16.683217], [-49.392912, -16.683219]]]}, "properties": {"info": {"id": "000101252936", "nm_lot": "31"}, "address": "?, ?"}},
{"type": "Feature", "geometry": {"type": "Polygon", "coordinates": [[[-49.386784, -16.684889], [-49.386784, -16.684983], [-49.387, -16.684983], [-49.387, -16.684889], [-49.386784, -16.684889]]]}, "properties": {"info": {"id": "000101378270", "nm_lot": "30"}, "address": "?, ?"}},
{"type": "Feature", "geometry": {"type": "Polygon", "coordinates": [[[-49.392437, -16.686565], [-49.392438, -16.686339], [-49.392344, -16.686339], [-49.392344, -16.686565], [-49.392437, -16.686565]]]}, "properties": {"info": {"id": "000101377948", "nm_lot": "7"}, "address": "?, ?"}},
{"type": "Feature", "geometry": {"type": "Polygon", "coordinates": [[[-49.390903, -16.684096], [-49.390903, -16.683888], [-49.390831, -16.683888], [-49.390831, -16.684096], [-49.390903, -16.684096]]]}, "properties": {"info": {"id": "000101378495", "nm_lot": "7A"}, "address": "?, ?"}},
{"type": "Feature", "geometry": {"type": "Polygon", "coordinates": [[[-49.390521, -16.683572], [-49.390596, -16.683572], [-49.390596, -16.683364], [-49.390521, -16.683364], [-49.390521, -16.683572]]]}, "properties": {"info": {"id": "000101378769", "nm_lot": "7A"}, "address": "?, ?"}},
{"type": "Feature", "geometry": {"type": "Polygon", "coordinates": [[[-49.38787, -16.683687], [-49.38787, -16.683747], [-49.388085, -16.683747], [-49.388085, -16.683674], [-49.38787, -16.683674], [-49.38787, -16.683687]]]}, "properties": {"info": {"id": "000101378605", "nm_lot": "7A"}, "address": "?, ?"}},
{"type": "Feature", "geometry": {"type": "Polygon", "coordinates": [[[-49.386782, -16.683819], [-49.386998, -16.683819], [-49.386998, -16.683747], [-49.386782, -16.683746], [-49.386782, -16.683819]]]}, "properties": {"info": {"id": "000101378564", "nm_lot": "7B"}, "address": "?, ?"}},
{"type": "Feature", "geometry": {"type": "Polygon", "coordinates": [[[-49.390675, -16.684891], [-49.390675, -16.684797], [-49.39046, -16.684797], [-49.39046, -16.684891], [-49.390675, -16.684891]]]}, "properties": {"info": {"id": "000101378335", "nm_lot": "32"}, "address": "?, ?"}},
{"type": "Feature", "geometry": {"type": "Polygon", "coordinates": [[[-49.387834, -16.684951], [-49.387928, -16.684951], [-49.387928, -16.684766], [-49.387834, -16.684766], [-49.387834, -16.684951]]]}, "properties": {"info": {"id": "000101378299", "nm_lot": "32"}, "address": "?, ?"}},
{"type": "Feature", "geometry": {"type": "Polygon", "coordinates": [[[-49.386238, -16.683927], [-49.386238, -16.683855], [-49.386023, -16.683855], [-49.386023, -16.683927], [-49.386238, -16.683927]]]}, "properties": {"info": {"id": "000101378520", "nm_lot": "5A"}, "address": "?, ?"}},
{"type": "Feature", "geometry": {"type": "Polygon", "coordinates": [[[-49.390821, -16.683572], [-49.390896, -16.683572], [-49.390896, -16.683364], [-49.390821, -16.683364], [-49.390821, -16.683572]]]}, "properties": {"info": {"id": "000101378773", "nm_lot": "5A"}, "address": "?, ?"}},
{"type": "Feature", "geometry": {"type": "Polygon", "coordinates": [[[-49.387324, -16.683128], [-49.387399, -16.683128], [-49.387399, -16.682921], [-49.387324, -16.682921], [-49.387324, -16.683128]]]}, "properties": {"info": {"id": "000101378948", "nm_lot": "5B"}, "address": "?, ?"}},
{"type": "Feature", "geometry": {"type": "Polygon", "coordinates": [[[-49.386023, -16.683855], [-49.386238, -16.683855], [-49.386238, -16.683783], [-49.386023, -16.683782], [-49.386023, -16.683855]]]}, "properties": {"info": {"id": "000101378586", "nm_lot": "5B"}, "address": "?, ?"}},
{"type": "Feature", "geometry": {"type": "Polygon", "coordinates": [[[-49.383855, -16.683776], [-49.383855, -16.6837], [-49.38364, -16.6837], [-49.38364, -16.683775], [-49.383855, -16.683776]]]}, "properties": {"info": {"id": "000101378568", "nm_lot": "5B"}, "address": "?, ?"}},
{"type": "Feature", "geometry": {"type": "Polygon", "coordinates": [[[-49.385271, -16.683845], [-49.385487, -16.683845], [-49.385487, -16.683772], [-49.385271, -16.683772], [-49.385271, -16.683845]]]}, "properties": {"info": {"id": "000101378588", "nm_lot": "5B"}, "address": "?, ?"}},
{"type": "Feature", "geometry": {"type": "Polygon", "coordinates": [[[-49.391875, -16.685431], [-49.391969, -16.685431], [-49.391969, -16.685183], [-49.391875, -16.685183], [-49.391875, -16.685431]]]}, "properties": {"info": {"id": "000101378204", "nm_lot": "6"}, "address": "?, ?"}},
{"type": "Feature", "geometry": {"type": "Polygon", "coordinates": [[[-49.384841, -16.685493], [-49.384559, -16.685485], [-49.384557, -16.685576], [-49.384838, -16.685584], [-49.384841, -16.685493]]]}, "properties": {"info": {"id": "000101259966", "nm_lot": "9"}, "address": "?, ?"}},
{"type": "Feature", "geometry": {"type": "Polygon", "coordinates": [[[-49.389513, -16.684797], [-49.389625, -16.684797], [-49.389625, -16.684595], [-49.389513, -16.684595], [-49.389513, -16.684797]]]}, "properties": {"info": {"id": "000101378353", "nm_lot": "33"}, "address": "?, ?"}},
{"type": "Feature", "geometry": {"type": "Polygon", "coordinates": [[[-49.394208, -16.687069], [-49.394128, -16.687329], [-49.394218, -16.687355], [-49.394298, -16.687095], [-49.394208, -16.687069]]]}, "properties": {"info": {"id": "000101305659", "nm_lot": "41"}, "address": "?, ?"}},
{"type": "Feature", "geometry": {"type": "Polygon", "coordinates": [[[-49.3912, -16.68489], [-49.3912, -16.684731], [-49.391153, -16.684686], [-49.391078, -16.684686], [-49.391078, -16.68489], [-49.3912, -16.68489]]]}, "properties": {"info": {"id": "000101378339", "nm_lot": "31"}, "address": "?, ?"}},
{"type": "Feature", "geometry": {"type": "Polygon", "coordinates": [[[-49.387094, -16.685173], [-49.387309, -16.685173], [-49.387309, -16.685079], [-49.387094, -16.685079], [-49.387094, -16.685173]]]}, "properties": {"info": {"id": "000101378231", "nm_lot": "6"}, "address": "?, ?"}},
{"type": "Feature", "geometry": {"type": "Polygon", "coordinates": [[[-49.388884, -16.686111], [-49.388669, -16.686111], [-49.388668, -16.686176], [-49.388715, -16.686221], [-49.388884, -16.686221], [-49.388884, -16.686111]]]}, "properties": {"info": {"id": "000101377974", "nm_lot": "16"}, "address": "?, ?"}},
{"type": "Feature", "geometry": {"type": "Polygon", "coordinates": [[[-49.394362, -16.682724], [-49.394316, -16.682677], [-49.394188, -16.682675], [-49.394185, -16.682857], [-49.39436, -16.68286], [-49.394362, -16.682724]]]}, "properties": {"info": {"id": "000101252903", "nm_lot": "16"}, "address": "?, ?"}},
{"type": "Feature", "geometry": {"type": "Polygon", "coordinates": [[[-49.387093, -16.686112], [-49.387309, -16.686113], [-49.387309, -16.686019], [-49.387093, -16.686019], [-49.387093, -16.686112]]]}, "properties": {"info": {"id": "000101377964", "nm_lot": "16"}, "address": "?, ?"}},
{"type": "Feature", "geometry": {"type": "Polygon", "coordinates": [[[-49.384933, -16.683077], [-49.384999, -16.683013], [-49.384999, -16.682869], [-49.384901, -16.682869], [-49.384901, -16.683077], [-49.384933, -16.683077]]]}, "properties": {"info": {"id": "000101379002", "nm_lot": "32"}, "address": "?, ?"}},
{"type": "Feature", "geometry": {"type": "Polygon", "coordinates": [[[-49.394478, -16.687147], [-49.394397, -16.687406], [-49.394487, -16.687432], [-49.394568, -16.687172], [-49.394478, -16.687147]]]}, "properties": {"info": {"id": "000101315409", "nm_lot": "38"}, "address": "?, ?"}},
{"type": "Feature", "geometry": {"type": "Polygon", "coordinates": [[[-49.383992, -16.685028], [-49.383999, -16.684802], [-49.383886, -16.684799], [-49.383879, -16.685025], [-49.383992, -16.685028]]]}, "properties": {"info": {"id": "000101259990", "nm_lot": "39"}, "address": "?, ?"}},
{"type": "Feature", "geometry": {"type": "Polygon", "coordinates": [[[-49.388198, -16.684097], [-49.388413, -16.684097], [-49.388413, -16.684026], [-49.388198, -16.684026], [-49.388198, -16.684097]]]}, "properties": {"info": {"id": "000101378478", "nm_lot": "6A"}, "address": "?, ?"}},
{"type": "Feature", "geometry": {"type": "Polygon", "coordinates": [[[-49.386033, -16.684034], [-49.386045, -16.684072], [-49.386238, -16.684072], [-49.386238, -16.683999], [-49.386026, -16.683999], [-49.386033, -16.684034]]]}, "properties": {"info": {"id": "000101378360", "nm_lot": "6A"}, "address": "?, ?"}},
{"type": "Feature", "geometry": {"type": "Polygon", "coordinates": [[[-49.384071, -16.683776], [-49.384071, -16.683701], [-49.383855, -16.6837], [-49.383855, -16.683776], [-49.384071, -16.683776]]]}, "properties": {"info": {"id": "000101378567", "nm_lot": "6A"}, "address": "?, ?"}},
{"type": "Feature", "geometry": {"type": "Polygon", "coordinates": [[[-49.390514, -16.68302], [-49.390514, -16.682811], [-49.390442, -16.682811], [-49.390442, -16.68302], [-49.390514, -16.68302]]]}, "properties": {"info": {"id": "000101379041", "nm_lot": "6B"}, "address": "?, ?"}},
{"type": "Feature", "geometry": {"type": "Polygon", "coordinates": [[[-49.38711, -16.684026], [-49.387326, -16.684026], [-49.387326, -16.683954], [-49.38711, -16.683954], [-49.38711, -16.684026]]]}, "properties": {"info": {"id": "000101378510", "nm_lot": "6B"}, "address": "?, ?"}},
{"type": "Feature", "geometry": {"type": "Polygon", "coordinates": [[[-49.384183, -16.683971], [-49.384399, -16.683971], [-49.384399, -16.683899], [-49.384183, -16.683898], [-49.384183, -16.683971]]]}, "properties": {"info": {"id": "000101378501", "nm_lot": "6B"}, "address": "?, ?"}},
{"type": "Feature", "geometry": {"type": "Polygon", "coordinates": [[[-49.392283, -16.68784], [-49.39228, -16.688112], [-49.392374, -16.688112], [-49.392376, -16.687841], [-49.392283, -16.68784]]]}, "properties": {"info": {"id": "000101311355", "nm_lot": "7"}, "address": "?, ?"}},
{"type": "Feature", "geometry": {"type": "Polygon", "coordinates": [[[-49.384943, -16.683544], [-49.384943, -16.683471], [-49.384727, -16.683471], [-49.384727, -16.683544], [-49.384943, -16.683544]]]}, "properties": {"info": {"id": "000101378723", "nm_lot": "3B"}, "address": "?, ?"}},
{"type": "Feature", "geometry": {"type": "Polygon", "coordinates": [[[-49.387326, -16.683598], [-49.387326, -16.683526], [-49.38711, -16.683526], [-49.38711, -16.683597], [-49.387326, -16.683598]]]}, "properties": {"info": {"id": "000101378732", "nm_lot": "3B"}, "address": "?, ?"}},
{"type": "Feature", "geometry": {"type": "Polygon", "coordinates": [[[-49.385515, -16.683013], [-49.385609, -16.683013], [-49.385609, -16.682832], [-49.385515, -16.682832], [-49.385515, -16.683013]]]}, "properties": {"info": {"id": "000101379019", "nm_lot": "4"}, "address": "?, ?"}},
{"type": "Feature", "geometry": {"type": "Polygon", "coordinates": [[[-49.387309, -16.685267], [-49.387309, -16.685173], [-49.387094, -16.685173], [-49.387094, -16.685267], [-49.387309, -16.685267]]]}, "properties": {"info": {"id": "000101378211", "nm_lot": "7"}, "address": "?, ?"}},
{"type": "Feature", "geometry": {"type": "Polygon", "coordinates": [[[-49.390244, -16.685267], [-49.390459, -16.685267], [-49.390459, -16.685173], [-49.390244, -16.685173], [-49.390244, -16.685267]]]}, "properties": {"info": {"id": "000101378241", "nm_lot": "7"}, "address": "?, ?"}},
{"type": "Feature", "geometry": {"type": "Polygon", "coordinates": [[[-49.386023, -16.683782], [-49.386238, -16.683783], [-49.386238, -16.68371], [-49.386023, -16.68371], [-49.386023, -16.683782]]]}, "properties": {"info": {"id": "000101378626", "nm_lot": "4A"}, "address": "?, ?"}},
{"type": "Feature", "geometry": {"type": "Polygon", "coordinates": [[[-49.386566, -16.683746], [-49.386782, -16.683746], [-49.386782, -16.683674], [-49.386566, -16.683674], [-49.386566, -16.683746]]]}, "properties": {"info": {"id": "000101378598", "nm_lot": "4B"}, "address": "?, ?"}},
{"type": "Feature", "geometry": {"type": "Polygon", "coordinates": [[[-49.391969, -16.685431], [-49.392063, -16.685431], [-49.392063, -16.685183], [-49.391969, -16.685183], [-49.391969, -16.685431]]]}, "properties": {"info": {"id": "000101378205", "nm_lot": "5"}, "address": "?, ?"}},
{"type": "Feature", "geometry": {"type": "Polygon", "coordinates": [[[-49.394473, -16.68669], [-49.394483, -16.686386], [-49.394389, -16.686383], [-49.394379, -16.686676], [-49.394473, -16.68669]]]}, "properties": {"info": {"id": "000101278459", "nm_lot": "5"}, "address": "?, ?"}},
{"type": "Feature", "geometry": {"type": "Polygon", "coordinates": [[[-49.386569, -16.685171], [-49.386783, -16.685171], [-49.386784, -16.685077], [-49.386569, -16.685077], [-49.386569, -16.685171]]]}, "properties": {"info": {"id": "000101378229", "nm_lot": "5"}, "address": "?, ?"}},
{"type": "Feature", "geometry": {"type": "Polygon", "coordinates": [[[-49.389409, -16.684985], [-49.389409, -16.684891], [-49.389194, -16.684891], [-49.389194, -16.684985], [-49.389409, -16.684985]]]}, "properties": {"info": {"id": "000101378277", "nm_lot": "4"}, "address": "?, ?"}},
{"type": "Feature", "geometry": {"type": "Polygon", "coordinates": [[[-49.386218, -16.682993], [-49.386218, -16.682812], [-49.386124, -16.682812], [-49.386124, -16.682993], [-49.386218, -16.682993]]]}, "properties": {"info": {"id": "000101379029", "nm_lot": "4"}, "address": "?, ?"}},
{"type": "Feature", "geometry": {"type": "Polygon", "coordinates": [[[-49.393419, -16.687408], [-49.393499, -16.687148], [-49.393409, -16.687122], [-49.393396, -16.687166], [-49.393329, -16.687382], [-49.393419, -16.687408]]]}, "properties": {"info": {"id": "000101311323", "nm_lot": "4"}, "address": "?, ?"}},
{"type": "Feature", "geometry": {"type": "Polygon", "coordinates": [[[-49.387325, -16.683669], [-49.387326, -16.683598], [-49.38711, -16.683597], [-49.38711, -16.683669], [-49.387325, -16.683669]]]}, "properties": {"info": {"id": "000101378696", "nm_lot": "3A"}, "address": "?, ?"}},
{"type": "Feature", "geometry": {"type": "Polygon", "coordinates": [[[-49.388742, -16.683675], [-49.388957, -16.683676], [-49.388957, -16.683602], [-49.388742, -16.683602], [-49.388742, -16.683675]]]}, "properties": {"info": {"id": "000101378669", "nm_lot": "3A"}, "address": "?, ?"}},
{"type": "Feature", "geometry": {"type": "Polygon", "coordinates": [[[-49.386641, -16.68428], [-49.386735, -16.68428], [-49.386735, -16.684099], [-49.386641, -16.684099], [-49.386641, -16.68428]]]}, "properties": {"info": {"id": "000101378363", "nm_lot": "4"}, "address": "?, ?"}},
{"type": "Feature", "geometry": {"type": "Polygon", "coordinates": [[[-49.392047, -16.687839], [-49.392001, -16.687838], [-49.391999, -16.688109], [-49.392093, -16.68811], [-49.392095, -16.687839], [-49.392047, -16.687839]]]}, "properties": {"info": {"id": "000101305694", "nm_lot": "4"}, "address": "?, ?"}},
{"type": "Feature", "geometry": {"type": "Polygon", "coordinates": [[[-49.389717, -16.683431], [-49.389717, -16.683359], [-49.389501, -16.683358], [-49.389501, -16.683431], [-49.389717, -16.683431]]]}, "properties": {"info": {"id": "000101378854", "nm_lot": "9A"}, "address": "?, ?"}},
{"type": "Feature", "geometry": {"type": "Polygon", "coordinates": [[[-49.388556, -16.68428], [-49.388556, -16.684097], [-49.388485, -16.684097], [-49.388485, -16.68428], [-49.388556, -16.68428]]]}, "properties": {"info": {"id": "000101378425", "nm_lot": "9B"}, "address": "?, ?"}},
{"type": "Feature", "geometry": {"type": "Polygon", "coordinates": [[[-49.387043, -16.687847], [-49.390798, -16.687228], [-49.390284, -16.686607], [-49.389271, -16.686364], [-49.387033, -16.686701], [-49.386511, -16.687205], [-49.387043, -16.687847]]]}, "properties": {"info": {"id": "000101377914", "nm_lot": "APM"}, "address": "?, ?"}},
{"type": "Feature", "geometry": {"type": "Polygon", "coordinates": [[[-49.390855, -16.687219], [-49.391197, -16.687162], [-49.39124, -16.687155], [-49.39124, -16.686409], [-49.391193, -16.686364], [-49.390855, -16.686364], [-49.390855, -16.687219]]]}, "properties": {"info": {"id": "000101377917", "nm_lot": "APM"}, "address": "?, ?"}},
{"type": "Feature", "geometry": {"type": "Polygon", "coordinates": [[[-49.385745, -16.685977], [-49.385629, -16.685828], [-49.385555, -16.68582], [-49.38575, -16.686134], [-49.385745, -16.685977]]]}, "properties": {"info": {"id": "000101384649", "nm_lot": "APM"}, "address": "?, ?"}},
{"type": "Feature", "geometry": {"type": "Polygon", "coordinates": [[[-49.388359, -16.684985], [-49.388359, -16.684891], [-49.388144, -16.684891], [-49.388144, -16.684985], [-49.388359, -16.684985]]]}, "properties": {"info": {"id": "000101378273", "nm_lot": "4"}, "address": "?, ?"}},
{"type": "Feature", "geometry": {"type": "Polygon", "coordinates": [[[-49.392468, -16.688113], [-49.39247, -16.687842], [-49.392376, -16.687841], [-49.392374, -16.688112], [-49.392468, -16.688113]]]}, "properties": {"info": {"id": "000101311354", "nm_lot": "8"}, "address": "?, ?"}},
{"type": "Feature", "geometry": {"type": "Polygon", "coordinates": [[[-49.389719, -16.685453], [-49.389933, -16.685453], [-49.389933, -16.685359], [-49.389719, -16.685359], [-49.389719, -16.685453]]]}, "properties": {"info": {"id": "000101378171", "nm_lot": "8"}, "address": "?, ?"}},
{"type": "Feature", "geometry": {"type": "Polygon", "coordinates": [[[-49.394461, -16.685208], [-49.394555, -16.685211], [-49.394564, -16.68494], [-49.39447, -16.684937], [-49.394461, -16.685208]]]}, "properties": {"info": {"id": "000101278523", "nm_lot": "5"}, "address": "?, ?"}},
{"type": "Feature", "geometry": {"type": "Polygon", "coordinates": [[[-49.390758, -16.684096], [-49.390758, -16.683888], [-49.390686, -16.683888], [-49.390686, -16.684096], [-49.390758, -16.684096]]]}, "properties": {"info": {"id": "000101378493", "nm_lot": "8A"}, "address": "?, ?"}},
{"type": "Feature", "geometry": {"type": "Polygon", "coordinates": [[[-49.387849, -16.683128], [-49.387924, -16.683129], [-49.387924, -16.682921], [-49.387849, -16.682921], [-49.387849, -16.683128]]]}, "properties": {"info": {"id": "000101378955", "nm_lot": "8A"}, "address": "?, ?"}},
{"type": "Feature", "geometry": {"type": "Polygon", "coordinates": [[[-49.386454, -16.683927], [-49.386454, -16.683855], [-49.386238, -16.683855], [-49.386238, -16.683927], [-49.386454, -16.683927]]]}, "properties": {"info": {"id": "000101378552", "nm_lot": "8B"}, "address": "?, ?"}},
{"type": "Feature", "geometry": {"type": "Polygon", "coordinates": [[[-49.38538, -16.684261], [-49.385425, -16.684259], [-49.385425, -16.684064], [-49.385348, -16.684063], [-49.385348, -16.684261], [-49.38538, -16.684261]]]}, "properties": {"info": {"id": "000101378389", "nm_lot": "7A"}, "address": "?, ?"}},
{"type": "Feature", "geometry": {"type": "Polygon", "coordinates": [[[-49.383855, -16.683625], [-49.384071, -16.683626], [-49.384071, -16.683551], [-49.383855, -16.68355], [-49.383855, -16.683625]]]}, "properties": {"info": {"id": "000101378678", "nm_lot": "7A"}, "address": "?, ?"}},
{"type": "Feature", "geometry": {"type": "Polygon", "coordinates": [[[-49.389708, -16.683792], [-49.389714, -16.683747], [-49.389715, -16.68372], [-49.389501, -16.68372], [-49.389501, -16.683792], [-49.389708, -16.683792]]]}, "properties": {"info": {"id": "000101378638", "nm_lot": "7B"}, "address": "?, ?"}},
{"type": "Feature", "geometry": {"type": "Polygon", "coordinates": [[[-49.388957, -16.683819], [-49.389173, -16.683819], [-49.389173, -16.683747], [-49.388957, -16.683747], [-49.388957, -16.683819]]]}, "properties": {"info": {"id": "000101378579", "nm_lot": "7B"}, "address": "?, ?"}},
{"type": "Feature", "geometry": {"type": "Polygon", "coordinates": [[[-49.392625, -16.686565], [-49.392625, -16.686339], [-49.392531, -16.686339], [-49.392531, -16.686565], [-49.392625, -16.686565]]]}, "properties": {"info": {"id": "000101377950", "nm_lot": "5"}, "address": "?, ?"}},
{"type": "Feature", "geometry": {"type": "Polygon", "coordinates": [[[-49.388198, -16.683955], [-49.388413, -16.683955], [-49.388413, -16.683883], [-49.388198, -16.683883], [-49.388198, -16.683955]]]}, "properties": {"info": {"id": "000101378544", "nm_lot": "5A"}, "address": "?, ?"}},
{"type": "Feature", "geometry": {"type": "Polygon", "coordinates": [[[-49.384399, -16.683899], [-49.384399, -16.683826], [-49.384183, -16.683826], [-49.384183, -16.683898], [-49.384399, -16.683899]]]}, "properties": {"info": {"id": "000101378524", "nm_lot": "5A"}, "address": "?, ?"}},
{"type": "Feature", "geometry": {"type": "Polygon", "coordinates": [[[-49.384943, -16.683837], [-49.384727, -16.683837], [-49.384727, -16.68391], [-49.384943, -16.68391], [-49.384943, -16.683837]]]}, "properties": {"info": {"id": "000101378556", "nm_lot": "5A"}, "address": "?, ?"}},
{"type": "Feature", "geometry": {"type": "Polygon", "coordinates": [[[-49.386782, -16.683891], [-49.386566, -16.683891], [-49.386566, -16.683963], [-49.386782, -16.683963], [-49.386782, -16.683891]]]}, "properties": {"info": {"id": "000101378528", "nm_lot": "5A"}, "address": "?, ?"}},
{"type": "Feature", "geometry": {"type": "Polygon", "coordinates": [[[-49.391264, -16.684096], [-49.391264, -16.683888], [-49.391192, -16.683888], [-49.391192, -16.684096], [-49.391264, -16.684096]]]}, "properties": {"info": {"id": "000101378500", "nm_lot": "5B"}, "address": "?, ?"}},
{"type": "Feature", "geometry": {"type": "Polygon", "coordinates": [[[-49.388485, -16.68428], [-49.388485, -16.684097], [-49.388413, -16.684097], [-49.388413, -16.68428], [-49.388485, -16.68428]]]}, "properties": {"info": {"id": "000101378419", "nm_lot": "8A"}, "address": "?, ?"}},
{"type": "Feature", "geometry": {"type": "Polygon", "coordinates": [[[-49.386454, -16.683855], [-49.386454, -16.683783], [-49.386238, -16.683783], [-49.386238, -16.683855], [-49.386454, -16.683855]]]}, "properties": {"info": {"id": "000101378587", "nm_lot": "8A"}, "address": "?, ?"}},
{"type": "Feature", "geometry": {"type": "Polygon", "coordinates": [[[-49.38787, -16.683602], [-49.388085, -16.683602], [-49.388085, -16.68353], [-49.38787, -16.68353], [-49.38787, -16.683602]]]}, "properties": {"info": {"id": "000101378698", "nm_lot": "8A"}, "address": "?, ?"}},
{"type": "Feature", "geometry": {"type": "Polygon", "coordinates": [[[-49.390371, -16.683572], [-49.390446, -16.683572], [-49.390446, -16.683364], [-49.390371, -16.683364], [-49.390371, -16.683572]]]}, "properties": {"info": {"id": "000101378767", "nm_lot": "8A"}, "address": "?, ?"}},
{"type": "Feature", "geometry": {"type": "Polygon", "coordinates": [[[-49.393868, -16.687537], [-49.393948, -16.687277], [-49.393858, -16.687252], [-49.393778, -16.687511], [-49.393868, -16.687537]]]}, "properties": {"info": {"id": "000101305664", "nm_lot": "9"}, "address": "?, ?"}},
{"type": "Feature", "geometry": {"type": "Polygon", "coordinates": [[[-49.38711, -16.68428], [-49.38711, -16.684099], [-49.387016, -16.684099], [-49.387016, -16.68428], [-49.38711, -16.68428]]]}, "properties": {"info": {"id": "000101378367", "nm_lot": "AREA"}, "address": "?, ?"}},
{"type": "Feature", "geometry": {"type": "Polygon", "coordinates": [[[-49.390081, -16.683888], [-49.390081, -16.683798], [-49.389893, -16.683798], [-49.389893, -16.683888], [-49.390081, -16.683888]]]}, "properties": {"info": {"id": "000101378584", "nm_lot": "AREA"}, "address": "?, ?"}},
{"type": "Feature", "geometry": {"type": "Polygon", "coordinates": [[[-49.385158, -16.683837], [-49.385159, -16.683764], [-49.384943, -16.683764], [-49.384943, -16.683837], [-49.385158, -16.683837]]]}, "properties": {"info": {"id": "000101378557", "nm_lot": "6A"}, "address": "?, ?"}},
{"type": "Feature", "geometry": {"type": "Polygon", "coordinates": [[[-49.388198, -16.684026], [-49.388413, -16.684026], [-49.388413, -16.683955], [-49.388198, -16.683955], [-49.388198, -16.684026]]]}, "properties": {"info": {"id": "000101378515", "nm_lot": "6B"}, "address": "?, ?"}},
{"type": "Feature", "geometry": {"type": "Polygon", "coordinates": [[[-49.394461, -16.685208], [-49.39447, -16.684937], [-49.394376, -16.684935], [-49.394367, -16.685206], [-49.394461, -16.685208]]]}, "properties": {"info": {"id": "000101278522", "nm_lot": "6"}, "address": "?, ?"}},
{"type": "Feature", "geometry": {"type": "Polygon", "coordinates": [[[-49.388144, -16.685173], [-49.388359, -16.685173], [-49.388359, -16.685079], [-49.388144, -16.685079], [-49.388144, -16.685173]]]}, "properties": {"info": {"id": "000101378233", "nm_lot": "6"}, "address": "?, ?"}},
{"type": "Feature", "geometry": {"type": "Polygon", "coordinates": [[[-49.384329, -16.685037], [-49.384336, -16.684812], [-49.384224, -16.684808], [-49.384217, -16.685034], [-49.384249, -16.685035], [-49.384329, -16.685037]]]}, "properties": {"info": {"id": "000101259978", "nm_lot": "42"}, "address": "?, ?"}},
{"type": "Feature", "geometry": {"type": "Polygon", "coordinates": [[[-49.383848, -16.685749], [-49.383567, -16.685741], [-49.383561, -16.685914], [-49.383607, -16.685954], [-49.383842, -16.685926], [-49.383848, -16.685749]]]}, "properties": {"info": {"id": "000101259985", "nm_lot": "7"}, "address": "?, ?"}},
{"type": "Feature", "geometry": {"type": "Polygon", "coordinates": [[[-49.383855, -16.6837], [-49.383855, -16.683625], [-49.38364, -16.683625], [-49.38364, -16.6837], [-49.383855, -16.6837]]]}, "properties": {"info": {"id": "000101378619", "nm_lot": "4A"}, "address": "?, ?"}},
{"type": "Feature", "geometry": {"type": "Polygon", "coordinates": [[[-49.388198, -16.68374], [-49.388413, -16.683741], [-49.388413, -16.683669], [-49.388198, -16.683669], [-49.388198, -16.68374]]]}, "properties": {"info": {"id": "000101378671", "nm_lot": "4B"}, "address": "?, ?"}},
{"type": "Feature", "geometry": {"type": "Polygon", "coordinates": [[[-49.388884, -16.684889], [-49.388884, -16.684983], [-49.3891, -16.684983], [-49.3891, -16.684889], [-49.388884, -16.684889]]]}, "properties": {"info": {"id": "000101378276", "nm_lot": "30"}, "address": "?, ?"}},
{"type": "Feature", "geometry": {"type": "Polygon", "coordinates": [[[-49.386874, -16.68292], [-49.386874, -16.682713], [-49.386781, -16.682713], [-49.386734, -16.682758], [-49.386734, -16.68292], [-49.386874, -16.68292]]]}, "properties": {"info": {"id": "000101378942", "nm_lot": "30"}, "address": "?, ?"}},
{"type": "Feature", "geometry": {"type": "Polygon", "coordinates": [[[-49.392437, -16.686791], [-49.392437, -16.686565], [-49.392344, -16.686565], [-49.392344, -16.686791], [-49.392437, -16.686791]]]}, "properties": {"info": {"id": "000101377931", "nm_lot": "30"}, "address": "?, ?"}},
{"type": "Feature", "geometry": {"type": "Polygon", "coordinates": [[[-49.391594, -16.684844], [-49.391594, -16.684595], [-49.3915, -16.684595], [-49.3915, -16.684844], [-49.391594, -16.684844]]]}, "properties": {"info": {"id": "000101378342", "nm_lot": "7"}, "address": "?, ?"}},
{"type": "Feature", "geometry": {"type": "Polygon", "coordinates": [[[-49.388342, -16.68428], [-49.388342, -16.684097], [-49.388271, -16.684097], [-49.388271, -16.68428], [-49.388342, -16.68428]]]}, "properties": {"info": {"id": "000101378412", "nm_lot": "7A"}, "address": "?, ?"}},
{"type": "Feature", "geometry": {"type": "Polygon", "coordinates": [[[-49.386782, -16.683746], [-49.386998, -16.683747], [-49.386998, -16.683674], [-49.386782, -16.683674], [-49.386782, -16.683746]]]}, "properties": {"info": {"id": "000101378599", "nm_lot": "7A"}, "address": "?, ?"}},
{"type": "Feature", "geometry": {"type": "Polygon", "coordinates": [[[-49.385348, -16.684063], [-49.385271, -16.684062], [-49.385271, -16.68426], [-49.385348, -16.684261], [-49.385348, -16.684063]]]}, "properties": {"info": {"id": "000101378390", "nm_lot": "7B"}, "address": "?, ?"}},
{"type": "Feature", "geometry": {"type": "Polygon", "coordinates": [[[-49.392562, -16.688114], [-49.392564, -16.687843], [-49.39247, -16.687842], [-49.392468, -16.688113], [-49.392562, -16.688114]]]}, "properties": {"info": {"id": "000101305692", "nm_lot": "9"}, "address": "?, ?"}},
{"type": "Feature", "geometry": {"type": "Polygon", "coordinates": [[[-49.38969, -16.683865], [-49.389693, -16.683854], [-49.389706, -16.683801], [-49.389708, -16.683792], [-49.389501, -16.683792], [-49.389501, -16.683865], [-49.38969, -16.683865]]]}, "properties": {"info": {"id": "000101378597", "nm_lot": "6A"}, "address": "?, ?"}},
{"type": "Feature", "geometry": {"type": "Polygon", "coordinates": [[[-49.387474, -16.683128], [-49.387549, -16.683128], [-49.387549, -16.682921], [-49.387474, -16.682921], [-49.387474, -16.683128]]]}, "properties": {"info": {"id": "000101378950", "nm_lot": "6B"}, "address": "?, ?"}},
{"type": "Feature", "geometry": {"type": "Polygon", "coordinates": [[[-49.388978, -16.684889], [-49.3891, -16.684889], [-49.3891, -16.68473], [-49.389053, -16.684685], [-49.388978, -16.684685], [-49.388978, -16.684889]]]}, "properties": {"info": {"id": "000101378329", "nm_lot": "31"}, "address": "?, ?"}},
{"type": "Feature", "geometry": {"type": "Polygon", "coordinates": [[[-49.387016, -16.68428], [-49.387016, -16.684099], [-49.386923, -16.684099], [-49.386923, -16.68428], [-49.387016, -16.68428]]]}, "properties": {"info": {"id": "000101378366", "nm_lot": "7"}, "address": "?, ?"}},
{"type": "Feature", "geometry": {"type": "Polygon", "coordinates": [[[-49.393748, -16.686946], [-49.393679, -16.6872], [-49.393768, -16.687226], [-49.393844, -16.686967], [-49.393748, -16.686946]]]}, "properties": {"info": {"id": "000101301491", "nm_lot": "46"}, "address": "?, ?"}},
{"type": "Feature", "geometry": {"type": "Polygon", "coordinates": [[[-49.392105, -16.683488], [-49.392108, -16.683292], [-49.39201, -16.68329], [-49.391976, -16.68329], [-49.391973, -16.683485], [-49.392105, -16.683488]]]}, "properties": {"info": {"id": "000101253081", "nm_lot": "7"}, "address": "?, ?"}},
{"type": "Feature", "geometry": {"type": "Polygon", "coordinates": [[[-49.388198, -16.683812], [-49.388413, -16.683812], [-49.388413, -16.683741], [-49.388198, -16.68374], [-49.388198, -16.683812]]]}, "properties": {"info": {"id": "000101378618", "nm_lot": "4A"}, "address": "?, ?"}},
{"type": "Feature", "geometry": {"type": "Polygon", "coordinates": [[[-49.384456, -16.682869], [-49.38453, -16.682869], [-49.38453, -16.682661], [-49.384456, -16.682661], [-49.384456, -16.682869]]]}, "properties": {"info": {"id": "000101379112", "nm_lot": "4A"}, "address": "?, ?"}},
{"type": "Feature", "geometry": {"type": "Polygon", "coordinates": [[[-49.387249, -16.683128], [-49.387324, -16.683128], [-49.387324, -16.682921], [-49.387249, -16.682921], [-49.387249, -16.683128]]]}, "properties": {"info": {"id": "000101378947", "nm_lot": "4A"}, "address": "?, ?"}},
{"type": "Feature", "geometry": {"type": "Polygon", "coordinates": [[[-49.38453, -16.682869], [-49.384604, -16.682869], [-49.384605, -16.682661], [-49.38453, -16.682661], [-49.38453, -16.682869]]]}, "properties": {"info": {"id": "000101379113", "nm_lot": "4B"}, "address": "?, ?"}},
{"type": "Feature", "geometry": {"type": "Polygon", "coordinates": [[[-49.383855, -16.683625], [-49.383855, -16.68355], [-49.38364, -16.68355], [-49.38364, -16.683625], [-49.383855, -16.683625]]]}, "properties": {"info": {"id": "000101378676", "nm_lot": "4B"}, "address": "?, ?"}},
{"type": "Feature", "geometry": {"type": "Polygon", "coordinates": [[[-49.384183, -16.683682], [-49.384399, -16.683682], [-49.384399, -16.683609], [-49.384183, -16.683609], [-49.384183, -16.683682]]]}, "properties": {"info": {"id": "000101378634", "nm_lot": "4B"}, "address": "?, ?"}},
{"type": "Feature", "geometry": {"type": "Polygon", "coordinates": [[[-49.387174, -16.683128], [-49.387249, -16.683128], [-49.387249, -16.682921], [-49.387174, -16.682921], [-49.387174, -16.683128]]]}, "properties": {"info": {"id": "000101378946", "nm_lot": "4B"}, "address": "?, ?"}},
{"type": "Feature", "geometry": {"type": "Polygon", "coordinates": [[[-49.389409, -16.684891], [-49.389625, -16.684891], [-49.389625, -16.684797], [-49.389409, -16.684797], [-49.389409, -16.684891]]]}, "properties": {"info": {"id": "000101378310", "nm_lot": "32"}, "address": "?, ?"}},
{"type": "Feature", "geometry": {"type": "Polygon", "coordinates": [[[-49.392864, -16.685655], [-49.393117, -16.685537], [-49.393076, -16.685455], [-49.392823, -16.685573], [-49.392864, -16.685655]]]}, "properties": {"info": {"id": "000101278569", "nm_lot": "33"}, "address": "?, ?"}},
{"type": "Feature", "geometry": {"type": "Polygon", "coordinates": [[[-49.388359, -16.685079], [-49.388359, -16.684985], [-49.388144, -16.684985], [-49.388144, -16.685079], [-49.388359, -16.685079]]]}, "properties": {"info": {"id": "000101378253", "nm_lot": "5"}, "address": "?, ?"}},
{"type": "Feature", "geometry": {"type": "Polygon", "coordinates": [[[-49.384071, -16.683701], [-49.384071, -16.683626], [-49.383855, -16.683625], [-49.383855, -16.6837], [-49.384071, -16.683701]]]}, "properties": {"info": {"id": "000101378621", "nm_lot": "7B"}, "address": "?, ?"}},
{"type": "Feature", "geometry": {"type": "Polygon", "coordinates": [[[-49.387624, -16.683128], [-49.387699, -16.683128], [-49.387699, -16.682921], [-49.387624, -16.682921], [-49.387624, -16.683128]]]}, "properties": {"info": {"id": "000101378952", "nm_lot": "7B"}, "address": "?, ?"}},
{"type": "Feature", "geometry": {"type": "Polygon", "coordinates": [[[-49.383654, -16.685018], [-49.383661, -16.684793], [-49.383549, -16.684789], [-49.383542, -16.685015], [-49.383551, -16.685015], [-49.383654, -16.685018]]]}, "properties": {"info": {"id": "000101259987", "nm_lot": "36"}, "address": "?, ?"}},
{"type": "Feature", "geometry": {"type": "Polygon", "coordinates": [[[-49.387399, -16.683128], [-49.387474, -16.683128], [-49.387474, -16.682921], [-49.387399, -16.682921], [-49.387399, -16.683128]]]}, "properties": {"info": {"id": "000101378949", "nm_lot": "5A"}, "address": "?, ?"}},
{"type": "Feature", "geometry": {"type": "Polygon", "coordinates": [[[-49.391192, -16.684096], [-49.391192, -16.683888], [-49.391119, -16.683888], [-49.391119, -16.684096], [-49.391192, -16.684096]]]}, "properties": {"info": {"id": "000101378499", "nm_lot": "5A"}, "address": "?, ?"}},
{"type": "Feature", "geometry": {"type": "Polygon", "coordinates": [[[-49.389285, -16.683864], [-49.389501, -16.683865], [-49.389501, -16.683792], [-49.389285, -16.683792], [-49.389285, -16.683864]]]}, "properties": {"info": {"id": "000101378595", "nm_lot": "5B"}, "address": "?, ?"}},
{"type": "Feature", "geometry": {"type": "Polygon", "coordinates": [[[-49.384727, -16.683837], [-49.384943, -16.683837], [-49.384943, -16.683764], [-49.384727, -16.683763], [-49.384727, -16.683837]]]}, "properties": {"info": {"id": "000101378558", "nm_lot": "5B"}, "address": "?, ?"}},
{"type": "Feature", "geometry": {"type": "Polygon", "coordinates": [[[-49.384104, -16.685031], [-49.384111, -16.684805], [-49.383999, -16.684802], [-49.383992, -16.685028], [-49.384015, -16.685029], [-49.384104, -16.685031]]]}, "properties": {"info": {"id": "000101259992", "nm_lot": "40"}, "address": "?, ?"}},
{"type": "Feature", "geometry": {"type": "Polygon", "coordinates": [[[-49.393108, -16.686143], [-49.393131, -16.686189], [-49.393142, -16.686205], [-49.393158, -16.686218], [-49.393176, -16.686226], [-49.393196, -16.68623], [-49.393355, -16.686234], [-49.393362, -16.686025], [-49.393108, -16.686143]]]}, "properties": {"info": {"id": "000101278586", "nm_lot": "40"}, "address": "?, ?"}},
{"type": "Feature", "geometry": {"type": "Polygon", "coordinates": [[[-49.384217, -16.685034], [-49.384224, -16.684808], [-49.384111, -16.684805], [-49.384104, -16.685031], [-49.384217, -16.685034]]]}, "properties": {"info": {"id": "000101259954", "nm_lot": "41"}, "address": "?, ?"}},
{"type": "Feature", "geometry": {"type": "Polygon", "coordinates": [[[-49.384442, -16.685041], [-49.384449, -16.684815], [-49.384336, -16.684812], [-49.384329, -16.685037], [-49.384406, -16.68504], [-49.384442, -16.685041]]]}, "properties": {"info": {"id": "000101259970", "nm_lot": "43"}, "address": "?, ?"}},
{"type": "Feature", "geometry": {"type": "Polygon", "coordinates": [[[-49.38787, -16.683891], [-49.38787, -16.683819], [-49.387654, -16.683819], [-49.387654, -16.683891], [-49.38787, -16.683891]]]}, "properties": {"info": {"id": "000101378534", "nm_lot": "5B"}, "address": "?, ?"}},
{"type": "Feature", "geometry": {"type": "Polygon", "coordinates": [[[-49.390896, -16.683572], [-49.390971, -16.683572], [-49.390971, -16.683364], [-49.390896, -16.683364], [-49.390896, -16.683572]]]}, "properties": {"info": {"id": "000101378774", "nm_lot": "5B"}, "address": "?, ?"}},
{"type": "Feature", "geometry": {"type": "Polygon", "coordinates": [[[-49.386566, -16.683891], [-49.386782, -16.683891], [-49.386782, -16.683819], [-49.386566, -16.683819], [-49.386566, -16.683891]]]}, "properties": {"info": {"id": "000101378530", "nm_lot": "5B"}, "address": "?, ?"}},
{"type": "Feature", "geometry": {"type": "Polygon", "coordinates": [[[-49.388198, -16.683883], [-49.388413, -16.683883], [-49.388413, -16.683812], [-49.388198, -16.683812], [-49.388198, -16.683883]]]}, "properties": {"info": {"id": "000101378580", "nm_lot": "5B"}, "address": "?, ?"}},
{"type": "Feature", "geometry": {"type": "Polygon", "coordinates": [[[-49.386023, -16.683638], [-49.386238, -16.683638], [-49.386238, -16.683566], [-49.386023, -16.683566], [-49.386023, -16.683638]]]}, "properties": {"info": {"id": "000101378718", "nm_lot": "3A"}, "address": "?, ?"}},
{"type": "Feature", "geometry": {"type": "Polygon", "coordinates": [[[-49.384183, -16.683609], [-49.384399, -16.683609], [-49.384399, -16.683537], [-49.384183, -16.683537], [-49.384183, -16.683609]]]}, "properties": {"info": {"id": "000101378689", "nm_lot": "3A"}, "address": "?, ?"}},
{"type": "Feature", "geometry": {"type": "Polygon", "coordinates": [[[-49.384183, -16.683537], [-49.384399, -16.683537], [-49.384399, -16.683465], [-49.384184, -16.683465], [-49.384183, -16.683537]]]}, "properties": {"info": {"id": "000101378726", "nm_lot": "3B"}, "address": "?, ?"}},
{"type": "Feature", "geometry": {"type": "Polygon", "coordinates": [[[-49.393867, -16.684532], [-49.393917, -16.684533], [-49.393926, -16.684263], [-49.393832, -16.684261], [-49.393823, -16.684529], [-49.393867, -16.684532]]]}, "properties": {"info": {"id": "000101278534", "nm_lot": "4"}, "address": "?, ?"}},
{"type": "Feature", "geometry": {"type": "Polygon", "coordinates": [[[-49.387619, -16.685313], [-49.387834, -16.685313], [-49.387834, -16.685223], [-49.387619, -16.685223], [-49.387619, -16.685313]]]}, "properties": {"info": {"id": "000101378198", "nm_lot": "6"}, "address": "?, ?"}},
{"type": "Feature", "geometry": {"type": "Polygon", "coordinates": [[[-49.38711, -16.683883], [-49.387326, -16.683883], [-49.387326, -16.683812], [-49.38711, -16.683812], [-49.38711, -16.683883]]]}, "properties": {"info": {"id": "000101378574", "nm_lot": "5B"}, "address": "?, ?"}},
{"type": "Feature", "geometry": {"type": "Polygon", "coordinates": [[[-49.389933, -16.685265], [-49.389934, -16.685171], [-49.389719, -16.685171], [-49.389719, -16.685265], [-49.389933, -16.685265]]]}, "properties": {"info": {"id": "000101378219", "nm_lot": "6"}, "address": "?, ?"}},
{"type": "Feature", "geometry": {"type": "Polygon", "coordinates": [[[-49.390244, -16.685173], [-49.390459, -16.685173], [-49.39046, -16.685079], [-49.390244, -16.685079], [-49.390244, -16.685173]]]}, "properties": {"info": {"id": "000101378261", "nm_lot": "6"}, "address": "?, ?"}},
{"type": "Feature", "geometry": {"type": "Polygon", "coordinates": [[[-49.388144, -16.685361], [-49.388359, -16.685361], [-49.388359, -16.685267], [-49.388144, -16.685267], [-49.388144, -16.685361]]]}, "properties": {"info": {"id": "000101378183", "nm_lot": "8"}, "address": "?, ?"}},
{"type": "Feature", "geometry": {"type": "Polygon", "coordinates": [[[-49.384356, -16.684043], [-49.384356, -16.684251], [-49.384442, -16.684252], [-49.384442, -16.684043], [-49.384356, -16.684043]]]}, "properties": {"info": {"id": "000101378401", "nm_lot": "8B"}, "address": "?, ?"}},
{"type": "Feature", "geometry": {"type": "Polygon", "coordinates": [[[-49.383661, -16.684793], [-49.383661, -16.684792], [-49.383668, -16.684567], [-49.383622, -16.684565], [-49.383556, -16.684563], [-49.383549, -16.684789], [-49.383661, -16.684793]]]}, "properties": {"info": {"id": "000101259986", "nm_lot": "9"}, "address": "?, ?"}},
{"type": "Feature", "geometry": {"type": "Polygon", "coordinates": [[[-49.38711, -16.684097], [-49.387326, -16.684097], [-49.387326, -16.684026], [-49.38711, -16.684026], [-49.38711, -16.684097]]]}, "properties": {"info": {"id": "000101378476", "nm_lot": "6A"}, "address": "?, ?"}},
{"type": "Feature", "geometry": {"type": "Polygon", "coordinates": [[[-49.384183, -16.684009], [-49.384183, -16.684043], [-49.384399, -16.684043], [-49.384399, -16.683971], [-49.384183, -16.683971], [-49.384183, -16.684009]]]}, "properties": {"info": {"id": "000101378408", "nm_lot": "6A"}, "address": "?, ?"}},
{"type": "Feature", "geometry": {"type": "Polygon", "coordinates": [[[-49.390442, -16.68302], [-49.390442, -16.682811], [-49.39037, -16.682811], [-49.39037, -16.68302], [-49.390442, -16.68302]]]}, "properties": {"info": {"id": "000101379040", "nm_lot": "6A"}, "address": "?, ?"}},
{"type": "Feature", "geometry": {"type": "Polygon", "coordinates": [[[-49.384071, -16.683868], [-49.384071, -16.683776], [-49.383855, -16.683776], [-49.383855, -16.683868], [-49.384071, -16.683868]]]}, "properties": {"info": {"id": "000101378565", "nm_lot": "6B"}, "address": "?, ?"}},
{"type": "Feature", "geometry": {"type": "Polygon", "coordinates": [[[-49.393625, -16.684523], [-49.393634, -16.684262], [-49.393551, -16.684268], [-49.39349, -16.684276], [-49.393552, -16.684521], [-49.393625, -16.684523]]]}, "properties": {"info": {"id": "000101278531", "nm_lot": "7"}, "address": "?, ?"}},
{"type": "Feature", "geometry": {"type": "Polygon", "coordinates": [[[-49.394308, -16.687381], [-49.394388, -16.687121], [-49.394298, -16.687095], [-49.394218, -16.687355], [-49.394308, -16.687381]]]}, "properties": {"info": {"id": "000101311321", "nm_lot": "40"}, "address": "?, ?"}},
{"type": "Feature", "geometry": {"type": "Polygon", "coordinates": [[[-49.393199, -16.684534], [-49.393324, -16.684514], [-49.393274, -16.684314], [-49.393151, -16.684342], [-49.393199, -16.684534]]]}, "properties": {"info": {"id": "000101278528", "nm_lot": "10"}, "address": "?, ?"}},
{"type": "Feature", "geometry": {"type": "Polygon", "coordinates": [[[-49.393529, -16.686914], [-49.393499, -16.687148], [-49.393589, -16.687174], [-49.393645, -16.686928], [-49.393529, -16.686914]]]}, "properties": {"info": {"id": "000101315405", "nm_lot": "48"}, "address": "?, ?"}},
{"type": "Feature", "geometry": {"type": "Polygon", "coordinates": [[[-49.390803, -16.683019], [-49.390803, -16.682812], [-49.390731, -16.682812], [-49.390731, -16.683019], [-49.390803, -16.683019]]]}, "properties": {"info": {"id": "000101379045", "nm_lot": "4B"}, "address": "?, ?"}},
{"type": "Feature", "geometry": {"type": "Polygon", "coordinates": [[[-49.393045, -16.683221], [-49.393248, -16.683225], [-49.39325, -16.683098], [-49.393047, -16.683094], [-49.393045, -16.683221]]]}, "properties": {"info": {"id": "000101252933", "nm_lot": "5"}, "address": "?, ?"}},
{"type": "Feature", "geometry": {"type": "Polygon", "coordinates": [[[-49.386735, -16.68428], [-49.386829, -16.68428], [-49.386829, -16.684099], [-49.386735, -16.684099], [-49.386735, -16.68428]]]}, "properties": {"info": {"id": "000101378364", "nm_lot": "5"}, "address": "?, ?"}},
{"type": "Feature", "geometry": {"type": "Polygon", "coordinates": [[[-49.38711, -16.683954], [-49.387326, -16.683954], [-49.387326, -16.683883], [-49.38711, -16.683883], [-49.38711, -16.683954]]]}, "properties": {"info": {"id": "000101378536", "nm_lot": "5A"}, "address": "?, ?"}},
{"type": "Feature", "geometry": {"type": "Polygon", "coordinates": [[[-49.385421, -16.683013], [-49.385515, -16.683013], [-49.385515, -16.682832], [-49.385421, -16.682832], [-49.385421, -16.683013]]]}, "properties": {"info": {"id": "000101379018", "nm_lot": "6"}, "address": "?, ?"}},
{"type": "Feature", "geometry": {"type": "Polygon", "coordinates": [[[-49.393333, -16.688131], [-49.393334, -16.68804], [-49.393053, -16.688038], [-49.393052, -16.688128], [-49.393333, -16.688131]]]}, "properties": {"info": {"id": "000101315736", "nm_lot": "6"}, "address": "?, ?"}},
{"type": "Feature", "geometry": {"type": "Polygon", "coordinates": [[[-49.393598, -16.68746], [-49.393679, -16.6872], [-49.393589, -16.687174], [-49.393508, -16.687434], [-49.393598, -16.68746]]]}, "properties": {"info": {"id": "000101311324", "nm_lot": "6"}, "address": "?, ?"}},
{"type": "Feature", "geometry": {"type": "Polygon", "coordinates": [[[-49.392237, -16.68349], [-49.392241, -16.683294], [-49.392108, -16.683292], [-49.392105, -16.683488], [-49.392237, -16.68349]]]}, "properties": {"info": {"id": "000101253087", "nm_lot": "6"}, "address": "?, ?"}},
{"type": "Feature", "geometry": {"type": "Polygon", "coordinates": [[[-49.383999, -16.684802], [-49.384006, -16.684576], [-49.383893, -16.684573], [-49.383886, -16.684799], [-49.383999, -16.684802]]]}, "properties": {"info": {"id": "000101259989", "nm_lot": "6"}, "address": "?, ?"}},
{"type": "Feature", "geometry": {"type": "Polygon", "coordinates": [[[-49.385487, -16.683772], [-49.385702, -16.683772], [-49.385702, -16.683699], [-49.385487, -16.683699], [-49.385487, -16.683772]]]}, "properties": {"info": {"id": "000101378629", "nm_lot": "10A"}, "address": "?, ?"}},
{"type": "Feature", "geometry": {"type": "Polygon", "coordinates": [[[-49.388149, -16.683129], [-49.388224, -16.683129], [-49.388224, -16.682921], [-49.388149, -16.682921], [-49.388149, -16.683129]]]}, "properties": {"info": {"id": "000101378959", "nm_lot": "10A"}, "address": "?, ?"}},
{"type": "Feature", "geometry": {"type": "Polygon", "coordinates": [[[-49.384528, -16.684043], [-49.384615, -16.684043], [-49.384615, -16.683971], [-49.384399, -16.683971], [-49.384399, -16.684043], [-49.384528, -16.684043]]]}, "properties": {"info": {"id": "000101378402", "nm_lot": "10B"}, "address": "?, ?"}},
{"type": "Feature", "geometry": {"type": "Polygon", "coordinates": [[[-49.393243, -16.68348], [-49.393245, -16.683352], [-49.393042, -16.683349], [-49.39304, -16.683476], [-49.393243, -16.68348]]]}, "properties": {"info": {"id": "000101252923", "nm_lot": "3"}, "address": "?, ?"}},
{"type": "Feature", "geometry": {"type": "Polygon", "coordinates": [[[-49.38499, -16.68423], [-49.38499, -16.684049], [-49.384896, -16.684048], [-49.384896, -16.684229], [-49.38499, -16.68423]]]}, "properties": {"info": {"id": "000101378440", "nm_lot": "3"}, "address": "?, ?"}},
{"type": "Feature", "geometry": {"type": "Polygon", "coordinates": [[[-49.383567, -16.683077], [-49.383642, -16.683077], [-49.383642, -16.682869], [-49.383568, -16.682869], [-49.383567, -16.683077]]]}, "properties": {"info": {"id": "000101378984", "nm_lot": "23B"}, "address": "?, ?"}},
{"type": "Feature", "geometry": {"type": "Polygon", "coordinates": [[[-49.392063, -16.686076], [-49.392063, -16.686222], [-49.392156, -16.686222], [-49.392156, -16.685996], [-49.392063, -16.685996], [-49.392063, -16.686076]]]}, "properties": {"info": {"id": "000101378001", "nm_lot": "24"}, "address": "?, ?"}},
{"type": "Feature", "geometry": {"type": "Polygon", "coordinates": [[[-49.394383, -16.686982], [-49.394473, -16.68669], [-49.394379, -16.686676], [-49.394293, -16.686956], [-49.394305, -16.68696], [-49.394383, -16.686982]]]}, "properties": {"info": {"id": "000101278439", "nm_lot": "25"}, "address": "?, ?"}},
{"type": "Feature", "geometry": {"type": "Polygon", "coordinates": [[[-49.387309, -16.685455], [-49.387525, -16.685455], [-49.387525, -16.685361], [-49.387309, -16.685361], [-49.387309, -16.685455]]]}, "properties": {"info": {"id": "000101378160", "nm_lot": "26"}, "address": "?, ?"}},
{"type": "Feature", "geometry": {"type": "Polygon", "coordinates": [[[-49.384234, -16.683077], [-49.384308, -16.683077], [-49.384308, -16.682869], [-49.384234, -16.682869], [-49.384234, -16.683077]]]}, "properties": {"info": {"id": "000101378993", "nm_lot": "27A"}, "address": "?, ?"}},
{"type": "Feature", "geometry": {"type": "Polygon", "coordinates": [[[-49.394555, -16.685211], [-49.394461, -16.685208], [-49.394452, -16.685479], [-49.394546, -16.685482], [-49.394555, -16.685211]]]}, "properties": {"info": {"id": "000101278500", "nm_lot": "28"}, "address": "?, ?"}},
{"type": "Feature", "geometry": {"type": "Polygon", "coordinates": [[[-49.389934, -16.685171], [-49.39015, -16.685171], [-49.39015, -16.685078], [-49.389934, -16.685077], [-49.389934, -16.685171]]]}, "properties": {"info": {"id": "000101378240", "nm_lot": "28"}, "address": "?, ?"}},
{"type": "Feature", "geometry": {"type": "Polygon", "coordinates": [[[-49.388359, -16.685267], [-49.388575, -16.685267], [-49.388575, -16.685173], [-49.388359, -16.685173], [-49.388359, -16.685267]]]}, "properties": {"info": {"id": "000101378214", "nm_lot": "28"}, "address": "?, ?"}},
{"type": "Feature", "geometry": {"type": "Polygon", "coordinates": [[[-49.392416, -16.68321], [-49.392516, -16.683212], [-49.39252, -16.683016], [-49.392388, -16.683014], [-49.392384, -16.683209], [-49.392416, -16.68321]]]}, "properties": {"info": {"id": "000101253094", "nm_lot": "28"}, "address": "?, ?"}},
{"type": "Feature", "geometry": {"type": "Polygon", "coordinates": [[[-49.392344, -16.686791], [-49.392344, -16.686565], [-49.392249, -16.686565], [-49.392249, -16.686639], [-49.39225, -16.686791], [-49.392344, -16.686791]]]}, "properties": {"info": {"id": "000101377930", "nm_lot": "29"}, "address": "?, ?"}},
{"type": "Feature", "geometry": {"type": "Polygon", "coordinates": [[[-49.3912, -16.685078], [-49.3912, -16.684984], [-49.390985, -16.684984], [-49.390985, -16.685078], [-49.3912, -16.685078]]]}, "properties": {"info": {"id": "000101378296", "nm_lot": "29"}, "address": "?, ?"}},
{"type": "Feature", "geometry": {"type": "Polygon", "coordinates": [[[-49.387309, -16.685173], [-49.387525, -16.685173], [-49.387525, -16.685079], [-49.387309, -16.685079], [-49.387309, -16.685173]]]}, "properties": {"info": {"id": "000101378232", "nm_lot": "29"}, "address": "?, ?"}},
{"type": "Feature", "geometry": {"type": "Polygon", "coordinates": [[[-49.386949, -16.68292], [-49.387024, -16.68292], [-49.387024, -16.682713], [-49.386949, -16.682713], [-49.386949, -16.68292]]]}, "properties": {"info": {"id": "000101379061", "nm_lot": "29B"}, "address": "?, ?"}},
{"type": "Feature", "geometry": {"type": "Polygon", "coordinates": [[[-49.384184, -16.683465], [-49.384399, -16.683465], [-49.384399, -16.683392], [-49.384184, -16.683392], [-49.384184, -16.683465]]]}, "properties": {"info": {"id": "000101378762", "nm_lot": "2A"}, "address": "?, ?"}},
{"type": "Feature", "geometry": {"type": "Polygon", "coordinates": [[[-49.391346, -16.683572], [-49.391421, -16.683572], [-49.391421, -16.683364], [-49.391346, -16.683364], [-49.391346, -16.683572]]]}, "properties": {"info": {"id": "000101378780", "nm_lot": "2B"}, "address": "?, ?"}},
{"type": "Feature", "geometry": {"type": "Polygon", "coordinates": [[[-49.388359, -16.684891], [-49.388359, -16.684797], [-49.388144, -16.684797], [-49.388144, -16.684891], [-49.388359, -16.684891]]]}, "properties": {"info": {"id": "000101378305", "nm_lot": "3"}, "address": "?, ?"}},
{"type": "Feature", "geometry": {"type": "Polygon", "coordinates": [[[-49.393986, -16.683136], [-49.393982, -16.683318], [-49.394124, -16.68332], [-49.394127, -16.683138], [-49.393986, -16.683136]]]}, "properties": {"info": {"id": "000101252904", "nm_lot": "13"}, "address": "?, ?"}},
{"type": "Feature", "geometry": {"type": "Polygon", "coordinates": [[[-49.390244, -16.685831], [-49.390459, -16.685831], [-49.390459, -16.685737], [-49.390244, -16.685737], [-49.390244, -16.685831]]]}, "properties": {"info": {"id": "000101378096", "nm_lot": "13"}, "address": "?, ?"}},
{"type": "Feature", "geometry": {"type": "Polygon", "coordinates": [[[-49.384134, -16.685576], [-49.384136, -16.685523], [-49.384137, -16.685486], [-49.383856, -16.685478], [-49.383853, -16.685568], [-49.384134, -16.685576]]]}, "properties": {"info": {"id": "000101259957", "nm_lot": "11"}, "address": "?, ?"}},
{"type": "Feature", "geometry": {"type": "Polygon", "coordinates": [[[-49.386568, -16.685735], [-49.386784, -16.685735], [-49.386784, -16.685641], [-49.386568, -16.685641], [-49.386568, -16.685735]]]}, "properties": {"info": {"id": "000101378084", "nm_lot": "11"}, "address": "?, ?"}},
{"type": "Feature", "geometry": {"type": "Polygon", "coordinates": [[[-49.390371, -16.68378], [-49.390446, -16.68378], [-49.390446, -16.683572], [-49.390371, -16.683572], [-49.390371, -16.68378]]]}, "properties": {"info": {"id": "000101378642", "nm_lot": "11B"}, "address": "?, ?"}},
{"type": "Feature", "geometry": {"type": "Polygon", "coordinates": [[[-49.387326, -16.683954], [-49.387541, -16.683954], [-49.387542, -16.683883], [-49.387326, -16.683883], [-49.387326, -16.683954]]]}, "properties": {"info": {"id": "000101378537", "nm_lot": "11B"}, "address": "?, ?"}},
{"type": "Feature", "geometry": {"type": "Polygon", "coordinates": [[[-49.388413, -16.683955], [-49.388629, -16.683955], [-49.388629, -16.683883], [-49.388413, -16.683883], [-49.388413, -16.683955]]]}, "properties": {"info": {"id": "000101378545", "nm_lot": "11B"}, "address": "?, ?"}},
{"type": "Feature", "geometry": {"type": "Polygon", "coordinates": [[[-49.386259, -16.685932], [-49.386259, -16.685841], [-49.386043, -16.685841], [-49.386043, -16.685932], [-49.386259, -16.685932]]]}, "properties": {"info": {"id": "000101378060", "nm_lot": "12"}, "address": "?, ?"}},
{"type": "Feature", "geometry": {"type": "Polygon", "coordinates": [[[-49.389004, -16.68428], [-49.389098, -16.68428], [-49.389098, -16.684099], [-49.389004, -16.684099], [-49.389004, -16.68428]]]}, "properties": {"info": {"id": "000101378436", "nm_lot": "4"}, "address": "?, ?"}},
{"type": "Feature", "geometry": {"type": "Polygon", "coordinates": [[[-49.391244, -16.683227], [-49.391244, -16.683019], [-49.391164, -16.683019], [-49.391164, -16.683227], [-49.391244, -16.683227]]]}, "properties": {"info": {"id": "000101378929", "nm_lot": "19A"}, "address": "?, ?"}},
{"type": "Feature", "geometry": {"type": "Polygon", "coordinates": [[[-49.38711, -16.683383], [-49.387326, -16.683383], [-49.387326, -16.683312], [-49.38711, -16.683312], [-49.38711, -16.683383]]]}, "properties": {"info": {"id": "000101378857", "nm_lot": "1A"}, "address": "?, ?"}},
{"type": "Feature", "geometry": {"type": "Polygon", "coordinates": [[[-49.388414, -16.683312], [-49.388414, -16.683241], [-49.388245, -16.683241], [-49.388198, -16.683286], [-49.388198, -16.683312], [-49.388414, -16.683312]]]}, "properties": {"info": {"id": "000101378895", "nm_lot": "1B"}, "address": "?, ?"}},
{"type": "Feature", "geometry": {"type": "Polygon", "coordinates": [[[-49.39225, -16.685431], [-49.392344, -16.685431], [-49.392344, -16.685183], [-49.39225, -16.685183], [-49.39225, -16.685431]]]}, "properties": {"info": {"id": "000101378208", "nm_lot": "2"}, "address": "?, ?"}},
{"type": "Feature", "geometry": {"type": "Polygon", "coordinates": [[[-49.389053, -16.686221], [-49.3891, -16.686176], [-49.3891, -16.686111], [-49.388884, -16.686111], [-49.388884, -16.686221], [-49.389053, -16.686221]]]}, "properties": {"info": {"id": "000101377975", "nm_lot": "17"}, "address": "?, ?"}},
{"type": "Feature", "geometry": {"type": "Polygon", "coordinates": [[[-49.392791, -16.684886], [-49.393044, -16.684768], [-49.393003, -16.684687], [-49.39275, -16.684804], [-49.392791, -16.684886]]]}, "properties": {"info": {"id": "000101278554", "nm_lot": "17"}, "address": "?, ?"}},
{"type": "Feature", "geometry": {"type": "Polygon", "coordinates": [[[-49.391421, -16.68378], [-49.391421, -16.683572], [-49.391346, -16.683572], [-49.391346, -16.68378], [-49.391421, -16.68378]]]}, "properties": {"info": {"id": "000101378657", "nm_lot": "17A"}, "address": "?, ?"}},
{"type": "Feature", "geometry": {"type": "Polygon", "coordinates": [[[-49.390984, -16.686111], [-49.3912, -16.686111], [-49.3912, -16.686018], [-49.390984, -16.686017], [-49.390984, -16.686111]]]}, "properties": {"info": {"id": "000101378026", "nm_lot": "18"}, "address": "?, ?"}},
{"type": "Feature", "geometry": {"type": "Polygon", "coordinates": [[[-49.392294, -16.686565], [-49.392344, -16.686565], [-49.392344, -16.686339], [-49.39225, -16.686339], [-49.392249, -16.686565], [-49.392294, -16.686565]]]}, "properties": {"info": {"id": "000101377947", "nm_lot": "8"}, "address": "?, ?"}},
{"type": "Feature", "geometry": {"type": "Polygon", "coordinates": [[[-49.391969, -16.685996], [-49.392063, -16.685996], [-49.392063, -16.68577], [-49.391969, -16.68577], [-49.391969, -16.685996]]]}, "properties": {"info": {"id": "000101378053", "nm_lot": "8"}, "address": "?, ?"}},
{"type": "Feature", "geometry": {"type": "Polygon", "coordinates": [[[-49.39184, -16.683483], [-49.391973, -16.683485], [-49.391976, -16.68329], [-49.391844, -16.683287], [-49.39184, -16.683483]]]}, "properties": {"info": {"id": "000101253102", "nm_lot": "8"}, "address": "?, ?"}},
{"type": "Feature", "geometry": {"type": "Polygon", "coordinates": [[[-49.386259, -16.68557], [-49.386258, -16.685501], [-49.386258, -16.68548], [-49.386043, -16.68548], [-49.386043, -16.68557], [-49.386259, -16.68557]]]}, "properties": {"info": {"id": "000101378155", "nm_lot": "8"}, "address": "?, ?"}},
{"type": "Feature", "geometry": {"type": "Polygon", "coordinates": [[[-49.386406, -16.682993], [-49.386406, -16.682812], [-49.386312, -16.682812], [-49.386312, -16.682993], [-49.386406, -16.682993]]]}, "properties": {"info": {"id": "000101379032", "nm_lot": "8"}, "address": "?, ?"}},
{"type": "Feature", "geometry": {"type": "Polygon", "coordinates": [[[-49.385702, -16.683333], [-49.385702, -16.68326], [-49.385487, -16.68326], [-49.385487, -16.683333], [-49.385702, -16.683333]]]}, "properties": {"info": {"id": "000101378884", "nm_lot": "13A"}, "address": "?, ?"}},
{"type": "Feature", "geometry": {"type": "Polygon", "coordinates": [[[-49.39037, -16.683227], [-49.39037, -16.68302], [-49.390298, -16.68302], [-49.390298, -16.683227], [-49.39037, -16.683227]]]}, "properties": {"info": {"id": "000101378917", "nm_lot": "13A"}, "address": "?, ?"}},
{"type": "Feature", "geometry": {"type": "Polygon", "coordinates": [[[-49.387309, -16.685925], [-49.387309, -16.685831], [-49.387093, -16.685831], [-49.387093, -16.685925], [-49.387309, -16.685925]]]}, "properties": {"info": {"id": "000101378033", "nm_lot": "14"}, "address": "?, ?"}},
{"type": "Feature", "geometry": {"type": "Polygon", "coordinates": [[[-49.392913, -16.68513], [-49.393166, -16.685012], [-49.393126, -16.684931], [-49.392872, -16.685049], [-49.392913, -16.68513]]]}, "properties": {"info": {"id": "000101278561", "nm_lot": "14"}, "address": "?, ?"}},
{"type": "Feature", "geometry": {"type": "Polygon", "coordinates": [[[-49.394563, -16.684552], [-49.394572, -16.684281], [-49.394548, -16.68428], [-49.394478, -16.684278], [-49.39447, -16.684549], [-49.394563, -16.684552]]]}, "properties": {"info": {"id": "000101278250", "nm_lot": "14"}, "address": "?, ?"}},
{"type": "Feature", "geometry": {"type": "Polygon", "coordinates": [[[-49.388669, -16.686017], [-49.388884, -16.686017], [-49.388884, -16.685923], [-49.388669, -16.685923], [-49.388669, -16.686017]]]}, "properties": {"info": {"id": "000101378019", "nm_lot": "14"}, "address": "?, ?"}},
{"type": "Feature", "geometry": {"type": "Polygon", "coordinates": [[[-49.39252, -16.683016], [-49.392524, -16.682821], [-49.392524, -16.68282], [-49.392391, -16.682818], [-49.392388, -16.683014], [-49.39252, -16.683016]]]}, "properties": {"info": {"id": "000101253093", "nm_lot": "14"}, "address": "?, ?"}},
{"type": "Feature", "geometry": {"type": "Polygon", "coordinates": [[[-49.388749, -16.683129], [-49.388824, -16.683129], [-49.388824, -16.682921], [-49.388749, -16.682921], [-49.388749, -16.683129]]]}, "properties": {"info": {"id": "000101378967", "nm_lot": "14A"}, "address": "?, ?"}},
{"type": "Feature", "geometry": {"type": "Polygon", "coordinates": [[[-49.390109, -16.684105], [-49.389893, -16.684105], [-49.389893, -16.684168], [-49.390034, -16.684304], [-49.390109, -16.684304], [-49.390109, -16.684105]]]}, "properties": {"info": {"id": "000101378369", "nm_lot": "14A"}, "address": "?, ?"}},
{"type": "Feature", "geometry": {"type": "Polygon", "coordinates": [[[-49.391594, -16.68568], [-49.391594, -16.685431], [-49.3915, -16.685431], [-49.3915, -16.68568], [-49.391594, -16.68568]]]}, "properties": {"info": {"id": "000101378127", "nm_lot": "15"}, "address": "?, ?"}},
{"type": "Feature", "geometry": {"type": "Polygon", "coordinates": [[[-49.393116, -16.686565], [-49.393056, -16.686383], [-49.392995, -16.68634], [-49.392906, -16.68634], [-49.392906, -16.686565], [-49.393116, -16.686565]]]}, "properties": {"info": {"id": "000101377954", "nm_lot": "1"}, "address": "?, ?"}},
{"type": "Feature", "geometry": {"type": "Polygon", "coordinates": [[[-49.391421, -16.683572], [-49.391618, -16.683572], [-49.391534, -16.683406], [-49.391467, -16.683364], [-49.391421, -16.683364], [-49.391421, -16.683572]]]}, "properties": {"info": {"id": "000101378781", "nm_lot": "1"}, "address": "?, ?"}},
{"type": "Feature", "geometry": {"type": "Polygon", "coordinates": [[[-49.392734, -16.687553], [-49.392679, -16.687563], [-49.39266, -16.687566], [-49.392658, -16.687794], [-49.392786, -16.687795], [-49.392788, -16.687538], [-49.392734, -16.687553]]]}, "properties": {"info": {"id": "000101311351", "nm_lot": "15"}, "address": "?, ?"}},
{"type": "Feature", "geometry": {"type": "Polygon", "coordinates": [[[-49.39263, -16.683693], [-49.392633, -16.683497], [-49.392501, -16.683495], [-49.392497, -16.68369], [-49.39263, -16.683693]]]}, "properties": {"info": {"id": "000101253090", "nm_lot": "15"}, "address": "?, ?"}},
{"type": "Feature", "geometry": {"type": "Polygon", "coordinates": [[[-49.391875, -16.685092], [-49.391875, -16.684844], [-49.391782, -16.684844], [-49.391782, -16.684926], [-49.391781, -16.685092], [-49.391875, -16.685092]]]}, "properties": {"info": {"id": "000101378285", "nm_lot": "15"}, "address": "?, ?"}},
{"type": "Feature", "geometry": {"type": "Polygon", "coordinates": [[[-49.388974, -16.683129], [-49.388974, -16.682921], [-49.388899, -16.682921], [-49.388899, -16.683129], [-49.388974, -16.683129]]]}, "properties": {"info": {"id": "000101378969", "nm_lot": "15A"}, "address": "?, ?"}},
{"type": "Feature", "geometry": {"type": "Polygon", "coordinates": [[[-49.384615, -16.683248], [-49.384615, -16.683221], [-49.384568, -16.683176], [-49.384399, -16.683176], [-49.384399, -16.683248], [-49.384615, -16.683248]]]}, "properties": {"info": {"id": "000101378888", "nm_lot": "15A"}, "address": "?, ?"}},
{"type": "Feature", "geometry": {"type": "Polygon", "coordinates": [[[-49.387542, -16.683383], [-49.387542, -16.683312], [-49.387326, -16.683312], [-49.387326, -16.683383], [-49.387542, -16.683383]]]}, "properties": {"info": {"id": "000101378858", "nm_lot": "15B"}, "address": "?, ?"}},
{"type": "Feature", "geometry": {"type": "Polygon", "coordinates": [[[-49.386428, -16.686221], [-49.386475, -16.686176], [-49.386475, -16.686112], [-49.386259, -16.686112], [-49.386259, -16.686221], [-49.386428, -16.686221]]]}, "properties": {"info": {"id": "000101377956", "nm_lot": "16"}, "address": "?, ?"}},
{"type": "Feature", "geometry": {"type": "Polygon", "coordinates": [[[-49.389194, -16.686113], [-49.389409, -16.686113], [-49.389409, -16.686019], [-49.389194, -16.686019], [-49.389194, -16.686113]]]}, "properties": {"info": {"id": "000101377980", "nm_lot": "16"}, "address": "?, ?"}},
{"type": "Feature", "geometry": {"type": "Polygon", "coordinates": [[[-49.384276, -16.685568], [-49.384273, -16.685658], [-49.384554, -16.685666], [-49.384557, -16.685576], [-49.384276, -16.685568]]]}, "properties": {"info": {"id": "000101259974", "nm_lot": "5"}, "address": "?, ?"}},
{"type": "Feature", "geometry": {"type": "Polygon", "coordinates": [[[-49.393823, -16.684529], [-49.393832, -16.684261], [-49.3938, -16.684261], [-49.39373, -16.684259], [-49.393721, -16.684526], [-49.393729, -16.684526], [-49.393823, -16.684529]]]}, "properties": {"info": {"id": "000101278533", "nm_lot": "5"}, "address": "?, ?"}},
{"type": "Feature", "geometry": {"type": "Polygon", "coordinates": [[[-49.388957, -16.683458], [-49.389173, -16.683458], [-49.389173, -16.683386], [-49.388957, -16.683385], [-49.388957, -16.683458]]]}, "properties": {"info": {"id": "000101378795", "nm_lot": "9A"}, "address": "?, ?"}},
{"type": "Feature", "geometry": {"type": "Polygon", "coordinates": [[[-49.386454, -16.683783], [-49.386454, -16.68371], [-49.386238, -16.68371], [-49.386238, -16.683783], [-49.386454, -16.683783]]]}, "properties": {"info": {"id": "000101378627", "nm_lot": "9B"}, "address": "?, ?"}},
{"type": "Feature", "geometry": {"type": "Polygon", "coordinates": [[[-49.383615, -16.684243], [-49.383762, -16.684163], [-49.38395, -16.684165], [-49.384095, -16.684248], [-49.384183, -16.684249], [-49.384183, -16.684009], [-49.383527, -16.684003], [-49.383527, -16.684242], [-49.383615, -16.684243]]]}, "properties": {"info": {"id": "000101378406", "nm_lot": "APM"}, "address": "?, ?"}},
{"type": "Feature", "geometry": {"type": "Polygon", "coordinates": [[[-49.385524, -16.68577], [-49.385645, -16.685769], [-49.385743, -16.685881], [-49.385742, -16.68587], [-49.385715, -16.684906], [-49.38571, -16.684859], [-49.385698, -16.684814], [-49.385678, -16.684772], [-49.385653, -16.684732], [-49.385621, -16.684697], [-49.385585, -16.684666], [-49.385544, -16.684642], [-49.385499, -16.684623], [-49.385453, -16.684612], [-49.385405, -16.684607], [-49.384795, -16.68459], [-49.385519, -16.685762], [-49.385524, -16.68577]]]}, "properties": {"info": {"id": "000101377896", "nm_lot": "APM"}, "address": "?, ?"}},
{"type": "Feature", "geometry": {"type": "Polygon", "coordinates": [[[-49.389894, -16.682811], [-49.390081, -16.682811], [-49.390081, -16.682695], [-49.389894, -16.682695], [-49.389894, -16.682811]]]}, "properties": {"info": {"id": "000101379146", "nm_lot": "AREA"}, "address": "?, ?"}},
{"type": "Feature", "geometry": {"type": "Polygon", "coordinates": [[[-49.392719, -16.686222], [-49.392914, -16.686222], [-49.392967, -16.686141], [-49.392894, -16.685996], [-49.392719, -16.685996], [-49.392719, -16.686222]]]}, "properties": {"info": {"id": "000101378008", "nm_lot": "31"}, "address": "?, ?"}},
{"type": "Feature", "geometry": {"type": "Polygon", "coordinates": [[[-49.390028, -16.68489], [-49.39015, -16.68489], [-49.39015, -16.684731], [-49.390103, -16.684685], [-49.390028, -16.684685], [-49.390028, -16.68489]]]}, "properties": {"info": {"id": "000101378334", "nm_lot": "31"}, "address": "?, ?"}},
{"type": "Feature", "geometry": {"type": "Polygon", "coordinates": [[[-49.388884, -16.684889], [-49.388978, -16.684889], [-49.388978, -16.684685], [-49.388884, -16.684685], [-49.388884, -16.684889]]]}, "properties": {"info": {"id": "000101378308", "nm_lot": "32"}, "address": "?, ?"}},
{"type": "Feature", "geometry": {"type": "Polygon", "coordinates": [[[-49.393045, -16.683221], [-49.393047, -16.683094], [-49.393049, -16.683026], [-49.392916, -16.683023], [-49.392912, -16.683219], [-49.393045, -16.683221]]]}, "properties": {"info": {"id": "000101252930", "nm_lot": "32"}, "address": "?, ?"}},
{"type": "Feature", "geometry": {"type": "Polygon", "coordinates": [[[-49.391078, -16.68489], [-49.391078, -16.684686], [-49.390985, -16.684685], [-49.390985, -16.68489], [-49.391078, -16.68489]]]}, "properties": {"info": {"id": "000101378338", "nm_lot": "32"}, "address": "?, ?"}},
{"type": "Feature", "geometry": {"type": "Polygon", "coordinates": [[[-49.392986, -16.685899], [-49.393239, -16.685781], [-49.393199, -16.6857], [-49.392945, -16.685817], [-49.392986, -16.685899]]]}, "properties": {"info": {"id": "000101278572", "nm_lot": "36"}, "address": "?, ?"}},
{"type": "Feature", "geometry": {"type": "Polygon", "coordinates": [[[-49.390947, -16.683019], [-49.390947, -16.682812], [-49.390875, -16.682812], [-49.390875, -16.683019], [-49.390947, -16.683019]]]}, "properties": {"info": {"id": "000101379047", "nm_lot": "3B"}, "address": "?, ?"}},
{"type": "Feature", "geometry": {"type": "Polygon", "coordinates": [[[-49.391553, -16.684096], [-49.391553, -16.683888], [-49.39148, -16.683888], [-49.39148, -16.684096], [-49.391553, -16.684096]]]}, "properties": {"info": {"id": "000101378506", "nm_lot": "3B"}, "address": "?, ?"}},
{"type": "Feature", "geometry": {"type": "Polygon", "coordinates": [[[-49.38364, -16.683475], [-49.383855, -16.683475], [-49.383855, -16.6834], [-49.38364, -16.6834], [-49.38364, -16.683475]]]}, "properties": {"info": {"id": "000101378751", "nm_lot": "3B"}, "address": "?, ?"}},
{"type": "Feature", "geometry": {"type": "Polygon", "coordinates": [[[-49.393042, -16.683349], [-49.393245, -16.683352], [-49.393248, -16.683225], [-49.393045, -16.683221], [-49.393042, -16.683349]]]}, "properties": {"info": {"id": "000101252932", "nm_lot": "4"}, "address": "?, ?"}},
{"type": "Feature", "geometry": {"type": "Polygon", "coordinates": [[[-49.393255, -16.682843], [-49.393258, -16.682715], [-49.393055, -16.682712], [-49.393052, -16.68283], [-49.393052, -16.682839], [-49.393255, -16.682843]]]}, "properties": {"info": {"id": "000101252934", "nm_lot": "8"}, "address": "?, ?"}},
{"type": "Feature", "geometry": {"type": "Polygon", "coordinates": [[[-49.390244, -16.685361], [-49.390459, -16.685361], [-49.390459, -16.685267], [-49.390244, -16.685267], [-49.390244, -16.685361]]]}, "properties": {"info": {"id": "000101378221", "nm_lot": "8"}, "address": "?, ?"}},
{"type": "Feature", "geometry": {"type": "Polygon", "coordinates": [[[-49.384442, -16.684252], [-49.384528, -16.684253], [-49.384528, -16.684043], [-49.384442, -16.684043], [-49.384442, -16.684252]]]}, "properties": {"info": {"id": "000101378400", "nm_lot": "8A"}, "address": "?, ?"}},
{"type": "Feature", "geometry": {"type": "Polygon", "coordinates": [[[-49.388413, -16.68428], [-49.388413, -16.684097], [-49.388342, -16.684097], [-49.388342, -16.68428], [-49.388413, -16.68428]]]}, "properties": {"info": {"id": "000101378414", "nm_lot": "8B"}, "address": "?, ?"}},
{"type": "Feature", "geometry": {"type": "Polygon", "coordinates": [[[-49.390446, -16.683572], [-49.390521, -16.683572], [-49.390521, -16.683364], [-49.390446, -16.683364], [-49.390446, -16.683572]]]}, "properties": {"info": {"id": "000101378768", "nm_lot": "8B"}, "address": "?, ?"}},
{"type": "Feature", "geometry": {"type": "Polygon", "coordinates": [[[-49.390831, -16.684096], [-49.390831, -16.683888], [-49.390758, -16.683888], [-49.390758, -16.684096], [-49.390831, -16.684096]]]}, "properties": {"info": {"id": "000101378494", "nm_lot": "8B"}, "address": "?, ?"}},
{"type": "Feature", "geometry": {"type": "Polygon", "coordinates": [[[-49.384943, -16.683617], [-49.385159, -16.683617], [-49.385159, -16.683544], [-49.384943, -16.683544], [-49.384943, -16.683617]]]}, "properties": {"info": {"id": "000101378687", "nm_lot": "8B"}, "address": "?, ?"}},
{"type": "Feature", "geometry": {"type": "Polygon", "coordinates": [[[-49.386782, -16.683674], [-49.386998, -16.683674], [-49.386998, -16.683602], [-49.386782, -16.683602], [-49.386782, -16.683674]]]}, "properties": {"info": {"id": "000101378653", "nm_lot": "8B"}, "address": "?, ?"}},
{"type": "Feature", "geometry": {"type": "Polygon", "coordinates": [[[-49.391594, -16.685431], [-49.391688, -16.685431], [-49.391688, -16.685183], [-49.391594, -16.685183], [-49.391594, -16.685431]]]}, "properties": {"info": {"id": "000101378200", "nm_lot": "9"}, "address": "?, ?"}},
{"type": "Feature", "geometry": {"type": "Polygon", "coordinates": [[[-49.384234, -16.682869], [-49.384308, -16.682869], [-49.384308, -16.682661], [-49.384234, -16.682661], [-49.384234, -16.682869]]]}, "properties": {"info": {"id": "000101379109", "nm_lot": "6B"}, "address": "?, ?"}},
{"type": "Feature", "geometry": {"type": "Polygon", "coordinates": [[[-49.389173, -16.683964], [-49.389173, -16.683892], [-49.388957, -16.683892], [-49.388957, -16.683964], [-49.389173, -16.683964]]]}, "properties": {"info": {"id": "000101378541", "nm_lot": "6B"}, "address": "?, ?"}},
{"type": "Feature", "geometry": {"type": "Polygon", "coordinates": [[[-49.39305, -16.682967], [-49.393253, -16.68297], [-49.393255, -16.682843], [-49.393052, -16.682839], [-49.39305, -16.682967]]]}, "properties": {"info": {"id": "000101252935", "nm_lot": "7"}, "address": "?, ?"}},
{"type": "Feature", "geometry": {"type": "Polygon", "coordinates": [[[-49.385421, -16.682832], [-49.385421, -16.682652], [-49.385327, -16.682652], [-49.385327, -16.682832], [-49.385421, -16.682832]]]}, "properties": {"info": {"id": "000101379129", "nm_lot": "7"}, "address": "?, ?"}},
{"type": "Feature", "geometry": {"type": "Polygon", "coordinates": [[[-49.387255, -16.68428], [-49.387255, -16.684097], [-49.387183, -16.684097], [-49.387183, -16.68428], [-49.387255, -16.68428]]]}, "properties": {"info": {"id": "000101378374", "nm_lot": "7A"}, "address": "?, ?"}},
{"type": "Feature", "geometry": {"type": "Polygon", "coordinates": [[[-49.386454, -16.683999], [-49.386454, -16.683927], [-49.386238, -16.683927], [-49.386238, -16.683999], [-49.386454, -16.683999]]]}, "properties": {"info": {"id": "000101378521", "nm_lot": "7A"}, "address": "?, ?"}},
{"type": "Feature", "geometry": {"type": "Polygon", "coordinates": [[[-49.384012, -16.682869], [-49.384086, -16.682869], [-49.384086, -16.682661], [-49.384012, -16.682661], [-49.384012, -16.682869]]]}, "properties": {"info": {"id": "000101379106", "nm_lot": "7A"}, "address": "?, ?"}},
{"type": "Feature", "geometry": {"type": "Polygon", "coordinates": [[[-49.388198, -16.684099], [-49.388198, -16.68428], [-49.388271, -16.68428], [-49.388271, -16.684097], [-49.388198, -16.684097], [-49.388198, -16.684099]]]}, "properties": {"info": {"id": "000101378385", "nm_lot": "7B"}, "address": "?, ?"}},
{"type": "Feature", "geometry": {"type": "Polygon", "coordinates": [[[-49.39037, -16.68302], [-49.39037, -16.682811], [-49.390298, -16.682811], [-49.390298, -16.68302], [-49.39037, -16.68302]]]}, "properties": {"info": {"id": "000101379039", "nm_lot": "7B"}, "address": "?, ?"}},
{"type": "Feature", "geometry": {"type": "Polygon", "coordinates": [[[-49.394128, -16.687329], [-49.394208, -16.687069], [-49.394118, -16.687043], [-49.394038, -16.687303], [-49.394128, -16.687329]]]}, "properties": {"info": {"id": "000101315404", "nm_lot": "42"}, "address": "?, ?"}},
{"type": "Feature", "geometry": {"type": "Polygon", "coordinates": [[[-49.393645, -16.686928], [-49.393589, -16.687174], [-49.393679, -16.6872], [-49.393748, -16.686946], [-49.393645, -16.686928]]]}, "properties": {"info": {"id": "000101301492", "nm_lot": "47"}, "address": "?, ?"}},
{"type": "Feature", "geometry": {"type": "Polygon", "coordinates": [[[-49.390712, -16.68302], [-49.390731, -16.683019], [-49.390731, -16.682812], [-49.390659, -16.682812], [-49.390658, -16.683021], [-49.390712, -16.68302]]]}, "properties": {"info": {"id": "000101379044", "nm_lot": "4A"}, "address": "?, ?"}},
{"type": "Feature", "geometry": {"type": "Polygon", "coordinates": [[[-49.387654, -16.683819], [-49.38787, -16.683819], [-49.38787, -16.683747], [-49.387654, -16.683747], [-49.387654, -16.683819]]]}, "properties": {"info": {"id": "000101378572", "nm_lot": "4A"}, "address": "?, ?"}},
{"type": "Feature", "geometry": {"type": "Polygon", "coordinates": [[[-49.388742, -16.683747], [-49.388957, -16.683747], [-49.388957, -16.683676], [-49.388742, -16.683675], [-49.388742, -16.683747]]]}, "properties": {"info": {"id": "000101378616", "nm_lot": "4B"}, "address": "?, ?"}},
{"type": "Feature", "geometry": {"type": "Polygon", "coordinates": [[[-49.392095, -16.687839], [-49.392093, -16.68811], [-49.392187, -16.688111], [-49.392189, -16.68784], [-49.392095, -16.687839]]]}, "properties": {"info": {"id": "000101315450", "nm_lot": "5"}, "address": "?, ?"}},
{"type": "Feature", "geometry": {"type": "Polygon", "coordinates": [[[-49.385177, -16.684232], [-49.385177, -16.684051], [-49.385083, -16.68405], [-49.385083, -16.684231], [-49.385177, -16.684232]]]}, "properties": {"info": {"id": "000101378392", "nm_lot": "5"}, "address": "?, ?"}},
{"type": "Feature", "geometry": {"type": "Polygon", "coordinates": [[[-49.392344, -16.685996], [-49.392344, -16.68577], [-49.39225, -16.68577], [-49.39225, -16.685996], [-49.392344, -16.685996]]]}, "properties": {"info": {"id": "000101378056", "nm_lot": "5"}, "address": "?, ?"}},
{"type": "Feature", "geometry": {"type": "Polygon", "coordinates": [[[-49.38787, -16.683891], [-49.387654, -16.683891], [-49.387654, -16.683964], [-49.38787, -16.683964], [-49.38787, -16.683891]]]}, "properties": {"info": {"id": "000101378532", "nm_lot": "5A"}, "address": "?, ?"}},
{"type": "Feature", "geometry": {"type": "Polygon", "coordinates": [[[-49.390586, -16.68302], [-49.390586, -16.682811], [-49.390514, -16.682811], [-49.390514, -16.68302], [-49.390586, -16.68302]]]}, "properties": {"info": {"id": "000101379042", "nm_lot": "5A"}, "address": "?, ?"}},
{"type": "Feature", "geometry": {"type": "Polygon", "coordinates": [[[-49.385271, -16.683918], [-49.385487, -16.683918], [-49.385487, -16.683845], [-49.385271, -16.683845], [-49.385271, -16.683918]]]}, "properties": {"info": {"id": "000101378553", "nm_lot": "5A"}, "address": "?, ?"}},
{"type": "Feature", "geometry": {"type": "Polygon", "coordinates": [[[-49.390658, -16.683021], [-49.390659, -16.682812], [-49.390586, -16.682811], [-49.390586, -16.68302], [-49.390658, -16.683021]]]}, "properties": {"info": {"id": "000101379043", "nm_lot": "5B"}, "address": "?, ?"}},
{"type": "Feature", "geometry": {"type": "Polygon", "coordinates": [[[-49.388742, -16.683891], [-49.388957, -16.683892], [-49.388957, -16.683819], [-49.388742, -16.683819], [-49.388742, -16.683891]]]}, "properties": {"info": {"id": "000101378542", "nm_lot": "5B"}, "address": "?, ?"}},
{"type": "Feature", "geometry": {"type": "Polygon", "coordinates": [[[-49.383848, -16.685749], [-49.383851, -16.685658], [-49.383569, -16.68565], [-49.383567, -16.685741], [-49.383848, -16.685749]]]}, "properties": {"info": {"id": "000101259984", "nm_lot": "6"}, "address": "?, ?"}},
{"type": "Feature", "geometry": {"type": "Polygon", "coordinates": [[[-49.384273, -16.685658], [-49.384268, -16.685822], [-49.384313, -16.685861], [-49.384549, -16.685833], [-49.384554, -16.685666], [-49.384273, -16.685658]]]}, "properties": {"info": {"id": "000101259972", "nm_lot": "6"}, "address": "?, ?"}}]}
