name,ghs
AL  FILIPEIA,7nx
AL BEIJA-FLOR,7nx
AL CANARIO DA TERRA,7nx
AL CONCRIS,7nx
AL FARACO,7nx
AL PARDAL,7nx
AL PAVÃO,7nx
AL SABIÁ,7nx
AV  ABDIAS GOMES DE ALMEIDA,7nx
AV  ABEL DA SILVA,7nx
AV  ACRE,7nx
AV  ADELAIDE NOVAIS,7nx
AV  ADERBAL PIRAGIBE,7nx
AV  ADOLFO CIRNE,7nx
AV  ADOLFO LOUREIRO,7nx
AV  AFONSO CAMPOS,7nx
AV  ALAGOAS,7nx
AV  ALUISIO FRANCA,7nx
AV  AMAZONAS,7nx
AV  ANA NERY,7nx
AV  ANTONIO LIRA,7nx
AV  APOLONIO DA NOBREGA,7nx
AV  ARAGAO E MELO,7nx
AV  ARIOSVALDO SILVA,7nx
AV  ARTHUR MONTEIRO DE PAIVA,7nx
AV  ASSIS VIDAL,7nx
AV  BAHIA,7nx
AV  BANANEIRAS,7nx
AV  BELO HORIZONTE,7nx
AV  BENICIO DE OLIVEIRA LIMA,7nx
AV  BORJA PEREGRINO,7nx
AV  BRASIL,7nx
AV  BRASILIA,7nx
AV  CABO BRANCO,7nx
AV  CAETANO FILGUEIRAS,7nx
AV  CAJAZEIRAS,7nx
AV  CAMILO DE HOLANDA,7nx
AV  CAMPOS SALES,7nx
AV  CARAMURU,7nx
AV  CARLOS BARROS,7nx
AV  CARLOS GOMES,7nx
AV  CARNEIRO DA CUNHA,7nx
AV  CASTRO ALVES,7nx
AV  CEARA,7nx
AV  CELERINA PAIVA,7nx
AV  CENTENARIO,7nx
AV  CHESF,7nx
AV  CINCO DE AGOSTO,7nx
AV  CLARICE JUSTA,7nx
AV  COELHO LISBOA,7nx
AV  CORACAO DE JESUS,7nx
AV  COREMAS,7nx
AV  CORINTA ROSAS,7nx
AV  CRUZ CORDEIRO,7nx
AV  CRUZ DAS ARMAS,7nx
AV  CRUZEIRO DO SUL,7nx
AV  CUIABA,7nx
AV  DOIS DE FEVEREIRO,7nx
AV  DOS ESCOTEIROS,7nx
AV  DOZE DE OUTUBRO,7nx
AV  DUARTE DA SILVEIRA,7nx
AV  ESPERANCA,7nx
AV  ESPIRITO SANTO,7nx
AV  EURIPEDES TAVARES,7nx
AV  EUZELY FABRICIO DE SOUZA,7nx
AV  FAGUNDES VARELA,7nx
AV  FELICIANO CIRNE,7nx
AV  FELICIANO DOURADO,7nx
AV  FLAMBOYANT,7nx
AV  FLORIANO PEIXOTO,7nx
AV  FLORIANOPOLIS,7nx
AV  FORTALEZA,7nx
AV  FRANCA FILHO,7nx
AV  FRANCISCA MOURA,7nx
AV  FRANCISCO BRANDAO,7nx
AV  FRANCISCO MANOEL,7nx
AV  FRATERNIDADE,7nx
AV  GEMINIANO DA FRANCA,7nx
AV  GENERINO MACIEL,7nx
AV  GERALDO COSTA,7nx
AV  GOIAS,7nx
AV  GOUVEIA NOBREGA,7nx
AV  GUANABARA,7nx
AV  GUARABIRA,7nx
AV  HILTON SOUTO MAIOR,7nx
AV  IAIA PAIVA,7nx
AV  INDIO ARABUTAN,7nx
AV  INGA,7nx
AV  ISIDRO GOMES,7nx
AV  JESUS DE NAZARE,7nx
AV  JOAO AMORIM,7nx
AV  JOAO CANCIO DA SILVA,7nx
AV  JOAO CIRILO DA SILVA,7nx
AV  JOAO LUIZ RIBEIRO DE MORAIS,7nx
AV  JOAO MAURICIO,7nx
AV  JOAQUIM HARDMAN,7nx
AV  JOAQUIM PIRES FERREIRA,7nx
AV  JOAQUIM TORRES,7nx
AV  JOSE AUGUSTO TRINDADE,7nx
AV  JOSE BONIFACIO,7nx
AV  JOSE JARDIM,7nx
AV  JOSE LIBERATO,7nx
AV  JUAREZ TAVORA,7nx
AV  JULIA FREIRE,7nx
AV  LIMA FILHO,7nx
AV  MACHADO DE ASSIS,7nx
AV  MANDACARU,7nx
AV  MANOEL CANDIDO LEITE,7nx
AV  MANOEL CAVALCANTE DE SOUZA,7nx
AV  MANOEL DEODATO,7nx
AV  MANOEL MORAIS,7nx
AV  MANOEL TEOTONIO DOS SANTOS,7nx
AV  MARANHAO,7nx
AV  MARCIONILA DA CONCEICAO,7nx
AV  MARIA ELIZABETH,7nx
AV  MARIA ROSA,7nx
AV  MAROQUINHA RAMOS,7nx
AV  MARTA PACHECO,7nx
AV  MASCARENHAS DE MORAIS,7nx
AV  MATEUS RIBEIRO,7nx
AV  MATO GROSSO,7nx
AV  MAXIMIANO FIGUEIREDO,7nx
AV  MAXIMIANO MACHADO,7nx
AV  MEXICO,7nx
AV  MIGUEL COUTO,7nx
AV  MIGUEL SANTA CRUZ,7nx
AV  MINAS GERAIS,7nx
AV  MONTE CASTELO,7nx
AV  MONTEIRO DA FRANCA,7nx
AV  MONTEIRO LOBATO,7nx
AV  NABUCO DE ASSIS,7nx
AV  NAPOLEAO LAUREANO,7nx
AV  NATAL,7nx
AV  NEGO,7nx
AV  NO COSTA,7nx
AV  NOSSA SENHORA DA PENHA,7nx
AV  NOSSA SENHORA DE FATIMA,7nx
AV  NOSSA SENHORA DOS NAVEGANTES,7nx
AV  NOVA LIBERDADE,7nx
AV  OLINDA,7nx
AV  OSVALDO CRUZ,7nx
AV  PALMARES,7nx
AV  PARA,7nx
AV  PARANA,7nx
AV  PARQUE,7nx
AV  PAULO AFONSO,7nx
AV  PEDRO BATISTA,7nx
AV  PERNAMBUCO,7nx
AV  PIAUI,7nx
AV  PLACIDO DE CASTRO,7nx
AV  POMBAL,7nx
AV  PRIMEIRO DE MAIO,7nx
AV  RECIFE,7nx
AV  REDENCAO,7nx
AV  RIO DE JANEIRO,7nx
AV  RIO GRANDE DO NORTE,7nx
AV  RIO GRANDE DO SUL,7nx
AV  RODRIGUES CHAVES,7nx
AV  RORAIMA,7nx
AV  RUBENS SALDANHA,7nx
AV  RUI BARBOSA,7nx
AV  SANHAUA,7nx
AV  SANTA CATARINA,7nx
AV  SANTA JULIA,7nx
AV  SANTOS DUMONT,7nx
AV  SAO GABRIEL,7nx
AV  SAO GONCALO,7nx
AV  SAO JUDAS TADEU,7nx
AV  SAO MARCOS,7nx
AV  SAO PAULO,7nx
AV  SAO RAFAEL,7nx
AV  SAPE,7nx
AV  SATURNINO DE BRITO,7nx
AV  SERGIPE,7nx
AV  SEVERINO ALVES AIRES,7nx
AV  SEVERINO MASSA SPINELLI,7nx
AV  SILVA MARIZ,7nx
AV  SILVINO CHAVES,7nx
AV  SILVINO LOPES,7nx
AV  SOUZA RANGEL,7nx
AV  TABAJARAS,7nx
AV  TOCANTINS,7nx
AV  TRES DE MAIO,7nx
AV  UMBUZEIRO,7nx
AV  VALDEMAR NAZIAZENO,7nx
AV  VASCO DA GAMA,7nx
AV  XAVIER JUNIOR,7nx
AV 19 DE DEZEMBRO,7nx
AV ALFREDO DIAS PINTO,7nx
AV ALM BARROSO,7nx
AV ALM TAMANDARE,7nx
AV BARAO PASSAGEM,7nx
AV BARAO TRIUNFO,7nx
AV BEAUREPAIRE ROHAN,7nx
AV CAIRU,7nx
AV CAP FRANCISCO PEREIRA,7nx
AV CAP JOAO FREIRE,7nx
AV CAP JOSE PESSOA,7nx
AV CEL ADOLFO MASSA,7nx
AV CEL JOSE MAURICIO DA COSTA,7nx
AV CEL LUIZ INACIO,7nx
AV CEL MIGUEL SATIRO,7nx
AV CICERA BATISTA DE LUNA,7nx
AV CIDADE DE CAJAZEIRAS,7nx
AV CIDADE DE CAMPO DE SANTANA,7nx
AV CIDADE DE JERICO,7nx
AV CIDADE DE MANAIRA,7nx
AV CIDADE DE NOVA FLORESTA,7nx
AV CIDADE DE SALGADO DE SAO FELIX,7nx
AV CIDADE DE SAO JOSE DO SABUGI,7nx
AV CONCEICAO,7nx
AV CUIABA,7nx
AV DA FALESIA,7nx
AV DES ARQUIMEDES,7nx
AV DES BOTO DE MENEZES,7nx
AV DES NOVAIS,7nx
AV DES PINHO,7nx
AV DES SANTOS STANISLAU,7nx
AV DOM MANOEL PAIVA,7nx
AV DOM MOISES COELHO,7nx
AV DOM PEDRO I,7nx
AV DOM PEDRO II,7nx
AV DOM SANTINO COUTINHO,7nx
AV DOM VITAL,7nx
AV DOS BANDEIRANTES,7nx
AV DOS PESCADORES,7nx
AV DR FLAVIO MAROJA FILHO,7nx
AV DR JOAO DA MATA,7nx
AV DR JOAO FRANCA,7nx
AV ENG ALVARO FERREIRA,7nx
AV ENG CLODOALDO GOUVEIA,7nx
AV ENG LUCIANO VAREDA,7nx
AV EXPEDICIONARIOS,7nx
AV FORTALEZA,7nx
AV FREI AGOSTINHO,7nx
AV GAL BENTO DA GAMA,7nx
AV GAL EDSON RAMALHO,7nx
AV GAL OSORIO,7nx
AV GAL REGO DE BARROS,7nx
AV GOIANIA,7nx
AV GOV ANTONIO DA SILVA MARIZ,7nx
AV GOV ARGEMIRO DE FIGUEIREDO,7nx
AV GOV FLAVIO RIBEIRO COUTINHO,7nx
AV HILTON SOUTO MAIOR,7nx
AV INFANTE DOM HENRIQUE,7nx
AV JACARANDA,7nx
AV JATOBA,7nx
AV JOAO CIRILO DA SILVA,7nx
AV JOAO MACHADO,7nx
AV JOAQUIM RIBEIRO DOS SANTOS MEIRA,7nx
AV JOSINALDO NASCIMENTO,7nx
AV LORIVAL BEZERRA DOS SANTOS,7nx
AV MAL DEODORO DA FONSECA,7nx
AV MAL ESPERIDIAO ROSAS,7nx
AV MAL HERMES DA FONSECA,7nx
AV MAL RONDOM,7nx
AV MARTA DA LUZ,7nx
AV MESSIAS OLIVEIRA GUIMARAES,7nx
AV MIN JOSE AMERICO DE ALMEIDA,7nx
AV MONS ODILON COUTINHO,7nx
AV MONS WALFREDO LEAL,7nx
AV MOURAO RANGEL,7nx
AV PADRE AYRES,7nx
AV PADRE GERALDO SCHUT,7nx
AV PADRE MEIRA,7nx
AV PEDRO ALEXANDRINO,7nx
AV PRAIA DOS PESCADORES,7nx
AV PRES AFONSO PENA,7nx
AV PRES CAFE FILHO,7nx
AV PRES CASTELO BRANCO,7nx
AV PRES DELFIM MOREIRA,7nx
AV PRES EPITACIO PESSOA,7nx
AV PRES FELIX ANTONIO,7nx
AV PRES GETULIO VARGAS,7nx
AV PRES JUSCELINO KUBTSCHECH,7nx
AV PRES NILO PECANHA,7nx
AV PRES TANCREDO NEVES,7nx
AV PRES WASHINGTON LUIZ,7nx
AV PRINCESA ISABEL,7nx
AV PROF CARDOSO TORRES,7nx
AV PROF PAREDES,7nx
AV PROFA MARIA SALES,7nx
AV PROFA MOCINHA AVELAR,7nx
AV RIO ARATU,7nx
AV SANTA BARBARA,7nx
AV SEN JOAO LIRA,7nx
AV SEN RUY CARNEIRO,7nx
AV SEVERINA DE FREITAS,7nx
AV SEVERINO DIAS DE OLIVEIRA (SIVUCA),7nx
AV SINESIO GUIMARAES,7nx
AV TEN RAIMUNDO COSMO DOS SANTOS,7nx
AV VALDEMAR NAZIAZENO,7nx
AV VISC PELOTAS,7nx
BC PANCRACIO,7nx
LD  FELICIANO COELHO,7nx
LD BORBOREMA,7nx
LD DA GRAÇA,7nx
LD DOM VITAL,7nx
LD JACO,7nx
LD PEDRO GONCALVES,7nx
LD SAO FRANCISCO,7nx
PQ  ARRUDA CAMARA,7nx
PQ  SOLON DE LUCENA,7nx
PR  ABDON MILANEZ,7nx
PR  ALVARO MACHADO,7nx
PR  ALVES DE SOUZA,7nx
PR  ANTENOR NAVARRO,7nx
PR  ARISTIDES LOBO,7nx
PR  ASSIS CHATEUBRIAND,7nx
PR  CASTRO PINTO,7nx
PR  DOIS DE NOVEMBRO,7nx
PR  FIRMINO DA SILVEIRA,7nx
PR  INDEPENDENCIA,7nx
PR  JOAO PESSOA,7nx
PR  JOAO VINTE E TRES,7nx
PR  JORGE VALCASSER,7nx
PR  MIL OITOCENTOS DEZESSETE,7nx
PR  PEDRO AMERICO,7nx
PR  QUINZE DE NOVEMBRO,7nx
PR  ROTARY,7nx
PR  SANTO ANTONIO,7nx
PR  SOCIC,7nx
PR  TIRADENTES,7nx
PR  TITO SILVA,7nx
PR  TRABALHO,7nx
PR  VENANCIO NEIVA,7nx
PR  VIDAL DE NEGREIROS,7nx
PR BARAO RIO BRANCO,7nx
PR CALDAS BRANDAO,7nx
PR CEL ANTONIO PESSOA,7nx
PR DA BIBLIA,7nx
PR DOM ADAUTO,7nx
PR DOM ULRICO,7nx
PR DR AQUILES LEAL,7nx
PR DR LAURO WANDERLEY,7nx
PR DR NAPOLEAO LAUREANO,7nx
PR ENG FRANCISCO CICERO,7nx
PR FRANCISCA FERNANDES NOGUEIRA,7nx
PR GAL LAVANERE WANDERLEY,7nx
PR GENERAL JOAO NEIVA,7nx
PR JOAO MEDEIROS,7nx
PR JORN JOSÉ LEAL,7nx
PR MAL BITTENCOURT,7nx
PR PASCOAL CARRILHO,7nx
PR PROF JOAO VINAGRE,7nx
PR SAO FRANCISCO,7nx
PR SEM NOME 7308,7nx
PR SEM NOME 7419,7nx
PR SEMEAO LEAL,7nx
PR TEN LEAO SANTA ROSA,7nx
PR VILAGRAM CABRITA,7nx
ROD BR-101,7nx
ROD BR-230,7nx
"ROD MIN ABELARDO JUREMA ARAÚJO, PB-008",7nx
ROTAT SEM NOME 6000,7nx
RUA  ABDIAS GENUINO DE LIMA,7nx
RUA  ABDIAS SANTOS PASSOS,7nx
RUA  ABDON CHIANCA,7nx
RUA  ABEL BEZERRA DE LIMA,7nx
RUA  ABEL DE LIMA ARAUJO,7nx
RUA  ABEL MONTENEGRO ROCHA,7nx
RUA  ABEL WANDERLEY,7nx
RUA  ABELARDO CLEMENTINO DA COSTA,7nx
RUA  ABELARDO DO REGO,7nx
RUA  ABELARDO TARGINO DA FONSECA,7nx
RUA  ABIATHAR MONTEIRO DE CARVALHO,7nx
RUA  ABÍLIO ALVES DE OLIVEIRA,7nx
RUA  ACACIAS,7nx
RUA  ACRISIO BORGES,7nx
RUA  ADAILTON TAVARES DA SILVA,7nx
RUA  ADALBERTO DA SILVA BRANDAO,7nx
RUA  ADALBERTO FLORENTINO DE CASTRO,7nx
RUA  ADALBERTO PEREIRA DE MELO,7nx
RUA  ADALGISA AMALIA SOUTO MAIOR,7nx
RUA  ADALGISA BATISTA DE HOLANDA PONTES,7nx
RUA  ADALGISA CAMELO,7nx
RUA  ADALGISA CARNEIRO CAVALCANTI,7nx
RUA  ADALGISA SOBRAL,7nx
RUA  ADALGISA TARGINO DA SILVA,7nx
RUA  ADALGIZA LUNA MENEZES,7nx
RUA  ADALGIZA MARIA DA CONCEICAO,7nx
RUA  ADALIDA SUASSUNA BARRETO,7nx
RUA  ADAUTO DANTAS,7nx
RUA  ADAUTO OLIVEIRA GALVAO,7nx
RUA  ADAUTO TOLEDO,7nx
RUA  ADAYLTON SILVA NASCIMENTO,7nx
RUA  ADAZILLA CARNEIRO PEREIRA,7nx
RUA  ADELIA  SOARES PEIXOTO,7nx
RUA  ADELINA EUGENIA DA SILVA,7nx
RUA  ADEMAR CABRAL DE MEDEIROS,7nx
RUA  ADERBAL MAIA PAIVA,7nx
RUA  ADISON PEREIRA DA SILVA,7nx
RUA  ADJAMIR EGITO DA NOBREGA,7nx
RUA  ADM MANOEL ANGELO DE OLIVEIRA,7nx
RUA  ADOLFO CHACON,7nx
RUA  ADOLFO MAIA,7nx
RUA  ADOLFO PESSOA,7nx
RUA  ADONIAS DE AZEVEDO ARAUJO,7nx
RUA  ADRISIO MOTA DE SOUZA,7nx
RUA  AFONSO RAMOS MAIA,7nx
RUA  AFRANIO CARTAXO DE SÁ,7nx
RUA  AGENOR MARINHO DE SOUZA,7nx
RUA  AGOSTINHO FIGUEIREDO,7nx
RUA  AGOSTINHO PEREIRA DA COSTA,7nx
RUA  AGOSTINHO QUEIROZ DE SOUZA,7nx
RUA  AGOSTINHO VELOSO DA SILVEIRA,7nx
RUA  AGRICIO LUCIO DE SOUZA,7nx
RUA  AGRIPINO PAULINO DA COSTA,7nx
RUA  AILTON CESARIO,7nx
RUA  AILTON LIMA DE ANDRADE,7nx
RUA  ALAIDE GOMES DA SILVA,7nx
RUA  ALAN L DE ANDRADE,7nx
RUA  ALANA REBECA DA SILVA REGO,7nx
RUA  ALBENICE FIDELIS GALVAO,7nx
RUA  ALBERTINA BATISTA GOMES,7nx
RUA  ALBERTINA CORDEIRO DE SOUTO,7nx
RUA  ALBERTO DA JUSTA FREIRE,7nx
RUA  ALBERTO DE BRITO,7nx
RUA  ALBERTO LEAL,7nx
RUA  ALBERTO TEIXEIRA,7nx
RUA  ALCEBIADES DA CUNHA,7nx
RUA  ALCIDES BEZERRA,7nx
RUA  ALCIDES DE MIRANDA HENRIQUES,7nx
RUA  ALCIDES RAMOS CAVALCANTI,7nx
RUA  ALDARY LUCENA PAIVA,7nx
RUA  ALDENIR JOSE DA SILVA,7nx
RUA  ALEFF SOARES DOS SANTOS,7nx
RUA  ALEMANHA,7nx
RUA  ALEXANDRINA JOVENTINA DA SILVA,7nx
RUA  ALEXANDRINA PINTO CAVALCANTE,7nx
RUA  ALFREDO ALVES DE ARAUJO,7nx
RUA  ALFREDO ANACLETO DE ARRUDA,7nx
RUA  ALFREDO COUTINHO DE LIRA,7nx
RUA  ALFREDO DE OLIVEIRA,7nx
RUA  ALFREDO DIAS PINTO,7nx
RUA  ALFREDO DOLABELA PORTELA,7nx
RUA  ALFREDO FLORO CAMPOS CANTALICE,7nx
RUA  ALFREDO HEIM,7nx
RUA  ALFREDO JOSE DE ATHAIDE,7nx
RUA  ALFREDO PEREIRA GOMES,7nx
RUA  ALFREDO SOUZA GAMA,7nx
RUA  ALICE DE ALMEIDA,7nx
RUA  ALICE MARIA DA CONCEICAO,7nx
RUA  ALIETE RIBEIRO DE ARAUJO,7nx
RUA  ALINE FERREIRA RUFFO,7nx
RUA  ALINE GUEDES PEREIRA PIRES,7nx
RUA  ALIPIO DA CUNHA MACHADO,7nx
RUA  ALMEIDA JUNIOR,7nx
RUA  ALTO SANTO,7nx
RUA  ALUISIO BEZERRA DA SILVA,7nx
RUA  ALUISIO MATIAS PEREIRA,7nx
RUA  ALVARINO MACIEL,7nx
RUA  ALVARO HENRIQUE CORREIA,7nx
RUA  ALVARO JORGE VIANA,7nx
RUA  ALVINA DE ALMEIDA BASTOS,7nx
RUA  ALVORADA,7nx
RUA  ALZIRA DE SOUZA MANZELA,7nx
RUA  ALZIRA GOMES,7nx
RUA  ALZIRA GOMES DE LIMA,7nx
RUA  ALZIRA MALHEIROS CAVALCANTI,7nx
RUA  ALZIRO ZARUR,7nx
RUA  AMADEU LEOPOLDINO DE MENDONCA,7nx
RUA  AMANCIO DE OLIVEIRA,7nx
RUA  AMANDA MARIANO DE ASSIS,7nx
RUA  AMAPA,7nx
RUA  AMARA FRANCISCA DA CONCEIÇÃO,7nx
RUA  AMARA SANDRA  ALVES DOS SANTOS,7nx
RUA  AMARO PEREIRA DA SILVA,7nx
RUA  AMAURY MARCELINO PEREIRA,7nx
RUA  AMERICO FALCAO,7nx
RUA  AMERICO FALCONE,7nx
RUA  AMERICO GRACIANO CABRAL,7nx
RUA  AMERICO VESPUCIO,7nx
RUA  AMILTON TRAVASSOS DE MOURA,7nx
RUA  ANA AMELIA SILVA PONTES,7nx
RUA  ANA CRISTINA ROLIM MACHADO,7nx
RUA  ANA DA SILVA SIMAO,7nx
RUA  ANA ESPINOLA NAVARRO,7nx
RUA  ANA GAMA MELO,7nx
RUA  ANA GUEDES DE VASCONCELOS,7nx
RUA  ANA LEAL CORREIA,7nx
RUA  ANA LUCIA DE MELO NOGUEIRA BAGETTI,7nx
RUA  ANA MARIA PALITOT RAMALHO,7nx
RUA  ANACLETO DE SOUZA,7nx
RUA  ANAIDE BENTO DA SILVA,7nx
RUA  ANANIAS ALIPIO DE PAIVA,7nx
RUA  ANANIAS VIRGINIO DE LUCENA,7nx
RUA  ANASTACIO CAMILO DE OLIVEIRA,7nx
RUA  ANDRE CARLOS VIDAL,7nx
RUA  ANDRE DIAS,7nx
RUA  ANDREZA CUNHA BATISTA DA SILVA,7nx
RUA  ANGELA MARIA DA SILVA,7nx
RUA  ANGELINS,7nx
RUA  ANICETO GOMES DE ARAUJO,7nx
RUA  ANISBERTO LINS ALBUQUERQUE,7nx
RUA  ANISIO BORGES MONTEIRO DE MELO,7nx
RUA  ANISIO FERREIRA AGUIAR,7nx
RUA  ANISIO SALATIEL,7nx
RUA  ANIZIO DE AZEVEDO LIMA,7nx
RUA  ANNA SOARES DE LIMA,7nx
RUA  ANTENOR MACHADO DA SILVA,7nx
RUA  ANTERO CICERO LUIZ,7nx
RUA  ANTONIA DE LUNA FREIRE,7nx
RUA  ANTONIA GOMES DA SILVEIRA,7nx
RUA  ANTONIA MARIA DA CONCEICAO,7nx
RUA  ANTONIO ALBERTO DANTAS,7nx
RUA  ANTONIO ALCIDES DE JESUS,7nx
RUA  ANTONIO ALFREDO DA GAMA MELO,7nx
RUA  ANTONIO ALVES BEZERRA,7nx
RUA  ANTONIO ALVES DE MORAIS,7nx
RUA  ANTONIO ANGELO,7nx
RUA  ANTONIO AVELINO SILVA,7nx
RUA  ANTONIO BATISTA ARAUJO,7nx
RUA  ANTONIO BELARMINO DA COSTA,7nx
RUA  ANTONIO BELARMINO SANTANA,7nx
RUA  ANTONIO BENTO DE PAIVA,7nx
RUA  ANTONIO BENTO PESSOA,7nx
RUA  ANTONIO CAETANO SORRENTINO,7nx
RUA  ANTONIO CAMILO DOS SANTOS,7nx
RUA  ANTONIO CARLOS ARAUJO,7nx
RUA  ANTONIO CAVALCANTI DE ALBUQUERQUE,7nx
RUA  ANTONIO CICERO DE MELO,7nx
RUA  ANTONIO CLAUDINO LEAL,7nx
RUA  ANTONIO CORDEIRO COSTA,7nx
RUA  ANTONIO CORREIA DA COSTA,7nx
RUA  ANTONIO CORREIA DE MATOS,7nx
RUA  ANTONIO DE FARIAS COUTINHO,7nx
RUA  ANTONIO DE OLIVEIRA MOURA,7nx
RUA  ANTONIO DE SOUZA LEAO,7nx
RUA  ANTONIO DIAS FREITAS,7nx
RUA  ANTONIO DO ESPIRITO SANTO,7nx
RUA  ANTONIO DO NASCIMENTO RIBEIRO,7nx
RUA  ANTONIO DOS REIS OLIVEIRA,7nx
RUA  ANTONIO DUTRA SOBRINHO,7nx
RUA  ANTONIO ELIZARIO DOS SANTOS,7nx
RUA  ANTONIO EMILIO,7nx
RUA  ANTONIO EPITACIO DA SILVA,7nx
RUA  ANTONIO FELIX COSTA,7nx
RUA  ANTONIO FERNANDES DE CARVALHO,7nx
RUA  ANTONIO FONSECA DE AMORIM,7nx
RUA  ANTONIO FRANCISCANO DO AMARAL,7nx
RUA  ANTONIO FRANCISCO DA COSTA,7nx
RUA  ANTONIO FREIRE DA NOBREGA,7nx
RUA  ANTONIO GAMA,7nx
RUA  ANTONIO GOMES,7nx
RUA  ANTONIO GOMES CARNEIRO,7nx
RUA  ANTONIO GOMES DA SILVA,7nx
RUA  ANTONIO GOUVEIA HENRIQUE,7nx
RUA  ANTONIO HONORIO DA SILVA,7nx
RUA  ANTONIO JACINTO DE SOUZA,7nx
RUA  ANTONIO JOAQUIM DE COUTO,7nx
RUA  ANTONIO JOSE DE ALMEIDA,7nx
RUA  ANTONIO JOSE DE SOUZA,7nx
RUA  ANTONIO JOVINO DE LIMA,7nx
RUA  ANTONIO JUSTINO DE ANDRADE,7nx
RUA  ANTONIO LAURENTINO RAMOS,7nx
RUA  ANTONIO LEONIDAS,7nx
RUA  ANTONIO LIMEIRA DE FARIAS,7nx
RUA  ANTONIO LISBOA DE LUCENA,7nx
RUA  ANTONIO LUIZ DE ARAUJO,7nx
RUA  ANTONIO LUNA LISBOA,7nx
RUA  ANTONIO LUSTOSA CABRAL,7nx
RUA  ANTONIO MARIZ,7nx
RUA  ANTONIO MARTINS,7nx
RUA  ANTONIO MARTINS DOS SANTOS,7nx
RUA  ANTONIO MIGUEL DUARTE,7nx
RUA  ANTONIO MIGUEL MORAIS,7nx
RUA  ANTONIO MONTEIRO GOMES OLIVEIRA,7nx
RUA  ANTONIO PAULINO MARINHO,7nx
RUA  ANTONIO PAULINO SOBRINHO,7nx
RUA  ANTONIO PEIXOTO LEMOS,7nx
RUA  ANTONIO PEREIRA ANDRADE,7nx
RUA  ANTONIO PEREIRA DO NASCIMENTO,7nx
RUA  ANTONIO PEREIRA GOMES FILHO,7nx
RUA  ANTONIO RABELO JUNIOR,7nx
RUA  ANTONIO REGIS DE BRITTO,7nx
RUA  ANTONIO RICARDO  OLIVEIRA,7nx
RUA  ANTONIO ROBERTO DE SOUZA NASCIMENTO,7nx
RUA  ANTONIO ROBERTO NASCIMENTO DE BRITO,7nx
RUA  ANTONIO ROSA DA SILVA,7nx
RUA  ANTONIO SA,7nx
RUA  ANTONIO SAVIO CAVALCANTI DE LIMA,7nx
RUA  ANTONIO SEVERINO DA SILVA,7nx
RUA  ANTONIO SILVA MELO,7nx
RUA  ANTONIO SINEZIO DOS SANTOS,7nx
RUA  ANTONIO TARGINO PESSOA DA SILVEIRA,7nx
RUA  ANTONIO TARGINO SOBRINHO,7nx
RUA  ANTONIO TEOTONIO,7nx
RUA  ANTONIO VITORINO DE SOUZA,7nx
RUA  ANTONIO XIMENES,7nx
RUA  ANTÕNIO PEIXOTO FILHO,7nx
RUA  ANUBIO LINS FALCAO,7nx
RUA  ANUNCIATO SILVA,7nx
RUA  APOLONIO CRISPIM DA SILVA,7nx
RUA  APRIGIO DE CARVALHO,7nx
RUA  ARACAJU,7nx
RUA  ARAÇA,7nx
RUA  ARCANJO DE HOLLANDA CAVALCANTI,7nx
RUA  ARCO VERDE,7nx
RUA  ARCONCIO PEREIRA DA SILVA,7nx
RUA  ARGEMIRO DE SOUZA,7nx
RUA  ARGEMIRO PEDRO DE DEUS,7nx
RUA  ARGEMIRO PESSOA BATISTA,7nx
RUA  ARGENTINA,7nx
RUA  ARINA  ALVES DE MELO,7nx
RUA  ARIOSVALDO FRANCISCO RODRIGUES DE ANDRADE,7nx
RUA  ARLETE BARBOSA DE FREITAS,7nx
RUA  ARLINDA PESSOA DA SILVA,7nx
RUA  ARLINDO JOAQUIM DA SILVA,7nx
RUA  ARLINDO VICENTE FERREIRA,7nx
RUA  ARMANDO AFONSO BOURDOUX JUNIOR,7nx
RUA  ARMANDO VASCONCELOS,7nx
RUA  ARMINDA DA CUNHA THEOTONIA,7nx
RUA  ARNALDO COSTA,7nx
RUA  ARNAUD DOS ANJOS BRANDAO,7nx
RUA  ARNOBIO DA CUNHA COELHO,7nx
RUA  ARNOBIO MAROJA,7nx
RUA  ARTUR AQUILES,7nx
RUA  ARTUR BARBOSA PEREIRA FREIRE,7nx
RUA  ARTUR ENEDINO DOS ANJOS,7nx
RUA  ARTUR GOMES DE FARIAS,7nx
RUA  ARTUR LIDIANO DE ALBUQUERQUE,7nx
RUA  ASCENDINO CARDOSO DE ARAUJO,7nx
RUA  ASCENDINO NOBREGA,7nx
RUA  ASCENDINO TOSCANO DE BRITO,7nx
RUA  ASS SOCIAL DARCILA DA COSTA BEZERRA,7nx
RUA  ASSIS MACHADO,7nx
RUA  ATAULFO ALVES,7nx
RUA  AUDHEMAR PEREGRINO,7nx
RUA  AUGUSTINHO JOSE,7nx
RUA  AUGUSTO ANTONIO TOSCANO VARANDAS,7nx
RUA  AUGUSTO BELMONT,7nx
RUA  AUGUSTO CALHEIROS,7nx
RUA  AUGUSTO DOS ANJOS,7nx
RUA  AUGUSTO SIMOES,7nx
RUA  AUREA,7nx
RUA  AURELIO BARROS MOREIRA,7nx
RUA  AURELIO FIGUEIREDO,7nx
RUA  AUREO AMERICO BATISTA,7nx
RUA  AURIBELLA PESSOA DE  QUEIROZ TAVARES,7nx
RUA  AURILIA LINS RABELO,7nx
RUA  AURORA,7nx
RUA  AURORA MARIA SEBADELHE DA SILVA,7nx
RUA  AUSTRALIA,7nx
RUA  AUTA DE LUNA ALVES,7nx
RUA  AVELINA DOS SANTOS,7nx
RUA  AVELINO CUNHA,7nx
RUA  AYRTON PINHEIRO DE FARIAS,7nx
RUA  BAN LUIZ GONZAGA GOMES DA SILVA FILHO,7nx
RUA  BARAUNA,7nx
RUA  BARTIRA,7nx
RUA  BARTOLOMEU LUIZ TROCOLLI,7nx
RUA  BARÃO RAMIZ DE GALVAO,7nx
RUA  BASILIO FELIX DA COSTA,7nx
RUA  BEATRIZ MARIA DE OLIVEIRA,7nx
RUA  BEIJA FLOR,7nx
RUA  BEL MANOEL PEREIRA DINIZ,7nx
RUA  BELEM,7nx
RUA  BELGICA,7nx
RUA  BEMETICO CEZAR DE PAIVA,7nx
RUA  BENEDITA DAMASIO DA SILVA,7nx
RUA  BENEDITA RODRIGUES DE VASCONCELOS,7nx
RUA  BENEDITO BELO VIEIRA,7nx
RUA  BENIGNO WALTER BARCIA,7nx
RUA  BENILSON GOMES DE ARAUJO,7nx
RUA  BENJAMIM RABELO,7nx
RUA  BENJAMIN CONSTANT,7nx
RUA  BENJAMIN LINS,7nx
RUA  BENJAMIN LIRA,7nx
RUA  BENTO MACHADO,7nx
RUA  BENTO MANOEL DE BARROS,7nx
RUA  BERALDO DE OLIVEIRA,7nx
RUA  BEZERRA REIS,7nx
RUA  BLANDINA DE OLIVEIRA,7nx
RUA  BLUMENAU,7nx
RUA  BOM JESUS,7nx
RUA  BORGES DA FONSECA,7nx
RUA  BOTAFOGO,7nx
RUA  BOUGAINVILLEAS,7nx
RUA  BRANCA DIAS,7nx
RUA  BRASILIA,7nx
RUA  BRASILINO ALVES DA NOBREGA,7nx
RUA  BRAZ CANTISANI,7nx
RUA  BRAZ CANTIZANI,7nx
RUA  BRAZ FLORENTINO,7nx
RUA  BRENO JORGE MAIA DE MELO,7nx
RUA  BRUNO MAIA DE MELO,7nx
RUA  BUARQUE,7nx
RUA  BUENOS AIRES,7nx
RUA  CAETANO FIGUEIREDO,7nx
RUA  CAETANO GOMES DE ALMEIDA,7nx
RUA  CAMPINAS,7nx
RUA  CANADA,7nx
RUA  CANDIDA CELESTINO DO AMOR DIVINO,7nx
RUA  CANDIDA FORMIGA DE SOUZA,7nx
RUA  CANDIDA GOMES,7nx
RUA  CANDIDA MARIA DA SILVA,7nx
RUA  CANDIDO PESSOA,7nx
RUA  CANTOR LUIZ GONZAGA,7nx
RUA  CARDOSO VIEIRA,7nx
RUA  CARLOS ALBERTO MOURA FILHO,7nx
RUA  CARLOS ALEXANDRE,7nx
RUA  CARLOS ALVERGA,7nx
RUA  CARLOS ANDRE,7nx
RUA  CARLOS ANTONIO GALIZA DE ANDRADE,7nx
RUA  CARLOS BORROMEU RIBEIRO,7nx
RUA  CARLOS DA COSTA GOMES,7nx
RUA  CARLOS DA SILVA BRANDAO,7nx
RUA  CARLOS DE MOURA DA SILVA,7nx
RUA  CARLOS DE PAIVA LEITE,7nx
RUA  CARLOS DIAS FERNANDES,7nx
RUA  CARLOS FREITAS LINS,7nx
RUA  CARLOS GALHARDO,7nx
RUA  CARLOS MARIZ CELANI,7nx
RUA  CARLOS PESSOA,7nx
RUA  CARLOS RIBEIRO PRADO,7nx
RUA  CARMELO RUFFO,7nx
RUA  CARMELO RUFFO FILHO,7nx
RUA  CARMEM MIRANDA,7nx
RUA  CARMEM ROMERO,7nx
RUA  CARMEN DE ANDRADE ESPINOLA,7nx
RUA  CASAS NOVAS,7nx
RUA  CASSIMIRO DE ABREU,7nx
RUA  CASTANHOLAS,7nx
RUA  CATEQ MARCINA MARIA DO ESPIRITO SANTO ALMEIDA,7nx
RUA  CATEQ MARIA JOSE,7nx
RUA  CATULO DA PAIXAO CEARENSE,7nx
RUA  CATURITE,7nx
RUA  CECILIA MIRANDA,7nx
RUA  CECILIA RODRIGUES DE SIQUEIRA,7nx
RUA  CECILIA SOARES DE ALBUQUERQUE,7nx
RUA  CELESTINA IRINEU DOS SANTOS,7nx
RUA  CELINA NOVAIS,7nx
RUA  CELINA SOARES DE AZEVEDO,7nx
RUA  CELINA VITORINO DOS SANTOS,7nx
RUA  CELITA LIRA PORTELA,7nx
RUA  CELSO DA COSTA GOMES,7nx
RUA  CELSO DE PAIVA LEITE,7nx
RUA  CELSO PEREIRA GOMES,7nx
RUA  CENTRAL,7nx
RUA  CHILE,7nx
RUA  CICERO BENTO SOBRINHO,7nx
RUA  CICERO MEIRELES,7nx
RUA  CICERO MOREIRA NETO,7nx
RUA  CICERO PEREIRA DA SILVA,7nx
RUA  CICINATO TAVARES DA CUNHA MELO,7nx
RUA  CIPRIANO GALVAO,7nx
RUA  CIRO CHAVES RAMOS,7nx
RUA  CIRO TROCOLLI,7nx
RUA  CLARA CAMARAO,7nx
RUA  CLAUDINO PEREIRA,7nx
RUA  CLAUDIO BATISTA DA SILVA,7nx
RUA  CLAUDIO DA SILVA ARAGAO,7nx
RUA  CLAUDIO DE ALCANTARA,7nx
RUA  CLAUDIO GOUVEIA,7nx
RUA  CLAUDIO JOSE GOMES DA SILVA FILHO,7nx
RUA  CLEANTO DE PAIVA LEITE,7nx
RUA  CLEBER DA COSTA GOMES,7nx
RUA  CLEMENTE ROSAS,7nx
RUA  CLEMENTINA LINDOSO,7nx
RUA  CLENIO BATISTA DOS ANJOS,7nx
RUA  CLEONICE ALVES DANTAS,7nx
RUA  CLEONICE DE OLIVEIRA PINTO,7nx
RUA  CLEUDENOR FERREIRA DA SILVA,7nx
RUA  CLIDENOR MARIO DA SILVA,7nx
RUA  CLODOALDO BARBOSA SANTANA,7nx
RUA  CLOTILDE ROCHA CABRAL,7nx
RUA  CLOTILDE TORRES,7nx
RUA  CLOVIS DA COSTA GOMES,7nx
RUA  CLOVIS SANTANA DO ROSARIO,7nx
RUA  COLET RAYMUNDO DE CARVALHO NOBREGA,7nx
RUA  COMUN ANTONIO VIRGINIO CABRAL,7nx
RUA  CONCEICAO CABRAL,7nx
RUA  CONSTATINO PEREIRA DE LIMA,7nx
RUA  CORALIO SOARES DE OLIVEIRA,7nx
RUA  CORDEIRO SENIOR,7nx
RUA  CORDELIA VELLOSO FRADE,7nx
RUA  CORINA MARIA RABELO,7nx
RUA  CREUSA DA SILVA GOMES,7nx
RUA  CREUZA CALIXTO OLIVEIRA,7nx
RUA  CRISTOVAM LINTZ,7nx
RUA  CRISTOVAO COLOMBO,7nx
RUA  CROMACIO DE SOUZA  ARNAUD,7nx
RUA  CURITIBA,7nx
RUA  CUSTODIO DOMINGOS DOS SANTOS,7nx
RUA  DA PAVÔNIA,7nx
RUA  DA PAZ,7nx
RUA  DA SAMAMBAIA,7nx
RUA  DA SAPUCAIA,7nx
RUA  DALVA FILGUEIRAS DE ATHAYDE,7nx
RUA  DAMASIO BARBOSA DA FRANCA,7nx
RUA  DAMIANA MARIA DE LIMA,7nx
RUA  DANIEL JUSTINIANO DE ARAUJO,7nx
RUA  DANIEL PESSOA,7nx
RUA  DANILO ROSAS,7nx
RUA  DAS AMEIXAS,7nx
RUA  DAS ARABAIANAS,7nx
RUA  DAS FIGUEIRAS,7nx
RUA  DAS GOIABEIRAS,7nx
RUA  DAS IMBAUBAS,7nx
RUA  DAS JABUTICABEIRAS,7nx
RUA  DAS LAGOSTAS,7nx
RUA  DAS MANGUEIRAS,7nx
RUA  DAS MISSOES,7nx
RUA  DAS NOGUEIRAS,7nx
RUA  DAS PITANGUEIRAS,7nx
RUA  DAS ROMAS,7nx
RUA  DAS SERIGUELAS,7nx
RUA  DAS SERINGUEIRAS,7nx
RUA  DAURA MORAIS MOURA,7nx
RUA  DAVID FERREIRA LUNA,7nx
RUA  DEBORA DA SILVA BRAGA,7nx
RUA  DELMIRO ARNAUD DINIZ,7nx
RUA  DERLOPIDAS GOMES NEVES,7nx
RUA  DES MANOEL TAIGY DE QUEIROZ MELLO FILHO,7nx
RUA  DEUSDEDIT JOSE DE CARVALHO,7nx
RUA  DEZENOVE DE MARCO,7nx
RUA  DEZOITO DE MAIO,7nx
RUA  DIEGO FORMIGA RODRIGUES,7nx
RUA  DILSON PESSOA,7nx
RUA  DINEZA CARNEIRO MONTEIRO,7nx
RUA  DIOGENES CHIANCA,7nx
RUA  DIOGENES GOMES DA SILVA,7nx
RUA  DIOGO VELHO,7nx
RUA  DIRCE GOMES DA SILVEIRA,7nx
RUA  DJALMA COELHO,7nx
RUA  DJALMA RIBEIRO DA SILVA,7nx
RUA  DJANIRA BELLO FURTADO,7nx
RUA  DO MACEIO,7nx
RUA  DO NORTE,7nx
RUA  DOCE MAE DE DEUS,7nx
RUA  DOIS DE DEZEMBRO,7nx
RUA  DOIS IRMAOS,7nx
RUA  DOLORES DURAN,7nx
RUA  DOM LUIZ VASCONCELOS,7nx
RUA  DOMES MARIA LIOSA FERNANDES,7nx
RUA  DOMILDES FEITOSA MARQUES,7nx
RUA  DOMINGOS JOSE DA PAIXAO,7nx
RUA  DOMINGOS MORORO,7nx
RUA  DONZINHA COSTA,7nx
RUA  DORALICE DE ALMEIDA LYRA,7nx
RUA  DORGIVAL MARQUES PORDEUS,7nx
RUA  DORIVAL C ALBUQUERQUE,7nx
RUA  DOS CAJUEIROS,7nx
RUA  DOS CAMAROES,7nx
RUA  DOS COLIBRIS,7nx
RUA  DOS EUCALIPTOS,7nx
RUA  DOS MAMOEIROS,7nx
RUA  DOS MARISCOS,7nx
RUA  DOS MILAGRES,7nx
RUA  DOS PALMARES,7nx
RUA  DOS PINHEIROS,7nx
RUA  DOS SALGUEIROS,7nx
RUA  DOURADINHA DO CAMPO,7nx
RUA  DR ANTONIO LUNA LISBOA FILHO,7nx
RUA  DR ARNALDO GOMES DA SILVA,7nx
RUA  DR ERNANI BORBA,7nx
RUA  DR JOSE EDILSON HIPOLITO RIBEIRO,7nx
RUA  DR MARIO COUTINHO SOBRINHO,7nx
RUA  DRAUZIO FERRER,7nx
RUA  DUARTE DA COSTA,7nx
RUA  DUARTE LIMA,7nx
RUA  DULCE FERREIRA DOS SANTOS,7nx
RUA  DURVAL COUTINHO,7nx
RUA  DURVAL DE ALBUQUERQUE,7nx
RUA  DURVAL RIBEIRO DE LIMA,7nx
RUA  DURVALINA VASCONCELOS CARVALHO,7nx
RUA  EBENEZER,7nx
RUA  EDESIO DE JESUS FRAGOSO DE ALBUQUERQUE,7nx
RUA  EDGAR ALVES DA COSTA,7nx
RUA  EDGAR CAVALCANTE PEDROZA,7nx
RUA  EDGAR DE ALBUQUERQUE LINS,7nx
RUA  EDGAR SALES DE MIRANDA HENRIQUES,7nx
RUA  EDILEUZA BRAGA DE OLIVEIRA,7nx
RUA  EDILIA DA NOBREGA ALVARES,7nx
RUA  EDILSON DE LIMA SANTOS,7nx
RUA  EDITH DUTRA PESSOA,7nx
RUA  EDITH TOSCANO VARANDAS,7nx
RUA  EDMUNDO FILHO,7nx
RUA  EDNA MARIA VASCONCELOS GOMES CABRAL,7nx
RUA  EDNA PINHEIRO DA SILVA,7nx
RUA  EDNALDO DA SILVA SOUZA,7nx
RUA  EDNALDO PAIVA DE ARAUJO,7nx
RUA  EDSON FALCONI DE MELO,7nx
RUA  EDSON FIGUEIREDO,7nx
RUA  EDSON GOMES DA NOBREGA,7nx
RUA  EDSON HONORIO CORDEIRO FILHO,7nx
RUA  EDSON MARINHO RAMOS,7nx
RUA  EDUARDO BATISTA DE VASCONCELOS,7nx
RUA  EDUARDO COSTA,7nx
RUA  EDUARDO FELIX DO NASCIMENTO,7nx
RUA  EDUARDO HUGO LINS GUERRA,7nx
RUA  EDUARDO LEMOS,7nx
RUA  EDUARDO MEDEIROS,7nx
RUA  EDVALDO BEZERRA CAVALCANTI PINHO,7nx
RUA  EDVALDO DA SILVA BRANDAO,7nx
RUA  EDVALDO FERREIRA OURO,7nx
RUA  EDVALDO GUEDES,7nx
RUA  EDVANIRA FRANKLIN DA SILVA,7nx
RUA  EFRAIN DE ARRUDA ESCOREL,7nx
RUA  EGIDIO OLIVEIRA LIMA,7nx
RUA  EGITO,7nx
RUA  EILZO AFONSO MARQUES DE CARVALHO,7nx
RUA  ELBA MARIA SILVA DA COSTA,7nx
RUA  ELIAS CAVALCANTI DE ALBUQUERQUE,7nx
RUA  ELIAS GOMES DE ARAUJO,7nx
RUA  ELIAS GONCALVES BEZERRA,7nx
RUA  ELIAS PEREIRA DE ARAUJO,7nx
RUA  ELISEU DO REGO LUNA,7nx
RUA  ELISIA MENDES MACHADO,7nx
RUA  ELISIO DE SOUZA,7nx
RUA  ELISIO HERCULANO DE MELO,7nx
RUA  ELISIO JORGE DE BRITO,7nx
RUA  ELISIO PEREIRA DE PAIVA,7nx
RUA  ELIZEU CANDIDO VIANA,7nx
RUA  ELIZEU CESAR,7nx
RUA  ELMIRA SOARES GADELHA,7nx
RUA  ELOI INACIO DE ALBUQUERQUE,7nx
RUA  ELOY DE MEDEIROS COSTA,7nx
RUA  ELPIDIO ALVES DA CRUZ,7nx
RUA  ELPIDIO CAVALCANTI DE OLIVEIRA,7nx
RUA  ELSON DO NASCIMENTO,7nx
RUA  ELSON TOLEDO,7nx
RUA  ELVIRA CAVALCANTE DA SILVA,7nx
RUA  ELYSIO LOPES DE OLIVEIRA,7nx
RUA  ELZA SANTOS COELHO,7nx
RUA  EMANUEL LISBOA DE LUCENA,7nx
RUA  EMANUEL MERCES RODRIGUES,7nx
RUA  EMANUEL ORLANDO DE FIGUEIREDO LIMA,7nx
RUA  EMIDIO DIAS GUSMAO,7nx
RUA  EMIDIO MARQUES DO VALE,7nx
RUA  EMILIA FIGUEIREDO DA SILVA,7nx
RUA  EMILIA JULIA CRUZ,7nx
RUA  EMILIA PIANO DE ALMEIDA,7nx
RUA  ENEDINO JORGE DE ANDRADE,7nx
RUA  ENG CARLOS LEONARDO ARCOVERDE,7nx
RUA  ENILSON LUCENA,7nx
RUA  EPITACIO ALVES RIBEIRO,7nx
RUA  EPITACIO DE BRITO,7nx
RUA  ERANDIR BELO PEIXOTO,7nx
RUA  ERINALDO NUNES DE OLIVEIRA,7nx
RUA  ERNESTINA MONTEIRO PORDEUS,7nx
RUA  ERNESTINA SILVERIO DE OLIVEIRA,7nx
RUA  ERNESTINE HORNE,7nx
RUA  ERNESTO JOSE DA COSTA,7nx
RUA  ERNESTO SORRENTINO,7nx
RUA  ESC EUDES BARROS,7nx
RUA  ESMERALDO GOMES VIEIRA,7nx
RUA  ESPANHA,7nx
RUA  ESPEDITO BELMIRO DOS SANTOS,7nx
RUA  ESTADOS UNIDOS,7nx
RUA  ESTANISLAU DA COSTA GOMES NETO,7nx
RUA  ESTEFANIA SANTOS,7nx
RUA  ESTELA BEZERRA DA SILVA,7nx
RUA  ESTELA MOURA,7nx
RUA  ESTER BORGES BASTOS,7nx
RUA  ESTEVAO BRETT,7nx
RUA  ESTEVAO DAVILA LINS,7nx
RUA  ESTEVAO GERSON CARNEIRO DA CUNHA,7nx
RUA  ESTEVAO LOPES GALVAO,7nx
RUA  ESTRELA DO MAR,7nx
RUA  ETELVINA MACEDO DE MENDONCA,7nx
RUA  ETELVINO EUGENIO DE SOUZA,7nx
RUA  ETIENE TRAVASSOS,7nx
RUA  EUCALIPTOS,7nx
RUA  EUCLIDES DA CUNHA,7nx
RUA  EUCLIDES NEIVA DE OLIVEIRA,7nx
RUA  EUCLIDES NUNES MACHADO,7nx
RUA  EUCLIDES RODRIGUES DE OLIVEIRA,7nx
RUA  EUCLIDES RODRIGUES DO NASCIMENTO,7nx
RUA  EUGENIA DE OLIVEIRA LIMA,7nx
RUA  EUGENIO C MONTEIRO,7nx
RUA  EUGENIO DE CARVALHO JUNIOR,7nx
RUA  EUGENIO LUCENA NEIVA,7nx
RUA  EUGENIO TOSCANO,7nx
RUA  EUNAPIO VIEIRA CARNEIRO,7nx
RUA  EUNICE DE SOUZA SETTI,7nx
RUA  EUNICE LAURINDO DA SILVA,7nx
RUA  EUNICE WEAVER,7nx
RUA  EURICO UCHOA,7nx
RUA  EUTIQUIANO BARRETO,7nx
RUA  EVAGORAS CORREIA,7nx
RUA  EVALDO ARAUJO BARROS,7nx
RUA  EVALDO WANDERLEY,7nx
RUA  EVAN HOLMES,7nx
RUA  EVANDIL PESSOA,7nx
RUA  EVANY VIANA MACHADO,7nx
RUA  EVERALDO GONCALVES DO NASCIMENTO,7nx
RUA  EWERTTONN BERTONNY COSTA ARAUJO,7nx
RUA  EXPEDITO GOMES,7nx
RUA  EXPERIDIAO DA SILVA BRANDAO,7nx
RUA  FABIO SILVA LIMA,7nx
RUA  FARM VIMARIO LACERDA NERY,7nx
RUA  FELICE DI BELLI,7nx
RUA  FELICIANO MADRUGA,7nx
RUA  FELINTO DE ARRUDA ESCOLASTICO,7nx
RUA  FELIPE DOS SANTOS,7nx
RUA  FELIX ANTONIO LOMBARDI,7nx
RUA  FERNANDO A SEABRA PEIXOTO,7nx
RUA  FERNANDO CESARIO DE OLIVEIRA,7nx
RUA  FERNANDO CUNHA LIMA,7nx
RUA  FERNANDO DE NORONHA,7nx
RUA  FERNANDO DELGADO,7nx
RUA  FERNANDO FERRARI,7nx
RUA  FERNANDO HENRIQUES DE MENEZES,7nx
RUA  FERNANDO HONORATO PEREIRA,7nx
RUA  FERNANDO LOBO,7nx
RUA  FERNANDO LUIZ HENRIQUES DOS SANTOS,7nx
RUA  FERNANDO MOTA,7nx
RUA  FERNANDO WALTER OLIVEIRA DA SILVA,7nx
RUA  FILOMENA MARIA DE PONTES,7nx
RUA  FILOMENA SANTANA,7nx
RUA  FILOMENA TRIGUEIRO DA COSTA,7nx
RUA  FIRMINO AIRES LEITE,7nx
RUA  FLAVIO DE MELO UCHOA,7nx
RUA  FLAVIO DE OLIVEIRA ALBUQUERQUE,7nx
RUA  FLAVIO GALVAO BORNNER,7nx
RUA  FLODOALDO PEIXOTO FILHO,7nx
RUA  FLOR DE IRIS,7nx
RUA  FLOR-DE-LIS,7nx
RUA  FLORENTINO VIEIRA SILVA,7nx
RUA  FLORIANA PACIFICO ALVES,7nx
RUA  FORMOSINA MARIA DA CONCEICAO,7nx
RUA  FORTALEZA,7nx
RUA  FRANCA,7nx
RUA  FRANCA LEITE,7nx
RUA  FRANCELINO ALENCAR NEVES,7nx
RUA  FRANCISCA BARBOSA DE MEDEIROS,7nx
RUA  FRANCISCA BENTO DE FARIAS,7nx
RUA  FRANCISCA BEZERRA DE ALMEIDA,7nx
RUA  FRANCISCA BEZERRA DIAS,7nx
RUA  FRANCISCA DALVA DE SOUZA AZEVEDO,7nx
RUA  FRANCISCA DE SOUZA DINIZ,7nx
RUA  FRANCISCA GERMANA DA SILVA,7nx
RUA  FRANCISCA GRIGORIO DE ANDRADE,7nx
RUA  FRANCISCA MUNIZ DINIZ,7nx
RUA  FRANCISCA NUNES DA SILVA,7nx
RUA  FRANCISCO ALMEIDA,7nx
RUA  FRANCISCO ALVES,7nx
RUA  FRANCISCO ALVES BATISTA,7nx
RUA  FRANCISCO ANYSIO DE PAULA CAVALCANTI,7nx
RUA  FRANCISCO AUGUSTO FERNANDES,7nx
RUA  FRANCISCO B COSTA,7nx
RUA  FRANCISCO BARBOSA DA SILVA,7nx
RUA  FRANCISCO BARRETO DINIZ,7nx
RUA  FRANCISCO BELTRAO,7nx
RUA  FRANCISCO BENTO DA SILVA,7nx
RUA  FRANCISCO BENTO DE ARAUJO,7nx
RUA  FRANCISCO BEZERRA,7nx
RUA  FRANCISCO BEZERRA DE AZEVEDO,7nx
RUA  FRANCISCO CANIDE DE LIMA,7nx
RUA  FRANCISCO CARNEIRO DE ARAUJO,7nx
RUA  FRANCISCO CARNEIRO SOBRINHO,7nx
RUA  FRANCISCO CAVALCANTI DE MELO,7nx
RUA  FRANCISCO CLAUDINO PEREIRA,7nx
RUA  FRANCISCO CLEMENTINO DA SILVA,7nx
RUA  FRANCISCO COSME DO NASCIMENTO,7nx
RUA  FRANCISCO DAS CHAGAS DE ALMEIDA,7nx
RUA  FRANCISCO DAS CHAGAS FEITOSA,7nx
RUA  FRANCISCO DE ASSIS BARBOSA,7nx
RUA  FRANCISCO DE ASSIS FRADE,7nx
RUA  FRANCISCO DE ASSIS MARINHO,7nx
RUA  FRANCISCO DE ASSIS NOBREGA,7nx
RUA  FRANCISCO DE ASSIS PEDROSA,7nx
RUA  FRANCISCO DE ASSIS PINTO RAMALHO,7nx
RUA  FRANCISCO DE ASSIS SEABRA,7nx
RUA  FRANCISCO DE ASSIS TOME,7nx
RUA  FRANCISCO DE ASSIS VASCONCELOS,7nx
RUA  FRANCISCO DE FREITAS GUEDES,7nx
RUA  FRANCISCO DIOMEDES CANTALICE,7nx
RUA  FRANCISCO DOMINGOS DE  MENDONCA,7nx
RUA  FRANCISCO DOS SANTOS,7nx
RUA  FRANCISCO EDUARDO ROLIM,7nx
RUA  FRANCISCO FEITOSA PALITOT,7nx
RUA  FRANCISCO FERREIRA DE ALMEIDA,7nx
RUA  FRANCISCO FLORENCIO DA COSTA,7nx
RUA  FRANCISCO GENUINO DA SILVA,7nx
RUA  FRANCISCO GONCALVES DE ASSIS,7nx
RUA  FRANCISCO GUIMARAES,7nx
RUA  FRANCISCO HERONIDES GARCIA,7nx
RUA  FRANCISCO INACIO DA SILVA,7nx
RUA  FRANCISCO INACIO DE SOUSA,7nx
RUA  FRANCISCO JORGE BOTELHO,7nx
RUA  FRANCISCO JOSE DAS NEVES,7nx
RUA  FRANCISCO JOSE DE SOUZA,7nx
RUA  FRANCISCO LEITE PIANCO,7nx
RUA  FRANCISCO LEOCADIO RIBEIRO COUTINHO,7nx
RUA  FRANCISCO LIMA DE ARAUJO,7nx
RUA  FRANCISCO LONDRES,7nx
RUA  FRANCISCO LOPES FILHO,7nx
RUA  FRANCISCO LUSTOSA CABRAL,7nx
RUA  FRANCISCO MADRUGA FILHO,7nx
RUA  FRANCISCO MAIA WANDERLEY,7nx
RUA  FRANCISCO MANOEL DE ANDRADE,7nx
RUA  FRANCISCO MOURA,7nx
RUA  FRANCISCO PEREIRA DA SILVA,7nx
RUA  FRANCISCO PEREIRA DANTAS,7nx
RUA  FRANCISCO PORFIRIO RIBEIRO,7nx
RUA  FRANCISCO RABELO,7nx
RUA  FRANCISCO ROCHA FERREIRA,7nx
RUA  FRANCISCO RUFFO,7nx
RUA  FRANCISCO SALES CAVALCANTI,7nx
RUA  FRANCISCO SALVIANO DA SILVA,7nx
RUA  FRANCISCO SEVERIANO DA SILVA,7nx
RUA  FRANCISCO SOUZA FILHO,7nx
RUA  FRANCISCO TAVARES DE OLIVEIRA,7nx
RUA  FRANCISCO TITO DA SILVA,7nx
RUA  FRANCISCO TOMAZ DA SILVA,7nx
RUA  FRANCISCO TRAJANO DE OLIVEIRA,7nx
RUA  FRANCISCO VIGARIO,7nx
RUA  FRANCISCO VIRGINIO SIMAO,7nx
RUA  FRANCISCO VITAL DUARTE,7nx
RUA  FREDERICO CHOPIN,7nx
RUA  FRUTUOSO BARBOSA,7nx
RUA  FUNC FRANCISCA SOARES DA SILVA,7nx
RUA  FUNC JOSE GERALDO BASTOS CRUZ,7nx
RUA  FUNC PUBL JOSE MARIANO,7nx
RUA  GABRIEL MALAGRIDA,7nx
RUA  GABRIEL RODRIGUES DOS SANTOS,7nx
RUA  GALDENCIO PALMEIRA DA COSTA,7nx
RUA  GALILEU DE BELLI,7nx
RUA  GAMA E MELO,7nx
RUA  GAMA ROSA,7nx
RUA  GARIBALDI PESSOA DA COSTA,7nx
RUA  GARIBALDI TEIXEIRA DE CARVALHO,7nx
RUA  GASPAR LEMOS,7nx
RUA  GECY MERCES RODRIGUES,7nx
RUA  GENARO SORRENTINO,7nx
RUA  GENAURIA MARIA DE PAULA,7nx
RUA  GENESIO ANDRADE,7nx
RUA  GENESIO GAMBARRA,7nx
RUA  GENESIO GAMBARRA FILHO,7nx
RUA  GENILDO CARVALHO DA SILVA,7nx
RUA  GENIVAL DUARTE DE MEDEIROS,7nx
RUA  GENIVAL MEIRA CESAR,7nx
RUA  GENIVAL RIBEIRO DOS SANTOS,7nx
RUA  GENIVALDO CORREIA LIMA,7nx
RUA  GENIVALDO LOPES DE LIMA,7nx
RUA  GENTIL FERNANDES,7nx
RUA  GENTIL LUIZ DE MORAIS,7nx
RUA  GENTIL RODRIGUES DA SILVA,7nx
RUA  GENULFO CABRAL LUCENA,7nx
RUA  GEORGE ALVES DA SILVA,7nx
RUA  GEORGE CUNHA,7nx
RUA  GEORGIA VIANA GUERREIRO,7nx
RUA  GERALDO ALVES PEREIRA,7nx
RUA  GERALDO ASSIS DE LUCENA,7nx
RUA  GERALDO BARBOSA DO AMARAL,7nx
RUA  GERALDO CARNEIRO DUTRA,7nx
RUA  GERALDO FAGUNDES DE ARAUJO,7nx
RUA  GERALDO GONZAGA RIBEIRO,7nx
RUA  GERALDO MIGUEL DE OLIVEIRA,7nx
RUA  GERALDO PORTO,7nx
RUA  GERALDO RAMOS REGIS,7nx
RUA  GERALDO VIRGINIO DOS SANTOS,7nx
RUA  GERMINIANO LEITE SOBRINHO,7nx
RUA  GESIEL GONZAGA DE BARROS,7nx
RUA  GEYSA DE PAIVA CAVALCANTE,7nx
RUA  GIACOMO PORTO,7nx
RUA  GIL FURTADO,7nx
RUA  GILBERTO PAULO CAVALCANTE,7nx
RUA  GILBERTO STUCKERT,7nx
RUA  GILVAN ARAUJO DA SILVA,7nx
RUA  GILVAN ROLIM DE BRITO JUNIOR,7nx
RUA  GILVANY FELIX DINIZ,7nx
RUA  GIRASSOL,7nx
RUA  GISONITA DA SILVA PEREIRA,7nx
RUA  GIUSEPE PETRUCCI,7nx
RUA  GLAUCE ROCHA,7nx
RUA  GONCALO COELHO,7nx
RUA  GONCALO DE SOUZA PONTES,7nx
RUA  GONCALVES DIAS,7nx
RUA  GONZAGA DA SILVA,7nx
RUA  GRACIANO MEDEIROS,7nx
RUA  GRACILIANO DELGADO,7nx
RUA  GRAZYELLE FEITOSA BARBOSA,7nx
RUA  GREGORIO DE OLIVEIRA,7nx
RUA  GREGORIO PESSOA OLIVEIRA ARAUJO,7nx
RUA  GUEDES PEREIRA,7nx
RUA  GUIBALDO LEAL DE MENEZES,7nx
RUA  GUILHERME PESSOA SERRANO,7nx
RUA  GUILHERME RAIMUNDO BEZERRA,7nx
RUA  GUMERCINDO LEITE SOBRINHO,7nx
RUA  GUSTAVO FEITOSA,7nx
RUA  GUSTAVO TORRES TROCCOLI,7nx
RUA  GUTEMBERG MENDONCA DE ALBUQUERQUE,7nx
RUA  GUTEMBERG MORAIS PAIVA,7nx
RUA  GUTEMBERG RODRIGUES DO NASCIMENTO,7nx
RUA  HARKEREZ HENRIQUES DE MIRANDA LOUREIRO,7nx
RUA  HAROLDO LOBO,7nx
RUA  HAROLDO MONTEIRO FREIRE,7nx
RUA  HEITOR GUSMAO,7nx
RUA  HELENA FALCAO BOUDOUX,7nx
RUA  HELENA FREIRE,7nx
RUA  HELENA MEIRA LIMA,7nx
RUA  HELENA SANTANA PEREIRA,7nx
RUA  HELENO GONCALVES DIAS,7nx
RUA  HELIO RODRIGUES FERREIRA,7nx
RUA  HELVECIO PAIVA DE AZEVEDO,7nx
RUA  HELY GUERRA DE ANDRADE LIMA,7nx
RUA  HENRIQUE DA COSTA MACHADO,7nx
RUA  HENRIQUE DE SALES MONTEIRO,7nx
RUA  HENRIQUE DIAS,7nx
RUA  HENRIQUE JOAQUIM DOS SANTOS,7nx
RUA  HENRIQUE NASCIMENTO,7nx
RUA  HENRIQUE RUFFO,7nx
RUA  HENRIQUE SIQUEIRA,7nx
RUA  HERACLITO BEZERRA CAVALCANTI,7nx
RUA  HERACLITO CAVALCANTI,7nx
RUA  HERBERT VELOSO UCHOA,7nx
RUA  HERBERTO PEREIRA DE LUCENA,7nx
RUA  HERCILIA DE OLIVEIRA SAMPAIO,7nx
RUA  HERCILIO ALVES DE SOUZA,7nx
RUA  HERMANO ABREU DO NASCIMENTO,7nx
RUA  HERMANO FERREIRA SOARES,7nx
RUA  HERMANO TOSCANO DE LUCENA CAVALCANTI,7nx
RUA  HERMENEGILDO ALMEIDA,7nx
RUA  HERMENEGILDO DIAS,7nx
RUA  HERMENEGILDO DIAS DA SILVA,7nx
RUA  HERMENEGILDO FRANCISCO DA CRUZ,7nx
RUA  HERMES GOMES BEZERRA,7nx
RUA  HERNANI COSTA,7nx
RUA  HERONIDES MEIRA DE VASCONCELOS,7nx
RUA  HERONIDES RAMOS,7nx
RUA  HEROTILDES BULHOES PINHEIRO,7nx
RUA  HILDA COUTINHO LUCENA,7nx
RUA  HILDA TRAVASSOS DA SILVA,7nx
RUA  HILDEBRANDO TOURINHO,7nx
RUA  HILTON GUEDES PEREIRA,7nx
RUA  HIRAN RAPOSO BELMONT,7nx
RUA  HONORATO SILVA,7nx
RUA  HONORIO SANCHO DE CARVALHO,7nx
RUA  HORACIO LEAL POLARI,7nx
RUA  HORACIO TRAJANO DE OLIVEIRA,7nx
RUA  HORMESINDA CHACON DA SILVA,7nx
RUA  HOZANA TAVARES DE LIMA,7nx
RUA  HUERTA FERREIRA DE MELO,7nx
RUA  HUMBERTO LINS RABELLO,7nx
RUA  HUMBERTO PAIVA DE CARVALHO,7nx
RUA  IDALETO,7nx
RUA  IMBIRIBEIRA,7nx
RUA  IMBURANA,7nx
RUA  IMPERIANO DE SOUZA,7nx
RUA  INACIO DE MELO,7nx
RUA  INACIO EVARISTO,7nx
RUA  INACIO FERREIRA SERRANO,7nx
RUA  INACIO NUNES DE LUCENA,7nx
RUA  INALDO MAROTA FERRARO FILHO,7nx
RUA  INALDO RODRIGUES DE ALMEIDA,7nx
RUA  INAURA LEITE FONTES,7nx
RUA  INDIO ARABUTAN,7nx
RUA  INDIO ARARIBOIA,7nx
RUA  INDIO PIRAGIBE,7nx
RUA  INDIO POTY,7nx
RUA  INEZ PEDROZA SOARES,7nx
RUA  INGLATERRA,7nx
RUA  INTERCESSORA CORAÇAO CONSAGRADO DE JESUS,7nx
RUA  IOLANDA ELOY DE MEDEIROS,7nx
RUA  IOLANDA HENRIQUES CAVALCANTE,7nx
RUA  IOLANDA HENRIQUES CAVALCANTI,7nx
RUA  IPES,7nx
RUA  IPIRANGA,7nx
RUA  IPOJUCAN DOS ANJOS SEABRA,7nx
RUA  IRACEMA GUEDES LINS,7nx
RUA  IRACEMA SANTIAGO FERREIRA,7nx
RUA  IRACI DE BARROS SOARES,7nx
RUA  IRANDI COSTA,7nx
RUA  IRANI ALMEIDA DE MENEZES,7nx
RUA  IRENE ALMEIDA DA COSTA,7nx
RUA  IRENE ALVES P CELANI,7nx
RUA  IRENE BASTOS PESSOA,7nx
RUA  IRENE MARIA DE LIRA SILVA,7nx
RUA  IRINEU JOFFILY,7nx
RUA  IRINEU MONTEIRO NETO,7nx
RUA  IRINEU PINTO,7nx
RUA  ISABEL CRISTINA,7nx
RUA  ISABEL DE CARVALHO,7nx
RUA  ISABEL GOMES DE LIMA,7nx
RUA  ISABEL MARIA DOS SANTOS,7nx
RUA  ISABEL MEDEIROS CORREIA,7nx
RUA  ISABEL PAIVA,7nx
RUA  ISABEL PEREIRA DOS SANTOS JUSTINO,7nx
RUA  ISABEL ROBERTO DE CASTRO,7nx
RUA  ISAURA SILVEIRA LIRA,7nx
RUA  ISIDORO DELGADO,7nx
RUA  ISRAEL MEIRA LIMA,7nx
RUA  ITALIA,7nx
RUA  ITALO BRUNO SOARES DE SOUSA,7nx
RUA  ITALO D'ALIA DA COSTA,7nx
RUA  ITAMAR NEIVA MONTEIRO,7nx
RUA  IVALCIO DE LACERDA LIMA,7nx
RUA  IVALDO VIRGINIO GOMES,7nx
RUA  IVAN DE ASSIS COSTA,7nx
RUA  IVANICE MARTINS DA CAMARA,7nx
RUA  IVANILDO GUEDES PESSOA,7nx
RUA  IVANISE LOPES LORDAO,7nx
RUA  IVETE DE OLIVEIRA CARDOSO,7nx
RUA  IVO DOS ANJOS VILA NOVA,7nx
RUA  IVO GENARO SORRENTINO COSENTINO,7nx
RUA  IVO JOSE SOUZA DINIZ,7nx
RUA  IVO SOARES,7nx
RUA  JACINTO CRUZ,7nx
RUA  JACINTO DANTAS,7nx
RUA  JACINTO TAVARES,7nx
RUA  JACIRA DE VASCONCELOS CLAUDINO,7nx
RUA  JACIRA MENDONÇA DOS SANTOS,7nx
RUA  JACIRA SOARES DOS SANTOS,7nx
RUA  JACKSON DO PANDEIRO,7nx
RUA  JACOB ALVES DE AZEVEDO,7nx
RUA  JAIME CARVALHO TAVARES DE MELO,7nx
RUA  JAIME GOMES DE BARROS,7nx
RUA  JAIME ITABAIANA,7nx
RUA  JANDIRA MARTINS,7nx
RUA  JANDUHI ERNESTO DE ANDRADE,7nx
RUA  JANE VIEIRA,7nx
RUA  JAPAO,7nx
RUA  JAQUELINE SILVA BARRETO,7nx
RUA  JARBAS MOURA DA COSTA,7nx
RUA  JEFERSON FERREIRA DE PAIVA,7nx
RUA  JESSE DA COSTA CABRAL,7nx
RUA  JOAKIM SCHULLER,7nx
RUA  JOAMIR SEVERINO DOS SANTOS,7nx
RUA  JOANA APOLINARIO DE MEDEIROS,7nx
RUA  JOANA BATISTA CARDOSO,7nx
RUA  JOANA DA CONCEICAO,7nx
RUA  JOANA DOMINGUES ALVES,7nx
RUA  JOANA MARIA DE JESUS,7nx
RUA  JOANA MORAIS LORDAO,7nx
RUA  JOAO ALBUQUERQUE GREGO,7nx
RUA  JOAO ALFREDO CAJUEIRO,7nx
RUA  JOAO ALFREDO DE SOUSA,7nx
RUA  JOAO ALVES DA COSTA,7nx
RUA  JOAO ALVES FRAGOSO,7nx
RUA  JOAO ALVES PRAZIM,7nx
RUA  JOAO ALVES RODRIGUES,7nx
RUA  JOAO ANANIAS,7nx
RUA  JOAO BANDEIRA DE MELO,7nx
RUA  JOAO BARBALHO,7nx
RUA  JOAO BARBOSA DE LUCENA,7nx
RUA  JOAO BARBOSA DOS SANTOS,7nx
RUA  JOAO BARRETO FILHO,7nx
RUA  JOAO BATISTA CARVALHO MOURA,7nx
RUA  JOAO BATISTA COELHO MADRUGA,7nx
RUA  JOAO BATISTA DA SILVA,7nx
RUA  JOAO BATISTA DE MENEZES,7nx
RUA  JOAO BATISTA FERNANDES,7nx
RUA  JOAO BATISTA MAIA,7nx
RUA  JOAO BATISTA NASCIMENTO,7nx
RUA  JOAO BATISTA PERGENTINO MADRUGA,7nx
RUA  JOAO BEIROZ DA SILVA,7nx
RUA  JOAO BELO VIEIRA,7nx
RUA  JOAO BERNARDO DE ALBUQUERQUE,7nx
RUA  JOAO CABRAL DE LUCENA,7nx
RUA  JOAO CAETANO DA CUNHA,7nx
RUA  JOAO CAMARA,7nx
RUA  JOAO CAMILO DE OLIVEIRA,7nx
RUA  JOAO CAROLINO DE OLIVEIRA,7nx
RUA  JOAO CAVALCANTE DE ALBUQUERQUE,7nx
RUA  JOAO CAVALCANTI COSTA,7nx
RUA  JOAO CELSO PEIXOTO,7nx
RUA  JOAO CLIMACO MONTEIRO DA FRANCA,7nx
RUA  JOAO DA MATA LUCENA,7nx
RUA  JOAO DA PENHA PEREIRA DA SILVA,7nx
RUA  JOAO DAMASCENO O MENDES,7nx
RUA  JOAO DE ALMEIDA ADAUTO,7nx
RUA  JOAO DE CARVALHO COSTA,7nx
RUA  JOAO DE FARIAS LEAL,7nx
RUA  JOAO DE OLIVEIRA LINS,7nx
RUA  JOAO DE PESSOA,7nx
RUA  JOAO DE SOUZA FILHO,7nx
RUA  JOAO DO O DA SILVA,7nx
RUA  JOAO DOMINGOS,7nx
RUA  JOAO ERNESTO ANDRADE,7nx
RUA  JOAO FELIPE DE ARAUJO,7nx
RUA  JOAO FELIX DA SILVA,7nx
RUA  JOAO FERNANDES VIEIRA,7nx
RUA  JOAO FILADELFO DE CARVALHO,7nx
RUA  JOAO FIUZA CHAVES,7nx
RUA  JOAO FRANCISCO ALVES,7nx
RUA  JOAO FRANCISCO DE ABREU,7nx
RUA  JOAO FRAZAO CASTRO,7nx
RUA  JOAO GALDINO DA SILVA,7nx
RUA  JOAO GALIZA DE ANDRADE,7nx
RUA  JOAO GONCALVES DA NOBREGA,7nx
RUA  JOAO GONÇALVES DA NOBREGA,7nx
RUA  JOAO HARDMAN DE BARROS,7nx
RUA  JOAO HONORATO,7nx
RUA  JOAO J BENICIO,7nx
RUA  JOAO JOSE DA COSTA,7nx
RUA  JOAO LALI SILVA PINTO,7nx
RUA  JOAO LELIS,7nx
RUA  JOAO LIRA DE MENEZES,7nx
RUA  JOAO LOMBARDI,7nx
RUA  JOAO LOURENCO DE SOUZA,7nx
RUA  JOAO MAGLIANO,7nx
RUA  JOAO MARINHO DA SILVA,7nx
RUA  JOAO MARINHO DE ARAUJO,7nx
RUA  JOAO MARSICANO,7nx
RUA  JOAO MAURILIO LEITE,7nx
RUA  JOAO MIGUEL DE SOUZA,7nx
RUA  JOAO MURILO LEITE,7nx
RUA  JOAO NASCIMENTO DA SILVA,7nx
RUA  JOAO NOBRE,7nx
RUA  JOAO PAIVA PONCE DE LEON,7nx
RUA  JOAO PAULO II,7nx
RUA  JOAO PEDRO DE ALCANTARA,7nx
RUA  JOAO PEREIRA DE ARRUDA,7nx
RUA  JOAO PEREIRA DE LIMA,7nx
RUA  JOAO QUIRINO DOS SANTOS,7nx
RUA  JOAO RAMALHO,7nx
RUA  JOAO RAMALHO LEITE,7nx
RUA  JOAO RAPOSO FILHO,7nx
RUA  JOAO SIMEAO SOBRINHO,7nx
RUA  JOAO SOARES DA SILVA,7nx
RUA  JOAO SOARES PADILHA,7nx
RUA  JOAO SUASSUNA,7nx
RUA  JOAO TARGINO BEZERRA,7nx
RUA  JOAO TAVARES,7nx
RUA  JOAO TEIXEIRA DE CARVALHO,7nx
RUA  JOAO TERROSO DE SOUZA,7nx
RUA  JOAO TOTA,7nx
RUA  JOAO VIEGAS DE OLIVEIRA,7nx
RUA  JOAO VIEIRA CARNEIRO,7nx
RUA  JOAQUIM  DOS SANTOS SOBRINHO,7nx
RUA  JOAQUIM ALVES DE ARRUDA,7nx
RUA  JOAQUIM ANTONIO MARQUES,7nx
RUA  JOAQUIM AVUNDANO,7nx
RUA  JOAQUIM BEZERRA,7nx
RUA  JOAQUIM BORBA FILHO,7nx
RUA  JOAQUIM CAETANO DA SILVA,7nx
RUA  JOAQUIM CARNEIRO DE MESQUITA,7nx
RUA  JOAQUIM CARVALHO,7nx
RUA  JOAQUIM DE FIGUEIREDO BRAGA,7nx
RUA  JOAQUIM ELIAS DE FIGUEIREDO,7nx
RUA  JOAQUIM FERREIRA COSTA,7nx
RUA  JOAQUIM GALDINO DE LIMA,7nx
RUA  JOAQUIM GERMANO FILHO,7nx
RUA  JOAQUIM GONCALVES LEDO,7nx
RUA  JOAQUIM INACIO DA CRUZ,7nx
RUA  JOAQUIM LOPES DE ANDRADE,7nx
RUA  JOAQUIM LUCAS DA SILVA,7nx
RUA  JOAQUIM MANOEL,7nx
RUA  JOAQUIM MARTINS DA SILVA,7nx
RUA  JOAQUIM MESQUITA FILHO,7nx
RUA  JOAQUIM NABUCO,7nx
RUA  JOAQUIM NONATO DE AQUINO,7nx
RUA  JOAQUIM PEDRO DA SILVA,7nx
RUA  JOAQUIM PEREIRA DE MENEZES,7nx
RUA  JOAQUIM PEREIRA DO NASCIMENTO,7nx
RUA  JOAQUIM VIEIRA DE MELO,7nx
RUA  JOAQUINA GUEDES CHAVES,7nx
RUA  JOBSON DE ALMEIDA SA,7nx
RUA  JOCELIN DE SOUZA ROCHA,7nx
RUA  JOELDO APOLINARIO SILVA,7nx
RUA  JOICE KELLY DE AZEVEDO,7nx
RUA  JORDAO ALVES,7nx
RUA  JORGE COSTA DUARTE,7nx
RUA  JORGE ESPIRITO SANTO,7nx
RUA  JORGE FARAJ,7nx
RUA  JORGE RAMOS AMARANHO,7nx
RUA  JORGE VIRGINIO,7nx
RUA  JOSAFA ALVES DE SOUZA,7nx
RUA  JOSAFA CAVALCANTE SOUZA,7nx
RUA  JOSE ADELMAR ALVES DE ANDRADE,7nx
RUA  JOSE ADRIANO TEODOSIO,7nx
RUA  JOSE AILTON PESSOA GONCALVES,7nx
RUA  JOSE AIRES BATISTA,7nx
RUA  JOSE ALEXANDRE DE FARIAS,7nx
RUA  JOSE ALEXANDRE DE LIRA,7nx
RUA  JOSE ALOYSIO DA COSTA MACHADO,7nx
RUA  JOSE ALVES DE MACEDO,7nx
RUA  JOSE AMERICO,7nx
RUA  JOSE ANTONIO DE SOUZA MARANHAO,7nx
RUA  JOSE ANTONIO DOS SANTOS,7nx
RUA  JOSE ANUNCIACAO SANTOS,7nx
RUA  JOSE APRIGIO DOS SANTOS,7nx
RUA  JOSE AUGUSTO DE ANDRADE,7nx
RUA  JOSE AUGUSTO SEBADELHE,7nx
RUA  JOSE AYRES LUCENA,7nx
RUA  JOSE BARBALHO FILHO,7nx
RUA  JOSE BARBOSA OLIVEIRA,7nx
RUA  JOSE BARTOLOMEU CABRAL,7nx
RUA  JOSE BATISTA DE LUCENA,7nx
RUA  JOSE BATISTA DE MELO,7nx
RUA  JOSE BATISTA FILHO,7nx
RUA  JOSE BELO DINIZ,7nx
RUA  JOSE BENEDITO DE SOUZA,7nx
RUA  JOSE BERNARDINO DO NASCIMENTO,7nx
RUA  JOSE BERNARDO DE ARAUJO,7nx
RUA  JOSE BERNARDO DE LIMA,7nx
RUA  JOSE BETANIO,7nx
RUA  JOSE BEZERRA DE SOUZA,7nx
RUA  JOSE BRASILINO LEITE,7nx
RUA  JOSE CANDIDO DA SILVA,7nx
RUA  JOSE CARLOS DA SILVA,7nx
RUA  JOSE CARNEIRO RODRIGUES,7nx
RUA  JOSE CARVALHO DE MORAIS,7nx
RUA  JOSE CAVALCANTI CHAVES,7nx
RUA  JOSE CESAR DE MENEZES,7nx
RUA  JOSE CICILIANO DE SOUZA BARBOSA,7nx
RUA  JOSE CLAUDINO SOBRINHO,7nx
RUA  JOSE CLEMENTINO,7nx
RUA  JOSE CLEMENTINO DE OLIVEIRA,7nx
RUA  JOSE CORDEIRO DA COSTA,7nx
RUA  JOSE DA COSTA GOMES,7nx
RUA  JOSE DA COSTA PEREIRA,7nx
RUA  JOSE DA CUNHA,7nx
RUA  JOSE DA SILVA BEZERRA,7nx
RUA  JOSE DARCI FERREIRA,7nx
RUA  JOSE DE ALENCAR,7nx
RUA  JOSE DE ALMEIDA COUTINHO,7nx
RUA  JOSE DE ALMEIDA NORONHA,7nx
RUA  JOSE DE ASSIS REGIS,7nx
RUA  JOSE DE SOUTO LIMA,7nx
RUA  JOSE DIAS DE OLIVEIRA,7nx
RUA  JOSE DIMAS FERREIRA,7nx
RUA  JOSE DIONISIO DA SILVA,7nx
RUA  JOSE DO VALLE MELLO,7nx
RUA  JOSE DUARTE NASCIMENTO,7nx
RUA  JOSE DUMAS FERREIRA,7nx
RUA  JOSE EMIDIO DE LUCENA,7nx
RUA  JOSE ESTEVAO DA SILVA,7nx
RUA  JOSE EUSTAQUIO DA FONSECA,7nx
RUA  JOSE FAUSTINO CAVALCANTI,7nx
RUA  JOSE FEITOSA DOS SANTOS,7nx
RUA  JOSE FELICIANO,7nx
RUA  JOSE FELICIANO DA SILVA,7nx
RUA  JOSE FELIX DA SILVA,7nx
RUA  JOSE FELIX DE SOUZA FILHO,7nx
RUA  JOSE FERNANDES BEZERRA,7nx
RUA  JOSE FERNANDES GOMES DE ARRUDA,7nx
RUA  JOSE FERNANDESO DINIZ,7nx
RUA  JOSE FERREIRA DA SILVA,7nx
RUA  JOSE FERREIRA DE ANDRADE,7nx
RUA  JOSE FERREIRA DE LIMA,7nx
RUA  JOSE FERREIRA DE OLIVEIRA,7nx
RUA  JOSE FERREIRA MARINHO,7nx
RUA  JOSE FERREIRA RAMOS,7nx
RUA  JOSE FIRMINO DE OLIVEIRA,7nx
RUA  JOSE FIRMINO FERREIRA,7nx
RUA  JOSE FLORENTINO JUNIOR,7nx
RUA  JOSE FRANCISCO DA SILVA,7nx
RUA  JOSE FRANCISCO FERNANDES DA SILVA,7nx
RUA  JOSE FRANCISCO PEREIRA,7nx
RUA  JOSE GERONIMO LIRA,7nx
RUA  JOSE GOMES DA SILVEIRA,7nx
RUA  JOSE GOMES DE ABREU,7nx
RUA  JOSE GOMES DE SA FILHO,7nx
RUA  JOSE GOMES DE SOUZA,7nx
RUA  JOSE GOMES JUNIOR,7nx
RUA  JOSE GOMES PEREIRA,7nx
RUA  JOSE GOMES SOBRINHO,7nx
RUA  JOSE GOMES VARELA,7nx
RUA  JOSE GONCALVES DE ABRANTES,7nx
RUA  JOSE GONCALVES JUNIOR,7nx
RUA  JOSE GONÇALVES DE AMORIM,7nx
RUA  JOSE INACIO DA SILVA,7nx
RUA  JOSE JOAO DE DEUS MADRUGA,7nx
RUA  JOSE LADISLAU DE CARVALHO,7nx
RUA  JOSE LEITE DA SILVA,7nx
RUA  JOSE LINO DOS SANTOS,7nx
RUA  JOSE LINS DE ALBUQUERQUE,7nx
RUA  JOSE LINS SOBRINHO,7nx
RUA  JOSE LOURENÇO PEREIRA,7nx
RUA  JOSE LUCAS DE CARVALHO,7nx
RUA  JOSE LUCIO DOS SANTOS,7nx
RUA  JOSE MANGUEIRA SARAIVA,7nx
RUA  JOSE MARCONE RAMOS DA SILVA,7nx
RUA  JOSE MARIA ARRUDA,7nx
RUA  JOSE MARIA DA SILVA,7nx
RUA  JOSE MARIA TAVARES DE MELO,7nx
RUA  JOSE MARIA UCHOA DE ANDRADE,7nx
RUA  JOSE MARIANO DA SILVA,7nx
RUA  JOSE MARINHO DA SILVA,7nx
RUA  JOSE MARQUES DE SOUZA,7nx
RUA  JOSE MARTINS DA SILVA,7nx
RUA  JOSE MENDONCA DE ARAUJO,7nx
RUA  JOSE MENEZES CAVALCANTI,7nx
RUA  JOSE MESQUITA,7nx
RUA  JOSE MINERVINO,7nx
RUA  JOSE MIRONIO SERRANO,7nx
RUA  JOSE MOTA DA SILVA,7nx
RUA  JOSE MURAD TANUSS,7nx
RUA  JOSE NILSON SANTIAGO,7nx
RUA  JOSE NOGUEIRA CAMPOS,7nx
RUA  JOSE NOVAIS,7nx
RUA  JOSE NUNES MACHADO,7nx
RUA  JOSE PATRICIO DE ALMEIDA,7nx
RUA  JOSE PAULINO BATISTA,7nx
RUA  JOSE PAULINO DE SOUSA,7nx
RUA  JOSE PAULO DA SILVA LIRA,7nx
RUA  JOSE PAULO FERREIRA DA COSTA,7nx
RUA  JOSE PEDRO GOMES,7nx
RUA  JOSE PEDRO SANTOS COELHO,7nx
RUA  JOSE PEREGRINO MONTENEGRO,7nx
RUA  JOSE PEREIRA DA COSTA,7nx
RUA  JOSE PEREIRA DE LIMA FILHO,7nx
RUA  JOSE PEREIRA LIMA,7nx
RUA  JOSE PONCE LEON,7nx
RUA  JOSE QUIRINO FONSECA,7nx
RUA  JOSE REAL,7nx
RUA  JOSE REGIS OLIVEIRA,7nx
RUA  JOSE REGIS VELHO,7nx
RUA  JOSE RIBEIRO DA SILVA,7nx
RUA  JOSE RICARDO MOTA MORAIS,7nx
RUA  JOSE RIGOBERTO DOS SANTOS,7nx
RUA  JOSE ROBERTO SILVA,7nx
RUA  JOSE RODRIGUES DOS SANTOS,7nx
RUA  JOSE ROSAS,7nx
RUA  JOSE ROSENO DO NASCIMENTO,7nx
RUA  JOSE RUFINO,7nx
RUA  JOSE SANTANA DA SILVA,7nx
RUA  JOSE SERRANO NAVARRO,7nx
RUA  JOSE SEVERINO DE FIGUEIREDO,7nx
RUA  JOSE SEVERINO MASSA SPINELLI,7nx
RUA  JOSE SIMOES DE ARAUJO,7nx
RUA  JOSE SINFRONIO DE OLIVEIRA MARIZ,7nx
RUA  JOSE SOARES,7nx
RUA  JOSE SOUTO DINIZ,7nx
RUA  JOSE TADEU CABRAL,7nx
RUA  JOSE TARGINO DE CASTRO,7nx
RUA  JOSE TAVARES BENEVIDES,7nx
RUA  JOSE TEOFANES DA SILVA,7nx
RUA  JOSE TEOTONIO DOS SANTOS,7nx
RUA  JOSE TOMAZ DE MARIA,7nx
RUA  JOSE TRAJANO DA SILVA,7nx
RUA  JOSE VASCONCELOS DE CARVALHO,7nx
RUA  JOSE VICENTE DO NASCIMENTO,7nx
RUA  JOSE VIEIRA DINIZ,7nx
RUA  JOSE VIEIRA PRIMO,7nx
RUA  JOSEFA ADELITA FARIAS AGUIAR,7nx
RUA  JOSEFA ANDRADE DE SOUZA,7nx
RUA  JOSEFA DE MIRANDA FREIRE,7nx
RUA  JOSEFA DIAS CORREIA,7nx
RUA  JOSEFA MACENA DE SOUZA,7nx
RUA  JOSEFA MARIA DA CONCEICAO,7nx
RUA  JOSEFA MOREIRA DE OLIVEIRA,7nx
RUA  JOSEFA PONTES CESAR,7nx
RUA  JOSEFA PONTES COUTINHO,7nx
RUA  JOSEFA TAVEIRA,7nx
RUA  JOSELITO RODRIGUES DE FREITAS,7nx
RUA  JOSEMAR LOPES JERONIMO,7nx
RUA  JOSEMAR NEGROMONTE DE AZEVEDO,7nx
RUA  JOSEMAR RODRIGUES DE CARVALHO,7nx
RUA  JOSEMAR SERRANO DE ASSIS,7nx
RUA  JOSENILDO JOSE DA SILVA,7nx
RUA  JOSEPHA NEVES PONTES DE LIMA,7nx
RUA  JOSERY SERRANO DE ASSIS,7nx
RUA  JOSIARA TELINO,7nx
RUA  JOSIAS BARBOSA FERREIRA,7nx
RUA  JOSILEIDE SANTOS SILVA,7nx
RUA  JOSINA LESSA FEITOSA,7nx
RUA  JOSUE CLEMENTE DE FARIAS,7nx
RUA  JOSUE GOMES DE ALMEIDA,7nx
RUA  JOSUE GUEDES PEREIRA,7nx
RUA  JOVENTINA RICARDINA DOS SANTOS,7nx
RUA  JOVENTINO GOMES BARBOSA,7nx
RUA  JOVITA GOMES ALVES,7nx
RUA  JUAREZ BATISTA,7nx
RUA  JUDI LEOCADIO DA SILVA,7nx
RUA  JUDITE PEREIRA GABI,7nx
RUA  JUDITH MOREIRA ESPINOLA,7nx
RUA  JULIA CHAVES DE ALCANTARA,7nx
RUA  JULIA MARIA DA CONCEICAO,7nx
RUA  JULIA RIBEIRO DA SILVA,7nx
RUA  JULIETA DE ALBUQUERQUE PEREIRA,7nx
RUA  JULIETA GONCALVES REZENDE,7nx
RUA  JULIETA MARINHO MARSICANO,7nx
RUA  JULIETA TORRES ISMAEL,7nx
RUA  JULIO AMERICO PINTO,7nx
RUA  JULIO CESAR REGIS DA SILVA,7nx
RUA  JULIO CORREIA DE ANDRADE,7nx
RUA  JULIO FERREIRA TAVARES,7nx
RUA  JULIO GERALDO DE SOUZA,7nx
RUA  JULIO MARINHO DA SILVA,7nx
RUA  JULIO PEREIRA DA SILVA,7nx
RUA  JULIO SOARES DA SILVA,7nx
RUA  JURANDIR GRANGEIRO PALITOT,7nx
RUA  JURANDIR RIBEIRO OLIVEIRA,7nx
RUA  JUSTA GOUVEIA,7nx
RUA  JUVENAL MARIO DA SILVA,7nx
RUA  JUVENCIO MANGUEIRA CARNEIRO,7nx
RUA  LAERCIO NAVARRO LIMA,7nx
RUA  LAMARTINE BABO,7nx
RUA  LAUDINA DA CUNHA SANTOS,7nx
RUA  LAURA DE OLIVEIRA SAMPAIO,7nx
RUA  LAURA MUNIZ  LIMA,7nx
RUA  LAURA QUIRINO NUNES DA SILVA,7nx
RUA  LAURA TAVARES FORMIGA,7nx
RUA  LAURIMAR RAFAEL DOS SANTOS,7nx
RUA  LAURINDO TIMOTEO DE SOUZA,7nx
RUA  LAURITA LAURA DE MEDEIROS,7nx
RUA  LAURO BEZERRA CAVALCANTE,7nx
RUA  LAURO TORRES,7nx
RUA  LAURO VICTOR DE BARROS JUNIOR,7nx
RUA  LEILA DINIZ,7nx
RUA  LEOCADIA CARLOS DE MOURA,7nx
RUA  LEONARDO ELISEU DE OLIVEIRA,7nx
RUA  LEONARDO PEREIRA DA SILVA,7nx
RUA  LEONARDO V DE ARAUJO,7nx
RUA  LEONCIO LOPES DA SILVEIRA,7nx
RUA  LEONEL COELHO,7nx
RUA  LEONEL DA SILVA COUTINHO,7nx
RUA  LEONEL DE MOURA BRIZOLA,7nx
RUA  LEONEL FEITOSA,7nx
RUA  LEONIZA PITIA DE OLIVEIRA,7nx
RUA  LEOPOLDO BEZERRA CAVALCANTI,7nx
RUA  LEOPOLDO MESQUITA,7nx
RUA  LEOPOLDO PEREIRA LIMA,7nx
RUA  LIA DA GAMA E MELO,7nx
RUA  LIBERDADE,7nx
RUA  LIBERIO MOREIRA SILVA,7nx
RUA  LIBERO BADARO,7nx
RUA  LICA LOPES,7nx
RUA  LICOTA MAROJA,7nx
RUA  LINDALVA LOPES CORDEIRO DA SILVA,7nx
RUA  LINDOLFO GONCALVES CHAVES,7nx
RUA  LINDOLFO JOSE CORREIA DAS NEVES,7nx
RUA  LINO ALVES DE OLIVEIRA,7nx
RUA  LINO DE OLIVEIRA CAVALCANTI NETO,7nx
RUA  LOPO GARRO,7nx
RUA  LORENÇO VIEIRA DE SOUSA,7nx
RUA  LOURDES FERRER,7nx
RUA  LOURENCO CESAR,7nx
RUA  LOURENCO DA VEIGA,7nx
RUA  LOURENCO FILGUEIRA DA GRACA,7nx
RUA  LOURIVAL ANTONIO DOS SANTOS,7nx
RUA  LOURIVAL EUSTAQUIO DA FONSECA,7nx
RUA  LUCIANO LEAL WANDERLEY,7nx
RUA  LUCIANO LOCATELLI DE SOUZA,7nx
RUA  LUCIANO RIBEIRO MORAIS,7nx
RUA  LUCILA RIBEIRO,7nx
RUA  LUCINEIA CABRAL BATISTA,7nx
RUA  LUIS AMBROSIO DE LIMA,7nx
RUA  LUIS FRANCISCO BEZERRA,7nx
RUA  LUIZ  MOURA RESENDE,7nx
RUA  LUIZ ALVES CONSERVA,7nx
RUA  LUIZ ALVES DA NOBREGA,7nx
RUA  LUIZ BARBALHO,7nx
RUA  LUIZ CARLOS CRISPIM PIMENTEL,7nx
RUA  LUIZ DE FRANCA CAMBOIM,7nx
RUA  LUIZ DE FRANCA PEREIRA,7nx
RUA  LUIZ DE FRANÇA  PONTES,7nx
RUA  LUIZ DE LIMA FREIRE,7nx
RUA  LUIZ DIAS NOVO,7nx
RUA  LUIZ EPAMINONDAS,7nx
RUA  LUIZ FERREIRA DA SILVA,7nx
RUA  LUIZ GERMOGLIO,7nx
RUA  LUIZ GONZAGA DE ANDRADE,7nx
RUA  LUIZ GONZAGA DE BARROS,7nx
RUA  LUIZ GONZAGA HOLMES DE ALMEIDA,7nx
RUA  LUIZ GUEDES DA SILVA,7nx
RUA  LUIZ JACINTO,7nx
RUA  LUIZ JOSE BATISTA,7nx
RUA  LUIZ JOSÉ DA SILVA,7nx
RUA  LUIZ LIANZA,7nx
RUA  LUIZ LOPES DA SILVA,7nx
RUA  LUIZ MARIANO DA SILVA,7nx
RUA  LUIZ MARTINS,7nx
RUA  LUIZ OLIVEIRA DA SILVA,7nx
RUA  LUIZ PIMENTEL BAPTISTA,7nx
RUA  LUIZ PONZE,7nx
RUA  LUIZ QUIRINO GOMES,7nx
RUA  LUIZ TIBURCIO SPINELLI FILHO,7nx
RUA  LUIZ XV,7nx
RUA  LUIZA CARNEIRO,7nx
RUA  LUNA PEDROSA,7nx
RUA  LUPERCIO BRANCO,7nx
RUA  LUZIA  ALVES DA SILVEIRA,7nx
RUA  LUZIA ALVES DE SOUZA,7nx
RUA  LUZIA DE SOUZA DINIZ,7nx
RUA  LUZIA MARIA DA CONCEICAO,7nx
RUA  LUZIA OTAVIA DE OLIVEIRA,7nx
RUA  LUZIA PEDROSA,7nx
RUA  LUZIA PEREIRA DA SILVA,7nx
RUA  LUZINETE FORMIGA DE LUCENA,7nx
RUA  LUZITANIA,7nx
RUA  MACIEL PINHEIRO,7nx
RUA  MAELY MAYARA DIAS DA SILVA,7nx
RUA  MAGNO LOPES,7nx
RUA  MANAUS,7nx
RUA  MANOEL ADOLFO COSTA,7nx
RUA  MANOEL ALBINO VIDAL DA SILVA,7nx
RUA  MANOEL ALVES PEREIRA,7nx
RUA  MANOEL ANTONIO DE CARVALHO COSTA,7nx
RUA  MANOEL APOLONIO DOS ANJOS,7nx
RUA  MANOEL ARAUJO TORQUATO,7nx
RUA  MANOEL ARRUDA CAVALCANTI,7nx
RUA  MANOEL BARBOZA DA SILVA,7nx
RUA  MANOEL BATISTA FREIRE,7nx
RUA  MANOEL BELARMINO DE MACEDO,7nx
RUA  MANOEL BENIGNO DA COSTA,7nx
RUA  MANOEL BEZERRA CAVALCANTI,7nx
RUA  MANOEL BEZERRA DE SOUZA,7nx
RUA  MANOEL CALDAS GUSMAO,7nx
RUA  MANOEL CAMELO DE LACERDA,7nx
RUA  MANOEL CANDIDO BEZERRA,7nx
RUA  MANOEL CARLOS CORREIA,7nx
RUA  MANOEL CESAR PESSOA,7nx
RUA  MANOEL COLACO SOBRINHO,7nx
RUA  MANOEL DE SOUZA NETO,7nx
RUA  MANOEL DOS ANJOS,7nx
RUA  MANOEL ELIAS DE OLIVEIRA,7nx
RUA  MANOEL FELIX DE MACEDO,7nx
RUA  MANOEL FERNANDES DE CARVALHO,7nx
RUA  MANOEL FERREIRA MACHADO,7nx
RUA  MANOEL FIRMINO DO NASCIMENTO,7nx
RUA  MANOEL FRANCA,7nx
RUA  MANOEL FRANCISCO DE MELO,7nx
RUA  MANOEL GEREMIAS DE ALBUQUERQUE,7nx
RUA  MANOEL GUALBERTO,7nx
RUA  MANOEL GUEDES DA SILVA,7nx
RUA  MANOEL GUERRA,7nx
RUA  MANOEL HENRIQUES DOS SANTOS,7nx
RUA  MANOEL INACIO SANTOS,7nx
RUA  MANOEL JAQUE DE BRITTO,7nx
RUA  MANOEL JERONIMO DA SILVA,7nx
RUA  MANOEL JOAQUIM DAS NEVES,7nx
RUA  MANOEL JOSE DA SILVA,7nx
RUA  MANOEL JOSE DE CARVALHO,7nx
RUA  MANOEL JOSE DINIZ,7nx
RUA  MANOEL LEITAO NETO,7nx
RUA  MANOEL LOPES DA SILVA,7nx
RUA  MANOEL LUIZ DA SILVA,7nx
RUA  MANOEL LUIZ DE LIMA,7nx
RUA  MANOEL LUIZ DOS SANTOS,7nx
RUA  MANOEL MADRUGA,7nx
RUA  MANOEL MARCOLINO FILHO,7nx
RUA  MANOEL MARIA FIGUEIREDO,7nx
RUA  MANOEL MEDEIROS GUEDES,7nx
RUA  MANOEL MIGUEL DE MORAIS,7nx
RUA  MANOEL PAULINO JUNIOR,7nx
RUA  MANOEL PEREIRA DE OLIVEIRA,7nx
RUA  MANOEL PESSOA DOS ANJOS,7nx
RUA  MANOEL RIBEIRO DE LIMA,7nx
RUA  MANOEL ROBERTO DO NASCIMENTO,7nx
RUA  MANOEL RODRIGUES PINHEIRO,7nx
RUA  MANOEL ROSA DA SILVA,7nx
RUA  MANOEL SOARES DE LIMA FILHO,7nx
RUA  MANOEL SOARES LONDRES,7nx
RUA  MANOEL SOUZA DO O,7nx
RUA  MANOEL TORRES,7nx
RUA  MANOEL VICENTE RODRIGUES,7nx
RUA  MANUEL LOPES DE CARVALHO,7nx
RUA  MARCELINO FIDELEZ,7nx
RUA  MARCELO TAVARES DA SILVA,7nx
RUA  MARCIA CARNEIRO MORAIS DE OLIVEIRA,7nx
RUA  MARCIONILIA D MOREIRA,7nx
RUA  MARCONE EDSON DA SILVA GOMES,7nx
RUA  MARCOS ALBINO RAFAEL,7nx
RUA  MARCOS ANTONIO RIBEIRO,7nx
RUA  MARCOS BARBOSA,7nx
RUA  MARDOKEU NACRE,7nx
RUA  MARGARIDA BARBOSA CHAVES,7nx
RUA  MARGARIDA FONSECA DE ARRUDA,7nx
RUA  MARIA ALCIRA LACERDA CARDOSO,7nx
RUA  MARIA ALVES DA  ROCHA,7nx
RUA  MARIA ALVES DA SILVA,7nx
RUA  MARIA ALVES DE LIMA,7nx
RUA  MARIA ALVES SEABRA,7nx
RUA  MARIA ANA NUNES,7nx
RUA  MARIA ANTONIA DE OLIVEIRA,7nx
RUA  MARIA APARECIDA NEIVA DE GOUVEIA,7nx
RUA  MARIA AUGUSTA DE ARAUJO DIAS,7nx
RUA  MARIA AUGUSTA GALVAO DE MELO,7nx
RUA  MARIA AUXILIADORA BELMONT SOBREIRA,7nx
RUA  MARIA AUZENIR RODRIGUES,7nx
RUA  MARIA BARROS BARBOZA,7nx
RUA  MARIA BATISTA DA SILVA,7nx
RUA  MARIA BATISTA DE MEDEIROS,7nx
RUA  MARIA BATISTA DE PAIVA,7nx
RUA  MARIA BATISTA PALITOT,7nx
RUA  MARIA BATISTA RODRIGUES,7nx
RUA  MARIA BEZERRA DA ROCHA FEITOSA,7nx
RUA  MARIA CAETANO FERNANDES DE LIMA,7nx
RUA  MARIA CANDIDA DE SENA,7nx
RUA  MARIA CARNEIRO DOS SANTOS,7nx
RUA  MARIA CAROLINA SOARES PONTES,7nx
RUA  MARIA CAVALCANTE DE MATOS,7nx
RUA  MARIA CAVALCANTE DE OLIVEIRA,7nx
RUA  MARIA CAVALCANTI GOMES,7nx
RUA  MARIA CELESTINA DA SILVA,7nx
RUA  MARIA CHACON,7nx
RUA  MARIA CHAVES DO NASCIMENTO,7nx
RUA  MARIA CLARINDA MELO,7nx
RUA  MARIA CLOTILDE COSTA TAVARES DE ALBUQUERQUE,7nx
RUA  MARIA DA CONCEICAO DE BRITO,7nx
RUA  MARIA DA GLORIA ALVES,7nx
RUA  MARIA DA GLORIA OLIVEIRA RODRIGUES,7nx
RUA  MARIA DA GLORIA VILARIM DIAS PINTO,7nx
RUA  MARIA DA LUZ COSTA LIMA,7nx
RUA  MARIA DA PAZ EVANGELISTA,7nx
RUA  MARIA DA PAZ HELENA DE JESUS,7nx
RUA  MARIA DA PENHA DAS CHAGAS,7nx
RUA  MARIA DA PENHA FARIAS,7nx
RUA  MARIA DA PENHA FREIRE GUIMARAES,7nx
RUA  MARIA DA SILVA RAMALHO,7nx
RUA  MARIA DAS DORES ALVES DA SILVA,7nx
RUA  MARIA DAS DORES DA SILVA,7nx
RUA  MARIA DAS DORES ESPINOLA,7nx
RUA  MARIA DAS DORES FERREIRA,7nx
RUA  MARIA DAS DORES SOUZA,7nx
RUA  MARIA DAS GRACAS CLEMENTINO DOS SANTOS,7nx
RUA  MARIA DAS GRACAS DE OLIVEIRA CARTAXO DA COSTA,7nx
RUA  MARIA DAS NEVES AMORIM,7nx
RUA  MARIA DAS NEVES CARDOSO DE SOUZA,7nx
RUA  MARIA DAS NEVES COUTINHO,7nx
RUA  MARIA DE FATIMA ALVES,7nx
RUA  MARIA DE FATIMA FERREIRA DE PAIVA,7nx
RUA  MARIA DE JESUS BASILIO,7nx
RUA  MARIA DE LIRA CHAVES,7nx
RUA  MARIA DE LOURDES COUTINHO TORRES,7nx
RUA  MARIA DE LOURDES CREOSOLA,7nx
RUA  MARIA DE LOURDES DE ANDRADE BARBOSA,7nx
RUA  MARIA DE LOURDES DE VASCONCELOS CARDOSO,7nx
RUA  MARIA DE LOURDES EVANGELISTA DA SILVA,7nx
RUA  MARIA DE LOURDES FERNANDES DA SILVA,7nx
RUA  MARIA DE LOURDES LEITE,7nx
RUA  MARIA DE LOURDES MARCIANO,7nx
RUA  MARIA DE LOURDES PEREIRA MEIRELES,7nx
RUA  MARIA DE LOURDES PESSOA,7nx
RUA  MARIA DE LOURDES RIBEIRO DE SOUZA,7nx
RUA  MARIA DE LOURDES SILVA GUEDES,7nx
RUA  MARIA DE NAZARE,7nx
RUA  MARIA DI PACE ROCCO,7nx
RUA  MARIA DIAS DE OLIVEIRA,7nx
RUA  MARIA DO AMPARO ABREU E LIMA REZENDE,7nx
RUA  MARIA DO CARMO ALVES,7nx
RUA  MARIA DO CARMO SOUTO RAMOS,7nx
RUA  MARIA DO SOCORRO DO NASCIMENTO ROCHA,7nx
RUA  MARIA DO SOCORRO FONSECA SANTANA,7nx
RUA  MARIA DO SOCORRO PEGADO DE SOUSA,7nx
RUA  MARIA EDITE GABBY DE SOUZA,7nx
RUA  MARIA ELIETE COUTINHO FABRICIO,7nx
RUA  MARIA EMILIA DA SILVA,7nx
RUA  MARIA EMILIA DE SOUSA PEREIRA,7nx
RUA  MARIA EUFROZINA MONTEIRO,7nx
RUA  MARIA EUGENIA DA COSTA,7nx
RUA  MARIA EUNICE GUIMARAES FERNANDES,7nx
RUA  MARIA FACUNDA OLIVEIRA DIAS,7nx
RUA  MARIA FERREIRA DA SILVA,7nx
RUA  MARIA FLORENTINA CALIXTO,7nx
RUA  MARIA FLORINDA PIRES,7nx
RUA  MARIA FRANCINETE PERONICO RAMOS,7nx
RUA  MARIA FRANCISCA DA CONCEICAO,7nx
RUA  MARIA FRANCISCA DA CUNHA,7nx
RUA  MARIA FRANCISCA DA SILVA,7nx
RUA  MARIA FRANCISCA DUARTE,7nx
RUA  MARIA GENERINA DA SILVA,7nx
RUA  MARIA GENI DO AMARAL MODESTO,7nx
RUA  MARIA GOMES DE ARAUJO,7nx
RUA  MARIA GOMES DOS SANTOS,7nx
RUA  MARIA HELENA ROCHA,7nx
RUA  MARIA ISABEL GOMES PEREIRA,7nx
RUA  MARIA ISABEL RIBEIRO,7nx
RUA  MARIA ISAURA DA GAMA E MELO,7nx
RUA  MARIA IZANILDA MACHADO DE ARAUJO,7nx
RUA  MARIA JOSE,7nx
RUA  MARIA JOSE CAETANO DA SILVA,7nx
RUA  MARIA JOSE DA CONCEICAO,7nx
RUA  MARIA JOSE DA SILVA,7nx
RUA  MARIA JOSE DO ESPIRITO SANTO,7nx
RUA  MARIA JOSE DOS SANTOS SILVA,7nx
RUA  MARIA JOSE MENDES DA NOBREGA,7nx
RUA  MARIA JOSE MIRANDA DO AMARAL,7nx
RUA  MARIA JOSE PONTES,7nx
RUA  MARIA JOSE RIQUE,7nx
RUA  MARIA JOSE VIEIRA FERREIRA,7nx
RUA  MARIA JULIA,7nx
RUA  MARIA JURANDI DE ALENCAR,7nx
RUA  MARIA LEONARDO,7nx
RUA  MARIA LEOPOLDINA DO EGITO,7nx
RUA  MARIA LILIAN DANTAS DA NOBREGA,7nx
RUA  MARIA LIMA DA SILVA,7nx
RUA  MARIA LINHARES PORDEUS,7nx
RUA  MARIA LOUREIRO FRANCA,7nx
RUA  MARIA LUCI DA COSTA MACEDO,7nx
RUA  MARIA LUIZA ARANHA CAVALCANTE,7nx
RUA  MARIA LUIZA DA CONCEICAO,7nx
RUA  MARIA LUZIA CONCEICAO,7nx
RUA  MARIA MADALENA ALVES,7nx
RUA  MARIA MADALENA RAMALHO BANDEIRA,7nx
RUA  MARIA MEDEIROS,7nx
RUA  MARIA MONTEIRO DE CARVALHO,7nx
RUA  MARIA MONTEIRO MAUL,7nx
RUA  MARIA NAZARE DE SOUZA  SILVA,7nx
RUA  MARIA NAZARE RIBEIRO DA SILVA,7nx
RUA  MARIA NELY TRAJANO DE SOUSA,7nx
RUA  MARIA NOEMIA DE SOUZA HOLANDA,7nx
RUA  MARIA NUNES MARQUES,7nx
RUA  MARIA PAULINO DA SILVA,7nx
RUA  MARIA PEDRO DA SILVA,7nx
RUA  MARIA PEQUENA LACERDA,7nx
RUA  MARIA PEREIRA LEITE,7nx
RUA  MARIA PEREIRA MACHADO,7nx
RUA  MARIA PESSOA CALDAS,7nx
RUA  MARIA PRESOTTO PUCCI,7nx
RUA  MARIA RITA FREITAS DO AMARAL,7nx
RUA  MARIA ROSA JACINTO,7nx
RUA  MARIA ROSA PADILHA,7nx
RUA  MARIA SANTANA DA ANUNCIACAO,7nx
RUA  MARIA SILVESTRE DOS SANTOS,7nx
RUA  MARIA SORRENTINO FEITOSA,7nx
RUA  MARIA TAVARES ARAUJO,7nx
RUA  MARIA TORRES DE LIMA,7nx
RUA  MARIA VALERIANO DE SOUZA FRADE,7nx
RUA  MARIA YEDA CARNEIRO VILHENA,7nx
RUA  MARIANGELA LUCENA PEIXOTO,7nx
RUA  MARIANO BOTELHO,7nx
RUA  MARIETA STEIMBACH SILVA,7nx
RUA  MARILETA ARAUJO NASCIMENTO,7nx
RUA  MARINALVO DA SILVA RIBEIRO,7nx
RUA  MARINESIO DA CUNHA MORENO,7nx
RUA  MARINESIO DA CUNHA MORENO JUNIOR,7nx
RUA  MARINO DE OLIVEIRA LUNA,7nx
RUA  MARIO ALVES SANTOS,7nx
RUA  MARIO BATISTA JUNIOR,7nx
RUA  MARIO BOTELHO,7nx
RUA  MARIO DE ALBUQUERQUE MONTENEGRO,7nx
RUA  MARIO MAGALHAES,7nx
RUA  MARIO NEVES DO NASCIMENTO,7nx
RUA  MARIO SANTA CRUZ COSTA,7nx
RUA  MARIO UCHOA,7nx
RUA  MARLENE BARBOSA DA SILVA,7nx
RUA  MARLI DO NASCIMENTO SOUZA,7nx
RUA  MARLI VIEIRA DA SILVA,7nx
RUA  MARLY FREIRE DE CARVALHO,7nx
RUA  MARTIM AFONSO DE SOUZA,7nx
RUA  MARTIM LEITAO,7nx
RUA  MARTINHO DE TURES,7nx
RUA  MARTINHO LUTERO,7nx
RUA  MARTINIANO RODRIGUES RAMALHO,7nx
RUA  MARYLAND DE SOUZA FERRAZ,7nx
RUA  MATHEUS DE OLIVEIRA,7nx
RUA  MATHIAS SINFRONIO DE OLIVEIRA,7nx
RUA  MATTEO ZACARA,7nx
RUA  MAURICIO DE ARAUJO GAMA FILHO,7nx
RUA  MAURICIO LEAL WANDERLEY,7nx
RUA  MAURINA CAVALCANTI DE LIMA,7nx
RUA  MAURO DE MOURA MACHADO,7nx
RUA  MAXIMIANO CHAVES,7nx
RUA  MAXIMIANO FERREIRA DE OLIVEIRA,7nx
RUA  MAXIMIANO PEDROSA,7nx
RUA  MELVIN JONES,7nx
RUA  MEM DE SA,7nx
RUA  MENDES RIBEIRO,7nx
RUA  MENINO JESUS,7nx
RUA  MESSIAS PESSOA DA SILVA,7nx
RUA  MEXICO,7nx
RUA  MIDIA DE FRANCA  AMARAL LINS,7nx
RUA  MIGUEL BASTOS LISBOA,7nx
RUA  MIGUEL GUSTAVO CORDEIRO DE SOUZA,7nx
RUA  MIGUEL INACIO DE ALBUQUERQUE,7nx
RUA  MIGUEL MARQUES PONTES,7nx
RUA  MIGUEL MONTE DE MENEZES,7nx
RUA  MILTON NASCIMENTO DA SILVA,7nx
RUA  MILTON SANTA CRUZ,7nx
RUA  MINERVINO BIONE,7nx
RUA  MINERVINO RIQUE ALBUQUERQUE,7nx
RUA  MIRIAN BARRETO RABELO,7nx
RUA  MIRTES BICHARA SOBREIRA,7nx
RUA  MIRTES TOSCANO ALVES,7nx
RUA  MOACIR NORONHA CESAR,7nx
RUA  MOACIR ROCHA DE MENDONCA,7nx
RUA  MOEMA PALMEIRA SOBRAL,7nx
RUA  MOZART ARMSTRONG,7nx
RUA  MUCIO LEAL WANDERLEY,7nx
RUA  MUN PEDRO DA SILVA COUTINHO,7nx
RUA  MURILO BRUNO SOARES DE SOUSA,7nx
RUA  MURILO BUARQUE,7nx
RUA  MURILO LEMOS,7nx
RUA  MURILO MENDES,7nx
RUA  NANCY GOMES MONTENEGRO,7nx
RUA  NAPOLEAO CRISPIM,7nx
RUA  NAPOLEAO GOMES VARELA,7nx
RUA  NATAL,7nx
RUA  NATALIA LUIZA DOS SANTOS,7nx
RUA  NATAN ESTEVAO DE ALMEIDA,7nx
RUA  NATERCIO DUTRA DE MEDEIROS,7nx
RUA  NATHALIA NOBREGA SEIXAS,7nx
RUA  NAYDE DE NOVAIS GUIMARAES,7nx
RUA  NELLY PESSOA LIMA,7nx
RUA  NELSON DOS SANTOS,7nx
RUA  NELSON ROBERTO AMORIM,7nx
RUA  NELY LINS,7nx
RUA  NEREIDE BARBOSA DOS ANJOS MARTINS,7nx
RUA  NEREU DE MORAIS COELHO,7nx
RUA  NESTOR COBINIANO MELO,7nx
RUA  NESTOR DA ROCHA ARNAUD,7nx
RUA  NEUZA DO NASCIMENTO,7nx
RUA  NEUZA HILDA DE MEDEIROS,7nx
RUA  NEUZA MEIRA,7nx
RUA  NEVINHA CAVALCANTE,7nx
RUA  NEVINHA GONDIM DE OLIVEIRA,7nx
RUA  NEVINHA RAPOSO,7nx
RUA  NEWTON DA SILVA LIMA,7nx
RUA  NEWTON LACET DE FRANCA,7nx
RUA  NEWTON TIMOTEO DE SOUZA,7nx
RUA  NICOLA PORTO,7nx
RUA  NICOLAU GONCALVES DA SILVA,7nx
RUA  NIEDJA DA PENHA ARRUDA,7nx
RUA  NILDA DE ANDRADE VAZ,7nx
RUA  NILTON AUGUSTO DE ARAUJO,7nx
RUA  NINA LIMA,7nx
RUA  NINFA LIMEIRA FERNANDES,7nx
RUA  NINFA TAVARES DO EGITO DE ARAUJO,7nx
RUA  NIVALDO DE SOUZA,7nx
RUA  NOE VIEIRA DE ALMEIDA,7nx
RUA  NOEMIA OLIVEIRA COSTA,7nx
RUA  NORBERTO DE CASTRO NOGUEIRA,7nx
RUA  NOSSA SENHORA APARECIDA,7nx
RUA  NOSSA SENHORA DA GUIA,7nx
RUA  NOSSA SENHORA DA LUZ,7nx
RUA  NOSSA SENHORA DA PAZ,7nx
RUA  NOSSA SENHORA DE FATIMA,7nx
RUA  NOSSA SENHORA DE GUADALUPE,7nx
RUA  NOSSA SENHORA DE LOURDES,7nx
RUA  NOSSA SENHORA DO CARMO,7nx
RUA  NOSSA SENHORA DO ROSARIO,7nx
RUA  NOVA,7nx
RUA  NOVA ESPERANCA,7nx
RUA  NOZINHO BRANDAO,7nx
RUA  NUBIA CRISTIANE DOS SANTOS BASTOS,7nx
RUA  NURISMAN DE ANDRADE CARNEIRO,7nx
RUA  OCEANO ANTARTICO,7nx
RUA  OCEANO ARTICO,7nx
RUA  OCEANO ATLANTICO,7nx
RUA  OCEANO INDICO,7nx
RUA  OCEANO PACIFICO,7nx
RUA  OCTAVIO DE FIGUEIREDO LIMA,7nx
RUA  ODETE GOMES DE ARAUJO,7nx
RUA  ODILIA T SEBADELLI,7nx
RUA  ODILON CAVALCANTI,7nx
RUA  ODILON DE CARVALHO,7nx
RUA  ODILON FRANCISCO DE LIMA,7nx
RUA  ODILON LUCIO DE SOUZA,7nx
RUA  ODILON MAIA,7nx
RUA  ODILON MESQUITA,7nx
RUA  ODILON NELSON DANTAS,7nx
RUA  ODISA ELISEU DA NOBREGA,7nx
RUA  ODON FARIAS,7nx
RUA  ODON GOMES ALBUQUERQUE,7nx
RUA  OESTE,7nx
RUA  OITO DE DEZEMBRO,7nx
RUA  OITO DE MARÇO,7nx
RUA  OLAVO BILAC,7nx
RUA  OLDENA CARNEIRO PEREIRA DE MELO,7nx
RUA  OLEGARIO FILGUEIRA LEAO,7nx
RUA  OLGA BENARIO,7nx
RUA  OLIMPIO PESSOA DE ARRUDA,7nx
RUA  OLINDINA DE OLIVEIRA FARIAS,7nx
RUA  OLIVEIRAS,7nx
RUA  OLIVERIO MAVIGNIER DE NORONHA,7nx
RUA  OLIVIA DE AZEVEDO SENA,7nx
RUA  OLIVIA FARIAS GABINO,7nx
RUA  OLIVIA LEONOR DE CARVALHO,7nx
RUA  OLIVIA PEREIRA BARBOSA,7nx
RUA  OLIVIO PINTO,7nx
RUA  OLIVIO RIBEIRO CAMPOS,7nx
RUA  OLIVIO TRAVASSOS DE MEDEIROS,7nx
RUA  ONALDO FELIX PEREIRA,7nx
RUA  ONALDO SILVA COUTINHO,7nx
RUA  ONEIDA AGRA DA NOBREGA,7nx
RUA  ORESTES LISBOA,7nx
RUA  ORISVALDO JOSE TORRES DE MELO,7nx
RUA  ORLANDO CARLOS XAVIER,7nx
RUA  ORLANDO DE FREITAS FEITOSA,7nx
RUA  ORLANDO DI CAVALCANTI VILLAR,7nx
RUA  ORLANDO FALCONE DE OLIVEIRA,7nx
RUA  ORLANDO SILVA,7nx
RUA  ORLANDO SOARES DE OLIVEIRA,7nx
RUA  OSELMAR DE CASTRO BARRETO,7nx
RUA  OSIRIS DE BELLI,7nx
RUA  OSORIO CARVALHO ROCHA,7nx
RUA  OSORIO MILANEZ FILHO,7nx
RUA  OSVALDO AGRIPINO DE CASTRO,7nx
RUA  OSVALDO LEMOS,7nx
RUA  OSVALDO T CAMPOS,7nx
RUA  OSWALDO EVARISTO DA COSTA,7nx
RUA  OTACILIA  PATRIOTA DE ALMEIDA,7nx
RUA  OTACILIO COUTINHO,7nx
RUA  OTACILIO DE ALBUQUERQUE,7nx
RUA  OTACILIO PEREIRA LIMA,7nx
RUA  OTACILIO SANTIAGO DE OLIVEIRA,7nx
RUA  OTAVIANO  MAROJA ALENCAR,7nx
RUA  OTAVIO FELIX PEREIRA,7nx
RUA  OTAVIO GADELHA SEIXAS,7nx
RUA  OTAVIO NOVAIS,7nx
RUA  OTAVIO PORPINO DA SILVA,7nx
RUA  OTAVIO SINFRONIO DE OLIVEIRA MARIZ,7nx
RUA  OTAVIO SOARES,7nx
RUA  OTHILIA BARROS DE MEDEIROS,7nx
RUA  OTILIA FERREIRA DE LIMA,7nx
RUA  OZELIA LIMA SILVA,7nx
RUA  OZIEL REGIS DA SILVA,7nx
RUA  OZORIO MUNIZ DE BRITO,7nx
RUA  OZORIO VELOSO CRUZ GOUVEIA,7nx
RUA  PAINEIRA DO CAMPO,7nx
RUA  PARAGUAI,7nx
RUA  PARAIBA,7nx
RUA  PARTA MARIA DO PATROCINIO DE JESUS,7nx
RUA  PASTOR CLEOMANES DE OLIVEIRA,7nx
RUA  PASTOR JONATHAS BARROS DE OLIVEIRA,7nx
RUA  PATRICIO DE ALMEIDA,7nx
RUA  PAULA TEIXEIRA  DE CARVALHO,7nx
RUA  PAULINO DOS SANTOS COELHO,7nx
RUA  PAULINO PINTO,7nx
RUA  PAULO ARAUJO OLIVEIRA,7nx
RUA  PAULO BATISTA DE ARAÚJO,7nx
RUA  PAULO BRAGA DOS SANTOS,7nx
RUA  PAULO CESAR MACHADO,7nx
RUA  PAULO COSTA LIMA,7nx
RUA  PAULO DA ROCHA BARRETO,7nx
RUA  PAULO DE MEDEIROS GOMES,7nx
RUA  PAULO FRANCA MARINHO,7nx
RUA  PAULO GOMES DE ALMEIDA,7nx
RUA  PAULO MATIAS GOMES,7nx
RUA  PAULO PACOTE FILHO,7nx
RUA  PAULO PEIXOTO DE VASCONCELOS,7nx
RUA  PAULO ROBERTO DE SOUZA ACYOLI,7nx
RUA  PAULO ROBERTO MOREIRA DA CUNHA,7nx
RUA  PAULO SOARES PEIXOTO,7nx
RUA  PAULO VIDAL MOREIRA DA SILVA,7nx
RUA  PAZ,7nx
RUA  PEDRO ALEXANDRE CABRAL,7nx
RUA  PEDRO ALVARES CABRAL,7nx
RUA  PEDRO ALVES DE ANDRADE,7nx
RUA  PEDRO ALVES SABINO,7nx
RUA  PEDRO ARAUJO,7nx
RUA  PEDRO BATISTA DE SOUZA,7nx
RUA  PEDRO DE LIMA PEREIRA,7nx
RUA  PEDRO FAUSTINO,7nx
RUA  PEDRO FERREIRA DE FREITAS,7nx
RUA  PEDRO FIRMINO DO NASCIMENTO,7nx
RUA  PEDRO FIUZA CHAVES,7nx
RUA  PEDRO FREIRE DE MENDONCA,7nx
RUA  PEDRO GUIMARES LEITE,7nx
RUA  PEDRO HENRIQUE ARAUJO,7nx
RUA  PEDRO IVO DE PAIVA,7nx
RUA  PEDRO JAIME SEIXAS,7nx
RUA  PEDRO JUSSELINO DE AQUINO,7nx
RUA  PEDRO LINS VIEIRA DE MELO,7nx
RUA  PEDRO MACEDO DE LIMA,7nx
RUA  PEDRO MARTINIANO DE BRITO,7nx
RUA  PEDRO MONTEVAL DE BRITO,7nx
RUA  PEDRO NARCISO CASTANHEIRA,7nx
RUA  PEDRO NEVES DA SILVA,7nx
RUA  PEDRO PATRICIO DE SOUZA,7nx
RUA  PEDRO PESSOA DE ARRUDA,7nx
RUA  PEDRO RAMOS COUTINHO,7nx
RUA  PEDRO SENA,7nx
RUA  PEDRO ULISSES,7nx
RUA  PEDRO VELHO,7nx
RUA  PENHA EMILIA DA SILVA,7nx
RUA  PERCIA VITORIO SERAFIM GALDINO,7nx
RUA  PEREGRINO DE CARVALHO,7nx
RUA  PEREIRA DA SILVA,7nx
RUA  PEREIRA PACHECO,7nx
RUA  PERILO DE OLIVEIRA,7nx
RUA  PERO VAZ DE CAMINHA,7nx
RUA  PESSEGO DO MATO,7nx
RUA  PETRARCA GRISI,7nx
RUA  PINHEIROS,7nx
RUA  PLACIDO DE AZEVEDO RIBEIRO,7nx
RUA  PLINIO ESPINOLA,7nx
RUA  POENTE,7nx
RUA  POETISA VIOLETA FORMIGA,7nx
RUA  PORFIRIO COSTA,7nx
RUA  PORFIRIO RIBEIRO,7nx
RUA  PORTO ALEGRE,7nx
RUA  PORTO DO CAPIM,7nx
RUA  PORTUGAL,7nx
RUA  POSSIDONIO LOURENCO ANDRADE SOBREIRA,7nx
RUA  PRAIA BELA,7nx
RUA  PRAIA DE GUARAPARI,7nx
RUA  PRAIA DE IRACEMA,7nx
RUA  PRAIA DE ITAPUA,7nx
RUA  PRAIA DE JACARAI,7nx
RUA  PRAIA DE JACUMA,7nx
RUA  PRAIA DE MUCURIPE,7nx
RUA  PRAIA DE PAJUSSARA,7nx
RUA  PRAIA DE PONTA NEGRA,7nx
RUA  PRAIA DE TAMBAU,7nx
RUA  PRAIA DO BESSA,7nx
RUA  PRAIA MANAIRA,7nx
RUA  PREF AIRTON PEREIRA DE MORAIS,7nx
RUA  PREF JOSE CAETANO DE BRITO,7nx
RUA  PROFA DARCY RIBEIRO,7nx
RUA  PROFA JOSEFA PEREIRA DE CARVALHO,7nx
RUA  PROFA MARIA JACIR PINTO COSTA,7nx
RUA  PSIC EMILENE RIBEIRO ARANHA DELL'OSBEL,7nx
RUA  QUATORZE DE JULHO,7nx
RUA  QUATRO DE OUTUBRO,7nx
RUA  QUINTINO BOCAIUVA,7nx
RUA  QUINZE DE NOVEMBRO,7nx
RUA  RAFAEL BARBOSA DE OLIVEIRA,7nx
RUA  RAFAEL CORREIA DE OLIVEIRA,7nx
RUA  RAFAEL DA SILVEIRA LIMA,7nx
RUA  RAFAEL DE FARIAS CASTRO,7nx
RUA  RAFAEL DE HOLANDA,7nx
RUA  RAIMUNDA GONZAGA DE SOUZA,7nx
RUA  RAIMUNDO ADEIZO RODRIGUES,7nx
RUA  RAIMUNDO ADOLFO,7nx
RUA  RAIMUNDO PORDEUS,7nx
RUA  RAIMUNDO ZOZIMO DE CARVALHO,7nx
RUA  RANDAL CAVALCANTE PIMENTEL,7nx
RUA  RANGEL TRAVASSOS,7nx
RUA  RANULFO CUNHA,7nx
RUA  RAUL CARVALHO,7nx
RUA  RAUL CORDULA,7nx
RUA  RAUL HENRIQUES DE SA,7nx
RUA  RECIFE,7nx
RUA  REGINA DE OLIVEIRA SILVA,7nx
RUA  REGINA FERREIRA DA SILVA,7nx
RUA  REGINALDO AMARAL MURIBECA,7nx
RUA  REINALDO TAVARES DE MELO,7nx
RUA  REJANE FREIRE CORREIA,7nx
RUA  REJANE INACIO SOARES DE   ALENCAR,7nx
RUA  RENATO BEZERRA DA SILVA JUNIOR,7nx
RUA  RENATO DE SOUZA MACIEL,7nx
RUA  RENATO RUBENS MORAIS,7nx
RUA  REPUBLICA,7nx
RUA  RIACHUELO,7nx
RUA  RICARDO ALBUQUERQUE CAMPOS,7nx
RUA  RICARDO ALVES DO NASCIMENTO,7nx
RUA  RICARDO ANTONIO JARDIM,7nx
RUA  RICARDO MARQUES DE SOUZA,7nx
RUA  RIO AMAZONAS,7nx
RUA  RIO JAGUARIBE,7nx
RUA  RIO JORDAO,7nx
RUA  RIO NILO,7nx
RUA  RIO PARAIBA,7nx
RUA  RIO SAO FRANCISCO,7nx
RUA  RISOLDO FERREIRA DE LIMA RIZZO,7nx
RUA  RITA CARNEIRO DINIZ,7nx
RUA  RITA DE ALENCAR CARVALHO LUNA,7nx
RUA  RITA DE MELO FERREIRA,7nx
RUA  RITA DUARTE DE LIMA,7nx
RUA  RITA PEREIRA DA SILVA,7nx
RUA  RITA SABINO DE ANDRADE,7nx
RUA  RITA XAVIER DE OLIVEIRA,7nx
RUA  RIVALDO DE VASCONCELOS,7nx
RUA  RIVIERA,7nx
RUA  ROBERTO CARLOS PESSOA,7nx
RUA  ROBERTO FRANCO DE OLIVEIRA,7nx
RUA  RODERICO TOSCANO DE BRITO,7nx
RUA  RODOLFO ESPINOLA,7nx
RUA  RODOLFO GALVAO,7nx
RUA  RODOPIANO FERREIRA DA NOBREGA,7nx
RUA  RODRIGO MEDEIROS NETO,7nx
RUA  RODRIGO PEREIRA ALMEIDA,7nx
RUA  RODRIGUES ALVES,7nx
RUA  RODRIGUES DA SILVA,7nx
RUA  RODRIGUES DE AQUINO,7nx
RUA  RODRIGUES DE CARVALHO,7nx
RUA  ROGERIO C DE OLIVEIRA,7nx
RUA  ROMEU DE AZEVEDO MENEZES,7nx
RUA  ROMEU RANGEL,7nx
RUA  ROMILDO CALDAS TAVARES,7nx
RUA  ROMUALDO BEZERRA DA SILVA,7nx
RUA  ROMULO CAMBOIM CAMARA,7nx
RUA  RONALDO ALVES DE TOLEDO,7nx
RUA  RONDONIA,7nx
RUA  ROQUE VICTO DE BARROS,7nx
RUA  ROSA ANTONIA DA CONCEIÇÃO QUIRINO,7nx
RUA  ROSA BORGES LIMA,7nx
RUA  ROSA CABRAL RABELO,7nx
RUA  ROSA DE FATIMA,7nx
RUA  ROSA DE LOURDES GUIMARAES,7nx
RUA  ROSA LIMA DOS SANTOS,7nx
RUA  ROSA MARIA JOSE DOS SANTOS,7nx
RUA  ROSA MISTICA,7nx
RUA  ROSA PAULA BARBOSA,7nx
RUA  ROSA SEBADELHE VALERIO DE SOUZA,7nx
RUA  ROSA XAVIER DE SA,7nx
RUA  ROSALINDA JUREMA,7nx
RUA  ROSARIO DI LORENZO,7nx
RUA  ROSEANE DE FATIMA CLEMENTE,7nx
RUA  ROSEMIRA RIBEIRO DE LIMA,7nx
RUA  ROSENDO NARCISO DOS SANTOS,7nx
RUA  ROSICLEIA LOPES DA SILVA,7nx
RUA  ROSIL LUCAS DA COSTA,7nx
RUA  ROSILDA GOMES FRAGOSO DE ALBUQUERQUE,7nx
RUA  ROSILDA VIEIRA DE AMORIM,7nx
RUA  RUBENS COELHO PEREIRA FILHO,7nx
RUA  RUI COSTA,7nx
RUA  RUSSIA,7nx
RUA  SA ANDRADE,7nx
RUA  SABINO CORREIA NETO,7nx
RUA  SAFFA SAID ABEL DA CUNHA,7nx
RUA  SAID ABEL,7nx
RUA  SALDANHA DA GAMA,7nx
RUA  SALVADOR ALBUQUERQUE,7nx
RUA  SALVADOR BATISTA DE MELO,7nx
RUA  SAMUEL ESTEVAO,7nx
RUA  SAMUEL SOUTO MAIOR,7nx
RUA  SAN TIAGO DE COMPOSTELA,7nx
RUA  SANDOVAL DE OLIVEIRA,7nx
RUA  SANDRA MARIA MACENA DE BRITO,7nx
RUA  SANTA ANA,7nx
RUA  SANTA CECILIANA,7nx
RUA  SANTA CLARA DE ASSIS,7nx
RUA  SANTA EMILIA DE RODAT,7nx
RUA  SANTA GERTRUDES,7nx
RUA  SANTA GORETH,7nx
RUA  SANTA INES,7nx
RUA  SANTA LUCIA,7nx
RUA  SANTA LUZIA,7nx
RUA  SANTA MARGARIDA,7nx
RUA  SANTA MARTA,7nx
RUA  SANTA MONICA,7nx
RUA  SANTA RITA,7nx
RUA  SANTA SOFIA,7nx
RUA  SANTA TEREZA,7nx
RUA  SANTA TEREZINHA,7nx
RUA  SANTO AMARO,7nx
RUA  SANTO ANTONIO,7nx
RUA  SANTO ELIAS,7nx
RUA  SANTO HERCULANO,7nx
RUA  SANTOS COELHO NETO,7nx
RUA  SANTOS DIAS,7nx
RUA  SAO BERNARDO,7nx
RUA  SAO CASSIMIRO,7nx
RUA  SAO CRISTOVAO,7nx
RUA  SAO ESTEVAM,7nx
RUA  SAO FIDELIS,7nx
RUA  SAO FRANCISCO DE ASSIS,7nx
RUA  SAO FRANCISCO XAVIER,7nx
RUA  SAO GEORGE,7nx
RUA  SAO GERALDO,7nx
RUA  SAO JOAO,7nx
RUA  SAO JOAO BATISTA,7nx
RUA  SAO JOAO MARIA VIANEY,7nx
RUA  SAO JORGE,7nx
RUA  SAO JOSE,7nx
RUA  SAO JOSE DA CRUZ,7nx
RUA  SAO LUCAS,7nx
RUA  SAO LUIZ,7nx
RUA  SAO MAMEDE,7nx
RUA  SAO MIGUEL,7nx
RUA  SAO MIGUEL ARCANJO,7nx
RUA  SAO MISAEL,7nx
RUA  SAO PEDRO,7nx
RUA  SAO SALVADOR,7nx
RUA  SAO SEBASTIAO,7nx
RUA  SAO SEVERINO,7nx
RUA  SAO VICENTE,7nx
RUA  SAUDADE,7nx
RUA  SAUL SEBASTIAO BEZERRA,7nx
RUA  SEBASTIANA ANTONIA GOMES,7nx
RUA  SEBASTIANA SILVA DOS SANTOS,7nx
RUA  SEBASTIAO AVELINO DA ROCHA,7nx
RUA  SEBASTIAO BARBOSA DE LACERDA,7nx
RUA  SEBASTIAO CESAR PAREDES,7nx
RUA  SEBASTIAO DA SILVA LEAL,7nx
RUA  SEBASTIAO FRANCISCO MADRUGA,7nx
RUA  SEBASTIAO FREIRE DE ARAUJO,7nx
RUA  SEBASTIAO OLIVEIRA LIMA,7nx
RUA  SEBASTIAO Q DE CARVALHO,7nx
RUA  SEBASTIAO TENORIO,7nx
RUA  SEGISMUNDO GUEDES PEREIRA NETO,7nx
RUA  SEIS DE DEZEMBRO,7nx
RUA  SELEIDA A FERREIRA,7nx
RUA  SEM NOME 2987,7nx
RUA  SEM NOME 4580,7nx
RUA  SEM NOME 4587,7nx
RUA  SEM NOME 4774,7nx
RUA  SEM NOME 4877,7nx
RUA  SEM NOME 4892,7nx
RUA  SEM NOME 4957,7nx
RUA  SEM NOME 4965,7nx
RUA  SEM NOME 4974,7nx
RUA  SEM NOME 5144,7nx
RUA  SEM NOME 5155,7nx
RUA  SEM NOME 5191,7nx
RUA  SEM NOME 5192,7nx
RUA  SEM NOME 5219,7nx
RUA  SEM NOME 5236,7nx
RUA  SEM NOME 5237,7nx
RUA  SEM NOME 5238,7nx
RUA  SEM NOME 5239,7nx
RUA  SEM NOME 5240,7nx
RUA  SEM NOME 5241,7nx
RUA  SEM NOME 5246,7nx
RUA  SEM NOME 5398,7nx
RUA  SEM NOME 5417,7nx
RUA  SEM NOME 5426,7nx
RUA  SEM NOME 5454,7nx
RUA  SEM NOME 5456,7nx
RUA  SEM NOME 5471,7nx
RUA  SEM NOME 5504,7nx
RUA  SEM NOME 5505,7nx
RUA  SEM NOME 5570,7nx
RUA  SEM NOME 5703,7nx
RUA  SEM NOME 5721,7nx
RUA  SEM NOME 5764,7nx
RUA  SEM NOME 5767,7nx
RUA  SEM NOME 5805,7nx
RUA  SEM NOME 5884,7nx
RUA  SEM NOME 5894,7nx
RUA  SEM NOME 5903,7nx
RUA  SEM NOME 5904,7nx
RUA  SEM NOME 5905,7nx
RUA  SEM NOME 5929,7nx
RUA  SEM NOME 5930,7nx
RUA  SEM NOME 5973,7nx
RUA  SEM NOME 6019,7nx
RUA  SEM NOME 6138,7nx
RUA  SEM NOME 7352,7nx
RUA  SEM NOME 7353,7nx
RUA  SEM NOME 7358,7nx
RUA  SEM NOME 7359,7nx
RUA  SEM NOME 7360,7nx
RUA  SEM NOME 7361,7nx
RUA  SEM NOME 7362,7nx
RUA  SEM NOME 7364,7nx
RUA  SEM NOME 7365,7nx
RUA  SEM NOME 7756,7nx
RUA  SEM NOME 7768,7nx
RUA  SEM NOME 7769,7nx
RUA  SEM NOME 7771,7nx
RUA  SEM NOME 7773,7nx
RUA  SEM NOME 7774,7nx
RUA  SEM NOME 7775,7nx
RUA  SEM NOME 7781,7nx
RUA  SEM NOME 7782,7nx
RUA  SENHOR DOS PASSOS,7nx
RUA  SERAFICO DA NOBREGA,7nx
RUA  SERGIO GOMES VIEIRA,7nx
RUA  SERGIO JARDELINO DE AZEVEDO,7nx
RUA  SERGIO MEIRA,7nx
RUA  SERINGUEIRAS,7nx
RUA  SESON DAS CHAGAS GOULART,7nx
RUA  SETE DE SETEMBRO,7nx
RUA  SEVERINA ALVES DE LIMA,7nx
RUA  SEVERINA BEZERRA DA SILVA,7nx
RUA  SEVERINA CESAR PESSOA DE ARAUJO,7nx
RUA  SEVERINA CRISPIM VERAS,7nx
RUA  SEVERINA FAUSTINO,7nx
RUA  SEVERINA FERREIRA,7nx
RUA  SEVERINA MARIA DA CONCEIÇÃO,7nx
RUA  SEVERINA MARIA DA SILVA,7nx
RUA  SEVERINA MARIA VASCONCELOS DE CARVALHO,7nx
RUA  SEVERINA MARTINS DE OLIVEIRA,7nx
RUA  SEVERINA MIRANDA FERRAZ,7nx
RUA  SEVERINA PACIFICO DA SILVA,7nx
RUA  SEVERINA PEREIRA ROCHA,7nx
RUA  SEVERINA PORDEUS,7nx
RUA  SEVERINA VIANA BATISTA,7nx
RUA  SEVERINA VICENTE PEREIRA,7nx
RUA  SEVERINO ALBUQUERQUE LUCENA,7nx
RUA  SEVERINO ALEIXO DA SILVA,7nx
RUA  SEVERINO ANTONIO DE SOUZA,7nx
RUA  SEVERINO ATAIDE CANDIDO,7nx
RUA  SEVERINO BARBOSA DE SOUZA,7nx
RUA  SEVERINO BENTO DE MORAIS,7nx
RUA  SEVERINO BEZERRA DOS SANTOS,7nx
RUA  SEVERINO CÂNDIDO DA SILVA,7nx
RUA  SEVERINO DE MENEZES LIRA,7nx
RUA  SEVERINO DOMINGOS DE CASTRO,7nx
RUA  SEVERINO DOS RAMOS,7nx
RUA  SEVERINO FELICIANO DA SILVA,7nx
RUA  SEVERINO FERREIRA DE SOUZA,7nx
RUA  SEVERINO FERREIRA NOBREGA,7nx
RUA  SEVERINO LEOPOLDINO URTIGA,7nx
RUA  SEVERINO LINHARES PORDEUS,7nx
RUA  SEVERINO MACENA DANTAS,7nx
RUA  SEVERINO MANOEL  DA SILVA,7nx
RUA  SEVERINO NERY MEDEIROS,7nx
RUA  SEVERINO NICACIO DA SILVA,7nx
RUA  SEVERINO NUNES CORREIA,7nx
RUA  SEVERINO PATRICIO DA SILVA,7nx
RUA  SEVERINO PEREIRA DA SILVA,7nx
RUA  SEVERINO PEREIRA DE ARAUJO,7nx
RUA  SEVERINO PEREIRA DOS SANTOS,7nx
RUA  SEVERINO RAMOS LINS,7nx
RUA  SEVERINO SERRANO DE ANDRADE,7nx
RUA  SEVERINO TEIXEIRA DE CASTRO,7nx
RUA  SEVERINO TOSCANO DE BRITO,7nx
RUA  SEVERINO VIANA DE LIMA,7nx
RUA  SEVERINO XAVIER DE SOUZA,7nx
RUA  SIDNEY CLEMENTE DORE,7nx
RUA  SILVA JARDIM,7nx
RUA  SILVA RAMOS,7nx
RUA  SILVIA BEZERRA GUEDES,7nx
RUA  SILVINHA CARDOSO MOREIRA,7nx
RUA  SILVINO FRANCO DE OLIVEIRA,7nx
RUA  SILVINO MONTENEGRO,7nx
RUA  SILVINO OLAVO,7nx
RUA  SILVINO SANTOS,7nx
RUA  SILVINO XAVIER PIMENTEL,7nx
RUA  SILVIO ALMEIDA,7nx
RUA  SILVIO COELHO DE ALVERGA,7nx
RUA  SIMONE PEREIRA SOUTO,7nx
RUA  SINDA FELIX DE LIMA,7nx
RUA  SINDOLFO GONCALVES CHAVES,7nx
RUA  SINDOLFO MELO,7nx
RUA  SIQUEIRA CAMPOS,7nx
RUA  SOLIDELANE DE FATIMA MONTEIRO,7nx
RUA  SOLON MACHADO,7nx
RUA  STEPHENSON ARARIPE PITA,7nx
RUA  SUECIA,7nx
RUA  SUELY FARIAS,7nx
RUA  SUERDA PACOTE,7nx
RUA  SUZETE TAVARES,7nx
RUA  SUZY LACERDA,7nx
"RUA  TAMBOR, DO",7nx
RUA  TARCILIA BARBOSA FRANCA,7nx
RUA  TARCISIO DE MIRANDA BURITY,7nx
RUA  TARCISIO RIBEIRO DA COSTA,7nx
RUA  TARGINO MARQUES,7nx
RUA  TARGINO VIRGOLINO DA SILVA,7nx
RUA  TAVARES CAVALCANTE,7nx
RUA  TEIXEIRA DE FREITAS,7nx
RUA  TEN FREDERICO CARLOS JACOB JUNIOR,7nx
RUA  TEODOSIO OLIVEIRA LEDO,7nx
RUA  TERESINA,7nx
RUA  TERESINHA BATISTA DE OLIVEIRA,7nx
RUA  TEREZA  MEIRELES GOMES,7nx
RUA  TEREZA ALVES DA SILVA BARBOSA,7nx
RUA  TEREZA DA COSTA SILVA,7nx
RUA  TEREZINHA CARVALHO BAPTISTA,7nx
RUA  TEREZINHA CARVALHO COSTA,7nx
RUA  TEREZINHA DE MEDEIROS DANTAS SOUZA,7nx
RUA  TEREZINHA FERREIRA DE LIMA,7nx
RUA  TEREZINHA FERREIRA PATRICIO,7nx
RUA  TEREZINHA NAVARRO LIMA,7nx
RUA  TERTULIANO  CASTRO,7nx
RUA  TERTULIANO CRISPINIANO MATA,7nx
RUA  TERTULIANO FRANCISCO FIGUEIREDO,7nx
RUA  TERTULIANO TAVARES ARAUJO,7nx
RUA  TERTULINA GONCALVES DE LIMA,7nx
RUA  THEMISTOCLES DA COSTA BRITO,7nx
RUA  THEREZA MARCIONILA DA CONCEICAO,7nx
RUA  TIBURCIO MIGUEL DA SILVA,7nx
RUA  TIRADENTES,7nx
RUA  TITO SILVA,7nx
RUA  TOBIAS MONTEIRO,7nx
RUA  TOLENTINO DE ALCANTARA LIRA,7nx
RUA  TOME DE SOUZA,7nx
RUA  TONY CÁSSIO RODRIGUES ESTRELA,7nx
RUA  TRAJANO LOPES DE SOUZA,7nx
RUA  TRES LAGOAS,7nx
RUA  TREZE DE MAIO,7nx
RUA  TRINCHEIRAS,7nx
RUA  TRINDADE,7nx
RUA  TRINTA DE SETEMBRO,7nx
RUA  TRINTA E UM DE MARCO,7nx
RUA  TUBAL DA SILVA BRANDAO,7nx
RUA  UBALDO COELHO CHIANCA,7nx
RUA  UBIRAJARA TARGINO BOTTO,7nx
RUA  ULISSES MARQUES,7nx
RUA  ULRICO OLIVEIRA CAVALCANTI,7nx
RUA  UNIV MARCONI RODRIGUES FREIRE,7nx
RUA  URUGUAI,7nx
RUA  VALDECI ORTINS DIAS,7nx
RUA  VALDEMAR CHIANCA,7nx
RUA  VALDEMAR FELIPE DOS SANTOS,7nx
RUA  VALDEMAR FELIX DOS SANTOS,7nx
RUA  VALDEMAR HENRIQUE DA SILVA,7nx
RUA  VALDEMAR PROCOPIO DE SOUTO,7nx
RUA  VALDEREZ ANDRADE,7nx
RUA  VALDIR EVANGELISTA DOS SANTOS,7nx
RUA  VALDOMIRO FIGUEIREDO DE SOUZA,7nx
RUA  VALE DOS LIRIOS,7nx
RUA  VALENCIO LINS DE MENDONCA,7nx
RUA  VALFRIDO RAMOS DA SILVA,7nx
RUA  VALTER BORGES STUCKER,7nx
RUA  VANJA VIANA SALLES,7nx
RUA  VENANCIO FERREIRA RAMALHO,7nx
RUA  VENANCIO VITAL DA SILVA,7nx
RUA  VENEZUELA,7nx
RUA  VEREADOR JOSE FRANCISCO DE FIGUEIREDO,7nx
RUA  VICENCIA LIANZA,7nx
RUA  VICENTE BARBOSA DOS SANTOS,7nx
RUA  VICENTE CELESTINO,7nx
RUA  VICENTE COSTA FILHO,7nx
RUA  VICENTE COZZA,7nx
RUA  VICENTE DOS SANTOS,7nx
RUA  VICENTE IELPO,7nx
RUA  VICENTE JARDIM,7nx
RUA  VICENTE LUCAS BORGES,7nx
RUA  VICENTINA LEITE DA SILVA,7nx
RUA  VICTOR HANIERE SOARES GUIMARAES,7nx
RUA  VILA LUCILA,7nx
RUA  VILAS BOAS,7nx
RUA  VILMA BRITO RIBEIRO,7nx
RUA  VINTE OITO DE SETEMBRO,7nx
RUA  VIRGINIA MARIA DE OLIVEIRA,7nx
RUA  VITALINO BARBOSA DE ALBUQUERQUE,7nx
RUA  VITORIA,7nx
RUA  VITORINO JORGE DE SOUZA,7nx
RUA  VIVALDO ALVES COSTA,7nx
RUA  WALDEMAR DE OLIVEIRA LEITE,7nx
RUA  WALDEMAR DORNELAS DOS SANTOS,7nx
RUA  WALDEMAR SANTIAGO DE OLIVEIRA,7nx
RUA  WALDEMIR BRAGA,7nx
RUA  WALDIR BRAGA,7nx
RUA  WALDIR DE LIMA BRANDAO,7nx
RUA  WALFREDO GOMES CORREIA,7nx
RUA  WALFREDO GUEDES PEREIRA SOBRINHO,7nx
RUA  WALFREDO MACEDO BRANDAO,7nx
RUA  WALFREDO MELO,7nx
RUA  WALTER FERNANDES BRANDAO,7nx
RUA  WALTER TARCISIO PINHEIRO DE FARIAS,7nx
RUA  WANDERLEY XAVIER,7nx
RUA  WASHINGTON DE MOURA CAHINO,7nx
RUA  WELLINGTON JOSE DE SOUZA,7nx
RUA  WILBERTO MENDES DE PONTES,7nx
RUA  WILSON CAMBOIM CAMARA,7nx
RUA  WILTON GUEDES DE ANDRADE,7nx
RUA  YOLE ELOI DE MEDEIROS,7nx
RUA  YSABEL ESCALABRI,7nx
RUA  ZEFERINO VIEIRA DA SILVA,7nx
RUA  ZELIA DE OLIVEIRA FARIAS,7nx
RUA  ZILDA NUNES DA SILVA,7nx
RUA  ZITA LACERDA NERY,7nx
RUA  ZITA MARIA CARNEIRO CABRAL,7nx
RUA  ZORILDA SANTOS CAVALCANTI,7nx
RUA  ZOROASTO FERREIRA DE  MENDONCA,7nx
RUA  ZULMIRA DE NOVAIS,7nx
RUA  ZULMIRA FELIX CARVALHO,7nx
RUA  ZULY LACERDA,7nx
RUA  ÍTALO FELIPE GOMES DA SILVA,7nx
RUA 13 DE DEZEMBRO,7nx
RUA 15 DE JANEIRO,7nx
RUA 18 DE DEZEMBRO,7nx
RUA 18 DE JULHO,7nx
RUA 24 DE DEZEMBRO,7nx
RUA 28 DE NOVEMBRO,7nx
RUA A. SOC DIONE FILGUEIRA DE VASCONCELOS,7nx
RUA ABDIAS ABDON DE ARAUJO,7nx
RUA ABDIAS MONTEIRO DE FARIAS,7nx
RUA ABEL SOARES DE LIMA,7nx
RUA ABELARDO DA SILVA GUMARAES BARRETO,7nx
RUA ABELARDO PEREIRA DOS SANTOS,7nx
RUA ABILIO TEIXEIRA VASCONCELOS,7nx
RUA ACAD ALUISIO ALBERTO SOUZA SOBREIRA,7nx
RUA ACASSIO JOSE DA SILVA,7nx
RUA ACEROLAS,7nx
RUA ADAILSON DA SILVA NUNES,7nx
RUA ADALBERTO DA SILVA CASTRO,7nx
RUA ADALBERTO PEIXOTO DE VASCONCELOS,7nx
RUA ADALGISA DE LUNA SOBREIRA,7nx
RUA ADALGISA TARGINO DA SILVA,7nx
RUA ADAO VIANNA DA ROSA,7nx
RUA ADAUTO FRANCISCO DA SILVA,7nx
RUA ADELMAR VINAGRE RÉGIS,7nx
RUA ADEMAR BEZERRA MEDEIROS,7nx
RUA ADEMAR JOAQUIM DE CASTRO,7nx
RUA ADEMAR NAZIAZENE,7nx
RUA ADERALDO PEREIRA DO NASCIMENTO,7nx
RUA ADM IDEVALDO VERAS BARRETO,7nx
RUA ADM JOSE SILVA PERRUCI,7nx
RUA ADOMIS SILVA,7nx
RUA ADRIANO JORGE CAVALCANTI RIBEIRO,7nx
RUA ADRIANO LOPES MONTEIRO,7nx
RUA ADRIANO ZENAIDE FILHO,7nx
RUA ADRUALDO GUEDES ALCOFORADO,7nx
RUA ADV CLEANTO PINTO,7nx
RUA ADV NIZI MARINHEIRO,7nx
RUA ADÉLIA OLIVEIRA DE ANDRADE,7nx
RUA AFEGANISTÃO,7nx
RUA AFONSO BARBOZA DE OLIVEIRA,7nx
RUA AFONSO VIANA,7nx
RUA AFRICA,7nx
RUA AFRICA DO SUL,7nx
RUA AG ADM LEONARDO CERQUEIRA CASTRO,7nx
RUA AG FIS AMADEU DE CASTRO,7nx
RUA AG FIS DJALMA GOMES DA SILVA,7nx
RUA AG FIS JOSE BARBOSA FILHO,7nx
RUA AG FIS JOSE COSTA DUARTE,7nx
RUA AG FIS OTAVIO LEOPOLDINO MACHADO,7nx
RUA AG FIS PAULO ASSIS,7nx
RUA AG FIS ULRICO JOSE DE MAGALHAES,7nx
RUA AG FIS WALFREDO BEZERRA DA SILVEIRA,7nx
RUA AGENOR FELIPE DE MORAIS,7nx
RUA AGENOR PINHEIRO DA SILVA,7nx
RUA AGENT FISCAL HERACLITO RIBEIRO DOS SANTOS,7nx
RUA AGILDO RODRIGUES FERREIRA,7nx
RUA AGOSTINHO FONSECA NETO,7nx
RUA AGR ALMERINDO LUIZ DA SILVA,7nx
RUA AGR ANTÔNIO TOMAZ DA SILVA,7nx
RUA AGR GILMAR EVARISTO DA SILVA,7nx
RUA AGR INACIO SOARES DE PONTES,7nx
RUA AGR JOAO CANDIDO BATISTA,7nx
RUA AGR JOSÉ JOAQUIM DO NASCIMENTO,7nx
RUA AGR MANOEL DELGADO DE AGUIAR,7nx
RUA AGR MANOEL HORÁCIO DE LIMA,7nx
RUA AGR MANOEL SOARES DA SILVA,7nx
RUA AGR MATIAS DE OLIVEIRA FILHO,7nx
RUA AGR RAIMUNDO BERTO,7nx
RUA AGR SEVERINO EVARISTO DE SOUZA,7nx
RUA AGR SEVERINO MARCOLINO EVANGELISTA,7nx
RUA AGR SEVERINO MIGUEL DA SILVA,7nx
RUA AGR VALDEMIRO FERNANDES MAIA,7nx
RUA AGRIC ANTONIO XAVIER DA SILVA,7nx
RUA AGRIC CELSO DANTAS,7nx
RUA AGRIC MARIA GOMES PEREIRA,7nx
RUA AGRIC OTÁVIO ROMÃO DE ARAÚJO,7nx
RUA AGROP SINDIO FIGUEIREDO,7nx
RUA AGU RODRIGUES DOS SANTOS,7nx
RUA AILTON MEDEIROS DE MORAIS,7nx
RUA AIZA BARROS DE SOUZA,7nx
RUA ALAYDE BATISTA DE AZEVEDO,7nx
RUA ALAÔR GOMES DE SÁ FILHO,7nx
RUA ALBERTINO ALFREDO ARAÚJO FILHO,7nx
RUA ALBERTO CASSIANO COUTINHO,7nx
RUA ALBERTO DE MIRANDA HENRIQUES,7nx
RUA ALBERTO JORGE RUFFO,7nx
RUA ALCIDES RIBEIRO DA SILVA,7nx
RUA ALDAIR RODRIGUES GOMES,7nx
RUA ALDÍZIO PEREIRA URTIGA,7nx
RUA ALECSANDRO VALENTIM DA SILVA,7nx
RUA ALEXANDRE RAMALHO,7nx
RUA ALEXANDRE TEIXEIRA DE CARVALHO,7nx
RUA ALEXANDRINA XAVIER PEIXOTO DE VASCONCELOS,7nx
RUA ALEXANDRINO D DA SILVA NETO,7nx
RUA ALEXSANDRO FERREIRA NARCIZO,7nx
RUA ALF SEVERINO DIAS DE BRITO,7nx
RUA ALFREDO MENEZES DE SOUZA,7nx
RUA ALFREDO PEREIRA DE ALMEIDA,7nx
"RUA ALGAROBAS, DAS",7nx
RUA ALGODÃO DA PRAIA,7nx
RUA ALICE CAVALCANTE VIANNA,7nx
RUA ALICE MARIA ARAUJO DE ALBUQUERQUE,7nx
RUA ALINA SARAIVA DE OLIVEIRA,7nx
RUA ALINE BERNARDO DA SILVA,7nx
RUA ALINE GOMES DE ARAUJO,7nx
RUA ALMERINDA VIEIRA DA SILVA,7nx
RUA ALMIRO VITO DA SILVA,7nx
RUA ALTEMAR DUTRA,7nx
RUA ALUISIO DE MOURA,7nx
RUA ALUISIO PEREIRA DE CARVALHO,7nx
RUA ALUIZIA LEONARDO DOS SANTOS,7nx
RUA ALVARO C B DA SILVA,7nx
RUA ALZIRA COUTINHO DE ARAUJO,7nx
RUA ALZIRA DE FIGUEIREDO JACINTO,7nx
RUA ALZIRA LUZIA CONCEIÇÃO DA SILVA,7nx
RUA AMANCIO JOAO DOS SANTOS,7nx
RUA AMARO BEZERRA,7nx
RUA AMARO COUTINHO,7nx
RUA AMAURY GOMES DE SÁ,7nx
RUA AMAZILE DA SILVA,7nx
RUA AMBROSIO VITRINO PONTES,7nx
RUA AMBROZINA SOARES DOS SANTOS,7nx
RUA AMBROZIO RODRIGUES DE SOUZA,7nx
RUA AMELIO CARNEIRO,7nx
RUA ANA ALVES CHAVES,7nx
RUA ANA AMELIA DE SOUSA PEREIRA,7nx
RUA ANA CAVALCANTI DE ALBUQUERQUE TEIXEIRA LIMA,7nx
RUA ANA DE FATIMA GAMA CABRAL,7nx
RUA ANA GOMES SOARES,7nx
RUA ANA LEAL RAMOS,7nx
RUA ANA LUCIA DE SOUZA SANTOS,7nx
RUA ANAIDE MARIA DE SANTANA,7nx
RUA ANALICE MOURA UCHOA,7nx
RUA ANALICE PEREIRA DOS SANTOS,7nx
RUA ANANIAS LIMA DOS SANTOS,7nx
RUA ANDERSON FREIRE DE LIMA,7nx
RUA ANDERSON MELO RODRIGUES,7nx
RUA ANDRÉ CÁSSIO MARQUES PEREIRA,7nx
RUA ANDRÉA RUFFO,7nx
RUA ANESIO COELHO PEREIRA,7nx
RUA ANG FISC PAULO DE AQUINO MENDONÇA,7nx
RUA ANGOLA,7nx
RUA ANISIA PEREIRA DA SILVA,7nx
RUA ANITA COSTA COLAÇO,7nx
RUA ANITA DONATO ALEXANDRE,7nx
RUA ANITA GARIBALDI,7nx
RUA ANTENOR FELIPE DE MORAIS,7nx
RUA ANTONIA ALVES DE SOUZA,7nx
RUA ANTONIA BEZERRA DAS CHAGAS,7nx
RUA ANTONIA DA SILVA COSTA,7nx
RUA ANTONIA DAVINA DE CARVALHO,7nx
RUA ANTONIA JOSEFA DA CONCEIÇÃO,7nx
RUA ANTONIA MARTINS DOS SANTOS,7nx
RUA ANTONIA PAULINA PEREIRA,7nx
RUA ANTONIA ZULEIDE DE CARVALHO SOARES,7nx
RUA ANTONIETTA SATYRO,7nx
RUA ANTONIO ALEIXO DE AZEVEDO,7nx
RUA ANTONIO ALVES DE LIMA,7nx
RUA ANTONIO ANASTACIO PEREIRA,7nx
RUA ANTONIO ANDRÉ DE ARAÚJO,7nx
RUA ANTONIO ANTUNES DE LIMA,7nx
RUA ANTONIO ARNAUD DE MELO,7nx
RUA ANTONIO BATISTA DA SILVA,7nx
RUA ANTONIO CAMPOS DA SILVA,7nx
RUA ANTONIO CARLOS ESCOREL DE ALMEIDA,7nx
RUA ANTONIO CARLOS PEREIRA DA SILVA,7nx
RUA ANTONIO DE PADUA,7nx
RUA ANTONIO DE PÁDUA NEVES DE MELO,7nx
RUA ANTONIO ERNESTO DA SILVA,7nx
RUA ANTONIO EUFLAUSINO DOS SANTOS,7nx
RUA ANTONIO FILHO,7nx
RUA ANTONIO FIRMINO DE MACEDO,7nx
RUA ANTONIO GOMES BANDEIRA,7nx
RUA ANTONIO GOMES DE CARVALHO,7nx
RUA ANTONIO GUIMARÃES MACHADO,7nx
RUA ANTONIO IBRAILDO DE ARAÚJO,7nx
RUA ANTONIO IZAIAS DA COSTA,7nx
RUA ANTONIO JOSE CATANAO,7nx
RUA ANTONIO JOSE DE LIMA,7nx
RUA ANTONIO JOSE DE MORAIS,7nx
RUA ANTONIO JOSE MOREIRA,7nx
RUA ANTONIO LACERDA DE LIMA,7nx
RUA ANTONIO MARINHO CORREIA,7nx
RUA ANTONIO MARQUES DE SOUZA,7nx
RUA ANTONIO MOREIRA DA SILVA,7nx
RUA ANTONIO PADRE DAS FLORES,7nx
RUA ANTONIO PEREIRA DA PAIXAO,7nx
RUA ANTONIO PEREIRA DE CASTRO,7nx
RUA ANTONIO PEREIRA DOS SANTOS,7nx
RUA ANTONIO PEREIRA FILHO,7nx
RUA ANTONIO PORTO VIANA,7nx
RUA ANTONIO PÁDUA DE VASCONCELOS,7nx
RUA ANTONIO RIBEIRO,7nx
RUA ANTONIO SALES,7nx
RUA ANTONIO SILVINO DA SILVA,7nx
RUA ANTONIO SIMOES LOPES,7nx
RUA ANTONIO SOARES NUTO,7nx
RUA ANTONIO TELES,7nx
RUA ANTONIO TEÓFILO PEREIRA,7nx
RUA ANTONIO WALLER DE ARAÚJO,7nx
RUA ANTÔNIO ALVES DA CUNHA,7nx
RUA ANTÔNIO AZEVEDO BRASILINO,7nx
RUA ANTÔNIO AZEVEDO SOBRINHO,7nx
RUA ANTÔNIO BARROS DE SOUSA DINIZ,7nx
RUA ANTÔNIO BATISTA DE LIMA,7nx
RUA ANTÔNIO CARNEIRO DE PAIVA,7nx
RUA ANTÔNIO DA CUNHA FILHO,7nx
RUA ANTÔNIO DE MELO FONSÊCA,7nx
RUA ANTÔNIO ELIZIÁRIO NÓBREGA,7nx
RUA ANTÔNIO FERNANDES,7nx
RUA ANTÔNIO FERNANDES DE ALMEIDA,7nx
RUA ANTÔNIO FRANCISCO DE CARVALHO,7nx
RUA ANTÔNIO JOSÉ DA SILVA,7nx
RUA ANTÔNIO LADISLAU DA SILVA,7nx
RUA ANTÔNIO LEITE DE FIGUEIREDO,7nx
RUA ANTÔNIO LUIZ DO NASCIMENTO,7nx
RUA ANTÔNIO PAIVA,7nx
RUA ANTÔNIO ROBERTO DUARTE DE LIMA,7nx
RUA ANTÔNIO RODRIGUES GOMES,7nx
RUA ANTÔNIO SOBRAL DOS SANTOS,7nx
RUA ANTÕNIO JOSÉ DO NASCIMENTO,7nx
RUA APOLONIO SALES MIRANDA,7nx
RUA APOS ABDIAS SABINO DE FREITAS,7nx
RUA APOS ABEL ODILON PAULO,7nx
RUA APOS ALAIR CAVALCANTI DA SILVEIRA,7nx
RUA APOS ALBERTINA CABRAL DANTAS,7nx
RUA APOS ALICE JOSEFA DA CONCEIÇÃO,7nx
RUA APOS ANTONIO RODRIGUES DA SILVA,7nx
RUA APOS BENEDITO MANOEL INÁCIO,7nx
RUA APOS CECÍLIA AUTA DE OLIVEIRA,7nx
RUA APOS CLAUDIO DE SANTANA,7nx
RUA APOS CLOTILDES MARIA DA CONCEIÇÃO,7nx
RUA APOS ETELVINA ALVES DE OLIVEIRA,7nx
RUA APOS EUCLIDES DE LIMA,7nx
RUA APOS FRANCISCO LAURIANO DA SILVA,7nx
RUA APOS HORÁCIO LUIZ PERREIRA DA SILVA,7nx
RUA APOS JOAO FRANCISCO DOS SANTOS,7nx
RUA APOS JOSEFA FREIRES DO RAMO,7nx
RUA APOS JOSEFA MESQUITA DA SILVA,7nx
RUA APOS JOSÉ ALVES DA SILVA,7nx
RUA APOS JOÃO FRANCISCO DE LIRA,7nx
RUA APOS JUVENTINA FRANCISCA DE ANDRADE,7nx
RUA APOS LAÉRCIO XAVIER DE ANDRADE,7nx
RUA APOS MANOEL DE FREITAS,7nx
RUA APOS MANOEL JUSTINO DE LIMA,7nx
RUA APOS MANOEL ZEFERINO FILHO,7nx
RUA APOS MARIA DE LIMA FIDELIS,7nx
RUA APOS MARIA DO CARMO GUEDES DE LIMA,7nx
RUA APOS MARINA DE OLIVEIRA MAIA,7nx
RUA APOS RITA GAUDENCIO GOMES,7nx
RUA APOS SEVERINA XAVIER DE CARVALHO,7nx
RUA APOSEN SEVERINO NUNES,7nx
RUA APOSENT LUIZ LEONARDO DA SILVA,7nx
RUA APOSENTADA MARIA DA SILVA DOMINGUES,7nx
RUA AQUILES VITTA,7nx
RUA ARABIA,7nx
RUA ARACY RODRIGUES MOURA,7nx
RUA ARAUCÁRIA,7nx
RUA ARGELIA,7nx
RUA ARGEMIRA GOMES ARRUDA,7nx
RUA ARGENTINA DE LIMA PAREDES,7nx
RUA ARIMAR DE LUNA FREIRE,7nx
RUA ARIOSVALDO ALVES DE AZEVEDO,7nx
RUA ARISTIDES MADUREIRA BARROS,7nx
RUA ARISTIDES NUNES DA COSTA,7nx
RUA ARISTÓTELES DE ALMEIDA LACERDA,7nx
RUA ARLIQUILINO PEREIRA CAVALCANTI,7nx
RUA ARMANDO FREIRE DA SILVA,7nx
RUA ARMANDO SEVERINO DA SILVA,7nx
RUA ARNALDO CAMPELO,7nx
RUA ARNALDO LEITE,7nx
RUA ARNAUD PEREIRA DE LIMA,7nx
RUA ARQ HENRIQUE DI LASCIO,7nx
RUA ARQ HERMENEGILDO DI LASCIO,7nx
RUA ARQUELUZE PONTES DA SILVA,7nx
RUA ARQUIV JONATHAS CARECAS,7nx
RUA ARRAIAL DO BONFIM,7nx
RUA ARRISON CARLOS BORGES COSTA,7nx
RUA ARSENIO MANGUEIRA DA COSTA,7nx
RUA ART PL PERCY MANOEL FRAGOSO,7nx
RUA ARTIF PEDRO MARCOS DE SOUZA,7nx
RUA ARTUR ATAIDE,7nx
RUA ARTUR DOS SANTOS GOMES,7nx
RUA ARTUR FERNANDES DA SILVA,7nx
RUA ARTUR GAMA DE OLIVEIRA,7nx
RUA ARTUR VILHENA DE CARVALHO,7nx
RUA ASA BRANCA,7nx
RUA ASP JOSE EVANDRO DE VASCONCELOS,7nx
RUA ASP LUIZ PAULO PEREIRA FERREIRA,7nx
RUA ASS SOCIAL MARIA DA PENHA RIBEIRO DE LIMA,7nx
RUA ASSIS FERREIRA DE LIMA,7nx
RUA ATHAYDE CARNEIRO DE ARAÚJO,7nx
RUA ATLETA JOSÉ DE CARVALHO DA CUNHA JÚNIOR,7nx
RUA ATÍLIO LUIZ ROTTA,7nx
RUA AUTA DE LUNA FREIRE,7nx
RUA AUTO DA COMPADECIDA,7nx
RUA AUTO DE JOAO DA CRUZ,7nx
RUA AVI ROBERTO MARQUES,7nx
RUA AVIADOR MÁRIO VIEIRA DE MELO,7nx
RUA AYRTON MARTINS DA SILVA,7nx
RUA AYRTON SENNA DA SILVA,7nx
RUA BABOSA BRANCA,7nx
RUA BAIL ESPECIAL TUDY MASSA,7nx
RUA BALBINA MARIA FERREIRA,7nx
RUA BAN AMAURY DE SOUZA,7nx
RUA BAN ANTONIO MACAU,7nx
RUA BAN ANÍBAL PEIXOTO,7nx
RUA BAN AYLSIO JOSE DA SILVA,7nx
RUA BAN CLOVIS MORENO GONDIM,7nx
RUA BAN ELIAS FELICIANO MADRUGA,7nx
RUA BAN ERNANE VILAR CAVALCANTE,7nx
RUA BAN FRANCISCO MENDES SOBREIRA,7nx
RUA BAN JOSE ALEXANDRE DE FARIAS,7nx
RUA BAN JOSE ESPINOLA GUEDES,7nx
RUA BAN JOSE GALDINO  DA COSTA,7nx
RUA BAN JOSIAS LOPES BRAGA,7nx
RUA BAN LUIZ PRIMOLA,7nx
RUA BAN LÁCIO TÚLIO DIAS PONTES,7nx
RUA BAN MANOEL GERALDO DA SILVA,7nx
RUA BAN PEDRO DE FRANCA MACEDO,7nx
RUA BAN PÉRICLES FIGUEIREDO GOUVEIA FILHO,7nx
RUA BAN SERGIO GUERRA,7nx
RUA BAN VENANCIO JOSÉ NETO,7nx
RUA BAN VICENTE DE PAULA COSTA,7nx
RUA BAN WAGNER ALEXANDRINO BEZERRA JAPYASSU,7nx
RUA BAN WALDEMAR DE MESQUITA ACCIOLY,7nx
RUA BARAO ABIAI,7nx
RUA BARAO MAMANGUAPE,7nx
RUA BARAO MARAU,7nx
RUA BARBOSA LIMA SOBRINHO,7nx
RUA BARRA DO GRAMAME,7nx
RUA BEATRIZ MARIA DO ESPIRITO SANTO,7nx
RUA BEL ERNANI RABELO BATISTA,7nx
RUA BEL IOMAR MOREIRA BARROS,7nx
RUA BEL IRENALDO DE ALBUQUERQUE CHAVES,7nx
RUA BEL JOAO AMERICO DE CARVALHO,7nx
RUA BEL JOSE DE OLIVEIRA CURCHATUZ,7nx
RUA BEL WILSON FLAVIO MOREIRA COUTINHO,7nx
RUA BELO HORIZONTE,7nx
RUA BENEDITA TARGINO MARANHÃO,7nx
RUA BENEDITO DAMAZIO DA SILVA,7nx
RUA BENEDITO GERALDO MAIA,7nx
RUA BENEDITO HENRIQUE DA SILVA,7nx
RUA BENEDITO NOGUEIRA DA COSTA,7nx
RUA BENEDITO SUAVE SOBRINHO,7nx
RUA BENIGNO VELOSO CHAVES,7nx
RUA BENJAMIM DE MELO RIBEIRO,7nx
RUA BENJAMIN ALVES MAIA,7nx
RUA BENJAMIN MAIA,7nx
RUA BERENICE MEDEIROS LIMA,7nx
RUA BERNADETE XAVIER BATISTA,7nx
RUA BERNADETTE DE LOURDES CAVALCANTI DE ARAUJO,7nx
RUA BIBLIO MARIA IVONICE LEITE DE FIGUEIREDO,7nx
RUA BICHO PREGUIÇA,7nx
RUA BIU PESSOA DA SILVA,7nx
RUA BOLIVIA,7nx
RUA BONIFACIO FERREIRA DE ARAUJO,7nx
RUA BRASILINO ALVES DA NOBREGA,7nx
RUA BRAZ LOPES DOS SANTOS,7nx
RUA BRIG EDUARDO GOMES,7nx
RUA BRUNO JORDÃO CORREIA,7nx
RUA BRUNO ROCHA DO NASCIMENTO,7nx
RUA CABO JOAO DAMASIO DA SILVA,7nx
RUA CABO JOSE BATISTA DA SILVA,7nx
RUA CABO VERDE,7nx
RUA CACHOEIRA DO RONCADOR,7nx
RUA CAETANA,7nx
RUA CAFEZAIS,7nx
RUA CAIÇARAS,7nx
RUA CANAÃ,7nx
RUA CANDIDA FERREIRA NOBRE,7nx
RUA CANT ELIS REGINA,7nx
RUA CANT IVONE LIRA LIMA,7nx
RUA CANT MARIA DA GLORIA GOUVEIA DE VASCONCELOS,7nx
RUA CANTOR GENY DOS SANTOS,7nx
RUA CANTOR NELSON GONÇALVES,7nx
RUA CANTOR RAUL SEIXAS,7nx
RUA CAP ANANIAS FERREIRA DA NOBREGA,7nx
RUA CAP ANTONIO MENDES DE SOUZA NETO,7nx
RUA CAP CARLOS  SOBREIRA,7nx
RUA CAP CARLOS PEREIRA DA SILVA,7nx
RUA CAP EUSTÁQUIO ALVES BEZERRA,7nx
RUA CAP JOSE DOMINGUES TORRES,7nx
RUA CAP JOSE GOMES DA SILVA,7nx
RUA CAP JOSÉ RODRIGUES DO Ó,7nx
RUA CAP MATUSALEN SERRANO NAVARRO,7nx
RUA CAP NATALICIO EVANGELISTA DOS SANTOS,7nx
RUA CAP OTAVIO FERREIRA MACHADO,7nx
RUA CAP PEDRO GALVAO DA SILVA,7nx
RUA CAP PRIMO CAVALCANTE DE PAIVA,7nx
RUA CAP SEVERINO CESARINO DA NOBREGA,7nx
RUA CAP SEVERINO XAVIER DA SILVA,7nx
RUA CARANGUEJO GOIAMUM,7nx
RUA CARD JAIME CAMARA,7nx
RUA CARDIVANDO DOS SANTOS SÁ,7nx
RUA CARLOS ALBERTO ACIOLY DE SOUZA,7nx
RUA CARLOS ALBERTO DA SILVA ALVES,7nx
RUA CARLOS ANDRE FERREIRA NARCIZO,7nx
RUA CARLOS ANTONIO DE LIMA,7nx
RUA CARLOS ANTONIO DOS SANTOS,7nx
RUA CARLOS BORROMEU DE VASCONCELOS,7nx
RUA CARLOS CAVALCANTE DE ARRUDA,7nx
RUA CARLOS DRUMOND DE ANDRADE,7nx
RUA CARLOS GOMES DE ARAUJO,7nx
RUA CARLOS JORGE DE LUCENA HOLMES,7nx
RUA CARLOS ONOFRE NOBREGA,7nx
RUA CARLOS PEDRO DOS SANTOS,7nx
RUA CARLOS SERGIO DA SILVA BRANDAO,7nx
RUA CARMELITA PEREIRA DE ALMEIDA,7nx
RUA CARMEM COELI CANTALICE MOREIRA,7nx
RUA CARMEN COELHO DE MIRANDA FREIRE,7nx
RUA CARMOSINA CESAR PINTO,7nx
RUA CARMÉLIA VIRGINIA DE ARAÚJO,7nx
RUA CARNEIRO CAMPOS,7nx
RUA CARP JOAO JOSE SEABRA,7nx
RUA CART ANTONIO DIAS PACHECO,7nx
RUA CART FRANCISCO MARQUES,7nx
RUA CART FRANCISO INACIO DO REGO FILHO,7nx
RUA CART JOÃO RODRIGUES DE SOUZA,7nx
RUA CART OLÍVIO PONTES,7nx
RUA CATARINA,7nx
RUA CB PM CARLOS ALBERTO DOS SANTOS,7nx
RUA CB PM JONILDO MARINHO FERREIRA,7nx
RUA CECILIA  BENEDITO DA SILVA,7nx
RUA CECÍLIA FORTUNATO DA SILVA,7nx
RUA CEL ANTENOR SALGADO,7nx
RUA CEL ANTONIO CORREIA BRAZIL,7nx
RUA CEL ANTONIO DE FARIAS,7nx
RUA CEL ANTONIO FERREIRA,7nx
RUA CEL ANTONIO SOARES,7nx
RUA CEL ARISTARCO PESSOA,7nx
RUA CEL ARTUR AMERICO CANTALICE,7nx
RUA CEL ASCENDINO FEITOSA,7nx
RUA CEL AUGUSTO FERNANDES MAIA,7nx
RUA CEL BARATA,7nx
RUA CEL BENVENUTO GONCALVES DA COSTA,7nx
RUA CEL CAETANO JULIO,7nx
RUA CEL CALIXTO,7nx
RUA CEL EDNALDO TAVARES RUFINO,7nx
RUA CEL EDWARD PRADO,7nx
RUA CEL ELIAS FERNANDES,7nx
RUA CEL ELYSIO SOBREIRA,7nx
RUA CEL FRANCISCO DE ASSIS VELOSO,7nx
RUA CEL FRANCISCO MONTEIRO SEGUNDO,7nx
RUA CEL FRANCISCO PEQUENO DE SOUZA,7nx
RUA CEL IRAM LOPES LORDÃO,7nx
RUA CEL JOAO AUGUSTO DE LIMA,7nx
RUA CEL JOAO DA COSTA E SILVA,7nx
RUA CEL JOAO GADELHA DE MELO,7nx
RUA CEL JOAQUIM PEREIRA DOS SANTOS,7nx
RUA CEL JOCA VELHO,7nx
RUA CEL JOSE CESARINO DA NOBREGA,7nx
RUA CEL JOSE COSTA,7nx
RUA CEL JOSE CRISTO,7nx
RUA CEL JOÃO GADELHA DE OLIVEIRA,7nx
RUA CEL JULIO DE SOUZA COUSSEIRO,7nx
RUA CEL MANOEL BENICIO,7nx
RUA CEL MANOEL CEZAR NORONHA,7nx
RUA CEL MANOEL CLAUDINO DA SILVA,7nx
RUA CEL MANOEL HENRIQUE SA FILHO,7nx
RUA CEL MARTINHO DA MOTA SILVEIRA,7nx
RUA CEL OTON NUNES DA SILVA,7nx
RUA CEL OTTO FEIO DA SILVEIRA,7nx
RUA CEL PEDRO GONZAGA DE LIMA,7nx
RUA CEL RAIMUNDO CORDEIRO DE MORAIS,7nx
RUA CEL SERGIO DANTAS,7nx
RUA CEL SEVERINO LUCENA,7nx
RUA CEL SILVIO LINS DE ALBUQUERQUE,7nx
RUA CEL SOUZA LEMOS,7nx
RUA CEL VICENTE JANSEN DE CASTRO,7nx
RUA CEL. ANTÔNIO SALGADO,7nx
RUA CELECINA MARIA DA CONCEIÇÃO,7nx
RUA CELESTINA TOSCANO BASTOS LISBOA,7nx
RUA CELIA REJANE JUSSELINO DE ALMEIDA,7nx
RUA CELSO OTAVIO NOVAIS,7nx
RUA CERES GOMES DA FONSECA PEREIRA,7nx
RUA CESARINA DE OLIVEIRA SANTOS,7nx
RUA CHATEAUBRIAND BRASIL NETO,7nx
RUA CHICO XAVIER,7nx
RUA CHINA,7nx
RUA CIA_LE MARIA EUSTAZIA CAVALCANTI DE MIRANDA,7nx
RUA CICERA FRANCISCA DE SOUSA,7nx
RUA CICERO ALEXANDRE GOMES,7nx
RUA CICERO FIRMINO DA COSTA,7nx
RUA CICERO GREGORIO DE LACERDA,7nx
RUA CICERO SOARES DA SILVA,7nx
RUA CICERO VALDIVINO TRAJANO,7nx
RUA CICL MÁRCIO LACERDA DE ARAÚJO,7nx
RUA CIDADE DE AGUA BRANCA,7nx
RUA CIDADE DE ALHANDRA,7nx
RUA CIDADE DE APARECIDA,7nx
RUA CIDADE DE AREIA,7nx
RUA CIDADE DE BAIA DA TRAICAO,7nx
RUA CIDADE DE BELEM,7nx
RUA CIDADE DE BOA VENTURA,7nx
RUA CIDADE DE BOM JESUS,7nx
RUA CIDADE DE BOM SUCESSO,7nx
RUA CIDADE DE BORBOREMA,7nx
RUA CIDADE DE BREJO DO CRUZ,7nx
RUA CIDADE DE CABEDELO,7nx
RUA CIDADE DE CATOLE DO ROCHA,7nx
RUA CIDADE DE CONCEICAO,7nx
RUA CIDADE DE CONDADO,7nx
RUA CIDADE DE CRUZ DO ESPIRITO SANTO,7nx
RUA CIDADE DE DIAMANTE,7nx
RUA CIDADE DE FAGUNDES,7nx
RUA CIDADE DE GURINHEM,7nx
RUA CIDADE DE ITABAIANA,7nx
RUA CIDADE DE MARI,7nx
RUA CIDADE DE MARIZOPOLIS,7nx
RUA CIDADE DE MONTE HOREBE,7nx
RUA CIDADE DE PEDRA LAVRADA,7nx
RUA CIDADE DE PEDRAS DE FOGO,7nx
RUA CIDADE DE PILOES,7nx
RUA CIDADE DE PIRPIRITUBA,7nx
RUA CIDADE DE PRINCESA ISABEL,7nx
RUA CIDADE DE PUXINANA,7nx
RUA CIDADE DE REMIGIO,7nx
RUA CIDADE DE SANTA CECILIA,7nx
RUA CIDADE DE SANTA HELENA,7nx
RUA CIDADE DE SANTA INES,7nx
RUA CIDADE DE SANTA LUZIA,7nx
RUA CIDADE DE SAO FRANCISCO,7nx
RUA CIDADE DE SAO MAMEDE,7nx
RUA CIDADE DE SAO MIGUEL DE TAIPU,7nx
RUA CIDADE DE SERRA REDONDA,7nx
RUA CIDADE DE SERRARIA,7nx
RUA CIDALINO FERNANDES PIMENTA,7nx
RUA CINTHIO CILAIO RIBEIRO,7nx
RUA CLARA NUNES,7nx
RUA CLARICE DO NASCIMENTO SILVA,7nx
RUA CLAUDIO CAVALCANTE PROCOPIO,7nx
RUA CLAUDIO COSTA DE VASCONCELOS,7nx
RUA CLAUDIO MARCELO FERREIRA,7nx
RUA CLECIO RIBEIRO DE SOUSA,7nx
RUA CLEIDE BARBOSA FARIAS,7nx
RUA CLEODON PEDRO RODRIGUES,7nx
RUA CLEONICE RIBEIRO DA SILVA,7nx
RUA CLERIA VILAR NOBRE DE ALMEIDA,7nx
RUA CLEUSA PALMEIRA BEZERRA DE MENEZES,7nx
RUA CLIMENE PONTES DA COSTA,7nx
RUA CLODOALDO MARQUES DA SILVA,7nx
RUA CLODOALDO RODRIGUES DE SOUSA,7nx
RUA CLORES TORRES DE OLIVEIRA,7nx
RUA CLOTILDE MARIA DA SILVA,7nx
RUA CLOVIS MARQUES DE SANTANA,7nx
RUA CLÓVIS DO NASCIMENTO DE SIQUEIRA ARCOVERDE,7nx
RUA CLÓVIS GOMES PAES,7nx
RUA COM ANTONIO MANOEL DE SOUSA,7nx
RUA COM JOSE AUGUSTUS,7nx
RUA COM MARIBONDO,7nx
RUA COM RENATO RIBEIRO COUTINHO,7nx
RUA COMB JOSE CLAUDINO BEZERRA FILHO,7nx
RUA COMENDADOR SANTOS COELHO,7nx
RUA COMER ADEMY BATISTA DE LIMA,7nx
RUA COMER ELIODORO MARQUES DA NÓBREGA,7nx
RUA COMER FELIX CAHINO,7nx
RUA COMER FRANCISCO ASSIS DE AQUINO,7nx
RUA COMER MARCOS JOANE DA COSTA,7nx
RUA COMERC ADALGISO CAVALCANTE DA SILVA,7nx
RUA COMERC ADERALDO SILVEIRA DE SOUSA,7nx
RUA COMERC AGAMENON HOLANDA DE MOURA,7nx
RUA COMERC ALFREDO FERREIRA DA ROCHA,7nx
RUA COMERC ALVARO ANTERO NASCIMENTO,7nx
RUA COMERC AMERICO RODRIGUES DE FRANÇA,7nx
RUA COMERC ANTONIO ALVINO DA COSTA,7nx
RUA COMERC ANTONIO DE SOUZA LIMA,7nx
RUA COMERC ANTONIO FRANCISCO DA SILVA,7nx
RUA COMERC ANTONIO JOAQUIM DA SILVA,7nx
RUA COMERC ANTONIO MEDEIROS SOBRAL,7nx
RUA COMERC ANTONIO PATRICIO LEITE,7nx
RUA COMERC ANTONIO PINTO RIBEIRO,7nx
RUA COMERC ANTONIO VIEIRA DA SILVA,7nx
RUA COMERC APOLONIO ANDRÉ DE ARAÚJO,7nx
RUA COMERC ARISTIDES COSTA,7nx
RUA COMERC BELARMINO BENTO SILVA,7nx
RUA COMERC CARLOS ANTONIO DOS SANTOS MELO,7nx
RUA COMERC CLEANTO DE MIRANDA FREIRE,7nx
RUA COMERC EDILSON PAIVA DE ARAUJO,7nx
RUA COMERC EDMILSON FIRMINO DA SILVA,7nx
RUA COMERC ERNANDO FEITOSA DE PAIVA,7nx
RUA COMERC EUCLIDES DE ALCANTARA LIRA,7nx
RUA COMERC HERONIDES FARIAS DE LACERDA,7nx
RUA COMERC JOAO FRANCISCO DE SOUZA,7nx
RUA COMERC JOAO MATIAS GUEDES,7nx
RUA COMERC JOAO RODRIGUES DE LIMA,7nx
RUA COMERC JOAO VENERANDO DE LIMA,7nx
RUA COMERC JOAO VILHENA DE CARVALHO,7nx
RUA COMERC JORGE MARQUES BEZERRA,7nx
RUA COMERC JOSE ANTONIO DE SOUZA,7nx
RUA COMERC JOSE AUGUSTO TRINDADE,7nx
RUA COMERC JOSE BEZERRA DE PONTES,7nx
RUA COMERC JOSE CANDIDO DOS SANTOS,7nx
RUA COMERC JOSE CHAGAS FEITOSA,7nx
RUA COMERC JOSE DE SANTANA,7nx
RUA COMERC JOSE ELISEU DE SOUZA,7nx
RUA COMERC JOSE FLORENTINO DE ANDRADE,7nx
RUA COMERC JOSE FRANCISCO DA SILVA  ( JABIRACA ),7nx
RUA COMERC JOSE GOMES DOS SANTOS,7nx
RUA COMERC JOSE JOAQUIM DA CRUZ,7nx
RUA COMERC JOSE MIGUEL NETO,7nx
RUA COMERC JOSE MIRANDA DE ARAUJO,7nx
RUA COMERC JOSE RAIMUNDO CALADO,7nx
RUA COMERC JOSÉ ALVES MOREIRA,7nx
RUA COMERC JOSÉ ALZEMAR DA COSTA,7nx
RUA COMERC JOSÉ FORMIGA DE ASSIS,7nx
RUA COMERC JOSÉ GALDINO ANSELMO,7nx
RUA COMERC JOSÉ GAMALIEL DE OLIVEIRA,7nx
RUA COMERC MANOEL BENICIO PEREIRA,7nx
RUA COMERC MANOEL DE SOUZA BRANDAO,7nx
RUA COMERC MANOEL LAURINDO,7nx
RUA COMERC MANOEL PEREIRA SOARES,7nx
RUA COMERC MANOEL PIRES BEZERRA,7nx
RUA COMERC MANOEL PITOMBEIRA,7nx
RUA COMERC MANUEL DANTAS PINHEIRO,7nx
RUA COMERC MARCOS AFONSO DE SOUZA CRISPIM,7nx
RUA COMERC MARIA JOSE RIBEIRO,7nx
RUA COMERC MARILENE DOS SANTOS MARINHO SILVA,7nx
RUA COMERC PEDRO JOAQUIM ALMEIDA,7nx
RUA COMERC SEBASTIÃO INTERAMINENSE,7nx
RUA COMERC SEVERINO CARNEIRO DOS SANTOS,7nx
RUA COMERC SEVERINO FREIRE,7nx
RUA COMERC SEVERINO RUFINO DA CRUZ,7nx
RUA COMERC VALDETE DUARTE RODIGUES,7nx
RUA COMERC VALDIR ALVES DE OLIVEIRA,7nx
RUA COMERC WALDEMAR CHAVES,7nx
RUA COMERC. MANOEL TEIXEIRA DA SILVA,7nx
RUA COMERCIANTE TEREZINHA MARIA ALVES,7nx
RUA COMP AGUSTIM LARA,7nx
RUA COMP ARI BARROSO,7nx
RUA COMP ASSIS VALENTE,7nx
RUA COMP BENEDITO LACERDA,7nx
RUA COMP GENIVAL MACÊDO,7nx
RUA COMP LIVARDO ALVES,7nx
RUA COMP MIGUEL GUSTAVO,7nx
RUA COMP NOEL ROSAS,7nx
RUA COMP ROSIL CAVALCANTI,7nx
RUA COMTE MATOS CARDOSO,7nx
RUA COMUNIT SEVERINO GONÇALVES DE ALMEIDA,7nx
RUA CON FRANCISCO LIMA,7nx
RUA CON JOAO DE DEUS,7nx
RUA CON LUIZ GONZAGA DE OLIVEIRA,7nx
RUA CON LUIZ GONZAGA OLIVEIRA,7nx
RUA CON MATIAS FREIRE,7nx
RUA CON NICODEMOS NEVES,7nx
RUA CON VICENTE FERRER,7nx
RUA CON VICENTE PIMENTEL,7nx
RUA CONS HENRIQUE,7nx
RUA CONS JOSE BRAZ DO REGO,7nx
RUA CONS JULIO DA SILVA COUTINHO,7nx
RUA CONS MANOEL DE OLIVEIRA,7nx
RUA CONS ODILON DO EGITO,7nx
RUA CONST HUMBERTO RUFFO,7nx
RUA CONST LUIZ RIBEIRO DO AMARAL,7nx
RUA CONST MANOEL ESTEVAM RAMALHO,7nx
RUA CONT ROSEANE VENÂNCIO DA SILVA,7nx
RUA COPO DE LEITE,7nx
RUA COR MARCO AURELIO ALVES RIBEIRO,7nx
RUA CORALIA FERREIRA DA SILVA,7nx
RUA COST ANA MARINHO DA COSTA,7nx
RUA COST MARIA GUEDES DOS SANTOS,7nx
RUA COST MARIA RODRIGUES ALVES,7nx
RUA CREMILDA DE FÁTIMA DE SOUZA PEREIRA DA NÓBREGA,7nx
RUA CREUSA CAMPOS DE VASCONCELOS,7nx
RUA CREUSA DOS ANJOS PIRES BEZERRA,7nx
RUA CREUSA DOS SANTOS GOMES,7nx
RUA CRHISTIANE DANTAS CHAVES,7nx
RUA CRISTAIS,7nx
RUA CRISTIANO FERNANDES DA SILVA,7nx
RUA CRISTO REI,7nx
RUA CRISTOVAM TADEU,7nx
RUA CRISTOVAO DA SILVA BRANDAO,7nx
RUA CRISTOVÃO RODRIGUES DE OLIVEIRA,7nx
RUA CUBA,7nx
RUA CUIABA,7nx
RUA CUSTÓDIA NÓBREGA,7nx
RUA CÁSSIA,7nx
RUA CÍCERO CÉSAR MOREIRA DE OLIVEIRA,7nx
RUA CÍCERO DE MEDEIROS LIMA,7nx
RUA CÍCERO RAIMUNDO DE LINS,7nx
RUA DA ALEGRIA,7nx
RUA DA ALELUIA,7nx
RUA DA AMIZADE,7nx
RUA DA AREIA,7nx
RUA DA AROEIRA,7nx
RUA DA AURORA,7nx
RUA DA AÇAO,7nx
RUA DA AÇUCENA,7nx
RUA DA BRISA,7nx
RUA DA CAIXETA,7nx
RUA DA CANDELARIA,7nx
RUA DA CONQUISTA,7nx
RUA DA COTOVIA,7nx
RUA DA CRIATIVIDADE,7nx
RUA DA CRUZ,7nx
RUA DA ECONOMIA,7nx
RUA DA EXPORTACAO,7nx
RUA DA FELICIDADE,7nx
RUA DA GAMELEIRA,7nx
RUA DA GARÇA BRANCA PEQUENA,7nx
RUA DA GIPSITA,7nx
RUA DA INDEPENDÊNCIA,7nx
RUA DA LEI,7nx
RUA DA LUZ,7nx
RUA DA PAZ CELESTIAL,7nx
RUA DA PEDRA DO REINO,7nx
RUA DA PROSPERIDADE,7nx
RUA DA ROSA MESQUITA,7nx
RUA DA SUCUPIRA,7nx
RUA DA VITORIA,7nx
RUA DACIO AVELINO RODRIGUES,7nx
RUA DACIO LINHARES PORDEUS,7nx
RUA DANIEL FERREIRA DA SILVA,7nx
RUA DANILO EVERSON MUNIZ DA SILVA CRISPIM,7nx
RUA DARCI FERREIRA DE MIRANDA,7nx
RUA DARIO JOSE DE OLIVEIRA,7nx
RUA DARLENE LINHARES MOURA MONTEIRO,7nx
RUA DAS  CAUBEIRAS,7nx
RUA DAS ACÁCIAS,7nx
RUA DAS ANDORINHAS,7nx
RUA DAS ARAUCARIAS,7nx
RUA DAS AZALÉIAS,7nx
RUA DAS BEGÔNEAS,7nx
RUA DAS BENEDITAS,7nx
RUA DAS BROMÉLIAS,7nx
RUA DAS CAIBEIRAS,7nx
RUA DAS CARAMBOLAS,7nx
RUA DAS CASTANHEIRAS,7nx
RUA DAS CAUBEIRAS,7nx
RUA DAS CEREJAS,7nx
RUA DAS CEREJEIRAS,7nx
RUA DAS COLINAS,7nx
RUA DAS COLÔNIAS,7nx
RUA DAS COPAÍBAS,7nx
RUA DAS CORTIÇAS,7nx
RUA DAS CUPIUBAS,7nx
RUA DAS DOMESTICAS,7nx
RUA DAS EXTREMOSAS,7nx
RUA DAS FLORES,7nx
RUA DAS GARDÊNIAS,7nx
RUA DAS INDUSTRIAS,7nx
RUA DAS INGAZEIRAS,7nx
RUA DAS JABUTICABEIRAS,7nx
RUA DAS JACOBINAS,7nx
RUA DAS JANGADAS,7nx
RUA DAS JAQUEIRAS,7nx
RUA DAS JURITIS,7nx
RUA DAS LAGOAS,7nx
RUA DAS LARANJEIRAS,7nx
RUA DAS MACAÍBAS,7nx
RUA DAS MANGABEIRAS,7nx
RUA DAS MANGUEIRAS,7nx
RUA DAS MAÇARANDUBAS,7nx
RUA DAS MISERICÓRDIAS,7nx
RUA DAS NOLINAS,7nx
RUA DAS PEPERÔNIAS,7nx
RUA DAS PEROLAS,7nx
RUA DAS PUPUNHAS,7nx
RUA DAS ROSAS,7nx
RUA DAS ROSAS VERMELHAS,7nx
RUA DAS SECRETARIAS,7nx
RUA DAS TRÊS MARIAS,7nx
RUA DAS TULIPAS,7nx
RUA DAS VIOLETAS,7nx
RUA DAS ÉRICAS,7nx
RUA DENT BETINA TENORIO COELHO,7nx
RUA DENT GENEBALDO AVELLAR,7nx
RUA DEP ACACIO FIGUEIREDO,7nx
RUA DEP ADEMAR TEOTÔNIO,7nx
RUA DEP ALVARO GAUDENCIO,7nx
RUA DEP AMERICO MAIA,7nx
RUA DEP ANTONIO DE PADUA CARVALHO,7nx
RUA DEP BALDUINO MINERVINO DE CARVALHO,7nx
RUA DEP BARRETO SOBRINHO,7nx
RUA DEP DOCA GADELHA,7nx
RUA DEP FRANCISCO SERÁPHICO NOBREGA FILHO,7nx
RUA DEP GERALDO MARIZ,7nx
RUA DEP JADER MEDEIROS,7nx
RUA DEP JOAO BATISTA SILVA FILHO,7nx
RUA DEP JOAO URSULO RIBEIRO FILHO,7nx
RUA DEP JOSE AFONSO GAYOSO DE SOUSA,7nx
RUA DEP JOSE MARIZ,7nx
RUA DEP JOSE REZENDE DA COSTA FILHO,7nx
RUA DEP JOSE TAVARES,7nx
RUA DEP JOSÉ SOARES MADRUGA,7nx
RUA DEP LUIZ CLEMENTINO DE OLIVEIRA,7nx
RUA DEP LUIZ IGNACIO RIBEIRO COUTINHO,7nx
RUA DEP NAPOLEAO DURE,7nx
RUA DEP NIVALDO DE FARIAS BRITO,7nx
RUA DEP ODON BEZERRA,7nx
RUA DEP OTAVIO MARIZ MAIA,7nx
RUA DEP PETRONIO FIGUEIREDO,7nx
RUA DEP PLINIO SALGADO,7nx
RUA DEP SOSTENES PEDRO DA SILVA,7nx
RUA DEP TERTULIANO DE BRITO,7nx
RUA DEP VALDEVINO DE LOBO MAIA,7nx
RUA DEP. NAPOLEAO ABDON DA NOBREGA,7nx
RUA DERIVALDO UCHOA PINTO,7nx
RUA DES AURELIO MORENO DE ALBUQUERQUE,7nx
RUA DES BOLIVAR CORRÉA PEDROSA,7nx
RUA DES BRAZ BARACUHY,7nx
RUA DES EMÍLIO DE FARIAS,7nx
RUA DES FEITOSA VENTURA,7nx
RUA DES FLODOALDO DA SILVEIRA,7nx
RUA DES FLOSCOLO DA NOBREGA,7nx
RUA DES JOAO SANTA CRUZ DE OLIVEIRA,7nx
RUA DES JOAQUIM DA SILVA CARVALHO,7nx
RUA DES JOSE DE FARIAS,7nx
RUA DES JOSE PEREGRINO,7nx
RUA DES JOSE RODRIGUES DE ATAIDE,7nx
RUA DES JULIO RIQUE FILHO,7nx
RUA DES LEONARDO SMITH,7nx
RUA DES MANOEL TAIGY DE QUEIROZ MELLO FILHO,7nx
RUA DES MAURICIO FURTADO,7nx
RUA DES PAULO HIPACIO,7nx
RUA DES PEDRO DAMIAO,7nx
RUA DES RENATO LIMA,7nx
RUA DES RIVALDO PEREIRA,7nx
RUA DES SIZENANDO DE  OLIVEIRA,7nx
RUA DES SOUTO MAIOR,7nx
RUA DES TOLEDO,7nx
RUA DES TRINDADE,7nx
RUA DESP ADALBERTO FERREIRA,7nx
RUA DESP ADOLPHO FERREIRA SOARES FILHO,7nx
RUA DESP ANTONIO TOSCANO DE BRITO,7nx
RUA DESP AURELIO ROCHA,7nx
RUA DESP GENIVAL BARBOSA,7nx
RUA DESP GENIVAL LEITE,7nx
RUA DESP HERONIDES ADONIAS DANTAS,7nx
RUA DESP HUMBERTO NEVES DO NASCIMENTO,7nx
RUA DESP IRENALDO GONCALVES DOS SANTOS,7nx
RUA DESP JOSE EDUARDO DE HOLANDA,7nx
RUA DESP JOÃO APOSTOLO DE SOUZA,7nx
RUA DESP MANOEL GOMES,7nx
RUA DESP WILSON DE MOURA ALMEIDA,7nx
RUA DEZENOVE DE MAIO,7nx
RUA DINALVA DANTAS DE FRANÇA,7nx
RUA DINAMARCA,7nx
RUA DIOGENES CASSIMIRO DO NASCIMENTO,7nx
RUA DIOGENES CHIANCA,7nx
RUA DIOGO ANTÔNIO FEIJO,7nx
RUA DIOGO BRAZ DE ARAÚJO,7nx
RUA DIONIZIO MARINHO DE ARAÚJO,7nx
RUA DIVA COSTA DA SILVA,7nx
RUA DIVA MEDEIROS MACIEL,7nx
RUA DJALMA BORGES FONSECA,7nx
RUA DJALMA CAVALCANTE DE ALMEIDA,7nx
RUA DO AGAVE,7nx
RUA DO AGRIÃO,7nx
RUA DO ALGODOEIRO,7nx
RUA DO ALVORECER,7nx
RUA DO ANGELIM,7nx
RUA DO ANGICO,7nx
RUA DO APOCALIPSE,7nx
RUA DO ARCO,7nx
RUA DO ARCO-IRIS,7nx
RUA DO CACAU,7nx
RUA DO COBRE,7nx
RUA DO CORACAO,7nx
RUA DO CUPUAÇÚ,7nx
RUA DO DESENVOLVIMENTO,7nx
RUA DO GENIPAPO,7nx
RUA DO IPÊ -BRANCO,7nx
RUA DO IPÊ AMARELO,7nx
RUA DO IPÊ ROXO,7nx
RUA DO IPÊ-ROSA,7nx
RUA DO JABORANDI,7nx
RUA DO JEQUITIBÁ,7nx
RUA DO JUAZEIRO,7nx
RUA DO MARFIM PESCADOR,7nx
RUA DO ORVALHO,7nx
RUA DO PLANEJAMENTO,7nx
RUA DO PROGRESSO,7nx
RUA DO ROSARIO,7nx
RUA DO SABIA,7nx
RUA DO SOL,7nx
RUA DO URUCUM,7nx
RUA DOIS DE NOVEMBRO,7nx
RUA DOM BOSCO,7nx
RUA DOM CARLOS GOUVEIA COELHO,7nx
RUA DOM HELDER CAMARA,7nx
RUA DOM MÁRIO DE MIRANDA VILAS BOAS,7nx
RUA DOM ULRICO,7nx
RUA DOMES ALCINA DOS SANTOS ARAÚJO,7nx
RUA DOMES ANGELINA ALVES DE FREITAS IACONE,7nx
RUA DOMES CARMELIA MARINHO PEREIRA,7nx
RUA DOMES MARIA DAS NEVES SILVA,7nx
RUA DOMES MARIA JOSE FERREIRA DA SILVA,7nx
RUA DOMES MARIA JOSÉ DE PAIVA SANTOS,7nx
RUA DOMES MARIA LUIZA PEREIRA DE SOUZA,7nx
RUA DOMES MARIA RODRIGUES DA SILVA,7nx
RUA DOMES MARINA FEITOSA DA SILVA,7nx
RUA DOMES MARLY FÉLIX DO NASCIMENTO,7nx
RUA DOMES MAURINA DE OLIVEIRA SANTOS,7nx
RUA DOMES ROSA MARIA BARROS PONTES,7nx
RUA DOMES SEVERINA FERREIRA DE SANTANA,7nx
RUA DOMEST TEREZA ALEXANDRE BARBOSA,7nx
RUA DOMINGOS JOSÉ DA PAIXÃO,7nx
RUA DOMIRA BARBOSA REIS DA SILVA,7nx
RUA DORALICE DE FREITAS TÓ-KAIPP,7nx
RUA DORISE SOUZA VIANA,7nx
RUA DOS  CARTEIROS,7nx
RUA DOS ABACATEIROS,7nx
RUA DOS AGRICULTORES,7nx
RUA DOS BURITIS,7nx
RUA DOS CACIQUES,7nx
RUA DOS CAETÉS,7nx
RUA DOS CAMBARÁS,7nx
RUA DOS CARPINTEIROS,7nx
RUA DOS CATOLES,7nx
RUA DOS CEDROS,7nx
RUA DOS COQUEIROS,7nx
RUA DOS CRAVOS,7nx
RUA DOS DIAMANTES,7nx
RUA DOS ENFERMEIROS,7nx
RUA DOS EVANGELISTAS,7nx
RUA DOS INDUSTRIARIOS,7nx
RUA DOS IPES,7nx
RUA DOS JAMBEIROS,7nx
RUA DOS JASMINS,7nx
RUA DOS LOUROS,7nx
RUA DOS MILAGRES,7nx
RUA DOS MORANGUEIROS,7nx
RUA DOS OCEANOS,7nx
RUA DOS OPERADORES,7nx
RUA DOS PALMITOS,7nx
RUA DOS PASSAROS SILVESTRES,7nx
RUA DOS POTIGUARAS,7nx
RUA DOS PRADOS,7nx
RUA DOS PROFESSORES,7nx
RUA DOS QUILOMBOS,7nx
RUA DOS RUBIS,7nx
RUA DOS TRABALHADORES,7nx
RUA DOS TUCANOS,7nx
RUA DR ABEL BELTRAO,7nx
RUA DR ABILIO PAIVA,7nx
RUA DR AGENOR LACET,7nx
RUA DR AGRICOLA MONTENEGRO,7nx
RUA DR AIRTON CORDEIRO,7nx
RUA DR ALCEBIADES SILVA,7nx
RUA DR ALEXANDRE SEIXAS MAIA,7nx
RUA DR ALOYSIO SOBREIRA,7nx
RUA DR ALVARO LEMOS,7nx
RUA DR ANTONIO BOTO DE MENESES,7nx
RUA DR ANTONIO LINS,7nx
RUA DR ANTONIO MASSA,7nx
RUA DR ANTONIO PALITOT LOPES BRAGA,7nx
RUA DR ANTÔNIO QUINHO,7nx
RUA DR ARIAMIRO FERREIRA DA SILVA,7nx
RUA DR ARISTIDES VILLAR,7nx
RUA DR ARLINDO CORREIA,7nx
RUA DR ARNALDO ESCOREL,7nx
RUA DR ASDRUBAL NOBREGA MONTENEGRO,7nx
RUA DR AUGUSTO DE ALMEIDA FILHO,7nx
RUA DR BATISTA LINS,7nx
RUA DR CANDIDO DA NOBREGA FERREIRA,7nx
RUA DR CASSIANO NOBREGA,7nx
RUA DR CICERO LEITE,7nx
RUA DR CLAUDIO LEMOS,7nx
RUA DR CLAÚDIO DE PAIVA LEITE,7nx
RUA DR COELHO PAIVA,7nx
RUA DR DAMASQUINS RAMOS MACIEL,7nx
RUA DR DANILO DE LIRA MACIEL,7nx
RUA DR DJAIR DA SILVA PINTO,7nx
RUA DR EDGARD CLAUDINO DE SOUZA,7nx
RUA DR EDMILSON CUNHA,7nx
RUA DR ELIAS DA COSTA RAMOS,7nx
RUA DR ELISEU LIRA,7nx
RUA DR EPHIGENIO BARBOSA DA SILVA,7nx
RUA DR ESMERINO TOSCANO,7nx
RUA DR EVANDIL BANDEIRA,7nx
RUA DR FABIO CAVALCANTE MOLINA BELO,7nx
RUA DR FERNANDO PESSOA BEZERRA,7nx
RUA DR FRANCISCO ALVES DE CARVALHO,7nx
RUA DR FRANCISCO DE ANDRADE CARNEIRO,7nx
RUA DR FRANCISCO DE ASSIS CAMARA DANTAS,7nx
RUA DR FRANCISCO GOMES BELTRÃO,7nx
RUA DR FRANCISCO LIANZA,7nx
RUA DR FRANCISCO NOGUEIRA DA SILVA,7nx
RUA DR FRANCISCO SARMENTO MEIRA,7nx
RUA DR FRUTUOSO DANTAS,7nx
RUA DR GERALDO MARQUES DE AZEVEDO,7nx
RUA DR GERMANO JOSÉ FREIRE DE ARAÚJO,7nx
RUA DR GILBERTO MORAIS VIEIRA,7nx
RUA DR GILDEMAR PEREIRA DE MACEDO,7nx
RUA DR GILVAN MURIBECA,7nx
RUA DR GOUVEIA DE MOURA,7nx
RUA DR GUILHERME ESPINOLA,7nx
RUA DR HERMANCE PAIVA,7nx
RUA DR HERNANY PESSOA DE LUNA,7nx
RUA DR HORTENCIO RIBEIRO,7nx
RUA DR HORTÊNCIO OSTERNE CARNEIRO,7nx
RUA DR HUMBERTO ESPÍNOLA GUEDES,7nx
RUA DR INALDO DA SILVA ARAGÃO,7nx
RUA DR ISAC ROBERTO DA SILVA,7nx
RUA DR JAIME LIMA,7nx
RUA DR JAIR CUNHA,7nx
RUA DR JEOVA LINS,7nx
RUA DR JOAO COELHO,7nx
RUA DR JOAO ESPINOLA,7nx
RUA DR JOAO SOARES DA COSTA,7nx
RUA DR JOSE CARLOS CAVALCANTI,7nx
RUA DR JOSE DE MELO LULA,7nx
RUA DR JOSE GALVAO DE MELO,7nx
RUA DR JOSE MACEDO VIANA,7nx
RUA DR JOSE MAIA,7nx
RUA DR JOSEMAR DE CASTRO BARRETO,7nx
RUA DR JULIO QUEIROZ CARREIRA,7nx
RUA DR LOURIVAL DE GOUVEIA MOURA,7nx
RUA DR LUIZ BRONZEADO,7nx
RUA DR LUIZ EDIR QUEIROZ MARINHO,7nx
RUA DR LUIZ ZAMENHOF,7nx
RUA DR MANOEL LOPES DE CARVALHO,7nx
RUA DR MANOEL PEQUENO DA NOBREGA,7nx
RUA DR MARCUS TULLIUS BATISTA DE ANDRADE,7nx
RUA DR MARIANO BARBOSA,7nx
RUA DR MARIANO DE SOUZA FALCAO,7nx
RUA DR MAURILIO DE ALMEIDA,7nx
RUA DR MAX HEINRICH ZANGEL,7nx
RUA DR MEIRA DE MENEZES,7nx
RUA DR MILCIADES LEAL,7nx
RUA DR MIROCENE FERNANDO DA CUNHA LIMA,7nx
RUA DR NELSON CARREIRA,7nx
RUA DR NEWTON LACERDA,7nx
RUA DR NUNES FILHO,7nx
RUA DR ODIM LOPES DE ARAUJO,7nx
RUA DR OLAVO MAGALHAES,7nx
RUA DR OSCAR SOARES,7nx
RUA DR OSWALDO  DE MIRANDA PEREIRA,7nx
RUA DR OSWALDO BRAYNER,7nx
RUA DR OZORIO ABATH,7nx
RUA DR PAULO ARAÚJO BARBOSA,7nx
RUA DR PLINIO LEMOS,7nx
RUA DR QUINTINO DOURADO DE A MARANHAO,7nx
RUA DR RENATO TEIXEIRA BASTOS,7nx
RUA DR RUBENS FALCAO DA SILVA,7nx
RUA DR RUI BAIA,7nx
RUA DR RUI PEREIRA,7nx
RUA DR SAN JUAN,7nx
RUA DR SEIXAS MAIA,7nx
RUA DR SEVERINO GUIMARAES,7nx
RUA DR SEVERINO PROCOPIO,7nx
RUA DR SEVERINO SILVIO GUERRA,7nx
RUA DR SILVINO NOBREGA,7nx
RUA DR TRAJANO PIRES DA NOBREGA,7nx
RUA DR VASCONCELOS BRANDAO,7nx
RUA DR VICENTE EDMUNDO ROCCO,7nx
RUA DR VITAL BRASIL,7nx
RUA DR WALTER BELIAN,7nx
RUA DRA ELIANE CALDAS ALVES,7nx
RUA DRA GLAUCIA MARIA DOS SANTOS GOUVEIA,7nx
RUA DRA LYLIA GUEDES,7nx
RUA DRA NEUSA BRILHANTE DE MOURA,7nx
RUA DRA NEUZA DE ANDRADE,7nx
RUA DULCE MARLY RAMALHO BRILHANTE,7nx
RUA DULCE PESSOA RAMALHO,7nx
RUA DUQUE DE CAXIAS,7nx
RUA DURVALDO RAMOS VARANDAS,7nx
RUA ECON ANTÔNIO PEREIRA LEAL,7nx
RUA ECON CLODOALDO PINHEIRO DE ARAUJO,7nx
RUA ECON GERALDO TARGINO DA SILVA,7nx
RUA ECON HERDER PAULO HENRIQUE DA SILVA,7nx
RUA EDGAR ALFREDO DA SILVA,7nx
RUA EDINALVA DOS SANTOS MELO,7nx
RUA EDITE SÁTIRO DA NÓBREGA,7nx
RUA EDMILSON ARAGÃO,7nx
RUA EDMILSON CARVALHO DE ARAUJO,7nx
RUA EDMILSON DIAS DE ALMEIDA,7nx
RUA EDMILSON LEITE DA SILVA,7nx
RUA EDMILSON SILVA SERRÃO DE OLIVEIRA,7nx
RUA EDNA FERNANDES DOS ANJOS E SILVA,7nx
RUA EDNALDO ANACLETO DE ARRUDA,7nx
RUA EDNALDO DE OLIVEIRA E SILVA,7nx
RUA EDNALDO FELIX DA NOBREGA,7nx
RUA EDNALDO FERNANDES DOS ANJOS,7nx
RUA EDNALDO FERREIRA DA NÓGREGA,7nx
RUA EDNALDO PEQUENO NETTO,7nx
RUA EDSON MACHADO,7nx
RUA EDUARDO HONORIO DE FREITAS FILHO,7nx
RUA EDUC GENILDA EDÍLIA SANTOS,7nx
RUA EDVALDO CARVALHO DA SILVA,7nx
RUA EDVALDO RAMOS DOS SANTOS,7nx
RUA EDVANDO DOS SANTOS MORAIS,7nx
RUA EDVARDO TOSCANO DE BRITO,7nx
RUA EGINALDO CORDEIRO DA SILVA,7nx
RUA ELBA MARIA DE ARAÚJO,7nx
RUA ELET JOSÉ LUCENA DO NASCIMENTO,7nx
RUA ELET PEDRO PONTES DE LIMA,7nx
RUA ELET SEBASTIÃO MARCONDES RAMALHO TRAVASSOS,7nx
RUA ELIANE NASCIMENTO ARAUJO,7nx
RUA ELIAS FERREIRA DE LIMA,7nx
RUA ELIAS JUSTINO  DA  CUNHA,7nx
RUA ELIDIANE KELLY ARAÚJO DE SOUZA,7nx
RUA ELIEZER MOREIRA DA SILVA,7nx
RUA ELIJANE FEITOSA D' ALBUQUERQUE,7nx
RUA ELISA DE CARVALHO,7nx
RUA ELISA DE HOLANDA CAVALCANTI,7nx
RUA ELIZA DE SOUSA RODRIGUES,7nx
RUA ELIZABETH TEIXEIRA,7nx
RUA ELIZEU PEREIRA LEITE,7nx
RUA ELOI EVANGELISTA DOS REIS,7nx
RUA ELVIRA PEREIRA ASSUNÇÃO,7nx
RUA ELZA FERREIRA SOARES NUNES,7nx
RUA ELZA MARIZ MAIA,7nx
RUA EMANUEL NAZARENO SALES DO REGO,7nx
RUA EMB SERGIO VIEIRA DE MELLO,7nx
RUA EMIDIO PEREIRA DOS SANTOS,7nx
RUA EMILIA BATISTA CELANI,7nx
RUA EMPRE CLOVIS ROLIM,7nx
RUA EMPRE GERALDO BATISTA PAIVA,7nx
RUA EMPRE JOAO RODRIGUES ALVES,7nx
RUA EMPRE JOAO VALDECI GONCALVES,7nx
RUA EMPRE MANOEL DE BRITO,7nx
RUA EMPRE OLAVO DOS GUIMARAES WANDERLEY,7nx
RUA EMPRE PAULO MIRANDA D'OLIVEIRA,7nx
RUA EMPRE ROBERTO RIBEIRO BORGES,7nx
RUA EMPRE WALDEMAR PEREIRA DO EGITO,7nx
RUA EMÍLIA SOARES PEIXOTO,7nx
RUA ENCONTRO DOS RIOS,7nx
RUA ENEDINO RODRIGUES DE CARVALHO,7nx
RUA ENF ANA MARIA BARBOSA DE ALMEIDA,7nx
RUA ENF(A) MARIA GERMANA BEZERRA,7nx
RUA ENFER CÍCERO HENRIQUE XAVIER,7nx
RUA ENFERM EDNALVA DOS SANTOS OLIVEIRA,7nx
RUA ENFERM IRENE CARNEIRO SALES,7nx
RUA ENFERM JOAQUIM PATRICIO DE SOUZA,7nx
RUA ENG ABELARDO DE OLIVEIRA LOBO,7nx
RUA ENG AFONSO MACEDO,7nx
RUA ENG AGR NILTON BASTOS LISBOA,7nx
RUA ENG ANTÔNIO JOSÉ RIBEIRO TOLEDO,7nx
RUA ENG ARNALDO VIEIRA DE MELO,7nx
RUA ENG AVIDOS,7nx
RUA ENG BATISTA TONI,7nx
RUA ENG DEMETRIO TOLEDO,7nx
RUA ENG DIOMAR VIEIRA DE MELO,7nx
RUA ENG DONÁRIO GALDINO NAZIANZENO,7nx
RUA ENG ELISEU SERVULO DE FARIAS LUNA,7nx
RUA ENG ELSON GOUVEIA FALCONE,7nx
RUA ENG ERNESTO DINIZ,7nx
RUA ENG FRANCISCO RIBEIRO BELTRAO,7nx
RUA ENG FRANKLIN PEREIRA DA SILVA,7nx
RUA ENG JOSE CORDEIRO FRAGOSO,7nx
RUA ENG JOSE DANTAS DE ALMEIDA,7nx
RUA ENG JOSE JAIME GOMES PESSOA FILHO,7nx
RUA ENG JOÃO BATISTA DE LIMA BRANDÃO,7nx
RUA ENG JOÃO RODRIGUES FILHO,7nx
RUA ENG LUIS RIBEIRO BELTRAO,7nx
RUA ENG NEMESIO PALMEIRA,7nx
RUA ENG NORMANDO GOMES DE ARAUJO,7nx
RUA ENG RETUMBA,7nx
RUA ENG RIVALDO COELHO,7nx
RUA ENG ROSA LUCIA RIBEIRO FIREMAN,7nx
RUA ENG SERGIO RUBENS DE ALBUQUERQUE LIMA,7nx
RUA ENG WALTER CUNHA,7nx
RUA ENIO GUIMARÃES COELHO,7nx
RUA ENIRA PONTES DE LIMA OLIVEIRA,7nx
RUA EPITÁCIO COSTA DO AMARAL,7nx
RUA EQUADOR,7nx
RUA ERALDO DA SILVA RABELO,7nx
RUA ERALDO FERNANDES DOS ANJOS,7nx
RUA ERALDO FERREIRA DO NASCIMENTO,7nx
RUA ERCILIA LINS PESSOA,7nx
RUA ERCILIO MARCELO NERY,7nx
RUA ERINALDO SOUZA DE QUEIROZ,7nx
RUA ERIVAN WAGNER DA COSTA,7nx
RUA ERLI CABRAL DE LIMA,7nx
RUA ERMITA MENDES DA SILVA,7nx
RUA ERNANDO MARINHO FILHO,7nx
RUA ERNANI MARIA DE OLIVEIRA,7nx
RUA ERNANI PINTO DE CARVALHO,7nx
RUA ERNESTO PEREIRA DA SILVA,7nx
RUA ESC ASCENDINO LEITE,7nx
RUA ESC GERALDO CARVALHO,7nx
RUA ESC GILBERTO AMADO,7nx
RUA ESC JORGE AMADO,7nx
RUA ESC JOSE VIEIRA,7nx
RUA ESC NEVES JUNIOR,7nx
RUA ESC NOÉ ANTÔNIO DE OLIVEIRA,7nx
RUA ESC ORRIS SOARES,7nx
RUA ESC PATATIVA DO ASSARÉ,7nx
RUA ESC RAMALHO LEITE,7nx
RUA ESC SEBASTIAO DE AZEVEDO BASTOS,7nx
RUA ESC SILINHA FIGUEIREDO DE OLIVEIRA LIMA,7nx
RUA ESCOCIA,7nx
RUA ESCR ROSILDA CARTAXO,7nx
RUA ESCREVENTE AILTON FERREIRA DA SILVA,7nx
RUA ESCRI MARIANA CANTALICE SOARES,7nx
RUA ESCRITOR JOAQUIM DA SILVA,7nx
RUA EST  MARIZETE DA SILVA NASCIMENTO,7nx
RUA EST ADRIANO TOZZI CARVALHO,7nx
RUA EST ALEXANDRE LINS,7nx
RUA EST ANDRE BARBOSA DE MENEZES LIMA,7nx
RUA EST CARLOS ALBERTO DA SILVA,7nx
RUA EST CARLOS HENRIQUE ANDRADE BRAGA,7nx
RUA EST CICERO CLEMENTINO DE OLIVEIRA FILHO,7nx
RUA EST CLEITON SOUTO MAIOR DE LIMA,7nx
RUA EST DALMO BELMONT,7nx
RUA EST DANIEL LIMA DE BARROS,7nx
RUA EST DANIEL PINTO OLIVEIRA  DE ALENCAR,7nx
RUA EST EDENILDO FERREIRA DA SILVA,7nx
RUA EST EDIMAR FRANCISCO FELICIANO,7nx
RUA EST ELIANE COUTINHO DE OLIVEIRA,7nx
RUA EST ERICO MARCOS VELOSO,7nx
RUA EST FABIANA DE MEDEIROS,7nx
RUA EST FABIO JOSE DE SOUZA SANTOS,7nx
RUA EST FELIPE CORDEIRO DE MEDEIROS,7nx
RUA EST FLAVIO DIAS BRANDAO JUNIOR,7nx
RUA EST FRANCISCO EDSON SPINELLI DE FIGUEIREDO,7nx
RUA EST FREDERICO DE FARIAS DIAS,7nx
RUA EST GENILSON XAVIER DE MOURA ALMEIDA,7nx
RUA EST GERALDO MACARIO SANTANA DE OLIVEIRA,7nx
RUA EST HAROLDO MEDEIROS VENANCIO,7nx
RUA EST IDALVO RIBEIRO BARBOSA FILHO,7nx
RUA EST JONAS ALISSON ALVES DOS SANTOS,7nx
RUA EST JOSE CORREIA FILHO,7nx
RUA EST JOSE KLEAN PEREIRA MOURA,7nx
RUA EST JOSE PAULO NETO FILHO,7nx
RUA EST JOSEANE FERREIRA DE AGUIAR,7nx
RUA EST JOSELIO FARIAS DE AGUIAR,7nx
RUA EST JOSIMAR DE ALMEIDA SILVA,7nx
RUA EST JULIO CESAR SOARES DA SILVA,7nx
RUA EST JUNIO HENRIQUE DE FARIAS,7nx
RUA EST JÚNIOR FERREIRA BARBOSA,7nx
RUA EST KELLY SAMARA GOUVEIA OLIVEIRA,7nx
RUA EST KLEIBSON GUEDES FERREIRA,7nx
RUA EST LEANDRO CONCEIÇÃO LINO DOS SANTOS,7nx
RUA EST LUCIVAN GOMES BARBOSA,7nx
RUA EST MARCOS ANDRÉ ANDRADE DA SILVA,7nx
RUA EST MARIA CLEONICE BARROS,7nx
RUA EST MARIA DE FÁTIMA ESPÍNOLA DA NÓBREGA,7nx
RUA EST MÁRCIO TAVARES DE MELO,7nx
RUA EST NOEMIA MONTENEGRO DA SILVA,7nx
RUA EST OLIVEIROS FERNANDES FILHO,7nx
RUA EST OMIR DOMICIANO CABRAL,7nx
RUA EST PEDRO BARBOSA FILHO,7nx
RUA EST REGINALDO MANOEL DOS SANTOS FILHO,7nx
RUA EST RICARDO JORGE LIMA DE LACERDA,7nx
RUA EST SILVAN JOSE DA SILVA,7nx
RUA EST SURAMA VIRGINIA ROQUE,7nx
RUA EST SUYANE MARIA DE FREITAS,7nx
RUA EST TARCISIO MARQUES DE AGUIAR,7nx
RUA EST TATIANA CIRINO DE ARAÚJO,7nx
RUA EST THIAGO AZEVEDO DA SILVA,7nx
RUA EST VALERIA CAVALCANTI DE LIMA,7nx
RUA EST VANIA LUCIA ARAÚJO MONTENEGRO,7nx
RUA EST YANICK DINIZ DA COSTA,7nx
RUA EST. EVERALDO GOMES DA CUNHA FILHO,7nx
RUA ESTACAO CIENCIA,7nx
RUA ESTANISLAU DE FARIAS AMORIM,7nx
RUA ESTELIANO MONTEIRO GUEDES,7nx
RUA ESTER NASCIMENTO,7nx
RUA ESTER PIRES DE LIMA,7nx
RUA ESTRELA DALVA,7nx
RUA ESTU JOSE WALTER FARIAS MINDÊLO,7nx
RUA ESTUD JOÃO GALDINO DA SILVA,7nx
RUA ESTUD MARIA DAS DORES ARAÚJO,7nx
RUA ESTUD THIAGO OZANAN ALCANTARA BENICIO,7nx
RUA EUCLIDES FERREIRA DE CARVALHO,7nx
RUA EUDES DE ALMEIDA CARVALHO,7nx
RUA EUDO JANSEN,7nx
RUA EUFLASINA TEREZA DO NASCIMENTO,7nx
RUA EUGENIO PACELLI DE SOUZA MEDEIROS,7nx
RUA EUGÊNIO CLEMENTINO LEITE,7nx
RUA EUNICE MARIA SANTIAGO,7nx
RUA EURIDICE DE CARVALHO FERREIRA,7nx
RUA EURIDICE FELIX CABRAL,7nx
RUA EVA MENDES CAVALCANTE,7nx
RUA EVALDO TRAJANO,7nx
RUA EVANDRO LUIZ FEITOSA TRAJANO,7nx
RUA EVANG MARIA VENÂNCIO FERREIRA DE AGUIAR,7nx
RUA EVANGE JOSE FERREIRA DE AGUIAR,7nx
RUA EVANILDE PICORELLI DE LIMA,7nx
RUA EVANILDO BARBOSA DE ARAUJO,7nx
RUA EVANILDO SERRANO DE CARVALHO,7nx
RUA EVERALDO DA SILVA MOUZINHO,7nx
RUA EX-COMB JOSE DO PATROCINIO DE CARVALHO,7nx
RUA EXCOMB ASSIS LUIS,7nx
RUA EXCOMB BALDUÍNO GOMES VIANNA,7nx
RUA EXCOMB JOSUÉ ISMAEL DE OLIVEIRA,7nx
RUA EXCOMB RODOLFO GOMES DE LIMA,7nx
RUA EXCOMB ÁLVARO CASTELO BRANCO DA SILVA,7nx
RUA FABIO ALEXANDRE SEABRA PEIXOTO,7nx
RUA FARM ANTONIO LEOPOLDO BATISTA,7nx
RUA FARM ANTÔNIO TEIXEIRA LIMA,7nx
RUA FARM RUFINO SATUMINO DA SILVA,7nx
RUA FARM SEVERINO CABRAL DE LUCENA,7nx
RUA FAROL DO CABO BRANCO,7nx
RUA FELIPE SANTIAGO VASCONCELOS,7nx
RUA FERNANDO ANTONIO DA SILVA OLIVEIRA,7nx
RUA FERNANDO CARLOS DE OLIVEIRA,7nx
RUA FERNANDO JORGE BARROS DE OLIVEIRA,7nx
RUA FERNANDO JOSÉ DA SILVA FERREIRA,7nx
RUA FERNANDO TORRES,7nx
RUA FILIPEIA,7nx
RUA FIRMINO ROSA TORRES,7nx
RUA FISC ADEMAR ALVES DA SILVA,7nx
RUA FISC EPITÁCIO DAS NEVES PINTO,7nx
RUA FISC TRANS JOAO BATISTA DA SILVA,7nx
RUA FLAVIANO BATISTA RABELLO,7nx
RUA FLODOALDO PEIXOTO FILHO,7nx
RUA FLORENCIO DE ALMEIDA BASTOS,7nx
RUA FLORESTAL,7nx
RUA FLORIPES TAVARES DE QUEIROZ,7nx
RUA FORTE DE SANTA CATARINA,7nx
RUA FOTOG ERNANI AUGUSTO DE CARVALHO,7nx
RUA FOTOG JOSÉ CARLOS DE LIRA,7nx
RUA FRANCA,7nx
RUA FRANCINALDO DE SOUZA RIBEIRO,7nx
RUA FRANCINALDO DELFINO DA SILVA,7nx
RUA FRANCISCA DANTAS DE SOUSA,7nx
RUA FRANCISCA EDITE FERNANDES MOREIRA,7nx
RUA FRANCISCA GONCALVES DE ABRANTES,7nx
RUA FRANCISCA MARIA BEZERRA CAVALCANTE,7nx
RUA FRANCISCA MORAIS DE LIMA,7nx
RUA FRANCISCA MUNIZ DE BRITO,7nx
RUA FRANCISCA PERREIRA DE ALCANTARA,7nx
RUA FRANCISCA TEREZA DE CARVALHO,7nx
RUA FRANCISCO ALVES DA SILVA,7nx
RUA FRANCISCO ALVES FEITOSA,7nx
RUA FRANCISCO ALVES RODRIGUES,7nx
RUA FRANCISCO AMARO DE BRITO,7nx
RUA FRANCISCO AUGUSTO FERNANDES,7nx
RUA FRANCISCO BARBOSA SOBRINHO,7nx
RUA FRANCISCO BATISTA CORREIA,7nx
RUA FRANCISCO BENTO,7nx
RUA FRANCISCO CARNEIRO CAVALCANTE,7nx
RUA FRANCISCO DA CUNHA FILHO,7nx
RUA FRANCISCO DE ALMEIDA JUSTO,7nx
RUA FRANCISCO DE ASSIS,7nx
RUA FRANCISCO DE ASSIS COSTA,7nx
RUA FRANCISCO DE ASSIS DIAS,7nx
RUA FRANCISCO DE ASSIS DOS SANTOS,7nx
RUA FRANCISCO DE ASSIS SALDANHA,7nx
RUA FRANCISCO DE ASSIS SILVESTRE,7nx
RUA FRANCISCO DE MELO,7nx
RUA FRANCISCO DE VASCONCELLOS LEITAO,7nx
RUA FRANCISCO DIASSIS DO VALE,7nx
RUA FRANCISCO DO NASCIMENTO,7nx
RUA FRANCISCO DO PRADO XIMENES,7nx
RUA FRANCISCO ELISEU DE MEDEIROS,7nx
RUA FRANCISCO FABIO DE ASSIS SOUZA,7nx
RUA FRANCISCO FELIPE DE PAULA,7nx
RUA FRANCISCO FRANCELINO GONCALVES,7nx
RUA FRANCISCO GOMES DE OLIVEIRA,7nx
RUA FRANCISCO HENRIQUE DA SILVA,7nx
RUA FRANCISCO JACINTO NETO,7nx
RUA FRANCISCO MEDEIROS E SILVA,7nx
RUA FRANCISCO PEREGRINO MONTENEGRO,7nx
RUA FRANCISCO PEREIRA DE ALCANTARA,7nx
RUA FRANCISCO PEREIRA DE SOUSA,7nx
RUA FRANCISCO RODRIGUES FILHO,7nx
RUA FRANCISCO RUFINO DOS SANTOS,7nx
RUA FRANCISCO SEMEÃO LEAL PEREIRA,7nx
RUA FRANCISCO SERAFIM DA COSTA,7nx
RUA FRANCISCO SEVERINO DA PAZ,7nx
RUA FRANCISCO TAVARES DA SILVA,7nx
RUA FRANCISCO TENÓRIO DOS SANTOS,7nx
RUA FRANCISCO TIMOTEO DE SOUZA,7nx
RUA FRANCISCO TRAJANO DA SILVA,7nx
RUA FRANCISCO VERISSIMO MARQUES,7nx
RUA FREI AFONSO,7nx
RUA FREI ALBINO,7nx
RUA FREI ANTONIO GONCALVES,7nx
RUA FREI CANECA,7nx
RUA FREI DAMIAO,7nx
RUA FREI GALVAO,7nx
RUA FREI HENRIQUE DE COIMBRA,7nx
RUA FREI HERCULANO,7nx
RUA FREI JOAQUIM,7nx
RUA FREI MARTINHO,7nx
RUA FREI METODIO,7nx
RUA FREI MIGUELINHO,7nx
RUA FREI NORBERTO,7nx
RUA FREI VICENTE SALVADOR,7nx
RUA FREI VIRGILIO PANZER,7nx
RUA FREI VITAL,7nx
RUA FUN JOSE DE FRANCA GUEDES,7nx
RUA FUN MARCOS MAIA GOES,7nx
RUA FUN NORMANDO SPINELLI DE OLIVEIRA,7nx
RUA FUN ODON ALMEIDA,7nx
RUA FUNC ALCIDES SEVERINO DOS SANTOS,7nx
RUA FUNC DAVID DE BARROS COSTA,7nx
RUA FUNC JOAO BATISTA DE SOUZA,7nx
RUA FUNC JOSE ELIAS DE FRANÇA,7nx
RUA FUNC JOSIAS PRUDÊNCIO DA SILVA,7nx
RUA FUNC JOSÉ VIEGAS MINDELO,7nx
RUA FUNC LAURA BATISTA DANTAS,7nx
RUA FUNC LUZIA FRANCISCA DOS SANTOS,7nx
RUA FUNC MARIA DE LOURDES DA CUNHA PESSOA,7nx
RUA FUNC P CARLOS RIBEIRO FILHO,7nx
RUA FUNC P GENI FERREIRA DA SILVA,7nx
RUA FUNC PEDRO ALVES DA SILVA,7nx
RUA FUNC PUB PAULO ANTONIO BASTOS PORTELA,7nx
RUA FUNC REGINALDO OLIVEIRA DA SILVA,7nx
RUA FUNC ROSA MACHADO DA COSTA,7nx
RUA FUNC SANDRA MARIA MIRANDA SANTOS,7nx
RUA FUNC SEBASTIANA SANTINA DE ARAUJO FERREIRA,7nx
RUA FUNC SEVERINA FLOR DA SILVA,7nx
RUA FUNC SEVERINA TENORIO DA SILVA,7nx
RUA FUNC SEVERINO PEREIRA DA SILVA,7nx
RUA FUNC ZILDA LEAL FREIRE,7nx
RUA FÉLIX ARAÚJO DA SILVA,7nx
RUA G MEST PEDRO D'ARAGAO,7nx
RUA GABRIEL FELIPE DOS SANTOS,7nx
RUA GABRIEL SIMPLICIO LISBOA,7nx
RUA GAL ALDENOR QUINDERE,7nx
RUA GAL ALFREDO FLORO CANTALICE,7nx
RUA GAL ANTERO DE BRITO,7nx
RUA GAL AURELIO DE LYRA TAVARES,7nx
RUA GAL EURICO GASPAR DUTRA,7nx
RUA GAL FRANCISCO DE ASSIS ARAÚJO BEZERRA,7nx
RUA GAL IVO BORGES DA FONSECA NETO,7nx
RUA GAL JOSE BENTES MONTEIRO,7nx
RUA GAL LIMA MINDELO,7nx
RUA GAL PEDRO GONCALVES DE MEDEIROS,7nx
RUA GAL RENATO RIBEIRO MORAIS,7nx
RUA GAL SALVADOR BATISTA DO REGO,7nx
RUA GALO DE CAMPINA,7nx
RUA GATO DO MATO,7nx
RUA GAUBER DOS SANTOS BATISTA COELHO,7nx
RUA GEIZA MARIA DE SOUSA,7nx
RUA GENEZIO ROQUE DE MORAIS,7nx
RUA GENIVAL DA SILVA TORRES,7nx
RUA GENIVAL DE OLIVEIRA,7nx
RUA GENIVAL DO NASCIMENTO,7nx
RUA GEOVANE DE SOUZA CAVALCANTI,7nx
RUA GERALDO ALVES GOMIDES,7nx
RUA GERALDO BRANDAO ROCHA,7nx
RUA GERALDO CUNHA LIMA,7nx
RUA GERALDO DA SILVA MONTEIRO,7nx
RUA GERALDO FRANCISCO DOS SANTOS,7nx
RUA GERALDO HIBERTO DA COSTA,7nx
RUA GERALDO ROBERTO DA SILVA,7nx
RUA GERONCIO STANISLAU NOBREGA,7nx
RUA GERVASIO BONAVIDES,7nx
RUA GILVERSON DE ARAÚJO CORDEIRO,7nx
RUA GIOVANNI MARINHO DE MELO,7nx
RUA GIUSEPPE DUARTE DE QUEIROZ,7nx
RUA GIVALDO ALCÂNTARA GUSMÃO,7nx
RUA GIVALDO DE ARAÚJO DANTAS,7nx
RUA GIZELDA RIBEIRO DE SOUZA,7nx
RUA GLAURA LUCIA  SOBRERA ALEXANDRE,7nx
RUA GOV CLOVIS BEZERRA CAVALCANTI,7nx
RUA GOV JOSE GOMES DA SILVA,7nx
RUA GOV LUIZ DE BRITO ALMEIDA,7nx
RUA GOV MATIAS DE ALBUQUERQUE,7nx
RUA GOV MÁRIO COVAS,7nx
RUA GOV PEDRO GONDIM,7nx
RUA GOV SAMUEL DUARTE,7nx
RUA GRAF JOSE EUZEBIO DA ROCHA,7nx
RUA GUAPURUVU,7nx
RUA GUATEMALA,7nx
RUA GUIOMAR DE MEDEIROS COSTA,7nx
RUA GUMERCINDO CABRAL DE LUCENA,7nx
RUA GUSTAVO LIMA FILHO,7nx
RUA GUTEMBERG DE SOUZA,7nx
RUA HAITI,7nx
RUA HARDMAN CAVALCANTE,7nx
RUA HAROLDO FLÁVIO FERREIRA PIMENTA,7nx
RUA HARPAS DE SIAO,7nx
RUA HEBE FERNANDES GONDIM COSTA,7nx
RUA HEDY NÓBREGA SEIXAS DE ARAÍJO,7nx
RUA HEGEL MARX SARAIVA DE ALMEIDA,7nx
RUA HELENA SOUSA LACERDA DOS SANTOS,7nx
RUA HELENO FRANCISCO PEREIRA,7nx
RUA HENRIQUE FERREIRA DE VASCONCELOS,7nx
RUA HERACLITO DE ALMEIDA,7nx
RUA HERCULES GOMES DE ALMEIDA,7nx
RUA HERIBERTO RIBEIRO DA SILVA,7nx
RUA HERMELINDA HENRIQUES ARAUJO,7nx
RUA HERMES TAURINO DA SILVA,7nx
RUA HERNANI DE OLIVEIRA FIALHO,7nx
RUA HERONIDES CAVALCANTE DE MACEDO,7nx
RUA HEVANGELINA FRANCISCA DINIZ,7nx
RUA HILDA MENDES DA ROCHA,7nx
RUA HILDA MENDES SOARES,7nx
RUA HILDA PAREDES MORAIS,7nx
RUA HILTA MARTINS DE LIMA,7nx
RUA HILÁRIO VIEIRA,7nx
RUA HISTORIA DE AMOR,7nx
RUA HOLANDA,7nx
RUA HOMENS DE BARRO,7nx
RUA HONDURAS,7nx
RUA HORTENCIO RIBEIRO DE LUNA,7nx
RUA HUMBERTO DA SILVA PAIVA FILHO,7nx
RUA HUMBERTO MADRUGA DO NASCIMENTO,7nx
RUA HUMBERTO MAUL,7nx
RUA HUNGRIA,7nx
RUA HÉLIO HOLLANDA DE MEDEIROS,7nx
RUA IBIAPINA DE SOUZA MAGALHAES,7nx
RUA IGREJA DE SAO FRANCISCO,7nx
RUA IMACULADA CONCEIÇÃO,7nx
RUA IMBAÚBA,7nx
RUA IMPORTACAO,7nx
RUA INACIA DE ARAUJO PEREIRA,7nx
RUA INACIO CANUTO DE OLIVEIRA,7nx
RUA INACIO MARCELINO,7nx
RUA INACIO RAMOS DE ANDRADE,7nx
RUA IND ABELARDO ALVIM GOMES SCHIMMELPFENG,7nx
RUA IND DANILO DA PENHA PAIVA,7nx
RUA IND JOAO URSULO,7nx
RUA IND JOSÉ FLÁVIO PINHEIRO,7nx
RUA INDIO FELIPE CAMARAO,7nx
RUA INDIO PIRAGIBE,7nx
RUA INDONESIA,7nx
RUA INDUS LINDOLFO DE CARVALHO,7nx
RUA INDÍGENAS,7nx
RUA INES PESSOA DA SILVA,7nx
RUA INSP EMILIA MENDONCA GOMES,7nx
RUA INSP MALVINO LUNA,7nx
RUA INVEST ANTONIO ALVES DE LIMA,7nx
RUA INVEST ANTONIO ARANTES,7nx
RUA INÁCIA MARIA DE SOUTO,7nx
RUA INÁCIA PESSOA DA SILVA,7nx
RUA INÁCIO ALBINO NETO,7nx
RUA IPÊ- AMARELO,7nx
RUA IRACEMA CORREIA LIMA,7nx
RUA IRACEMA GUILHERMINA DE MACEDO,7nx
RUA IRACEMA MARIANO ARAÚJO,7nx
RUA IRACI ALMEIDA DA COSTA,7nx
RUA IRACI FELIX CORDEIRO,7nx
RUA IRACI GOMES DO REGO,7nx
RUA IRAMI FARIAS DALLA BARBA,7nx
RUA IRAN GOMES SOARES,7nx
RUA IRAPUAN VASCONCELOS LEITAO DA CUNHA,7nx
RUA IRAQUE,7nx
RUA IRENE MARIA DE MACÊDO DANTAS,7nx
RUA IRENE PEREIRA DOS SANTOS,7nx
RUA IRINEU MARINHO,7nx
RUA IRMA ELVIRA MALAGUTE,7nx
RUA IRMA MARIA ARCAIDE,7nx
RUA IRMA MARIA DAS NEVES,7nx
RUA IRMA MARIA EVANGELIE,7nx
RUA IRMAO ANTONIO REGINALDO,7nx
RUA IRMÃ MARGARIDA SOARES DO NASCIMENTO,7nx
RUA ISAURA BERNARDO DE ARAÚJO XAVIER,7nx
RUA ISAURO DOMINGUES DE CARVALHO,7nx
RUA ISLANDIA,7nx
RUA ITAMAR CAVALCANTE DE ALBUQUERQUE,7nx
RUA ITAPOROROCA,7nx
RUA IVAN DE OLIVEIRA BRITO,7nx
RUA IVANILDE GOMES BASTO,7nx
RUA IVANILDO GAMA,7nx
RUA IVETE DE LUCENA MEDEIROS FERREIRA,7nx
RUA IVONE LEITE FIGUEIREDO ARANHA,7nx
RUA IVONETE MONTEIRO DOS SANTOS,7nx
RUA IVONETE MOUSINHO ALMEIDA,7nx
RUA IVONISE MACEDO DE CARVALHO,7nx
RUA IZABEL SOARES GOMES,7nx
RUA IÊDA DE ANDRADE NÓBREGA,7nx
RUA IÊDA PEREIRA DA SILVA,7nx
RUA JACARAÚ,7nx
RUA JACINTO FLORÊNCIO FERREIRA,7nx
RUA JACIRA MARIA DELGADO PEREIRA,7nx
RUA JAGUATIRICA,7nx
RUA JAIME DO PATROCINIO MIRANDA,7nx
RUA JAIME PEREIRA FELIX,7nx
RUA JAIME VITAL DE ANDRADE,7nx
RUA JAIRO MIRANDA MOTA,7nx
RUA JAMAICA,7nx
RUA JANDIR FERNANDES VIEIRA,7nx
RUA JANDUI DANTAS DO NASCIMENTO,7nx
RUA JANDUÍ DE ARAUJO,7nx
RUA JANETE BELO DA SILVA,7nx
RUA JANETE MACEDO DE BRITO,7nx
RUA JANIO CARLOS DA SILVA FILHO,7nx
RUA JANISETE FEITOSA DE ALMEIDA,7nx
RUA JARBAS HERMANO BARBOSA GOMES,7nx
RUA JARDEL GOMES DO NASCIMENTO,7nx
RUA JEANE DA SILVA CRUZ,7nx
RUA JEFERSON SYRIO FERREIRA LIMA,7nx
RUA JEQUITIBÁ ROSA,7nx
RUA JERUSALÉM,7nx
RUA JESSÉ PAIVA DA SILVA,7nx
RUA JOAMIR SEVERINO DOS SANTOS,7nx
RUA JOANA COUTINHO OLIVEIRA,7nx
RUA JOANA LOPES DOS SANTOS,7nx
RUA JOANA MARIA DA SILVA,7nx
RUA JOANNA DE BARROS MOREIRA MACHADO,7nx
RUA JOAO AGRIPINO DE ALMEIDA,7nx
RUA JOAO AGRIPINO DE CASTRO,7nx
RUA JOAO ALFREDO COELHO DA FONSECA,7nx
RUA JOAO ALVES CORDEIRO,7nx
RUA JOAO AMARO DE BRITO,7nx
RUA JOAO ANSELMO  FERREIRA,7nx
RUA JOAO ANTONIO DA SILVA,7nx
RUA JOAO ANTONIO DE VIEIRA FILHO,7nx
RUA JOAO ARGINO BORGES,7nx
RUA JOAO ARRUDA CAMPOS,7nx
RUA JOAO AUGUSTO DA NOBREGA,7nx
RUA JOAO AVELINO GUEDES,7nx
RUA JOAO BATISTA DA SILVA,7nx
RUA JOAO BATISTA TAVARES DE MELO,7nx
RUA JOAO BATISTA TEIXEIRA DE CARVALHO,7nx
RUA JOAO BEZERRA DE SOUZA,7nx
RUA JOAO BOSCO DOS SANTOS,7nx
RUA JOAO CANCIO DOS SANTOS,7nx
RUA JOAO CIRILO SOARES DA SILVEIRA,7nx
RUA JOAO DA COSTA SILVA,7nx
RUA JOAO DE BRITO LIMA  MOURA,7nx
RUA JOAO EUFRASIO RIBEIRO,7nx
RUA JOAO EVANGELISTA DA SILVA,7nx
RUA JOAO EVARISTO DOS SANTOS,7nx
RUA JOAO FIGUEIREDO DE ALCANTARA,7nx
RUA JOAO GABINIO DE CARVALHO,7nx
RUA JOAO GRILO E CHICO,7nx
RUA JOAO HOMERO COSTA VILAR,7nx
RUA JOAO JANUARIO BATISTA,7nx
RUA JOAO MARIA DE ARAUJO,7nx
RUA JOAO MATIAS DA COSTA,7nx
RUA JOAO MENDONÇA FONSECA,7nx
RUA JOAO MOREIRA DAUTO,7nx
RUA JOAO NAVARRO FILHO,7nx
RUA JOAO OLIOTA NETO,7nx
RUA JOAO OSCAR,7nx
RUA JOAO PACHECO RABELO,7nx
RUA JOAO PEDRO TEIXEIRA,7nx
RUA JOAO PEREIRA BATISTA,7nx
RUA JOAO POSSIDONIO MADRUGA,7nx
RUA JOAO RAIMUNDO DE LUCENA,7nx
RUA JOAO ROBERTO DE LIMA,7nx
RUA JOAO RODRIGUES DOS ANJOS,7nx
RUA JOAO SINESIO DA SILVA,7nx
RUA JOAO TARGINO DA SILVA,7nx
RUA JOAO TIBURTINO LEITE,7nx
RUA JOAO TRAJANO DA COSTA,7nx
RUA JOAO VIRGINIO ACIOLI,7nx
RUA JOAQUIM ANGELO DA COSTA,7nx
RUA JOAQUIM AVELINO ALVES,7nx
RUA JOAQUIM CLEMENTINO PEREIRA,7nx
RUA JOAQUIM FARIAS BARBOSA,7nx
RUA JOAQUIM INACIO DE OLIVEIRA,7nx
RUA JOAQUIM JULIAO MEDEIROS,7nx
RUA JOAQUIM MACEDO PAIVA,7nx
RUA JOAQUIM MONTEIRO DA FRANCA,7nx
RUA JOAQUIM MOREIRA DE OLIVEIRA,7nx
RUA JOAQUIM PEREIRA DA SILVA,7nx
RUA JOARENE CAVALCANTI DE ALBUQUERQUE,7nx
RUA JOELMA PEREIRA HERMÍNIO,7nx
RUA JORGE DE BARROS BARBOSA,7nx
RUA JORGE HOLANDA DA SILVA,7nx
RUA JORGE LUCENA DE MOURA,7nx
RUA JORGE WELLINGTON MELO NEVES,7nx
RUA JORN ALIRIO WANDERLEY,7nx
RUA JORN ANDRE REBOUÇAS,7nx
RUA JORN ANTONIO BARROSO PONTES,7nx
RUA JORN ANTONIO GENÉSIO DE SOUSA,7nx
RUA JORN ANTÔNIO BARRETO NETO,7nx
RUA JORN DELFINO COSTA,7nx
RUA JORN DULCIDIO MOREIRA,7nx
RUA JORN EURIPEDES GADELHA,7nx
RUA JORN HERMANO PONCE DE CARVALHO ROCHA,7nx
RUA JORN HILTON MUNIZ DE BRITO,7nx
RUA JORN JADER LESSA FEITOSA,7nx
RUA JORN JAIR ALVES DOS SANTOS,7nx
RUA JORN JOAO JOSE TORRES,7nx
RUA JORN JOSE DO PATROCINIO,7nx
RUA JORN JOSE MARIA SANTOS,7nx
RUA JORN JOSE RAMALHO,7nx
RUA JORN JOSÉ RAMALHO DE LIMA,7nx
RUA JORN JURANDIR BARROS,7nx
RUA JORN LUIZ DA SILVA PINTO,7nx
RUA JORN LUIZ GAMA,7nx
RUA JORN MARCELO ANTONIO AMARAL DA ROCHA,7nx
RUA JORN MARCIA MENDES,7nx
RUA JORN NATANAEL ALVES,7nx
RUA JORN NEY RAMALHO,7nx
RUA JORN ODUVALDO BATISTA,7nx
RUA JORN PEDRO MOREIRA SARAIVA,7nx
RUA JORN POTIGUAR JOSE DA COSTA,7nx
RUA JORN RAFAEL MORORO,7nx
RUA JORN ROCHA BARRETO,7nx
RUA JORN RUBENS CESAR,7nx
RUA JORN ULISSES OLIVEIRA,7nx
RUA JORN WLADEMIR HERZOG,7nx
RUA JOSE ALVES DE LIMA,7nx
RUA JOSE ANTONIO DA SILVA NETO,7nx
RUA JOSE ANTONIO FERREIRA DE MIRANDA,7nx
RUA JOSE ARAUJO DA SILVA,7nx
RUA JOSE BEZERRA DE FARIAS,7nx
RUA JOSE BEZERRIL BEZERRA,7nx
RUA JOSE BORGES COUTINHO,7nx
RUA JOSE CANDEIA DO NASCIMENTO,7nx
RUA JOSE CANDIDO DA SILVA,7nx
RUA JOSE CARDOSO DE OLIVEIRA,7nx
RUA JOSE CARLOS ALVES DOS SANTOS,7nx
RUA JOSE CARLOS DE ALMEIDA CARNEIRO,7nx
RUA JOSE CESAR DE CARVALHO,7nx
RUA JOSE DE CARVALHO COSTA FILHO,7nx
RUA JOSE DE OLIVEIRA,7nx
RUA JOSE ERNESTO ALMEIDA DA COSTA,7nx
RUA JOSE ESPINOLA GUEDES,7nx
RUA JOSE EVANGELISTA DA SILVA,7nx
RUA JOSE FELICIANO PEDROSA,7nx
RUA JOSE FELIX DA SILVA,7nx
RUA JOSE FERNANDES WANDERLEY,7nx
RUA JOSE FRANCISCO DE MELO,7nx
RUA JOSE FREIRE DE LIMA,7nx
RUA JOSE GALDINO DOS SANTOS,7nx
RUA JOSE GOMES BEZERRA,7nx
RUA JOSE GOMES DO AMARANTE,7nx
RUA JOSE GONCALVES,7nx
RUA JOSE JOAQUIM DA SILVA,7nx
RUA JOSE LIANZA,7nx
RUA JOSE LOPES DA SILVA,7nx
RUA JOSE LUIZ DA SILVA,7nx
RUA JOSE MARCELLO COSTA,7nx
RUA JOSE MARIA RAMOS,7nx
RUA JOSE MARINHO DE SOUSA,7nx
RUA JOSE MATIAS GUEDES,7nx
RUA JOSE MENDES LEITE,7nx
RUA JOSE NOBREGA BARBOSA,7nx
RUA JOSE NUNES SOBRINHO,7nx
RUA JOSE ORLANDO SOUTO,7nx
RUA JOSE QUIRINO DOS SANTOS,7nx
RUA JOSE RAMALHO BRUNET,7nx
RUA JOSE REINALDO DE BRITO SILVA,7nx
RUA JOSE ROBERTO GURJAO GUEDES,7nx
RUA JOSE RODRIGUES MATOS,7nx
RUA JOSE RONALDO DE JESUS,7nx
RUA JOSE SEVERINO DE MELO,7nx
RUA JOSE TAVARES DE SOUSA,7nx
RUA JOSE TOMAS DE SOUZA,7nx
RUA JOSE VIEGAS ALVES,7nx
RUA JOSE WILKER SOARES DA COSTA,7nx
RUA JOSEFA ALVES LEAL,7nx
RUA JOSEFA CABRAL DE SOUZA,7nx
RUA JOSEFA CARNEIRO DA CUNHA,7nx
RUA JOSEFA CUNHA DANTAS,7nx
RUA JOSEFA DA SILVA LIMA,7nx
RUA JOSEFA FERREIRA DA FONSECA,7nx
RUA JOSEFA GOMES DA SILVA,7nx
RUA JOSEFA GOMES FIRMINO,7nx
RUA JOSEFA LUZINETE DE SOUZA SOARES,7nx
RUA JOSEFA MARIA DO NASCIMENTO,7nx
RUA JOSEFA PEREIRA ABREU,7nx
RUA JOSEFA PEREIRA DE ALMEIDA,7nx
RUA JOSEFA TAVEIRA,7nx
RUA JOSENALDO FRANCISCO SIMAO,7nx
RUA JOSIMAR LEITE DE ARAUJO,7nx
RUA JOSINALDO BELO DA SILVA,7nx
RUA JOSINALDO FLORENCIO DA SILVA,7nx
RUA JOSITA ALMEIDA,7nx
RUA JOSUÉ HENRIQUE XAVIER,7nx
RUA JOSÉ ALBERTO FIRMINO DO BÚ,7nx
RUA JOSÉ ANTÔNIO SARMENTO JÚNIOR,7nx
RUA JOSÉ ARI SANTIAGO MAIA,7nx
RUA JOSÉ AYRTHON NÓBREGA,7nx
RUA JOSÉ BORGES,7nx
RUA JOSÉ CARLOS ALVES DOS SANTOS,7nx
RUA JOSÉ CARLOS DE MOURA MACIEL,7nx
RUA JOSÉ CARLOS DIAS BRANDÃO,7nx
RUA JOSÉ CASSILHAS,7nx
RUA JOSÉ CLAUDIO XAVIER,7nx
RUA JOSÉ CLETO RIBEIRO,7nx
RUA JOSÉ DANTAS DE QUEIROGA NETO,7nx
RUA JOSÉ DE ARIMATÉIA DA SILVA,7nx
RUA JOSÉ DE MEDEIROS MELO,7nx
RUA JOSÉ DE OLIVEIRA BATISTA,7nx
RUA JOSÉ DE OLIVEIRA MONTEIRO,7nx
RUA JOSÉ DE SOUZA MACIEL,7nx
RUA JOSÉ DOMINGUES FILHO,7nx
RUA JOSÉ ENOILDO SOUTO FERNANDES,7nx
RUA JOSÉ EVALDO COUTINHO GUEDES,7nx
RUA JOSÉ FAUSTINO DE ALMEIDA,7nx
RUA JOSÉ FELIPE DE OLIVEIRA,7nx
RUA JOSÉ FERREIRA DA SILVA,7nx
RUA JOSÉ FERREIRA DE AMORIM,7nx
RUA JOSÉ FERREIRA DE ARAÚJO,7nx
RUA JOSÉ FRAGOSO DA COSTA,7nx
RUA JOSÉ FRANCISCO DOS SANTOS,7nx
RUA JOSÉ GOMES DA SILVA,7nx
RUA JOSÉ GONÇALVES DA SILVA,7nx
RUA JOSÉ GOUVEIA DE LIMA,7nx
RUA JOSÉ HELCIMAR FREITAS PAIVA,7nx
RUA JOSÉ HERMANO DE CALDAS BARROS,7nx
RUA JOSÉ IMPERIANO DA COSTA,7nx
RUA JOSÉ ISRAEL DE OLIVEIRA,7nx
RUA JOSÉ IZIDRO FILHO,7nx
RUA JOSÉ JOÃO BRANDÃO DA ROCHA,7nx
RUA JOSÉ LEANDRO DE CARVALHO,7nx
RUA JOSÉ LEONARDO DOS SANTOS,7nx
RUA JOSÉ LUIZ DE ALBUQUERQUE,7nx
RUA JOSÉ LUIZ DE SALES,7nx
RUA JOSÉ MARIA DE FREITAS,7nx
RUA JOSÉ MARTINS DA SILVA FILHO,7nx
RUA JOSÉ MARTINS DOS SANTOS,7nx
RUA JOSÉ MIGUEL DE LIMA,7nx
RUA JOSÉ MOURA FILHO,7nx
RUA JOSÉ NILDO SANTIAGO,7nx
RUA JOSÉ NORMANDO DE MELO,7nx
RUA JOSÉ PAULINO COSTA FILHO,7nx
RUA JOSÉ PEREIRA PAULINO,7nx
RUA JOSÉ PESSOA DE AMORIM,7nx
RUA JOSÉ ROBEIRO DE SOUZA,7nx
RUA JOSÉ ROBERTO ARAÚJO DE SOUZA,7nx
RUA JOSÉ RODRIGUES DE PAIVA,7nx
RUA JOSÉ SOARES DE SOUSA,7nx
RUA JOSÉ TAVARES BENEVIDES,7nx
RUA JOSÉ VERÍSSIMO DA SILVA IRMÃO,7nx
RUA JOSÉ VICENTE DOS SANTOS,7nx
RUA JOSÉ VITORINO DE ARAÚJO,7nx
RUA JOÃO BATISTA DA ROCHA,7nx
RUA JOÃO DE DEUS ALVES,7nx
RUA JOÃO DE SOUZA LIMA,7nx
RUA JOÃO DIAS,7nx
RUA JOÃO FRANCISCO SOARES,7nx
RUA JOÃO GARCIA DE MACEDO,7nx
RUA JOÃO GONÇALVES RIBEIRO,7nx
RUA JOÃO JORGE DE LIMA,7nx
RUA JOÃO LOPES DA SILVA JÚNIOR,7nx
RUA JOÃO MOTA DA SILVA,7nx
RUA JOÃO MOUSINHO DE PONTES,7nx
RUA JOÃO ROQUE DA SILVA,7nx
RUA JOÃO SIQUEIRA DE FIGUEIREDO,7nx
RUA JUIZ ACRISIO NEVES,7nx
RUA JUIZ AMARO BEZERRA,7nx
RUA JUIZ ANANIAS PORDEUS GADELHA,7nx
RUA JUIZ ANTONIO RODRIGO MACIEL,7nx
RUA JUIZ ARNALDO FERREIRA ALVES,7nx
RUA JUIZ DOMINGUES PORTO,7nx
RUA JUIZ ELMANO PEREIRA DE SIQUEIRA,7nx
RUA JUIZ GAMA E MELO,7nx
RUA JUIZ GIL BRANDAO LIBANIO,7nx
RUA JUIZ HITLER DE SIQUEIRA CAMPOS CANTALICE,7nx
RUA JUIZ JOSE SALDANHA,7nx
RUA JUIZ JOSÉ ALFREDO NOBREGA DE FREITAS,7nx
RUA JUIZ MANOEL JOAO DA SILVA,7nx
RUA JUIZ OVIDIO GOUVEIA,7nx
RUA JULIANA GOMES DA SILVA,7nx
RUA JULIETA CORDEIRO DE MEDEIROS,7nx
RUA JULINEIDE LIMA DA SILVA,7nx
RUA JULIO BRAZ DE OLIVEIRA,7nx
RUA JULIO CIRILO  DA SILVA,7nx
RUA JULIO PORFIRIO DE QUEIROZ,7nx
RUA JULLYANA CLARINDO RAMOS,7nx
RUA JURACY DE CARVALHO LUNA,7nx
RUA JURACY DE OLIVEIRA CUNHA LIMA,7nx
RUA JURACY LACET PORTO,7nx
RUA JURACY SARAIVA MAIA,7nx
RUA JURANDY RIBEIRO DE LIMA,7nx
RUA JUREMA TEOTONIO DA SILVA,7nx
RUA JUSSARA PEDROSA NOGUEIRA DE AMORIM,7nx
RUA JUSTINIANO DOS SANTOS,7nx
RUA JUSTO BERNARDINO DA SILVA,7nx
RUA JUVENAL BELO DE SOUZA,7nx
RUA JUVENAL CASSIANO DA CUNHA,7nx
RUA JUVINA  DE OLIVEIRA MONTEIRO,7nx
RUA JUVINA SOARES LEITE,7nx
RUA JUVITA GUEDES DE ALMEIDA,7nx
RUA JÓRIO DE HOLANDA CHACON,7nx
RUA JÚLIA FERNANDES DOS ANJOS,7nx
RUA JÚLIA FERREIRA DA COSTA,7nx
RUA JÚLIA ROSA DE LIMA,7nx
RUA JÚLIO IZIDRO ALVES,7nx
RUA KAMILA MARTINS DOS SANTOS,7nx
RUA KLEBER FERREIRA DE ARAÚJO,7nx
RUA LADISLAU FERREIRA BARROS,7nx
RUA LAISA BEATRIZ GOMES DA SILVA,7nx
RUA LANDOALDO FALCAO DE SOUZA,7nx
RUA LAURA BASTOS DE CARVALHO,7nx
RUA LAURA RIBEIRO DE ARAUJO,7nx
RUA LAURO FIRMINO DA SILVA,7nx
RUA LAURO PIRES XAVIER,7nx
RUA LAURO ROCHA CAVALCANTE,7nx
RUA LAYSE EMANNUELY DE ALMEIDA CAVALCANTE BASTOS,7nx
RUA LEECREY MEDEIROS DOS SANTOS,7nx
RUA LEONEL PINTO DE ABREU,7nx
RUA LEONILDO DE SOUSA FERREIRA,7nx
RUA LEONOR PINHEIRO DO NASCIMENTO,7nx
RUA LEOPOLDA REYNALDO DE OLIVEIRA,7nx
RUA LEOPOLDO RODRIGUES PINHEIRO,7nx
RUA LEUTEMBERG DE ARAUJO CAVALCANTE,7nx
RUA LIBIA CABRAL DE ARAÚJO,7nx
RUA LIGIA DE BELMONT FONSECA,7nx
RUA LIMA VERDE,7nx
RUA LIMOEIROS,7nx
RUA LINDOLFO PEREIRA SOUZA,7nx
RUA LINS DE VASCONCELOS,7nx
RUA LIONIDIO FRANCISCO DE OLIVEIRA,7nx
RUA LIRIO DOS VALES,7nx
RUA LIRIO JOSE DE SOUZA,7nx
RUA LITUANIA,7nx
RUA LOPES TROVAO,7nx
RUA LOURENZO FERNANDEZ,7nx
RUA LOURENÇO DI LORENZO MARSICANO,7nx
RUA LOURIVAL CLEMENTE,7nx
RUA LOURIVAL FRANCISCO EDUARDO,7nx
RUA LOURIVAL PEREIRA DE MOURA,7nx
RUA LUIS GOMES DE SÁ,7nx
RUA LUIS JOAQUIM DE ARAUJO,7nx
RUA LUIS MOREIRA GOMES,7nx
RUA LUIZ AMERICO DE OLIVEIRA,7nx
RUA LUIZ AURELIANO DA SILVA,7nx
RUA LUIZ BASTOS DA COSTA,7nx
RUA LUIZ CARLOS  ALVES,7nx
RUA LUIZ CARLOS BRONZADO MACHADO,7nx
RUA LUIZ CARLOS PRESTES,7nx
RUA LUIZ CÉZAR,7nx
RUA LUIZ DA NÓBREGA FERREIRA,7nx
RUA LUIZ EURIDES MOREIRA FRANCO,7nx
RUA LUIZ FERREIRA DE LIMA,7nx
RUA LUIZ FRANCISCO DE SOUZA,7nx
RUA LUIZ GONZAGA NÓBREGA DE FREITAS,7nx
RUA LUIZ JOSE GAIAO DE QUEIROZ,7nx
RUA LUIZ JOSÉ DO NASCIMENTO,7nx
RUA LUIZ MARCELINO DE OLIVEIRA,7nx
RUA LUIZ PEDRO GOMES,7nx
RUA LUIZ RAIMUNDO DUARTE FILHO,7nx
RUA LUIZ ROMUALDO DA SILVA,7nx
RUA LUIZ SPINELLI,7nx
RUA LUIZ TEODORO PEREIRA,7nx
RUA LUIZ TEOTONIO DE SOUZA,7nx
RUA LUIZA MARTINS DE SOUZA,7nx
RUA LUIZA ROSALINO DE LIMA,7nx
RUA LUIZA SOARES LEITE,7nx
RUA LUZIA ALVES DE SOUZA,7nx
RUA LUZIA DA SILVA PAULINO,7nx
RUA LUZIA MAIRA DOS SANTOS MACIEL,7nx
RUA LUZINETE FRANCISCA DAS NEVES,7nx
RUA LÍRIO DA PAZ,7nx
RUA LÚCIA NOVAES,7nx
RUA MACEIO,7nx
RUA MADAGASCAR,7nx
RUA MAEST HEITOR VILA LOBOS,7nx
RUA MAEST JOAQUIM CLAUDINO FERREIRA,7nx
RUA MAEST JOAQUIM PEREIRA,7nx
RUA MAEST JOSE QUEIROZ BATISTA,7nx
RUA MAESTR MARILDA EDUARDO PEREIRA DE SOUSA,7nx
RUA MAESTRO JOÃO EDUARDO PEREIRA,7nx
RUA MAJ ALVARO MONTEIRO,7nx
RUA MAJ ANTONIO CARLOS CAVALCANTE FILHO,7nx
RUA MAJ BRITO,7nx
RUA MAJ CABOCLO,7nx
RUA MAJ CAVALCANTI DE HOLANDA,7nx
RUA MAJ CIRAULO,7nx
RUA MAJ ELIEL PAREDES DO NASCIMENTO,7nx
RUA MAJ ISAAC LOPES LORDAO,7nx
RUA MAJ JADER DE CARVALHO NUNES,7nx
RUA MAJ JOAO JUNQUEIRA VIANA,7nx
RUA MAJ JOAQUIM HENRIQUES,7nx
RUA MAJ JOSE DE BARROS,7nx
RUA MAJ JOSE EUGENIO LINS,7nx
RUA MAJ LUIZ HERACLITO DA COSTA,7nx
RUA MAJ RODOLFO AUGUSTO ATHAYDE,7nx
RUA MAJ SALUSTIANO RIBEIRO,7nx
RUA MAL ALMEIDA BARRETO,7nx
RUA MAL CAMARA,7nx
RUA MALAQUIAS TIMOTHEO DE SOUZA,7nx
RUA MAMANGUAPE,7nx
RUA MANACÁ,7nx
RUA MANACÁ DA SERRA,7nx
RUA MANOEL ALVES,7nx
RUA MANOEL ALVES DE ANDRADE,7nx
RUA MANOEL ALVES NEVES,7nx
RUA MANOEL AUGUSTO DA SILVA,7nx
RUA MANOEL CAMILO GOMES,7nx
RUA MANOEL CAVALCANTI DE SOUSA FILHO,7nx
RUA MANOEL COELHO DA SILVA,7nx
RUA MANOEL CÂNDIDO SOARES,7nx
RUA MANOEL DA SILVA LISBOA,7nx
RUA MANOEL DA SILVA MONTEIRO,7nx
RUA MANOEL DE FREITAS SILVA,7nx
RUA MANOEL DE OLIVEIRA E SILVA,7nx
RUA MANOEL DE SOUZA BARBOSA,7nx
RUA MANOEL EMILIANO BEZERRA,7nx
RUA MANOEL FARIAS LEITE,7nx
RUA MANOEL FELISBERTO DA SILVA,7nx
RUA MANOEL FERNANDES JÚNIOR,7nx
RUA MANOEL FRANCISCO DOS SANTOS,7nx
RUA MANOEL FRANCISCO FELICIANO,7nx
RUA MANOEL FURTADO DE LACERDA,7nx
RUA MANOEL JAIME,7nx
RUA MANOEL JOSE DOS SANTOS,7nx
RUA MANOEL LEONARDO DAMASCENA,7nx
RUA MANOEL LOPES DE SOUTO,7nx
RUA MANOEL MACENA DE FRANÇA,7nx
RUA MANOEL MARINHO DE FIQUEIREDO,7nx
RUA MANOEL PATRICIO DOS SANTOS,7nx
RUA MANOEL PEREIRA DOS SANTOS,7nx
RUA MANOEL RODRIGUES DE LACERDA,7nx
RUA MANOEL RUFINO DA SILVA,7nx
RUA MANOEL SEVERINO DE SOUZA,7nx
RUA MANOEL SILVA DE LACERDA,7nx
RUA MANOEL TARGINO,7nx
RUA MANOEL TERTULIANO SOARES DE AVELLAR,7nx
RUA MANOEL VIEIRA DA SILVA,7nx
RUA MANOEL VIEIRA GOMES,7nx
RUA MANOEL ZITO DE LUCENA,7nx
RUA MANUEL ANIZIO NASCIMENTO,7nx
RUA MANUEL CARLOS DE LIMA,7nx
RUA MANUEL DE PAULA MAGALHAES,7nx
RUA MANUEL FERNANDES,7nx
RUA MANUEL SERAFIM DE SOUSA FILHO,7nx
RUA MAR DA GALILEIA,7nx
RUA MARCELO NAVARRO BRAGA,7nx
RUA MARCELO ROBERTO DA SILVA LIMA,7nx
RUA MARCIA SUENIA MADRUGA ALVES DA SILVA,7nx
RUA MARCILIO DIAS,7nx
RUA MARCONE ALVES DA SILVA,7nx
RUA MARCONE RODRIGUES DA SILVA,7nx
RUA MARCONI ALTAMIRANDO,7nx
RUA MARCONI PESSOA DE OLIVEIRA,7nx
RUA MARCOS ERNESTO ALMEIDA DA COSTA,7nx
RUA MARCOS ROSENDO DA SILVA,7nx
RUA MARGARIDA MARIA ALVES,7nx
RUA MARIA ABRANTES DOS SANTOS,7nx
RUA MARIA ACACIO DE SA,7nx
RUA MARIA ADALICE DA COSTA OLIVEIRA,7nx
RUA MARIA ALVES DA CRUZ,7nx
RUA MARIA ALVES DE MEDEIROS,7nx
RUA MARIA AMELIA SILVA,7nx
RUA MARIA ANITA LIMA,7nx
RUA MARIA ANTONIETA PEREIRA SALLES,7nx
RUA MARIA ARAUJO DE LIMA,7nx
RUA MARIA AUGUSTA DE QUEIROZ,7nx
RUA MARIA AURELIANO CANDIDO DE SOUSA,7nx
RUA MARIA AUXILIADORA PATRICIO DE GOUVEIA,7nx
RUA MARIA BATISTA DE SOUSA,7nx
RUA MARIA BATISTA DOS SANTOS,7nx
RUA MARIA BERNADETTE PEREIRA CAVALCANTI,7nx
RUA MARIA CAETANO,7nx
RUA MARIA CARMELITA DA SILVA,7nx
RUA MARIA CAROLINA DE OLIVEIRA LINS,7nx
RUA MARIA CELIA BRASIL COELHO,7nx
RUA MARIA CELIA VIEIRA DA SILVA,7nx
RUA MARIA CONSTANTINO LUIZ,7nx
RUA MARIA CORDELIA RAMALHO CAMPOS,7nx
RUA MARIA COSTA DOS SANTOS,7nx
RUA MARIA CÉLIA FEITOSA LEITE,7nx
RUA MARIA DA CONCEICAO AGOSTINHO DOS SANTOS,7nx
RUA MARIA DA CONCEICAO CUNHA NOBREGA,7nx
RUA MARIA DA CONCEIÇÃO CARDOSO DE ARRUDA,7nx
RUA MARIA DA CONCEIÇÃO SILVA,7nx
RUA MARIA DA GLORIA CANTALICE MOREIRA,7nx
RUA MARIA DA LUZ SILVA,7nx
RUA MARIA DA PENHA DA SILVA,7nx
RUA MARIA DA PENHA DE ANDRADE GUALBERTO,7nx
RUA MARIA DA PENHA MENDES,7nx
RUA MARIA DA SOLEDADE RAMALHO,7nx
RUA MARIA DALVA DE ALCANTARA E SILVA,7nx
RUA MARIA DALVA NOBRE DE SOUZA,7nx
RUA MARIA DAMIAO DE SOUZA,7nx
RUA MARIA DAS DORES ANDRADE GUALBERTO,7nx
RUA MARIA DAS DORES BARBOSA LOPES,7nx
RUA MARIA DAS DORES P LEITE,7nx
RUA MARIA DAS GRAÇAS GOMES ARAUJO,7nx
RUA MARIA DAS NEVES ALMEIDA CAVALCANTI,7nx
RUA MARIA DAS NEVES ALMEIDA URTIGA,7nx
RUA MARIA DAS NEVES MEDEIROS RODRIGUES,7nx
RUA MARIA DAS NEVES PESSOA DE AQUINO,7nx
RUA MARIA DAS NEVES SANTOS,7nx
RUA MARIA DAS NEVES SILVA FEITOSA,7nx
RUA MARIA DE ARAUJO LEITE,7nx
RUA MARIA DE FATIMA CARVALHO CAMARA,7nx
RUA MARIA DE FATIMA DA SILVA,7nx
RUA MARIA DE FATIMA FERREIRA CATANAO,7nx
RUA MARIA DE FÁTIMA LEITE ASSIS,7nx
RUA MARIA DE FÁTIMA UGULINO DE ARAÚJO,7nx
RUA MARIA DE LOURDES ALMEIDA DINIZ DE ASSIS,7nx
RUA MARIA DE LOURDES BEZERRA,7nx
RUA MARIA DE LOURDES DE ALBUQUERQUE,7nx
RUA MARIA DE LOURDES DE SOUZA,7nx
RUA MARIA DE LOURDES GOMES DA SILVA,7nx
RUA MARIA DE LOURDES LINS AMORIM,7nx
RUA MARIA DE LOURDES MEIRA DE ARAUJO,7nx
RUA MARIA DE LOURDES OLIVEIRA,7nx
RUA MARIA DE LOURDES PATRICIO RAMOS,7nx
RUA MARIA DE LOURDES PATRÍCIO RAMOS,7nx
RUA MARIA DE LOURDES S LEAO,7nx
RUA MARIA DE LOURDES SILVA,7nx
RUA MARIA DO AMOR DIVINO,7nx
RUA MARIA DO CARMO BATISTA DA SILVA,7nx
RUA MARIA DO CARMO DE ARAUJO DA SILVEIRA,7nx
RUA MARIA DO CARMO FELICIANO DE SOUZA,7nx
RUA MARIA DO CARMO MAIA DE ALBUQUERQUE,7nx
RUA MARIA DO CARMO PEREIRA DE ALMEIDA,7nx
RUA MARIA DO CARMO PEREIRA GAMA,7nx
RUA MARIA DO CEU RODRIGUES DA SILVA,7nx
RUA MARIA DO ROSARIO SILVA,7nx
RUA MARIA DO SOCORRO ARAUJO DOS SANTOS,7nx
RUA MARIA DO SOCORRO FIGUEIREDO,7nx
RUA MARIA DO SOCORRO PINHEIRO,7nx
RUA MARIA DO SOCORRO SANTANA VICENTE,7nx
RUA MARIA DORACI MOREIRA,7nx
RUA MARIA DOS ANJOS DE LIMA FEITOSA,7nx
RUA MARIA EDUARDA MOURA SILVA,7nx
RUA MARIA EMILIA MOUSINHO DE BRITO,7nx
RUA MARIA EMÍLIA DA SILVA TORRES,7nx
RUA MARIA ERLANDA FABRICIO MONTEIRO,7nx
RUA MARIA ESTELITA DE OLIVEIRA,7nx
RUA MARIA EULINA LEAL DE ALBUQUERQUE,7nx
RUA MARIA FERREIRA LEITE,7nx
RUA MARIA GALDINO DO NASCIMENTO,7nx
RUA MARIA GILCA DA SILVA,7nx
RUA MARIA GOMES DE MEDEIROS,7nx
RUA MARIA GONÇALVES BARBOSA,7nx
RUA MARIA HELENA PESSOA DE MELLO RIBEIRO COUTINHO,7nx
RUA MARIA HELENA SOBRAL CRISPIM,7nx
RUA MARIA HOSANA BORGES GOMES,7nx
RUA MARIA INES CAETANO DE OLIVEIRA (MARINES),7nx
RUA MARIA INÊS BORBA GUERRA,7nx
RUA MARIA IRACEMA DE MORAIS,7nx
RUA MARIA ISABEL DE MEDEIROS NETA,7nx
RUA MARIA JOSE ALVES,7nx
RUA MARIA JOSE SALES DA SILVA,7nx
RUA MARIA JOSEFA DE OLIVEIRA SILVA,7nx
RUA MARIA JOSÉ BATISTA DA SILVA,7nx
RUA MARIA JOSÉ CESAR MADRUGA,7nx
RUA MARIA JOSÉ GOMES DO AMARAL,7nx
RUA MARIA JOSÉ ROCHA DE LIMA,7nx
RUA MARIA JULIETA DA CONCEIÇAO,7nx
RUA MARIA LIRA MACHADO,7nx
RUA MARIA LIVIA ALVES COELHO,7nx
RUA MARIA LOPES DOS SANTOS,7nx
RUA MARIA LUCIA BEZERRA,7nx
RUA MARIA LUCIA DA CONCEICAO,7nx
RUA MARIA MONICA BARROS DE SOUZA,7nx
RUA MARIA NAZARE ALVES DE SOUZA,7nx
RUA MARIA PEREIRA DA SILVA,7nx
RUA MARIA PIEDADE PIANCÓ MONTEIRO,7nx
RUA MARIA REGINA MARTINS,7nx
RUA MARIA RITA DE MELO PEIXOTO,7nx
RUA MARIA RODRIGUES LEITÃO,7nx
RUA MARIA ROSIDETE ROCHA DA SILVA,7nx
RUA MARIA RUFINO DOS SANTOS MEDEIROS,7nx
RUA MARIA SANTINA DA CONCEIÇÃO,7nx
RUA MARIA SOLIDADE SILVA,7nx
RUA MARIA TEOTONIO DE SOUZA,7nx
RUA MARIA TEREZA CAVALCANTI DE SOUZA,7nx
RUA MARIE ANTOINETTE LATACHE,7nx
RUA MARILENE DIAS DA SILVA,7nx
RUA MARILETA ARAÙJO DO NASCIMENTO,7nx
RUA MARIO DUARTE DA COSTA,7nx
RUA MARIO RODRIGUES DE CARVALHO,7nx
RUA MARIZA ALVES BRONZEADO,7nx
RUA MARIZELIA PORTO BEZERRA,7nx
RUA MARLENE LEITE DE LIMA,7nx
RUA MARLENE PONTES,7nx
RUA MARLI DA SILVEIRA PAIVA,7nx
RUA MARLUCE BELMONT CAVALCANTE,7nx
RUA MARROCOS,7nx
RUA MARTINHO FAUSTINO DA COSTA,7nx
RUA MARTINS DE OLIVEIRA ROCHA,7nx
RUA MARTINS DE PONTES BARBOSA,7nx
RUA MATILDE TAVARES DE ALEXANDRIA BEZERRA,7nx
RUA MAURICIO CARNEIRO DE OLIVEIRA,7nx
RUA MAURICIO DE OLIVEIRA,7nx
RUA MAURICIO SALUSTIANO DE MEDEIROS,7nx
RUA MECAN MANOEL MORAIS CARVALHO,7nx
RUA MED CLÉLIA LÚCIA RAMOS LEMOS,7nx
RUA MED FELIPE KUMAMOTO,7nx
RUA MED JOAO CRISOSTOMO RIBEIRO COUTINHO,7nx
RUA MED MARIA DE LOURDES BARBOSA SARAIVA,7nx
RUA MED ROBERTO VIEIRA BATISTA,7nx
RUA MEINARDO CABRAL DE VASCONCELOS JUNIOR,7nx
RUA MEMORIAL DE FREI DAMIAO,7nx
RUA MESTRE AZEVEDO,7nx
RUA MICHELLI PEREIRA DOS SANTOS,7nx
RUA MICO LEÃO DE CARA DOURADA,7nx
RUA MIGUEL CARNEIRO DE LUCENA,7nx
RUA MIGUEL FIRINO DE ARAÚJO,7nx
RUA MIGUEL OURIQUES DE VASCONCELOS,7nx
RUA MILTON BORGES,7nx
RUA MILTON FERREIRA DE SOUSA,7nx
RUA MILTON FERREIRA MACHADO,7nx
RUA MILTON VICENTE DA SILVA,7nx
RUA MISAEL DOS SANTOS,7nx
RUA MISS MIRIAM ALVES DE BARROS,7nx
RUA MISS OLIVIA LOPES CATÃO,7nx
RUA MOACIR DA COSTA PEREIRA,7nx
RUA MOISÉS FERRAZ CASSIMIRO,7nx
RUA MONO CARVOEIRO,7nx
RUA MONS ABDON PEREIRA,7nx
RUA MONS ALMEIDA,7nx
RUA MONS EUSÉBIO OLIVEIRA,7nx
RUA MONS FRANCISCO COELHO,7nx
RUA MONS JOAO COUTINHO,7nx
RUA MONS JOSE COUTINHO,7nx
RUA MONS JOSÉ MARIA ESCRIVÁ,7nx
RUA MONS NICODEMOS,7nx
RUA MONS SABINO COELHO,7nx
RUA MONS SEVERIANO,7nx
RUA MONS SEVERINO PIRES FERREIRA,7nx
RUA MONTE DAS OLIVEIRAS,7nx
RUA MONTE HOREBE,7nx
RUA MONTE PASCOAL,7nx
RUA MONTE SINAI,7nx
RUA MONUMENTO Á BÍBLIA,7nx
RUA MORIZE DE MIRANDA GUSMAO,7nx
RUA MOTOR ALDOVANDRO AMÂNCIO PEREIRA,7nx
RUA MOTOR ANTONIO BELARMINO DOS SANTOS,7nx
RUA MOTOR IRACTAN ALVES DOS SANTOS,7nx
RUA MOTOR JOSE FRANCISCO DA SILVA,7nx
RUA MOTOR JOSE PONTES DA SILVA,7nx
RUA MOTOR OLAVO FAUSTINO DE OLIVEIRA,7nx
RUA MOTOR SEVERINO FERNANDES DE ASSIS,7nx
RUA MOZART SOARES TORRES,7nx
RUA MUNDO DO SERTAO,7nx
RUA MUS BENEDITO MARTINS BARBOSA,7nx
RUA MUS CRISTÓVÃO RODRIGUES DA SILVA,7nx
RUA MÁRIO DE ALCÂNTARA,7nx
RUA MÃE DÀGUA,7nx
RUA MÔNACO,7nx
RUA NADILZA GUEDES PEREIRA DE FARIAS,7nx
RUA NADJA CRISTINA FERNANDES DOS ANJOS E SILVA,7nx
RUA NAGIB ARRUDA,7nx
RUA NAPOLEAO MAXIMO DA SILVA,7nx
RUA NARCISO SILVESTRE DA SILVA,7nx
RUA NATALIA GOMES DE ANDRADE SILVA,7nx
RUA NATANAEL SEVERINO DA SILVA,7nx
RUA NATERCIA DA SILVA ANDRADE,7nx
RUA NATHALY GUEDES DA SILVA,7nx
RUA NATÁLIA SILVA DOS SANTOS,7nx
RUA NAYDE DE NOVAIS GUIMARAES,7nx
RUA NAZARE SILVEIRA DA SILVA,7nx
RUA NELITA LEOPOLDINA MACHADO,7nx
RUA NELSON ALVES BRAZ,7nx
RUA NELSON PORCIUNCULA PEREIRA,7nx
RUA NEUZA DE VASCONCELOS SILVA,7nx
RUA NEWTON DE NOVAIS,7nx
RUA NEWTON ESPINOLA GUEDES,7nx
RUA NEWTON FRANCISCO DOS SANTOS,7nx
RUA NINALIA DE LUNA FREIRE BARBOSA,7nx
RUA NIUTON FERREIRA,7nx
RUA NIVALSON FERNANDES DE MIRANDA,7nx
RUA NIÊTA DA SILVA OLIVEIRA,7nx
RUA NORMA DE ALMEIDA PEQUENO,7nx
RUA NORMA DE ARAUJO BATISTA,7nx
RUA NORMA DE ARAÚJO BATISTA,7nx
RUA NOSSA SENHORA DA CONCEIÇÃO,7nx
RUA NOSSA SENHORA DE NAZARE,7nx
RUA NOSSA SENHORA DO DESTERRO,7nx
RUA NOSSA SENHORA DO MONTE CARMELO,7nx
RUA NOVA FLORESTA,7nx
RUA NOVA JERUSALEM,7nx
RUA OCEANE NASCIMENTO DA SILVA,7nx
RUA ODETE CAVALCANTI DE ANDRADE,7nx
RUA ODILON VALDIVIO LOBO MAIA,7nx
RUA ODON CARVALHO,7nx
RUA ODONT JANE CELLI DE SOUZA MENDES BARRETO,7nx
RUA OF JUS EDIVALDO CRISPIM DA SILVA,7nx
RUA OFIC ORLANDO GEREMIAS DE LIMA,7nx
RUA OLAVO CORREIA DE AMORIM,7nx
RUA OLAVO PESSOA DE AMORIM,7nx
RUA OLIVIA MARTINS DE ALMEIDA GUERRA,7nx
RUA OLIVIO DE MORAES MAGALHÃES,7nx
RUA OLÍVIA DO NASCIMENTO SILVA,7nx
RUA ONILDO VELOSO,7nx
RUA ONÉLIO LEAL DA SILVA,7nx
RUA ONÉZIO FERNANDES  MAIA,7nx
RUA OPER JOSÉ BELARMINO DA COSTA,7nx
RUA OPER JOÃO JOEL DE SOUZA,7nx
RUA OPER MARIA DA CONCEIÇÃO ALVES BEZERRA,7nx
RUA OPER ORNILO DA COSTA LISBOA,7nx
RUA ORELHA - DE - PAU,7nx
RUA ORLANDO DO REGO LUNA,7nx
RUA ORLANDO PEREIRA DE BRITO,7nx
RUA ORNILO AUGUSTINHO DE ARAUJO,7nx
RUA OSCAR CORIOLANO DE SÁ SOBRINHO,7nx
RUA OSCAR DIAS DE SÁ,7nx
RUA OSCAR LOPES MACHADO,7nx
RUA OSCAR RODRIGUES DE SOUZA,7nx
RUA OSCAR SEVERINO DA SILVA,7nx
RUA OSORIO QUEIROGA DE ASSIS,7nx
RUA OSVALDO FERREIRA ESPÍNOLA,7nx
RUA OSVALDO OLIVEIRA DA SILVA,7nx
RUA OSVALDO RODRIGUES NEVES,7nx
RUA OSWALDO COUTINHO,7nx
RUA OSÓRIO PAES DE CARVALHO ROCHA,7nx
RUA OTACILIO CUNHA,7nx
RUA OTACILIO MANGUEIRA RAMALHO,7nx
RUA OTACÍLIO DE BRITO,7nx
RUA OTACÍLIO SILVA DA SILVEIRA,7nx
RUA OTAVIANO DUSTAN MONTEIRO FILHO,7nx
RUA OTAVIO SERAFIM DA COSTA,7nx
RUA OTECAR DO REGO LUNA,7nx
RUA OTÁVIO OLIVEIRA DA SILVA,7nx
RUA OTÁVIO PEREIRA DA CUNHA,7nx
RUA OVIDIO MENDONCA,7nx
RUA PADRE ANTONIO PEREIRA,7nx
RUA PADRE AZEVEDO,7nx
RUA PADRE CHAMPAGNAT,7nx
RUA PADRE CICERO DO JUAZEIRO,7nx
RUA PADRE EMILIANO DE CRISTO,7nx
RUA PADRE IBIAPINA,7nx
RUA PADRE JOAO FELIX MEDEIROS,7nx
RUA PADRE JOAQUIM CIRILO DE SA,7nx
RUA PADRE JOSE DE ANCHIETA,7nx
RUA PADRE JOSE TRIGUEIRO,7nx
RUA PADRE JOÃO FÉLIX,7nx
RUA PADRE LEONARDO NUNES,7nx
RUA PADRE LINDOLFO,7nx
RUA PADRE MALAGRIDA,7nx
RUA PADRE MANOEL DA NOBREGA,7nx
RUA PADRE NICOLA MAZZA,7nx
RUA PADRE OSCAR PINTO,7nx
RUA PADRE PEDRO MARIA SERRAO,7nx
RUA PADRE PINTO,7nx
RUA PADRE ROLIM,7nx
RUA PALHA,7nx
RUA PALMITO - JUÇARA,7nx
RUA PANAMÁ,7nx
RUA PAPA JOAO PAULO I,7nx
RUA PAPA LEAO XIII,7nx
RUA PASTOR AFONSO,7nx
RUA PASTOR ANTONIO PETRONILO DOS SANTOS,7nx
RUA PASTOR FRANK DYER,7nx
RUA PASTOR GUARACY NOBREGA,7nx
RUA PASTOR JOSE ALVES OLIVEIRA,7nx
RUA PASTOR JOSE FERREIRA DA SILVA,7nx
RUA PASTOR JOSE SEVERINO DE OLIVEIRA,7nx
RUA PASTOR JOSEBIAS FIALHO MARINHO,7nx
RUA PASTOR MANOEL VICENTE CAVALCANTI,7nx
RUA PASTOR MISAEL JACOME CAVALCANTI,7nx
RUA PASTOR MIZAEL JACOME CAVALCANTI,7nx
RUA PASTOR RAUL SOUZA COSTA,7nx
RUA PASTOR RODOLFO BEUTTENMULLER,7nx
RUA PASTOR SEVERINO DE OLIVEIRA,7nx
RUA PASTOR SEVERINO MOREIRA DA SILVA,7nx
RUA PAT GILVANDRO SEIXAS,7nx
RUA PAT SEBASTIAO FERNANDES,7nx
RUA PATATIVAS,7nx
RUA PAU - FERRO,7nx
RUA PAU D'ARCO,7nx
RUA PAULINO MANOEL BATISTA,7nx
RUA PAULINO PEDRO DE ALCANTARA,7nx
RUA PAULO CESAR DA SILVA PONTES,7nx
RUA PAULO GOMES FORENTINO,7nx
RUA PAULO JOÃO DE FREITAS,7nx
RUA PAULO RODRIGUES LEITÃO,7nx
RUA PAULO SEBASTIÃO DA SILVA,7nx
RUA PAULO VICENTE FERREIRA,7nx
RUA PAUTILA PALMEIRA BEZERRA DE MENEZES,7nx
RUA PED ANTONIO JULIO DA SILVA,7nx
RUA PED JOSE HAILTON PEREIRA DA SILVA,7nx
RUA PEDRA BRANCA,7nx
RUA PEDRA DO INGA,7nx
RUA PEDRO ALEXANDRINO DA SILVA,7nx
RUA PEDRO BATISTA DO NASCIMENTO,7nx
RUA PEDRO CAMILO DE SOUZA,7nx
RUA PEDRO CARLOS DE ARAÚJO,7nx
RUA PEDRO CRISPIM DE ANDRADE,7nx
RUA PEDRO FALCÃO BEZERRA,7nx
RUA PEDRO FIDELIS DA SILVA,7nx
RUA PEDRO GABRIEL DE ARAUJO,7nx
RUA PEDRO INACIO DE ARAUJO,7nx
RUA PEDRO JOÃO DOS SANTOS,7nx
RUA PEDRO LOURENÇO DA SILVA,7nx
RUA PEDRO MONTENEGRO DE OLIVEIRA,7nx
RUA PEDRO NOBRE SOBRINHO,7nx
RUA PEDRO NOLASCO DE MENEZES FILHO,7nx
RUA PEDRO PEREIRA DA CUNHA,7nx
RUA PEDRO PEREIRA DA SILVA,7nx
RUA PEDRO PIO CHAVES,7nx
RUA PEDRO RODRIGUES DA SILVA,7nx
RUA PEDRO RODRIGUES DE SOUZA,7nx
RUA PEDRO RÔMULO AGUIAR,7nx
RUA PEDRO SOLIDONIO PALITOT,7nx
RUA PEDRO VIANA DA SILVA,7nx
RUA PER RAFAEL ANTONIO DOS SANTOS,7nx
RUA PERU,7nx
RUA PESC FRANCISCO LUNGA,7nx
RUA PHILADELPHO PINTO DE CARVALHO,7nx
RUA PICO DO JABRE,7nx
RUA PINGO-DE-OURO,7nx
RUA PINHEIRO DO PARANÁ,7nx
RUA PINTOR SANTA ROSA,7nx
RUA PIO CAVALCANTE MELO,7nx
RUA PITASSILGO,7nx
RUA PITOMBEIRAS,7nx
RUA PLATINY BARBOSA DOS SANTOS,7nx
RUA POE DR MARCOS ANTONIO AYRES,7nx
RUA POET GUIOMAR TRAVASSOS CHIANCA,7nx
RUA POETA ANTONIO PEREIRA SOBRINHO,7nx
RUA POETA BELIZIO CORDULA,7nx
RUA POETA EULA JOSE DIAS DE ARAUJO,7nx
RUA POETA GERALDO ALVERGA,7nx
RUA POETA JANSEN FILHO,7nx
RUA POETA JOSE LIMEIRA,7nx
RUA POETA LUIZ RAIMUNDO BATISTA DE CARVALHO,7nx
RUA POETA MANOEL XUDU,7nx
RUA POETA MARCOS DOS ANJOS,7nx
RUA POETA TARGINO TEIXEIRA,7nx
RUA POETA TEOBALDO DE LIMA FONSECA,7nx
RUA POETA VICTOR HUGO,7nx
RUA POETA ZE DA LUZ,7nx
RUA POLIC CLODOVAL FERREIRA LIMA,7nx
RUA POR DO SOL DE JACARE,7nx
RUA PORCINA ANA DE SOUZA,7nx
RUA PORCINA VIDAL DE NEGREIROS LIMA,7nx
RUA PORT ANESIO GOMES DA SILVA,7nx
RUA PORTO DO CAPIM,7nx
RUA PORTO RICO,7nx
RUA POST MARIA IRACI LEITE CAVALCANTI,7nx
RUA PR FIRMINO SILVA,7nx
RUA PRAIA ABIAÍ,7nx
RUA PRAIA ACAÚ,7nx
RUA PRAIA AZUL,7nx
RUA PRAIA CANOA QUEBRADA,7nx
RUA PRAIA DE BOA VIAGEM,7nx
RUA PRAIA DE CAMARATUBA,7nx
RUA PRAIA DE CARAPIBUS,7nx
RUA PRAIA DE COQUEIROS,7nx
RUA PRAIA DE CUNHAUM,7nx
RUA PRAIA DE FAGUNDES,7nx
RUA PRAIA DE ILHA DA RESTINGA,7nx
RUA PRAIA DE PICAOZINHO,7nx
RUA PRAIA DE TABATINGA,7nx
RUA PRAIA DE TAMBABA,7nx
RUA PRAIA DO GRAÚ,7nx
RUA PRAIA DO MIRAMAR,7nx
RUA PRAIA DO OITEIRO,7nx
RUA PRAIA DO PONTAL,7nx
RUA PRAIA DOS MARISCOS,7nx
RUA PRAIA ENSEADA DO AMOR,7nx
RUA PRAIA FORMOSA,7nx
RUA PRAIA PONTA DE CAMPINA,7nx
RUA PREF AMAURI SALES DE MELO,7nx
RUA PREF ARNAUD FERREIRA DA SILVA,7nx
RUA PREF FRANCISCO DE ASSIS NEVES NOBREGA,7nx
RUA PREF FRANCISCO FIGUEIREDO DE LIMA,7nx
RUA PREF JOAO FAUSTO DE FIGUEIREDO,7nx
RUA PREF JOAQUIM GONCALVES DE ASSIS,7nx
RUA PREF JOAQUIM PESSOA PASSOS,7nx
RUA PREF JOSE BEZERRA,7nx
RUA PREF JOSE DE CARVALHO,7nx
RUA PREF JOSE LEITE,7nx
RUA PREF JOSE SILVEIRA,7nx
RUA PREF LUIZ ALBERTO MOREIRA COUTINHO,7nx
RUA PREF LUIZ DE OLIVEIRA LIMA,7nx
RUA PREF LUIZ GONZAGA DE MIRANDA  FREIRE,7nx
RUA PREF OSVALDO PESSOA,7nx
RUA PREF SEVERINO ALVES DA SILVEIRA,7nx
RUA PREF SEVERINO CABRAL,7nx
RUA PRES ARTHUR BERNARDES,7nx
RUA PRES CARLOS LUZ,7nx
RUA PRES JOSE LINHARES,7nx
RUA PRES KENNEDY,7nx
RUA PRES MEDICI,7nx
RUA PRES PEDRO ALEIXO,7nx
RUA PRES RANIERI MAZILLI,7nx
RUA PRES ROOSEVELT,7nx
RUA PRES VENCESLAU BRAZ,7nx
RUA PRINCESA,7nx
RUA PRO DR LUIZ RENATO DE ARAÚJO PONTES,7nx
RUA PROC ALUÍZIO MOURA,7nx
RUA PROC JOSE DOMINGOS GABRIEL FILHO,7nx
RUA PRODUCAO,7nx
RUA PROF ADELAIDE DE FIGUEIREDO GOUVEIA,7nx
RUA PROF ADILES DE VASCONCELOS OLIVEIRA,7nx
RUA PROF AIDA MONT-MORENCY PINHEIRO,7nx
RUA PROF ALICE MENDES DA NOBREGA,7nx
RUA PROF ALVARO CARVALHO,7nx
RUA PROF ANALICE CALDAS,7nx
RUA PROF ANDREI FARIAS DE OLIVEIRA,7nx
RUA PROF ANGELO MENDONCA RIBEIRO,7nx
RUA PROF ANIBAL MOURA,7nx
RUA PROF ANIBAL MOURA SOUZA,7nx
RUA PROF ARCANJO CAVALCANTE,7nx
RUA PROF ARLINDO BEZERRA CAMBOIM,7nx
RUA PROF ARNALDO DE BARROS MOREIRA,7nx
RUA PROF ARTUR BATISTA,7nx
RUA PROF BARROSO,7nx
RUA PROF BATISTA LEITE,7nx
RUA PROF BURITY,7nx
RUA PROF CANDIDO SA ANDRADE,7nx
RUA PROF CARMEM DE ARAUJO,7nx
RUA PROF ELIZEU MAUL,7nx
RUA PROF EMILIO DE ARAUJO CHAVES,7nx
RUA PROF ERLON MACHADO GRISI,7nx
RUA PROF ERNESTO DA SILVEIRA,7nx
RUA PROF EUCLIDES GOMES DE BRITO,7nx
RUA PROF EUNO JOSÉ LUCENA DA SILVA,7nx
RUA PROF EVERALDO PEIXOTO DE VASCONCELOS,7nx
RUA PROF FENELON PINHEIRO DA CÂMARA,7nx
RUA PROF FERNANDO SILVEIRA,7nx
RUA PROF FRANCISCO DE SOUZA RANGEL,7nx
RUA PROF FRANCISCO OLIVEIRA PORTO,7nx
RUA PROF GERALDO VON SHOSTEN,7nx
RUA PROF GERCINA COUTINHO DE CARVALHO,7nx
RUA PROF HALLEY DE LUCENA FILHO,7nx
RUA PROF HERONIDES A COELHO FILHO,7nx
RUA PROF HIPOLYTO RIBEIRO FREIRE,7nx
RUA PROF INACIO SERRANO ANDRADE,7nx
RUA PROF IVANILDO BATISTA DO CARMO,7nx
RUA PROF JOAO FREIRE DA NOBREGA,7nx
RUA PROF JOAO GOMES COELHO,7nx
RUA PROF JOAQUIM FRANCISCO VELOSO GALVAO,7nx
RUA PROF JOAQUIM SANTIAGO,7nx
RUA PROF JOFRE BORGES ALBUQUERQUE,7nx
RUA PROF JOSE COELHO,7nx
RUA PROF JOSE GAMA PRADO,7nx
RUA PROF JOSE HOLMES,7nx
RUA PROF JOSE MARCOS,7nx
RUA PROF JOSEFA FLORENTINO,7nx
RUA PROF JOSUE DA SILVEIRA,7nx
RUA PROF JOSÉ MARIA BARBOSA GOMES,7nx
RUA PROF JOÃO DEHON ARAÚJO PONTES,7nx
RUA PROF JUVENAL COELHO,7nx
RUA PROF LENILDO CORREIA DA SILVA,7nx
RUA PROF LUCAS DE SOUZA RANGEL,7nx
RUA PROF LUCENA,7nx
RUA PROF LUIZ BURITY,7nx
RUA PROF LUIZ CARLOS DE LYRA NETTO,7nx
RUA PROF LUIZA FERNANDES VIEIRA,7nx
RUA PROF LUZIA SIMÕES BARTOLINI,7nx
RUA PROF LÍDIA MENDONCA,7nx
RUA PROF MANOEL COUTINHO,7nx
RUA PROF MANOEL PACIFICO OLIVEIRA,7nx
RUA PROF MANOEL PESSOA OLIVEIRA,7nx
RUA PROF MANOEL VIANA,7nx
RUA PROF MANUEL GOMES DUARTE,7nx
RUA PROF MARCOS DE ANDRADE E SOUSA,7nx
RUA PROF MARCUS LACET,7nx
RUA PROF MARGARIDA MEDEIROS,7nx
RUA PROF MARIA AMELIA TORRES,7nx
RUA PROF MARIA APARECIDA PEREIRA CRUZ,7nx
RUA PROF MARIA HAMILTON,7nx
RUA PROF MARIA IGNES PEREGRINO,7nx
RUA PROF MARLUCE MALHEIROS,7nx
RUA PROF MIGUEL DA ROCHA LUNA,7nx
RUA PROF MIGUEL VIEIRA FERREIRA,7nx
RUA PROF MILTON DELONE,7nx
RUA PROF MÁRIO MORENO FILHO,7nx
RUA PROF NEWTON PORDEUS SEIXAS,7nx
RUA PROF OSCAR DE CASTRO,7nx
RUA PROF OSEAS SILVEIRA,7nx
RUA PROF OTAVIO COSTA,7nx
RUA PROF PAULINO ALBUQUERQUE,7nx
RUA PROF PEDRO CAMINHA,7nx
RUA PROF RAIMUNDO NOGUEIRA,7nx
RUA PROF RENATO CARNEIRO DA CUNHA,7nx
RUA PROF RIBEIRO DANTAS,7nx
RUA PROF RITA MIRANDA,7nx
RUA PROF SA BENEVIDES,7nx
RUA PROF SEMEÃO FREIRE DE ARAÚJO,7nx
RUA PROF SEVERINA MOURA,7nx
RUA PROF SEVERINO JORGE BENÍCIO,7nx
RUA PROF SIZENANDO COSTA,7nx
RUA PROF VICENTE DE PAULA NÓBREGA,7nx
RUA PROF VICENTE PESSOA DE BRITO,7nx
RUA PROF VIDAL FILHO,7nx
RUA PROF WILSON DIAS NOVO,7nx
RUA PROFA ADELIA AMORIM,7nx
RUA PROFA ALDINA PIRES DE ALMEIDA,7nx
RUA PROFA ALICE AZEVEDO,7nx
RUA PROFA ALICE ELISA DE MELO,7nx
RUA PROFA AMELIA FALCONE,7nx
RUA PROFA ANA BORGES,7nx
RUA PROFA ANA LIANZA LOMBARDI,7nx
RUA PROFA ANTONIA RANGEL FARIAS,7nx
RUA PROFA BITTE PEREIRA,7nx
RUA PROFA CARMEM MOREIRA COUTINHO,7nx
RUA PROFA CELINA DA COSTA MACHADO CHAVES,7nx
RUA PROFA CLEONICE TORRES TROCOLLI,7nx
RUA PROFA CORINTA DOS SANTOS LIMA,7nx
RUA PROFA CRISTINA DI LORENZO MARSICANO,7nx
RUA PROFA DAURA ALCIDES DE ALMEIDA,7nx
RUA PROFA DAURA CABRAL NOBREGA,7nx
RUA PROFA DINORA SUCUPIRA DA COSTA,7nx
RUA PROFA DULCE GUEDES GONDIM,7nx
RUA PROFA EGIDIA WANDERLEY ABRANTES DE CARVALHO,7nx
RUA PROFA EMERENTINA COELHO,7nx
RUA PROFA ERNESTINA PINTO,7nx
RUA PROFA ESTER DE SOUZA MIRANDA,7nx
RUA PROFA EUDESIA VIEIRA,7nx
RUA PROFA EUNILDE CALDAS TAVARES,7nx
RUA PROFA FRANCISCA ROMANA,7nx
RUA PROFA FRANCISCA TAVARES DE MELO,7nx
RUA PROFA HELINE CAMPOS DA COSTA,7nx
RUA PROFA HORTENCE PEIXE,7nx
RUA PROFA IDALINA LUÍZA LEADEBAL BONIFÁCIO,7nx
RUA PROFA IONE DE FIGUEIREDO OLIVEIRA ALVES,7nx
RUA PROFA IRACY FERREIRA GOMES,7nx
RUA PROFA IRENE MIRANDA DA SILVA LIMA,7nx
RUA PROFA IVETE LINS VITORIO,7nx
RUA PROFA JOSEFA DI LORENZO SOUZA,7nx
RUA PROFA JULITA DE ANDRADE VASCONCELOS,7nx
RUA PROFA LEOCADIA FELIZARDO PRESTES,7nx
RUA PROFA LEONOR DA SILVA COUTINHO,7nx
RUA PROFA LIDIA MOREIRA RAMALHO,7nx
RUA PROFA LUIZA CRISTO,7nx
RUA PROFA LUIZA DANTAS MEDEIROS,7nx
RUA PROFA LUIZA RAMALHO,7nx
RUA PROFA MACRINA BARBOSA  ABREU,7nx
RUA PROFA MARIA ALEXANDRINA DE OLIVEIRA LIMA,7nx
RUA PROFA MARIA AMÁLIA SOUTO MAIOR,7nx
RUA PROFA MARIA ARAÚJO DIAS,7nx
RUA PROFA MARIA BATISTA DE OLIVEIRA,7nx
RUA PROFA MARIA DA GLORIA MOREIRA FREIRE,7nx
RUA PROFA MARIA DA LUZ BARROS BARBOSA,7nx
RUA PROFA MARIA DA PAZ FERREIRA CABRAL,7nx
RUA PROFA MARIA DAS GRAÇAS BARROS DE ARAUJO,7nx
RUA PROFA MARIA DO SOCORRO CARVALHO,7nx
RUA PROFA MARIA DOS ANJOS,7nx
RUA PROFA MARIA EMILIA ALVES DE SOUZA,7nx
RUA PROFA MARIA ESTHER BEZERRA MESQUITA,7nx
RUA PROFA MARIA HELENA SILVA ROCHA,7nx
RUA PROFA MARIA JACY PINTO COSTA,7nx
RUA PROFA MARIA JOSE COSTA DE OLIVEIRA,7nx
RUA PROFA MARIA JOSE NORONHA TEIXEIRA,7nx
RUA PROFA MARIA JOSÉ RODRIGUES PESSOA,7nx
RUA PROFA MARIA LIANZA,7nx
RUA PROFA MARIA PESSOA DA SILVA,7nx
RUA PROFA MARIA PINHEIRO DE ALMEIDA,7nx
RUA PROFA MARIA VILANI BENÍCIO ALVES,7nx
RUA PROFA MARIA ZENAIDE BRASILINO,7nx
RUA PROFA MARLENE FERNANDES DE MELO,7nx
RUA PROFA MARLENE PEREIRA DA PAZ,7nx
RUA PROFA NAIR PAIVA DOS SANTOS,7nx
RUA PROFA NOEMIA RIBEIRO,7nx
RUA PROFA ODETH DA SILVEIRA,7nx
RUA PROFA OFELIA OSIAS,7nx
RUA PROFA QUITÉRIA BATISTA BARROS,7nx
RUA PROFA RAIMUNDA VALCEMAR BARRETO DE ARAUJO,7nx
RUA PROFA ROSA SETTI,7nx
RUA PROFA SANTINA TIBURTINO,7nx
RUA PROFA SEVERINA DE SOUZA SOUTO,7nx
RUA PROFA SEVERINA RAMOS DE AZEVEDO,7nx
RUA PROFA SEVERINA SOUZA CAVALCANTI,7nx
RUA PROFA WANDA DE FARIAS COUTINHO,7nx
RUA PROFESSOR PAULO FREIRE,7nx
RUA PROFET GEREMIAS,7nx
RUA PROFETA DANIEL,7nx
RUA PROFETA NATÃ,7nx
RUA PROM EDILMA LEITE CAVALCANTI OLÍMPIO,7nx
RUA PROM SEVERINO DIONISIO ALVES,7nx
RUA PROM WALDEMAR FARIAS,7nx
RUA PROT MASILEU URBANO DOS SANTOS,7nx
RUA PROTASIO PONTES VISGUEIRO,7nx
RUA QUADERNA,7nx
RUA QUARESMEIRA,7nx
RUA QUIM JOSE JOAO DE MIRANDA FREIRE,7nx
RUA RAD ANTONIO ASSUNCAO,7nx
RUA RAD ANTONIO JOSE DOS SANTOS,7nx
RUA RAD EDI FRAGOSO DE ALBUQUERQUE,7nx
RUA RAD ENOQUE PELAGIO DO CARMO,7nx
RUA RAD FRANCISCO DE ASSIS SOUZA,7nx
RUA RAD GERALDO CAMPOS,7nx
RUA RAD GERALDO LUIZ,7nx
RUA RAD JONILDO CAVALCANTE DA SILVA,7nx
RUA RAD JOSE MONTEIRO,7nx
RUA RAD JOTA MONTEIRO,7nx
RUA RAD LUIZ GONZAGA GOMES,7nx
RUA RAD NILTON FRANCISCO DOS SANTOS JÚNIOR,7nx
RUA RAD SEVERINO GOMES DE BRITO,7nx
RUA RAD WERTON SOARES,7nx
RUA RADIO-AMADOR HERCILIO RODRIGUES,7nx
RUA RAFAEL DI LORENZO,7nx
RUA RAIMUNDA CARTAXO ARARUNA,7nx
RUA RAIMUNDO ANTONIO DE CARVALHO,7nx
RUA RAIMUNDO CICERO BATISTA,7nx
RUA RAIMUNDO LUCIANO DE MEDEIROS,7nx
RUA RAIMUNDO NONATO GUARITA,7nx
RUA RAIMUNDO NONATO PAULINO,7nx
RUA RAIMUNDO RAMALHO XAVIER,7nx
RUA RAINHA DA PAZ,7nx
RUA RAMALHO VICENTE FERREIRA,7nx
RUA RAMILSON SOARES TORRES,7nx
RUA RAMON ALESI ALBUQUERQUE PATRICIO,7nx
RUA RANULFO LOURENCO DOS SANTOS,7nx
RUA RAUL BARBOSA FREIRE,7nx
RUA REGINA SOUZA DA SILVA,7nx
RUA REGINALDO CORREIA DE LIMA,7nx
RUA REI DAVI,7nx
RUA REINALDO DE OLIVEIRA SOBRINHO,7nx
RUA REINALDO DOS SANTOS,7nx
RUA RELIGIOSA JULIA MARIA DA CONCEICAO,7nx
RUA RENATO GOMES DE OLIVEIRA,7nx
RUA RENÊ CASTRO DO AMARAL,7nx
RUA REPRES JOSE VANILDO DE OLIVEIRA,7nx
RUA RICARDO LEAL DA SILVA,7nx
RUA RICARDO MARCIO DA SILVA COSTA,7nx
RUA RICARDO SOARES DE SOUZA NETO,7nx
RUA RIO TOCANTINS,7nx
RUA RISALVA OLIVEIRA DA SILVA,7nx
RUA RISOLETA BARROS CORREA,7nx
RUA RISOMAR FERREIRA DE VASCONCELOS,7nx
RUA RISOMAR MACEDO DA SILVA,7nx
RUA RITA ALVES DA COSTA,7nx
RUA RITA FERNANDES DE ARAÚJO,7nx
RUA RITA MARIA DA CONCEIÇÂO,7nx
RUA RITA MARIA DE SANTANA,7nx
RUA RITA PINHEIRO VILAR,7nx
RUA RITA PORFIRIO CHAVES,7nx
RUA RIVELINO ETSON PIRES DE ASSIS,7nx
RUA ROBERTO DA COSTA PESSOA,7nx
RUA ROBERTO DJALMA GUEDES PEREIRA,7nx
RUA ROBERTO PAULO MOREIRA COUTINHO,7nx
RUA ROBERTO RODRIGUES DE SOUZA JUNIOR,7nx
RUA ROBERVAL SEABRA MARQUES,7nx
RUA ROBSON MAUL DE ANDRADE,7nx
RUA RODRIGO RIZZO FERNANDES DE LIMA,7nx
RUA ROGERIO MARQUES DE SOUZA,7nx
RUA ROMILDO DOMINGUES DE MELO,7nx
RUA ROMUALDO ANIZIO DA COSTA,7nx
RUA ROMUALDO ROLIM,7nx
RUA ROMÁRIO CUPERTINO DE MORAIS,7nx
RUA RONALDO VICENTE FERREIRA,7nx
RUA ROSA ANGELA MARTA CAGLIANI,7nx
RUA ROSALVA NEPOMUCENO DO NASCIMENTO,7nx
RUA ROSALVA PEREIRA DE BARROS,7nx
RUA ROT ANTONIO TELINO DE LACERDA,7nx
RUA RUA TEODORA FERREIRA DE ARAUJO,7nx
RUA RUFINO GOMES DE ARAUJO,7nx
RUA RUFINO GOMES DE ARAÚJO NETO,7nx
RUA RUI ANDRADE DA COSTA JUNIOR,7nx
RUA RUI TAVARES DA COSTA,7nx
RUA SABINO RODRIGUES RAMALHO,7nx
RUA SAGUI DA SERRA,7nx
RUA SALUSTIANO BATISTA DE LIMA,7nx
RUA SALVADOR,7nx
RUA SAMUEL FRANCISCO GONÇALVES DE LIMA,7nx
RUA SANDOR DANTAS ALBUQUERQUE,7nx
RUA SANTA EDWIRGENS,7nx
RUA SANTA FILOMENA,7nx
RUA SANTA MARIA,7nx
RUA SANTA RITA,7nx
RUA SANTA RITA DOS IMPOSSIVEIS,7nx
RUA SANTA ROSA,7nx
RUA SANTA TEREZA,7nx
RUA SANTA TEREZINHA DO MENINO JESUS,7nx
RUA SANTO AFONSO DE LIGORIO,7nx
RUA SANTO AFONSO RODRIGUES,7nx
RUA SANTO ANDRE,7nx
RUA SANTO EXPEDITO,7nx
RUA SANTO INÁCIO DE LOYOLA,7nx
RUA SANTO ONOFRE,7nx
RUA SANTOS DUMONT,7nx
RUA SAO BENEDITO,7nx
RUA SAO DIMAS,7nx
RUA SAO FRANCISCO,7nx
RUA SAO JOAO,7nx
RUA SAO JOAO DE CASTILHO,7nx
RUA SAO ROQUE GONZALES,7nx
RUA SARG ALFEU CAVALCANTE DOS ANJOS,7nx
RUA SARG ANTONIO BENEDITO DE OLIVEIRA,7nx
RUA SARG ASTOR DOS SANTOS DANTAS,7nx
RUA SARG CARLOS MOREIRA DE OLIVEIRA,7nx
RUA SARG CARLOS PONTES DE ARAUJO,7nx
RUA SARG DAVI RAMOS DE LIMA,7nx
RUA SARG FRANCISCO GONÇALVES  COSTA,7nx
RUA SARG JOAO COSTA DA SILVA,7nx
RUA SARG JOSÉ DE FARIAS NETO,7nx
RUA SARG LAURO PEREIRA DA SILVA,7nx
RUA SARG MOISÉS PEDRO FERREIRA,7nx
RUA SD PM FRANCISCO PEREIRA DA SILVA,7nx
RUA SEBASTIANA PEREIRA GOMES,7nx
RUA SEBASTIAO BERNARDO BENTO CAMPELO,7nx
RUA SEBASTIAO BERNARDO DA COSTA,7nx
RUA SEBASTIAO FREIRE DE ARAUJO,7nx
RUA SEBASTIAO OLIVEIRA LIMA,7nx
RUA SEBASTIAO PEDRO DE LIMA,7nx
RUA SEBASTIAO PEREIRA DE ARAUJO,7nx
RUA SEBASTIAO RENATO DE MELO,7nx
RUA SEBASTIÃO CARNEIRO DA SILVA,7nx
RUA SEBASTIÃO GOMES DA ROCHA,7nx
RUA SEBASTIÃO PEREIRA DA CUNHA,7nx
RUA SEBASTIÃO SÁTIRO DA NÓBREGA,7nx
RUA SEBASTIÃO VILAR DE AZEVEDO,7nx
RUA SEIS DE DEZEMBRO,7nx
RUA SEM NOME 1480,7nx
RUA SEM NOME 1511,7nx
RUA SEM NOME 1527,7nx
RUA SEM NOME 1624,7nx
RUA SEM NOME 1687,7nx
RUA SEM NOME 4399,7nx
RUA SEM NOME 4596,7nx
RUA SEM NOME 4598,7nx
RUA SEM NOME 4601,7nx
RUA SEM NOME 4605,7nx
RUA SEM NOME 4607,7nx
RUA SEM NOME 4608,7nx
RUA SEM NOME 4626,7nx
RUA SEM NOME 4629,7nx
RUA SEM NOME 4631,7nx
RUA SEM NOME 4632,7nx
RUA SEM NOME 4633,7nx
RUA SEM NOME 4636,7nx
RUA SEM NOME 4637,7nx
RUA SEM NOME 4641,7nx
RUA SEM NOME 4649,7nx
RUA SEM NOME 4665,7nx
RUA SEM NOME 4668,7nx
RUA SEM NOME 4670,7nx
RUA SEM NOME 4672,7nx
RUA SEM NOME 4689,7nx
RUA SEM NOME 4696,7nx
RUA SEM NOME 4707,7nx
RUA SEM NOME 4726,7nx
RUA SEM NOME 4729,7nx
RUA SEM NOME 4735,7nx
RUA SEM NOME 4758,7nx
RUA SEM NOME 4777,7nx
RUA SEM NOME 4818,7nx
RUA SEM NOME 4819,7nx
RUA SEM NOME 4820,7nx
RUA SEM NOME 4821,7nx
RUA SEM NOME 4823,7nx
RUA SEM NOME 4826,7nx
RUA SEM NOME 4827,7nx
RUA SEM NOME 4859,7nx
RUA SEM NOME 4865,7nx
RUA SEM NOME 4868,7nx
RUA SEM NOME 4871,7nx
RUA SEM NOME 4886,7nx
RUA SEM NOME 4890,7nx
RUA SEM NOME 4897,7nx
RUA SEM NOME 4898,7nx
RUA SEM NOME 4903,7nx
RUA SEM NOME 4916,7nx
RUA SEM NOME 4919,7nx
RUA SEM NOME 4963,7nx
RUA SEM NOME 4966,7nx
RUA SEM NOME 4977,7nx
RUA SEM NOME 4978,7nx
RUA SEM NOME 4979,7nx
RUA SEM NOME 4987,7nx
RUA SEM NOME 4988,7nx
RUA SEM NOME 4989,7nx
RUA SEM NOME 4990,7nx
RUA SEM NOME 4991,7nx
RUA SEM NOME 4992,7nx
RUA SEM NOME 4993,7nx
RUA SEM NOME 4994,7nx
RUA SEM NOME 4998,7nx
RUA SEM NOME 5000,7nx
RUA SEM NOME 5006,7nx
RUA SEM NOME 5007,7nx
RUA SEM NOME 5011,7nx
RUA SEM NOME 5016,7nx
RUA SEM NOME 5017,7nx
RUA SEM NOME 5041,7nx
RUA SEM NOME 5044,7nx
RUA SEM NOME 5059,7nx
RUA SEM NOME 5084,7nx
RUA SEM NOME 5099,7nx
RUA SEM NOME 5106,7nx
RUA SEM NOME 5109,7nx
RUA SEM NOME 5127,7nx
RUA SEM NOME 5128,7nx
RUA SEM NOME 5134,7nx
RUA SEM NOME 5163,7nx
RUA SEM NOME 5176,7nx
RUA SEM NOME 5184,7nx
RUA SEM NOME 5212,7nx
RUA SEM NOME 5216,7nx
RUA SEM NOME 5229,7nx
RUA SEM NOME 5248,7nx
RUA SEM NOME 5249,7nx
RUA SEM NOME 5253,7nx
RUA SEM NOME 5254,7nx
RUA SEM NOME 5262,7nx
RUA SEM NOME 5263,7nx
RUA SEM NOME 5265,7nx
RUA SEM NOME 5267,7nx
RUA SEM NOME 5269,7nx
RUA SEM NOME 5308,7nx
RUA SEM NOME 5354,7nx
RUA SEM NOME 5390,7nx
RUA SEM NOME 5394,7nx
RUA SEM NOME 5401,7nx
RUA SEM NOME 5407,7nx
RUA SEM NOME 5439,7nx
RUA SEM NOME 5441,7nx
RUA SEM NOME 5444,7nx
RUA SEM NOME 5446,7nx
RUA SEM NOME 5449,7nx
RUA SEM NOME 5453,7nx
RUA SEM NOME 5465,7nx
RUA SEM NOME 5468,7nx
RUA SEM NOME 5473,7nx
RUA SEM NOME 5474,7nx
RUA SEM NOME 5475,7nx
RUA SEM NOME 5476,7nx
RUA SEM NOME 5496,7nx
RUA SEM NOME 5498,7nx
RUA SEM NOME 5500,7nx
RUA SEM NOME 5501,7nx
RUA SEM NOME 5511,7nx
RUA SEM NOME 5512,7nx
RUA SEM NOME 5513,7nx
RUA SEM NOME 5537,7nx
RUA SEM NOME 5538,7nx
RUA SEM NOME 5543,7nx
RUA SEM NOME 5558,7nx
RUA SEM NOME 5560,7nx
RUA SEM NOME 5561,7nx
RUA SEM NOME 5562,7nx
RUA SEM NOME 5567,7nx
RUA SEM NOME 5572,7nx
RUA SEM NOME 5573,7nx
RUA SEM NOME 5575,7nx
RUA SEM NOME 5582,7nx
RUA SEM NOME 5594,7nx
RUA SEM NOME 5596,7nx
RUA SEM NOME 5597,7nx
RUA SEM NOME 5600,7nx
RUA SEM NOME 5603,7nx
RUA SEM NOME 5629,7nx
RUA SEM NOME 5632,7nx
RUA SEM NOME 5634,7nx
RUA SEM NOME 5635,7nx
RUA SEM NOME 5638,7nx
RUA SEM NOME 5689,7nx
RUA SEM NOME 5690,7nx
RUA SEM NOME 5691,7nx
RUA SEM NOME 5704,7nx
RUA SEM NOME 5705,7nx
RUA SEM NOME 5711,7nx
RUA SEM NOME 5713,7nx
RUA SEM NOME 5715,7nx
RUA SEM NOME 5716,7nx
RUA SEM NOME 5727,7nx
RUA SEM NOME 5728,7nx
RUA SEM NOME 5729,7nx
RUA SEM NOME 5735,7nx
RUA SEM NOME 5739,7nx
RUA SEM NOME 5740,7nx
RUA SEM NOME 5743,7nx
RUA SEM NOME 5744,7nx
RUA SEM NOME 5747,7nx
RUA SEM NOME 5748,7nx
RUA SEM NOME 5750,7nx
RUA SEM NOME 5771,7nx
RUA SEM NOME 5772,7nx
RUA SEM NOME 5782,7nx
RUA SEM NOME 5804,7nx
RUA SEM NOME 5819,7nx
RUA SEM NOME 5853,7nx
RUA SEM NOME 5873,7nx
RUA SEM NOME 5900,7nx
RUA SEM NOME 5902,7nx
RUA SEM NOME 5916,7nx
RUA SEM NOME 5920,7nx
RUA SEM NOME 5921,7nx
RUA SEM NOME 5922,7nx
RUA SEM NOME 5982,7nx
RUA SEM NOME 6004,7nx
RUA SEM NOME 6005,7nx
RUA SEM NOME 6010,7nx
RUA SEM NOME 6013,7nx
RUA SEM NOME 6018,7nx
RUA SEM NOME 6024,7nx
RUA SEM NOME 6065,7nx
RUA SEM NOME 6068,7nx
RUA SEM NOME 6417,7nx
RUA SEM NOME 6498,7nx
RUA SEM NOME 6780,7nx
RUA SEM NOME 6781,7nx
RUA SEM NOME 6830,7nx
RUA SEM NOME 6831,7nx
RUA SEM NOME 6832,7nx
RUA SEM NOME 7061,7nx
RUA SEM NOME 7062,7nx
RUA SEM NOME 7063,7nx
RUA SEM NOME 7065,7nx
RUA SEM NOME 7066,7nx
RUA SEM NOME 7070,7nx
RUA SEM NOME 7091,7nx
RUA SEM NOME 7092,7nx
RUA SEM NOME 7093,7nx
RUA SEM NOME 7096,7nx
RUA SEM NOME 7098,7nx
RUA SEM NOME 7102,7nx
RUA SEM NOME 7103,7nx
RUA SEM NOME 7106,7nx
RUA SEM NOME 7118,7nx
RUA SEM NOME 7120,7nx
RUA SEM NOME 7121,7nx
RUA SEM NOME 7127,7nx
RUA SEM NOME 7128,7nx
RUA SEM NOME 7129,7nx
RUA SEM NOME 7130,7nx
RUA SEM NOME 7131,7nx
RUA SEM NOME 7132,7nx
RUA SEM NOME 7133,7nx
RUA SEM NOME 7135,7nx
RUA SEM NOME 7136,7nx
RUA SEM NOME 7137,7nx
RUA SEM NOME 7138,7nx
RUA SEM NOME 7139,7nx
RUA SEM NOME 7140,7nx
RUA SEM NOME 7141,7nx
RUA SEM NOME 7142,7nx
RUA SEM NOME 7143,7nx
RUA SEM NOME 7144,7nx
RUA SEM NOME 7145,7nx
RUA SEM NOME 7147,7nx
RUA SEM NOME 7150,7nx
RUA SEM NOME 7151,7nx
RUA SEM NOME 7153,7nx
RUA SEM NOME 7154,7nx
RUA SEM NOME 7156,7nx
RUA SEM NOME 7160,7nx
RUA SEM NOME 7165,7nx
RUA SEM NOME 7166,7nx
RUA SEM NOME 7167,7nx
RUA SEM NOME 7168,7nx
RUA SEM NOME 7169,7nx
RUA SEM NOME 7172,7nx
RUA SEM NOME 7173,7nx
RUA SEM NOME 7176,7nx
RUA SEM NOME 7178,7nx
RUA SEM NOME 7179,7nx
RUA SEM NOME 7186,7nx
RUA SEM NOME 7187,7nx
RUA SEM NOME 7194,7nx
RUA SEM NOME 7195,7nx
RUA SEM NOME 7196,7nx
RUA SEM NOME 7198,7nx
RUA SEM NOME 7199,7nx
RUA SEM NOME 7200,7nx
RUA SEM NOME 7201,7nx
RUA SEM NOME 7202,7nx
RUA SEM NOME 7203,7nx
RUA SEM NOME 7204,7nx
RUA SEM NOME 7206,7nx
RUA SEM NOME 7207,7nx
RUA SEM NOME 7209,7nx
RUA SEM NOME 7210,7nx
RUA SEM NOME 7212,7nx
RUA SEM NOME 7230,7nx
RUA SEM NOME 7240,7nx
RUA SEM NOME 7242,7nx
RUA SEM NOME 7259,7nx
RUA SEM NOME 7262,7nx
RUA SEM NOME 7273,7nx
RUA SEM NOME 7277,7nx
RUA SEM NOME 7278,7nx
RUA SEM NOME 7290,7nx
RUA SEM NOME 7299,7nx
RUA SEM NOME 7300,7nx
RUA SEM NOME 7303,7nx
RUA SEM NOME 7305,7nx
RUA SEM NOME 7306,7nx
RUA SEM NOME 7309,7nx
RUA SEM NOME 7310,7nx
RUA SEM NOME 7311,7nx
RUA SEM NOME 7324,7nx
RUA SEM NOME 7328,7nx
RUA SEM NOME 7330,7nx
RUA SEM NOME 7332,7nx
RUA SEM NOME 7335,7nx
RUA SEM NOME 7344,7nx
RUA SEM NOME 7345,7nx
RUA SEM NOME 7348,7nx
RUA SEM NOME 7349,7nx
RUA SEM NOME 7355,7nx
RUA SEM NOME 7356,7nx
RUA SEM NOME 7357,7nx
RUA SEM NOME 7371,7nx
RUA SEM NOME 7375,7nx
RUA SEM NOME 7377,7nx
RUA SEM NOME 7382,7nx
RUA SEM NOME 7387,7nx
RUA SEM NOME 7388,7nx
RUA SEM NOME 7389,7nx
RUA SEM NOME 7390,7nx
RUA SEM NOME 7413,7nx
RUA SEM NOME 7421,7nx
RUA SEM NOME 7422,7nx
RUA SEM NOME 7423,7nx
RUA SEM NOME 7424,7nx
RUA SEM NOME 7426,7nx
RUA SEM NOME 7427,7nx
RUA SEM NOME 7428,7nx
RUA SEM NOME 7431,7nx
RUA SEM NOME 7469,7nx
RUA SEM NOME 7475,7nx
RUA SEM NOME 7476,7nx
RUA SEM NOME 7489,7nx
RUA SEM NOME 7492,7nx
RUA SEM NOME 7495,7nx
RUA SEM NOME 7498,7nx
RUA SEM NOME 7499,7nx
RUA SEM NOME 7501,7nx
RUA SEM NOME 7503,7nx
RUA SEM NOME 7504,7nx
RUA SEM NOME 7506,7nx
RUA SEM NOME 7507,7nx
RUA SEM NOME 7509,7nx
RUA SEM NOME 7510,7nx
RUA SEM NOME 7512,7nx
RUA SEM NOME 7513,7nx
RUA SEM NOME 7514,7nx
RUA SEM NOME 7516,7nx
RUA SEM NOME 7517,7nx
RUA SEM NOME 7518,7nx
RUA SEM NOME 7519,7nx
RUA SEM NOME 7520,7nx
RUA SEM NOME 7526,7nx
RUA SEM NOME 7550,7nx
RUA SEM NOME 7551,7nx
RUA SEM NOME 7553,7nx
RUA SEM NOME 7554,7nx
RUA SEM NOME 7555,7nx
RUA SEM NOME 7556,7nx
RUA SEM NOME 7557,7nx
RUA SEM NOME 7558,7nx
RUA SEM NOME 7559,7nx
RUA SEM NOME 7560,7nx
RUA SEM NOME 7561,7nx
RUA SEM NOME 7562,7nx
RUA SEM NOME 7565,7nx
RUA SEM NOME 7576,7nx
RUA SEM NOME 7577,7nx
RUA SEM NOME 7579,7nx
RUA SEM NOME 7580,7nx
RUA SEM NOME 7581,7nx
RUA SEM NOME 7602,7nx
RUA SEM NOME 7603,7nx
RUA SEM NOME 7649,7nx
RUA SEM NOME 7707,7nx
RUA SEM NOME 7708,7nx
RUA SEM NOME 7709,7nx
RUA SEM NOME 7711,7nx
RUA SEM NOME 7714,7nx
RUA SEM NOME 7715,7nx
RUA SEM NOME 7716,7nx
RUA SEM NOME 7717,7nx
RUA SEM NOME 7718,7nx
RUA SEM NOME 7719,7nx
RUA SEM NOME 7720,7nx
RUA SEM NOME 7725,7nx
RUA SEM NOME 7726,7nx
RUA SEM NOME 7727,7nx
RUA SEM NOME 7728,7nx
RUA SEM NOME 7731,7nx
RUA SEM NOME 7732,7nx
RUA SEM NOME 7733,7nx
RUA SEM NOME 7734,7nx
RUA SEM NOME 7735,7nx
RUA SEM NOME 7742,7nx
RUA SEM NOME 7743,7nx
RUA SEM NOME 7746,7nx
RUA SEM NOME 7752,7nx
RUA SEM NOME 7753,7nx
RUA SEM NOME 7754,7nx
RUA SEM NOME 7755,7nx
RUA SEM NOME 7760,7nx
RUA SEM NOME 7766,7nx
RUA SEM NOME 7776,7nx
RUA SEM NOME 7777,7nx
RUA SEM NOME 7779,7nx
RUA SEM NOME 7780,7nx
RUA SEM NOME 7785,7nx
RUA SEM NOME 7791,7nx
RUA SEM NOME 7792,7nx
RUA SEM NOME 7795,7nx
RUA SEM NOME 7796,7nx
RUA SEM NOME 7797,7nx
RUA SEM NOME 7798,7nx
RUA SEM NOME 7800,7nx
RUA SEM NOME 7801,7nx
RUA SEM NOME 7802,7nx
RUA SEM NOME 7805,7nx
RUA SEM NOME 7808,7nx
RUA SEM NOME 7811,7nx
RUA SEM NOME 7812,7nx
RUA SEM NOME 7813,7nx
RUA SEM NOME 7814,7nx
RUA SEM NOME 7815,7nx
RUA SEM NOME 7816,7nx
RUA SEM NOME 7817,7nx
RUA SEM NOME 7818,7nx
RUA SEM NOME 7819,7nx
RUA SEM NOME 7820,7nx
RUA SEM NOME 7821,7nx
RUA SEM NOME 7822,7nx
RUA SEM NOME 7827,7nx
RUA SEM NOME 7828,7nx
RUA SEM NOME 7836,7nx
RUA SEM NOME 7840,7nx
RUA SEM NOME 7841,7nx
RUA SEM NOME 7867,7nx
RUA SEM NOME 7883,7nx
RUA SEM NOME 7884,7nx
RUA SEM NOME 7885,7nx
RUA SEM NOME 7887,7nx
RUA SEM NOME 7888,7nx
RUA SEM NOME 7889,7nx
RUA SEM NOME 7890,7nx
RUA SEM NOME 7891,7nx
RUA SEM NOME 7892,7nx
RUA SEM NOME 7893,7nx
RUA SEM NOME 7894,7nx
RUA SEM NOME 7912,7nx
RUA SEM NOME 7913,7nx
RUA SEM NOME 7914,7nx
RUA SEM NOME 7962,7nx
RUA SEM NOME 8000,7nx
RUA SEM NOME 8001,7nx
RUA SEM NOME 8008,7nx
RUA SEM NOME 8029,7nx
RUA SEM NOME 8030,7nx
RUA SEM NOME 8034,7nx
RUA SEM NOME 8050,7nx
RUA SEM NOME 8051,7nx
RUA SEM NOME 8053,7nx
RUA SEM NOME 8054,7nx
RUA SEM NOME 8055,7nx
RUA SEM NOME 8060,7nx
RUA SEM NOME 8065,7nx
RUA SEM NOME 8066,7nx
RUA SEM NOME 8077,7nx
RUA SEM NOME 8079,7nx
RUA SEM NOME 8080,7nx
RUA SEM NOME 8111,7nx
RUA SEM NOME 8112,7nx
RUA SEM NOME 8113,7nx
RUA SEM NOME 8114,7nx
RUA SEM NOME 8115,7nx
RUA SEM NOME 8131,7nx
RUA SEM NOME 8132,7nx
RUA SEM NOME 8133,7nx
RUA SEM NOME 8134,7nx
RUA SEM NOME 8135,7nx
RUA SEM NOME 8136,7nx
RUA SEM NOME 8137,7nx
RUA SEM NOME 8147,7nx
RUA SEMPRE VIVA,7nx
RUA SEN DOMICIO GONDIM,7nx
RUA SEN MARCOS FREIRE,7nx
RUA SENHORINHA MARIA DA CONCEIÇÃO,7nx
RUA SERING CHICO MENDES,7nx
RUA SERMÃO DA MONTANHA,7nx
RUA SERRA DO JATOBA,7nx
RUA SERRALHEIRO JOSE PEREIRA DA SILVA,7nx
RUA SERVIA E MONTENEGRO,7nx
RUA SEVERINA ALVES BATISTA DO CARMO,7nx
RUA SEVERINA DA COSTA CABRAL,7nx
RUA SEVERINA DA SILVA CRUZ,7nx
RUA SEVERINA DE ALEXANDRIA RODRIGUES,7nx
RUA SEVERINA DE ANDRADE OLIVEIRA,7nx
RUA SEVERINA DE ARRUDA ABEL,7nx
RUA SEVERINA DO NASCIMENTO FONSECA,7nx
RUA SEVERINA GUEDES DE ARAÚJO,7nx
RUA SEVERINA LUCAS DE LUCENA,7nx
RUA SEVERINA MARIA BARBOSA,7nx
RUA SEVERINA MOREIRA DA SILVA,7nx
RUA SEVERINA PAIVA DE ARAUJO,7nx
RUA SEVERINA RAMOS BARRETO DE OLIVEIRA,7nx
RUA SEVERINO ANTONIO DA SILVA,7nx
RUA SEVERINO ARCANJO SILVA ALMEIDA,7nx
RUA SEVERINO BENEDITO DE PAULO,7nx
RUA SEVERINO CIPRIANO,7nx
RUA SEVERINO CORREIA DA SILVA,7nx
RUA SEVERINO DE BARROS VIEGAS,7nx
RUA SEVERINO DUMONT,7nx
RUA SEVERINO ELIAS JUSTINO,7nx
RUA SEVERINO ENNES DE ATHAYDE,7nx
RUA SEVERINO FERNANDES BEZERRIL,7nx
RUA SEVERINO GARCIA GALVÃO,7nx
RUA SEVERINO GOMES DE ANDRADE,7nx
RUA SEVERINO GOMES DE MEDEIROS,7nx
RUA SEVERINO GOMES DE SOUZA,7nx
RUA SEVERINO GUEDES DA SILVA,7nx
RUA SEVERINO LINS DE ALBUQUERQUE,7nx
RUA SEVERINO LOPES DA SILVA,7nx
RUA SEVERINO LUSTOSA MORAES,7nx
RUA SEVERINO MAIA DA CRUZ,7nx
RUA SEVERINO MANOEL DE LIMA,7nx
RUA SEVERINO MANOEL DO NASCIMENTO,7nx
RUA SEVERINO NEVES DE LIMA,7nx
RUA SEVERINO NICOLAU DE MELLO,7nx
RUA SEVERINO PAIVA DE ARAUJO,7nx
RUA SEVERINO PEDRO DA SILVA,7nx
RUA SEVERINO PEDRO SOARES,7nx
RUA SEVERINO SARAIVA CASSIMIRO,7nx
RUA SEVERINO TAVARES DE FREITAS,7nx
RUA SEVERINO VENÂNCIO DE SOUZA,7nx
RUA SEVERINO VICENTE AMORIM,7nx
RUA SGTO ADAHYLTON PONTES DE LIMA,7nx
RUA SGTO FRANCISCO DE CASTRO,7nx
RUA SGTO INACIO GONCALVES DA SILVA,7nx
RUA SGTO MIGUEL MORENO,7nx
RUA SGTO NUNES,7nx
RUA SGTO OTAVIANO MANGUEIRA,7nx
RUA SGTO PEDRO GOMES DE LIRA,7nx
RUA SGTO PEDRO NAZARÉ RODRIGUES MACHADO,7nx
RUA SGTO RAMOS,7nx
RUA SIBERIA,7nx
RUA SIBIPIRUNA,7nx
RUA SILMAR PEDROSA DOS SANTOS,7nx
RUA SILVANO DOMINGOS DE ARAUJO,7nx
RUA SILVANO FRANCO DE OLIVEIRA,7nx
RUA SILVERIO MIGUEL DOS SANTOS,7nx
RUA SILVIO FERNANDES DE ASSIS,7nx
RUA SIND ANTONIO FELIPE DOS SANTOS,7nx
RUA SIND PEDRO RIBEIRO,7nx
RUA SOLD EDSON DOS SANTOS FAUSTINO,7nx
RUA SOLD JOAO PORCINO DA COSTA,7nx
RUA SOMBREIROS,7nx
RUA SONIA LEITE CORDEIRO,7nx
RUA SONIA MARIA BATISTA DO NASCIMENTO,7nx
RUA STELA AMARAL TAVARES,7nx
RUA SUBTEN GRACIANO FELIX DA SILVA,7nx
RUA SUBTEN JOAQUIM DO NASCIMENTO,7nx
RUA SUBTEN MANOEL GATO,7nx
RUA SUELI PEREIRA DA CUNHA,7nx
RUA SUSANA CARREIRA CÂMARA DE MENDONÇA,7nx
RUA SÃO MARCOS,7nx
RUA SÉRGIO AUGUSTO PENAZZI,7nx
RUA SÉRVIO TÚLIO SOARES PONTES,7nx
RUA TAB ANTONIO CARNEIRO,7nx
RUA TAB CARLOS NEVES DA FRANCA,7nx
RUA TAB CARLOS ULYSSES DE CARVALHO,7nx
RUA TAB ESTANISLAU ELOY,7nx
RUA TAB EURYDICE DE BARROS ESTEVES,7nx
RUA TAB JOAO NUNES TRAVASSOS,7nx
RUA TAB JOAQUIM DA SILVA RAMOS,7nx
RUA TAB JOSE RAMALHO LEITE,7nx
RUA TAB VENANCIO SANTIAGO,7nx
RUA TAMANDUÁ - BANDEIRA,7nx
RUA TARCÍSIO DELMIRO DA SILVA,7nx
RUA TATIANA DA SILVA,7nx
RUA TATU PELUDO,7nx
RUA TAVIR VIRGOLINO CÉSAR,7nx
RUA TAXISTA ANTÔNIO PEREIRA ALVES,7nx
RUA TEC AG JOSE VIRGINIO DE SOUZA,7nx
RUA TELEG ARMANDO PESSOA,7nx
RUA TELEG CHATEAUBRIAND BRASIL FILHO,7nx
RUA TELEG CICERO CALDAS,7nx
RUA TELEG ELESBAO SANTIAGO,7nx
RUA TELEG JOSE NEVES PACOTE,7nx
RUA TELEG SA LEITAO,7nx
RUA TELEG TASSO CABRAL DE MELO,7nx
RUA TEN AFONSO TEIXEIRA DE CARVALHO,7nx
RUA TEN ANTONIO FERNANDES DO AMARAL,7nx
RUA TEN ANTONIO GOMES DE CASTRO,7nx
RUA TEN ANTONIO LIMA PESSOA,7nx
RUA TEN AUGUSTO PEDRO VENTURA,7nx
RUA TEN BERTO LUIZ GOMES,7nx
RUA TEN CARDOSO,7nx
RUA TEN CEL ALBERTINO FRANCISCO DOS SANTOS,7nx
RUA TEN CLAUDIONOR DAS NEVES CARDOSO,7nx
RUA TEN EDMILSON PEDROSA GUIMARÃES,7nx
RUA TEN EDUARDO CAMBOIM,7nx
RUA TEN ESDRAS JORGE DE CARVALHO,7nx
RUA TEN EUCLIDES BANDEIRA,7nx
RUA TEN FRANCISCO BISPO SALES,7nx
RUA TEN FRANCISCO DE ASSIS MOREIRA,7nx
RUA TEN GAMA CABRAL,7nx
RUA TEN GERALDO VARELA DA COSTA,7nx
RUA TEN GIL TOSCANO,7nx
RUA TEN HORACIO SALUSTIANO DA COSTA,7nx
RUA TEN HUGO LEITE,7nx
RUA TEN HUGO OLIVEIRA SILVA,7nx
RUA TEN JOAO ANTONIO DE MELO,7nx
RUA TEN JOAO BATISTA DE OLIVEIRA,7nx
RUA TEN JOAO COELHO LEMOS,7nx
RUA TEN JOAO DA COSTA VILAR,7nx
RUA TEN JOSE RODRIGUES DA SILVA,7nx
RUA TEN JOÃO RODRIGUES DA SILVA,7nx
RUA TEN LUIZ BATISTA DE OLIVEIRA,7nx
RUA TEN MANOEL CHAGAS DE OLIVEIRA,7nx
RUA TEN MANOEL ROSENDO DA SILVA,7nx
RUA TEN MANOEL TAVARES,7nx
RUA TEN MANOEL VASCONCELOS SAMPAIO,7nx
RUA TEN MARIO DE SOUZA CORREIA,7nx
RUA TEN MOTA,7nx
RUA TEN NAPOLEAO ACIOLI DE LIMA,7nx
RUA TEN PANTALEAO DA PAIXAO,7nx
RUA TEN PEDRO ANÍSIO DA SILVA,7nx
RUA TEN PEDRO DA COSTA PALMEIRA,7nx
RUA TEN RETUMBA,7nx
RUA TEN RIVALDO ANTONIO DE ARAUJO,7nx
RUA TEN SEVERINO GOMES PEREIRA,7nx
RUA TEN WILSON DOS SANTOS PONTUAL,7nx
RUA TEONES BARBOSA,7nx
RUA TERCILIA  DE ARRUDA LUNA,7nx
RUA TEREZINHA DE JESUS CAVALCANTI,7nx
RUA TEREZINHA DE JESUS DO NASCIMENTO,7nx
RUA TEREZINHA DE MEDEIROS DANTAS SOUZA,7nx
RUA TEREZINHA DE OLIVEIRA JUSTO,7nx
RUA TEREZINHA DINIZ,7nx
RUA TEREZINHA GARCIA RIBEIRO,7nx
RUA TERTULIANO SOARES AVELAR,7nx
RUA THIAGO DOUGLAS DE LIMA BARBOSA,7nx
RUA TIAGO NUNES DOS SANTOS,7nx
RUA TICIANO CAVALCANTI,7nx
RUA TIÉ- SANGUE,7nx
RUA TOMAS GOMES DA SILVA,7nx
RUA TOMAZ BEZERRA GALVÃO,7nx
RUA TOMAZ PIRES DOS SANTOS,7nx
RUA TONYS ALBINO DE MORAIS,7nx
RUA TRABALHO,7nx
RUA TRAT JOSÉ DO CARMO LIMA,7nx
RUA TRINCHEIRAS,7nx
RUA TURQUIA,7nx
RUA UBIRAJARA DOS SANTOS LIMA,7nx
RUA ULISSES ALVES PEQUENO,7nx
RUA UNIV ADOLFO AUGUSTO BARBOSA,7nx
RUA UNIV CARLOS MARCELO PINTO,7nx
RUA UNIV EDVALDO DA SILVEIRA ANDRADE,7nx
RUA UNIV IVAN OLIMPIO SEGUNDO,7nx
RUA UNIV JANSER NOBREGA DE ARAUJO,7nx
RUA UNIV JOAO VIEIRA GONCALVES DE MEDEIROS JUNIOR,7nx
RUA UNIV JOSE J EPAMINONDAS DE SOUZA,7nx
RUA UNIV LOUREIRO GUEDES PEREIRA,7nx
RUA UNIV LUIZ ALVES DA ROCHA,7nx
RUA UNIV MARIA DAS GRACAS RIBEIRO DE ALENCAR,7nx
RUA UNIV PAULO RODRIGUES DE SOUZA,7nx
RUA UNIV RICARDO AUGUSTO BARBOSA,7nx
RUA UNIV ROGERIO BENEVIDES,7nx
RUA UNIV RUTH MAGALHAES DA SILVA,7nx
RUA UNIV VIRGINIA LICIA VELOSO FREIRE,7nx
RUA UNIV WALDER BELO RABELO PESSOA DA COSTA,7nx
RUA VALDEMIR LIMEIRA RAMOS,7nx
RUA VALDEVINO GREGORIO DE ANDRADE,7nx
RUA VALDEVINO JOAQUIM DE LIMA,7nx
RUA VALDIRA MACHADO DA SILVA,7nx
RUA VALDRIANA PERONICO RAMOS DOS SANTOS,7nx
RUA VALE DOS DINOSSAUROS,7nx
RUA VAMBERTO MENDES DE PONTES,7nx
RUA VANDI MOUSINHO DE ARAÚJO,7nx
RUA VANDICK PINTO FILGUEIRAS,7nx
RUA VENANCIO GONÇALVES DE OLIVEIRA,7nx
RUA VER ANTONIO CORREIA DE VASCONCELOS,7nx
RUA VER ANTONIO PESSOA DA ROCHA,7nx
RUA VER EDWARD DA SILVA,7nx
RUA VER FRANCISCO LEITE CAVALCANTI,7nx
RUA VER GUMERCINDO BARBOSA DUNDA,7nx
RUA VER JOAO FREIRE,7nx
RUA VER JOAO GONÇALVES DE ABRANTES,7nx
RUA VER JOSE ALBERTO BARROCA FALCAO,7nx
RUA VER LUIZ DE CARVALHO COSTA,7nx
RUA VER MANOEL GONÇALO DE OLIVEIRA,7nx
RUA VER MARCELO LINS DE MENDONCA,7nx
RUA VER MARIO TORRES DE ANDRADE,7nx
RUA VER PEDRO ALVES DE SOUZA,7nx
RUA VER PEDRO PAULO DE ALMEIDA,7nx
RUA VER RODERICO TOSCANO DE BRITO BORGES,7nx
RUA VER SEVERINO DEODATO,7nx
RUA VERONICA MEDEIROS G DE ARAUJO,7nx
RUA VICENTE ALVES DA SILVA,7nx
RUA VICENTE DE PAULO CHIANCA,7nx
RUA VICENTE FERRER DE ARAÚJO E SILVA,7nx
RUA VICENTE JOAQUIM CALADO,7nx
RUA VIG BERNADINO ALVES CORREIA,7nx
RUA VIG GIVANILDO GOMES,7nx
RUA VIG SARLEN,7nx
RUA VIGOLVINO FLORENTINO DA COSTA,7nx
RUA VILMA SOARES DA CUNHA RÊGO,7nx
RUA VIOLON RAFAEL RABELO,7nx
RUA VIRGÍNIA MENDONÇA DE SOUZA,7nx
RUA VISC INHAUMA,7nx
RUA VISC ITAPARICA,7nx
RUA VISC OURO PRETO,7nx
RUA VITORIANO GONZALEZ Y GONZALEZ,7nx
RUA VITORINA ANDRADE DE ARAÚJO,7nx
RUA VITÓRIA RÉGIA,7nx
RUA WALBER PORTO BEZERRA,7nx
RUA WALDA CRUZ CORDEIRO,7nx
RUA WALDEMAR BAPTISTA CAVALCANTI,7nx
RUA WALDEMAR DE ALBUQUERQUE ARANHA,7nx
RUA WALDIRA DE FATIMA MEDEIROS MADRUGA,7nx
RUA WALDOMIRO GONÇALVES DANTAS,7nx
RUA WALTER PAIVA DE ALBUQUERQUE,7nx
RUA WALTER VIEIRA ARCOVERDE,7nx
RUA WANDA VILARIN RAMOS,7nx
RUA WILMA REGINA COUTINHO GOMES,7nx
RUA WILSON ALVES DE FREITAS,7nx
RUA WILSON VELLOSO DA SILVA,7nx
RUA WIRLEY LINS RIBEIRO,7nx
RUA WIVIANE DE MATOS PONTES DE FREITAS,7nx
RUA XATUBAS,7nx
RUA Y2,7nx
RUA YAYA DE AMORIM COUTINHO,7nx
RUA ZABDIEL GOMES DA SILVA,7nx
RUA ZENEIDE MANGUEIRA DE SOUZA BRITO,7nx
RUA ZILDA CABRAL DE VASCONCELOS,7nx
RUA ZÉLIA MEDEIROS DE ARAÚJO,7nx
RUA ÁLVARO CAVALCANTI CHAVES,7nx
RUA ÊNIO LUCENA DA SILVA,7nx
RUAS DOS PARDAIS,7nx
"RUAS LIRIOS, DOS",7nx
RUa SALVINO MARTINS DE SOUSA,7nx
TRAV MARTINHO LUTERO I,7nx
TRV  ANISIO SALATIEL,7nx
TRV  ANTONIO ANGELO,7nx
TRV  CARMEM MIRANDA,7nx
TRV  CASTRO PINTO,7nx
TRV  CONCEICAO CABRAL,7nx
TRV  ERNESTO SORRENTINO,7nx
TRV  FALESIA,7nx
TRV  GENESIO ANDRADE,7nx
TRV  GLAUCIA MARIA DOS SANTOS GOUVEIA,7nx
TRV  GOUVEIA NOBREGA,7nx
TRV  JUA,7nx
TRV  JULIA FREIRE,7nx
TRV  LOPO GARRO,7nx
TRV  MARDOKEU NACRE,7nx
TRV  MARIO MAGUALHAES,7nx
TRV  MARTINHO LUTERO II,7nx
TRV  MAURICIO DE OLIVEIRA,7nx
TRV  MELVIN JONES,7nx
TRV  MILAGRE,7nx
TRV  MURILO BUARQUE,7nx
TRV  PEDRO JAIME SEIXAS,7nx
TRV  RAUL MACHADO,7nx
TRV  REDENCAO,7nx
TRV  RODRIGUES ALVES,7nx
TRV  RODRIGUES CHAVES,7nx
TRV  ROSA DE FARIAS REAL ( ROSINHA ),7nx
TRV  SAO FRANCISCO,7nx
TRV  SAO GONCALO,7nx
TRV  SAO PAULO,7nx
TRV  TIRADENTES,7nx
TRV  TITO SILVA,7nx
TRV  VICENTE COSTA FILHO,7nx
TRV BARAO PASSAGEM,7nx
TRV CARNEIRO CAMPOS,7nx
TRV CEL BARATA,7nx
TRV CIDADE DE VÁRZEA,7nx
TRV CIDADE DO CONDE,7nx
TRV DES FEITOSA VENTURA,7nx
TRV DR JOAO DA MATA,7nx
TRV ELSON TOLEDO,7nx
TRV FREI VITAL,7nx
TRV GAL PEDRO GONCALVES DE MEDEIROS,7nx
TRV JOSEFA PONTES COUTINHO,7nx
TRV MULUNGU,7nx
TRV NATALIA LUIZA DOS SANTOS,7nx
TRV PASTOR AFONSO,7nx
TRV PAULO AFONSO,7nx
TRV PRES CASTELO BRANCO,7nx
TRV REINALDO DOS SANTOS,7nx
TRV SEM NOME 7829,7nx
TRV TEN PEDRO FERNANDES FILHO,7nx
TRV TERMINAL RODOVIARIO,7nx
TRV VINTE E OITO DE SETEMBRO,7nx
VD EDUARDO CAMPOS,7nx
VD GOV IVAN BICHARA,7nx
VD TREVO DAS MANGABEIRAS,7nx
VIA  SANTA BENEDITA,7nx
VIA EXPRESSA AIRTON SENNA DA SILVA,7nx
VIA LESTE - OESTE,7nx
VIA SEM NOME 7500,7nx
VIA SEM NOME 7502,7nx
VILA LEVI LOPES,7nx
VL  ANTONIA MACHADO,7nx
VL  JOAO M DE ALMEIDA,7nx
VL  NOSSA SENHORA DAS NEVES,7nx
VL  NOVAIS,7nx
VL  SAO JOAO BATISTA,7nx
VL  SAO RAFAEL,7nx
VL ACIOLY,7nx
VL ALCANTARA,7nx
VL AMAURI,7nx
VL APRIGIO LIMA,7nx
VL BELARMINO,7nx
VL BETEL,7nx
VL BRASILIA,7nx
VL CAIANA,7nx
VL COREMAS,7nx
VL GUARANI,7nx
VL JOANA DARC,7nx
VL JOAO AGRIPINO,7nx
VL JOSE ALBINO,7nx
VL JUMAR,7nx
VL MARCOS BARBOSA,7nx
VL MARIA LEONARDO,7nx
VL NOSSA SENHORA DA CONCEICAO,7nx
VL NOSSA SENHORA DO PERPETUO SOCORRO,7nx
VL PATRIARCA,7nx
VL QUINTINO BOCAIUVA,7nx
VL SANTA CECILIA,7nx
VL SANTA LUCIA,7nx
VL SANTA LUZIA,7nx
VL SAO LUIZ,7nx
VL SAO SEBASTIAO,7nx
VL UNIAO,7nx
VL ZACCARA,7nx
VP SEM NOME 7104,7nx
VP SEM NOME 7105,7nx
VP SEM NOME 7208,7nx
VP SEM NOME 7211,7nx
VP SEM NOME 7213,7nx
VP SEM NOME 7214,7nx
VP SEM NOME 7215,7nx
VP SEM NOME 7216,7nx
VP SEM NOME 7217,7nx
VP SEM NOME 7218,7nx
VP SEM NOME 7219,7nx
VP SEM NOME 7220,7nx
VP SEM NOME 7221,7nx
VP SEM NOME 7222,7nx
VP SEM NOME 7223,7nx
VP SEM NOME 7224,7nx
VP SEM NOME 7225,7nx
VP SEM NOME 7226,7nx
VP SEM NOME 7227,7nx
VP SEM NOME 7228,7nx
VP SEM NOME 7229,7nx
VP SEM NOME 7232,7nx
VP SEM NOME 7233,7nx
VP SEM NOME 7234,7nx
VP SEM NOME 7235,7nx
VP SEM NOME 7236,7nx
VP SEM NOME 7237,7nx
VP SEM NOME 7238,7nx
VP SEM NOME 7239,7nx
VP SEM NOME 7243,7nx
VP SEM NOME 7244,7nx
VP SEM NOME 7245,7nx
VP SEM NOME 7246,7nx
VP SEM NOME 7247,7nx
VP SEM NOME 7248,7nx
VP SEM NOME 7249,7nx
VP SEM NOME 7250,7nx
VP SEM NOME 7251,7nx
VP SEM NOME 7252,7nx
VP SEM NOME 7256,7nx
VP SEM NOME 7257,7nx
VP SEM NOME 7258,7nx
VP SEM NOME 7260,7nx
VP SEM NOME 7272,7nx
VP SEM NOME 7274,7nx
VP SEM NOME 7312,7nx
VP SEM NOME 7313,7nx
VP SEM NOME 7314,7nx
VP SEM NOME 7315,7nx
VP SEM NOME 7316,7nx
VP SEM NOME 7317,7nx
VP SEM NOME 7318,7nx
VP SEM NOME 7319,7nx
VP SEM NOME 7320,7nx
VP SEM NOME 7321,7nx
VP SEM NOME 7322,7nx
VP SEM NOME 7323,7nx
VP SEM NOME 7418,7nx
VP SEM NOME 7420,7nx
VP SEM NOME 7429,7nx
VP SEM NOME 7430,7nx
VP SEM NOME 7432,7nx
VP SEM NOME 7433,7nx
VP SEM NOME 7434,7nx
VP SEM NOME 7435,7nx
VP SEM NOME 7436,7nx
VP SEM NOME 7437,7nx
VP SEM NOME 7438,7nx
VP SEM NOME 7439,7nx
VP SEM NOME 7440,7nx
VP SEM NOME 7441,7nx
VP SEM NOME 7442,7nx
VP SEM NOME 7443,7nx
VP SEM NOME 7444,7nx
VP SEM NOME 7445,7nx
VP SEM NOME 7446,7nx
VP SEM NOME 7447,7nx
VP SEM NOME 7448,7nx
VP SEM NOME 7449,7nx
VP SEM NOME 7450,7nx
VP SEM NOME 7451,7nx
VP SEM NOME 7452,7nx
VP SEM NOME 7453,7nx
VP SEM NOME 7454,7nx
VP SEM NOME 7455,7nx
VP SEM NOME 7456,7nx
VP SEM NOME 7457,7nx
VP SEM NOME 7458,7nx
VP SEM NOME 7459,7nx
VP SEM NOME 7460,7nx
VP SEM NOME 7461,7nx
VP SEM NOME 7462,7nx
VP SEM NOME 7463,7nx
VP SEM NOME 7464,7nx
VP SEM NOME 7465,7nx
VP SEM NOME 7466,7nx
VP SEM NOME 7467,7nx
VP SEM NOME 7468,7nx
VP SEM NOME 7481,7nx
VP SEM NOME 7482,7nx
VP SEM NOME 7483,7nx
VP SEM NOME 7484,7nx
VP SEM NOME 7485,7nx
VP SEM NOME 7486,7nx
VP SEM NOME 7487,7nx
VP SEM NOME 7488,7nx
VP SEM NOME 7525,7nx
VP SEM NOME 7764,7nx
VP SEM NOME 7826,7nx
