name,ghs
ACS 1,6xmq6
ACS 1 - CHAC. CAMPO BELO,6xm
ACS CONSTANTINO NERY,6xmq6
ACS PARTICULAR,6xmq6
ACS PLINIO COELHO,6xmq3
ACS RUA A,6xmq7
ALA ALASKA,6xmq8
ALA ALBANIA,6xmq8
ALA ALEMANHA,6xmq8
ALA ALFREDO VOLPI,6xmq8
ALA AMAPA,6xmqf
ALA AMAZONINO MENDES,6xm
ALA ANDORRA,6xmq8
ALA ANGOLA,6xmq8
ALA ANTONIO GOMIDE,6xmq8
ALA ARABIA,6xmq8
ALA ARGENTINA J DAS AMERICA,6xmq8
ALA ATENAS,6xmq8
ALA AUSTRIA,6xmq8
ALA BELGICA,6xmq8
ALA BOLIVIA J DAS AMERICAS,6xmq 6xmq8
ALA BRISAS DO LESTE,6xmqk
ALA BRISAS DO OESTE,6xmqk
ALA BRISAS DO RIO NEGRO,6xmqk
ALA BRISAS DO SUL,6xmqk
ALA CANADÁ,6xmq8
ALA CANDIDO PORTINARI,6xmq8
ALA CARLOTA BOMFIM,6xmq8
ALA CHILE J DAS AMERICAS,6xmq
ALA CHINA,6xmq8
ALA CIRCULAR CUBA J AMERICA,6xmq
ALA COLOMBIA J DAS AMERICAS,6xmq
ALA CÍCERO DIAS,6xmq8
ALA DA ESPERANÇA,6xmqez
ALA DAS ACÁCIAS,6xmqd
ALA DAS GRAVIOLAS,6xmqd
ALA DAS GROTAS,6xm
ALA DEWAS,6xm
ALA DJANIRA DA MOTA E SILVA,6xmq8
ALA DO RIO V DO PONTAL,6xm
ALA DONA JÚLIA MARTINS,6xmq6 6xmq6r
ALA DOS AÇAIS,6xmqd
ALA DOS CUPUAÇUS,6xmqd
ALA DOS JAMBEIROS,6xmqd
ALA EGITO,6xmq8
ALA ELFOS,6xm
ALA EMILIANO DI CAVALCANTI,6xmq8
ALA EQUADOR J DAS AMERICAS,6xmq
ALA ESCOCIA,6xmq8
ALA ESPANHA,6xmq8
ALA FRANCA,6xmq 6xmq8
ALA GUIANA FRANCESA J AMERI,6xmq
ALA HOLANDA,6xmq8
ALA HUNGRIA,6xmq8
ALA IBERE CAMARGO,6xmq8
ALA INDIA,6xmq8
ALA IRAQUE,6xmq8
ALA IRÃ,6xmq8
ALA ISMAEL NERI,6xmq8
ALA ITALIA,6xmq8
ALA ITU,6xm
ALA JAPAO,6xmq8
ALA KOREA,6xmq8
ALA LIBANO,6xmq8
ALA LIBIA,6xmq8
ALA MADRI,6xmq8
ALA MEXICO J DAS AMERICAS,6xmq
ALA MILTON DA COSTA,6xmq8
ALA MOCAMBIQUE,6xmq8
ALA NIGERIA,6xmq8
ALA NORUEGA,6xmq8
ALA PAIS DE GALES,6xmq8
ALA PARAGUAY J DAS AMERICAS,6xmq
ALA PERU J DAS AMERICAS,6xmq
ALA PORTUGAL,6xmq8
ALA PRES. FIGUEIREDO,6xmq6
ALA RUSSIA 1,6xmq8
ALA SANTOS DUMONT,6xmq9g 6xmqd
ALA SUDAO,6xmq8
ALA SUECIA,6xmq8
ALA TARCILA DO AMARAL,6xmq8
ALA TEFE CJ SGTO PANTOJA,6xmq3
ALA URUGUAY J DAS AMERICAS,6xmq
ALA VENEZUELA J DAS AMERICA,6xmq
ALA ZAIRE,6xmq8
AVN 1-PARAISO TROPICAL,6xmqc
AVN 17 DE MARÇO,6xm 6xmqf
AVN 7 DE MAIO,6xm
AVN 7 DE SETEMBRO,6xmq 6xmq4
AVN A CJ. JD. DE VERSALLES,6xmq9
AVN ABIURANA,6xmq 6xmq7
AVN ABRAHAM BENZION,6xmqe
AVN ACHOUARI,6xmqc
AVN ACÁCIA NEGRA,6xm
AVN ADOLFO DUCKER,6xmq7
AVN AIRES DA CUNHA,6xmq3 6xmq3w 6xmq3x
AVN AJURICABA,6xmq4 6xmq4t
AVN ALDEOTA,6xmq
AVN AMAPA,6xmqf
AVN AMÉRICO ANTONY,6xmq7
AVN ANDIRÁ,6xmq3
AVN ANDRÉ ARAÚJO,6xmq6 6xmq6d 6xmq6e 6xmq6g
AVN ANTOINE LAVOISIER,6xmqc
AVN ANTONIO TELES,6xmqe
AVN ANTÔNIO SÉRGIO VIEIRALVES,6xmqe 6xmqes 6xmqeu
AVN APUAÚ,6xmq3
AVN ARICA,6xmq
AVN ARQUITETA ANGÉLICA CRUZ,6xmqg
AVN ARQUITETO JOSÉ HENRIQUES BENTO RODRIGUES,6xm 6xmqf 6xmqfv 6xmqgg
AVN ATROARIS,6xmqfc 6xmqff
AVN AUTAZ MIRIM,6xmq7 6xmq7y 6xmqe 6xmqec 6xmqef 6xmqeg 6xmqeu 6xmqev 6xmqey 6xmqgb 6xmqs 6xmqu
AVN AYRÃO,6xmq6 6xmq60
AVN AÇAÍ,6xmq 6xmq7
AVN B-LOTEAMENTO-CARIJO,6xmq7r
AVN BANDEIRANTES,6xmqdx
AVN BARCELOS,6xmq6 6xmq60
AVN BARÃO DE TEFÉ,6xmqd
AVN BEIRA MAR,6xmq7 6xmq7j
AVN BEIRA RIO,6xmq7 6xmq7j
AVN BISPO PEDRO MASSA,6xmqe 6xmqen 6xmqer 6xmqg 6xmqg1
AVN BOM JESUS,6xmqc 6xmqf
AVN BORBA,6xmq4 6xmq4t 6xmq4x
AVN BRASIL,6xmq3 6xmq36 6xmq37 6xmq39 6xmq3b 6xmq3c
AVN BRIGADEIRO HILÁRIO GURJÃO,6xmqev 6xmqs 6xmqsj 6xmqu
AVN BURITI,6xmq 6xmq7 6xmqk
AVN CAMAPUÃ,6xmqez 6xmqg 6xmqg2 6xmqgb 6xmqs
AVN CARLOS DRUMMOND DE ANDRADE,6xmq7
AVN CARVALHO LEAL,6xmq4 6xmq4t 6xmq4x
AVN CASTELO BRANCO,6xmq4 6xmq4x 6xmq6 6xmq68
AVN CECÍLIA MEIRELES,6xmq8
AVN CEL TEIXEIRA,6xmq
AVN CHUVA DE OURO,6xmqc
AVN CINE YPIRANGA,6xmq6
AVN CLÁUDIO MESQUITA,6xm
AVN CODAJÁS,6xmq4 6xmq4x 6xmq6 6xmq68
AVN COLANTINO ALEIXO,6xmq
AVN COMENDADOR JOSÉ CRUZ,6xm
AVN COMPENSA,6xmq3 6xmq39 6xmq3d
AVN CONSTANTINO NERY,6xmq3 6xmq4 6xmq4p 6xmq6 6xmq60 6xmqd
AVN CONSTANTINOPLA,6xmq9
AVN CORONEL CYRILLO NEVES,6xmq3 6xmq35 6xmq37
AVN CORONEL SÁVIO BELOTA,6xmqe 6xmqem 6xmqet 6xmqew
AVN CORONEL TEIXEIRA,6xmq 6xmq3 6xmq8
AVN COSME FERREIRA,6xmq6 6xmq7 6xmq7r 6xmqe 6xmqeb 6xmqec 6xmqk 6xmqs
AVN CRAVINA DOS POETAS,6xmq9 6xmq9e 6xmq9f
AVN CRETA,6xmqg
AVN CRISTÃ,6xmqf 6xmqfe 6xmqfs
AVN CUPIUBA,6xmq7
AVN CURAÇAO,6xm 6xmqf 6xmqg 6xmqg5
AVN DA ANUNCIAÇÃO,6xmq9
AVN DA COOPERATIVA,6xm
AVN DA ESPERANÇA,6xm
AVN DA FLORESTA,6xm
AVN DA GENTILEZA,6xm
AVN DA LUA,6xmq6
AVN DA PAZ,6xm
AVN DA UNIÃO,6xm
AVN DA VIVENDA VERDE,6xm 6xmq
AVN DARCY VARGAS,6xmq6
AVN DAS AMERICAS J DAS AMER,6xmq
AVN DAS AVENCAS,6xmq9f 6xmqd
AVN DAS FLORES,6xm 6xmq7 6xmqe
AVN DAS PUPUNHAS,6xmq8
AVN DAS TORRES,6xm 6xmqf 6xmqff 6xmqfv 6xmqg4
AVN DESEMBARGADOR JOÃO MACHADO,6xmq9 6xmqd
AVN DESEMBARGADOR PAULO JACOB,6xmq9
AVN DJALMA BATISTA,6xmq6 6xmq60 6xmqd
AVN DO CETUR,6xmq 6xmqc
AVN DO PONTAL,6xm
AVN DO SAMBA,6xmq3 6xmq6
AVN DO TURISMO,6xm 6xmq8 6xmq9 6xmqc
AVN DOM PEDRO I,6xmq3 6xmq3w 6xmq3x
AVN DOMINGOS JORGE VELHO,6xmq3q 6xmq3w
AVN DONA OTÍLIA,6xmqc
AVN DOS GUARANÁS,6xm
AVN DOS INAJAS,6xmq8
AVN DOS OITIS,6xmq7 6xmqk 6xmqs
AVN DR. ARAÚJO LIMA,6xmqee 6xmqes 6xmqeu 6xmqev
AVN DR. THEOMÁRIO PINTO DA COSTA,6xmq3 6xmq6
AVN DUBLIM,6xmq9
AVN DUQUE DE CAXIAS,6xmq4 6xmq6
AVN EDMUNDO SOARES,6xmqd
AVN EDUARDO RIBEIRO,6xmq4
AVN ELDORADO,6xmq6
AVN ELIAS RAMIRO BENTES,6xmqf 6xmqfe 6xmqfs
AVN EPAMINONDAS,6xmq4
AVN EPHIG SALES - R BOCA DO ACRE,6xmq6
AVN EPHIGÊNIO SALLES,6xmq6
AVN EQUADOR,6xmq8
AVN FERNANDO PESSOA,6xmq6c 6xmq7
AVN FERNANDO SABINO,6xmqc
AVN FERNÃO DIAS PAES LEME,6xmq3w
AVN FLAMBOYANT,6xmq 6xmqs
AVN FLOR DE SANTA RITA,6xmqc
AVN FLORIANO PEIXOTO,6xmq4
AVN FRANCISCO QUEIROZ,6xmqdx 6xmqf8 6xmqf9
AVN FREDERICO BAIRD,6xmq 6xmq8
AVN FREIS CAPUCHINHOS,6xm
AVN G,6xmqg7
AVN GABRIEL CORRÊA PEDROSA,6xmq6
AVN GENEBRA,6xmq9
AVN GETÚLIO VARGAS,6xmq4 6xmq4p
AVN GOV. JOSÉ LINDOSO,6xmqd 6xmqdv 6xmqe
AVN GOVERNADOR DANILO MATOS AREOSA,6xmq 6xmq4
AVN GOVERNADOR JOSÉ LINDOSO,6xmq6 6xmqd 6xmqdv 6xmqe 6xmqen
AVN GUARANÁS,6xmqfb 6xmqfc
AVN GUARUBA,6xmq
AVN GUILHERME PARAENSE,6xmq6
AVN HERNANDO DE OLIVEIRA GONÇALVES,6xm
AVN HUMBOLDT,6xmq7 6xmqe
AVN IGARAPÉ DE MANAUS,6xmq4
AVN ILHAS MARQUESA,6xmq9f 6xmqd
AVN IRIANEÓPOLIS,6xmqg5 6xmqg7 6xmqu
AVN ISRAEL,6xmqc 6xmqf
AVN ITABERABA,6xmqg 6xmqg6
AVN ITACOATIARA,6xmq4 6xmq4x
AVN ITAINÓPOLIS,6xmqg 6xmqg6
AVN ITAMARAJU,6xmqg6 6xmqg7
AVN ITAÚBA,6xmqs
AVN IVANETE MACHADO,6xmq6 6xmq6r
AVN JACIRA REIS,6xmq3
AVN JAÚ,6xmq3
AVN JOAQUIM NABUCO,6xmq4 6xmq4p 6xmq60
AVN JONATHAS PEDROSA,6xmq4 6xmq6
AVN JORGE AMADO,6xmqc
AVN JORGE BIVAQUA,6xmq 6xmq6b 6xmq7
AVN JORNALISTA UMBERTO CALDERARO FILHO,6xmq6
AVN JOSE AUGUSTO LOUREIRO,6xmq8
AVN JOSÉ DE ARIMATÉIA,6xmq6
AVN JOSÉ MOACIR TEBERGA DE TOLEDO,6xmq8 6xmq9
AVN JOSÉ NÁPOLES HITOTUZI,6xm
AVN JOÃO VALÉRIO,6xmq6
AVN JUFARI,6xmq3
AVN JURUNAS,6xmqdv 6xmqdy 6xmqdz
AVN LAGUNA,6xmq3 6xmq3q 6xmq9
AVN LEONARDO MALCHER,6xmq 6xmq4 6xmq4p
AVN LEOPOLDO PERES,6xmq4
AVN LESTE,6xmq
AVN LIBERALINA LOUREIRO,6xmq8
AVN LOURENÇO DA SILVA BRAGA,6xmq4 6xmq4t
AVN LÍRIO DO AMAZONAS,6xm
AVN MADRE TEREZA,6xmqfu 6xmqg
AVN MALHADA,6xmqg4
AVN MANAUS 2000,6xm 6xmq 6xmq7
AVN MANDII,6xmq 6xmq4y
AVN MANECA MARQUES,6xmq6 6xmq6r
AVN MANICORÉ,6xmq4
AVN MANOEL BORBA GATO,6xmq3w
AVN MARGARITA,6xmqf 6xmqfv 6xmqg 6xmqg7 6xmqu
AVN MARIA MARREIRA,6xmqf
AVN MARQUES DA SILVEIRA,6xmq4 6xmq4t 6xmq4x 6xmq68 6xmq69
AVN MATIAS DE ALBUQUERQUE,6xmq3q 6xmq3w
AVN MAUÉS,6xmq4 6xmq4t 6xmq4x
AVN MAX TEIXEIRA,6xmqd 6xmqdw 6xmqdx 6xmqdz 6xmqfb
AVN MINISTRO MÁRIO ANDREAZZA,6xmq
AVN MONSENHOR AMÂNCIO DE MIRANDA,6xm
AVN MONSENHOR PINTO,6xmqfv
AVN MULATEIRO,6xm 6xmqf
AVN MÁRIO YPIRANGA,6xmq6
AVN NATHAN XAVIER DE ALBUQUERQUE,6xmqd 6xmqe
AVN NEPAL,6xmqg
AVN NHAMUNDA,6xmq4 6xmq4p 6xmq6 6xmq60
AVN NOEL NUTELS,6xmqdz 6xmqe 6xmqer 6xmqez 6xmqfb 6xmqg 6xmqg2
AVN NOSSA SENHORA DA CONCEIÇÃO,6xmqu
AVN NOSSA SENHORA DE FÁTIMA,6xmqgf 6xmqu
AVN OSCAR BOREL,6xmq3 6xmq36
AVN PADRE AGOSTINHO CABALLERO MARTIN,6xmq 6xmq3 6xmq38 6xmq39
AVN PARANÁ NAVILHANA,6xmqc
AVN PARAÍBA,6xmq6
AVN PARINTINS,6xmq4 6xmq4x
AVN PASTOR ALCEBÍADES PEREIRA VASCONCELOS,6xm
AVN PAULO VI,6xmq6f 6xmq6g
AVN PEDRO TEIXEIRA,6xmq3 6xmq6
AVN PEIXE CAVALO,6xm
AVN PERIMETRAL,6xmqd
AVN PRAIA DA PONTA NEGRA,6xmqc
AVN PRAIA DO FUTURO,6xmqc
AVN PRECIOSA,6xmqf 6xmqfs 6xmqfu
AVN PRESIDENTE DUTRA,6xmq 6xmq3b
AVN PRESIDENTE KENNEDY,6xmq4 6xmq4e 6xmq4s
AVN PROFESSOR CLÁUDIO PORTILHO,6xmq7
AVN PROFESSOR NILTON LINS,6xmqd
AVN PROFESSOR PAULO GRAÇA,6xm
AVN PROFESSORA MARIA T. MONTEIRO,6xmq3z 6xmq9
AVN PROFº. PLÁCIDO SERRANO,6xmq4 6xmq4s 6xmq4t
AVN PURAQUEQUARA,6xmq
AVN RAMOS FERREIRA,6xmq 6xmq4
AVN RAUL AMORIM ANTONY,6xmqc
AVN RECIFE,6xmq6 6xmqd
AVN RIO AMATURÁ,6xmqf 6xmqfs
AVN RIO CANUMÃ,6xm
AVN RIO CATRIMANI,6xmq8
AVN RIO GUAMÁ,6xmq6
AVN RIO JUTAÍ,6xmq6
AVN RIO MADEIRA,6xmq6
AVN RIO MAMORÉ,6xmq7 6xmq7y 6xmqk
AVN RIO MAR,6xmq6
AVN RIO NEGRO,6xmq7
AVN RIO XEROÁ,6xmq7 6xmq7y 6xmqk
AVN RODRIGO OTÁVIO,6xmq 6xmq4 6xmq4e 6xmq4y 6xmq6 6xmq7
AVN RUY ADRIANO DE ARAÚJO JORGE,6xm
AVN SAMAÚMA,6xmqff 6xmqfg 6xmqfu 6xmqfv
AVN SANTA AURORA,6xm 6xmqf
AVN SANTA HELENA,6xmqg 6xmqgf 6xmqgg
AVN SANTA TEREZA D'AVILA,6xm
AVN SANTOS DIAS,6xmqg1
AVN SANTOS DUMONT,6xmq9 6xmqc
AVN SAO LUIS,6xmqc
AVN SAPUCAIA,6xmqc
AVN SENADOR FÁBIO LUCENA,6xmq7
AVN SENADOR RAIMUNDO PARENTE,6xmq9 6xmqd
AVN SILVES,6xmq4 6xmq4y
AVN SOLIMOES,6xmq
AVN SOLIMÕES,6xmq 6xmq7 6xmqk
AVN SUL,6xmqeg
AVN SÃO JORGE,6xmq3 6xmq3d 6xmq6
AVN SÃO JOSÉ DE RIBAMAR,6xmqf
AVN SÃO JOÃO - COMUN. SÃO JOÃO,6xm
AVN SÓCRATES BOMFIM,6xmq 6xmq8
AVN TANCREDO NEVES,6xmq6r 6xmqd
AVN TAPAUÁ,6xmq3
AVN TARUMÃ,6xmq4 6xmq4p
AVN TEFÉ,6xmq 6xmq4 6xmq4x 6xmq4y 6xmq4z 6xmq7
AVN TENENTE ROXANA BONESSI,6xmqf 6xmqfe 6xmqff 6xmqfg 6xmqfs 6xmqg5
AVN THALES LOUREIRO,6xmq8
AVN TIMBIRAS,6xmqdz 6xmqe 6xmqen 6xmqfb
AVN TOKIO,6xmq9
AVN TORQUATO TAPAJÓS,6x 6xm 6xmq9 6xmqc 6xmqd 6xmqf 6xmqf2
AVN TUCUMÃ,6xmq
AVN TUPÉ,6xmq3
AVN UIRAPURU,6xmq6
AVN UNINI,6xmq3
AVN URUCARÁ,6xmq4 6xmq4t 6xmq4x
AVN VERA CRUZ,6xmq9
AVN VIA LACTEA,6xmq6
AVN VISCONDE DE PORTO ALEGRE,6xmq4 6xmq6
AVN ÁLVARO MAIA,6xmq3b 6xmq6 6xmq60
BCO 1,6xmq3w 6xmq6d
BCO 1 DE JUNHO,6xmq3
BCO 1 DE MAIO,6xmq6
BCO 10,6xmq6
BCO 10 DE JULHO,6xmq3r
BCO 12 DE OUTUBRO,6xmq6
BCO 13 DE MAIO,6xmq4e
BCO 15 DE AGOSTO 1,6xmq
BCO 15 DE JANEIRO,6xmq
BCO 15 DE NOVEMBRO,6xmq3q 6xmq3r
BCO 15 DE OUTUBRO,6xmq6
BCO 16,6xmq6f
BCO 17 DE OUTUBRO,6xmq
BCO 18 DE OUTUBRO,6xmq3 6xmq36
BCO 19,6xmqeg
BCO 1º DE MARÇO,6xmq6
BCO 2 DE AGOSTO,6xmq6r
BCO 25 DE AGOSTO,6xmq 6xmqk
BCO 25 DE DEZEMBRO,6xmq36
BCO 26 DE MARÇO,6xmq
BCO 31 DE MARCO,6xmq4
BCO 7 CRESPO,6xmq4
BCO 9 DE MAIO,6xmq4
BCO A. FARIAS,6xmq4
BCO AARÃO REIS,6xmq6
BCO ABEL SALAZAR,6xmq6
BCO ABGAR RENALT,6xmq3x
BCO ABILIO NERY,6xmq4x
BCO ABIRITÉ,6xmq9
BCO ABRAÃO DE ARAÚJO,6xmq3
BCO ABRICÓ,6xmqen
BCO ABROLHOS,6xmq6
BCO ABÍLIO NERY,6xmq6
BCO ACAETÉ,6xmq69 6xmq6f
BCO ACAIACA,6xmqf
BCO ACAJURANA,6xmq3 6xmq3z
BCO ACARAÍ,6xmq3w
BCO ACAUÃ,6xmqs
BCO ACURUI,6xmq4
BCO ADAMINA,6xmq4
BCO ADELINO MAGALHÃES,6xmq39
BCO ADEMAR GONZAGA,6xmq
BCO ADONIS,6xmqf2
BCO ADRIANO JORGE,6xmq4s
BCO AFONSO PENA,6xmq60
BCO AFRANIO PEIXOTO,6xmq3
BCO AGAPANTO,6xmq7
BCO AGAPITO PEREIRA,6xmq4s
BCO AGEU,6xmq4e
BCO AGRÓPOLIS,6xmq9f
BCO AIRES,6xmq7r
BCO AIRES DA CUNHA,6xmq3w
BCO AJURICABA,6xmq4
BCO ALAODIM,6xmq7
BCO ALARICO,6xmq3r
BCO ALBERTO NEPOMULENO,6xmq3 6xmq36
BCO ALCEMIR SOEIRO,6xmq3w 6xmq3x
BCO ALCINDO GUANABARA,6xmq3
BCO ALEGRE,6xmq6
BCO ALEXANDRE ARDUINO,6xmq36
BCO ALFA,6xmq3
BCO ALFREDO BESSA,6xmq4
BCO ALFREDO MESQUITA,6xmq4
BCO ALGOL,6xmq3
BCO ALIRIO PRADO,6xmq4z
BCO ALISIOS,6xmq4e
BCO ALM. TAMANDARÉ,6xmq4e
BCO ALMADA NEGREIROS,6xmq3r
BCO ALMAQUIO DINIZ,6xmq36
BCO ALMIR PEDREIRA,6xmq6b
BCO ALMIRANTE TAMANDARE,6xmqd
BCO ALMIRANTE WANDENKOLK,6xmq4e
BCO ALMÍNIO NOGUEIRA,6xmq7
BCO ALMÍSCAR,6xmqfe
BCO ALPINA,6xmqf
BCO ALTAMIRA,6xmqf9
BCO ALVORADA,6xmq9
BCO AMARANTE,6xmqfc
BCO AMARILIS,6xmq9
BCO AMARO JUVENAL,6xmq
BCO AMARÍILIS,6xmq9
BCO AMAZONAS,6xmq36 6xmq37 6xmq4e
BCO AMAZONENSE,6xmqf
BCO AMAZÔNIA,6xmq
BCO AMBAR,6xmqeg
BCO AMBORÉ,6xmqfb
BCO AMOR DO CAMPO,6xmq6
BCO AMÂNCIO DE MIRANDA,6xmq4
BCO ANA LÚCIA,6xmq4
BCO ANA NOGUEIRA,6xmq4
BCO ANAGÉ,6xmq
BCO ANAJÁS,6xmq3
BCO ANAMBÉ,6xmq3
BCO ANASTÁCIO ASSUNÇÃO,6xmq4
BCO ANCO MÁRCIO,6xmq35
BCO ANDANÇAS,6xmq4t
BCO ANDERSON DE SOUZA,6xmq6f
BCO ANDORINHA DA NOITE,6xmqs
BCO ANDRADE MURICI,6xmqg3
BCO ANDRE V DE NEGREIROS,6xmq3w
BCO ANDRÉ PRESTES,6xmq3
BCO ANIS,6xm
BCO ANITA ROSA,6xmq7j
BCO ANNE,6xmq7r 6xmqe
BCO ANTARES,6xmq3
BCO ANTONIO BOTO,6xmq36
BCO ANTONIO BULBOL,6xmq4y
BCO ANTONIO DE MIRANDA FILHO,6xmq4e
BCO ANTONIO LUCENA,6xmq4s 6xmq4t
BCO ANTONIO PASSOS DE MIRANDA,6xmq68
BCO ANTONIO PINTO,6xmq6b
BCO ANUMA,6xmq6f
BCO APAIARI,6xmq36
BCO ARABIA,6xmq
BCO ARACUANO,6xmq6f
BCO ARACUÃ,6xmqs
BCO ARARA AZUL,6xmq9g
BCO ARARAJUBA,6xmq3
BCO ARARIPINA,6xmqu
BCO ARARUNA,6xmq
BCO ARATÁ,6xmq6f
BCO ARAUCANOS,6xmq4s
BCO ARAUJO FILHO,6xmq68
BCO ARBUSTO,6xmq3c
BCO ARCO VERDE,6xmqf
BCO ARDISIA,6xmq9e
BCO ARDÓSIA,6xmqes
BCO AREAL SOUTO,6xmq68
BCO ARES,6xmq3
BCO ARGENTINA GRACIELA,6xmqd
BCO ARINOS,6xmq
BCO ARINÁ,6xmq6f
BCO ARIRAMBA,6xmq6f
BCO ARIRANHA,6xmq4y
BCO ARISTÓFANAO ANTONY,6xmq68 6xmq6b
BCO ARISTÓTELES BONFIM,6xmq6g
BCO ARMANDO LOUZADA,6xmq7
BCO ARON BENEVIDE,6xmq69
BCO ARTHUR CRUZ,6xmq69
BCO ARTHUR DOYLE,6xmq35
BCO ARTUR NETO,6xmq
BCO ARTÊMIS,6xmq6
BCO ARUANA,6xmq37
BCO ARUBA,6xmq
BCO ASA BRANCA,6xmq
BCO ASCENÇÃO,6xmq
BCO ASSEF,6xmq69
BCO ATACUARI,6xmq3
BCO ATIBAIA,6xmq4
BCO ATURIARES,6xmq4
BCO AUGUSTO DE LIMA,6xmq35 6xmq37
BCO AUGUSTO PESTANA,6xmqed
BCO AURÉLIO BUARQUE,6xmq9
BCO AVARIS,6xmqd
BCO AVARÉ,6xmq
BCO AVENÇA,6xmq9e
BCO AVESTA,6xmq6
BCO AYRÃO,6xmq6
BCO AZULÃO,6xmqgc
BCO AÇUCENA BRANCA,6xmq7j
BCO AÇUCENA DO CAMPO,6xmqs6 6xmqs7
BCO BACABA,6xm
BCO BADAJÓS,6xmq9e
BCO BALBINA MESTRINHO,6xmq
BCO BAMBUI,6xmq6
BCO BANGUÁ,6xmqgc
BCO BARASSANO,6xmqe
BCO BARBOSA RODRIGUES,6xmq69 6xmq6d
BCO BARCELOS,6xmq60
BCO BARRA DE MARICA,6xmqu
BCO BARREIRINHA,6xmq6
BCO BARUERI,6xmqg
BCO BARÉ,6xmqgc
BCO BASÍLIO DA GAMA,6xmqd
BCO BASÍLIO ITIBERÊ,6xmq3q 6xmq3r
BCO BATISTA,6xmq6b
BCO BAUHAUS,6xmq7j
BCO BAVIERA,6xmq6d
BCO BCO. DAS PEDRAS,6xmqfs
BCO BEIRA MAR,6xmq 6xmq4
BCO BEIRA RIO,6xmq3 6xmqd
BCO BEIRA RIO - N. ESPERANCA,6xmq
BCO BELA VISTA,6xmq7 6xmqeu
BCO BELEM,6xmq36
BCO BELMIRA COSTA,6xmq6
BCO BELMIRO DE ALMEIDA,6xmq37
BCO BELO HORIZONTE,6xmq37
BCO BELÉM,6xmq4p
BCO BENAYON,6xmq35
BCO BENIN,6xmq
BCO BENJAMIM CONSTANT I,6xmq69
BCO BENTERERÊ,6xmq69
BCO BERNARDINO VALE,6xmq3z
BCO BERNARDO GOMES,6xmq6d 6xmq6e
BCO BERNARDO MICHILES,6xmq6f
BCO BERQUÉLIO,6xmq3d
BCO BERTINO MIRANDA,6xmq4 6xmq4e
BCO BETEL,6xmq4
BCO BIRIBÁ,6xmq3
BCO BIRRO,6xmq69
BCO BIZANTINO,6xmq6
BCO BLUE,6xmq3
BCO BLUMENAU,6xmq
BCO BOA ESPERANCA,6xmq3d 6xmq4y
BCO BOA SORTE,6xmq
BCO BOA VENTURA,6xmq3
BCO BOA VIAGEM,6xmq
BCO BOA VIDA,6xmq6
BCO BOA VISTA,6xmq 6xmq3 6xmq7
BCO BOGARI,6xmq6 6xmq6d 6xmq6e
BCO BOLONHA,6xmq4p
BCO BOM JARDIM,6xmqd
BCO BOM JESUS,6xmq68 6xmq7 6xmqf2
BCO BOM JESUS II,6xmq6
BCO BOM SUCESSO,6xmq6e
BCO BORARIS,6xmqfc
BCO BORBA 2,6xmq4t
BCO BORGES DE MEDEIROS,6xmq3
BCO BOSSOROCA,6xmq7j
BCO BOTO BRANCO,6xmq35
BCO BOULEVARD,6xmq6
BCO BRAGANÇA,6xmq3b
BCO BRASIL,6xmq3 6xmq4
BCO BRASILÉIA,6xmq37
BCO BRASÍLIA,6xmq6
BCO BREVES,6xmq4
BCO BUGIO,6xmq3
BCO BUIGANA,6xmqg2
BCO BULGÁRIA,6xmq
BCO BURITI,6xmq6r
BCO BUZIOS,6xmqdz 6xmqfb
BCO C 19,6xmq7
BCO CABO VERDE,6xmq
BCO CABRAL ROLIM,6xmq3
BCO CACATUA-ROSA,6xmq36 6xmq3d
BCO CACHOEIRA DOURADA,6xmq 6xmq3b
BCO CAFÉ FILHO,6xmq3w
BCO CAINÃ,6xmqf9
BCO CALUNGA,6xmq4
BCO CALÊNDULA,6xm
BCO CAMBARÁ,6xm
BCO CAMELO,6xmq3b
BCO CAMPINAS,6xmq9e
BCO CAMPOS DO JORDÃO,6xmq6g
BCO CANCÃ,6xmq69
BCO CANDIDO DAS NEVES,6xmq 6xmq4z
BCO CANELEIRA,6xmqg1
BCO CANTARELLI,6xmqg3
BCO CANUDEIRO,6xmqf 6xmqfv
BCO CANUMA,6xmq6f
BCO CAPITÃO BRAGANÇA,6xmq7
BCO CAPRICÓRNIO,6xmq7r
BCO CAPUNGA,6xmq9e
BCO CARACRANÃ,6xmq36
BCO CARANGOLA,6xmq6
BCO CARAUARI,6xmq9e
BCO CARDEAL,6xmq35
BCO CARIJÓ,6xmq7r
BCO CARIOCA,6xmq
BCO CARLOS ALBERTO,6xmq4z 6xmq6b
BCO CARLOS CARVALHO,6xmq6f
BCO CARLOS DIAS,6xmq4y
BCO CARLOS GALHARDO,6xmq4s
BCO CARLOS GOMES,6xmq4
BCO CARLOS JUVINO,6xmq 6xmq4z
BCO CARLOS LEE,6xmq4z
BCO CARLOS VASQUES,6xmqdx
BCO CARMANA,6xmq3
BCO CARMIM,6xmqsh
BCO CAROLINA DAS NEVES,6xmq
BCO CARVALHO,6xmq4
BCO CARVALHO LEAL,6xmq4t
BCO CARÃO,6xmq3
BCO CASIMIRO DE ABREU,6xmq36
BCO CASSAVA,6xmq7
BCO CASTELO BRANCO,6xmq4
BCO CASTELO BRANCO II,6xmq3
BCO CATANDUVAS,6xmq4
BCO CAVALCANTE,6xmq3
BCO CAZUZA,6xmqeu
BCO CEARA,6xmq4 6xmq4x
BCO CEGONHA,6xmq9 6xmq9g
BCO CEL. FERREIRA DE ARAÚJO,6xmq4z
BCO CENTRAL,6xmq 6xmq68
BCO CERIO,6xmq3d
BCO CHAPURI,6xmq6e
BCO CHARLES ATLAS,6xmq4
BCO CHIGAGO,6xmq
BCO CHINA,6xmq
BCO CHORÃO,6xmq7
BCO CHOUPO,6xmq3d
BCO CIDADE DE MANAUS,6xmq9
BCO CIDADE JARDIM,6xmq36
BCO CIPRESTE,6xmq9f
BCO CISNE BRANCO,6xmq9
BCO CLARA CORDEIRO,6xmq3
BCO CLAUDIO MESQUITA,6xmq6
BCO CLAUDIO SANTORO,6xmq3
BCO CLEVELÂNDIA,6xmq
BCO COCHABAMBA,6xmq3b
BCO COIMBRA,6xmq3b
BCO COLOMBO LADISLAU,6xmq3
BCO COMENDADOR CLEMENTINO,6xmq4p
BCO COMPENSA,6xmq3d
BCO CONCEIÇÃO,6xmq4t
BCO CONCEIÇÃO NEVES,6xmq69 6xmq6d
BCO CONDE DE PALMELA,6xmq6
BCO CONDE DE SANTA CRUZ,6xmqdz
BCO CONDE DE SAPUCAÍ,6xmqd
BCO CONGO,6xmq
BCO CONSAGRAÇÃO,6xmq4z
BCO CONSOLATA,6xmq4t
BCO CONSOLAÇÃO,6xmq4z
BCO CORAL,6xmq7
BCO COREAMA,6xmq7 6xmq7j
BCO CORONEL ANÍSIO,6xm
BCO CORONEL SALGADO,6xmq
BCO CORURIPE,6xmqeg
BCO CORÉ,6xmqd
BCO CORÍNTIOS,6xmqfe
BCO COSMA ALVES,6xmq
BCO COSME FERREIRA,6xmqeb
BCO COSTA DO MARFIM,6xmq
BCO COSTA E SILVA,6xmq4
BCO COSTA RICA,6xmq
BCO COTIPORÃ,6xmqeg
BCO CRAVARI,6xmq35
BCO CRETENSES,6xmq4e
BCO CRISANTO JOBIM,6xmq6c
BCO CRISTO REI,6xmq3
BCO CRISÁLIDA,6xmq9f
BCO CRUZ E SOUZA,6xmq3
BCO CRUZEIRO DO SUL,6xmq37
BCO CUMARU,6xmq4s
BCO CUMICIM,6xmq4s 6xmq4t
BCO CUNHA MELLO,6xmq4z
BCO CURIATO,6xmq6
BCO CURICA,6xmqeg
BCO CURIMATA,6xm
BCO CURISERVO,6xmq3 6xmq36
BCO CURUREPA,6xmqf
BCO CUSTÓDIO MESQUITA,6xmq7
BCO CUTIÚBA,6xmqf
BCO CÉSAR TAVARES,6xmqdz 6xmqfb
BCO CÉU AZUL,6xmq6
BCO CÔNEGO ANTONIO PLÁCIDO,6xmq7
BCO D APAZ,6xmqu
BCO DA AMIZADE,6xmq6f 6xmqee
BCO DA AMIZADE C.A.ALEIXO,6xmq
BCO DA CACHOEIRA,6xmq
BCO DA CACIMBAS,6xmq
BCO DA CAPELA,6xmq4
BCO DA COLINA,6xmq
BCO DA COMUNIDADE,6xmq4z
BCO DA CONCÓRDIA,6xmq
BCO DA CONQUISTA,6xmq
BCO DA COSTINHA,6xmq3
BCO DA ESCADARIA,6xmq3
BCO DA ESCOLA,6xmq
BCO DA ESPERANÇA,6xmq7
BCO DA FAVELA,6xmq
BCO DA FELICIDADE,6xmqd
BCO DA FONTE,6xmq9
BCO DA GLÓRIA,6xmqu
BCO DA GRAÇA,6xmq4z
BCO DA IGREJA,6xmq4 6xmq4y
BCO DA INDÚSTRIA,6xmq
BCO DA LEGIÃO,6xmq60
BCO DA OLARIA,6xmq3b
BCO DA PACIENCIA,6xmq4 6xmq6d
BCO DA PALESTINA,6xmqd
BCO DA PALHAS,6xmq4
BCO DA PANAIR,6xmq4
BCO DA PAZ,6xmq 6xmq36 6xmq4 6xmq6 6xmq6d 6xmq6g 6xmq7 6xmqee
BCO DA PRATA,6xmqs7
BCO DA PROSPERIDADE,6xmq37
BCO DA PÁTRIA,6xmq7
BCO DA REPUBLICA,6xmq4
BCO DA REPÚBLICA,6xmq60
BCO DA ROSA,6xmq3d
BCO DA SALVAÇÃO,6xmq7
BCO DA SAUDADE,6xm 6xmq4 6xmq7j
BCO DA SERRARIA,6xmq4
BCO DA SORTE,6xmq4
BCO DA VITÓRIA,6xmqfv
BCO DAMACURI,6xmq35
BCO DANILO CORREA,6xmq6c
BCO DARCI AZAMBUJA,6xmq
BCO DAS 10 CASAS,6xmq
BCO DAS ALFAZEMAS,6xmqs
BCO DAS ANDORINHAS,6xmq6
BCO DAS ARARAS,6xmq7
BCO DAS DÁLIAS,6xmq7j
BCO DAS FLORES,6xmq 6xmq4
BCO DAS GARCAS,6xmqg1
BCO DAS MANGUEIRAS,6xmqee
BCO DAS OVELHAS,6xmq4z
BCO DAS PALMAS,6xmq6
BCO DAS PALMEIRAS,6xmq4 6xmq4e 6xmqeb
BCO DAS PITEIRAS,6xmq
BCO DAS ROSAS,6xmq4
BCO DE ACESSO - C.A.ALEIXO,6xmq
BCO DELFI,6xmq4p
BCO DELMAR BRÁS,6xmqe
BCO DESBRAVADORES,6xmq3
BCO DIANA,6xmqeu
BCO DILUVIO,6xmq6f 6xmq6g
BCO DINAMARCA,6xmq
BCO DIOGENES,6xmq37
BCO DO ALEIXO,6xmq6
BCO DO AREAL,6xmq4s
BCO DO BAIANO,6xmq7
BCO DO CARMO,6xmq6
BCO DO CARNEIRO,6xmq
BCO DO CHICO,6xmqs4
BCO DO COMERCIO,6xmq3
BCO DO COQUEIRO,6xmq7
BCO DO CORINTIANS,6xmq4
BCO DO CRAVO,6xmqd
BCO DO CRIADOR,6xmq9 6xmq9g
BCO DO CRUZEIRO,6xmq4t
BCO DO DELEGADO,6xmq37
BCO DO ENCANTO,6xmq3
BCO DO GALPAO I,6xmq37
BCO DO IGARAPE,6xmq
BCO DO LABOR,6xmq4
BCO DO MARIANO,6xmq4p
BCO DO POSTO SETE,6xmq4
BCO DO POVO,6xmq36
BCO DO PÉ SUJO,6xmq4
BCO DO SILENCIO I,6xmq 6xmqk
BCO DO SILENCIO II,6xmq
BCO DO TORORÓ,6xmq3x
BCO DO TRABALHADOR,6xmq4 6xmq4t 6xmq6b 6xmq7
BCO DO TURISMO,6xmqc
BCO DOM HENRIQUE,6xmq3w
BCO DOM JOSÉ IRINEU,6xmq6b
BCO DOM JOSÉ LOURENÇO,6xmq7
BCO DOM JOÃO DA MATA,6xmq
BCO DOM MILSON,6xmqg
BCO DOM PEDRO I,6xmq3
BCO DOMINGOS OLIMPIO,6xmq37
BCO DOMINGOS RUSSO,6xmq3 6xmq3c
BCO DOMÍCIO DA GAMA,6xmq3 6xmq36
BCO DONA ANA,6xmq
BCO DONA RAIMUNDA,6xmq4
BCO DOS ALECRINS,6xmqs
BCO DOS BARES,6xmqf
BCO DOS CRISTAIS,6xmq4
BCO DOS DIAS,6xmq6
BCO DOS ESCOTEIROS,6xmq3
BCO DOS FRANCESES,6xmq9
BCO DOS INOCENTES,6xmq7
BCO DOS MACUCAUAS,6xmqgc
BCO DOS MILAGRES,6xmq4z
BCO DOS PASSOS,6xmq4
BCO DOS UNIDOS,6xmq7j
BCO DOUTOR CLÁUDIO NARANJO,6xmq4y 6xmq4z
BCO DOUTOR MACHADO,6xmq4p
BCO DOUTOR THEOMÁRIO PINTO DA COSTA,6xmq6b
BCO DOUTOR THOMAS,6xmq6
BCO DOUTOR VICENTE REIS,6xmq4
BCO DR. HARLEY,6xmqd 6xmqf2
BCO DRª. NEIDE VASCONCELOS,6xmq4z
BCO DUQUE DE CAXIAS,6xmq4
BCO ECOLÓGICO,6xmq3
BCO EDUARDO MARTINS,6xmq7
BCO EDUARDO PACHECO,6xmqdw
BCO EDUARDO PRADO,6xmq35
BCO EDUARDO RIBEIRO,6xmq6
BCO EDUARDO RIBEIRO II,6xmq6
BCO EDUARDO RIBEIRO III,6xmq6
BCO ELAZUILA CARVALHO,6xmq6b
BCO ELIETE SILVEIRA,6xmqf
BCO ELIZEU QUEIROZ,6xm 6xmqf
BCO EMILIANO,6xmq4
BCO EMILIO RIBAS,6xmq4
BCO ENZO FERRARI,6xmq4e
BCO ESCORPIÃO,6xmq7r
BCO ESMAEL SILVA,6xmq6f
BCO ESPANHA,6xmq
BCO ESPERANCA,6xmq4e 6xmq4y
BCO ESPERANCA II,6xmq4e 6xmq4s
BCO ESPERANÇA,6xmq3x
BCO ESPIRITO SANTO,6xmq7
BCO ESPÁRTACOS,6xmq36
BCO ESTEVAO,6xmq4y
BCO ESTORIL,6xmq3b
BCO ESTRELA ANÃ,6xmq9f
BCO ESTRELA POLAR,6xmq35
BCO EUGÊNIO DE CASTRO,6xmq37 6xmq3r
BCO EURÍPEDES,6xmqfu
BCO EZEQUIEL,6xmq4e
BCO FABIANO VIDEO,6xmqd
BCO FABIO LUCENA,6xmqu
BCO FATIMA,6xmq 6xmq4p
BCO FAUSTINO MOREIRA,6xmq6d
BCO FEIRA LIRIO DO VALE,6xmqf
BCO FELIZARDO,6xmqd
BCO FERMIO,6xmq39
BCO FERNANDO ESGUIO,6xmq9
BCO FERNANDO SABINO,6xmq36 6xmq37
BCO FERNÃO LOPES,6xmq4
BCO FEÉ EM DEUS,6xmq7 6xmq9f
BCO FIJI,6xmq
BCO FILIPENSES,6xmq6g
BCO FINLÂNDIA,6xmq
BCO FITÔNIA,6xmq9
BCO FLAMENGO,6xmq68
BCO FLAVIO COSTA,6xmq7j
BCO FLAVIO DE MOURA,6xmq3z
BCO FLOR AZUL,6xmq4
BCO FLORENCIO,6xmq4y 6xmq4z
BCO FLORESTA DOS GUARÁS,6xmqs6
BCO FORMOSA,6xmq
BCO FORTALEZA,6xmq6
BCO FORTALEZA C.A.ALEIXO,6xmq
BCO FRADINHO,6xmq3
BCO FRANCELLY,6xmqg 6xmqgf
BCO FRANCIS ASTON,6xmq4
BCO FRANCISCO ALVES,6xmqeu
BCO FRANCISCO CAMPOS,6xmq4y
BCO FRANCISCO EUGÊNIO,6xmq9
BCO FRANCISCO ORELANA,6xmq3x
BCO FRANK,6xmq7
BCO FRANKLIN,6xmq7
BCO FRANÇA JÚNIOR,6xmq3
BCO FREI CANECA,6xmq4e
BCO FREI MAURO,6xmq6
BCO FREI MÁRIO,6xmq6e
BCO FÉ EM DEUS,6xmq7 6xmq9f 6xmq9g
BCO GAIO-AZUL,6xmq35 6xmq37
BCO GALILEU,6xmq35 6xmq37
BCO GASPAR,6xmqg1
BCO GASTÃO VIDIGAL,6xmqg1
BCO GATURAMO,6xmqg 6xmqg1
BCO GAVIÃO,6xmqdw
BCO GAVIÃO BELO,6xmqen
BCO GENERAL CARNEIRO,6xmq69
BCO GENERAL FIGUEREDO,6xmq3
BCO GENERAL OSÓRIO,6xmq7j
BCO GENOLINO ALVES BRANCO,6xmq37
BCO GERALDO COSTA,6xmq6d
BCO GERGILIM,6xmq6e
BCO GETULINA,6xmqg1
BCO GETULIO VARGAS,6xmq 6xmq4
BCO GETÚLIO VARGAS,6xmq60
BCO GIBRALTAR,6xmq
BCO GILBERTO FILHO 1,6xmq60
BCO GILBERTO MESTRINHO,6xmq
BCO GILBERTO MESTRINHO-C.A.ALEIXO,6xmq
BCO GIOVANNI AGNELLI,6xmq4
BCO GIRUA,6xmqdw
BCO GLÓRIA,6xmqg 6xmqg1
BCO GOMES I,6xmq6 6xmq7
BCO GONÇALVES FONTES,6xmq3c
BCO GOVERNADOR JOSÉ LINDOSO,6xmq6c
BCO GRACILIANO RAMOS,6xmq37
BCO GRANDE CIDADE,6xmq36
BCO GRAVIOLA,6xmqsj
BCO GRAÇA THIAGO,6xmq
BCO GREVILEA,6xmq9
BCO GROELÂNDIA,6xmq
BCO GRÊMIO,6xmq69
BCO GUAJERU,6xmq9
BCO GUALTER BATISTA,6xmq6c
BCO GUAMA,6xmq3d
BCO GUAMARE,6xmq9
BCO GUARAPARI,6xmq6
BCO GUAREICO,6xmq3w 6xmq3x
BCO GUAÇU,6xmq6b
BCO GUEDES,6xmq6b
BCO GUILHERME CONRADO,6xmq3z 6xmq9
BCO GURUPI,6xmq37
BCO GURUPÁ,6xmq3
BCO GÊMEOS,6xmq7r
BCO GÊNESIS,6xmq4z
BCO H-B,6xmq7
BCO HAMILTON MOURAO,6xmq6d
BCO HANNIBAL PORTO,6xmq6b
BCO HAROLDO LOBO,6xmq6f
BCO HAVILÃ,6xmqg2
BCO HEBREUS,6xmqc
BCO HEMETERIO CABRINHA,6xmq4s
BCO HENOC REIS,6xmq9f
BCO HENRIQUE MATTOS,6xmq9
BCO HERCULES,6xmq35
BCO HERVAL ROSSANO,6xmq7
BCO HICSOS,6xmq4s
BCO HONDURAS,6xmq
BCO HORION,6xmq6
BCO HORTENCIO,6xmq4p
BCO HOZANA BORGES,6xmq4t
BCO HUASCAR ANGELIM,6xmq6
BCO HUGO DE ABREU,6xmq7j
BCO HUMAITA,6xmq4t
BCO HÉLIO RODRIGUES,6xmq7
BCO IBIARA,6xmqfc
BCO IBIRAÇU,6xmqeg
BCO IDA NELSON,6xmq7
BCO IGARAPE DO MAUA,6xmqk
BCO IGARITÉ,6xmq35
BCO IGNÁCIO MAGALHÃES,6xmq3 6xmq3c
BCO ILHA DE CORAL,6xmq3
BCO ILHA DE FLORES,6xmqe
BCO ILHÉUS,6xmqdz 6xmqfb
BCO IMENSIDAO AZUL,6xmq4
BCO INDEPENDENCIA,6xmq4t
BCO INDIRA GANDHI,6xmq7j
BCO INGARICÓ,6xmqev
BCO INOCÊNCIO DE ARÚAJO,6xmq4
BCO INTERNACIONAL,6xmq
BCO INVIRA,6xmq3
BCO IORUBÁ,6xmqe
BCO IPASE,6xmq3
BCO IPIRANGA,6xmq3
BCO IPIXUNA,6xmq4
BCO IPUEIRA,6xmq3
BCO IRAJUBA,6xmq9
BCO IRAPUÃ,6xmqeu
BCO IRARA,6xmq3
BCO ISAAK BABEL,6xmq4p
BCO ISRAEL BENCHIMOL,6xmq4e
BCO ITABERAL,6xmq7j
BCO ITAITUBA,6xmqfb
BCO ITAJOBI,6xmq4
BCO ITAJÁ,6xmq3
BCO ITANHANDU,6xmq4
BCO ITANHAÉM,6xmq4
BCO ITAPECERICA,6xmqes 6xmqeu
BCO ITAPEJARA,6xmq3
BCO ITAPURANGA,6xmq6
BCO ITAPURANGA II,6xmq3
BCO ITATIBA,6xmq4
BCO ITAÚBA,6xmqs
BCO ITINGA,6xmq7
BCO ITUIUTABA,6xmq9g
BCO ITUMBIARA,6xmq7
BCO IVATÉ,6xmqet
BCO IVO AMAZONAS,6xmq6
BCO IVO LEMOS,6xmq39
BCO IXORIA,6xmq9e
BCO IZABEL MOTTA,6xmq6f
BCO J B SILVA,6xmq4
BCO J CARLOS ANTONY,6xmq4x
BCO J VASCONCELOS,6xmq3 6xmq3c
BCO J. CRUZ,6xmq7
BCO J. LIMA,6xmq7
BCO JACINTO,6xmq4
BCO JACKSON DO PANDEIRO,6xmq7
BCO JACÓ,6xmqgc 6xmqgf 6xmqu
BCO JAFÉ,6xmqu
BCO JAGUARANA,6xmqed 6xmqee
BCO JAGUARARI,6xmq3
BCO JAIR AMORIM,6xmq7
BCO JANAPERI,6xmqf
BCO JANDAIA,6xmq
BCO JANUMÃ,6xmq9
BCO JAPI,6xmq3
BCO JAPURÁ,6xmq4p
BCO JARACI,6xmq9
BCO JARDIM BOTÂNICO,6xmq39
BCO JARDIM DAS FLORES,6xm
BCO JARDIM DAS OLIVEIRAS,6xmq9
BCO JARDIM GUADALUPE,6xmqed 6xmqee
BCO JARDIM PAULISTA,6xmq6e
BCO JARDIM PITUBA,6xmq4s
BCO JASMIM FLORIDO,6xmq9
BCO JAVA,6xmqu
BCO JAVARI,6xmq6
BCO JECONIAS,6xmqf
BCO JEQUITIBÁ,6xmq7
BCO JOAO BATISTA,6xmq6
BCO JOAO VEIGA,6xmq
BCO JOAQUIM CARDOSO,6xmq35
BCO JOAQUIM MOUTINHO,6xmq69
BCO JOAQUIM NABUCO,6xmq4p
BCO JOEL SILVEIRA,6xmq6c
BCO JONAS BARRETO,6xmq4
BCO JONAS BARRETO I,6xmq4s
BCO JONATHAS PEDROSA,6xmq4
BCO JORGE ANTONIO,6xmq3
BCO JORGE GOMES,6xmq4
BCO JOSE CASEMIRO,6xmq4
BCO JOSE DO PATROCINIO,6xmq6e
BCO JOSE ESTEVAO,6xmq36 6xmq37
BCO JOSÉ BRUNORO,6xmqf
BCO JOSÉ CABRAL,6xmq4t
BCO JOSÉ CASEMIRO,6xmq4
BCO JOSÉ CLARINDO,6xmq6
BCO JOSÉ DE ANCHIETA,6xmq3r
BCO JOSÉ FEITOSA,6xmq68
BCO JOSÉ MACÊDO,6xmq6c
BCO JOSÉ MONASSA,6xmq6
BCO JOSÉ MONTEIRO,6xmq6b
BCO JOSÉ PINHEIRO,6xmq6
BCO JOSÉ TADROS,6xmq6b
BCO JOSÉ VERISSIMO,6xmq37
BCO JOUBERT DE CARVALHO,6xmq6c
BCO JOÃO ALFREDO,6xmq6
BCO JOÃO BOSCO II,6xmqe
BCO JOÃO CALVINO,6xmqd
BCO JOÃO DE CASTRO,6xmq3c
BCO JOÃO DE FREITAS,6xmq3
BCO JOÃO DE MENDONÇA FURTADO,6xmq68
BCO JOÃO DO RIO,6xmq37
BCO JOÃO PAULO I,6xmq3w 6xmq3x
BCO JOÃO SABINO,6xmq4
BCO JOÃO VALÉRIO,6xmq4
BCO JUCÁ,6xmqs
BCO JULIO DE LIMA,6xmq6
BCO JULIO DINIS,6xmq36
BCO JUPIÁ,6xmq
BCO JURACI DUARTE,6xmq
BCO JURANDIR MARTINS,6xmq4e 6xmq4s
BCO JUTI,6xmq4
BCO JÚLIO DE LIMA,6xmq6
BCO JÚLIO RIBEIRO,6xmq4z 6xmq6b
BCO JÚPITER,6xmqee 6xmqeg
BCO KAMAIURÁ,6xmq3 6xmq6
BCO LADISLAU,6xmq9e
BCO LAGUNA,6xmqu
BCO LANDISLAU,6xmq3
BCO LANTÂNIO,6xmq3d
BCO LARANJEIRA,6xmq6c
BCO LASAR SEGALL,6xmq36
BCO LAURO CHIBÉ,6xmq4t
BCO LAVINIA,6xmqfc
BCO LEONARDO MALCHER,6xmq
BCO LEONEL AZEVEDO,6xmq4y
BCO LEONOR MARTINS,6xmq6b
BCO LEONOR TELES,6xmq6e
BCO LEOPOLDO CARPINTEIRO PERES,6xmq69
BCO LEOPOLDO NEVES,6xmq4s
BCO LIATMIS,6xmq9
BCO LIBERATO SALZANO,6xmq6 6xmq7
BCO LIBERTADOR,6xmq6
BCO LIBRA,6xmq7r
BCO LINDOLFO SALES,6xmq4
BCO LION,6xmq6b
BCO LIRA NUNES,6xmq4y
BCO LOBO SOROPITA,6xmq37
BCO LORIS CORDOVIL,6xmq3z
BCO LOS GATOS,6xmq37
BCO LOURO CRAVO,6xmqeg
BCO LUA CRESCENTE,6xmq7r
BCO LUA NOVA,6xmq7r 6xmqe
BCO LUCILA FREITAS,6xmqd
BCO LUCIO COSTA,6xmq36
BCO LUIS ANTONY,6xmq4
BCO LUIZ ALMEIDA,6xmq6f
BCO LUIZ BARRETO,6xmq6b
BCO LUIZ DE FREITAS RIBEIRO,6xmq6
BCO LUIZ EDUARDO RODRIGUES,6xmq 6xmq4z
BCO LUIZ ESTEVAM GOMES,6xmq7
BCO LUIZ MURAT,6xmq3x
BCO LUIZ OTÁVIO,6xmqf 6xmqfe
BCO LUIZ VAZ DE CAMOES,6xmq3 6xmq37
BCO LUIZ VAZ DE CAMÕES,6xmq3 6xmq37
BCO LUIZINHO SOUZA,6xmq
BCO LUZ E VIDA,6xmq3w 6xmq3x
BCO LÍBANO,6xmq7
BCO LÍTIO,6xmq39
BCO MACAÉ,6xmqf
BCO MACHADO DE OLIVEIRA,6xmq6
BCO MACUNAIMA,6xmqd
BCO MAFRA,6xmq6g
BCO MAGALHAES,6xmq
BCO MAGALHAES BARATA,6xmq4
BCO MAGALHAES BARATA 1,6xmq4
BCO MAJOR GABRIEL,6xmq4
BCO MAL DEODORO,6xmq4e
BCO MALTA,6xmq
BCO MALVARISCO,6xmqsr
BCO MALVINAS,6xmq7
BCO MANAUS,6xmq9f
BCO MANAUS I,6xmq37
BCO MANDARIM,6xmq37
BCO MANGARATIBA,6xmq3c
BCO MANICORÉ,6xmq4
BCO MANOEL NASCIMENTO,6xmq4s
BCO MANOEL NOVARIO,6xmqd
BCO MANOEL QUERIDA,6xmqd
BCO MANOEL URBANO,6xmq4
BCO MANTIQUEIRA,6xmq9e
BCO MANUEL F.THOMAS,6xmq60
BCO MAR DE FLORES,6xmq4
BCO MARABÁ,6xmqf8 6xmqfb
BCO MARAJOARA,6xmqf9
BCO MARANATA,6xmq6g
BCO MARANHÃO,6xmq7j
BCO MARAPI,6xmq36
BCO MARCOS FURTADO,6xmq6
BCO MARCOS GONÇALVES,6xmq7
BCO MARIA DE LOURDES,6xmq4t
BCO MARIA DE MEDICI,6xmq3q 6xmq3w
BCO MARIA LENK,6xmq7
BCO MARIA LUCIA,6xmq7
BCO MARIA LUCIA 2,6xmq7
BCO MARIA PENHA,6xmq4
BCO MARIA VITÓRIA COELHO,6xmq7
BCO MARINOPOLIS,6xmq6e
BCO MARIO BRANDÃO,6xmq36 6xmq3d
BCO MARSELHA,6xmq4s
BCO MATARO,6xmq4s
BCO MATUPIRIS,6xm
BCO MAUA,6xmq6
BCO MAUA I,6xmq6
BCO MAUES,6xmq4
BCO MAUÁ,6xmq4x
BCO MAUÁ DA SERRA,6xmq6
BCO ME. SÃO JOSE,6xmq37
BCO MEATINGA,6xmq9
BCO MELENDRE,6xmq9g
BCO MENANDRO TAPAJOS 1,6xmq6c
BCO MESSEJANA,6xmq9
BCO MESSIAS,6xmq4p
BCO MESTRE CHICO,6xmq4
BCO MESTRE CHICO I,6xmq4
BCO MESTRE CHICO II,6xmq4
BCO MESTRE CHICO III,6xmq4
BCO MESTRE PROVERÁ,6xmq3
BCO MILTON CARLOS,6xmq7
BCO MINOTAURO,6xmq3
BCO MIQUÉIAS,6xmqf
BCO MIRANDA,6xmqd
BCO MIRASSELVA,6xmq9e
BCO MIRASSOL,6xmqee
BCO MIRTES TRIGUEIRO,6xmq7j
BCO MISERICORDIA,6xmq4e
BCO MOACIR,6xmq69
BCO MOGI MIRIM,6xmq9
BCO MONTE ALEGRE,6xmq36
BCO MONTE CABURAI,6xmqg
BCO MONTE EVEREST,6xmq6f
BCO MONTEGRANARO,6xmq3 6xmq6
BCO MONTERREY,6xmq3b
BCO MORRETES,6xmq6
BCO MORRO DA CATITA,6xmqu
BCO MORÉIA,6xmq6c
BCO MOSSORO,6xmq6
BCO MOSSORÓ,6xmq69 6xmq6d
BCO MOTO HONDA,6xmq7
BCO MOZART GUARNIERE,6xmqd
BCO MUCUSUA,6xmq3
BCO MURERU,6xmqdx
BCO MURICI,6xmq
BCO MUTUM,6xmqdx
BCO MUTUM ETÊ,6xmqu
BCO MÁRIO EMILIANO,6xmq69
BCO MÁXIMO PEREIRA,6xmq6b
BCO N SRA MAE DE DEUS,6xmq7j
BCO NARA LEÃO,6xmq3 6xmq6
BCO NASSAU,6xmq
BCO NATAL,6xmq 6xmq3 6xmqd
BCO NATHANIEL HAYWARD,6xmq9
BCO NAUM,6xmq6g
BCO NAZARETO,6xmq69
BCO NAZARÉ,6xmqf
BCO NAÚTICO,6xmq6f
BCO NELSON CAVAQUINHO,6xmq4y
BCO NELSON FARIAS,6xmq36 6xmq37
BCO NELSON GUILLON,6xmqg3
BCO NESTOR,6xmq6b
BCO NETUNIO,6xmq39
BCO NEUZA FIGUEIRA,6xmq6 6xmq6e
BCO NEVES,6xmq4y
BCO NICODEMUS JOBIM,6xmq9g
BCO NICOLÉIA,6xmq 6xmq4p
BCO NILO SIMÕES,6xmq4z
BCO NILTON COSTA,6xmq7
BCO NIPOA,6xmq6
BCO NOGUEIRA,6xmq6
BCO NONATO,6xmq6
BCO NORMANDO,6xmq
BCO NORTON NASCIMENTO,6xmq6b
BCO NOSSA SENHORA APARECIDA,6xmq 6xmq4
BCO NOSSA SENHORA CONCEIÇÃO,6xmq69
BCO NOSSA SENHORA DE FATIMA,6xmq3
BCO NOSSA SENHORA DO BOM PARTO,6xmq9
BCO NOSSA SENHORA DO PERPETUO SOCORRO,6xmq
BCO NOSSA SRA DO PERPETUO SOCORRO,6xm
BCO NOVA,6xmq4
BCO NOVA ALIANÇA,6xmq4z
BCO NOVA CRUZ,6xmq4t
BCO NOVA ESPERANCA,6xmq6 6xmq6b 6xmq6c
BCO NOVA MUTUM,6xmq68
BCO NOVA OLINDA,6xmq6c 6xmq6f
BCO NOVA REPUBLICA,6xmq
BCO NOVA VENEZA,6xmq4y
BCO NOVA VIDA,6xmq4z
BCO NUMIA,6xmq7j
BCO NUNES,6xmq4 6xmq4y
BCO NUNO MELO CARDOSO,6xmq6d
BCO NÉLIO REIS,6xmq39
BCO OCIDENTAL,6xmq4y
BCO OFIR ALMEIDA,6xmq6e
BCO OLAVO BILAC,6xmq4p 6xmq6
BCO OLIMPIA,6xmq6 6xmq6e
BCO OLINDA,6xmq9e
BCO OLIVEIRA LIMA,6xmq
BCO OLSEN ARAÚJO,6xmq60
BCO OMAHA,6xmqg6
BCO OPERÁRIA,6xmq6
BCO ORIENTAL,6xmq3z
BCO ORLANDO SILVA,6xmq4t 6xmq4x
BCO OSASCO,6xmq6
BCO OSCAR LOPEZ,6xmq36
BCO OSVALDINO,6xmq
BCO OSWALDO ARANHA,6xmq4
BCO OSWALDO CRUZ,6xmq6f
BCO OSÍRIS,6xmqd 6xmqf2
BCO OSÓRIO DUQUE ESTRADA,6xmq36
BCO OTTO BISMARK,6xmq6
BCO OTÍLIO FARIAS,6xmq4
BCO PADRE CLEMENTE,6xmq4
BCO PADRE FRANCISCO,6xmq39
BCO PADRE MACAMBOA,6xmqfe
BCO PAGIEL,6xmqg3
BCO PAINEIRA,6xmqg1
BCO PAINEIRA ROSA,6xmqfe
BCO PAISSANDÚ,6xmq69
BCO PALHETA,6xmq35
BCO PALMEIRAS,6xmq4e
BCO PALMEIRINHA,6xmq60
BCO PANEMA,6xmq4
BCO PANTALEÃO,6xmq4
BCO PANTANAL,6xmq69
BCO PAO DA VIDA,6xmqf2
BCO PAPAGAIO BAIANO,6xmqf
BCO PAPOULA,6xmq7j
BCO PAQUETÁ,6xmq6g
BCO PARACANÃ,6xmqs
BCO PARAGUACU,6xmq3
BCO PARAIBA,6xmq6
BCO PARAISO I,6xmq
BCO PARAÍSO,6xmq4
BCO PARAÍSO VERDE,6xmq4
BCO PARESI,6xmqfe
BCO PARINTINS,6xmq6
BCO PARÁ,6xmq7j
BCO PASTER,6xmq9
BCO PAU FERRO,6xmqu
BCO PAULINO DE MELO,6xmq6c 6xmq7
BCO PAULINO GOMES,6xmq69
BCO PAULISTA,6xmq3
BCO PAULO MARINHO,6xmq4z
BCO PAULO SARMENTO,6xmqd
BCO PAULO SÉRGIO,6xmq6b
BCO PAUMARI,6xmqf 6xmqfe
BCO PAZ,6xmq4z
BCO PAZUELLO,6xmq4t
BCO PEDRA VIVA,6xmq4z
BCO PEDRO ALEXANDRE II,6xmq68
BCO PEDRO GALVÃO,6xmqs
BCO PEDRO TEIXEIRA,6xmq3w 6xmq3x
BCO PEGASO,6xmq3
BCO PEIXE SERRA,6xmq7
BCO PEIXES,6xmq7r 6xmqe
BCO PELICANO,6xmq36 6xmq37
BCO PENAFORTE,6xmq4x
BCO PENSADOR,6xmq6
BCO PERDIZ,6xmq4p 6xmq60
BCO PERNAMBUCO,6xmq7j
BCO PERO DE ATAÍDE,6xmq3x
BCO PERO LOPES,6xmq3w 6xmq3x
BCO PERO TOURINHO,6xmq3w
BCO PEÇANHA,6xmq4e
BCO PICO DAS AGUAS,6xmq6
BCO PIEDADE,6xmq7
BCO PILMONTE,6xmq69
BCO PINGO D'ÁGUA,6xmqs
BCO PINGUIM,6xmq3
BCO PINHALZINHO,6xmq7j
BCO PINHÃO PARAGUAIO,6xmq7j
BCO PIRES DE CARVALHO,6xmqd
BCO PITOMBA,6xmqf
BCO PLINIO COELHO,6xmq
BCO PLÁCIDO NUNES,6xmq7
BCO POCINHOS,6xmq4
BCO POLYANA,6xmqg2
BCO PONCE DE LEON,6xmq37
BCO PONTA DA FRUTA,6xmq4
BCO PORANTINS,6xmq3
BCO POROROCA,6xmqdy
BCO PORTO FELIZ,6xmq7
BCO POTIGUAR,6xmqfe 6xmqfs
BCO POTIGUARA,6xmqf8
BCO PRESEPE,6xmq3
BCO PRESIDENTE EMÍLIO MÉDICI,6xmq7
BCO PRIMAVERA,6xmq6g 6xmq7
BCO PRIMO SABA,6xmq4 6xmq4e
BCO PRINCIPAL,6xmq68
BCO PROCÓPIO FERREIRA,6xmq4
BCO PROF.ª EMÍLIA GRANA,6xmqdz
BCO PROFESSOR ANTONIO M. DE SOUZA,6xmqfc
BCO PROFESSOR CARLOS MESQUITA,6xmq4s
BCO PROFESSORA CLOTILDE PINHEIRO,6xmq
BCO PROFESSORA DORVALINA GRANGEIRO,6xmq7
BCO PROJETADA,6xmqd 6xmqs 6xmqu
BCO PROJETADO,6xmq6r
BCO PROSPERIDADE,6xmqf
BCO PUPUNA,6xmq6
BCO PUXINARA,6xmq9
BCO PUXIRUM,6xmq6
BCO QUARESMEIRA,6xmqg1
BCO QUARTZO,6xmqu
BCO QUATI,6xmqc
BCO QUERCIA,6xmq4
BCO QUERENAS,6xmq6d
BCO QUERO-QUERO,6xmq35
BCO RAIMUNDO ENCARNAÇÃO,6xmq4t
BCO RAIMUNDO LIMA,6xmqd
BCO RAIMUNDO PARAGUAÇU,6xmq4x
BCO RAISSA,6xmqfb
BCO RAMOS FERREIRA,6xmq4
BCO RAQUEL,6xmq6d
BCO RAUL SAMPAIO,6xmq7
BCO RAVENA,6xmq4p
BCO REAL,6xmq
BCO REBELO DA SILVA,6xmq37
BCO REDENCAO,6xmq4x 6xmq68 6xmq9e
BCO REL,6xmqf
BCO REMANSO,6xmq3
BCO RENDA PORTUGUESA,6xmq7 6xmq7j
BCO RIACHO DOCE,6xmqg1
BCO RIBEIRO,6xmq6
BCO RICARDO DAVID,6xmq7
BCO RIO ABUNA,6xmq6d
BCO RIO AJARANI,6xmq7y 6xmqk
BCO RIO ALALAU,6xmqk
BCO RIO AMAZONAS,6xmq69 6xmq6d
BCO RIO ANDIRA,6xmq6d
BCO RIO BANANAL,6xmq3
BCO RIO BOIA,6xmqk
BCO RIO BRANCO,6xmq4
BCO RIO CURUÇÁ,6xmqs4
BCO RIO DE JANEIRO,6xmq6
BCO RIO DOS MARMELOS,6xmqe
BCO RIO IVAÍ,6xmqee
BCO RIO JUTAI,6xmq6
BCO RIO MAR,6xmq 6xmqs4
BCO RIO MINAUA,6xmqeg
BCO RIO NEGRO,6xmq 6xmq3 6xmq4
BCO RIO NILO,6xmq6d
BCO RIO PRETO,6xmq69 6xmq6d
BCO RIO TROMBETAS,6xmq69
BCO RIO UATUMA,6xmq6d 6xmq6f
BCO ROBERTO ROSSELINI,6xmqd
BCO RODOLFO GRIMM,6xmq7r 6xmqe
BCO RODOVIARIO,6xmq6
BCO RODOVIÁRIO,6xmq6
BCO ROMAZEIRA,6xmq7
BCO ROMEU DE AVELAR,6xmq3
BCO ROMÃO CHAVES,6xmq6b
BCO RONDONIA,6xmq39
BCO RONDÔNIA,6xmq7j
BCO ROQUETTE PINTO,6xmq9
BCO ROSA,6xmq4z
BCO ROSA GATTORNO,6xmq6g
BCO ROUXINOL,6xmq7j
BCO RUTÊNIO,6xmq39
BCO RÊNIO,6xmq3d
BCO RÓDIO,6xmq3d
BCO S MADALENA,6xmqd
BCO SABIÁ,6xmq7
BCO SABIÁ COLEIRA,6xmqu
BCO SAGUI,6xmq37
BCO SALUSTIANO I,6xmq4s 6xmq4t
BCO SALVADOR,6xmqs 6xmqs7
BCO SALÉM,6xmqgb
BCO SAMARITANO,6xmq7j
BCO SAMBA,6xmq4z
BCO SAN DIEGO,6xmq60
BCO SANTA ANA,6xmq3w 6xmq3x
BCO SANTA BEATRIZ,6xmq9f
BCO SANTA CLARA,6xmq6e
BCO SANTA CLAUDIA,6xmq6e
BCO SANTA CLOTILDE,6xmq9
BCO SANTA CLÁUDIA,6xmq6e
BCO SANTA CRUZ,6xmq3 6xmq3c 6xmq6
BCO SANTA DOROTEIA,6xmq6g
BCO SANTA FE,6xmq4 6xmq6
BCO SANTA FÉ,6xmq6b
BCO SANTA GERTRUDES,6xmq6f
BCO SANTA HELENA,6xmq39
BCO SANTA ISABEL,6xmq9
BCO SANTA ISABEL 3,6xmq4 6xmq4t
BCO SANTA IZABEL,6xmq4
BCO SANTA IZABEL 1,6xmq4
BCO SANTA IZABEL 2,6xmq4
BCO SANTA LUCILA,6xmq3
BCO SANTA LUZIA,6xmq6 6xmq9g
BCO SANTA MIRTES,6xmqfe
BCO SANTA MÔNICA,6xmq6
BCO SANTA RITA,6xmq3 6xmq4s 6xmq6
BCO SANTA ROSA,6xmq4s
BCO SANTAS DONINA,6xmq6b 6xmq6c
BCO SANTO AFONSO,6xmq6e
BCO SANTO ANDRE,6xmq4s
BCO SANTO ANDRÉ,6xmq3w 6xmq3x
BCO SANTO ANTONIO,6xmq4
BCO SANTO EXPEDITO,6xmq7r
BCO SANTO HONORATO,6xmq3w 6xmq3x
BCO SANTO INÁCIO DE LOIÓLA,6xmq3 6xmq6
BCO SANTO IVO,6xmq3w 6xmq3x
BCO SAO APARICIO,6xmq7j
BCO SAO BENEDITO,6xmq4t
BCO SAO BENEDITO I,6xmq4t 6xmq6
BCO SAO BENTO,6xmq9g
BCO SAO BERNARDO,6xmq6
BCO SAO BRAZ II,6xmq4e
BCO SAO BRAZ III,6xmq4e
BCO SAO BRAZ IV,6xmq4e
BCO SAO CARLOS,6xmq3 6xmq6 6xmq6e
BCO SAO CRISTOVAO,6xmq3 6xmq4e
BCO SAO DOMINGOS,6xmq4p 6xmq9f
BCO SAO FELIX,6xmqd
BCO SAO FRANCISCO,6xmq 6xmq3 6xmq35 6xmq3b 6xmq4 6xmq4e 6xmq4y 6xmq7 6xmqf8
BCO SAO FRANCISCO I,6xmq4
BCO SAO GABRIEL I,6xmq9
BCO SAO GERALDO,6xmq4e
BCO SAO GERALDO I,6xmq4e
BCO SAO GONZAGA,6xmq4
BCO SAO JERALDO 3,6xmq4e
BCO SAO JOAO,6xmq37 6xmq4 6xmq69 6xmq6d
BCO SAO JOAO BATISTA,6xmq4
BCO SAO JOAO-PETROPOLIS,6xmq4x
BCO SAO JOAQUIM,6xmq6e 6xmq7 6xmq9
BCO SAO JORGE,6xmq4e
BCO SAO JOSE,6xmq 6xmq36 6xmq3c 6xmq6f
BCO SAO JOSE 1,6xmq 6xmq6d
BCO SAO JOSE 1 ALEIXO,6xmq6e
BCO SAO JOSE I,6xmq4t
BCO SAO JOSE IV,6xmq4 6xmq4y
BCO SAO JUDAS TADEU,6xmq4t
BCO SAO LAZARO,6xmq 6xmq3b 6xmq3c 6xmq6 6xmq60 6xmq9e 6xmqs
BCO SAO LUCAS 1,6xmq4
BCO SAO LUIS,6xmq6d
BCO SAO LUIZ,6xmq 6xmq69
BCO SAO MIGUEL,6xmq37 6xmq4e 6xmq4s 6xmq6d
BCO SAO PAULO,6xmq36
BCO SAO PAULO 1,6xmq4
BCO SAO PAULO 2,6xmq4
BCO SAO PAULO 3,6xmq4
BCO SAO PAULO I,6xmq37
BCO SAO PEDRO,6xmq3 6xmq36
BCO SAO PEDRO II,6xmq36
BCO SAO RAIMUNDO,6xmq3 6xmq4 6xmq9g
BCO SAO ROQUE,6xmq3
BCO SAO ROQUE II,6xmq3
BCO SAO SEBASTIAO,6xmq 6xmq35 6xmq4 6xmq6c 6xmq6e 6xmqeu 6xmqf8 6xmqsh
BCO SAO TEIXEIRA,6xmq
BCO SAO TOME,6xmq3 6xmq37
BCO SAO VICENTE,6xmq3 6xmq68 6xmq6d 6xmq6e
BCO SAO VICENTE 1,6xmq4
BCO SAO VICENTE I,6xmq4
BCO SAPOPÉ,6xmq4y
BCO SARAGOÇA,6xmq4s
BCO SARDIO,6xmqeg
BCO SARGENTO MANOEL CHAGAS,6xmq4z 6xmq6b
BCO SATURNINO,6xmq4
BCO SEARA,6xmq6
BCO SEMENTINHA,6xmq
BCO SENADOR ARTHUR VIRGÍLIO,6xmq4x
BCO SERPÃO,6xmqu
BCO SERRA DOURADA,6xmq9e
BCO SERRAS DO NORTE,6xmq4
BCO SERTANEA,6xmq3
BCO SERTÃO,6xmq6
BCO SEUCIR,6xmqdt
BCO SEVERIANO NUNES,6xmq6
BCO SEVERINO VIEIRA,6xmq69 6xmq6d
BCO SIAO,6xmq6g
BCO SIAPO,6xmq37
BCO SIENITO,6xmq4e 6xmq4s
BCO SILVA RAMOS,6xmq60
BCO SILVANITA,6xmqs
BCO SILVEIRA SAMPAIO,6xmq35
BCO SILVEIRAS,6xmq6f 6xmq6g
BCO SILVES,6xmq4
BCO SILVINO SANTOS,6xmq4p
BCO SIMONE DE BEAUVOIR,6xmq4
BCO SIMÃO PEDRO,6xmq3r
BCO SIMÕES,6xmq4 6xmq4p
BCO SINDICALISTA,6xmq
BCO SINFONIAS,6xmq6g
BCO SOBRIEDADE,6xmqs4
BCO SOL NASCENTE,6xmq7r 6xmqe
BCO SOLIMOES,6xmq3 6xmqeb
BCO SOUZA CALDAS,6xmq36
BCO SOUZA LIMA,6xmq4
BCO STA. ETELVINA,6xmq4t
BCO SUDÃO,6xmqg9
BCO SUKATÃO,6xmq4t
BCO SUVACO DA COBRA,6xmq6r
BCO SÁ PEIXOTO,6xmq4
BCO SÁBIO,6xmq6f
BCO SÁTIRO DIAS,6xmq69
BCO SÃO CARLOS,6xmq6 6xmq7
BCO SÃO CRISTOVÃO,6xmqu
BCO SÃO FRANCISCO,6xmq36 6xmq9 6xmq9g
BCO SÃO GABRIEL,6xmq9
BCO SÃO GERALDO,6xmq3b 6xmq60
BCO SÃO JORGE,6xmq4
BCO SÃO JOSÉ OPERÁRIO,6xmq4
BCO SÃO JOÃO,6xmq4 6xmq6
BCO SÃO JULIANO,6xmq7
BCO SÃO LAZARO,6xmq6
BCO SÃO LOURENÇO,6xmq7j
BCO SÃO LUIS,6xmq4
BCO SÃO LUIS DE GONZAGA,6xmq
BCO SÃO MARCOS,6xmq35 6xmqu
BCO SÃO MARÇAL,6xmq3 6xmq39
BCO SÃO MIGUEL,6xmq9f
BCO SÃO PAULO,6xmq39
BCO SÃO PAULO DE OLIVENÇA,6xmq69
BCO SÃO PEDRO,6xmq4
BCO SÃO PEDRO 1,6xmq68 6xmq6d
BCO SÃO RICARDO,6xmq36
BCO SÃO SEVERINO,6xmq9
BCO SÃO VAVENTIM,6xmqs4
BCO SÉRGIO BITTENCOURT,6xmq7
BCO T6,6xmq3
BCO TAMARINDO,6xmqsr
BCO TANCREDO NEVES,6xmq
BCO TAPAJÓS,6xmq4p
BCO TAPERCA,6xmq3z
BCO TAPIRA,6xmq9
BCO TARCILO RÊGO,6xmq6c
BCO TARUMA- AÇÚ,6xmq4
BCO TARUMÃ,6xmq4p
BCO TEFE,6xmq4x 6xmq6
BCO TEFÉ,6xmq6
BCO TEIXEIRÃO,6xmq3 6xmq35
BCO THAUMATURGO VAZ,6xmq4e
BCO THOMAS EDSON,6xmq9
BCO TIBAU,6xmq3
BCO TIBAU DO SUL,6xmq3
BCO TICUNA,6xmqff
BCO TIETINGA,6xmq69 6xmq6c 6xmq6d
BCO TIRIBA,6xmqf9
BCO TIWA,6xmq36
BCO TIÊ SANGUE,6xmqgg
BCO TIÊ-BICUDO,6xmq35
BCO TODOS OS SANTOS,6xmq9g
BCO TOMAZ DO AMARAL II,6xmq6c
BCO TRANQUILO,6xmq37
BCO TRES MARIAS,6xmq4x
BCO TREZE QUEDAS,6xmq36
BCO TRINCA FERRO,6xmqf
BCO TRINDADE COELHO,6xmq3 6xmq36
BCO TRÊS DE MAIO,6xmq7j
BCO TUCANAÇU,6xmq69 6xmq6c 6xmq6d 6xmq6f
BCO TUCANDIRA,6xmqf9
BCO TUCANO,6xmqu
BCO TUCUMAI,6xmq37
BCO TUCUMÃ,6xmq7j
BCO TUCUNARÉ,6xmq7j
BCO TUCUXI,6xmq7j
BCO TUNGSTÊNIO,6xmqeu
BCO TUPANA,6xmqf
BCO TUPIUÁ,6xmq7
BCO TÁLIO,6xmq39
BCO TÂMISA,6xmq69 6xmq6d
BCO UNIAO,6xmq4 6xmq6
BCO UNIÃO,6xmq4
BCO UPANEMA,6xmq3x
BCO URQUIZA,6xmq3
BCO URSA MENOR,6xmq3
BCO URSULINO ARRUDA,6xmq
BCO VALE DO AMANHECER,6xmqu
BCO VALE DO ARÃO,6xmq4
BCO VALPARÍSO,6xmq
BCO VASCO DA GAMA,6xmq37
BCO VASCO DE ATAÍDE,6xmq4
BCO VASCO FERNANDES,6xmq3w
BCO VENEZA,6xmq3d
BCO VENTURA,6xmq4s
BCO VENÂNCIO FLORES,6xmq3w
BCO VEREDA,6xmq9
BCO VERÃO,6xmq7r
BCO VICENTE CELESTINO,6xmq7
BCO VICENTE DE MORAES,6xmqd
BCO VICENTE II,6xmq4
BCO VICTOR CIVITA,6xmq4p
BCO VIOLETA,6xmqeu
BCO VIOLETA MENESCAL,6xmqc
BCO VIRASORO,6xmq3w
BCO VIRGILIO RAMOS,6xmq
BCO VIRGINIA PESSOA,6xmq9 6xmq9g
BCO VIRIATO CORREA,6xmq4e
BCO VISC. DE SINIMBU,6xmqdv
BCO VISCONDE,6xmq4 6xmq6
BCO VISCONDE DE PORTO ALEGRE,6xmq4
BCO VISEU,6xmq4p
BCO VISTA ALEGRE,6xmq4 6xmq6r
BCO VITORIA,6xmq 6xmq4
BCO VITORIA REGIA,6xm 6xmq 6xmq3 6xmq4 6xmqed
BCO VITORIOSA,6xmq4z
BCO VÊNUS,6xmq3x
BCO WALDIR AZEVEDO,6xmq4t
BCO WALDIR NETO,6xmq6
BCO WALTER MESTRINHO,6xmq 6xmq7
BCO WILKENS DE MATOS,6xmq
BCO XAVANTES,6xmq4
BCO Y,6xmq3q
BCO ZEUS,6xmq9
BCO ZOIZITA,6xmqeg
BCO ZUMBI,6xmq7y
BCO ZURIQUE,6xmq9
BCO ZÂMBIA,6xmq3 6xmq3c
BCO ÁLAMO,6xmq36
BCO ÁLVARO MAIA,6xmqd
BCO ÁSIA,6xmq4 6xmq4x 6xmq6
BCO ÉRBIO,6xmq39
BCO ÊXODO,6xmq6f
BCO ÍTRIO,6xmq39
BXA DO CARMO,6xmq6
EST ACS A FABRICA DE CIMENTO,6xmqk
EST ANA ROSA,6xm
EST DE ACESSO,6xmqd
EST DO CEU,6xm
EST DO PAREDAO,6xmq 6xmq4
EST SUCUPIRA PRETO,6xm
IGP DO TARUMÃ-MIRIM,6xm
IGP DO TONICO,6xmq
MRG DIR DO IG DA CACHOEIRA,6xmq
MRG DIR. DO BAIXO RIO PRETO DA EVA,6xm
MRG DIR. DO RIO PURAQUEQUARA,6xm
MRG DIREITA DO IG JOÃO PAULO,6xmq
MRG DIREITA DO IGARAPE DO RABICHO,6xm
MRG DIREITA DO RIO TARUMÃ AÇU,6xm
MRG ESQ DO IG. DA CACHOEIRA,6xmq
MRG ESQ DO IGARAPE DA BOA VISTA,6xmq
MRG ESQ DO RIO TARUMA ACU,6xm 6xmq 6xmq8
MRG ESQUERDA DO RIO AMAZONAS,6xmq
MRG ESQUERDA DO RIO NEGRO,6xm 6xmq 6xmq4 6xmqk
MRG ESQUERDA DO RIO TARUMÃ AÇU,6xm
PAS 01,6xmq6
PAS 1,6xmq68
PAS 1 MAUAZINHO,6xmq
PAS 12 SAO GERALDO,6xmq3b
PAS 2,6xmq3
PAS 2 SANTO ANTONIO,6xmq39
PAS 3 CJ 31 DE MARCO,6xmq7
PAS 5,6xmq4p
PAS 8,6xmq3
PAS 8 SAO GERALDO,6xmq3c 6xmq6
PAS A,6xmq
PAS AJURICABA,6xmq39
PAS ALLAN KARDEC,6xmq
PAS B,6xmq
PAS BAIRRO UNIAO,6xmq6r
PAS BOA ESPERANCA,6xmq4y
PAS BOA ESPERANCA I,6xmq4y
PAS C,6xmq 6xmq3c 6xmq4s
PAS CABRAL,6xmq4
PAS I,6xmq 6xmq4 6xmq68 6xmqff
PAS PONTE DE MADEIRA,6xmq
PAS RIO NEGRO,6xmq3
PAS RUI ARAUJO,6xmq3
PCA CHILE,6xmq6
PCA FRANCISCO P DA SILVA,6xmq4 6xmq4y
PCA ISMAEL BENIGNO,6xmq
PCA N SRA DE NAZARE,6xmq6
PCA NUNKE,6xmq
PCA SANTOS DUMONT,6xmq60
RAM DA AGUA PRETA,6xm
RAM DA CASTANHEIRA,6xm
RAM DA ESCOLA,6xmq
RAM DO BANCREVEA,6xmq
RAM DO KM 32,6xm
RAM DO PAU ROSA,6x 6xm
RAM DO TINGA,6xm
RAM LOPES PRIMO,6xm
RAM NHANDEARA,6xm
RAM RAINHA DOS APOSTOLO,6x
RAM RAMAL PARANACAXI,6xmqu
RAM SÃO FRANCISCO,6xm
ROD BR 174,6x 6xm
RUA 02 INVASAO ASTECA,6xmq7r
RUA 03,6xmq8
RUA 04,6xmqd
RUA 06,6xmqdw
RUA 1,6xmq6
RUA 1 - PQ LUSITANO,6xm
RUA 1 - RES. VILLA VERDE,6xmq3
RUA 1 CJ VISTA BELA,6xmq9
RUA 1 CJ. COLINA DO ALEIXO,6xmqe
RUA 1 DE ABRIL,6xm
RUA 1 DE JANEIRO,6xmqs
RUA 1 DE JULHO,6xmqs7
RUA 1 DE MAIO,6xmq 6xmqf2 6xmqf8 6xmqs 6xmqs6 6xmqs7
RUA 1 GREENWOOD,6xmq6
RUA 1 J TARUMANZINHO,6xm
RUA 1. DE MAIO,6xmq9g
RUA 10,6xmqdv
RUA 10 - CJ DOS SUB TEN E SGT,6xmqd
RUA 10 - CJ. VILA REAL,6xmqg3
RUA 10 - JD DE VERSALLES,6xmq9
RUA 10 - MONTE SINAI,6xmqf8
RUA 10 - RES. VILLA VERDE,6xmq3 6xmq35
RUA 10 CONJ PRIMAVERA II,6xmq6
RUA 10 DE DEZEMBRO,6xmq9f
RUA 10 DE JULHO,6xmq4
RUA 10 DE MAIO,6xmqfe
RUA 104,6xmqg
RUA 105 CIDADE NOVA,6xmqe
RUA 11 A,6xmqeu
RUA 11 CJ FCA. MENDES,6xmqg7
RUA 11 DE JANEIRO,6xmqg2
RUA 11 J TARUMANZINHO,6xm
RUA 11- RES. VILLA VERDE,6xmq3 6xmq35
RUA 12,6xmq9 6xmqed
RUA 12 - RES. VILLA VERDE,6xmq3
RUA 12 DE JUNHO,6xmq6g
RUA 12 LOT. JARDIM MAUA,6xmqk
RUA 12- LOT. PORTAL DO JAPAO,6xmqd
RUA 13,6xm
RUA 13 - LOT. PORTAL DO JAPAO,6xmqd
RUA 13 - RES. VILLA VERDE,6xmq3
RUA 13 CJ. FCA MENDES,6xmqg7
RUA 13 DE FEVEREIRO,6xmqs6 6xmqs7
RUA 13 DE MAIO,6xmq4e
RUA 13 DE MARCO,6xmq7
RUA 13 DE OUTUBRO,6xmqu
RUA 14,6xm
RUA 14 CIDADE NOVA,6xmqen
RUA 14 DE ABRIL,6xmqs6 6xmqs7
RUA 14 DE JANEIRO,6xmq6g 6xmq7
RUA 14 DE JULHO,6xmq4s
RUA 14 J TARUMANZINHO,6xm
RUA 15,6xmq6f 6xmq6g
RUA 15 - RES. VILLA VERDE,6xmq3 6xmq35
RUA 15 DE MAIO,6xmq3
RUA 15 DE MARCO,6xmqf2 6xmqf8
RUA 15 DE NOVEMBRO,6xmq4 6xmqf 6xmqf2 6xmqfs 6xmqsh
RUA 15 DE OUTUBRO,6xm
RUA 15 FRANCISCA MENDES,6xmqg7
RUA 15 J TARUMANZINHO,6xm
RUA 153 CJ. NOVA CIDADE,6xmqg
RUA 157 CIDADE NOVA,6xmqg2
RUA 159,6xmqg
RUA 16 - RES. VILLA VERDE,6xmq3 6xmq35
RUA 16 ALVORADA,6xmq9
RUA 16 DE JULHO,6xmq7
RUA 16 DE OUTUBRO,6xmqs7
RUA 16 J TARUMANZINHO,6xm
RUA 16 LOT ITAPURANGA,6xmq8
RUA 17,6xm 6xmqeu
RUA 17 - RES. VILLA VERDE,6xmq3
RUA 17 DE MARÇO,6xm
RUA 17 LOT ITAPURANGA,6xmq8
RUA 18 - RES. VILLA VERDE,6xmq3
RUA 18 DE MARÇO,6xmqs7
RUA 18 J TARUMANZINHO,6xm
RUA 18 LOT ITAPURANGA,6xmq8
RUA 19 - RES. VILLA VERDE,6xmq3
RUA 19 C BRANCO I,6xmq6
RUA 19 DE JANEIRO,6xmqc
RUA 19 DE JULHO,6xmqs
RUA 19 J TARUMANZINHO,6xm
RUA 1° DE MAIO,6xmqg1
RUA 1º DE JULHO,6xmq6f
RUA 1º DE MAIO,6xmqs
RUA 1º DE SETEMBRO,6xmq68 6xmq6f
RUA 2,6xm
RUA 2 - PQ LUSITANO,6xm
RUA 2 - RES. VILLA VERDE,6xmq3
RUA 2 DE AGOSTO,6xmq6 6xmq6r
RUA 2 DE FEVEREIRO,6xmqf
RUA 2 DE MAIO,6xmq9g
RUA 2 DE OUTUBRO,6xmqs7
RUA 2 IRMAOS,6xmq4e
RUA 2 J TARUMANZINHO,6xm
RUA 20 - RES. VILLA VERDE,6xmq3
RUA 20 DE SETEMBRO,6xmqf9
RUA 20 J TARUMANZINHO,6xm
RUA 208 - NOVA CIDADE,6xmqg
RUA 21 DE ABRIL,6xmq4e
RUA 21 DE AGOSTO,6xmq3w 6xmq3x
RUA 21- RES. VILLA VERDE,6xmq3
RUA 22 - RES. VILLA VERDE,6xmq3
RUA 22 DE FEVEREIRO,6xmqs7
RUA 22 DE JULHO,6xmqs7
RUA 22 DE MAIO,6xm
RUA 22 J TARUMANZINHO,6xm
RUA 23 DE JUNHO,6xmq
RUA 24 - RES. VILLA VERDE,6xmq35
RUA 24 DE AGOSTO,6xmq6e
RUA 24 DE MAIO,6xmq36 6xmq4
RUA 24 DE OUTUBRO,6xmq9f
RUA 24 J TARUMANZINHO,6xm
RUA 241,6xmqf
RUA 243-CJ. CIDADÃO VII,6xmqf
RUA 25 A,6xmq 6xmq8 6xmq9
RUA 25 DE DEZEMBRO,6xmq9f
RUA 26 - RES. VILLA VERDE,6xmq3
RUA 26 SAO JOSE,6xmqee
RUA 27,6xm
RUA 27 - CJ. GALILÉIA,6xmqfg
RUA 27 DE DEZEMBRO,6xmqs 6xmqs6
RUA 27 DE NOVEMBRO,6xmq3 6xmq35
RUA 27 DE OUTUBRO,6xmq9g
RUA 27 DE SETEMBRO,6xmqg3
RUA 27 DE SETEMBRO 1,6xmq
RUA 27 SAO JOSE,6xmqed 6xmqee
RUA 28 DE AGOSTO,6xmq35
RUA 28 J TARUMANZINHO,6xm
RUA 29 DE DEZEMBRO,6xmqf
RUA 29 DE JULHO,6xmqc
RUA 29 DE MARÇO,6xm
RUA 29 J TARUMANZINHO,6xm
RUA 29 SAO JOSE 3,6xmqec 6xmqef
RUA 2A,6xmq6e
RUA 2B CJ. VILA MUNICIPAL,6xmq6
RUA 3 - JD. TROPICAL,6xmq3
RUA 3 - PQ LUSITANO,6xm
RUA 3 - RES. VILLA VERDE,6xmq3
RUA 3 CJ. INDUSTRIARIO,6xmq7
RUA 3 COND MONTE LIBANO,6xmq6
RUA 3 CONJ ORQUIDEA,6xmq6
RUA 3 DE JULHO,6xmq7
RUA 3 DE SETEMBRO,6xmq
RUA 3 GREENWOOD PARK,6xmq6
RUA 3 J TARUMANZINHO,6xm
RUA 3 SAO JOSE,6xmqed 6xmqef
RUA 30,6xmqg7
RUA 30 DE ABRIL,6xmqg1 6xmqg3
RUA 30 J TARUMANZINHO,6xm
RUA 31 DE JULHO,6xmq9f
RUA 31 DE MARCO,6xmqd 6xmqdx 6xmqfs
RUA 31 DE MARÇO,6xmq4 6xmq4s 6xmq4t
RUA 31 J TARUMANZINHO,6xm
RUA 312-A CONJ. NOVA CIDADE,6xmqg5
RUA 312-B CONJ. NOVA CIDADE,6xmqg5
RUA 32 JARDIM TARUMANZINHO,6xm
RUA 33 CJ FRANCISCA MENDES,6xmqg7
RUA 33 J TARUMANZINHO,6xm
RUA 34 CJ FRANCISCA MENDES,6xmqg7
RUA 34 J TARUMANZINHO,6xm
RUA 35 JARDIM TARUMANZINHO,6xm
RUA 36 J TARUMANZINHO,6xm
RUA 37 C BRANCO I,6xmq6r
RUA 38,6xmqeg
RUA 38 C BRANCO,6xmq6r
RUA 38 J TARUMANZINHO,6xm
RUA 39,6xmq6r
RUA 4,6xm 6xmq9
RUA 4 - RES. VILLA VERDE,6xmq3
RUA 4 CONJ LIRIO DO VALE,6xmq9
RUA 4 DE ABRIL,6xmqf
RUA 4 DE JULHO,6xm
RUA 4 GREENWOOD PARK,6xmq6
RUA 4 J TARUMANZINHO,6xm
RUA 4 SAO JOSE,6xmqed
RUA 40B,6xmqg7
RUA 41,6xmqeg
RUA 41 C BRANCO II,6xmq6 6xmq6r
RUA 43 C BRANCO II,6xmq6r
RUA 5,6xmqfg
RUA 5 - RES. VILLA VERDE,6xmq3
RUA 5 CONJ BARRA BELA,6xmq6
RUA 5 CONJ LIRIO DO VALE,6xmq9
RUA 5 DE ABRIL,6xmqc
RUA 5 DE FEVEREIRO,6xmq4
RUA 5 DE JANEIRO,6xmqf
RUA 5 DE JUNHO,6xmq 6xmq3b 6xmqs7
RUA 5 DE SETEMBRO,6xmq 6xmq3q
RUA 5 GREENWOOD PARK,6xmq6
RUA 51,6xmqew 6xmqey
RUA 53,6xmqg6 6xmqg7
RUA 54 CONJ FRANCISCA MENDES,6xmqg 6xmqg6
RUA 55 CONJ FRANCISCA MENDES,6xmqg6 6xmqg7
RUA 5A,6xmq6e
RUA 6,6xm 6xmqd 6xmqef 6xmqeg
RUA 6 CJ LIRIO DO VALE,6xmq9
RUA 6 CONJ BARRA BELA,6xmq6
RUA 6 CONJ BELO HORIZONTE,6xmq6
RUA 6 DE OUTUBRO,6xmqs 6xmqs6
RUA 6 GREENWOOD PARK,6xmq6
RUA 6 J TARUMANZINHO,6xm
RUA 6 JD PRIMAVERA,6xmq6
RUA 60 CONJ FRANCISCA MENDES,6xmqg 6xmqg6
RUA 62 CONJ FRANCISCA MENDES,6xmqg 6xmqg6
RUA 64 (JD DE VERSALLES),6xmq9
RUA 65,6xmqg7
RUA 66 CONJ FRANSICA MENDES,6xmqg 6xmqg6
RUA 66- CJ. NOVA CIDADE,6xmqg
RUA 67 - CJ.NOVA CIDADE,6xmqg
RUA 7,6xm
RUA 7 - RES. VILLA VERDE,6xmq3
RUA 7 CONJ LIRIO DO VALE,6xmq9
RUA 7 DE MARCO,6xmq37
RUA 7 DE SETEMBRO,6xmqfe 6xmqs6
RUA 7-A LOT. JARDIM MAUA,6xmq7
RUA 70 CONJ FRANCISCA MENDES,6xmqg 6xmqg6
RUA 73 CJ. OSWALDO FROTA II,6xmqg6
RUA 79 CONJ. SERGIO P. NETO,6xmqg6
RUA 8,6xm 6xmq7
RUA 8 - LOT. AGNUS DEI,6xmqf
RUA 8 - LOT. ARIPUANÃ,6xmq3
RUA 8 - RES. VILLA VERDE,6xmq3
RUA 8 CJ VISTA BELA,6xmq9
RUA 8 DE AGOSTO,6xmqs7
RUA 8 DE DEZEMBRO,6xm 6xmq6r
RUA 8 DE JULHO,6xmqs7
RUA 8 J TARUMANZINHO,6xm
RUA 81 CONJ FRANCISCA MENDES,6xmqg6 6xmqgf
RUA 83 CJ. JD. DE VERSALLES,6xmq9
RUA 85 CIDADE NOVA,6xmqe 6xmqer
RUA 89,6xmqg6 6xmqg7
RUA 9,6xmq6
RUA 9 - RES. VILLA VERDE,6xmq3 6xmq35
RUA 9 DE DEZEMBRO,6xmqs
RUA 9 J TARUMANZINHO,6xm
RUA A,6xm 6xmq3 6xmq8
RUA A (JD DE VERSALLES),6xmq9
RUA A - JD DE VERSALLES,6xmq9
RUA A - NRI PONTA NEGRA,6xmq8
RUA A - RES. TAPAJOS,6xmqf
RUA A 6,6xmq6
RUA A 7,6xmq6
RUA A CD. EPHIGENIO SALLES,6xmq6
RUA A CJ. CASTELINHO,6xmq6r
RUA A JD DE VERSALLES,6xmq9
RUA A SAO JOSE III,6xmqef
RUA A- VILA BURITI,6xmq
RUA AB,6xmq6
RUA ABAETETUBA,6xmqes 6xmqeu
RUA ABAIARA,6xmqs
RUA ABALONE,6xmqk
RUA ABARÉ,6xmqf
RUA ABATÃ,6xmq7
RUA ABDIAS,6xmqf
RUA ABDIAS TELES DA SILVA,6xmq6b 6xmq7
RUA ABDON AZARO,6xmq6f 6xmq7
RUA ABDON GONÇALVES,6xmqd
RUA ABDON MADE,6xmq6
RUA ABDON MUSSA,6xmq3
RUA ABDON QUEIROZ,6xmq6g
RUA ABEL,6xmqgf
RUA ABEL BOTELHO,6xmqd
RUA ABEL SALAZAR,6xmq7
RUA ABELARDO BARBOSA,6xmq6
RUA ABELARDO CARNEIRO,6xmq
RUA ABGUAR BASTOS,6xmqey 6xmqez
RUA ABIDJAN,6xmqg
RUA ABIGAIL,6xm
RUA ABILIO JUNQUEIRO,6xmq7
RUA ABILIO NERY,6xmq4x 6xmq68
RUA ABIRITÉ,6xmqd
RUA ABIURANA,6xmq3q
RUA ABOBREIRA,6xmqc
RUA ABONARI,6xmqs6
RUA ABRAHIM SALES,6xmq7
RUA ABRAÃO,6xmqf
RUA ABRAÃO CARDOSO,6xmq3 6xmq37
RUA ABRAÃO DE ARAÚJO,6xmq3 6xmq8
RUA ABRAÃO RAMIRO BENTES,6xmq
RUA ABRE CAMPOS,6xmq9 6xmq9f 6xmqd
RUA ABREU,6xmq3
RUA ABÉLIA,6xm
RUA ABÍLIO MACHADO,6xmq9
RUA ABÓBORA DO MATO,6xmqu
RUA ACACIA MIMOSA,6xm
RUA ACAETÉ,6xmqs
RUA ACAIACA,6xm 6xmqf
RUA ACAICA,6xmqf
RUA ACAIMIRIM,6xm
RUA ACAJATUBA,6xmqf
RUA ACAJUBA,6xmqd 6xmqdt
RUA ACAJURANA,6xmqsj
RUA ACAPAZA,6xmqg 6xmqgg
RUA ACAPIÚ,6xmqk
RUA ACAPU,6xmqu
RUA ACAPULCO,6xmqg
RUA ACARI BODÓ,6xmqs 6xmqsr
RUA ACARI CAXIMBO,6xmqs
RUA ACARICÓ,6xmqfu 6xmqfv
RUA ACARIQUARA,6xmq3
RUA ACARÁ,6xmq
RUA ACAUÃ,6xmqd
RUA ACEROLA,6xmqu
RUA ACHUARANA,6xmqf
RUA ACHUÁ,6xmqey
RUA ACOPIARA,6xmq9 6xmq9e 6xmq9g
RUA ACRA,6xmqg
RUA ACRE,6xmq6
RUA ACRIZIO CORREA,6xmq
RUA ACROBATA,6xmqen
RUA ACUA,6xm
RUA ACUCENA-DO-CABO,6xmqgg
RUA ACURANA,6xmqdw
RUA ACÁCIA BRANCA,6xmqu
RUA ACÁCIA DO NILO,6xmqe
RUA ACÁCIA MELEIRA,6xmqe
RUA ACÁCIA MIMOSA,6xmq9f
RUA ACÁCIA NEGRA,6xmqe
RUA ACÁCIA VERMELHA,6xmqe
RUA ACÁCIO SANTOS,6xmqg1
RUA ACÁDIOS,6xmqf
RUA ADA,6xmqd
RUA ADAIL,6xmqd
RUA ADAILSON LOPES,6xm
RUA ADALBERTO CASTELO,6xmqg6 6xmqg7
RUA ADALBERTO FERRAZ,6xmq4 6xmq4e
RUA ADALBERTO NOGUEIRA,6xmq4z
RUA ADALBERTO VALE,6xmq4 6xmq4t 6xmq4y
RUA ADALGIZA FLEURY,6xmqk
RUA ADALTO FERNANDES,6xmqez
RUA ADALTO UCHOA,6xmqd
RUA ADAMICO,6xmqd
RUA ADAMITA,6xmqd
RUA ADELAIDE CARRARO,6xmq9
RUA ADELINO COSTA,6xmqg1 6xmqg4 6xmqg5
RUA ADELINO FONTOURA,6xmq35
RUA ADELINO NETO,6xmq4y
RUA ADELINO SOARES FERNANDES,6xmq9
RUA ADELSON ROCHA,6xmqfb
RUA ADEMAR DE BARROS,6xmqd
RUA ADEMAR FREIRE,6xmqd
RUA ADEMAR REGO,6xmqd
RUA ADERSON DUTRA,6xmqs3
RUA ADILBER VIANA,6xmq6
RUA ADIS ABEBA,6xmqg
RUA ADOLFINA AREAL SOUTO,6xmq6
RUA ADOLFO MARQUES,6xmq
RUA ADOLFO MONTEIRO,6xmq7
RUA ADOLPHO BLOCH,6xmq7
RUA ADONIAS,6xmqf
RUA ADONIRAM BARBOSA,6xmq9
RUA ADONIS,6xmqf
RUA ADRIANO BARROSO,6xmq3 6xmq3q
RUA ADRIANO JORGE,6xmq4s
RUA ADRINO GAMA,6xmqd
RUA ADSON DE MENEZES,6xmq3 6xmq3c
RUA ADVENTO,6xmq9g
RUA ADÁGIO,6xmqd
RUA AFEGANISTÃO,6xmqg
RUA AFONSO ARINOS,6xmqd
RUA AFONSO BALDAJA,6xmq7
RUA AFONSO BRÁS,6xmq7 6xmq7j
RUA AFONSO CARVALHO,6xmqg1 6xmqg4 6xmqg5
RUA AFONSO DE ALBUQUERQUE,6xmq4z 6xmq6b
RUA AFONSO DE SOUZA,6xmq4x
RUA AFONSO D´E TAUNAY,6xmq9
RUA AFONSO PENA,6xmq4 6xmq4p 6xmq6 6xmq60
RUA AFONSO QUARESMA,6xmq7r
RUA AFRO TEIXEIRA ROCHA,6xmqf
RUA AFRÂNIO COUTINHO,6xmqey 6xmqez
RUA AFRÂNIO DE CASTRO,6xmq6c 6xmq7
RUA AFRÂNIO FRANCO,6xmqe
RUA AFRÂNIO PEIXOTO,6xmq3
RUA AFÉIA,6xmqu
RUA AGAMALTOLITA,6xmqeg 6xmqeu 6xmqs5 6xmqsh
RUA AGANA,6xmqg
RUA AGAPANTO,6xm
RUA AGAPITO PEREIRA,6xmq6 6xmq6g
RUA AGAVE,6xmqe
RUA AGAVE ROSA,6xmq7
RUA AGENOR NOBRE,6xmq9
RUA AGENTE MAURO LOBO,6xmq
RUA AGESILÃO DE ARAÚJO,6xmq3
RUA AGEU,6xm
RUA AGILDO BARATA,6xmqd 6xmqe
RUA AGNALDO ACHER PINTO,6xmq9
RUA AGOSTINHO BARBOSA,6xmq6
RUA AGOSTINHO DOS SANTOS,6xmqeu 6xmqev
RUA AGOSTINHO MOTA,6xmq4
RUA AGOSTINHO PEREIRA,6xmq3
RUA AGRESTINA,6xmqk 6xmqs
RUA AGRIPINA,6xmq35
RUA AGRIPINO GRIEGO,6xmq36 6xmq3d
RUA AGRIÃO,6xmqs
RUA AGRODOCE,6xmqf
RUA AGUADEIRO,6xmq3
RUA AGUANO,6xmqs
RUA AGUAPÉ,6xmq9f 6xmq9g
RUA AGUIA CHILENA,6xm
RUA AGULHAS NEGRAS,6xmq3 6xmq6
RUA AIDA BARRONCAS,6xmq7
RUA AIDA BUENO,6xmqg9 6xmqgc
RUA AIFA,6xmqc
RUA AIMORE,6xmqf9
RUA AIMORÉ,6xmqf 6xmqf9
RUA AINOÃ,6xmq3 6xmq3q
RUA AIRAS SANTIAGO,6xmq3q 6xmq3r
RUA AIRES GOMES DA SILVA,6xmqdy
RUA AIRTON RODRIGUES,6xmqem
RUA AJARAI,6xmq
RUA AJAX,6xmqdw
RUA AJURI,6xmq3z
RUA AJURICABA,6xmq4
RUA AKIL BAZZI,6xmqdx 6xmqdz
RUA AKITA,6xmqd
RUA ALADIM,6xmq6
RUA ALAGOAS,6xmqd
RUA ALAIDE ALVES DA ROCHA,6xmq7 6xmqe
RUA ALAMANDA,6xmq9
RUA ALAMEDA F,6xm
RUA ALAMEDA II,6xm
RUA ALAODIM,6xmq7 6xmq7j
RUA ALARICO FURTADO,6xmqu
RUA ALBANO MELO,6xmqd
RUA ALBATROZ REAL,6xmqee
RUA ALBERICO ANTUNES,6xmq69 6xmq6d
RUA ALBERICO FURTADO,6xmq68
RUA ALBERT SABIN,6xmqd
RUA ALBERTO CAMPANHA,6xmq
RUA ALBERTO CARREIRA,6xmq7
RUA ALBERTO DE OLIVEIRA,6xmq3
RUA ALBERTO DEODADO,6xmq3
RUA ALBERTO GASPAR,6xm
RUA ALBERTO GOMES,6xmq6f
RUA ALBERTO GRACIANO,6xmqd
RUA ALBERTO RANGEL,6xmq3 6xmq35
RUA ALBÂNIA,6xmqdt
RUA ALCAPARRA,6xmqd 6xmqf2
RUA ALCEMIR SOEIRO,6xm
RUA ALCEU AMOROSO LIMA,6xmq7
RUA ALCIDAR BAHIA,6xmqd 6xmqf2
RUA ALCIDES MAIA,6xmq35
RUA ALCINA TAPAJÓS,6xmq6g
RUA ALCINDO GUANABARA,6xmq3 6xmq36
RUA ALCOBAÇA,6xmqs6
RUA ALCÂNTARA,6xmqs4
RUA ALCÂNTARA MACHADO,6xmq7
RUA ALDA FURTADO,6xmq6e
RUA ALDENOR QUEIROZ,6xmqf
RUA ALDINO AZEVEDO,6xmq6 6xmq7j
RUA ALECRIM,6xmq9
RUA ALECRIM-DO-BREJO,6xmqg
RUA ALECRINZEIRO,6xmqc
RUA ALEGRETE,6xmqf
RUA ALEGRIA,6xmqg3
RUA ALEIXO GARCIA,6xmq 6xmq4z 6xmq6b
RUA ALENCO,6xm
RUA ALENQUER,6xmqk 6xmqs
RUA ALEX VIANY,6xmq9
RUA ALEXANDRE AMORIM,6xmq 6xmq4
RUA ALEXANDRE ARDUINO,6xmq7
RUA ALEXANDRE CAMAROA,6xmqf2
RUA ALEXANDRE DE MOURA,6xmq3
RUA ALEXANDRE DUMAS,6xmq3b 6xmq3c
RUA ALEXANDRE HERCULANO,6xmq36
RUA ALEXANDRE MAGNO,6xmq6 6xmqd
RUA ALEXANDRE R. FERREIRA,6xmq7
RUA ALEXANDRIA,6xmqc
RUA ALEXANDRINO ALENCAR,6xmqe
RUA ALEXANDRITA,6xmqeg 6xmqeu
RUA ALFA MIRANDA,6xmq9e
RUA ALFAVACA,6xmqu
RUA ALFAZEMA,6xmqs 6xmqsj
RUA ALFENEIRO,6xmqk
RUA ALFEU,6xmqg
RUA ALFREDO ARAÚJO,6xmq4e 6xmq4s
RUA ALFREDO BEÇA,6xmq4 6xmq4t 6xmq4x
RUA ALFREDO CUNHA,6xmq6b 6xmq6c
RUA ALFREDO DE CAMPOS,6xmqf
RUA ALFREDO LINHARES,6xmqd
RUA ALFREDO LUIZ C. REIS,6xmqf
RUA ALFREDO MESQUITA,6xmq6
RUA ALFREDO MONTEIRO,6xmq6
RUA ALFREDO MOREIRA,6xmq3
RUA ALFREDO NASCIMENTO,6xmq6
RUA ALFREDO SÁ,6xmqg9
RUA ALFREDO VALOIS,6xmq9
RUA ALGARVE,6xmqk
RUA ALGAS MARINHAS,6xmqgb 6xmqgc
RUA ALGODOEIRO,6xmqu
RUA ALGODÃO DOCE,6xmqs
RUA ALGODÃO ROXO,6xmqs
RUA ALIANÇA,6xmqf9
RUA ALICANTE,6xmqf 6xmqg
RUA ALICE SALERNO,6xmq3 6xmq39 6xmq3d
RUA ALICE TAVARES DA SILVA,6xmq7
RUA ALM. MAXIMIANO,6xmq3
RUA ALMADA NEGREIROS,6xmq3r 6xmq9
RUA ALMANDINA,6xmqs
RUA ALMAQUIO DINIZ,6xmq3
RUA ALMEIDA CHAÁR,6xmq7r
RUA ALMEIDA GARETT,6xmq35
RUA ALMEIDA JUNIOR,6xmqk
RUA ALMEIRIM,6xmqff
RUA ALMEIRÃO,6xmqc
RUA ALMIR PEDREIRA,6xmq4x 6xmq4z 6xmq6b
RUA ALMIRANTE,6xmqd
RUA ALMIRANTE CUSTÓDIO DE MELO,6xmq3
RUA ALMIRANTE HÉLIO LEITE,6xmqeg
RUA ALMIRANTE TAMANDARE,6xmqd
RUA ALMTE BARROSO,6xmqd
RUA ALMÉRIA,6xmqf 6xmqg
RUA ALMÍNIO NOGUEIRA,6xmqc
RUA ALMÍSCAR,6xmqd 6xmqf2
RUA ALONSO DE PINEDA,6xmq4y
RUA ALONSO NOGUEIRA DA SILVA,6xmqd
RUA ALPHONSUS GUIMARÃES,6xmqe 6xmqem
RUA ALPINA,6xmqf 6xmqfe
RUA ALPINEA ROSA,6xm
RUA ALPINEA VERMELHA,6xmq8
RUA ALPÍNIAS,6xm
RUA ALTACIR MONTENEGRO,6xm
RUA ALTAIR MONTEIRO,6xm
RUA ALTAIR NUNES,6xmq6
RUA ALTAMIRA DO MARANHÃO,6xmqeg
RUA ALTAZES,6xmqs5 6xmqs7
RUA ALTEIA,6xmqs
RUA ALTEMAR DUTRA,6xmq 6xmqeu
RUA ALTEVIR COSTA,6xmqe 6xmqew 6xmqey 6xmqez 6xmqg
RUA ALTIVA NOGUEIRA,6xmqd
RUA ALTO ALEGRE,6xmqk
RUA ALTO ARAGUAIA,6xmqeg
RUA ALTO PARANÁ,6xmqs4
RUA ALTO PARAÍSO,6xmqu
RUA ALUISIO AZEVEDO,6xmq7
RUA ALUIZIO MACIEL,6xmq3 6xmq37
RUA ALUÍSIO ARAÚJO,6xmq3b
RUA ALUÍSIO BRASIL,6xmq4z 6xmq6b
RUA ALUÍZIO DONIZETE,6xmq
RUA ALUÍZIO MACIEL,6xmqu
RUA ALVARENGA PEIXOTO,6xmqk
RUA ALVARES DE AZEVEDO,6xmq3 6xmq37
RUA ALVARÃES,6xmq9
RUA ALVES DA SILVEIRA,6xmq36
RUA ALVES REDOL,6xmq7
RUA ALVINÓPOLIS,6xmqd
RUA ALVORADA,6xmq3x 6xmq9
RUA ALVORADA DO OESTE,6xm
RUA ALZERINA NOGUEIRA,6xmq4y
RUA ALZIRA MAGALHÃES,6xmqf
RUA AMA,6xmq9
RUA AMADEU AMARAL,6xmqfu
RUA AMADEU DE CASTRO,6xmq6
RUA AMADEUS,6xmq6d 6xmq6e
RUA AMANACY,6xmqs
RUA AMANARI,6xmqu
RUA AMANDA SENA,6xmqe
RUA AMAPORA,6xmqf8 6xmqfb
RUA AMAPÁ,6xmqu
RUA AMAPÁ-DOCE,6xmqf
RUA AMARANTE DO MARANHÃO,6xmqs4 6xmqs5
RUA AMARO JUVENAL,6xmq
RUA AMARÍLIS,6xm
RUA AMAURI REIS,6xmq6
RUA AMAZONAS,6xmq4 6xmq7 6xmqeg
RUA AMAZONAS CAVALCANTE,6xmqd
RUA AMAZONAS I,6xmq4y 6xmq6
RUA AMAZONAS PALHANO,6xmq7
RUA AMAZONAS R,6xmqf2
RUA AMAZONIA,6xmq6
RUA AMAZONINO MENDES,6xmqf
RUA AMAZONITA,6xmq
RUA AMAZÔNIA,6xmq6
RUA AMBIENTAL,6xmqd
RUA AMBORÉ,6xmqs3
RUA AMBROSIA,6xmqf
RUA AMBROZIO AYRES I,6xmq3 6xmq6
RUA AMBRÓSIO FERNANDES BRANDÃO,6xmqdv 6xmqdy
RUA AMBURANA,6xmqfu
RUA AMBÉ,6xmqu
RUA AMEIXA DE NATAL,6xmqk
RUA AMENDOEIRAS,6xmqf
RUA AMENDOIM,6xmqg
RUA AMERICANA,6xmq7r
RUA AMERÍCIO,6xmq3d
RUA AMETISTA,6xmqs5 6xmqsh
RUA AMIEIRO,6xmqf
RUA AMON,6xm
RUA AMON RÁ,6xmqg5
RUA AMOR AGARRADINHO,6xmq9f
RUA AMOR CRESCIDO,6xmqs
RUA AMOR DO CAMPO,6xmqf
RUA AMOR-PERFEITO,6xmqsj
RUA AMOROSO LIMA,6xmq3 6xmq35
RUA AMOS,6xmqf 6xmqfs
RUA AMPARO DO TORORÓ,6xmq3x
RUA AMSTERDAM,6xmq9
RUA AMÂNCIO DE MIRANDA,6xmq4
RUA AMÉLIA DE ALBUQUERQUE,6xmqeu
RUA AMÉLIA RATES,6xmqd
RUA AMÉRICO ALVAREZ,6xmq6b 6xmq6c
RUA AMÉRICO ANTONY,6xmqc
RUA AMÉRICO MESTRINHO,6xmqs6 6xmqs7
RUA AMÉRICO VESPUCCI,6xmqdv 6xmqdy
RUA AMÊNDOA,6xmqfe
RUA AMÓS,6xmq6g
RUA AN2 CJABILIONERY,6xmq6
RUA ANA CRSITINA CESAR,6xmqc
RUA ANA D' AÚSTRIA,6xmq6f
RUA ANA DURANS,6xmq7
RUA ANA FALCÃO,6xmqs
RUA ANA GIMENEZ,6xmqs
RUA ANA MARIA BARROS,6xmqs
RUA ANA NOGUEIRA,6xmq4
RUA ANABI,6xmqdw
RUA ANACÃ,6xmqdw
RUA ANADOR,6xmqs 6xmqsr
RUA ANAGÉ,6xmqf
RUA ANAJÁS,6xmqf 6xmqf9
RUA ANALIO RESENDE,6xmq9
RUA ANAMBÉ,6xm
RUA ANAMBÉ BRANCO,6xmqeg
RUA ANAMBÉ ROXO,6xmqs4
RUA ANAMBÉ SOL,6xmqgc
RUA ANAMBÉ-AZUL,6xmqed 6xmqee 6xmqeg
RUA ANAMBÉ-AÇU,6xmqs4
RUA ANANÁS,6xmqef
RUA ANAPOLIS,6xmq9e
RUA ANAXIMENDES,6xmqs
RUA ANCARA,6xmq9
RUA ANDALUZIA,6xmqf
RUA ANDARAÍ,6xmq6f 6xmq6g
RUA ANDIRÁ-AÇU,6xmqf
RUA ANDORINHA,6xmqff 6xmqgg 6xmqu
RUA ANDORINHA COLEIRA,6xmqs
RUA ANDORINHA DO MATO,6xmqs
RUA ANDORINHA DO RIO,6xm
RUA ANDORINHA GRANDE,6xmqf
RUA ANDORRA,6xmqg7
RUA ANDRADE DA FROTA,6xmq
RUA ANDRADE E SILVA,6xmqe
RUA ANDRADE MURICI,6xmqg 6xmqg3
RUA ANDRADINA,6xmqg4 6xmqg5 6xmqg6 6xmqg7
RUA ANDRADITA,6xmq9g
RUA ANDRE CARNEIRO DO AMARAL,6xmq4
RUA ANDRE FERRAZ FRANCO,6xm
RUA ANDRE JOBIM,6xmqdw
RUA ANDRE V DE NEGREIROS,6xmq3w
RUA ANDREA LIMONGE,6xmq6
RUA ANDREA TAFI,6xmqc
RUA ANDRES SEGOVIA,6xmq6
RUA ANDROS,6xmqf
RUA ANDRÉ LOPEZ ALBUQUERQUE,6xmq6
RUA ANDRÉ MARIÊ,6xmqs 6xmqsr
RUA ANDRÉ THEVET,6xmq6g 6xmqe
RUA ANDÓBIA,6xmqf
RUA ANGELICA MOTA,6xmq6r 6xmqd
RUA ANGELICÓ,6xmqdy
RUA ANGELIM,6xmq3 6xmqs
RUA ANGELIM BEVILAQUA,6xmq9
RUA ANGELIM DOCE,6xmqdy 6xmqdz
RUA ANGELIM-PEDRA,6xm
RUA ANGELO BITTENCOURT,6xmq9
RUA ANGICO AMARELO,6xmqfu
RUA ANGICO AUSTRALIANO,6xmq3
RUA ANGICO BRANCO,6xmqfv
RUA ANGICO DO CAMPO,6xmqfu
RUA ANGICO FAVA,6xm
RUA ANGICO RAJADO,6xm
RUA ANGICO VERMELHO,6xm
RUA ANGICOS,6xmqdx
RUA ANGOLA,6xmqdt 6xmqdw
RUA ANGRA DO REIS,6xmqdx
RUA ANGÉLICA DO MATO,6xmqg
RUA ANGÉLICA DOCE,6xmqg
RUA ANHANDUÍ,6xmqd
RUA ANHANGUERA,6xmqg
RUA ANIBAL GURGEL DO AMARAL,6xmq7
RUA ANIBAL MELO,6xmq6g
RUA ANIL,6xmq6e
RUA ANINGA,6xmq 6xmqs
RUA ANITA BARRETO,6xmqer 6xmqg2
RUA ANITA GARIBALDI,6xmq38 6xmq39 6xmq3b
RUA ANITA MALFATTI,6xmq7
RUA ANITRITA,6xmqs 6xmqs7
RUA ANJICO RAJADO,6xmqf
RUA ANJO ANIEL,6xmqf
RUA ANNA NERY,6xmqd
RUA ANNE,6xmq7r
RUA ANNE FRANK,6xmqd
RUA ANNUAR GRÉCIA,6xmq
RUA ANORI,6xmq6
RUA ANTALYA,6xm 6xmqf
RUA ANTARCTICA,6xmqf 6xmqf2
RUA ANTENARIA,6xmqf
RUA ANTENOR CAVALCANTE,6xmq7 6xmq7y 6xmqk
RUA ANTENOR LANDIM,6xmq9
RUA ANTERO DE QUENTAL,6xmq7
RUA ANTONIA ALEXANDRINA BENTES,6xmqs
RUA ANTONIA ALVES,6xmqd
RUA ANTONIA DUARTE,6xm
RUA ANTONINA DO NORTE,6xmqs4 6xmqs5
RUA ANTONIO AMORIM,6xmqg3 6xmqg9
RUA ANTONIO BITTENCOURT,6xmq
RUA ANTONIO BRAGA,6xm
RUA ANTONIO CALADO,6xmq3
RUA ANTONIO CARLOS MUSSUM,6xmq6r
RUA ANTONIO DE CASTILHO,6xmqk
RUA ANTONIO FARIAS,6xmq4
RUA ANTONIO FERREIRA,6xmq9
RUA ANTONIO JOSÉ SARAIVA,6xmq3 6xmq35
RUA ANTONIO JURE,6xmqdv 6xmqdy
RUA ANTONIO LANDI,6xmqg2 6xmqg3
RUA ANTONIO LISBOA,6xmq
RUA ANTONIO LUIZ PEREIRA,6xmq3 6xmq37
RUA ANTONIO MARCOS,6xmq
RUA ANTONIO MATIAS,6xmqe 6xmqeb 6xmqec
RUA ANTONIO MOREIRA,6xmqe
RUA ANTONIO NOGUEIRA,6xmqfc
RUA ANTONIO PAZ,6xmqf
RUA ANTONIO SIMÕES,6xmq7
RUA ANTONIO SOARES,6xmq9
RUA ANTONIO VAN DIK,6xmq39
RUA ANTUNES MACIEL,6xmqe
RUA ANTÍGUA,6xmqg
RUA ANTÍSTHENES PINTO,6xmqc
RUA ANTÔNIA CARNEIRO,6xmqg1 6xmqg4 6xmqg5
RUA ANTÔNIA DALVA,6xmq3q
RUA ANTÔNIO ADORNO,6xmq7
RUA ANTÔNIO ALEIXO,6xmq
RUA ANTÔNIO AZAMBUJA,6xmqeg
RUA ANTÔNIO BOTO,6xmq3
RUA ANTÔNIO DE ANDRADE SIMÕES,6xmq7
RUA ANTÔNIO DE SUCRE,6xmq7
RUA ANTÔNIO DUARTE AREOSA,6xmq6r
RUA ANTÔNIO FIGUEIREDO,6xmq3q 6xmq3r
RUA ANTÔNIO GARGANTA,6xmq6
RUA ANTÔNIO GREGORIO,6xmq4e 6xmq4s
RUA ANTÔNIO JOSÉ DA SILVA,6xmq3
RUA ANTÔNIO LACERDA,6xmq4e 6xmq4s
RUA ANTÔNIO LEÃO,6xmqe 6xmqez
RUA ANTÔNIO LOBO SOBRINHO,6xmq3 6xmq3w
RUA ANTÔNIO MAIA,6xmq7
RUA ANTÔNIO MOTA,6xmq7
RUA ANTÔNIO NOBRE,6xmq7
RUA ANTÔNIO PASSOS DE MIRANDA,6xmq68 6xmq69
RUA ANTÔNIO PLÁCIDO,6xmq9f
RUA ANTÔNIO R. DA SILVA,6xmq69
RUA ANTÔNIO R. TAVARES,6xmq3 6xmq3w
RUA ANTÔNIO REIS,6xmq9f
RUA ANTÔNIO ROCHA,6xmq
RUA ANTÚRIO AMARELO,6xmq9g
RUA ANTÚRIO CRISTALINO,6xmq9 6xmq9e 6xmq9g
RUA ANUM BRANCO,6xmqgc
RUA ANUM DA SERRA,6xmqgc
RUA ANUM DOURADO,6xmqgb 6xmqgc
RUA ANUÁ,6xmqu
RUA ANÁLIA,6xmq3
RUA ANÚBIS,6xmqs
RUA APAPA,6xmqs
RUA APARECIDA,6xm
RUA APARECIDA DO NORTE,6xmqf
RUA APARECIDO MARCONATO,6xmqc
RUA APIAL,6xmqdy 6xmqdz
RUA APIMBARE,6xmqf 6xmqff
RUA APIXANAS,6xmqf
RUA APLISIA,6xmqf
RUA APODI,6xmqf
RUA APOEMA,6xmqf
RUA APORÉ,6xmqdy
RUA APUAÚ,6xmq
RUA APUCARANA,6xmqf
RUA APUI,6xmqd
RUA APUIUNA,6xm 6xmqf
RUA APURACANA,6xmqdx 6xmqdy 6xmqdz
RUA APURIMAC,6xmq4x
RUA APURINA COLONY,6xmqf 6xmqf9 6xmqfe
RUA APURINÃ,6xmq4p 6xmq60 6xmqs5
RUA APURUI,6xm
RUA APYNAÉ,6xm
RUA APÓSTOLO ANDRÉ,6xmqfv
RUA APÓSTOLO BARTOLOMEU,6xmqfv
RUA APÓSTOLO FELIPE,6xmqfv
RUA APÓSTOLO JOÃO,6xmq3q 6xmq3r
RUA APÓSTOLO MATEUS,6xmqfv
RUA APÓSTOLO MATIAS,6xmqfv
RUA APÓSTOLO PAULO,6xmqc
RUA APÓSTOLO PEDRO,6xmqfv
RUA APÓSTOLO TIAGO,6xmqfu 6xmqfv
RUA APÓSTOLO TOMÉ,6xmqfv
RUA AQUIBI,6xmqg
RUA AQUILINO RIBEIRO,6xmq3
RUA ARABES,6xmq4s
RUA ARABUTÃ,6xmqg 6xmqg9
RUA ARACATI - CJ MUNDO NOVO,6xmqdw 6xmqdx 6xmqdy
RUA ARACATIMBÓ,6xmqgc
RUA ARACATU,6xmqdx 6xmqdz
RUA ARACI,6xmqfc
RUA ARACI DE ALMEIDA,6xmqeu
RUA ARACU,6xmqs
RUA ARACUAS,6xmqgb 6xmqgc
RUA ARACUÃ,6xmqc
RUA ARACUÇ,6xmqc
RUA ARACÉ,6xmqf9
RUA ARAGARÇAS,6xmqf9
RUA ARAGUACEMA,6xmqs 6xmqs4
RUA ARAGUARI,6xmq9e
RUA ARAGUATINS,6xmqec
RUA ARAMARI,6xmqf9
RUA ARAMAÇA,6xmqs
RUA ARAMITA,6xmqdw 6xmqdy
RUA ARANA,6xmqsr
RUA ARANGÁ,6xmqf9
RUA ARANTINA,6xmq3
RUA ARAPAPÁ,6xm
RUA ARAPARA,6xmq
RUA ARAPARI,6xmqdz
RUA ARAPAÇU,6xmqdw
RUA ARAPIÁ,6xmq9g
RUA ARAPONGA,6xmqgc
RUA ARAPORANGA,6xm
RUA ARAPUÁ,6xmqf9
RUA ARARA,6xmqgg
RUA ARARA AZUL,6xm
RUA ARARA CANINDÉ,6xmqs
RUA ARARA MACAU,6xmqg
RUA ARARA PIRANGA,6xm
RUA ARARA VERDE,6xmqgb 6xmqgc
RUA ARARA-AZUL,6xmqg 6xmqgg 6xmqu
RUA ARARA-VERMELHA,6xmqf
RUA ARARABÓIA,6xm
RUA ARARACRUZ,6xmqfc
RUA ARARAJUBA,6xmqfb 6xmqfc
RUA ARARANGUA,6xmqf9
RUA ARARAQUARA,6xmqf9
RUA ARARAS AZUIS,6xmq 6xmq3
RUA ARARAÇU,6xmqgb
RUA ARARI,6xmqf9
RUA ARARIBA,6xmqf
RUA ARARIDE,6xmq
RUA ARARIPE JUNIOR,6xmqc
RUA ARARIPINA,6xmqu
RUA ARARUANA,6xmqu
RUA ARATIBA,6xmqe
RUA ARATICUM,6xmqdy
RUA ARATINGA,6xmqf
RUA ARATITUBA,6xmqs4 6xmqs5
RUA ARATUBA,6xmqs
RUA ARATUÁ GRANDE,6xm
RUA ARAURE,6xmqgf
RUA ARAWETÉ,6xm
RUA ARAXÁ,6xmqd
RUA ARAÇA,6xm
RUA ARAÇA DA PRAIA,6xmqfs 6xmqfu
RUA ARAÇAI,6xmqd
RUA ARAÇARANA,6xmqg
RUA ARAÇAZEIRO,6xmqfg
RUA ARAÚJO AMAZONAS,6xmq6
RUA ARAÚJO FILHO,6xmq68
RUA ARAÚJO LIMA,6xmqey 6xmqez
RUA ARAÚJO MOURA,6xmq3
RUA ARCA DA ALIANÇA,6xmqf 6xmqf2 6xmqf8
RUA ARDÓSIA,6xmqee 6xmqes
RUA AREA PARTICULAR,6xmqc 6xmqf
RUA AREAL SOUTO,6xmqc
RUA AREALVA,6xmqe 6xmqed
RUA ARECA-BAMBU,6xmqs 6xmqsj
RUA AREIA BRANCA,6xmq6
RUA ARENITO,6xmqsj
RUA ARGEL,6xmqg
RUA ARGENTINA,6xmqd 6xmqdt 6xmqdw
RUA ARGENTITA,6xmqeg
RUA ARGONAUTA,6xmqk
RUA ARGUERITA,6xmq3x 6xmq3z
RUA ARIAU,6xmqu
RUA ARIAÚ,6xmqu
RUA ARICURI,6xmqg
RUA ARIDUANÃ,6xmqd
RUA ARIEL,6xm
RUA ARINAYÊ,6xmqdw 6xmqdy
RUA ARINÁ,6xmqg
RUA ARIPUANÃ,6xmqf 6xmqf9
RUA ARIRAMBA,6xmqs
RUA ARIRAMBA VERDE,6xmqgc
RUA ARISTIDES MAVIGNER,6xmq4
RUA ARISTIDES PIERRE,6xmq6e 6xmq6g
RUA ARISTIDES ROCHA,6xmq69 6xmq6b 6xmq6c
RUA ARISTOFANO ANTONY,6xmq4z 6xmq68 6xmq6b
RUA ARISTOTELES,6xmqfu 6xmqg
RUA ARISTOTELES BONFIM,6xmq6g
RUA ARISTÉIA DE ARAÚJO,6xmqfc
RUA ARIZONA,6xmq4
RUA ARLETE ORTIZ,6xm
RUA ARMANDO BARBUDA,6xmq4s
RUA ARMANDO BOBUS,6xmqs 6xmqsr
RUA ARMANDO CONDE,6xmqf 6xmqf8 6xmqf9
RUA ARMANDO CUNHA,6xmq3 6xmq37
RUA ARMANDO DE BARRETO,6xmq4
RUA ARMANDO FONTES,6xmq3 6xmq36 6xmq37
RUA ARMANDO MENDES,6xmq7 6xmqk
RUA ARMELIM GUIMARÃES,6xmqc
RUA ARMINDA DA SILVA PAZ,6xmq7
RUA ARMINO R. DA FONSECA,6xmq7
RUA ARMÊNIA,6xmqc
RUA ARNALDO GAMA,6xmq3b
RUA ARNICA,6xmqu
RUA ARNOLDO CARPINTEIRO PERES,6xmq6c 6xmq6f
RUA AROEIRANA,6xmqf
RUA AROEIRAS,6xmqfc
RUA AROLCA,6xmqc
RUA ARPOADOR,6xmq6
RUA ARQ. ANGÉLICA CRUZ,6xmq6
RUA ARQUIMEDES,6xmq4e
RUA ARQUITETO RENATO BRAGA,6xmqd
RUA ARRAIAL DO CABO,6xmqu
RUA ARRAIAS,6xmqk
RUA ARROIO DO TIGRE,6xmqeb 6xmqec
RUA ARROIO GRANDE,6xmqec
RUA ARRUDA,6xmqu
RUA ARSENURA,6xmqs
RUA ARTHUR CRUZ,6xmq69
RUA ARTHUR DE SOUZA,6xmqf 6xmqf2 6xmqf8
RUA ARTHUR REIS,6xmq38 6xmq39
RUA ARTUR AZEVÊDO,6xmq3
RUA ARTUR BERNARDES,6xmq3 6xmq6
RUA ARUAK,6xmqf
RUA ARUANA,6xmqs
RUA ARUANDA,6xm
RUA ARUANÃ,6xmq
RUA ARUAQUES,6xm
RUA ARUBA,6xmq8
RUA ARUMARANA,6xm
RUA ARUMÃ,6xmqf
RUA ARUÃ,6xmqu
RUA ARY BRANDÃO DE OLIVEIRA,6xmq3 6xmq39 6xmq3d
RUA ARÁBIA,6xmqg
RUA ARÁBIA SAUDITA,6xmqg
RUA ASA BRANCA,6xmqc
RUA ASA DELTA,6xmq
RUA ASCÂNIO LOPES,6xmqu
RUA ASHAS JUNIOR,6xmqe 6xmqen
RUA ASMARÁ,6xmqf 6xmqg
RUA ASSARI,6xmqdy 6xmqdz 6xmqe
RUA ASSARÉ,6xmqf 6xmqfe
RUA ASSIS BRASIL,6xmq3
RUA ASSUNÇÃO.,6xmq9
RUA ASSURIM,6xmqgg
RUA ASSUÃ,6xmqsj
RUA ASSÍRIO OLIVEIRA MARQUES,6xmq3
RUA ASTÚRIAS,6xmqg
RUA ASURINI,6xmqf
RUA ATACUARI,6xmqf
RUA ATAGAMITA,6xmq6e
RUA ATALAIA,6xmqe 6xmqen
RUA ATALAIA DA TURQUIA,6xmqg
RUA ATAULFO ALVES,6xmq
RUA ATAULFO DE PAIVA,6xmqd
RUA ATENAS,6xmq9
RUA ATERRO DO 40,6xmq4t
RUA ATIBAIA,6xmqdy 6xmqen
RUA ATICUM,6xmqfb
RUA ATINEU AMAZONENSE,6xmqef 6xmqeg
RUA ATLÂNTICA,6xmqu
RUA ATUALPA PONTES,6xm
RUA AUGIAS GADELHA,6xmq6g
RUA AUGITA,6xmqeg
RUA AUGUSTA LOPES,6xmq9
RUA AUGUSTINO BESSA,6xmqg3
RUA AUGUSTO CARNEIRO,6xmq3z 6xmq9
RUA AUGUSTO DE LIMA,6xmq3 6xmq35 6xmq37
RUA AUGUSTO DE VILLEROY,6xmqe
RUA AUGUSTO DOS ANJOS,6xmq7
RUA AUGUSTO FERNANDES,6xmq7
RUA AUGUSTO MEYER,6xmq3
RUA AUGUSTO SCHIMIDT,6xmq7
RUA AUGUSTO VANUCCI,6xmq9
RUA AUIXI,6xmqfu
RUA AURELIANO LESSA,6xmqc
RUA AURISTELA NOGUEIRA,6xmqen
RUA AURORA,6xmqd
RUA AURÉLIO BUARQUE,6xmq9
RUA AURÉLIO DE HOLANDA,6xmq3
RUA AURÉLIO DE LIRA,6xmqdx
RUA AURÉLIO PINHEIRO,6xmqez
RUA AUSTIM,6xmqg5
RUA AUSTRAL,6xmq3
RUA AUSTRÁLIA,6xmqdt
RUA AUTAZ MIRIM,6xmqeu
RUA AUTAZES CD. EPHIGENIO SALLES,6xmq6
RUA AUTON FURTADO JR.,6xmq4y 6xmq4z
RUA AUXILIADORA CHAVES,6xmqd
RUA AUXILIADORA SEFAIR,6xmqc
RUA AVALON,6xmq3q
RUA AVARE,6xmqf
RUA AVARIS,6xmqs
RUA AVARÉ,6xmqen
RUA AVAÍ,6xmq3q
RUA AVE DO PARAÍSO,6xmq7
RUA AVEIRO,6xmqg
RUA AVEIROS,6xmq3q
RUA AVELINO DA ROCHA,6xmqd
RUA AVELINO MAGALHAES,6xmqs 6xmqsj
RUA AVELINO PEREIRA,6xmqes 6xmqet
RUA AVENCA,6xmqf
RUA AVENCA-JAPONESA,6xmqg
RUA AVENIDA A,6xm
RUA AVOANTE,6xmqs 6xmqs7
RUA AVOEIRAS,6xmq9
RUA AXINIM,6xmqu
RUA AYACUCHO,6xmq3b
RUA AYMORÉ,6xmqd
RUA AYRES DA CRUZ,6xm
RUA AYRES DE ALMEIDA,6xmq4 6xmq4t 6xmq4x 6xmq6 6xmq69
RUA AYRTON SENNA,6xmq7
RUA AYRÃO,6xmq3b 6xmq60
RUA AZALÉIA,6xmq 6xmqs
RUA AZALÉIA COREANA,6xmqg
RUA AZALÉIA VERMELHA,6xmqu
RUA AZEVEDO MARQUES,6xmqe
RUA AZUMARA,6xmqdy
RUA AZURITA,6xmqen 6xmqs5
RUA Acre,6xmqc
RUA AÇAIRANA,6xmqe
RUA AÇAPUVA,6xmqfu 6xmqfv
RUA AÇAÍ,6xmq 6xmqes 6xmqet
RUA AÇUCENA D'ÁGUA,6xmqs6
RUA AÇUCENA DO MATO,6xmqs6
RUA AÇUCENA VINHO,6xmqg
RUA AÇUCENA-DO-BREJO,6xmqg
RUA B,6xm 6xmq6 6xmq6g 6xmq6r 6xmq8 6xmqd 6xmqdt
RUA B (RES. LYON),6xmq8
RUA B - NRI PONTA NEGRA,6xmq8
RUA B - RES. TAPAJOS,6xmqf
RUA B 1,6xmqe
RUA B CD. EPHIGENIO SALLES,6xmq6
RUA B JD PAULISTA,6xmq6e
RUA B VIVENDA VERDE,6xm
RUA B- VILA BURITI,6xmq
RUA B-1 CONJ BAIRRO NOVO,6xmqs
RUA BABAÇU,6xmq7
RUA BABILÔNIA,6xmqc
RUA BABOSA,6xmqsr
RUA BABOSA BRANCA,6xmqg
RUA BACABA,6xm 6xmqf
RUA BACABAU,6xmqen
RUA BACARÉ,6xmq6d 6xmq6e
RUA BACURAU,6xmqf
RUA BADAJÓS,6xmqd
RUA BAGDÁ,6xmq9
RUA BAGUAÇU,6xmqfs 6xmqfu
RUA BAGÉ,6xmq9 6xmq9e
RUA BAHIA,6xmqd
RUA BAIA DE BAFFIN,6xmqs 6xmqs3 6xmqs4
RUA BAIA DE HUDSON,6xmqs 6xmqs3
RUA BAIA DE MANILA,6xmqg5
RUA BAIA DE MARAJÓ,6xmqs
RUA BAIA DE SÃO MARCOS,6xmqs 6xmqs4
RUA BAIA DE TODOS OS SANTOS,6xmqs
RUA BAIA DO GUAJARA,6xmqs
RUA BAIRIKI,6xmqg
RUA BALATA,6xmq7
RUA BALBI CARREIRA,6xmq9
RUA BALBINA CARNEIRO,6xmq7
RUA BALBINA LEMOS,6xmqd
RUA BALBINA MESTRINHO,6xm
RUA BALEARES,6xmqg
RUA BALEIA,6xmqs
RUA BALSAMO,6xmqk
RUA BALSAS,6xmqen
RUA BALTAZAR DA ROCHA,6xmqe
RUA BALTIMORE,6xmqg
RUA BAMBU,6xmqf
RUA BAMBU-DOURADO,6xmqg
RUA BAMBUZINHO,6xmqs
RUA BANANAL,6xmq 6xmq7
RUA BANDEIRA BRANCA,6xmq 6xmq4
RUA BANDEIRANTES,6xmqfc
RUA BANGLADESH,6xmqg
RUA BANGU,6xmq6f
RUA BANGUI,6xmqg
RUA BANHO DE CHEIRO,6xmq4
RUA BANIWA,6xmqf
RUA BANJO,6xmqgg
RUA BARAO DE ABIAI,6xmqd
RUA BARAO DE CAÇAPAVA,6xmqd
RUA BARAO DE LORETO,6xmqd 6xmqdt
RUA BARAO DE MAUA,6xmqd
RUA BARAO DE PARIMA,6xmqdv
RUA BARAO DO RIO BRANCO,6xmq3 6xmq3c
RUA BARAO DO RIO NEGRO,6xmqd 6xmqdv
RUA BARAROÁ,6xmqe 6xmqen
RUA BARARUA,6xmq6f
RUA BARBACENA,6xmqc
RUA BARBOSA FILHO,6xmqg3
RUA BARBOSA MACHADO,6xmqg3 6xmqg9
RUA BARBOSA RODRIGUES,6xmq6d
RUA BARCARENA,6xmqs4 6xmqs5
RUA BARCELONA,6xmqg
RUA BARCELOS,6xmq3b 6xmq60
RUA BAREIN,6xmqg
RUA BARRA BONITA,6xmq4
RUA BARRA BRANCA,6xmqe
RUA BARRA DAS GARÇAS,6xmqs5
RUA BARRA DE GUARAIBA,6xmqs4
RUA BARRA DE SÃO MIGUEL,6xmqs 6xmqs3
RUA BARRA DO BUGRE,6xmqs4 6xmqs5
RUA BARRA DO OURO,6xmq3q
RUA BARRA MANSA,6xmqu
RUA BARRALÂNDIA,6xm
RUA BARREIRINHA,6xmqe 6xmqec 6xmqef
RUA BARRETO FILHO,6xmqu
RUA BARRINHA,6xmqe
RUA BARRO AMARELO,6xmqe
RUA BARROSO,6xmq4
RUA BARTOLOMEU B. DA SILVA,6xmq3 6xmq3w
RUA BARTOLOMEU COLLEONI,6xmq6
RUA BARTOLOMEU GUIMARÃES,6xmq6b 6xmq7
RUA BARTÔNIA,6xmqec
RUA BARU,6xmqs
RUA BARUERI,6xmqg4
RUA BARÃO ANAJATUBA,6xmqd
RUA BARÃO DA URUGUAIANA,6xmqd
RUA BARÃO DAS LARANJEIRAS,6xmqd
RUA BARÃO DE ALAGOAS,6xmqd
RUA BARÃO DE BOA ESPERANÇA,6xmqe
RUA BARÃO DE CAPANEMA,6xmqdv
RUA BARÃO DE INDAIÁ,6xmqd
RUA BARÃO DE ITAMARACÁ,6xmqd
RUA BARÃO DE JACEGUAI,6xmqd 6xmqe
RUA BARÃO DE JUCUI,6xmqd
RUA BARÃO DE JURUÁ,6xmqd
RUA BARÃO DE LADÁRIO,6xmq6
RUA BARÃO DE LUCENA,6xmqd
RUA BARÃO DE MANAUS,6xmqd
RUA BARÃO DE MARACAJU,6xmq68 6xmq69
RUA BARÃO DE MONTE ALTO,6xmqd 6xmqdt
RUA BARÃO DE PALMARES,6xmqd
RUA BARÃO DE PARANAPIACABA,6xmqdt 6xmqdv 6xmqe
RUA BARÃO DE PARANGABA,6xmqdt 6xmqdv
RUA BARÃO DE SANTO ÂNGELO,6xmqd
RUA BARÃO DE SOLIMÕES,6xmqd
RUA BARÃO DE SURUI,6xmqd 6xmqdt 6xmqdv 6xmqe
RUA BARÃO DE SÃO DOMINGOS,6xmq4
RUA BARÃO DE TAGUARI,6xmqd
RUA BARÃO DO AMAZONAS,6xmqd
RUA BARÃO DO AÇÚ,6xmqd 6xmqdt
RUA BARÃO DO COCAIS,6xmqd
RUA BARÃO DO RIO BRANCO,6xmqd 6xmqe
RUA BARÃO DOMINGOS BACELAR,6xmqd
RUA BASILICATA,6xmq6 6xmq60
RUA BASÍLIO DA COSTA,6xmq 6xmq3b 6xmq60
RUA BASÍLIO DA GAMA,6xmq7
RUA BATALHA DE OLIVEIRA,6xmqd
RUA BATRUN,6xmqeg 6xmqs4 6xmqs5
RUA BATURITÉ,6xmqe
RUA BAUNILHA,6xmqc
RUA BAURIM,6xmqu
RUA BAURU,6xmqs
RUA BAUXITA,6xmqsh 6xmqsj
RUA BAVIERA,6xmqu
RUA BEATRIZ,6xmqs5
RUA BEATRIZ PORTINARI,6xmq4z 6xmq6b 6xmq6c
RUA BEGÔNIA-REAL,6xmqg
RUA BEIJA FLOR,6xmq6g
RUA BEIJA FLOR VERMELHO,6xmqc
RUA BEIJA-FLOR,6xmqd
RUA BEIRA ALTA,6xmq
RUA BEIRA RIO,6xm 6xmq 6xmq6r 6xmqd
RUA BEIRA RIO 1,6xmq
RUA BEIRAMAR,6xmq
RUA BEIRUTE,6xmq9
RUA BELA VISTA,6xm 6xmq 6xmqf 6xmqs7
RUA BELADONA,6xmqc
RUA BELARMINO G. DE ALBUQUERQUE,6xmqd
RUA BELARUS,6xmqg
RUA BELCHIOR DE MORAES,6xmq3
RUA BELEM,6xmqs 6xmqs7
RUA BELFORD ROXO,6xmqs 6xmqu
RUA BELGRADO,6xmq9
RUA BELIZE,6xmqg
RUA BELMIRO COSTA,6xmqfs
RUA BELMIRO DE ALMEIDA,6xmq35
RUA BELMONTE,6xmq9
RUA BELO HORIZONTE,6xmq6 6xmq6d 6xmq6e
RUA BELTERRA,6xmq3
RUA BELÉM,6xmq6 6xmq68
RUA BELÉM DE JUDÉIA,6xmqf
RUA BEM-TI-VI,6xm 6xmqfg
RUA BENAYON,6xmq35 6xmq37
RUA BENEDITO ALENCAR,6xmq9
RUA BENEDITO RAMOS,6xm
RUA BENEDITO VALDARES,6xmqe
RUA BENEVIDES,6xmq3 6xmq3q
RUA BENIN,6xmqg
RUA BENJAMIM,6xmqg
RUA BENJAMIM CORDEIRO,6xmqd
RUA BENJAMIM FRANKLIM,6xmqgb
RUA BENJAMIN BENCHIMOL,6xmq7 6xmqe
RUA BENJAMIN CONSTANT,6xmq68 6xmq69 6xmq6c 6xmq6f
RUA BENJAMIN COSTALLAT,6xmq3 6xmq37
RUA BENJAMIN FARAH,6xmqd
RUA BENJAMIN FERNANDEZ,6xmqg3
RUA BENJAMIN SILVA,6xmq
RUA BENJAMIN VARGAS,6xmqe
RUA BENJOIN,6xm
RUA BENTIVO,6xmqu
RUA BENTO BRASIL,6xmq4x 6xmq68 6xmq6b
RUA BENTO DE SÁ,6xmqdx
RUA BENTO FERNANDES,6xmqs4 6xmqs5
RUA BENTO FIGUEIREDO,6xmq6
RUA BENTO MACIEL,6xmq6
RUA BENTO TEXEIRA,6xmq7
RUA BENTONITA,6xmqev 6xmqsj
RUA BENVENUTO CELLINI,6xmq4x 6xmq4z
RUA BERGAMO,6xmqg
RUA BERGAMOTA,6xmqc
RUA BERGAMOTEIRA,6xmqc
RUA BERGENIAS,6xmq9
RUA BERICO,6xmqs
RUA BERILONITA,6xmqef 6xmqeg 6xmqs4
RUA BERIMBAU,6xmqf
RUA BERIMBAU BAIANO,6xmqeb
RUA BERLIM,6xmq9
RUA BERMUDAS,6xmqc
RUA BERNA,6xmq9
RUA BERNACÁ,6xmq9
RUA BERNARDINO RIBEIRO,6xmqgb
RUA BERNARDO DE VASCONCELOS,6xmq37
RUA BERNARDO GUIMARAES,6xmqc
RUA BERNARDO MICHILES,6xmq6f 6xmq6g
RUA BERNARDO RAMOS,6xmq 6xmq4
RUA BERQUÉLIO,6xmq3d
RUA BERTINO MIRANDA,6xmq4 6xmq4e
RUA BERTIOGA,6xmqe
RUA BERTÓPOLIS,6xmqe
RUA BERURI,6xmq6
RUA BERÍLIO,6xmqeg 6xmqs5
RUA BETA,6xmq3
RUA BETEL,6xmq4
RUA BETINHO,6xmqfu
RUA BETTE DAVIS,6xmq4 6xmq4e
RUA BETUMIRIM,6xmqe
RUA BETÂNIA,6xmq4 6xmq4t
RUA BIANOR GARCIA,6xmqem
RUA BIAS FORTES,6xmqg 6xmqg9
RUA BIBLOS,6xmqg
RUA BICUÍBA,6xmqet 6xmqeu
RUA BIGUAÇU,6xmqeg
RUA BILBÃO,6xmqe 6xmqer
RUA BILLIE HOLIDAY,6xmq6
RUA BIRIBA,6xmqu
RUA BIRIBÁ,6xmqf
RUA BIRITININGA,6xmqs5 6xmqs7
RUA BISNAGUEIRA,6xmqc
RUA BISPO DE HEBRON,6xmq9
RUA BISPO DE PRAGA,6xmq9
RUA BIZÂNCIO,6xmq9
RUA BLENDA,6xmq
RUA BOA ESPERANCA,6xmq4y 6xmq4z 6xmq9g
RUA BOA VENTURA,6xmqe
RUA BOA VIDA,6xmq6 6xmq7 6xmq7j
RUA BOA VISTA,6xmq
RUA BOA VISTA DE APARECIDA,6xmqs5
RUA BOA VISTA DO TUPIM,6xmqs5
RUA BOACHA,6xmqe
RUA BOARY,6xmqs
RUA BOAS NOVAS,6xmqfu 6xmqfv
RUA BOB FOSSE,6xmq6
RUA BOCA DE LEÃO,6xmqu
RUA BOCA DO ACRE,6xmq6
RUA BODOCÓ,6xmqey
RUA BOGARI,6xmqu
RUA BOGOTÁ,6xmq9
RUA BOIPEVA,6xmqk
RUA BOITITA,6xmqgb
RUA BOLDO,6xmqs
RUA BOLONIA,6xm 6xmqc
RUA BOLÍVIA,6xmq6
RUA BOM INTENTO,6xmqs 6xmqs4
RUA BOM JESUS,6xmq7 6xmq9
RUA BOM JESUS DA LAPA,6xmqs5
RUA BOM PASTOR,6xm 6xmqd 6xmqf2
RUA BOM RETIRO,6xmqs4
RUA BOM SAMARITANO,6xmq7 6xmq7y
RUA BOM SUCESSO,6xmq6e
RUA BOMBAIM,6xmqg
RUA BOMBEAMENTO,6xmq3
RUA BONANZA,6xmqe 6xmqen
RUA BONANÇA,6xmq
RUA BONFIM,6xmqfc
RUA BONGA,6xmqs
RUA BONINAS,6xmqe 6xmqey 6xmqez
RUA BONN,6xmq9
RUA BONS AMIGOS,6xmq6 6xmq6e 6xmq6g 6xmqc
RUA BONSAI,6xm
RUA BOQUEIRÃO,6xmqg 6xmqgb
RUA BORACÉIA,6xmqez
RUA BORARIS,6xmqfc
RUA BORGES DE CASTRO,6xmq6
RUA BOSCO CAVALCANTI,6xmqd
RUA BOSTON,6xmqu
RUA BOTAFOGO,6xmq
RUA BOTELHO DE MAGALHÃES,6xmqf2 6xmqf8
RUA BOTELHO DE OLIVEIRA,6xmqfu
RUA BOTO,6xmqs
RUA BOTO TUCUXI,6xmqs
RUA BOTSUANA,6xmqg
RUA BOTUROBI,6xmqe
RUA BRAGANEY,6xmq7
RUA BRAGANTINA,6xmqe 6xmqer 6xmqet
RUA BRAGANÇA,6xmq3
RUA BRANCO E SILVA,6xmqc
RUA BRANDÃO DE AMORIM,6xmqe 6xmqem
RUA BRANQUINHA,6xmqsr
RUA BRASIL,6xmq4 6xmq4s 6xmqf
RUA BRASIL HAVEA,6xmqd
RUA BRASILIA,6xmq3c
RUA BRASILÉIA,6xmqe
RUA BRASÍLIA,6xmq6
RUA BRAÚNA,6xmq
RUA BREJINHOS,6xmqfe
RUA BREJO VELHO,6xmqg 6xmqgg
RUA BREJOLÂNDIA,6xmqer
RUA BRENDA,6xmqf9
RUA BREVES,6xmqf
RUA BRIGRADEIRO JOÃO CAMARÃO,6xmq3
RUA BRILHO DO SOL,6xmqg
RUA BRISAS DO NORTE,6xmq3
RUA BRITÂNIA,6xmq6f
RUA BROMÉLIA,6xmq9
RUA BRONZE,6xmqu
RUA BRUNO WALTER,6xmq6
RUA BRUSQUE,6xmqg4
RUA BRUXELAS,6xmq9
RUA BUCARESTE,6xmq9
RUA BUDAPESTE,6xmqg
RUA BUENOS AIRES,6xmq9
RUA BUIGANA,6xmqg 6xmqg1 6xmqg2
RUA BURITI,6xm 6xmq 6xmq6r 6xmqf 6xmqfu
RUA BURITI MIRIM,6xm
RUA BURITIRAMA,6xmq9 6xmq9f
RUA BURITIZAL,6xmqfu 6xmqfv
RUA BURKINA,6xmqg
RUA BURRIÉ,6xmqk
RUA BÁRIO,6xmqgc
RUA BÉLGICA,6xmqd
RUA BÉTULA,6xmqgg 6xmqu
RUA BÓSNIA,6xmqg
RUA BÚZIOS,6xmqk
RUA C,6xmq6f 6xmq6g 6xmqd 6xmqdt 6xmqef
RUA C - NRI PONTA NEGRA,6xmq8
RUA C 2,6xmq6
RUA C 6,6xmq6
RUA C CJ ARISTOCRATICO,6xmq3
RUA C COND VILA RICA,6xmq6
RUA C JC PAULISTA,6xmq6e
RUA C SHANGRILA I,6xmqd
RUA C VIVENDA VERDE,6xm
RUA C ZERO,6xmqe
RUA C- VILA BURITI,6xmq
RUA C-05,6xmq6
RUA C10,6xmq7
RUA CAAPI,6xmqs
RUA CAAPIRANGA,6xmq6
RUA CABEDELO,6xmq9e
RUA CABI,6xmqsr
RUA CABIXI,6xmq9 6xmq9g
RUA CABO BRANCO,6xmq6
RUA CABO JOSÉ AYRTON,6xmq36 6xmq3d
RUA CABO VERDE,6xmq
RUA CABORJA,6xmq
RUA CABRAL ROLIM,6xmq3 6xmq3z
RUA CABREÚVA,6xm
RUA CABROBO,6xmqe
RUA CABUL,6xmqg
RUA CABURI,6xmq
RUA CABUÇU,6xmqec 6xmqef 6xmqs 6xmqs4
RUA CACATUA,6xmqeb 6xmqs
RUA CACATUA ROSA,6xmqk
RUA CACAU PIRÊRA,6xmqeb 6xmqec 6xmqf
RUA CACAUEIRO,6xmqc
RUA CACHOEIRA,6xmqer
RUA CACHOEIRA DA ONÇA,6xmqe
RUA CACHOEIRA DA PRATA,6xmqs4 6xmqs5
RUA CACHOEIRA DAS ALMAS,6xm
RUA CACHOEIRA DE MACAU,6xmqu
RUA CACHOEIRA DE MINAS,6xmqs4
RUA CACHOEIRA DE SÃO GABRIEL,6xmqd 6xmqe
RUA CACHOEIRA DO ARARI,6xmqf
RUA CACHOEIRA DO NIÁGARA,6xmqe
RUA CACHOEIRA DO SANTUÁRIO,6xmqe
RUA CACHOEIRA DO SUL,6xmq7y
RUA CACHOEIRA DO URUBUÍ,6xmqe
RUA CACHOEIRA SANTA,6xmqc
RUA CACHOEIRAS,6xmqf
RUA CACILDA MELLO,6xmq9
RUA CACIQUE,6xmqfs
RUA CACTO,6xmqfe
RUA CADIZ,6xmqg
RUA CAETANA CANTISANI,6xmqe
RUA CAETANO ANDRADE,6xmq7
RUA CAETANO CABRAL,6xmq6
RUA CAETANO DA SILVA,6xmq6b 6xmq7
RUA CAETANO DONIZETTI,6xmq37
RUA CAETANO ESTELITA,6xmqer
RUA CAETANO FÉLIX,6xmqfc
RUA CAETITE,6xmqer
RUA CAETÉ,6xmqf9
RUA CAETÊ BAIANO,6xm
RUA CAETÊ-AMARELO,6xm
RUA CAFARNAUM,6xmqf
RUA CAFEEIRA,6xmqc
RUA CAIANA,6xmq3q 6xmq3r
RUA CAIAPÓ,6xmqed 6xmqee 6xmqes
RUA CAICARA,6xmq9g
RUA CAIENA,6xmq9
RUA CAIMITO,6xmqfu
RUA CAIN,6xm
RUA CAIO JÚLIO CÉSAR,6xmq6
RUA CAIO LASMAR,6xmq3
RUA CAIPO,6xmqf
RUA CAIRO,6xmq9
RUA CAIRÉ,6xmqes 6xmqeu
RUA CAISPIM CABRAL,6xmq3 6xmq3z
RUA CAITITE,6xmq3
RUA CAIÇARA,6xmqeg 6xmqs4 6xmqs5
RUA CAIÇARA DO NORTE,6xmqg7
RUA CAJARANA,6xmqe 6xmqg
RUA CAJAZEIRO,6xmqc
RUA CAJAÍBA,6xmq3
RUA CAJU,6xmqs
RUA CAJU LISO,6xmqf
RUA CAJUARANA,6xmq3
RUA CAJUEIROS,6xmqg7
RUA CAJUI,6xm
RUA CAJÁ MIRIM,6xmqc
RUA CALABRIA,6xmqeu 6xmqev
RUA CALADIO BRANCO,6xmq9
RUA CALAFATE,6xmqk
RUA CALCUTA,6xmqg5
RUA CALDAS BARBOSA,6xmqg3 6xmqg9
RUA CALI,6xmq9
RUA CALIANDRA,6xm
RUA CALIFORNIA,6xmq 6xmqs7
RUA CALIFÓRNIO,6xmq39 6xmq3d
RUA CALIXTO,6xmq7
RUA CALMO DO CAJURU,6xmqeg
RUA CALOI,6xmq7
RUA CALOPSITA,6xmqf
RUA CALÊNDULA,6xmqg 6xmqgf
RUA CAMAFEN,6xmq9
RUA CAMAIURA,6xmq9
RUA CAMAMU,6xmqer
RUA CAMANAUS,6xmq3z 6xmq6
RUA CAMANDUCAIA,6xmq4y 6xmq4z
RUA CAMAPUÃ,6xmqez
RUA CAMARAGIBE,6xmq9
RUA CAMARGOS,6xmq4y
RUA CAMARÃO,6xmqs
RUA CAMARÃO AMARELO,6xmq3
RUA CAMARÕES,6xmq8
RUA CAMAÇARI,6xmqer
RUA CAMBARÁ,6xmqe 6xmqez
RUA CAMBEBAS,6xmqg 6xmqg2
RUA CAMBERONEA,6xmqf
RUA CAMBIUÁ,6xmqs 6xmqsr
RUA CAMBIXE,6xmqeb 6xmqec
RUA CAMBRAIA,6xmqc
RUA CAMBUCI,6xmqg2
RUA CAMBUEIZEIRO,6xmqf
RUA CAMBUI,6xmqg2
RUA CAMBURIÚ,6xmqeb 6xmqec
RUA CAMERON,6xmqg
RUA CAMETÁ,6xmq3
RUA CAMILA MONTEIRO,6xmq6
RUA CAMILA RIBEIRO,6xmq6
RUA CAMILO CASTELO BRANCO,6xmq7
RUA CAMILO VASCONCELOS DIAS,6xmqew
RUA CAMOCIM,6xmqg 6xmqg2
RUA CAMOMILA,6xmqu
RUA CAMOURA,6xmqgg
RUA CAMPA,6xmqf 6xmqff
RUA CAMPECHE,6xmqg
RUA CAMPESTRE,6xmqg
RUA CAMPINA,6xmq9
RUA CAMPINA DE MOABE,6xmqgb
RUA CAMPINA GRANDE,6xmq3
RUA CAMPINA VERDE,6xmqd
RUA CAMPINAS,6xmq9 6xmq9e
RUA CAMPO DO CASTANHAL,6xmq3q 6xmq3r
RUA CAMPO DOURADO,6xmqg3 6xmqg6
RUA CAMPO GRANDE,6xmq6g
RUA CAMPO LARGO,6xmqc
RUA CAMPO LIMPO,6xmqey
RUA CAMPO REDONDO,6xmqg
RUA CAMPOS BRAVOS,6xmq9 6xmq9e
RUA CAMPOS DO JORDÃO,6xmq6g
RUA CAMPOS LINDOS,6xmq3q
RUA CAMPOS SALES,6xmq3w 6xmqf2 6xmqf8
RUA CAMPÂNULA,6xmqe 6xmqen
RUA CAMU CAMU,6xmqu
RUA CAMUCÉ,6xmqe
RUA CAMURAÍ,6xmqs
RUA CANADÁ,6xmqs4 6xmqs6
RUA CANALETTO,6xmqu
RUA CANAMARI,6xmqed
RUA CANANORE,6xmq6
RUA CANANÉIA,6xmqe 6xmqen 6xmqer 6xmqg2
RUA CANAPÓLIS,6xmqg2
RUA CANARINHO,6xm 6xmq7r 6xmqff 6xmqfg
RUA CANARIO,6xmq6g
RUA CANARUÃ,6xmq 6xmq3b
RUA CANARÁ,6xmq7y
RUA CANAUARI,6xmqd 6xmqdt 6xmqdw
RUA CANAÃ,6xmqe
RUA CANAÇARI,6xmq3 6xmq9
RUA CANDEIAS,6xm
RUA CANDEIAS DO JAMARI,6xm
RUA CANDELÁRIA,6xmq7
RUA CANELA,6xmqg2
RUA CANELA PARDA,6xmqfv
RUA CANELA-AMARELA,6xmqf
RUA CANGUÇU,6xmqg2
RUA CANINANA,6xmqs
RUA CANINDÉ,6xmqg2
RUA CANOAS,6xmqs
RUA CANOPUS,6xmq3
RUA CANTAGALO,6xmqg2
RUA CANTARELLI,6xmqg
RUA CANTORIA,6xmqf
RUA CANUARAMA,6xm
RUA CANUDEIRO,6xmqfv
RUA CANUDOS,6xmq3q
RUA CANUMA,6xmq6f
RUA CANUTAMA,6xmqem
RUA CANÁRIO,6xmqg
RUA CANÁRIO DA TERRA,6xmqg2 6xmqg3
RUA CANÁRIO DO BREJO,6xmqs
RUA CANÁRIO DO CAMPO,6xmqg9
RUA CANÓPOLIS,6xmqs 6xmqsj
RUA CAPANEMA,6xmq3
RUA CAPARARI,6xmqs
RUA CAPARÃO,6xm 6xmqf
RUA CAPELA,6xmqg2
RUA CAPIBARIBE,6xmqe
RUA CAPIM BRANCO,6xmqk
RUA CAPIM ESTRELA,6xmqc
RUA CAPIM GUINÉ,6xmq7
RUA CAPIM PALMA,6xmqk
RUA CAPIM SANTO,6xmqsr 6xmqu
RUA CAPINZAL,6xmqe
RUA CAPISTRANO DE ABREU,6xmq3
RUA CAPITINGA,6xm
RUA CAPITOLIO,6xmqe
RUA CAPITÃO ANTONIO COIMBRA,6xmqg3
RUA CAPITÃO BENTO COSTA,6xmqe
RUA CAPITÃO BRAULE PINTO,6xmqfc
RUA CAPITÃO BRÁS,6xmq36 6xmq3d
RUA CAPITÃO ENÉAS,6xmq7 6xmq7r
RUA CAPITÃO FRANCISCO FALCÃO,6xmqee
RUA CAPITÃO GUSTAVO MURGEL,6xmq7 6xmq7y
RUA CAPITÃO JOSÉ SIMÕES DE CARVALHO,6xmqdt 6xmqdv 6xmqdw 6xmqdy
RUA CAPITÃO LAMARCA,6xmq6c
RUA CAPITÃO LOURENÇO MELO,6xmqen
RUA CAPITÃO PEDRO C. FAVELA,6xmqe
RUA CAPITÃO POÇO,6xmqe 6xmqew
RUA CAPITÃO PROCÓPIO,6xmq7
RUA CAPIVARI,6xmqe
RUA CAPIXABA,6xmq
RUA CAPOEIRAMA,6xmq7r
RUA CAPOEIRAS,6xmqe
RUA CAPUNGA,6xmq9e
RUA CAPURAGUE,6xmq7 6xmq7r
RUA CAPUTIRA,6xm
RUA CAQUETÁ,6xmqg1 6xmqg3
RUA CAQUI,6xmqu
RUA CARA,6xm
RUA CARABUÇU,6xmqe
RUA CARACARAI,6xmqe 6xmqem
RUA CARACARÁ,6xm
RUA CARACAS,6xmq9
RUA CARACOL DO MAR,6xmqk
RUA CARAJURU,6xmqu
RUA CARAJÁ,6xmqfs
RUA CARAJÁS,6xmqe 6xmqem
RUA CARAMBEI,6xmqe 6xmqem
RUA CARAMBOLEIRA,6xmqc
RUA CARAMUJO MARINHO,6xmqk
RUA CARAMURU,6xmqe 6xmqem 6xmqet
RUA CARANA,6xm
RUA CARANDAI,6xmqe 6xmqem
RUA CARANDÁ,6xm
RUA CARANGUEJO,6xmqs
RUA CARAPARI,6xmqc
RUA CARAPIÁ,6xmqs 6xmqs4
RUA CARARA,6xmq
RUA CARATINGA,6xmqe
RUA CARAUARI,6xmqf 6xmqk 6xmqs
RUA CARAUAÇU,6xmqs
RUA CARAVAGGIO,6xmqg
RUA CARAVELAS,6xmqe
RUA CARAVELLE,6xmqc
RUA CARAZINHO,6xmqfb
RUA CARAÍBAS,6xmq9
RUA CARAÚNA,6xmqeu 6xmqev
RUA CARBONITA,6xmqd
RUA CARDEAL DA AMAZÔNIA,6xmqs
RUA CARDEAL DA SILVA,6xmqg2
RUA CARDINAL,6xmq
RUA CARDO SANTO,6xmqu
RUA CARDOSO NUNES,6xmq69 6xmq6d
RUA CAREACU,6xmqf
RUA CAREIRO,6xmqe 6xmqec
RUA CAREIRO CASTANHO,6xmqu
RUA CAREIRO DA VÁRZEA,6xmq6
RUA CARIBE,6xmqf
RUA CARIJO,6xmqf9
RUA CARIOPÓLIS,6xmqe
RUA CARIRI,6xmq3x 6xmq3z
RUA CARIRÉ,6xmqem
RUA CARLA TUPINAMBÁ,6xmq9
RUA CARLITO SILVA SANTOS,6xmq9
RUA CARLOS ALCÂNTARA,6xmqe
RUA CARLOS ARAÚJO,6xmq9
RUA CARLOS BAYMA,6xmq9
RUA CARLOS COUTINHO,6xmq9
RUA CARLOS DE LAET,6xmq3
RUA CARLOS DE OLIVEIRA,6xmq3r 6xmq9
RUA CARLOS DIAS,6xmq4y
RUA CARLOS DRUMMOND DE ANDRADE,6xmq7
RUA CARLOS FERNANDES,6xmq3 6xmq35
RUA CARLOS FILGUEIRAS,6xmq6b
RUA CARLOS FILLIPE,6xmqf
RUA CARLOS GALHARDO,6xmq
RUA CARLOS GOMES,6xmq6f
RUA CARLOS LACERDA,6xmq6
RUA CARLOS LEAL,6xmq
RUA CARLOS LECOR,6xmq6r
RUA CARLOS LEE,6xmqf2
RUA CARLOS LEE I,6xmqf2
RUA CARLOS MACAMBARIA,6xm
RUA CARLOS MAGNO,6xmqeg 6xmqeu
RUA CARLOS NELSON,6xmq7 6xmq7j
RUA CARLOS NUNES,6xmq4z
RUA CARLOS PACE,6xmq9
RUA CARLOS PRESTES,6xmq9
RUA CARLOS ROCHA,6xmq6g
RUA CARLOS S. DE MELO,6xmqem
RUA CARLOS VASQUES,6xmq6
RUA CARLOS VIEGAS,6xmqg3
RUA CARLOS ZEFIRO,6xmq9
RUA CARLOTA ARÉAS,6xmqe 6xmqem
RUA CARMELITA FERREIRA,6xmq4y
RUA CARMELO,6xmqgb 6xmqgc
RUA CARMEM COELHO PINTO,6xm
RUA CARMEM GUIMARÃES HAGGE,6xmqs
RUA CARMEN CAVALLERO,6xmq3z
RUA CARMEN MIRANDA,6xmq4
RUA CARMO DE MINAS,6xmqs4
RUA CARNAUBAL,6xmqfb
RUA CARNAUBEIRA,6xmqf
RUA CAROBA BRANCA,6xmqfe
RUA CAROEBE,6xmqs7
RUA CAROLINA DAS NEVES,6xmq
RUA CARPINTEIRO PERES JUNIOR,6xmq7
RUA CARQUEJA,6xm
RUA CARROSSEL,6xmqf
RUA CARTAGENA,6xmqg
RUA CARTOLA,6xmq 6xmqes 6xmqet 6xmqeu
RUA CARUANAS,6xmqe 6xmqg
RUA CARUBÁ,6xmqf 6xmqfv
RUA CARUCAÁ,6xmqu
RUA CARVALHO,6xmq6f 6xmqf 6xmqfs
RUA CARVALHO MOREIRA,6xmq3 6xmq3w
RUA CARVALHO PAES DE ANDRADE,6xmq6 6xmq69 6xmq6d
RUA CARVOEIRO,6xmq9
RUA CASABLANCA,6xmq7 6xmq7r
RUA CASCA PRECIOSA,6xmqu
RUA CASCALHEIRA,6xmq3 6xmq9
RUA CASCATA,6xmqem
RUA CASEMIRO DE ABREU,6xmq36
RUA CASIARINA,6xmqew 6xmqey
RUA CASSAVÁ,6xmq7
RUA CASSIA DOS COQUEIROS,6xmqs5
RUA CASSINA,6xmqe 6xmqem
RUA CASSIO DANTAS,6xmq6 6xmq6g
RUA CASSIOPEIA,6xmq3
RUA CASSITA,6xmqs 6xmqs7
RUA CASSITERITA,6xmqs5 6xmqsh
RUA CASTANHA,6xmqfb
RUA CASTANHAL,6xmq3
RUA CASTANHAL GRANDE,6xmqe
RUA CASTANHEDE,6xmqc
RUA CASTANHEIRA,6xmqf
RUA CASTANHO,6xmqe 6xmqed 6xmqef
RUA CASTANHOLA,6xm
RUA CASTELO,6xmqe 6xmqem
RUA CASTELO BRANCO,6xmq4e
RUA CASTILHO,6xmqem
RUA CASTILLOA,6xmqsr
RUA CASTRO,6xmqe 6xmqem
RUA CASTRO ALVES,6xmq3c 6xmq6 6xmq6d 6xmq6e
RUA CATALUNHA,6xmqf 6xmqg
RUA CATALÃO,6xmqe 6xmqem
RUA CATANDUVAS,6xmqd
RUA CATAR,6xmq
RUA CATARATAS DO IGUAÇU,6xmqe
RUA CATARINA,6xmqe 6xmqem
RUA CATARINA DE ARAGÃO,6xmq6f 6xmq7
RUA CATARUE,6xmqu
RUA CATATAU,6xmqs6
RUA CATAVENTO,6xmq9
RUA CATERANA,6xmqu
RUA CATETE,6xmqen
RUA CATIARA,6xmq3
RUA CATIGUA,6xmqem
RUA CATLÉIA,6xmq7
RUA CATULO DA PAIXÃO,6xmq7
RUA CATUPÉ,6xmq7
RUA CATUÁ,6xmq7 6xmq7j
RUA CATÂNIA,6xmqg
RUA CAUAÇU,6xmq7
RUA CAUCAIA,6xmq9 6xmq9e
RUA CAUIANA,6xmq7
RUA CAUIM,6xmq
RUA CAULIM,6xmqs4
RUA CAVALO MARINHO,6xmqk
RUA CAVAQUINHO,6xmqf
RUA CAVIANA,6xmq4x
RUA CAXIAS,6xmqem 6xmqs 6xmqs3
RUA CAXINGUELÊ,6xmqfu
RUA CAXIUNA,6xm
RUA CAZUZA,6xmq
RUA CEARÁ,6xmq4e 6xmq4s
RUA CEARÁ MIRIM,6xmqg7
RUA CECÍLIA BERNARDO CABRAL,6xmq3 6xmq37
RUA CECÍLIA MEIRELES,6xmq38 6xmq39
RUA CEDAR,6xmqfs
RUA CEDRO,6xmq7r
RUA CEDRO BRANCO,6xmqe
RUA CEDRO DO LÍBANO,6xmqe
RUA CEDRO ROSA,6xmqe
RUA CEDRO VERMELHO,6xmqe
RUA CEFEU,6xmq3
RUA CEILÂNDIA,6xmqs
RUA CEITA FERNANDES,6xmq6
RUA CEL AFONSO DE CARVALHO,6xmq6
RUA CEL FERREIRA DE ARAUJO,6xmq4z 6xmq68 6xmq69 6xmq6b
RUA CEL M SILVEIRA,6xmq69
RUA CEL SILVINO CAVALCANTE,6xmq9 6xmq9g
RUA CEL TEIXEIRA,6xmq3
RUA CEL.NARDI,6xmqd
RUA CELANI PEREIRA,6xmqd
RUA CELETRA VII,6xmq6
RUA CELIDÔNIA,6xmq7 6xmq7j
RUA CELLY CAMPELLO,6xmqd
RUA CELSO DE MENEZES,6xmq3
RUA CELSO HADDAD,6xmq6
RUA CELSO MACHADO,6xmqd
RUA CELTA,6xmq9
RUA CELÓSIA,6xmqd
RUA CENTRAL,6xmq7
RUA CEREJEIRA,6xmqfs 6xmqfu
RUA CERINA SOUTO,6xmq8
RUA CERVANTES,6xmqu
RUA CERVO,6xmqs7
RUA CESAREIA,6xmqg 6xmqg9
RUA CESARÉIA,6xmqgc
RUA CESNA,6xmqf
RUA CEUTA,6xmqg
RUA CEVADA,6xmqf
RUA CEZANNE,6xmqd
RUA CHACRINHA,6xmqe
RUA CHADE,6xmqg
RUA CHAPADA,6xmq9e
RUA CHAPADA DE AREIA,6xmq3q
RUA CHAPÉU DO BISPO,6xmq7
RUA CHARLES CHAPLIN,6xmq6 6xmqd
RUA CHARLES DARWIN,6xmqeu 6xmqsh
RUA CHARLES DE GAULLE,6xmqgb
RUA CHARLES GOODYEAR,6xmq9
RUA CHARLES GOUNOD,6xmqe
RUA CHARLES HANDY,6xmqe 6xmqew
RUA CHARLES ROGER,6xmqf
RUA CHARLES WILSON,6xmqd
RUA CHARLOTTE,6xmqg1 6xmqg3 6xmqg6
RUA CHAVES,6xmq3
RUA CHAVES RIBEIRO,6xmq6 6xmq60
RUA CHICO ALVES,6xmq
RUA CHICO MENDES,6xmq6g
RUA CHICO QUEIROZ,6xmq4 6xmq4e
RUA CHILE,6xmq4y
RUA CHINA,6xmq9
RUA CHIQUINHA GONZAGA,6xmq6c 6xmq6f
RUA CHOPIIM,6xm
RUA CHOPIM-DO-CAMPO,6xmqgc
RUA CHUI,6xmqe
RUA CHUVA BRANCA,6xmq7 6xmq7r 6xmqe
RUA CHUVA DE OURO,6xmqf
RUA CHUVA DE PRATA,6xmq8 6xmq9
RUA CHUVEIRINHO,6xmqc
RUA CIBIPURUMA,6xmqu
RUA CIDADANIA,6xmqg3 6xmqg6
RUA CIDADE DO CABO,6xmqg
RUA CIDADE DO PORTO,6xmqg
RUA CIDADE DO SOL,6xmqs
RUA CIDADE JARDIM,6xmq
RUA CIDREIRA,6xmqc
RUA CIGANA,6xmqu
RUA CINCINNATTI,6xmqg
RUA CINCO,6xm
RUA CINE GUARANY,6xmqs
RUA CINE ODEON,6xmq6
RUA CINELANDIA,6xmq9g
RUA CINGAPURA,6xmq
RUA CIPO TUIRA,6xmqu
RUA CIPREIRA,6xmqc
RUA CIPRESTE AZUL,6xmqe
RUA CIPRESTE NAVADO,6xmqe
RUA CIPRESTRE DOURADO,6xmqe
RUA CIPÓ,6xmqe 6xmqew
RUA CIPÓ ALHO,6xmqu
RUA CIPÓ-MEL,6xmqfg
RUA CIRIACO,6xmqe 6xmqew
RUA CIRIEMA,6xm
RUA CIRIGUELA,6xmq7r
RUA CIRO,6xmq9f
RUA CIRO DOS ANJOS,6xmqfg 6xmqfu
RUA CISJORDANIA,6xmqg5 6xmqg7
RUA CISNE ASSOBIADOR,6xmq9
RUA CISNE EUROPEU,6xmq9
RUA CISNE NEGRO,6xmq9
RUA CISNE SELVAGEM,6xmq9
RUA CITRINA,6xmq3
RUA CITRINO,6xmqeg 6xmqs5
RUA CITRONELA,6xmqk
RUA CLARA CORDEIRO,6xmq3
RUA CLARA NUNES,6xmqeu
RUA CLARA SILVA,6xmqg3
RUA CLARAVAL,6xmq9
RUA CLARICE ALVES DE ARAÚJO,6xmq3 6xmq35
RUA CLARICE LISPECTOR,6xmq7
RUA CLARINDO DE QUEIROZ,6xmq6 6xmq68 6xmq69
RUA CLAUDE DEBUSSY,6xmqd
RUA CLAUDIANO MOREIRA,6xmq 6xmq4
RUA CLAUDINO NOGUEIRA,6xmq9
RUA CLAUDIO COUTINHO,6xmq6r
RUA CLAÚDIO SANTORO,6xmq9
RUA CLEMENTE DE ALEXANDRIA,6xmq6g
RUA CLEMENTINA DE JESUS,6xmqew
RUA CLEOMAR MONTEIRO,6xmqd 6xmqdt
RUA CLEONICE LIMA,6xmq6
RUA CLEÓPATRA,6xmqs
RUA CLIDENOR GALVÃO,6xmq9
RUA CLISSIA MONTEIRO MAIA,6xmq3r
RUA CLODOALDO BECKMANN,6xmq7
RUA CLODOALDO GUERRA,6xmq6
RUA CLORITA,6xmq8 6xmq9
RUA CLOTILDE S MARQUES,6xmq4s
RUA CLOVIS B BRAGA,6xmq3 6xmq37
RUA CLOVIS BARRETO,6xmq3
RUA CMDOR. GUTEMBERG BARBOSA,6xmq 6xmq3
RUA CMTE THEOPHILO MATOS,6xmq9 6xmq9g
RUA COARACI,6xmqew
RUA COARI,6xmq4
RUA COAVI,6xmqfg 6xmqfu
RUA COBI,6xmqff 6xmqfg
RUA COBRA CIPÓ,6xmqs
RUA COBRA CORAL,6xmqs
RUA COBRA D'ÁGUA,6xmqs
RUA COCAL,6xmqew
RUA COCHABAMBA,6xmq9
RUA COCOS,6xmqew
RUA COELHO NETO,6xmq36
RUA COIMBRA,6xmqem
RUA COIRAMA,6xmqs
RUA COJUBIM,6xm
RUA COLATINA,6xmqew
RUA COLE PORTER,6xmqew
RUA COLEIRINHA,6xmqf
RUA COLEIRO,6xmqs
RUA COLIBRI,6xmqf
RUA COLIBRI BEIJA FLOR,6xmqk
RUA COLIDER,6xmqew
RUA COLINA BELA,6xmqf
RUA COLINA OLIVEIRA,6xmqc
RUA COLINA VERDE,6xmqf
RUA COLINAS,6xmqew
RUA COLINAS DO SUL,6xmqf
RUA COLINAS GOLÃ,6xmqf
RUA COLMEIA,6xmqet 6xmqew
RUA COLOMBO,6xmqet 6xmqew
RUA COLOMBO LADISLAU,6xmqg3
RUA COLORADO,6xmqet 6xmqew
RUA COLORADO DO OESTE,6xm
RUA COLOSSENSES,6xmqf2
RUA COLOSSSOS,6xmqc
RUA COLUMBITA,6xmqeg 6xmqs5
RUA COLUMINEA,6xmq9e
RUA COLÔMBIA,6xmqd
RUA COM JORGE DAOU,6xmq6
RUA COMANDANTE ATLAS CANTANHEDE,6xmqd
RUA COMANDANTE CARLOS NATROTT,6xmq9g 6xmqd
RUA COMANDANTE CESAR AGUIAR,6xmq9 6xmq9g
RUA COMANDANTE CÂNDIDO COSTA,6xmq6
RUA COMANDANTE EYNER ENCARNAÇÃO,6xmqd
RUA COMANDANTE FERRAZ,6xmq4 6xmq4y
RUA COMANDANTE FRANCISCO MONTEIRO,6xmqe
RUA COMANDANTE HENRIQUE BASTOS,6xmqd
RUA COMANDANTE J.G. ARAÚJO,6xmq38 6xmq3b
RUA COMANDANTE JOSÉ SIQUEIRA,6xmqd
RUA COMANDANTE NATHANAEL ALBUQUERQUE,6xmqd
RUA COMANDANTE NORBERTO WON GAL,6xmq9 6xmq9g
RUA COMANDANTE PAULO LASMAR,6xmq9 6xmqd
RUA COMANDANTE PAULO VARELLA,6xmq9 6xmq9g
RUA COMANDANTE RAIMUNDO MORAES,6xmqe 6xmqem
RUA COMANDANTE RANGEL,6xmq9 6xmq9g
RUA COMANDANTE REMÉDIOS,6xmq4
RUA COMANDANTE WALDIR BASTOS,6xmqd
RUA COMBINADO,6xmqew
RUA COMENDADOR CLEMENTINO,6xmq4p 6xmq60
RUA COMENDADOR MATOS AREOSA,6xmq3b 6xmq3c
RUA COMENDADOR VICENTE CRUZ,6xmq38 6xmq3b
RUA COMETA HALLEY,6xmq6
RUA COMUNA,6xmqd
RUA CONCEIÇÃO DA BARRA,6xmqeg
RUA CONCIOLÂNDIA,6xmqew
RUA CONDE,6xmqe
RUA CONDE D' EU,6xmqdy 6xmqdz
RUA CONDE DA TORRE,6xmqec
RUA CONDE DE ABRANHOS,6xmqd
RUA CONDE DE ABRANTES,6xmqe
RUA CONDE DE ANADIA,6xmqd
RUA CONDE DE CASARES,6xmqe
RUA CONDE DE CAVOUR,6xmqd
RUA CONDE DE CAXIAS,6xmqdv
RUA CONDE DE IRAJA,6xmqdy
RUA CONDE DE IRAJÁ,6xmqdy
RUA CONDE DE ITAGUAI,6xmqdt 6xmqdv 6xmqe
RUA CONDE DE MONTE CRISTO,6xmqd
RUA CONDE DE OEIRAS,6xmqd
RUA CONDE DE SABARÁ,6xmqdy
RUA CONDE DE SAPUCAI,6xmqdw 6xmqdy
RUA CONDE DE TOCANTINS,6xmqdt 6xmqdv 6xmqe
RUA CONDE DE VERA CRUZ,6xmqdy
RUA CONDE DO MARANHÃO,6xmqdy 6xmqdz
RUA CONDEUBA,6xmqe
RUA CONDOR,6xmqg 6xmqgg
RUA CONEGO WALTER NOGUEIRA,6xmq7
RUA CONFREI,6xmqu
RUA CONGO,6xmq
RUA CONQUISTA,6xmqe 6xmqg
RUA CONSAGRAÇÃO,6xmq4e
RUA CONSERVATÓRIA,6xmqg2 6xmqg3
RUA CONSOLADOR,6xmqf2
RUA CONSTANCIO ALVES,6xmq3
RUA CONSTANÇA,6xmq4 6xmq4s
RUA CONSTELAÇÃO CRUZEIRO DO SUL,6xmq6
RUA CONSTELAÇÃO DE AQUÁRIUS,6xmq6
RUA CONSTELAÇÃO DE GÊMEOS,6xmq6 6xmq7
RUA CONSTELAÇÃO DE ORION,6xmq6
RUA CONSTELAÇÃO DE PEIXES,6xmq6
RUA CONSTELAÇÃO DE TOURO,6xmq6e
RUA CONSTELAÇÃO DE URSA MAIOR,6xmq6
RUA CONTADOR,6xmqf
RUA CONTAGEM,6xmqe
RUA CONTINENTAL,6xmq7y
RUA CONTRA BAIXO,6xmqg 6xmqgg
RUA CONVAIR,6xmqf
RUA COPACABANA,6xmqem
RUA COPAIBARANA,6xm
RUA COPAIBAS,6xmq7
RUA COPAÍBA,6xmq7r 6xmqu
RUA COPENHAGEM,6xmq9
RUA COPO DE LEITE,6xmqc
RUA COQUEIRAL,6xmqe 6xmqez
RUA CORA RONAI VIEIRA,6xmq3
RUA CORACAO DE JESUS,6xm
RUA CORACI,6xmqf
RUA CORACÃO DE MARIA,6xm
RUA CORAL,6xmqsh
RUA CORAMANDEL,6xmqe 6xmqez 6xmqg 6xmqgb
RUA CORAÇÃO DE JESUS,6xmqg 6xmqgg
RUA CORBÉLIA,6xmqe 6xmqez
RUA CORCOVADO,6xmqem 6xmqet
RUA CORDADO,6xmq9
RUA CORDIERITA,6xmqs5 6xmqsh
RUA CORDILHEIRA DOS ANDES,6xmq9f 6xmq9g
RUA CORDOBA,6xmq9 6xmq9e
RUA COREAU,6xmqec 6xmqef
RUA COREMAS,6xmqe 6xmqg
RUA CORIBE,6xmqg
RUA CORINTO,6xmqe 6xmqg
RUA COROA DE CRISTO,6xmq9 6xmq9e
RUA COROACI,6xm
RUA COROATA,6xmqg
RUA CORONEL BENTO RODRIGUES,6xmqew
RUA CORONEL BRITO,6xmqd
RUA CORONEL CONRADO NIEMEYER,6xmq68 6xmq69 6xmq6b 6xmq6c 6xmq6f
RUA CORONEL DOMINGOS DE ANDRADE,6xmqe 6xmqen
RUA CORONEL FERREIRA SOBRINHO,6xmq68
RUA CORONEL FRANCELINO DE ARAÚJO,6xmqg 6xmqg1
RUA CORONEL GRACILIANO,6xmqs 6xmqs3
RUA CORONEL GUERREIRO ANTONY,6xmqe
RUA CORONEL IGREJAS LOPES,6xmq
RUA CORONEL JAIME MENDONÇA,6xmq4z 6xmq6b
RUA CORONEL JOAQUIM JOSÉ GUSMÃO,6xmqdt 6xmqdw
RUA CORONEL JOAQUIM TINOCO VALENTE,6xmqdt 6xmqdw
RUA CORONEL MANOEL CORREA,6xmq6 6xmq68 6xmq69
RUA CORONEL MIRANDA REIS,6xmq68 6xmq69
RUA CORONEL MONTEIRO TAPAJÓS,6xmqe 6xmqen
RUA CORONEL NAGIB AIDAR,6xmqsr 6xmqu
RUA CORONEL NUNES DE LIMA,6xmq7 6xmqeb
RUA CORONEL PEDRO J. DE SOUZA,6xmqe 6xmqen
RUA CORONEL RAIMUNDO CUNHA,6xmqe 6xmqen
RUA CORONEL RAMALHO JUNIOR,6xmqe
RUA CORONEL SALGADO,6xmq4p
RUA CORONEL SÁVIO BELOTA,6xm
RUA CORONEL SÉRGIO PESSOA,6xmq4
RUA CORONEL TABORDA DE MIRANDA,6xmqe 6xmqem
RUA CORONEL TEODORO DOS REIS,6xmqe
RUA CORONEL THAUMATURGO DE AZEVEDO,6xm 6xmqf
RUA CORONEL VALENTIN NORMANDO,6xmq9
RUA CORONEL VICTOR COUTINHO,6xmqe 6xmqen
RUA CORREA MENDES,6xmqg1 6xmqg4
RUA CORREIA JUNIOR,6xmq4y
RUA CORREIDEIRA DAS LAGES,6xmqg6
RUA CORRENTE,6xmqg
RUA CORRETINA,6xmq9
RUA CORRIENTES,6xmqdt
RUA CORRUPIÃO PRETO,6xmqs
RUA CORTE DO SOLIMÕES,6xmq9
RUA CORUMBA,6xmq9e 6xmq9g
RUA CORUPÁ,6xmqef 6xmqeg
RUA CORVINA,6xmqs
RUA CORÁ,6xmqg 6xmqgf
RUA CORÉIA,6xmqg
RUA CORÉIA DO NORTE,6xmq
RUA CORÉIA DO SUL,6xmq
RUA COSME ALVES FILHO,6xmq6f 6xmq6g
RUA COSME FERREIRA FILHO,6xmq7
RUA COSME LIMA,6xmq6
RUA COSTA AZEVEDO,6xmq4
RUA COSTA DO MARFIM,6xmq
RUA COSTA REGO,6xmq38 6xmq39
RUA COSTELA DE ADÃO,6xmq9 6xmq9e
RUA CRACÓVIA,6xmq4e 6xmq4s
RUA CRASSO,6xmqs
RUA CRATO,6xmqg1 6xmqg4
RUA CRAVEIRO,6xmqc
RUA CRAVINA DO CAMPO,6xmqe
RUA CRAVINHO,6xmqs 6xmqsr 6xmqu
RUA CRAVITAS,6xmqs 6xmqsh
RUA CRAVO,6xmq9
RUA CRAVO DA ÍNDIA,6xmqe
RUA CRAVO DO NORTE,6xmq
RUA CREDIÚVA,6xmqfu
RUA CREMONA,6xmq3r 6xmq3x
RUA CREONTE,6xmqd 6xmqdt
RUA CRETENSES,6xmq4s
RUA CREUZA DE OLIVEIRA BASTOS,6xmqs
RUA CREUZA LOPES LEITÃO,6xmq6
RUA CREUZA VIEIRA RODRIGUES,6xmq35
RUA CRICIÚMA,6xmq3r 6xmq3x 6xmq3z
RUA CRIPTONITA,6xmq7
RUA CRISANDÁLIA,6xmq9
RUA CRISANTEMO BRANCO,6xm
RUA CRISANTO JOBIM,6xmq6c
RUA CRISOLITA,6xmqs
RUA CRISPIM,6xmqd 6xmqdx
RUA CRISPIM DO AMARAL,6xmq6
RUA CRISTAIS PAULISTA,6xmqs5
RUA CRISTAL,6xmqu
RUA CRISTIANO MACHADO,6xmqd
RUA CRISTINA TAVARES,6xmq9
RUA CRISTO REDENTOR,6xmqfu 6xmqfv
RUA CRISTO REI,6xmq7 6xmq7j 6xmqf2
RUA CRISTOVÃO COLOMBO,6xmq3q 6xmq3r
RUA CRISTOVÃO CORDEIRO,6xmq4s
RUA CRISÂNTEMO-DA-CHINA,6xmqgg
RUA CRISÂNTENEAS,6xmqs
RUA CROTO,6xmq9
RUA CROTON BRAVO,6xmq9
RUA CROÁCIA,6xmq 6xmqg
RUA CRUZ ALTA,6xmqdx 6xmqdz
RUA CRUZ DE MALTA,6xmqd
RUA CRUZEIRO,6xmqs3 6xmqs6
RUA CRUZEIRO DO OESTE,6xmqs5
RUA CRUZÁLIA,6xmqe 6xmqez
RUA CRUÁ,6xmqu
RUA CUBA,6xmqd 6xmqdt
RUA CUBATÃO,6xmq9e 6xmq9g
RUA CUBIU,6xmqs
RUA CUIU CUIU,6xmqs
RUA CULUNAM,6xmqs
RUA CUMARU,6xmq9
RUA CUMARÉ,6xmqfe
RUA CUMUCIM,6xmq6 6xmq7
RUA CUPIÚBA,6xmqf
RUA CURACAO,6xmqg
RUA CURARÁ,6xmqdx
RUA CURIATO,6xmqdw 6xmqdy
RUA CURICA,6xmqee 6xmqeg
RUA CURICACAS,6xmqg 6xmqgb 6xmqgc 6xmqgf
RUA CURIMATÃ,6xmqs
RUA CURIO,6xm
RUA CURIO BRANCO,6xm
RUA CURIO PARACAMBI,6xm
RUA CURIO PRAIA,6xm
RUA CURIO-DE-COLEIRA,6xm
RUA CURIPACO,6xmqg2
RUA CURITIBA,6xmq6
RUA CURIÓ,6xmqg
RUA CURIÓ XODÓ,6xm
RUA CURIÓ-UTINGA,6xm
RUA CURRAIS NOVOS,6xmqe 6xmqg
RUA CURRUPIÃO,6xmqs
RUA CURUAI,6xmqgc
RUA CURUANA,6xmq3
RUA CURUREPA,6xmqf 6xmqff
RUA CURVELO,6xmqf8
RUA CUSTÓDIA CARNEIRO DE LIMA,6xmq4s
RUA CUSTÓDIO CORREA,6xmqe 6xmqem 6xmqer
RUA CUSTÓDIO GARCIA,6xmqe 6xmqem
RUA CUTIA,6xm
RUA CÁCERES,6xmqg
RUA CÁRITA FREIRE ALVES,6xmqdy
RUA CÁSPIO,6xmq 6xmq3
RUA CÁSSIA BAIANA,6xmqu
RUA CÁSSIA ELLER,6xmq
RUA CÂNDIDO JUCA,6xmq3
RUA CÂNDIDO MARIANO,6xmq4
RUA CÂNDIDO MENDES,6xmq3
RUA CÉSAR DIAS,6xmq7
RUA CÉSAR EMIR DUARTE,6xmq3 6xmq3w
RUA CÉSAR TAVARES,6xmqfb
RUA CÉZAR AUGUSTO,6xmqfu
RUA CÓRSEGA,6xmqg
RUA CÔNEGO AZEVEDO,6xmq3q
RUA CÔNEGO ISRAEL,6xmqe 6xmqg
RUA CÔNEGO JOSÉ MONTEIRO DE NORONHA,6xm
RUA D,6xm 6xmq3 6xmq6 6xmq7 6xmqf
RUA D (RES. LYON),6xmq8
RUA D CD.EPHIGENIO SALLES,6xmq6
RUA D CJ JARDIM AMAZONAS,6xmqd
RUA D J YOLANDA,6xmq6
RUA D JARDIM PAULISTA,6xmq6e
RUA D JD DE VERSALLES,6xmq9
RUA D PEDRO I,6xmq36
RUA D- VILA BURITI,6xmq
RUA D. JOÃO DE SOUZA LIMA,6xm
RUA D16,6xmq7
RUA DA ALEGRIA,6xm
RUA DA AMIZADE,6xmqg 6xmqgg 6xmqs
RUA DA ASCENÇÃO,6xmqf
RUA DA CACHOEIRA,6xmq 6xmq9
RUA DA COLINA,6xm
RUA DA COLÔNIA,6xmq
RUA DA CONQUISTA,6xmqf
RUA DA CONSOLACAO,6xmq6e
RUA DA CONSTITUIÇÃO,6xmq3
RUA DA DICA,6xmq
RUA DA DREAMAR,6xm
RUA DA ENSEADA,6xm
RUA DA ESPERANÇA,6xmqez
RUA DA FE,6xmqs7
RUA DA FEIRA,6xmq7j
RUA DA FELICIDADE,6xmq4z
RUA DA FLORESTA,6xmqd
RUA DA FONTE,6xm
RUA DA FRATERNIDADE,6xmq6
RUA DA FRIGELO,6xmqd
RUA DA GLORIA,6xmqu
RUA DA GLÓRIA,6xmq
RUA DA GRANJA AZUL,6xmq4
RUA DA IGREJA,6xmq4 6xmq4s
RUA DA ILUSÃO,6xmqf
RUA DA INDEPENDÊNCIA,6xmq3 6xmq3r
RUA DA INSTALAÇÃO,6xmq4
RUA DA LEGIÃO,6xmq 6xmq4p 6xmq60
RUA DA LIBERDADE,6xmq 6xmq3 6xmq3c
RUA DA LIBERTAÇÃO,6xmq3q
RUA DA MINA,6xmqs 6xmqsh 6xmqsj
RUA DA OLARIA,6xmq4
RUA DA PALESTINA,6xmqd
RUA DA PANAIR,6xmq4
RUA DA PAZ,6xmq 6xmq3 6xmq4p 6xmqc 6xmqs6 6xmqs7
RUA DA PEDREIRA,6xmq6
RUA DA PENINSULA,6xm
RUA DA PRAIA,6xm
RUA DA PRATA,6xmq7
RUA DA PROSPERIDADE,6xmq3 6xmq3q 6xmq3r 6xmq3x
RUA DA REPÚBLICA,6xmq7
RUA DA RESSUREIÇÃO,6xmqk 6xmqs
RUA DA SALVAÇÃO,6xmq7
RUA DA SERRARIA,6xmq4
RUA DA UNIÃO,6xmqfu 6xmqfv
RUA DA VERTENTE,6xm 6xmq
RUA DA VITORIA,6xmqfv
RUA DAKAR,6xmq9
RUA DALAI LAMA,6xmqfu
RUA DALCÍDIO JURANDIR,6xmqey 6xmqez
RUA DALLAS,6xmqd
RUA DALMIR CAMARA,6xmqg2
RUA DALMO MOREIRA,6xmq3z
RUA DALMO REIS,6xmqf
RUA DALVA DE OLIVEIRA,6xmqeu
RUA DAMACO,6xmqg7
RUA DAMACURI,6xmqf
RUA DAMASCO,6xmqf2 6xmqf8
RUA DANANI,6xmqs
RUA DANIEL BADGER,6xmq7
RUA DANIEL DE ARAÚJO,6xmq6
RUA DANIEL SEVALHO,6xmq4 6xmq4y
RUA DANIELA A. SEVALHO,6xmqe
RUA DANIELA PERES,6xmq
RUA DANILO CORREA,6xmq4x 6xmq68 6xmq6b 6xmq6c 6xmq6f
RUA DANILO FERNANDES,6xmqf
RUA DANTE MILANO,6xmqc
RUA DARCI AZAMBUJA,6xmq
RUA DARCY FRANCA,6xmqc
RUA DARCY MICHILES,6xmq60
RUA DARIA SERRÃO,6xmq 6xmq38
RUA DAS ABIURANAS,6xmq7
RUA DAS ACAPURANAS,6xmqsj
RUA DAS ACAPURANAS VERMELHAS,6xmq7 6xmq7r
RUA DAS ACÁCIAS,6xmqsj
RUA DAS ALAMANDAS,6xm
RUA DAS AMARILIS,6xmqs
RUA DAS AMETISTAS,6xmq6
RUA DAS ANDIROBAS,6xmqdz 6xmqsj
RUA DAS ANDORINHAS,6xmqg
RUA DAS ANGELICAS,6xmq7 6xmqe
RUA DAS ARARAS,6xm 6xmq7 6xmq7r
RUA DAS AZALÉIAS,6xmqs 6xmqsj
RUA DAS AÇUCENAS,6xmqsj
RUA DAS BACABAS,6xmq8
RUA DAS BACABEIRAS,6xmqk 6xmqs
RUA DAS BANDEIRAS,6xmqf
RUA DAS BEGÔNIAS,6xmq7
RUA DAS BRILHANTINAS,6xmq6
RUA DAS BROMÉLIAS,6xmqsj
RUA DAS BUGANVILEAS,6xmqsj
RUA DAS CACIMBAS,6xmq
RUA DAS CAMÉLIAS,6xmqs 6xmqsj
RUA DAS CANAS,6xmqs
RUA DAS CANFONEIRAS,6xmqe
RUA DAS CARAPANAÚBAS,6xmqk
RUA DAS CASTANHEIRAS,6xmqc 6xmqs 6xmqsj
RUA DAS CASTANHOLAS,6xmq7r
RUA DAS CHAGAS,6xmqg 6xmqg1
RUA DAS CIGANAS,6xmqgb
RUA DAS CODORNAS,6xm
RUA DAS COLHEREIRAS,6xmqg9
RUA DAS CONCHAS,6xmq7
RUA DAS COPAÍBAS,6xmq7 6xmqe
RUA DAS CRAVINAS,6xmqsj
RUA DAS DÁLIAS,6xmq7j
RUA DAS ENSEADAS,6xmq
RUA DAS ENVIRAS,6xmq7
RUA DAS ESMERALDAS,6xmqsh
RUA DAS FADAS,6xmqsj
RUA DAS FAUBIRAS,6xmqk 6xmqs
RUA DAS FLORES,6xmq 6xmq3 6xmq4
RUA DAS GARAPAS,6xmqeb
RUA DAS GARDENEAS,6xmqsj
RUA DAS GARÇAS,6xmqg9
RUA DAS GOIABEIRAS,6xmqs 6xmqsj
RUA DAS GRACAS,6xmqf
RUA DAS GRANADAS,6xmqs5 6xmqsh
RUA DAS GRAVIOLAS,6xmqs
RUA DAS GRAÚNAS,6xmqgb 6xmqgc
RUA DAS GUARIUBAS,6xmqk 6xmqs
RUA DAS HELICONIAS,6xmqsj
RUA DAS HORTENCIAS,6xmq7 6xmqe
RUA DAS ILHOTAS,6xmqk
RUA DAS INGÁS,6xmqs
RUA DAS JACITARAS,6xmqk
RUA DAS JANDAIAS,6xmqg 6xmqg9 6xmqgc 6xmqgf
RUA DAS JARANAS,6xmq7
RUA DAS JAÇANÃS,6xmqgb 6xmqgc 6xmqgf
RUA DAS JOIAS,6xmqs 6xmqsh 6xmqsj
RUA DAS LACRES,6xmqs
RUA DAS LAJES,6xmqeb 6xmqec
RUA DAS LARANJEIRAS,6xmq7 6xmq7r
RUA DAS MACACAÚBAS,6xmqs
RUA DAS MAGNÓLIAS,6xmqsj
RUA DAS MALVACEAS,6xmqsj
RUA DAS MANGABEIRAS,6xmqs3 6xmqs4 6xmqs6
RUA DAS MANGUEIRAS,6xmqd 6xmqs 6xmqsj
RUA DAS MARGARIDAS,6xmq7 6xmqs
RUA DAS MARINAS,6xmq
RUA DAS MARRECAS,6xmqg9
RUA DAS MISSÕES,6xmqf 6xmqf9
RUA DAS NASCENTES,6xm
RUA DAS NAÇÕES,6xmqe 6xmqen
RUA DAS OLIVEIRAS,6xmqf 6xmqf2
RUA DAS ORQUIDEAS,6xmqe
RUA DAS PALMEIRAS,6xmqec 6xmqef 6xmqeg 6xmqs 6xmqs4
RUA DAS PALMÁCEAS,6xmqsj
RUA DAS PAPOULAS,6xmq7
RUA DAS PEDRAS,6xm
RUA DAS PEDRAS PRECIOSAS,6xmqs 6xmqsh
RUA DAS PEDREIRAS,6xmqfs
RUA DAS PERPÉTUAS,6xmqs 6xmqsj
RUA DAS PETÚNIAS,6xmqs
RUA DAS PIAÇAVAS,6xmqs
RUA DAS PITOMBEIRAS,6xmq7 6xmq7r
RUA DAS PRATAS,6xmqs 6xmqs5 6xmqs7
RUA DAS PRECIOSAS,6xmqs
RUA DAS PÉROLAS,6xmqsh
RUA DAS PÉTALAS,6xmqs 6xmqsj
RUA DAS QUARUBAS,6xmqs
RUA DAS RENDEIRAS,6xmqf
RUA DAS ROSAS,6xmq7
RUA DAS RUBELITAS,6xmqs5 6xmqsh
RUA DAS SAFIRAS,6xmq6
RUA DAS SAMAMBAIAS,6xmqe 6xmqsj
RUA DAS SAMAÚMAS,6xmq7
RUA DAS SAPUCAIAS,6xmqs
RUA DAS SERINGUEIRAS,6xmq7
RUA DAS SORVAS,6xmq7
RUA DAS SUCUÚBAS,6xmqs
RUA DAS TAQUARIS,6xmqs
RUA DAS TULIPAS,6xmqs 6xmqsj
RUA DAS TURMALINAS,6xmqsh 6xmqsj
RUA DAS UCHIS,6xmqs
RUA DAS VIOLAS,6xmqev 6xmqs 6xmqsj
RUA DAS VIOLETAS,6xmqe
RUA DAS ÁGUIAS,6xmq 6xmq4 6xmq4s
RUA DAS ÁGUIAS CHILENAS,6xmqgb
RUA DAVID CAMPISTA,6xmqe
RUA DAVID HUME,6xmqfu
RUA DAVID JOSÉ TADROS,6xmq9
RUA DAVID TADROS,6xmq7
RUA DEA ALENCAR,6xmq4
RUA DECEM,6xm
RUA DEDAL DE DAMA,6xmqk
RUA DEL VALLE,6xmqg
RUA DELCÍDIO DO AMARAL,6xmq4
RUA DELFI,6xmqg
RUA DELFIM,6xmq9f
RUA DELFIM DE SOUZA,6xmq4y 6xmq4z 6xmq6b
RUA DELIO DE MELO,6xmq3c
RUA DELMAR BRÁS,6xmqe
RUA DELMIRA DE ALMEIDA,6xmq6b 6xmq7
RUA DELMIRO LEÃO,6xmqfc 6xmqff
RUA DELOS,6xmqs
RUA DEMOCRITO,6xmqf
RUA DEMÓSTENES,6xmqs
RUA DENDÊ,6xmq7y
RUA DENISE TORRES,6xmq6
RUA DENNER,6xmq
RUA DENTE DE LEÃO,6xmqu
RUA DENVER,6xmqg
RUA DENÁRIO,6xmqfu
RUA DEOCLECIO SOARES DE OLIVEIRA,6xmq7
RUA DEODATO DE MIRANDA LEÃO,6xmq9
RUA DEODORO FERREIRA,6xmq3d
RUA DEODORO SOBRINHO,6xmq6
RUA DEOLINDA PINTO,6xmq7
RUA DEOLINDO DANTAS,6xmqe
RUA DEP JOAO CONRADO,6xmq4x
RUA DEP. EVALDO FLORES,6xmq3
RUA DERCY GONÇALVES,6xmq6
RUA DES. CESAR DO REGO,6xmqk
RUA DES. GASPAR GUIMARÃES,6xmq6 6xmq6r
RUA DES. LUIS F. CABRAL,6xmqd
RUA DES. REGO MONTEIRO,6xmqe 6xmqer
RUA DESDEMONA,6xmqs5
RUA DESEMBARGADOR AGUIAR CORREA,6xmqg2
RUA DESEMBARGADOR ANÍSIO JOBIM,6xmqk
RUA DESEMBARGADOR ARTHUR VIRGÍLIO,6xmq39 6xmq3c
RUA DESEMBARGADOR BONIFÁCIO DE ALMEIDA,6xmq9
RUA DESEMBARGADOR CANDIDO HONÓRIO,6xmq9
RUA DESEMBARGADOR FILISMINO SOARES,6xmq4 6xmq4e
RUA DESEMBARGADOR JOSE AUGUSTO,6xmq6g
RUA DETROIT,6xmqg
RUA DEUS TUPÃ,6xm 6xmqf
RUA DEUSDETH CABRAL,6xmq9
RUA DEUZUÍTA NEVES,6xmq6
RUA DHARAN,6xmqg
RUA DIACUI,6xmqdw
RUA DIACUY,6xmq
RUA DIADEMA,6xmq7
RUA DIAMANTE,6xmq6
RUA DIAMANTE ROSA,6xmqs4 6xmqs5
RUA DIAS GOMES,6xmq6
RUA DIBO FELIPE,6xmq3b 6xmq60
RUA DIEGO ALMAGRO,6xmq
RUA DIGNIDADE,6xmqg3 6xmqg6
RUA DILERMANO REIS,6xmq6c
RUA DIMITRA,6xmqs 6xmqu
RUA DINA SFAT,6xmqsr 6xmqu
RUA DINAHI,6xmqeg
RUA DINAMARCA,6xmqc 6xmqdt
RUA DIOGO BERNARDES,6xmq6
RUA DIOGO DE M. FURTADO,6xmq3
RUA DIOGO DIAS,6xmq3w
RUA DIOGO MENDES,6xmq7
RUA DIOGO NUNES DE QUESADA,6xmq9
RUA DIOGO VELASQUES,6xmq 6xmq6b 6xmq7
RUA DIOMAR CUNHA,6xmq6 6xmqd
RUA DIONÍSIO DA SILVA,6xmq6
RUA DIRCINHA BATISTA,6xmq6c
RUA DIVA LEÃO,6xmqe 6xmqen
RUA DIVISA NOVA,6xmq4y
RUA DJALMA DUTRA,6xmq6 6xmq60
RUA DO ACONCHEGO,6xmq6
RUA DO ALUMÍNIO,6xmqs 6xmqsh
RUA DO AMOR,6xmq 6xmqs7
RUA DO AMPARO,6xmq6
RUA DO AREAL,6xmqev 6xmqsh 6xmqsj
RUA DO BAIANO,6xm
RUA DO BANHO,6xm
RUA DO BINDA,6xmq6r
RUA DO BOSQUE,6xm
RUA DO CAJA,6xmq6r
RUA DO CAJUAL,6xmqf
RUA DO CAMPO,6xmq 6xmq3
RUA DO CASTANHO,6xmq9f
RUA DO CAZ,6xmq
RUA DO COMECIO,6xmq7
RUA DO COMERCIO,6xm
RUA DO COMÉRCIO,6xmq6 6xmq6r
RUA DO CONGRESSO,6xmq4
RUA DO COQUEIRO,6xmq4x 6xmq4z
RUA DO CRAVO,6xm
RUA DO CRUZEIRO,6xmq4 6xmq4t
RUA DO CÁLICE,6xmqf 6xmqfs
RUA DO EXPLENDOR,6xmq3q
RUA DO FUTURO,6xmq7
RUA DO IGARAPE,6xm
RUA DO IPÊ,6xmq7 6xmq7r
RUA DO LABOR,6xmq4
RUA DO LAGO,6xm 6xmq 6xmqc
RUA DO LIMÃO,6xmqe
RUA DO LIVRAMENTO,6xmq 6xmq38
RUA DO LUSO,6xm
RUA DO ORIENTE,6xmq7
RUA DO ORVALHO,6xm
RUA DO PARQUE,6xm
RUA DO PASSEIO,6xmqd
RUA DO PEIXE BOI,6xmq 6xmqc
RUA DO PINHEIRO,6xmqf
RUA DO PLANALTO,6xmq
RUA DO PLATOR,6xmq3
RUA DO PONTAL,6xm
RUA DO PORTO,6xmq3
RUA DO PROGRESSO,6xmq
RUA DO RECANTO,6xmqu
RUA DO REMANSO,6xm
RUA DO RIACHO,6xm
RUA DO RIACHO ECOLÓGICO,6xm
RUA DO ROSÁRIO,6xmq 6xmq3b
RUA DO SOL,6xm 6xmq6
RUA DO SOL NASCENTE,6xmq7
RUA DO SORRISO,6xmqf8 6xmqf9
RUA DO SOSSEGO,6xmq3
RUA DO TORORÓ,6xmq3w 6xmq3x
RUA DO TRABALHADOR,6xmq3
RUA DO VALE,6xm
RUA DOIS,6xm
RUA DOIS AMORES,6xmq
RUA DOIS RIACHOS,6xmq9
RUA DOLAR DE AREIA,6xmq9e
RUA DOM ALUÍSIO MASELLA,6xmqdt 6xmqdw
RUA DOM ANTONIO MUNIZ,6xm
RUA DOM ANTÔNIO DA CÂMARA,6xm
RUA DOM AQUINO,6xmqdx 6xmqf8
RUA DOM ARMANDO,6xm
RUA DOM BARRETO,6xm
RUA DOM BASÍLIO PEREIRA,6xm
RUA DOM BOSCO,6xmq6 6xmq7j
RUA DOM BOSCO (BRAGA MENDES),6xmqgb 6xmqu
RUA DOM CABRAL,6xm
RUA DOM CASTER,6xmqff 6xmqfg
RUA DOM CLÁUDIO COLLING,6xmq9
RUA DOM DIOGO DE SOUZA,6xmq6 6xmqd
RUA DOM ELISEU,6xm
RUA DOM FERNANDO,6xmq9
RUA DOM FRANCISCO COSTA,6xm
RUA DOM FREDERICO COSTA,6xmq
RUA DOM HENRIQUE,6xm
RUA DOM JACKSON D. RODRIGUES,6xmqd
RUA DOM JESUS DE IRINEU,6xm
RUA DOM JOAO DA MATTA,6xmqfs 6xmqfu
RUA DOM JOSÉ MORAIS TORRES,6xmqdt 6xmqdw
RUA DOM JOÃO BATISTA GONÇALVES CAMPOS,6xm
RUA DOM JOÃO DE SOUZA LIMA,6xmq3c
RUA DOM JOÃO VI,6xmq6 6xmq6r
RUA DOM LORENÇO DA COSTA,6xmqdt 6xmqdw
RUA DOM LUIZ MANCILHA,6xm
RUA DOM MARCOS BRITO,6xmqd
RUA DOM MARCOS DE NORONHA,6xm
RUA DOM MIGUEL,6xmqf
RUA DOM MILTOM CORREA,6xmqsh 6xmqsj
RUA DOM MILTON CORREIA PEREIRA,6xmq6r
RUA DOM ORANI,6xm
RUA DOM PAULO PONTE,6xm
RUA DOM PEDRITO,6xmqe
RUA DOM PEDRO,6xmq7j
RUA DOM PEDRO MASSA,6xmqf2
RUA DOM ROMOALDO G. DE AZEVEDO,6xm
RUA DOM ROMUALDO A. DE SOUZA,6xmqfc 6xmqff
RUA DOM RONALDO SEIXAS,6xmqdx
RUA DOMICIANO,6xmqf 6xmqf9
RUA DOMINGOS DE BRIEGAS,6xmqf8 6xmqf9
RUA DOMINGOS DE ILARA,6xmq7
RUA DOMINGOS ENEIAS DA FROTA,6xmqk 6xmqs 6xmqs3
RUA DOMINGOS JOSÉ MARTINS,6xmq6r
RUA DOMINGOS LEITE,6xmq9 6xmqd 6xmqf2
RUA DOMINGOS LEÃO,6xmq6r
RUA DOMINGOS LIMA,6xmq6 6xmq60
RUA DOMINGOS MONTEIRO,6xmq69 6xmq8
RUA DOMINGOS OLÍMPIO,6xmq37
RUA DOMINGOS QUINTO,6xmq36
RUA DOMINGOS RUSSO,6xmq3 6xmq3c
RUA DOMINICA,6xmq
RUA DONA ANITA,6xmqf
RUA DONA ARMINDA MOURAO,6xmqdy 6xmqdz
RUA DONA BALBINA CORDEIRO,6xmq6
RUA DONA BERNARDETE ALEXANDRE,6xmqf
RUA DONA CARLOTA VERA CRUZ,6xmqe 6xmqed
RUA DONA DEBLA HENRIQUES,6xm
RUA DONA ELVIRA RODRIGUES,6xmqs6
RUA DONA EUGÊNIA FLEURY,6xmqg3 6xmqg9
RUA DONA HYLMA THURY,6xmq3x 6xmq3z
RUA DONA LAURINDA MARINHO,6xmqe 6xmqem
RUA DONA LEONOR DE CARVALHO,6xmqf9
RUA DONA LIBANIA,6xmq4
RUA DONA LUNA DE ALENCAR,6xmqe 6xmqer
RUA DONA MARIA DA GLÓRIA,6xmqf
RUA DONA MARIA LEOPOLDINA,6xmq38 6xmq39
RUA DONA MIMI,6xmq4s 6xmq4t
RUA DONA RAQUEL SOUZA,6xmq69 6xmq6c
RUA DONA ROSALINA FEITOSA,6xmq7r
RUA DONA SULAMITA,6xmq6
RUA DONA ZICA,6xmqg2 6xmqg3
RUA DONA ZITA,6xmqs
RUA DORABELA,6xm
RUA DORMIDEIRA,6xmqc
RUA DOROTHEA LANGE,6xmqd
RUA DORVAL PORTO,6xmqg9
RUA DOS ABACATEIROS,6xmq7 6xmq7r 6xmqs
RUA DOS ABIEIROS,6xmqs
RUA DOS ACARIQUARAS,6xmqk
RUA DOS AGUANOS,6xmq7
RUA DOS ALVES,6xmq4
RUA DOS AMADOS,6xmqs 6xmqs3
RUA DOS ANDRADAS,6xmq4
RUA DOS ANGELINS,6xmq7
RUA DOS ANTÚRIOS,6xmqs 6xmqsj
RUA DOS APÓSTOLOS,6xmqc
RUA DOS ARAPARIS,6xmq7
RUA DOS ARCANJOS,6xmqf
RUA DOS ATOS,6xmqf
RUA DOS AÇAIZEIROS,6xmqk 6xmqs 6xmqs3 6xmqs6
RUA DOS BANCARIOS,6xmq37
RUA DOS BANDEIRANTES,6xmq3
RUA DOS BANIBAS,6xmq6 6xmq6r
RUA DOS BARES,6xmqf8 6xmqf9
RUA DOS BARÉS,6xmq4
RUA DOS BEM TI VIS,6xmqg 6xmqg9 6xmqgb 6xmqgc
RUA DOS BREUS,6xmqk
RUA DOS BUIUÇUS,6xmq8
RUA DOS CACAUEIROS,6xmq7 6xmq7r
RUA DOS CACTOS,6xm
RUA DOS CAIMBÉS,6xmqk 6xmqs
RUA DOS CALDEUS,6xmqf 6xmqf9
RUA DOS CANÁRIOS,6xmqg9 6xmqgc
RUA DOS CARANAS,6xmq9
RUA DOS CARARÁS,6xmqgb
RUA DOS CARDEIROS,6xmq7
RUA DOS CARDINAIS,6xmqf
RUA DOS CEDRORAMAS,6xmq7
RUA DOS CIPRESTES,6xmqe
RUA DOS COQUEIROS,6xmq7 6xmq7y
RUA DOS CORDEIROS,6xmqef 6xmqs4
RUA DOS COSMOS,6xmqs 6xmqsj
RUA DOS CRAVOS,6xmq7 6xmqe
RUA DOS CRISANTEMOS,6xmq7 6xmqe
RUA DOS CRISTAIS,6xmq4y
RUA DOS CURIÓS,6xmqg 6xmqgc 6xmqgf
RUA DOS CÓRREGOS,6xmq
RUA DOS ESCOTEIROS,6xmq3
RUA DOS FARAÓS,6xmqf
RUA DOS FLAMINGOS,6xmqez 6xmqgb
RUA DOS GAVIÕES,6xmqg
RUA DOS GIPSES,6xmqsj
RUA DOS GIRASSOIS,6xmqe
RUA DOS GNOMOS,6xmq3
RUA DOS GRANITOS,6xmqsh
RUA DOS GUARIÚBAS,6xmq7
RUA DOS IGAPOS,6xmq
RUA DOS IGARAPES,6xmq
RUA DOS INOCENTES,6xmq
RUA DOS JAMBEIROS,6xmq7 6xmq7r
RUA DOS JAPONESES,6xmqd
RUA DOS JASMINS,6xmq7 6xmqe
RUA DOS JATOBÁS,6xmq7
RUA DOS LAGOS,6xmq7y
RUA DOS LIRIOS,6xmqe
RUA DOS LOUROS,6xmq7
RUA DOS MACUCAUAS,6xmqgb 6xmqgc 6xmqgf
RUA DOS MAGUARIS,6xmqg9
RUA DOS MAMOEIROS,6xmq7 6xmq7r
RUA DOS MANAÓS,6xmq6r
RUA DOS MARACANÃS,6xmqgb
RUA DOS MARUPÁS,6xmq7
RUA DOS MAÇARICOS,6xmqg9
RUA DOS MERGULHÕES,6xmqgb
RUA DOS MILIONÁRIOS,6xmq69 6xmq6d
RUA DOS MIOSOTIS,6xmqs
RUA DOS MIUAIZ,6xmqgb 6xmqgc
RUA DOS MURUMURUS,6xmqk
RUA DOS PALMARES,6xmq9g
RUA DOS PARANAS,6xmq
RUA DOS PASSOS,6xmq4
RUA DOS PASSÉS,6xmq6 6xmq6r
RUA DOS PATURIS,6xmqg9
RUA DOS PAUSSANDROS,6xmqs
RUA DOS PAVÕES,6xmqgb 6xmqgc
RUA DOS PELICANOS,6xmqez
RUA DOS PINGUINS,6xmqgb
RUA DOS PINHEIROS,6xmqs 6xmqsj
RUA DOS PIRINEUS,6xmqs
RUA DOS PROFETAS,6xmqf 6xmqf9
RUA DOS PROVÉRBIOS,6xmq3x
RUA DOS QUARTZO,6xmqs5 6xmqsh
RUA DOS REMANSOS,6xmq
RUA DOS RIACHOS,6xmq
RUA DOS RIPEIROS,6xmqs
RUA DOS ROUXINÓIS,6xmqg 6xmqg9
RUA DOS RUBIS,6xmq6
RUA DOS SERINGAIS,6xmqgb 6xmqu
RUA DOS SOMBREIROS,6xmq7 6xmq7r
RUA DOS TAJAS,6xmqe
RUA DOS TANGENTES,6xmqsj
RUA DOS TECELÕES,6xmqd
RUA DOS TESOUREIROS,6xmqg
RUA DOS TICO TICOS,6xmqgb
RUA DOS TIGRES,6xm
RUA DOS TRABALHADORES,6xmq3
RUA DOS TREVOS,6xmqs 6xmqsj
RUA DOS TUCANOS,6xmq7 6xmq7r 6xmqe
RUA DOS TUIUIUS,6xmqgb 6xmqgc
RUA DOS UBINS,6xmq8
RUA DOS UIRAPURUS,6xmqg9 6xmqgc
RUA DOS URUCURIS,6xmq8
RUA DOUGLAS WAGREGOR,6xmq9
RUA DOURADOS,6xmqs 6xmqsr
RUA DOUTOR ABÍLIO ALENCAR,6xmq9
RUA DOUTOR ADMAR THURY,6xmq9
RUA DOUTOR AGAPITO PEREIRA,6xmq9
RUA DOUTOR ALBERTO CORREA,6xmqer
RUA DOUTOR ALEXANDRE DO NASCIMENTO,6xmqs5 6xmqsh
RUA DOUTOR ALFREDO DA MATA,6xmq3
RUA DOUTOR ALFREDO SÁ,6xmq9 6xmq9e
RUA DOUTOR ALMINO ÁLVARES AFFONSO,6xmqg
RUA DOUTOR ALMÍNIO,6xmq4
RUA DOUTOR AMARO ALENCAR,6xmq38 6xmq3b
RUA DOUTOR ANTÔNIO MUSA,6xmq
RUA DOUTOR ANÁLIO DE REZENDE,6xmq6f
RUA DOUTOR APRIGIO DE MENEZES,6xmq
RUA DOUTOR ARGEMIRO GERMANO,6xmqf8
RUA DOUTOR ARISTIDES ROCHA,6xmq7 6xmq7r
RUA DOUTOR ARNOLDO CARPINTEIRO PERES,6xmqdt 6xmqdw
RUA DOUTOR ASTROLÁBIO PASSOS,6xmqdw 6xmqdx
RUA DOUTOR AUGUSTO LINHARES,6xmqdw
RUA DOUTOR BENEDITO BEZERRA,6xmq9
RUA DOUTOR BENJAMIN BRANDÃO,6xmq7
RUA DOUTOR BENJAMIN LIMA,6xmq3 6xmq3c
RUA DOUTOR BRESTILAU DE CASTRO,6xmq7
RUA DOUTOR CASTRO E COSTA,6xmq6f 6xmq6g
RUA DOUTOR CELSO,6xmq
RUA DOUTOR CHAVES RIBEIRO,6xmq9
RUA DOUTOR COELHO CINTRA,6xmqew
RUA DOUTOR DALMIR CÂMARA,6xmq3 6xmq39 6xmq3c 6xmq3d
RUA DOUTOR DAVID CANAVARRO,6xmqe 6xmqen
RUA DOUTOR EDSON MELO,6xmq6f 6xmq6g
RUA DOUTOR ELVIRO DANTAS,6xmq7r 6xmqe
RUA DOUTOR ERNESTO ADOLFO,6xmqdy
RUA DOUTOR FELICIANO LIMA,6xmqe 6xmqg
RUA DOUTOR FRANCISCO CHAGAS,6xmqsj
RUA DOUTOR FRANCISCO GODIM,6xmq6c
RUA DOUTOR FURTADO BELÉM,6xmq9
RUA DOUTOR GALLO IBANEZ,6xmqeg
RUA DOUTOR GAMA E SILVA,6xmqeb
RUA DOUTOR GENTIL BITTECOURT,6xmq9
RUA DOUTOR GERALDO ROCHA,6xmq
RUA DOUTOR GILBERTO SABOIA,6xmq7 6xmq7j
RUA DOUTOR GILSON MOREIRA,6xmq3 6xmq3c
RUA DOUTOR GONCALVES NETO,6xmqer 6xmqg2
RUA DOUTOR HERMENEGILDO CAMPOS,6xmq3q
RUA DOUTOR JOAQUIM GONDIM,6xmq9
RUA DOUTOR JOAQUIM SANTOS,6xmq7
RUA DOUTOR JORGE ABRAHIM,6xmq6
RUA DOUTOR JORGE DE MORAIS,6xmq9
RUA DOUTOR JOSÉ ANTÔNIO FIÚZA,6xm
RUA DOUTOR JOSÉ GOMES,6xmq7
RUA DOUTOR JOÃO GONÇALVES,6xmq
RUA DOUTOR LAURO LINS,6xmq
RUA DOUTOR LOPES BRAGA,6xmqec
RUA DOUTOR LOPES GONÇALVES,6xmqed 6xmqee 6xmqes
RUA DOUTOR LUIZ O. MONTENEGRO,6xmqg 6xmqg2
RUA DOUTOR LÚCIO FLÁVIO,6xmqd
RUA DOUTOR MACHADO,6xmq4 6xmq4p
RUA DOUTOR MADUREIRA DE PINHO,6xmqer
RUA DOUTOR MALHEIROS,6xmq4
RUA DOUTOR MANOEL F. MACHADO,6xmq7r
RUA DOUTOR MELLO RESENDE,6xmq3
RUA DOUTOR MENANDRO TAPAJÓS,6xmq
RUA DOUTOR MENDONÇA,6xmq6
RUA DOUTOR MITHRIDATES CORREA,6xmqe 6xmqem 6xmqet
RUA DOUTOR MONTEIRO PEIXOTO,6xmqew
RUA DOUTOR MORAES,6xmq7
RUA DOUTOR MOREIRA,6xmq4
RUA DOUTOR MÁXIMINO CORREA,6xmqer
RUA DOUTOR NILSON VASCONCELOS,6xmq9
RUA DOUTOR OLIVEIRA MACHADO,6xmqer
RUA DOUTOR ORLANDO FALCONE,6xmq9
RUA DOUTOR OSCAR BARROSO,6xmq7
RUA DOUTOR OSCAR DE LIMA RAYOL,6xmqdt 6xmqdw
RUA DOUTOR PAULINO GOMES,6xmq6f
RUA DOUTOR PAULINO JOSÉ MIGUEL,6xmq3 6xmq3q
RUA DOUTOR PERDIGÃO,6xmq7 6xmq7r
RUA DOUTOR PORFÍRIO NOGUEIRA,6xmqk 6xmqs
RUA DOUTOR POTYGUAR AMORIM,6xmqer
RUA DOUTOR SILVINO NERY,6xmqeg 6xmqeu
RUA DOUTOR SIMPLÍCIO C. REZENDE,6xmq9
RUA DOUTOR SOLON PINHEIRO,6xmqfc
RUA DOUTOR SORIANO DE MELO,6xmq7
RUA DOUTOR SOUZA BRASIL,6xmq4s
RUA DOUTOR TAUMATURGO VAZ,6xmqdt 6xmqdw
RUA DOUTOR THOMAS,6xmq6
RUA DOUTOR VICENTE REIS,6xmq4
RUA DOUTOR VIEIRA ALENCAR,6xmq9 6xmq9e
RUA DOUTOR WALFERSTAN THOMAS,6xmqfc
RUA DOUTOR ÁLCION,6xmq
RUA DOUTORA HELOISA,6xmq7 6xmqeb
RUA DOUTORA LEONOR BRILHANTE,6xmq9
RUA DOUTORA MARTA CUNHA,6xmq9
RUA DOUTORA MATA CUNHA,6xmq3
RUA DOUTORA ROSA BLAYA,6xmq4
RUA DOUTORA YAMILE NOGUEIRA,6xmq6
RUA DR ELESBAO LUZ,6xmq4e
RUA DR FARIAS DE SOUZA,6xmq4s 6xmq4t
RUA DR GILDO MATOS,6xmq6
RUA DR JOAO DE PAULA,6xmq 6xmqk
RUA DR LOPES GONCALVES,6xmqed 6xmqee
RUA DR. ADELINO COSTA,6xmqf2 6xmqf8
RUA DR. AGESILAU P. DA SILVA,6xmq6f 6xmq6g
RUA DR. CARLOS CHAGAS,6xmqd
RUA DR. CERVANTES,6xmq6
RUA DR. DIDIA,6xmq7 6xmq7y
RUA DR. EDIVALDO,6xmqeb
RUA DR. EDSON,6xmq7
RUA DR. MIGUEL LANGBECK,6xmq3
RUA DR. MORAES,6xmqs7
RUA DR. NEY RAYOL,6xmq
RUA DR. PORFIRIO,6xmq3
RUA DR. STANISLAU AFONSO,6xmq39 6xmq3c
RUA DR. THOMAS,6xmq6
RUA DR. XAVIER DE ALBUQUERQUE,6xmq4
RUA DRA. MARILZA,6xmq7
RUA DRACENA,6xmqen 6xmqf8
RUA DROSERA,6xmqen
RUA DRª YOLANDA,6xmq7y
RUA DUARTE DA COSTA,6xmq3 6xmq3w
RUA DUARTE GALVÃO,6xmq3r 6xmq9
RUA DUARTINA,6xmqdx 6xmqf8
RUA DUCAMARA,6xmqfv
RUA DULCE MAR,6xmq3
RUA DUODECIM,6xm
RUA DUQUE DE WINDSOR,6xmq3 6xmq6
RUA DURAME,6xm
RUA DURANGO,6xmqg4
RUA DURANI,6xmq3
RUA DURVAL BRAGA,6xmq7
RUA DÁLIA BRANCA,6xmqf
RUA DÁLIA ROSA,6xmqf
RUA DÁRIO II,6xmqg5
RUA DÁRIO MELO,6xmqef 6xmqs4
RUA DÍDIMO SOARES,6xmq6
RUA E,6xm 6xmq6 6xmq7 6xmq7y 6xmqd
RUA E - RES. TAPAJOS,6xmqc 6xmqf
RUA E 1 JD PAULISTA,6xmq6e
RUA E 5,6xmq6
RUA E 7,6xmq6
RUA E CJ ARISTOCRATICOS,6xmq3
RUA E VIVENDA VERDE,6xm 6xmq
RUA E- VILA BURITI,6xmq
RUA E-16,6xmq3q
RUA EBANOR DE PAULA,6xmq3z
RUA ECOLOGICA - RECREIO S. FCO.,6xm
RUA EDEALINA,6xmqf8 6xmqf9
RUA EDGAR ALLAN POE,6xmqdz 6xmqf8 6xmqf9
RUA EDGAR CAYCE,6xmqe 6xmqen
RUA EDGAR HIGINO DA SILVA,6xmq6
RUA EDGAR NEVES,6xmq4
RUA EDGAR QUINET,6xmqdx 6xmqf8
RUA EDIMILTON TEIXEIRA,6xm 6xmqf
RUA EDMILSON MAIA,6xm
RUA EDMILSON PAIXÃO,6xmq3 6xmq3q
RUA EDMUNDO DE ALMEIDA NERY,6xmq9f
RUA EDMUNDO SOARES,6xmqec 6xmqed 6xmqef
RUA EDMUNDO WILSON,6xmqd
RUA EDNA PEREIRA,6xmq3 6xmq3c
RUA EDNALDO BARBOSA,6xmq6
RUA EDSON BATISTA,6xmq36 6xmq37
RUA EDSON BITAR,6xmq3
RUA EDSON MARREIROS RAMOS,6xmq7j
RUA EDSON VIEIRALVES,6xmqee 6xmqes
RUA EDUARDA GENTIL,6xmq69 6xmq6d
RUA EDUARDO FORSTER,6xmqd
RUA EDUARDO GOMES,6xmq9
RUA EDUARDO PACHECO,6xmqdw
RUA EDUARDO PRADO,6xmq36 6xmq37
RUA EDWARD COSTA,6xmq6
RUA EFIGENIA,6xmq4
RUA EFRAIM,6xmqgb
RUA EFÉSIOS,6xmq6g
RUA EIRUNEPÉ,6xmq4
RUA EL SALVADOR,6xmqg
RUA EL SHADAY,6xmqfc
RUA ELDORADO,6xmqf8 6xmqf9
RUA ELESBÃO VELOSO,6xmqdy 6xmqdz
RUA ELIAS BENZECRY,6xmq9f 6xmq9g
RUA ELIAS GUEDES DA SILVA,6xmq9
RUA ELIAS LOBO,6xmq4z
RUA ELIAS MOKARZEL,6xmq7
RUA ELIN VIRTONEN,6xmqd
RUA ELISA LISPECTOR,6xmqc
RUA ELISA SOUTO,6xmqg 6xmqgg 6xmqu
RUA ELIZA FERREIRA,6xmqf
RUA ELIZABETH AGASSIS,6xmq7
RUA ELIZETE CARDOSO,6xmq
RUA ELIZETH CARDOSO,6xmqeg 6xmqeu
RUA ELOY LOPES,6xmqgf
RUA ELTON MAYO,6xmqf8
RUA ELZEBIO DE QUEIROS,6xmqe
RUA EMAÚS,6xmqg
RUA EMBAUBA PRATA,6xmqfe 6xmqfs
RUA EMBAÚVAS,6xmq3
RUA EMERENTINA SANTOS,6xmq
RUA EMIDGRO FERREIRA,6xmqd
RUA EMILE ZOLÁ,6xmq6b
RUA EMILIA BARBOSA,6xm
RUA EMILIANO DE SOUZA,6xmqk
RUA EMILIANO DI CAVALCANTI,6xmq68
RUA EMILIO MOURA,6xmqc
RUA EMMANUEL F E SANTOS,6xmq3
RUA EMPÉDOCLES,6xmqu
RUA EMÍLIA RUAS,6xmq3 6xmq3c
RUA EMÍLIO MOREIRA,6xmq4 6xmq6
RUA EMÍLIO ZARGES,6xmq6b
RUA ENCARNAÇÃO,6xmqu
RUA ENCHOVA,6xmqs
RUA ENCONTRO DAS AGUAS,6xmq
RUA ENDRO,6xm
RUA ENEIDA DE MORAES,6xmqey 6xmqez
RUA ENG. ELCIDES RICARDO,6xmqd
RUA ENGENHEIRO PAULO FRONTIN,6xmq9
RUA ENLUARADA,6xmqs
RUA ENOS,6xm
RUA ENTRE RIO,6xmq
RUA ENVIRA,6xmq6
RUA ENÉAS BARRETO THOMÉ,6xmqd
RUA ENÉAS CARNEIRO,6xmq7
RUA EPAMINONDAS BARAÚNA,6xmqd
RUA EPITACIO PESSOA,6xmq4
RUA EPÍCURO,6xmqu
RUA EQUADOR,6xmqg
RUA ERASMO LINHARES,6xmqc
RUA ERIDÚ,6xmqs
RUA ERMÍNIO BARBOSA,6xmq7
RUA ERNANE DE PAULA,6xmq7
RUA ERNANI BRAGA,6xmqg3
RUA ERNESTO COSTA,6xmq
RUA ERNESTO NAZARETH,6xmq7
RUA ERNESTO PENAFORTE,6xmq7
RUA ERNESTO PINTO FILHO,6xmqd
RUA EROTILDES ALVES DO CARMO,6xmq7r
RUA ERVA DOCE,6xmqs
RUA ERVA MATE,6xmqs
RUA ERVA SACURA,6xmqe
RUA ERVA SERENO,6xmqe
RUA ESCANDINÁVIA,6xmq4
RUA ESCUDO PERSA,6xm
RUA ESCÂNDIO,6xmq39 6xmq3d
RUA ESCÓCIA,6xmqd
RUA ESLOVÁQUIA,6xmqg
RUA ESLOVÊNIA,6xmq
RUA ESMERALDA,6xmq6
RUA ESMERALDA DO BRASIL,6xmqs4 6xmqs5
RUA ESMERLINDA QUEIROZ,6xmq3
RUA ESMIRNA,6xmqg
RUA ESPADA-DE-FOGO,6xm
RUA ESPANHA,6xmqd
RUA ESPARTA,6xmqf
RUA ESPELHO DAS ÁGUAS,6xmqf8 6xmqfb 6xmqfc
RUA ESPERANCA,6xmqg2
RUA ESPERAN¿A,6xmqs7
RUA ESPERANÇA,6xmqg3 6xmqg9
RUA ESPIGÃO,6xmqg 6xmqgg
RUA ESPINOSA,6xmqdx 6xmqdz 6xmqf8 6xmqfb
RUA ESPONJA DO MAR,6xmqk
RUA ESPÍIRITO SANTO,6xmq68 6xmq69
RUA ESRIBE,6xmqs
RUA ESTADOS UNIDOS,6xmqdt
RUA ESTANHO,6xmq3d 6xmqu
RUA ESTANISLAU J. MIRALHES,6xmq9
RUA ESTELA NOBRE,6xmq6
RUA ESTHER,6xmqfs
RUA ESTOCOLMO,6xmq9
RUA ESTONIA,6xmqg
RUA ESTORIL,6xmq3b
RUA ESTRADA PURAQUEQUARA,6xmq
RUA ESTRELA CADENTE,6xmq4x 6xmq4z
RUA ESTRELA D'ALVA,6xmq6
RUA ESTRELA DA COLINA,6xmqf
RUA ESTRELA DA TERRA,6xmq9 6xmq9g
RUA ESTRELA DE DAVI,6xmqd 6xmqdx 6xmqf2
RUA ESTRELA DO AMAZONAS,6xmqev 6xmqsh 6xmqsj
RUA ESTRELA DO INDAIÁ,6xmqeg
RUA ESTRELA DO MAR,6xmqk
RUA ESTRELA DO NORTE,6xmqeg
RUA ESTRELA DO SUL,6xmqeg
RUA ESTRELA GUIA,6xmqs
RUA ESTRELA NOVA,6xmqf2
RUA ESTRELA RAJADA,6xmq9 6xmq9e 6xmq9g
RUA ESTRELA SIRIUS,6xmq6
RUA ESTURJÃO,6xmqs
RUA ESTÔNIA,6xmq8
RUA ESUS,6xm
RUA ETIÓPIA,6xmq9
RUA EUCALIPTO,6xmqs 6xmqsr
RUA EUCLIDES DA CUNHA,6xmq6 6xmq6e
RUA EUCLIDES DE SOUZA,6xmq6
RUA EUFRATES,6xmqgc
RUA EUGENE SMITH,6xmqd
RUA EUGÊNIA,6xmqk
RUA EUGÊNIO GUDIN,6xmq9
RUA EULALIO CHAVES,6xmq7
RUA EULÁLIO CHAVES,6xmq7
RUA EUMELUS,6xm
RUA EUPALAMIDES,6xmqs 6xmqs7
RUA EURICIUS,6xm
RUA EURICLEA,6xm
RUA EURICO NELSON,6xmqdt
RUA EURÁSIA,6xmqc
RUA EUTERPE,6xmqu
RUA EUZÉBIO CARDOSO,6xmq7
RUA EVARISTO DA VEIGA,6xmq37
RUA EVARISTO FAUSTINO,6xmqd
RUA EVARISTO PUCU,6xmq
RUA EWERTON WANDERLEY,6xmqg1
RUA EXPEDICIONARIOS,6xmq3
RUA EZEQUIEL,6xmqfe
RUA EZIO FERREIRA,6xmqd
RUA EÇA DE QUEIROZ,6xmq3 6xmq36
RUA F,6xm 6xmq 6xmq3 6xmq9 6xmqd
RUA F DA COSTA,6xmq6
RUA F. MAGALHÃES,6xmqfu
RUA F1 - LOT. CORDEIRO,6xm
RUA FABIANO VIDEO,6xmqer
RUA FAGUNDES,6xmqe
RUA FAGUNDES VARELA,6xmq7
RUA FAISÃO,6xmqf
RUA FAISÃO COMUM,6xmq9g
RUA FAISÃO DOURADO,6xmq9
RUA FALCÃO PEREGRINO,6xmq9
RUA FARIA C. SOUZA,6xmq39 6xmq3d
RUA FARIAS DE CARVALHO,6xmq3
RUA FARROUPILHA,6xmq3q
RUA FARTURA,6xmq7 6xmqeb
RUA FAUSTA MASSULO,6xmqs
RUA FAUSTINO MOREIRA,6xmq6d
RUA FAUSTO P. MAIA,6xmqg
RUA FAUSTO VENTURA CONCEIÇÃO,6xmq7r
RUA FAVEIRO,6xmqfv
RUA FEIJÓ,6xmqg 6xmqg9
RUA FEIRA DE SANTANA,6xmqd
RUA FELICIANA COSTA,6xmq6
RUA FELIPE AUGUSTO,6xmq6
RUA FELIPE CONTRIM,6xmqeg 6xmqs5
RUA FELIPE II,6xmqf
RUA FELIPE KANAWATI,6xmq9
RUA FELIPE MANUEL DA CUNHA,6xmqg9
RUA FELISMINO C. VASCONCELOS,6xmq9
RUA FENICIA,6xmqf
RUA FERA DAS ÁGUAS,6xmqsh
RUA FERNANDO CORDOVA,6xmqs 6xmqsr
RUA FERNANDO CORTEZ,6xmqs 6xmqsr 6xmqu
RUA FERNANDO DE CÓRDOBA,6xmq 6xmq6b 6xmq7
RUA FERNANDO DE NORONHA,6xmqf
RUA FERNANDO DE SOUZA,6xmq3b
RUA FERNANDO ESQUIO,6xmq9
RUA FERNANDO LOBO,6xmqer 6xmqg2
RUA FERNANDO MENDES PINTO,6xmqdy
RUA FERNANDO PESSOA,6xmqd
RUA FERNANDO SABINO,6xmq36 6xmq37
RUA FERNANDO VII,6xmq6
RUA FERNÃO ALVARES,6xmqer
RUA FERNÃO DE MAGALHÃES,6xmq7
RUA FERREIRA DE ARAÚJO,6xmqu
RUA FERREIRA DE CASTRO,6xmqd
RUA FERREIRA DIAS,6xmqd
RUA FERREIRA GULLAR,6xmqc
RUA FERREIRA PENA,6xmq4 6xmq4p 6xmq60
RUA FIALHO D'ALMEIDA,6xmq36 6xmq3d
RUA FIDALGO,6xmqgf
RUA FIGUEIRA DA FOZ,6xmqk
RUA FIGUEIREDO PIMENTEL,6xmqsj
RUA FIJI,6xmqg
RUA FILADÉLFIA,6xmq9
RUA FILADÉLIA,6xmqe 6xmqg
RUA FILEMON,6xmq6f 6xmq6g
RUA FILETO PIRES,6xmqfu
RUA FILIPE AUGUSTO,6xmq7
RUA FILIPENSES,6xmq6g
RUA FILIPINAS,6xmqg
RUA FILISMINO F SOARES,6xmqs
RUA FILISTIA,6xmqf
RUA FILODENDRO,6xmqsh 6xmqsj
RUA FINLÂNDIA,6xmqg
RUA FITÔNIA,6xm
RUA FLAMBOYANT,6xmq7
RUA FLAMENGO,6xmq
RUA FLANDRES,6xmqg
RUA FLAUTIM MARROM,6xm
RUA FLOR CAMARADINHA,6xmq9
RUA FLOR DA IMPERATRIZ,6xmqk
RUA FLOR DA RAINHA,6xm
RUA FLOR DE ARARA,6xmq7
RUA FLOR DE BAUNILHA,6xm
RUA FLOR DE CACTOS,6xmqc
RUA FLOR DE CARDEAL,6xm
RUA FLOR DE CETIM,6xmqc
RUA FLOR DE LARANJEIRA,6xmqc
RUA FLOR DE LÓTUS,6xm
RUA FLOR DE MAIO,6xmq9 6xmq9f 6xmqd
RUA FLOR DE MARACUJÁ,6xmqc
RUA FLOR DE MUNGUBA,6xmqd
RUA FLOR DE NOIVA,6xmqs
RUA FLOR DE PEDRA,6xmq4
RUA FLOR DE VELUDO,6xmq9f
RUA FLOR DO CAMPO,6xmqc
RUA FLOR DO CÉU,6xm
RUA FLOR DO DIA,6xmqc
RUA FLOR DO MATO,6xmqc
RUA FLOR DOS REIS,6xmqc
RUA FLOR-DE-PLUMA,6xmq9f
RUA FLOR-DE-PÉROLAS,6xm
RUA FLORA RICA,6xmqg7
RUA FLORAI,6xmqe 6xmqg
RUA FLORENTINO PEREIRA,6xmq
RUA FLORENÇO PEREIRA DO LAGO,6xmqd
RUA FLORES DA CUNHA,6xmqeg
RUA FLORES DO PIAUÍ,6xmqeg
RUA FLORESTA,6xmqeg 6xmqs4 6xmqs5
RUA FLORESTAL,6xmqs
RUA FLORIANO GRANA,6xmq6r 6xmqd
RUA FLORIANO NASCIMENTO,6xm
RUA FLORIANÓPOLIS,6xmq6g
RUA FLORINEA,6xmqg
RUA FLUORITA,6xmqs5 6xmqsh
RUA FLÁVIO CALVACANTE,6xmqeu 6xmqev
RUA FLÁVIO COSTA,6xmq6 6xmq7 6xmq7j
RUA FLÁVIO DE CASTRO,6xmq6c
RUA FLÓRIDA,6xmqg
RUA FLÔRES DE GOIÁS,6xmqeg
RUA FOLHA DE PRATA,6xmqk
RUA FONTE BOA,6xmq6
RUA FONTES NOVA RAIZ,6xmq4x
RUA FONTES VELHAS,6xmq4x 6xmq4z
RUA FORDLÂNDIA,6xmqg7
RUA FORMOSA,6xmqdt 6xmqdv
RUA FORQUILHA,6xmqg
RUA FORQUILHINHA,6xmqg4
RUA FORTALEZA,6xmq6 6xmqf2
RUA FORTE DO CASTELO,6xmqk
RUA FORTE PRESÉPIO,6xmqk 6xmqs
RUA FOZ DO IGUAÇU,6xmqc
RUA FRAGATA,6xmq6f
RUA FRAIBURGO,6xmqg
RUA FRANCA JUNIOR,6xmq3
RUA FRANCIS BACON,6xmqs 6xmqsr
RUA FRANCISCA GONÇALVES DA SILVA,6xmqd
RUA FRANCISCA JÚLIA,6xmq3q
RUA FRANCISCA MENDES,6xm 6xmqg 6xmqg2 6xmqg9 6xmqgc 6xmqgf 6xmqgg
RUA FRANCISCA MORAES,6xmq
RUA FRANCISCO ALVES,6xmqeu
RUA FRANCISCO AMORIM,6xmqg 6xmqg2
RUA FRANCISCO ANTONIO PIGAFETTA,6xmqgb
RUA FRANCISCO ARAÚJO,6xmq3
RUA FRANCISCO ARRUDA,6xmq7 6xmqe
RUA FRANCISCO BATISTA,6xmq4s 6xmq4t
RUA FRANCISCO BAYMA,6xmqdt 6xmqdw
RUA FRANCISCO BOLONHA,6xmq7
RUA FRANCISCO CARRETTI,6xmq3
RUA FRANCISCO COUTO VALE,6xmq4x 6xmq4z 6xmq68
RUA FRANCISCO DE ABREU,6xmq
RUA FRANCISCO DE ABREU - DA FE,6xmq
RUA FRANCISCO DE ASSIS DE OLIVEIRA,6xmqs6
RUA FRANCISCO DE FREITAS,6xmqd
RUA FRANCISCO DE MIRANDA,6xmq6b 6xmq7
RUA FRANCISCO DO AMARAL,6xmq4p
RUA FRANCISCO DUARTE,6xmq6f
RUA FRANCISCO ESPINOZA,6xmq6c 6xmq7
RUA FRANCISCO FERNANDO,6xmq4z 6xmq6b
RUA FRANCISCO FILHO,6xmq6 6xmq6r
RUA FRANCISCO FURTADO,6xmq6
RUA FRANCISCO GALVÃO,6xmqey 6xmqez
RUA FRANCISCO GIRALDES,6xmq7
RUA FRANCISCO GOMES,6xmq
RUA FRANCISCO GUEDES,6xmq7
RUA FRANCISCO JOSÉ,6xmq7
RUA FRANCISCO LIMA,6xmqf
RUA FRANCISCO LOUREIRO,6xmq 6xmq3
RUA FRANCISCO LUSTOSA,6xmq
RUA FRANCISCO MACIEL,6xmq9
RUA FRANCISCO MARQUES FILHO,6xmq9 6xmq9e
RUA FRANCISCO MELO,6xmq6b 6xmq6c
RUA FRANCISCO MOREIRA,6xmqf
RUA FRANCISCO NOBRE,6xmq9
RUA FRANCISCO OLIVEIRA,6xmqeb 6xmqec
RUA FRANCISCO ORELLANA,6xmq3 6xmq3w
RUA FRANCISCO OTAVIANO,6xmqc
RUA FRANCISCO PAIVA,6xmqf
RUA FRANCISCO PEREIRA DA SILVA,6xmq7
RUA FRANCISCO PIZARRO,6xmqd
RUA FRANCISCO R. ZANY,6xmq3z 6xmq9
RUA FRANCISCO REZENDE,6xmqdv 6xmqdy
RUA FRANCISCO SAMPAIO,6xmq39
RUA FRANCISCO SANCHEZ,6xmqs
RUA FRANCISCO SANTANDER,6xmq7
RUA FRANCISCO SILVANO,6xmq7j
RUA FRANCISCO SOLANO,6xmq3w
RUA FRANCISCO TAPAJÓS,6xmq6r
RUA FRANCISCO VASQUEZ,6xmq6c
RUA FRANCO DE SÁ,6xmq6 6xmq6d
RUA FRANKFURT,6xmqg
RUA FRANKLIM PINHEIRO,6xmq9 6xmq9f
RUA FRANKLIN TÁVORA,6xmq7
RUA FRANZ SCHUBERT,6xmqd 6xmqdt
RUA FRANÇA,6xmqd 6xmqdt
RUA FRANÇA AMARAL,6xmqk
RUA FRANÇOIS FRESNAU,6xmqg
RUA FREDERICO CHOPIN,6xmq4 6xmq4e
RUA FREDERICO GARCIA LORCA,6xmqc
RUA FREDERICO GUILHERME,6xmq6c
RUA FREI BASÍLIO,6xm
RUA FREI BRUNO CURRIER,6xmqeu
RUA FREI CAETANO,6xmq
RUA FREI CIRO,6xmqfu
RUA FREI DAMIÃO,6xmq
RUA FREI DE MONTE ALVERNE,6xmq6 6xmq6r 6xmqd
RUA FREI GALVÃO,6xm
RUA FREI JOSÉ DE LEONISSA,6xm
RUA FREI JOSÉ DOS INOCENTES,6xmq 6xmq4
RUA FREI JOÃO SILVA,6xmqfs
RUA FREI LOURENÇO MARIA PORTO,6xm
RUA FREI LUIS DE SOUZA,6xmq3 6xmq3r
RUA FREI MAURO,6xmq6
RUA FREI MIGUEL ÂNGELO,6xmqs 6xmqs3 6xmqs4 6xmqs6
RUA FREI PANTALEÃO DE AVEIRO,6xmq38 6xmq39
RUA FREI PAULO,6xm
RUA FREI SABINO,6xmq3 6xmq37
RUA FREI TEODOSIO DA VEIGA,6xmq9
RUA FREI THOMAZ,6xmq
RUA FREI TITO,6xmqk
RUA FRIBURGO,6xmqg 6xmqg2
RUA FRONTEIRAS,6xmqg
RUA FUKUOKA,6xmqd
RUA FUKUSHIMA,6xmqd
RUA FUNCHO,6xmqu
RUA FURNAS,6xmq4 6xmq4x
RUA FURUOKA,6xmqd
RUA FÁBIO CASAGRANDE,6xmq9
RUA FÁBIO COUTO,6xmq7
RUA FÊNIX,6xmqg1
RUA FÚLVIO PENNANCHI,6xmq9
RUA G,6xm 6xmq 6xmqc
RUA G - CD. RES. ALTOS DE FLORES,6xmqem 6xmqes 6xmqet
RUA G 7,6xmqd
RUA G NRI PONTA NEGRA,6xmq8
RUA G VIVENDA VERDE,6xm 6xmq
RUA GABIRABA,6xmq9
RUA GABRIEL ALVARES,6xmq4y
RUA GABRIEL GOMES DA SILVA,6xmqd 6xmqdx
RUA GABRIEL GONCALVES,6xmq6 6xmq6e
RUA GABRIEL GUIMARÃES,6xmq9
RUA GABRIEL MONTEIRO,6xmqez
RUA GABRIEL SALGADO,6xmq4
RUA GABRIEL SOARES DE SOUZA,6xmqg3
RUA GABÃO,6xmqg
RUA GAIVOTA,6xmqgg
RUA GAIVOTA DE ROSS,6xmq9
RUA GAL. AMILCAR SALGADO,6xmq9g
RUA GAL. FRANCISCO ARGOLO,6xmq3
RUA GAL.FIUZA DE CASTRO,6xmqf8
RUA GALANÓPOULOS,6xmq9
RUA GALDINO RAMOS,6xmq3
RUA GALIA,6xmqg2
RUA GALICIA,6xmq6
RUA GALILEIA,6xmqc 6xmqf
RUA GALILEU,6xmq37
RUA GALILÉIA - CJ. BEN-HUR,6xmqgc
RUA GALO BANDEIRA,6xmqu
RUA GALO DA ROCHA,6xmqu
RUA GALO DA SERRA,6xmqu
RUA GALOPOLIS,6xmqg 6xmqg1
RUA GAMA DE ABREU,6xmq6c 6xmq6f
RUA GAMA FARIAS,6xmq3 6xmq3q
RUA GAMBIA,6xmqg
RUA GAMELEIRA,6xmqey 6xmqez
RUA GANA,6xmq9
RUA GANDU,6xmqg2
RUA GARANHUS,6xmq9f
RUA GARCIA REDONDO,6xmq36 6xmq37
RUA GARCIA RESENDE,6xmq9
RUA GARDÊNIA,6xmq9f 6xmq9g
RUA GAROUPA,6xmqs 6xmqs3
RUA GARUVA,6xmqg1
RUA GARÇA AZUL,6xmqs3
RUA GARÇA BRANCA,6xmqfu
RUA GARÇA CINZENTA,6xmqs3
RUA GARÇA DA MATA,6xm
RUA GARÇA MORENA,6xmqs3
RUA GARÇA MOURA,6xmqs
RUA GARÇA PARDA,6xmqs3
RUA GARÇA REAL,6xm 6xmqs3
RUA GARÇA VERMELHA,6xmqs3
RUA GASPAR,6xmqg1
RUA GASPAR DE CARVAJAL,6xmq9
RUA GASPAR DE FREITAS,6xmq9
RUA GASPAR DE LEMOS,6xmqdy
RUA GASPAR DE MADRE DEUS,6xmqg 6xmqu
RUA GASTÃO VIDIGAL,6xmqe
RUA GAURAMA,6xmqg 6xmqg1
RUA GAVIÃO,6xmqg1
RUA GAVIÃO BELO,6xmqen
RUA GAVIÃO CARIJÓ,6xmqs
RUA GAVIÃO REAL,6xmq3 6xmqg1
RUA GAVIÃO TESOURA,6xmqu
RUA GEBES MEDEIROS FILHO,6xmq9 6xmqc
RUA GEIR CAMPOS,6xmqc
RUA GEISA CARDOSO VASQUES,6xmq3q
RUA GENERAL,6xmqg 6xmqg1
RUA GENERAL AURÉLIO DE AMORIM,6xmqf8
RUA GENERAL CARNEIRO,6xmq68 6xmq69
RUA GENERAL CÂMARA,6xmqdx
RUA GENERAL GLICÉRIO,6xmq4 6xmq6
RUA GENERAL JACINTHO BOTINELLY,6xmq9
RUA GENERAL JOSÉ TAPAJÓS,6xm
RUA GENERAL LAFAYETTE,6xmq7
RUA GENERAL MIRANDA REIS,6xmq6
RUA GENERAL OSORIO,6xmq3 6xmq3c
RUA GENERAL PEREIRA CALDAS,6xmq
RUA GENERAL VIDAL PESSOA,6xmq4 6xmq4t 6xmq4y
RUA GENESINO BRAGA,6xmq7
RUA GENESIO CAVALCANTE,6xmqez
RUA GENOLINO AMADO,6xmq37
RUA GEOGINA MITOSO,6xmq6
RUA GEORGETOWN,6xmq9
RUA GERALDO COSTA,6xmq69 6xmq6d
RUA GERALDO FARNELA,6xmq3q 6xmq3r
RUA GERALDO NASCIMENTO,6xmqd 6xmqdx
RUA GERALDO SOLA,6xmqc
RUA GERANIO,6xmqf
RUA GERIBÁ,6xmqf
RUA GERMANOS,6xmq4t
RUA GERMÂNIO,6xmq39 6xmq3d
RUA GERSON DE SOUZA CASTRO,6xmq7
RUA GERSONEY DOS SANTOS,6xmq6
RUA GERTRUDES BARRETO,6xmqe
RUA GERÔNIMO DE ALBUQUERQUE,6xmq3
RUA GETULINA,6xmqg 6xmqg1 6xmqg2 6xmqg3
RUA GETÚLIO VARGAS,6xmq 6xmqk
RUA GEÓRGIA,6xmqg
RUA GIL VICENTE,6xmq36 6xmq37
RUA GILBERTO FIGUEREDO,6xmq9 6xmq9e
RUA GILBERTO FREIRE,6xmqd
RUA GINJEIRA,6xmqc
RUA GIOVANI FIGLIUOLO,6xmq7
RUA GIRASSOL,6xmq9
RUA GIRASSOL AMARELO,6xmq7r
RUA GIRASSOL-DO-MATO,6xm
RUA GIRO,6xmq
RUA GIRONDA,6xmqg1
RUA GIRUA,6xmqg1 6xmqg3
RUA GISELE,6xmqk
RUA GIUSEPPE VERDI,6xmqc
RUA GIÁCOMO PUCCINI,6xmqd
RUA GIÚLIU ROBERT,6xmq3z
RUA GLAUBER ROCHA,6xmq36 6xmq37
RUA GLAURA,6xmqe
RUA GLICINIA,6xmqen
RUA GLORIOS,6xmq3q
RUA GLOXINIA,6xm
RUA GLÓRIA,6xmq
RUA GODOFREDO BOUVILLON,6xmq6
RUA GODOFREDO NOGUEIRA,6xmqd
RUA GOIABA,6xmqfe
RUA GOIABARANA,6xmqfu
RUA GOIANÁPOLIS,6xmq9
RUA GOIATINS,6xmqec 6xmqef
RUA GOIÁS,6xmqd
RUA GOIÂNIA,6xmqc
RUA GOLDA MEIR,6xmqf9
RUA GOLFO DO ALASCA,6xmqs3
RUA GOLFO DO MÉXICO,6xmqs4
RUA GOMES LEAL,6xmq35
RUA GONSALO PIZARRO,6xmqeu 6xmqsh
RUA GONZAGA DUQUE,6xmq6 6xmq6r
RUA GONZAGUINHA,6xmqd
RUA GONÇALVES DE MAGALHÃES,6xmq7
RUA GOUVEA,6xmqg1
RUA GOUVEIA,6xmqdt 6xmqdw
RUA GOV JOSE CHEVALIER,6xmqc
RUA GOV. ADRIANO JORGE,6xmqc
RUA GOV. BORGES MACHADO,6xmqc
RUA GOV. FRAGOSO MONTEIRO,6xmqc
RUA GOV. ROGÉRIO COIMBRA,6xmqc
RUA GOVERNADOR ANTÔNIO C. DE CARVALHO,6xmqd
RUA GOVERNADOR ESTANISLAU AFONSO,6xmqc
RUA GOVERNADOR GILBERTO MESTRINHO,6xmq6g
RUA GOVERNADOR HENOCH REIS,6xmq6g
RUA GOVERNADOR JOSÉ LINDOSO,6xmq6g
RUA GOVERNADOR RÉGIS MONTEIRO,6xmqc
RUA GOVERNADOR VITÓRIO,6xmq4
RUA GOYANA,6xmq9g
RUA GOÉS MONTEIRO,6xmqe
RUA GRACILIANO RAMOS,6xmq7
RUA GRAFÍNIA,6xmqe
RUA GRAJAÚ,6xmqe 6xmqer
RUA GRAJAÚNA,6xm
RUA GRAMA AMENDOIN,6xmqk
RUA GRANDE CIDADE,6xmq36
RUA GRANDE CIRCULAR,6xmqu
RUA GRANDES RIOS,6xmqff
RUA GRANDOLA,6xmqc
RUA GRAPIA,6xmqfv
RUA GRAPIAPUNHA,6xmqf 6xmqfv
RUA GRAVATAÍ,6xmqg4 6xmqg5
RUA GRAVIOLA,6xmq3x
RUA GRAÇA DE DEUS,6xmqg
RUA GRAÇA THIAGO,6xmq
RUA GRAÚNA,6xmqf
RUA GRECIA,6xmqd
RUA GREGORIO DIAS,6xmq4
RUA GREGÓRIO MATOS,6xmq35
RUA GREVÍLIA,6xmqen
RUA GROELÂNDIA,6xmq 6xmq7
RUA GRUBIXÁ,6xmqf
RUA GRUMIXAVA,6xmqf 6xmqfv
RUA GRÃO PARÁ,6xmqdw
RUA GUABAJUBA,6xmqdw 6xmqdy
RUA GUACA,6xmqf
RUA GUACARI,6xmqs 6xmqs3
RUA GUACO,6xmqe 6xmqew
RUA GUADALAJARA,6xmq9 6xmq9e
RUA GUADALUPE,6xmqs
RUA GUAIACO,6xmqu
RUA GUAICARA,6xmqen
RUA GUAIPA,6xmq4x
RUA GUAIRANA,6xmqs 6xmqs3
RUA GUAIUVIRA,6xmqfe 6xmqfg
RUA GUAIVIRA,6xmqs3
RUA GUAJAJARA,6xm
RUA GUAJARÁ,6xmq9 6xmq9e
RUA GUAJUPIÁ,6xmqg 6xmqgf
RUA GUAJURU,6xmqdv 6xmqdy
RUA GUALTER BATISTA,6xmq69 6xmq6c 6xmq6f
RUA GUAMARÉ,6xmqdz 6xmqe
RUA GUAMIRIM,6xmqdz 6xmqe
RUA GUAMÁ,6xmq
RUA GUANABARA,6xmq4s 6xmq7y 6xmqf 6xmqf2
RUA GUANABARA I,6xmq4s
RUA GUANAMBI,6xmqf
RUA GUANANDI,6xmqs 6xmqs3
RUA GUANAPURIS,6xmq3
RUA GUANAVENAS,6xmqdz
RUA GUANDIRA,6xmqs
RUA GUANIBIS,6xmq7j
RUA GUANINA,6xmqs 6xmqs3 6xmqs4
RUA GUANULE,6xmqev
RUA GUAPE,6xmqu
RUA GUAPEVA,6xmqu
RUA GUAPIARA,6xmqdz
RUA GUAPIAÇU,6xmqdz
RUA GUAPIMIRIM,6xmqdz
RUA GUAPIRAMA,6xmqdz 6xmqe
RUA GUAPO,6xmqdz 6xmqe
RUA GUAPOREMA,6xmqfb
RUA GUAPURUVA,6xmqfu
RUA GUARABIRA,6xmqgg
RUA GUARACAI,6xmqg7
RUA GUARACI,6xmqe
RUA GUARACIABA,6xmqfe 6xmqfs
RUA GUARAI,6xmqs3
RUA GUARAJUBA,6xmqk
RUA GUARAMIRANGA,6xmqs
RUA GUARANA,6xmqf
RUA GUARANESIA,6xm
RUA GUARANTA,6xmqdv 6xmqdy
RUA GUARANY,6xmq6f 6xmqd
RUA GUARAPUAVA,6xmqfu
RUA GUARAQUEÇABA,6xmqg7
RUA GUARARAMA,6xmqg6 6xmqg7
RUA GUARARAPES,6xmq3 6xmqg6 6xmqg7
RUA GUARAREMA,6xmqg
RUA GUARATINGA,6xmqe
RUA GUARATUBA,6xmqeu
RUA GUARENAS,6xmqg
RUA GUARIBA,6xmqfc
RUA GUARIRI,6xmqg 6xmqgf 6xmqgg
RUA GUARIROBA,6xmqf
RUA GUARIUBA,6xmqfv
RUA GUARUJA,6xmqf
RUA GUARUPUJU,6xmqff 6xmqfg
RUA GUARÁ,6xmqev
RUA GUATEMALA,6xmqd 6xmqdt
RUA GUAXIMA,6xmqdv 6xmqdy
RUA GUAXIMIM,6xmqg9
RUA GUAXUPÉ,6xmqfc
RUA GUERRA JUNQUEIRO,6xmq3
RUA GUIANA,6xmqg
RUA GUIANA FRANCESA,6xmqk
RUA GUIANA HOLANDESA,6xmqg
RUA GUIANÉSIA,6xmq9e
RUA GUILHERME ALEXANDRE,6xmq
RUA GUILHERME DE ALMEIDA,6xmq3 6xmq37
RUA GUILHERME DE ORANGE,6xmq6b 6xmq7
RUA GUILHERME MOREIRA,6xmq4
RUA GUILHERME PARAENSE,6xmq6
RUA GUILHERME VALENTE,6xmqfc
RUA GUILHERMINA GUERREIRO,6xmq9
RUA GUILHERMINO CESAR,6xmqc
RUA GUIMARÃES ROSA,6xmq7
RUA GUINÉ,6xmq9
RUA GUINÉ BISSAU,6xmq8
RUA GUINÉ EQUATORIAL,6xmqg
RUA GUIOMAR MORAIS,6xmq6
RUA GUPIARA,6xmqk 6xmqs
RUA GURGEL,6xmqgg
RUA GURJAÚ,6xmqet
RUA GURUPI,6xmq9e 6xmq9g
RUA GUSMÂNIA,6xmq9 6xmq9e 6xmq9f 6xmq9g
RUA GUSTAVO CAPANEMA,6xmqc
RUA GUTEMBERG,6xmqg3
RUA GÁLATAS,6xmq6g
RUA H,6xm 6xmq 6xmqdt 6xmqg5
RUA H - RES. TAPAJOS,6xmqc
RUA H VIVENDA VERDE,6xm 6xmq
RUA H. C. SANTANA,6xmq 6xmq38
RUA HAITI,6xmqg
RUA HAITIANO,6xmqf
RUA HALÉSIA,6xmqf
RUA HAMAR,6xmq9
RUA HAMILTON MOURAO,6xmq69 6xmq6d
RUA HANAMIAS,6xmqfe 6xmqfs
RUA HANNIBAL PORTO,6xmq4e 6xmq4s
RUA HANOI,6xmq9
RUA HARMONIA,6xmqg6
RUA HAROLDO BARBOSA,6xmq7
RUA HAROLDO PORTO,6xmq6
RUA HARUMAKI,6xmqd
RUA HAVAI,6xmq9
RUA HAVANA,6xmqg
RUA HEBREUS,6xmq6g
RUA HEBRON,6xmqc
RUA HEISEI,6xmqd 6xmqe
RUA HEITOR GALLENO,6xmqk
RUA HEITOR PERES,6xmq7
RUA HEITOR VILLA LOBOS,6xmq7
RUA HEITORAL,6xmqg5
RUA HELDER GOMES RAMOS,6xmq9
RUA HELENA CARDOSO,6xm
RUA HELENA MOURA,6xmq3z
RUA HELIODORO BALBI,6xmqsh 6xmqsj
RUA HELIODORO BOTELHO,6xmq4
RUA HELIODORO MOREIRA,6xmq6
RUA HEMATITA,6xmqgc 6xmqu
RUA HEMETERIO CABRINHA,6xmq4s
RUA HEMETINA,6xmqs
RUA HEMINGWARY,6xmqd
RUA HENRIQUE ANTONY,6xmq4
RUA HENRIQUE ARCHER PINTO,6xmq4s
RUA HENRIQUE DE NAVARRA,6xmq7
RUA HENRIQUE DIAS,6xmq3
RUA HENRIQUE JOBIM,6xmq9
RUA HENRIQUE MARTINS,6xmq4
RUA HENRY HEINZ,6xmq6
RUA HENRY MORET,6xmqd
RUA HERA TERRESTRE,6xmqe
RUA HERBERT COELHO,6xmqs
RUA HERCULANO C COSTA,6xmq6
RUA HERCULANO DE SOUZA,6xmqey 6xmqez
RUA HERCULANO PENA,6xmqg7
RUA HERCULANO RAMOS,6xmq7
RUA HERCULÂNDIA,6xmqg5
RUA HERIVELTO MARTINS,6xmqeu 6xmqev
RUA HERMAN LIMA,6xmq3 6xmq37
RUA HERMAN WEISER,6xmq7
RUA HERMANN JULIUS,6xmq6
RUA HERMENGARDA JOBIM,6xm 6xmqf
RUA HERMES DA FONSECA,6xmq3 6xmq3w
RUA HERÁCLES,6xmq9
RUA HERÁCLITO,6xmqe
RUA HEVEAS BRASILIENSIS,6xmqg5
RUA HIBISCO,6xmqs 6xmqs7
RUA HIBRIDA,6xmqc
RUA HICSOS,6xmq4s
RUA HIDELBRANDO ANTONY,6xmq9
RUA HIDRA,6xmq3
RUA HIDROLÂNDIA,6xmqg5
RUA HILDA SEIXAS,6xmq6 6xmqd
RUA HILÁRIO CALHEIRO,6xmq
RUA HILÁRIO CAVALCANTE DE MORAES,6xmq9
RUA HIPÓLITO DA COSTA,6xmq36 6xmq37
RUA HIROSHIMA,6xmqd
RUA HOKKAIDO,6xmq6 6xmqd
RUA HOLAMBRA,6xmqg4 6xmqg5
RUA HOLANDA,6xmqdt
RUA HOLANDA FERREIRA,6xmq9
RUA HOMERO,6xmqfu
RUA HOMERO DE MIRANDA LEÃO,6xmq3 6xmq3q 6xmq3w
RUA HONDURAS,6xmq8
RUA HONOLULU,6xmqg 6xmqg5
RUA HONSHU,6xmq6 6xmqd
RUA HORIZONTE,6xmqg4
RUA HORIZONTINA,6xmqg4
RUA HORTELÃ,6xmq9
RUA HORTELÃ DO CAMPO,6xmqe
RUA HORTOLÂNDIA,6xmqg4
RUA HORTÊNCIAS,6xmqsj
RUA HOSANA,6xmqg
RUA HUASCAR ANGELIN,6xmq6
RUA HUASCAR DE FIGUEIREDO,6xmq4
RUA HUDSON VIANA,6xmq3z
RUA HUGO DE ABREU,6xmq7j
RUA HUMAITÁ,6xmq4 6xmq4t
RUA HUMARÉ,6xmqet
RUA HUMBERTO DE CAMPOS,6xmq3 6xmq3c
RUA HUMBERTO ECO,6xmqdy
RUA HÉLIO LEÂO,6xmqff 6xmqg4
RUA HÉRCULES,6xmqs
RUA HÓRUS,6xmqg5
RUA I,6xmq 6xmq4x 6xmq68
RUA I 3,6xmq7
RUA I LOT PARQUE DOS GUARANÁS,6xm
RUA I TERRA NOVA,6xmqf 6xmqf9
RUA I VIVENDA VERDE,6xmq
RUA I-3 ARMANDO MENDES,6xmq7
RUA IACI,6xmqer 6xmqfb
RUA IACIARA,6xmqfb
RUA IACOUARI,6xmq9
RUA IANOMÂMI,6xmq9 6xmq9f
RUA IAPANA,6xmqev
RUA IATE CLUB,6xmq
RUA IAUPÉ JAÇANÃ,6xmq3
RUA IAÇU,6xmqfc
RUA IBATEGUARA,6xmqg4 6xmqg5
RUA IBATÉ,6xmqfc 6xmqff
RUA IBERE CAMARGO,6xmqd
RUA IBIAPINA,6xmqev
RUA IBIARA,6xmqdz 6xmqfb 6xmqfc
RUA IBIASSUCE,6xmqg7
RUA IBICARAI,6xmqet
RUA IBICARÉ,6xmqeu 6xmqev 6xmqey 6xmqez
RUA IBICOARA,6xmqes
RUA IBIMIRIM,6xmq9 6xmqes
RUA IBINS,6xmqs
RUA IBIPEBA,6xmq9 6xmq9f
RUA IBIPETUBA,6xmqev 6xmqey
RUA IBIPORÃ,6xmqes 6xmqet
RUA IBIQUERA,6xmqes
RUA IBIRACI,6xmqes
RUA IBIRAIARAS,6xmqg1 6xmqg4 6xmqg5
RUA IBIRAJUBA,6xmqet
RUA IBIRAMA,6xmqev 6xmqey
RUA IBIRAPITINGA,6xmqg4 6xmqg5
RUA IBIRAPUERA,6xmq3q
RUA IBIRAPUÃ,6xmqev
RUA IBIRAREMA,6xmqev 6xmqey
RUA IBIRATAIA,6xmqev
RUA IBIRITÉ,6xmqev 6xmqey
RUA IBIRUBA,6xmqes 6xmqet
RUA IBIRÁ,6xmqe 6xmqew
RUA IBIS,6xmqg5
RUA IBIS BRILHANTE,6xmq9
RUA IBITIARA,6xmqev 6xmqey
RUA IBITINGA,6xmqk
RUA IBITITA,6xmqg5
RUA IBITURANA,6xmqg4 6xmqg5
RUA IBIUNA,6xmqev 6xmqey
RUA IBIZA,6xmqg
RUA IBIÁ,6xmqfc 6xmqff
RUA ICA,6xmqf
RUA ICARAIMA,6xmqet
RUA ICEM,6xmqev 6xmqey
RUA ICO,6xmqet 6xmqew
RUA ICOARACI,6xmqdz 6xmqfb
RUA ICONHA,6xmqev 6xmqey
RUA IDELFONSO PIMENTEL,6xmq9
RUA IDELZITH PINHEIRO,6xmqe
RUA IDOCRÁSIO,6xmqsh
RUA IEMEN,6xmq
RUA IEPE,6xmqet
RUA IGACI,6xmqeu 6xmqev 6xmqey
RUA IGAPORÃ,6xmqet
RUA IGARAPABA,6xmqet 6xmqew
RUA IGARAPE DE MANAUS,6xmqk
RUA IGARAPE DO MAUÁ,6xmq 6xmqk
RUA IGARAPE PERI,6xmqg7
RUA IGARAPÉ ACIMÃ,6xmq7
RUA IGARAPÉ AGRIPINO,6xmq9f
RUA IGARAPÉ ANAMÃ,6xmq9g
RUA IGARAPÉ ARARA,6xmqgf
RUA IGARAPÉ ARAÇA,6xmq7 6xmqk
RUA IGARAPÉ ARAÇATUBA,6xmqs
RUA IGARAPÉ AROARI,6xmqg1 6xmqg3
RUA IGARAPÉ BACURI,6xmq9f
RUA IGARAPÉ BEIJA FLOR,6xmq7
RUA IGARAPÉ BOA VISTA,6xmqs6
RUA IGARAPÉ BURITI,6xmq9f 6xmq9g
RUA IGARAPÉ CAMPINAS,6xmq9f 6xmq9g
RUA IGARAPÉ CAPANA,6xmq7y
RUA IGARAPÉ CARARÁ,6xmqc
RUA IGARAPÉ DE MANAUS,6xmq4
RUA IGARAPÉ DO BINDÁ,6xmqd
RUA IGARAPÉ DO GIGANTE,6xmqc
RUA IGARAPÉ DO QUARENTA,6xmq 6xmq7
RUA IGARAPÉ DOS GUEDES,6xmqc
RUA IGARAPÉ FLEXAL,6xmqc
RUA IGARAPÉ GUAJARA,6xmqg1
RUA IGARAPÉ IPIXUNA,6xmq7 6xmqk
RUA IGARAPÉ ITAMARATI,6xmqs
RUA IGARAPÉ LORENA,6xmq9f
RUA IGARAPÉ MANDI,6xmqf
RUA IGARAPÉ MANGUTIRI,6xmq7
RUA IGARAPÉ MOURÃO,6xmq9f 6xmq9g
RUA IGARAPÉ RAPOSO,6xmq9f
RUA IGARAPÉ RECONQUISTA,6xmq7 6xmqk
RUA IGARAPÉ SAMAUMA,6xmqd
RUA IGARAPÉ SUCUPIRA,6xmqc
RUA IGARAPÉ SÃO JOSÉ,6xmqev 6xmqey
RUA IGARAPÉ SÃO JOÃO,6xmqs
RUA IGARAPÉ SÃO TOMÉ,6xmqc
RUA IGARAPÉ SÃO VICENTE,6xmq7
RUA IGARAPÉ TABOCA,6xmqg3
RUA IGARAPÉ VIANA,6xmqs4 6xmqs5
RUA IGARAPÉ ÁGUA PRETA,6xmq7 6xmqk
RUA IGARASSU,6xmq9
RUA IGARATA,6xmqet 6xmqev
RUA IGARATIM,6xmqeg
RUA IGARAÇU,6xmqev 6xmqey 6xmqez
RUA IGNACIO PADEREWSKI,6xmq9
RUA IGNÁCIO MAGALHÃES,6xmq3 6xmq3c
RUA IGRAPIUNA,6xmq3r
RUA IGUARACI,6xmq9
RUA IGUATAMA,6xmqes 6xmqet
RUA IGUATEMI,6xmqet 6xmqew
RUA IGUATU,6xmq9 6xmq9e
RUA II LOT PARQUE DOS GUARANÁS,6xm
RUA III C VILA CAMARA,6xmq7r 6xmqe
RUA IJACI,6xm 6xmqf
RUA IJUI,6xmqev 6xmqf
RUA ILHA BELA,6xmqs
RUA ILHA CONTINENTAL,6xmq3
RUA ILHA DA MADEIRA,6xmqg
RUA ILHA DE CANELA,6xmqd
RUA ILHA DE ITAMARACÁ,6xmqg7
RUA ILHA DE PÁSCOA,6xmq 6xmq4p
RUA ILHA DO BANANAL,6xmqk 6xmqs
RUA ILHA DO BAXIO,6xmqec 6xmqs
RUA ILHA DO JALAPÃO,6xmqk
RUA ILHA DOS POMBOS,6xmq4z
RUA ILHA EULÉIA,6xmq
RUA ILHA MEXIANA,6xmqg 6xmqg7
RUA ILHA OREGON,6xmq8 6xmq9
RUA ILHA SOLTEIRA,6xmq4x
RUA ILHAS GREGAS,6xm
RUA ILHAS HÉBRIDAS,6xmqg
RUA ILHAS MALDIVAS,6xmqg 6xmqg7
RUA ILHAS MALVINAS,6xmqg
RUA ILHAS MARIANAS,6xm 6xmq7
RUA ILHAS MAURÍCIO,6xmq 6xmq8
RUA ILHAS REI JORGE,6xmqg
RUA ILHAS REUNIDAS,6xmq8
RUA ILHAS SALOMAO,6xmq8
RUA ILHEÚS PONTAL,6xmqg 6xmqg7
RUA ILHOTA,6xmqet 6xmqew
RUA ILHÉUS,6xmqfb
RUA ILIDIO LOPES,6xmq4z 6xmq6b 6xmq6c
RUA IMACULADA CONCEIÇÃO,6xmqgf 6xmqgg 6xmqu
RUA IMBAÚ,6xmqev 6xmqey
RUA IMBIARA,6xmq9
RUA IMBIRA,6xmqu
RUA IMBIRI,6xmqu
RUA IMBITUBA,6xmqet 6xmqev 6xmqew
RUA IMBU,6xm
RUA IMBUIA,6xmqet 6xmqev
RUA IMBURANA,6xmqf
RUA IMBURANA VERMELHA,6xm 6xmqf
RUA IMBÉ,6xmqew
RUA IMPERATRIZ,6xmqew 6xmqey
RUA IMPERATRIZ GUITA,6xmq7
RUA INACIOLÂNDIA,6xmqet 6xmqev
RUA INAJÁ,6xmq9
RUA INALDO LUIGI,6xmqd
RUA INARI,6xmqg1 6xmqg4
RUA INCA,6xmqf
RUA INCONFIDÊNCIA,6xmq3q
RUA INDAIATUBA,6xmqew 6xmqey
RUA INDAIÁ GUAÇU,6xmqs
RUA INDIANA,6xmqev 6xmqey
RUA INDIANAPOLIS,6xmqg
RUA INDIARA,6xmqee 6xmqes
RUA INDIO CRETÃ,6xmq7
RUA INGARANA,6xmqf
RUA INGARICÓ,6xmqeu 6xmqev
RUA INGLATERRA,6xmqd 6xmqdt
RUA INGRID BERGMAN,6xmq6
RUA INGÁ-FEIJÃO,6xm
RUA INHAMBÚ,6xmqgg
RUA INHAME,6xmqf
RUA INHAPI,6xmq9
RUA INHAPIM,6xmqew
RUA INIMUIABA,6xmqes 6xmqet
RUA ININGA,6xmqdy
RUA INOA,6xmqew
RUA INOCÊNCIO DE ARAÚJO,6xmq4
RUA INVERNO,6xmqgb 6xmqu
RUA INÁCIO A. PEIXOTO,6xmq3w
RUA INÁCIO BENTO,6xmqd
RUA INÊS MEZZANO,6xmq6
RUA IORUBÁ,6xmqew 6xmqk 6xmqs
RUA IPAMERIM,6xmq9e
RUA IPANEMA,6xmqey
RUA IPANGUAÇU,6xmq9
RUA IPATINGA,6xmqet 6xmqev
RUA IPE BRANCO,6xmqs3
RUA IPECUA,6xm
RUA IPEQUI,6xmqfb
RUA IPIAU,6xmqev 6xmqew 6xmqey
RUA IPIAÇU,6xmqeu
RUA IPIRA,6xmqey
RUA IPIRANGA,6xmq3 6xmq4 6xmq4t 6xmqg1
RUA IPIXUNA,6xmq4
RUA IPIXUNA DO PARÁ,6xm
RUA IPOJUCA,6xmq9
RUA IPOMÉIA,6xm
RUA IPU,6xmqev
RUA IPUEIRAS,6xmqet 6xmqeu 6xmqev
RUA IPÊ,6xmq7
RUA IPÊ AMARELO,6xmqew
RUA IPÊ BRANCO,6xmqs3
RUA IPÊ CABOCLO,6xmqef 6xmqs4
RUA IPÊ MAMONA,6xmqef 6xmqs4
RUA IPÊ PRETO,6xmqs3
RUA IPÊ ROSA,6xmqs3
RUA IRACEMA,6xmq9f 6xmqd
RUA IRACILDA COELHO,6xmqs
RUA IRACY ALBUQUERQUE,6xmq6
RUA IRACY GONÇALVES,6xmqg4
RUA IRAGUARA,6xmq9
RUA IRAIA,6xmqe
RUA IRAMAIA,6xmqe
RUA IRANDUBA,6xmqe 6xmqed 6xmqef 6xmqeg
RUA IRAPURÁ,6xmqs3
RUA IRAQUARA,6xmqet
RUA IRAQUE,6xmq
RUA IRATIM,6xmq4
RUA IRAUNA GRANDE,6xm
RUA IRAÍ,6xmqed 6xmqee
RUA IRECÊ,6xmqg5
RUA IRENE DE CURIE,6xmq7
RUA IRENE MACIEL,6xmqu
RUA IRIANEÓPOLIS,6xmqg5 6xmqg6 6xmqg7 6xmqu
RUA IRINÉIA RIBEIRO,6xmq3
RUA IRIRI,6xmqgf
RUA IRIRU,6xmqg7
RUA IRIS AFRICANA,6xmq9
RUA IRITAMA,6xmqg5 6xmqg7
RUA IRLANDA,6xmqd
RUA IRMA BERNARDA,6xmq3c 6xmq6
RUA IRMA HELENA,6xmq
RUA IRMA V SHANNEYDER,6xmq3c 6xmq6
RUA IRMÃ CREUZA COELHO,6xmq7 6xmqk 6xmqs
RUA IRMÃ DOMITÍLIA,6xm
RUA IRMÃ DULCE,6xmqfe 6xmqfs
RUA IRMÃ ELIZABETH BAYMA,6xm
RUA IRMÃ FLORENÇA,6xmqfu
RUA IRMÃ MARGARIDA,6xm
RUA IRÃ,6xmq 6xmqk
RUA ISAAC BENJÓ,6xmq39 6xmq3d
RUA ISAAC NEWTON,6xmqfu
RUA ISAAC RABIN,6xmq7
RUA ISAAC SABBÁ,6xmq7
RUA ISABEL,6xmq4
RUA ISABEL DE CASTELA,6xmq7
RUA ISABEL DESIDERI,6xmq
RUA ISABEL PIRES,6xmqgc 6xmqgf
RUA ISAIAS,6xmqf2
RUA ISAIAS FARIAS,6xmqf
RUA ISAURINHA GARCIA,6xmq
RUA ISAÍAS,6xmqfs
RUA ISKARIANA,6xmq 6xmq9
RUA ISLÂNDIA,6xmq
RUA ISLÃ,6xmq4
RUA ISMAEL BENIGNO,6xmq9
RUA ISMAEL PINHEIRO,6xmq7
RUA ISMAEL PONTES,6xmq6
RUA ISRAEL,6xmqu
RUA ISRAEL BENCHIMOL,6xmq4s 6xmq4t
RUA ISRAELITA,6xmqd
RUA ISRAELÂNDIA,6xmqg 6xmqg6 6xmqg7
RUA ISSAC BENZECRY,6xmq7
RUA ISTAMBUL,6xmq9
RUA ITA,6xmqeu 6xmqev
RUA ITABAIANA,6xmqg7
RUA ITABIRA,6xmqev
RUA ITABORAÍ,6xmqev
RUA ITACARAMBI,6xmqg 6xmqg6
RUA ITACARÉ,6xmqet 6xmqeu 6xmqev
RUA ITACIARA,6xmqfb
RUA ITACIRA,6xmqs5
RUA ITAENGA,6xmq9
RUA ITAETÉ,6xmqev 6xmqew 6xmqey
RUA ITAGIBA,6xmqev
RUA ITAGIMIRIM,6xmqg 6xmqg6
RUA ITAGUACETUBA,6xmqe
RUA ITAGUARUNA,6xmqg
RUA ITAGUATINS,6xmqef 6xmqs4
RUA ITAGUAÇÚ,6xmq9
RUA ITAI,6xmqet
RUA ITAIA,6xmq7 6xmq7j
RUA ITAIOPOLIS,6xmqg6 6xmqg7
RUA ITAIPAVA,6xmqey
RUA ITAITÊ,6xmqdv 6xmqdy
RUA ITAIVA,6xmqs
RUA ITAJAÍ,6xmq3
RUA ITAJI,6xmq3 6xmq3r
RUA ITAJIBA,6xmqe
RUA ITAJUBA,6xmq3
RUA ITAJÁ,6xmqes
RUA ITAMARACÁ,6xmq4
RUA ITAMARAÃ,6xmqs6
RUA ITAMBÉ,6xmqet
RUA ITANAJÉ,6xmqew 6xmqey
RUA ITANARAJÁ,6xmqdz 6xmqfb
RUA ITANGA,6xmqs
RUA ITAOBIM,6xmqg6
RUA ITAPACI,6xmqet
RUA ITAPAGIPE,6xmqg6 6xmqg7
RUA ITAPAJÉ,6xmqet
RUA ITAPANI,6xmqdx
RUA ITAPANY,6xmqdx
RUA ITAPARICA,6xmq4x
RUA ITAPECERICA,6xmqes
RUA ITAPECIRICA,6xmqs
RUA ITAPEROA,6xmqk 6xmqs
RUA ITAPETIM,6xmq9
RUA ITAPETININGA,6xmqes
RUA ITAPEVA,6xmqf
RUA ITAPEVI,6xmqet
RUA ITAPICURU,6xmqe 6xmqes
RUA ITAPIPOCA,6xmqe 6xmqes
RUA ITAPIRA,6xmq7
RUA ITAPIRANGA,6xmqe
RUA ITAPIRAPUA,6xmqe
RUA ITAPITANGA,6xmqe
RUA ITAPIUNA,6xmqs
RUA ITAPOAMA,6xmqeb 6xmqec
RUA ITAPORÃ,6xmqs
RUA ITAPORÃO,6xmqe 6xmqes
RUA ITAPOÃ DO OESTE,6xmqe
RUA ITAPUAMA,6xmq6
RUA ITAPURA,6xmqe
RUA ITAPURANGA,6xmqe 6xmqes
RUA ITAPUÍ,6xmqet
RUA ITAQUARA,6xmqe
RUA ITAQUERAI,6xmqee
RUA ITAQUERAIMA,6xmqee
RUA ITAQUI,6xmqet
RUA ITAQUITINGA,6xmq9
RUA ITARANTIM,6xmqe 6xmqee
RUA ITARARÉ,6xmqet 6xmqew
RUA ITARIRI,6xmqe
RUA ITARUMA,6xmqe 6xmqee
RUA ITARUMÃO,6xmqe 6xmqee
RUA ITATERÁ,6xmqs
RUA ITATIAIA,6xmq7 6xmq7j
RUA ITATINS,6xmqew
RUA ITATUBA,6xmq9
RUA ITAUM,6xmqes 6xmqet
RUA ITAUNA,6xmqee 6xmqes
RUA ITAUÁ,6xmqs3
RUA ITAVERAVA,6xmqd
RUA ITAÚBA PRETA,6xm
RUA ITIQUIRA,6xmqg6 6xmqg7
RUA ITIRAPINA,6xmqg6 6xmqg7
RUA ITIRUÇÚ,6xmq3r
RUA ITOBI,6xmqes 6xmqet
RUA ITORORÓ,6xmqee 6xmqes
RUA ITUIUTABA,6xmq9 6xmq9e 6xmq9f 6xmq9g
RUA ITUPURANGA,6xmq6 6xmq7
RUA ITUVERAVA,6xmqg7
RUA ITÁLIA,6xmqdt
RUA IUATE,6xmqes 6xmqet
RUA IUNA,6xmqg6 6xmqg7
RUA IV LOT PARQUE DOS GUARANÁS,6xm
RUA IVAILÂNDIA,6xmq7 6xmq7j
RUA IVAIPORÃ,6xmqee 6xmqes
RUA IVANILDO ALVES,6xmq6
RUA IVO AMAZONAS,6xmq6
RUA IVO LEMOS,6xmq6
RUA IVONE SEFAIR,6xmqdx
RUA IVOTÍ,6xmqes 6xmqet
RUA IX CJ VILA CAMARA,6xmqe
RUA IXORA,6xmqc 6xmqf
RUA IZABEL MOTTA,6xmq6f 6xmq6g
RUA IZAURA ESPERANÇA,6xmqeb 6xmqs
RUA IZAURINA BRAGA,6xmq3 6xmq36 6xmq37
RUA IÇARA,6xmqes 6xmqet
RUA IÇÁ,6xmq
RUA J,6xmq
RUA J (RES. LYON),6xmq8 6xmq9
RUA J - NRI PONTA NEGRA,6xmq8
RUA J AUGUSTO BORBOREMA,6xmq3c
RUA J B SILVA,6xmq4
RUA J CD. EPHIGENIO SALLES,6xmq6
RUA J EDEM,6xmqf2
RUA J VIVENDA VERDE,6xmq
RUA J. BLANDIN,6xmq6g
RUA J. CARLOS ANTONY,6xmq4x
RUA J. LEITE,6xmqc
RUA J. O' CALLAGHAM,6xmq39 6xmq3c
RUA J. QUEIROZ,6xmqd
RUA J. SOARES,6xmq3x 6xmq9
RUA J.CASTRO FIGUEIREDO,6xmq7r
RUA JABAL,6xm
RUA JABOIRANAS,6xmqs 6xmqsj
RUA JABORA,6xmqe 6xmqes
RUA JABOTI,6xmqe
RUA JABOTICABAL,6xmqe
RUA JABOTICATUBAS,6xmqe
RUA JABUTICABA,6xmqfb
RUA JABUTICABEIRA,6xmqc
RUA JACA,6xm
RUA JACAMIM,6xmqew
RUA JACARANDA,6xmqf
RUA JACARANDUBA,6xmq6
RUA JACARANDÁ,6xmqs 6xmqsj
RUA JACARAU,6xmqe
RUA JACAREI,6xmqe
RUA JACAREIPE,6xmqe
RUA JACAREUBAS,6xmq3
RUA JACAREZINHO,6xmqe
RUA JACARÉ,6xmqs 6xmqsr
RUA JACATUPÉ,6xmqs 6xmqs3
RUA JACIARA,6xmqe
RUA JACIRA C. GOES,6xmq4s
RUA JACIRA REIS,6xmq3
RUA JACK LONDON,6xmqd
RUA JACKSON CABRAL,6xmqu
RUA JACKSON SOUZA LIMA,6xmq4z
RUA JACUECANGA,6xmqe
RUA JACUMÃ,6xm 6xmqe
RUA JACUNDÁ,6xmqeg 6xmqs5 6xmqsh
RUA JACUNS,6xmqes 6xmqeu
RUA JACUPIRANGA,6xmqe
RUA JACURURU,6xmq
RUA JACURUTU,6xmqe
RUA JACUTINGA,6xmqe
RUA JADE,6xm
RUA JADEITA,6xm
RUA JAFRA LEBRON,6xmqg3
RUA JAFÉ,6xm
RUA JAGUANAÍ,6xmq3
RUA JAGUAPITÃ,6xmqe
RUA JAGUAQUARA,6xmq3r
RUA JAGUAR,6xmqe
RUA JAGUARA,6xmqe
RUA JAGUARAÇU,6xmqff
RUA JAGUARIAIVA,6xmqe
RUA JAGUARIBE,6xmqe
RUA JAGUARIPE,6xmqe
RUA JAGUARITAMA,6xmqe
RUA JAGUARIUNA,6xmqe
RUA JAGUARUANA,6xmqe
RUA JAGUARUNA,6xmqe
RUA JAIME ADOUR,6xmq3
RUA JAIME BITTENCOURT,6xmq7
RUA JAIME BRASIL,6xmq36
RUA JAIME CRUZ,6xmqg2
RUA JAIME REBELO,6xmq7
RUA JAKARTA,6xmqg
RUA JALE DO ITAJAÍ,6xmq7
RUA JAMAICA,6xmqg
RUA JAMANDI,6xm
RUA JAMBEIRO,6xmqe
RUA JAMBO,6xmqfb
RUA JAMBO BRANCO,6xmqgg
RUA JAMBO ROSA,6xmqgg
RUA JAMBU,6xmqs
RUA JAMBURANA,6xmqg
RUA JAMES DEAN,6xmqd
RUA JAMES MAXWELL,6xmq7r
RUA JANAI,6xmqf
RUA JANAMBA,6xmqu
RUA JANAUACÁ,6xmqe 6xmqed 6xmqef
RUA JANAUARY,6xmqg9
RUA JANAÚBA,6xmqu
RUA JANDAIA,6xm
RUA JANDIATUBA,6xmqg 6xmqgf
RUA JANDIRA,6xmqf
RUA JANICE DE VASCONCELOS,6xmq6
RUA JANUÁRIA,6xmq6
RUA JAPANA,6xmqgg
RUA JAPANI,6xmqu
RUA JAPAO,6xmqd
RUA JAPARÁ,6xmqu
RUA JAPI,6xmqe
RUA JAPIASSÚ,6xm
RUA JAPIIM,6xm
RUA JAPIRA,6xmqe
RUA JAPU,6xmqdw
RUA JAPU VERDE,6xm
RUA JAPURAZINHO,6xmqg 6xmqg9
RUA JAPURÁ,6xmq4 6xmq4p 6xmq4x
RUA JARACATIÁ,6xmqf
RUA JARAMATAIA,6xmq9
RUA JARANA,6xmqdv 6xmqdy
RUA JARAQUI,6xmqs
RUA JARDIM,6xmqe
RUA JARDIM ALEGRE,6xmqe
RUA JARDIM AMÉRICA,6xmqe
RUA JARDIM DA BARONESA,6xmqg
RUA JARDIM DAS NAÇÕES,6xmqd
RUA JARDIM DE ANGICOS,6xmqg 6xmqg7
RUA JARDIM DO NORTE,6xm
RUA JARDIM HAYDEIA II,6xmq6
RUA JARDIM OCEANA,6xmqd 6xmqdt
RUA JARDIM OLINDA,6xmqe
RUA JARDIM PRIMAVERA,6xmqc
RUA JARDINS DO SUL,6xmqf
RUA JARDINÓPOLIS,6xmqe
RUA JAREDE,6xmqg3
RUA JARICUS,6xmq7
RUA JARRINHA,6xm
RUA JARUÃ,6xmqdv 6xmqdy
RUA JARÁ,6xmqu
RUA JASMIM,6xmq9
RUA JASMIM DE CAIENA,6xmqe
RUA JASMIM DE LEITE,6xmqk
RUA JASMIM DO CABO,6xmqc
RUA JASMIM DO CAMPO,6xmqe 6xmqer
RUA JASMIM DOS POETAS,6xmqgg
RUA JASMIM FLORIDO,6xmqgg
RUA JASMIM IMPERADOR,6xmq9
RUA JASMIM VERDE,6xmqe 6xmqen
RUA JASPE,6xmq6
RUA JASPE DOURADO,6xm
RUA JASPE VERMELHO,6xmq
RUA JATAIZINHO,6xmqe
RUA JATAPU,6xmqg1
RUA JATAÚBA-BRANCA,6xmqf
RUA JATEI,6xmqe
RUA JATUARANA,6xmqu
RUA JATUBU,6xmqs7
RUA JAUAPERI,6xmqgf
RUA JAUARI,6xmq7 6xmq7y 6xmqs5
RUA JAURU,6xmqgb
RUA JAVA,6xmqg
RUA JAVA PINTADO,6xmq9 6xmq9e
RUA JAVARI,6xmq 6xmq7
RUA JAVARÁ,6xmq
RUA JAZIRA,6xmqg
RUA JAÇANE,6xmqs
RUA JAÇANÃ,6xmqfg
RUA JAÚ,6xmqg
RUA JEAN RENOIR,6xmqd
RUA JEGUITIBA-GRANDE,6xmqfu
RUA JENIPAPO,6xm 6xmqf
RUA JEOVÁ,6xmq7
RUA JEQUERI,6xmqgb
RUA JEQUITIBÁ,6xm
RUA JEQUIÉ,6xmq3 6xmq9
RUA JEREMIAS,6xmqf
RUA JERIBA,6xmqf
RUA JERICO,6xmqf2
RUA JERICÓ,6xmqe 6xmqez
RUA JERIMUM,6xmqf
RUA JERIQUARA,6xmqg 6xmqgb
RUA JERONIMO RIBEIRO,6xmq
RUA JERUSALÉM,6xmq7j
RUA JERÔNIMO MONTEIRO,6xmqed 6xmqee
RUA JESSÉ,6xmqeg 6xmqeu
RUA JESUS DA LIBERTAÇÃO,6xmqc
RUA JESUS DE NAZARE,6xmqf8
RUA JESUS DE PRAGA,6xmq3x
RUA JESUS ME DEU,6xmqfv
RUA JIDÁ,6xmqg4
RUA JITAUNA,6xmqd
RUA JITIRANA,6xmqk 6xmqs
RUA JOACABA,6xmqf
RUA JOANA D'ARC,6xmq7 6xmq7j
RUA JOANA GALANTE,6xmq3c
RUA JOANA NONATO,6xmq9
RUA JOAO ALFREDO,6xmq6 6xmq60
RUA JOAO DO PULO,6xmq4y
RUA JOAO MENDONCA,6xmq4z 6xmq6b
RUA JOAO MIGUEL ESPER,6xmq6
RUA JOAO PAIVA,6xmq
RUA JOAO VALTER,6xmq3
RUA JOAO XIMENES ARAGAO,6xmq7
RUA JOAQUIM ARAÚJO,6xmqsj
RUA JOAQUIM CACAES,6xmq3q
RUA JOAQUIM CARDOSO,6xmq3
RUA JOAQUIM CARNEIRO,6xmq7
RUA JOAQUIM CURADO,6xmq6
RUA JOAQUIM DA CUNHA,6xmq6r
RUA JOAQUIM DA MOTA,6xmq9
RUA JOAQUIM DE SOUZA,6xmqf9 6xmqfc 6xmqff
RUA JOAQUIM DELPHINO,6xmqd
RUA JOAQUIM GONÇALVES,6xmq6c
RUA JOAQUIM MARINHO,6xmq6
RUA JOAQUIM MARTINS SANTANA,6xmqey
RUA JOAQUIM NUNES,6xmq7
RUA JOAQUIM PASCOA,6xmqsh
RUA JOAQUIM PEDRO DA SILVA,6xmqe
RUA JOAQUIM PONTES,6xmq9
RUA JOAQUIM RIBEIRO,6xmq7
RUA JOAQUIM SARMENTO,6xmq4
RUA JOAQUIM SERRA,6xmq3 6xmq36
RUA JOAQUIM UCHOA,6xmq6
RUA JOCKEY CLUB,6xmq
RUA JODOVAL BAYMA,6xmqs 6xmqu
RUA JOEL,6xmqf 6xmqfs
RUA JOEL DE PAIVA,6xmqe
RUA JOFRE COHEN,6xmq6
RUA JOHN FORD,6xmq6
RUA JOINVILLE,6xmqee 6xmqes 6xmqf
RUA JONAS BARRETO,6xmq4 6xmq4s
RUA JONAS DA SILVA,6xmq68 6xmq69
RUA JONATAS,6xmqf 6xmqf9
RUA JONATHAS PEDROSA,6xmq4
RUA JONICA,6xmqu
RUA JORACI CARMAGO,6xmq36 6xmq37
RUA JORDANÉSIA,6xmq7
RUA JORDÂNIA,6xmqd
RUA JORDÃO,6xmqgc
RUA JORGE AGUIAR DE ANDRADE,6xmq6
RUA JORGE ANTONIO,6xmq3 6xmq36
RUA JORGE AUCAR,6xmq7
RUA JORGE BAIRD,6xmq6
RUA JORGE DE LIMA,6xmqfu
RUA JORGE DE MORAES,6xmq9
RUA JORGE GOMES,6xmq4
RUA JORGE LUIZ MILANI,6xmqd
RUA JORGE MAIA,6xmq3c 6xmq6
RUA JORGE MARQUES,6xmqem 6xmqet
RUA JORGE MARTINS,6xmqe
RUA JORGE PROLA,6xm 6xmqf
RUA JORGE TADEU,6xmqu
RUA JORGE TEIXEIRA,6xmqf
RUA JORGE TRIBUZY,6xmqd
RUA JORGE VEIGA,6xmq6
RUA JORGE WILDER,6xmqc
RUA JORITA REBELLO,6xmqe 6xmqed
RUA JOSAPHA PIRES,6xmq7
RUA JOSE AMANCIO,6xmq69
RUA JOSE AMERICO,6xmqe
RUA JOSE BASILIO,6xmq3
RUA JOSE BONIFACIO,6xmqd
RUA JOSE DANTAS,6xmq
RUA JOSE EDGAR,6xm
RUA JOSE FAUSTINO,6xmqd
RUA JOSE FLORENCIO BATISTA,6xmq68 6xmq6b 6xmq6c
RUA JOSE GAMA E SILVA,6xmq6
RUA JOSE MARIA DA FÉ,6xmq
RUA JOSE MARIA PINTO,6xmq7
RUA JOSEFA DANTAS,6xmqd 6xmqf2
RUA JOSEFA LIRA,6xmqf
RUA JOSIAS,6xmqf
RUA JOSUÉ CLAÚDIO DE SOUZA,6xmq6f 6xmq6g 6xmq7
RUA JOSÉ AMÉRICO,6xmq7
RUA JOSÉ ANTUNES,6xmq4s
RUA JOSÉ ARIMATÉIA,6xmq6
RUA JOSÉ AUGUSTO DE QUEIROZ,6xmq3 6xmq3r
RUA JOSÉ BELÉM,6xmq3
RUA JOSÉ BONAPARTE,6xmqd
RUA JOSÉ CARLOS,6xmq6
RUA JOSÉ CARVALHO CRUZ,6xmq6
RUA JOSÉ CIDADE,6xmq6
RUA JOSÉ CLEMENTE,6xmq4
RUA JOSÉ COELHO LEÃO,6xmq7
RUA JOSÉ CORDEIRO,6xmq3z
RUA JOSÉ CRUZ,6xmq7
RUA JOSÉ DA COSTA TAPAJÓS,6xmqez
RUA JOSÉ DE ABREU,6xmq6
RUA JOSÉ DE ALENCAR,6xmq7
RUA JOSÉ DE CARVALHO,6xmq 6xmq4z
RUA JOSÉ DE RIBAMAR,6xmq
RUA JOSÉ DE SARAMANJO,6xmqgc
RUA JOSÉ DO BELMONTE,6xmq9
RUA JOSÉ DO PATROCÍNIO,6xmq3
RUA JOSÉ DUTRA,6xmq7r
RUA JOSÉ EDNO,6xmq4s
RUA JOSÉ FARIA,6xmqeg 6xmqeu
RUA JOSÉ FERREIRA NONATO,6xmq3z
RUA JOSÉ FERRO,6xmq6
RUA JOSÉ FURTADO BELÉM,6xmqe
RUA JOSÉ FURTUOSO,6xmq3q 6xmq3r
RUA JOSÉ GARCIA RODRIGUES,6xmq9
RUA JOSÉ GERALDO VIEIRA,6xmqfu
RUA JOSÉ GERVÁSIO ARTIGAS,6xmq6
RUA JOSÉ GOMES DA SILVA,6xmqs
RUA JOSÉ GROSSO,6xmq6g
RUA JOSÉ GUILHERME BUZAGLO,6xmq7
RUA JOSÉ HENRIQUE DE ALMEIDA,6xmqf
RUA JOSÉ HUGO LAGO,6xmqk
RUA JOSÉ JEREMIAS BRAGA,6xmq9
RUA JOSÉ JOAQUIM NEVES,6xmq3 6xmq36
RUA JOSÉ LEITE,6xmqg7
RUA JOSÉ LINDOSO,6xmq
RUA JOSÉ LINHARES,6xmqgc 6xmqgf
RUA JOSÉ LINS DO RÊGO,6xmqc
RUA JOSÉ LOPES,6xmq6 6xmq6r
RUA JOSÉ LOURENÇO,6xmqgg 6xmqu
RUA JOSÉ MACÊDO,6xmq6b 6xmq6c
RUA JOSÉ MARIA DA CRUZ,6xmqg
RUA JOSÉ MARIA LOPO,6xmqd
RUA JOSÉ MARIA MORENO,6xmqd
RUA JOSÉ MARIANO,6xmq6r
RUA JOSÉ MAURICIO GARCIA,6xmq3 6xmq35
RUA JOSÉ MAURO,6xmq7
RUA JOSÉ MENDES FILHO,6xmq6b
RUA JOSÉ MENEZES,6xmqf
RUA JOSÉ MIRANDA COELHO,6xmqsr 6xmqu
RUA JOSÉ MONTEIRO,6xmq6b 6xmq6c
RUA JOSÉ MONTEIRO DE ARAÚJO,6xmqu
RUA JOSÉ MUNIZ,6xmqf
RUA JOSÉ OITICICA,6xmqg3
RUA JOSÉ PARANAGUÁ,6xmq4
RUA JOSÉ PINHEIRO,6xmq
RUA JOSÉ PINTO,6xmq9
RUA JOSÉ PINTO CORREA,6xmqd
RUA JOSÉ PRAXEDES DE OLIVEIRA,6xmqd
RUA JOSÉ PRESTES,6xmq6b 6xmq6c
RUA JOSÉ REIS,6xmqd
RUA JOSÉ RIBAMAR DE FREITAS,6xmq7r 6xmqe
RUA JOSÉ ROMÃO,6xmqe 6xmqed
RUA JOSÉ RÉGIO,6xmq3 6xmq3q
RUA JOSÉ SAMICO,6xmqd
RUA JOSÉ SAN MARTIN,6xmq7
RUA JOSÉ SOARES ABREU,6xmqd
RUA JOSÉ TADROS,6xmq38 6xmq3b 6xmq3c
RUA JOSÉ TAVARES,6xmq9
RUA JOSÉ TUMA,6xmq7
RUA JOSÉ VAZ DE OLIVEIRA,6xmqgg 6xmqu
RUA JOSÉ VIEIRA,6xmq3
RUA JOSÉ VITALINO,6xmq9
RUA JOSÉ ÁLVARES MACIEL,6xmq3 6xmq3w
RUA JOVIANIA,6xmqe
RUA JOVINA ALVES DE ARAÚJO,6xmq7
RUA JOÁ,6xmqc
RUA JOÃO AFONSO,6xmq7
RUA JOÃO ALBERTO,6xmqe
RUA JOÃO ALPHONSUS,6xmqg3 6xmqg9
RUA JOÃO ALVES,6xmqd 6xmqe
RUA JOÃO AVELINO,6xmq7y
RUA JOÃO BARAFUNDA,6xmqg1
RUA JOÃO BATISTA CORDEIRO,6xmq7
RUA JOÃO BATISTA RAMOS,6xmqdx
RUA JOÃO BOSCO BORNIER,6xmq7 6xmqk 6xmqs
RUA JOÃO BOSCO EVANGELISTA,6xmq7
RUA JOÃO BOSCO FARECO,6xmq6c
RUA JOÃO BOSCO RAMOS DE LIMA,6xmqg3
RUA JOÃO CALVINO,6xmqg3
RUA JOÃO CAMARA,6xmqe 6xmqem
RUA JOÃO CARDOSO,6xmq7
RUA JOÃO COELHO,6xmqg
RUA JOÃO CONDE,6xmq7
RUA JOÃO CÂMARA,6xmqe 6xmqed 6xmqee 6xmqem
RUA JOÃO CÂNDIDO,6xmqe
RUA JOÃO DE BARRO,6xmq7 6xmq7r
RUA JOÃO DE CASTRO,6xmq3 6xmq3c
RUA JOÃO DE SOUZA CATUNDA,6xmq9
RUA JOÃO DIAS,6xmq4y
RUA JOÃO DO MATO,6xmq7
RUA JOÃO DO RIO,6xmq37
RUA JOÃO DOURADO,6xmqe 6xmqed 6xmqee 6xmqes
RUA JOÃO ERNESTO,6xmq3z
RUA JOÃO EUGÊNIO,6xmq
RUA JOÃO GOMES,6xmqe
RUA JOÃO LEDA,6xmq9
RUA JOÃO LEITÃO,6xmq9
RUA JOÃO LIBERAL,6xmqg1 6xmqg3
RUA JOÃO LISBOA,6xmq3 6xmq37
RUA JOÃO LUCAS,6xmqg2
RUA JOÃO MEIRELIS,6xmq7j
RUA JOÃO MONTE FUSCO,6xm 6xmqf
RUA JOÃO NEVES,6xmqe
RUA JOÃO P. BEIRA MAR,6xmq4s
RUA JOÃO PAULO I,6xmq3w 6xmq3x 6xmq9
RUA JOÃO PESSOA,6xmq4
RUA JOÃO PIMENTA QUEIROZ,6xmq6c
RUA JOÃO PIMENTEL,6xmq3
RUA JOÃO RAMALHO,6xmq68
RUA JOÃO RIBEIRO,6xmqu
RUA JOÃO RODRIGUES DE SOUSA,6xmq6
RUA JOÃO SEVERINO DA FONSECA,6xmq3 6xmq3w
RUA JOÃO SIQUEIRA RAMOS,6xmq3z
RUA JOÃO SÓ,6xmqeu
RUA JOÃO TOMÉ CRAVEIRO,6xmq3z
RUA JOÃO VALDEZ,6xmq7
RUA JOÃO VICENTE,6xmq4 6xmq4e
RUA JOÃO WALTER DE ANDRADE,6xmqez
RUA JOÃO XIMENES ARAGAO,6xmq7
RUA JUAN ARDUINO,6xmq7
RUA JUAN DE QUINTANA,6xmq6
RUA JUARA,6xmq6
RUA JUAREZ PRADO,6xmqfu
RUA JUATUBA,6xmqe 6xmqed
RUA JUAZEIRINHO,6xmqee 6xmqes
RUA JUAZEIRO,6xmq9
RUA JUAZEIRO DO NORTE,6xmqe 6xmqed
RUA JUCAINA,6xmqdv 6xmqdy
RUA JUCI,6xmqu
RUA JUCIRI,6xmqu
RUA JUCÁ,6xmqs
RUA JUDITH DA SILVEIRA,6xmqf
RUA JUDITH MOTTA,6xmq6
RUA JUDÁ,6xmqgc
RUA JUDÉIA,6xmq3 6xmqf2
RUA JUFARÍ,6xmq
RUA JUI,6xmq
RUA JULIA SANTANA,6xmq9
RUA JULIACA,6xmqg
RUA JULIÃO PIRES,6xmqgc
RUA JUMIRIM,6xmqe
RUA JUNCO AGRESTE,6xmqgb
RUA JUNCO DA PRAIA,6xmqgb
RUA JUNCO VERDE,6xm
RUA JUNDIAÍ,6xmqf 6xmqfe
RUA JUNDIÁ,6xmq9
RUA JUNOT FREDERICO,6xmq6g
RUA JUNOUT LOUZADA,6xmq4x
RUA JUNQUEIRA FREIRE,6xmqc
RUA JUNQUEIRO,6xmqe
RUA JUPITER,6xmqf
RUA JUPIÁ,6xmq
RUA JUPURI,6xm
RUA JUPURUTU,6xmq9
RUA JUQUI,6xmqew
RUA JUQUITA,6xmqe
RUA JUQUIÁ,6xmq3
RUA JURANDIR DIOLA,6xmq
RUA JUREMA,6xmq3
RUA JURI,6xmqf
RUA JURICI,6xmqfu
RUA JURIPIRANGA,6xmq9
RUA JURITI,6xmqgc 6xmqu
RUA JURITI AZUL,6xmqs
RUA JURITI PIRANGA,6xm
RUA JURITI VERMELHA,6xmqs
RUA JURITÉ,6xmqs
RUA JURUA,6xmq
RUA JURUAIA,6xm
RUA JURUAMÃ,6xmqf 6xmqf9
RUA JURUANA,6xmqdy
RUA JURUPARY,6xmqd
RUA JURUPIRANGA,6xmqu
RUA JURUPOCA,6xm
RUA JURUTI,6xmq3x 6xmq9
RUA JUSCELINO KUBITSCHEK,6xmqd
RUA JUSSARA,6xmq9
RUA JUSSARI,6xmq9
RUA JUTAIRANA,6xmqs 6xmqs3
RUA JUTAÍ,6xmq 6xmq7
RUA JUTICÁ,6xmqu
RUA JUVENAL BEZERRA,6xmqf
RUA JUVENAL TAVARES,6xmqez
RUA JUVÊNCIO DIAS,6xmq7
RUA JUÁ,6xmqg3
RUA JUÁ-MIRIM,6xm
RUA JUÍ,6xmqfu
RUA JÔNICA,6xmqu
RUA JÚLIA LOPES,6xmq7
RUA JÚLIA MACÊDO,6xmqd
RUA JÚLIA MELO,6xmq7
RUA JÚLIA VASCONCELOS,6xmqf
RUA JÚLIO BELÉM,6xmq7
RUA JÚLIO BIVAQUA,6xmq7
RUA JÚLIO CESAR,6xmq6
RUA JÚLIO CESAR DA COSTA,6xmq6g
RUA JÚLIO CORTAZAR,6xmq6 6xmqd
RUA JÚLIO DAMIÃO,6xmq
RUA JÚLIO DINIS,6xmq7
RUA JÚLIO MESQUITA,6xmq7j
RUA JÚLIO PRESTES,6xmqe
RUA JÚLIO RIBEIRO,6xmq36 6xmq37
RUA JÚLIO VERNE,6xmq6 6xmq6e 6xmq6g
RUA K,6xmq7r 6xmq8
RUA KABORÉ,6xmqdz
RUA KADOMA,6xmqd
RUA KAIO EDUARDO SANTOS,6xmq7
RUA KAKATOA,6xmq9
RUA KAKO CAMINHA,6xmq3b 6xmq60
RUA KAMAKURA,6xmqd
RUA KAMPALA,6xmq9
RUA KANAMARIS,6xmqeb 6xmqec
RUA KANT,6xmqfu 6xmqg
RUA KARAMÃ,6xmqen
RUA KARL JANSKY,6xmqd
RUA KAXINAUÁ,6xmqdz
RUA KAZUMI,6xmqd
RUA KENYA,6xmqfv
RUA KINGSTON,6xmqg5
RUA KIRIBATI,6xmq
RUA KIRUNA,6xmqg3 6xmqg6
RUA KLAUSS VIANNA,6xmq9
RUA KUARUE,6xmq9
RUA KULINAS,6xmq6
RUA KUMAMOTO,6xmqd
RUA KUMASI,6xmqg
RUA KURI,6xmqd
RUA KWAIT,6xmq9
RUA KYUSHU,6xmqd
RUA L,6xmq
RUA L VIVENDA VERDE,6xmq
RUA LA CORUNA,6xmqg
RUA LA PLATA,6xmq9
RUA LACERDOPOLIS,6xmqec
RUA LACORUNA,6xmqc
RUA LADARIO,6xmqg 6xmqg9
RUA LAFAIETE PEREIRA,6xmq3 6xmq35
RUA LAGAMAR,6xmq3z
RUA LAGES DO RIO NEGRO,6xmq7
RUA LAGO ARIAÚ,6xmqs
RUA LAGO BONFIM,6xm
RUA LAGO DIDO,6xmqg3
RUA LAGO DO UATUMÃ,6xmqg3
RUA LAGO DOS PATOS,6xmqs6
RUA LAGO EIRE,6xmqff 6xmqfg
RUA LAGO MAPARI,6xmqc
RUA LAGO MERON,6xmqf
RUA LAGO MUREU,6xmqs6
RUA LAGO PALESTINO,6xmqg
RUA LAGO TANA,6xmqff
RUA LAGO VITÓRIA,6xmqff
RUA LAGOA AZUL,6xmq7
RUA LAGOA BONITA,6xmqg 6xmqg9
RUA LAGOA DA PEDRA,6xmqg 6xmqg9
RUA LAGOA DA PRATA,6xmqd
RUA LAGOA DE DENTRO,6xmqeb
RUA LAGOA DE PEDRAS,6xmqg7
RUA LAGOA GRANDE,6xmqg 6xmqg9
RUA LAGOA NOVA,6xmqg7
RUA LAGOA SANTA,6xmqeb
RUA LAGOA SECA,6xmq7 6xmqeb
RUA LAGOA VERDE,6xmq 6xmq4
RUA LAGOA VERMELHA,6xmq7
RUA LAGOINHA,6xmqg9
RUA LAGOSTA,6xmqk
RUA LAGUNA CARAPA,6xmqeb
RUA LAJES DAS FLÔRES,6xmqs6
RUA LAJES PINTADAS,6xmqg7
RUA LAJETO,6xmq7
RUA LAMARTINE,6xm
RUA LAMARTINE BABO,6xmq6c
RUA LAMBUJINHA,6xmqk
RUA LAMEQUE,6xm
RUA LANTANA PENDENTE,6xmq9g
RUA LAPA,6xmq7y
RUA LAPÃO,6xmq3 6xmq9
RUA LARANJA AMARELA,6xmqs3
RUA LARANJA CRAVO,6xmqs3
RUA LARANJA DA CHINA,6xmqs3
RUA LARANJA DA TERRA,6xmqs3
RUA LARANJAL,6xmqg9
RUA LARANJEIRA,6xmqc
RUA LARANJINHA,6xmqf
RUA LAREDO,6xmqg4
RUA LAS PALMAS,6xmqg
RUA LASAR SEGALL,6xmq36
RUA LATINO COELHO,6xmq3 6xmq37
RUA LAUDICÉIA,6xmqf 6xmqf2
RUA LAURA VICUÑA,6xmq7
RUA LAURENTINO,6xmqg9
RUA LAURINDO LUIS DOS SANTOS,6xmq3
RUA LAURO ANDRADE,6xmq
RUA LAURO BITENCOURT,6xmq38 6xmq3b
RUA LAURO CAVALCANTE,6xmq4
RUA LAURO CORONA,6xmqsr
RUA LAURO HONÓRIO,6xmq7
RUA LAURO MACHADO,6xmq
RUA LAURO MULLER,6xmq7
RUA LAURO SODRÉ,6xmq6
RUA LAURÊNCIO,6xmq39
RUA LAVANDA,6xmqc
RUA LAZURITA,6xmqsh 6xmqsj
RUA LAÇO DO AMOR,6xmqsh 6xmqsj
RUA LEANDRO FERREIRA,6xmq7 6xmq7y 6xmqk
RUA LEBLON,6xmq
RUA LEDA MELO,6xmq7 6xmqeb
RUA LEIDE DAS NEVES,6xmqd
RUA LEME,6xmq
RUA LENINEDE LIMA,6xmq39 6xmq3c
RUA LENINGRADO,6xmqg
RUA LENNIN,6xmqfu
RUA LENTILHA DA AGUA,6xmqg
RUA LEON,6xmq
RUA LEONARDO MOTA,6xmq35 6xmq37
RUA LEONITA ALMEIDA,6xmqf 6xmqfe 6xmqff
RUA LEONOR TELES,6xmq6 6xmq6e
RUA LEONORA ARMSTRONG,6xmqs
RUA LEOPOLDINA,6xmqeb
RUA LEOPOLDO BAYMA,6xmqu
RUA LEOPOLDO CARPINTEIRO PERES,6xmq4z 6xmq68 6xmq69 6xmq6b
RUA LEOPOLDO FERREIRA,6xmq3z
RUA LEOPOLDO HEBRON,6xmqev
RUA LEOPOLDO KRICHANA DA SILVA,6xmqdt 6xmqdv
RUA LEOPOLDO NEVES,6xmq4s
RUA LEOPOLDO PERES,6xmq4
RUA LEOVEGILDO COELHO,6xmq4
RUA LEPAS,6xmqk
RUA LESOTO,6xmqg
RUA LETRA CHINESA,6xmq
RUA LETÍCIA,6xmq9
RUA LEUCENA,6xmqs
RUA LEVERRIER,6xmq3 6xmq39
RUA LEVI,6xm
RUA LEÃO DE JUDA,6xmqc 6xmqf
RUA LEÃO DE JUDÁ,6xmq3q
RUA LEÃO RODRIGUES VIEIRA,6xmq9
RUA LEÓPOLIS,6xmq7 6xmqeb 6xmqk 6xmqs
RUA LEÔNCIO CORREA,6xmq3
RUA LEÔNIDAS,6xmqs
RUA LIATRIS,6xmq9
RUA LIBERTADOR,6xmq6
RUA LIBIA,6xmqg
RUA LICEU,6xmqe
RUA LICURI,6xmq
RUA LIGIA PINTO,6xmqd
RUA LIGIA TELES,6xmq3
RUA LILI BENCHIMOL,6xmqs
RUA LILIFLORO,6xmqf
RUA LILIFORME,6xmqf
RUA LILIPUTIANO,6xmqf
RUA LIMA,6xmq9
RUA LIMA BACURI,6xmq4 6xmqfv
RUA LIMA CAVALCANTE,6xmqf8
RUA LIMA E SILVA,6xmq6
RUA LIMEIRA,6xmqf
RUA LIMOEIRO,6xmqu
RUA LIMÃO CRAVO,6xmqs 6xmqs3 6xmqs6
RUA LIMÃO DE CHEIRO,6xmqs
RUA LIMÃO DOCE,6xmqs 6xmqs3
RUA LINA BO BARDI,6xmq9
RUA LINDALVA MOREIRA,6xmqev 6xmqsj
RUA LINDON JOHNSON,6xmqd
RUA LINDÓIA,6xmqeb 6xmqs
RUA LINHARES,6xmqeb 6xmqs
RUA LINO PEREIRA,6xmqf
RUA LINS DE BARRO,6xmq
RUA LINÁRIA,6xm
RUA LION,6xmq 6xmq7
RUA LIRIO DO CAMPO,6xmqc
RUA LIRÍO DA CHINA,6xmqe
RUA LISBOA,6xmq9
RUA LISIANTO,6xmq9
RUA LITORAL,6xmqk
RUA LITORANEA,6xmq
RUA LIVERPOOL,6xmqg5
RUA LIVITICOS,6xmqf
RUA LIZARDA,6xmq69 6xmq6c
RUA LO-A18,6xmqe
RUA LO-C4,6xmqe
RUA LO-D4,6xmqe
RUA LOBATO,6xmqeb 6xmqk 6xmqs
RUA LOBO DALMADA,6xmq4
RUA LOBO MARINHO,6xmqk 6xmqs
RUA LOLITA,6xmqc
RUA LOMAS VALENTINA,6xmq3q
RUA LONDRES,6xmq9
RUA LONDRINA,6xmqs3
RUA LOPES GONÇALVES,6xmqdy
RUA LOPO SOARES,6xmq7
RUA LORCA,6xm
RUA LORETO,6xmq9
RUA LORIS CORDOVIL,6xmq3x 6xmq3z 6xmq6
RUA LOTUS AMARELO,6xmqez 6xmqgb
RUA LOUREIRO,6xmq7
RUA LOURENÇO PONTES,6xmq9
RUA LOURO ABACATE,6xmqf
RUA LOURO ARITU,6xmqf 6xmqfv
RUA LOURO BRANCO,6xmqf
RUA LOURO CEDRO,6xm
RUA LOURO CEREJA,6xmqeg
RUA LOURO CHUMBO,6xmqf
RUA LOURO CRAVO,6xmqeg
RUA LOURO GAMELA,6xmqf
RUA LOURO INGÁ,6xmqf
RUA LOURO INHAMUI,6xmq
RUA LOURO ITAÚBA,6xmqf
RUA LOURO PRETO,6xmqu
RUA LOURO ROSA,6xmqf
RUA LOURO VERMELHO,6xmqf
RUA LOURO-TACHI,6xmqf
RUA LOUVEIRA,6xmqeb
RUA LOUVRE,6xmqu
RUA LUANDA,6xmq9
RUA LUCAS BAYMA,6xmqd
RUA LUCERNA,6xmqg
RUA LUCIA DIAS,6xmqu
RUA LUCINDA MOTA,6xmqd
RUA LUCIO CARDOSO,6xmqc
RUA LUIS AGUIAR,6xmqg6
RUA LUIS ALBERTO ARDUINO,6xmq7
RUA LUIS BUNUEL,6xmq6
RUA LUIS DE CASTRO,6xmq6
RUA LUIS DE LA QUINTANA,6xmq6
RUA LUIS DUPRAT,6xmq6
RUA LUIS FREITAS,6xmq3c
RUA LUIS LOPES,6xmq6
RUA LUIS PASTEUR,6xmq6r
RUA LUIS PEDRO PEREGRINO,6xmq6e
RUA LUIS SOARES,6xmqey 6xmqez
RUA LUIS VEZON,6xmq7
RUA LUIS XVIII,6xmq6r
RUA LUIZ ANTONIO GASPARETTO,6xmqd
RUA LUIZ ANTONY,6xmq4 6xmq4p
RUA LUIZ BACELLAR,6xmqc
RUA LUIZ CORRENTE,6xmq7
RUA LUIZ DA CUNHA MENEZES,6xmqgb
RUA LUIZ DE FREITAS RIBEIRO,6xmqe
RUA LUIZ DELFINO,6xmqu
RUA LUIZ EDUARDO MAGALHÃES,6xmq7r
RUA LUIZ EDUARDO RODRIGUES,6xmq7
RUA LUIZ EÇA,6xmq9
RUA LUIZ GONZAGA,6xmq9
RUA LUIZ GÁLVEZ,6xmqc
RUA LUIZ MENDES,6xmqd
RUA LUIZ MONTE NEGRO,6xmqu
RUA LUIZ MONTENEGRO,6xmqu
RUA LUIZ MURAT,6xmq9
RUA LUIZ NOGUEIRA,6xm
RUA LUIZ OLAVO,6xmq6 6xmq6r
RUA LUIZ OTAVIO,6xmq6g 6xmqf
RUA LUIZ PONTES,6xmq9
RUA LUIZ VAZ DE CAMOES,6xmq3 6xmq37
RUA LUMEEIRAS,6xmqk
RUA LUPICÍNIO RODRIGUES,6xmq9f 6xmq9g
RUA LUSAKA,6xmq9
RUA LUTÉCIA,6xmq7
RUA LUXEMBURGO,6xmq9
RUA LUXOR,6xmqg5
RUA LUZ,6xmqeb 6xmqec
RUA LUZ MARINA,6xmq7 6xmqk
RUA LUZANIA,6xmq9 6xmq9e
RUA LUZIA CONTENTE,6xmq3
RUA LUZIA RAMOS,6xmq3c
RUA LUZILÂNDIA,6xmq4 6xmq4t
RUA LYZON,6xmqg
RUA LÁPIS LAZULI,6xmq6
RUA LÁZARO BITTENCOURT,6xmqf
RUA LÍBANO,6xmq
RUA LÍDIA PIRES MACÊDO,6xmqf
RUA LÍRIO,6xmq9
RUA LÍRIO AMARELO,6xmq4e
RUA LÍRIO ASIÁTICO,6xmq7
RUA LÍRIO BRANCO,6xmqe
RUA LÍRIO DAS ANTILHAS,6xmqe
RUA LÍRIO DAS PEDRAS,6xmqez 6xmqgb
RUA LÍRIO DAS ÍNDIAS,6xmqe
RUA LÍRIO DE LIMA,6xmqe
RUA LÍRIO DO AMAZONAS,6xmqe
RUA LÍRIO DO BREJO,6xmqe
RUA LÍRIO DO JAPÃO,6xmqe
RUA LÍRIO DO MAR,6xmqe 6xmqee
RUA LÍRIO DO VALE,6xmq9
RUA LÍRIO ROSA,6xmqc
RUA LÍRIO ROXO,6xmqe
RUA LÍRIO-DO-NILO,6xmqg
RUA LÍTIO,6xmqgc 6xmqu
RUA LÓTUS AZUL,6xmqez 6xmqgb
RUA M - PQ SHANGRI-LA II,6xmqd
RUA M SHANGRILA VII,6xmqd
RUA M- VILA BURITI,6xmq
RUA M-N,6xmq6
RUA MACACAUBA,6xm 6xmqf
RUA MACAIBA,6xmqeb
RUA MACAJAI,6xmqf
RUA MACAJAÍ,6xmqs 6xmqs4
RUA MACATUBA,6xmqgf 6xmqu
RUA MACAU,6xmqeb
RUA MACAUBAS,6xmq3q
RUA MACAUVEIRA,6xmqfg
RUA MACAÉ,6xmqeb
RUA MACEDÔNIA,6xmq7
RUA MACEIÓ,6xmq6
RUA MACHADO DE ASSIS,6xmq7
RUA MACHADO DE OLIVEIRA,6xmq6
RUA MACIEIRA,6xmq4s
RUA MACIEL MONTEIRO,6xmq35
RUA MACULATA,6xmq9f 6xmq9g
RUA MACUNAIMA,6xmqd
RUA MACUXI,6xmqd
RUA MADALENA FROTA,6xmqe 6xmqed 6xmqee 6xmqes
RUA MADALENA MOTA,6xmq9f
RUA MADISON,6xmq8
RUA MADRE CATARINA NANCY,6xmq6
RUA MADRE DE DEUS,6xmq9
RUA MADRE MARIA CLARA,6xmqc
RUA MADRE TEREZA DE CALCUTÁ,6xmq
RUA MADREPÉROLA,6xmqs
RUA MADRI,6xmq4y 6xmq9 6xmqu
RUA MAESTRO DONIZETTI GODIM,6xmq
RUA MAESTRO JOAQUIM FRANCO,6xmq 6xmq6b 6xmq7
RUA MAESTRO WILSON FONSECA,6xmq6c 6xmq6f 6xmq7
RUA MAFRA,6xmq
RUA MAGALHAES,6xmq
RUA MAGALHAES BARATA,6xmq4 6xmq4y
RUA MAGALHAES VASCONCELOS,6xmq4 6xmq4e
RUA MAGNETITA,6xmqsh
RUA MAGNOLIAS,6xmqsj
RUA MAGNÓLIA,6xmqc
RUA MAGUARI,6xm
RUA MAIAS,6xmq4s
RUA MAICAO,6xmqg
RUA MAIORCA,6xmqg
RUA MAIORUNA,6xmqf
RUA MAIRINIQUE,6xmq7
RUA MAJIRONA,6xmq9
RUA MAJOR GABRIEL,6xmq4 6xmq6
RUA MAJOR GAVÍNIO VIANA,6xmqen
RUA MAJOR GENTIL RODRIGUES,6xmqd
RUA MAJOR ISIDORO,6xmq6d 6xmq6f 6xmq6g
RUA MAJOR PEDRO SIMPSON,6xmqen
RUA MAJOR RIBEIRO JÚNIOR,6xmqe
RUA MAJOR SILVÉRIO J. NERY,6xmqen
RUA MAJURU,6xmqeg 6xmqeu
RUA MAKUXI,6xmqfs
RUA MAL. AMARAL PEIXOTO,6xmq3
RUA MAL. ODILIO DENIS,6xmq3
RUA MALAQUIAS,6xmqf
RUA MALAUÍ,6xmqg
RUA MALBATAHAN,6xmq3
RUA MALHEIROS DIAS,6xmq3
RUA MALI,6xmqg
RUA MALMEQUE,6xmqsj
RUA MALTA,6xmq
RUA MALVA,6xmqu
RUA MALVA VERDE,6xmqs5 6xmqsh
RUA MALVARISCO,6xmqs 6xmqsr
RUA MALVINO REIS NETO,6xmqf8
RUA MALÁSIA,6xmq8
RUA MAMBORÉ,6xmqeb
RUA MANACÁ,6xmqu
RUA MANANCIAL,6xmqf
RUA MANAQUIRI,6xmq6
RUA MANAUS,6xmq7j 6xmqf
RUA MANDAGUARI,6xmq7 6xmq7y
RUA MANDALA,6xmqg
RUA MANDARIM,6xmqf
RUA MANDIGAU,6xmqf
RUA MANDIOCABA,6xmqs
RUA MANDIOQUEIRA,6xmqf
RUA MANDUIRANA,6xmqk
RUA MANDURI,6xmq7 6xmq7y 6xmqk 6xmqs
RUA MANFREDO R. LOUREIRO,6xmq7r
RUA MANFREDO RODRIGUEZ,6xmqk 6xmqs
RUA MANGA,6xmqf
RUA MANGABA,6xmqu
RUA MANGANÊS,6xmqgc
RUA MANGARATAIA,6xmqsr
RUA MANGARATIBA,6xmqg
RUA MANGARATUBA,6xmqu
RUA MANGUEIRAS,6xm 6xmqf
RUA MANGUEIRINHA,6xmqf
RUA MANHUAÇU,6xm 6xmqf
RUA MANICORE,6xmq36
RUA MANILA,6xmq9
RUA MANISA,6xm 6xmqf
RUA MANITOBA,6xmqg5
RUA MANIVA,6xmqf
RUA MANJERICÃO,6xmqu
RUA MANJERIOBA,6xmqs
RUA MANJERONA,6xmqu
RUA MANOEL AMAZONAS BOTELHO,6xmqg3
RUA MANOEL ANTONIO DE ALMEIDA,6xmq35
RUA MANOEL ANTONIO DE SOUZA,6xmqg1
RUA MANOEL BANDEIRA,6xmq7
RUA MANOEL CORREA,6xmqd
RUA MANOEL CORREIA DE ARAÚJO,6xmq6r
RUA MANOEL CÂNDIDO DE MOURA,6xmq9
RUA MANOEL DA ROCHA,6xmq4z
RUA MANOEL DE M COSTA,6xmq9
RUA MANOEL FERREIRA NASCIMENTO,6xmqs6
RUA MANOEL GARCES,6xmqe
RUA MANOEL GONÇALVES LOUREIRO,6xmq6g
RUA MANOEL JEFERSON,6xmq3 6xmq37
RUA MANOEL MARQUES DE SOUZA,6xmq6
RUA MANOEL MATIAS,6xmq
RUA MANOEL MENDES DA SILVA,6xmq7
RUA MANOEL NASCIMENTO,6xmq3
RUA MANOEL NAVARRO,6xmq7
RUA MANOEL ORTIZ,6xmq3 6xmq37
RUA MANOEL QUERIDA,6xmq3b
RUA MANOEL ROSSET,6xmq4
RUA MANOEL S. DA FONSECA,6xm
RUA MANOEL SALGADO,6xmq3b
RUA MANOEL SANTIAGO,6xmq9
RUA MANOEL SANTOS JÚNIOR,6xmq6
RUA MANOEL SIMPLÍCIO,6xmq9 6xmq9f
RUA MANOEL URBANO,6xmq4
RUA MANSUR BULBOL,6xmq9 6xmq9f
RUA MANTEPA,6xmqf
RUA MANTIQUEIRA,6xmq9 6xmq9e
RUA MANUEL BATISTA,6xmq3 6xmq3c
RUA MANUEL DA CRUZ,6xmqg3
RUA MANUEL LAPA,6xmq39 6xmq3c
RUA MANUEL PEDRO,6xmq6
RUA MANÁGUA,6xmqf 6xmqg
RUA MAOMÉ,6xmq4
RUA MAPARÁ,6xmqs
RUA MAPIXI,6xmqu
RUA MAPUERA,6xmqff
RUA MAPUÁ,6xmqu
RUA MAR CÁSPIO,6xmq 6xmqc
RUA MAR DA GALILÉIA,6xmqff 6xmqfg
RUA MAR DE FLORES,6xmq7
RUA MAR DE JAVA,6xmq4
RUA MAR DE QUINEROTE,6xmqd
RUA MAR DE SUFE,6xmqd
RUA MAR GLACIAL,6xmqff 6xmqfg
RUA MAR VERMELHO,6xmqfg
RUA MARABU,6xmq9 6xmq9e
RUA MARABÁ,6xmq3
RUA MARACAIBO,6xmqg5 6xmqg7
RUA MARACAJU,6xmqeb
RUA MARACAJÁ,6xmq7
RUA MARACANA,6xm
RUA MARACATÚ,6xmqs3
RUA MARACAÍPE,6xmqg
RUA MARACUJÁ,6xmqf
RUA MARACUJÁ DO MATO,6xmqe 6xmqes 6xmqet 6xmqs
RUA MARACµ,6xm
RUA MARACÁ DA SERRA,6xm
RUA MARAGOGI,6xmq6
RUA MARAGOGIPE,6xmq9
RUA MARAJAÍ,6xmqu
RUA MARAJUARA,6xmqf9
RUA MARAJÓ,6xmq3x 6xmq9
RUA MARAMBA,6xmqsj
RUA MARANATA,6xmq6g
RUA MARANGABA,6xmq9
RUA MARANGUÁ AÇÚ,6xmq
RUA MARANHÃO,6xmqd
RUA MARANHÃO SOBRINHO,6xmq3 6xmq35
RUA MARAPANIM,6xm 6xmq3
RUA MARAPATÁ,6xmqu
RUA MARAPONGA,6xmqf
RUA MARATONA,6xmqeg 6xmqs4
RUA MARAVILHA,6xmqs 6xmqs3
RUA MARAÃ,6xmq6
RUA MARCASSITA,6xmqsh
RUA MARCELA,6xmqu
RUA MARCELINA CONCEICÃO,6xm
RUA MARCELO CANDIA,6xmq
RUA MARCELO DIAS,6xmq7r
RUA MARCELO P GUIMARÃES,6xmq9
RUA MARCELO SANTOS,6xmq7y 6xmqk
RUA MARCILIO DIAS,6xmq4
RUA MARCO ANTONIO C. VIGNOLI,6xmq7
RUA MARCO ANTÔNIO,6xmqs
RUA MARCO POLO,6xmq6
RUA MARDIN,6xmqf
RUA MARECHAL DEODORO,6xmq4 6xmq4e
RUA MARECHAL HERMES,6xmqd
RUA MARECHAL JUNOT,6xmq6
RUA MARECHAL RONDON,6xmq3 6xmq9
RUA MARES DO SUL,6xmqs
RUA MARGARETH FREITAS DE ALMEIDA,6xmqc
RUA MARGARIDA AFRICANA,6xmqg
RUA MARGARIDA AMARELA,6xmqs 6xmqs3
RUA MARGARIDA DO CAMPO,6xmqs 6xmqs3
RUA MARGARIDA-DAS-PEDRAS,6xmqg
RUA MARGARIDINHA,6xmqk
RUA MARGARITA LORAS,6xmq7
RUA MARGARITA MATTOS,6xmq3z 6xmq9
RUA MARGINAL,6xmqed
RUA MARIA AMADA,6xmq7 6xmqeb
RUA MARIA AMORIM NEVES,6xmq3 6xmq35 6xmq36 6xmq37
RUA MARIA ANDRADE,6xmq4 6xmq4s
RUA MARIA APARECIDA,6xmq
RUA MARIA AZEVEDO,6xmqsh 6xmqsj
RUA MARIA AZEVEDO RAMOS,6xmq9 6xmq9e
RUA MARIA CALDERARO,6xmq7
RUA MARIA CALLAS,6xmq6
RUA MARIA CARMINHA GAVA,6xmqc
RUA MARIA CARVALHO,6xmq7r
RUA MARIA CAVALCANTE,6xmq3 6xmq3d
RUA MARIA DA FÉ,6xmq7
RUA MARIA DA GLÓRIA SANTOS,6xmqg1
RUA MARIA DA PAZ GUSMÃO,6xmqgf 6xmqu
RUA MARIA DA PENHA,6xmq3
RUA MARIA DAS DORES DE LIMA,6xmqg1 6xmqg4 6xmqg5
RUA MARIA DE LOURDES,6xmq4t
RUA MARIA DE MÉDICI,6xmq6b 6xmq6c
RUA MARIA DE NAZARÉ,6xmq9
RUA MARIA DO NASCIMENTO SARAIVA,6xm 6xmqf
RUA MARIA ESTHER TEIXEIRA,6xmq6r
RUA MARIA FARIAS,6xmq35
RUA MARIA FERNANDES,6xmqf
RUA MARIA FRANCISCA DA SILVA,6xmq6
RUA MARIA FREITAS DOS SANTOS,6xmq3
RUA MARIA GORETE,6xmqd
RUA MARIA IDA MENTONI,6xmq7
RUA MARIA JOSE DUPRE,6xmqc
RUA MARIA JULIA PIMENTEL,6xmq6
RUA MARIA LIMA DA SILVA,6xmqgf 6xmqgg
RUA MARIA MANSOUR,6xmq4z 6xmq6b 6xmq6c
RUA MARIA MIRENE DE LIMA,6xmq6
RUA MARIA MOTA,6xmqd
RUA MARIA NOGUEIRA CORRÊA,6xmq6g
RUA MARIA PARENTE,6xmq7
RUA MARIA QUITÉRIA,6xmq6
RUA MARIA RAGUEL,6xmq
RUA MARIA RUFINA ALMEIDA,6xm
RUA MARIA SEGADILHA,6xmq3
RUA MARIA SOUZA DE ALBUQUERQUE,6xm
RUA MARIA TADROS,6xmq3 6xmq3r
RUA MARIA TEREZA,6xmq4z
RUA MARIA VIEIRA,6xmqf9
RUA MARIARANA,6xmqs
RUA MARICÁ,6xmqfe 6xmqfg
RUA MARILANDIA,6xmq9
RUA MARILDA,6xmqg7
RUA MARILIA BARBOSA,6xmq6
RUA MARILINA NOGUEIRA MARINHO,6xmq7
RUA MARILUZ,6xmq9
RUA MARINA FONSECA,6xm
RUA MARINA TAUÁ,6xmq 6xmq8 6xmq9
RUA MARIO MAKAREM,6xmq6e
RUA MARIRI,6xmqu
RUA MARIRUAS,6xmqdz
RUA MARISCO,6xmqk
RUA MARITIBA,6xmq3
RUA MARIUÁ,6xmqdz
RUA MARIVALDO PEREIRA,6xmq3q
RUA MARMELÃO,6xmqgg
RUA MAROAGA,6xmq6
RUA MARQUES DE BAEPENDI,6xmqd
RUA MARQUES DE CARAVELAS,6xmqd
RUA MARQUES DE ERVAL,6xmqd
RUA MARQUES DE MONTE ALEGRE,6xmqd
RUA MARQUES DE OLINDA,6xmqd
RUA MARQUES DE TAMANDARE,6xmqd 6xmqdv
RUA MARQUES REBELO,6xmqc
RUA MARQUESA DE ALORNA,6xmq3q 6xmq3r
RUA MARQUESA DE SANTOS,6xmq6 6xmq7
RUA MARQUÊS DE ABRANTES,6xmqd
RUA MARQUÊS DE JACAREPAGUÁ,6xmqd
RUA MARQUÊS DE MARICÁ,6xmqd
RUA MARQUÊS DE MURITIBA,6xmqd
RUA MARQUÊS DE QUIXERAMOBIM,6xmqd
RUA MARQUÊS DE SANTA CRUZ,6xmq4
RUA MARQUÊS DE TRÊS RIOS,6xmqd
RUA MARQUÊS DE VILA REAL DA PRAIA GRANDE,6xmqd
RUA MARQUÊS DO MARANHÃO,6xmqd
RUA MARQUÊS DO PARANAGUÁ,6xmqd
RUA MARQUÊS DO PARANÁ,6xmqd
RUA MARQUÊS REBELO,6xmq7
RUA MARROCOS,6xmqdt
RUA MARRON GLACÊ,6xmqd
RUA MARSELHA,6xmqg
RUA MARSÍLIO FICINO,6xmq6
RUA MARTA MARIA,6xmqe 6xmqer
RUA MARTE,6xmqg6
RUA MARTIM,6xmqu
RUA MARTIM PESCADOR,6xmqgb
RUA MARTIN AFONSO DE SOUZA,6xmq3 6xmq3w
RUA MARTIN ALONSO,6xmq7
RUA MARTINHO LUTERO,6xmqg
RUA MARTINICA,6xmqg
RUA MARTINS,6xmq4
RUA MARTINS FONTE,6xmq3
RUA MARTINS PENA,6xmq7
RUA MARTINS PINA,6xmq35 6xmq37
RUA MARTINS SANTANA,6xmq4s 6xmq4t
RUA MARUBO,6xm
RUA MARUDA,6xmq3
RUA MARUI,6xmq7 6xmq7y
RUA MARUMBI,6xmqgg
RUA MARÇAL,6xmq4
RUA MARÉ,6xmqg
RUA MARÍLIA BARBOSA,6xmq9
RUA MASCARENHAS DE MORAIS,6xmq6 6xmq7j
RUA MASCOTE,6xmq3
RUA MASSAPE,6xmqs
RUA MASSARANDUBA,6xm 6xmq3
RUA MASSUARI,6xmqfe 6xmqfs
RUA MASTRUZ,6xmqs
RUA MATA VIRGEM-REC.S.FCO.,6xm
RUA MATAMBU,6xmqfv
RUA MATARO,6xm
RUA MATEUS FREIRE,6xmq6
RUA MATHEUS DE SOUZA CASTRO,6xmqc 6xmqf
RUA MATHEUS MARIANO,6xmq9
RUA MATIAS DA CUNHA,6xmq7r 6xmqe
RUA MATIS,6xmq3z 6xmq9
RUA MATO GROSSO,6xmqd
RUA MATOS AREOSA,6xmq3 6xmq36
RUA MATRINCHÃ,6xmq
RUA MATRINXÃ,6xmq
RUA MATSÉS,6xmq9f
RUA MATUPIRIS,6xm
RUA MATURIN,6xmqg
RUA MATUZAEL,6xm
RUA MATUZALEM,6xmqf2
RUA MATÁ-MATÁ,6xmqf
RUA MAURICE RAVEL,6xmqd
RUA MAURICIA DA SILVEIRA,6xmq6
RUA MAURICIO LOPES,6xmq7y 6xmqk
RUA MAURITI,6xmqf8 6xmqfb
RUA MAURITÂNEA,6xmqg
RUA MAURO ROSAS,6xmq9
RUA MAUÁ DA SERRA,6xmqeb
RUA MAXIMINO CORREA,6xmqec 6xmqs
RUA MAXIMINO DA MOTA,6xmq7
RUA MAYORUNA,6xmq3x 6xmq3z
RUA MAZAGÃO,6xmq9
RUA MAÇARICOS,6xmqee 6xmqeg
RUA MAÇURÃ,6xmqf
RUA MECA,6xmqg6
RUA MEDELIN,6xmq9
RUA MELANITA,6xmqeu 6xmqsh
RUA MELO GOMES,6xmq6d
RUA MELO MORAES FILHO,6xmq3
RUA MELQUIAS,6xmqf 6xmqf9
RUA MEM DE SA,6xmq
RUA MEM DE SÁ,6xmq3 6xmq3w
RUA MEMPHIS,6xmq8
RUA MENA FÉLIX,6xmq3 6xmq39
RUA MENANDRO,6xmq38 6xmq39
RUA MENDELÉVIO,6xmq39 6xmq3d
RUA MENDES LEAL,6xmq39
RUA MENDONZA,6xmq9 6xmq9e
RUA MENDONÇA LIMA,6xmqe
RUA MENEGRINHO,6xmqd
RUA MENINO JESUS,6xmqe 6xmqer
RUA MENOTTI,6xmqc
RUA MENÉS,6xmqg5
RUA MERIDA,6xmqg
RUA MERIVA,6xmqg3 6xmqg6
RUA MERSIN,6xmqf
RUA MESOPOTÂMIA,6xmqc 6xmqf
RUA MESSEJANA,6xmq9 6xmq9g
RUA MESSINA,6xmqf
RUA MESTRE FLORÊNCIO,6xmqc
RUA MESTRE INACIO,6xmq3c 6xmq6
RUA MESTRE PROVERÁ,6xmq3
RUA MEURO,6xmqen
RUA MEXILHÃO,6xmqk
RUA MIAKO,6xmq6
RUA MICA,6xm
RUA MICHEL FOKINE,6xmqd
RUA MICRONESIA,6xmqg 6xmqg5
RUA MIGUEL ANGELO,6xmq6
RUA MIGUEL CALMON,6xmqe
RUA MIGUEL FARADAY,6xmqeb 6xmqec
RUA MIGUEL FERREIRA,6xmqg5
RUA MIGUEL MOTA,6xmqd
RUA MIGUEL PEREIRA,6xmqu
RUA MIGUEL RIBAS,6xmq38 6xmq3b
RUA MIGUEL SILVEIRA,6xmqf
RUA MIGUEL TORGA,6xmq7
RUA MILAGRES,6xmq9
RUA MILETO,6xmqs 6xmqu
RUA MILLENIUM,6xmqg
RUA MILTOM PESSOA LINS,6xmqu
RUA MILTON MORAES,6xmqg3
RUA MILÃO,6xmqs
RUA MIN PEDROSA HORTA,6xmq3
RUA MIN. JOÃO G. DE ARAÚJO,6xmq
RUA MINAS GERAIS,6xmqd
RUA MINDURI,6xmq9
RUA MINDÚ,6xmqen
RUA MINERVINA,6xmqs
RUA MINEÁPOLIS,6xmqg
RUA MINISTRO ALMERON CAMINHA,6xmq6g
RUA MINISTRO DALLE COUTINHO,6xmq3
RUA MINISTRO FLORIANO RAMOS,6xmq3
RUA MIQUERINOS,6xmqg5
RUA MIRACEMA,6xmqec 6xmqs 6xmqs4
RUA MIRAGUAIA,6xmqs
RUA MIRAI,6xmqec 6xmqef
RUA MIRAIMA,6xmqk
RUA MIRAMAR,6xmqg
RUA MIRANDA BRAGA,6xmq6
RUA MIRANDA CORREA,6xmqef
RUA MIRANDA LEÃO,6xmq4
RUA MIRANDA SIMÕES,6xmq6
RUA MIRANGABA,6xmq8 6xmq9
RUA MIRANTE DA SERRA,6xmq3q 6xmq3r
RUA MIRATINGA,6xmqsj
RUA MIRITI,6xmq7 6xmq7r
RUA MIRITITAPUYA,6xmqs
RUA MIROEL SILVEIRA,6xmq3 6xmq39
RUA MIRRA,6xmqs 6xmqsr 6xmqu
RUA MIRTES,6xmqu
RUA MISCELÂNIA,6xm
RUA MISERICORDIA,6xmq4e
RUA MISSIONÁRIOS,6xmq
RUA MISUSHIRO,6xmqd
RUA MITIKO,6xmqd
RUA MOABE,6xmqf2
RUA MOACIR ALVES,6xmq 6xmq38
RUA MOACIR BAIMA,6xmq6r 6xmqd
RUA MOCAJUBA,6xmq3
RUA MOCAMBO,6xmqgb 6xmqu
RUA MODOLVA,6xmq 6xmqc
RUA MOEMA,6xmqec
RUA MOGI DAS CRUZES,6xmqe 6xmqed 6xmqee
RUA MOGI DOS CAMPOS,6xmqs
RUA MOGI GUAÇU,6xmq9
RUA MOGI MIRIM,6xmq9 6xmqg6
RUA MOGNO,6xmq7
RUA MOISES RIBEIRO,6xmqf2 6xmqf8
RUA MOISÉS,6xmqf 6xmqfe 6xmqfs
RUA MOISÉS MENEZES EVANGELISTA,6xmq7
RUA MOLIÉRE,6xm
RUA MONACO,6xmq9
RUA MONAZITA,6xmqeu
RUA MONDA,6xmqg 6xmqgg
RUA MONDAI,6xmqs
RUA MONGÓLIA,6xmqg
RUA MONJOLEIRO,6xmqfu
RUA MONSENHOR ALCIDES A. PEIXOTO,6xm
RUA MONSENHOR COUTINHO,6xmq4
RUA MONSENHOR PACELLI,6xmq6b 6xmq6c
RUA MONSUETO DE QUEIROZ,6xmqe 6xmqer
RUA MONTANHAS,6xmqf
RUA MONTE ACONCÁGUA,6xmqfv 6xmqg
RUA MONTE AIMORE,6xmqfg
RUA MONTE ALBERT,6xmqfv 6xmqg
RUA MONTE ALEGRE,6xmq36
RUA MONTE ALEGRE DO SUL,6xmqf
RUA MONTE ALTO,6xmqf
RUA MONTE ARARAT,6xmqfg
RUA MONTE BLANCA,6xmqfv
RUA MONTE BURI,6xmqfg
RUA MONTE CABURAI,6xmqs
RUA MONTE CALVO,6xmqd
RUA MONTE CALVÁRIO,6xmqd 6xmqf2
RUA MONTE CARLO,6xmq9
RUA MONTE CARMELO,6xmq9
RUA MONTE CASSINO,6xmq3q
RUA MONTE CASTELO,6xmq4z 6xmq6b 6xmq6c
RUA MONTE CRISTO,6xmqf2 6xmqu
RUA MONTE DA VINHA,6xmqfu 6xmqfv
RUA MONTE DAS GAMELEIRAS,6xmqg7
RUA MONTE DAS OLIVEIRA,6xmqf2
RUA MONTE DENALI,6xmqfv
RUA MONTE DIVINO,6xmqf
RUA MONTE DOS ANJOS,6xmqf
RUA MONTE DOS CAPUCHINHOS,6xmqu
RUA MONTE EBAL,6xmqfg
RUA MONTE EFRAIM,6xmqfe
RUA MONTE ELGON,6xmqfv 6xmqg
RUA MONTE EVAL,6xmqfg
RUA MONTE FELIZ,6xmqf
RUA MONTE FORAKER,6xmqfv
RUA MONTE FUJI,6xmq6
RUA MONTE GARAZIM,6xmqc 6xmqf
RUA MONTE GERIZIM,6xmqd
RUA MONTE GILBOA,6xmqf
RUA MONTE HERMOM,6xmqd
RUA MONTE HOR,6xmqgc
RUA MONTE HOREBE,6xmqf 6xmqf2 6xmqf8
RUA MONTE HUASCARAN,6xmqfv 6xmqg
RUA MONTE ITAPEVA,6xmqfv
RUA MONTE LÍBANO,6xmqfv
RUA MONTE MOR,6xmqfv 6xmqg
RUA MONTE MORIÁ,6xmqfg
RUA MONTE MULANJE,6xmqd 6xmqdt
RUA MONTE NEGRO,6xmqu
RUA MONTE OLIMPO,6xmqfg
RUA MONTE PALOMAR,6xmq4 6xmq4e
RUA MONTE PARNASO,6xmqd
RUA MONTE PISGA,6xmqu
RUA MONTE RORAIMA,6xmqf 6xmqfs
RUA MONTE SANTA HELENA,6xmqf
RUA MONTE SANTO,6xmq9
RUA MONTE SANTO ONOFRE,6xmq3
RUA MONTE SEFER,6xmqgb 6xmqgc
RUA MONTE SERRAT,6xmq7 6xmqeb
RUA MONTE SINAI,6xmqf 6xmqf9
RUA MONTE SIÃO,6xmq3
RUA MONTE TABOR,6xmqu
RUA MONTE TALO,6xmqfv
RUA MONTE TAUROS,6xmqfg
RUA MONTE VERDE,6xmqs 6xmqs3 6xmqs6
RUA MONTEGRANARO,6xmq3 6xmq6
RUA MONTEIRO DE SOUZA,6xmq4
RUA MONTEIRO LOBATO,6xmq6 6xmq7
RUA MONTEIRO MAIA,6xmq
RUA MONTEIRO NETO,6xmq68 6xmq69
RUA MONTERIA,6xmqg
RUA MONTES URAIS,6xmqf
RUA MONTESE,6xmq3q
RUA MONTESQUIEU,6xmqd
RUA MONTEVIDEO,6xmq9
RUA MONTIJO,6xmqk
RUA MONTINÓPOLIS,6xmqgg 6xmqu
RUA MOPIRIRUS,6xmqec 6xmqef
RUA MORADA CRISTÂ,6xmqf
RUA MORADA NOVA,6xmqfs
RUA MOREAR,6xmqg3
RUA MORINGA,6xmq
RUA MORIÁ,6xmqf
RUA MORONI,6xmqdt
RUA MORRO BELO,6xmqf
RUA MORRO BRANCO,6xmqf
RUA MORRO CANARANAS,6xmqg
RUA MORRO DA CATITA,6xmqu
RUA MORUMBIM,6xmq9
RUA MORUNGABA,6xmqec 6xmqee
RUA MORÁVIA,6xmqg
RUA MORÉIA,6xm
RUA MOSQUEIRO,6xmq3
RUA MOSSORÓ,6xmq9 6xmq9e
RUA MOXOTÓ,6xmq4x
RUA MOZART GUARNIERI,6xmqd
RUA MOÇAMBIQUE,6xmqg
RUA MUCURIPE,6xm 6xmqf
RUA MUICATIAIA,6xmqfu
RUA MUIRACATIARA,6xmqg
RUA MUIRAJUBA,6xmqfv
RUA MUIRAKITAN,6xmq4
RUA MUIRAPUAMA,6xmq
RUA MUIRATINGA,6xmqfu
RUA MUNDURUCANIA,6xmqeu
RUA MUNIQUE,6xmqg
RUA MUNIZ,6xmq6
RUA MURACATIAIA,6xmqs
RUA MURCIA,6xm
RUA MURERU,6xmqd 6xmqdx
RUA MURICI,6xm 6xmqf
RUA MURILO MENDES,6xmq7
RUA MURITI,6xmqs3
RUA MURITUBA,6xmqu
RUA MURUCHI,6xmqs3
RUA MURUPI,6xmqs7
RUA MURURÉ,6xmqs 6xmqs3
RUA MURUTINGA DO SUL,6xmq7 6xmqeb
RUA MURUTIZEIRO,6xmqs3
RUA MUSTAFA ASSEN,6xmq3c
RUA MUTELINAS,6xmq7
RUA MUTUM,6xmqf
RUA MUTUM AÇÚ,6xmqu
RUA MUTUM DO NORTE,6xm
RUA MUTUM ETÊ,6xmqu
RUA MUTUM FAVA,6xmqu
RUA MUTUM PIRI,6xmqu
RUA MUTUTI,6xmqu
RUA MUXAXA,6xmqu
RUA MUXINGA,6xmqu
RUA MÁRCIO CASASSANTA,6xmqc
RUA MÁRCIO DE SÁ CARNEIRO,6xmqc
RUA MÁRCIO FIGUEIREDO,6xmq6r 6xmqd
RUA MÁRIO ANTÔNIO,6xmqf
RUA MÁRIO ASSAYAG,6xmq3
RUA MÁRIO BRANDÃO,6xmq36 6xmq3d
RUA MÁRIO DE ANDRADE,6xmq7
RUA MÁRIO HAYDEN,6xmq6
RUA MÁRIO PEIXOTO,6xmq9
RUA MÁRIO QUINTANA,6xmq37
RUA MÁRIO SAHDO,6xmq9
RUA MÁRIO SOUZA LIMA,6xmq7
RUA MÁRMORE,6xmqgc 6xmqu
RUA MÁXIMINO CORRÊA,6xmqec 6xmqef 6xmqs
RUA MÁXIMO DOS SANTOS,6xmq6
RUA MÉXICO,6xmqd
RUA MÔNACO,6xmqg
RUA MÔNICA BINDÁ,6xmq39
RUA N,6xmq7 6xmqk
RUA N SRA DA CONCEICAO,6xmq4 6xmq4e
RUA N SRA DE FATIMA,6xm
RUA N VIVENDA VERDE,6xmq
RUA N. SRA. DO MONTE SERRAT,6xmq3q
RUA N. SRA. DO P. SOCORRO,6xmqfu 6xmqfv
RUA NABI,6xmqf2
RUA NACIONAL,6xmqu
RUA NADABE,6xmqg
RUA NADIR MAQUINE,6xmq7 6xmqe
RUA NADIR NASCIMENTO,6xmq3z
RUA NAGAZAKI,6xmq6
RUA NAGIB SALÉM,6xmqdx
RUA NAGOIA,6xmq4y
RUA NAIM,6xmqgc
RUA NAIR M DA SILVA,6xmq
RUA NAKAGIMA,6xmqd
RUA NANDUM,6xmqu
RUA NANQUIM DIAS,6xmq3
RUA NANTES,6xm 6xmqf 6xmqg
RUA NAOR,6xmqgg
RUA NAPOLE,6xmqc
RUA NAPOLEÃO BONAPARTE,6xmqg2
RUA NARA LEAO,6xmq3
RUA NASCENTE DO SOL,6xmqg 6xmqg7
RUA NASCIMENTO NEGREIRO,6xmqd
RUA NASSAU,6xmqg
RUA NATAL,6xm 6xmq6 6xmqf
RUA NATANAEL,6xmqg
RUA NATIVIDADE,6xmq9e
RUA NATORI,6xmqd
RUA NATÃ,6xmqd
RUA NAURU,6xmqg
RUA NAVEGANTES,6xmqfb 6xmqg7
RUA NAYORO,6xmqd
RUA NAZARETH MESQUITA,6xmq6r 6xmqd
RUA NAZARÉ,6xmqe 6xmqez
RUA NAZIRA DAOU,6xmq6
RUA NEAGARI,6xmqd
RUA NEBRASKA,6xmq4 6xmq4t
RUA NEGREIROS FERREIRA,6xmq69 6xmq6d
RUA NEHEMIAS,6xmqfe 6xmqfs
RUA NEI CHAMORRA,6xmqgc
RUA NEIVA,6xmqg
RUA NELMA MACHADO,6xmqg1
RUA NELSON ANTUNES,6xmqeb
RUA NELSON BATISTA DE SALES,6xmq7 6xmqe
RUA NELSON BEZERRA,6xm
RUA NELSON CARNEIRO,6xmqf8
RUA NELSON DE FARIAS,6xmq36 6xmq37
RUA NELSON GONÇALVES,6xmq
RUA NELSON PEREIRA,6xmqf9
RUA NELSON RODRIGUES,6xmq3 6xmq35
RUA NELSON WAUGHAN,6xmq9
RUA NEPAL,6xmq8
RUA NEPER DA SILVEIRA,6xmq3d
RUA NEROPOLIS,6xmq3r
RUA NERTULILLA PRADO,6xmq
RUA NESTOR DE HOLANDA,6xmq39
RUA NESTOR PAZ,6xmq7y 6xmqk
RUA NESTOR VITOR,6xmq3
RUA NEUMA BOH,6xmqet 6xmqev
RUA NEVES DA FONTOURA,6xmq6 6xmq6e
RUA NEWTON VIEIRALVES,6xmqee 6xmqes
RUA NEÔNIO,6xmqgb 6xmqgc
RUA NHAMUNDA,6xmqf 6xmqff
RUA NICARÁGUA,6xmq8
RUA NICOLAU COELHO,6xmqdy
RUA NICOLAU DA SILVA,6xmq6 6xmq69 6xmq6d
RUA NICORE,6xmqs
RUA NICOSIA,6xmq9
RUA NIGER,6xmqg
RUA NIKITA KHRUSCHEV,6xmqd
RUA NILO SARAIVA,6xmqe
RUA NILOPÓLIS,6xmq
RUA NINFÉIA,6xm
RUA NIOBIO,6xmqsj
RUA NIPPON,6xmqd
RUA NIVALDO RAMALHO,6xmqf
RUA NOCA CABRAL DOS ANJOS,6xmq6 6xmq7
RUA NOEL NUTELS,6xmqe
RUA NOEL ROSA,6xmq 6xmq6
RUA NOEMIA CORDEIRO,6xmqs 6xmqs4
RUA NOEMIA DE CARVALHO,6xmq6f
RUA NOEMIA MOURÃO,6xmq9
RUA NONATO CASTRO,6xmq7r 6xmqe
RUA NORA NEY,6xmqd
RUA NORBERTO WON GAL,6xmq9g
RUA NORDESTINA,6xmq9
RUA NORMANDIA,6xmqs6
RUA NORMANDO,6xmq
RUA NORUEGA,6xmqd
RUA NOSSA SENHORA APARECIDA,6xmqu
RUA NOSSA SENHORA DAS DORES,6xmqgf 6xmqu
RUA NOSSA SENHORA DAS GRACAS,6xmq4y 6xmqfs
RUA NOSSA SENHORA DE FATIMA,6xmqc
RUA NOSSA SENHORA DE GUADALUPE,6xmqu
RUA NOSSA SENHORA DE LOURDES,6xmqgf
RUA NOSSA SENHORA DO CARMO,6xmqd 6xmqdt
RUA NOSSA SENHORA DO PERPÉTUO SOCORRO,6xmqu
RUA NOSSA SENHORA DO ROSÁRIO,6xmq
RUA NOSSA SENHORA DO SAMEIRO,6xmqu
RUA NOSSA SENHORA DOS NAVEGANTES,6xmqgc 6xmqgf 6xmqgg
RUA NOSSA SRA DE FATIMA,6xmq3 6xmq3q
RUA NOSSO SENHOR DO BONFIM,6xmq7 6xmqeb
RUA NOVA,6xmq 6xmq6f
RUA NOVA 1,6xmq
RUA NOVA ANDALUZIA,6xmqeu 6xmqev 6xmqsh
RUA NOVA AURORA,6xmq3q
RUA NOVA AVANHANDAVA,6xmq4x 6xmq4z
RUA NOVA BABEL,6xmq4y
RUA NOVA BRASÍLIA,6xmq4z
RUA NOVA CANAÃ,6xmqf8 6xmqfb
RUA NOVA CANTÚ,6xmq
RUA NOVA DELHI,6xmq9
RUA NOVA ERA,6xmq4
RUA NOVA ERECHIM,6xmqev 6xmqsj
RUA NOVA ESPERANCA,6xmq4y 6xmqf
RUA NOVA FRIBURGO,6xmqu
RUA NOVA GUINÉ,6xmqg5
RUA NOVA IGUAÇU,6xmqu
RUA NOVA IPIXUNA,6xmq7
RUA NOVA ITA,6xmq
RUA NOVA JERICÓ,6xmqs 6xmqsr
RUA NOVA JERUSALEM,6xmqf 6xmqgg
RUA NOVA LONDRINA,6xmqgf 6xmqu
RUA NOVA LUSITANIA,6xmq4y
RUA NOVA LUSITANIA 1,6xmq4y
RUA NOVA MAMORÉ,6xmqs6 6xmqs7
RUA NOVA MUTUM,6xmq
RUA NOVA OLIMPIA,6xmqs5
RUA NOVA OLINDA,6xmq6c 6xmq6f 6xmq7 6xmqd
RUA NOVA ORLEANS,6xmqg
RUA NOVA PALESTINA,6xmq4y
RUA NOVA PALMA,6xmq6
RUA NOVA PETRÓPOLIS,6xmq68
RUA NOVA PRATA,6xmq6
RUA NOVA REDENÇÃO,6xmq8 6xmq9
RUA NOVA REPUBLICA,6xmq4y
RUA NOVA REPÚBLICA,6xmq
RUA NOVA UNIÃO,6xmq7
RUA NOVA VENEZA,6xmq3r
RUA NOVA VITÓRIA,6xmqs3
RUA NOVA ZELÂNDIA,6xmq8
RUA NOVEM,6xm
RUA NOVO AYRÃO,6xmq6
RUA NOVO HORIZONTE,6xmq 6xmq3q
RUA NOVO JARDIM,6xmqf
RUA NUNES PEREIRA,6xmq7
RUA NUNO CARDOSO,6xmq6 6xmq68 6xmq69
RUA NUNO DE BRAGANÇA,6xmq3 6xmq3q
RUA NUNO TRISTÃO,6xmq 6xmq7
RUA NUTA PECHER,6xmq
RUA NÁPOLES,6xmq4 6xmq4e
RUA NÁUTICO,6xmq6f
RUA NÊSPERA,6xm
RUA O VIVENDA VERDE,6xmq
RUA OCIDENTAL,6xmq7
RUA OCIDENTE,6xmqff
RUA OCRE,6xmqeg 6xmqs4 6xmqs5
RUA OCTO,6xm
RUA ODILON PEDRO,6xmq6g 6xmq7
RUA ODIMAR SANTANA,6xmq7y
RUA ODULVALDO VIANA,6xmq7
RUA OEIRAS DO PARÁ,6xmqs 6xmqs7
RUA OFÉLIA,6xmqs5
RUA OIAPOQUE,6xmq6e 6xmqf
RUA OITANTE,6xmq3
RUA OITICICA,6xmqfg
RUA OKATI,6xmqg
RUA OKITAN,6xmqdx
RUA OKUBO,6xmqd
RUA OLAVO ALVES DE OLIVEIRA,6xmq36
RUA OLAVO BILAC,6xmq7
RUA OLAVO MONTEIRO NUNES,6xmqe 6xmqem
RUA OLEGÁRIO MARIANO,6xmq3
RUA OLENKA DE MENEZES,6xmq3c
RUA OLGA PASSOS PARA,6xmq3b
RUA OLHO DAGUA,6xm
RUA OLINDA,6xmqf 6xmqs3
RUA OLINTHO C. VASCONCELOS,6xmq9
RUA OLINTO LIMA,6xmqe 6xmqeb
RUA OLIVA,6xmqfv
RUA OLIVEIRA,6xmqfv
RUA OLIVEIRA BRAGA,6xmqer
RUA OLIVEIRA BREJINHOS,6xmq3
RUA OLIVEIRA FURTADO,6xmq6 6xmq68
RUA OLIVEIRA MARTINS,6xmq35 6xmq37
RUA OLIVEIRAS,6xmqgc
RUA OLIVENZA,6xmqf 6xmqg
RUA OLSEN ARAÚJO,6xmq3b
RUA OLYMPIA BIANCH,6xmqe
RUA OLÍMPIO DE CARVALHO,6xmqg3 6xmqg9
RUA OMAGUÁ,6xmqew 6xmqey
RUA OMAHA,6xmqg6
RUA OMÃ,6xmqg
RUA ONDAS,6xmqg 6xmqgg
RUA ONÓRIO JANUÁRIO,6xmq9
RUA OPALA,6xmqeg 6xmqeu 6xmqev 6xmqsj
RUA ORADOR,6xmq6
RUA ORESTE BARBOSA,6xmq7
RUA ORESTES SOBRINHO,6xmq3
RUA ORGAMELA,6xmqg1 6xmqg3
RUA ORIENTAL,6xmq6
RUA ORIGENES BESSA,6xmqs
RUA ORIZÔNIA,6xmq7
RUA ORLANDIA,6xmq7
RUA ORLANDO,6xmqg
RUA ORLANDO REBELO,6xmqf
RUA ORLEANS,6xmq6
RUA ORQUIDEA,6xm
RUA ORQUÍDEA,6xmq9
RUA ORQUÍDEA FAJUS,6xmq9
RUA ORÁCULO,6xmqfe
RUA OSAKA,6xmqd
RUA OSASCO,6xmq6e
RUA OSCAR CORDEIRO,6xmq7
RUA OSCAR LOPEZ,6xmq36
RUA OSCAR MAIA,6xmq7
RUA OSCAR ROMERO,6xmqfe 6xmqfs
RUA OSCARITO,6xmq6e
RUA OSEAS ANTUNES,6xmqey
RUA OSLEN ARAÚJO,6xmq6c 6xmq6f
RUA OSMA LINS,6xmq3 6xmq39
RUA OSMAR MATOS,6xmqdv 6xmqdy
RUA OSMARILZA MARTINS,6xmqer
RUA OSTRA,6xmqk
RUA OSTRACEIRO,6xmqs 6xmqsr
RUA OSUBALDO ORICO,6xmq36
RUA OSVALDO BARBOSA,6xmq3
RUA OSVALDO CRUZ,6xmq 6xmq3b
RUA OSVALDO DE SOUZA ARANHA,6xmq 6xmq38
RUA OSVALDO ORICO,6xmq39
RUA OSVALDO SEIXAS,6xmqf9
RUA OSWALD DE ANDRADE,6xmqc
RUA OSWALDO ALVES DA SILVA,6xmq7
RUA OSWALDO EVANGELISTA,6xmq3z 6xmq9
RUA OSWALDO MONTEIRO,6xmq 6xmqg3
RUA OSÍRIS,6xmqf2
RUA OSÍRIS C. DA SILVA,6xmq7 6xmq7r
RUA OTACÍLIO ALVES,6xmq9
RUA OTONIEL,6xmqf2
RUA OTONIEL ALENCAR,6xmqf
RUA OTTAWA,6xmqg
RUA OTTO MARIA,6xmqc
RUA OTTO NICOLAI,6xm 6xmq
RUA OTTO RESENDE,6xmq9
RUA OTÁVIO ANDREOLLI,6xmqc
RUA OTÁVIO CABRAL,6xmq6 6xmq6g
RUA OTÁVIO FREIRE,6xmqe
RUA OURICANA,6xmqet
RUA OURIÇO-DO-MAR,6xmqk
RUA OURO,6xmqgb 6xmqu
RUA OURO FINO,6xm
RUA OURO NEGRO,6xm
RUA OURO PRETO,6xmq6 6xmq7 6xmq7j
RUA OURO VERDE,6xm
RUA OUROESTE,6xmq6e
RUA OUTONO,6xmqu
RUA OVÍDIO GOMES MONTEIRO,6xmq3x 6xmq9
RUA P CJ CANARANA,6xmqg
RUA P VIVENDA VERDE,6xmq
RUA PACAJUS,6xmqs
RUA PACHULI,6xmqu
RUA PACOBAÍBA,6xmq37
RUA PACOL,6xmqg1 6xmqg3
RUA PACOTI,6xmq
RUA PACOVÃ,6xmqk
RUA PACUAÍ,6xmqg 6xmqgg
RUA PADA,6xmqg5
RUA PADRE AGOSTINHO,6xmq4
RUA PADRE ANTÔNIO VIEIRA,6xmq3
RUA PADRE CALERI,6xmq9f
RUA PADRE CRISTOBAL DE ACUNÃ,6xmq7
RUA PADRE CÍCERO,6xmqu
RUA PADRE DAMIAO,6xmq
RUA PADRE EVARISTO WANDERLEY,6xm
RUA PADRE FLAVIO,6xmq7y
RUA PADRE FRANCISCO,6xmq38 6xmq39 6xmq7
RUA PADRE JOSÉ ANCHIETA,6xmq3 6xmq3w
RUA PADRE JOSÉ NESTOR,6xmqf
RUA PADRE JOSÉ PEREIRA NETO,6xmq6g
RUA PADRE JOÃO BRUES,6xmq
RUA PADRE JOÃO D'ASUMÇÃO,6xmqez
RUA PADRE JOÃO DANIEL,6xmq6 6xmq7j
RUA PADRE JOÃO PERES,6xmq7
RUA PADRE JOÃO RIBEIRO,6xmqg 6xmqg9
RUA PADRE JÚLIO DE ALBUQUERQUE,6xmq3
RUA PADRE LUDOVICO,6xmq
RUA PADRE LUIS RUAS,6xm
RUA PADRE MANOEL DE NÓBREGA,6xmq3
RUA PADRE MARIO,6xmq
RUA PADRE MIGUEL HIDALGO,6xmq6b 6xmq6c
RUA PADRE MÁRIO GUIDICI,6xmqs
RUA PADRE ONIAS BENTO,6xmqg
RUA PADRE RAMIM,6xmq7y 6xmqk
RUA PADRE ROLIM,6xmq3w
RUA PADRE SAMUEL FRITZ,6xmq4y
RUA PADRE SANDRO PREDA,6xmq
RUA PADRE SEVERO,6xmq39 6xmq3d
RUA PAES BARRETO,6xmq4
RUA PAES DE CARVALHO,6xmqd
RUA PAGIEL,6xmqg3
RUA PAGUANA,6xmqu
RUA PAINEIRA DAS PEDRAS,6xm
RUA PAINEIRA-BRANCA,6xmqfv
RUA PAIS DE GALES,6xmqg
RUA PAIURÁ,6xmqg9
RUA PAJAMARIOBA,6xmqu
RUA PAJURAZINHO,6xm 6xmq 6xmqs 6xmqu
RUA PAJURÁ,6xmq
RUA PAJUSSARA,6xmqgg
RUA PAJÉ,6xmqf
RUA PALAMOS,6xm
RUA PALERMO,6xmqg
RUA PALHAL,6xmq7y
RUA PALHEIRA,6xmq
RUA PALMA DE MAIORCA,6xmqf 6xmqg
RUA PALMA DE MAJORCA,6xmqc
RUA PALMA ROSA,6xmqc
RUA PALMEIRA AZUL,6xm
RUA PALMEIRA BRANCA,6xmqfs 6xmqfu
RUA PALMEIRA DO MIRITI,6xmqk 6xmqs
RUA PALMEIRA REAL,6xmqe 6xmqes
RUA PALMEIRINHA,6xmqs
RUA PALMIRA,6xmqg
RUA PALMITAL,6xmqsj
RUA PALMITEIRO,6xmqc
RUA PALMITO,6xmq7
RUA PALÁDIO,6xmq39
RUA PAMPLONA,6xmq4
RUA PAMPULHA,6xmq7 6xmq7r 6xmqe
RUA PAN AMERICAN,6xmq9 6xmq9f
RUA PANAMIRIM,6xmq9
RUA PANAMÁ,6xmqg
RUA PANCRÁCIO NOBRE,6xmq9
RUA PANDIA CALOGERAS,6xmqe
RUA PANDORA,6xmq3z
RUA PANORAMA,6xmqsr
RUA PANTANAL,6xmq3 6xmq35
RUA PAO DE ACUCAR,6xmq
RUA PAPA INOCÊNCIO III,6xmqg1 6xmqg3
RUA PAPA PAULO VI,6xmq39 6xmq3d
RUA PAPAGAIO BAIANO,6xmqf
RUA PAPAYA,6xmqc
RUA PAPIRO,6xmq6 6xmq7j
RUA PAPOULA,6xmq9
RUA PAPUCAIA,6xmqu
RUA PAPUNAUA,6xmqg
RUA PAQUETÁ,6xmqf8 6xmqf9 6xmqfb 6xmqfc
RUA PARA,6xmqe 6xmqed
RUA PARACANÃ,6xmqs
RUA PARACATU,6xmq3z
RUA PARACUUBA,6xmqfv
RUA PARADA ANGÉLICA,6xmqu
RUA PARAGUAÇU,6xmq6g 6xmq7
RUA PARAIBANOS,6xmqu
RUA PARAIBUNA,6xmq4y
RUA PARAISO,6xmq 6xmq37
RUA PARAISO DO NORTE,6xmq7 6xmq7j
RUA PARAKANA,6xmqf
RUA PARAMACAXI,6xmqu
RUA PARAMARIBO,6xmq9
RUA PARANA,6xmqd
RUA PARANAKARI,6xmqs
RUA PARANAPANEMA,6xmq3 6xmq9
RUA PARANAPUÁ,6xmq7r
RUA PARANATAMA,6xmq9f
RUA PARANATININGA,6xmqes
RUA PARANAVAI,6xmq4y 6xmq4z
RUA PARANAÍBA,6xmq9
RUA PARANHOS,6xmqdx 6xmqf 6xmqf2
RUA PARANÁ AUTAZ MIRIM,6xmqc
RUA PARANÁ DO BARROSO,6xmqc
RUA PARANÁ DO CAPITARI,6xmqc
RUA PARANÁ DO CAREIRO,6xmqc
RUA PARANÁ DO CURARI,6xmqc
RUA PARANÁ DO MANAQUIRI,6xmqc
RUA PARANÁ TERRA NOVA,6xmqc
RUA PARANÃ,6xmqg
RUA PARAPARÁ,6xmq
RUA PARAPIRANGA,6xmq9
RUA PARATI,6xmqu
RUA PARATINGA,6xmq9 6xmq9f
RUA PARAUAPEBAS,6xmqs6
RUA PARAÍBA DO SUL,6xmqsr 6xmqu
RUA PARAÍSO DO EDEN,6xmq
RUA PARAÍSO DO TOCANTINS,6xmqfc 6xmqff
RUA PARAÍSO TROPICAL,6xmqc
RUA PARAÚ,6xmq3x 6xmq3z 6xmq9
RUA PARDAL,6xmqf
RUA PARELHAS,6xmqg7
RUA PARGAS RODRIGUES,6xmqe
RUA PARIBAROBA,6xmqu
RUA PARICA,6xmqfv
RUA PARICARANA,6xmqu
RUA PARINTINS,6xmqfs
RUA PARIQUIS,6xmqdz 6xmqe
RUA PARIS,6xmq9
RUA PARMA,6xmqf
RUA PARNEIRAS,6xmqd
RUA PARQUE DOS FRANCESES,6xmq3 6xmq6
RUA PARTENON,6xmqd
RUA PARÁ,6xmq6
RUA PASCOAL R MAZZILLI,6xmqdx 6xmqf8 6xmqf9
RUA PASSAGEM I,6xmq7
RUA PASSÉ,6xmq9f
RUA PASTER,6xmq9
RUA PASTOR BENÍCIO LEÃO,6xm
RUA PASTOR EURICO NELSON,6xm
RUA PASTOR JÚLIO DANTAS,6xm
RUA PATATIVA,6xmqf
RUA PATAUÁ,6xmqfc
RUA PATRAI,6xmqg
RUA PATRICIA GALVAO,6xmqc
RUA PATUA,6xmqf
RUA PAU BRASIL,6xmqs 6xmqsj
RUA PAU D'ARCO,6xmqu
RUA PAU MULATO,6xmqfu
RUA PAU QUINA,6xmqfu 6xmqfv
RUA PAU ROSA,6xmqfu
RUA PAU-FERRO,6xmqu
RUA PAUINI,6xmq6 6xmqf
RUA PAUL ADAM,6xmqd
RUA PAULA BRITO,6xmqg 6xmqu
RUA PAULA FRANCINETE,6xmq7
RUA PAULA PRADO,6xmqu
RUA PAULICÉIA,6xmqs6
RUA PAULINO GOMES,6xmq68 6xmq69
RUA PAULISTANA,6xmq3z
RUA PAULO CARVALHO CORREIA,6xmq6
RUA PAULO CESAR SERRACINI,6xmqf9
RUA PAULO DE CASTRO E COSTA,6xmq7
RUA PAULO DE FRONTIM,6xmq6
RUA PAULO EDUARDO DE LIMA,6xmqg1 6xmqg4 6xmqg5
RUA PAULO LOPES,6xmq7 6xmq7j
RUA PAULO MENDES CAMPOS,6xmqc
RUA PAULO PAIVA,6xmq3w
RUA PAULO PINTO NERY,6xmq
RUA PAULO RONAI,6xmq38 6xmq39
RUA PAULO SARMENTO,6xmqey 6xmqez
RUA PAULO SÉRGIO,6xmqs
RUA PAULO VI,6xmq6f 6xmq6g
RUA PAVAO,6xmq6g
RUA PAXIUBAS,6xmq3
RUA PE. CLEMENTE,6xmq6c 6xmq6f
RUA PE. CONSTANTINO TASTEVIN,6xm
RUA PE. FREDERICO STRATMAN,6xm
RUA PE. LODOMILO,6xm
RUA PE. MANOEL BERNARDES,6xmq36
RUA PE. MARCELINO CHAMPAGNAT,6xmq7 6xmqeb
RUA PE. MONTEIRO DE NORONHA,6xmqd 6xmqdw
RUA PE. OSCAR HOMERO,6xmq7 6xmq7y 6xmqk 6xmqs
RUA PEDERNEIRAS,6xmq7y
RUA PEDRA AZUL,6xmqs5
RUA PEDRA BELA,6xmqs5
RUA PEDRA BRANCA,6xmqs5
RUA PEDRA DA ESTRELA,6xm
RUA PEDRA DA LUA,6xmq
RUA PEDRA DO SOL,6xm
RUA PEDRA GRANDE,6xmqf 6xmqg 6xmqg7
RUA PEDRA MISTICA,6xmqeu
RUA PEDRA PRETA,6xmqg7
RUA PEDRALVA,6xmq7y
RUA PEDRARIAS DE AVILAR,6xmq7
RUA PEDRAS,6xmqg
RUA PEDRAS CORAIS,6xmqs5
RUA PEDREIRA,6xmq9g
RUA PEDRO ABDORAL CÉSAR,6xmq4 6xmq4e
RUA PEDRO ABIDURAL,6xmq6g
RUA PEDRO ALEIXO,6xmqe
RUA PEDRO ALVARES CABRAL,6xmq3
RUA PEDRO AMÉRICA,6xmq37
RUA PEDRO BACELLAR,6xmq9
RUA PEDRO BAIÃO,6xmq7 6xmq7j
RUA PEDRO BANDEIRA,6xmqsr
RUA PEDRO BARROS,6xmq7j
RUA PEDRO BOTELHO,6xmq4
RUA PEDRO C. DE PAIVA,6xmq7
RUA PEDRO COLLOR,6xmqg3 6xmqg6
RUA PEDRO COSTA FAVELA,6xmq6c 6xmq7
RUA PEDRO D'URSA,6xmq
RUA PEDRO DE ALCÂNTARA,6xmqu
RUA PEDRO DIAS LEME,6xmq6 6xmq6r 6xmqd
RUA PEDRO ELISIÁRIO,6xmq36
RUA PEDRO GOMES,6xmqs 6xmqsr
RUA PEDRO LIMA,6xmqf
RUA PEDRO LOPES,6xmq6c 6xmq7
RUA PEDRO MADEIRA,6xmq7
RUA PEDRO NAVA,6xmq37
RUA PEDRO NOBRE,6xmq9
RUA PEDRO TABOSA PEREIRA,6xmq7
RUA PEDRO TEIXEIRA,6xmq3
RUA PEDRO VERÇOSA,6xmq
RUA PEIXE AGULHA,6xmqs
RUA PEIXE BOI,6xmqs
RUA PEIXE CACHORRO,6xmqs
RUA PEIXE ESPADA,6xm
RUA PEJUÇARA,6xmqs
RUA PENA DOURADA,6xmqf
RUA PENA VERDE,6xmqf
RUA PENETRACAO 3 C BRANCO I,6xmq6
RUA PENETRAÇÃO,6xm
RUA PENSADOR,6xmq6 6xmq6e
RUA PEPERÔNIA,6xmq9g
RUA PEPINO DO MAR,6xmqk
RUA PEQUI,6xmqf
RUA PEQUIARANA,6xmqey
RUA PEQUIM,6xmqg
RUA PERCI AIRES,6xmq9
RUA PERDITA,6xmqs5 6xmqsh
RUA PERICLES MORAIS,6xmq4
RUA PERIMETRAL,6xmqd 6xmqdt
RUA PERNAMBUCO,6xmqd
RUA PERO DE ATAÍDE,6xmqdv
RUA PERO VAZ DE CAMINHA,6xmqdy
RUA PEROBA,6xm
RUA PEROLA NEGRA,6xmq6
RUA PERPÉTUA,6xmqu
RUA PERSEU,6xmq3
RUA PERSIA,6xmq4 6xmq4s
RUA PERU,6xmq6
RUA PERUGIA,6xmqg4 6xmqg6
RUA PERUIBE,6xmqfb
RUA PESQUEIRA,6xmq3
RUA PESSEGUEIRO,6xmqc
RUA PETER DRUCKER,6xmqc
RUA PETRA,6xmqg
RUA PETROLINA,6xmqg1
RUA PETROLÂNDIA,6xmqg
RUA PETRONILA ALVES NOGUEIRA,6xmq7
RUA PETRONIO AUGUSTO PINHEIRO,6xmqk
RUA PEXORIM,6xmqu
RUA PIABA,6xmqs
RUA PIAL,6xmqs
RUA PILÕES,6xmqfe
RUA PIMENTA BUENO,6xmq69 6xmq6d
RUA PINA DE MORAES,6xmq3 6xmq36
RUA PINDAI,6xmq9
RUA PINDARO,6xmqec
RUA PINDOBAÇU,6xmq9
RUA PINDORAMA,6xm
RUA PINGO D'ÁGUA,6xmqs
RUA PINGO-DE-OURO,6xm
RUA PINHAIS,6xmqe
RUA PINHALZINHO,6xmqf 6xmqfe
RUA PINHEIRINHO,6xmqs 6xmqsr
RUA PINHEIRO BRANCO,6xmq3
RUA PINHEIRO BRASILEIRO,6xmqf 6xmqfv
RUA PINHEIRO DOURADO,6xmq7 6xmq7r
RUA PINHEIRO PRATEADO,6xmqg
RUA PINHEIRO SILVESTRE,6xmqfg 6xmqfu
RUA PINHEIROS,6xmq
RUA PINHÃO,6xmqf
RUA PINHÃO PARAGUAIO,6xmq7 6xmq7j
RUA PINTANGUEIRAS,6xmq6
RUA PINTASSILGO,6xmqen 6xmqff
RUA PIO  X,6xmqf
RUA PIO IX,6xmqf 6xmqff
RUA PIO XII,6xmqf9
RUA PIPIRA,6xmqgg
RUA PIPIRA PRETA,6xm
RUA PIPIRA VERMELHA,6xm
RUA PIQUIARANA,6xmqf
RUA PIQUIAZEIRO,6xmqf
RUA PIQUIÁ,6xmqf
RUA PIRABAS,6xmq3x 6xmq9
RUA PIRACICABA,6xmqd
RUA PIRAJUBA,6xmqd
RUA PIRAMUTABA,6xmq 6xmqsr
RUA PIRANGA,6xmq7r
RUA PIRAPAMA,6xmqet
RUA PIRAPORA,6xmq6
RUA PIRARARA,6xmqs 6xmqsr
RUA PIRARUCU,6xmqs
RUA PIRATINI,6xmq7 6xmq7y
RUA PIRATININGA,6xmq4
RUA PIRES DO RIO,6xmq6 6xmq6e
RUA PIRICACA,6xmqu
RUA PIRIPÁ,6xmq9
RUA PIRITA,6xmqeu
RUA PIRITIBA,6xmq9
RUA PIRITUBA,6xmqg7
RUA PIRIÁ,6xmqe
RUA PIROFILITA,6xmqsh 6xmqsj
RUA PISTÁCIA,6xmq6
RUA PITAGORAS,6xmqd
RUA PITAIA,6xmqg
RUA PITANGA PRETA,6xmqf
RUA PITEIRA,6xm
RUA PITIMBU,6xmq9
RUA PITINGA,6xmqgb 6xmqu
RUA PITOMBA,6xmqfu
RUA PITOMBEIRA,6xmqfu
RUA PIXINGUINHA,6xmqeu
RUA PLACIDO DE CASTRO,6xmq3
RUA PLANALTINA,6xmq3
RUA PLANALTO,6xmq6 6xmq9f 6xmqs
RUA PLANETA JÚPITER,6xmq6
RUA PLANETA MARTE,6xmq6
RUA PLANETA NETUNO,6xmq6
RUA PLANETA PLUTÃO,6xmq6
RUA PLANETA SATURNO,6xmq6
RUA PLANETA TERRA,6xmq6
RUA PLANETA URANO,6xmq6
RUA PLATINALTINA,6xmqf
RUA PLINIO PAIVA,6xmqg2 6xmqg3
RUA PLOTINO,6xmqu
RUA PLUTARCO,6xmqu
RUA PLUTÃO,6xmqs
RUA PLUTÔNIO,6xmqgc
RUA PLÁCIDO,6xmqc
RUA PLÁCIDO DE CASTRO,6xmq3 6xmq3w
RUA PLÍNIO SALGADO,6xmqgb 6xmqgc
RUA POCONÉ,6xmq7
RUA POLINÉSIA,6xmqg 6xmqg5
RUA POLO NORTE,6xmqg
RUA POLO SUL,6xmqg
RUA POLVO,6xmqk
RUA POLÔNIA,6xmqg
RUA PONCE DE LEON,6xmq37
RUA PONTA DO VENTO,6xmq
RUA PONTA GROSSA,6xmq4
RUA PONTA NEGRA,6xmq3
RUA PONTA PORA,6xmq9e
RUA PONTA PORÃ,6xmq9e
RUA PONTALINA,6xmq6f
RUA PONTAS DE PEDRAS,6xmqg
RUA POPULAR,6xmq9
RUA POR DO SOL,6xmqs7
RUA PORACANÃ,6xmqfb 6xmqfc
RUA PORANGA,6xmq9 6xmq9e 6xmq9f 6xmq9g
RUA PORANGATU,6xmq9 6xmq9e
RUA PORFIRIO DE ALMEIDA LEMOS,6xmq9f
RUA POROROCA,6xmqdy
RUA PORTIA,6xmqs5
RUA PORTLAND,6xmqg
RUA PORTO BELO,6xmqsr
RUA PORTO CALVO,6xmq9
RUA PORTO CARRENHO,6xmqg
RUA PORTO COLOMBIA,6xmq4x
RUA PORTO DAS DUNAS,6xmq6
RUA PORTO ISABEL,6xmq
RUA PORTO MARISCO,6xmqs
RUA PORTO NOVO,6xmqs4
RUA PORTO TROMBETAS,6xmq7
RUA PORTO VELHO,6xmqc
RUA PORTO VILA,6xmqg
RUA PORTUGAL,6xmqd
RUA POSEIDON,6xmqc
RUA POTIM,6xmqf
RUA POUSADAS,6xm
RUA POUSO REDONDO,6xmqs 6xmqs3
RUA POÇO BRANCO,6xmqg
RUA POÇO FUNDO,6xmq4
RUA PRADO,6xmqs
RUA PRAGA,6xmq9
RUA PRAIA CURVINAS,6xmqs4
RUA PRAIA DA BOA VIAGEM,6xmqc
RUA PRAIA DA MAJORLÂNDIA,6xmqc
RUA PRAIA DAS FONTES,6xmqg
RUA PRAIA DAS SALINAS,6xmqc
RUA PRAIA DE CANOA QUEBRADA,6xmqc
RUA PRAIA DE COPACABANA,6xmqc
RUA PRAIA DE ICARAI,6xmqc
RUA PRAIA DE IRACEMA,6xmqc
RUA PRAIA DE ITAIBA,6xmqc
RUA PRAIA DE ITAMARACÁ,6xmqc
RUA PRAIA DE JERICOACOARA,6xmqc
RUA PRAIA DE OLINDA,6xmqc
RUA PRAIA DE SÃO VICENTE,6xmqc
RUA PRAIA DO AREAL,6xmqc
RUA PRAIA DO ARPOADOR,6xmqc
RUA PRAIA DO ATALAIA,6xmqc
RUA PRAIA DO CUMBUCO,6xmqc
RUA PRAIA DO FORTE,6xmqc
RUA PRAIA DO MARISCO,6xmqs 6xmqs3
RUA PRAIA DO MOSQUEIRO,6xmqc
RUA PRAIA DO NAÚTICO,6xmqc
RUA PRAIA DO PORTO SEGURO,6xmqc
RUA PRAIA DO TIMBAL,6xmqc
RUA PRAIA DO TIMBAU,6xmqc
RUA PRAIA DO TUPÉ,6xmqc
RUA PRAIA DOS LENÇÓIS,6xmq7j
RUA PRAIA FAROL DA BARRA,6xmqc
RUA PRAIA GRANDE,6xmqc
RUA PRAIANA,6xmq
RUA PRAINHA,6xmqs7
RUA PRESEPE,6xmq3
RUA PRESIDENTE CAFÉ FILHO,6xmqd
RUA PRESIDENTE COIMBRA DA LUZ,6xmqd
RUA PRESIDENTE EMÍLIO MÉDICI,6xmqd
RUA PRESIDENTE HUMBERTO DE A.C. BRANCO,6xmqd
RUA PRESIDENTE JOÃO BATISTA FIGUEIREDO,6xmqd
RUA PRESIDENTE JÂNIO QUADROS,6xmqd
RUA PRESIDENTE NEREU RAMOS,6xmqd
RUA PRESIDENTE NILO PEÇANHA,6xmqd
RUA PRESIDENTE RANIERE MAZZILI,6xmqd
RUA PRESIDENTE RODRIGUES ALVES,6xmqd
RUA PRESIDENTE ULYSSES GUIMARÃES,6xmqd
RUA PRESIDENTE VARGAS,6xmq9g
RUA PRESIDENTE WENCESLAU BRAZ,6xmqd
RUA PRESTE JOÃO,6xmq7
RUA PRESTES FILHO,6xmqf2 6xmqf8
RUA PRIMAVERA,6xmqs7 6xmqu
RUA PRIMO SABA,6xmq4 6xmq4e
RUA PRINCESA,6xmq7
RUA PRINCESA DIANA,6xmq
RUA PRINCESA ISABEL,6xmq4s 6xmq6
RUA PRINCESA LEOPOLDINA,6xmq6
RUA PRINCIPAL - CHAC. CAMPO BELO,6xm
RUA PRINCIPAL - RES. TAPAJOS,6xmqf
RUA PRINCIPAL 1,6xm
RUA PRINCIPAL 2,6xm
RUA PRINCIPAL 3,6xmq 6xmqg
RUA PROF CORA SANTANA,6xmqfv
RUA PROF ELVIRA DANTAS,6xmq3c
RUA PROF JULIA MARINHO,6xmqe 6xmqes
RUA PROF LOURENÇO THURY,6xmqe
RUA PROF. HERBERT PALHANO,6xmq6
RUA PROF. SAMUEL BENCHIMOL,6xmq6
RUA PROFESORA EMILIA CAVALCANTE,6xmq3 6xmq35
RUA PROFESSOR ABÍLIO ALENCAR,6xmq3r 6xmq3x 6xmq3z
RUA PROFESSOR AIRES MARINHO,6xmq3r 6xmq9
RUA PROFESSOR ALBERTO CARNEIRO,6xmqf 6xmqfe 6xmqff
RUA PROFESSOR ALCIJARA GADELHA,6xmqfe
RUA PROFESSOR ALCÂNTARA,6xmqf
RUA PROFESSOR ALEXANDRE RAYOL,6xmq7
RUA PROFESSOR ALFREDO FERNANDES,6xmq9
RUA PROFESSOR ALFREDO GARCIA,6xmqeg
RUA PROFESSOR ANTOVILLA VIEIRA,6xmq4s
RUA PROFESSOR ANTÃO MUNIZ,6xmqdw 6xmqdx 6xmqdy 6xmqdz
RUA PROFESSOR ANTÔNIO GIULESSE,6xmq3r 6xmq3x
RUA PROFESSOR ANTÔNIO T. DE SOUZA,6xmqdw 6xmqdx
RUA PROFESSOR ARIOSTO DE REZENDE,6xmq7 6xmq7y
RUA PROFESSOR AUGUSTO ENCARNAÇÃO,6xmqff
RUA PROFESSOR AZEVEDO,6xmq
RUA PROFESSOR BOTINELY,6xmq7
RUA PROFESSOR CARLOS BARROSO,6xmqdw
RUA PROFESSOR CARLOS MESQUITA,6xmq4 6xmq4s
RUA PROFESSOR CARLOS MUNIZ,6xmq9 6xmq9e
RUA PROFESSOR CASTELO BRANCO,6xmq6
RUA PROFESSOR CASTRO FIGUEIREDO,6xmq3r 6xmq9
RUA PROFESSOR CELESTINO SANTOS,6xmq
RUA PROFESSOR COROELANDO DURAND,6xmqer
RUA PROFESSOR ERNANI SIMÃO,6xmq4 6xmq4t
RUA PROFESSOR EUMACINO DE ARAÚJO,6xmqfs
RUA PROFESSOR EVANGELISTA BROW,6xmq3b 6xmq3c
RUA PROFESSOR FRANCISCO BACELAR,6xmq7
RUA PROFESSOR FREITAS PINTO,6xmq9
RUA PROFESSOR FÉLIX VALOIS,6xmqg
RUA PROFESSOR GERALDO AMORIM,6xmqer
RUA PROFESSOR GERALDO TEIXEIRA,6xmq6
RUA PROFESSOR GUILHERME NERY,6xmq6
RUA PROFESSOR HAMILTON CABRAL,6xmqff
RUA PROFESSOR J LEDA,6xmq4 6xmq4e
RUA PROFESSOR JOAÕ LIBERAL,6xmq7
RUA PROFESSOR JOSÉ CHEVALIER,6xmq9 6xmq9e
RUA PROFESSOR JOÃO CATUNDA,6xmqff
RUA PROFESSOR JOÃO RICARDO LIMA,6xmq6
RUA PROFESSOR JULIANO DE ALENCAR,6xmq9 6xmq9f
RUA PROFESSOR JULIO UCHOA,6xmq9
RUA PROFESSOR LOURENÇO THURY,6xmqe 6xmqee
RUA PROFESSOR LOURIVAL MUNIZ,6xmq 6xmq3b
RUA PROFESSOR MANOEL BELÉM,6xmqf9 6xmqfc 6xmqff
RUA PROFESSOR MARTINS SANTANA,6xmqe
RUA PROFESSOR MIGUEL DUARTE,6xmqff
RUA PROFESSOR MONTEIRO,6xmqf
RUA PROFESSOR NELSON FERREIRA,6xmqff
RUA PROFESSOR OTÁVIO PIRES,6xmq3z 6xmq9
RUA PROFESSOR PAULINO DE BRITO,6xmq7
RUA PROFESSOR PAULO EULETHÉRIO,6xmq4x 6xmq4z
RUA PROFESSOR PAULO RESENDE,6xmq6c 6xmq6f
RUA PROFESSOR PEDRO S NUNES,6xmq7 6xmqeb
RUA PROFESSOR PERICLES MORAES,6xmq7 6xmq7y 6xmqk
RUA PROFESSOR PLÁCIDO SERRANO,6xmqfc
RUA PROFESSOR RICARDO AMORIM,6xmq4e 6xmq4s
RUA PROFESSOR SEBASTIÃO MESTRINHO,6xmqe 6xmqen
RUA PROFESSOR TIBURCIO SALGADO,6xmq3q 6xmq3r
RUA PROFESSORA ADELAIDE BRAGA,6xmq9g
RUA PROFESSORA ADELAIDE CABRAL,6xmqeb 6xmqec
RUA PROFESSORA ADELAIDE MELO,6xmq9 6xmq9g
RUA PROFESSORA ADÉLIA BARBOSA,6xmqsj
RUA PROFESSORA ADÉLIA CUNHA,6xmq7r
RUA PROFESSORA ADÉLIA GUIMARÃES,6xmq7 6xmq7j
RUA PROFESSORA ALINA FERREIRA,6xmq6c
RUA PROFESSORA ALZIRA COSTA,6xmq4e
RUA PROFESSORA ALZIRA MACHADO,6xmq
RUA PROFESSORA AMANDA CAVALCANTE,6xmq9
RUA PROFESSORA AMÉLIA AYRES,6xmqdw 6xmqdx
RUA PROFESSORA ANA JOAQUINA,6xmqeg
RUA PROFESSORA ARYA FIRMINO,6xmq9
RUA PROFESSORA AURORA BARROSO,6xmq6
RUA PROFESSORA AURORA RÊGO,6xm 6xmqf
RUA PROFESSORA BRASILINA PEDROSA,6xmqeg 6xmqs4 6xmqs5
RUA PROFESSORA CACILDA BRAULE,6xmqe 6xmqer
RUA PROFESSORA CACILDA PEDROSO,6xmq9
RUA PROFESSORA CALDAS LINS,6xmq7
RUA PROFESSORA CLAVELINA MONTENEGRO,6xmqe 6xmqew
RUA PROFESSORA CÂNDIDA VEIGAS,6xmqf 6xmqf9
RUA PROFESSORA DIANA PINHEIRO,6xmqev 6xmqsh
RUA PROFESSORA DIVA PONCE,6xmq4z 6xmq6b 6xmq6c
RUA PROFESSORA DOLORES MELITA,6xmq7
RUA PROFESSORA EDNA CANIVARIA,6xmq9
RUA PROFESSORA EDUARDA LUCENA,6xmq4x
RUA PROFESSORA ELVIRA CORREA,6xmqev 6xmqey
RUA PROFESSORA ELVIRA PINTO,6xmqc
RUA PROFESSORA ELZA MELO,6xmqff
RUA PROFESSORA EMILIA GRANA,6xmqdx 6xmqdz
RUA PROFESSORA ERNESTINA CORRÊA,6xmq9
RUA PROFESSORA EVANGELINA ANTUNES,6xmq9
RUA PROFESSORA FELISMINA CHEKS,6xmqg
RUA PROFESSORA FRANCELINA DANTAS,6xmqg 6xmqg1
RUA PROFESSORA FRANCISCA COUTINHO,6xmqdx
RUA PROFESSORA GRAZIELA MACHADO,6xmq9e
RUA PROFESSORA HILMA DE MEDEIROS,6xmq9
RUA PROFESSORA INÊS LAMARÃO,6xmq9
RUA PROFESSORA ISAURA BARRONCAS,6xmq3x 6xmq3z
RUA PROFESSORA JOSEFA DE SOUZA,6xmqe
RUA PROFESSORA JOSEFINA GERMANDO,6xmq9f
RUA PROFESSORA JULIA SAMPAIO,6xmqeb
RUA PROFESSORA JULIANA MAQUINÉ,6xmqeg 6xmqeu
RUA PROFESSORA JUVENTINA PIRES,6xmqu
RUA PROFESSORA JÚLIA BITTENCOURT,6xmqdx
RUA PROFESSORA JÚLIA MARINHO,6xmqe
RUA PROFESSORA JÚLIA REGO,6xmq7
RUA PROFESSORA LAURA TAPAJÓS,6xmqu
RUA PROFESSORA LEA ALENCAR,6xmq3r 6xmq3x 6xmq3z
RUA PROFESSORA LIBÂNIA FERREIRA,6xmqk
RUA PROFESSORA LIDIA THAUMATURGO,6xmq
RUA PROFESSORA LILA BORGES DE SÁ,6xmqf 6xmqf9 6xmqfc 6xmqff
RUA PROFESSORA LUIZA DO NASCIMENTO,6xmq7 6xmq7y 6xmqeb
RUA PROFESSORA LUIZA MIRANDA LEAO,6xmq7
RUA PROFESSORA LÍDIA CAMPELO,6xmq9
RUA PROFESSORA MARIA A. BACELAR,6xmq3
RUA PROFESSORA MARIA A. CAMPOS,6xmqeg
RUA PROFESSORA MARIA A. HERMES,6xmq9
RUA PROFESSORA MARIA B. MADEIRA,6xmqs4 6xmqs5
RUA PROFESSORA MARIA DE LOURDES,6xmq3 6xmq3w 6xmq3x 6xmq3z 6xmq9
RUA PROFESSORA MARIA J. BRIGIDO,6xmqf 6xmqf2
RUA PROFESSORA MARIA M. FIUZA,6xmq9g
RUA PROFESSORA MARIA MONTEIRO,6xmqk
RUA PROFESSORA MARIA ORMINDA,6xmqe
RUA PROFESSORA MARIA TAPAJÓS,6xmq4
RUA PROFESSORA MARLENE M. TRIBUZY,6xmq9
RUA PROFESSORA NEUZA CHEVALIER,6xmqs 6xmqsh
RUA PROFESSORA OLGA DE MELO,6xmqd
RUA PROFESSORA OPTACIANA DE QUEIROZ,6xmqc
RUA PROFESSORA PERCÍLIA DE OLIVEIRA,6xmqs
RUA PROFESSORA RAYMUNDA CHEVALIER,6xmq6
RUA PROFESSORA RAYMUNDA LEITE,6xmq3
RUA PROFESSORA RAYMUNDA MAGALHÃES,6xmq6 6xmq7j
RUA PROFESSORA RITA ALVES,6xmqfc 6xmqff
RUA PROFESSORA RITA M. DE LIMA,6xmq6
RUA PROFESSORA RODRIGO COSTA,6xmqg2
RUA PROFESSORA ROSA DA SILVA CRUZ,6xmqf
RUA PROFESSORA ROSA GOMES,6xmq3x 6xmq9
RUA PROFESSORA ROZINEIDE GUADALUPE,6xmqg2
RUA PROFESSORA SANTINA FELIZEDA,6xmqf 6xmqf2
RUA PROFESSORA TEREZA ANDRADE,6xmq9
RUA PROFESSORA URSULA MONTEIRO,6xmqc
RUA PROFª FRANCISCA FERNANDES,6xmqc
RUA PROFª HELOISA MONTEIRO,6xmqd
RUA PROFª JUCIMAR BARBOSA,6xmq3d
RUA PROFª LEONILLA CABRAL,6xmqg9
RUA PROFª MARIA ANTONY,6xmqeb 6xmqec
RUA PROFª MARIA DE SALETTE,6xmq9g
RUA PROFª MARIA O. SANTANA,6xmq3
RUA PROFª NOEMIA DE MELO,6xmq6f
RUA PROFª ROSA DE ALMEIDA,6xmq6
RUA PROFª ROSALINA FEITOSA,6xm 6xmq
RUA PROFª. RAIMUNDA BRASIL,6xmq39 6xmq3d
RUA PROF° ADELELMO DO NASCIMENTO,6xmq3
RUA PROF° ADERSON DE MENEZES,6xmqd
RUA PROF° IGNACIO BELTRÃO,6xmq3 6xmq3c
RUA PROFº BUBLIO BITTENCOURT,6xmq3
RUA PROFº CASTELO BRANCO,6xmq6
RUA PROFº ILDA AUZIER,6xmq3
RUA PROFº JOSÉ MARQUES,6xm
RUA PROFº. WALDIR GARCIA,6xmq7
RUA PROJETADA,6xm 6xmq7 6xmq9f 6xmq9g 6xmqc 6xmqd 6xmqen 6xmqf 6xmqf2 6xmqf8 6xmqfg 6xmqfs 6xmqfv 6xmqg 6xmqg1 6xmqg9 6xmqgb 6xmqgc 6xmqgf 6xmqgg 6xmqs 6xmqs3 6xmqs6 6xmqs7 6xmqsr 6xmqu
RUA PROJETADA 10,6xmqk
RUA PROJETADA 11,6xmqu
RUA PROJETADA 12,6xmqs
RUA PROJETADA 2,6xmqk
RUA PROJETADA 4,6xmq9 6xmqk
RUA PROJETADA 5,6xmq3
RUA PROJETADA 7,6xmqk
RUA PROJETADA 8,6xmqk
RUA PROJETADA 9,6xmqk
RUA PROJETADA II,6xmqff
RUA PROMISSÃO,6xmq4x 6xmq4z
RUA PROMÉCIO,6xmq39 6xmq3d
RUA PROSPERIDADE,6xmqg3
RUA PRUDENTE DE MORAES,6xmq3w
RUA PRÍMULA BRANCA,6xmqu
RUA PRÚSSIA,6xmqg
RUA PUEBLA,6xmq9
RUA PUNARÉ,6xmqs
RUA PUPUNHA,6xmqfc
RUA PUPUNÃ,6xmq6
RUA PURAQUE,6xmq
RUA PURUI,6xmqs
RUA PURUNGA,6xmqs
RUA PURUS,6xmq4 6xmq4e
RUA PUSAN,6xmqd
RUA PUXINARA,6xmq9
RUA PUXURIM,6xmqs
RUA PÁDUA,6xmq4
RUA PÉ DA SERRA,6xmq9
RUA PÉGASO,6xmq3q
RUA PÉRCIDES,6xmq3d
RUA PÉRGAMO,6xmqg
RUA PÉRICLES RAMOS,6xmq9
RUA PÉROLA,6xmqgc
RUA PÉROLA VERDE,6xmq9 6xmq9f
RUA PÉROLA-CETIM,6xmqfv
RUA PÍNDARO,6xmqe 6xmqeb 6xmqec
RUA PÓLIS,6xm
RUA PÔR DO SOL,6xmqg
RUA Q,6xmq3w
RUA QT,6xmq6
RUA QUARTZO FUMÊ,6xm
RUA QUARTZO ROSA,6xm
RUA QUARTZO VERDE,6xm
RUA QUATRO,6xm
RUA QUATRO ESTAÇÕES,6xmqu
RUA QUATRO FONTES,6xmqg
RUA QUATTUOR,6xm
RUA QUEDAS DO IGUAÇU,6xmqk
RUA QUEFREN,6xmqg5
RUA QUEMM ODYSSEY,6xmqg9
RUA QUERUBIM,6xmqf 6xmqf2
RUA QUEÓPS,6xmqg5
RUA QUICHUÀ,6xmqfe
RUA QUIDE QUEIROZ,6xmq
RUA QUINARANA,6xmqu
RUA QUINTINO BOCAIUVA,6xmq4
RUA QUINTO CÚRCIO,6xmq6
RUA QUITERIA NOBRE,6xmq9
RUA QUITO,6xmq9
RUA QUIXADA,6xmq9g
RUA QUIXANDÁ,6xmqs
RUA QUIXERAMOBIM,6xmq9e 6xmq9g
RUA QUIXITIS,6xmqf
RUA R VIVENDA VERDE,6xmq
RUA RABANETE,6xm
RUA RABAT,6xmq9
RUA RABINO JACOB AZULAY,6xm
RUA RACHEL SARAIVA,6xmqf8 6xmqf9
RUA RAFAEL ASSAYAG,6xmq3x 6xmq3z
RUA RAFAEL AZIZE,6xmqu
RUA RAFAEL HENRIQUE,6xmqf
RUA RAFAEL SIQUEIRA,6xmqf9 6xmqsh 6xmqsj
RUA RAIMUNDA LOUREIRO,6xmqf9
RUA RAIMUNDA MARQUES,6xmqg1
RUA RAIMUNDA MARTINS,6xmq9e
RUA RAIMUNDA NOBRE,6xmq9
RUA RAIMUNDA P. MELO,6xmq3
RUA RAIMUNDA VILAÇA RODRIGUES,6xm
RUA RAIMUNDO A BORGES,6xmq7 6xmqe
RUA RAIMUNDO BARBOSA,6xmqe
RUA RAIMUNDO CORREIA,6xmq7
RUA RAIMUNDO DE CASTRO,6xmq37
RUA RAIMUNDO DE QUEIROZ,6xmq6
RUA RAIMUNDO GUEDES,6xmq7
RUA RAIMUNDO MAIA,6xmqc
RUA RAIMUNDO MARINHO,6xmqd 6xmqe
RUA RAIMUNDO MONTEIRO,6xmqer
RUA RAIMUNDO MORAES,6xmqf
RUA RAIMUNDO NOGUEIRA,6xmq6f 6xmq7
RUA RAIMUNDO NONATO,6xmq3z
RUA RAIMUNDO NONATO DE CASTRO,6xmq3
RUA RAIMUNDO PINHEIRO,6xmqe
RUA RAIMUNDO POLARI,6xmq6
RUA RAIMUNDO QUEIROZ,6xmq9
RUA RAIMUNDO SARAIVA,6xmqg 6xmqgg
RUA RAIMUNDO SODRÉ,6xmqe 6xmqen
RUA RAIMUNDO VANDERLEY LASMAR,6xmq6
RUA RAIMUNDO VIEIRA LOPES,6xmq7
RUA RAINHA CATARINA,6xmq6 6xmqd
RUA RAINHA DA PAZ,6xmq3
RUA RAINHA ELIZABETH,6xmq6
RUA RAINHA GUILHERMINA,6xmq6
RUA RAINHA MARGARIDA,6xmqc
RUA RAIO DE LUZ,6xm
RUA RAIZEIRO,6xmqf
RUA RAMADÃ,6xmqg
RUA RAMAL ALFREDO,6xmqu
RUA RAMALA,6xmqg 6xmqg5
RUA RAMAYANA DE CHEVALIER,6xmq9
RUA RAMIRO SANTOS,6xmq 6xmqc
RUA RAMOS,6xmqu
RUA RAMSÉS I,6xmqg5
RUA RAMÁ,6xmqc 6xmqf
RUA RAOUL FOLLEREAU,6xmq
RUA RAPHAEL ALMEIDA,6xmqe 6xmqem
RUA RAQUEL DE QUEIROZ,6xmqez
RUA RAUL ANTONI,6xmq68
RUA RAUL AZEVEDO,6xmq3 6xmq38 6xmq39
RUA RAUL BARATEIRO,6xmq7
RUA RAUL BOOP,6xmq36 6xmq37
RUA RAUL BRANDÃO,6xmq3
RUA RAUL DE LEONY,6xmq7
RUA RAUL PAVON,6xmqs
RUA RAUL POMPEIA,6xmq3
RUA RAUL SEIXAS,6xmqeu 6xmqs
RUA RAUL ZAGURY,6xmq6 6xmq69
RUA RAY MONTEIRO,6xmq4
RUA RAYOL DOS SANTOS,6xmqen
RUA REALEZA,6xmqd
RUA REBELO DA SILVA,6xmq37
RUA REGINALDO GUIMARÃES,6xmq36 6xmq3d
RUA REI ARTHUR,6xmq6 6xmqd
RUA REI SALOMÃO,6xmq6
RUA REIS MAGOS,6xmqf 6xmqfe
RUA REMANSO DAS AGUAS,6xmqc
RUA REMANSO DO TUCUNARÉ,6xmq
RUA REMBIRUÇU,6xmq9
RUA REMIR ARCHIER,6xmqd
RUA REMO,6xmq
RUA RENASCER,6xmqg3
RUA RENATO LINS,6xmqdw
RUA RENATO RUSSO,6xmqsr
RUA RENILA,6xm
RUA RENÉ DE NÁPOLIS,6xmq6
RUA REPÚBLICA DOMINICANA,6xmq8
RUA RETIRANTE,6xmqf
RUA RETIRO,6xmq6
RUA RHODES,6xmqg
RUA RIACHO DA CRUZ,6xmq3
RUA RIACHO DE SANTANA,6xmqg7
RUA RIACHO FUNDO,6xm
RUA RIACHUELO,6xmq3q
RUA RIAD,6xmq9
RUA RIBEIRINHO,6xmq3q
RUA RIBEIRO COUTO,6xmq36
RUA RIBEIRO DA COSTA,6xmqe
RUA RIBEIRO DE MATOS,6xmq6
RUA RIBEIRO JUNIOR,6xmq68
RUA RICARDO CHAMMA,6xmq35
RUA RICARDO COSTA,6xmqdw
RUA RICARDO DA SILVA MENDONÇA,6xmqe 6xmqem
RUA RICARDO DE MELO,6xmq6
RUA RICARDO JAFFET,6xmqd
RUA RICARDO JORGE,6xmq3
RUA RICARDO RAMOS,6xmq9
RUA RINCHÃO,6xmqu
RUA RIO ABACAXIS,6xmqed
RUA RIO ABUNA,6xmq6d 6xmq6f
RUA RIO ACARI,6xmqe
RUA RIO ACRE,6xmqf
RUA RIO ACURUPÁ,6xmq8
RUA RIO AIARI,6xmqef
RUA RIO AJARINI,6xmq7 6xmq7y 6xmqk
RUA RIO ALALAU,6xmqe
RUA RIO AMAJARI,6xmqee
RUA RIO AMAPA,6xmq6
RUA RIO AMATARI,6xmqe
RUA RIO AMAZONAS,6xmq6d
RUA RIO AMÔNIA,6xmqf
RUA RIO ANACORA,6xmqe
RUA RIO ANDIRÁ,6xmq6d
RUA RIO ARAGUARI,6xmqs7
RUA RIO ARAPORIS,6xm
RUA RIO ARARA,6xmqe
RUA RIO ARARIRA,6xmqef 6xmqeg
RUA RIO ARAUANA,6xmqed
RUA RIO ARAUÉ,6xmqe
RUA RIO ARAÇATUBA,6xmqef 6xmqeg
RUA RIO ARAÇU,6xmqe
RUA RIO ARAÇUAI,6xmq
RUA RIO ARINOS,6xm
RUA RIO ARIPUANÃ,6xmqed
RUA RIO ARNON,6xmqff
RUA RIO ATI,6xmqf 6xmqfs
RUA RIO ATININGA,6xmqs4
RUA RIO AUARES,6xmqs4
RUA RIO AUTAZ-AÇÚ,6xm
RUA RIO AYRAO,6xmqe 6xmqee 6xmqes
RUA RIO BADAJÓS,6xmqeb 6xmqs
RUA RIO BAUANA,6xmqed 6xmqee 6xmqeg 6xmqes 6xmqeu
RUA RIO BAUNA,6xmqed 6xmqee
RUA RIO BENI,6xm
RUA RIO BESOR,6xmqf
RUA RIO BIJOGÓ,6xmqee 6xmqes
RUA RIO BIÁ,6xmqk
RUA RIO BRANCO,6xmq 6xmq38 6xmq3b 6xmq4 6xmq4e 6xmq69 6xmq6d
RUA RIO BRANQUINHO,6xmqk
RUA RIO BUAFANA,6xmqee
RUA RIO CAIENA,6xmqg
RUA RIO CAJUBIM,6xmqee 6xmqeg
RUA RIO CAMACÃ,6xmqs 6xmqs6
RUA RIO CAMANDUAL,6xmqe
RUA RIO CANABURIS,6xmqs
RUA RIO CANAURU,6xmqe
RUA RIO CANAÇA,6xmqk
RUA RIO CAPAUATI,6xmqed
RUA RIO CAQUETÁ,6xm
RUA RIO CARABINANI,6xmqef
RUA RIO CARAPANATUBA,6xmqe 6xmqed
RUA RIO CARAUARI,6xmqef 6xmqeg 6xmqs4
RUA RIO CARBORIS,6xmqee 6xmqes
RUA RIO CAUAMÉ,6xmqs3
RUA RIO CHAPECÓ,6xmqf
RUA RIO COARI,6xmq 6xmqff
RUA RIO CRAJARI,6xmqs4
RUA RIO CRENIDES,6xmqff 6xmqfg
RUA RIO CUBATÉ,6xmqef
RUA RIO CUIMI,6xmqee
RUA RIO CUINI,6xmqe 6xmqed
RUA RIO CUNHUÁ,6xmq7
RUA RIO CURIAU,6xmqe 6xmqed
RUA RIO CURIE,6xmqee
RUA RIO CURIMATA,6xmqed 6xmqee
RUA RIO CURUENA,6xmqs 6xmqs6
RUA RIO CURUPIRA,6xmqe
RUA RIO DAMASCO,6xmqf
RUA RIO DANUBIO,6xmq6
RUA RIO DAS BICAS,6xmq6
RUA RIO DAS CONTAS,6xmq
RUA RIO DAS PEDRAS,6xmqf
RUA RIO DE JANEIRO,6xmqd
RUA RIO DEMENI - LOT RIO REI,6xmq8
RUA RIO DEMINI,6xmqes
RUA RIO DIMITI,6xmqec 6xmqef
RUA RIO DO BREU,6xmqs 6xmqs6
RUA RIO DO LIMÃO,6xmq
RUA RIO DO OESTE,6xmqed
RUA RIO DO PEIXE,6xmqf 6xmqfs
RUA RIO DORAÃ,6xmqe
RUA RIO DOS MARMELOS,6xmqe 6xmqed
RUA RIO DOS SINOS,6xmqff 6xmqfg
RUA RIO EBRO,6xmqff 6xmqfg
RUA RIO EDON,6xmqc
RUA RIO EIRU,6xmq6
RUA RIO EIRUNEPÉ,6xmq7 6xmq7y
RUA RIO ENDIMARI,6xmqed 6xmqef
RUA RIO ENVIRA,6xmq7 6xmq7y 6xmqk
RUA RIO EUFRATES,6xmqff 6xmqfg
RUA RIO FOGO,6xmqe
RUA RIO GABIRO PARANÁ,6xmq7 6xmqk
RUA RIO GALLEGOS,6xmqg
RUA RIO GRAJAÚ,6xmqee
RUA RIO GRANDE DO SUL,6xmqd
RUA RIO GREGORIO,6xmq7 6xmqk
RUA RIO GREGÓRIO,6xmq7 6xmqk
RUA RIO GUANDÚ,6xmqe
RUA RIO GUAPORÉ,6xmqs 6xmqs3
RUA RIO ICA,6xmq
RUA RIO IMABÚ,6xmq7
RUA RIO INAUINI - LOT RIO REI,6xmq8
RUA RIO INERUXI,6xmqef
RUA RIO IQUIARI,6xmqe
RUA RIO IQUIRI,6xmq7 6xmq7y
RUA RIO IRIRI,6xmqes
RUA RIO ITANNANA,6xmq6
RUA RIO ITANNAUA,6xmq6
RUA RIO ITAQUI,6xmq
RUA RIO ITU,6xmqf
RUA RIO ITUCUMÃ,6xmqf 6xmqfe 6xmqfs
RUA RIO ITUXI,6xmq6
RUA RIO ITUÍ,6xmqs4
RUA RIO IÇA,6xmq6
RUA RIO IÇANÃ,6xmq
RUA RIO JABOQUE,6xmqf
RUA RIO JACAMIM,6xmq
RUA RIO JACIMICIA,6xmqe
RUA RIO JAGUARAO,6xmq
RUA RIO JAIARANA,6xmqed
RUA RIO JAMARI,6xmq6
RUA RIO JAMURQUE,6xmqf
RUA RIO JAPURÁ,6xm
RUA RIO JAQUIRANA,6xmqs4
RUA RIO JARARETE,6xmqed 6xmqee 6xmqef
RUA RIO JARI,6xmqe
RUA RIO JATAPÚ,6xmq7
RUA RIO JATIRANA,6xmqs4
RUA RIO JAUAPERI,6xmqee 6xmqes
RUA RIO JAUARI,6xmq6
RUA RIO JAVA,6xmq
RUA RIO JAVARI,6xmq6
RUA RIO JAÚ,6xmq
RUA RIO JORDÃO,6xmqf
RUA RIO JUMA,6xmqe
RUA RIO JUREMA,6xmq6
RUA RIO JURUÁ,6xmqf
RUA RIO JUTAIZINHO,6xmqk
RUA RIO LITANI,6xmqff 6xmqfg
RUA RIO LUNA,6xmqed
RUA RIO MADALENA,6xmq9
RUA RIO MADEIRA,6xm 6xmqf
RUA RIO MAICURU,6xm
RUA RIO MAIOR,6xmqk
RUA RIO MANACAPURU,6xm 6xmqf
RUA RIO MARACÁ,6xmqs7
RUA RIO MARAU,6xmq3 6xmq9
RUA RIO MARAUJÁ,6xmqe
RUA RIO MARIE,6xmqed 6xmqee 6xmqef
RUA RIO MEXEDÊ,6xmqes
RUA RIO MINAUA,6xmqed 6xmqee 6xmqeg
RUA RIO MIRITI,6xmqed
RUA RIO MUCUIM,6xmqed 6xmqee
RUA RIO MUTUCA,6xmqed
RUA RIO MUTUM,6xmqf
RUA RIO MUTUZINHO,6xmq7 6xmqk
RUA RIO MÔA,6xmqf
RUA RIO NAICI,6xmqe 6xmqed
RUA RIO NAPIÁ,6xmqe 6xmqed
RUA RIO NAPO,6xmqeg 6xmqeu
RUA RIO NAPUIAU,6xmqe 6xmqec 6xmqed 6xmqef 6xmqeg
RUA RIO NEGRO,6xmq4
RUA RIO NILO,6xmq6d
RUA RIO NOVO,6xmq
RUA RIO OBI,6xmqff 6xmqfg
RUA RIO OXUS,6xmqf
RUA RIO PACAVI,6xmqe 6xmqed
RUA RIO PACIÁ,6xmqe
RUA RIO PADUARI,6xmqs 6xmqs4
RUA RIO PANAPUA,6xmqef
RUA RIO PARAGUAI,6xmqee 6xmqes
RUA RIO PARANÁ,6xmqee
RUA RIO PARAURI,6xmqed
RUA RIO PARDO,6xmqe 6xmqed
RUA RIO PARU,6xm
RUA RIO PAUINI,6xmq6
RUA RIO PAVINI,6xmq
RUA RIO PIORINI,6xm
RUA RIO PIQUIRI,6xmq
RUA RIO PIRAPÓ,6xmq
RUA RIO PIRATUCU,6xmqed
RUA RIO PITINGA,6xmqe 6xmqed
RUA RIO POTY,6xmqs4
RUA RIO PRETO,6xmqe
RUA RIO PRETO DA EVA,6xmq7 6xmq7y
RUA RIO PURUS,6xmq 6xmq6 6xmq6d
RUA RIO PURUTE,6xmqef
RUA RIO QUERITE,6xmqc 6xmqf
RUA RIO QUINÔ,6xmqee 6xmqes
RUA RIO QUISON,6xmqf
RUA RIO QUIXITO,6xmq
RUA RIO REAL,6xmq9
RUA RIO RENO,6xmqc
RUA RIO RIBEIRA,6xmqs4
RUA RIO RODANO,6xmq
RUA RIO SEPATINI,6xmq7 6xmq7y
RUA RIO SERVINE,6xmq7 6xmqk
RUA RIO SILVEIRA,6xmqf
RUA RIO SOL,6xmqe
RUA RIO SOLIMOES,6xm 6xmq 6xmq6 6xmq6d 6xmqd
RUA RIO SUCUNDURI,6xmqed
RUA RIO SÃO FRANCISCO,6xmq7
RUA RIO SÃO LOURENÇO,6xmqe
RUA RIO SÃO MANUEL,6xmqg9
RUA RIO SÃO TOMÉ,6xmqe
RUA RIO TAPAJOS,6xmq69 6xmq6d
RUA RIO TAPI,6xmq3
RUA RIO TAPUÃ,6xmq7 6xmq7y
RUA RIO TARAU,6xmqef
RUA RIO TARAUACÁ,6xmq6
RUA RIO TARUMÃ,6xmqes
RUA RIO TEFE,6xmq
RUA RIO TIAPANA,6xmqed
RUA RIO TIETÊ,6xmq
RUA RIO TIJUCO,6xmqe
RUA RIO TIQUIÊ,6xmqef 6xmqeg
RUA RIO TOCANTINS,6xmq6d 6xmqf
RUA RIO TOTOTOBI - LOT RIO REI,6xmq8
RUA RIO TRAINA,6xmqed
RUA RIO TRAIRA,6xmqed 6xmqef 6xmqeg
RUA RIO TROMBETAS,6xmq 6xmq6d
RUA RIO TUMIA,6xmq7
RUA RIO UATUMA,6xmq6d 6xmq6f
RUA RIO UMARI,6xm
RUA RIO UMATUMÃ,6xmqed
RUA RIO UNAÍ,6xmq
RUA RIO UNINI,6xmq8 6xmqe
RUA RIO URARICOERA,6xmqs4
RUA RIO URIAÚ,6xmqe
RUA RIO URUBU,6xmqk
RUA RIO URUCU,6xmqed
RUA RIO URUPADI,6xmqe 6xmqed
RUA RIO URUÁ,6xmqe
RUA RIO URUÇUI PRETO,6xmq
RUA RIO UTUCUMÃ,6xmqf
RUA RIO VERDE,6xmq6g
RUA RIO XANXERE,6xmq7 6xmqk
RUA RIO XERUÃ,6xm
RUA RIO XINGÚ,6xmq7 6xmq7y
RUA RIO YURUPAZI,6xm
RUA RIO ZEREDE,6xmqff 6xmqfg
RUA RITA G. BARROS,6xmq3
RUA RITA TELES,6xmqd 6xmqe 6xmqee
RUA ROBERTO DE NORMANDIA,6xmq6
RUA ROBERTO MENDES MOTA,6xmq6
RUA ROBERTO RIBEIRO,6xmqd
RUA ROBYNSON SOUZA,6xmq9
RUA ROCHA DOS SANTOS,6xmq4
RUA RODOLFO GARCIA,6xmqez
RUA RODOLFO MONTEIRO MAIA,6xmq69
RUA RODOLFO TEOFILO,6xmqey 6xmqez
RUA RODOLPHO VALE,6xmq9f
RUA RODOZITA,6xmqsh
RUA RODRIGO DE NORMANDIA,6xmq6
RUA RODRIGO LIMA,6xmq4z
RUA RODRIGUES ALVES,6xmq3
RUA RODRIGUES DE ABREU,6xmqez
RUA RODRIGUES DO CARMO,6xmq69
RUA RODRIGUES GUEDES,6xmqf 6xmqf2
RUA ROELISON,6xmq
RUA ROGER CUNHA RODRIGUES,6xmqf
RUA ROGÉRIO MAGALHÃES,6xmqe 6xmqer
RUA ROMA,6xmq9
RUA ROMANO,6xmqf2
RUA ROMAZEIRA,6xmqc
RUA ROMÃ,6xmqs
RUA ROMÊNIA,6xmq8
RUA RONALDO DE CARVALHO,6xmq7
RUA RONALDO LEMOS,6xmqgf
RUA RONDÔNIA,6xmqd
RUA ROQUETTE PINTO,6xmq9
RUA RORAIMA,6xmqc 6xmqe 6xmqec
RUA ROSA BRANCA,6xmqe 6xmqeb 6xmqec
RUA ROSA CRUZ,6xmq6
RUA ROSA DA FRANÇA,6xmqu
RUA ROSA DE MAIO,6xmq
RUA ROSA DE SARON,6xmqs
RUA ROSA DO LÍRIO,6xmqg
RUA ROSA LUXEMBURG,6xmqd
RUA ROSA MADEIRA,6xmqu
RUA ROSA MENINA,6xmq7
RUA ROSA REZENDE,6xmq4s 6xmq4t
RUA ROSA VERMELHA,6xmq9
RUA ROSA-DE-JERICÓ,6xmqg
RUA ROSALIND FRANKLIN,6xmqd
RUA ROSARINHO,6xmqeb 6xmqec
RUA ROSE ZARATE,6xmqf
RUA ROSEIRA,6xmqc
RUA ROSELHA,6xmqc
RUA ROSINA FERREIRA,6xmq9
RUA ROSINALDO SANTOS,6xmqg1
RUA ROSITA GONZALES,6xmq
RUA ROSQUILDES FREIRE,6xmq7 6xmq7r
RUA ROSÁRIO DO SUL,6xmqg
RUA ROTERDÃ,6xmqg
RUA ROUXINOL,6xmqg 6xmqg1
RUA RUA 05 DE SETEMBRO,6xmq6b
RUA RUA CAMILO DE JESUS LIMA,6xmqc
RUA RUA RICHIMOND,6xmqf 6xmqg
RUA RUANDA,6xmq8
RUA RUBEM MELO,6xmqd
RUA RUBENS BENZECRY,6xmq7
RUA RUBENS BRAGA,6xmqd
RUA RUBI,6xmqs5 6xmqsh
RUA RUBIDIO,6xmq39 6xmq3d
RUA RUDSON FRANÇA DOS SANTOS,6xmq9
RUA RUFINO DE ELIZALDE,6xmq 6xmqf 6xmqf2
RUA RUI BARBOSA,6xmq4
RUA RUSSELIA,6xmq9
RUA RUSSOS,6xmq4s
RUA RUTH HAYDEN,6xmq6 6xmq6r
RUA RUY ADRIANO JORGE,6xmqd
RUA RUY ARAÚJO,6xmq3z
RUA RUY GAMA E SILVA,6xmq4y 6xmq4z
RUA RÊGO BARROS,6xmq6 6xmq6r
RUA RÔMULO,6xmqs
RUA RÚSSIA,6xmqg
RUA S,6xmqu
RUA S DE SOUZA,6xmq68
RUA S-3,6xmq7y
RUA SA DE MIRANDA,6xmq3q 6xmq3r
RUA SAARA,6xmqg
RUA SABA REIS,6xmqd
RUA SABATO MAGALDI,6xmq38 6xmq39
RUA SABIA LARANJEIRA,6xmqf
RUA SABIA UNA,6xm
RUA SABIÁ,6xmq7 6xmq7r
RUA SABIÁ COLEIRA,6xm
RUA SABIÁ DA MATA,6xm
RUA SABIÁ DO CAMPO,6xmqs
RUA SABIÁ PRETO,6xmqg9 6xmqgf
RUA SABOARANA,6xmqdw
RUA SABUGUEIRO,6xmqu
RUA SACACA,6xmqs
RUA SACIARA,6xmqfb
RUA SACRAMENTO,6xmqg
RUA SADAH,6xmqg
RUA SADOC PEREIRA,6xmq9
RUA SAFIRA,6xmqsh
RUA SAFIRA BRAGA,6xmq6
RUA SAGA,6xmqd
RUA SAGITÁRIO,6xmq4t
RUA SAGRE,6xmq35 6xmq37
RUA SAGU,6xmqc 6xmqf
RUA SAIA BRANCA,6xmqc
RUA SAINT PETERSBURG,6xmqg
RUA SAITAMA,6xmqd
RUA SAKA,6xmqd
RUA SALAMANCA,6xmqg
RUA SALAMANDRA,6xmqu
RUA SALDANHA MARINHO,6xmq4
RUA SALEM,6xmqg6
RUA SALGADINHO,6xmqev 6xmqey
RUA SALIM KAHANE,6xmq9
RUA SALINAS,6xmq3
RUA SALITO GRAAL,6xmqf 6xmqf2
RUA SALMO 23,6xmqf
RUA SALMO 91,6xmqf
RUA SALMON,6xmqg
RUA SALMOS,6xmqff
RUA SALOMÃO BENARRÓS ISRAEL,6xmqe
RUA SALONIKA,6xmqg
RUA SALSA DA PRAIA,6xmqs
RUA SALSA DO CAMPO,6xmqu
RUA SALSA PARRILHA,6xmqs
RUA SALTO OSÓRIO,6xmq4x 6xmq4z
RUA SALTO SANTIAGO,6xmq4x
RUA SALUSTIANO,6xmq4s 6xmq4t
RUA SALVA,6xmqu
RUA SALVA DE MARAJÓ,6xmqu
RUA SALVA DOS JARDINS,6xmqu
RUA SALVA TERRA,6xmq3
RUA SALVADOR,6xmq6 6xmqs7
RUA SALVADOR BENEVIDES,6xmqd
RUA SALVADOR DALI,6xmq6
RUA SALVADOR DE MENDONÇA,6xmq35
RUA SALÃO-DOURADO,6xmqk
RUA SALÉM JOSÉ,6xmq7
RUA SAMAMBAIA,6xmqs 6xmqsh 6xmqsj
RUA SAMAMBAIAS,6xmq6r
RUA SAMARIA,6xmqgb 6xmqgc
RUA SAMAÚMA,6xm
RUA SAMIR MAMED ASSI,6xmq7
RUA SAMPÉ,6xm
RUA SAMUEL,6xmqf
RUA SAMUEL PAULO CAVALCANTE,6xmq6
RUA SAMUEL PEREIRA DE LIMA,6xmq3 6xmq35
RUA SAN AGUSTIN,6xmqg
RUA SAN CARLINO,6xmqs 6xmqu
RUA SAN CRISTOBAL,6xmqf
RUA SAN DIEGO,6xmqg1 6xmqg3 6xmqg4 6xmqg6
RUA SAN JUAN,6xmq3
RUA SAN LORENZO,6xm 6xmqf
RUA SAN MARIA,6xmqg
RUA SAN MARINO,6xmqg
RUA SAN MIGUEL DE TUCUMAN,6xmqf 6xmqf2
RUA SAN SALVADOR,6xmqg
RUA SANANDUVA,6xmqu
RUA SANCHO DE TOVAR,6xmqdy
RUA SANDOVAL LAGES,6xmqey
RUA SANDOVAL RAMOS,6xmqs
RUA SANDRA DIAS DE LIMA,6xmq7
RUA SANHACU,6xmqff 6xmqfg
RUA SANHAÇU,6xmq7r
RUA SANSAO,6xmqf2
RUA SANTA AGNES,6xm
RUA SANTA AMELIA,6xmq4
RUA SANTA ANA,6xmqc
RUA SANTA ANA NERY,6xmq7 6xmq7r
RUA SANTA ANASTÁCIA,6xmqd 6xmqf2
RUA SANTA APOLINÁRIA,6xm
RUA SANTA AURÉLIA,6xm 6xmqf
RUA SANTA BARBARA,6xmq7
RUA SANTA BEATRIZ,6xmqfg
RUA SANTA BIBIANA,6xmqf
RUA SANTA BRIGIDA,6xmqfe
RUA SANTA BÁRBARA,6xmqd
RUA SANTA CATARINA,6xmqd
RUA SANTA CECÍLIA,6xmqd 6xmqdw
RUA SANTA CLARA,6xmqgg
RUA SANTA CLAUDIA,6xmq6e
RUA SANTA CLOTILDE,6xmqer
RUA SANTA CRUZ,6xmqd
RUA SANTA CRUZ MACHADO,6xmq
RUA SANTA DOROTÉIA,6xmq9
RUA SANTA EDITH,6xmqf
RUA SANTA EDWIGES,6xmqgf 6xmqu
RUA SANTA ELIANA,6xm
RUA SANTA EMILIA,6xmqfg 6xmqfu
RUA SANTA ETELVINA,6xm 6xmqc
RUA SANTA FILOMENA,6xmqfs
RUA SANTA FÁTIMA,6xmqfg
RUA SANTA FÉ,6xmqg6
RUA SANTA GERTRUDES,6xmqu
RUA SANTA HELENA,6xm 6xmq4 6xmq4t 6xmq7 6xmq7j 6xmq9g
RUA SANTA HERMELINDA,6xmqgg
RUA SANTA INÁCIA,6xmqfe 6xmqfs
RUA SANTA INÊS,6xmq7 6xmq7r
RUA SANTA ISABEL,6xmq4
RUA SANTA ISABEL DO RIO NEGRO,6xmq6 6xmq68
RUA SANTA IZABEL,6xmqf
RUA SANTA LUCIA,6xmqu
RUA SANTA LUCILA,6xmq3
RUA SANTA LUZIA,6xmq4s
RUA SANTA MAMECLETA,6xmq3
RUA SANTA MARGARIDA,6xmqgg
RUA SANTA MARIA,6xm 6xmq7 6xmq7r 6xmqfe
RUA SANTA MARIA BERTILA,6xmqg1 6xmqg4
RUA SANTA MARIA DA LUZ,6xmqd 6xmqf2
RUA SANTA MARIA DA PAZ,6xmqg 6xmqgg
RUA SANTA MARIA DA SAÚDE,6xmqdw
RUA SANTA MARIA DA VITÓRIA,6xmq3 6xmq36 6xmq37 6xmq6f
RUA SANTA MARIA GORETTI,6xmqe 6xmqer
RUA SANTA MARTA,6xmqd 6xmqf2
RUA SANTA MIRTES,6xmqu
RUA SANTA MONICA,6xmq7r
RUA SANTA OLIVIA,6xmqu
RUA SANTA PALMIRA,6xmqfe
RUA SANTA QUITÉRIA,6xmq60
RUA SANTA RITA,6xmq3 6xmq4s 6xmqc
RUA SANTA RITA CÁSSIA,6xmqu
RUA SANTA RITA DA PAZ,6xmqgg
RUA SANTA RITA I,6xmq3 6xmq37
RUA SANTA ROSA DO LIMO,6xmqeb 6xmqs
RUA SANTA SARA,6xmqu
RUA SANTA TEREZA,6xmq4s
RUA SANTA TEREZA D'AVILA,6xm 6xmqg
RUA SANTA TEREZINHA,6xmq3q
RUA SANTA VIVIANA,6xmq7r
RUA SANTA ÁGATA,6xm
RUA SANTANA,6xmq3q
RUA SANTANA DO ARARI,6xmqg 6xmqg7
RUA SANTANOPOLIS,6xmq9
RUA SANTIAGO,6xmq9 6xmqs7
RUA SANTIAGO DANTAS,6xmqf 6xmqf2
RUA SANTILIA MELO CARDOSO,6xmq7
RUA SANTO AFONSO,6xmq3c 6xmq6
RUA SANTO AGOSTINHO,6xmqc
RUA SANTO ALBERTO,6xmqgg
RUA SANTO ALEXANDRE,6xmqu
RUA SANTO AMARO,6xmqd
RUA SANTO ANACLETO,6xmqfg
RUA SANTO ANDRE,6xmqf2
RUA SANTO ANTENODORO,6xmqd
RUA SANTO ANTONIO,6xmq38 6xmq3b 6xmq3c 6xmq6d 6xmq6g 6xmqd
RUA SANTO ANTONIO DE LISBOA,6xmqg2 6xmqg3
RUA SANTO ANTÔNIO DE BORBA,6xmqes
RUA SANTO ANTÔNIO DO IÇÁ,6xmq6 6xmq60
RUA SANTO APOLÔNIO,6xmq3x
RUA SANTO EXPEDITO,6xmqgc 6xmqgf
RUA SANTO EZEQUIEL,6xmqgc 6xmqu
RUA SANTO HONORATO,6xmqgf
RUA SANTO IDELFONSO,6xmqgc 6xmqgf
RUA SANTO INÁCIO,6xmqu
RUA SANTO ISIDORO,6xmq6
RUA SANTO IVO,6xmqu
RUA SANTO ONOFRE,6xmqc
RUA SANTO SUDÁRIO,6xmq3
RUA SANTOS DIAS,6xmqg 6xmqg1 6xmqg4
RUA SANTOS DUMONT,6xmq6 6xmq60
RUA SANTUÁRIO DE FÁTIMA,6xmq3q
RUA SAO BARTOLOMEU,6xm
RUA SAO BENTO,6xmqf 6xmqf2
RUA SAO BRAZ,6xmq4e
RUA SAO CRISTOVAO,6xmq4t
RUA SAO DOMINGOS,6xmq3
RUA SAO FRANCISCO,6xmq 6xmq4
RUA SAO GABRIEL,6xm 6xmqf2
RUA SAO GERALDO,6xmq4e 6xmq6
RUA SAO HERMES,6xmqfg 6xmqfu
RUA SAO JOAO,6xmq4s 6xmq4t
RUA SAO JOAO BATISTA,6xmq4
RUA SAO JOAO DEL REY,6xmq4y
RUA SAO JORGE,6xmq4e 6xmq9g 6xmqf8
RUA SAO JORGE I,6xmqd
RUA SAO JOSE,6xmq 6xmqs6
RUA SAO JUDAS TADEU,6xmqd 6xmqf8
RUA SAO LEOPOLDO,6xmqdx 6xmqf8
RUA SAO LOURENCO,6xmq7y
RUA SAO LUCAS,6xmq4
RUA SAO LUCAS I,6xmqf
RUA SAO LUCIO I,6xmqfe 6xmqfs
RUA SAO LUIZ,6xmqd 6xmqf 6xmqf2
RUA SAO MARCOS,6xmq4
RUA SAO MATEUS,6xmqd
RUA SAO PEDRO,6xm 6xmq39 6xmq4e 6xmq4t 6xmq68 6xmqs6 6xmqs7
RUA SAO PEDRO I,6xmq4y
RUA SAO SEBASTIAO,6xmq3 6xmq4 6xmq4s
RUA SAO SEVERINO,6xm
RUA SAO VALENTIN,6xmqfs 6xmqfu
RUA SAO VICENTE,6xmq4e
RUA SAPEAÇU,6xmq9
RUA SAPOPEMA,6xmqec
RUA SAPORO,6xmqd
RUA SAPOTI,6xmqfb
RUA SAPUCAI,6xmqf
RUA SAPUCAIA BRANCA,6xmqs
RUA SAPUCAIA DA MATA,6xmqu
RUA SAPUCAIA MIRIM,6xmqu
RUA SAPUCAINHA,6xmqf
RUA SARA BARRETO,6xmq6c 6xmq7
RUA SARA KUBITSCHEK,6xmqf2 6xmqf8
RUA SARACURA,6xmqg 6xmqg7
RUA SARAGOÇA,6xm
RUA SARAH BRITO DA COSTA,6xmqs6
RUA SARAPÓ,6xmqs
RUA SARDENHA,6xmqg
RUA SARDINHA,6xmqs
RUA SARDÔNIO,6xmqey
RUA SARGENTO ADAO,6xmqd
RUA SARGENTO ADMILSON,6xmqd
RUA SARGENTO BULCAO,6xmqd
RUA SARGENTO CASTRICIANO,6xmqd
RUA SARGENTO FEM JANETE,6xmqd
RUA SARGENTO FRANCISCO AMANDIO,6xmqd
RUA SARGENTO FREIRE,6xmqd
RUA SARGENTO GONDIM,6xmqd
RUA SARGENTO ISMAEL,6xmqd
RUA SARGENTO JAIRO,6xmqd
RUA SARGENTO JOAO DE DEUS,6xmqd
RUA SARGENTO M CHAGAS I,6xmq3
RUA SARGENTO MADEIRA,6xmqd
RUA SARGENTO MOISES,6xmqd
RUA SARGENTO PINHEIRO,6xm
RUA SARGENTO RUBENS,6xmqd
RUA SARGENTO SOMBRA,6xmqd
RUA SARITÉIA,6xmqfs
RUA SAROM,6xmqd
RUA SARRACENIA,6xmq9e
RUA SARTRE,6xmqd
RUA SATERÊ MAWÉ,6xmqf8 6xmqf9
RUA SATURNO,6xmqf
RUA SAULO DE TARSO,6xmqf9
RUA SAVANA,6xmqs6
RUA SAÍ AMARELO,6xm
RUA SEARA MERI,6xmqu
RUA SEATTLE,6xmqew 6xmqey 6xmqg4 6xmqg6
RUA SEBASTIAO ROMANO,6xmq3 6xmq37
RUA SEBASTIÃO BATISTA DE MELO,6xmq 6xmq8
RUA SEBASTIÃO DA ROCHA PITA,6xmqgb
RUA SEBASTIÃO LARANJEIRAS,6xmq9
RUA SEBASTIÃO LAVOR,6xmq6r
RUA SEBASTIÃO MACELINO DE ANDRADE,6xmqed
RUA SEBASTIÃO NORÕES,6xmqg1
RUA SECUNDÁRIA 7 NOVA CIDADE,6xmqg
RUA SELMA ACIOLY,6xmq6
RUA SELÊNIO,6xmq3d
RUA SEM DENOMINACAO,6xmqd 6xmqf2
RUA SEM PAVIMENTACAO,6xmqfb
RUA SEMPRE NOIVA,6xmqu
RUA SEMÂNIA,6xmqk
RUA SEN. CUNHA MELLO,6xmq39 6xmq3c 6xmq3d
RUA SEN. CÂNDIDO B. DE OLIVEIRA,6xmq6r
RUA SENA,6xmqs 6xmqsr
RUA SENADOR ARTHUR VIRGÍLIO FILHO,6xmq4s
RUA SENADOR DANIEL KLIEGER,6xmqdx
RUA SENADOR FABIO LUCENA,6xmq6f 6xmq6g
RUA SENADOR FILINTO MILLER,6xmq3
RUA SENADOR FÁBIO LUCENA,6xmq7r
RUA SENADOR JOSÉ ESTEVÃO,6xmq36 6xmq37
RUA SENADOR JOÃO BOSCO,6xmq
RUA SENADOR LEITAO DA CUNHA,6xmq68 6xmq69
RUA SENADOR RAIMUNDO PARENTE,6xmqe 6xmqer
RUA SENDAI - LOT. JD. ORIENTE,6xmqd
RUA SENEGAL,6xmq8
RUA SENHOR DO BONFIM,6xmq9
RUA SEPTEM,6xm
RUA SERGIO MILLIET,6xmqez
RUA SERGIO PIMENTEL,6xmqd 6xmqdx 6xmqf2 6xmqf8
RUA SERGIPE,6xmqd
RUA SERINGAL,6xmq3
RUA SERPÃO,6xmqu
RUA SERRA ALEGRE,6xmqf
RUA SERRA AZUL,6xmqf
RUA SERRA BELA,6xmqf
RUA SERRA DA PEDRA PRETA,6xmqs4 6xmqs6
RUA SERRA DAS ANDORINHAS,6xmqg7
RUA SERRA DAS SARACURAS,6xmqs 6xmqs6
RUA SERRA DE SÃO BENTO,6xmqg7
RUA SERRA DIVINA,6xmqf
RUA SERRA DO ACARÁ,6xmqf
RUA SERRA DO APUÍ,6xmqs6
RUA SERRA DO ARAI,6xmqeg
RUA SERRA DO AUARES,6xmqs
RUA SERRA DO MAR,6xmqgg
RUA SERRA DO MEL,6xmqs 6xmqs4 6xmqs6
RUA SERRA DO SOL,6xmqs6 6xmqs7
RUA SERRA DO TEPEQUÉM,6xmqs6
RUA SERRA DO URUCUZEIRO,6xmqs4 6xmqs6
RUA SERRA DO URUTANIM,6xmqs4 6xmqs6
RUA SERRA DOURADA,6xmq9e
RUA SERRA LEOA,6xmqg
RUA SERRA NEGRA,6xmq6
RUA SERRA PAITUNA,6xmqg
RUA SERRA-DA-ESTRELA,6xmqgg
RUA SERRA-DO-MAR,6xmqgf 6xmqgg
RUA SERRAS DO RIO NEGRO,6xmqf
RUA SERRINHA,6xmqg 6xmqg7
RUA SERVALHO JÚNIOR,6xmqc
RUA SERVIDAO 11,6xmqg1
RUA SERVIDAO 12,6xmqg3
RUA SERVIDAO 6,6xmqg
RUA SETE,6xmqc
RUA SETE CASCAS,6xmqf
RUA SETE LAGOAS,6xmqgg 6xmqu
RUA SETE ONDAS,6xmqf
RUA SETE QUEDAS,6xmq7 6xmq7j
RUA SEVERIANO NUNES,6xmq6 6xmq6e 6xmq6f
RUA SEVERINO DE ANDRADE,6xmq7
RUA SEVERINO HERCULANO,6xmqf
RUA SEVILHANA,6xmqs3 6xmqs6
RUA SGT AGUIAR,6xmqd
RUA SGT CICERO,6xmqd
RUA SGT MANOEL CHAGAS,6xmq3
RUA SGT PAULO AFONSO,6xmqd
RUA SHALON,6xmqfv
RUA SHANGAI,6xmqg
RUA SIBIPIRUNA,6xmqf
RUA SICÍLIA,6xmq9
RUA SIDEROPOLIS,6xmqe
RUA SIDON,6xmqf 6xmqf2
RUA SIENA,6xmqd
RUA SIENITO,6xmq4s
RUA SILAS PIMENTA,6xmqff
RUA SILIMANITA,6xmqef 6xmqeg 6xmqs4
RUA SILVA ALVARENGA,6xmq6
RUA SILVA RAMOS,6xmq4p 6xmq60
RUA SILVANIA,6xmqe
RUA SILVANITA,6xmqs
RUA SILVES,6xmqf
RUA SILVESTRE,6xmq3x 6xmq9
RUA SILVIO NOGUEIRA VALENTE,6xmqs6
RUA SILÍCIO,6xmq39
RUA SIMAO PINA,6xmqdy
RUA SIMON RODRIGUEZ,6xmq7
RUA SIMPLICIO R DE PINHO,6xmq4z
RUA SIMÃO BOLIVAR,6xmq4
RUA SIMÃO PEDRO,6xmq9
RUA SIMÕES LOPES,6xmqe
RUA SIMÕES LOPES NETO,6xmq3 6xmq35
RUA SINAGOGA,6xmqf
RUA SINGAPURA,6xmq9
RUA SINVAL DE MOURA,6xmq6c
RUA SIQUEIRA MENDES,6xmqgc
RUA SIRACUSA,6xmqf
RUA SIRI,6xmqk
RUA SIRIA,6xmqg5
RUA SIRIO LIBANES,6xmq3
RUA SISENO SARMENTO,6xmqg3
RUA SITAEL,6xmqfs
RUA SIÃO,6xmqf
RUA SOARES DE PASSO,6xmq3q
RUA SOBRADINHO,6xmq9 6xmqd
RUA SOBRAL,6xmqs
RUA SOBRINHO MARANHÃO,6xmq6d
RUA SOCORRO DE CASTRO,6xmq7y 6xmqk
RUA SOCRATES GONCALVES,6xmqf2 6xmqf8
RUA SODALITA,6xmqsj
RUA SOFONIAS,6xmqff 6xmqfs
RUA SOL NASCENTE,6xmqem 6xmqet
RUA SOL POENTE,6xmqem 6xmqet
RUA SOLANO SERIO,6xmqg3
RUA SOLEMA,6xmq7r 6xmqe
RUA SOLIMÕES,6xmq7 6xmq7j
RUA SOLON DE LUCENA,6xmq3
RUA SOLON GONÇALVES,6xmq7
RUA SONHO MEU,6xmqg3
RUA SOPHIA GONÇALVES,6xmq6
RUA SOROR ALCOFORADO,6xmq3r 6xmq9
RUA SORRISO,6xmqg3
RUA SORRISO DO LAGARTO,6xmqs4
RUA SOURE,6xmq3
RUA SOUSA CALDAS,6xmqc
RUA SOUTO SOARES,6xmq3 6xmq9 6xmqe
RUA SOUZA ANDRADE,6xmq6 6xmq6e
RUA SOUZA BANDEIRA,6xmq3b
RUA SOUZA BRASIL,6xmqc
RUA SOUZA CAMPOS,6xmqd
RUA SOUZA MENDES,6xmqd
RUA SOUZA PINTO,6xmq9
RUA SPINOZA,6xmqu
RUA ST AGOSTINHO,6xmqc
RUA STANISLAW PONTE PRETA,6xmq7
RUA STO. ANTONIO,6xmq3q
RUA STÊNIO NEVES,6xmq6
RUA SUAHAUSA NEVES,6xm 6xmqf
RUA SUCUPIRA,6xmq3
RUA SUCUPIRA BRANCA,6xmq
RUA SUCURI,6xmqu
RUA SUDANESES,6xmq4 6xmq4e
RUA SUDÃO,6xmqf 6xmqg
RUA SUEL,6xmqg
RUA SUEZ,6xmqc
RUA SUINÃ,6xmq7r
RUA SUIÇA,6xmqd
RUA SUL,6xmq9
RUA SUL AMÉRICA,6xmq
RUA SULAMITA,6xm
RUA SULTÃO SALADINO,6xmq6
RUA SUMATRA,6xmqg
RUA SUMO SARCEDOTE,6xmqf2
RUA SUPUPIRA,6xmqs
RUA SURINAME,6xmq9
RUA SURUBIM,6xmqs
RUA SURUCUTINGA,6xmqu
RUA SURUCUÁ,6xmqc
RUA SUÉCIA,6xmqg
RUA SÁ PEIXOTO,6xmq4
RUA SÁ PEREIRA,6xmq9
RUA SÁTIRO BARBOSA,6xmq6g
RUA SÁTIRO DIAS,6xmq69 6xmq6d
RUA SÂNDALO,6xmq9
RUA SÃO APARICIO,6xmq3q
RUA SÃO BARNABÉ,6xmqf
RUA SÃO BARTOLOMEU,6xmqs
RUA SÃO BENEDITO,6xmqu
RUA SÃO BENTO,6xmq
RUA SÃO BERNARDINO,6xmqu
RUA SÃO BERNARDO,6xmq3 6xmq3z
RUA SÃO BOAVENTURA,6xmqf
RUA SÃO BONIFÁCIO,6xmq6
RUA SÃO BRAZ,6xmqf
RUA SÃO CARLOS,6xmq3 6xmq3q
RUA SÃO CIRILO,6xmqgc 6xmqgf 6xmqgg
RUA SÃO CLEMENTE,6xmqu
RUA SÃO CONRADO,6xmq
RUA SÃO CONSTANTINO,6xmqgf
RUA SÃO COSME,6xmqfg 6xmqfu
RUA SÃO COSME E DAMIÃO,6xmqu
RUA SÃO CRISPIM,6xmqf
RUA SÃO CRISTOVÃO,6xmq4 6xmq4t
RUA SÃO DAMIÃO,6xmqfg 6xmqfu
RUA SÃO DAVI,6xmqgf 6xmqgg
RUA SÃO DIMAS,6xmq3
RUA SÃO DINIS,6xmqgc 6xmqgf 6xmqgg
RUA SÃO DOMINGOS SÁVIO,6xmqgf 6xmqgg
RUA SÃO DONATO,6xmq
RUA SÃO EUSÉBIO,6xmqfe 6xmqfg
RUA SÃO FELICIANO,6xmqfg 6xmqfu
RUA SÃO FELIPE,6xmq3q 6xmq3r
RUA SÃO FERNANDO,6xmqu
RUA SÃO FLORÊNCIO,6xmqg 6xmqgg
RUA SÃO FRANCISCANO,6xmqer
RUA SÃO FRANCISCO,6xmq4
RUA SÃO FRANCISCO DAS CHAGAS,6xmq3r 6xmq9
RUA SÃO FRANCISCO DE ASSIS,6xmq3q
RUA SÃO FRANCISCO DE CANINDÉ,6xmqc 6xmqf
RUA SÃO FULGÊNCIO,6xmqgc 6xmqgf
RUA SÃO FÉLIX,6xmqgc 6xmqgf
RUA SÃO GABRIEL DA CACHOEIRA,6xmq6
RUA SÃO GENARO,6xmqu
RUA SÃO GONÇALO,6xmq7y
RUA SÃO GREGÓRIO,6xmqc
RUA SÃO IVO,6xmq69 6xmq6d
RUA SÃO JACINTO,6xmq9e
RUA SÃO JANUÁRIO,6xmq3d
RUA SÃO JERÔNIMO,6xmq4 6xmq4s 6xmq4t
RUA SÃO JOAQUIM,6xmqe 6xmqen
RUA SÃO JORGE,6xmq4s
RUA SÃO JOSAFÁ,6xmqu
RUA SÃO JOSÉ,6xmq 6xmq3b
RUA SÃO JOSÉ DE ARIMATEIA,6xmqc
RUA SÃO JOÃO,6xmq3b 6xmq3c
RUA SÃO JOÃO DO PARAÍSO,6xmq9
RUA SÃO JULIANO,6xmqgf 6xmqgg
RUA SÃO JUSTINO,6xmqer
RUA SÃO JUVENAL,6xmqu
RUA SÃO LOURENÇO,6xmqe 6xmqer
RUA SÃO LUCAS,6xmq
RUA SÃO LUIZ,6xmq6
RUA SÃO LÁZARO,6xmq3b
RUA SÃO MARCELINO,6xmqdy 6xmqdz
RUA SÃO MARTINHO,6xmqgg
RUA SÃO MARÇAL,6xmq36 6xmq37
RUA SÃO MATEUS,6xmqf2
RUA SÃO MATHEUS,6xmqe 6xmqez
RUA SÃO MATHIAS,6xmqu
RUA SÃO MIGUEL,6xmq3 6xmq39
RUA SÃO MOISES,6xmqu
RUA SÃO NICOLAU,6xmqu
RUA SÃO PAULINO DE YORK,6xmqgg
RUA SÃO PAULO,6xm 6xmqf2
RUA SÃO PAULO DE OLIVENÇA,6xmq69 6xmq6d
RUA SÃO PEDRO,6xmq4t
RUA SÃO RAIMUNDO,6xmq
RUA SÃO RICARDO,6xmqgc 6xmqgf
RUA SÃO ROQUE,6xmq3 6xmq3z
RUA SÃO SALVADOR,6xmqu
RUA SÃO SAMATAS,6xmqeu 6xmqev
RUA SÃO SEBASTIÃO DO PASSÉ,6xmq9
RUA SÃO TELMO,6xmqu
RUA SÃO TEÓFILO,6xmqgg
RUA SÃO TIAGO,6xmqgf
RUA SÃO TIMOTEO,6xmq3q
RUA SÃO TIMÓTEO,6xmqu
RUA SÃO TITO,6xmqgf 6xmqgg
RUA SÃO TOBIAS,6xmqgg
RUA SÃO TOMAZ,6xmqu
RUA SÃO TOMÁS DE AQUINO,6xmq3c 6xmq6
RUA SÃO VALENCIANO,6xmqu
RUA SÃO VICENTE,6xmq
RUA SÃO VICENTE DE PAULA,6xmq9 6xmq9e
RUA SÃO XAVIER,6xmqfg 6xmqfu
RUA SÃO ZEFERINO,6xmqfg 6xmqfu
RUA SÇO FRANCISCO DE ASSIS,6xmqc
RUA SÉPIA,6xmqk
RUA SÉRGIO DIAS PIRES,6xmqet 6xmqev
RUA SÉRGIO RIBEIRO DOS SANTOS,6xmq
RUA SÊNECA,6xmqs 6xmqu
RUA SÍTIO NOVO,6xmqu
RUA SÓCRATES,6xmqs 6xmqu
RUA SÓSTENES MAGALHÃES,6xmq7
RUA T1,6xmq3
RUA TABATINGA,6xmqs4
RUA TABIRA,6xmq9
RUA TACOMA,6xmq8
RUA TAGETES,6xmq9 6xmq9f
RUA TAGUARAMA,6xmq9
RUA TAIEIRAS,6xmqf
RUA TAILÂNDIA,6xmqdt
RUA TAIO,6xm
RUA TAIUVA,6xmqf
RUA TAIWAN,6xmqdt
RUA TAIZ,6xmqg
RUA TALES DE MILETO,6xmqgc 6xmqgf 6xmqgg
RUA TALISMÃ,6xmqs 6xmqsh 6xmqsj
RUA TAMANQUEIRO,6xmqfv
RUA TAMAQUARÉ,6xmqfb
RUA TAMARINDO,6xmqsr 6xmqu
RUA TAMARINO,6xmqfb
RUA TAMBAQUI,6xmq
RUA TAMBAÚ,6xmqf8 6xmqfb
RUA TAMBO,6xmq4x
RUA TAMBORIE,6xmq9
RUA TAMBORINS,6xmqf
RUA TAMOATA,6xm
RUA TAMOATÁ,6xmqs
RUA TAMUANA,6xmq4 6xmq4x
RUA TANABI,6xmqf8 6xmqfb
RUA TANCREDO NEVES,6xmq9 6xmq9f
RUA TANCREDO NEVES-LT.EDUARDO GOME,6xmq9g
RUA TANGARÁ,6xmqdz 6xmqfb
RUA TANGARÁ REI,6xmqf
RUA TANHAÇU,6xmq9
RUA TANJERINA,6xmqfb
RUA TANZÂNIA,6xmqg
RUA TAPAJÓS,6xmq4 6xmq4p
RUA TAPARICA,6xmqe
RUA TAPAUÁ,6xmq4e
RUA TAPEREBA,6xmqf 6xmqs
RUA TAPEROA,6xmq9
RUA TAPIR,6xm
RUA TAPIRAMUTA,6xmq9
RUA TAPIÁ,6xmqfv
RUA TAPUCARA,6xmqfc 6xmqff
RUA TAPURUQUARA,6xmq4 6xmq4e
RUA TAQUARI,6xmqg
RUA TAQUARITUBA,6xmqe
RUA TAQUATINGA,6xmq9
RUA TAQUEIRINHA,6xmq4
RUA TARAGUÁ,6xmqf9
RUA TARCÍLIO AZEVEDO,6xmqg1
RUA TARLAC,6xmqg
RUA TARRASA,6xmqc
RUA TARUMA,6xmqe
RUA TARUMÃ DA MATA,6xmqu
RUA TARUMÃ SILVESTRE,6xmqs
RUA TASSO DA SILVEIRA,6xmqgb
RUA TATAUAPÃ,6xmqeu 6xmqsh
RUA TATUABA,6xmqu
RUA TAUBATE,6xmq9
RUA TAUBATÉ,6xmq9g
RUA TAVARES TEIXEIRA,6xmq6
RUA TECA,6xm
RUA TECELONICA,6xmq6g
RUA TEERÃ,6xmq9
RUA TEFÉ,6xmqg
RUA TEIXEIRA DE QUEIROZ,6xmq37
RUA TELAVIVE,6xmq9
RUA TEMBÉ,6xm
RUA TEN JURANDIR,6xmq4 6xmq4x
RUA TENENTE JOSÉ ARNAUD,6xmqs 6xmqs4 6xmqs6
RUA TENENTE PINTO DE SÁ,6xmq3
RUA TENREIRO ARANHA,6xmqe 6xmqen
RUA TENTO,6xmqs
RUA TENÓRIO TELLES,6xmqc
RUA TEODORO SAMPAIO,6xmq3
RUA TEODULO DE MATOS,6xmq6r
RUA TEOTÔNIO VILELA,6xmq3 6xmq36
RUA TERENA,6xmqf
RUA TERESINA,6xmq6
RUA TERESÓPOLIS,6xmq9 6xmq9e
RUA TEREZA CRISTINA,6xmqc
RUA TEREZA D'ÁVILA,6xm
RUA TEREZA MARGARITA HORTA,6xmqgb
RUA TERRA ALTA,6xmq3 6xmq3q
RUA TERRA NOVA,6xmqeb 6xmqec
RUA TERRA PRETA,6xmqeb 6xmqec
RUA TERRA SANTA,6xmq3
RUA TESEU,6xm
RUA TESSA LONICENSES,6xm
RUA TETEU,6xmqg 6xmqgg
RUA TEXAS,6xmq8
RUA TEÓFILO DIAS,6xmq3 6xmq35 6xmq37
RUA TEÓFILO SAID,6xmqd
RUA THAUMATURGO VAZ,6xmq4e
RUA THEMISTOCLIS FERREIRA BANDEIRA,6xmq35
RUA THEODOMIRO GARRIDO,6xmqer
RUA THEODORETO SOUTO,6xmq4
RUA THEODORO DE BANVILLE,6xmqfg
RUA THEÓFILO NICOLAU,6xmqd
RUA THEÓGENES BELTRÃO,6xmqf9
RUA THOMAS ANTONIO GONZAGA,6xmq3q 6xmq3w
RUA THOMAS EDSON,6xmq3 6xmq3r 6xmq9
RUA THOMAZ MEIRELLES,6xmq6c 6xmq6f
RUA THOMÁS JEFFERSON,6xmqfu 6xmqg
RUA TIA HÁVILA,6xmq4x 6xmq4z
RUA TIBATI,6xmqg 6xmqgg
RUA TIBERIAS,6xmqg
RUA TIBETE,6xmqd
RUA TICO-TICO,6xmqf
RUA TICUM,6xmqgg
RUA TICUNA,6xmqe 6xmqff
RUA TICUNA I,6xmqf
RUA TIEPOLO,6xmqgc 6xmqgf
RUA TILÁPIAS,6xm
RUA TIM MAIA,6xmq
RUA TIMBAÚBA,6xmqf
RUA TIMBURÉ,6xmqu
RUA TIMBÓ,6xmqs 6xmqsj
RUA TIMOR LESTE,6xmqg
RUA TINGO,6xm
RUA TINGUÍ,6xmqs
RUA TIODOLINA CORDEIRO,6xmq6
RUA TIPIRAI,6xmqs
RUA TIPUANA,6xmqf
RUA TIRADENTES,6xmq36 6xmq37 6xmq4 6xmq4y
RUA TIRZA CARVALHO,6xmq6
RUA TITO BITENCOURT,6xmq6 6xmq69
RUA TITÂNIA,6xm
RUA TIUMA,6xmqg
RUA TIÊ TINGA,6xmqu
RUA TOBIAS,6xmqf
RUA TOBIAS BARBOSA,6xmq4s 6xmq4t
RUA TOBIAS BARRETO,6xmq3 6xmq36 6xmq3d
RUA TOBIAS DE AGUIAR,6xmq3 6xmq3w
RUA TOCANDIRA,6xmq6b 6xmq6c
RUA TOCANTINS,6xmqd
RUA TOCANTINÓPOLIS,6xmqs6
RUA TOGO,6xmqg
RUA TOLEDO,6xmqf
RUA TOM JOBIM,6xmq7
RUA TOM PETERS (JARDIM PRIMAVERA),6xmq6
RUA TOMAS DE VILA NOVA,6xmq60
RUA TOMAS GONZAGA,6xmqu
RUA TOMAS QUIDO,6xmqdx
RUA TOMAZ DO AMARAL,6xmq6c 6xmq6f
RUA TOMODA,6xmqd
RUA TOMÉ AÇÚ,6xmqs7
RUA TOMÉ DE SOUZA,6xmq3 6xmq3w
RUA TOPÁZIO,6xmqs 6xmqs4 6xmqs5 6xmqsh 6xmqsj
RUA TOPÁZIO AZUL,6xm
RUA TOPÁZIO IMPERIAL,6xmqs 6xmqs6
RUA TORIO,6xmq7 6xmq7j
RUA TORITAMA,6xmq9 6xmq9f
RUA TORONTO,6xmqg7
RUA TORQUATO TAPAJÓS,6xmqf
RUA TORRES NOVAS,6xmqk
RUA TORRES VEDRAS,6xmqk
RUA TORÉS,6xmqdv 6xmqdy
RUA TOTO CARREIRA,6xmqe
RUA TOULOUSE LAUTREC,6xmqc
RUA TOY HASHI,6xmqd
RUA TOYAMA,6xmqd
RUA TRACUA,6xmqc
RUA TRAIRA,6xmqs
RUA TRAJANO DE MORAES,6xmqu
RUA TRANSBRASIL,6xmq9
RUA TRAPIARANA,6xmqff 6xmqfg
RUA TRAVESSA 1,6xmqc
RUA TRAVESSA 12,6xm
RUA TRAVESSA 14,6xm
RUA TRAVESSA 15,6xm
RUA TRAVESSA H,6xmqg5
RUA TREDECIM,6xm
RUA TRES,6xm
RUA TRES DE SETEMBRO,6xmq
RUA TREVISO,6xmqg7
RUA TREVO BRANCO,6xmq
RUA TRIA,6xm
RUA TRICOLOR,6xmqg
RUA TRIESTE,6xmqf
RUA TRINDADE COELHO,6xmq3
RUA TRINIDADE E TOBAGO,6xmqf
RUA TRIPOLI,6xmq9
RUA TRISTÃO DA CUNHA,6xmq35
RUA TRISTÃO DE ATAÍDE,6xmqez
RUA TROIA,6xmq9
RUA TRUGILLO,6xmq3w
RUA TRÊS IRMÃOS,6xmq7 6xmq7j
RUA TRÊS RIOS,6xmqs
RUA TUBALCAIM,6xm
RUA TUBARÃO,6xmq7
RUA TUCANAIRA,6xmqeg 6xmqeu 6xmqsh
RUA TUCANAÇU,6xmqg
RUA TUCANDIRA,6xmqf 6xmqfe
RUA TUCANO GRANDE,6xmqu
RUA TUCANOS,6xmqdz 6xmqe
RUA TUCUM,6xmq7y
RUA TUCUM BRANCO,6xmq
RUA TUCUMA,6xmqf
RUA TUCUNARÉ,6xmq
RUA TUCURUI,6xmqd
RUA TUCUXI,6xmq6b 6xmq7
RUA TUDY MOUTINHO,6xmqf2
RUA TUERÊ,6xmqf 6xmqf9 6xmqff
RUA TUIUTI,6xmq3q
RUA TUKANO,6xmqe 6xmqen
RUA TULIPA,6xmqe 6xmqew
RUA TUMARÃ,6xmq7
RUA TUNGSTENIO,6xmqeg 6xmqeu
RUA TUPAGI,6xmqdy
RUA TUPAIU,6xmqg1 6xmqg4
RUA TUPI,6xmqdz 6xmqe
RUA TUPIARA,6xmqer
RUA TUPINAMBARANA,6xmqf 6xmqf9
RUA TUPINAMBÁ,6xmqf
RUA TUPINAMBÁS,6xmq3d
RUA TUPINIQUIM,6xmqfb 6xmqfc 6xmqff
RUA TUPIUÁ,6xmq7 6xmqe
RUA TUPIÁ,6xmq7
RUA TUPY,6xmqd
RUA TUPÃ,6xmq9
RUA TURIM,6xmqg
RUA TURQUESA,6xmqs5 6xmqsh
RUA TURQUIA,6xmqg
RUA TURURUCARI,6xmqec 6xmqef
RUA TUSAEL,6xm
RUA TUTANKAMON,6xmqg5
RUA TUTMÉS I,6xmqg5
RUA TV. CUMARI,6xmqdw
RUA TÁRTAROS,6xmq4s
RUA TÁSSIO FRAGOSO,6xmqe
RUA TÊMIS,6xmqs 6xmqsh
RUA TÓKIO,6xmqd
RUA TÚLIO,6xmq39
RUA UABATÃ,6xmqs
RUA UACARI,6xmqg 6xmqu
RUA UANAJÁ,6xmq7 6xmq7y
RUA UAPITI,6xmqu
RUA UARINÍ CD.EPHIGENIO SALLES,6xmq6
RUA UARUNÃ,6xmqdy 6xmqdz
RUA UAUPÉS,6xmq4 6xmq4e 6xmq4s
RUA UAYUPI,6xmqg7
RUA UBAIRA,6xmq9
RUA UBAITABA,6xmq3
RUA UBARANA,6xmqs
RUA UBERABA,6xmqd
RUA UBIRAJARA DE MORAES,6xmqf
RUA UCAYALI,6xmq4x
RUA UCHOA,6xmqc
RUA UCHOA CORREA,6xmqs3
RUA UCRÂNIA,6xmqf 6xmqg
RUA UGANDA,6xmqg
RUA UIANA,6xmqf
RUA UIRAPURU,6xmq7 6xmqd
RUA UIRAPURU ESTRELA,6xm
RUA UIRAPURU LARANJA,6xm
RUA UIRAQUITÃ,6xmqfu
RUA ULISSES AZEVEDO FILHO,6xmqd
RUA ULISSES GUIMARÃES,6xmqe 6xmqen 6xmqer 6xmqg1
RUA ULISSES PAES DE AZEVEDO,6xmq6
RUA ULISSES TAPAJÓS,6xmq9
RUA UM,6xm
RUA UMARI,6xmq3r
RUA UMARIZAL,6xmq38 6xmq39
RUA UMBAÚBA,6xmqu
RUA UMBERTO CALDERARO,6xmqfv
RUA UMBERTO LOBATO RODRIGUES,6xmq9
RUA UMBERTO PEREGRINO,6xmq3
RUA UMBURANA,6xmqu
RUA UMBURANAS,6xmq9
RUA UMBURATIBA,6xmq9
RUA UMIRI,6xmqdy 6xmqdz
RUA UMUARAMA,6xmq
RUA UNA,6xmqc
RUA UNAI,6xmqc
RUA UNDECIM,6xm
RUA UNIAO,6xmq7 6xmqf8
RUA UNICÓRNIO,6xmq3
RUA UNIFLOR,6xmqc
RUA UNIVERSAL,6xmq4
RUA UPANEMA,6xmq3r 6xmq3x 6xmq9
RUA UPIÁ,6xmqfe
RUA URAI,6xmqc
RUA URANDI,6xmq9
RUA URANO,6xmqf
RUA URARIA,6xmq6f
RUA URARIRANA,6xmqgb
RUA UREQUEMA,6xmqfb
RUA URIBIA,6xmqg
RUA URTIGÃO,6xmqu
RUA URUAÇU,6xmqc
RUA URUBICI,6xmqc
RUA URUCUM,6xmq7 6xmq7r
RUA URUCURI,6xmq7y
RUA URUCURITUBA,6xmqf
RUA URUGUAI,6xmqd
RUA URUMUTUM,6xmqgb
RUA URUPADY,6xmq3
RUA URUPÁ,6xmqdx
RUA URUTAU,6xmqf
RUA URUTU,6xmqc
RUA URÂNIO,6xmqgb 6xmqgc
RUA UTA,6xmq3q
RUA UTINGA,6xmq3 6xmq9
RUA UTUTINGA,6xm 6xmqf
RUA UXIR,6xmqfu
RUA V CJ VILA CAMARA,6xmqe
RUA V HILEIA 1,6xmq9
RUA VAL PARAISO,6xmqc
RUA VALDOMIRO SILVEIRA,6xmqu
RUA VALE CEDRON,6xmqfu 6xmqfv
RUA VALE DO ANARI,6xmq3
RUA VALE DO ARAO,6xmqf 6xmqg
RUA VALE DO ARCO IRIS,6xmq7
RUA VALE DO BEKAA,6xmqfv
RUA VALE DO GUAPORÉ,6xmqs6 6xmqs7
RUA VALE DO JAVARI,6xmq4s 6xmq4t
RUA VALE DO JURUÁ,6xmq3z
RUA VALE DO PÓ,6xmq3q
RUA VALE DO RIO NEGRO,6xmq7
RUA VALE DO SOL,6xmq3
RUA VALE DOS REIS,6xmqfv
RUA VALE SIDIM,6xmqf
RUA VALENCIA,6xmq9
RUA VALENTE,6xmq9
RUA VALENTIM MAGALHÃES,6xmq3 6xmq35
RUA VALENTIN BOUÇAS,6xmq7r
RUA VALENÇA,6xmq9
RUA VALERIANA,6xmqu
RUA VALESKA FAGUNDES,6xmqe 6xmqen
RUA VALETA,6xmqg
RUA VALVERDE,6xmqfu
RUA VALÉRIO BOTELHO DE ANDRADE,6xmq6 6xmq69
RUA VAN GOGH,6xmqc
RUA VANCOUVER,6xmqg
RUA VANDERLEY,6xmq9
RUA VANDIÊ,6xmq9 6xmq9g
RUA VANESSA MARQUES,6xmq6
RUA VANÁDIO,6xmq7 6xmq7r
RUA VARADERO,6xmqd
RUA VARGSON NAVEGANTE,6xmq6
RUA VARRE VENTO,6xmqeb 6xmqec
RUA VARSOVIA,6xmq9
RUA VARZEA DA ROÇA,6xmq3
RUA VASCO BALBOA,6xmq7
RUA VASCO DA ATAÍDE,6xmqdy 6xmqdz 6xmqen
RUA VASCO DA GAMA,6xmq3 6xmq37
RUA VASCO VASQUES,6xmqd
RUA VASCONCELOS CHAVES,6xmq68
RUA VASSOURA,6xmqu
RUA VATICANO,6xmq9
RUA VEIGA MIRANDA,6xmq38 6xmq39
RUA VENEZA,6xmq9e 6xmq9f 6xmq9g 6xmqd
RUA VENEZUELA,6xmqd
RUA VENTO NORTE,6xmq
RUA VENTURA,6xm
RUA VENTUROSA,6xmq9
RUA VERBASCO,6xmqu
RUA VERBENA BARROS,6xmqf8 6xmqfb
RUA VERBENEAS,6xmqs
RUA VERDE,6xmqg 6xmqgg
RUA VEREADOR ALFREDO DIAS,6xmq6
RUA VEREADOR MANOEL MARÇAL,6xmq6
RUA VEREDA,6xm 6xmqf
RUA VEREDA ALEGRE,6xmqg9
RUA VERSALES,6xmq 6xmqc
RUA VERTENTES,6xmq9
RUA VERÃO,6xmq7r
RUA VERÔNICA CRISTINA,6xmq6
RUA VI CJ BEIJA-FLOR II,6xmqd
RUA VI CJ VILA CAMARA,6xmqe
RUA VIA SACRA,6xmqf
RUA VIANA DA FOZ,6xmqg
RUA VICENTE CENTINI,6xmq6g
RUA VICENTE DE CARVALHO,6xmq3
RUA VICENTE DE MORAES,6xmqd
RUA VICENTE DE PAULA,6xmq4
RUA VICENTE DO SALVADOR,6xmqgg 6xmqu
RUA VICENTE FIOLA,6xmq6r
RUA VICENTE GUILHERME,6xm
RUA VICENTE LAURIA,6xmq6
RUA VICENTE MARTINS,6xm 6xmqf
RUA VICENTE NOGUEIRA,6xmqg
RUA VICENTE REIS,6xmqg1 6xmqg4
RUA VICENTE SANTOS,6xmq36
RUA VICENTE TELES,6xmq4
RUA VICENTE TORRES,6xmq39 6xmq3c
RUA VICINAL 13,6xm
RUA VICK,6xmqs
RUA VICTOR HUGHES,6xmq6r
RUA VIDOEIRO,6xmq39
RUA VIEIRA BRITO,6xmq7
RUA VIEIRA DO MAR,6xmqk
RUA VIENA,6xmq9
RUA VIENA DO CASTELO,6xmq9
RUA VIGO,6xmqg
RUA VII CONJ BEIJA FLOR I,6xmqd
RUA VIII CJ BEIJA FLOR II,6xmqd
RUA VILA ALBA,6xmq9
RUA VILA AMAZONAS,6xmq6
RUA VILA DO FLEXAL,6xmqem
RUA VILA EGA,6xmqc
RUA VILAGE,6xmqg 6xmqg7
RUA VILAR FIÚZA,6xmqe 6xmqeb 6xmqec
RUA VILHENA,6xmqs3
RUA VILLA LOBOS,6xmqez 6xmqgb
RUA VILLENA,6xmqd
RUA VINCA,6xmq4y
RUA VINO DEL MAR,6xmqf
RUA VINTE E TRES DE JUNHO,6xm
RUA VINÍCIUS DE MORAES,6xmq7j
RUA VINÍCIUS DE SOUZA LIMA,6xmq6
RUA VIOLETA AREOSA,6xmq3q 6xmq3r
RUA VIOLETA BAYMA,6xmqs3 6xmqs4 6xmqs6
RUA VIOLETA MENESCAL,6xmqc
RUA VIRGILIO FERREIRA,6xmq3q 6xmq3r
RUA VIRGILIO NETO,6xmq6g
RUA VIRGILIO VARGAS,6xmq3 6xmq35
RUA VIRGINIA WOLF,6xmqd
RUA VIRGÍLIO BARROS,6xmq6c 6xmq6f
RUA VIRGÍLIO DINIZ,6xmqe
RUA VIRGÍLIO FREIRE,6xmq6
RUA VIRGÍLIO MARINHO,6xmq3 6xmq35
RUA VIRGÍLIO RAMOS,6xmq
RUA VIRGÍNIO MIRANDA,6xmq3z
RUA VIRIATO CORREA,6xmq4e
RUA VIROLA,6xmq3
RUA VISC DE CACHOEIRA,6xmqd
RUA VISC DE SOTO MAIOR,6xmqd
RUA VISC DE SÃO LEOPOLDO,6xmqd
RUA VISC DE VILA MAIOR,6xmqd
RUA VISC DE VILA VELHA,6xmqd
RUA VISC. DE SERGIMIRIM,6xmqe
RUA VISCO-BRANCO,6xmq
RUA VISCONDE D'OLIVÃ,6xmqd
RUA VISCONDE DA PEDRA BRANCA,6xmqd
RUA VISCONDE DE ABAETE,6xmqd
RUA VISCONDE DE ABAETÉ,6xmqd
RUA VISCONDE DE CAETÉ,6xmqd 6xmqdv
RUA VISCONDE DE CAMARAGIBE,6xmqd
RUA VISCONDE DE CANINDÉ,6xmqd
RUA VISCONDE DE ITANHAEM,6xmqdv 6xmqdy 6xmqdz
RUA VISCONDE DE JEQUITINHONHA,6xmqd 6xmqdv
RUA VISCONDE DE LAGUNA,6xmqd
RUA VISCONDE DE MAUÁ,6xmq 6xmq4
RUA VISCONDE DE OURO PRETO,6xmqd
RUA VISCONDE DE PIRAPITINGA,6xmqd
RUA VISCONDE DE PORTO ALEGRE,6xmq6
RUA VISCONDE DE PORTO SEGURO,6xmqd
RUA VISCONDE DE SANTA CRUZ,6xmqdv 6xmqdy 6xmqdz
RUA VISCONDE DE SERGIMIRIM,6xmqdv
RUA VISCONDE DE SINIMBU,6xmqd 6xmqdv
RUA VISCONDE DE SUASSUNA,6xmqd
RUA VISCONDE DE TABORAÍ,6xmqs
RUA VISCONDE DE TAUNAY,6xmqdy
RUA VISCONDE DE TOCANTINS,6xmqdy
RUA VISCONDE DE UTINGA,6xmqd 6xmqdv
RUA VISGUEIRO,6xmqgf
RUA VISTA ALEGRE,6xmq4
RUA VISTA BELA,6xmqf2
RUA VITOR MEIRELLES,6xmq35
RUA VITORIA,6xmq9f 6xmq9g 6xmqf
RUA VITORIA REGIA,6xm 6xmq3
RUA VITORIA RUFINO TORRES,6xmqfe 6xmqfs
RUA VITORIO PROLA,6xmqd
RUA VITÓRIA,6xmq
RUA VITÓRIA BEATRIZ,6xmqf
RUA VITÓRIA DA CONQUISTA,6xmq3
RUA VITÓRIA DO JARI,6xmq3
RUA VITÓRIA DO XINGÚ,6xm
RUA VITÓRIO EMANUELE,6xmq7
RUA VIVALDO BARROS,6xmqg3
RUA VIVALDO DAS NEVES,6xmq 6xmq38
RUA VIVALDO FILHO,6xmq9e
RUA VIVALDO LIMA,6xmq3z 6xmq9
RUA VIZEU,6xmq3
RUA VIÇOSA,6xmq37
RUA VIÉTE DA SILVEIRA,6xmqf9 6xmqfc
RUA VOLFRÂNIO,6xmq3 6xmq3d
RUA VOLTA REDONDA,6xmqu
RUA VOLTAIRE,6xmqd
RUA VOLUNTARIOS DEL REI,6xmq6
RUA VOLUNTÁRIOS DA PÁTRIA,6xmq39 6xmq3d
RUA VULGATA,6xmqfe 6xmqfs
RUA VÁRZEA,6xmqg 6xmqgg
RUA WAGNER,6xmq9f 6xmqd
RUA WAIAPI,6xmqf 6xmqfe
RUA WAIMIRI ATROARI,6xmqf2
RUA WALCIMAR JOSÉ DE SOUZA,6xmq7
RUA WALDEMAR CARDOSO,6xmq69 6xmq6c
RUA WALDEMAR DE SOUZA,6xmq7
RUA WALDEMAR JARDIM MAUES,6xmqd 6xmqe
RUA WALDEMAR PEDROSA,6xmq39
RUA WALDEMAR PINHEIRO DE SOUZA,6xmq9
RUA WALDEMAR SHOLZ,6xmq4 6xmq4s
RUA WALDEMIR CASTELO,6xmqd
RUA WALDEMIR CORDEIRO,6xmq9
RUA WALDIR NORMANDO,6xmq9
RUA WALDIR PEQUENO,6xmq9
RUA WALDOMIRO LUSTOSA,6xmq7
RUA WALQUIRIA VIEIRALVES,6xmqes
RUA WALTER BILIAN,6xmq6
RUA WALTER DAVILA,6xmq9f
RUA WALTER GÓES FILHO,6xmqe 6xmqem
RUA WALTER ORION,6xmq4s
RUA WALTER PINTO,6xmqc
RUA WALTER RAYOL,6xmq3b
RUA WALTER REICHL,6xmq9
RUA WALTER REIS,6xmqs 6xmqsr
RUA WALTER ZUANI,6xmq69 6xmq6d
RUA WANDERLEY FARIAS,6xmq9
RUA WANDERLEY NORMANDO,6xmq9
RUA WANDERLEY PINHO,6xmqf
RUA WANDERLIRIA FREIRE,6xmq6
RUA WANDERSON PONTES,6xmq6
RUA WARREM BEMMIS,6xmqd
RUA WARUETE,6xmqf 6xmqfe
RUA WASHINGTON LUIZ,6xmq3
RUA WENCESLAU BRAZ,6xmq3
RUA WILKENS DE MATTOS,6xmq
RUA WILMA PINHEIRO,6xmqg5 6xmqg7
RUA WILSON BATISTA,6xmq
RUA WILSON CAMPOS,6xmqdw 6xmqdx
RUA WILSON CASTRO,6xmq6
RUA WILSON MEDEIROS,6xmq6r
RUA WILSON VIEIRALVES,6xmqee 6xmqes
RUA WLADIMIR HERZOG,6xmq6
RUA WOLFANGO NOGUEIRA,6xmq7 6xmq7r
RUA X - HILEIA 1,6xmq9f 6xmq9g
RUA X CJ BEIJA FLOR II,6xmqd
RUA X D CAXIAS,6xmqd
RUA XAPERU,6xmqf
RUA XAPORI,6xmqc
RUA XAVANTES,6xm
RUA XAVIER DE MENDONÇA,6xmq
RUA XAVIER MARQUES,6xmq36 6xmq37
RUA XENOFANTE ANTONY,6xmq9
RUA XI - LT PQ DOS GUARANAS,6xm
RUA XIBORENA,6xmqe 6xmqeb 6xmqec
RUA XIII CJ BEIJA FLOR II,6xmqd
RUA XIMANA,6xmqdy 6xmqdz
RUA XIMENO VILLEROY,6xmqsj
RUA XINAPUÃ,6xmqdy 6xmqdz
RUA XINGU,6xmqd
RUA XIX CONJ MUNDO NOVO,6xmqdy
RUA XV CJ BEIJA FLOR II,6xmqd 6xmqdt
RUA XV HILEIA 2,6xmq9g
RUA XVIII HILEIA 2,6xmqd
RUA XX - HILEIA 2,6xmqd
RUA XX CONJ MUNDO NOVO,6xmqdx 6xmqdy
RUA XXI - HILEIA 2,6xmq9f
RUA XXII - HILEIA 2,6xmq9
RUA Y,6xmq3r 6xmq9
RUA YAKISOBA,6xmqd
RUA YANOMAMI,6xmqf 6xmqf9
RUA YARA,6xmqd
RUA YARAPÉ,6xmqf 6xmqfs 6xmqfu
RUA YOCO,6xmqd
RUA YOKOHAMA,6xmqd
RUA YOLANDA D URSO,6xmqd
RUA YOPARANA,6xmqf
RUA YUCATÃ,6xmq3 6xmq3q
RUA YUMAGUARIS,6xmqey
RUA ZABARAM,6xmqs
RUA ZABELÊ,6xmqgb
RUA ZACARIAS,6xm
RUA ZAMBIA,6xmqg
RUA ZARAGOZA,6xmqf 6xmqg
RUA ZEBU,6xmq4
RUA ZEFERINO BRASIL,6xmq3
RUA ZEFERINO ROCHA,6xmq3
RUA ZENON,6xmq3
RUA ZEQUINHA DE ABREU,6xmq4y
RUA ZERO,6xm 6xmqu
RUA ZILA,6xm
RUA ZIMBABUE,6xmqf
RUA ZIMBRO,6xm
RUA ZIRCONITA,6xmqsj
RUA ZIRCÔNIO,6xmqeg
RUA ZOIZITA,6xmqef 6xmqeg 6xmqs4
RUA ZULEIDE,6xmq6f
RUA ZULEIDE BRITO,6xmq3c
RUA ZULMA DE AZEVEDO,6xmq6r 6xmqd
RUA ZULMAR,6xmq9
RUA ZULMIRA BITENCOURT,6xmq6f
RUA ZUMBI DOS PALMARES,6xmq7y
RUA ZURIQUE,6xmqg1 6xmqg4 6xmqg5 6xmqg6 6xmqg7
RUA ZÉLIA RAMOS,6xmq7
RUA ÁGATA AZUL,6xm
RUA ÁGATA DE FOGO,6xmq
RUA ÁGATA MUSGO,6xm
RUA ÁGATA ROSA,6xm
RUA ÁGATA VERDE,6xm
RUA ÁGATA VERMELHA,6xm
RUA ÁGATAS,6xmqs5 6xmqsh
RUA ÁGUA VIVA,6xmqk
RUA ÁGUAS BELAS,6xmq9
RUA ÁGUAS DE SÃO PEDRO,6xmqg4
RUA ÁGUAS FORMOSAS,6xmqs4
RUA ÁGUAS MARINHAS,6xmqeu 6xmqev 6xmqsh 6xmqsj
RUA ÁGUIA BRANCA,6xm
RUA ÁGUIA CINZENTA,6xmqee
RUA ÁGUIA DOURADA,6xm
RUA ÁGUIA PESCADORA,6xmq9
RUA ÁGUIA PESQUEIRA,6xmqu
RUA ÁLVARO BANDEIRA,6xmq7
RUA ÁLVARO BRAGA,6xmq6r 6xmqd
RUA ÁLVARO LEITE,6xmq4z 6xmq6b
RUA ÁLVARO MAIA,6xmq3 6xmq3z
RUA ÁLVARO PERES FILHO,6xmq3r 6xmq9
RUA ÁUREA GRACIANA,6xmqd
RUA ÉRICO VERISSIMO,6xmq7
RUA ÉRICO VERÍSSIMO,6xmq7
RUA ÊXODO,6xmqf 6xmqfe 6xmqfs
RUA ÍCARO,6xmqs 6xmqs3
RUA ÍNDIO AJURICABA,6xmqs
RUA ÍRIS,6xmqc
RUA ÍSIS,6xmqg
RUA ÍTALO CALVINO,6xmqd
RUA ÓSMIO,6xmq39
RUA ÔMEGA,6xmq6g
RUA ÔNIX,6xmqs5
TRV 01,6xmq6
TRV 01 C BRANCO I,6xmq6
TRV 03,6xmq6
TRV 03 JD FORTALEZA,6xm
TRV 08 JD FORTALEZA,6xm
TRV 1,6xmq3
TRV 10 DE JULHO,6xmq9g
TRV 10 JD FORTALEZA,6xm
TRV 11 DE JULHO,6xmqsh
TRV 12 - CJ. NOVA CIDADE,6xmqg5
TRV 12 DE DEZEMBRO,6xmq35
TRV 13,6xmq9
TRV 13 DE FEVEREIRO,6xmqs
TRV 13 DE MARÇO,6xmq7 6xmqs
TRV 15 DE OUTUBRO,6xmqg6
TRV 16 DE MAIO,6xmq
TRV 16 PINDORAMA,6xmq6r
TRV 17 DE MARÇO,6xmqf
TRV 2,6xmq3
TRV 2 CONJ SANTA CRUZ,6xmqd
TRV 21 DE AGOSTO,6xmq3x
TRV 21 DE MAIO,6xmqg6
TRV 22 DE JULHO,6xmqg 6xmqg2
TRV 25 DE MARÇO,6xmq7
TRV 27 DE OUTUBRO,6xmq9g
TRV 29 DE JULHO,6xmqc
TRV 3,6xmq3 6xmqd
TRV 3 DE AGOSTO,6xmq4t
TRV 4 - COM. STA CRUZ,6xmqd
TRV 5 - STA CRUZ,6xmqd
TRV 6 DE OUTUBRO,6xmqs6
TRV 7 CJ AMADEU BOTELHO,6xmqew
TRV 8 - RES. VILLA VERDE,6xmq3
TRV 8 - STA CRUZ,6xmqd
TRV A,6xmq6
TRV A CARDOSO,6xmq37
TRV ABDON GONÇALVES,6xmqd
TRV ABIU,6xmqf9
TRV ABONARÍ,6xmq9
TRV ABRAHIM SALES,6xmq7
TRV ABROLHOS,6xmq4e
TRV ACAETÉ,6xmqu
TRV ACAPU,6xmqf
TRV ACARATINGA,6xmqs4
TRV ACENTOR,6xmq6c 6xmq6f
TRV ADEN,6xmq9
TRV ADERSON DE MENEZES,6xmq3
TRV ADRIANO GODINHO,6xmq7
TRV AGNUS DEY,6xmq4t
TRV AJARAI,6xmqs3
TRV AJURI,6xmq7
TRV ALAGOAS,6xmqgc
TRV ALBATROZ,6xmqgb
TRV ALBERICO ROCHA,6xmqs3
TRV ALBERTO CAMPANHA,6xmq
TRV ALBERTO GRACIANOL,6xmq
TRV ALCEMIR SOEIRO,6xmqd
TRV ALCIDES OLIVEIRA COSTA,6xmqg1
TRV ALDINO AZEVEDO,6xmq7
TRV ALEXANDRE DAVID,6xmqs
TRV ALEXANDRE DUMAS,6xmq3 6xmq39
TRV ALFREDO SÁ,6xmqg3 6xmqg9
TRV ALICE RIBEIRO,6xmqe
TRV ALPINA,6xmq9 6xmq9f
TRV ALVARENGA PEIXOTO,6xmqe
TRV AMAPÁ,6xmqgc
TRV AMARAGI,6xmqe
TRV AMARILIS,6xmq9g
TRV AMATURÁ,6xmqs
TRV AMBORE,6xmqs
TRV AMBROSIO,6xmqf
TRV AMISADAI,6xmqd
TRV AMOR PERFEITO,6xmqeg 6xmqeu
TRV AMORAS,6xmqey
TRV ANAJÁS,6xmq3x
TRV ANASTÁCIO ASSUNÇÃO,6xmq4
TRV ANCHIETA,6xmqe
TRV ANDALUZEIRO,6xmqf
TRV ANDRADE MURICI,6xmqe
TRV ANDRADITA,6xmqsh 6xmqsj
TRV ANDROS,6xmqeg 6xmqs5
TRV ANHEMBI,6xmqg6
TRV ANJO CALIEL,6xmqf
TRV ANNE,6xmq7r
TRV ANTIMARI,6xmq4 6xmq4t
TRV ANTONIL,6xmqe
TRV ANTONIO DE ALCANTARA MACHADO,6xmqgb
TRV ANTONIO PASSOS DE MIRANDA,6xmq68
TRV ANTUERPIA,6xmqf9
TRV ANTÔNIO ANDRADE,6xmq6 6xmq68
TRV ANTÔNIO BALBINO,6xmq9
TRV ANÚBIS,6xm
TRV APARECIDA,6xmqf
TRV APIACÁ,6xm
TRV APUI,6xmqdw
TRV APÓSTOLO JOÃO,6xmqfv
TRV AQUILINO RIBEIRO,6xmq7r
TRV ARACATU,6xmqdw
TRV ARADEIRA,6xmqc
TRV ARAGUACEMA,6xmqs
TRV ARAGUAI,6xmq6c
TRV ARAGUAIA,6xmqec
TRV ARAGUARI,6xmqf9
TRV ARANA,6xmqu
TRV ARAPAPÁ,6xmqgb
TRV ARAPIRICA,6xmqf9
TRV ARAPOTI,6xmqf9
TRV ARAPUÁ,6xmqdz
TRV ARAQUARI,6xmqf9
TRV ARARA,6xmqen
TRV ARARI,6xmqf9
TRV ARARIBA,6xmqdy
TRV ARARUANA,6xmqu
TRV ARATACA,6xmqfc
TRV ARATICUM,6xmqf
TRV ARAXÁ,6xmqf9 6xmqfc
TRV ARAXÉ,6xmqfc
TRV ARAÇATUBA,6xmqc
TRV ARCOS,6xmqfc
TRV AREADO,6xmqf9 6xmqfc
TRV ARIANO LOBATO,6xmq6c 6xmq7
TRV ARIES,6xmq4t
TRV ARIPUANÃ,6xmqf9
TRV ARIRANHA,6xmqfc
TRV ARIRI,6xmqdw
TRV ARIZONA,6xmq4
TRV ARLINDO SARAIVA,6xmq6f
TRV ARMANDO FONTES,6xmqgb
TRV ARMINDA DE NAZARÉ,6xmqgg
TRV ARNON DE MELO,6xmq39
TRV AROAZES,6xmqfc 6xmqff
TRV AROEIRA,6xmqsr
TRV ARPOADOR,6xmq6
TRV ARTHUR BERNARDES,6xmq6
TRV ARTHUR CRUZ,6xmq6f
TRV ARTUR AZEVEDO,6xmqe
TRV ARUMÃ,6xmqfc 6xmqff
TRV ASA BRANCA,6xmq
TRV ASSARÉ,6xmqfc 6xmqff
TRV ASSUR,6xm
TRV ASTROGILDA,6xmq69
TRV ASURINI,6xmqf 6xmqfe
TRV ATAULFO ALVES,6xmq6b 6xmq6c 6xmq7
TRV ATENAS,6xmqf
TRV ATIBAIA,6xmqen
TRV AURELIANA NASCIMENTO,6xmqe 6xmqew
TRV AURORA,6xmqf
TRV AUSTRAL,6xmq3
TRV AUTAZES,6xmq7
TRV AVELINO MAGALHÃES,6xmq7r
TRV AVENCA,6xmqg
TRV AVENTURINA,6xmqeg 6xmqeu
TRV AVOANTE,6xm
TRV AYRES DE ALMEIDA,6xmq4 6xmq4t
TRV AYRTON SENNA,6xmqen
TRV AÇORES,6xmqf 6xmqff
TRV AÇUCENA DO RIO,6xmq7r
TRV B,6xmq6
TRV B CJ VISTA BELA,6xmq9
TRV BACABAU,6xmqen
TRV BACARE,6xmq6e
TRV BACH,6xmq6d
TRV BACU,6xmqs
TRV BAIÃO,6xmq3
TRV BAJÉ,6xmqe 6xmqen
TRV BALDIM,6xmqen
TRV BALEIA,6xmqs
TRV BALTAZAR,6xmq6
TRV BAMBU,6xm
TRV BANANEIRAS,6xmqen
TRV BANGU,6xmq6f
TRV BARBOSA,6xmqf
TRV BARCELONA,6xmq6
TRV BARCELOS,6xmq68
TRV BARRA BONITA,6xmq4
TRV BARRALÂNDIA,6xm
TRV BARREIRINHA,6xmq6 6xmqe
TRV BARRETOS,6xmqe
TRV BARROCAS,6xmqe
TRV BARUERI,6xmq9
TRV BARÃO DE MARIUÁ,6xmqd
TRV BARÃO DO PARÁ,6xmqe
TRV BATATAIS,6xmq7j
TRV BATISTA,6xmq4
TRV BAVIUA,6xmqfc
TRV BEGÔNIA,6xmqen
TRV BEIJA-FLOR,6xmqfv
TRV BELEM,6xmq36
TRV BELGRADO,6xmq 6xmqc
TRV BELMIRO BALBINO,6xmqf
TRV BELMIRO COSTA,6xmq
TRV BELTE,6xmqe
TRV BELTERRA,6xmqfb
TRV BEM VIVER,6xmqg3 6xmqg6
TRV BENAYON,6xmq35
TRV BENEDITA TAPAJÓS,6xmqeu
TRV BENTIVO,6xmqu
TRV BERBIGÃO,6xmqk
TRV BERNARDO ELIS,6xmq39
TRV BERQUELIO,6xmq3d
TRV BERURI,6xmq7
TRV BERÍLIO,6xm
TRV BETÂNIA,6xmq4
TRV BICA,6xmqg
TRV BIRMINGHAN,6xmqe
TRV BOA ESPERANCA,6xmq4y
TRV BOA NOVA,6xmqen
TRV BOA VISTA,6xmq
TRV BOA VISTA DO RAMOS,6xmq7
TRV BOAS NOVAS,6xmqdy
TRV BOCA DO ACRE,6xmq7
TRV BOGARI,6xmqe
TRV BOIPEVA,6xm
TRV BOITUVA,6xmqem
TRV BOLIVIA,6xmqf
TRV BOM PASTOR,6xmqd
TRV BONDADE,6xmqg3
TRV BONFIM,6xmqe 6xmqem
TRV BONSAI,6xmqe 6xmqem
TRV BORBA,6xmq4
TRV BORBOREMA,6xmqem
TRV BOREAL,6xmqen
TRV BORGONHA,6xmqd
TRV BORRAZOPOLIS,6xmqem
TRV BOTELHOS,6xmqem
TRV BRAHMS,6xmq6e
TRV BRASILIANA,6xmqe
TRV BRASILÉIA,6xmq6
TRV BRAÚNA,6xmqer
TRV BRITÂNIA,6xmqer
TRV BRUNEI,6xmqg
TRV BRUSQUE,6xmqer
TRV BUENO,6xmqf
TRV BUERAREMA,6xmqer
TRV BULHÃO PATO,6xmq3
TRV BURSA,6xmqf
TRV BUTIA,6xmqe
TRV BÁRIO,6xmq39
TRV C,6xmq6
TRV C CJ VISTA BELA,6xmq9
TRV CAAPIRANGA,6xmq7
TRV CAAPÓ,6xmqer
TRV CABO HORN,6xmqer
TRV CABUÇU,6xmqdv 6xmqdy
TRV CACADOR,6xmqf
TRV CACAU,6xmq7j
TRV CACHOEIRA ALTA,6xmqc
TRV CACOAL,6xmqer
TRV CAETES,6xmqer
TRV CAFEARA,6xmqer
TRV CAFEZAL,6xmqer
TRV CAIBATÉ,6xmqer
TRV CAITUTU,6xmqe
TRV CAIÇARA,6xmqer
TRV CAJATI,6xmqer
TRV CAJÁ MIRIM,6xmqfg
TRV CALDEU,6xmq4y
TRV CALÊNDULA,6xmqg
TRV CAMACAN,6xmqer
TRV CAMAPUÃ,6xmqfb
TRV CAMAQUA,6xmqg2
TRV CAMARGOS,6xmq4y
TRV CAMARU,6xmq9 6xmq9f
TRV CAMBIXE,6xmq7
TRV CAMBRAIA,6xmq9
TRV CAMBUCI,6xmqfv
TRV CAMETA,6xmqg 6xmqg2
TRV CAMILA NORONHA,6xmqs
TRV CAMOCIM,6xmq9
TRV CAMOMILA,6xmqg
TRV CAMPECHE,6xmqg 6xmqg2
TRV CAMPINAS,6xmqg 6xmqg9
TRV CAMPO ALEGRE,6xmqs4
TRV CAMPOS,6xmqu
TRV CAMÉLIA,6xmq9
TRV CANARANA,6xmqg2
TRV CANDEIAS,6xmqg2
TRV CANDIBA,6xmqg2
TRV CANELINA,6xmq7r
TRV CANGERANA,6xmq7
TRV CANUTAMA,6xmq7
TRV CANÓPOLIS,6xmqs
TRV CAPITU,6xmqg
TRV CAPITÃO RAIMUNDO TAPAJÓS,6xmqe
TRV CARABUÇU,6xmqu
TRV CARAJURÚ,6xmqu
TRV CARARA,6xmq
TRV CARBONEIRA,6xmqem
TRV CARDOSO NUNES,6xmq6d
TRV CAREAU,6xmqg
TRV CARIACICA,6xmqem
TRV CARIRA,6xmqem
TRV CARLOS ARAÚJO,6xmq9
TRV CARLOS DE ALMEIDA,6xmq6c
TRV CARLOS GALHARDO,6xmqeu
TRV CARLOS GOMES,6xmq6f 6xmq7
TRV CARLOS GONZAGA,6xmqd
TRV CARLOS IV,6xmq6r 6xmqd
TRV CARLOS LECOR,6xmq6r
TRV CARLOS LEE,6xmqf2
TRV CARQUEMIS,6xmqf
TRV CARUCAÁ,6xmqu
TRV CARURU,6xmqu
TRV CASABLANCA,6xmq7r
TRV CASCAIS,6xmqc
TRV CASCAVEL,6xmqem
TRV CASSIANO RICARDO,6xmq3
TRV CASTELO BRANCO,6xmq4e
TRV CASTRO,6xmqe
TRV CASTRO ALVES,6xmq7j
TRV CASTRO LEITE,6xmqd
TRV CATENDE,6xmqet
TRV CATIGUÁ,6xmqe
TRV CATÂNIA,6xmqg4
TRV CAXIAS,6xmqe 6xmqet 6xmqew
TRV CAXIUANÃ,6xmqdy
TRV CECI,6xmqeg 6xmqeu
TRV CECILIA MEIRELES,6xmq7
TRV CEDRINHO,6xmqe
TRV CEDRO,6xmqem
TRV CEDRORAMA,6xmqe
TRV CEILÂNDIA,6xmqem
TRV CELESTINO,6xmq6
TRV CELSO HADDAD,6xmq7
TRV CESAREIA,6xmqg
TRV CHACAL,6xmqf
TRV CHACRONA,6xmqu
TRV CHARLES BRITO,6xmqe
TRV CHARLES CHAPLIN,6xmqe
TRV CHICO QUEIROS,6xmq4e
TRV CHUMBO,6xmqu
TRV CIPÓ,6xmqe
TRV CIPÓ ALHO,6xmqu
TRV CIRANDA,6xmq7j
TRV CLAUDIA MAGNO,6xmqg3
TRV CLAUDIO MESQUITA,6xmq6
TRV CLETO RAPOSO DA CAMARA,6xmqg9
TRV COARACI,6xmqew
TRV COCUERA,6xmqew
TRV CODO,6xmqew
TRV COLER PORTER,6xmqd
TRV COLIBRI,6xm
TRV COLOMITA,6xmq7j
TRV COMANDANTE FONTOURA,6xmqee
TRV COMENDADOR CLEMENTINO,6xmq4p
TRV CONCEIÇÃO DO NORTE,6xmqd
TRV CONCIOLÂNDIA,6xmqew
TRV CONDE,6xmqe 6xmqg
TRV CONDE DE ITAGUAI,6xmqdv
TRV CONDE DO PRADO,6xmqec
TRV CONDOR,6xmqe
TRV CONSAGRACAO,6xmqf
TRV CONSOLATA,6xmq4
TRV CONSTELAÇÃO DE ANDRÔMEDA,6xmq6
TRV CONSTÂNCIA,6xmq7
TRV CONTENDA,6xmqe
TRV CONVAIR,6xmqs
TRV CORDILINE VERDE,6xmq9
TRV COREAU,6xmqec
TRV CORINDON,6xmqeu 6xmqev
TRV CORINTO,6xmqc
TRV COROADOS,6xmqg
TRV COROMBIARA,6xmqf
TRV CORONEL FERREIRA SOBRINHO,6xmq68
TRV CORREIAS,6xmqg
TRV CORUMBA,6xmqg
TRV CORUPA,6xmqg
TRV CORUÍNA,6xm
TRV COSME FERREIRA,6xmqk
TRV COSTA,6xmqdy
TRV CRASSO,6xm
TRV CRATO,6xmqg4
TRV CRETA,6xmq4p
TRV CRIMEIA,6xmq4s
TRV CRISPIM DO AMARAL,6xmqfg
TRV CRISTAL,6xmqem
TRV CRISTIANO OTONI,6xmq6
TRV CRISÓLITA,6xm
TRV CRUZ E SOUZA,6xmq7
TRV CULLINAM,6xm
TRV CUMARI,6xmqdw
TRV CUMBUCO,6xmq 6xmqfb
TRV CUPUAÇU,6xmq7r 6xmqs
TRV CURIATO,6xmqdw
TRV CURIÓ TIMBIRA,6xm
TRV CURRUPIÃO,6xm
TRV CUSTÓDIA,6xmqe
TRV CÁCERES,6xmqer
TRV DA AMIZADE,6xmq
TRV DA CACHOEIRA,6xmq
TRV DA GAVEA,6xmq
TRV DA HORTA,6xmqdx
TRV DA IGREJA ADVENTISTA,6xmq3x 6xmq9
TRV DA PAZ,6xmq 6xmq3r
TRV DA PLATINA,6xmqsh
TRV DA PRATA,6xmq7
TRV DA SALVAÇÃO,6xmq7
TRV DA SAUDADE,6xmq7j
TRV DA SERRARIA,6xmq
TRV DAMASCO,6xmqg
TRV DANIELA PEREZ,6xmqfb 6xmqg
TRV DARCY VARGAS,6xmq6
TRV DAS ABACABEIRAS,6xmq7r
TRV DAS ACACIAS,6xmq9g
TRV DAS AMARILIS,6xmqs
TRV DAS ANDIROBAS,6xmq7
TRV DAS BONINAS,6xmqs
TRV DAS BULGÁRIAS,6xmqs
TRV DAS DÁLIAS,6xmqsj
TRV DAS IMBUIAS,6xmqe
TRV DAS LARANJEIRAS,6xmq7 6xmq7j
TRV DAS MONTANHAS,6xmqf
TRV DAS MONÇÕES,6xmqe
TRV DAS NAÇÕES,6xmq9
TRV DAS SAMAMBAIAS,6xmqc
TRV DAS SAPUCAIAS,6xm
TRV DAS SÁLVIAS,6xmqsj
TRV DAS TRES NASCENTES - REC.S.FCO,6xm
TRV DAS VINCAS,6xmq9
TRV DAS ZINIAS,6xmqsj
TRV DAVID,6xmq4t
TRV DAVID NASSER,6xmq6b 6xmq7
TRV DELFIM MOREIRA,6xmqd
TRV DELTA,6xmqf8
TRV DENISE TRINDADE,6xmq35
TRV DES. GASPAR GUIMARAES,6xmq6
TRV DIACUI,6xmqe
TRV DIANA,6xmq9g 6xmqg3 6xmqg6
TRV DICK FARNEY,6xmqeu
TRV DIOGO DINIZ,6xmqe
TRV DJALMA DUTRA,6xmq60
TRV DO CAXANGÁ,6xmq4
TRV DO COBRE,6xmqsh
TRV DO COMÉRCIO,6xmq4
TRV DO CRUZEIRO,6xmq6
TRV DO IPASE,6xmq3
TRV DO LEITE,6xmq6
TRV DO MATADOURO,6xmq
TRV DO MOISÉS,6xmq6
TRV DO OURO,6xmqsh
TRV DO PAULO,6xmqc
TRV DO QUARENTA,6xmq
TRV DO ROSÁRIO,6xmq
TRV DOIS IRMÃOS,6xmq7
TRV DOM ARCANGELO CERQUA,6xmq7
TRV DOM BASÍLIO PEREIRA,6xm
TRV DOM BOSCO,6xmq7j
TRV DOM HENRIQUE,6xmq6
TRV DOM JOÃO DA MATA,6xmq68
TRV DOM MACÊDO COSTA,6xmqd
TRV DOM MANUEL,6xm
TRV DOM SEBASTIÃO,6xm
TRV DONGA,6xm
TRV DORADINHA,6xmqu
TRV DORALISE RODRIGUES,6xmq6 6xmqd
TRV DOS ANJOS,6xmq7j
TRV DOS ATOS,6xmqf
TRV DOS BARES,6xmqf
TRV DOS CACTUS,6xmqsj
TRV DOS CEDROS,6xmqs
TRV DOS CISSOS,6xmqsr
TRV DOS CRAVOS,6xmqe
TRV DOS DIAMANTES,6xmqsh
TRV DOS ESCOTEIROS,6xmq3 6xmq36
TRV DOS FRANCESES,6xmq9
TRV DOS GRANITOS,6xmqsh
TRV DOS MARACANÃS,6xmqgb
TRV DOS MARAJÁS,6xmqs
TRV DOS ONIX,6xmq6
TRV DOS PAUSSANDROS,6xmqs
TRV DOS TUCUMAS,6xmq7 6xmq7r
TRV DOS UNIDOS,6xmqe
TRV DOUTOR ANTERO DE REZENDE,6xmq7
TRV DOUTOR AURÉLIO PINHEIRO,6xmq9
TRV DOUTOR EDGAR MACEDO,6xmq7
TRV DOUTOR MAGALHÃES CORDEIRO,6xmq4t
TRV DOUTOR PIERRE,6xm
TRV DR MICRAN,6xmq9
TRV DUBLIM,6xmq9
TRV DURVAL PORTO,6xmq6
TRV DURVAL PUROENTOL,6xmqg6
TRV E CJ VISTA BELA,6xmq9
TRV E-14,6xmq3q
TRV EDIMBURGO,6xmq3
TRV EDUARDO GOMES,6xmqg3
TRV EIFFEL,6xmq6f
TRV ELISA LISPECTOR,6xmqc
TRV ENCHOVA,6xm
TRV ENDRO,6xmqu
TRV ENEDINA M. MUNIZ,6xmqf
TRV ERIDÚ,6xm
TRV ERISBE,6xm
TRV ERNESTO MILLE,6xmq9
TRV ERVA CIDREIRA,6xmqu
TRV ERVA MOURA,6xmqu
TRV ERVA SANTA,6xmqe
TRV ESPERANCA,6xmq4e
TRV ESPERANÇA,6xmqc 6xmqf
TRV ESPÍRITO SANTO,6xmq6f
TRV ESTRELA DA TARDE,6xmq4
TRV ESTÁCIO DE SÁ,6xmqf2
TRV EUCLIDES DA CUNHA,6xmq6e
TRV EULALIO CHAVES,6xmq7
TRV EURÓPIO,6xmq39
TRV EXODO,6xmq6f 6xmq6g
TRV F,6xmqdx
TRV FAISÃO,6xmq9f 6xmq9g
TRV FARIAS,6xmq4p
TRV FARTURA,6xmqg
TRV FAVEIRO,6xmqfv
TRV FELIZ,6xmqg
TRV FERNANDA GAMA,6xmq6r
TRV FERNANDO CÓRDOVA,6xmqs
TRV FERNANDO DE NORONHA,6xmqf
TRV FERROS,6xmqg
TRV FIDALGO,6xmqg
TRV FLOR DE BAILE,6xm
TRV FLOR DE CERA,6xmq9 6xmq9e
TRV FLOR DE PEDRA,6xmq4
TRV FLOR DE SEDA,6xmqc
TRV FLOR DO NORTE,6xm
TRV FLOR PRATEADA,6xm
TRV FLORES,6xmq9
TRV FLÁVIO CALVACANTE,6xmqeu
TRV FOLHA DE SERRA,6xm
TRV FONTE BOA,6xmq7
TRV FORTALEZA,6xmq7y
TRV FRANCEVILLE,6xmq3
TRV FRANCISCO ALVES,6xmq7j
TRV FRANCISCO BELTRAO,6xmq
TRV FRANCISCO CANIDÉ,6xmq4s
TRV FRANCISCO ORELANA,6xmq3x
TRV FRANCO LMA,6xmqew
TRV GABRIEL,6xmq9
TRV GALEÃO,6xmq9e
TRV GALVÃO,6xmqg2
TRV GAMA,6xmqg2
TRV GAMALIEL,6xmqd
TRV GAMELEIRA,6xmqu
TRV GARDÊNEAS,6xmqsj
TRV GARUVA,6xmqg1
TRV GASPAR,6xmqg1
TRV GASTÃO VIDIGAL,6xmqg1
TRV GEORGETOWN,6xmq9
TRV GERIBÁ,6xmqf
TRV GERIFALTE,6xmq9g
TRV GERMÂNIO,6xmq39
TRV GETÚLIO VARGAS,6xmq4p 6xmq60
TRV GIDEÔNI,6xmqd
TRV GIJU,6xmqs
TRV GILBERTO ALVES,6xmq6c
TRV GIRONDA,6xmqg1
TRV GIZÉ,6xmqg5
TRV GLACÊ,6xmqf8
TRV GLÍCINIA,6xmqs5
TRV GOIÁS,6xmqgc
TRV GOIÂNIA,6xmqd
TRV GOLFO DA FLORIDA,6xmqs6
TRV GOMES,6xmq7
TRV GOVERNADOR GILBERTO MESTRINHO,6xmq
TRV GRAJAÚ,6xmqe
TRV GRANADAS,6xmqs5
TRV GRANDE OTELO,6xmqd
TRV GREGÓRIO DE MATOS,6xmq7
TRV GUACO,6xmqu
TRV GUADALUPE,6xmq
TRV GUAIRIA,6xmqe
TRV GUAMARÉ,6xmqe
TRV GUANABARA,6xmq4s
TRV GUANANOI,6xmqf
TRV GUAPIAÇU,6xmqe
TRV GUARACIABA,6xmqg 6xmqgg
TRV GUARANY,6xmq60
TRV GUARCI,6xmqew
TRV GUARI,6xmqs
TRV GUARÁ,6xmqfb
TRV GUAÍRA,6xmqdz
TRV GUIMARÃES PASSOS,6xmqg3
TRV GURUPI - CD. CIDADE DO LESTE,6xmqk
TRV GUSTAVO SAMPAIO,6xmq
TRV GÁLATAS,6xmqu
TRV H. C. SANTANA,6xmq
TRV HAITI,6xmqdt
TRV HEITOR DOS PRAZERES,6xmq3 6xmq36
TRV HELIODORO BALBI,6xmqsh
TRV HENRIQUE ARCHER PINTO,6xmq4s
TRV HIDROLINA,6xmqg5
TRV HILDA CUNHA,6xmqg4 6xmqg5
TRV HUMAITA,6xmqf
TRV HUMAITÁ,6xmq4
TRV HUMBERTO DE CAMPOS,6xmq3 6xmq3c
TRV HUMILDES,6xmqg6
TRV IACI,6xmqff
TRV IAÇÁ,6xmq6c 6xmq7
TRV IBAITI,6xmqfb 6xmqfc
TRV IBIARA,6xmqfb
TRV IBITINGA,6xmqet
TRV IBÍS,6xmq9
TRV ICÓ,6xmqeu
TRV IGARA,6xmq3
TRV IGARAPÉ PRETO,6xmqk
TRV IGUAPE,6xmqes 6xmqet
TRV IGUATU,6xmq9 6xmq9e
TRV IMBAÚ,6xmqey
TRV IMBITUBA,6xmqew
TRV IMBU,6xm
TRV INAJÁ,6xmqf
TRV INCONFIDÊNCIA,6xmq6f
TRV INDAIAL,6xmqes 6xmqet
TRV INDEPENDENCIA,6xmq9g
TRV INGARICÓ,6xmqeu 6xmqev
TRV INGAZEIRA,6xmq9
TRV INGÁ,6xmq7r
TRV INHAMBUQUE,6xmqes 6xmqet
TRV INHUMA,6xmqew
TRV INOA,6xmqew
TRV IPAMERI,6xmqeg
TRV IPIAÇÚ,6xmq9
TRV IRACEMA,6xmq9f
TRV IRAPURÁ,6xmqe
TRV IRAQUARA,6xmqs5
TRV IRIANEÓPOLIS,6xmqg6 6xmqg7
TRV IRLANDA,6xmqd
TRV IRMA HELENA,6xmq
TRV IRMÃ LETÍCIA,6xmq 6xmq38
TRV ISAAC BENZECRY,6xmq6c
TRV ITABERINHA,6xmq7j
TRV ITAETÉ,6xmqev
TRV ITAGIBAR,6xmqev
TRV ITAIÇABA,6xmqk
TRV ITAJAÍ,6xmqee
TRV ITAMBI,6xmq7j
TRV ITAOCARA,6xmqg7
TRV ITAPARÁ,6xmq
TRV ITAPETINGA,6xmqe
TRV ITAPITANGA,6xmq3z
TRV ITAQUI,6xmqew
TRV ITARARÉ,6xmqew
TRV ITAREMA,6xmqs
TRV ITATIARA,6xmqdy
TRV ITATINS,6xmqgg
TRV ITAVUVU,6xmqg7
TRV ITAÚBA,6xmqs
TRV ITIRAPUÃ,6xmqg 6xmqg6
TRV ITUAÇU,6xmqg7
TRV ITUBERA,6xmqg7
TRV ITUI,6xmqew
TRV ITÉRBIO,6xmq39
TRV IUNA,6xmqes 6xmqeu
TRV IVOTI,6xmqes 6xmqet
TRV IXORA,6xmqgf
TRV JABOIRANAS,6xmqs
TRV JACOBINA,6xmq9
TRV JACUI,6xmqe
TRV JACUMÃ,6xmqe
TRV JACÓ,6xmqf
TRV JADE,6xmq6
TRV JADEITA,6xmqs5
TRV JAFRA LEBRON,6xmqg3 6xmqg6
TRV JAGUARETÊ,6xmqf 6xmqf9
TRV JAGUARUANA,6xmqe
TRV JAGUARÃO,6xmqe
TRV JAMBO,6xmqf
TRV JANAMBA,6xmqu
TRV JANAPERI,6xmqf
TRV JARAQUI,6xmq7j
TRV JARDINS DO SUL,6xmq3
TRV JATAI,6xmqe
TRV JAÇANÃ,6xmqen
TRV JEREMOABO,6xmq9
TRV JERIBÁ,6xmqf
TRV JERIMUM,6xmqf
TRV JOACABA,6xmqf
TRV JOAO ALFREDO,6xmqd
TRV JOAO AVELINO,6xmq3
TRV JOAQUIM PIMENTA,6xmqc
TRV JOAQUIM RIBAS,6xmq7r
TRV JONATHAS PEDROSA,6xmq6
TRV JORGE BAIRD,6xmq6
TRV JORGE GOMES,6xmq4t
TRV JORGE TEIXEIRA,6xmq6 6xmq6e
TRV JOSE GODOY GARCIA,6xmqc
TRV JOSENIAS,6xmq3
TRV JOSÉ BONIFÁCIO,6xmq4
TRV JOSÉ CRUZ,6xmq6
TRV JOSÉ DE ALENCAR,6xmq7
TRV JOSÉ LUIZ MENDONÇA,6xmq6
TRV JOSÉ PRESTES,6xmq6c
TRV JOÃO BOSCO,6xmqg3 6xmqg6
TRV JOÃO DO BARRO,6xmqu
TRV JOÃO LISBOA,6xmq3
TRV JOÃO PESSOA,6xmq4
TRV JUAN ARDUÍNO,6xmq7
TRV JUATUBA,6xmq6 6xmq7j
TRV JUCAS,6xmqe
TRV JUCIRI,6xmqu
TRV JUDICAEL ALMEIDA,6xmq4z
TRV JUINA,6xmqe
TRV JULIA MAFRA,6xmq7
TRV JULIANA,6xmq4
TRV JUMA,6xmqgg
TRV JUPIÁ,6xmq4x
TRV JUQUITIBÁ,6xmq7
TRV JURANDIR MARTINS,6xmq4s
TRV JURUTU,6xmq7
TRV JUSCELINO KUBITSCHEK,6xmq9
TRV JUSSARA,6xmqs
TRV JUSSIAPE,6xmq9
TRV JUTI,6xmq
TRV JUVENAL BARBOSA,6xmqen
TRV JÚLIA LOPES,6xmq39
TRV JÚLIO PASSOS,6xmqg4
TRV KAIAPÓ,6xmqe 6xmqer
TRV KANIUÁ,6xmqen
TRV KARAJÁ,6xmqer
TRV KOKAMA,6xmqen
TRV LA PAZ,6xmq9
TRV LA VERENA,6xmqf
TRV LAGO AZUL,6xm
TRV LAGO DA PEDRA,6xmqeb
TRV LAGO NOVO,6xmqg3
TRV LAGOINHA,6xmqg9
TRV LAGOS,6xmq9
TRV LAJE,6xmqg9
TRV LAJES,6xmq9
TRV LAJETO,6xmq9f
TRV LAMARÃO,6xmqg9
TRV LAOS,6xmq
TRV LAPA,6xmqg9
TRV LAPÃO,6xmqgg
TRV LAURENTINO,6xmq7
TRV LAVRAS,6xmqg9
TRV LEANDRO JÚNIOR,6xmq6f 6xmq7
TRV LENE,6xmqg9
TRV LEOPOLDO FERREIRA,6xmq3z
TRV LEOPOLDO NEVES,6xmq4x
TRV LERIDA,6xmq4e 6xmq4s
TRV LEVÍTICO,6xmq6g
TRV LEÃO RODRIGUES VIEIRA,6xmq9
TRV LIBERAL,6xmqg9
TRV LIMEIRA,6xmqs
TRV LINDOIA,6xmqg9
TRV LINHO,6xmqc
TRV LOANDA,6xmqg9
TRV LOBATO,6xmqg 6xmqg9
TRV LOBO DO MAR,6xmqs3
TRV LONDRINA,6xmqs
TRV LONTRA,6xmqs
TRV LORENA,6xmqg
TRV LOTUS,6xmqgb
TRV LOURIVAL TORRES,6xmq
TRV LOURO GAMELA,6xmqf
TRV LOURO PRETO,6xmqe
TRV LOURO ROSA,6xmqe
TRV LUIZ ALVARES PINTO,6xmq3x
TRV LUIZ BARRETO,6xmq3
TRV LUIZ GAMA,6xmq4z
TRV LUIZ LOPES,6xmq4s
TRV LUIZ MENDES,6xmq6
TRV LÍRIO DO MAR,6xmqe
TRV LÍRIO ROSA,6xmqc
TRV MACAJUBA,6xmq9
TRV MACAPÁ,6xmq
TRV MACATUBA,6xmq
TRV MACAU,6xmq7 6xmq7r
TRV MACEDÔNIA,6xmq4s
TRV MACEIÓ,6xmq6
TRV MADIA,6xmqf
TRV MADIRITUBA,6xmqs
TRV MADRE DE DEUS,6xmq9
TRV MADRE EFIGÊNIA,6xmq
TRV MADRE TEREZA,6xmqc
TRV MAETINGA,6xmq7
TRV MAFRA,6xmq
TRV MAGALHAES BARATA,6xmq4 6xmq4s
TRV MAGNÓLIA,6xmqg
TRV MAIAS,6xmq4s
TRV MAJOR SILVA COUTINHO,6xmqfc
TRV MALTHUS,6xmq3
TRV MAMANGUAPE,6xmq7
TRV MAMONA,6xmqu
TRV MAMUÍ,6xm
TRV MANACAPURU,6xmq4e
TRV MANASSÉS,6xmq9 6xmq9e
TRV MANAUS,6xmq3
TRV MANAUS 2000,6xmq7
TRV MANDAGUARI,6xmqs
TRV MANDII,6xmqs
TRV MANGARATAIA,6xmqsr
TRV MANGUEIRNHA,6xmqf
TRV MANUEL ANTÔNIO DE ALMEIDA,6xmq7
TRV MAPUCHE,6xmqf
TRV MAPÃ,6xmqfb
TRV MAQUARÉ,6xmqu
TRV MAR,6xmqg
TRV MARABÁ,6xmqeb
TRV MARACANAÚ,6xmqs
TRV MARACUJÁ,6xmqf
TRV MARAJÓ,6xmq9
TRV MARANATA,6xmqsj
TRV MARCELO DEAT,6xmq6f
TRV MARDIM,6xm
TRV MARGARIDA,6xmqg
TRV MARIA ANDRADE,6xmq4
TRV MARIA TADROS,6xmq3
TRV MARILENA,6xmqs
TRV MARINETE,6xmqu
TRV MAROMBA,6xmq6
TRV MARQUES DE SANTA CRUZ,6xmq4
TRV MARQUESA DE SANTOS,6xmq7
TRV MARRIDA,6xmqf
TRV MARSELHA,6xmq4e 6xmq4s
TRV MARÍLIA,6xmqe
TRV MATA DE SÃO JOÃO,6xmq9
TRV MAUA,6xmq6 6xmq6d
TRV MEDIEVAL,6xm
TRV MEIRELES,6xmq9
TRV MESTRE ANGÍLIO,6xmqc
TRV MICHAEL FARADAY,6xmq7 6xmq7r
TRV MICHELANGELO BUONARROTI,6xmq6f
TRV MILTOM MORAES,6xmqg6
TRV MINAS GERAIS,6xmqgc
TRV MINEROLANDIA,6xmq9e 6xmq9g
TRV MIOSÓTIS,6xmqg
TRV MIOSÓTIS DA CHINA,6xmqg
TRV MIRADOURO,6xmqs
TRV MIRAI,6xmq7
TRV MIRANORTE,6xmq9
TRV MISSISSIPI,6xmqg
TRV MOANA,6xmq3x
TRV MOISÉS,6xmqf
TRV MONSENHOR ANTERO DE LIMA,6xmq9
TRV MONTE SIÃO,6xmqc
TRV MONTE VERDE,6xmqf
TRV MOPIRIRUS,6xmqec
TRV MORRO DO SOL,6xmqf
TRV MOSSORÓ,6xmqu
TRV MUCURI,6xmq3
TRV MUNDURUCUS,6xmq4
TRV MUNICIPAL,6xmq4y
TRV MURA,6xmqs
TRV MURAN,6xmqu
TRV MUTUÍPE,6xmq9
TRV MUÇUM,6xmqs
TRV MÁRIO COVAS,6xmqs
TRV MÁRIO DE SÁ CARNEIRO,6xmq7
TRV MÁRIO QUINTANA,6xmq7
TRV MÁRIO YPIRANGA,6xmq6
TRV NABUCO DE ARAUJO,6xmq9
TRV NACOES UNIDAS,6xmqfs
TRV NATAL,6xmqf
TRV NATIVIDADE,6xmq3 6xmq3r
TRV NELSON WAUGHAN,6xmqf2
TRV NHAMUNDA,6xmq4p 6xmq60
TRV NHAMUNDÁ,6xmq6
TRV NILO,6xmqe
TRV NITERÓI,6xmqs6
TRV NORDESTINA,6xmq8 6xmq9
TRV NORMANDIA,6xmq7
TRV NOSSA SENHORA DA CONCEIÇÃO,6xmq6b 6xmq6c
TRV NOSSA SENHORA DE FATIMA,6xm
TRV NOSSA SENHORA DE FÁTIMA,6xmqu
TRV NOVA,6xmq3 6xmq36 6xmq6f
TRV NOVA 1,6xmq3q
TRV NOVA ESPERANCA,6xmq3r
TRV NOVA FRIBURGO,6xmq6
TRV NOVA I,6xmq7
TRV NOVA ITA,6xmq
TRV NOVA LUZITÂNIA,6xmqg6
TRV NOVA OLINDA,6xmq6f 6xmq7
TRV NOVA VIDA,6xmq7 6xmq7j
TRV NOVO ARIPUANÃ,6xmq7
TRV NÍNIVE,6xm
TRV OCRÃ,6xmqd
TRV ODETE AMARAL,6xmq
TRV ODULVALDO VIANA,6xmq7
TRV OLAVO BILAC,6xmq4y
TRV OLAVO BILAC I,6xmq4y
TRV OLIMPIO DE CARVALHO,6xmq
TRV OLINDA,6xmq9 6xmq9e
TRV OLINDINA,6xmq9
TRV OLIVENÇA,6xmq9
TRV ORGAMON,6xmq68
TRV ORLANDO FALCONE,6xmq9
TRV OSLO,6xmq9
TRV OSVALDO QUEIROZ,6xmqg6
TRV OSWALDO DE ANDRADE,6xmq7
TRV OSÓRIO,6xmqec
TRV OURO PRETO,6xmq7j
TRV OUROESTE,6xmq6e
TRV PACOVÃ,6xmqu
TRV PACU,6xmqs
TRV PADRE GHISLAND,6xmq4
TRV PADRE SAMUEL FRITZ,6xmq4t
TRV PAGIEL,6xmqd
TRV PALMA DE PINHA,6xmqk
TRV PALMAS DE MONTE ALTO,6xmq9
TRV PALMIRA,6xmq6
TRV PALMITINHO,6xmq7j
TRV PALMÁCIA,6xmqs
TRV PANTANAL,6xmq3 6xmq35
TRV PAPAGAIO,6xmqen
TRV PAPAYA,6xmq7r
TRV PARACAMBI,6xmqs5
TRV PARAIBA,6xmq6
TRV PARAISO,6xmq37
TRV PARAMIRIM,6xmq3r
TRV PARANAPUÃ,6xmq7 6xmq7j
TRV PARDAL,6xm
TRV PARELHAS,6xmqg7
TRV PARQUE SUIÇO,6xmq7j
TRV PASSO FUNDO,6xmq7
TRV PASSO REAL,6xmq4y
TRV PATAUÁ,6xm
TRV PATMOS,6xmqc
TRV PATO BRANCO,6xmq7r
TRV PAU ROSA,6xmqs
TRV PAUL CLEE,6xmq7r
TRV PAULA BRITO,6xmqg
TRV PAULO MOURAO,6xmq39
TRV PAXIUBARANA,6xmqu
TRV PE. GERALDO,6xmqc
TRV PEDRO CAETANO,6xmq9
TRV PEDRO CALMON,6xmq3 6xmq36
TRV PEDRO SARMIENTO,6xmqu
TRV PEQUIM,6xmqd
TRV PERIMETRAL 3 C BRANCO,6xmq6r
TRV PESCADA,6xmqs
TRV PIATA,6xmq9
TRV PIAUI,6xmq3d
TRV PICO DA NEBLINA,6xmq6
TRV PICO DAS ÁGUAS,6xmq3c
TRV PICOS,6xmqs
TRV PIEDADE ALBUQUERQUE,6xmq7 6xmq7r
TRV PILÕES,6xmqfe
TRV PINA DE MORAES,6xmq3
TRV PINHEIRO,6xmqs 6xmqs4
TRV PINTARROXO,6xmqen
TRV PIPIRA,6xmqg
TRV PIRACANJUBA,6xmqfg
TRV PIREUS,6xmqg
TRV PIRIPA,6xmq3
TRV PIUM,6xmqe 6xmqem
TRV PLATINA,6xmq39
TRV PLEÁIDE,6xmq3
TRV PLUTÃO,6xmqf
TRV POEJO,6xmqsr
TRV POLICARPO MENDES,6xmqs
TRV POLONESES,6xmq4s 6xmq4t
TRV POLVILHO,6xmq7
TRV POLYANA,6xmqg2
TRV PONTA DO VENTO,6xmqdy
TRV PORANGATU,6xmq9e
TRV PORAQUE,6xmq7
TRV PORAQUÉ,6xmq7
TRV PORTOS DAS DUNAS,6xmq7
TRV PORTUGAL,6xmq6b
TRV POÇÕES,6xmq9
TRV PRADO,6xmq9
TRV PRAIA DE CANOA QUEBRADA,6xmqc
TRV PRAINHA,6xmq
TRV PRES KENNEDY,6xmq6 6xmq7
TRV PRESIDENTE MÉDICI,6xmq7
TRV PRINCESA ISABEL,6xmq4
TRV PROCISSSAO,6xmqf
TRV PROCÓPIO FERREIRA,6xmq4e
TRV PROFESSOR PAULO RESENDE,6xmq7r
TRV PROFESSOR TEONILO PESSOA,6xmq3q
TRV PROFESSORA AUTA GAGLIARD,6xmq3d
TRV PROFESSORA ERNESTINA GONÇALVES,6xmqdx
TRV PROFESSORA EVANGELINA BROWNE,6xmqdy
TRV PROFESSORA ISAURA BARRONCAS,6xmq3 6xmq3z
TRV PROFESSORA LUIZA RIBEIRO,6xmq7 6xmqeb
TRV PROFESSORA NEUZA FERREIRA,6xmq7
TRV PROFESSORAJUCIMAR BARBOSA,6xmq3d
TRV PROFª JULIA BITTENCOURT,6xmqdx
TRV PROFª TÁLIA PEDRA,6xmq39
TRV PROGRESSO,6xmq7
TRV PUMÃ,6xmqs
TRV QUEIMADAS,6xmq9
TRV RAFAEL SANZIO,6xmq3x
TRV RAIMUNDA MARQUES,6xmqg1
TRV RAIMUNDO COUTINHO,6xmq6r
TRV RAIMUNDO MAIA,6xmqc
TRV RAIMUNDO QUEIROZ,6xmq4s
TRV RAINHA DA PAZ,6xmq3
TRV RAMUTÃ,6xmqs3
TRV RECIFE,6xmq6
TRV RENATO SERDEIRINHO,6xmqg4
TRV RENIO,6xmq39
TRV RENÊ BITTENCOURT,6xmq7
TRV RICARDO RAMOS,6xmq3
TRV RIFAINA,6xmq3c
TRV RIGA,6xmqg5 6xmqg7
TRV RIGEL,6xmq3
TRV RIO DE FOGO,6xmqg7
TRV RIO DO PIRES,6xmq9
TRV RIO ITACAÚNA,6xmqee
TRV RIO ITUÍ,6xmq7y
TRV RIO JUTAI,6xmq6
TRV RIO MUTUCA,6xmqed
TRV RIO NOVO,6xmqk
TRV RIO PAUINI,6xmqk
TRV RIO PITINGA,6xmqg3
TRV RIO RIBEIRA,6xmq6
TRV RIO SOLIMÕES,6xmqd
TRV RIO TARAUCÁ,6xmq6
TRV RIO VOLGA,6xmqc
TRV RIOLÂNDIA,6xmqe
TRV RODA MOINHO,6xmq3
TRV RODRIGO OTÁVIO,6xmq6
TRV RONALDO CARVALHO,6xmq
TRV ROSA DE LÍRIO,6xmqe
TRV ROSA DE SARON,6xmqc
TRV ROSALINA,6xmqg6
TRV ROSINA FERREIRA,6xmq9
TRV ROSÁRIO,6xmq9
TRV ROTARY,6xmq4
TRV RUI ARAÚJO,6xmq3z
TRV RUTÍLIO,6xmqeg 6xmqs5
TRV RUY GAMA E SILVA,6xmq4y
TRV SABAÚNA,6xmq7
TRV SAMAÚMA,6xmqs
TRV SANTA AURORA,6xmqf
TRV SANTA CECÍLIA,6xmqc
TRV SANTA CLAUDIA,6xmq9f
TRV SANTA CRUZ,6xmqd
TRV SANTA EFIGENIA,6xmq3q
TRV SANTA ETELVINA,6xmq7
TRV SANTA FLORA,6xmq
TRV SANTA HELENA,6xmq6e
TRV SANTA ISABEL,6xmq4
TRV SANTA LUZIA,6xmq4s 6xmq6
TRV SANTA MONICA,6xmqfe
TRV SANTA RITA DURÃO,6xmq36
TRV SANTA ROSA,6xmqs
TRV SANTA TEREZA,6xmq4s
TRV SANTA TEREZINHA,6xmq
TRV SANTA URSULA,6xmq36
TRV SANTIAGO DANTAS,6xmqf2
TRV SANTO AGOSTINHO,6xmq7
TRV SANTO AMARO,6xmqf
TRV SANTO ANTONIO,6xmq3r
TRV SANTO ISIDORO,6xmqdw 6xmqdx
TRV SANTO ONOFRE,6xmqc
TRV SANTOS DUMONT,6xmq3
TRV SAO BARTOLOMEU,6xmqc
TRV SAO BENEDITO,6xmq4t
TRV SAO DOMINGOS,6xmq4x
TRV SAO FRANCISCO,6xmq 6xmq4 6xmq4y
TRV SAO GERALDO,6xmq4e 6xmq6
TRV SAO JOAO,6xmqfs
TRV SAO JOAQUIM,6xmq9
TRV SAO JOSE,6xmq6
TRV SAO MARCOS,6xmq9g
TRV SAO PEDRO,6xmq4 6xmq4y
TRV SAQUAREMA,6xmq7r
TRV SARAPO,6xmq3
TRV SARGENTO ABRAHIM,6xmqd
TRV SARGENTO MADEIRA,6xmqd
TRV SATERÊ MAWÉ,6xmqf9
TRV SATURNINO DE BRITO,6xmq6
TRV SAUIM,6xmq7
TRV SAVANA,6xmqs6
TRV SEBASTIÃO ROMANO,6xmq3
TRV SEN.DANIEL KLIEGER,6xmqdx
TRV SENA MADUREIRA,6xmq
TRV SERGIPE,6xmqu
TRV SERRA DA LUZ,6xmqf
TRV SERRA VERDE,6xmqf
TRV SERRANA,6xmq6e
TRV SEUCIR,6xmqd
TRV SEVILLA,6xmqg
TRV SILVA RAMOS,6xmq4p
TRV SIÃO,6xmqf
TRV SOBRAL,6xmqf
TRV SOBREIRO,6xmq3d
TRV SOLIDARIEDADE,6xmqg6
TRV SOLIMOES,6xmq
TRV SOLON GONÇALVES,6xm
TRV SOUZA CAMPOS,6xmqd
TRV SPINELIO,6xmqeg 6xmqeu
TRV SUMARI,6xmqu
TRV SÃO BENEDITO,6xmq7j
TRV SÃO CALIXTO,6xmqc
TRV SÃO CARLOS,6xmqu
TRV SÃO DOMINGOS,6xmq4
TRV SÃO ESTEVÃO,6xmq7 6xmqeb 6xmqs
TRV SÃO FRANCISCO,6xmqf 6xmqfu
TRV SÃO GABRIEL DA CACHOEIRA,6xmq6
TRV SÃO IRINEU,6xmqe 6xmqen 6xmqer
TRV SÃO JERÔNIMO,6xmq4t
TRV SÃO JORGE,6xmqf8
TRV SÃO JOÃO,6xmq
TRV SÃO JOÃO BATISTA,6xmq4
TRV SÃO LEOPOLDO,6xmq4
TRV SÃO LOURENÇO,6xmq7y
TRV SÃO LUIZ,6xmq4
TRV SÃO MACARIO,6xmq6
TRV SÃO MARÇAL,6xmqu
TRV SÃO MIGUEL,6xmqg2
TRV SÃO PAULO,6xmqff
TRV SÃO PEDRO,6xmq4
TRV SÃO SEBASTIÃO,6xmq
TRV SÃO THOME,6xmq3b
TRV SÃO TOMÉ,6xmqf8
TRV TABATINGA,6xmq7
TRV TABELIÃO LESSA,6xmq4
TRV TABOCA,6xmqs
TRV TAIGA,6xmq
TRV TAMANDARÉ,6xmq4
TRV TAMARICA,6xmqfu
TRV TANZÂNIA,6xmq60
TRV TARAGUÁ,6xmq9
TRV TARAMBOLA,6xmq9g
TRV TARAMBOLA DOURADA,6xmq9g
TRV TAUBATÉ - CD. CIDADE DO LESTE,6xmqs
TRV TAUÁ,6xmqs
TRV TAVARES NOGUEIRA,6xmqf
TRV TEL AVIV,6xmq3b
TRV TEN. JURANDIR,6xmq4 6xmq4x
TRV TERESOPOLIS,6xmq9e
TRV TETEU,6xmqff 6xmqfg
TRV TEXEIRA E SOUZA,6xmqu
TRV TEÓFILO DIAS,6xmq37
TRV THALES SILVESTRE,6xmq7
TRV TIMBURÉ,6xmqe
TRV TIRADENTES,6xmq3 6xmqg6
TRV TITANITA,6xmqs5 6xmqsh
TRV TIÊ,6xmqu
TRV TOM JOBIM,6xmqu
TRV TONANTINS,6xmq7
TRV TONGOY,6xmq6
TRV TREVO,6xmq9
TRV TREZE TILIAS,6xmqec
TRV TUCANDEIRAS,6xmq4s
TRV TUCANOS,6xmqen
TRV TUCURUÍ,6xmq3
TRV TUNIS,6xmq9
TRV TUPAGI,6xmqen
TRV TUPANATINGA,6xmq9
TRV TUPI,6xmq 6xmqg1
TRV TUPINAMBÁS,6xmq3d
TRV TUPINIQUIM,6xmqfb
TRV TUPYNAMBÁ,6xmq9f
TRV TURMALINA,6xmq6
TRV TURMALINA NEGRA,6xmq
TRV UBIRATAN,6xmqdy
TRV UIRAPURU,6xmq7
TRV ULISSES AZEVEDO FILHO,6xmqd
TRV UM,6xmqd
TRV URBANO NOVOA,6xmq6
TRV UREQUEMA,6xmqfb
TRV URUCURITUBA,6xmq7
TRV V,6xmqs
TRV VALDA SARAIVA,6xmqe
TRV VALE DO PARAÍSO,6xmq7
TRV VALE ELÁ,6xmqfv
TRV VALERIANA,6xmqu
TRV VALÊNCIA,6xmq4s
TRV VANÁDIO,6xmq3 6xmq3d
TRV VARGAS,6xmq4
TRV VASCO DA GAMA,6xmq3 6xmq37
TRV VENTANIA,6xmq4
TRV VICK,6xmqs 6xmqsr
TRV VIRGILIO VARZEA,6xmq39
TRV VISC. DE SERGIMIRIM,6xmqdv
TRV VISCONDE DE PORTO ALEGRE,6xmq6
TRV VITORIA REGIA,6xm
TRV VIVALDO LIMA,6xmq3z 6xmq4
TRV VIZEU,6xmq3
TRV WAGNER,6xmq9f
TRV WAIANA,6xmqs5 6xmqsh
TRV WALTER GROPIUS,6xmq7r
TRV WALTER PINTO,6xmqc
TRV WARREN DIERSON,6xmq9
TRV WASHINGTON,6xmqs
TRV WASHINGTON LUIZ,6xmq68 6xmq6b
TRV WASHINGTON MELO,6xmq4
TRV WILLIAN BRAGG,6xmq6
TRV X,6xmqu
TRV YGUANAIS,6xmqes 6xmqet
TRV ZEFERINO BRASIL,6xmq3
TRV ZIRCÃO,6xmqev
TRV ZOIZITA,6xmqeg
TRV ÁGATA AZUL,6xmq
TRV ÉFESO,6xm
TRV ÍRIS CINZA,6xmqc
TRV ÍTRIO,6xmq39
VIA COLETORA,6xmq6
VIA DO LAGO,6xmq 6xmqc
VIA ERIPHILA,6xm
VIA EROS,6xm
VIA ERYTUS,6xm
VIA EU,6xm
VIA EUBIUS,6xm
VIA EUCHAPIA,6xm
VIA EUCLIDES,6xm
VIA EUCTUS,6xm
VIA EUHIPHE,6xm
VIA EUMAEUS,6xm
VIA EUMEDES,6xm
VIA EUMELUS,6xm
VIA EUNOMOS,6xm
VIA EUNUS,6xm
VIA EUPHORION,6xm
VIA EUPOLIS,6xm
VIA EURIALUS,6xm
VIA EURIPEDES,6xm
VIA EVADNE,6xm
VIA EVANDER,6xm
VIA SEX,6xm
VIL ARMINDO,6xmq
VIL BAIPENDI,6xmq4
VIL COSTA,6xmq4
VIL DOS PROPRIETARIOS,6xmq4
VIL FLACY,6xmq4
VIL HERCULANO,6xmq4
VIL IZABEL,6xmq4
VIL LEAO,6xmq4
VIL MARIA,6xmq4
VIL MARQUES,6xmq4
VIL MESTRINHO,6xmq4 6xmq60
VIL PIRES,6xmq4
VIL PORTELA,6xmq4
VIL PUDICO,6xmq4
VIL ROSA,6xmq
VIL SANTA LUZIA,6xmq4
