name,ghs
ALAMEDA  125 (DIAS MACÊDO),7pkd
ALAMEDA  165 (DIAS MACÊDO),7pkd
ALAMEDA  205 (DIAS MACÊDO),7pkd
ALAMEDA  AMARALINA,7pkd
ALAMEDA  AMOR PERFEITO,7pkd
ALAMEDA  AMÁLIA MARIA,7pkd
ALAMEDA  ANA ELISA,7pkd
"ALAMEDA  BEIJA FLOR (CJ VILA VELHA I, II E III)",7pkd
"ALAMEDA  BEIRA RIO (CJ VILA VELHA I, II E III)",7pkd
ALAMEDA  BOM JESUS,7pkd
ALAMEDA  CLARA DE ASSIS,7pkd
ALAMEDA  D (LOT NOVO BARROSO),7pkd
ALAMEDA  DAS ANGÉLICAS,7pkd
ALAMEDA  DAS AÇUCENAS,7pkd
ALAMEDA  DAS BEGÔNIAS,7pkd
ALAMEDA  DAS BENEDITAS,7pkd
ALAMEDA  DAS BOAS NOITES,7pkd
ALAMEDA  DAS BONINAS,7pkd
ALAMEDA  DAS BORBOLETAS,7pkd
ALAMEDA  DAS CAMÉLIAS,7pkd
ALAMEDA  DAS CECÍLIAS,7pkd
ALAMEDA  DAS CHANANAS,7pkd
ALAMEDA  DAS CRAVINAS,7pkd
ALAMEDA  DAS CRISADÁLIAS,7pkd
ALAMEDA  DAS DÁLIAS,7pkd
ALAMEDA  DAS EXTREMOSAS,7pkd
ALAMEDA  DAS FLORES,7pkd
ALAMEDA  DAS GRACIOLAS,7pkd
ALAMEDA  DAS HORTÊNCIAS,7pkd
ALAMEDA  DAS IRIS,7pkd
ALAMEDA  DAS MARGARIDAS,7pkd
ALAMEDA  DAS NOVE HORAS,7pkd
ALAMEDA  DAS ONZE HORAS,7pkd
ALAMEDA  DAS ORQUÍDEAS,7pkd
"ALAMEDA  DAS ORQUÍDEAS (CJ VILA VELHA I, II E III)",7pkd
ALAMEDA  DAS PACAVIRAS,7pkd
ALAMEDA  DAS PAPOULAS,7pkd
ALAMEDA  DAS ROSAS,7pkd
ALAMEDA  DAS TULIPAS,7pkd
ALAMEDA  DAS VERBENAS,7pkd
ALAMEDA  DAS VIOLETAS,7pkd
ALAMEDA  DOS BUGARÍS,7pkd
ALAMEDA  DOS CRAVOS,7pkd
ALAMEDA  DOS CRISÂNTEMOS,7pkd
ALAMEDA  DOS GIRASSÓIS,7pkd
ALAMEDA  DOS JASMINS,7pkd
ALAMEDA  DOS LIRIOS,7pkd
ALAMEDA  DOS MIOSÓTIS,7pkd
ALAMEDA  E,7pkd
ALAMEDA  ELIANE LÚCIA,7pkd
ALAMEDA  EMANUEL PONTES PINTO,7pkd
ALAMEDA  F,7pkd
ALAMEDA  G,7pkd
"ALAMEDA  GIRASSOL (CJ VILA VELHA I, II E III)",7pkd
ALAMEDA  GIRASSOL (SÃO GERARDO),7pkd
ALAMEDA  GIRASSOL (VILA VELHA),7pkd
ALAMEDA  ITALIANA,7pkd
ALAMEDA  JASMIM,7pkd
ALAMEDA  JURACI MAGALHAES,7pkd
ALAMEDA  MANDACARU (CONJUNTO NOVO TEMPO II),7pkd
ALAMEDA  MARIA DA GLÓRIA,7pkd
ALAMEDA  MARIA DORALICE,7pkd
ALAMEDA  MARIA TEREZA,7pkd
ALAMEDA  MENINO JESUS,7pkd
ALAMEDA  NADJA,7pkd
ALAMEDA  OXOSSI,7pkdd
ALAMEDA  PÔR DO SOL,7pkd
ALAMEDA  ROSA MARIA,7pkd
ALAMEDA  SANDRA MARA,7pkd
ALAMEDA  SANTOS DUMONT,7pkd
ALAMEDA  SAO LUCAS,7pkd
ALAMEDA  SERTANEJO,7pkd
ALAMEDA  THELMA,7pkd
ALAMEDA  VENCESLAU BRAZ,7pkd
ALAMEDA  VERDE 04 (CJ SITIO DO CORREGO),7pkd
ALAMEDA  VERDE 1,7pkd
ALAMEDA  VERDE 2,7pkd
ALAMEDA  VERDE 3,7pkd
ALAMEDA  VERDE 5,7pkd
ALAMEDA  VERDE 6,7pkd
ALAMEDA  VERDE 7,7pkd
ALAMEDA  VERDE 8,7pkd
ALAMEDA  VERDE 9,7pkd
ALAMEDA  VITORIA,7pkd
ALAMEDA DR PEDRO FREDERICO DE ARAÚJO PONTES,7pkd
ALAMEDA MAL DEODORO,7pkd
ALAMEDA SAO MATEUS,7pkd
AVENIDA  01 (CJ RES VILA VERDE),7pkd3
AVENIDA  1 DO CONJUNTO TASSO JEREISSATI,7pkd
AVENIDA  1000 (CONJUNTO CEARÁ II),7pkd
AVENIDA  13 DE ABRIL,7pkd
AVENIDA  13 DE MAIO,7pkd
AVENIDA  2 (CONJ. ARVOREDO),7pkd
AVENIDA  2 DE MAIO,7pkd
AVENIDA  20 DE JANEIRO,7pkd
AVENIDA  A (CONJ. CEARÁ),7pkd
AVENIDA  A (CONJ. ESPERANÇA),7pkd3
AVENIDA  A (CONJ. RESID. PREF. JOSÉ WALTER),7pkd
AVENIDA  A (CONJ. VENEZA TROPICAL),7pkd
AVENIDA  A (GLEBA 5 S),7pkd
AVENIDA  A (POLAR),7pkd
AVENIDA  A DO LOTEAMENTO PLANALTO ARACAPÉ,7pkd
AVENIDA  AFONSO PENA,7pkd
AVENIDA  AGUANAMBI,7pkd
AVENIDA  ALANIS MARIA LAURINDO DE OLIVEIRA,7pkd
AVENIDA  ALBERTO CRAVEIRO,7pkd
AVENIDA  ALBERTO NEPOMUCENO,7pkd
AVENIDA  AMBIENTALISTA ARY THIERS,7pkd
AVENIDA  AMÉRICO BARREIRA,7pkdd
AVENIDA  ANTONIO SALES,7pkd
AVENIDA  ANTONIO THOMAS,7pkd
AVENIDA  ANTÔNIO DIOGO,7pkd
AVENIDA  ANTÔNIO ENÉAS VIEIRA,7pkd
AVENIDA  ANTÔNIO JUSTA,7pkd
AVENIDA  AREIA BRANCA,7pkd
AVENIDA  ARGENTINA PINHEIRO TORRES,7pkd
AVENIDA  ATILANO DE MOURA,7pkd
AVENIDA  AUDÍZIO PINHEIRO,7pkd
AVENIDA  AUGUSTO DOS ANJOS,7pkd3
AVENIDA  B,7pkd
AVENIDA  B (CJ GLEBA 5S),7pkd
AVENIDA  B (CONJ. ESPERANÇA),7pkd3
AVENIDA  B (CONJ. RESID. PREF. JOSÉ WALTER),7pkd
AVENIDA  B (Pirambú),7pkd
AVENIDA  B CONJUNTO HABITACIONAL SÍTIO SÃO JOÃO,7pkd
AVENIDA  BEIRA MAR,7pkd
AVENIDA  BENJAMIM BARROSO,7pkd
AVENIDA  BENJAMIM BRASIL,7pkd
AVENIDA  BENU MARCONDES,7pkd
AVENIDA  BENU MARCONDES (CJ NOVA ASSUNCAO),7pkd
AVENIDA  BERNARDO MANUEL,7pkd
AVENIDA  BORGES DE MELO,7pkd
AVENIDA  BOULEVARD I,7pkd
AVENIDA  BOULEVARD II,7pkd
AVENIDA  BULEVAR III (CONJ. SÃO CRISTÓVÃO),7pkd
AVENIDA  C (CONJ. CEARÁ II),7pkd
AVENIDA  C (CONJ. PREF. JOSÉ WALTER),7pkd
AVENIDA  C (JANGURUSSU),7pkd
AVENIDA  C ARACAPE,7pkd
AVENIDA  C ST PIRIRITIBA IV,7pkd
AVENIDA  CAJAZEIRAS (JOSÉ DE ALENCAR),7pkd
AVENIDA  CANAL,7pkd3
AVENIDA  CANAL (PROJETADA),7pkd
AVENIDA  CARAPINIMA,7pkdd
AVENIDA  CARNEIRO DE MENDONÇA,7pkdd
AVENIDA  CAROÁ,7pkd
AVENIDA  CEARENSES,7pkd
AVENIDA  CENTRAL,7pkd
AVENIDA  CENTRAL (LOT. JD. GLEBA K2),7pkd
AVENIDA  CENTRAL DO LOTEAMENTO JARDIM UNIÃO 1 ETAPA,7pkd
AVENIDA  CENTRAL LESTE,7pkd
AVENIDA  CENTRAL OESTE,7pkd
AVENIDA  CESAR CALS,7pkd
AVENIDA  CHANCELER EDSON QUEIROZ,7pkd
AVENIDA  CILANE,7pkd
AVENIDA  CLOVIS MATOS,7pkd
AVENIDA  CLÓVIS ARRAIS MAIA,7pkd
AVENIDA  COMODORO ESTÁCIO BRÍGIDO,7pkd
AVENIDA  CONTORNO LESTE,7pkd3
AVENIDA  CONTORNO LESTE (CONJ. SÃO CRISTÓVÃO),7pkd
AVENIDA  CONTORNO NORTE,7pkd3
AVENIDA  CONTORNO OESTE,7pkd3
AVENIDA  CONTORNO OESTE (NOVO MONDUBIM),7pkd3
AVENIDA  CONTORNO SUL (CJ NOVO MONDUBIM),7pkd3
AVENIDA  CONTORNO SUL (CONJ. SÃO CRISTÓVÃO),7pkd
AVENIDA  CONTORNO SUL (JANGURUSSU),7pkd
AVENIDA  CONTORNO SUL (SÃO BENTO),7pkd
AVENIDA  CONTORNO SUL DO CONJUNTO ESPERANÇA,7pkd3
AVENIDA  CORA CORALINA,7pkd
AVENIDA  COSTA OESTE,7pkd
AVENIDA  CRISANTO ARRUDA,7pkd
AVENIDA  CRISTAL (SIQUEIRA),7pkd3
AVENIDA  CÂNDIDO PORTINARI,7pkd
AVENIDA  D (CONJ. CEARÁ I),7pkd
AVENIDA  D (CONJ. ESPERANÇA),7pkd3
AVENIDA  D (CONJ. PREF. JOSÉ WALTER),7pkd
AVENIDA  DA ABOLIÇÃO,7pkd
AVENIDA  DA ALEGRIA,7pkd
AVENIDA  DA CONQUISTA,7pkd
AVENIDA  DA SAUDADE,7pkd
AVENIDA  DA UNIVERSIDADE,7pkdd
AVENIDA  DAS ADENANTERAS,7pkd
AVENIDA  DAS GRAVIOLAS,7pkd
AVENIDA  DAS PALMEIRAS AZUIS,7pk
AVENIDA  DAS PALMEIRAS IMPERIAIS,7pk
AVENIDA  DE PENETRAÇÃO LESTE (CONJUNTO ESPERANÇA),7pkd3
AVENIDA  DE PENETRAÇÃO NORTE,7pkd3
AVENIDA  DE PENETRAÇÃO NORTE-SUL,7pkd3
AVENIDA  DE PENETRAÇÃO OESTE,7pkd3
AVENIDA  DENDÊ,7pkd
AVENIDA  DIOGUINHO,7pkd
AVENIDA  DIONÍSIO ALENCAR,7pk
AVENIDA  DO CONTORNO,7pkd
AVENIDA  DO CONTORNO (MONDUBIM),7pkd
AVENIDA  DO IMPERADOR,7pkd
AVENIDA  DO VAQUEIRO,7pkd
AVENIDA  DOLOR BARREIRA,7pkd
AVENIDA  DOMINGOS OLÍMPIO,7pkd
AVENIDA  DOMINGOS SÁVIO,7pkd
AVENIDA  DOS EXPEDICIONÁRIOS,7pkdd
AVENIDA  DOS FLAMBOYANTS,7pkd
AVENIDA  DOS JANGADEIROS,7pkd
AVENIDA  DOS MARINHEIROS,7pkd
AVENIDA  DOS PAROARAS,7pkd
AVENIDA  E (CONJ. CEARÁ),7pkd
AVENIDA  E (CONJ. DOS BANCÁRIOS),7pkd
AVENIDA  E (CONJ. ESPERANÇA),7pkd3
AVENIDA  E (CONJ. PREF. JOSÉ WALTER),7pkd
AVENIDA  EDILSON BRASIL SOARES,7pkd
AVENIDA  EDSON MAGALHÃES,7pkd
AVENIDA  EDUARDO BRIGIDO MONTEIRO (DUDU),7pkd
AVENIDA  EUCLIDES PAULINO BARROSO,7pkd3
AVENIDA  EUNICE WEAVER,7pkd
AVENIDA  EVILASIO ALMEIDA MIRANDA,7pkd
AVENIDA  F (CONJ. CEARÁ),7pkd
AVENIDA  F (CONJ. ESPERANÇA),7pkd3
AVENIDA  F (CONJ. PREF. JOSÉ WALTER),7pkd
AVENIDA  FELINO BARROSO,7pkd
AVENIDA  FILOMENO GOMES,7pkd
AVENIDA  FLORIANO BENEVIDES DE MAGALHÃES,7pkd
AVENIDA  FLORÊNCIO DE ALENCAR,7pkd
AVENIDA  FRANCISCO SÁ,7pkd
AVENIDA  G (CONJ. CEARÁ II),7pkd
AVENIDA  G (CONJ. ESPERANÇA),7pkd3
AVENIDA  G (CONJ. RESID. PREF. JOSÉ WALTER),7pkd
AVENIDA  G (VILA VELHA IV),7pkd
AVENIDA  GENIBAÚ,7pkd
AVENIDA  GEORGE MOREIRA PEQUENO,7pkd
AVENIDA  GODOFREDO MACIEL,7pkd
AVENIDA  GODOFREDO PIMENTEL,7pkd
AVENIDA  GONÇALVES DIAS,7pkdd
AVENIDA  GURGEL DO AMARAL,7pkd
AVENIDA  H (CONJ. CEARÁ II),7pkd
AVENIDA  H (CONJ. RESID. PREF. JOSÉ WALTER),7pkd
AVENIDA  H (CONJUNTO ESPERANÇA),7pkd3
AVENIDA  H LOT ST PIRIRIT IV,7pkd
AVENIDA  HERMENEGILDO DE SÁ CAVALCANTE,7pkd
AVENIDA  HERMÍNIO DE CASTRO,7pkd
AVENIDA  HERÁCLITO GRAÇA,7pkd
AVENIDA  HERÓIS DO ACRE,7pkd
AVENIDA  HILDEBRANDO DE MELO,7pkd
AVENIDA  I ( LOT. EXPEDICIONÁRIOS ),7pkd
AVENIDA  I (CONJ. CEARÁ),7pkd
AVENIDA  I (CONJ. ESPERANÇA),7pkd3
AVENIDA  I (CONJ. PREF. JOSÉ WALTER),7pkd
AVENIDA  I DO LOTEAMENTO AV. DOS EXPEDICIONÁRIOS I,7pkd
AVENIDA  II DO LOTEAMENTO AV. DOS EXPEDICIONÁRIOS I,7pkd
AVENIDA  INDEPENDÊNCIA,7pkd
AVENIDA  ISABEL BEZERRA,7pkd
AVENIDA  ITAPÓ,7pk
AVENIDA  J (CONJ. CEARÁ I),7pkd
AVENIDA  J (CONJ. RESID. PREF. JOSÉ WALTER),7pkd
AVENIDA  J (VILA VELHA),7pkd
AVENIDA  JANGADEIROS,7pkd
AVENIDA  JOSE DO PATROCINIO,7pkdd
AVENIDA  JOSÉ BASTOS,7pkdd
AVENIDA  JOSÉ JATAHY,7pkdd
AVENIDA  JOSÉ LEON,7pkd
AVENIDA  JOSÉ MARTINIANO DE ALENCAR,7pkd
AVENIDA  JOSÉ SABÓIA,7pkd
AVENIDA  JOSÉ TAVARES,7pkd3
AVENIDA  JOSÉ TORRES,7pkd3
AVENIDA  JOVITA FEITOSA,7pkdd
AVENIDA  JOÃO DE ARAUJO LIMA,7pkd
AVENIDA  JOÃO PESSOA,7pkdd
AVENIDA  JULIO JORGE VIEIRA,7pkd
AVENIDA  JUSCELINO KUBITSCHEK,7pkd
AVENIDA  JÚLIO VENTURA,7pkd
AVENIDA  K (CONJ. RESID. PREF. JOSÉ WALTER),7pkd
AVENIDA  K DA CIDADE NOVA ASSUNÇÃO,7pkd
AVENIDA  L (CJ NOVA ASSUNCAO),7pkd
AVENIDA  L (CJ POLAR),7pkd
AVENIDA  L (CONJ CEARA),7pkd
AVENIDA  L (CONJ. PREF. JOSÉ WALTER),7pkd
AVENIDA  LAURO CHAVES,7pkd
AVENIDA  LAURO VIEIRA CHAVES,7pkd
AVENIDA  LEA POMPEU,7pkd
AVENIDA  LEITE BARBOSA,7pkd
AVENIDA  LINEU MACHADO,7pkdd
AVENIDA  LITORANEA,7pkd
AVENIDA  LUAR DO SERTÃO,7pkd
AVENIDA  LUCIANO CARNEIRO,7pkd
AVENIDA  LUIS VIEIRA (PERIMETRAL),7pkd3
AVENIDA  LUIZ EVANGELISTA,7pkd
AVENIDA  M (CONJ. RESID. PREF. JOSÉ WALTER),7pkd
AVENIDA  MACIEL BEZERRA,7pkd
AVENIDA  MANOEL MAVIGNIER,7pkd
AVENIDA  MARIA GOMES DE SÁ,7pkd
AVENIDA  MARIO CAMARA VIEIRA,7pkd
AVENIDA  MEM DE SÁ,7pkd
AVENIDA  MIGUEL ARAGÃO,7pkd
AVENIDA  MONTE PASCOAL,7pkd3
AVENIDA  MONTENEGRO,7pkd
AVENIDA  MOZART PINHEIRO DE LUCENA,7pkd
AVENIDA  MURITIAPUÁ,7pkd
AVENIDA  N (VILA VELHA IV),7pkd
AVENIDA  NILA GOMES DE SOÁREZ,7pkd
AVENIDA  NORTE SUL,7pkd
AVENIDA  NORTE-SUL,7pkd
AVENIDA  NOVA FORTALEZA,7pkd
AVENIDA  O (CJ JOSE WALTER),7pkd
AVENIDA  ODILON GUIMARAES,7pkd
AVENIDA  OLAVO BILAC,7pkd
AVENIDA  OLIVEIRA PAIVA,7pkd
AVENIDA  OSCAR ARARIPE,7pkd3
AVENIDA  PAISAGISTICA (RIO MARANGUAPINHO),7pkd3
AVENIDA  PAISAGISTICA LAGOA,7pkdd
AVENIDA  PAISAGÍSTICA DO LOTEAMENTO CIDADE ECOLÓGICA,7pkd
AVENIDA  PALESTINA,7pkd
AVENIDA  PALMEIRA DOS ÍNDIOS,7pk
AVENIDA  PASSARE (PQ DOIS IRMAOS),7pkd
AVENIDA  PASTEUR,7pkd
AVENIDA  PAU BRASIL (CID. JARD. FORT. GLEBA A),7pkd
AVENIDA  PEDRO LAZAR,7pkd
AVENIDA  PESSOA ANTA,7pkd
AVENIDA  PIAUÍ,7pkd
AVENIDA  PINTO BANDEIRA,7pkd
AVENIDA  PLÁCIDO CASTELO,7pkd
AVENIDA  POMPÍLIO GOMES,7pkd
AVENIDA  PONTES VIEIRA,7pkd
AVENIDA  PRAIA DE SABIAGUABA,7pkd
AVENIDA  PRUDENTE BRASIL,7pkd
AVENIDA  PUEBLA,7pkd
AVENIDA  RECREIO,7pkd
AVENIDA  ROGACIANO LEITE,7pkd
AVENIDA  RUI BARBOSA,7pkd
AVENIDA  SABIAGUABA,7pkd
AVENIDA  SABINO DO MONTE,7pkd
AVENIDA  SALVADOR DE FRANCESCO,7pkd
AVENIDA  SANTOS DUMONT,7pkd
AVENIDA  SAPIRANGA,7pkd
AVENIDA  SAPUCAIA (CID JD FORT GLEBA A),7pkd
AVENIDA  SEBASTIÃO DE ABREU,7pkd
AVENIDA  SUBLIME,7pkd3
AVENIDA  SUL (SITIO TUNGA),7pkd
AVENIDA  TERESÓPOLIS,7pkd
AVENIDA  TRAIRA,7pk
AVENIDA  TRAJANO DE MEDEIROS,7pkd
AVENIDA  TREZE ROCHDALE,7pkd
AVENIDA  TRISTÃO GONÇALVES,7pkd
AVENIDA  ULISSES BEZERRA,7pkd
AVENIDA  URUGUAI,7pkd
AVENIDA  VALPARAÍSO,7pkd
AVENIDA  VIA COLETORA PROJETADA (LOT. MRV MAGIS - DENDE),7pkd
AVENIDA  VICENTE DE CASTRO,7pkd
AVENIDA  VIENA WEYNE,7pkd
AVENIDA  WALDIR DIOGO,7pkd
AVENIDA  WASHINGTON LUIZ,7pkd
AVENIDA  WASHINGTON SOARES,7pkd
AVENIDA  WENEFRIDO MELO,7pkd
AVENIDA  ZEZE DIOGO (PRAIA DO FUTURO II),7pkd
AVENIDA  ZEZÉ DIOGO,7pkd
AVENIDA  ÁLVARO CORREIA,7pkd
AVENIDA ALM BARROSO,7pkd
AVENIDA ALM HENRIQUE SABÓIA,7pkd
AVENIDA ALM MAXIMIANO DA FONSECA,7pkd
AVENIDA ALM TAMANDARÉ,7pkd
AVENIDA BAR DE STUDART,7pkd
AVENIDA CAP HUGO BEZERRA,7pkd
AVENIDA CAP WALDEMAR PAULA LIMA,7pkd
AVENIDA CEL CARVALHO,7pkd
AVENIDA CEL FRANCISCO FLÁVIO CARNEIRO,7pkd
AVENIDA CEL JOSÉ PHILOMENO GOMES,7pkd
AVENIDA CEL MATOS DOURADO,7pkd
AVENIDA CEL MIGUEL DIAS,7pkd
AVENIDA COL ANTÔNIO GADELHA,7pkd
AVENIDA COM FRANCISCO DE FRANCESCO DI ÂNGELO,7pkd
AVENIDA COS GOMES DE FREITAS,7pkd
AVENIDA DEP CASTELO DE CASTRO,7pkd
AVENIDA DEP JOAQUIM DE FIGUEIREDO CORREIA,7pkd
AVENIDA DEP OSWALDO STUDART,7pkd
AVENIDA DEP PAULINO ROCHA,7pkd
AVENIDA DES ADALBERTO BARROS LEAL,7pkd
AVENIDA DES FAUSTINO DE ALBURQUEQUE,7pkd
AVENIDA DES GONZAGA,7pkd
AVENIDA DES MOREIRA,7pkd
AVENIDA DES RAIMUNDO DANÚSIO STUDART GURGEL,7pkd
AVENIDA DOM ALUISIO LORSCHEIDER,7pkd
AVENIDA DOM LUÍS,7pkd
AVENIDA DOM MANUEL,7pkd
AVENIDA DR ALFREDO WEYNE,7pkd
AVENIDA DR CORREIA LIMA,7pkd
AVENIDA DR JOÃO MACIEL FILHO,7pkd
AVENIDA DR RAUL BARBOSA,7pkd
AVENIDA DR SILAS MUNGUBA,7pkd
AVENIDA DR THEBERGE,7pkd
AVENIDA DR VALMIR PONTES,7pkd
AVENIDA DUQ DE CAXIAS,7pkd
AVENIDA ENG AGRÔNOMO JOSÉ GUIMARÃES DUQUE,7pkd
AVENIDA ENG ALBERTO SÁ,7pkd
AVENIDA ENG HEITOR DE OLIVEIRA ALBUQUERQUE,7pkd
AVENIDA ENG HUMBERTO MONTE,7pkdd
AVENIDA ENG LEAL LIMA VERDE,7pkd
AVENIDA ENG LUIZ MONTENEGRO,7pkd3
AVENIDA ENG LUIZ VIEIRA,7pkd
AVENIDA ENG MELO NUNES,7pkd
AVENIDA ENG SANTANA JÚNIOR,7pkd
AVENIDA FRE CIRILO,7pkd
AVENIDA GAL AFONSO ALBUQUERQUE LIMA,7pkd
AVENIDA GAL ALÍPIO DOS SANTOS,7pkd
AVENIDA GAL MURILO BORGES,7pkd
AVENIDA GAL OSÓRIO DE PAIVA,7pkd3
AVENIDA GEO ANTÔNIO RIBEIRO ZARANZA,7pkd
AVENIDA GOV LEONEL BRIZOLA,7pkd
AVENIDA GOV PARSIFAL BARROSO,7pkdd
AVENIDA HIS RAIMUNDO GIRÃO,7pkd
AVENIDA JOR THOMAZ COELHO,7pkd
AVENIDA MAE LISBOA,7pkd
AVENIDA MAJ ASSIS,7pkd
AVENIDA MIN ALBUQUERQUE LIMA,7pkd
AVENIDA MIN JOSÉ AMÉRICO,7pkd
AVENIDA MIT HULL,7pkd
AVENIDA MON AMARÍLIO RODRIGUES,7pkd
AVENIDA MON CARNEIRO DA CUNHA,7pkd
AVENIDA MON HÉLIO CAMPOS,7pkd
AVENIDA MON TABOSA,7pkd
AVENIDA PDE ANTÔNIO TOMÁS,7pkd
AVENIDA PDE IBIAPINA,7pkd
AVENIDA PDE JOAQUIM COLAÇO DOURADO,7pkd
AVENIDA PDE PAULINO,7pkd
AVENIDA PIN ANTÔNIO BANDEIRA,7pkd
AVENIDA PRE EVANDRO AYRES DE MOURA,7pkd
AVENIDA PRO EDUARDO GIRÃO,7pkd
AVENIDA PRO EUCLIDES CÉSAR,7pkd
AVENIDA PRO GERARDO RODRIGUES DE ALBUQUERQUE,7pkd
AVENIDA PRO GOMES DE MATOS,7pkdd
AVENIDA PRO JOSÉ ARTHUR DE CARVALHO,7pkd
AVENIDA PRO MOZART SOLON,7pkd
AVENIDA PRO MURILO SILVEIRA,7pkd
AVENIDA PRS ARTUR BERNARDES,7pkd
AVENIDA PRS CASTELO BRANCO,7pkd
AVENIDA PRS COSTA E SILVA,7pkd
AVENIDA RAD JOSÉ LIMAVERDE,7pkd
AVENIDA RAD JOÃO RAMOS,7pkd
AVENIDA SAO CRISTOVÃO,7pkd
AVENIDA SAO FRANCISCO (PANTANAL),7pkd
AVENIDA SEN CARLOS JEREISSATI,7pkd
AVENIDA SEN CARLOS JEREISSATI (PRAIA DO FUTURO I),7pkd
AVENIDA SEN FERNANDES TÁVORA,7pkdd
AVENIDA SEN VIRGÍLIO TÁVORA,7pkd
AVENIDA SGT HERMÍNIO SAMPAIO,7pkd
AVENIDA TAB CARLOTO MAIA,7pkd
AVENIDA TEN ANDERSON,7pkd3
AVENIDA TEN JOSÉ NEWTON,7pkd
AVENIDA TEN LISBOA,7pkd
AVENIDA VIS DO RIO BRANCO,7pkd
BECO  16 DE SETEMBRO,7pkd
BECO  2 DE JUNHO,7pkd
BECO  35 (BARRA DO CEARÁ),7pkd
BECO  75 (BARRA DO CEARÁ),7pkd
BECO  ALVES BEZERRA,7pkd3
BECO  ANTÔNIO AUGUSTO,7pkd
BECO  ARAGAO,7pkd
BECO  AZEVEDO,7pkd
BECO  BALDUINO FREIRE,7pkd
BECO  CANARIO,7pkd
BECO  CAPRICHO,7pkd
BECO  CONEFOR,7pkd
BECO  DA RAPOSA,7pkd
BECO  DA SAUDADE,7pkd
BECO  DA VILA CATU,7pkd
BECO  DO ESCORREGO,7pkd
BECO  DO ESTALEIRO,7pkd
BECO  DO MAURO,7pkd
BECO  DO MEIO,7pkd
BECO  DO MELAO (PIRAMBÚ),7pkd
BECO  DO PIRAI,7pkd
BECO  DOS CAVALOS,7pkd
BECO  ELIEL I,7pkd
BECO  ELIEL II,7pkd
BECO  ELZA LEITE,7pkd
BECO  F LIMA,7pkd
BECO  HILDEBRANDO DE MELO,7pkd
BECO  ISRAEL,7pkd
BECO  J DE DEUS,7pkd
BECO  J MENELEU,7pkd
BECO  JOAO RIBEIRO,7pkd
BECO  JOSE VILAR,7pkd
BECO  JULIO CEZAR,7pkdd
BECO  MANUEL TEOFILO,7pkd
BECO  MARTINS ARAÚJO,7pkd
BECO  MIZAEL OLIVEIRA,7pkdd
BECO  NOVA ALIANÇA,7pkd
BECO  PAIZINHA,7pkd
BECO  PINTO CORREA,7pkd
BECO  PIRAI,7pkd
BECO  PROFETA ISAIAS,7pkd
BECO  RUI MONTE,7pkd
BECO  SERGIPE,7pkdd
BECO  TEODOMIRO DE CASTRO,7pkd
BECO  TRANQUILO,7pkdd
BECO  URUGUAIANA,7pkdd
BECO BAR COTERGIPE,7pkd
BECO CON DE CASTRO,7pkd
BECO SAO JOSE,7pkd
BECO SAO PEDRO,7pkd
BECO SAO RAIMUNDO,7pkd3
BECO TEN MARQUES,7pkd
ESTRADA  CAJUEIRO TIMBAUBA,7pkd
ESTRADA  DA PAUPINA,7pkd
ESTRADA  DE FERRO PARANGABA - MUCURIPE,7pkd
ESTRADA  DE SALINAS,7pkd
ESTRADA  DO GAVIÃO,7pk
ESTRADA  DO GEREBERABA,7pkd
ESTRADA  DO GUAJERÚ,7pkd
ESTRADA  DO GUARANI,7pk
ESTRADA  DO ITAMBÉ,7pkd
ESTRADA  DO ITAPERI,7pkd
ESTRADA  DO JATOBÁ,7pkd
ESTRADA  DO PICI,7pkdd
ESTRADA  DO SIQUEIRA,7pkd3
ESTRADA  FERRO BATURITÉ DESATIVADA,7pkd
ESTRADA  FERRO CAIS DO PORTO,7pkd
ESTRADA  FERRO DE BATURITÉ,7pkd
ESTRADA  FERRO QUILÔMETRO SETE,7pkd
ESTRADA  FERRO SOBRAL,7pkd
ESTRADA SAO JOSE MAURICIO,7pkd3
ESTRADA SEN POMPEU,7pkd
GALERIA PRO BRANDÃO,7pkd
GALERIA SAO LUIZ,7pkd
LARGO  1 DO CONJUNTO TASSO JEREISSATI,7pkd
LARGO  10 DO CONJUNTO TASSO JEREISSATI,7pkd
LARGO  11 DO CONJUNTO TASSO JEREISSATI,7pkd
LARGO  12 DO CONJUNTO TASSO JEREISSATI,7pkd
LARGO  2 DO CONJUNTO TASSO JEREISSATI,7pkd
LARGO  3 DO CONJUNTO TASSO JEREISSATI,7pkd
LARGO  4 DO CONJUNTO TASSO JEREISSATI,7pkd
LARGO  5 DO CONJUNTO TASSO JEREISSATI,7pkd
LARGO  6 DO CONJUNTO TASSO JEREISSATI,7pkd
LARGO  7 DO CONJUNTO TASSO JEREISSATI,7pkd
LARGO  8 DO CONJUNTO TASSO JEREISSATI,7pkd
LARGO  9 DO CONJUNTO TASSO JEREISSATI,7pkd
LARGO  DA PIÚBA,7pkd
PRAÇA  CAPISTRANO DE ABREU,7pkd
PRAÇA  DA SE,7pkd
PRAÇA  DO CANAL,7pkd
PRAÇA  DO REMO,7pkd
PRAÇA  GUSTAVO BARROSO,7pkd
PRAÇA  PORTUGAL,7pkd
PRAÇA  WALDEMAR FALCÃO,7pkd
PRAÇA CEL JOAO FONTES,7pkd
PRAÇA CEL MELQUIADES,7pkd
PRAÇA DR AMAURI,7pkd
PRAÇA MAJ WILSON,7pkd
PRAÇA VIS PELOTAS,7pkd
RODOVIA  CE 010,7pkd
RODOVIA  QUARTO ANEL VIÁRIO,7pk
RODOVIA DR MENDEL STEINBRUCH,7pkd
RUA  01 (CJ SITIO ARATANHA),7pkd
RUA  01 (LOT ALTO DA BOA VISTA),7pkd
RUA  01 (LOT BOA VENTURA),7pkd
RUA  01 (LOT GRANJA PALESTINA),7pkd
RUA  01 (LOT PARAISO),7pkd
RUA  01 (LOT PQ VERDE),7pkd
RUA  01 (LOT SANTO EMILIO),7pkd3
RUA  01 (LOT URUCUTUBA),7pkd3
RUA  01 (LOTEAMENTO LAGOA DA LIBÂNIA),7pkd
RUA  01 A (CID JD FORT GLEBA A),7pkd
RUA  01 C (CID JD GLEBA C),7pkd
RUA  01 DO CONJUNTO RESIDENCIAL ALDEMIR MARTINS,7pkd
RUA  01 DO LOTEAMENTO MARIA IGNEZ GENTIL BARBOSA FIÚZA,7pkd
RUA  01 DO LOTEAMENTO SANTA TEREZINHA,7pkd
RUA  01 DO LOTEAMENTO SANTIAGO DE COMPOSTELA,7pkd
RUA  01 PARQUE SANTANA I,7pkd
RUA  01 PQ SAO MATEUS,7pkd
RUA  01H (LOT CIDADE JARDIM FORTALEZA),7pkd
RUA  02 (LOT ALTO DA BOA VISTA),7pkd
RUA  02 (LOT STO EMILIO),7pkd3
RUA  02 (LOT URUCUTUBA),7pkd3
RUA  02 (MUTIRAO RENASCER),7pkd
RUA  02 (PQ SANTA MARIA),7pkd
RUA  02 A (CID JD FORT GLEBA A),7pkd
RUA  02 ALPHA PARK,7pkd
RUA  02 C (CID JD GLEBA C),7pkd
RUA  02 DO CONJUNTO JOÃO PAULO II,7pkd
RUA  02 DO CONJUNTO RESIDENCIAL ALDEMIR MARTINS,7pkd
RUA  02 DO LOTEAMENTO BAIRRO NOVO,7pk
RUA  02 DO LOTEAMENTO DOM VICENTE,7pkd
RUA  02 DO LOTEAMENTO PLANALTO ARACAPÉ,7pkd
RUA  02 DO LOTEAMENTO SANTA TEREZINHA,7pkd
RUA  02 PQ SAO MATEUS I,7pkd
RUA  02 SANTANA I,7pkd
RUA  02H (LOT CIDADE JARDIM FORTALEZA),7pkd
RUA  03 (LOT ALTO DA BOA VISTA),7pkd
RUA  03 (LOT PLANALTO ARACAPÉ),7pkd
RUA  03 (LOT PQ SETE IRMAOS),7pkd
RUA  03 (LOT STO EMILIO),7pkd3
RUA  03 (LOT URUCUTUBA),7pkd3
RUA  03 (SITIO PIRIRITIBA III),7pkd
RUA  03 ALPHA PARK,7pkd
RUA  03 C (CID JD GLEBA C),7pkd
RUA  03 DO CONJUNTO JOÃO PAULO II,7pkd
RUA  03 DO LOTEAMENTO BAIRRO NOVO,7pk
RUA  03 DO LOTEAMENTO BOA VENTURA,7pkd
RUA  03 DO LOTEAMENTO CIDADE SUL,7pkd
RUA  03 DO LOTEAMENTO DOM VICENTE,7pkd
RUA  03 DO LOTEAMENTO PARAÍSO DE MESSEJANA,7pkd
RUA  03 DO LOTEAMENTO SANTA TEREZINHA,7pkd
RUA  03 LOT SANTANA I,7pkd
RUA  03 LOTEAMENTO SANTA SOFIA,7pkd
RUA  03 PQ SAO MATEUS I,7pkd
RUA  03H (LOT CIDADE JARDIM FORTALEZA),7pkd
RUA  04 (CJ PADRE SANTANA),7pkd
RUA  04 (LOT ALTO DA BOA VISTA),7pkd
RUA  04 (LOT STO EMILIO),7pkd3
RUA  04 (LOT URUCUTUBA),7pkd3
RUA  04 C (CID JD GLEBA C),7pkd
RUA  04 DE OUTUBRO,7pkd
RUA  04 DE OUTUBRO (STO ANT FLORESTA),7pkd
RUA  04 DO LOTEAMENTO BAIRRO NOVO,7pk
RUA  04 DO LOTEAMENTO DOM VICENTE,7pkd
RUA  04 DO LOTEAMENTO PLANALTO ARACAPÉ,7pkd
RUA  04 DO LOTEAMENTO SANTA TEREZINHA,7pkd
RUA  04 PQ SAO MATEUS I,7pkd
RUA  04H (LOT CIDADE JARDIM FORTALEZA),7pkd
RUA  05 (CJ RES VILA VERDE),7pkd3
RUA  05 (LOT ALTO DA BOA VISTA),7pkd
RUA  05 (LOT PQ VERDE),7pkd
RUA  05 (LOT STO EMILIO),7pkd3
RUA  05 (SITIO ARATANHA),7pkd
RUA  05 C (CID JD GLEBA C),7pkd
RUA  05 DO CONJUNTO RESIDENCIAL ALDEMIR MARTINS,7pkd
RUA  05 DO LOTEAMENTO CIDADE SUL,7pkd
RUA  05 DO LOTEAMENTO PLANALTO ARACAPÉ,7pkd
RUA  05 DO LOTEAMENTO TERRA NOVA,7pkd
RUA  05 DO LOTEAMENTO URUCUTUBA,7pkd3
RUA  05 LOT DOM VICENTE/G PALESTIA,7pkd
RUA  05 PQ SAO MATEUS I,7pkd
RUA  05 SANTANA I,7pkd
RUA  05H DO LOTEAMENTO CIDADE JARDIM,7pkd
RUA  06 (LOT ALTO DA BOA VISTA),7pkd
RUA  06 (LOT SITIO CORREGO),7pkd
RUA  06 (LOT STO EMILIO),7pkd3
RUA  06 (LOT URUCUTUBA),7pkd3
RUA  06 (MUTIRAO NOVO RENASCER II),7pkd
RUA  06 C (CID JD GLEBA C),7pkd
RUA  06 DO DO CONJUNTO RESIDENCIAL ALDEMIR MARTINS,7pkd
RUA  06 DO LOTEAMENTO BOA VENTURA,7pkd
RUA  06 DO LOTEAMENTO DOM VICENTE,7pkd
RUA  06 DO LOTEAMENTO SANTA TEREZINHA,7pkd
RUA  06 DO LOTEAMENTO TERRA NOVA,7pkd
RUA  06 LOT PQ VERDE,7pkd
RUA  06H (LOT CIDADE JARDIM FORTALEZA),7pkd
RUA  07 (LOT PARQUE SANTANA),7pkd
RUA  07 (LOT URUCUTUBA),7pkd3
RUA  07 C (CID JD GLEBA C),7pkd
RUA  07 DE SETEMBRO (FLORESTA),7pkd
RUA  07 DO CONJUNTO RESIDENCIAL ALDEMIR MARTINS,7pkd
RUA  07 DO LOTEAMENTO SANTA TEREZINHA,7pkd
RUA  07 DO LOTEAMENTO TERRA NOVA,7pkd
RUA  07 DO LOTEAMENTO VALDEMAR PAULA,7pkd
RUA  07 PQ SAO MATEUS I,7pkd
RUA  07H (LOT CIDADE JARDIM FORTALEZA),7pkd
RUA  08 (LOT ALTO DA BOA VISTA),7pkd
RUA  08 (LOT PARQUE SANTANA),7pkd
RUA  08 (LOT SANTA TEREZINHA),7pkd3
RUA  08 (LOT URUCUTUBA),7pkd3
RUA  08 (RES PLANALTO ITAPERI),7pkd
RUA  08 C (CID JD GLEBA C),7pkd
RUA  08 DO CONJUNTO JOÃO PAULO II,7pkd
RUA  08 DO CONJUNTO RESIDENCIAL ALDEMIR MARTINS,7pkd
RUA  08 DO LOTEAMENTO TERRA NOVA,7pkd
RUA  08 DO LOTEAMENTO VALDEMAR PAULA,7pkd
RUA  08 LOT PQ VERDE,7pkd
RUA  08 PQ SAO MATEUS I,7pkd
RUA  08H (LOT CIDADE JARDIM FORTALEZA),7pkd
RUA  09 (LOT ALTO DA BOA VISTA),7pkd
RUA  09 (LOT PARQUE SANTANA),7pkd
RUA  09 DO CONJUNTO JOÃO PAULO II,7pkd
RUA  09 DO CONJUNTO RESIDENCIAL ALDEMIR MARTINS,7pkd
RUA  09 DO LOTEAMENTO TERRA NOVA,7pkd
RUA  09 DO LOTEAMENTO VALDEMAR PAULA,7pkd
RUA  09 LOT PQ VERDE,7pkd
RUA  09 PQ SAO MATEUS,7pkd
RUA  09 S (LOTEAMENTO ALPHA VILLAGE),7pkd
RUA  09H (LOT CIDADE JARDIM FORTALEZA),7pkd
RUA  1 (AEROLÂNDIA),7pkd
RUA  1 (ANTONIO BEZERRA),7pkd
RUA  1 (BARRA DO CEARÁ),7pkd
RUA  1 (CJ NOVA FORTALEZA),7pkd
RUA  1 (CJ PLANALTO MIRASSOL),7pkd
RUA  1 (CJ RES ABELARDO ROCHA),7pkd
RUA  1 (CJ RES AGUA MARINHA),7pkd
RUA  1 (CJ RES BOA VISTA),7pkd
RUA  1 (CJ RES ELDORADO),7pkd
RUA  1 (CJ SEIXAS NOGUEIRA),7pkd
RUA  1 (CJ SIQUEIRA),7pkd3
RUA  1 (CJ SONHO MEU),7pkdd
RUA  1 (CONJ. ALTO ALEGRE),7pkd
RUA  1 (CONJ. ARVOREDO),7pkd
RUA  1 (CONJ. CAMPO DOS INGLESES),7pkd
RUA  1 (CONJ. HERMES PEREIRA),7pkd
RUA  1 (CONJ. JARDIM CASTELÃO),7pkd
RUA  1 (CONJ. RESID. CURIÓ),7pkd
RUA  1 (CONJ. RESID. ITAPERY),7pkd
RUA  1 (CONJ. RESID. PANAMERICANO),7pkdd
RUA  1 (CONJ. RESID. PEQUENO MONDUBIM),7pkd
RUA  1 (CONJ. RESID. PREF. JOSÉ WALTER),7pkd
RUA  1 (CONJ. SÍTIO CÓRREGO),7pkd
RUA  1 (CONJ. VENEZA TROPICAL),7pkd
RUA  1 (CONJUNTO ESPERANÇA),7pkd3
RUA  1 (Cj Polar),7pkd
RUA  1 (LOT LAGO DOURADO),7pkd
RUA  1 (LOT VILLAGE COLOSSO),7pkd
RUA  1 (LOTEAMENTO PARX),7pkd
RUA  1 (MANUEL DIAS BRANCO),7pkd
RUA  1 (MUTIRAO RENASCER),7pkd
RUA  1 (PICI),7pkdd
RUA  1 (SIQUEIRA),7pkd
RUA  1 CRISTO REDENTOR,7pkd
RUA  1 DE JANEIRO,7pkd
RUA  1 DE MAIO,7pkd
RUA  1 DE MAIO (BONSUCESSO),7pkd
RUA  1 DO CONJUNTO IPEC,7pkd
RUA  1 DO CONJUNTO RESIDENCIAL NOVA ASSUNÇÃO,7pkd
RUA  1 DO CONJUNTO RESIDENCIAL PASSARÉ,7pkd
RUA  1 DO CONJUNTO TASSO JEREISSATI,7pkd
RUA  1 DO CONJUNTO TUPINAMBÁ DA FROTA,7pkd
RUA  1 DO LOTEAMENTO JARDIM GLÓRIA,7pkd
RUA  1 DO LOTEAMENTO PARQUE BOATAN,7pkd
RUA  1 DO LOTEAMENTO RESIDENCIAL ANTONIO CORREIA,7pkd
RUA  1 DO LOTEAMENTO RESIDENCIAL NAPOLEÃO VIANA,7pkd
RUA  1 DO LOTEAMENTO SÍTIO JACAREY,7pkd
RUA  10 (CJ GLEBA 5S),7pkd
RUA  10 (CJ JOAO PAULO II),7pkd
RUA  10 (CJ TERRA NOVA),7pkd
RUA  10 (CONJ. ALTO ALEGRE),7pkd
RUA  10 (CONJ. ARVOREDO),7pkd
RUA  10 (CONJ. CAMPO DOS INGLESES),7pkd
RUA  10 (CONJ. JARDIM CASTELÃO),7pkd
RUA  10 (CONJ. NOVA ASSUNÇÃO),7pkd
RUA  10 (CONJ. RESID. PREF. JOSÉ WALTER),7pkd
RUA  10 (CONJ. SÍTIO CÓRREGO),7pkd
RUA  10 (CONJ. VENEZA TROPICAL),7pkd
RUA  10 (CONJ.RESID.PEQUENO MONDUBIM),7pkd
RUA  10 (LOT LAGO DOURADO),7pkd
RUA  10 (LOT. PARQUE SANTANA),7pkd
RUA  10 (PEDESTRE PQ STA MARIA),7pkd
RUA  10 (PLANALTO ITAPERY),7pkd
RUA  10 A DO LOTEAMENTO SITIO JACAREY,7pkd
RUA  10 B DO LOTEAMENTO SITIO JACAREY,7pkd
RUA  10 CJ NOVO RENASCER,7pkd
RUA  10 DE DEZEMBRO,7pkd
RUA  10 DE NOVEMBRO,7pkd
RUA  10 DO CONJUNTO RESIDENCIAL ALDEMIR MARTINS,7pkd
RUA  10 DO LOTEAMENTO GLEBA 4S,7pkd
RUA  10 DO LOTEAMENTO NOVA FORTALEZA,7pkd
RUA  10 DO LOTEAMENTO PARQUE ZELÂNDIA,7pkd
RUA  10 DO LOTEAMENTO SANTIAGO DE COMPOSTELA,7pkd
RUA  10 DO LOTEAMENTO TERRA NOVA,7pkd
RUA  10 JOAO PAULO II,7pkd
RUA  10 LOT PQ VERDE,7pkd
RUA  10 LOT.ALTO DA BOA VISTA,7pkd
RUA  100 DO CONJUNTO PASSARÉ - CASTELÃO,7pkd
RUA  1002 (CONJ. CEARÁ II),7pkd
RUA  1004 (CONJ. CEARÁ II),7pkd
RUA  1006 (CONJ. CEARÁ II),7pkd
RUA  1008 (CONJ. CEARÁ II),7pkd
RUA  101 (CJ JOSE WALTER),7pkd
RUA  101 (CJ NOVO MONDUBIM),7pkd3
RUA  101 (CONJ. CEARÁ II),7pkd
RUA  101 (CONJ. ESPERANÇA),7pkd3
RUA  101 (DOM LUSTOSA),7pkd
RUA  101 (S D O),7pkd3
RUA  101 DO CONJUNTO HABITACIONAL SÃO CRISTOVÃO,7pkd
RUA  101 DO CONJUNTO PASSARÉ - CASTELÃO,7pkd
RUA  101 DO LOTEAMENTO CONJUNTO TUPAN MIRIM,7pkd
RUA  1010 (CONJ. CEARÁ II),7pkd
RUA  1012 (CONJ. CEARÁ II),7pkd
RUA  1014 (CONJ. CEARÁ II),7pkd
RUA  1016 (CONJ. CEARÁ II),7pkd
RUA  1018 (CONJ. CEARÁ II),7pkd
RUA  102 (CJ NOVO MONDUBIM),7pkd3
RUA  102 (CONJ. ESPERANÇA),7pkd3
RUA  102 (NOVO MONDUBIM),7pkd3
RUA  102 DO CONJUNTO PASSARÉ - CASTELÃO,7pkd
RUA  102 DO LOTEAMENTO CONJUNTO TUPAN MIRIM,7pkd
RUA  1020 (CONJ. CEARÁ II),7pkd
RUA  1022 (CONJ. CEARÁ II),7pkd
RUA  1024 (CONJ. CEARÁ II),7pkd
RUA  1026 (CONJ. CEARÁ II),7pkd
RUA  1028 (CONJ. CEARÁ II),7pkd
RUA  103 (CJ NOVO MONDUBIM),7pkd3
RUA  103 (CONJ. CEARÁ II),7pkd
RUA  103 (CONJ. ESPERANÇA),7pkd3
RUA  103 (CONJ. PASSARÉ),7pkd
RUA  103 DO LOTEAMENTO CONJUNTO TUPAN MIRIM,7pkd
RUA  103/101 (CONJ. RESID. PREF. JOSÉ WALTER),7pkd
RUA  1030 (CONJ. CEARÁ II),7pkd
RUA  1032 (CONJ. CEARÁ II),7pkd
RUA  1034 (CONJ. CEARÁ II),7pkd
RUA  1036 (CONJ. CEARÁ II),7pkd
RUA  1038 (CONJ. CEARÁ II),7pkd
RUA  104 (CONJ. ESPERANÇA),7pkd3
RUA  104 (NOVO MONDUBIM),7pkd3
RUA  104 DO CONJUNTO NOVO MONDUBIM,7pkd3
RUA  104 DO CONJUNTO PASSARÉ - CASTELÃO,7pkd
RUA  104 DO LOTEAMENTO CONJUNTO TUPAN MIRIM,7pkd
RUA  104 DO LOTEAMENTO NOVO RESIDENCIAL MONDUBIM,7pkd3
RUA  1040 (CONJ. CEARÁ II),7pkd
RUA  10405,7pkd
RUA  1042 (CONJ. CEARÁ II),7pkd
RUA  1044 (CONJ. CEARÁ II),7pkd
RUA  1046 (CONJ. CEARÁ II),7pkd
RUA  1048 (CONJ. CEARÁ II),7pkd
RUA  105 (CJ NOVO MONDUBIM),7pkd3
RUA  105 (CONJ. CEARÁ II),7pkd
RUA  105 (CONJ. ESPERANÇA),7pkd3
RUA  105 DO CONJUNTO HABITACIONAL SÃO CRISTOVÃO,7pkd
RUA  105 DO LOTEAMENTO CONJUNTO TUPAN MIRIM,7pkd
RUA  105 DO LOTEAMENTO TERRENO CERÂMICA SANTA ROSA),7pkd3
RUA  1050 (CONJ. CEARÁ II),7pkd
RUA  1052 (CONJ. CEARÁ II),7pkd
RUA  1054 (CONJ. CEARÁ II),7pkd
RUA  1056 (CONJ. CEARÁ II),7pkd
RUA  1058 (CONJ. CEARÁ II),7pkd
RUA  106 (CJ NOVO MONDUBIM),7pkd3
RUA  106 (CONJ.ESPERANÇA),7pkd3
RUA  106 DO LOTEAMENTO CONJUNTO TUPAN MIRIM,7pkd
RUA  1060 (CONJ. CEARÁ II),7pkd
RUA  1062 (CONJ. CEARÁ II),7pkd
RUA  1064 (CONJ. CEARÁ II),7pkd
RUA  1066 (CONJ. CEARÁ II),7pkd
RUA  1068 (CONJ. CEARÁ II),7pkd
RUA  107 (CJ NOVO MONDUBIM),7pkd3
RUA  107 (CONJ. CEARÁ II),7pkd
RUA  107 (CONJ. ESPERANÇA),7pkd3
RUA  107 DO CONJUNTO HABITACIONAL SÃO CRISTOVÃO,7pkd
RUA  107 DO LOTEAMENTO CONJUNTO TUPAN MIRIM,7pkd
RUA  1070 (CONJ. CEARÁ II),7pkd
RUA  1072 (CONJ. CEARÁ II),7pkd
RUA  1074 (CONJ. CEARÁ II),7pkd
RUA  1076 (CONJ. CEARÁ II),7pkd
RUA  1078 (CONJ. CEARÁ II),7pkd
RUA  108 (CONJ. ESPERANÇA),7pkd3
RUA  108 DO LOTEAMENTO CONJUNTO TUPAN MIRIM,7pkd
RUA  1080 (CONJ. CEARÁ II),7pkd
RUA  1082 (CONJ. CEARÁ II),7pkd
RUA  1084 (CONJ. CEARÁ II),7pkd
RUA  1086 (CONJ. CEARÁ II),7pkd
RUA  1088 (CONJ. CEARÁ II),7pkd
RUA  109 (CONJ. CEARÁ II),7pkd
RUA  109 (CONJ. ESPERANÇA),7pkd3
RUA  109 DO CONJUNTO HABITACIONAL SÃO CRISTOVÃO,7pkd
RUA  109 DO LOTEAMENTO CONJUNTO TUPAN MIRIM,7pkd
RUA  1090 (CONJ. CEARÁ II),7pkd
RUA  1092 (CONJ. CEARÁ II),7pkd
RUA  1094 (CONJ. CEARÁ II),7pkd
RUA  1096 (CONJ. CEARÁ II),7pkd
RUA  10H (LOT CIDADE JARDIM FORTALEZA),7pkd
RUA  11,7pkd
RUA  11 (BARRA DO CEARÁ),7pkd
RUA  11 (CJ CAMPO DOS INGLESES),7pkd
RUA  11 (CJ GLEBA 5S),7pkd
RUA  11 (CONJ. ALTO ALEGRE),7pkd
RUA  11 (CONJ. ARVOREDO),7pkd
RUA  11 (CONJ. MIRASSOL),7pkd
RUA  11 (CONJ. RESID. ITAPERY),7pkd
RUA  11 (CONJ. RESID. PREF. JOSÉ WALTER),7pkd
RUA  11 (CONJ. SÍTIO CÓRREGO),7pkd
RUA  11 (LOT ALTO DA BOA VISTA),7pkd
RUA  11 (LOT LAGO DOURADO),7pkd
RUA  11 (LOT. PARQUE SANTANA I),7pkd
RUA  11 (PASSARÉ),7pkd
RUA  11 (POLAR),7pkd
RUA  11 C (CID JD GLEBA C),7pkd
RUA  11 CJ NOVO RENASCER,7pkd
RUA  11 DE DEZEMBRO,7pkd
RUA  11 DE JULHO,7pkd
RUA  11 DO CONJUNTO JOÃO PAULO II,7pkd
RUA  11 DO LOTEAMENTO NOVA FORTALEZA,7pkd
RUA  110 (CARLITO PAMPLONA),7pkd
RUA  110 (CONJ. ESPERANÇA),7pkd3
RUA  110 DO LOTEAMENTO CONJUNTO TUPAN MIRIM,7pkd
RUA  1101 (CONJ. CEARÁ I),7pkd
RUA  1103 (CONJ. CEARÁ I),7pkd
RUA  1105 (CONJ. CEARÁ I),7pkd
RUA  1107 (CONJ. CEARÁ I),7pkd
RUA  1109 (CONJ. CEARÁ I),7pkd
RUA  111 (CONJ. CEARÁ II),7pkd
RUA  111 (CONJ. ESPERANÇA),7pkd3
RUA  111 DO CONJUNTO HABITACIONAL SÃO CRISTOVÃO,7pkd
RUA  111 DO LOTEAMENTO CONJUNTO TUPAN MIRIM,7pkd
RUA  1111 (CONJ. CEARÁ I),7pkd
RUA  1113 (CONJ. CEARÁ I),7pkd
RUA  1115 (CONJ. CEARÁ I),7pkd
RUA  1117 (CONJ. CEARÁ I),7pkd
RUA  1119 (CONJ. CEARÁ I),7pkd
RUA  112 (CONJ. ESPERANÇA),7pkd3
RUA  112 DO LOTEAMENTO CONJUNTO TUPAN MIRIM,7pkd
RUA  1121 (CONJ. CEARÁ I),7pkd
RUA  1123 (CONJ. CEARÁ I),7pkd
RUA  1125 (CONJ. CEARÁ I),7pkd
RUA  1127 (CONJ. CEARÁ I),7pkd
RUA  1129 (CONJ. CEARÁ I),7pkd
RUA  113 (CONJ. CEARÁ II),7pkd
RUA  113 (CONJ. ESPERANÇA),7pkd3
RUA  113 DO CONJUNTO HABITACIONAL SÃO CRISTOVÃO,7pkd
RUA  113 DO LOTEAMENTO CONJUNTO TUPAN MIRIM,7pkd
RUA  1131 (CONJ. CEARÁ I),7pkd
RUA  1133 (CONJ. CEARÁ I),7pkd
RUA  1135 (CONJ. CEARÁ I),7pkd
RUA  1137 (CONJ. CEARÁ I),7pkd
RUA  1139 (CONJ. CEARÁ I),7pkd
RUA  1139 A (CONJ. CEARÁ I),7pkd
RUA  114 (CONJ. ESPERANÇA),7pkd3
RUA  114 DO LOTEAMENTO CONJUNTO TUPAN MIRIM,7pkd
RUA  1141 (CONJ. CEARÁ I),7pkd
RUA  1143 (CONJ. CEARÁ I),7pkd
RUA  1145 (CONJ. CEARÁ I),7pkd
RUA  1147 (CONJ. CEARÁ I),7pkd
RUA  1149 (CONJ. CEARÁ I),7pkd
RUA  115 (CONJ. CEARÁ II),7pkd
RUA  115 DO CONJUNTO HABITACIONAL SÃO CRISTOVÃO,7pkd
RUA  115 DO LOTEAMENTO CONJUNTO TUPAN MIRIM,7pkd
RUA  1151 (CONJ. CEARÁ I),7pkd
RUA  1153 (CONJ. CEARÁ I),7pkd
RUA  1155 (CONJ. CEARÁ I),7pkd
RUA  1157 (CONJ. CEARÁ I),7pkd
RUA  1159 (CONJ. CEARÁ I),7pkd
RUA  116 DO LOTEAMENTO CONJUNTO TUPAN MIRIM,7pkd
RUA  1161 (CONJ. CEARÁ I),7pkd
RUA  1163 (CONJ. CEARÁ I),7pkd
RUA  1165 (CONJ. CEARÁ I),7pkd
RUA  1167 (CONJ. CEARÁ I),7pkd
RUA  117 (CONJ. CEARÁ II),7pkd
RUA  117 DO CONJUNTO HABITACIONAL SÃO CRISTOVÃO,7pkd
RUA  117 DO LOTEAMENTO CONJUNTO TUPAN MIRIM,7pkd
RUA  118 DO LOTEAMENTO CONJUNTO TUPAN MIRIM,7pkd
RUA  119 (CONJ. CEARÁ II),7pkd
RUA  11A DO LOTEAMENTO BAIRRO NOVO,7pk
RUA  11H (LOT CIDADE JARDIM FORTALEZA),7pkd
RUA  12 (BENFICA),7pkd
RUA  12 (CJ GLEBA 5S),7pkd
RUA  12 (CJ RENASCER II),7pkd
RUA  12 (CONJ. ALTO ALEGRE),7pkd
RUA  12 (CONJ. HAB. RESID. MARTIM SOARES MORENO),7pkd
RUA  12 (CONJ. JOÃO PAULO II),7pkd
RUA  12 (CONJ. NOVA ASSUNÇÃO),7pkd
RUA  12 (CONJ. RESID. ITAPERY),7pkd
RUA  12 (CONJ. RESID. PREF. JOSÉ WALTER),7pkd
RUA  12 (CONJ. SÍTIO CÓRREGO),7pkd
RUA  12 (JANGURUSSU),7pkd
RUA  12 (LOT ALTO DA BOA VISTA),7pkd
RUA  12 (LOT ARVOREDO),7pkd
RUA  12 (LOT LAGO DOURADO),7pkd
RUA  12 (LOT. PARQUE SANTANA),7pkd
RUA  12 C (CID JD GLEBA C),7pkd
RUA  12 DE JULHO,7pkd
RUA  12 DE MARCO,7pk
RUA  12 DE OUTUBRO,7pkd
RUA  12 DO CONJUNTO RESIDENCIAL ALDEMIR MARTINS,7pkd
RUA  12 DO CONJUNTO RESIDENCIAL PEQUENO MONDUBIM,7pkd
RUA  12 DO CONJUNTO TASSO JEREISSATI,7pkd
RUA  12 DO LOTEAMENTO CIDADE LESTE,7pkd
RUA  12 DO LOTEAMENTO NOVA FORTALEZA,7pkd
RUA  12 DO LOTEAMENTO TERRA NOVA,7pkd
RUA  12 DO LOTEAMENTO VILAGE COLOSSO,7pkd
RUA  12 PEDESTRE (PQ STA MARIA),7pkd
RUA  120 (CARLITO PAMPLONA),7pkd
RUA  120 DO LOTEAMENTO CONJUNTO TUPAN MIRIM,7pkd
RUA  121 (CONJ. CEARÁ II),7pkd
RUA  121 DO CONJUNTO HABITACIONAL SÃO CRISTOVÃO,7pkd
RUA  122 DO LOTEAMENTO CONJUNTO TUPAN MIRIM,7pkd
RUA  123 (CONJ. CEARÁ II),7pkd
RUA  124 DO LOTEAMENTO CONJUNTO TUPAN MIRIM,7pkd
RUA  125 (CONJ. CEARÁ II),7pkd
RUA  126 DO LOTEAMENTO CONJUNTO TUPAN MIRIM,7pkd
RUA  127 (CONJ. CEARÁ II),7pkd
RUA  128 DO LOTEAMENTO CONJUNTO TUPAN MIRIM,7pkd
RUA  129 (CONJ. CEARÁ II),7pkd
RUA  129 (DOM LUSTOSA),7pkd
RUA  12H DO LOTEAMENTO CIDADE JARDIM,7pkd
RUA  13 (BEIRA RIO),7pkd
RUA  13 (CJ DOS BANCARIOS),7pkd
RUA  13 (CJ GLEBA 5S),7pkd
RUA  13 (CJ JOA PAULO II),7pkd
RUA  13 (CJ NOVA ASSUNCAO),7pkd
RUA  13 (CJ POLAR),7pkd
RUA  13 (CJ SITIO DO CORREGO),7pkd
RUA  13 (CJ TERRA NOVA),7pkd
RUA  13 (CONJ. ALTO ALEGRE),7pkd
RUA  13 (CONJ. HAB. RESID. MARTIM SOARES MORENO),7pkd
RUA  13 (CONJ. RESID. ITAPERY),7pkd
RUA  13 (CONJ. RESID. PREF. JOSÉ WALTER),7pkd
RUA  13 (JANGURUSSU),7pkd
RUA  13 (LOT LAGO DOURADO),7pkd
RUA  13 (MONDUBIM),7pkd
RUA  13 (PASSARÉ),7pkd
RUA  13 (PRAIA DO FUTURO II),7pkd
RUA  13 C (CID JD GLEBA C),7pkd
RUA  13 DE ROCKDALE,7pkd
RUA  13 DO CONJUNTO ARVOREDO,7pkd
RUA  13 DO LOTEAMENTO CIDADE LESTE,7pkd
RUA  13 DO LOTEAMENTO GLEBA 4S,7pkd
RUA  13 DO LOTEAMENTO NOVA FORTALEZA,7pkd
RUA  13 DO LOTEAMENTO VILAGE COLOSSO,7pkd
RUA  13 LOT.ALTO DA BOA VISTA,7pkd
RUA  13 PEDESTRE (PQ STA MARIA),7pkd
RUA  130 (CARLITO PAMPLONA),7pkd
RUA  130 DO LOTEAMENTO CONJUNTO TUPAN MIRIM,7pkd
RUA  131 (CONJ. CEARÁ II),7pkd
RUA  132 DO LOTEAMENTO CONJUNTO TUPAN MIRIM,7pkd
RUA  133 (CONJ. CEARÁ II),7pkd
RUA  134 DO LOTEAMENTO CONJUNTO TUPAN MIRIM,7pkd
RUA  135 (CONJ. CEARÁ II),7pkd
RUA  136 DO LOTEAMENTO CONJUNTO TUPAN MIRIM,7pkd
RUA  137 (CONJ. CEARÁ II),7pkd
RUA  139 (CONJ. CEARÁ II),7pkd
RUA  13H (LOT CIDADE JARDIM FORTALEZA),7pkd
RUA  14 (CJ GLEBA 5S),7pkd
RUA  14 (CJ TERRA NOVA),7pkd
RUA  14 (CONJ. HAB. RESID. MARTIM SOARES MORENO),7pkd
RUA  14 (CONJ. NOVA ASSUNÇÃO),7pkd
RUA  14 (CONJ. PEQ. MODUBIM),7pkd
RUA  14 (CONJ. RESID. PEQUENO MONDUBIM),7pkd
RUA  14 (CONJ. SÍTIO CÓRREGO),7pkd
RUA  14 (JANGURUSSU),7pkd
RUA  14 (LOT ALTO DA BOA VISTA),7pkd
RUA  14 (LOT ARVOREDO),7pkd
RUA  14 (LOT LAGO DOURADO),7pkd
RUA  14 (MUTIRAO NOVA UNIAO),7pkd
RUA  14 (PASSARÉ),7pkd
RUA  14 C (CID JD GLEBA C),7pkd
RUA  14 CJ NOVA ASSUNCAO,7pkd
RUA  14 DE MAIO,7pkd
RUA  14 DO CONJUNTO JOÃO PAULO II,7pkd
RUA  14 DO CONJUNTO RESIDENCIAL ALDEMIR MARTINS,7pkd
RUA  14 DO LOTEAMENTO CIDADE LESTE,7pkd
RUA  14 DO LOTEAMENTO GLEBA 4S,7pkd
RUA  14 DO LOTEAMENTO VILLAGE COLOSSO,7pkd
RUA  140 (CARLITO PAMPLONA),7pkd
RUA  141 (CONJ. CEARÁ II),7pkd
RUA  143 (CONJ. CEARÁ II),7pkd
RUA  145 (CONJ. CEARÁ II),7pkd
RUA  147 (CONJ. CEARÁ II),7pkd
RUA  149 (CONJ. CEARÁ II),7pkd
RUA  14H (LOT CIDADE JARDIM FORTALEZA),7pkd
RUA  15 (CANINDEZINHO),7pkd3
RUA  15 (CJ GLEBA 5S),7pkd
RUA  15 (CONJ. ARVOREDO),7pkd
RUA  15 (CONJ. HAB. RESID. MARTIM SOARES MORENO),7pkd
RUA  15 (CONJ. NOVA ASSUNÇÃO),7pkd
RUA  15 (CONJ. RESID. PREF. JOSÉ WALTER),7pkd
RUA  15 (JANGURUSSU),7pkd
RUA  15 (LOT ALTO DA BOA VISTA),7pkd
RUA  15 (MONDUBIM),7pkd
RUA  15 (PLANALTO ITAPERY),7pkd
RUA  15 C (CID JD GLEBA C),7pkd
RUA  15 DE ABRIL,7pkd
RUA  15 DE AGOSTO D 04,7pkd
RUA  15 DE NOVEMBRO,7pkdd
RUA  15 DO CONJUNTO JARDIM GLÓRIA,7pkd
RUA  15 DO CONJUNTO JOÃO PAULO II,7pkd
RUA  15 DO CONJUNTO RESIDENCIAL ALDEMIR MARTINS,7pkd
RUA  15 DO LOTEAMENTO GLEBA 4S,7pkd
RUA  15 PLANALTO ITAPERI,7pkd
RUA  150 (CARLITO PAMPLONA),7pkd
RUA  151 (CONJ. CEARÁ II),7pkd
RUA  16 (CJ GLEBA 4S),7pkd
RUA  16 (CJ GLEBA 5S),7pkd
RUA  16 (CJ PLANALTO BARRA),7pkd
RUA  16 (CONJ. NOVA ASSUNÇÃO),7pkd
RUA  16 (CONJ. RESID. PEQUENO MODUBIM),7pkd
RUA  16 (CONJ. RESID. PREF. JOSÉ WALTER),7pkd
RUA  16 (MONDUBIM),7pkd
RUA  16 C (CID JD GLEBA C),7pkd
RUA  16 DE JULHO,7pkd
RUA  16 DE JUNHO,7pkd3
RUA  16 DE NOVEMBRO,7pkd
RUA  16 DO CONJUNTO ARVOREDO,7pkd
RUA  16 DO CONJUNTO JOÃO PAULO II,7pkd
RUA  16 DO CONJUNTO RESIDENCIAL ALDEMIR MARTINS,7pkd
RUA  16 DO LOTEAMENTO CIDADE LESTE,7pkd
RUA  16 DO LOTEAMENTO VILAGE COLOSSO,7pkd
RUA  160 (CARLITO PAMPLONA),7pkd
RUA  17 (BEIRA RIO),7pkd
RUA  17 (CJ DOS BANCARIOS),7pkd
RUA  17 (CJ NOVA ASSUNCAO),7pkd
RUA  17 (CJ POLAR),7pkd
RUA  17 (CONJ. ALTO ALEGRE),7pkd
RUA  17 (CONJ. RESID. PREF. JOSÉ WALTER),7pkd
RUA  17 (JANGURUSSU),7pkd
RUA  17 (LOT ARVOREDO),7pkd
RUA  17 (MANUEL DIAS BRANCO),7pkd
RUA  17 C (CID JD GLEBA C),7pkd
RUA  17 DE DEZEMBRO,7pkd
RUA  17 DE JUNHO,7pkd
RUA  17 DO LOTEAMENTO VILAGE COLOSSO,7pkd
RUA  17 JOAO PAULO II,7pkd
RUA  170 (CARLITO PAMPLONA),7pkd
RUA  18 (CJ PEQUENO MONDUBIM),7pkd
RUA  18 (CJ PLANALTO BARRA),7pkd
RUA  18 (CONJ. NOVA ASSUNÇÃO),7pkd
RUA  18 (CONJ. PREF. JOSÉ WALTER),7pkd
RUA  18 (LOTEAMENTO PARQUE SANTANA),7pkd
RUA  18 (MANUEL DIAS BRANCO),7pkd
RUA  18 DO CONJUNTO HABITACIONAL SÍTIO SÃO JOÃO,7pkd
RUA  18 DO CONJUNTO JOÃO PAULO II,7pkd
RUA  18 DO LOTEAMENTO VILAGE COLOSSO,7pkd
RUA  180 (CARLITO PAMPLONA),7pkd
RUA  19 (CID JARD. FORT. GLEBA A),7pkd
RUA  19 (CJ MARIA TOMASIA),7pkd
RUA  19 (CONJ. ALTO ALEGRE),7pkd
RUA  19 (CONJ. NOVA ASSUNÇÃO),7pkd
RUA  19 (CONJ. RESID. PREF. JOSÉ WALTER),7pkd
RUA  19 (LOT. ALTO DA ALDEOTA),7pkd
RUA  19 DE ABRIL,7pkd
RUA  19 DE ABRIL (MUT STO ANT FLORE),7pkd
RUA  19 DE AGOSTO,7pkd
RUA  19 DE JANEIRO,7pkd
RUA  19 DE MARÇO,7pkd
RUA  19 DE NOVEMBRO (BELA VISTA),7pkdd
RUA  19 DO CONJUNTO HABITACIONAL SÍTIO SÃO JOÃO,7pkd
RUA  19 DO CONJUNTO JOÃO PAULO II,7pkd
RUA  19 PQ SANTANA III,7pkd
RUA  19 SÍTIO COLOSSO,7pkd
RUA  190 (CARLITO PAMPLONA),7pkd
RUA  1A (CJ GLEBA 5S),7pkd
RUA  1º DE ABRIL,7pk 7pkd
RUA  1º DE JULHO,7pkdd
RUA  1º DE MARÇO,7pk
RUA  2 (AEROLÂNDIA),7pkd
RUA  2 (ANTONIO BEZERRA),7pkd
RUA  2 (BARRA DO CEARÁ),7pkd
RUA  2 (BOA VISTA/CASTELÃO),7pkd
RUA  2 (CJ GLEBA 5S),7pkd
RUA  2 (CJ RES ABELARDO ROCHA),7pkd
RUA  2 (CJ RES PARAISO DE MESSEJANA,7pkd
RUA  2 (CJ SEIXAS NOGUEIRA),7pkd
RUA  2 (CJ SIQUEIRA),7pkd3
RUA  2 (CJ SITIO DO CORREGO),7pkd
RUA  2 (CJ SONHO MEU),7pkdd
RUA  2 (CJ SUMARE II),7pkd
RUA  2 (CONJ. ALTO ALEGRE),7pkd
RUA  2 (CONJ. ARVOREDO),7pkd
RUA  2 (CONJ. HAB. RESID. MARTIM SOARES MORENO),7pkd
RUA  2 (CONJ. HERMES PEREIRA),7pkd
RUA  2 (CONJ. JARDIM CASTELÃO),7pkd
RUA  2 (CONJ. RESID. ELDORADO I),7pkd
RUA  2 (CONJ. RESID. ITAPERY),7pkd
RUA  2 (CONJ. RESID. PANAMERICANO),7pkdd
RUA  2 (CONJ. RESID. PEQUENO MONDUBIM),7pkd
RUA  2 (CONJ. RESID.CURIÓ),7pkd
RUA  2 (CONJ. VENEZA TROPICAL),7pkd
RUA  2 (CONJUNTO ESPERANÇA),7pkd3
RUA  2 (LOT LAGO DOURADO),7pkd
RUA  2 (LOT. CIDADE LESTE ),7pkd
RUA  2 (LOT. MESSEJANA),7pkd
RUA  2 (LOT. NOVA FORTALEZA,7pkd
RUA  2 (LOT. SINCOL),7pkd
RUA  2 (MUTIRAO APOLO 11),7pkd3
RUA  2 (PICI),7pkdd
RUA  2 (POLAR),7pkd
RUA  2 (RESID. BOA VISTA),7pkd
RUA  2 (SIQUEIRA),7pkd
RUA  2 CJ ARATANHA,7pkd
RUA  2 DE ABRIL,7pkd
RUA  2 DE ABRIL (PAUPINA),7pkd
RUA  2 DE OUTUBRO,7pkdd
RUA  2 DO CONJUNTO JARDIM GLÓRIA,7pkd
RUA  2 DO CONJUNTO MIRASSOL,7pkd
RUA  2 DO CONJUNTO RESIDENCIAL NOVA ASSUNÇÃO,7pkd
RUA  2 DO CONJUNTO RESIDENCIAL PASSARÉ,7pkd
RUA  2 DO CONJUNTO TASSO JEREISSATI,7pkd
RUA  2 DO CONJUNTO TUPINAMBÁ DA FROTA,7pkd
RUA  2 DO LOTEAMENTO GLEBA 4S,7pkd
RUA  2 DO RESIDENCIAL CAMPO DOS INGLESES,7pkd
RUA  2 LOTEAMENTO SANTA TEREZINHA,7pkd3
RUA  2 PIRAMBU,7pkd
RUA  20 (CJ GLEBA 5S),7pkd
RUA  20 (CJ NOVA ASSUNCAO),7pkd
RUA  20 (CONJ. PLANALTO DA BARRA),7pkd
RUA  20 (CONJ. PREF. JOSÉ WALTER),7pkd
RUA  20 (CONJ. RESID. PEQUENO MONDUBIM),7pkd
RUA  20 (MONDUBIM),7pkd
RUA  20 DE ABRIL,7pk
RUA  20 DO CONJUNTO JOÃO PAULO II,7pkd
RUA  20 SÍTIO COLOSSO,7pkd
RUA  200 (CARLITO PAMPLONA),7pkd
RUA  202 (CONJ. CEARÁ I),7pkd
RUA  202 A (CONJ. CEARÁ I),7pkd
RUA  202 B (CONJ. CEARÁ I),7pkd
RUA  202 C (CONJ. CEARÁ I),7pkd
RUA  202 D (CONJ. CEARÁ I),7pkd
RUA  202 DO CONJUNTO HABITACIONAL SÃO CRISTOVÃO,7pkd
RUA  204 (CONJ. CEARÁ I),7pkd
RUA  204 DO CONJUNTO HABITACIONAL SÃO CRISTOVÃO,7pkd
RUA  206 (CONJ. CEARÁ I),7pkd
RUA  206 DO CONJUNTO HABITACIONAL SÃO CRISTOVÃO,7pkd
RUA  208 (CONJ. CEARÁ I),7pkd
RUA  208 DO CONJUNTO HABITACIONAL SÃO CRISTOVÃO,7pkd
RUA  21 (CONJ. RESID. PREF. JOSÉ WALTER),7pkd
RUA  21 DE JULHO (PREFEITO JOSÉ VALTER),7pkd
RUA  21 DE NOVEMBRO,7pkd
RUA  21 DO CONJUNTO JOÃO PAULO II,7pkd
RUA  21 DO SÍTIO COLOSSO,7pkd
RUA  210 (CARLITO PAMPLONA),7pkd
RUA  210 (CONJ. CEARÁ I),7pkd
RUA  210 DO CONJUNTO HABITACIONAL SÃO CRISTOVÃO,7pkd
RUA  212 (CONJ. CEARÁ I),7pkd
RUA  212 (CONJ. SÃO CRISTÓVÃO),7pkd
RUA  214 (CONJ. CEARÁ I),7pkd
RUA  214 DO CONJUNTO HABITACIONAL SÃO CRISTOVÃO,7pkd
RUA  216 (CONJ. CEARÁ I),7pkd
RUA  216 DO CONJUNTO HABITACIONAL SÃO CRISTOVÃO,7pkd
RUA  218 (CONJ. CEARÁ I),7pkd
RUA  218 A (CONJ. CEARÁ I),7pkd
RUA  218 B (CONJ. CEARÁ I),7pkd
RUA  218 C (CONJ. CEARÁ I),7pkd
RUA  22 (CJ BEIRA RIO),7pkd
RUA  22 (CONJ. RESID. PREF. JOSÉ WALTER),7pkd
RUA  22 DE ABRIL,7pkd
RUA  22 DE AGOSTO,7pkd
RUA  22 DE JULHO,7pkd
RUA  22 DO CONJUNTO JOÃO PAULO II,7pkd
RUA  22 DO CONJUNTO MARIA TOMÁSIA,7pkd
RUA  22 DO SÍTIO COLOSSO,7pkd
RUA  220 (CONJ. CEARÁ I),7pkd
RUA  222 (CONJ. CEARÁ I),7pkd
RUA  224 (CONJ. CEARÁ I),7pkd
RUA  226 (CONJ. CEARÁ I),7pkd
RUA  228 (CONJ. CEARÁ I),7pkd
RUA  23 (BEIRA RIO),7pkd
RUA  23 (CJ DOS BANCARIOS),7pkd
RUA  23 (CJ JOSE WALTER),7pkd
RUA  23 (CJ NOVA ASSUNCAO),7pkd
RUA  23 (CJ POLAR),7pkd
RUA  23 (LOT. CIDADE LESTE),7pkd
RUA  23 DE JUNHO (PASSARÉ),7pkd
RUA  23 DE OUTUBRO,7pkd
RUA  23 DO CONJUNTO JOÃO PAULO II,7pkd
RUA  230 (CONJ. CEARÁ I),7pkd
RUA  232 (CONJ. CEARÁ I),7pkd
RUA  234 (CONJ. CEARÁ I),7pkd
RUA  236 DO CONJUNTO CEARÁ I,7pkd
RUA  24 (CJ BEIRA RIO),7pkd
RUA  24 (CONJ. RESID. PREF. JOSÉ WALTER),7pkd
RUA  24 DE MAIO,7pkd
RUA  24 DE NOVEMBRO,7pkd
RUA  24 DE OUTUBRO,7pkd
RUA  24 DO CONJUNTO JOÃO PAULO II,7pkd
RUA  24 DO SÍTIO COLOSSO,7pkd
RUA  25 (CJ JOSE WALTER),7pkd
RUA  25 (CONJ. NOVA ASSUNÇÃO),7pkd
RUA  25 (SIQUEIRA),7pkd3
RUA  25 (SÍTIO COLOSSO),7pkd
RUA  25 DE ABRIL (PARQUE DOIS IRMÃOS),7pkd
RUA  25 DE ABRIL (VICENTE PINZON),7pkd
RUA  25 DE JANEIRO,7pkd
RUA  25 DE MAIO,7pkd
RUA  25 DE MARÇO,7pkd
RUA  26 (CONJ. RESID. PREF. JOSÉ WALTER),7pkd
RUA  26 (SÍTIO COLOSSO),7pkd
RUA  26 DO CONJUNTO BEIRA RIO,7pkd
RUA  26 DO CONJUNTO DOS BANCÁRIOS,7pkd
RUA  26 DO CONJUNTO MARIA TOMÁSIA,7pkd
RUA  27 (CJ BEIRA RIO),7pkd
RUA  27 (CJ DOS BANCARIOS),7pkd
RUA  27 (CJ NOVA ASSUNCAO),7pkd
RUA  27 (CJ POLAR),7pkd
RUA  27 (CONJ. RESID. PREF. JOSÉ WALTER),7pkd
RUA  27 DE JULHO (PLAN AIRTON SENA),7pkd
RUA  27 DE SETEMBRO (MONDUBIM),7pkd
RUA  27 DE SETEMBRO (PASSARÉ),7pkd
RUA  28 (CONJ. DOS BANCÁRIOS),7pkd
RUA  28 (CONJ. RESID. PREF. JOSÉ WALTER),7pkd
RUA  28 DO CONJUNTO HABITACIONAL SÍTIO SÃO JOÃO,7pkd
RUA  28 DO CONJUNTO MARIA TOMÁSIA,7pkd
RUA  29 (CJ BEIRA RIO),7pkd
RUA  29 (CONJ. RESID. PREF. JOSÉ WALTER),7pkd
RUA  29 DE MAIO,7pkdd
RUA  29 DE NOVEMBRO,7pkd
RUA  3 (AEROLÂNDIA),7pkd
RUA  3 (BARRA DO CEARÁ),7pkd
RUA  3 (BOA VISTA/CASTELÃO),7pkd
RUA  3 (CJ RES ABELARDO ROCHA),7pkd
RUA  3 (CJ SIQUEIRA),7pkd3
RUA  3 (CJ SITIO DO CORREGO),7pkd
RUA  3 (CJ SONHO MEU),7pkd
RUA  3 (CJ SUMARE II),7pkd
RUA  3 (CONJ. ALTO ALEGRE),7pkd
RUA  3 (CONJ. ARVOREDO),7pkd
RUA  3 (CONJ. CAMPO DOS INGLESES),7pkd
RUA  3 (CONJ. HERMES PEREIRA),7pkd
RUA  3 (CONJ. JARDIM CASTELÃO),7pkd
RUA  3 (CONJ. RESID. ELDORADO I),7pkd
RUA  3 (CONJ. RESID. ITAPERY),7pkd
RUA  3 (CONJ. RESID. PEQUENO MONDUBIM),7pkd
RUA  3 (CONJ. RESID. PREF. JOSÉ WALTER),7pkd
RUA  3 (CONJ. RESID.CURIÓ),7pkd
RUA  3 (CONJ. SÍTIO ARATANHA),7pkd
RUA  3 (CONJ. VENEZA TROPICAL),7pkd
RUA  3 (CONJUNTO ESPERANÇA),7pkd3
RUA  3 (LOT PARQUE BOATAN),7pkd
RUA  3 (LOT RESIDENCIAL PALMEIRAS),7pkd
RUA  3 (LOT VILLAGE COLOSSO),7pkd
RUA  3 (LOT. CIDADE LESTE,7pkd
RUA  3 (LOT. NOVA FORTALEZA),7pkd
RUA  3 (LOT. SINCOL),7pkd
RUA  3 (MUTIRAO RENASCER III),7pkd
RUA  3 (POLAR),7pkd
RUA  3 (RESID.BOA VISTA),7pkd
RUA  3 (SIQUEIRA),7pkd
RUA  3 DE JUNHO,7pkd
RUA  3 DO CONJUNTO RESIDENCIAL NOVA ASSUNÇÃO,7pkd
RUA  3 DO CONJUNTO RESIDENCIAL PASSARÉ,7pkd
RUA  3 DO CONJUNTO TASSO JEREISSATI,7pkd
RUA  3 DO CONJUNTO TUPINAMBÁ DA FROTA,7pkd
RUA  3 DO LOTEAMENTO RESIDENCIAL ANTONIO CORREIA,7pkd
RUA  3 DO LOTEAMENTO RESIDENCIAL NAPOLEÃO VIANA,7pkd
RUA  3 DO LOTEAMENTO SANTIAGO DE COMPOSTELA,7pkd
RUA  3 PIRAMBU,7pkd
RUA  3 RES ESTRELA DA MANHA,7pkd
RUA  30 (CONJ. PREF. JOSÉ WALTER),7pkd
RUA  30 DE ABRIL,7pkdd
RUA  30 DE DEZEMBRO,7pkd
RUA  30 DE JUNHO,7pkd
RUA  30 DE MAIO,7pkd
RUA  30 DE MARÇO,7pkd
RUA  30 DE OUTUBRO,7pkdd
RUA  30 DO CONJUNTO JOÃO PAULO II,7pkd
RUA  30 DO CONJUNTO MARIA TOMÁSIA,7pkd
RUA  301 (CONJ. CEARÁ II),7pkd
RUA  301 DO CONJUNTO HABITACIONAL SÃO CRISTOVÃO,7pkd
RUA  301-A (CONJ. CEARÁ II),7pkd
RUA  301-B (CONJ. CEARÁ II),7pkd
RUA  303 (CONJ. CEARÁ II),7pkd
RUA  303 DO CONJUNTO HABITACIONAL SÃO CRISTOVÃO,7pkd
RUA  303-A (CONJ. CEARÁ II),7pkd
RUA  303-B (CONJ. CEARÁ II),7pkd
RUA  303-C (CONJ. CEARÁ II),7pkd
RUA  303-D (CONJ. CEARÁ II),7pkd
RUA  305 (CONJ. CEARÁ II),7pkd
RUA  305 DO CONJUNTO HABITACIONAL SÃO CRISTOVÃO,7pkd
RUA  307 (CONJ. CEARÁ II),7pkd
RUA  307 DO CONJUNTO HABITACIONAL SÃO CRISTOVÃO,7pkd
RUA  309 (CONJ. CEARÁ II),7pkd
RUA  309 DO CONJUNTO HABITACIONAL SÃO CRISTOVÃO,7pkd
RUA  31 (CJ BEIRA RIO),7pkd
RUA  31 (CJ DOS BANCARIOS),7pkd
RUA  31 (CJ POLAR),7pkd
RUA  31 (CONJ. NOVA ASSUNÇÃO),7pkd
RUA  31 (CONJ. PREF. JOSÉ WALTER),7pkd
RUA  31 DE ABRIL,7pkd
RUA  31 DE DEZEMBRO,7pkd
RUA  31 DE DEZEMBRO (BARRA DO CEARA),7pkd
RUA  31 DE JANEIRO,7pkd
RUA  31 DO CONJUNTO MARIA TOMÁSIA,7pkd
RUA  311 (CONJ. CEARÁ II),7pkd
RUA  311 DO CONJUNTO HABITACIONAL SÃO CRISTOVÃO,7pkd
RUA  313 (CONJ. CEARÁ II),7pkd
RUA  313 DO CONJUNTO HABITACIONAL SÃO CRISTOVÃO,7pkd
RUA  314 (CONJ. SÃO CRISTÓVÃO),7pkd
RUA  315 (CONJ. CEARÁ II),7pkd
RUA  315 DO CONJUNTO HABITACIONAL SÃO CRISTOVÃO,7pkd
RUA  317 (CONJ. CEARÁ II),7pkd
RUA  317 DO CONJUNTO HABITACIONAL SÃO CRISTOVÃO,7pkd
RUA  319 (CONJ. CEARÁ II),7pkd
RUA  319 DO CONJUNTO HABITACIONAL SÃO CRISTOVÃO,7pkd
RUA  32 (CJ JOSE WALTER),7pkd
RUA  321 (CONJ. CEARÁ II),7pkd
RUA  321 DO CONJUNTO HABITACIONAL SÃO CRISTOVÃO,7pkd
RUA  323 (CONJ. CEARÁ II),7pkd
RUA  323 DO CONJUNTO HABITACIONAL SÃO CRISTOVÃO,7pkd
RUA  325 (CONJ. CEARÁ II),7pkd
RUA  327 (CONJ. CEARÁ II),7pkd
RUA  329 (CONJ. CEARÁ II),7pkd
RUA  33 (CJ BEIRA RIO),7pkd
RUA  33 (CJ DOS BANCARIOS),7pkd
RUA  33 (CJ POLAR),7pkd
RUA  33 (CONJ. NOVA ASSUNÇÃO),7pkd
RUA  33 (CONJ. PREF. JOSÉ WALTER),7pkd
RUA  331 (CONJ. CEARÁ II),7pkd
RUA  333 (CONJ. CEARÁ II),7pkd
RUA  335 (CONJ. CEARÁ II),7pkd
RUA  337 (CONJ. CEARÁ II),7pkd
RUA  339 (CONJ. CEARÁ II),7pkd
RUA  34 (CONJ. PREF. JOSÉ WALTER),7pkd
RUA  341 (CONJ. CEARÁ II),7pkd
RUA  343 (CONJ. CEARÁ II),7pkd
RUA  343 A (CJ CEARA),7pkd
RUA  345 (ANCURI),7pkd
RUA  345 (CONJ. CEARÁ II),7pkd
RUA  345 (VILA VELHA),7pkd
RUA  345 A (CJ CEARA),7pkd
RUA  35 (CJ CIDADE NOVA ASSUNÇÃO),7pkd
RUA  35 (CJ DOS BANCARIOS),7pkd
RUA  35 (CJ NOVA ASSUNCAO),7pkd
RUA  35 (CJ POLAR),7pkd
RUA  35 (CONJ. PREF. JOSÉ WALTER),7pkd
RUA  36 (CONJ. PREF. JOSÉ WALTER),7pkd
RUA  36 DO CONJUNTO HABITACIONAL SÍTIO SÃO JOÃO,7pkd
RUA  37 (CJ DOS BANCARIOS),7pkd
RUA  37 (CJ NOVA ASSUNCAO),7pkd
RUA  37 (CJ POLAR),7pkd
RUA  37 (CONJ. PREF. JOSÉ WALTER),7pkd
RUA  37 (DOM LUSTOSA),7pkd
RUA  38 (CONJ. PREF. JOSÉ WALTER),7pkd
RUA  39 (CJ NOVA ASSUNCAO),7pkd
RUA  39 (CONJ. DOS BANCÁRIOS),7pkd
RUA  39 (CONJ. PREF. JOSÉ WALTER),7pkd
RUA  39 DO CONJUNTO MARIA TOMÁSIA,7pkd
RUA  4 (AEROLÂNDIA),7pkd
RUA  4 (BARRA DO CEARÁ),7pkd
RUA  4 (CJ GLEBA 4S / 5S),7pkd
RUA  4 (CJ PLANALTO MIRASSOL),7pkd
RUA  4 (CJ RES ABELARDO ROCHA),7pkd
RUA  4 (CJ RES AGUA MARINHA),7pkd
RUA  4 (CJ SEIXAS NOGUEIRA),7pkd
RUA  4 (CJ SONHO MEU),7pkdd
RUA  4 (CJ SUMARE II),7pkd
RUA  4 (CONJ. ALTO ALEGRE),7pkd
RUA  4 (CONJ. ARVOREDO),7pkd
RUA  4 (CONJ. CAMPO DOS INGLESES),7pkd
RUA  4 (CONJ. HAB. RESID. MARTIM SOARES MORENO),7pkd
RUA  4 (CONJ. HERMES PEREIRA),7pkd
RUA  4 (CONJ. JARDIM CASTELÃO),7pkd
RUA  4 (CONJ. RESID. ITAPERY),7pkd
RUA  4 (CONJ. RESID. PANAMERICANO),7pkdd
RUA  4 (CONJ. RESID. PEQUENO MONDUBIM),7pkd
RUA  4 (CONJ. RESID. PREF. JOSÉ WALTER),7pkd
RUA  4 (CONJ. RESID.CURIÓ),7pkd
RUA  4 (CONJ. SÍTIO CÓRREGO),7pkd
RUA  4 (CONJ. VENEZA TROPICAL),7pkd
RUA  4 (CONJUNTO ESPERANÇA),7pkd3
RUA  4 (LOT LAGO DOURADO),7pkd
RUA  4 (LOT. PARAÍSO DE MESSEJANA),7pkd
RUA  4 (LOT. PARQUE SANTANA),7pkd
RUA  4 (LOTEAMENTO NOVA FORTALEZA),7pkd
RUA  4 (Lot Parque Boatan),7pkd
RUA  4 (PARQUE SÃO JOÃO),7pk
RUA  4 (SIQUEIRA),7pkd
RUA  4 CJ PEQUENO MONDUBIM,7pkd
RUA  4 DE DEZEMBRO PLANALTO PICI,7pkdd
RUA  4 DE JANEIRO,7pkd
RUA  4 DE JULHO (JANGURUSSU),7pkd
RUA  4 DE JULHO (MONDUBIM),7pkd
RUA  4 DE MAIO,7pkd
RUA  4 DE MARCO,7pkd
RUA  4 DE OUTUBRO,7pkd
RUA  4 DO CONJUNTO JOÃO PAULO II,7pkd
RUA  4 DO CONJUNTO RESIDENCIAL NOVA ASSUNÇÃO,7pkd
RUA  4 DO CONJUNTO RESIDENCIAL PASSARÉ,7pkd
RUA  4 DO CONJUNTO TASSO JEREISSATI,7pkd
RUA  4 DO CONJUNTO TUPINAMBÁ DA FROTA,7pkd
RUA  4 DO LOTEAMENTO JARDINS DE MESSEJANA,7pkd
RUA  4 DO LOTEAMENTO RESIDENCIAL ANTONIO CORREIA,7pkd
RUA  4 DO LOTEAMENTO SANTIAGO DE COMPOSTELA,7pkd
RUA  4 JD OESTE,7pkd
RUA  4 PIRAMBU,7pkd
RUA  40 (CONJ. PREF. JOSÉ WALTER),7pkd
RUA  402 (CONJ. CEARÁ I),7pkd
RUA  402 DO CONJUNTO HABITACIONAL SÃO CRISTOVÃO,7pkd
RUA  404 (CONJ. CEARÁ I),7pkd
RUA  404 DO CONJUNTO HABITACIONAL SÃO CRISTOVÃO,7pkd
RUA  406 (CONJ. CEARÁ I),7pkd
RUA  406 DO CONJUNTO HABITACIONAL SÃO CRISTOVÃO,7pkd
RUA  408 (CONJ. CEARÁ I),7pkd
RUA  408 DO CONJUNTO HABITACIONAL SÃO CRISTOVÃO,7pkd
RUA  41 (CJ NOVA ASSUNCAO),7pkd
RUA  41 (CONJ. PLANALTO DA BARRA),7pkd
RUA  41 (CONJ. POLAR/CONJ. PLANALTO DA BARRA/CONJ. DOS BANCÁRIOS),7pkd
RUA  41 (CONJ. RESID. PREF. JOSÉ WALTER),7pkd
RUA  41 (JANGURUSSU),7pkd
RUA  41 (POLAR),7pkd
RUA  410 (CONJ. CEARÁ I),7pkd
RUA  412 (CONJ. CEARÁ I),7pkd
RUA  412 DO CONJUNTO HABITACIONAL SÃO CRISTOVÃO,7pkd
RUA  414 (CONJ. CEARÁ I),7pkd
RUA  414 DO CONJUNTO HABITACIONAL SÃO CRISTOVÃO,7pkd
RUA  416 (CONJ. CEARÁ I),7pkd
RUA  416 DO CONJUNTO HABITACIONAL SÃO CRISTOVÃO,7pkd
RUA  418 (CONJ. CEARÁ I),7pkd
RUA  418 DO CONJUNTO HABITACIONAL SÃO CRISTOVÃO,7pkd
RUA  42 (CONJ. PREF. JOSÉ WALTER),7pkd
RUA  420 (CONJ. CEARÁ I),7pkd
RUA  420 DO CONJUNTO HABITACIONAL SÃO CRISTOVÃO,7pkd
RUA  422 (CONJ. CEARÁ I),7pkd
RUA  422 DO CONJUNTO HABITACIONAL SÃO CRISTOVÃO,7pkd
RUA  424,7pkd
RUA  424 (CONJ. CEARÁ I),7pkd
RUA  424 DO CONJUNTO HABITACIONAL SÃO CRISTOVÃO,7pkd
RUA  426 (CONJ. CEARÁ I),7pkd
RUA  426 DO CONJUNTO HABITACIONAL SÃO CRISTOVÃO,7pkd
RUA  428 (CONJ. CEARÁ I),7pkd
RUA  43 (CJ NOVA ASSUNCAO),7pkd
RUA  43 (CONJ. DOS BANCÁRIOS/CONJ. PLANALTO DA BARRA),7pkd
RUA  43 (CONJ. PLANALTO DA BARRA),7pkd
RUA  43 (CONJ.RESID. PREF. JOSÉ WALTER),7pkd
RUA  43 (JANGURUSSU),7pkd
RUA  430 (CONJ. CEARÁ I),7pkd
RUA  432 (CONJ. CEARÁ I),7pkd
RUA  434 (CONJ. CEARÁ I),7pkd
RUA  436 (CONJ. CEARÁ I),7pkd
RUA  438 (CONJ. CEARÁ I),7pkd
RUA  44 (CONJ. PREF. JOSÉ WALTER),7pkd
RUA  440 (CONJ. CEARÁ I),7pkd
RUA  442 (CONJ. CEARÁ I),7pkd
RUA  444 (CONJ. CEARÁ I),7pkd
RUA  446 (CONJ. CEARÁ I),7pkd
RUA  448 (CJ CEARA),7pkd
RUA  448 A (CONJ. CEARÁ I),7pkd
RUA  448 B (CONJ. CEARÁ I),7pkd
RUA  448 C (CONJ. CEARÁ I),7pkd
RUA  448 D (CONJ. CEARÁ I),7pkd
RUA  448 E (CONJ. CEARÁ I),7pkd
RUA  448 F (CONJ. CEARÁ I),7pkd
RUA  45 (CJ PLANALTO BARRA),7pkd
RUA  45 (CONJ. DOS BANCÁRIOS/CONJ. PLANALTO DA BARRA),7pkd
RUA  45 (CONJ. RESID. PREF. JOSÉ WALTER),7pkd
RUA  46 (CONJ. PREF. JOSÉ WALTER),7pkd
RUA  47 (CONJ. DOS BANCÁRIOS),7pkd
RUA  47 (CONJ. RESID. PREF. JOSÉ WALTER),7pkd
RUA  48 (CONJ. PREF. JOSÉ WALTER),7pkd
RUA  4878 NAO ABERTA,7pkd
RUA  49 (CONJ. DOS BANCÁRIOS),7pkd
RUA  49 (CONJ. PREF. JOSÉ WALTER),7pkd
RUA  4A,7pkd
RUA  5 (AEROLÂNDIA),7pkd
RUA  5 (BARRA DO CEARÁ),7pkd
RUA  5 (BARROSO),7pkd
RUA  5 (BOA VISTA/CASTELÃO),7pkd
RUA  5 (CJ PLANALTO MIRASSOL),7pkd
RUA  5 (CJ RES ABELARDO ROCHA),7pkd
RUA  5 (CONJ. ALTO ALEGRE),7pkd
RUA  5 (CONJ. CAMPO DOS INGLESES),7pkd
RUA  5 (CONJ. HAB. RESID. MARTIM SOARES MORENO),7pkd
RUA  5 (CONJ. HERMES PEREIRA),7pkd
RUA  5 (CONJ. JARDIM CASTELÃO),7pkd
RUA  5 (CONJ. RESID. PANAMERICANO),7pkdd
RUA  5 (CONJ. RESID. PEQUENO MONDUBIM),7pkd
RUA  5 (CONJ. RESID. PREF. JOSÉ WALTER),7pkd
RUA  5 (CONJ. RESID.CURIÓ),7pkd
RUA  5 (CONJ. SÍTIO CÓRREGO),7pkd
RUA  5 (CONJ. VENEZA TROPICAL),7pkd
RUA  5 (CONJUNTO ESPERANÇA),7pkd3
RUA  5 (LOT ARVOREDO),7pkd
RUA  5 (LOT LAGO DOURADO),7pkd
RUA  5 (LOT PARQUE BOATAN),7pkd
RUA  5 (LOT. PARAÍSO DE MESSEJANA),7pkd
RUA  5 (LOT. SINCOL),7pkd
RUA  5 (MANUEL DIAS BRANCO),7pkd
RUA  5 (MUTIRAO RENASCER III),7pkd
RUA  5 (PASSARÉ),7pkd
RUA  5 (PLANALTO ITAPERY),7pkd
RUA  5 (POLAR),7pkd
RUA  5 (SALINAS),7pkd
RUA  5 (SIQUEIRA),7pkd
RUA  5 CJ PEQ MONDUBIM,7pkd
RUA  5 DE AGOSTO,7pkd
RUA  5 DE MAIO,7pkd
RUA  5 DO CONJUNTO JOÃO PAULO II,7pkd
RUA  5 DO CONJUNTO RESIDENCIAL NOVA ASSUNÇÃO,7pkd
RUA  5 DO CONJUNTO TASSO JEREISSATI,7pkd
RUA  5 DO CONJUNTO TUPINAMBÁ DA FROTA,7pkd
RUA  5 DO LOTEAMENTO NOVA FORTALEZA,7pkd
RUA  5 DO LOTEAMENTO SANTIAGO DE COMPOSTELA,7pkd
RUA  5 DO SÍTIO COLOSSO,7pkd
RUA  5 LOT SANTA TEREZINHA,7pkd3
RUA  5 LOT STA HELENA (PQ STA MARIA),7pkd
RUA  5 LOTEAMENTO PARQUE VAL PARAISO,7pkd
RUA  5 PIRAMBU,7pkd
RUA  50 (CONJ. PREF. JOSÉ WALTER),7pkd
RUA  501 (CONJ. CEARÁ II),7pkd
RUA  501 (CONJ. SÃO CRISTÓVÃO II),7pkd
RUA  503 (CONJ. CEARÁ II),7pkd
RUA  503 DO CONJUNTO HABITACIONAL SÃO CRISTOVÃO,7pkd
RUA  505 (CONJ. CEARÁ II),7pkd
RUA  505 DO CONJUNTO HABITACIONAL SÃO CRISTOVÃO,7pkd
RUA  507 (CONJ. CEARÁ II),7pkd
RUA  507 DO CONJUNTO HABITACIONAL SÃO CRISTOVÃO,7pkd
RUA  509 (CONJ. CEARÁ II),7pkd
RUA  509 DO CONJUNTO HABITACIONAL SÃO CRISTOVÃO,7pkd
RUA  51 (CONJ.RESID. PREF. JOSÉ WALTER),7pkd
RUA  511 (CONJ. CEARÁ II),7pkd
RUA  511 DO CONJUNTO HABITACIONAL SÃO CRISTOVÃO,7pkd
RUA  513 (CONJ. CEARÁ II),7pkd
RUA  513 DO CONJUNTO HABITACIONAL SÃO CRISTOVÃO,7pkd
RUA  5148 (SAPIRANGA / COITÉ),7pkd
RUA  515 (CONJ. CEARÁ II),7pkd
RUA  517 (CONJ. CEARÁ II),7pkd
RUA  519 (CONJ. CEARÁ II),7pkd
RUA  52 (CONJ. PREF. JOSÉ WALTER),7pkd
RUA  521 (CONJ. CEARÁ II),7pkd
RUA  523 (CONJ. CEARÁ II),7pkd
RUA  525 (CONJ. CEARÁ II),7pkd
RUA  527 (CONJ. CEARÁ II),7pkd
RUA  529 (CONJ. CEARÁ II),7pkd
RUA  5293,7pkd
RUA  53 (CONJ. PREF. JOSÉ WALTER),7pkd
RUA  531 (CJ CEARA),7pkd
RUA  533 (CONJ. CEARÁ II),7pkd
RUA  535 (CONJ. CEARÁ II),7pkd
RUA  537 (CONJ. CEARÁ II),7pkd
RUA  539 (CONJ. CEARÁ II),7pkd
RUA  54 (CONJ. PREF. JOSÉ WALTER),7pkd
RUA  541 (CONJ. CEARÁ II),7pkd
RUA  541 A (CONJ. CEARÁ II),7pkd
RUA  541 B (CONJ. CEARÁ II),7pkd
RUA  541 C (CONJ. CEARÁ II),7pkd
RUA  541 D (CONJ. CEARÁ II),7pkd
RUA  541 E (CONJ. CEARÁ II),7pkd
RUA  5496 (SABIAGUABA),7pkd
RUA  5499 (SABIAGUABA),7pkd
RUA  55 (CONJ. PREF. JOSÉ WALTER),7pkd
RUA  5503 (SABIAGUABA),7pkd
RUA  5504,7pkd
RUA  5511 (EDSON QUEIROZ),7pkd
RUA  5512 (EDSON QUEIROZ),7pkd
RUA  5513 (EDSON QUEIROZ),7pkd
RUA  56 (CONJ. PREF. JOSÉ WALTER),7pkd
RUA  5600 (SABIAGUABA),7pkd
RUA  57 (CONJ. PREF. JOSÉ WALTER),7pkd
RUA  58 (CONJ. PREF. JOSÉ WALTER),7pkd
RUA  59 (CONJ. PREF. JOSÉ WALTER),7pkd
RUA  5921,7pkd
RUA  5A,7pkd
RUA  6 (BARRA DO CEARÁ),7pkd
RUA  6 (CJ GLEBA 5S),7pkd
RUA  6 (CJ PARQUE BOATAN),7pkd
RUA  6 (CJ PLANALTO MIRASSOL),7pkd
RUA  6 (CJ RES AGUA MARINHA),7pkd
RUA  6 (CONJ. ALTO ALEGRE),7pkd
RUA  6 (CONJ. ARVOREDO),7pkd
RUA  6 (CONJ. CAMPO DOS INGLESES),7pkd
RUA  6 (CONJ. HERMES PEREIRA),7pkd
RUA  6 (CONJ. JARDIM CASTELÃO),7pkd
RUA  6 (CONJ. SÍTIO CÓRREGO),7pkd
RUA  6 (CONJ.RESID. PEQUENO MONDUBIM),7pkd
RUA  6 (CONJ.RESID. PREF. JOSÉ WALTER),7pkd
RUA  6 (CONJUNTO ESPERANÇA),7pkd3
RUA  6 (JANGURUSSU),7pkd
RUA  6 (LAGOA REDONDA),7pkd
RUA  6 (LOT LAGO DOURADO),7pkd
RUA  6 (LOT. PARAÍSO DE MESSEJANA),7pkd
RUA  6 (LOT. SANTA TEREZINHA),7pkd3
RUA  6 (LOTEAMENTO ALPHA VILLAGE),7pkd
RUA  6 (MONDUBIM),7pkd
RUA  6 (PLANALTO ITAPERY),7pkd
RUA  6 (POLAR),7pkd
RUA  6 (SIQUEIRA),7pkd
RUA  6 (VILA VELHA),7pkd
RUA  6 CJ PEQ MONDUBIM,7pkd
RUA  6 DE JANEIRO,7pkdd
RUA  6 DO CONJUNTO RESIDENCIAL NOVA ASSUNÇÃO,7pkd
RUA  6 DO CONJUNTO TASSO JEREISSATI,7pkd
RUA  6 DO CONJUNTO TUPINAMBÁ DA FROTA,7pkd
RUA  6 DO CONJUNTO VENEZA TROPICAL,7pkd
RUA  6 DO LOTEAMENTO JARDINS DE MESSEJANA,7pkd
RUA  6 DO LOTEAMENTO SANTIAGO DE COMPOSTELA,7pkd
RUA  6 DOLOTEAMENTO NOVA FORTALEZA,7pkd
RUA  6 PIRAMBU,7pkd
RUA  6 PQ SANTA MARIA,7pkd
RUA  6 UNIDADE DE VIZINHANCA,7pkd
RUA  60 (CONJ. RESID. PREF. JOSÉ WALTER),7pkd
RUA  6017,7pkd
RUA  602 (CONJ. CEARÁ I),7pkd
RUA  604 (CONJ. CEARÁ I),7pkd
RUA  606 (CONJ. CEARÁ I),7pkd
RUA  608 (CONJ. CEARÁ I),7pkd
RUA  61 (CONJ. PREF. JOSÉ WALTER),7pkd
RUA  610 (CONJ. CEARÁ I),7pkd
RUA  612 (CONJ. CEARÁ I),7pkd
RUA  614 (CONJ. CEARÁ I),7pkd
RUA  616 (CONJ. CEARÁ I),7pkd
RUA  618 (CONJ. CEARÁ I),7pkd
RUA  62 (CONJ. RESID. PREF. JOSÉ WALTER),7pkd
RUA  620 (CONJ. CEARÁ I),7pkd
RUA  622 (CONJ. CEARÁ I),7pkd
RUA  63 DO CONJUNTO PREFEITO JOSÉ WALTER,7pkd
RUA  6352 (LOT JARDIM ARREBOL),7pkd
RUA  6353 (LOT JARDIM ARREBOL),7pkd
RUA  6354 (LOT JARDIM ARREBOL),7pkd
RUA  6355 (LOT JARDIM ARREBOL),7pkd
RUA  6356 (LOT JARDIM ARREBOL),7pkd
RUA  6357 (LOT JARDIM ARREBOL),7pkd
RUA  6381 SIT TRAIRA,7pk
RUA  64 (CONJ. RESID. PREF. JOSÉ WALTER),7pkd
RUA  6482,7pkd
RUA  6483,7pkd
RUA  65 (CONJ. PREF. JOSÉ WALTER),7pkd
RUA  66 (CONJ. RESID. PREF. JOSÉ WALTER),7pkd
RUA  67 (CONJ. PREF. JOSÉ WALTER),7pkd
RUA  6764 GRANJA CIALNE,7pkd
RUA  68 (CONJ. RESID. PREF. JOSÉ WALTER),7pkd
RUA  69 (CONJ. PREF. JOSÉ WALTER),7pkd
RUA  69 (DOM LUSTOSA),7pkd
RUA  7 (BARRA DO CEARÁ),7pkd
RUA  7 (CJ GLEBA 5S),7pkd
RUA  7 (CJ PARQUE BOATAN),7pkd
RUA  7 (CJ PEQUENO MONDUBIM),7pkd
RUA  7 (CJ RES ABELARDO ROCHA),7pkd
RUA  7 (CJ RES CURIO),7pkd
RUA  7 (CJ SITIO DO CORREGO),7pkd
RUA  7 (CJ VENEZA TROPICAL),7pkd
RUA  7 (CONJ. ALTO ALEGRE),7pkd
RUA  7 (CONJ. ARVOREDO),7pkd
RUA  7 (CONJ. CAMPO DOS INGLESES),7pkd
RUA  7 (CONJ. HERMES PEREIRA),7pkd
RUA  7 (CONJ. JARDIM CASTELÃO),7pkd
RUA  7 (CONJ. MIRASSOL),7pkd
RUA  7 (CONJ. RESID. PREF. JOSÉ WALTER),7pkd
RUA  7 (CONJUNTO ESPERANÇA),7pkd3
RUA  7 (LOT LAGO DOURADO),7pkd
RUA  7 (PLANALTO ITAPERY),7pkd
RUA  7 DE ABRIL,7pkd
RUA  7 DE ABRIL (SIQUEIRA),7pkd3
RUA  7 DE AGOSTO,7pkd
RUA  7 DE MAIO,7pkd
RUA  7 DE OUTUBRO (PASSARÉ),7pkd
RUA  7 DE SETEMBRO,7pkdd
RUA  7 DO CONJUNTO JOÃO PAULO II,7pkd
RUA  7 DO CONJUNTO RESIDENCIAL NOVA ASSUNÇÃO,7pkd
RUA  7 DO CONJUNTO ROSALINA,7pkd
RUA  7 DO CONJUNTO TASSO JEREISSATI,7pkd
RUA  7 DO CONJUNTO TUPINAMBÁ DA FROTA,7pkd
RUA  7 DO LOTEAMENTO GLEBA 4S,7pkd
RUA  7 DO LOTEAMENTO NOVA FORTALEZA,7pkd
RUA  7 DO LOTEAMENTO SANTIAGO DE COMPOSTELA,7pkd
RUA  7 LOT SANTA TEREZINHA,7pkd3
RUA  7 PEDESTRE PQ SANTA MARIA,7pkd
RUA  701 (CONJ. CEARÁ II),7pkd
RUA  703 (CONJ. CEARÁ II),7pkd
RUA  705 (CONJ. CEARÁ II),7pkd
RUA  707 (CONJ. CEARÁ II),7pkd
RUA  709 (CONJ. CEARÁ II),7pkd
RUA  71 (CONJ. PREF. JOSÉ WALTER),7pkd
RUA  711 (CONJ. CEARÁ II),7pkd
RUA  713 (CONJ. CEARÁ II),7pkd
RUA  715 (CONJ. CEARÁ II),7pkd
RUA  717 (CONJ. CEARÁ II),7pkd
RUA  719 (CONJ. CEARÁ II),7pkd
RUA  721 (CONJ. CEARÁ II),7pkd
RUA  723 (CONJ. CEARÁ II),7pkd
RUA  725 (CONJ. CEARÁ II),7pkd
RUA  727 (CONJ. CEARÁ II),7pkd
RUA  729 (CONJ. CEARÁ II),7pkd
RUA  73 (CONJ. PREF. JOSÉ WALTER),7pkd
RUA  731 (CONJ. CEARÁ II),7pkd
RUA  733 (CONJ. CEARÁ II),7pkd
RUA  735 (CONJ. CEARÁ II),7pkd
RUA  737 (CONJ. CEARÁ II),7pkd
RUA  739 (CONJ. CEARÁ II),7pkd
RUA  739 (CONJUNTO CEARÁ II),7pkd
RUA  741 (CONJ. CEARÁ II),7pkd
RUA  743 (CONJ. CEARÁ II),7pkd
RUA  745 (CONJ. CEARÁ II),7pkd
RUA  747 (CONJ. CEARÁ II),7pkd
RUA  749 (CONJ. CEARÁ II),7pkd
RUA  75 (CONJ. PREF. JOSÉ WALTER),7pkd
RUA  751 (CONJ. CEARÁ II),7pkd
RUA  753 (CONJ. CEARÁ II),7pkd
RUA  755 (CONJ. CEARÁ II),7pkd
RUA  757 (CONJ. CEARÁ II),7pkd
RUA  759 (CONJ. CEARÁ II),7pkd
RUA  761 (CONJ. CEARÁ II),7pkd
RUA  763 (CONJ. CEARÁ II),7pkd
RUA  765 (CONJ. CEARÁ II),7pkd
RUA  767 (CONJ. CEARÁ II),7pkd
RUA  77 (CONJ. PREF. JOSÉ WALTER),7pkd
RUA  79 (CONJ. PREF. JOSÉ WALTER),7pkd
RUA  7A (BENFICA),7pkd
RUA  7A (MONDUBIM),7pkd
RUA  7B,7pkd
RUA  8 (CJ GLEBA 5S),7pkd
RUA  8 (CJ PLANALTO MIRASSOL),7pkd
RUA  8 (CJ RES ABELARDO ROCHA),7pkd
RUA  8 (CJ SITIO SAO JOAO),7pkd
RUA  8 (CONJ. ALTO ALEGRE),7pkd
RUA  8 (CONJ. ARVOREDO),7pkd
RUA  8 (CONJ. CAMPO DOS INGLESES),7pkd
RUA  8 (CONJ. JARDIM CASTELÃO),7pkd
RUA  8 (CONJ. NOVA ASSUNÇÃO),7pkd
RUA  8 (CONJ. RESID. PEQUENO MONDUBIM),7pkd
RUA  8 (CONJ. RESID. PREF. JOSÉ WALTER),7pkd
RUA  8 (CONJ. SÍTIO CÓRREGO),7pkd
RUA  8 (CONJ. VENEZA TROPICAL),7pkd
RUA  8 (LAGOA REDONDA),7pkd
RUA  8 (LOT LAGO DOURADO),7pkd
RUA  8 (LOT. ALPHA VILLAGE),7pkd
RUA  8 (LOT. PARAÍSO DE MESSEJANA),7pkd
RUA  8 (MUT PDE SANTANA),7pkd
RUA  8 (PRAIA DO FUTURO II),7pkd
RUA  8 CJ PEQ MONDUBIM,7pkd
RUA  8 DE AGOSTO,7pkd
RUA  8 DE DEZEMBRO,7pkd 7pkdd
RUA  8 DE JULHO,7pkd
RUA  8 DE JUNHO (PLANALTO PICI),7pkdd
RUA  8 DE MAIO,7pkd
RUA  8 DE MARÇO (JANGURUSSU),7pkd
RUA  8 DO CONJUNTO JARDIM GLÓRIA,7pkd
RUA  8 DO CONJUNTO RESIDENCIAL NOVA ASSUNÇÃO,7pkd
RUA  8 DO CONJUNTO TASSO JEREISSATI,7pkd
RUA  8 DO LOTEAMENTO NOVA FORTALEZA,7pkd
RUA  8 DO LOTEAMENTO SANTIAGO DE COMPOSTELA,7pkd
RUA  8 LOTEAMENTO VILLAGE COLOSSO,7pkd
RUA  802 (CONJ. CEARÁ I),7pkd
RUA  804 (CONJ. CEARÁ I),7pkd
RUA  806 (CONJ. CEARÁ I),7pkd
RUA  808 (CONJ. CEARÁ I),7pkd
RUA  81 (CONJ. PREF. JOSÉ WALTER),7pkd
RUA  810 (CONJ. CEARÁ I),7pkd
RUA  812 (CONJ. CEARÁ I),7pkd
RUA  814 (CONJ. CEARÁ I),7pkd
RUA  816 (CONJ. CEARÁ I),7pkd
RUA  818 (CONJ. CEARÁ I),7pkd
RUA  820 (CONJ. CEARÁ I),7pkd
RUA  822 (CONJ. CEARÁ I),7pkd
RUA  824 (CONJ. CEARÁ I),7pkd
RUA  826 (CONJ. CEARÁ I),7pkd
RUA  828 (CONJ. CEARÁ I),7pkd
RUA  83 (CONJ. PREF. JOSÉ WALTER),7pkd
RUA  830 (CONJ. CEARÁ I),7pkd
RUA  832 (CONJ. CEARÁ I),7pkd
RUA  834 (CONJ. CEARÁ I),7pkd
RUA  836 (CONJ. CEARÁ I),7pkd
RUA  838 (CONJ. CEARÁ I),7pkd
RUA  840 (CONJ. CEARÁ I),7pkd
RUA  842 (CONJ. CEARÁ I),7pkd
RUA  844 (CONJ. CEARÁ I),7pkd
RUA  846 (CONJ. CEARÁ I),7pkd
RUA  848 (CONJ. CEARÁ I),7pkd
RUA  85 (CONJ. PREF. JOSÉ WALTER),7pkd
RUA  850 (CONJ. CEARÁ I),7pkd
RUA  852 (CONJ. CEARÁ I),7pkd
RUA  854 (CONJ. CEARÁ I),7pkd
RUA  856 (CONJ. CEARÁ I),7pkd
RUA  858 (CONJ. CEARÁ I),7pkd
RUA  860 (CONJ. CEARÁ I),7pkd
RUA  862 (CONJ. CEARÁ I),7pkd
RUA  864 (CONJ. CEARÁ I),7pkd
RUA  866 (CONJ. CEARÁ I),7pkd
RUA  868 (CONJ. CEARÁ I),7pkd
RUA  87 (CONJ. RESID. PREF. JOSÉ WALTER),7pkd
RUA  870 (CONJ. CEARÁ I),7pkd
RUA  872 (CONJ. CEARÁ I),7pkd
RUA  8897 (ST INDAIA),7pkd
RUA  89 (CONJ. PREF. JOSÉ WALTER),7pkd
RUA  9 (CANINDEZINHO),7pkd3
RUA  9 (CJ GLEBA 5S),7pkd
RUA  9 (CJ TERRA NOVA),7pkd
RUA  9 (CONJ. ALTO ALEGRE),7pkd
RUA  9 (CONJ. ARVOREDO),7pkd
RUA  9 (CONJ. CAMPO DOS INGLESES),7pkd
RUA  9 (CONJ. JARDIM CASTELÃO),7pkd
RUA  9 (CONJ. MIRASSOL),7pkd
RUA  9 (CONJ. RESID. ITAPERY),7pkd
RUA  9 (CONJ. RESID. PREF. JOSÉ WALTER),7pkd
RUA  9 (CONJ. SÍTIO CÓRREGO),7pkd
RUA  9 (CONJ. VENEZA TROPICAL),7pkd
RUA  9 (CONJUNTO PALMEIRAS),7pkd
RUA  9 (JANGURUSSU),7pkd
RUA  9 (JARDIM IRACEMA),7pkd
RUA  9 (LOT LAGO DOURADO),7pkd
RUA  9 (MONDUBIM),7pkd
RUA  9 (POLAR),7pkd
RUA  9 DE JUNHO,7pkd
RUA  9 DO CONJUNTO TASSO JEREISSATI,7pkd
RUA  9 DO LOTEAMENTO GLEBA 4S,7pkd
RUA  9 DO LOTEAMENTO NOVA FORTALEZA,7pkd
RUA  9 DO LOTEAMENTO SANTIAGO DE COMPOSTELA,7pkd
RUA  9 LOT CIDADE LESTE,7pkd
RUA  9 LOTEAMENTO VILLAGE COLOSSO,7pkd
RUA  9 PEDESTRE PQ SANTA MARIA,7pkd
RUA  902 (CONJ. CEARÁ II),7pkd
RUA  904 (CONJ. CEARÁ II),7pkd
RUA  906 (CONJ. CEARÁ II),7pkd
RUA  908 (CONJ. CEARÁ II),7pkd
RUA  91 (CONJ. PREF. JOSÉ WALTER),7pkd
RUA  910 (CONJ. CEARÁ II),7pkd
RUA  912 (CONJ. CEARÁ II),7pkd
RUA  914 (CONJ. CEARÁ II),7pkd
RUA  916 (CONJ. CEARÁ II),7pkd
RUA  918 (CONJ. CEARÁ II),7pkd
RUA  920 (CONJ. CEARÁ II),7pkd
RUA  922 (CONJ. CEARÁ II),7pkd
RUA  924 (CONJ. CEARÁ II),7pkd
RUA  926 (CONJ. CEARÁ II),7pkd
RUA  928 (CONJ. CEARÁ II),7pkd
RUA  93 (CONJ. PREF. JOSÉ WALTER),7pkd
RUA  95 (CONJ. PREF. JOSÉ WALTER),7pkd
RUA  97 (CONJ. PREF. JOSÉ WALTER),7pkd
RUA  9721,7pkd
RUA  9722,7pkd
RUA  9723,7pkd
RUA  99 (CJ JOSE WALTER),7pkd
RUA  A,7pkd
RUA  A (BOM JARDIM),7pkd3
RUA  A (C ITAPERI),7pkd
RUA  A (CANINDEZINHO),7pkd3
RUA  A (CID JD FORT GLEBA A),7pkd
RUA  A (CJ BARROSO II),7pkd
RUA  A (CJ HAB VILA VELHA MUTIRAO),7pkd
RUA  A (CJ JD PRIMAVERA),7pkd
RUA  A (CJ JD VIOLETA),7pkd
RUA  A (CJ NOVA FORTALEZA),7pkd
RUA  A (CJ RESD ITAPARICA),7pkd
RUA  A (CJ SAO FRANCISCO DE ASSIS),7pkd3
RUA  A (CONJ. RESID. FERNANDO DE NORONHA),7pkd
RUA  A (CONJ. RESID. HENRIQUE JORGE),7pkd
RUA  A (EDSON QUEIROZ),7pkd
RUA  A (GRANJA LISBOA),7pkd3
RUA  A (GUAJERÚ),7pkd
RUA  A (ITAPERI),7pkd
RUA  A (LOT CIDADE VERDE),7pkd
RUA  A (LOT LAGUNA PARK 6),7pkd
RUA  A (LOT MORUMBI II),7pkd
RUA  A (LOT PLANALTO ALDEOTA SUL),7pkd
RUA  A (LOT RETIRO GRANDE),7pkd
RUA  A (LOT ROCHA VI),7pkd
RUA  A (LOT SIQUEIRA),7pkd3
RUA  A (LOT. ARACAPE),7pkd
RUA  A (LOT. EXPEDICIONÁRIOS II ),7pkd
RUA  A (LOT. MRV MAGIS - DENDE),7pkd
RUA  A (LOT. PARQUE DO SIQUEIRA),7pkd3
RUA  A (LOTEAMENTO RESIDENCIAL CÉLIO GURGEL),7pkd
RUA  A (MEDITERRÂNEO INCORP. E CONST.),7pkd
RUA  A (MUTIRAO RENASCER III),7pkd
RUA  A (PASSARÉ),7pkd
RUA  A (PLANALTO AYRTON SENNA),7pkd
RUA  A (PLANALTO COACU),7pkd
RUA  A (PQ AMARALINA),7pkd
RUA  A (PQ NOVO CEARA),7pkd
RUA  A (RECANTO FLUMINENSE),7pkd3
RUA  A (RES FLUMINENSE),7pkd3
RUA  A (RES ITAPERI),7pkd
RUA  A (SÃO BENTO),7pkd
RUA  A (VILA MILITAR - EXÉRCITO),7pkd
RUA  A ANDRADE,7pkd
RUA  A CJ NOVA UNIAO,7pkd
RUA  A DA FLORESTA,7pkd
RUA  A DO CONDOMÍNIO HORIZONTAL DEPUTADO UBIRATAN AGUIAR,7pkd
RUA  A DO CONJUNTO HABITACIONAL DE INTERESSE SOCIAL - POLICIAIS,7pkd
RUA  A DO CONJUNTO HABITACIONAL PATATIVA DO ASSARÉ,7pkd
RUA  A DO CONJUNTO JOÃO PAULO II,7pkd
RUA  A DO CONJUNTO PALMARES,7pkd
RUA  A DO CONJUNTO RESIDENCIAL JOSE EUCLIDES FERREIRA GOMES,7pkd
RUA  A DO LOT. LEANDRE,7pkd
RUA  A DO LOTEAMENTO ARACAPÉ,7pkd3
RUA  A DO LOTEAMENTO AV. DOS EXPEDICIONÁRIOS I,7pkd
RUA  A DO LOTEAMENTO CAJAZEIRAS,7pkd
RUA  A DO LOTEAMENTO CAJAZEIRAS II,7pkd
RUA  A DO LOTEAMENTO COLINA,7pkd
RUA  A DO LOTEAMENTO ESPLANADA CURIÓ,7pkd
RUA  A DO LOTEAMENTO ESPLANADA MESSEJANA,7pkd
RUA  A DO LOTEAMENTO GREEN PARK SUL,7pkd
RUA  A DO LOTEAMENTO JARDIM UNIÃO 1 ETAPA,7pkd
RUA  A DO LOTEAMENTO MESSEJANA,7pkd
RUA  A DO LOTEAMENTO PARQUE ARACAPÉ,7pkd3
RUA  A DO LOTEAMENTO PARQUE GUAGIRÚ,7pkd
RUA  A DO LOTEAMENTO PARQUE IRAJÁ,7pkd3
RUA  A DO LOTEAMENTO PARQUE MONTENEGRO II,7pkd
RUA  A DO LOTEAMENTO PARQUE PORTELA,7pkd
RUA  A DO LOTEAMENTO PLANALTO SUL,7pkd
RUA  A DO LOTEAMENTO RESIDENCIAL DOS BANDEIRANTES,7pkd
RUA  A DO LOTEAMENTO RESIDENCIAL MARCOS FREIRE,7pkd
RUA  A DO LOTEAMENTO RESIDENCIAL NOVO PASSARÉ,7pkd
RUA  A LOT PARAISO VERDE,7pkd3
RUA  A LOT PORTAL DE IRACEMA,7pkd
RUA  A LOTEAMENTO PARQUE MONTENEGRO I,7pkd
RUA  A RES J MARINHO DE VASCONCELOS,7pkd
RUA  A RES JACIARA MUTIRAO,7pkd
RUA  A ST PIRIRITIBA IV,7pkd
RUA  A VIANA,7pkd
RUA  ABAIARA,7pkd
RUA  ABEL FERREIRA,7pkd
RUA  ABEL GARCIA,7pkd
RUA  ABEL RIBEIRO,7pkd
RUA  ABELARDO BARBOSA,7pkd
RUA  ABELARDO FERREIRA,7pkd
RUA  ABELARDO GANEM,7pkd
RUA  ABELARDO MARINHO,7pkd
RUA  ABENÇOADA,7pkd
RUA  ABRAAO SOARES,7pkd
RUA  ABREU COSTA,7pkd
RUA  ABREULANDIA,7pkd
RUA  ABÍLIO FARIAS,7pkdd
RUA  ABÍLIO MARTINS,7pkdd
RUA  ACAI (CID JD FORT GLEBA A),7pkd
RUA  ACAPULCO,7pkd
RUA  ACARAÚ,7pkd
RUA  ACARI,7pk
RUA  ACEGUÁ,7pk
RUA  ACESSO 7,7pkd
RUA  ACESSO A,7pkd3
RUA  ACESSO B,7pkd3
RUA  ACESSO C,7pkd3
RUA  ACESSO D,7pkd3
RUA  ACESSO E,7pkd3
RUA  ACRE,7pkdd
RUA  ACRE (PLANALTO AYRTON SENNA),7pkd
RUA  ADA PIMENTEL,7pkd
RUA  ADAHIL BARRETO,7pkd3
RUA  ADAIL TEIXEIRA,7pkd
RUA  ADALBERTO NETO,7pkd
RUA  ADARIAS DE LIMA,7pkd
RUA  ADAUTO CASTELO,7pkd3
RUA  ADEL NOGUEIRA MAIA,7pkd
RUA  ADELAIDE BARBOSA VIANA,7pkd
RUA  ADELAIDE PAULINO,7pk
RUA  ADELINO SERRA,7pkd
RUA  ADEMAR DE BARROS,7pkd
RUA  ADEMAR DE CASTRO,7pkd
RUA  ADEMAR PAULA,7pkd
RUA  ADOLFO BEZERRA DE MENEZES,7pkd
RUA  ADOLFO CAMINHA,7pkd
RUA  ADOLFO CAMPELO,7pkd
RUA  ADOLFO HÉRBSTER,7pkd
RUA  ADOLFO MARINHO,7pkd
RUA  ADOLFO MARINHO (MESSEJANA),7pkd
RUA  ADOLFO MARINHO (VILA VELHA),7pkd
RUA  ADOLFO MOREIRA CARVALHO,7pkd
RUA  ADOLFO PINHEIRO,7pkd
RUA  ADOLFO QUIXADÁ,7pkd
RUA  ADOLFO SALES,7pkd
RUA  ADOLFO SILVEIRA,7pkd
RUA  ADOLFO SIQUEIRA,7pkd
RUA  ADOLFO SOARES,7pkd
RUA  ADONIRAM BARBOSA,7pkd
RUA  ADRIANISIA,7pkd
RUA  ADRIANO GASPAR RIBEIRO,7pkd
RUA  ADRIANO MARTINS,7pkd
RUA  ADUALDO BATISTA,7pkd
RUA  ADVOGADO FRANCISCO NOVAIS,7pkd
RUA  ADÉLIA FEIJÓ,7pkd
RUA  AFONSO CALIXTO,7pkd
RUA  AFONSO CAVALCANTE DE OLIVEIRA,7pkd
RUA  AFONSO CELSO,7pkd
RUA  AFONSO HENRIQUE,7pkd
RUA  AFONSO LOPES,7pkd
RUA  AFONSO VISEU,7pkd
RUA  AFRANIO PEIXOTO,7pkd
RUA  AFRODÍSIO GONDIM,7pkdd
RUA  AGAMENON,7pkd
RUA  AGAPITO DOS SANTOS,7pkd
RUA  AGATA (SITIO VARJOTA),7pkd3
RUA  AGENOR XAVIER,7pkd
RUA  AGERSON TABOSA,7pkd
RUA  AGEU ROMERO,7pkd
RUA  AGOSTINHO MOTA,7pkd
RUA  AGOSTINHO SOARES,7pkd
RUA  AGUAPÉ,7pk 7pkdd
RUA  AIKO MARIA,7pkd
RUA  AIMORÉS,7pkd
RUA  AIRES DA CUNHA,7pkd3
RUA  AIRTON JORGE,7pkd
RUA  AIRTON SENA,7pkd
RUA  AIRTON SENNA,7pkd3
RUA  AIRTON SENNA (JOSÉ DE ALENCAR),7pkd
RUA  AIRTON SENNA CJ DUNAS MUCURIPE,7pkd
RUA  AJURANA,7pkdd
RUA  ALAGOAS,7pkdd
RUA  ALAGOAS (SÃO BENTO),7pkd
RUA  ALAMEDA CARLOS ALBERTO DE SA,7pkd
RUA  ALAN CASTELO,7pkd
RUA  ALAN JONES,7pkd
RUA  ALAN KARDEC,7pkdd
RUA  ALBANIA,7pkd
RUA  ALBANO AMARAL,7pkd
RUA  ALBERT SABIN,7pkd
RUA  ALBERTINO NETO,7pkd
RUA  ALBERTO ASSAD BARDAWIL,7pkd
RUA  ALBERTO DE CASTRO,7pkd
RUA  ALBERTO DE OLIVEIRA,7pkd
RUA  ALBERTO ELOY COSTA,7pkd
RUA  ALBERTO FEITOSA LIMA,7pkd
RUA  ALBERTO FERREIRA,7pkd
RUA  ALBERTO JÚNIOR,7pkd
RUA  ALBERTO LEAL NUNES,7pkd
RUA  ALBERTO MAGNO,7pkdd
RUA  ALBERTO MONTE,7pkd
RUA  ALBERTO MONTEIRO,7pkd
RUA  ALBERTO MONTEZUMA,7pkd
RUA  ALBERTO QUEIROZ,7pkd
RUA  ALBERTO SALES,7pkd
RUA  ALBERTO TÔRRES,7pkd
RUA  ALCIDES GERARDO,7pkd
RUA  ALCIDES SANTOS,7pkd
RUA  ALCINDO GUANABARA,7pkd3
RUA  ALCÂNTARA BILHAR,7pkdd
RUA  ALCÂNTARAS,7pkd
RUA  ALDENOR NUNES FREIRE,7pkd
RUA  ALECRIM,7pkd
RUA  ALEGRE,7pkd
RUA  ALEMANHA,7pkd
RUA  ALENCAR OLIVEIRA,7pkd
RUA  ALEUDA,7pkd
RUA  ALEXANDER SILVA,7pkd
RUA  ALEXANDRA,7pkd3
RUA  ALEXANDRE ANTONIO FURTADO,7pkd
RUA  ALEXANDRE BARAÚNA,7pkdd
RUA  ALEXANDRE CARVALHO,7pkd
RUA  ALEXANDRE VIEIRA,7pkd
RUA  ALEXANDRINA,7pkd
RUA  ALFA,7pkd
RUA  ALFA (LAGOA REDONDA),7pkd
RUA  ALFA (PASSARÉ),7pkd
RUA  ALFA DO REASSENTAMENTO TITO BARROS,7pkd
RUA  ALFEU ABOIM,7pkd
RUA  ALFREDO (O REI DA PEIXADA),7pkd
RUA  ALFREDO CORREIA,7pkd
RUA  ALFREDO DE CASTRO,7pkdd
RUA  ALFREDO LADISLAU,7pkd
RUA  ALFREDO MAMEDE,7pkd3
RUA  ALFREDO PRUDENTE,7pkd
RUA  ALFREDO SALGADO,7pkd
RUA  ALFREDO SEVERO,7pkd
RUA  ALICE,7pkd
RUA  ALICE (AUTRAN NUNES),7pkd
RUA  ALICE VIEIRA,7pkd
RUA  ALINE VIEIRA COLARES,7pkd
RUA  ALIPIO MARTINS,7pkd
RUA  ALISSON BATISTA DE MEDEIROS,7pkd
RUA  ALMEIDA PRADO,7pkd
RUA  ALMEIDA RÊGO,7pkd
RUA  ALMERINDA MONTENEGRO,7pkd3
RUA  ALMIR CELSO,7pkd
RUA  ALMIR DUTRA,7pkd3
RUA  ALPINÓPOLIS,7pkd
RUA  ALTAIR,7pkd
RUA  ALTAIR FARIAS,7pkd
RUA  ALTANEIRA,7pkd
RUA  ALTO ALEGRE (PARQUE PRESIDENTE VARGAS),7pkd
RUA  ALTO ALEGRE (VICENTE PINZON),7pkd
RUA  ALTO BONITO,7pkd
RUA  ALTO DA ESPERANCA,7pkd
RUA  ALTO DA PAZ,7pkd3
RUA  ALTO DAS PEDRINHAS,7pkd
RUA  ALTO DO PIMENTA,7pkd3
RUA  ALTO MAR,7pkd
RUA  ALTO SANTO,7pkd
RUA  ALTO VERMELHO,7pkd3
RUA  ALUISIO ELEUTERIO,7pkd
RUA  ALUISIO LORCHEIDER,7pkdd
RUA  ALUISIO MAMEDE,7pkdd
RUA  ALUYSIO SORIANO ADERALDO,7pkd
RUA  ALUÍSIO AZEVEDO,7pkdd
RUA  ALVARES CABRAL,7pkd
RUA  ALVARES MACIEL,7pkdd
RUA  ALVARO CHAVES,7pkd
RUA  ALVARO CHAVES (MONDUBIM),7pkd
RUA  ALVARO DE ANDRADE,7pkd
RUA  ALVES BATISTA,7pkd
RUA  ALVES BEZERRA,7pkd3
RUA  ALVES DE SOUSA,7pkd3
RUA  ALVES LIMA,7pkd
RUA  ALVES MAIA,7pkd
RUA  ALVES RIBEIRO,7pkd
RUA  ALVORADA,7pkd
RUA  ALVORADA (PLANALTO AYRTON SENNA),7pkd
RUA  ALVORADA DA PAZ,7pkd
RUA  ALZIBERTO MIRANDA,7pkd
RUA  ALZIRA ALBUQUERQUE,7pkd3
RUA  ALZIRA GOMES,7pkd
RUA  ALZIRA PARENTE,7pkd
RUA  ALZIRIA BENTO DO NASCIMENTO,7pkd
RUA  ALZIRO ZARUR,7pkd
RUA  ALÓDIA,7pkd
RUA  AMADEU ALVES,7pkd
RUA  AMADEU BUENO,7pkd
RUA  AMADEU DE CASTRO,7pkd
RUA  AMADEU FURTADO,7pkdd
RUA  AMADOR BUENO,7pkd
RUA  AMANAIARA,7pkd
RUA  AMANCIO VALENTE,7pkd
RUA  AMAPÁ,7pkdd
RUA  AMARAL NETO,7pkdd
RUA  AMARAL PEIXOTO,7pkd
RUA  AMARO BANDEIRA,7pkd
RUA  AMARO CAVALCANTE,7pkd
RUA  AMARO JOSÉ DE SOUZA,7pkd
RUA  AMARO LUCIANO,7pkd
RUA  AMARÍLIA DUTRA,7pkd
RUA  AMAZONAS,7pkdd
RUA  AMBRÓSIO DE CARVALHO,7pkd
RUA  AMELIA CONDE,7pkd
RUA  AMERICANOS,7pkd
RUA  AMETISTA,7pkd
RUA  AMETISTA (JÓQUEI CLUBE),7pkdd
RUA  AMETISTA (PASSARÉ),7pkd
RUA  AMETISTA (PEDRAS),7pk
RUA  AMETISTA (SITIO VARJOTA),7pkd3
RUA  AMOR PERFEITO,7pkd
RUA  AMORIM PAIVA,7pkd
RUA  AMSTERDÃ,7pkd
RUA  AMÂNCIO FILOMENO,7pkd
RUA  AMÂNCIO PEREIRA,7pkd
RUA  AMÉLIA ALVES BEZERRA,7pkd
RUA  AMÉLIA BENEBIÉN,7pkd
RUA  AMÉRICA,7pkd
RUA  AMÉRICO BRASILIENSE,7pkd
RUA  AMÉRICO FACÓ,7pkdd
RUA  AMÉRICO ROCHA LIMA,7pkd
RUA  AMÉRICO VESPÚCIO,7pkd
RUA  ANA BEATRIZ (CAJAZEIRAS),7pkd
RUA  ANA BEZERRA,7pkd
RUA  ANA BILHAR,7pkd
RUA  ANA BRITO,7pkd
RUA  ANA CARTAXO,7pkd
RUA  ANA CLECIA VIANA,7pkd
RUA  ANA COELHO SANTIAGO,7pkd
RUA  ANA CRISTINA FERREIRA,7pkd
RUA  ANA DE SÁ PIRES,7pkd
RUA  ANA FACÓ,7pkd
RUA  ANA FRANK,7pkd
RUA  ANA GONÇALVES,7pkd
RUA  ANA JULIÃO,7pkd
RUA  ANA MACEDO,7pkd
RUA  ANA MACEDO (BARROSO),7pkd
RUA  ANA NÉRI,7pkdd
RUA  ANA PARENTE,7pkd
RUA  ANA PATRICIA,7pkd
RUA  ANA PAULA BASTOS PIRES,7pkd
RUA  ANA PAULA SANTOS,7pkd3
RUA  ANA RITA,7pkd
RUA  ANA STUDART,7pkdd
RUA  ANA TERCIA,7pkd
RUA  ANASTÁCIO BRAGA,7pkd
RUA  ANASTÁCIO MENDES BRAGA,7pkd
RUA  ANDALUZIA,7pk
RUA  ANDIROBA,7pkd
RUA  ANDRADE FURTADO,7pkd
RUA  ANDRE LUIS,7pkd
RUA  ANDREA SOARES (SIQUEIRA),7pkd
RUA  ANDRELÂNDIA,7pkd
RUA  ANDRÉ CHAVES,7pkd
RUA  ANDRÉ DALL'OLIO,7pkd
RUA  ANDRÉ LUIZ,7pkd
RUA  ANDRÉ REBOUÇAS,7pkd
RUA  ANGELIM,7pkd
RUA  ANGELIM (ARACAPÉ),7pkd
RUA  ANGELIM (JANGURUSSU),7pkd
RUA  ANGELINA MUNIZ,7pkd
RUA  ANGELO FIGUEREDO,7pkd
RUA  ANGELO GUSTAVO,7pkd
RUA  ANGRA DOS REIS,7pkd
RUA  ANGÉLICA GURGEL,7pkd
RUA  ANITA GARIBALDI,7pkd
RUA  ANJO BRANCO,7pkd
RUA  ANNA LÚCIA DIAS,7pkd
RUA  ANNIBAL FERNANDES BONAVIDES,7pkd
RUA  ANSELMO FILGUEIRA DE MELO,7pkd
RUA  ANSELMO NOGUEIRA,7pkd3
RUA  ANTARES,7pkd
RUA  ANTENOR FROTA WANDERLEY,7pkd
RUA  ANTENOR ROCHA ALEXANDRE,7pkd
RUA  ANTERO COELHO,7pkdd
RUA  ANTERO DE QUENTAL,7pkd
RUA  ANTONELE BEZERRA,7pkd
RUA  ANTONIA BARBOSA DE LIMA,7pkd
RUA  ANTONIA CLEIA,7pkd
RUA  ANTONIA ENEDINA,7pkd
RUA  ANTONIETA BRAGA,7pkd3
RUA  ANTONIETA CLOTILDE,7pkd
RUA  ANTONINA DO NORTE,7pkd
RUA  ANTONINO BARROS,7pkd
RUA  ANTONIO,7pkd
RUA  ANTONIO ALEXANDRE,7pkd
RUA  ANTONIO ANDERSON,7pkd
RUA  ANTONIO AUGUSTO (LAGOA REDONDA),7pkd
RUA  ANTONIO BANDEIRA,7pkd
RUA  ANTONIO CARLOS DA SILVA,7pkd
RUA  ANTONIO CARLOS DE PAULA,7pkd
RUA  ANTONIO CARVALHO,7pkd
RUA  ANTONIO CAVALCANTE LIMA,7pkd
RUA  ANTONIO CONRADO,7pk
RUA  ANTONIO DE PAULA,7pkd
RUA  ANTONIO EDUARDO,7pkd
RUA  ANTONIO EVANGELISTA RIBEIRO,7pkd
RUA  ANTONIO FELICIO,7pkd
RUA  ANTONIO FERREIRA LIMA,7pkd
RUA  ANTONIO GOES,7pkd
RUA  ANTONIO GOMES GUIMARÃES,7pkd
RUA  ANTONIO GUILHERME,7pkd
RUA  ANTONIO HOLANDA DE OLIVEIRA,7pkd
RUA  ANTONIO IVAN,7pkd
RUA  ANTONIO JOAQUIM DE CARVALHO,7pkd
RUA  ANTONIO LUIZ DE ALMEIDA VALE,7pkd
RUA  ANTONIO MARQUES,7pkd
RUA  ANTONIO MATOS DE OLIVEIRA,7pkd
RUA  ANTONIO MOREIRA (FLORESTA),7pkd
RUA  ANTONIO RODRIGUES,7pkd
RUA  ANTONIO RODRIGUES VERAS,7pkd
RUA  ANTONIO SALES BEZERRA,7pkd
RUA  ANTONIO SEVERIANO,7pkd
RUA  ANTONIO TEIXEIRA LEITE,7pkd
RUA  ANTONIO TEOFILO DE QUEIROZ,7pkd
RUA  ANTONIO VIDAL,7pkd
RUA  ANTUNINI MARTINS PINTO,7pkd
RUA  ANTÔNIA LOPES DE OLIVEIRA,7pkd
RUA  ANTÔNIA RIBEIRO PINTO,7pkd
RUA  ANTÔNIO ALEXANDRINO DOS REIS,7pkd
RUA  ANTÔNIO ALMEIDA,7pk
RUA  ANTÔNIO ALVES,7pkd3
RUA  ANTÔNIO ALVES RIBEIRO,7pkd
RUA  ANTÔNIO ARRUDA,7pkd
RUA  ANTÔNIO ATUALPA RODRIGUES,7pkd
RUA  ANTÔNIO AUGUSTO,7pkd
RUA  ANTÔNIO BANDEIRA,7pkd
RUA  ANTÔNIO BARBOSA,7pkd
RUA  ANTÔNIO BENTO,7pkd
RUA  ANTÔNIO BOTELHO,7pkd
RUA  ANTÔNIO CALHEIRO,7pkd
RUA  ANTÔNIO CANDEIA,7pkd
RUA  ANTÔNIO CHACON,7pkd
RUA  ANTÔNIO CONSELHEIRO,7pkd
RUA  ANTÔNIO CORREIA LIMA,7pkdd
RUA  ANTÔNIO COSTA MENDES,7pkd3
RUA  ANTÔNIO DE BARROS,7pkd
RUA  ANTÔNIO DE CASTRO,7pkd
RUA  ANTÔNIO DE PÁDUA NEVES JÚNIOR,7pkd
RUA  ANTÔNIO DIVINO,7pkd
RUA  ANTÔNIO DRUMOND,7pkd
RUA  ANTÔNIO FARIAS,7pkd
RUA  ANTÔNIO FERREIRA,7pkd
RUA  ANTÔNIO FIÚZA,7pkdd
RUA  ANTÔNIO FONTENELE,7pkd
RUA  ANTÔNIO FORTES,7pkd
RUA  ANTÔNIO FRANCISCO DE ARAUJO,7pkd
RUA  ANTÔNIO FURTADO,7pkd
RUA  ANTÔNIO GENTIL,7pkd
RUA  ANTÔNIO GONÇALVES VIDEIRA,7pkd
RUA  ANTÔNIO GUALBERTO DE SALES,7pkd
RUA  ANTÔNIO IVO,7pkd
RUA  ANTÔNIO JACÓ,7pkd
RUA  ANTÔNIO JURACY RICARTE,7pkd
RUA  ANTÔNIO LAFAYETTE,7pkdd
RUA  ANTÔNIO LIMA,7pkd
RUA  ANTÔNIO MACHADO FILHO,7pkdd
RUA  ANTÔNIO MAGALHÃES,7pkd
RUA  ANTÔNIO MARTINS,7pkdd
RUA  ANTÔNIO MENDES,7pkd
RUA  ANTÔNIO MONTEIRO,7pkd
RUA  ANTÔNIO MOREIRA,7pkd
RUA  ANTÔNIO MÁRCIO,7pkd
RUA  ANTÔNIO NERY,7pkd3
RUA  ANTÔNIO NOGUEIRA,7pkd
RUA  ANTÔNIO PEIXOTO BRAGA,7pkd
RUA  ANTÔNIO PEREIRA,7pkd
RUA  ANTÔNIO PITA,7pkd
RUA  ANTÔNIO POMPEU,7pkd
RUA  ANTÔNIO POMPIL,7pkd
RUA  ANTÔNIO PÉRICLES,7pkd3
RUA  ANTÔNIO RABELO,7pk
RUA  ANTÔNIO RAIMUNDO,7pk
RUA  ANTÔNIO REIS,7pkd
RUA  ANTÔNIO ROCHA,7pkd
RUA  ANTÔNIO SIMÕES,7pkd
RUA  ANTÔNIO TEIXEIRA LEITE (ITAPERI),7pkd
RUA  ANÁPOLIS,7pkd
RUA  ANÁRIO BRAGA,7pkd
RUA  ANÍBAL MASCARENHAS,7pkd
RUA  ANÍSIO TEIXEIRA,7pkd
RUA  APOCALIPSE,7pkd
RUA  APOCALÍPSE,7pkd
RUA  APODI,7pkd
RUA  APOLO,7pkdd
RUA  APRENDIZES MARINHEIRO,7pkd
RUA  APUCARANA,7pkd
RUA  APÓSTOLO PAULO,7pkd
RUA  AQUARIUS,7pkd
RUA  AQUILES BEVILÁQUA,7pkd
RUA  AQUILES BORIS,7pkdd
RUA  AQUIRÁZ,7pkdd
RUA  ARABAIANA,7pkd
RUA  ARABE,7pkd
RUA  ARACAJÚ,7pkd
RUA  ARACATI,7pkd
RUA  ARACATUBA,7pkd
RUA  ARAGAO FONTENELE,7pkd
RUA  ARAGOIANIA,7pkdd
RUA  ARAGUAIA (PLANALTO AYRTON SENNA),7pkd
RUA  ARAGUARY,7pkd
RUA  ARAKEN SILVA,7pkd
RUA  ARAPONGA,7pkd
RUA  ARAPUCA,7pkd
RUA  ARAQUEM,7pkd
RUA  ARARAQUARA,7pkd
RUA  ARARIBÓIA,7pkd
RUA  ARARIPE,7pkd
RUA  ARARIPE MACEDO,7pkdd
RUA  ARARIPE PRATA,7pkdd
RUA  ARATUBA,7pkd
RUA  ARAUCÁRIA,7pkd
RUA  ARAUJO COSTA,7pkd
RUA  ARAÇÁ,7pkd3
RUA  ARAÚJO TORREÃO,7pkd
RUA  ARCA VERDE (GENIBAU),7pkd
RUA  ARCO VERDE (JARDIM PETROPOLIS),7pkd
RUA  ARGEMIRO CARVALHO,7pkd
RUA  ARGENTINA,7pkdd
RUA  ARGIA BRANCA,7pkd
RUA  ARI DA SILVA MARINHO,7pkd
RUA  ARI MAIA,7pkd3
RUA  ARILDES GUIMARÃES,7pkd
RUA  ARISTIDES BARCELOS,7pkd
RUA  ARISTIDES BARRETO NETO,7pkd
RUA  ARISTIDES LOBO,7pkd
RUA  ARISTOTELES QUEVEDO,7pkd
RUA  ARISTÓTELES BEZERRA,7pkd
RUA  ARMANDO AMADO DE OLIVEIRA,7pkdd
RUA  ARMANDO CORREIA PAIVA,7pkdd
RUA  ARMANDO DALL'OLIO,7pkd
RUA  ARMANDO MONTEIRO,7pkd
RUA  ARMANDO OLIVEIRA,7pkdd
RUA  ARNALDO OSÓRIO,7pkd
RUA  AROLDO FERREIRA,7pkd
RUA  AROLDO LEÃO,7pkd
RUA  ARQUILINA FERREIRA CESAR,7pkd3
RUA  ARQUIMEDES MEMÓRIA,7pkd
RUA  ARRUDA CÂMARA,7pkd
RUA  ARTHUR BARCELAR,7pkd
RUA  ARTHUR DA FONSECA,7pkd
RUA  ARTISTA PLÁSTICO JOAQUIM DE SOUZA,7pkd
RUA  ARTISTA PLÁSTICO MARCUS JUSSIER,7pkd
RUA  ARTUR BERNARDES,7pkd
RUA  ARTUR BORGES,7pkd
RUA  ARTUR DE CARVALHO,7pkd
RUA  ARTUR DE SOUZA,7pkd
RUA  ARTUR FERREIRA,7pkdd
RUA  ARTUR TEMÓTEO,7pkd
RUA  ARUEIRA,7pkd
RUA  ARY BARROSO,7pkd
RUA  ARY LOBO,7pkd3
RUA  ASA BRANCA,7pkd
RUA  ASSIS BEZERRA,7pkd
RUA  ASSIS CHATEAUBRIAND,7pkd
RUA  ASTROGILDO FONTOURA,7pkd
RUA  ATAULFO ALVES,7pkd
RUA  ATENEU,7pkd3
RUA  ATLAS,7pkd3
RUA  ATOBA,7pkd3
RUA  AUDIFAX RIOS,7pkd
RUA  AUDÍZIO MOSCA DE CARVALHO,7pkd
RUA  AUGUSTA,7pkd
RUA  AUGUSTA AZEVEDO,7pkd
RUA  AUGUSTA BENEVIDES (PQ ST MARIA),7pkd
RUA  AUGUSTO CALHEIROS,7pkd
RUA  AUGUSTO DE ARAÚJO,7pkdd
RUA  AUGUSTO FILHO,7pkd
RUA  AUGUSTO JAIME BENEVIDES,7pkd
RUA  AUGUSTO LESSA,7pkd
RUA  AUGUSTO SEVERO,7pkd
RUA  AURELIANO GOMES DA SILVA,7pkd
RUA  AURINO COLARES,7pkd
RUA  AURISTELA MAIA FARIAS,7pkd
RUA  AURORA,7pkd
RUA  AURORA BASTOS,7pkd3
RUA  AURÉLIO BEZERRA,7pkd
RUA  AUSTRÁLIA,7pkd
RUA  AVARÉ,7pkd
RUA  AVELEDO,7pkd
RUA  AVIADOR CELSO TINÔCO,7pkd
RUA  AYMAR RODRIGUES,7pkd
RUA  AYRTON BORGES MARTINS,7pkd
RUA  AYRTON SENNA (CJ RENASCER II),7pkd
RUA  AYRTON SENNA (JANGURUSSU),7pkd
RUA  AZEVEDO BARRETO,7pkd
RUA  AZEVEDO BOLÃO,7pkdd
RUA  AZULÃO,7pkd
RUA  AÇUCENA,7pkd
RUA  B ( ANCURI),7pkd
RUA  B (BARRA DO CEARÁ),7pkd
RUA  B (BARROSO II),7pkd
RUA  B (BARROSO),7pkd
RUA  B (BOM JARDIM),7pkd3
RUA  B (CID JD FORT GLEBA A),7pkd
RUA  B (CJ HAB VILA VELHA MUTIRAO),7pkd
RUA  B (CJ JARDIM PRIMAVERA),7pkd
RUA  B (CJ VENEZA TROPICAL),7pkd
RUA  B (CONJ. HAB. NOVA UNIÃO),7pkd
RUA  B (CONJ. ITAPARICA),7pkd
RUA  B (CONJ. JARDIM FLUMINENSE I),7pkd3
RUA  B (CONJ. RESID. FERNANDO DE NORONHA),7pkd
RUA  B (CONJ. SANTA LUZIA DO COCÓ),7pkd
RUA  B (CONJUNTO HABITACIONAL RENASCER ),7pkd
RUA  B (DENDÊ),7pkd
RUA  B (GRANJA LISBOA),7pkd3
RUA  B (ITAPERI),7pkd
RUA  B (JANGURUSSU),7pkd
RUA  B (JARDIM IRACEMA),7pkd
RUA  B (JOÃO XXIII),7pkd
RUA  B (LOT CIDADE SUL),7pkd
RUA  B (LOT LAGUNA PARK 6),7pkd
RUA  B (LOT PLANALTO ALDEOTA SUL),7pkd
RUA  B (LOT PLANALTO NOVO COACU),7pkd
RUA  B (LOT RETIRO GRANDE),7pkd
RUA  B (LOT ST SIQUEIRA II),7pkd3
RUA  B (LOT. ALTO DA BOA VISTA),7pkd
RUA  B (LOT. JD. GLEBA K2),7pkd
RUA  B (LOTEAMENTO RESIDENCIAL CÉLIO GURGEL),7pkd
RUA  B (MEDITERRÂNEO INCORP. E CONST.),7pkd
RUA  B (PASSARÉ),7pkd
RUA  B (PEDRAS),7pk
RUA  B (PLANALTO AYRTON SENNA),7pkd
RUA  B (PLANALTO COAÇU),7pkd
RUA  B (PQ ATLANTICO),7pkd
RUA  B (PQ NOVO CEARA),7pk
RUA  B (RES ATLANTA),7pkd
RUA  B (SEM DENOMINAÇÃO OFICIAL),7pkd
RUA  B (SERVIDAO PARTICULAR),7pkd
RUA  B (SIQUEIRA),7pkd3
RUA  B (SÃO BENTO),7pkd
RUA  B (VICENTE PINZON),7pkd
RUA  B (VILA VELHA),7pkd
RUA  B 1 DO LOTEAMENTO PORTAL DAS OLIVEIRAS,7pkd
RUA  B CJ JOAO PAULO II,7pkd
RUA  B DO CONDOMÍNIO HORIZONTAL DEPUTADO UBIRATAN AGUIAR,7pkd
RUA  B DO CONJUNTO HABITACIONAL DE INTERESSE SOCIAL - POLICIAIS,7pkd
RUA  B DO CONJUNTO HABITACIONAL PATATIVA DO ASSARÉ,7pkd
RUA  B DO CONJUNTO PALMARES,7pkd
RUA  B DO CONJUNTO RESIDENCIAL JOSE EUCLIDES FERREIRA GOMES,7pkd
RUA  B DO LOTEAMENTO ARACAPÉ,7pkd
RUA  B DO LOTEAMENTO AV. DOS EXPEDICIONÁRIOS I,7pkd
RUA  B DO LOTEAMENTO CAJAZEIRAS,7pkd
RUA  B DO LOTEAMENTO CAJAZEIRAS II,7pkd
RUA  B DO LOTEAMENTO CIDADE VERDE,7pkd
RUA  B DO LOTEAMENTO ESPLANADA DO MONDUBIM,7pkd
RUA  B DO LOTEAMENTO ESPLANADA MESSEJANA,7pkd
RUA  B DO LOTEAMENTO ESPLANDA CURIÓ,7pkd
RUA  B DO LOTEAMENTO GRANJA CEAVE,7pkd
RUA  B DO LOTEAMENTO GREEN PARK SUL,7pkd
RUA  B DO LOTEAMENTO JARDIM ITAPERI,7pkd
RUA  B DO LOTEAMENTO JARDIM UNIÃO 1 ETAPA,7pkd
RUA  B DO LOTEAMENTO JARDIM VIOLETA,7pkd
RUA  B DO LOTEAMENTO MESSEJANA,7pkd
RUA  B DO LOTEAMENTO MORADA DA MESSEJANA,7pkd
RUA  B DO LOTEAMENTO MORUMBI I,7pkd
RUA  B DO LOTEAMENTO MRV MAGIS- DENDÊ,7pkd
RUA  B DO LOTEAMENTO PARAÍSO VERDE,7pkd3
RUA  B DO LOTEAMENTO PARQUE ARACAPÉ,7pkd3
RUA  B DO LOTEAMENTO PARQUE GUAGIRÚ,7pkd
RUA  B DO LOTEAMENTO PARQUE IRAJÁ,7pkd3
RUA  B DO LOTEAMENTO PARQUE MONTENEGRO II,7pkd
RUA  B DO LOTEAMENTO PARQUE PORTELA,7pkd
RUA  B DO LOTEAMENTO PLANALTO SUL,7pkd
RUA  B DO LOTEAMENTO RESIDENCIAL DOS BANDEIRANTES,7pkd
RUA  B DO LOTEAMENTO RESIDENCIAL GUAJERÚ,7pkd
RUA  B DO LOTEAMENTO RESIDENCIAL MARCOS FREIRE,7pkd
RUA  B DO LOTEAMENTO RESIDENCIAL NOVO PASSARÉ,7pkd
RUA  B LOT AV EXPEDICIONARIOS II,7pkd
RUA  B LOT ROCHA VI,7pkd
RUA  B LOTEAMENTO PARQUE MONTENEGRO I,7pkd
RUA  B RES JACIARA MUTIRAO,7pkd
RUA  B ST PIRIRITIBA IV,7pkd
RUA  B(SIQUEIRA),7pkd3
RUA  BABAÇÚ,7pkd
RUA  BABILÔNIA,7pkd
RUA  BADY AMED,7pkd
RUA  BAGÉ,7pkdd
RUA  BAHIA,7pkdd
RUA  BAIXA DO MILAGRE,7pkd
RUA  BALDUÍNO FREIRE,7pkd
RUA  BALSAS,7pkd3
RUA  BAMBOLÊ,7pkd
RUA  BAMBUÍ,7pkd
RUA  BANABUIU,7pkd
RUA  BANDEIRA,7pkd
RUA  BANDEIRA DE MELO,7pkd
RUA  BANGU,7pkdd
RUA  BANVARTH BEZERRA,7pkdd
RUA  BARBA ALARDO,7pkd
RUA  BARBACENA,7pkd
RUA  BARBALHA,7pkd
RUA  BARBARA DE SOUSA COSTA,7pkd
RUA  BARBOSA DE FREITAS,7pkd
RUA  BARCA VELHA (CONJ. SÃO FRANCISCO),7pkd
RUA  BARRA DO TURVO,7pkd
RUA  BARRA MANSA,7pkd3
RUA  BARRA NOVA,7pkd
RUA  BARRA VENTO,7pkd
RUA  BARRA VERDE,7pkd
RUA  BARRA VERMELHA,7pkd3
RUA  BARRINHA,7pkd
RUA  BARROS CASSAL,7pkd
RUA  BARTOLOMEU,7pkd
RUA  BARTOLOMEU DE GUSMÃO,7pkd
RUA  BARTOLOMEU DE GUSMÃO (AEROPORTO),7pkd
RUA  BARTOLOMEU DIAS,7pkd
RUA  BARTOLOMEU GUSMÃO (BONSUCESSO),7pkd
RUA  BASILICA (PLANALTO PICI),7pkdd
RUA  BASTO SOBRINHO,7pkd
RUA  BATISTA ARAGÃO,7pkd
RUA  BATISTA LIMA,7pkd
RUA  BATOQUE,7pkdd
RUA  BATURITÉ,7pkd
RUA  BAURU,7pkdd
RUA  BAUXITA,7pk
RUA  BEATRIZ,7pkd
RUA  BEATRIZ GURGEL,7pkd
RUA  BEATRIZ SEGALL,7pkd
RUA  BEBERIBE,7pkdd
RUA  BEIJA FLOR,7pkd
RUA  BEIJA-FLOR,7pkd
RUA  BEIRA RIO,7pkd
RUA  BEIRA RIO (CANINDEZINHO),7pkd3
RUA  BEIRA RIO (DOM LUSTOSA),7pkd
RUA  BEIRA RIO (GENIBAÚ),7pkd
RUA  BEIRA RIO (PLANALTO AYRTON SENNA),7pkd
RUA  BELA,7pkd3
RUA  BELA CRUZ,7pkd
RUA  BELA FLOR,7pkdd
RUA  BELA VISTA (MESSEJANA),7pkd
RUA  BELA VISTA (PLANALTO AYRTON SENNA),7pkd
RUA  BELA VISTA (PRAIA DO FUTURO II),7pkd
RUA  BELISÁRIO TÁVORA,7pkd
RUA  BELLADONA,7pkd
RUA  BELLOS PORTOS,7pkd
RUA  BELÉM (NOEL ROSA),7pkd
RUA  BELÉM DE FIGUEIREDO,7pkd
RUA  BENAVENTURANÇA,7pkd
RUA  BENEDITO ALVES,7pkd
RUA  BENEDITO DE SENA,7pkd
RUA  BENEDITO DE SOUZA,7pk
RUA  BENEDITO GOMES DINIZ,7pkd
RUA  BENEDITO LACERDA,7pkd
RUA  BENEDITO MACEDO,7pkd
RUA  BENEDITO PRATA,7pkd
RUA  BENEDITO SOBRINHO,7pkd
RUA  BENI CARVALHO,7pkd
RUA  BENI DE CARVALHO (ALTO DA BALANÇA),7pkd
RUA  BENJAMIM CONSTANT,7pkdd
RUA  BENJAMIN BARRETO,7pkd
RUA  BENJAMIN CARNEIRO GIRÃO,7pkdd
RUA  BENJAMIN FRANKLIN,7pkd
RUA  BENJAMIN MOURA,7pkd
RUA  BENTA,7pkd
RUA  BENTA GURGEL,7pkd
RUA  BENTO (VILA VELHA),7pkd
RUA  BENTO ALBUQUERQUE,7pkd
RUA  BENTO CORREIA DA CAMARA,7pkd
RUA  BENTO GONÇALVES,7pkd3
RUA  BENTO LOUSADA,7pkdd
RUA  BENVINDA,7pkd
RUA  BERNA,7pkd
RUA  BERNADETE MARIA LEAL,7pkd
RUA  BERNARDINO CAMPUS,7pkd3
RUA  BERNARDO,7pkd
RUA  BERNARDO CAMPOS,7pkd3
RUA  BERNARDO MANUEL,7pkd
RUA  BERNARDO PORTO,7pkd
RUA  BERTOLDO MOTA,7pkd
RUA  BERTRAND ALPHONSE BORIS,7pkd
RUA  BESALIEU RIBEIRO,7pkd
RUA  BETA (CJ HAB VILA VELHA),7pkd
RUA  BETA (PASSARÉ),7pkd
RUA  BETA (VICENTE PINZON),7pkd
RUA  BETA DO LOTEAMENTO PLANALTO DA GALILEIA II,7pkd
RUA  BETEL,7pkd
RUA  BETESAIDA,7pkd
RUA  BEZERRA ALCANTARA,7pkd3
RUA  BIAS MENDES,7pkd
RUA  BIBIO FROTA,7pkd
RUA  BILL CARTAXO,7pkd
RUA  BIRMANIA,7pkd
RUA  BISMARCK,7pkd
RUA  BIZÉ MAIA,7pkd
RUA  BLOCO D,7pkd
RUA  BLOCO E (MONDUBIM),7pkd
RUA  BLOCO E (VILA VELHA),7pkd
RUA  BLOCO F,7pkd
RUA  BLOCO G,7pkd
RUA  BLUMENAU,7pkd
RUA  BOA ESPERANCA (CANINDEZINHO),7pkd3
RUA  BOA ESPERANCA (GRANJA PORTUGAL),7pkd
RUA  BOA ESPERANCA (PASSARÉ),7pkd
RUA  BOA ESPERANÇA,7pkd
RUA  BOA ESPERANÇA(GENIBAÚ),7pkd
RUA  BOA HORA,7pkd
RUA  BOA VENTURA,7pkd
RUA  BOA VIAGEM,7pkd
RUA  BOA VISTA,7pkdd
RUA  BOA VISTA (JANGURUSSU),7pkd
RUA  BOA VISTA (SIQUEIRA),7pkd3
RUA  BOA VISTA (VICENTE PINZON),7pkd
RUA  BOA-NOITE,7pkdd
RUA  BOGOTÁ,7pkd
RUA  BOLIVAR,7pkd
RUA  BOLÍVIA,7pkdd
RUA  BOM JESUS,7pkd3
RUA  BOM JESUS (BARRA DO CEARÁ),7pkd
RUA  BOM JESUS (JARDIM DAS OLIVEIRAS),7pkd
RUA  BOM JESUS (JD CASTELAO),7pkd
RUA  BOM JESUS DOS AFLITOS,7pkd
RUA  BOM PASTOR,7pkd
RUA  BOM PRINCÍPIO,7pkd
RUA  BOM RETIRO,7pkd
RUA  BONFIM SOBRINHO,7pkd
RUA  BONS AMIGOS,7pkd
RUA  BORBA GATO,7pkd
RUA  BORGES DA FONSECA,7pkd
RUA  BORIS,7pkd
RUA  BOTELHO MAGALHÃES,7pkd
RUA  BOTÂNICA,7pkd
RUA  BRAGA BASTOS,7pkd
RUA  BRAGA TORRES,7pkd
RUA  BRAGANÇA,7pkd3
RUA  BRASILIA,7pkdd
RUA  BRAZ CUBAS,7pkd
RUA  BRAZ DE FRANCESCO,7pkdd
RUA  BRAZ VIDAL,7pkd
RUA  BREJO SANTO,7pkd
RUA  BRILHANTE (MONDUBIM),7pkd
RUA  BRILHANTE (SITIO VARJOTA),7pkd3
RUA  BRISA DO MAR,7pkd
RUA  BRISA LESTE,7pkd
RUA  BRISA MAR,7pkd
RUA  BRIZAMAR,7pkd
RUA  BRUMADO,7pkd3
RUA  BRUMANO,7pkd
RUA  BRUNO E DE OLIVEIRA,7pkd
RUA  BRUNO VALENTE,7pkd
RUA  BUENO,7pkd
RUA  BUENOS AIRES,7pkd
RUA  BUGARI,7pkdd
RUA  BUGARI (JARDIM DAS OLIVEIRAS),7pkd
RUA  BULGÁRIA,7pkd
RUA  BURITI (CID JD FORT GLEBA A),7pkd
RUA  BÁRBARA DE ALENCAR,7pkd
RUA  BÁRBARA DE ALENCAR (CAJAZEIRAS),7pkd
RUA  BÉLGICA,7pkd
RUA  C (BARRA DO CEARÁ),7pkd
RUA  C (CAIS DO PORTO),7pkd
RUA  C (CID JD FORT GLEBA A),7pkd
RUA  C (CJ ITAPERI),7pkd
RUA  C (CJ RESD ITAPARICA),7pkd
RUA  C (CJ SAO FRANCISCO DE ASSIS),7pkd3
RUA  C (CJ VILA VELHA),7pkd
RUA  C (CONJ. JARDIM FLUMINENSE I),7pkd3
RUA  C (CONJ. JOÃO PAULO II),7pkd
RUA  C (CONJ. RES. JARDIM PRIMAVERA),7pkd
RUA  C (CONJ. RESID. FERNANDO DE NORONHA),7pkd
RUA  C (CONJ. SANTA LUZIA DO COCÓ),7pkd
RUA  C (CONJ. VENEZA TROPICAL),7pkd
RUA  C (CONJ.GUAJERU),7pkd
RUA  C (CONJUNTO BARROSO II),7pkd
RUA  C (CONJUNTO HABITACIONAL RENASCER),7pkd
RUA  C (CONJUNTO JD VIOLETA),7pkd
RUA  C (DE LOURDES),7pkd
RUA  C (DENDÊ),7pkd
RUA  C (GRANJA LISBOA),7pkd3
RUA  C (ITAPERI),7pkd
RUA  C (JARDIM IRACEMA),7pkd
RUA  C (LAGOA REDONDA),7pkd
RUA  C (LOT CENTRO DE CONVENCOES),7pkd
RUA  C (LOT CENTRO SUL),7pkdd
RUA  C (LOT E H BARREIRA),7pkd
RUA  C (LOT EXPEDICIONARIOS II),7pkd
RUA  C (LOT LAGUNA PARK 6),7pkd
RUA  C (LOT RETIRO GRANDE),7pkd
RUA  C (LOT SIQUEIRA),7pkd3
RUA  C (LOT ST SIQUEIRA II),7pkd3
RUA  C (LOT. GRANJA CEAVE),7pkd
RUA  C (LOT. JD. GLEBA K2),7pkd
RUA  C (LOT. JOÃO XXIII),7pkd
RUA  C (LOT. SANTA FÉ),7pkd
RUA  C (LOTEAMENTO RESIDENCIAL CÉLIO GURGEL),7pkd
RUA  C (MEDITERRÂNEO INCORP. E CONST.),7pkd
RUA  C (MONDUBIM),7pkd
RUA  C (MUTIRÃO BARRO DURO),7pkd
RUA  C (PARQUE SÃO JOÃO),7pk
RUA  C (PASSARÉ),7pkd
RUA  C (PLANALTO AYRTON SENNA),7pkd
RUA  C (PQ ATLANTICO),7pkd
RUA  C (PQ NOVO CEARA),7pk
RUA  C (RES MONDUBIM),7pkd
RUA  C (SÃO BENTO),7pkd
RUA  C (VILA MILITAR - EXÉRCITO),7pkd
RUA  C (VILA VELHA),7pkd
RUA  C DO CONDOMÍNIO HORIZONTAL DEPUTADO UBIRATAN AGUIAR,7pkd
RUA  C DO CONDOMÍNIO VILLAGE ÁGUA FRIA,7pkd
RUA  C DO CONJUNTO HABITACIONAL DE INTERESSE SOCIAL - POLICIAIS,7pkd
RUA  C DO CONJUNTO HABITACIONAL PATATIVA DO ASSARÉ,7pkd
RUA  C DO CONJUNTO JARDIM FLUMINENSE,7pkd3
RUA  C DO CONJUNTO PALMARES,7pkd
RUA  C DO CONJUNTO RESIDENCIAL JOSE EUCLIDES FERREIRA GOMES,7pkd
RUA  C DO LOTEAMENTO AV. DOS EXPEDICIONÁRIOS I,7pkd
RUA  C DO LOTEAMENTO CAJAZEIRAS,7pkd
RUA  C DO LOTEAMENTO CAJAZEIRAS II,7pkd
RUA  C DO LOTEAMENTO CIDADE VERDE,7pkd
RUA  C DO LOTEAMENTO GREEN PARK SUL,7pkd
RUA  C DO LOTEAMENTO JARDIM UNIÃO 1 ETAPA,7pkd
RUA  C DO LOTEAMENTO MESSEJANA,7pkd
RUA  C DO LOTEAMENTO PARQUE IRAJÁ,7pkd3
RUA  C DO LOTEAMENTO PARQUE MONTENEGRO II,7pkd
RUA  C DO LOTEAMENTO PARQUE PORTELA,7pkd
RUA  C DO LOTEAMENTO PARQUE PORTELA (JANGURUSSU),7pkd
RUA  C DO LOTEAMENTO PLANALTO ALDEOTA SUL,7pkd
RUA  C DO LOTEAMENTO PLANALTO SUL,7pkd
RUA  C DO LOTEAMENTO RESIDENCIAL DOS BANDEIRANTES,7pkd
RUA  C DO LOTEAMENTO RESIDENCIAL MARCOS FREIRE,7pkd
RUA  C DO LOTEAMENTO RESIDENCIAL NOVO PASSARÉ,7pkd
RUA  C DO LOTEAMENTO SÍTIO TRAIRÁ,7pk
RUA  C DO LOTEAMENTO VILA OLÍMPICA,7pkd
RUA  C DO MUTIRÃO JANGURUSSU ESTRELA/TETRA,7pkd
RUA  C LOT PARAISO VERDE,7pkd3
RUA  C LOTEAMENTO PARQUE MONTENEGRO I,7pkd
RUA  C RES JACIARA MUTIRAO,7pkd
RUA  C(JARDIM IRACEMA),7pkd
RUA  CABO FRIO,7pkd
RUA  CABO VERDE,7pkd
RUA  CABRAL DE ALENCAR,7pkdd
RUA  CABRAL VERAS,7pkd
RUA  CACHOEIRA ALEGRE,7pkd
RUA  CACHOEIRA DOURADA,7pkd
RUA  CACHOEIRINHA,7pkd
RUA  CACILDA BECKER,7pkd
RUA  CAETANO AFONSO,7pkd3
RUA  CAETANO CAVALCANTE,7pkd
RUA  CAETANO JOSE MUTIRAO,7pkd
RUA  CAETANO SILVA,7pkd
RUA  CAETANO SILVA (PASSARÉ),7pkd
RUA  CAETANO XIMENES ARAGAO,7pkd
RUA  CAETÉS,7pk
RUA  CAIO CARLOS,7pkdd
RUA  CAIO CID,7pkd
RUA  CAIO FACÓ,7pkd
RUA  CAIO PRADO,7pkdd
RUA  CAJAMAR,7pkd3
RUA  CAJARANA,7pkd
RUA  CAJAZEIRAS,7pkd
RUA  CAJAZEIRAS (JANGURUSSU),7pkd
RUA  CALADO FERNANDES,7pkdd
RUA  CAMBARÁ,7pkd
RUA  CAMILA BEZERRA,7pkd
RUA  CAMOCIM,7pkd
RUA  CAMPANÁRIO,7pkd
RUA  CAMPESTRE,7pkdd
RUA  CAMPINAS,7pkd
RUA  CAMPINAS (BONSUCESSO),7pkd
RUA  CAMPINENSE,7pkd
RUA  CAMPO ALEGRE,7pkd3
RUA  CAMPO AMOR ROCHA,7pkd
RUA  CAMPO BOM,7pkd
RUA  CAMPO DAS FLORES,7pkd
RUA  CAMPO DRAGAO,7pkd
RUA  CAMPO LARGO,7pkd
RUA  CAMPO MAIOR,7pkd
RUA  CAMPO MOURÃO,7pkd
RUA  CAMPO VERDE,7pkd
RUA  CAMPO VERDE (ANCURI),7pkd
RUA  CAMPOS BELOS,7pkd3
RUA  CAMPOS GERAIS,7pkd
RUA  CAMPOS NOVOS,7pkdd
RUA  CAMPOS SALES,7pkd
RUA  CAMURÇA NETO,7pkd
RUA  CAMÉLIA,7pkd
RUA  CANAAN,7pkd
RUA  CANAL LESTE,7pkd3
RUA  CANAL NORTE,7pkd3
"RUA  CANAL, DO",7pkd
RUA  CANAMARIM,7pkd
RUA  CANARANA,7pkdd
RUA  CANDIDA (VILA VELHA),7pkd
RUA  CANDIDO GOMES DO REGO,7pkd
RUA  CANDIDO JUCA,7pkdd
RUA  CANGURÚ,7pkd
RUA  CANINDÉ,7pkd
RUA  CANOPUS,7pkd
RUA  CANTAREIRA,7pkd
RUA  CANTINHO VERDE,7pkd
RUA  CANTONEIDE,7pkd
RUA  CANUTO DE AGUIAR,7pkd
RUA  CANÁRIO,7pkd
RUA  CANÁRIO DA TERRA,7pkd
RUA  CAPANEMA,7pkd
RUA  CAPISTRANO,7pkdd
RUA  CAPRICHO,7pkd
RUA  CARACAS,7pkd
RUA  CARAMURU,7pkd
RUA  CARAMURÚ,7pkd
RUA  CARAVELAS (BARRA DO CEARÁ),7pkd
RUA  CARDOSO DE BARROS,7pkd
RUA  CARICIA DE MENINA,7pkd3
RUA  CARIJÓ,7pk
RUA  CARIMBA,7pkd
RUA  CARIRIACU,7pkd
RUA  CARIRIS,7pkd
RUA  CARIRÉ,7pkd
RUA  CARIÚS,7pkd
RUA  CARLA BEZERRA SABOIA,7pkd
RUA  CARLINA,7pkd
RUA  CARLINDO CRUZ,7pkd
RUA  CARLITO PAMPLONA,7pkd
RUA  CARLOS ALBERTO DE SA (CARLITO PAMPLONA),7pkd
RUA  CARLOS ALBERTO GALVÃO,7pkd
RUA  CARLOS ALBERTO ORIA FILHO,7pkd
RUA  CARLOS AMORA,7pkdd
RUA  CARLOS ARAÚJO,7pkd
RUA  CARLOS ARGEMIRO DE CAMARGO,7pkd
RUA  CARLOS AUGUSTO,7pkd
RUA  CARLOS BARBOSA,7pkd
RUA  CARLOS BRAGA,7pkd
RUA  CARLOS CHAGAS,7pkd
RUA  CARLOS CHAGAS (BARRA DO CEARÁ),7pkd
RUA  CARLOS CÂMARA,7pkdd
RUA  CARLOS EDUARDO DE OLIVEIRA,7pkd3
RUA  CARLOS ESTEVO,7pkd
RUA  CARLOS GOMES,7pkd
RUA  CARLOS GONDIM,7pkd
RUA  CARLOS JEREISSATE,7pkd
RUA  CARLOS JUAÇABA,7pkd
RUA  CARLOS LAMARCA,7pkd3
RUA  CARLOS MACHADO,7pkd
RUA  CARLOS MAGNO,7pkd
RUA  CARLOS MENEN,7pkd
RUA  CARLOS PIMENTEL,7pkd
RUA  CARLOS RIBEIRO,7pkd
RUA  CARLOS SEVERO,7pkd
RUA  CARLOS STUDART,7pkd
RUA  CARLOS TERTULIANO,7pkd
RUA  CARLOS VASCONCELOS,7pkd
RUA  CARLOS WALRAVEN,7pkd
RUA  CARLOTA PINHEIRO,7pkd
RUA  CARLOTA RODRIGUES,7pkd
RUA  CARMEM MIRANDA,7pkd
RUA  CARMEN CINIRA,7pkd
RUA  CARMINDA PESSOA,7pkd
RUA  CARNAUBAL,7pkd
RUA  CARNEIRO ALVES,7pkd
RUA  CARNEIRO DA CUNHA,7pkd
RUA  CAROLINA (ANCURI),7pkd
RUA  CAROLINA PAIVA,7pkd
RUA  CAROLINA SUCUPIRA,7pkd
RUA  CAROLINO DE AQUINO,7pkd
RUA  CARTOLA,7pkd
RUA  CARVALHO JÚNIOR,7pkd
RUA  CARVALHO LIMA,7pkd
RUA  CARVALHO MOTA,7pkdd
RUA  CARVALHO NOGUEIRA,7pkd3
RUA  CARVALHO PEREIRA,7pkd
RUA  CASCAVEL,7pkd
RUA  CASIMIRO DE ABREU,7pkd
RUA  CASIMIRO DE SOUSA,7pkd
RUA  CASIMIRO MONTENEGRO,7pkd
RUA  CASTAN,7pkdd
RUA  CASTANHAO,7pkd
RUA  CASTANHEIRA,7pkd
RUA  CASTELO DE CASTRO,7pkdd
RUA  CASTILHO SOARES,7pkdd
RUA  CASTRO ALVES,7pkd
RUA  CASTRO ALVES (CONJUNTO PALMEIRAS),7pkd
RUA  CASTRO DE ALENCAR,7pkd
RUA  CASTRO E SILVA,7pkd
RUA  CASTRO MEIRELES,7pkd
RUA  CASTRO MONTE,7pkd
RUA  CASTRO VIEIRA,7pkd
RUA  CATARINA LABOURÉ,7pkd
RUA  CATOLÉ,7pkd
RUA  CATOLÉ (JARDIM DAS OLIVEIRAS),7pkd
RUA  CATULO CEARENSE,7pkd
RUA  CATÃO MAMEDE,7pkd
RUA  CAUBI,7pkd
RUA  CAVALO MARINHO,7pkd
RUA  CAXIAS,7pkd
RUA  CAZUZA FERREIRA,7pkd
RUA  CEARIM,7pkd
RUA  CEARÁ,7pkdd
RUA  CECI,7pkd
RUA  CECIL SALGADO,7pkd
RUA  CECILIA BEZERRA,7pkd
RUA  CECILIA CAVALCANTE LIMA,7pkd
RUA  CECILIA MARIA CAVALCANTE,7pkd3
RUA  CECILIA MEIRELES,7pkd
RUA  CECÍLIA MEIRELES,7pkd
RUA  CEDRO (CID JD FORT GLEBA A),7pkd
RUA  CEIANE GONDIM,7pkd3
RUA  CELESTE ARRUDA,7pkd
RUA  CELESTE MIRANDA,7pkd
RUA  CELESTINO FLORENCA,7pkd
RUA  CELESTINO RODRIGUES DE VASCONCELOS,7pkd
RUA  CELSO LUÍS DE SOUSA GIRÃO,7pkd
RUA  CENTO E UM,7pkd
RUA  CENTRAL,7pkd
RUA  CENTRAL (VICENTE PINZON),7pkd
RUA  CENTRAL DO LOTEAMENTO CAJAZEIRAS I,7pkd
RUA  CENTRAL DO LOTEAMENTO PARQUE MESSEJANA,7pkd
RUA  CENTRAL OESTE,7pkd
RUA  CERES,7pkd
RUA  CESAR CORREIA,7pkd
RUA  CESAR LEITE,7pkd
RUA  CESAR ROSAS,7pkdd
RUA  CESARINA BATISTA,7pkd3
RUA  CESÁRIO LANGE,7pkd
RUA  CETAMA,7pkdd
RUA  CEZÍDIO ALBUQUERQUE,7pkd
RUA  CHARLES CHAPLIM,7pkd
RUA  CHASTINET GUIMARÃES,7pkd
RUA  CHAVAL,7pkdd
RUA  CHICO FEITOSA DO COCOCI,7pkd
RUA  CHICO FRANÇA,7pkd
RUA  CHICO LEMOS,7pkd
RUA  CHICO MENDES,7pkd
RUA  CHICO MENDES (ANCURI),7pkd
RUA  CHICO MENDES (BARRA DO CEARÁ),7pkd
RUA  CHICO MENDES (CJ BARROSO II),7pkd
RUA  CHICO MENDES (COAÇU),7pkd
RUA  CHICO MENDES (CONJUNTO PALMEIRAS),7pkd
RUA  CHICO MENDES (MONDUBIM),7pkd
RUA  CHICO MENDES (PASSARÉ),7pkd
RUA  CHICO MENDES DO XAPURI,7pkd3
RUA  CHICO MOTA,7pkd
RUA  CHICO SILVESTRE,7pkd
RUA  CHICO XAVIER,7pkd
RUA  CHICO XAVIER (FLORESTA),7pkd
RUA  CHILE,7pkdd
RUA  CHUI (AUTRAN NUNES),7pkd
RUA  CHUÍ,7pkd
RUA  CIBELE,7pkd
RUA  CICERO ROMÃO,7pkd
RUA  CID PEIXOTO DO AMARAL,7pkd
RUA  CIDADE ECOLOGICA,7pkd
RUA  CIDADE RIO BRANCO,7pkd
RUA  CINCO (CANINDEZINHO),7pkd3
RUA  CINCO (LOT CARTIER OSWALDO STUDART),7pkd
RUA  CINCO (LOT RECREIO TROPICAL),7pkd
RUA  CINCO (MONDUBIM),7pkd
RUA  CINCO (PASSARÉ),7pkd
RUA  CINCO (VILA UNIÃO),7pkd
RUA  CINDERELA,7pkd
RUA  CINEASTA EUSÉLIO OLIVEIRA,7pkd
RUA  CIRANDA,7pkd3
RUA  CIRCULAÇÃO 1,7pkd
RUA  CIRO MONTEIRO,7pkd
RUA  CITRINO,7pkd
RUA  CITRINO (SITIO VARJOTA),7pkd3
RUA  CLAILTON PEREIRA DOS SANTOS,7pkd
RUA  CLARA,7pkd
RUA  CLARA NUNES,7pkdd
RUA  CLAREZA,7pkd
RUA  CLARIM,7pkd
RUA  CLARINDO CARNEIRO NETO,7pkd
RUA  CLARINDO PEREIRA,7pkd
RUA  CLAUDINA MARIA,7pk
RUA  CLAUDIO ARAUJO,7pkd
RUA  CLAUDIO BRASIL,7pkd
RUA  CLAUDIO GUIMARAES,7pkd
RUA  CLAUDIO MANOEL,7pkdd
RUA  CLAUDIO MARTINS,7pkd
RUA  CLEITON HELAIDE PIMENTA,7pkd
RUA  CLEMENTE,7pkd
RUA  CLEMENTE E SILVA,7pkd
RUA  CLEMENTE PEREIRA,7pkd
RUA  CLEMENTE SANCHES,7pkd
RUA  CLEMENTE SILVA,7pkd
RUA  CLODOALDO ARRUDA,7pkd
RUA  CLOVIS BEVILAQUA,7pkd
RUA  CLOVIS FONTENELE,7pkd
RUA  CLOVIS METON,7pkd
RUA  CLOVIS RIBEIRO,7pkd
RUA  CLUBE IRACEMA,7pkd
RUA  CLÁUDIO COUTINHO,7pkd
RUA  CLÁUDIO MANOEL DIAS LEITE,7pkd
RUA  CLÉIA,7pkd
RUA  CLÉLIA (CAJAZEIRAS),7pkd
RUA  CLÉLIA (CIDADE DOS FUNCIONÁRIOS),7pkd
RUA  CLÓVIS FONTENELE,7pkd
RUA  CLÓVIS ROLIM,7pkd
RUA  COCHRANE SANTIAGO,7pkd
RUA  CODÓ,7pkd
RUA  COELHO DA FONSECA,7pkd
RUA  COELHO GARCIA,7pkd
RUA  COELHO NETO,7pkd
RUA  COIMBRA,7pkd
RUA  COLOMBIA,7pkdd
RUA  COLOMBO,7pkd3
RUA  CONDADO,7pkd
RUA  CONEFOR,7pkd
RUA  CONEGUNDES RODRIGUES,7pkdd
RUA  CONFÚCIO PAMPLONA,7pkd
RUA  CONRADO CABRAL,7pkd
RUA  CONRADO MALTA,7pkd
RUA  CONSOLAÇÃO,7pkd
RUA  CONSOLAÇÃO (CONJUNTO PALMEIRAS),7pkd
RUA  CONSTANCIA,7pkd
RUA  CONSUELO FREIRE,7pkd
RUA  CONTORNO OESTE DO REASSENTAMENTO TITO BARROS,7pkd
RUA  CONTORNO SUL DO REASSENTAMENTO TITO BARROS,7pkd
RUA  COPÉRNICO,7pkd
RUA  COQUEIRO VERDE,7pkd
RUA  CORAÇÃO DE JESUS,7pkd
RUA  CORAÇÃO DE MARIA,7pkd3
RUA  COREANOS,7pkd
RUA  COREAÚ,7pkd
RUA  CORINTO,7pkd
RUA  CORREGO BONITO,7pkd
RUA  CORREGO DAS FLORES,7pkd
RUA  CORREIA LIMA,7pkdd
RUA  CORRUPIÃO,7pkd
RUA  CORUMBA,7pkd
RUA  COSME ALMEIDA,7pkd
RUA  COSME BENEVIDES DE FREITAS,7pkd
RUA  COSME GERÔNIMO,7pkd
RUA  COSTA BARROS,7pkd
RUA  COSTA DO SOL,7pkd3
RUA  COSTA FREIRE,7pkd3
RUA  COSTA MANSA,7pkd
RUA  COSTA RICA,7pkdd
RUA  COSTA SOUSA,7pkd
RUA  COTELCE,7pkd
RUA  CRATEÚS,7pkdd
RUA  CRAVILÂNDIA,7pkd
RUA  CRAVINA,7pkd
RUA  CREUSA ROCHA,7pkd
RUA  CREUZA ROQUE,7pkd
RUA  CRISANTO MOREIRA DA ROCHA,7pkd
RUA  CRISPIM ALMEIDA,7pkd
RUA  CRISPINA DE FREITAS,7pkd
RUA  CRISTAIS PAULISTA,7pkd
RUA  CRISTAL,7pkd
RUA  CRISTIANO OTONI,7pkd
RUA  CRISTINA,7pkd
RUA  CRISTINA ARAUJO,7pkd
RUA  CRISTO REDENTOR (PASSARÉ),7pkd
RUA  CRISTO REDENTOR (PAUPINA),7pk
RUA  CRISTO REDENTOR (PREFEITO JOSÉ VALTER),7pkd
RUA  CRISTO SALVADOR,7pkd
RUA  CRISTOVAO COLOMBO,7pkd
RUA  CRISTOVÃO,7pkd
RUA  CRUZ ABREU,7pkd
RUA  CRUZ E SOUSA,7pkd
RUA  CRUZ SALDANHA,7pkdd
RUA  CRUZEIRO,7pkd
RUA  CRUZEIRO DO SUL,7pkd
RUA  CRUZEIRO DO SUL (PLANALTO AYRTON SENNA),7pkd
RUA  CUBA,7pkdd
RUA  CUIABA (GENIBAÚ),7pkd
RUA  CUIABÁ,7pkdd
RUA  CUMBICA,7pkd
RUA  CUNHA BARBOSA,7pkd
RUA  CURA D'ARS,7pkd
RUA  CURITIBA,7pkd
RUA  CURIÓ,7pkd
RUA  CUSTÓDIO DE MELO,7pkd
RUA  CÂNDIDO CASTELO BRANCO,7pkd
RUA  CÂNDIDO HOLANDA,7pkdd
RUA  CÂNDIDO MAIA,7pkd
RUA  CÂNDIDO SABINO,7pkd
RUA  CÉLIO BRASIL GIRÃO,7pkd
RUA  CÉSAR FONSECA,7pkd
RUA  CÉSAR FONTENELE,7pkdd
RUA  CÍCERO ALVES DE SOUZA,7pkd
RUA  D,7pkd3
RUA  D ( LOT. EXPEDICIONÁRIOS ),7pkd
RUA  D (BARROSO),7pkd
RUA  D (CID JD FORT GLEBA A),7pkd
RUA  D (CJ BARROSO II),7pkd
RUA  D (CJ COHABECE II),7pkd
RUA  D (CJ JD PRIMAVERA),7pkd
RUA  D (CONJ. BARROSO II),7pkd
RUA  D (CONJ. GUAJERU),7pkd
RUA  D (CONJ. ITAPARICA),7pkd
RUA  D (CONJ. JARDIM FLUMINENSE II),7pkd3
RUA  D (CONJ. RESID. FERNANDO DE NORONHA),7pkd
RUA  D (CONJ. VENEZA TROPICAL),7pkd
RUA  D (GRANJA LISBOA),7pkd3
RUA  D (JARDIM IRACEMA),7pkd
RUA  D (LOT CENTRO DE CONVENCOES),7pkd
RUA  D (LOT JARDIM FORTALEZA),7pkd
RUA  D (LOT JOAO XXIII),7pkd
RUA  D (LOT LAGUNA PARK 6),7pkd
RUA  D (LOT PARAISO VERDE),7pkd3
RUA  D (LOT PLANALTO ALDEOTA SUL),7pkd
RUA  D (LOT ST SIQUEIRA II),7pkd3
RUA  D (LOT VILAGE COLOSSO),7pkd
RUA  D (LOT. CENTRO SUL),7pkdd
RUA  D (LOT. JD. GLEBA K2),7pkd
RUA  D (LOTEAMENTO RESIDENCIAL CÉLIO GURGEL),7pkd
RUA  D (MEDITERRÂNEO INCORP. E CONST.),7pkd
RUA  D (MONDUBIM),7pkd3
RUA  D (MUTIRAO JACIARA),7pkd
RUA  D (MUTIRAO RENASCER III),7pkd
RUA  D (PLANALTO AYRTON SENNA),7pkd
RUA  D (PQ NOVO CEARA),7pk
RUA  D (RES MONDUBIM),7pkd
RUA  D (VILA VELHA),7pkd
RUA  D (VL DOS TEN E SGT),7pkd
RUA  D CJ SAO FRANCISCO DE ASSIS,7pkd3
RUA  D DO CONDOMÍNIO HORIZONTAL DEPUTADO UBIRATAN AGUIAR,7pkd
RUA  D DO CONJUNTO HABITACIONAL PATATIVA DO ASSARÉ,7pkd
RUA  D DO CONJUNTO ITAPERI,7pkd
RUA  D DO CONJUNTO JOÃO PAULO II,7pkd
RUA  D DO CONJUNTO PALMARES,7pkd
RUA  D DO CONJUNTO RESIDENCIAL JOSE EUCLIDES FERREIRA GOMES,7pkd
RUA  D DO LOTEAMENTO AV. DOS EXPEDICIONÁRIOS I,7pkd
RUA  D DO LOTEAMENTO CAJAZEIRAS,7pkd
RUA  D DO LOTEAMENTO CAJAZEIRAS II,7pkd
RUA  D DO LOTEAMENTO CIDADE VERDE,7pkd
RUA  D DO LOTEAMENTO EDITH BARREIRA BRAGA,7pkd
RUA  D DO LOTEAMENTO ESPLANADA DO MONDUBIM,7pkd
RUA  D DO LOTEAMENTO ESPLANADA MESSEJANA,7pkd
RUA  D DO LOTEAMENTO GREEN PARK SUL,7pkd
RUA  D DO LOTEAMENTO JARDIM UNIÃO 1 ETAPA,7pkd
RUA  D DO LOTEAMENTO PARQUE ADRIANO,7pkd
RUA  D DO LOTEAMENTO PARQUE IRAJÁ,7pkd3
RUA  D DO LOTEAMENTO PARQUE MONTENEGRO II,7pkd
RUA  D DO LOTEAMENTO PARQUE PORTELA,7pkd
RUA  D DO LOTEAMENTO RESIDENCIAL DOS BANDEIRANTES,7pkd
RUA  D DO LOTEAMENTO RESIDENCIAL MARCOS FREIRE,7pkd
RUA  D DO LOTEAMENTO RESIDENCIAL NOVO PASSARÉ,7pkd
RUA  D DO LOTEAMENTO VILA OLÍMPICA,7pkd
RUA  D LOT PORTAL DE IRACEMA,7pkd
RUA  D LOTEAMENTO PARQUE MONTENEGRO I,7pkd
RUA  D RES J MARINHO DE VASCONCELOS,7pkd
RUA  D ST PIRIRITIBA IV,7pkd
RUA  D VILA VELHA IV,7pkd
RUA  D. BRÍGIDO,7pkd
RUA  DA ALBACORA,7pkd
RUA  DA ALEGRIA (ALDEOTA),7pkd
RUA  DA ALIANÇA,7pkd
RUA  DA AMBAIBA,7pkd
RUA  DA AMIZADE,7pkd
RUA  DA AMIZADE (BAIRRO GENIBAÚ),7pkd
RUA  DA AMIZADE (PLANALTO AYRTON SENNA),7pkd
RUA  DA ARAPIRACA,7pkd
RUA  DA ASSEMBLEIA,7pkd
RUA  DA ASSUNÇÃO,7pkd
RUA  DA BARAUNA,7pkd
RUA  DA BEIRA,7pkd
RUA  DA BOA VISTA (CIDADE NOVA),7pkd
RUA  DA BOLINA,7pkd
RUA  DA CACHOEIRA,7pkd
RUA  DA CALMARIA,7pkd3
RUA  DA CARAÚBA,7pkd
RUA  DA CAUAN,7pkd
RUA  DA CHESF,7pkd
RUA  DA CIOBA,7pkd
RUA  DA CONCEIÇÃO (BAIRRO PLANALTO AYRTON SENNA),7pkd
RUA  DA CONFIANÇA,7pkd
RUA  DA CONSOLATA,7pkd3
RUA  DA COPAÍBA,7pkd
RUA  DA ECOLOGIA,7pkd
RUA  DA ENCHOVA,7pkd
RUA  DA ESPERANCA,7pkd
RUA  DA FATEIXA,7pkd
RUA  DA FAZENDINHA,7pkd
RUA  DA FEDERACAO,7pkd
RUA  DA FELICIDADE,7pkd
RUA  DA FELICIDADE (PASSARÉ),7pkd
RUA  DA FORÇA,7pkd3
RUA  DA FRATERNIDADE (GENIBAÚ),7pkd
RUA  DA FRATERNIDADE (SIQUEIRA),7pkd3
RUA  DA FÉ,7pkd
RUA  DA GAROUPA,7pkd
RUA  DA GLORIA,7pkd
RUA  DA GLORIA (PLANALTO AYRTON SENNA),7pkd
RUA  DA GLÓRIA (BARROSO),7pkd
RUA  DA GRANJA,7pkd
RUA  DA IGUALDADE,7pkd3
RUA  DA INGAZEIRA,7pkd
RUA  DA LADEIRA,7pkd
RUA  DA LAGOSTA,7pkd
RUA  DA LIBERDADE,7pkd
RUA  DA LIBERDADE (BAIRRO AUTRAN NUNES),7pkd
RUA  DA MANGUEIRA (ANCURI),7pkd
RUA  DA MASSARANDUBA,7pkd
RUA  DA MISSÃO (AEROPORTO),7pkd
RUA  DA MOLIANA,7pkd
RUA  DA MONARQUIA,7pkd
RUA  DA MONGUBA,7pkd
RUA  DA NASCENTE,7pkd
RUA  DA PAZ,7pkd
RUA  DA PAZ (ARACAPÉ),7pkd
RUA  DA PAZ (BARRA DO CEARÁ),7pkd
RUA  DA PAZ (GENIBAÚ),7pkd
RUA  DA PAZ (GRANJA LISBOA),7pkd3
RUA  DA PAZ (PAUPINA),7pk
RUA  DA PAZ (PLANALTO AYRTON SENNA),7pkd
RUA  DA PAZ (SIQUEIRA),7pkd3
RUA  DA PAZ (VILA VELHA),7pkd
RUA  DA PENHA,7pkd
RUA  DA PIMENTA,7pkd
RUA  DA PIÇARRA,7pkd
RUA  DA PONTE GRANDE,7pkd
RUA  DA PRAÇA DO CONJUNTO TASSO JEREISSATI,7pkd
RUA  DA PROSPERIDADE,7pkd
RUA  DA REPÚBLICA,7pkd
RUA  DA REPÚBLICA (AEROLÂNDIA),7pkd
RUA  DA SALEMA,7pkd
RUA  DA SAUDADE,7pkdd
RUA  DA SAUDADE (GENIBAÚ),7pkd
RUA  DA SOLIDARIEDADE,7pkd
RUA  DA SORTE,7pkd3
RUA  DA TIMBAÚBA,7pkd
RUA  DA TRANQUILIDADE,7pkd3
RUA  DA TRINDADE (CIDADE NOVA),7pkd
RUA  DA UBAIA,7pkd
RUA  DA UMBURANA,7pkd
RUA  DA UNIAO,7pkd
RUA  DA VIRTUDE,7pkd3
RUA  DA VITORIA,7pkd
RUA  DABLIU (PASSARÉ),7pkd
RUA  DALLAS,7pkd3
RUA  DALVA DE OLIVEIRA,7pkd
RUA  DALVA DE OLIVEIRA (CONJUNTO PALMEIRAS),7pkd
RUA  DALVA RODRIGUES (S D O),7pkd
RUA  DAMASCENO GIRÃO,7pkdd
RUA  DAMASCO,7pkd
RUA  DAMIAO FERNANDES,7pkdd
RUA  DAMOZEL,7pkd
RUA  DANDARA KETLEY,7pkd3
RUA  DANIEL BRUNO,7pkd
RUA  DANIEL DE CASTRO,7pkd
RUA  DANIEL FURTUOSO DE PAULA,7pkd
RUA  DANIELA PEREZ,7pkd3
RUA  DANIELA SOUZA SILVA,7pkd
RUA  DANIELE BANDEIRA,7pkd
RUA  DANIELE MESQUITA PEREIRA,7pkd
RUA  DARCI RIBEIRO CJ RES ESPER III,7pkd3
RUA  DARCY RIBEIRO,7pkd
RUA  DARCY VARGAS,7pkd3
RUA  DARIL MONTEIRO,7pkd
RUA  DARLIN CAVALCANTE,7pkd
RUA  DAS ACÁCIAS,7pkd3
RUA  DAS ACÁCIAS (JARDIM DAS OLIVEIRAS),7pkd
RUA  DAS ANDREAS,7pkd
RUA  DAS ARARAS,7pkd
RUA  DAS AROEIRAS,7pkd
RUA  DAS BELAS,7pkd
RUA  DAS BROMÉLIAS,7pkd
RUA  DAS CANARIAS,7pkd
RUA  DAS CANOAS,7pkd
RUA  DAS CARAMBOLAS,7pkd
RUA  DAS CARAVELAS,7pkd
RUA  DAS CARNAÚBAS,7pkd
RUA  DAS CASTANHOLAS,7pkd
"RUA  DAS CEREJEIRAS,",7pkd
RUA  DAS COSTUREIRAS,7pkd
RUA  DAS CRIANÇAS,7pkd
RUA  DAS FILIPINAS,7pkd
RUA  DAS FLORES (CAJAZEIRAS),7pkd
RUA  DAS FLORES (MONDUBIM),7pkd
RUA  DAS FLORES (PLANALTO AYRTON SENNA),7pkd
RUA  DAS FLORES CJ DUNAS MUCURIPE,7pkd
RUA  DAS FLORES DO LOTEAMENTO JARDINS DE ALICE E PEREIRA,7pkd
RUA  DAS GAIVOTAS,7pkd
RUA  DAS HELICÔNIAS,7pkd
RUA  DAS HORTAS,7pkd
RUA  DAS JAQUEIRAS,7pkd
RUA  DAS LARANJEIRAS,7pkd
RUA  DAS MANGUEIRAS,7pkd
RUA  DAS MARGARIDAS,7pkd3
RUA  DAS MARISQUEIRAS,7pkd
RUA  DAS OLIMPÍADAS,7pkd
RUA  DAS OLIVEIRAS,7pkd
RUA  DAS ORQUÍDEAS,7pkd
RUA  DAS PAINEIRAS,7pkdd
RUA  DAS PALMAS,7pkd
RUA  DAS PALMEIRAS (PARQUE SANTA ROSA),7pkd3
RUA  DAS PALMEIRAS (PLANALTO AYRTON SENNA),7pkd
RUA  DAS PALMÁCIAS,7pkd
RUA  DAS PEDRINHAS (GENIBAÚ),7pkd
RUA  DAS PEDRINHAS (GRANJA LISBOA),7pkd3
RUA  DAS PITANGAS,7pkd
RUA  DAS ROSAS DO LOTEAMENTO JARDINS DE ALICE E PEREIRA,7pkd
RUA  DAS SERIGUELAS LOT CID ECOLOG,7pkd
RUA  DAS TAPARICAS (BARRA DO CEARA),7pkd
RUA  DAS TARRAFAS,7pkd
RUA  DAS VIOLETAS (JARDIM DAS OLIVEIRAS),7pkd
RUA  DATIVA BARRETO,7pkdd
RUA  DAURA,7pkd
RUA  DE ACESSO AO IGUATEMI,7pkd
RUA  DE PEDESTRE,7pkd
RUA  DE PEDESTRE 09 DO LOTEAMENTO SÃO BERNADO,7pkd
RUA  DE PEDESTRE 5 DO LOTEAMENTO SONHO MEU,7pkdd
RUA  DEDÉ BRASIL,7pkdd
RUA  DELMINDA SILVEIRA,7pkd
RUA  DELMIRO DE FARIAS,7pkdd
RUA  DELMIRO GOUVEIA,7pkd
RUA  DELMIRO JUNIOR,7pkd
RUA  DELTA,7pkd
RUA  DELTA (PASSARÉ),7pkd
RUA  DELTA (VICENTE PINZON),7pkd
RUA  DEMETRIO MENEZES,7pkdd
RUA  DEMOCRATA,7pkd
RUA  DEMÓCRITO ROCHA,7pkd
RUA  DEMÓSTENES BRÍGIDO,7pkd
RUA  DEMÓSTENES CARVALHO,7pkd
RUA  DEOCLECIANO CAVALCANTE,7pkd
RUA  DEOCLECIO ARAUJO,7pkd
RUA  DEOCLÉCIO MAIA GONDIM,7pkd
RUA  DEOPLISTO FEITOSA,7pkd
RUA  DESCARTE BRAGA,7pkd3
RUA  DEUSDEDIT COSTA SOUSA,7pkd
RUA  DEZ (PRAIA DO FUTURO II),7pkd
RUA  DEZENOVE (PASSARÉ),7pkd
RUA  DEZESSEIS (PASSARÉ),7pkd
RUA  DEZOITO (PASSARÉ),7pkd
RUA  DIACUY,7pkdd
RUA  DIADEMA,7pkd
RUA  DIAGONAL DO CONJUNTO JARDIM GLÓRIA,7pkd
RUA  DIAMANTE (MONDUBIM),7pkd
RUA  DIAMANTE (PASSARÉ),7pkd
RUA  DIAMANTE (PEDRAS),7pk
RUA  DIAMANTE (SITIO VARJOTA),7pkd3
RUA  DIAMANTINA,7pkdd
RUA  DIANA,7pkdd
RUA  DIANA ARARIPE CABRAL,7pkd
RUA  DIANA KELLY,7pkd3
RUA  DICO FELICIO,7pkd
RUA  DINA SFAT,7pkd
RUA  DINAMARCA,7pkd
RUA  DIOGO CORREIA,7pkd
RUA  DIOGO FEIJÓ,7pkd
RUA  DIOGO VITAL CRUZ (LOT. SÍTIO CURIÓ),7pkd
RUA  DIOMAR REBOUÇAS,7pkd
RUA  DIONÍSIO ALENCAR FILHO,7pkd
RUA  DIONÍSIO SERQUEIRA,7pkd3
RUA  DIREITA,7pkd
RUA  DIVA,7pkd
RUA  DIVA TAVARES,7pkd
RUA  DIVINA,7pkd3
RUA  DJALMA BENEVIDES,7pkd3
RUA  DJALMA PETIT,7pkd
RUA  DNA JULIETA GURGEL,7pkd
RUA  DNA MARIA INACIA GURGEL,7pkd
RUA  DO ABC,7pkd
RUA  DO ALTO (BAIRRO QUINTINHO CUNHA),7pkd
RUA  DO ANGICO,7pkd
RUA  DO ARUANA,7pkd
RUA  DO AVIÃO,7pkd
RUA  DO AÇO,7pkd
RUA  DO BAMBU,7pkd
RUA  DO BATEL,7pkd
RUA  DO BIJUPIRA,7pkd
RUA  DO BOSQUE DO LOTEAMENTO JARDINS DE ALICE E PEREIRA,7pkd
RUA  DO CAJUEIRO,7pkd
RUA  DO CAMARÃO,7pkd
RUA  DO CAMPO,7pkdd
RUA  DO CANAL (BAIRRO DENDÉ),7pkd
RUA  DO CANAL (BARROSO),7pkd
RUA  DO CANAL (CONJUNTO ESPERANÇA),7pkd3
RUA  DO CANAL (SÃO GERARDO),7pkd
RUA  DO CANÁRIO,7pkd
RUA  DO CARANGUEIJO,7pkd
RUA  DO CEU (PLANALTO AYRTON SENNA),7pkd
RUA  DO CIDADAO,7pkd
RUA  DO CLUBE,7pkd
RUA  DO CONGRESSO,7pkd
RUA  DO COQUEIRO,7pkd
RUA  DO CORRENTE,7pkd
RUA  DO CRUZEIRO,7pk
RUA  DO CÉU,7pkd
RUA  DO CÓRREGO,7pkd
RUA  DO DOURADO,7pkd
RUA  DO ENTARDECER,7pkd
RUA  DO FIM,7pkd
RUA  DO FREIJÓ,7pkd
RUA  DO GALEÃO,7pkd
RUA  DO GELO,7pkd
RUA  DO GIRO,7pkdd
RUA  DO GOVERNO,7pkd
RUA  DO GUAJIRÚ,7pkd
RUA  DO GUARANI,7pkd
RUA  DO HELICÓPTERO,7pkd
RUA  DO HORIZONTE,7pkd
RUA  DO JERERE,7pkd
RUA  DO JUCÁ,7pkd
RUA  DO LABIRINTO,7pkd
RUA  DO LAGO,7pkd
RUA  DO LARGO DO LOTEAMENTO JARDINS DE ALICE E PEREIRA,7pkd
RUA  DO LEME,7pkd
RUA  DO LIRIO (LAGOA REDONDA),7pkd
RUA  DO LIVRAMENTO,7pkd
RUA  DO LÍRIO (BARROSO),7pkd
RUA  DO MANGUE,7pkd
RUA  DO MANGUE (JARDIM DAS OLIVEIRAS),7pkd
RUA  DO MANZUA,7pkd
RUA  DO MARFIM,7pkd
RUA  DO MATADOURO,7pkd
RUA  DO MEIO,7pkd
RUA  DO MEIO(SABIAGUABA),7pkd
RUA  DO MERCADO,7pkd
RUA  DO MIRANTE,7pkd
RUA  DO MIRANTE (LOT PQ ALTAMIRA),7pkd
RUA  DO MORRO,7pkd
RUA  DO MURARÁ,7pkd
RUA  DO MURICIZEIRO,7pkd
RUA  DO NASCIMENTO,7pkd3
RUA  DO ORIENTE,7pkd
RUA  DO ORIENTE (BAIRRO BARRA DO CEARÁ),7pkd
RUA  DO PALÁCIO,7pkd
RUA  DO PARAISO,7pkd
RUA  DO PARLAMENTO,7pkd
RUA  DO PARQUE,7pkd
RUA  DO PENSAMENTO,7pkd
RUA  DO PEREIRO (JANGURUSSU),7pkd
RUA  DO PLANALTO,7pkd
RUA  DO POCINHO,7pkd
RUA  DO POENTE,7pkd
RUA  DO POMAR,7pkd
RUA  DO PRINCIPADO,7pkd
RUA  DO RASTRO,7pkd
RUA  DO REAL,7pkd
RUA  DO REINADO,7pkd
RUA  DO RIACHO,7pkd3
RUA  DO ROSÁRIO,7pkd
RUA  DO SAMBURA,7pkd
RUA  DO SERENO,7pkd
RUA  DO SOBRADO,7pkd3
RUA  DO SOL (PLANALTO AYRTON SENNA),7pkd
RUA  DO SOL 1 DO LOTEAMENTO PLANALTO CIDADE NOVA,7pkd
RUA  DO SOL II DO LOTEAMENTO PLANALTO CIDADE NOVA,7pkd
RUA  DO SOSSEGO,7pkd3
RUA  DO TAMARINDO,7pkd
RUA  DO TRABALHO,7pkd
RUA  DO TRAPIÁ,7pkd
RUA  DO TRILHO,7pkd
RUA  DO ULTRALEVE,7pkd
RUA  DO VENTO,7pkd
RUA  DOCA SALES,7pkd
RUA  DOIS (ATACADAO SERRINHA),7pkd
RUA  DOIS (BOM JARDIM),7pkd3
RUA  DOIS (CANINDEZINHO),7pkd3
RUA  DOIS (DIAS MACEDO),7pkd
RUA  DOIS (LOT CARTIER OSWALDO STUDART),7pkd
RUA  DOIS (VILA UNIÃO),7pkd
RUA  DOIS (VILA VELHA),7pkd
RUA  DOIS DE MAIO,7pkdd
RUA  DOIS DO LOTEAMENTO FERNANDO JORGE DIAS DE SOUZA,7pkd
RUA  DOIS IRMAOS (ANCURI),7pkd
RUA  DOIS IRMAOS (PAUPINA),7pkd
RUA  DOIS IRMAOS (SIQUEIRA),7pkd3
RUA  DOLORES BORGES,7pkd
RUA  DOLORES DE ALENCAR,7pkd
RUA  DOLORES DURAN,7pkd
RUA  DOM CLAUDIO HUMMES,7pkd
RUA  DOMINGOS ALVES RIBEIRO,7pkd
RUA  DOMINGOS BRAGA,7pkd
RUA  DOMINGOS DA VEIGA,7pkd
RUA  DOMINGOS JAGUARIBE,7pkd
RUA  DOMINGOS LOPES,7pkdd
RUA  DOMINGOS RAIOL,7pkd
RUA  DOMINGOS SÁVIO,7pkd
RUA  DONA LÚCIA PINHEIRO,7pkd
RUA  DONATÍLIA CARVALHO,7pkd
RUA  DONDOM FEITOSA,7pkdd
RUA  DONZELA,7pkd
RUA  DORALICE COSTA,7pkd
RUA  DORIS TEREZA,7pkd
RUA  DOROTHY STANG,7pkd
RUA  DOS ABOLICIONISTAS,7pkd
RUA  DOS ALECRINS,7pkd
RUA  DOS AMIGOS,7pkd
RUA  DOS AMONTADOS,7pkd
RUA  DOS AMORES,7pkd
RUA  DOS ANCIÕES,7pkd
RUA  DOS ANTARES,7pkd
RUA  DOS ARARIÚS,7pkd
RUA  DOS ARTESÕES,7pkd
RUA  DOS BANDEIRANTES,7pkd
RUA  DOS BÚZIOS ( CONJ. STA TEREZINHA),7pkd
RUA  DOS CAJUEIROS,7pkd
RUA  DOS CAMPEÕES,7pkd
RUA  DOS CANUDOS,7pkd
RUA  DOS COELHOS,7pkd
RUA  DOS COELHOS (PLANALTO),7pkd
RUA  DOS COQUEIROS (BAIRRO EDSON QUEIROZ),7pkd
RUA  DOS COSMONAUTAS,7pkd3
RUA  DOS ENCONTROS,7pkd
RUA  DOS ESTADOS,7pkdd
RUA  DOS EVANGÉLICOS,7pkd
RUA  DOS FARRAPOS,7pkd
RUA  DOS GUANACÉS,7pkd
RUA  DOS HOLANDESES,7pkd
RUA  DOS JACARANDAS (CID JD FORT GLEBA A),7pkd
RUA  DOS JAMBOS (BAIRRO EDSON QUEIROZ),7pkd
RUA  DOS JANGADEIROS,7pkd
RUA  DOS JASMINS,7pkd
RUA  DOS JATOBÁS,7pkd
RUA  DOS MAIAS,7pkd
RUA  DOS MANDACARÚS,7pkd
RUA  DOS MANGUEZAIS,7pkd
RUA  DOS MENINOS VERDES,7pkd
RUA  DOS MILAGRES,7pkd
RUA  DOS MINISTÉRIOS,7pkd
RUA  DOS MONARCAS,7pkdd
RUA  DOS MURICIS,7pkd
RUA  DOS OITIS,7pkd
RUA  DOS PACAJUS,7pkd
RUA  DOS PESCADORES (CRISTO REDENTOR),7pkd
RUA  DOS PESCADORES (QUINTINO CUNHA),7pkd
RUA  DOS PINHAIS,7pkd
RUA  DOS POTIGUARAS,7pkd
RUA  DOS PRADOS,7pkd
RUA  DOS SABIÁS,7pkd
RUA  DOS SAPOTIS,7pkd
RUA  DOS SEIXAS,7pkd
RUA  DOS TABAJARAS,7pkd
RUA  DOS TREMEMBÉS,7pkd
RUA  DOS TREVOS,7pkd3
RUA  DOUGLAS MARSHALL,7pkd
RUA  DOURADO,7pkd
RUA  DRAGÃO DO MAR,7pkd
RUA  DRÁCON BARRETO,7pkdd
RUA  DUARTE COELHO,7pkd
RUA  DUARTE DA COSTA,7pkd
RUA  DUARTE PIMENTEL,7pkd
RUA  DUAS NAÇÕES,7pkd3
RUA  DULCINÉIA GONDIM,7pkdd
RUA  DURVAL PEIXOTO COSTA,7pkd
RUA  DURVALINO GUEDES ALMEIDA,7pkd3
RUA  DÁLIA,7pkd
RUA  DÉCIO DE CASTRO,7pkd
RUA  E (BARRA DO CEARÁ),7pkd
RUA  E (CJ JD PRIMAVERA),7pkd
RUA  E (CJ NOVA RESIDENCIA),7pkd3
RUA  E (CJ VILA VELHA II),7pkd
RUA  E (CONJ. BARROSO II),7pkd
RUA  E (CONJ. GUAJERU),7pkd
RUA  E (CONJ. ITAPARICA),7pkd
RUA  E (CONJ. JARDIM FLUMINENSE II),7pkd3
RUA  E (CONJ. JOÃO PAULO II),7pkd
RUA  E (CONJ. RES. ALMIRANTE D AVILA E ALBUQUERQUE),7pkd
RUA  E (CONJ. SANTA LUZIA DO COCÓ),7pkd
RUA  E (CONJ. VENEZA TROPICAL),7pkd
RUA  E (LOT EXPEDICIONARIOS II),7pkd
RUA  E (LOT PQ SIQUEIRA),7pkd3
RUA  E (LOT RETIRO GRANDE),7pkd
RUA  E (LOT. GRANJA CEAVE),7pkd
RUA  E (LOT. JD. GLEBA K2),7pkd
RUA  E (LOT. JOÃO XXIII),7pkd
RUA  E (LOT. NOVO PARQUE LAGOA REDONDA),7pkd
RUA  E (LOTEAMENTO RESIDENCIAL CÉLIO GURGEL),7pkd
RUA  E (MEDITERRÂNEO INCORP. E CONST.),7pkd
RUA  E (MONDUBIM),7pkd 7pkd3
RUA  E (MUTIRAO RENASCER III),7pkd
RUA  E (PASSARÉ),7pkd
RUA  E (VILA VELHA),7pkd
RUA  E 3 DO LOTEAMENTO PORTAL DAS OLIVEIRAS,7pkd
RUA  E 4 DO LOTEAMENTO PORTAL DAS OLIVEIRAS,7pkd
RUA  E 5 DO LOTEAMENTO PORTAL DAS OLIVEIRAS,7pkd
RUA  E CJ SAO FRANCISCO DE ASSIS,7pkd3
RUA  E DO CONDOMÍNIO HORIZONTAL DEPUTADO UBIRATAN AGUIAR,7pkd
RUA  E DO CONJUNTO ITAPERI,7pkd
RUA  E DO CONJUNTO RESIDENCIAL JOSE EUCLIDES FERREIRA GOMES,7pkd
RUA  E DO LOTEAMENTO AV. DOS EXPEDICIONÁRIOS I,7pkd
RUA  E DO LOTEAMENTO CAJAZEIRAS II,7pkd
RUA  E DO LOTEAMENTO CIDADE JARDIM,7pkd
RUA  E DO LOTEAMENTO CIDADE VERDE,7pkd
RUA  E DO LOTEAMENTO ESPLANADA DO MONDUBIM,7pkd
RUA  E DO LOTEAMENTO JARDIM UNIÃO 1 ETAPA,7pkd
RUA  E DO LOTEAMENTO MORUMBI I,7pkd
RUA  E DO LOTEAMENTO PARQUE IRAJÁ,7pkd3
RUA  E DO LOTEAMENTO PARQUE MONTENEGRO II,7pkd
RUA  E DO LOTEAMENTO PARQUE SANTA FILOMENA,7pkd
RUA  E DO LOTEAMENTO RESIDENCIAL DOS BANDEIRANTES,7pkd
RUA  E DO LOTEAMENTO RESIDENCIAL MARCOS FREIRE,7pkd
RUA  E DO LOTEAMENTO RESIDENCIAL NOVO PASSARÉ,7pkd
RUA  E LOT IMP MONDUBIM,7pkd3
RUA  E LOT PARAISO VERDE,7pkd3
RUA  E LOT SIQUEIRA,7pkd3
RUA  E LOTEAMENTO PARQUE MONTENEGRO I,7pkd
RUA  E PAC,7pkdd
RUA  E PQ NOVO CEARA,7pkd
RUA  ECILDA DE QUEIROZ,7pkd
RUA  EDGAR BORGES,7pkd
RUA  EDGAR DAMASCENO,7pkd
RUA  EDGAR DAMASCENO (BARRA DO CEARÁ),7pkd
RUA  EDGAR FALCÃO,7pkd
RUA  EDGAR PINHO FILHO,7pkd
RUA  EDGARD RODRIGUES NOGUEIRA,7pkd
RUA  EDILBERTO ORIÁ,7pkd
RUA  EDILSON BARROS DE OLIVEIRA,7pkd
RUA  EDILSON CANDEIA,7pkd
RUA  EDILSON GOMES,7pkdd
RUA  EDILSON JUNIOR,7pkd
RUA  EDITE BRAGA,7pkdd
RUA  EDIVALDO SANTIAGO,7pkd
RUA  EDMAR VILLAR DE QUEIROZ,7pkd
RUA  EDMILSON COELHO (CJ CURIO),7pkd
RUA  EDMILSON NOGUEIRA,7pkd
RUA  EDMUNDO FALCÃO,7pkd
RUA  EDMUNDO LINHARES,7pkdd
RUA  EDNA FLAVIA,7pkd
RUA  EDNALDA SANTOS,7pkd
RUA  EDNO ALVES DE OLIVEIRA,7pkd
RUA  EDSON ALVES DE OLIVEIRA,7pkd
RUA  EDSON BRASIL (PARQUE DOIS IRMÃOS),7pkd
RUA  EDSON MARTINS,7pkd3
RUA  EDU DA GAITA,7pkd
RUA  EDUARDO ANGELIM,7pkdd
RUA  EDUARDO ARAÚJO NETO,7pkd
RUA  EDUARDO BEZERRA,7pkd
RUA  EDUARDO CAMPOS,7pkd
RUA  EDUARDO GARCIA,7pkd
RUA  EDUARDO GUIMARAES,7pkd
RUA  EDUARDO NOVAES,7pkd
RUA  EDUARDO PERDIGÃO,7pkdd
RUA  EDUARDO PEREIRA,7pkd
RUA  EDUARDO PORTO,7pkd
RUA  EDUARDO SABÓIA,7pkd
RUA  EDUARDO SALGADO,7pkd
RUA  EDUARDO STUDART,7pkd
RUA  EDVAL BEZERRA,7pkd3
RUA  EDÉZIO MONTEIRO,7pkd
RUA  EDÍLIA REGO BARROS,7pkd
RUA  EFIGENIA (LAGOA REDONDA),7pkd
RUA  EFIZIO GURGEL,7pkd
RUA  EFREM GONDIM,7pkd
RUA  EGILSON MESQUITA,7pkd
RUA  EGÍDIO DE OLIVEIRA,7pkd
RUA  EINSTEIN (VILA PERY),7pkd3
RUA  ELANE CAVALCANTE,7pkd
RUA  ELANO PRADO,7pkd
RUA  ELCIAS LOPES,7pkdd
RUA  ELDORADO,7pkd
RUA  ELESBÃO VELOSO,7pkd
RUA  ELIAN DE AGUIAR MENDES,7pkd
RUA  ELIAS DE FREITAS (JD UNIAO),7pkd
RUA  ELIAS FRANCISCO,7pkd
RUA  ELISA DE OLIVEIRA,7pkd
RUA  ELISEU BECCO FILHO,7pkd
RUA  ELISEU CASTELO BRANCO,7pkd
RUA  ELISEU UCHOA BECCO,7pkd
RUA  ELISIÁRIO MENDES,7pkd
RUA  ELIZABET FEIJÓ,7pkd
RUA  ELIZABETE TEIXEIRA MOURAO,7pkd
RUA  ELIZABETH MADEIRA,7pkd
RUA  ELIZETE CARDOSO,7pkd
RUA  ELIZEU BARROS DE SOUZA,7pkd
RUA  ELIZEU ORIÁ,7pkd
RUA  ELIZEU VIANA,7pkd
RUA  ELIÉZER DE FREITAS GUIMARÃES,7pkd
RUA  ELMIRA,7pkd
RUA  ELVIRA PINHO,7pkdd
RUA  ELZA LEITE ALBUQUERQUE,7pkd
RUA  EMANUEL,7pkd
RUA  EMBRATEL,7pkd
RUA  EMIDIO LOBO,7pkd
RUA  EMILIA DE CASTRO E SOUSA,7pkd
RUA  EMILIANO DE ALMEIDA BRAGA,7pkd
RUA  EMILIANO QUEIROZ,7pkd
RUA  EMÍLIA FREITAS,7pkd
RUA  EMÍLIA GONÇALVES,7pkd
RUA  EMÍLIO CHASTINET FILHO,7pkd
RUA  EMÍLIO CONDE,7pkd
RUA  EMÍLIO DE MENEZES,7pkd
RUA  EMÍLIO SÁ,7pkd
RUA  ENCANTO DA BARRA,7pkd
RUA  ENGAZEIRO,7pkd
RUA  ENGENHEIRO MARDO FALCÃO,7pkd
RUA  ENIDE MENEZES,7pkd
RUA  ENOQUE FALCAO,7pk
RUA  ENOQUE NOGUEIRA,7pkd
RUA  ENTRADA DA LUA,7pkdd
RUA  EPAMINONDAS FROTA,7pkd
RUA  EPAMINONDAS OLIVEIRA,7pkd
RUA  EPIFANIO LEITE,7pkd
RUA  EPITACIO CRUZ,7pkd
RUA  EPSILON (PASSARÉ),7pkd
RUA  EQUADOR,7pkd
RUA  ERALDO MONTEIRO BARROSO,7pkd
RUA  ERETIDES DE ALENCAR,7pkd
RUA  ERETIDES MARTINS,7pkd
RUA  ERIBERTO ONOFRE,7pkd
RUA  ERINEU RAMOS,7pkd3
RUA  ERIVELTON MARTINS,7pk
RUA  ERNESTO IGEL,7pkd
RUA  ERNESTO PEDRO DOS SANTOS,7pkdd
RUA  ERNESTO VELOSO,7pkd
RUA  ERONDINA CAVALCANTE,7pkd
RUA  ESCOLAR,7pkd
RUA  ESMERALDA,7pkd
RUA  ESMERALDA (MONDUBIM),7pkd
RUA  ESMERALDA (SITIO VARJOTA),7pkd3
RUA  ESMERINDA MENDES,7pkd
RUA  ESMIRNA,7pkd
RUA  ESPANHA,7pkd
RUA  ESPERANCA (VICENTE PINZON),7pkd
RUA  ESPERANTINA,7pkd
RUA  ESPERANTO,7pkdd
RUA  ESPERANÇA,7pkd
RUA  ESPERANÇA (JARDIM DAS OLIVEIRAS),7pkd
RUA  ESPÍRITO SANTO,7pkdd
RUA  ESTADO DO RIO,7pkdd
RUA  ESTEFANIA,7pkdd
RUA  ESTEFANIA ROCHA BEZERRA,7pkd
RUA  ESTEFÂNIA MENDES MOTA,7pkd
RUA  ESTEFÂNIA SALGADO,7pkd
RUA  ESTELA MARQUES,7pkd
RUA  ESTER MELO,7pkd
RUA  ESTEVAO DE MELO,7pkd
RUA  ESTEVÃO DE CAMPOS,7pkd
RUA  ESTEVÃO DE MIRANDA,7pkd
RUA  ESTOCOLMO,7pkd
RUA  ESTRELA DALVA,7pkd
RUA  ESTRELA DE OURO,7pkd
RUA  ESTRELA DO MAR,7pkd
RUA  ESTRELA DO NORTE,7pkd 7pkdd
RUA  ESTRELA DO ORIENTE,7pkd
RUA  ESTRELINHA,7pkd
RUA  ETA,7pkd
RUA  ETEL ANAJO,7pkd
RUA  EUCALIPTO,7pkd
RUA  EUCLIDES DA CUNHA,7pkdd
RUA  EUCLIDES ONOFRE DE SOUZA,7pkd
RUA  EUDES CARDOSO,7pkd
RUA  EUFRÁSIO FEITOSA,7pkd
RUA  EUGENIA,7pkdd
RUA  EUGÊNIO GADELHA,7pkdd
RUA  EUGÊNIO PORTO,7pkd
RUA  EUNICE,7pkd
RUA  EUNICE DOS SANTOS FREITAS,7pkdd
RUA  EURICO FACÓ,7pkd
RUA  EURICO MEDINA,7pkd
RUA  EUSTÁQUIO PEIXE,7pkd
RUA  EUSÉBIO DE QUEIRÓS,7pkdd
RUA  EUSÉBIO DE SOUSA,7pkd
RUA  EUZEBIO DE PAULA,7pkd
RUA  EVA,7pkd
RUA  EVALDO BRAGA,7pkd
RUA  EVANDRO LUZ,7pkdd
RUA  EVARISTO DA VEIGA,7pkd
RUA  EVARISTO DE CASTRO,7pkd
RUA  EVARISTO REIS,7pkd
RUA  EX-COMBATENTE,7pkdd
RUA  EXPE O MOREIRA,7pkd
RUA  EXPE O XAVIER,7pkd
RUA  EXPEDITO MADRUGA MONTE,7pkd
RUA  EZEQUIEL,7pkd
RUA  EÇA DE QUEIRÓS,7pkd3
RUA  F (BARRA DO CEARÁ),7pkd
RUA  F (CANINDEZINHO),7pkd3
RUA  F (CID JD FORT GLEBA A),7pkd
RUA  F (CJ PLANALTO MIRASSOL),7pkd
RUA  F (CONJ. GUAJERU),7pkd
RUA  F (CONJ. RES. JARDIM PRIMAVERA),7pkd
RUA  F (CONJ. SANTA LUZIA DO COCÓ),7pkd
RUA  F (CONJ. VENEZA TROPICAL),7pkd
RUA  F (GRANJA LISBOA),7pkd3
RUA  F (LOT EXPEDICIONÁRIOS II),7pkd
RUA  F (LOT PARQUE SIQUEIRA),7pkd3
RUA  F (LOT PLANALTO ALDEOTA SUL),7pkd
RUA  F (LOT PLANALTO NOVO COACU),7pkd
RUA  F (LOT. CENTRO SUL),7pkdd
RUA  F (LOT. GRANJA CEAVE),7pkd
RUA  F (LOT. JD. GLEBA K2),7pkd
RUA  F (LOT. NOVO PARQUE LAGOA REDONDA),7pkd
RUA  F (LOTEAMENTO RESIDENCIAL CÉLIO GURGEL),7pkd
RUA  F (LT EDITH BARREIRA BRAGA),7pkd
RUA  F (MEDITERRÂNEO INCORP. E CONST.),7pkd
RUA  F (MUTIRAO RENASCER III),7pkd
RUA  F (PLANALTO AYRTON SENNA),7pkd
RUA  F (PLANALTO GALILEIA II),7pkd
RUA  F CAIS DO PORTO,7pkd
RUA  F CJ ITAPERI,7pkd
RUA  F CJ RESD ITAPARICA,7pkd
RUA  F DO CONDOMÍNIO HORIZONTAL DEPUTADO UBIRATAN AGUIAR,7pkd
RUA  F DO CONJUNTO HABITACIONAL PATATIVA DO ASSARÉ,7pkd
RUA  F DO CONJUNTO JOÃO PAULO II,7pkd
RUA  F DO CONJUNTO RESIDENCIAL JOSE EUCLIDES FERREIRA GOMES,7pkd
RUA  F DO LOTEAMENTO AV. DOS EXPEDICIONÁRIOS I,7pkd
RUA  F DO LOTEAMENTO CAJAZEIRAS II,7pkd
RUA  F DO LOTEAMENTO CIDADE VERDE,7pkd
RUA  F DO LOTEAMENTO ESPLANADA DO MONDUBIM,7pkd
RUA  F DO LOTEAMENTO ESPLANADA MESSEJANA,7pkd
RUA  F DO LOTEAMENTO JARDIM MESSEJANA,7pkd
RUA  F DO LOTEAMENTO JARDIM UNIÃO 1 ETAPA,7pkd
RUA  F DO LOTEAMENTO MORUMBI I,7pkd
RUA  F DO LOTEAMENTO PARQUE ADRIANO,7pkd
RUA  F DO LOTEAMENTO PARQUE MONTENEGRO II,7pkd
RUA  F DO LOTEAMENTO PARQUE SANTA FILOMENA,7pkd
RUA  F DO LOTEAMENTO RESIDENCIAL DOS BANDEIRANTES,7pkd
RUA  F DO LOTEAMENTO RESIDENCIAL NOVO PASSARÉ,7pkd
RUA  F LOT PAPICU,7pkd
RUA  F LOT PARAISO VERDE,7pkd3
RUA  F LOT ST PIRIRIT IV,7pkd
RUA  F LOTEAMENTO PARQUE MONTENEGRO I,7pkd
RUA  F PQ NOVO CEARA,7pk
RUA  F RES MONDUBIM,7pkd
RUA  F VILA VELHA,7pkd
RUA  F VILAGE AGUA FRIA,7pkd
RUA  FABIANO DE CRISTO,7pkd
RUA  FAGUNDES VARELA,7pkd
RUA  FARIAS LEMOS,7pkd
RUA  FATIMA EDWIRGES,7pkd
RUA  FAUSTO AGUIAR,7pkd
RUA  FAUSTO CABRAL,7pkd
RUA  FAUSTO DOS SANTOS,7pkd
RUA  FCO MONTENEGRO LOTEAMENTO ESPLANADA SUMARÉ,7pkd3
RUA  FELICIANO JÚNIOR,7pkd
RUA  FELICIDADE,7pkd
RUA  FELICIDADE (SIQUEIRA),7pkd3
RUA  FELIPE DOS SANTOS,7pkd
RUA  FELIPE MOTA DE FREITAS,7pkd3
RUA  FELIPE NERY,7pkd
RUA  FELISTEU,7pkd
RUA  FENELON BOMÍLCAR,7pkd
RUA  FERDINANDO ALVES DE SOUZA,7pkd
RUA  FERNANDES BENEVIDES,7pkd
RUA  FERNANDES HUGO,7pkd
RUA  FERNANDO DIAS,7pkd
RUA  FERNANDO F. DE MELO,7pkd
RUA  FERNANDO FIALHO,7pkd
RUA  FERNANDO HOLANDA DE OLIVEIRA,7pkd
RUA  FERNANDO PINHEIRO,7pkd
RUA  FERNANDO SANTOS,7pkd
RUA  FERNANDO WEYNE,7pkd
RUA  FERNÃO MAGALHÃES,7pkdd
RUA  FERREIRA ARAÚJO,7pkd
RUA  FERREIRA DOS SANTOS,7pkd
RUA  FERREIRA LIMA,7pkd
RUA  FIDEL CASTRO,7pkd
RUA  FILADELFIA,7pkd
RUA  FILGUEIRAS LIMA,7pkdd
RUA  FILIPE CAMARÃO,7pkd
RUA  FINLÂNDIA,7pkd
RUA  FIRMINO RIVEIRA,7pkd3
RUA  FIRMINO ROCHA AGUIAR,7pkd
RUA  FIRMO ANANIAS CARDOSO,7pkd
RUA  FIÚZA DE PONTES,7pkd
RUA  FLAVIA CAMILY DE OLIVEIRA,7pkd
RUA  FLAVIO LIMA,7pkd
RUA  FLOR DE LIS,7pkdd
RUA  FLOR DE LIZ,7pkd3
RUA  FLOR DE SANTANA,7pkd
RUA  FLOR DO CAMPO,7pkd
RUA  FLOR DO CAMPO (JANGURUSSU),7pkd
RUA  FLORA VERDE,7pkd
"RUA  FLORES, DAS (BARRA DO CEARÁ)",7pkd
RUA  FLORESTA,7pkd
RUA  FLORIANO PEIXOTO,7pkd
RUA  FLORIANO REGIS,7pkd
RUA  FLORIANOPOLIS,7pkdd
RUA  FLORIDA,7pkd
RUA  FLORO BARTOLOMEU,7pkd
RUA  FLORÊNCIO COELHO HOLANDA,7pkd
RUA  FLORÊNCIO FONTENELLE,7pkd
RUA  FLÁVIO OLIVEIRA,7pkd
RUA  FONSECA LOBO,7pkd
RUA  FORMOSA,7pkd
RUA  FORTALEZA,7pkd
RUA  FRANCA GERONIMO,7pkd
RUA  FRANCA MARTINS,7pkd
RUA  FRANCANA,7pkd
RUA  FRANCESES,7pkd
RUA  FRANCFORT,7pkd
RUA  FRANCICO FEITOSA I,7pkd
RUA  FRANCIMAR PEREIRA DOS SANTOS,7pkd
RUA  FRANCINEUDA SAMPAIO LIMA,7pkd3
RUA  FRANCISCA ALVES DE MELO,7pkd
RUA  FRANCISCA AMÉLIA,7pkd
RUA  FRANCISCA B. LIMA,7pkd
RUA  FRANCISCA BEZERRA,7pkd
RUA  FRANCISCA CLOTILDE,7pkdd
RUA  FRANCISCA DE ARAÚJO PEREIRA,7pkd
RUA  FRANCISCA GUIMARAES,7pkd
RUA  FRANCISCA HELENA,7pkd
RUA  FRANCISCA MARIA DA CONCEIÇÃO,7pkd
RUA  FRANCISCA MARIA SECUNDO,7pkd
RUA  FRANCISCA MARIA TAVARES,7pkd3
RUA  FRANCISCA NOGUEIRA RAMOS,7pkd
RUA  FRANCISCA RANGEL,7pkdd
RUA  FRANCISCA RODRIGUES,7pkd
RUA  FRANCISCA TARCIANA ROCHA,7pkd
RUA  FRANCISCA VIEIRA,7pkd3
RUA  FRANCISCO (CRISTO REDENTOR),7pkd
RUA  FRANCISCO (PICI),7pkd
RUA  FRANCISCO ABDIAS ROLIM MACHADO,7pkd
RUA  FRANCISCO ALMEIDA,7pkd
RUA  FRANCISCO ALVES,7pkdd
RUA  FRANCISCO ALVES (JACARECANGA),7pkd
RUA  FRANCISCO ALVES (MONDUBIM),7pkd
RUA  FRANCISCO ALVES PEREIRA,7pkd
RUA  FRANCISCO ALVES RIBEIRO,7pkd
RUA  FRANCISCO ANDRÉ,7pkd
RUA  FRANCISCO AVELINO,7pkd
RUA  FRANCISCO BARBOSA PINHEIRO,7pkd
RUA  FRANCISCO BATISTA DA SILVA,7pkd
RUA  FRANCISCO BENTO (MONDUBIM),7pkd
RUA  FRANCISCO BENTO FERREIRA,7pkd
RUA  FRANCISCO BORGES SOARES,7pkd
RUA  FRANCISCO CALAÇA,7pkd
RUA  FRANCISCO CARVALHO E SILVA,7pkd
RUA  FRANCISCO CAVALCANTE,7pkd
RUA  FRANCISCO CORDEIRO,7pkd
RUA  FRANCISCO COSTA,7pkd
RUA  FRANCISCO DANTAS,7pkd
RUA  FRANCISCO DAS CHAGAS,7pkd
RUA  FRANCISCO DAS CHAGAS FREITAS,7pkd
RUA  FRANCISCO DAS CHAGAS MENDES,7pkd
RUA  FRANCISCO DE ASSIS (JANGURUSSU),7pkd
RUA  FRANCISCO DE ASSIS (PAUPINA),7pkd
RUA  FRANCISCO DE ASSIS DA SILVA BARBOSA,7pkd
RUA  FRANCISCO DE ASSIS LOBO,7pkd
RUA  FRANCISCO DE SALES,7pkd
RUA  FRANCISCO DIAS RIBEIRO,7pkd
RUA  FRANCISCO DOMINGOS,7pkd3
RUA  FRANCISCO EDILSON DA SILVA,7pkd
RUA  FRANCISCO FARIAS FILHO,7pkd
RUA  FRANCISCO FEITOSA,7pkd
RUA  FRANCISCO FERREIRA,7pkd
RUA  FRANCISCO FERREIRA BAIMA,7pkd
RUA  FRANCISCO FLAVIO,7pkd
RUA  FRANCISCO FRANCÍLIO DOURADO DA SILVA,7pkd
RUA  FRANCISCO FREITAS,7pkdd
RUA  FRANCISCO GLICÉRIO,7pkd
RUA  FRANCISCO HIPOLITO,7pkdd
RUA  FRANCISCO HOLANDA,7pkd
RUA  FRANCISCO IGOR,7pkd
RUA  FRANCISCO INÁCIO,7pkd
RUA  FRANCISCO JARDILINO,7pkd
RUA  FRANCISCO JOSE COSTA (PEDRAS),7pk
RUA  FRANCISCO JOSE FER DOS SANTOS,7pkd
RUA  FRANCISCO JOSINO DA COSTA,7pkd
RUA  FRANCISCO JOSÉ ALBUQUERQUE PEREIRA,7pkd
RUA  FRANCISCO JOSÉ DA COSTA,7pkd
RUA  FRANCISCO LEANDRO,7pkd
RUA  FRANCISCO LIMA,7pkd
RUA  FRANCISCO LIMA DA SILVA (JANGURUSSU),7pkd
RUA  FRANCISCO M DE SOUSA NETO,7pkd
RUA  FRANCISCO MACHADO,7pkd3
RUA  FRANCISCO MANOEL BONFIM DE CARVALHO,7pkd
RUA  FRANCISCO MARTINIANO BARBOSA,7pkd
RUA  FRANCISCO MARTO DE ARAÚJO TEIXEIRA,7pkd
RUA  FRANCISCO MATIAS,7pkd
RUA  FRANCISCO MENDES DE OLIVEIRA,7pkd
RUA  FRANCISCO MOREIRA,7pkd
RUA  FRANCISCO MOTA,7pkd
RUA  FRANCISCO NEIVA,7pkd
RUA  FRANCISCO NEIVA (PAUPINA),7pkd
RUA  FRANCISCO NEPOMUCENO,7pkd
RUA  FRANCISCO NOGUEIRA,7pkd
RUA  FRANCISCO NOGUEIRA DA SILVA,7pkd
RUA  FRANCISCO NOGUEIRA(PRESIDENTE KENNEDY,7pkd
RUA  FRANCISCO PALECIO,7pkd
RUA  FRANCISCO PARACAMPOS,7pkd
RUA  FRANCISCO PEREIRA,7pkd
RUA  FRANCISCO PORFÍRIO DA PONTE,7pkd
RUA  FRANCISCO RAIMUNDO CARVALHO,7pkd
RUA  FRANCISCO RAMOS,7pk 7pkd
RUA  FRANCISCO RIBEIRO,7pkd
RUA  FRANCISCO ROCHA,7pkd
RUA  FRANCISCO SALGADO,7pkd
RUA  FRANCISCO SAPI,7pkd
RUA  FRANCISCO SARAIVA,7pkd3
RUA  FRANCISCO SEGUNDO DA COSTA,7pkd
RUA  FRANCISCO SEVERIANO,7pkd
RUA  FRANCISCO TAVARES,7pkd3
RUA  FRANCISCO TEIXEIRA DE ALCÂNTARA,7pkd
RUA  FRANCISCO UCHOA,7pkd
RUA  FRANCISCO VASCONCELOS,7pkd
RUA  FRANCISCO VASCONCELOS ARRUDA,7pkd
RUA  FRANCISCO VASCONCELOS JÚNIOR,7pkd
RUA  FRANCISCO VILELA,7pkd
RUA  FRANCISCO VILELA (CAJAZEIRAS),7pkd
RUA  FRANCISCO VIRGÍLIO DE VASCONCELOS,7pkd
RUA  FRANCISCO VIRGÍLIO FILHO,7pkd
RUA  FRANCISCO XAVIER,7pkd3
RUA  FRANCISCO XEREZ,7pkd
RUA  FRANCISCO XIMENES,7pkd
RUA  FRANCISQUINHA PORTELA,7pkd
RUA  FRANCO RABELO,7pkd
RUA  FRANCO ROCHA,7pkdd
RUA  FRANK SINATRA,7pkd3
RUA  FRANKLIN BEZERRA,7pkd
RUA  FRANKLIN BEZERRA (MONDUBIM),7pkd
RUA  FRANKLIN TÁVORA,7pkd
RUA  FRANKLIN TÁVORA (CONJUNTO PALMEIRAS),7pkd
RUA  FRANKLIN XAVIER,7pkd
RUA  FRANÇA,7pkd
RUA  FRANÇOIS TELES DE MENESES,7pkd
RUA  FRECHEIRINHA,7pkdd
RUA  FREDERICO BORGES,7pkd
RUA  FREDERICO DE ANDRADE,7pkd
RUA  FREDERICO SEVERO,7pkd
RUA  FREIRE ALEMAO,7pkd
RUA  FREITAS NASCIMENTO,7pkd
RUA  FREITAS PIMENTEL,7pkd
RUA  FRIÉZIO BARROSO,7pkd
RUA  FROTA,7pkd
RUA  FROTA CAVALCANTE,7pkd
RUA  FROTA PESSOA,7pkd
RUA  FULGÊNCIO CRUZ,7pkd
RUA  FURTADO,7pkd
RUA  FÁTIMA PADILHA,7pkd3
RUA  FÊNIX,7pkd
RUA  G (BARRA DO CEARÁ),7pkd
RUA  G (CAIS DO PORTO),7pkd
RUA  G (CID JD FORT GLEBA A),7pkd
RUA  G (CJ COHABECE II),7pkd
RUA  G (CJ VENEZA TROPICAL),7pkd
RUA  G (CONJ. BARROSO II),7pkd
RUA  G (CONJ. ITAPARICA),7pkd
RUA  G (CONJ. RES. JARDIM PRIMAVERA),7pkd
RUA  G (CONJ. SANTA LUZIA DO COCÓ),7pkd
RUA  G (DENDÊ),7pkd
RUA  G (GRANJA LISBOA),7pkd3
RUA  G (LOT EXPEDICIONÁRIOS II),7pkd
RUA  G (LOT MORUMBI II),7pkd
RUA  G (LOT PARQUE DO SIQUEIRA),7pkd3
RUA  G (LOT PLANALTO ALDEOTA SUL),7pkd
RUA  G (LOT RETIRO GRANDE),7pkd
RUA  G (LOT. CENTRO SUL),7pkdd
RUA  G (LOT. GRANJA CEAVE),7pkd
RUA  G (LOT. JD. GLEBA K2),7pkd
RUA  G (MEDITERRÂNEO INCORP. E CONST.),7pkd
RUA  G (MONDUBIM),7pkd
RUA  G (PLANALTO AYRTON SENNA),7pkd
RUA  G (PQ ATLANTICO),7pkd
RUA  G (PQ NOVO CEARA),7pk
RUA  G (RES MONDUBIM),7pkd
RUA  G (VILA VELHA),7pkd
RUA  G CJ RENASCER,7pkd
RUA  G DO CONDOMÍNIO HORIZONTAL DEPUTADO UBIRATAN AGUIAR,7pkd
RUA  G DO CONJUNTO JOÃO PAULO II,7pkd
RUA  G DO CONJUNTO RESIDENCIAL JOSE EUCLIDES FERREIRA GOMES,7pkd
RUA  G DO LOTEAMENTO AV. DOS EXPEDICIONÁRIOS I,7pkd
RUA  G DO LOTEAMENTO CIDADE VERDE,7pkd
RUA  G DO LOTEAMENTO ESPLANADA MESSEJANA,7pkd
RUA  G DO LOTEAMENTO JARDIM UNIÃO 1 ETAPA,7pkd
RUA  G DO LOTEAMENTO MORUMBI I,7pkd
RUA  G DO LOTEAMENTO PARQUE MONTENEGRO II,7pkd
RUA  G DO LOTEAMENTO RESIDENCIAL DOS BANDEIRANTES,7pkd
RUA  G DO LOTEAMENTO RESIDENCIAL NOVO PASSARÉ,7pkd
RUA  G DO LOTEAMENTO SUMARÉ,7pkd
RUA  G LOT PARAISO VERDE,7pkd3
RUA  G LOT ST PIRIRIT IV,7pkd
RUA  GABI RIBAS,7pkd
RUA  GABRIEL BEZERRA,7pkd
RUA  GABRIEL FIÚZA,7pkd
RUA  GABRIEL PIRES RIBEIRO,7pkd
RUA  GABRIEL SOARES,7pkd
RUA  GAGO COUTINHO,7pkd
RUA  GALILEIA,7pkd3
RUA  GALILEU,7pkdd
RUA  GALVAO,7pkd
RUA  GAMA,7pkd
RUA  GAMA (MARAPONGA),7pkd
RUA  GAMA (PASSARÉ),7pkd
RUA  GAMA (VICENTE PINZON),7pkd
RUA  GAMA (VILA VELHA),7pkd
RUA  GARDÊNIA,7pkd
RUA  GARÇA BRANCA,7pkd
RUA  GASPAR DUTRA,7pkd
RUA  GASPAR LEMOS,7pkdd
RUA  GATASSE KALUME,7pkd
RUA  GAUDIOSO CARVALHO,7pkd
RUA  GEIVARDO,7pkd3
RUA  GENEROSO FRANÇA,7pk
RUA  GENEZARÉ,7pkdd
RUA  GENGYS PINHEIRO,7pkd
RUA  GENINA PINHEIRO TORRES,7pkd
RUA  GENIPO FERNANDES,7pkd
RUA  GENIVAL FRANCA,7pkd3
RUA  GENTIL CARDOSO,7pkd
RUA  GENTIL GOMES,7pkd
RUA  GENTIL PEREIRA JUNIOR,7pkd3
RUA  GENTILÂNDIA,7pkd
RUA  GENÁRIO TEIXEIRA,7pkd
RUA  GEORGE CERQUEIRA,7pkd
RUA  GEORGE PEQUENO,7pkd
RUA  GEORGE ROCHA,7pkdd
RUA  GEORGE SOSA,7pkd
RUA  GERALDINA MARIA DA SILVA,7pkd
RUA  GERALDO BARBOSA,7pkd3
RUA  GERALDO BARROS DE OLIVEIRA,7pkd
RUA  GERALDO COSME DA SILVA,7pkd
RUA  GERALDO LINO BRAGA DE CARVALHO,7pkd
RUA  GERALDO MARINHO (LAGOA REDONDA),7pkd
RUA  GERALDO NEVES DA SILVEIRA,7pkd
RUA  GERALDO NOBRE,7pkd
RUA  GERALDO PEREIRA (SIQUEIRA),7pkd3
RUA  GERALDO SEPULVEDO,7pkd
RUA  GERALDO SOARES,7pkd
RUA  GERARDO BARROS TEIXEIRA,7pkd
RUA  GERARDO FREITAS,7pkd
RUA  GERARDO LIMA,7pkd
RUA  GERARDO MAGELA SOARES FROTA,7pkd
RUA  GERGELIM,7pkd
RUA  GERMANO FRANCK,7pkdd
RUA  GERONCIO BEZERRA,7pkd
RUA  GERONIMO LOPES,7pkd
RUA  GERSON CARDOSO,7pkd
RUA  GERSON GRADVOHL,7pkd
RUA  GERSY BRAGA,7pkd
RUA  GERVASIO GURGEL,7pkd
RUA  GERVÁSIO DE CASTRO,7pkd
RUA  GERÔNCIO BRÍGIDO NETO,7pkd
RUA  GERÔNCIO MENDONÇA,7pkd
RUA  GETÚLIO VARGAS,7pkd3
RUA  GEYSA GONCALVES,7pkd
RUA  GEÓRGIA BEZERRA SABÓIA,7pkd
RUA  GIL AMORA,7pkd
RUA  GILBERTO ALBUQUERQUE,7pkd
RUA  GILBERTO ALVES,7pkd
RUA  GILBERTO AVELINO,7pkd
RUA  GILBERTO DE CARVALHO,7pkd
RUA  GILIANETE DE FREITAS,7pkd
RUA  GILSON MARQUES,7pkd
RUA  GIOVANI BATISTA MONTINI,7pkd
RUA  GIRASSOIS,7pkd
RUA  GIRASSOL,7pkd
RUA  GISELDA CYSNE,7pkd
RUA  GISELE,7pkd
RUA  GIULIANO ROSSI,7pkd
RUA  GLADYS ACCIOLY,7pkd
RUA  GLAURA ARRUDA ALCÂNTARA,7pkd
RUA  GLÓRIA DE DOURADOS,7pkd
RUA  GODOFREDO MACIEL,7pkd
RUA  GODOFREDO OLIVEIRA,7pkd
RUA  GOIANESA,7pkd
RUA  GOIÁS,7pkdd
RUA  GOIÂNIA,7pkdd
RUA  GOMES BRASIL,7pkdd
RUA  GOMES CARNEIRO,7pkd
RUA  GOMES DE FREITAS,7pkd
RUA  GOMES PARENTE,7pkd
RUA  GOMES PASSOS,7pkd
RUA  GOMES PASSOS (BOM JARDIM),7pkd3
RUA  GOMES SAMPAIO,7pkd3
RUA  GONCALVES A RODRIGUES,7pkdd
RUA  GONTRAN GIFFONI,7pkd
RUA  GONÇALO BEZERRA,7pkd
RUA  GONÇALO COELHO,7pkd
RUA  GONÇALO DE LAGOS,7pkd
RUA  GONÇALO SOUTO,7pkd
RUA  GONÇALVES LÊDO,7pkd
RUA  GOSTOSA,7pkd3
RUA  GOTARDO GOMES GURGEL,7pkd
RUA  GOTHARDO MORAES,7pkd
RUA  GRACA ALCANCADA,7pkd
RUA  GRACILIANO RAMOS,7pkd
RUA  GRACO CARDOSO,7pkd
RUA  GRADIENTE,7pkd
RUA  GRANDIOSA,7pkd3
RUA  GRANJA CASTELO,7pkd
RUA  GRANJA SÃO FRANCISCO,7pkd
RUA  GRAO PARA,7pkd
RUA  GRAUBEN DO MONTE LIMA,7pkd
RUA  GRAVIOLA,7pkd
RUA  GRAÇA ARANHA,7pkd
RUA  GREGÓRIO DONIZETE FREIRE,7pkd
RUA  GREGÓRIO FRANÇA,7pkd
RUA  GREGÓRIO FRANÇA (PARQUE IRACEMA),7pkd
RUA  GREGÓRIO RODRIGUES,7pkdd
RUA  GRIJALVA COSTA,7pkdd
RUA  GRITO DE ALERTA,7pkd
RUA  GROAÍRAS,7pkd
RUA  GRÉCIA,7pkd
RUA  GUADALAJARA,7pkd
RUA  GUAIUBA,7pkdd
RUA  GUAJÁS,7pk
RUA  GUANABARA,7pkdd
RUA  GUARACIABA DO NORTE,7pkdd
RUA  GUARACY,7pkd
RUA  GUARANI,7pkd
RUA  GUARANI (PAUPINA),7pkd
RUA  GUARAPARI,7pkd3
RUA  GUARARAPES,7pkd
RUA  GUARAREMA,7pkd3
RUA  GUARATINGUETA,7pkd
RUA  GUARÁ,7pkdd
RUA  GUATEMALA,7pkdd
RUA  GUAÍRA,7pkd3
RUA  GUEROGA,7pkd
RUA  GUERRA JUNQUEIRO,7pkd
RUA  GUILHERME ASSUNÇÃO,7pkd
RUA  GUILHERME BASSILA,7pkd
RUA  GUILHERME BLUNH,7pkd
RUA  GUILHERME DE ALMEIDA,7pkd
RUA  GUILHERME LOURENÇO,7pkd
RUA  GUILHERME MENDES,7pkd
RUA  GUILHERME MOREIRA,7pkd
RUA  GUILHERME PERDIGÃO,7pkdd
RUA  GUILHERME PESSOA,7pkd
RUA  GUILHERME ROCHA,7pkd
RUA  GUILHERME VIEIRA DA COSTA,7pkd
RUA  GUILHERMINA DE LIMA,7pkd3
RUA  GUILHERMINA ROCHA,7pkd
RUA  GUIMARÃES PASSOS,7pkd
RUA  GUSTAVO AUGUSTO LIMA,7pkd
RUA  GUSTAVO BARROSO,7pkd3
RUA  GUSTAVO BRAGA,7pkdd
RUA  GUSTAVO CORREIA LIMA,7pkdd
RUA  GUSTAVO SAMPAIO,7pkdd
RUA  GUTTEMBERG BRAUN,7pkd
RUA  GÁVEA,7pkdd
RUA  GÂNDOLA,7pkdd
RUA  GÉRSON FARIAS,7pkd
RUA  GÓIS MONTEIRO,7pkd
RUA  H (BARRA DO CEARÁ),7pkd
RUA  H (CAIS DO PORTO),7pkd
RUA  H (CANINDEZINHO),7pkd3
RUA  H (CID JD FORT GLEBA A),7pkd
RUA  H (CJ NOVA RESIDENCIA),7pkd3
RUA  H (CONJ. ITAPARICA),7pkd
RUA  H (CONJ. JARDIM FLUMINENSE II),7pkd3
RUA  H (CONJ. MIRASSOL),7pkd
RUA  H (CONJ. RES. JARDIM PRIMAVERA),7pkd
RUA  H (CONJ. SANTA LUZIA DO COCÓ),7pkd
RUA  H (DE LOURDES),7pkd
RUA  H (DENDÊ),7pkd
RUA  H (LOT EXPEDICIONARIOS II),7pkd
RUA  H (LOT PLAN GALILEIA II),7pkd
RUA  H (LOT PLANALTO ALDEOTA SUL),7pkd
RUA  H (LOT PQ SIQUEIRA),7pkd3
RUA  H (LOT RES MONDUBIM),7pkd
RUA  H (LOT. GRANJA CEAVE),7pkd
RUA  H (LOT. JD. GLEBA K2),7pkd
RUA  H (LOT. PARAISO VERDE),7pkd3
RUA  H (MUTIRAO RENASCER III),7pkd
RUA  H (PQ NOVO CEARA),7pkd
RUA  H (VILA VELHA),7pkd
RUA  H DO CONDOMÍNIO HORIZONTAL DEPUTADO UBIRATAN AGUIAR,7pkd
RUA  H DO CONJUNTO HABITACIONAL PATATIVA DO ASSARÉ,7pkd
RUA  H DO CONJUNTO IPASE,7pkd
RUA  H DO CONJUNTO JOÃO PAULO II,7pkd
RUA  H DO LOTEAMENTO AV. DOS EXPEDICIONÁRIOS I,7pkd
RUA  H DO LOTEAMENTO CIDADE VERDE,7pkd
RUA  H DO LOTEAMENTO ESPLANADA MESSEJANA,7pkd
RUA  H DO LOTEAMENTO JARDIM UNIÃO 1 ETAPA,7pkd
RUA  H DO LOTEAMENTO MORUMBI I,7pkd
RUA  H DO LOTEAMENTO PARQUE ATLÂNTICO,7pkd
RUA  H DO LOTEAMENTO PARQUE MONTENEGRO II,7pkd
RUA  H DO LOTEAMENTO PORTAL DAS OLIVEIRAS,7pkd
RUA  H DO LOTEAMENTO RESIDENCIAL DOS BANDEIRANTES,7pkd
RUA  H DO LOTEAMENTO RESIDENCIAL NOVO PASSARÉ,7pkd
RUA  H LOTEAMENTO PARQUE MONTENEGRO I,7pkd
RUA  HAROLDO BARBOSA,7pk
RUA  HAROLDO BASTOS,7pkd
RUA  HAROLDO MENDES DE MESQUITA,7pkd
RUA  HAROLDO TORRES,7pkd
RUA  HELANO BRILHANTE,7pkd
RUA  HELBER TELES DE MENEZES,7pkd
RUA  HELENA FERREIRA,7pkd
RUA  HELENA MARIA,7pkd
RUA  HELENA PAIVA DE MENEZES,7pkd
RUA  HELENO DE MOURA,7pkdd
RUA  HELIO CARACAS,7pkd
RUA  HELIO DA SILVEIRA REIS,7pkd
RUA  HELVÉCIO MONTE,7pkd
RUA  HENRIQUE AUTRAN,7pkd
RUA  HENRIQUE CALS,7pkd
RUA  HENRIQUE DE CASTRO,7pkd
RUA  HENRIQUE DIAS,7pkd
RUA  HENRIQUE DIAS (PARQUE DOIS IRMÃOS),7pkd
RUA  HENRIQUE DOS REIS,7pkd
RUA  HENRIQUE ELLERY,7pkd
RUA  HENRIQUE JUSTA,7pkd
RUA  HENRIQUE RABELO,7pkd
RUA  HENRIQUE VIANA,7pkd
RUA  HENRIQUETA GALENO,7pkd
RUA  HERBENE,7pkd
RUA  HERBENIA ARAUJO,7pkd
RUA  HERCULANO PENA,7pkd
RUA  HERCULANO SILVA,7pkd
RUA  HERCULES DE MIRANDA,7pkd
RUA  HERLITO FREIRE,7pkd
RUA  HERMINO BARROSO,7pkd
RUA  HERMÍNIA BONAVIDES,7pkd
RUA  HERÁCLITO DOMINGUES,7pkd
RUA  HIL MORAES,7pkd
RUA  HILDA CHAVANTE,7pkdd
RUA  HILDA HILST,7pkd
RUA  HILDEBRANDO ALMEIDA GUIMARÃES,7pkd
RUA  HILDEBRANDO POMPEU,7pkd
RUA  HILDELAINE NAIARA,7pkd
RUA  HILTON SANTOS,7pkd
RUA  HIPÓLITO PAMPLONA,7pkd
RUA  HOLANDA,7pkd
RUA  HOMEM DE MELO,7pkd
RUA  HOMERO CASTELO BRANCO,7pkd
RUA  HONDURAS,7pkdd
RUA  HONG KONG,7pkd
RUA  HONG KONG (PARQUE SANTA MARIA),7pkd
RUA  HONORATO SILVA,7pkd
RUA  HONORINO MAIA,7pkd
RUA  HORACIO NUNES,7pkdd
RUA  HORIZONTE,7pkd
RUA  HUGO VITOR,7pkd
RUA  HUMAITÁ,7pkd
RUA  HUMAITÁ (GENIBAÚ),7pkd
RUA  HUMAITÁ (PRAIA DO FUTURO II),7pkd
RUA  HUMBERTO DE ALMEIDA,7pkd3
RUA  HUMBERTO DE CAMPOS,7pkd
RUA  HUMBERTO HOLANDA CASSUNDÉ,7pkd
RUA  HUMBERTO LOMEU,7pkd3
RUA  HUMBERTO TEIXEIRA,7pkd
RUA  HUNGRIA,7pkd
RUA  HÉLIO BATELÃO,7pkd
RUA  HÉRCULES,7pkdd
RUA  I (BOA VISTA/CASTELÃO),7pkd
RUA  I (CID JD FORT GLEBA A),7pkd
RUA  I (CJ BARROSO II),7pkd
RUA  I (CONJ. ITAPARICA),7pkd
RUA  I (CONJ. SANTA LUZIA DO COCÓ),7pkd
RUA  I (CONJ. VILA VELHA),7pkd
RUA  I (EDSON QUEIROZ),7pkd
RUA  I (LOT PLANALTO ALDEOTA SUL),7pkd
RUA  I (LOT RETIRO GRANDE),7pkd
RUA  I (LOT TERRA NOVA),7pkd
RUA  I (LOT. GRANJA CEAVE),7pkd
RUA  I (LOT. JD. GLEBA K2),7pkd
RUA  I (MUTIRAO RENASCER III),7pkd
RUA  I (PINUSLANDIA),7pkd
RUA  I (RES 8 DE SETEMBRO),7pkd
RUA  I DO LOTEAMENTO CIDADE OESTE,7pkd
RUA  I DO LOTEAMENTO CIDADE VERDE,7pkd
RUA  I DO LOTEAMENTO GARDEN PARK,7pkd
RUA  I DO LOTEAMENTO JARDIM UNIÃO 1 ETAPA,7pkd
RUA  I DO LOTEAMENTO MORUMBI I,7pkd
RUA  I DO LOTEAMENTO PARQUE ADRIANO,7pkd
RUA  I DO LOTEAMENTO PARQUE MONTENEGRO II,7pkd
RUA  I DO LOTEAMENTO RESIDENCIAL NOVO PASSARÉ,7pkd
RUA  I DO LOTEAMENTO VILA VERDE,7pkd
RUA  I ESPL MESSEJANA,7pkd
RUA  I LOT EXPEDICIONARIOS II,7pkd
RUA  I LOT PARAISO VERDE,7pkd3
RUA  I LOTEAMENTO PARQUE MONTENEGRO I,7pkd
RUA  I PQ ATLANTICO,7pkd
RUA  I PQ NOVO CEARA,7pk
RUA  IACO FERNANDES,7pkd
RUA  IARA,7pkdd
RUA  ICAPUI (CANINDEZINHO),7pkd3
RUA  ICARACU,7pkd
RUA  ICRYAN,7pkd
RUA  ICÓ,7pkd
RUA  IDALINA MURINELLY,7pkd
RUA  IDELBRANDO PINHEIRO,7pkd
RUA  IDELZUITE ALMEIDA,7pkd
RUA  IDELZUITE CORREIA LIMA,7pkdd
RUA  IEDA CAMURÇA,7pkdd
RUA  IEMANJA,7pkd
RUA  IGUAPÉ,7pkdd
RUA  IGUATU,7pkd 7pkdd
RUA  II (PINUSLANDIA),7pkd
RUA  II DO LOTEAMENTO CIDADE OESTE,7pkd
RUA  II DO LOTEAMENTO GARDEN PARK,7pkd
RUA  II DO LOTEAMENTO TERRA NOVA,7pkd
RUA  II LOT PLAN MONDUBIM,7pkd
RUA  III (PINUSLANDIA),7pkd
RUA  III DO LOTEAMENTO GARDEN PARK,7pkd
RUA  III LOT PLAN MONDUBIM,7pkd
RUA  ILDEFONSO ALBANO,7pkd
RUA  ILDEFONSO ARAÚJO,7pkd
RUA  ILHA BELA,7pkd
RUA  ILHA BRAVA,7pkd
RUA  ILHA DA PRATA,7pkd
RUA  ILHA DO BOTE (CONJ. SÃO FRANCISCO),7pkd
RUA  ILHA DOURADA (QUINTINO CUNHA),7pkd
RUA  ILHÉUS,7pkd
RUA  ILZA PONTES (CJ CURIO),7pkd
RUA  IMPERATRIZ,7pkd
RUA  IMPERATRIZ (BARROSO),7pkd
RUA  IMPERATRIZ (MESSEJANA),7pkd
RUA  INACIO ROMAO,7pkd
RUA  INDEPENDENCIA,7pkd
RUA  INDEPENDÊNCIA (MESSEJANA),7pkd
RUA  INDIANAPOLIS,7pkd
RUA  INDIANOPOLIS,7pkd
RUA  INDIARA,7pkd3
RUA  INDUSTRIARIOS I,7pkdd
RUA  INDUSTRIARIOS II,7pkdd
RUA  INGLATERRA,7pkd
RUA  INGRID VIANA,7pkd
RUA  INGÁ,7pkd
RUA  INHARÉ,7pkd
RUA  INSTITUTO DO CEARÁ,7pkd
RUA  INTERNA (CAIS DO PORTO),7pkd
RUA  INTERNA 777,7pkd
RUA  INTERNACIONAL,7pkd
RUA  INÁ BRITO,7pkd
RUA  INÁCIO BARROSO,7pkd
RUA  INÁCIO MOREIRA,7pkd
RUA  INÁCIO ORIÁ,7pkd
RUA  INÁCIO PARENTE,7pkd
RUA  INÁCIO VASCONCELOS,7pkd
RUA  INÊS BRASIL,7pkd
RUA  INÊS DANTAS DE MENEZES,7pkd
RUA  IPALMIRIM,7pkd
RUA  IPAMERI,7pkd
RUA  IPANEMA,7pkd
RUA  IPAUMIRIM,7pkd
RUA  IPAUMIRIM (PASSARÉ),7pkd
RUA  IPE (SÃO GERARDO),7pkd
RUA  IPIRANGA,7pkd3
RUA  IPIRANGA (QUINTINO CUNHA),7pkd
RUA  IPITANGA,7pkd
RUA  IPÊ,7pkd
RUA  IPÊ AMARELO,7pkd
RUA  IRACEMA,7pkd
RUA  IRACEMA (CONJUNTO PALMEIRAS),7pkd
RUA  IRACI DE SOUSA,7pkd
RUA  IRAPUÃ,7pkd
RUA  IRATI,7pkd
RUA  IRAUÇUBA,7pkd
RUA  IRINEU DE SOUSA,7pkd
RUA  IRMÃOS FONTENELE,7pkd
RUA  ISAAC,7pkd
RUA  ISAAC DE CASTRO,7pkd3
RUA  ISAAC MEYER,7pkd
RUA  ISABEL FERREIRA,7pkd
RUA  ISABEL MAIA E SILVA DE ALENCAR,7pkd
RUA  ISABEL SALES,7pk
RUA  ISABEL SALES (PEDRAS),7pk
RUA  ISAC AMARAL,7pkd
RUA  ISAIAS PEREIRA,7pkd
RUA  ISAIE BORIS,7pkdd
RUA  ISAURA FROTA,7pkd
RUA  ISAÍAS BEVILÁQUA,7pkd
RUA  ISAÍAS DOMINGOS DA SILVEIRA,7pkd
RUA  ISAÚ BENÍCIO,7pkd
RUA  ISMAEL PORDEUS,7pkd
RUA  ISMAEL SILVA,7pkd
RUA  ISRAEL ALVES LIMA,7pkd
RUA  ISRAEL BEZERRA,7pkd
RUA  ISRAEL CARNEIRO,7pkd
RUA  ISRAEL CINTRA,7pkd
RUA  ISRAEL SIMAO,7pkd
RUA  ITABORAI,7pkd
RUA  ITACY ARAUJO CAMELO,7pkd
RUA  ITACYRA,7pkd
RUA  ITAGUAÍ,7pkd
RUA  ITAIÇABA,7pkd
RUA  ITAJAI,7pkd3
RUA  ITAJAÍ,7pkd3
RUA  ITAJEU,7pkd3
RUA  ITAJUÍPE,7pkd
RUA  ITAMARATI,7pkdd
RUA  ITAPERONA,7pkd
RUA  ITAPIPOCA,7pkd
RUA  ITAPUÃ,7pkd3
RUA  ITAQUERA,7pkd
RUA  ITAREMA,7pkd
RUA  ITATIAIA,7pkd3
RUA  ITATIRA,7pkd
RUA  ITAÚNA,7pkd
RUA  ITUMBIARA,7pkd
RUA  ITÁLIA,7pkd
RUA  ITÚ,7pkd3
RUA  IV (RES 8 DE SETEMBRO),7pkd
RUA  IV DO LOTEAMENTO CIDADE OESTE,7pkd
RUA  IV DO LOTEAMENTO GARDEN PARK,7pkd
RUA  IV DO LOTEAMENTO JARDIM DAS OLIVEIRAS,7pkd
RUA  IV LOT PLAN MONDUBIM,7pkd
RUA  IVANUEL BACCHIEGGA,7pkd
RUA  IVO REBOUÇAS,7pkd
RUA  IX (RES 8 DE SETEMBRO),7pkd
RUA  IZABEL SIDNEY,7pkd
RUA  IÊDA CARVALHO,7pkd
RUA  J (BARROSO),7pkd
RUA  J (BOA VISTA/CASTELÃO),7pkd
RUA  J (CARTIER OSVALDO STUDART),7pkd
RUA  J (CJ COHABECE II),7pkd
RUA  J (CJ RESD ITAPARICA),7pkd
RUA  J (CONJ. JARDIM FLUMINENSE II),7pkd3
RUA  J (CONJ. SANTA LUZIA DO COCÓ),7pkd
RUA  J (LOT AV DOS EXPEDICIONARIOS),7pkd
RUA  J (LOT PLANALTO ALDEOTA SUL),7pkd
RUA  J (LOT RETIRO GRANDE),7pkd
RUA  J (LOT. ARACAPE),7pkd
RUA  J (LOT. JD. GLEBA K2),7pkd
RUA  J (MUTIRAO RENASCER III),7pkd
RUA  J (PQ ATLANTICO),7pkd
RUA  J (PQ NOVO CEARA),7pk
RUA  J 01 A (LOTEAMENTO ALPHA VILLAGE),7pkd
RUA  J DA PENHA,7pkd
RUA  J DO CONJUNTO VILLAGE ÁGUA FRIA,7pkd
RUA  J DO LOTEAMENTO CIDADE VERDE,7pkd
RUA  J DO LOTEAMENTO JARDIM UNIÃO 1 ETAPA,7pkd
RUA  J DO LOTEAMENTO MORUMBI I,7pkd
RUA  J DO LOTEAMENTO PARQUE MONTENEGRO II,7pkd
RUA  J DO LOTEAMENTO RESIDENCIAL NOVO PASSARÉ,7pkd
RUA  J LOT PARAISO VERDE,7pkd3
RUA  J LOTEAMENTO PARQUE MONTENEGRO I,7pkd
RUA  J MENELEU I,7pkd
RUA  J TORQUATO,7pkd
RUA  J VILA VELHA II,7pkd
RUA  J VILA VELHA IV,7pkd
RUA  J. DE FIGUEIREDO FILHO,7pkd
RUA  J. P. MORGAN,7pkd
RUA  JABAQUARA,7pkd
RUA  JABORANDÍ,7pkd
RUA  JABOTICABA,7pkd
RUA  JACANA (SABIAGUABA),7pkd
RUA  JACANAÚBA,7pkd
RUA  JACARANDA (PARQUE PRESIDENTE VARGAS),7pkd
RUA  JACARANDÁ,7pkd
RUA  JACARANDÁ (MESSEJANA),7pkd
RUA  JACARANDÁ (MONDUBIM),7pkd
RUA  JACAÚNA,7pkd
RUA  JACAÚNA (MONDUBIM),7pkd
RUA  JACINTO MATOS,7pkd
RUA  JACKSON DO PANDEIRO,7pkd
RUA  JACOPEMBA,7pkd
RUA  JACY,7pkd
RUA  JACY (BARRA DO CEARÁ),7pkd
RUA  JACÓ DO BANDOLIM,7pkd
RUA  JAGUARETAMA,7pkd
RUA  JAGUARIBARA,7pkd
RUA  JAGUARUANA,7pkd
RUA  JAIME ALMEIDA,7pkd
RUA  JAIME AUGUSTO,7pkd
RUA  JAIME AVELINO CHAGAS,7pkd
RUA  JAIME BENÉVOLO,7pkd
RUA  JAIME CALADO,7pkd
RUA  JAIME PINHEIRO,7pkd
RUA  JAIME VASCONCELOS,7pkd
RUA  JAIR GOIS,7pkd
RUA  JAMACARÚ,7pkd
RUA  JAMAICA,7pkd
RUA  JANAÚBA,7pkd
RUA  JANDAIA,7pkdd
RUA  JANDIRA,7pkd
RUA  JANETE CLAIR,7pkd
RUA  JANGADA,7pkd
RUA  JANGADINHA (CONJ. SÃO FRANCISCO),7pkd
RUA  JANGAL,7pkd
RUA  JANIO ALVESCJ ROSALINA,7pkd
RUA  JAPI,7pkd
RUA  JAQUELINE,7pkd
RUA  JAQUELINE BASTOS,7pkd
RUA  JAQUELINE CAVALCANTE,7pkd
RUA  JARDAS DE ALENCAR,7pkd
RUA  JARDEL LIMA DOS SANTOS,7pkd
RUA  JARDELINA,7pkd
RUA  JARDIM BOTÂNICO,7pkd
RUA  JARDIM COLARES,7pkd3
RUA  JARDIM DAS FLORES,7pkd3
RUA  JARDIM DAS FLORES (SIQUEIRA),7pkd
RUA  JARDIM DO ÉDEN,7pkd
RUA  JARDIM PAROARA,7pkd3
RUA  JARDIM PRINCESA IZABEL,7pkd
RUA  JARDIM SILVEIRA,7pkd3
RUA  JASMIM,7pkd
RUA  JASPE (SITIO VARJOTA),7pkd3
RUA  JATAY,7pkd
RUA  JATOBÁ,7pkd
RUA  JATOBÁ (LAGOA REDONDA),7pkd
RUA  JATÍ,7pkd
RUA  JAYME GAMA,7pkd
RUA  JAÇANÃ,7pkd
RUA  JAÇANÃ (EDSON QUEIROZ),7pkd
RUA  JEQUITIBA (ENGENHEIRO LUCIANO CAVALCANTE),7pkd
RUA  JEQUITIBA DO JARDIM SANTA LUCIA,7pkd
RUA  JEQUITIBÁ,7pkd
RUA  JEREMIAS (VILA VELHA),7pkd
RUA  JERÔNIMO ALBUQUERQUE,7pkd
RUA  JESSICA,7pkd
RUA  JILÓ,7pkd
RUA  JOANA CRAVEIRO,7pkd
RUA  JOANA DARC,7pkd
RUA  JOANA MOREIRA,7pkd
RUA  JOANA SOARES,7pkd
RUA  JOAO,7pkd
RUA  JOAO AGOSTINHO,7pkd
RUA  JOAO ALFREDO,7pkd
RUA  JOAO ARARIPE,7pkd
RUA  JOAO AVELINO),7pkd
RUA  JOAO BATISTA FIGUEIREDO,7pkd
RUA  JOAO BORGES DA SILVA,7pk
RUA  JOAO BRAZ DOS SANTOS,7pkd3
RUA  JOAO CABRAL DE MELO NETO,7pkd
RUA  JOAO CAMELO,7pkd
RUA  JOAO CARLOS,7pkd
RUA  JOAO CORREIA DE LIMA,7pkd3
RUA  JOAO DAMASCENO,7pkd3
RUA  JOAO DE DEUS (VICENTE PINZON),7pkd
RUA  JOAO EVANGELISTA,7pkd
RUA  JOAO FERREIRA (LAGOA REDONDA),7pkd
RUA  JOAO FIDELIS (BAIRRO SAO BENTO),7pkd
RUA  JOAO GOMES,7pkd
RUA  JOAO HENRIQUE (PLANALTO AYRTON SENNA),7pkd
RUA  JOAO LEITAO,7pkd
RUA  JOAO MARIANO (SAPIRANGA / COITÉ),7pkd
RUA  JOAO MONTE COELHO,7pkd
RUA  JOAO P NOGUEIRA,7pkd
RUA  JOAO PAULO,7pkd
RUA  JOAO PAULO II (ALDEOTA),7pkd
RUA  JOAO PAULO II (SIQUEIRA),7pkd
RUA  JOAO PAULO II (VILA VELHA),7pkd
RUA  JOAO PEREIRA DA SILVA,7pkd
RUA  JOAO PIO,7pkd
RUA  JOAO PONTES,7pkd
RUA  JOAO RODRIGUES,7pkd
RUA  JOAO RODRIGUES PENA,7pkd3
RUA  JOAO SABINO,7pkd
RUA  JOAO SALDANHA,7pkd
RUA  JOAO SALGADO,7pkd
RUA  JOAO SANTANA,7pkd
RUA  JOAO VITORINO RIBEIRO,7pkd
RUA  JOAO XIMENES,7pkd
RUA  JOAQUIM ALBANO,7pkdd
RUA  JOAQUIM ALBERTO SIQUEIRA,7pkd
RUA  JOAQUIM ALFREDO,7pkd
RUA  JOAQUIM ALVES,7pkd
RUA  JOAQUIM AVELINO,7pkd
RUA  JOAQUIM BARBOSA DOS SANTOS,7pkd
RUA  JOAQUIM BARROSO,7pkd
RUA  JOAQUIM BEZERRA,7pkd
RUA  JOAQUIM CORREIA,7pkd
RUA  JOAQUIM CORREIA DE LIMA,7pkd3
RUA  JOAQUIM DE SOUZA,7pkd
RUA  JOAQUIM DEODATO,7pkd
RUA  JOAQUIM DIONISIO DE LIMA,7pkd
RUA  JOAQUIM DOS ANJOS,7pkd
RUA  JOAQUIM EMIDIO DE CASTRO,7pkd
RUA  JOAQUIM FACUNDO (PLANALTO AYRTON SENNA),7pkd
RUA  JOAQUIM FEIJÓ,7pkdd
RUA  JOAQUIM FELÍCIO,7pkd
RUA  JOAQUIM FERREIRA,7pkd
RUA  JOAQUIM GENU,7pkd
RUA  JOAQUIM GONCALVES,7pkd
RUA  JOAQUIM JERÔNIMO,7pkd
RUA  JOAQUIM JOSÉ DOS SANTOS,7pkd
RUA  JOAQUIM LEITÃO,7pkd
RUA  JOAQUIM LIMA,7pkd
RUA  JOAQUIM LINO,7pkd
RUA  JOAQUIM MACHADO,7pkd
RUA  JOAQUIM MACHADO DA PONTE,7pkd
RUA  JOAQUIM MAGALHÃES,7pkd
RUA  JOAQUIM MANUEL MACEDO,7pkd
RUA  JOAQUIM MARIANO,7pkd
RUA  JOAQUIM MARQUES,7pkd
RUA  JOAQUIM MARTINS,7pkd
RUA  JOAQUIM MIRANDA,7pkd
RUA  JOAQUIM MOTA,7pkd
RUA  JOAQUIM NABUCO,7pkd
RUA  JOAQUIM PEREIRA,7pkd3
RUA  JOAQUIM PESSOA,7pkd
RUA  JOAQUIM PIMENTA,7pkdd
RUA  JOAQUIM PINHO,7pkd
RUA  JOAQUIM PINTO,7pkd
RUA  JOAQUIM RODRIGUES,7pkd
RUA  JOAQUIM SABINO,7pkd
RUA  JOAQUIM SIQUEIRA,7pkd
RUA  JOAQUIM SÁ,7pkd
RUA  JOAQUIM TORRES,7pkd
RUA  JOAQUIM TRAJANO,7pk
RUA  JOAQUIM VIANA BARBOSA,7pkd
RUA  JOAQUIM VITORINO,7pkd
RUA  JOCENO MONTEIRO,7pkd
RUA  JOCKEY CLUB,7pkdd
RUA  JOHN LENNON,7pkd
RUA  JONAS BEZERRA,7pkd
RUA  JONAS GOMES,7pkd
RUA  JONAS ILDEFONSO CARNEIRO,7pkd
RUA  JONAS SAMPAIO,7pkd
RUA  JORDANIA LOPES,7pkd
RUA  JORDAO,7pkd
RUA  JORDÃO,7pkd
RUA  JORGE ACÚRCIO,7pkd
RUA  JORGE AMADO,7pkd
RUA  JORGE DA ROCHA,7pkd
RUA  JORGE DA VEIGA,7pkd
RUA  JORGE DE SOUSA,7pkd
RUA  JORGE DUMAR,7pkdd
RUA  JORGE FIGUEIREDO,7pk
RUA  JORGE RAUPP,7pkd
RUA  JORGE SEVERIANO,7pkd
RUA  JOSE,7pkd
RUA  JOSE ALBERTO ARAUJO,7pkd
RUA  JOSE ALCIDES ROCHA,7pkd
RUA  JOSE ALCYR SIQUEIRA,7pkd
RUA  JOSE ALEXANDRE (FARIAS BRITO),7pkdd
RUA  JOSE ARIMATEIA PINTO,7pkd
RUA  JOSE ARISTOTELES GONDIM,7pkd3
RUA  JOSE AUGUSTO DE CARVALHO,7pkd
RUA  JOSE BERNARDINO,7pkd
RUA  JOSE BUSON,7pkd
RUA  JOSE CARLOS BEZERRA,7pkd3
RUA  JOSE CARLOS GURGEL NOGUEIRA,7pkd
RUA  JOSE CARLOS RODRIGUES,7pkd
RUA  JOSE CARNEIRO DA SILVEIRA,7pkd
RUA  JOSE CAVALCANTE SOBRINHO,7pkd
RUA  JOSE COELHO DE MELO,7pkd
RUA  JOSE DANTAS PEREIRA,7pkd3
RUA  JOSE DUTRA,7pkd
RUA  JOSE EUCLIDES FERREIRA GOMES,7pkd
RUA  JOSE EUDES,7pkd
RUA  JOSE FELICIO DE SOUZA,7pkd
RUA  JOSE FERNANDES,7pkd
RUA  JOSE GOMES SALES,7pkd3
RUA  JOSE LAURINDO DA COSTA (SÃO BENTO),7pkd
RUA  JOSE LUCIO DE QUEIROZ,7pkd
RUA  JOSE LUIS NETO,7pkd
RUA  JOSE MARIA (SIQUEIRA),7pkd3
RUA  JOSE MARIA ALVES,7pkd
RUA  JOSE MARIA ARAÚJO,7pkd
RUA  JOSE MARIA DA ARAUJO,7pkd
RUA  JOSE MARIA GUIMARAES,7pkd
RUA  JOSE MARIO MAMEDE,7pkd
RUA  JOSE MAURO,7pkd
RUA  JOSE MENELEU I,7pkd
RUA  JOSE MILTON,7pkd
RUA  JOSE MOACIR BEZERRA,7pkd
RUA  JOSE MOREIRA DE ANDRADE,7pkd
RUA  JOSE ODERNES FIGUEIREDO,7pkd
RUA  JOSE ONOFRE,7pkd3
RUA  JOSE ORLEANS,7pkd
RUA  JOSE OTACILIO CARNEIRO,7pkd
RUA  JOSE PAIXAO DE LIMA,7pkd3
RUA  JOSE PARENTE,7pkd3
RUA  JOSE PEREIRA II,7pk
RUA  JOSE PEREIRA LIMA,7pkd3
RUA  JOSE RIBEIRO,7pkd
RUA  JOSE TEIXEIRA COSTA,7pkd
RUA  JOSE TEIXEIRA LIMA,7pkd
RUA  JOSE TEIXEIRA REGO,7pkd
RUA  JOSE VALMIR,7pkdd
RUA  JOSE VICENTE,7pkd
RUA  JOSE VILAR (BARRA DO CEARÁ),7pkd
RUA  JOSEFA CARMÉLIA DE LOURDES,7pkd
RUA  JOSELEIDE ALVES,7pkd
RUA  JOSELITA PARENTE,7pkd
RUA  JOSELITO DE OLIVEIRA,7pkd
RUA  JOSERISSE HORTÊNCIO DOS SANTOS,7pkd
RUA  JOSIAS MENDES,7pkd
RUA  JOSIAS PAULA DE SOUZA,7pkd
RUA  JOSÉ ABILIO,7pkd3
RUA  JOSÉ ACIOLY,7pkd
RUA  JOSÉ ADAIL DOS SANTOS,7pkdd
RUA  JOSÉ AGOSTINHO,7pkd
RUA  JOSÉ AGRIPINO,7pk
RUA  JOSÉ ALBERTO SÁ PIRES,7pkd
RUA  JOSÉ ALBINO,7pkd
RUA  JOSÉ ALENCAR RAMOS,7pkd
RUA  JOSÉ ALEXANDRE,7pkd
RUA  JOSÉ ALVES CAMPOS,7pkd
RUA  JOSÉ ALVES CAVALCANTE,7pkd
RUA  JOSÉ ALVES DE FREITAS,7pkd
RUA  JOSÉ ALVES DE MORAIS,7pkd
RUA  JOSÉ AMAURY MOREIRA,7pkd
RUA  JOSÉ ANASTÁCIO DIAS,7pkd
RUA  JOSÉ ANDRÉ,7pkd
RUA  JOSÉ ANTÔNIO,7pkd
RUA  JOSÉ ARAGÃO,7pkd
RUA  JOSÉ ARÃO,7pkd
RUA  JOSÉ ASSIS DE OLIVEIRA,7pkd3
RUA  JOSÉ AUGUSTO,7pkd
RUA  JOSÉ AUGUSTO DE OLIVEIRA,7pkd
RUA  JOSÉ AVELINO,7pkd
RUA  JOSÉ BAIMA,7pkd
RUA  JOSÉ BARRETO PARENTE,7pkd
RUA  JOSÉ BASTOS,7pkdd
RUA  JOSÉ BATISTA DA SILVA,7pkd
RUA  JOSÉ BATISTA FILHO,7pkd
RUA  JOSÉ BELCHIOR,7pkd
RUA  JOSÉ BONFIM JUNIOR,7pkd
RUA  JOSÉ BORGES,7pkd
RUA  JOSÉ CAETANO,7pkd
RUA  JOSÉ CAMELO,7pkd
RUA  JOSÉ CARLOS PACE,7pkd
RUA  JOSÉ CAVALCANTE,7pkdd
RUA  JOSÉ CLAUDIO GURGEL COSTA LIMA,7pkd
RUA  JOSÉ CÂNDIDO,7pkd
RUA  JOSÉ DA COSTA NETO,7pkd
RUA  JOSÉ DA FRANCA CABRAL,7pkd
RUA  JOSÉ DA ILHA,7pkd
RUA  JOSÉ DE ALENCAR,7pkd
RUA  JOSÉ DE ANDRADE,7pkdd
RUA  JOSÉ DE BARCELOS,7pkdd
RUA  JOSÉ DE BORBA VASCONCELOS,7pkd
RUA  JOSÉ DE CARVALHO,7pkd
RUA  JOSÉ DE MORAIS,7pkd
RUA  JOSÉ DE NORÕES MAIA,7pkd
RUA  JOSÉ DE PONTES,7pkdd
RUA  JOSÉ DIAS DE VASCONCELOS,7pkd
RUA  JOSÉ DO CARMO BARBOSA,7pkd
RUA  JOSÉ DO NASCIMENTO,7pkd
RUA  JOSÉ DO REGO LIMA,7pkd
RUA  JOSÉ DOS REIS,7pkd
RUA  JOSÉ EUCLIDES,7pkd
RUA  JOSÉ EUCLIDES (BARROSO),7pkd
RUA  JOSÉ EUSÉBIO BARROS,7pkd3
RUA  JOSÉ EVARISTO,7pkd
RUA  JOSÉ FAÇANHA,7pkdd
RUA  JOSÉ FELIX DE LIMA,7pkd
RUA  JOSÉ FERNANDES DE OLIVEIRA,7pkd
RUA  JOSÉ FERNANDES DE SOUSA,7pkd
RUA  JOSÉ FERREIRA PONTES,7pkd
RUA  JOSÉ FRAGA NETO,7pkd
RUA  JOSÉ FREITAS DA SILVA,7pkdd
RUA  JOSÉ GASPAR,7pkd
RUA  JOSÉ GAUDÊNCIO MOREIRA,7pkd
RUA  JOSÉ GOMES DE MOURA,7pkd
RUA  JOSÉ GONZALO,7pkd3
RUA  JOSÉ GUILHERME DA COSTA,7pkd
RUA  JOSÉ HIPÓLITO,7pkd
RUA  JOSÉ HOLANDA FREITAS,7pkd
RUA  JOSÉ IVO,7pkd
RUA  JOSÉ JUSTA,7pkd
RUA  JOSÉ JÚLIO FEITOSA,7pkd
RUA  JOSÉ JÚLIO FROTA,7pkd3
RUA  JOSÉ LA FAYETTE AZEVEDO LIMA,7pkd
RUA  JOSÉ LEANDRO,7pkd
RUA  JOSÉ LEÔNIDAS,7pkd
RUA  JOSÉ LUCAS,7pkd
RUA  JOSÉ MARIA CARDOSO,7pkd
RUA  JOSÉ MARIA HOLANDA CAVALCANTE,7pkd
RUA  JOSÉ MARQUES,7pk
RUA  JOSÉ MARROCOS,7pkd
RUA  JOSÉ MARTINS,7pkd3
RUA  JOSÉ MATIAS DOS SANTOS,7pkd
RUA  JOSÉ MAURÍCIO (PARQUE IRACEMA),7pkd
RUA  JOSÉ MENDONÇA,7pkd
RUA  JOSÉ MENELEU,7pkd
RUA  JOSÉ MENELEU II,7pkd
RUA  JOSÉ MESSIAS MATOS,7pkd
RUA  JOSÉ MOACIR BEZERRA,7pkd
RUA  JOSÉ MOGICA,7pkd
RUA  JOSÉ MONTEIRO,7pkd
RUA  JOSÉ MONTEIRO DOS SANTOS,7pkdd
RUA  JOSÉ MOREIRA,7pkd
RUA  JOSÉ MOREIRA REBOUÇAS,7pkd
RUA  JOSÉ MÁRIO MAMEDE,7pkd
RUA  JOSÉ NAPOLEÃO,7pkd
RUA  JOSÉ NOGUEIRA FREIRE,7pkd
RUA  JOSÉ OCELO HOLANDA BEZERRA,7pkd
RUA  JOSÉ OLÍMPIO,7pkd
RUA  JOSÉ OSVALDO FIGUEIREDO,7pkd
RUA  JOSÉ OTOCH,7pkd
RUA  JOSÉ PARENTE,7pkd
RUA  JOSÉ PAULO SOBRINHO,7pkd
RUA  JOSÉ PEDRA,7pkd
RUA  JOSÉ PEREIRA,7pk
RUA  JOSÉ PEREIRA BARROS,7pkd
RUA  JOSÉ PEREIRA I,7pk
RUA  JOSÉ PINTO (JANGURUSSU),7pkd
RUA  JOSÉ PINTO DO CARMO,7pkd
RUA  JOSÉ PONTES MEDEIROS,7pkd
RUA  JOSÉ QUEIROZ PORTO,7pkdd
RUA  JOSÉ RANGEL,7pkd
RUA  JOSÉ RIBAMAR SOARES AGUIAR,7pkd
RUA  JOSÉ RICARDO RAMOS,7pkd
RUA  JOSÉ ROMERO DE BARROS,7pkd
RUA  JOSÉ SALUSTIANO AGUIAR,7pkd
RUA  JOSÉ SETUBAL PESSOA,7pkd
RUA  JOSÉ SITÔNIO ROSAS,7pkd
RUA  JOSÉ SOBREIRA,7pkd
RUA  JOSÉ SOMBRA,7pkdd
RUA  JOSÉ VELOSO JUCÁ,7pkdd
RUA  JOSÉ VIANA DE ARAÚJO,7pkd
RUA  JOSÉ VILAR,7pkd
RUA  JOSÉ VILAR DE ANDRADE,7pkd
RUA  JOTEIRIS FERREIRA DA SILVA,7pkd
RUA  JOUBRAN SLEIMAN,7pkd
RUA  JOVENTINA COSTA BRANDÃO,7pkd
RUA  JOVINA COIMBRA,7pkd3
RUA  JOVINO GUEDES,7pkd
RUA  JOVINO VERÍSSIMO,7pkd
RUA  JOÃO ADJACIR TEIXEIRA DE OLIVEIRA,7pkd
RUA  JOÃO ADOLFO GURGEL,7pkd
RUA  JOÃO ALVES DE ALBUQUERQUE,7pkd
RUA  JOÃO ANDRÉ,7pkd
RUA  JOÃO AREAS,7pkd
RUA  JOÃO ARRUDA,7pkd
RUA  JOÃO AUGUSTO LIMA,7pkd
RUA  JOÃO BATISTA DE ARAÚJO,7pkd
RUA  JOÃO BATISTA DIOGO DE SIQUEIRA,7pkd
RUA  JOÃO BATISTA DO NASCIMENTO,7pkd
RUA  JOÃO BATISTA RIOS,7pkd
RUA  JOÃO BEZERRA,7pkd
RUA  JOÃO BOSCO,7pkd
RUA  JOÃO BRÍGIDO,7pkd
RUA  JOÃO CAETANO,7pkd3
RUA  JOÃO CAMINHA MUNIZ,7pkd
RUA  JOÃO CAMPOS,7pkd
RUA  JOÃO CAPOTE,7pkdd
RUA  JOÃO CARVALHO,7pkd
RUA  JOÃO CLEMENTE FERNANDES,7pkd
RUA  JOÃO CORDEIRO,7pkd
RUA  JOÃO COSTA,7pkd
RUA  JOÃO CRISPIM,7pkd
RUA  JOÃO CÂMARA,7pkd
RUA  JOÃO DE ARAUJO LIMA,7pkd
RUA  JOÃO DE FRANÇA,7pkd
RUA  JOÃO DE PAULA LOURINHO,7pkd
RUA  JOÃO ELMIRO DE SOUZA,7pkd
RUA  JOÃO EMÍDIO DA SILVEIRA,7pkd
RUA  JOÃO FACUNDO LOPES,7pkd
RUA  JOÃO FAUSTINO RIBEIRO,7pkd3
RUA  JOÃO FERREIRA (BARROSO),7pkd
RUA  JOÃO FERREIRA (DIAS MACÊDO),7pkd
RUA  JOÃO FONSECA,7pkd
RUA  JOÃO GADELHA,7pkd
RUA  JOÃO GENTIL,7pkdd
RUA  JOÃO GENTIL (GRANJA LISBOA),7pkd3
RUA  JOÃO GRANJEIRO,7pkd
RUA  JOÃO GURGEL NOGUEIRA,7pkdd
RUA  JOÃO IVO,7pkd
RUA  JOÃO LEONEL,7pkd
RUA  JOÃO LOBO FILHO,7pkd
RUA  JOÃO LUÍS SANTIAGO,7pkd
RUA  JOÃO MARIANO (JANGURUSSU),7pkd
RUA  JOÃO MELO,7pkdd
RUA  JOÃO MELO (BARROSO),7pkd
RUA  JOÃO NEPOMUCENO,7pkdd
RUA  JOÃO NOGUEIRA BORGES,7pkd
RUA  JOÃO NONATO COSTA,7pkd
RUA  JOÃO PAULINO DE BARROS LEAL,7pkd
RUA  JOÃO PAULO DE ANDRADE,7pkd
RUA  JOÃO PAULO I,7pkd
RUA  JOÃO PEDRO DE SANTIAGO,7pkd
RUA  JOÃO PEQUENO,7pk
RUA  JOÃO PRIMEIRO,7pkd
RUA  JOÃO RAMALHO,7pkd3
RUA  JOÃO REGINO,7pkd
RUA  JOÃO RIBEIRO,7pkd
RUA  JOÃO SALES,7pkd
RUA  JOÃO SORONGO,7pkdd
RUA  JOÃO TEIXEIRA,7pkd
RUA  JOÃO TINÔCO,7pkd
RUA  JOÃO TOMÉ,7pkd
RUA  JOÃO VITOR,7pkd3
RUA  JOÃO XXIII,7pkd3
RUA  JOÃOZITO ARRUDA,7pkd
RUA  JUAREZ BARROSO,7pkd
RUA  JUAZEIRO,7pkd
RUA  JUAZEIRO (SABIAGUABA),7pkd
RUA  JUAZEIRO DO NORTE,7pkd
RUA  JUCÁ,7pkd
RUA  JUIZ DE FORA,7pkd
RUA  JULI PRAT,7pkd
RUA  JULIA,7pkd3
RUA  JULIA SALES,7pkd
RUA  JULIA SALES (JARDIM DAS OLIVEIRAS),7pkd
RUA  JULIO CESAR,7pkdd
RUA  JULIO GASPAR,7pkd
RUA  JULIO MIGUEL,7pkd
RUA  JULIO SILVA,7pkd
RUA  JUNDIAÍ,7pkd
RUA  JURACI GIRÃO,7pkd
RUA  JURACI MAGALHAES (BARRA DO CEARÁ),7pkd
RUA  JURACI MAGALHÃES,7pkd
RUA  JURACI MAGALHÃES (EDSON QUEIROZ),7pkd
RUA  JURANDIR LEONEL ALENCAR,7pkd
RUA  JUREMA,7pkd
RUA  JURIPEBA,7pkd
RUA  JURITI,7pkd
RUA  JUSCELINO KUBTSCHEK,7pkd
RUA  JUSTINIANO DE SERPA,7pkdd
RUA  JUSTINO CAFÉ NETO,7pkd
RUA  JUSTINO SOARES,7pkd
RUA  JUVENAL DE CARVALHO,7pkd
RUA  JUVENAL GALENO,7pkd
RUA  JUVENCIO BARROSO,7pkd
RUA  JUVENCIO BRAGA,7pkd
RUA  JUVENCIO SALES,7pkd
RUA  JUVENTINO CAETANO,7pkd
RUA  JUVENTUDE,7pkd
RUA  JUVÊNCIO VASCONCELOS,7pkd
RUA  JUÁ,7pkd
RUA  JÚLIA VASCONCELOS,7pkd
RUA  JÚLIA VIEIRA,7pkd
RUA  JÚLIO ABREU,7pkd
RUA  JÚLIO ALCIDES,7pkd
RUA  JÚLIO AZEVEDO,7pkd
RUA  JÚLIO BARBOSA DE CARVALHO,7pkd
RUA  JÚLIO BRAGA,7pkdd
RUA  JÚLIO BRÍGIDO,7pkdd
RUA  JÚLIO CARLOS CRISPINO LEITE,7pkd
RUA  JÚLIO CESAR,7pkd
RUA  JÚLIO COLF,7pkd
RUA  JÚLIO DA SILVEIRA,7pkd
RUA  JÚLIO IBIAPINA,7pkd
RUA  JÚLIO LIMA,7pkd
RUA  JÚLIO MACIEL,7pkd
RUA  JÚLIO PINTO,7pkd
RUA  JÚLIO SIQUEIRA,7pkd
RUA  JÚLIO VENTURA,7pkd
RUA  JÚLIO VERNE,7pkdd
RUA  JÚNIOR ROCHA,7pkd
RUA  JÚPITER,7pkd
RUA  K (CONJ. ITAPARICA),7pkd
RUA  K (CONJ. JARDIM FLUMINENSE II),7pkd3
RUA  K (CONJ. SANTA LUZIA DO COCÓ),7pkd
RUA  K (LOT AV DOS EXPEDICIONARIOS),7pkd
RUA  K (LOT CIDADE VERDE),7pkd
RUA  K (LOT EXPEDICIONARIOS II),7pkd
RUA  K (LOT. JD. GLEBA K2),7pkd
RUA  K DO LOTEAMENTO PARQUE ATLÂNTICO,7pkd
RUA  K JOAO PAULO II,7pkd
RUA  K LOT PARAISO VERDE,7pkd3
RUA  K(VILA VELHA IV),7pkd
RUA  KALU,7pkd
RUA  KAPA,7pkd
RUA  KASEL,7pkd
RUA  KELLY,7pkd
RUA  KLEBER LEITE MESQUITA,7pkd
RUA  L ( VILA VELHA),7pkd
RUA  L (CARTIER OSVALDO STUDART),7pkd
RUA  L (CONJ. BARROSO II),7pkd
RUA  L (CONJ. ITAPARICA),7pkd
RUA  L (CONJ. SANTA LUZIA DO COCÓ),7pkd
RUA  L (LAGOA REDONDA),7pkd
RUA  L (LOT EXPEDICIONARIOS II),7pkd
RUA  L (LOT RETIRO GRANDE),7pkd
RUA  L (LOT. JD. GLEBA K2),7pkd
RUA  L (MUTIRAO RENASCER III),7pkd
RUA  L (PQ ATLANTICO),7pkd
RUA  L (PQ NOVO CEARA),7pk
RUA  L (VILA VELHA),7pkd
RUA  L 01 DO LOTEAMENTO COLINA DA SABIAGUABA,7pkd
RUA  L 5S (ALPHA VILLAGE),7pkd
RUA  L 7S (ALPHA VILLAGE),7pkd
RUA  L DEMETRIO,7pkd
RUA  L DO CONJUNTO 1º DE MARÇO,7pkd
RUA  L DO CONJUNTO JOÃO PAULO II,7pkd
RUA  L DO LOTEAMENTO AV. DOS EXPEDICIONÁRIOS I,7pkd
RUA  L DO LOTEAMENTO PARAÍSO VERDE,7pkd3
RUA  L DO LOTEAMENTO PARQUE MONTENEGRO II,7pkd
RUA  L DO LOTEAMENTO RESIDENCIAL NOVO PASSARÉ,7pkd
RUA  L LOTEAMENTO PLANALTO ALDEOTA SUL,7pkd
RUA  LADY LAURA,7pkd
RUA  LAGO AZUL,7pkd
RUA  LAGO AZUL (PREFEITO JOSÉ WALTER),7pkd
RUA  LAGO DAS ORQUÍDEAS,7pkd
RUA  LAGOA DA ISAURA,7pkd
RUA  LAGOA DA PRATA,7pkd
RUA  LAGOA DO ABAETÉ,7pkd
RUA  LAGOA VERDE (JANGURUSSU),7pkd
RUA  LANDEL DE MOURA,7pk
RUA  LARA,7pkd
RUA  LARANJAL,7pkd
RUA  LARGA,7pkd
RUA  LARGO DO TANQUE,7pkd3
RUA  LAURA BEZERRA,7pkd
RUA  LAURA CAZUMBA,7pkd
RUA  LAUREANO LEAL,7pkd
RUA  LAURO BENTO,7pkd
RUA  LAURO MAIA,7pkd
RUA  LAURO RODRIGUES,7pkd
RUA  LAVRAS DA MANGABEIRA,7pkd
RUA  LEANDRO HENRIQUE,7pkd3
RUA  LEANDRO MONTEIRO,7pkd
RUA  LEBOM MAIA,7pkd
RUA  LEBRE,7pkdd
RUA  LEDA,7pkd
RUA  LEIRIA DE ANDRADE,7pkd
RUA  LEIRICE PORTO,7pk
RUA  LEITÃO CERQUEIRA,7pkd
RUA  LEON GRADVOHL,7pkd
RUA  LEONARDO ALVES DE MELO,7pkd
RUA  LEONARDO MOTA,7pkd
RUA  LEONARDO MOTA (CAMBEBA),7pkd
RUA  LEONARDO SAMPAIO,7pkd
RUA  LEONEL CHAVES,7pkdd
RUA  LEONEL TORQUATO DE LIMA,7pkd
RUA  LEONICE AGUIAR,7pkd
RUA  LEOPOLDO PEREZ,7pkd
RUA  LETICIA BRAGA,7pkd
RUA  LETÍCIA,7pkd
RUA  LEUBA,7pkd
RUA  LEÃO DO NORTE,7pkd
RUA  LEÃO VELOSO,7pkd
RUA  LEÃO XIII,7pkd
RUA  LEÔNCIO TABOSA,7pkd
RUA  LIBANES JOSE LOPES,7pkd
RUA  LIBANESES,7pkd
RUA  LIBANIA RIBEIRO DE MELO NUNES,7pkd
RUA  LIBERAL,7pkd
RUA  LIBERATO BARROSO,7pkd
RUA  LIBERDADE,7pkd
RUA  LICURGO MONTENEGRO,7pkdd
RUA  LIDUINA COSTA PIRES,7pkd
RUA  LIDUINA ROCHA LIMA,7pkd
RUA  LIGAÇÃO PROPOSTA,7pkd
RUA  LILIA ABREU,7pkdd
RUA  LILIANE MIRANDA,7pkd
RUA  LIMA BARRETO,7pkd
RUA  LIMA CAMPOS,7pkd
RUA  LIMA DUARTE,7pkd
RUA  LIMOEIRO DO NORTE,7pkd
RUA  LINDA BATISTA,7pkd
RUA  LINDALVA DE MENEZES,7pkd
RUA  LINDOLFO BRAGA,7pkd
RUA  LINDOLFO FREIRE,7pkd
RUA  LINDÓYA,7pkd
RUA  LINEU JUCÁ,7pkd
RUA  LINEU P MACHADO,7pkdd
RUA  LINO AUGUSTINHO,7pkd
RUA  LINO CONDE,7pkd
RUA  LINS DO RÊGO,7pkd
RUA  LIREDA SATE,7pkd
RUA  LITO,7pkd
RUA  LIVIA PAIVA,7pkd
RUA  LIVINO DE CARVALHO,7pkdd
RUA  LO 01 DO RESIDENCIAL CAJAZEIRAS,7pkd
RUA  LO 01 RES BOM JARDIM,7pkd3
RUA  LO 02 DO RESIDENCIAL CAJAZEIRAS,7pkd
RUA  LO 02 RES BOM JARDIM,7pkd3
RUA  LO 03 RES BOM JARDIM,7pkd3
RUA  LOCAL 01 (RESIDENCIAL VILA NOVA I E II),7pkd
RUA  LOCAL 01 (SALINAS),7pkd
RUA  LOCAL 02 (RESIDENCIAL VILA NOVA I E II),7pkd
RUA  LOCAL 04 DO LOTEAMENTO TATU MUNDÉ,7pkd3
RUA  LOCAL 1 (FLORESTA),7pkd
RUA  LOCAL 11 DO LOTEAMENTO TATU MUNDÉ,7pkd3
RUA  LOCAL 2,7pkd
RUA  LOCAL 3,7pkd
RUA  LOCAL 4 (FLORESTA),7pkd
RUA  LOCAL 4 (MONDUBIM),7pkd
RUA  LOCAL 5 (FLORESTA),7pkd
RUA  LOCAL 5 (MONDUBIM),7pkd
RUA  LOCAL PROJETADA,7pkd
RUA  LONDRINA,7pkd3
RUA  LOPES FILHO,7pkdd
RUA  LOPES TROVÃO,7pkd
RUA  LORENA,7pkdd
RUA  LORENA (COUTO FERNANDES),7pkdd
RUA  LOURALBER MONTEIRO,7pkd
RUA  LOURDES LEITE (CANINDEZINHO),7pkd3
RUA  LOURDES VIDAL ALVES (LAGOA REDONDA),7pkd
RUA  LOURENÇO FEITOSA,7pkd
RUA  LOURENÇO PESSOA,7pkd
RUA  LOURIVAL CORREIA PINHO,7pkd
RUA  LOUSANO,7pkd
RUA  LUA,7pkd
RUA  LUANA,7pkd
RUA  LUCAS AVELINO,7pkd
RUA  LUCAS FRANCISCO ANTÔNIO,7pkd
RUA  LUCAS MAIA,7pkd3
RUA  LUCAS PINTO,7pkd
RUA  LUCIA SABOIA,7pkd
RUA  LUCIANO ALVES,7pkd
RUA  LUCIANO DO VALE,7pkd
RUA  LUCIANO LIRA,7pkd3
RUA  LUCIANO MAGALHAES,7pkd
RUA  LUCIANO MONTEIRO,7pk
RUA  LUCIANO QUEIROS,7pkdd
RUA  LUCIANO QUEIROZ (PARQUE DOIS IRMÃOS),7pkd
RUA  LUCIANO QUEIRÓS,7pkd
RUA  LUCIANO SILVA,7pkd
RUA  LUCIMAR DE OLIVEIRA,7pkd
RUA  LUCIMAR FERNANDES,7pkd3
RUA  LUCINEIDE GOMES,7pkd
RUA  LUCÍOLA,7pkd
RUA  LUDGERO GUILHERME COSTA,7pkd
RUA  LUIS BENTO,7pk
RUA  LUIS CARLOS LOPES RIBEIRO,7pkd
RUA  LUIS DO CARMO,7pkd
RUA  LUIS GIRÃO,7pkd
RUA  LUIS GUEDES,7pkd3
RUA  LUIS HORTÊNCIO,7pkd
RUA  LUIS MENDES,7pkd
RUA  LUIS ORIÁ,7pkd
RUA  LUIS TIBURCIO,7pkd
RUA  LUIS VICENTE ROCHA,7pkd
RUA  LUIZ ALVES MAIA,7pkd
RUA  LUIZ ALVES TEIXEIRA,7pkd
RUA  LUIZ ALVES TOMAZ,7pkd
RUA  LUIZ ANDRÉ,7pkd
RUA  LUIZ CIDRÃO OLIVEIRA,7pkd
RUA  LUIZ DE ALENCAR RANGEL,7pkd
RUA  LUIZ DE PONTES,7pkd
RUA  LUIZ FERNANDES,7pkd
RUA  LUIZ FRANCISCO XAVIER,7pkd
RUA  LUIZ GAMA,7pkd
RUA  LUIZ GOMES DE FREITAS,7pkd3
RUA  LUIZ GONZAGA,7pkdd
RUA  LUIZ GONZAGA (MONDUBIM),7pkd
RUA  LUIZ MOLICO,7pkd
RUA  LUIZ PORFÍRIO SALES,7pkd
RUA  LUIZ SARAIVA,7pkd
RUA  LUIZ VIDAL DA SILVA,7pkd
RUA  LUIZA CAMINHA,7pkd
RUA  LUIZA HELENA,7pkd
RUA  LUIZA MENDES,7pkd3
RUA  LUIZA MIRANDA COELHO,7pkd
RUA  LUIZA MONTENEGRO,7pkd3
RUA  LUIZA NOBRE,7pkd
RUA  LUMINOSA,7pkd3
RUA  LUZIA,7pkd
RUA  LUZIA MOREIRA,7pkd3
RUA  LUZIA P DA COSTA,7pkd3
RUA  LUÍS CARLOS FÊLIX,7pkd
RUA  LUÍS COSTA FILHO,7pkd
RUA  LUÍS DE CASTRO,7pkdd
RUA  LUÍS DE MIRANDA,7pkdd
RUA  LUÍS FIRMINO,7pkd
RUA  LUÍS GUIMARÃES,7pkd
RUA  LUÍS MARIANO,7pkd
RUA  LUÍS NOGUEIRA,7pkd
RUA  LUÍS SARAIVA,7pkd
RUA  LUÍS TORRES,7pkd
RUA  LUÍZA GUIMARÃES,7pkd
RUA  LÍDIA BRIGIDO,7pkd
RUA  LÍDIA PETRI GONÇALVES,7pkd
RUA  LÍGIA,7pkd
RUA  LÍGIA MONTE,7pkd
RUA  LÍRIO,7pkd
RUA  LÍRIO DO CAMPO,7pkd
RUA  LÍVIO BARRETO,7pkd
RUA  LÚCIA HELENA DO NASCIMENTO,7pkd
RUA  LÚCIA MARINHO FERREIRA,7pkd
RUA  M (BOA VISTA/CASTELÃO),7pkd
RUA  M (CJ BARROSO II),7pkd
RUA  M (CONJ VILA VELHA II),7pkd
RUA  M (CONJ. ITAPARICA),7pkd
RUA  M (CONJ. JOÃO PAULO II),7pkd
RUA  M (CONJ. SANTA LUZIA DO COCÓ),7pkd
RUA  M (LOT EXPEDICIONARIOS II),7pkd
RUA  M (PQ NOVO CEARA),7pk
RUA  M - LOT PLANALTO ALDEOTA SUL,7pkd
RUA  M DO CONJUNTO PRIMEIRO DE MARÇO,7pkd
RUA  M DO LOTEAMENTO AV. DOS EXPEDICIONÁRIOS I,7pkd
RUA  M DO LOTEAMENTO CIDADE VERDE,7pkd
RUA  M DO LOTEAMENTO PARQUE MONTENEGRO II,7pkd
RUA  M LOT PARAISO VERDE,7pkd3
RUA  M LOTEAMENTO PARQUE MONTENEGRO I,7pkd
RUA  M TAVARES,7pkd
RUA  M. NOGUEIRA DE FRANCA,7pkd
RUA  MACAMBIRA,7pkd
RUA  MACAPÁ,7pkd
RUA  MACAU,7pkd
RUA  MACEIÓ,7pkd
RUA  MACHADO DE ASSIS,7pkdd
RUA  MACHADO DE ASSIS (PARQUE DOIS IRMÃOS),7pkd
RUA  MACIEL (JANGURUSSU),7pkd
RUA  MACIEL BRITO,7pkd3
RUA  MADELENA CARAMURU,7pkd
RUA  MAGNA,7pkd3
RUA  MAGNOLIA (SIQUEIRA),7pkd3
RUA  MAGNÓLIA,7pkd
RUA  MAGUARI,7pkd
RUA  MAIA JUNIOR,7pkd
RUA  MAJORLANDIA,7pkd
RUA  MANACÁ,7pkd
RUA  MANACÁ (CID JD FORT GLEBA A),7pkd
RUA  MANAUS,7pkd
RUA  MANAXOS,7pk
RUA  MANDACARU (JARDIM DAS OLIVEIRAS),7pkd
RUA  MANDACARÚ,7pkd
RUA  MANDU (SIQUEIRA),7pkd3
RUA  MANGABA,7pkd
RUA  MANGUEIRA,7pkd
RUA  MANOEL ALBANO,7pkd
RUA  MANOEL ALBANO AMORA,7pkd
RUA  MANOEL ALBUQUERQUE C. LEITE,7pkd
RUA  MANOEL ANTÔNIO DE ALMEIDA,7pkd
RUA  MANOEL ARAÚJO DE SOUSA,7pkd
RUA  MANOEL ARRUDA,7pkd
RUA  MANOEL BERNARDINO,7pkd
RUA  MANOEL BERNARDO DA SILVA (ANCURI),7pkd
RUA  MANOEL BEZERRA DOS SANTOS,7pkd3
RUA  MANOEL CARNEIRO,7pkd
RUA  MANOEL CLODOMIR DE ALMEIDA,7pkd
RUA  MANOEL CORDEIRO,7pkd
RUA  MANOEL COSTA,7pkd
RUA  MANOEL CRUZ,7pkd
RUA  MANOEL DA NÓBREGA,7pkd3
RUA  MANOEL DE AGUIAR PONTES,7pkd
RUA  MANOEL DE CASTRO,7pkd
RUA  MANOEL DE CASTRO (JANGURUSSU),7pkd
RUA  MANOEL DE CASTRO (SIQUEIRA),7pkd
RUA  MANOEL DE LIMA VALENTE,7pkd
RUA  MANOEL DIAS BRANCO,7pkd
RUA  MANOEL FALCAO MAIA,7pkd
RUA  MANOEL FERNANDES,7pkd
RUA  MANOEL FIGUEIREDO,7pkd
RUA  MANOEL FREITAS,7pkd
RUA  MANOEL LOURENÇO DOS SANTOS,7pkd
RUA  MANOEL MARQUES,7pkd
RUA  MANOEL MARTINS,7pkd
RUA  MANOEL MONTEIRO,7pkd
RUA  MANOEL NUNES,7pkd
RUA  MANOEL NUNES SIQUEIRA,7pkd
RUA  MANOEL OLIVER,7pkd
RUA  MANOEL PADILHA,7pkd
RUA  MANOEL PEIXOTO,7pk
RUA  MANOEL PEREIRA,7pkd
RUA  MANOEL PIMENTEL,7pkd
RUA  MANOEL RAVENTOS,7pkd
RUA  MANOEL RODRIGUES,7pkd
RUA  MANOEL SÁTIRO,7pkd
RUA  MANOEL VIRINO,7pkd
RUA  MANUEL BERNARDO,7pkd
RUA  MANUEL CARLOS RODRIGUES,7pkd
RUA  MANUEL CASTELO BRANCO,7pkd
RUA  MANUEL DUTRA,7pkd
RUA  MANUEL DÁRIO,7pkd
RUA  MANUEL FIRMINO DA SILVA,7pkd
RUA  MANUEL FIRMINO SAMPAIO,7pkd
RUA  MANUEL GIFONI,7pkd
RUA  MANUEL JACARÉ,7pkd
RUA  MANUEL JESUINO,7pkd
RUA  MANUEL LIMA SOARES (NÉO),7pkd
RUA  MANUEL MOURA,7pkd
RUA  MANUEL NUNES,7pkd
RUA  MANUEL PEREIRA,7pkd
RUA  MANUEL PEREIRA PINTO,7pkd
RUA  MANUEL QUEIRÓS,7pkd
RUA  MANUEL SADOC CISNEY,7pkd
RUA  MANUEL TEIXEIRA,7pkd
RUA  MANUELITO COSTA,7pkd
RUA  MANUELITO MOREIRA,7pkd
RUA  MANUELLY,7pkd
RUA  MANÁGUA,7pkd
RUA  MAPIRUNGA,7pkd
RUA  MAR DEL PLATA,7pkd
RUA  MARA,7pkd
RUA  MARACANÃ,7pkdd
RUA  MARAJÁ,7pkd
RUA  MARAJÓ,7pkd
RUA  MARANGUAPE,7pkd 7pkd3
RUA  MARANGUAPINHO,7pkd
RUA  MARANHÃO,7pkdd
RUA  MARAVILHA (BARRA DO CEARÁ),7pkd
RUA  MARCELINO DE MELO,7pkd
RUA  MARCELINO DE SOUZA,7pkd
RUA  MARCELINO LOPES,7pkd
RUA  MARCELO COSTA,7pkd
RUA  MARCELO GENTIL PORTO,7pkd
RUA  MARCELO REIS,7pkd
RUA  MARCELO SABOIA,7pkd
RUA  MARCELO SANTA FÉ,7pkd3
RUA  MARCIA,7pkd
RUA  MARCIEL DA ROCHA,7pkd
RUA  MARCILIA COSTA FREIRE,7pkd
RUA  MARCO (MONTESE),7pkdd
RUA  MARCO POLO,7pkd
RUA  MARCOLINA FERREIRA (LAGOA REDONDA),7pkd
RUA  MARCONDES PEREIRA,7pkd
RUA  MARCONI,7pkd
RUA  MARCOS AUGUSTO,7pkd
RUA  MARCOS BARROS LAGO,7pkd3
RUA  MARCOS MACEDO,7pkd
RUA  MARCOS MAZIEL BRASILEIRO,7pkd
RUA  MARCOS VINICIUS,7pkd
RUA  MARCÍLIO DIAS,7pkd
RUA  MARGARIDA ALVES,7pkd
RUA  MARGARIDA DIAS,7pkd
RUA  MARGARIDA QUEIRÓS,7pkd
RUA  MARGARIDA QUEIRÓS (CAJAZEIRAS),7pkd
RUA  MARGEM DA LAGOA,7pkd
RUA  MARGINAL VERDE OESTE,7pkd
RUA  MARIA ALICE,7pkdd
RUA  MARIA ALICE FERRAZ,7pkd
RUA  MARIA ALMEIDA,7pkd
RUA  MARIA ALVES RIBEIRO,7pkd
RUA  MARIA ANALIA,7pkd
RUA  MARIA ARAÚJO COCHRANE,7pkd
RUA  MARIA AUXILIADORA SILVA COLARES,7pkd3
RUA  MARIA BANDEIRA,7pkd
RUA  MARIA BASTOS,7pkd
RUA  MARIA BEZERRA,7pkd
RUA  MARIA BEZERRA (EDSON QUEIROZ),7pkd
RUA  MARIA DA CONCEIÇÃO PONCIANO,7pkd
RUA  MARIA DA GLORIA,7pkd
RUA  MARIA DAS DORES,7pkd
RUA  MARIA DAS DORES SILVA SOUSA,7pkd
RUA  MARIA DAS GRACAS NEVES,7pkd
RUA  MARIA DE JESUS,7pkd3
RUA  MARIA DE LOURDES G DE LIMA,7pkd
RUA  MARIA DE LOURDES LOPES,7pkd
RUA  MARIA DE NAZARE,7pkd
RUA  MARIA DE SOUSA,7pkd
RUA  MARIA DELFINO,7pk
RUA  MARIA DO CARMO,7pkd
RUA  MARIA DO CARMO FREITAS BARROS,7pkd
RUA  MARIA DOS ANJOS MACHADO,7pkd
RUA  MARIA DULCE,7pkd
RUA  MARIA ELIZANGELA,7pkd
RUA  MARIA FERREIRA DOS SANTOS,7pkd
RUA  MARIA FIRMINO,7pkd3
RUA  MARIA FÉLIX RODRIGUES,7pkdd
RUA  MARIA GALDINO,7pkd
RUA  MARIA GOMES DE SA,7pkd3
RUA  MARIA GUERRA DE MEDEIROS,7pkd
RUA  MARIA ILZA CIDRAO ROCHA,7pkd
RUA  MARIA ISABEL,7pkd
RUA  MARIA IVONE (BARROSO),7pkd
"RUA  MARIA IVONE (EDSON QUEIROZ, SAPIRANGA-COITÉ)",7pkd
RUA  MARIA IVONEIDE,7pkd
RUA  MARIA JOSE PASSOS JEREISSATI,7pkd
RUA  MARIA JOSEFINA PESSOA,7pkd
RUA  MARIA JOSÉ TEIXEIRA,7pkd
RUA  MARIA JULIA MUTIRAO,7pkd
RUA  MARIA JÚLIA,7pkd3
RUA  MARIA LEITE,7pkd
RUA  MARIA LETICIA,7pkd
RUA  MARIA LUIZA SILVA,7pkd3
RUA  MARIA LUÍZA,7pkd
RUA  MARIA MAIA (SDO),7pkd3
RUA  MARIA MARGARIDA,7pkd
RUA  MARIA MARQUES,7pkd3
RUA  MARIA MIRIAM FERREIRA DE SOUZA,7pkd
RUA  MARIA MIRTES PEREIRA,7pkd
RUA  MARIA MOTA MIRANDA,7pkd
RUA  MARIA NAZARÉ RODRIGUES,7pkd
RUA  MARIA NEIVE,7pkd
RUA  MARIA NOGUEIRA,7pkd
RUA  MARIA NUBIA QUEIROZ,7pkd3
RUA  MARIA ODALÉA PIRES DA SILVA,7pkd
RUA  MARIA OSILÉA PIRES,7pkd
RUA  MARIA PERDIGAO,7pkd
RUA  MARIA PEREIRA,7pkd
RUA  MARIA PEREIRA FIRMO,7pkd3
RUA  MARIA PINHEIRO CAMPELO,7pkd
RUA  MARIA PIRES,7pkd
RUA  MARIA QUINTELA,7pkdd
RUA  MARIA QUINTINO,7pkd
RUA  MARIA QUITÉRIA,7pkd
RUA  MARIA RIBEIRO (PARQUE SANTA MARIA),7pkd
RUA  MARIA RODRIGUES (JANGURUSSU),7pkd
RUA  MARIA RODRIGUES (MANUEL DIAS BRANCO),7pkd
RUA  MARIA ROSA,7pkd
RUA  MARIA SARAIVA,7pkd
RUA  MARIA TOMÁSIA,7pkd
RUA  MARIA ZENOBIA CARNEIRO,7pkd
RUA  MARIA ZILDA,7pkd
RUA  MARIANA DE ALMEIDA,7pkd
RUA  MARIANA FURTADO LEITE,7pkd
RUA  MARIANA PINTO BANDEIRA,7pkd
RUA  MARIANA SAMPAIO ALENCAR,7pkd3
RUA  MARIELLE FRANCO,7pkd3
RUA  MARIETA BARREIRA,7pkd
RUA  MARIINHA HOLANDA,7pkd
RUA  MARINGÁ,7pkd
RUA  MARINGÁ (AEROLÂNDIA),7pkd
RUA  MARINHEIROS,7pkd
RUA  MARINHO E SILVA,7pkd
RUA  MARIO CESAR,7pkd
RUA  MARIO COVAS,7pkd
RUA  MARIO DE ANDRADE,7pkdd
RUA  MARIO GUEDES,7pkd
RUA  MARIO MONTENEGRO,7pkd3
RUA  MARISOL,7pkd
RUA  MARLEIDE,7pkd
RUA  MARLENE FARIAS FILGUEIRAS,7pk
RUA  MARONILDE DE QUEIRÓZ,7pkd
RUA  MARTE,7pkd
RUA  MARTIN PESCADOR,7pkd
RUA  MARTINHO RODRIGUES,7pkd
RUA  MARTINIANO MIRANDA,7pkd
RUA  MARTINS CAMELO,7pkd
RUA  MARTINS CARVALHO,7pkd3
RUA  MARTINS DE ARAÚJO,7pkd
RUA  MARTINS DE CASTRO,7pkd
RUA  MARTINS DE JESUS,7pkd
RUA  MARTINS DE LIMA,7pkd
RUA  MARTINS DE SOUZA,7pkd
RUA  MARTINS NETO,7pkd
RUA  MARTINS SALES,7pkd
RUA  MARTINÓPOLE,7pkdd
RUA  MARVIN,7pkd
RUA  MARÍLIA DE DIRCEU,7pkd
RUA  MATEUS DE ALMEIDA,7pkd
RUA  MATEUS LEMOS,7pkd3
RUA  MATEUS SOARES (ITAPERI),7pkd
RUA  MATIAS BARBOSA,7pkd
RUA  MATIAS BECK,7pkdd
RUA  MATIAS DE ALBUQUERQUE,7pkdd
RUA  MATO GROSSO,7pkdd
RUA  MATOS,7pkd
RUA  MATOS VASCONCELLOS,7pkdd
RUA  MATOS VASCONCELOS,7pkdd
RUA  MATRIZ,7pk
RUA  MAURITI,7pkdd
RUA  MAURITÂNIA,7pkd
RUA  MAURO FREIRE,7pkd
RUA  MAURíCIO BARCELO RIBEIRO NETO,7pkd
RUA  MAXIMIANO BARRETO,7pkd
RUA  MAXIMINO,7pkd
RUA  MAYSA,7pkd
RUA  MEDELIM,7pkd3
RUA  MEDIANEIRA,7pkd
RUA  MELO CESAR,7pkd
RUA  MELO OLIVEIRA,7pkdd
RUA  MELQUIADES,7pkd
RUA  MELQUÍADES PINTO,7pkd
RUA  MELVIN JONES,7pkd
RUA  MENDES GUIMARÃES,7pkd
RUA  MENDES JUNIOR,7pkd
RUA  MENDES PIMENTEL,7pkd
RUA  MENEZES DE OLIVEIRA,7pkd
RUA  MENINO JESUS,7pkd
RUA  MENINO JESUS DA PAUPINA,7pkd
RUA  MENINO JESUS DE PRAGA,7pkd
RUA  MENINO JESUS DE PRAGA(BONSUCESSO),7pkd
RUA  MENOR,7pkd
RUA  MENOR JERONIMO,7pkd
RUA  MERCÚRIO,7pkd
RUA  MERUOCA,7pkd
RUA  MESSIAS FILOMENO,7pkd
RUA  MESTRE ANDRE,7pkd
RUA  METON DE ALENCAR,7pkd
RUA  MICAELE SOUSA SILVA,7pkd
RUA  MICHELE,7pkd
RUA  MIGUEL AFONSO SILVA,7pkd3
RUA  MIGUEL ALVES DE SOUSA,7pkd
RUA  MIGUEL CALMON,7pkd
RUA  MIGUEL DIBE,7pkd
RUA  MIGUEL FERREIRA,7pkd
RUA  MIGUEL GONÇALVES,7pkdd
RUA  MIGUEL GUIMARAES,7pkd
RUA  MIGUEL GURGEL,7pkd
RUA  MIGUEL GUSTAVO,7pkd
RUA  MIGUEL MARTINS,7pkd
RUA  MIGUEL PEREIRA,7pkd
RUA  MIGUEL PONTES,7pkd
RUA  MIGUEL TAVARES,7pkd
RUA  MILAGRES,7pkd
RUA  MILTON BARBOSA DE SOUZA,7pkd
RUA  MILTON ESPÍNDOLA PINHEIRO,7pkd
RUA  MILTON GONCALVES,7pkd
RUA  MIMOSA,7pkdd
RUA  MIMOSA COELHO,7pkd
RUA  MINAS GERAIS,7pkdd
RUA  MINERVA,7pkd
RUA  MINERVINO DE CASTRO,7pkdd
RUA  MIRACEL,7pkd3
RUA  MIRACEMA,7pkd
RUA  MIRANOS,7pk
RUA  MIRAÍMA,7pkd
RUA  MIRELA BARROSO ORIA,7pkd
RUA  MIRELLA JORGE VIEIRA,7pkd
RUA  MIRIAM FELIX,7pkd
RUA  MIRIAM ROCHA,7pkd
RUA  MIRIS DE MARINHO BOUTY,7pkd
RUA  MIRTES CORDEIRO,7pkd3
RUA  MIRTES MARINHO,7pkd
RUA  MIRTES ROCHA,7pkd
RUA  MIRTIL MEYER,7pkd
RUA  MISERICÓRDIA,7pkd
RUA  MISSIONARIO OLIVEIRA (JANGURUSSU),7pkd
RUA  MISSÃO VELHA,7pkd
RUA  MOACIR (JATOBÁ),7pkd
RUA  MOACIR ALENCAR ARARIPE,7pkd
RUA  MOACIR MACHADO,7pkd
RUA  MOACIR MARQUES,7pkd
RUA  MODESTO,7pkd
RUA  MOGNO,7pkd
RUA  MOGNO (CID JD FORT GLEBA A),7pkd
RUA  MOISES ESTEVAM DA SILVA,7pkd
RUA  MOISÉS,7pkd
RUA  MOISÉS FERREIRA,7pkd
RUA  MOMBAÇA,7pkd
RUA  MONGOLIA,7pkd3
RUA  MONICA,7pkd
RUA  MONICA LIMA,7pkd3
RUA  MONIQUE,7pkd
RUA  MONIQUE ALVES,7pkd
RUA  MONTE ALEGRE,7pkd
RUA  MONTE CLARO,7pkdd
RUA  MONTE CRISTO,7pkd
RUA  MONTE FLOR,7pkd
RUA  MONTE LÍBANO,7pkd
RUA  MONTE REI (EDSON QUEIROZ),7pkd
RUA  MONTE REI (QUINTINO CUNHA),7pkd
RUA  MONTE ROSADO,7pkd
RUA  MONTE SERRAT,7pkd
RUA  MONTE VERDE (PAUPINA),7pkd
RUA  MONTEIRO,7pkd
RUA  MONTEIRO LOBATO,7pkd
RUA  MONTEIRO LOBATO (PLAN PICI),7pkdd
RUA  MONTENEGRO,7pkd
RUA  MONTEVIDÉU,7pkd
RUA  MONTREAL,7pk
RUA  MORADA NOVA,7pkd
RUA  MORADA NOVA (JANGURUSSU),7pkd
RUA  MORADA NOVA (PLANALTO AYRTON SENNA),7pkd
RUA  MORAUJO,7pkd
RUA  MOREIRA DA ROCHA,7pkd
RUA  MOREIRA DE ANDRADE,7pkd
RUA  MOREIRA DE SOUSA,7pkdd
RUA  MOREIRA DE SOUZA,7pkdd
RUA  MOREIRA GOMES,7pkd
RUA  MOREIRA LEITE,7pkd
RUA  MORENINHA IRINEU,7pkdd
RUA  MORONI BIGTORGAN,7pkd
RUA  MORRINHOS,7pkd
RUA  MORRO BRANCO,7pkd
RUA  MORRO BRANCO (BARRA DO CEARÁ),7pkd
RUA  MORUMBI,7pkd
RUA  MOSCOU,7pkd
RUA  MOSSORÓ,7pkd
RUA  MOTA CAMBRAIA,7pkd
RUA  MOURA E SILVA,7pkd
RUA  MOURA MATOS,7pkd
RUA  MOZART ANSELMO,7pkd
RUA  MOZART BEZERRA,7pkd
RUA  MOZART FIRMEZA,7pkdd
RUA  MOZART PINTO,7pkd
RUA  MOÇA BONITA,7pkd3
RUA  MOÇAMBIQUE,7pkd
RUA  MUCAMBINHO,7pkd
RUA  MUCUNA,7pkd
RUA  MUIRÁ,7pkd
RUA  MULHERES DE AREIA,7pkd
RUA  MULUNGU,7pkd
RUA  MUNDAÚ,7pkd
RUA  MUNDICA PAULA,7pkdd
RUA  MUNIZ FREIRE,7pkd
RUA  MURILO PAIVA,7pkd
RUA  MURITINGA,7pkd
RUA  MUTAMBA,7pkd
RUA  MYRIAM FRAGA,7pkd
RUA  MÁRIO ALENCAR ARARIPE,7pkd
RUA  MÁRIO CAMPOS,7pkd
RUA  MÁRIO DA SILVEIRA,7pkdd
RUA  MÁRIO FILHO,7pkd
RUA  MÁRIO MAMEDE,7pkd
RUA  MÁRIO STUDART,7pkd
RUA  MÁRIO VIEIRA,7pkd
RUA  MÁXIMO LINHARES,7pkd
RUA  MÉXICO,7pkd
RUA  MÔNACO,7pkd
RUA  N (BARROSO),7pkd
RUA  N (BARRROSO II),7pkd
RUA  N (CONJ. SANTA LUZIA DO COCÓ),7pkd
RUA  N (LOT CIDADE VERDE),7pkd
RUA  N (LOT ESPLANADA CASTELÃO),7pkd
RUA  N (LOT PLANALTO ALDEOTA SUL),7pkd
RUA  N (LOT PQ ADRIANO),7pkd
RUA  N (LOT RETIRO GRANDE),7pkd
RUA  N (LOT. EXPEDICIONÁRIOS ),7pkd
RUA  N (VILA VELHA),7pkd
RUA  N DO CONJUNTO JOÃO PAULO II,7pkd
RUA  N DO LOTEAMENTO ESPLANADA DO MONDUBIM,7pkd
RUA  N DO LOTEAMENTO MORUMBI I,7pkd
RUA  N LOT EXPEDICIONARIOS II,7pkd
RUA  N LOT PARAISO VERDE,7pkd3
RUA  N PQ NOVO CEARA,7pkd
RUA  NADIJEA RIBEIRO,7pkd
RUA  NADIR SABOYA,7pkd
RUA  NAGILA DE SOUSA,7pkd
RUA  NAIARA BATISTA,7pkd3
RUA  NAIR AZEVEDO,7pkd
RUA  NAPOLEÃO LAUREANO,7pkd
RUA  NAPOLEÃO QUEZADO,7pkdd
RUA  NARA LEÃO,7pkd
RUA  NARCIZIO DEL LIMA,7pkd
RUA  NATAL (MARAJÓ),7pkd
RUA  NATAL (PLANALTO AYRTON SENNA),7pkd
RUA  NATALI,7pkd
RUA  NATANAEL CORTEZ,7pkd
RUA  NATÁLIA,7pkd
RUA  NAYANE BATISTA,7pkd3
RUA  NAZARÉ FONTENELE,7pkd
RUA  NE 10,7pkd3
RUA  NE 11,7pkd3
RUA  NE 12,7pkd3
RUA  NE 3,7pkd3
RUA  NE 4,7pkd3
RUA  NE 9,7pkd3
RUA  NEIDE MAIA,7pkd
RUA  NEIDE MARIA LIMA FROTA CAVALCA,7pkd
RUA  NELSON COELHO,7pkd
RUA  NELSON MACHADO,7pkdd
RUA  NELSON MANDELA,7pkd
RUA  NELSON STUDART,7pkd
RUA  NENE TOME,7pkd
RUA  NENEM ARRUDA,7pkd
RUA  NENEM GONCALVES BARREIRA,7pkd
RUA  NENEM GONÇALVES (DIAS MACÊDO),7pkd
RUA  NENEN GONÇALVES BARREIRA,7pkd
RUA  NENZINHA GALENO,7pkd
RUA  NEREIDE,7pkd3
RUA  NEREU RAMOS,7pkd
RUA  NERI CAMELO,7pkd
RUA  NERYS NELSON,7pkd
RUA  NESTOR BARBOSA,7pkdd
RUA  NESTOR FONTENELE VASCONCELOS,7pkd
RUA  NETUNO,7pkdd
RUA  NETUNO (AEROPORTO),7pkd
RUA  NETUNO (PLANALTO AYRTON SENNA),7pkd
RUA  NEUDELIA MONTE,7pkd
RUA  NEUZA FERREIRA,7pkd
RUA  NEUZINHA PARENTE,7pkd
RUA  NEWTON CRAVEIRO,7pkd
RUA  NEZITA CABRAL,7pkd3
RUA  NEZITA PEREIRA,7pkd
RUA  NICARAGUA,7pkdd
RUA  NICOLAU ALVES DE CASTRO,7pkd
RUA  NICOLAU COELHO,7pkd
RUA  NICÁCIO PINTO,7pkd
RUA  NIGÉRIA,7pkd
RUA  NILO FIRMEZA,7pkd
RUA  NILO ROCHA,7pkd3
RUA  NILTON MONTENEGRO,7pkd3
RUA  NILTON REBOUÇAS,7pkd
RUA  NILÓPOLIS,7pkd
RUA  NINITA LEITÃO,7pkd
RUA  NITEROI (BARRA DO CEARÁ),7pkd
RUA  NITERÓI,7pkd3
RUA  NOCA BEZERRA,7pkd
RUA  NOEL ROSA,7pkd
RUA  NOEME RANGEL,7pkd
RUA  NOGUEIRA ACIÓLI,7pkd
RUA  NOGUEIRA CRUZ,7pkd
RUA  NOGUEIRA DA COSTA,7pkd
RUA  NOITE ILUSTRADA,7pkd
RUA  NONATO FARIAS,7pkd
RUA  NORTE,7pkd
RUA  NORTE DO LOTEAMENTO CAJAZEIRAS I,7pkd
RUA  NORUEGA,7pkd
RUA  NORVINDA PIRES,7pkd
RUA  NOSSA SENHORA APARECIDA,7pkd
RUA  NOSSA SENHORA APARECIDA (ANCURI),7pkd
RUA  NOSSA SENHORA APARECIDA (SIQUEIRA),7pkd3
RUA  NOSSA SENHORA AUXILIADORA (JOSÉ DE ALENCAR),7pkd
RUA  NOSSA SENHORA DA CONCEICAO (GENIBAÚ),7pkd
RUA  NOSSA SENHORA DA CONCEICAO (VILA VELHA),7pkd
RUA  NOSSA SENHORA DA LUZ,7pkd
RUA  NOSSA SENHORA DAS DORES,7pkd
RUA  NOSSA SENHORA DAS GRACAS (PASSARÉ),7pkd
RUA  NOSSA SENHORA DAS GRACAS (PAUPINA),7pkd
RUA  NOSSA SENHORA DE FATIMA,7pkd
RUA  NOSSA SENHORA DE FATIMA (CANINDEZINHO),7pkd3
RUA  NOSSA SENHORA DE FATIMA (MESSEJANA),7pkd
RUA  NOSSA SENHORA DE FATIMA (PARQUE DOIS IRMÃOS),7pkd
RUA  NOSSA SENHORA DE FATIMA (SAPIRANGA / COITÉ),7pkd
RUA  NOSSA SENHORA DE FÁTIMA (ANCURI),7pkd
RUA  NOSSA SENHORA DE LOURDES,7pkd
RUA  NOSSA SENHORA DE NAZARÉ,7pkd
RUA  NOSSA SENHORA DO CARMO,7pkd
RUA  NOSSA SENHORA DO ROSARIO,7pkd
RUA  NOSSA SRA DA PIEDADE,7pkd
RUA  NOSSA SRA DAS GRACAS (CJ PAUP,7pkd
RUA  NOVA (BARRA DO CEARÁ),7pkd
RUA  NOVA (JANGURUSSU),7pkd
RUA  NOVA (SIQUEIRA),7pkd3
RUA  NOVA ALIANÇA,7pkd
RUA  NOVA AURORA,7pkd
RUA  NOVA CONQUISTA,7pkd3
RUA  NOVA ESPERANCA,7pkd
RUA  NOVA ESPERANÇA (DIAS MACÊDO),7pkd
RUA  NOVA FRIBURGO,7pkd3
RUA  NOVA JERUSALÉM,7pkd
RUA  NOVA JERUSALÉM (SAPIRANGA / COITÉ),7pkd
RUA  NOVA OLINDA,7pkd
RUA  NOVA PETRÓPOLIS,7pkd
RUA  NOVA PORTUGUESA,7pkd
RUA  NOVA QUIETUDE,7pkd
RUA  NOVA VIDA,7pkd
RUA  NOVE (MONDUBIM),7pkd
RUA  NOVE (PASSARÉ),7pkd
RUA  NOVO AMANHECER,7pkd
RUA  NOVO BRASIL,7pkd
RUA  NOVO FAROL,7pkd
RUA  NOVO LAR,7pkd
RUA  NOVO ORIENTE,7pkd
RUA  NOÊMIA,7pkd
RUA  NS 00 DO LOTEAMENTO COLINA DA SABIAGUABA,7pkd
RUA  NS 04,7pkd
RUA  NS 05 DO RESIDENCIAL CAJAZEIRAS,7pkd
RUA  NS 1,7pkd3
RUA  NS 11 (ALPHA VILLAGE),7pkd
RUA  NS 13 (SÍTIO TUNGA),7pkd
RUA  NS 2,7pkd3
RUA  NS 2 DO LOTEAMENTO COLINA DA SABIAGUABA,7pkd
RUA  NS 3,7pkd3
RUA  NS 3 DO LOTEAMENTO COLINA DA SABIAGUABA,7pkd
RUA  NS 3 DO RESIDENCIAL CAJAZEIRAS,7pkd
RUA  NS 4,7pkd3
RUA  NS 5,7pkd3
RUA  NS 6 DO RESIDENCIAL CAJAZEIRAS,7pkd
RUA  NS-08 (ALPHA VILLAGE),7pkd
RUA  NS01,7pkd3
RUA  NS02,7pkd3
RUA  NS03,7pkd3
RUA  NS05,7pkd3
RUA  NS06,7pkd3
RUA  NS07,7pkd3
RUA  NS08,7pkd3
RUA  NS09,7pkd
RUA  NS14 (SITIO TUNGA),7pkd
RUA  NUNES FEIJÓ (JANGURUSSU),7pkd
RUA  NUNES VALENTE,7pkd
RUA  NYDIA RODRIGUES JUCÁ,7pkd
RUA  NÓRDICA,7pkd
RUA  NÚBIA BARROCAS,7pkd
RUA  O (CJ SANTA LUZIA),7pkd
RUA  O (LOT EXPEDICIONARIOS II),7pkd
RUA  O (LOT PLANALTO ALDEOTA SUL),7pkd
RUA  O (LOT RETIRO GRANDE),7pkd
RUA  O (VILA VELHA),7pkd
RUA  O DO CONJUNTO 1º DE MARÇO,7pkd
RUA  O DO CONJUNTO JOÃO PAULO II,7pkd
RUA  O DO LOTEAMENTO AV. DOS EXPEDICIONÁRIOS I,7pkd
RUA  O DO LOTEAMENTO CIDADE VERDE,7pkd
RUA  O DO LOTEAMENTO PARQUE MONTENEGRO II,7pkd
RUA  O DO MUTIRÃO 1º DE MARÇO,7pkd
RUA  O LOT PARAISO VERDE,7pkd3
RUA  OCEANO ATLANTICO,7pkd
RUA  ODETE CARNEIRO XIMENES,7pkd
RUA  ODETE PACHECO,7pkd
RUA  ODILON BENEVOLO,7pkd
RUA  ODILON SOARES,7pkd
RUA  ODORICO MORAIS,7pkd
RUA  OESTE DO LOTEAMENTO CAJAZEIRAS I,7pkd
RUA  OFIR,7pkd
RUA  OITICICAS,7pkd
RUA  OITO (GRANJA PORTUGAL),7pkd
RUA  OITO (MONDUBIM),7pkd
RUA  OITO (PASSARÉ),7pkd
RUA  OITO DE SETEMBRO,7pkd
RUA  OLAVO BILAC (CONJUNTO PALMEIRAS),7pkd
RUA  OLAVO DE ANDRADE,7pkd
RUA  OLAVO DE OLIVEIRA ALBUQUERQUE,7pkd
RUA  OLAVO LIMA SILVA,7pkd
RUA  OLEGÁRIO MARIANO,7pkd
RUA  OLGA BARROSO,7pkd
RUA  OLGA BENÁRIO,7pkd
RUA  OLGA ESPÍNDOLA,7pkd
RUA  OLIMPIO GALDINO DE SOUSA,7pkd
RUA  OLIMPIO RIBEIRO LOT PQ SANT II,7pkd
RUA  OLIVEIRA FILHO,7pkd
RUA  OLIVEIRA LEMOS,7pkd
RUA  OLIVEIRA MARTINS,7pkd
RUA  OLIVEIRA PAULA,7pkd
RUA  OLIVEIRA SOBRINHO,7pkd
RUA  OLIVEIRA VIANA,7pkd
RUA  OLYNTHO ARRUDA,7pkd
RUA  OLÍMPIA,7pkd
RUA  OLÍMPIO DE NORONHA,7pkd
RUA  OLÍMPIO LEITE,7pkd
RUA  OLÍMPIO PAIVA,7pkd
RUA  OLÍMPIO RIBEIRO,7pkd
RUA  OLÍVIO CÂMARA,7pkd
RUA  OMAR PAIVA (ÁLVARO WEYNE),7pkd
RUA  OMEGA (ENGENHEIRO LUCIANO CAVALCANTE),7pkd
RUA  OMEGA (PASSARÉ),7pkd
RUA  OMEGA (VICENTE PINZON),7pkd
RUA  OMEGA (VILA VELHA),7pkd
RUA  ONIX,7pkd
RUA  ONIX (MONDUBIM),7pkd
RUA  ONOFRE SAMPAIO CAVALCANTE,7pkd
RUA  ONZE (PASSARÉ),7pkd
RUA  OPALA (PASSARÉ),7pkd
RUA  OPALA (PEDRAS),7pk
RUA  OREGON,7pkd
RUA  ORIENTE,7pkd
RUA  ORLANDO DIAS,7pkd3
RUA  ORQUÍDEA VERDE,7pkd
RUA  OSASCO,7pkd
RUA  OSCAR BENEVIDES,7pkd
RUA  OSCAR BEZERRA,7pkdd
RUA  OSCAR BRESSANE,7pkd3
RUA  OSCAR FRANÇA,7pkd3
RUA  OSCAR LEITÃO,7pkd
RUA  OSCAR LOPES,7pkdd
RUA  OSCAR PEDREIRA,7pkd
RUA  OSCAR ROMERO (ANCURI),7pkd
RUA  OSCAR ROMERO (PATANAL),7pkd
RUA  OSCAR VERÇOSA,7pkd
RUA  OSCARITO,7pkd
RUA  OSIÁ MONTENEGRO,7pkd3
RUA  OSMANI,7pkd
RUA  OSMIRA EDUARDO DE CASTRO,7pkd
RUA  OSMUNDO CAVALCANTE,7pkd
RUA  OSVALDO CRUZ,7pkd
RUA  OSVALDO CRUZ (CONJUNTO PALMEIRAS),7pkd
RUA  OSVALDO FIGUEIREDO,7pkd
RUA  OSVALDO LIMA,7pkd
RUA  OSWALDO ARANHA,7pkd
RUA  OSWALDO ARAÚJO,7pkd
RUA  OSWALDO DE AGUIAR,7pkd
RUA  OSWALDO PERY JUCÁ,7pkd
RUA  OSÓRIO CORREIA,7pkd
RUA  OSÓRIO PALMELLA,7pkd
RUA  OTACILIO TORQUATO,7pkd3
RUA  OTACÍLIO AZEVEDO,7pkd
RUA  OTACÍLIO MOTA,7pkd
RUA  OTAVIO JUSTA,7pkdd
RUA  OTHON DE NORÕES,7pkd
RUA  OTO DE ALENCAR,7pkd
RUA  OTONI FAÇANHA DE SÁ,7pkd
RUA  OTÁVIO COSTA,7pkd
RUA  OTÁVIO FERREIRA MACHADO,7pkd
RUA  OTÁVIO FILOMENO,7pkd
RUA  OTÁVIO LIMA,7pkd
RUA  OTÁVIO ROCHA,7pkd
RUA  OTÍLIA CARVALHO,7pkd
RUA  OURO BRANCO,7pkd
RUA  OURO BRANCO (PRESIDENTE KENNEDY),7pkd
RUA  OUTEIRO,7pkd
RUA  OUTONO,7pkdd
RUA  OVÍDIO NOGUEIRA,7pkd
RUA  OXALÁ,7pkdd
RUA  OZETE FILOMENO,7pkd
RUA  OZÉLIA PONTES,7pkd
RUA  P (BOA VISTA/CASTELÃO),7pkd
RUA  P (LOT PLANALTO ALDEOTA SUL),7pkd
RUA  P (PEDRAS),7pk
RUA  P (VILA VELHA IV),7pkd
RUA  P (VILA VELHA),7pkd
RUA  P 12,7pkd
RUA  P 13,7pkd
RUA  P DO CONJUNTO RESIDENCIAL NOVA ASSUNÇÃO,7pkd
RUA  P DO LOTEAMENTO AV. DOS EXPEDICIONÁRIOS I,7pkd
RUA  P DO LOTEAMENTO CIDADE VERDE,7pkd
RUA  P DO LOTEAMENTO PARAÍSO VERDE,7pkd3
RUA  P DO LOTEAMENTO PARQUE MONTENEGRO II,7pkd
RUA  P LOT EXPEDICIONARIOS II,7pkd
RUA  PACAEMBU,7pkdd
RUA  PACATA,7pkd
RUA  PACATUBA,7pkdd
RUA  PACAVIRA,7pkd
RUA  PACOTI,7pkd
RUA  PACUJÁ,7pkd
RUA  PACÍFICA,7pkd3
RUA  PADRE CÍCERO,7pkd
RUA  PAIOL,7pkd
RUA  PAISAGISTICA (MUTIRÃO HABITACIONAL ESTRADA DA URUCUTUBA),7pkd3
RUA  PAISAGISTICA DO RIACHO MARTINHO,7pkd
RUA  PAISAGÍSTICA (LOT. CIDADE VERDE),7pkd
RUA  PAISAGÍSTICA (LOTEAMENTO PARQUE MESSEJANA),7pkd
RUA  PAISAGÍSTICA (RESIDENCIAL VILA NOVA I E II),7pkd
RUA  PAJÉ,7pkd
RUA  PAJÉ ROSA MÍSTICA,7pkd
RUA  PALESTINA,7pkd
RUA  PALHANO,7pkd
RUA  PALMACIA (COAÇU),7pkd
"RUA  PALMAS, DAS",7pkd
RUA  PALMEIRA ARECA,7pk
RUA  PALMEIRA BURITI,7pk
RUA  PALMEIRA CICA,7pk
RUA  PALMEIRA DOS ÍNDIOS,7pk
RUA  PALMEIRA FENIX,7pk
RUA  PALMEIRA JERIVÁ,7pk
RUA  PALMEIRA LATANIA AZUL,7pk
RUA  PALMEIRA OLIVEIRA,7pk
RUA  PALMEIRA RAFIA,7pk
RUA  PALMEIRA TAMAREIRA,7pk
RUA  PALMIRA,7pkd
RUA  PALMIRIM,7pkd
RUA  PALMÁCIA,7pkd
RUA  PANORAMA,7pkd
RUA  PANTANAL,7pkd
RUA  PARA,7pkdd
RUA  PARAGUAÇU,7pkd
RUA  PARAISO (PASSARÉ),7pkd
RUA  PARAISO (PLANALTO AYRTON SENNA),7pkd
RUA  PARAISO LESTE,7pkd3
RUA  PARAISO VERDE,7pkd3
RUA  PARAISÓPOLIS,7pkd
RUA  PARAMBU,7pkd
RUA  PARANAGUÁ,7pkd3
RUA  PARANAPANEMA,7pkdd
RUA  PARANAÍ,7pkd
RUA  PARANÁ,7pkdd
RUA  PARASINHO,7pkdd
RUA  PARAÍBA,7pkdd
RUA  PARAÍSO,7pkd
RUA  PARAÍSO (BARROSO),7pkd
RUA  PARNAMIRIM,7pkd
RUA  PARNAÍBA,7pkd
RUA  PARQUE IPIRANGA,7pkdd
RUA  PARQUE UMARI,7pkd
RUA  PARQUE VILA VELHA II,7pkd
RUA  PARSIFAL BARROSO,7pkd
RUA  PARTICULAR (SEM DENOMINAÇÃO OFICIAL),7pkd
RUA  PASCOAL DE CASTRO ALVES,7pkd
RUA  PASSAROS,7pkd
RUA  PASSEIO DAS GOIABEIRAS,7pkd
RUA  PASSEIO DOS CAJUEIROS,7pkd
RUA  PASSO FUNDO,7pkd
RUA  PATO BRANCO,7pkd3
RUA  PATRIOLINO AGUIAR,7pkd
RUA  PATRÍCIA FLORÊNCIO,7pkd
RUA  PAU BRANCO,7pkd
RUA  PAU BRASIL,7pkd
RUA  PAU BRASIL (DOM LUSTOSA),7pkd
RUA  PAU D ALHO,7pkd
RUA  PAU D'ARCO,7pkd
RUA  PAU D'ARCO (JARDIM DAS OLIVEIRAS),7pkd
RUA  PAULA BARROS,7pkd
RUA  PAULA FRASSINETTI,7pkd
RUA  PAULA NEY,7pkd
RUA  PAULA RODRIGUES,7pkd
RUA  PAULANI,7pkd
RUA  PAULINA DE ARRUDA,7pkd
RUA  PAULINO NOGUEIRA,7pkd
RUA  PAULINO ROCHA,7pkd3
RUA  PAULO ABREU,7pkd
RUA  PAULO AGUIAR,7pkd
RUA  PAULO ANDRE,7pkd
RUA  PAULO BONAVIDES JÚNIOR,7pkd
RUA  PAULO CHAGAS,7pkd3
RUA  PAULO COELHO,7pkd
RUA  PAULO CÂNDIDO,7pkd
RUA  PAULO DE CASTRO,7pkd
RUA  PAULO ESTEFERSON BEZERRA,7pkd
RUA  PAULO FAUSTINO,7pkd
RUA  PAULO FIRMEZA,7pkd
RUA  PAULO FREIRE,7pkd
RUA  PAULO FRONTIN,7pkdd
RUA  PAULO HENRIQUE,7pkd
RUA  PAULO HENRIQUE ARAUJO,7pkd
RUA  PAULO LIMA,7pkd3
RUA  PAULO MENDES,7pkd
RUA  PAULO MENDONÇA,7pkd
RUA  PAULO MOTA,7pkd
RUA  PAULO PAIAKAN,7pkd
RUA  PAULO PARENTE,7pkd
RUA  PAULO RIBEIRO,7pkd
RUA  PAULO ROBERTO PINHEIRO,7pkd
RUA  PAULO RUBENS,7pkd
RUA  PAULO SETUBAL,7pkd
RUA  PAULO SOARES,7pkd
RUA  PAULO XENOFONTE,7pkd
RUA  PAURILO BARROSO,7pkd
RUA  PAZ,7pkd
RUA  PAZ (SERRINHA),7pkd
RUA  PAZ E PROSPERIDADE,7pkd
"RUA  PAZ, DA",7pkd
RUA  PAÍS DE GALES,7pkd
RUA  PEDESTRE,7pkd3
RUA  PEDESTRE (FLORESTA),7pkd
RUA  PEDESTRE 1 (PARQUE DOIS IRMÃOS),7pkd
RUA  PEDESTRE 1 (PQ STA MARIA),7pkd
RUA  PEDESTRE 1 (VILA VELHA),7pkd
RUA  PEDESTRE 14 (PQ STA MARIA),7pkd
RUA  PEDESTRE 15 (PQ STA MARIA),7pkd
RUA  PEDESTRE 16 (PQ STA MARIA),7pkd
RUA  PEDESTRE 2 (FLORESTA),7pkd
RUA  PEDESTRE 2 (PARQUE DOIS IRMÃOS),7pkd
RUA  PEDESTRE 2 (PQ STA MARIA),7pkd
RUA  PEDESTRE 2 (VILA VELHA),7pkd
RUA  PEDESTRE 3 (CJ ROSALINA),7pkd
RUA  PEDESTRE 3 (FLORESTA),7pkd
RUA  PEDESTRE 3 (PQ STA MARIA),7pkd
RUA  PEDESTRE 3 (VILA VELHA),7pkd
RUA  PEDESTRE 4 (FLORESTA),7pkd
RUA  PEDESTRE 4 (PQ STA MARIA),7pkd
RUA  PEDESTRE 5 (FLORESTA),7pkd
RUA  PEDESTRE 5 (PARQUE DOIS IRMÃOS),7pkd
RUA  PEDESTRE 5 (PQ STA MARIA),7pkd
RUA  PEDESTRE 6 (FLORESTA),7pkd
RUA  PEDESTRE 6 (PARQUE DOIS IRMÃOS),7pkd
RUA  PEDESTRE 6 (PQ STA MARIA),7pkd
RUA  PEDESTRE 7 (FLORESTA),7pkd
RUA  PEDESTRE 7 (PARQUE DOIS IRMÃOS),7pkd
RUA  PEDESTRE 7(FLORESTA),7pkd
RUA  PEDESTRE 8 (FLORESTA),7pkd
RUA  PEDESTRE 8(FLORESTA),7pkd
RUA  PEDESTRE A (CJ RES CURIO),7pkd
RUA  PEDESTRE A DO MUTIRÃO JANGURUSSU ESTRELA/TETRA,7pkd
RUA  PEDESTRE B CJ RES CURIO,7pkd
RUA  PEDESTRE C (CONJ. RESID.CURIÓ),7pkd
RUA  PEDESTRE D (CONJ. RESID.CURIÓ),7pkd
RUA  PEDESTRE E (CONJ. RESID.CURIÓ),7pkd
RUA  PEDESTRE E (RESD F NORONHA),7pkd
RUA  PEDESTRE F,7pkd
RUA  PEDESTRE F (CONJ. RESID. FERNANDO DE NORONHA),7pkd
RUA  PEDESTRE G (CONJ. RESID.CURIÓ),7pkd
RUA  PEDESTRE H (CONJ. RESID.CURIÓ),7pkd
RUA  PEDESTRE I (CONJ. RESID.CURIÓ),7pkd
RUA  PEDESTRE I (RES FLUMINENSE),7pkd3
RUA  PEDESTRE III,7pkd3
RUA  PEDESTRE IV,7pkd3
RUA  PEDESTRE IV (JARDIM FLUMINENSE,7pkd3
RUA  PEDESTRE IX,7pkd3
RUA  PEDESTRE J DO LOTEAMENTO RESIDENCIAL CURIÓ,7pkd
RUA  PEDESTRE P,7pkd
RUA  PEDESTRE V,7pkd3
RUA  PEDESTRE VI,7pkd3
RUA  PEDESTRE VIII,7pkd3
RUA  PEDESTRE X,7pkd3
RUA  PEDESTRE XI,7pkd3
RUA  PEDESTRE XII,7pkd3
RUA  PEDESTRE XIV,7pkd
RUA  PEDETRE VII,7pkd3
RUA  PEDRA BRANCA,7pkd
RUA  PEDRO ADRIANO,7pkd
RUA  PEDRO AGUIAR,7pkd
RUA  PEDRO AMÉRICO,7pkd
RUA  PEDRO ANTÔNIO,7pkd
RUA  PEDRO ANTÔNIO CAVALCANTE,7pkd
RUA  PEDRO ARISTIDES ALBUQUERQUE,7pkd
RUA  PEDRO ARTUR,7pkd
RUA  PEDRO AUGUSTO,7pkd
RUA  PEDRO BALBINO,7pkd
RUA  PEDRO BORGES,7pkd
RUA  PEDRO CABRAL,7pkd
RUA  PEDRO CAMELO (JANGURUSSU),7pkd
RUA  PEDRO CARDONA SALES,7pkd3
RUA  PEDRO CLEMENTE FERNANDES,7pkd
RUA  PEDRO COELHO,7pkdd
RUA  PEDRO DANTAS,7pkd
RUA  PEDRO DE ALCÂNTARA E SILVA,7pkd
RUA  PEDRO DE ARAÚJO,7pkdd
RUA  PEDRO DE MORAIS BORGES,7pkd
RUA  PEDRO DE QUEIRÓS,7pkdd
RUA  PEDRO DE SOUSA,7pkd
RUA  PEDRO ESTANISLAU,7pkd
RUA  PEDRO FELIPE BARBOSA BORGES,7pkd
RUA  PEDRO FERREIRA,7pkd
RUA  PEDRO FIRMEZA,7pkd
RUA  PEDRO FORTUNATO,7pkd
RUA  PEDRO HERMANO DE VASCONCELOS,7pkd
RUA  PEDRO I,7pkd
RUA  PEDRO II (MESSEJANA),7pkd
RUA  PEDRO LIMA,7pkd3
RUA  PEDRO LOPES (GUAJERÚ),7pkd
RUA  PEDRO LUIZ SOBRINHO,7pkd
RUA  PEDRO MACHADO,7pkdd
RUA  PEDRO MAMEDE,7pkd
RUA  PEDRO MARTINS,7pkd3
RUA  PEDRO MEDEIROS,7pkdd
RUA  PEDRO MEIRELES,7pkd
RUA  PEDRO MELO,7pkd
RUA  PEDRO MELO (ANTÔNIO BEZERRA),7pkd
RUA  PEDRO MIGUEL,7pkd
RUA  PEDRO MUNIZ,7pkdd
RUA  PEDRO NATALE ROSSI,7pkd
RUA  PEDRO PEREIRA,7pkd
RUA  PEDRO PONCIANO,7pkd
RUA  PEDRO RIQUET,7pkd
RUA  PEDRO RODRIGUES,7pkd
RUA  PEDRO RUBI,7pkd
RUA  PEDRO RUFINO,7pkd
RUA  PEDRO RUFINO (VICENTE PINZON),7pkd
RUA  PEDRO SAMPAIO,7pkd
RUA  PEDRO SAMPAIO (VILA VELHA),7pkd
RUA  PEDRO TOLEDO,7pkd
RUA  PEDRO UCHOA,7pkd3
RUA  PEDRO VERÍSSIMO,7pkd
RUA  PEDRO VIANA FREIRE (CANINDEZINHO),7pkd3
RUA  PEDRO VIEIRA NETO,7pkd
RUA  PEDRO VITOR,7pkd
RUA  PEDRO WILSON (ITAPERI),7pkd
RUA  PEDRO ÂNGELO,7pkd
RUA  PENA,7pkd
RUA  PENHA MENDES,7pkd
RUA  PENSAMENTO (BARROSO),7pkd
RUA  PENTECOSTE,7pkd
RUA  PENÁPOLIS,7pkd
RUA  PEQUENA,7pkd
RUA  PERBOYRE E SILVA,7pkd
RUA  PERDIGÃO DE OLIVEIRA,7pkdd
RUA  PEREIRA BARBOSA,7pkd3
RUA  PEREIRA COUTINHO,7pk
RUA  PEREIRA DE MIRANDA,7pkd
RUA  PEREIRA FILGUEIRAS,7pkd
RUA  PEREIRA JUNIOR,7pkd
RUA  PEREIRA SILVA,7pkd3
RUA  PEREIRA VALENTE,7pkd
RUA  PEREIRO,7pkd
RUA  PERI,7pkd
RUA  PERNAMBUCO,7pkd 7pkdd
RUA  PERO COELHO,7pkd
RUA  PERO DE GÓIS,7pkd
RUA  PERO VAZ,7pkd
RUA  PEROLINA DE MORAIS,7pk
RUA  PERPÉTUA REIS,7pkd
RUA  PERRY ROMDAM,7pkd
RUA  PERU,7pkd
RUA  PERY NEGREIROS,7pkd
RUA  PETROLINA BEZERRA,7pkd3
RUA  PETRONIO PORTELA,7pkd
RUA  PETRÔNIO LEITÃO,7pkd3
RUA  PI,7pkd
RUA  PIAULINO,7pkdd
RUA  PIAUÍ,7pkdd
RUA  PIERRE LUZ,7pkd
RUA  PIGALLI,7pkd
RUA  PILOTO,7pkd
RUA  PINDEREMIRIM,7pkd
RUA  PINDORAMA (SALINAS),7pkd
RUA  PINHEIRO MAIA,7pkd
RUA  PINHO PESSOA,7pkd
RUA  PINTO MADEIRA,7pkd
RUA  PINTO MARTINS,7pkd
RUA  PIO RODRIGUES,7pkdd
RUA  PIONEIRA,7pkd
RUA  PIQUIÁ,7pkd
RUA  PIRACEMA,7pkd
RUA  PIRACICABA,7pkdd
RUA  PIRAJUI,7pkd3
RUA  PIRAPITINGA,7pkdd
RUA  PIRATININGA,7pkd3
RUA  PIRES,7pkd
RUA  PIRINEUS,7pkd
RUA  PITAGUARI,7pkdd
RUA  PITANGA,7pkd
RUA  PITANGUEIRAS,7pkd3
RUA  PITOMBEIRA,7pkd
RUA  PIXINGUINHA,7pkd
RUA  PLANALTINA,7pkd 7pkd3
RUA  PLANALTO,7pkd
RUA  PLANALTO DO PICI,7pkdd
RUA  PLINIO BASTOS CAVALCANTE,7pkd3
RUA  PLUTÃO,7pkdd
RUA  PLUTÃO (AEROPORTO),7pkd
RUA  PLÁCIDO DE CARVALHO,7pkd
RUA  PLÁCIDO DE CASTRO,7pkd
RUA  PLÍNIO CÂMARA,7pkd
RUA  PLÍNIO MONTEIRO,7pkd
RUA  PLÍNIO SALGADO,7pkd
RUA  POLAR,7pkd
RUA  POLIANA,7pkd
RUA  POLICAR,7pkd
RUA  POLÔNIA,7pkd
RUA  POMAR CARIOCA,7pkd3
RUA  POMPEU CAVALCANTE,7pkd
RUA  PONTA MAR,7pkd
RUA  PONTES,7pkd
RUA  POPULAR,7pkd
RUA  POR DO SOL,7pkd
RUA  PORFIRIO COSTA,7pkd
RUA  PORFÍRIO SAMPAIO,7pkdd
RUA  PORTEIRAS,7pkdd
RUA  PORTO ALEGRE,7pkdd
RUA  PORTO CALVO,7pkdd
RUA  PORTO DAS ROSAS,7pkd
RUA  PORTO FELIZ,7pk
RUA  PORTO FRANCO,7pkd3
RUA  PORTO PRÍNCIPE,7pkd3
RUA  PORTO VELHO,7pkdd
RUA  PORTUGAL,7pkd
RUA  PORTUGUESES,7pkd
RUA  POSSIDÔNIO DE SOUZA CAMPOS,7pkd3
RUA  POTENGI,7pkd
RUA  POTI,7pkd
RUA  POTIGUARA,7pk
RUA  POUSO ALEGRE,7pkd
RUA  POÇOS DE CALDA,7pkd
RUA  PRAIA DO SOL,7pkd
RUA  PRAIA GRANDE,7pkd
RUA  PRAIA MAR,7pkd
RUA  PRE-9,7pkd
RUA  PRECABURA,7pkd
RUA  PRIMAVERA,7pkd
RUA  PRIMAVERA (VICENTE PINZON),7pkd
RUA  PRIMEIRO DE JUNHO,7pkd
RUA  PRIMEIRO DE MARCO,7pkd
RUA  PRIMEIRO DE NOVEMBRO,7pkd
RUA  PRINCIPAL (BARROSO),7pkd
RUA  PRISCO BEZERRA,7pkd
RUA  PRO SOLON FARIAS (CAMBEBA),7pkd
RUA  PROCION,7pkdd
RUA  PROCÓPIO FERREIRA,7pkd
RUA  PROFESSOR FROTA PINTO,7pkd
RUA  PROJETADA 5 (RESIDENCIAL LUIZ GONZAGA),7pkd
RUA  PROJETADA 6 (RESIDENCIAL LUIZ GONZAGA),7pkd
RUA  PROJETADA 7 (RESIDENCIAL LUIZ GONZAGA),7pkd
RUA  PROJETADA DO LOTEAMENTO JARDINS DE ALICE E PEREIRA,7pkd
RUA  PROJETADA L O,7pkd
RUA  PROJETADA N S,7pkd
RUA  PUPUNHA,7pkd
RUA  PURIFICAÇÃO,7pkd
RUA  PÁPI JÚNIOR,7pkdd
RUA  Q,7pkd3
RUA  Q (CJ SANTA LUZIA),7pkd
RUA  Q (LOT EXPEDICIONARIOS II),7pkd
RUA  Q DO LOTEAMENTO AV. DOS EXPEDICIONÁRIOS I,7pkd
RUA  Q DO LOTEAMENTO CIDADE VERDE,7pkd
RUA  Q DO LOTEAMENTO PARQUE MONTENEGRO II,7pkd
RUA  QUADRA A (CJ C BRANCO),7pkd
RUA  QUADRA B (CJ C BRANCO),7pkd
RUA  QUADRA D (CJ C BRANCO),7pkd
RUA  QUADRA E (CJ C BRANCO),7pkd
RUA  QUADRA F (CJ C BRANCO),7pkd
RUA  QUADRA G (CJ CASTELO BRANCO),7pkd
RUA  QUADRA H (CJ C BRANCO),7pkd
RUA  QUADRA I (CJ C BRANCO),7pkd
RUA  QUADRA J (CJ C BRANCO),7pkd
RUA  QUADRA M (CJ C BRANCO),7pkd
RUA  QUADRA N (CJ C BRANCO),7pkd
RUA  QUADRA O (CJ C BRANCO),7pkd
RUA  QUADRA P (CJ C BRANCO),7pkd
RUA  QUARTZO,7pk
RUA  QUARTZO (MONDUBIM),7pkd
RUA  QUARTZO ROSA (SITIO VARJOTA),7pkd3
RUA  QUATRO (BARRA DO CEARÁ),7pkd
RUA  QUATRO (CANINDEZINHO),7pkd3
RUA  QUATRO (LOT CARTIER OSWALDO STUDART),7pkd
RUA  QUATRO (PARQUE DOIS IRMÃOS),7pkd
RUA  QUATRO (PASSARÉ),7pkd
RUA  QUATRO (VILA UNIÃO),7pkd
RUA  QUATRO (VILA VELHA),7pkd
RUA  QUATRO DO LOTEAMENTO FERNANDO JORGE DIAS DE SOUZA,7pkd
RUA  QUATRO IRMÃOS,7pkd
RUA  QUEIROS RIBEIRO,7pkdd
RUA  QUEIROZ DE LIMA,7pkd
RUA  QUINTINO BOCAIUVA,7pkd
RUA  QUINTINO CUNHA,7pkdd
RUA  QUINZE (PASSARÉ),7pkd
RUA  QUINZE DE OUTUBRO,7pkd
RUA  QUIRINO LOPES,7pkd
RUA  QUITO,7pkd
RUA  QUIXADÁ,7pkd
RUA  R ( LOT. EXPEDICIONÁRIOS ),7pkd
RUA  R (CONJ. SANTA LUZIA DO COCÓ),7pkd
RUA  R DO LOTEAMENTO CIDADE VERDE,7pkd
RUA  R DO LOTEAMENTO PARQUE MONTENEGRO II,7pkd
RUA  RABBI ELIAS ROMCY,7pkd
RUA  RADIAL LESTE,7pkd
RUA  RADIER GUARANI,7pkd
RUA  RAFAEL HOLANDA SOARES DANTAS,7pkd
RUA  RAFAEL LOPES,7pkd
RUA  RAFAEL MELO,7pkd
RUA  RAFAEL PEREIRA,7pkd
RUA  RAFAEL TOBIAS,7pkd
RUA  RAIMUNDA ESTEVÃO,7pk
RUA  RAIMUNDA GALDINO,7pkd
RUA  RAIMUNDA PORFIRIO DA SILVA,7pkd
RUA  RAIMUNDO ALEXANDRE,7pkd
RUA  RAIMUNDO ARAUJO,7pkd
RUA  RAIMUNDO ARISTIDES,7pkd3
RUA  RAIMUNDO BARBOSA,7pkd
RUA  RAIMUNDO BELMINO EVANGELISTA,7pkd
RUA  RAIMUNDO BERNARDES SENA,7pkd
RUA  RAIMUNDO BIZARRIA,7pkd
RUA  RAIMUNDO BRAZ,7pkd
RUA  RAIMUNDO CABRAL,7pkd
RUA  RAIMUNDO CARLOS RODRIGUES,7pkd
RUA  RAIMUNDO CORREIA,7pkd
RUA  RAIMUNDO CORREIA (MONTE CASTELO),7pkd
RUA  RAIMUNDO CUNHA,7pkd
RUA  RAIMUNDO DEODATO,7pkd
RUA  RAIMUNDO ESTEVES,7pkd
RUA  RAIMUNDO FAÇANHA,7pkdd
RUA  RAIMUNDO FRANCA,7pkd
RUA  RAIMUNDO GOMES DE HOLANDA,7pkd
RUA  RAIMUNDO GURGEL,7pkd
RUA  RAIMUNDO INOCÊNCIO,7pkd
RUA  RAIMUNDO LEMOS DIAS,7pkd
RUA  RAIMUNDO LEÔNCIO REBOUÇAS,7pkd
RUA  RAIMUNDO MAGALHÃES,7pkd
RUA  RAIMUNDO MARQUES,7pkd3
RUA  RAIMUNDO MATIAS,7pk
RUA  RAIMUNDO MONTEIRO,7pkd
RUA  RAIMUNDO NERI,7pkd3
RUA  RAIMUNDO NOGUEIRA,7pkd
RUA  RAIMUNDO NONATO BRUNO,7pkd
RUA  RAIMUNDO NONATO DA SILVA,7pkd3
RUA  RAIMUNDO OLIVEIRA FILHO,7pkd
RUA  RAIMUNDO PINHEIRO,7pkd 7pkd3
RUA  RAIMUNDO PINHEIRO BASTOS,7pkd
RUA  RAIMUNDO PINHEIRO MACIEL,7pkd
RUA  RAIMUNDO REZENDE,7pkd
RUA  RAIMUNDO ROCHA MENESES,7pkd
RUA  RAIMUNDO SIDON,7pkd
RUA  RAIMUNDO VIANA BARBOSA,7pkd
RUA  RALFE COLARES CAVALCANTE,7pkd3
RUA  RAMIRES MARANHÃO DO VALE,7pkd
RUA  RAMIRO FERREIRA FAÇANHA,7pkd
RUA  RAMOS BOTELHO,7pkd
RUA  RANCHO ALEGRE,7pkd
RUA  RANGEL PESTANA,7pkd
RUA  RAPHAEL LIRA PEREIRA,7pkd
RUA  RAQUEL DE QUEIROZ (CARLITO PAMPLONA),7pkd
RUA  RAQUEL DE QUEIROZ (CONJUNTO PALMEIRAS),7pkd
RUA  RAQUEL FLORÊNCIO,7pkd
RUA  RAQUEL HOLANDA,7pkd
RUA  RAQUEL NUNES,7pkd
RUA  RAQUEL PIRES RIBEIRO,7pkd
RUA  RAUL CABRAL,7pkd
RUA  RAUL NABUCO,7pkd
RUA  RAUL POMPEIA,7pkd
RUA  RAUL SEIXAS,7pkd
RUA  RAUL UCHOA,7pkdd
RUA  RECANTO,7pkd
RUA  RECANTO DA AMIZADE,7pkd
RUA  RECANTO DA SAUDADE,7pk
RUA  RECANTO DAS FLORES,7pkd
RUA  RECANTO DO MAR,7pkd
RUA  RECANTO DO PASSARÉ,7pkd
RUA  RECANTO SERENO,7pk
RUA  RECANTO TRANQUILO,7pkd
RUA  RECANTO VERDE,7pkd
RUA  REDENÇÃO,7pkdd
RUA  REGIA,7pkd
RUA  REGINA BRANDAO,7pkd
RUA  REGINA CÉLIA (BARROSO),7pkd
RUA  REGINA CÉLIA (JANGURUSSU),7pkd
RUA  REGINA DE FÁTIMA,7pkd
RUA  REGINA FEITOSA,7pkd
RUA  REGINA LUCIA,7pkd
RUA  REGINA MACIEL DA SILVA,7pkd
RUA  REGINA SILVA,7pkd
RUA  REGINÓPOLIS,7pkdd
RUA  REINO UNIDO,7pkd
RUA  RENAN FREITAS,7pkd3
RUA  RENAN MOTA DE FREITAS,7pkd
RUA  RENATO BRAGA (DE LOURDES),7pkd
RUA  RENATO BRAGA (PASSARÉ),7pkd
RUA  RENATO CAMARA,7pkd
RUA  RENATO MAGALHÃES,7pkd
RUA  RENATO ROCHA,7pkdd
RUA  RENATO VIANA,7pkdd
RUA  RENATO VIANA MORAIS,7pkd
RUA  RENÉ DESCARTES,7pkd3
RUA  REPÚBLICA DA ARMÊNIA,7pkd
RUA  REPÚBLICA DO LÍBANO,7pkd
RUA  REPÚBLICA DO PERU,7pkd
RUA  RERIUTABA,7pkd
RUA  RESISTENCIA,7pkd
RUA  RETIRO DA FELICIDADE,7pkd
RUA  REX,7pkdd
RUA  RIACHAO,7pkd
RUA  RIACHO DO NAVIO,7pkd
RUA  RIACHUELO,7pkd
RUA  RIBAMAR COELHO,7pkd
RUA  RIBEIRO JÚNIOR,7pkdd
RUA  RIBEIRO LEITAO (PICI),7pkdd
RUA  RIBEIRO LEITÃO,7pkdd
RUA  RIBEIRÃO BONITO,7pkd
RUA  RIBEIRÃO NOVO,7pkd
RUA  RIBEIRÃO PRETO,7pkd
RUA  RICARDO BRIGIDO RIBEIRO FILHO,7pkd
RUA  RICARDO BRITO,7pkd
RUA  RICARDO BRÍGIDO RIBEIRO,7pkd
RUA  RICARDO CASTRO MACÊDO,7pkd
RUA  RICARDO DE ARAÚJO BRAGA,7pkd
RUA  RICARDO FERNANDES LEAL PIMENTA,7pkd
RUA  RICARDO PARENTE BORGES,7pkd
RUA  RICARDO PONTES,7pkd
RUA  RIO ARAGUAIA,7pkd
RUA  RIO AVENTURA,7pkd
RUA  RIO BRANCO,7pkdd
RUA  RIO DA PRATA,7pkd
RUA  RIO DAS BALCAS,7pkd
RUA  RIO DOCE,7pkd
RUA  RIO GRANDE DO NORTE,7pkdd
RUA  RIO GRANDE DO SUL,7pkdd
RUA  RIO GRANDENSE,7pkd3
RUA  RIO JORDAO,7pkd
RUA  RIO JORDÃO,7pkd
RUA  RIO JURUÁ,7pkd
RUA  RIO MADEIRA,7pkd
RUA  RIO NEGRO,7pkd
RUA  RIO NILO,7pkd
RUA  RIO NOVO,7pkd
RUA  RIO PARAGUAI,7pkd
RUA  RIO PARDO,7pkd
RUA  RIO PARNAÍBA,7pkd
RUA  RIO SOLIMOES,7pkd
RUA  RIO TAPAJÓS,7pkd
RUA  RIO TIETE,7pkd
RUA  RIO TINTO,7pkd
RUA  RIO TOCANTINS,7pkd
RUA  RIO VERDE,7pkd 7pkd3
RUA  RISALVO,7pkd
RUA  RITA ARRUDA,7pkd
RUA  RITA BEZERRA NOGUEIRA,7pkd
RUA  RITA COELHO,7pkdd
RUA  RITA PINTO,7pkd
RUA  ROBERIO TAVORA,7pkd
RUA  ROBERTO CARNEIRO,7pkd
RUA  ROBERTO CARVALHO,7pkd
RUA  ROBERTO GRADVOHL,7pkd
RUA  ROBERTO NASCIMENTO,7pkd
RUA  ROBERTO PEDROSA,7pkd
RUA  ROBERTO RIOS,7pkd
RUA  ROBERTO SILVA,7pkd
RUA  ROCHA,7pkd
RUA  ROCHA LIMA,7pkd
RUA  ROCHA POMBO,7pkd
RUA  ROCHINO,7pkd
RUA  ROCILDA,7pkd
RUA  ROCILDA (PARQUE IRACEMA),7pkd
RUA  ROCILDA LOPES DE OLIVEIRA,7pkd3
RUA  RODOLFO BORGES,7pkd
RUA  RODOLFO TOME,7pkd
RUA  RODOVIA DO CONTORNO CEASA,7pk
RUA  RODRIGO,7pkd
RUA  RODRIGUES ALVES,7pkd3
RUA  RODRIGUES DE ANDRADE,7pkdd
RUA  RODRIGUES DE MEDEIROS,7pkd3
RUA  RODRIGUES JUNIOR,7pkd
RUA  ROGACIANO LEITE FILHO Nº 300,7pkd
RUA  ROMENIA,7pkd
RUA  ROMEU ALDIGUERI,7pkd
RUA  ROMEU ALDIGUERI (CRISTO REDENTOR),7pkd
RUA  ROMEU MARTINS,7pkdd
RUA  RONALDO DE SOUSA MARTINS,7pkd
RUA  RONALTH SOUSA MARTINS,7pkd
RUA  RONDONIA,7pkdd
RUA  ROQUE MEDEIROS,7pkd
RUA  ROQUETE PINTO,7pkd
RUA  RORAIMA,7pkd
RUA  ROSA,7pkd
RUA  ROSA (CONJUNTO MANGUEIRAL),7pkd
RUA  ROSA BATISTA,7pkd
RUA  ROSA BEZERRA,7pkd
RUA  ROSA CRUZ,7pkd
RUA  ROSA DA FONSECA (BARRA DO CEARÁ),7pkd
RUA  ROSA DA FONSECA (PASSARÉ),7pkd
RUA  ROSA DE SAROM,7pkd
RUA  ROSA FIALHO,7pkd
RUA  ROSA LEITE OLIVEIRA,7pkd
RUA  ROSA MISTICA (BOM JARDIM),7pkd3
RUA  ROSA MÍSTICA (BARROSO),7pkd
RUA  ROSA NOGUEIRA DE OLIVEIRA,7pkd
RUA  ROSA NUNES,7pkd
RUA  ROSA PEREIRA,7pkd
RUA  ROSA REBELDE,7pkd
RUA  ROSA REGINA,7pkd
RUA  ROSA VIRGÍNIA,7pkd
RUA  ROSADO PEREIRA,7pkd
RUA  ROSALIA RODRIGUES,7pkd
RUA  ROSALVO QUINDERÉ,7pkd
RUA  ROSANA REIS,7pkd
RUA  ROSARIO DO SUL,7pkd
RUA  ROSELI FERREIRA,7pkd
RUA  ROSINA RUBIM,7pkd
RUA  ROSINHA SAMPAIO,7pkd
RUA  ROSITA,7pkd
RUA  ROSITA SILVA ARAÚJO,7pkd3
RUA  ROTARY,7pkdd
RUA  ROUXINOL,7pkd
RUA  ROZENO LOPES,7pkd
RUA  RUA LOCAL 07 DO LOTEAMENTO TATU MUNDÉ,7pkd3
RUA  RUA LOCAL 14 DO LOTEAMENTO TATU MUNDÉ,7pkd3
RUA  RUA PEDESTRE 02 (PRESIDENTE KENNEDY),7pkd
RUA  RUA PEDESTRE 03 (PRESIDENTE KENNEDY),7pkd
RUA  RUBENS LIMA BARROS,7pkd
RUA  RUBENS MENDES,7pkd3
RUA  RUBENS MONTE,7pkd
RUA  RUBENS TELES DE MENEZES,7pkd
RUA  RUBI,7pkdd
RUA  RUBI (MONDUBIM),7pkd
RUA  RUBI (PASSARÉ),7pkd
RUA  RUBI (PEDRAS),7pk
RUA  RUBI (SITIO VARJOTA),7pkd3
RUA  RUBIA SAMPAIO,7pkd
RUA  RUFINO DE ALENCAR,7pkd
RUA  RUFINO GOMES,7pkd
RUA  RUI BARBOSA (CONJUNTO PALMEIRAS),7pkd
RUA  RUI GUEDIS,7pkd
RUA  RUI GURGEL,7pkd
RUA  RUI MONTE,7pkd
RUA  RUSSAS,7pkd
RUA  RUTILIO,7pkd
RUA  RUTILO,7pkd
RUA  S (CJ SANTA LUZIA),7pkd
RUA  S (CONJUNTO HABITACIONAL RENASCER ),7pkd
RUA  S (LOT. JD. GLEBA K2),7pkd
RUA  S (LOTEAMENTO CIDADE VERDE),7pkd
RUA  S (VILA VELHA),7pkd
RUA  S D O,7pkd
RUA  S D O (COAÇU),7pkd
RUA  S D O (GL 10 P ST COCO),7pkd
RUA  S D O (JANGURUSSU),7pkd
RUA  S D O (PARQUE VERDE),7pkd
RUA  S D O (ST GRAVITO),7pkd
RUA  S D O (VILA S GERARDO),7pkd
RUA  S D O SERVIDAO PUBLICA,7pkd3
RUA  S DO LOTEAMENTO PARQUE MONTENEGRO II,7pkd
RUA  S DO LOTEAMENTO PORTAL DAS OLIVEIRAS,7pkd
RUA  S LOT EXPEDICIONARIOS II,7pkd
RUA  S.D.O (JOSÉ DE ALENCAR),7pkd
RUA  SABARÁ,7pkd
RUA  SABINA AUGUSTA,7pkd
RUA  SABINO BATISTA,7pkd
RUA  SABINO BORGES,7pkd
RUA  SABINO FILHO,7pkd3
RUA  SABINO LORETO DA SILVA,7pkd
RUA  SABINO PIRES,7pkd
RUA  SABIÁ,7pkd
RUA  SABIÁ (SABIAGUABA),7pkd
RUA  SABRINA BEZERRA,7pkd3
RUA  SAFIRA,7pkd
RUA  SAFIRA (BAIRRO SIQUEIRA),7pkd3
RUA  SAFIRA (PASSARÉ),7pkd
RUA  SAFIRA (PEDRAS),7pk
RUA  SAGRADA FAMÍLIA,7pkd
RUA  SAGRADA FAMÍLIA (AEROLÂNDIA),7pkd
RUA  SALDANHA MARINHO,7pkd
RUA  SALES CAMPOS,7pkd
RUA  SALETE ARAGAO,7pkd
RUA  SALETE MONTEIRO,7pkd
RUA  SALETE QUEIROZ,7pkd
RUA  SALGADINHO,7pkd
RUA  SALGADO FILHO,7pkd
RUA  SALGUEIRO,7pkd
RUA  SALMÃO,7pkd
RUA  SALVADOR,7pkd
RUA  SALVADOR (JANGURUSSU),7pkd
RUA  SALVADOR CORREIA DE SÁ,7pkd
RUA  SALVADOR MENDONÇA,7pkd
RUA  SALVINO ROCHA,7pkd3
RUA  SAMAMBAIA (PAUPINA),7pkd
RUA  SAMAMBAIAS,7pkd
RUA  SAMARA CAVALCANTE,7pkd3
RUA  SAMARIA,7pkd3
RUA  SAMUEL GURGEL,7pkdd
RUA  SAMUEL PIRES RIBEIRO (MONDUBIM),7pkd
RUA  SAMUEL UCHÔA,7pkdd
RUA  SAMUEL WEYNE,7pkd
RUA  SANDALO,7pkd
RUA  SANDRA GENTIL,7pkd
RUA  SANDRA PEREIRA,7pkd
RUA  SANDRA QUEIROZ,7pkd
RUA  SANTA ELISA,7pkd
RUA  SANTA RITA DAS CAUSAS IMPOSSÍVEIS,7pkd
RUA  SANTABAIA,7pkdd
RUA  SANTANA,7pkd
RUA  SANTANA (MUCURIPE),7pkd
RUA  SANTANA DO CARIRI,7pkdd
RUA  SANTANA DO PARAISO,7pkd3
RUA  SANTANA DO PARNAIBA,7pkd
RUA  SANTIAGO,7pkd
RUA  SANTIAGO DA BARRA DO CEARÁ,7pkd
RUA  SANTIAGO VASQUES FILHO,7pkd
RUA  SANTO ANDRE,7pkd
RUA  SANTO ANTONIO DA PAUPINA,7pkd
RUA  SANTOS DIAS,7pkd
RUA  SAO LUCAS,7pkd
RUA  SAPUCAIA,7pkd
RUA  SAQUAREMA,7pkd
RUA  SATURNO,7pkd
"RUA  SAUDADE, DA",7pkd
RUA  SAUDÁRIA,7pkd
RUA  SDO ( GENIBAÚ ),7pkd
RUA  SDO ( LOT. ABELARDO ROCHA ),7pkd
RUA  SDO (CJ SANTA LUZIA),7pkd
RUA  SDO (EDSON QUEIROZ),7pkd
RUA  SDO (LIMITE FORTALEZA - CAUCAIA),7pkd
RUA  SDO (VILA VELHA),7pkd
RUA  SDO 01 (CONJ HABITACIONAL MARAVILHA),7pkd
RUA  SDO 03 (CONJ HABITACIONAL MARAVILHA),7pkd
RUA  SDO 04 (CONJ HABITACIONAL MARAVILHA),7pkd
RUA  SDO 1 (JOQUEI CLUBE),7pkdd
RUA  SDO 1 (LOT CRISTAL VILLE),7pkd
RUA  SDO 10 (LOT. ITAMBE),7pkd
RUA  SDO 11 (LOT. ITAMBE),7pkd
RUA  SDO 15 (LOT. ITAMBE),7pkd
RUA  SDO 19 (LOT. ITAMBE),7pkd
RUA  SDO 2 (LOT CRISTAL VILLE),7pkd
RUA  SDO 2 (SITIO GRAVITO),7pkd
RUA  SDO 21 (LOT. ITAMBE),7pkd
RUA  SDO 23 (LOT. ITAMBE),7pkd
RUA  SDO 25 (LOT. ITAMBE),7pkd
RUA  SDO 3 (LOT CRISTAL VILLE),7pkd
RUA  SDO 4 (LOT CRISTAL VILLE),7pkd
RUA  SDO 5 (LOT CRISTAL VILLE),7pkd
RUA  SDO 6 (LOT. ITAMBE),7pkd
RUA  SDO 8 (LOT. ITAMBE),7pkd
RUA  SDO DO TERRENO THOMAZ POMPEU MAGALHÃES,7pkd
RUA  SDO UV-10 (LESTE),7pkd
RUA  SDO UV-10 (OESTE),7pkd
RUA  SEBASTIÃO DE ABREU,7pkd
RUA  SEBASTIÃO DE FREITAS,7pkd
RUA  SEBASTIÃO DE SOUSA,7pkd
RUA  SEGUA,7pkd
RUA  SEIFERT,7pkd
RUA  SEIS (BARRA DO CEARÁ),7pkd
RUA  SEIS (LOT CARTIER OSWALDO STUDART),7pkd
RUA  SEIS (MONDUBIM),7pkd
RUA  SEIS (PASSARÉ),7pkd
RUA  SEIS (VILA UNIÃO),7pkd
RUA  SEIS COMPANHEIROS,7pkd
RUA  SEIXAS CORREIA,7pkd
RUA  SELENE,7pkd
RUA  SEM DENOMINAÇÃO OFICIAL,7pkd3
RUA  SEM DENOMINAÇÃO OFICIAL (LAGOA REDONDA),7pkd
RUA  SEMENTE COITÉ,7pkd
RUA  SEMINARISTA DE DEUS,7pkd
RUA  SEMPREVIVA,7pkd
RUA  SENA MADUREIRA,7pkd
RUA  SENHORINHA SARAIVA,7pkd
RUA  SERENA,7pkd3
RUA  SERGIO BARBOSA,7pkd
RUA  SERGIO MONTE,7pkd
RUA  SERGIO PORTO,7pkd
RUA  SERGIO SILVA,7pkd
RUA  SERGIPE (CARIOCA),7pkdd
RUA  SERIDIÃO MONTENEGRO,7pkd3
RUA  SERINGUEIRA,7pkd
RUA  SERRA AZUL,7pkd
RUA  SERRA DOURADA,7pkdd
RUA  SERRO CORÁ,7pkd
RUA  SERROTA,7pkd
RUA  SERTÃO DOS INHAMUNS,7pkd
RUA  SETE (LOT CARTIER OSWALDO STUDART),7pkd
RUA  SETE (MONDUBIM),7pkd
RUA  SETE (PASSARÉ),7pkd
RUA  SETE BARRAS,7pkd
RUA  SETE DE MAIO (PIRAMBU),7pkd
RUA  SETE DE NOVEMBRO,7pkdd
RUA  SETE DO LOTEAMENTO CASTELINHO,7pkd
RUA  SETE ESTRELAS,7pkd
RUA  SETEMBRINA,7pkd3
RUA  SHIRLEY,7pk
RUA  SHIRLEY GIRAO,7pkd
RUA  SIDERAL,7pkd3
RUA  SIDNEY DA SILVA,7pkd
RUA  SIDNEY MESQUITA,7pkd
RUA  SIDNEY ROSE,7pkd
RUA  SIDRÔNIO,7pkd
RUA  SIGEFREDO PINHEIRO,7pkd
RUA  SIGISMUNDO FEITOSA,7pkd
RUA  SIGMA,7pkd
RUA  SILVA BAIMA,7pkdd
RUA  SILVA JARDIM,7pkd
RUA  SILVA JATAHY,7pkd
RUA  SILVA PAULET,7pkd
RUA  SILVA ROCHA,7pkd
RUA  SILVANIRA DE JESUS,7pkd
RUA  SILVEIRA DA MOTA,7pkd
RUA  SILVEIRA FILHO,7pkdd
RUA  SILVERIO BRASIL,7pkd
RUA  SILVIA M P PESSOA,7pkd
RUA  SILVIA ROCHA,7pkd
RUA  SILVINO,7pkd3
RUA  SILVIO ROMERO,7pkd
RUA  SIMAO NOGUEIRA DE SOUZA,7pkd
RUA  SIMÃO SANTOS,7pkd
RUA  SINARIA,7pkdd
RUA  SINGELA,7pkd
RUA  SINÓ PINHEIRO,7pkd
RUA  SIRIUS,7pkd
RUA  SITIO ASA BRANCA,7pkd
RUA  SITIO SAO PAULO,7pkd
RUA  SITIOZINHO,7pkd
RUA  SL04,7pkd
RUA  SOARES BULCÃO,7pkd
RUA  SOARES GUIMARAES,7pkd
RUA  SOBRADINHO,7pkd3
RUA  SOBRAL,7pkd
RUA  SOBREIRA FILHO,7pkd
RUA  SOCORRO GOMES,7pkd
RUA  SOCORRO GOMES (MANUEL DIAS BRANCO),7pkd
RUA  SOFIA SOARES,7pkd
RUA  SOL,7pkd
RUA  SOL NASCENTE,7pkd
RUA  SOLON DE CARVALHO,7pkd
RUA  SOLON ONOFRE,7pkd
RUA  SOLON PINHEIRO,7pkd
RUA  SORIANO ALBUQUERQUE,7pkd
RUA  SORRISO DE MARIA (BARROSO),7pkd
RUA  SOUSA BANDEIRA,7pkd
RUA  SOUSA CARVALHO,7pkd3
RUA  SOUSA GIRÃO,7pkd
RUA  SOUSA PINTO,7pkd
RUA  SOUZA MOTA,7pkd
RUA  STENIO GOMES,7pkd
RUA  SUCUPIRA,7pkd
RUA  SUELEN SILVA,7pkd
RUA  SUL DO LOTEAMENTO CAJAZEIRAS I,7pkd
RUA  SULAMITA PORTELA,7pkd
RUA  SUMARE,7pk
RUA  SUZETE PINTO,7pkd
RUA  SUÉCIA,7pkd
RUA  SUÍÇA,7pkd
RUA  SYLVINHA TELLES,7pkd
RUA  SÁTIRO DIAS,7pkdd
RUA  SÃO CARLOS,7pk
RUA  SÉRVULO MENDES BARROSO,7pkd
RUA  SÍLVIA,7pkd
RUA  SÍRIA,7pkd
RUA  SÍTIO CEDRO,7pkd
RUA  SÍTIO MEL,7pkd
RUA  T (LOT EXPEDICIONARIOS II),7pkd
RUA  T (LOT. JD. GLEBA K2),7pkd
RUA  TABAJARA (PARQUE PRESIDENTE VARGAS),7pkd
RUA  TABATINGA,7pkdd
RUA  TABULEIRO DO NORTE,7pkdd
RUA  TAGUATINGA,7pkd
RUA  TAGUATINGA (CAIS DO PORTO),7pkd
RUA  TAILÂNDIA,7pkd
RUA  TAINÁ PIRES,7pkd
RUA  TAINÁ PIRES BRILHANTE,7pkd
RUA  TAITINGA,7pkdd
RUA  TAMANDARI,7pkd
RUA  TAMARAS,7pkd
RUA  TAMBAÚ,7pkd
RUA  TAMIARAMA,7pkd3
RUA  TANCREDO DE SOUZA CARVALHO,7pkd
RUA  TANCREDO NEVES,7pkd
RUA  TANIA OSTERNO TELES,7pkd3
RUA  TAPEROABA,7pkd
RUA  TAPINARE,7pkd3
RUA  TAQUARA,7pkd
RUA  TAQUARI,7pkd
RUA  TAQUARIL,7pkd3
RUA  TAQUATIARA (MESSEJANA),7pkd
RUA  TARCISIO BONFIM,7pkd
RUA  TARCISIO PEIXOTO,7pkd
RUA  TARCÍSIO LEITÃO,7pkd
RUA  TARSILA DO AMARAL,7pkd
RUA  TATIANA,7pkd3
RUA  TAUBATE (GRANJA PORTUGAL),7pkd
RUA  TAUBATÉ,7pkd3
RUA  TAVARES COUTINHO,7pkd
RUA  TAVARES IRACEMA,7pkdd
RUA  TAXISTA JOÃO HENRIQUE,7pk
RUA  TCHECOSLOVÁQUIA,7pkd
RUA  TEBAS,7pkd3
RUA  TEFER,7pkd
RUA  TEIXEIRA LIMA,7pkd3
RUA  TELES DE SOUSA,7pkdd
RUA  TEMBÉS,7pk
RUA  TEMISTOCLES MACHADO,7pkd
RUA  TEODOLFO MAGALHÃES,7pkd
RUA  TEODOMIRO DE CASTRO,7pkd
RUA  TEODORETO SOUTO,7pkdd
RUA  TEODORICO CRUZ,7pk
RUA  TEODORICO DE PAIVA,7pkd
RUA  TEODORO CABRAL,7pkd
RUA  TEODORO DE CASTRO,7pkd3
RUA  TEODORO DE PAIVA,7pkd
RUA  TEOFREDO GOIANA,7pkd
RUA  TERESA CRISTINA,7pkdd
RUA  TERESINA,7pkd
RUA  TEREZA BERNARDES (CONJUNTO PALMEIRAS),7pkd
RUA  TEREZA HINKO,7pkd
RUA  TEREZINHA MARTINS GONCALVES,7pkd
RUA  TEREZINHA MESQUITA,7pkd
RUA  TEREZINHA NUNES FREITAS,7pkd
RUA  TERNURA,7pkd
RUA  TERRA,7pkd
RUA  TERRA DAS FLORES,7pkd
RUA  TERRA E MAR,7pkd
RUA  TERRAL,7pkd
RUA  TERTULIANO SALES,7pkd
"RUA  TETA (CJ VILA VELHA I, II E III)",7pkd
RUA  TEÓFILO CORDEIRO,7pkd
RUA  TEÓFILO CORDEIRO (AEROLÂNDIA),7pkd
RUA  TEÓFILO GURGEL,7pkd
RUA  THEODORICO BARROSO,7pkd
RUA  THIAGO PEREIRA,7pkd3
RUA  THOMAS EDISON,7pkd
RUA  THOMPSON GONÇALVES,7pkd
RUA  TIAGO FONTENELE,7pkd
RUA  TIAGO GOMES DA SILVA,7pkd
RUA  TIANGUÁ,7pkdd
RUA  TIBICUERAS,7pkd
RUA  TIBIRIÇÁ,7pkdd
RUA  TIBÚRCIO ALBANO,7pkdd
RUA  TIBÚRCIO CAVALCANTI,7pkd
RUA  TIBÚRCIO FROTA,7pkd
RUA  TIBÚRCIO PEREIRA,7pkd
RUA  TIBÚRCIO RODRIGUES,7pkd
RUA  TIJIPIÓ,7pkd
RUA  TIJUBANA,7pkd
RUA  TIM MAIA,7pkdd
RUA  TIMBAÚBA,7pkdd
RUA  TIRADENTES,7pkdd
RUA  TIROL,7pkd
RUA  TIRÇO LEAL,7pkd
RUA  TITAN,7pkd
RUA  TITO DE BARROS,7pkd
RUA  TITÃ,7pkd
RUA  TOBIAS,7pkd
RUA  TOBIAS BARRETO,7pkd
RUA  TOCANDIRA,7pkd
RUA  TODOS OS SANTOS,7pkd
RUA  TOM JOBIM,7pkd
RUA  TOMAS GONZAGA,7pkd
RUA  TOMAS SAMPAIO,7pkd
RUA  TOMAZ COELHO,7pkd
RUA  TOMAZ POMPILHO,7pkd
RUA  TOMÁS ACIÓLI,7pkd
RUA  TOMÁS CAVALCANTE,7pkd
RUA  TOMÁS ILDEFONSO,7pkd
RUA  TOMÁS LOPES,7pkd
RUA  TOMÁS POMPEU,7pkd
RUA  TOMÁS RODRIGUES,7pkd
RUA  TOMÁS RODRIGUES (ALDEOTA),7pkd
RUA  TOMÉ DE SOUZA,7pkd
RUA  TOPAZIO (MONDUBIM),7pkd
RUA  TOPAZIO (PASSARÉ),7pkd
RUA  TOPAZIO (SITIO VARJOTA),7pkd3
RUA  TOPÁZIO,7pkd
RUA  TOPÁZIO (PEDRAS),7pk
RUA  TORINO,7pkd
RUA  TORQUATO AGUIAR,7pkd
RUA  TORRES CÂMARA,7pkd
RUA  TORRES DE MELO,7pkd
RUA  TORRES PORTUGAL,7pkd
RUA  TRAIRÍ,7pkd
RUA  TRAJANO ALVES DE AGUIAR,7pkd
RUA  TRAJANO DE AGUIAR,7pkd
RUA  TRAJANO DE MORAIS,7pkd
RUA  TRANSVERSAL,7pkd
RUA  TRAVESSA CAMPO VERDE II,7pkd
RUA  TREDAS,7pkd
RUA  TRES (BARRA DO CEARÁ),7pkd
RUA  TRES (BOM JARDIM),7pkd3
RUA  TRES (CANINDEZINHO),7pkd3
RUA  TRES (LOT CARTIER OSWALDO STUDART),7pkd
RUA  TRES (MONDUBIM),7pkd
RUA  TRES (PARQUE DOIS IRMÃOS),7pkd
RUA  TRES (PASSARÉ),7pkd
RUA  TRES (VILA UNIÃO),7pkd
RUA  TRES (VILA VELHA),7pkd
RUA  TRES CORACOES (PASSARÉ),7pkd
RUA  TRES CORACOES PL PICI,7pkdd
RUA  TRES CRISTO REDENTOR,7pkd
RUA  TRES DE MAIO,7pkdd
RUA  TREVO,7pkd
RUA  TRIBUTO LEANDRO,7pkd
RUA  TRINDADE,7pkd
RUA  TRINTA E QUATRO (LOT RECREIO TROPICAL),7pkd
RUA  TROPICAL,7pkd
RUA  TRÊS CORAÇÕES,7pkd3
RUA  TRÊS DO LOTEAMENTO FERNANDO JORGE DIAS DE SOUZA,7pkd
RUA  TRÊS ESTRELAS,7pk
RUA  TRÊS IRMÃOS,7pkd
RUA  TRÊS LAGOAS,7pkd
RUA  TRÊS MARIAS,7pkd 7pkd3 7pkdd
RUA  TUBARÃO,7pkd
RUA  TUCUNDUBA,7pkd3
RUA  TUCUPI,7pkdd
RUA  TUIUIÚ,7pkd
RUA  TUIUTI,7pkdd
RUA  TULIA,7pkd
RUA  TULIPA,7pkd
RUA  TULIPAS NEGRAS,7pkd
RUA  TUMARI,7pkd3
RUA  TUPI,7pkd
RUA  TUPINAMBÁ,7pk
RUA  TUPÃ,7pkd
RUA  TURIACU,7pkd
RUA  TURMALINA (MONDUBIM),7pkd
RUA  TURQUESA (MONDUBIM),7pkd
RUA  TURQUESA (PEDRAS),7pk
RUA  TURQUESA (SITIO VARJOTA),7pkd3
RUA  TURURU,7pkdd
RUA  TÂMISA,7pkd
RUA  U (LOT. JD. GLEBA K2),7pkd
RUA  U DE ABRANTES,7pkd
RUA  UBAITABA,7pkd
RUA  UBAJARA,7pkd
RUA  UBAJARA (BOM JARDIM),7pkd3
RUA  UBATUBA,7pk
RUA  UBERLÂNDIA,7pkd
RUA  UBIRAJARA MINDÊLLO,7pkd
RUA  UCRÂNIA,7pkd
RUA  ULISSES,7pkd3
RUA  ULISSES MAGALHAES,7pkd
RUA  ULISSES TECELAO,7pkd
RUA  UM (BARRA DO CEARÁ),7pkd
RUA  UM (BOM JARDIM),7pkd3
RUA  UM (CANINDEZINHO),7pkd3
RUA  UM (DIAS MACEDO),7pkd
RUA  UM (LOTEAMENTO ATACADÃO),7pkd
RUA  UM (VILA PERY),7pkd3
RUA  UM (VILA UNIÃO),7pkd
RUA  UM (VILA VELHA),7pkd
RUA  UM DO LOTEAMENTO FERNANDO JORGE DIAS DE SOUZA,7pkd
RUA  UMARI,7pkd
RUA  UMARIZEIRAS,7pkd
RUA  UMARIZEIRO,7pkd
RUA  UMUARAMA,7pkd3
RUA  UNIDOS VENCEREMOS,7pkd
RUA  UNIFLOR,7pkd3
RUA  URANO,7pkd
RUA  URUBURETAMA,7pkdd
RUA  URUCUTUBA,7pkd3
RUA  URUGUAI,7pkdd
RUA  URUGUAIANA,7pkdd
RUA  URUOCA,7pkdd
RUA  UV 04 (CJ CEARA),7pkd
RUA  UV 10,7pkd
RUA  UV-8 (CONJ. CEARÁ I),7pkd
RUA  V (CJ BARROSO II),7pkd
RUA  V (RES 8 DE SETEMBRO),7pkd
RUA  V LOT PLAN MONDUBIM,7pkd
RUA  VAL RAIMUNDA,7pkd
RUA  VALCIR BEZERRA,7pkd
RUA  VALDECI LEITE,7pkd
RUA  VALDEMAR DE ALBUQUERQUE,7pkd3
RUA  VALDEMAR FIGUEIREDO,7pkd
RUA  VALDEMAR PAES,7pkd3
RUA  VALDEMAR PINHO,7pkd
RUA  VALDEMIR PEREIRA,7pkd3
RUA  VALDEMIR QUEIROZ,7pkd
RUA  VALDEMIR ROSA,7pkd
RUA  VALDEMIRO CAVALCANTE,7pkdd
RUA  VALDEVINO,7pkd
RUA  VALDIR SÁ,7pkd
RUA  VALDIRA DA COSTA,7pkd
RUA  VALDIZAR SALDANHA FONTENELE,7pkd
RUA  VALE FORMOSO,7pkd
RUA  VALETA (SIQUEIRA),7pkd3
RUA  VALFREDO CAMPOS,7pkd3
RUA  VALTER ALEXANDRE MARTINS,7pkd
RUA  VALTER SÁ,7pkdd
RUA  VALVERDE,7pkd3
RUA  VALÉRIA,7pkd
RUA  VANDA MARIA DA COSTA BASTOS,7pkd
RUA  VANESSA BRITO,7pkd
RUA  VARIG,7pkd
RUA  VASCO BENÍCIO,7pkd
RUA  VASCO DA GAMA,7pkdd
RUA  VASCO DE ATHAÍDE,7pkd
RUA  VASCONCELOS,7pkd
RUA  VENEZA,7pkd
RUA  VENEZA (FAROL NOVO),7pkd
RUA  VENEZUELA,7pkdd
RUA  VENTO LESTE,7pkd
RUA  VERA CRUZ,7pkd
RUA  VERA CRUZ DE MALTA,7pkd
RUA  VERBENA,7pkd3
RUA  VERDE 1 DO CONJUNTO HABITACIONAL SÍTIO SÃO JOÃO,7pkd
RUA  VERDE 10 DO CONJUNTO HABITACIONAL SÍTIO SÃO JOÃO,7pkd
RUA  VERDE 11 DO CONJUNTO HABITACIONAL SÍTIO SÃO JOÃO,7pkd
RUA  VERDE 12 DO CONJUNTO HABITACIONAL SÍTIO SÃO JOÃO,7pkd
RUA  VERDE 13 DO CONJUNTO HABITACIONAL SÍTIO SÃO JOÃO,7pkd
RUA  VERDE 14 DO CONJUNTO HABITACIONAL SÍTIO SÃO JOÃO,7pkd
RUA  VERDE 15 DO CONJUNTO HABITACIONAL SÍTIO SÃO JOÃO,7pkd
RUA  VERDE 16 DO CONJUNTO HABITACIONAL SÍTIO SÃO JOÃO,7pkd
RUA  VERDE 17 DO CONJUNTO HABITACIONAL SÍTIO SÃO JOÃO,7pkd
RUA  VERDE 2 DO CONJUNTO HABITACIONAL SÍTIO SÃO JOÃO,7pkd
RUA  VERDE 20 DO CONJUNTO HABITACIONAL SÍTIO SÃO JOÃO,7pkd
RUA  VERDE 21 DO CONJUNTO HABITACIONAL SÍTIO SÃO JOÃO,7pkd
RUA  VERDE 22 DO CONJUNTO HABITACIONAL SÍTIO SÃO JOÃO,7pkd
RUA  VERDE 23 DO CONJUNTO HABITACIONAL SÍTIO SÃO JOÃO,7pkd
RUA  VERDE 24 DO CONJUNTO HABITACIONAL SÍTIO SÃO JOÃO,7pkd
RUA  VERDE 25 DO CONJUNTO HABITACIONAL SÍTIO SÃO JOÃO,7pkd
RUA  VERDE 26 DO CONJUNTO HABITACIONAL SÍTIO SÃO JOÃO,7pkd
RUA  VERDE 27 DO CONJUNTO HABITACIONAL SÍTIO SÃO JOÃO,7pkd
RUA  VERDE 29 DO CONJUNTO HABITACIONAL SÍTIO SÃO JOÃO,7pkd
RUA  VERDE 3 DO CONJUNTO HABITACIONAL SÍTIO SÃO JOÃO,7pkd
RUA  VERDE 30 DO CONJUNTO HABITACIONAL SÍTIO SÃO JOÃO,7pkd
RUA  VERDE 31 DO CONJUNTO HABITACIONAL SÍTIO SÃO JOÃO,7pkd
RUA  VERDE 32 DO CONJUNTO HABITACIONAL SÍTIO SÃO JOÃO,7pkd
RUA  VERDE 33 DO CONJUNTO HABITACIONAL SÍTIO SÃO JOÃO,7pkd
RUA  VERDE 34 (CONJ. SÍTIO SÃO JOÃO),7pkd
RUA  VERDE 35 DO CONJUNTO HABITACIONAL SÍTIO SÃO JOÃO,7pkd
RUA  VERDE 37 DO CONJUNTO HABITACIONAL SÍTIO SÃO JOÃO,7pkd
RUA  VERDE 38 DO CONJUNTO HABITACIONAL SÍTIO SÃO JOÃO,7pkd
RUA  VERDE 39 DO CONJUNTO HABITACIONAL SÍTIO SÃO JOÃO,7pkd
RUA  VERDE 4 DO CONJUNTO HABITACIONAL SÍTIO SÃO JOÃO,7pkd
RUA  VERDE 40 DO CONJUNTO HABITACIONAL SÍTIO SÃO JOÃO,7pkd
RUA  VERDE 41 DO CONJUNTO HABITACIONAL SÍTIO SÃO JOÃO,7pkd
RUA  VERDE 42 DO CONJUNTO HABITACIONAL SÍTIO SÃO JOÃO,7pkd
RUA  VERDE 43 DO CONJUNTO HABITACIONAL SÍTIO SÃO JOÃO,7pkd
RUA  VERDE 44 (CONJ. SÍTIO SÃO JOÃO),7pkd
RUA  VERDE 5 DO CONJUNTO HABITACIONAL SÍTIO SÃO JOÃO,7pkd
RUA  VERDE 6 DO CONJUNTO HABITACIONAL SÍTIO SÃO JOÃO,7pkd
RUA  VERDE 7 DO CONJUNTO HABITACIONAL SÍTIO SÃO JOÃO,7pkd
RUA  VERDE 9 DO CONJUNTO HABITACIONAL SÍTIO SÃO JOÃO,7pkd
RUA  VERDES MARES,7pkd3
RUA  VERÇOSA MAIA,7pkd3
RUA  VERÍSSIMO CRESCÊNCIO,7pkd
RUA  VI (LOT JD DAS OLIVEIRAS),7pkd
RUA  VI (RES 8 DE SETEMBRO),7pkd
RUA  VI DO LOTEAMENTO CIDADE OESTE,7pkd
RUA  VI LOT PLAN MONDUBIM,7pkd
RUA  VIA CIRCULACAO II (BARRA MAR),7pkd
RUA  VIA CIRCULACAO III (BARRA MAR),7pkd
RUA  VIA COLETORA A PQ SAO MATEUS,7pkd
RUA  VIA DE PEDESTRE DO CONJUNTO RESIDENCIAL NOVA ASSUNÇÃO,7pkd
RUA  VIA DE PEDESTRE LESTE-OESTE 02 DO LOTEAMENTO ALTO DA PAZ,7pkd
RUA  VIA DE PEDESTRE LESTE-OESTE 03 DO LOTEAMENTO ALTO DA PAZ,7pkd
RUA  VIA DO CONTORNO CJ ALM GARCIA,7pkd
RUA  VIA FERREA MUCURIPE,7pkd
RUA  VIA INTERNA,7pkd3
RUA  VIA LOCAL 01,7pkd
RUA  VIA LOCAL 02,7pkd
RUA  VIA LOCAL 10 (GLEBA 6S)ST COCO,7pkd
RUA  VIA LOCAL 11 (GLEBA 6S)ST COCO,7pkd
RUA  VIA LOCAL 12 (GLEBA 6S)ST COCO,7pkd
RUA  VIA LOCAL 16 (GLEBA 6S)ST COCO,7pkd
RUA  VIA LOCAL 17 (GLEBA 6S)ST COCO,7pkd
RUA  VIA LOCAL 18 (GLEBA 6S)ST COCO,7pkd
RUA  VIA LOCAL 19 (GLEBA 6S)ST COCO,7pkd
RUA  VIA LOCAL 20 (GLEBA 6S)ST COCO,7pkd
RUA  VIA LOCAL 24 (GLEBA 6S)ST COCO,7pkd
RUA  VIA LOCAL 25 (GLEBA 6S)ST COCO,7pkd
RUA  VIA LOCAL 26 (GLEBA 6S)ST COCO,7pkd
RUA  VIA LOCAL 27 (GLEBA 6S)ST COCO,7pkd
RUA  VIA LOCAL 9 (GLEBA 6S)ST COCO,7pkd
RUA  VIA LOCAL LESTE-OESTE 02 DO LOTEAMENTO ALTO DA PAZ,7pkd
RUA  VIA LOCAL NORTE-SUL 01 DO LOTEAMENTO ALTO DA PAZ,7pkd
RUA  VIA LOCAL NORTE-SUL 02 DO LOTEAMENTO ALTO DA PAZ,7pkd
RUA  VIA LOCAL NORTE-SUL 03 DO LOTEAMENTO ALTO DA PAZ,7pkd
RUA  VIA LOCAL PROJETADA,7pkd
RUA  VIA LÁCTEA,7pkd
RUA  VIA MARGINAL RIACHO MARTINHO,7pkd
RUA  VIA PAISAGÍSTICA,7pkd
RUA  VIA PEDESTRE 1 (LOT MESSEJANA),7pkd
RUA  VIA PEDESTRE 2 (LOT MESSEJANA),7pkd
RUA  VIA PEDESTRE 4 DO REASSENTAMENTO TITO BARROS,7pkd
RUA  VIADUTO MOREIRA DA ROCHA,7pkd
RUA  VIANA DE CARVALHO,7pkd
RUA  VICENTE AGUIAR,7pkd
RUA  VICENTE BERTOLDO,7pkd
RUA  VICENTE BRAGA,7pkdd
RUA  VICENTE CELESTINO,7pkd
RUA  VICENTE DE CASTRO,7pkd
RUA  VICENTE DE CASTRO FILHO,7pkd
RUA  VICENTE DE PAULA PESSOA,7pkd
RUA  VICENTE DE PAULA VIEIRA,7pkd
RUA  VICENTE DE PAULO,7pkd
RUA  VICENTE DOMINGOS,7pkd
RUA  VICENTE FERRET,7pkd
RUA  VICENTE GURGEL,7pkd
RUA  VICENTE LEITE,7pkd
RUA  VICENTE LINHARES,7pkd
RUA  VICENTE LOPES,7pkd
RUA  VICENTE NOBRE MACEDO,7pkd
RUA  VICENTE NOGUEIRA BRAGA,7pkd
RUA  VICENTE PADILHA,7pkd
RUA  VICENTE PARAIBANO,7pkd
RUA  VICENTE PINHEIRO,7pkd3
RUA  VICENTE PIO,7pkd
RUA  VICENTE ROSAL FERREIRA LEITE,7pkd
RUA  VICENTE SABÓIA,7pkd
RUA  VICENTE SPINDOLA,7pkd
RUA  VICOSA (CENTRO),7pkd
RUA  VIDAL DE NEGREIROS,7pkd
RUA  VII (RES 8 DE SETEMBRO),7pkd
RUA  VII DO LOTEAMENTO CIDADE OESTE,7pkd
RUA  VII LOT PLAN MONDUBIM,7pkd
RUA  VIII (RES 8 DE SETEMBRO),7pkd
RUA  VIII DO LOTEAMENTO CIDADE OESTE,7pkd
RUA  VILA ARLETE,7pkd
RUA  VILA DO CONTORNO,7pkd
RUA  VILA HERMINIO,7pkd
RUA  VILA LOBOS,7pkdd
RUA  VILA MARCIA,7pkd
RUA  VILA NADJA,7pkd
RUA  VILA NOVA,7pkd3
RUA  VILA NOVA (CURIÓ),7pkd
RUA  VILA NOVA (PLANALTO AYRTON SENNA),7pkd
RUA  VILA RICA,7pkd
RUA  VILA VELHA,7pkd
RUA  VILA VELHA I (RES BARRA MAR),7pkd
RUA  VILAMAR DAMASCENO,7pkd
RUA  VILEBALDO AGUIAR,7pkd
RUA  VINICIUS DE MORAES,7pkd
RUA  VINICIUS DE MORAIS,7pkd
RUA  VINICIUS DE MORAIS (CJ HAB ST ANT DA FLORESTA),7pkd
RUA  VINTE (PASSARÉ),7pkd
RUA  VINTE E CINCO DE DEZEMBRO,7pkd
RUA  VINTE E OITO DE AGOSTO,7pkd
RUA  VINTE E QUATRO DE JUNHO,7pkd
RUA  VINTE E QUATRO DE MAIO,7pkd
RUA  VINTE E SETE DE JANEIRO,7pkd
RUA  VINTE E TRES DE JANEIRO,7pkd
RUA  VINTE E TRES DE JUNHO,7pkd3
RUA  VINTE E UM DE ABRIL,7pkdd
RUA  VINÍCIUS DE MORAIS (SIQUEIRA),7pkd
RUA  VIOLETA,7pkd
RUA  VIRGILIO BASTOS DOS SANTOS,7pkd
RUA  VIRGINIA ALICE,7pk
RUA  VIRGÍLIO BRANDÃO,7pkd
RUA  VIRGÍLIO BRÍGIDO,7pkd
RUA  VIRGÍLIO NETO,7pkd
RUA  VIRIATO RIBEIRO,7pkdd
RUA  VISAO DAS DUNAS,7pkd
RUA  VISTA PARA O MAR,7pkd
RUA  VITAL BRASIL,7pkd
RUA  VITOR HUGO,7pkd
RUA  VITOR MEIRELES,7pkd
RUA  VITOR TEIXEIRA LIMA,7pkd
RUA  VITORIA,7pkd
RUA  VITORIA (GRANJA LISBOA),7pkd3
RUA  VITORIA (VILA VELHA),7pkd
RUA  VITORIA DA CONQUISTA,7pkd
RUA  VITORIA REGIA (PLANALTO AYRTON SENNA),7pkd
RUA  VITORIA REGIA (VICENTE PINZON),7pkd
RUA  VITORIANO BORGES,7pkd
RUA  VITÓRIA,7pkd
RUA  VITÓRIA RÉGIA (JARDIM DAS OLIVEIRAS),7pkd
RUA  VIÇOSA,7pkd
RUA  VOLTA DO RIO,7pkd
RUA  VOLTA REDONDA,7pkd
RUA  VÁRZEA NOVA,7pkd
RUA  VÊNUS,7pkdd
RUA  VÊNUS (AEROPORTO),7pkd
RUA  W (LOT. JD. GLEBA K2),7pkd
RUA  W BEZERRA,7pkd
RUA  WAGNER DA SILVA BATISTA,7pkd
RUA  WAGNER MARINHO,7pkd
RUA  WALDA GUIMARÃES SAUND,7pkd
RUA  WALDEMAR DE ALCANTARA (BARROSO),7pkd
RUA  WALDEMAR HOLANDA,7pkd
RUA  WALDEMAR NONATO DA SILVA,7pkd
RUA  WALDEMAR SIMÕES,7pkd
RUA  WALDEMAR TAVARES,7pkd
RUA  WALDERY UCHÔA,7pkdd
RUA  WALTER BEZERRA DE SA (DIONISIO TORRES),7pkd
RUA  WALTER BEZERRA DE SÁ,7pkd
RUA  WALTER CANTÍDIO,7pkd
RUA  WALTER CAVALCANTE,7pkd 7pkd3
RUA  WALTER DE CASTRO,7pkd
RUA  WALTER FERNANDES,7pkd
RUA  WALTER POMPEU,7pkd
RUA  WASHINGTON DE MORAES,7pkd
RUA  WENCERY FELIX,7pkd
RUA  WESLEY SARAIVA ROCHA,7pkd3
RUA  WICAR BASTOS CAVALCANTE,7pkd
RUA  WILCA ALBUQUERQUE,7pkd3
RUA  WILLIAN JUNIOR,7pkd
RUA  WILLIS SARAIVA,7pkd
RUA  WILSON CARVALHO CIRINO,7pkd
RUA  WILSON MACHADO,7pkd
RUA  WILSON PEIXOTO,7pkd3
RUA  WILSON PEREIRA,7pkd
RUA  X (CJ BARROSO II),7pkd
RUA  X (LOT. CIDADE VERDE),7pkd
RUA  X CONJUNTO COHABECE II,7pkd
RUA  X LOT PLAN MONDUBIM,7pkd
RUA  X V I (CIDADE OESTE),7pkd
RUA  X X I (CIDADE OESTE),7pkd
RUA  XAVANTE,7pkd
RUA  XAVIER DA SILVEIRA,7pkd3
RUA  XAVIER DA SILVEIRA (SIQUEIRA),7pkd3
RUA  XAVIER DE CASTRO,7pkd
RUA  XAVIER DE OLIVEIRA,7pkdd
RUA  XI LOT PLAN MONDUBIM,7pkd
RUA  XII (CIDADE OESTE),7pkd
RUA  XIV (CIDADE OESTE),7pkd
RUA  XIV DO LOTEAMENTO VILA VERDE,7pkd
RUA  XIX (LOT. CIDADE OESTE),7pkd
RUA  XV (CIDADE OESTE),7pkd
RUA  XVI (LOT VILA VERDE),7pkd
RUA  XVII (CIDADE OESTE),7pkd
RUA  XVIII,7pkd3
RUA  XVIII (CIDADE OESTE),7pkd
RUA  XX (CIDADE OESTE),7pkd
RUA  XXIX (CIDADE OESTE),7pkd
RUA  XXV (CIDADE OESTE),7pkd
RUA  XXVI (CIDADE OESTE),7pkd
RUA  XXVII (CIDADE OESTE),7pkd
RUA  XXVIII (CIDADE OESTE),7pkd
RUA  YASMIM SORAIA,7pkd
RUA  YURI DE FREITAS,7pkd3
RUA  YÊDA DE MELO NUNES,7pkd
RUA  Z LOT AV DOS EXPEDICIONARIOSII,7pkd
RUA  ZACARIAS FLORINDO,7pkd3
RUA  ZACARIAS GONDIM,7pkdd
RUA  ZAIRE,7pkd
RUA  ZAMBAIA,7pkd
RUA  ZAMENHOF,7pkd
RUA  ZE DO CRATO,7pkd
RUA  ZECA VALDIVINO,7pkd
RUA  ZEMARIO MAMEDE,7pkd
RUA  ZEMÁRIO MAMEDE (AMADEU FURTADO),7pkdd
RUA  ZENAIDE MAGALHAES,7pkd
RUA  ZENILO ALMADA,7pkd
RUA  ZENOBIA,7pkd
RUA  ZEROMÃO ARAÚJO,7pkd
RUA  ZETA,7pkd
RUA  ZEZA PONTES,7pkd
RUA  ZEZÉ GATAI,7pkd
RUA  ZUCA ACCIOLY,7pkd
RUA  ZULEICA PONTES,7pkd
RUA  ZUMBI,7pkd
RUA  ZUZU ANGEL,7pkd
RUA  ZUÍLA GADELHA,7pkd
RUA  ZUÍLA SILVEIRA DE ARAÚJO,7pkd
RUA  ZÉLIA GATTAI,7pkd
RUA  ZÓZIMO BARROSO,7pkd
RUA  ÁGUA VERDE,7pkd
RUA  ÁGUAS DA PRATA,7pkd
RUA  ÁLEF SOUZA CAVALCANTE,7pkd
RUA  ÁLVARO BOMILCAR,7pkd
RUA  ÁLVARO C. MENDES,7pkd
RUA  ÁLVARO DE ALENCAR,7pkd
RUA  ÁLVARO DIAS,7pkd
RUA  ÁLVARO FERNANDES,7pkdd
RUA  ÁLVARO GARRIDO,7pkd
RUA  ÁLVARO MARTINS,7pkdd
RUA  ÁUSTRIA,7pkd
RUA  ÂNGELA DINIZ,7pkd
RUA  ÂNGELO FIGUEIREDO,7pkd
RUA  ÂNGELO RATTACASO,7pkd
RUA  ÉRICO MOTA,7pkdd
RUA  ÍMPAR,7pkd
RUA  ÔNIX (PEDRAS),7pk
RUA  ÚRSULA GARCIA,7pkdd
RUA ALM JACEGUAI,7pkd
RUA ALM RUBIM,7pkdd
RUA ALM RUFINO,7pkd
RUA ALM SOARES DUTRA,7pkd
RUA ALM TAMANDARE,7pkd
RUA ARQ EMÍLIO HINKO,7pkd
RUA ARQ JOÃO BRAGA DE LIMA,7pkd
RUA ARQ REGINALDO RANGEL,7pkd
RUA ASP MENDES,7pkd
RUA BAR AQUIRAZ,7pkd
RUA BAR CANINDE,7pkdd
RUA BAR DE ARACATI,7pkd
RUA BAR DE ARATANHA,7pkd
RUA BAR DE COTERGIPE,7pkd
RUA BAR DE GRAJAÚ,7pkd
RUA BAR DE IBIAPABA,7pkd
RUA BAR DE LUCENA,7pkd
RUA BAR DE SOBRAL,7pkdd
RUA BAR DO CRATO,7pkd
RUA BAR DO RIO BRANCO,7pkd
RUA BAR SANTO ÂNGELO,7pkd
RUA BAR VASCONCELOS,7pkdd
RUA BRI CORREIA DE MELO,7pkd
RUA BRI HAROLDO VELOSO,7pkd
RUA BRI TORRES,7pkdd
RUA BRI VILELA,7pkd
RUA CAB REIS,7pkd
RUA CAN CARLOS AUGUSTO,7pkd
RUA CAP AFRÂNIO,7pkd
RUA CAP AMERICO MENEZES,7pkd
RUA CAP ANTONIO AGUIAR,7pkd
RUA CAP ARAGÃO,7pkd
RUA CAP AVIADOR MÁRIO PRADO,7pkd
RUA CAP BATISTA,7pkd
RUA CAP BRASIL,7pkd
RUA CAP CLÓVIS MAIA,7pkd
RUA CAP DAKIR,7pkd
RUA CAP GUSTAVO,7pkd
RUA CAP GUTEMBERG,7pkd
RUA CAP HERMÍNIO,7pkd
RUA CAP ISRAEL PINHEIRO,7pkd
RUA CAP JOSÉ BEZERRA,7pkd
RUA CAP JOÃO FERREIRA LIMA,7pkd
RUA CAP JUSTINO FERREIRA RAMOS,7pkd
RUA CAP MELO,7pkd
RUA CAP NESTOR GÓIS,7pkd
RUA CAP NOGUEIRA,7pkd
RUA CAP OLAVO,7pkd
RUA CAP PINTO MESQUITA,7pkd
RUA CAP PORFÍRIO,7pkd
RUA CAP SAMPAIO ROCHA,7pkd
RUA CAP SANTOS,7pkd
RUA CAP THEOGENES GONDIM (BONSUCESSO),7pkd
RUA CAP URUGUAI,7pkd
RUA CAP VASCONCELOS,7pkd
RUA CAP XIMENES,7pkd
RUA CAR ALBINO LUCIANI,7pkd
RUA CAR ARCOVERDE,7pkd
RUA CEL ABELARDO RODRIGUES,7pkd
RUA CEL ALEXANDRINO,7pkdd
RUA CEL ALUISIO BORBA,7pkd
RUA CEL ALVES TEIXEIRA,7pkd
RUA CEL ALÍPIO CUNHA,7pkd
RUA CEL AMANCIO CAVALCANTE,7pkd
RUA CEL ANTÔNIO CRISTIANO,7pkd
RUA CEL ANTÔNIO SAMPAIO,7pkd
RUA CEL ARGEMIRO VALENTE,7pkd
RUA CEL BELO,7pkd
RUA CEL CHICO ALVES,7pkd
RUA CEL DE QUEIROZ,7pkd
RUA CEL DIONÍSIO ALENCAR,7pkd
RUA CEL DJALMA AZEVEDO,7pkd
RUA CEL DOMINGOS GOMES,7pkd
RUA CEL DUARTE COUTINHO,7pkd
RUA CEL ERNESTO MATTOS,7pkd
RUA CEL FABRICIANO,7pkd3
RUA CEL FERRAZ,7pkd
RUA CEL FRANCISCO ALVES,7pkd
RUA CEL FRANCISCO BENTO,7pkd
RUA CEL FRANCISCO CRUZ,7pkd
RUA CEL FRANCISCO MONTENEGRO,7pkd
RUA CEL FRANCISCO PEREIRA,7pkd
RUA CEL GONÇALO,7pkd
RUA CEL GUILHERME ALENCAR,7pkd
RUA CEL HELDER BENEVIDES,7pkd
RUA CEL HONÓRIO VIEIRA,7pkd
RUA CEL HUMBERTO MARQUES,7pkd
RUA CEL JAIME ROLEMBERG,7pkd
RUA CEL JOAO PAULINO,7pkd
RUA CEL JOAQUIM FRANKLIN,7pkd
RUA CEL JOAQUIM PONTES,7pkd
RUA CEL JOSE DE MOURA,7pkd
RUA CEL JOSÉ AUGUSTO DE OLIVEIRA,7pkd
RUA CEL JOSÉ AURÉLIO CÂMARA,7pkd
RUA CEL JOSÉ GADELHA LIMA,7pkd
RUA CEL JOSÉ LINHARES,7pkd
RUA CEL JOÃO ALENCAR,7pkd
RUA CEL JOÃO CARNEIRO,7pkd
RUA CEL JOÃO CIDRÃO,7pkd
RUA CEL JOÃO CORREIA,7pkd3
RUA CEL JOÃO DE OLIVEIRA,7pkd
RUA CEL JUCÁ,7pkd
RUA CEL JUSTA,7pkd
RUA CEL LEOCÁDIO,7pkd
RUA CEL LINHARES,7pkd
RUA CEL LUIZ DAVID DE SOUZA,7pkd
RUA CEL LUIZ FIDELIS DE OLIVEIRA,7pkd
RUA CEL MANOEL ANTÔNIO LEITE,7pkd
RUA CEL MANUEL ALBANO,7pkd
RUA CEL MATOS BELOS,7pkd
RUA CEL MOZART GONDIM,7pkd
RUA CEL NUNES DE MELO,7pkdd
RUA CEL OLEGÁRIO MEMÓRIA,7pkd
RUA CEL OTÁVIO SILVA,7pkd
RUA CEL PERGENTINO FERREIRA,7pkd
RUA CEL RIBEIRO DA SILVA,7pkd
RUA CEL SALUSTIANO JOSÉ DE MELO,7pkd
RUA CEL SALVIANO LOPES,7pkd
RUA CEL SERGIO LIMA,7pkd3
RUA CEL SOLON,7pkd
RUA CEL TIBÚRCIO,7pkd
RUA CEL VIRGILIO NOGUEIRA PAES,7pkd
RUA CEL VIRGÍLIO NOGUEIRA PAES,7pkd3
RUA CEL VIRGÍLIO TÁVORA,7pkd
RUA CEL XAVIER CHAVES,7pkd
RUA CEL ZACARIAS JOSÉ DE FRANÇA,7pkd
RUA CME ASSIS VIEIRA,7pkd
RUA CNS FRANCISCO LORDA,7pkd
RUA CNS GOUVEIA,7pkd
RUA COD D'EU,7pkd
RUA COD JANUÁRIO,7pkd
RUA COM GARCIA,7pkd3
RUA COM GARCIA (CANINDEZINHO),7pkd3
RUA COM JOSE PEQUENO,7pkd
RUA COM LUIS RIBEIRO,7pkd
RUA COM MACHADO,7pkdd
RUA CON BESSA,7pkd
RUA CON BRAVEZA,7pkd
RUA CON DE CASTRO,7pkd
RUA CON LIMA SUCUPIRA,7pkd
RUA CON MOURÃO,7pkd
RUA CON PENNAFORT,7pkdd
RUA CON PINTO MENDONCA,7pkd
RUA COS ARAÚJO LIMA,7pkdd
RUA COS ESTELITA,7pkd
RUA COS GALVÃO,7pkd
RUA COS LAFAYETTE,7pkd
RUA COS SILVA,7pkd
RUA COS TRISTÃO,7pkd
RUA COS VIEIRA DA SILVA,7pkdd
RUA COS ÁLVARO DE OLIVEIRA,7pkdd
RUA CTE HAROLDO AROEIRA,7pkd
RUA CTE JOSÉ CALS DE OLIVEIRA,7pkd
RUA CTE PRATA,7pkd
RUA CTE RIPPER,7pkd
RUA DEP ALFREDO BARREIRA FILHO,7pkd
RUA DEP FLÁVIO MARCÍLIO,7pkd
RUA DEP FLÁVIO MARCÍLIO (CAIS DO PORTO),7pkd
RUA DEP FRANCISCO MONTE,7pkd
RUA DEP JOAQUIM F CORREIA,7pkd
RUA DEP JOEL MARQUES,7pkdd
RUA DEP JOÃO LOPES,7pkd
RUA DEP JOÃO PONTES,7pkd
RUA DEP MANOEL MATOSO FILHO,7pkd
RUA DEP MATOSO FILHO,7pkd
RUA DEP MOREIRA DA ROCHA,7pkd
RUA DEP SEBASTIÃO BRASILINO DE FREITAS,7pkd
RUA DEP ULISSES GUIMARÃES,7pkd
RUA DES AGENOR STUDART,7pkd
RUA DES AGENOR STUDART (MANUEL DIAS BRANCO),7pkd
RUA DES ANTONIO CARLOS COSTA E SILVA,7pkd
RUA DES ARMANDO LOUZADA,7pkd
RUA DES AVELAR,7pkd
RUA DES BALTAR,7pkd
RUA DES CARVALHO LIMA,7pkd
RUA DES COELHO CINTRA,7pkdd
RUA DES EURICO MONTEIRO,7pkd
RUA DES FELICIANO DE ATAIDE,7pkd
RUA DES FELICIANO DE ATAÍDE,7pkd
RUA DES FELISMINO,7pkd
RUA DES FRANCISCO BARROS FONTENELE,7pkd
RUA DES FROTA,7pkd3
RUA DES FÉLIX CÂNDIDO,7pkdd
RUA DES GARCIA,7pkdd
RUA DES GERMINIANO JUREMA,7pkd
RUA DES GOMES PARENTE,7pkdd
RUA DES GUIMARÃES,7pkd
RUA DES HERMES PARAHYBA,7pkd
RUA DES HERMES PARAÍBA,7pkd
RUA DES JOSÉ GIL DE CARVALHO,7pkd
RUA DES JOSÉ MARIA DE QUEIROZ,7pkd
RUA DES JOÃO FIRMINO,7pkdd
RUA DES JUCÁ FILHO,7pkd
RUA DES LAURO NOGUEIRA,7pkd
RUA DES LEITE ALBUQUERQUE,7pkd
RUA DES LUÍS PAULINO,7pkdd
RUA DES MANOEL GADELHA,7pkd
RUA DES OTACÍLIO PEIXOTO,7pkd
RUA DES PAULO DE TARSO TELES RAMOS,7pkd
RUA DES PRAXEDES,7pkd
RUA DES UBIRAJARA CARNEIRO,7pkd
RUA DES VALDETÁRIO PINHEIRO MOTA,7pkd
RUA DES WALDEMAR ALVES PEREIRA,7pkd
RUA DNA ADAIL,7pkd
RUA DNA ALEXANDRINA,7pkdd
RUA DNA BELA,7pkd
RUA DNA FEDERALINA AUGUSTO LIMA,7pkd
RUA DNA IZABEL,7pkd
RUA DNA JOSEFA BARROS DE ALENCAR,7pkd
RUA DNA LEOPOLDINA,7pkd
RUA DNA LOURDES,7pkd3
RUA DNA MAROQUINHA,7pkd
RUA DNA MENDINHA,7pkd
RUA DNA SARA MESQUITA,7pkdd
RUA DNA ZENAIDE SABÓIA,7pk
RUA DOM ALUIZIO LOSCHEIDER,7pkd
RUA DOM AMARO,7pkd
RUA DOM AMARO (MUCURIPE),7pkd
RUA DOM ANTONIO LUSTOSA,7pkd
RUA DOM AURELIANO,7pkd3
RUA DOM BOSCO,7pkd
RUA DOM BOSCO (ANCURI),7pkd
RUA DOM BOSCO (MESSEJANA),7pkd
RUA DOM CARLOTO TAVORA,7pkdd
RUA DOM CARMELO,7pkd
RUA DOM DELGADO,7pkd
RUA DOM EXPEDITO LOPES,7pkd
RUA DOM GERONIMO,7pkdd
RUA DOM GUIDO,7pkd
RUA DOM HELDER CAMARA (LAGOA REDONDA),7pkd
RUA DOM HELDER CÂMARA (JÓQUEI CLUBE),7pkdd
RUA DOM HELIO CAMPOS (COAÇU),7pkd
RUA DOM HENRIQUE,7pkd
RUA DOM HÉLIO CAMPOS,7pkd
RUA DOM HÉLIO CAMPOS (BARRA DO CEARÁ),7pkd
RUA DOM JERÔNIMO,7pkdd
RUA DOM JOAQUIM,7pkd
RUA DOM JOAQUIM DE MELO,7pkdd
RUA DOM JOSÉ LOURENÇO,7pkdd
RUA DOM JOSÉ TUPINAMBÁ,7pkd
RUA DOM LINO,7pkdd
RUA DOM LUIZ,7pkd
RUA DOM LUSTOSA (BARRA DO CEARÁ),7pkd
RUA DOM LUSTOSA (JANGURUSSU),7pkd
RUA DOM LUSTOSA (SIQUEIRA),7pkd
RUA DOM MANUEL DE MEDEIROS,7pkdd
RUA DOM MARCOS TEIXEIRA,7pkd
RUA DOM MAURICIO,7pkd
RUA DOM OSCAR ROMERO,7pkd
RUA DOM PEDRO I,7pkd3
RUA DOM PEDRO I (ANCURI),7pkd
RUA DOM PEDRO II,7pkd
RUA DOM PERO FERNANDES,7pkd
RUA DOM QUINTINO,7pkd
RUA DOM SEBASTIÃO LEME,7pkd
RUA DOM SILVÉRIO,7pkd
RUA DOM XISTO ALBANO,7pkd3
RUA DR ABDENAGO,7pkdd
RUA DR ADHEMAR BRAGA,7pkd
RUA DR ADJEMIR PARAHYBA,7pkd
RUA DR AIRTON BEZERRA,7pkd
RUA DR AIRTON JUNIOR (LOT PQ S MIGUEL),7pkd
RUA DR ALDY MENTOR,7pkd
RUA DR ALFREDO WEYNE,7pkd
RUA DR ALMEIDA FILHO,7pkd
RUA DR ALMEIDA LUSTOSA,7pkd
RUA DR ALÍSIO MAMEDE,7pkd
RUA DR AMADEU SÁ,7pkd
RUA DR AMBRÓSIO CARNEIRO,7pkd
RUA DR ANTÔNIO CARNEIRO,7pkd
RUA DR ATUALPA,7pkd
RUA DR ATUALPA BARBOSA LIMA,7pkd
RUA DR AUGUSTO RIBEIRO (VILA PERY),7pkd3
RUA DR BATISTA DE OLIVEIRA,7pkd
RUA DR BERNARDO FEITOSA,7pkd
RUA DR BEZERRINHA,7pkdd
RUA DR CARLOS IVO,7pkd
RUA DR CARLOS RIBEIRO PAMPLONA,7pkd
RUA DR CAROLINA DE ANDRADE,7pkd3
RUA DR CATUNDA GONDIM,7pkd
RUA DR CODES SANDOVAL,7pkd
RUA DR COSTA ARAÚJO,7pkd
RUA DR EDMILSON BARROS DE OLIVEIRA,7pkd
RUA DR EDSON BRAGA,7pkdd
RUA DR EDSON CARVALHO LIMA,7pkdd
RUA DR EDUARDO DIAS,7pkd
RUA DR ELIZEU HOLANDA,7pkd
RUA DR EMÍLIO FALCÃO,7pkd
RUA DR ERNESTO MONTEIRO,7pkd
RUA DR ESMERINO PARENTE,7pkd
RUA DR EXPEDITO MENDES CHAVES,7pkd
RUA DR FERNANDO AUGUSTO,7pkd3
RUA DR FLÁVIO,7pkd
RUA DR FRANCISCO ALBUQUERQUE,7pkd
RUA DR FRANCISCO DE ARAÚJO,7pkd
RUA DR FRANCISCO GADELHA,7pkd
RUA DR FRANCISCO GONDIM DE OLIVEIRA,7pkd
RUA DR FRANCISCO MATOS,7pkd
RUA DR GERARDO CAMILO DE AGUIAR,7pkd
RUA DR GILBERTO CÂMARA,7pkd
RUA DR GILBERTO STUDART,7pkd
RUA DR GUIDO FURTADO PINTO,7pkd
RUA DR HERMES LIMA,7pkd
RUA DR HUGO ROCHA,7pkd
RUA DR HUMBERTO RODRIGUES (MONDUBIM),7pkd
RUA DR HÉLIO VIANA,7pkd
RUA DR IRAN EDUARDO LIMA FILHO,7pkd
RUA DR ITAMAR ESPÍNDOLA,7pkd
RUA DR JOAQUIM BENTO,7pkd
RUA DR JOAQUIM FROTA,7pkd
RUA DR JOSE FRANCISCO SA PIRES,7pkd
RUA DR JOSE GOIANA,7pkd
RUA DR JOSE MARTINS RODRIGUES,7pkd
RUA DR JOSE PERDIGAO,7pkd
RUA DR JOSÉ AUGUSTO RIBEIRO,7pkd
RUA DR JOSÉ FROTA,7pkd
RUA DR JOSÉ FURTADO,7pkd
RUA DR JOSÉ LINO,7pkd
RUA DR JOSÉ LOURENÇO,7pkd
RUA DR JOSÉ PASSOS FILHO,7pkd
RUA DR JOSÉ PLUTARCO,7pkd
RUA DR JOSÉ ROBERTO SALES,7pkd
RUA DR JOSÉ TELES,7pkd
RUA DR JOSÉ VITOR,7pkd
RUA DR JOÃO AMORA,7pkd
RUA DR JOÃO DE DEUS,7pkd
RUA DR JOÃO GUILHERME,7pkd
RUA DR JOÃO MORAIS,7pkdd
RUA DR JOÃO MOREIRA,7pkd
RUA DR JOÃO POMBO,7pkd
RUA DR JULIO JORGE VIEIRA,7pkd
RUA DR JULIO MACIEL,7pkdd
RUA DR JURANDYR NUNES,7pkd
RUA DR JUSTA ARAÚJO,7pkd
RUA DR JÁDER DE FIGUEIREDO CORREIA,7pkd
RUA DR LAUDELINO COELHO,7pkd
RUA DR LAURO MACIEL SEVERIANO,7pkd
RUA DR LUIS COSTA,7pkd
RUA DR LUIS MORAIS CORREIA,7pkd
RUA DR LUIS TEIXEIRA DE ALCANTARA,7pkd
RUA DR LUIZ MORAIS CORREIA,7pkd
RUA DR MANOEL MOREIRA,7pkd
RUA DR MANOEL RODRIGUES MONTEIRO,7pkd
RUA DR MANOEL WILSON PINHEIRO,7pkdd
RUA DR MANUEL SOARES,7pkd
RUA DR MANUEL TEÓFILO,7pkd
RUA DR MARLIO FERNANDES,7pkd
RUA DR MEDEIRINHO,7pkd
RUA DR MIGUEL COUTO,7pkd
RUA DR MIRES,7pkd
RUA DR MOZART VIANA AMARAL,7pkd
RUA DR ONOFRE SAMPAIO CAVALCANTE,7pkd
RUA DR PAULO DE ALMEIDA SANFORD,7pkd
RUA DR PAULO DE MELLO MACHADO,7pkd
RUA DR PAULO MARCELO,7pkd
RUA DR PEDRO HERBSTER MENESCAL,7pkd
RUA DR PEDRO ROCHA,7pkd
RUA DR PEDRO SAMPAIO,7pkd
RUA DR PEDRO TELES,7pkd
RUA DR PERGENTINO MAIA,7pkd
RUA DR PERIGUARI,7pkd
RUA DR PERILO TEIXEIRA,7pkd
RUA DR PIO SARAIVA,7pkd
RUA DR PLACIDO COELHO JUNIOR,7pkd
RUA DR PONTES NETO,7pkd
RUA DR PROCÓPIO,7pkd
RUA DR QUIXADÁ FELÍCIO,7pkd
RUA DR RAIMUNDO MAIA,7pkd
RUA DR RATISBONA,7pkd
RUA DR RIBAMAR LÔBO,7pkd
RUA DR RODRIGO CODES SANDOVAL,7pkd
RUA DR SAMUEL LINS CAVALCANTE,7pkd
RUA DR SEIXAS,7pkd
RUA DR SULIANO,7pkdd
RUA DR THOMPSON BULCÃO,7pkd
RUA DR TURBAY BARREIRA,7pkd
RUA DR VALDIR LEOPÉRCIO,7pkd
RUA DR VALE COSTA,7pkd
RUA DR VICENTE ARRUDA,7pkd
RUA DR VITOR JULIANO RIBEIRO,7pkd
RUA DR WALDEMAR DE ALCÂNTARA,7pkd
RUA DR WALDER STUDART,7pkd
RUA DR WALTER PORTO,7pkd
RUA DR ZELITO PAMPLONA,7pkd
RUA DRA MARIA MARLENE ANDRADE,7pkd
RUA DRA SOCORRO AZEVEDO,7pkd
RUA DRA VANDA CIDADE,7pkd3
RUA DRA WANDA SIDOU,7pkd
RUA DUQ BARCELAR,7pkd
RUA ENF JOAQUIM PINTO,7pkd
RUA ENG ANTÔNIO FERREIRA ANTERO,7pkd
RUA ENG CLÉBER DINIZ,7pkd
RUA ENG DEMONTIER QUENTAL,7pkd
RUA ENG EDMUNDO ALMEIDA FILHO,7pkd
RUA ENG HENRIQUE MORIZE,7pkd
RUA ENG JOSE HENRIQUE FROTA,7pkdd
RUA ENG JOÃO NOGUEIRA,7pkd
RUA ENG LIMA VERDE,7pkd
RUA ENG MARIA DO CARMO,7pkd
RUA ENG NEREU BARREIRA,7pkd
RUA ENG PAULO CÉSAR BARBOSA,7pkd
RUA ENG PLÁCIDO COELHO JUNIOR,7pkd
RUA ENG RONALDO DE CASTRO BARBOSA,7pkd
RUA ENG SAMIR HILUY,7pkd
RUA ENG SERAINE,7pkd
RUA ENG SÍLVIO EGÍDIO,7pkd
RUA ESC PEDRO FERREIRA DE ASSIS,7pkd
RUA EST ANA KELLY,7pkd
RUA EST JUCA,7pkd
RUA EST SILVIO CARNEIRO,7pk
RUA ESV AZEVEDO,7pkd
RUA ESV PINHEIRO,7pkd
RUA EVA ANASTÁCIA,7pkd
RUA FIS ASSIS SARAIVA,7pkd
RUA FIS PERDIGÃO,7pkd
RUA FIS SARAIVA,7pkd3
RUA FIS VIEIRA,7pkd
RUA FOT RIBEIRO,7pkd
RUA FRE BENÍCIO CRISTIANO,7pkd
RUA FRE BERNARDINO,7pkd
RUA FRE CANECA,7pk
RUA FRE CANECA (JARDIM DAS OLIVEIRAS),7pkd
RUA FRE CASSIANO,7pkd
RUA FRE DAMIAO,7pkd
RUA FRE DAMIAO (PLANALTO PICI),7pkdd
RUA FRE DAMIAO (PRESIDENTE KENNEDY),7pkd
RUA FRE DAMIAO (SIQUEIRA),7pkd
RUA FRE DAMIÃO,7pkd
RUA FRE GALVÃO,7pkd
RUA FRE GERALDO,7pkd
RUA FRE HENRIQUE,7pkd
RUA FRE HUMBERTO,7pkd
RUA FRE JOSÉ MARIA,7pkd 7pkdd
RUA FRE MANSUETO,7pkd
RUA FRE MARCELINO,7pkdd
RUA FRE MATIAS,7pkd
RUA FRE ODILON,7pkdd
RUA FRE ORLANDO,7pkdd
RUA FRE SERAFIM,7pkd
RUA FRE TEOBALDO,7pkd
RUA FRE TEODORO,7pkd
RUA FRE TITO,7pkd
RUA FRE VICENTE SALVADOR,7pkdd
RUA FRE VIDAL,7pkd
RUA GAL BERNARDO FIGUEIREDO,7pkdd
RUA GAL BEZERRIL,7pkd
RUA GAL CAIADO DE CASTRO,7pkd
RUA GAL CASTELO BRANCO,7pkd
RUA GAL CLARINDO DE QUEIROZ,7pkd
RUA GAL CORDEIRO NETO,7pkd
RUA GAL COSTA MATOS,7pkd
RUA GAL DUTRA,7pkd
RUA GAL EURICO,7pkd
RUA GAL JOAQUIM DE ANDRADE,7pkd
RUA GAL JOÃO COUTO,7pkd
RUA GAL LIMA DA SILVA,7pkd
RUA GAL MELO MACHADO,7pkd
RUA GAL MUNIZ ARAGÃO,7pkd
RUA GAL MÁRIO HERMES,7pkd
RUA GAL ONOFRE,7pkd
RUA GAL OTÁVIO DA SILVA PARANHOS,7pkd
RUA GAL PIRAGIBE,7pkdd
RUA GAL RABELO,7pkd3
RUA GAL RANGEL,7pkdd
RUA GAL ROMMEL,7pkd
RUA GAL SAMPAIO,7pkd
RUA GAL SILVA JÚNIOR,7pkd
RUA GAL TERTULIANO POTYGUARA (ALDEOTA),7pkd
RUA GAL TOMÉ CORDEIRO,7pkd
RUA GOV JOAO CARLOS,7pkd
RUA GOV MANOEL DE CASTRO FILHO,7pkd
RUA GOV SAMPAIO,7pkd
RUA HIS GUARINO ALVES,7pkd
RUA IND FRANCISCO DE ALMEIDA SANFORD,7pkd
RUA IR AMÁLIA,7pkd
RUA IR ANA MARIA,7pkd
RUA IR BAZET,7pkdd
RUA IR DOROTHY STANG,7pkd
RUA IR DULCE,7pkd
RUA IR DULCE (JANGURUSSU),7pkd
RUA IR ESTELA,7pkd
RUA IR HELENA FONTENELE,7pkd
RUA IR SHEILA,7pkd
RUA IR SILVIA SANTOS,7pkd
RUA IR SIMAS,7pkd
RUA IRM OLÍMPIO,7pkd
RUA JOR ANTONIO PONTES TAVARES,7pkd
RUA JOR CESAR MAGALHÃES,7pkd
RUA JOR DANIEL CARNEIRO JOB,7pkd
RUA JOR DEOLINDO BARRETO,7pkd
RUA JOR DURVAL AIRES,7pkd
RUA JOR MURILO MOTA,7pkd
RUA JOR NERTAN MACEDO,7pkd
RUA JOR ODALVES LIMA,7pkd
RUA JOR OLAVO ARAUJO,7pkd
RUA JUZ FRANCISCO AUGUSTO DE OLIVEIRA,7pkd
RUA JUZ RENATO SILVA,7pkd
RUA LIV ARLINDO,7pkd
RUA LIV EDÉSIO,7pkd
RUA LIV GUALTER,7pkd
RUA LIV LUÍS MAIA,7pkd
RUA LIV POLARY MAIA (PRAIA DO FUTURO II) SDO,7pkd
RUA MAD ANA COUTO,7pkd
RUA MAD ELISA BALDO (EDUARDO MOTA),7pkd
RUA MAD TEREZA DE CALCUTÁ,7pkdd
RUA MAD TEREZA DE CALCUTÁ (CAJAZEIRAS),7pkd
RUA MAE NEO MIRANDA,7pkd
RUA MAE SILVA NOVO,7pkd
RUA MAG POMPEU,7pkd
RUA MAG RAUL DE SOUSA GIRÃO,7pkd
RUA MAJ ADELINO,7pkd
RUA MAJ AFRANIO,7pkd
RUA MAJ CELESTINO,7pkd
RUA MAJ FACUNDO,7pkd
RUA MAJ GERARDO MENDES,7pkd
RUA MAJ GERARDO MENDES (PLANALTO AYRTON SENNA),7pkd
RUA MAJ JOSÉ ARAÚJO AGUIAR,7pkd
RUA MAJ LADISLAU LOURENÇO,7pkd
RUA MAJ LAURINDO,7pkdd
RUA MAJ MONTENEGRO,7pkd
RUA MAJ MOREIRA,7pkd
RUA MAJ OCTACÍLIO AFONSO DE SOUZA,7pkd
RUA MAJ PEDRO SAMPAIO,7pkdd
RUA MAJ SUCUPIRA,7pkdd
RUA MAJ TELESFORO,7pkd
RUA MAJ VAZ CLARIM,7pkd
RUA MAJ VERÍSSIMO,7pkd
RUA MAJ VIRGILIO BORBA,7pkd
RUA MAJ WEYNE,7pkdd
RUA MAJ WILSON,7pkd
RUA MAL BITTENCOURT,7pkd
RUA MAL DEODORO,7pkd
RUA MAL LOTT,7pkd
RUA MAL MASCARENHAS DE MORAIS,7pkd
RUA MAL NAPION,7pkd
RUA MAL RONDON,7pkd
RUA MAQ DE ABRANTES,7pkd
RUA MAQ DE CARAVELA,7pkd
RUA MAQ DE MONTALVÃO,7pkd
RUA MAQ DE PINHO,7pkd
RUA MAQ DE SANTOS,7pkd
RUA MAQ DE SAPUCAÍ,7pkd
RUA MDM GONTHIER,7pkd
RUA MES JERONIMO,7pkd
RUA MES ROSA,7pkd
RUA MIN ABNER DE VASCONCELOS,7pkd
RUA MIN ANTÔNIO COÊLHO,7pkd
RUA MIN EDUARDO ELLERY BARREIRA,7pkd
RUA MIN JOAQUIM BASTOS,7pkd
RUA MIN PETRÔNIO PORTELA,7pkd
RUA MIN SERGIO MOTA,7pkdd
RUA MIS ARTHUR DAVISSION,7pkd
RUA MIS OLIVEIRA,7pkd
RUA MIS SILVA,7pkd
RUA MON AGOSTINHO,7pkd3
RUA MON AGOSTINHO (CANINDEZINHO),7pkd3
RUA MON ANDRE CAMUCA,7pkd
RUA MON ANTERO,7pkd
RUA MON ANTÔNIO SOUTO,7pkd
RUA MON AZARIAS SOBREIRA,7pkd
RUA MON BEZERRA,7pkd
RUA MON BRUNO,7pkd
RUA MON CATÃO,7pkd
RUA MON DANTAS,7pkd
RUA MON DOURADO,7pkd
RUA MON FURTADO,7pkdd
RUA MON HIPÓLITO,7pkd
RUA MON HIPÓLITO BRASIL,7pkdd
RUA MON JOÃO DANTAS,7pkd
RUA MON LEOPOLDO FEITOSA,7pkdd
RUA MON LIBERATO,7pkd
RUA MON LUÍS ROCHA,7pkd
RUA MON OTAVIO DE CASTRO,7pkd
RUA MON OTÁVIO SANTIAGO,7pkd
RUA MON PAULO,7pkd
RUA MON PINTO TEIXEIRA,7pkd
RUA MON ROSA,7pkd
RUA MON SABINO FEIJÃO,7pkd3
RUA MON SALAZAR,7pkd
RUA MON SALVIANO,7pkdd
RUA MON VICENTE MARTINS,7pkdd
RUA NAT FEIJO,7pkd
RUA NSA APARECIDA (GENIBAÚ),7pkd
RUA NSA DA CONCEIÇAO,7pkd
RUA NSA DA CONCEIÇÃO,7pkdd
RUA NSA DA CONCEIÇÃO (BAIRRO MONDUBIM),7pkd
RUA NSA DA GLÓRIA,7pkd
RUA NSA DA PAZ,7pkd
RUA NSA DAS DORES,7pkd
RUA NSA DAS GRAÇAS,7pkd
RUA NSA DE FÁTIMA,7pkd
RUA NSA DO AMPARO,7pkd
RUA NSA DO PERPÉTUO SOCORRO,7pkd3
RUA NSA DOS REMÉDIOS,7pkd
RUA PAP PAULO VI,7pkd
RUA PAT JOÃO BEZERRA,7pkd
RUA PAT SAMUEL MUNGUBA,7pkdd
RUA PDE ALANO ESGRINO,7pkd
RUA PDE ALTO PAGOTO,7pkd
RUA PDE ALUÍSIO,7pkd
RUA PDE AMBRÓSIO MACHADO,7pkd
RUA PDE ANCHIETA,7pkd
RUA PDE ANCHIETA (PAUPINA),7pkd
RUA PDE ANDRADE,7pkd
RUA PDE ANTONINO,7pkd
RUA PDE ANTÔNIO NUNES GURGEL,7pkd
RUA PDE ANTÔNIO VIEIRA,7pkdd
RUA PDE ARIMATEIA,7pkd
RUA PDE ARTUR JUNCOSA,7pkd
RUA PDE ASCENÇO GAGO,7pkd
RUA PDE ATAIDE,7pkd
RUA PDE AUZI SAMPAIO,7pkd
RUA PDE BARBOSA DE JESUS,7pkd
RUA PDE BERNARDO (BARRA DO CEARA),7pkd
RUA PDE CARLOS ALENCAR,7pkd
RUA PDE CARLOS QUIXADÁ,7pkd
RUA PDE CHEVALIER,7pkd
RUA PDE CICERO,7pkdd
RUA PDE CICERO (BARRA DO CEARÁ),7pkd
RUA PDE CICERO (MONDUBIM),7pkd
RUA PDE CICERO (PLANALTO AYRTON SENNA),7pkd
RUA PDE CLIMÉRIO,7pkd
RUA PDE CONSTANTINO,7pkd
RUA PDE CíCERO (JANGURUSSU),7pkd
RUA PDE EDUARDO,7pkd
RUA PDE ELIAS SARAIVA,7pkdd
RUA PDE ERIDIAN GONÇALVES,7pkd
RUA PDE EZEQUIEL,7pkd
RUA PDE FRANCISCO ARAQUEM,7pkd3
RUA PDE FRANCISCO PINTO,7pkd
RUA PDE FRANCISCO PITA,7pkd
RUA PDE FROTA,7pkd
RUA PDE GALVÃO,7pkdd
RUA PDE GERMANO,7pkdd
RUA PDE GIOVANE,7pkd
RUA PDE GRAÇA,7pkd
RUA PDE GUERRA,7pkdd
RUA PDE GUILHERME,7pkdd
RUA PDE GUILHERME WASSEN,7pkd
RUA PDE GUILHERMINO,7pkd
RUA PDE HAROLDO COELHO,7pkd
RUA PDE HENRIQUE,7pkd
RUA PDE JANUÁRIO CAMPOS,7pkd
RUA PDE JOSINO,7pkd
RUA PDE JOSINO (MESSEJANA),7pkd
RUA PDE JOSÉ ALBERTO CASTELO,7pkd3
RUA PDE JOSÉ ARTEIRO,7pkd
RUA PDE JOÃO PIAMARTA,7pkdd
RUA PDE JUSTINO,7pkd
RUA PDE LEOPOLDO FERNANDES,7pkd
RUA PDE LEOPOLDO FERNANDES (FÁTIMA),7pkd
RUA PDE LUIS FIGUEIRA,7pkd
RUA PDE LUIZ,7pkd
RUA PDE MACEDO,7pkdd
RUA PDE MANUEL PRIMO,7pkd
RUA PDE MATOS SERRA,7pkd
RUA PDE MIGUELINHO,7pkd
RUA PDE MORORÓ,7pkdd
RUA PDE MÁXIMO FEITOSA,7pkdd
RUA PDE NELSON FARIAS,7pkd
RUA PDE NÓBREGA,7pkd
RUA PDE PALHANO,7pkd3
RUA PDE PEDRO DE ALENCAR,7pkd
RUA PDE PERDIGÃO SAMPAIO,7pkd
RUA PDE PHILLIPE PREVOST,7pkd
RUA PDE PIO,7pkd
RUA PDE PITA,7pkd
RUA PDE QUINDERÉ,7pkd
RUA PDE RAIMUNDO RIBEIRO,7pkd
RUA PDE RODOLFO,7pkd
RUA PDE ROMA,7pkd
RUA PDE SAMUEL DE FRANÇA BARROS,7pkd
RUA PDE SEVERIANO,7pkd
RUA PDE SÁ LEITÃO,7pkd
RUA PDE TEODORO,7pkd
RUA PDE VALDEVINO,7pkd
RUA PDE VALDIR DANTAS,7pk
RUA PDE WASSEN,7pkdd
RUA PES CHICO BINDA,7pkd
RUA PES FRANCISCO SIMÃO,7pkd
RUA PES JERONIMO,7pkd
RUA POE ALUÍSIO DE MEDEIROS,7pkd
RUA POE MÁRIO LINHARES,7pkd
RUA POE NAPOLEAO DE MENEZES,7pkd
RUA POE SIDNEY NETO,7pkd
RUA PRA AIDA BALAIO,7pkd
RUA PRA ALBANISA BRASIL GADELHA,7pkd
RUA PRA ALDACI BARBOSA,7pkd
RUA PRA GERALDA ARRUDA,7pkd
RUA PRA MARIA CLARA,7pkd
RUA PRA MARIA HILÁRIO,7pkd
RUA PRA STELLA COCHRANE,7pkd
RUA PRC DE NASSAU,7pkd
RUA PRC ISABEL,7pkd
RUA PRC ISABEL (VICENTE PINZON),7pkd
RUA PRC SAMAÚMA,7pkd
RUA PRO ADROALDO TEIXEIRA CASTELO,7pkd
RUA PRO ALMINO,7pkd
RUA PRO ALOYSIO BARROS LEAL,7pkd
RUA PRO ALVARO COSTA,7pkd
RUA PRO AMARÍLIO CARTAXO,7pkd
RUA PRO ANACLETO,7pkdd
RUA PRO ANTÔNIO GIRÃO BARROSO,7pkd
RUA PRO ARAÚJO,7pkd
RUA PRO ARI DE SÁ CAVALCANTE,7pkd
RUA PRO BATISTA DE LIMA,7pkd
RUA PRO CABRAL,7pkd
RUA PRO CARLOS LOBO,7pkd
RUA PRO CARVALHO,7pkd
RUA PRO CASTELO,7pkd
RUA PRO CONSUELO DE ALMEIDA,7pkd
RUA PRO COSTA MENDES,7pkdd
RUA PRO DEMÉTRIO CARNEIRO,7pkd
RUA PRO DIAS DA ROCHA,7pkd
RUA PRO DOMINGOS BONIFÁCIO,7pkd
RUA PRO EDGARD DE ARRUDA,7pkdd
RUA PRO EDUARDO BARROS LEAL,7pkd
RUA PRO ELÁDIO MAGALHÃES,7pkd
RUA PRO EMÍLIA PEREIRA,7pkd
RUA PRO FRANCICO CARLOS,7pkd
RUA PRO FRANCISCA ALMEIDA DE SOUSA,7pkd
RUA PRO FRANCISCO CARLOS,7pkd
RUA PRO FRANCISCO DELGADO PERDIGÃO,7pkd
RUA PRO FRANCISCO GONÇALVES,7pkd
RUA PRO FRANCISCO UCHÔA DE ALBUQUERQUE,7pkd
RUA PRO GLAUCO LOBO,7pkd
RUA PRO GUILHON,7pkd
RUA PRO HELOISA FERREIRA LIMA,7pkd
RUA PRO HENRIQUE FIRMEZA,7pkd
RUA PRO HERACLITO,7pkd
RUA PRO HERIBALDO COSTA,7pkd
RUA PRO ISAÍAS GOMES,7pkd
RUA PRO JACINTO BOTELHO,7pkd
RUA PRO JOAQUIM ANTÔNIO,7pkd
RUA PRO JOAQUIM NOGUEIRA,7pkd
RUA PRO JOSÉ ALBERTO ALVES DE ALBUQUERQUE,7pkd
RUA PRO JOSÉ BONIFÁCIO (PORTO),7pkd
RUA PRO JOSÉ HENRIQUE,7pkd
RUA PRO JOSÉ LEITE GONDIM,7pkd
RUA PRO JOSÉ MENDES,7pkd
RUA PRO JOSÉ SILVEIRA,7pkd
RUA PRO JOÃO BOSCO,7pkdd
RUA PRO JUCA FONTENELLE,7pkd
RUA PRO JURACI DE OLIVEIRA,7pkd
RUA PRO JUREMA,7pkd
RUA PRO LINO ENCARNAÇÃO,7pkdd
RUA PRO MANDUCA,7pkd
RUA PRO MANOEL LOURENÇO,7pkdd
RUA PRO MARCOS VINICIUS,7pkd
RUA PRO MARIETA CARNEIRO,7pkd
RUA PRO MARTINS DE AGUIAR,7pkd
RUA PRO MIRAMAR DA PONTE,7pkd
RUA PRO MIRANDA LEÃO,7pkd
RUA PRO MORAIS CORREIA,7pkdd
RUA PRO MOREIRA DE SOUSA,7pkd
RUA PRO MÁRIO ROCHA,7pkd
RUA PRO NELSON,7pkd
RUA PRO NOGUEIRA,7pkdd
RUA PRO OCELO PINHEIRO,7pkd
RUA PRO ODILIO FILHO,7pkd
RUA PRO ODILON NESTOR,7pkd
RUA PRO ONÉLIO PORTO,7pkd
RUA PRO OSMIRIO BARRETO,7pkd
RUA PRO OTAVIO LOBO,7pkd
RUA PRO PARENTE,7pkd
RUA PRO PAULO LOPES,7pkdd
RUA PRO PAULO MARIA DE ARAGÃO,7pkd
RUA PRO PEDRO DE ALENCAR,7pkd
RUA PRO PEDRO JORGE,7pkd
RUA PRO PESSOA,7pkd
RUA PRO PROFETA ISAIAS,7pkd
RUA PRO RAIMUNDA ADÉLIA,7pkd
RUA PRO RAIMUNDO ARRUDA,7pkdd
RUA PRO RAIMUNDO GOMES,7pkd
RUA PRO RAIMUNDO VITOR,7pkdd
RUA PRO SERRANO BEZERRA,7pkd
RUA PRO SILA RIBEIRO,7pkd
RUA PRO SOLON FARIAS,7pkd
RUA PRO TEODORICO,7pkdd
RUA PRO TITO MIRANDA,7pkd
RUA PRO VALMIR,7pkd
RUA PRO VICENTE SILVEIRA,7pkdd
RUA PRO VIEIRA,7pkd
RUA PRO VIRGÍLIO MORAIS,7pkd
RUA PRO WILSON AGUIAR,7pkd
RUA PRS HERNESTO GEISEL,7pkd
RUA PRS JUSCELINO KUBTSCHECK,7pkd3
RUA PRS PRUDENTE,7pkd
RUA PRS SILVA,7pkd
RUA PRS VARGAS,7pkd
RUA RAD JOÃO RAMOS,7pkd
RUA REV BOLIVAR PINTO BANDEIRA,7pkd
RUA REV OSMAR LIMA,7pkd3
RUA SAO BASÍLIO,7pkd3
RUA SAO BENEDITO,7pkd 7pkdd
RUA SAO BENEDITO (SAO BENTO),7pkd
RUA SAO BENEDITO DO ALVOREDO,7pkd
RUA SAO BENTO,7pkd
RUA SAO BERNARDO,7pkd
RUA SAO BERNARDO DOS CAMPOS,7pkd
RUA SAO CAETANO,7pkdd
RUA SAO CAETANO (BARRA DO CEARÁ),7pkd
RUA SAO CARLOS,7pkd
RUA SAO CIPRIANO,7pkd
RUA SAO CONSTÂNCIO,7pkd
RUA SAO CRISANTE,7pkd
RUA SAO DAMIÃO,7pkd
RUA SAO DOMINGOS,7pkd
RUA SAO DOMINGOS (GENIBAÚ),7pkd
RUA SAO DOMINGOS (SÃO GERARDO),7pkd
RUA SAO DONATO,7pkd
RUA SAO EXPEDITO,7pkd
RUA SAO FELICIANO,7pkd3
RUA SAO FELIPE,7pkd3
RUA SAO FIDÉLIX,7pkd
RUA SAO FRANCISCO,7pkd 7pkd3 7pkdd
RUA SAO FRANCISCO (ANCURI),7pkd
RUA SAO FRANCISCO (BOM JARDIM),7pkd3
RUA SAO FRANCISCO (BONSUCESSO),7pkd3
RUA SAO FRANCISCO (CAIS DO PORTO),7pkd
RUA SAO FRANCISCO (CONJUNTO PALMEIRAS),7pkd
RUA SAO FRANCISCO (JACARECANGA),7pkd
RUA SAO FRANCISCO (MESSEJANA),7pkd
RUA SAO FRANCISCO (MONDUBIM),7pkd
RUA SAO FRANCISCO (SIQUEIRA),7pkd3
RUA SAO FRANCISCO (SÃO BENTO),7pkd
RUA SAO FRANCISCO DA PAUPINA,7pkd
RUA SAO FRANCISCO DAS CHAGAS,7pkd
RUA SAO FRANCISCO DE ASSIS,7pkd
RUA SAO FRANCISCO DE ASSIS (PLANALTO AYRTON SENNA),7pkd
RUA SAO FRANCISCO DO JATOBA,7pkd3
RUA SAO FRANCISCO DOS MILAGRES (COAÇU),7pkd
RUA SAO FÉLIX,7pkdd
RUA SAO GABRIEL,7pkd
RUA SAO GABRIEL DO PICI,7pkdd
RUA SAO GONÇALO DO AMARANTE,7pkdd
RUA SAO GREGORIO,7pkd
RUA SAO JAIRO,7pkd
RUA SAO JERÔNIMO,7pkd
RUA SAO JOAO (CANINDEZINHO),7pkd3
RUA SAO JOAO (MONDUBIM),7pkd
RUA SAO JOAO (QUINTINO CUNHA),7pkd
RUA SAO JOAO (VICENTE PINZON),7pkd
RUA SAO JOAO BATISTA,7pkd
RUA SAO JOAQUIM,7pkd
RUA SAO JORGE,7pkd
RUA SAO JORGE (BARRA DO CEARÁ),7pkd
RUA SAO JORGE (COAÇU),7pkd
RUA SAO JORGE (JARDIM CEARENSE),7pkd
RUA SAO JORGE (MONDUBIM),7pkd
RUA SAO JORGE (QUINTINO CUNHA),7pkd
RUA SAO JORGE (SIQUEIRA),7pkd
RUA SAO JORGE(BARRA DO CEARÁ),7pkd
RUA SAO JOSE (BARRA DO CEARÁ),7pkd
RUA SAO JOSE (BONSUCESSO),7pkd3
RUA SAO JOSE (CAIS DO PORTO),7pkd
RUA SAO JOSE (MONDUBIM),7pkd
RUA SAO JOSE (PASSARÉ),7pkd
RUA SAO JOSE (PRAIA DO FUTURO II),7pkd
RUA SAO JOSE (SIQUEIRA),7pkd3
RUA SAO JOSE (VILA VELHA),7pkd
RUA SAO JOSÉ,7pkd 7pkd3
RUA SAO JOSÉ DE RIBAMAR,7pkd
RUA SAO JOÃO,7pkd
RUA SAO JOÃO DA CRUZ,7pkd
RUA SAO JOÃO DEL REY,7pkd
RUA SAO JOÃO DO JAGUARIBE,7pkd
RUA SAO JOÃO DO JANGURUSSU,7pkd
RUA SAO JUDAS TADEU,7pkd
RUA SAO JUDAS TADEU (SIQUEIRA),7pkd3
RUA SAO JUDAS TADEU (SÃO BENTO),7pkd
RUA SAO LEOPOLDO,7pkd
RUA SAO LONGUINHO,7pkd
RUA SAO LUCAS,7pkd 7pkd3
RUA SAO LUCAS (PARQUE JERUSALEM),7pkd
RUA SAO LUIS,7pkd
RUA SAO LUIS (CANINDEZINHO),7pkd3
RUA SAO LUIS (SÃO BENTO),7pkd
RUA SAO LUIS DO CURU,7pkd
RUA SAO LUIS DO OESTE,7pkd3
RUA SAO LUIZ,7pkd
RUA SAO LUIZ (CONJUNTO PALMEIRAS),7pkd
RUA SAO LUIZ (VICENTE PINZON),7pkd
RUA SAO LÁZARO,7pkd
RUA SAO MANUEL,7pkd
RUA SAO MARCOS,7pkd
RUA SAO MARCOS (PICI),7pkdd
RUA SAO MARCOS (VILA VELHA),7pkd
RUA SAO MARCUS,7pkd
RUA SAO MATEUS,7pkdd
RUA SAO MATEUS (VILA VELHA),7pkd
RUA SAO MAURICIO,7pkd
RUA SAO MIGUEL,7pkd
RUA SAO MIGUEL (CURIÓ),7pkd
RUA SAO MIGUEL (MESSEJANA),7pkd
RUA SAO PANTALEAO,7pkdd
RUA SAO PAULO,7pkd
RUA SAO PAULO (ANCURI),7pkd
RUA SAO PAULO (AUTRAN NUNES),7pkd
RUA SAO PAULO (SIQUEIRA),7pkd3
RUA SAO PAULO SANTA FÉ,7pkd
RUA SAO PEDRO,7pkd
RUA SAO PEDRO (DIAS MACÊDO),7pkd
RUA SAO PEDRO (GENIBAÚ),7pkd
RUA SAO PEDRO (SÃO BENTO),7pkd
RUA SAO PEDRO (VILA VELHA),7pkd
RUA SAO PEDRO JULIÃO,7pkd3
RUA SAO PEDRO SITIO ITAPERI,7pkd
RUA SAO RAIMUNDO,7pkd
RUA SAO RAIMUNDO (CAIS DO PORTO),7pkd
RUA SAO RAIMUNDO (CAMBEBA),7pkd
RUA SAO RAIMUNDO (COAÇU),7pkd
RUA SAO RAIMUNDO (JANGURUSSU),7pkd
RUA SAO RAIMUNDO (NOVO MONDUBIM),7pkd3
RUA SAO RAIMUNDO (VICENTE PINZON),7pkd
RUA SAO ROQUE,7pkd
RUA SAO ROQUE (ÁLVARO WEYNE),7pkd
RUA SAO SEBASTIAO (LAGOA REDONDA),7pkd
RUA SAO SEBASTIAO (SIQUEIRA),7pkd3
RUA SAO SEBASTIÃO,7pkd
RUA SAO SEBASTIÃO (BOA VISTA/CASTELÃO),7pkd
RUA SAO SEBASTÃO,7pkd
RUA SAO TEMÓTEO,7pkd3
RUA SAO TIAGO,7pkd
RUA SAO TOMAS,7pkd
RUA SAO TURIBIO,7pkd
RUA SAO VICENTE,7pkd
RUA SAO VICENTE (SIQUEIRA),7pkd
RUA SAO VICENTE DE PAULA,7pkd 7pkdd
RUA SEN ALENCAR,7pkd
RUA SEN ALMINO,7pkd
RUA SEN ALMIR PINTO,7pkd
RUA SEN CARLOS JEREISSATI (JARDIM DAS OLIVEIRAS),7pkd
RUA SEN CATUNDA,7pkd
RUA SEN FERNANDES TAVORA,7pkd
RUA SEN JAGUARIBE,7pkd
RUA SEN MACHADO,7pkd
RUA SEN MILTON CAMPOS,7pkd
RUA SEN PAULA PESSOA,7pkd
RUA SEN POMPEU,7pkd
RUA SEN ROBERT KENNEDY,7pkd
RUA SEN SÁ,7pkdd
RUA SEN ÁLVARO ADOLFO,7pkd
RUA SGT BARBOSA,7pkd3
RUA SGT EXPEDITO,7pkd
RUA SGT JOÃO PINHEIRO,7pkd3
RUA SGT NERI,7pkd
RUA SGT SERPA,7pkd
RUA SGT SILVA,7pkd
RUA SRA SANTANA,7pkd
RUA SRO DO BONFIM,7pkd3
RUA STA ADÉLIA,7pkd
RUA STA AMÉLIA,7pkd3
RUA STA APARECIDA,7pkd
RUA STA APOLÔNIA,7pkd
RUA STA ARIANE,7pkd
RUA STA ATRA,7pkd
RUA STA BARBARA,7pkd
RUA STA BEATRIZ,7pkd
RUA STA BENEDITA DA CRUZ,7pkd
RUA STA BRANCA,7pkd
RUA STA CATARINA,7pkdd
RUA STA CATARINA LABORE,7pkd
RUA STA CECILIA,7pkd
RUA STA CECILIA (ALDEOTA),7pkd
RUA STA CLARA (PLANALTO PICI),7pkdd
RUA STA CLARA DE ASSIS (MESSEJANA),7pkd
RUA STA CLARA DE ASSIS (PICI),7pkdd
RUA STA CRISTINA,7pkd
RUA STA CRUZ,7pkd
RUA STA EDWIGENS,7pkd
RUA STA EDWIRGES,7pkdd
RUA STA EDWIRGES (MONDUBIM),7pkd3
RUA STA EDWIRGES (QUINTINO CUNHA),7pkd
RUA STA EDWIRGES (SÃO BENTO),7pkd
RUA STA EFIGÊNIA (JANGURUSSU),7pkd
RUA STA ELISA,7pkd
RUA STA ESMERALDA,7pkd
RUA STA FILOMENA,7pkd
RUA STA FILOMENA (CJ HAB PAUPINA),7pkd
RUA STA FÉ,7pk
RUA STA HELENA (BARRA DO CEARÁ),7pkd
RUA STA HELENA (CONJUNTO PALMEIRAS),7pkd
RUA STA INES,7pkd 7pkd3
RUA STA INÊS,7pkd
RUA STA ISABEL,7pkd
RUA STA ISABEL (BARRA DO CEARA),7pkd
RUA STA JOANA D'ARC,7pkd
RUA STA JÚLIA,7pkdd
RUA STA LIDUINA (VILA VELHA),7pkd
RUA STA LIDUÍNA,7pkd3
RUA STA LOURDES,7pkd
RUA STA LUCIA,7pkd
RUA STA LUCIA (CONJUNTO PALMEIRAS),7pkd
RUA STA LUCIA (GENIBAÚ),7pkd
RUA STA LUCRÉCIA,7pkd
RUA STA LUZIA (CANINDEZINHO),7pkd3
RUA STA LUZIA (PLANALTO AYRTON SENNA),7pkd
RUA STA LUZIA (SÃO BENTO),7pkd
RUA STA LUZIA DA PAUPINA,7pkd
RUA STA LUZIA DO PARREÃO,7pkd
RUA STA MADALENA (MONDUBIM),7pkd
RUA STA MADALENA (PASSARÉ),7pkd
RUA STA MAFALDA,7pkd
RUA STA MARGARIDA,7pkdd
RUA STA MARIA,7pkd3
RUA STA MARIA (COAÇU),7pkd
RUA STA MARIA (JOSÉ BONIFÁCIO),7pkd
RUA STA MARIA (PLANALTO AYRTON SENNA),7pkd
RUA STA MARIA GORETTI,7pkd
RUA STA MARTA,7pkd
RUA STA MÔNICA,7pkd
RUA STA PAULA,7pkd3
RUA STA PRUDÊNCIA,7pkd
RUA STA QUITÉRIA,7pkd
RUA STA RITA (BARRA DO CEARÁ),7pkd
RUA STA RITA (BARROSO),7pkd
RUA STA RITA (CONJUNTO PALMEIRAS),7pkd
RUA STA RITA (CURIO),7pkd
RUA STA RITA (PLANALTO AYRTON SENNA),7pkd
RUA STA RITA (PRAIA DO FUTURO II),7pkd
RUA STA RITA (SIQUEIRA),7pkd3
RUA STA RITA DOS MILAGRES,7pkd3
RUA STA ROSA,7pkd
RUA STA ROSA (COAÇU),7pkd
RUA STA ROSA (CONJUNTO PALMEIRAS),7pkd
RUA STA ROSÁLIA,7pkd
RUA STA SOFIA,7pkd
RUA STA TEREZA,7pkd
RUA STA TEREZA DE AVILA,7pkd
RUA STA TEREZINHA,7pkd
RUA STA TEREZINHA (BOM SUCESSO),7pkd3
RUA STA TEREZINHA DO MENINO DE JESUS,7pkd
RUA STA TEREZINHA DO MENINO JESUS E DA SAGRADA FACE,7pkd
RUA STA ÂNGELA,7pkd
RUA STO AGOSTINHO,7pkd3
RUA STO AMARO,7pkdd
RUA STO AMARO (PLANALTO AYRTON SENNA),7pkd
RUA STO AMARO DO MUCURIPE,7pkd
RUA STO ANASTÁCIO,7pkd3
RUA STO ANTONIO (BARRA DO CEARÁ),7pkd
RUA STO ANTONIO (BOA VISTA),7pkd
RUA STO ANTONIO (PICI),7pkdd
RUA STO ANTONIO (QUINTINO CUNHA),7pkd
RUA STO ANTONIO (SÃO BENTO),7pkd
RUA STO ANTONIO DO PAIOL,7pkd
RUA STO ANTÔNIO,7pkd
RUA STO ANTÔNIO (CONJUNTO PALMEIRAS),7pkd
RUA STO ANTÔNIO DO JATOBÁ,7pkd3
RUA STO ESTEVÃO,7pkd
RUA STO INÁCIO,7pkd
RUA STO INÁCIO (BARROSO),7pkd
RUA STO INÁCIO (SIQUEIRA),7pkd
RUA STO TOMAZ DE AQUINO,7pkd
RUA TAB FABIÃO,7pkd
RUA TAB JOAQUIM COELHO,7pkd
RUA TAB JOÃO LOPES,7pkd
RUA TEA SILVANO SERRA,7pkd
RUA TEN AMARANTE,7pkd
RUA TEN AMAURÍ PIO,7pkd
RUA TEN AURÉLIO SAMPAIO,7pkd
RUA TEN BARBOSA,7pkd
RUA TEN BENÉVOLO,7pkd
RUA TEN BEZERRA,7pkd
RUA TEN BEZERRA (PASSARÉ),7pkd
RUA TEN BOTELHO,7pkd
RUA TEN CORONEL ÉSIO LIMAVERDE,7pkd
RUA TEN COSTA,7pkd
RUA TEN ELIEZER COSTA,7pkd
RUA TEN FRANCISCO PAIVA,7pkd3
RUA TEN JAIME ANDRADE,7pkd
RUA TEN JONAS,7pkd
RUA TEN JOSÉ BARREIRA,7pkd
RUA TEN JOÃO ALBANO,7pkd
RUA TEN JURANDIR ALENCAR,7pkd
RUA TEN LAURO,7pkdd
RUA TEN LIRA,7pkd
RUA TEN MARCOS LIRA,7pkd
RUA TEN MARQUES,7pkdd
RUA TEN MATIAS PEIXOTO,7pkd
RUA TEN MOACIR MATOS,7pkdd
RUA TEN NAPOLEÃO RANGEL,7pkdd
RUA TEN NICOLAU,7pkd
RUA TEN QUEIRÓS,7pkd
RUA TEN RENATO AGUIAR,7pkd
RUA TEN ROMA,7pkd
RUA TEN TITO BARROS,7pkd
RUA TEN VIENA,7pkd
RUA TEN WILSON,7pkd
RUA TIP SALES,7pkdd
RUA TOP SALES,7pkdd
RUA VER ADEMAR ARRUDA,7pkd
RUA VER JOSÉ BATISTA BARBOSA,7pkd
RUA VER LALINHA MORAES,7pkd
RUA VER NARCÍLIO ANDRADE,7pkdd
RUA VER OTONI LOPES DE OLIVEIRA,7pkd
RUA VER PAULO MAMEDE,7pkd
RUA VER PEDRO PAULO,7pkd
RUA VER S GUIMARAES,7pkd
RUA VER WILLIAM SÁ,7pkd
RUA VER ZÉLIA CORREIA DE SOUSA,7pkd
RUA VIL ADERALDO,7pkdd
RUA VIS BARBACENA (CIDADE DOS FUNCIONÁRIOS),7pkd
RUA VIS CAIRU,7pkd
RUA VIS DA BAHIA,7pkd
RUA VIS DE CAIRU,7pkd
RUA VIS DE CAUÍPE,7pkdd
RUA VIS DE MAUÁ,7pkd
RUA VIS DE SABÓIA,7pkd
RUA VIS DO ICÓ,7pkd
TRAVESSA  1 (BARRA DO CEARÁ),7pkd
TRAVESSA  1 (CJ BARROSO II),7pkd
TRAVESSA  1 DE ABRIL (JANGURUSSU),7pkd
TRAVESSA  1 DE MAIO,7pkd3
TRAVESSA  1(BARRA DO CEARÁ),7pkd
TRAVESSA  10 (CJ BARROSOII),7pkd
TRAVESSA  10 (PARQUE PRESIDENTE VARGAS),7pkd
TRAVESSA  1000,7pkd
TRAVESSA  11 (CJ BARROSO II),7pkd
TRAVESSA  11 DE AGOSTO,7pkd
TRAVESSA  11 DE JULHO,7pkd
TRAVESSA  11 DE JUNHO,7pkd
TRAVESSA  12 (CANINDEZINHO),7pkd
TRAVESSA  13 (CANINDEZINHO),7pkd
TRAVESSA  13 DE AGOSTO,7pkd
TRAVESSA  13 DE MAIO,7pkd
TRAVESSA  14 (CANINDEZINHO),7pkd
TRAVESSA  14 DE JANEIRO,7pkd
TRAVESSA  14 DE MAIO,7pkd
TRAVESSA  15 DE ABRIL (PARQUE DOIS IRMÃOS),7pkd
TRAVESSA  15 DE JULHO,7pkd
TRAVESSA  16 DE NOVEMBRO,7pkd
TRAVESSA  17 DE SETEMBRO,7pkd
TRAVESSA  19 DE NOVEMBRO,7pkdd
TRAVESSA  1º DE ABRIL,7pkd
TRAVESSA  2 (BARRA DO CEARÁ),7pkd
TRAVESSA  2 (CJ BARROSO II),7pkd
TRAVESSA  2 DE ABRIL,7pkd
TRAVESSA  2 DE JUNHO,7pkd
TRAVESSA  2 DE OUTUBRO,7pkd
TRAVESSA  20 DE MAIO,7pkd 7pkd3
TRAVESSA  21 DE ABRIL (PLANALTO AYRTON SENNA),7pkd
TRAVESSA  21 DE DEZEMBRO (3 NUCLEOS BARRA,7pkd
TRAVESSA  23 DE JANEIRO,7pkd
TRAVESSA  24 DE MARÇO,7pkd
TRAVESSA  24 DE OUTUBRO,7pkd
TRAVESSA  25 DE MARÇO,7pkd
TRAVESSA  25 DE MARÇO (PARQUE DOIS IRMÃOS),7pkd
TRAVESSA  26 DE MARÇO,7pkd
TRAVESSA  27 DE MARÇO,7pkd
TRAVESSA  29 DE MARÇO,7pkd
TRAVESSA  3 (BARRA DO CEARÁ),7pkd
TRAVESSA  3 (BARROSO),7pkd
TRAVESSA  3 (PASSARÉ),7pkd
TRAVESSA  3 DE ABRIL,7pkd
TRAVESSA  30 DE MAIO,7pkd
TRAVESSA  31 DE DEZEMBRO (BARRA DO CEARÁ),7pkd
TRAVESSA  31 DE DEZEMBRO (MARAPONGA),7pkd
TRAVESSA  31 DE OUTUBRO,7pkd
TRAVESSA  377 DO LOTEAMENTO PARQUE PORTELA,7pkd
TRAVESSA  4 (BARRA DO CEARÁ),7pkd
TRAVESSA  4 (CJ BARROSO II),7pkd
TRAVESSA  5 (CJ BARROSO II),7pkd
TRAVESSA  6 (CJ BARROSO II),7pkd
TRAVESSA  6 (LAGOA REDONDA),7pkd
TRAVESSA  7 (CJ BARROSO II),7pkd
TRAVESSA  8 (CJ BARROSO II),7pkd
TRAVESSA  8 DE MAIO,7pkd
TRAVESSA  9 (PARQUE PRESIDENTE VARGAS),7pkd
TRAVESSA  A (GRANJA LISBOA),7pkd3
TRAVESSA  A (JANGURUSSU),7pkd
TRAVESSA  A (MONDUBIM),7pkd
TRAVESSA  A (MUTIRÃO BARRO DURO),7pkd
TRAVESSA  A BORGES,7pkd
TRAVESSA  A DO LOTEAMENTO AVENIDA PERIMETRAL,7pkd
TRAVESSA  A RIBEIRO,7pkd
TRAVESSA  A SANTOS,7pkdd
TRAVESSA  ABEL FERREIRA,7pkd
TRAVESSA  ABIGAIL BANDEIRA,7pkdd
TRAVESSA  ABREULANDIA,7pkd
TRAVESSA  ABRIGO,7pkd
TRAVESSA  ACARAPE,7pkd
TRAVESSA  ACARAÚ,7pkd
TRAVESSA  ACRE,7pkdd
TRAVESSA  ACURCIO,7pkd
TRAVESSA  ADADO,7pkd3
TRAVESSA  ADAIL,7pkd
TRAVESSA  ADALGISA,7pkdd
TRAVESSA  ADALTO ARRUDA,7pkd
TRAVESSA  ADELAIDE DUTRA,7pkd
TRAVESSA  ADEMAR DE CASTRO,7pkd
TRAVESSA  ADOLFO MARINHO,7pkd
TRAVESSA  ADOLFO SIQUEIRA,7pkd
TRAVESSA  AFONSO,7pkd
TRAVESSA  AFONSO BARBOSA,7pkd
TRAVESSA  AFONSO CALIXTO,7pkd
TRAVESSA  AFONSO PENA,7pkd
TRAVESSA  AGOSTINHO BEZERRA (PARQUE PRESIDENTE VARGAS),7pkd
TRAVESSA  AIDA PIMENTEL,7pkd
TRAVESSA  AIRTON RODRIGUES,7pkd
TRAVESSA  ALBANO,7pkd
TRAVESSA  ALBERTINA,7pkdd
TRAVESSA  ALBERTO DE OLIVEIRA,7pkd
TRAVESSA  ALBERTO MAGNO,7pkdd
TRAVESSA  ALBERTO MONTEIRO,7pkd
TRAVESSA  ALBERTO TORRES,7pkd
TRAVESSA  ALDIGUERI,7pkd
TRAVESSA  ALDONAI,7pkd
TRAVESSA  ALECRIM,7pkdd
TRAVESSA  ALEGRETE,7pkd
TRAVESSA  ALEGRIA,7pkd
TRAVESSA  ALENCAR,7pkd
TRAVESSA  ALEXANDRE SILVA,7pkd
TRAVESSA  ALEXANDRE VIEIRA,7pkd
TRAVESSA  ALICE GUIMARAES,7pkd
TRAVESSA  ALICE I,7pkd
TRAVESSA  ALICE II,7pkd
TRAVESSA  ALICE III,7pkd
TRAVESSA  ALINE,7pkd
TRAVESSA  ALMEIDA (JANGURUSSU),7pkd
TRAVESSA  ALMEIDA (PADRE ANDRADE),7pkd
TRAVESSA  ALMOFALA,7pkd
TRAVESSA  ALTO ALEGRE,7pkd
TRAVESSA  ALTO DA SAÚDE,7pkd
TRAVESSA  ALVARES CABRAL,7pkdd
TRAVESSA  ALVARO CORREIA,7pkd
TRAVESSA  ALVES DE LIMA,7pkd
TRAVESSA  ALVIM,7pkd
TRAVESSA  ALZIRA,7pkd
TRAVESSA  AMANCIO CAVALCANTE,7pkd
TRAVESSA  AMARAL,7pkdd
TRAVESSA  AMAZONAS,7pkd
TRAVESSA  AMELIA CONDE,7pkd3
TRAVESSA  AMERICO FACO,7pkdd
TRAVESSA  AMOR,7pkd
TRAVESSA  AMORA,7pkd
TRAVESSA  ANA,7pkd
TRAVESSA  ANA BOTAFOGO,7pkd
TRAVESSA  ANABER,7pkd
TRAVESSA  ANDOLA,7pkdd
TRAVESSA  ANDRADE,7pkdd
TRAVESSA  ANDRE FILHO,7pkd
TRAVESSA  ANDRE LUIZ,7pkd
TRAVESSA  ANTARTICA,7pkd
TRAVESSA  ANTENOR ALMEIDA,7pkd
TRAVESSA  ANTONIO AUGUSTO (JOAQUIM TÁVORA),7pkd
TRAVESSA  ANTONIO BOTELHO,7pkd
TRAVESSA  ANTONIO CHACON,7pkd
TRAVESSA  ANTONIO GOMES,7pkd
TRAVESSA  ANTONIO IVO,7pkd
TRAVESSA  ANTONIO MOREIRA (BARRA DO CEARÁ),7pkd
TRAVESSA  ANTONIO POMPIL,7pkd
TRAVESSA  ANTÔNIO ALENCAR,7pkd
TRAVESSA  ANTÔNIO AUGUSTO,7pkd
TRAVESSA  ANTÔNIO DOS SANTOS,7pkdd
TRAVESSA  ANTÔNIO GUALBERTO DE SALES,7pkd
TRAVESSA  ANTÔNIO JOAQUIM,7pkd
TRAVESSA  ANTÔNIO JURACY RICARTE,7pkd
TRAVESSA  ANTÔNIO MAGALHÃES,7pkd
TRAVESSA  ANTÔNIO MARCOS,7pkd
TRAVESSA  ANUNCIACAO,7pkd
TRAVESSA  ANÁRIO BRAGA,7pkd
TRAVESSA  APODI,7pkd
TRAVESSA  APOSTOLICA,7pkd
TRAVESSA  APRAZIVEL,7pkd
TRAVESSA  ARACOIABA,7pkdd
TRAVESSA  ARAGUAIA,7pkd
TRAVESSA  ARAPONGA,7pkd
TRAVESSA  ARARIBÓIA,7pkd
TRAVESSA  ARATANHA,7pkd
TRAVESSA  ARAUJO (PRESIDENTE KENNEDY),7pkd
TRAVESSA  ARAÇU,7pkd
TRAVESSA  ARCO VERDE,7pkd
TRAVESSA  AREIA BRANCA,7pkd
TRAVESSA  ARGILA,7pkd3
TRAVESSA  ARI LOBO,7pkd3
TRAVESSA  ARISTIDES BARRETO NETO,7pkd
TRAVESSA  ARISTOCRATA,7pkd
TRAVESSA  ARIZONA,7pkd
TRAVESSA  ARMANDO OLIVEIRA,7pkdd
TRAVESSA  ASA BRANCA,7pkd
TRAVESSA  ASTROGILDO FONTOURA,7pkd
TRAVESSA  ATLANTICA,7pkd
TRAVESSA  ATLAS,7pkd3
TRAVESSA  AUGUSTINHO MOTA,7pkd
TRAVESSA  AUGUSTO DOS ANJOS,7pkdd
TRAVESSA  AURA,7pkd
TRAVESSA  AURIFAMA,7pkd
TRAVESSA  AURÉLIO LAVOR,7pkd
TRAVESSA  AUXILIADORA,7pkd
TRAVESSA  AYRTON SENNA,7pkd
TRAVESSA  AZEVEDO BOLAO (PARQUELÂNDIA),7pkdd
TRAVESSA  AZEVEDO MONTAURI,7pkd
TRAVESSA  AÇORES,7pkd
TRAVESSA  B (COMUN. SÃO FRANCISCO DE ASSIS),7pkd3
TRAVESSA  B (GRANJA LISBOA),7pkd3
TRAVESSA  B (MONDUBIM),7pkd
TRAVESSA  B (MUTIRÃO BARRO DURO),7pkd
TRAVESSA  B DO LOTEAMENTO AVENIDA PERIMETRAL,7pkd
TRAVESSA  BAIPENDI,7pkd
TRAVESSA  BALDUÍNO FREIRE,7pkd
TRAVESSA  BARAÚNA,7pkd
TRAVESSA  BARBACENA,7pkd
TRAVESSA  BARRETO,7pkd
TRAVESSA  BARROSO,7pkd
TRAVESSA  BAURITI,7pkd
TRAVESSA  BAUXITA,7pkd
TRAVESSA  BELA VISTA,7pkd
TRAVESSA  BELAROSA,7pkd
TRAVESSA  BELISARIO,7pkd
TRAVESSA  BEM-TE-VI,7pkdd
TRAVESSA  BENCAO DE DEUS,7pkd
TRAVESSA  BENEDITO SOBRINHO,7pkd
TRAVESSA  BENGUI I,7pkd
TRAVESSA  BENGUI II,7pkd
TRAVESSA  BENJAMIM DA SILVA,7pkd3
TRAVESSA  BENJAMIN TORRES,7pkd
TRAVESSA  BENVINDA AGUIAR,7pkd3
TRAVESSA  BERNARDO PORTO,7pkd
TRAVESSA  BETE SAID,7pkd
TRAVESSA  BETESDA,7pkd
TRAVESSA  BICEL,7pkd
TRAVESSA  BILAC,7pkdd
TRAVESSA  BILAU,7pkd
TRAVESSA  BOA ESPERANCA,7pkd
TRAVESSA  BOA HORA,7pkd
TRAVESSA  BOA NOITE,7pkdd
TRAVESSA  BOA VIAGEM,7pkd
TRAVESSA  BOA VIAGEM (PLANALTO PICI),7pkdd
TRAVESSA  BOA VISTA,7pkd
TRAVESSA  BOA VISTA (BONSUCESSO),7pkd
TRAVESSA  BOA VISTA (MONDUBIM),7pkd
TRAVESSA  BOGOTA,7pkdd
TRAVESSA  BOLIVAR,7pkd
TRAVESSA  BOM JESUS (BARRA DO CEARÁ),7pkd
TRAVESSA  BOM JESUS (GRANJA LISBOA),7pkd3
TRAVESSA  BOM JESUS (MONDUBIM),7pkd
TRAVESSA  BOM JESUS (NOVO MONDUBIM),7pkd3
TRAVESSA  BOM JESUS (QUINTINO CUNHA),7pkd
TRAVESSA  BOM RETIRO,7pkd
TRAVESSA  BONFIM,7pkd
TRAVESSA  BONS AMIGOS,7pkdd
TRAVESSA  BORBOLETA,7pkd
TRAVESSA  BOTAFOGO,7pkd
TRAVESSA  BRASIL,7pkd
TRAVESSA  BRASÍLIA,7pkd
TRAVESSA  BRISA MAR,7pkd
TRAVESSA  BRITO BARBOSA,7pkd
TRAVESSA  BRUMADO,7pkd3
TRAVESSA  BRUNA DOS SANTOS,7pkd
TRAVESSA  BRUSQUE,7pkdd
TRAVESSA  BUARQUE DE MACEDO,7pkd
TRAVESSA  BUATAN,7pkd
TRAVESSA  BUENOS AIRES,7pkd
TRAVESSA  C (GRANJA LISBOA),7pkd3
TRAVESSA  C (JANGURUSSU),7pkd
TRAVESSA  C DO LOTEAMENTO AVENIDA PERIMETRAL,7pkd
TRAVESSA  CAETANO,7pkd
TRAVESSA  CAETANO SILVA (PASSARÉ),7pkd
TRAVESSA  CAETE,7pkd
TRAVESSA  CAMBERRA,7pkd3
TRAVESSA  CAMINHO DA ESPERANÇA,7pkd
TRAVESSA  CAMOMILA,7pkd
TRAVESSA  CAMPINENSE,7pkd3
TRAVESSA  CAMPO ALEGRE,7pkd3
TRAVESSA  CAMPO GRANDE,7pkd
TRAVESSA  CAMPO VERDE (ALTO DA BALANÇA),7pkd
TRAVESSA  CAMPO VERDE (BOM JARDIM),7pkd3
TRAVESSA  CAMPOS,7pkd
TRAVESSA  CAMURIM,7pkd
TRAVESSA  CANAA,7pkd
TRAVESSA  CANADA,7pkdd
TRAVESSA  CANDIDO CASTELO BRANCO,7pkd
TRAVESSA  CANDIDO MAIA,7pkd
TRAVESSA  CANGURU,7pkd
TRAVESSA  CANINDE (GRANJA LISBOA),7pkd3
TRAVESSA  CANINDE (MONDUBIM),7pkd
TRAVESSA  CANÁRIO,7pkd
TRAVESSA  CAPIABA,7pkdd
TRAVESSA  CAPILE (MUCURIPE),7pkd
TRAVESSA  CAPILÉ,7pkd
TRAVESSA  CAPRICHO (CURIÓ),7pkd
TRAVESSA  CAPUCHINHO,7pkd
TRAVESSA  CARIBO,7pkd3
TRAVESSA  CARIOCA,7pkd
TRAVESSA  CARLOS ALEXANDRE (MESSEJANA),7pkd
TRAVESSA  CARLOS ARAÚJO,7pkd
TRAVESSA  CARLOS DA SILVA,7pkdd
TRAVESSA  CARLOS JATHAY,7pkd
TRAVESSA  CARLOS RIBEIRO PAMPLONA,7pkd
TRAVESSA  CARLOS TERTULIANO,7pkd
TRAVESSA  CAROL,7pkd
TRAVESSA  CASTELO,7pkd
TRAVESSA  CASTELO BRANCO,7pkdd
TRAVESSA  CASTILHO,7pkdd
TRAVESSA  CASTRO ALVES,7pkd
TRAVESSA  CASTRO ALVES (BARRA DO CEARÁ),7pkd
TRAVESSA  CASTRO ALVES (MONDUBIM),7pkd
TRAVESSA  CASTRO DE MEDEIROS,7pkd
TRAVESSA  CATUENSE,7pkdd
TRAVESSA  CAUA HOLANDA,7pkd
TRAVESSA  CECILIA MEIRELES,7pkd
TRAVESSA  CELESTINO FLORENCA,7pkd
TRAVESSA  CEMEC,7pkd
TRAVESSA  CEREJEIRA 3,7pkd
TRAVESSA  CEREJEIRAS 1,7pkd
TRAVESSA  CEREJEIRAS 2,7pkd
TRAVESSA  CEREJEIRAS 4,7pkd
TRAVESSA  CHACRINHA,7pkd
TRAVESSA  CHAVES,7pkd
TRAVESSA  CHAVES (VILA ELLERY),7pkd
TRAVESSA  CHICO ANISIO,7pkd
TRAVESSA  CHICO MENDES,7pkd3
TRAVESSA  CHICO MENDES (GENIBAÚ),7pkd
TRAVESSA  CHICO MENDES (GUAJERÚ),7pkd
TRAVESSA  CHICO MENDES (JANGURUSSU),7pkd
TRAVESSA  CHICO MENDES (MESSEJANA),7pkd
TRAVESSA  CHICO XAVIER (FLORESTA),7pkd
TRAVESSA  CHICO XAVIER (PASSARÉ),7pkd
TRAVESSA  CICERO HERMINIO,7pkd
TRAVESSA  CIDAL,7pkd
TRAVESSA  CINCO ESTRELAS,7pkd
TRAVESSA  CIONE,7pkdd
TRAVESSA  CIRANDINHA,7pkd
TRAVESSA  CIRÍACO RIBEIRO,7pkd
TRAVESSA  CISNE,7pkd
TRAVESSA  CLARA NUNES,7pkd
TRAVESSA  CLAUDIO GUIMARAES,7pkd
TRAVESSA  CLAUDIO MANOEL,7pkdd
TRAVESSA  CLEBER MESQUITA,7pkd
TRAVESSA  CLEBER VIANA,7pkd
TRAVESSA  CLEIDE SOUSA,7pkd
TRAVESSA  CLOVIS METON,7pkd
TRAVESSA  COELHO,7pkd
TRAVESSA  COIMBRA,7pkd
TRAVESSA  COLONIA,7pkd
TRAVESSA  COMUNITÁRIA,7pkd
TRAVESSA  CONCILIACAO,7pkd
TRAVESSA  CONDOR,7pkd
TRAVESSA  CONEFOR,7pkd
TRAVESSA  CONGO,7pkdd
TRAVESSA  CONSELHEIRO,7pkdd
TRAVESSA  CONTINENTAL,7pkd
TRAVESSA  CONTINENTAL (PLANALTO AYRTON SENNA),7pkd
TRAVESSA  CORACAO DE JESUS,7pkd
TRAVESSA  CORAÇÃO DE JESUS,7pkd
TRAVESSA  CORREIA LIMA,7pkdd
TRAVESSA  CORREIA LIMA A,7pkd
TRAVESSA  CORUMBI,7pkd
TRAVESSA  CORVELO,7pkdd
TRAVESSA  CORVINA,7pkd
TRAVESSA  CORVINA (EDSON QUEIROZ),7pkd
TRAVESSA  CRATO,7pkd
TRAVESSA  CRAVINA,7pkd
TRAVESSA  CRETA,7pkd
TRAVESSA  CREUZA ROQUE,7pkd
TRAVESSA  CREUZA ROQUE (MANOEL SÁTIRO),7pkd
TRAVESSA  CRISTAL,7pkd
TRAVESSA  CRISTO REI,7pkd3
TRAVESSA  CRUZ SALDANHA,7pkd
TRAVESSA  CRUZEIRO (CURIÓ),7pkd
TRAVESSA  CRUZEIRO DO SUL,7pkd
TRAVESSA  CUIABA,7pkdd
TRAVESSA  CURA DARS,7pkd
TRAVESSA  CURIO,7pkd
TRAVESSA  DA ALEGRIA (AEROLÂNDIA),7pkd
TRAVESSA  DA AMIZADE (GENIBAÚ),7pkd
TRAVESSA  DA AMIZADE (PLANALTO AYRTON SENNA),7pkd
TRAVESSA  DA CAUAN,7pkd
TRAVESSA  DA FE,7pkd
TRAVESSA  DA FELICIDADE,7pkd
TRAVESSA  DA JUVENTUDE,7pkd
TRAVESSA  DA LAGOA,7pkd
TRAVESSA  DA LIBERDADE,7pkd3
TRAVESSA  DA MANGUEIRA,7pkd3
TRAVESSA  DA PALMA,7pkd
TRAVESSA  DA PAZ (CURIÓ),7pkd
TRAVESSA  DA PAZ (MONDUBIM),7pkd
TRAVESSA  DA PAZ (PARQUE DOIS IRMÃOS),7pkd
TRAVESSA  DA ROCINHA,7pkd
TRAVESSA  DA SAUDADE,7pkd
TRAVESSA  DA SAUDADE (MONTESE),7pkdd
TRAVESSA  DA SAUDADE II,7pkd
TRAVESSA  DA SEDE,7pkd
TRAVESSA  DA TUCUNDUBA,7pkd3
TRAVESSA  DALHO,7pkd
TRAVESSA  DAMASCENO GIRAO (JARDIM AMÉRICA),7pkd
TRAVESSA  DANIEL DE MENDONÇA,7pkdd
TRAVESSA  DANIELA SOUZA SILVA,7pkd
TRAVESSA  DANUBIA,7pkd
TRAVESSA  DAS ANTENAS,7pkdd
TRAVESSA  DAS CRIANCAS (EDSON QUEIROZ),7pkd
TRAVESSA  DAS CRIANCAS (VICENTE PINZON),7pkd
TRAVESSA  DAS FLORES (BARRA DO CEARÁ),7pkd
TRAVESSA  DAS FLORES (CAJAZEIRAS),7pkd
TRAVESSA  DAS FLORES (SABIAGUABA),7pkd
TRAVESSA  DAS GRACAS,7pkdd
TRAVESSA  DAS MAGNÓLIAS,7pkd
TRAVESSA  DAS MARGARIDAS,7pkd
TRAVESSA  DAS MUDANÇAS,7pkd
TRAVESSA  DAS OLIVEIRAS,7pkd
TRAVESSA  DAS ORQUIDEAS (CARLITO PAMPLONA),7pkd
TRAVESSA  DAS ORQUÍDEAS (MESSEJANA),7pkd
TRAVESSA  DAS PALMEIRAS,7pkd
TRAVESSA  DAS TRAVES,7pkd
TRAVESSA  DAS VIOLETAS,7pkd
TRAVESSA  DAVI,7pkd
TRAVESSA  DEIZIANE,7pkd
TRAVESSA  DELMIRO GOUVEIA,7pkd
TRAVESSA  DELTA,7pkd
TRAVESSA  DENIS BELEM,7pkd
TRAVESSA  DEOCLECIO CAVALCANTE,7pkd
TRAVESSA  DESCARTE BRAGA,7pkd
TRAVESSA  DEUSIMAR,7pkd
TRAVESSA  DIANA,7pkdd
TRAVESSA  DIAS GOMES,7pkd3
TRAVESSA  DINAMICA,7pkd3
TRAVESSA  DINIZ,7pkd
TRAVESSA  DIOGO CORREIA,7pkd
TRAVESSA  DIOGUINHO,7pkd
TRAVESSA  DIVINA,7pkd3
TRAVESSA  DIVISA,7pkd
TRAVESSA  DJL III,7pkdd
TRAVESSA  DJL IV,7pkdd
TRAVESSA  DO ARCEBISPADO,7pkdd
TRAVESSA  DO BRASIL,7pkd
TRAVESSA  DO CACIMBAO,7pkd3
TRAVESSA  DO CAJUEIRO (CURIÓ),7pkd
TRAVESSA  DO CAJUEIRO II,7pkd
TRAVESSA  DO COLEGIO,7pkd
TRAVESSA  DO CONTORNO SAO MIGUEL,7pkd3
TRAVESSA  DO COQUEIRO,7pkd
TRAVESSA  DO FIM,7pkd
TRAVESSA  DO LIMAO (BARROSO)_,7pkd
TRAVESSA  DO LIMÃO (BARROSO),7pkd
TRAVESSA  DO LUAR,7pkd
TRAVESSA  DO MATADOURO,7pkd
TRAVESSA  DO MEIO (JOSÉ DE ALENCAR),7pkd
TRAVESSA  DO MEIO (VILA PERY),7pkd
TRAVESSA  DO MESTRE,7pkd
TRAVESSA  DO ROSARIO,7pkd
TRAVESSA  DO ROSÁRIO (BARROSO),7pkd
TRAVESSA  DO SOL (PLANALTO AYRTON SENNA),7pkd
TRAVESSA  DO SOL (PRAIA DO FUTURO II),7pkd
TRAVESSA  DO SOL UM,7pkd
TRAVESSA  DO SUCESSO,7pkd
TRAVESSA  DO TRILHO,7pkd
TRAVESSA  DOIS,7pkd
TRAVESSA  DOIS CORACOES,7pkd3
TRAVESSA  DOIS IRMAOS,7pkd
TRAVESSA  DOLORES,7pkd
TRAVESSA  DOLORES DURAN,7pkd3
TRAVESSA  DOMINGOS BONIFACIO,7pkd
TRAVESSA  DOMINGOS DA VEIGA,7pkd
TRAVESSA  DOMINGOS LOPES,7pkdd
TRAVESSA  DONATILIA CARVALHO,7pkd
TRAVESSA  DOS BANCARIOS,7pkd
TRAVESSA  DOS BANDEIRANTES,7pkd
TRAVESSA  DOS CAVALOS,7pkd
TRAVESSA  DOS ISRAELITAS,7pk
TRAVESSA  DOS NAVEGANTES,7pkd
TRAVESSA  DOS PARLAMENTARES (VICENTE PINZON),7pkd
TRAVESSA  DOS POMBOS,7pkd
TRAVESSA  DOS SONHOS,7pkd
TRAVESSA  DOUGLAS MARSHAL I,7pkd
TRAVESSA  DOUGLAS MARSHAL II,7pkd
TRAVESSA  DOZE DO CONJUNTO HABITACIONAL SÃO CRISTOVÃO,7pkd
TRAVESSA  DULCE MONTEIRO,7pkd
TRAVESSA  E BARBOSA,7pkd
TRAVESSA  EDILENE,7pkd
TRAVESSA  EDILSON GOMES I,7pkdd
TRAVESSA  EDILSON GOMES II,7pkdd
TRAVESSA  EDINÓPOLIS,7pkd
TRAVESSA  EDISON,7pkd
TRAVESSA  EDMUNDO LINHARES,7pkdd
TRAVESSA  EDNEUZA,7pkd
TRAVESSA  EDSON BRASIL,7pkd
TRAVESSA  EDSON MARTINS,7pkd3
TRAVESSA  EDSON QUEIROZ,7pkd
TRAVESSA  EDUARDO,7pkd
TRAVESSA  EDUARDO ANGELIM,7pkdd
TRAVESSA  EDUARDO DE OLIVEIRA,7pkd
TRAVESSA  EDUARDO GUIMARAES,7pkd
TRAVESSA  EDUARDO NOVAES,7pkd
TRAVESSA  EDVAL BEZERRA,7pkd3
TRAVESSA  EDWIRGES,7pkd3
TRAVESSA  EFREM GONDIM,7pkd
TRAVESSA  ELANE ALVES,7pkd
TRAVESSA  ELIEL,7pkd
TRAVESSA  ELIS REGINA,7pkd
TRAVESSA  ELISA DE OLIVEIRA,7pkd3
TRAVESSA  ELISA SAMPAIO,7pkd3
TRAVESSA  ELISIÁRIO MENDES,7pkd
TRAVESSA  ELIZETE CARDOSO,7pkd
TRAVESSA  ELIZEU BATISTA,7pkd
TRAVESSA  ELIZIANE,7pkd
TRAVESSA  ELVIS PRESLEY,7pkd
TRAVESSA  EMERSON FITIPALDI,7pkd
TRAVESSA  EMILIA,7pkd
TRAVESSA  EMILIO BORBA,7pkd
TRAVESSA  ENCANTO DA BARRA,7pkd
TRAVESSA  ENILDA,7pkd
TRAVESSA  EPIFANIO LEITE,7pkd
TRAVESSA  EQUADOR,7pkdd
TRAVESSA  ERICO MOTA,7pkdd
TRAVESSA  ERNESTO IGEL,7pkd
TRAVESSA  ESMERALDO NETO,7pkd
TRAVESSA  ESPACIAL,7pkd
TRAVESSA  ESPANHA,7pkd
TRAVESSA  ESPANHA (MESSEJANA),7pkd
TRAVESSA  ESPERANCA (BOM JARDIM),7pkd3
TRAVESSA  ESPERANCA (NOVO MONDUBIM),7pkd3
TRAVESSA  ESPERANCA (SIQUEIRA),7pkd3
TRAVESSA  ESPERANÇA,7pkd3
TRAVESSA  ESPERANÇA (BARRA DO CEARÁ),7pkd
TRAVESSA  ESPINOSA,7pkd
TRAVESSA  ESPIRITO SANTO,7pkdd
TRAVESSA  ESTEFÂNIA MENDES MOTA,7pkd
TRAVESSA  ESTOCOLMO,7pk
TRAVESSA  ESTRELA DO MAR,7pkd
TRAVESSA  EUCLIDES WILCAR,7pkdd
TRAVESSA  EUNICE WEAVER,7pkd
TRAVESSA  EURICO MEDINA,7pkd
TRAVESSA  EVANDIR JUNIOR,7pkd3
TRAVESSA  EVANDRO LUZ,7pkd
TRAVESSA  EVANGELISTA LEITAO,7pkdd
TRAVESSA  FAGUNDES VARELA,7pkd
TRAVESSA  FELIPE CAMARÃO,7pkdd
TRAVESSA  FELIX CANDIDO (JÓQUEI CLUBE),7pkdd
TRAVESSA  FERNANDES TAVORA,7pkd
TRAVESSA  FERNANDINHO ALVES,7pkd
TRAVESSA  FERNAO MAGALHAES,7pkdd
TRAVESSA  FERREIRA DOS SANTOS,7pkd
TRAVESSA  FERREIRA LIMA,7pkd
TRAVESSA  FIDEL CASTRO,7pkd
TRAVESSA  FILIPINAS,7pkdd
TRAVESSA  FILOMENA CONCEICAO,7pkd3
TRAVESSA  FILOMENO,7pkd
TRAVESSA  FLAMENGO,7pkd
TRAVESSA  FLAMISTA,7pkdd
TRAVESSA  FLAVIANE LIMA GOMES,7pkd
TRAVESSA  FLAVIO CAVALCANTE,7pkd
TRAVESSA  FLOR DE SANTANA,7pkd
TRAVESSA  FLOR DO LIRIO I,7pkd
TRAVESSA  FLOR DO LIRIO II,7pkd
TRAVESSA  FLOR DO LIRIO III,7pkd
TRAVESSA  FLOR DO LIRIO IV,7pkd
TRAVESSA  FLOR DO LIRIO V,7pkd
TRAVESSA  FLORENCIO DE ALENCAR,7pkd
TRAVESSA  FLORESTA I,7pkd
TRAVESSA  FLORESTA II,7pkd
TRAVESSA  FLORESTA III,7pkd
TRAVESSA  FLORESTA IV,7pkd
TRAVESSA  FORMOSA,7pkd
TRAVESSA  FRANCE TEIXEIRA,7pkd
TRAVESSA  FRANCINEIDE,7pkd
TRAVESSA  FRANCINEIDE (MESSEJANA),7pkd
TRAVESSA  FRANCISCA MARIA DA CONCEICAO,7pkd
TRAVESSA  FRANCISCA RAQUEL,7pkd
TRAVESSA  FRANCISCO ALMEIDA,7pkd
TRAVESSA  FRANCISCO ALVES PEREIRA,7pkd
TRAVESSA  FRANCISCO BATISTA DA SILVA,7pkd3
TRAVESSA  FRANCISCO CALACA,7pkd
TRAVESSA  FRANCISCO CARLOS,7pkd
TRAVESSA  FRANCISCO FRANCO,7pkdd
TRAVESSA  FRANCISCO GOMES,7pkdd
TRAVESSA  FRANCISCO GUIMARAES,7pkd
TRAVESSA  FRANCISCO LIMA DA SILVA,7pkd
TRAVESSA  FRANCISCO MACHADO,7pkd3
TRAVESSA  FRANCISCO RAMOS (GENIBAÚ),7pkd
TRAVESSA  FRANCISCO ROCHA,7pkd
TRAVESSA  FRANCISCO SA,7pkd
TRAVESSA  FRANCISCO VASCONCELOS,7pkd
TRAVESSA  FRANCISCO VIANA,7pkd3
TRAVESSA  FRANCISCO VIEIRA,7pkd
TRAVESSA  FRANCISCO VIEIRA DOS SANTOS,7pkd
TRAVESSA  FRANSQUINHA,7pkd
TRAVESSA  FRANÇA,7pkd
TRAVESSA  FREDERICO PAIVA (JANGURUSSU),7pkd
TRAVESSA  FREDERICO SEVERO,7pkd
TRAVESSA  FREITAS LIMA,7pkd
TRAVESSA  FRIESIO BARROSO,7pkd
TRAVESSA  GABRIEL AGUIAR,7pkd
TRAVESSA  GABRIEL TEIXEIRA,7pkd
TRAVESSA  GAMA,7pkd
TRAVESSA  GAMBOA (CURIÓ),7pkd
TRAVESSA  GARÇA,7pkd
TRAVESSA  GASPAR DUTRA (CANINDEZINHO),7pkd3
TRAVESSA  GASPAR DUTRA (PLANALTO AYRTON SENNA),7pkd
TRAVESSA  GENIBAÚ,7pkd
TRAVESSA  GENOVA,7pkd
TRAVESSA  GERALDINA,7pkd
TRAVESSA  GERALDO BARBOSA,7pkd3
TRAVESSA  GERARDO MAGALHAES,7pkd
TRAVESSA  GERARDO MENDES,7pkd
TRAVESSA  GETULIO VARGAS,7pkd
TRAVESSA  GETÚLIO VARGAS (JOSÉ DE ALENCAR),7pkd
TRAVESSA  GILBERTO STUDART,7pkd
TRAVESSA  GIRAO,7pkdd
TRAVESSA  GIRÃO (AEROLÂNDIA),7pkd
TRAVESSA  GISELDA CISNE,7pkd
TRAVESSA  GODOFREDO MACIEL I,7pkd
TRAVESSA  GOIABEIRA,7pkdd
TRAVESSA  GOIANEZA,7pkd
TRAVESSA  GOLFO,7pkd3
TRAVESSA  GONCALA ALVES RODRIGUES,7pkdd
TRAVESSA  GONCALO DE LAGOS,7pkd
TRAVESSA  GONZAGUINHA,7pkd
TRAVESSA  GRACA ARANHA (FLORESTA),7pkd
TRAVESSA  GRACA ARANHA II,7pkd
TRAVESSA  GRANDE OTELO,7pkd
TRAVESSA  GRAVATAÍ,7pkd
TRAVESSA  GRAVIOLA,7pkd
TRAVESSA  GRAÇA ARANHA,7pkd
TRAVESSA  GREGÓRIO FRANÇA,7pkd
TRAVESSA  GREMIO,7pkd
TRAVESSA  GRITO DE ALERTA (BARRA DO CEARÁ),7pkd
TRAVESSA  GRITO DO IPIRANGA,7pkd
TRAVESSA  GROELÂNDIA,7pkd
TRAVESSA  GUAIUBA,7pkd3
TRAVESSA  GUANABARA,7pkd
TRAVESSA  GUANABARA (JOAQUIM TAVORA),7pkd
TRAVESSA  GUARANI,7pkd
TRAVESSA  GUARATINGA,7pkd
TRAVESSA  GUARUJA,7pkd
TRAVESSA  GUILHERME PERDIGÃO,7pkdd
TRAVESSA  GUILHERMINA ROCHA,7pkd
TRAVESSA  GUIMARÃES,7pkd
TRAVESSA  GURUPY,7pkd
TRAVESSA  GUSTAVO CORREIA LIMA,7pkd
TRAVESSA  GUTEMBERG FÉLIX,7pkd
TRAVESSA  HARMONIA,7pkd
TRAVESSA  HAVAI,7pkd
TRAVESSA  HAVANA,7pkd3
TRAVESSA  HELENA MARIA,7pkdd
TRAVESSA  HELIO BARREIRA,7pkd
TRAVESSA  HENRIQUE,7pkd
TRAVESSA  HERCULANO PENA,7pkd
TRAVESSA  HERMES,7pkd
TRAVESSA  HILDETH,7pkd
TRAVESSA  HILNETE,7pkd
TRAVESSA  HOLANDESES,7pkd
TRAVESSA  HOMEM DE MELO,7pkd
TRAVESSA  HONORATO SILVA,7pkd
TRAVESSA  HOSPEDARIA,7pkd
TRAVESSA  HUMAITA,7pkd
TRAVESSA  HUMBERTO LOMEU,7pkd3
TRAVESSA  IANEI,7pkdd
TRAVESSA  IBIAPABA,7pkd
TRAVESSA  IBITINGA,7pkd
TRAVESSA  IBITINGA (AEROPORTO),7pkdd
TRAVESSA  ICARAIMA,7pkd
TRAVESSA  IGUACU,7pkd3
TRAVESSA  IGUATU,7pkd
TRAVESSA  II,7pkd
TRAVESSA  IMACULADA CONCEICAO,7pkd
TRAVESSA  INACIO PARENTE,7pkd
TRAVESSA  INDEPENDENCIA,7pkd
TRAVESSA  INGA,7pkd
TRAVESSA  INST DO CEARA,7pkd
TRAVESSA  INTERNACIONAL,7pkd
TRAVESSA  IPE,7pkdd
TRAVESSA  IPIRANGA,7pkdd
TRAVESSA  IPIRANGA (QUINTINO CUNHA),7pkd
TRAVESSA  IRACEMA,7pkd
TRAVESSA  IRACEMA (JARDIM CEARENSE),7pkd
TRAVESSA  IRACEMA (MONDUBIM),7pkd3
TRAVESSA  IRACEMA (PAUPINA),7pkd
TRAVESSA  IRMÃOS CARNEIRO,7pkd
TRAVESSA  ISAAC NEWTON,7pkd
TRAVESSA  ISAIAS BORIS,7pkdd
TRAVESSA  ISAIAS PEREIRA,7pkd
TRAVESSA  ISMAEL SILVA,7pkd
TRAVESSA  ISMENIA,7pkd
TRAVESSA  ITACIRA,7pkd
TRAVESSA  ITAJAI,7pkd3
TRAVESSA  ITALO,7pkd
TRAVESSA  ITAPAJÉ,7pkd
TRAVESSA  ITAPEMA,7pkd
TRAVESSA  ITAPIUNA,7pkdd
TRAVESSA  ITAPOA II,7pkd3
TRAVESSA  ITURAMA,7pkd
TRAVESSA  ITÚ,7pkd3
TRAVESSA  IVANA,7pkd
TRAVESSA  IVOLANIA,7pkd3
TRAVESSA  IZAURA,7pkd
TRAVESSA  J B,7pkd3
TRAVESSA  JABOTICABA,7pkd
TRAVESSA  JACANAUBA,7pkd
TRAVESSA  JACARANDA,7pkd
TRAVESSA  JACAUNA,7pkd
TRAVESSA  JACINTO,7pkd
TRAVESSA  JACINTO MATOS,7pkd
TRAVESSA  JACKSON DO PANDEIRO,7pkd
TRAVESSA  JACO,7pkd
TRAVESSA  JACOBINA,7pkd
TRAVESSA  JACU,7pkd
TRAVESSA  JALISCO,7pkd
TRAVESSA  JANGADEIROS,7pkd
TRAVESSA  JAQUELINE,7pkd
TRAVESSA  JAQUELINE (PRAIA DO FUTURO II),7pkd
TRAVESSA  JARDIM (JARDIM CEARENSE),7pkd
TRAVESSA  JARDIM (SIQUEIRA),7pkd
TRAVESSA  JARDIM HORIZONTAL,7pkdd
TRAVESSA  JATAI,7pkd
TRAVESSA  JATOBÁ (PASSARÉ),7pkd
TRAVESSA  JERUSALEM,7pkd
TRAVESSA  JOANA BATISTA,7pkd3
TRAVESSA  JOANA DARC,7pkd
TRAVESSA  JOAO (CARLITO PAMPLONA),7pkd
TRAVESSA  JOAO ALFREDO,7pkd
TRAVESSA  JOAO AREAS I,7pkd
TRAVESSA  JOAO BARBOSA,7pkd
TRAVESSA  JOAO BATISTA SARAIVA,7pkd
TRAVESSA  JOAO GADELHA,7pkd
TRAVESSA  JOAO NOGUEIRA,7pkd
TRAVESSA  JOAO PAULO,7pkd
TRAVESSA  JOAO PONTES,7pkd
TRAVESSA  JOAO RODRIGUES,7pkd
TRAVESSA  JOAO VITO (GRANJA LISBOA),7pkd3
TRAVESSA  JOAO VITOR,7pkd3
TRAVESSA  JOAO XIMENES,7pkd
TRAVESSA  JOAQUIM AVELINO,7pkd
TRAVESSA  JOAQUIM BARROSO,7pkd
TRAVESSA  JOAQUIM CORREIA,7pkd
TRAVESSA  JOAQUIM DOS ANJOS,7pkd
TRAVESSA  JOAQUIM GASPAR BRASIL,7pkd
TRAVESSA  JOAQUIM MOREIRA,7pkd
TRAVESSA  JOAQUIM PESSOA,7pkd
TRAVESSA  JOAQUIM PINTO,7pkd
TRAVESSA  JOEL MONTEIRO,7pkd
TRAVESSA  JOINVILE,7pkd
TRAVESSA  JONAS BEZERRA,7pkd
TRAVESSA  JORDAO,7pkd
TRAVESSA  JORDÂNIA,7pkd
TRAVESSA  JORGE DUMAR,7pkd
TRAVESSA  JORGE DUMAR(),7pkdd
TRAVESSA  JORGE HENRIQUE,7pk
TRAVESSA  JOSE ABILIO (GRANJA PORTUGAL),7pkd3
TRAVESSA  JOSE ALBERTO,7pkd
TRAVESSA  JOSE ALEXANDRE,7pkd
TRAVESSA  JOSE BASTOS (BELA VISTA),7pkdd
TRAVESSA  JOSE BASTOS (COUTO FERNANDES),7pkdd
TRAVESSA  JOSE CARLOS,7pkd
TRAVESSA  JOSE CARVALHO,7pkd
TRAVESSA  JOSE CLAUDIO COSTA LIMA,7pkd
TRAVESSA  JOSE DAS PALMEIRAS,7pkd
TRAVESSA  JOSE DE AGUIAR,7pkd
TRAVESSA  JOSE DE ASSIS,7pkd
TRAVESSA  JOSE FACUNDES,7pkd
TRAVESSA  JOSE LINO,7pkd3
TRAVESSA  JOSE LOURENCO,7pkd
TRAVESSA  JOSE M DE MESQUITA,7pkd
TRAVESSA  JOSE MAURICIO II,7pkd3
TRAVESSA  JOSE MENDONCA,7pkd
TRAVESSA  JOSE NICOLAU,7pkd
TRAVESSA  JOSE OLIMPIO,7pkd
TRAVESSA  JOSE ONORATO,7pkd
TRAVESSA  JOSE PEREIRA (LAGOA REDONDA),7pkd
TRAVESSA  JOSE TRINDADE,7pkd
TRAVESSA  JOSEFA CASTRO DE SOUSA,7pkd
TRAVESSA  JOSIAS SIMOES,7pkd
TRAVESSA  JOSILEIDE ALVES,7pkd
TRAVESSA  JOSÉ ALVES CAVALCANTE,7pkd
TRAVESSA  JOSÉ ALVES CAVALCANTE (CIDADE DOS FUNCIONÁRIOS),7pkd
TRAVESSA  JOSÉ AUGUSTO,7pkd
TRAVESSA  JOSÉ BASTOS,7pkdd
TRAVESSA  JOSÉ DE ALENCAR,7pkd
TRAVESSA  JOSÉ DE MORAIS,7pkd
TRAVESSA  JOSÉ GOMES,7pkdd
TRAVESSA  JOSÉ GOMES DE MOURA,7pkd
TRAVESSA  JOSÉ HENRIQUE,7pk
TRAVESSA  JOSÉ MARQUES,7pkd
TRAVESSA  JOSÉ PEDRA,7pkd
TRAVESSA  JOSÉ PEDRO,7pkd
TRAVESSA  JOSÉ PEREIRA,7pk
TRAVESSA  JOSÉ PINTO (JANGURUSSU),7pkd
TRAVESSA  JOSÉ TEIXEIRA,7pkdd
TRAVESSA  JOTEIRIS FERREIRA DA SILVA,7pkd
TRAVESSA  JOVINO,7pkd
TRAVESSA  JOVINO VERISSIMO,7pkd
TRAVESSA  JOÃO ARAUJO (ITAPERI),7pkd
TRAVESSA  JOÃO AREAS,7pkd
TRAVESSA  JOÃO CRISPIM,7pkd
TRAVESSA  JOÃO DA CRUZ,7pkd
TRAVESSA  JOÃO FELIPE,7pkd
TRAVESSA  JOÃO FERREIRA,7pkd
TRAVESSA  JOÃO GENTIL,7pkd
TRAVESSA  JOÃO GENTIL (CASTELAO),7pkd
TRAVESSA  JOÃO JACÓ,7pkd
TRAVESSA  JOÃO TEIXEIRA DE PAULA,7pkd
TRAVESSA  JOÃO XAVIER,7pkd
TRAVESSA  JUARITA MENDES,7pkd
TRAVESSA  JUBAIA,7pkd
TRAVESSA  JUCA (SERRINHA),7pkd
TRAVESSA  JUCA (SÃO JOÃO DO TAUAPE),7pkd
TRAVESSA  JULIANA,7pkd
TRAVESSA  JULIO RIBEIRO,7pkdd
TRAVESSA  JULIO SIQUEIRA,7pkd
TRAVESSA  JUNDIAÍ,7pkd
TRAVESSA  JUQUERI,7pkd
TRAVESSA  JURANDIR LEONEL ALENCAR,7pkd
TRAVESSA  JUSCELINO KUBITSCHEK,7pkd
TRAVESSA  JUSCELINO KUBITSCHEK (CANINDEZINHO),7pkd3
TRAVESSA  JUVENA,7pkd
TRAVESSA  JUVENTUS,7pkd
TRAVESSA  JÚLIO BRAGA,7pkdd
TRAVESSA  JÚLIO CÉSAR (CANINDEZINHO),7pkd
TRAVESSA  JÚLIO PINTO,7pkd
TRAVESSA  KELLY MELO (CJ SAO MIGUEL II),7pkd
TRAVESSA  KELY,7pkd
TRAVESSA  KIKO,7pkd
TRAVESSA  LAERTE REIS,7pkd
TRAVESSA  LAGES,7pkd
TRAVESSA  LAGOA,7pkd
TRAVESSA  LAGOA VERDE,7pkd3
TRAVESSA  LAGOINHA,7pkd 7pkd3
TRAVESSA  LAILTON RIBEIRO,7pkd
TRAVESSA  LARA 2,7pkd
TRAVESSA  LARA I,7pkd
TRAVESSA  LARGA,7pkd
TRAVESSA  LAURENTINA,7pkdd
TRAVESSA  LAURO BARRETO,7pkd
TRAVESSA  LAVANERIS,7pkd
TRAVESSA  LAVRAS DO SUL,7pkd
TRAVESSA  LAVÍNIA,7pkdd
TRAVESSA  LEANDRO BEZERRA,7pkd
TRAVESSA  LEANDRO HENRIQUE,7pkd3
TRAVESSA  LEAO XIII,7pkd
TRAVESSA  LEONOR,7pkd
TRAVESSA  LEVIS ARAUJO,7pkd
TRAVESSA  LIBELULA,7pkd
TRAVESSA  LIBERTADORES,7pkd
TRAVESSA  LIDIA PETRI GONCALVES,7pkd
TRAVESSA  LIDICE,7pkdd
TRAVESSA  LINEU MACHADO,7pkd3
TRAVESSA  LIONS CLUB,7pkd
TRAVESSA  LISBOA,7pkd
TRAVESSA  LITO,7pkd
TRAVESSA  LITORISTA,7pkd
TRAVESSA  LIVINO DE CARVALHO,7pkdd
TRAVESSA  LONDRINA,7pkd3
TRAVESSA  LOURENCO PESSOA,7pkd
TRAVESSA  LUCAS,7pkd
TRAVESSA  LUCAS MAIA,7pkd3
TRAVESSA  LUCI,7pkd
TRAVESSA  LUCIANO CARDOSO,7pkd
TRAVESSA  LUCIANO DE QUEIROZ,7pkdd
TRAVESSA  LUCIANO QUEIROZ (HENRIQUE JORGE),7pkdd
TRAVESSA  LUCINEIDE GOMES,7pkd
TRAVESSA  LUIS CARMO,7pkd
TRAVESSA  LUIS FRANCISCO XAVIER,7pkd
TRAVESSA  LUIZ FARIAS,7pkdd
TRAVESSA  LUIZ FERNANDES,7pkd
TRAVESSA  LUIZ GONCALO SILVA,7pkd3
TRAVESSA  LUIZ L DE SOUSA,7pkd
TRAVESSA  LUIZ PORFÍRIO SALES,7pkd
TRAVESSA  LUIZ RAMOS,7pkdd
TRAVESSA  LUIZ UCHOA,7pkd
TRAVESSA  LUIZA P DA COSTA,7pkd3
TRAVESSA  LUIZITO GEMA,7pkd
TRAVESSA  LUMINOSA,7pkd3
TRAVESSA  LUÍS GUIMARÃES,7pkd
TRAVESSA  MACAU,7pkd
TRAVESSA  MACEIO,7pkd
TRAVESSA  MACHADO,7pkd3
TRAVESSA  MACIEL,7pkdd
TRAVESSA  MACIEL ROCHA,7pkd
TRAVESSA  MADRE ELIZA,7pkd
TRAVESSA  MAGALHAES (MONDUBIM),7pkd
TRAVESSA  MAGALHÃES,7pkdd
TRAVESSA  MAIZA,7pkd
TRAVESSA  MANGUEIRAL,7pkd
TRAVESSA  MANGUEZAL (VILA VELHA),7pkd
TRAVESSA  MANOEL,7pkd
TRAVESSA  MANOEL ALEXANDRE,7pkd
TRAVESSA  MANOEL DE CASTRO (EDSON QUEIROZ),7pkd
TRAVESSA  MANOEL DE CASTRO (JANGURUSSU),7pkd
TRAVESSA  MANOEL FALCAO,7pkd
TRAVESSA  MANOEL FERNANDES,7pkdd
TRAVESSA  MANOEL MAIA,7pkd
TRAVESSA  MANOEL MAVIGNIER,7pkd
TRAVESSA  MANOEL PEREIRA (PAUPINA),7pkd
TRAVESSA  MANOEL SOARES,7pkd
TRAVESSA  MANUEL BATISTA,7pkdd
TRAVESSA  MANUEL CASTELO BRANCO,7pkd
TRAVESSA  MANUEL JEFERSON,7pkd
TRAVESSA  MANUEL PEIXOTO,7pkd
TRAVESSA  MARANGUAPE,7pkd3
TRAVESSA  MARANGUAPE (SIQUEIRA),7pkd3
TRAVESSA  MARANGUAPINHO,7pkd
TRAVESSA  MARANHAO (PICI),7pkdd
TRAVESSA  MARANHÃO,7pkdd
TRAVESSA  MARAVILHA,7pkd
TRAVESSA  MARAVILHA (AMADEU FURTADO),7pkdd
TRAVESSA  MARCIO COSTA,7pkd
TRAVESSA  MARCONDES,7pkd
TRAVESSA  MARCONDES PEREIRA,7pkd
TRAVESSA  MARCOS CESAR,7pkd
TRAVESSA  MARIA ALVES RIBEIRO,7pkd
TRAVESSA  MARIA ALZEMIR,7pkd
TRAVESSA  MARIA ANGELINA,7pkd
TRAVESSA  MARIA CANDEIA,7pkd
TRAVESSA  MARIA CARVALHO GOIS,7pkd
TRAVESSA  MARIA DE JESUS,7pkd
TRAVESSA  MARIA DE LURDES,7pkd3
TRAVESSA  MARIA DO CARMO,7pkd
TRAVESSA  MARIA GOMES DE SA,7pkd3
TRAVESSA  MARIA JOSÉ,7pkd
TRAVESSA  MARIA JOSÉ GOMES,7pkd
TRAVESSA  MARIA LUIZA,7pkd
TRAVESSA  MARIA NUBIA QUEIROZ,7pkd3
TRAVESSA  MARIA RODRIGUES,7pkd
TRAVESSA  MARIA SARAIVA,7pkd
TRAVESSA  MARIA VIEIRA,7pkd
TRAVESSA  MARIANO,7pkd3
TRAVESSA  MARIANO JURANDIR,7pk
TRAVESSA  MARIO BIANCHI,7pkd
TRAVESSA  MARIO FILHO,7pkd3
TRAVESSA  MARIPA,7pkd3
TRAVESSA  MARLON,7pkd
TRAVESSA  MARLY BESSA,7pkd3
TRAVESSA  MARROCOS,7pkd
TRAVESSA  MARTA ROCHA,7pkd
TRAVESSA  MARTAN,7pkd
TRAVESSA  MARTINHO,7pkd
TRAVESSA  MARTINIANO BARBOSA,7pkd
TRAVESSA  MARTINS CARVALHO,7pkd3
TRAVESSA  MARTINS DE CARVALHO (GRANJA LISBOA),7pkd
TRAVESSA  MARTINS DE LIMA,7pkd
TRAVESSA  MATOS VASCONCELOS,7pkdd
TRAVESSA  MATOSO,7pkd
TRAVESSA  MAURITI,7pkdd
TRAVESSA  MAUSOLEU,7pkd3
TRAVESSA  MAVIGNIER,7pkd
TRAVESSA  MEDEIROS,7pkdd
TRAVESSA  MEDELLIN,7pkd
TRAVESSA  MEI MEI,7pkd
TRAVESSA  MELUSA,7pkd
TRAVESSA  MENDES PIMENTEL,7pkd
TRAVESSA  MENDONCA,7pkd
TRAVESSA  MENINO JESUS (PARQUE ARACAPE),7pkd
TRAVESSA  MENINO JESUS (PARQUE SANTA MARIA),7pkd
TRAVESSA  MENOR JERONIMO,7pkd
TRAVESSA  MESQUITA,7pkd
TRAVESSA  MICHELANGELO,7pkd
TRAVESSA  MICHELE,7pkd
TRAVESSA  MIGUEL GONCALVES,7pkdd
TRAVESSA  MIGUEL GUIMARÃES,7pkd
TRAVESSA  MIGUEL NETO,7pkd3
TRAVESSA  MILANO,7pkd
TRAVESSA  MILITAR,7pkdd
TRAVESSA  MILTON CESAR,7pkdd
TRAVESSA  MINEIRO,7pkdd
TRAVESSA  MINERVA (HENRIQUE JORGE),7pkdd
TRAVESSA  MINERVA (ITAOCA),7pkdd
TRAVESSA  MIRA LUZ,7pkd
TRAVESSA  MIRAI,7pkd
TRAVESSA  MIRIAN,7pkd
TRAVESSA  MIRIM,7pkd
TRAVESSA  MOACIR,7pkd
TRAVESSA  MOACIR (BARRA DO CEARÁ),7pkd
TRAVESSA  MOEMA,7pkd3
TRAVESSA  MONDUBIM,7pkd
TRAVESSA  MONICA,7pkd
TRAVESSA  MONTALVÂNIA,7pkd
TRAVESSA  MONTE CLARO,7pkdd
TRAVESSA  MONTE PASCOAL,7pkd3
TRAVESSA  MONTE SINAIS,7pkd
TRAVESSA  MONTE VERDE,7pkd 7pkdd
TRAVESSA  MONTEIRO DE AGUIAR,7pkd
TRAVESSA  MONTEIRO LOBATO,7pkd
TRAVESSA  MONTENEGRO,7pkd
TRAVESSA  MOREIRA GOMES,7pkd
TRAVESSA  MORIENSE,7pkd
TRAVESSA  MORRO BRANCO (BARRA DO CEARÁ),7pkd
TRAVESSA  MORRO BRANCO(BARRA DO CEARÁ),7pkd
TRAVESSA  MOSSORO,7pkd
TRAVESSA  MOTA,7pkd
TRAVESSA  MOTA CAMBRAIA,7pkd
TRAVESSA  MOTA CAMBRAIA II,7pkd
TRAVESSA  MOTA MACHADO,7pkd
TRAVESSA  MOURA MATOS,7pkd
TRAVESSA  MUNDIAL,7pkd
TRAVESSA  MURILO BORGES,7pkd
TRAVESSA  MURITIBA,7pkd
TRAVESSA  MUSTANG,7pkd
TRAVESSA  MÁRIO BARCELOS,7pkd
TRAVESSA  NATALIA MONTEIRO,7pkd
TRAVESSA  NAZARÉ,7pkd3
TRAVESSA  NELSON MACHADO,7pkd
TRAVESSA  NELSON PIQUET,7pkd
TRAVESSA  NENEM ARRUDA,7pkd
TRAVESSA  NICODEMOS,7pkd3
TRAVESSA  NICODEMOS (PICI),7pkdd
TRAVESSA  NICOLAU COELHO,7pkd
TRAVESSA  NILDO ALMEIDA,7pkd
TRAVESSA  NILTON PAIVA,7pkd
TRAVESSA  NOEL ROSA,7pkd3
TRAVESSA  NOGUEIRA ACIÓLI,7pkd
TRAVESSA  NONATO FARIAS (PAUPINA),7pkd
TRAVESSA  NOSSA SENHORA APARECIDA,7pkd
TRAVESSA  NOSSA SENHORA DA CONCEICAO,7pkd
TRAVESSA  NOSSA SENHORA DAS GRAÇAS,7pkd
TRAVESSA  NOSSA SENHORA DE FATIMA (GENIBAÚ),7pkd
TRAVESSA  NOSSA SENHORA DE FATIMA (GRANJA PORTUGAL),7pkd3
TRAVESSA  NOSSA SENHORA DO CONSOLO,7pkd
TRAVESSA  NOSSA SRA APARECIDA,7pkdd
TRAVESSA  NOTREDAME,7pkd
TRAVESSA  NOVA,7pkd
TRAVESSA  NOVA AURORA,7pkd3
TRAVESSA  NOVA BRASÍLIA,7pkd
TRAVESSA  NOVA CONQUISTA,7pkd
TRAVESSA  NOVA CONQUISTA (BOM JARDIM),7pkd3
TRAVESSA  NOVA CONQUISTA (GRANJA LISBOA),7pkd 7pkd3
TRAVESSA  NOVA CONQUISTA I,7pkd3
TRAVESSA  NOVA CONQUISTA II,7pkd3
TRAVESSA  NOVA CONQUISTA III,7pkd3
TRAVESSA  NOVA ESPERANCA (ANCURI),7pkd
TRAVESSA  NOVA ESPERANÇA,7pkd
TRAVESSA  NOVA FRIBURGO (BOM JARDIM),7pkd3
TRAVESSA  NOVA FRIBURGO (SIQUEIRA),7pkd3
TRAVESSA  NOVA LIMA,7pkd
TRAVESSA  NOVA NATIVIDADE,7pkd
TRAVESSA  NOVA REPÚBLICA,7pkd
TRAVESSA  NOVA RUSSAS,7pkdd
TRAVESSA  NOVA VENEZA,7pkd
TRAVESSA  NOVO HORIZONTE (ANCURI),7pkd
TRAVESSA  NOVO HORIZONTE (PLANALTO AYRTON SENNA),7pkd
TRAVESSA  NUNES FEIJÓ,7pkd
TRAVESSA  NUNES FERREIRA,7pkd
TRAVESSA  NUNES VALENTE,7pkd
TRAVESSA  ODILIO FILHO,7pkd
TRAVESSA  ODILON GUIMARÃES,7pkd
TRAVESSA  OLARIA,7pkd
TRAVESSA  OLEGARIO,7pkd
TRAVESSA  OLHO DAGUA,7pkd
TRAVESSA  OLICAL,7pkd
TRAVESSA  OLIVEIRA CHAVES,7pkd
TRAVESSA  OLIVEIRA FILHO,7pkd
TRAVESSA  OLIVEIRA FILHO I,7pkd
TRAVESSA  OLIVEIRA SOBRINHO (GRANJA PORTUGAL),7pkd3
TRAVESSA  OLÍMPIO PAIVA,7pkd
TRAVESSA  OMAR CARDOSO (BARRA DO CEARÁ),7pkd
TRAVESSA  OMAR CARDOSO(BARRA DO CEARÁ),7pkd
TRAVESSA  ORIENTE,7pkd
TRAVESSA  OSAKA,7pkd
TRAVESSA  OSCAR FRANCA (BOM JARDIM),7pkd3
TRAVESSA  OSMUNDO CAVALCANTE,7pkd
TRAVESSA  OSORIO CORREIA,7pkd
TRAVESSA  OSORIO DE PAIVA II,7pkdd
TRAVESSA  OSWALDO ARANHA,7pkd
TRAVESSA  OTACÍLIO AMARAL,7pkdd
TRAVESSA  OZETE FILOMENO,7pkd
TRAVESSA  P,7pkd
TRAVESSA  PACATA,7pkd
TRAVESSA  PACHECO,7pkd
TRAVESSA  PALMA (MESSEJANA),7pkd
TRAVESSA  PALMARES,7pkd3
TRAVESSA  PALMARIOS,7pkd
TRAVESSA  PALMEIRAS (CANINDEZINHO),7pkd3
TRAVESSA  PALMIRIM,7pkd
TRAVESSA  PAMPLONA,7pkd3
TRAVESSA  PANAMA,7pkdd
TRAVESSA  PANTANAL,7pkdd
TRAVESSA  PAPI JÚNIOR,7pkdd
TRAVESSA  PARA (PICI),7pkdd
TRAVESSA  PARACURU,7pkd
TRAVESSA  PARAGUACU,7pkd
TRAVESSA  PARAIBANO,7pkd
TRAVESSA  PARAISO (PICI),7pkdd
TRAVESSA  PARAJURU,7pkd
TRAVESSA  PARANA (BELA VISTA),7pkdd
TRAVESSA  PARANA (PAN AMERICANO),7pkdd
TRAVESSA  PARANAGUA,7pkd3
TRAVESSA  PARAÍSO (BARROSO),7pkd
TRAVESSA  PARIS,7pkd
TRAVESSA  PARQUELÂNDIA,7pkdd
TRAVESSA  PARÁ,7pkd
TRAVESSA  PASTEUR,7pkd
TRAVESSA  PASTOR,7pkd
TRAVESSA  PASTOR JOAO BEZERRA,7pkd
TRAVESSA  PATROCINIO,7pkdd
TRAVESSA  PATROCINIO (CENTRO),7pkd
TRAVESSA  PATRÍCIA,7pkd
TRAVESSA  PAULA RODRIGUES,7pkdd
TRAVESSA  PAULICEIA,7pkdd
TRAVESSA  PAULO ARAGAO (BARRA DO CEARÁ),7pkd
TRAVESSA  PAULO ARAÚJO,7pkd
TRAVESSA  PAULO CRISPIM,7pkd
TRAVESSA  PAULO MENDONCA,7pkd
TRAVESSA  PAULO RIBEIRO,7pkd
TRAVESSA  PAULO SEXTO,7pkd
TRAVESSA  PAULO VITOR MENEZES,7pkd
TRAVESSA  PAZ,7pkd
TRAVESSA  PEDESTRE A,7pkd
TRAVESSA  PEDESTRE E,7pkd
TRAVESSA  PEDESTRE VI,7pkd3
TRAVESSA  PEDESTRE XIII,7pkd3
TRAVESSA  PEDRA LINDA,7pkd
TRAVESSA  PEDRO AGUIAR,7pkd
TRAVESSA  PEDRO CABRAL,7pkd
TRAVESSA  PEDRO CAMELO (JANGURUSSU),7pkd
TRAVESSA  PEDRO DE ARAUJO,7pkdd
TRAVESSA  PEDRO LOPES,7pkd
TRAVESSA  PELICANO,7pkd
TRAVESSA  PELOTAS,7pkd
TRAVESSA  PEQUENA,7pkd
TRAVESSA  PEQUENO ANDRE,7pkd
TRAVESSA  PEQUIM,7pkd
TRAVESSA  PERDIGÃO,7pkd
TRAVESSA  PERDIGÃO DE OLIVEIRA,7pkdd
TRAVESSA  PEREIRA DE SOUZA,7pkd
TRAVESSA  PERIMETRAL,7pkd3
TRAVESSA  PERLA,7pkd3
TRAVESSA  PERU,7pkd
TRAVESSA  PESSOA,7pkd
TRAVESSA  PIAUÍ,7pkdd
TRAVESSA  PICI,7pkdd
TRAVESSA  PIERRE LUZ,7pkd
TRAVESSA  PILOTO,7pkd
TRAVESSA  PINTO BANDEIRA,7pkd
TRAVESSA  PINTO MARTINS,7pkd
TRAVESSA  PIRAI (QUINTINO CUNHA),7pkd
TRAVESSA  PIRAPORA,7pkd
TRAVESSA  PITANGA,7pkd
TRAVESSA  PLANALTINA,7pkd
TRAVESSA  POENTE,7pkd
TRAVESSA  POMPEU,7pkd
TRAVESSA  POMPÉIA,7pkd
TRAVESSA  PONTA MAR,7pkd
TRAVESSA  POPULAR,7pkd
TRAVESSA  POR DO SOL,7pkd
TRAVESSA  PORTELANDIA,7pkd
TRAVESSA  PORTO DAS ROSAS (GENIBAÚ),7pkd
TRAVESSA  PORTO DAS ROSAS (VICENTE PINZON),7pkd
TRAVESSA  PORTO SEGURO (JANGURUSSU),7pkd
TRAVESSA  PORTO SEGURO (PARQUE PRESIDENTE VARGAS),7pkd
TRAVESSA  PORTO VELHO,7pkd
TRAVESSA  PORTO VELHO (HENRIQUE JORGE),7pkdd
TRAVESSA  POTIGUAR,7pkd
TRAVESSA  POTIGUARAS,7pkd
TRAVESSA  POTIRA,7pkd
TRAVESSA  PRAIEIRA,7pkd
TRAVESSA  PRECABURA,7pkd
TRAVESSA  PRIMEIRO DE ABRIL,7pkd
TRAVESSA  PRIMEIRO DE AGOSTO,7pkdd
TRAVESSA  PROFETA IZAIAS,7pkd
TRAVESSA  PROGRESSO,7pkd
TRAVESSA  PRUDENTE DE MORAIS,7pkdd
TRAVESSA  QUATORZE DO CONJUNTO HABITACIONAL SÃO CRISTOVÃO,7pkd
TRAVESSA  QUATRO IRMAOS,7pkd
TRAVESSA  QUEFLEX,7pkd
TRAVESSA  QUEIRÓZ RIBEIRO,7pkdd
TRAVESSA  QUEZADA,7pkd
TRAVESSA  QUINTINO CUNHA,7pkdd
TRAVESSA  QUINZE DE JAU,7pkd
TRAVESSA  QUIXADÁ,7pkd
TRAVESSA  RAIMUNDO ARRUDA,7pkdd
TRAVESSA  RAIMUNDO DEUSDETE,7pkd
TRAVESSA  RAIMUNDO FELIX,7pkd
TRAVESSA  RAIMUNDO JÚNIOR,7pkd
TRAVESSA  RAIMUNDO LOPES,7pkdd
TRAVESSA  RAIMUNDO MACIEL,7pkd
TRAVESSA  RAIMUNDO NERI,7pkd3
TRAVESSA  RAIMUNDO PINHEIRO,7pkd3
TRAVESSA  RAIMUNDO ROCHA,7pkdd
TRAVESSA  RAIMUNDO VENTURA,7pkdd
TRAVESSA  RAQUEL FLORENCIO (LAGOA REDONDA),7pkd
TRAVESSA  RAUL BARBOSA,7pkd
TRAVESSA  REGENTE,7pkd
TRAVESSA  REGINA CÉLIA (JANGURUSSU),7pkd
TRAVESSA  REGIONAL,7pkd
TRAVESSA  REJANE,7pkd3
TRAVESSA  REJANE (MANOEL SÁTIRO),7pkd3
TRAVESSA  RIACHUELO,7pkd
TRAVESSA  RIACHUELO (ÁLVARO WEYNE),7pkd
TRAVESSA  RINCÃO,7pkd
TRAVESSA  RIO BRANCO (HENRIQUE JORGE),7pkd
TRAVESSA  RIO CLARO,7pkd
TRAVESSA  RIO DA PRATA,7pkd
TRAVESSA  RIO DE JANEIRO,7pkd
TRAVESSA  RIO DE JANEIRO (PASSARÉ),7pkd
TRAVESSA  RIO GRANDE DO SUL,7pkdd
TRAVESSA  RIO JORDAO,7pkd
TRAVESSA  RIO MADEIRA (FLORESTA),7pkd
TRAVESSA  RIO MADEIRA(FLORESTA),7pkd
TRAVESSA  RIO SOLIMÔES,7pkd
TRAVESSA  RITA DE CASSIA,7pkd
TRAVESSA  RIVANIA,7pkd
TRAVESSA  ROCHA POMBO,7pkd
TRAVESSA  RODOLFO BORGES,7pkd
TRAVESSA  RODRIGUES ALVES,7pkd3
TRAVESSA  RODRIGUES HOMERO,7pkd3
TRAVESSA  ROMOALDO ARPI FILHO,7pkd
TRAVESSA  RONALDINHO,7pkd
TRAVESSA  ROSA DE MATOSO,7pkd
TRAVESSA  ROSA MARIA (JANGURUSSU),7pkd
TRAVESSA  ROSALI,7pkdd
TRAVESSA  ROSALINA,7pkd
TRAVESSA  ROSANGELA,7pkd3
TRAVESSA  ROSENO,7pkd
TRAVESSA  ROSENO LOPES,7pkd
TRAVESSA  ROSIMEIRE,7pkd
TRAVESSA  ROSINHA,7pkd
TRAVESSA  ROSITA,7pkd
TRAVESSA  ROSSINI,7pkd
TRAVESSA  RUBENS DA SILVA,7pkd
TRAVESSA  RUBENS TELES,7pkd
TRAVESSA  RUI MONTE,7pkd
TRAVESSA  Rubens Monte,7pkd
TRAVESSA  SABINO BATISTA,7pkd
TRAVESSA  SAGRES,7pkd
TRAVESSA  SALAZAR,7pkd
TRAVESSA  SALGADINHO,7pkd
TRAVESSA  SALVADOR MENDONCA,7pkd
TRAVESSA  SAMIA,7pkd
TRAVESSA  SAMUEL,7pkd
TRAVESSA  SANDRA REGINA CAVALCANTE,7pkd3
TRAVESSA  SANGATI,7pkd
TRAVESSA  SANTA FE,7pkd
TRAVESSA  SANTANA,7pkd
TRAVESSA  SANTANA (PARQUE SANTA MARIA),7pkd
TRAVESSA  SANTANA (PICI),7pkdd
TRAVESSA  SANTIAGO,7pkdd
TRAVESSA  SAO JOAO,7pkd3
TRAVESSA  SAPORÉ,7pkd
TRAVESSA  SAPUCAI,7pkd3
TRAVESSA  SAPUPARA,7pkd3
TRAVESSA  SARA SARAIVA ROCHA,7pkd
TRAVESSA  SAUDADE I,7pkd
TRAVESSA  SDO 13 (LOT. ITAMBE),7pkd
TRAVESSA  SEFARA,7pkd
TRAVESSA  SEGUA,7pkd
TRAVESSA  SELETA,7pkd
TRAVESSA  SEMPREVIVA,7pkd
TRAVESSA  SENA,7pkd
TRAVESSA  SENHORINHA SARAIVA,7pkd
TRAVESSA  SERES,7pkd
TRAVESSA  SERVILHA,7pkd
TRAVESSA  SETE,7pkd
TRAVESSA  SETEMBRINA,7pkd3
TRAVESSA  SETUBAL,7pkd
TRAVESSA  SEVANTE,7pkd
TRAVESSA  SEVERA ROMANA,7pkd
TRAVESSA  SIDRIÃO,7pkd
TRAVESSA  SILMAR,7pkd
TRAVESSA  SILVA DO CARMO,7pkd
TRAVESSA  SIMAO SANTOS,7pkd
TRAVESSA  SIMEÃO,7pkd
TRAVESSA  SIMÃO,7pkd
TRAVESSA  SINUOSA,7pkdd
TRAVESSA  SIQUEIRA,7pkd3
TRAVESSA  SITIO PARAISO,7pkd
TRAVESSA  SITIOZINHO,7pkd
TRAVESSA  SOARES BULCAO,7pkd
TRAVESSA  SOARES MOTA,7pkd
TRAVESSA  SOBRAL,7pkd
TRAVESSA  SOCIAL,7pkd
TRAVESSA  SOL NASCENTE,7pkd
TRAVESSA  SOLANGE,7pkd
TRAVESSA  SOLIMAR,7pkd
TRAVESSA  SOLONOPOLIS,7pkdd
TRAVESSA  SORIANO ALBUQUERQUE,7pkd
TRAVESSA  SOROCABA,7pkdd
TRAVESSA  SOSSEGO (BARRA DO CEARÁ),7pkd
TRAVESSA  SOSSEGO (CURIÓ),7pkd
TRAVESSA  SOUSA PINTO,7pkd
TRAVESSA  SUCUPIRA,7pkd
TRAVESSA  SUSANA,7pkd
TRAVESSA  SÃO CARLOS (BONSUCESSO),7pkd3
TRAVESSA  SÃO CARLOS (SERRINHA),7pkd
TRAVESSA  SÃO NICOLAU,7pkd
TRAVESSA  SÔNIA MARIA,7pkdd
TRAVESSA  TABAIBA,7pkd
TRAVESSA  TABEBUIA,7pkd
TRAVESSA  TABULEIRO DO NORTE,7pkdd
TRAVESSA  TACIANA MARTINS,7pkd
TRAVESSA  TAMIRAMA,7pkd3
TRAVESSA  TAMOIO,7pkdd
TRAVESSA  TANCREDO NEVES,7pkd3
TRAVESSA  TANCREDO NEVES (CJ PLAN PICI),7pkdd
TRAVESSA  TANQUES,7pkd
TRAVESSA  TAPINARE,7pkd3
TRAVESSA  TATIRA,7pkd3
TRAVESSA  TATUI,7pkd
TRAVESSA  TAVARES,7pkd
TRAVESSA  TAVEIRA,7pkd3
TRAVESSA  TELES DE SOUZA,7pkdd
TRAVESSA  TEODOMIRO DE CASTRO,7pkd
TRAVESSA  TEODORO CABRAL,7pkd
TRAVESSA  TERRA DOS SANTOS,7pkd
TRAVESSA  TESSÁLIA,7pkd
TRAVESSA  TEXAS,7pkd
TRAVESSA  TIAGO,7pkdd
TRAVESSA  TIANGUÁ,7pkd
TRAVESSA  TIBIRIÇÁ,7pkdd
TRAVESSA  TININHA,7pkd
TRAVESSA  TIRADENTES,7pkd
TRAVESSA  TOCANTINS,7pkd
TRAVESSA  TOMAS CAMPELO,7pkd
TRAVESSA  TOMAS RODRIGUES,7pkd
TRAVESSA  TOMAZ RODRIGUES,7pkd
TRAVESSA  TOMÁS ILDEFONSO,7pkd
TRAVESSA  TRAJANO DE MEDEIROS,7pkd
TRAVESSA  TRES (QUINTINO CUNHA),7pkd
TRAVESSA  TRES MARIAS,7pkd3
TRAVESSA  TRES PANTERAS,7pkd
TRAVESSA  TREZE DO CONJUNTO HABITACIONAL SÃO CRISTOVÃO,7pkd
TRAVESSA  TRIANO,7pkdd
TRAVESSA  TRINTA DE ABRIL,7pkd
TRAVESSA  TUBIACANGA,7pkd
TRAVESSA  TUCANO,7pkd
TRAVESSA  TULIPAS NEGRAS,7pkd
TRAVESSA  UBAJARA,7pkdd
TRAVESSA  UBERABA,7pkdd
TRAVESSA  UCRANIA,7pkd
TRAVESSA  UIRAPURU,7pkd
TRAVESSA  UM (GRANJA PORTUGAL),7pkd
TRAVESSA  UM (QUINTINO CUNHA),7pkd
TRAVESSA  UMUARAMA,7pkd
TRAVESSA  UNIAO,7pkd
TRAVESSA  URANA,7pkd
TRAVESSA  URUGUAIANA,7pkdd
TRAVESSA  URÂNIO,7pkd
TRAVESSA  V,7pkd3
TRAVESSA  VAGÃO,7pkd
TRAVESSA  VALADO,7pkd
TRAVESSA  VALDIR GUEDES,7pkd
TRAVESSA  VALE DAS ROSAS I,7pkd
TRAVESSA  VALE DAS ROSAS II,7pkd
TRAVESSA  VALENCA,7pkd
TRAVESSA  VALVERDE,7pkd3
TRAVESSA  VANA,7pkd
TRAVESSA  VARZEA,7pkd3
TRAVESSA  VARZELANDIA,7pkd3
TRAVESSA  VASCO DA GAMA,7pkd3
TRAVESSA  VASCONCELOS,7pkd
TRAVESSA  VENCESLAU DE SOUZA,7pkd
TRAVESSA  VERA LÚCIA,7pkd
TRAVESSA  VERBENA,7pkd
TRAVESSA  VERDES MARES,7pkd
TRAVESSA  VESUVIO,7pkd
TRAVESSA  VIA FÉRREA SOBRAL,7pkd
TRAVESSA  VIANA DE CARVALHO,7pkd
TRAVESSA  VIANA MARTINS,7pkd
TRAVESSA  VICENTE BRIGIDO,7pkd
TRAVESSA  VICENTE DE AGUIAR,7pkd
TRAVESSA  VICENTE GURGEL,7pkd
TRAVESSA  VICENTE LEITE,7pkd
TRAVESSA  VICENTE LINHARES,7pkd
TRAVESSA  VICENTE PAULINO,7pkd
TRAVESSA  VICENTE SALES,7pkd
TRAVESSA  VICOSA,7pkd
TRAVESSA  VILA AZUL,7pkdd
TRAVESSA  VILA CADETE,7pkd
TRAVESSA  VILA DENISE,7pkd
TRAVESSA  VILA ICARO,7pkd
TRAVESSA  VINTE E CINCO DE AGOSTO,7pkd
TRAVESSA  VIRGILIO TAVORA,7pkd
TRAVESSA  VIRGOLANDIA,7pkd
TRAVESSA  VITALINO,7pkd
TRAVESSA  VITORIA (FLORESTA),7pkd
TRAVESSA  VITORIA DA CONQUISTA,7pkd
TRAVESSA  VITÓRIA,7pkd
TRAVESSA  WAGNER MARINHO,7pkd
TRAVESSA  WAGNER TEIXEIRA,7pkd
TRAVESSA  WALDIR DIOGO,7pkd3
TRAVESSA  WALDIR DIOGO (NOVO MONDUBIM),7pkd3
TRAVESSA  WALTER CAVALCANTE,7pkd3
TRAVESSA  WENDEU SARAIVA,7pkd
TRAVESSA  WESLEY SARAIVA ROCHA,7pkd3
TRAVESSA  XAVIER,7pkd3
TRAVESSA  XIMENES,7pkd3
TRAVESSA  ZACARIAS,7pkd
TRAVESSA  ZACARIAS FLORIANO,7pkd3
TRAVESSA  ZENAIDE MAGALHAES,7pkd
TRAVESSA  ZENIR,7pkd
TRAVESSA  ZENIR VICTOR,7pkd
TRAVESSA  ZEZE DIOGO,7pkd
TRAVESSA  ZICO,7pkd
TRAVESSA  ZORAIDE BARBOSA,7pkd
TRAVESSA  ZULEICA DE ANDRADE,7pkd
TRAVESSA  ZULEICA PONTES,7pkd
TRAVESSA  ZULUCA,7pkd
TRAVESSA  ÁGUIA,7pkd
TRAVESSA  ÁLVARO DE ALENCAR,7pkd
TRAVESSA  ÁLVARO GARRIDO,7pkd
TRAVESSA  ÍMPAR,7pkd
TRAVESSA BRI TORRES,7pkdd
TRAVESSA CAN CARLOS AUGUSTO,7pkd
TRAVESSA CAP AFRANIO,7pkd
TRAVESSA CAP AMERICO MENEZES,7pkd
TRAVESSA CAP ARAGAO (ALTO DA BALANÇA),7pkd
TRAVESSA CAP ARAGÃO,7pkd
TRAVESSA CAP PORFIRIO,7pkd
TRAVESSA CAP VASCONCELOS,7pkd
TRAVESSA CAR ARCO VERDE (MUTIRAO MORRO OURO),7pkd
TRAVESSA CEL ANTÔNIO SAMPAIO,7pkd
TRAVESSA CEL BASTOS,7pk
TRAVESSA CEL GONÇALO,7pkd
TRAVESSA CEL JOAQUIM PONTES,7pkd
TRAVESSA CEL JOSE LINHARES,7pkd
TRAVESSA CEL JOSE MOURA,7pkd
TRAVESSA CEL JOSÉ BEZERRA,7pkd
TRAVESSA CEL JUCA,7pkd
TRAVESSA CEL MATOS DOURADO I,7pkd
TRAVESSA CEL MATOS DOURADO II,7pkdd
TRAVESSA CEL PATRÍCIO,7pkd
TRAVESSA CEL XAVIER,7pkd
TRAVESSA CEL XAVIER CHAVES,7pkd
TRAVESSA COM ACIOLY,7pkd
TRAVESSA COM GARCIA,7pkd3
TRAVESSA CON PENNAFORT,7pkdd
TRAVESSA COS LAFAYETTE,7pkd
TRAVESSA COS QUINDERÉ,7pkd
TRAVESSA DEP JOAQUIM FERREIRA CORREIA,7pkd
TRAVESSA DEP LIBERATO MOACYR DE AGUIAR,7pkd
TRAVESSA DES FELIX CÂNDIDO,7pkdd
TRAVESSA DES MANOEL GADELHA,7pkd
TRAVESSA DES PRAXEDES,7pkdd
TRAVESSA DNA ESTER,7pkdd
TRAVESSA DNA JULIETA GURGEL,7pkd
TRAVESSA DNA RITA,7pkd3
TRAVESSA DNA ROSINHA,7pkdd
TRAVESSA DOM AUBERGIO LOBO,7pkd
TRAVESSA DOM EXPE O,7pkd
TRAVESSA DOM GERONIMO,7pkdd
TRAVESSA DOM HOMERO,7pk
TRAVESSA DOM LOURENÇO,7pkdd
TRAVESSA DOM LUÍS,7pkd
TRAVESSA DOM MANUEL DE MEDEIROS,7pkdd
TRAVESSA DOM MEYER,7pkd
TRAVESSA DOM REGO DE MEDEIROS,7pkdd
TRAVESSA DOM VITAL,7pkdd
TRAVESSA DR ESMERINO PARENTE,7pkd
TRAVESSA DR HUMBERTO RODRIGUES,7pkd
TRAVESSA DR JOAQUIM CITO,7pkd
TRAVESSA DR JOSE BASTOS,7pkd
TRAVESSA DR JOSÉ GUILHARDO,7pkdd
TRAVESSA DR LUÍS ROLIM,7pkd
TRAVESSA DR PIO SARAIVA,7pkd
TRAVESSA DR PROCOPIO,7pkd
TRAVESSA ENG JOAO VALDIR,7pkd
TRAVESSA FIS ASSIS SARAIVA,7pkd
TRAVESSA FRE ALEMAO,7pkd
TRAVESSA FRE DAMIAO,7pkdd
TRAVESSA FRE GASPAR,7pkd
TRAVESSA FRE ODILON,7pkd
TRAVESSA FRE ODILON (ÁLVARO WEYNE),7pkd
TRAVESSA FRE TEOBALDO,7pkd
TRAVESSA GAL CORDEIRO NETO,7pkd
TRAVESSA GAL MUNIZ ARAGAO,7pkd
TRAVESSA GAL OSÓRIO DE PAIVA I,7pkdd
TRAVESSA GOV FAUSTINO,7pkd
TRAVESSA IR DULCE,7pkd3
TRAVESSA IR DULCE (JÓQUEI CLUBE),7pkdd
TRAVESSA MAD SILVA,7pkd3
TRAVESSA MAJ AFRANIO,7pkd
TRAVESSA MAJ ASSIS,7pkd
TRAVESSA MAJ JOSÉ ARAÚJO AGUIAR,7pkd
TRAVESSA MAJ LADISLAU LOURENÇO,7pkd
TRAVESSA MAJ MOREIRA,7pkd
TRAVESSA MAJ VIRGILIO BORBA,7pkd
TRAVESSA MAQ ABRANTES,7pkd
TRAVESSA MON AGOSTINHO,7pkd
TRAVESSA MON AMAURICIO,7pkd
TRAVESSA MON CATÃO,7pkd
TRAVESSA MON HELIO CAMPOS (CRISTO REDENTOR),7pkd
TRAVESSA MON TABOSA,7pkd
TRAVESSA NSA DA PIEDADE,7pkd
TRAVESSA NSA DAS GRAÇAS,7pkd
TRAVESSA NSA DAS MERCES,7pkd
TRAVESSA NSA DE FÁTIMA,7pkd
TRAVESSA NSA DO CARMO,7pkd
TRAVESSA PDE ANTONINO,7pkd
TRAVESSA PDE BARBOSA,7pkd
TRAVESSA PDE CHEVALIER,7pkd
TRAVESSA PDE CICERO (FLORESTA),7pkd
TRAVESSA PDE CICERO (PARQUE SANTA MARIA),7pkd
TRAVESSA PDE CICERO (PICI),7pkdd
TRAVESSA PDE EZEQUIEL,7pkd
TRAVESSA PDE GUERRA,7pkdd
TRAVESSA PDE HAROLDO COELHO,7pkd
TRAVESSA PDE JÓSIMO (GUAJERÚ),7pkd
TRAVESSA PDE LINHARES,7pkd
TRAVESSA PDE MOACIR,7pkd
TRAVESSA PDE MONTEIRO,7pkd
TRAVESSA PRO ALVARO COSTA,7pkd
TRAVESSA PRO COSTA MENDES,7pkdd
TRAVESSA PRO DEMETRIO CARNEIRO,7pkd
TRAVESSA PRO IZAIAS,7pkd
TRAVESSA PRO JOAQUIM NOGUEIRA,7pkd
TRAVESSA PRO JOSE LUIZ,7pkdd
TRAVESSA PRO JUREMA,7pkd
TRAVESSA PRO MIRAMAR DA PONTE,7pkdd
TRAVESSA PRO NOGUEIRA,7pkdd
TRAVESSA PRO ROBERTO DE CARVALHO,7pkd
TRAVESSA PRS COSTA E SILVA,7pkd
TRAVESSA SAO BENEDITO,7pkd3
TRAVESSA SAO BERNARDO,7pkd
TRAVESSA SAO CAMILO,7pkd
TRAVESSA SAO CARLOS (PICI),7pkdd
TRAVESSA SAO CONRADO,7pkd
TRAVESSA SAO DOMINGOS,7pkd
TRAVESSA SAO FIDÉLIX,7pkd
TRAVESSA SAO FRANCISCO,7pk 7pkd
TRAVESSA SAO FRANCISCO (BOM JARDIM),7pkd3
TRAVESSA SAO FRANCISCO (CAJAZEIRAS),7pkd
TRAVESSA SAO FRANCISCO (CANINDEZINHO),7pkd3
TRAVESSA SAO FRANCISCO (FÁTIMA),7pkd
TRAVESSA SAO FRANCISCO (MONDUBIM),7pkd
TRAVESSA SAO FRANCISCO (NOVO MONDUBIM),7pkd
TRAVESSA SAO FRANCISCO (PRESIDENTE KENNEDY),7pkd
TRAVESSA SAO FRANCISCO DAS CHAGAS,7pkd
TRAVESSA SAO FRANCISCO DE CURADARES,7pkd
TRAVESSA SAO GERALDO,7pkd
TRAVESSA SAO GERARDO,7pkd
TRAVESSA SAO GONÇALO,7pkd
TRAVESSA SAO GREGORIO,7pkd
TRAVESSA SAO JANUÁRIO,7pkd
TRAVESSA SAO JERÔNIMO,7pkd
TRAVESSA SAO JOAO (AUTRAN NUNES),7pkd
TRAVESSA SAO JOAO (FÁTIMA),7pkd
TRAVESSA SAO JOAO (GENIBAÚ),7pkd
TRAVESSA SAO JOAO (MONDUBIM),7pkd
TRAVESSA SAO JOAO (PARQUE DOIS IRMÃOS),7pkd
TRAVESSA SAO JOAO (PICI),7pkdd
TRAVESSA SAO JOAO DO OESTE,7pkd
TRAVESSA SAO JOAO SALDANHA,7pkdd
TRAVESSA SAO JORGE (BARRA DO CEARÁ),7pkd
TRAVESSA SAO JORGE (CONJUNTO PANTANAL),7pkd
TRAVESSA SAO JORGE (GENIBAÚ),7pkd
TRAVESSA SAO JORGE (HENRIQUE JORGE),7pkdd
TRAVESSA SAO JORGE (MONDUBIM),7pkd
TRAVESSA SAO JORGE (PADRE ANDRADE),7pkdd
TRAVESSA SAO JORGE (PICI),7pkdd
TRAVESSA SAO JOSE (LAGOA REDONDA),7pkd
TRAVESSA SAO JOSE (MONDUBIM),7pkd
TRAVESSA SAO JOSE (MONTE CASTELO),7pkd
TRAVESSA SAO JOSE (MONTESE),7pkdd
TRAVESSA SAO JOSE (PIRAMBÚ),7pkd
TRAVESSA SAO JOSE (QUINTINO CUNHA),7pkd
TRAVESSA SAO JOSE (SABIAGUABA),7pkd
TRAVESSA SAO JOSÉ,7pkd
TRAVESSA SAO JOSÉ (AEROPORTO),7pkd
TRAVESSA SAO JOSÉ (MESSEJANA),7pkd
TRAVESSA SAO JOÃO (JANGURUSSU),7pkd
TRAVESSA SAO JOÃO BATISTA (ARACAPÉ),7pkd
TRAVESSA SAO JUDAS TADEU,7pkd
TRAVESSA SAO LUCAS,7pkd
TRAVESSA SAO LUIS,7pkdd
TRAVESSA SAO LUIS (PIRAMBÚ),7pkd
TRAVESSA SAO LUIZ,7pkd 7pkdd
TRAVESSA SAO LUIZ DO OESTE,7pkd
TRAVESSA SAO MANUEL,7pkdd
TRAVESSA SAO MARCOS,7pkd
TRAVESSA SAO MARIA HELENI,7pkd
TRAVESSA SAO MATEUS,7pkd
TRAVESSA SAO MATEUS (ANCURI),7pkd
TRAVESSA SAO MIGUEL,7pkd
TRAVESSA SAO PEDRO,7pkd
TRAVESSA SAO PEDRO (BARRA DO CEARÁ),7pkd
TRAVESSA SAO RAIMUNDO,7pkd
TRAVESSA SAO RAIMUNDO (ALTO DA BALANÇA),7pkd
TRAVESSA SAO RAIMUNDO (CANINDEZINHO),7pkd3
TRAVESSA SAO ROQUE,7pkd
TRAVESSA SAO SEBASTIAO,7pkd
TRAVESSA SAO TOMAS CAVALCANTE,7pkd
TRAVESSA SAO TOME,7pkd
TRAVESSA SAO VICENTE (AEROPORTO),7pkd
TRAVESSA SAO VICENTE (SIQUEIRA),7pkd3
TRAVESSA SAO VICENTE DE PAULA,7pkd
TRAVESSA SEN CARLOS JEREISSATI,7pkd
TRAVESSA SEN FERNANDES TAVORA,7pkd
TRAVESSA SEN JAGUARIBE,7pkd
TRAVESSA SEN VIRGÍLIO TÁVORA,7pkd
TRAVESSA SGT DOMINGOS,7pkd
TRAVESSA SGT JOSÉ PINTO,7pkd
TRAVESSA SGT PORTUGAL,7pkd
TRAVESSA STA ANASTACIA,7pkdd
TRAVESSA STA APOLÔNIA,7pkd
TRAVESSA STA BRANCA,7pkd
TRAVESSA STA CARLOTA,7pkd
TRAVESSA STA CATARINA,7pkdd
TRAVESSA STA CLARA (AUTRAN NUNES),7pkd
TRAVESSA STA CLARA (BARRA DO CEARÁ),7pkd
TRAVESSA STA CLARA (BOM JARDIM),7pkd3
TRAVESSA STA CLARA (DEMÓCRITO ROCHA),7pkdd
TRAVESSA STA CLARA (JARDIM AMÉRICA),7pkdd
TRAVESSA STA EDWIRGENS (CJ ESPERANCA III),7pkd3
TRAVESSA STA EFIGÊNIA (GUAJERÚ),7pkd
TRAVESSA STA ELISA,7pkd
TRAVESSA STA FILOMENA,7pkd
TRAVESSA STA HELENA,7pkd3
TRAVESSA STA INES,7pkd
TRAVESSA STA ISABEL,7pkdd
TRAVESSA STA ISABEL (JANGURUSSU),7pkd
TRAVESSA STA JULIA,7pkdd
TRAVESSA STA LUCIA,7pkd
TRAVESSA STA LUZIA (JANGURUSSU),7pkd
TRAVESSA STA LUZIA (SIQUEIRA),7pkd3
TRAVESSA STA LÚCIA,7pkd
TRAVESSA STA MADALENA (JANGURUSSU),7pkd
TRAVESSA STA MARGARIDA,7pkd
TRAVESSA STA MARIA,7pkd
TRAVESSA STA MARIA (OLAVO OLIVEIRA),7pkd
TRAVESSA STA MARIA GORETE,7pkd
TRAVESSA STA MARINA,7pkd
TRAVESSA STA MARTA,7pkdd
TRAVESSA STA QUITERIA,7pkdd
TRAVESSA STA RITA (BOM JARDIM),7pkd3
TRAVESSA STA RITA (CANINDEZINHO),7pkd3
TRAVESSA STA RITA (GENIBAÚ),7pkd
TRAVESSA STA RITA (GUAJERÚ),7pkd
TRAVESSA STA RITA (PAUPINA),7pkd
TRAVESSA STA RITA (QUINTINO CUNHA),7pkd
TRAVESSA STA RITA (SIQUEIRA),7pkd3
TRAVESSA STA RITA(SIQUEIRA),7pkd3
TRAVESSA STA ROSA,7pkdd
TRAVESSA STA ROSA (SÃO JOÃO DO TAUAPE),7pkd
TRAVESSA STA TEREZINHA,7pkd
TRAVESSA STA URSULA,7pkd
TRAVESSA STO AMANCIO,7pkd
TRAVESSA STO ANDRE (PARQUE SÃO JOSÉ),7pkd3
TRAVESSA STO ANDRE (PIRAMBÚ),7pkd
TRAVESSA STO ANTONIO,7pk
TRAVESSA STO ANTONIO (CANINDEZINHO),7pkd3
TRAVESSA STO ANTONIO (CARLITO PAMPLONA),7pkd
TRAVESSA STO ANTONIO (GENIBAÚ),7pkd
TRAVESSA STO ANTONIO (MONDUBIM),7pkd3
TRAVESSA STO EXPEDITO (JANGURUSSU),7pkd
TRAVESSA STO INACIO,7pkd
TRAVESSA STO ONOFRE,7pkd
TRAVESSA TEN FRANCISCO PAIVA,7pkd3
TRAVESSA TEN JAIME ANDRADE,7pkd
TRAVESSA TEN JOSÉ BARREIRA,7pkd
TRAVESSA TEN LOURIVAL DE AGUIAR,7pkd
TRAVESSA TEN MONTEIRO,7pkd
TRAVESSA TEN NICOLAU,7pkd
TRAVESSA TEN QUEIROZ (ANTÔNIO BEZERRA),7pkd
TRAVESSA TEN SOARES SILVA,7pkd
TRAVESSA TIP SALES,7pkdd
TRAVESSA VIS DO ICÓ,7pkd
VIA  ARTERIAL PROJETADA (CD JD GLEBA C),7pkd
VIA  PAISAGÍSTICA DO LOTEAMENTO RESIDENCIAL ITAPERUSSÚ,7pkd
VIA  PROJETADA 4 (RESIDENCIAL COMUNITÁRIO LUIZ GONZAGA),7pkd
VIADUTO  ANTÔNIO BEZERRA,7pkd
VIADUTO  COLETORA (LAGUNA PARK 4),7pkd
VIADUTO  DO CONJUNTO ESPERANCA,7pkd3
VIADUTO  LINCOLN,7pkd
VIADUTO  NEREU RAMOS,7pkd
VIADUTO  PEDESTRE,7pkd
VIADUTO PRO COSTA MENDES,7pkdd
VIADUTO STA GERTRUDES,7pkd
VILA  10 DE JANEIRO,7pkdd
VILA  13 CORACOES,7pkd
VILA  8 IRMAS,7pkd
VILA  ABILIO,7pkd
VILA  ADALBAERTO,7pkd
VILA  ADÉLIA,7pkd
VILA  AGOSTINHO,7pkd
VILA  AILA,7pkd
VILA  ALAMO,7pkd
VILA  ALBATROZ,7pkd
VILA  ALBERTO MONTEZUMA,7pkd
VILA  ALERTA,7pkd
VILA  ALYSSON,7pkd
VILA  AMERICO (JARDIM AMÉRICA),7pkdd
VILA  AMÉRICA,7pkdd
VILA  ANA CAROLINA,7pkdd
VILA  ANGELICA,7pkd
VILA  ANGELINO,7pkdd
VILA  ANGELITA,7pkd
VILA  ANTONIETA,7pkd
VILA  ANTONIO BARBOSA,7pkd
VILA  ANTONIO PITA,7pkd
VILA  ANTONIO ROLA,7pkd
VILA  ANTÔNIO FERNANDES,7pkd
VILA  ARAGAO,7pkd
VILA  ARCOS DE VALDEVEZ,7pkd
VILA  ARTEIRO,7pkd
VILA  ARTUR,7pkd
VILA  ARTUR SILVEIRA,7pkd
VILA  ASSIS,7pkd
VILA  ASSIS II,7pkd
VILA  AURINA,7pkd
VILA  AZUL,7pkd
VILA  BACHA (MEIRELES),7pkd
VILA  BACHÁ,7pkd
VILA  BALTA,7pkd
VILA  BANGÚ,7pkd
VILA  BARBOSA,7pkdd
VILA  BARBOSA DE FREITAS,7pkd
VILA  BAVIELA,7pkd3
VILA  BEATRIZ,7pkd 7pkdd
VILA  BEATRIZ SIQUEIRA,7pkd
VILA  BECO NOVO,7pkd
VILA  BENICIO,7pkd
VILA  BENIGNO,7pkd
VILA  BERTOLO,7pkdd
VILA  BETEL,7pkd
VILA  BEZERRA,7pkd
VILA  BONFIM,7pkd
VILA  BRUNO,7pkd
VILA  CADETE,7pkd
VILA  CAMOES,7pkd
VILA  CAMPOS,7pkd
VILA  CANUTO,7pkd
VILA  CAPISTRANO,7pkdd
VILA  CARDOSO,7pkdd
VILA  CARLOS,7pkd
VILA  CARNEIRO,7pkd
VILA  CEARÁ,7pkd
VILA  CESAR CALS,7pkd
VILA  CHINESA,7pkd
VILA  CINEZIO,7pkd
VILA  CLAUDEIR,7pkd
VILA  CLAUDIO REGIS,7pkd
VILA  CLOVIS MAIA,7pkd
VILA  COLOMBO,7pkdd
VILA  CORAÇÃO DE JESUS,7pkdd
VILA  CORDEIRO,7pkd
VILA  CORTEZ,7pkd
VILA  COSTA,7pkdd
VILA  CRISTO REI,7pkd
VILA  DA LUZ,7pkd
VILA  DALIA,7pkd
VILA  DAS MULHERES,7pkd
VILA  DAS VIRGENS,7pkd
VILA  DEL MAR,7pkd
VILA  DEMÉTRIO,7pkd
VILA  DIMAS (DIAS MACÊDO),7pkd
VILA  DIMAS (JARDIM IRACEMA),7pkd
VILA  DIOGO,7pkd
VILA  DO FONSECA,7pkdd
VILA  DO OPERÁRIO,7pkd3
VILA  DO SOL,7pkd
VILA  DOLORES,7pkd
VILA  DUARTE,7pkd
VILA  EDSON,7pkd
VILA  ELIENITA,7pkd
VILA  EMÍLIA,7pkd
VILA  ERNESTINA,7pkd
VILA  EVA (EDSON QUEIROZ),7pkd
VILA  EVA (GRANJA LISBOA),7pkd
VILA  EVALIA,7pkd
VILA  FATIMA,7pkd
VILA  FEIJO,7pkd
VILA  FELIZ (AEROPORTO),7pkd
VILA  FLAMISTA (MONTESE),7pkdd
VILA  FLORIANOPOLIS,7pkd
VILA  FORTALEZA,7pkd
VILA  FRANCISCO BIZARRA,7pkd
VILA  FRANCISCO DE ASSIS (SÃO JOÃO DO TAUAPE),7pkd
VILA  FRANCISCO DE ASSIS (ÁLVARO WEYNE),7pkd
VILA  FRANCISCO GERARDO,7pkdd
VILA  FREIRE,7pkd
VILA  GALENO,7pkd
VILA  GALILEIA,7pkd3
VILA  GEMA GEOVANA,7pkd
VILA  GOMES,7pkd
VILA  GRAZIELA,7pkd
VILA  GREGA,7pkd3
VILA  GUERREIRO,7pkd
VILA  GUSTAVO SAMPAIO,7pkd
VILA  GUTEMBERG,7pkd
VILA  HELENA,7pkdd
VILA  HELIO,7pkd
VILA  HERCULANO,7pkd
VILA  HOLANDA,7pkd
VILA  HOLANDESA,7pkd
VILA  IMACULADA CONCEICAO,7pkd
VILA  INTEGRAL,7pkd
VILA  IRIS,7pkd
VILA  ITAMARACA,7pkd
VILA  ITATAIA,7pkd
VILA  IVONE,7pkd
VILA  JACIRA,7pkd
VILA  JACUTINGA,7pkd
VILA  JAGUAR,7pkd
VILA  JAGUARIBE,7pkd
VILA  JOAIMA,7pkd
VILA  JOANA,7pkd
VILA  JOAO FURTADO DE MACEDO,7pkdd
VILA  JOAO XXIII,7pkdd
VILA  JOSE,7pkd
VILA  JOSE ALVES CARVALHO,7pkd
VILA  JOSE MARIA FILOMENO,7pkd
VILA  JOSE RAIMUNDO (FARIAS BRITO),7pkd
VILA  JOSÉ CORREIA,7pkd
VILA  JOSÉ TEIXEIRA,7pkd
VILA  JOÃO BARRETO,7pkd
VILA  JULIETA,7pkd
VILA  JULIETA II,7pkd
VILA  JULIO,7pkd
VILA  JUVENIL,7pkd
VILA  KENNEDY,7pkd
VILA  LAERCIO,7pkd3
VILA  LEAO,7pkd
VILA  LENA,7pkd
VILA  LIDUINA (AUTRAN NUNES),7pkd
VILA  LINDOIA,7pkdd
VILA  LINDOLFO FREIRE,7pkd
VILA  LINS,7pkd
VILA  LOPES,7pkd
VILA  LUCIA,7pkd
VILA  LUMINA,7pkdd
VILA  LUZIANE,7pkd
VILA  LUZILANDIA,7pkd
VILA  MACAU,7pkd
VILA  MACIEIRA,7pkd
VILA  MADUREIRA,7pkd
VILA  MAGALHAES (ANTÔNIO BEZERRA),7pkd
VILA  MAGALHAES (MONTESE),7pkdd
VILA  MALHEIROS,7pkd
VILA  MANGUITA,7pkd3
VILA  MANOEL PASSOS,7pkd
VILA  MARCULINO,7pkdd
VILA  MARGARIDA,7pkd
VILA  MARIA (BONSUCESSO),7pkd3
VILA  MARIA (VICENTE PINZON),7pkd
VILA  MARIA DAS GRACAS,7pkd
VILA  MARIA JOSÉ,7pkd
VILA  MARIANA,7pkd
VILA  MARIANO,7pkd
VILA  MARTA,7pkd
VILA  MATEUS,7pkd
VILA  MAXIMIANO,7pkd
VILA  MERCEDES,7pkdd
VILA  MESTRE CARLOS,7pkd
VILA  MILANO,7pkd
VILA  MIRES,7pkd
VILA  MIRIAM,7pkdd
VILA  MITRE,7pkd
VILA  MONACO,7pkd
VILA  MONTE CASTELO,7pkd
VILA  MOTA,7pkd
VILA  MUNICIPAL,7pkd
VILA  MUTIRAO,7pkd
VILA  NADIR,7pkd3
VILA  NAUTILUS,7pkd
VILA  NAZIRA,7pkd
VILA  NESTOR GURGEL,7pkd
VILA  NEUMA,7pkdd
VILA  NILO,7pkd
VILA  NOSSA SENHORA DE FATIMA (JOAQUIM TÁVORA),7pkd
VILA  NOSSA SENHORA DE FÁTIMA,7pkd
VILA  NOSSA SENHORA DE LOURDES,7pkdd
VILA  NOSSA SRA DE FATIMA,7pkdd
VILA  NOVA,7pkd
VILA  ODETE,7pkd
VILA  ODETE (MONTE CASTELO),7pkd
VILA  OESTE,7pkd
VILA  OITIS,7pkd
VILA  OLIVEIRA,7pkd
VILA  ORIENTE,7pkdd
VILA  OSCAR BENEVIDES,7pkd
VILA  PACARAVI,7pkd
VILA  PAI COSTA,7pkd
VILA  PALMEIRA,7pkd
VILA  PALMIRA,7pkd
VILA  PARAIBA,7pkd
VILA  PARANAGUA,7pkd3
VILA  PAULANI,7pkd
VILA  PAULINO MENDONCA,7pkd
VILA  PAULO MENDONCA,7pkd
VILA  PEDESTRE D,7pkd
VILA  PERGENTINA,7pkd
VILA  PINHEIRO,7pkdd
VILA  PIPI,7pkd3
VILA  PIRAGIBE MENDES,7pkd
VILA  PITININGA,7pkdd
VILA  PONTES,7pkd
VILA  PORTELA,7pkd
VILA  PORTELA (PARQUE SÃO JOSÉ),7pkd3
VILA  PRAXEDES,7pkd
VILA  PROGRESSO,7pkdd
VILA  PUMA,7pkdd
VILA  QUINZE DE AGOSTO,7pkd
VILA  RABELO,7pkd
VILA  RACINE,7pkdd
VILA  RAFAEL,7pkd
VILA  RAIMUNDO AMARO,7pkd
VILA  RAIMUNDO MENDES,7pkd
VILA  RAMOS,7pkd
VILA  REAL,7pkd
VILA  REBOUCAS (JOSÉ BONIFÁCIO),7pkd
VILA  REBOUÇAS,7pkd
VILA  REDENTORA,7pkd
VILA  REGINA,7pkd
VILA  RENATA,7pkdd
VILA  REZENDE,7pkd
VILA  RIBEIRO,7pkd
VILA  RITA,7pkdd
VILA  RITA HELENA,7pkd
VILA  ROCILDA,7pkd
VILA  ROMAO BATISTA,7pkd3
VILA  ROMERO,7pkd
VILA  ROSA BRANCA,7pkd
VILA  ROSA PINHEIRO,7pkd
VILA  ROSINHA (BENFICA),7pkd
VILA  ROSINHA (CENTRO),7pkd
VILA  RUFINO COELHO,7pkdd
VILA  SABRINA,7pkd
VILA  SALETE,7pkd
VILA  SANTA CLARA,7pkd
VILA  SANTO REI,7pkd
VILA  SANTOS,7pkd
VILA  SARA,7pkdd
VILA  SENHOR DO BOMFIM,7pkd
VILA  SILVA MONTEIRO,7pkd
VILA  SILVANA,7pkd
VILA  SIMONE,7pkd
VILA  SOMBRA,7pkdd
VILA  SOUSA (BARRA DO CEARÁ),7pkd
VILA  SOUSA (PADRE ANDRADE),7pkd
VILA  SUEIRO,7pkd
VILA  TAIBA,7pkd
VILA  TAMBAU,7pkd
VILA  TAVARES,7pkd
VILA  TEIXEIRA,7pkd
VILA  TERESINHA,7pkdd
VILA  TEREZINHA,7pkd
VILA  TEREZINHA DE JESUS,7pkd
VILA  THELMA MARIA,7pkdd
VILA  TIBÚRCIO FROTA,7pkd
VILA  TIJUCA (BENFICA),7pkd
VILA  TORONTO,7pkd
VILA  TULAO,7pkd
VILA  VALDIVIA,7pkd
VILA  VALENCA,7pkd
VILA  VALÊNCIA,7pkd
VILA  VASCONCELOS,7pkd 7pkdd
VILA  VENEZA,7pkd
VILA  VERA LÚCIA,7pkd
VILA  VERÔNICA,7pkd3
VILA  VIANA (BELA VISTA),7pkdd
VILA  VIANA (CARLITO PAMPLONA),7pkd
VILA  VIDAL,7pkd
VILA  VIRGINIA,7pkdd
VILA  VIRGINIA (SERRINHA),7pkdd
VILA  VIRGÍNIA MARIA,7pkd
VILA  VITORIA,7pkd
VILA  VÂNIA,7pkd
VILA  WILMA,7pkd
VILA  ZACARIAS GONDIM,7pkdd
VILA  ZE NOBRE,7pkd
VILA  ZILDA,7pkdd
VILA  ÁUREA,7pkd
VILA BAR DE CAMOCIM,7pkd
VILA CEL JOAQUIM DE PAULA,7pkd
VILA DNA AMÉLIA (MESSEJANA),7pkd
VILA DNA IRENE (MESSEJANA),7pkd
VILA DR ALENCAR,7pkd
VILA DR ATUALPA,7pkd
VILA MAJ JOAO MACHADO,7pkd
VILA PDE CICERO,7pkdd
VILA PDE GONÇALVES (MESSEJANA),7pkd
VILA PDE MAXIMILIANO,7pkdd
VILA PRO GONÇALVES DOS SANTOS,7pkd
VILA PRO LINO ENCARNACAO,7pkdd
VILA SAO BENEDITO,7pkd
VILA SAO FRANCISCO,7pkd3 7pkdd
VILA SAO FRANCISCO (BOA VISTA),7pkd
VILA SAO FRANCISCO (MESSEJANA),7pkd
VILA SAO JOAO,7pkd
VILA SAO JOSE (ITAOCA),7pkdd
VILA SAO JUDAS TADEU,7pkd
VILA SAO LUDOVICO,7pkd
VILA SAO LUIZ,7pkd
VILA SAO MIGUEL,7pkd
VILA SAO PAULO (BOA VISTA),7pkd
VILA SAO PAULO (BONSUCESSO),7pkd
VILA SAO PEDRO,7pkd
VILA SAO RAIMUNDO,7pkd
VILA SRO DO BONFIM,7pkd
VILA STA ANA,7pkd
VILA STA BARBARA,7pkd
VILA STA CECILIA,7pkd 7pkdd
VILA STA ELIZA,7pkd
VILA STA ESTELA,7pkdd
VILA STA FE (RODOLFO TEÓFILO),7pkdd
VILA STA FÉ,7pkdd
VILA STA INES,7pkdd
VILA STA LUZIA,7pkd
VILA STA LÚCIA,7pkdd
VILA STA RITA (JOSÉ BONIFÁCIO),7pkd
VILA STA TEREZINHA,7pkd3
VILA STO AGIMIRO,7pkd
VILA STO ANTONIO (ÁLVARO WEYNE),7pkd
VILA STO EXPE O,7pkdd
VILA TEN LISBOA,7pkd
,7pkd
