{"type": "FeatureCollection", "features": [
{"type": "Feature", "geometry": {"type": "Polygon", "coordinates": [[[-48.057314, -15.915733], [-48.057332, -15.915679], [-48.057292, -15.915666], [-48.057284, -15.915664], [-48.057266, -15.915717], [-48.057292, -15.915726], [-48.057314, -15.915733]]]}, "properties": {}},
{"type": "Feature", "geometry": {"type": "Polygon", "coordinates": [[[-48.059233, -15.917314], [-48.059207, -15.917306], [-48.059196, -15.91734], [-48.059284, -15.917367], [-48.059294, -15.917339], [-48.059231, -15.91732], [-48.059233, -15.917314]]]}, "properties": {}},
{"type": "Feature", "geometry": {"type": "Polygon", "coordinates": [[[-48.062671, -15.916743], [-48.062611, -15.916724], [-48.0626, -15.916759], [-48.06266, -15.916779], [-48.062671, -15.916743]]]}, "properties": {}},
{"type": "Feature", "geometry": {"type": "Polygon", "coordinates": [[[-48.058821, -15.91859], [-48.05884, -15.918532], [-48.05877, -15.91851], [-48.058754, -15.918557], [-48.05875, -15.918569], [-48.058821, -15.91859]]]}, "properties": {}},
{"type": "Feature", "geometry": {"type": "Polygon", "coordinates": [[[-48.057655, -15.918478], [-48.057654, -15.918479], [-48.057688, -15.918489], [-48.057703, -15.918443], [-48.05768, -15.918437], [-48.057682, -15.918432], [-48.057704, -15.918439], [-48.057723, -15.918381], [-48.057635, -15.918354], [-48.057622, -15.918393], [-48.057601, -15.918462], [-48.057655, -15.918478]]]}, "properties": {}},
{"type": "Feature", "geometry": {"type": "Polygon", "coordinates": [[[-48.060083, -15.915482], [-48.060125, -15.915462], [-48.060127, -15.915461], [-48.060087, -15.915385], [-48.060085, -15.915381], [-48.060019, -15.91541], [-48.060063, -15.915491], [-48.060083, -15.915482]]]}, "properties": {}},
{"type": "Feature", "geometry": {"type": "Polygon", "coordinates": [[[-48.059044, -15.91651], [-48.059071, -15.916423], [-48.059001, -15.916402], [-48.058973, -15.916487], [-48.058972, -15.916488], [-48.059044, -15.91651]]]}, "properties": {}},
{"type": "Feature", "geometry": {"type": "Polygon", "coordinates": [[[-48.057985, -15.916663], [-48.057998, -15.916667], [-48.058076, -15.91669], [-48.058085, -15.91666], [-48.058087, -15.916657], [-48.058094, -15.916635], [-48.058004, -15.916608], [-48.057999, -15.91662], [-48.057985, -15.916663]]]}, "properties": {}},
{"type": "Feature", "geometry": {"type": "Polygon", "coordinates": [[[-48.059919, -15.916471], [-48.059862, -15.916455], [-48.059832, -15.916542], [-48.05989, -15.91656], [-48.059919, -15.916471]]]}, "properties": {}},
{"type": "Feature", "geometry": {"type": "Polygon", "coordinates": [[[-48.058698, -15.917792], [-48.05863, -15.917772], [-48.058607, -15.917845], [-48.058674, -15.917865], [-48.058698, -15.917792]]]}, "properties": {}},
{"type": "Feature", "geometry": {"type": "Polygon", "coordinates": [[[-48.055362, -15.917192], [-48.055269, -15.917163], [-48.055247, -15.917227], [-48.05534, -15.917257], [-48.055362, -15.917192]]]}, "properties": {}},
{"type": "Feature", "geometry": {"type": "Polygon", "coordinates": [[[-48.057759, -15.917147], [-48.05778, -15.917154], [-48.0578, -15.917091], [-48.057743, -15.917073], [-48.057727, -15.917119], [-48.057765, -15.917131], [-48.057759, -15.917147]]]}, "properties": {}},
{"type": "Feature", "geometry": {"type": "Polygon", "coordinates": [[[-48.055046, -15.913807], [-48.055037, -15.913804], [-48.055031, -15.913824], [-48.05515, -15.913861], [-48.055172, -15.913794], [-48.055091, -15.913769], [-48.05508, -15.913808], [-48.055049, -15.913798], [-48.055046, -15.913807]]]}, "properties": {}},
{"type": "Feature", "geometry": {"type": "Polygon", "coordinates": [[[-48.065062, -15.918569], [-48.065065, -15.918558], [-48.065094, -15.918566], [-48.06513, -15.918449], [-48.065144, -15.918405], [-48.065079, -15.918386], [-48.065062, -15.918435], [-48.065023, -15.918558], [-48.065062, -15.918569]]]}, "properties": {}},
{"type": "Feature", "geometry": {"type": "Polygon", "coordinates": [[[-48.062694, -15.917736], [-48.062732, -15.917747], [-48.062739, -15.917723], [-48.062791, -15.917739], [-48.062827, -15.917632], [-48.062736, -15.917605], [-48.062699, -15.917722], [-48.062695, -15.917735], [-48.062694, -15.917736]]]}, "properties": {}},
{"type": "Feature", "geometry": {"type": "Polygon", "coordinates": [[[-48.060898, -15.917491], [-48.060902, -15.91748], [-48.060916, -15.917437], [-48.060827, -15.91741], [-48.060809, -15.917465], [-48.060833, -15.917472], [-48.060898, -15.917491]]]}, "properties": {}},
{"type": "Feature", "geometry": {"type": "Polygon", "coordinates": [[[-48.061279, -15.917451], [-48.061347, -15.917472], [-48.061375, -15.917385], [-48.061277, -15.917355], [-48.061241, -15.917344], [-48.061226, -15.91739], [-48.061293, -15.917411], [-48.061279, -15.917451]]]}, "properties": {}},
{"type": "Feature", "geometry": {"type": "Polygon", "coordinates": [[[-48.060166, -15.919094], [-48.060202, -15.919105], [-48.06022, -15.919048], [-48.060235, -15.919052], [-48.060246, -15.919016], [-48.060156, -15.91899], [-48.060118, -15.919108], [-48.060158, -15.91912], [-48.060166, -15.919094]]]}, "properties": {}},
{"type": "Feature", "geometry": {"type": "Polygon", "coordinates": [[[-48.059659, -15.91902], [-48.059675, -15.918973], [-48.059641, -15.918962], [-48.059608, -15.918952], [-48.059585, -15.918945], [-48.059571, -15.91899], [-48.05957, -15.918993], [-48.059659, -15.91902]]]}, "properties": {}},
{"type": "Feature", "geometry": {"type": "Polygon", "coordinates": [[[-48.059677, -15.918121], [-48.059686, -15.918094], [-48.059597, -15.918066], [-48.059588, -15.918094], [-48.05959, -15.918095], [-48.059677, -15.918121]]]}, "properties": {}},
{"type": "Feature", "geometry": {"type": "Polygon", "coordinates": [[[-48.059648, -15.918194], [-48.059653, -15.918195], [-48.059677, -15.918121], [-48.05959, -15.918095], [-48.059588, -15.918094], [-48.059557, -15.918193], [-48.05964, -15.918219], [-48.059648, -15.918194]]]}, "properties": {}},
{"type": "Feature", "geometry": {"type": "Polygon", "coordinates": [[[-48.061608, -15.918026], [-48.06161, -15.918022], [-48.061516, -15.917996], [-48.061503, -15.918041], [-48.061594, -15.918069], [-48.061608, -15.918026]]]}, "properties": {}},
{"type": "Feature", "geometry": {"type": "Polygon", "coordinates": [[[-48.062166, -15.917857], [-48.062123, -15.917844], [-48.06203, -15.917816], [-48.062002, -15.917904], [-48.062138, -15.917944], [-48.062166, -15.917857]]]}, "properties": {}},
{"type": "Feature", "geometry": {"type": "Polygon", "coordinates": [[[-48.064514, -15.916013], [-48.064555, -15.916026], [-48.06458, -15.916033], [-48.064605, -15.915955], [-48.064631, -15.915877], [-48.064539, -15.91585], [-48.064514, -15.915928], [-48.064539, -15.915936], [-48.064514, -15.916013]]]}, "properties": {}},
{"type": "Feature", "geometry": {"type": "Polygon", "coordinates": [[[-48.065148, -15.913849], [-48.06508, -15.913828], [-48.065065, -15.913874], [-48.065135, -15.913894], [-48.065148, -15.913849]]]}, "properties": {}},
{"type": "Feature", "geometry": {"type": "Polygon", "coordinates": [[[-48.063094, -15.917713], [-48.063004, -15.917686], [-48.062993, -15.917719], [-48.063083, -15.917747], [-48.063094, -15.917713]]]}, "properties": {}},
{"type": "Feature", "geometry": {"type": "Polygon", "coordinates": [[[-48.06364, -15.913892], [-48.063552, -15.913864], [-48.063531, -15.913927], [-48.063621, -15.913954], [-48.06364, -15.913892]]]}, "properties": {}},
{"type": "Feature", "geometry": {"type": "Polygon", "coordinates": [[[-48.062192, -15.919051], [-48.062219, -15.919059], [-48.062234, -15.919063], [-48.062245, -15.919029], [-48.062247, -15.919023], [-48.062267, -15.918962], [-48.062178, -15.918935], [-48.062145, -15.919036], [-48.062147, -15.919037], [-48.062192, -15.919051]]]}, "properties": {}},
{"type": "Feature", "geometry": {"type": "Polygon", "coordinates": [[[-48.057585, -15.916541], [-48.057614, -15.916454], [-48.057586, -15.916446], [-48.057579, -15.916443], [-48.057551, -15.91653], [-48.057585, -15.916541]]]}, "properties": {}},
{"type": "Feature", "geometry": {"type": "Polygon", "coordinates": [[[-48.063816, -15.914438], [-48.063835, -15.914379], [-48.063858, -15.914308], [-48.063864, -15.914289], [-48.063777, -15.914262], [-48.063746, -15.914358], [-48.063729, -15.914411], [-48.063816, -15.914438]]]}, "properties": {}},
{"type": "Feature", "geometry": {"type": "Polygon", "coordinates": [[[-48.064022, -15.917285], [-48.064051, -15.917294], [-48.064078, -15.917208], [-48.064052, -15.917201], [-48.064041, -15.917197], [-48.064002, -15.917186], [-48.063986, -15.917237], [-48.064033, -15.91725], [-48.064022, -15.917285]]]}, "properties": {}},
{"type": "Feature", "geometry": {"type": "Polygon", "coordinates": [[[-48.055502, -15.915955], [-48.055504, -15.915955], [-48.055542, -15.915839], [-48.05545, -15.91581], [-48.055424, -15.915893], [-48.055413, -15.915928], [-48.055502, -15.915955]]]}, "properties": {}},
{"type": "Feature", "geometry": {"type": "Polygon", "coordinates": [[[-48.064884, -15.917343], [-48.064879, -15.917342], [-48.064861, -15.917398], [-48.06495, -15.917425], [-48.064951, -15.917421], [-48.064963, -15.917383], [-48.064965, -15.917377], [-48.064984, -15.917316], [-48.064964, -15.91731], [-48.06495, -15.917354], [-48.064887, -15.917334], [-48.064884, -15.917343]]]}, "properties": {}},
{"type": "Feature", "geometry": {"type": "Polygon", "coordinates": [[[-48.059155, -15.917926], [-48.05918, -15.917848], [-48.05909, -15.917821], [-48.059067, -15.917893], [-48.059066, -15.917898], [-48.059155, -15.917926]]]}, "properties": {}},
{"type": "Feature", "geometry": {"type": "Polygon", "coordinates": [[[-48.062757, -15.915999], [-48.062829, -15.916021], [-48.062872, -15.916035], [-48.062897, -15.915961], [-48.062874, -15.915954], [-48.062781, -15.915925], [-48.062777, -15.915939], [-48.062769, -15.915962], [-48.062757, -15.915999]]]}, "properties": {}},
{"type": "Feature", "geometry": {"type": "Polygon", "coordinates": [[[-48.064242, -15.917797], [-48.064305, -15.917816], [-48.064374, -15.917837], [-48.064402, -15.917751], [-48.064358, -15.917738], [-48.064333, -15.91773], [-48.064325, -15.917755], [-48.064262, -15.917736], [-48.064242, -15.917797]]]}, "properties": {}},
{"type": "Feature", "geometry": {"type": "Polygon", "coordinates": [[[-48.054672, -15.917819], [-48.054654, -15.917874], [-48.054743, -15.917902], [-48.054785, -15.917773], [-48.05479, -15.917756], [-48.054702, -15.917728], [-48.054696, -15.917746], [-48.054696, -15.917747], [-48.054672, -15.917819]]]}, "properties": {}},
{"type": "Feature", "geometry": {"type": "Polygon", "coordinates": [[[-48.058323, -15.916324], [-48.058384, -15.916342], [-48.058404, -15.916282], [-48.058315, -15.916256], [-48.058292, -15.916329], [-48.058319, -15.916337], [-48.058323, -15.916324]]]}, "properties": {}},
{"type": "Feature", "geometry": {"type": "Polygon", "coordinates": [[[-48.064989, -15.914109], [-48.065026, -15.913995], [-48.065027, -15.913991], [-48.065038, -15.913958], [-48.065034, -15.913956], [-48.06495, -15.913931], [-48.064907, -15.914059], [-48.0649, -15.914081], [-48.064989, -15.914109]]]}, "properties": {}},
{"type": "Feature", "geometry": {"type": "Polygon", "coordinates": [[[-48.062752, -15.918476], [-48.062748, -15.918467], [-48.062756, -15.918443], [-48.062713, -15.91843], [-48.062694, -15.918491], [-48.062742, -15.918506], [-48.062752, -15.918476]]]}, "properties": {}},
{"type": "Feature", "geometry": {"type": "Polygon", "coordinates": [[[-48.057634, -15.916081], [-48.057594, -15.916068], [-48.057581, -15.916109], [-48.057621, -15.916121], [-48.057634, -15.916081]]]}, "properties": {}},
{"type": "Feature", "geometry": {"type": "Polygon", "coordinates": [[[-48.062903, -15.915547], [-48.062913, -15.915516], [-48.062928, -15.915473], [-48.062773, -15.915423], [-48.062754, -15.915417], [-48.062729, -15.915492], [-48.062732, -15.915493], [-48.062903, -15.915547]]]}, "properties": {}},
{"type": "Feature", "geometry": {"type": "Polygon", "coordinates": [[[-48.061346, -15.919026], [-48.061423, -15.919049], [-48.061431, -15.919051], [-48.061459, -15.918965], [-48.061448, -15.918962], [-48.061404, -15.918948], [-48.061316, -15.918922], [-48.061287, -15.919008], [-48.06129, -15.919009], [-48.061346, -15.919026]]]}, "properties": {}},
{"type": "Feature", "geometry": {"type": "Polygon", "coordinates": [[[-48.055323, -15.9159], [-48.055342, -15.915841], [-48.055254, -15.915814], [-48.055235, -15.915873], [-48.055296, -15.915892], [-48.055323, -15.9159]]]}, "properties": {}},
{"type": "Feature", "geometry": {"type": "Polygon", "coordinates": [[[-48.060044, -15.915894], [-48.060094, -15.915909], [-48.060115, -15.915843], [-48.060039, -15.915821], [-48.060032, -15.915845], [-48.060058, -15.915853], [-48.060044, -15.915894]]]}, "properties": {}},
{"type": "Feature", "geometry": {"type": "Polygon", "coordinates": [[[-48.062332, -15.915786], [-48.062347, -15.915739], [-48.062257, -15.915712], [-48.062234, -15.915785], [-48.062324, -15.915812], [-48.062332, -15.915786]]]}, "properties": {}},
{"type": "Feature", "geometry": {"type": "Polygon", "coordinates": [[[-48.059355, -15.916394], [-48.059489, -15.916437], [-48.059489, -15.916436], [-48.059517, -15.91635], [-48.059505, -15.916346], [-48.059439, -15.916327], [-48.05942, -15.916385], [-48.059363, -15.916367], [-48.059355, -15.916394]]]}, "properties": {}},
{"type": "Feature", "geometry": {"type": "Polygon", "coordinates": [[[-48.05454, -15.914192], [-48.054464, -15.914169], [-48.05445, -15.914214], [-48.054526, -15.914236], [-48.05454, -15.914192]]]}, "properties": {}},
{"type": "Feature", "geometry": {"type": "Polygon", "coordinates": [[[-48.059577, -15.917375], [-48.05958, -15.917364], [-48.059491, -15.917337], [-48.059464, -15.917422], [-48.059553, -15.917449], [-48.059577, -15.917375]]]}, "properties": {}},
{"type": "Feature", "geometry": {"type": "Polygon", "coordinates": [[[-48.06221, -15.91787], [-48.062212, -15.917871], [-48.062298, -15.917896], [-48.06233, -15.917905], [-48.062373, -15.917765], [-48.062258, -15.917729], [-48.062233, -15.917804], [-48.06221, -15.91787]]]}, "properties": {}},
{"type": "Feature", "geometry": {"type": "Polygon", "coordinates": [[[-48.062298, -15.918656], [-48.062287, -15.918652], [-48.06223, -15.918634], [-48.062209, -15.918628], [-48.062193, -15.918681], [-48.062281, -15.918708], [-48.062298, -15.918656]]]}, "properties": {}},
{"type": "Feature", "geometry": {"type": "Polygon", "coordinates": [[[-48.058371, -15.915925], [-48.058376, -15.915909], [-48.058412, -15.91592], [-48.058438, -15.915843], [-48.058448, -15.915847], [-48.05846, -15.915809], [-48.058369, -15.915781], [-48.058369, -15.915783], [-48.058327, -15.915913], [-48.058371, -15.915925]]]}, "properties": {}},
{"type": "Feature", "geometry": {"type": "Polygon", "coordinates": [[[-48.054643, -15.918297], [-48.054685, -15.91817], [-48.054694, -15.918141], [-48.054604, -15.918114], [-48.054601, -15.918121], [-48.054553, -15.91827], [-48.054643, -15.918297]]]}, "properties": {}},
{"type": "Feature", "geometry": {"type": "Polygon", "coordinates": [[[-48.057345, -15.918645], [-48.057346, -15.918643], [-48.057373, -15.918559], [-48.057296, -15.918536], [-48.057292, -15.918547], [-48.057268, -15.918622], [-48.057345, -15.918645]]]}, "properties": {}},
{"type": "Feature", "geometry": {"type": "Polygon", "coordinates": [[[-48.059855, -15.919021], [-48.059914, -15.919038], [-48.059919, -15.919023], [-48.059949, -15.919032], [-48.059956, -15.919009], [-48.059975, -15.918949], [-48.059921, -15.918933], [-48.059916, -15.918948], [-48.059881, -15.918938], [-48.059855, -15.919021]]]}, "properties": {}},
{"type": "Feature", "geometry": {"type": "Polygon", "coordinates": [[[-48.062348, -15.914375], [-48.062281, -15.914356], [-48.062281, -15.914354], [-48.062277, -15.914353], [-48.062248, -15.914441], [-48.06232, -15.914464], [-48.062348, -15.914375]]]}, "properties": {}},
{"type": "Feature", "geometry": {"type": "Polygon", "coordinates": [[[-48.057879, -15.916061], [-48.057869, -15.916058], [-48.057755, -15.916023], [-48.057754, -15.916022], [-48.057743, -15.916058], [-48.057867, -15.916096], [-48.057879, -15.916061]]]}, "properties": {}},
{"type": "Feature", "geometry": {"type": "Polygon", "coordinates": [[[-48.05887, -15.915623], [-48.058872, -15.915624], [-48.058895, -15.915552], [-48.058829, -15.915532], [-48.058807, -15.915605], [-48.058829, -15.915611], [-48.05887, -15.915623]]]}, "properties": {}},
{"type": "Feature", "geometry": {"type": "Polygon", "coordinates": [[[-48.060335, -15.917118], [-48.0603, -15.917108], [-48.06027, -15.917201], [-48.060304, -15.917212], [-48.060335, -15.917118]]]}, "properties": {}},
{"type": "Feature", "geometry": {"type": "Polygon", "coordinates": [[[-48.058627, -15.917662], [-48.058655, -15.917576], [-48.058625, -15.917567], [-48.058623, -15.917566], [-48.058596, -15.917653], [-48.058597, -15.917653], [-48.058627, -15.917662]]]}, "properties": {}},
{"type": "Feature", "geometry": {"type": "Polygon", "coordinates": [[[-48.05719, -15.915298], [-48.057134, -15.915282], [-48.057103, -15.915389], [-48.057157, -15.915404], [-48.05719, -15.915298]]]}, "properties": {}},
{"type": "Feature", "geometry": {"type": "Polygon", "coordinates": [[[-48.063802, -15.918728], [-48.063901, -15.918758], [-48.063916, -15.918711], [-48.063935, -15.918716], [-48.063936, -15.918713], [-48.063944, -15.918715], [-48.063953, -15.918687], [-48.063818, -15.918646], [-48.063808, -15.918679], [-48.063817, -15.918682], [-48.063802, -15.918728]]]}, "properties": {}},
{"type": "Feature", "geometry": {"type": "Polygon", "coordinates": [[[-48.060204, -15.918849], [-48.060244, -15.91872], [-48.060156, -15.918693], [-48.060107, -15.918843], [-48.060197, -15.91887], [-48.060204, -15.918849]]]}, "properties": {}},
{"type": "Feature", "geometry": {"type": "Polygon", "coordinates": [[[-48.062323, -15.919091], [-48.062412, -15.919118], [-48.062426, -15.919075], [-48.062436, -15.919043], [-48.062347, -15.919016], [-48.062335, -15.919052], [-48.062334, -15.919056], [-48.062323, -15.919091]]]}, "properties": {}},
{"type": "Feature", "geometry": {"type": "Polygon", "coordinates": [[[-48.058106, -15.915391], [-48.058038, -15.915369], [-48.057976, -15.915348], [-48.057973, -15.915347], [-48.057916, -15.91533], [-48.057903, -15.91537], [-48.058093, -15.915431], [-48.058106, -15.915391]]]}, "properties": {}},
{"type": "Feature", "geometry": {"type": "Polygon", "coordinates": [[[-48.054732, -15.914246], [-48.054744, -15.914207], [-48.054738, -15.914205], [-48.054688, -15.91419], [-48.054684, -15.914203], [-48.054675, -15.914229], [-48.054732, -15.914246]]]}, "properties": {}},
{"type": "Feature", "geometry": {"type": "Polygon", "coordinates": [[[-48.06442, -15.914925], [-48.064422, -15.914917], [-48.064388, -15.914907], [-48.064364, -15.914981], [-48.064398, -15.914992], [-48.06442, -15.914925]]]}, "properties": {}},
{"type": "Feature", "geometry": {"type": "Polygon", "coordinates": [[[-48.064275, -15.914437], [-48.064249, -15.914519], [-48.064276, -15.914528], [-48.064303, -15.914444], [-48.064275, -15.914436], [-48.064275, -15.914437]]]}, "properties": {}},
{"type": "Feature", "geometry": {"type": "Polygon", "coordinates": [[[-48.062255, -15.917412], [-48.062305, -15.917427], [-48.062306, -15.917422], [-48.062333, -15.91734], [-48.062342, -15.917312], [-48.062289, -15.917296], [-48.062256, -15.917411], [-48.062255, -15.917412]]]}, "properties": {}},
{"type": "Feature", "geometry": {"type": "Polygon", "coordinates": [[[-48.061305, -15.917616], [-48.061281, -15.917689], [-48.061322, -15.917701], [-48.061339, -15.917647], [-48.061362, -15.917571], [-48.06132, -15.917559], [-48.06132, -15.917558], [-48.061274, -15.917544], [-48.061273, -15.917544], [-48.061254, -15.917603], [-48.061305, -15.917616]]]}, "properties": {}},
{"type": "Feature", "geometry": {"type": "Polygon", "coordinates": [[[-48.055365, -15.915771], [-48.05534, -15.915763], [-48.055325, -15.915808], [-48.05535, -15.915816], [-48.055365, -15.915771]]]}, "properties": {}},
{"type": "Feature", "geometry": {"type": "Polygon", "coordinates": [[[-48.054537, -15.914712], [-48.054493, -15.914699], [-48.054483, -15.91473], [-48.054527, -15.914744], [-48.054537, -15.914712]]]}, "properties": {}},
{"type": "Feature", "geometry": {"type": "Polygon", "coordinates": [[[-48.056252, -15.918752], [-48.056223, -15.918742], [-48.056211, -15.918776], [-48.056241, -15.918786], [-48.056252, -15.918752]]]}, "properties": {}},
{"type": "Feature", "geometry": {"type": "Polygon", "coordinates": [[[-48.05759, -15.918004], [-48.057541, -15.917989], [-48.057529, -15.918026], [-48.057578, -15.91804], [-48.05759, -15.918004]]]}, "properties": {}},
{"type": "Feature", "geometry": {"type": "Polygon", "coordinates": [[[-48.064235, -15.915592], [-48.064236, -15.915593], [-48.064303, -15.915612], [-48.064327, -15.915533], [-48.06433, -15.915523], [-48.064266, -15.915505], [-48.064265, -15.915505], [-48.064235, -15.915592]]]}, "properties": {}},
{"type": "Feature", "geometry": {"type": "Polygon", "coordinates": [[[-48.058973, -15.915145], [-48.059187, -15.91521], [-48.059205, -15.915215], [-48.059218, -15.915176], [-48.0592, -15.915171], [-48.058942, -15.915092], [-48.058929, -15.915131], [-48.058948, -15.915137], [-48.058973, -15.915145]]]}, "properties": {}},
{"type": "Feature", "geometry": {"type": "Polygon", "coordinates": [[[-48.063147, -15.916612], [-48.063099, -15.916598], [-48.063091, -15.916622], [-48.06314, -15.916636], [-48.063147, -15.916612]]]}, "properties": {}},
{"type": "Feature", "geometry": {"type": "Polygon", "coordinates": [[[-48.064953, -15.916573], [-48.064977, -15.91658], [-48.064983, -15.916562], [-48.064989, -15.916543], [-48.064985, -15.916542], [-48.064986, -15.916539], [-48.06497, -15.916534], [-48.064964, -15.916554], [-48.064959, -15.916552], [-48.064953, -15.916573]]]}, "properties": {}},
{"type": "Feature", "geometry": {"type": "Polygon", "coordinates": [[[-48.062923, -15.916571], [-48.062881, -15.916559], [-48.062862, -15.916616], [-48.062904, -15.916629], [-48.062923, -15.916571]]]}, "properties": {}},
{"type": "Feature", "geometry": {"type": "Polygon", "coordinates": [[[-48.056721, -15.916693], [-48.056735, -15.916649], [-48.056741, -15.916631], [-48.056701, -15.916619], [-48.056686, -15.916667], [-48.056681, -15.916681], [-48.056721, -15.916693]]]}, "properties": {}},
{"type": "Feature", "geometry": {"type": "Polygon", "coordinates": [[[-48.059826, -15.916444], [-48.059784, -15.916432], [-48.059775, -15.916462], [-48.059815, -15.916475], [-48.059826, -15.916444]]]}, "properties": {}},
{"type": "Feature", "geometry": {"type": "Polygon", "coordinates": [[[-48.060388, -15.916457], [-48.060397, -15.916429], [-48.060366, -15.916419], [-48.060362, -15.916429], [-48.060357, -15.916447], [-48.060388, -15.916457]]]}, "properties": {}},
{"type": "Feature", "geometry": {"type": "Polygon", "coordinates": [[[-48.065205, -15.916295], [-48.065198, -15.916293], [-48.065197, -15.916294], [-48.065159, -15.916282], [-48.06514, -15.916342], [-48.065185, -15.916355], [-48.065205, -15.916295]]]}, "properties": {}},
{"type": "Feature", "geometry": {"type": "Polygon", "coordinates": [[[-48.063365, -15.916196], [-48.063383, -15.916257], [-48.063383, -15.916258], [-48.063393, -15.916255], [-48.063393, -15.916254], [-48.063411, -15.916248], [-48.06341, -15.916244], [-48.063386, -15.916167], [-48.063373, -15.91617], [-48.06338, -15.916192], [-48.063365, -15.916196]]]}, "properties": {}},
{"type": "Feature", "geometry": {"type": "Polygon", "coordinates": [[[-48.063533, -15.916165], [-48.063535, -15.916135], [-48.063485, -15.916137], [-48.063485, -15.916133], [-48.063466, -15.916134], [-48.063471, -15.916189], [-48.063533, -15.916165]]]}, "properties": {}},
{"type": "Feature", "geometry": {"type": "Polygon", "coordinates": [[[-48.059746, -15.916089], [-48.059713, -15.916078], [-48.059701, -15.916116], [-48.059734, -15.916126], [-48.059746, -15.916089]]]}, "properties": {}},
{"type": "Feature", "geometry": {"type": "Polygon", "coordinates": [[[-48.060059, -15.916019], [-48.06003, -15.91601], [-48.060023, -15.916029], [-48.060053, -15.916038], [-48.060059, -15.916019]]]}, "properties": {}},
{"type": "Feature", "geometry": {"type": "Polygon", "coordinates": [[[-48.058172, -15.915864], [-48.05818, -15.91584], [-48.058147, -15.91583], [-48.058151, -15.915819], [-48.058147, -15.915818], [-48.058135, -15.915853], [-48.058139, -15.915854], [-48.058172, -15.915864]]]}, "properties": {}},
{"type": "Feature", "geometry": {"type": "Polygon", "coordinates": [[[-48.063444, -15.915607], [-48.063457, -15.915611], [-48.063454, -15.915621], [-48.063475, -15.915627], [-48.063477, -15.915618], [-48.063479, -15.915613], [-48.063494, -15.915564], [-48.063455, -15.915552], [-48.063452, -15.915561], [-48.063458, -15.915563], [-48.063444, -15.915607]]]}, "properties": {}},
{"type": "Feature", "geometry": {"type": "Polygon", "coordinates": [[[-48.059741, -15.915659], [-48.059774, -15.915669], [-48.059797, -15.915598], [-48.0598, -15.915588], [-48.05976, -15.9156], [-48.059738, -15.915659], [-48.059741, -15.915659]]]}, "properties": {}},
{"type": "Feature", "geometry": {"type": "Polygon", "coordinates": [[[-48.061614, -15.915421], [-48.061628, -15.915425], [-48.061636, -15.915399], [-48.061629, -15.915397], [-48.061634, -15.915382], [-48.06159, -15.915368], [-48.061571, -15.915425], [-48.061609, -15.915437], [-48.061614, -15.915421]]]}, "properties": {}},
{"type": "Feature", "geometry": {"type": "Polygon", "coordinates": [[[-48.064381, -15.914905], [-48.064388, -15.914907], [-48.064422, -15.914917], [-48.064431, -15.914891], [-48.064359, -15.914868], [-48.064351, -15.914893], [-48.064381, -15.914903], [-48.064381, -15.914905]]]}, "properties": {}},
{"type": "Feature", "geometry": {"type": "Polygon", "coordinates": [[[-48.064297, -15.914916], [-48.064298, -15.914912], [-48.064317, -15.914918], [-48.064335, -15.914861], [-48.064298, -15.91485], [-48.064294, -15.914862], [-48.064278, -15.914911], [-48.064297, -15.914916]]]}, "properties": {}},
{"type": "Feature", "geometry": {"type": "Polygon", "coordinates": [[[-48.06484, -15.914459], [-48.064842, -15.91446], [-48.06485, -15.914435], [-48.064806, -15.914421], [-48.064809, -15.914411], [-48.064794, -15.914407], [-48.06478, -15.914449], [-48.064838, -15.914466], [-48.06484, -15.914459]]]}, "properties": {}},
{"type": "Feature", "geometry": {"type": "Polygon", "coordinates": [[[-48.064952, -15.914215], [-48.064925, -15.914207], [-48.064914, -15.914241], [-48.064941, -15.914249], [-48.064952, -15.914215]]]}, "properties": {}},
{"type": "Feature", "geometry": {"type": "Polygon", "coordinates": [[[-48.061236, -15.913944], [-48.06119, -15.913931], [-48.061184, -15.913952], [-48.06123, -15.913966], [-48.061236, -15.913944]]]}, "properties": {}},
{"type": "Feature", "geometry": {"type": "Polygon", "coordinates": [[[-48.055588, -15.917688], [-48.055598, -15.917656], [-48.055564, -15.917646], [-48.055554, -15.917678], [-48.055556, -15.917679], [-48.055588, -15.917688]]]}, "properties": {}},
{"type": "Feature", "geometry": {"type": "Polygon", "coordinates": [[[-48.056457, -15.917252], [-48.056458, -15.917252], [-48.056474, -15.917257], [-48.056484, -15.917228], [-48.056464, -15.917222], [-48.05646, -15.917234], [-48.056462, -15.917235], [-48.056457, -15.917252]]]}, "properties": {}},
{"type": "Feature", "geometry": {"type": "Polygon", "coordinates": [[[-48.064193, -15.914485], [-48.064223, -15.914494], [-48.064244, -15.914428], [-48.064244, -15.914426], [-48.064215, -15.914417], [-48.064193, -15.914485]]]}, "properties": {}},
{"type": "Feature", "geometry": {"type": "Polygon", "coordinates": [[[-48.062331, -15.917198], [-48.062332, -15.917198], [-48.062333, -15.917197], [-48.062342, -15.917169], [-48.062311, -15.91716], [-48.062302, -15.917188], [-48.062331, -15.917197], [-48.062331, -15.917198]]]}, "properties": {}},
{"type": "Feature", "geometry": {"type": "Polygon", "coordinates": [[[-48.061582, -15.918398], [-48.06157, -15.918395], [-48.061573, -15.918385], [-48.061562, -15.918382], [-48.061551, -15.918417], [-48.061574, -15.918424], [-48.061582, -15.918398]]]}, "properties": {}},
{"type": "Feature", "geometry": {"type": "Polygon", "coordinates": [[[-48.059657, -15.915634], [-48.059658, -15.915634], [-48.059676, -15.915577], [-48.059687, -15.915541], [-48.059688, -15.915523], [-48.059688, -15.915512], [-48.059625, -15.915525], [-48.059596, -15.915615], [-48.059657, -15.915634]]]}, "properties": {}},
{"type": "Feature", "geometry": {"type": "Polygon", "coordinates": [[[-48.062303, -15.915878], [-48.062446, -15.915921], [-48.062475, -15.915829], [-48.062332, -15.915786], [-48.062324, -15.915812], [-48.062306, -15.915869], [-48.062303, -15.915878]]]}, "properties": {}},
{"type": "Feature", "geometry": {"type": "Polygon", "coordinates": [[[-48.058736, -15.915582], [-48.058749, -15.915543], [-48.058684, -15.915524], [-48.058671, -15.915563], [-48.058721, -15.915578], [-48.058736, -15.915582]]]}, "properties": {}},
{"type": "Feature", "geometry": {"type": "Polygon", "coordinates": [[[-48.062476, -15.916438], [-48.0625, -15.916445], [-48.062518, -15.916451], [-48.062599, -15.916475], [-48.062612, -15.916479], [-48.062639, -15.916393], [-48.062627, -15.916389], [-48.062595, -15.91638], [-48.062504, -15.916353], [-48.0625, -15.916352], [-48.062476, -15.916345], [-48.062449, -15.91643], [-48.062469, -15.916436], [-48.062476, -15.916438]]]}, "properties": {}},
{"type": "Feature", "geometry": {"type": "Polygon", "coordinates": [[[-48.062595, -15.91638], [-48.062627, -15.916389], [-48.062639, -15.916393], [-48.062684, -15.916406], [-48.062706, -15.91634], [-48.06271, -15.916326], [-48.062727, -15.916276], [-48.06273, -15.916265], [-48.062735, -15.916253], [-48.062646, -15.916227], [-48.062642, -15.916238], [-48.062619, -15.91631], [-48.062595, -15.91638]]]}, "properties": {}},
{"type": "Feature", "geometry": {"type": "Polygon", "coordinates": [[[-48.062223, -15.916129], [-48.062208, -15.916174], [-48.06233, -15.916212], [-48.062339, -15.916214], [-48.062341, -15.916215], [-48.062385, -15.916228], [-48.062414, -15.916139], [-48.06237, -15.916126], [-48.062368, -15.916125], [-48.062368, -15.916127], [-48.062301, -15.916107], [-48.062236, -15.916087], [-48.062235, -15.91609], [-48.062228, -15.916112], [-48.062223, -15.916129]]]}, "properties": {}},
{"type": "Feature", "geometry": {"type": "Polygon", "coordinates": [[[-48.064713, -15.916073], [-48.064742, -15.916082], [-48.064743, -15.916082], [-48.064747, -15.916069], [-48.06476, -15.916073], [-48.064758, -15.916076], [-48.064778, -15.916082], [-48.064779, -15.916078], [-48.064786, -15.91608], [-48.064798, -15.916041], [-48.06479, -15.916039], [-48.06481, -15.915976], [-48.064819, -15.915978], [-48.064823, -15.915963], [-48.064828, -15.915948], [-48.064761, -15.915928], [-48.064756, -15.915944], [-48.064713, -15.916073]]]}, "properties": {}},
{"type": "Feature", "geometry": {"type": "Polygon", "coordinates": [[[-48.05895, -15.916011], [-48.058923, -15.916094], [-48.058929, -15.916096], [-48.059039, -15.916129], [-48.059044, -15.916116], [-48.059067, -15.916046], [-48.059067, -15.916045], [-48.059081, -15.916001], [-48.059083, -15.915996], [-48.059084, -15.915993], [-48.059089, -15.915977], [-48.059091, -15.915971], [-48.05909, -15.915971], [-48.058993, -15.915943], [-48.058992, -15.915948], [-48.058967, -15.915961], [-48.05895, -15.916011]]]}, "properties": {}},
{"type": "Feature", "geometry": {"type": "Polygon", "coordinates": [[[-48.062699, -15.915889], [-48.062704, -15.915891], [-48.062713, -15.915863], [-48.06278, -15.915884], [-48.062788, -15.915862], [-48.0628, -15.915866], [-48.062805, -15.915849], [-48.06275, -15.915832], [-48.062734, -15.915827], [-48.062632, -15.915796], [-48.062607, -15.915871], [-48.062696, -15.915899], [-48.062699, -15.915889]]]}, "properties": {}},
{"type": "Feature", "geometry": {"type": "Polygon", "coordinates": [[[-48.057782, -15.915937], [-48.057784, -15.915938], [-48.057811, -15.915946], [-48.057825, -15.915951], [-48.057831, -15.915933], [-48.057867, -15.915819], [-48.057868, -15.915817], [-48.057781, -15.915793], [-48.057738, -15.915924], [-48.057742, -15.915925], [-48.057782, -15.915937]], [[-48.057805, -15.915862], [-48.057795, -15.915895], [-48.057784, -15.915892], [-48.057794, -15.915859], [-48.057805, -15.915862]]]}, "properties": {}},
{"type": "Feature", "geometry": {"type": "Polygon", "coordinates": [[[-48.062515, -15.915743], [-48.062525, -15.915746], [-48.062558, -15.915643], [-48.06255, -15.915641], [-48.062551, -15.915637], [-48.062529, -15.915631], [-48.062531, -15.915627], [-48.062396, -15.915587], [-48.062393, -15.915597], [-48.062361, -15.915697], [-48.062515, -15.915743]]]}, "properties": {}},
{"type": "Feature", "geometry": {"type": "Polygon", "coordinates": [[[-48.057731, -15.915619], [-48.057738, -15.915621], [-48.057739, -15.915621], [-48.057773, -15.915632], [-48.057815, -15.915643], [-48.057815, -15.915641], [-48.057823, -15.915616], [-48.057808, -15.915612], [-48.05783, -15.915539], [-48.057809, -15.915532], [-48.057807, -15.915536], [-48.057793, -15.915531], [-48.0578, -15.915511], [-48.057771, -15.915501], [-48.057759, -15.915538], [-48.057737, -15.915601], [-48.057731, -15.915619]]]}, "properties": {}},
{"type": "Feature", "geometry": {"type": "Polygon", "coordinates": [[[-48.058747, -15.915414], [-48.058728, -15.915408], [-48.058705, -15.91548], [-48.058724, -15.915486], [-48.05872, -15.915501], [-48.058759, -15.915512], [-48.058764, -15.915497], [-48.058767, -15.915486], [-48.058792, -15.915409], [-48.058806, -15.915368], [-48.058807, -15.915364], [-48.058743, -15.915345], [-48.058728, -15.915389], [-48.058753, -15.915396], [-48.058747, -15.915414]]]}, "properties": {}},
{"type": "Feature", "geometry": {"type": "Polygon", "coordinates": [[[-48.057657, -15.915293], [-48.057748, -15.915322], [-48.057825, -15.915346], [-48.057839, -15.915306], [-48.057847, -15.915281], [-48.057848, -15.915278], [-48.057811, -15.915266], [-48.057794, -15.915313], [-48.057756, -15.9153], [-48.057764, -15.915276], [-48.057673, -15.915246], [-48.057681, -15.915224], [-48.057655, -15.915215], [-48.057652, -15.915214], [-48.057627, -15.915284], [-48.05763, -15.915285], [-48.057657, -15.915293]]]}, "properties": {}},
{"type": "Feature", "geometry": {"type": "Polygon", "coordinates": [[[-48.060748, -15.915151], [-48.06075, -15.915154], [-48.060778, -15.915141], [-48.060776, -15.915137], [-48.060815, -15.915117], [-48.060817, -15.915116], [-48.060794, -15.915071], [-48.060849, -15.915041], [-48.06084, -15.915025], [-48.060828, -15.915001], [-48.060703, -15.915067], [-48.060722, -15.915103], [-48.060748, -15.915151]]]}, "properties": {}},
{"type": "Feature", "geometry": {"type": "Polygon", "coordinates": [[[-48.063214, -15.914781], [-48.063215, -15.91478], [-48.063223, -15.91477], [-48.063231, -15.914743], [-48.063258, -15.914647], [-48.063196, -15.914628], [-48.063187, -15.914625], [-48.063147, -15.914613], [-48.063126, -15.914678], [-48.063127, -15.914715], [-48.063214, -15.914781]]]}, "properties": {}},
{"type": "Feature", "geometry": {"type": "Polygon", "coordinates": [[[-48.063187, -15.914625], [-48.063196, -15.914628], [-48.063258, -15.914647], [-48.063284, -15.914655], [-48.063315, -15.914561], [-48.063317, -15.914555], [-48.063221, -15.914526], [-48.063217, -15.914536], [-48.063171, -15.914522], [-48.063142, -15.914611], [-48.063147, -15.914613], [-48.063187, -15.914625]]]}, "properties": {}},
{"type": "Feature", "geometry": {"type": "Polygon", "coordinates": [[[-48.063907, -15.913976], [-48.063916, -15.913979], [-48.063902, -15.914026], [-48.063918, -15.914031], [-48.063915, -15.914042], [-48.063976, -15.91406], [-48.064018, -15.913932], [-48.064024, -15.913913], [-48.063935, -15.913886], [-48.063929, -15.913905], [-48.063913, -15.91396], [-48.063907, -15.913976]]]}, "properties": {}},
{"type": "Feature", "geometry": {"type": "Polygon", "coordinates": [[[-48.063459, -15.913854], [-48.063484, -15.913775], [-48.063486, -15.913768], [-48.063365, -15.913731], [-48.063349, -15.913726], [-48.063323, -15.913812], [-48.063336, -15.913817], [-48.063459, -15.913854]]]}, "properties": {}},
{"type": "Feature", "geometry": {"type": "Polygon", "coordinates": [[[-48.063089, -15.913788], [-48.063149, -15.913807], [-48.06315, -15.913807], [-48.063162, -15.913811], [-48.063192, -15.913723], [-48.06319, -15.913722], [-48.063188, -15.913722], [-48.063024, -15.913673], [-48.062996, -15.913759], [-48.063012, -15.913764], [-48.063089, -15.913788]]]}, "properties": {}},
{"type": "Feature", "geometry": {"type": "Polygon", "coordinates": [[[-48.062427, -15.91699], [-48.062455, -15.916905], [-48.062311, -15.916862], [-48.062284, -15.916948], [-48.06231, -15.916956], [-48.062427, -15.91699]]]}, "properties": {}},
{"type": "Feature", "geometry": {"type": "Polygon", "coordinates": [[[-48.063357, -15.914346], [-48.063194, -15.914295], [-48.063156, -15.91441], [-48.06332, -15.914457], [-48.063357, -15.914346]]]}, "properties": {}},
{"type": "Feature", "geometry": {"type": "Polygon", "coordinates": [[[-48.063371, -15.914302], [-48.06336, -15.914299], [-48.063374, -15.914257], [-48.063344, -15.914248], [-48.063318, -15.91424], [-48.063222, -15.914211], [-48.063194, -15.914295], [-48.063357, -15.914346], [-48.063371, -15.914302]]]}, "properties": {}},
{"type": "Feature", "geometry": {"type": "Polygon", "coordinates": [[[-48.055257, -15.91641], [-48.055275, -15.916359], [-48.055229, -15.916345], [-48.055221, -15.916371], [-48.055215, -15.91639], [-48.055213, -15.916395], [-48.055204, -15.916423], [-48.055201, -15.916433], [-48.055211, -15.916436], [-48.05525, -15.916447], [-48.055325, -15.91647], [-48.055334, -15.916472], [-48.055343, -15.916475], [-48.05536, -15.916422], [-48.055371, -15.916389], [-48.055362, -15.916386], [-48.055317, -15.916372], [-48.055279, -15.91636], [-48.055261, -15.916411], [-48.055257, -15.91641]], [[-48.055216, -15.916397], [-48.055219, -15.91639], [-48.055228, -15.916393], [-48.055225, -15.9164], [-48.055216, -15.916397]]]}, "properties": {}},
{"type": "Feature", "geometry": {"type": "Polygon", "coordinates": [[[-48.061864, -15.918239], [-48.061882, -15.918245], [-48.06189, -15.918248], [-48.061983, -15.918276], [-48.062014, -15.918286], [-48.06204, -15.918199], [-48.061996, -15.918185], [-48.061919, -15.918162], [-48.061911, -15.918159], [-48.061892, -15.918154], [-48.061864, -15.918239]]]}, "properties": {}},
{"type": "Feature", "geometry": {"type": "Polygon", "coordinates": [[[-48.063352, -15.914128], [-48.063347, -15.914127], [-48.063321, -15.914119], [-48.063261, -15.914101], [-48.063259, -15.9141], [-48.063258, -15.914102], [-48.063258, -15.914103], [-48.063252, -15.91412], [-48.063234, -15.914175], [-48.063222, -15.914211], [-48.063318, -15.91424], [-48.063345, -15.914152], [-48.063352, -15.914128]]]}, "properties": {}},
{"type": "Feature", "geometry": {"type": "Polygon", "coordinates": [[[-48.062568, -15.916085], [-48.06264, -15.916107], [-48.06265, -15.916078], [-48.062656, -15.916057], [-48.062631, -15.916049], [-48.062634, -15.916038], [-48.062598, -15.916026], [-48.062594, -15.916036], [-48.062584, -15.916033], [-48.062568, -15.916085]]]}, "properties": {}},
{"type": "Feature", "geometry": {"type": "Polygon", "coordinates": [[[-48.062612, -15.915954], [-48.062682, -15.915976], [-48.062757, -15.915999], [-48.062769, -15.915962], [-48.062754, -15.915958], [-48.062762, -15.915934], [-48.062777, -15.915939], [-48.062781, -15.915925], [-48.062696, -15.915899], [-48.062607, -15.915871], [-48.062583, -15.915945], [-48.06261, -15.915954], [-48.062612, -15.915954]]]}, "properties": {}},
{"type": "Feature", "geometry": {"type": "Polygon", "coordinates": [[[-48.063062, -15.913873], [-48.063104, -15.913886], [-48.063122, -15.913891], [-48.063127, -15.913876], [-48.063149, -15.913807], [-48.063089, -15.913788], [-48.063012, -15.913764], [-48.062984, -15.91385], [-48.063016, -15.913859], [-48.063062, -15.913873]]]}, "properties": {}},
{"type": "Feature", "geometry": {"type": "Polygon", "coordinates": [[[-48.065078, -15.914435], [-48.065072, -15.914455], [-48.065047, -15.91453], [-48.065056, -15.914533], [-48.065047, -15.914563], [-48.06508, -15.914572], [-48.065113, -15.914582], [-48.06513, -15.914587], [-48.065161, -15.914491], [-48.065162, -15.914486], [-48.065171, -15.914456], [-48.065181, -15.914427], [-48.065099, -15.914402], [-48.065088, -15.914438], [-48.065078, -15.914435]]]}, "properties": {}},
{"type": "Feature", "geometry": {"type": "Polygon", "coordinates": [[[-48.062093, -15.917971], [-48.062077, -15.918022], [-48.06211, -15.918031], [-48.062123, -15.917992], [-48.062138, -15.917944], [-48.062002, -15.917904], [-48.061975, -15.917895], [-48.061945, -15.917983], [-48.062069, -15.918019], [-48.062086, -15.917969], [-48.062093, -15.917971]]]}, "properties": {}},
{"type": "Feature", "geometry": {"type": "Polygon", "coordinates": [[[-48.061823, -15.917853], [-48.061866, -15.917725], [-48.061866, -15.917724], [-48.061764, -15.917693], [-48.061735, -15.917776], [-48.061732, -15.917785], [-48.061722, -15.917814], [-48.061719, -15.917822], [-48.061715, -15.917835], [-48.061819, -15.917867], [-48.061823, -15.917853]]]}, "properties": {}},
{"type": "Feature", "geometry": {"type": "Polygon", "coordinates": [[[-48.056219, -15.919287], [-48.056284, -15.919306], [-48.056344, -15.919126], [-48.056278, -15.919106], [-48.056272, -15.919127], [-48.056238, -15.91923], [-48.056219, -15.919287]]]}, "properties": {}},
{"type": "Feature", "geometry": {"type": "Polygon", "coordinates": [[[-48.05527, -15.917799], [-48.055298, -15.917792], [-48.0553, -15.917791], [-48.05536, -15.917618], [-48.055355, -15.917616], [-48.05526, -15.917587], [-48.055239, -15.917651], [-48.055197, -15.917777], [-48.05527, -15.917799]]]}, "properties": {}},
{"type": "Feature", "geometry": {"type": "Polygon", "coordinates": [[[-48.05526, -15.917587], [-48.055355, -15.917616], [-48.055397, -15.917486], [-48.055372, -15.917478], [-48.05535, -15.917472], [-48.055302, -15.917457], [-48.05528, -15.917523], [-48.05526, -15.917586], [-48.05526, -15.917587]]]}, "properties": {}},
{"type": "Feature", "geometry": {"type": "Polygon", "coordinates": [[[-48.058263, -15.917172], [-48.058304, -15.917042], [-48.058305, -15.91704], [-48.058277, -15.917031], [-48.058276, -15.917033], [-48.058261, -15.91708], [-48.058228, -15.917069], [-48.058243, -15.917023], [-48.058197, -15.917009], [-48.058154, -15.91714], [-48.058258, -15.917171], [-48.058263, -15.917172]]]}, "properties": {}},
{"type": "Feature", "geometry": {"type": "Polygon", "coordinates": [[[-48.058704, -15.918867], [-48.058658, -15.918853], [-48.058535, -15.918814], [-48.058507, -15.918902], [-48.058676, -15.918954], [-48.058704, -15.918867]]]}, "properties": {}},
{"type": "Feature", "geometry": {"type": "Polygon", "coordinates": [[[-48.061741, -15.91862], [-48.061742, -15.918623], [-48.061762, -15.918654], [-48.06185, -15.918679], [-48.061877, -15.918593], [-48.061877, -15.918592], [-48.061896, -15.918535], [-48.061854, -15.918522], [-48.061784, -15.918501], [-48.061783, -15.918501], [-48.06178, -15.9185], [-48.061741, -15.918617], [-48.061741, -15.91862]]]}, "properties": {}},
{"type": "Feature", "geometry": {"type": "Polygon", "coordinates": [[[-48.061911, -15.918444], [-48.061971, -15.918462], [-48.061998, -15.918377], [-48.061833, -15.918327], [-48.061806, -15.918412], [-48.061811, -15.918413], [-48.061911, -15.918444]]]}, "properties": {}},
{"type": "Feature", "geometry": {"type": "Polygon", "coordinates": [[[-48.062832, -15.918061], [-48.062906, -15.918083], [-48.062922, -15.918088], [-48.062961, -15.91797], [-48.062965, -15.917959], [-48.062972, -15.917936], [-48.062879, -15.917906], [-48.062854, -15.917919], [-48.062808, -15.918053], [-48.062832, -15.918061]], [[-48.062851, -15.91801], [-48.062858, -15.91799], [-48.062887, -15.917999], [-48.06288, -15.918019], [-48.062851, -15.91801]]]}, "properties": {}},
{"type": "Feature", "geometry": {"type": "Polygon", "coordinates": [[[-48.062644, -15.917291], [-48.062636, -15.917317], [-48.062635, -15.91732], [-48.062723, -15.917346], [-48.062728, -15.917332], [-48.062726, -15.917332], [-48.062743, -15.917283], [-48.062774, -15.917191], [-48.062753, -15.917184], [-48.062656, -15.917155], [-48.062627, -15.917243], [-48.062657, -15.917252], [-48.062644, -15.917291]]]}, "properties": {}},
{"type": "Feature", "geometry": {"type": "Polygon", "coordinates": [[[-48.06204, -15.916843], [-48.062064, -15.916851], [-48.062057, -15.916872], [-48.062033, -15.916865], [-48.062015, -15.916918], [-48.062028, -15.916922], [-48.062102, -15.916945], [-48.062104, -15.916945], [-48.062153, -15.916792], [-48.062155, -15.916787], [-48.062067, -15.91676], [-48.062059, -15.916787], [-48.062058, -15.91679], [-48.06204, -15.916843]]]}, "properties": {}},
{"type": "Feature", "geometry": {"type": "Polygon", "coordinates": [[[-48.062072, -15.917687], [-48.062067, -15.917686], [-48.062065, -15.917692], [-48.062024, -15.917814], [-48.06203, -15.917816], [-48.062123, -15.917844], [-48.062143, -15.917777], [-48.062163, -15.917714], [-48.062167, -15.9177], [-48.06208, -15.917673], [-48.062075, -15.917688], [-48.062072, -15.917687]]]}, "properties": {}},
{"type": "Feature", "geometry": {"type": "Polygon", "coordinates": [[[-48.054825, -15.918496], [-48.054852, -15.918409], [-48.054779, -15.918387], [-48.054718, -15.918368], [-48.054715, -15.918377], [-48.054689, -15.918454], [-48.054825, -15.918496]]]}, "properties": {}},
{"type": "Feature", "geometry": {"type": "Polygon", "coordinates": [[[-48.055414, -15.917349], [-48.055419, -15.917351], [-48.05546, -15.917222], [-48.055386, -15.917199], [-48.055365, -15.917264], [-48.055344, -15.917328], [-48.055414, -15.917349]]]}, "properties": {}},
{"type": "Feature", "geometry": {"type": "Polygon", "coordinates": [[[-48.061982, -15.918372], [-48.062009, -15.918284], [-48.061983, -15.918276], [-48.06189, -15.918248], [-48.061882, -15.918245], [-48.061861, -15.918238], [-48.061856, -15.918237], [-48.061828, -15.918326], [-48.061833, -15.918327], [-48.061956, -15.918364], [-48.061982, -15.918372]]]}, "properties": {}},
{"type": "Feature", "geometry": {"type": "Polygon", "coordinates": [[[-48.061641, -15.918931], [-48.061612, -15.91902], [-48.061618, -15.919022], [-48.061618, -15.919023], [-48.061678, -15.919041], [-48.061693, -15.918995], [-48.061707, -15.91895], [-48.061641, -15.918931]]]}, "properties": {}},
{"type": "Feature", "geometry": {"type": "Polygon", "coordinates": [[[-48.059608, -15.918952], [-48.059615, -15.918932], [-48.059628, -15.918936], [-48.059624, -15.91895], [-48.059643, -15.918956], [-48.059641, -15.918962], [-48.059675, -15.918973], [-48.059701, -15.918894], [-48.059611, -15.918867], [-48.059599, -15.918904], [-48.059585, -15.918945], [-48.059608, -15.918952]]]}, "properties": {}},
{"type": "Feature", "geometry": {"type": "Polygon", "coordinates": [[[-48.061896, -15.918535], [-48.061897, -15.918535], [-48.061943, -15.918549], [-48.061951, -15.918522], [-48.061938, -15.918518], [-48.061953, -15.918471], [-48.061919, -15.91846], [-48.061907, -15.918456], [-48.061911, -15.918444], [-48.061811, -15.918413], [-48.061784, -15.918501], [-48.061854, -15.918522], [-48.061896, -15.918535]]]}, "properties": {}},
{"type": "Feature", "geometry": {"type": "Polygon", "coordinates": [[[-48.061912, -15.917645], [-48.061915, -15.917646], [-48.061937, -15.917577], [-48.061934, -15.917576], [-48.06194, -15.917558], [-48.061909, -15.917549], [-48.061845, -15.917529], [-48.061837, -15.917527], [-48.061775, -15.917508], [-48.061774, -15.917508], [-48.061746, -15.917595], [-48.061892, -15.917639], [-48.061912, -15.917645]]]}, "properties": {}},
{"type": "Feature", "geometry": {"type": "Polygon", "coordinates": [[[-48.061837, -15.917527], [-48.061845, -15.917501], [-48.061853, -15.917504], [-48.061845, -15.917529], [-48.061909, -15.917549], [-48.061937, -15.917462], [-48.061873, -15.917443], [-48.061869, -15.917455], [-48.061861, -15.917452], [-48.061865, -15.91744], [-48.061864, -15.91744], [-48.061803, -15.917422], [-48.061802, -15.917422], [-48.061775, -15.917508], [-48.061837, -15.917527]]]}, "properties": {}},
{"type": "Feature", "geometry": {"type": "Polygon", "coordinates": [[[-48.062289, -15.917296], [-48.062213, -15.917272], [-48.062204, -15.917299], [-48.062204, -15.9173], [-48.062176, -15.917388], [-48.062255, -15.917412], [-48.062256, -15.917411], [-48.062289, -15.917296]]]}, "properties": {}},
{"type": "Feature", "geometry": {"type": "Polygon", "coordinates": [[[-48.061494, -15.918626], [-48.061491, -15.918634], [-48.061462, -15.918625], [-48.061445, -15.918678], [-48.061557, -15.918712], [-48.061559, -15.918712], [-48.061598, -15.918581], [-48.06153, -15.918562], [-48.061539, -15.918532], [-48.061494, -15.91852], [-48.061487, -15.918545], [-48.061464, -15.918617], [-48.061494, -15.918626]]]}, "properties": {}},
{"type": "Feature", "geometry": {"type": "Polygon", "coordinates": [[[-48.055073, -15.916974], [-48.055063, -15.917005], [-48.055102, -15.917017], [-48.055152, -15.917032], [-48.055153, -15.917032], [-48.055178, -15.91704], [-48.055221, -15.916911], [-48.055195, -15.916903], [-48.055194, -15.916902], [-48.055148, -15.916888], [-48.055106, -15.916875], [-48.055079, -15.916955], [-48.055073, -15.916974]]]}, "properties": {}},
{"type": "Feature", "geometry": {"type": "Polygon", "coordinates": [[[-48.055514, -15.916813], [-48.055584, -15.916834], [-48.055627, -15.916703], [-48.055557, -15.916682], [-48.055556, -15.916684], [-48.055536, -15.916746], [-48.055514, -15.916813]]]}, "properties": {}},
{"type": "Feature", "geometry": {"type": "Polygon", "coordinates": [[[-48.057076, -15.919121], [-48.057074, -15.919126], [-48.057042, -15.919116], [-48.057027, -15.919164], [-48.057074, -15.919178], [-48.057102, -15.919091], [-48.057116, -15.919049], [-48.057027, -15.919022], [-48.057004, -15.919093], [-48.057002, -15.919098], [-48.057076, -15.919121]]]}, "properties": {}},
{"type": "Feature", "geometry": {"type": "Polygon", "coordinates": [[[-48.056105, -15.919181], [-48.056165, -15.919199], [-48.056185, -15.919136], [-48.056195, -15.919139], [-48.056205, -15.919107], [-48.056215, -15.919077], [-48.056216, -15.919072], [-48.056146, -15.919051], [-48.056145, -15.919055], [-48.056116, -15.919144], [-48.056105, -15.919181]]]}, "properties": {}},
{"type": "Feature", "geometry": {"type": "Polygon", "coordinates": [[[-48.05659, -15.916938], [-48.056664, -15.916961], [-48.056711, -15.916976], [-48.056761, -15.916822], [-48.056775, -15.91678], [-48.056643, -15.91674], [-48.056579, -15.916934], [-48.05659, -15.916938]]]}, "properties": {}},
{"type": "Feature", "geometry": {"type": "Polygon", "coordinates": [[[-48.065087, -15.918599], [-48.06506, -15.918686], [-48.065057, -15.918685], [-48.065049, -15.918709], [-48.065034, -15.918757], [-48.065101, -15.918776], [-48.065142, -15.918646], [-48.065156, -15.9186], [-48.065103, -15.918584], [-48.065101, -15.91859], [-48.06509, -15.918587], [-48.065087, -15.918599]]]}, "properties": {}},
{"type": "Feature", "geometry": {"type": "Polygon", "coordinates": [[[-48.062729, -15.917121], [-48.06277, -15.917133], [-48.062767, -15.917142], [-48.062762, -15.91714], [-48.062758, -15.917153], [-48.062763, -15.917155], [-48.062753, -15.917184], [-48.062774, -15.917191], [-48.062784, -15.917194], [-48.06281, -15.917201], [-48.062817, -15.917204], [-48.062845, -15.917117], [-48.06279, -15.9171], [-48.062712, -15.917076], [-48.062701, -15.91711], [-48.062729, -15.917118], [-48.062729, -15.917121]]]}, "properties": {}},
{"type": "Feature", "geometry": {"type": "Polygon", "coordinates": [[[-48.062191, -15.917582], [-48.062206, -15.917537], [-48.062229, -15.917544], [-48.062214, -15.917589], [-48.062249, -15.9176], [-48.062269, -15.917539], [-48.062277, -15.917514], [-48.062144, -15.917472], [-48.062144, -15.917474], [-48.062118, -15.91756], [-48.062191, -15.917582]]]}, "properties": {}},
{"type": "Feature", "geometry": {"type": "Polygon", "coordinates": [[[-48.063884, -15.917566], [-48.063952, -15.917586], [-48.063965, -15.91759], [-48.063967, -15.917584], [-48.063972, -15.917567], [-48.063977, -15.917553], [-48.063982, -15.917536], [-48.063994, -15.917499], [-48.064005, -15.917465], [-48.064008, -15.917457], [-48.0639, -15.917424], [-48.06387, -15.917519], [-48.063896, -15.917528], [-48.063884, -15.917566]]]}, "properties": {}},
{"type": "Feature", "geometry": {"type": "Polygon", "coordinates": [[[-48.064281, -15.917675], [-48.064281, -15.917677], [-48.064305, -15.917684], [-48.064294, -15.917719], [-48.064333, -15.91773], [-48.064358, -15.917738], [-48.064397, -15.917619], [-48.064309, -15.917592], [-48.064298, -15.917624], [-48.064281, -15.917675]]]}, "properties": {}},
{"type": "Feature", "geometry": {"type": "Polygon", "coordinates": [[[-48.064616, -15.917258], [-48.064648, -15.917269], [-48.064653, -15.917254], [-48.064707, -15.91727], [-48.064708, -15.91727], [-48.064712, -15.917259], [-48.064725, -15.917218], [-48.064726, -15.917215], [-48.064732, -15.917196], [-48.064645, -15.917168], [-48.064638, -15.917189], [-48.064616, -15.917256], [-48.064617, -15.917256], [-48.064616, -15.917258]]]}, "properties": {}},
{"type": "Feature", "geometry": {"type": "Polygon", "coordinates": [[[-48.062798, -15.916369], [-48.062821, -15.916376], [-48.062842, -15.916309], [-48.062828, -15.916305], [-48.06283, -15.916299], [-48.062824, -15.916298], [-48.062829, -15.916281], [-48.062735, -15.916253], [-48.06273, -15.916265], [-48.062727, -15.916276], [-48.06271, -15.916326], [-48.062706, -15.91634], [-48.062716, -15.916344], [-48.062798, -15.916369]]]}, "properties": {}},
{"type": "Feature", "geometry": {"type": "Polygon", "coordinates": [[[-48.062475, -15.915829], [-48.062486, -15.915832], [-48.062515, -15.915743], [-48.062361, -15.915697], [-48.062347, -15.915739], [-48.062332, -15.915786], [-48.062475, -15.915829]]]}, "properties": {}},
{"type": "Feature", "geometry": {"type": "Polygon", "coordinates": [[[-48.062021, -15.917202], [-48.062048, -15.917118], [-48.061971, -15.917095], [-48.061913, -15.917077], [-48.061886, -15.917163], [-48.06202, -15.917204], [-48.062021, -15.917202]]]}, "properties": {}},
{"type": "Feature", "geometry": {"type": "Polygon", "coordinates": [[[-48.061732, -15.919007], [-48.061721, -15.91904], [-48.061749, -15.919049], [-48.061761, -15.919011], [-48.061774, -15.91897], [-48.061707, -15.91895], [-48.061693, -15.918995], [-48.061732, -15.919007]]]}, "properties": {}},
{"type": "Feature", "geometry": {"type": "Polygon", "coordinates": [[[-48.063716, -15.918663], [-48.063804, -15.918689], [-48.063808, -15.918679], [-48.063818, -15.918646], [-48.063844, -15.918568], [-48.063853, -15.918538], [-48.063767, -15.918511], [-48.063737, -15.918601], [-48.063735, -15.918605], [-48.063716, -15.918663]]]}, "properties": {}},
{"type": "Feature", "geometry": {"type": "Polygon", "coordinates": [[[-48.061438, -15.918724], [-48.061446, -15.918726], [-48.061432, -15.918768], [-48.06153, -15.918797], [-48.061557, -15.918712], [-48.061445, -15.918678], [-48.0614, -15.918664], [-48.061372, -15.91875], [-48.061424, -15.918766], [-48.061438, -15.918724]]]}, "properties": {}},
{"type": "Feature", "geometry": {"type": "Polygon", "coordinates": [[[-48.05658, -15.918895], [-48.056557, -15.918967], [-48.056533, -15.919044], [-48.05662, -15.91907], [-48.056627, -15.919048], [-48.056629, -15.919042], [-48.056671, -15.918913], [-48.056639, -15.918903], [-48.056636, -15.918912], [-48.05658, -15.918895]]]}, "properties": {}},
{"type": "Feature", "geometry": {"type": "Polygon", "coordinates": [[[-48.054523, -15.918745], [-48.054591, -15.918766], [-48.054633, -15.918634], [-48.054596, -15.918623], [-48.054595, -15.918627], [-48.054574, -15.918621], [-48.05457, -15.918631], [-48.05456, -15.918627], [-48.054523, -15.918745]], [[-48.054574, -15.918699], [-48.054581, -15.918678], [-48.054599, -15.918684], [-48.054592, -15.918705], [-48.054574, -15.918699]]]}, "properties": {}},
{"type": "Feature", "geometry": {"type": "Polygon", "coordinates": [[[-48.05462, -15.918453], [-48.054683, -15.918471], [-48.054689, -15.918454], [-48.054718, -15.918368], [-48.054732, -15.918324], [-48.054643, -15.918297], [-48.054631, -15.918337], [-48.054697, -15.918358], [-48.054693, -15.91837], [-48.054626, -15.91835], [-48.054617, -15.918381], [-48.054601, -15.91843], [-48.054624, -15.918437], [-48.05462, -15.918453]]]}, "properties": {}},
{"type": "Feature", "geometry": {"type": "Polygon", "coordinates": [[[-48.056491, -15.918893], [-48.056483, -15.918891], [-48.056479, -15.918902], [-48.056451, -15.918989], [-48.056442, -15.919016], [-48.056533, -15.919044], [-48.056557, -15.918967], [-48.056562, -15.918954], [-48.056548, -15.918949], [-48.05655, -15.918941], [-48.056564, -15.918946], [-48.056583, -15.918886], [-48.056544, -15.918874], [-48.056493, -15.918858], [-48.05649, -15.91887], [-48.056487, -15.918879], [-48.056495, -15.918882], [-48.056491, -15.918893]]]}, "properties": {}},
{"type": "Feature", "geometry": {"type": "Polygon", "coordinates": [[[-48.063215, -15.91478], [-48.063422, -15.91484], [-48.063464, -15.91471], [-48.063463, -15.91471], [-48.063397, -15.91469], [-48.063329, -15.914669], [-48.063284, -15.914655], [-48.063258, -15.914647], [-48.063231, -15.914743], [-48.063223, -15.91477], [-48.063215, -15.91478]]]}, "properties": {}},
{"type": "Feature", "geometry": {"type": "Polygon", "coordinates": [[[-48.061577, -15.918207], [-48.061568, -15.918236], [-48.061677, -15.918267], [-48.061713, -15.918152], [-48.06168, -15.918143], [-48.061579, -15.918115], [-48.061579, -15.918117], [-48.061552, -15.918199], [-48.061577, -15.918207]]]}, "properties": {}},
{"type": "Feature", "geometry": {"type": "Polygon", "coordinates": [[[-48.061803, -15.917994], [-48.061778, -15.917961], [-48.061643, -15.91792], [-48.061637, -15.917936], [-48.061636, -15.91794], [-48.061628, -15.917966], [-48.061614, -15.918009], [-48.06161, -15.918022], [-48.061608, -15.918026], [-48.061775, -15.918077], [-48.061803, -15.917994]]]}, "properties": {}},
{"type": "Feature", "geometry": {"type": "Polygon", "coordinates": [[[-48.056136, -15.918006], [-48.056165, -15.918015], [-48.056165, -15.918017], [-48.056221, -15.918034], [-48.056264, -15.917903], [-48.056187, -15.91788], [-48.056174, -15.917917], [-48.056211, -15.917929], [-48.056207, -15.917941], [-48.056189, -15.917936], [-48.056172, -15.917986], [-48.05616, -15.917982], [-48.056156, -15.917994], [-48.056148, -15.917992], [-48.056186, -15.917879], [-48.05612, -15.917859], [-48.056059, -15.91805], [-48.056117, -15.918067], [-48.056136, -15.918006]]]}, "properties": {}},
{"type": "Feature", "geometry": {"type": "Polygon", "coordinates": [[[-48.056517, -15.917126], [-48.056538, -15.91706], [-48.056548, -15.91703], [-48.056462, -15.917002], [-48.056364, -15.91697], [-48.056335, -15.917069], [-48.056371, -15.91708], [-48.056517, -15.917126]]]}, "properties": {}},
{"type": "Feature", "geometry": {"type": "Polygon", "coordinates": [[[-48.062112, -15.916506], [-48.062104, -15.91653], [-48.062092, -15.916526], [-48.062082, -15.916559], [-48.062218, -15.916601], [-48.062219, -15.916602], [-48.062242, -15.916608], [-48.062267, -15.916522], [-48.062245, -15.916515], [-48.062111, -15.916472], [-48.062102, -15.916497], [-48.062101, -15.916502], [-48.062112, -15.916506]]]}, "properties": {}},
{"type": "Feature", "geometry": {"type": "Polygon", "coordinates": [[[-48.062489, -15.916536], [-48.0625, -15.91654], [-48.062584, -15.916565], [-48.062585, -15.916561], [-48.062612, -15.916479], [-48.062599, -15.916475], [-48.062518, -15.916451], [-48.0625, -15.916445], [-48.062476, -15.916438], [-48.062469, -15.916436], [-48.062449, -15.91643], [-48.062422, -15.916515], [-48.062441, -15.916521], [-48.062489, -15.916536]]]}, "properties": {}},
{"type": "Feature", "geometry": {"type": "Polygon", "coordinates": [[[-48.064791, -15.916667], [-48.064845, -15.916683], [-48.064847, -15.916683], [-48.064852, -15.916667], [-48.064865, -15.916625], [-48.064874, -15.916597], [-48.064785, -15.916571], [-48.064756, -15.916562], [-48.06474, -15.916557], [-48.064732, -15.916555], [-48.064705, -15.916641], [-48.064713, -15.916644], [-48.064791, -15.916667]]]}, "properties": {}},
{"type": "Feature", "geometry": {"type": "Polygon", "coordinates": [[[-48.054232, -15.918342], [-48.054285, -15.91819], [-48.054252, -15.918179], [-48.054248, -15.918193], [-48.054229, -15.918187], [-48.054233, -15.918174], [-48.054198, -15.918163], [-48.054184, -15.918206], [-48.054147, -15.918318], [-48.054232, -15.918342]]]}, "properties": {}},
{"type": "Feature", "geometry": {"type": "Polygon", "coordinates": [[[-48.059258, -15.918356], [-48.059277, -15.918299], [-48.059188, -15.918271], [-48.05915, -15.918389], [-48.059239, -15.918415], [-48.059258, -15.918356]]]}, "properties": {}},
{"type": "Feature", "geometry": {"type": "Polygon", "coordinates": [[[-48.062245, -15.916515], [-48.062267, -15.916522], [-48.062302, -15.916414], [-48.062143, -15.916369], [-48.062138, -15.916386], [-48.062111, -15.916472], [-48.062245, -15.916515]]]}, "properties": {}},
{"type": "Feature", "geometry": {"type": "Polygon", "coordinates": [[[-48.054793, -15.916329], [-48.054786, -15.916353], [-48.054797, -15.916357], [-48.054769, -15.916441], [-48.054835, -15.916461], [-48.054882, -15.916475], [-48.054907, -15.916389], [-48.054914, -15.916364], [-48.054793, -15.916329]]]}, "properties": {}},
{"type": "Feature", "geometry": {"type": "Polygon", "coordinates": [[[-48.056283, -15.917324], [-48.05642, -15.917367], [-48.056458, -15.917252], [-48.056457, -15.917252], [-48.056319, -15.917208], [-48.056319, -15.917209], [-48.05628, -15.917323], [-48.056283, -15.917324]]]}, "properties": {}},
{"type": "Feature", "geometry": {"type": "Polygon", "coordinates": [[[-48.05546, -15.917222], [-48.055484, -15.917229], [-48.055527, -15.9171], [-48.055496, -15.91709], [-48.055429, -15.917069], [-48.055408, -15.917133], [-48.055386, -15.917199], [-48.05546, -15.917222]]]}, "properties": {}},
{"type": "Feature", "geometry": {"type": "Polygon", "coordinates": [[[-48.057801, -15.918749], [-48.057791, -15.91878], [-48.05786, -15.9188], [-48.057926, -15.918819], [-48.057954, -15.918827], [-48.057981, -15.918743], [-48.057962, -15.918708], [-48.057827, -15.918667], [-48.057819, -15.918694], [-48.057819, -15.918695], [-48.057801, -15.918749]]]}, "properties": {}},
{"type": "Feature", "geometry": {"type": "Polygon", "coordinates": [[[-48.063691, -15.918589], [-48.063711, -15.91853], [-48.063718, -15.918532], [-48.063718, -15.918534], [-48.063721, -15.918535], [-48.063705, -15.918582], [-48.063707, -15.918583], [-48.063704, -15.918591], [-48.063737, -15.918601], [-48.063767, -15.918511], [-48.063676, -15.918482], [-48.063645, -15.918575], [-48.063691, -15.918589]]]}, "properties": {}},
{"type": "Feature", "geometry": {"type": "Polygon", "coordinates": [[[-48.061679, -15.91691], [-48.061701, -15.916917], [-48.061729, -15.916833], [-48.061613, -15.916797], [-48.06157, -15.916784], [-48.061543, -15.916862], [-48.061681, -15.916904], [-48.061679, -15.91691]]]}, "properties": {}},
{"type": "Feature", "geometry": {"type": "Polygon", "coordinates": [[[-48.061279, -15.918627], [-48.061335, -15.918644], [-48.061346, -15.918613], [-48.061367, -15.918619], [-48.061392, -15.918537], [-48.061304, -15.918509], [-48.061277, -15.918592], [-48.06129, -15.918596], [-48.061279, -15.918627]]]}, "properties": {}},
{"type": "Feature", "geometry": {"type": "Polygon", "coordinates": [[[-48.063535, -15.918609], [-48.063544, -15.918582], [-48.063557, -15.918542], [-48.063538, -15.918536], [-48.063539, -15.918535], [-48.063528, -15.918531], [-48.063532, -15.918519], [-48.063562, -15.918528], [-48.063575, -15.91849], [-48.063576, -15.918487], [-48.063587, -15.918453], [-48.0635, -15.918426], [-48.06345, -15.91858], [-48.063449, -15.918582], [-48.063535, -15.918609]]]}, "properties": {}},
{"type": "Feature", "geometry": {"type": "Polygon", "coordinates": [[[-48.062804, -15.915684], [-48.062853, -15.9157], [-48.062863, -15.915671], [-48.062878, -15.915623], [-48.062725, -15.915574], [-48.062699, -15.91565], [-48.062779, -15.915676], [-48.062804, -15.915684]]]}, "properties": {}},
{"type": "Feature", "geometry": {"type": "Polygon", "coordinates": [[[-48.064091, -15.915031], [-48.064146, -15.915048], [-48.064142, -15.915063], [-48.064152, -15.915066], [-48.064154, -15.91506], [-48.064223, -15.915081], [-48.064232, -15.915055], [-48.064265, -15.914952], [-48.064227, -15.914941], [-48.064225, -15.914947], [-48.064183, -15.914934], [-48.064185, -15.914928], [-48.064131, -15.914912], [-48.06413, -15.914911], [-48.064114, -15.914961], [-48.0641, -15.915001], [-48.064091, -15.915031]]]}, "properties": {}},
{"type": "Feature", "geometry": {"type": "Polygon", "coordinates": [[[-48.061666, -15.91835], [-48.061615, -15.918335], [-48.0616, -15.918384], [-48.06165, -15.9184], [-48.061666, -15.91835]]]}, "properties": {}},
{"type": "Feature", "geometry": {"type": "Polygon", "coordinates": [[[-48.062556, -15.916651], [-48.062584, -15.916565], [-48.0625, -15.91654], [-48.062489, -15.916536], [-48.062441, -15.916521], [-48.062422, -15.916515], [-48.062394, -15.916601], [-48.0625, -15.916634], [-48.062556, -15.916651]]]}, "properties": {}},
{"type": "Feature", "geometry": {"type": "Polygon", "coordinates": [[[-48.0625, -15.916352], [-48.062504, -15.916353], [-48.062595, -15.91638], [-48.062619, -15.91631], [-48.062642, -15.916238], [-48.062646, -15.916227], [-48.062525, -15.916191], [-48.0625, -15.916269], [-48.062476, -15.916345], [-48.0625, -15.916352]]]}, "properties": {}},
{"type": "Feature", "geometry": {"type": "Polygon", "coordinates": [[[-48.062741, -15.915746], [-48.062772, -15.915755], [-48.062789, -15.915705], [-48.062771, -15.9157], [-48.062779, -15.915676], [-48.062699, -15.91565], [-48.062683, -15.915644], [-48.062682, -15.915647], [-48.062657, -15.91572], [-48.062741, -15.915746]]]}, "properties": {}},
{"type": "Feature", "geometry": {"type": "Polygon", "coordinates": [[[-48.059072, -15.915685], [-48.059085, -15.915643], [-48.05904, -15.915629], [-48.059039, -15.915634], [-48.059017, -15.915628], [-48.059005, -15.915664], [-48.059056, -15.91568], [-48.059072, -15.915685]]]}, "properties": {}},
{"type": "Feature", "geometry": {"type": "Polygon", "coordinates": [[[-48.062725, -15.915574], [-48.062878, -15.915623], [-48.062903, -15.915548], [-48.062903, -15.915547], [-48.062732, -15.915493], [-48.062712, -15.915556], [-48.062708, -15.915569], [-48.062725, -15.915574]]]}, "properties": {}},
{"type": "Feature", "geometry": {"type": "Polygon", "coordinates": [[[-48.055903, -15.916514], [-48.055953, -15.916529], [-48.055949, -15.916543], [-48.055977, -15.916551], [-48.056022, -15.916529], [-48.056293, -15.915699], [-48.056282, -15.915696], [-48.056313, -15.9156], [-48.056262, -15.915584], [-48.056231, -15.91568], [-48.056178, -15.915664], [-48.055903, -15.916514]]]}, "properties": {}},
{"type": "Feature", "geometry": {"type": "Polygon", "coordinates": [[[-48.058895, -15.915552], [-48.058872, -15.915624], [-48.05894, -15.915645], [-48.058949, -15.91561], [-48.058969, -15.915545], [-48.058974, -15.915531], [-48.058947, -15.915522], [-48.058942, -15.915537], [-48.058903, -15.915525], [-48.058895, -15.915552]]]}, "properties": {}},
{"type": "Feature", "geometry": {"type": "Polygon", "coordinates": [[[-48.05913, -15.9156], [-48.059128, -15.915607], [-48.059124, -15.915619], [-48.059096, -15.91561], [-48.059085, -15.915643], [-48.059072, -15.915685], [-48.059099, -15.915693], [-48.059121, -15.915699], [-48.059138, -15.915705], [-48.059169, -15.915607], [-48.059171, -15.915599], [-48.059211, -15.915481], [-48.059212, -15.915478], [-48.059141, -15.915467], [-48.059115, -15.915548], [-48.059102, -15.915592], [-48.05913, -15.9156]]]}, "properties": {}},
{"type": "Feature", "geometry": {"type": "Polygon", "coordinates": [[[-48.059028, -15.915596], [-48.059049, -15.915603], [-48.059086, -15.915616], [-48.059111, -15.915547], [-48.059115, -15.915548], [-48.059141, -15.915467], [-48.059142, -15.915464], [-48.059144, -15.91546], [-48.059078, -15.915438], [-48.059077, -15.91544], [-48.059076, -15.915444], [-48.059028, -15.915596]]]}, "properties": {}},
{"type": "Feature", "geometry": {"type": "Polygon", "coordinates": [[[-48.059023, -15.915482], [-48.059, -15.915554], [-48.058969, -15.915545], [-48.058949, -15.91561], [-48.05894, -15.915645], [-48.059005, -15.915664], [-48.059017, -15.915628], [-48.059024, -15.915609], [-48.059028, -15.915596], [-48.059076, -15.915444], [-48.059077, -15.91544], [-48.059009, -15.91542], [-48.059008, -15.915424], [-48.058992, -15.915473], [-48.059023, -15.915482]]]}, "properties": {}},
{"type": "Feature", "geometry": {"type": "Polygon", "coordinates": [[[-48.05976, -15.9156], [-48.0598, -15.915588], [-48.059811, -15.915584], [-48.059947, -15.915543], [-48.059913, -15.915459], [-48.059892, -15.915407], [-48.05972, -15.915466], [-48.059736, -15.915514], [-48.05976, -15.9156]]]}, "properties": {}},
{"type": "Feature", "geometry": {"type": "Polygon", "coordinates": [[[-48.058925, -15.915453], [-48.058992, -15.915473], [-48.059008, -15.915424], [-48.059009, -15.91542], [-48.058942, -15.915398], [-48.058941, -15.915403], [-48.058926, -15.91545], [-48.058925, -15.915453]]]}, "properties": {}},
{"type": "Feature", "geometry": {"type": "Polygon", "coordinates": [[[-48.062928, -15.915473], [-48.062972, -15.915337], [-48.062897, -15.915314], [-48.062889, -15.915311], [-48.062846, -15.915297], [-48.062826, -15.915291], [-48.062799, -15.915282], [-48.062754, -15.915417], [-48.062773, -15.915423], [-48.062928, -15.915473]]]}, "properties": {}},
{"type": "Feature", "geometry": {"type": "Polygon", "coordinates": [[[-48.060252, -15.9154], [-48.060376, -15.915338], [-48.060333, -15.915256], [-48.060329, -15.915249], [-48.060313, -15.915218], [-48.060307, -15.915207], [-48.060182, -15.915268], [-48.060192, -15.915286], [-48.060252, -15.9154]]]}, "properties": {}},
{"type": "Feature", "geometry": {"type": "Polygon", "coordinates": [[[-48.06315, -15.915261], [-48.063168, -15.915267], [-48.063166, -15.915271], [-48.063327, -15.915321], [-48.063349, -15.915328], [-48.063432, -15.915354], [-48.063462, -15.915263], [-48.063374, -15.915235], [-48.06338, -15.915216], [-48.0632, -15.91516], [-48.063198, -15.915166], [-48.063182, -15.91516], [-48.063179, -15.915159], [-48.063145, -15.915258], [-48.06315, -15.91526], [-48.06315, -15.915261]]]}, "properties": {}},
{"type": "Feature", "geometry": {"type": "Polygon", "coordinates": [[[-48.063295, -15.9139], [-48.063318, -15.913907], [-48.06343, -15.913942], [-48.063444, -15.913901], [-48.063449, -15.913885], [-48.063459, -15.913854], [-48.063336, -15.913817], [-48.063323, -15.913812], [-48.06332, -15.913812], [-48.063307, -15.91385], [-48.063311, -15.913851], [-48.063295, -15.9139]]]}, "properties": {}},
{"type": "Feature", "geometry": {"type": "Polygon", "coordinates": [[[-48.054247, -15.91381], [-48.054229, -15.913865], [-48.054273, -15.913878], [-48.054318, -15.913892], [-48.054343, -15.913814], [-48.05436, -15.913762], [-48.054366, -15.913744], [-48.054367, -15.913739], [-48.054279, -15.913712], [-48.054278, -15.913717], [-48.054247, -15.91381]]]}, "properties": {}},
{"type": "Feature", "geometry": {"type": "Polygon", "coordinates": [[[-48.0625, -15.916634], [-48.062394, -15.916601], [-48.062366, -15.916689], [-48.0625, -15.916729], [-48.062528, -15.916738], [-48.062551, -15.916667], [-48.062556, -15.916651], [-48.0625, -15.916634]]]}, "properties": {}},
{"type": "Feature", "geometry": {"type": "Polygon", "coordinates": [[[-48.056162, -15.919238], [-48.056189, -15.919247], [-48.056199, -15.919218], [-48.056238, -15.91923], [-48.056272, -15.919127], [-48.056205, -15.919107], [-48.056195, -15.919139], [-48.056172, -15.91921], [-48.056162, -15.919238]]]}, "properties": {}},
{"type": "Feature", "geometry": {"type": "Polygon", "coordinates": [[[-48.054374, -15.918984], [-48.054363, -15.918981], [-48.05419, -15.91893], [-48.05417, -15.918993], [-48.054352, -15.919049], [-48.054374, -15.918984]]]}, "properties": {}},
{"type": "Feature", "geometry": {"type": "Polygon", "coordinates": [[[-48.054394, -15.91892], [-48.054416, -15.918855], [-48.054256, -15.918807], [-48.054236, -15.918871], [-48.054384, -15.918917], [-48.054394, -15.91892]]]}, "properties": {}},
{"type": "Feature", "geometry": {"type": "Polygon", "coordinates": [[[-48.054493, -15.918701], [-48.054496, -15.918692], [-48.0545, -15.918693], [-48.054509, -15.918664], [-48.054537, -15.918672], [-48.054555, -15.918612], [-48.054564, -15.918614], [-48.054564, -15.918613], [-48.054569, -15.918597], [-48.054571, -15.918593], [-48.054534, -15.918582], [-48.054508, -15.918573], [-48.054506, -15.918577], [-48.054468, -15.918694], [-48.054493, -15.918701]]]}, "properties": {}},
{"type": "Feature", "geometry": {"type": "Polygon", "coordinates": [[[-48.054505, -15.91842], [-48.054527, -15.918353], [-48.054553, -15.91827], [-48.054377, -15.918217], [-48.054377, -15.918218], [-48.054328, -15.91837], [-48.054505, -15.91842]]]}, "properties": {}},
{"type": "Feature", "geometry": {"type": "Polygon", "coordinates": [[[-48.056362, -15.9175], [-48.05636, -15.917506], [-48.05639, -15.917515], [-48.056392, -15.91751], [-48.056411, -15.91745], [-48.056413, -15.917443], [-48.056433, -15.917384], [-48.056437, -15.917372], [-48.05642, -15.917367], [-48.056283, -15.917324], [-48.05628, -15.917323], [-48.056246, -15.917426], [-48.056374, -15.917465], [-48.056362, -15.9175]]]}, "properties": {}},
{"type": "Feature", "geometry": {"type": "Polygon", "coordinates": [[[-48.061801, -15.918886], [-48.061788, -15.918928], [-48.061879, -15.918956], [-48.061922, -15.91882], [-48.061927, -15.918804], [-48.061702, -15.918737], [-48.061668, -15.918844], [-48.061801, -15.918886]]]}, "properties": {}},
{"type": "Feature", "geometry": {"type": "Polygon", "coordinates": [[[-48.062007, -15.918153], [-48.061934, -15.918131], [-48.061935, -15.918127], [-48.062025, -15.918155], [-48.062041, -15.918104], [-48.061948, -15.918076], [-48.061919, -15.918162], [-48.061996, -15.918185], [-48.062007, -15.918153]]]}, "properties": {}},
{"type": "Feature", "geometry": {"type": "Polygon", "coordinates": [[[-48.054747, -15.91873], [-48.054759, -15.918734], [-48.054892, -15.918775], [-48.054917, -15.9187], [-48.054924, -15.91868], [-48.054794, -15.91864], [-48.054756, -15.918639], [-48.054728, -15.918724], [-48.054733, -15.918726], [-48.054747, -15.91873]]]}, "properties": {}},
{"type": "Feature", "geometry": {"type": "Polygon", "coordinates": [[[-48.059415, -15.91727], [-48.059421, -15.91725], [-48.059386, -15.917239], [-48.059368, -15.917291], [-48.059404, -15.917302], [-48.059415, -15.91727]]]}, "properties": {}},
{"type": "Feature", "geometry": {"type": "Polygon", "coordinates": [[[-48.061394, -15.918852], [-48.061477, -15.918876], [-48.061502, -15.918884], [-48.06153, -15.918797], [-48.061432, -15.918768], [-48.061424, -15.918766], [-48.061372, -15.91875], [-48.061344, -15.918837], [-48.061346, -15.918837], [-48.061394, -15.918852]]]}, "properties": {}},
{"type": "Feature", "geometry": {"type": "Polygon", "coordinates": [[[-48.054458, -15.918725], [-48.054463, -15.918709], [-48.054468, -15.918694], [-48.054506, -15.918577], [-48.054508, -15.918573], [-48.054441, -15.918552], [-48.054438, -15.918551], [-48.054437, -15.918555], [-48.054388, -15.918703], [-48.054458, -15.918725]]]}, "properties": {}},
{"type": "Feature", "geometry": {"type": "Polygon", "coordinates": [[[-48.054983, -15.91755], [-48.054998, -15.917506], [-48.054914, -15.91748], [-48.054928, -15.917437], [-48.054879, -15.917421], [-48.054851, -15.917509], [-48.054897, -15.917523], [-48.054983, -15.91755]]]}, "properties": {}},
{"type": "Feature", "geometry": {"type": "Polygon", "coordinates": [[[-48.06228, -15.917505], [-48.062291, -15.917469], [-48.062305, -15.917427], [-48.062176, -15.917388], [-48.062175, -15.917387], [-48.062173, -15.917387], [-48.062144, -15.917472], [-48.062277, -15.917514], [-48.06228, -15.917505]]]}, "properties": {}},
{"type": "Feature", "geometry": {"type": "Polygon", "coordinates": [[[-48.062873, -15.916904], [-48.06286, -15.9169], [-48.062862, -15.916895], [-48.062778, -15.91687], [-48.06277, -15.916867], [-48.062758, -15.916903], [-48.062767, -15.916906], [-48.062901, -15.916946], [-48.062929, -15.916858], [-48.062795, -15.916817], [-48.062786, -15.916846], [-48.062882, -15.916876], [-48.062873, -15.916904]]]}, "properties": {}},
{"type": "Feature", "geometry": {"type": "Polygon", "coordinates": [[[-48.054384, -15.918917], [-48.054236, -15.918871], [-48.054211, -15.918863], [-48.05419, -15.91893], [-48.054363, -15.918981], [-48.054384, -15.918917]]]}, "properties": {}},
{"type": "Feature", "geometry": {"type": "Polygon", "coordinates": [[[-48.056787, -15.91715], [-48.056783, -15.917148], [-48.056741, -15.91728], [-48.056746, -15.917281], [-48.056848, -15.917312], [-48.056891, -15.917182], [-48.056787, -15.91715]]]}, "properties": {}},
{"type": "Feature", "geometry": {"type": "Polygon", "coordinates": [[[-48.056939, -15.917197], [-48.056967, -15.91711], [-48.056844, -15.917073], [-48.056815, -15.917064], [-48.05681, -15.917063], [-48.056783, -15.917148], [-48.056787, -15.91715], [-48.056939, -15.917197]]]}, "properties": {}},
{"type": "Feature", "geometry": {"type": "Polygon", "coordinates": [[[-48.056901, -15.915434], [-48.056918, -15.915375], [-48.056914, -15.915374], [-48.056915, -15.91537], [-48.056914, -15.91537], [-48.056917, -15.915357], [-48.056921, -15.915359], [-48.056927, -15.915339], [-48.056892, -15.91533], [-48.05688, -15.915365], [-48.056861, -15.915424], [-48.056901, -15.915434]]]}, "properties": {}},
{"type": "Feature", "geometry": {"type": "Polygon", "coordinates": [[[-48.061781, -15.918923], [-48.061788, -15.918926], [-48.061801, -15.918886], [-48.061739, -15.918866], [-48.061668, -15.918844], [-48.061641, -15.918931], [-48.061707, -15.91895], [-48.061774, -15.91897], [-48.061786, -15.918935], [-48.061778, -15.918932], [-48.061781, -15.918923]]]}, "properties": {}},
{"type": "Feature", "geometry": {"type": "Polygon", "coordinates": [[[-48.063072, -15.915519], [-48.063118, -15.915385], [-48.062972, -15.915337], [-48.062928, -15.915473], [-48.062949, -15.91548], [-48.063072, -15.915519]]]}, "properties": {}},
{"type": "Feature", "geometry": {"type": "Polygon", "coordinates": [[[-48.056615, -15.916718], [-48.056619, -15.91672], [-48.056615, -15.916734], [-48.056642, -15.916743], [-48.056643, -15.91674], [-48.056664, -15.916675], [-48.056665, -15.916672], [-48.056648, -15.916667], [-48.056641, -15.916664], [-48.056638, -15.916673], [-48.056631, -15.91667], [-48.056615, -15.916718]]]}, "properties": {}},
{"type": "Feature", "geometry": {"type": "Polygon", "coordinates": [[[-48.059274, -15.915588], [-48.059253, -15.915583], [-48.059246, -15.915605], [-48.059235, -15.915638], [-48.059279, -15.915651], [-48.059351, -15.915673], [-48.059382, -15.915683], [-48.059384, -15.915683], [-48.059384, -15.915684], [-48.059393, -15.915686], [-48.059439, -15.915541], [-48.05943, -15.915541], [-48.05944, -15.9155], [-48.059358, -15.915493], [-48.059347, -15.915532], [-48.059344, -15.915542], [-48.05927, -15.915535], [-48.059257, -15.915573], [-48.059276, -15.91558], [-48.059274, -15.915588]]]}, "properties": {}},
{"type": "Feature", "geometry": {"type": "Polygon", "coordinates": [[[-48.059171, -15.915665], [-48.059192, -15.915671], [-48.059182, -15.915703], [-48.059211, -15.915712], [-48.059235, -15.915638], [-48.059246, -15.915605], [-48.05927, -15.915535], [-48.05927, -15.915532], [-48.059273, -15.915525], [-48.059283, -15.915492], [-48.059211, -15.915481], [-48.059171, -15.915599], [-48.059191, -15.915606], [-48.059171, -15.915665]]]}, "properties": {}},
{"type": "Feature", "geometry": {"type": "Polygon", "coordinates": [[[-48.054283, -15.91867], [-48.054388, -15.918703], [-48.054437, -15.918555], [-48.054409, -15.918546], [-48.054351, -15.918528], [-48.05433, -15.918588], [-48.054312, -15.918583], [-48.054283, -15.91867]]]}, "properties": {}},
{"type": "Feature", "geometry": {"type": "Polygon", "coordinates": [[[-48.05966, -15.914699], [-48.059591, -15.914677], [-48.059538, -15.914831], [-48.059607, -15.914853], [-48.05966, -15.914699]]]}, "properties": {}},
{"type": "Feature", "geometry": {"type": "Polygon", "coordinates": [[[-48.060326, -15.914885], [-48.060289, -15.914816], [-48.060181, -15.91487], [-48.060218, -15.914939], [-48.060326, -15.914885]]]}, "properties": {}},
{"type": "Feature", "geometry": {"type": "Polygon", "coordinates": [[[-48.060205, -15.91462], [-48.060129, -15.914595], [-48.060116, -15.914635], [-48.060192, -15.914659], [-48.060205, -15.91462]]]}, "properties": {}},
{"type": "Feature", "geometry": {"type": "Polygon", "coordinates": [[[-48.059588, -15.914936], [-48.059368, -15.914869], [-48.059328, -15.914989], [-48.059549, -15.915056], [-48.059588, -15.914936]]]}, "properties": {}},
{"type": "Feature", "geometry": {"type": "Polygon", "coordinates": [[[-48.05973, -15.914882], [-48.059748, -15.914887], [-48.059755, -15.914866], [-48.059656, -15.914837], [-48.059638, -15.914893], [-48.059719, -15.914917], [-48.05973, -15.914882]]]}, "properties": {}},
{"type": "Feature", "geometry": {"type": "Polygon", "coordinates": [[[-48.055484, -15.918246], [-48.055295, -15.918188], [-48.055261, -15.91829], [-48.05545, -15.918348], [-48.055484, -15.918246]]]}, "properties": {}},
{"type": "Feature", "geometry": {"type": "Polygon", "coordinates": [[[-48.055242, -15.918401], [-48.055269, -15.918409], [-48.055289, -15.91835], [-48.05526, -15.918341], [-48.055268, -15.918314], [-48.055161, -15.918281], [-48.055101, -15.918462], [-48.05521, -15.918496], [-48.055242, -15.918401]]]}, "properties": {}},
{"type": "Feature", "geometry": {"type": "Polygon", "coordinates": [[[-48.054746, -15.918282], [-48.054807, -15.9183], [-48.054879, -15.918321], [-48.054907, -15.91833], [-48.054935, -15.918241], [-48.054928, -15.918226], [-48.054919, -15.918208], [-48.054784, -15.918168], [-48.054774, -15.918197], [-48.054771, -15.918207], [-48.054746, -15.918282]]]}, "properties": {}},
{"type": "Feature", "geometry": {"type": "Polygon", "coordinates": [[[-48.055031, -15.918934], [-48.05511, -15.918962], [-48.055106, -15.918974], [-48.055144, -15.918985], [-48.055129, -15.919029], [-48.05512, -15.919026], [-48.055118, -15.919032], [-48.055221, -15.919064], [-48.055222, -15.919059], [-48.055215, -15.919056], [-48.055229, -15.919014], [-48.055236, -15.919017], [-48.055237, -15.919013], [-48.055255, -15.919019], [-48.055269, -15.918978], [-48.055251, -15.918973], [-48.055252, -15.918969], [-48.055244, -15.918967], [-48.055258, -15.918925], [-48.055266, -15.918927], [-48.055267, -15.918922], [-48.055137, -15.918882], [-48.055117, -15.918939], [-48.055057, -15.918918], [-48.055067, -15.918886], [-48.0551, -15.918896], [-48.055129, -15.918808], [-48.055046, -15.918782], [-48.055017, -15.91887], [-48.055049, -15.91888], [-48.055031, -15.918934]]]}, "properties": {}},
{"type": "Feature", "geometry": {"type": "Polygon", "coordinates": [[[-48.057499, -15.91666], [-48.057588, -15.916688], [-48.057592, -15.916675], [-48.057594, -15.916667], [-48.057591, -15.916667], [-48.057629, -15.916555], [-48.057601, -15.916546], [-48.057586, -15.916541], [-48.057585, -15.916541], [-48.05754, -15.916527], [-48.057521, -15.91659], [-48.0575, -15.916656], [-48.057499, -15.91666]]]}, "properties": {}},
{"type": "Feature", "geometry": {"type": "Polygon", "coordinates": [[[-48.056884, -15.916473], [-48.056929, -15.91633], [-48.056792, -15.91629], [-48.056737, -15.916457], [-48.056848, -15.916491], [-48.056884, -15.916473]], [[-48.056864, -15.916365], [-48.056845, -15.916423], [-48.056806, -15.916411], [-48.056825, -15.916353], [-48.056864, -15.916365]]]}, "properties": {}},
{"type": "Feature", "geometry": {"type": "Polygon", "coordinates": [[[-48.064486, -15.914263], [-48.06449, -15.91425], [-48.064497, -15.914252], [-48.064493, -15.914266], [-48.064542, -15.914281], [-48.064556, -15.914236], [-48.064563, -15.914215], [-48.064569, -15.914195], [-48.064509, -15.914175], [-48.064447, -15.914156], [-48.064435, -15.914152], [-48.064406, -15.914238], [-48.064409, -15.914239], [-48.064486, -15.914263]]]}, "properties": {}},
{"type": "Feature", "geometry": {"type": "Polygon", "coordinates": [[[-48.057059, -15.91778], [-48.057059, -15.917781], [-48.05704, -15.91784], [-48.057041, -15.91784], [-48.057477, -15.917975], [-48.057496, -15.917915], [-48.05755, -15.917962], [-48.057559, -15.917968], [-48.057568, -15.917971], [-48.057574, -15.917971], [-48.057582, -15.917969], [-48.057591, -15.917966], [-48.05761, -15.917953], [-48.057624, -15.917946], [-48.057636, -15.917944], [-48.057644, -15.917944], [-48.057651, -15.917947], [-48.057661, -15.917954], [-48.05767, -15.917963], [-48.05768, -15.917976], [-48.057722, -15.917843], [-48.057649, -15.917821], [-48.05767, -15.917755], [-48.057373, -15.917665], [-48.057344, -15.917753], [-48.05734, -15.917767], [-48.057339, -15.917777], [-48.05734, -15.917781], [-48.057342, -15.917787], [-48.057325, -15.91784], [-48.057292, -15.91783], [-48.057141, -15.917784], [-48.057196, -15.917615], [-48.057196, -15.917614], [-48.057113, -15.917589], [-48.057113, -15.91759], [-48.057051, -15.917778], [-48.057059, -15.91778]]]}, "properties": {}},
{"type": "Feature", "geometry": {"type": "Polygon", "coordinates": [[[-48.057521, -15.91659], [-48.057421, -15.916559], [-48.057398, -15.916626], [-48.0575, -15.916656], [-48.057521, -15.91659]]]}, "properties": {}},
{"type": "Feature", "geometry": {"type": "Polygon", "coordinates": [[[-48.057592, -15.916675], [-48.057684, -15.916704], [-48.057696, -15.916667], [-48.057724, -15.916584], [-48.057719, -15.916583], [-48.057702, -15.916578], [-48.057631, -15.916556], [-48.057629, -15.916555], [-48.057591, -15.916667], [-48.057594, -15.916667], [-48.057592, -15.916675]]]}, "properties": {}},
{"type": "Feature", "geometry": {"type": "Polygon", "coordinates": [[[-48.054361, -15.91557], [-48.054357, -15.915584], [-48.054414, -15.915601], [-48.054836, -15.915731], [-48.054915, -15.915492], [-48.054836, -15.915468], [-48.054845, -15.915442], [-48.0548, -15.915428], [-48.054855, -15.91526], [-48.054401, -15.915122], [-48.054374, -15.915205], [-48.054686, -15.9153], [-48.054653, -15.915403], [-48.054787, -15.915444], [-48.054782, -15.915459], [-48.054807, -15.915466], [-48.054766, -15.915594], [-48.05427, -15.915443], [-48.054378, -15.91511], [-48.054207, -15.915058], [-48.054069, -15.915482], [-48.054238, -15.915533], [-48.054361, -15.91557]]]}, "properties": {}},
{"type": "Feature", "geometry": {"type": "Polygon", "coordinates": [[[-48.057194, -15.914987], [-48.05721, -15.914992], [-48.057209, -15.914995], [-48.057224, -15.914999], [-48.057216, -15.915029], [-48.057205, -15.915026], [-48.057189, -15.91508], [-48.057047, -15.91504], [-48.057025, -15.915113], [-48.057067, -15.915125], [-48.057111, -15.915137], [-48.057229, -15.915169], [-48.057252, -15.915104], [-48.057292, -15.914989], [-48.057304, -15.914954], [-48.057314, -15.914924], [-48.057292, -15.914918], [-48.057291, -15.914923], [-48.057254, -15.914913], [-48.057246, -15.914938], [-48.057211, -15.914928], [-48.057194, -15.914987]]]}, "properties": {}},
{"type": "Feature", "geometry": {"type": "Polygon", "coordinates": [[[-48.056426, -15.914787], [-48.056384, -15.914773], [-48.056388, -15.914756], [-48.056368, -15.91475], [-48.056351, -15.914796], [-48.056394, -15.914883], [-48.056426, -15.914787]]]}, "properties": {}},
{"type": "Feature", "geometry": {"type": "Polygon", "coordinates": [[[-48.056, -15.91462], [-48.055986, -15.914615], [-48.055971, -15.91466], [-48.055984, -15.914664], [-48.055973, -15.914696], [-48.055979, -15.914698], [-48.056008, -15.914708], [-48.056064, -15.914534], [-48.056059, -15.914533], [-48.05606, -15.91453], [-48.056056, -15.914529], [-48.056065, -15.914521], [-48.056047, -15.914508], [-48.056039, -15.914518], [-48.056032, -15.914516], [-48.056, -15.91462]]]}, "properties": {}},
{"type": "Feature", "geometry": {"type": "Polygon", "coordinates": [[[-48.054426, -15.914585], [-48.054472, -15.914599], [-48.0545, -15.914513], [-48.054365, -15.914472], [-48.054341, -15.91455], [-48.054429, -15.914576], [-48.054426, -15.914585]]]}, "properties": {}},
{"type": "Feature", "geometry": {"type": "Polygon", "coordinates": [[[-48.05585, -15.914575], [-48.055841, -15.914572], [-48.055822, -15.914631], [-48.055822, -15.914634], [-48.055866, -15.91465], [-48.055871, -15.914651], [-48.055875, -15.914639], [-48.055872, -15.914638], [-48.05588, -15.914612], [-48.055885, -15.914613], [-48.055886, -15.914611], [-48.05588, -15.914609], [-48.055887, -15.914589], [-48.055913, -15.914597], [-48.055935, -15.914527], [-48.055926, -15.914524], [-48.055946, -15.914461], [-48.055938, -15.914459], [-48.055942, -15.914445], [-48.055907, -15.914434], [-48.055903, -15.914447], [-48.055892, -15.914444], [-48.05585, -15.914575]]]}, "properties": {}},
{"type": "Feature", "geometry": {"type": "Polygon", "coordinates": [[[-48.055717, -15.91449], [-48.055721, -15.914491], [-48.055717, -15.914503], [-48.055735, -15.914508], [-48.055735, -15.91451], [-48.055751, -15.914515], [-48.055757, -15.914496], [-48.055758, -15.914497], [-48.055791, -15.914393], [-48.05572, -15.914372], [-48.055685, -15.914474], [-48.055719, -15.914484], [-48.055717, -15.91449]]]}, "properties": {}},
{"type": "Feature", "geometry": {"type": "Polygon", "coordinates": [[[-48.054824, -15.913971], [-48.054845, -15.913962], [-48.054889, -15.913826], [-48.054884, -15.913824], [-48.054845, -15.913812], [-48.054781, -15.913793], [-48.054732, -15.913941], [-48.054731, -15.913943], [-48.054824, -15.913971]]]}, "properties": {}},
{"type": "Feature", "geometry": {"type": "Polygon", "coordinates": [[[-48.062678, -15.914264], [-48.062661, -15.914318], [-48.062764, -15.914349], [-48.062793, -15.914252], [-48.062776, -15.914247], [-48.06281, -15.914138], [-48.062826, -15.914143], [-48.062843, -15.914148], [-48.062841, -15.914153], [-48.062876, -15.914165], [-48.06286, -15.914211], [-48.062921, -15.91423], [-48.062931, -15.914203], [-48.062987, -15.91422], [-48.063012, -15.914143], [-48.062742, -15.91406], [-48.062719, -15.914133], [-48.062698, -15.9142], [-48.062678, -15.914264]]]}, "properties": {}},
{"type": "Feature", "geometry": {"type": "Polygon", "coordinates": [[[-48.064699, -15.915735], [-48.064737, -15.915747], [-48.064729, -15.91577], [-48.064626, -15.915738], [-48.064616, -15.915767], [-48.064616, -15.915768], [-48.064727, -15.915804], [-48.064726, -15.915807], [-48.064748, -15.915814], [-48.064749, -15.915811], [-48.06475, -15.91581], [-48.064806, -15.915645], [-48.064741, -15.915624], [-48.064733, -15.915648], [-48.064729, -15.915647], [-48.064699, -15.915735]]]}, "properties": {}},
{"type": "Feature", "geometry": {"type": "Polygon", "coordinates": [[[-48.056804, -15.916286], [-48.056924, -15.916323], [-48.056929, -15.916309], [-48.056937, -15.916312], [-48.056948, -15.916277], [-48.05694, -15.916275], [-48.056982, -15.916145], [-48.056862, -15.916109], [-48.056849, -15.91615], [-48.056839, -15.91618], [-48.056804, -15.916286]]]}, "properties": {}},
{"type": "Feature", "geometry": {"type": "Polygon", "coordinates": [[[-48.056791, -15.918842], [-48.056769, -15.918909], [-48.056759, -15.91894], [-48.056849, -15.918967], [-48.056896, -15.918821], [-48.056898, -15.918814], [-48.056809, -15.918787], [-48.056801, -15.918811], [-48.056791, -15.918842]]]}, "properties": {}},
{"type": "Feature", "geometry": {"type": "Polygon", "coordinates": [[[-48.056557, -15.914782], [-48.056535, -15.914775], [-48.056507, -15.914766], [-48.05648, -15.914757], [-48.056466, -15.914799], [-48.056436, -15.914791], [-48.056401, -15.914889], [-48.056415, -15.914893], [-48.056408, -15.914913], [-48.056401, -15.914938], [-48.056418, -15.914944], [-48.056408, -15.914973], [-48.056413, -15.914974], [-48.056486, -15.915001], [-48.056557, -15.914782]]]}, "properties": {}},
{"type": "Feature", "geometry": {"type": "Polygon", "coordinates": [[[-48.063298, -15.915719], [-48.063299, -15.915719], [-48.06332, -15.915654], [-48.063278, -15.915641], [-48.063257, -15.915706], [-48.063257, -15.915707], [-48.063298, -15.915719]]]}, "properties": {}},
{"type": "Feature", "geometry": {"type": "Polygon", "coordinates": [[[-48.055917, -15.918391], [-48.055913, -15.91839], [-48.055847, -15.918587], [-48.055849, -15.91862], [-48.055859, -15.918652], [-48.055876, -15.918688], [-48.055909, -15.918725], [-48.056137, -15.918791], [-48.056209, -15.918546], [-48.056223, -15.91855], [-48.056195, -15.918631], [-48.056269, -15.918651], [-48.056256, -15.918491], [-48.056253, -15.91849], [-48.056249, -15.918461], [-48.056237, -15.918448], [-48.056138, -15.91842], [-48.056127, -15.918454], [-48.05597, -15.918407], [-48.055972, -15.918401], [-48.056025, -15.918414], [-48.056032, -15.918389], [-48.055955, -15.918367], [-48.055924, -15.918358], [-48.055915, -15.918385], [-48.055919, -15.918386], [-48.055917, -15.918391]]]}, "properties": {}},
{"type": "Feature", "geometry": {"type": "MultiPolygon", "coordinates": [[[[-48.061937, -15.917462], [-48.061962, -15.917382], [-48.061893, -15.917361], [-48.061867, -15.917441], [-48.061873, -15.917443], [-48.061937, -15.917462]]], [[[-48.061965, -15.917376], [-48.061964, -15.917375], [-48.061962, -15.917382], [-48.061965, -15.917376]]]]}, "properties": {}},
{"type": "Feature", "geometry": {"type": "Polygon", "coordinates": [[[-48.056127, -15.918161], [-48.056072, -15.918143], [-48.056021, -15.918295], [-48.056077, -15.918313], [-48.056127, -15.918161]]]}, "properties": {}},
{"type": "Feature", "geometry": {"type": "Polygon", "coordinates": [[[-48.05549, -15.917756], [-48.055478, -15.917752], [-48.055467, -15.917784], [-48.055571, -15.917816], [-48.055611, -15.917695], [-48.055588, -15.917688], [-48.055556, -15.917679], [-48.05555, -15.917696], [-48.055514, -15.917685], [-48.05549, -15.917756]]]}, "properties": {}},
{"type": "Feature", "geometry": {"type": "Polygon", "coordinates": [[[-48.055397, -15.917874], [-48.055488, -15.917903], [-48.055515, -15.917825], [-48.055445, -15.917802], [-48.055437, -15.917823], [-48.055416, -15.917816], [-48.055397, -15.917874]]]}, "properties": {}},
{"type": "Feature", "geometry": {"type": "Polygon", "coordinates": [[[-48.055526, -15.91799], [-48.055537, -15.917955], [-48.055556, -15.917961], [-48.055563, -15.917939], [-48.055543, -15.917933], [-48.055546, -15.917924], [-48.055378, -15.917872], [-48.055368, -15.917904], [-48.055356, -15.917939], [-48.055526, -15.91799]]]}, "properties": {}},
{"type": "Feature", "geometry": {"type": "Polygon", "coordinates": [[[-48.063255, -15.91857], [-48.063239, -15.918565], [-48.063134, -15.918533], [-48.063122, -15.918529], [-48.063101, -15.918523], [-48.063067, -15.918628], [-48.063221, -15.918675], [-48.063255, -15.91857]]]}, "properties": {}},
{"type": "Feature", "geometry": {"type": "Polygon", "coordinates": [[[-48.061984, -15.918508], [-48.061996, -15.91847], [-48.061971, -15.918462], [-48.061951, -15.918522], [-48.061943, -15.918549], [-48.061969, -15.918556], [-48.061972, -15.918546], [-48.06198, -15.918522], [-48.061988, -15.918525], [-48.06198, -15.918549], [-48.061982, -15.918549], [-48.062019, -15.918561], [-48.062016, -15.91857], [-48.062075, -15.918588], [-48.062102, -15.918503], [-48.062049, -15.918487], [-48.062005, -15.918473], [-48.061993, -15.91851], [-48.061984, -15.918508]]]}, "properties": {}},
{"type": "Feature", "geometry": {"type": "Polygon", "coordinates": [[[-48.059835, -15.917487], [-48.059966, -15.917527], [-48.059973, -15.917529], [-48.060001, -15.917444], [-48.059919, -15.917418], [-48.059927, -15.917396], [-48.059871, -15.917378], [-48.059866, -15.917391], [-48.059847, -15.91745], [-48.059835, -15.917487]]]}, "properties": {}},
{"type": "Feature", "geometry": {"type": "Polygon", "coordinates": [[[-48.063492, -15.914054], [-48.063503, -15.914016], [-48.063531, -15.913927], [-48.063519, -15.913923], [-48.063458, -15.913905], [-48.063444, -15.913901], [-48.06343, -15.913942], [-48.063403, -15.914028], [-48.063492, -15.914054]]]}, "properties": {}},
{"type": "Feature", "geometry": {"type": "Polygon", "coordinates": [[[-48.056399, -15.915014], [-48.056396, -15.915022], [-48.056407, -15.915026], [-48.056405, -15.915029], [-48.056462, -15.915049], [-48.05647, -15.915029], [-48.056476, -15.915031], [-48.056486, -15.915001], [-48.056413, -15.914974], [-48.056399, -15.915014]]]}, "properties": {}},
{"type": "Feature", "geometry": {"type": "Polygon", "coordinates": [[[-48.057102, -15.914844], [-48.05711, -15.914816], [-48.057108, -15.914816], [-48.057065, -15.914802], [-48.057057, -15.914832], [-48.057066, -15.914834], [-48.057102, -15.914844]]]}, "properties": {}},
{"type": "Feature", "geometry": {"type": "Polygon", "coordinates": [[[-48.063144, -15.915747], [-48.063179, -15.915757], [-48.063173, -15.915774], [-48.063271, -15.915803], [-48.063272, -15.915803], [-48.063287, -15.915754], [-48.063298, -15.915719], [-48.063165, -15.915679], [-48.063144, -15.915747]]]}, "properties": {}},
{"type": "Feature", "geometry": {"type": "Polygon", "coordinates": [[[-48.058022, -15.915423], [-48.057909, -15.915388], [-48.057838, -15.915605], [-48.057951, -15.91564], [-48.058022, -15.915423]]]}, "properties": {}},
{"type": "Feature", "geometry": {"type": "Polygon", "coordinates": [[[-48.057027, -15.917365], [-48.057053, -15.917282], [-48.056982, -15.91726], [-48.056986, -15.917246], [-48.057058, -15.917268], [-48.057068, -15.917236], [-48.057048, -15.91723], [-48.057026, -15.917223], [-48.056939, -15.917197], [-48.056901, -15.917318], [-48.056898, -15.917326], [-48.057027, -15.917365]]]}, "properties": {}},
{"type": "Feature", "geometry": {"type": "Polygon", "coordinates": [[[-48.056516, -15.917482], [-48.056545, -15.917491], [-48.056566, -15.917425], [-48.056543, -15.917418], [-48.056433, -15.917384], [-48.056413, -15.917443], [-48.056518, -15.917476], [-48.056516, -15.917482]]]}, "properties": {}},
{"type": "Feature", "geometry": {"type": "Polygon", "coordinates": [[[-48.062041, -15.918104], [-48.062082, -15.918117], [-48.06211, -15.918031], [-48.062077, -15.918022], [-48.062069, -15.918019], [-48.061945, -15.917983], [-48.061917, -15.918067], [-48.062041, -15.918104]]]}, "properties": {}},
{"type": "Feature", "geometry": {"type": "Polygon", "coordinates": [[[-48.062331, -15.919213], [-48.062377, -15.919227], [-48.062398, -15.919162], [-48.062398, -15.919161], [-48.062412, -15.919118], [-48.062323, -15.919091], [-48.062305, -15.919145], [-48.062349, -15.919159], [-48.062331, -15.919213]]]}, "properties": {}},
{"type": "Feature", "geometry": {"type": "Polygon", "coordinates": [[[-48.064071, -15.918982], [-48.064144, -15.919004], [-48.064156, -15.918968], [-48.064144, -15.918964], [-48.064146, -15.918958], [-48.064158, -15.918962], [-48.064165, -15.91894], [-48.064158, -15.918937], [-48.064013, -15.918893], [-48.063991, -15.918957], [-48.064011, -15.918963], [-48.064071, -15.918982]]]}, "properties": {}},
{"type": "Feature", "geometry": {"type": "Polygon", "coordinates": [[[-48.060003, -15.91901], [-48.060015, -15.919013], [-48.060004, -15.919049], [-48.059991, -15.919046], [-48.059998, -15.919022], [-48.059956, -15.919009], [-48.059949, -15.919032], [-48.059942, -15.919054], [-48.060031, -15.919081], [-48.060043, -15.919043], [-48.060046, -15.919036], [-48.060073, -15.918951], [-48.060012, -15.918933], [-48.059998, -15.918977], [-48.060012, -15.918982], [-48.060003, -15.91901]]]}, "properties": {}},
{"type": "Feature", "geometry": {"type": "Polygon", "coordinates": [[[-48.059179, -15.919059], [-48.059222, -15.919073], [-48.059224, -15.919073], [-48.05925, -15.919081], [-48.059278, -15.918995], [-48.05925, -15.918987], [-48.05925, -15.918986], [-48.059248, -15.918986], [-48.059235, -15.919023], [-48.059198, -15.919012], [-48.05921, -15.918974], [-48.059208, -15.918974], [-48.059117, -15.918946], [-48.059116, -15.918945], [-48.059088, -15.919031], [-48.059089, -15.919032], [-48.059179, -15.919059]]]}, "properties": {}},
{"type": "Feature", "geometry": {"type": "Polygon", "coordinates": [[[-48.062085, -15.918952], [-48.062073, -15.918991], [-48.062096, -15.918998], [-48.062089, -15.919019], [-48.062145, -15.919036], [-48.062178, -15.918935], [-48.062187, -15.918907], [-48.062189, -15.918907], [-48.062194, -15.918891], [-48.062116, -15.918867], [-48.062106, -15.918864], [-48.0621, -15.918881], [-48.062077, -15.918949], [-48.062085, -15.918952]]]}, "properties": {}},
{"type": "Feature", "geometry": {"type": "Polygon", "coordinates": [[[-48.064609, -15.918925], [-48.064628, -15.918867], [-48.064495, -15.918827], [-48.06447, -15.918819], [-48.06445, -15.918884], [-48.064607, -15.918931], [-48.064609, -15.918925]]]}, "properties": {}},
{"type": "Feature", "geometry": {"type": "Polygon", "coordinates": [[[-48.058099, -15.918885], [-48.058181, -15.91891], [-48.058207, -15.918831], [-48.058098, -15.918798], [-48.058085, -15.918835], [-48.058113, -15.918844], [-48.058099, -15.918885]]]}, "properties": {}},
{"type": "Feature", "geometry": {"type": "Polygon", "coordinates": [[[-48.058277, -15.918852], [-48.058282, -15.918837], [-48.058291, -15.91884], [-48.058286, -15.918855], [-48.058326, -15.918867], [-48.058365, -15.918879], [-48.058393, -15.918793], [-48.058242, -15.918747], [-48.058241, -15.918747], [-48.058214, -15.918833], [-48.058277, -15.918852]]]}, "properties": {}},
{"type": "Feature", "geometry": {"type": "Polygon", "coordinates": [[[-48.059367, -15.918175], [-48.059454, -15.918202], [-48.059499, -15.918067], [-48.059477, -15.91806], [-48.059409, -15.91804], [-48.059396, -15.918082], [-48.05938, -15.918134], [-48.059367, -15.918175]]]}, "properties": {}},
{"type": "Feature", "geometry": {"type": "Polygon", "coordinates": [[[-48.063024, -15.917626], [-48.063044, -15.917632], [-48.063042, -15.917637], [-48.063053, -15.91764], [-48.063049, -15.917653], [-48.063043, -15.917652], [-48.063045, -15.917645], [-48.06302, -15.917638], [-48.063004, -15.917686], [-48.063094, -15.917713], [-48.063108, -15.91767], [-48.063135, -15.917584], [-48.063046, -15.917557], [-48.063039, -15.91758], [-48.063025, -15.917621], [-48.063024, -15.917626]]]}, "properties": {}},
{"type": "Feature", "geometry": {"type": "Polygon", "coordinates": [[[-48.06398, -15.917569], [-48.063972, -15.917567], [-48.063967, -15.917584], [-48.064004, -15.917595], [-48.064011, -15.917572], [-48.064022, -15.917575], [-48.064021, -15.917577], [-48.064061, -15.917589], [-48.064062, -15.917587], [-48.064065, -15.917588], [-48.06407, -15.917572], [-48.064085, -15.917526], [-48.063994, -15.917499], [-48.063982, -15.917536], [-48.06399, -15.917538], [-48.06398, -15.917569]]]}, "properties": {}},
{"type": "Feature", "geometry": {"type": "Polygon", "coordinates": [[[-48.062498, -15.917533], [-48.0625, -15.917527], [-48.062503, -15.917519], [-48.062533, -15.917528], [-48.062529, -15.917542], [-48.062559, -15.917551], [-48.062576, -15.917499], [-48.0625, -15.917476], [-48.062485, -15.917471], [-48.062469, -15.917524], [-48.062497, -15.917532], [-48.062498, -15.917533]]]}, "properties": {}},
{"type": "Feature", "geometry": {"type": "Polygon", "coordinates": [[[-48.061801, -15.917043], [-48.061913, -15.917077], [-48.061941, -15.916991], [-48.061868, -15.916968], [-48.061825, -15.916955], [-48.061809, -15.91695], [-48.061798, -15.916983], [-48.061819, -15.916989], [-48.061801, -15.917043]]]}, "properties": {}},
{"type": "Feature", "geometry": {"type": "Polygon", "coordinates": [[[-48.061433, -15.91693], [-48.061512, -15.916954], [-48.061541, -15.916869], [-48.061448, -15.916841], [-48.061408, -15.916828], [-48.061378, -15.91682], [-48.061351, -15.916905], [-48.06138, -15.916914], [-48.061433, -15.91693]]]}, "properties": {}},
{"type": "Feature", "geometry": {"type": "Polygon", "coordinates": [[[-48.062473, -15.91691], [-48.0625, -15.916826], [-48.062501, -15.916824], [-48.0625, -15.916824], [-48.062456, -15.916811], [-48.062453, -15.916821], [-48.062363, -15.916793], [-48.062366, -15.916784], [-48.062339, -15.916776], [-48.062311, -15.916862], [-48.062455, -15.916905], [-48.062473, -15.91691]]]}, "properties": {}},
{"type": "Feature", "geometry": {"type": "Polygon", "coordinates": [[[-48.062805, -15.916793], [-48.062798, -15.91679], [-48.062789, -15.916815], [-48.062795, -15.916817], [-48.062929, -15.916858], [-48.062942, -15.916818], [-48.062957, -15.916772], [-48.062877, -15.916748], [-48.062863, -15.916793], [-48.062811, -15.916777], [-48.062805, -15.916793]]]}, "properties": {}},
{"type": "Feature", "geometry": {"type": "Polygon", "coordinates": [[[-48.062878, -15.917774], [-48.062887, -15.917745], [-48.062915, -15.917659], [-48.062827, -15.917632], [-48.062791, -15.917739], [-48.062789, -15.917747], [-48.062878, -15.917774]]]}, "properties": {}},
{"type": "Feature", "geometry": {"type": "Polygon", "coordinates": [[[-48.060998, -15.917178], [-48.061027, -15.91709], [-48.061035, -15.917065], [-48.061041, -15.917049], [-48.060952, -15.917022], [-48.060903, -15.917172], [-48.060991, -15.9172], [-48.060998, -15.917178]]]}, "properties": {}},
{"type": "Feature", "geometry": {"type": "Polygon", "coordinates": [[[-48.062003, -15.914302], [-48.062011, -15.914278], [-48.062013, -15.914273], [-48.062033, -15.914211], [-48.061968, -15.914192], [-48.061953, -15.914238], [-48.061938, -15.914283], [-48.062003, -15.914302]]]}, "properties": {}},
{"type": "Feature", "geometry": {"type": "Polygon", "coordinates": [[[-48.058353, -15.918401], [-48.058309, -15.918387], [-48.058293, -15.918383], [-48.058266, -15.918469], [-48.058325, -15.918487], [-48.058353, -15.918401]]]}, "properties": {}},
{"type": "Feature", "geometry": {"type": "Polygon", "coordinates": [[[-48.054461, -15.91597], [-48.054514, -15.915986], [-48.054528, -15.915942], [-48.054439, -15.915915], [-48.054428, -15.915947], [-48.054465, -15.915958], [-48.054461, -15.91597]]]}, "properties": {}},
{"type": "Feature", "geometry": {"type": "Polygon", "coordinates": [[[-48.063663, -15.914771], [-48.063728, -15.914791], [-48.06376, -15.9147], [-48.063766, -15.914681], [-48.063693, -15.914659], [-48.063686, -15.914679], [-48.063693, -15.914681], [-48.063663, -15.914771]]]}, "properties": {}},
{"type": "Feature", "geometry": {"type": "Polygon", "coordinates": [[[-48.06511, -15.914338], [-48.065019, -15.914314], [-48.065001, -15.914372], [-48.06509, -15.914399], [-48.06511, -15.914338]]]}, "properties": {}},
{"type": "Feature", "geometry": {"type": "Polygon", "coordinates": [[[-48.062614, -15.918088], [-48.062672, -15.918105], [-48.062686, -15.918063], [-48.062553, -15.918023], [-48.062539, -15.918065], [-48.062598, -15.918083], [-48.062614, -15.918088]]]}, "properties": {}},
{"type": "Feature", "geometry": {"type": "Polygon", "coordinates": [[[-48.058409, -15.916664], [-48.058398, -15.916698], [-48.058397, -15.9167], [-48.058399, -15.9167], [-48.058458, -15.916719], [-48.058474, -15.916669], [-48.058414, -15.916651], [-48.058409, -15.916664]]]}, "properties": {}},
{"type": "Feature", "geometry": {"type": "Polygon", "coordinates": [[[-48.058834, -15.915472], [-48.058821, -15.915513], [-48.058764, -15.915497], [-48.058759, -15.915512], [-48.058749, -15.915543], [-48.058736, -15.915582], [-48.058804, -15.915604], [-48.058807, -15.915605], [-48.058829, -15.915532], [-48.058832, -15.915522], [-48.058834, -15.915516], [-48.058846, -15.915475], [-48.058834, -15.915472]]]}, "properties": {}},
{"type": "Feature", "geometry": {"type": "Polygon", "coordinates": [[[-48.06144, -15.917026], [-48.061485, -15.91704], [-48.061494, -15.917011], [-48.061479, -15.917007], [-48.061488, -15.916979], [-48.061503, -15.916983], [-48.061512, -15.916954], [-48.061433, -15.91693], [-48.061406, -15.917016], [-48.061426, -15.917022], [-48.06144, -15.917026]]]}, "properties": {}},
{"type": "Feature", "geometry": {"type": "Polygon", "coordinates": [[[-48.062883, -15.919118], [-48.062856, -15.91911], [-48.062838, -15.919166], [-48.062865, -15.919174], [-48.062883, -15.919118]]]}, "properties": {}},
{"type": "Feature", "geometry": {"type": "Polygon", "coordinates": [[[-48.059268, -15.916749], [-48.059203, -15.91673], [-48.059185, -15.916784], [-48.059251, -15.916804], [-48.059268, -15.916749]]]}, "properties": {}},
{"type": "Feature", "geometry": {"type": "Polygon", "coordinates": [[[-48.062874, -15.915954], [-48.0629, -15.915878], [-48.062885, -15.915874], [-48.062813, -15.915851], [-48.062805, -15.915849], [-48.0628, -15.915866], [-48.062781, -15.915925], [-48.062874, -15.915954]]]}, "properties": {}},
{"type": "Feature", "geometry": {"type": "Polygon", "coordinates": [[[-48.054378, -15.914004], [-48.054406, -15.913918], [-48.054318, -15.913892], [-48.054273, -15.913878], [-48.054264, -15.913906], [-48.054245, -15.913964], [-48.054378, -15.914004]]]}, "properties": {}},
{"type": "Feature", "geometry": {"type": "Polygon", "coordinates": [[[-48.057114, -15.916492], [-48.057141, -15.9165], [-48.057158, -15.916506], [-48.057203, -15.916519], [-48.057217, -15.916477], [-48.057245, -15.916389], [-48.057254, -15.916363], [-48.057256, -15.916359], [-48.057166, -15.916332], [-48.057165, -15.916337], [-48.057156, -15.916363], [-48.057114, -15.916492]]]}, "properties": {}},
{"type": "Feature", "geometry": {"type": "Polygon", "coordinates": [[[-48.061161, -15.916281], [-48.061164, -15.916272], [-48.061259, -15.916301], [-48.061256, -15.91631], [-48.06128, -15.916317], [-48.061293, -15.916274], [-48.061299, -15.916258], [-48.061307, -15.916231], [-48.061189, -15.916193], [-48.06115, -15.916181], [-48.06112, -15.916268], [-48.061145, -15.916276], [-48.061161, -15.916281]]]}, "properties": {}},
{"type": "Feature", "geometry": {"type": "Polygon", "coordinates": [[[-48.062017, -15.914371], [-48.062044, -15.914288], [-48.062011, -15.914278], [-48.062003, -15.914302], [-48.061984, -15.914361], [-48.062017, -15.914371]]]}, "properties": {}},
{"type": "Feature", "geometry": {"type": "Polygon", "coordinates": [[[-48.064771, -15.915208], [-48.064772, -15.915205], [-48.0648, -15.915114], [-48.064735, -15.915093], [-48.064703, -15.915184], [-48.064702, -15.915187], [-48.064771, -15.915208]]]}, "properties": {}},
{"type": "Feature", "geometry": {"type": "Polygon", "coordinates": [[[-48.06299, -15.918488], [-48.062855, -15.918447], [-48.062846, -15.918475], [-48.06298, -15.918517], [-48.06299, -15.918488]]]}, "properties": {}},
{"type": "Feature", "geometry": {"type": "Polygon", "coordinates": [[[-48.055593, -15.916054], [-48.055638, -15.916068], [-48.055698, -15.916087], [-48.055741, -15.9161], [-48.055745, -15.916101], [-48.055766, -15.916037], [-48.055745, -15.91603], [-48.055737, -15.916055], [-48.055725, -15.916051], [-48.05573, -15.916034], [-48.055641, -15.916007], [-48.055643, -15.915999], [-48.055614, -15.91599], [-48.055608, -15.915988], [-48.055587, -15.916053], [-48.055591, -15.916054], [-48.055593, -15.916054]]]}, "properties": {}},
{"type": "Feature", "geometry": {"type": "Polygon", "coordinates": [[[-48.058654, -15.915614], [-48.058632, -15.915682], [-48.058624, -15.915708], [-48.058616, -15.915731], [-48.058615, -15.915735], [-48.058682, -15.915756], [-48.058683, -15.915752], [-48.058691, -15.915728], [-48.058727, -15.915613], [-48.05873, -15.915602], [-48.058736, -15.915582], [-48.058721, -15.915578], [-48.058671, -15.915563], [-48.058664, -15.915583], [-48.058655, -15.915612], [-48.058654, -15.915614]]]}, "properties": {}},
{"type": "Feature", "geometry": {"type": "Polygon", "coordinates": [[[-48.058571, -15.915422], [-48.058599, -15.915431], [-48.058596, -15.915441], [-48.058568, -15.915432], [-48.058543, -15.915508], [-48.058539, -15.915523], [-48.058556, -15.915529], [-48.058563, -15.915511], [-48.058579, -15.915517], [-48.058572, -15.915534], [-48.058601, -15.915543], [-48.058603, -15.915544], [-48.058661, -15.915368], [-48.058624, -15.915356], [-48.058619, -15.91537], [-48.05859, -15.915361], [-48.058571, -15.915422]]]}, "properties": {}},
{"type": "Feature", "geometry": {"type": "Polygon", "coordinates": [[[-48.056032, -15.915242], [-48.056084, -15.915258], [-48.056089, -15.915245], [-48.056115, -15.915253], [-48.056105, -15.915285], [-48.056156, -15.9153], [-48.056158, -15.915301], [-48.056172, -15.915257], [-48.05617, -15.915256], [-48.05615, -15.91525], [-48.056163, -15.915209], [-48.056161, -15.915208], [-48.056068, -15.91518], [-48.056061, -15.9152], [-48.056047, -15.915196], [-48.056032, -15.915242]]]}, "properties": {}},
{"type": "Feature", "geometry": {"type": "Polygon", "coordinates": [[[-48.063661, -15.91431], [-48.063657, -15.914321], [-48.063654, -15.91433], [-48.063636, -15.914382], [-48.063729, -15.914411], [-48.063746, -15.914358], [-48.063777, -15.914262], [-48.063778, -15.914257], [-48.063688, -15.914228], [-48.063679, -15.914254], [-48.063676, -15.914263], [-48.063661, -15.91431]]]}, "properties": {}},
{"type": "Feature", "geometry": {"type": "Polygon", "coordinates": [[[-48.061373, -15.914211], [-48.061506, -15.914252], [-48.061516, -15.914223], [-48.061521, -15.914207], [-48.061524, -15.914198], [-48.061545, -15.914134], [-48.061479, -15.914114], [-48.061412, -15.914093], [-48.061383, -15.914179], [-48.061383, -15.91418], [-48.061373, -15.914211]]]}, "properties": {}},
{"type": "Feature", "geometry": {"type": "Polygon", "coordinates": [[[-48.060414, -15.91371], [-48.060384, -15.913777], [-48.060478, -15.913812], [-48.06048, -15.913812], [-48.060526, -15.913666], [-48.060528, -15.913662], [-48.060452, -15.913629], [-48.060451, -15.913629], [-48.060448, -15.913635], [-48.060443, -15.913646], [-48.060414, -15.91371]]]}, "properties": {}},
{"type": "Feature", "geometry": {"type": "Polygon", "coordinates": [[[-48.054553, -15.91827], [-48.054601, -15.918121], [-48.054425, -15.918068], [-48.05442, -15.918085], [-48.054377, -15.918217], [-48.054553, -15.91827]]]}, "properties": {}},
{"type": "Feature", "geometry": {"type": "Polygon", "coordinates": [[[-48.058529, -15.91801], [-48.058531, -15.918011], [-48.058548, -15.917956], [-48.058578, -15.917965], [-48.058578, -15.917968], [-48.058563, -15.917975], [-48.058552, -15.917971], [-48.058538, -15.918013], [-48.058621, -15.918038], [-48.058622, -15.918038], [-48.058641, -15.918044], [-48.058669, -15.917958], [-48.058624, -15.917945], [-48.058617, -15.917966], [-48.058584, -15.917956], [-48.05859, -15.917934], [-48.058514, -15.917911], [-48.058512, -15.917911], [-48.058485, -15.917997], [-48.058486, -15.917997], [-48.058529, -15.91801]]]}, "properties": {}},
{"type": "Feature", "geometry": {"type": "Polygon", "coordinates": [[[-48.064595, -15.917317], [-48.064608, -15.917279], [-48.064638, -15.917189], [-48.064598, -15.917177], [-48.064595, -15.917185], [-48.064599, -15.917186], [-48.064577, -15.917256], [-48.064556, -15.91725], [-48.06458, -15.917175], [-48.064547, -15.917165], [-48.064512, -15.917271], [-48.064506, -15.91729], [-48.064595, -15.917317]]]}, "properties": {}},
{"type": "Feature", "geometry": {"type": "Polygon", "coordinates": [[[-48.060649, -15.917273], [-48.060608, -15.917261], [-48.060604, -15.917276], [-48.060579, -15.917268], [-48.06056, -15.917329], [-48.060627, -15.917349], [-48.060649, -15.917356], [-48.060698, -15.917205], [-48.060608, -15.917178], [-48.060601, -15.9172], [-48.060666, -15.917219], [-48.060649, -15.917273]]]}, "properties": {}},
{"type": "Feature", "geometry": {"type": "Polygon", "coordinates": [[[-48.062941, -15.917241], [-48.062951, -15.91721], [-48.062867, -15.917184], [-48.062863, -15.917196], [-48.062853, -15.917193], [-48.062869, -15.917144], [-48.062879, -15.917147], [-48.062874, -15.917162], [-48.06296, -15.917188], [-48.06297, -15.917156], [-48.062886, -15.91713], [-48.062845, -15.917117], [-48.062817, -15.917204], [-48.062861, -15.917217], [-48.062941, -15.917241]]]}, "properties": {}},
{"type": "Feature", "geometry": {"type": "Polygon", "coordinates": [[[-48.061554, -15.917251], [-48.061562, -15.917254], [-48.061587, -15.917177], [-48.061523, -15.917158], [-48.061504, -15.917217], [-48.061484, -15.917211], [-48.061502, -15.917154], [-48.061513, -15.917158], [-48.061517, -15.917145], [-48.06146, -15.917128], [-48.061457, -15.917127], [-48.06143, -15.917213], [-48.061432, -15.917214], [-48.061554, -15.917251]]]}, "properties": {}},
{"type": "Feature", "geometry": {"type": "Polygon", "coordinates": [[[-48.064032, -15.917098], [-48.064034, -15.91709], [-48.064124, -15.917117], [-48.064121, -15.917125], [-48.064163, -15.917138], [-48.064186, -15.917069], [-48.064191, -15.917053], [-48.064192, -15.91705], [-48.064102, -15.917023], [-48.064106, -15.917012], [-48.064048, -15.916995], [-48.064016, -15.917094], [-48.06403, -15.917098], [-48.064032, -15.917098]]]}, "properties": {}},
{"type": "Feature", "geometry": {"type": "Polygon", "coordinates": [[[-48.062462, -15.917097], [-48.0625, -15.917108], [-48.06255, -15.917123], [-48.062572, -15.917129], [-48.062602, -15.917042], [-48.062578, -15.917035], [-48.062569, -15.917032], [-48.0625, -15.917012], [-48.062446, -15.916996], [-48.062417, -15.917084], [-48.062461, -15.917096], [-48.062462, -15.917097]]]}, "properties": {}},
{"type": "Feature", "geometry": {"type": "Polygon", "coordinates": [[[-48.057405, -15.917458], [-48.057477, -15.91748], [-48.057514, -15.91737], [-48.057424, -15.917342], [-48.057402, -15.917411], [-48.057418, -15.917417], [-48.057405, -15.917458]]]}, "properties": {}},
{"type": "Feature", "geometry": {"type": "Polygon", "coordinates": [[[-48.061039, -15.917027], [-48.061049, -15.916997], [-48.061057, -15.916999], [-48.061072, -15.916953], [-48.061083, -15.91692], [-48.061087, -15.916907], [-48.060999, -15.91688], [-48.060958, -15.917003], [-48.061039, -15.917027]]]}, "properties": {}},
{"type": "Feature", "geometry": {"type": "Polygon", "coordinates": [[[-48.05809, -15.919067], [-48.058122, -15.918966], [-48.058004, -15.918931], [-48.057972, -15.919031], [-48.05809, -15.919067]]]}, "properties": {}},
{"type": "Feature", "geometry": {"type": "Polygon", "coordinates": [[[-48.059151, -15.917939], [-48.059061, -15.917912], [-48.059049, -15.91795], [-48.059138, -15.917977], [-48.059151, -15.917939]]]}, "properties": {}},
{"type": "Feature", "geometry": {"type": "Polygon", "coordinates": [[[-48.054672, -15.917819], [-48.054584, -15.917792], [-48.054566, -15.917848], [-48.054654, -15.917874], [-48.054672, -15.917819]]]}, "properties": {}},
{"type": "Feature", "geometry": {"type": "Polygon", "coordinates": [[[-48.061628, -15.917966], [-48.061595, -15.917957], [-48.061583, -15.918001], [-48.061614, -15.918009], [-48.061628, -15.917966]]]}, "properties": {}},
{"type": "Feature", "geometry": {"type": "Polygon", "coordinates": [[[-48.05867, -15.915977], [-48.058694, -15.915905], [-48.058631, -15.915885], [-48.05861, -15.91595], [-48.058608, -15.915958], [-48.05867, -15.915977]]]}, "properties": {}},
{"type": "Feature", "geometry": {"type": "Polygon", "coordinates": [[[-48.05791, -15.918581], [-48.057995, -15.918606], [-48.058023, -15.918518], [-48.057888, -15.918478], [-48.057874, -15.918522], [-48.057924, -15.918537], [-48.05791, -15.918581]]]}, "properties": {}},
{"type": "Feature", "geometry": {"type": "Polygon", "coordinates": [[[-48.062327, -15.916027], [-48.062262, -15.916007], [-48.062236, -15.916087], [-48.062301, -15.916107], [-48.062327, -15.916027]]]}, "properties": {}},
{"type": "Feature", "geometry": {"type": "Polygon", "coordinates": [[[-48.063428, -15.917862], [-48.063443, -15.917814], [-48.063452, -15.917816], [-48.063468, -15.917766], [-48.063426, -15.917753], [-48.063436, -15.917722], [-48.063434, -15.917722], [-48.063449, -15.917678], [-48.063404, -15.917665], [-48.063348, -15.917837], [-48.063428, -15.917862]]]}, "properties": {}},
{"type": "Feature", "geometry": {"type": "Polygon", "coordinates": [[[-48.059456, -15.916711], [-48.059467, -15.916714], [-48.059469, -15.916707], [-48.059503, -15.916717], [-48.059501, -15.916725], [-48.059538, -15.916736], [-48.059567, -15.916745], [-48.059595, -15.916658], [-48.059555, -15.916646], [-48.059532, -15.916639], [-48.05953, -15.916645], [-48.059504, -15.916637], [-48.059506, -15.916631], [-48.059433, -15.916609], [-48.059432, -15.916608], [-48.059415, -15.916663], [-48.059404, -15.916695], [-48.059456, -15.916711]]]}, "properties": {}},
{"type": "Feature", "geometry": {"type": "Polygon", "coordinates": [[[-48.062427, -15.914401], [-48.062416, -15.914397], [-48.062369, -15.914382], [-48.062348, -15.914375], [-48.062324, -15.914449], [-48.062402, -15.914474], [-48.062427, -15.914401]]]}, "properties": {}},
{"type": "Feature", "geometry": {"type": "Polygon", "coordinates": [[[-48.055079, -15.916651], [-48.055099, -15.91659], [-48.05502, -15.916566], [-48.055011, -15.916563], [-48.054991, -15.916624], [-48.055023, -15.916634], [-48.055079, -15.916651]]]}, "properties": {}},
{"type": "Feature", "geometry": {"type": "Polygon", "coordinates": [[[-48.058065, -15.916421], [-48.058064, -15.916424], [-48.058153, -15.916449], [-48.058159, -15.916431], [-48.058164, -15.916418], [-48.058174, -15.916385], [-48.058166, -15.916382], [-48.058193, -15.916299], [-48.05811, -15.916274], [-48.058096, -15.916318], [-48.05807, -15.916406], [-48.058065, -15.916421]]]}, "properties": {}},
{"type": "Feature", "geometry": {"type": "Polygon", "coordinates": [[[-48.064938, -15.916286], [-48.065004, -15.916306], [-48.065005, -15.916301], [-48.065011, -15.916284], [-48.065003, -15.916282], [-48.065035, -15.916181], [-48.065028, -15.916174], [-48.064978, -15.916159], [-48.064977, -15.916161], [-48.064949, -15.916251], [-48.064938, -15.916286]]]}, "properties": {}},
{"type": "Feature", "geometry": {"type": "Polygon", "coordinates": [[[-48.063929, -15.915956], [-48.063951, -15.915963], [-48.06397, -15.915906], [-48.063984, -15.915861], [-48.063987, -15.915854], [-48.063953, -15.915844], [-48.063946, -15.915842], [-48.063919, -15.915834], [-48.063901, -15.915891], [-48.063946, -15.915905], [-48.063929, -15.915956]]]}, "properties": {}},
{"type": "Feature", "geometry": {"type": "Polygon", "coordinates": [[[-48.055873, -15.915642], [-48.055887, -15.915599], [-48.055902, -15.915552], [-48.055915, -15.915513], [-48.055916, -15.915509], [-48.055878, -15.915498], [-48.055877, -15.915501], [-48.055826, -15.915485], [-48.055783, -15.915614], [-48.055819, -15.915625], [-48.055873, -15.915642]]]}, "properties": {}},
{"type": "Feature", "geometry": {"type": "Polygon", "coordinates": [[[-48.061145, -15.915432], [-48.061134, -15.915467], [-48.061139, -15.915469], [-48.061249, -15.915501], [-48.061253, -15.915502], [-48.061272, -15.915507], [-48.061297, -15.915424], [-48.061295, -15.915423], [-48.061247, -15.915409], [-48.061188, -15.915391], [-48.061142, -15.915376], [-48.061128, -15.915421], [-48.061126, -15.915426], [-48.061145, -15.915432]]]}, "properties": {}},
{"type": "Feature", "geometry": {"type": "Polygon", "coordinates": [[[-48.055662, -15.915112], [-48.055765, -15.915143], [-48.055769, -15.915145], [-48.055786, -15.915093], [-48.055782, -15.915092], [-48.055762, -15.915086], [-48.055649, -15.915052], [-48.055622, -15.915138], [-48.055651, -15.915146], [-48.055662, -15.915112]]]}, "properties": {}},
{"type": "Feature", "geometry": {"type": "Polygon", "coordinates": [[[-48.064645, -15.914263], [-48.064655, -15.914266], [-48.064674, -15.914272], [-48.064705, -15.914282], [-48.064706, -15.914282], [-48.064717, -15.914285], [-48.064735, -15.914291], [-48.064759, -15.914212], [-48.064761, -15.914207], [-48.064775, -15.91416], [-48.064737, -15.914149], [-48.064731, -15.914169], [-48.064732, -15.91417], [-48.06473, -15.914179], [-48.064708, -15.914173], [-48.064714, -15.914153], [-48.064683, -15.914144], [-48.064661, -15.914213], [-48.064652, -15.914241], [-48.064645, -15.914263]]]}, "properties": {}},
{"type": "Feature", "geometry": {"type": "Polygon", "coordinates": [[[-48.061746, -15.917595], [-48.061719, -15.91768], [-48.061764, -15.917693], [-48.061866, -15.917724], [-48.061892, -15.917639], [-48.061746, -15.917595]]]}, "properties": {}},
{"type": "Feature", "geometry": {"type": "Polygon", "coordinates": [[[-48.055326, -15.917426], [-48.055328, -15.91742], [-48.055364, -15.917431], [-48.05535, -15.917472], [-48.055372, -15.917478], [-48.055414, -15.917349], [-48.055344, -15.917328], [-48.055324, -15.917391], [-48.055314, -15.917422], [-48.055326, -15.917426]]]}, "properties": {}},
{"type": "Feature", "geometry": {"type": "Polygon", "coordinates": [[[-48.063731, -15.915344], [-48.063731, -15.915343], [-48.063688, -15.915331], [-48.063662, -15.915419], [-48.063704, -15.915431], [-48.063731, -15.915344]]]}, "properties": {}},
{"type": "Feature", "geometry": {"type": "Polygon", "coordinates": [[[-48.061587, -15.91487], [-48.061665, -15.91488], [-48.061675, -15.914881], [-48.061678, -15.914828], [-48.061681, -15.914792], [-48.061681, -15.914788], [-48.061593, -15.914777], [-48.061593, -15.914781], [-48.061587, -15.914868], [-48.061587, -15.91487]]]}, "properties": {}},
{"type": "Feature", "geometry": {"type": "Polygon", "coordinates": [[[-48.055123, -15.916219], [-48.055163, -15.916231], [-48.055245, -15.916256], [-48.055257, -15.91626], [-48.055284, -15.916173], [-48.055151, -15.916132], [-48.055145, -15.91613], [-48.055143, -15.916134], [-48.055116, -15.916217], [-48.055123, -15.916219]]]}, "properties": {}},
{"type": "Feature", "geometry": {"type": "Polygon", "coordinates": [[[-48.061439, -15.916431], [-48.061431, -15.916457], [-48.06146, -15.916466], [-48.061459, -15.91647], [-48.061518, -15.916487], [-48.061519, -15.916483], [-48.061537, -15.91643], [-48.061478, -15.916412], [-48.061474, -15.916422], [-48.061445, -15.916413], [-48.061439, -15.916431]]]}, "properties": {}},
{"type": "Feature", "geometry": {"type": "Polygon", "coordinates": [[[-48.060455, -15.916446], [-48.060545, -15.916472], [-48.060563, -15.916417], [-48.060493, -15.916396], [-48.060496, -15.916387], [-48.060543, -15.916401], [-48.060544, -15.916396], [-48.060547, -15.916397], [-48.060554, -15.916376], [-48.060574, -15.916383], [-48.060576, -15.916376], [-48.060587, -15.916343], [-48.060566, -15.916337], [-48.060567, -15.916334], [-48.060498, -15.916312], [-48.060494, -15.916325], [-48.060456, -15.916444], [-48.060455, -15.916446]]]}, "properties": {}},
{"type": "Feature", "geometry": {"type": "Polygon", "coordinates": [[[-48.061907, -15.916427], [-48.061897, -15.916456], [-48.061918, -15.916462], [-48.061918, -15.916461], [-48.061939, -15.916396], [-48.061942, -15.916386], [-48.061957, -15.91634], [-48.061965, -15.916316], [-48.06196, -15.916315], [-48.061962, -15.916311], [-48.061931, -15.916302], [-48.06193, -15.916305], [-48.061876, -15.916288], [-48.061842, -15.916394], [-48.061838, -15.916406], [-48.061907, -15.916427]]]}, "properties": {}},
{"type": "Feature", "geometry": {"type": "Polygon", "coordinates": [[[-48.061753, -15.916366], [-48.061842, -15.916394], [-48.061876, -15.916288], [-48.061877, -15.916285], [-48.061788, -15.916258], [-48.061787, -15.916261], [-48.061783, -15.916276], [-48.061753, -15.916366]]]}, "properties": {}},
{"type": "Feature", "geometry": {"type": "Polygon", "coordinates": [[[-48.059531, -15.916346], [-48.059565, -15.916357], [-48.059563, -15.916363], [-48.059573, -15.916366], [-48.05965, -15.916389], [-48.059652, -15.91639], [-48.059675, -15.916397], [-48.059685, -15.916364], [-48.05967, -15.91636], [-48.059674, -15.916349], [-48.059652, -15.916342], [-48.059666, -15.916301], [-48.059545, -15.916264], [-48.059535, -15.916292], [-48.059547, -15.916296], [-48.059531, -15.916346]]]}, "properties": {}},
{"type": "Feature", "geometry": {"type": "Polygon", "coordinates": [[[-48.061653, -15.916327], [-48.061667, -15.916331], [-48.061693, -15.91625], [-48.061693, -15.916248], [-48.061698, -15.916233], [-48.061608, -15.916206], [-48.061575, -15.916311], [-48.061562, -15.916353], [-48.061562, -15.916355], [-48.06165, -15.916382], [-48.061663, -15.916341], [-48.06165, -15.916337], [-48.061653, -15.916327]]]}, "properties": {}},
{"type": "Feature", "geometry": {"type": "Polygon", "coordinates": [[[-48.065181, -15.916214], [-48.065196, -15.916166], [-48.065199, -15.916157], [-48.065172, -15.916149], [-48.065191, -15.916089], [-48.065218, -15.916097], [-48.065229, -15.916064], [-48.06516, -15.916046], [-48.065148, -15.916084], [-48.065113, -15.916193], [-48.065181, -15.916214]]]}, "properties": {}},
{"type": "Feature", "geometry": {"type": "Polygon", "coordinates": [[[-48.06302, -15.916115], [-48.063023, -15.916116], [-48.063048, -15.916124], [-48.063047, -15.916127], [-48.063137, -15.916154], [-48.063139, -15.916149], [-48.063143, -15.916135], [-48.063162, -15.91614], [-48.06318, -15.916084], [-48.063046, -15.916044], [-48.063044, -15.916044], [-48.063033, -15.916078], [-48.063032, -15.916078], [-48.06302, -15.916115]]]}, "properties": {}},
{"type": "Feature", "geometry": {"type": "Polygon", "coordinates": [[[-48.05812, -15.916116], [-48.058122, -15.916111], [-48.058012, -15.916077], [-48.058007, -15.916081], [-48.057975, -15.916185], [-48.057979, -15.916186], [-48.058, -15.916193], [-48.058038, -15.916205], [-48.058078, -15.916217], [-48.058084, -15.916219], [-48.058124, -15.916232], [-48.058126, -15.916226], [-48.058151, -15.916153], [-48.058155, -15.916143], [-48.058115, -15.91613], [-48.05812, -15.916116]]]}, "properties": {}},
{"type": "Feature", "geometry": {"type": "Polygon", "coordinates": [[[-48.060471, -15.916065], [-48.060457, -15.916107], [-48.060423, -15.916097], [-48.060408, -15.916144], [-48.060407, -15.916149], [-48.0604, -15.91617], [-48.060399, -15.916175], [-48.060438, -15.916186], [-48.06044, -15.916181], [-48.060446, -15.916161], [-48.060495, -15.916177], [-48.060503, -15.916154], [-48.060538, -15.916044], [-48.060494, -15.916031], [-48.060448, -15.916017], [-48.060442, -15.916038], [-48.060437, -15.916054], [-48.060471, -15.916065]]]}, "properties": {}},
{"type": "Feature", "geometry": {"type": "Polygon", "coordinates": [[[-48.054409, -15.916032], [-48.054431, -15.916039], [-48.054422, -15.916069], [-48.054481, -15.916086], [-48.054491, -15.916056], [-48.054504, -15.916015], [-48.054514, -15.915986], [-48.054461, -15.91597], [-48.054425, -15.915959], [-48.05441, -15.916004], [-48.054417, -15.916006], [-48.054409, -15.916032]]]}, "properties": {}},
{"type": "Feature", "geometry": {"type": "Polygon", "coordinates": [[[-48.062743, -15.9158], [-48.062668, -15.915776], [-48.062672, -15.915762], [-48.062729, -15.91578], [-48.062741, -15.915746], [-48.062657, -15.91572], [-48.062632, -15.915796], [-48.062734, -15.915827], [-48.062743, -15.9158]]]}, "properties": {}},
{"type": "Feature", "geometry": {"type": "Polygon", "coordinates": [[[-48.063587, -15.915734], [-48.063653, -15.915754], [-48.063679, -15.915676], [-48.063663, -15.915671], [-48.063669, -15.915653], [-48.063641, -15.915645], [-48.063635, -15.915663], [-48.063612, -15.915656], [-48.063587, -15.915734]]]}, "properties": {}},
{"type": "Feature", "geometry": {"type": "Polygon", "coordinates": [[[-48.061125, -15.915747], [-48.061168, -15.915761], [-48.061184, -15.915712], [-48.061108, -15.915689], [-48.061121, -15.915652], [-48.061061, -15.915634], [-48.061059, -15.915634], [-48.061043, -15.915685], [-48.061032, -15.915719], [-48.061125, -15.915747]]]}, "properties": {}},
{"type": "Feature", "geometry": {"type": "Polygon", "coordinates": [[[-48.061099, -15.915363], [-48.061141, -15.915232], [-48.061145, -15.91522], [-48.061146, -15.915216], [-48.061056, -15.915189], [-48.061054, -15.915193], [-48.061009, -15.915335], [-48.061099, -15.915363]]]}, "properties": {}},
{"type": "Feature", "geometry": {"type": "Polygon", "coordinates": [[[-48.065069, -15.915184], [-48.065065, -15.915195], [-48.065098, -15.915205], [-48.0651, -15.915197], [-48.065131, -15.915206], [-48.065158, -15.915121], [-48.065118, -15.91511], [-48.065106, -15.915145], [-48.065084, -15.915138], [-48.065069, -15.915184]]]}, "properties": {}},
{"type": "Feature", "geometry": {"type": "Polygon", "coordinates": [[[-48.061967, -15.915099], [-48.062034, -15.915118], [-48.062042, -15.915093], [-48.06207, -15.915005], [-48.062075, -15.914989], [-48.06201, -15.91497], [-48.06201, -15.914969], [-48.062005, -15.914968], [-48.062003, -15.914975], [-48.061977, -15.915064], [-48.061967, -15.915099]]]}, "properties": {}},
{"type": "Feature", "geometry": {"type": "Polygon", "coordinates": [[[-48.06463, -15.914791], [-48.064611, -15.914785], [-48.064617, -15.914768], [-48.064635, -15.914773], [-48.064646, -15.914741], [-48.064513, -15.914701], [-48.064487, -15.914785], [-48.064619, -15.914824], [-48.06463, -15.914791]], [[-48.064575, -15.914756], [-48.06457, -15.914772], [-48.064554, -15.914767], [-48.064559, -15.914752], [-48.064575, -15.914756]]]}, "properties": {}},
{"type": "Feature", "geometry": {"type": "Polygon", "coordinates": [[[-48.062454, -15.914505], [-48.062482, -15.914418], [-48.062428, -15.914401], [-48.062427, -15.914401], [-48.062402, -15.914474], [-48.062397, -15.914488], [-48.062454, -15.914505]]]}, "properties": {}},
{"type": "Feature", "geometry": {"type": "Polygon", "coordinates": [[[-48.054553, -15.914623], [-48.054581, -15.914537], [-48.0545, -15.914513], [-48.054472, -15.914599], [-48.054495, -15.914605], [-48.054553, -15.914623]]]}, "properties": {}},
{"type": "Feature", "geometry": {"type": "Polygon", "coordinates": [[[-48.064115, -15.914231], [-48.06411, -15.914245], [-48.064234, -15.914281], [-48.06426, -15.914195], [-48.06421, -15.91418], [-48.064139, -15.914158], [-48.064136, -15.914168], [-48.064115, -15.914231]]]}, "properties": {}},
{"type": "Feature", "geometry": {"type": "Polygon", "coordinates": [[[-48.062878, -15.913978], [-48.062967, -15.914007], [-48.06297, -15.913996], [-48.063016, -15.913859], [-48.062984, -15.91385], [-48.06297, -15.913846], [-48.062926, -15.913832], [-48.062909, -15.913883], [-48.062879, -15.913974], [-48.062878, -15.913978]]]}, "properties": {}},
{"type": "Feature", "geometry": {"type": "Polygon", "coordinates": [[[-48.060755, -15.913859], [-48.060745, -15.91389], [-48.060785, -15.913902], [-48.060794, -15.913874], [-48.060813, -15.913879], [-48.060837, -15.913806], [-48.060844, -15.913808], [-48.060857, -15.913766], [-48.060857, -15.913764], [-48.060792, -15.913744], [-48.060791, -15.913746], [-48.060778, -15.913788], [-48.060755, -15.913859]]]}, "properties": {}},
{"type": "Feature", "geometry": {"type": "Polygon", "coordinates": [[[-48.064318, -15.913785], [-48.064334, -15.91379], [-48.0644, -15.91381], [-48.064425, -15.913817], [-48.064452, -15.913732], [-48.064435, -15.913727], [-48.064422, -15.913723], [-48.064399, -15.913716], [-48.064296, -15.913684], [-48.064281, -15.913728], [-48.064267, -15.91377], [-48.064318, -15.913785]], [[-48.064404, -15.913782], [-48.064405, -15.913777], [-48.064334, -15.913754], [-48.064332, -15.913759], [-48.064326, -15.913757], [-48.064333, -15.913737], [-48.064416, -15.913762], [-48.064409, -15.913784], [-48.064404, -15.913782]]]}, "properties": {}},
{"type": "Feature", "geometry": {"type": "Polygon", "coordinates": [[[-48.054311, -15.919176], [-48.054361, -15.919191], [-48.054377, -15.919196], [-48.054467, -15.919223], [-48.05447, -15.919224], [-48.05449, -15.919162], [-48.054347, -15.919118], [-48.054345, -15.919117], [-48.054332, -15.919156], [-48.054318, -15.919152], [-48.054311, -15.919176]]]}, "properties": {}},
{"type": "Feature", "geometry": {"type": "Polygon", "coordinates": [[[-48.056994, -15.91909], [-48.057004, -15.919093], [-48.057027, -15.919022], [-48.056981, -15.919007], [-48.056937, -15.918994], [-48.056919, -15.919052], [-48.056998, -15.919077], [-48.056994, -15.91909]]]}, "properties": {}},
{"type": "Feature", "geometry": {"type": "Polygon", "coordinates": [[[-48.054464, -15.918942], [-48.054476, -15.918906], [-48.054479, -15.918906], [-48.054467, -15.918942], [-48.054529, -15.918962], [-48.05455, -15.918896], [-48.054428, -15.918859], [-48.054407, -15.918924], [-48.054453, -15.918938], [-48.054464, -15.918942]]]}, "properties": {}},
{"type": "Feature", "geometry": {"type": "Polygon", "coordinates": [[[-48.058503, -15.917584], [-48.058486, -15.917579], [-48.058484, -15.917585], [-48.058473, -15.917581], [-48.058463, -15.917613], [-48.058488, -15.91762], [-48.058517, -15.917629], [-48.058596, -15.917653], [-48.058623, -15.917566], [-48.058542, -15.917541], [-48.058523, -15.9176], [-48.0585, -15.917593], [-48.058503, -15.917584]]]}, "properties": {}},
{"type": "Feature", "geometry": {"type": "Polygon", "coordinates": [[[-48.058645, -15.917541], [-48.058633, -15.917537], [-48.058623, -15.917566], [-48.058625, -15.917567], [-48.058655, -15.917576], [-48.058758, -15.917607], [-48.058786, -15.917521], [-48.058741, -15.917507], [-48.058688, -15.91749], [-48.058653, -15.91748], [-48.058651, -15.917479], [-48.058637, -15.917524], [-48.05865, -15.917527], [-48.058645, -15.917541]], [[-48.058726, -15.917543], [-48.058719, -15.917564], [-48.058701, -15.917558], [-48.058707, -15.917539], [-48.058721, -15.917543], [-48.058722, -15.917541], [-48.058726, -15.917543]]]}, "properties": {}},
{"type": "Feature", "geometry": {"type": "Polygon", "coordinates": [[[-48.057294, -15.917446], [-48.057322, -15.91736], [-48.057292, -15.917351], [-48.05721, -15.917326], [-48.057182, -15.917412], [-48.057292, -15.917445], [-48.057294, -15.917446]]]}, "properties": {}},
{"type": "Feature", "geometry": {"type": "Polygon", "coordinates": [[[-48.058447, -15.916754], [-48.058525, -15.916778], [-48.058542, -15.916726], [-48.058557, -15.916731], [-48.058552, -15.916746], [-48.058583, -15.916756], [-48.058588, -15.916741], [-48.058597, -15.916744], [-48.058608, -15.91671], [-48.058474, -15.916669], [-48.058458, -15.916719], [-48.058451, -15.91674], [-48.058447, -15.916754]]]}, "properties": {}},
{"type": "Feature", "geometry": {"type": "Polygon", "coordinates": [[[-48.063546, -15.919078], [-48.063541, -15.919076], [-48.063515, -15.919158], [-48.063517, -15.919159], [-48.063516, -15.919162], [-48.063517, -15.919163], [-48.063515, -15.919169], [-48.063546, -15.919179], [-48.063571, -15.919103], [-48.06359, -15.919048], [-48.063501, -15.919021], [-48.06349, -15.919054], [-48.063549, -15.919072], [-48.063546, -15.919078]]]}, "properties": {}},
{"type": "Feature", "geometry": {"type": "Polygon", "coordinates": [[[-48.064504, -15.919023], [-48.064502, -15.919028], [-48.064538, -15.919039], [-48.064556, -15.918987], [-48.064453, -15.918956], [-48.064438, -15.919002], [-48.064504, -15.919023]]]}, "properties": {}},
{"type": "Feature", "geometry": {"type": "Polygon", "coordinates": [[[-48.061206, -15.919078], [-48.061216, -15.919081], [-48.061221, -15.919083], [-48.061259, -15.919095], [-48.061262, -15.919086], [-48.061287, -15.919008], [-48.061194, -15.91898], [-48.061181, -15.91902], [-48.061221, -15.919032], [-48.061206, -15.919078]]]}, "properties": {}},
{"type": "Feature", "geometry": {"type": "Polygon", "coordinates": [[[-48.062283, -15.919034], [-48.062308, -15.918955], [-48.062273, -15.918944], [-48.062267, -15.918962], [-48.062247, -15.919023], [-48.062283, -15.919034]]]}, "properties": {}},
{"type": "Feature", "geometry": {"type": "Polygon", "coordinates": [[[-48.064725, -15.918799], [-48.064717, -15.918823], [-48.064717, -15.918824], [-48.064743, -15.918832], [-48.064719, -15.918907], [-48.064692, -15.918898], [-48.064676, -15.918946], [-48.064674, -15.918951], [-48.064741, -15.918973], [-48.064755, -15.918932], [-48.064757, -15.918924], [-48.064793, -15.918817], [-48.064792, -15.918817], [-48.064793, -15.918814], [-48.064728, -15.918795], [-48.064727, -15.918798], [-48.064727, -15.9188], [-48.064725, -15.918799]]]}, "properties": {}},
{"type": "Feature", "geometry": {"type": "Polygon", "coordinates": [[[-48.060395, -15.918702], [-48.060418, -15.918631], [-48.060375, -15.918618], [-48.060352, -15.918691], [-48.060394, -15.918704], [-48.060395, -15.918702]]]}, "properties": {}},
{"type": "Feature", "geometry": {"type": "Polygon", "coordinates": [[[-48.06118, -15.918436], [-48.061138, -15.918423], [-48.061111, -15.91851], [-48.061152, -15.918523], [-48.06118, -15.918436]]]}, "properties": {}},
{"type": "Feature", "geometry": {"type": "Polygon", "coordinates": [[[-48.060497, -15.918471], [-48.060489, -15.918495], [-48.060493, -15.918496], [-48.060489, -15.91851], [-48.060518, -15.918519], [-48.060537, -15.918459], [-48.06056, -15.918389], [-48.060531, -15.91838], [-48.0605, -15.918371], [-48.06047, -15.918362], [-48.060455, -15.918404], [-48.060439, -15.918454], [-48.060497, -15.918471]]]}, "properties": {}},
{"type": "Feature", "geometry": {"type": "Polygon", "coordinates": [[[-48.058902, -15.918379], [-48.058911, -15.918382], [-48.058926, -15.918386], [-48.058955, -15.918299], [-48.05895, -15.918298], [-48.058895, -15.918281], [-48.058892, -15.91828], [-48.058864, -15.918367], [-48.058867, -15.918368], [-48.058902, -15.918379]]]}, "properties": {}},
{"type": "Feature", "geometry": {"type": "Polygon", "coordinates": [[[-48.0625, -15.918243], [-48.062617, -15.918279], [-48.062634, -15.918284], [-48.062639, -15.918286], [-48.062649, -15.918254], [-48.062667, -15.918199], [-48.062661, -15.918197], [-48.062644, -15.918192], [-48.062569, -15.91817], [-48.062511, -15.918152], [-48.0625, -15.918185], [-48.062483, -15.918238], [-48.0625, -15.918243]], [[-48.062582, -15.918233], [-48.062591, -15.918207], [-48.062634, -15.918221], [-48.062625, -15.918246], [-48.062582, -15.918233]]]}, "properties": {}},
{"type": "Feature", "geometry": {"type": "Polygon", "coordinates": [[[-48.058895, -15.918281], [-48.05895, -15.918298], [-48.058958, -15.918275], [-48.058987, -15.918284], [-48.058979, -15.918307], [-48.059025, -15.918321], [-48.059053, -15.918235], [-48.059048, -15.918233], [-48.058922, -15.918196], [-48.05892, -15.918196], [-48.058918, -15.9182], [-48.058892, -15.91828], [-48.058895, -15.918281]]]}, "properties": {}},
{"type": "Feature", "geometry": {"type": "Polygon", "coordinates": [[[-48.063064, -15.918226], [-48.063074, -15.918229], [-48.063102, -15.918237], [-48.063129, -15.918152], [-48.063127, -15.918151], [-48.063089, -15.918139], [-48.063086, -15.918149], [-48.06303, -15.918132], [-48.063008, -15.918197], [-48.063067, -15.918215], [-48.063064, -15.918226]]]}, "properties": {}},
{"type": "Feature", "geometry": {"type": "Polygon", "coordinates": [[[-48.062511, -15.918152], [-48.062539, -15.918065], [-48.0625, -15.918053], [-48.06247, -15.918044], [-48.062441, -15.918132], [-48.0625, -15.918149], [-48.062511, -15.918152]]]}, "properties": {}},
{"type": "Feature", "geometry": {"type": "Polygon", "coordinates": [[[-48.059849, -15.917113], [-48.05986, -15.917078], [-48.05983, -15.917069], [-48.059832, -15.917063], [-48.059822, -15.917061], [-48.05982, -15.917067], [-48.059776, -15.917054], [-48.059781, -15.917035], [-48.059866, -15.91706], [-48.05987, -15.917049], [-48.059876, -15.91705], [-48.059883, -15.917028], [-48.059753, -15.916989], [-48.059751, -15.916988], [-48.059723, -15.917075], [-48.059766, -15.917088], [-48.059849, -15.917113]]]}, "properties": {}},
{"type": "Feature", "geometry": {"type": "Polygon", "coordinates": [[[-48.061494, -15.917011], [-48.061485, -15.91704], [-48.061488, -15.917041], [-48.06157, -15.917066], [-48.061619, -15.917081], [-48.06162, -15.917081], [-48.061637, -15.917086], [-48.061664, -15.917001], [-48.061664, -15.917], [-48.061648, -15.916995], [-48.061578, -15.916974], [-48.061529, -15.916959], [-48.061519, -15.916991], [-48.061502, -15.916986], [-48.061494, -15.917011]]]}, "properties": {}},
{"type": "Feature", "geometry": {"type": "Polygon", "coordinates": [[[-48.061578, -15.916974], [-48.061581, -15.916963], [-48.061553, -15.916955], [-48.061565, -15.916919], [-48.061571, -15.916921], [-48.06156, -15.916955], [-48.061652, -15.916982], [-48.061648, -15.916995], [-48.061664, -15.917], [-48.061673, -15.917003], [-48.061701, -15.916917], [-48.061679, -15.91691], [-48.061541, -15.916869], [-48.061512, -15.916954], [-48.061529, -15.916959], [-48.061578, -15.916974]]]}, "properties": {}},
{"type": "Feature", "geometry": {"type": "Polygon", "coordinates": [[[-48.060685, -15.916941], [-48.060696, -15.916908], [-48.060731, -15.916797], [-48.060733, -15.91679], [-48.060645, -15.916763], [-48.060638, -15.916783], [-48.060596, -15.916913], [-48.060685, -15.916941]]]}, "properties": {}},
{"type": "Feature", "geometry": {"type": "Polygon", "coordinates": [[[-48.060649, -15.918416], [-48.06056, -15.918389], [-48.060537, -15.918459], [-48.060626, -15.918485], [-48.060649, -15.918416]]]}, "properties": {}},
{"type": "Feature", "geometry": {"type": "Polygon", "coordinates": [[[-48.06093, -15.916669], [-48.060914, -15.916718], [-48.060918, -15.916719], [-48.060915, -15.916726], [-48.060948, -15.916736], [-48.060961, -15.916695], [-48.060965, -15.916683], [-48.06097, -15.916667], [-48.060989, -15.916607], [-48.0609, -15.91658], [-48.060876, -15.916652], [-48.060925, -15.916667], [-48.06093, -15.916669]]]}, "properties": {}},
{"type": "Feature", "geometry": {"type": "Polygon", "coordinates": [[[-48.06429, -15.918097], [-48.06424, -15.918082], [-48.064157, -15.918057], [-48.064132, -15.91805], [-48.064116, -15.918099], [-48.064141, -15.918107], [-48.06413, -15.918142], [-48.064186, -15.91816], [-48.064212, -15.918167], [-48.064262, -15.918182], [-48.06429, -15.918097]], [[-48.064146, -15.91812], [-48.06415, -15.918107], [-48.064225, -15.918129], [-48.06422, -15.918142], [-48.064146, -15.91812]]]}, "properties": {}},
{"type": "Feature", "geometry": {"type": "Polygon", "coordinates": [[[-48.057388, -15.918233], [-48.057338, -15.918218], [-48.057329, -15.918244], [-48.057379, -15.918259], [-48.057388, -15.918233]]]}, "properties": {}},
{"type": "Feature", "geometry": {"type": "Polygon", "coordinates": [[[-48.06279, -15.917044], [-48.062728, -15.917025], [-48.062718, -15.917056], [-48.06278, -15.917074], [-48.06279, -15.917044]]]}, "properties": {}},
{"type": "Feature", "geometry": {"type": "Polygon", "coordinates": [[[-48.061864, -15.91744], [-48.061892, -15.917353], [-48.061831, -15.917335], [-48.06183, -15.917335], [-48.061802, -15.917422], [-48.061803, -15.917422], [-48.061864, -15.91744]]]}, "properties": {}},
{"type": "Feature", "geometry": {"type": "Polygon", "coordinates": [[[-48.061282, -15.913815], [-48.061289, -15.913794], [-48.061223, -15.913775], [-48.061187, -15.913883], [-48.061254, -15.913903], [-48.061282, -15.913815]]]}, "properties": {}},
{"type": "Feature", "geometry": {"type": "Polygon", "coordinates": [[[-48.063822, -15.915859], [-48.063818, -15.915872], [-48.063832, -15.915877], [-48.063848, -15.915826], [-48.063852, -15.915814], [-48.063787, -15.915794], [-48.063782, -15.915808], [-48.063771, -15.915843], [-48.063822, -15.915859]]]}, "properties": {}},
{"type": "Feature", "geometry": {"type": "Polygon", "coordinates": [[[-48.060729, -15.916502], [-48.060722, -15.916524], [-48.060722, -15.916526], [-48.060812, -15.916553], [-48.060835, -15.91648], [-48.060853, -15.916424], [-48.060855, -15.91642], [-48.060765, -15.916394], [-48.060765, -15.916395], [-48.060764, -15.916397], [-48.060729, -15.916502]]]}, "properties": {}},
{"type": "Feature", "geometry": {"type": "Polygon", "coordinates": [[[-48.061246, -15.916423], [-48.061248, -15.91642], [-48.061252, -15.916405], [-48.061267, -15.916359], [-48.06128, -15.916317], [-48.061256, -15.91631], [-48.061161, -15.916281], [-48.061145, -15.916276], [-48.061112, -15.916379], [-48.061111, -15.916381], [-48.061246, -15.916423]]]}, "properties": {}},
{"type": "Feature", "geometry": {"type": "Polygon", "coordinates": [[[-48.065038, -15.916233], [-48.065067, -15.916241], [-48.06507, -15.916234], [-48.065098, -15.916242], [-48.065104, -15.916222], [-48.065113, -15.916193], [-48.065092, -15.916187], [-48.065047, -15.916173], [-48.065032, -15.916219], [-48.065042, -15.916222], [-48.065038, -15.916233]]]}, "properties": {}},
{"type": "Feature", "geometry": {"type": "Polygon", "coordinates": [[[-48.05947, -15.916241], [-48.059507, -15.916252], [-48.059545, -15.916264], [-48.059573, -15.916177], [-48.059529, -15.916164], [-48.059446, -15.916139], [-48.05943, -15.916187], [-48.059483, -15.916203], [-48.05947, -15.916241]]]}, "properties": {}},
{"type": "Feature", "geometry": {"type": "Polygon", "coordinates": [[[-48.058151, -15.916153], [-48.058126, -15.916226], [-48.05811, -15.916274], [-48.058193, -15.916299], [-48.058202, -15.916301], [-48.058218, -15.916254], [-48.058243, -15.916181], [-48.058253, -15.916152], [-48.058161, -15.916124], [-48.05816, -15.916129], [-48.058155, -15.916143], [-48.058151, -15.916153]]]}, "properties": {}},
{"type": "Feature", "geometry": {"type": "Polygon", "coordinates": [[[-48.064917, -15.91599], [-48.064916, -15.915992], [-48.064905, -15.915989], [-48.064901, -15.916002], [-48.064885, -15.915997], [-48.064849, -15.916105], [-48.064847, -15.916113], [-48.064912, -15.916133], [-48.064913, -15.916133], [-48.064956, -15.915999], [-48.06496, -15.915989], [-48.064962, -15.915983], [-48.064934, -15.915975], [-48.064928, -15.915993], [-48.064917, -15.91599]]]}, "properties": {}},
{"type": "Feature", "geometry": {"type": "Polygon", "coordinates": [[[-48.054597, -15.916117], [-48.054608, -15.916084], [-48.05466, -15.9161], [-48.05466, -15.916102], [-48.054638, -15.916095], [-48.054618, -15.916154], [-48.05465, -15.916164], [-48.054683, -15.916063], [-48.054684, -15.916059], [-48.05469, -15.91604], [-48.054602, -15.916013], [-48.054593, -15.916042], [-48.054571, -15.916109], [-48.054597, -15.916117]]]}, "properties": {}},
{"type": "Feature", "geometry": {"type": "Polygon", "coordinates": [[[-48.061733, -15.91585], [-48.061707, -15.91593], [-48.0617, -15.915928], [-48.061687, -15.915967], [-48.061776, -15.915994], [-48.061792, -15.915945], [-48.061818, -15.915864], [-48.061826, -15.91584], [-48.061737, -15.915813], [-48.061729, -15.915838], [-48.061726, -15.915848], [-48.061733, -15.91585]]]}, "properties": {}},
{"type": "Feature", "geometry": {"type": "Polygon", "coordinates": [[[-48.054218, -15.91599], [-48.054203, -15.916035], [-48.054292, -15.916062], [-48.054292, -15.916061], [-48.054307, -15.916017], [-48.054252, -15.916], [-48.054257, -15.915983], [-48.054312, -15.916], [-48.054335, -15.915931], [-48.054246, -15.915904], [-48.054243, -15.915915], [-48.05423, -15.915952], [-48.054218, -15.91599]]]}, "properties": {}},
{"type": "Feature", "geometry": {"type": "Polygon", "coordinates": [[[-48.054701, -15.916009], [-48.054693, -15.916007], [-48.05472, -15.915925], [-48.054696, -15.915918], [-48.054701, -15.915901], [-48.054645, -15.915883], [-48.054602, -15.916013], [-48.05469, -15.91604], [-48.054701, -15.916009]]]}, "properties": {}},
{"type": "Feature", "geometry": {"type": "Polygon", "coordinates": [[[-48.062109, -15.915567], [-48.062079, -15.915659], [-48.062171, -15.915686], [-48.06221, -15.915563], [-48.06215, -15.915544], [-48.06214, -15.915573], [-48.06211, -15.915563], [-48.062109, -15.915567]]]}, "properties": {}},
{"type": "Feature", "geometry": {"type": "Polygon", "coordinates": [[[-48.063354, -15.915547], [-48.063341, -15.915587], [-48.06332, -15.915654], [-48.06338, -15.915672], [-48.063404, -15.915595], [-48.063409, -15.915597], [-48.063425, -15.915546], [-48.063426, -15.915544], [-48.063429, -15.915534], [-48.063376, -15.915519], [-48.063374, -15.915518], [-48.063371, -15.915526], [-48.063362, -15.915523], [-48.063354, -15.915547]]]}, "properties": {}},
{"type": "Feature", "geometry": {"type": "Polygon", "coordinates": [[[-48.061211, -15.91532], [-48.061188, -15.915391], [-48.061247, -15.915409], [-48.061251, -15.915397], [-48.061281, -15.915407], [-48.061296, -15.915365], [-48.061296, -15.915364], [-48.061319, -15.915288], [-48.06132, -15.915284], [-48.06123, -15.915259], [-48.061229, -15.915262], [-48.061211, -15.91532]]]}, "properties": {}},
{"type": "Feature", "geometry": {"type": "Polygon", "coordinates": [[[-48.065053, -15.915325], [-48.065096, -15.915338], [-48.065097, -15.915337], [-48.065097, -15.915335], [-48.065129, -15.915226], [-48.065129, -15.915225], [-48.065062, -15.915204], [-48.065036, -15.915287], [-48.065063, -15.915295], [-48.065053, -15.915325]]]}, "properties": {}},
{"type": "Feature", "geometry": {"type": "Polygon", "coordinates": [[[-48.061352, -15.914887], [-48.061358, -15.914919], [-48.061364, -15.914953], [-48.061406, -15.914947], [-48.061413, -15.914987], [-48.061444, -15.914982], [-48.061433, -15.914872], [-48.061428, -15.914872], [-48.061359, -15.914886], [-48.061352, -15.914887]]]}, "properties": {}},
{"type": "Feature", "geometry": {"type": "Polygon", "coordinates": [[[-48.064918, -15.914773], [-48.064932, -15.914731], [-48.064883, -15.914716], [-48.064856, -15.914801], [-48.064904, -15.914817], [-48.064918, -15.914773]]]}, "properties": {}},
{"type": "Feature", "geometry": {"type": "Polygon", "coordinates": [[[-48.064262, -15.914574], [-48.064351, -15.914602], [-48.064376, -15.914523], [-48.064358, -15.914518], [-48.064354, -15.914532], [-48.064315, -15.91452], [-48.064336, -15.914454], [-48.064303, -15.914444], [-48.064276, -15.914528], [-48.064269, -15.914549], [-48.064262, -15.914574]]]}, "properties": {}},
{"type": "Feature", "geometry": {"type": "Polygon", "coordinates": [[[-48.064463, -15.914314], [-48.064477, -15.914318], [-48.064479, -15.914312], [-48.06449, -15.914315], [-48.064484, -15.914335], [-48.064471, -15.914331], [-48.064464, -15.914351], [-48.064514, -15.914366], [-48.064542, -15.914281], [-48.064493, -15.914266], [-48.064486, -15.914263], [-48.064409, -15.914239], [-48.064385, -15.914311], [-48.064457, -15.914331], [-48.064463, -15.914314]]]}, "properties": {}},
{"type": "Feature", "geometry": {"type": "Polygon", "coordinates": [[[-48.062654, -15.914226], [-48.062658, -15.914227], [-48.062654, -15.914241], [-48.062651, -15.91424], [-48.062646, -15.914254], [-48.062678, -15.914264], [-48.062698, -15.9142], [-48.062629, -15.91418], [-48.062565, -15.914161], [-48.062555, -15.914191], [-48.062655, -15.914221], [-48.062654, -15.914226]]]}, "properties": {}},
{"type": "Feature", "geometry": {"type": "Polygon", "coordinates": [[[-48.06206, -15.914029], [-48.062043, -15.914024], [-48.06203, -15.914067], [-48.062094, -15.914086], [-48.062143, -15.9141], [-48.062165, -15.914106], [-48.062173, -15.91408], [-48.06217, -15.914079], [-48.062181, -15.914042], [-48.062179, -15.914042], [-48.062103, -15.914019], [-48.062099, -15.914032], [-48.062062, -15.914021], [-48.06206, -15.914029]]]}, "properties": {}},
{"type": "Feature", "geometry": {"type": "Polygon", "coordinates": [[[-48.060544, -15.91383], [-48.060553, -15.913832], [-48.060574, -15.913839], [-48.060585, -15.913808], [-48.060613, -15.913817], [-48.060637, -15.913748], [-48.060643, -15.91375], [-48.060655, -15.913713], [-48.060589, -15.913692], [-48.060577, -15.913728], [-48.060556, -15.913792], [-48.060544, -15.91383]]]}, "properties": {}},
{"type": "Feature", "geometry": {"type": "Polygon", "coordinates": [[[-48.054316, -15.918199], [-48.05434, -15.918206], [-48.054344, -15.918191], [-48.054361, -15.918197], [-48.054356, -15.918211], [-48.054377, -15.918218], [-48.054377, -15.918217], [-48.05442, -15.918085], [-48.05433, -15.918058], [-48.054309, -15.91812], [-48.054285, -15.91819], [-48.054316, -15.918199]]]}, "properties": {}},
{"type": "Feature", "geometry": {"type": "Polygon", "coordinates": [[[-48.058384, -15.917398], [-48.058411, -15.917406], [-48.05844, -15.91732], [-48.058413, -15.917313], [-48.058355, -15.917295], [-48.058321, -15.917284], [-48.058303, -15.917339], [-48.058293, -15.917336], [-48.058311, -15.917281], [-48.05828, -15.917272], [-48.058279, -15.917271], [-48.058252, -15.917357], [-48.058331, -15.917382], [-48.058384, -15.917398]]]}, "properties": {}},
{"type": "Feature", "geometry": {"type": "Polygon", "coordinates": [[[-48.057951, -15.917126], [-48.05796, -15.917128], [-48.057985, -15.917056], [-48.057981, -15.917054], [-48.057986, -15.91704], [-48.057919, -15.917019], [-48.057905, -15.917062], [-48.057891, -15.917108], [-48.057951, -15.917126]]]}, "properties": {}},
{"type": "Feature", "geometry": {"type": "Polygon", "coordinates": [[[-48.064209, -15.919142], [-48.064242, -15.919152], [-48.064237, -15.919168], [-48.064234, -15.919174], [-48.06426, -15.919182], [-48.064281, -15.919116], [-48.064251, -15.919107], [-48.064153, -15.919077], [-48.064123, -15.919068], [-48.064102, -15.919134], [-48.064202, -15.919164], [-48.064209, -15.919142]]]}, "properties": {}},
{"type": "Feature", "geometry": {"type": "Polygon", "coordinates": [[[-48.061276, -15.919194], [-48.061367, -15.919221], [-48.061382, -15.919175], [-48.061327, -15.919157], [-48.061339, -15.91912], [-48.061261, -15.919095], [-48.061259, -15.919095], [-48.061231, -15.919181], [-48.061247, -15.919185], [-48.061276, -15.919194]]]}, "properties": {}},
{"type": "Feature", "geometry": {"type": "Polygon", "coordinates": [[[-48.062466, -15.919182], [-48.06247, -15.919183], [-48.062477, -15.919162], [-48.0625, -15.919168], [-48.062532, -15.919178], [-48.062525, -15.9192], [-48.062531, -15.919201], [-48.062561, -15.91921], [-48.062569, -15.91918], [-48.062586, -15.919123], [-48.0625, -15.919097], [-48.062426, -15.919075], [-48.062398, -15.919161], [-48.062466, -15.919182]]]}, "properties": {}},
{"type": "Feature", "geometry": {"type": "Polygon", "coordinates": [[[-48.063987, -15.919099], [-48.064041, -15.919116], [-48.064056, -15.91907], [-48.063984, -15.919048], [-48.063991, -15.919028], [-48.063969, -15.919021], [-48.063963, -15.919019], [-48.063942, -15.919085], [-48.063968, -15.919093], [-48.063987, -15.919099]]]}, "properties": {}},
{"type": "Feature", "geometry": {"type": "Polygon", "coordinates": [[[-48.064075, -15.919054], [-48.064123, -15.919068], [-48.064144, -15.919004], [-48.064071, -15.918982], [-48.064063, -15.919009], [-48.064002, -15.91899], [-48.064011, -15.918963], [-48.063991, -15.918957], [-48.063969, -15.919021], [-48.063991, -15.919028], [-48.064075, -15.919054]]]}, "properties": {}},
{"type": "Feature", "geometry": {"type": "Polygon", "coordinates": [[[-48.060971, -15.919036], [-48.060999, -15.918947], [-48.060924, -15.918924], [-48.060877, -15.91891], [-48.060849, -15.918998], [-48.060927, -15.919022], [-48.060971, -15.919036]]]}, "properties": {}},
{"type": "Feature", "geometry": {"type": "Polygon", "coordinates": [[[-48.064628, -15.918867], [-48.064609, -15.918925], [-48.064662, -15.918942], [-48.064667, -15.918943], [-48.064676, -15.918946], [-48.064692, -15.918898], [-48.064707, -15.918852], [-48.064689, -15.918847], [-48.064694, -15.918832], [-48.064672, -15.918826], [-48.064667, -15.91884], [-48.064639, -15.918832], [-48.064628, -15.918867]]]}, "properties": {}},
{"type": "Feature", "geometry": {"type": "Polygon", "coordinates": [[[-48.057745, -15.918922], [-48.057763, -15.918866], [-48.057777, -15.918823], [-48.057688, -15.918796], [-48.057656, -15.918895], [-48.05768, -15.918902], [-48.057745, -15.918922]]]}, "properties": {}},
{"type": "Feature", "geometry": {"type": "Polygon", "coordinates": [[[-48.059085, -15.918556], [-48.059228, -15.9186], [-48.059255, -15.918515], [-48.059123, -15.918474], [-48.059107, -15.918469], [-48.059079, -15.918554], [-48.059081, -15.918555], [-48.059085, -15.918556]]]}, "properties": {}},
{"type": "Feature", "geometry": {"type": "Polygon", "coordinates": [[[-48.062356, -15.918448], [-48.062276, -15.918423], [-48.062265, -15.918456], [-48.062399, -15.918496], [-48.062427, -15.918411], [-48.062348, -15.918387], [-48.062293, -15.91837], [-48.062282, -15.918404], [-48.062362, -15.91843], [-48.062356, -15.918448]]]}, "properties": {}},
{"type": "Feature", "geometry": {"type": "Polygon", "coordinates": [[[-48.058353, -15.918401], [-48.058397, -15.918415], [-48.058399, -15.918407], [-48.058414, -15.918359], [-48.058326, -15.918333], [-48.058312, -15.918376], [-48.058309, -15.918387], [-48.058353, -15.918401]]]}, "properties": {}},
{"type": "Feature", "geometry": {"type": "Polygon", "coordinates": [[[-48.059896, -15.918349], [-48.059901, -15.918334], [-48.05992, -15.918274], [-48.059944, -15.918202], [-48.059855, -15.918175], [-48.059853, -15.918174], [-48.059812, -15.918304], [-48.059806, -15.918322], [-48.059896, -15.918349]]]}, "properties": {}},
{"type": "Feature", "geometry": {"type": "Polygon", "coordinates": [[[-48.059944, -15.918202], [-48.059956, -15.918162], [-48.059866, -15.918135], [-48.059853, -15.918174], [-48.059855, -15.918175], [-48.059944, -15.918202]]]}, "properties": {}},
{"type": "Feature", "geometry": {"type": "Polygon", "coordinates": [[[-48.062722, -15.917949], [-48.062717, -15.917964], [-48.062628, -15.917936], [-48.062609, -15.917993], [-48.062699, -15.918021], [-48.062725, -15.91803], [-48.062777, -15.917877], [-48.06266, -15.917841], [-48.062652, -15.917864], [-48.062633, -15.917921], [-48.062722, -15.917949]]]}, "properties": {}},
{"type": "Feature", "geometry": {"type": "Polygon", "coordinates": [[[-48.060841, -15.917888], [-48.060954, -15.917922], [-48.060968, -15.917878], [-48.060981, -15.917836], [-48.060892, -15.917808], [-48.060873, -15.917869], [-48.06085, -15.917862], [-48.060841, -15.917888]]]}, "properties": {}},
{"type": "Feature", "geometry": {"type": "Polygon", "coordinates": [[[-48.062642, -15.917659], [-48.062628, -15.917701], [-48.062699, -15.917722], [-48.062736, -15.917605], [-48.062696, -15.917593], [-48.062688, -15.917617], [-48.062668, -15.917611], [-48.062676, -15.917586], [-48.062648, -15.917578], [-48.062645, -15.917587], [-48.062624, -15.917653], [-48.062642, -15.917659]]]}, "properties": {}},
{"type": "Feature", "geometry": {"type": "Polygon", "coordinates": [[[-48.059664, -15.917483], [-48.059669, -15.917467], [-48.059704, -15.917477], [-48.059698, -15.917493], [-48.05973, -15.917503], [-48.05974, -15.917473], [-48.059726, -15.917468], [-48.059737, -15.917433], [-48.059752, -15.917438], [-48.059767, -15.91739], [-48.059678, -15.917363], [-48.059669, -15.91739], [-48.059641, -15.917476], [-48.059664, -15.917483]]]}, "properties": {}},
{"type": "Feature", "geometry": {"type": "Polygon", "coordinates": [[[-48.064747, -15.917363], [-48.064749, -15.917356], [-48.064754, -15.917358], [-48.064752, -15.917365], [-48.064771, -15.917371], [-48.064791, -15.91731], [-48.064792, -15.917308], [-48.064755, -15.917297], [-48.064754, -15.917298], [-48.064704, -15.917282], [-48.064702, -15.917287], [-48.064683, -15.917344], [-48.064747, -15.917363]]]}, "properties": {}},
{"type": "Feature", "geometry": {"type": "Polygon", "coordinates": [[[-48.064762, -15.916949], [-48.064779, -15.916898], [-48.064749, -15.91689], [-48.064721, -15.916881], [-48.064719, -15.916881], [-48.064691, -15.916969], [-48.06475, -15.916987], [-48.064762, -15.916949]]]}, "properties": {}},
{"type": "Feature", "geometry": {"type": "Polygon", "coordinates": [[[-48.061057, -15.916999], [-48.061055, -15.917006], [-48.061129, -15.917028], [-48.061146, -15.916976], [-48.061202, -15.916992], [-48.061204, -15.916986], [-48.06121, -15.916988], [-48.061219, -15.916961], [-48.0611, -15.916925], [-48.061089, -15.916959], [-48.061072, -15.916953], [-48.061057, -15.916999]]]}, "properties": {}},
{"type": "Feature", "geometry": {"type": "Polygon", "coordinates": [[[-48.059225, -15.916667], [-48.059203, -15.91673], [-48.059268, -15.916749], [-48.059341, -15.91677], [-48.059377, -15.916781], [-48.059404, -15.916695], [-48.059349, -15.916678], [-48.05931, -15.916667], [-48.059272, -15.916655], [-48.059233, -15.916643], [-48.059225, -15.916667]], [[-48.059255, -15.916687], [-48.059248, -15.916707], [-48.059223, -15.916699], [-48.059229, -15.916679], [-48.059255, -15.916687]]]}, "properties": {}},
{"type": "Feature", "geometry": {"type": "Polygon", "coordinates": [[[-48.058182, -15.916667], [-48.058167, -15.916715], [-48.058166, -15.916717], [-48.058255, -15.916744], [-48.05827, -15.916695], [-48.058243, -15.916686], [-48.05825, -15.916667], [-48.05825, -15.916666], [-48.058264, -15.916624], [-48.058202, -15.916605], [-48.058182, -15.916665], [-48.058182, -15.916667]]]}, "properties": {}},
{"type": "Feature", "geometry": {"type": "Polygon", "coordinates": [[[-48.063764, -15.919055], [-48.063774, -15.919058], [-48.063835, -15.919077], [-48.063835, -15.919076], [-48.063865, -15.918991], [-48.063853, -15.918987], [-48.063859, -15.91897], [-48.06386, -15.918966], [-48.063832, -15.918958], [-48.063826, -15.918978], [-48.06379, -15.918967], [-48.063787, -15.918976], [-48.063764, -15.919055]]]}, "properties": {}},
{"type": "Feature", "geometry": {"type": "Polygon", "coordinates": [[[-48.061991, -15.913891], [-48.062004, -15.913851], [-48.061925, -15.913846], [-48.06189, -15.913954], [-48.061965, -15.913978], [-48.061991, -15.913891]]]}, "properties": {}},
{"type": "Feature", "geometry": {"type": "Polygon", "coordinates": [[[-48.058698, -15.916878], [-48.058681, -15.916873], [-48.05866, -15.916937], [-48.058677, -15.916942], [-48.058733, -15.916959], [-48.058767, -15.91697], [-48.058787, -15.916905], [-48.058698, -15.916878]]]}, "properties": {}},
{"type": "Feature", "geometry": {"type": "Polygon", "coordinates": [[[-48.062849, -15.918117], [-48.062819, -15.918108], [-48.062821, -15.918103], [-48.062819, -15.918103], [-48.062799, -15.918097], [-48.062784, -15.918142], [-48.062804, -15.918148], [-48.062805, -15.918146], [-48.062878, -15.918169], [-48.062939, -15.918187], [-48.062967, -15.918102], [-48.062922, -15.918088], [-48.062906, -15.918083], [-48.062906, -15.918084], [-48.062903, -15.918092], [-48.062868, -15.918081], [-48.062865, -15.91809], [-48.062859, -15.918088], [-48.062849, -15.918117]]]}, "properties": {}},
{"type": "Feature", "geometry": {"type": "Polygon", "coordinates": [[[-48.064297, -15.918754], [-48.064293, -15.918768], [-48.064308, -15.918772], [-48.064301, -15.918793], [-48.064285, -15.918788], [-48.064271, -15.91883], [-48.064293, -15.918837], [-48.064341, -15.918851], [-48.064367, -15.918859], [-48.064416, -15.918704], [-48.064324, -15.918677], [-48.064297, -15.918754]]]}, "properties": {}},
{"type": "Feature", "geometry": {"type": "Polygon", "coordinates": [[[-48.058232, -15.918934], [-48.058204, -15.918926], [-48.058187, -15.918921], [-48.058174, -15.918961], [-48.058219, -15.918975], [-48.058232, -15.918934]]]}, "properties": {}},
{"type": "Feature", "geometry": {"type": "Polygon", "coordinates": [[[-48.059025, -15.918321], [-48.058979, -15.918307], [-48.05896, -15.918301], [-48.058947, -15.91834], [-48.059012, -15.918361], [-48.059025, -15.918321]]]}, "properties": {}},
{"type": "Feature", "geometry": {"type": "Polygon", "coordinates": [[[-48.0625, -15.91747], [-48.062523, -15.917477], [-48.062546, -15.917406], [-48.062509, -15.917394], [-48.0625, -15.917424], [-48.062487, -15.917466], [-48.0625, -15.91747]]]}, "properties": {}},
{"type": "Feature", "geometry": {"type": "Polygon", "coordinates": [[[-48.057818, -15.915512], [-48.057826, -15.915489], [-48.05784, -15.915494], [-48.057846, -15.915477], [-48.057852, -15.915479], [-48.057865, -15.915443], [-48.057799, -15.915421], [-48.057781, -15.915473], [-48.057773, -15.915497], [-48.057818, -15.915512]]]}, "properties": {}},
{"type": "Feature", "geometry": {"type": "Polygon", "coordinates": [[[-48.061741, -15.914891], [-48.061757, -15.914839], [-48.061678, -15.914828], [-48.061675, -15.914881], [-48.06174, -15.914892], [-48.061741, -15.914891]]]}, "properties": {}},
{"type": "Feature", "geometry": {"type": "Polygon", "coordinates": [[[-48.059404, -15.916695], [-48.059415, -15.916663], [-48.059432, -15.916608], [-48.059397, -15.916597], [-48.059377, -15.916591], [-48.059353, -15.916666], [-48.059349, -15.916678], [-48.059404, -15.916695]]]}, "properties": {}},
{"type": "Feature", "geometry": {"type": "Polygon", "coordinates": [[[-48.055078, -15.916655], [-48.05512, -15.916667], [-48.05514, -15.916673], [-48.055128, -15.916709], [-48.055157, -15.916718], [-48.055176, -15.916661], [-48.055191, -15.916618], [-48.055157, -15.916607], [-48.055146, -15.916604], [-48.055129, -15.916599], [-48.055099, -15.91659], [-48.055079, -15.916651], [-48.055078, -15.916655]]]}, "properties": {}},
{"type": "Feature", "geometry": {"type": "Polygon", "coordinates": [[[-48.054752, -15.916487], [-48.054743, -15.916485], [-48.05473, -15.916526], [-48.054864, -15.916567], [-48.054868, -15.916568], [-48.054891, -15.9165], [-48.054887, -15.916498], [-48.054829, -15.916481], [-48.054835, -15.916461], [-48.054769, -15.916441], [-48.054759, -15.916438], [-48.054751, -15.916462], [-48.054759, -15.916465], [-48.054752, -15.916487]]]}, "properties": {}},
{"type": "Feature", "geometry": {"type": "Polygon", "coordinates": [[[-48.060048, -15.916321], [-48.060108, -15.916339], [-48.060132, -15.916265], [-48.060042, -15.916238], [-48.060028, -15.916282], [-48.060019, -15.916312], [-48.060048, -15.916321]]]}, "properties": {}},
{"type": "Feature", "geometry": {"type": "Polygon", "coordinates": [[[-48.055716, -15.91639], [-48.055655, -15.916372], [-48.055638, -15.916423], [-48.055638, -15.916425], [-48.055698, -15.916442], [-48.055699, -15.916442], [-48.055716, -15.91639]]]}, "properties": {}},
{"type": "Feature", "geometry": {"type": "Polygon", "coordinates": [[[-48.054861, -15.91616], [-48.05484, -15.916226], [-48.054828, -15.916223], [-48.054823, -15.916237], [-48.054822, -15.91624], [-48.054874, -15.916255], [-48.054874, -15.916253], [-48.054878, -15.91624], [-48.054897, -15.916246], [-48.05496, -15.916266], [-48.05499, -15.916179], [-48.054951, -15.916167], [-48.054947, -15.916166], [-48.054866, -15.916141], [-48.054855, -15.916138], [-48.054853, -15.916147], [-48.054849, -15.916157], [-48.054861, -15.91616]]]}, "properties": {}},
{"type": "Feature", "geometry": {"type": "Polygon", "coordinates": [[[-48.060154, -15.915949], [-48.060161, -15.915929], [-48.060095, -15.915909], [-48.060094, -15.915909], [-48.060076, -15.915964], [-48.060144, -15.915984], [-48.060154, -15.915949]]]}, "properties": {}},
{"type": "Feature", "geometry": {"type": "Polygon", "coordinates": [[[-48.058108, -15.916015], [-48.058107, -15.916019], [-48.058187, -15.916044], [-48.058189, -15.916041], [-48.058197, -15.916017], [-48.058213, -15.915966], [-48.058225, -15.915932], [-48.058092, -15.915888], [-48.058062, -15.915977], [-48.058115, -15.915994], [-48.058108, -15.916015]]]}, "properties": {}},
{"type": "Feature", "geometry": {"type": "Polygon", "coordinates": [[[-48.059817, -15.915896], [-48.059834, -15.915902], [-48.059854, -15.915836], [-48.059748, -15.915804], [-48.059699, -15.915789], [-48.059677, -15.915853], [-48.059727, -15.915869], [-48.059817, -15.915896]]]}, "properties": {}},
{"type": "Feature", "geometry": {"type": "Polygon", "coordinates": [[[-48.063287, -15.915754], [-48.063324, -15.915765], [-48.063315, -15.915794], [-48.063326, -15.915797], [-48.063321, -15.915811], [-48.06334, -15.915816], [-48.063352, -15.915778], [-48.063385, -15.915673], [-48.06338, -15.915672], [-48.06332, -15.915654], [-48.063299, -15.915719], [-48.063298, -15.915719], [-48.063287, -15.915754]]]}, "properties": {}},
{"type": "Feature", "geometry": {"type": "Polygon", "coordinates": [[[-48.061684, -15.915681], [-48.061682, -15.915686], [-48.06177, -15.915712], [-48.061772, -15.915712], [-48.061777, -15.915697], [-48.061798, -15.91563], [-48.061802, -15.915618], [-48.061808, -15.915599], [-48.061752, -15.915582], [-48.061756, -15.91557], [-48.061758, -15.915562], [-48.061725, -15.915552], [-48.061712, -15.915592], [-48.061688, -15.915668], [-48.061684, -15.915681]]]}, "properties": {}},
{"type": "Feature", "geometry": {"type": "Polygon", "coordinates": [[[-48.064971, -15.91527], [-48.065035, -15.91529], [-48.065036, -15.915287], [-48.065062, -15.915204], [-48.065065, -15.915197], [-48.065031, -15.915186], [-48.064999, -15.915176], [-48.064972, -15.915266], [-48.064971, -15.91527]]]}, "properties": {}},
{"type": "Feature", "geometry": {"type": "Polygon", "coordinates": [[[-48.064735, -15.915093], [-48.0648, -15.915114], [-48.064813, -15.915072], [-48.064738, -15.915049], [-48.064745, -15.915028], [-48.064686, -15.91501], [-48.064672, -15.915052], [-48.064666, -15.915071], [-48.064735, -15.915093]]]}, "properties": {}},
{"type": "Feature", "geometry": {"type": "Polygon", "coordinates": [[[-48.055676, -15.914966], [-48.055728, -15.914982], [-48.055741, -15.914945], [-48.05576, -15.914951], [-48.055747, -15.914987], [-48.055817, -15.915008], [-48.055825, -15.915011], [-48.055832, -15.915013], [-48.05586, -15.914928], [-48.055853, -15.914926], [-48.055838, -15.914921], [-48.055749, -15.914894], [-48.055703, -15.91488], [-48.055691, -15.91492], [-48.055684, -15.914942], [-48.055676, -15.914966]]]}, "properties": {}},
{"type": "Feature", "geometry": {"type": "Polygon", "coordinates": [[[-48.054365, -15.914472], [-48.0545, -15.914513], [-48.054506, -15.914492], [-48.054494, -15.914489], [-48.054501, -15.914467], [-48.054513, -15.914471], [-48.054528, -15.914425], [-48.054476, -15.91441], [-48.054394, -15.914385], [-48.054377, -15.91438], [-48.054374, -15.914379], [-48.054346, -15.914466], [-48.054349, -15.914467], [-48.054365, -15.914472]]]}, "properties": {}},
{"type": "Feature", "geometry": {"type": "Polygon", "coordinates": [[[-48.061645, -15.914106], [-48.06163, -15.914102], [-48.061613, -15.914155], [-48.061625, -15.914159], [-48.061626, -15.914159], [-48.061679, -15.914175], [-48.061682, -15.914175], [-48.061729, -15.914022], [-48.06173, -15.914019], [-48.061662, -15.914], [-48.061641, -15.914067], [-48.061657, -15.914072], [-48.061645, -15.914106]]]}, "properties": {}},
{"type": "Feature", "geometry": {"type": "Polygon", "coordinates": [[[-48.065038, -15.913958], [-48.065129, -15.913985], [-48.065134, -15.913971], [-48.065155, -15.913908], [-48.065155, -15.913907], [-48.065089, -15.913888], [-48.065085, -15.9139], [-48.065059, -15.913892], [-48.065038, -15.913958]]]}, "properties": {}},
{"type": "Feature", "geometry": {"type": "Polygon", "coordinates": [[[-48.063424, -15.913962], [-48.06343, -15.913942], [-48.063318, -15.913907], [-48.063291, -15.913994], [-48.063391, -15.914024], [-48.063412, -15.913958], [-48.063424, -15.913962]]]}, "properties": {}},
{"type": "Feature", "geometry": {"type": "Polygon", "coordinates": [[[-48.061965, -15.913978], [-48.06203, -15.913998], [-48.062049, -15.913938], [-48.062051, -15.913933], [-48.062051, -15.913931], [-48.062073, -15.913862], [-48.062074, -15.913847], [-48.062004, -15.913841], [-48.062004, -15.913851], [-48.061991, -15.913891], [-48.061965, -15.913978]]]}, "properties": {}},
{"type": "Feature", "geometry": {"type": "Polygon", "coordinates": [[[-48.054516, -15.916934], [-48.054554, -15.916946], [-48.05459, -15.916957], [-48.054619, -15.91687], [-48.054573, -15.916855], [-48.054486, -15.916828], [-48.054469, -15.91688], [-48.054528, -15.916898], [-48.054516, -15.916934]]]}, "properties": {}},
{"type": "Feature", "geometry": {"type": "Polygon", "coordinates": [[[-48.05433, -15.917776], [-48.054333, -15.917777], [-48.054338, -15.917763], [-48.054385, -15.917777], [-48.054409, -15.917703], [-48.054416, -15.917705], [-48.054429, -15.917665], [-48.054436, -15.917645], [-48.054348, -15.917617], [-48.054341, -15.917638], [-48.054298, -15.917766], [-48.05433, -15.917776]]]}, "properties": {}},
{"type": "Feature", "geometry": {"type": "Polygon", "coordinates": [[[-48.064757, -15.918924], [-48.064768, -15.918927], [-48.064767, -15.91893], [-48.064771, -15.918931], [-48.064772, -15.918929], [-48.064779, -15.918931], [-48.06478, -15.918929], [-48.064822, -15.918942], [-48.064827, -15.918928], [-48.064829, -15.918928], [-48.064832, -15.918918], [-48.06485, -15.918862], [-48.064851, -15.918863], [-48.06486, -15.918835], [-48.064793, -15.918814], [-48.064792, -15.918817], [-48.064793, -15.918817], [-48.064757, -15.918924]]]}, "properties": {}},
{"type": "Feature", "geometry": {"type": "Polygon", "coordinates": [[[-48.064639, -15.918832], [-48.064649, -15.918802], [-48.064599, -15.918787], [-48.064607, -15.91876], [-48.064606, -15.918759], [-48.064525, -15.918735], [-48.064495, -15.918827], [-48.064628, -15.918867], [-48.064639, -15.918832]]]}, "properties": {}},
{"type": "Feature", "geometry": {"type": "Polygon", "coordinates": [[[-48.058667, -15.918828], [-48.058704, -15.918726], [-48.058575, -15.918688], [-48.058535, -15.918814], [-48.058658, -15.918853], [-48.058667, -15.918828]]]}, "properties": {}},
{"type": "Feature", "geometry": {"type": "Polygon", "coordinates": [[[-48.05833, -15.918679], [-48.058334, -15.918666], [-48.058346, -15.918654], [-48.058381, -15.918665], [-48.058372, -15.918692], [-48.058421, -15.918707], [-48.058449, -15.918621], [-48.058424, -15.918613], [-48.058298, -15.918574], [-48.058297, -15.918574], [-48.058269, -15.91866], [-48.05827, -15.91866], [-48.05833, -15.918679]]]}, "properties": {}},
{"type": "Feature", "geometry": {"type": "Polygon", "coordinates": [[[-48.064886, -15.918518], [-48.064955, -15.918539], [-48.064985, -15.918446], [-48.064938, -15.918433], [-48.064932, -15.918453], [-48.064912, -15.918447], [-48.06492, -15.91842], [-48.064893, -15.918413], [-48.064862, -15.918511], [-48.064867, -15.918513], [-48.064886, -15.918518]]]}, "properties": {}},
{"type": "Feature", "geometry": {"type": "Polygon", "coordinates": [[[-48.05876, -15.91824], [-48.058762, -15.91824], [-48.058767, -15.918242], [-48.058794, -15.91825], [-48.058856, -15.918269], [-48.058857, -15.918264], [-48.058882, -15.918272], [-48.05888, -15.918276], [-48.058892, -15.91828], [-48.058918, -15.9182], [-48.05892, -15.918196], [-48.058844, -15.918174], [-48.0588, -15.918161], [-48.058788, -15.918197], [-48.058775, -15.918193], [-48.05876, -15.91824]]]}, "properties": {}},
{"type": "Feature", "geometry": {"type": "Polygon", "coordinates": [[[-48.063551, -15.917814], [-48.063544, -15.917835], [-48.063537, -15.917859], [-48.063526, -15.917892], [-48.0636, -15.917915], [-48.063613, -15.917918], [-48.063641, -15.917927], [-48.063681, -15.917798], [-48.063677, -15.917797], [-48.063689, -15.917761], [-48.063685, -15.917759], [-48.063691, -15.917743], [-48.063634, -15.917724], [-48.063629, -15.91774], [-48.06358, -15.917724], [-48.063568, -15.917761], [-48.063556, -15.9178], [-48.063551, -15.917814]]]}, "properties": {}},
{"type": "Feature", "geometry": {"type": "Polygon", "coordinates": [[[-48.054411, -15.916381], [-48.054468, -15.916398], [-48.054474, -15.91638], [-48.054461, -15.916375], [-48.05446, -15.91638], [-48.054438, -15.916373], [-48.05444, -15.916367], [-48.054483, -15.916381], [-48.054505, -15.916313], [-48.054519, -15.916272], [-48.054524, -15.916254], [-48.054435, -15.916227], [-48.054427, -15.916251], [-48.054388, -15.916374], [-48.054411, -15.916381]]]}, "properties": {}},
{"type": "Feature", "geometry": {"type": "Polygon", "coordinates": [[[-48.059428, -15.916797], [-48.059456, -15.916711], [-48.059405, -15.916696], [-48.059404, -15.916695], [-48.059377, -15.916781], [-48.059378, -15.916781], [-48.059428, -15.916797]]]}, "properties": {}},
{"type": "Feature", "geometry": {"type": "Polygon", "coordinates": [[[-48.060768, -15.913953], [-48.060764, -15.913966], [-48.060857, -15.913995], [-48.060866, -15.913966], [-48.060854, -15.913962], [-48.060863, -15.913932], [-48.060783, -15.913908], [-48.060785, -15.913902], [-48.060745, -15.913891], [-48.060736, -15.913918], [-48.060729, -15.91394], [-48.060768, -15.913953]]]}, "properties": {}},
{"type": "Feature", "geometry": {"type": "Polygon", "coordinates": [[[-48.061877, -15.916081], [-48.061878, -15.916076], [-48.061859, -15.91607], [-48.061857, -15.916075], [-48.06185, -15.916073], [-48.06183, -15.916134], [-48.061829, -15.916136], [-48.061869, -15.916148], [-48.06187, -15.916145], [-48.061882, -15.916149], [-48.061877, -15.916166], [-48.061914, -15.916178], [-48.061915, -15.916177], [-48.061949, -15.916067], [-48.061955, -15.916047], [-48.061906, -15.916033], [-48.061867, -15.916021], [-48.061866, -15.916022], [-48.061852, -15.916066], [-48.061887, -15.916077], [-48.061885, -15.916083], [-48.061877, -15.916081]]]}, "properties": {}},
{"type": "Feature", "geometry": {"type": "Polygon", "coordinates": [[[-48.061684, -15.914901], [-48.061661, -15.914899], [-48.061645, -15.914988], [-48.061706, -15.915], [-48.061717, -15.914966], [-48.06172, -15.914957], [-48.06174, -15.914892], [-48.061687, -15.914883], [-48.061684, -15.914901]]]}, "properties": {}},
{"type": "Feature", "geometry": {"type": "Polygon", "coordinates": [[[-48.061538, -15.916632], [-48.061477, -15.916614], [-48.06146, -15.916667], [-48.061437, -15.916738], [-48.061436, -15.916743], [-48.061479, -15.916756], [-48.061524, -15.91677], [-48.06154, -15.916722], [-48.061557, -15.916668], [-48.061551, -15.916667], [-48.061529, -15.91666], [-48.061538, -15.916632]]]}, "properties": {}},
{"type": "Feature", "geometry": {"type": "Polygon", "coordinates": [[[-48.057426, -15.919131], [-48.057431, -15.919132], [-48.057432, -15.919129], [-48.057465, -15.919139], [-48.057474, -15.91911], [-48.057398, -15.919087], [-48.057389, -15.919117], [-48.057426, -15.919128], [-48.057426, -15.919131]]]}, "properties": {}},
{"type": "Feature", "geometry": {"type": "Polygon", "coordinates": [[[-48.062123, -15.914988], [-48.062142, -15.914927], [-48.062146, -15.914916], [-48.062037, -15.914884], [-48.062033, -15.914896], [-48.062015, -15.914955], [-48.06201, -15.914969], [-48.06201, -15.91497], [-48.062075, -15.914989], [-48.062087, -15.914992], [-48.062117, -15.915001], [-48.062121, -15.914988], [-48.062123, -15.914988]]]}, "properties": {}},
{"type": "Feature", "geometry": {"type": "Polygon", "coordinates": [[[-48.065041, -15.918057], [-48.065046, -15.918059], [-48.065045, -15.91806], [-48.065076, -15.918069], [-48.065088, -15.918032], [-48.065033, -15.918016], [-48.065022, -15.918052], [-48.065041, -15.918058], [-48.065041, -15.918057]]]}, "properties": {}},
{"type": "Feature", "geometry": {"type": "Polygon", "coordinates": [[[-48.055195, -15.916483], [-48.055202, -15.916485], [-48.055194, -15.916511], [-48.055263, -15.916532], [-48.055259, -15.916545], [-48.055297, -15.916556], [-48.055312, -15.916512], [-48.055325, -15.91647], [-48.05525, -15.916447], [-48.055211, -15.916436], [-48.055206, -15.91645], [-48.055195, -15.916483]]]}, "properties": {}},
{"type": "Feature", "geometry": {"type": "Polygon", "coordinates": [[[-48.063733, -15.919045], [-48.063693, -15.919033], [-48.063679, -15.919075], [-48.063665, -15.919118], [-48.063703, -15.91913], [-48.063735, -15.91914], [-48.063764, -15.919055], [-48.063733, -15.919045]]]}, "properties": {}},
{"type": "Feature", "geometry": {"type": "Polygon", "coordinates": [[[-48.063381, -15.918079], [-48.063345, -15.918069], [-48.063342, -15.91808], [-48.063275, -15.91806], [-48.063263, -15.918097], [-48.063353, -15.918124], [-48.063397, -15.918138], [-48.063425, -15.918052], [-48.063379, -15.918038], [-48.063371, -15.918068], [-48.063383, -15.918072], [-48.063381, -15.918079]]]}, "properties": {}},
{"type": "Feature", "geometry": {"type": "Polygon", "coordinates": [[[-48.06474, -15.916557], [-48.064756, -15.916562], [-48.064772, -15.916512], [-48.064801, -15.916521], [-48.064785, -15.916571], [-48.064874, -15.916597], [-48.064884, -15.916567], [-48.064872, -15.916563], [-48.064875, -15.916554], [-48.064887, -15.916557], [-48.064888, -15.916554], [-48.064892, -15.916541], [-48.064899, -15.916521], [-48.064902, -15.916511], [-48.064779, -15.916474], [-48.064747, -15.916464], [-48.06472, -15.916551], [-48.064732, -15.916555], [-48.06474, -15.916557]]]}, "properties": {}},
{"type": "Feature", "geometry": {"type": "Polygon", "coordinates": [[[-48.054605, -15.916308], [-48.054594, -15.91634], [-48.054603, -15.916343], [-48.054586, -15.916395], [-48.054603, -15.9164], [-48.054591, -15.916436], [-48.054654, -15.916455], [-48.054657, -15.916448], [-48.054665, -15.916422], [-48.054693, -15.916335], [-48.054696, -15.916325], [-48.0547, -15.916312], [-48.054701, -15.916309], [-48.054613, -15.916283], [-48.054612, -15.916286], [-48.054608, -15.916299], [-48.054605, -15.916308]]]}, "properties": {}},
{"type": "Feature", "geometry": {"type": "Polygon", "coordinates": [[[-48.064948, -15.916144], [-48.064969, -15.91615], [-48.06498, -15.916153], [-48.065002, -15.916085], [-48.064978, -15.916078], [-48.064989, -15.916045], [-48.064987, -15.916044], [-48.064997, -15.916012], [-48.064956, -15.915999], [-48.064913, -15.916133], [-48.064927, -15.916137], [-48.064948, -15.916144]]]}, "properties": {}},
{"type": "Feature", "geometry": {"type": "Polygon", "coordinates": [[[-48.057753, -15.916118], [-48.057798, -15.916132], [-48.057858, -15.916151], [-48.057868, -15.91612], [-48.057859, -15.916117], [-48.05786, -15.916114], [-48.057737, -15.916076], [-48.057726, -15.916109], [-48.057727, -15.91611], [-48.057753, -15.916118]]]}, "properties": {}},
{"type": "Feature", "geometry": {"type": "Polygon", "coordinates": [[[-48.055299, -15.916128], [-48.055283, -15.916123], [-48.055296, -15.916082], [-48.05522, -15.916058], [-48.055179, -15.916046], [-48.055151, -15.916132], [-48.055284, -15.916173], [-48.055299, -15.916128]]]}, "properties": {}},
{"type": "Feature", "geometry": {"type": "Polygon", "coordinates": [[[-48.061967, -15.91601], [-48.061962, -15.916024], [-48.061957, -15.916042], [-48.062044, -15.916069], [-48.062085, -15.915944], [-48.062085, -15.915942], [-48.061996, -15.915916], [-48.061995, -15.915918], [-48.061967, -15.91601]]]}, "properties": {}},
{"type": "Feature", "geometry": {"type": "Polygon", "coordinates": [[[-48.055415, -15.916118], [-48.055422, -15.916097], [-48.055452, -15.916106], [-48.055474, -15.916039], [-48.055365, -15.916007], [-48.05534, -15.915999], [-48.055312, -15.916087], [-48.055324, -15.91609], [-48.055415, -15.916118]], [[-48.055395, -15.916045], [-48.055389, -15.916062], [-48.055373, -15.916058], [-48.055379, -15.91604], [-48.055395, -15.916045]]]}, "properties": {}},
{"type": "Feature", "geometry": {"type": "Polygon", "coordinates": [[[-48.063116, -15.915933], [-48.063105, -15.915966], [-48.063114, -15.915969], [-48.063136, -15.915975], [-48.063209, -15.915997], [-48.063218, -15.91597], [-48.063209, -15.915967], [-48.063217, -15.915942], [-48.063226, -15.915945], [-48.063237, -15.915911], [-48.063238, -15.915909], [-48.063144, -15.91588], [-48.063143, -15.915884], [-48.063125, -15.915936], [-48.063116, -15.915933]]]}, "properties": {}},
{"type": "Feature", "geometry": {"type": "Polygon", "coordinates": [[[-48.060161, -15.915929], [-48.060162, -15.915929], [-48.060195, -15.915939], [-48.06023, -15.91595], [-48.06025, -15.915956], [-48.060254, -15.915957], [-48.06027, -15.915907], [-48.060266, -15.915906], [-48.060266, -15.915905], [-48.060248, -15.915899], [-48.060249, -15.915896], [-48.060194, -15.91588], [-48.060198, -15.915868], [-48.060116, -15.915844], [-48.060115, -15.915843], [-48.060094, -15.915909], [-48.060095, -15.915909], [-48.060161, -15.915929]]]}, "properties": {}},
{"type": "Feature", "geometry": {"type": "Polygon", "coordinates": [[[-48.063653, -15.915754], [-48.06368, -15.915762], [-48.063688, -15.915764], [-48.063694, -15.915748], [-48.063717, -15.915756], [-48.063735, -15.915706], [-48.06374, -15.915707], [-48.06375, -15.915677], [-48.063763, -15.915641], [-48.063696, -15.915622], [-48.063685, -15.915656], [-48.063679, -15.915676], [-48.063653, -15.915754]]]}, "properties": {}},
{"type": "Feature", "geometry": {"type": "Polygon", "coordinates": [[[-48.057438, -15.915791], [-48.057443, -15.915793], [-48.057425, -15.915847], [-48.057499, -15.915868], [-48.05751, -15.915872], [-48.057561, -15.915719], [-48.057562, -15.915714], [-48.057472, -15.915685], [-48.05747, -15.91569], [-48.057462, -15.915715], [-48.057438, -15.915791]], [[-48.057476, -15.915825], [-48.057482, -15.915805], [-48.057509, -15.915813], [-48.057502, -15.915833], [-48.057476, -15.915825]]]}, "properties": {}},
{"type": "Feature", "geometry": {"type": "Polygon", "coordinates": [[[-48.062033, -15.914211], [-48.062101, -15.914232], [-48.062103, -15.914226], [-48.062119, -15.914177], [-48.062032, -15.91415], [-48.062038, -15.914132], [-48.062075, -15.914143], [-48.062094, -15.914086], [-48.06203, -15.914067], [-48.06201, -15.914061], [-48.062008, -15.914065], [-48.061968, -15.914192], [-48.062033, -15.914211]]]}, "properties": {}},
{"type": "Feature", "geometry": {"type": "Polygon", "coordinates": [[[-48.055826, -15.915783], [-48.055824, -15.915789], [-48.055821, -15.915801], [-48.055847, -15.915809], [-48.055848, -15.915805], [-48.055849, -15.915805], [-48.055854, -15.915792], [-48.055971, -15.915828], [-48.055991, -15.915767], [-48.055986, -15.915766], [-48.055979, -15.915734], [-48.055983, -15.915722], [-48.055965, -15.915717], [-48.055963, -15.915716], [-48.055859, -15.915684], [-48.055842, -15.915734], [-48.055837, -15.91575], [-48.055826, -15.915783]], [[-48.055885, -15.915757], [-48.055886, -15.915754], [-48.055884, -15.915753], [-48.055886, -15.915748], [-48.055925, -15.915758], [-48.055922, -15.915769], [-48.055885, -15.915757]]]}, "properties": {}},
{"type": "Feature", "geometry": {"type": "Polygon", "coordinates": [[[-48.064021, -15.915568], [-48.064091, -15.915588], [-48.064102, -15.915552], [-48.064106, -15.915536], [-48.064116, -15.915509], [-48.064132, -15.915465], [-48.06406, -15.915443], [-48.064032, -15.915531], [-48.06403, -15.915538], [-48.064021, -15.915568]]]}, "properties": {}},
{"type": "Feature", "geometry": {"type": "Polygon", "coordinates": [[[-48.064932, -15.915155], [-48.064933, -15.915154], [-48.064954, -15.915093], [-48.064915, -15.915081], [-48.064912, -15.915089], [-48.064907, -15.915087], [-48.064913, -15.915068], [-48.064832, -15.915042], [-48.064807, -15.915116], [-48.064866, -15.915135], [-48.064932, -15.915155]]]}, "properties": {}},
{"type": "Feature", "geometry": {"type": "Polygon", "coordinates": [[[-48.064472, -15.914941], [-48.06442, -15.914925], [-48.064398, -15.914992], [-48.06445, -15.915007], [-48.064472, -15.914941]]]}, "properties": {}},
{"type": "Feature", "geometry": {"type": "Polygon", "coordinates": [[[-48.061854, -15.914993], [-48.061921, -15.915013], [-48.061937, -15.914956], [-48.061939, -15.914948], [-48.061875, -15.914928], [-48.061865, -15.91496], [-48.061863, -15.914964], [-48.061854, -15.914993]]]}, "properties": {}},
{"type": "Feature", "geometry": {"type": "Polygon", "coordinates": [[[-48.061809, -15.91491], [-48.061804, -15.914909], [-48.061759, -15.914897], [-48.06174, -15.914892], [-48.06172, -15.914957], [-48.061787, -15.914976], [-48.061809, -15.91491]]]}, "properties": {}},
{"type": "Feature", "geometry": {"type": "Polygon", "coordinates": [[[-48.064134, -15.914899], [-48.06413, -15.914911], [-48.064131, -15.914912], [-48.064185, -15.914928], [-48.064227, -15.914941], [-48.064265, -15.914952], [-48.064278, -15.914911], [-48.064294, -15.914862], [-48.06421, -15.914837], [-48.064199, -15.91487], [-48.064182, -15.914865], [-48.064189, -15.914845], [-48.064198, -15.914848], [-48.064203, -15.914834], [-48.06417, -15.914824], [-48.064166, -15.914836], [-48.064157, -15.914834], [-48.064134, -15.914899]], [[-48.064237, -15.9149], [-48.064238, -15.914897], [-48.064234, -15.914896], [-48.064235, -15.914893], [-48.06423, -15.914891], [-48.064232, -15.914886], [-48.064261, -15.914894], [-48.064257, -15.914906], [-48.064237, -15.9149]]]}, "properties": {}},
{"type": "Feature", "geometry": {"type": "Polygon", "coordinates": [[[-48.064879, -15.914891], [-48.064927, -15.914905], [-48.064947, -15.914841], [-48.064991, -15.914855], [-48.065009, -15.914801], [-48.064948, -15.914783], [-48.064933, -15.914828], [-48.064903, -15.914818], [-48.064879, -15.914891]]]}, "properties": {}},
{"type": "Feature", "geometry": {"type": "Polygon", "coordinates": [[[-48.064071, -15.914411], [-48.06407, -15.91441], [-48.064048, -15.914404], [-48.064025, -15.914397], [-48.063994, -15.914492], [-48.064084, -15.91452], [-48.064101, -15.914465], [-48.064124, -15.914389], [-48.064132, -15.914364], [-48.064116, -15.914359], [-48.064054, -15.91434], [-48.064045, -15.914338], [-48.064036, -15.914364], [-48.064081, -15.914378], [-48.064071, -15.914411]]]}, "properties": {}},
{"type": "Feature", "geometry": {"type": "Polygon", "coordinates": [[[-48.064859, -15.913994], [-48.064867, -15.913997], [-48.064865, -15.914003], [-48.06486, -15.914002], [-48.064857, -15.914011], [-48.064861, -15.914012], [-48.064852, -15.914042], [-48.064907, -15.914059], [-48.06495, -15.913931], [-48.06486, -15.913903], [-48.064827, -15.914003], [-48.064854, -15.914011], [-48.064859, -15.913994]]]}, "properties": {}},
{"type": "Feature", "geometry": {"type": "Polygon", "coordinates": [[[-48.063046, -15.91801], [-48.06305, -15.918011], [-48.063018, -15.918108], [-48.063045, -15.918116], [-48.063042, -15.918125], [-48.063089, -15.918139], [-48.063127, -15.918151], [-48.063137, -15.918119], [-48.063169, -15.918018], [-48.063152, -15.918013], [-48.063155, -15.918004], [-48.063149, -15.918002], [-48.063152, -15.917992], [-48.063148, -15.917991], [-48.06315, -15.917987], [-48.063062, -15.917961], [-48.063054, -15.917986], [-48.06305, -15.917997], [-48.063046, -15.91801]]]}, "properties": {}},
{"type": "Feature", "geometry": {"type": "Polygon", "coordinates": [[[-48.063704, -15.918013], [-48.063861, -15.91806], [-48.063889, -15.917975], [-48.06385, -15.917963], [-48.06384, -15.917995], [-48.063817, -15.917988], [-48.063825, -15.917964], [-48.063797, -15.917956], [-48.0638, -15.917947], [-48.063757, -15.917934], [-48.063755, -15.917934], [-48.063756, -15.917933], [-48.06373, -15.917925], [-48.063703, -15.918013], [-48.063704, -15.918014], [-48.063704, -15.918013]]]}, "properties": {}},
{"type": "Feature", "geometry": {"type": "Polygon", "coordinates": [[[-48.064855, -15.917984], [-48.064865, -15.917987], [-48.064869, -15.917975], [-48.0649, -15.917985], [-48.064925, -15.91791], [-48.064851, -15.917887], [-48.064817, -15.917877], [-48.064793, -15.917951], [-48.064859, -15.917972], [-48.064855, -15.917984]]]}, "properties": {}},
{"type": "Feature", "geometry": {"type": "Polygon", "coordinates": [[[-48.063011, -15.918115], [-48.063046, -15.91801], [-48.06305, -15.917997], [-48.062961, -15.91797], [-48.062922, -15.918088], [-48.062967, -15.918102], [-48.063011, -15.918115]]]}, "properties": {}},
{"type": "Feature", "geometry": {"type": "Polygon", "coordinates": [[[-48.054527, -15.91703], [-48.054554, -15.916946], [-48.054516, -15.916934], [-48.054472, -15.91692], [-48.054445, -15.917005], [-48.054515, -15.917026], [-48.054527, -15.91703]]]}, "properties": {}},
{"type": "Feature", "geometry": {"type": "Polygon", "coordinates": [[[-48.054745, -15.919227], [-48.054766, -15.919162], [-48.054635, -15.919121], [-48.054613, -15.919187], [-48.054678, -15.919206], [-48.054745, -15.919227]]]}, "properties": {}},
{"type": "Feature", "geometry": {"type": "Polygon", "coordinates": [[[-48.058052, -15.918124], [-48.058054, -15.918118], [-48.058059, -15.918104], [-48.058023, -15.918092], [-48.057994, -15.91818], [-48.058031, -15.918191], [-48.058052, -15.918124]]]}, "properties": {}},
{"type": "Feature", "geometry": {"type": "Polygon", "coordinates": [[[-48.054832, -15.917929], [-48.054843, -15.917895], [-48.054803, -15.917883], [-48.054807, -15.917871], [-48.054847, -15.917883], [-48.054872, -15.917805], [-48.054873, -15.917799], [-48.054879, -15.917783], [-48.05479, -15.917756], [-48.054785, -15.917773], [-48.054743, -15.917902], [-48.054832, -15.917929]]]}, "properties": {}},
{"type": "Feature", "geometry": {"type": "Polygon", "coordinates": [[[-48.058492, -15.917714], [-48.058507, -15.917719], [-48.058556, -15.917734], [-48.058581, -15.917657], [-48.058514, -15.917637], [-48.058517, -15.917629], [-48.058488, -15.91762], [-48.058461, -15.917705], [-48.058492, -15.917714]]]}, "properties": {}},
{"type": "Feature", "geometry": {"type": "Polygon", "coordinates": [[[-48.057623, -15.917336], [-48.057603, -15.917397], [-48.057603, -15.917398], [-48.057693, -15.917425], [-48.057735, -15.917296], [-48.057699, -15.917286], [-48.05769, -15.917315], [-48.057635, -15.917298], [-48.057623, -15.917336]]]}, "properties": {}},
{"type": "Feature", "geometry": {"type": "Polygon", "coordinates": [[[-48.058223, -15.917254], [-48.058251, -15.917263], [-48.058279, -15.917271], [-48.058307, -15.917186], [-48.058303, -15.917184], [-48.058295, -15.917182], [-48.058264, -15.917172], [-48.058263, -15.917172], [-48.058258, -15.917171], [-48.058237, -15.917235], [-48.05823, -15.917233], [-48.058223, -15.917254]]]}, "properties": {}},
{"type": "Feature", "geometry": {"type": "Polygon", "coordinates": [[[-48.056568, -15.917069], [-48.05657, -15.917066], [-48.056605, -15.917076], [-48.056612, -15.917055], [-48.056657, -15.917069], [-48.05667, -15.917032], [-48.056644, -15.917024], [-48.056559, -15.916997], [-48.056538, -15.91706], [-48.056568, -15.917069]]]}, "properties": {}},
{"type": "Feature", "geometry": {"type": "Polygon", "coordinates": [[[-48.057212, -15.916806], [-48.057238, -15.916813], [-48.057265, -15.916726], [-48.057237, -15.916718], [-48.057216, -15.916711], [-48.057104, -15.916678], [-48.057076, -15.916765], [-48.057208, -15.916805], [-48.057212, -15.916806]]]}, "properties": {}},
{"type": "Feature", "geometry": {"type": "Polygon", "coordinates": [[[-48.060849, -15.918998], [-48.060877, -15.91891], [-48.060834, -15.918897], [-48.060814, -15.918891], [-48.060789, -15.918979], [-48.060791, -15.91898], [-48.060849, -15.918998]]]}, "properties": {}},
{"type": "Feature", "geometry": {"type": "Polygon", "coordinates": [[[-48.064552, -15.919122], [-48.064546, -15.91912], [-48.064544, -15.919127], [-48.064526, -15.919184], [-48.064561, -15.919199], [-48.064566, -15.919188], [-48.064588, -15.919198], [-48.064578, -15.91921], [-48.064595, -15.919224], [-48.064709, -15.919157], [-48.064636, -15.919109], [-48.064635, -15.91911], [-48.064572, -15.919082], [-48.064558, -15.919114], [-48.064555, -15.919114], [-48.064552, -15.919122]]]}, "properties": {}},
{"type": "Feature", "geometry": {"type": "Polygon", "coordinates": [[[-48.064193, -15.918948], [-48.064296, -15.918979], [-48.064305, -15.918952], [-48.064332, -15.91896], [-48.064344, -15.918922], [-48.06432, -15.918915], [-48.064272, -15.9189], [-48.0642, -15.918879], [-48.064187, -15.918875], [-48.064181, -15.918892], [-48.064209, -15.9189], [-48.064193, -15.918948]]]}, "properties": {}},
{"type": "Feature", "geometry": {"type": "Polygon", "coordinates": [[[-48.062695, -15.918776], [-48.062713, -15.918722], [-48.062628, -15.918696], [-48.06261, -15.918751], [-48.062658, -15.918765], [-48.062695, -15.918776]]]}, "properties": {}},
{"type": "Feature", "geometry": {"type": "Polygon", "coordinates": [[[-48.058241, -15.918747], [-48.058252, -15.918713], [-48.058242, -15.91871], [-48.058257, -15.918662], [-48.058185, -15.91864], [-48.058187, -15.918635], [-48.058136, -15.91862], [-48.058108, -15.918706], [-48.058118, -15.918709], [-48.058241, -15.918747]]]}, "properties": {}},
{"type": "Feature", "geometry": {"type": "Polygon", "coordinates": [[[-48.060253, -15.918646], [-48.06025, -15.918657], [-48.060175, -15.918634], [-48.060156, -15.918693], [-48.060244, -15.91872], [-48.060283, -15.918598], [-48.060196, -15.918572], [-48.060179, -15.918622], [-48.060179, -15.918624], [-48.060253, -15.918646]]]}, "properties": {}},
{"type": "Feature", "geometry": {"type": "Polygon", "coordinates": [[[-48.059056, -15.918643], [-48.0592, -15.918686], [-48.059206, -15.918668], [-48.059207, -15.918662], [-48.059228, -15.9186], [-48.059085, -15.918556], [-48.059081, -15.918555], [-48.059079, -15.918554], [-48.059052, -15.918641], [-48.059053, -15.918642], [-48.059056, -15.918643]]]}, "properties": {}},
{"type": "Feature", "geometry": {"type": "Polygon", "coordinates": [[[-48.0608, -15.918505], [-48.060767, -15.918495], [-48.060763, -15.91851], [-48.06074, -15.918504], [-48.060732, -15.91853], [-48.060711, -15.918523], [-48.060699, -15.918561], [-48.060695, -15.918572], [-48.060785, -15.9186], [-48.060827, -15.91847], [-48.06078, -15.918455], [-48.06077, -15.918485], [-48.060803, -15.918495], [-48.0608, -15.918505]]]}, "properties": {}},
{"type": "Feature", "geometry": {"type": "Polygon", "coordinates": [[[-48.06344, -15.91816], [-48.063443, -15.918152], [-48.063397, -15.918138], [-48.063353, -15.918124], [-48.06334, -15.918163], [-48.06343, -15.918191], [-48.06344, -15.91816]]]}, "properties": {}},
{"type": "Feature", "geometry": {"type": "Polygon", "coordinates": [[[-48.061583, -15.918102], [-48.061579, -15.918115], [-48.06168, -15.918143], [-48.061687, -15.918117], [-48.061688, -15.918117], [-48.061721, -15.918126], [-48.061739, -15.918066], [-48.061608, -15.918026], [-48.061594, -15.918069], [-48.061583, -15.918102]], [[-48.061647, -15.918106], [-48.061656, -15.918077], [-48.061696, -15.918088], [-48.061687, -15.918117], [-48.061647, -15.918106]]]}, "properties": {}},
{"type": "Feature", "geometry": {"type": "Polygon", "coordinates": [[[-48.059349, -15.917973], [-48.059423, -15.917995], [-48.05945, -15.91791], [-48.05939, -15.917892], [-48.059387, -15.917901], [-48.059373, -15.917897], [-48.059349, -15.917973]]]}, "properties": {}},
{"type": "Feature", "geometry": {"type": "Polygon", "coordinates": [[[-48.062889, -15.917767], [-48.062916, -15.917775], [-48.062912, -15.917788], [-48.062876, -15.917777], [-48.062873, -15.917789], [-48.062962, -15.917815], [-48.062992, -15.917723], [-48.062993, -15.917719], [-48.063004, -15.917686], [-48.062915, -15.917659], [-48.062887, -15.917745], [-48.062895, -15.917748], [-48.062889, -15.917767]]]}, "properties": {}},
{"type": "Feature", "geometry": {"type": "Polygon", "coordinates": [[[-48.062578, -15.917494], [-48.062576, -15.917499], [-48.062559, -15.917551], [-48.062648, -15.917578], [-48.06269, -15.917449], [-48.062627, -15.91743], [-48.06261, -15.917482], [-48.062584, -15.917474], [-48.062578, -15.917494]]]}, "properties": {}},
{"type": "Feature", "geometry": {"type": "Polygon", "coordinates": [[[-48.060465, -15.917424], [-48.06049, -15.917432], [-48.060485, -15.917448], [-48.060518, -15.917458], [-48.060537, -15.917401], [-48.060555, -15.917343], [-48.06056, -15.917329], [-48.06047, -15.917302], [-48.060428, -15.91743], [-48.06046, -15.91744], [-48.060465, -15.917424]]]}, "properties": {}},
{"type": "Feature", "geometry": {"type": "Polygon", "coordinates": [[[-48.062795, -15.917328], [-48.062823, -15.917337], [-48.062861, -15.917217], [-48.062817, -15.917204], [-48.06281, -15.917201], [-48.062804, -15.917219], [-48.062778, -15.917211], [-48.062784, -15.917194], [-48.062774, -15.917191], [-48.062743, -15.917283], [-48.062803, -15.917302], [-48.062795, -15.917328]]]}, "properties": {}},
{"type": "Feature", "geometry": {"type": "Polygon", "coordinates": [[[-48.064899, -15.917126], [-48.064988, -15.917153], [-48.065012, -15.917079], [-48.06503, -15.917022], [-48.064993, -15.917011], [-48.064981, -15.917008], [-48.064941, -15.916996], [-48.064899, -15.917125], [-48.064899, -15.917126]], [[-48.064981, -15.917051], [-48.06498, -15.917055], [-48.064961, -15.917049], [-48.064963, -15.917045], [-48.064981, -15.917051]]]}, "properties": {}},
{"type": "Feature", "geometry": {"type": "Polygon", "coordinates": [[[-48.064941, -15.916996], [-48.06496, -15.916939], [-48.064984, -15.916862], [-48.064964, -15.916856], [-48.064969, -15.916843], [-48.064901, -15.916823], [-48.064877, -15.916898], [-48.064853, -15.91697], [-48.064941, -15.916996]]]}, "properties": {}},
{"type": "Feature", "geometry": {"type": "Polygon", "coordinates": [[[-48.0607, -15.91693], [-48.060758, -15.916947], [-48.060762, -15.916935], [-48.060783, -15.916941], [-48.060797, -15.916897], [-48.06082, -15.916824], [-48.060731, -15.916797], [-48.060696, -15.916908], [-48.060707, -15.916911], [-48.0607, -15.91693]]]}, "properties": {}},
{"type": "Feature", "geometry": {"type": "Polygon", "coordinates": [[[-48.062676, -15.917586], [-48.062696, -15.917593], [-48.062736, -15.917605], [-48.062753, -15.917552], [-48.062755, -15.917543], [-48.062777, -15.917475], [-48.062786, -15.917447], [-48.062699, -15.91742], [-48.06269, -15.917449], [-48.062648, -15.917578], [-48.062676, -15.917586]]]}, "properties": {}},
{"type": "Feature", "geometry": {"type": "Polygon", "coordinates": [[[-48.064199, -15.91733], [-48.064218, -15.91727], [-48.064238, -15.917209], [-48.064232, -15.917207], [-48.064201, -15.917198], [-48.064192, -15.917225], [-48.064185, -15.917223], [-48.064194, -15.917195], [-48.064149, -15.917182], [-48.064136, -15.917225], [-48.064111, -15.917302], [-48.064199, -15.91733]]]}, "properties": {}},
{"type": "Feature", "geometry": {"type": "Polygon", "coordinates": [[[-48.056919, -15.919052], [-48.056937, -15.918994], [-48.056849, -15.918967], [-48.056819, -15.919059], [-48.056811, -15.919082], [-48.056848, -15.919094], [-48.056861, -15.919053], [-48.056913, -15.919069], [-48.056919, -15.919052]]]}, "properties": {}},
{"type": "Feature", "geometry": {"type": "Polygon", "coordinates": [[[-48.063735, -15.918605], [-48.063701, -15.918595], [-48.0637, -15.918599], [-48.063652, -15.918584], [-48.063653, -15.918582], [-48.063644, -15.91858], [-48.063626, -15.918636], [-48.063716, -15.918663], [-48.063735, -15.918605]]]}, "properties": {}},
{"type": "Feature", "geometry": {"type": "Polygon", "coordinates": [[[-48.062192, -15.919192], [-48.062228, -15.919203], [-48.062255, -15.919122], [-48.062275, -15.919128], [-48.062249, -15.919209], [-48.062281, -15.919219], [-48.062305, -15.919145], [-48.062323, -15.919091], [-48.062234, -15.919064], [-48.062216, -15.91912], [-48.062192, -15.919192]]]}, "properties": {}},
{"type": "Feature", "geometry": {"type": "Polygon", "coordinates": [[[-48.062891, -15.917114], [-48.062895, -15.917115], [-48.062891, -15.917125], [-48.06296, -15.917146], [-48.062986, -15.917065], [-48.062873, -15.91703], [-48.062845, -15.917117], [-48.062886, -15.91713], [-48.062891, -15.917114]]]}, "properties": {}},
{"type": "Feature", "geometry": {"type": "Polygon", "coordinates": [[[-48.063328, -15.919034], [-48.06333, -15.919026], [-48.063308, -15.919019], [-48.063283, -15.919097], [-48.063368, -15.919123], [-48.063392, -15.919053], [-48.063328, -15.919034]]]}, "properties": {}},
{"type": "Feature", "geometry": {"type": "Polygon", "coordinates": [[[-48.059657, -15.919025], [-48.059617, -15.919013], [-48.059593, -15.91909], [-48.059632, -15.919102], [-48.059657, -15.919025]]]}, "properties": {}},
{"type": "Feature", "geometry": {"type": "Polygon", "coordinates": [[[-48.058605, -15.91647], [-48.058626, -15.916404], [-48.058643, -15.916409], [-48.058649, -15.916389], [-48.058574, -15.916366], [-48.058559, -15.91641], [-48.058545, -15.916452], [-48.058605, -15.91647]]]}, "properties": {}},
{"type": "Feature", "geometry": {"type": "Polygon", "coordinates": [[[-48.063425, -15.916008], [-48.063399, -15.916089], [-48.063414, -15.916093], [-48.06346, -15.916107], [-48.063475, -15.916067], [-48.063499, -15.916002], [-48.06349, -15.915999], [-48.063491, -15.915997], [-48.063489, -15.915997], [-48.063502, -15.915958], [-48.063447, -15.915941], [-48.063444, -15.91595], [-48.063425, -15.916008]]]}, "properties": {}},
{"type": "Feature", "geometry": {"type": "Polygon", "coordinates": [[[-48.064036, -15.915991], [-48.064015, -15.915984], [-48.064009, -15.916004], [-48.064004, -15.916019], [-48.064001, -15.916027], [-48.064069, -15.916047], [-48.064072, -15.916039], [-48.064075, -15.916028], [-48.064086, -15.915995], [-48.064105, -15.915939], [-48.064048, -15.915922], [-48.064037, -15.915956], [-48.064047, -15.915959], [-48.064036, -15.915991]]]}, "properties": {}},
{"type": "Feature", "geometry": {"type": "Polygon", "coordinates": [[[-48.064116, -15.915903], [-48.064119, -15.915894], [-48.064052, -15.915874], [-48.064039, -15.915914], [-48.064106, -15.915934], [-48.064116, -15.915903]]]}, "properties": {}},
{"type": "Feature", "geometry": {"type": "Polygon", "coordinates": [[[-48.06372, -15.915791], [-48.063713, -15.915811], [-48.063716, -15.915812], [-48.063698, -15.915868], [-48.063688, -15.915865], [-48.063683, -15.91588], [-48.06368, -15.915879], [-48.06367, -15.91591], [-48.063665, -15.915923], [-48.063663, -15.915928], [-48.063736, -15.91595], [-48.063739, -15.91594], [-48.063771, -15.915843], [-48.063782, -15.915808], [-48.063742, -15.915798], [-48.063735, -15.915789], [-48.063734, -15.915788], [-48.063731, -15.915794], [-48.06372, -15.915791]]]}, "properties": {}},
{"type": "Feature", "geometry": {"type": "Polygon", "coordinates": [[[-48.057167, -15.915959], [-48.057184, -15.915964], [-48.0572, -15.915969], [-48.057252, -15.915984], [-48.057263, -15.915988], [-48.057279, -15.915993], [-48.057292, -15.915996], [-48.057321, -15.916005], [-48.057334, -15.915963], [-48.057348, -15.915919], [-48.057292, -15.915903], [-48.057287, -15.915901], [-48.057274, -15.915897], [-48.057194, -15.915873], [-48.05719, -15.915872], [-48.057162, -15.915957], [-48.057166, -15.915959], [-48.057167, -15.915959]]]}, "properties": {}},
{"type": "Feature", "geometry": {"type": "Polygon", "coordinates": [[[-48.057194, -15.915873], [-48.057274, -15.915897], [-48.057287, -15.915901], [-48.057292, -15.915903], [-48.057348, -15.915919], [-48.057348, -15.915918], [-48.057368, -15.915856], [-48.057356, -15.915852], [-48.05736, -15.915838], [-48.057322, -15.915826], [-48.057322, -15.915828], [-48.057292, -15.915819], [-48.057247, -15.915805], [-48.057251, -15.915794], [-48.057241, -15.915791], [-48.057223, -15.915785], [-48.057219, -15.915784], [-48.057191, -15.91587], [-48.05719, -15.915872], [-48.057194, -15.915873]]]}, "properties": {}},
{"type": "Feature", "geometry": {"type": "Polygon", "coordinates": [[[-48.061865, -15.915727], [-48.061862, -15.915736], [-48.061911, -15.91575], [-48.061938, -15.915668], [-48.061977, -15.91568], [-48.061984, -15.915658], [-48.061992, -15.915632], [-48.061904, -15.915606], [-48.061891, -15.915646], [-48.061888, -15.915657], [-48.061865, -15.915727]]]}, "properties": {}},
{"type": "Feature", "geometry": {"type": "Polygon", "coordinates": [[[-48.058778, -15.915709], [-48.058771, -15.915706], [-48.058755, -15.915759], [-48.058754, -15.915761], [-48.058793, -15.915773], [-48.058815, -15.915704], [-48.058844, -15.915713], [-48.058847, -15.915703], [-48.05887, -15.915631], [-48.058872, -15.915624], [-48.05887, -15.915623], [-48.058829, -15.915611], [-48.058807, -15.915605], [-48.058804, -15.915604], [-48.058793, -15.915639], [-48.0588, -15.915641], [-48.058778, -15.915709]]]}, "properties": {}},
{"type": "Feature", "geometry": {"type": "Polygon", "coordinates": [[[-48.05772, -15.915455], [-48.057781, -15.915473], [-48.057799, -15.915421], [-48.057803, -15.915409], [-48.05771, -15.915381], [-48.057706, -15.915391], [-48.057688, -15.915446], [-48.05772, -15.915455]]]}, "properties": {}},
{"type": "Feature", "geometry": {"type": "Polygon", "coordinates": [[[-48.065097, -15.915335], [-48.065097, -15.915337], [-48.065132, -15.915348], [-48.065133, -15.915346], [-48.065141, -15.915322], [-48.065171, -15.915331], [-48.065195, -15.915258], [-48.065202, -15.915236], [-48.065163, -15.915225], [-48.06516, -15.915235], [-48.065129, -15.915226], [-48.065097, -15.915335]]]}, "properties": {}},
{"type": "Feature", "geometry": {"type": "Polygon", "coordinates": [[[-48.062193, -15.915307], [-48.062327, -15.915347], [-48.062344, -15.915297], [-48.062327, -15.915292], [-48.062332, -15.915278], [-48.062202, -15.91524], [-48.0622, -15.915239], [-48.062179, -15.915304], [-48.062182, -15.915304], [-48.062193, -15.915307]]]}, "properties": {}},
{"type": "Feature", "geometry": {"type": "Polygon", "coordinates": [[[-48.060409, -15.915401], [-48.060534, -15.915338], [-48.0605, -15.915274], [-48.060376, -15.915338], [-48.060409, -15.915401]]]}, "properties": {}},
{"type": "Feature", "geometry": {"type": "Polygon", "coordinates": [[[-48.061562, -15.916355], [-48.061503, -15.916337], [-48.061473, -15.916328], [-48.061455, -15.916384], [-48.061543, -15.916411], [-48.061562, -15.916355]]]}, "properties": {}},
{"type": "Feature", "geometry": {"type": "Polygon", "coordinates": [[[-48.057794, -15.916416], [-48.057822, -15.916329], [-48.057769, -15.916312], [-48.057764, -15.916327], [-48.057665, -15.916296], [-48.057642, -15.91637], [-48.057794, -15.916416]]]}, "properties": {}},
{"type": "Feature", "geometry": {"type": "Polygon", "coordinates": [[[-48.063763, -15.918817], [-48.063835, -15.918839], [-48.06384, -15.918822], [-48.063827, -15.918818], [-48.063848, -15.918749], [-48.063803, -15.918735], [-48.063783, -15.918794], [-48.063771, -15.91879], [-48.063763, -15.918817]]]}, "properties": {}},
{"type": "Feature", "geometry": {"type": "Polygon", "coordinates": [[[-48.0618, -15.916044], [-48.061764, -15.916033], [-48.061737, -15.916114], [-48.061773, -15.916125], [-48.0618, -15.916044]]]}, "properties": {}},
{"type": "Feature", "geometry": {"type": "Polygon", "coordinates": [[[-48.0545, -15.914513], [-48.054581, -15.914537], [-48.054592, -15.914541], [-48.05462, -15.914453], [-48.054528, -15.914425], [-48.054513, -15.914471], [-48.054506, -15.914492], [-48.0545, -15.914513]]]}, "properties": {}},
{"type": "Feature", "geometry": {"type": "Polygon", "coordinates": [[[-48.060348, -15.918893], [-48.060381, -15.918903], [-48.060423, -15.918775], [-48.060334, -15.918747], [-48.060314, -15.918809], [-48.060369, -15.918826], [-48.060348, -15.918893]]]}, "properties": {}},
{"type": "Feature", "geometry": {"type": "Polygon", "coordinates": [[[-48.054611, -15.914168], [-48.054568, -15.914155], [-48.054559, -15.914152], [-48.054531, -15.914238], [-48.054583, -15.914253], [-48.054611, -15.914168]]]}, "properties": {}},
{"type": "Feature", "geometry": {"type": "Polygon", "coordinates": [[[-48.059163, -15.916051], [-48.059129, -15.916157], [-48.059131, -15.916157], [-48.059211, -15.916182], [-48.059219, -15.916184], [-48.059255, -15.916195], [-48.059296, -15.916063], [-48.059263, -15.916054], [-48.059271, -15.91603], [-48.059178, -15.916003], [-48.059171, -15.916028], [-48.05917, -15.91603], [-48.059163, -15.916051]]]}, "properties": {}},
{"type": "Feature", "geometry": {"type": "Polygon", "coordinates": [[[-48.061321, -15.915968], [-48.061352, -15.915977], [-48.061344, -15.916003], [-48.061379, -15.916014], [-48.061382, -15.916005], [-48.061402, -15.915943], [-48.061407, -15.915928], [-48.06134, -15.915908], [-48.06129, -15.915892], [-48.061252, -15.915881], [-48.061248, -15.915879], [-48.06122, -15.915966], [-48.061312, -15.915994], [-48.061321, -15.915968]]]}, "properties": {}},
{"type": "Feature", "geometry": {"type": "Polygon", "coordinates": [[[-48.064207, -15.915853], [-48.064187, -15.915914], [-48.064253, -15.915934], [-48.064261, -15.915909], [-48.064263, -15.915903], [-48.064269, -15.915886], [-48.064232, -15.915875], [-48.064235, -15.915865], [-48.064257, -15.915872], [-48.064281, -15.915799], [-48.064229, -15.915783], [-48.064228, -15.915787], [-48.064218, -15.915819], [-48.064207, -15.915853]]]}, "properties": {}},
{"type": "Feature", "geometry": {"type": "Polygon", "coordinates": [[[-48.065171, -15.915878], [-48.065199, -15.915795], [-48.065073, -15.915757], [-48.065074, -15.915755], [-48.065066, -15.915752], [-48.065038, -15.915836], [-48.065038, -15.915838], [-48.065171, -15.915878]]]}, "properties": {}},
{"type": "Feature", "geometry": {"type": "Polygon", "coordinates": [[[-48.054531, -15.915933], [-48.054528, -15.915942], [-48.054514, -15.915986], [-48.054549, -15.915997], [-48.054577, -15.916005], [-48.054602, -15.916013], [-48.054645, -15.915883], [-48.054651, -15.915864], [-48.054652, -15.915861], [-48.054564, -15.915833], [-48.054562, -15.915837], [-48.054556, -15.915856], [-48.054531, -15.915933]]]}, "properties": {}},
{"type": "Feature", "geometry": {"type": "Polygon", "coordinates": [[[-48.054246, -15.915904], [-48.054248, -15.915899], [-48.054266, -15.915843], [-48.054283, -15.915792], [-48.054194, -15.915765], [-48.054174, -15.915826], [-48.054157, -15.915877], [-48.054246, -15.915904]]]}, "properties": {}},
{"type": "Feature", "geometry": {"type": "Polygon", "coordinates": [[[-48.060041, -15.915725], [-48.060033, -15.915735], [-48.060065, -15.915745], [-48.060131, -15.915765], [-48.06016, -15.915679], [-48.060157, -15.915674], [-48.060153, -15.915672], [-48.060152, -15.915673], [-48.060042, -15.915725], [-48.060041, -15.915725]]]}, "properties": {}},
{"type": "Feature", "geometry": {"type": "Polygon", "coordinates": [[[-48.059874, -15.915771], [-48.059894, -15.915706], [-48.059875, -15.9157], [-48.059874, -15.9157], [-48.059774, -15.915669], [-48.059741, -15.915659], [-48.05973, -15.915692], [-48.05972, -15.915725], [-48.059874, -15.915771]]]}, "properties": {}},
{"type": "Feature", "geometry": {"type": "Polygon", "coordinates": [[[-48.058973, -15.915763], [-48.058975, -15.915757], [-48.058999, -15.915683], [-48.059001, -15.915676], [-48.059005, -15.915664], [-48.05894, -15.915645], [-48.058934, -15.915663], [-48.058908, -15.915744], [-48.058973, -15.915763]]]}, "properties": {}},
{"type": "Feature", "geometry": {"type": "Polygon", "coordinates": [[[-48.058654, -15.915614], [-48.058655, -15.915612], [-48.058664, -15.915583], [-48.058671, -15.915563], [-48.058603, -15.915544], [-48.058601, -15.915543], [-48.05858, -15.915615], [-48.058579, -15.915619], [-48.058574, -15.915636], [-48.058641, -15.915655], [-48.058654, -15.915614]]]}, "properties": {}},
{"type": "Feature", "geometry": {"type": "Polygon", "coordinates": [[[-48.061549, -15.91549], [-48.061632, -15.915515], [-48.061652, -15.915454], [-48.06157, -15.915428], [-48.061562, -15.915456], [-48.06156, -15.915456], [-48.061549, -15.91549]]]}, "properties": {}},
{"type": "Feature", "geometry": {"type": "Polygon", "coordinates": [[[-48.063775, -15.915355], [-48.063768, -15.915378], [-48.063753, -15.915374], [-48.063759, -15.915353], [-48.063731, -15.915344], [-48.063704, -15.915431], [-48.063704, -15.915432], [-48.063763, -15.91545], [-48.063748, -15.915499], [-48.063751, -15.915499], [-48.063821, -15.915522], [-48.063837, -15.915472], [-48.063864, -15.915382], [-48.063874, -15.915349], [-48.063875, -15.915348], [-48.06383, -15.915335], [-48.06383, -15.915336], [-48.06382, -15.915368], [-48.063775, -15.915355]]]}, "properties": {}},
{"type": "Feature", "geometry": {"type": "Polygon", "coordinates": [[[-48.06115, -15.914994], [-48.061147, -15.914995], [-48.061184, -15.915072], [-48.061178, -15.915075], [-48.061183, -15.915084], [-48.061184, -15.915086], [-48.061192, -15.915104], [-48.061194, -15.915107], [-48.061256, -15.915078], [-48.061255, -15.915076], [-48.061246, -15.915052], [-48.06123, -15.915014], [-48.061209, -15.914964], [-48.061198, -15.914937], [-48.061136, -15.914965], [-48.061148, -15.91499], [-48.06115, -15.914994]]]}, "properties": {}},
{"type": "Feature", "geometry": {"type": "Polygon", "coordinates": [[[-48.061123, -15.914971], [-48.061131, -15.914967], [-48.061092, -15.914905], [-48.061033, -15.914932], [-48.061066, -15.914996], [-48.061123, -15.914971]]]}, "properties": {}},
{"type": "Feature", "geometry": {"type": "Polygon", "coordinates": [[[-48.063947, -15.914639], [-48.063975, -15.914647], [-48.063976, -15.914643], [-48.063981, -15.914629], [-48.063983, -15.914629], [-48.063988, -15.914612], [-48.064047, -15.91463], [-48.064059, -15.914593], [-48.064084, -15.91452], [-48.063994, -15.914492], [-48.063968, -15.914574], [-48.063948, -15.914635], [-48.063947, -15.914639]]]}, "properties": {}},
{"type": "Feature", "geometry": {"type": "Polygon", "coordinates": [[[-48.064777, -15.914154], [-48.064775, -15.91416], [-48.064761, -15.914207], [-48.064759, -15.914212], [-48.064735, -15.914291], [-48.064824, -15.914318], [-48.064848, -15.914238], [-48.064855, -15.914215], [-48.064863, -15.914187], [-48.064866, -15.914179], [-48.064777, -15.914154]]]}, "properties": {}},
{"type": "Feature", "geometry": {"type": "Polygon", "coordinates": [[[-48.055145, -15.914126], [-48.055174, -15.914148], [-48.055171, -15.914152], [-48.055192, -15.914168], [-48.055246, -15.914097], [-48.055258, -15.914081], [-48.055259, -15.91408], [-48.055205, -15.91404], [-48.055176, -15.914076], [-48.055182, -15.914081], [-48.055145, -15.914126]]]}, "properties": {}},
{"type": "Feature", "geometry": {"type": "Polygon", "coordinates": [[[-48.054605, -15.917054], [-48.054629, -15.917061], [-48.054652, -15.916991], [-48.054668, -15.916996], [-48.054664, -15.917009], [-48.054712, -15.917024], [-48.054721, -15.916997], [-48.054647, -15.916974], [-48.05459, -15.916957], [-48.054563, -15.917041], [-48.054599, -15.917052], [-48.054605, -15.917054]]]}, "properties": {}},
{"type": "Feature", "geometry": {"type": "Polygon", "coordinates": [[[-48.055018, -15.916991], [-48.055063, -15.917005], [-48.055079, -15.916955], [-48.05499, -15.916928], [-48.05498, -15.916959], [-48.054974, -15.916978], [-48.055018, -15.916991]]]}, "properties": {}},
{"type": "Feature", "geometry": {"type": "Polygon", "coordinates": [[[-48.057183, -15.919211], [-48.057198, -15.919165], [-48.05719, -15.919163], [-48.057203, -15.919122], [-48.057123, -15.919097], [-48.057102, -15.919091], [-48.057074, -15.919178], [-48.057183, -15.919211]]]}, "properties": {}},
{"type": "Feature", "geometry": {"type": "Polygon", "coordinates": [[[-48.057688, -15.918796], [-48.057712, -15.918722], [-48.05772, -15.918697], [-48.057631, -15.91867], [-48.057599, -15.918768], [-48.057598, -15.918769], [-48.057688, -15.918796]]]}, "properties": {}},
{"type": "Feature", "geometry": {"type": "Polygon", "coordinates": [[[-48.057346, -15.918643], [-48.057345, -15.918645], [-48.057332, -15.918687], [-48.057421, -15.918714], [-48.057451, -15.918619], [-48.057462, -15.918586], [-48.057469, -15.918564], [-48.05738, -15.918537], [-48.057377, -15.918547], [-48.057373, -15.918559], [-48.057346, -15.918643]]]}, "properties": {}},
{"type": "Feature", "geometry": {"type": "Polygon", "coordinates": [[[-48.05877, -15.917326], [-48.058841, -15.917348], [-48.058852, -15.917315], [-48.058802, -15.9173], [-48.058806, -15.917288], [-48.058804, -15.917288], [-48.05881, -15.917269], [-48.058772, -15.917257], [-48.058753, -15.917321], [-48.058756, -15.917322], [-48.05877, -15.917326]]]}, "properties": {}},
{"type": "Feature", "geometry": {"type": "Polygon", "coordinates": [[[-48.058234, -15.917194], [-48.058162, -15.917172], [-48.058143, -15.917229], [-48.058215, -15.917252], [-48.058234, -15.917194]]]}, "properties": {}},
{"type": "Feature", "geometry": {"type": "Polygon", "coordinates": [[[-48.054331, -15.919113], [-48.054352, -15.919049], [-48.05417, -15.918993], [-48.05415, -15.919056], [-48.054156, -15.919059], [-48.054331, -15.919113]]]}, "properties": {}},
{"type": "Feature", "geometry": {"type": "Polygon", "coordinates": [[[-48.0603, -15.91921], [-48.060405, -15.919243], [-48.060449, -15.919256], [-48.060458, -15.919229], [-48.06043, -15.91922], [-48.06045, -15.91916], [-48.060445, -15.919159], [-48.06039, -15.919142], [-48.060357, -15.919133], [-48.060312, -15.919119], [-48.060298, -15.919163], [-48.060285, -15.919205], [-48.0603, -15.91921]]]}, "properties": {}},
{"type": "Feature", "geometry": {"type": "Polygon", "coordinates": [[[-48.063785, -15.919155], [-48.063816, -15.919165], [-48.063847, -15.91908], [-48.063774, -15.919058], [-48.063756, -15.919111], [-48.063795, -15.919123], [-48.063785, -15.919155]]]}, "properties": {}},
{"type": "Feature", "geometry": {"type": "Polygon", "coordinates": [[[-48.060048, -15.919124], [-48.060045, -15.919134], [-48.060017, -15.919126], [-48.06, -15.919177], [-48.059985, -15.919223], [-48.059987, -15.919223], [-48.059987, -15.919224], [-48.060074, -15.919251], [-48.060078, -15.919237], [-48.060077, -15.919237], [-48.060118, -15.919108], [-48.060031, -15.919081], [-48.060028, -15.919092], [-48.06002, -15.919116], [-48.060048, -15.919124]]]}, "properties": {}},
{"type": "Feature", "geometry": {"type": "Polygon", "coordinates": [[[-48.062255, -15.918786], [-48.062251, -15.9188], [-48.062254, -15.918801], [-48.062253, -15.918802], [-48.062339, -15.918828], [-48.062345, -15.918812], [-48.062345, -15.918811], [-48.062352, -15.91879], [-48.062388, -15.918683], [-48.062343, -15.918669], [-48.062298, -15.918656], [-48.062281, -15.918708], [-48.062255, -15.918786]], [[-48.062337, -15.918698], [-48.062339, -15.918692], [-48.062348, -15.918694], [-48.062345, -15.918702], [-48.062324, -15.918696], [-48.062324, -15.918694], [-48.062337, -15.918698]]]}, "properties": {}},
{"type": "Feature", "geometry": {"type": "Polygon", "coordinates": [[[-48.060123, -15.918683], [-48.060156, -15.918693], [-48.060175, -15.918634], [-48.060179, -15.918624], [-48.060179, -15.918622], [-48.060151, -15.918613], [-48.060166, -15.918568], [-48.060163, -15.918567], [-48.060167, -15.918554], [-48.060108, -15.918537], [-48.060066, -15.918666], [-48.060093, -15.918674], [-48.060123, -15.918683]]]}, "properties": {}},
{"type": "Feature", "geometry": {"type": "Polygon", "coordinates": [[[-48.05821, -15.918642], [-48.058269, -15.91866], [-48.058297, -15.918574], [-48.058164, -15.918534], [-48.058141, -15.918604], [-48.058215, -15.918627], [-48.05821, -15.918642]]]}, "properties": {}},
{"type": "Feature", "geometry": {"type": "Polygon", "coordinates": [[[-48.059614, -15.918566], [-48.059693, -15.91859], [-48.059718, -15.918514], [-48.059638, -15.918489], [-48.059609, -15.91848], [-48.059554, -15.918463], [-48.059526, -15.918548], [-48.059611, -15.918574], [-48.059614, -15.918566]], [[-48.059622, -15.918542], [-48.059617, -15.918556], [-48.059606, -15.918553], [-48.059608, -15.918548], [-48.059602, -15.918546], [-48.059603, -15.918543], [-48.059592, -15.918539], [-48.059593, -15.918536], [-48.059585, -15.918534], [-48.059583, -15.918539], [-48.059572, -15.918536], [-48.059575, -15.918527], [-48.059622, -15.918542]]]}, "properties": {}},
{"type": "Feature", "geometry": {"type": "Polygon", "coordinates": [[[-48.065019, -15.917081], [-48.065012, -15.917079], [-48.064988, -15.917153], [-48.064987, -15.917154], [-48.065077, -15.917181], [-48.06512, -15.917049], [-48.065036, -15.917024], [-48.06503, -15.917041], [-48.065032, -15.917041], [-48.065019, -15.917081]]]}, "properties": {}},
{"type": "Feature", "geometry": {"type": "Polygon", "coordinates": [[[-48.057767, -15.917496], [-48.057779, -15.917461], [-48.057719, -15.917443], [-48.057722, -15.917434], [-48.057693, -15.917425], [-48.057643, -15.917575], [-48.057733, -15.917603], [-48.057767, -15.917496]]]}, "properties": {}},
{"type": "Feature", "geometry": {"type": "Polygon", "coordinates": [[[-48.055239, -15.914219], [-48.055315, -15.914125], [-48.055284, -15.914101], [-48.055272, -15.914116], [-48.055246, -15.914097], [-48.055192, -15.914168], [-48.055184, -15.914178], [-48.055239, -15.914219]]]}, "properties": {}},
{"type": "Feature", "geometry": {"type": "Polygon", "coordinates": [[[-48.061053, -15.91671], [-48.061065, -15.916673], [-48.061068, -15.916667], [-48.061075, -15.916645], [-48.061078, -15.916635], [-48.060989, -15.916607], [-48.06097, -15.916667], [-48.060965, -15.916683], [-48.061053, -15.91671]]]}, "properties": {}},
{"type": "Feature", "geometry": {"type": "Polygon", "coordinates": [[[-48.060418, -15.916859], [-48.06033, -15.916832], [-48.060329, -15.916832], [-48.060309, -15.916895], [-48.060398, -15.916921], [-48.060418, -15.916859]]]}, "properties": {}},
{"type": "Feature", "geometry": {"type": "Polygon", "coordinates": [[[-48.059305, -15.917279], [-48.059312, -15.917281], [-48.059331, -15.917222], [-48.059334, -15.917215], [-48.059246, -15.917189], [-48.059239, -15.917212], [-48.05921, -15.917299], [-48.059209, -15.917301], [-48.059289, -15.917326], [-48.059305, -15.917279]]]}, "properties": {}},
{"type": "Feature", "geometry": {"type": "Polygon", "coordinates": [[[-48.059269, -15.916819], [-48.059243, -15.916812], [-48.059237, -15.916833], [-48.059263, -15.916841], [-48.059269, -15.916819]]]}, "properties": {}},
{"type": "Feature", "geometry": {"type": "Polygon", "coordinates": [[[-48.064749, -15.919056], [-48.064766, -15.919064], [-48.064772, -15.919054], [-48.064679, -15.919007], [-48.064664, -15.919035], [-48.06474, -15.919072], [-48.064749, -15.919056]]]}, "properties": {}},
{"type": "Feature", "geometry": {"type": "Polygon", "coordinates": [[[-48.055966, -15.915053], [-48.056078, -15.915088], [-48.056107, -15.915003], [-48.056061, -15.914988], [-48.056032, -15.91498], [-48.056021, -15.915013], [-48.055983, -15.915001], [-48.055966, -15.915053]]]}, "properties": {}},
{"type": "Feature", "geometry": {"type": "Polygon", "coordinates": [[[-48.060025, -15.916598], [-48.060027, -15.916598], [-48.060055, -15.916512], [-48.060052, -15.916511], [-48.060032, -15.916505], [-48.059919, -15.916471], [-48.05989, -15.91656], [-48.060001, -15.916591], [-48.060025, -15.916598]]]}, "properties": {}},
{"type": "Feature", "geometry": {"type": "Polygon", "coordinates": [[[-48.054556, -15.916499], [-48.054588, -15.916509], [-48.054592, -15.916495], [-48.054637, -15.916508], [-48.054646, -15.916482], [-48.054654, -15.916455], [-48.054591, -15.916436], [-48.054566, -15.916428], [-48.054546, -15.91649], [-48.054557, -15.916493], [-48.054556, -15.916499]]]}, "properties": {}},
{"type": "Feature", "geometry": {"type": "Polygon", "coordinates": [[[-48.058255, -15.916445], [-48.05825, -15.916459], [-48.058338, -15.916486], [-48.058371, -15.916388], [-48.058381, -15.916356], [-48.058379, -15.916355], [-48.058348, -15.916346], [-48.058344, -15.916358], [-48.058288, -15.916341], [-48.058282, -15.916358], [-48.058279, -15.916368], [-48.058255, -15.916445]], [[-48.058288, -15.916414], [-48.058291, -15.916407], [-48.05832, -15.916416], [-48.058317, -15.916423], [-48.058288, -15.916414]]]}, "properties": {}},
{"type": "Feature", "geometry": {"type": "Polygon", "coordinates": [[[-48.055229, -15.916345], [-48.055241, -15.916309], [-48.055246, -15.916291], [-48.055257, -15.91626], [-48.055254, -15.916259], [-48.055253, -15.916264], [-48.055243, -15.916261], [-48.055245, -15.916256], [-48.055163, -15.916231], [-48.055135, -15.916316], [-48.055184, -15.916331], [-48.055229, -15.916345]]]}, "properties": {}},
{"type": "Feature", "geometry": {"type": "Polygon", "coordinates": [[[-48.061696, -15.916003], [-48.061766, -15.916025], [-48.061776, -15.915995], [-48.061776, -15.915994], [-48.061687, -15.915967], [-48.061676, -15.916001], [-48.061695, -15.916007], [-48.061696, -15.916003]]]}, "properties": {}},
{"type": "Feature", "geometry": {"type": "Polygon", "coordinates": [[[-48.064592, -15.916024], [-48.064651, -15.916041], [-48.064684, -15.915939], [-48.064685, -15.915934], [-48.064618, -15.915916], [-48.064605, -15.915955], [-48.064613, -15.915957], [-48.064592, -15.916024]]]}, "properties": {}},
{"type": "Feature", "geometry": {"type": "Polygon", "coordinates": [[[-48.063314, -15.916125], [-48.063361, -15.916139], [-48.063379, -15.916144], [-48.063381, -15.916145], [-48.063391, -15.916116], [-48.063385, -15.916114], [-48.063419, -15.916007], [-48.063425, -15.916008], [-48.063444, -15.91595], [-48.063377, -15.91593], [-48.063366, -15.915965], [-48.063338, -15.916051], [-48.063314, -15.916125]]]}, "properties": {}},
{"type": "Feature", "geometry": {"type": "Polygon", "coordinates": [[[-48.063804, -15.915963], [-48.063804, -15.915964], [-48.063814, -15.915967], [-48.063815, -15.915966], [-48.063851, -15.915977], [-48.063851, -15.915979], [-48.06387, -15.915984], [-48.063871, -15.915982], [-48.063877, -15.915963], [-48.063886, -15.915937], [-48.063877, -15.915934], [-48.063884, -15.915912], [-48.063886, -15.915912], [-48.063908, -15.915844], [-48.063895, -15.91584], [-48.063894, -15.915843], [-48.063888, -15.915841], [-48.063889, -15.915838], [-48.063867, -15.915831], [-48.063866, -15.915834], [-48.063861, -15.915833], [-48.063862, -15.91583], [-48.063848, -15.915826], [-48.063832, -15.915877], [-48.063805, -15.91596], [-48.063804, -15.915963]]]}, "properties": {}},
{"type": "Feature", "geometry": {"type": "Polygon", "coordinates": [[[-48.061302, -15.915801], [-48.061319, -15.915806], [-48.061435, -15.915841], [-48.061446, -15.915806], [-48.06147, -15.915734], [-48.061471, -15.91573], [-48.061336, -15.915689], [-48.061335, -15.915693], [-48.061334, -15.915693], [-48.061302, -15.915801]]]}, "properties": {}},
{"type": "Feature", "geometry": {"type": "Polygon", "coordinates": [[[-48.061888, -15.915657], [-48.061798, -15.91563], [-48.061777, -15.915697], [-48.061865, -15.915727], [-48.061888, -15.915657]]]}, "properties": {}},
{"type": "Feature", "geometry": {"type": "Polygon", "coordinates": [[[-48.058106, -15.915391], [-48.058189, -15.915417], [-48.058246, -15.915242], [-48.058259, -15.915201], [-48.05826, -15.915198], [-48.058181, -15.915174], [-48.05818, -15.915176], [-48.058165, -15.91522], [-48.058106, -15.915391]]]}, "properties": {}},
{"type": "Feature", "geometry": {"type": "Polygon", "coordinates": [[[-48.062453, -15.91833], [-48.062376, -15.918306], [-48.062348, -15.918387], [-48.062427, -15.918411], [-48.062453, -15.91833]]]}, "properties": {}},
{"type": "Feature", "geometry": {"type": "Polygon", "coordinates": [[[-48.054534, -15.917129], [-48.054459, -15.917106], [-48.054414, -15.917093], [-48.054386, -15.917178], [-48.054505, -15.917215], [-48.054534, -15.917129]]]}, "properties": {}},
{"type": "Feature", "geometry": {"type": "Polygon", "coordinates": [[[-48.055153, -15.917411], [-48.055302, -15.917457], [-48.055314, -15.917422], [-48.055324, -15.917391], [-48.055173, -15.917348], [-48.055169, -15.917346], [-48.055166, -15.917346], [-48.055145, -15.917408], [-48.055148, -15.917409], [-48.055153, -15.917411]]]}, "properties": {}},
{"type": "Feature", "geometry": {"type": "Polygon", "coordinates": [[[-48.056587, -15.917361], [-48.056624, -15.917372], [-48.056644, -15.91731], [-48.056607, -15.917298], [-48.056474, -15.917257], [-48.056453, -15.917321], [-48.056562, -15.917353], [-48.056587, -15.917361]]]}, "properties": {}},
{"type": "Feature", "geometry": {"type": "Polygon", "coordinates": [[[-48.064526, -15.919184], [-48.064544, -15.919127], [-48.064485, -15.919109], [-48.064484, -15.919113], [-48.06448, -15.919112], [-48.064481, -15.919108], [-48.064398, -15.919082], [-48.064388, -15.919078], [-48.064367, -15.919141], [-48.064524, -15.91919], [-48.064526, -15.919184]]]}, "properties": {}},
{"type": "Feature", "geometry": {"type": "Polygon", "coordinates": [[[-48.062071, -15.919148], [-48.062086, -15.919152], [-48.062084, -15.919159], [-48.062103, -15.919165], [-48.062127, -15.919093], [-48.062143, -15.919044], [-48.062054, -15.919017], [-48.062031, -15.919085], [-48.062086, -15.919102], [-48.062071, -15.919148]]]}, "properties": {}},
{"type": "Feature", "geometry": {"type": "Polygon", "coordinates": [[[-48.057682, -15.919087], [-48.057646, -15.919076], [-48.057642, -15.919087], [-48.05761, -15.919186], [-48.057607, -15.919197], [-48.057697, -15.919224], [-48.057737, -15.919095], [-48.057743, -15.919077], [-48.057683, -15.919059], [-48.057677, -15.919077], [-48.057684, -15.919079], [-48.057682, -15.919087]], [[-48.057683, -15.919164], [-48.057679, -15.919175], [-48.057643, -15.919164], [-48.057647, -15.919152], [-48.057653, -15.919154], [-48.057662, -15.919126], [-48.057668, -15.919128], [-48.057658, -15.919157], [-48.057683, -15.919164]]]}, "properties": {}},
{"type": "Feature", "geometry": {"type": "Polygon", "coordinates": [[[-48.061877, -15.918593], [-48.061927, -15.918609], [-48.061932, -15.918593], [-48.061971, -15.918605], [-48.061983, -15.918571], [-48.061986, -15.918562], [-48.06197, -15.918557], [-48.061943, -15.918549], [-48.061897, -15.918535], [-48.061896, -15.918535], [-48.061877, -15.918592], [-48.061877, -15.918593]]]}, "properties": {}},
{"type": "Feature", "geometry": {"type": "Polygon", "coordinates": [[[-48.059359, -15.918547], [-48.059374, -15.918502], [-48.059369, -15.9185], [-48.059383, -15.918458], [-48.059329, -15.918442], [-48.059327, -15.918442], [-48.059285, -15.918429], [-48.059283, -15.918429], [-48.059255, -15.918515], [-48.059257, -15.918515], [-48.059359, -15.918547]]]}, "properties": {}},
{"type": "Feature", "geometry": {"type": "Polygon", "coordinates": [[[-48.059617, -15.918455], [-48.059646, -15.918464], [-48.059638, -15.918489], [-48.059718, -15.918514], [-48.059724, -15.918516], [-48.059734, -15.918486], [-48.059735, -15.918484], [-48.059719, -15.918479], [-48.05972, -15.918475], [-48.059719, -15.918474], [-48.059722, -15.918465], [-48.059739, -15.91847], [-48.059753, -15.918429], [-48.059582, -15.918377], [-48.059554, -15.918463], [-48.059609, -15.91848], [-48.059617, -15.918455]]]}, "properties": {}},
{"type": "Feature", "geometry": {"type": "Polygon", "coordinates": [[[-48.060513, -15.918255], [-48.06049, -15.918328], [-48.060482, -15.918326], [-48.06047, -15.918362], [-48.0605, -15.918371], [-48.060505, -15.918353], [-48.060536, -15.918362], [-48.060531, -15.91838], [-48.06056, -15.918389], [-48.060606, -15.918245], [-48.060576, -15.918236], [-48.060572, -15.918249], [-48.060513, -15.918232], [-48.060513, -15.918233], [-48.060506, -15.918253], [-48.060513, -15.918255]]]}, "properties": {}},
{"type": "Feature", "geometry": {"type": "Polygon", "coordinates": [[[-48.059682, -15.918079], [-48.059694, -15.918041], [-48.059702, -15.918043], [-48.059715, -15.918001], [-48.059626, -15.917974], [-48.059621, -15.917988], [-48.0596, -15.918054], [-48.059682, -15.918079]]]}, "properties": {}},
{"type": "Feature", "geometry": {"type": "Polygon", "coordinates": [[[-48.058985, -15.918025], [-48.059043, -15.918043], [-48.05911, -15.918063], [-48.059111, -15.918063], [-48.059126, -15.918068], [-48.059154, -15.917981], [-48.059138, -15.917977], [-48.059049, -15.91795], [-48.059005, -15.917937], [-48.059004, -15.917937], [-48.058976, -15.918022], [-48.058978, -15.918023], [-48.058985, -15.918025]]]}, "properties": {}},
{"type": "Feature", "geometry": {"type": "Polygon", "coordinates": [[[-48.062237, -15.917974], [-48.062271, -15.917984], [-48.062281, -15.917951], [-48.062184, -15.917922], [-48.06219, -15.917902], [-48.062287, -15.917932], [-48.062298, -15.917896], [-48.062212, -15.917871], [-48.06221, -15.91787], [-48.062168, -15.917857], [-48.062166, -15.917857], [-48.062138, -15.917944], [-48.06214, -15.917945], [-48.062237, -15.917974]]]}, "properties": {}},
{"type": "Feature", "geometry": {"type": "Polygon", "coordinates": [[[-48.063974, -15.917753], [-48.063962, -15.91775], [-48.063953, -15.917779], [-48.063945, -15.917802], [-48.06403, -15.917828], [-48.064043, -15.917784], [-48.064095, -15.9178], [-48.064108, -15.91776], [-48.06411, -15.917757], [-48.064043, -15.917737], [-48.064036, -15.917734], [-48.063974, -15.917716], [-48.063973, -15.917716], [-48.063963, -15.917745], [-48.063975, -15.917749], [-48.063974, -15.917753]], [[-48.064048, -15.917769], [-48.064056, -15.917742], [-48.064059, -15.917743], [-48.06405, -15.91777], [-48.064048, -15.917769]]]}, "properties": {}},
{"type": "Feature", "geometry": {"type": "Polygon", "coordinates": [[[-48.061927, -15.916891], [-48.061969, -15.916904], [-48.061971, -15.916905], [-48.062015, -15.916918], [-48.062033, -15.916865], [-48.06204, -15.916843], [-48.062058, -15.91679], [-48.061967, -15.916762], [-48.061965, -15.916768], [-48.061925, -15.91689], [-48.061927, -15.916891]]]}, "properties": {}},
{"type": "Feature", "geometry": {"type": "Polygon", "coordinates": [[[-48.062742, -15.91406], [-48.062742, -15.914059], [-48.062693, -15.914046], [-48.062671, -15.914118], [-48.062719, -15.914133], [-48.062742, -15.91406]]]}, "properties": {}},
{"type": "Feature", "geometry": {"type": "Polygon", "coordinates": [[[-48.060367, -15.913817], [-48.060381, -15.913822], [-48.060377, -15.913832], [-48.060461, -15.913866], [-48.06048, -15.913812], [-48.060478, -15.913812], [-48.060384, -15.913777], [-48.060383, -15.913776], [-48.06034, -15.913755], [-48.060296, -15.913733], [-48.06027, -15.913774], [-48.06037, -15.91381], [-48.060367, -15.913817]]]}, "properties": {}},
{"type": "Feature", "geometry": {"type": "Polygon", "coordinates": [[[-48.054443, -15.914838], [-48.054448, -15.914823], [-48.054459, -15.914784], [-48.054452, -15.914782], [-48.054416, -15.914772], [-48.054372, -15.914759], [-48.054371, -15.914758], [-48.054355, -15.914809], [-48.054351, -15.914821], [-48.054441, -15.914846], [-48.054443, -15.914838]]]}, "properties": {}},
{"type": "Feature", "geometry": {"type": "Polygon", "coordinates": [[[-48.058247, -15.915888], [-48.058327, -15.915913], [-48.058369, -15.915783], [-48.058283, -15.915757], [-48.05827, -15.915796], [-48.058277, -15.915798], [-48.058247, -15.915888]]]}, "properties": {}},
{"type": "Feature", "geometry": {"type": "Polygon", "coordinates": [[[-48.058255, -15.918465], [-48.05827, -15.918418], [-48.05822, -15.918404], [-48.058205, -15.91845], [-48.058242, -15.918461], [-48.058255, -15.918465]]]}, "properties": {}},
{"type": "Feature", "geometry": {"type": "Polygon", "coordinates": [[[-48.062364, -15.917207], [-48.062388, -15.917125], [-48.062359, -15.917115], [-48.062342, -15.917169], [-48.062333, -15.917197], [-48.062364, -15.917207]]]}, "properties": {}},
{"type": "Feature", "geometry": {"type": "Polygon", "coordinates": [[[-48.061941, -15.918959], [-48.061936, -15.918973], [-48.061968, -15.918982], [-48.062009, -15.918854], [-48.062012, -15.918847], [-48.061922, -15.91882], [-48.061897, -15.918899], [-48.061909, -15.918903], [-48.061905, -15.918916], [-48.061893, -15.918912], [-48.061879, -15.918956], [-48.06188, -15.918956], [-48.061899, -15.918962], [-48.061903, -15.918949], [-48.061941, -15.918959]], [[-48.061938, -15.918893], [-48.061943, -15.918879], [-48.061957, -15.918883], [-48.061952, -15.918897], [-48.061938, -15.918893]]]}, "properties": {}},
{"type": "Feature", "geometry": {"type": "Polygon", "coordinates": [[[-48.058047, -15.917994], [-48.058065, -15.917999], [-48.058057, -15.918023], [-48.058039, -15.918018], [-48.058029, -15.918048], [-48.058072, -15.918061], [-48.058073, -15.918055], [-48.058092, -15.918061], [-48.05809, -15.918067], [-48.058181, -15.918094], [-48.058209, -15.918008], [-48.058189, -15.918002], [-48.058182, -15.917999], [-48.058119, -15.91798], [-48.058116, -15.917988], [-48.058075, -15.917975], [-48.058077, -15.917967], [-48.058057, -15.917961], [-48.058047, -15.917994]]]}, "properties": {}},
{"type": "Feature", "geometry": {"type": "Polygon", "coordinates": [[[-48.056575, -15.917216], [-48.056574, -15.917216], [-48.056505, -15.917194], [-48.056487, -15.917248], [-48.056557, -15.917269], [-48.056575, -15.917216]]]}, "properties": {}},
{"type": "Feature", "geometry": {"type": "Polygon", "coordinates": [[[-48.057825, -15.916662], [-48.057841, -15.916667], [-48.057859, -15.916672], [-48.057939, -15.916696], [-48.057972, -15.916706], [-48.057984, -15.916667], [-48.057985, -15.916663], [-48.057999, -15.91662], [-48.057971, -15.916612], [-48.057967, -15.916623], [-48.057952, -15.916618], [-48.057954, -15.916611], [-48.057914, -15.916599], [-48.057916, -15.916594], [-48.057866, -15.916579], [-48.057854, -15.916575], [-48.057847, -15.916573], [-48.057844, -15.916582], [-48.057818, -15.916659], [-48.057825, -15.916662]]]}, "properties": {}},
{"type": "Feature", "geometry": {"type": "Polygon", "coordinates": [[[-48.060632, -15.916605], [-48.060655, -15.916612], [-48.060645, -15.916643], [-48.060681, -15.916654], [-48.060684, -15.916645], [-48.060719, -15.916534], [-48.060722, -15.916526], [-48.060722, -15.916524], [-48.060632, -15.916498], [-48.060592, -15.916621], [-48.060624, -15.916631], [-48.060632, -15.916605]]]}, "properties": {}},
{"type": "Feature", "geometry": {"type": "Polygon", "coordinates": [[[-48.057055, -15.916515], [-48.057051, -15.916529], [-48.057063, -15.916532], [-48.057059, -15.916545], [-48.05705, -15.916542], [-48.057047, -15.916549], [-48.057051, -15.91655], [-48.057046, -15.916566], [-48.057096, -15.916581], [-48.0571, -15.916582], [-48.057131, -15.916591], [-48.057158, -15.916506], [-48.057141, -15.9165], [-48.057138, -15.916507], [-48.057094, -15.916493], [-48.057096, -15.916486], [-48.057019, -15.916462], [-48.057001, -15.916457], [-48.056989, -15.916495], [-48.057012, -15.916501], [-48.057055, -15.916515]]]}, "properties": {}},
{"type": "Feature", "geometry": {"type": "Polygon", "coordinates": [[[-48.058338, -15.916486], [-48.058331, -15.916509], [-48.058418, -15.916535], [-48.058426, -15.916511], [-48.058436, -15.916482], [-48.058468, -15.916382], [-48.058418, -15.916367], [-48.058417, -15.916372], [-48.058389, -15.916363], [-48.05838, -15.916391], [-48.058371, -15.916388], [-48.058338, -15.916486]]]}, "properties": {}},
{"type": "Feature", "geometry": {"type": "Polygon", "coordinates": [[[-48.058201, -15.916429], [-48.058226, -15.916352], [-48.058224, -15.916352], [-48.058226, -15.916346], [-48.05822, -15.916344], [-48.058221, -15.91634], [-48.058234, -15.916343], [-48.058232, -15.916349], [-48.058251, -15.916355], [-48.058253, -15.916349], [-48.058282, -15.916358], [-48.058288, -15.916341], [-48.058292, -15.916329], [-48.058202, -15.916301], [-48.058174, -15.916385], [-48.058164, -15.916418], [-48.058201, -15.916429]]]}, "properties": {}},
{"type": "Feature", "geometry": {"type": "Polygon", "coordinates": [[[-48.058882, -15.916307], [-48.058865, -15.916361], [-48.058867, -15.916361], [-48.058927, -15.91638], [-48.059001, -15.916402], [-48.059029, -15.916315], [-48.05892, -15.916281], [-48.058909, -15.916315], [-48.058885, -15.916307], [-48.058882, -15.916307]]]}, "properties": {}},
{"type": "Feature", "geometry": {"type": "Polygon", "coordinates": [[[-48.062756, -15.916056], [-48.06274, -15.916052], [-48.062724, -15.916102], [-48.062769, -15.916116], [-48.06276, -15.916144], [-48.062787, -15.916153], [-48.062808, -15.916088], [-48.062786, -15.916081], [-48.062783, -15.91609], [-48.062779, -15.916089], [-48.062781, -15.916082], [-48.062767, -15.916077], [-48.062771, -15.916067], [-48.062772, -15.916062], [-48.062769, -15.916061], [-48.062756, -15.916056]]]}, "properties": {}},
{"type": "Feature", "geometry": {"type": "Polygon", "coordinates": [[[-48.063907, -15.914465], [-48.063994, -15.914492], [-48.064025, -15.914397], [-48.064045, -15.914338], [-48.063956, -15.914311], [-48.063948, -15.914334], [-48.063922, -15.914418], [-48.063907, -15.914465]]]}, "properties": {}},
{"type": "Feature", "geometry": {"type": "Polygon", "coordinates": [[[-48.060489, -15.916196], [-48.060487, -15.916202], [-48.060578, -15.916228], [-48.060592, -15.916226], [-48.0606, -15.916222], [-48.060608, -15.916215], [-48.060611, -15.91621], [-48.060654, -15.916079], [-48.060631, -15.916072], [-48.060629, -15.916072], [-48.060627, -15.916071], [-48.060539, -15.916045], [-48.060538, -15.916044], [-48.060503, -15.916154], [-48.060495, -15.916177], [-48.060489, -15.916196]]]}, "properties": {}},
{"type": "Feature", "geometry": {"type": "Polygon", "coordinates": [[[-48.054962, -15.916119], [-48.054999, -15.91613], [-48.054997, -15.916135], [-48.054965, -15.916125], [-48.054951, -15.916167], [-48.055003, -15.916183], [-48.055006, -15.916184], [-48.055014, -15.91616], [-48.055035, -15.916098], [-48.055033, -15.916097], [-48.055032, -15.916097], [-48.055017, -15.916093], [-48.054943, -15.91607], [-48.05494, -15.916069], [-48.054894, -15.916054], [-48.054866, -15.916141], [-48.054947, -15.916166], [-48.054962, -15.916119]]]}, "properties": {}},
{"type": "Feature", "geometry": {"type": "Polygon", "coordinates": [[[-48.064261, -15.915909], [-48.064253, -15.915934], [-48.064334, -15.915958], [-48.064337, -15.915959], [-48.064371, -15.91597], [-48.064372, -15.915969], [-48.064375, -15.91597], [-48.064393, -15.915912], [-48.064353, -15.915898], [-48.064273, -15.915872], [-48.064269, -15.915886], [-48.064263, -15.915903], [-48.064261, -15.915909]]]}, "properties": {}},
{"type": "Feature", "geometry": {"type": "Polygon", "coordinates": [[[-48.058213, -15.915966], [-48.058302, -15.915993], [-48.058322, -15.915932], [-48.058322, -15.91593], [-48.058295, -15.915922], [-48.058298, -15.915913], [-48.058237, -15.915894], [-48.058228, -15.91592], [-48.058225, -15.915932], [-48.058213, -15.915966]]]}, "properties": {}},
{"type": "Feature", "geometry": {"type": "Polygon", "coordinates": [[[-48.057308, -15.915773], [-48.057311, -15.915774], [-48.057299, -15.91581], [-48.05733, -15.915819], [-48.057371, -15.915697], [-48.057349, -15.91569], [-48.057348, -15.915693], [-48.057332, -15.915688], [-48.057324, -15.915715], [-48.057328, -15.915716], [-48.057308, -15.915773]]]}, "properties": {}},
{"type": "Feature", "geometry": {"type": "Polygon", "coordinates": [[[-48.058463, -15.915527], [-48.058443, -15.915589], [-48.05846, -15.915594], [-48.058474, -15.915598], [-48.058488, -15.915551], [-48.058494, -15.915553], [-48.058476, -15.915609], [-48.058449, -15.915601], [-48.058446, -15.9156], [-48.058445, -15.915603], [-48.058439, -15.915617], [-48.058428, -15.915652], [-48.058489, -15.915669], [-48.058502, -15.915628], [-48.058536, -15.915522], [-48.058486, -15.915507], [-48.058483, -15.915517], [-48.058467, -15.915513], [-48.058463, -15.915527]]]}, "properties": {}},
{"type": "Feature", "geometry": {"type": "Polygon", "coordinates": [[[-48.057907, -15.915327], [-48.057916, -15.91533], [-48.057973, -15.915347], [-48.058004, -15.915254], [-48.057938, -15.915234], [-48.057936, -15.915241], [-48.057912, -15.915312], [-48.057907, -15.915327]]]}, "properties": {}},
{"type": "Feature", "geometry": {"type": "Polygon", "coordinates": [[[-48.056061, -15.91514], [-48.056078, -15.915088], [-48.055966, -15.915053], [-48.055929, -15.915041], [-48.055901, -15.915129], [-48.05605, -15.915175], [-48.056061, -15.91514]], [[-48.056036, -15.915105], [-48.056019, -15.915155], [-48.056011, -15.915153], [-48.056019, -15.915127], [-48.055983, -15.915116], [-48.05599, -15.915097], [-48.056026, -15.915108], [-48.056028, -15.915103], [-48.056036, -15.915105]]]}, "properties": {}},
{"type": "Feature", "geometry": {"type": "Polygon", "coordinates": [[[-48.055607, -15.914945], [-48.055676, -15.914966], [-48.055684, -15.914942], [-48.055668, -15.914937], [-48.055676, -15.914915], [-48.055691, -15.91492], [-48.055703, -15.91488], [-48.055661, -15.914868], [-48.055648, -15.914864], [-48.055591, -15.914846], [-48.055562, -15.914931], [-48.055573, -15.914934], [-48.055607, -15.914945]]]}, "properties": {}},
{"type": "Feature", "geometry": {"type": "Polygon", "coordinates": [[[-48.063674, -15.914569], [-48.063764, -15.914597], [-48.063774, -15.914566], [-48.063777, -15.914556], [-48.063789, -15.914518], [-48.063816, -15.914438], [-48.063729, -15.914411], [-48.063688, -15.914529], [-48.063684, -15.914541], [-48.063674, -15.914569]]]}, "properties": {}},
{"type": "Feature", "geometry": {"type": "Polygon", "coordinates": [[[-48.054958, -15.914], [-48.054954, -15.914005], [-48.05496, -15.914009], [-48.054975, -15.91404], [-48.055007, -15.914065], [-48.055095, -15.913958], [-48.054996, -15.913884], [-48.054994, -15.913883], [-48.054994, -15.913884], [-48.054958, -15.913999], [-48.054958, -15.914]]]}, "properties": {}},
{"type": "Feature", "geometry": {"type": "Polygon", "coordinates": [[[-48.055059, -15.917189], [-48.055057, -15.917189], [-48.055059, -15.917183], [-48.05507, -15.917186], [-48.055067, -15.917195], [-48.055095, -15.917204], [-48.055124, -15.917118], [-48.05499, -15.917077], [-48.054962, -15.917163], [-48.055058, -15.917193], [-48.055059, -15.917189]], [[-48.055029, -15.917122], [-48.055018, -15.917154], [-48.055007, -15.917151], [-48.055018, -15.917118], [-48.055029, -15.917122]]]}, "properties": {}},
{"type": "Feature", "geometry": {"type": "Polygon", "coordinates": [[[-48.059278, -15.916939], [-48.059235, -15.916926], [-48.059188, -15.916911], [-48.059171, -15.916965], [-48.059261, -15.916992], [-48.059278, -15.916939]]]}, "properties": {}},
{"type": "Feature", "geometry": {"type": "Polygon", "coordinates": [[[-48.054655, -15.919058], [-48.054787, -15.919097], [-48.054808, -15.919033], [-48.054649, -15.918984], [-48.054646, -15.918983], [-48.054644, -15.918983], [-48.054622, -15.919049], [-48.054627, -15.91905], [-48.054655, -15.919058]]]}, "properties": {}},
{"type": "Feature", "geometry": {"type": "Polygon", "coordinates": [[[-48.054521, -15.918985], [-48.054445, -15.918962], [-48.054453, -15.918938], [-48.054407, -15.918924], [-48.054394, -15.91892], [-48.054374, -15.918984], [-48.054508, -15.919023], [-48.054521, -15.918985]]]}, "properties": {}},
{"type": "Feature", "geometry": {"type": "Polygon", "coordinates": [[[-48.058054, -15.918118], [-48.058145, -15.918146], [-48.058138, -15.918166], [-48.058137, -15.91817], [-48.058155, -15.918176], [-48.058181, -15.918094], [-48.058073, -15.918061], [-48.058061, -15.918098], [-48.058059, -15.918104], [-48.058054, -15.918118]]]}, "properties": {}},
{"type": "Feature", "geometry": {"type": "Polygon", "coordinates": [[[-48.058688, -15.91749], [-48.05869, -15.917483], [-48.058744, -15.9175], [-48.058741, -15.917507], [-48.058786, -15.917521], [-48.058818, -15.917531], [-48.058847, -15.917444], [-48.058728, -15.917408], [-48.058681, -15.917394], [-48.058679, -15.917393], [-48.058651, -15.917479], [-48.058653, -15.91748], [-48.058688, -15.91749]]]}, "properties": {}},
{"type": "Feature", "geometry": {"type": "Polygon", "coordinates": [[[-48.059226, -15.917398], [-48.059181, -15.917384], [-48.05918, -15.917387], [-48.059156, -15.917461], [-48.059245, -15.917489], [-48.059278, -15.917386], [-48.059235, -15.917372], [-48.059226, -15.917398]]]}, "properties": {}},
{"type": "Feature", "geometry": {"type": "Polygon", "coordinates": [[[-48.057367, -15.916948], [-48.057382, -15.916952], [-48.057446, -15.91697], [-48.057459, -15.916929], [-48.057462, -15.916919], [-48.057473, -15.916885], [-48.057423, -15.916869], [-48.057414, -15.916866], [-48.057395, -15.916925], [-48.057376, -15.91692], [-48.057367, -15.916948]]]}, "properties": {}},
{"type": "Feature", "geometry": {"type": "Polygon", "coordinates": [[[-48.063042, -15.918921], [-48.063054, -15.918925], [-48.063052, -15.918933], [-48.063079, -15.918941], [-48.063085, -15.918922], [-48.063108, -15.918929], [-48.063121, -15.918887], [-48.063102, -15.918882], [-48.063104, -15.918876], [-48.063075, -15.918867], [-48.063073, -15.91887], [-48.063032, -15.918858], [-48.063012, -15.918921], [-48.063039, -15.918929], [-48.063042, -15.918921]]]}, "properties": {}},
{"type": "Feature", "geometry": {"type": "Polygon", "coordinates": [[[-48.060834, -15.918897], [-48.060877, -15.91891], [-48.060924, -15.918924], [-48.060965, -15.918793], [-48.060938, -15.918785], [-48.060944, -15.918766], [-48.060881, -15.918747], [-48.060874, -15.918769], [-48.060858, -15.918819], [-48.060834, -15.918897]]]}, "properties": {}},
{"type": "Feature", "geometry": {"type": "Polygon", "coordinates": [[[-48.065182, -15.918669], [-48.065146, -15.918658], [-48.065126, -15.918721], [-48.065167, -15.918733], [-48.06516, -15.918753], [-48.065179, -15.918758], [-48.065182, -15.91875], [-48.065223, -15.91862], [-48.065156, -15.9186], [-48.065142, -15.918646], [-48.065185, -15.918659], [-48.065182, -15.918669]]]}, "properties": {}},
{"type": "Feature", "geometry": {"type": "Polygon", "coordinates": [[[-48.062885, -15.918646], [-48.062829, -15.918629], [-48.062813, -15.918677], [-48.062869, -15.918694], [-48.062885, -15.918646]]]}, "properties": {}},
{"type": "Feature", "geometry": {"type": "Polygon", "coordinates": [[[-48.063322, -15.91867], [-48.063412, -15.918697], [-48.063426, -15.918655], [-48.063427, -15.91865], [-48.063449, -15.918582], [-48.06345, -15.91858], [-48.063431, -15.918574], [-48.063428, -15.918584], [-48.063368, -15.918565], [-48.063348, -15.918628], [-48.063337, -15.918624], [-48.063322, -15.91867]]]}, "properties": {}},
{"type": "Feature", "geometry": {"type": "Polygon", "coordinates": [[[-48.059521, -15.91867], [-48.05966, -15.918714], [-48.059661, -15.918709], [-48.059697, -15.918601], [-48.059611, -15.918574], [-48.059526, -15.918548], [-48.059498, -15.918635], [-48.059529, -15.918645], [-48.059521, -15.91867]], [[-48.059623, -15.918619], [-48.05962, -15.918627], [-48.059598, -15.91862], [-48.059595, -15.918629], [-48.059547, -15.918615], [-48.059553, -15.918598], [-48.059623, -15.918619]]]}, "properties": {}},
{"type": "Feature", "geometry": {"type": "Polygon", "coordinates": [[[-48.062827, -15.918533], [-48.062846, -15.918475], [-48.062855, -15.918447], [-48.062792, -15.918428], [-48.062776, -15.918423], [-48.062748, -15.918508], [-48.062767, -15.918514], [-48.062827, -15.918533]]]}, "properties": {}},
{"type": "Feature", "geometry": {"type": "Polygon", "coordinates": [[[-48.058836, -15.918452], [-48.05884, -15.918454], [-48.058854, -15.918458], [-48.05886, -15.91846], [-48.058863, -15.91845], [-48.058933, -15.918472], [-48.05893, -15.918482], [-48.05897, -15.918494], [-48.058971, -15.918494], [-48.058987, -15.918499], [-48.05899, -15.9185], [-48.059, -15.918471], [-48.058997, -15.918471], [-48.059007, -15.918439], [-48.059015, -15.918414], [-48.058997, -15.918408], [-48.058926, -15.918386], [-48.058911, -15.918382], [-48.058907, -15.918391], [-48.058899, -15.918388], [-48.058902, -15.918379], [-48.058867, -15.918368], [-48.058864, -15.918367], [-48.058859, -15.918382], [-48.058849, -15.918413], [-48.058836, -15.918452]]]}, "properties": {}},
{"type": "Feature", "geometry": {"type": "Polygon", "coordinates": [[[-48.05873, -15.918373], [-48.058719, -15.918408], [-48.058716, -15.918407], [-48.058713, -15.918415], [-48.058767, -15.918431], [-48.058793, -15.918439], [-48.058828, -15.91845], [-48.058836, -15.918452], [-48.058849, -15.918413], [-48.05884, -15.91841], [-48.05885, -15.91838], [-48.058859, -15.918382], [-48.058864, -15.918367], [-48.058731, -15.918326], [-48.058728, -15.918325], [-48.058714, -15.918368], [-48.058717, -15.918369], [-48.05873, -15.918373]]]}, "properties": {}},
{"type": "Feature", "geometry": {"type": "Polygon", "coordinates": [[[-48.058864, -15.918367], [-48.058892, -15.91828], [-48.05888, -15.918276], [-48.058856, -15.918269], [-48.058794, -15.91825], [-48.058778, -15.918297], [-48.058751, -15.918289], [-48.058767, -15.918242], [-48.058762, -15.91824], [-48.05876, -15.91824], [-48.058756, -15.918238], [-48.058728, -15.918325], [-48.058731, -15.918326], [-48.058864, -15.918367]]]}, "properties": {}},
{"type": "Feature", "geometry": {"type": "Polygon", "coordinates": [[[-48.06132, -15.917559], [-48.061362, -15.917571], [-48.061364, -15.917572], [-48.061375, -15.917575], [-48.061385, -15.917544], [-48.061403, -15.91755], [-48.061412, -15.917522], [-48.061425, -15.917526], [-48.061434, -15.917499], [-48.061348, -15.917472], [-48.061347, -15.917472], [-48.061324, -15.917547], [-48.06132, -15.917558], [-48.06132, -15.917559]]]}, "properties": {}},
{"type": "Feature", "geometry": {"type": "Polygon", "coordinates": [[[-48.060601, -15.917504], [-48.060655, -15.91752], [-48.060664, -15.91749], [-48.060701, -15.917501], [-48.060715, -15.917457], [-48.060703, -15.917454], [-48.060709, -15.917434], [-48.060714, -15.917435], [-48.060731, -15.917381], [-48.060688, -15.917368], [-48.060649, -15.917356], [-48.060634, -15.917401], [-48.060607, -15.917485], [-48.060601, -15.917504]]]}, "properties": {}},
{"type": "Feature", "geometry": {"type": "Polygon", "coordinates": [[[-48.059671, -15.917162], [-48.059693, -15.917168], [-48.059698, -15.917152], [-48.05972, -15.917159], [-48.059713, -15.917182], [-48.059735, -15.917189], [-48.059766, -15.917088], [-48.059723, -15.917075], [-48.059678, -15.917061], [-48.059642, -15.917175], [-48.059664, -15.917183], [-48.059671, -15.917162]]]}, "properties": {}},
{"type": "Feature", "geometry": {"type": "Polygon", "coordinates": [[[-48.065112, -15.914122], [-48.065086, -15.914114], [-48.06508, -15.914135], [-48.065097, -15.91414], [-48.06514, -15.914154], [-48.065169, -15.914163], [-48.06517, -15.91416], [-48.065218, -15.914012], [-48.065129, -15.913985], [-48.065119, -15.914015], [-48.065118, -15.914019], [-48.065102, -15.914067], [-48.065128, -15.914075], [-48.065112, -15.914122]]]}, "properties": {}},
{"type": "Feature", "geometry": {"type": "Polygon", "coordinates": [[[-48.06066, -15.913865], [-48.060661, -15.913863], [-48.060666, -15.913848], [-48.060672, -15.91385], [-48.060678, -15.913832], [-48.060682, -15.913833], [-48.060704, -15.913766], [-48.060711, -15.913768], [-48.060726, -15.913723], [-48.060659, -15.913702], [-48.060658, -15.913705], [-48.060655, -15.913713], [-48.060643, -15.91375], [-48.060614, -15.913841], [-48.060611, -15.91385], [-48.06065, -15.913862], [-48.060655, -15.913864], [-48.06066, -15.913865]]]}, "properties": {}},
{"type": "Feature", "geometry": {"type": "Polygon", "coordinates": [[[-48.064086, -15.917523], [-48.064085, -15.917526], [-48.06407, -15.917572], [-48.064101, -15.917581], [-48.064098, -15.91759], [-48.064098, -15.917591], [-48.064182, -15.917617], [-48.064185, -15.917617], [-48.064207, -15.917548], [-48.064182, -15.917541], [-48.064181, -15.917542], [-48.064179, -15.917541], [-48.064176, -15.91755], [-48.064086, -15.917523]]]}, "properties": {}},
{"type": "Feature", "geometry": {"type": "Polygon", "coordinates": [[[-48.059088, -15.919031], [-48.059116, -15.918945], [-48.059022, -15.918916], [-48.059015, -15.918938], [-48.058978, -15.918927], [-48.058957, -15.918992], [-48.059088, -15.919031]]]}, "properties": {}},
{"type": "Feature", "geometry": {"type": "Polygon", "coordinates": [[[-48.054235, -15.91674], [-48.054231, -15.916753], [-48.054263, -15.916762], [-48.054301, -15.916644], [-48.054275, -15.916636], [-48.054258, -15.916631], [-48.054262, -15.916621], [-48.054263, -15.916618], [-48.054214, -15.916604], [-48.054213, -15.916607], [-48.054212, -15.916609], [-48.054186, -15.916689], [-48.054186, -15.91669], [-48.054176, -15.916722], [-48.054177, -15.916722], [-48.054235, -15.91674]]]}, "properties": {}},
{"type": "Feature", "geometry": {"type": "Polygon", "coordinates": [[[-48.062234, -15.915785], [-48.062257, -15.915712], [-48.06223, -15.915704], [-48.0622, -15.915695], [-48.062171, -15.915686], [-48.062153, -15.915742], [-48.062149, -15.915753], [-48.062129, -15.915816], [-48.062216, -15.915842], [-48.062234, -15.915785]]]}, "properties": {}},
{"type": "Feature", "geometry": {"type": "Polygon", "coordinates": [[[-48.064752, -15.914442], [-48.06478, -15.91445], [-48.06478, -15.914449], [-48.064794, -15.914407], [-48.064798, -15.914395], [-48.064824, -15.914318], [-48.064735, -15.914291], [-48.064712, -15.914364], [-48.0647, -15.914406], [-48.064758, -15.914423], [-48.064752, -15.914442]]]}, "properties": {}},
{"type": "Feature", "geometry": {"type": "Polygon", "coordinates": [[[-48.057977, -15.918175], [-48.058008, -15.918082], [-48.058061, -15.918098], [-48.058073, -15.918061], [-48.058029, -15.918048], [-48.058013, -15.918043], [-48.057986, -15.918035], [-48.057944, -15.918164], [-48.057977, -15.918175]]]}, "properties": {}},
{"type": "Feature", "geometry": {"type": "Polygon", "coordinates": [[[-48.062684, -15.916406], [-48.062738, -15.916422], [-48.062741, -15.916412], [-48.062728, -15.916407], [-48.062731, -15.916399], [-48.062719, -15.916395], [-48.062729, -15.916366], [-48.062734, -15.916368], [-48.06273, -15.916379], [-48.062733, -15.91638], [-48.062728, -15.916395], [-48.062755, -15.916404], [-48.062758, -15.916396], [-48.062761, -15.916397], [-48.062764, -15.916388], [-48.062767, -15.916389], [-48.062772, -15.916372], [-48.062713, -15.916353], [-48.062716, -15.916344], [-48.062706, -15.91634], [-48.062684, -15.916406]]]}, "properties": {}},
{"type": "Feature", "geometry": {"type": "Polygon", "coordinates": [[[-48.063546, -15.918184], [-48.063574, -15.918098], [-48.063558, -15.918093], [-48.063425, -15.918052], [-48.063397, -15.918138], [-48.063443, -15.918152], [-48.063497, -15.918168], [-48.06353, -15.918178], [-48.06353, -15.918179], [-48.063546, -15.918184]]]}, "properties": {}},
{"type": "Feature", "geometry": {"type": "Polygon", "coordinates": [[[-48.060168, -15.915543], [-48.060177, -15.915538], [-48.060179, -15.915542], [-48.060238, -15.915513], [-48.060236, -15.915509], [-48.060217, -15.915474], [-48.060194, -15.915429], [-48.060127, -15.915461], [-48.060125, -15.915462], [-48.060168, -15.915543]]]}, "properties": {}},
{"type": "Feature", "geometry": {"type": "Polygon", "coordinates": [[[-48.064402, -15.914745], [-48.064398, -15.914758], [-48.064487, -15.914785], [-48.064513, -15.914701], [-48.064528, -15.914656], [-48.06444, -15.914629], [-48.064433, -15.914651], [-48.064411, -15.914716], [-48.064402, -15.914745]]]}, "properties": {}},
{"type": "Feature", "geometry": {"type": "Polygon", "coordinates": [[[-48.055643, -15.915999], [-48.055745, -15.91603], [-48.055766, -15.916037], [-48.055788, -15.915972], [-48.055746, -15.915959], [-48.055742, -15.91597], [-48.055706, -15.915958], [-48.055709, -15.915948], [-48.055635, -15.915925], [-48.055632, -15.915924], [-48.055611, -15.915989], [-48.055614, -15.91599], [-48.055643, -15.915999]]]}, "properties": {}},
{"type": "Feature", "geometry": {"type": "Polygon", "coordinates": [[[-48.062931, -15.915557], [-48.062914, -15.915608], [-48.06303, -15.915645], [-48.063047, -15.915592], [-48.062903, -15.915547], [-48.062903, -15.915548], [-48.06292, -15.915553], [-48.062931, -15.915557]]]}, "properties": {}},
{"type": "Feature", "geometry": {"type": "Polygon", "coordinates": [[[-48.057999, -15.91662], [-48.058004, -15.916608], [-48.058028, -15.916534], [-48.057961, -15.916513], [-48.057933, -15.9166], [-48.057971, -15.916612], [-48.057999, -15.91662]]]}, "properties": {}},
{"type": "Feature", "geometry": {"type": "Polygon", "coordinates": [[[-48.058574, -15.916366], [-48.058575, -15.916363], [-48.058485, -15.916336], [-48.058471, -15.916383], [-48.058559, -15.91641], [-48.058574, -15.916366]]]}, "properties": {}},
{"type": "Feature", "geometry": {"type": "Polygon", "coordinates": [[[-48.06134, -15.916288], [-48.061293, -15.916274], [-48.06128, -15.916317], [-48.061267, -15.916359], [-48.061312, -15.916372], [-48.061313, -15.916373], [-48.061335, -15.916304], [-48.06134, -15.916288]]]}, "properties": {}},
{"type": "Feature", "geometry": {"type": "Polygon", "coordinates": [[[-48.055519, -15.916409], [-48.055526, -15.916388], [-48.055638, -15.916423], [-48.055655, -15.916371], [-48.055659, -15.91636], [-48.055571, -15.916333], [-48.055568, -15.916341], [-48.055545, -15.916334], [-48.055548, -15.916325], [-48.055509, -15.916313], [-48.055506, -15.916312], [-48.055478, -15.916397], [-48.055481, -15.916398], [-48.055519, -15.916409]]]}, "properties": {}},
{"type": "Feature", "geometry": {"type": "Polygon", "coordinates": [[[-48.055548, -15.916325], [-48.055571, -15.916333], [-48.055659, -15.91636], [-48.055659, -15.916359], [-48.055679, -15.916299], [-48.055659, -15.916293], [-48.05565, -15.916322], [-48.055631, -15.916316], [-48.055638, -15.916295], [-48.055563, -15.916271], [-48.055567, -15.91626], [-48.05553, -15.916248], [-48.055527, -15.916247], [-48.055506, -15.916312], [-48.055509, -15.916313], [-48.055548, -15.916325]]]}, "properties": {}},
{"type": "Feature", "geometry": {"type": "Polygon", "coordinates": [[[-48.059973, -15.916299], [-48.059979, -15.9163], [-48.059988, -15.91627], [-48.060028, -15.916282], [-48.060042, -15.916238], [-48.060059, -15.916182], [-48.060061, -15.916178], [-48.059973, -15.916152], [-48.059929, -15.916285], [-48.059973, -15.916299]]]}, "properties": {}},
{"type": "Feature", "geometry": {"type": "Polygon", "coordinates": [[[-48.064717, -15.916151], [-48.064695, -15.916209], [-48.064671, -15.916201], [-48.064671, -15.916202], [-48.064662, -15.91623], [-48.064731, -15.91625], [-48.064766, -15.916139], [-48.064781, -15.916094], [-48.064755, -15.916086], [-48.064749, -15.916105], [-48.064736, -15.916101], [-48.064742, -15.916082], [-48.064713, -15.916073], [-48.064693, -15.916135], [-48.064691, -15.916142], [-48.064717, -15.916151]]]}, "properties": {}},
{"type": "Feature", "geometry": {"type": "Polygon", "coordinates": [[[-48.057594, -15.916068], [-48.057634, -15.916081], [-48.05764, -15.916083], [-48.057656, -15.916088], [-48.057659, -15.916078], [-48.057722, -15.916098], [-48.057747, -15.91602], [-48.057623, -15.915982], [-48.057598, -15.915975], [-48.057593, -15.915973], [-48.057565, -15.916059], [-48.057571, -15.916061], [-48.057594, -15.916068]]]}, "properties": {}},
{"type": "Feature", "geometry": {"type": "Polygon", "coordinates": [[[-48.057256, -15.916037], [-48.057198, -15.916019], [-48.057199, -15.916016], [-48.057264, -15.916036], [-48.05725, -15.916079], [-48.057292, -15.916092], [-48.057293, -15.916092], [-48.057321, -15.916005], [-48.057292, -15.915996], [-48.057279, -15.915993], [-48.057263, -15.915988], [-48.057252, -15.915984], [-48.0572, -15.915969], [-48.057184, -15.915964], [-48.057155, -15.91605], [-48.057243, -15.916077], [-48.057256, -15.916037]]]}, "properties": {}},
{"type": "Feature", "geometry": {"type": "Polygon", "coordinates": [[[-48.055367, -15.915914], [-48.055352, -15.915909], [-48.055323, -15.9159], [-48.055296, -15.915892], [-48.055268, -15.915978], [-48.05534, -15.915999], [-48.055367, -15.915914]]]}, "properties": {}},
{"type": "Feature", "geometry": {"type": "Polygon", "coordinates": [[[-48.057957, -15.915847], [-48.057867, -15.915819], [-48.057831, -15.915933], [-48.05792, -15.91596], [-48.057957, -15.915847]]]}, "properties": {}},
{"type": "Feature", "geometry": {"type": "Polygon", "coordinates": [[[-48.060549, -15.915857], [-48.060568, -15.915799], [-48.060577, -15.915771], [-48.060576, -15.915771], [-48.060465, -15.915737], [-48.060437, -15.915823], [-48.060476, -15.915835], [-48.060549, -15.915857]]]}, "properties": {}},
{"type": "Feature", "geometry": {"type": "Polygon", "coordinates": [[[-48.063915, -15.915488], [-48.063938, -15.915494], [-48.063943, -15.915478], [-48.063975, -15.915488], [-48.063997, -15.915423], [-48.063939, -15.915407], [-48.06394, -15.915403], [-48.063864, -15.915382], [-48.063837, -15.915472], [-48.063913, -15.915495], [-48.063915, -15.915488]]]}, "properties": {}},
{"type": "Feature", "geometry": {"type": "Polygon", "coordinates": [[[-48.057704, -15.91538], [-48.05771, -15.915381], [-48.057803, -15.915409], [-48.057825, -15.915346], [-48.057748, -15.915322], [-48.057657, -15.915293], [-48.057647, -15.915324], [-48.057717, -15.915344], [-48.057704, -15.91538]]]}, "properties": {}},
{"type": "Feature", "geometry": {"type": "Polygon", "coordinates": [[[-48.057785, -15.915181], [-48.057789, -15.915183], [-48.057857, -15.915203], [-48.057872, -15.915208], [-48.057874, -15.915204], [-48.057898, -15.915135], [-48.057896, -15.915134], [-48.05781, -15.915109], [-48.057727, -15.915088], [-48.057715, -15.915122], [-48.057797, -15.915147], [-48.057785, -15.915181]]]}, "properties": {}},
{"type": "Feature", "geometry": {"type": "Polygon", "coordinates": [[[-48.064269, -15.914549], [-48.064233, -15.914538], [-48.064245, -15.9145], [-48.064223, -15.914494], [-48.064193, -15.914485], [-48.064172, -15.914547], [-48.064262, -15.914574], [-48.064269, -15.914549]]]}, "properties": {}},
{"type": "Feature", "geometry": {"type": "Polygon", "coordinates": [[[-48.062542, -15.914491], [-48.062523, -15.914485], [-48.062537, -15.914442], [-48.062579, -15.914455], [-48.062566, -15.914496], [-48.062599, -15.914507], [-48.062636, -15.914393], [-48.062565, -15.914371], [-48.062554, -15.914368], [-48.062504, -15.914353], [-48.0625, -15.914364], [-48.062482, -15.914418], [-48.062454, -15.914505], [-48.062454, -15.914506], [-48.0625, -15.914518], [-48.06253, -15.914527], [-48.062531, -15.914526], [-48.062542, -15.914491]]]}, "properties": {}},
{"type": "Feature", "geometry": {"type": "Polygon", "coordinates": [[[-48.054334, -15.914142], [-48.054242, -15.914114], [-48.054245, -15.914104], [-48.054236, -15.914101], [-48.054232, -15.91411], [-48.0542, -15.914101], [-48.054189, -15.914137], [-48.054322, -15.914177], [-48.054334, -15.914142]]]}, "properties": {}},
{"type": "Feature", "geometry": {"type": "Polygon", "coordinates": [[[-48.054689, -15.913766], [-48.054622, -15.913746], [-48.054602, -15.913739], [-48.054559, -15.913876], [-48.054647, -15.913903], [-48.054689, -15.913766]]]}, "properties": {}},
{"type": "Feature", "geometry": {"type": "Polygon", "coordinates": [[[-48.054626, -15.91835], [-48.054631, -15.918337], [-48.054643, -15.918297], [-48.054553, -15.91827], [-48.054527, -15.918353], [-48.054617, -15.918381], [-48.054626, -15.91835]]]}, "properties": {}},
{"type": "Feature", "geometry": {"type": "Polygon", "coordinates": [[[-48.054566, -15.917848], [-48.054584, -15.917792], [-48.054607, -15.917719], [-48.054608, -15.917718], [-48.054614, -15.9177], [-48.054523, -15.917672], [-48.054517, -15.917692], [-48.054476, -15.91782], [-48.054566, -15.917848]], [[-48.054532, -15.91778], [-48.054556, -15.917706], [-48.054569, -15.91771], [-48.054546, -15.917784], [-48.054532, -15.91778]]]}, "properties": {}},
{"type": "Feature", "geometry": {"type": "Polygon", "coordinates": [[[-48.059805, -15.916786], [-48.059815, -15.916789], [-48.059834, -15.91673], [-48.059768, -15.91671], [-48.059727, -15.916698], [-48.059719, -15.916723], [-48.059694, -15.916715], [-48.059702, -15.916691], [-48.059701, -15.91669], [-48.059672, -15.916682], [-48.059644, -15.916768], [-48.059796, -15.916812], [-48.059805, -15.916786]]]}, "properties": {}},
{"type": "Feature", "geometry": {"type": "Polygon", "coordinates": [[[-48.057985, -15.916804], [-48.057988, -15.916796], [-48.058005, -15.916801], [-48.05802, -15.916755], [-48.058024, -15.916756], [-48.058011, -15.916797], [-48.058039, -15.916806], [-48.058041, -15.916802], [-48.058076, -15.91669], [-48.057998, -15.916667], [-48.057985, -15.916663], [-48.057984, -15.916667], [-48.057972, -15.916706], [-48.057945, -15.916792], [-48.057985, -15.916804]]]}, "properties": {}},
{"type": "Feature", "geometry": {"type": "Polygon", "coordinates": [[[-48.062906, -15.918745], [-48.062908, -15.918738], [-48.062902, -15.918736], [-48.062911, -15.918708], [-48.062879, -15.918698], [-48.062877, -15.918704], [-48.062808, -15.918683], [-48.062812, -15.918671], [-48.062785, -15.918662], [-48.062772, -15.918704], [-48.062894, -15.918742], [-48.062906, -15.918745]]]}, "properties": {}},
{"type": "Feature", "geometry": {"type": "Polygon", "coordinates": [[[-48.05818, -15.919095], [-48.058267, -15.919121], [-48.058322, -15.918961], [-48.058298, -15.918953], [-48.05825, -15.918939], [-48.058243, -15.918937], [-48.058232, -15.918934], [-48.058219, -15.918975], [-48.058211, -15.919], [-48.05818, -15.919095]]]}, "properties": {}},
{"type": "Feature", "geometry": {"type": "Polygon", "coordinates": [[[-48.059378, -15.918647], [-48.059379, -15.918648], [-48.059387, -15.91865], [-48.059415, -15.918564], [-48.059389, -15.918556], [-48.059359, -15.918547], [-48.059257, -15.918515], [-48.059255, -15.918515], [-48.059228, -15.9186], [-48.059229, -15.918601], [-48.059378, -15.918647]]]}, "properties": {}},
{"type": "Feature", "geometry": {"type": "Polygon", "coordinates": [[[-48.061066, -15.918495], [-48.061076, -15.918464], [-48.061082, -15.918466], [-48.061099, -15.918411], [-48.061046, -15.918395], [-48.061045, -15.918395], [-48.061022, -15.918467], [-48.061018, -15.91848], [-48.061066, -15.918495]]]}, "properties": {}},
{"type": "Feature", "geometry": {"type": "Polygon", "coordinates": [[[-48.064251, -15.918368], [-48.06434, -15.918394], [-48.06434, -15.918395], [-48.064356, -15.918399], [-48.064367, -15.918367], [-48.064349, -15.918361], [-48.064355, -15.918344], [-48.064373, -15.918349], [-48.064384, -15.918315], [-48.064367, -15.91831], [-48.064259, -15.918277], [-48.064234, -15.918269], [-48.064206, -15.918354], [-48.064221, -15.918359], [-48.064251, -15.918368]], [[-48.064302, -15.91831], [-48.064298, -15.918323], [-48.064287, -15.918319], [-48.064291, -15.918307], [-48.064302, -15.91831]]]}, "properties": {}},
{"type": "Feature", "geometry": {"type": "Polygon", "coordinates": [[[-48.065042, -15.918178], [-48.065048, -15.91818], [-48.065025, -15.91825], [-48.065028, -15.918251], [-48.06502, -15.918275], [-48.06506, -15.918287], [-48.065061, -15.918287], [-48.065069, -15.918263], [-48.06507, -15.918264], [-48.065072, -15.918259], [-48.065111, -15.918136], [-48.06509, -15.91813], [-48.065064, -15.918122], [-48.065048, -15.918117], [-48.065024, -15.91811], [-48.064984, -15.918237], [-48.065019, -15.918248], [-48.065042, -15.918178]]]}, "properties": {}},
{"type": "Feature", "geometry": {"type": "Polygon", "coordinates": [[[-48.061374, -15.918144], [-48.061382, -15.918119], [-48.06141, -15.918032], [-48.061321, -15.918005], [-48.061278, -15.918137], [-48.061368, -15.918163], [-48.061374, -15.918144]]]}, "properties": {}},
{"type": "Feature", "geometry": {"type": "Polygon", "coordinates": [[[-48.063377, -15.918038], [-48.063379, -15.918038], [-48.063425, -15.918052], [-48.063453, -15.917964], [-48.063413, -15.917952], [-48.063404, -15.91798], [-48.063396, -15.917978], [-48.063377, -15.918038]]]}, "properties": {}},
{"type": "Feature", "geometry": {"type": "Polygon", "coordinates": [[[-48.058577, -15.918168], [-48.058621, -15.918038], [-48.058538, -15.918013], [-48.058531, -15.918011], [-48.058529, -15.91801], [-48.058503, -15.918091], [-48.058487, -15.91814], [-48.058577, -15.918168]]]}, "properties": {}},
{"type": "Feature", "geometry": {"type": "Polygon", "coordinates": [[[-48.061111, -15.918048], [-48.061199, -15.918074], [-48.061231, -15.917973], [-48.061142, -15.917949], [-48.061138, -15.917963], [-48.061135, -15.91797], [-48.061111, -15.918048]]]}, "properties": {}},
{"type": "Feature", "geometry": {"type": "Polygon", "coordinates": [[[-48.061416, -15.918014], [-48.061503, -15.918041], [-48.061516, -15.917996], [-48.061543, -15.917912], [-48.061547, -15.917897], [-48.061486, -15.917879], [-48.061481, -15.917896], [-48.061456, -15.917889], [-48.061416, -15.918014]]]}, "properties": {}},
{"type": "Feature", "geometry": {"type": "Polygon", "coordinates": [[[-48.061816, -15.919077], [-48.061838, -15.919084], [-48.06186, -15.919016], [-48.061821, -15.919004], [-48.061801, -15.919063], [-48.061819, -15.919068], [-48.061816, -15.919077]]]}, "properties": {}},
{"type": "Feature", "geometry": {"type": "Polygon", "coordinates": [[[-48.063035, -15.917837], [-48.063052, -15.917842], [-48.06308, -15.917757], [-48.063082, -15.91775], [-48.063046, -15.917739], [-48.063018, -15.917823], [-48.063038, -15.917829], [-48.063035, -15.917837]]]}, "properties": {}},
{"type": "Feature", "geometry": {"type": "Polygon", "coordinates": [[[-48.064673, -15.917833], [-48.064761, -15.91786], [-48.064777, -15.917811], [-48.064731, -15.917796], [-48.064728, -15.917805], [-48.064715, -15.917801], [-48.064744, -15.917713], [-48.064687, -15.917694], [-48.064652, -15.917797], [-48.064682, -15.917807], [-48.064673, -15.917833]]]}, "properties": {}},
{"type": "Feature", "geometry": {"type": "Polygon", "coordinates": [[[-48.064771, -15.917371], [-48.064826, -15.917388], [-48.06483, -15.917377], [-48.064847, -15.917382], [-48.064845, -15.917386], [-48.064836, -15.917383], [-48.064834, -15.91739], [-48.064861, -15.917398], [-48.064879, -15.917342], [-48.064889, -15.917311], [-48.064861, -15.917303], [-48.064853, -15.917326], [-48.064791, -15.91731], [-48.064771, -15.917371]]]}, "properties": {}},
{"type": "Feature", "geometry": {"type": "Polygon", "coordinates": [[[-48.062389, -15.917215], [-48.062384, -15.917231], [-48.062415, -15.91724], [-48.06242, -15.917224], [-48.062431, -15.917188], [-48.062445, -15.917146], [-48.062421, -15.917139], [-48.062405, -15.917148], [-48.062386, -15.917214], [-48.062389, -15.917215]]]}, "properties": {}},
{"type": "Feature", "geometry": {"type": "Polygon", "coordinates": [[[-48.060596, -15.916913], [-48.060638, -15.916783], [-48.060597, -15.916771], [-48.060571, -15.916856], [-48.060578, -15.916858], [-48.060573, -15.916873], [-48.060542, -15.916863], [-48.060547, -15.916848], [-48.060554, -15.916851], [-48.060581, -15.916766], [-48.060549, -15.916756], [-48.060539, -15.916787], [-48.060507, -15.916886], [-48.060596, -15.916913]]]}, "properties": {}},
{"type": "Feature", "geometry": {"type": "Polygon", "coordinates": [[[-48.060008, -15.918648], [-48.060011, -15.918638], [-48.060023, -15.918641], [-48.060027, -15.91863], [-48.060043, -15.918634], [-48.060036, -15.918656], [-48.060066, -15.918666], [-48.060108, -15.918537], [-48.060074, -15.918526], [-48.06006, -15.918568], [-48.060036, -15.918561], [-48.060049, -15.918519], [-48.060019, -15.91851], [-48.060017, -15.918517], [-48.059978, -15.918639], [-48.060008, -15.918648]]]}, "properties": {}},
{"type": "Feature", "geometry": {"type": "Polygon", "coordinates": [[[-48.060934, -15.913866], [-48.060933, -15.913869], [-48.061003, -15.91389], [-48.061, -15.913898], [-48.061008, -15.913901], [-48.061049, -15.913913], [-48.061068, -15.913857], [-48.061071, -15.913847], [-48.061054, -15.913842], [-48.060987, -15.913822], [-48.060986, -15.913822], [-48.060928, -15.913804], [-48.06091, -15.913859], [-48.060934, -15.913866]]]}, "properties": {}},
{"type": "Feature", "geometry": {"type": "Polygon", "coordinates": [[[-48.060642, -15.913905], [-48.060644, -15.913899], [-48.060639, -15.913898], [-48.06065, -15.913862], [-48.060611, -15.91385], [-48.06059, -15.913918], [-48.060577, -15.913959], [-48.060569, -15.913981], [-48.060613, -15.913994], [-48.060629, -15.913945], [-48.060642, -15.913905]]]}, "properties": {}},
{"type": "Feature", "geometry": {"type": "Polygon", "coordinates": [[[-48.063003, -15.918448], [-48.062923, -15.918423], [-48.062927, -15.918412], [-48.06294, -15.918416], [-48.062941, -15.918413], [-48.063008, -15.918433], [-48.063018, -15.918402], [-48.062883, -15.918361], [-48.062855, -15.918447], [-48.06299, -15.918488], [-48.063003, -15.918448]]]}, "properties": {}},
{"type": "Feature", "geometry": {"type": "Polygon", "coordinates": [[[-48.060769, -15.918341], [-48.060776, -15.91832], [-48.060687, -15.918294], [-48.060649, -15.918416], [-48.060737, -15.918442], [-48.060769, -15.918341]]]}, "properties": {}},
{"type": "Feature", "geometry": {"type": "Polygon", "coordinates": [[[-48.064169, -15.918194], [-48.064199, -15.918203], [-48.064183, -15.918253], [-48.064234, -15.918269], [-48.064262, -15.918182], [-48.064212, -15.918167], [-48.064186, -15.91816], [-48.064186, -15.918162], [-48.06418, -15.91816], [-48.064169, -15.918194]]]}, "properties": {}},
{"type": "Feature", "geometry": {"type": "Polygon", "coordinates": [[[-48.056593, -15.918856], [-48.056583, -15.918886], [-48.056671, -15.918913], [-48.056677, -15.918896], [-48.056685, -15.91887], [-48.056597, -15.918844], [-48.056593, -15.918856]]]}, "properties": {}},
{"type": "Feature", "geometry": {"type": "Polygon", "coordinates": [[[-48.064874, -15.916597], [-48.064865, -15.916625], [-48.064889, -15.916632], [-48.06489, -15.916629], [-48.064899, -15.916632], [-48.064903, -15.91662], [-48.064948, -15.916633], [-48.064948, -15.916635], [-48.064958, -15.916638], [-48.064977, -15.91658], [-48.064953, -15.916573], [-48.064888, -15.916554], [-48.064887, -15.916557], [-48.064884, -15.916567], [-48.064874, -15.916597]]]}, "properties": {}},
{"type": "Feature", "geometry": {"type": "Polygon", "coordinates": [[[-48.065085, -15.916547], [-48.065071, -15.916588], [-48.065065, -15.916607], [-48.065103, -15.916618], [-48.065106, -15.916609], [-48.065115, -15.916612], [-48.065112, -15.916621], [-48.065154, -15.916634], [-48.065168, -15.916592], [-48.06517, -15.916585], [-48.065186, -15.916536], [-48.065173, -15.916532], [-48.06517, -15.916527], [-48.065178, -15.916504], [-48.065152, -15.916496], [-48.06516, -15.916471], [-48.06516, -15.91647], [-48.065161, -15.916468], [-48.065115, -15.916454], [-48.065114, -15.916457], [-48.065108, -15.916474], [-48.065085, -15.916547]], [[-48.065087, -15.916554], [-48.065088, -15.916551], [-48.065093, -15.916552], [-48.065092, -15.916556], [-48.065087, -15.916554]]]}, "properties": {}},
{"type": "Feature", "geometry": {"type": "Polygon", "coordinates": [[[-48.055129, -15.916599], [-48.055146, -15.916604], [-48.055157, -15.916569], [-48.055141, -15.916564], [-48.055153, -15.916524], [-48.05511, -15.916511], [-48.055114, -15.9165], [-48.055048, -15.91648], [-48.05502, -15.916566], [-48.055099, -15.91659], [-48.055129, -15.916599]]]}, "properties": {}},
{"type": "Feature", "geometry": {"type": "Polygon", "coordinates": [[[-48.059919, -15.916471], [-48.059947, -15.916385], [-48.059884, -15.916367], [-48.059861, -15.91636], [-48.059855, -15.916358], [-48.059828, -15.916445], [-48.059862, -15.916455], [-48.059919, -15.916471]]]}, "properties": {}},
{"type": "Feature", "geometry": {"type": "Polygon", "coordinates": [[[-48.054553, -15.916339], [-48.054568, -15.916344], [-48.054566, -15.91635], [-48.054522, -15.916336], [-48.054527, -15.916319], [-48.054505, -15.916313], [-48.054483, -15.916381], [-48.054477, -15.916401], [-48.054566, -15.916428], [-48.054594, -15.91634], [-48.054605, -15.916308], [-48.054592, -15.916305], [-48.054595, -15.916295], [-48.054572, -15.916288], [-48.054569, -15.916298], [-48.054567, -15.916298], [-48.054553, -15.916339]]]}, "properties": {}},
{"type": "Feature", "geometry": {"type": "Polygon", "coordinates": [[[-48.058404, -15.916282], [-48.058384, -15.916342], [-48.058379, -15.916355], [-48.058381, -15.916356], [-48.058397, -15.916361], [-48.0584, -15.916349], [-48.058464, -15.916368], [-48.058491, -15.916286], [-48.0585, -15.916289], [-48.058511, -15.916252], [-48.058424, -15.916227], [-48.058423, -15.916226], [-48.058419, -15.916236], [-48.058405, -15.91628], [-48.058404, -15.916282]]]}, "properties": {}},
{"type": "Feature", "geometry": {"type": "Polygon", "coordinates": [[[-48.060978, -15.916178], [-48.061011, -15.916188], [-48.06104, -15.916103], [-48.060998, -15.91609], [-48.060952, -15.916076], [-48.060926, -15.916152], [-48.060981, -15.91617], [-48.060978, -15.916178]]]}, "properties": {}},
{"type": "Feature", "geometry": {"type": "Polygon", "coordinates": [[[-48.064222, -15.916031], [-48.064225, -15.916019], [-48.064253, -15.915934], [-48.064187, -15.915914], [-48.064162, -15.915991], [-48.064155, -15.916011], [-48.064222, -15.916031]]]}, "properties": {}},
{"type": "Feature", "geometry": {"type": "Polygon", "coordinates": [[[-48.060494, -15.916031], [-48.060521, -15.915944], [-48.060497, -15.915937], [-48.060494, -15.915945], [-48.060458, -15.915934], [-48.060461, -15.915926], [-48.060411, -15.915911], [-48.060382, -15.915997], [-48.060448, -15.916017], [-48.060494, -15.916031]]]}, "properties": {}},
{"type": "Feature", "geometry": {"type": "Polygon", "coordinates": [[[-48.057333, -15.916009], [-48.057434, -15.916039], [-48.05744, -15.916041], [-48.057468, -15.915953], [-48.057427, -15.915941], [-48.057419, -15.915968], [-48.057353, -15.915948], [-48.057333, -15.916009]]]}, "properties": {}},
{"type": "Feature", "geometry": {"type": "Polygon", "coordinates": [[[-48.058811, -15.916014], [-48.058814, -15.916002], [-48.058835, -15.916008], [-48.058844, -15.915979], [-48.058775, -15.915957], [-48.05877, -15.915971], [-48.058756, -15.915967], [-48.058776, -15.915907], [-48.058757, -15.915902], [-48.058764, -15.91588], [-48.058734, -15.91587], [-48.058727, -15.915893], [-48.058699, -15.915979], [-48.058752, -15.915995], [-48.058811, -15.916014]]]}, "properties": {}},
{"type": "Feature", "geometry": {"type": "Polygon", "coordinates": [[[-48.06495, -15.915786], [-48.064952, -15.915787], [-48.064945, -15.915808], [-48.065038, -15.915836], [-48.065066, -15.915752], [-48.065067, -15.915746], [-48.064993, -15.915724], [-48.064982, -15.915758], [-48.064961, -15.915751], [-48.06495, -15.915786]]]}, "properties": {}},
{"type": "Feature", "geometry": {"type": "Polygon", "coordinates": [[[-48.063588, -15.915813], [-48.063586, -15.915813], [-48.063584, -15.91582], [-48.063571, -15.915815], [-48.063554, -15.915867], [-48.063611, -15.915884], [-48.063651, -15.915762], [-48.063653, -15.915754], [-48.063587, -15.915734], [-48.063564, -15.915803], [-48.063589, -15.915811], [-48.063588, -15.915813]], [[-48.063562, -15.915849], [-48.063564, -15.915842], [-48.063567, -15.915843], [-48.063565, -15.915849], [-48.063562, -15.915849]]]}, "properties": {}},
{"type": "Feature", "geometry": {"type": "Polygon", "coordinates": [[[-48.058856, -15.915706], [-48.058842, -15.91575], [-48.058833, -15.915747], [-48.058822, -15.915782], [-48.058818, -15.915792], [-48.058817, -15.915797], [-48.058884, -15.915817], [-48.058885, -15.915817], [-48.058886, -15.915812], [-48.058908, -15.915744], [-48.058934, -15.915663], [-48.05894, -15.915645], [-48.058872, -15.915624], [-48.05887, -15.915631], [-48.058847, -15.915703], [-48.058856, -15.915706]]]}, "properties": {}},
{"type": "Feature", "geometry": {"type": "Polygon", "coordinates": [[[-48.057586, -15.915487], [-48.057666, -15.91551], [-48.0577, -15.91552], [-48.057759, -15.915538], [-48.057771, -15.915501], [-48.057773, -15.915497], [-48.057781, -15.915473], [-48.05772, -15.915455], [-48.057688, -15.915446], [-48.05767, -15.91544], [-48.057656, -15.915436], [-48.057613, -15.915423], [-48.057584, -15.915415], [-48.057563, -15.91548], [-48.057572, -15.915483], [-48.057586, -15.915487]]]}, "properties": {}},
{"type": "Feature", "geometry": {"type": "Polygon", "coordinates": [[[-48.055649, -15.915052], [-48.055676, -15.914966], [-48.055607, -15.914945], [-48.055595, -15.914981], [-48.055561, -15.914971], [-48.055573, -15.914934], [-48.055562, -15.914931], [-48.055545, -15.914926], [-48.055541, -15.914925], [-48.055513, -15.91501], [-48.055516, -15.915011], [-48.055649, -15.915052]]]}, "properties": {}},
{"type": "Feature", "geometry": {"type": "Polygon", "coordinates": [[[-48.056151, -15.915016], [-48.056239, -15.915043], [-48.05625, -15.91501], [-48.056218, -15.915], [-48.056231, -15.914961], [-48.056264, -15.914971], [-48.056282, -15.914917], [-48.056284, -15.914912], [-48.056196, -15.914883], [-48.056195, -15.914888], [-48.056192, -15.914887], [-48.056151, -15.915016]]]}, "properties": {}},
{"type": "Feature", "geometry": {"type": "Polygon", "coordinates": [[[-48.055595, -15.914828], [-48.055631, -15.914839], [-48.055663, -15.914746], [-48.055608, -15.914728], [-48.055571, -15.91484], [-48.055588, -15.914846], [-48.055595, -15.914828]]]}, "properties": {}},
{"type": "Feature", "geometry": {"type": "Polygon", "coordinates": [[[-48.062361, -15.914363], [-48.062353, -15.91436], [-48.062348, -15.914375], [-48.062369, -15.914382], [-48.062371, -15.914375], [-48.062365, -15.914373], [-48.062367, -15.914368], [-48.062385, -15.914373], [-48.062388, -15.914366], [-48.062422, -15.914376], [-48.062433, -15.914344], [-48.062463, -15.91425], [-48.062396, -15.914229], [-48.062383, -15.91427], [-48.06239, -15.914272], [-48.062361, -15.914363]]]}, "properties": {}},
{"type": "Feature", "geometry": {"type": "Polygon", "coordinates": [[[-48.054661, -15.914466], [-48.054674, -15.914423], [-48.054611, -15.914404], [-48.054625, -15.914361], [-48.054555, -15.91434], [-48.054528, -15.914425], [-48.05462, -15.914453], [-48.054661, -15.914466]]]}, "properties": {}},
{"type": "Feature", "geometry": {"type": "Polygon", "coordinates": [[[-48.062103, -15.914019], [-48.062179, -15.914042], [-48.062181, -15.914042], [-48.062202, -15.913978], [-48.0622, -15.913978], [-48.062185, -15.913973], [-48.062106, -15.913949], [-48.0621, -15.913948], [-48.062051, -15.913933], [-48.062049, -15.913938], [-48.06203, -15.913998], [-48.062103, -15.914019]]]}, "properties": {}},
{"type": "Feature", "geometry": {"type": "Polygon", "coordinates": [[[-48.058989, -15.916682], [-48.058939, -15.916667], [-48.05893, -15.916667], [-48.058906, -15.916741], [-48.058964, -15.916759], [-48.058989, -15.916682]]]}, "properties": {}},
{"type": "Feature", "geometry": {"type": "Polygon", "coordinates": [[[-48.058023, -15.918425], [-48.058052, -15.91834], [-48.057943, -15.918307], [-48.057915, -15.918392], [-48.058001, -15.918419], [-48.058023, -15.918425]]]}, "properties": {}},
{"type": "Feature", "geometry": {"type": "Polygon", "coordinates": [[[-48.054368, -15.917269], [-48.054477, -15.917302], [-48.054484, -15.917278], [-48.054472, -15.917274], [-48.054487, -15.917228], [-48.0545, -15.917232], [-48.054505, -15.917215], [-48.054386, -15.917178], [-48.05437, -15.917173], [-48.054358, -15.917211], [-48.054385, -15.917219], [-48.054368, -15.917269]]]}, "properties": {}},
{"type": "Feature", "geometry": {"type": "Polygon", "coordinates": [[[-48.054208, -15.916826], [-48.054268, -15.916844], [-48.054263, -15.916858], [-48.054272, -15.916861], [-48.054322, -15.916876], [-48.054346, -15.916883], [-48.054374, -15.916796], [-48.054351, -15.916789], [-48.054231, -15.916753], [-48.054217, -15.916748], [-48.054189, -15.916836], [-48.054203, -15.91684], [-48.054208, -15.916826]]]}, "properties": {}},
{"type": "Feature", "geometry": {"type": "Polygon", "coordinates": [[[-48.06334, -15.918013], [-48.063352, -15.918017], [-48.063353, -15.918016], [-48.063358, -15.918017], [-48.063357, -15.918019], [-48.063374, -15.918024], [-48.063378, -15.91801], [-48.063379, -15.918011], [-48.063388, -15.917984], [-48.063389, -15.917984], [-48.063401, -15.917949], [-48.063336, -15.917929], [-48.063319, -15.917925], [-48.063291, -15.918012], [-48.063336, -15.918025], [-48.06334, -15.918013]]]}, "properties": {}},
{"type": "Feature", "geometry": {"type": "Polygon", "coordinates": [[[-48.054416, -15.918855], [-48.054437, -15.918789], [-48.054423, -15.918784], [-48.054263, -15.918735], [-48.054242, -15.918802], [-48.054256, -15.918807], [-48.054416, -15.918855]]]}, "properties": {}},
{"type": "Feature", "geometry": {"type": "Polygon", "coordinates": [[[-48.057841, -15.918581], [-48.057845, -15.918569], [-48.057858, -15.918572], [-48.05786, -15.918566], [-48.057888, -15.918478], [-48.057894, -15.91846], [-48.057902, -15.918435], [-48.057813, -15.918408], [-48.057772, -15.918538], [-48.057765, -15.918559], [-48.057841, -15.918581]]]}, "properties": {}},
{"type": "Feature", "geometry": {"type": "Polygon", "coordinates": [[[-48.058113, -15.918238], [-48.058135, -15.91817], [-48.058137, -15.91817], [-48.058138, -15.918166], [-48.058097, -15.918154], [-48.058102, -15.91814], [-48.058052, -15.918124], [-48.058031, -15.918191], [-48.058024, -15.918211], [-48.058113, -15.918238]]]}, "properties": {}},
{"type": "Feature", "geometry": {"type": "Polygon", "coordinates": [[[-48.054163, -15.918069], [-48.054074, -15.918042], [-48.054071, -15.918041], [-48.05406, -15.918076], [-48.054064, -15.918077], [-48.054105, -15.91809], [-48.054132, -15.918098], [-48.054212, -15.918122], [-48.054241, -15.918034], [-48.054157, -15.918008], [-48.054152, -15.918021], [-48.054176, -15.918029], [-48.054163, -15.918069]]]}, "properties": {}},
{"type": "Feature", "geometry": {"type": "Polygon", "coordinates": [[[-48.057973, -15.917834], [-48.058045, -15.917856], [-48.058044, -15.91786], [-48.058065, -15.917866], [-48.058077, -15.917831], [-48.058058, -15.917825], [-48.058074, -15.917777], [-48.057973, -15.917747], [-48.057947, -15.917834], [-48.057971, -15.917841], [-48.057973, -15.917834]]]}, "properties": {}},
{"type": "Feature", "geometry": {"type": "Polygon", "coordinates": [[[-48.058074, -15.917777], [-48.058081, -15.917779], [-48.058112, -15.917789], [-48.05814, -15.917703], [-48.058076, -15.917683], [-48.058063, -15.91768], [-48.058015, -15.917665], [-48.057988, -15.917657], [-48.057959, -15.917743], [-48.057973, -15.917747], [-48.058074, -15.917777]]]}, "properties": {}},
{"type": "Feature", "geometry": {"type": "Polygon", "coordinates": [[[-48.054528, -15.917444], [-48.054483, -15.91743], [-48.054447, -15.917546], [-48.054535, -15.917573], [-48.054583, -15.917428], [-48.05455, -15.917418], [-48.054548, -15.917424], [-48.054535, -15.917421], [-48.054528, -15.917444]]]}, "properties": {}},
{"type": "Feature", "geometry": {"type": "Polygon", "coordinates": [[[-48.055169, -15.917488], [-48.05528, -15.917523], [-48.055302, -15.917457], [-48.055153, -15.917411], [-48.055148, -15.917409], [-48.055127, -15.917475], [-48.055131, -15.917477], [-48.055169, -15.917488]]]}, "properties": {}},
{"type": "Feature", "geometry": {"type": "Polygon", "coordinates": [[[-48.056993, -15.917118], [-48.057096, -15.917149], [-48.0571, -15.91715], [-48.057128, -15.917062], [-48.057124, -15.917061], [-48.057064, -15.917043], [-48.056994, -15.917023], [-48.056979, -15.917072], [-48.057005, -15.91708], [-48.056993, -15.917118]]]}, "properties": {}},
{"type": "Feature", "geometry": {"type": "Polygon", "coordinates": [[[-48.05887, -15.91693], [-48.058878, -15.916933], [-48.05901, -15.916972], [-48.059038, -15.916887], [-48.058999, -15.916876], [-48.058998, -15.916879], [-48.058922, -15.916857], [-48.058921, -15.91686], [-48.058905, -15.916855], [-48.058901, -15.91687], [-48.05889, -15.916867], [-48.05887, -15.91693]]]}, "properties": {}},
{"type": "Feature", "geometry": {"type": "Polygon", "coordinates": [[[-48.059013, -15.916822], [-48.058977, -15.916811], [-48.058982, -15.916796], [-48.058973, -15.916793], [-48.058979, -15.916775], [-48.05897, -15.916772], [-48.058889, -15.916747], [-48.05886, -15.916833], [-48.058996, -15.916875], [-48.059013, -15.916822]], [[-48.058957, -15.916805], [-48.058952, -15.91682], [-48.058944, -15.916818], [-48.058949, -15.916803], [-48.058957, -15.916805]]]}, "properties": {}},
{"type": "Feature", "geometry": {"type": "Polygon", "coordinates": [[[-48.060458, -15.917038], [-48.060547, -15.917065], [-48.060554, -15.917043], [-48.060596, -15.916913], [-48.060507, -15.916886], [-48.060481, -15.916966], [-48.060465, -15.917016], [-48.060458, -15.917038]]]}, "properties": {}},
{"type": "Feature", "geometry": {"type": "Polygon", "coordinates": [[[-48.061346, -15.919026], [-48.06129, -15.919009], [-48.061287, -15.919008], [-48.061262, -15.919086], [-48.06132, -15.919104], [-48.061346, -15.919026]]]}, "properties": {}},
{"type": "Feature", "geometry": {"type": "Polygon", "coordinates": [[[-48.058676, -15.918954], [-48.058507, -15.918902], [-48.058479, -15.918988], [-48.058648, -15.91904], [-48.058676, -15.918954]]]}, "properties": {}},
{"type": "Feature", "geometry": {"type": "Polygon", "coordinates": [[[-48.063134, -15.918533], [-48.063239, -15.918565], [-48.063257, -15.918512], [-48.063273, -15.918517], [-48.063285, -15.918481], [-48.063268, -15.918476], [-48.063265, -15.918485], [-48.063198, -15.918464], [-48.063185, -15.918503], [-48.063147, -15.918492], [-48.063134, -15.918533]]]}, "properties": {}},
{"type": "Feature", "geometry": {"type": "Polygon", "coordinates": [[[-48.0625, -15.918339], [-48.062589, -15.918366], [-48.06262, -15.918375], [-48.062638, -15.91832], [-48.062636, -15.918319], [-48.062629, -15.918317], [-48.062639, -15.918286], [-48.062634, -15.918284], [-48.062617, -15.918279], [-48.0625, -15.918243], [-48.062483, -15.918238], [-48.06248, -15.918245], [-48.062455, -15.918325], [-48.0625, -15.918339]], [[-48.06251, -15.918306], [-48.062506, -15.918318], [-48.062494, -15.918314], [-48.062506, -15.91828], [-48.062577, -15.918303], [-48.06257, -15.918325], [-48.06251, -15.918306]]]}, "properties": {}},
{"type": "Feature", "geometry": {"type": "Polygon", "coordinates": [[[-48.062095, -15.918311], [-48.062108, -15.918272], [-48.062141, -15.918282], [-48.062143, -15.918276], [-48.062147, -15.918277], [-48.062161, -15.918235], [-48.062055, -15.918203], [-48.062054, -15.918203], [-48.062052, -15.918211], [-48.062027, -15.918289], [-48.062095, -15.918311]]]}, "properties": {}},
{"type": "Feature", "geometry": {"type": "Polygon", "coordinates": [[[-48.059764, -15.918254], [-48.059776, -15.918217], [-48.059805, -15.918225], [-48.059801, -15.918238], [-48.059786, -15.918234], [-48.059772, -15.918276], [-48.059766, -15.918275], [-48.059761, -15.918289], [-48.059812, -15.918304], [-48.059853, -15.918174], [-48.059766, -15.918148], [-48.059764, -15.918147], [-48.059747, -15.918203], [-48.059733, -15.918245], [-48.059764, -15.918254]]]}, "properties": {}},
{"type": "Feature", "geometry": {"type": "Polygon", "coordinates": [[[-48.059396, -15.918082], [-48.059409, -15.91804], [-48.059423, -15.917995], [-48.059349, -15.917973], [-48.059291, -15.917956], [-48.059261, -15.918043], [-48.059386, -15.91808], [-48.059396, -15.918082]]]}, "properties": {}},
{"type": "Feature", "geometry": {"type": "Polygon", "coordinates": [[[-48.063269, -15.917624], [-48.063233, -15.917614], [-48.063206, -15.917699], [-48.063241, -15.91771], [-48.063269, -15.917624]]]}, "properties": {}},
{"type": "Feature", "geometry": {"type": "Polygon", "coordinates": [[[-48.059669, -15.91739], [-48.059647, -15.917384], [-48.059643, -15.917395], [-48.059577, -15.917375], [-48.059553, -15.917449], [-48.059641, -15.917476], [-48.059669, -15.91739]]]}, "properties": {}},
{"type": "Feature", "geometry": {"type": "Polygon", "coordinates": [[[-48.060983, -15.91741], [-48.060994, -15.917413], [-48.061003, -15.917386], [-48.061015, -15.91739], [-48.061006, -15.917417], [-48.061018, -15.91742], [-48.061046, -15.917429], [-48.061054, -15.917403], [-48.061095, -15.917415], [-48.061114, -15.917353], [-48.061023, -15.917326], [-48.06103, -15.917304], [-48.060966, -15.917286], [-48.06093, -15.917394], [-48.060979, -15.917408], [-48.060983, -15.91741]]]}, "properties": {}},
{"type": "Feature", "geometry": {"type": "Polygon", "coordinates": [[[-48.064194, -15.917195], [-48.064201, -15.917198], [-48.064232, -15.917207], [-48.064268, -15.917094], [-48.064186, -15.917069], [-48.064163, -15.917138], [-48.064149, -15.917182], [-48.064194, -15.917195]]]}, "properties": {}},
{"type": "Feature", "geometry": {"type": "Polygon", "coordinates": [[[-48.060241, -15.916851], [-48.060236, -15.91685], [-48.060208, -15.91694], [-48.060197, -15.916937], [-48.060189, -15.916964], [-48.060188, -15.916966], [-48.060277, -15.916993], [-48.060287, -15.916962], [-48.060329, -15.916832], [-48.060239, -15.916806], [-48.060228, -15.91684], [-48.060244, -15.916844], [-48.060241, -15.916851]]]}, "properties": {}},
{"type": "Feature", "geometry": {"type": "Polygon", "coordinates": [[[-48.06426, -15.917897], [-48.064346, -15.917924], [-48.064374, -15.917837], [-48.064305, -15.917816], [-48.064298, -15.917836], [-48.064281, -15.917831], [-48.06426, -15.917897]]]}, "properties": {}},
{"type": "Feature", "geometry": {"type": "Polygon", "coordinates": [[[-48.061613, -15.916797], [-48.061729, -15.916833], [-48.06178, -15.916675], [-48.061754, -15.916667], [-48.061692, -15.916648], [-48.061686, -15.916667], [-48.061684, -15.916675], [-48.061658, -15.916667], [-48.061656, -15.916666], [-48.061656, -15.916667], [-48.061646, -15.916698], [-48.061629, -15.91675], [-48.061613, -15.916797]]]}, "properties": {}},
{"type": "Feature", "geometry": {"type": "Polygon", "coordinates": [[[-48.062305, -15.917427], [-48.062291, -15.917469], [-48.062331, -15.917481], [-48.06238, -15.917497], [-48.062395, -15.91745], [-48.062403, -15.917424], [-48.062347, -15.917407], [-48.062339, -15.917432], [-48.062306, -15.917422], [-48.062305, -15.917427]]]}, "properties": {}},
{"type": "Feature", "geometry": {"type": "Polygon", "coordinates": [[[-48.055729, -15.916309], [-48.055681, -15.916294], [-48.055659, -15.916359], [-48.055659, -15.91636], [-48.055655, -15.916371], [-48.055655, -15.916372], [-48.055705, -15.916387], [-48.055729, -15.916309]]]}, "properties": {}},
{"type": "Feature", "geometry": {"type": "Polygon", "coordinates": [[[-48.060891, -15.916594], [-48.060839, -15.916578], [-48.060844, -15.916563], [-48.060812, -15.916553], [-48.060794, -15.916606], [-48.060776, -15.916661], [-48.060782, -15.916663], [-48.06086, -15.916687], [-48.060867, -15.916667], [-48.060891, -15.916594]]]}, "properties": {}},
{"type": "Feature", "geometry": {"type": "Polygon", "coordinates": [[[-48.063379, -15.914401], [-48.063382, -15.914393], [-48.063433, -15.914408], [-48.063443, -15.914379], [-48.063459, -15.914329], [-48.063459, -15.914328], [-48.063372, -15.914301], [-48.063371, -15.914302], [-48.063357, -15.914346], [-48.063328, -15.914431], [-48.063366, -15.914443], [-48.063379, -15.914401]]]}, "properties": {}},
{"type": "Feature", "geometry": {"type": "Polygon", "coordinates": [[[-48.060621, -15.917397], [-48.060634, -15.917401], [-48.060649, -15.917356], [-48.060627, -15.917349], [-48.060623, -15.917363], [-48.060555, -15.917343], [-48.060537, -15.917401], [-48.060613, -15.917423], [-48.060621, -15.917397]]]}, "properties": {}},
{"type": "Feature", "geometry": {"type": "Polygon", "coordinates": [[[-48.060924, -15.916508], [-48.060908, -15.916558], [-48.060904, -15.916567], [-48.0609, -15.91658], [-48.060989, -15.916607], [-48.060997, -15.916585], [-48.061014, -15.916532], [-48.061031, -15.916478], [-48.061035, -15.916464], [-48.061036, -15.916464], [-48.061036, -15.916461], [-48.060948, -15.916435], [-48.060943, -15.91645], [-48.060924, -15.916508]]]}, "properties": {}},
{"type": "Feature", "geometry": {"type": "Polygon", "coordinates": [[[-48.064116, -15.915509], [-48.064106, -15.915536], [-48.064102, -15.915552], [-48.064211, -15.915585], [-48.064224, -15.915542], [-48.064219, -15.91554], [-48.064214, -15.915539], [-48.064216, -15.915531], [-48.064198, -15.915526], [-48.064196, -15.915532], [-48.064165, -15.915523], [-48.064179, -15.915479], [-48.064149, -15.91547], [-48.064135, -15.915514], [-48.064116, -15.915509]]]}, "properties": {}},
{"type": "Feature", "geometry": {"type": "Polygon", "coordinates": [[[-48.054411, -15.916301], [-48.054427, -15.916251], [-48.054436, -15.916224], [-48.054347, -15.916197], [-48.054346, -15.916199], [-48.054342, -15.916212], [-48.054338, -15.916224], [-48.054299, -15.916346], [-48.0543, -15.916347], [-48.054379, -15.916371], [-48.054403, -15.916298], [-48.054411, -15.916301]]]}, "properties": {}},
{"type": "Feature", "geometry": {"type": "Polygon", "coordinates": [[[-48.056849, -15.917312], [-48.056852, -15.917303], [-48.056901, -15.917318], [-48.056939, -15.917197], [-48.056891, -15.917182], [-48.056848, -15.917312], [-48.056849, -15.917312]]]}, "properties": {}},
{"type": "Feature", "geometry": {"type": "Polygon", "coordinates": [[[-48.064237, -15.917329], [-48.064293, -15.917347], [-48.064312, -15.91729], [-48.064329, -15.917237], [-48.06429, -15.917225], [-48.064266, -15.917298], [-48.064249, -15.917293], [-48.064237, -15.917329]]]}, "properties": {}},
{"type": "Feature", "geometry": {"type": "Polygon", "coordinates": [[[-48.06085, -15.917338], [-48.060827, -15.91741], [-48.060916, -15.917437], [-48.06093, -15.917394], [-48.060966, -15.917286], [-48.060875, -15.91726], [-48.060869, -15.91728], [-48.060865, -15.917291], [-48.06085, -15.917338]]]}, "properties": {}},
{"type": "Feature", "geometry": {"type": "Polygon", "coordinates": [[[-48.06279, -15.916964], [-48.062752, -15.916953], [-48.06274, -15.916989], [-48.062818, -15.917013], [-48.062873, -15.91703], [-48.062878, -15.917016], [-48.062867, -15.917013], [-48.062878, -15.916979], [-48.062889, -15.916982], [-48.062901, -15.916946], [-48.062767, -15.916906], [-48.062759, -15.91693], [-48.062797, -15.916941], [-48.06279, -15.916964]]]}, "properties": {}},
{"type": "Feature", "geometry": {"type": "Polygon", "coordinates": [[[-48.060453, -15.91687], [-48.060478, -15.916877], [-48.060507, -15.916886], [-48.060539, -15.916787], [-48.06045, -15.916761], [-48.06044, -15.916792], [-48.060418, -15.916859], [-48.060453, -15.91687]]]}, "properties": {}},
{"type": "Feature", "geometry": {"type": "Polygon", "coordinates": [[[-48.064223, -15.914692], [-48.064262, -15.914574], [-48.064172, -15.914547], [-48.064137, -15.914656], [-48.064134, -15.914665], [-48.064223, -15.914692]]]}, "properties": {}},
{"type": "Feature", "geometry": {"type": "Polygon", "coordinates": [[[-48.055001, -15.916703], [-48.055009, -15.916677], [-48.055014, -15.916662], [-48.055046, -15.916671], [-48.055071, -15.916679], [-48.055074, -15.916667], [-48.055078, -15.916655], [-48.055079, -15.916651], [-48.055023, -15.916634], [-48.054991, -15.916624], [-48.054969, -15.916616], [-48.054965, -15.916615], [-48.054942, -15.916685], [-48.054968, -15.916693], [-48.055001, -15.916703]]]}, "properties": {}},
{"type": "Feature", "geometry": {"type": "Polygon", "coordinates": [[[-48.061958, -15.91664], [-48.062046, -15.916666], [-48.062053, -15.916645], [-48.062054, -15.916644], [-48.062045, -15.916642], [-48.062054, -15.916617], [-48.062062, -15.91662], [-48.062082, -15.916559], [-48.062092, -15.916526], [-48.062095, -15.916518], [-48.062006, -15.91649], [-48.061965, -15.916618], [-48.061963, -15.916623], [-48.061958, -15.91664]]]}, "properties": {}},
{"type": "Feature", "geometry": {"type": "Polygon", "coordinates": [[[-48.057657, -15.916407], [-48.057638, -15.916462], [-48.057746, -15.916495], [-48.057767, -15.916501], [-48.057794, -15.916416], [-48.057642, -15.91637], [-48.057641, -15.916371], [-48.057632, -15.916399], [-48.057657, -15.916407]]]}, "properties": {}},
{"type": "Feature", "geometry": {"type": "Polygon", "coordinates": [[[-48.063379, -15.916144], [-48.063386, -15.916167], [-48.06341, -15.916244], [-48.063411, -15.916248], [-48.063417, -15.916265], [-48.063476, -15.916243], [-48.063475, -15.916238], [-48.063463, -15.916194], [-48.063459, -15.916172], [-48.063453, -15.916173], [-48.063447, -15.916143], [-48.063454, -15.916142], [-48.063453, -15.916141], [-48.063454, -15.916136], [-48.063446, -15.916137], [-48.063442, -15.916106], [-48.063411, -15.916102], [-48.063414, -15.916093], [-48.063399, -15.916089], [-48.063391, -15.916116], [-48.063381, -15.916145], [-48.063379, -15.916144]]]}, "properties": {}},
{"type": "Feature", "geometry": {"type": "Polygon", "coordinates": [[[-48.059112, -15.916247], [-48.059114, -15.916241], [-48.05915, -15.916252], [-48.059163, -15.916209], [-48.059187, -15.916216], [-48.059192, -15.916199], [-48.059204, -15.916203], [-48.059211, -15.916182], [-48.059131, -15.916157], [-48.059129, -15.916157], [-48.059086, -15.916144], [-48.059085, -15.916144], [-48.059084, -15.916143], [-48.059056, -15.91623], [-48.059058, -15.91623], [-48.059112, -15.916247]]]}, "properties": {}},
{"type": "Feature", "geometry": {"type": "Polygon", "coordinates": [[[-48.065017, -15.916164], [-48.065047, -15.916173], [-48.06505, -15.916163], [-48.065083, -15.916064], [-48.065086, -15.916056], [-48.065066, -15.91605], [-48.065069, -15.916039], [-48.065089, -15.916045], [-48.065094, -15.916029], [-48.065026, -15.916009], [-48.065002, -15.916085], [-48.06498, -15.916153], [-48.065017, -15.916164]], [[-48.065017, -15.916147], [-48.065011, -15.916145], [-48.065024, -15.916105], [-48.065025, -15.916106], [-48.065028, -15.916112], [-48.065017, -15.916147]]]}, "properties": {}},
{"type": "Feature", "geometry": {"type": "Polygon", "coordinates": [[[-48.063247, -15.916105], [-48.063314, -15.916125], [-48.063338, -15.916051], [-48.063326, -15.916048], [-48.06333, -15.916035], [-48.063335, -15.916036], [-48.063358, -15.915963], [-48.063366, -15.915965], [-48.063377, -15.91593], [-48.063378, -15.915928], [-48.063311, -15.915908], [-48.063304, -15.915932], [-48.063274, -15.916021], [-48.063247, -15.916105]]]}, "properties": {}},
{"type": "Feature", "geometry": {"type": "Polygon", "coordinates": [[[-48.060167, -15.915953], [-48.060154, -15.915949], [-48.060144, -15.915984], [-48.060121, -15.916059], [-48.060113, -15.916084], [-48.060112, -15.916087], [-48.060178, -15.916106], [-48.06023, -15.91595], [-48.060195, -15.915939], [-48.060183, -15.915974], [-48.060162, -15.915968], [-48.060167, -15.915953]]]}, "properties": {}},
{"type": "Feature", "geometry": {"type": "Polygon", "coordinates": [[[-48.057623, -15.915982], [-48.057747, -15.91602], [-48.057754, -15.916022], [-48.057755, -15.916023], [-48.057758, -15.916015], [-48.057782, -15.915937], [-48.057742, -15.915925], [-48.05773, -15.91596], [-48.057639, -15.915932], [-48.057623, -15.915982]]]}, "properties": {}},
{"type": "Feature", "geometry": {"type": "Polygon", "coordinates": [[[-48.061456, -15.915896], [-48.061472, -15.915901], [-48.061487, -15.915856], [-48.061479, -15.915854], [-48.061487, -15.91583], [-48.061472, -15.915826], [-48.061475, -15.915815], [-48.061446, -15.915806], [-48.061435, -15.915841], [-48.06142, -15.915885], [-48.061456, -15.915896]]]}, "properties": {}},
{"type": "Feature", "geometry": {"type": "Polygon", "coordinates": [[[-48.058595, -15.915995], [-48.058607, -15.91596], [-48.058572, -15.915949], [-48.058575, -15.91594], [-48.05861, -15.91595], [-48.058631, -15.915885], [-48.058636, -15.915872], [-48.058601, -15.915861], [-48.058594, -15.915884], [-48.058574, -15.915877], [-48.058583, -15.915849], [-48.058548, -15.915838], [-48.058506, -15.915968], [-48.058563, -15.915986], [-48.058595, -15.915995]]]}, "properties": {}},
{"type": "Feature", "geometry": {"type": "Polygon", "coordinates": [[[-48.06385, -15.915807], [-48.063868, -15.915749], [-48.063873, -15.91575], [-48.063879, -15.91573], [-48.063815, -15.91571], [-48.063789, -15.915788], [-48.06385, -15.915807]]]}, "properties": {}},
{"type": "Feature", "geometry": {"type": "Polygon", "coordinates": [[[-48.063452, -15.915772], [-48.063434, -15.915829], [-48.063478, -15.915842], [-48.063493, -15.915795], [-48.0635, -15.915776], [-48.063501, -15.915772], [-48.06352, -15.915714], [-48.063492, -15.915705], [-48.063481, -15.915702], [-48.063453, -15.915694], [-48.063438, -15.915742], [-48.063431, -15.915766], [-48.063452, -15.915772]]]}, "properties": {}},
{"type": "Feature", "geometry": {"type": "Polygon", "coordinates": [[[-48.063428, -15.915749], [-48.063432, -15.915751], [-48.063435, -15.915741], [-48.063438, -15.915742], [-48.063453, -15.915694], [-48.063385, -15.915673], [-48.063352, -15.915778], [-48.063414, -15.915796], [-48.063428, -15.915749]]]}, "properties": {}},
{"type": "Feature", "geometry": {"type": "Polygon", "coordinates": [[[-48.064749, -15.915811], [-48.064748, -15.915814], [-48.064805, -15.915832], [-48.064806, -15.915828], [-48.064825, -15.915775], [-48.064865, -15.915787], [-48.064848, -15.915841], [-48.064847, -15.915843], [-48.064886, -15.915855], [-48.064886, -15.915853], [-48.064905, -15.915796], [-48.064944, -15.915682], [-48.064808, -15.915639], [-48.064806, -15.915645], [-48.06475, -15.91581], [-48.064749, -15.915811]]]}, "properties": {}},
{"type": "Feature", "geometry": {"type": "Polygon", "coordinates": [[[-48.059583, -15.915754], [-48.05969, -15.915786], [-48.059706, -15.915738], [-48.059715, -15.91574], [-48.05972, -15.915725], [-48.059581, -15.915684], [-48.059562, -15.915747], [-48.059564, -15.915748], [-48.059583, -15.915754]]]}, "properties": {}},
{"type": "Feature", "geometry": {"type": "Polygon", "coordinates": [[[-48.058214, -15.91562], [-48.058212, -15.915625], [-48.058279, -15.915643], [-48.058288, -15.915617], [-48.058332, -15.91548], [-48.058337, -15.915462], [-48.058338, -15.915461], [-48.05827, -15.915441], [-48.058214, -15.91562]]]}, "properties": {}},
{"type": "Feature", "geometry": {"type": "Polygon", "coordinates": [[[-48.061022, -15.915435], [-48.061025, -15.915425], [-48.061088, -15.915445], [-48.061085, -15.915453], [-48.061114, -15.915461], [-48.061126, -15.915426], [-48.061128, -15.915421], [-48.061103, -15.915413], [-48.061118, -15.915369], [-48.061099, -15.915363], [-48.061009, -15.915335], [-48.060995, -15.915331], [-48.060993, -15.91533], [-48.060964, -15.915418], [-48.060967, -15.915419], [-48.061022, -15.915435]]]}, "properties": {}},
{"type": "Feature", "geometry": {"type": "Polygon", "coordinates": [[[-48.060581, -15.915132], [-48.060586, -15.915142], [-48.06062, -15.915204], [-48.060625, -15.915213], [-48.060748, -15.915151], [-48.060722, -15.915103], [-48.060667, -15.915132], [-48.060641, -15.915084], [-48.060639, -15.91508], [-48.060571, -15.915114], [-48.060573, -15.915117], [-48.060581, -15.915132]]]}, "properties": {}},
{"type": "Feature", "geometry": {"type": "Polygon", "coordinates": [[[-48.055563, -15.915282], [-48.055617, -15.915298], [-48.055643, -15.915221], [-48.055646, -15.915211], [-48.055667, -15.915151], [-48.055651, -15.915146], [-48.055622, -15.915138], [-48.055608, -15.915133], [-48.055605, -15.915133], [-48.055578, -15.915124], [-48.055552, -15.9152], [-48.055583, -15.91521], [-48.055585, -15.915211], [-48.055563, -15.915282]]]}, "properties": {}},
{"type": "Feature", "geometry": {"type": "Polygon", "coordinates": [[[-48.057304, -15.914954], [-48.057379, -15.914978], [-48.057402, -15.914909], [-48.057403, -15.914907], [-48.057327, -15.914883], [-48.057327, -15.914885], [-48.057304, -15.914954]]]}, "properties": {}},
{"type": "Feature", "geometry": {"type": "Polygon", "coordinates": [[[-48.061525, -15.914836], [-48.06152, -15.914781], [-48.06149, -15.914782], [-48.061491, -15.914784], [-48.061498, -15.914867], [-48.061505, -15.914867], [-48.061543, -15.914868], [-48.061587, -15.91487], [-48.061587, -15.914868], [-48.061593, -15.914781], [-48.06155, -15.91478], [-48.061549, -15.91478], [-48.061546, -15.914837], [-48.061525, -15.914836]]]}, "properties": {}},
{"type": "Feature", "geometry": {"type": "Polygon", "coordinates": [[[-48.063397, -15.91469], [-48.063424, -15.914611], [-48.063434, -15.914581], [-48.063364, -15.914559], [-48.063359, -15.914575], [-48.063329, -15.914669], [-48.063397, -15.91469]]]}, "properties": {}},
{"type": "Feature", "geometry": {"type": "Polygon", "coordinates": [[[-48.062446, -15.914348], [-48.062428, -15.914401], [-48.062482, -15.914418], [-48.0625, -15.914364], [-48.062504, -15.914353], [-48.062532, -15.914267], [-48.062513, -15.914262], [-48.0625, -15.914257], [-48.062464, -15.914246], [-48.062463, -15.91425], [-48.062433, -15.914344], [-48.062446, -15.914348]]]}, "properties": {}},
{"type": "Feature", "geometry": {"type": "Polygon", "coordinates": [[[-48.063491, -15.914282], [-48.063482, -15.91431], [-48.063476, -15.914308], [-48.06348, -15.914294], [-48.063471, -15.914292], [-48.063459, -15.914328], [-48.063459, -15.914329], [-48.063487, -15.914338], [-48.063509, -15.914344], [-48.063549, -15.914356], [-48.063589, -15.914237], [-48.06359, -15.914233], [-48.0635, -15.914206], [-48.063477, -15.914276], [-48.063476, -15.914277], [-48.063491, -15.914282]]]}, "properties": {}},
{"type": "Feature", "geometry": {"type": "Polygon", "coordinates": [[[-48.054602, -15.914318], [-48.054701, -15.914348], [-48.054719, -15.914293], [-48.054667, -15.914278], [-48.054648, -15.914272], [-48.054627, -15.914266], [-48.054583, -15.914253], [-48.054566, -15.914305], [-48.054603, -15.914316], [-48.054602, -15.914318]]]}, "properties": {}},
{"type": "Feature", "geometry": {"type": "Polygon", "coordinates": [[[-48.062606, -15.91403], [-48.062582, -15.914021], [-48.062561, -15.914085], [-48.062588, -15.914093], [-48.062644, -15.91411], [-48.062675, -15.914013], [-48.062676, -15.914009], [-48.062619, -15.913992], [-48.06261, -15.914019], [-48.062606, -15.91403]]]}, "properties": {}},
{"type": "Feature", "geometry": {"type": "Polygon", "coordinates": [[[-48.061572, -15.914101], [-48.061558, -15.914096], [-48.061545, -15.914134], [-48.061613, -15.914155], [-48.06163, -15.914102], [-48.061641, -15.914067], [-48.061662, -15.914], [-48.061597, -15.913981], [-48.061581, -15.914027], [-48.061595, -15.914031], [-48.061572, -15.914101]]]}, "properties": {}},
{"type": "Feature", "geometry": {"type": "Polygon", "coordinates": [[[-48.05507, -15.913758], [-48.055169, -15.913785], [-48.055186, -15.913728], [-48.055137, -15.913713], [-48.055136, -15.913715], [-48.055135, -15.913718], [-48.055102, -15.913709], [-48.055102, -15.913706], [-48.055103, -15.913703], [-48.055068, -15.913692], [-48.055049, -15.913757], [-48.055069, -15.913763], [-48.05507, -15.913758]]]}, "properties": {}},
{"type": "Feature", "geometry": {"type": "Polygon", "coordinates": [[[-48.054161, -15.91692], [-48.054281, -15.916956], [-48.054295, -15.91696], [-48.054313, -15.916904], [-48.054263, -15.916889], [-48.054272, -15.916861], [-48.054263, -15.916858], [-48.054203, -15.91684], [-48.054189, -15.916836], [-48.05418, -15.916862], [-48.054172, -15.916887], [-48.054161, -15.91692]]]}, "properties": {}},
{"type": "Feature", "geometry": {"type": "Polygon", "coordinates": [[[-48.057189, -15.917319], [-48.05721, -15.917326], [-48.057292, -15.917351], [-48.057322, -15.91736], [-48.057336, -15.917315], [-48.05735, -15.917274], [-48.057294, -15.917257], [-48.057292, -15.917256], [-48.05724, -15.91724], [-48.057199, -15.917228], [-48.057194, -15.917227], [-48.057166, -15.917313], [-48.057171, -15.917314], [-48.057189, -15.917319]], [[-48.057284, -15.917289], [-48.057278, -15.917309], [-48.057212, -15.917289], [-48.057218, -15.917269], [-48.057284, -15.917289]]]}, "properties": {}},
{"type": "Feature", "geometry": {"type": "Polygon", "coordinates": [[[-48.058851, -15.917016], [-48.058878, -15.916933], [-48.05887, -15.91693], [-48.058832, -15.916919], [-48.058787, -15.916905], [-48.058767, -15.91697], [-48.058761, -15.916989], [-48.058851, -15.917016]]]}, "properties": {}},
{"type": "Feature", "geometry": {"type": "Polygon", "coordinates": [[[-48.063981, -15.919167], [-48.064015, -15.919177], [-48.064081, -15.919198], [-48.064085, -15.919185], [-48.064094, -15.919157], [-48.064087, -15.919155], [-48.064089, -15.919149], [-48.064096, -15.919152], [-48.064102, -15.919134], [-48.064091, -15.919131], [-48.064061, -15.919121], [-48.064041, -15.919116], [-48.063987, -15.919099], [-48.063975, -15.919134], [-48.063991, -15.919138], [-48.063981, -15.919167]]]}, "properties": {}},
{"type": "Feature", "geometry": {"type": "Polygon", "coordinates": [[[-48.060108, -15.919246], [-48.06012, -15.919207], [-48.060181, -15.919225], [-48.060209, -15.919135], [-48.060158, -15.91912], [-48.060118, -15.919108], [-48.060077, -15.919237], [-48.060078, -15.919237], [-48.060108, -15.919246]]]}, "properties": {}},
{"type": "Feature", "geometry": {"type": "Polygon", "coordinates": [[[-48.059077, -15.919217], [-48.059079, -15.919218], [-48.059115, -15.919229], [-48.059118, -15.91922], [-48.059102, -15.919215], [-48.059128, -15.919137], [-48.059121, -15.919134], [-48.059062, -15.919117], [-48.05906, -15.919116], [-48.059032, -15.919204], [-48.059033, -15.919204], [-48.059077, -15.919217]]]}, "properties": {}},
{"type": "Feature", "geometry": {"type": "Polygon", "coordinates": [[[-48.058755, -15.918856], [-48.058778, -15.918787], [-48.058735, -15.918774], [-48.058747, -15.918739], [-48.058704, -15.918726], [-48.058667, -15.918828], [-48.058713, -15.918842], [-48.058755, -15.918856]]]}, "properties": {}},
{"type": "Feature", "geometry": {"type": "Polygon", "coordinates": [[[-48.064998, -15.918632], [-48.065023, -15.918639], [-48.065026, -15.91863], [-48.06507, -15.918643], [-48.06509, -15.91858], [-48.06509, -15.918577], [-48.065062, -15.918569], [-48.065023, -15.918558], [-48.065022, -15.918559], [-48.065017, -15.918576], [-48.064998, -15.918632]]]}, "properties": {}},
{"type": "Feature", "geometry": {"type": "Polygon", "coordinates": [[[-48.064473, -15.918467], [-48.06447, -15.918476], [-48.064461, -15.918473], [-48.064448, -15.918514], [-48.06445, -15.918514], [-48.064539, -15.918544], [-48.064565, -15.918464], [-48.064501, -15.918444], [-48.064492, -15.918473], [-48.064473, -15.918467]]]}, "properties": {}},
{"type": "Feature", "geometry": {"type": "Polygon", "coordinates": [[[-48.064267, -15.918515], [-48.064298, -15.918525], [-48.06434, -15.918395], [-48.06434, -15.918394], [-48.064251, -15.918368], [-48.064217, -15.918474], [-48.064275, -15.918491], [-48.064267, -15.918515]], [[-48.064269, -15.918474], [-48.064281, -15.918438], [-48.064291, -15.918441], [-48.064279, -15.918478], [-48.064269, -15.918474]]]}, "properties": {}},
{"type": "Feature", "geometry": {"type": "Polygon", "coordinates": [[[-48.06414, -15.918427], [-48.064135, -15.918425], [-48.064131, -15.918436], [-48.064123, -15.918462], [-48.064179, -15.918479], [-48.064177, -15.918487], [-48.06412, -15.918469], [-48.064106, -15.918513], [-48.064195, -15.918539], [-48.064217, -15.918474], [-48.064251, -15.918368], [-48.064221, -15.918359], [-48.064219, -15.918367], [-48.064186, -15.918357], [-48.064189, -15.91835], [-48.064162, -15.918342], [-48.064142, -15.918403], [-48.064147, -15.918405], [-48.06414, -15.918427]]]}, "properties": {}},
{"type": "Feature", "geometry": {"type": "Polygon", "coordinates": [[[-48.064065, -15.918438], [-48.064037, -15.91843], [-48.064042, -15.918414], [-48.064072, -15.918424], [-48.064079, -15.918403], [-48.064104, -15.918411], [-48.064099, -15.918426], [-48.064131, -15.918436], [-48.064135, -15.918425], [-48.064142, -15.918403], [-48.064162, -15.918342], [-48.064115, -15.918327], [-48.06411, -15.918341], [-48.064098, -15.918338], [-48.064103, -15.918324], [-48.064074, -15.918315], [-48.064048, -15.918307], [-48.064006, -15.918436], [-48.06406, -15.918452], [-48.064065, -15.918438]]]}, "properties": {}},
{"type": "Feature", "geometry": {"type": "Polygon", "coordinates": [[[-48.0625, -15.918432], [-48.062512, -15.918436], [-48.062529, -15.918441], [-48.062547, -15.918386], [-48.062579, -15.918396], [-48.062589, -15.918366], [-48.0625, -15.918339], [-48.062455, -15.918325], [-48.062453, -15.91833], [-48.062427, -15.918411], [-48.0625, -15.918432]]]}, "properties": {}},
{"type": "Feature", "geometry": {"type": "Polygon", "coordinates": [[[-48.059329, -15.918442], [-48.059383, -15.918458], [-48.059417, -15.918469], [-48.059446, -15.918478], [-48.059488, -15.918348], [-48.059423, -15.918328], [-48.059397, -15.918404], [-48.059381, -15.918399], [-48.059406, -15.918323], [-48.059371, -15.918312], [-48.059369, -15.918312], [-48.059346, -15.918384], [-48.059327, -15.918442], [-48.059329, -15.918442]]]}, "properties": {}},
{"type": "Feature", "geometry": {"type": "Polygon", "coordinates": [[[-48.06041, -15.918391], [-48.060455, -15.918404], [-48.06047, -15.918362], [-48.060482, -15.918326], [-48.060484, -15.918319], [-48.060467, -15.918314], [-48.06039, -15.918291], [-48.06035, -15.918279], [-48.060334, -15.918327], [-48.060422, -15.918353], [-48.06041, -15.918391]]]}, "properties": {}},
{"type": "Feature", "geometry": {"type": "Polygon", "coordinates": [[[-48.062847, -15.91757], [-48.062846, -15.917572], [-48.062844, -15.917579], [-48.062827, -15.917632], [-48.062915, -15.917659], [-48.062936, -15.917593], [-48.062939, -15.917583], [-48.062956, -15.917531], [-48.062913, -15.917518], [-48.062909, -15.917517], [-48.062894, -15.917512], [-48.062868, -15.917505], [-48.062847, -15.917569], [-48.062847, -15.91757]]]}, "properties": {}},
{"type": "Feature", "geometry": {"type": "Polygon", "coordinates": [[[-48.059242, -15.917497], [-48.059331, -15.917525], [-48.059331, -15.917524], [-48.059356, -15.917448], [-48.059374, -15.917394], [-48.059284, -15.917367], [-48.059278, -15.917386], [-48.059245, -15.917489], [-48.059242, -15.917497]], [[-48.059282, -15.917504], [-48.059285, -15.917494], [-48.059289, -15.917495], [-48.059311, -15.917432], [-48.059317, -15.917434], [-48.059292, -15.917507], [-48.059282, -15.917504]]]}, "properties": {}},
{"type": "Feature", "geometry": {"type": "Polygon", "coordinates": [[[-48.060316, -15.917255], [-48.060321, -15.917256], [-48.060362, -15.917269], [-48.060383, -15.917275], [-48.060383, -15.917273], [-48.06041, -15.917191], [-48.060393, -15.917186], [-48.060386, -15.917207], [-48.060336, -15.917192], [-48.060316, -15.917255]]]}, "properties": {}},
{"type": "Feature", "geometry": {"type": "Polygon", "coordinates": [[[-48.061316, -15.917274], [-48.061402, -15.917299], [-48.06143, -15.917213], [-48.061297, -15.917172], [-48.061279, -15.917167], [-48.061277, -15.917166], [-48.061267, -15.917163], [-48.061239, -15.917251], [-48.061268, -15.91726], [-48.061316, -15.917274]]]}, "properties": {}},
{"type": "Feature", "geometry": {"type": "Polygon", "coordinates": [[[-48.060726, -15.917118], [-48.060731, -15.9171], [-48.060733, -15.917096], [-48.060767, -15.916989], [-48.060774, -15.916968], [-48.060685, -15.916941], [-48.060637, -15.917092], [-48.060726, -15.917118]]]}, "properties": {}},
{"type": "Feature", "geometry": {"type": "Polygon", "coordinates": [[[-48.064853, -15.91697], [-48.064877, -15.916898], [-48.064788, -15.91687], [-48.064779, -15.916898], [-48.064764, -15.916943], [-48.064853, -15.91697]]]}, "properties": {}},
{"type": "Feature", "geometry": {"type": "Polygon", "coordinates": [[[-48.063558, -15.918699], [-48.063538, -15.918693], [-48.063539, -15.91869], [-48.063511, -15.918681], [-48.063493, -15.918735], [-48.063541, -15.91875], [-48.063558, -15.918699]]]}, "properties": {}},
{"type": "Feature", "geometry": {"type": "Polygon", "coordinates": [[[-48.062736, -15.918362], [-48.062772, -15.918373], [-48.062786, -15.918331], [-48.062778, -15.918329], [-48.062749, -15.91832], [-48.062735, -15.918362], [-48.062736, -15.918362]]]}, "properties": {}},
{"type": "Feature", "geometry": {"type": "Polygon", "coordinates": [[[-48.058864, -15.91882], [-48.058838, -15.918811], [-48.058832, -15.918828], [-48.058859, -15.918836], [-48.058864, -15.91882]]]}, "properties": {}},
{"type": "Feature", "geometry": {"type": "Polygon", "coordinates": [[[-48.063277, -15.918811], [-48.063285, -15.918787], [-48.063196, -15.91876], [-48.063188, -15.918786], [-48.063276, -15.918813], [-48.063277, -15.918811]]]}, "properties": {}},
{"type": "Feature", "geometry": {"type": "Polygon", "coordinates": [[[-48.064221, -15.915535], [-48.064219, -15.91554], [-48.064224, -15.915542], [-48.064211, -15.915585], [-48.064235, -15.915592], [-48.064265, -15.915505], [-48.06426, -15.915504], [-48.064223, -15.915492], [-48.064214, -15.915522], [-48.064224, -15.915525], [-48.064221, -15.915535]]]}, "properties": {}},
{"type": "Feature", "geometry": {"type": "Polygon", "coordinates": [[[-48.057538, -15.91882], [-48.057541, -15.918813], [-48.05757, -15.918822], [-48.057589, -15.918766], [-48.05751, -15.918742], [-48.057498, -15.918779], [-48.057515, -15.918784], [-48.057509, -15.918803], [-48.057519, -15.918806], [-48.057513, -15.918824], [-48.057535, -15.918831], [-48.057517, -15.918886], [-48.057556, -15.918898], [-48.057577, -15.918832], [-48.057538, -15.91882]]]}, "properties": {}},
{"type": "Feature", "geometry": {"type": "Polygon", "coordinates": [[[-48.060193, -15.917075], [-48.060155, -15.917064], [-48.060135, -15.917127], [-48.060172, -15.917139], [-48.060193, -15.917075]]]}, "properties": {}},
{"type": "Feature", "geometry": {"type": "Polygon", "coordinates": [[[-48.054705, -15.918947], [-48.054701, -15.91896], [-48.054777, -15.918984], [-48.054786, -15.918955], [-48.054697, -15.918927], [-48.054692, -15.918943], [-48.054705, -15.918947]]]}, "properties": {}},
{"type": "Feature", "geometry": {"type": "Polygon", "coordinates": [[[-48.063351, -15.91903], [-48.063352, -15.919027], [-48.063396, -15.91904], [-48.06341, -15.918999], [-48.063412, -15.918994], [-48.063324, -15.918968], [-48.063308, -15.919017], [-48.063351, -15.91903]]]}, "properties": {}},
{"type": "Feature", "geometry": {"type": "Polygon", "coordinates": [[[-48.056238, -15.918037], [-48.056222, -15.918032], [-48.056221, -15.918034], [-48.056208, -15.918074], [-48.05629, -15.918098], [-48.056295, -15.918083], [-48.056302, -15.918085], [-48.056312, -15.918056], [-48.056334, -15.918063], [-48.056385, -15.917941], [-48.056383, -15.91794], [-48.05628, -15.917908], [-48.056275, -15.917923], [-48.056259, -15.917917], [-48.056243, -15.917967], [-48.056259, -15.917971], [-48.056254, -15.917986], [-48.056238, -15.917981], [-48.056226, -15.918019], [-48.056242, -15.918024], [-48.056238, -15.918037]]]}, "properties": {}},
{"type": "Feature", "geometry": {"type": "Polygon", "coordinates": [[[-48.058948, -15.918108], [-48.058873, -15.918086], [-48.058844, -15.918174], [-48.05892, -15.918196], [-48.058948, -15.918108]]]}, "properties": {}},
{"type": "Feature", "geometry": {"type": "Polygon", "coordinates": [[[-48.057423, -15.917043], [-48.057436, -15.917004], [-48.057446, -15.91697], [-48.057382, -15.916952], [-48.057355, -15.917038], [-48.057419, -15.917058], [-48.057423, -15.917043]]]}, "properties": {}},
{"type": "Feature", "geometry": {"type": "Polygon", "coordinates": [[[-48.064075, -15.918836], [-48.06412, -15.91885], [-48.064121, -15.918848], [-48.06415, -15.918857], [-48.064159, -15.918828], [-48.064169, -15.918832], [-48.064158, -15.918866], [-48.064187, -15.918875], [-48.064199, -15.918836], [-48.064207, -15.918811], [-48.064073, -15.918771], [-48.064057, -15.918766], [-48.064035, -15.91883], [-48.064074, -15.918841], [-48.064075, -15.918836]]]}, "properties": {}},
{"type": "Feature", "geometry": {"type": "Polygon", "coordinates": [[[-48.063638, -15.9192], [-48.063645, -15.919179], [-48.063649, -15.919166], [-48.063613, -15.919155], [-48.0636, -15.919195], [-48.063636, -15.919206], [-48.063638, -15.9192]]]}, "properties": {}},
{"type": "Feature", "geometry": {"type": "Polygon", "coordinates": [[[-48.054952, -15.918012], [-48.054914, -15.918], [-48.054819, -15.917971], [-48.054791, -15.918059], [-48.054923, -15.9181], [-48.054952, -15.918012]]]}, "properties": {}},
{"type": "Feature", "geometry": {"type": "Polygon", "coordinates": [[[-48.060949, -15.915978], [-48.060976, -15.915892], [-48.060904, -15.91587], [-48.060876, -15.915955], [-48.060923, -15.91597], [-48.060949, -15.915978]]]}, "properties": {}},
{"type": "Feature", "geometry": {"type": "Polygon", "coordinates": [[[-48.060277, -15.91878], [-48.060252, -15.918864], [-48.060292, -15.918876], [-48.060314, -15.918809], [-48.060334, -15.918747], [-48.060244, -15.91872], [-48.060204, -15.918849], [-48.060243, -15.918861], [-48.06027, -15.918778], [-48.060277, -15.91878]]]}, "properties": {}},
{"type": "Feature", "geometry": {"type": "Polygon", "coordinates": [[[-48.060952, -15.917022], [-48.060958, -15.917003], [-48.060995, -15.916892], [-48.060905, -15.916865], [-48.060863, -15.916995], [-48.060952, -15.917022]]]}, "properties": {}},
{"type": "Feature", "geometry": {"type": "Polygon", "coordinates": [[[-48.064578, -15.914166], [-48.064584, -15.914168], [-48.064569, -15.914217], [-48.064563, -15.914215], [-48.064556, -15.914236], [-48.064645, -15.914263], [-48.064652, -15.914241], [-48.064646, -15.914239], [-48.064655, -15.914211], [-48.064661, -15.914213], [-48.064683, -15.914144], [-48.064686, -15.914134], [-48.064692, -15.914115], [-48.064603, -15.914089], [-48.064597, -15.914108], [-48.064588, -15.914136], [-48.064578, -15.914166]]]}, "properties": {}},
{"type": "Feature", "geometry": {"type": "Polygon", "coordinates": [[[-48.060441, -15.918718], [-48.060462, -15.918654], [-48.06043, -15.918645], [-48.06041, -15.918707], [-48.060409, -15.918708], [-48.060441, -15.918718]]]}, "properties": {}},
{"type": "Feature", "geometry": {"type": "Polygon", "coordinates": [[[-48.062584, -15.917474], [-48.0626, -15.917422], [-48.062566, -15.917411], [-48.062543, -15.917483], [-48.062578, -15.917494], [-48.062584, -15.917474]]]}, "properties": {}},
{"type": "Feature", "geometry": {"type": "Polygon", "coordinates": [[[-48.062049, -15.914303], [-48.062076, -15.914311], [-48.062081, -15.914296], [-48.062083, -15.914291], [-48.062077, -15.914289], [-48.062092, -15.914246], [-48.062096, -15.914248], [-48.062101, -15.914232], [-48.062033, -15.914211], [-48.062013, -15.914273], [-48.062055, -15.914286], [-48.062049, -15.914303]]]}, "properties": {}},
{"type": "Feature", "geometry": {"type": "Polygon", "coordinates": [[[-48.064713, -15.916879], [-48.064645, -15.91686], [-48.064633, -15.916896], [-48.064702, -15.916916], [-48.064713, -15.916879]]]}, "properties": {}},
{"type": "Feature", "geometry": {"type": "Polygon", "coordinates": [[[-48.064621, -15.916151], [-48.064616, -15.91615], [-48.064609, -15.91617], [-48.064606, -15.916181], [-48.064596, -15.916212], [-48.064661, -15.916232], [-48.064662, -15.91623], [-48.064671, -15.916202], [-48.064671, -15.916201], [-48.064691, -15.916142], [-48.064693, -15.916135], [-48.064632, -15.916117], [-48.064621, -15.916151]]]}, "properties": {}},
{"type": "Feature", "geometry": {"type": "Polygon", "coordinates": [[[-48.060059, -15.91642], [-48.060081, -15.916426], [-48.060108, -15.916339], [-48.060048, -15.916321], [-48.060044, -15.916334], [-48.059978, -15.916314], [-48.059954, -15.916387], [-48.060041, -15.916414], [-48.060059, -15.91642]]]}, "properties": {}},
{"type": "Feature", "geometry": {"type": "Polygon", "coordinates": [[[-48.060032, -15.916505], [-48.060059, -15.91642], [-48.060041, -15.916414], [-48.059947, -15.916385], [-48.059919, -15.916471], [-48.060032, -15.916505]]]}, "properties": {}},
{"type": "Feature", "geometry": {"type": "Polygon", "coordinates": [[[-48.06038, -15.916374], [-48.060366, -15.916419], [-48.060397, -15.916429], [-48.060435, -15.91644], [-48.060455, -15.916446], [-48.060456, -15.916444], [-48.060494, -15.916325], [-48.060457, -15.916314], [-48.06046, -15.916303], [-48.060409, -15.916287], [-48.060392, -15.916337], [-48.060388, -15.916352], [-48.06038, -15.916374]]]}, "properties": {}},
{"type": "Feature", "geometry": {"type": "Polygon", "coordinates": [[[-48.060225, -15.916329], [-48.060233, -15.916331], [-48.060262, -15.916339], [-48.060265, -15.916331], [-48.060356, -15.916359], [-48.060366, -15.916329], [-48.060392, -15.916337], [-48.060409, -15.916287], [-48.060418, -15.91626], [-48.060281, -15.916219], [-48.060275, -15.916224], [-48.060252, -15.916241], [-48.060225, -15.916329]]]}, "properties": {}},
{"type": "Feature", "geometry": {"type": "Polygon", "coordinates": [[[-48.059683, -15.91621], [-48.059706, -15.916217], [-48.059725, -15.916156], [-48.059675, -15.916141], [-48.05968, -15.916127], [-48.059643, -15.916116], [-48.059631, -15.916153], [-48.059618, -15.91619], [-48.059683, -15.91621]]]}, "properties": {}},
{"type": "Feature", "geometry": {"type": "Polygon", "coordinates": [[[-48.063056, -15.915565], [-48.063016, -15.915552], [-48.062913, -15.915516], [-48.062903, -15.915547], [-48.063047, -15.915592], [-48.063056, -15.915565]]]}, "properties": {}},
{"type": "Feature", "geometry": {"type": "Polygon", "coordinates": [[[-48.063535, -15.916135], [-48.063533, -15.916165], [-48.063542, -15.91619], [-48.063544, -15.916195], [-48.063546, -15.916199], [-48.063555, -15.916194], [-48.06358, -15.916191], [-48.063578, -15.916181], [-48.063578, -15.916153], [-48.063599, -15.916152], [-48.063599, -15.916163], [-48.06362, -15.916163], [-48.063621, -15.916156], [-48.063625, -15.916156], [-48.063629, -15.916157], [-48.063629, -15.91615], [-48.063636, -15.91615], [-48.06364, -15.916147], [-48.063644, -15.91609], [-48.063586, -15.916088], [-48.063587, -15.916082], [-48.063609, -15.916031], [-48.063608, -15.91603], [-48.06361, -15.916023], [-48.063613, -15.916024], [-48.063618, -15.916008], [-48.063619, -15.916005], [-48.063578, -15.915991], [-48.063576, -15.915994], [-48.063538, -15.916091], [-48.063535, -15.916135]]]}, "properties": {}},
{"type": "Feature", "geometry": {"type": "Polygon", "coordinates": [[[-48.062874, -15.915696], [-48.062935, -15.915715], [-48.062932, -15.915724], [-48.062996, -15.915744], [-48.063022, -15.915669], [-48.062878, -15.915623], [-48.062863, -15.915671], [-48.062881, -15.915677], [-48.062874, -15.915696]]]}, "properties": {}},
{"type": "Feature", "geometry": {"type": "Polygon", "coordinates": [[[-48.058507, -15.915389], [-48.058533, -15.915397], [-48.058531, -15.915402], [-48.058505, -15.915394], [-48.058484, -15.91546], [-48.058476, -15.915486], [-48.058515, -15.915498], [-48.058515, -15.9155], [-48.058543, -15.915508], [-48.058568, -15.915432], [-48.058571, -15.915422], [-48.05859, -15.915361], [-48.058595, -15.915348], [-48.058609, -15.915302], [-48.05861, -15.915301], [-48.058543, -15.915279], [-48.058542, -15.915282], [-48.058541, -15.915284], [-48.058507, -15.915389]]]}, "properties": {}},
{"type": "Feature", "geometry": {"type": "Polygon", "coordinates": [[[-48.064533, -15.915032], [-48.064533, -15.915033], [-48.064599, -15.915054], [-48.0646, -15.915052], [-48.064626, -15.914972], [-48.064591, -15.914962], [-48.064598, -15.914941], [-48.064598, -15.91494], [-48.0646, -15.914937], [-48.064567, -15.914927], [-48.064566, -15.914932], [-48.064558, -15.914953], [-48.064533, -15.915032]]]}, "properties": {}},
{"type": "Feature", "geometry": {"type": "Polygon", "coordinates": [[[-48.057448, -15.91524], [-48.057484, -15.915251], [-48.057479, -15.915268], [-48.057471, -15.915266], [-48.057451, -15.915327], [-48.05748, -15.915336], [-48.057516, -15.915228], [-48.05752, -15.915229], [-48.057557, -15.915118], [-48.057553, -15.915117], [-48.057602, -15.914971], [-48.057601, -15.914971], [-48.057507, -15.914943], [-48.057451, -15.915112], [-48.057487, -15.915123], [-48.057448, -15.91524]]]}, "properties": {}},
{"type": "Feature", "geometry": {"type": "Polygon", "coordinates": [[[-48.064961, -15.914641], [-48.064932, -15.914731], [-48.064918, -15.914773], [-48.064948, -15.914783], [-48.065009, -15.914801], [-48.065017, -15.914776], [-48.065023, -15.91476], [-48.064992, -15.914751], [-48.065021, -15.914664], [-48.065052, -15.914674], [-48.065053, -15.914672], [-48.065061, -15.914648], [-48.064969, -15.914619], [-48.064967, -15.914622], [-48.064964, -15.914634], [-48.064961, -15.914641]]]}, "properties": {}},
{"type": "Feature", "geometry": {"type": "Polygon", "coordinates": [[[-48.061412, -15.914093], [-48.061416, -15.914081], [-48.061417, -15.914079], [-48.061377, -15.914066], [-48.061373, -15.914077], [-48.061305, -15.914056], [-48.061275, -15.914146], [-48.061383, -15.914179], [-48.061412, -15.914093]]]}, "properties": {}},
{"type": "Feature", "geometry": {"type": "Polygon", "coordinates": [[[-48.054297, -15.914265], [-48.054313, -15.914271], [-48.05434, -15.914183], [-48.054322, -15.914177], [-48.054189, -15.914137], [-48.05416, -15.914223], [-48.054292, -15.914264], [-48.054297, -15.914265]]]}, "properties": {}},
{"type": "Feature", "geometry": {"type": "Polygon", "coordinates": [[[-48.05435, -15.914091], [-48.054313, -15.91408], [-48.054217, -15.914051], [-48.054206, -15.914085], [-48.054339, -15.914125], [-48.05435, -15.914091]]]}, "properties": {}},
{"type": "Feature", "geometry": {"type": "Polygon", "coordinates": [[[-48.061081, -15.913737], [-48.061087, -15.913739], [-48.061097, -15.913707], [-48.061101, -15.913695], [-48.061102, -15.913691], [-48.061073, -15.913682], [-48.061064, -15.913679], [-48.061037, -15.913671], [-48.061015, -15.913737], [-48.060986, -15.913822], [-48.060987, -15.913822], [-48.061054, -15.913842], [-48.061064, -15.91381], [-48.061057, -15.913808], [-48.061081, -15.913737]]]}, "properties": {}},
{"type": "Feature", "geometry": {"type": "Polygon", "coordinates": [[[-48.062855, -15.918447], [-48.062883, -15.918361], [-48.062821, -15.918342], [-48.062793, -15.918427], [-48.062792, -15.918428], [-48.062855, -15.918447]]]}, "properties": {}},
{"type": "Feature", "geometry": {"type": "Polygon", "coordinates": [[[-48.056723, -15.919051], [-48.056734, -15.919019], [-48.056711, -15.919012], [-48.056719, -15.918987], [-48.056742, -15.918994], [-48.056759, -15.91894], [-48.056671, -15.918913], [-48.056629, -15.919042], [-48.056717, -15.919069], [-48.056723, -15.919051]]]}, "properties": {}},
{"type": "Feature", "geometry": {"type": "Polygon", "coordinates": [[[-48.054871, -15.91884], [-48.05481, -15.918821], [-48.054738, -15.918799], [-48.054717, -15.918863], [-48.054851, -15.918903], [-48.054871, -15.91884]]]}, "properties": {}},
{"type": "Feature", "geometry": {"type": "Polygon", "coordinates": [[[-48.054689, -15.91796], [-48.054685, -15.917959], [-48.054674, -15.917993], [-48.054679, -15.917995], [-48.054677, -15.918001], [-48.054672, -15.918], [-48.054666, -15.91802], [-48.054702, -15.918031], [-48.054704, -15.918023], [-48.054728, -15.917949], [-48.054729, -15.917945], [-48.054734, -15.917931], [-48.054743, -15.917902], [-48.054654, -15.917874], [-48.054633, -15.917938], [-48.054691, -15.917955], [-48.054689, -15.91796]]]}, "properties": {}},
{"type": "Feature", "geometry": {"type": "Polygon", "coordinates": [[[-48.058462, -15.917762], [-48.058419, -15.917749], [-48.058408, -15.917783], [-48.058459, -15.917799], [-48.058476, -15.917804], [-48.058481, -15.917789], [-48.05848, -15.917789], [-48.058485, -15.917773], [-48.058489, -15.917774], [-48.058479, -15.917805], [-48.058516, -15.917817], [-48.05854, -15.917824], [-48.058551, -15.917792], [-48.05854, -15.917789], [-48.058531, -15.917786], [-48.058532, -15.917781], [-48.05853, -15.91778], [-48.058535, -15.917763], [-48.058558, -15.917769], [-48.058568, -15.917738], [-48.058556, -15.917734], [-48.058507, -15.917719], [-48.058504, -15.917728], [-48.058489, -15.917724], [-48.058492, -15.917714], [-48.058461, -15.917705], [-48.058452, -15.917735], [-48.058469, -15.91774], [-48.058462, -15.917762]]]}, "properties": {}},
{"type": "Feature", "geometry": {"type": "Polygon", "coordinates": [[[-48.056553, -15.917567], [-48.056523, -15.917557], [-48.05639, -15.917515], [-48.056369, -15.91758], [-48.056532, -15.917628], [-48.056553, -15.917567]]]}, "properties": {}},
{"type": "Feature", "geometry": {"type": "Polygon", "coordinates": [[[-48.054897, -15.917523], [-48.054851, -15.917509], [-48.054807, -15.917495], [-48.054765, -15.917619], [-48.054856, -15.917646], [-48.054897, -15.917523]]]}, "properties": {}},
{"type": "Feature", "geometry": {"type": "Polygon", "coordinates": [[[-48.057831, -15.917419], [-48.057849, -15.917363], [-48.05786, -15.917366], [-48.057858, -15.917371], [-48.057946, -15.917398], [-48.057958, -15.917363], [-48.057823, -15.917322], [-48.057819, -15.917332], [-48.057795, -15.917408], [-48.057831, -15.917419]]]}, "properties": {}},
{"type": "Feature", "geometry": {"type": "Polygon", "coordinates": [[[-48.05501, -15.917462], [-48.055025, -15.917421], [-48.05503, -15.917423], [-48.055041, -15.917389], [-48.055037, -15.917388], [-48.055026, -15.917385], [-48.055028, -15.917378], [-48.054905, -15.917341], [-48.054879, -15.917421], [-48.054928, -15.917437], [-48.05501, -15.917462]]]}, "properties": {}},
{"type": "Feature", "geometry": {"type": "Polygon", "coordinates": [[[-48.058384, -15.917209], [-48.058441, -15.917226], [-48.058467, -15.917144], [-48.05843, -15.917133], [-48.058446, -15.917086], [-48.058444, -15.917085], [-48.058394, -15.91707], [-48.058353, -15.917199], [-48.058384, -15.917209]]]}, "properties": {}},
{"type": "Feature", "geometry": {"type": "Polygon", "coordinates": [[[-48.056284, -15.917842], [-48.056264, -15.917903], [-48.056383, -15.91794], [-48.056411, -15.917881], [-48.056284, -15.917842]]]}, "properties": {}},
{"type": "Feature", "geometry": {"type": "Polygon", "coordinates": [[[-48.058664, -15.919089], [-48.058673, -15.919091], [-48.058659, -15.919137], [-48.05877, -15.919171], [-48.058797, -15.919085], [-48.058748, -15.91907], [-48.058648, -15.91904], [-48.058636, -15.919078], [-48.058665, -15.919086], [-48.058664, -15.919089]]]}, "properties": {}},
{"type": "Feature", "geometry": {"type": "Polygon", "coordinates": [[[-48.064144, -15.919004], [-48.064221, -15.919027], [-48.064229, -15.919001], [-48.06425, -15.919007], [-48.064242, -15.919033], [-48.064272, -15.919043], [-48.064302, -15.919052], [-48.064323, -15.918987], [-48.064296, -15.918979], [-48.064193, -15.918948], [-48.064165, -15.91894], [-48.064158, -15.918962], [-48.064144, -15.919004]]]}, "properties": {}},
{"type": "Feature", "geometry": {"type": "Polygon", "coordinates": [[[-48.06323, -15.919059], [-48.063244, -15.919018], [-48.06327, -15.919026], [-48.063268, -15.919033], [-48.063249, -15.919028], [-48.063239, -15.919057], [-48.063235, -15.919056], [-48.063227, -15.919081], [-48.063282, -15.919098], [-48.063283, -15.919097], [-48.063308, -15.919017], [-48.063324, -15.918968], [-48.063297, -15.91896], [-48.063287, -15.918956], [-48.063283, -15.918967], [-48.063271, -15.918963], [-48.063274, -15.918953], [-48.063271, -15.918952], [-48.063269, -15.918951], [-48.063264, -15.91895], [-48.063246, -15.918944], [-48.063237, -15.918942], [-48.063234, -15.918941], [-48.063207, -15.919022], [-48.063198, -15.91905], [-48.06323, -15.919059]]]}, "properties": {}},
{"type": "Feature", "geometry": {"type": "Polygon", "coordinates": [[[-48.063913, -15.918357], [-48.06393, -15.918304], [-48.063921, -15.918301], [-48.063925, -15.918292], [-48.063889, -15.91828], [-48.063881, -15.918303], [-48.063837, -15.918287], [-48.063815, -15.918354], [-48.063817, -15.918354], [-48.063891, -15.918379], [-48.0639, -15.918353], [-48.063913, -15.918357]]]}, "properties": {}},
{"type": "Feature", "geometry": {"type": "Polygon", "coordinates": [[[-48.06002, -15.918274], [-48.060034, -15.918229], [-48.05998, -15.918213], [-48.059946, -15.918202], [-48.059944, -15.918202], [-48.05992, -15.918274], [-48.060011, -15.918302], [-48.06002, -15.918274]]]}, "properties": {}},
{"type": "Feature", "geometry": {"type": "Polygon", "coordinates": [[[-48.063911, -15.918157], [-48.063927, -15.918162], [-48.06393, -15.91815], [-48.063916, -15.918145], [-48.063921, -15.91813], [-48.063911, -15.918127], [-48.063921, -15.918097], [-48.063899, -15.91809], [-48.063899, -15.918088], [-48.063902, -15.918088], [-48.063906, -15.918074], [-48.063861, -15.91806], [-48.063835, -15.918139], [-48.06391, -15.918161], [-48.063911, -15.918157]]]}, "properties": {}},
{"type": "Feature", "geometry": {"type": "Polygon", "coordinates": [[[-48.060047, -15.918189], [-48.060077, -15.918197], [-48.060139, -15.918214], [-48.060183, -15.918226], [-48.060191, -15.918204], [-48.060192, -15.918204], [-48.060213, -15.918138], [-48.060154, -15.91812], [-48.060161, -15.918098], [-48.060084, -15.918075], [-48.060075, -15.918101], [-48.06006, -15.918148], [-48.060047, -15.918189]]]}, "properties": {}},
{"type": "Feature", "geometry": {"type": "Polygon", "coordinates": [[[-48.065126, -15.918043], [-48.065139, -15.918047], [-48.065156, -15.918052], [-48.065186, -15.918061], [-48.065214, -15.917975], [-48.065173, -15.917964], [-48.06515, -15.918037], [-48.06513, -15.91803], [-48.065126, -15.918043]]]}, "properties": {}},
{"type": "Feature", "geometry": {"type": "Polygon", "coordinates": [[[-48.061217, -15.917846], [-48.061179, -15.917834], [-48.061162, -15.917887], [-48.061171, -15.91789], [-48.061159, -15.917926], [-48.061238, -15.91795], [-48.061277, -15.917828], [-48.061253, -15.917821], [-48.061241, -15.917857], [-48.061215, -15.91785], [-48.061217, -15.917846]]]}, "properties": {}},
{"type": "Feature", "geometry": {"type": "Polygon", "coordinates": [[[-48.05888, -15.917883], [-48.058873, -15.917881], [-48.058868, -15.917896], [-48.05887, -15.917897], [-48.058939, -15.917918], [-48.058958, -15.917923], [-48.058977, -15.917865], [-48.058988, -15.917834], [-48.058934, -15.917817], [-48.058926, -15.917841], [-48.058897, -15.917832], [-48.05888, -15.917883]]]}, "properties": {}},
{"type": "Feature", "geometry": {"type": "Polygon", "coordinates": [[[-48.064791, -15.917039], [-48.064827, -15.91705], [-48.064834, -15.917028], [-48.064826, -15.917025], [-48.064843, -15.916973], [-48.064762, -15.916949], [-48.06475, -15.916987], [-48.064738, -15.917023], [-48.064791, -15.917039]]]}, "properties": {}},
{"type": "Feature", "geometry": {"type": "Polygon", "coordinates": [[[-48.065041, -15.916743], [-48.065043, -15.916737], [-48.0651, -15.916754], [-48.065114, -15.916758], [-48.065143, -15.916667], [-48.065154, -15.916634], [-48.065112, -15.916621], [-48.065103, -15.916618], [-48.065065, -15.916607], [-48.065046, -15.916667], [-48.065044, -15.916673], [-48.065023, -15.916738], [-48.065041, -15.916743]], [[-48.065104, -15.916698], [-48.065105, -15.916694], [-48.065116, -15.916698], [-48.065115, -15.916701], [-48.065104, -15.916698]]]}, "properties": {}},
{"type": "Feature", "geometry": {"type": "Polygon", "coordinates": [[[-48.063611, -15.91383], [-48.063568, -15.913816], [-48.063554, -15.913859], [-48.063642, -15.913887], [-48.063644, -15.91388], [-48.063669, -15.913802], [-48.063669, -15.9138], [-48.063627, -15.913787], [-48.063593, -15.913776], [-48.063582, -15.913773], [-48.063575, -15.913796], [-48.063618, -15.913809], [-48.063611, -15.91383]]]}, "properties": {}},
{"type": "Feature", "geometry": {"type": "Polygon", "coordinates": [[[-48.055105, -15.91754], [-48.055239, -15.917581], [-48.055248, -15.917555], [-48.055227, -15.917548], [-48.055236, -15.917521], [-48.055165, -15.917499], [-48.055169, -15.917488], [-48.055127, -15.917475], [-48.055125, -15.917474], [-48.055103, -15.917539], [-48.055105, -15.91754]]]}, "properties": {}},
{"type": "Feature", "geometry": {"type": "Polygon", "coordinates": [[[-48.054239, -15.913898], [-48.054264, -15.913906], [-48.054273, -15.913878], [-48.054229, -15.913865], [-48.054156, -15.913843], [-48.054131, -15.913921], [-48.054222, -15.913949], [-48.054239, -15.913898]]]}, "properties": {}},
{"type": "Feature", "geometry": {"type": "Polygon", "coordinates": [[[-48.054393, -15.917406], [-48.054403, -15.917374], [-48.054315, -15.917348], [-48.054296, -15.917407], [-48.054384, -15.917434], [-48.054393, -15.917406]]]}, "properties": {}},
{"type": "Feature", "geometry": {"type": "Polygon", "coordinates": [[[-48.055417, -15.916854], [-48.055492, -15.916878], [-48.055514, -15.916813], [-48.055425, -15.916785], [-48.055422, -15.916795], [-48.055396, -15.916787], [-48.055399, -15.916777], [-48.055364, -15.916766], [-48.05536, -15.916764], [-48.055339, -15.916829], [-48.055343, -15.91683], [-48.055417, -15.916854]]]}, "properties": {}},
{"type": "Feature", "geometry": {"type": "Polygon", "coordinates": [[[-48.060383, -15.917275], [-48.06047, -15.917302], [-48.060508, -15.917186], [-48.06042, -15.917159], [-48.06041, -15.917191], [-48.060383, -15.917273], [-48.060383, -15.917275]]]}, "properties": {}},
{"type": "Feature", "geometry": {"type": "Polygon", "coordinates": [[[-48.057572, -15.916441], [-48.057586, -15.916446], [-48.057597, -15.91641], [-48.057625, -15.916419], [-48.057632, -15.916399], [-48.057641, -15.916371], [-48.057642, -15.91637], [-48.057562, -15.916346], [-48.057521, -15.916333], [-48.057492, -15.916325], [-48.057465, -15.916408], [-48.057504, -15.91642], [-48.057572, -15.916441]]]}, "properties": {}},
{"type": "Feature", "geometry": {"type": "Polygon", "coordinates": [[[-48.057586, -15.916162], [-48.057643, -15.916179], [-48.057698, -15.916196], [-48.0577, -15.916197], [-48.057709, -15.916166], [-48.057699, -15.916162], [-48.057717, -15.916107], [-48.057656, -15.916088], [-48.05764, -15.916083], [-48.057626, -15.916127], [-48.0576, -15.916119], [-48.057586, -15.916162]]]}, "properties": {}},
{"type": "Feature", "geometry": {"type": "Polygon", "coordinates": [[[-48.062149, -15.916052], [-48.062146, -15.916062], [-48.062138, -15.916084], [-48.062138, -15.916086], [-48.062228, -15.916112], [-48.062235, -15.91609], [-48.062236, -15.916087], [-48.062262, -15.916007], [-48.062263, -15.916006], [-48.062265, -15.916], [-48.062274, -15.915972], [-48.062184, -15.915944], [-48.062175, -15.915972], [-48.062173, -15.915978], [-48.062149, -15.916052]]]}, "properties": {}},
{"type": "Feature", "geometry": {"type": "Polygon", "coordinates": [[[-48.061015, -15.915992], [-48.061045, -15.916001], [-48.061043, -15.916008], [-48.061081, -15.91602], [-48.061102, -15.916026], [-48.061131, -15.91594], [-48.061113, -15.915934], [-48.061045, -15.915913], [-48.060976, -15.915892], [-48.060949, -15.915978], [-48.061013, -15.915998], [-48.061015, -15.915992]]]}, "properties": {}},
{"type": "Feature", "geometry": {"type": "Polygon", "coordinates": [[[-48.055788, -15.916043], [-48.05579, -15.916036], [-48.055836, -15.91605], [-48.05584, -15.916051], [-48.055872, -15.915954], [-48.055869, -15.915953], [-48.055801, -15.915932], [-48.055788, -15.915972], [-48.055766, -15.916037], [-48.055788, -15.916043]]]}, "properties": {}},
{"type": "Feature", "geometry": {"type": "Polygon", "coordinates": [[[-48.06352, -15.915714], [-48.063587, -15.915734], [-48.063612, -15.915656], [-48.063629, -15.915602], [-48.063563, -15.915583], [-48.063547, -15.915631], [-48.063545, -15.915636], [-48.06352, -15.915714]], [[-48.063557, -15.915718], [-48.063558, -15.915715], [-48.063567, -15.915718], [-48.063565, -15.915721], [-48.063557, -15.915718]]]}, "properties": {}},
{"type": "Feature", "geometry": {"type": "Polygon", "coordinates": [[[-48.0622, -15.915695], [-48.062203, -15.915683], [-48.062233, -15.915693], [-48.062261, -15.915701], [-48.062282, -15.915636], [-48.062232, -15.915621], [-48.062249, -15.915569], [-48.062212, -15.915558], [-48.06221, -15.915563], [-48.062171, -15.915686], [-48.0622, -15.915695]]]}, "properties": {}},
{"type": "Feature", "geometry": {"type": "Polygon", "coordinates": [[[-48.061099, -15.915363], [-48.061118, -15.915369], [-48.061142, -15.915376], [-48.061188, -15.915391], [-48.061211, -15.91532], [-48.061229, -15.915262], [-48.061236, -15.915241], [-48.061146, -15.915216], [-48.061145, -15.91522], [-48.061141, -15.915232], [-48.061099, -15.915363]]]}, "properties": {}},
{"type": "Feature", "geometry": {"type": "Polygon", "coordinates": [[[-48.064627, -15.915195], [-48.064622, -15.915211], [-48.064688, -15.915231], [-48.064702, -15.915187], [-48.064703, -15.915184], [-48.064735, -15.915093], [-48.064666, -15.915071], [-48.064666, -15.915073], [-48.064664, -15.915079], [-48.064627, -15.915195]]]}, "properties": {}},
{"type": "Feature", "geometry": {"type": "Polygon", "coordinates": [[[-48.063998, -15.914872], [-48.064002, -15.914859], [-48.064024, -15.914793], [-48.064028, -15.914782], [-48.064018, -15.914778], [-48.064015, -15.914788], [-48.063995, -15.914782], [-48.064004, -15.914756], [-48.063982, -15.914749], [-48.063973, -15.914777], [-48.063932, -15.914764], [-48.063941, -15.914737], [-48.063899, -15.914724], [-48.063893, -15.914741], [-48.063863, -15.914832], [-48.063998, -15.914872]]]}, "properties": {}},
{"type": "Feature", "geometry": {"type": "Polygon", "coordinates": [[[-48.064931, -15.914477], [-48.064926, -15.914494], [-48.064927, -15.914494], [-48.06492, -15.914516], [-48.064952, -15.914525], [-48.064959, -15.914504], [-48.065001, -15.914372], [-48.064974, -15.914364], [-48.06497, -15.914377], [-48.064963, -15.914375], [-48.064967, -15.914362], [-48.064963, -15.91436], [-48.064942, -15.914354], [-48.064911, -15.914344], [-48.064888, -15.91442], [-48.064876, -15.914461], [-48.064931, -15.914477]]]}, "properties": {}},
{"type": "Feature", "geometry": {"type": "Polygon", "coordinates": [[[-48.063433, -15.914408], [-48.063423, -15.914438], [-48.06342, -15.914448], [-48.063418, -15.914455], [-48.063409, -15.914482], [-48.063408, -15.914484], [-48.063498, -15.914511], [-48.063499, -15.914508], [-48.06351, -15.914476], [-48.06351, -15.914475], [-48.06353, -15.914415], [-48.063503, -15.914406], [-48.063505, -15.914399], [-48.063532, -15.914407], [-48.063533, -15.914406], [-48.063549, -15.914356], [-48.063509, -15.914344], [-48.063487, -15.914338], [-48.063471, -15.914388], [-48.063443, -15.914379], [-48.063433, -15.914408]]]}, "properties": {}},
{"type": "Feature", "geometry": {"type": "Polygon", "coordinates": [[[-48.065025, -15.914095], [-48.064996, -15.914087], [-48.064989, -15.914109], [-48.065005, -15.914114], [-48.065056, -15.91413], [-48.065079, -15.914137], [-48.06508, -15.914135], [-48.065102, -15.914067], [-48.065118, -15.914019], [-48.065087, -15.91401], [-48.065086, -15.914013], [-48.065026, -15.913995], [-48.065001, -15.914072], [-48.065029, -15.91408], [-48.065025, -15.914095]]]}, "properties": {}},
{"type": "Feature", "geometry": {"type": "Polygon", "coordinates": [[[-48.058496, -15.917511], [-48.058576, -15.917536], [-48.058582, -15.917518], [-48.058599, -15.917523], [-48.058617, -15.917469], [-48.058605, -15.917465], [-48.058594, -15.917462], [-48.058518, -15.917438], [-48.058498, -15.917432], [-48.05847, -15.917519], [-48.058491, -15.917526], [-48.058496, -15.917511]]]}, "properties": {}},
{"type": "Feature", "geometry": {"type": "Polygon", "coordinates": [[[-48.054785, -15.918779], [-48.05482, -15.91879], [-48.05481, -15.918821], [-48.054871, -15.91884], [-48.054892, -15.918775], [-48.054759, -15.918734], [-48.05475, -15.918761], [-48.054787, -15.918772], [-48.054785, -15.918779]]]}, "properties": {}},
{"type": "Feature", "geometry": {"type": "Polygon", "coordinates": [[[-48.054719, -15.917468], [-48.054807, -15.917495], [-48.054851, -15.917509], [-48.054879, -15.917421], [-48.054846, -15.917411], [-48.054829, -15.917461], [-48.054827, -15.917461], [-48.054821, -15.917479], [-48.054817, -15.917478], [-48.054822, -15.917464], [-48.054728, -15.917435], [-48.054735, -15.917415], [-48.054753, -15.91742], [-48.054749, -15.917431], [-48.054757, -15.917434], [-48.054755, -15.917441], [-48.054812, -15.917459], [-48.054819, -15.917439], [-48.054832, -15.917443], [-48.054843, -15.91741], [-48.054721, -15.917372], [-48.054717, -15.917371], [-48.054688, -15.917458], [-48.054693, -15.91746], [-48.054719, -15.917468]]]}, "properties": {}},
{"type": "Feature", "geometry": {"type": "Polygon", "coordinates": [[[-48.059609, -15.91704], [-48.059678, -15.917061], [-48.059723, -15.917075], [-48.059751, -15.916988], [-48.059678, -15.916966], [-48.059669, -15.916991], [-48.05963, -15.916979], [-48.059609, -15.91704]]]}, "properties": {}},
{"type": "Feature", "geometry": {"type": "Polygon", "coordinates": [[[-48.057021, -15.916937], [-48.056981, -15.916925], [-48.056977, -15.916924], [-48.056949, -15.917009], [-48.056994, -15.917023], [-48.057021, -15.916937]]]}, "properties": {}},
{"type": "Feature", "geometry": {"type": "Polygon", "coordinates": [[[-48.057076, -15.916765], [-48.056924, -15.916719], [-48.056896, -15.916807], [-48.057049, -15.916852], [-48.057076, -15.916765]]]}, "properties": {}},
{"type": "Feature", "geometry": {"type": "Polygon", "coordinates": [[[-48.058344, -15.916771], [-48.058363, -15.916711], [-48.05832, -15.916697], [-48.058322, -15.916692], [-48.058306, -15.916687], [-48.058307, -15.916683], [-48.058277, -15.916674], [-48.05827, -15.916695], [-48.058255, -15.916744], [-48.058344, -15.916771]]]}, "properties": {}},
{"type": "Feature", "geometry": {"type": "Polygon", "coordinates": [[[-48.061992, -15.917288], [-48.061993, -15.917288], [-48.06202, -15.917204], [-48.061886, -15.917163], [-48.061858, -15.917249], [-48.061859, -15.917249], [-48.061992, -15.917288]]]}, "properties": {}},
{"type": "Feature", "geometry": {"type": "Polygon", "coordinates": [[[-48.064153, -15.919077], [-48.064251, -15.919107], [-48.064272, -15.919043], [-48.064242, -15.919033], [-48.064229, -15.91903], [-48.064227, -15.919038], [-48.064176, -15.919023], [-48.064166, -15.919054], [-48.064161, -15.919052], [-48.064153, -15.919077]]]}, "properties": {}},
{"type": "Feature", "geometry": {"type": "Polygon", "coordinates": [[[-48.059777, -15.91908], [-48.05982, -15.919092], [-48.059815, -15.919109], [-48.059826, -15.919112], [-48.05984, -15.919067], [-48.059853, -15.919027], [-48.059825, -15.919018], [-48.059764, -15.919], [-48.059726, -15.919116], [-48.059762, -15.919126], [-48.059777, -15.91908]]]}, "properties": {}},
{"type": "Feature", "geometry": {"type": "Polygon", "coordinates": [[[-48.059405, -15.919054], [-48.059411, -15.919035], [-48.059443, -15.919045], [-48.059443, -15.919047], [-48.059543, -15.919077], [-48.059544, -15.919076], [-48.059568, -15.918999], [-48.059571, -15.91899], [-48.059494, -15.918967], [-48.059437, -15.918949], [-48.059399, -15.918938], [-48.059369, -15.919028], [-48.059374, -15.919045], [-48.059405, -15.919054]]]}, "properties": {}},
{"type": "Feature", "geometry": {"type": "Polygon", "coordinates": [[[-48.061189, -15.918939], [-48.061166, -15.918932], [-48.061154, -15.918968], [-48.061194, -15.91898], [-48.061287, -15.919008], [-48.061316, -15.918922], [-48.061248, -15.918901], [-48.061232, -15.918949], [-48.06119, -15.918936], [-48.061189, -15.918939]]]}, "properties": {}},
{"type": "Feature", "geometry": {"type": "Polygon", "coordinates": [[[-48.062404, -15.918766], [-48.062453, -15.918781], [-48.062476, -15.918711], [-48.062426, -15.918695], [-48.062422, -15.918708], [-48.062401, -15.918701], [-48.062405, -15.918688], [-48.062388, -15.918683], [-48.062352, -15.91879], [-48.062392, -15.918802], [-48.062404, -15.918766]]]}, "properties": {}},
{"type": "Feature", "geometry": {"type": "Polygon", "coordinates": [[[-48.064167, -15.918708], [-48.064206, -15.91872], [-48.064202, -15.918731], [-48.064182, -15.918725], [-48.064181, -15.918727], [-48.064162, -15.918722], [-48.06414, -15.918791], [-48.064207, -15.918811], [-48.064258, -15.918657], [-48.06419, -15.918636], [-48.064182, -15.91866], [-48.064172, -15.918691], [-48.064167, -15.918708]]]}, "properties": {}},
{"type": "Feature", "geometry": {"type": "Polygon", "coordinates": [[[-48.063651, -15.918509], [-48.06365, -15.918513], [-48.063575, -15.91849], [-48.063562, -15.918528], [-48.063557, -15.918542], [-48.063544, -15.918582], [-48.063622, -15.918606], [-48.063652, -15.918515], [-48.063664, -15.918518], [-48.063676, -15.918482], [-48.063587, -15.918453], [-48.063576, -15.918487], [-48.063616, -15.918499], [-48.063651, -15.918509]]]}, "properties": {}},
{"type": "Feature", "geometry": {"type": "Polygon", "coordinates": [[[-48.060664, -15.91852], [-48.060655, -15.918548], [-48.060699, -15.918561], [-48.060711, -15.918523], [-48.060737, -15.918442], [-48.060649, -15.918416], [-48.060626, -15.918485], [-48.060619, -15.918507], [-48.060664, -15.91852]]]}, "properties": {}},
{"type": "Feature", "geometry": {"type": "Polygon", "coordinates": [[[-48.064622, -15.918292], [-48.064664, -15.918304], [-48.064691, -15.918219], [-48.064605, -15.918193], [-48.064577, -15.918278], [-48.064587, -15.918281], [-48.064622, -15.918292]]]}, "properties": {}},
{"type": "Feature", "geometry": {"type": "Polygon", "coordinates": [[[-48.059048, -15.918233], [-48.059062, -15.918192], [-48.058981, -15.918167], [-48.058986, -15.918152], [-48.058989, -15.918153], [-48.058999, -15.918124], [-48.05895, -15.918109], [-48.058948, -15.918108], [-48.05892, -15.918196], [-48.058922, -15.918196], [-48.059048, -15.918233]]]}, "properties": {}},
{"type": "Feature", "geometry": {"type": "Polygon", "coordinates": [[[-48.063871, -15.917814], [-48.063853, -15.917808], [-48.063854, -15.917806], [-48.063779, -15.917783], [-48.063761, -15.917839], [-48.063784, -15.917846], [-48.063868, -15.917872], [-48.063878, -15.917875], [-48.063918, -15.917888], [-48.063945, -15.917802], [-48.063913, -15.917792], [-48.063871, -15.91778], [-48.063868, -15.917789], [-48.063878, -15.917793], [-48.063871, -15.917814]]]}, "properties": {}},
{"type": "Feature", "geometry": {"type": "Polygon", "coordinates": [[[-48.062422, -15.917674], [-48.062428, -15.917655], [-48.062428, -15.917653], [-48.062439, -15.917619], [-48.062469, -15.917524], [-48.06238, -15.917497], [-48.062358, -15.917566], [-48.062332, -15.917647], [-48.062422, -15.917674]]]}, "properties": {}},
{"type": "Feature", "geometry": {"type": "Polygon", "coordinates": [[[-48.064824, -15.917057], [-48.064875, -15.917073], [-48.064871, -15.917084], [-48.064857, -15.91708], [-48.064846, -15.917085], [-48.064839, -15.917107], [-48.064899, -15.917125], [-48.064941, -15.916996], [-48.064853, -15.91697], [-48.064834, -15.917028], [-48.064827, -15.91705], [-48.064824, -15.917057]]]}, "properties": {}},
{"type": "Feature", "geometry": {"type": "Polygon", "coordinates": [[[-48.062569, -15.917032], [-48.06258, -15.917001], [-48.062569, -15.916998], [-48.062586, -15.916944], [-48.062511, -15.916922], [-48.0625, -15.916918], [-48.062473, -15.91691], [-48.062446, -15.916996], [-48.0625, -15.917012], [-48.062569, -15.917032]]]}, "properties": {}},
{"type": "Feature", "geometry": {"type": "Polygon", "coordinates": [[[-48.058551, -15.917792], [-48.05854, -15.917824], [-48.058542, -15.917825], [-48.05859, -15.91784], [-48.058592, -15.917834], [-48.058594, -15.917834], [-48.058598, -15.917822], [-48.058596, -15.917822], [-48.058614, -15.917766], [-48.058618, -15.917753], [-48.05857, -15.917738], [-48.058568, -15.917738], [-48.058558, -15.917769], [-48.058553, -15.917783], [-48.058551, -15.917792]]]}, "properties": {}},
{"type": "Feature", "geometry": {"type": "Polygon", "coordinates": [[[-48.056562, -15.916986], [-48.056559, -15.916997], [-48.056644, -15.917024], [-48.056664, -15.916961], [-48.05659, -15.916938], [-48.056585, -15.916951], [-48.056575, -15.916948], [-48.056562, -15.916986]]]}, "properties": {}},
{"type": "Feature", "geometry": {"type": "Polygon", "coordinates": [[[-48.057645, -15.916966], [-48.05764, -15.916983], [-48.057641, -15.916983], [-48.057728, -15.917009], [-48.057749, -15.916943], [-48.057752, -15.916933], [-48.057711, -15.91692], [-48.057717, -15.916901], [-48.057679, -15.91689], [-48.057673, -15.916908], [-48.057664, -15.916906], [-48.057645, -15.916966]]]}, "properties": {}},
{"type": "Feature", "geometry": {"type": "Polygon", "coordinates": [[[-48.057473, -15.916885], [-48.057462, -15.916919], [-48.057552, -15.916946], [-48.057587, -15.916839], [-48.057509, -15.916816], [-48.057494, -15.916864], [-48.057481, -15.91686], [-48.057473, -15.916885]]]}, "properties": {}},
{"type": "Feature", "geometry": {"type": "Polygon", "coordinates": [[[-48.063219, -15.918681], [-48.06331, -15.918708], [-48.063317, -15.918684], [-48.063318, -15.918684], [-48.063322, -15.91867], [-48.063337, -15.918624], [-48.063338, -15.918623], [-48.063361, -15.918552], [-48.063271, -15.918523], [-48.063256, -15.918568], [-48.063255, -15.91857], [-48.063221, -15.918675], [-48.063219, -15.918681]]]}, "properties": {}},
{"type": "Feature", "geometry": {"type": "Polygon", "coordinates": [[[-48.060133, -15.916725], [-48.06025, -15.91676], [-48.060276, -15.916675], [-48.060249, -15.916667], [-48.060149, -15.916636], [-48.060139, -15.916667], [-48.060132, -15.916688], [-48.060143, -15.916691], [-48.060133, -15.916725]]]}, "properties": {}},
{"type": "Feature", "geometry": {"type": "Polygon", "coordinates": [[[-48.063345, -15.914152], [-48.063318, -15.91424], [-48.063344, -15.914248], [-48.063374, -15.914257], [-48.063385, -15.914261], [-48.063414, -15.914174], [-48.063373, -15.914161], [-48.063345, -15.914152]]]}, "properties": {}},
{"type": "Feature", "geometry": {"type": "Polygon", "coordinates": [[[-48.057902, -15.918435], [-48.057894, -15.91846], [-48.057888, -15.918478], [-48.058023, -15.918518], [-48.05804, -15.918523], [-48.058067, -15.918439], [-48.05805, -15.918434], [-48.058023, -15.918425], [-48.058001, -15.918419], [-48.058, -15.918423], [-48.057998, -15.918427], [-48.057954, -15.918413], [-48.057928, -15.918406], [-48.057919, -15.918436], [-48.057903, -15.918431], [-48.057902, -15.918435]]]}, "properties": {}},
{"type": "Feature", "geometry": {"type": "Polygon", "coordinates": [[[-48.058328, -15.918328], [-48.058416, -15.918354], [-48.058416, -15.918353], [-48.05842, -15.918342], [-48.058435, -15.918294], [-48.058346, -15.918268], [-48.058338, -15.918295], [-48.058334, -15.918308], [-48.058328, -15.918328]]]}, "properties": {}},
{"type": "Feature", "geometry": {"type": "Polygon", "coordinates": [[[-48.055232, -15.914228], [-48.055228, -15.914234], [-48.055282, -15.914276], [-48.055283, -15.914275], [-48.055286, -15.914271], [-48.055373, -15.914167], [-48.055317, -15.914123], [-48.055315, -15.914125], [-48.055239, -15.914219], [-48.055232, -15.914228]]]}, "properties": {}},
{"type": "Feature", "geometry": {"type": "Polygon", "coordinates": [[[-48.059849, -15.915689], [-48.05988, -15.915679], [-48.05988, -15.915677], [-48.059983, -15.915631], [-48.059947, -15.915543], [-48.059811, -15.915584], [-48.059816, -15.915597], [-48.059849, -15.915689]]]}, "properties": {}},
{"type": "Feature", "geometry": {"type": "Polygon", "coordinates": [[[-48.064902, -15.916511], [-48.064899, -15.916521], [-48.064892, -15.916541], [-48.064928, -15.916551], [-48.064934, -15.916532], [-48.064965, -15.916541], [-48.064983, -15.916484], [-48.064981, -15.916484], [-48.064993, -15.916449], [-48.065017, -15.916456], [-48.06502, -15.916447], [-48.065024, -15.916432], [-48.064936, -15.916405], [-48.06493, -15.916425], [-48.064929, -15.916427], [-48.064902, -15.916511]]]}, "properties": {}},
{"type": "Feature", "geometry": {"type": "Polygon", "coordinates": [[[-48.058973, -15.916487], [-48.059001, -15.916402], [-48.058927, -15.91638], [-48.058899, -15.916466], [-48.058972, -15.916488], [-48.058973, -15.916487]]]}, "properties": {}},
{"type": "Feature", "geometry": {"type": "Polygon", "coordinates": [[[-48.054362, -15.916069], [-48.054387, -15.916076], [-48.05441, -15.916004], [-48.054425, -15.915959], [-48.054378, -15.915944], [-48.054337, -15.916074], [-48.054358, -15.91608], [-48.054362, -15.916069]]]}, "properties": {}},
{"type": "Feature", "geometry": {"type": "Polygon", "coordinates": [[[-48.063046, -15.916044], [-48.06318, -15.916084], [-48.06319, -15.916054], [-48.063171, -15.916048], [-48.063187, -15.916001], [-48.06319, -15.916002], [-48.063189, -15.916004], [-48.063194, -15.916005], [-48.063193, -15.916008], [-48.063198, -15.916009], [-48.063197, -15.916012], [-48.063203, -15.916014], [-48.063209, -15.915997], [-48.063136, -15.915975], [-48.063114, -15.915969], [-48.063099, -15.916014], [-48.06306, -15.916002], [-48.063046, -15.916044]]]}, "properties": {}},
{"type": "Feature", "geometry": {"type": "Polygon", "coordinates": [[[-48.055676, -15.916151], [-48.055724, -15.916165], [-48.055729, -15.916151], [-48.055724, -15.91615], [-48.055741, -15.9161], [-48.055698, -15.916087], [-48.055694, -15.916097], [-48.055635, -15.916078], [-48.055638, -15.916068], [-48.055593, -15.916054], [-48.055591, -15.916054], [-48.05557, -15.916119], [-48.055572, -15.916119], [-48.055676, -15.916151]]]}, "properties": {}},
{"type": "Feature", "geometry": {"type": "Polygon", "coordinates": [[[-48.060778, -15.915975], [-48.060805, -15.915983], [-48.060805, -15.915986], [-48.060881, -15.91601], [-48.060879, -15.916016], [-48.060843, -15.916005], [-48.060832, -15.916037], [-48.06087, -15.916049], [-48.06092, -15.916065], [-48.060938, -15.916013], [-48.060912, -15.916004], [-48.060923, -15.91597], [-48.060876, -15.915955], [-48.060816, -15.915936], [-48.060789, -15.915928], [-48.060775, -15.915974], [-48.060778, -15.915974], [-48.060778, -15.915975]]]}, "properties": {}},
{"type": "Feature", "geometry": {"type": "Polygon", "coordinates": [[[-48.059986, -15.916017], [-48.059997, -15.915983], [-48.06002, -15.915913], [-48.059993, -15.915905], [-48.060001, -15.91588], [-48.05996, -15.915868], [-48.059911, -15.916024], [-48.059977, -15.916045], [-48.059986, -15.916017]]]}, "properties": {}},
{"type": "Feature", "geometry": {"type": "Polygon", "coordinates": [[[-48.064073, -15.915827], [-48.064068, -15.915825], [-48.064052, -15.915874], [-48.064119, -15.915894], [-48.064135, -15.915847], [-48.06412, -15.915843], [-48.064126, -15.915824], [-48.064078, -15.915809], [-48.064077, -15.915812], [-48.064078, -15.915812], [-48.064073, -15.915827]]]}, "properties": {}},
{"type": "Feature", "geometry": {"type": "Polygon", "coordinates": [[[-48.059077, -15.915759], [-48.059051, -15.915751], [-48.059043, -15.915777], [-48.059023, -15.91584], [-48.059015, -15.915866], [-48.059014, -15.915868], [-48.059081, -15.915888], [-48.059082, -15.915885], [-48.05909, -15.915862], [-48.059113, -15.915787], [-48.059117, -15.915773], [-48.059136, -15.915712], [-48.059138, -15.915705], [-48.059121, -15.915699], [-48.059119, -15.915708], [-48.059096, -15.915701], [-48.059099, -15.915693], [-48.059072, -15.915685], [-48.059056, -15.915734], [-48.059082, -15.915742], [-48.059077, -15.915759]]]}, "properties": {}},
{"type": "Feature", "geometry": {"type": "Polygon", "coordinates": [[[-48.058119, -15.915719], [-48.058093, -15.915795], [-48.058118, -15.915802], [-48.05812, -15.915803], [-48.058191, -15.915824], [-48.058254, -15.915843], [-48.05827, -15.915796], [-48.058283, -15.915757], [-48.058291, -15.915731], [-48.058178, -15.915697], [-48.058153, -15.915697], [-48.058144, -15.915699], [-48.058135, -15.915703], [-48.058119, -15.915719]], [[-48.058241, -15.915748], [-48.058227, -15.91579], [-48.058131, -15.91576], [-48.058136, -15.915745], [-48.058224, -15.915772], [-48.058233, -15.915745], [-48.058241, -15.915748]]]}, "properties": {}},
{"type": "Feature", "geometry": {"type": "Polygon", "coordinates": [[[-48.061891, -15.915646], [-48.061904, -15.915606], [-48.061815, -15.915579], [-48.061808, -15.915599], [-48.061802, -15.915618], [-48.061891, -15.915646]]]}, "properties": {}},
{"type": "Feature", "geometry": {"type": "Polygon", "coordinates": [[[-48.055887, -15.915599], [-48.055908, -15.915606], [-48.056022, -15.915639], [-48.056025, -15.91564], [-48.056044, -15.91558], [-48.056041, -15.915579], [-48.056022, -15.915573], [-48.056031, -15.915548], [-48.055935, -15.915519], [-48.055922, -15.915558], [-48.055902, -15.915552], [-48.055887, -15.915599]]]}, "properties": {}},
{"type": "Feature", "geometry": {"type": "Polygon", "coordinates": [[[-48.057848, -15.915278], [-48.057847, -15.915281], [-48.05788, -15.91529], [-48.057907, -15.915298], [-48.057931, -15.915222], [-48.057874, -15.915204], [-48.057872, -15.915208], [-48.057865, -15.915228], [-48.057848, -15.915278]]]}, "properties": {}},
{"type": "Feature", "geometry": {"type": "Polygon", "coordinates": [[[-48.064157, -15.914834], [-48.064157, -15.914833], [-48.064024, -15.914793], [-48.064002, -15.914859], [-48.064134, -15.914899], [-48.064157, -15.914834]]]}, "properties": {}},
{"type": "Feature", "geometry": {"type": "Polygon", "coordinates": [[[-48.064879, -15.914891], [-48.064903, -15.914818], [-48.064904, -15.914817], [-48.064856, -15.914801], [-48.064813, -15.914788], [-48.064803, -15.914817], [-48.064762, -15.914805], [-48.064772, -15.914775], [-48.06475, -15.914768], [-48.064744, -15.914766], [-48.064716, -15.914854], [-48.064875, -15.914902], [-48.064879, -15.914891]]]}, "properties": {}},
{"type": "Feature", "geometry": {"type": "Polygon", "coordinates": [[[-48.061433, -15.914872], [-48.061498, -15.914867], [-48.061491, -15.914784], [-48.061418, -15.91479], [-48.061428, -15.914872], [-48.061433, -15.914872]]]}, "properties": {}},
{"type": "Feature", "geometry": {"type": "Polygon", "coordinates": [[[-48.054418, -15.914676], [-48.054444, -15.914684], [-48.054454, -15.914655], [-48.054472, -15.914599], [-48.054426, -15.914585], [-48.054338, -15.914559], [-48.05432, -15.914553], [-48.054318, -15.914553], [-48.05429, -15.914638], [-48.054293, -15.914639], [-48.054418, -15.914676]]]}, "properties": {}},
{"type": "Feature", "geometry": {"type": "Polygon", "coordinates": [[[-48.062229, -15.914292], [-48.062218, -15.914324], [-48.062215, -15.914335], [-48.062277, -15.914353], [-48.062281, -15.914354], [-48.062283, -15.914355], [-48.062291, -15.914329], [-48.062329, -15.914209], [-48.06233, -15.914207], [-48.06233, -15.914205], [-48.062263, -15.914184], [-48.062262, -15.914184], [-48.062262, -15.914187], [-48.062253, -15.914215], [-48.062229, -15.914292]]]}, "properties": {}},
{"type": "Feature", "geometry": {"type": "Polygon", "coordinates": [[[-48.062617, -15.91416], [-48.062617, -15.914158], [-48.062621, -15.914159], [-48.06262, -15.91416], [-48.062623, -15.914161], [-48.062627, -15.91415], [-48.062637, -15.914153], [-48.062629, -15.91418], [-48.062698, -15.9142], [-48.062719, -15.914133], [-48.062671, -15.914118], [-48.062644, -15.91411], [-48.062588, -15.914093], [-48.062572, -15.914141], [-48.06257, -15.914145], [-48.062617, -15.91416]]]}, "properties": {}},
{"type": "Feature", "geometry": {"type": "Polygon", "coordinates": [[[-48.063907, -15.913976], [-48.063913, -15.91396], [-48.063869, -15.913946], [-48.06387, -15.913942], [-48.063866, -15.91394], [-48.063882, -15.913891], [-48.063841, -15.913878], [-48.063798, -15.914007], [-48.06389, -15.914034], [-48.063907, -15.913976]]]}, "properties": {}},
{"type": "Feature", "geometry": {"type": "Polygon", "coordinates": [[[-48.054994, -15.914082], [-48.05505, -15.914124], [-48.055053, -15.914121], [-48.055056, -15.914116], [-48.055068, -15.914102], [-48.055117, -15.91404], [-48.05515, -15.913999], [-48.055114, -15.913972], [-48.055095, -15.913958], [-48.055007, -15.914065], [-48.054996, -15.914079], [-48.054994, -15.914082]]]}, "properties": {}},
{"type": "Feature", "geometry": {"type": "Polygon", "coordinates": [[[-48.06297, -15.913846], [-48.062996, -15.913759], [-48.062937, -15.913741], [-48.062864, -15.91372], [-48.062838, -15.913806], [-48.062926, -15.913832], [-48.06297, -15.913846]]]}, "properties": {}},
{"type": "Feature", "geometry": {"type": "Polygon", "coordinates": [[[-48.059488, -15.918912], [-48.059509, -15.918918], [-48.059494, -15.918967], [-48.059571, -15.91899], [-48.059585, -15.918945], [-48.059599, -15.918904], [-48.059549, -15.918889], [-48.059465, -15.918863], [-48.059448, -15.918915], [-48.059483, -15.918925], [-48.059488, -15.918912]]]}, "properties": {}},
{"type": "Feature", "geometry": {"type": "Polygon", "coordinates": [[[-48.064205, -15.91884], [-48.064213, -15.918842], [-48.0642, -15.918879], [-48.064272, -15.9189], [-48.064293, -15.918837], [-48.064271, -15.91883], [-48.064207, -15.918811], [-48.064199, -15.918836], [-48.064206, -15.918838], [-48.064205, -15.91884]]]}, "properties": {}},
{"type": "Feature", "geometry": {"type": "Polygon", "coordinates": [[[-48.06189, -15.918672], [-48.06187, -15.918666], [-48.061864, -15.918684], [-48.061937, -15.918705], [-48.061942, -15.918691], [-48.061946, -15.918678], [-48.061969, -15.918612], [-48.061932, -15.918601], [-48.061915, -15.918654], [-48.061898, -15.918648], [-48.06189, -15.918672]]]}, "properties": {}},
{"type": "Feature", "geometry": {"type": "Polygon", "coordinates": [[[-48.05923, -15.918688], [-48.059287, -15.918706], [-48.059284, -15.918712], [-48.059333, -15.918727], [-48.059351, -15.918732], [-48.059378, -15.918647], [-48.059229, -15.918601], [-48.059228, -15.9186], [-48.059207, -15.918662], [-48.059236, -15.918671], [-48.05923, -15.918688]]]}, "properties": {}},
{"type": "Feature", "geometry": {"type": "Polygon", "coordinates": [[[-48.059745, -15.918567], [-48.059799, -15.918584], [-48.059804, -15.918568], [-48.059814, -15.918537], [-48.059805, -15.918534], [-48.059812, -15.91851], [-48.059734, -15.918486], [-48.059724, -15.918516], [-48.059711, -15.918557], [-48.059745, -15.918567]]]}, "properties": {}},
{"type": "Feature", "geometry": {"type": "Polygon", "coordinates": [[[-48.063695, -15.918249], [-48.063694, -15.91825], [-48.063715, -15.918256], [-48.063716, -15.918252], [-48.063722, -15.918254], [-48.063724, -15.918246], [-48.063722, -15.918245], [-48.063724, -15.918237], [-48.063728, -15.918238], [-48.063733, -15.918223], [-48.06373, -15.918222], [-48.063734, -15.918211], [-48.063673, -15.918193], [-48.063658, -15.918238], [-48.063695, -15.918249]]]}, "properties": {}},
{"type": "Feature", "geometry": {"type": "Polygon", "coordinates": [[[-48.054779, -15.918387], [-48.054807, -15.9183], [-48.054746, -15.918282], [-48.054732, -15.918324], [-48.054718, -15.918368], [-48.054779, -15.918387]]]}, "properties": {}},
{"type": "Feature", "geometry": {"type": "Polygon", "coordinates": [[[-48.060154, -15.918313], [-48.060171, -15.918319], [-48.06019, -15.918259], [-48.060178, -15.918255], [-48.060187, -15.918227], [-48.060183, -15.918226], [-48.060139, -15.918214], [-48.060138, -15.918219], [-48.060081, -15.918202], [-48.060055, -15.918284], [-48.060067, -15.918288], [-48.060154, -15.918313]]]}, "properties": {}},
{"type": "Feature", "geometry": {"type": "Polygon", "coordinates": [[[-48.054477, -15.917302], [-48.054629, -15.917349], [-48.054633, -15.91735], [-48.054635, -15.917351], [-48.054662, -15.917263], [-48.054657, -15.917262], [-48.054639, -15.917256], [-48.054505, -15.917215], [-48.0545, -15.917232], [-48.054484, -15.917278], [-48.054477, -15.917302]]]}, "properties": {}},
{"type": "Feature", "geometry": {"type": "Polygon", "coordinates": [[[-48.055408, -15.917133], [-48.055429, -15.917069], [-48.055374, -15.917052], [-48.05537, -15.917065], [-48.055325, -15.917051], [-48.055329, -15.917038], [-48.055311, -15.917033], [-48.05528, -15.917023], [-48.055268, -15.91702], [-48.055246, -15.917085], [-48.055258, -15.917089], [-48.055408, -15.917133]]]}, "properties": {}},
{"type": "Feature", "geometry": {"type": "Polygon", "coordinates": [[[-48.059574, -15.917106], [-48.059566, -15.917103], [-48.059547, -15.917164], [-48.059637, -15.917191], [-48.059642, -15.917175], [-48.059678, -15.917061], [-48.059609, -15.91704], [-48.059588, -15.917034], [-48.059576, -15.917072], [-48.059585, -15.917075], [-48.059574, -15.917106]]]}, "properties": {}},
{"type": "Feature", "geometry": {"type": "Polygon", "coordinates": [[[-48.059459, -15.916806], [-48.059428, -15.916797], [-48.059378, -15.916781], [-48.059377, -15.916781], [-48.05935, -15.916867], [-48.05943, -15.916892], [-48.059459, -15.916806]]]}, "properties": {}},
{"type": "Feature", "geometry": {"type": "Polygon", "coordinates": [[[-48.058432, -15.916799], [-48.058447, -15.916754], [-48.058451, -15.91674], [-48.058431, -15.916734], [-48.058437, -15.916716], [-48.058397, -15.916704], [-48.058399, -15.9167], [-48.058397, -15.9167], [-48.058398, -15.916698], [-48.058392, -15.916696], [-48.058399, -15.916676], [-48.058376, -15.916669], [-48.058363, -15.916711], [-48.058344, -15.916771], [-48.058432, -15.916799]]]}, "properties": {}},
{"type": "Feature", "geometry": {"type": "Polygon", "coordinates": [[[-48.059255, -15.918095], [-48.05922, -15.918085], [-48.059208, -15.918121], [-48.059231, -15.918128], [-48.059237, -15.918148], [-48.059363, -15.918187], [-48.059367, -15.918175], [-48.05938, -15.918134], [-48.059369, -15.918131], [-48.059386, -15.91808], [-48.059261, -15.918043], [-48.059254, -15.918062], [-48.059265, -15.918065], [-48.059255, -15.918095]]]}, "properties": {}},
{"type": "Feature", "geometry": {"type": "Polygon", "coordinates": [[[-48.062216, -15.91912], [-48.062234, -15.919064], [-48.062234, -15.919063], [-48.062219, -15.919059], [-48.062216, -15.919065], [-48.06219, -15.919057], [-48.062192, -15.919051], [-48.062147, -15.919037], [-48.062145, -15.919036], [-48.062143, -15.919044], [-48.062127, -15.919093], [-48.062216, -15.91912]]]}, "properties": {}},
{"type": "Feature", "geometry": {"type": "Polygon", "coordinates": [[[-48.062334, -15.919056], [-48.062245, -15.919029], [-48.062234, -15.919064], [-48.062323, -15.919091], [-48.062334, -15.919056]]]}, "properties": {}},
{"type": "Feature", "geometry": {"type": "Polygon", "coordinates": [[[-48.058762, -15.919027], [-48.058794, -15.919036], [-48.058807, -15.918995], [-48.058725, -15.91897], [-48.058676, -15.918954], [-48.058648, -15.91904], [-48.058748, -15.91907], [-48.058762, -15.919027]]]}, "properties": {}},
{"type": "Feature", "geometry": {"type": "Polygon", "coordinates": [[[-48.063234, -15.918941], [-48.063237, -15.918942], [-48.063239, -15.918937], [-48.063248, -15.918939], [-48.063246, -15.918944], [-48.063264, -15.91895], [-48.063266, -15.918944], [-48.063271, -15.918946], [-48.063269, -15.918951], [-48.063271, -15.918952], [-48.063273, -15.918946], [-48.063274, -15.918947], [-48.063275, -15.918945], [-48.063298, -15.918952], [-48.063297, -15.918955], [-48.063298, -15.918956], [-48.063297, -15.91896], [-48.063324, -15.918968], [-48.063339, -15.91892], [-48.063343, -15.91891], [-48.063357, -15.918865], [-48.063308, -15.91885], [-48.063317, -15.918823], [-48.063277, -15.918811], [-48.063276, -15.918813], [-48.063265, -15.918848], [-48.063234, -15.918941]], [[-48.063287, -15.91889], [-48.063294, -15.918867], [-48.063302, -15.91887], [-48.063295, -15.918892], [-48.063287, -15.91889]]]}, "properties": {}},
{"type": "Feature", "geometry": {"type": "Polygon", "coordinates": [[[-48.063675, -15.918785], [-48.063696, -15.918724], [-48.063688, -15.918721], [-48.063691, -15.918711], [-48.063699, -15.918714], [-48.063716, -15.918663], [-48.063626, -15.918636], [-48.063601, -15.918712], [-48.063586, -15.918758], [-48.063675, -15.918785]]]}, "properties": {}},
{"type": "Feature", "geometry": {"type": "Polygon", "coordinates": [[[-48.064629, -15.918566], [-48.064718, -15.918593], [-48.064743, -15.918518], [-48.064707, -15.918507], [-48.064689, -15.918502], [-48.064684, -15.918516], [-48.06465, -15.918506], [-48.064629, -15.918566]]]}, "properties": {}},
{"type": "Feature", "geometry": {"type": "Polygon", "coordinates": [[[-48.062313, -15.918565], [-48.062316, -15.918554], [-48.062352, -15.918565], [-48.062348, -15.918576], [-48.062371, -15.918583], [-48.062399, -15.918496], [-48.062265, -15.918456], [-48.062246, -15.91845], [-48.062219, -15.918536], [-48.062258, -15.918548], [-48.062313, -15.918565]]]}, "properties": {}},
{"type": "Feature", "geometry": {"type": "Polygon", "coordinates": [[[-48.058298, -15.918574], [-48.058424, -15.918613], [-48.058433, -15.918586], [-48.058465, -15.918596], [-48.058484, -15.918537], [-48.058326, -15.918487], [-48.058325, -15.918487], [-48.058299, -15.918566], [-48.058297, -15.918574], [-48.058298, -15.918574]]]}, "properties": {}},
{"type": "Feature", "geometry": {"type": "Polygon", "coordinates": [[[-48.064618, -15.918468], [-48.064634, -15.918473], [-48.064633, -15.918475], [-48.064674, -15.918487], [-48.064671, -15.918496], [-48.064689, -15.918502], [-48.064707, -15.918507], [-48.064721, -15.918467], [-48.064716, -15.918465], [-48.064719, -15.918454], [-48.06476, -15.918466], [-48.064771, -15.918432], [-48.064739, -15.918422], [-48.064636, -15.918391], [-48.06462, -15.91844], [-48.064626, -15.918442], [-48.064618, -15.918468]]]}, "properties": {}},
{"type": "Feature", "geometry": {"type": "Polygon", "coordinates": [[[-48.060827, -15.918469], [-48.060827, -15.91847], [-48.060914, -15.918496], [-48.060932, -15.91844], [-48.060955, -15.918368], [-48.06096, -15.918352], [-48.060873, -15.918326], [-48.060869, -15.918341], [-48.06086, -15.918368], [-48.060827, -15.918469]]]}, "properties": {}},
{"type": "Feature", "geometry": {"type": "Polygon", "coordinates": [[[-48.062488, -15.917954], [-48.0625, -15.917958], [-48.062522, -15.917964], [-48.06254, -15.917908], [-48.062553, -15.917866], [-48.0625, -15.917849], [-48.062465, -15.917838], [-48.06244, -15.917915], [-48.062495, -15.917932], [-48.062488, -15.917954]]]}, "properties": {}},
{"type": "Feature", "geometry": {"type": "Polygon", "coordinates": [[[-48.065012, -15.917585], [-48.065015, -15.917574], [-48.065045, -15.917583], [-48.065069, -15.917508], [-48.064936, -15.917468], [-48.064927, -15.917495], [-48.064909, -15.917553], [-48.065012, -15.917585]]]}, "properties": {}},
{"type": "Feature", "geometry": {"type": "Polygon", "coordinates": [[[-48.060932, -15.917489], [-48.061036, -15.91752], [-48.061053, -15.917463], [-48.061008, -15.91745], [-48.061018, -15.91742], [-48.061006, -15.917417], [-48.060994, -15.917413], [-48.060983, -15.91741], [-48.06098, -15.917417], [-48.060993, -15.91742], [-48.060989, -15.917431], [-48.060982, -15.917429], [-48.060979, -15.91744], [-48.060969, -15.917437], [-48.060979, -15.917408], [-48.06093, -15.917394], [-48.060902, -15.91748], [-48.060932, -15.917489]]]}, "properties": {}},
{"type": "Feature", "geometry": {"type": "Polygon", "coordinates": [[[-48.062431, -15.917188], [-48.0625, -15.917208], [-48.06252, -15.917214], [-48.062525, -15.9172], [-48.06255, -15.917123], [-48.0625, -15.917108], [-48.062462, -15.917097], [-48.062461, -15.917096], [-48.062448, -15.917134], [-48.062445, -15.917146], [-48.062431, -15.917188]]]}, "properties": {}},
{"type": "Feature", "geometry": {"type": "Polygon", "coordinates": [[[-48.060866, -15.917124], [-48.060862, -15.917136], [-48.060854, -15.917133], [-48.060847, -15.917154], [-48.060903, -15.917172], [-48.060952, -15.917022], [-48.060863, -15.916995], [-48.060832, -15.917088], [-48.060824, -15.917111], [-48.060866, -15.917124]]]}, "properties": {}},
{"type": "Feature", "geometry": {"type": "Polygon", "coordinates": [[[-48.062951, -15.916853], [-48.063054, -15.916884], [-48.063051, -15.916894], [-48.063063, -15.916898], [-48.063078, -15.916902], [-48.063105, -15.916817], [-48.063064, -15.916805], [-48.062957, -15.916772], [-48.062942, -15.916818], [-48.06296, -15.916823], [-48.062951, -15.916853]]]}, "properties": {}},
{"type": "Feature", "geometry": {"type": "Polygon", "coordinates": [[[-48.062877, -15.916748], [-48.062957, -15.916772], [-48.062982, -15.916696], [-48.062985, -15.916686], [-48.062922, -15.916667], [-48.062859, -15.916647], [-48.062853, -15.916667], [-48.062848, -15.916681], [-48.062907, -15.916699], [-48.062904, -15.916708], [-48.062842, -15.916689], [-48.062849, -15.916667], [-48.062856, -15.916646], [-48.062852, -15.916645], [-48.062826, -15.916637], [-48.062817, -15.916667], [-48.062798, -15.916724], [-48.062877, -15.916748]]]}, "properties": {}},
{"type": "Feature", "geometry": {"type": "Polygon", "coordinates": [[[-48.060968, -15.917878], [-48.060954, -15.917922], [-48.060951, -15.91793], [-48.060942, -15.91796], [-48.060918, -15.918035], [-48.061009, -15.918063], [-48.061017, -15.918036], [-48.061021, -15.918024], [-48.061027, -15.918003], [-48.061022, -15.918001], [-48.06104, -15.917943], [-48.061046, -15.917945], [-48.061046, -15.917943], [-48.061048, -15.917936], [-48.061058, -15.917906], [-48.060968, -15.917878]]]}, "properties": {}},
{"type": "Feature", "geometry": {"type": "Polygon", "coordinates": [[[-48.063884, -15.917684], [-48.063941, -15.917701], [-48.06394, -15.917706], [-48.063956, -15.917711], [-48.063973, -15.917716], [-48.063974, -15.917716], [-48.064004, -15.91763], [-48.063957, -15.917615], [-48.063916, -15.917603], [-48.063895, -15.917669], [-48.063889, -15.917667], [-48.063884, -15.917684]]]}, "properties": {}},
{"type": "Feature", "geometry": {"type": "Polygon", "coordinates": [[[-48.062444, -15.917452], [-48.062433, -15.917449], [-48.062429, -15.917461], [-48.062395, -15.91745], [-48.06238, -15.917497], [-48.062469, -15.917524], [-48.062485, -15.917471], [-48.062487, -15.917466], [-48.0625, -15.917424], [-48.062509, -15.917394], [-48.062499, -15.917391], [-48.062485, -15.917436], [-48.062452, -15.917426], [-48.062444, -15.917452]]]}, "properties": {}},
{"type": "Feature", "geometry": {"type": "Polygon", "coordinates": [[[-48.064516, -15.917151], [-48.06451, -15.917168], [-48.064531, -15.917174], [-48.06453, -15.917178], [-48.064526, -15.917177], [-48.064525, -15.91718], [-48.06445, -15.917157], [-48.064444, -15.917174], [-48.064422, -15.917244], [-48.064512, -15.917271], [-48.064548, -15.917162], [-48.064557, -15.917132], [-48.064466, -15.917108], [-48.064464, -15.917113], [-48.064458, -15.917133], [-48.064516, -15.917151]]]}, "properties": {}},
{"type": "Feature", "geometry": {"type": "Polygon", "coordinates": [[[-48.06512, -15.917049], [-48.065133, -15.917009], [-48.065043, -15.916982], [-48.06503, -15.917022], [-48.065036, -15.917024], [-48.06512, -15.917049]]]}, "properties": {}},
{"type": "Feature", "geometry": {"type": "Polygon", "coordinates": [[[-48.065045, -15.916975], [-48.065083, -15.916986], [-48.06509, -15.916965], [-48.065111, -15.916971], [-48.065103, -15.916996], [-48.065134, -15.917006], [-48.065162, -15.91692], [-48.065131, -15.916911], [-48.065122, -15.916937], [-48.065101, -15.916931], [-48.06511, -15.916905], [-48.065071, -15.916893], [-48.065048, -15.916965], [-48.065046, -15.916972], [-48.065045, -15.916975]]]}, "properties": {}},
{"type": "Feature", "geometry": {"type": "Polygon", "coordinates": [[[-48.054281, -15.916956], [-48.054241, -15.916944], [-48.054239, -15.91695], [-48.05419, -15.916935], [-48.054162, -15.917017], [-48.054252, -15.917044], [-48.054281, -15.916956]]]}, "properties": {}},
{"type": "Feature", "geometry": {"type": "Polygon", "coordinates": [[[-48.060776, -15.916661], [-48.060794, -15.916606], [-48.060787, -15.916604], [-48.060802, -15.91656], [-48.060719, -15.916534], [-48.060684, -15.916645], [-48.060726, -15.916658], [-48.060772, -15.916672], [-48.060775, -15.916663], [-48.060776, -15.916661]]]}, "properties": {}},
{"type": "Feature", "geometry": {"type": "Polygon", "coordinates": [[[-48.055821, -15.9155], [-48.055826, -15.915485], [-48.055834, -15.91546], [-48.055745, -15.915432], [-48.055733, -15.915468], [-48.055697, -15.915578], [-48.055694, -15.915587], [-48.055774, -15.915611], [-48.055811, -15.915497], [-48.055821, -15.9155]]]}, "properties": {}},
{"type": "Feature", "geometry": {"type": "Polygon", "coordinates": [[[-48.06105, -15.917937], [-48.061138, -15.917963], [-48.061142, -15.917949], [-48.061147, -15.917935], [-48.061058, -15.917906], [-48.061048, -15.917936], [-48.06105, -15.917937]]]}, "properties": {}},
{"type": "Feature", "geometry": {"type": "Polygon", "coordinates": [[[-48.061267, -15.917417], [-48.061222, -15.917403], [-48.061213, -15.917431], [-48.061258, -15.917444], [-48.061267, -15.917417]]]}, "properties": {}},
{"type": "Feature", "geometry": {"type": "Polygon", "coordinates": [[[-48.063907, -15.914465], [-48.063816, -15.914438], [-48.063789, -15.914518], [-48.06388, -15.914545], [-48.063907, -15.914465]]]}, "properties": {}},
{"type": "Feature", "geometry": {"type": "Polygon", "coordinates": [[[-48.056023, -15.915403], [-48.056067, -15.915274], [-48.056026, -15.915261], [-48.055978, -15.915247], [-48.055932, -15.915389], [-48.056019, -15.915415], [-48.056023, -15.915403]]]}, "properties": {}},
{"type": "Feature", "geometry": {"type": "Polygon", "coordinates": [[[-48.065022, -15.916667], [-48.065044, -15.916673], [-48.065046, -15.916667], [-48.065065, -15.916607], [-48.065043, -15.9166], [-48.065034, -15.916597], [-48.06503, -15.916608], [-48.06502, -15.916605], [-48.065023, -15.916594], [-48.064977, -15.91658], [-48.064958, -15.916638], [-48.064955, -15.916647], [-48.065022, -15.916667]]]}, "properties": {}},
{"type": "Feature", "geometry": {"type": "Polygon", "coordinates": [[[-48.062187, -15.91668], [-48.062202, -15.916635], [-48.0622, -15.916626], [-48.062198, -15.916625], [-48.062207, -15.916598], [-48.062082, -15.916559], [-48.062062, -15.91662], [-48.062054, -15.916644], [-48.062053, -15.916645], [-48.062113, -15.916664], [-48.062114, -15.91666], [-48.062187, -15.91668]]]}, "properties": {}},
{"type": "Feature", "geometry": {"type": "Polygon", "coordinates": [[[-48.059322, -15.916541], [-48.05931, -15.916537], [-48.0593, -15.916568], [-48.059377, -15.916591], [-48.059397, -15.916597], [-48.059432, -15.916608], [-48.059433, -15.916609], [-48.059461, -15.916522], [-48.059425, -15.916511], [-48.059406, -15.916571], [-48.059397, -15.916568], [-48.059417, -15.916509], [-48.05939, -15.9165], [-48.059327, -15.916481], [-48.059316, -15.916518], [-48.059328, -15.916522], [-48.059322, -15.916541]]]}, "properties": {}},
{"type": "Feature", "geometry": {"type": "Polygon", "coordinates": [[[-48.060895, -15.916295], [-48.060889, -15.916316], [-48.060976, -15.916343], [-48.061025, -15.916192], [-48.061011, -15.916188], [-48.060978, -15.916178], [-48.06097, -15.916176], [-48.060964, -15.916194], [-48.060947, -15.916188], [-48.060953, -15.91617], [-48.060937, -15.916166], [-48.060916, -15.916232], [-48.060895, -15.916295]]]}, "properties": {}},
{"type": "Feature", "geometry": {"type": "Polygon", "coordinates": [[[-48.064786, -15.91608], [-48.064784, -15.916086], [-48.064849, -15.916105], [-48.064885, -15.915997], [-48.064889, -15.915982], [-48.064823, -15.915963], [-48.064819, -15.915978], [-48.064798, -15.916041], [-48.064786, -15.91608]]]}, "properties": {}},
{"type": "Feature", "geometry": {"type": "Polygon", "coordinates": [[[-48.058824, -15.916042], [-48.058767, -15.916024], [-48.058769, -15.916019], [-48.058751, -15.916013], [-48.058728, -15.916082], [-48.058803, -15.916104], [-48.058824, -15.916042]]]}, "properties": {}},
{"type": "Feature", "geometry": {"type": "Polygon", "coordinates": [[[-48.05734, -15.916106], [-48.057367, -15.916114], [-48.057405, -15.916126], [-48.057434, -15.916039], [-48.057333, -15.916009], [-48.057321, -15.916005], [-48.057293, -15.916092], [-48.057338, -15.916106], [-48.05734, -15.916106]]]}, "properties": {}},
{"type": "Feature", "geometry": {"type": "Polygon", "coordinates": [[[-48.061813, -15.915952], [-48.061792, -15.915945], [-48.061776, -15.915994], [-48.061776, -15.915995], [-48.061866, -15.916022], [-48.061867, -15.916021], [-48.061879, -15.915983], [-48.061894, -15.915937], [-48.061867, -15.915929], [-48.061854, -15.915969], [-48.061812, -15.915957], [-48.061813, -15.915952]]]}, "properties": {}},
{"type": "Feature", "geometry": {"type": "Polygon", "coordinates": [[[-48.057468, -15.915953], [-48.057472, -15.915954], [-48.057499, -15.915868], [-48.057425, -15.915847], [-48.057421, -15.915845], [-48.057404, -15.915841], [-48.057377, -15.915926], [-48.057427, -15.915941], [-48.057468, -15.915953]]]}, "properties": {}},
{"type": "Feature", "geometry": {"type": "Polygon", "coordinates": [[[-48.06414, -15.915833], [-48.064135, -15.915847], [-48.064119, -15.915894], [-48.064187, -15.915914], [-48.064207, -15.915853], [-48.064218, -15.915819], [-48.064193, -15.915811], [-48.064203, -15.915779], [-48.064228, -15.915787], [-48.064229, -15.915783], [-48.064235, -15.915767], [-48.064236, -15.915763], [-48.064169, -15.915743], [-48.064168, -15.915746], [-48.064162, -15.915766], [-48.06414, -15.915833]]]}, "properties": {}},
{"type": "Feature", "geometry": {"type": "Polygon", "coordinates": [[[-48.057668, -15.915758], [-48.057665, -15.915757], [-48.057634, -15.91585], [-48.057638, -15.915851], [-48.057637, -15.915852], [-48.057663, -15.915859], [-48.05765, -15.915897], [-48.057738, -15.915924], [-48.057781, -15.915793], [-48.057788, -15.915773], [-48.057789, -15.91577], [-48.057699, -15.915741], [-48.057698, -15.915745], [-48.057691, -15.915765], [-48.057668, -15.915758]]]}, "properties": {}},
{"type": "Feature", "geometry": {"type": "Polygon", "coordinates": [[[-48.061597, -15.915641], [-48.061688, -15.915668], [-48.061712, -15.915592], [-48.061725, -15.915552], [-48.061634, -15.915525], [-48.061621, -15.915564], [-48.061604, -15.915617], [-48.061597, -15.915641]]]}, "properties": {}},
{"type": "Feature", "geometry": {"type": "Polygon", "coordinates": [[[-48.055661, -15.915688], [-48.05565, -15.915718], [-48.055647, -15.915729], [-48.055641, -15.915746], [-48.055731, -15.915774], [-48.055736, -15.915761], [-48.055783, -15.915614], [-48.055704, -15.91559], [-48.055679, -15.915656], [-48.055668, -15.91569], [-48.055661, -15.915688]]]}, "properties": {}},
{"type": "Feature", "geometry": {"type": "Polygon", "coordinates": [[[-48.061494, -15.915399], [-48.061496, -15.9154], [-48.061514, -15.915345], [-48.061455, -15.915328], [-48.061427, -15.915416], [-48.061483, -15.915433], [-48.061494, -15.915399]]]}, "properties": {}},
{"type": "Feature", "geometry": {"type": "Polygon", "coordinates": [[[-48.062244, -15.915396], [-48.062306, -15.915414], [-48.06231, -15.915402], [-48.062299, -15.915398], [-48.062311, -15.91536], [-48.062322, -15.915364], [-48.062327, -15.915347], [-48.062193, -15.915307], [-48.062169, -15.915378], [-48.062242, -15.915401], [-48.062244, -15.915396]]]}, "properties": {}},
{"type": "Feature", "geometry": {"type": "Polygon", "coordinates": [[[-48.055773, -15.914878], [-48.055776, -15.914879], [-48.055775, -15.914882], [-48.055809, -15.914893], [-48.055841, -15.914802], [-48.055786, -15.914784], [-48.055752, -15.914887], [-48.055768, -15.914892], [-48.055773, -15.914878]]]}, "properties": {}},
{"type": "Feature", "geometry": {"type": "Polygon", "coordinates": [[[-48.054297, -15.914747], [-48.0543, -15.914737], [-48.054282, -15.914732], [-48.054268, -15.914776], [-48.054263, -15.914792], [-48.054294, -15.914801], [-48.054289, -15.914817], [-48.054258, -15.914807], [-48.054241, -15.914859], [-48.05424, -15.914864], [-48.054329, -15.914891], [-48.054331, -15.914887], [-48.054348, -15.914832], [-48.054318, -15.914823], [-48.054323, -15.91481], [-48.054352, -15.914819], [-48.054355, -15.914809], [-48.054371, -15.914758], [-48.054369, -15.914757], [-48.054324, -15.914744], [-48.054309, -15.91474], [-48.054305, -15.91475], [-48.054297, -15.914747]]]}, "properties": {}},
{"type": "Feature", "geometry": {"type": "Polygon", "coordinates": [[[-48.061145, -15.914012], [-48.061145, -15.914013], [-48.061214, -15.914034], [-48.061278, -15.914053], [-48.061278, -15.914052], [-48.0613, -15.913987], [-48.061236, -15.913968], [-48.061228, -15.913992], [-48.061158, -15.913971], [-48.061145, -15.914012]]]}, "properties": {}},
{"type": "Feature", "geometry": {"type": "Polygon", "coordinates": [[[-48.06186, -15.914006], [-48.06187, -15.914022], [-48.061875, -15.914024], [-48.06201, -15.914061], [-48.06203, -15.913998], [-48.061965, -15.913978], [-48.06189, -15.913954], [-48.061869, -15.913948], [-48.061863, -15.913947], [-48.061849, -15.914004], [-48.061856, -15.914005], [-48.06186, -15.914006]]]}, "properties": {}},
{"type": "Feature", "geometry": {"type": "Polygon", "coordinates": [[[-48.060857, -15.913766], [-48.060844, -15.913808], [-48.060817, -15.913896], [-48.060844, -15.913905], [-48.06085, -15.913887], [-48.06088, -15.913897], [-48.060903, -15.913826], [-48.060912, -15.913829], [-48.060921, -15.913802], [-48.060925, -15.913788], [-48.060927, -15.913783], [-48.060928, -15.913779], [-48.06086, -15.913759], [-48.060859, -15.913759], [-48.060858, -15.913762], [-48.060857, -15.913764], [-48.060857, -15.913766]]]}, "properties": {}},
{"type": "Feature", "geometry": {"type": "Polygon", "coordinates": [[[-48.055559, -15.916968], [-48.055565, -15.916952], [-48.055548, -15.916947], [-48.055561, -15.916909], [-48.05549, -15.916886], [-48.055471, -15.916941], [-48.055538, -15.916962], [-48.055559, -15.916968]]]}, "properties": {}},
{"type": "Feature", "geometry": {"type": "Polygon", "coordinates": [[[-48.063024, -15.918119], [-48.063011, -15.918115], [-48.062967, -15.918102], [-48.062939, -15.918187], [-48.062994, -15.918204], [-48.063024, -15.91812], [-48.063024, -15.918119]]]}, "properties": {}},
{"type": "Feature", "geometry": {"type": "Polygon", "coordinates": [[[-48.057104, -15.916678], [-48.057072, -15.916668], [-48.057066, -15.916667], [-48.05697, -15.916638], [-48.056951, -15.916632], [-48.056941, -15.916667], [-48.056924, -15.916719], [-48.057076, -15.916765], [-48.057104, -15.916678]]]}, "properties": {}},
{"type": "Feature", "geometry": {"type": "Polygon", "coordinates": [[[-48.056475, -15.918755], [-48.056419, -15.918737], [-48.056413, -15.918754], [-48.056382, -15.918745], [-48.056373, -15.918774], [-48.056393, -15.918781], [-48.056488, -15.91881], [-48.056507, -15.918816], [-48.056535, -15.91873], [-48.056502, -15.91872], [-48.056488, -15.918763], [-48.056474, -15.918759], [-48.056475, -15.918755]]]}, "properties": {}},
{"type": "Feature", "geometry": {"type": "Polygon", "coordinates": [[[-48.054257, -15.918733], [-48.054263, -15.918735], [-48.054423, -15.918784], [-48.054432, -15.918757], [-48.054446, -15.918761], [-48.054458, -15.918725], [-48.054283, -15.91867], [-48.054278, -15.918669], [-48.054266, -15.918704], [-48.054257, -15.918732], [-48.054257, -15.918733]]]}, "properties": {}},
{"type": "Feature", "geometry": {"type": "Polygon", "coordinates": [[[-48.054279, -15.917854], [-48.054271, -15.917851], [-48.054255, -15.917897], [-48.054346, -15.917925], [-48.054363, -15.91787], [-48.05437, -15.917848], [-48.054388, -15.917793], [-48.054333, -15.917777], [-48.05433, -15.917776], [-48.054322, -15.917799], [-48.054299, -15.917792], [-48.054279, -15.917854]]]}, "properties": {}},
{"type": "Feature", "geometry": {"type": "Polygon", "coordinates": [[[-48.05816, -15.917803], [-48.058166, -15.917805], [-48.058222, -15.917822], [-48.05825, -15.917736], [-48.058141, -15.917703], [-48.05814, -15.917703], [-48.058112, -15.917789], [-48.058113, -15.917789], [-48.05816, -15.917803]]]}, "properties": {}},
{"type": "Feature", "geometry": {"type": "Polygon", "coordinates": [[[-48.058168, -15.917616], [-48.058195, -15.917531], [-48.058045, -15.917484], [-48.058042, -15.917483], [-48.058013, -15.917569], [-48.058091, -15.917593], [-48.058168, -15.917616]]]}, "properties": {}},
{"type": "Feature", "geometry": {"type": "Polygon", "coordinates": [[[-48.05733, -15.917457], [-48.057348, -15.917402], [-48.0574, -15.917418], [-48.057402, -15.917411], [-48.057424, -15.917342], [-48.057336, -15.917315], [-48.057322, -15.91736], [-48.057294, -15.917446], [-48.05733, -15.917457]]]}, "properties": {}},
{"type": "Feature", "geometry": {"type": "Polygon", "coordinates": [[[-48.057776, -15.917166], [-48.05777, -15.917185], [-48.057857, -15.917211], [-48.057863, -15.917192], [-48.057891, -15.917108], [-48.057905, -15.917062], [-48.057873, -15.917052], [-48.057868, -15.917065], [-48.057814, -15.917048], [-48.0578, -15.917091], [-48.05778, -15.917154], [-48.057776, -15.917166]]]}, "properties": {}},
{"type": "Feature", "geometry": {"type": "Polygon", "coordinates": [[[-48.057594, -15.91713], [-48.057602, -15.917103], [-48.057628, -15.917021], [-48.057629, -15.917017], [-48.05764, -15.916983], [-48.057593, -15.916969], [-48.057549, -15.916956], [-48.057511, -15.917069], [-48.057501, -15.917102], [-48.057594, -15.91713]]]}, "properties": {}},
{"type": "Feature", "geometry": {"type": "Polygon", "coordinates": [[[-48.05718, -15.916891], [-48.057185, -15.916892], [-48.057212, -15.916806], [-48.057208, -15.916805], [-48.057076, -15.916765], [-48.057049, -15.916852], [-48.057114, -15.916871], [-48.05718, -15.916891]]]}, "properties": {}},
{"type": "Feature", "geometry": {"type": "Polygon", "coordinates": [[[-48.058592, -15.919212], [-48.05862, -15.919125], [-48.058603, -15.91912], [-48.05856, -15.919107], [-48.058532, -15.919194], [-48.058547, -15.919199], [-48.058592, -15.919212]]]}, "properties": {}},
{"type": "Feature", "geometry": {"type": "Polygon", "coordinates": [[[-48.063368, -15.919124], [-48.063459, -15.919152], [-48.063489, -15.919059], [-48.06349, -15.919054], [-48.063501, -15.919021], [-48.063437, -15.919002], [-48.063435, -15.919007], [-48.063431, -15.919021], [-48.063419, -15.919017], [-48.063423, -15.919003], [-48.06341, -15.918999], [-48.063396, -15.91904], [-48.063368, -15.919123], [-48.063368, -15.919124]], [[-48.06348, -15.91906], [-48.063482, -15.919052], [-48.063487, -15.919053], [-48.063485, -15.919061], [-48.06348, -15.91906]]]}, "properties": {}},
{"type": "Feature", "geometry": {"type": "Polygon", "coordinates": [[[-48.057462, -15.919051], [-48.057473, -15.919055], [-48.057474, -15.919051], [-48.057511, -15.919062], [-48.057505, -15.919082], [-48.057409, -15.919053], [-48.057398, -15.919087], [-48.057474, -15.91911], [-48.057478, -15.919111], [-48.057532, -15.919127], [-48.05756, -15.919042], [-48.057425, -15.919001], [-48.057415, -15.919033], [-48.057463, -15.919047], [-48.057462, -15.919051]]]}, "properties": {}},
{"type": "Feature", "geometry": {"type": "Polygon", "coordinates": [[[-48.064285, -15.918788], [-48.064291, -15.918771], [-48.064263, -15.918762], [-48.064264, -15.918759], [-48.064292, -15.918768], [-48.064293, -15.918768], [-48.064324, -15.918677], [-48.064258, -15.918657], [-48.064207, -15.918811], [-48.064271, -15.91883], [-48.064285, -15.918788]]]}, "properties": {}},
{"type": "Feature", "geometry": {"type": "Polygon", "coordinates": [[[-48.062143, -15.918378], [-48.062072, -15.918357], [-48.062077, -15.91834], [-48.062134, -15.918357], [-48.062144, -15.918326], [-48.062095, -15.918311], [-48.062027, -15.918289], [-48.061998, -15.918377], [-48.062131, -15.918416], [-48.062143, -15.918378]]]}, "properties": {}},
{"type": "Feature", "geometry": {"type": "Polygon", "coordinates": [[[-48.063726, -15.918263], [-48.063707, -15.918257], [-48.063706, -15.918257], [-48.063691, -15.918253], [-48.063691, -15.918254], [-48.063656, -15.918244], [-48.06363, -15.918323], [-48.0637, -15.918344], [-48.063726, -15.918263]]]}, "properties": {}},
{"type": "Feature", "geometry": {"type": "Polygon", "coordinates": [[[-48.064491, -15.917874], [-48.064497, -15.917876], [-48.064526, -15.917788], [-48.064503, -15.917782], [-48.064446, -15.917765], [-48.064402, -15.917751], [-48.064374, -15.917837], [-48.064392, -15.917843], [-48.064491, -15.917874]], [[-48.064447, -15.917787], [-48.064432, -15.917833], [-48.064417, -15.917828], [-48.064432, -15.917783], [-48.064447, -15.917787]]]}, "properties": {}},
{"type": "Feature", "geometry": {"type": "Polygon", "coordinates": [[[-48.063179, -15.917691], [-48.063183, -15.917693], [-48.06321, -15.917607], [-48.063135, -15.917584], [-48.063108, -15.91767], [-48.063167, -15.917688], [-48.063179, -15.917691]]]}, "properties": {}},
{"type": "Feature", "geometry": {"type": "Polygon", "coordinates": [[[-48.059908, -15.917699], [-48.059911, -15.917688], [-48.059921, -15.91769], [-48.059944, -15.917616], [-48.059939, -15.917615], [-48.059806, -15.917574], [-48.05978, -15.917653], [-48.059778, -15.917659], [-48.059908, -15.917699]], [[-48.059878, -15.917619], [-48.059872, -15.917635], [-48.05987, -15.917634], [-48.059867, -15.917644], [-48.059851, -15.917639], [-48.05986, -15.917613], [-48.059878, -15.917619]]]}, "properties": {}},
{"type": "Feature", "geometry": {"type": "Polygon", "coordinates": [[[-48.062249, -15.9176], [-48.062241, -15.917626], [-48.06233, -15.917653], [-48.062332, -15.917647], [-48.062358, -15.917566], [-48.062325, -15.917556], [-48.062329, -15.917543], [-48.062306, -15.917536], [-48.062302, -15.917549], [-48.062269, -15.917539], [-48.062249, -15.9176]]]}, "properties": {}},
{"type": "Feature", "geometry": {"type": "Polygon", "coordinates": [[[-48.059668, -15.917527], [-48.059685, -15.917533], [-48.059688, -15.917526], [-48.059697, -15.917529], [-48.059694, -15.917538], [-48.059683, -15.917534], [-48.059658, -15.917609], [-48.059693, -15.91762], [-48.05971, -15.917567], [-48.05973, -15.917503], [-48.059698, -15.917493], [-48.059664, -15.917483], [-48.059641, -15.917476], [-48.05963, -15.91751], [-48.059669, -15.917522], [-48.059668, -15.917527]]]}, "properties": {}},
{"type": "Feature", "geometry": {"type": "Polygon", "coordinates": [[[-48.064663, -15.91742], [-48.064659, -15.917419], [-48.064641, -15.917473], [-48.064729, -15.917498], [-48.064771, -15.917371], [-48.064752, -15.917365], [-48.064747, -15.917363], [-48.064683, -15.917344], [-48.064663, -15.917407], [-48.06466, -15.917415], [-48.064663, -15.91742]]]}, "properties": {}},
{"type": "Feature", "geometry": {"type": "Polygon", "coordinates": [[[-48.060692, -15.917531], [-48.060779, -15.917557], [-48.060809, -15.917465], [-48.060827, -15.91741], [-48.060739, -15.917383], [-48.060715, -15.917457], [-48.060701, -15.917501], [-48.060692, -15.917531]]]}, "properties": {}},
{"type": "Feature", "geometry": {"type": "Polygon", "coordinates": [[[-48.062933, -15.91738], [-48.062975, -15.917251], [-48.062966, -15.917248], [-48.062951, -15.917244], [-48.062861, -15.917217], [-48.062823, -15.917337], [-48.06282, -15.917346], [-48.062933, -15.91738]], [[-48.062908, -15.917345], [-48.06292, -15.917308], [-48.06293, -15.917311], [-48.062918, -15.917348], [-48.062908, -15.917345]]]}, "properties": {}},
{"type": "Feature", "geometry": {"type": "Polygon", "coordinates": [[[-48.061541, -15.917298], [-48.061465, -15.917275], [-48.061477, -15.917239], [-48.061487, -15.917242], [-48.061481, -15.917262], [-48.061545, -15.917281], [-48.061554, -15.917251], [-48.061432, -15.917214], [-48.06143, -15.917213], [-48.061402, -15.917299], [-48.061528, -15.917339], [-48.061541, -15.917298]]]}, "properties": {}},
{"type": "Feature", "geometry": {"type": "Polygon", "coordinates": [[[-48.064344, -15.917189], [-48.064349, -15.917175], [-48.064354, -15.917159], [-48.064307, -15.917145], [-48.064307, -15.917146], [-48.064269, -15.917134], [-48.064246, -15.917202], [-48.064332, -15.917228], [-48.064344, -15.917189]]]}, "properties": {}},
{"type": "Feature", "geometry": {"type": "Polygon", "coordinates": [[[-48.059963, -15.917194], [-48.059967, -15.917196], [-48.060056, -15.917222], [-48.0601, -15.917235], [-48.060105, -15.91722], [-48.060109, -15.917207], [-48.060113, -15.917197], [-48.060114, -15.917193], [-48.060127, -15.917152], [-48.06004, -15.917124], [-48.06003, -15.917154], [-48.059976, -15.917153], [-48.059963, -15.917194]]]}, "properties": {}},
{"type": "Feature", "geometry": {"type": "Polygon", "coordinates": [[[-48.061517, -15.917145], [-48.061548, -15.917155], [-48.061559, -15.917119], [-48.061553, -15.917118], [-48.06157, -15.917066], [-48.061488, -15.917041], [-48.061485, -15.91704], [-48.061457, -15.917127], [-48.06146, -15.917128], [-48.061517, -15.917145]]]}, "properties": {}},
{"type": "Feature", "geometry": {"type": "Polygon", "coordinates": [[[-48.062873, -15.91703], [-48.062818, -15.917013], [-48.06279, -15.9171], [-48.062845, -15.917117], [-48.062873, -15.91703]]]}, "properties": {}},
{"type": "Feature", "geometry": {"type": "Polygon", "coordinates": [[[-48.061837, -15.916864], [-48.061882, -15.916877], [-48.061925, -15.91689], [-48.061965, -15.916768], [-48.06194, -15.91676], [-48.061918, -15.916826], [-48.061856, -15.916808], [-48.061837, -15.916864]]]}, "properties": {}},
{"type": "Feature", "geometry": {"type": "Polygon", "coordinates": [[[-48.058291, -15.915256], [-48.058271, -15.915319], [-48.058262, -15.915316], [-48.058282, -15.915253], [-48.058246, -15.915242], [-48.058189, -15.915417], [-48.058241, -15.915433], [-48.05827, -15.915441], [-48.058327, -15.915266], [-48.058291, -15.915256]]]}, "properties": {}},
{"type": "Feature", "geometry": {"type": "Polygon", "coordinates": [[[-48.057763, -15.918866], [-48.057814, -15.918882], [-48.057832, -15.918887], [-48.05786, -15.9188], [-48.057791, -15.91878], [-48.057763, -15.918866]]]}, "properties": {}},
{"type": "Feature", "geometry": {"type": "Polygon", "coordinates": [[[-48.060047, -15.918189], [-48.060034, -15.918229], [-48.06002, -15.918274], [-48.060036, -15.918279], [-48.060042, -15.91826], [-48.060055, -15.918264], [-48.060077, -15.918197], [-48.060047, -15.918189]]]}, "properties": {}},
{"type": "Feature", "geometry": {"type": "Polygon", "coordinates": [[[-48.062027, -15.916975], [-48.061953, -15.916953], [-48.061941, -15.916991], [-48.062014, -15.917013], [-48.062027, -15.916975]]]}, "properties": {}},
{"type": "Feature", "geometry": {"type": "Polygon", "coordinates": [[[-48.065057, -15.91653], [-48.065055, -15.916537], [-48.065085, -15.916547], [-48.065108, -15.916474], [-48.065104, -15.916472], [-48.06502, -15.916447], [-48.065017, -15.916456], [-48.064999, -15.916513], [-48.065057, -15.91653]]]}, "properties": {}},
{"type": "Feature", "geometry": {"type": "Polygon", "coordinates": [[[-48.055157, -15.916607], [-48.055191, -15.916618], [-48.055279, -15.916644], [-48.0553, -15.916651], [-48.055328, -15.916566], [-48.055315, -15.916562], [-48.05531, -15.91656], [-48.055305, -15.916559], [-48.055297, -15.916556], [-48.055259, -15.916545], [-48.055174, -15.916518], [-48.055164, -15.91655], [-48.055174, -15.916553], [-48.055157, -15.916607]]]}, "properties": {}},
{"type": "Feature", "geometry": {"type": "Polygon", "coordinates": [[[-48.061798, -15.916529], [-48.061802, -15.916518], [-48.061828, -15.916436], [-48.06174, -15.91641], [-48.061711, -15.916497], [-48.06171, -15.916502], [-48.061798, -15.916529]]]}, "properties": {}},
{"type": "Feature", "geometry": {"type": "Polygon", "coordinates": [[[-48.062741, -15.916517], [-48.062751, -15.916488], [-48.062665, -15.916462], [-48.062673, -15.916435], [-48.062756, -15.916461], [-48.062766, -15.916431], [-48.062738, -15.916422], [-48.062684, -15.916406], [-48.062639, -15.916393], [-48.062612, -15.916479], [-48.062686, -15.916501], [-48.062741, -15.916517]]]}, "properties": {}},
{"type": "Feature", "geometry": {"type": "Polygon", "coordinates": [[[-48.05848, -15.916438], [-48.0585, -15.916444], [-48.05848, -15.916507], [-48.05847, -15.916505], [-48.058465, -15.916522], [-48.058426, -15.916511], [-48.058418, -15.916535], [-48.05842, -15.916535], [-48.05851, -15.916561], [-48.058516, -15.91654], [-48.058517, -15.916539], [-48.05851, -15.916537], [-48.058537, -15.916455], [-48.058544, -15.916457], [-48.058545, -15.916452], [-48.058559, -15.91641], [-48.058471, -15.916383], [-48.05847, -15.916383], [-48.058468, -15.916382], [-48.058436, -15.916482], [-48.058463, -15.91649], [-48.05848, -15.916438]]]}, "properties": {}},
{"type": "Feature", "geometry": {"type": "Polygon", "coordinates": [[[-48.055254, -15.916314], [-48.055241, -15.916309], [-48.055229, -15.916345], [-48.055279, -15.91636], [-48.055317, -15.916372], [-48.055345, -15.916287], [-48.055324, -15.91628], [-48.055257, -15.91626], [-48.055246, -15.916291], [-48.05526, -15.916295], [-48.055254, -15.916314]]]}, "properties": {}},
{"type": "Feature", "geometry": {"type": "Polygon", "coordinates": [[[-48.062091, -15.916231], [-48.06209, -15.916234], [-48.062131, -15.916246], [-48.062132, -15.916245], [-48.062132, -15.916244], [-48.06215, -15.916191], [-48.062198, -15.916205], [-48.062208, -15.916174], [-48.062223, -15.916129], [-48.062133, -15.916101], [-48.062125, -15.916126], [-48.062091, -15.916231]]]}, "properties": {}},
{"type": "Feature", "geometry": {"type": "Polygon", "coordinates": [[[-48.055343, -15.916223], [-48.055323, -15.916217], [-48.055324, -15.916214], [-48.055378, -15.91623], [-48.055386, -15.916206], [-48.055284, -15.916173], [-48.055257, -15.91626], [-48.055324, -15.91628], [-48.055343, -15.916223]]]}, "properties": {}},
{"type": "Feature", "geometry": {"type": "Polygon", "coordinates": [[[-48.059067, -15.916046], [-48.059044, -15.916116], [-48.05909, -15.91613], [-48.059085, -15.916144], [-48.059086, -15.916144], [-48.059129, -15.916157], [-48.059163, -15.916051], [-48.059115, -15.916037], [-48.059122, -15.916013], [-48.059124, -15.916008], [-48.059083, -15.915996], [-48.059081, -15.916001], [-48.059067, -15.916045], [-48.059067, -15.916046]]]}, "properties": {}},
{"type": "Feature", "geometry": {"type": "Polygon", "coordinates": [[[-48.058322, -15.915932], [-48.058302, -15.915993], [-48.058294, -15.91602], [-48.058286, -15.916044], [-48.058279, -15.916068], [-48.058278, -15.916071], [-48.058325, -15.916084], [-48.058326, -15.916082], [-48.058336, -15.916085], [-48.058335, -15.916089], [-48.058368, -15.916098], [-48.058369, -15.916094], [-48.058382, -15.916053], [-48.058384, -15.916048], [-48.058412, -15.91596], [-48.058416, -15.915948], [-48.058418, -15.915941], [-48.058418, -15.915939], [-48.058387, -15.91593], [-48.058371, -15.915925], [-48.058327, -15.915913], [-48.058327, -15.915914], [-48.058322, -15.91593], [-48.058322, -15.915932]]]}, "properties": {}},
{"type": "Feature", "geometry": {"type": "Polygon", "coordinates": [[[-48.064353, -15.915898], [-48.064393, -15.915912], [-48.064403, -15.91588], [-48.064387, -15.915875], [-48.064399, -15.915836], [-48.064365, -15.915825], [-48.064374, -15.915798], [-48.064304, -15.915777], [-48.064301, -15.915786], [-48.064273, -15.915872], [-48.064353, -15.915898]]]}, "properties": {}},
{"type": "Feature", "geometry": {"type": "Polygon", "coordinates": [[[-48.060409, -15.91591], [-48.060411, -15.915911], [-48.060461, -15.915926], [-48.060497, -15.915937], [-48.060521, -15.915944], [-48.060531, -15.915912], [-48.060517, -15.915908], [-48.060522, -15.915894], [-48.060529, -15.915896], [-48.06054, -15.915862], [-48.060474, -15.915841], [-48.060476, -15.915835], [-48.060437, -15.915823], [-48.060429, -15.915821], [-48.060415, -15.915862], [-48.060424, -15.915865], [-48.060409, -15.91591]]]}, "properties": {}},
{"type": "Feature", "geometry": {"type": "Polygon", "coordinates": [[[-48.054707, -15.91599], [-48.054701, -15.916009], [-48.05469, -15.91604], [-48.054721, -15.916049], [-48.054781, -15.916067], [-48.054823, -15.915937], [-48.054829, -15.915919], [-48.05483, -15.915914], [-48.05474, -15.915888], [-48.054739, -15.915892], [-48.054733, -15.915912], [-48.054707, -15.91599]]]}, "properties": {}},
{"type": "Feature", "geometry": {"type": "Polygon", "coordinates": [[[-48.05535, -15.915816], [-48.055342, -15.915841], [-48.055323, -15.9159], [-48.055352, -15.915909], [-48.055363, -15.915875], [-48.055424, -15.915893], [-48.05545, -15.91581], [-48.055461, -15.915777], [-48.055461, -15.915776], [-48.055372, -15.915748], [-48.055371, -15.91575], [-48.055365, -15.915771], [-48.05535, -15.915816]]]}, "properties": {}},
{"type": "Feature", "geometry": {"type": "Polygon", "coordinates": [[[-48.062017, -15.915555], [-48.061929, -15.915528], [-48.061904, -15.915606], [-48.061992, -15.915632], [-48.062017, -15.915555]]]}, "properties": {}},
{"type": "Feature", "geometry": {"type": "Polygon", "coordinates": [[[-48.055609, -15.915547], [-48.055697, -15.915578], [-48.055733, -15.915468], [-48.055745, -15.915432], [-48.055656, -15.915405], [-48.055648, -15.915431], [-48.055644, -15.915441], [-48.055609, -15.915547]]]}, "properties": {}},
{"type": "Feature", "geometry": {"type": "Polygon", "coordinates": [[[-48.055978, -15.915247], [-48.056026, -15.915261], [-48.056032, -15.915242], [-48.056047, -15.915196], [-48.056053, -15.915176], [-48.05605, -15.915175], [-48.055901, -15.915129], [-48.055896, -15.915128], [-48.055868, -15.915214], [-48.055894, -15.915222], [-48.055978, -15.915247]]]}, "properties": {}},
{"type": "Feature", "geometry": {"type": "Polygon", "coordinates": [[[-48.06084, -15.915025], [-48.060849, -15.915041], [-48.06087, -15.915081], [-48.060909, -15.915062], [-48.06092, -15.915083], [-48.060882, -15.915103], [-48.0609, -15.915137], [-48.061023, -15.915075], [-48.061007, -15.915046], [-48.061, -15.915049], [-48.060964, -15.914983], [-48.060894, -15.915018], [-48.060886, -15.915003], [-48.06084, -15.915025]]]}, "properties": {}},
{"type": "Feature", "geometry": {"type": "Polygon", "coordinates": [[[-48.061911, -15.915047], [-48.061938, -15.915053], [-48.061928, -15.91509], [-48.061966, -15.915101], [-48.061967, -15.915099], [-48.061977, -15.915064], [-48.062003, -15.914975], [-48.061937, -15.914956], [-48.061921, -15.915013], [-48.061911, -15.915046], [-48.061911, -15.915047]]]}, "properties": {}},
{"type": "Feature", "geometry": {"type": "Polygon", "coordinates": [[[-48.063464, -15.91471], [-48.063507, -15.914723], [-48.063597, -15.914751], [-48.063626, -15.914661], [-48.063633, -15.914642], [-48.063498, -15.9146], [-48.063488, -15.91463], [-48.063463, -15.91471], [-48.063464, -15.91471]]]}, "properties": {}},
{"type": "Feature", "geometry": {"type": "Polygon", "coordinates": [[[-48.06353, -15.914415], [-48.06351, -15.914475], [-48.06351, -15.914476], [-48.063499, -15.914508], [-48.063589, -15.914533], [-48.063595, -15.914514], [-48.063599, -15.914503], [-48.063621, -15.914433], [-48.063636, -15.914383], [-48.063622, -15.914378], [-48.063587, -15.914368], [-48.063549, -15.914356], [-48.063533, -15.914406], [-48.063532, -15.914407], [-48.06353, -15.914415]]]}, "properties": {}},
{"type": "Feature", "geometry": {"type": "Polygon", "coordinates": [[[-48.062357, -15.914349], [-48.062383, -15.91427], [-48.062396, -15.914229], [-48.062397, -15.914227], [-48.06233, -15.914207], [-48.062329, -15.914209], [-48.062291, -15.914329], [-48.062357, -15.914349]]]}, "properties": {}},
{"type": "Feature", "geometry": {"type": "Polygon", "coordinates": [[[-48.064035, -15.914185], [-48.064028, -15.914206], [-48.064115, -15.914231], [-48.064128, -15.914192], [-48.064118, -15.914189], [-48.064125, -15.914165], [-48.064136, -15.914168], [-48.064139, -15.914158], [-48.064147, -15.914133], [-48.064138, -15.91413], [-48.064144, -15.914111], [-48.064084, -15.914093], [-48.06406, -15.914173], [-48.06404, -15.914168], [-48.064035, -15.914185]]]}, "properties": {}},
{"type": "Feature", "geometry": {"type": "Polygon", "coordinates": [[[-48.061231, -15.913966], [-48.061236, -15.913968], [-48.0613, -15.913987], [-48.06132, -15.913923], [-48.061258, -15.913904], [-48.061255, -15.913913], [-48.061249, -15.913911], [-48.061231, -15.913966]]]}, "properties": {}},
{"type": "Feature", "geometry": {"type": "Polygon", "coordinates": [[[-48.05774, -15.91556], [-48.05775, -15.915564], [-48.057759, -15.915538], [-48.0577, -15.91552], [-48.057666, -15.91551], [-48.057586, -15.915487], [-48.057564, -15.915552], [-48.057577, -15.915556], [-48.057566, -15.915593], [-48.057613, -15.915607], [-48.057625, -15.915574], [-48.057668, -15.915586], [-48.057696, -15.915593], [-48.057709, -15.915596], [-48.057737, -15.915601], [-48.057747, -15.915573], [-48.057737, -15.915569], [-48.05774, -15.91556]]]}, "properties": {}},
{"type": "Feature", "geometry": {"type": "Polygon", "coordinates": [[[-48.0646, -15.914629], [-48.064627, -15.914543], [-48.06457, -15.914525], [-48.064557, -15.914565], [-48.064542, -15.914612], [-48.0646, -15.914629]]]}, "properties": {}},
{"type": "Feature", "geometry": {"type": "Polygon", "coordinates": [[[-48.054885, -15.917235], [-48.054896, -15.917238], [-48.054907, -15.917204], [-48.054933, -15.917212], [-48.05495, -15.91716], [-48.054829, -15.917122], [-48.054808, -15.917116], [-48.054779, -15.917203], [-48.054788, -15.917205], [-48.054885, -15.917235]]]}, "properties": {}},
{"type": "Feature", "geometry": {"type": "Polygon", "coordinates": [[[-48.054875, -15.917042], [-48.054907, -15.917052], [-48.054946, -15.917064], [-48.054968, -15.916998], [-48.055011, -15.917012], [-48.055018, -15.916991], [-48.054974, -15.916978], [-48.054956, -15.916972], [-48.054884, -15.91695], [-48.054875, -15.916979], [-48.054893, -15.916985], [-48.054875, -15.917042]]]}, "properties": {}},
{"type": "Feature", "geometry": {"type": "Polygon", "coordinates": [[[-48.054619, -15.91687], [-48.054662, -15.916883], [-48.054666, -15.916873], [-48.05467, -15.91686], [-48.054693, -15.916791], [-48.054655, -15.91678], [-48.054649, -15.916799], [-48.05463, -15.916793], [-48.054634, -15.916779], [-48.054602, -15.916769], [-48.054589, -15.916808], [-48.054573, -15.916855], [-48.054619, -15.91687]]]}, "properties": {}},
{"type": "Feature", "geometry": {"type": "Polygon", "coordinates": [[[-48.057688, -15.918512], [-48.057725, -15.918524], [-48.057772, -15.918538], [-48.057813, -15.918408], [-48.057733, -15.918384], [-48.057708, -15.918462], [-48.057705, -15.91846], [-48.057688, -15.918512]]]}, "properties": {}},
{"type": "Feature", "geometry": {"type": "Polygon", "coordinates": [[[-48.057813, -15.918408], [-48.057815, -15.918402], [-48.057826, -15.918368], [-48.057818, -15.918366], [-48.057822, -15.918353], [-48.05774, -15.918329], [-48.057723, -15.918381], [-48.057813, -15.918408]]]}, "properties": {}},
{"type": "Feature", "geometry": {"type": "Polygon", "coordinates": [[[-48.057367, -15.918219], [-48.057461, -15.918246], [-48.057458, -15.918254], [-48.057471, -15.918257], [-48.057478, -15.918235], [-48.057499, -15.918172], [-48.057407, -15.918144], [-48.057399, -15.918167], [-48.057385, -15.918163], [-48.057367, -15.918219]]]}, "properties": {}},
{"type": "Feature", "geometry": {"type": "Polygon", "coordinates": [[[-48.054746, -15.918282], [-48.054771, -15.918207], [-48.054708, -15.918188], [-48.054712, -15.918178], [-48.054685, -15.91817], [-48.054643, -15.918297], [-48.054732, -15.918324], [-48.054746, -15.918282]]]}, "properties": {}},
{"type": "Feature", "geometry": {"type": "Polygon", "coordinates": [[[-48.058182, -15.917999], [-48.058188, -15.917982], [-48.058172, -15.917977], [-48.058175, -15.917968], [-48.058198, -15.917975], [-48.058189, -15.918002], [-48.058209, -15.918008], [-48.058237, -15.917922], [-48.058218, -15.917916], [-48.058217, -15.917916], [-48.058155, -15.917897], [-48.058084, -15.917875], [-48.058074, -15.917904], [-48.058056, -15.917961], [-48.058057, -15.917961], [-48.058182, -15.917999]]]}, "properties": {}},
{"type": "Feature", "geometry": {"type": "Polygon", "coordinates": [[[-48.058842, -15.917349], [-48.058841, -15.917348], [-48.05877, -15.917326], [-48.058756, -15.917369], [-48.058828, -15.917392], [-48.058842, -15.917349]]]}, "properties": {}},
{"type": "Feature", "geometry": {"type": "Polygon", "coordinates": [[[-48.054439, -15.917425], [-48.054403, -15.917414], [-48.054383, -15.917473], [-48.054373, -15.91747], [-48.054363, -15.917503], [-48.054357, -15.917519], [-48.054356, -15.917524], [-48.054445, -15.917551], [-48.054447, -15.917546], [-48.054483, -15.91743], [-48.054493, -15.917401], [-48.054448, -15.917388], [-48.054403, -15.917374], [-48.054393, -15.917406], [-48.05444, -15.917421], [-48.054439, -15.917425]]]}, "properties": {}},
{"type": "Feature", "geometry": {"type": "Polygon", "coordinates": [[[-48.057731, -15.917437], [-48.057781, -15.917453], [-48.057795, -15.917408], [-48.057819, -15.917332], [-48.057792, -15.917324], [-48.057795, -15.917314], [-48.05774, -15.917298], [-48.057701, -15.917415], [-48.057735, -15.917426], [-48.057731, -15.917437]]]}, "properties": {}},
{"type": "Feature", "geometry": {"type": "Polygon", "coordinates": [[[-48.057818, -15.917036], [-48.057848, -15.917045], [-48.057852, -15.917034], [-48.057904, -15.917051], [-48.057928, -15.916979], [-48.057932, -15.91698], [-48.057947, -15.916934], [-48.057954, -15.916913], [-48.057867, -15.916886], [-48.05786, -15.916908], [-48.057855, -15.91692], [-48.057818, -15.917036]]]}, "properties": {}},
{"type": "Feature", "geometry": {"type": "Polygon", "coordinates": [[[-48.05809, -15.919067], [-48.05818, -15.919095], [-48.058211, -15.919], [-48.058202, -15.918997], [-48.058209, -15.918977], [-48.058126, -15.918952], [-48.058125, -15.918957], [-48.058122, -15.918966], [-48.05809, -15.919067]]]}, "properties": {}},
{"type": "Feature", "geometry": {"type": "Polygon", "coordinates": [[[-48.059208, -15.918974], [-48.059217, -15.918948], [-48.059258, -15.918961], [-48.059263, -15.918946], [-48.059278, -15.9189], [-48.059258, -15.918894], [-48.059209, -15.918879], [-48.059145, -15.91886], [-48.059143, -15.918859], [-48.059116, -15.918945], [-48.059117, -15.918946], [-48.059208, -15.918974]]]}, "properties": {}},
{"type": "Feature", "geometry": {"type": "Polygon", "coordinates": [[[-48.064539, -15.91857], [-48.064535, -15.918569], [-48.064522, -15.918609], [-48.064568, -15.918623], [-48.06458, -15.918586], [-48.064618, -15.918598], [-48.064629, -15.918566], [-48.06465, -15.918506], [-48.064655, -15.918491], [-48.06461, -15.918478], [-48.0646, -15.91851], [-48.064562, -15.918498], [-48.064539, -15.91857]]]}, "properties": {}},
{"type": "Feature", "geometry": {"type": "Polygon", "coordinates": [[[-48.064717, -15.91832], [-48.064721, -15.918306], [-48.064725, -15.918308], [-48.06472, -15.918321], [-48.064767, -15.918335], [-48.064817, -15.91835], [-48.064816, -15.918353], [-48.064821, -15.918354], [-48.064831, -15.918357], [-48.06486, -15.918268], [-48.064827, -15.918258], [-48.064827, -15.918259], [-48.064806, -15.918253], [-48.064749, -15.918236], [-48.064744, -15.918251], [-48.06474, -15.91825], [-48.064746, -15.918235], [-48.064707, -15.918223], [-48.064691, -15.918219], [-48.064664, -15.918304], [-48.064715, -15.91832], [-48.064717, -15.91832]]]}, "properties": {}},
{"type": "Feature", "geometry": {"type": "Polygon", "coordinates": [[[-48.063795, -15.918417], [-48.063815, -15.918354], [-48.063837, -15.918287], [-48.06385, -15.918246], [-48.063805, -15.918232], [-48.063762, -15.918219], [-48.06372, -15.91835], [-48.063707, -15.91839], [-48.063795, -15.918417]], [[-48.063758, -15.918361], [-48.063781, -15.918287], [-48.063793, -15.91829], [-48.06377, -15.918364], [-48.063758, -15.918361]]]}, "properties": {}},
{"type": "Feature", "geometry": {"type": "Polygon", "coordinates": [[[-48.064707, -15.918223], [-48.064746, -15.918235], [-48.064749, -15.918236], [-48.064806, -15.918253], [-48.064823, -15.918198], [-48.064845, -15.918205], [-48.064855, -15.918174], [-48.064728, -15.918135], [-48.06472, -15.918132], [-48.064708, -15.918167], [-48.064723, -15.918172], [-48.064707, -15.918223]]]}, "properties": {}},
{"type": "Feature", "geometry": {"type": "Polygon", "coordinates": [[[-48.062598, -15.918083], [-48.062539, -15.918065], [-48.062511, -15.918152], [-48.062569, -15.91817], [-48.062598, -15.918083]]]}, "properties": {}},
{"type": "Feature", "geometry": {"type": "Polygon", "coordinates": [[[-48.06339, -15.917884], [-48.063414, -15.917891], [-48.063409, -15.917906], [-48.063398, -15.917902], [-48.063394, -15.917913], [-48.063381, -15.917909], [-48.063384, -15.917899], [-48.063356, -15.917891], [-48.063352, -15.917904], [-48.063345, -15.917902], [-48.063336, -15.917929], [-48.063401, -15.917949], [-48.063413, -15.917952], [-48.063453, -15.917964], [-48.063462, -15.917938], [-48.063464, -15.917929], [-48.063481, -15.917878], [-48.063437, -15.917865], [-48.063428, -15.917862], [-48.063348, -15.917837], [-48.063336, -15.917873], [-48.063389, -15.917889], [-48.06339, -15.917884]]]}, "properties": {}},
{"type": "Feature", "geometry": {"type": "Polygon", "coordinates": [[[-48.06428, -15.917389], [-48.064367, -15.917415], [-48.064398, -15.917317], [-48.064367, -15.917308], [-48.064343, -15.917383], [-48.064323, -15.917377], [-48.064336, -15.917336], [-48.064345, -15.917338], [-48.064351, -15.917317], [-48.064343, -15.917315], [-48.064348, -15.917301], [-48.064312, -15.91729], [-48.064293, -15.917347], [-48.064287, -15.917366], [-48.06428, -15.917389]]]}, "properties": {}},
{"type": "Feature", "geometry": {"type": "Polygon", "coordinates": [[[-48.064456, -15.917441], [-48.064462, -15.917422], [-48.064478, -15.917375], [-48.064479, -15.91737], [-48.064469, -15.917368], [-48.064486, -15.917317], [-48.064485, -15.917316], [-48.064486, -15.917311], [-48.064462, -15.917304], [-48.064464, -15.917295], [-48.06441, -15.917279], [-48.064398, -15.917317], [-48.064367, -15.917415], [-48.064456, -15.917441]]]}, "properties": {}},
{"type": "Feature", "geometry": {"type": "Polygon", "coordinates": [[[-48.064349, -15.917175], [-48.064423, -15.917197], [-48.064419, -15.917212], [-48.064344, -15.917189], [-48.064332, -15.917228], [-48.064329, -15.917237], [-48.064416, -15.917263], [-48.064422, -15.917244], [-48.064444, -15.917174], [-48.064434, -15.917171], [-48.06444, -15.917153], [-48.06445, -15.917156], [-48.064458, -15.917133], [-48.064464, -15.917113], [-48.064377, -15.917087], [-48.064376, -15.917093], [-48.064354, -15.917159], [-48.064349, -15.917175]]]}, "properties": {}},
{"type": "Feature", "geometry": {"type": "Polygon", "coordinates": [[[-48.060783, -15.916941], [-48.060774, -15.916968], [-48.060812, -15.916979], [-48.060863, -15.916995], [-48.060905, -15.916865], [-48.060874, -15.916855], [-48.060854, -15.916915], [-48.060797, -15.916897], [-48.060783, -15.916941]]]}, "properties": {}},
{"type": "Feature", "geometry": {"type": "Polygon", "coordinates": [[[-48.060228, -15.91684], [-48.060239, -15.916806], [-48.060243, -15.916795], [-48.060244, -15.916791], [-48.060227, -15.916786], [-48.060234, -15.916764], [-48.060165, -15.916744], [-48.060141, -15.916822], [-48.060226, -15.916848], [-48.060228, -15.91684]]]}, "properties": {}},
{"type": "Feature", "geometry": {"type": "Polygon", "coordinates": [[[-48.055605, -15.915133], [-48.055622, -15.91508], [-48.055526, -15.915051], [-48.055509, -15.915104], [-48.055578, -15.915124], [-48.055605, -15.915133]]]}, "properties": {}},
{"type": "Feature", "geometry": {"type": "Polygon", "coordinates": [[[-48.056723, -15.919051], [-48.056746, -15.919058], [-48.056754, -15.919034], [-48.056773, -15.91904], [-48.056772, -15.919044], [-48.056819, -15.919059], [-48.056849, -15.918967], [-48.056759, -15.91894], [-48.056742, -15.918994], [-48.056734, -15.919019], [-48.056723, -15.919051]]]}, "properties": {}},
{"type": "Feature", "geometry": {"type": "Polygon", "coordinates": [[[-48.060896, -15.913927], [-48.060983, -15.913954], [-48.060981, -15.913961], [-48.060987, -15.913963], [-48.061027, -15.913975], [-48.061031, -15.913976], [-48.061052, -15.913914], [-48.061049, -15.913913], [-48.061008, -15.913901], [-48.060997, -15.913897], [-48.0609, -15.913866], [-48.060894, -15.913884], [-48.060909, -15.913888], [-48.060896, -15.913927]]]}, "properties": {}},
{"type": "Feature", "geometry": {"type": "Polygon", "coordinates": [[[-48.06136, -15.915611], [-48.061359, -15.915613], [-48.061429, -15.915635], [-48.061428, -15.915636], [-48.061494, -15.915656], [-48.061496, -15.915652], [-48.061498, -15.915644], [-48.061516, -15.91559], [-48.061526, -15.915558], [-48.061532, -15.915541], [-48.061484, -15.915527], [-48.061432, -15.915511], [-48.061377, -15.915494], [-48.061375, -15.915494], [-48.061372, -15.915493], [-48.061343, -15.915581], [-48.061349, -15.915583], [-48.061366, -15.915588], [-48.06136, -15.915611]], [[-48.061448, -15.915563], [-48.061453, -15.91555], [-48.061459, -15.915552], [-48.061455, -15.915566], [-48.061448, -15.915563]]]}, "properties": {}},
{"type": "Feature", "geometry": {"type": "Polygon", "coordinates": [[[-48.06239, -15.915153], [-48.062442, -15.914991], [-48.062308, -15.914951], [-48.062306, -15.914959], [-48.062278, -15.915048], [-48.062261, -15.9151], [-48.062257, -15.915114], [-48.06231, -15.91513], [-48.062315, -15.915131], [-48.06239, -15.915153]]]}, "properties": {}},
{"type": "Feature", "geometry": {"type": "Polygon", "coordinates": [[[-48.063795, -15.918417], [-48.063794, -15.918421], [-48.063882, -15.918448], [-48.063897, -15.918403], [-48.063809, -15.918374], [-48.063795, -15.918417]]]}, "properties": {}},
{"type": "Feature", "geometry": {"type": "Polygon", "coordinates": [[[-48.063454, -15.918723], [-48.063462, -15.918696], [-48.063467, -15.918698], [-48.063472, -15.918684], [-48.063469, -15.918683], [-48.06347, -15.918681], [-48.063467, -15.91868], [-48.063471, -15.918669], [-48.063426, -15.918655], [-48.063408, -15.918709], [-48.063454, -15.918723]]]}, "properties": {}},
{"type": "Feature", "geometry": {"type": "Polygon", "coordinates": [[[-48.057693, -15.917425], [-48.057603, -15.917398], [-48.057553, -15.917548], [-48.057643, -15.917575], [-48.057693, -15.917425]]]}, "properties": {}},
{"type": "Feature", "geometry": {"type": "Polygon", "coordinates": [[[-48.058223, -15.917444], [-48.058073, -15.917399], [-48.058045, -15.917484], [-48.058195, -15.917531], [-48.058223, -15.917444]]]}, "properties": {}},
{"type": "Feature", "geometry": {"type": "Polygon", "coordinates": [[[-48.064713, -15.916073], [-48.064647, -15.916053], [-48.064629, -15.916109], [-48.064695, -15.916129], [-48.064713, -15.916073]]]}, "properties": {}},
{"type": "Feature", "geometry": {"type": "Polygon", "coordinates": [[[-48.061606, -15.914884], [-48.061587, -15.914882], [-48.061584, -15.914957], [-48.061616, -15.914958], [-48.061608, -15.915005], [-48.061641, -15.915011], [-48.061645, -15.914989], [-48.061645, -15.914988], [-48.061661, -15.914899], [-48.061607, -15.914892], [-48.061606, -15.914884]]]}, "properties": {}},
{"type": "Feature", "geometry": {"type": "Polygon", "coordinates": [[[-48.063695, -15.914892], [-48.063728, -15.914791], [-48.063663, -15.914771], [-48.063597, -15.914751], [-48.063563, -15.914852], [-48.063628, -15.914871], [-48.063695, -15.914892]]]}, "properties": {}},
{"type": "Feature", "geometry": {"type": "Polygon", "coordinates": [[[-48.05697, -15.916638], [-48.056972, -15.916631], [-48.056984, -15.916635], [-48.056986, -15.916629], [-48.057071, -15.916656], [-48.057096, -15.916581], [-48.056996, -15.916551], [-48.056979, -15.916546], [-48.056975, -15.916545], [-48.056948, -15.916631], [-48.056951, -15.916632], [-48.05697, -15.916638]]]}, "properties": {}},
{"type": "Feature", "geometry": {"type": "Polygon", "coordinates": [[[-48.054163, -15.916465], [-48.054163, -15.916467], [-48.054251, -15.916494], [-48.054252, -15.916492], [-48.054272, -15.91643], [-48.054263, -15.916428], [-48.054278, -15.91638], [-48.054262, -15.916376], [-48.054265, -15.916367], [-48.05429, -15.916375], [-48.054295, -15.916358], [-48.054299, -15.916346], [-48.054244, -15.916329], [-48.05421, -15.916319], [-48.054197, -15.916358], [-48.054173, -15.916435], [-48.054163, -15.916465]], [[-48.054216, -15.916361], [-48.054217, -15.916358], [-48.054232, -15.916363], [-48.054231, -15.916366], [-48.054216, -15.916361]]]}, "properties": {}},
{"type": "Feature", "geometry": {"type": "Polygon", "coordinates": [[[-48.055284, -15.916173], [-48.055386, -15.916206], [-48.055417, -15.916215], [-48.055419, -15.916216], [-48.055433, -15.916175], [-48.055436, -15.916176], [-48.055451, -15.916129], [-48.055446, -15.916128], [-48.055415, -15.916118], [-48.055324, -15.91609], [-48.055311, -15.916131], [-48.055299, -15.916128], [-48.055284, -15.916173]]]}, "properties": {}},
{"type": "Feature", "geometry": {"type": "Polygon", "coordinates": [[[-48.059502, -15.916088], [-48.059495, -15.916086], [-48.059499, -15.916076], [-48.059463, -15.916065], [-48.059441, -15.916132], [-48.059526, -15.916158], [-48.059539, -15.916117], [-48.059543, -15.916118], [-48.059544, -15.916118], [-48.059567, -15.916046], [-48.059492, -15.916023], [-48.059481, -15.916057], [-48.059509, -15.916066], [-48.059502, -15.916088]]]}, "properties": {}},
{"type": "Feature", "geometry": {"type": "Polygon", "coordinates": [[[-48.06397, -15.915906], [-48.063985, -15.915911], [-48.063986, -15.915907], [-48.063998, -15.915911], [-48.063992, -15.915928], [-48.063984, -15.915953], [-48.063965, -15.915947], [-48.063957, -15.915945], [-48.063944, -15.915984], [-48.064009, -15.916004], [-48.064015, -15.915984], [-48.064039, -15.915914], [-48.064052, -15.915874], [-48.063999, -15.915858], [-48.063997, -15.915865], [-48.063984, -15.915861], [-48.06397, -15.915906]]]}, "properties": {}},
{"type": "Feature", "geometry": {"type": "Polygon", "coordinates": [[[-48.061407, -15.915928], [-48.06142, -15.915885], [-48.061435, -15.915841], [-48.061319, -15.915806], [-48.06129, -15.915892], [-48.06134, -15.915908], [-48.061407, -15.915928]]]}, "properties": {}},
{"type": "Feature", "geometry": {"type": "Polygon", "coordinates": [[[-48.062898, -15.915835], [-48.06293, -15.915845], [-48.062943, -15.915808], [-48.062879, -15.915788], [-48.062839, -15.915776], [-48.062813, -15.915851], [-48.062885, -15.915874], [-48.062898, -15.915835]]]}, "properties": {}},
{"type": "Feature", "geometry": {"type": "Polygon", "coordinates": [[[-48.054425, -15.915959], [-48.054428, -15.915947], [-48.054439, -15.915915], [-48.054443, -15.915901], [-48.054353, -15.915874], [-48.054335, -15.915931], [-48.054378, -15.915944], [-48.054425, -15.915959]]]}, "properties": {}},
{"type": "Feature", "geometry": {"type": "Polygon", "coordinates": [[[-48.06199, -15.915694], [-48.061974, -15.915689], [-48.061955, -15.915749], [-48.062042, -15.915775], [-48.062043, -15.915771], [-48.062059, -15.915722], [-48.062061, -15.915715], [-48.062071, -15.915684], [-48.062051, -15.915677], [-48.062059, -15.915653], [-48.061992, -15.915632], [-48.061984, -15.915658], [-48.062, -15.915663], [-48.06199, -15.915694]]]}, "properties": {}},
{"type": "Feature", "geometry": {"type": "Polygon", "coordinates": [[[-48.06115, -15.915655], [-48.061148, -15.91566], [-48.061214, -15.91568], [-48.061223, -15.915683], [-48.061251, -15.915596], [-48.061221, -15.915588], [-48.061208, -15.915584], [-48.061089, -15.915549], [-48.061087, -15.915549], [-48.061072, -15.915596], [-48.061061, -15.915628], [-48.06115, -15.915655]]]}, "properties": {}},
{"type": "Feature", "geometry": {"type": "Polygon", "coordinates": [[[-48.055483, -15.915635], [-48.055463, -15.915695], [-48.055551, -15.915723], [-48.055552, -15.915719], [-48.055558, -15.915701], [-48.055561, -15.915693], [-48.055594, -15.915593], [-48.055571, -15.915586], [-48.055566, -15.9156], [-48.05554, -15.915593], [-48.055549, -15.915564], [-48.055599, -15.915579], [-48.055605, -15.91556], [-48.055516, -15.915533], [-48.055502, -15.915577], [-48.055492, -15.915608], [-48.055483, -15.915635]]]}, "properties": {}},
{"type": "Feature", "geometry": {"type": "Polygon", "coordinates": [[[-48.058004, -15.915254], [-48.057973, -15.915347], [-48.057976, -15.915348], [-48.058038, -15.915369], [-48.058064, -15.915292], [-48.058075, -15.915261], [-48.058075, -15.91526], [-48.058097, -15.915198], [-48.058114, -15.915146], [-48.058047, -15.915124], [-48.058029, -15.915176], [-48.058009, -15.915238], [-48.058004, -15.915254]]]}, "properties": {}},
{"type": "Feature", "geometry": {"type": "Polygon", "coordinates": [[[-48.064533, -15.915033], [-48.064558, -15.914953], [-48.064488, -15.914932], [-48.064462, -15.915011], [-48.064464, -15.915011], [-48.064533, -15.915033]]]}, "properties": {}},
{"type": "Feature", "geometry": {"type": "Polygon", "coordinates": [[[-48.061782, -15.914315], [-48.061915, -15.914354], [-48.061919, -15.914343], [-48.061938, -15.914283], [-48.061953, -15.914238], [-48.061819, -15.914198], [-48.061814, -15.914214], [-48.061787, -15.914301], [-48.061782, -15.914315]]]}, "properties": {}},
{"type": "Feature", "geometry": {"type": "Polygon", "coordinates": [[[-48.063907, -15.914107], [-48.063906, -15.91411], [-48.063915, -15.914113], [-48.063895, -15.914178], [-48.063936, -15.914192], [-48.063946, -15.91416], [-48.063969, -15.914083], [-48.063976, -15.91406], [-48.063915, -15.914042], [-48.06389, -15.914034], [-48.063882, -15.914055], [-48.063868, -15.914096], [-48.063907, -15.914107]]]}, "properties": {}},
{"type": "Feature", "geometry": {"type": "Polygon", "coordinates": [[[-48.05877, -15.91851], [-48.058774, -15.918496], [-48.058793, -15.918439], [-48.058767, -15.918431], [-48.058762, -15.918445], [-48.058699, -15.918426], [-48.058665, -15.91853], [-48.058754, -15.918557], [-48.05877, -15.91851]]]}, "properties": {}},
{"type": "Feature", "geometry": {"type": "Polygon", "coordinates": [[[-48.061483, -15.914102], [-48.061479, -15.914114], [-48.061545, -15.914134], [-48.061558, -15.914096], [-48.061581, -15.914027], [-48.061597, -15.913981], [-48.061528, -15.91396], [-48.06152, -15.913983], [-48.061495, -15.914064], [-48.061483, -15.914102]]]}, "properties": {}},
{"type": "Feature", "geometry": {"type": "Polygon", "coordinates": [[[-48.06364, -15.913892], [-48.063621, -15.913954], [-48.063709, -15.91398], [-48.063729, -15.913919], [-48.063734, -15.913905], [-48.06372, -15.9139], [-48.063731, -15.913866], [-48.063745, -15.913871], [-48.063751, -15.913851], [-48.063759, -15.913829], [-48.063669, -15.913802], [-48.063644, -15.91388], [-48.063642, -15.913887], [-48.06364, -15.913892]]]}, "properties": {}},
{"type": "Feature", "geometry": {"type": "Polygon", "coordinates": [[[-48.060168, -15.913806], [-48.060167, -15.913807], [-48.060167, -15.913808], [-48.060222, -15.913843], [-48.060225, -15.913844], [-48.060227, -15.913842], [-48.060247, -15.913809], [-48.06027, -15.913774], [-48.060296, -15.913733], [-48.060296, -15.913732], [-48.060294, -15.913732], [-48.060238, -15.913695], [-48.060238, -15.913694], [-48.060198, -15.913758], [-48.06019, -15.913771], [-48.060168, -15.913806]], [[-48.060217, -15.91379], [-48.060249, -15.913738], [-48.060254, -15.913741], [-48.060222, -15.913793], [-48.060217, -15.91379]]]}, "properties": {}},
{"type": "Feature", "geometry": {"type": "Polygon", "coordinates": [[[-48.060865, -15.919098], [-48.060899, -15.919109], [-48.060927, -15.919022], [-48.060849, -15.918998], [-48.060847, -15.919004], [-48.060821, -15.919085], [-48.060865, -15.919098]]]}, "properties": {}},
{"type": "Feature", "geometry": {"type": "Polygon", "coordinates": [[[-48.054962, -15.916953], [-48.05498, -15.916959], [-48.05499, -15.916928], [-48.055007, -15.916877], [-48.054917, -15.91685], [-48.054884, -15.91695], [-48.054956, -15.916972], [-48.054962, -15.916953]]]}, "properties": {}},
{"type": "Feature", "geometry": {"type": "Polygon", "coordinates": [[[-48.062483, -15.918238], [-48.0625, -15.918185], [-48.062511, -15.918152], [-48.0625, -15.918149], [-48.062441, -15.918132], [-48.062434, -15.91813], [-48.062358, -15.918107], [-48.062331, -15.918192], [-48.062349, -15.918197], [-48.062483, -15.918238]]]}, "properties": {}},
{"type": "Feature", "geometry": {"type": "Polygon", "coordinates": [[[-48.058287, -15.917463], [-48.058356, -15.917484], [-48.058366, -15.917454], [-48.058313, -15.917437], [-48.058331, -15.917382], [-48.058252, -15.917357], [-48.058223, -15.917444], [-48.058282, -15.917462], [-48.058287, -15.917463]]]}, "properties": {}},
{"type": "Feature", "geometry": {"type": "Polygon", "coordinates": [[[-48.056345, -15.917708], [-48.056435, -15.917736], [-48.056433, -15.917742], [-48.05646, -15.91775], [-48.056478, -15.917756], [-48.056501, -15.917692], [-48.056348, -15.917643], [-48.056327, -15.917709], [-48.056343, -15.917714], [-48.056345, -15.917708]]]}, "properties": {}},
{"type": "Feature", "geometry": {"type": "Polygon", "coordinates": [[[-48.058679, -15.917393], [-48.058707, -15.917307], [-48.058688, -15.917301], [-48.058664, -15.917293], [-48.058662, -15.917293], [-48.058577, -15.917266], [-48.058576, -15.917266], [-48.058555, -15.91726], [-48.058526, -15.917347], [-48.058634, -15.917379], [-48.058679, -15.917393]], [[-48.058606, -15.917317], [-48.058608, -15.917309], [-48.05865, -15.917322], [-48.058649, -15.917328], [-48.058623, -15.91732], [-48.058618, -15.917336], [-48.058604, -15.917332], [-48.058609, -15.917318], [-48.058606, -15.917317]]]}, "properties": {}},
{"type": "Feature", "geometry": {"type": "Polygon", "coordinates": [[[-48.058311, -15.917281], [-48.058321, -15.917284], [-48.058355, -15.917295], [-48.058384, -15.917209], [-48.058353, -15.917199], [-48.058308, -15.917186], [-48.058307, -15.917186], [-48.058279, -15.917271], [-48.05828, -15.917272], [-48.058311, -15.917281]]]}, "properties": {}},
{"type": "Feature", "geometry": {"type": "Polygon", "coordinates": [[[-48.058746, -15.916851], [-48.058693, -15.916834], [-48.058681, -15.916873], [-48.058698, -15.916878], [-48.058787, -15.916905], [-48.058832, -15.916919], [-48.05886, -15.916833], [-48.058805, -15.916817], [-48.058788, -15.916869], [-48.058745, -15.916856], [-48.058746, -15.916851]]]}, "properties": {}},
{"type": "Feature", "geometry": {"type": "Polygon", "coordinates": [[[-48.060999, -15.918947], [-48.061012, -15.918951], [-48.061039, -15.918959], [-48.06109, -15.918809], [-48.060971, -15.918774], [-48.060965, -15.918793], [-48.060924, -15.918924], [-48.060999, -15.918947]]]}, "properties": {}},
{"type": "Feature", "geometry": {"type": "Polygon", "coordinates": [[[-48.059992, -15.918361], [-48.060126, -15.918401], [-48.060149, -15.918329], [-48.060062, -15.918303], [-48.060067, -15.918288], [-48.060055, -15.918284], [-48.060036, -15.918279], [-48.06002, -15.918274], [-48.060011, -15.918302], [-48.060007, -15.918314], [-48.059992, -15.918361]]]}, "properties": {}},
{"type": "Feature", "geometry": {"type": "Polygon", "coordinates": [[[-48.064728, -15.918135], [-48.064855, -15.918174], [-48.064876, -15.91818], [-48.064885, -15.918152], [-48.064885, -15.918151], [-48.064864, -15.918145], [-48.064883, -15.918086], [-48.064814, -15.918065], [-48.064748, -15.918045], [-48.064734, -15.918087], [-48.064743, -15.918089], [-48.064728, -15.918135]], [[-48.064807, -15.918129], [-48.064811, -15.918116], [-48.064828, -15.918121], [-48.064824, -15.918134], [-48.064807, -15.918129]], [[-48.064785, -15.918149], [-48.064786, -15.918144], [-48.064792, -15.918146], [-48.06479, -15.918151], [-48.064785, -15.918149]]]}, "properties": {}},
{"type": "Feature", "geometry": {"type": "Polygon", "coordinates": [[[-48.064306, -15.918091], [-48.064386, -15.918116], [-48.064383, -15.918124], [-48.064424, -15.918136], [-48.064452, -15.91805], [-48.064354, -15.91802], [-48.064337, -15.918072], [-48.064315, -15.918065], [-48.064306, -15.918091]]]}, "properties": {}},
{"type": "Feature", "geometry": {"type": "Polygon", "coordinates": [[[-48.058825, -15.917976], [-48.058952, -15.918015], [-48.058976, -15.918022], [-48.059004, -15.917937], [-48.05896, -15.917924], [-48.058958, -15.917923], [-48.058939, -15.917918], [-48.058922, -15.917971], [-48.058835, -15.917944], [-48.058825, -15.917976]]]}, "properties": {}},
{"type": "Feature", "geometry": {"type": "Polygon", "coordinates": [[[-48.062624, -15.917653], [-48.062645, -15.917587], [-48.062557, -15.91756], [-48.062528, -15.91765], [-48.062616, -15.917676], [-48.062624, -15.917653]]]}, "properties": {}},
{"type": "Feature", "geometry": {"type": "Polygon", "coordinates": [[[-48.061364, -15.917697], [-48.061416, -15.917713], [-48.061451, -15.917598], [-48.061375, -15.917575], [-48.061364, -15.917572], [-48.061362, -15.917571], [-48.061339, -15.917647], [-48.061377, -15.917659], [-48.061364, -15.917697]]]}, "properties": {}},
{"type": "Feature", "geometry": {"type": "Polygon", "coordinates": [[[-48.062873, -15.91703], [-48.062986, -15.917065], [-48.063008, -15.917072], [-48.063036, -15.916985], [-48.062901, -15.916946], [-48.062889, -15.916982], [-48.062878, -15.917016], [-48.062873, -15.91703]]]}, "properties": {}},
{"type": "Feature", "geometry": {"type": "Polygon", "coordinates": [[[-48.063049, -15.916943], [-48.063023, -15.916935], [-48.063038, -15.91689], [-48.062929, -15.916858], [-48.062901, -15.916946], [-48.063036, -15.916985], [-48.063049, -15.916943]]]}, "properties": {}},
{"type": "Feature", "geometry": {"type": "Polygon", "coordinates": [[[-48.062456, -15.916811], [-48.0625, -15.916824], [-48.062501, -15.916824], [-48.062528, -15.916738], [-48.0625, -15.916729], [-48.062366, -15.916689], [-48.062339, -15.916776], [-48.062366, -15.916784], [-48.062456, -15.916811]]]}, "properties": {}},
{"type": "Feature", "geometry": {"type": "Polygon", "coordinates": [[[-48.057642, -15.919087], [-48.057561, -15.919063], [-48.05753, -15.919162], [-48.05761, -15.919186], [-48.057642, -15.919087]]]}, "properties": {}},
{"type": "Feature", "geometry": {"type": "Polygon", "coordinates": [[[-48.061166, -15.917654], [-48.061231, -15.917674], [-48.061273, -15.917544], [-48.061258, -15.91754], [-48.061185, -15.917517], [-48.061166, -15.917576], [-48.061189, -15.917583], [-48.061166, -15.917654]]]}, "properties": {}},
{"type": "Feature", "geometry": {"type": "Polygon", "coordinates": [[[-48.061454, -15.913967], [-48.061434, -15.914027], [-48.061417, -15.914079], [-48.061416, -15.914081], [-48.061483, -15.914102], [-48.061495, -15.914064], [-48.06152, -15.913983], [-48.061528, -15.91396], [-48.061529, -15.913957], [-48.061497, -15.913948], [-48.061463, -15.913938], [-48.061455, -15.913963], [-48.061454, -15.913967]]]}, "properties": {}},
{"type": "Feature", "geometry": {"type": "Polygon", "coordinates": [[[-48.060477, -15.915231], [-48.060412, -15.915262], [-48.060393, -15.915227], [-48.06039, -15.91522], [-48.060329, -15.915249], [-48.060333, -15.915256], [-48.060376, -15.915338], [-48.0605, -15.915274], [-48.060477, -15.915231]]]}, "properties": {}},
{"type": "Feature", "geometry": {"type": "Polygon", "coordinates": [[[-48.060029, -15.918782], [-48.060017, -15.918819], [-48.060106, -15.918846], [-48.060107, -15.918843], [-48.060156, -15.918693], [-48.060123, -15.918683], [-48.060119, -15.918696], [-48.060089, -15.918687], [-48.060093, -15.918674], [-48.060066, -15.918666], [-48.060054, -15.918705], [-48.060053, -15.918708], [-48.060029, -15.918782]], [[-48.060055, -15.918773], [-48.060064, -15.918748], [-48.060076, -15.918751], [-48.060068, -15.918777], [-48.060055, -15.918773]]]}, "properties": {}},
{"type": "Feature", "geometry": {"type": "Polygon", "coordinates": [[[-48.057152, -15.916977], [-48.057155, -15.916978], [-48.057172, -15.916929], [-48.057168, -15.916927], [-48.057158, -15.916924], [-48.057167, -15.916896], [-48.057111, -15.916879], [-48.057114, -15.916871], [-48.057049, -15.916852], [-48.057021, -15.916937], [-48.057106, -15.916963], [-48.057152, -15.916977]]]}, "properties": {}},
{"type": "Feature", "geometry": {"type": "Polygon", "coordinates": [[[-48.060355, -15.916489], [-48.060344, -15.916485], [-48.060327, -15.916535], [-48.060417, -15.916563], [-48.060444, -15.91648], [-48.060455, -15.916446], [-48.060435, -15.91644], [-48.060424, -15.916473], [-48.060366, -15.916456], [-48.060355, -15.916489]]]}, "properties": {}},
{"type": "Feature", "geometry": {"type": "Polygon", "coordinates": [[[-48.061918, -15.916461], [-48.061918, -15.916462], [-48.062006, -15.91649], [-48.062007, -15.916488], [-48.062033, -15.916406], [-48.062039, -15.916387], [-48.062012, -15.916379], [-48.062, -15.916415], [-48.061939, -15.916396], [-48.061918, -15.916461]]]}, "properties": {}},
{"type": "Feature", "geometry": {"type": "Polygon", "coordinates": [[[-48.061711, -15.916497], [-48.06174, -15.91641], [-48.061739, -15.916409], [-48.061652, -15.916382], [-48.061647, -15.916395], [-48.061622, -15.916467], [-48.061711, -15.916497]]]}, "properties": {}},
{"type": "Feature", "geometry": {"type": "Polygon", "coordinates": [[[-48.06514, -15.916342], [-48.065159, -15.916282], [-48.065166, -15.916261], [-48.065127, -15.916249], [-48.0651, -15.91633], [-48.06514, -15.916343], [-48.06514, -15.916342]]]}, "properties": {}},
{"type": "Feature", "geometry": {"type": "Polygon", "coordinates": [[[-48.06219, -15.91623], [-48.062312, -15.916267], [-48.06233, -15.916212], [-48.062208, -15.916174], [-48.062198, -15.916205], [-48.062195, -15.916213], [-48.06219, -15.91623]]]}, "properties": {}},
{"type": "Feature", "geometry": {"type": "Polygon", "coordinates": [[[-48.054734, -15.916213], [-48.054785, -15.916228], [-48.054785, -15.916226], [-48.05479, -15.916213], [-48.054792, -15.916213], [-48.054801, -15.916186], [-48.054811, -15.916153], [-48.054819, -15.916156], [-48.054822, -15.916147], [-48.054822, -15.916145], [-48.054824, -15.916146], [-48.054826, -15.916139], [-48.054853, -15.916147], [-48.054855, -15.916138], [-48.05487, -15.916093], [-48.054781, -15.916067], [-48.054747, -15.916173], [-48.054735, -15.91621], [-48.054734, -15.916213]]]}, "properties": {}},
{"type": "Feature", "geometry": {"type": "Polygon", "coordinates": [[[-48.059578, -15.915683], [-48.059581, -15.915684], [-48.05972, -15.915725], [-48.05973, -15.915692], [-48.059719, -15.915688], [-48.05973, -15.915656], [-48.059658, -15.915634], [-48.059657, -15.915634], [-48.059596, -15.915615], [-48.059563, -15.915605], [-48.059562, -15.915605], [-48.05956, -15.915604], [-48.059548, -15.915639], [-48.059588, -15.915652], [-48.059578, -15.915683]]]}, "properties": {}},
{"type": "Feature", "geometry": {"type": "Polygon", "coordinates": [[[-48.058312, -15.915652], [-48.058313, -15.915653], [-48.058314, -15.915649], [-48.058322, -15.915627], [-48.058353, -15.915636], [-48.05838, -15.915554], [-48.058385, -15.915537], [-48.058398, -15.915499], [-48.058381, -15.915495], [-48.058354, -15.915486], [-48.058332, -15.91548], [-48.058288, -15.915617], [-48.058279, -15.915643], [-48.058312, -15.915652]]]}, "properties": {}},
{"type": "Feature", "geometry": {"type": "Polygon", "coordinates": [[[-48.061061, -15.915541], [-48.061087, -15.915549], [-48.061089, -15.915549], [-48.061107, -15.915493], [-48.061116, -15.915462], [-48.061114, -15.915461], [-48.061085, -15.915453], [-48.061022, -15.915435], [-48.060967, -15.915419], [-48.060964, -15.915418], [-48.060936, -15.915503], [-48.06094, -15.915504], [-48.061061, -15.915541]]]}, "properties": {}},
{"type": "Feature", "geometry": {"type": "Polygon", "coordinates": [[[-48.060548, -15.915221], [-48.060556, -15.915236], [-48.06062, -15.915204], [-48.060586, -15.915142], [-48.060524, -15.915174], [-48.060549, -15.91522], [-48.060548, -15.915221]]]}, "properties": {}},
{"type": "Feature", "geometry": {"type": "Polygon", "coordinates": [[[-48.063599, -15.914503], [-48.063595, -15.914514], [-48.063627, -15.914524], [-48.063658, -15.914428], [-48.063686, -15.914437], [-48.063655, -15.914532], [-48.063684, -15.914541], [-48.063688, -15.914529], [-48.063729, -15.914411], [-48.063636, -15.914382], [-48.063636, -15.914383], [-48.063621, -15.914433], [-48.063599, -15.914503]]]}, "properties": {}},
{"type": "Feature", "geometry": {"type": "Polygon", "coordinates": [[[-48.063587, -15.914368], [-48.063593, -15.91435], [-48.063628, -15.91436], [-48.063622, -15.914378], [-48.063636, -15.914382], [-48.063654, -15.91433], [-48.063657, -15.914321], [-48.063639, -15.914315], [-48.063642, -15.914304], [-48.063661, -15.91431], [-48.063676, -15.914263], [-48.063589, -15.914237], [-48.063549, -15.914356], [-48.063587, -15.914368]]]}, "properties": {}},
{"type": "Feature", "geometry": {"type": "Polygon", "coordinates": [[[-48.061516, -15.914223], [-48.061652, -15.914261], [-48.061679, -15.914175], [-48.061626, -15.914159], [-48.061625, -15.914159], [-48.061613, -15.914155], [-48.061545, -15.914134], [-48.061524, -15.914198], [-48.061521, -15.914207], [-48.061516, -15.914223]]]}, "properties": {}},
{"type": "Feature", "geometry": {"type": "Polygon", "coordinates": [[[-48.063546, -15.914028], [-48.063537, -15.914057], [-48.063534, -15.914067], [-48.063579, -15.914081], [-48.063621, -15.913954], [-48.063531, -15.913927], [-48.063503, -15.914016], [-48.063511, -15.914018], [-48.063546, -15.914028]]]}, "properties": {}},
{"type": "Feature", "geometry": {"type": "Polygon", "coordinates": [[[-48.06464, -15.913981], [-48.064633, -15.914003], [-48.064723, -15.91403], [-48.064731, -15.914003], [-48.064773, -15.913876], [-48.064773, -15.913875], [-48.064682, -15.913847], [-48.064669, -15.913891], [-48.064642, -15.913977], [-48.06464, -15.913981]]]}, "properties": {}},
{"type": "Feature", "geometry": {"type": "Polygon", "coordinates": [[[-48.06132, -15.913923], [-48.061337, -15.913871], [-48.061295, -15.913859], [-48.061306, -15.913822], [-48.061282, -15.913815], [-48.061254, -15.913903], [-48.061258, -15.913904], [-48.06132, -15.913923]]]}, "properties": {}},
{"type": "Feature", "geometry": {"type": "Polygon", "coordinates": [[[-48.054318, -15.913892], [-48.054406, -15.913918], [-48.054448, -15.913789], [-48.054414, -15.913779], [-48.054397, -15.91383], [-48.054343, -15.913814], [-48.054318, -15.913892]]]}, "properties": {}},
{"type": "Feature", "geometry": {"type": "Polygon", "coordinates": [[[-48.064829, -15.918928], [-48.06482, -15.918956], [-48.064808, -15.918993], [-48.064871, -15.919012], [-48.064915, -15.918882], [-48.064882, -15.918872], [-48.064864, -15.918928], [-48.064832, -15.918918], [-48.064829, -15.918928]]]}, "properties": {}},
{"type": "Feature", "geometry": {"type": "Polygon", "coordinates": [[[-48.056288, -15.918939], [-48.056339, -15.918955], [-48.056346, -15.918957], [-48.056358, -15.918922], [-48.056395, -15.918933], [-48.056384, -15.918968], [-48.056451, -15.918989], [-48.056479, -15.918902], [-48.056413, -15.918882], [-48.056364, -15.918868], [-48.056344, -15.918862], [-48.056339, -15.91886], [-48.056329, -15.918892], [-48.056306, -15.918885], [-48.056288, -15.918939]]]}, "properties": {}},
{"type": "Feature", "geometry": {"type": "Polygon", "coordinates": [[[-48.057589, -15.918766], [-48.057598, -15.918769], [-48.057599, -15.918768], [-48.057631, -15.91867], [-48.057641, -15.91864], [-48.057553, -15.918613], [-48.05751, -15.918741], [-48.05751, -15.918742], [-48.057589, -15.918766]]]}, "properties": {}},
{"type": "Feature", "geometry": {"type": "Polygon", "coordinates": [[[-48.057366, -15.918276], [-48.057342, -15.918269], [-48.057341, -15.918273], [-48.057327, -15.918269], [-48.057325, -15.918275], [-48.057319, -15.918274], [-48.05731, -15.918303], [-48.057443, -15.918343], [-48.057471, -15.918257], [-48.057458, -15.918254], [-48.057421, -15.918243], [-48.057406, -15.918292], [-48.057365, -15.918279], [-48.057366, -15.918276]]]}, "properties": {}},
{"type": "Feature", "geometry": {"type": "Polygon", "coordinates": [[[-48.058459, -15.918132], [-48.058465, -15.918114], [-48.058457, -15.918112], [-48.058467, -15.91808], [-48.058503, -15.918091], [-48.058529, -15.91801], [-48.058486, -15.917997], [-48.058485, -15.917997], [-48.058441, -15.917983], [-48.058401, -15.918104], [-48.058398, -15.918113], [-48.058459, -15.918132]]]}, "properties": {}},
{"type": "Feature", "geometry": {"type": "Polygon", "coordinates": [[[-48.054203, -15.91815], [-48.054284, -15.918174], [-48.054302, -15.918118], [-48.054309, -15.91812], [-48.05433, -15.918058], [-48.054242, -15.918032], [-48.054241, -15.918034], [-48.054212, -15.918122], [-48.054203, -15.91815]]]}, "properties": {}},
{"type": "Feature", "geometry": {"type": "Polygon", "coordinates": [[[-48.054515, -15.918002], [-48.054603, -15.918029], [-48.054605, -15.918023], [-48.054633, -15.917938], [-48.054654, -15.917874], [-48.054566, -15.917848], [-48.054526, -15.917969], [-48.054517, -15.917998], [-48.054515, -15.918002]]]}, "properties": {}},
{"type": "Feature", "geometry": {"type": "Polygon", "coordinates": [[[-48.058155, -15.917897], [-48.058165, -15.917868], [-48.05822, -15.917885], [-48.058231, -15.917851], [-48.058233, -15.917852], [-48.058241, -15.917828], [-48.058222, -15.917822], [-48.058166, -15.917805], [-48.058157, -15.917832], [-48.058151, -15.91783], [-48.05816, -15.917803], [-48.058113, -15.917789], [-48.058112, -15.917789], [-48.058106, -15.917807], [-48.058084, -15.917875], [-48.058155, -15.917897]]]}, "properties": {}},
{"type": "Feature", "geometry": {"type": "Polygon", "coordinates": [[[-48.058141, -15.917703], [-48.05825, -15.917736], [-48.058273, -15.917743], [-48.058274, -15.917743], [-48.058294, -15.917749], [-48.058321, -15.917663], [-48.058302, -15.917657], [-48.058273, -15.917648], [-48.058264, -15.917675], [-48.058244, -15.917669], [-48.058231, -15.917707], [-48.058224, -15.917705], [-48.058246, -15.91764], [-48.058169, -15.917617], [-48.058168, -15.917616], [-48.058157, -15.917648], [-48.05814, -15.917703], [-48.058141, -15.917703]]]}, "properties": {}},
{"type": "Feature", "geometry": {"type": "Polygon", "coordinates": [[[-48.058209, -15.916888], [-48.058298, -15.916917], [-48.058303, -15.9169], [-48.058326, -15.916828], [-48.058344, -15.916771], [-48.058255, -15.916744], [-48.058236, -15.9168], [-48.058213, -15.916873], [-48.058209, -15.916888]]]}, "properties": {}},
{"type": "Feature", "geometry": {"type": "Polygon", "coordinates": [[[-48.058224, -15.916809], [-48.058203, -15.916803], [-48.058206, -15.916797], [-48.058174, -15.916787], [-48.058176, -15.916782], [-48.058236, -15.9168], [-48.058255, -15.916744], [-48.058166, -15.916717], [-48.058125, -15.916847], [-48.058203, -15.91687], [-48.058224, -15.916809]]]}, "properties": {}},
{"type": "Feature", "geometry": {"type": "Polygon", "coordinates": [[[-48.063092, -15.916719], [-48.06307, -15.916712], [-48.063067, -15.916722], [-48.062982, -15.916696], [-48.062957, -15.916772], [-48.063064, -15.916805], [-48.063092, -15.916719]]]}, "properties": {}},
{"type": "Feature", "geometry": {"type": "Polygon", "coordinates": [[[-48.062049, -15.918487], [-48.06206, -15.918454], [-48.062029, -15.918445], [-48.062035, -15.918425], [-48.062053, -15.91843], [-48.062048, -15.918445], [-48.062085, -15.918456], [-48.06209, -15.918442], [-48.062119, -15.91845], [-48.062131, -15.918416], [-48.061998, -15.918377], [-48.061971, -15.918462], [-48.062049, -15.918487]]]}, "properties": {}},
{"type": "Feature", "geometry": {"type": "Polygon", "coordinates": [[[-48.058956, -15.918084], [-48.058948, -15.918108], [-48.05895, -15.918109], [-48.058999, -15.918124], [-48.059083, -15.918149], [-48.059099, -15.918097], [-48.059032, -15.918076], [-48.059043, -15.918043], [-48.058985, -15.918025], [-48.058983, -15.918032], [-48.058974, -15.918029], [-48.058956, -15.918084]]]}, "properties": {}},
{"type": "Feature", "geometry": {"type": "Polygon", "coordinates": [[[-48.065117, -15.918041], [-48.065136, -15.917984], [-48.065155, -15.91799], [-48.065157, -15.917984], [-48.065143, -15.91798], [-48.065148, -15.917961], [-48.065153, -15.917963], [-48.065154, -15.917958], [-48.06508, -15.917936], [-48.06506, -15.91793], [-48.065033, -15.918016], [-48.065088, -15.918032], [-48.065117, -15.918041]]]}, "properties": {}},
{"type": "Feature", "geometry": {"type": "Polygon", "coordinates": [[[-48.059766, -15.918148], [-48.059853, -15.918174], [-48.059866, -15.918135], [-48.059868, -15.918127], [-48.0599, -15.918025], [-48.059812, -15.917999], [-48.059772, -15.918123], [-48.059764, -15.918147], [-48.059766, -15.918148]]]}, "properties": {}},
{"type": "Feature", "geometry": {"type": "Polygon", "coordinates": [[[-48.062159, -15.918046], [-48.062195, -15.918057], [-48.062212, -15.918005], [-48.062219, -15.918008], [-48.062221, -15.918001], [-48.062224, -15.918002], [-48.062226, -15.917994], [-48.06223, -15.917995], [-48.062237, -15.917974], [-48.06214, -15.917945], [-48.062138, -15.917944], [-48.06211, -15.918031], [-48.062111, -15.918032], [-48.062159, -15.918046]]]}, "properties": {}},
{"type": "Feature", "geometry": {"type": "Polygon", "coordinates": [[[-48.06347, -15.91794], [-48.063462, -15.917938], [-48.063453, -15.917964], [-48.063614, -15.918012], [-48.063641, -15.917927], [-48.063613, -15.917918], [-48.063606, -15.917939], [-48.063596, -15.917937], [-48.0636, -15.917924], [-48.063598, -15.917923], [-48.0636, -15.917915], [-48.063481, -15.917878], [-48.063464, -15.917929], [-48.063473, -15.917932], [-48.06347, -15.91794]]]}, "properties": {}},
{"type": "Feature", "geometry": {"type": "Polygon", "coordinates": [[[-48.064503, -15.917782], [-48.064526, -15.917788], [-48.064536, -15.917792], [-48.064578, -15.917663], [-48.064487, -15.917636], [-48.064448, -15.917759], [-48.064505, -15.917777], [-48.064503, -15.917782]]]}, "properties": {}},
{"type": "Feature", "geometry": {"type": "Polygon", "coordinates": [[[-48.06302, -15.917638], [-48.063024, -15.917626], [-48.063025, -15.917621], [-48.063008, -15.917616], [-48.063004, -15.917628], [-48.062977, -15.91762], [-48.062982, -15.917607], [-48.062936, -15.917593], [-48.062915, -15.917659], [-48.063004, -15.917686], [-48.06302, -15.917638]]]}, "properties": {}},
{"type": "Feature", "geometry": {"type": "Polygon", "coordinates": [[[-48.061659, -15.917662], [-48.061673, -15.917666], [-48.061719, -15.91768], [-48.061746, -15.917595], [-48.061612, -15.917554], [-48.061602, -15.917587], [-48.061676, -15.917609], [-48.061659, -15.917662]]]}, "properties": {}},
{"type": "Feature", "geometry": {"type": "Polygon", "coordinates": [[[-48.064791, -15.917521], [-48.064793, -15.917517], [-48.064811, -15.917462], [-48.064806, -15.91746], [-48.06481, -15.91745], [-48.064842, -15.917459], [-48.064861, -15.917398], [-48.064834, -15.91739], [-48.064826, -15.917388], [-48.064771, -15.917371], [-48.064729, -15.917498], [-48.064728, -15.917502], [-48.064791, -15.917521]]]}, "properties": {}},
{"type": "Feature", "geometry": {"type": "Polygon", "coordinates": [[[-48.064663, -15.917407], [-48.064683, -15.917344], [-48.064595, -15.917317], [-48.064574, -15.91738], [-48.064663, -15.917407]]]}, "properties": {}},
{"type": "Feature", "geometry": {"type": "Polygon", "coordinates": [[[-48.061886, -15.917163], [-48.061913, -15.917077], [-48.061801, -15.917043], [-48.06178, -15.917037], [-48.061762, -15.917031], [-48.061734, -15.917117], [-48.061753, -15.917123], [-48.061886, -15.917163]]]}, "properties": {}},
{"type": "Feature", "geometry": {"type": "Polygon", "coordinates": [[[-48.061868, -15.916968], [-48.061941, -15.916991], [-48.061953, -15.916953], [-48.061954, -15.916951], [-48.061969, -15.916904], [-48.061927, -15.916891], [-48.061925, -15.91689], [-48.061882, -15.916877], [-48.061864, -15.916933], [-48.061878, -15.916937], [-48.061868, -15.916968]]]}, "properties": {}},
{"type": "Feature", "geometry": {"type": "Polygon", "coordinates": [[[-48.055137, -15.913902], [-48.05515, -15.913861], [-48.055031, -15.913824], [-48.055025, -15.913822], [-48.055017, -15.91382], [-48.055006, -15.913816], [-48.05499, -15.913811], [-48.054989, -15.913811], [-48.054984, -15.913828], [-48.054977, -15.913847], [-48.054968, -15.913876], [-48.054971, -15.913877], [-48.054994, -15.913883], [-48.054996, -15.913884], [-48.055004, -15.913862], [-48.055137, -15.913902]]]}, "properties": {}},
{"type": "Feature", "geometry": {"type": "Polygon", "coordinates": [[[-48.062778, -15.915757], [-48.062775, -15.915757], [-48.06275, -15.915832], [-48.062805, -15.915849], [-48.06283, -15.915773], [-48.062778, -15.915757]]]}, "properties": {}},
{"type": "Feature", "geometry": {"type": "Polygon", "coordinates": [[[-48.061613, -15.916797], [-48.061629, -15.91675], [-48.06154, -15.916722], [-48.061524, -15.91677], [-48.06157, -15.916784], [-48.061613, -15.916797]]]}, "properties": {}},
{"type": "Feature", "geometry": {"type": "Polygon", "coordinates": [[[-48.064302, -15.919052], [-48.064272, -15.919043], [-48.064251, -15.919107], [-48.064281, -15.919116], [-48.064302, -15.919052]]]}, "properties": {}},
{"type": "Feature", "geometry": {"type": "Polygon", "coordinates": [[[-48.057256, -15.919137], [-48.057284, -15.919051], [-48.057253, -15.919042], [-48.057225, -15.919128], [-48.057236, -15.919131], [-48.057256, -15.919137]]]}, "properties": {}},
{"type": "Feature", "geometry": {"type": "Polygon", "coordinates": [[[-48.063087, -15.916567], [-48.063164, -15.916589], [-48.063166, -15.91659], [-48.063177, -15.916555], [-48.063175, -15.916554], [-48.063145, -15.916545], [-48.063088, -15.916528], [-48.063042, -15.916514], [-48.063014, -15.916599], [-48.063071, -15.916616], [-48.063087, -15.916567]]]}, "properties": {}},
{"type": "Feature", "geometry": {"type": "Polygon", "coordinates": [[[-48.058998, -15.916591], [-48.059079, -15.916615], [-48.05912, -15.916627], [-48.059149, -15.916541], [-48.059107, -15.916529], [-48.059044, -15.91651], [-48.058972, -15.916488], [-48.058944, -15.916574], [-48.058944, -15.916575], [-48.058998, -15.916591]], [[-48.059061, -15.916544], [-48.059053, -15.916569], [-48.059025, -15.916561], [-48.059033, -15.916536], [-48.059061, -15.916544]]]}, "properties": {}},
{"type": "Feature", "geometry": {"type": "Polygon", "coordinates": [[[-48.057228, -15.916588], [-48.057259, -15.916598], [-48.057277, -15.916542], [-48.057255, -15.916536], [-48.057203, -15.916519], [-48.057158, -15.916506], [-48.057131, -15.916591], [-48.057219, -15.916617], [-48.057228, -15.916588]]]}, "properties": {}},
{"type": "Feature", "geometry": {"type": "Polygon", "coordinates": [[[-48.059399, -15.916285], [-48.059424, -15.916293], [-48.059422, -15.9163], [-48.059413, -15.916297], [-48.059406, -15.916317], [-48.059439, -15.916327], [-48.059505, -15.916346], [-48.059531, -15.916268], [-48.059505, -15.91626], [-48.059507, -15.916252], [-48.05947, -15.916241], [-48.059443, -15.916233], [-48.059436, -15.916253], [-48.059412, -15.916246], [-48.059399, -15.916285]]]}, "properties": {}},
{"type": "Feature", "geometry": {"type": "Polygon", "coordinates": [[[-48.064553, -15.916114], [-48.064541, -15.91615], [-48.064537, -15.916163], [-48.064529, -15.916188], [-48.064527, -15.916192], [-48.064596, -15.916212], [-48.064606, -15.916181], [-48.064609, -15.91617], [-48.064616, -15.91615], [-48.064647, -15.916053], [-48.064634, -15.916049], [-48.064603, -15.91604], [-48.06458, -15.916033], [-48.064575, -15.916048], [-48.064571, -15.916058], [-48.064553, -15.916114]]]}, "properties": {}},
{"type": "Feature", "geometry": {"type": "Polygon", "coordinates": [[[-48.06319, -15.916054], [-48.06318, -15.916084], [-48.063202, -15.916091], [-48.063247, -15.916105], [-48.063274, -15.916021], [-48.063243, -15.916012], [-48.063254, -15.915976], [-48.06325, -15.915974], [-48.063253, -15.915966], [-48.063227, -15.915958], [-48.063205, -15.916027], [-48.063199, -15.916026], [-48.06319, -15.916054]]]}, "properties": {}},
{"type": "Feature", "geometry": {"type": "Polygon", "coordinates": [[[-48.058463, -15.915955], [-48.058469, -15.915957], [-48.058506, -15.915968], [-48.058548, -15.915838], [-48.058557, -15.915809], [-48.058515, -15.915796], [-48.058511, -15.915806], [-48.058467, -15.91594], [-48.058463, -15.915955]]]}, "properties": {}},
{"type": "Feature", "geometry": {"type": "Polygon", "coordinates": [[[-48.062153, -15.915742], [-48.062171, -15.915686], [-48.062079, -15.915659], [-48.062071, -15.915684], [-48.062061, -15.915715], [-48.062153, -15.915742]]]}, "properties": {}},
{"type": "Feature", "geometry": {"type": "Polygon", "coordinates": [[[-48.06374, -15.915707], [-48.063732, -15.91573], [-48.063717, -15.915773], [-48.063738, -15.915779], [-48.063777, -15.915791], [-48.063792, -15.915749], [-48.063799, -15.915728], [-48.063808, -15.915731], [-48.063815, -15.91571], [-48.063827, -15.915673], [-48.063829, -15.915666], [-48.063836, -15.915644], [-48.063768, -15.915624], [-48.063763, -15.915641], [-48.06375, -15.915677], [-48.06374, -15.915707]]]}, "properties": {}},
{"type": "Feature", "geometry": {"type": "Polygon", "coordinates": [[[-48.061043, -15.915685], [-48.061027, -15.91568], [-48.061044, -15.915629], [-48.061031, -15.915625], [-48.061009, -15.915619], [-48.060937, -15.915597], [-48.060909, -15.915682], [-48.061032, -15.915719], [-48.061043, -15.915685]]]}, "properties": {}},
{"type": "Feature", "geometry": {"type": "Polygon", "coordinates": [[[-48.055513, -15.915486], [-48.05553, -15.915491], [-48.055552, -15.915424], [-48.055567, -15.915379], [-48.055406, -15.915329], [-48.055383, -15.915335], [-48.055351, -15.915434], [-48.055513, -15.915486]]]}, "properties": {}},
{"type": "Feature", "geometry": {"type": "Polygon", "coordinates": [[[-48.057848, -15.915278], [-48.057865, -15.915228], [-48.05785, -15.915222], [-48.057857, -15.915203], [-48.057789, -15.915183], [-48.057766, -15.915251], [-48.057811, -15.915266], [-48.057848, -15.915278]]]}, "properties": {}},
{"type": "Feature", "geometry": {"type": "Polygon", "coordinates": [[[-48.061018, -15.915005], [-48.06105, -15.914991], [-48.061041, -15.914972], [-48.061023, -15.914937], [-48.061021, -15.914933], [-48.060962, -15.91496], [-48.060992, -15.915017], [-48.061018, -15.915005]]]}, "properties": {}},
{"type": "Feature", "geometry": {"type": "Polygon", "coordinates": [[[-48.061905, -15.914083], [-48.061901, -15.914082], [-48.061898, -15.91409], [-48.061886, -15.914087], [-48.061889, -15.914077], [-48.061861, -15.914069], [-48.061834, -15.914152], [-48.06186, -15.914159], [-48.061863, -15.914148], [-48.061874, -15.914152], [-48.061872, -15.914159], [-48.061887, -15.914163], [-48.061886, -15.914167], [-48.061968, -15.914192], [-48.062008, -15.914065], [-48.06201, -15.914061], [-48.061875, -15.914024], [-48.061866, -15.91405], [-48.061911, -15.914063], [-48.061905, -15.914083]]]}, "properties": {}},
{"type": "Feature", "geometry": {"type": "Polygon", "coordinates": [[[-48.063104, -15.913886], [-48.063062, -15.913873], [-48.063016, -15.913859], [-48.06297, -15.913996], [-48.06306, -15.914022], [-48.063104, -15.913886]]]}, "properties": {}},
{"type": "Feature", "geometry": {"type": "Polygon", "coordinates": [[[-48.060677, -15.913865], [-48.060675, -15.91387], [-48.060706, -15.913879], [-48.060745, -15.913891], [-48.060745, -15.91389], [-48.060755, -15.913859], [-48.060748, -15.913857], [-48.060771, -15.913786], [-48.060778, -15.913788], [-48.060791, -15.913746], [-48.060792, -15.913744], [-48.060726, -15.913723], [-48.060711, -15.913768], [-48.060677, -15.913865]]]}, "properties": {}},
{"type": "Feature", "geometry": {"type": "Polygon", "coordinates": [[[-48.057951, -15.917126], [-48.057891, -15.917108], [-48.057863, -15.917192], [-48.057922, -15.91721], [-48.057951, -15.917126]]]}, "properties": {}},
{"type": "Feature", "geometry": {"type": "Polygon", "coordinates": [[[-48.054448, -15.917388], [-48.054457, -15.917361], [-48.054448, -15.917358], [-48.054458, -15.917328], [-48.054467, -15.917331], [-48.054477, -15.917302], [-48.054368, -15.917269], [-48.054344, -15.917261], [-48.054315, -15.917348], [-48.054403, -15.917374], [-48.054448, -15.917388]]]}, "properties": {}},
{"type": "Feature", "geometry": {"type": "Polygon", "coordinates": [[[-48.054914, -15.918], [-48.054939, -15.917923], [-48.054843, -15.917895], [-48.054832, -15.917929], [-48.054819, -15.917971], [-48.054914, -15.918]]]}, "properties": {}},
{"type": "Feature", "geometry": {"type": "Polygon", "coordinates": [[[-48.055077, -15.917601], [-48.055085, -15.917603], [-48.05509, -15.917605], [-48.055239, -15.917651], [-48.05526, -15.917587], [-48.055105, -15.91754], [-48.055096, -15.917571], [-48.055088, -15.917568], [-48.055077, -15.917601]]]}, "properties": {}},
{"type": "Feature", "geometry": {"type": "Polygon", "coordinates": [[[-48.05927, -15.917024], [-48.059253, -15.917018], [-48.05924, -15.917059], [-48.059326, -15.917086], [-48.05934, -15.917045], [-48.059331, -15.917042], [-48.05935, -15.916985], [-48.05928, -15.916963], [-48.059267, -15.917003], [-48.059276, -15.917006], [-48.05927, -15.917024]]]}, "properties": {}},
{"type": "Feature", "geometry": {"type": "Polygon", "coordinates": [[[-48.057082, -15.916989], [-48.057096, -15.916993], [-48.057106, -15.916963], [-48.057021, -15.916937], [-48.056994, -15.917023], [-48.057064, -15.917043], [-48.057082, -15.916989]]]}, "properties": {}},
{"type": "Feature", "geometry": {"type": "Polygon", "coordinates": [[[-48.058366, -15.916891], [-48.058399, -15.916902], [-48.058418, -15.916842], [-48.058422, -15.91683], [-48.058432, -15.916799], [-48.058344, -15.916771], [-48.058326, -15.916828], [-48.058381, -15.916845], [-48.058366, -15.916891]]]}, "properties": {}},
{"type": "Feature", "geometry": {"type": "Polygon", "coordinates": [[[-48.058531, -15.916863], [-48.058527, -15.916875], [-48.058571, -15.916888], [-48.058575, -15.916889], [-48.058603, -15.916802], [-48.058599, -15.916801], [-48.058582, -15.916796], [-48.05858, -15.916795], [-48.058525, -15.916778], [-48.058447, -15.916754], [-48.058432, -15.916799], [-48.058422, -15.91683], [-48.058531, -15.916863]]]}, "properties": {}},
{"type": "Feature", "geometry": {"type": "Polygon", "coordinates": [[[-48.057376, -15.916855], [-48.057381, -15.916837], [-48.057432, -15.916853], [-48.057431, -15.916856], [-48.057428, -15.916854], [-48.057423, -15.916869], [-48.057473, -15.916885], [-48.057481, -15.91686], [-48.057501, -15.916796], [-48.057486, -15.916792], [-48.057491, -15.916777], [-48.057506, -15.916781], [-48.057508, -15.916774], [-48.057356, -15.916728], [-48.05732, -15.916837], [-48.057341, -15.916844], [-48.057376, -15.916855]]]}, "properties": {}},
{"type": "Feature", "geometry": {"type": "Polygon", "coordinates": [[[-48.060209, -15.919135], [-48.060256, -15.91915], [-48.060298, -15.919163], [-48.060312, -15.919119], [-48.060337, -15.919042], [-48.060301, -15.919031], [-48.060277, -15.919107], [-48.060223, -15.919091], [-48.060209, -15.919135]]]}, "properties": {}},
{"type": "Feature", "geometry": {"type": "Polygon", "coordinates": [[[-48.061838, -15.919084], [-48.061834, -15.919097], [-48.061872, -15.919109], [-48.061888, -15.919059], [-48.061907, -15.919065], [-48.061898, -15.919093], [-48.061928, -15.919102], [-48.061968, -15.918982], [-48.06188, -15.918956], [-48.061879, -15.918956], [-48.061862, -15.919009], [-48.06186, -15.919016], [-48.061838, -15.919084]]]}, "properties": {}},
{"type": "Feature", "geometry": {"type": "Polygon", "coordinates": [[[-48.063471, -15.918669], [-48.063467, -15.91868], [-48.06347, -15.918681], [-48.063469, -15.918683], [-48.063472, -15.918684], [-48.063467, -15.918698], [-48.063462, -15.918696], [-48.063454, -15.918723], [-48.063492, -15.918735], [-48.063493, -15.918735], [-48.063511, -15.918681], [-48.063518, -15.918662], [-48.063535, -15.918609], [-48.063449, -15.918582], [-48.063427, -15.91865], [-48.063472, -15.918665], [-48.063471, -15.918669]]]}, "properties": {}},
{"type": "Feature", "geometry": {"type": "Polygon", "coordinates": [[[-48.062298, -15.918656], [-48.062343, -15.918669], [-48.062356, -15.918629], [-48.06235, -15.918627], [-48.062358, -15.918602], [-48.062364, -15.918603], [-48.062371, -15.918583], [-48.062348, -15.918576], [-48.062313, -15.918565], [-48.062258, -15.918548], [-48.06223, -15.918634], [-48.062287, -15.918652], [-48.062298, -15.918656]]]}, "properties": {}},
{"type": "Feature", "geometry": {"type": "Polygon", "coordinates": [[[-48.063227, -15.918376], [-48.063184, -15.918363], [-48.063175, -15.918387], [-48.063168, -15.918385], [-48.06315, -15.918441], [-48.063217, -15.918461], [-48.063222, -15.918446], [-48.063225, -15.918447], [-48.063237, -15.918409], [-48.063245, -15.918412], [-48.063227, -15.918464], [-48.063268, -15.918476], [-48.063285, -15.918481], [-48.063293, -15.918455], [-48.063321, -15.918371], [-48.063321, -15.918369], [-48.063187, -15.918327], [-48.063178, -15.918355], [-48.063228, -15.918371], [-48.063227, -15.918376]]]}, "properties": {}},
{"type": "Feature", "geometry": {"type": "Polygon", "coordinates": [[[-48.065117, -15.918234], [-48.065163, -15.918248], [-48.065161, -15.918252], [-48.065171, -15.918255], [-48.065201, -15.918163], [-48.065166, -15.918153], [-48.065158, -15.91815], [-48.065111, -15.918136], [-48.065072, -15.918259], [-48.065106, -15.918269], [-48.065117, -15.918234]]]}, "properties": {}},
{"type": "Feature", "geometry": {"type": "Polygon", "coordinates": [[[-48.064601, -15.918], [-48.064617, -15.918005], [-48.064632, -15.91801], [-48.064748, -15.918045], [-48.064766, -15.917989], [-48.064743, -15.917982], [-48.064734, -15.917979], [-48.064738, -15.917967], [-48.064747, -15.91797], [-48.064753, -15.917953], [-48.06472, -15.917943], [-48.064643, -15.917919], [-48.064628, -15.917915], [-48.064624, -15.917914], [-48.064596, -15.917999], [-48.0646, -15.918], [-48.064601, -15.918]]]}, "properties": {}},
{"type": "Feature", "geometry": {"type": "Polygon", "coordinates": [[[-48.059477, -15.91806], [-48.059489, -15.918024], [-48.05951, -15.918031], [-48.059541, -15.917938], [-48.05945, -15.91791], [-48.059423, -15.917995], [-48.059409, -15.91804], [-48.059477, -15.91806]]]}, "properties": {}},
{"type": "Feature", "geometry": {"type": "Polygon", "coordinates": [[[-48.060688, -15.917368], [-48.060693, -15.917351], [-48.060744, -15.917366], [-48.060745, -15.917364], [-48.06077, -15.917286], [-48.060743, -15.917279], [-48.060754, -15.917245], [-48.06075, -15.917244], [-48.060759, -15.917217], [-48.0607, -15.917199], [-48.060698, -15.917205], [-48.060649, -15.917356], [-48.060688, -15.917368]]]}, "properties": {}},
{"type": "Feature", "geometry": {"type": "Polygon", "coordinates": [[[-48.06516, -15.91723], [-48.065167, -15.917207], [-48.065209, -15.917076], [-48.06512, -15.917049], [-48.065077, -15.917181], [-48.06507, -15.917203], [-48.06516, -15.91723]]]}, "properties": {}},
{"type": "Feature", "geometry": {"type": "Polygon", "coordinates": [[[-48.059719, -15.917242], [-48.059839, -15.917276], [-48.059886, -15.917124], [-48.059856, -15.917115], [-48.059849, -15.917113], [-48.059766, -15.917088], [-48.059735, -15.917189], [-48.059727, -15.917217], [-48.059719, -15.917242]]]}, "properties": {}},
{"type": "Feature", "geometry": {"type": "Polygon", "coordinates": [[[-48.064719, -15.916881], [-48.064721, -15.916881], [-48.064724, -15.91687], [-48.064748, -15.916794], [-48.064737, -15.916791], [-48.064743, -15.916774], [-48.06468, -15.916755], [-48.064645, -15.91686], [-48.064713, -15.916879], [-48.064719, -15.916881]]]}, "properties": {}},
{"type": "Feature", "geometry": {"type": "Polygon", "coordinates": [[[-48.062538, -15.916843], [-48.06254, -15.916835], [-48.062501, -15.916824], [-48.0625, -15.916826], [-48.062473, -15.91691], [-48.0625, -15.916918], [-48.062511, -15.916922], [-48.062514, -15.916912], [-48.062529, -15.916917], [-48.062527, -15.91692], [-48.062534, -15.916922], [-48.062545, -15.916887], [-48.062566, -15.916893], [-48.062568, -15.916886], [-48.062587, -15.916892], [-48.0626, -15.916853], [-48.062559, -15.916841], [-48.062556, -15.916849], [-48.062538, -15.916843]]]}, "properties": {}},
{"type": "Feature", "geometry": {"type": "Polygon", "coordinates": [[[-48.062455, -15.918987], [-48.062425, -15.918978], [-48.062408, -15.91903], [-48.062438, -15.919039], [-48.062455, -15.918987]]]}, "properties": {}},
{"type": "Feature", "geometry": {"type": "Polygon", "coordinates": [[[-48.06509, -15.91813], [-48.065111, -15.918136], [-48.065158, -15.91815], [-48.065174, -15.918099], [-48.065136, -15.918088], [-48.065127, -15.918116], [-48.065098, -15.918107], [-48.06509, -15.91813]]]}, "properties": {}},
{"type": "Feature", "geometry": {"type": "Polygon", "coordinates": [[[-48.057546, -15.916518], [-48.057556, -15.916488], [-48.057559, -15.91649], [-48.057566, -15.916469], [-48.057563, -15.916468], [-48.057572, -15.916441], [-48.057504, -15.91642], [-48.057465, -15.916408], [-48.057458, -15.916406], [-48.057432, -15.916493], [-48.057436, -15.916495], [-48.057439, -15.916495], [-48.057441, -15.916496], [-48.057479, -15.916508], [-48.057482, -15.916498], [-48.057546, -15.916518]]]}, "properties": {}},
{"type": "Feature", "geometry": {"type": "Polygon", "coordinates": [[[-48.064549, -15.914378], [-48.064576, -15.914306], [-48.064627, -15.914321], [-48.064645, -15.914263], [-48.064556, -15.914236], [-48.064542, -15.914281], [-48.064514, -15.914366], [-48.064549, -15.914378]]]}, "properties": {}},
{"type": "Feature", "geometry": {"type": "Polygon", "coordinates": [[[-48.063359, -15.914575], [-48.063315, -15.914561], [-48.063284, -15.914655], [-48.063329, -15.914669], [-48.063359, -15.914575]]]}, "properties": {}},
{"type": "Feature", "geometry": {"type": "Polygon", "coordinates": [[[-48.055709, -15.916211], [-48.055724, -15.916165], [-48.055676, -15.916151], [-48.055672, -15.916163], [-48.055603, -15.916142], [-48.055585, -15.916194], [-48.055702, -15.91623], [-48.055709, -15.916211]]]}, "properties": {}},
{"type": "Feature", "geometry": {"type": "Polygon", "coordinates": [[[-48.061473, -15.916326], [-48.061473, -15.916328], [-48.061503, -15.916337], [-48.061506, -15.916329], [-48.061554, -15.916343], [-48.061565, -15.916308], [-48.061575, -15.916311], [-48.061608, -15.916206], [-48.06161, -15.916201], [-48.061523, -15.916174], [-48.061522, -15.916179], [-48.061473, -15.916326]]]}, "properties": {}},
{"type": "Feature", "geometry": {"type": "Polygon", "coordinates": [[[-48.055578, -15.916617], [-48.055562, -15.916667], [-48.055557, -15.916682], [-48.055627, -15.916703], [-48.055646, -15.916709], [-48.055666, -15.916647], [-48.0557, -15.916551], [-48.055609, -15.916523], [-48.055605, -15.916537], [-48.055604, -15.91654], [-48.055578, -15.916617]]]}, "properties": {}},
{"type": "Feature", "geometry": {"type": "Polygon", "coordinates": [[[-48.058863, -15.916467], [-48.058901, -15.916478], [-48.058886, -15.916523], [-48.058852, -15.916512], [-48.058842, -15.916543], [-48.05891, -15.916565], [-48.058944, -15.916575], [-48.058944, -15.916574], [-48.058972, -15.916488], [-48.058899, -15.916466], [-48.05884, -15.916447], [-48.058834, -15.916464], [-48.058861, -15.916472], [-48.058863, -15.916467]]]}, "properties": {}},
{"type": "Feature", "geometry": {"type": "Polygon", "coordinates": [[[-48.057203, -15.916519], [-48.057255, -15.916536], [-48.057278, -15.916467], [-48.057292, -15.916471], [-48.057306, -15.916476], [-48.057305, -15.916481], [-48.057312, -15.916484], [-48.057292, -15.916545], [-48.057291, -15.916547], [-48.057292, -15.916547], [-48.057319, -15.916555], [-48.057369, -15.916397], [-48.057292, -15.916374], [-48.057254, -15.916363], [-48.057245, -15.916389], [-48.057217, -15.916477], [-48.057203, -15.916519]]]}, "properties": {}},
{"type": "Feature", "geometry": {"type": "Polygon", "coordinates": [[[-48.059088, -15.916428], [-48.059115, -15.916341], [-48.059084, -15.916331], [-48.059029, -15.916315], [-48.059001, -15.916402], [-48.059071, -15.916423], [-48.059088, -15.916428]]]}, "properties": {}},
{"type": "Feature", "geometry": {"type": "Polygon", "coordinates": [[[-48.055079, -15.916396], [-48.055083, -15.916386], [-48.055204, -15.916423], [-48.055213, -15.916395], [-48.055215, -15.91639], [-48.055221, -15.916371], [-48.055209, -15.916367], [-48.055214, -15.916354], [-48.05518, -15.916343], [-48.055184, -15.916331], [-48.055135, -15.916316], [-48.055095, -15.916303], [-48.055084, -15.9163], [-48.055072, -15.916296], [-48.055065, -15.916294], [-48.055036, -15.916383], [-48.055071, -15.916393], [-48.055079, -15.916396]]]}, "properties": {}},
{"type": "Feature", "geometry": {"type": "Polygon", "coordinates": [[[-48.061299, -15.916258], [-48.061362, -15.916277], [-48.061357, -15.916293], [-48.061385, -15.916302], [-48.061386, -15.9163], [-48.06142, -15.916188], [-48.061426, -15.916171], [-48.061336, -15.916146], [-48.061307, -15.916231], [-48.061299, -15.916258]]]}, "properties": {}},
{"type": "Feature", "geometry": {"type": "Polygon", "coordinates": [[[-48.057771, -15.916022], [-48.057871, -15.916052], [-48.057869, -15.916058], [-48.057879, -15.916061], [-48.057887, -15.916064], [-48.0579, -15.916068], [-48.057904, -15.916069], [-48.057933, -15.915984], [-48.057929, -15.915983], [-48.057914, -15.915978], [-48.057825, -15.915951], [-48.057811, -15.915946], [-48.057784, -15.915938], [-48.057782, -15.915937], [-48.057758, -15.916015], [-48.057772, -15.916019], [-48.057771, -15.916022]]]}, "properties": {}},
{"type": "Feature", "geometry": {"type": "Polygon", "coordinates": [[[-48.060198, -15.915868], [-48.060271, -15.915889], [-48.060276, -15.915891], [-48.060295, -15.915827], [-48.060291, -15.915826], [-48.06027, -15.91582], [-48.060181, -15.915794], [-48.06018, -15.915793], [-48.060135, -15.91578], [-48.060115, -15.915843], [-48.060116, -15.915844], [-48.060198, -15.915868]]]}, "properties": {}},
{"type": "Feature", "geometry": {"type": "Polygon", "coordinates": [[[-48.061535, -15.915561], [-48.061526, -15.915558], [-48.061516, -15.91559], [-48.061604, -15.915617], [-48.061621, -15.915564], [-48.061634, -15.915525], [-48.06161, -15.915518], [-48.061546, -15.915499], [-48.061538, -15.915522], [-48.061547, -15.915525], [-48.061535, -15.915561]]]}, "properties": {}},
{"type": "Feature", "geometry": {"type": "Polygon", "coordinates": [[[-48.061421, -15.915444], [-48.061416, -15.91546], [-48.061433, -15.915466], [-48.061438, -15.915453], [-48.06145, -15.915457], [-48.061432, -15.915511], [-48.061484, -15.915527], [-48.061532, -15.915541], [-48.061538, -15.915522], [-48.061546, -15.915499], [-48.061549, -15.91549], [-48.06156, -15.915456], [-48.061502, -15.915438], [-48.061483, -15.915433], [-48.061427, -15.915416], [-48.061425, -15.915415], [-48.061424, -15.915416], [-48.061417, -15.915442], [-48.061421, -15.915444]]]}, "properties": {}},
{"type": "Feature", "geometry": {"type": "Polygon", "coordinates": [[[-48.055459, -15.915173], [-48.055462, -15.915174], [-48.055462, -15.915175], [-48.055495, -15.915185], [-48.055478, -15.915236], [-48.055534, -15.915253], [-48.055552, -15.9152], [-48.055578, -15.915124], [-48.055509, -15.915104], [-48.055488, -15.915097], [-48.055481, -15.915118], [-48.055478, -15.915117], [-48.055459, -15.915173]]]}, "properties": {}},
{"type": "Feature", "geometry": {"type": "Polygon", "coordinates": [[[-48.062042, -15.915093], [-48.062034, -15.915118], [-48.062065, -15.915127], [-48.062073, -15.915101], [-48.06211, -15.915112], [-48.062117, -15.915087], [-48.062142, -15.915011], [-48.062143, -15.915009], [-48.062087, -15.914992], [-48.062082, -15.915008], [-48.06207, -15.915005], [-48.062042, -15.915093]]]}, "properties": {}},
{"type": "Feature", "geometry": {"type": "Polygon", "coordinates": [[[-48.065023, -15.91476], [-48.065017, -15.914776], [-48.065009, -15.914801], [-48.065097, -15.914828], [-48.065141, -15.914699], [-48.065081, -15.914681], [-48.065053, -15.914672], [-48.065052, -15.914674], [-48.065027, -15.914748], [-48.065023, -15.91476]]]}, "properties": {}},
{"type": "Feature", "geometry": {"type": "Polygon", "coordinates": [[[-48.064172, -15.914547], [-48.064193, -15.914485], [-48.064215, -15.914417], [-48.064177, -15.914406], [-48.064142, -15.914515], [-48.064127, -15.914511], [-48.064128, -15.914508], [-48.064126, -15.914508], [-48.06416, -15.9144], [-48.064124, -15.914389], [-48.064101, -15.914465], [-48.064084, -15.91452], [-48.064172, -15.914547]]]}, "properties": {}},
{"type": "Feature", "geometry": {"type": "Polygon", "coordinates": [[[-48.062162, -15.914346], [-48.062169, -15.914322], [-48.062149, -15.914317], [-48.062148, -15.914317], [-48.06212, -15.914308], [-48.062081, -15.914296], [-48.062076, -15.914311], [-48.062053, -15.914382], [-48.062051, -15.914392], [-48.06211, -15.914411], [-48.062112, -15.914405], [-48.062113, -15.914403], [-48.06213, -15.914408], [-48.062128, -15.914415], [-48.062117, -15.914449], [-48.062173, -15.914465], [-48.06218, -15.914442], [-48.062186, -15.914423], [-48.062215, -15.914335], [-48.062179, -15.914325], [-48.062171, -15.914348], [-48.062162, -15.914346]]]}, "properties": {}},
{"type": "Feature", "geometry": {"type": "Polygon", "coordinates": [[[-48.061787, -15.914301], [-48.061814, -15.914214], [-48.061779, -15.914204], [-48.061751, -15.91429], [-48.061752, -15.91429], [-48.061787, -15.914301]]]}, "properties": {}},
{"type": "Feature", "geometry": {"type": "Polygon", "coordinates": [[[-48.055341, -15.914314], [-48.055314, -15.914347], [-48.055312, -15.914349], [-48.055369, -15.914392], [-48.055371, -15.91439], [-48.055428, -15.914317], [-48.05548, -15.91425], [-48.055482, -15.914249], [-48.055483, -15.914247], [-48.055454, -15.914224], [-48.055451, -15.914227], [-48.055445, -15.914234], [-48.055436, -15.914226], [-48.055429, -15.914235], [-48.055414, -15.914224], [-48.055374, -15.914273], [-48.055354, -15.914298], [-48.055341, -15.914314]]]}, "properties": {}},
{"type": "Feature", "geometry": {"type": "Polygon", "coordinates": [[[-48.054328, -15.914033], [-48.054365, -15.914044], [-48.054378, -15.914004], [-48.054245, -15.913964], [-48.054217, -15.914051], [-48.054313, -15.91408], [-48.054328, -15.914033]]]}, "properties": {}},
{"type": "Feature", "geometry": {"type": "Polygon", "coordinates": [[[-48.065031, -15.915186], [-48.065035, -15.915174], [-48.065069, -15.915184], [-48.065084, -15.915138], [-48.065096, -15.915103], [-48.0651, -15.915091], [-48.065034, -15.915071], [-48.065, -15.915174], [-48.064999, -15.915176], [-48.065031, -15.915186]]]}, "properties": {}},
{"type": "Feature", "geometry": {"type": "Polygon", "coordinates": [[[-48.057757, -15.918319], [-48.057779, -15.918325], [-48.057783, -15.918311], [-48.057802, -15.918316], [-48.057817, -15.918269], [-48.057764, -15.918253], [-48.057748, -15.918305], [-48.05776, -15.918309], [-48.057757, -15.918319]]]}, "properties": {}},
{"type": "Feature", "geometry": {"type": "Polygon", "coordinates": [[[-48.058512, -15.917911], [-48.05852, -15.917888], [-48.0585, -15.917882], [-48.058505, -15.917867], [-48.058525, -15.917873], [-48.05854, -15.917824], [-48.058516, -15.917817], [-48.058513, -15.917825], [-48.058456, -15.917808], [-48.058459, -15.917799], [-48.058408, -15.917783], [-48.058379, -15.91787], [-48.05839, -15.917874], [-48.058512, -15.917911]]]}, "properties": {}},
{"type": "Feature", "geometry": {"type": "Polygon", "coordinates": [[[-48.054134, -15.91767], [-48.05412, -15.917712], [-48.054182, -15.917731], [-48.054209, -15.917739], [-48.05425, -15.91761], [-48.05419, -15.917591], [-48.054165, -15.917667], [-48.054138, -15.917658], [-48.054134, -15.91767]]]}, "properties": {}},
{"type": "Feature", "geometry": {"type": "Polygon", "coordinates": [[[-48.058978, -15.917439], [-48.059146, -15.917492], [-48.059156, -15.917461], [-48.05918, -15.917387], [-48.059124, -15.91737], [-48.059013, -15.917335], [-48.059008, -15.917334], [-48.05898, -15.917416], [-48.058985, -15.917417], [-48.058978, -15.917439]]]}, "properties": {}},
{"type": "Feature", "geometry": {"type": "Polygon", "coordinates": [[[-48.054448, -15.917388], [-48.054493, -15.917401], [-48.05455, -15.917418], [-48.054583, -15.917428], [-48.054605, -15.917434], [-48.054633, -15.91735], [-48.054629, -15.917349], [-48.054477, -15.917302], [-48.054467, -15.917331], [-48.054448, -15.917388]]]}, "properties": {}},
{"type": "Feature", "geometry": {"type": "Polygon", "coordinates": [[[-48.057423, -15.917043], [-48.057511, -15.917069], [-48.057549, -15.916955], [-48.057475, -15.916933], [-48.057451, -15.917009], [-48.057436, -15.917004], [-48.057423, -15.917043]]]}, "properties": {}},
{"type": "Feature", "geometry": {"type": "Polygon", "coordinates": [[[-48.055056, -15.914116], [-48.055103, -15.914151], [-48.055114, -15.914138], [-48.055121, -15.914143], [-48.055171, -15.914082], [-48.055176, -15.914076], [-48.055205, -15.91404], [-48.05515, -15.913999], [-48.055117, -15.91404], [-48.055068, -15.914102], [-48.055056, -15.914116]]]}, "properties": {}},
{"type": "Feature", "geometry": {"type": "Polygon", "coordinates": [[[-48.064485, -15.919109], [-48.064544, -15.919127], [-48.064546, -15.91912], [-48.064559, -15.919082], [-48.064546, -15.919078], [-48.064551, -15.919063], [-48.064511, -15.91905], [-48.064512, -15.919046], [-48.064494, -15.91904], [-48.064493, -15.919045], [-48.064458, -15.919034], [-48.06446, -15.91903], [-48.064432, -15.919021], [-48.06442, -15.919017], [-48.064398, -15.919082], [-48.064481, -15.919108], [-48.064485, -15.919109]]]}, "properties": {}},
{"type": "Feature", "geometry": {"type": "Polygon", "coordinates": [[[-48.062734, -15.918957], [-48.062742, -15.918932], [-48.062698, -15.918918], [-48.062719, -15.918855], [-48.062758, -15.918867], [-48.062762, -15.918853], [-48.062771, -15.918856], [-48.06278, -15.918828], [-48.062787, -15.918804], [-48.062743, -15.918791], [-48.062714, -15.918782], [-48.0627, -15.918778], [-48.062649, -15.918931], [-48.062734, -15.918957]]]}, "properties": {}},
{"type": "Feature", "geometry": {"type": "Polygon", "coordinates": [[[-48.061271, -15.918851], [-48.061274, -15.918852], [-48.061268, -15.91887], [-48.061193, -15.918846], [-48.061182, -15.918881], [-48.061248, -15.918901], [-48.061316, -15.918922], [-48.061344, -15.918837], [-48.0613, -15.918824], [-48.061209, -15.918797], [-48.061197, -15.918835], [-48.061269, -15.918857], [-48.061271, -15.918851]]]}, "properties": {}},
{"type": "Feature", "geometry": {"type": "Polygon", "coordinates": [[[-48.058132, -15.918761], [-48.058103, -15.918752], [-48.058089, -15.918796], [-48.058098, -15.918798], [-48.058207, -15.918831], [-48.058213, -15.918833], [-48.058241, -15.918747], [-48.058118, -15.918709], [-48.058108, -15.91874], [-48.058136, -15.918749], [-48.058132, -15.918761]]]}, "properties": {}},
{"type": "Feature", "geometry": {"type": "Polygon", "coordinates": [[[-48.058875, -15.918607], [-48.058881, -15.918588], [-48.0589, -15.918594], [-48.058894, -15.918613], [-48.058928, -15.918623], [-48.05897, -15.918494], [-48.05893, -15.918482], [-48.058882, -15.918467], [-48.058863, -15.918524], [-48.05884, -15.918596], [-48.058875, -15.918607]], [[-48.058885, -15.918572], [-48.0589, -15.918526], [-48.058902, -15.918527], [-48.058909, -15.918506], [-48.058925, -15.918511], [-48.058903, -15.918578], [-48.058885, -15.918572]]]}, "properties": {}},
{"type": "Feature", "geometry": {"type": "Polygon", "coordinates": [[[-48.0625, -15.918473], [-48.062512, -15.918436], [-48.0625, -15.918432], [-48.062427, -15.918411], [-48.062399, -15.918496], [-48.062484, -15.918522], [-48.0625, -15.918473]]]}, "properties": {}},
{"type": "Feature", "geometry": {"type": "Polygon", "coordinates": [[[-48.062904, -15.918336], [-48.062892, -15.918333], [-48.062883, -15.918361], [-48.063018, -15.918402], [-48.063047, -15.918314], [-48.063029, -15.918308], [-48.062974, -15.918291], [-48.062934, -15.91828], [-48.062931, -15.918279], [-48.062921, -15.918311], [-48.062913, -15.918309], [-48.062904, -15.918336]]]}, "properties": {}},
{"type": "Feature", "geometry": {"type": "Polygon", "coordinates": [[[-48.063401, -15.91828], [-48.063457, -15.918297], [-48.06346, -15.918288], [-48.063463, -15.918288], [-48.063471, -15.918262], [-48.063468, -15.918261], [-48.063472, -15.918247], [-48.063505, -15.918257], [-48.06353, -15.918179], [-48.06353, -15.918178], [-48.063497, -15.918168], [-48.063494, -15.918177], [-48.063473, -15.918171], [-48.063473, -15.91817], [-48.06344, -15.91816], [-48.06343, -15.918191], [-48.063405, -15.918269], [-48.063401, -15.91828]]]}, "properties": {}},
{"type": "Feature", "geometry": {"type": "Polygon", "coordinates": [[[-48.058233, -15.91835], [-48.058223, -15.918347], [-48.058219, -15.91836], [-48.058253, -15.91837], [-48.058256, -15.91836], [-48.058312, -15.918376], [-48.058326, -15.918333], [-48.058328, -15.918328], [-48.058334, -15.918308], [-48.058318, -15.918303], [-48.058322, -15.91829], [-48.058338, -15.918295], [-48.058346, -15.918268], [-48.058349, -15.918259], [-48.05826, -15.918233], [-48.058244, -15.918282], [-48.058254, -15.918285], [-48.058233, -15.91835]]]}, "properties": {}},
{"type": "Feature", "geometry": {"type": "Polygon", "coordinates": [[[-48.061653, -15.917461], [-48.06167, -15.917466], [-48.061667, -15.917476], [-48.061774, -15.917508], [-48.061802, -15.917422], [-48.061738, -15.917403], [-48.061713, -15.917395], [-48.061694, -15.917454], [-48.061658, -15.917443], [-48.061653, -15.917461]]]}, "properties": {}},
{"type": "Feature", "geometry": {"type": "Polygon", "coordinates": [[[-48.061425, -15.917357], [-48.061519, -15.917386], [-48.061507, -15.917426], [-48.061533, -15.917434], [-48.06156, -15.917349], [-48.061528, -15.917339], [-48.061402, -15.917299], [-48.061391, -15.917334], [-48.061429, -15.917346], [-48.061425, -15.917357]]]}, "properties": {}},
{"type": "Feature", "geometry": {"type": "Polygon", "coordinates": [[[-48.060127, -15.917152], [-48.060114, -15.917193], [-48.060203, -15.91722], [-48.060214, -15.917188], [-48.060246, -15.917092], [-48.060215, -15.917082], [-48.060193, -15.917149], [-48.060134, -15.91713], [-48.060127, -15.917152]]]}, "properties": {}},
{"type": "Feature", "geometry": {"type": "Polygon", "coordinates": [[[-48.064984, -15.916997], [-48.064997, -15.917001], [-48.064993, -15.917011], [-48.06503, -15.917022], [-48.065043, -15.916982], [-48.065045, -15.916975], [-48.065046, -15.916972], [-48.064958, -15.916945], [-48.064941, -15.916996], [-48.064981, -15.917008], [-48.064984, -15.916997]]]}, "properties": {}},
{"type": "Feature", "geometry": {"type": "Polygon", "coordinates": [[[-48.061265, -15.916738], [-48.061179, -15.916712], [-48.061154, -15.916704], [-48.06112, -15.91681], [-48.061117, -15.916819], [-48.061135, -15.916825], [-48.061144, -15.916796], [-48.061261, -15.916831], [-48.061288, -15.916745], [-48.061282, -15.916743], [-48.061265, -15.916738]]]}, "properties": {}},
{"type": "Feature", "geometry": {"type": "Polygon", "coordinates": [[[-48.062838, -15.918951], [-48.062869, -15.918856], [-48.06278, -15.918828], [-48.062771, -15.918856], [-48.06275, -15.918924], [-48.062838, -15.918951]]]}, "properties": {}},
{"type": "Feature", "geometry": {"type": "Polygon", "coordinates": [[[-48.062985, -15.916686], [-48.06307, -15.916712], [-48.063092, -15.916719], [-48.063133, -15.916732], [-48.063136, -15.916733], [-48.063156, -15.916667], [-48.063163, -15.916645], [-48.063148, -15.91664], [-48.063148, -15.916639], [-48.06314, -15.916636], [-48.063091, -15.916622], [-48.063071, -15.916616], [-48.063014, -15.916599], [-48.063, -15.916641], [-48.062992, -15.916667], [-48.062985, -15.916686]]]}, "properties": {}},
{"type": "Feature", "geometry": {"type": "Polygon", "coordinates": [[[-48.063485, -15.916133], [-48.063485, -15.916137], [-48.063535, -15.916135], [-48.063538, -15.916091], [-48.063519, -15.916083], [-48.063513, -15.916084], [-48.063514, -15.916088], [-48.063482, -15.91609], [-48.06349, -15.916072], [-48.063475, -15.916067], [-48.06346, -15.916107], [-48.063454, -15.916135], [-48.063466, -15.916134], [-48.063485, -15.916133]]]}, "properties": {}},
{"type": "Feature", "geometry": {"type": "Polygon", "coordinates": [[[-48.063052, -15.918933], [-48.063039, -15.918929], [-48.063012, -15.918921], [-48.062994, -15.918915], [-48.062981, -15.918911], [-48.062951, -15.919002], [-48.06296, -15.919019], [-48.063098, -15.919061], [-48.063104, -15.919043], [-48.063119, -15.918996], [-48.063132, -15.918957], [-48.063079, -15.918941], [-48.063061, -15.918936], [-48.063052, -15.918933]]]}, "properties": {}},
{"type": "Feature", "geometry": {"type": "Polygon", "coordinates": [[[-48.063569, -15.918914], [-48.063558, -15.918911], [-48.063562, -15.918898], [-48.063543, -15.918892], [-48.063513, -15.918985], [-48.063543, -15.918994], [-48.063569, -15.918914]]]}, "properties": {}},
{"type": "Feature", "geometry": {"type": "Polygon", "coordinates": [[[-48.055661, -15.915688], [-48.055689, -15.915602], [-48.055645, -15.915589], [-48.055649, -15.915575], [-48.055649, -15.915574], [-48.055605, -15.91556], [-48.055599, -15.915579], [-48.055594, -15.915593], [-48.055561, -15.915693], [-48.05565, -15.915718], [-48.055661, -15.915688]]]}, "properties": {}},
{"type": "Feature", "geometry": {"type": "Polygon", "coordinates": [[[-48.062757, -15.915999], [-48.06274, -15.916052], [-48.062756, -15.916056], [-48.062769, -15.916061], [-48.062785, -15.916008], [-48.062757, -15.915999]]]}, "properties": {}},
{"type": "Feature", "geometry": {"type": "Polygon", "coordinates": [[[-48.054341, -15.917638], [-48.054307, -15.917627], [-48.054305, -15.917627], [-48.05429, -15.917674], [-48.054282, -15.917679], [-48.054275, -15.917677], [-48.054273, -15.917668], [-48.054288, -15.917621], [-48.054285, -15.91762], [-48.05425, -15.91761], [-48.054209, -15.917739], [-48.054244, -15.91775], [-48.054246, -15.91775], [-48.054262, -15.917702], [-48.054269, -15.917697], [-48.054276, -15.917699], [-48.054278, -15.917708], [-48.054263, -15.917755], [-48.054266, -15.917756], [-48.054298, -15.917766], [-48.054341, -15.917638]]]}, "properties": {}},
{"type": "Feature", "geometry": {"type": "Polygon", "coordinates": [[[-48.059532, -15.91645], [-48.059621, -15.916477], [-48.059625, -15.916478], [-48.059648, -15.916406], [-48.059645, -15.916405], [-48.059645, -15.916403], [-48.059569, -15.91638], [-48.059573, -15.916366], [-48.059563, -15.916363], [-48.059517, -15.91635], [-48.059489, -15.916436], [-48.059489, -15.916437], [-48.059532, -15.91645]]]}, "properties": {}},
{"type": "Feature", "geometry": {"type": "Polygon", "coordinates": [[[-48.05892, -15.916281], [-48.059029, -15.916315], [-48.059056, -15.91623], [-48.058922, -15.916189], [-48.058895, -15.916273], [-48.058896, -15.916274], [-48.05892, -15.916281]]]}, "properties": {}},
{"type": "Feature", "geometry": {"type": "Polygon", "coordinates": [[[-48.059817, -15.915896], [-48.059727, -15.915869], [-48.059677, -15.915853], [-48.059657, -15.91592], [-48.059796, -15.915962], [-48.059817, -15.915896]]]}, "properties": {}},
{"type": "Feature", "geometry": {"type": "Polygon", "coordinates": [[[-48.057535, -15.916241], [-48.057551, -15.916246], [-48.057582, -15.916255], [-48.057584, -15.916247], [-48.057658, -15.91627], [-48.057675, -15.916218], [-48.057661, -15.916213], [-48.057665, -15.9162], [-48.057639, -15.916192], [-48.057643, -15.916179], [-48.057586, -15.916162], [-48.057575, -15.916158], [-48.057556, -15.916215], [-48.057545, -15.916212], [-48.057535, -15.916241]]]}, "properties": {}},
{"type": "Feature", "geometry": {"type": "Polygon", "coordinates": [[[-48.061189, -15.916193], [-48.061307, -15.916231], [-48.061336, -15.916146], [-48.061337, -15.916143], [-48.061343, -15.916124], [-48.061189, -15.916076], [-48.061182, -15.916081], [-48.06115, -15.916181], [-48.061189, -15.916193]]]}, "properties": {}},
{"type": "Feature", "geometry": {"type": "Polygon", "coordinates": [[[-48.055724, -15.916165], [-48.055796, -15.916187], [-48.05582, -15.916112], [-48.055826, -15.916094], [-48.055822, -15.916093], [-48.055822, -15.916092], [-48.05581, -15.916088], [-48.055822, -15.916054], [-48.055788, -15.916043], [-48.055766, -15.916037], [-48.055745, -15.916101], [-48.055729, -15.916151], [-48.055724, -15.916165]]]}, "properties": {}},
{"type": "Feature", "geometry": {"type": "Polygon", "coordinates": [[[-48.054481, -15.916086], [-48.054473, -15.916108], [-48.054471, -15.916114], [-48.054467, -15.916127], [-48.054466, -15.916132], [-48.054554, -15.916159], [-48.054556, -15.916155], [-48.054562, -15.916135], [-48.054571, -15.916109], [-48.054593, -15.916042], [-48.054602, -15.916013], [-48.054577, -15.916005], [-48.054568, -15.916035], [-48.05454, -15.916026], [-48.054549, -15.915997], [-48.054514, -15.915986], [-48.054504, -15.916015], [-48.054491, -15.916056], [-48.054481, -15.916086]]]}, "properties": {}},
{"type": "Feature", "geometry": {"type": "Polygon", "coordinates": [[[-48.055221, -15.916053], [-48.055241, -15.916059], [-48.055239, -15.916064], [-48.055296, -15.916082], [-48.055312, -15.916087], [-48.05534, -15.915999], [-48.055268, -15.915978], [-48.055207, -15.91596], [-48.055179, -15.916046], [-48.05522, -15.916058], [-48.055221, -15.916053]]]}, "properties": {}},
{"type": "Feature", "geometry": {"type": "Polygon", "coordinates": [[[-48.05563, -15.915924], [-48.055632, -15.915924], [-48.055635, -15.915925], [-48.055709, -15.915948], [-48.055746, -15.915959], [-48.055788, -15.915972], [-48.055801, -15.915932], [-48.05581, -15.915907], [-48.055817, -15.915885], [-48.055684, -15.915843], [-48.055657, -15.915857], [-48.055652, -15.915856], [-48.05563, -15.915924]]]}, "properties": {}},
{"type": "Feature", "geometry": {"type": "Polygon", "coordinates": [[[-48.059208, -15.915726], [-48.059241, -15.915736], [-48.059252, -15.915702], [-48.059261, -15.915705], [-48.059253, -15.91573], [-48.059325, -15.915752], [-48.059322, -15.915761], [-48.059353, -15.91577], [-48.059356, -15.915771], [-48.059384, -15.915684], [-48.059384, -15.915683], [-48.059382, -15.915683], [-48.059351, -15.915673], [-48.059279, -15.915651], [-48.059235, -15.915638], [-48.059211, -15.915712], [-48.059207, -15.915725], [-48.059208, -15.915726]]]}, "properties": {}},
{"type": "Feature", "geometry": {"type": "Polygon", "coordinates": [[[-48.061089, -15.915549], [-48.061208, -15.915584], [-48.061224, -15.915534], [-48.061237, -15.915538], [-48.06124, -15.915539], [-48.061253, -15.915502], [-48.061249, -15.915501], [-48.061139, -15.915469], [-48.061129, -15.9155], [-48.061107, -15.915493], [-48.061089, -15.915549]]]}, "properties": {}},
{"type": "Feature", "geometry": {"type": "Polygon", "coordinates": [[[-48.061904, -15.915606], [-48.061929, -15.915528], [-48.061933, -15.915515], [-48.06186, -15.915492], [-48.061872, -15.915454], [-48.061856, -15.91545], [-48.061843, -15.91549], [-48.061815, -15.915579], [-48.061904, -15.915606]]]}, "properties": {}},
{"type": "Feature", "geometry": {"type": "Polygon", "coordinates": [[[-48.060036, -15.915503], [-48.059947, -15.915543], [-48.059983, -15.915631], [-48.059989, -15.915643], [-48.06009, -15.915596], [-48.060085, -15.915587], [-48.060113, -15.915574], [-48.06011, -15.915569], [-48.060123, -15.915563], [-48.060168, -15.915543], [-48.060125, -15.915462], [-48.060083, -15.915482], [-48.060063, -15.915491], [-48.060036, -15.915503]]]}, "properties": {}},
{"type": "Feature", "geometry": {"type": "Polygon", "coordinates": [[[-48.055516, -15.915533], [-48.055518, -15.915528], [-48.055522, -15.915515], [-48.055505, -15.91551], [-48.055513, -15.915486], [-48.055351, -15.915434], [-48.055323, -15.915521], [-48.055502, -15.915577], [-48.055516, -15.915533]]]}, "properties": {}},
{"type": "Feature", "geometry": {"type": "Polygon", "coordinates": [[[-48.062219, -15.915185], [-48.06222, -15.915186], [-48.062231, -15.915189], [-48.062257, -15.915115], [-48.062257, -15.915114], [-48.062261, -15.9151], [-48.062278, -15.915048], [-48.062255, -15.915042], [-48.06221, -15.915028], [-48.062209, -15.915028], [-48.062209, -15.91503], [-48.062165, -15.915169], [-48.062219, -15.915185]]]}, "properties": {}},
{"type": "Feature", "geometry": {"type": "Polygon", "coordinates": [[[-48.062143, -15.915009], [-48.062142, -15.915011], [-48.062209, -15.91503], [-48.062209, -15.915028], [-48.06221, -15.915028], [-48.062226, -15.914981], [-48.062238, -15.914984], [-48.062223, -15.915027], [-48.062256, -15.915038], [-48.062255, -15.915042], [-48.062278, -15.915048], [-48.062306, -15.914959], [-48.062232, -15.914937], [-48.062172, -15.91492], [-48.062167, -15.914935], [-48.062159, -15.91496], [-48.062143, -15.915009]]]}, "properties": {}},
{"type": "Feature", "geometry": {"type": "Polygon", "coordinates": [[[-48.056211, -15.915129], [-48.056226, -15.915134], [-48.056231, -15.915135], [-48.056259, -15.915049], [-48.056254, -15.915048], [-48.056239, -15.915043], [-48.056151, -15.915016], [-48.056115, -15.915005], [-48.056107, -15.915003], [-48.056078, -15.915088], [-48.05619, -15.915123], [-48.056211, -15.915129]]]}, "properties": {}},
{"type": "Feature", "geometry": {"type": "Polygon", "coordinates": [[[-48.061353, -15.914836], [-48.061359, -15.914886], [-48.061428, -15.914872], [-48.061418, -15.91479], [-48.061417, -15.914783], [-48.061309, -15.914804], [-48.061313, -15.91484], [-48.061353, -15.914836]]]}, "properties": {}},
{"type": "Feature", "geometry": {"type": "Polygon", "coordinates": [[[-48.064749, -15.91689], [-48.064779, -15.916898], [-48.064788, -15.91687], [-48.064806, -15.916812], [-48.064748, -15.916794], [-48.064724, -15.91687], [-48.064752, -15.916879], [-48.064749, -15.91689]]]}, "properties": {}},
{"type": "Feature", "geometry": {"type": "Polygon", "coordinates": [[[-48.064313, -15.914718], [-48.064402, -15.914745], [-48.064411, -15.914716], [-48.064433, -15.914651], [-48.06444, -15.914629], [-48.064424, -15.914624], [-48.064417, -15.914646], [-48.064401, -15.914641], [-48.064404, -15.914632], [-48.064363, -15.91462], [-48.064367, -15.914607], [-48.064351, -15.914602], [-48.064346, -15.914615], [-48.064323, -15.91469], [-48.064313, -15.914718]]]}, "properties": {}},
{"type": "Feature", "geometry": {"type": "Polygon", "coordinates": [[[-48.054452, -15.914782], [-48.054476, -15.914708], [-48.054477, -15.914708], [-48.054479, -15.914703], [-48.054474, -15.914702], [-48.054475, -15.914699], [-48.054479, -15.9147], [-48.054481, -15.914695], [-48.054444, -15.914684], [-48.054439, -15.914702], [-48.054416, -15.914772], [-48.054452, -15.914782]]]}, "properties": {}},
{"type": "Feature", "geometry": {"type": "Polygon", "coordinates": [[[-48.062236, -15.914457], [-48.062241, -15.914439], [-48.062261, -15.914373], [-48.06227, -15.914375], [-48.062277, -15.914353], [-48.062215, -15.914335], [-48.062186, -15.914423], [-48.06218, -15.914442], [-48.062236, -15.914457]]]}, "properties": {}},
{"type": "Feature", "geometry": {"type": "Polygon", "coordinates": [[[-48.061737, -15.914218], [-48.061761, -15.914225], [-48.061769, -15.914201], [-48.061749, -15.914195], [-48.061682, -15.914175], [-48.061679, -15.914175], [-48.061652, -15.914261], [-48.061717, -15.91428], [-48.061737, -15.914218]]]}, "properties": {}},
{"type": "Feature", "geometry": {"type": "Polygon", "coordinates": [[[-48.054631, -15.914253], [-48.054646, -15.914257], [-48.054655, -15.914232], [-48.054652, -15.914231], [-48.054665, -15.914192], [-48.054667, -15.914184], [-48.054656, -15.914181], [-48.054654, -15.91418], [-48.054611, -15.914168], [-48.054583, -15.914253], [-48.054627, -15.914266], [-48.054631, -15.914253]]]}, "properties": {}},
{"type": "Feature", "geometry": {"type": "Polygon", "coordinates": [[[-48.062671, -15.914118], [-48.062693, -15.914046], [-48.062742, -15.914059], [-48.062749, -15.914036], [-48.062722, -15.914028], [-48.062724, -15.914024], [-48.062676, -15.914009], [-48.062675, -15.914013], [-48.062644, -15.91411], [-48.062671, -15.914118]]]}, "properties": {}},
{"type": "Feature", "geometry": {"type": "Polygon", "coordinates": [[[-48.061682, -15.914175], [-48.061749, -15.914195], [-48.061755, -15.914175], [-48.061761, -15.914157], [-48.061797, -15.914046], [-48.061798, -15.914042], [-48.061801, -15.914034], [-48.061732, -15.914013], [-48.061729, -15.914022], [-48.061682, -15.914175]]]}, "properties": {}},
{"type": "Feature", "geometry": {"type": "Polygon", "coordinates": [[[-48.06085, -15.914018], [-48.060835, -15.914063], [-48.060982, -15.914108], [-48.061027, -15.913975], [-48.060987, -15.913963], [-48.060979, -15.91396], [-48.060948, -15.913951], [-48.060905, -15.913938], [-48.06088, -15.91393], [-48.060878, -15.91393], [-48.060866, -15.913966], [-48.060857, -15.913995], [-48.06085, -15.914018]]]}, "properties": {}},
{"type": "Feature", "geometry": {"type": "Polygon", "coordinates": [[[-48.060925, -15.913788], [-48.06098, -15.913805], [-48.060986, -15.913788], [-48.06099, -15.913789], [-48.061012, -15.913721], [-48.061015, -15.913711], [-48.061013, -15.91371], [-48.060956, -15.913693], [-48.060928, -15.913779], [-48.060927, -15.913783], [-48.060925, -15.913788]]]}, "properties": {}},
{"type": "Feature", "geometry": {"type": "Polygon", "coordinates": [[[-48.064102, -15.913673], [-48.064014, -15.913646], [-48.06399, -15.91372], [-48.064078, -15.913747], [-48.064102, -15.913673]]]}, "properties": {}},
{"type": "Feature", "geometry": {"type": "Polygon", "coordinates": [[[-48.054622, -15.913746], [-48.054689, -15.913766], [-48.054729, -15.913778], [-48.054736, -15.91378], [-48.054757, -15.913714], [-48.054763, -15.913693], [-48.054709, -15.913676], [-48.054699, -15.913707], [-48.05464, -15.913689], [-48.054622, -15.913746]]]}, "properties": {}},
{"type": "Feature", "geometry": {"type": "Polygon", "coordinates": [[[-48.058166, -15.915534], [-48.058152, -15.91553], [-48.058129, -15.915596], [-48.058128, -15.915601], [-48.058212, -15.915625], [-48.058214, -15.91562], [-48.05827, -15.915441], [-48.058241, -15.915433], [-48.058234, -15.915454], [-48.058195, -15.915442], [-48.058166, -15.915534]]]}, "properties": {}},
{"type": "Feature", "geometry": {"type": "Polygon", "coordinates": [[[-48.055399, -15.916777], [-48.055425, -15.916785], [-48.055514, -15.916813], [-48.055536, -15.916746], [-48.055386, -15.9167], [-48.055381, -15.916698], [-48.05536, -15.916764], [-48.055364, -15.916766], [-48.055399, -15.916777]]]}, "properties": {}},
{"type": "Feature", "geometry": {"type": "Polygon", "coordinates": [[[-48.061016, -15.915018], [-48.060997, -15.915027], [-48.061007, -15.915046], [-48.061023, -15.915075], [-48.061027, -15.915073], [-48.061041, -15.915074], [-48.061104, -15.915078], [-48.061105, -15.915078], [-48.061106, -15.915081], [-48.061112, -15.915082], [-48.061184, -15.915086], [-48.061183, -15.915084], [-48.061178, -15.915075], [-48.06115, -15.915016], [-48.061132, -15.914978], [-48.061127, -15.914969], [-48.061123, -15.914971], [-48.061066, -15.914996], [-48.061016, -15.915018]]]}, "properties": {}},
{"type": "Feature", "geometry": {"type": "Polygon", "coordinates": [[[-48.064932, -15.914277], [-48.064911, -15.914344], [-48.064942, -15.914354], [-48.064946, -15.914343], [-48.064966, -15.914349], [-48.064963, -15.91436], [-48.064967, -15.914362], [-48.064974, -15.914364], [-48.065001, -15.914372], [-48.065019, -15.914314], [-48.065035, -15.914264], [-48.064976, -15.914246], [-48.06499, -15.914202], [-48.06496, -15.914192], [-48.064952, -15.914215], [-48.064941, -15.914249], [-48.064932, -15.914277]]]}, "properties": {}},
{"type": "Feature", "geometry": {"type": "Polygon", "coordinates": [[[-48.055067, -15.917386], [-48.055096, -15.917299], [-48.055078, -15.917294], [-48.055067, -15.91729], [-48.054934, -15.91725], [-48.054906, -15.917336], [-48.055041, -15.917377], [-48.055067, -15.917386]], [[-48.055047, -15.917323], [-48.055048, -15.917321], [-48.055034, -15.917316], [-48.055032, -15.917321], [-48.054995, -15.917309], [-48.054997, -15.917302], [-48.055059, -15.917321], [-48.055057, -15.917329], [-48.055053, -15.917328], [-48.055053, -15.917325], [-48.055047, -15.917323]]]}, "properties": {}},
{"type": "Feature", "geometry": {"type": "Polygon", "coordinates": [[[-48.059765, -15.916952], [-48.059773, -15.916955], [-48.059775, -15.916949], [-48.05981, -15.91696], [-48.059797, -15.916996], [-48.059879, -15.917023], [-48.059907, -15.916941], [-48.05978, -15.916904], [-48.059778, -15.916903], [-48.059763, -15.916951], [-48.059765, -15.916951], [-48.059765, -15.916952]]]}, "properties": {}},
{"type": "Feature", "geometry": {"type": "Polygon", "coordinates": [[[-48.063437, -15.917865], [-48.063481, -15.917878], [-48.063526, -15.917892], [-48.063537, -15.917859], [-48.063503, -15.917849], [-48.063505, -15.917842], [-48.063485, -15.917836], [-48.0635, -15.917787], [-48.063525, -15.917795], [-48.063526, -15.917792], [-48.063535, -15.917795], [-48.063535, -15.917793], [-48.063556, -15.9178], [-48.063568, -15.917761], [-48.063512, -15.917744], [-48.063511, -15.917747], [-48.063477, -15.917736], [-48.063468, -15.917766], [-48.063452, -15.917816], [-48.063437, -15.917865]]]}, "properties": {}},
{"type": "Feature", "geometry": {"type": "Polygon", "coordinates": [[[-48.060874, -15.917566], [-48.060879, -15.917552], [-48.060897, -15.917494], [-48.060832, -15.917475], [-48.060833, -15.917472], [-48.060809, -15.917465], [-48.060779, -15.917557], [-48.060868, -15.917584], [-48.060874, -15.917566]]]}, "properties": {}},
{"type": "Feature", "geometry": {"type": "Polygon", "coordinates": [[[-48.056776, -15.91678], [-48.056786, -15.916751], [-48.056723, -15.916731], [-48.056722, -15.916733], [-48.056709, -15.916729], [-48.056721, -15.916693], [-48.056681, -15.916681], [-48.056664, -15.916675], [-48.056643, -15.91674], [-48.056775, -15.91678], [-48.056776, -15.91678]]]}, "properties": {}},
{"type": "Feature", "geometry": {"type": "Polygon", "coordinates": [[[-48.060335, -15.917422], [-48.060341, -15.917403], [-48.060383, -15.917275], [-48.060362, -15.917269], [-48.060359, -15.917276], [-48.060318, -15.917264], [-48.060321, -15.917256], [-48.060316, -15.917255], [-48.060293, -15.917248], [-48.060245, -15.917394], [-48.060249, -15.917396], [-48.060335, -15.917422]]]}, "properties": {}},
{"type": "Feature", "geometry": {"type": "Polygon", "coordinates": [[[-48.064588, -15.917032], [-48.064723, -15.917072], [-48.064738, -15.917023], [-48.06475, -15.916987], [-48.064691, -15.916969], [-48.064669, -15.916962], [-48.064652, -15.917017], [-48.064598, -15.917001], [-48.064588, -15.917032]]]}, "properties": {}},
{"type": "Feature", "geometry": {"type": "Polygon", "coordinates": [[[-48.055265, -15.916687], [-48.055272, -15.916667], [-48.055279, -15.916644], [-48.055191, -15.916618], [-48.055176, -15.916661], [-48.055197, -15.916667], [-48.055265, -15.916687]]]}, "properties": {}},
{"type": "Feature", "geometry": {"type": "Polygon", "coordinates": [[[-48.054364, -15.919108], [-48.054351, -15.919104], [-48.054347, -15.919118], [-48.054464, -15.919154], [-48.054474, -15.919125], [-48.054463, -15.919121], [-48.054475, -15.919087], [-48.054377, -15.919057], [-48.054367, -15.919088], [-48.05437, -15.919089], [-48.054364, -15.919108]]]}, "properties": {}},
{"type": "Feature", "geometry": {"type": "Polygon", "coordinates": [[[-48.054592, -15.918837], [-48.054613, -15.918772], [-48.054591, -15.918766], [-48.054523, -15.918745], [-48.054479, -15.918731], [-48.054475, -15.91873], [-48.054458, -15.918725], [-48.054446, -15.918761], [-48.054437, -15.918789], [-48.054592, -15.918837]]]}, "properties": {}},
{"type": "Feature", "geometry": {"type": "Polygon", "coordinates": [[[-48.063511, -15.919097], [-48.063507, -15.919096], [-48.063509, -15.919092], [-48.063512, -15.919093], [-48.06352, -15.919068], [-48.063489, -15.919059], [-48.063459, -15.919152], [-48.06349, -15.919161], [-48.063511, -15.919097]]]}, "properties": {}},
{"type": "Feature", "geometry": {"type": "Polygon", "coordinates": [[[-48.064632, -15.91909], [-48.064701, -15.919125], [-48.064717, -15.919095], [-48.064761, -15.919118], [-48.064788, -15.919098], [-48.064764, -15.919083], [-48.06474, -15.919072], [-48.064664, -15.919035], [-48.064638, -15.919022], [-48.064586, -15.918997], [-48.064565, -15.919062], [-48.064626, -15.919102], [-48.064632, -15.91909]]]}, "properties": {}},
{"type": "Feature", "geometry": {"type": "Polygon", "coordinates": [[[-48.060777, -15.917374], [-48.060776, -15.917379], [-48.060821, -15.917392], [-48.060839, -15.917335], [-48.06085, -15.917338], [-48.060865, -15.917291], [-48.060777, -15.917265], [-48.06077, -15.917286], [-48.060745, -15.917364], [-48.060777, -15.917374]]]}, "properties": {}},
{"type": "Feature", "geometry": {"type": "Polygon", "coordinates": [[[-48.064111, -15.917302], [-48.064136, -15.917225], [-48.06408, -15.917208], [-48.064078, -15.917208], [-48.064051, -15.917294], [-48.064108, -15.917311], [-48.064111, -15.917302]], [[-48.06412, -15.917258], [-48.064118, -15.917266], [-48.064108, -15.917263], [-48.064111, -15.917255], [-48.06412, -15.917258]]]}, "properties": {}},
{"type": "Feature", "geometry": {"type": "Polygon", "coordinates": [[[-48.058421, -15.91593], [-48.058418, -15.915939], [-48.058418, -15.91594], [-48.058439, -15.915947], [-48.058444, -15.915933], [-48.058467, -15.91594], [-48.058511, -15.915806], [-48.058465, -15.915792], [-48.05846, -15.915809], [-48.058448, -15.915847], [-48.058421, -15.91593]]]}, "properties": {}},
{"type": "Feature", "geometry": {"type": "Polygon", "coordinates": [[[-48.064975, -15.915136], [-48.06497, -15.915135], [-48.06499, -15.915076], [-48.064963, -15.915068], [-48.064954, -15.915093], [-48.064933, -15.915154], [-48.064932, -15.915155], [-48.064999, -15.915176], [-48.065, -15.915174], [-48.065034, -15.915071], [-48.065005, -15.915062], [-48.064986, -15.915119], [-48.064981, -15.915117], [-48.064975, -15.915136]]]}, "properties": {}},
{"type": "Feature", "geometry": {"type": "Polygon", "coordinates": [[[-48.054516, -15.914293], [-48.054432, -15.914268], [-48.054422, -15.9143], [-48.054434, -15.914304], [-48.054555, -15.91434], [-48.054566, -15.914305], [-48.054583, -15.914253], [-48.054531, -15.914238], [-48.054526, -15.914236], [-48.05445, -15.914214], [-48.05444, -15.914244], [-48.054524, -15.914269], [-48.054516, -15.914293]]]}, "properties": {}},
{"type": "Feature", "geometry": {"type": "Polygon", "coordinates": [[[-48.061156, -15.914857], [-48.061082, -15.91489], [-48.06109, -15.914901], [-48.061092, -15.914905], [-48.061131, -15.914967], [-48.061136, -15.914965], [-48.061198, -15.914937], [-48.061157, -15.914857], [-48.061156, -15.914857]]]}, "properties": {}},
{"type": "Feature", "geometry": {"type": "Polygon", "coordinates": [[[-48.057986, -15.91704], [-48.058016, -15.91705], [-48.05804, -15.917057], [-48.058053, -15.917061], [-48.058065, -15.917024], [-48.058017, -15.917008], [-48.058033, -15.91696], [-48.057947, -15.916934], [-48.057932, -15.91698], [-48.057919, -15.917019], [-48.057986, -15.91704]]]}, "properties": {}},
{"type": "Feature", "geometry": {"type": "Polygon", "coordinates": [[[-48.062853, -15.9157], [-48.062804, -15.915684], [-48.062778, -15.915757], [-48.06283, -15.915773], [-48.062853, -15.9157]]]}, "properties": {}},
{"type": "Feature", "geometry": {"type": "Polygon", "coordinates": [[[-48.054884, -15.916051], [-48.054894, -15.916054], [-48.05494, -15.916069], [-48.054954, -15.916026], [-48.054957, -15.916027], [-48.054943, -15.91607], [-48.055017, -15.916093], [-48.055031, -15.916049], [-48.055035, -15.91605], [-48.055038, -15.916039], [-48.055004, -15.916029], [-48.055019, -15.915984], [-48.054973, -15.91597], [-48.05497, -15.915981], [-48.054912, -15.915964], [-48.054912, -15.915965], [-48.054905, -15.915987], [-48.054884, -15.916051]]]}, "properties": {}},
{"type": "Feature", "geometry": {"type": "Polygon", "coordinates": [[[-48.063459, -15.914271], [-48.063477, -15.914276], [-48.0635, -15.914206], [-48.063412, -15.914179], [-48.063389, -15.914249], [-48.063385, -15.914261], [-48.063372, -15.914301], [-48.063459, -15.914328], [-48.063469, -15.914298], [-48.063452, -15.914293], [-48.063459, -15.914271]]]}, "properties": {}},
{"type": "Feature", "geometry": {"type": "Polygon", "coordinates": [[[-48.064893, -15.91528], [-48.064905, -15.915246], [-48.064932, -15.915156], [-48.064866, -15.915135], [-48.064835, -15.915224], [-48.064824, -15.915259], [-48.064893, -15.91528]]]}, "properties": {}},
{"type": "Feature", "geometry": {"type": "Polygon", "coordinates": [[[-48.057131, -15.919003], [-48.05713, -15.919006], [-48.057175, -15.919019], [-48.057253, -15.919042], [-48.057284, -15.919051], [-48.057292, -15.919054], [-48.057292, -15.919053], [-48.057319, -15.918969], [-48.057302, -15.918934], [-48.057292, -15.918931], [-48.057213, -15.918908], [-48.057167, -15.918894], [-48.057162, -15.918908], [-48.057155, -15.918931], [-48.057131, -15.919003]]]}, "properties": {}},
{"type": "Feature", "geometry": {"type": "Polygon", "coordinates": [[[-48.06087, -15.918021], [-48.060918, -15.918035], [-48.060942, -15.91796], [-48.060928, -15.917956], [-48.060938, -15.917926], [-48.060951, -15.91793], [-48.060954, -15.917922], [-48.060841, -15.917888], [-48.060821, -15.917882], [-48.060793, -15.917968], [-48.060879, -15.917994], [-48.06087, -15.918021]]]}, "properties": {}},
{"type": "Feature", "geometry": {"type": "Polygon", "coordinates": [[[-48.061076, -15.916667], [-48.061073, -15.916676], [-48.061065, -15.916673], [-48.061053, -15.91671], [-48.061029, -15.916782], [-48.06112, -15.91681], [-48.061154, -15.916704], [-48.061165, -15.916667], [-48.061167, -15.916662], [-48.061078, -15.916635], [-48.061075, -15.916645], [-48.061083, -15.916648], [-48.061076, -15.916667]]]}, "properties": {}},
{"type": "Feature", "geometry": {"type": "Polygon", "coordinates": [[[-48.059578, -15.918079], [-48.059574, -15.91809], [-48.059588, -15.918094], [-48.059597, -15.918066], [-48.0596, -15.918054], [-48.059621, -15.917988], [-48.059533, -15.917962], [-48.05951, -15.918031], [-48.059499, -15.918067], [-48.0595, -15.918067], [-48.059512, -15.918071], [-48.059515, -15.91806], [-48.059578, -15.918079]]]}, "properties": {}},
{"type": "Feature", "geometry": {"type": "Polygon", "coordinates": [[[-48.055567, -15.91626], [-48.055681, -15.916294], [-48.055688, -15.916274], [-48.05565, -15.916262], [-48.05566, -15.916229], [-48.055583, -15.916207], [-48.055585, -15.916201], [-48.055549, -15.91619], [-48.055545, -15.916189], [-48.055527, -15.916247], [-48.05553, -15.916248], [-48.055567, -15.91626]]]}, "properties": {}},
{"type": "Feature", "geometry": {"type": "Polygon", "coordinates": [[[-48.054234, -15.916296], [-48.054253, -15.916302], [-48.054244, -15.916329], [-48.054299, -15.916346], [-48.054338, -15.916224], [-48.054342, -15.916212], [-48.054252, -15.916184], [-48.054217, -15.916295], [-48.054233, -15.9163], [-48.054234, -15.916296]]]}, "properties": {}},
{"type": "Feature", "geometry": {"type": "Polygon", "coordinates": [[[-48.05478, -15.914076], [-48.054698, -15.914052], [-48.054691, -15.914072], [-48.054656, -15.914181], [-48.054667, -15.914184], [-48.054688, -15.91419], [-48.054738, -15.914205], [-48.054744, -15.914207], [-48.054771, -15.914214], [-48.054812, -15.914086], [-48.05478, -15.914076]], [[-48.054699, -15.914157], [-48.054676, -15.91415], [-48.054678, -15.914144], [-48.0547, -15.914151], [-48.054699, -15.914157]]]}, "properties": {}},
{"type": "Feature", "geometry": {"type": "Polygon", "coordinates": [[[-48.06273, -15.918598], [-48.062741, -15.918566], [-48.062676, -15.918546], [-48.062666, -15.918578], [-48.062665, -15.918579], [-48.06273, -15.918598]]]}, "properties": {}},
{"type": "Feature", "geometry": {"type": "Polygon", "coordinates": [[[-48.062446, -15.917418], [-48.062467, -15.917424], [-48.062474, -15.9174], [-48.062453, -15.917394], [-48.062458, -15.917379], [-48.062421, -15.917367], [-48.062408, -15.917409], [-48.062445, -15.91742], [-48.062446, -15.917418]]]}, "properties": {}},
{"type": "Feature", "geometry": {"type": "Polygon", "coordinates": [[[-48.064091, -15.919131], [-48.064102, -15.919134], [-48.064123, -15.919068], [-48.064075, -15.919054], [-48.064064, -15.919089], [-48.064101, -15.9191], [-48.064091, -15.919131]]]}, "properties": {}},
{"type": "Feature", "geometry": {"type": "Polygon", "coordinates": [[[-48.058352, -15.917956], [-48.058441, -15.917983], [-48.058485, -15.917997], [-48.058512, -15.917911], [-48.05839, -15.917874], [-48.058374, -15.917925], [-48.058363, -15.917922], [-48.058352, -15.917956]]]}, "properties": {}},
{"type": "Feature", "geometry": {"type": "Polygon", "coordinates": [[[-48.058246, -15.91764], [-48.058273, -15.917648], [-48.058302, -15.917657], [-48.058311, -15.917628], [-48.058257, -15.917611], [-48.058276, -15.917556], [-48.058196, -15.917531], [-48.058195, -15.917531], [-48.058168, -15.917616], [-48.058169, -15.917617], [-48.058246, -15.91764]]]}, "properties": {}},
{"type": "Feature", "geometry": {"type": "Polygon", "coordinates": [[[-48.057777, -15.918823], [-48.057791, -15.91878], [-48.057801, -15.918749], [-48.057712, -15.918722], [-48.057688, -15.918796], [-48.057777, -15.918823]]]}, "properties": {}},
{"type": "Feature", "geometry": {"type": "Polygon", "coordinates": [[[-48.06273, -15.918598], [-48.062674, -15.918581], [-48.062665, -15.918579], [-48.062643, -15.918572], [-48.062615, -15.918656], [-48.062638, -15.918663], [-48.062647, -15.918666], [-48.062712, -15.918686], [-48.062744, -15.918696], [-48.062772, -15.918704], [-48.062785, -15.918662], [-48.062799, -15.91862], [-48.062739, -15.918601], [-48.06273, -15.918598]]]}, "properties": {}},
{"type": "Feature", "geometry": {"type": "Polygon", "coordinates": [[[-48.063849, -15.917961], [-48.063849, -15.917962], [-48.06385, -15.917963], [-48.063889, -15.917975], [-48.063918, -15.917888], [-48.063878, -15.917875], [-48.063877, -15.917876], [-48.063852, -15.917953], [-48.063849, -15.917961]]]}, "properties": {}},
{"type": "Feature", "geometry": {"type": "Polygon", "coordinates": [[[-48.060709, -15.915697], [-48.06071, -15.915697], [-48.06074, -15.915605], [-48.060684, -15.915588], [-48.060649, -15.915699], [-48.060703, -15.915715], [-48.060709, -15.915697]]]}, "properties": {}},
{"type": "Feature", "geometry": {"type": "Polygon", "coordinates": [[[-48.06334, -15.918163], [-48.063353, -15.918124], [-48.063263, -15.918097], [-48.063244, -15.918155], [-48.063334, -15.918182], [-48.06334, -15.918163]]]}, "properties": {}},
{"type": "Feature", "geometry": {"type": "Polygon", "coordinates": [[[-48.054373, -15.91747], [-48.054379, -15.91745], [-48.054338, -15.917437], [-48.054321, -15.91749], [-48.054363, -15.917503], [-48.054373, -15.91747]]]}, "properties": {}},
{"type": "Feature", "geometry": {"type": "Polygon", "coordinates": [[[-48.062347, -15.919016], [-48.062362, -15.91897], [-48.062327, -15.918959], [-48.0623, -15.919041], [-48.062335, -15.919052], [-48.062347, -15.919016]]]}, "properties": {}},
{"type": "Feature", "geometry": {"type": "Polygon", "coordinates": [[[-48.058091, -15.916641], [-48.058087, -15.916657], [-48.058142, -15.916674], [-48.058141, -15.916677], [-48.058085, -15.91666], [-48.058076, -15.91669], [-48.058135, -15.916706], [-48.058167, -15.916715], [-48.058182, -15.916667], [-48.058182, -15.916665], [-48.05819, -15.916641], [-48.058166, -15.916634], [-48.058173, -15.916612], [-48.05817, -15.916611], [-48.05818, -15.916581], [-48.058179, -15.916581], [-48.05818, -15.916578], [-48.058117, -15.916558], [-48.058117, -15.916561], [-48.058094, -15.916635], [-48.058091, -15.916641]]]}, "properties": {}},
{"type": "Feature", "geometry": {"type": "Polygon", "coordinates": [[[-48.059826, -15.919112], [-48.059812, -15.919157], [-48.059808, -15.919168], [-48.059807, -15.919171], [-48.059838, -15.91918], [-48.059896, -15.919197], [-48.059911, -15.919148], [-48.059933, -15.91908], [-48.059851, -15.919055], [-48.059847, -15.919069], [-48.05984, -15.919067], [-48.059826, -15.919112]]]}, "properties": {}},
{"type": "Feature", "geometry": {"type": "Polygon", "coordinates": [[[-48.059062, -15.919117], [-48.059121, -15.919134], [-48.059135, -15.919093], [-48.059165, -15.919102], [-48.059179, -15.919059], [-48.059089, -15.919032], [-48.059088, -15.919031], [-48.059078, -15.91906], [-48.05906, -15.919116], [-48.059062, -15.919117]]]}, "properties": {}},
{"type": "Feature", "geometry": {"type": "Polygon", "coordinates": [[[-48.062619, -15.91667], [-48.062607, -15.916667], [-48.062556, -15.916651], [-48.062551, -15.916667], [-48.062528, -15.916738], [-48.062591, -15.916757], [-48.062619, -15.91667]]]}, "properties": {}},
{"type": "Feature", "geometry": {"type": "Polygon", "coordinates": [[[-48.063183, -15.915539], [-48.063184, -15.91554], [-48.063215, -15.915549], [-48.063223, -15.915551], [-48.063247, -15.915559], [-48.063341, -15.915587], [-48.063354, -15.915547], [-48.063362, -15.915523], [-48.063367, -15.915506], [-48.063368, -15.915502], [-48.063369, -15.915501], [-48.063257, -15.915468], [-48.06325, -15.915489], [-48.063203, -15.915475], [-48.063183, -15.915539]]]}, "properties": {}},
{"type": "Feature", "geometry": {"type": "Polygon", "coordinates": [[[-48.064162, -15.918722], [-48.064167, -15.918708], [-48.064172, -15.918691], [-48.064105, -15.91867], [-48.064073, -15.918771], [-48.06414, -15.918791], [-48.064162, -15.918722]]]}, "properties": {}},
{"type": "Feature", "geometry": {"type": "Polygon", "coordinates": [[[-48.060685, -15.916941], [-48.060596, -15.916913], [-48.06058, -15.916963], [-48.06067, -15.916989], [-48.060685, -15.916941]]]}, "properties": {}},
{"type": "Feature", "geometry": {"type": "Polygon", "coordinates": [[[-48.058386, -15.915311], [-48.058338, -15.915461], [-48.058337, -15.915462], [-48.05836, -15.915469], [-48.058387, -15.915478], [-48.058403, -15.915482], [-48.058422, -15.915424], [-48.058432, -15.915393], [-48.058435, -15.915384], [-48.058401, -15.915373], [-48.058411, -15.915345], [-48.058445, -15.915356], [-48.05846, -15.915308], [-48.058461, -15.915307], [-48.058448, -15.915303], [-48.058394, -15.915287], [-48.058391, -15.915295], [-48.058386, -15.915311]]]}, "properties": {}},
{"type": "Feature", "geometry": {"type": "Polygon", "coordinates": [[[-48.064657, -15.918367], [-48.064659, -15.918368], [-48.064657, -15.918373], [-48.064653, -15.918372], [-48.064648, -15.918387], [-48.064741, -15.918415], [-48.064739, -15.918422], [-48.064771, -15.918432], [-48.064793, -15.918439], [-48.064821, -15.918354], [-48.064816, -15.918353], [-48.064817, -15.91835], [-48.064767, -15.918335], [-48.064765, -15.91834], [-48.064713, -15.918325], [-48.064715, -15.91832], [-48.064664, -15.918304], [-48.064658, -15.918321], [-48.064671, -15.918324], [-48.064657, -15.918367]]]}, "properties": {}},
{"type": "Feature", "geometry": {"type": "Polygon", "coordinates": [[[-48.061366, -15.914068], [-48.061368, -15.914063], [-48.061377, -15.914066], [-48.061417, -15.914079], [-48.061434, -15.914027], [-48.0613, -15.913987], [-48.061282, -15.91404], [-48.061308, -15.914048], [-48.061366, -15.914068]]]}, "properties": {}},
{"type": "Feature", "geometry": {"type": "Polygon", "coordinates": [[[-48.060995, -15.918618], [-48.060982, -15.91866], [-48.061071, -15.918686], [-48.061098, -15.9186], [-48.06099, -15.918568], [-48.060984, -15.918589], [-48.060976, -15.918612], [-48.060995, -15.918618]]]}, "properties": {}},
{"type": "Feature", "geometry": {"type": "Polygon", "coordinates": [[[-48.064641, -15.917289], [-48.064608, -15.917279], [-48.064595, -15.917317], [-48.064683, -15.917344], [-48.064702, -15.917287], [-48.064644, -15.917269], [-48.064639, -15.917286], [-48.064641, -15.917287], [-48.064641, -15.917289]]]}, "properties": {}},
{"type": "Feature", "geometry": {"type": "Polygon", "coordinates": [[[-48.062282, -15.915636], [-48.062261, -15.915701], [-48.062257, -15.915712], [-48.062347, -15.915739], [-48.062361, -15.915697], [-48.062393, -15.915597], [-48.062396, -15.915587], [-48.062309, -15.91556], [-48.062302, -15.915584], [-48.062298, -15.915584], [-48.062282, -15.915636]]]}, "properties": {}},
{"type": "Feature", "geometry": {"type": "Polygon", "coordinates": [[[-48.064814, -15.918065], [-48.064823, -15.918039], [-48.06481, -15.918035], [-48.064829, -15.917976], [-48.064776, -15.91796], [-48.064766, -15.917989], [-48.064748, -15.918045], [-48.064814, -15.918065]]]}, "properties": {}},
{"type": "Feature", "geometry": {"type": "Polygon", "coordinates": [[[-48.061111, -15.918048], [-48.061135, -15.91797], [-48.0611, -15.91796], [-48.061075, -15.91804], [-48.06111, -15.91805], [-48.061111, -15.918048]]]}, "properties": {}},
{"type": "Feature", "geometry": {"type": "Polygon", "coordinates": [[[-48.056523, -15.917557], [-48.056545, -15.917491], [-48.056516, -15.917482], [-48.056411, -15.91745], [-48.056392, -15.91751], [-48.05639, -15.917515], [-48.056523, -15.917557]]]}, "properties": {}},
{"type": "Feature", "geometry": {"type": "Polygon", "coordinates": [[[-48.056703, -15.918815], [-48.056713, -15.918784], [-48.056718, -15.918769], [-48.056629, -15.918742], [-48.056625, -15.918753], [-48.056625, -15.918755], [-48.056624, -15.918757], [-48.056597, -15.918844], [-48.056685, -15.91887], [-48.056703, -15.918815]]]}, "properties": {}},
{"type": "Feature", "geometry": {"type": "Polygon", "coordinates": [[[-48.064114, -15.914961], [-48.06413, -15.914911], [-48.063998, -15.914872], [-48.063968, -15.91496], [-48.0641, -15.915001], [-48.064114, -15.914961]]]}, "properties": {}},
{"type": "Feature", "geometry": {"type": "Polygon", "coordinates": [[[-48.055955, -15.914956], [-48.055973, -15.914962], [-48.056032, -15.91498], [-48.056061, -15.914988], [-48.05607, -15.914961], [-48.056098, -15.914879], [-48.056109, -15.914846], [-48.05611, -15.914842], [-48.056003, -15.914809], [-48.056001, -15.914813], [-48.055955, -15.914956]]]}, "properties": {}},
{"type": "Feature", "geometry": {"type": "Polygon", "coordinates": [[[-48.058723, -15.916081], [-48.058752, -15.915995], [-48.058699, -15.915979], [-48.058684, -15.916023], [-48.058671, -15.916065], [-48.058723, -15.916081]]]}, "properties": {}},
{"type": "Feature", "geometry": {"type": "Polygon", "coordinates": [[[-48.061241, -15.916635], [-48.061312, -15.916657], [-48.061336, -15.916664], [-48.061339, -15.916665], [-48.061367, -15.916579], [-48.061364, -15.916578], [-48.06127, -15.91655], [-48.061209, -15.916531], [-48.061187, -15.916599], [-48.061182, -15.916617], [-48.061241, -15.916635]]]}, "properties": {}},
{"type": "Feature", "geometry": {"type": "Polygon", "coordinates": [[[-48.061877, -15.916591], [-48.061875, -15.916596], [-48.061963, -15.916623], [-48.061965, -15.916618], [-48.062006, -15.91649], [-48.061918, -15.916462], [-48.061895, -15.916533], [-48.061886, -15.916563], [-48.061877, -15.916591]]]}, "properties": {}},
{"type": "Feature", "geometry": {"type": "Polygon", "coordinates": [[[-48.06188, -15.916528], [-48.061895, -15.916533], [-48.061918, -15.916462], [-48.061897, -15.916456], [-48.061828, -15.916436], [-48.061802, -15.916518], [-48.061875, -15.916541], [-48.06188, -15.916528]]]}, "properties": {}},
{"type": "Feature", "geometry": {"type": "Polygon", "coordinates": [[[-48.064863, -15.916476], [-48.064856, -15.916497], [-48.064902, -15.916511], [-48.064929, -15.916427], [-48.06493, -15.916425], [-48.064936, -15.916405], [-48.064937, -15.916401], [-48.06478, -15.916353], [-48.064744, -15.916463], [-48.064747, -15.916464], [-48.064779, -15.916474], [-48.064841, -15.916492], [-48.064848, -15.916472], [-48.064863, -15.916476]]]}, "properties": {}},
{"type": "Feature", "geometry": {"type": "Polygon", "coordinates": [[[-48.05447, -15.91654], [-48.054497, -15.916456], [-48.054501, -15.916457], [-48.05449, -15.916489], [-48.054506, -15.916494], [-48.054489, -15.916546], [-48.054525, -15.916557], [-48.054546, -15.91649], [-48.054566, -15.916428], [-48.054477, -15.916401], [-48.054469, -15.916425], [-48.054435, -15.91653], [-48.05447, -15.91654]]]}, "properties": {}},
{"type": "Feature", "geometry": {"type": "Polygon", "coordinates": [[[-48.05807, -15.916406], [-48.058096, -15.916318], [-48.057975, -15.91628], [-48.057952, -15.916273], [-48.057948, -15.916271], [-48.057918, -15.916359], [-48.057924, -15.916361], [-48.05807, -15.916406]]]}, "properties": {}},
{"type": "Feature", "geometry": {"type": "Polygon", "coordinates": [[[-48.064909, -15.916142], [-48.064869, -15.916266], [-48.064905, -15.916277], [-48.064917, -15.916241], [-48.064948, -15.916144], [-48.064927, -15.916137], [-48.064925, -15.916144], [-48.064909, -15.91614], [-48.064909, -15.916142]]]}, "properties": {}},
{"type": "Feature", "geometry": {"type": "Polygon", "coordinates": [[[-48.057486, -15.916323], [-48.057492, -15.916325], [-48.057521, -15.916333], [-48.057562, -15.916346], [-48.057642, -15.91637], [-48.057665, -15.916296], [-48.05767, -15.916282], [-48.057589, -15.916258], [-48.057587, -15.916264], [-48.057549, -15.916252], [-48.057551, -15.916246], [-48.057535, -15.916241], [-48.057514, -15.916235], [-48.05751, -15.916234], [-48.057482, -15.916321], [-48.057482, -15.916322], [-48.057486, -15.916323]]]}, "properties": {}},
{"type": "Feature", "geometry": {"type": "Polygon", "coordinates": [[[-48.06142, -15.916188], [-48.061386, -15.9163], [-48.061385, -15.916302], [-48.061385, -15.916304], [-48.061413, -15.916312], [-48.061419, -15.916295], [-48.061468, -15.91631], [-48.0615, -15.916212], [-48.06151, -15.916215], [-48.061522, -15.916179], [-48.061523, -15.916174], [-48.061433, -15.916148], [-48.061432, -15.916151], [-48.061426, -15.916171], [-48.06142, -15.916188]]]}, "properties": {}},
{"type": "Feature", "geometry": {"type": "Polygon", "coordinates": [[[-48.057202, -15.916206], [-48.057234, -15.91611], [-48.057238, -15.916111], [-48.057248, -15.916079], [-48.057243, -15.916077], [-48.057155, -15.91605], [-48.057138, -15.916045], [-48.057128, -15.916075], [-48.057096, -15.916175], [-48.057202, -15.916206]]]}, "properties": {}},
{"type": "Feature", "geometry": {"type": "Polygon", "coordinates": [[[-48.062093, -15.916089], [-48.062133, -15.916101], [-48.062138, -15.916084], [-48.062146, -15.916062], [-48.062149, -15.916052], [-48.062103, -15.916038], [-48.062091, -15.916034], [-48.062094, -15.916023], [-48.062097, -15.916023], [-48.062119, -15.915955], [-48.062085, -15.915944], [-48.062044, -15.916069], [-48.062043, -15.916074], [-48.062093, -15.916089]]]}, "properties": {}},
{"type": "Feature", "geometry": {"type": "Polygon", "coordinates": [[[-48.054842, -15.915991], [-48.054844, -15.915992], [-48.054832, -15.91603], [-48.05485, -15.916035], [-48.054843, -15.916057], [-48.054865, -15.916064], [-48.05487, -15.916048], [-48.054884, -15.916052], [-48.054884, -15.916051], [-48.054905, -15.915987], [-48.054856, -15.915972], [-48.054855, -15.915975], [-48.054848, -15.915973], [-48.054842, -15.915991]]]}, "properties": {}},
{"type": "Feature", "geometry": {"type": "Polygon", "coordinates": [[[-48.05996, -15.915868], [-48.060001, -15.91588], [-48.060019, -15.915886], [-48.060031, -15.915847], [-48.059955, -15.915824], [-48.059952, -15.915823], [-48.059939, -15.915861], [-48.059943, -15.915862], [-48.05996, -15.915868]]]}, "properties": {}},
{"type": "Feature", "geometry": {"type": "Polygon", "coordinates": [[[-48.060648, -15.915793], [-48.060691, -15.915806], [-48.06071, -15.915812], [-48.060734, -15.915819], [-48.060737, -15.91582], [-48.060764, -15.915734], [-48.060761, -15.915733], [-48.060739, -15.915726], [-48.060737, -15.915726], [-48.060703, -15.915715], [-48.060649, -15.915699], [-48.060604, -15.915685], [-48.060603, -15.915685], [-48.060586, -15.915739], [-48.060658, -15.915761], [-48.060648, -15.915793]]]}, "properties": {}},
{"type": "Feature", "geometry": {"type": "Polygon", "coordinates": [[[-48.055518, -15.915528], [-48.055537, -15.915533], [-48.055536, -15.915536], [-48.055541, -15.915537], [-48.055546, -15.915523], [-48.055577, -15.915532], [-48.055607, -15.91544], [-48.055552, -15.915424], [-48.05553, -15.915491], [-48.055522, -15.915515], [-48.055518, -15.915528]]]}, "properties": {}},
{"type": "Feature", "geometry": {"type": "Polygon", "coordinates": [[[-48.058603, -15.915544], [-48.058671, -15.915563], [-48.058684, -15.915524], [-48.058699, -15.915477], [-48.058632, -15.915456], [-48.058603, -15.915544]]]}, "properties": {}},
{"type": "Feature", "geometry": {"type": "Polygon", "coordinates": [[[-48.056068, -15.91518], [-48.056161, -15.915208], [-48.056172, -15.915175], [-48.056173, -15.915175], [-48.05619, -15.915123], [-48.056078, -15.915088], [-48.056061, -15.91514], [-48.056079, -15.915146], [-48.056068, -15.91518]]]}, "properties": {}},
{"type": "Feature", "geometry": {"type": "Polygon", "coordinates": [[[-48.062641, -15.914316], [-48.06266, -15.914322], [-48.062661, -15.914318], [-48.062678, -15.914264], [-48.062646, -15.914254], [-48.062544, -15.914223], [-48.062543, -15.914223], [-48.062531, -15.914257], [-48.062535, -15.914257], [-48.062532, -15.914267], [-48.062504, -15.914353], [-48.062554, -15.914368], [-48.062585, -15.914274], [-48.062596, -15.914278], [-48.062565, -15.914371], [-48.062636, -15.914393], [-48.062654, -15.91434], [-48.062635, -15.914334], [-48.062641, -15.914316]]]}, "properties": {}},
{"type": "Feature", "geometry": {"type": "Polygon", "coordinates": [[[-48.064794, -15.913883], [-48.064823, -15.913892], [-48.06486, -15.913903], [-48.06488, -15.913839], [-48.064793, -15.913814], [-48.064773, -15.913875], [-48.064773, -15.913876], [-48.064794, -15.913883]]]}, "properties": {}},
{"type": "Feature", "geometry": {"type": "Polygon", "coordinates": [[[-48.06486, -15.913903], [-48.06495, -15.913931], [-48.064959, -15.913903], [-48.06495, -15.913901], [-48.064965, -15.913851], [-48.064975, -15.913854], [-48.064983, -15.91383], [-48.064993, -15.913802], [-48.065, -15.91378], [-48.064909, -15.913752], [-48.06488, -15.913839], [-48.06486, -15.913903]]]}, "properties": {}},
{"type": "Feature", "geometry": {"type": "Polygon", "coordinates": [[[-48.062937, -15.913741], [-48.062996, -15.913759], [-48.063024, -15.913673], [-48.062984, -15.913661], [-48.06296, -15.913732], [-48.062942, -15.913727], [-48.062937, -15.913741]]]}, "properties": {}},
{"type": "Feature", "geometry": {"type": "Polygon", "coordinates": [[[-48.064019, -15.917919], [-48.063994, -15.917911], [-48.063918, -15.917888], [-48.063889, -15.917975], [-48.063991, -15.918006], [-48.064019, -15.917919]]]}, "properties": {}},
{"type": "Feature", "geometry": {"type": "Polygon", "coordinates": [[[-48.061456, -15.917889], [-48.061367, -15.917861], [-48.061326, -15.917987], [-48.061416, -15.918014], [-48.061456, -15.917889]]]}, "properties": {}},
{"type": "Feature", "geometry": {"type": "Polygon", "coordinates": [[[-48.054787, -15.919097], [-48.054655, -15.919058], [-48.054635, -15.919121], [-48.054766, -15.919162], [-48.054787, -15.919097]]]}, "properties": {}},
{"type": "Feature", "geometry": {"type": "Polygon", "coordinates": [[[-48.057292, -15.918809], [-48.05729, -15.918816], [-48.057283, -15.918837], [-48.057292, -15.91884], [-48.057372, -15.918864], [-48.057379, -15.918844], [-48.057381, -15.918838], [-48.057414, -15.918736], [-48.057325, -15.918709], [-48.057319, -15.918725], [-48.057317, -15.918732], [-48.057292, -15.918809]]]}, "properties": {}},
{"type": "Feature", "geometry": {"type": "Polygon", "coordinates": [[[-48.057471, -15.918257], [-48.057457, -15.9183], [-48.057545, -15.918327], [-48.057582, -15.918214], [-48.057574, -15.918211], [-48.057577, -15.918201], [-48.057555, -15.918194], [-48.057537, -15.918252], [-48.057478, -15.918235], [-48.057471, -15.918257]]]}, "properties": {}},
{"type": "Feature", "geometry": {"type": "Polygon", "coordinates": [[[-48.054388, -15.917793], [-48.054406, -15.917799], [-48.054412, -15.917781], [-48.054425, -15.917784], [-48.054419, -15.917803], [-48.054476, -15.91782], [-48.054517, -15.917692], [-48.054523, -15.917672], [-48.054436, -15.917645], [-48.054429, -15.917665], [-48.054416, -15.917705], [-48.054388, -15.917793]]]}, "properties": {}},
{"type": "Feature", "geometry": {"type": "Polygon", "coordinates": [[[-48.058019, -15.917653], [-48.058015, -15.917665], [-48.058063, -15.91768], [-48.058067, -15.917667], [-48.05808, -15.917671], [-48.058076, -15.917683], [-48.05814, -15.917703], [-48.058157, -15.917648], [-48.058131, -15.91764], [-48.058139, -15.917616], [-48.058088, -15.9176], [-48.058091, -15.917593], [-48.058013, -15.917569], [-48.058008, -15.917568], [-48.057984, -15.917642], [-48.057988, -15.917643], [-48.058019, -15.917653]]]}, "properties": {}},
{"type": "Feature", "geometry": {"type": "Polygon", "coordinates": [[[-48.058728, -15.917408], [-48.058756, -15.917322], [-48.058753, -15.917321], [-48.058709, -15.917307], [-48.058707, -15.917307], [-48.058679, -15.917393], [-48.058681, -15.917394], [-48.058728, -15.917408]]]}, "properties": {}},
{"type": "Feature", "geometry": {"type": "Polygon", "coordinates": [[[-48.057514, -15.91737], [-48.057557, -15.917383], [-48.057566, -15.917386], [-48.057569, -15.917377], [-48.057601, -15.917387], [-48.057618, -15.917334], [-48.057623, -15.917336], [-48.057635, -15.917298], [-48.057645, -15.917269], [-48.057612, -15.917259], [-48.057603, -15.917285], [-48.057547, -15.917268], [-48.057514, -15.91737]]]}, "properties": {}},
{"type": "Feature", "geometry": {"type": "Polygon", "coordinates": [[[-48.057362, -15.917273], [-48.057358, -15.917286], [-48.057353, -15.917284], [-48.057345, -15.917309], [-48.05742, -15.917332], [-48.057428, -15.917307], [-48.057423, -15.917306], [-48.057436, -15.917266], [-48.057448, -15.91727], [-48.057459, -15.917235], [-48.057472, -15.917195], [-48.057384, -15.917168], [-48.057378, -15.917187], [-48.057351, -15.91727], [-48.057362, -15.917273]]]}, "properties": {}},
{"type": "Feature", "geometry": {"type": "Polygon", "coordinates": [[[-48.059323, -15.916952], [-48.059332, -15.916923], [-48.059322, -15.91692], [-48.059328, -15.916902], [-48.059338, -15.916905], [-48.05935, -15.916867], [-48.059301, -15.916852], [-48.059263, -15.916841], [-48.059235, -15.916926], [-48.059278, -15.916939], [-48.059323, -15.916952]]]}, "properties": {}},
{"type": "Feature", "geometry": {"type": "Polygon", "coordinates": [[[-48.062695, -15.919155], [-48.062755, -15.919172], [-48.062829, -15.919194], [-48.062835, -15.919173], [-48.062838, -15.919166], [-48.062856, -15.91911], [-48.062763, -15.919082], [-48.062752, -15.919114], [-48.062712, -15.919102], [-48.062695, -15.919155]]]}, "properties": {}},
{"type": "Feature", "geometry": {"type": "Polygon", "coordinates": [[[-48.060796, -15.919171], [-48.060821, -15.919085], [-48.060686, -15.919044], [-48.060659, -15.919128], [-48.060793, -15.91917], [-48.060796, -15.919171]]]}, "properties": {}},
{"type": "Feature", "geometry": {"type": "Polygon", "coordinates": [[[-48.06482, -15.918956], [-48.064808, -15.918953], [-48.06481, -15.918946], [-48.064789, -15.918939], [-48.064788, -15.918941], [-48.064772, -15.918936], [-48.064772, -15.918937], [-48.064755, -15.918932], [-48.064741, -15.918973], [-48.064808, -15.918993], [-48.06482, -15.918956]]]}, "properties": {}},
{"type": "Feature", "geometry": {"type": "Polygon", "coordinates": [[[-48.062405, -15.918688], [-48.062426, -15.918695], [-48.062476, -15.918711], [-48.062491, -15.918665], [-48.062385, -15.918632], [-48.062383, -15.918638], [-48.062356, -15.918629], [-48.062343, -15.918669], [-48.062388, -15.918683], [-48.062405, -15.918688]]]}, "properties": {}},
{"type": "Feature", "geometry": {"type": "Polygon", "coordinates": [[[-48.059814, -15.918537], [-48.059804, -15.918568], [-48.059894, -15.918595], [-48.059906, -15.918557], [-48.059922, -15.918509], [-48.05984, -15.918485], [-48.059825, -15.91853], [-48.059818, -15.918528], [-48.059814, -15.918537]]]}, "properties": {}},
{"type": "Feature", "geometry": {"type": "Polygon", "coordinates": [[[-48.060777, -15.918624], [-48.060865, -15.91865], [-48.060873, -15.918626], [-48.060886, -15.918584], [-48.060914, -15.918496], [-48.060827, -15.91847], [-48.060785, -15.9186], [-48.060784, -15.918602], [-48.060777, -15.918624]]]}, "properties": {}},
{"type": "Feature", "geometry": {"type": "Polygon", "coordinates": [[[-48.063403, -15.918425], [-48.063389, -15.918467], [-48.063387, -15.918475], [-48.063409, -15.918481], [-48.063402, -15.918502], [-48.06338, -15.918495], [-48.063361, -15.918552], [-48.063395, -15.918562], [-48.063397, -15.918555], [-48.06342, -15.918562], [-48.063418, -15.91857], [-48.063431, -15.918574], [-48.06345, -15.91858], [-48.063492, -15.91845], [-48.063404, -15.918423], [-48.063403, -15.918425]]]}, "properties": {}},
{"type": "Feature", "geometry": {"type": "Polygon", "coordinates": [[[-48.064608, -15.918477], [-48.06462, -15.91844], [-48.064636, -15.918391], [-48.064529, -15.918358], [-48.064501, -15.918444], [-48.064565, -15.918464], [-48.064608, -15.918477]]]}, "properties": {}},
{"type": "Feature", "geometry": {"type": "Polygon", "coordinates": [[[-48.064114, -15.918327], [-48.064115, -15.918327], [-48.064162, -15.918342], [-48.064189, -15.91835], [-48.064206, -15.918354], [-48.064234, -15.918269], [-48.064183, -15.918253], [-48.064164, -15.918247], [-48.064149, -15.918293], [-48.064127, -15.918286], [-48.064114, -15.918327]]]}, "properties": {}},
{"type": "Feature", "geometry": {"type": "Polygon", "coordinates": [[[-48.063932, -15.91827], [-48.06394, -15.918273], [-48.063941, -15.918273], [-48.063966, -15.918281], [-48.063993, -15.918195], [-48.063969, -15.918187], [-48.063968, -15.918188], [-48.063833, -15.918148], [-48.063807, -15.918225], [-48.063934, -15.918262], [-48.063932, -15.91827]]]}, "properties": {}},
{"type": "Feature", "geometry": {"type": "Polygon", "coordinates": [[[-48.063734, -15.918211], [-48.063762, -15.918219], [-48.063805, -15.918232], [-48.063807, -15.918225], [-48.063833, -15.918148], [-48.063675, -15.918102], [-48.063675, -15.918101], [-48.063672, -15.9181], [-48.063645, -15.918185], [-48.063673, -15.918193], [-48.063734, -15.918211]]]}, "properties": {}},
{"type": "Feature", "geometry": {"type": "Polygon", "coordinates": [[[-48.063997, -15.918101], [-48.064015, -15.918044], [-48.063999, -15.918039], [-48.063999, -15.918041], [-48.06399, -15.918038], [-48.063999, -15.918009], [-48.063991, -15.918006], [-48.063889, -15.917975], [-48.063861, -15.91806], [-48.063906, -15.918074], [-48.063997, -15.918101]]]}, "properties": {}},
{"type": "Feature", "geometry": {"type": "Polygon", "coordinates": [[[-48.063574, -15.918098], [-48.063586, -15.918101], [-48.063614, -15.918012], [-48.063453, -15.917964], [-48.063425, -15.918052], [-48.063558, -15.918093], [-48.063574, -15.918098]], [[-48.063574, -15.918038], [-48.063568, -15.918056], [-48.063534, -15.918046], [-48.063538, -15.918036], [-48.063509, -15.918027], [-48.063509, -15.918029], [-48.063492, -15.918024], [-48.063495, -15.918015], [-48.063574, -15.918038]]]}, "properties": {}},
{"type": "Feature", "geometry": {"type": "Polygon", "coordinates": [[[-48.061199, -15.918074], [-48.06119, -15.918104], [-48.061188, -15.91811], [-48.061278, -15.918137], [-48.061321, -15.918005], [-48.061326, -15.917987], [-48.061235, -15.917959], [-48.061235, -15.917961], [-48.061231, -15.917973], [-48.061199, -15.918074]]]}, "properties": {}},
{"type": "Feature", "geometry": {"type": "Polygon", "coordinates": [[[-48.06247, -15.918044], [-48.0625, -15.918053], [-48.062539, -15.918065], [-48.062553, -15.918023], [-48.062567, -15.917979], [-48.062522, -15.917964], [-48.0625, -15.917958], [-48.062488, -15.917954], [-48.062433, -15.917937], [-48.062404, -15.918025], [-48.062463, -15.918042], [-48.06247, -15.918044]]]}, "properties": {}},
{"type": "Feature", "geometry": {"type": "Polygon", "coordinates": [[[-48.06425, -15.917952], [-48.064197, -15.917936], [-48.064196, -15.917939], [-48.064174, -15.917932], [-48.064166, -15.917958], [-48.064159, -15.917956], [-48.064158, -15.917962], [-48.06416, -15.917962], [-48.064168, -15.917964], [-48.064186, -15.91797], [-48.064274, -15.917996], [-48.064277, -15.917988], [-48.064321, -15.918002], [-48.064344, -15.91793], [-48.064346, -15.917924], [-48.06426, -15.917897], [-48.064257, -15.917897], [-48.064243, -15.91794], [-48.064253, -15.917943], [-48.06425, -15.917952]]]}, "properties": {}},
{"type": "Feature", "geometry": {"type": "Polygon", "coordinates": [[[-48.061058, -15.917906], [-48.061075, -15.917849], [-48.061093, -15.917793], [-48.061054, -15.917782], [-48.061059, -15.917765], [-48.061009, -15.91775], [-48.060981, -15.917836], [-48.060968, -15.917878], [-48.061058, -15.917906]]]}, "properties": {}},
{"type": "Feature", "geometry": {"type": "Polygon", "coordinates": [[[-48.063862, -15.917717], [-48.063874, -15.917721], [-48.063863, -15.917754], [-48.063867, -15.917756], [-48.063863, -15.917769], [-48.063886, -15.917775], [-48.06389, -15.917763], [-48.063919, -15.917772], [-48.063913, -15.917792], [-48.063945, -15.917802], [-48.063953, -15.917779], [-48.063946, -15.917777], [-48.063961, -15.91773], [-48.063951, -15.917727], [-48.063956, -15.917711], [-48.06394, -15.917706], [-48.06387, -15.917685], [-48.063869, -15.917687], [-48.063872, -15.917688], [-48.063862, -15.917717]]]}, "properties": {}},
{"type": "Feature", "geometry": {"type": "Polygon", "coordinates": [[[-48.064056, -15.917669], [-48.064064, -15.917671], [-48.064043, -15.917737], [-48.06411, -15.917757], [-48.064108, -15.91776], [-48.064137, -15.917768], [-48.064165, -15.917678], [-48.064163, -15.917677], [-48.064162, -15.917677], [-48.064092, -15.917656], [-48.064086, -15.917654], [-48.064048, -15.917643], [-48.064004, -15.91763], [-48.063974, -15.917716], [-48.064036, -15.917734], [-48.064056, -15.917669]]]}, "properties": {}},
{"type": "Feature", "geometry": {"type": "Polygon", "coordinates": [[[-48.062844, -15.917579], [-48.062753, -15.917552], [-48.062736, -15.917605], [-48.062827, -15.917632], [-48.062844, -15.917579]]]}, "properties": {}},
{"type": "Feature", "geometry": {"type": "Polygon", "coordinates": [[[-48.064927, -15.917495], [-48.064936, -15.917468], [-48.064947, -15.917432], [-48.06495, -15.917425], [-48.064861, -15.917398], [-48.064842, -15.917459], [-48.064839, -15.917467], [-48.064927, -15.917495]], [[-48.064914, -15.91742], [-48.064912, -15.917426], [-48.064899, -15.917422], [-48.064901, -15.917416], [-48.064914, -15.91742]]]}, "properties": {}},
{"type": "Feature", "geometry": {"type": "Polygon", "coordinates": [[[-48.059602, -15.917596], [-48.059627, -15.917518], [-48.05963, -15.91751], [-48.059641, -15.917476], [-48.059553, -15.917449], [-48.05951, -15.917579], [-48.059599, -15.917605], [-48.059602, -15.917596]]]}, "properties": {}},
{"type": "Feature", "geometry": {"type": "Polygon", "coordinates": [[[-48.061982, -15.917062], [-48.062059, -15.917086], [-48.062076, -15.917032], [-48.062014, -15.917013], [-48.061941, -15.916991], [-48.061913, -15.917077], [-48.061971, -15.917095], [-48.061982, -15.917062]]]}, "properties": {}},
{"type": "Feature", "geometry": {"type": "Polygon", "coordinates": [[[-48.059037, -15.916665], [-48.05898, -15.916648], [-48.058998, -15.916591], [-48.058944, -15.916575], [-48.058917, -15.91666], [-48.058931, -15.916664], [-48.05894, -15.916667], [-48.058989, -15.916682], [-48.059052, -15.916701], [-48.059061, -15.916672], [-48.059037, -15.916665]]]}, "properties": {}},
{"type": "Feature", "geometry": {"type": "Polygon", "coordinates": [[[-48.058708, -15.916076], [-48.058671, -15.916065], [-48.058643, -15.916151], [-48.058643, -15.916152], [-48.05868, -15.916163], [-48.058708, -15.916076]]]}, "properties": {}},
{"type": "Feature", "geometry": {"type": "Polygon", "coordinates": [[[-48.060017, -15.915774], [-48.060013, -15.915785], [-48.060006, -15.915782], [-48.060003, -15.915793], [-48.060012, -15.915795], [-48.060006, -15.915812], [-48.060039, -15.915821], [-48.060115, -15.915843], [-48.060135, -15.91578], [-48.060139, -15.915769], [-48.060139, -15.915767], [-48.060131, -15.915765], [-48.060065, -15.915745], [-48.060033, -15.915735], [-48.060022, -15.915749], [-48.060004, -15.91577], [-48.060017, -15.915774]]]}, "properties": {}},
{"type": "Feature", "geometry": {"type": "Polygon", "coordinates": [[[-48.061265, -15.916738], [-48.061282, -15.916743], [-48.061288, -15.916745], [-48.061308, -15.916751], [-48.061336, -15.916664], [-48.061312, -15.916657], [-48.061241, -15.916635], [-48.061182, -15.916617], [-48.061167, -15.916662], [-48.061165, -15.916667], [-48.061154, -15.916704], [-48.061179, -15.916712], [-48.061265, -15.916738]]]}, "properties": {}},
{"type": "Feature", "geometry": {"type": "Polygon", "coordinates": [[[-48.058242, -15.918461], [-48.058205, -15.91845], [-48.058192, -15.918445], [-48.058184, -15.91847], [-48.058235, -15.918485], [-48.058242, -15.918461]]]}, "properties": {}},
{"type": "Feature", "geometry": {"type": "Polygon", "coordinates": [[[-48.057442, -15.919195], [-48.057453, -15.91916], [-48.057389, -15.919141], [-48.057378, -15.919177], [-48.057401, -15.919184], [-48.057442, -15.919195]]]}, "properties": {}},
{"type": "Feature", "geometry": {"type": "Polygon", "coordinates": [[[-48.065099, -15.914402], [-48.065181, -15.914427], [-48.0652, -15.914366], [-48.065201, -15.914365], [-48.06511, -15.914337], [-48.06511, -15.914338], [-48.06509, -15.914399], [-48.065099, -15.914402]]]}, "properties": {}},
{"type": "Feature", "geometry": {"type": "Polygon", "coordinates": [[[-48.058832, -15.916788], [-48.058825, -15.916786], [-48.058821, -15.916799], [-48.058786, -15.916788], [-48.058779, -15.916809], [-48.058805, -15.916817], [-48.05886, -15.916833], [-48.058889, -15.916747], [-48.058762, -15.916707], [-48.058751, -15.916742], [-48.058838, -15.91677], [-48.058832, -15.916788]]]}, "properties": {}},
{"type": "Feature", "geometry": {"type": "Polygon", "coordinates": [[[-48.060844, -15.916563], [-48.060866, -15.91657], [-48.06087, -15.916557], [-48.060904, -15.916567], [-48.060908, -15.916558], [-48.060924, -15.916508], [-48.060943, -15.91645], [-48.060853, -15.916424], [-48.060835, -15.91648], [-48.060812, -15.916553], [-48.060844, -15.916563]]]}, "properties": {}},
{"type": "Feature", "geometry": {"type": "Polygon", "coordinates": [[[-48.059518, -15.91654], [-48.059583, -15.91656], [-48.059592, -15.916532], [-48.059563, -15.916523], [-48.059568, -15.916509], [-48.059607, -15.916521], [-48.059621, -15.916477], [-48.059532, -15.91645], [-48.059489, -15.916437], [-48.059461, -15.916522], [-48.059515, -15.916539], [-48.059518, -15.91654]]]}, "properties": {}},
{"type": "Feature", "geometry": {"type": "Polygon", "coordinates": [[[-48.054657, -15.916448], [-48.054747, -15.916475], [-48.054751, -15.916462], [-48.054759, -15.916438], [-48.054781, -15.916367], [-48.054754, -15.916358], [-48.054747, -15.916379], [-48.054731, -15.916374], [-48.05473, -15.916377], [-48.054728, -15.916376], [-48.054725, -15.916387], [-48.054719, -15.916385], [-48.054729, -15.916355], [-48.054732, -15.916356], [-48.054734, -15.916349], [-48.054739, -15.916351], [-48.054742, -15.91634], [-48.054696, -15.916325], [-48.054693, -15.916335], [-48.054665, -15.916422], [-48.054657, -15.916448]]]}, "properties": {}},
{"type": "Feature", "geometry": {"type": "Polygon", "coordinates": [[[-48.058922, -15.916189], [-48.059056, -15.91623], [-48.059084, -15.916143], [-48.059042, -15.91613], [-48.059039, -15.916129], [-48.058929, -15.916096], [-48.058926, -15.916095], [-48.058898, -15.916182], [-48.058901, -15.916183], [-48.058922, -15.916189]], [[-48.059007, -15.916186], [-48.05901, -15.916177], [-48.058935, -15.916154], [-48.058939, -15.91614], [-48.059021, -15.916164], [-48.059013, -15.916188], [-48.059007, -15.916186]]]}, "properties": {}},
{"type": "Feature", "geometry": {"type": "Polygon", "coordinates": [[[-48.057285, -15.916265], [-48.057284, -15.916268], [-48.057374, -15.916296], [-48.057406, -15.916289], [-48.057455, -15.916141], [-48.05745, -15.91614], [-48.057425, -15.916132], [-48.057421, -15.916142], [-48.057364, -15.916124], [-48.057367, -15.916114], [-48.05734, -15.916106], [-48.057338, -15.916106], [-48.057312, -15.916186], [-48.057296, -15.916234], [-48.057285, -15.916265]]]}, "properties": {}},
{"type": "Feature", "geometry": {"type": "Polygon", "coordinates": [[[-48.064244, -15.916075], [-48.064242, -15.916079], [-48.064283, -15.916091], [-48.064284, -15.916087], [-48.064286, -15.916088], [-48.064285, -15.916092], [-48.064287, -15.916093], [-48.064288, -15.916091], [-48.064293, -15.916092], [-48.064293, -15.916089], [-48.064295, -15.916086], [-48.064296, -15.916086], [-48.064325, -15.915997], [-48.064328, -15.915998], [-48.064337, -15.915971], [-48.064334, -15.91597], [-48.064337, -15.915959], [-48.064334, -15.915958], [-48.064253, -15.915934], [-48.064225, -15.916019], [-48.064259, -15.916029], [-48.064244, -15.916075]]]}, "properties": {}},
{"type": "Feature", "geometry": {"type": "Polygon", "coordinates": [[[-48.058475, -15.916065], [-48.058472, -15.916074], [-48.05846, -15.916112], [-48.058548, -15.916138], [-48.058549, -15.916137], [-48.05856, -15.916101], [-48.058572, -15.916067], [-48.058595, -15.915995], [-48.058563, -15.915986], [-48.058555, -15.916009], [-48.058499, -15.915991], [-48.058475, -15.916065]]]}, "properties": {}},
{"type": "Feature", "geometry": {"type": "Polygon", "coordinates": [[[-48.062879, -15.915788], [-48.062884, -15.915776], [-48.06288, -15.915775], [-48.062883, -15.915766], [-48.062874, -15.915764], [-48.062875, -15.91576], [-48.062871, -15.915759], [-48.062882, -15.915726], [-48.062886, -15.915728], [-48.062879, -15.915749], [-48.0629, -15.915756], [-48.06289, -15.915786], [-48.062973, -15.915813], [-48.062996, -15.915744], [-48.062932, -15.915724], [-48.062853, -15.9157], [-48.06283, -15.915773], [-48.062839, -15.915776], [-48.062879, -15.915788]]]}, "properties": {}},
{"type": "Feature", "geometry": {"type": "Polygon", "coordinates": [[[-48.060937, -15.915597], [-48.061009, -15.915619], [-48.061013, -15.915608], [-48.061034, -15.915615], [-48.061031, -15.915625], [-48.061044, -15.915629], [-48.061059, -15.915634], [-48.061061, -15.915628], [-48.061072, -15.915596], [-48.061045, -15.915588], [-48.061048, -15.91558], [-48.061061, -15.915541], [-48.06094, -15.915504], [-48.060913, -15.91559], [-48.060927, -15.915594], [-48.060937, -15.915597]]]}, "properties": {}},
{"type": "Feature", "geometry": {"type": "Polygon", "coordinates": [[[-48.054243, -15.914343], [-48.054248, -15.91433], [-48.05427, -15.914337], [-48.054275, -15.914338], [-48.054297, -15.914265], [-48.054292, -15.914264], [-48.05416, -15.914223], [-48.054133, -15.914309], [-48.054174, -15.914321], [-48.054243, -15.914343]]]}, "properties": {}},
{"type": "Feature", "geometry": {"type": "Polygon", "coordinates": [[[-48.063946, -15.91416], [-48.064035, -15.914185], [-48.06404, -15.914168], [-48.064043, -15.914157], [-48.064037, -15.914155], [-48.064059, -15.914085], [-48.064031, -15.914077], [-48.064025, -15.914098], [-48.063969, -15.914083], [-48.063946, -15.91416]]]}, "properties": {}},
{"type": "Feature", "geometry": {"type": "Polygon", "coordinates": [[[-48.063868, -15.914096], [-48.063882, -15.914055], [-48.063792, -15.914027], [-48.063764, -15.914121], [-48.063851, -15.914146], [-48.063868, -15.914096]]]}, "properties": {}},
{"type": "Feature", "geometry": {"type": "Polygon", "coordinates": [[[-48.063707, -15.914123], [-48.063708, -15.91412], [-48.06376, -15.914135], [-48.063764, -15.914121], [-48.063792, -15.914027], [-48.063798, -15.914007], [-48.063709, -15.91398], [-48.063668, -15.914108], [-48.063667, -15.914111], [-48.063707, -15.914123]]]}, "properties": {}},
{"type": "Feature", "geometry": {"type": "Polygon", "coordinates": [[[-48.063709, -15.91398], [-48.063621, -15.913954], [-48.063579, -15.914081], [-48.063668, -15.914108], [-48.063709, -15.91398]]]}, "properties": {}},
{"type": "Feature", "geometry": {"type": "Polygon", "coordinates": [[[-48.064551, -15.913956], [-48.06464, -15.913981], [-48.064642, -15.913977], [-48.064669, -15.913891], [-48.064612, -15.913874], [-48.064534, -15.913851], [-48.064513, -15.913845], [-48.064486, -15.913931], [-48.064552, -15.913953], [-48.064551, -15.913956]]]}, "properties": {}},
{"type": "Feature", "geometry": {"type": "Polygon", "coordinates": [[[-48.061337, -15.913871], [-48.06132, -15.913923], [-48.0613, -15.913987], [-48.061367, -15.914007], [-48.061394, -15.913928], [-48.061442, -15.913785], [-48.061396, -15.913771], [-48.061386, -15.913805], [-48.061361, -15.913798], [-48.061337, -15.913871]]]}, "properties": {}},
{"type": "Feature", "geometry": {"type": "Polygon", "coordinates": [[[-48.064561, -15.913764], [-48.064622, -15.913782], [-48.064654, -15.913792], [-48.064696, -15.913804], [-48.064724, -15.913717], [-48.064685, -15.913706], [-48.064673, -15.913745], [-48.064636, -15.913734], [-48.064649, -15.913695], [-48.064586, -15.913677], [-48.06456, -15.913759], [-48.064562, -15.91376], [-48.064561, -15.913764]]]}, "properties": {}},
{"type": "Feature", "geometry": {"type": "Polygon", "coordinates": [[[-48.054757, -15.913714], [-48.054736, -15.91378], [-48.054754, -15.913785], [-48.054764, -15.913788], [-48.054774, -15.913756], [-48.054859, -15.913781], [-48.054877, -15.913728], [-48.05478, -15.913699], [-48.054773, -15.913718], [-48.054757, -15.913714]]]}, "properties": {}},
{"type": "Feature", "geometry": {"type": "Polygon", "coordinates": [[[-48.054459, -15.917106], [-48.054534, -15.917129], [-48.054563, -15.917041], [-48.054527, -15.91703], [-48.054515, -15.917026], [-48.054494, -15.917094], [-48.054466, -15.917085], [-48.054459, -15.917106]]]}, "properties": {}},
{"type": "Feature", "geometry": {"type": "Polygon", "coordinates": [[[-48.055536, -15.916746], [-48.055556, -15.916684], [-48.055557, -15.916682], [-48.055508, -15.916667], [-48.055406, -15.916636], [-48.055402, -15.916635], [-48.055391, -15.916667], [-48.055381, -15.916698], [-48.055386, -15.9167], [-48.055536, -15.916746]]]}, "properties": {}},
{"type": "Feature", "geometry": {"type": "Polygon", "coordinates": [[[-48.057767, -15.917496], [-48.05779, -15.917502], [-48.057793, -15.917493], [-48.057835, -15.917506], [-48.057832, -15.917515], [-48.05788, -15.917529], [-48.057881, -15.917525], [-48.057919, -15.917537], [-48.057944, -15.917453], [-48.057928, -15.917448], [-48.057831, -15.917419], [-48.057795, -15.917408], [-48.057781, -15.917453], [-48.057779, -15.917461], [-48.057767, -15.917496]]]}, "properties": {}},
{"type": "Feature", "geometry": {"type": "Polygon", "coordinates": [[[-48.056555, -15.917134], [-48.056604, -15.917149], [-48.056625, -15.917088], [-48.056568, -15.917069], [-48.056538, -15.91706], [-48.056517, -15.917126], [-48.056554, -15.917138], [-48.056555, -15.917134]]]}, "properties": {}},
{"type": "Feature", "geometry": {"type": "Polygon", "coordinates": [[[-48.056979, -15.917072], [-48.056994, -15.917023], [-48.056949, -15.917009], [-48.056872, -15.916987], [-48.056844, -15.917073], [-48.056967, -15.91711], [-48.056979, -15.917072]]]}, "properties": {}},
{"type": "Feature", "geometry": {"type": "Polygon", "coordinates": [[[-48.058884, -15.917055], [-48.058879, -15.917073], [-48.058837, -15.917061], [-48.058827, -15.91709], [-48.058907, -15.917114], [-48.058941, -15.917114], [-48.058969, -15.917103], [-48.05901, -15.916972], [-48.058878, -15.916933], [-48.058851, -15.917016], [-48.058843, -15.917043], [-48.058884, -15.917055]]]}, "properties": {}},
{"type": "Feature", "geometry": {"type": "Polygon", "coordinates": [[[-48.056931, -15.91691], [-48.056975, -15.916923], [-48.056997, -15.916857], [-48.057002, -15.916859], [-48.056981, -15.916925], [-48.057021, -15.916937], [-48.057049, -15.916852], [-48.056896, -15.916807], [-48.056869, -15.916891], [-48.056884, -15.916896], [-48.056931, -15.91691]]]}, "properties": {}},
{"type": "Feature", "geometry": {"type": "Polygon", "coordinates": [[[-48.057877, -15.916763], [-48.057913, -15.916774], [-48.057939, -15.916696], [-48.057859, -15.916672], [-48.057831, -15.916758], [-48.057874, -15.916771], [-48.057877, -15.916763]]]}, "properties": {}},
{"type": "Feature", "geometry": {"type": "Polygon", "coordinates": [[[-48.06359, -15.919048], [-48.063637, -15.919062], [-48.063649, -15.919023], [-48.063684, -15.919034], [-48.063712, -15.918948], [-48.06372, -15.918951], [-48.063722, -15.918946], [-48.063729, -15.918925], [-48.063728, -15.918925], [-48.06373, -15.918919], [-48.063641, -15.918891], [-48.063632, -15.918919], [-48.063633, -15.918919], [-48.06359, -15.919048]]]}, "properties": {}},
{"type": "Feature", "geometry": {"type": "Polygon", "coordinates": [[[-48.061416, -15.918912], [-48.061389, -15.918904], [-48.061392, -15.918894], [-48.061381, -15.91889], [-48.061394, -15.918852], [-48.061346, -15.918837], [-48.061344, -15.918837], [-48.061316, -15.918922], [-48.061404, -15.918948], [-48.061416, -15.918912]]]}, "properties": {}},
{"type": "Feature", "geometry": {"type": "Polygon", "coordinates": [[[-48.062649, -15.918931], [-48.062699, -15.918781], [-48.062657, -15.918769], [-48.062658, -15.918765], [-48.06261, -15.918751], [-48.062586, -15.918743], [-48.062545, -15.918867], [-48.062568, -15.918907], [-48.062649, -15.918931]]]}, "properties": {}},
{"type": "Feature", "geometry": {"type": "Polygon", "coordinates": [[[-48.060053, -15.918708], [-48.060008, -15.918695], [-48.060009, -15.918692], [-48.060054, -15.918705], [-48.060066, -15.918666], [-48.060036, -15.918656], [-48.060008, -15.918648], [-48.059978, -15.918639], [-48.05994, -15.918756], [-48.060029, -15.918782], [-48.060053, -15.918708]]]}, "properties": {}},
{"type": "Feature", "geometry": {"type": "Polygon", "coordinates": [[[-48.059954, -15.918571], [-48.059906, -15.918557], [-48.059894, -15.918595], [-48.059889, -15.918611], [-48.059978, -15.918639], [-48.060017, -15.918517], [-48.059979, -15.918505], [-48.059975, -15.918518], [-48.059972, -15.918517], [-48.059954, -15.918571]]]}, "properties": {}},
{"type": "Feature", "geometry": {"type": "Polygon", "coordinates": [[[-48.064636, -15.918391], [-48.064645, -15.918361], [-48.064613, -15.918351], [-48.064617, -15.918339], [-48.064649, -15.918349], [-48.064658, -15.918321], [-48.064664, -15.918304], [-48.064622, -15.918292], [-48.064619, -15.9183], [-48.064584, -15.918289], [-48.064587, -15.918281], [-48.064577, -15.918278], [-48.064542, -15.918267], [-48.064513, -15.918354], [-48.064529, -15.918358], [-48.064636, -15.918391]]]}, "properties": {}},
{"type": "Feature", "geometry": {"type": "Polygon", "coordinates": [[[-48.060391, -15.918285], [-48.060469, -15.918308], [-48.060467, -15.918314], [-48.060484, -15.918319], [-48.060484, -15.918318], [-48.060506, -15.918253], [-48.060513, -15.918233], [-48.060379, -15.918193], [-48.06035, -15.918279], [-48.06039, -15.918291], [-48.060391, -15.918285]]]}, "properties": {}},
{"type": "Feature", "geometry": {"type": "Polygon", "coordinates": [[[-48.06239, -15.918068], [-48.062372, -15.918062], [-48.062358, -15.918107], [-48.062434, -15.91813], [-48.062451, -15.918077], [-48.062463, -15.918042], [-48.062404, -15.918025], [-48.062386, -15.918019], [-48.062377, -15.918046], [-48.062395, -15.918052], [-48.06239, -15.918068]]]}, "properties": {}},
{"type": "Feature", "geometry": {"type": "Polygon", "coordinates": [[[-48.064008, -15.917867], [-48.064025, -15.917872], [-48.064019, -15.91789], [-48.064062, -15.917903], [-48.064061, -15.917905], [-48.064091, -15.917914], [-48.06411, -15.917853], [-48.064107, -15.917852], [-48.064091, -15.917848], [-48.064092, -15.917847], [-48.064092, -15.917846], [-48.064081, -15.917843], [-48.06403, -15.917828], [-48.063945, -15.917802], [-48.063918, -15.917888], [-48.063994, -15.917911], [-48.064008, -15.917867]]]}, "properties": {}},
{"type": "Feature", "geometry": {"type": "Polygon", "coordinates": [[[-48.061434, -15.917499], [-48.061479, -15.917513], [-48.061481, -15.917513], [-48.061492, -15.917478], [-48.061516, -15.917485], [-48.061533, -15.917434], [-48.061507, -15.917426], [-48.061376, -15.917386], [-48.061375, -15.917385], [-48.061348, -15.917472], [-48.061434, -15.917499]]]}, "properties": {}},
{"type": "Feature", "geometry": {"type": "Polygon", "coordinates": [[[-48.060245, -15.917394], [-48.060293, -15.917248], [-48.060258, -15.917237], [-48.060251, -15.917258], [-48.060221, -15.917249], [-48.060227, -15.917228], [-48.060203, -15.91722], [-48.060154, -15.917366], [-48.060159, -15.917368], [-48.060245, -15.917394]]]}, "properties": {}},
{"type": "Feature", "geometry": {"type": "Polygon", "coordinates": [[[-48.061084, -15.917068], [-48.061058, -15.91706], [-48.061055, -15.917071], [-48.061035, -15.917065], [-48.061027, -15.91709], [-48.061087, -15.917109], [-48.061162, -15.917132], [-48.061179, -15.917137], [-48.061206, -15.91705], [-48.061191, -15.917046], [-48.061129, -15.917028], [-48.061055, -15.917006], [-48.061046, -15.917033], [-48.061091, -15.917047], [-48.061084, -15.917068]]]}, "properties": {}},
{"type": "Feature", "geometry": {"type": "Polygon", "coordinates": [[[-48.060253, -15.916761], [-48.060244, -15.916791], [-48.060243, -15.916795], [-48.060332, -15.916821], [-48.060359, -15.916738], [-48.06037, -15.916703], [-48.060371, -15.916699], [-48.06034, -15.91669], [-48.060339, -15.916694], [-48.060337, -15.916699], [-48.060282, -15.916682], [-48.060278, -15.916694], [-48.060275, -15.916693], [-48.060253, -15.916761]]]}, "properties": {}},
{"type": "Feature", "geometry": {"type": "Polygon", "coordinates": [[[-48.061622, -15.916467], [-48.061647, -15.916395], [-48.061574, -15.916371], [-48.061544, -15.916457], [-48.061617, -15.916481], [-48.061622, -15.916467]]]}, "properties": {}},
{"type": "Feature", "geometry": {"type": "Polygon", "coordinates": [[[-48.054263, -15.916762], [-48.054342, -15.916786], [-48.054351, -15.916789], [-48.054374, -15.916717], [-48.054286, -15.916692], [-48.054263, -15.916762]]]}, "properties": {}},
{"type": "Feature", "geometry": {"type": "Polygon", "coordinates": [[[-48.062011, -15.914954], [-48.062015, -15.914955], [-48.062033, -15.914896], [-48.062048, -15.914851], [-48.062004, -15.914838], [-48.061975, -15.914829], [-48.061973, -15.914829], [-48.061971, -15.914835], [-48.061943, -15.914935], [-48.061944, -15.914935], [-48.062011, -15.914954]]]}, "properties": {}},
{"type": "Feature", "geometry": {"type": "Polygon", "coordinates": [[[-48.060319, -15.916124], [-48.060407, -15.916149], [-48.060408, -15.916144], [-48.060423, -15.916097], [-48.060437, -15.916054], [-48.060442, -15.916038], [-48.060448, -15.916017], [-48.060382, -15.915997], [-48.060361, -15.915991], [-48.060354, -15.916011], [-48.060343, -15.916046], [-48.060321, -15.916119], [-48.060319, -15.916124]]]}, "properties": {}},
{"type": "Feature", "geometry": {"type": "Polygon", "coordinates": [[[-48.05548, -15.917067], [-48.055502, -15.917074], [-48.055522, -15.917012], [-48.055486, -15.917001], [-48.055469, -15.91705], [-48.055485, -15.917055], [-48.05548, -15.917067]]]}, "properties": {}},
{"type": "Feature", "geometry": {"type": "Polygon", "coordinates": [[[-48.062163, -15.917714], [-48.062143, -15.917777], [-48.062123, -15.917844], [-48.062166, -15.917857], [-48.062168, -15.917857], [-48.06221, -15.91787], [-48.062233, -15.917804], [-48.062256, -15.917735], [-48.062165, -15.917707], [-48.062165, -15.917709], [-48.062163, -15.917714]], [[-48.062145, -15.917832], [-48.062161, -15.917782], [-48.062188, -15.917791], [-48.062171, -15.91784], [-48.062145, -15.917832]]]}, "properties": {}},
{"type": "Feature", "geometry": {"type": "Polygon", "coordinates": [[[-48.061448, -15.916841], [-48.061541, -15.916869], [-48.061543, -15.916862], [-48.06157, -15.916784], [-48.061524, -15.91677], [-48.061479, -15.916756], [-48.061465, -15.916796], [-48.061463, -15.916795], [-48.061448, -15.916841]]]}, "properties": {}},
{"type": "Feature", "geometry": {"type": "Polygon", "coordinates": [[[-48.056543, -15.917418], [-48.056562, -15.917353], [-48.056453, -15.917321], [-48.056437, -15.917372], [-48.056433, -15.917384], [-48.056543, -15.917418]]]}, "properties": {}},
{"type": "Feature", "geometry": {"type": "Polygon", "coordinates": [[[-48.062937, -15.918194], [-48.062846, -15.918165], [-48.062819, -15.918245], [-48.062912, -15.918273], [-48.062937, -15.918194]]]}, "properties": {}},
{"type": "Feature", "geometry": {"type": "Polygon", "coordinates": [[[-48.062909, -15.913883], [-48.062926, -15.913832], [-48.062838, -15.913806], [-48.062834, -15.913805], [-48.062813, -15.913798], [-48.062768, -15.91394], [-48.062879, -15.913974], [-48.062909, -15.913883]]]}, "properties": {}},
{"type": "Feature", "geometry": {"type": "Polygon", "coordinates": [[[-48.054325, -15.917431], [-48.054292, -15.917421], [-48.054273, -15.917476], [-48.054307, -15.917486], [-48.054325, -15.917431]]]}, "properties": {}},
{"type": "Feature", "geometry": {"type": "Polygon", "coordinates": [[[-48.062938, -15.916483], [-48.062939, -15.916483], [-48.062963, -15.916409], [-48.063022, -15.916427], [-48.06304, -15.91637], [-48.062978, -15.916351], [-48.06298, -15.916345], [-48.062951, -15.916336], [-48.062907, -15.916474], [-48.06291, -15.916475], [-48.062938, -15.916483]]]}, "properties": {}},
{"type": "Feature", "geometry": {"type": "Polygon", "coordinates": [[[-48.054857, -15.917117], [-48.054833, -15.917109], [-48.054829, -15.917122], [-48.05495, -15.91716], [-48.054962, -15.917163], [-48.05499, -15.917077], [-48.054946, -15.917064], [-48.054907, -15.917052], [-48.054892, -15.917101], [-48.054865, -15.917093], [-48.054857, -15.917117]], [[-48.054962, -15.917119], [-48.054965, -15.91711], [-48.054977, -15.917114], [-48.054974, -15.917123], [-48.054962, -15.917119]]]}, "properties": {}},
{"type": "Feature", "geometry": {"type": "Polygon", "coordinates": [[[-48.05856, -15.919107], [-48.058603, -15.91912], [-48.058618, -15.919072], [-48.058636, -15.919078], [-48.058648, -15.91904], [-48.058479, -15.918988], [-48.058452, -15.919074], [-48.058485, -15.919084], [-48.05856, -15.919107]]]}, "properties": {}},
{"type": "Feature", "geometry": {"type": "Polygon", "coordinates": [[[-48.054786, -15.918955], [-48.054789, -15.918957], [-48.054829, -15.918969], [-48.054851, -15.918903], [-48.054717, -15.918863], [-48.054715, -15.918862], [-48.054694, -15.918926], [-48.054697, -15.918927], [-48.054786, -15.918955]]]}, "properties": {}},
{"type": "Feature", "geometry": {"type": "Polygon", "coordinates": [[[-48.058691, -15.915728], [-48.058683, -15.915752], [-48.058682, -15.915756], [-48.05868, -15.915762], [-48.058679, -15.915766], [-48.058746, -15.915786], [-48.058747, -15.915783], [-48.058754, -15.915761], [-48.058755, -15.915759], [-48.058771, -15.915706], [-48.058793, -15.915639], [-48.058804, -15.915604], [-48.058736, -15.915582], [-48.05873, -15.915602], [-48.058727, -15.915613], [-48.058691, -15.915728]]]}, "properties": {}},
{"type": "Feature", "geometry": {"type": "Polygon", "coordinates": [[[-48.06248, -15.913696], [-48.062436, -15.913683], [-48.062413, -15.913754], [-48.062457, -15.913767], [-48.06248, -15.913696]]]}, "properties": {}},
{"type": "Feature", "geometry": {"type": "Polygon", "coordinates": [[[-48.063082, -15.91775], [-48.06308, -15.917757], [-48.063213, -15.917797], [-48.063239, -15.917804], [-48.063267, -15.917718], [-48.063241, -15.91771], [-48.063206, -15.917699], [-48.063183, -15.917693], [-48.063179, -15.917691], [-48.063173, -15.917708], [-48.063162, -15.917705], [-48.063167, -15.917688], [-48.063108, -15.91767], [-48.063094, -15.917713], [-48.063083, -15.917747], [-48.063082, -15.91775]]]}, "properties": {}},
{"type": "Feature", "geometry": {"type": "Polygon", "coordinates": [[[-48.058832, -15.915522], [-48.058861, -15.91553], [-48.05889, -15.915439], [-48.058861, -15.915429], [-48.058846, -15.915475], [-48.058834, -15.915516], [-48.058832, -15.915522]]]}, "properties": {}},
{"type": "Feature", "geometry": {"type": "Polygon", "coordinates": [[[-48.054377, -15.918218], [-48.054356, -15.918211], [-48.054344, -15.918208], [-48.05434, -15.918221], [-48.054312, -15.918212], [-48.054316, -15.918199], [-48.054285, -15.91819], [-48.054232, -15.918342], [-48.054328, -15.91837], [-48.054377, -15.918218]], [[-48.054343, -15.918287], [-48.054338, -15.918301], [-48.054277, -15.918283], [-48.054282, -15.918268], [-48.054343, -15.918287]]]}, "properties": {}},
{"type": "Feature", "geometry": {"type": "Polygon", "coordinates": [[[-48.06386, -15.914841], [-48.06379, -15.91482], [-48.063777, -15.914862], [-48.063846, -15.914883], [-48.06386, -15.914841]]]}, "properties": {}},
{"type": "Feature", "geometry": {"type": "Polygon", "coordinates": [[[-48.05804, -15.917057], [-48.058016, -15.91705], [-48.058009, -15.917071], [-48.058033, -15.917079], [-48.05804, -15.917057]]]}, "properties": {}},
{"type": "Feature", "geometry": {"type": "Polygon", "coordinates": [[[-48.061562, -15.915456], [-48.06157, -15.915428], [-48.06159, -15.915368], [-48.061531, -15.915351], [-48.061502, -15.915438], [-48.06156, -15.915456], [-48.061562, -15.915456]]]}, "properties": {}},
{"type": "Feature", "geometry": {"type": "Polygon", "coordinates": [[[-48.063996, -15.915857], [-48.063999, -15.915858], [-48.064052, -15.915874], [-48.064068, -15.915825], [-48.064094, -15.915745], [-48.064101, -15.915726], [-48.064036, -15.915706], [-48.064011, -15.91578], [-48.06402, -15.915783], [-48.063996, -15.915857]]]}, "properties": {}},
{"type": "Feature", "geometry": {"type": "Polygon", "coordinates": [[[-48.062619, -15.91667], [-48.062688, -15.916692], [-48.062693, -15.916693], [-48.062701, -15.916667], [-48.062721, -15.916607], [-48.062718, -15.916607], [-48.062584, -15.916565], [-48.062556, -15.916651], [-48.062608, -15.916667], [-48.062619, -15.91667]]]}, "properties": {}},
{"type": "Feature", "geometry": {"type": "Polygon", "coordinates": [[[-48.060997, -15.916585], [-48.060989, -15.916607], [-48.061078, -15.916635], [-48.061093, -15.916586], [-48.061088, -15.916585], [-48.061105, -15.916534], [-48.061069, -15.916523], [-48.061061, -15.916547], [-48.061014, -15.916532], [-48.060997, -15.916585]]]}, "properties": {}},
{"type": "Feature", "geometry": {"type": "Polygon", "coordinates": [[[-48.060576, -15.916376], [-48.060574, -15.916383], [-48.060569, -15.916398], [-48.060563, -15.916417], [-48.060545, -15.916472], [-48.060632, -15.916498], [-48.06064, -15.916475], [-48.060658, -15.916423], [-48.060677, -15.916368], [-48.060682, -15.916355], [-48.060683, -15.916351], [-48.060632, -15.916336], [-48.06063, -15.916341], [-48.060617, -15.916388], [-48.060576, -15.916376]]]}, "properties": {}},
{"type": "Feature", "geometry": {"type": "Polygon", "coordinates": [[[-48.057037, -15.916405], [-48.057019, -15.916462], [-48.057096, -15.916486], [-48.057114, -15.916492], [-48.057152, -15.916375], [-48.057134, -15.916369], [-48.057138, -15.916357], [-48.057119, -15.916352], [-48.057115, -15.916364], [-48.0571, -15.916359], [-48.057104, -15.916347], [-48.057094, -15.916344], [-48.057091, -15.916356], [-48.057057, -15.916346], [-48.057037, -15.916405]]]}, "properties": {}},
{"type": "Feature", "geometry": {"type": "Polygon", "coordinates": [[[-48.064731, -15.91625], [-48.064796, -15.91627], [-48.064797, -15.916266], [-48.064803, -15.916247], [-48.064838, -15.91614], [-48.064783, -15.916123], [-48.064777, -15.916142], [-48.064766, -15.916139], [-48.064731, -15.91625]]]}, "properties": {}},
{"type": "Feature", "geometry": {"type": "Polygon", "coordinates": [[[-48.057726, -15.916163], [-48.057711, -15.916159], [-48.057709, -15.916166], [-48.0577, -15.916197], [-48.057732, -15.916206], [-48.057851, -15.916242], [-48.057878, -15.916157], [-48.057861, -15.916151], [-48.057858, -15.916151], [-48.057798, -15.916132], [-48.057796, -15.916138], [-48.057751, -15.916125], [-48.057753, -15.916118], [-48.057727, -15.91611], [-48.057726, -15.916109], [-48.057721, -15.916125], [-48.057737, -15.91613], [-48.057726, -15.916163]]]}, "properties": {}},
{"type": "Feature", "geometry": {"type": "Polygon", "coordinates": [[[-48.060797, -15.916124], [-48.060848, -15.916139], [-48.060893, -15.916152], [-48.06092, -15.916066], [-48.06092, -15.916065], [-48.06087, -15.916049], [-48.060851, -15.916109], [-48.060806, -15.916095], [-48.060797, -15.916124]]]}, "properties": {}},
{"type": "Feature", "geometry": {"type": "Polygon", "coordinates": [[[-48.0617, -15.915928], [-48.061703, -15.91592], [-48.061653, -15.915905], [-48.061652, -15.915908], [-48.061613, -15.915895], [-48.061598, -15.915939], [-48.061687, -15.915967], [-48.0617, -15.915928]]]}, "properties": {}},
{"type": "Feature", "geometry": {"type": "Polygon", "coordinates": [[[-48.060982, -15.915873], [-48.060976, -15.915892], [-48.061045, -15.915913], [-48.061047, -15.915904], [-48.061086, -15.915916], [-48.061112, -15.915839], [-48.061004, -15.915807], [-48.061003, -15.915809], [-48.060999, -15.915822], [-48.060982, -15.915873]]]}, "properties": {}},
{"type": "Feature", "geometry": {"type": "Polygon", "coordinates": [[[-48.058237, -15.915894], [-48.058239, -15.915887], [-48.05824, -15.915886], [-48.058254, -15.915843], [-48.058191, -15.915824], [-48.058166, -15.915901], [-48.058228, -15.91592], [-48.058237, -15.915894]]]}, "properties": {}},
{"type": "Feature", "geometry": {"type": "Polygon", "coordinates": [[[-48.059699, -15.915789], [-48.05969, -15.915786], [-48.059583, -15.915754], [-48.059561, -15.915818], [-48.059677, -15.915853], [-48.059699, -15.915789]]]}, "properties": {}},
{"type": "Feature", "geometry": {"type": "Polygon", "coordinates": [[[-48.057374, -15.915686], [-48.057373, -15.915691], [-48.057371, -15.915697], [-48.05733, -15.915819], [-48.057376, -15.915832], [-48.057404, -15.915841], [-48.057421, -15.915845], [-48.057438, -15.915791], [-48.057462, -15.915715], [-48.05747, -15.91569], [-48.057472, -15.915685], [-48.057437, -15.915674], [-48.057435, -15.915679], [-48.057429, -15.915701], [-48.057374, -15.915686]]]}, "properties": {}},
{"type": "Feature", "geometry": {"type": "Polygon", "coordinates": [[[-48.055464, -15.915692], [-48.055483, -15.915635], [-48.055464, -15.91563], [-48.055473, -15.915604], [-48.055478, -15.915606], [-48.055478, -15.915604], [-48.055492, -15.915608], [-48.055502, -15.915577], [-48.055323, -15.915521], [-48.055289, -15.915624], [-48.055295, -15.915639], [-48.055464, -15.915692]]]}, "properties": {}},
{"type": "Feature", "geometry": {"type": "Polygon", "coordinates": [[[-48.064439, -15.915061], [-48.064446, -15.915063], [-48.064464, -15.915011], [-48.064462, -15.915011], [-48.06445, -15.915007], [-48.064398, -15.914992], [-48.064369, -15.915083], [-48.064426, -15.915101], [-48.064439, -15.915061]]]}, "properties": {}},
{"type": "Feature", "geometry": {"type": "Polygon", "coordinates": [[[-48.05445, -15.91484], [-48.054443, -15.914838], [-48.054427, -15.914894], [-48.05448, -15.91491], [-48.054468, -15.914948], [-48.054467, -15.914951], [-48.054502, -15.914961], [-48.054503, -15.914959], [-48.054516, -15.914919], [-48.054506, -15.914916], [-48.054522, -15.914865], [-48.054532, -15.914868], [-48.05455, -15.914811], [-48.054459, -15.914784], [-48.054448, -15.914823], [-48.054455, -15.914825], [-48.05445, -15.91484]]]}, "properties": {}},
{"type": "Feature", "geometry": {"type": "Polygon", "coordinates": [[[-48.054444, -15.914684], [-48.054481, -15.914695], [-48.054493, -15.914699], [-48.054537, -15.914712], [-48.054578, -15.914724], [-48.054589, -15.91469], [-48.054566, -15.914683], [-48.054583, -15.914632], [-48.054553, -15.914623], [-48.054495, -15.914605], [-48.054476, -15.914662], [-48.054454, -15.914655], [-48.054444, -15.914684]]]}, "properties": {}},
{"type": "Feature", "geometry": {"type": "Polygon", "coordinates": [[[-48.064724, -15.913717], [-48.064696, -15.913804], [-48.064682, -15.913847], [-48.064773, -15.913875], [-48.064793, -15.913814], [-48.064803, -15.913783], [-48.064814, -15.913747], [-48.064824, -15.913717], [-48.064739, -15.913693], [-48.064732, -15.913716], [-48.064725, -15.913714], [-48.064724, -15.913717]]]}, "properties": {}},
{"type": "Feature", "geometry": {"type": "Polygon", "coordinates": [[[-48.064051, -15.913828], [-48.064141, -15.913856], [-48.064193, -15.913701], [-48.064102, -15.913673], [-48.064078, -15.913747], [-48.064059, -15.913802], [-48.064051, -15.913828]]]}, "properties": {}},
{"type": "Feature", "geometry": {"type": "Polygon", "coordinates": [[[-48.062591, -15.916757], [-48.062528, -15.916738], [-48.062501, -15.916824], [-48.06254, -15.916835], [-48.0626, -15.916853], [-48.062622, -15.91686], [-48.062639, -15.916806], [-48.06265, -15.916809], [-48.06266, -15.916779], [-48.0626, -15.916759], [-48.062591, -15.916757]]]}, "properties": {}},
{"type": "Feature", "geometry": {"type": "Polygon", "coordinates": [[[-48.055374, -15.917052], [-48.055429, -15.917069], [-48.05545, -15.917006], [-48.055402, -15.916991], [-48.055398, -15.917003], [-48.055328, -15.916981], [-48.055311, -15.917033], [-48.055329, -15.917038], [-48.055374, -15.917052]]]}, "properties": {}},
{"type": "Feature", "geometry": {"type": "Polygon", "coordinates": [[[-48.054717, -15.916758], [-48.05471, -15.916781], [-48.054697, -15.916777], [-48.054693, -15.916791], [-48.054684, -15.916818], [-48.054696, -15.916822], [-48.054694, -15.916828], [-48.054682, -15.916824], [-48.05467, -15.91686], [-48.054683, -15.916864], [-48.054679, -15.916877], [-48.054666, -15.916873], [-48.054662, -15.916883], [-48.054752, -15.91691], [-48.054771, -15.916916], [-48.054815, -15.916784], [-48.054805, -15.916758], [-48.054713, -15.91673], [-48.054705, -15.916753], [-48.054705, -15.916754], [-48.054717, -15.916758]]]}, "properties": {}},
{"type": "Feature", "geometry": {"type": "Polygon", "coordinates": [[[-48.056948, -15.918962], [-48.056919, -15.918953], [-48.056921, -15.918948], [-48.05694, -15.918954], [-48.056943, -15.918946], [-48.056948, -15.918947], [-48.056951, -15.918936], [-48.056953, -15.918936], [-48.056958, -15.918919], [-48.056962, -15.91892], [-48.056976, -15.918877], [-48.056979, -15.918867], [-48.056985, -15.918848], [-48.056896, -15.918821], [-48.056849, -15.918967], [-48.056937, -15.918994], [-48.056948, -15.918962]]]}, "properties": {}},
{"type": "Feature", "geometry": {"type": "Polygon", "coordinates": [[[-48.054476, -15.91782], [-48.054419, -15.917803], [-48.054406, -15.917799], [-48.054388, -15.917793], [-48.05437, -15.917848], [-48.054459, -15.917875], [-48.054476, -15.91782]]]}, "properties": {}},
{"type": "Feature", "geometry": {"type": "Polygon", "coordinates": [[[-48.054846, -15.917411], [-48.054879, -15.917421], [-48.054905, -15.917341], [-48.054906, -15.917336], [-48.054872, -15.917325], [-48.054864, -15.917323], [-48.054772, -15.917295], [-48.05476, -15.917291], [-48.054749, -15.917288], [-48.054721, -15.917372], [-48.054843, -15.91741], [-48.054846, -15.917411]]]}, "properties": {}},
{"type": "Feature", "geometry": {"type": "Polygon", "coordinates": [[[-48.05774, -15.917072], [-48.057743, -15.917073], [-48.0578, -15.917091], [-48.057814, -15.917048], [-48.057818, -15.917036], [-48.057744, -15.917014], [-48.057735, -15.917042], [-48.057749, -15.917046], [-48.05774, -15.917072]]]}, "properties": {}},
{"type": "Feature", "geometry": {"type": "Polygon", "coordinates": [[[-48.058543, -15.916973], [-48.058548, -15.916974], [-48.058575, -15.916889], [-48.058571, -15.916888], [-48.058527, -15.916875], [-48.058418, -15.916842], [-48.058399, -15.916902], [-48.058391, -15.916927], [-48.058543, -15.916973]]]}, "properties": {}},
{"type": "Feature", "geometry": {"type": "Polygon", "coordinates": [[[-48.059907, -15.916941], [-48.059915, -15.916944], [-48.059943, -15.916855], [-48.059912, -15.916846], [-48.059892, -15.91684], [-48.059888, -15.916851], [-48.059849, -15.916839], [-48.059839, -15.916868], [-48.059828, -15.916864], [-48.059842, -15.916826], [-48.059808, -15.916816], [-48.059807, -15.916815], [-48.059778, -15.916903], [-48.05978, -15.916904], [-48.059907, -15.916941]]]}, "properties": {}},
{"type": "Feature", "geometry": {"type": "Polygon", "coordinates": [[[-48.058987, -15.919159], [-48.058955, -15.919148], [-48.058945, -15.919178], [-48.058988, -15.919191], [-48.058989, -15.919191], [-48.059032, -15.919204], [-48.05906, -15.919116], [-48.059033, -15.919108], [-48.059003, -15.919099], [-48.058994, -15.919126], [-48.058998, -15.919127], [-48.058987, -15.919159]]]}, "properties": {}},
{"type": "Feature", "geometry": {"type": "Polygon", "coordinates": [[[-48.062438, -15.919039], [-48.062436, -15.919043], [-48.062426, -15.919075], [-48.0625, -15.919097], [-48.062586, -15.919123], [-48.062612, -15.919038], [-48.062595, -15.919005], [-48.0625, -15.918975], [-48.062463, -15.918963], [-48.062455, -15.918986], [-48.062455, -15.918987], [-48.062438, -15.919039]]]}, "properties": {}},
{"type": "Feature", "geometry": {"type": "Polygon", "coordinates": [[[-48.060821, -15.919085], [-48.060847, -15.919004], [-48.060789, -15.918986], [-48.060791, -15.91898], [-48.060789, -15.918979], [-48.060716, -15.918956], [-48.060714, -15.918956], [-48.060685, -15.919043], [-48.060686, -15.919044], [-48.060821, -15.919085]]]}, "properties": {}},
{"type": "Feature", "geometry": {"type": "Polygon", "coordinates": [[[-48.063214, -15.91882], [-48.06318, -15.91881], [-48.06316, -15.91887], [-48.063146, -15.918914], [-48.063234, -15.918941], [-48.063265, -15.918848], [-48.063254, -15.918844], [-48.063263, -15.918813], [-48.063222, -15.918803], [-48.063212, -15.918842], [-48.063207, -15.918841], [-48.063214, -15.91882]], [[-48.063183, -15.918924], [-48.063184, -15.918919], [-48.063205, -15.918925], [-48.063204, -15.91893], [-48.063183, -15.918924]]]}, "properties": {}},
{"type": "Feature", "geometry": {"type": "Polygon", "coordinates": [[[-48.058242, -15.918747], [-48.058393, -15.918793], [-48.058421, -15.918707], [-48.058372, -15.918692], [-48.05833, -15.918679], [-48.05827, -15.91866], [-48.058269, -15.91866], [-48.058252, -15.918713], [-48.058241, -15.918747], [-48.058242, -15.918747]]]}, "properties": {}},
{"type": "Feature", "geometry": {"type": "Polygon", "coordinates": [[[-48.061032, -15.918564], [-48.061017, -15.91856], [-48.061027, -15.91853], [-48.061005, -15.918523], [-48.061004, -15.918523], [-48.06099, -15.918568], [-48.061098, -15.9186], [-48.061124, -15.918608], [-48.061152, -15.918523], [-48.061111, -15.91851], [-48.061066, -15.918495], [-48.061018, -15.91848], [-48.061011, -15.918503], [-48.061048, -15.918514], [-48.061032, -15.918564]]]}, "properties": {}},
{"type": "Feature", "geometry": {"type": "Polygon", "coordinates": [[[-48.061005, -15.918523], [-48.061011, -15.918503], [-48.061018, -15.91848], [-48.061022, -15.918467], [-48.060932, -15.91844], [-48.060914, -15.918496], [-48.061004, -15.918523], [-48.061005, -15.918523]]]}, "properties": {}},
{"type": "Feature", "geometry": {"type": "Polygon", "coordinates": [[[-48.064985, -15.918446], [-48.064955, -15.918539], [-48.064979, -15.918546], [-48.065022, -15.918559], [-48.065023, -15.918558], [-48.065062, -15.918435], [-48.06505, -15.918432], [-48.065066, -15.918382], [-48.065011, -15.918366], [-48.064997, -15.918409], [-48.064989, -15.918432], [-48.064985, -15.918446]]]}, "properties": {}},
{"type": "Feature", "geometry": {"type": "Polygon", "coordinates": [[[-48.064832, -15.917813], [-48.064812, -15.917875], [-48.064817, -15.917877], [-48.064851, -15.917887], [-48.064873, -15.917819], [-48.064892, -15.91776], [-48.064909, -15.917709], [-48.064819, -15.917682], [-48.064803, -15.917731], [-48.064781, -15.917797], [-48.064832, -15.917813]]]}, "properties": {}},
{"type": "Feature", "geometry": {"type": "Polygon", "coordinates": [[[-48.062931, -15.918279], [-48.062934, -15.91828], [-48.062936, -15.918275], [-48.062975, -15.918288], [-48.062974, -15.918291], [-48.063029, -15.918308], [-48.063037, -15.918282], [-48.063055, -15.918287], [-48.063074, -15.918229], [-48.063064, -15.918226], [-48.062939, -15.918187], [-48.062937, -15.918194], [-48.062912, -15.918273], [-48.062931, -15.918279]]]}, "properties": {}},
{"type": "Feature", "geometry": {"type": "Polygon", "coordinates": [[[-48.062161, -15.918235], [-48.062186, -15.918243], [-48.062189, -15.918244], [-48.062201, -15.918206], [-48.062101, -15.918176], [-48.062105, -15.918163], [-48.062155, -15.918178], [-48.062156, -15.918174], [-48.062198, -15.918187], [-48.062209, -15.918155], [-48.062131, -15.918131], [-48.062082, -15.918117], [-48.062055, -15.918203], [-48.062161, -15.918235]]]}, "properties": {}},
{"type": "Feature", "geometry": {"type": "Polygon", "coordinates": [[[-48.063023, -15.917609], [-48.063033, -15.917578], [-48.063039, -15.91758], [-48.063046, -15.917557], [-48.062956, -15.91753], [-48.062956, -15.917531], [-48.062939, -15.917583], [-48.063023, -15.917609]]]}, "properties": {}},
{"type": "Feature", "geometry": {"type": "Polygon", "coordinates": [[[-48.059693, -15.91762], [-48.059691, -15.917626], [-48.05978, -15.917653], [-48.059806, -15.917574], [-48.05982, -15.917531], [-48.059783, -15.917519], [-48.05978, -15.917528], [-48.059736, -15.917514], [-48.059718, -15.91757], [-48.05971, -15.917567], [-48.059693, -15.91762]]]}, "properties": {}},
{"type": "Feature", "geometry": {"type": "Polygon", "coordinates": [[[-48.064964, -15.917437], [-48.064947, -15.917432], [-48.064936, -15.917468], [-48.065069, -15.917508], [-48.065097, -15.917421], [-48.064963, -15.917383], [-48.064951, -15.917421], [-48.064968, -15.917426], [-48.064964, -15.917437]]]}, "properties": {}},
{"type": "Feature", "geometry": {"type": "Polygon", "coordinates": [[[-48.062386, -15.917145], [-48.062402, -15.91715], [-48.062411, -15.917122], [-48.062448, -15.917134], [-48.062461, -15.917096], [-48.062417, -15.917084], [-48.062373, -15.91707], [-48.062361, -15.917107], [-48.062395, -15.917117], [-48.062386, -15.917145]]]}, "properties": {}},
{"type": "Feature", "geometry": {"type": "Polygon", "coordinates": [[[-48.060226, -15.916848], [-48.060141, -15.916822], [-48.060094, -15.916808], [-48.060074, -15.916802], [-48.060046, -15.916889], [-48.060198, -15.916934], [-48.060226, -15.916848]]]}, "properties": {}},
{"type": "Feature", "geometry": {"type": "Polygon", "coordinates": [[[-48.060642, -15.913905], [-48.060629, -15.913945], [-48.060638, -15.913948], [-48.060626, -15.913982], [-48.060707, -15.914006], [-48.060717, -15.913977], [-48.060718, -15.913973], [-48.060729, -15.91394], [-48.060736, -15.913918], [-48.060725, -15.913914], [-48.060733, -15.913892], [-48.060654, -15.913867], [-48.060644, -15.913899], [-48.060642, -15.913905]]]}, "properties": {}},
{"type": "Feature", "geometry": {"type": "Polygon", "coordinates": [[[-48.058889, -15.916747], [-48.058898, -15.916718], [-48.058888, -15.916715], [-48.058904, -15.916667], [-48.058907, -15.916657], [-48.058849, -15.916639], [-48.058841, -15.916637], [-48.058831, -15.916665], [-48.058825, -15.916686], [-48.058807, -15.91668], [-48.058809, -15.916674], [-48.058785, -15.916667], [-48.058769, -15.916667], [-48.058756, -15.916705], [-48.058762, -15.916707], [-48.058889, -15.916747]]]}, "properties": {}},
{"type": "Feature", "geometry": {"type": "Polygon", "coordinates": [[[-48.063503, -15.914734], [-48.063507, -15.914723], [-48.063464, -15.91471], [-48.063435, -15.914799], [-48.063429, -15.914816], [-48.063474, -15.914829], [-48.063562, -15.914856], [-48.063563, -15.914852], [-48.063567, -15.91484], [-48.063597, -15.914751], [-48.063552, -15.914737], [-48.063548, -15.914748], [-48.063503, -15.914734]]]}, "properties": {}},
{"type": "Feature", "geometry": {"type": "Polygon", "coordinates": [[[-48.064098, -15.917591], [-48.064067, -15.917582], [-48.064065, -15.917588], [-48.064048, -15.917643], [-48.064086, -15.917654], [-48.064089, -15.917643], [-48.064096, -15.917645], [-48.064092, -15.917656], [-48.064162, -15.917677], [-48.064163, -15.917677], [-48.064165, -15.917678], [-48.064185, -15.917617], [-48.064182, -15.917617], [-48.064098, -15.917591]]]}, "properties": {}},
{"type": "Feature", "geometry": {"type": "Polygon", "coordinates": [[[-48.062818, -15.918561], [-48.062847, -15.918569], [-48.062839, -15.918594], [-48.06281, -15.918585], [-48.062799, -15.91862], [-48.062829, -15.918629], [-48.062885, -15.918646], [-48.062933, -15.918661], [-48.062962, -15.918575], [-48.062827, -15.918533], [-48.062818, -15.918561]]]}, "properties": {}},
{"type": "Feature", "geometry": {"type": "Polygon", "coordinates": [[[-48.060551, -15.918861], [-48.060543, -15.918859], [-48.060543, -15.918858], [-48.060465, -15.918834], [-48.060492, -15.918748], [-48.06049, -15.918748], [-48.060437, -15.918733], [-48.060423, -15.918775], [-48.060381, -15.918903], [-48.060374, -15.918925], [-48.060541, -15.918974], [-48.060575, -15.918869], [-48.060551, -15.918861]]]}, "properties": {}},
{"type": "Feature", "geometry": {"type": "Polygon", "coordinates": [[[-48.054589, -15.916808], [-48.054501, -15.916781], [-48.054486, -15.916828], [-48.054573, -15.916855], [-48.054589, -15.916808]]]}, "properties": {}},
{"type": "Feature", "geometry": {"type": "Polygon", "coordinates": [[[-48.055428, -15.916571], [-48.055426, -15.916576], [-48.05542, -15.916574], [-48.0554, -15.916634], [-48.055406, -15.916636], [-48.055557, -15.916682], [-48.055562, -15.916667], [-48.055578, -15.916617], [-48.055428, -15.916571]]]}, "properties": {}},
{"type": "Feature", "geometry": {"type": "Polygon", "coordinates": [[[-48.060498, -15.916588], [-48.060513, -15.916543], [-48.060513, -15.916542], [-48.060517, -15.916528], [-48.060499, -15.916523], [-48.060506, -15.916504], [-48.060532, -15.916512], [-48.060545, -15.916472], [-48.060455, -15.916446], [-48.060444, -15.91648], [-48.060417, -15.916563], [-48.060498, -15.916588]]]}, "properties": {}},
{"type": "Feature", "geometry": {"type": "Polygon", "coordinates": [[[-48.059947, -15.916385], [-48.059969, -15.916311], [-48.059973, -15.916299], [-48.059929, -15.916285], [-48.059911, -15.91628], [-48.059888, -15.916273], [-48.059861, -15.91636], [-48.059884, -15.916367], [-48.059947, -15.916385]]]}, "properties": {}},
{"type": "Feature", "geometry": {"type": "Polygon", "coordinates": [[[-48.059086, -15.916326], [-48.059152, -15.916345], [-48.05915, -15.916351], [-48.059164, -15.916355], [-48.059187, -15.916362], [-48.059214, -15.916277], [-48.059191, -15.91627], [-48.059112, -15.916247], [-48.059058, -15.91623], [-48.059056, -15.91623], [-48.059029, -15.916315], [-48.059084, -15.916331], [-48.059086, -15.916326]]]}, "properties": {}},
{"type": "Feature", "geometry": {"type": "Polygon", "coordinates": [[[-48.061914, -15.916178], [-48.061908, -15.916198], [-48.061935, -15.916206], [-48.061994, -15.916224], [-48.062, -15.916206], [-48.062, -15.916203], [-48.062035, -15.916098], [-48.062036, -15.916094], [-48.062043, -15.916074], [-48.062018, -15.916067], [-48.062011, -15.916087], [-48.061988, -15.91608], [-48.061995, -15.91606], [-48.061955, -15.916047], [-48.061949, -15.916067], [-48.061915, -15.916177], [-48.061914, -15.916178]]]}, "properties": {}},
{"type": "Feature", "geometry": {"type": "Polygon", "coordinates": [[[-48.061471, -15.916032], [-48.061461, -15.91606], [-48.06155, -15.916087], [-48.061556, -15.916068], [-48.061598, -15.915939], [-48.06155, -15.915925], [-48.061545, -15.91594], [-48.061504, -15.915928], [-48.061471, -15.916032]]]}, "properties": {}},
{"type": "Feature", "geometry": {"type": "Polygon", "coordinates": [[[-48.058382, -15.916053], [-48.05841, -15.916062], [-48.058416, -15.916047], [-48.058475, -15.916065], [-48.058499, -15.915991], [-48.058506, -15.915968], [-48.058469, -15.915957], [-48.058467, -15.915964], [-48.058416, -15.915948], [-48.058412, -15.91596], [-48.058384, -15.916048], [-48.058382, -15.916053]]]}, "properties": {}},
{"type": "Feature", "geometry": {"type": "Polygon", "coordinates": [[[-48.059585, -15.915927], [-48.059584, -15.915928], [-48.059648, -15.915948], [-48.059649, -15.915946], [-48.059657, -15.91592], [-48.059677, -15.915853], [-48.059561, -15.915818], [-48.05956, -15.915817], [-48.059538, -15.915883], [-48.059594, -15.9159], [-48.059585, -15.915927]]]}, "properties": {}},
{"type": "Feature", "geometry": {"type": "Polygon", "coordinates": [[[-48.060844, -15.915852], [-48.060888, -15.915865], [-48.06089, -15.915858], [-48.060957, -15.91588], [-48.060962, -15.915867], [-48.060982, -15.915873], [-48.060999, -15.915822], [-48.061003, -15.915809], [-48.060922, -15.915783], [-48.06087, -15.915767], [-48.060866, -15.915766], [-48.060852, -15.915761], [-48.060848, -15.91576], [-48.060821, -15.915845], [-48.060823, -15.915846], [-48.060844, -15.915852]]]}, "properties": {}},
{"type": "Feature", "geometry": {"type": "Polygon", "coordinates": [[[-48.059249, -15.915797], [-48.059336, -15.915824], [-48.059353, -15.91577], [-48.059322, -15.915761], [-48.059266, -15.915743], [-48.059241, -15.915736], [-48.059208, -15.915726], [-48.059207, -15.915725], [-48.059182, -15.915802], [-48.059241, -15.91582], [-48.059249, -15.915797]]]}, "properties": {}},
{"type": "Feature", "geometry": {"type": "Polygon", "coordinates": [[[-48.062709, -15.918749], [-48.062724, -15.918753], [-48.062714, -15.918782], [-48.062743, -15.918791], [-48.062746, -15.918784], [-48.062772, -15.918704], [-48.062744, -15.918696], [-48.062736, -15.918721], [-48.06272, -15.918716], [-48.062709, -15.918749]]]}, "properties": {}},
{"type": "Feature", "geometry": {"type": "Polygon", "coordinates": [[[-48.060471, -15.915645], [-48.060491, -15.915651], [-48.060559, -15.915671], [-48.060601, -15.915542], [-48.060605, -15.91553], [-48.060606, -15.915526], [-48.06061, -15.915517], [-48.06061, -15.915514], [-48.060489, -15.915478], [-48.060488, -15.915481], [-48.060439, -15.915635], [-48.060471, -15.915645]]]}, "properties": {}},
{"type": "Feature", "geometry": {"type": "Polygon", "coordinates": [[[-48.060194, -15.915429], [-48.060217, -15.915416], [-48.060177, -15.915342], [-48.060087, -15.915385], [-48.060127, -15.915461], [-48.060194, -15.915429]]]}, "properties": {}},
{"type": "Feature", "geometry": {"type": "Polygon", "coordinates": [[[-48.060288, -15.915467], [-48.060304, -15.91546], [-48.060311, -15.915471], [-48.060404, -15.915424], [-48.060398, -15.915415], [-48.060412, -15.915406], [-48.060409, -15.915401], [-48.060376, -15.915338], [-48.060252, -15.9154], [-48.060288, -15.915467]]]}, "properties": {}},
{"type": "Feature", "geometry": {"type": "Polygon", "coordinates": [[[-48.056107, -15.915003], [-48.056115, -15.915005], [-48.056121, -15.914987], [-48.056122, -15.914988], [-48.056153, -15.914896], [-48.056098, -15.914879], [-48.05607, -15.914961], [-48.056061, -15.914988], [-48.056107, -15.915003]]]}, "properties": {}},
{"type": "Feature", "geometry": {"type": "Polygon", "coordinates": [[[-48.064911, -15.914344], [-48.064824, -15.914318], [-48.064798, -15.914395], [-48.064888, -15.91442], [-48.064911, -15.914344]]]}, "properties": {}},
{"type": "Feature", "geometry": {"type": "Polygon", "coordinates": [[[-48.064139, -15.914158], [-48.06421, -15.91418], [-48.064228, -15.91412], [-48.064226, -15.914119], [-48.064234, -15.914093], [-48.064231, -15.914092], [-48.064167, -15.914073], [-48.064154, -15.914113], [-48.064147, -15.914133], [-48.064139, -15.914158]]]}, "properties": {}},
{"type": "Feature", "geometry": {"type": "Polygon", "coordinates": [[[-48.060168, -15.913806], [-48.06019, -15.913771], [-48.060178, -15.913764], [-48.060188, -15.913753], [-48.060174, -15.913742], [-48.060187, -15.913727], [-48.060189, -15.913729], [-48.060198, -15.913719], [-48.060205, -15.913725], [-48.060234, -15.913691], [-48.060226, -15.913686], [-48.060209, -15.913673], [-48.060183, -15.913653], [-48.060132, -15.913614], [-48.060041, -15.913701], [-48.060167, -15.913807], [-48.060168, -15.913806]]]}, "properties": {}},
{"type": "Feature", "geometry": {"type": "Polygon", "coordinates": [[[-48.055578, -15.916617], [-48.055604, -15.91654], [-48.055605, -15.916537], [-48.055454, -15.916491], [-48.05545, -15.91649], [-48.055424, -15.91657], [-48.055428, -15.916571], [-48.055578, -15.916617]]]}, "properties": {}},
{"type": "Feature", "geometry": {"type": "Polygon", "coordinates": [[[-48.056717, -15.918893], [-48.056769, -15.918909], [-48.056791, -15.918842], [-48.056703, -15.918815], [-48.056677, -15.918896], [-48.056713, -15.918907], [-48.056717, -15.918893]]]}, "properties": {}},
{"type": "Feature", "geometry": {"type": "Polygon", "coordinates": [[[-48.054962, -15.917227], [-48.054943, -15.917222], [-48.054934, -15.91725], [-48.055067, -15.91729], [-48.055078, -15.917294], [-48.055107, -15.917208], [-48.055099, -15.917205], [-48.055095, -15.917204], [-48.055067, -15.917195], [-48.055058, -15.917193], [-48.054962, -15.917163], [-48.054954, -15.91719], [-48.054973, -15.917196], [-48.054962, -15.917227]]]}, "properties": {}},
{"type": "Feature", "geometry": {"type": "Polygon", "coordinates": [[[-48.061052, -15.917156], [-48.06107, -15.917162], [-48.061087, -15.917109], [-48.061027, -15.91709], [-48.060998, -15.917178], [-48.061041, -15.917191], [-48.061052, -15.917156]]]}, "properties": {}},
{"type": "Feature", "geometry": {"type": "Polygon", "coordinates": [[[-48.058607, -15.917423], [-48.058531, -15.917399], [-48.058518, -15.917438], [-48.058594, -15.917462], [-48.058607, -15.917423]]]}, "properties": {}},
{"type": "Feature", "geometry": {"type": "Polygon", "coordinates": [[[-48.056493, -15.918858], [-48.056544, -15.918874], [-48.056554, -15.918844], [-48.056593, -15.918856], [-48.056624, -15.918757], [-48.056625, -15.918755], [-48.056625, -15.918753], [-48.056536, -15.918726], [-48.056535, -15.91873], [-48.056507, -15.918816], [-48.056493, -15.918858]]]}, "properties": {}},
{"type": "Feature", "geometry": {"type": "Polygon", "coordinates": [[[-48.05729, -15.918816], [-48.057292, -15.918809], [-48.057317, -15.918732], [-48.057292, -15.918724], [-48.057228, -15.918705], [-48.057156, -15.918684], [-48.057129, -15.918768], [-48.057167, -15.918779], [-48.05729, -15.918816]]]}, "properties": {}},
{"type": "Feature", "geometry": {"type": "Polygon", "coordinates": [[[-48.058043, -15.917957], [-48.058056, -15.917916], [-48.058032, -15.917909], [-48.058038, -15.917893], [-48.058074, -15.917904], [-48.058084, -15.917875], [-48.057971, -15.917841], [-48.057947, -15.917834], [-48.05792, -15.91792], [-48.058041, -15.917956], [-48.058043, -15.917957]]]}, "properties": {}},
{"type": "Feature", "geometry": {"type": "Polygon", "coordinates": [[[-48.057452, -15.918354], [-48.057431, -15.918419], [-48.057419, -15.918415], [-48.057414, -15.918429], [-48.057407, -15.918452], [-48.057497, -15.918478], [-48.057504, -15.918457], [-48.057504, -15.918456], [-48.057521, -15.918404], [-48.05753, -15.918377], [-48.057545, -15.918327], [-48.057457, -15.9183], [-48.057443, -15.918343], [-48.05744, -15.91835], [-48.057452, -15.918354]]]}, "properties": {}},
{"type": "Feature", "geometry": {"type": "Polygon", "coordinates": [[[-48.057815, -15.918402], [-48.057813, -15.918408], [-48.057902, -15.918435], [-48.057915, -15.918392], [-48.057943, -15.918307], [-48.05795, -15.918284], [-48.05786, -15.918258], [-48.057853, -15.91828], [-48.057826, -15.918368], [-48.057815, -15.918402]]]}, "properties": {}},
{"type": "Feature", "geometry": {"type": "Polygon", "coordinates": [[[-48.058134, -15.917316], [-48.058223, -15.917344], [-48.058251, -15.917263], [-48.058223, -15.917254], [-48.058215, -15.917252], [-48.058143, -15.917229], [-48.05813, -15.917225], [-48.058102, -15.917311], [-48.058133, -15.91732], [-48.058134, -15.917316]]]}, "properties": {}},
{"type": "Feature", "geometry": {"type": "Polygon", "coordinates": [[[-48.057367, -15.916977], [-48.057304, -15.916958], [-48.057285, -15.917017], [-48.057348, -15.917036], [-48.057367, -15.916977]]]}, "properties": {}},
{"type": "Feature", "geometry": {"type": "Polygon", "coordinates": [[[-48.061162, -15.919128], [-48.061189, -15.919137], [-48.06118, -15.919166], [-48.061188, -15.919168], [-48.061231, -15.919181], [-48.061259, -15.919095], [-48.061221, -15.919083], [-48.061205, -15.919133], [-48.0612, -15.919132], [-48.061216, -15.919081], [-48.061206, -15.919078], [-48.061127, -15.919053], [-48.061111, -15.919104], [-48.061164, -15.91912], [-48.061162, -15.919128]]]}, "properties": {}},
{"type": "Feature", "geometry": {"type": "Polygon", "coordinates": [[[-48.063381, -15.918922], [-48.063404, -15.918851], [-48.063424, -15.918857], [-48.0634, -15.918929], [-48.063408, -15.918932], [-48.063406, -15.91894], [-48.063339, -15.91892], [-48.063324, -15.918968], [-48.063412, -15.918994], [-48.06346, -15.91885], [-48.063371, -15.918822], [-48.063357, -15.918865], [-48.063343, -15.91891], [-48.063381, -15.918922]]]}, "properties": {}},
{"type": "Feature", "geometry": {"type": "Polygon", "coordinates": [[[-48.059774, -15.918992], [-48.059829, -15.919008], [-48.059825, -15.919018], [-48.059853, -15.919027], [-48.059855, -15.919021], [-48.059881, -15.918938], [-48.059896, -15.918889], [-48.059901, -15.918876], [-48.059813, -15.918848], [-48.059785, -15.918936], [-48.059791, -15.918938], [-48.059774, -15.918992]]]}, "properties": {}},
{"type": "Feature", "geometry": {"type": "Polygon", "coordinates": [[[-48.057788, -15.918968], [-48.057791, -15.918959], [-48.057818, -15.918967], [-48.057828, -15.918936], [-48.057846, -15.918942], [-48.057842, -15.918955], [-48.057879, -15.918966], [-48.057898, -15.918907], [-48.057896, -15.918907], [-48.057832, -15.918887], [-48.057814, -15.918882], [-48.057763, -15.918866], [-48.057745, -15.918922], [-48.057735, -15.918952], [-48.057788, -15.918968]]]}, "properties": {}},
{"type": "Feature", "geometry": {"type": "Polygon", "coordinates": [[[-48.058204, -15.918926], [-48.058232, -15.918934], [-48.058243, -15.918937], [-48.058251, -15.918915], [-48.058258, -15.918917], [-48.05825, -15.918939], [-48.058298, -15.918953], [-48.058326, -15.918867], [-48.058286, -15.918855], [-48.058277, -15.918852], [-48.058214, -15.918833], [-48.058213, -15.918833], [-48.058195, -15.918892], [-48.058213, -15.918897], [-48.058204, -15.918926]]]}, "properties": {}},
{"type": "Feature", "geometry": {"type": "Polygon", "coordinates": [[[-48.0613, -15.918824], [-48.061327, -15.918737], [-48.061245, -15.918713], [-48.061237, -15.918711], [-48.061236, -15.918711], [-48.061209, -15.918797], [-48.0613, -15.918824]]]}, "properties": {}},
{"type": "Feature", "geometry": {"type": "Polygon", "coordinates": [[[-48.059246, -15.918795], [-48.059275, -15.918709], [-48.059217, -15.918692], [-48.059201, -15.918687], [-48.0592, -15.918686], [-48.059172, -15.918772], [-48.059173, -15.918773], [-48.059246, -15.918795]]]}, "properties": {}},
{"type": "Feature", "geometry": {"type": "Polygon", "coordinates": [[[-48.06498, -15.918688], [-48.064998, -15.918632], [-48.065017, -15.918576], [-48.064992, -15.918568], [-48.064993, -15.918566], [-48.064974, -15.91856], [-48.064979, -15.918546], [-48.064955, -15.918539], [-48.064926, -15.918628], [-48.064913, -15.918668], [-48.06498, -15.918688]]]}, "properties": {}},
{"type": "Feature", "geometry": {"type": "Polygon", "coordinates": [[[-48.062799, -15.91862], [-48.06281, -15.918585], [-48.062818, -15.918561], [-48.062827, -15.918533], [-48.062767, -15.918514], [-48.062739, -15.9186], [-48.062739, -15.918601], [-48.062799, -15.91862]]]}, "properties": {}},
{"type": "Feature", "geometry": {"type": "Polygon", "coordinates": [[[-48.059692, -15.918719], [-48.059702, -15.918686], [-48.059732, -15.918694], [-48.05976, -15.918703], [-48.059775, -15.918658], [-48.059792, -15.918605], [-48.059762, -15.918596], [-48.059761, -15.918601], [-48.059737, -15.918594], [-48.059745, -15.918567], [-48.059711, -15.918557], [-48.059697, -15.918601], [-48.059661, -15.918709], [-48.059692, -15.918719]]]}, "properties": {}},
{"type": "Feature", "geometry": {"type": "Polygon", "coordinates": [[[-48.058432, -15.918358], [-48.058416, -15.918353], [-48.058416, -15.918354], [-48.058414, -15.918359], [-48.058399, -15.918407], [-48.058444, -15.91842], [-48.058451, -15.918396], [-48.058488, -15.918406], [-48.0585, -15.918366], [-48.058509, -15.918369], [-48.058525, -15.91832], [-48.058437, -15.918294], [-48.058435, -15.918294], [-48.05842, -15.918342], [-48.058436, -15.918347], [-48.058432, -15.918358]]]}, "properties": {}},
{"type": "Feature", "geometry": {"type": "Polygon", "coordinates": [[[-48.061021, -15.918024], [-48.061055, -15.918034], [-48.061081, -15.917953], [-48.061046, -15.917943], [-48.061046, -15.917945], [-48.061027, -15.918003], [-48.061021, -15.918024]]]}, "properties": {}},
{"type": "Feature", "geometry": {"type": "Polygon", "coordinates": [[[-48.064358, -15.917738], [-48.064402, -15.917751], [-48.064446, -15.917765], [-48.064448, -15.917759], [-48.064487, -15.917636], [-48.064499, -15.9176], [-48.064413, -15.917573], [-48.064412, -15.917575], [-48.064397, -15.917619], [-48.064358, -15.917738]]]}, "properties": {}},
{"type": "Feature", "geometry": {"type": "Polygon", "coordinates": [[[-48.060144, -15.917217], [-48.060141, -15.917227], [-48.060177, -15.917238], [-48.060175, -15.917245], [-48.060141, -15.917235], [-48.060142, -15.917232], [-48.060105, -15.91722], [-48.0601, -15.917235], [-48.060072, -15.917323], [-48.060067, -15.917339], [-48.060087, -15.917346], [-48.060154, -15.917366], [-48.060203, -15.91722], [-48.060114, -15.917193], [-48.060113, -15.917197], [-48.060109, -15.917207], [-48.060144, -15.917217]]]}, "properties": {}},
{"type": "Feature", "geometry": {"type": "Polygon", "coordinates": [[[-48.064041, -15.917197], [-48.064052, -15.917201], [-48.064057, -15.917187], [-48.064059, -15.917188], [-48.06406, -15.917183], [-48.064065, -15.917184], [-48.064065, -15.917186], [-48.064077, -15.91719], [-48.064074, -15.917202], [-48.064078, -15.917204], [-48.064083, -15.917188], [-48.064087, -15.917189], [-48.064093, -15.917169], [-48.064097, -15.91717], [-48.064102, -15.917153], [-48.064107, -15.917155], [-48.064098, -15.917183], [-48.064102, -15.917185], [-48.064101, -15.917189], [-48.064093, -15.917187], [-48.064092, -15.917193], [-48.064094, -15.917193], [-48.064093, -15.917198], [-48.064084, -15.917195], [-48.06408, -15.917208], [-48.064136, -15.917225], [-48.064149, -15.917182], [-48.064163, -15.917138], [-48.064121, -15.917125], [-48.064032, -15.917098], [-48.06403, -15.917098], [-48.064009, -15.917165], [-48.064047, -15.917176], [-48.064041, -15.917197]]]}, "properties": {}},
{"type": "Feature", "geometry": {"type": "Polygon", "coordinates": [[[-48.061615, -15.916667], [-48.061609, -15.916686], [-48.061645, -15.916697], [-48.061655, -15.916667], [-48.061619, -15.916656], [-48.061615, -15.916667]]]}, "properties": {}},
{"type": "Feature", "geometry": {"type": "Polygon", "coordinates": [[[-48.059283, -15.918429], [-48.059239, -15.918415], [-48.05915, -15.918389], [-48.059123, -15.918474], [-48.059255, -15.918515], [-48.059283, -15.918429]]]}, "properties": {}},
{"type": "Feature", "geometry": {"type": "Polygon", "coordinates": [[[-48.058779, -15.916192], [-48.058791, -15.916153], [-48.058756, -15.916142], [-48.058758, -15.916135], [-48.058794, -15.916146], [-48.058806, -15.916105], [-48.058803, -15.916104], [-48.058728, -15.916082], [-48.058723, -15.916081], [-48.058712, -15.916077], [-48.058684, -15.916165], [-48.058779, -15.916192]]]}, "properties": {}},
{"type": "Feature", "geometry": {"type": "Polygon", "coordinates": [[[-48.061208, -15.914919], [-48.061213, -15.914931], [-48.061233, -15.914922], [-48.061275, -15.914905], [-48.061243, -15.914817], [-48.061204, -15.914835], [-48.06122, -15.914875], [-48.061216, -15.914876], [-48.061217, -15.914879], [-48.061208, -15.914882], [-48.061214, -15.914898], [-48.06121, -15.914899], [-48.061217, -15.914916], [-48.061208, -15.914919]]]}, "properties": {}},
{"type": "Feature", "geometry": {"type": "Polygon", "coordinates": [[[-48.064712, -15.914364], [-48.064735, -15.914291], [-48.064717, -15.914285], [-48.064712, -15.914301], [-48.064701, -15.914298], [-48.064706, -15.914282], [-48.064705, -15.914282], [-48.064674, -15.914272], [-48.064655, -15.914266], [-48.064631, -15.91434], [-48.064622, -15.914337], [-48.064609, -15.914379], [-48.0647, -15.914406], [-48.064712, -15.914364]]]}, "properties": {}},
{"type": "Feature", "geometry": {"type": "Polygon", "coordinates": [[[-48.056343, -15.917714], [-48.056327, -15.917709], [-48.056306, -15.917773], [-48.05642, -15.917807], [-48.056427, -15.917786], [-48.056446, -15.917791], [-48.05646, -15.91775], [-48.056433, -15.917742], [-48.056343, -15.917714]]]}, "properties": {}},
{"type": "Feature", "geometry": {"type": "Polygon", "coordinates": [[[-48.059403, -15.917306], [-48.059392, -15.917302], [-48.059386, -15.91732], [-48.059308, -15.917295], [-48.059284, -15.917367], [-48.059374, -15.917394], [-48.059403, -15.917306]]]}, "properties": {}},
{"type": "Feature", "geometry": {"type": "Polygon", "coordinates": [[[-48.062446, -15.916996], [-48.062427, -15.91699], [-48.06231, -15.916956], [-48.062296, -15.917], [-48.062431, -15.91704], [-48.062446, -15.916996]]]}, "properties": {}},
{"type": "Feature", "geometry": {"type": "Polygon", "coordinates": [[[-48.058022, -15.918928], [-48.058125, -15.918957], [-48.058126, -15.918952], [-48.05814, -15.918907], [-48.058053, -15.91888], [-48.05805, -15.91888], [-48.058023, -15.918872], [-48.058008, -15.91892], [-48.058024, -15.918925], [-48.058022, -15.918928]]]}, "properties": {}},
{"type": "Feature", "geometry": {"type": "Polygon", "coordinates": [[[-48.060258, -15.917237], [-48.060293, -15.917248], [-48.060303, -15.917215], [-48.060214, -15.917188], [-48.060203, -15.91722], [-48.060227, -15.917228], [-48.060258, -15.917237]]]}, "properties": {}},
{"type": "Feature", "geometry": {"type": "Polygon", "coordinates": [[[-48.059137, -15.917277], [-48.059154, -15.917282], [-48.05921, -15.917299], [-48.059239, -15.917212], [-48.059105, -15.917171], [-48.059092, -15.917211], [-48.059153, -15.91723], [-48.059137, -15.917277]]]}, "properties": {}},
{"type": "Feature", "geometry": {"type": "Polygon", "coordinates": [[[-48.058463, -15.915527], [-48.058467, -15.915513], [-48.058471, -15.915502], [-48.058402, -15.915484], [-48.058398, -15.915499], [-48.058385, -15.915537], [-48.058381, -15.915551], [-48.058449, -15.915572], [-48.058463, -15.915527]]]}, "properties": {}},
{"type": "Feature", "geometry": {"type": "Polygon", "coordinates": [[[-48.064542, -15.914612], [-48.064557, -15.914565], [-48.064468, -15.914539], [-48.06444, -15.914629], [-48.064528, -15.914656], [-48.064542, -15.914612]]]}, "properties": {}},
{"type": "Feature", "geometry": {"type": "Polygon", "coordinates": [[[-48.063258, -15.9163], [-48.063258, -15.916298], [-48.063286, -15.916212], [-48.063314, -15.916125], [-48.063247, -15.916105], [-48.063191, -15.916277], [-48.063191, -15.91628], [-48.063258, -15.9163]]]}, "properties": {}},
{"type": "Feature", "geometry": {"type": "Polygon", "coordinates": [[[-48.05918, -15.915807], [-48.059182, -15.915802], [-48.059207, -15.915725], [-48.059182, -15.915718], [-48.059179, -15.915725], [-48.059136, -15.915712], [-48.059117, -15.915773], [-48.059113, -15.915787], [-48.05918, -15.915807]]]}, "properties": {}},
{"type": "Feature", "geometry": {"type": "Polygon", "coordinates": [[[-48.059531, -15.916639], [-48.059532, -15.916639], [-48.059555, -15.916646], [-48.059595, -15.916658], [-48.059597, -15.916659], [-48.059625, -15.916573], [-48.059621, -15.916572], [-48.059593, -15.916563], [-48.059584, -15.91656], [-48.059583, -15.91656], [-48.059518, -15.91654], [-48.059515, -15.916539], [-48.059461, -15.916522], [-48.059433, -15.916609], [-48.059506, -15.916631], [-48.059531, -15.916639]]]}, "properties": {}},
{"type": "Feature", "geometry": {"type": "Polygon", "coordinates": [[[-48.062923, -15.916571], [-48.063014, -15.916599], [-48.063042, -15.916514], [-48.062998, -15.916501], [-48.062965, -15.916491], [-48.06295, -15.916538], [-48.062931, -15.916532], [-48.062932, -15.916526], [-48.062924, -15.916524], [-48.062938, -15.916483], [-48.06291, -15.916475], [-48.062907, -15.916474], [-48.062884, -15.916467], [-48.062881, -15.916466], [-48.062854, -15.916551], [-48.062881, -15.916559], [-48.062923, -15.916571]]]}, "properties": {}},
{"type": "Feature", "geometry": {"type": "Polygon", "coordinates": [[[-48.054703, -15.916611], [-48.054725, -15.916618], [-48.054727, -15.916612], [-48.054786, -15.91663], [-48.054784, -15.916637], [-48.054835, -15.916653], [-48.054838, -15.916654], [-48.054868, -15.916568], [-48.054864, -15.916567], [-48.05473, -15.916526], [-48.054722, -15.916554], [-48.054703, -15.916611]]]}, "properties": {}},
{"type": "Feature", "geometry": {"type": "Polygon", "coordinates": [[[-48.061351, -15.916404], [-48.061439, -15.916431], [-48.061445, -15.916413], [-48.061455, -15.916384], [-48.061473, -15.916328], [-48.061413, -15.916312], [-48.061385, -15.916304], [-48.06138, -15.916317], [-48.061351, -15.916404]]]}, "properties": {}},
{"type": "Feature", "geometry": {"type": "Polygon", "coordinates": [[[-48.061736, -15.916388], [-48.061755, -15.916331], [-48.061764, -15.916333], [-48.061783, -15.916276], [-48.061787, -15.916261], [-48.061788, -15.916258], [-48.0617, -15.916229], [-48.061698, -15.916233], [-48.061693, -15.916248], [-48.061693, -15.91625], [-48.06165, -15.916382], [-48.061652, -15.916382], [-48.061711, -15.916401], [-48.061718, -15.916382], [-48.061736, -15.916388]]]}, "properties": {}},
{"type": "Feature", "geometry": {"type": "Polygon", "coordinates": [[[-48.055702, -15.91623], [-48.055688, -15.916274], [-48.055681, -15.916294], [-48.055729, -15.916309], [-48.055749, -15.916315], [-48.05575, -15.916315], [-48.055771, -15.91625], [-48.055777, -15.916233], [-48.055774, -15.916232], [-48.055781, -15.91621], [-48.055738, -15.916197], [-48.055731, -15.916218], [-48.055709, -15.916211], [-48.055702, -15.91623]]]}, "properties": {}},
{"type": "Feature", "geometry": {"type": "Polygon", "coordinates": [[[-48.063147, -15.91619], [-48.063176, -15.916198], [-48.06317, -15.916217], [-48.063197, -15.916225], [-48.063203, -15.916207], [-48.063206, -15.916208], [-48.063213, -15.916186], [-48.063212, -15.916186], [-48.063234, -15.916116], [-48.063198, -15.916105], [-48.063202, -15.916091], [-48.06318, -15.916084], [-48.063162, -15.91614], [-48.063154, -15.916169], [-48.063147, -15.91619]]]}, "properties": {}},
{"type": "Feature", "geometry": {"type": "Polygon", "coordinates": [[[-48.062787, -15.916153], [-48.062861, -15.916175], [-48.062883, -15.916108], [-48.062902, -15.916114], [-48.06291, -15.916116], [-48.062931, -15.916053], [-48.062902, -15.916044], [-48.062872, -15.916035], [-48.062829, -15.916021], [-48.062812, -15.916074], [-48.062808, -15.916088], [-48.062787, -15.916153]]]}, "properties": {}},
{"type": "Feature", "geometry": {"type": "Polygon", "coordinates": [[[-48.062682, -15.915976], [-48.062612, -15.915954], [-48.06261, -15.915954], [-48.062598, -15.915993], [-48.06267, -15.916015], [-48.062682, -15.915976]]]}, "properties": {}},
{"type": "Feature", "geometry": {"type": "Polygon", "coordinates": [[[-48.059748, -15.915804], [-48.059854, -15.915836], [-48.059874, -15.915771], [-48.05972, -15.915725], [-48.059715, -15.91574], [-48.059699, -15.915789], [-48.059748, -15.915804]]]}, "properties": {}},
{"type": "Feature", "geometry": {"type": "Polygon", "coordinates": [[[-48.05846, -15.915308], [-48.058491, -15.915317], [-48.058453, -15.915433], [-48.058422, -15.915424], [-48.058403, -15.915482], [-48.058402, -15.915484], [-48.058471, -15.915502], [-48.058476, -15.915486], [-48.058484, -15.91546], [-48.058505, -15.915394], [-48.058507, -15.915389], [-48.058541, -15.915284], [-48.058542, -15.915282], [-48.058476, -15.915261], [-48.058475, -15.915264], [-48.058461, -15.915307], [-48.05846, -15.915308]]]}, "properties": {}},
{"type": "Feature", "geometry": {"type": "Polygon", "coordinates": [[[-48.058064, -15.915292], [-48.058038, -15.915369], [-48.058106, -15.915391], [-48.058165, -15.91522], [-48.05813, -15.915209], [-48.058108, -15.915272], [-48.058075, -15.915261], [-48.058064, -15.915292]]]}, "properties": {}},
{"type": "Feature", "geometry": {"type": "Polygon", "coordinates": [[[-48.055677, -15.915231], [-48.055643, -15.915221], [-48.055617, -15.915298], [-48.055728, -15.915331], [-48.055776, -15.915184], [-48.055754, -15.915177], [-48.055667, -15.915151], [-48.055646, -15.915211], [-48.05568, -15.915221], [-48.055677, -15.915231]]]}, "properties": {}},
{"type": "Feature", "geometry": {"type": "Polygon", "coordinates": [[[-48.06211, -15.915112], [-48.062102, -15.915138], [-48.062099, -15.915149], [-48.062097, -15.915153], [-48.062164, -15.915172], [-48.062165, -15.915169], [-48.062209, -15.91503], [-48.062142, -15.915011], [-48.062117, -15.915087], [-48.06211, -15.915112]]]}, "properties": {}},
{"type": "Feature", "geometry": {"type": "Polygon", "coordinates": [[[-48.065067, -15.914923], [-48.065156, -15.91495], [-48.065188, -15.914855], [-48.065157, -15.914846], [-48.065153, -15.914857], [-48.065094, -15.914838], [-48.065087, -15.914858], [-48.065082, -15.914874], [-48.065067, -15.914923]]]}, "properties": {}},
{"type": "Feature", "geometry": {"type": "Polygon", "coordinates": [[[-48.054282, -15.914732], [-48.054324, -15.914744], [-48.054327, -15.914735], [-48.054371, -15.914749], [-48.054369, -15.914757], [-48.054371, -15.914758], [-48.054372, -15.914759], [-48.054416, -15.914772], [-48.054439, -15.914702], [-48.054412, -15.914694], [-48.054418, -15.914676], [-48.054293, -15.914639], [-48.05429, -15.914638], [-48.054261, -15.914726], [-48.054265, -15.914727], [-48.054282, -15.914732]]]}, "properties": {}},
{"type": "Feature", "geometry": {"type": "Polygon", "coordinates": [[[-48.064911, -15.914344], [-48.064932, -15.914277], [-48.064872, -15.914258], [-48.064883, -15.914223], [-48.064855, -15.914215], [-48.064848, -15.914238], [-48.064824, -15.914318], [-48.064911, -15.914344]]]}, "properties": {}},
{"type": "Feature", "geometry": {"type": "Polygon", "coordinates": [[[-48.0621, -15.913948], [-48.062124, -15.913874], [-48.062097, -15.913865], [-48.062085, -15.913864], [-48.062073, -15.913862], [-48.062051, -15.913931], [-48.062051, -15.913933], [-48.0621, -15.913948]]]}, "properties": {}},
{"type": "Feature", "geometry": {"type": "Polygon", "coordinates": [[[-48.060544, -15.91383], [-48.060556, -15.913792], [-48.060549, -15.91379], [-48.06057, -15.913726], [-48.060577, -15.913728], [-48.060591, -15.913686], [-48.060591, -15.913683], [-48.060527, -15.913664], [-48.060526, -15.913666], [-48.06048, -15.913812], [-48.060544, -15.91383]]]}, "properties": {}},
{"type": "Feature", "geometry": {"type": "Polygon", "coordinates": [[[-48.056514, -15.917134], [-48.056517, -15.917126], [-48.056371, -15.91708], [-48.056358, -15.917118], [-48.056505, -15.917164], [-48.056514, -15.917134]]]}, "properties": {}},
{"type": "Feature", "geometry": {"type": "Polygon", "coordinates": [[[-48.060122, -15.917029], [-48.060124, -15.917022], [-48.06002, -15.916991], [-48.060012, -15.916997], [-48.059977, -15.917105], [-48.06004, -15.917124], [-48.060127, -15.917152], [-48.060134, -15.91713], [-48.060135, -15.917127], [-48.060155, -15.917064], [-48.060162, -15.917042], [-48.060122, -15.917029]], [[-48.060007, -15.917074], [-48.060011, -15.917063], [-48.060078, -15.917084], [-48.060074, -15.917096], [-48.060007, -15.917074]]]}, "properties": {}},
{"type": "Feature", "geometry": {"type": "Polygon", "coordinates": [[[-48.055322, -15.916895], [-48.055395, -15.916918], [-48.055425, -15.916927], [-48.05543, -15.916929], [-48.055448, -15.916875], [-48.055414, -15.916864], [-48.055417, -15.916854], [-48.055343, -15.91683], [-48.055339, -15.916829], [-48.055318, -15.916894], [-48.055322, -15.916895]]]}, "properties": {}},
{"type": "Feature", "geometry": {"type": "Polygon", "coordinates": [[[-48.05455, -15.918896], [-48.054576, -15.918904], [-48.054598, -15.918838], [-48.054592, -15.918837], [-48.054437, -15.918789], [-48.054416, -15.918855], [-48.054428, -15.918859], [-48.05455, -15.918896]], [[-48.05456, -15.918854], [-48.054556, -15.918866], [-48.054481, -15.918843], [-48.054485, -15.918828], [-48.054498, -15.918832], [-48.054497, -15.918835], [-48.05456, -15.918854]]]}, "properties": {}},
{"type": "Feature", "geometry": {"type": "Polygon", "coordinates": [[[-48.057247, -15.918645], [-48.057255, -15.918647], [-48.057238, -15.9187], [-48.057292, -15.918716], [-48.057319, -15.918725], [-48.057325, -15.918709], [-48.057332, -15.918687], [-48.057345, -15.918645], [-48.057268, -15.918622], [-48.057211, -15.918606], [-48.057184, -15.918597], [-48.057156, -15.918684], [-48.057228, -15.918705], [-48.057247, -15.918645]]]}, "properties": {}},
{"type": "Feature", "geometry": {"type": "Polygon", "coordinates": [[[-48.057635, -15.918354], [-48.057644, -15.918324], [-48.057631, -15.91832], [-48.057647, -15.918269], [-48.05766, -15.918273], [-48.057673, -15.918233], [-48.057675, -15.918226], [-48.057677, -15.918221], [-48.057638, -15.918209], [-48.057636, -15.918214], [-48.057634, -15.918221], [-48.057636, -15.918221], [-48.057635, -15.918224], [-48.057583, -15.918209], [-48.057582, -15.918214], [-48.057545, -15.918327], [-48.057635, -15.918354]], [[-48.057583, -15.918305], [-48.057587, -15.918291], [-48.057598, -15.918295], [-48.057594, -15.918309], [-48.057583, -15.918305]]]}, "properties": {}},
{"type": "Feature", "geometry": {"type": "Polygon", "coordinates": [[[-48.05519, -15.91728], [-48.055195, -15.917282], [-48.055344, -15.917328], [-48.055365, -15.917264], [-48.05534, -15.917257], [-48.055216, -15.917217], [-48.055211, -15.917216], [-48.055209, -15.917215], [-48.055188, -15.91728], [-48.05519, -15.91728]]]}, "properties": {}},
{"type": "Feature", "geometry": {"type": "Polygon", "coordinates": [[[-48.059324, -15.917094], [-48.059415, -15.917122], [-48.059439, -15.917046], [-48.059432, -15.917044], [-48.059443, -15.917011], [-48.0594, -15.916997], [-48.059406, -15.916977], [-48.059366, -15.916965], [-48.05934, -15.917045], [-48.059326, -15.917086], [-48.059324, -15.917094]]]}, "properties": {}},
{"type": "Feature", "geometry": {"type": "Polygon", "coordinates": [[[-48.059808, -15.916816], [-48.059842, -15.916826], [-48.059892, -15.91684], [-48.059912, -15.916846], [-48.059929, -15.916797], [-48.059958, -15.916807], [-48.05997, -15.91677], [-48.059945, -15.916763], [-48.059893, -15.916748], [-48.059836, -15.916731], [-48.059834, -15.91673], [-48.059815, -15.916789], [-48.059807, -15.916815], [-48.059808, -15.916816]]]}, "properties": {}},
{"type": "Feature", "geometry": {"type": "Polygon", "coordinates": [[[-48.059838, -15.91672], [-48.059896, -15.916739], [-48.059893, -15.916748], [-48.059945, -15.916763], [-48.059974, -15.916676], [-48.059942, -15.916667], [-48.059931, -15.916663], [-48.05992, -15.91666], [-48.059917, -15.916667], [-48.059915, -15.916672], [-48.059897, -15.916667], [-48.05986, -15.916655], [-48.059859, -15.916654], [-48.059855, -15.916667], [-48.059838, -15.91672]]]}, "properties": {}},
{"type": "Feature", "geometry": {"type": "Polygon", "coordinates": [[[-48.059663, -15.917529], [-48.059627, -15.917518], [-48.059602, -15.917596], [-48.059637, -15.917607], [-48.059663, -15.917529]]]}, "properties": {}},
{"type": "Feature", "geometry": {"type": "Polygon", "coordinates": [[[-48.063572, -15.919003], [-48.063585, -15.919008], [-48.063583, -15.919017], [-48.06351, -15.918993], [-48.063501, -15.919021], [-48.06359, -15.919048], [-48.063633, -15.918919], [-48.063632, -15.918919], [-48.063616, -15.918914], [-48.063611, -15.918929], [-48.063597, -15.918925], [-48.063572, -15.919003]]]}, "properties": {}},
{"type": "Feature", "geometry": {"type": "Polygon", "coordinates": [[[-48.05874, -15.918922], [-48.058745, -15.918923], [-48.058737, -15.918949], [-48.058815, -15.918971], [-48.058818, -15.918972], [-48.058838, -15.918909], [-48.058836, -15.918908], [-48.058746, -15.91888], [-48.058704, -15.918867], [-48.058676, -15.918954], [-48.058725, -15.91897], [-48.05874, -15.918922]]]}, "properties": {}},
{"type": "Feature", "geometry": {"type": "Polygon", "coordinates": [[[-48.060334, -15.918747], [-48.060352, -15.918691], [-48.060375, -15.918618], [-48.060355, -15.918612], [-48.060338, -15.918665], [-48.060305, -15.918655], [-48.060322, -15.918601], [-48.060285, -15.91859], [-48.060283, -15.918598], [-48.060244, -15.91872], [-48.060334, -15.918747]]]}, "properties": {}},
{"type": "Feature", "geometry": {"type": "Polygon", "coordinates": [[[-48.061357, -15.918651], [-48.0614, -15.918664], [-48.061445, -15.918678], [-48.061462, -15.918625], [-48.061464, -15.918617], [-48.061487, -15.918545], [-48.061486, -15.918545], [-48.061398, -15.918518], [-48.061392, -15.918537], [-48.061367, -15.918619], [-48.061357, -15.918651]]]}, "properties": {}},
{"type": "Feature", "geometry": {"type": "Polygon", "coordinates": [[[-48.062219, -15.918158], [-48.062245, -15.918071], [-48.062195, -15.918057], [-48.062159, -15.918046], [-48.062131, -15.918131], [-48.062209, -15.918155], [-48.062219, -15.918158]]]}, "properties": {}},
{"type": "Feature", "geometry": {"type": "Polygon", "coordinates": [[[-48.061495, -15.918182], [-48.061504, -15.918152], [-48.061526, -15.918158], [-48.061517, -15.918189], [-48.061552, -15.918199], [-48.061579, -15.918117], [-48.061579, -15.918115], [-48.061583, -15.918102], [-48.061594, -15.918069], [-48.061503, -15.918041], [-48.061487, -15.91809], [-48.061462, -15.918171], [-48.061495, -15.918182]]]}, "properties": {}},
{"type": "Feature", "geometry": {"type": "Polygon", "coordinates": [[[-48.059498, -15.918209], [-48.059547, -15.918224], [-48.059557, -15.918193], [-48.059588, -15.918094], [-48.0595, -15.918067], [-48.059499, -15.918067], [-48.059467, -15.918163], [-48.059509, -15.918176], [-48.059498, -15.918209]]]}, "properties": {}},
{"type": "Feature", "geometry": {"type": "Polygon", "coordinates": [[[-48.061419, -15.91813], [-48.061437, -15.918075], [-48.061487, -15.91809], [-48.061503, -15.918041], [-48.061416, -15.918014], [-48.06141, -15.918032], [-48.061382, -15.918119], [-48.061419, -15.91813]]]}, "properties": {}},
{"type": "Feature", "geometry": {"type": "Polygon", "coordinates": [[[-48.059004, -15.917937], [-48.059005, -15.917937], [-48.059049, -15.91795], [-48.059061, -15.917912], [-48.059066, -15.917898], [-48.059067, -15.917893], [-48.058977, -15.917865], [-48.058958, -15.917923], [-48.05896, -15.917924], [-48.059004, -15.917937]]]}, "properties": {}},
{"type": "Feature", "geometry": {"type": "Polygon", "coordinates": [[[-48.061262, -15.917527], [-48.061324, -15.917547], [-48.061347, -15.917472], [-48.061279, -15.917451], [-48.061258, -15.917444], [-48.061213, -15.917431], [-48.061185, -15.917517], [-48.061258, -15.91754], [-48.061262, -15.917527]]]}, "properties": {}},
{"type": "Feature", "geometry": {"type": "Polygon", "coordinates": [[[-48.059464, -15.917422], [-48.059374, -15.917394], [-48.059356, -15.917448], [-48.059446, -15.917477], [-48.059464, -15.917422]]]}, "properties": {}},
{"type": "Feature", "geometry": {"type": "Polygon", "coordinates": [[[-48.06497, -15.917379], [-48.064972, -15.917375], [-48.064977, -15.917376], [-48.064977, -15.917378], [-48.064984, -15.91738], [-48.064987, -15.917372], [-48.064989, -15.917373], [-48.064988, -15.917374], [-48.065015, -15.917382], [-48.065014, -15.917387], [-48.065085, -15.917408], [-48.065109, -15.917332], [-48.064991, -15.917296], [-48.064984, -15.917316], [-48.064965, -15.917377], [-48.06497, -15.917379]]]}, "properties": {}},
{"type": "Feature", "geometry": {"type": "Polygon", "coordinates": [[[-48.05884, -15.915423], [-48.058792, -15.915409], [-48.058767, -15.915486], [-48.058818, -15.915499], [-48.05884, -15.915423]]]}, "properties": {}},
{"type": "Feature", "geometry": {"type": "Polygon", "coordinates": [[[-48.060285, -15.915776], [-48.060286, -15.915774], [-48.060197, -15.915744], [-48.060184, -15.915783], [-48.060273, -15.915812], [-48.060285, -15.915776]]]}, "properties": {}},
{"type": "Feature", "geometry": {"type": "Polygon", "coordinates": [[[-48.059764, -15.918147], [-48.059712, -15.918132], [-48.059678, -15.918121], [-48.059677, -15.918121], [-48.059653, -15.918195], [-48.059651, -15.918204], [-48.05968, -15.918213], [-48.059689, -15.918186], [-48.059747, -15.918203], [-48.059764, -15.918147]]]}, "properties": {}},
{"type": "Feature", "geometry": {"type": "Polygon", "coordinates": [[[-48.058784, -15.916619], [-48.058793, -15.916622], [-48.058841, -15.916637], [-48.058849, -15.916639], [-48.058907, -15.916657], [-48.058917, -15.91666], [-48.058944, -15.916575], [-48.05891, -15.916565], [-48.058842, -15.916543], [-48.05882, -15.916537], [-48.058811, -15.916534], [-48.058795, -15.916529], [-48.058792, -15.916528], [-48.058764, -15.916613], [-48.058768, -15.916614], [-48.058784, -15.916619]]]}, "properties": {}},
{"type": "Feature", "geometry": {"type": "Polygon", "coordinates": [[[-48.058685, -15.917248], [-48.058677, -15.917274], [-48.058671, -15.917272], [-48.058669, -15.917272], [-48.058662, -15.917293], [-48.058664, -15.917293], [-48.058682, -15.917299], [-48.058685, -15.917287], [-48.058707, -15.917294], [-48.058704, -15.917303], [-48.058698, -15.917301], [-48.058699, -15.917298], [-48.058689, -15.917296], [-48.058688, -15.917301], [-48.058707, -15.917307], [-48.058709, -15.917307], [-48.058753, -15.917321], [-48.058772, -15.917257], [-48.058793, -15.917192], [-48.058794, -15.917189], [-48.058706, -15.917162], [-48.058678, -15.917246], [-48.058679, -15.917247], [-48.058685, -15.917248]]]}, "properties": {}},
{"type": "Feature", "geometry": {"type": "Polygon", "coordinates": [[[-48.063488, -15.91463], [-48.063424, -15.914611], [-48.063397, -15.91469], [-48.063463, -15.91471], [-48.063488, -15.91463]]]}, "properties": {}},
{"type": "Feature", "geometry": {"type": "Polygon", "coordinates": [[[-48.058761, -15.916989], [-48.058767, -15.91697], [-48.058733, -15.916959], [-48.058677, -15.916942], [-48.058656, -15.917009], [-48.058712, -15.917025], [-48.058716, -15.917013], [-48.05875, -15.917023], [-48.058761, -15.916989]]]}, "properties": {}},
{"type": "Feature", "geometry": {"type": "Polygon", "coordinates": [[[-48.062772, -15.916062], [-48.062788, -15.916067], [-48.062812, -15.916074], [-48.062829, -15.916021], [-48.062785, -15.916008], [-48.062769, -15.916061], [-48.062772, -15.916062]]]}, "properties": {}},
{"type": "Feature", "geometry": {"type": "Polygon", "coordinates": [[[-48.059884, -15.917596], [-48.059889, -15.91758], [-48.059872, -15.917575], [-48.059871, -15.917574], [-48.059894, -15.917505], [-48.059835, -15.917487], [-48.059831, -15.917497], [-48.05982, -15.917531], [-48.059806, -15.917574], [-48.059939, -15.917615], [-48.059939, -15.917613], [-48.059938, -15.917613], [-48.059884, -15.917596]]]}, "properties": {}},
{"type": "Feature", "geometry": {"type": "Polygon", "coordinates": [[[-48.061946, -15.918678], [-48.062045, -15.918708], [-48.062056, -15.918671], [-48.062043, -15.918667], [-48.062062, -15.91861], [-48.062074, -15.918613], [-48.062079, -15.918598], [-48.062028, -15.918583], [-48.062023, -15.918598], [-48.062, -15.91859], [-48.062004, -15.918577], [-48.061983, -15.918571], [-48.061971, -15.918605], [-48.061969, -15.918612], [-48.061946, -15.918678]], [[-48.06197, -15.918645], [-48.061978, -15.918623], [-48.061992, -15.918628], [-48.061984, -15.918649], [-48.06197, -15.918645]]]}, "properties": {}},
{"type": "Feature", "geometry": {"type": "Polygon", "coordinates": [[[-48.061058, -15.917906], [-48.061147, -15.917935], [-48.061162, -15.917887], [-48.061179, -15.917834], [-48.061188, -15.917805], [-48.061131, -15.917787], [-48.061108, -15.917859], [-48.061075, -15.917849], [-48.061058, -15.917906]]]}, "properties": {}},
{"type": "Feature", "geometry": {"type": "Polygon", "coordinates": [[[-48.060036, -15.915503], [-48.059998, -15.91542], [-48.059913, -15.915459], [-48.059947, -15.915543], [-48.060036, -15.915503]]]}, "properties": {}},
{"type": "Feature", "geometry": {"type": "Polygon", "coordinates": [[[-48.057631, -15.916556], [-48.057702, -15.916578], [-48.05773, -15.916495], [-48.057648, -15.91647], [-48.057649, -15.916468], [-48.057629, -15.916462], [-48.057601, -15.916546], [-48.057629, -15.916555], [-48.057631, -15.916556]]]}, "properties": {}},
{"type": "Feature", "geometry": {"type": "Polygon", "coordinates": [[[-48.054615, -15.916578], [-48.054705, -15.916605], [-48.054722, -15.916554], [-48.05471, -15.91655], [-48.054724, -15.916505], [-48.054692, -15.916496], [-48.0547, -15.916469], [-48.054654, -15.916455], [-48.054646, -15.916482], [-48.054637, -15.916508], [-48.054615, -15.916578]]]}, "properties": {}},
{"type": "Feature", "geometry": {"type": "Polygon", "coordinates": [[[-48.058218, -15.916254], [-48.058202, -15.916301], [-48.058292, -15.916329], [-48.058315, -15.916256], [-48.058333, -15.9162], [-48.05834, -15.916178], [-48.058341, -15.916174], [-48.058254, -15.916149], [-48.058253, -15.916152], [-48.058243, -15.916181], [-48.058218, -15.916254]], [[-48.058265, -15.916283], [-48.058252, -15.916279], [-48.058279, -15.916199], [-48.058293, -15.916203], [-48.058267, -15.916277], [-48.058265, -15.916283]]]}, "properties": {}},
{"type": "Feature", "geometry": {"type": "Polygon", "coordinates": [[[-48.064464, -15.916073], [-48.064444, -15.916135], [-48.064448, -15.916136], [-48.064468, -15.916142], [-48.064537, -15.916163], [-48.064541, -15.91615], [-48.064553, -15.916114], [-48.064571, -15.916058], [-48.064547, -15.916051], [-48.064555, -15.916026], [-48.064514, -15.916013], [-48.06451, -15.916012], [-48.064488, -15.91608], [-48.064468, -15.916073], [-48.064464, -15.916073]]]}, "properties": {}},
{"type": "Feature", "geometry": {"type": "Polygon", "coordinates": [[[-48.061646, -15.916096], [-48.061637, -15.916123], [-48.061725, -15.91615], [-48.061764, -15.916033], [-48.061764, -15.916031], [-48.061685, -15.916006], [-48.061656, -15.916094], [-48.061647, -15.916091], [-48.061646, -15.916096]]]}, "properties": {}},
{"type": "Feature", "geometry": {"type": "Polygon", "coordinates": [[[-48.061879, -15.915983], [-48.061867, -15.916021], [-48.061906, -15.916033], [-48.061912, -15.916015], [-48.061952, -15.916027], [-48.061954, -15.916022], [-48.061962, -15.916024], [-48.061967, -15.91601], [-48.061995, -15.915918], [-48.061996, -15.915916], [-48.061996, -15.915915], [-48.061909, -15.915888], [-48.061908, -15.915892], [-48.061894, -15.915937], [-48.061879, -15.915983]]]}, "properties": {}},
{"type": "Feature", "geometry": {"type": "Polygon", "coordinates": [[[-48.063616, -15.915888], [-48.06361, -15.915887], [-48.063609, -15.915891], [-48.06367, -15.91591], [-48.06368, -15.915879], [-48.063712, -15.915786], [-48.063717, -15.915773], [-48.063688, -15.915764], [-48.06368, -15.915787], [-48.063652, -15.915778], [-48.063616, -15.915888]]]}, "properties": {}},
{"type": "Feature", "geometry": {"type": "Polygon", "coordinates": [[[-48.060922, -15.915783], [-48.060924, -15.915778], [-48.060967, -15.915792], [-48.060969, -15.915789], [-48.060989, -15.915795], [-48.060995, -15.915777], [-48.061012, -15.915782], [-48.061029, -15.91573], [-48.061032, -15.915719], [-48.060899, -15.915679], [-48.060896, -15.915678], [-48.060866, -15.915766], [-48.06087, -15.915767], [-48.060922, -15.915783]]]}, "properties": {}},
{"type": "Feature", "geometry": {"type": "Polygon", "coordinates": [[[-48.055837, -15.91575], [-48.055842, -15.915734], [-48.055859, -15.915684], [-48.055873, -15.915642], [-48.055819, -15.915625], [-48.055809, -15.915654], [-48.055783, -15.915733], [-48.055837, -15.91575]]]}, "properties": {}},
{"type": "Feature", "geometry": {"type": "Polygon", "coordinates": [[[-48.060217, -15.915474], [-48.060246, -15.91546], [-48.060264, -15.915495], [-48.060294, -15.915479], [-48.060288, -15.915467], [-48.060252, -15.9154], [-48.060217, -15.915416], [-48.060194, -15.915429], [-48.060217, -15.915474]]]}, "properties": {}},
{"type": "Feature", "geometry": {"type": "Polygon", "coordinates": [[[-48.055774, -15.915049], [-48.055801, -15.915057], [-48.055817, -15.915008], [-48.055747, -15.914987], [-48.055728, -15.914982], [-48.055676, -15.914966], [-48.055649, -15.915052], [-48.055762, -15.915086], [-48.055774, -15.915049]]]}, "properties": {}},
{"type": "Feature", "geometry": {"type": "Polygon", "coordinates": [[[-48.065061, -15.914942], [-48.065067, -15.914923], [-48.065082, -15.914874], [-48.065051, -15.914865], [-48.065056, -15.914849], [-48.065087, -15.914858], [-48.065094, -15.914838], [-48.065097, -15.914828], [-48.065009, -15.914801], [-48.064971, -15.914915], [-48.065061, -15.914942]]]}, "properties": {}},
{"type": "Feature", "geometry": {"type": "Polygon", "coordinates": [[[-48.061819, -15.914861], [-48.061805, -15.914909], [-48.061809, -15.91491], [-48.061875, -15.914928], [-48.061902, -15.914841], [-48.061828, -15.914821], [-48.061817, -15.91486], [-48.061819, -15.914861]]]}, "properties": {}},
{"type": "Feature", "geometry": {"type": "Polygon", "coordinates": [[[-48.065051, -15.913995], [-48.065119, -15.914015], [-48.065129, -15.913985], [-48.065038, -15.913958], [-48.065027, -15.913991], [-48.06505, -15.913998], [-48.065051, -15.913995]]]}, "properties": {}},
{"type": "Feature", "geometry": {"type": "Polygon", "coordinates": [[[-48.06495, -15.913931], [-48.065034, -15.913956], [-48.065065, -15.913854], [-48.064983, -15.91383], [-48.064975, -15.913854], [-48.064959, -15.913903], [-48.06495, -15.913931]]]}, "properties": {}},
{"type": "Feature", "geometry": {"type": "Polygon", "coordinates": [[[-48.061463, -15.913938], [-48.061492, -15.913854], [-48.061438, -15.913836], [-48.0614, -15.91395], [-48.061454, -15.913967], [-48.061455, -15.913963], [-48.061463, -15.913938]]]}, "properties": {}},
{"type": "Feature", "geometry": {"type": "Polygon", "coordinates": [[[-48.064299, -15.913843], [-48.064315, -15.913848], [-48.064334, -15.91379], [-48.064318, -15.913785], [-48.064267, -15.91377], [-48.064238, -15.913857], [-48.064289, -15.913872], [-48.064299, -15.913843]]]}, "properties": {}},
{"type": "Feature", "geometry": {"type": "Polygon", "coordinates": [[[-48.060718, -15.916235], [-48.060721, -15.916236], [-48.060738, -15.916182], [-48.060826, -15.916209], [-48.060829, -15.9162], [-48.060847, -15.916144], [-48.060848, -15.916139], [-48.060797, -15.916124], [-48.060758, -15.916112], [-48.060729, -15.916103], [-48.060723, -15.916102], [-48.060686, -15.916225], [-48.060689, -15.916227], [-48.060718, -15.916235]]]}, "properties": {}},
{"type": "Feature", "geometry": {"type": "Polygon", "coordinates": [[[-48.064084, -15.914093], [-48.064144, -15.914111], [-48.064154, -15.914113], [-48.064167, -15.914073], [-48.064177, -15.914043], [-48.06415, -15.914036], [-48.064165, -15.913987], [-48.064136, -15.913979], [-48.064135, -15.91398], [-48.064103, -15.913971], [-48.064091, -15.914009], [-48.064066, -15.914087], [-48.064084, -15.914093]]]}, "properties": {}},
{"type": "Feature", "geometry": {"type": "Polygon", "coordinates": [[[-48.059379, -15.91647], [-48.059398, -15.916476], [-48.05939, -15.9165], [-48.059417, -15.916509], [-48.059425, -15.916511], [-48.059461, -15.916522], [-48.059489, -15.916437], [-48.059355, -15.916394], [-48.059338, -15.916448], [-48.059382, -15.916461], [-48.059379, -15.91647]]]}, "properties": {}},
{"type": "Feature", "geometry": {"type": "Polygon", "coordinates": [[[-48.057549, -15.918413], [-48.057561, -15.918375], [-48.057622, -15.918393], [-48.057635, -15.918354], [-48.057545, -15.918327], [-48.05753, -15.918377], [-48.057521, -15.918404], [-48.057549, -15.918413]]]}, "properties": {}},
{"type": "Feature", "geometry": {"type": "Polygon", "coordinates": [[[-48.06033, -15.916832], [-48.060418, -15.916859], [-48.06044, -15.916792], [-48.060361, -15.916769], [-48.060363, -15.916762], [-48.060376, -15.916766], [-48.060382, -15.916745], [-48.060359, -15.916738], [-48.060332, -15.916821], [-48.060329, -15.916832], [-48.06033, -15.916832]]]}, "properties": {}},
{"type": "Feature", "geometry": {"type": "Polygon", "coordinates": [[[-48.063873, -15.91575], [-48.063852, -15.915814], [-48.063919, -15.915834], [-48.063968, -15.915685], [-48.063901, -15.915664], [-48.063879, -15.91573], [-48.063873, -15.91575]]]}, "properties": {}},
{"type": "Feature", "geometry": {"type": "Polygon", "coordinates": [[[-48.065192, -15.91778], [-48.065135, -15.917763], [-48.065126, -15.917791], [-48.065183, -15.917808], [-48.065192, -15.91778]]]}, "properties": {}},
{"type": "Feature", "geometry": {"type": "Polygon", "coordinates": [[[-48.059043, -15.915777], [-48.059051, -15.915751], [-48.059056, -15.915734], [-48.059072, -15.915685], [-48.059056, -15.91568], [-48.059052, -15.915692], [-48.059001, -15.915676], [-48.058999, -15.915683], [-48.058975, -15.915757], [-48.059043, -15.915777]]]}, "properties": {}},
{"type": "Feature", "geometry": {"type": "Polygon", "coordinates": [[[-48.062697, -15.916522], [-48.062681, -15.916517], [-48.062686, -15.916501], [-48.062612, -15.916479], [-48.062585, -15.916561], [-48.062675, -15.916589], [-48.062697, -15.916522]]]}, "properties": {}},
{"type": "Feature", "geometry": {"type": "Polygon", "coordinates": [[[-48.054663, -15.916924], [-48.05474, -15.916947], [-48.054752, -15.91691], [-48.054662, -15.916883], [-48.054619, -15.91687], [-48.05459, -15.916957], [-48.054647, -15.916974], [-48.054663, -15.916924]]]}, "properties": {}},
{"type": "Feature", "geometry": {"type": "Polygon", "coordinates": [[[-48.060834, -15.918897], [-48.060858, -15.918819], [-48.060805, -15.918803], [-48.060822, -15.918753], [-48.060787, -15.918742], [-48.060744, -15.91887], [-48.060834, -15.918897]]]}, "properties": {}},
{"type": "Feature", "geometry": {"type": "Polygon", "coordinates": [[[-48.058519, -15.918452], [-48.058512, -15.91845], [-48.058486, -15.918442], [-48.058397, -15.918415], [-48.058353, -15.918401], [-48.058325, -15.918487], [-48.058326, -15.918487], [-48.058484, -15.918537], [-48.058491, -15.918539], [-48.058519, -15.918452]]]}, "properties": {}},
{"type": "Feature", "geometry": {"type": "Polygon", "coordinates": [[[-48.060826, -15.916209], [-48.060813, -15.91625], [-48.060901, -15.916277], [-48.060916, -15.916232], [-48.060907, -15.916229], [-48.060924, -15.916177], [-48.060899, -15.916169], [-48.060903, -15.916156], [-48.060893, -15.916152], [-48.060848, -15.916139], [-48.060847, -15.916144], [-48.060829, -15.9162], [-48.060826, -15.916209]]]}, "properties": {}},
{"type": "Feature", "geometry": {"type": "Polygon", "coordinates": [[[-48.06027, -15.91653], [-48.060323, -15.916546], [-48.060327, -15.916535], [-48.060344, -15.916485], [-48.060352, -15.916461], [-48.060334, -15.916455], [-48.060329, -15.916454], [-48.060319, -15.916451], [-48.060309, -15.91648], [-48.060289, -15.916474], [-48.06027, -15.91653]]]}, "properties": {}},
{"type": "Feature", "geometry": {"type": "Polygon", "coordinates": [[[-48.063375, -15.916147], [-48.06336, -15.916143], [-48.063361, -15.916139], [-48.063314, -15.916125], [-48.063286, -15.916212], [-48.06335, -15.91623], [-48.063375, -15.916147]]]}, "properties": {}},
{"type": "Feature", "geometry": {"type": "Polygon", "coordinates": [[[-48.061828, -15.916436], [-48.061829, -15.916434], [-48.061838, -15.916406], [-48.06175, -15.916378], [-48.061739, -15.916409], [-48.06174, -15.91641], [-48.061828, -15.916436]]]}, "properties": {}},
{"type": "Feature", "geometry": {"type": "Polygon", "coordinates": [[[-48.062056, -15.919009], [-48.062077, -15.918949], [-48.0621, -15.918881], [-48.062009, -15.918854], [-48.061968, -15.918982], [-48.061969, -15.918982], [-48.062056, -15.919009]]]}, "properties": {}},
{"type": "Feature", "geometry": {"type": "Polygon", "coordinates": [[[-48.063099, -15.917889], [-48.063109, -15.917859], [-48.063185, -15.917882], [-48.063196, -15.917848], [-48.063158, -15.917837], [-48.063164, -15.91782], [-48.063192, -15.917828], [-48.063192, -15.917827], [-48.063202, -15.91783], [-48.063213, -15.917797], [-48.06308, -15.917757], [-48.063052, -15.917842], [-48.063043, -15.917872], [-48.063099, -15.917889]], [[-48.063111, -15.917819], [-48.063108, -15.917818], [-48.063112, -15.917804], [-48.063132, -15.91781], [-48.063127, -15.917827], [-48.063111, -15.917822], [-48.06311, -15.917822], [-48.063111, -15.917819]]]}, "properties": {}},
{"type": "Feature", "geometry": {"type": "Polygon", "coordinates": [[[-48.065157, -15.914846], [-48.065188, -15.914855], [-48.065214, -15.914776], [-48.065202, -15.914773], [-48.06521, -15.914746], [-48.065222, -15.91475], [-48.065233, -15.914717], [-48.065144, -15.914691], [-48.065141, -15.914699], [-48.065097, -15.914828], [-48.065157, -15.914846]]]}, "properties": {}},
{"type": "Feature", "geometry": {"type": "Polygon", "coordinates": [[[-48.060888, -15.919167], [-48.060847, -15.919155], [-48.060865, -15.919098], [-48.060821, -15.919085], [-48.060796, -15.919171], [-48.060879, -15.919196], [-48.060888, -15.919167]]]}, "properties": {}},
{"type": "Feature", "geometry": {"type": "Polygon", "coordinates": [[[-48.059285, -15.918429], [-48.059327, -15.918442], [-48.059346, -15.918384], [-48.059258, -15.918356], [-48.059239, -15.918415], [-48.059283, -15.918429], [-48.059285, -15.918429]]]}, "properties": {}},
{"type": "Feature", "geometry": {"type": "Polygon", "coordinates": [[[-48.057728, -15.917009], [-48.057641, -15.916983], [-48.05764, -15.916983], [-48.057629, -15.917017], [-48.057716, -15.917043], [-48.057728, -15.917009]]]}, "properties": {}},
{"type": "Feature", "geometry": {"type": "Polygon", "coordinates": [[[-48.058276, -15.917556], [-48.058329, -15.917572], [-48.058358, -15.917581], [-48.058385, -15.917493], [-48.058356, -15.917484], [-48.058287, -15.917463], [-48.058269, -15.917517], [-48.058323, -15.917533], [-48.058321, -15.917538], [-48.058262, -15.91752], [-48.058282, -15.917462], [-48.058223, -15.917444], [-48.058195, -15.917531], [-48.058196, -15.917531], [-48.058276, -15.917556]]]}, "properties": {}},
{"type": "Feature", "geometry": {"type": "Polygon", "coordinates": [[[-48.061764, -15.917693], [-48.061719, -15.91768], [-48.061673, -15.917666], [-48.061647, -15.917749], [-48.061735, -15.917776], [-48.061764, -15.917693]]]}, "properties": {}},
{"type": "Feature", "geometry": {"type": "Polygon", "coordinates": [[[-48.062158, -15.919151], [-48.062149, -15.919179], [-48.062192, -15.919192], [-48.062215, -15.919123], [-48.062181, -15.919113], [-48.06218, -15.919114], [-48.062167, -15.919154], [-48.062158, -15.919151]]]}, "properties": {}},
{"type": "Feature", "geometry": {"type": "Polygon", "coordinates": [[[-48.064657, -15.918105], [-48.064722, -15.918125], [-48.064734, -15.918087], [-48.064748, -15.918045], [-48.064632, -15.91801], [-48.064604, -15.918096], [-48.064655, -15.918112], [-48.064657, -15.918105]]]}, "properties": {}},
{"type": "Feature", "geometry": {"type": "Polygon", "coordinates": [[[-48.06225, -15.918719], [-48.062187, -15.9187], [-48.062168, -15.918758], [-48.062168, -15.918761], [-48.062255, -15.918786], [-48.062279, -15.918714], [-48.062254, -15.918706], [-48.06225, -15.918719]]]}, "properties": {}},
{"type": "Feature", "geometry": {"type": "Polygon", "coordinates": [[[-48.060911, -15.918567], [-48.060984, -15.918589], [-48.06099, -15.918568], [-48.061004, -15.918523], [-48.060914, -15.918496], [-48.060886, -15.918584], [-48.060904, -15.918589], [-48.060911, -15.918567]]]}, "properties": {}},
{"type": "Feature", "geometry": {"type": "Polygon", "coordinates": [[[-48.061324, -15.917347], [-48.061284, -15.917335], [-48.061277, -15.917355], [-48.061375, -15.917385], [-48.061391, -15.917334], [-48.061402, -15.917299], [-48.061316, -15.917274], [-48.061298, -15.917328], [-48.061327, -15.917337], [-48.061324, -15.917347]]]}, "properties": {}},
{"type": "Feature", "geometry": {"type": "Polygon", "coordinates": [[[-48.064713, -15.916073], [-48.064751, -15.915959], [-48.064684, -15.915939], [-48.064651, -15.916041], [-48.064647, -15.916053], [-48.064713, -15.916073]]]}, "properties": {}},
{"type": "Feature", "geometry": {"type": "Polygon", "coordinates": [[[-48.063968, -15.914574], [-48.063994, -15.914492], [-48.063907, -15.914465], [-48.06388, -15.914545], [-48.063879, -15.914548], [-48.063968, -15.914574]]]}, "properties": {}},
{"type": "Feature", "geometry": {"type": "Polygon", "coordinates": [[[-48.063186, -15.915615], [-48.063278, -15.915641], [-48.06332, -15.915654], [-48.063341, -15.915587], [-48.063247, -15.915559], [-48.06324, -15.91558], [-48.063216, -15.915573], [-48.063223, -15.915551], [-48.063215, -15.915549], [-48.063184, -15.91554], [-48.063181, -15.91555], [-48.063162, -15.915608], [-48.063186, -15.915615]]]}, "properties": {}},
{"type": "Feature", "geometry": {"type": "Polygon", "coordinates": [[[-48.055483, -15.914359], [-48.05552, -15.914314], [-48.055537, -15.914293], [-48.055482, -15.914249], [-48.05548, -15.91425], [-48.055428, -15.914317], [-48.055483, -15.914359]]]}, "properties": {}},
{"type": "Feature", "geometry": {"type": "Polygon", "coordinates": [[[-48.055015, -15.91647], [-48.055025, -15.916473], [-48.055048, -15.91648], [-48.055114, -15.9165], [-48.055174, -15.916518], [-48.055192, -15.916462], [-48.05517, -15.916456], [-48.05518, -15.916426], [-48.055108, -15.916405], [-48.055079, -15.916396], [-48.055071, -15.916393], [-48.055036, -15.916383], [-48.055035, -15.916384], [-48.055008, -15.916468], [-48.055015, -15.91647]]]}, "properties": {}},
{"type": "Feature", "geometry": {"type": "Polygon", "coordinates": [[[-48.063537, -15.915758], [-48.06354, -15.915759], [-48.063509, -15.915851], [-48.063509, -15.915852], [-48.063545, -15.915863], [-48.063564, -15.915803], [-48.063587, -15.915734], [-48.06352, -15.915714], [-48.063501, -15.915772], [-48.06353, -15.91578], [-48.063537, -15.915758]]]}, "properties": {}},
{"type": "Feature", "geometry": {"type": "Polygon", "coordinates": [[[-48.059676, -15.915577], [-48.059658, -15.915634], [-48.05973, -15.915656], [-48.059738, -15.915659], [-48.05976, -15.9156], [-48.059736, -15.915514], [-48.059706, -15.915519], [-48.059722, -15.915589], [-48.059676, -15.915577]]]}, "properties": {}},
{"type": "Feature", "geometry": {"type": "Polygon", "coordinates": [[[-48.060496, -15.916622], [-48.060495, -15.916625], [-48.060582, -15.916651], [-48.060592, -15.916621], [-48.060632, -15.916498], [-48.060545, -15.916472], [-48.060532, -15.916512], [-48.060504, -15.9166], [-48.060496, -15.916622]]]}, "properties": {}},
{"type": "Feature", "geometry": {"type": "Polygon", "coordinates": [[[-48.060677, -15.916368], [-48.060658, -15.916423], [-48.06064, -15.916475], [-48.060632, -15.916498], [-48.060722, -15.916524], [-48.060729, -15.916502], [-48.060764, -15.916397], [-48.060765, -15.916395], [-48.060765, -15.916394], [-48.06077, -15.916379], [-48.060771, -15.916375], [-48.060684, -15.916349], [-48.060683, -15.916351], [-48.060682, -15.916355], [-48.060677, -15.916368]]]}, "properties": {}},
{"type": "Feature", "geometry": {"type": "Polygon", "coordinates": [[[-48.059752, -15.917438], [-48.059744, -15.91746], [-48.059826, -15.917485], [-48.059838, -15.917447], [-48.059847, -15.91745], [-48.059866, -15.917391], [-48.059871, -15.917378], [-48.059809, -15.91736], [-48.059806, -15.917369], [-48.059777, -15.91736], [-48.059767, -15.91739], [-48.059752, -15.917438]]]}, "properties": {}},
{"type": "Feature", "geometry": {"type": "Polygon", "coordinates": [[[-48.054402, -15.91648], [-48.054389, -15.916519], [-48.054434, -15.916533], [-48.054435, -15.91653], [-48.054469, -15.916425], [-48.054403, -15.916405], [-48.054411, -15.916381], [-48.054388, -15.916374], [-48.054379, -15.916401], [-48.054358, -15.916466], [-48.054402, -15.91648]]]}, "properties": {}},
{"type": "Feature", "geometry": {"type": "Polygon", "coordinates": [[[-48.064937, -15.916287], [-48.064938, -15.916286], [-48.064949, -15.916251], [-48.064977, -15.916161], [-48.064967, -15.916158], [-48.064969, -15.91615], [-48.064948, -15.916144], [-48.064917, -15.916241], [-48.064905, -15.916277], [-48.064937, -15.916287]]]}, "properties": {}},
{"type": "Feature", "geometry": {"type": "Polygon", "coordinates": [[[-48.057975, -15.91628], [-48.058096, -15.916318], [-48.05811, -15.916274], [-48.058124, -15.916232], [-48.058084, -15.916219], [-48.058078, -15.916217], [-48.058038, -15.916205], [-48.058034, -15.916216], [-48.057999, -15.916206], [-48.057975, -15.91628]]]}, "properties": {}},
{"type": "Feature", "geometry": {"type": "Polygon", "coordinates": [[[-48.057689, -15.916224], [-48.05767, -15.916282], [-48.057671, -15.916283], [-48.057769, -15.916312], [-48.057822, -15.916329], [-48.057851, -15.916242], [-48.057732, -15.916206], [-48.0577, -15.916197], [-48.057698, -15.916196], [-48.057689, -15.916224]]]}, "properties": {}},
{"type": "Feature", "geometry": {"type": "Polygon", "coordinates": [[[-48.059575, -15.916236], [-48.059615, -15.916248], [-48.059606, -15.916275], [-48.059657, -15.916291], [-48.059683, -15.91621], [-48.059618, -15.91619], [-48.059583, -15.91618], [-48.059568, -15.916226], [-48.059577, -15.916229], [-48.059575, -15.916236]]]}, "properties": {}},
{"type": "Feature", "geometry": {"type": "Polygon", "coordinates": [[[-48.062173, -15.915978], [-48.062175, -15.915972], [-48.06213, -15.915958], [-48.062103, -15.916038], [-48.062149, -15.916052], [-48.062173, -15.915978]]]}, "properties": {}},
{"type": "Feature", "geometry": {"type": "Polygon", "coordinates": [[[-48.062059, -15.915653], [-48.062079, -15.915659], [-48.062109, -15.915567], [-48.062079, -15.915557], [-48.062091, -15.915521], [-48.062033, -15.915504], [-48.062017, -15.915555], [-48.061992, -15.915632], [-48.062059, -15.915653]]]}, "properties": {}},
{"type": "Feature", "geometry": {"type": "Polygon", "coordinates": [[[-48.058517, -15.915682], [-48.058557, -15.915693], [-48.058574, -15.915636], [-48.058579, -15.915619], [-48.05858, -15.915615], [-48.058601, -15.915543], [-48.058572, -15.915534], [-48.058556, -15.915529], [-48.058539, -15.915523], [-48.058536, -15.915522], [-48.058502, -15.915628], [-48.058531, -15.915636], [-48.058517, -15.915682]]]}, "properties": {}},
{"type": "Feature", "geometry": {"type": "Polygon", "coordinates": [[[-48.063802, -15.914724], [-48.063786, -15.914719], [-48.06379, -15.914709], [-48.06376, -15.9147], [-48.063728, -15.914791], [-48.063863, -15.914832], [-48.063893, -15.914741], [-48.063855, -15.914729], [-48.063834, -15.914793], [-48.063822, -15.914789], [-48.063843, -15.914725], [-48.063808, -15.914715], [-48.063805, -15.914714], [-48.063802, -15.914724]]]}, "properties": {}},
{"type": "Feature", "geometry": {"type": "Polygon", "coordinates": [[[-48.064646, -15.914741], [-48.064659, -15.914701], [-48.064627, -15.914692], [-48.064631, -15.914679], [-48.064663, -15.914689], [-48.064675, -15.914651], [-48.064542, -15.914612], [-48.064528, -15.914656], [-48.064513, -15.914701], [-48.064646, -15.914741]]]}, "properties": {}},
{"type": "Feature", "geometry": {"type": "Polygon", "coordinates": [[[-48.061278, -15.914053], [-48.061214, -15.914034], [-48.061145, -15.914013], [-48.061118, -15.914099], [-48.061249, -15.914138], [-48.061278, -15.914053]]]}, "properties": {}},
{"type": "Feature", "geometry": {"type": "Polygon", "coordinates": [[[-48.054551, -15.914094], [-48.054584, -15.914104], [-48.054597, -15.914063], [-48.054564, -15.914053], [-48.054576, -15.914016], [-48.054519, -15.913999], [-48.054477, -15.914129], [-48.054535, -15.914145], [-48.054551, -15.914094]]]}, "properties": {}},
{"type": "Feature", "geometry": {"type": "Polygon", "coordinates": [[[-48.064231, -15.914092], [-48.064258, -15.914005], [-48.064196, -15.913986], [-48.064167, -15.914073], [-48.064231, -15.914092]]]}, "properties": {}},
{"type": "Feature", "geometry": {"type": "Polygon", "coordinates": [[[-48.064059, -15.914085], [-48.064066, -15.914087], [-48.064091, -15.914009], [-48.064036, -15.913993], [-48.064052, -15.913943], [-48.064018, -15.913932], [-48.063976, -15.91406], [-48.064031, -15.914077], [-48.064059, -15.914085]]]}, "properties": {}},
{"type": "Feature", "geometry": {"type": "Polygon", "coordinates": [[[-48.063729, -15.913919], [-48.063709, -15.91398], [-48.063798, -15.914007], [-48.063841, -15.913878], [-48.063813, -15.91387], [-48.06381, -15.913881], [-48.063748, -15.913861], [-48.063745, -15.913871], [-48.063734, -15.913905], [-48.063729, -15.913919]]]}, "properties": {}},
{"type": "Feature", "geometry": {"type": "Polygon", "coordinates": [[[-48.05713, -15.919042], [-48.05714, -15.919045], [-48.057123, -15.919097], [-48.057203, -15.919122], [-48.057225, -15.919128], [-48.057253, -15.919042], [-48.057175, -15.919019], [-48.05713, -15.919006], [-48.057117, -15.919047], [-48.057127, -15.91905], [-48.05713, -15.919042]]]}, "properties": {}},
{"type": "Feature", "geometry": {"type": "Polygon", "coordinates": [[[-48.057357, -15.918392], [-48.057359, -15.918393], [-48.057364, -15.918375], [-48.057348, -15.91837], [-48.057353, -15.918353], [-48.057299, -15.918337], [-48.057282, -15.918388], [-48.057352, -15.91841], [-48.057357, -15.918392]]]}, "properties": {}},
{"type": "Feature", "geometry": {"type": "Polygon", "coordinates": [[[-48.054976, -15.917925], [-48.055004, -15.91784], [-48.054982, -15.917833], [-48.05498, -15.917838], [-48.054872, -15.917805], [-48.054847, -15.917883], [-48.054846, -15.917886], [-48.054976, -15.917925]]]}, "properties": {}},
{"type": "Feature", "geometry": {"type": "Polygon", "coordinates": [[[-48.058252, -15.917357], [-48.058133, -15.91732], [-48.058102, -15.917311], [-48.058073, -15.917399], [-48.058223, -15.917444], [-48.058252, -15.917357]], [[-48.058142, -15.917366], [-48.058135, -15.917387], [-48.058102, -15.917377], [-48.058109, -15.917356], [-48.058142, -15.917366]]]}, "properties": {}},
{"type": "Feature", "geometry": {"type": "Polygon", "coordinates": [[[-48.057249, -15.917213], [-48.057292, -15.917226], [-48.057303, -15.917229], [-48.057294, -15.917257], [-48.05735, -15.917274], [-48.057351, -15.91727], [-48.057378, -15.917187], [-48.057292, -15.917161], [-48.057227, -15.917142], [-48.057199, -15.917228], [-48.05724, -15.91724], [-48.057249, -15.917213]]]}, "properties": {}},
{"type": "Feature", "geometry": {"type": "Polygon", "coordinates": [[[-48.056942, -15.917007], [-48.056967, -15.91693], [-48.056929, -15.916918], [-48.056931, -15.91691], [-48.056884, -15.916896], [-48.056856, -15.916982], [-48.056872, -15.916987], [-48.056942, -15.917007]]]}, "properties": {}},
{"type": "Feature", "geometry": {"type": "Polygon", "coordinates": [[[-48.060728, -15.919244], [-48.060766, -15.919256], [-48.060779, -15.919216], [-48.060793, -15.91917], [-48.060659, -15.919128], [-48.060633, -15.91912], [-48.060605, -15.919207], [-48.060723, -15.919242], [-48.060728, -15.919244]]]}, "properties": {}},
{"type": "Feature", "geometry": {"type": "Polygon", "coordinates": [[[-48.057505, -15.919214], [-48.057518, -15.91917], [-48.057532, -15.919127], [-48.057478, -15.919111], [-48.05745, -15.919198], [-48.057457, -15.9192], [-48.057505, -15.919214]]]}, "properties": {}},
{"type": "Feature", "geometry": {"type": "Polygon", "coordinates": [[[-48.064638, -15.919022], [-48.06464, -15.919018], [-48.064638, -15.919018], [-48.064648, -15.918992], [-48.064647, -15.918992], [-48.064667, -15.918943], [-48.064662, -15.918942], [-48.064609, -15.918925], [-48.064607, -15.918931], [-48.064586, -15.918997], [-48.064638, -15.919022]]]}, "properties": {}},
{"type": "Feature", "geometry": {"type": "Polygon", "coordinates": [[[-48.06179, -15.91902], [-48.061799, -15.91899], [-48.061862, -15.919009], [-48.061879, -15.918956], [-48.061788, -15.918928], [-48.061774, -15.91897], [-48.061761, -15.919011], [-48.06179, -15.91902]]]}, "properties": {}},
{"type": "Feature", "geometry": {"type": "Polygon", "coordinates": [[[-48.060058, -15.919048], [-48.060043, -15.919043], [-48.060031, -15.919081], [-48.060118, -15.919108], [-48.060156, -15.91899], [-48.06016, -15.918978], [-48.060073, -15.918951], [-48.060046, -15.919036], [-48.06006, -15.91904], [-48.060058, -15.919048]]]}, "properties": {}},
{"type": "Feature", "geometry": {"type": "Polygon", "coordinates": [[[-48.058786, -15.918852], [-48.058784, -15.918858], [-48.058757, -15.91885], [-48.058755, -15.918856], [-48.058746, -15.91888], [-48.058836, -15.918908], [-48.058851, -15.918861], [-48.058838, -15.918856], [-48.058832, -15.918873], [-48.058806, -15.918865], [-48.058809, -15.918858], [-48.058816, -15.91886], [-48.058829, -15.918821], [-48.058803, -15.918812], [-48.058817, -15.918771], [-48.058787, -15.918761], [-48.058778, -15.918787], [-48.058759, -15.918844], [-48.058786, -15.918852]]]}, "properties": {}},
{"type": "Feature", "geometry": {"type": "Polygon", "coordinates": [[[-48.060437, -15.918733], [-48.060441, -15.918718], [-48.060409, -15.918708], [-48.06041, -15.918707], [-48.060395, -15.918702], [-48.060394, -15.918704], [-48.060352, -15.918691], [-48.060334, -15.918747], [-48.060423, -15.918775], [-48.060437, -15.918733]]]}, "properties": {}},
{"type": "Feature", "geometry": {"type": "Polygon", "coordinates": [[[-48.059027, -15.918728], [-48.05904, -15.918732], [-48.059172, -15.918772], [-48.0592, -15.918686], [-48.059056, -15.918643], [-48.059053, -15.918642], [-48.059052, -15.918641], [-48.059049, -15.918641], [-48.059022, -15.918726], [-48.059026, -15.918728], [-48.059027, -15.918728]]]}, "properties": {}},
{"type": "Feature", "geometry": {"type": "Polygon", "coordinates": [[[-48.058325, -15.918487], [-48.058266, -15.918469], [-48.058263, -15.918468], [-48.058238, -15.918548], [-48.058299, -15.918566], [-48.058325, -15.918487]]]}, "properties": {}},
{"type": "Feature", "geometry": {"type": "Polygon", "coordinates": [[[-48.06248, -15.918245], [-48.062375, -15.918212], [-48.062348, -15.918293], [-48.062455, -15.918325], [-48.06248, -15.918245]]]}, "properties": {}},
{"type": "Feature", "geometry": {"type": "Polygon", "coordinates": [[[-48.058817, -15.918069], [-48.058854, -15.91808], [-48.058873, -15.918086], [-48.058948, -15.918108], [-48.058956, -15.918084], [-48.058931, -15.918076], [-48.058952, -15.918015], [-48.058825, -15.917976], [-48.058796, -15.917967], [-48.058768, -15.918054], [-48.058816, -15.918069], [-48.058817, -15.918069]]]}, "properties": {}},
{"type": "Feature", "geometry": {"type": "Polygon", "coordinates": [[[-48.063793, -15.917885], [-48.063858, -15.917904], [-48.063868, -15.917872], [-48.063784, -15.917846], [-48.06377, -15.917888], [-48.06379, -15.917894], [-48.063793, -15.917885]]]}, "properties": {}},
{"type": "Feature", "geometry": {"type": "Polygon", "coordinates": [[[-48.060885, -15.917554], [-48.060879, -15.917552], [-48.060874, -15.917566], [-48.060868, -15.917584], [-48.060866, -15.917589], [-48.061019, -15.917637], [-48.061056, -15.917526], [-48.061036, -15.91752], [-48.060932, -15.917489], [-48.060929, -15.917498], [-48.060905, -15.917491], [-48.060885, -15.917554]]]}, "properties": {}},
{"type": "Feature", "geometry": {"type": "Polygon", "coordinates": [[[-48.057968, -15.91795], [-48.057973, -15.917936], [-48.05792, -15.91792], [-48.057919, -15.917919], [-48.057905, -15.917915], [-48.057877, -15.918002], [-48.057894, -15.918007], [-48.058013, -15.918043], [-48.058029, -15.918048], [-48.058047, -15.917994], [-48.058057, -15.917961], [-48.058056, -15.917961], [-48.058041, -15.917956], [-48.058023, -15.917951], [-48.057981, -15.917938], [-48.057977, -15.917953], [-48.057968, -15.91795]]]}, "properties": {}},
{"type": "Feature", "geometry": {"type": "Polygon", "coordinates": [[[-48.064904, -15.918621], [-48.064926, -15.918628], [-48.064955, -15.918539], [-48.064886, -15.918518], [-48.064844, -15.918652], [-48.06489, -15.918665], [-48.064904, -15.918621]]]}, "properties": {}},
{"type": "Feature", "geometry": {"type": "Polygon", "coordinates": [[[-48.062363, -15.918609], [-48.062396, -15.918619], [-48.062405, -15.918594], [-48.062371, -15.918583], [-48.062364, -15.918603], [-48.062363, -15.918609]]]}, "properties": {}},
{"type": "Feature", "geometry": {"type": "Polygon", "coordinates": [[[-48.059862, -15.916643], [-48.059894, -15.916652], [-48.059902, -15.916629], [-48.05991, -15.916632], [-48.059906, -15.916646], [-48.059934, -15.916655], [-48.059931, -15.916663], [-48.059943, -15.916667], [-48.059974, -15.916676], [-48.059979, -15.916664], [-48.059986, -15.916643], [-48.06, -15.916647], [-48.059999, -15.916651], [-48.060026, -15.91666], [-48.060042, -15.916607], [-48.060015, -15.916599], [-48.060013, -15.916605], [-48.059998, -15.9166], [-48.060001, -15.916591], [-48.05989, -15.91656], [-48.059881, -15.916588], [-48.059867, -15.916629], [-48.059862, -15.916643]]]}, "properties": {}},
{"type": "Feature", "geometry": {"type": "Polygon", "coordinates": [[[-48.062112, -15.914229], [-48.062096, -15.914277], [-48.062127, -15.914287], [-48.06212, -15.914308], [-48.062148, -15.914317], [-48.062149, -15.914317], [-48.062193, -15.914174], [-48.062133, -15.914155], [-48.062132, -15.914157], [-48.062123, -15.914165], [-48.062119, -15.914176], [-48.062103, -15.914226], [-48.062112, -15.914229]]]}, "properties": {}},
{"type": "Feature", "geometry": {"type": "Polygon", "coordinates": [[[-48.063207, -15.919022], [-48.063234, -15.918941], [-48.063146, -15.918914], [-48.063132, -15.918957], [-48.063119, -15.918996], [-48.063206, -15.919022], [-48.063207, -15.919022]]]}, "properties": {}},
{"type": "Feature", "geometry": {"type": "Polygon", "coordinates": [[[-48.055301, -15.917173], [-48.055362, -15.917192], [-48.055386, -15.917199], [-48.055408, -15.917133], [-48.05536, -15.917119], [-48.055321, -15.917107], [-48.055284, -15.917097], [-48.055258, -15.917089], [-48.055237, -15.917153], [-48.055301, -15.917173]]]}, "properties": {}},
{"type": "Feature", "geometry": {"type": "Polygon", "coordinates": [[[-48.062009, -15.916948], [-48.062011, -15.916948], [-48.062012, -15.916943], [-48.062021, -15.916946], [-48.062028, -15.916922], [-48.062015, -15.916918], [-48.061971, -15.916905], [-48.061969, -15.916904], [-48.061954, -15.916951], [-48.062003, -15.916965], [-48.062009, -15.916948]]]}, "properties": {}},
{"type": "Feature", "geometry": {"type": "Polygon", "coordinates": [[[-48.054992, -15.917553], [-48.054988, -15.917551], [-48.054983, -15.91755], [-48.0549, -15.917524], [-48.054897, -15.917523], [-48.054856, -15.917646], [-48.054847, -15.917672], [-48.054941, -15.917699], [-48.054949, -15.917674], [-48.054952, -15.917675], [-48.054992, -15.917553]]]}, "properties": {}},
{"type": "Feature", "geometry": {"type": "Polygon", "coordinates": [[[-48.063026, -15.917733], [-48.062992, -15.917723], [-48.062962, -15.917815], [-48.062996, -15.917826], [-48.063026, -15.917733]]]}, "properties": {}},
{"type": "Feature", "geometry": {"type": "Polygon", "coordinates": [[[-48.054508, -15.917905], [-48.054491, -15.917959], [-48.054526, -15.917969], [-48.054566, -15.917848], [-48.054476, -15.91782], [-48.054459, -15.917875], [-48.054454, -15.917889], [-48.054508, -15.917905]]]}, "properties": {}},
{"type": "Feature", "geometry": {"type": "Polygon", "coordinates": [[[-48.06092, -15.916066], [-48.060952, -15.916076], [-48.060998, -15.91609], [-48.061027, -15.916003], [-48.061013, -15.915998], [-48.060949, -15.915978], [-48.060938, -15.916013], [-48.06092, -15.916065], [-48.06092, -15.916066]]]}, "properties": {}},
{"type": "Feature", "geometry": {"type": "Polygon", "coordinates": [[[-48.059611, -15.918867], [-48.059627, -15.918816], [-48.059577, -15.918801], [-48.059549, -15.918889], [-48.059599, -15.918904], [-48.059611, -15.918867]]]}, "properties": {}},
{"type": "Feature", "geometry": {"type": "Polygon", "coordinates": [[[-48.062654, -15.918161], [-48.062683, -15.91817], [-48.062702, -15.918114], [-48.062698, -15.918113], [-48.062672, -15.918105], [-48.062614, -15.918088], [-48.062595, -15.918145], [-48.062654, -15.918163], [-48.062654, -15.918161]]]}, "properties": {}},
{"type": "Feature", "geometry": {"type": "Polygon", "coordinates": [[[-48.063453, -15.915694], [-48.063481, -15.915702], [-48.063484, -15.915694], [-48.063495, -15.915698], [-48.063492, -15.915705], [-48.06352, -15.915714], [-48.063545, -15.915636], [-48.063477, -15.915618], [-48.063475, -15.915627], [-48.063468, -15.915649], [-48.063453, -15.915694]]]}, "properties": {}},
{"type": "Feature", "geometry": {"type": "Polygon", "coordinates": [[[-48.063009, -15.916466], [-48.06309, -15.916491], [-48.063112, -15.916423], [-48.06312, -15.916425], [-48.063129, -15.916399], [-48.063136, -15.916375], [-48.063047, -15.916348], [-48.06304, -15.91637], [-48.063022, -15.916427], [-48.063009, -15.916466]]]}, "properties": {}},
{"type": "Feature", "geometry": {"type": "Polygon", "coordinates": [[[-48.059911, -15.91628], [-48.059929, -15.916285], [-48.059972, -15.916155], [-48.059971, -15.916155], [-48.059883, -15.916128], [-48.059842, -15.916259], [-48.059911, -15.91628]]]}, "properties": {}},
{"type": "Feature", "geometry": {"type": "Polygon", "coordinates": [[[-48.063475, -15.916067], [-48.06349, -15.916072], [-48.063519, -15.916083], [-48.063538, -15.916091], [-48.063576, -15.915994], [-48.063578, -15.915991], [-48.063578, -15.915988], [-48.063581, -15.915979], [-48.063548, -15.915969], [-48.063547, -15.915972], [-48.063513, -15.915962], [-48.063511, -15.915967], [-48.063499, -15.916002], [-48.063475, -15.916067]]]}, "properties": {}},
{"type": "Feature", "geometry": {"type": "Polygon", "coordinates": [[[-48.054735, -15.91621], [-48.054747, -15.916173], [-48.054741, -15.916171], [-48.054767, -15.916087], [-48.054683, -15.916063], [-48.05465, -15.916164], [-48.054644, -15.916182], [-48.054735, -15.91621]]]}, "properties": {}},
{"type": "Feature", "geometry": {"type": "Polygon", "coordinates": [[[-48.060027, -15.915993], [-48.060039, -15.915956], [-48.060035, -15.915954], [-48.060036, -15.915952], [-48.060076, -15.915964], [-48.060094, -15.915909], [-48.060044, -15.915894], [-48.060029, -15.915889], [-48.060028, -15.915888], [-48.06002, -15.915913], [-48.059997, -15.915983], [-48.060027, -15.915993]]]}, "properties": {}},
{"type": "Feature", "geometry": {"type": "Polygon", "coordinates": [[[-48.060663, -15.915892], [-48.060549, -15.915857], [-48.060532, -15.915911], [-48.060645, -15.915946], [-48.060663, -15.915892]]]}, "properties": {}},
{"type": "Feature", "geometry": {"type": "Polygon", "coordinates": [[[-48.059202, -15.915895], [-48.05934, -15.915936], [-48.059364, -15.915859], [-48.059328, -15.915848], [-48.059241, -15.91582], [-48.059182, -15.915802], [-48.05918, -15.915807], [-48.059156, -15.915882], [-48.059202, -15.915895]]]}, "properties": {}},
{"type": "Feature", "geometry": {"type": "Polygon", "coordinates": [[[-48.061534, -15.915837], [-48.061509, -15.915912], [-48.06155, -15.915925], [-48.061598, -15.915939], [-48.061613, -15.915895], [-48.061621, -15.91587], [-48.06164, -15.915811], [-48.061641, -15.915809], [-48.061638, -15.915808], [-48.061551, -15.915783], [-48.061534, -15.915837]]]}, "properties": {}},
{"type": "Feature", "geometry": {"type": "Polygon", "coordinates": [[[-48.060569, -15.915855], [-48.060602, -15.915865], [-48.060611, -15.915839], [-48.060673, -15.915858], [-48.060691, -15.915806], [-48.060648, -15.915793], [-48.060577, -15.915771], [-48.060568, -15.915799], [-48.060585, -15.915805], [-48.060569, -15.915855]]]}, "properties": {}},
{"type": "Feature", "geometry": {"type": "Polygon", "coordinates": [[[-48.061112, -15.915839], [-48.06114, -15.915847], [-48.061158, -15.915852], [-48.061162, -15.915853], [-48.06119, -15.915767], [-48.061186, -15.915766], [-48.061168, -15.915761], [-48.061125, -15.915747], [-48.061123, -15.915753], [-48.061047, -15.91573], [-48.061046, -15.915735], [-48.061029, -15.91573], [-48.061012, -15.915782], [-48.061004, -15.915807], [-48.061112, -15.915839]]]}, "properties": {}},
{"type": "Feature", "geometry": {"type": "Polygon", "coordinates": [[[-48.060465, -15.915737], [-48.060576, -15.915771], [-48.060577, -15.915771], [-48.060586, -15.915739], [-48.060603, -15.915685], [-48.060562, -15.915672], [-48.060559, -15.915671], [-48.060491, -15.915651], [-48.06048, -15.915687], [-48.060481, -15.915687], [-48.060465, -15.915737]]]}, "properties": {}},
{"type": "Feature", "geometry": {"type": "Polygon", "coordinates": [[[-48.064421, -15.915135], [-48.064492, -15.915157], [-48.064493, -15.915153], [-48.064533, -15.915033], [-48.064464, -15.915011], [-48.064446, -15.915063], [-48.064433, -15.915103], [-48.064421, -15.915135]]]}, "properties": {}},
{"type": "Feature", "geometry": {"type": "Polygon", "coordinates": [[[-48.064666, -15.915073], [-48.064666, -15.915071], [-48.064672, -15.915052], [-48.064663, -15.91505], [-48.064691, -15.914968], [-48.064632, -15.914951], [-48.064626, -15.914972], [-48.0646, -15.915052], [-48.064666, -15.915073]]]}, "properties": {}},
{"type": "Feature", "geometry": {"type": "Polygon", "coordinates": [[[-48.063822, -15.914953], [-48.063957, -15.914994], [-48.063968, -15.91496], [-48.063998, -15.914872], [-48.063863, -15.914832], [-48.063846, -15.914883], [-48.063822, -15.914953]]]}, "properties": {}},
{"type": "Feature", "geometry": {"type": "Polygon", "coordinates": [[[-48.063922, -15.914418], [-48.063911, -15.914415], [-48.063913, -15.914407], [-48.063866, -15.914393], [-48.063867, -15.914389], [-48.063835, -15.914379], [-48.063816, -15.914438], [-48.063907, -15.914465], [-48.063922, -15.914418]]]}, "properties": {}},
{"type": "Feature", "geometry": {"type": "Polygon", "coordinates": [[[-48.064539, -15.918544], [-48.06445, -15.918514], [-48.064434, -15.918566], [-48.064523, -15.918594], [-48.064539, -15.918544]]]}, "properties": {}},
{"type": "Feature", "geometry": {"type": "Polygon", "coordinates": [[[-48.055402, -15.916991], [-48.05545, -15.917006], [-48.055471, -15.916941], [-48.05543, -15.916929], [-48.055425, -15.916927], [-48.055423, -15.916934], [-48.055393, -15.916925], [-48.055395, -15.916918], [-48.055322, -15.916895], [-48.055318, -15.916894], [-48.055315, -15.916893], [-48.055295, -15.916957], [-48.055301, -15.916959], [-48.055402, -15.916991]]]}, "properties": {}},
{"type": "Feature", "geometry": {"type": "Polygon", "coordinates": [[[-48.058401, -15.918104], [-48.058441, -15.917983], [-48.058352, -15.917956], [-48.058349, -15.917955], [-48.058333, -15.918006], [-48.05831, -15.918077], [-48.058401, -15.918104]]]}, "properties": {}},
{"type": "Feature", "geometry": {"type": "Polygon", "coordinates": [[[-48.054475, -15.919087], [-48.054486, -15.919091], [-48.054508, -15.919097], [-48.05453, -15.91903], [-48.054508, -15.919023], [-48.054374, -15.918984], [-48.054352, -15.919049], [-48.054377, -15.919057], [-48.054475, -15.919087]]]}, "properties": {}},
{"type": "Feature", "geometry": {"type": "Polygon", "coordinates": [[[-48.057635, -15.918354], [-48.057723, -15.918381], [-48.05774, -15.918329], [-48.057746, -15.918309], [-48.057732, -15.918304], [-48.057735, -15.918294], [-48.057704, -15.918285], [-48.057716, -15.918245], [-48.057673, -15.918233], [-48.05766, -15.918273], [-48.057644, -15.918324], [-48.057635, -15.918354]]]}, "properties": {}},
{"type": "Feature", "geometry": {"type": "Polygon", "coordinates": [[[-48.057894, -15.918007], [-48.057882, -15.918045], [-48.057889, -15.918047], [-48.057872, -15.918095], [-48.057867, -15.918094], [-48.057853, -15.918137], [-48.05794, -15.918163], [-48.057944, -15.918164], [-48.057986, -15.918035], [-48.057894, -15.918007]]]}, "properties": {}},
{"type": "Feature", "geometry": {"type": "Polygon", "coordinates": [[[-48.054779, -15.917962], [-48.054777, -15.917962], [-48.05477, -15.917959], [-48.054767, -15.917968], [-48.054753, -15.917964], [-48.054756, -15.917953], [-48.054729, -15.917945], [-48.054728, -15.917949], [-48.054733, -15.917951], [-48.05471, -15.918024], [-48.054704, -15.918023], [-48.054702, -15.918031], [-48.054695, -15.918051], [-48.054694, -15.918054], [-48.054783, -15.918082], [-48.054784, -15.918079], [-48.054791, -15.918059], [-48.054819, -15.917971], [-48.054832, -15.917929], [-48.054743, -15.917902], [-48.054734, -15.917931], [-48.054784, -15.917946], [-48.054779, -15.917962]]]}, "properties": {}},
{"type": "Feature", "geometry": {"type": "Polygon", "coordinates": [[[-48.058618, -15.917753], [-48.058702, -15.917779], [-48.058704, -15.91778], [-48.058747, -15.917793], [-48.058775, -15.917707], [-48.058765, -15.917704], [-48.058731, -15.917693], [-48.058723, -15.917691], [-48.058627, -15.917662], [-48.058597, -15.917653], [-48.058596, -15.917653], [-48.058568, -15.917738], [-48.05857, -15.917738], [-48.058618, -15.917753]]]}, "properties": {}},
{"type": "Feature", "geometry": {"type": "Polygon", "coordinates": [[[-48.05651, -15.917695], [-48.056532, -15.917628], [-48.056369, -15.91758], [-48.056348, -15.917643], [-48.056501, -15.917692], [-48.05651, -15.917695]]]}, "properties": {}},
{"type": "Feature", "geometry": {"type": "Polygon", "coordinates": [[[-48.055169, -15.917346], [-48.055173, -15.917348], [-48.055324, -15.917391], [-48.055344, -15.917328], [-48.055195, -15.917282], [-48.05519, -15.91728], [-48.055188, -15.91728], [-48.055166, -15.917346], [-48.055169, -15.917346]]]}, "properties": {}},
{"type": "Feature", "geometry": {"type": "Polygon", "coordinates": [[[-48.056505, -15.917194], [-48.056574, -15.917216], [-48.056593, -15.917158], [-48.056514, -15.917134], [-48.056505, -15.917164], [-48.056496, -15.917191], [-48.056505, -15.917194]]]}, "properties": {}},
{"type": "Feature", "geometry": {"type": "Polygon", "coordinates": [[[-48.057715, -15.917048], [-48.057628, -15.917021], [-48.057602, -15.917103], [-48.057688, -15.917129], [-48.057715, -15.917048]]]}, "properties": {}},
{"type": "Feature", "geometry": {"type": "Polygon", "coordinates": [[[-48.059771, -15.916901], [-48.059778, -15.916903], [-48.059807, -15.916815], [-48.059796, -15.916812], [-48.059644, -15.916768], [-48.059617, -15.916855], [-48.059643, -15.916863], [-48.059771, -15.916901]]]}, "properties": {}},
{"type": "Feature", "geometry": {"type": "Polygon", "coordinates": [[[-48.059314, -15.916832], [-48.059308, -15.916831], [-48.059301, -15.916852], [-48.05935, -15.916867], [-48.059377, -15.916781], [-48.059341, -15.91677], [-48.059324, -15.916824], [-48.059317, -15.916822], [-48.059314, -15.916832]]]}, "properties": {}},
{"type": "Feature", "geometry": {"type": "Polygon", "coordinates": [[[-48.059611, -15.919011], [-48.059568, -15.918999], [-48.059544, -15.919076], [-48.059586, -15.919088], [-48.059611, -15.919011]]]}, "properties": {}},
{"type": "Feature", "geometry": {"type": "Polygon", "coordinates": [[[-48.059632, -15.919102], [-48.059626, -15.919118], [-48.059629, -15.919119], [-48.059627, -15.919124], [-48.059715, -15.919151], [-48.059723, -15.91913], [-48.059722, -15.919129], [-48.059726, -15.919116], [-48.059764, -15.919], [-48.059675, -15.918973], [-48.059659, -15.91902], [-48.059657, -15.919025], [-48.059632, -15.919102]]]}, "properties": {}},
{"type": "Feature", "geometry": {"type": "Polygon", "coordinates": [[[-48.064176, -15.918881], [-48.064097, -15.918857], [-48.064099, -15.918849], [-48.064074, -15.918841], [-48.064035, -15.91883], [-48.064013, -15.918893], [-48.064158, -15.918937], [-48.064176, -15.918881]]]}, "properties": {}},
{"type": "Feature", "geometry": {"type": "Polygon", "coordinates": [[[-48.059675, -15.918973], [-48.059764, -15.919], [-48.059785, -15.918936], [-48.059813, -15.918848], [-48.059725, -15.918821], [-48.059718, -15.918844], [-48.059701, -15.918894], [-48.059675, -15.918973]]]}, "properties": {}},
{"type": "Feature", "geometry": {"type": "Polygon", "coordinates": [[[-48.063675, -15.918785], [-48.063673, -15.918792], [-48.063666, -15.918814], [-48.063755, -15.918841], [-48.063763, -15.918817], [-48.063771, -15.91879], [-48.06379, -15.918731], [-48.063804, -15.918689], [-48.063716, -15.918663], [-48.063699, -15.918714], [-48.063696, -15.918724], [-48.063675, -15.918785]]]}, "properties": {}},
{"type": "Feature", "geometry": {"type": "Polygon", "coordinates": [[[-48.062889, -15.918765], [-48.062887, -15.918764], [-48.062894, -15.918742], [-48.062772, -15.918704], [-48.062746, -15.918784], [-48.06287, -15.918822], [-48.062889, -15.918765]]]}, "properties": {}},
{"type": "Feature", "geometry": {"type": "Polygon", "coordinates": [[[-48.059046, -15.91883], [-48.059143, -15.918859], [-48.059161, -15.918804], [-48.059172, -15.918772], [-48.05904, -15.918732], [-48.059025, -15.918777], [-48.059059, -15.918788], [-48.059046, -15.91883]]]}, "properties": {}},
{"type": "Feature", "geometry": {"type": "Polygon", "coordinates": [[[-48.063539, -15.91869], [-48.063538, -15.918693], [-48.063558, -15.918699], [-48.063601, -15.918712], [-48.063626, -15.918636], [-48.063535, -15.918609], [-48.063518, -15.918662], [-48.063546, -15.918671], [-48.063539, -15.91869]]]}, "properties": {}},
{"type": "Feature", "geometry": {"type": "Polygon", "coordinates": [[[-48.059805, -15.918667], [-48.059791, -15.918709], [-48.059841, -15.918724], [-48.05986, -15.918664], [-48.059871, -15.918667], [-48.059889, -15.918611], [-48.059799, -15.918584], [-48.059792, -15.918605], [-48.059775, -15.918658], [-48.059805, -15.918667]]]}, "properties": {}},
{"type": "Feature", "geometry": {"type": "Polygon", "coordinates": [[[-48.060375, -15.918437], [-48.060357, -15.918432], [-48.060346, -15.918467], [-48.060426, -15.918491], [-48.060439, -15.918454], [-48.060455, -15.918404], [-48.06041, -15.918391], [-48.060408, -15.918398], [-48.060389, -15.918392], [-48.060375, -15.918437]]]}, "properties": {}},
{"type": "Feature", "geometry": {"type": "Polygon", "coordinates": [[[-48.06433, -15.91818], [-48.064402, -15.918202], [-48.064403, -15.9182], [-48.064424, -15.918136], [-48.064383, -15.918124], [-48.06429, -15.918097], [-48.064262, -15.918182], [-48.064323, -15.918201], [-48.06433, -15.91818]]]}, "properties": {}},
{"type": "Feature", "geometry": {"type": "Polygon", "coordinates": [[[-48.059701, -15.918045], [-48.059712, -15.918048], [-48.059698, -15.918091], [-48.059688, -15.918087], [-48.059686, -15.918094], [-48.059677, -15.918121], [-48.059678, -15.918121], [-48.059712, -15.918132], [-48.05972, -15.918108], [-48.059772, -15.918123], [-48.059812, -15.917999], [-48.059724, -15.917973], [-48.059715, -15.918001], [-48.059702, -15.918043], [-48.059701, -15.918045]]]}, "properties": {}},
{"type": "Feature", "geometry": {"type": "Polygon", "coordinates": [[[-48.060335, -15.917423], [-48.06038, -15.917437], [-48.06038, -15.917436], [-48.060386, -15.917418], [-48.060428, -15.91743], [-48.06047, -15.917302], [-48.060383, -15.917275], [-48.060341, -15.917403], [-48.060335, -15.917422], [-48.060335, -15.917423]]]}, "properties": {}},
{"type": "Feature", "geometry": {"type": "Polygon", "coordinates": [[[-48.06047, -15.917302], [-48.06056, -15.917329], [-48.060579, -15.917268], [-48.060601, -15.9172], [-48.060608, -15.917178], [-48.06061, -15.917172], [-48.060522, -15.917145], [-48.060517, -15.917159], [-48.060508, -15.917186], [-48.06047, -15.917302]]]}, "properties": {}},
{"type": "Feature", "geometry": {"type": "Polygon", "coordinates": [[[-48.060733, -15.917096], [-48.060731, -15.9171], [-48.060772, -15.917113], [-48.060773, -15.917109], [-48.060785, -15.917073], [-48.060832, -15.917088], [-48.060863, -15.916995], [-48.060812, -15.916979], [-48.060806, -15.917], [-48.060767, -15.916989], [-48.060733, -15.917096]]]}, "properties": {}},
{"type": "Feature", "geometry": {"type": "Polygon", "coordinates": [[[-48.061372, -15.91875], [-48.061332, -15.918739], [-48.061327, -15.918737], [-48.0613, -15.918824], [-48.061344, -15.918837], [-48.061372, -15.91875]]]}, "properties": {}},
{"type": "Feature", "geometry": {"type": "Polygon", "coordinates": [[[-48.062303, -15.915171], [-48.062319, -15.915176], [-48.062317, -15.915183], [-48.062313, -15.915198], [-48.062317, -15.915199], [-48.062299, -15.915258], [-48.062351, -15.915274], [-48.06239, -15.915153], [-48.062315, -15.915131], [-48.062315, -15.915132], [-48.062303, -15.915171]]]}, "properties": {}},
{"type": "Feature", "geometry": {"type": "Polygon", "coordinates": [[[-48.059122, -15.918884], [-48.059134, -15.918888], [-48.059143, -15.918859], [-48.059046, -15.91883], [-48.058999, -15.918815], [-48.058998, -15.918815], [-48.058971, -15.9189], [-48.058985, -15.918905], [-48.059022, -15.918916], [-48.059116, -15.918945], [-48.059124, -15.918919], [-48.059112, -15.918915], [-48.059122, -15.918884]]]}, "properties": {}},
{"type": "Feature", "geometry": {"type": "Polygon", "coordinates": [[[-48.060437, -15.918733], [-48.06049, -15.918748], [-48.060492, -15.918748], [-48.060571, -15.91877], [-48.060578, -15.918772], [-48.060606, -15.918688], [-48.060604, -15.918687], [-48.060517, -15.918661], [-48.060465, -15.918645], [-48.060462, -15.918654], [-48.060441, -15.918718], [-48.060437, -15.918733]]]}, "properties": {}},
{"type": "Feature", "geometry": {"type": "Polygon", "coordinates": [[[-48.063001, -15.91882], [-48.063026, -15.918828], [-48.063122, -15.918858], [-48.063126, -15.918845], [-48.063137, -15.918848], [-48.063132, -15.918861], [-48.06316, -15.91887], [-48.063188, -15.918786], [-48.063196, -15.91876], [-48.06305, -15.918715], [-48.063034, -15.91872], [-48.063001, -15.91882]]]}, "properties": {}},
{"type": "Feature", "geometry": {"type": "Polygon", "coordinates": [[[-48.05765, -15.918869], [-48.057663, -15.918873], [-48.057684, -15.918806], [-48.057688, -15.918796], [-48.057598, -15.918769], [-48.057556, -15.918898], [-48.057549, -15.918919], [-48.05764, -15.918946], [-48.057646, -15.918925], [-48.05766, -15.918883], [-48.057646, -15.918879], [-48.05765, -15.918869]]]}, "properties": {}},
{"type": "Feature", "geometry": {"type": "Polygon", "coordinates": [[[-48.057918, -15.91754], [-48.05788, -15.917529], [-48.057832, -15.917515], [-48.057824, -15.917512], [-48.05779, -15.917502], [-48.057767, -15.917496], [-48.057742, -15.917577], [-48.057739, -15.917584], [-48.057733, -15.917603], [-48.057869, -15.917644], [-48.05789, -15.917631], [-48.057918, -15.91754]]]}, "properties": {}},
{"type": "Feature", "geometry": {"type": "Polygon", "coordinates": [[[-48.064585, -15.915181], [-48.064584, -15.915182], [-48.064627, -15.915195], [-48.064664, -15.915079], [-48.064625, -15.915067], [-48.064623, -15.915074], [-48.064596, -15.915065], [-48.064567, -15.915147], [-48.064594, -15.915155], [-48.064585, -15.915181]]]}, "properties": {}},
{"type": "Feature", "geometry": {"type": "Polygon", "coordinates": [[[-48.061167, -15.916662], [-48.061182, -15.916617], [-48.061187, -15.916599], [-48.061098, -15.916572], [-48.061093, -15.916586], [-48.061078, -15.916635], [-48.061167, -15.916662]]]}, "properties": {}},
{"type": "Feature", "geometry": {"type": "Polygon", "coordinates": [[[-48.06143, -15.917213], [-48.061457, -15.917127], [-48.061334, -15.91709], [-48.061326, -15.917087], [-48.061324, -15.917087], [-48.061307, -15.917082], [-48.06128, -15.917167], [-48.061297, -15.917172], [-48.06143, -15.917213]]]}, "properties": {}},
{"type": "Feature", "geometry": {"type": "Polygon", "coordinates": [[[-48.0635, -15.915619], [-48.063501, -15.915617], [-48.063547, -15.915631], [-48.063571, -15.915559], [-48.063502, -15.91554], [-48.063494, -15.915564], [-48.063479, -15.915613], [-48.0635, -15.915619]]]}, "properties": {}},
{"type": "Feature", "geometry": {"type": "Polygon", "coordinates": [[[-48.054474, -15.914358], [-48.054491, -15.914363], [-48.054476, -15.91441], [-48.054528, -15.914425], [-48.054555, -15.91434], [-48.054434, -15.914304], [-48.054425, -15.914331], [-48.054478, -15.914347], [-48.054474, -15.914358]]]}, "properties": {}},
{"type": "Feature", "geometry": {"type": "Polygon", "coordinates": [[[-48.060357, -15.919133], [-48.060379, -15.919064], [-48.060411, -15.919073], [-48.06039, -15.919142], [-48.060445, -15.919159], [-48.060475, -15.919073], [-48.06034, -15.919032], [-48.060337, -15.919042], [-48.060312, -15.919119], [-48.060357, -15.919133]]]}, "properties": {}},
{"type": "Feature", "geometry": {"type": "Polygon", "coordinates": [[[-48.058906, -15.91907], [-48.058929, -15.919077], [-48.058997, -15.919097], [-48.059003, -15.919099], [-48.059033, -15.919108], [-48.059052, -15.919052], [-48.059078, -15.91906], [-48.059088, -15.919031], [-48.058957, -15.918992], [-48.058952, -15.91899], [-48.058935, -15.919043], [-48.058917, -15.919038], [-48.058906, -15.91907]]]}, "properties": {}},
{"type": "Feature", "geometry": {"type": "Polygon", "coordinates": [[[-48.061886, -15.917163], [-48.061753, -15.917123], [-48.061725, -15.91721], [-48.061858, -15.917249], [-48.061886, -15.917163]]]}, "properties": {}},
{"type": "Feature", "geometry": {"type": "Polygon", "coordinates": [[[-48.058997, -15.919097], [-48.058929, -15.919077], [-48.058919, -15.919105], [-48.058988, -15.919126], [-48.058997, -15.919097]]]}, "properties": {}},
{"type": "Feature", "geometry": {"type": "Polygon", "coordinates": [[[-48.058419, -15.916236], [-48.058357, -15.916217], [-48.058343, -15.916261], [-48.058405, -15.91628], [-48.058419, -15.916236]]]}, "properties": {}},
{"type": "Feature", "geometry": {"type": "Polygon", "coordinates": [[[-48.056065, -15.915394], [-48.056119, -15.91541], [-48.05615, -15.915318], [-48.056127, -15.915312], [-48.05613, -15.915304], [-48.0561, -15.915295], [-48.056096, -15.915305], [-48.056094, -15.915305], [-48.056065, -15.915394]]]}, "properties": {}},
{"type": "Feature", "geometry": {"type": "Polygon", "coordinates": [[[-48.062167, -15.914272], [-48.062172, -15.914274], [-48.062167, -15.914287], [-48.062159, -15.914285], [-48.062149, -15.914317], [-48.062169, -15.914322], [-48.062179, -15.914325], [-48.062215, -15.914335], [-48.062218, -15.914324], [-48.062229, -15.914292], [-48.062253, -15.914215], [-48.062187, -15.914194], [-48.062171, -15.914244], [-48.062177, -15.914245], [-48.062167, -15.914272]]]}, "properties": {}},
{"type": "Feature", "geometry": {"type": "Polygon", "coordinates": [[[-48.061784, -15.914184], [-48.061778, -15.914203], [-48.061779, -15.914204], [-48.061814, -15.914214], [-48.061819, -15.914198], [-48.061826, -15.914176], [-48.061834, -15.914152], [-48.061861, -15.914069], [-48.061862, -15.914065], [-48.061797, -15.914046], [-48.061761, -15.914157], [-48.061755, -15.914175], [-48.061784, -15.914184]]]}, "properties": {}},
{"type": "Feature", "geometry": {"type": "Polygon", "coordinates": [[[-48.06467, -15.91381], [-48.064635, -15.9138], [-48.064612, -15.913874], [-48.064669, -15.913891], [-48.064682, -15.913847], [-48.064696, -15.913804], [-48.064654, -15.913792], [-48.064652, -15.913798], [-48.064672, -15.913804], [-48.06467, -15.91381]]]}, "properties": {}},
{"type": "Feature", "geometry": {"type": "Polygon", "coordinates": [[[-48.064157, -15.918057], [-48.06424, -15.918082], [-48.06429, -15.918097], [-48.064318, -15.918009], [-48.064186, -15.91797], [-48.064168, -15.917964], [-48.06416, -15.917962], [-48.064158, -15.917962], [-48.064129, -15.918049], [-48.064132, -15.91805], [-48.064157, -15.918057]]]}, "properties": {}},
{"type": "Feature", "geometry": {"type": "Polygon", "coordinates": [[[-48.060228, -15.916414], [-48.06026, -15.916424], [-48.060258, -15.916432], [-48.060272, -15.916437], [-48.060319, -15.916451], [-48.060329, -15.916454], [-48.06034, -15.916422], [-48.060362, -15.916429], [-48.060366, -15.916419], [-48.06038, -15.916374], [-48.060301, -15.916351], [-48.060295, -15.916368], [-48.060248, -15.916354], [-48.060228, -15.916414]]]}, "properties": {}},
{"type": "Feature", "geometry": {"type": "Polygon", "coordinates": [[[-48.060538, -15.916044], [-48.060539, -15.916045], [-48.060627, -15.916071], [-48.060629, -15.916072], [-48.060631, -15.916072], [-48.060658, -15.915986], [-48.060653, -15.915985], [-48.060522, -15.915945], [-48.060521, -15.915944], [-48.060494, -15.916031], [-48.060538, -15.916044]]]}, "properties": {}},
{"type": "Feature", "geometry": {"type": "Polygon", "coordinates": [[[-48.063014, -15.916599], [-48.062949, -15.916579], [-48.062935, -15.916621], [-48.063, -15.916641], [-48.063014, -15.916599]]]}, "properties": {}},
{"type": "Feature", "geometry": {"type": "Polygon", "coordinates": [[[-48.063946, -15.915842], [-48.063954, -15.915817], [-48.063961, -15.915819], [-48.063953, -15.915844], [-48.063987, -15.915854], [-48.064011, -15.91578], [-48.064036, -15.915706], [-48.064037, -15.915703], [-48.063969, -15.915682], [-48.063968, -15.915685], [-48.063919, -15.915834], [-48.063946, -15.915842]], [[-48.063989, -15.91582], [-48.063991, -15.915812], [-48.063997, -15.915814], [-48.063995, -15.915822], [-48.063989, -15.91582]], [[-48.063932, -15.915804], [-48.063935, -15.915795], [-48.06394, -15.915796], [-48.063937, -15.915805], [-48.063932, -15.915804]]]}, "properties": {}},
{"type": "Feature", "geometry": {"type": "Polygon", "coordinates": [[[-48.058338, -15.915461], [-48.058386, -15.915311], [-48.058362, -15.915303], [-48.058367, -15.915288], [-48.058391, -15.915295], [-48.058394, -15.915287], [-48.058408, -15.915244], [-48.058408, -15.915241], [-48.058342, -15.915221], [-48.058327, -15.915266], [-48.05827, -15.915441], [-48.058338, -15.915461]]]}, "properties": {}},
{"type": "Feature", "geometry": {"type": "Polygon", "coordinates": [[[-48.064195, -15.917339], [-48.064217, -15.917345], [-48.064219, -15.917338], [-48.064223, -15.917339], [-48.06424, -15.91728], [-48.064239, -15.91728], [-48.06424, -15.917276], [-48.064218, -15.91727], [-48.064199, -15.91733], [-48.064196, -15.917338], [-48.064195, -15.917339]]]}, "properties": {}},
{"type": "Feature", "geometry": {"type": "Polygon", "coordinates": [[[-48.062013, -15.919138], [-48.062031, -15.919085], [-48.062054, -15.919017], [-48.062056, -15.919009], [-48.061969, -15.918982], [-48.061968, -15.918982], [-48.061925, -15.919111], [-48.062013, -15.919138]]]}, "properties": {}},
{"type": "Feature", "geometry": {"type": "Polygon", "coordinates": [[[-48.059794, -15.916659], [-48.059786, -15.916681], [-48.059779, -15.916679], [-48.059768, -15.91671], [-48.059834, -15.91673], [-48.059838, -15.91672], [-48.059855, -15.916667], [-48.059859, -15.916654], [-48.059859, -15.916653], [-48.059862, -15.916643], [-48.059846, -15.916638], [-48.059798, -15.916625], [-48.059767, -15.916616], [-48.059758, -15.916642], [-48.059796, -15.916654], [-48.059794, -15.916659]]]}, "properties": {}},
{"type": "Feature", "geometry": {"type": "Polygon", "coordinates": [[[-48.063175, -15.916554], [-48.063177, -15.916555], [-48.063206, -15.916464], [-48.063116, -15.916438], [-48.063088, -15.916528], [-48.063145, -15.916545], [-48.063175, -15.916554]]]}, "properties": {}},
{"type": "Feature", "geometry": {"type": "Polygon", "coordinates": [[[-48.057216, -15.916711], [-48.057226, -15.91668], [-48.05721, -15.916675], [-48.057212, -15.916667], [-48.057228, -15.91662], [-48.057219, -15.916617], [-48.057131, -15.916591], [-48.057107, -15.916667], [-48.057104, -15.916678], [-48.057216, -15.916711]]]}, "properties": {}},
{"type": "Feature", "geometry": {"type": "Polygon", "coordinates": [[[-48.059767, -15.916616], [-48.059798, -15.916625], [-48.0598, -15.916621], [-48.059839, -15.916634], [-48.059858, -15.91658], [-48.059881, -15.916588], [-48.05989, -15.91656], [-48.059832, -15.916542], [-48.059756, -15.916519], [-48.059753, -15.916519], [-48.059727, -15.916604], [-48.059729, -15.916604], [-48.059767, -15.916616]]]}, "properties": {}},
{"type": "Feature", "geometry": {"type": "Polygon", "coordinates": [[[-48.058516, -15.91654], [-48.058596, -15.916563], [-48.058611, -15.916516], [-48.058665, -15.916532], [-48.058679, -15.916492], [-48.058605, -15.91647], [-48.058545, -15.916452], [-48.058544, -15.916457], [-48.058517, -15.916539], [-48.058516, -15.91654]]]}, "properties": {}},
{"type": "Feature", "geometry": {"type": "Polygon", "coordinates": [[[-48.060289, -15.916474], [-48.060309, -15.91648], [-48.060319, -15.916451], [-48.060272, -15.916437], [-48.060258, -15.916432], [-48.060218, -15.91642], [-48.06019, -15.916506], [-48.06027, -15.91653], [-48.060289, -15.916474]]]}, "properties": {}},
{"type": "Feature", "geometry": {"type": "Polygon", "coordinates": [[[-48.062033, -15.916406], [-48.062042, -15.916409], [-48.062021, -15.916471], [-48.062102, -15.916497], [-48.062111, -15.916472], [-48.062138, -15.916386], [-48.062143, -15.916369], [-48.062053, -15.916343], [-48.062049, -15.916359], [-48.062039, -15.916387], [-48.062033, -15.916406]]]}, "properties": {}},
{"type": "Feature", "geometry": {"type": "Polygon", "coordinates": [[[-48.058574, -15.916366], [-48.058649, -15.916389], [-48.0587, -15.916404], [-48.05871, -15.916373], [-48.058687, -15.916366], [-48.058689, -15.916358], [-48.058662, -15.91635], [-48.058659, -15.916359], [-48.058633, -15.916351], [-48.058632, -15.916354], [-48.058623, -15.916351], [-48.05863, -15.916328], [-48.058655, -15.916336], [-48.058654, -15.916338], [-48.058723, -15.916359], [-48.058735, -15.916321], [-48.058602, -15.91628], [-48.058576, -15.916357], [-48.058575, -15.916363], [-48.058574, -15.916366]]]}, "properties": {}},
{"type": "Feature", "geometry": {"type": "Polygon", "coordinates": [[[-48.064869, -15.916266], [-48.064909, -15.916142], [-48.064844, -15.916122], [-48.064838, -15.91614], [-48.064803, -15.916247], [-48.064869, -15.916266]]]}, "properties": {}},
{"type": "Feature", "geometry": {"type": "Polygon", "coordinates": [[[-48.063049, -15.916267], [-48.063116, -15.916287], [-48.06314, -15.916215], [-48.063147, -15.91619], [-48.063154, -15.916169], [-48.063019, -15.916129], [-48.06299, -15.916219], [-48.063057, -15.916239], [-48.063049, -15.916267]]]}, "properties": {}},
{"type": "Feature", "geometry": {"type": "Polygon", "coordinates": [[[-48.064105, -15.915939], [-48.064086, -15.915995], [-48.064075, -15.916028], [-48.064143, -15.916048], [-48.064153, -15.916016], [-48.064155, -15.916011], [-48.064162, -15.915991], [-48.064187, -15.915914], [-48.064119, -15.915894], [-48.064116, -15.915903], [-48.064106, -15.915934], [-48.064105, -15.915939]]]}, "properties": {}},
{"type": "Feature", "geometry": {"type": "Polygon", "coordinates": [[[-48.061414, -15.915948], [-48.061401, -15.915944], [-48.061382, -15.916005], [-48.061379, -15.916014], [-48.06137, -15.916042], [-48.061459, -15.916069], [-48.061461, -15.91606], [-48.061471, -15.916032], [-48.061504, -15.915928], [-48.061509, -15.915912], [-48.061472, -15.915901], [-48.061456, -15.915896], [-48.06142, -15.915885], [-48.061414, -15.915907], [-48.061426, -15.91591], [-48.061414, -15.915948]]]}, "properties": {}},
{"type": "Feature", "geometry": {"type": "Polygon", "coordinates": [[[-48.057278, -15.916217], [-48.057291, -15.916179], [-48.057292, -15.916179], [-48.057312, -15.916186], [-48.057338, -15.916106], [-48.057293, -15.916092], [-48.057292, -15.916092], [-48.05725, -15.916079], [-48.057248, -15.916079], [-48.057238, -15.916111], [-48.057211, -15.916196], [-48.057278, -15.916217]]]}, "properties": {}},
{"type": "Feature", "geometry": {"type": "Polygon", "coordinates": [[[-48.058549, -15.916137], [-48.058548, -15.916138], [-48.058547, -15.916141], [-48.058637, -15.916168], [-48.058638, -15.916165], [-48.058643, -15.916151], [-48.058671, -15.916065], [-48.058684, -15.916023], [-48.058595, -15.915995], [-48.058572, -15.916067], [-48.05856, -15.916101], [-48.058549, -15.916137]]]}, "properties": {}},
{"type": "Feature", "geometry": {"type": "Polygon", "coordinates": [[[-48.060139, -15.915769], [-48.060135, -15.91578], [-48.06018, -15.915793], [-48.060184, -15.915783], [-48.060197, -15.915744], [-48.060211, -15.915705], [-48.060231, -15.915664], [-48.060193, -15.915652], [-48.060173, -15.915662], [-48.060139, -15.915767], [-48.060139, -15.915769]]]}, "properties": {}},
{"type": "Feature", "geometry": {"type": "Polygon", "coordinates": [[[-48.064499, -15.915682], [-48.064546, -15.915696], [-48.06453, -15.915741], [-48.064529, -15.915744], [-48.064577, -15.915759], [-48.064578, -15.915755], [-48.064593, -15.91571], [-48.064632, -15.915722], [-48.064635, -15.915713], [-48.064669, -15.915617], [-48.064674, -15.915603], [-48.064679, -15.915588], [-48.064546, -15.915548], [-48.064536, -15.915577], [-48.064502, -15.915673], [-48.064499, -15.915682]]]}, "properties": {}},
{"type": "Feature", "geometry": {"type": "Polygon", "coordinates": [[[-48.060559, -15.915671], [-48.060562, -15.915672], [-48.060603, -15.915685], [-48.060604, -15.915685], [-48.060649, -15.915699], [-48.060684, -15.915588], [-48.06069, -15.91557], [-48.060694, -15.915556], [-48.060695, -15.915552], [-48.060606, -15.915526], [-48.060605, -15.91553], [-48.060601, -15.915542], [-48.060559, -15.915671]]]}, "properties": {}},
{"type": "Feature", "geometry": {"type": "Polygon", "coordinates": [[[-48.063059, -15.915557], [-48.063061, -15.915551], [-48.063072, -15.915519], [-48.062949, -15.91548], [-48.062936, -15.915516], [-48.063059, -15.915557]]]}, "properties": {}},
{"type": "Feature", "geometry": {"type": "Polygon", "coordinates": [[[-48.063967, -15.915511], [-48.064032, -15.915531], [-48.06406, -15.915443], [-48.064064, -15.91543], [-48.064001, -15.915411], [-48.063997, -15.915423], [-48.063975, -15.915488], [-48.063967, -15.915511]]]}, "properties": {}},
{"type": "Feature", "geometry": {"type": "Polygon", "coordinates": [[[-48.061725, -15.915552], [-48.061758, -15.915562], [-48.061815, -15.915579], [-48.061843, -15.91549], [-48.061812, -15.91548], [-48.061825, -15.91544], [-48.061766, -15.915422], [-48.061754, -15.915462], [-48.06174, -15.915504], [-48.061725, -15.915552]]]}, "properties": {}},
{"type": "Feature", "geometry": {"type": "Polygon", "coordinates": [[[-48.065132, -15.915215], [-48.065163, -15.915225], [-48.065164, -15.915224], [-48.065166, -15.915217], [-48.065204, -15.915229], [-48.065215, -15.915195], [-48.065232, -15.915143], [-48.065158, -15.915121], [-48.065131, -15.915206], [-48.065128, -15.915214], [-48.065132, -15.915215]]]}, "properties": {}},
{"type": "Feature", "geometry": {"type": "Polygon", "coordinates": [[[-48.058295, -15.917182], [-48.058298, -15.917173], [-48.058306, -15.917175], [-48.058303, -15.917184], [-48.058307, -15.917186], [-48.058308, -15.917186], [-48.058353, -15.917199], [-48.058394, -15.91707], [-48.058304, -15.917042], [-48.058263, -15.917172], [-48.058264, -15.917172], [-48.058295, -15.917182]]]}, "properties": {}},
{"type": "Feature", "geometry": {"type": "Polygon", "coordinates": [[[-48.055824, -15.91532], [-48.055824, -15.915325], [-48.055826, -15.915357], [-48.055826, -15.915359], [-48.055931, -15.915391], [-48.055932, -15.915389], [-48.055978, -15.915247], [-48.055894, -15.915222], [-48.055878, -15.915269], [-48.055845, -15.915259], [-48.055824, -15.91532]]]}, "properties": {}},
{"type": "Feature", "geometry": {"type": "Polygon", "coordinates": [[[-48.064365, -15.915096], [-48.064369, -15.915083], [-48.064398, -15.914992], [-48.064364, -15.914981], [-48.064355, -15.914979], [-48.064352, -15.914987], [-48.064322, -15.914978], [-48.064325, -15.91497], [-48.06431, -15.914965], [-48.064265, -15.914952], [-48.064232, -15.915055], [-48.064277, -15.915069], [-48.064365, -15.915096]]]}, "properties": {}},
{"type": "Feature", "geometry": {"type": "Polygon", "coordinates": [[[-48.061213, -15.914931], [-48.061198, -15.914937], [-48.061209, -15.914964], [-48.06123, -15.915014], [-48.061274, -15.914996], [-48.061299, -15.914986], [-48.06129, -15.914955], [-48.06128, -15.914915], [-48.061277, -15.914904], [-48.061275, -15.914905], [-48.061233, -15.914922], [-48.061213, -15.914931]]]}, "properties": {}},
{"type": "Feature", "geometry": {"type": "Polygon", "coordinates": [[[-48.061277, -15.914904], [-48.06128, -15.914915], [-48.06129, -15.914955], [-48.061299, -15.914986], [-48.061312, -15.915031], [-48.061317, -15.915048], [-48.06132, -15.915047], [-48.061321, -15.915049], [-48.06138, -15.915033], [-48.061379, -15.915031], [-48.061376, -15.915017], [-48.061376, -15.915016], [-48.061358, -15.915019], [-48.061347, -15.914969], [-48.06136, -15.914967], [-48.061362, -15.914975], [-48.061368, -15.914974], [-48.061364, -15.914953], [-48.061358, -15.914919], [-48.061352, -15.914887], [-48.06135, -15.914888], [-48.061285, -15.914902], [-48.061277, -15.914904]]]}, "properties": {}},
{"type": "Feature", "geometry": {"type": "Polygon", "coordinates": [[[-48.061514, -15.915], [-48.061515, -15.915021], [-48.061515, -15.915024], [-48.061579, -15.915025], [-48.06158, -15.915023], [-48.06158, -15.914999], [-48.061583, -15.915], [-48.061584, -15.914957], [-48.061587, -15.91487], [-48.061543, -15.914868], [-48.061505, -15.914867], [-48.061506, -15.914924], [-48.061513, -15.914924], [-48.061514, -15.915]]]}, "properties": {}},
{"type": "Feature", "geometry": {"type": "Polygon", "coordinates": [[[-48.064785, -15.914638], [-48.06479, -15.914639], [-48.064802, -15.914643], [-48.064788, -15.914687], [-48.064881, -15.914715], [-48.064883, -15.914716], [-48.064932, -15.914731], [-48.064961, -15.914641], [-48.064964, -15.914634], [-48.064821, -15.914591], [-48.064818, -15.9146], [-48.064799, -15.914594], [-48.064785, -15.914638]]]}, "properties": {}},
{"type": "Feature", "geometry": {"type": "Polygon", "coordinates": [[[-48.055661, -15.914868], [-48.055703, -15.91488], [-48.055749, -15.914894], [-48.055752, -15.914887], [-48.055786, -15.914784], [-48.055792, -15.914763], [-48.055796, -15.914753], [-48.055798, -15.914746], [-48.055709, -15.914718], [-48.055707, -15.914724], [-48.055667, -15.914848], [-48.055661, -15.914868]]]}, "properties": {}},
{"type": "Feature", "geometry": {"type": "Polygon", "coordinates": [[[-48.06425, -15.914713], [-48.064285, -15.914605], [-48.06431, -15.914613], [-48.064303, -15.914637], [-48.064303, -15.914638], [-48.064277, -15.914722], [-48.064309, -15.914732], [-48.064313, -15.914718], [-48.064323, -15.91469], [-48.064346, -15.914615], [-48.064351, -15.914602], [-48.064262, -15.914574], [-48.064223, -15.914692], [-48.064219, -15.914704], [-48.06425, -15.914713]]]}, "properties": {}},
{"type": "Feature", "geometry": {"type": "Polygon", "coordinates": [[[-48.064375, -15.914599], [-48.064407, -15.914608], [-48.06441, -15.914598], [-48.064429, -15.914604], [-48.064423, -15.914624], [-48.064424, -15.914624], [-48.06444, -15.914629], [-48.064468, -15.914539], [-48.064481, -15.914498], [-48.064392, -15.914471], [-48.06438, -15.914511], [-48.064401, -15.914517], [-48.064375, -15.914599]]]}, "properties": {}},
{"type": "Feature", "geometry": {"type": "Polygon", "coordinates": [[[-48.064994, -15.914504], [-48.064998, -15.914506], [-48.065012, -15.914461], [-48.065, -15.914457], [-48.065007, -15.914435], [-48.065072, -15.914455], [-48.06509, -15.914399], [-48.065001, -15.914372], [-48.064959, -15.914504], [-48.064991, -15.914513], [-48.064994, -15.914504]]]}, "properties": {}},
{"type": "Feature", "geometry": {"type": "Polygon", "coordinates": [[[-48.055553, -15.914309], [-48.055557, -15.914305], [-48.055539, -15.914291], [-48.055537, -15.914293], [-48.05552, -15.914314], [-48.055531, -15.914321], [-48.055489, -15.914372], [-48.055478, -15.914364], [-48.05546, -15.914386], [-48.055522, -15.914434], [-48.055551, -15.914419], [-48.055552, -15.914421], [-48.055585, -15.914405], [-48.055595, -15.914369], [-48.055593, -15.914368], [-48.055601, -15.91434], [-48.055567, -15.914313], [-48.055563, -15.914317], [-48.055553, -15.914309]]]}, "properties": {}},
{"type": "Feature", "geometry": {"type": "Polygon", "coordinates": [[[-48.064447, -15.914156], [-48.064509, -15.914175], [-48.064514, -15.914158], [-48.06454, -15.914165], [-48.064552, -15.914126], [-48.064588, -15.914136], [-48.064597, -15.914108], [-48.064467, -15.914067], [-48.064454, -15.914105], [-48.064462, -15.914107], [-48.064447, -15.914156]]]}, "properties": {}},
{"type": "Feature", "geometry": {"type": "Polygon", "coordinates": [[[-48.055306, -15.914293], [-48.055307, -15.914291], [-48.055309, -15.914289], [-48.055322, -15.914273], [-48.055354, -15.914298], [-48.055374, -15.914273], [-48.055368, -15.914269], [-48.055409, -15.914219], [-48.055414, -15.914224], [-48.055426, -15.914208], [-48.055373, -15.914167], [-48.055286, -15.914271], [-48.055283, -15.914275], [-48.055306, -15.914293]]]}, "properties": {}},
{"type": "Feature", "geometry": {"type": "Polygon", "coordinates": [[[-48.064818, -15.914031], [-48.064827, -15.914003], [-48.06486, -15.913903], [-48.064823, -15.913892], [-48.064812, -15.913925], [-48.064784, -15.913917], [-48.064794, -15.913883], [-48.064773, -15.913876], [-48.064731, -15.914003], [-48.064818, -15.914031]]]}, "properties": {}},
{"type": "Feature", "geometry": {"type": "Polygon", "coordinates": [[[-48.062194, -15.913945], [-48.062181, -15.913941], [-48.062181, -15.913942], [-48.062172, -15.91394], [-48.062177, -15.913927], [-48.062198, -15.913934], [-48.062208, -15.913899], [-48.062129, -15.913876], [-48.062106, -15.913949], [-48.062185, -15.913973], [-48.062194, -15.913945]]]}, "properties": {}},
{"type": "Feature", "geometry": {"type": "Polygon", "coordinates": [[[-48.06045, -15.913896], [-48.060442, -15.913918], [-48.060488, -15.913932], [-48.060502, -15.913887], [-48.060569, -15.913909], [-48.060568, -15.913911], [-48.06059, -15.913918], [-48.060611, -15.91385], [-48.060574, -15.913839], [-48.060553, -15.913832], [-48.060544, -15.91383], [-48.06048, -15.913812], [-48.060461, -15.913866], [-48.060458, -15.913873], [-48.06045, -15.913896]]]}, "properties": {}},
{"type": "Feature", "geometry": {"type": "Polygon", "coordinates": [[[-48.064238, -15.913857], [-48.064281, -15.913728], [-48.06425, -15.913719], [-48.064245, -15.913733], [-48.064217, -15.913724], [-48.064222, -15.91371], [-48.064193, -15.913701], [-48.064142, -15.913853], [-48.064231, -15.91388], [-48.064238, -15.913857]]]}, "properties": {}},
{"type": "Feature", "geometry": {"type": "Polygon", "coordinates": [[[-48.054732, -15.913941], [-48.054781, -15.913793], [-48.054764, -15.913788], [-48.054754, -15.913785], [-48.054749, -15.9138], [-48.054724, -15.913792], [-48.054729, -15.913778], [-48.054689, -15.913766], [-48.054647, -15.913903], [-48.054643, -15.913915], [-48.054732, -15.913941]]]}, "properties": {}},
{"type": "Feature", "geometry": {"type": "Polygon", "coordinates": [[[-48.065092, -15.916187], [-48.065113, -15.916193], [-48.065148, -15.916084], [-48.065083, -15.916064], [-48.06505, -15.916163], [-48.065095, -15.916177], [-48.065092, -15.916187]]]}, "properties": {}},
{"type": "Feature", "geometry": {"type": "Polygon", "coordinates": [[[-48.058512, -15.917911], [-48.058514, -15.917911], [-48.05859, -15.917934], [-48.058624, -15.917945], [-48.058669, -15.917958], [-48.058696, -15.917872], [-48.058676, -15.917866], [-48.058674, -15.917865], [-48.058607, -15.917845], [-48.05859, -15.91784], [-48.058542, -15.917825], [-48.05854, -15.917824], [-48.058525, -15.917873], [-48.05852, -15.917888], [-48.058512, -15.917911]]]}, "properties": {}},
{"type": "Feature", "geometry": {"type": "Polygon", "coordinates": [[[-48.054702, -15.917544], [-48.05473, -15.917552], [-48.054712, -15.917607], [-48.054765, -15.917622], [-48.054765, -15.917619], [-48.054807, -15.917495], [-48.054719, -15.917468], [-48.054707, -15.917504], [-48.054714, -15.917505], [-48.054702, -15.917544]]]}, "properties": {}},
{"type": "Feature", "geometry": {"type": "Polygon", "coordinates": [[[-48.062778, -15.918329], [-48.062786, -15.918331], [-48.062821, -15.918342], [-48.062883, -15.918361], [-48.062892, -15.918333], [-48.062912, -15.918273], [-48.062819, -15.918245], [-48.062818, -15.918244], [-48.062796, -15.91831], [-48.062786, -15.918307], [-48.062778, -15.918329]]]}, "properties": {}},
{"type": "Feature", "geometry": {"type": "Polygon", "coordinates": [[[-48.059783, -15.917519], [-48.05982, -15.917531], [-48.059831, -15.917497], [-48.059766, -15.917477], [-48.059768, -15.917471], [-48.059743, -15.917463], [-48.05974, -15.917473], [-48.05973, -15.917503], [-48.059783, -15.917519]]]}, "properties": {}},
{"type": "Feature", "geometry": {"type": "Polygon", "coordinates": [[[-48.060278, -15.917101], [-48.060246, -15.917092], [-48.060216, -15.917182], [-48.060248, -15.917192], [-48.060278, -15.917101]]]}, "properties": {}},
{"type": "Feature", "geometry": {"type": "Polygon", "coordinates": [[[-48.05487, -15.917266], [-48.054829, -15.917253], [-48.054823, -15.917272], [-48.054783, -15.91726], [-48.054772, -15.917295], [-48.054864, -15.917323], [-48.054875, -15.91729], [-48.054882, -15.917293], [-48.054872, -15.917325], [-48.054906, -15.917336], [-48.054934, -15.91725], [-48.054896, -15.917238], [-48.054885, -15.917235], [-48.054868, -15.917286], [-48.054864, -15.917284], [-48.05487, -15.917266]]]}, "properties": {}},
{"type": "Feature", "geometry": {"type": "Polygon", "coordinates": [[[-48.054581, -15.917107], [-48.054588, -15.917109], [-48.054577, -15.917142], [-48.054588, -15.917145], [-48.054685, -15.917174], [-48.05469, -15.917176], [-48.054718, -15.917089], [-48.054713, -15.917087], [-48.054629, -15.917061], [-48.054605, -15.917054], [-48.054599, -15.917075], [-48.054592, -15.917073], [-48.054599, -15.917052], [-48.054563, -15.917041], [-48.054534, -15.917129], [-48.054571, -15.91714], [-48.054581, -15.917107]]]}, "properties": {}},
{"type": "Feature", "geometry": {"type": "Polygon", "coordinates": [[[-48.055019, -15.917025], [-48.055013, -15.917044], [-48.055002, -15.91704], [-48.05499, -15.917077], [-48.055124, -15.917118], [-48.055133, -15.917092], [-48.055108, -15.917085], [-48.055121, -15.917043], [-48.05511, -15.91704], [-48.055116, -15.917021], [-48.055063, -15.917005], [-48.055018, -15.916991], [-48.055008, -15.917021], [-48.055019, -15.917025]]]}, "properties": {}},
{"type": "Feature", "geometry": {"type": "Polygon", "coordinates": [[[-48.054651, -15.91722], [-48.054575, -15.917197], [-48.054586, -15.917162], [-48.054583, -15.917161], [-48.054588, -15.917145], [-48.054577, -15.917142], [-48.054571, -15.91714], [-48.054534, -15.917129], [-48.054505, -15.917215], [-48.054639, -15.917256], [-48.054651, -15.91722]]]}, "properties": {}},
{"type": "Feature", "geometry": {"type": "Polygon", "coordinates": [[[-48.054307, -15.919175], [-48.054311, -15.919176], [-48.054318, -15.919152], [-48.054331, -15.919113], [-48.054156, -15.919059], [-48.054135, -15.919123], [-48.054243, -15.919156], [-48.054307, -15.919175]]]}, "properties": {}},
{"type": "Feature", "geometry": {"type": "Polygon", "coordinates": [[[-48.056937, -15.918994], [-48.056981, -15.919007], [-48.056988, -15.918986], [-48.057034, -15.919001], [-48.057065, -15.918904], [-48.056976, -15.918877], [-48.056962, -15.91892], [-48.056948, -15.918962], [-48.056937, -15.918994]]]}, "properties": {}},
{"type": "Feature", "geometry": {"type": "Polygon", "coordinates": [[[-48.057458, -15.918676], [-48.057466, -15.918679], [-48.057482, -15.918629], [-48.057451, -15.918619], [-48.057421, -15.918714], [-48.057456, -15.918725], [-48.05751, -15.918741], [-48.057553, -15.918613], [-48.057515, -15.918602], [-48.057486, -15.918691], [-48.057456, -15.918682], [-48.057458, -15.918676]]]}, "properties": {}},
{"type": "Feature", "geometry": {"type": "Polygon", "coordinates": [[[-48.056237, -15.918448], [-48.056248, -15.918451], [-48.056243, -15.918413], [-48.056235, -15.918411], [-48.056237, -15.918404], [-48.056228, -15.918401], [-48.056231, -15.91839], [-48.056209, -15.918384], [-48.056208, -15.918386], [-48.056201, -15.918383], [-48.056199, -15.918388], [-48.056173, -15.918381], [-48.056174, -15.918377], [-48.056178, -15.918368], [-48.056221, -15.918381], [-48.056237, -15.91833], [-48.056237, -15.918329], [-48.056135, -15.918298], [-48.056099, -15.918408], [-48.056138, -15.91842], [-48.056237, -15.918448]]]}, "properties": {}},
{"type": "Feature", "geometry": {"type": "Polygon", "coordinates": [[[-48.056147, -15.918293], [-48.056257, -15.918326], [-48.056292, -15.918194], [-48.056288, -15.918193], [-48.05618, -15.91816], [-48.056144, -15.918271], [-48.056153, -15.918273], [-48.056147, -15.918293]]]}, "properties": {}},
{"type": "Feature", "geometry": {"type": "Polygon", "coordinates": [[[-48.056288, -15.918193], [-48.056313, -15.918111], [-48.056294, -15.918106], [-48.056206, -15.918079], [-48.056201, -15.918097], [-48.05618, -15.91816], [-48.056288, -15.918193]]]}, "properties": {}},
{"type": "Feature", "geometry": {"type": "Polygon", "coordinates": [[[-48.054434, -15.917951], [-48.054452, -15.917897], [-48.054363, -15.91787], [-48.054346, -15.917925], [-48.054434, -15.917952], [-48.054434, -15.917951]]]}, "properties": {}},
{"type": "Feature", "geometry": {"type": "Polygon", "coordinates": [[[-48.055085, -15.917723], [-48.055098, -15.917726], [-48.055092, -15.917745], [-48.055197, -15.917777], [-48.055239, -15.917651], [-48.05509, -15.917605], [-48.055085, -15.917603], [-48.055062, -15.917673], [-48.055065, -15.91768], [-48.055085, -15.917723]]]}, "properties": {}},
{"type": "Feature", "geometry": {"type": "Polygon", "coordinates": [[[-48.058651, -15.917479], [-48.058679, -15.917393], [-48.058634, -15.917379], [-48.058605, -15.917465], [-48.058617, -15.917469], [-48.058651, -15.917479]]]}, "properties": {}},
{"type": "Feature", "geometry": {"type": "Polygon", "coordinates": [[[-48.057518, -15.917253], [-48.057459, -15.917235], [-48.057448, -15.91727], [-48.057424, -15.917342], [-48.057514, -15.91737], [-48.057547, -15.917268], [-48.057556, -15.917243], [-48.057562, -15.917224], [-48.057533, -15.917215], [-48.057524, -15.917244], [-48.057521, -15.917243], [-48.057518, -15.917253]]]}, "properties": {}},
{"type": "Feature", "geometry": {"type": "Polygon", "coordinates": [[[-48.057043, -15.917171], [-48.057084, -15.917184], [-48.057094, -15.917153], [-48.057052, -15.917139], [-48.05705, -15.917144], [-48.056981, -15.917123], [-48.056984, -15.917115], [-48.056967, -15.91711], [-48.056939, -15.917197], [-48.057026, -15.917223], [-48.057043, -15.917171]]]}, "properties": {}},
{"type": "Feature", "geometry": {"type": "Polygon", "coordinates": [[[-48.057806, -15.916953], [-48.057798, -15.916951], [-48.057794, -15.916963], [-48.057789, -15.916962], [-48.057792, -15.916953], [-48.057777, -15.916948], [-48.057776, -15.916951], [-48.057749, -15.916943], [-48.057728, -15.917009], [-48.057744, -15.917014], [-48.057818, -15.917036], [-48.057855, -15.91692], [-48.05781, -15.916906], [-48.057798, -15.916942], [-48.057809, -15.916945], [-48.057806, -15.916953]]]}, "properties": {}},
{"type": "Feature", "geometry": {"type": "Polygon", "coordinates": [[[-48.059751, -15.916988], [-48.059763, -15.916951], [-48.059755, -15.916948], [-48.059771, -15.916901], [-48.059643, -15.916863], [-48.059616, -15.916948], [-48.059678, -15.916966], [-48.059751, -15.916988]]]}, "properties": {}},
{"type": "Feature", "geometry": {"type": "Polygon", "coordinates": [[[-48.059323, -15.916952], [-48.059347, -15.91696], [-48.059349, -15.916954], [-48.059431, -15.916979], [-48.059429, -15.916984], [-48.059456, -15.916993], [-48.059479, -15.916999], [-48.059507, -15.916915], [-48.059484, -15.916908], [-48.05943, -15.916892], [-48.05935, -15.916867], [-48.059338, -15.916905], [-48.059332, -15.916923], [-48.059323, -15.916952]]]}, "properties": {}},
{"type": "Feature", "geometry": {"type": "Polygon", "coordinates": [[[-48.05813, -15.916737], [-48.058125, -15.916735], [-48.058135, -15.916706], [-48.058076, -15.91669], [-48.058041, -15.916802], [-48.058102, -15.916821], [-48.05813, -15.916737]]]}, "properties": {}},
{"type": "Feature", "geometry": {"type": "Polygon", "coordinates": [[[-48.063615, -15.919132], [-48.063619, -15.919133], [-48.063616, -15.919144], [-48.063622, -15.919146], [-48.06362, -15.919151], [-48.063651, -15.91916], [-48.063665, -15.919118], [-48.063679, -15.919075], [-48.063637, -15.919062], [-48.06359, -15.919048], [-48.063571, -15.919103], [-48.063619, -15.919118], [-48.063615, -15.919132]]]}, "properties": {}},
{"type": "Feature", "geometry": {"type": "Polygon", "coordinates": [[[-48.059924, -15.919152], [-48.059911, -15.919148], [-48.059896, -15.919197], [-48.059896, -15.919198], [-48.059895, -15.919201], [-48.059985, -15.919229], [-48.059987, -15.919224], [-48.059987, -15.919223], [-48.059985, -15.919223], [-48.06, -15.919177], [-48.05999, -15.919174], [-48.060011, -15.919105], [-48.06001, -15.919105], [-48.060015, -15.919088], [-48.060028, -15.919092], [-48.060031, -15.919081], [-48.059942, -15.919054], [-48.059937, -15.919068], [-48.05995, -15.919071], [-48.059924, -15.919152]]]}, "properties": {}},
{"type": "Feature", "geometry": {"type": "Polygon", "coordinates": [[[-48.059166, -15.918861], [-48.059211, -15.918875], [-48.059209, -15.918879], [-48.059258, -15.918894], [-48.059275, -15.918844], [-48.059294, -15.91885], [-48.059305, -15.918814], [-48.059246, -15.918795], [-48.059173, -15.918773], [-48.059172, -15.918772], [-48.059161, -15.918804], [-48.059183, -15.91881], [-48.059166, -15.918861]]]}, "properties": {}},
{"type": "Feature", "geometry": {"type": "Polygon", "coordinates": [[[-48.061245, -15.918713], [-48.061247, -15.918707], [-48.061334, -15.918734], [-48.061332, -15.918739], [-48.061372, -15.91875], [-48.0614, -15.918664], [-48.061357, -15.918651], [-48.061335, -15.918644], [-48.061279, -15.918627], [-48.061266, -15.918624], [-48.061237, -15.918615], [-48.061208, -15.918702], [-48.061237, -15.918711], [-48.061245, -15.918713]]]}, "properties": {}},
{"type": "Feature", "geometry": {"type": "Polygon", "coordinates": [[[-48.059929, -15.918788], [-48.05994, -15.918756], [-48.059978, -15.918639], [-48.059889, -15.918611], [-48.059871, -15.918667], [-48.05984, -15.918761], [-48.059929, -15.918788]]]}, "properties": {}},
{"type": "Feature", "geometry": {"type": "Polygon", "coordinates": [[[-48.062405, -15.918594], [-48.062504, -15.918624], [-48.062534, -15.918537], [-48.0625, -15.918527], [-48.062484, -15.918522], [-48.062399, -15.918496], [-48.062371, -15.918583], [-48.062405, -15.918594]]]}, "properties": {}},
{"type": "Feature", "geometry": {"type": "Polygon", "coordinates": [[[-48.063675, -15.918102], [-48.063833, -15.918148], [-48.063835, -15.918139], [-48.063861, -15.91806], [-48.063704, -15.918013], [-48.063704, -15.918014], [-48.063703, -15.918013], [-48.063699, -15.918012], [-48.063672, -15.9181], [-48.063675, -15.918101], [-48.063675, -15.918102]], [[-48.063752, -15.918063], [-48.063743, -15.918091], [-48.06371, -15.918081], [-48.063719, -15.918053], [-48.063752, -15.918063]], [[-48.063775, -15.918107], [-48.063777, -15.918103], [-48.063782, -15.918104], [-48.06378, -15.918109], [-48.063775, -15.918107]]]}, "properties": {}},
{"type": "Feature", "geometry": {"type": "Polygon", "coordinates": [[[-48.064321, -15.918002], [-48.064318, -15.918009], [-48.064354, -15.91802], [-48.064452, -15.91805], [-48.064476, -15.918057], [-48.064504, -15.917971], [-48.06448, -15.917964], [-48.064364, -15.917929], [-48.064359, -15.917928], [-48.064357, -15.917934], [-48.064344, -15.91793], [-48.064321, -15.918002]], [[-48.064409, -15.918006], [-48.064418, -15.917978], [-48.06446, -15.91799], [-48.06445, -15.918019], [-48.064409, -15.918006]]]}, "properties": {}},
{"type": "Feature", "geometry": {"type": "Polygon", "coordinates": [[[-48.064493, -15.917923], [-48.064478, -15.917919], [-48.064491, -15.917874], [-48.064392, -15.917843], [-48.064364, -15.917929], [-48.06448, -15.917964], [-48.064493, -15.917923]]]}, "properties": {}},
{"type": "Feature", "geometry": {"type": "Polygon", "coordinates": [[[-48.061235, -15.917959], [-48.061326, -15.917987], [-48.061367, -15.917861], [-48.061372, -15.917844], [-48.061281, -15.917817], [-48.061277, -15.917828], [-48.061238, -15.91795], [-48.061235, -15.917959]], [[-48.061304, -15.917892], [-48.061307, -15.917881], [-48.061324, -15.917887], [-48.061321, -15.917897], [-48.061304, -15.917892]]]}, "properties": {}},
{"type": "Feature", "geometry": {"type": "Polygon", "coordinates": [[[-48.060947, -15.917748], [-48.06094, -15.917746], [-48.060936, -15.917759], [-48.060866, -15.917738], [-48.060865, -15.917742], [-48.060837, -15.917734], [-48.06082, -15.917785], [-48.06085, -15.917795], [-48.060892, -15.917808], [-48.060981, -15.917836], [-48.061009, -15.91775], [-48.061017, -15.917724], [-48.060887, -15.917684], [-48.060878, -15.917712], [-48.060952, -15.917734], [-48.060947, -15.917748]]]}, "properties": {}},
{"type": "Feature", "geometry": {"type": "Polygon", "coordinates": [[[-48.061544, -15.91777], [-48.061591, -15.917784], [-48.061608, -15.917729], [-48.061637, -15.917737], [-48.061632, -15.917753], [-48.061644, -15.917757], [-48.061647, -15.917749], [-48.061673, -15.917666], [-48.061659, -15.917662], [-48.061585, -15.91764], [-48.061585, -15.917642], [-48.061544, -15.91777]]]}, "properties": {}},
{"type": "Feature", "geometry": {"type": "Polygon", "coordinates": [[[-48.061746, -15.917595], [-48.061774, -15.917508], [-48.061667, -15.917476], [-48.06164, -15.917468], [-48.061612, -15.917554], [-48.061746, -15.917595]]]}, "properties": {}},
{"type": "Feature", "geometry": {"type": "Polygon", "coordinates": [[[-48.064462, -15.917422], [-48.064551, -15.917449], [-48.064552, -15.917447], [-48.064559, -15.917427], [-48.064545, -15.917423], [-48.064549, -15.917411], [-48.064563, -15.917415], [-48.064574, -15.91738], [-48.064592, -15.917326], [-48.064512, -15.917301], [-48.064487, -15.917378], [-48.064478, -15.917375], [-48.064462, -15.917422]]]}, "properties": {}},
{"type": "Feature", "geometry": {"type": "Polygon", "coordinates": [[[-48.059404, -15.917302], [-48.059403, -15.917306], [-48.059374, -15.917394], [-48.059464, -15.917422], [-48.059491, -15.917337], [-48.059512, -15.917271], [-48.059423, -15.917244], [-48.059421, -15.91725], [-48.059415, -15.91727], [-48.059404, -15.917302]]]}, "properties": {}},
{"type": "Feature", "geometry": {"type": "Polygon", "coordinates": [[[-48.061334, -15.91709], [-48.061457, -15.917127], [-48.061485, -15.91704], [-48.061426, -15.917022], [-48.061419, -15.917043], [-48.061356, -15.917024], [-48.061334, -15.91709]]]}, "properties": {}},
{"type": "Feature", "geometry": {"type": "Polygon", "coordinates": [[[-48.065048, -15.916965], [-48.065071, -15.916893], [-48.065077, -15.916876], [-48.064988, -15.916849], [-48.064984, -15.916862], [-48.06496, -15.916939], [-48.065048, -15.916965]]]}, "properties": {}},
{"type": "Feature", "geometry": {"type": "Polygon", "coordinates": [[[-48.060507, -15.916886], [-48.060478, -15.916877], [-48.060475, -15.916887], [-48.06045, -15.916879], [-48.060453, -15.91687], [-48.060418, -15.916859], [-48.060392, -15.91694], [-48.060481, -15.916966], [-48.060507, -15.916886]]]}, "properties": {}},
{"type": "Feature", "geometry": {"type": "Polygon", "coordinates": [[[-48.061029, -15.916782], [-48.061049, -15.916722], [-48.060961, -15.916695], [-48.060948, -15.916736], [-48.060941, -15.916756], [-48.061029, -15.916782]]]}, "properties": {}},
{"type": "Feature", "geometry": {"type": "Polygon", "coordinates": [[[-48.061953, -15.917284], [-48.061856, -15.917255], [-48.061833, -15.917325], [-48.06193, -15.917354], [-48.061953, -15.917284]]]}, "properties": {}},
{"type": "Feature", "geometry": {"type": "Polygon", "coordinates": [[[-48.058073, -15.915533], [-48.058072, -15.915538], [-48.058073, -15.915538], [-48.058075, -15.915539], [-48.058076, -15.91554], [-48.05808, -15.915542], [-48.058081, -15.915543], [-48.058085, -15.915545], [-48.058086, -15.915545], [-48.05809, -15.915547], [-48.058091, -15.915548], [-48.058093, -15.915548], [-48.058095, -15.915549], [-48.058096, -15.91555], [-48.058098, -15.91555], [-48.0581, -15.915551], [-48.058101, -15.915552], [-48.058103, -15.915552], [-48.058105, -15.915553], [-48.058107, -15.915553], [-48.058108, -15.915554], [-48.05811, -15.915554], [-48.058112, -15.915555], [-48.058114, -15.915555], [-48.058116, -15.915556], [-48.058117, -15.915556], [-48.058119, -15.915557], [-48.058123, -15.915557], [-48.058125, -15.915558], [-48.058128, -15.915558], [-48.05813, -15.915559], [-48.058136, -15.915559], [-48.058138, -15.91556], [-48.058141, -15.91556], [-48.058152, -15.91553], [-48.058189, -15.915417], [-48.058106, -15.915391], [-48.058093, -15.915431], [-48.058093, -15.915432], [-48.058105, -15.915435], [-48.058073, -15.915533]]]}, "properties": {}},
{"type": "Feature", "geometry": {"type": "Polygon", "coordinates": [[[-48.063468, -15.915649], [-48.063399, -15.915628], [-48.063385, -15.915673], [-48.063453, -15.915694], [-48.063468, -15.915649]]]}, "properties": {}},
{"type": "Feature", "geometry": {"type": "Polygon", "coordinates": [[[-48.062609, -15.917993], [-48.062628, -15.917936], [-48.06254, -15.917908], [-48.062522, -15.917964], [-48.062609, -15.917993]]]}, "properties": {}},
{"type": "Feature", "geometry": {"type": "Polygon", "coordinates": [[[-48.064713, -15.91813], [-48.064657, -15.918113], [-48.06464, -15.918165], [-48.064696, -15.918182], [-48.064713, -15.91813]]]}, "properties": {}},
{"type": "Feature", "geometry": {"type": "Polygon", "coordinates": [[[-48.063522, -15.913912], [-48.063519, -15.913923], [-48.063531, -15.913927], [-48.063552, -15.913864], [-48.063554, -15.913859], [-48.063568, -15.913816], [-48.063572, -15.913803], [-48.063582, -15.913773], [-48.063494, -15.913745], [-48.063486, -15.913768], [-48.063484, -15.913775], [-48.063459, -15.913854], [-48.063449, -15.913885], [-48.063444, -15.913901], [-48.063458, -15.913905], [-48.063461, -15.913893], [-48.063522, -15.913912]]]}, "properties": {}},
{"type": "Feature", "geometry": {"type": "Polygon", "coordinates": [[[-48.056479, -15.918902], [-48.05649, -15.91887], [-48.056471, -15.918865], [-48.056488, -15.91881], [-48.056393, -15.918781], [-48.056364, -15.918868], [-48.056413, -15.918882], [-48.056479, -15.918902]]]}, "properties": {}},
{"type": "Feature", "geometry": {"type": "Polygon", "coordinates": [[[-48.061831, -15.916047], [-48.061829, -15.916054], [-48.061818, -15.91605], [-48.061792, -15.91613], [-48.061809, -15.916135], [-48.061806, -15.916145], [-48.061824, -15.91615], [-48.06183, -15.916134], [-48.061866, -15.916022], [-48.061776, -15.915995], [-48.061766, -15.916025], [-48.061765, -15.916027], [-48.061831, -15.916047]]]}, "properties": {}},
{"type": "Feature", "geometry": {"type": "Polygon", "coordinates": [[[-48.06265, -15.916078], [-48.062677, -15.916087], [-48.062667, -15.916115], [-48.06264, -15.916107], [-48.06263, -15.916138], [-48.062705, -15.916161], [-48.062715, -15.916131], [-48.062715, -15.916129], [-48.062724, -15.916102], [-48.06274, -15.916052], [-48.062757, -15.915999], [-48.062682, -15.915976], [-48.06267, -15.916015], [-48.062656, -15.916057], [-48.06265, -15.916078]]]}, "properties": {}},
{"type": "Feature", "geometry": {"type": "Polygon", "coordinates": [[[-48.055974, -15.91568], [-48.055963, -15.915716], [-48.055965, -15.915717], [-48.055983, -15.915722], [-48.056009, -15.91573], [-48.056018, -15.915733], [-48.056046, -15.915647], [-48.056022, -15.915639], [-48.055908, -15.915606], [-48.055893, -15.915653], [-48.055892, -15.915655], [-48.055974, -15.91568]]]}, "properties": {}},
{"type": "Feature", "geometry": {"type": "Polygon", "coordinates": [[[-48.054808, -15.919033], [-48.05482, -15.918996], [-48.054829, -15.918969], [-48.054789, -15.918957], [-48.054775, -15.919], [-48.054767, -15.918998], [-48.05477, -15.91899], [-48.054699, -15.918968], [-48.054695, -15.918981], [-48.054681, -15.918976], [-48.054688, -15.918955], [-48.054661, -15.918947], [-48.054658, -15.918946], [-48.054646, -15.918983], [-48.054649, -15.918984], [-48.054808, -15.919033]]]}, "properties": {}},
{"type": "Feature", "geometry": {"type": "Polygon", "coordinates": [[[-48.057065, -15.918904], [-48.057042, -15.918976], [-48.057094, -15.918992], [-48.05708, -15.919035], [-48.057111, -15.919045], [-48.057125, -15.919001], [-48.057131, -15.919003], [-48.057155, -15.918931], [-48.0571, -15.918914], [-48.057108, -15.918892], [-48.057109, -15.918887], [-48.057075, -15.918876], [-48.057073, -15.918881], [-48.057069, -15.918894], [-48.057065, -15.918904]]]}, "properties": {}},
{"type": "Feature", "geometry": {"type": "Polygon", "coordinates": [[[-48.05918, -15.917387], [-48.059196, -15.91734], [-48.05921, -15.917299], [-48.059154, -15.917282], [-48.059137, -15.917277], [-48.059077, -15.917258], [-48.059042, -15.917247], [-48.059013, -15.917335], [-48.059124, -15.91737], [-48.05918, -15.917387]]]}, "properties": {}},
{"type": "Feature", "geometry": {"type": "Polygon", "coordinates": [[[-48.064724, -15.917893], [-48.064727, -15.917884], [-48.064733, -15.917885], [-48.06473, -15.917894], [-48.064735, -15.917896], [-48.06472, -15.917943], [-48.064753, -15.917953], [-48.064776, -15.91796], [-48.064804, -15.917873], [-48.064761, -15.91786], [-48.064673, -15.917833], [-48.064659, -15.917873], [-48.064724, -15.917893]]]}, "properties": {}},
{"type": "Feature", "geometry": {"type": "Polygon", "coordinates": [[[-48.062508, -15.91764], [-48.0625, -15.917665], [-48.062496, -15.917676], [-48.0625, -15.917677], [-48.062518, -15.917682], [-48.062528, -15.91765], [-48.062557, -15.91756], [-48.062559, -15.917551], [-48.062529, -15.917542], [-48.062518, -15.917539], [-48.062514, -15.917552], [-48.062493, -15.917546], [-48.062497, -15.917532], [-48.062469, -15.917524], [-48.062439, -15.917619], [-48.0625, -15.917638], [-48.062508, -15.91764]]]}, "properties": {}},
{"type": "Feature", "geometry": {"type": "Polygon", "coordinates": [[[-48.059506, -15.917562], [-48.059509, -15.917553], [-48.05954, -15.917463], [-48.059473, -15.917442], [-48.059456, -15.917491], [-48.059439, -15.917541], [-48.059506, -15.917562]]]}, "properties": {}},
{"type": "Feature", "geometry": {"type": "Polygon", "coordinates": [[[-48.057471, -15.9175], [-48.05749, -15.917505], [-48.057483, -15.917526], [-48.057481, -15.917531], [-48.057551, -15.917552], [-48.057553, -15.917548], [-48.057603, -15.917398], [-48.057583, -15.917391], [-48.057581, -15.917398], [-48.057557, -15.917391], [-48.057554, -15.917398], [-48.057553, -15.917398], [-48.057557, -15.917383], [-48.057514, -15.91737], [-48.057477, -15.91748], [-48.057471, -15.917499], [-48.057471, -15.9175]], [[-48.057514, -15.917513], [-48.057521, -15.917492], [-48.057506, -15.917488], [-48.057519, -15.917451], [-48.057541, -15.917458], [-48.057522, -15.917515], [-48.057514, -15.917513]]]}, "properties": {}},
{"type": "Feature", "geometry": {"type": "Polygon", "coordinates": [[[-48.055584, -15.916834], [-48.055514, -15.916813], [-48.055492, -15.916878], [-48.055562, -15.916899], [-48.055584, -15.916834]]]}, "properties": {}},
{"type": "Feature", "geometry": {"type": "Polygon", "coordinates": [[[-48.061973, -15.914829], [-48.061946, -15.914821], [-48.061912, -15.914811], [-48.06191, -15.914818], [-48.061902, -15.914841], [-48.061875, -15.914928], [-48.061939, -15.914948], [-48.061971, -15.914835], [-48.061973, -15.914829]]]}, "properties": {}},
{"type": "Feature", "geometry": {"type": "Polygon", "coordinates": [[[-48.060036, -15.91725], [-48.060018, -15.917306], [-48.060072, -15.917323], [-48.0601, -15.917235], [-48.060056, -15.917222], [-48.059967, -15.917196], [-48.059957, -15.917226], [-48.060035, -15.91725], [-48.060036, -15.91725]]]}, "properties": {}},
{"type": "Feature", "geometry": {"type": "Polygon", "coordinates": [[[-48.05429, -15.916406], [-48.054281, -15.916433], [-48.054272, -15.91643], [-48.054252, -15.916492], [-48.05434, -15.91652], [-48.054346, -15.916503], [-48.054358, -15.916466], [-48.054379, -15.916401], [-48.054323, -15.916384], [-48.054329, -15.916369], [-48.054295, -15.916358], [-48.05429, -15.916375], [-48.054281, -15.916403], [-48.05429, -15.916406]]]}, "properties": {}},
{"type": "Feature", "geometry": {"type": "Polygon", "coordinates": [[[-48.06514, -15.918521], [-48.06511, -15.918514], [-48.065094, -15.918566], [-48.06509, -15.918577], [-48.06509, -15.91858], [-48.065103, -15.918584], [-48.065156, -15.9186], [-48.065181, -15.91852], [-48.065197, -15.918469], [-48.06516, -15.918458], [-48.065159, -15.918457], [-48.065142, -15.918525], [-48.065139, -15.918524], [-48.06514, -15.918521]]]}, "properties": {}},
{"type": "Feature", "geometry": {"type": "Polygon", "coordinates": [[[-48.058882, -15.918467], [-48.05886, -15.91846], [-48.058854, -15.918458], [-48.058851, -15.918467], [-48.058825, -15.918459], [-48.058828, -15.91845], [-48.058793, -15.918439], [-48.058774, -15.918496], [-48.058863, -15.918524], [-48.058882, -15.918467]]]}, "properties": {}},
{"type": "Feature", "geometry": {"type": "Polygon", "coordinates": [[[-48.06056, -15.918389], [-48.060649, -15.918416], [-48.060687, -15.918294], [-48.06069, -15.918287], [-48.060696, -15.918266], [-48.060608, -15.91824], [-48.060608, -15.918241], [-48.060606, -15.918245], [-48.06056, -15.918389]]]}, "properties": {}},
{"type": "Feature", "geometry": {"type": "Polygon", "coordinates": [[[-48.064267, -15.918254], [-48.064347, -15.918279], [-48.064362, -15.918233], [-48.064378, -15.918238], [-48.064384, -15.91822], [-48.064262, -15.918182], [-48.064234, -15.918269], [-48.064259, -15.918277], [-48.064267, -15.918254]]]}, "properties": {}},
{"type": "Feature", "geometry": {"type": "Polygon", "coordinates": [[[-48.059962, -15.918116], [-48.05997, -15.918118], [-48.059984, -15.918075], [-48.059991, -15.918052], [-48.0599, -15.918025], [-48.059868, -15.918127], [-48.059951, -15.918152], [-48.059962, -15.918116]]]}, "properties": {}},
{"type": "Feature", "geometry": {"type": "Polygon", "coordinates": [[[-48.06171, -15.917298], [-48.061766, -15.917315], [-48.06183, -15.917335], [-48.061833, -15.917325], [-48.061856, -15.917255], [-48.061858, -15.917249], [-48.061725, -15.91721], [-48.061716, -15.917238], [-48.061728, -15.917242], [-48.06171, -15.917298]]]}, "properties": {}},
{"type": "Feature", "geometry": {"type": "Polygon", "coordinates": [[[-48.063818, -15.918646], [-48.063953, -15.918687], [-48.063975, -15.918693], [-48.063978, -15.918694], [-48.064006, -15.918606], [-48.064003, -15.918605], [-48.063922, -15.918581], [-48.063919, -15.918591], [-48.063843, -15.918568], [-48.063818, -15.918646]]]}, "properties": {}},
{"type": "Feature", "geometry": {"type": "Polygon", "coordinates": [[[-48.063761, -15.918958], [-48.063722, -15.918946], [-48.06372, -15.918951], [-48.063693, -15.919033], [-48.063763, -15.919054], [-48.063764, -15.919055], [-48.063787, -15.918976], [-48.063758, -15.918968], [-48.063761, -15.918958]]]}, "properties": {}},
{"type": "Feature", "geometry": {"type": "Polygon", "coordinates": [[[-48.057455, -15.918814], [-48.057483, -15.918823], [-48.057498, -15.918779], [-48.05751, -15.918742], [-48.057483, -15.918733], [-48.057478, -15.91875], [-48.05745, -15.918742], [-48.057456, -15.918725], [-48.057421, -15.918714], [-48.057414, -15.918736], [-48.057381, -15.918838], [-48.057416, -15.918849], [-48.057428, -15.918811], [-48.057454, -15.918819], [-48.057455, -15.918814]]]}, "properties": {}},
{"type": "Feature", "geometry": {"type": "Polygon", "coordinates": [[[-48.057104, -15.916678], [-48.057107, -15.916667], [-48.057131, -15.916591], [-48.0571, -15.916582], [-48.057072, -15.916667], [-48.057072, -15.916668], [-48.057104, -15.916678]]]}, "properties": {}},
{"type": "Feature", "geometry": {"type": "Polygon", "coordinates": [[[-48.054248, -15.915899], [-48.054329, -15.915923], [-48.054353, -15.915848], [-48.054361, -15.91585], [-48.054377, -15.915802], [-48.054379, -15.915795], [-48.05429, -15.91577], [-48.054283, -15.915792], [-48.054266, -15.915843], [-48.054248, -15.915899]]]}, "properties": {}},
{"type": "Feature", "geometry": {"type": "Polygon", "coordinates": [[[-48.057549, -15.916955], [-48.057549, -15.916956], [-48.057593, -15.916969], [-48.057599, -15.916952], [-48.057645, -15.916966], [-48.057664, -15.916906], [-48.05768, -15.916855], [-48.057688, -15.916829], [-48.057599, -15.916801], [-48.057587, -15.916839], [-48.057552, -15.916946], [-48.057549, -15.916955]]]}, "properties": {}},
{"type": "Feature", "geometry": {"type": "Polygon", "coordinates": [[[-48.064939, -15.917914], [-48.064962, -15.917846], [-48.064873, -15.917819], [-48.064851, -15.917887], [-48.064925, -15.91791], [-48.064939, -15.917914]]]}, "properties": {}},
{"type": "Feature", "geometry": {"type": "Polygon", "coordinates": [[[-48.061313, -15.916373], [-48.061357, -15.916386], [-48.06138, -15.916318], [-48.061335, -15.916304], [-48.061313, -15.916373]]]}, "properties": {}},
{"type": "Feature", "geometry": {"type": "Polygon", "coordinates": [[[-48.056443, -15.917814], [-48.056438, -15.917813], [-48.05642, -15.917808], [-48.056306, -15.917773], [-48.056284, -15.917842], [-48.056411, -15.917881], [-48.056443, -15.917814]]]}, "properties": {}},
{"type": "Feature", "geometry": {"type": "Polygon", "coordinates": [[[-48.059543, -15.916118], [-48.059529, -15.916164], [-48.059573, -15.916177], [-48.059583, -15.91618], [-48.059618, -15.91619], [-48.059631, -15.916153], [-48.059559, -15.916131], [-48.059565, -15.916112], [-48.059579, -15.916116], [-48.059602, -15.916045], [-48.059601, -15.916044], [-48.059572, -15.916035], [-48.059571, -15.916035], [-48.059567, -15.916046], [-48.059544, -15.916118], [-48.059543, -15.916118]]]}, "properties": {}},
{"type": "Feature", "geometry": {"type": "Polygon", "coordinates": [[[-48.06183, -15.917335], [-48.061766, -15.917315], [-48.061738, -15.917403], [-48.061802, -15.917422], [-48.06183, -15.917335]]]}, "properties": {}},
{"type": "Feature", "geometry": {"type": "Polygon", "coordinates": [[[-48.064082, -15.91464], [-48.064137, -15.914656], [-48.064172, -15.914547], [-48.064084, -15.91452], [-48.064059, -15.914593], [-48.064094, -15.914604], [-48.064082, -15.91464]]]}, "properties": {}},
{"type": "Feature", "geometry": {"type": "Polygon", "coordinates": [[[-48.060827, -15.91847], [-48.060827, -15.918469], [-48.06086, -15.918368], [-48.060769, -15.918341], [-48.060737, -15.918442], [-48.06078, -15.918455], [-48.060827, -15.91847]]]}, "properties": {}},
{"type": "Feature", "geometry": {"type": "Polygon", "coordinates": [[[-48.054255, -15.917897], [-48.054271, -15.917851], [-48.054298, -15.917766], [-48.054266, -15.917756], [-48.054244, -15.91775], [-48.054209, -15.917739], [-48.054194, -15.917786], [-48.054168, -15.917871], [-48.054255, -15.917897]]]}, "properties": {}},
{"type": "Feature", "geometry": {"type": "Polygon", "coordinates": [[[-48.059983, -15.918203], [-48.05998, -15.918213], [-48.060034, -15.918229], [-48.060047, -15.918189], [-48.06006, -15.918148], [-48.060041, -15.918142], [-48.060036, -15.918157], [-48.059965, -15.918135], [-48.059956, -15.918162], [-48.059947, -15.918192], [-48.059983, -15.918203]]]}, "properties": {}},
{"type": "Feature", "geometry": {"type": "Polygon", "coordinates": [[[-48.055474, -15.91604], [-48.055491, -15.916045], [-48.055494, -15.916046], [-48.055522, -15.915961], [-48.055504, -15.915955], [-48.055502, -15.915955], [-48.055413, -15.915928], [-48.055393, -15.915922], [-48.055365, -15.916007], [-48.055474, -15.916039], [-48.055474, -15.91604]]]}, "properties": {}},
{"type": "Feature", "geometry": {"type": "Polygon", "coordinates": [[[-48.063319, -15.918463], [-48.063293, -15.918455], [-48.063285, -15.918481], [-48.063271, -15.918523], [-48.063361, -15.918552], [-48.06338, -15.918495], [-48.063387, -15.918475], [-48.063389, -15.918467], [-48.063341, -15.918452], [-48.063335, -15.918472], [-48.063318, -15.918467], [-48.063319, -15.918463]]]}, "properties": {}},
{"type": "Feature", "geometry": {"type": "Polygon", "coordinates": [[[-48.062847, -15.917569], [-48.062869, -15.917503], [-48.062777, -15.917475], [-48.062755, -15.917543], [-48.062847, -15.91757], [-48.062847, -15.917569]]]}, "properties": {}},
{"type": "Feature", "geometry": {"type": "Polygon", "coordinates": [[[-48.06174, -15.915504], [-48.061703, -15.915492], [-48.061716, -15.915451], [-48.061754, -15.915462], [-48.061766, -15.915422], [-48.061729, -15.915411], [-48.061676, -15.915394], [-48.061634, -15.915525], [-48.061725, -15.915552], [-48.06174, -15.915504]]]}, "properties": {}},
{"type": "Feature", "geometry": {"type": "Polygon", "coordinates": [[[-48.064948, -15.915259], [-48.064951, -15.91525], [-48.064953, -15.915251], [-48.06496, -15.915229], [-48.064981, -15.915236], [-48.064999, -15.915176], [-48.064932, -15.915155], [-48.064932, -15.915156], [-48.064905, -15.915246], [-48.064948, -15.915259]]]}, "properties": {}},
{"type": "Feature", "geometry": {"type": "Polygon", "coordinates": [[[-48.065117, -15.914317], [-48.065128, -15.914282], [-48.065109, -15.914276], [-48.065109, -15.914275], [-48.065099, -15.914272], [-48.065082, -15.914324], [-48.065112, -15.914333], [-48.065117, -15.914317]]]}, "properties": {}},
{"type": "Feature", "geometry": {"type": "Polygon", "coordinates": [[[-48.06176, -15.915056], [-48.061759, -15.91506], [-48.061826, -15.915081], [-48.061828, -15.915076], [-48.061834, -15.915059], [-48.061854, -15.914993], [-48.061863, -15.914964], [-48.061836, -15.914955], [-48.061804, -15.91505], [-48.061798, -15.915048], [-48.061831, -15.91495], [-48.061865, -15.91496], [-48.061875, -15.914928], [-48.061809, -15.91491], [-48.061784, -15.914985], [-48.06176, -15.915056]]]}, "properties": {}}]}
