{"type": "FeatureCollection", "features": [
{"type": "Feature", "geometry": {"type": "Polygon", "coordinates": [[[-43.36169, -22.838872, 0], [-43.361694, -22.838816, 0], [-43.36163, -22.838812, 0], [-43.361625, -22.838867, 0], [-43.36169, -22.838872, 0]]]}, "properties": {"address": "122641, 0"}},
{"type": "Feature", "geometry": {"type": "Polygon", "coordinates": [[[-43.362253, -22.839222, 0], [-43.362266, -22.839173, 0], [-43.36208, -22.839125, 0], [-43.362063, -22.839175, 0], [-43.362253, -22.839222, 0]]]}, "properties": {"address": "122635, 0"}},
{"type": "Feature", "geometry": {"type": "Polygon", "coordinates": [[[-43.359808, -22.836511, 0], [-43.359848, -22.836482, 0], [-43.359725, -22.836335, 0], [-43.359686, -22.836364, 0], [-43.359808, -22.836511, 0]]]}, "properties": {"info": {"is_agg": true, "properties_agg": [{"via": 122614, "hnum": 0, "feature_id": 443230}], "geom_cmp_equals": [false], "geom_cmp_intersec": [0]}, "error": 100, "address": "122614, 0"}},
{"type": "Feature", "geometry": {"type": "Polygon", "coordinates": [[[-43.354433, -22.838877, 0], [-43.354454, -22.838785, 0], [-43.354338, -22.838759, 0], [-43.354318, -22.838851, 0], [-43.354433, -22.838877, 0]]]}, "properties": {"address": "119281, 672451"}},
{"type": "Feature", "geometry": {"type": "Polygon", "coordinates": [[[-43.356123, -22.838962, 0], [-43.356191, -22.838913, 0], [-43.356041, -22.838733, 0], [-43.355971, -22.838784, 0], [-43.356123, -22.838962, 0]]]}, "properties": {"address": "120679, 746102"}},
{"type": "Feature", "geometry": {"type": "Polygon", "coordinates": [[[-43.356258, -22.838864, 0], [-43.356332, -22.83881, 0], [-43.35618, -22.838633, 0], [-43.356109, -22.838684, 0], [-43.356258, -22.838864, 0]]]}, "properties": {"address": "120679, 170047"}},
{"type": "Feature", "geometry": {"type": "Polygon", "coordinates": [[[-43.355171, -22.838878, 0], [-43.355178, -22.838844, 0], [-43.355181, -22.838833, 0], [-43.355188, -22.838799, 0], [-43.35515, -22.838791, 0], [-43.355126, -22.838786, 0], [-43.355125, -22.838786, 0], [-43.355068, -22.838775, 0], [-43.355046, -22.838884, 0], [-43.355004, -22.839088, 0], [-43.354988, -22.839167, 0], [-43.354987, -22.839175, 0], [-43.354983, -22.839194, 0], [-43.355097, -22.839229, 0], [-43.355132, -22.839061, 0], [-43.355134, -22.839053, 0], [-43.355143, -22.839009, 0], [-43.355147, -22.83899, 0], [-43.355147, -22.838988, 0], [-43.355152, -22.838967, 0], [-43.355171, -22.838878, 0]]]}, "properties": {"address": "144417, 746129"}},
{"type": "Feature", "geometry": {"type": "Polygon", "coordinates": [[[-43.353361, -22.838871, 0], [-43.353414, -22.838625, 0], [-43.353326, -22.838607, 0], [-43.353271, -22.838852, 0], [-43.353361, -22.838871, 0]]]}, "properties": {"address": "163712, 744603"}},
{"type": "Feature", "geometry": {"type": "Polygon", "coordinates": [[[-43.353016, -22.838645, 0], [-43.353034, -22.838568, 0], [-43.352838, -22.838532, 0], [-43.35282, -22.838604, 0], [-43.353016, -22.838645, 0]]]}, "properties": {"address": "119286, 48460"}},
{"type": "Feature", "geometry": {"type": "Polygon", "coordinates": [[[-43.354828, -22.838792, 0], [-43.35482, -22.83883, 0], [-43.354818, -22.83884, 0], [-43.354815, -22.838853, 0], [-43.354808, -22.838889, 0], [-43.354803, -22.838911, 0], [-43.354795, -22.838951, 0], [-43.354782, -22.83901, 0], [-43.354779, -22.839026, 0], [-43.354759, -22.839121, 0], [-43.354755, -22.839139, 0], [-43.354869, -22.839166, 0], [-43.354871, -22.839153, 0], [-43.354874, -22.839142, 0], [-43.354878, -22.83912, 0], [-43.354929, -22.838869, 0], [-43.354953, -22.838752, 0], [-43.354898, -22.838741, 0], [-43.354841, -22.83873, 0], [-43.354833, -22.838768, 0], [-43.354828, -22.838792, 0]]]}, "properties": {"address": "144417, 746130"}},
{"type": "Feature", "geometry": {"type": "Polygon", "coordinates": [[[-43.355299, -22.839563, 0], [-43.355195, -22.839489, 0], [-43.355056, -22.839415, 0], [-43.354971, -22.8398, 0], [-43.355299, -22.839563, 0]]]}, "properties": {"address": "144417, 69669"}},
{"type": "Feature", "geometry": {"type": "Polygon", "coordinates": [[[-43.352815, -22.838754, 0], [-43.35286, -22.838762, 0], [-43.352902, -22.838769, 0], [-43.352922, -22.838773, 0], [-43.352948, -22.838773, 0], [-43.352963, -22.838768, 0], [-43.352978, -22.83876, 0], [-43.352985, -22.838752, 0], [-43.352998, -22.838716, 0], [-43.353016, -22.838645, 0], [-43.35282, -22.838604, 0], [-43.352783, -22.838747, 0], [-43.352815, -22.838754, 0]]]}, "properties": {"address": "119286, 48467"}},
{"type": "Feature", "geometry": {"type": "Polygon", "coordinates": [[[-43.361475, -22.838154, 0], [-43.361602, -22.838025, 0], [-43.361532, -22.837981, 0], [-43.361527, -22.837978, 0], [-43.361393, -22.83812, 0], [-43.361475, -22.838154, 0]]]}, "properties": {"address": "122645, 0"}},
{"type": "Feature", "geometry": {"type": "Polygon", "coordinates": [[[-43.353314, -22.839142, 0], [-43.353298, -22.839228, 0], [-43.35329, -22.839268, 0], [-43.353284, -22.839301, 0], [-43.353279, -22.839327, 0], [-43.353276, -22.839342, 0], [-43.353255, -22.839458, 0], [-43.353319, -22.83947, 0], [-43.353322, -22.839453, 0], [-43.35333, -22.839411, 0], [-43.353331, -22.839406, 0], [-43.353335, -22.839378, 0], [-43.353341, -22.839344, 0], [-43.353348, -22.839344, 0], [-43.353398, -22.83935, 0], [-43.353404, -22.83931, 0], [-43.353431, -22.839152, 0], [-43.353445, -22.839087, 0], [-43.353455, -22.839038, 0], [-43.35344, -22.839035, 0], [-43.353419, -22.839031, 0], [-43.35339, -22.839025, 0], [-43.353339, -22.839014, 0], [-43.353317, -22.839127, 0], [-43.353314, -22.839142, 0]]]}, "properties": {"address": "163712, 834117"}},
{"type": "Feature", "geometry": {"type": "Polygon", "coordinates": [[[-43.353018, -22.839125, 0], [-43.353013, -22.839154, 0], [-43.353005, -22.839192, 0], [-43.352998, -22.839227, 0], [-43.353015, -22.83923, 0], [-43.35307, -22.839237, 0], [-43.353079, -22.839239, 0], [-43.353079, -22.839236, 0], [-43.353096, -22.839142, 0], [-43.353097, -22.839138, 0], [-43.35311, -22.83907, 0], [-43.353124, -22.838994, 0], [-43.353047, -22.838978, 0], [-43.353042, -22.839003, 0], [-43.353018, -22.839125, 0]]]}, "properties": {"address": "163712, 761056"}},
{"type": "Feature", "geometry": {"type": "Polygon", "coordinates": [[[-43.355181, -22.838833, 0], [-43.355178, -22.838844, 0], [-43.355171, -22.838878, 0], [-43.355197, -22.838883, 0], [-43.35523, -22.838889, 0], [-43.355234, -22.83889, 0], [-43.35527, -22.838897, 0], [-43.355297, -22.838902, 0], [-43.355393, -22.838919, 0], [-43.355408, -22.838922, 0], [-43.35541, -22.838923, 0], [-43.355413, -22.838923, 0], [-43.355417, -22.838909, 0], [-43.355417, -22.838908, 0], [-43.355429, -22.83885, 0], [-43.355431, -22.838842, 0], [-43.355397, -22.838836, 0], [-43.35534, -22.838825, 0], [-43.355251, -22.838809, 0], [-43.355247, -22.838808, 0], [-43.355188, -22.838797, 0], [-43.355188, -22.838799, 0], [-43.355181, -22.838833, 0]]]}, "properties": {"address": "121803, 169071"}},
{"type": "Feature", "geometry": {"type": "Polygon", "coordinates": [[[-43.35533, -22.838658, 0], [-43.355352, -22.838662, 0], [-43.355382, -22.838667, 0], [-43.355438, -22.838678, 0], [-43.355442, -22.838679, 0], [-43.355466, -22.838683, 0], [-43.355482, -22.838613, 0], [-43.355454, -22.838608, 0], [-43.355335, -22.838585, 0], [-43.355323, -22.838639, 0], [-43.35532, -22.838656, 0], [-43.35533, -22.838658, 0]]]}, "properties": {"address": "121803, 746110"}},
{"type": "Feature", "geometry": {"type": "Polygon", "coordinates": [[[-43.355662, -22.838617, 0], [-43.355701, -22.838624, 0], [-43.355737, -22.83863, 0], [-43.355752, -22.838633, 0], [-43.355805, -22.838642, 0], [-43.355811, -22.838643, 0], [-43.355901, -22.838659, 0], [-43.355907, -22.838628, 0], [-43.355917, -22.83858, 0], [-43.355837, -22.838566, 0], [-43.355702, -22.838542, 0], [-43.355678, -22.838538, 0], [-43.355669, -22.838584, 0], [-43.355662, -22.838617, 0]]]}, "properties": {"address": "121803, 746148"}},
{"type": "Feature", "geometry": {"type": "Polygon", "coordinates": [[[-43.355247, -22.838808, 0], [-43.355251, -22.838809, 0], [-43.35534, -22.838825, 0], [-43.355397, -22.838836, 0], [-43.355431, -22.838842, 0], [-43.355436, -22.83882, 0], [-43.355442, -22.838794, 0], [-43.355448, -22.838765, 0], [-43.355425, -22.83876, 0], [-43.355413, -22.838758, 0], [-43.355364, -22.838748, 0], [-43.355302, -22.838736, 0], [-43.35529, -22.838734, 0], [-43.355282, -22.838732, 0], [-43.355268, -22.83873, 0], [-43.355206, -22.838718, 0], [-43.355188, -22.838797, 0], [-43.355247, -22.838808, 0]]]}, "properties": {"address": "121803, 746108"}},
{"type": "Feature", "geometry": {"type": "Polygon", "coordinates": [[[-43.355251, -22.838643, 0], [-43.355223, -22.838638, 0], [-43.355213, -22.838683, 0], [-43.355206, -22.838718, 0], [-43.355268, -22.83873, 0], [-43.355282, -22.838732, 0], [-43.35529, -22.838734, 0], [-43.355302, -22.838736, 0], [-43.355364, -22.838748, 0], [-43.355413, -22.838758, 0], [-43.355425, -22.83876, 0], [-43.355448, -22.838765, 0], [-43.355466, -22.838683, 0], [-43.355442, -22.838679, 0], [-43.355438, -22.838678, 0], [-43.355382, -22.838667, 0], [-43.355352, -22.838662, 0], [-43.35533, -22.838658, 0], [-43.35532, -22.838656, 0], [-43.355251, -22.838643, 0]]]}, "properties": {"address": "121803, 172031"}},
{"type": "Feature", "geometry": {"type": "Polygon", "coordinates": [[[-43.355251, -22.838643, 0], [-43.35532, -22.838656, 0], [-43.355323, -22.838639, 0], [-43.355335, -22.838585, 0], [-43.355454, -22.838608, 0], [-43.355482, -22.838613, 0], [-43.355484, -22.838603, 0], [-43.355467, -22.8386, 0], [-43.355325, -22.838574, 0], [-43.355302, -22.83857, 0], [-43.355301, -22.83857, 0], [-43.35524, -22.838559, 0], [-43.355223, -22.838638, 0], [-43.355251, -22.838643, 0]]]}, "properties": {"address": "121803, 0"}},
{"type": "Feature", "geometry": {"type": "Polygon", "coordinates": [[[-43.354199, -22.839558, 0], [-43.354217, -22.839561, 0], [-43.354279, -22.839233, 0], [-43.354281, -22.839224, 0], [-43.354268, -22.839222, 0], [-43.354264, -22.839243, 0], [-43.354199, -22.839558, 0]]]}, "properties": {"address": "163711, 830378"}},
{"type": "Feature", "geometry": {"type": "Polygon", "coordinates": [[[-43.352927, -22.839143, 0], [-43.352924, -22.839157, 0], [-43.352914, -22.839215, 0], [-43.352918, -22.839216, 0], [-43.352913, -22.839243, 0], [-43.352958, -22.83925, 0], [-43.352961, -22.839231, 0], [-43.352975, -22.83915, 0], [-43.353007, -22.838971, 0], [-43.353001, -22.838969, 0], [-43.352971, -22.838963, 0], [-43.35296, -22.838961, 0], [-43.352939, -22.83908, 0], [-43.352927, -22.839143, 0]]]}, "properties": {"address": "163713, 834156"}},
{"type": "Feature", "geometry": {"type": "Polygon", "coordinates": [[[-43.352833, -22.838968, 0], [-43.352816, -22.83906, 0], [-43.352812, -22.839084, 0], [-43.352809, -22.8391, 0], [-43.352801, -22.839148, 0], [-43.352798, -22.839163, 0], [-43.352791, -22.839203, 0], [-43.35279, -22.839211, 0], [-43.352786, -22.839233, 0], [-43.352764, -22.839356, 0], [-43.352778, -22.83936, 0], [-43.352874, -22.839378, 0], [-43.352925, -22.839389, 0], [-43.352932, -22.83939, 0], [-43.352942, -22.839338, 0], [-43.352946, -22.839313, 0], [-43.352948, -22.839302, 0], [-43.352949, -22.839296, 0], [-43.352955, -22.839263, 0], [-43.352958, -22.83925, 0], [-43.352913, -22.839243, 0], [-43.352918, -22.839216, 0], [-43.352914, -22.839215, 0], [-43.352924, -22.839157, 0], [-43.352927, -22.839143, 0], [-43.352939, -22.83908, 0], [-43.35296, -22.838961, 0], [-43.352948, -22.838959, 0], [-43.352876, -22.838944, 0], [-43.352839, -22.838936, 0], [-43.352834, -22.838967, 0], [-43.352833, -22.838968, 0]]]}, "properties": {"address": "163713, 834204"}},
{"type": "Feature", "geometry": {"type": "Polygon", "coordinates": [[[-43.352437, -22.838868, 0], [-43.352444, -22.838869, 0], [-43.352456, -22.83887, 0], [-43.352545, -22.83888, 0], [-43.352546, -22.83888, 0], [-43.352554, -22.838881, 0], [-43.352558, -22.838852, 0], [-43.35255, -22.83885, 0], [-43.352474, -22.838837, 0], [-43.35246, -22.838835, 0], [-43.352452, -22.838833, 0], [-43.352404, -22.838825, 0], [-43.352399, -22.838864, 0], [-43.352437, -22.838868, 0]]]}, "properties": {"address": "163713, 834096"}},
{"type": "Feature", "geometry": {"type": "Polygon", "coordinates": [[[-43.352527, -22.839035, 0], [-43.352527, -22.839036, 0], [-43.352553, -22.83904, 0], [-43.352561, -22.839041, 0], [-43.352618, -22.83905, 0], [-43.352624, -22.839051, 0], [-43.35263, -22.839014, 0], [-43.352535, -22.838997, 0], [-43.352528, -22.839033, 0], [-43.352527, -22.839035, 0]]]}, "properties": {"address": "163713, 0"}},
{"type": "Feature", "geometry": {"type": "Polygon", "coordinates": [[[-43.35263, -22.839014, 0], [-43.352624, -22.839051, 0], [-43.352617, -22.839088, 0], [-43.352602, -22.839137, 0], [-43.352626, -22.839141, 0], [-43.352645, -22.839017, 0], [-43.352665, -22.838902, 0], [-43.352651, -22.838899, 0], [-43.352647, -22.838923, 0], [-43.35263, -22.839014, 0]]]}, "properties": {"address": "163713, 761121"}},
{"type": "Feature", "geometry": {"type": "Polygon", "coordinates": [[[-43.35255, -22.838914, 0], [-43.35255, -22.838916, 0], [-43.352548, -22.83893, 0], [-43.352547, -22.838934, 0], [-43.352544, -22.838948, 0], [-43.352535, -22.838997, 0], [-43.35263, -22.839014, 0], [-43.352647, -22.838923, 0], [-43.352651, -22.838899, 0], [-43.352657, -22.838869, 0], [-43.352558, -22.838852, 0], [-43.352554, -22.838881, 0], [-43.35255, -22.838914, 0]]]}, "properties": {"address": "163713, 834045"}},
{"type": "Feature", "geometry": {"type": "Polygon", "coordinates": [[[-43.352626, -22.839141, 0], [-43.352615, -22.839207, 0], [-43.352613, -22.839216, 0], [-43.352595, -22.83932, 0], [-43.352607, -22.839322, 0], [-43.352617, -22.839324, 0], [-43.352618, -22.839325, 0], [-43.352624, -22.839326, 0], [-43.352715, -22.839346, 0], [-43.35275, -22.839353, 0], [-43.352764, -22.839356, 0], [-43.352786, -22.839233, 0], [-43.35279, -22.839211, 0], [-43.352791, -22.839203, 0], [-43.352798, -22.839163, 0], [-43.352801, -22.839148, 0], [-43.352809, -22.8391, 0], [-43.352812, -22.839084, 0], [-43.352816, -22.83906, 0], [-43.352833, -22.838968, 0], [-43.352834, -22.838967, 0], [-43.352839, -22.838936, 0], [-43.352818, -22.838932, 0], [-43.352769, -22.838921, 0], [-43.352665, -22.838902, 0], [-43.352645, -22.839017, 0], [-43.352626, -22.839141, 0]]]}, "properties": {"address": "163713, 834073"}},
{"type": "Feature", "geometry": {"type": "Polygon", "coordinates": [[[-43.354006, -22.839505, 0], [-43.354089, -22.839518, 0], [-43.35415, -22.839221, 0], [-43.354154, -22.839201, 0], [-43.354066, -22.839185, 0], [-43.354027, -22.839392, 0], [-43.354006, -22.839505, 0]]]}, "properties": {"address": "163711, 830376"}},
{"type": "Feature", "geometry": {"type": "Polygon", "coordinates": [[[-43.354063, -22.839627, 0], [-43.354067, -22.839627, 0], [-43.354072, -22.8396, 0], [-43.354089, -22.839518, 0], [-43.354006, -22.839505, 0], [-43.354027, -22.839392, 0], [-43.354066, -22.839185, 0], [-43.354039, -22.83918, 0], [-43.353959, -22.839606, 0], [-43.354063, -22.839627, 0]]]}, "properties": {"address": "163711, 0"}},
{"type": "Feature", "geometry": {"type": "Polygon", "coordinates": [[[-43.353654, -22.838612, 0], [-43.353651, -22.838627, 0], [-43.353584, -22.838918, 0], [-43.353699, -22.838943, 0], [-43.353794, -22.838518, 0], [-43.353773, -22.838514, 0], [-43.353677, -22.838495, 0], [-43.353666, -22.838553, 0], [-43.353654, -22.838612, 0]]]}, "properties": {"address": "163711, 671171"}},
{"type": "Feature", "geometry": {"type": "Polygon", "coordinates": [[[-43.353893, -22.839594, 0], [-43.353959, -22.839606, 0], [-43.354039, -22.83918, 0], [-43.354026, -22.839177, 0], [-43.353924, -22.839158, 0], [-43.353846, -22.839585, 0], [-43.353893, -22.839594, 0]]]}, "properties": {"address": "163711, 69668"}},
{"type": "Feature", "geometry": {"type": "Polygon", "coordinates": [[[-43.354089, -22.839518, 0], [-43.354072, -22.8396, 0], [-43.354067, -22.839627, 0], [-43.35415, -22.839643, 0], [-43.354182, -22.839649, 0], [-43.354199, -22.839558, 0], [-43.354264, -22.839243, 0], [-43.354268, -22.839222, 0], [-43.354201, -22.83921, 0], [-43.354154, -22.839201, 0], [-43.35415, -22.839221, 0], [-43.354089, -22.839518, 0]]]}, "properties": {"address": "163711, 830373"}},
{"type": "Feature", "geometry": {"type": "Polygon", "coordinates": [[[-43.353808, -22.839578, 0], [-43.353846, -22.839585, 0], [-43.353924, -22.839158, 0], [-43.353889, -22.839152, 0], [-43.353808, -22.839137, 0], [-43.35373, -22.839563, 0], [-43.353808, -22.839578, 0]]]}, "properties": {"address": "163711, 69895"}},
{"type": "Feature", "geometry": {"type": "Polygon", "coordinates": [[[-43.353927, -22.839, 0], [-43.353934, -22.838972, 0], [-43.354025, -22.838567, 0], [-43.354004, -22.838563, 0], [-43.353795, -22.838518, 0], [-43.353794, -22.838518, 0], [-43.353699, -22.838943, 0], [-43.353927, -22.839, 0]]]}, "properties": {"address": "163711, 431634"}},
{"type": "Feature", "geometry": {"type": "Polygon", "coordinates": [[[-43.354281, -22.839081, 0], [-43.354319, -22.839089, 0], [-43.354322, -22.83908, 0], [-43.354322, -22.839078, 0], [-43.354346, -22.838965, 0], [-43.354295, -22.838955, 0], [-43.354267, -22.839079, 0], [-43.354281, -22.839081, 0]]]}, "properties": {"address": "163711, 672453"}},
{"type": "Feature", "geometry": {"type": "Polygon", "coordinates": [[[-43.354152, -22.839056, 0], [-43.354267, -22.839079, 0], [-43.354295, -22.838955, 0], [-43.354318, -22.838851, 0], [-43.354338, -22.838759, 0], [-43.354352, -22.838698, 0], [-43.354365, -22.838638, 0], [-43.354249, -22.838614, 0], [-43.354162, -22.839017, 0], [-43.354152, -22.839056, 0]]]}, "properties": {"address": "163711, 746138"}},
{"type": "Feature", "geometry": {"type": "Polygon", "coordinates": [[[-43.353927, -22.839, 0], [-43.354152, -22.839056, 0], [-43.354162, -22.839017, 0], [-43.354249, -22.838614, 0], [-43.354025, -22.838567, 0], [-43.353934, -22.838972, 0], [-43.353927, -22.839, 0]]]}, "properties": {"address": "163711, 342513"}},
{"type": "Feature", "geometry": {"type": "Polygon", "coordinates": [[[-43.354279, -22.839233, 0], [-43.354217, -22.839561, 0], [-43.354199, -22.839558, 0], [-43.354182, -22.839649, 0], [-43.354236, -22.83966, 0], [-43.354298, -22.839671, 0], [-43.354369, -22.839294, 0], [-43.354381, -22.839233, 0], [-43.354334, -22.839224, 0], [-43.354283, -22.839214, 0], [-43.354281, -22.839224, 0], [-43.354279, -22.839233, 0]]]}, "properties": {"address": "163711, 923406"}},
{"type": "Feature", "geometry": {"type": "Polygon", "coordinates": [[[-43.354322, -22.83908, 0], [-43.354367, -22.839089, 0], [-43.354387, -22.839075, 0], [-43.354387, -22.839073, 0], [-43.35441, -22.838976, 0], [-43.354346, -22.838965, 0], [-43.354322, -22.839078, 0], [-43.354322, -22.83908, 0]]]}, "properties": {"address": "119281, 340091"}},
{"type": "Feature", "geometry": {"type": "Polygon", "coordinates": [[[-43.354649, -22.838668, 0], [-43.354696, -22.838677, 0], [-43.354775, -22.838693, 0], [-43.354794, -22.838608, 0], [-43.354782, -22.838606, 0], [-43.354627, -22.838576, 0], [-43.354609, -22.83866, 0], [-43.354649, -22.838668, 0]]]}, "properties": {"address": "119281, 51340"}},
{"type": "Feature", "geometry": {"type": "Polygon", "coordinates": [[[-43.354346, -22.838965, 0], [-43.35441, -22.838976, 0], [-43.354433, -22.838877, 0], [-43.354318, -22.838851, 0], [-43.354295, -22.838955, 0], [-43.354346, -22.838965, 0]]]}, "properties": {"address": "119281, 672452"}},
{"type": "Feature", "geometry": {"type": "Polygon", "coordinates": [[[-43.354553, -22.839023, 0], [-43.354546, -22.839049, 0], [-43.354546, -22.839058, 0], [-43.354547, -22.839063, 0], [-43.354549, -22.839067, 0], [-43.354552, -22.839072, 0], [-43.354555, -22.839075, 0], [-43.354559, -22.839079, 0], [-43.354567, -22.839083, 0], [-43.354572, -22.839085, 0], [-43.354577, -22.839086, 0], [-43.35458, -22.839086, 0], [-43.354614, -22.839092, 0], [-43.354682, -22.839106, 0], [-43.354759, -22.839121, 0], [-43.354779, -22.839026, 0], [-43.354782, -22.83901, 0], [-43.354795, -22.838951, 0], [-43.354646, -22.838919, 0], [-43.354635, -22.838917, 0], [-43.354581, -22.838906, 0], [-43.354563, -22.838982, 0], [-43.354553, -22.839023, 0]]]}, "properties": {"address": "119281, 316063"}},
{"type": "Feature", "geometry": {"type": "Polygon", "coordinates": [[[-43.354696, -22.838677, 0], [-43.354649, -22.838668, 0], [-43.354609, -22.83866, 0], [-43.354604, -22.838683, 0], [-43.354628, -22.838688, 0], [-43.354644, -22.838691, 0], [-43.354692, -22.838701, 0], [-43.354707, -22.838704, 0], [-43.354738, -22.83871, 0], [-43.354784, -22.838719, 0], [-43.354804, -22.838634, 0], [-43.354859, -22.838644, 0], [-43.354864, -22.838621, 0], [-43.354794, -22.838608, 0], [-43.354775, -22.838693, 0], [-43.354696, -22.838677, 0]]]}, "properties": {"address": "119281, 672440"}},
{"type": "Feature", "geometry": {"type": "Polygon", "coordinates": [[[-43.354859, -22.838644, 0], [-43.354804, -22.838634, 0], [-43.354784, -22.838719, 0], [-43.354817, -22.838725, 0], [-43.354841, -22.83873, 0], [-43.354898, -22.838741, 0], [-43.354953, -22.838752, 0], [-43.355017, -22.838765, 0], [-43.355048, -22.83863, 0], [-43.355027, -22.838626, 0], [-43.35487, -22.838595, 0], [-43.354864, -22.838621, 0], [-43.354859, -22.838644, 0]]]}, "properties": {"address": "119281, 0"}},
{"type": "Feature", "geometry": {"type": "Polygon", "coordinates": [[[-43.354593, -22.838847, 0], [-43.354596, -22.838848, 0], [-43.354594, -22.838853, 0], [-43.354589, -22.838873, 0], [-43.354643, -22.838882, 0], [-43.354654, -22.838884, 0], [-43.354692, -22.838891, 0], [-43.354707, -22.838894, 0], [-43.354803, -22.838911, 0], [-43.354808, -22.838889, 0], [-43.354815, -22.838853, 0], [-43.354818, -22.83884, 0], [-43.35482, -22.83883, 0], [-43.354828, -22.838792, 0], [-43.354833, -22.838768, 0], [-43.354841, -22.83873, 0], [-43.354817, -22.838725, 0], [-43.354784, -22.838719, 0], [-43.354738, -22.83871, 0], [-43.354707, -22.838704, 0], [-43.354692, -22.838701, 0], [-43.354644, -22.838691, 0], [-43.354628, -22.838688, 0], [-43.354604, -22.838683, 0], [-43.35457, -22.838842, 0], [-43.354593, -22.838847, 0]]]}, "properties": {"address": "119281, 48340"}},
{"type": "Feature", "geometry": {"type": "Polygon", "coordinates": [[[-43.354454, -22.838785, 0], [-43.354469, -22.838722, 0], [-43.354352, -22.838698, 0], [-43.354338, -22.838759, 0], [-43.354454, -22.838785, 0]]]}, "properties": {"address": "119281, 672450"}},
{"type": "Feature", "geometry": {"type": "Polygon", "coordinates": [[[-43.354469, -22.838722, 0], [-43.354483, -22.838663, 0], [-43.354478, -22.838662, 0], [-43.354365, -22.838638, 0], [-43.354352, -22.838698, 0], [-43.354469, -22.838722, 0]]]}, "properties": {"address": "119281, 672449"}},
{"type": "Feature", "geometry": {"type": "Polygon", "coordinates": [[[-43.354635, -22.838917, 0], [-43.354646, -22.838919, 0], [-43.354795, -22.838951, 0], [-43.354803, -22.838911, 0], [-43.354707, -22.838894, 0], [-43.354692, -22.838891, 0], [-43.354654, -22.838884, 0], [-43.354643, -22.838882, 0], [-43.354589, -22.838873, 0], [-43.354581, -22.838906, 0], [-43.354635, -22.838917, 0]]]}, "properties": {"address": "119281, 922888"}},
{"type": "Feature", "geometry": {"type": "Polygon", "coordinates": [[[-43.356191, -22.838913, 0], [-43.356218, -22.838893, 0], [-43.356258, -22.838864, 0], [-43.356109, -22.838684, 0], [-43.356041, -22.838733, 0], [-43.356191, -22.838913, 0]]]}, "properties": {"address": "120679, 746101"}},
{"type": "Feature", "geometry": {"type": "Polygon", "coordinates": [[[-43.355778, -22.839214, 0], [-43.355818, -22.839185, 0], [-43.355847, -22.839163, 0], [-43.355695, -22.838985, 0], [-43.355626, -22.839037, 0], [-43.355778, -22.839214, 0]]]}, "properties": {"address": "120679, 746100"}},
{"type": "Feature", "geometry": {"type": "Polygon", "coordinates": [[[-43.355643, -22.83872, 0], [-43.355645, -22.838732, 0], [-43.355648, -22.838738, 0], [-43.35565, -22.838744, 0], [-43.355657, -22.838755, 0], [-43.355667, -22.838767, 0], [-43.355679, -22.838778, 0], [-43.355692, -22.838788, 0], [-43.355706, -22.838796, 0], [-43.355713, -22.838798, 0], [-43.355721, -22.8388, 0], [-43.355738, -22.8388, 0], [-43.355754, -22.838796, 0], [-43.355768, -22.83879, 0], [-43.355789, -22.838776, 0], [-43.355784, -22.838768, 0], [-43.355805, -22.838642, 0], [-43.355752, -22.838633, 0], [-43.355737, -22.83863, 0], [-43.355701, -22.838624, 0], [-43.355662, -22.838617, 0], [-43.355642, -22.838708, 0], [-43.355643, -22.83872, 0]]]}, "properties": {"address": "120679, 746135"}},
{"type": "Feature", "geometry": {"type": "Polygon", "coordinates": [[[-43.356332, -22.83881, 0], [-43.356397, -22.838762, 0], [-43.356247, -22.838584, 0], [-43.35618, -22.838633, 0], [-43.356332, -22.83881, 0]]]}, "properties": {"address": "120679, 746090"}},
{"type": "Feature", "geometry": {"type": "Polygon", "coordinates": [[[-43.355869, -22.838858, 0], [-43.356017, -22.83904, 0], [-43.356052, -22.839014, 0], [-43.355902, -22.838834, 0], [-43.355901, -22.838835, 0], [-43.355869, -22.838858, 0]]]}, "properties": {"address": "120679, 746104"}},
{"type": "Feature", "geometry": {"type": "Polygon", "coordinates": [[[-43.356052, -22.839014, 0], [-43.356123, -22.838962, 0], [-43.355971, -22.838784, 0], [-43.355902, -22.838834, 0], [-43.356052, -22.839014, 0]]]}, "properties": {"address": "120679, 746103"}},
{"type": "Feature", "geometry": {"type": "Polygon", "coordinates": [[[-43.355916, -22.839113, 0], [-43.355985, -22.839063, 0], [-43.355832, -22.838885, 0], [-43.355764, -22.838934, 0], [-43.355916, -22.839113, 0]]]}, "properties": {"address": "120679, 746099"}},
{"type": "Feature", "geometry": {"type": "Polygon", "coordinates": [[[-43.355985, -22.839063, 0], [-43.356013, -22.839042, 0], [-43.356017, -22.83904, 0], [-43.355869, -22.838858, 0], [-43.355832, -22.838885, 0], [-43.355985, -22.839063, 0]]]}, "properties": {"address": "120679, 672422"}},
{"type": "Feature", "geometry": {"type": "Polygon", "coordinates": [[[-43.355717, -22.838969, 0], [-43.355695, -22.838985, 0], [-43.355847, -22.839163, 0], [-43.355887, -22.839135, 0], [-43.355916, -22.839113, 0], [-43.355764, -22.838934, 0], [-43.355738, -22.838953, 0], [-43.355717, -22.838969, 0]]]}, "properties": {"address": "120679, 746091"}},
{"type": "Feature", "geometry": {"type": "Polygon", "coordinates": [[[-43.356247, -22.838584, 0], [-43.356397, -22.838762, 0], [-43.356467, -22.838712, 0], [-43.356315, -22.838534, 0], [-43.356285, -22.838556, 0], [-43.356247, -22.838584, 0]]]}, "properties": {"address": "120679, 170206"}},
{"type": "Feature", "geometry": {"type": "Polygon", "coordinates": [[[-43.355899, -22.838666, 0], [-43.355901, -22.838659, 0], [-43.355811, -22.838643, 0], [-43.355805, -22.838642, 0], [-43.355784, -22.838768, 0], [-43.355789, -22.838776, 0], [-43.355862, -22.838725, 0], [-43.355891, -22.838704, 0], [-43.355899, -22.838666, 0]]]}, "properties": {"address": "120679, 672432"}},
{"type": "Feature", "geometry": {"type": "Polygon", "coordinates": [[[-43.355004, -22.839088, 0], [-43.355046, -22.838884, 0], [-43.355068, -22.838775, 0], [-43.355017, -22.838765, 0], [-43.354953, -22.838752, 0], [-43.354929, -22.838869, 0], [-43.354878, -22.83912, 0], [-43.354874, -22.839142, 0], [-43.354871, -22.839153, 0], [-43.354869, -22.839166, 0], [-43.354978, -22.839193, 0], [-43.354983, -22.839194, 0], [-43.354987, -22.839175, 0], [-43.354988, -22.839167, 0], [-43.355004, -22.839088, 0]]]}, "properties": {"address": "144417, 49565"}},
{"type": "Feature", "geometry": {"type": "Polygon", "coordinates": [[[-43.354579, -22.839725, 0], [-43.354639, -22.839737, 0], [-43.354726, -22.839302, 0], [-43.354726, -22.839301, 0], [-43.354612, -22.839276, 0], [-43.354526, -22.839715, 0], [-43.354579, -22.839725, 0]]]}, "properties": {"address": "144417, 69617"}},
{"type": "Feature", "geometry": {"type": "Polygon", "coordinates": [[[-43.354298, -22.839671, 0], [-43.354322, -22.839676, 0], [-43.354409, -22.839693, 0], [-43.35441, -22.839693, 0], [-43.354497, -22.839255, 0], [-43.354485, -22.839252, 0], [-43.354381, -22.839233, 0], [-43.354369, -22.839294, 0], [-43.354298, -22.839671, 0]]]}, "properties": {"address": "144417, 758354"}},
{"type": "Feature", "geometry": {"type": "Polygon", "coordinates": [[[-43.354879, -22.839678, 0], [-43.354858, -22.839779, 0], [-43.354916, -22.83979, 0], [-43.354971, -22.8398, 0], [-43.355056, -22.839415, 0], [-43.355055, -22.839415, 0], [-43.355053, -22.839414, 0], [-43.354947, -22.839373, 0], [-43.354943, -22.839372, 0], [-43.3549, -22.839578, 0], [-43.354879, -22.839678, 0]]]}, "properties": {"address": "144417, 396861"}},
{"type": "Feature", "geometry": {"type": "Polygon", "coordinates": [[[-43.354836, -22.839774, 0], [-43.354858, -22.839779, 0], [-43.354879, -22.839678, 0], [-43.3549, -22.839578, 0], [-43.354943, -22.839372, 0], [-43.35491, -22.839359, 0], [-43.35484, -22.839327, 0], [-43.354839, -22.839326, 0], [-43.354749, -22.839758, 0], [-43.354836, -22.839774, 0]]]}, "properties": {"address": "144417, 758357"}},
{"type": "Feature", "geometry": {"type": "Polygon", "coordinates": [[[-43.354665, -22.839742, 0], [-43.354749, -22.839758, 0], [-43.354839, -22.839326, 0], [-43.354771, -22.839311, 0], [-43.354769, -22.839311, 0], [-43.354726, -22.839302, 0], [-43.354639, -22.839737, 0], [-43.354665, -22.839742, 0]]]}, "properties": {"address": "144417, 758353"}},
{"type": "Feature", "geometry": {"type": "Polygon", "coordinates": [[[-43.354494, -22.839709, 0], [-43.354526, -22.839715, 0], [-43.354612, -22.839276, 0], [-43.354497, -22.839255, 0], [-43.35441, -22.839693, 0], [-43.354494, -22.839709, 0]]]}, "properties": {"address": "144417, 830377"}},
{"type": "Feature", "geometry": {"type": "Polygon", "coordinates": [[[-43.359467, -22.838713, 0], [-43.359501, -22.83862, 0], [-43.359437, -22.838602, 0], [-43.359409, -22.838595, 0], [-43.359392, -22.83859, 0], [-43.359358, -22.838686, 0], [-43.359467, -22.838713, 0]]]}, "properties": {"address": "122616, 0"}},
{"type": "Feature", "geometry": {"type": "Polygon", "coordinates": [[[-43.355702, -22.839269, 0], [-43.355778, -22.839214, 0], [-43.355626, -22.839037, 0], [-43.35555, -22.839094, 0], [-43.355702, -22.839269, 0]]]}, "properties": {"address": "121804, 746092"}},
{"type": "Feature", "geometry": {"type": "Polygon", "coordinates": [[[-43.359307, -22.838674, 0], [-43.359358, -22.838686, 0], [-43.359392, -22.83859, 0], [-43.359278, -22.83856, 0], [-43.35925, -22.83866, 0], [-43.359307, -22.838674, 0]]]}, "properties": {"address": "122616, 0"}},
{"type": "Feature", "geometry": {"type": "Polygon", "coordinates": [[[-43.355147, -22.838988, 0], [-43.355147, -22.83899, 0], [-43.355143, -22.839009, 0], [-43.355134, -22.839053, 0], [-43.355239, -22.839074, 0], [-43.355341, -22.839095, 0], [-43.355382, -22.839009, 0], [-43.355274, -22.838989, 0], [-43.355267, -22.838988, 0], [-43.355214, -22.838978, 0], [-43.355179, -22.838972, 0], [-43.355152, -22.838967, 0], [-43.355147, -22.838988, 0]]]}, "properties": {"address": "121804, 413157"}},
{"type": "Feature", "geometry": {"type": "Polygon", "coordinates": [[[-43.355097, -22.839229, 0], [-43.355095, -22.839233, 0], [-43.355098, -22.839234, 0], [-43.355217, -22.839255, 0], [-43.355224, -22.839256, 0], [-43.355279, -22.839192, 0], [-43.355341, -22.839095, 0], [-43.355239, -22.839074, 0], [-43.355134, -22.839053, 0], [-43.355132, -22.839061, 0], [-43.355097, -22.839229, 0]]]}, "properties": {"address": "121804, 49566"}},
{"type": "Feature", "geometry": {"type": "Polygon", "coordinates": [[[-43.355487, -22.839163, 0], [-43.355488, -22.839164, 0], [-43.355505, -22.839184, 0], [-43.355532, -22.839216, 0], [-43.355551, -22.839239, 0], [-43.355552, -22.83924, 0], [-43.355572, -22.839264, 0], [-43.355573, -22.839265, 0], [-43.355575, -22.839268, 0], [-43.355606, -22.839304, 0], [-43.35561, -22.839309, 0], [-43.355621, -22.839323, 0], [-43.355624, -22.839326, 0], [-43.355702, -22.839269, 0], [-43.35555, -22.839094, 0], [-43.355487, -22.839163, 0]]]}, "properties": {"address": "121804, 746105"}},
{"type": "Feature", "geometry": {"type": "Polygon", "coordinates": [[[-43.355399, -22.838975, 0], [-43.355413, -22.838923, 0], [-43.35541, -22.838923, 0], [-43.355408, -22.838922, 0], [-43.355393, -22.838919, 0], [-43.355297, -22.838902, 0], [-43.35527, -22.838897, 0], [-43.355234, -22.83889, 0], [-43.35523, -22.838889, 0], [-43.355197, -22.838883, 0], [-43.355171, -22.838878, 0], [-43.355152, -22.838967, 0], [-43.355179, -22.838972, 0], [-43.355214, -22.838978, 0], [-43.355267, -22.838988, 0], [-43.355274, -22.838989, 0], [-43.355382, -22.839009, 0], [-43.355399, -22.838975, 0]]]}, "properties": {"address": "121804, 672438"}},
{"type": "Feature", "geometry": {"type": "Polygon", "coordinates": [[[-43.353431, -22.839152, 0], [-43.353404, -22.83931, 0], [-43.353398, -22.83935, 0], [-43.353348, -22.839344, 0], [-43.353341, -22.839344, 0], [-43.353335, -22.839378, 0], [-43.353331, -22.839406, 0], [-43.35333, -22.839411, 0], [-43.353322, -22.839453, 0], [-43.353319, -22.83947, 0], [-43.353324, -22.839471, 0], [-43.353387, -22.839483, 0], [-43.353391, -22.839484, 0], [-43.353476, -22.8395, 0], [-43.353508, -22.839506, 0], [-43.353535, -22.839358, 0], [-43.353574, -22.839141, 0], [-43.353582, -22.839082, 0], [-43.353584, -22.839069, 0], [-43.353583, -22.839066, 0], [-43.353581, -22.839064, 0], [-43.353567, -22.839061, 0], [-43.353473, -22.839041, 0], [-43.353472, -22.839041, 0], [-43.353455, -22.839038, 0], [-43.353445, -22.839087, 0], [-43.353431, -22.839152, 0]]]}, "properties": {"address": "142547, 761089"}},
{"type": "Feature", "geometry": {"type": "Polygon", "coordinates": [[[-43.353672, -22.839254, 0], [-43.353619, -22.839541, 0], [-43.353724, -22.839562, 0], [-43.35373, -22.839563, 0], [-43.353808, -22.839137, 0], [-43.353697, -22.839116, 0], [-43.353688, -22.839164, 0], [-43.353672, -22.839254, 0]]]}, "properties": {"address": "142547, 69894"}},
{"type": "Feature", "geometry": {"type": "Polygon", "coordinates": [[[-43.35323, -22.839812, 0], [-43.35323, -22.839814, 0], [-43.353275, -22.839816, 0], [-43.353294, -22.839817, 0], [-43.353347, -22.83982, 0], [-43.353409, -22.839823, 0], [-43.353471, -22.839827, 0], [-43.353472, -22.839799, 0], [-43.353472, -22.839797, 0], [-43.353474, -22.839741, 0], [-43.353449, -22.839741, 0], [-43.353407, -22.839739, 0], [-43.353344, -22.839738, 0], [-43.353295, -22.839736, 0], [-43.353274, -22.839736, 0], [-43.353228, -22.839734, 0], [-43.353229, -22.839777, 0], [-43.35323, -22.839812, 0]]]}, "properties": {"address": "142547, 439677"}},
{"type": "Feature", "geometry": {"type": "Polygon", "coordinates": [[[-43.353229, -22.839694, 0], [-43.353228, -22.839727, 0], [-43.353228, -22.839734, 0], [-43.353274, -22.839736, 0], [-43.353295, -22.839736, 0], [-43.353344, -22.839738, 0], [-43.353407, -22.839739, 0], [-43.353449, -22.839741, 0], [-43.353474, -22.839741, 0], [-43.353474, -22.83971, 0], [-43.353475, -22.8397, 0], [-43.353475, -22.839671, 0], [-43.353476, -22.839665, 0], [-43.353456, -22.839664, 0], [-43.353357, -22.839658, 0], [-43.35335, -22.839658, 0], [-43.353297, -22.839655, 0], [-43.353291, -22.839655, 0], [-43.353274, -22.839654, 0], [-43.35323, -22.839651, 0], [-43.35323, -22.839674, 0], [-43.353229, -22.839694, 0]]]}, "properties": {"address": "142547, 405733"}},
{"type": "Feature", "geometry": {"type": "Polygon", "coordinates": [[[-43.353235, -22.839506, 0], [-43.353234, -22.839536, 0], [-43.353232, -22.839572, 0], [-43.353296, -22.839574, 0], [-43.353338, -22.839576, 0], [-43.353377, -22.839577, 0], [-43.353456, -22.83958, 0], [-43.353476, -22.839581, 0], [-43.353476, -22.8395, 0], [-43.353391, -22.839484, 0], [-43.353387, -22.839483, 0], [-43.353324, -22.839471, 0], [-43.353319, -22.83947, 0], [-43.353255, -22.839458, 0], [-43.353238, -22.839454, 0], [-43.353236, -22.839484, 0], [-43.353235, -22.839506, 0]]]}, "properties": {"address": "142547, 834160"}},
{"type": "Feature", "geometry": {"type": "Polygon", "coordinates": [[[-43.35323, -22.839638, 0], [-43.35323, -22.839651, 0], [-43.353274, -22.839654, 0], [-43.353291, -22.839655, 0], [-43.353297, -22.839655, 0], [-43.35335, -22.839658, 0], [-43.353357, -22.839658, 0], [-43.353456, -22.839664, 0], [-43.353476, -22.839665, 0], [-43.353476, -22.839581, 0], [-43.353456, -22.83958, 0], [-43.353377, -22.839577, 0], [-43.353338, -22.839576, 0], [-43.353296, -22.839574, 0], [-43.353232, -22.839572, 0], [-43.353232, -22.839574, 0], [-43.35323, -22.839638, 0]]]}, "properties": {"address": "142547, 73214"}},
{"type": "Feature", "geometry": {"type": "Polygon", "coordinates": [[[-43.353607, -22.839607, 0], [-43.353601, -22.839637, 0], [-43.353594, -22.839675, 0], [-43.353592, -22.839691, 0], [-43.353592, -22.8397, 0], [-43.353594, -22.839716, 0], [-43.3536, -22.839732, 0], [-43.353603, -22.839739, 0], [-43.353613, -22.839753, 0], [-43.353618, -22.839759, 0], [-43.353627, -22.839768, 0], [-43.353633, -22.839772, 0], [-43.353635, -22.839774, 0], [-43.353674, -22.839781, 0], [-43.353724, -22.839562, 0], [-43.353619, -22.839541, 0], [-43.35361, -22.839591, 0], [-43.353607, -22.839607, 0]]]}, "properties": {"address": "142547, 833979"}},
{"type": "Feature", "geometry": {"type": "Polygon", "coordinates": [[[-43.360015, -22.840566, 0], [-43.360018, -22.840567, 0], [-43.36007, -22.840435, 0], [-43.360046, -22.840429, 0], [-43.359971, -22.840413, 0], [-43.359933, -22.840541, 0], [-43.360015, -22.840566, 0]]]}, "properties": {"address": "165536, 0"}},
{"type": "Feature", "geometry": {"type": "Polygon", "coordinates": [[[-43.359775, -22.840476, 0], [-43.359787, -22.840479, 0], [-43.359832, -22.840489, 0], [-43.359916, -22.840506, 0], [-43.359916, -22.840505, 0], [-43.359936, -22.840432, 0], [-43.359953, -22.840371, 0], [-43.359955, -22.840365, 0], [-43.359894, -22.840353, 0], [-43.359884, -22.840351, 0], [-43.35983, -22.840341, 0], [-43.359824, -22.840339, 0], [-43.359808, -22.84039, 0], [-43.359775, -22.840476, 0]]]}, "properties": {"address": "165536, 0"}},
{"type": "Feature", "geometry": {"type": "Polygon", "coordinates": [[[-43.359971, -22.840413, 0], [-43.360046, -22.840429, 0], [-43.360094, -22.840284, 0], [-43.36002, -22.840264, 0], [-43.359971, -22.840412, 0], [-43.359971, -22.840413, 0]]]}, "properties": {"address": "165536, 0"}},
{"type": "Feature", "geometry": {"type": "Polygon", "coordinates": [[[-43.359887, -22.840343, 0], [-43.359884, -22.840351, 0], [-43.359894, -22.840353, 0], [-43.359955, -22.840365, 0], [-43.359984, -22.840259, 0], [-43.359938, -22.840247, 0], [-43.359919, -22.840242, 0], [-43.359902, -22.840297, 0], [-43.359887, -22.840343, 0]]]}, "properties": {"address": "165536, 0"}},
{"type": "Feature", "geometry": {"type": "Polygon", "coordinates": [[[-43.359184, -22.840578, 0], [-43.359291, -22.8406, 0], [-43.359309, -22.840526, 0], [-43.359334, -22.840437, 0], [-43.359267, -22.840417, 0], [-43.359224, -22.840402, 0], [-43.359168, -22.840575, 0], [-43.359184, -22.840578, 0]]]}, "properties": {"address": "122622, 0"}},
{"type": "Feature", "geometry": {"type": "Polygon", "coordinates": [[[-43.359224, -22.840402, 0], [-43.359267, -22.840417, 0], [-43.359334, -22.840437, 0], [-43.359339, -22.840439, 0], [-43.359361, -22.840384, 0], [-43.359242, -22.840348, 0], [-43.359242, -22.840349, 0], [-43.359224, -22.840402, 0]]]}, "properties": {"address": "122622, 0"}},
{"type": "Feature", "geometry": {"type": "Polygon", "coordinates": [[[-43.358766, -22.840591, 0], [-43.358787, -22.840534, 0], [-43.358612, -22.8405, 0], [-43.358601, -22.840555, 0], [-43.358766, -22.840591, 0]]]}, "properties": {"address": "122622, 0"}},
{"type": "Feature", "geometry": {"type": "Polygon", "coordinates": [[[-43.358612, -22.8405, 0], [-43.358787, -22.840534, 0], [-43.358805, -22.840538, 0], [-43.358851, -22.840396, 0], [-43.358615, -22.840378, 0], [-43.358592, -22.840496, 0], [-43.358612, -22.8405, 0]]]}, "properties": {"address": "122622, 0"}},
{"type": "Feature", "geometry": {"type": "Polygon", "coordinates": [[[-43.359019, -22.839773, 0], [-43.359094, -22.839793, 0], [-43.359095, -22.839789, 0], [-43.359106, -22.839759, 0], [-43.358944, -22.839711, 0], [-43.358931, -22.839749, 0], [-43.359019, -22.839773, 0]]]}, "properties": {"address": "122622, 0"}},
{"type": "Feature", "geometry": {"type": "Polygon", "coordinates": [[[-43.356589, -22.84034, 0], [-43.356636, -22.840118, 0], [-43.356551, -22.840102, 0], [-43.356503, -22.840323, 0], [-43.356589, -22.84034, 0]]]}, "properties": {"address": "144362, 746097"}},
{"type": "Feature", "geometry": {"type": "Polygon", "coordinates": [[[-43.355605, -22.840519, 0], [-43.355606, -22.840436, 0], [-43.355554, -22.840435, 0], [-43.355364, -22.840432, 0], [-43.355362, -22.840516, 0], [-43.355605, -22.840519, 0]]]}, "properties": {"address": "143401, 834157"}},
{"type": "Feature", "geometry": {"type": "Polygon", "coordinates": [[[-43.355604, -22.840599, 0], [-43.355605, -22.840519, 0], [-43.355362, -22.840516, 0], [-43.355361, -22.840596, 0], [-43.355604, -22.840599, 0]]]}, "properties": {"address": "143401, 834119"}},
{"type": "Feature", "geometry": {"type": "Polygon", "coordinates": [[[-43.355554, -22.840435, 0], [-43.355606, -22.840436, 0], [-43.355607, -22.840356, 0], [-43.355365, -22.840352, 0], [-43.355364, -22.840432, 0], [-43.355554, -22.840435, 0]]]}, "properties": {"address": "143401, 833949"}},
{"type": "Feature", "geometry": {"type": "Polygon", "coordinates": [[[-43.355076, -22.840513, 0], [-43.355244, -22.840543, 0], [-43.355245, -22.840449, 0], [-43.355037, -22.840413, 0], [-43.355019, -22.840503, 0], [-43.355076, -22.840513, 0]]]}, "properties": {"address": "143401, 834131"}},
{"type": "Feature", "geometry": {"type": "Polygon", "coordinates": [[[-43.362609, -22.839734, 0], [-43.362608, -22.839734, 0], [-43.362603, -22.839761, 0], [-43.362589, -22.83983, 0], [-43.362577, -22.839888, 0], [-43.362651, -22.839902, 0], [-43.362653, -22.839902, 0], [-43.362663, -22.839849, 0], [-43.362686, -22.839734, 0], [-43.362693, -22.839702, 0], [-43.362618, -22.839687, 0], [-43.362611, -22.839721, 0], [-43.362609, -22.839734, 0]]]}, "properties": {"address": "122729, 402984"}},
{"type": "Feature", "geometry": {"type": "Polygon", "coordinates": [[[-43.355238, -22.840221, 0], [-43.355232, -22.840213, 0], [-43.355226, -22.840207, 0], [-43.355218, -22.840201, 0], [-43.355212, -22.840196, 0], [-43.355211, -22.840195, 0], [-43.355203, -22.84019, 0], [-43.355194, -22.840186, 0], [-43.355186, -22.840182, 0], [-43.355146, -22.840174, 0], [-43.355123, -22.840319, 0], [-43.355247, -22.840342, 0], [-43.355249, -22.840238, 0], [-43.355248, -22.840235, 0], [-43.355238, -22.840221, 0]]]}, "properties": {"address": "143401, 834113"}},
{"type": "Feature", "geometry": {"type": "Polygon", "coordinates": [[[-43.355037, -22.840413, 0], [-43.355245, -22.840449, 0], [-43.355247, -22.840342, 0], [-43.355123, -22.840319, 0], [-43.355059, -22.840307, 0], [-43.355043, -22.840386, 0], [-43.355037, -22.840413, 0]]]}, "properties": {"address": "143401, 834172"}},
{"type": "Feature", "geometry": {"type": "Polygon", "coordinates": [[[-43.362846, -22.840186, 0], [-43.362841, -22.84021, 0], [-43.36284, -22.840215, 0], [-43.36284, -22.840216, 0], [-43.362833, -22.840252, 0], [-43.362911, -22.840266, 0], [-43.362926, -22.840187, 0], [-43.362938, -22.840125, 0], [-43.362945, -22.840089, 0], [-43.362949, -22.840066, 0], [-43.362873, -22.840052, 0], [-43.362869, -22.840074, 0], [-43.362846, -22.840186, 0]]]}, "properties": {"address": "122729, 742911"}},
{"type": "Feature", "geometry": {"type": "Polygon", "coordinates": [[[-43.362785, -22.840101, 0], [-43.362768, -22.84018, 0], [-43.362764, -22.840196, 0], [-43.362756, -22.840238, 0], [-43.362802, -22.840246, 0], [-43.362803, -22.840246, 0], [-43.362833, -22.840252, 0], [-43.36284, -22.840216, 0], [-43.36284, -22.840215, 0], [-43.362841, -22.84021, 0], [-43.362846, -22.840186, 0], [-43.362869, -22.840074, 0], [-43.362873, -22.840052, 0], [-43.362798, -22.840038, 0], [-43.362792, -22.840065, 0], [-43.362785, -22.840101, 0]]]}, "properties": {"address": "122729, 742946"}},
{"type": "Feature", "geometry": {"type": "Polygon", "coordinates": [[[-43.362692, -22.840175, 0], [-43.362685, -22.840207, 0], [-43.362681, -22.840224, 0], [-43.362695, -22.840227, 0], [-43.362702, -22.840228, 0], [-43.362756, -22.840238, 0], [-43.362764, -22.840196, 0], [-43.362768, -22.84018, 0], [-43.362785, -22.840101, 0], [-43.362792, -22.840065, 0], [-43.362798, -22.840038, 0], [-43.362723, -22.840025, 0], [-43.362718, -22.840051, 0], [-43.362692, -22.840175, 0]]]}, "properties": {"address": "122729, 742940"}},
{"type": "Feature", "geometry": {"type": "Polygon", "coordinates": [[[-43.362938, -22.840125, 0], [-43.362926, -22.840187, 0], [-43.362911, -22.840266, 0], [-43.362982, -22.840279, 0], [-43.36299, -22.840242, 0], [-43.362995, -22.840218, 0], [-43.362999, -22.840197, 0], [-43.363016, -22.840117, 0], [-43.363019, -22.840104, 0], [-43.363019, -22.840103, 0], [-43.363021, -22.840091, 0], [-43.363024, -22.840079, 0], [-43.36296, -22.840068, 0], [-43.362949, -22.840066, 0], [-43.362945, -22.840089, 0], [-43.362938, -22.840125, 0]]]}, "properties": {"address": "122729, 742910"}},
{"type": "Feature", "geometry": {"type": "Polygon", "coordinates": [[[-43.362487, -22.839988, 0], [-43.362479, -22.83999, 0], [-43.362465, -22.839996, 0], [-43.362458, -22.84, 0], [-43.362446, -22.84001, 0], [-43.362441, -22.840015, 0], [-43.362436, -22.840021, 0], [-43.362432, -22.840028, 0], [-43.362429, -22.840034, 0], [-43.362426, -22.840041, 0], [-43.362424, -22.840055, 0], [-43.362421, -22.840101, 0], [-43.362455, -22.840103, 0], [-43.362568, -22.840108, 0], [-43.362627, -22.840111, 0], [-43.362648, -22.840011, 0], [-43.362642, -22.84001, 0], [-43.362614, -22.840005, 0], [-43.362603, -22.840003, 0], [-43.362598, -22.840002, 0], [-43.362529, -22.839989, 0], [-43.362518, -22.839987, 0], [-43.36251, -22.839987, 0], [-43.362502, -22.839986, 0], [-43.362495, -22.839987, 0], [-43.362487, -22.839988, 0]]]}, "properties": {"address": "122729, 742943"}},
{"type": "Feature", "geometry": {"type": "Polygon", "coordinates": [[[-43.362626, -22.840114, 0], [-43.362623, -22.840126, 0], [-43.362613, -22.840174, 0], [-43.362609, -22.840196, 0], [-43.362606, -22.840211, 0], [-43.362681, -22.840224, 0], [-43.362685, -22.840207, 0], [-43.362692, -22.840175, 0], [-43.362718, -22.840051, 0], [-43.362723, -22.840025, 0], [-43.362648, -22.840011, 0], [-43.362627, -22.840111, 0], [-43.362626, -22.840114, 0]]]}, "properties": {"address": "122729, 33857"}},
{"type": "Feature", "geometry": {"type": "Polygon", "coordinates": [[[-43.362684, -22.839744, 0], [-43.362663, -22.839849, 0], [-43.362653, -22.839902, 0], [-43.362727, -22.839916, 0], [-43.362736, -22.839871, 0], [-43.36274, -22.839852, 0], [-43.362768, -22.839715, 0], [-43.362724, -22.839707, 0], [-43.362697, -22.839703, 0], [-43.362696, -22.839702, 0], [-43.362693, -22.839702, 0], [-43.362686, -22.839734, 0], [-43.362684, -22.839744, 0]]]}, "properties": {"address": "122729, 36739"}},
{"type": "Feature", "geometry": {"type": "Polygon", "coordinates": [[[-43.362771, -22.839715, 0], [-43.362768, -22.839715, 0], [-43.36274, -22.839852, 0], [-43.362736, -22.839871, 0], [-43.362727, -22.839916, 0], [-43.362802, -22.839929, 0], [-43.362807, -22.839909, 0], [-43.362807, -22.839908, 0], [-43.362832, -22.839791, 0], [-43.362836, -22.839774, 0], [-43.362845, -22.839728, 0], [-43.362771, -22.839715, 0]]]}, "properties": {"address": "122729, 742949"}},
{"type": "Feature", "geometry": {"type": "Polygon", "coordinates": [[[-43.362908, -22.839801, 0], [-43.36288, -22.839943, 0], [-43.362952, -22.839957, 0], [-43.362957, -22.839958, 0], [-43.362987, -22.83981, 0], [-43.362999, -22.839755, 0], [-43.362995, -22.839755, 0], [-43.362965, -22.83975, 0], [-43.362923, -22.839742, 0], [-43.362921, -22.839742, 0], [-43.36292, -22.839744, 0], [-43.362908, -22.839801, 0]]]}, "properties": {"address": "122729, 742952"}},
{"type": "Feature", "geometry": {"type": "Polygon", "coordinates": [[[-43.362957, -22.839958, 0], [-43.363031, -22.839971, 0], [-43.363038, -22.839939, 0], [-43.363066, -22.839799, 0], [-43.363068, -22.839791, 0], [-43.363072, -22.839768, 0], [-43.36303, -22.839761, 0], [-43.362999, -22.839755, 0], [-43.362987, -22.83981, 0], [-43.362957, -22.839958, 0]]]}, "properties": {"address": "122729, 742930"}},
{"type": "Feature", "geometry": {"type": "Polygon", "coordinates": [[[-43.362445, -22.839816, 0], [-43.362446, -22.83982, 0], [-43.362449, -22.839825, 0], [-43.362454, -22.839834, 0], [-43.362462, -22.839846, 0], [-43.36247, -22.839853, 0], [-43.362486, -22.839868, 0], [-43.362489, -22.83987, 0], [-43.362493, -22.839872, 0], [-43.362506, -22.839875, 0], [-43.362577, -22.839888, 0], [-43.362589, -22.83983, 0], [-43.362603, -22.839761, 0], [-43.362446, -22.839752, 0], [-43.362444, -22.839797, 0], [-43.362445, -22.839816, 0]]]}, "properties": {"address": "122729, 332499"}},
{"type": "Feature", "geometry": {"type": "Polygon", "coordinates": [[[-43.362832, -22.839791, 0], [-43.362807, -22.839908, 0], [-43.362807, -22.839909, 0], [-43.362802, -22.839929, 0], [-43.36288, -22.839943, 0], [-43.362908, -22.839801, 0], [-43.36292, -22.839744, 0], [-43.362921, -22.839742, 0], [-43.362846, -22.839728, 0], [-43.362845, -22.839728, 0], [-43.362836, -22.839774, 0], [-43.362832, -22.839791, 0]]]}, "properties": {"address": "122729, 923277"}},
{"type": "Feature", "geometry": {"type": "Polygon", "coordinates": [[[-43.356064, -22.840508, 0], [-43.356024, -22.840424, 0], [-43.355782, -22.840413, 0], [-43.35578, -22.840494, 0], [-43.356064, -22.840508, 0]]]}, "properties": {"address": "144362, 761034"}},
{"type": "Feature", "geometry": {"type": "Polygon", "coordinates": [[[-43.356934, -22.840406, 0], [-43.356981, -22.840184, 0], [-43.35694, -22.840176, 0], [-43.356895, -22.840168, 0], [-43.356847, -22.84039, 0], [-43.356934, -22.840406, 0]]]}, "properties": {"address": "144362, 69871"}},
{"type": "Feature", "geometry": {"type": "Polygon", "coordinates": [[[-43.356645, -22.840647, 0], [-43.356684, -22.84047, 0], [-43.356598, -22.840454, 0], [-43.356557, -22.84063, 0], [-43.356645, -22.840647, 0]]]}, "properties": {"address": "144362, 369704"}},
{"type": "Feature", "geometry": {"type": "Polygon", "coordinates": [[[-43.356636, -22.840689, 0], [-43.35672, -22.840706, 0], [-43.356769, -22.840486, 0], [-43.356684, -22.84047, 0], [-43.356645, -22.840647, 0], [-43.356636, -22.840689, 0]]]}, "properties": {"address": "144362, 834079"}},
{"type": "Feature", "geometry": {"type": "Polygon", "coordinates": [[[-43.35633, -22.84029, 0], [-43.356379, -22.840069, 0], [-43.356293, -22.840053, 0], [-43.356293, -22.840057, 0], [-43.356255, -22.840223, 0], [-43.356245, -22.840267, 0], [-43.356243, -22.840273, 0], [-43.35633, -22.84029, 0]]]}, "properties": {"address": "144362, 73263"}},
{"type": "Feature", "geometry": {"type": "Polygon", "coordinates": [[[-43.356651, -22.840352, 0], [-43.356674, -22.840356, 0], [-43.356722, -22.840135, 0], [-43.356636, -22.840118, 0], [-43.356589, -22.84034, 0], [-43.356651, -22.840352, 0]]]}, "properties": {"address": "144362, 746134"}},
{"type": "Feature", "geometry": {"type": "Polygon", "coordinates": [[[-43.35676, -22.840373, 0], [-43.356806, -22.840151, 0], [-43.356722, -22.840135, 0], [-43.356674, -22.840356, 0], [-43.35676, -22.840373, 0]]]}, "properties": {"address": "144362, 746115"}},
{"type": "Feature", "geometry": {"type": "Polygon", "coordinates": [[[-43.357155, -22.840449, 0], [-43.35719, -22.840456, 0], [-43.357218, -22.840318, 0], [-43.357223, -22.840296, 0], [-43.357235, -22.840232, 0], [-43.357152, -22.840217, 0], [-43.357105, -22.840439, 0], [-43.357155, -22.840449, 0]]]}, "properties": {"address": "144362, 746123"}},
{"type": "Feature", "geometry": {"type": "Polygon", "coordinates": [[[-43.356503, -22.840323, 0], [-43.356551, -22.840102, 0], [-43.356466, -22.840086, 0], [-43.356417, -22.840307, 0], [-43.356503, -22.840323, 0]]]}, "properties": {"address": "144362, 746137"}},
{"type": "Feature", "geometry": {"type": "Polygon", "coordinates": [[[-43.357061, -22.840431, 0], [-43.357105, -22.840439, 0], [-43.357152, -22.840217, 0], [-43.357066, -22.8402, 0], [-43.35702, -22.840423, 0], [-43.357061, -22.840431, 0]]]}, "properties": {"address": "144362, 746121"}},
{"type": "Feature", "geometry": {"type": "Polygon", "coordinates": [[[-43.356352, -22.840294, 0], [-43.356417, -22.840307, 0], [-43.356466, -22.840086, 0], [-43.356379, -22.840069, 0], [-43.35633, -22.84029, 0], [-43.356352, -22.840294, 0]]]}, "properties": {"address": "144362, 336268"}},
{"type": "Feature", "geometry": {"type": "Polygon", "coordinates": [[[-43.356847, -22.84039, 0], [-43.356895, -22.840168, 0], [-43.356806, -22.840151, 0], [-43.35676, -22.840373, 0], [-43.356847, -22.84039, 0]]]}, "properties": {"address": "144362, 746119"}},
{"type": "Feature", "geometry": {"type": "Polygon", "coordinates": [[[-43.360374, -22.838561, 0], [-43.360381, -22.838529, 0], [-43.36024, -22.838476, 0], [-43.360237, -22.838526, 0], [-43.360374, -22.838561, 0]]]}, "properties": {"address": "122644, 0"}},
{"type": "Feature", "geometry": {"type": "Polygon", "coordinates": [[[-43.360272, -22.8386, 0], [-43.36032, -22.838608, 0], [-43.36037, -22.838617, 0], [-43.360376, -22.838581, 0], [-43.360372, -22.838581, 0], [-43.360233, -22.838563, 0], [-43.36023, -22.838592, 0], [-43.360272, -22.8386, 0]]]}, "properties": {"address": "122644, 0"}},
{"type": "Feature", "geometry": {"type": "Polygon", "coordinates": [[[-43.360421, -22.839546, 0], [-43.360435, -22.839301, 0], [-43.360418, -22.8393, 0], [-43.360348, -22.839296, 0], [-43.360346, -22.839296, 0], [-43.36034, -22.839542, 0], [-43.360421, -22.839546, 0]]]}, "properties": {"address": "122627, 0"}},
{"type": "Feature", "geometry": {"type": "Polygon", "coordinates": [[[-43.359729, -22.839486, 0], [-43.359746, -22.839406, 0], [-43.359667, -22.83939, 0], [-43.359647, -22.839478, 0], [-43.359729, -22.839486, 0]]]}, "properties": {"address": "122627, 0"}},
{"type": "Feature", "geometry": {"type": "Polygon", "coordinates": [[[-43.359754, -22.839368, 0], [-43.359746, -22.839406, 0], [-43.359729, -22.839486, 0], [-43.359785, -22.839492, 0], [-43.359808, -22.839379, 0], [-43.359774, -22.839372, 0], [-43.359754, -22.839368, 0]]]}, "properties": {"address": "122627, 0"}},
{"type": "Feature", "geometry": {"type": "Polygon", "coordinates": [[[-43.360276, -22.839539, 0], [-43.36034, -22.839542, 0], [-43.360346, -22.839296, 0], [-43.360345, -22.839296, 0], [-43.360345, -22.839293, 0], [-43.360301, -22.839291, 0], [-43.360261, -22.839289, 0], [-43.360251, -22.839537, 0], [-43.360276, -22.839539, 0]]]}, "properties": {"address": "122627, 0"}},
{"type": "Feature", "geometry": {"type": "Polygon", "coordinates": [[[-43.360196, -22.839361, 0], [-43.360186, -22.83953, 0], [-43.360251, -22.839537, 0], [-43.360261, -22.839289, 0], [-43.360255, -22.839289, 0], [-43.360202, -22.839286, 0], [-43.360199, -22.839361, 0], [-43.360196, -22.839361, 0]]]}, "properties": {"address": "122627, 0"}},
{"type": "Feature", "geometry": {"type": "Polygon", "coordinates": [[[-43.360088, -22.839283, 0], [-43.360084, -22.839515, 0], [-43.36014, -22.839521, 0], [-43.36014, -22.839525, 0], [-43.360186, -22.83953, 0], [-43.360196, -22.839361, 0], [-43.360199, -22.839361, 0], [-43.360202, -22.839286, 0], [-43.360194, -22.839286, 0], [-43.360145, -22.839283, 0], [-43.360145, -22.839286, 0], [-43.360088, -22.839283, 0]]]}, "properties": {"address": "122627, 0"}},
{"type": "Feature", "geometry": {"type": "Polygon", "coordinates": [[[-43.359985, -22.839504, 0], [-43.359998, -22.839505, 0], [-43.360084, -22.839515, 0], [-43.360088, -22.839283, 0], [-43.360078, -22.839283, 0], [-43.360078, -22.83928, 0], [-43.360014, -22.839276, 0], [-43.359977, -22.839275, 0], [-43.359984, -22.839374, 0], [-43.359985, -22.839504, 0]]]}, "properties": {"address": "122627, 0"}},
{"type": "Feature", "geometry": {"type": "Polygon", "coordinates": [[[-43.359869, -22.839365, 0], [-43.359852, -22.839497, 0], [-43.359985, -22.839504, 0], [-43.359984, -22.839374, 0], [-43.359977, -22.839275, 0], [-43.359977, -22.839274, 0], [-43.359928, -22.839271, 0], [-43.359925, -22.839276, 0], [-43.359869, -22.839365, 0]]]}, "properties": {"address": "122627, 0"}},
{"type": "Feature", "geometry": {"type": "Polygon", "coordinates": [[[-43.359808, -22.839379, 0], [-43.359785, -22.839492, 0], [-43.359791, -22.839493, 0], [-43.359852, -22.839497, 0], [-43.359869, -22.839365, 0], [-43.359925, -22.839276, 0], [-43.359903, -22.839267, 0], [-43.359866, -22.839253, 0], [-43.359824, -22.839333, 0], [-43.359808, -22.839379, 0]]]}, "properties": {"address": "122627, 0"}},
{"type": "Feature", "geometry": {"type": "Polygon", "coordinates": [[[-43.36031, -22.839718, 0], [-43.360301, -22.839774, 0], [-43.360355, -22.839782, 0], [-43.360356, -22.839782, 0], [-43.36036, -22.839783, 0], [-43.360385, -22.839596, 0], [-43.36032, -22.839589, 0], [-43.360308, -22.839717, 0], [-43.36031, -22.839718, 0]]]}, "properties": {"address": "122627, 0"}},
{"type": "Feature", "geometry": {"type": "Polygon", "coordinates": [[[-43.360301, -22.839774, 0], [-43.36031, -22.839718, 0], [-43.360308, -22.839717, 0], [-43.36032, -22.839589, 0], [-43.360241, -22.839586, 0], [-43.360236, -22.839764, 0], [-43.360301, -22.839774, 0]]]}, "properties": {"address": "122627, 0"}},
{"type": "Feature", "geometry": {"type": "Polygon", "coordinates": [[[-43.360227, -22.839763, 0], [-43.36023, -22.839763, 0], [-43.360236, -22.839764, 0], [-43.360241, -22.839586, 0], [-43.360239, -22.839586, 0], [-43.360189, -22.839581, 0], [-43.360183, -22.839753, 0], [-43.360227, -22.839763, 0]]]}, "properties": {"address": "122627, 0"}},
{"type": "Feature", "geometry": {"type": "Polygon", "coordinates": [[[-43.360183, -22.839753, 0], [-43.360189, -22.839581, 0], [-43.36014, -22.839577, 0], [-43.360099, -22.839572, 0], [-43.360086, -22.839726, 0], [-43.360085, -22.839733, 0], [-43.36017, -22.83975, 0], [-43.360183, -22.839753, 0]]]}, "properties": {"address": "122627, 0"}},
{"type": "Feature", "geometry": {"type": "Polygon", "coordinates": [[[-43.359991, -22.839706, 0], [-43.360086, -22.839726, 0], [-43.360099, -22.839572, 0], [-43.359971, -22.839555, 0], [-43.359954, -22.839697, 0], [-43.359991, -22.839706, 0]]]}, "properties": {"address": "122627, 0"}},
{"type": "Feature", "geometry": {"type": "Polygon", "coordinates": [[[-43.359931, -22.839691, 0], [-43.359954, -22.839697, 0], [-43.359971, -22.839555, 0], [-43.35997, -22.839555, 0], [-43.359878, -22.839545, 0], [-43.359858, -22.839679, 0], [-43.359931, -22.839691, 0]]]}, "properties": {"address": "122627, 0"}},
{"type": "Feature", "geometry": {"type": "Polygon", "coordinates": [[[-43.359858, -22.839679, 0], [-43.359878, -22.839545, 0], [-43.359824, -22.839539, 0], [-43.359802, -22.839669, 0], [-43.359858, -22.839679, 0]]]}, "properties": {"address": "122627, 0"}},
{"type": "Feature", "geometry": {"type": "Polygon", "coordinates": [[[-43.359676, -22.839644, 0], [-43.3597, -22.839651, 0], [-43.359802, -22.839669, 0], [-43.359824, -22.839539, 0], [-43.35971, -22.839525, 0], [-43.359677, -22.839641, 0], [-43.359676, -22.839644, 0]]]}, "properties": {"address": "122627, 0"}},
{"type": "Feature", "geometry": {"type": "Polygon", "coordinates": [[[-43.359627, -22.839552, 0], [-43.359616, -22.839585, 0], [-43.359618, -22.839585, 0], [-43.359606, -22.839618, 0], [-43.359677, -22.839641, 0], [-43.35971, -22.839525, 0], [-43.359634, -22.839517, 0], [-43.359633, -22.839524, 0], [-43.359627, -22.839552, 0]]]}, "properties": {"address": "122627, 0"}},
{"type": "Feature", "geometry": {"type": "Polygon", "coordinates": [[[-43.360586, -22.839818, 0], [-43.360687, -22.839829, 0], [-43.360703, -22.839831, 0], [-43.360715, -22.839621, 0], [-43.3607, -22.83962, 0], [-43.360582, -22.839613, 0], [-43.360572, -22.839816, 0], [-43.360586, -22.839818, 0]]]}, "properties": {"address": "122627, 0"}},
{"type": "Feature", "geometry": {"type": "Polygon", "coordinates": [[[-43.360522, -22.839749, 0], [-43.36052, -22.839774, 0], [-43.360524, -22.839774, 0], [-43.360522, -22.839811, 0], [-43.360572, -22.839816, 0], [-43.360582, -22.839613, 0], [-43.360583, -22.839609, 0], [-43.360524, -22.839606, 0], [-43.360518, -22.839749, 0], [-43.360522, -22.839749, 0]]]}, "properties": {"address": "122627, 0"}},
{"type": "Feature", "geometry": {"type": "Polygon", "coordinates": [[[-43.360494, -22.839765, 0], [-43.360491, -22.839805, 0], [-43.360491, -22.839807, 0], [-43.360522, -22.839811, 0], [-43.360524, -22.839774, 0], [-43.36052, -22.839774, 0], [-43.360522, -22.839749, 0], [-43.360518, -22.839749, 0], [-43.360524, -22.839606, 0], [-43.360496, -22.839605, 0], [-43.36049, -22.839765, 0], [-43.360494, -22.839765, 0]]]}, "properties": {"address": "122627, 0"}},
{"type": "Feature", "geometry": {"type": "Polygon", "coordinates": [[[-43.360397, -22.839789, 0], [-43.360491, -22.839805, 0], [-43.360494, -22.839765, 0], [-43.36049, -22.839765, 0], [-43.360496, -22.839605, 0], [-43.360467, -22.839604, 0], [-43.360385, -22.839596, 0], [-43.36036, -22.839783, 0], [-43.360397, -22.839789, 0]]]}, "properties": {"address": "122627, 0"}},
{"type": "Feature", "geometry": {"type": "Polygon", "coordinates": [[[-43.36042, -22.839551, 0], [-43.360446, -22.839552, 0], [-43.360494, -22.839556, 0], [-43.360497, -22.839413, 0], [-43.3605, -22.839413, 0], [-43.3605, -22.839388, 0], [-43.360501, -22.839305, 0], [-43.360497, -22.839305, 0], [-43.360435, -22.839301, 0], [-43.360421, -22.839546, 0], [-43.36042, -22.839551, 0]]]}, "properties": {"address": "122627, 0"}},
{"type": "Feature", "geometry": {"type": "Polygon", "coordinates": [[[-43.355435, -22.839889, 0], [-43.355522, -22.839906, 0], [-43.355607, -22.839922, 0], [-43.355655, -22.839931, 0], [-43.35566, -22.839928, 0], [-43.355558, -22.839814, 0], [-43.355366, -22.839876, 0], [-43.355435, -22.839889, 0]]]}, "properties": {"address": "144418, 69670"}},
{"type": "Feature", "geometry": {"type": "Polygon", "coordinates": [[[-43.355251, -22.839727, 0], [-43.355098, -22.839825, 0], [-43.355226, -22.839849, 0], [-43.355473, -22.839719, 0], [-43.355457, -22.839704, 0], [-43.355298, -22.839782, 0], [-43.355251, -22.839727, 0]]]}, "properties": {"address": "144418, 761036"}},
{"type": "Feature", "geometry": {"type": "Polygon", "coordinates": [[[-43.355262, -22.839856, 0], [-43.355349, -22.839873, 0], [-43.355366, -22.839876, 0], [-43.355558, -22.839814, 0], [-43.355535, -22.839789, 0], [-43.355473, -22.839719, 0], [-43.355226, -22.839849, 0], [-43.355262, -22.839856, 0]]]}, "properties": {"address": "144418, 73598"}},
{"type": "Feature", "geometry": {"type": "Polygon", "coordinates": [[[-43.355, -22.839806, 0], [-43.355091, -22.839823, 0], [-43.355098, -22.839825, 0], [-43.355251, -22.839727, 0], [-43.355387, -22.839641, 0], [-43.355369, -22.839624, 0], [-43.355299, -22.839563, 0], [-43.354971, -22.8398, 0], [-43.355, -22.839806, 0]]]}, "properties": {"address": "144418, 760978"}},
{"type": "Feature", "geometry": {"type": "Polygon", "coordinates": [[[-43.355298, -22.839782, 0], [-43.355457, -22.839704, 0], [-43.355451, -22.839699, 0], [-43.355387, -22.839641, 0], [-43.355251, -22.839727, 0], [-43.355298, -22.839782, 0]]]}, "properties": {"address": "144418, 761025"}},
{"type": "Feature", "geometry": {"type": "Polygon", "coordinates": [[[-43.355821, -22.839852, 0], [-43.355829, -22.839846, 0], [-43.356107, -22.839648, 0], [-43.356035, -22.839141, 0], [-43.356032, -22.839143, 0], [-43.355532, -22.839509, 0], [-43.355821, -22.839852, 0]]]}, "properties": {"address": "144418, 0"}},
{"type": "Feature", "geometry": {"type": "Polygon", "coordinates": [[[-43.362475, -22.839262, 0], [-43.362503, -22.839265, 0], [-43.362546, -22.83927, 0], [-43.362557, -22.839271, 0], [-43.36256, -22.839257, 0], [-43.362566, -22.839225, 0], [-43.362579, -22.839161, 0], [-43.362481, -22.839144, 0], [-43.362477, -22.839217, 0], [-43.362475, -22.839262, 0]]]}, "properties": {"address": "119305, 742931"}},
{"type": "Feature", "geometry": {"type": "Polygon", "coordinates": [[[-43.361992, -22.83905, 0], [-43.362045, -22.839064, 0], [-43.362096, -22.839076, 0], [-43.362273, -22.839121, 0], [-43.362284, -22.83895, 0], [-43.362139, -22.838931, 0], [-43.362034, -22.83892, 0], [-43.361955, -22.838912, 0], [-43.361928, -22.839034, 0], [-43.361992, -22.83905, 0]]]}, "properties": {"address": "119305, 0"}},
{"type": "Feature", "geometry": {"type": "Polygon", "coordinates": [[[-43.362512, -22.839473, 0], [-43.362501, -22.839477, 0], [-43.36249, -22.839483, 0], [-43.362481, -22.83949, 0], [-43.362473, -22.839497, 0], [-43.362468, -22.839503, 0], [-43.362462, -22.839509, 0], [-43.36246, -22.839515, 0], [-43.36246, -22.839517, 0], [-43.362459, -22.839524, 0], [-43.362459, -22.839551, 0], [-43.362457, -22.839577, 0], [-43.362493, -22.83958, 0], [-43.362585, -22.839587, 0], [-43.362599, -22.839588, 0], [-43.362605, -22.839589, 0], [-43.362638, -22.839591, 0], [-43.362658, -22.839491, 0], [-43.362552, -22.839472, 0], [-43.362538, -22.83947, 0], [-43.36253, -22.83947, 0], [-43.362521, -22.839471, 0], [-43.362512, -22.839473, 0]]]}, "properties": {"address": "122730, 742934"}},
{"type": "Feature", "geometry": {"type": "Polygon", "coordinates": [[[-43.362921, -22.839742, 0], [-43.362923, -22.839742, 0], [-43.362965, -22.83975, 0], [-43.362995, -22.839755, 0], [-43.363004, -22.839719, 0], [-43.363009, -22.839697, 0], [-43.363012, -22.839678, 0], [-43.363033, -22.83958, 0], [-43.363037, -22.839559, 0], [-43.362961, -22.839545, 0], [-43.362929, -22.839699, 0], [-43.362929, -22.839701, 0], [-43.362921, -22.839742, 0]]]}, "properties": {"address": "122730, 742909"}},
{"type": "Feature", "geometry": {"type": "Polygon", "coordinates": [[[-43.362706, -22.83965, 0], [-43.362702, -22.839669, 0], [-43.362696, -22.839702, 0], [-43.362697, -22.839703, 0], [-43.362724, -22.839707, 0], [-43.362768, -22.839715, 0], [-43.362777, -22.839671, 0], [-43.362788, -22.839619, 0], [-43.362796, -22.83958, 0], [-43.362802, -22.839549, 0], [-43.362809, -22.839518, 0], [-43.362794, -22.839515, 0], [-43.362735, -22.839505, 0], [-43.362721, -22.839577, 0], [-43.362706, -22.83965, 0]]]}, "properties": {"address": "122730, 34177"}},
{"type": "Feature", "geometry": {"type": "Polygon", "coordinates": [[[-43.362629, -22.839634, 0], [-43.362621, -22.839673, 0], [-43.362618, -22.839687, 0], [-43.362693, -22.839702, 0], [-43.362696, -22.839702, 0], [-43.362702, -22.839669, 0], [-43.362706, -22.83965, 0], [-43.362721, -22.839577, 0], [-43.362735, -22.839505, 0], [-43.3627, -22.839499, 0], [-43.362658, -22.839491, 0], [-43.362638, -22.839591, 0], [-43.362629, -22.839634, 0]]]}, "properties": {"address": "122730, 742924"}},
{"type": "Feature", "geometry": {"type": "Polygon", "coordinates": [[[-43.362929, -22.839699, 0], [-43.362961, -22.839545, 0], [-43.362888, -22.839532, 0], [-43.362872, -22.839605, 0], [-43.362858, -22.839668, 0], [-43.362854, -22.839687, 0], [-43.362846, -22.839728, 0], [-43.362921, -22.839742, 0], [-43.362929, -22.839701, 0], [-43.362929, -22.839699, 0]]]}, "properties": {"address": "122730, 33861"}},
{"type": "Feature", "geometry": {"type": "Polygon", "coordinates": [[[-43.362854, -22.839687, 0], [-43.362858, -22.839668, 0], [-43.362872, -22.839605, 0], [-43.362888, -22.839532, 0], [-43.362809, -22.839518, 0], [-43.362802, -22.839549, 0], [-43.362796, -22.83958, 0], [-43.362788, -22.839619, 0], [-43.362777, -22.839671, 0], [-43.362768, -22.839715, 0], [-43.362771, -22.839715, 0], [-43.362845, -22.839728, 0], [-43.362854, -22.839687, 0]]]}, "properties": {"address": "122730, 322286"}},
{"type": "Feature", "geometry": {"type": "Polygon", "coordinates": [[[-43.36297, -22.839312, 0], [-43.362964, -22.839342, 0], [-43.362952, -22.839409, 0], [-43.362948, -22.839431, 0], [-43.36299, -22.839438, 0], [-43.36301, -22.839442, 0], [-43.363015, -22.83942, 0], [-43.36303, -22.839338, 0], [-43.363035, -22.839316, 0], [-43.363037, -22.839302, 0], [-43.363048, -22.839244, 0], [-43.363032, -22.839241, 0], [-43.363023, -22.839239, 0], [-43.363014, -22.839238, 0], [-43.362985, -22.839233, 0], [-43.362984, -22.839232, 0], [-43.362971, -22.839309, 0], [-43.36297, -22.839312, 0]]]}, "properties": {"address": "122730, 669714"}},
{"type": "Feature", "geometry": {"type": "Polygon", "coordinates": [[[-43.362938, -22.839224, 0], [-43.362918, -22.839329, 0], [-43.362918, -22.839333, 0], [-43.362917, -22.839334, 0], [-43.362901, -22.839422, 0], [-43.362948, -22.839431, 0], [-43.362952, -22.839409, 0], [-43.362964, -22.839342, 0], [-43.36297, -22.839312, 0], [-43.362971, -22.839309, 0], [-43.362984, -22.839232, 0], [-43.362975, -22.839231, 0], [-43.362938, -22.839224, 0]]]}, "properties": {"address": "122730, 742942"}},
{"type": "Feature", "geometry": {"type": "Polygon", "coordinates": [[[-43.362885, -22.839263, 0], [-43.362888, -22.839263, 0], [-43.362877, -22.839318, 0], [-43.362876, -22.839326, 0], [-43.362863, -22.839393, 0], [-43.362858, -22.839414, 0], [-43.362901, -22.839422, 0], [-43.362917, -22.839334, 0], [-43.362918, -22.839333, 0], [-43.362918, -22.839329, 0], [-43.362938, -22.839224, 0], [-43.36293, -22.839223, 0], [-43.362893, -22.839216, 0], [-43.362889, -22.83924, 0], [-43.362885, -22.839263, 0]]]}, "properties": {"address": "122730, 669713"}},
{"type": "Feature", "geometry": {"type": "Polygon", "coordinates": [[[-43.362781, -22.839299, 0], [-43.36278, -22.839308, 0], [-43.362768, -22.839376, 0], [-43.362764, -22.839397, 0], [-43.362833, -22.83941, 0], [-43.362858, -22.839414, 0], [-43.362863, -22.839393, 0], [-43.362876, -22.839326, 0], [-43.362877, -22.839318, 0], [-43.362888, -22.839263, 0], [-43.362885, -22.839263, 0], [-43.362889, -22.83924, 0], [-43.362893, -22.839216, 0], [-43.362885, -22.839215, 0], [-43.362847, -22.839208, 0], [-43.362836, -22.839206, 0], [-43.362799, -22.8392, 0], [-43.36279, -22.83925, 0], [-43.362781, -22.839299, 0]]]}, "properties": {"address": "122730, 669713"}},
{"type": "Feature", "geometry": {"type": "Polygon", "coordinates": [[[-43.36275, -22.839191, 0], [-43.362747, -22.839206, 0], [-43.362732, -22.839279, 0], [-43.362728, -22.839298, 0], [-43.362728, -22.839299, 0], [-43.362714, -22.839366, 0], [-43.362709, -22.839387, 0], [-43.362716, -22.839388, 0], [-43.362764, -22.839397, 0], [-43.362768, -22.839376, 0], [-43.36278, -22.839308, 0], [-43.362781, -22.839299, 0], [-43.36279, -22.83925, 0], [-43.362799, -22.8392, 0], [-43.362793, -22.839199, 0], [-43.36275, -22.839191, 0]]]}, "properties": {"address": "122730, 669712"}},
{"type": "Feature", "geometry": {"type": "Polygon", "coordinates": [[[-43.362685, -22.839291, 0], [-43.362671, -22.839358, 0], [-43.362667, -22.83938, 0], [-43.362709, -22.839387, 0], [-43.362714, -22.839366, 0], [-43.362728, -22.839299, 0], [-43.362728, -22.839298, 0], [-43.362732, -22.839279, 0], [-43.362747, -22.839206, 0], [-43.36275, -22.839191, 0], [-43.362743, -22.83919, 0], [-43.362707, -22.839184, 0], [-43.362693, -22.839253, 0], [-43.362685, -22.839291, 0]]]}, "properties": {"address": "122730, 669712"}},
{"type": "Feature", "geometry": {"type": "Polygon", "coordinates": [[[-43.362645, -22.83924, 0], [-43.362638, -22.839275, 0], [-43.362636, -22.839283, 0], [-43.362621, -22.839349, 0], [-43.362616, -22.83937, 0], [-43.362645, -22.839376, 0], [-43.362667, -22.83938, 0], [-43.362671, -22.839358, 0], [-43.362685, -22.839291, 0], [-43.362693, -22.839253, 0], [-43.362707, -22.839184, 0], [-43.362694, -22.839181, 0], [-43.36266, -22.839175, 0], [-43.362652, -22.839211, 0], [-43.362645, -22.83924, 0]]]}, "properties": {"address": "122730, 33860"}},
{"type": "Feature", "geometry": {"type": "Polygon", "coordinates": [[[-43.362566, -22.839225, 0], [-43.36256, -22.839257, 0], [-43.362557, -22.839271, 0], [-43.362546, -22.83927, 0], [-43.362503, -22.839265, 0], [-43.362475, -22.839262, 0], [-43.362472, -22.839318, 0], [-43.362472, -22.839319, 0], [-43.362473, -22.839324, 0], [-43.362476, -22.839331, 0], [-43.36248, -22.839336, 0], [-43.362483, -22.83934, 0], [-43.362492, -22.839348, 0], [-43.362507, -22.839351, 0], [-43.362595, -22.839367, 0], [-43.362616, -22.83937, 0], [-43.362621, -22.839349, 0], [-43.362636, -22.839283, 0], [-43.362638, -22.839275, 0], [-43.362645, -22.83924, 0], [-43.362652, -22.839211, 0], [-43.36266, -22.839175, 0], [-43.362657, -22.839175, 0], [-43.362617, -22.839168, 0], [-43.362602, -22.839165, 0], [-43.3626, -22.839165, 0], [-43.362579, -22.839161, 0], [-43.362566, -22.839225, 0]]]}, "properties": {"address": "122730, 440540"}},
{"type": "Feature", "geometry": {"type": "Polygon", "coordinates": [[[-43.36294, -22.840479, 0], [-43.36297, -22.840336, 0], [-43.362971, -22.840331, 0], [-43.362976, -22.840309, 0], [-43.362982, -22.840279, 0], [-43.362911, -22.840266, 0], [-43.362867, -22.840466, 0], [-43.36294, -22.840479, 0]]]}, "properties": {"address": "122728, 406070"}},
{"type": "Feature", "geometry": {"type": "Polygon", "coordinates": [[[-43.363016, -22.840493, 0], [-43.363023, -22.840459, 0], [-43.363028, -22.840438, 0], [-43.363042, -22.84037, 0], [-43.363059, -22.840293, 0], [-43.362982, -22.840279, 0], [-43.362976, -22.840309, 0], [-43.362971, -22.840331, 0], [-43.36297, -22.840336, 0], [-43.36294, -22.840479, 0], [-43.363016, -22.840493, 0]]]}, "properties": {"address": "122728, 36738"}},
{"type": "Feature", "geometry": {"type": "Polygon", "coordinates": [[[-43.362409, -22.840334, 0], [-43.36241, -22.840341, 0], [-43.362413, -22.840348, 0], [-43.362416, -22.840354, 0], [-43.362424, -22.840366, 0], [-43.362435, -22.840377, 0], [-43.362441, -22.840381, 0], [-43.362448, -22.840385, 0], [-43.362455, -22.840388, 0], [-43.362459, -22.840389, 0], [-43.362462, -22.840391, 0], [-43.362507, -22.840399, 0], [-43.362525, -22.840402, 0], [-43.362564, -22.840409, 0], [-43.362568, -22.840389, 0], [-43.362589, -22.840287, 0], [-43.36259, -22.840286, 0], [-43.36255, -22.840283, 0], [-43.362411, -22.840274, 0], [-43.362408, -22.840327, 0], [-43.362409, -22.840334, 0]]]}, "properties": {"address": "122728, 669678"}},
{"type": "Feature", "geometry": {"type": "Polygon", "coordinates": [[[-43.362589, -22.840287, 0], [-43.362568, -22.840389, 0], [-43.362564, -22.840409, 0], [-43.36264, -22.840424, 0], [-43.362645, -22.840401, 0], [-43.36267, -22.840279, 0], [-43.362681, -22.840224, 0], [-43.362606, -22.840211, 0], [-43.36259, -22.840286, 0], [-43.362589, -22.840287, 0]]]}, "properties": {"address": "122728, 742915"}},
{"type": "Feature", "geometry": {"type": "Polygon", "coordinates": [[[-43.362645, -22.840401, 0], [-43.36264, -22.840424, 0], [-43.362713, -22.840437, 0], [-43.362721, -22.840402, 0], [-43.362728, -22.840367, 0], [-43.362746, -22.840284, 0], [-43.362756, -22.840238, 0], [-43.362702, -22.840228, 0], [-43.362695, -22.840227, 0], [-43.362681, -22.840224, 0], [-43.36267, -22.840279, 0], [-43.362645, -22.840401, 0]]]}, "properties": {"address": "122728, 742912"}},
{"type": "Feature", "geometry": {"type": "Polygon", "coordinates": [[[-43.362822, -22.840303, 0], [-43.362794, -22.840443, 0], [-43.362792, -22.840452, 0], [-43.362867, -22.840466, 0], [-43.362911, -22.840266, 0], [-43.362833, -22.840252, 0], [-43.362826, -22.840287, 0], [-43.362822, -22.840303, 0]]]}, "properties": {"address": "122728, 34172"}},
{"type": "Feature", "geometry": {"type": "Polygon", "coordinates": [[[-43.362794, -22.840443, 0], [-43.362822, -22.840303, 0], [-43.362826, -22.840287, 0], [-43.362833, -22.840252, 0], [-43.362803, -22.840246, 0], [-43.362802, -22.840246, 0], [-43.362756, -22.840238, 0], [-43.362746, -22.840284, 0], [-43.362728, -22.840367, 0], [-43.362721, -22.840402, 0], [-43.362713, -22.840437, 0], [-43.362792, -22.840452, 0], [-43.362794, -22.840443, 0]]]}, "properties": {"address": "122728, 36737"}},
{"type": "Feature", "geometry": {"type": "Polygon", "coordinates": [[[-43.36255, -22.840516, 0], [-43.362542, -22.840514, 0], [-43.362475, -22.840502, 0], [-43.362467, -22.840501, 0], [-43.36246, -22.8405, 0], [-43.362444, -22.840502, 0], [-43.362437, -22.840503, 0], [-43.362416, -22.840512, 0], [-43.36241, -22.840517, 0], [-43.362404, -22.840521, 0], [-43.362399, -22.840527, 0], [-43.362395, -22.840533, 0], [-43.362391, -22.840539, 0], [-43.362388, -22.840545, 0], [-43.362386, -22.840552, 0], [-43.362377, -22.840612, 0], [-43.362413, -22.840615, 0], [-43.362426, -22.840616, 0], [-43.362523, -22.840629, 0], [-43.362525, -22.840629, 0], [-43.362558, -22.840634, 0], [-43.362588, -22.840637, 0], [-43.362599, -22.840581, 0], [-43.36261, -22.840527, 0], [-43.36255, -22.840516, 0]]]}, "properties": {"address": "122728, 170828"}},
{"type": "Feature", "geometry": {"type": "Polygon", "coordinates": [[[-43.362044, -22.840083, 0], [-43.362182, -22.840116, 0], [-43.36219, -22.840118, 0], [-43.36219, -22.840116, 0], [-43.362203, -22.840024, 0], [-43.362106, -22.839999, 0], [-43.362017, -22.839977, 0], [-43.361982, -22.840069, 0], [-43.362044, -22.840083, 0]]]}, "properties": {"address": "121906, 0"}},
{"type": "Feature", "geometry": {"type": "Polygon", "coordinates": [[[-43.362411, -22.840272, 0], [-43.362411, -22.840274, 0], [-43.36255, -22.840283, 0], [-43.36259, -22.840286, 0], [-43.362606, -22.840211, 0], [-43.362609, -22.840196, 0], [-43.362599, -22.840195, 0], [-43.362416, -22.840186, 0], [-43.362416, -22.840191, 0], [-43.362411, -22.840272, 0]]]}, "properties": {"address": "121906, 742948"}},
{"type": "Feature", "geometry": {"type": "Polygon", "coordinates": [[[-43.362599, -22.840195, 0], [-43.362609, -22.840196, 0], [-43.362613, -22.840174, 0], [-43.362623, -22.840126, 0], [-43.362626, -22.840114, 0], [-43.362627, -22.840111, 0], [-43.362568, -22.840108, 0], [-43.362455, -22.840103, 0], [-43.362421, -22.840101, 0], [-43.362416, -22.840186, 0], [-43.362599, -22.840195, 0]]]}, "properties": {"address": "121906, 742945"}},
{"type": "Feature", "geometry": {"type": "Polygon", "coordinates": [[[-43.35581, -22.840585, 0], [-43.356108, -22.8406, 0], [-43.356064, -22.840508, 0], [-43.35578, -22.840494, 0], [-43.355779, -22.840583, 0], [-43.35581, -22.840585, 0]]]}, "properties": {"address": "141826, 834024"}},
{"type": "Feature", "geometry": {"type": "Polygon", "coordinates": [[[-43.35513, -22.840633, 0], [-43.355139, -22.840634, 0], [-43.355157, -22.840634, 0], [-43.355166, -22.840633, 0], [-43.355175, -22.840631, 0], [-43.355183, -22.840629, 0], [-43.355191, -22.840626, 0], [-43.3552, -22.840622, 0], [-43.355207, -22.840618, 0], [-43.355214, -22.840613, 0], [-43.355221, -22.840607, 0], [-43.355231, -22.840597, 0], [-43.355235, -22.84059, 0], [-43.355238, -22.840582, 0], [-43.355242, -22.840566, 0], [-43.355243, -22.840558, 0], [-43.355243, -22.840552, 0], [-43.355244, -22.840543, 0], [-43.355076, -22.840513, 0], [-43.355053, -22.840618, 0], [-43.35513, -22.840633, 0]]]}, "properties": {"address": "143867, 834188"}},
{"type": "Feature", "geometry": {"type": "Polygon", "coordinates": [[[-43.354826, -22.840575, 0], [-43.354871, -22.840354, 0], [-43.354784, -22.840337, 0], [-43.354739, -22.840559, 0], [-43.354826, -22.840575, 0]]]}, "properties": {"address": "143867, 834249"}},
{"type": "Feature", "geometry": {"type": "Polygon", "coordinates": [[[-43.353964, -22.840412, 0], [-43.35401, -22.84019, 0], [-43.353925, -22.840173, 0], [-43.353924, -22.840173, 0], [-43.353878, -22.840396, 0], [-43.353964, -22.840412, 0]]]}, "properties": {"address": "143867, 834223"}},
{"type": "Feature", "geometry": {"type": "Polygon", "coordinates": [[[-43.354049, -22.840428, 0], [-43.354095, -22.840206, 0], [-43.35401, -22.84019, 0], [-43.353964, -22.840412, 0], [-43.354049, -22.840428, 0]]]}, "properties": {"address": "143867, 834205"}},
{"type": "Feature", "geometry": {"type": "Polygon", "coordinates": [[[-43.354134, -22.840444, 0], [-43.354181, -22.840223, 0], [-43.354095, -22.840206, 0], [-43.354049, -22.840428, 0], [-43.354134, -22.840444, 0]]]}, "properties": {"address": "143867, 834211"}},
{"type": "Feature", "geometry": {"type": "Polygon", "coordinates": [[[-43.353793, -22.84038, 0], [-43.353878, -22.840396, 0], [-43.353924, -22.840173, 0], [-43.353839, -22.840156, 0], [-43.353824, -22.840232, 0], [-43.353793, -22.84038, 0]]]}, "properties": {"address": "143867, 834138"}},
{"type": "Feature", "geometry": {"type": "Polygon", "coordinates": [[[-43.354223, -22.840461, 0], [-43.354271, -22.840239, 0], [-43.354181, -22.840223, 0], [-43.354134, -22.840444, 0], [-43.354223, -22.840461, 0]]]}, "properties": {"address": "143867, 834086"}},
{"type": "Feature", "geometry": {"type": "Polygon", "coordinates": [[[-43.354739, -22.840559, 0], [-43.354784, -22.840337, 0], [-43.354746, -22.840329, 0], [-43.354702, -22.840552, 0], [-43.354739, -22.840559, 0]]]}, "properties": {"address": "143867, 834085"}},
{"type": "Feature", "geometry": {"type": "Polygon", "coordinates": [[[-43.354702, -22.840552, 0], [-43.354746, -22.840329, 0], [-43.354698, -22.84032, 0], [-43.354652, -22.840542, 0], [-43.354702, -22.840552, 0]]]}, "properties": {"address": "143867, 761129"}},
{"type": "Feature", "geometry": {"type": "Polygon", "coordinates": [[[-43.354911, -22.840591, 0], [-43.354956, -22.84037, 0], [-43.354871, -22.840354, 0], [-43.354826, -22.840575, 0], [-43.354911, -22.840591, 0]]]}, "properties": {"address": "143867, 834071"}},
{"type": "Feature", "geometry": {"type": "Polygon", "coordinates": [[[-43.353793, -22.84038, 0], [-43.353824, -22.840232, 0], [-43.353745, -22.840217, 0], [-43.353714, -22.840365, 0], [-43.353793, -22.84038, 0]]]}, "properties": {"address": "143867, 833924"}},
{"type": "Feature", "geometry": {"type": "Polygon", "coordinates": [[[-43.354271, -22.840239, 0], [-43.354223, -22.840461, 0], [-43.354309, -22.840477, 0], [-43.354354, -22.840254, 0], [-43.354271, -22.840239, 0]]]}, "properties": {"address": "143867, 833988"}},
{"type": "Feature", "geometry": {"type": "Polygon", "coordinates": [[[-43.354394, -22.840493, 0], [-43.35444, -22.840272, 0], [-43.354354, -22.840254, 0], [-43.354309, -22.840477, 0], [-43.354394, -22.840493, 0]]]}, "properties": {"address": "143867, 833923"}},
{"type": "Feature", "geometry": {"type": "Polygon", "coordinates": [[[-43.35321, -22.839922, 0], [-43.353225, -22.839922, 0], [-43.353226, -22.839894, 0], [-43.353227, -22.839882, 0], [-43.35312, -22.839874, 0], [-43.353101, -22.839872, 0], [-43.353098, -22.839915, 0], [-43.35321, -22.839922, 0]]]}, "properties": {"address": "143876, 0"}},
{"type": "Feature", "geometry": {"type": "Polygon", "coordinates": [[[-43.352789, -22.839885, 0], [-43.352788, -22.83989, 0], [-43.352912, -22.839907, 0], [-43.352915, -22.839907, 0], [-43.353009, -22.839924, 0], [-43.353029, -22.839927, 0], [-43.353038, -22.839855, 0], [-43.353021, -22.839852, 0], [-43.352886, -22.839833, 0], [-43.352883, -22.839832, 0], [-43.352876, -22.839831, 0], [-43.352796, -22.83982, 0], [-43.352789, -22.839878, 0], [-43.352789, -22.839885, 0]]]}, "properties": {"address": "143876, 0"}},
{"type": "Feature", "geometry": {"type": "Polygon", "coordinates": [[[-43.352742, -22.840329, 0], [-43.352741, -22.840392, 0], [-43.352771, -22.840395, 0], [-43.352816, -22.840401, 0], [-43.352849, -22.840405, 0], [-43.352868, -22.840408, 0], [-43.352966, -22.84042, 0], [-43.352971, -22.840385, 0], [-43.352976, -22.840342, 0], [-43.352951, -22.840338, 0], [-43.352838, -22.840322, 0], [-43.352821, -22.84032, 0], [-43.352743, -22.840308, 0], [-43.352742, -22.840326, 0], [-43.352742, -22.840329, 0]]]}, "properties": {"address": "143876, 0"}},
{"type": "Feature", "geometry": {"type": "Polygon", "coordinates": [[[-43.353068, -22.840361, 0], [-43.353068, -22.840369, 0], [-43.353066, -22.84038, 0], [-43.3531, -22.840383, 0], [-43.353181, -22.840391, 0], [-43.353208, -22.840394, 0], [-43.353209, -22.84038, 0], [-43.353209, -22.840379, 0], [-43.353213, -22.840326, 0], [-43.353207, -22.840326, 0], [-43.353199, -22.840325, 0], [-43.353121, -22.840321, 0], [-43.353117, -22.84032, 0], [-43.353073, -22.840318, 0], [-43.353073, -22.840321, 0], [-43.353068, -22.840361, 0]]]}, "properties": {"address": "143876, 0"}},
{"type": "Feature", "geometry": {"type": "Polygon", "coordinates": [[[-43.352745, -22.840242, 0], [-43.352743, -22.840308, 0], [-43.352821, -22.84032, 0], [-43.352838, -22.840322, 0], [-43.352951, -22.840338, 0], [-43.352976, -22.840342, 0], [-43.352987, -22.840256, 0], [-43.352963, -22.840252, 0], [-43.352908, -22.840244, 0], [-43.352872, -22.840239, 0], [-43.352811, -22.84023, 0], [-43.352781, -22.840225, 0], [-43.352748, -22.84022, 0], [-43.352745, -22.840241, 0], [-43.352745, -22.840242, 0]]]}, "properties": {"address": "143876, 0"}},
{"type": "Feature", "geometry": {"type": "Polygon", "coordinates": [[[-43.353073, -22.840318, 0], [-43.353117, -22.84032, 0], [-43.353121, -22.840321, 0], [-43.353199, -22.840325, 0], [-43.353207, -22.840326, 0], [-43.353213, -22.840326, 0], [-43.353214, -22.840309, 0], [-43.353215, -22.840299, 0], [-43.353216, -22.840282, 0], [-43.353217, -22.840245, 0], [-43.353197, -22.840244, 0], [-43.353189, -22.840244, 0], [-43.35312, -22.84024, 0], [-43.353077, -22.840238, 0], [-43.353076, -22.840251, 0], [-43.353073, -22.840318, 0]]]}, "properties": {"address": "143876, 0"}},
{"type": "Feature", "geometry": {"type": "Polygon", "coordinates": [[[-43.353086, -22.840092, 0], [-43.353108, -22.840094, 0], [-43.353221, -22.840105, 0], [-43.353222, -22.84007, 0], [-43.353209, -22.840069, 0], [-43.353126, -22.840061, 0], [-43.353108, -22.84006, 0], [-43.353088, -22.840058, 0], [-43.353087, -22.840066, 0], [-43.353086, -22.840092, 0]]]}, "properties": {"address": "143876, 0"}},
{"type": "Feature", "geometry": {"type": "Polygon", "coordinates": [[[-43.352763, -22.8401, 0], [-43.35276, -22.84012, 0], [-43.352758, -22.840142, 0], [-43.352778, -22.840145, 0], [-43.352914, -22.840163, 0], [-43.352998, -22.840175, 0], [-43.352999, -22.840164, 0], [-43.353002, -22.840143, 0], [-43.353009, -22.840093, 0], [-43.352906, -22.840079, 0], [-43.352835, -22.840069, 0], [-43.352796, -22.840064, 0], [-43.352768, -22.840061, 0], [-43.352763, -22.840097, 0], [-43.352763, -22.8401, 0]]]}, "properties": {"address": "143876, 0"}},
{"type": "Feature", "geometry": {"type": "Polygon", "coordinates": [[[-43.352768, -22.840061, 0], [-43.352796, -22.840064, 0], [-43.352835, -22.840069, 0], [-43.352906, -22.840079, 0], [-43.353009, -22.840093, 0], [-43.353012, -22.840068, 0], [-43.353018, -22.840015, 0], [-43.352959, -22.840006, 0], [-43.352948, -22.840005, 0], [-43.352928, -22.840002, 0], [-43.352909, -22.839999, 0], [-43.352838, -22.839989, 0], [-43.352778, -22.83998, 0], [-43.352772, -22.840028, 0], [-43.352768, -22.840061, 0]]]}, "properties": {"address": "143876, 0"}},
{"type": "Feature", "geometry": {"type": "Polygon", "coordinates": [[[-43.353088, -22.840058, 0], [-43.353108, -22.84006, 0], [-43.353126, -22.840061, 0], [-43.353209, -22.840069, 0], [-43.353222, -22.84007, 0], [-43.353222, -22.840014, 0], [-43.353205, -22.840013, 0], [-43.35313, -22.840006, 0], [-43.353119, -22.840005, 0], [-43.353101, -22.840003, 0], [-43.353093, -22.840002, 0], [-43.353093, -22.840004, 0], [-43.353088, -22.840058, 0]]]}, "properties": {"address": "143876, 0"}},
{"type": "Feature", "geometry": {"type": "Polygon", "coordinates": [[[-43.352756, -22.840158, 0], [-43.352754, -22.840173, 0], [-43.352748, -22.84022, 0], [-43.352781, -22.840225, 0], [-43.352811, -22.84023, 0], [-43.352872, -22.840239, 0], [-43.352908, -22.840244, 0], [-43.352963, -22.840252, 0], [-43.352987, -22.840256, 0], [-43.352987, -22.840252, 0], [-43.352991, -22.840225, 0], [-43.352996, -22.84019, 0], [-43.352998, -22.840175, 0], [-43.352914, -22.840163, 0], [-43.352778, -22.840145, 0], [-43.352758, -22.840142, 0], [-43.352757, -22.840151, 0], [-43.352756, -22.840158, 0]]]}, "properties": {"address": "143876, 0"}},
{"type": "Feature", "geometry": {"type": "Polygon", "coordinates": [[[-43.35312, -22.84024, 0], [-43.353189, -22.840244, 0], [-43.353197, -22.840244, 0], [-43.353217, -22.840245, 0], [-43.353218, -22.840227, 0], [-43.353218, -22.840226, 0], [-43.353219, -22.840217, 0], [-43.353219, -22.840183, 0], [-43.35322, -22.840172, 0], [-43.353129, -22.840169, 0], [-43.353083, -22.840167, 0], [-43.353077, -22.840238, 0], [-43.35312, -22.84024, 0]]]}, "properties": {"address": "143876, 0"}},
{"type": "Feature", "geometry": {"type": "Polygon", "coordinates": [[[-43.353083, -22.840167, 0], [-43.353129, -22.840169, 0], [-43.35322, -22.840172, 0], [-43.35322, -22.840135, 0], [-43.353221, -22.840123, 0], [-43.353221, -22.840105, 0], [-43.353108, -22.840094, 0], [-43.353086, -22.840092, 0], [-43.353083, -22.840163, 0], [-43.353083, -22.840167, 0]]]}, "properties": {"address": "143876, 0"}},
{"type": "Feature", "geometry": {"type": "Polygon", "coordinates": [[[-43.352779, -22.839973, 0], [-43.352778, -22.83998, 0], [-43.352838, -22.839989, 0], [-43.352909, -22.839999, 0], [-43.352928, -22.840002, 0], [-43.352948, -22.840005, 0], [-43.352959, -22.840006, 0], [-43.353018, -22.840015, 0], [-43.353022, -22.839986, 0], [-43.353024, -22.839973, 0], [-43.352985, -22.839968, 0], [-43.352894, -22.839957, 0], [-43.352877, -22.839955, 0], [-43.352872, -22.839954, 0], [-43.352802, -22.839946, 0], [-43.352782, -22.839944, 0], [-43.352779, -22.839971, 0], [-43.352779, -22.839973, 0]]]}, "properties": {"address": "143876, 0"}},
{"type": "Feature", "geometry": {"type": "Polygon", "coordinates": [[[-43.352802, -22.839946, 0], [-43.352872, -22.839954, 0], [-43.352877, -22.839955, 0], [-43.352894, -22.839957, 0], [-43.352985, -22.839968, 0], [-43.353024, -22.839973, 0], [-43.353029, -22.839927, 0], [-43.353009, -22.839924, 0], [-43.352915, -22.839907, 0], [-43.352912, -22.839907, 0], [-43.352788, -22.83989, 0], [-43.352782, -22.839944, 0], [-43.352802, -22.839946, 0]]]}, "properties": {"address": "143876, 0"}},
{"type": "Feature", "geometry": {"type": "Polygon", "coordinates": [[[-43.353097, -22.83993, 0], [-43.353093, -22.840002, 0], [-43.353101, -22.840003, 0], [-43.353119, -22.840005, 0], [-43.35313, -22.840006, 0], [-43.353205, -22.840013, 0], [-43.353222, -22.840014, 0], [-43.353222, -22.839975, 0], [-43.353225, -22.839922, 0], [-43.35321, -22.839922, 0], [-43.353098, -22.839915, 0], [-43.353098, -22.839924, 0], [-43.353097, -22.83993, 0]]]}, "properties": {"address": "143876, 0"}},
{"type": "Feature", "geometry": {"type": "Polygon", "coordinates": [[[-43.353048, -22.840515, 0], [-43.353042, -22.840536, 0], [-43.353089, -22.840538, 0], [-43.353144, -22.84054, 0], [-43.353156, -22.84054, 0], [-43.353203, -22.840542, 0], [-43.353204, -22.840486, 0], [-43.353205, -22.840472, 0], [-43.353205, -22.840459, 0], [-43.353096, -22.840451, 0], [-43.353062, -22.840448, 0], [-43.353062, -22.84046, 0], [-43.353048, -22.840515, 0]]]}, "properties": {"address": "143876, 0"}},
{"type": "Feature", "geometry": {"type": "Polygon", "coordinates": [[[-43.352957, -22.840525, 0], [-43.352823, -22.840515, 0], [-43.352727, -22.840508, 0], [-43.352726, -22.840513, 0], [-43.352714, -22.840586, 0], [-43.352714, -22.840588, 0], [-43.352752, -22.840595, 0], [-43.352819, -22.840607, 0], [-43.352851, -22.840613, 0], [-43.35292, -22.840626, 0], [-43.352939, -22.840629, 0], [-43.352951, -22.840563, 0], [-43.352957, -22.840525, 0]]]}, "properties": {"address": "143876, 0"}},
{"type": "Feature", "geometry": {"type": "Polygon", "coordinates": [[[-43.353065, -22.840397, 0], [-43.353062, -22.840448, 0], [-43.353096, -22.840451, 0], [-43.353205, -22.840459, 0], [-43.353207, -22.840399, 0], [-43.353208, -22.840394, 0], [-43.353181, -22.840391, 0], [-43.3531, -22.840383, 0], [-43.353066, -22.84038, 0], [-43.353066, -22.840381, 0], [-43.353065, -22.840397, 0]]]}, "properties": {"address": "143876, 0"}},
{"type": "Feature", "geometry": {"type": "Polygon", "coordinates": [[[-43.35274, -22.840423, 0], [-43.35274, -22.840426, 0], [-43.352739, -22.84043, 0], [-43.352739, -22.840434, 0], [-43.352727, -22.840508, 0], [-43.352823, -22.840515, 0], [-43.352957, -22.840525, 0], [-43.352957, -22.840524, 0], [-43.352964, -22.840434, 0], [-43.352966, -22.84042, 0], [-43.352868, -22.840408, 0], [-43.352849, -22.840405, 0], [-43.352816, -22.840401, 0], [-43.352771, -22.840395, 0], [-43.352741, -22.840392, 0], [-43.35274, -22.840405, 0], [-43.35274, -22.840423, 0]]]}, "properties": {"address": "143876, 0"}},
{"type": "Feature", "geometry": {"type": "Polygon", "coordinates": [[[-43.353101, -22.839872, 0], [-43.35312, -22.839874, 0], [-43.353227, -22.839882, 0], [-43.353229, -22.839827, 0], [-43.353174, -22.839822, 0], [-43.353134, -22.839818, 0], [-43.353125, -22.839818, 0], [-43.353104, -22.839816, 0], [-43.353103, -22.839839, 0], [-43.353101, -22.839872, 0]]]}, "properties": {"address": "143876, 0"}},
{"type": "Feature", "geometry": {"type": "Polygon", "coordinates": [[[-43.35311, -22.83907, 0], [-43.353097, -22.839138, 0], [-43.353096, -22.839142, 0], [-43.353079, -22.839236, 0], [-43.353079, -22.839239, 0], [-43.35307, -22.839284, 0], [-43.353061, -22.839335, 0], [-43.35306, -22.839337, 0], [-43.353059, -22.839347, 0], [-43.353048, -22.839404, 0], [-43.353046, -22.839414, 0], [-43.353107, -22.839427, 0], [-43.353125, -22.839431, 0], [-43.35316, -22.839438, 0], [-43.353171, -22.839377, 0], [-43.353204, -22.839201, 0], [-43.353211, -22.83916, 0], [-43.35322, -22.839116, 0], [-43.353221, -22.83911, 0], [-43.353225, -22.839089, 0], [-43.353231, -22.839054, 0], [-43.353237, -22.839024, 0], [-43.353237, -22.83902, 0], [-43.353239, -22.839013, 0], [-43.353242, -22.838995, 0], [-43.353156, -22.838979, 0], [-43.353129, -22.838974, 0], [-43.353124, -22.838994, 0], [-43.35311, -22.83907, 0]]]}, "properties": {"address": "143876, 73596"}},
{"type": "Feature", "geometry": {"type": "Polygon", "coordinates": [[[-43.353237, -22.83902, 0], [-43.353237, -22.839024, 0], [-43.353231, -22.839054, 0], [-43.353225, -22.839089, 0], [-43.353221, -22.83911, 0], [-43.35322, -22.839116, 0], [-43.353211, -22.83916, 0], [-43.353204, -22.839201, 0], [-43.353171, -22.839377, 0], [-43.35316, -22.839438, 0], [-43.353177, -22.839442, 0], [-43.353228, -22.839452, 0], [-43.353238, -22.839454, 0], [-43.353255, -22.839458, 0], [-43.353276, -22.839342, 0], [-43.353279, -22.839327, 0], [-43.353284, -22.839301, 0], [-43.35329, -22.839268, 0], [-43.353298, -22.839228, 0], [-43.353314, -22.839142, 0], [-43.353317, -22.839127, 0], [-43.353339, -22.839014, 0], [-43.353257, -22.838998, 0], [-43.353246, -22.838996, 0], [-43.353242, -22.838995, 0], [-43.353239, -22.839013, 0], [-43.353237, -22.83902, 0]]]}, "properties": {"address": "143876, 834081"}},
{"type": "Feature", "geometry": {"type": "Polygon", "coordinates": [[[-43.353048, -22.839404, 0], [-43.353059, -22.839347, 0], [-43.35306, -22.839337, 0], [-43.353061, -22.839335, 0], [-43.35307, -22.839284, 0], [-43.353079, -22.839239, 0], [-43.35307, -22.839237, 0], [-43.353015, -22.83923, 0], [-43.352998, -22.839227, 0], [-43.353005, -22.839192, 0], [-43.353013, -22.839154, 0], [-43.353018, -22.839125, 0], [-43.353042, -22.839003, 0], [-43.353047, -22.838978, 0], [-43.353007, -22.838971, 0], [-43.352975, -22.83915, 0], [-43.352961, -22.839231, 0], [-43.352958, -22.83925, 0], [-43.352955, -22.839263, 0], [-43.352949, -22.839296, 0], [-43.352948, -22.839302, 0], [-43.352946, -22.839313, 0], [-43.352942, -22.839338, 0], [-43.352932, -22.83939, 0], [-43.353017, -22.839408, 0], [-43.353046, -22.839414, 0], [-43.353048, -22.839404, 0]]]}, "properties": {"address": "143876, 73595"}},
{"type": "Feature", "geometry": {"type": "Polygon", "coordinates": [[[-43.352799, -22.839791, 0], [-43.352796, -22.83982, 0], [-43.352876, -22.839831, 0], [-43.352883, -22.839832, 0], [-43.352886, -22.839833, 0], [-43.353021, -22.839852, 0], [-43.353038, -22.839855, 0], [-43.353039, -22.839844, 0], [-43.353048, -22.839771, 0], [-43.352959, -22.839758, 0], [-43.352897, -22.83975, 0], [-43.352844, -22.839742, 0], [-43.352809, -22.839737, 0], [-43.352804, -22.839763, 0], [-43.352799, -22.83979, 0], [-43.352799, -22.839791, 0]]]}, "properties": {"address": "143876, 0"}},
{"type": "Feature", "geometry": {"type": "Polygon", "coordinates": [[[-43.353107, -22.839778, 0], [-43.353104, -22.839816, 0], [-43.353125, -22.839818, 0], [-43.353134, -22.839818, 0], [-43.353174, -22.839822, 0], [-43.353229, -22.839827, 0], [-43.35323, -22.839814, 0], [-43.35323, -22.839812, 0], [-43.353229, -22.839777, 0], [-43.353176, -22.839772, 0], [-43.353174, -22.839772, 0], [-43.353138, -22.839769, 0], [-43.353107, -22.839767, 0], [-43.353107, -22.839778, 0]]]}, "properties": {"address": "143876, 0"}},
{"type": "Feature", "geometry": {"type": "Polygon", "coordinates": [[[-43.353138, -22.839769, 0], [-43.353174, -22.839772, 0], [-43.353176, -22.839772, 0], [-43.353229, -22.839777, 0], [-43.353228, -22.839734, 0], [-43.353217, -22.839734, 0], [-43.353176, -22.839732, 0], [-43.353173, -22.839732, 0], [-43.353109, -22.839729, 0], [-43.353107, -22.839767, 0], [-43.353138, -22.839769, 0]]]}, "properties": {"address": "143876, 0"}},
{"type": "Feature", "geometry": {"type": "Polygon", "coordinates": [[[-43.353173, -22.839732, 0], [-43.353176, -22.839732, 0], [-43.353217, -22.839734, 0], [-43.353228, -22.839734, 0], [-43.353228, -22.839727, 0], [-43.353229, -22.839694, 0], [-43.35323, -22.839674, 0], [-43.353179, -22.83967, 0], [-43.353173, -22.83967, 0], [-43.353145, -22.839668, 0], [-43.353113, -22.839666, 0], [-43.353109, -22.839729, 0], [-43.353173, -22.839732, 0]]]}, "properties": {"address": "143876, 0"}},
{"type": "Feature", "geometry": {"type": "Polygon", "coordinates": [[[-43.352815, -22.839701, 0], [-43.352809, -22.839737, 0], [-43.352844, -22.839742, 0], [-43.352897, -22.83975, 0], [-43.352959, -22.839758, 0], [-43.353048, -22.839771, 0], [-43.353055, -22.83972, 0], [-43.353057, -22.839697, 0], [-43.353058, -22.839692, 0], [-43.353036, -22.839688, 0], [-43.352973, -22.839679, 0], [-43.352908, -22.839669, 0], [-43.352887, -22.839665, 0], [-43.352833, -22.839657, 0], [-43.352821, -22.839655, 0], [-43.352815, -22.8397, 0], [-43.352815, -22.839701, 0]]]}, "properties": {"address": "143876, 0"}},
{"type": "Feature", "geometry": {"type": "Polygon", "coordinates": [[[-43.352825, -22.839622, 0], [-43.352821, -22.839655, 0], [-43.352833, -22.839657, 0], [-43.352887, -22.839665, 0], [-43.352908, -22.839669, 0], [-43.352973, -22.839679, 0], [-43.353036, -22.839688, 0], [-43.353058, -22.839692, 0], [-43.353059, -22.839674, 0], [-43.353063, -22.839601, 0], [-43.353058, -22.8396, 0], [-43.353004, -22.839593, 0], [-43.352953, -22.839586, 0], [-43.352913, -22.83958, 0], [-43.352902, -22.839579, 0], [-43.352901, -22.839579, 0], [-43.352879, -22.839576, 0], [-43.352832, -22.839569, 0], [-43.352827, -22.83961, 0], [-43.352825, -22.839622, 0]]]}, "properties": {"address": "143876, 0"}},
{"type": "Feature", "geometry": {"type": "Polygon", "coordinates": [[[-43.353113, -22.839666, 0], [-43.353145, -22.839668, 0], [-43.353173, -22.83967, 0], [-43.353179, -22.83967, 0], [-43.35323, -22.839674, 0], [-43.35323, -22.839638, 0], [-43.35318, -22.839634, 0], [-43.353146, -22.839631, 0], [-43.353115, -22.839629, 0], [-43.353114, -22.83964, 0], [-43.353113, -22.839666, 0]]]}, "properties": {"address": "143876, 0"}},
{"type": "Feature", "geometry": {"type": "Polygon", "coordinates": [[[-43.353115, -22.839629, 0], [-43.353146, -22.839631, 0], [-43.35318, -22.839634, 0], [-43.35323, -22.839638, 0], [-43.353232, -22.839574, 0], [-43.353232, -22.839572, 0], [-43.353189, -22.83957, 0], [-43.353185, -22.83957, 0], [-43.353117, -22.839568, 0], [-43.353115, -22.839615, 0], [-43.353115, -22.839629, 0]]]}, "properties": {"address": "143876, 0"}},
{"type": "Feature", "geometry": {"type": "Polygon", "coordinates": [[[-43.352849, -22.839508, 0], [-43.352846, -22.839526, 0], [-43.352838, -22.839526, 0], [-43.352832, -22.839569, 0], [-43.352879, -22.839576, 0], [-43.352901, -22.839579, 0], [-43.352902, -22.839579, 0], [-43.352913, -22.83958, 0], [-43.352953, -22.839586, 0], [-43.353004, -22.839593, 0], [-43.353058, -22.8396, 0], [-43.353063, -22.839601, 0], [-43.353064, -22.839585, 0], [-43.35307, -22.839517, 0], [-43.353062, -22.839501, 0], [-43.353052, -22.8395, 0], [-43.353018, -22.839496, 0], [-43.352961, -22.839489, 0], [-43.352853, -22.839475, 0], [-43.35285, -22.839498, 0], [-43.352849, -22.839508, 0]]]}, "properties": {"address": "143876, 0"}},
{"type": "Feature", "geometry": {"type": "Polygon", "coordinates": [[[-43.353121, -22.839504, 0], [-43.353118, -22.839548, 0], [-43.353117, -22.839568, 0], [-43.353185, -22.83957, 0], [-43.353189, -22.83957, 0], [-43.353232, -22.839572, 0], [-43.353234, -22.839536, 0], [-43.353235, -22.839506, 0], [-43.353236, -22.839484, 0], [-43.353238, -22.839454, 0], [-43.353228, -22.839452, 0], [-43.353177, -22.839442, 0], [-43.35316, -22.839438, 0], [-43.353125, -22.839431, 0], [-43.353123, -22.839466, 0], [-43.353121, -22.839504, 0]]]}, "properties": {"address": "143876, 0"}},
{"type": "Feature", "geometry": {"type": "Polygon", "coordinates": [[[-43.352617, -22.839367, 0], [-43.35261, -22.839403, 0], [-43.352649, -22.839406, 0], [-43.352692, -22.83941, 0], [-43.352708, -22.839411, 0], [-43.352736, -22.839415, 0], [-43.35275, -22.839353, 0], [-43.352715, -22.839346, 0], [-43.352624, -22.839326, 0], [-43.352618, -22.83936, 0], [-43.352617, -22.839367, 0]]]}, "properties": {"address": "143876, 0"}},
{"type": "Feature", "geometry": {"type": "Polygon", "coordinates": [[[-43.352862, -22.839428, 0], [-43.352862, -22.839427, 0], [-43.352874, -22.839378, 0], [-43.352778, -22.83936, 0], [-43.352764, -22.839356, 0], [-43.35275, -22.839353, 0], [-43.352736, -22.839415, 0], [-43.352862, -22.839428, 0]]]}, "properties": {"address": "143876, 0"}},
{"type": "Feature", "geometry": {"type": "Polygon", "coordinates": [[[-43.361262, -22.838966, 0], [-43.361297, -22.838978, 0], [-43.3613, -22.838959, 0], [-43.361307, -22.83896, 0], [-43.361322, -22.838871, 0], [-43.361311, -22.83887, 0], [-43.361313, -22.838856, 0], [-43.361308, -22.838855, 0], [-43.361313, -22.838819, 0], [-43.361252, -22.838812, 0], [-43.361232, -22.838956, 0], [-43.361262, -22.838966, 0]]]}, "properties": {"address": "122642, 0"}},
{"type": "Feature", "geometry": {"type": "Polygon", "coordinates": [[[-43.36108, -22.838915, 0], [-43.361181, -22.838921, 0], [-43.361205, -22.838798, 0], [-43.3611, -22.838781, 0], [-43.361083, -22.838898, 0], [-43.36108, -22.838915, 0]]]}, "properties": {"address": "122642, 0"}},
{"type": "Feature", "geometry": {"type": "Polygon", "coordinates": [[[-43.3611, -22.838781, 0], [-43.361205, -22.838798, 0], [-43.361212, -22.838761, 0], [-43.361102, -22.838743, 0], [-43.361101, -22.838743, 0], [-43.361094, -22.83878, 0], [-43.3611, -22.838781, 0]]]}, "properties": {"address": "122642, 0"}},
{"type": "Feature", "geometry": {"type": "Polygon", "coordinates": [[[-43.361261, -22.838752, 0], [-43.361252, -22.838812, 0], [-43.361313, -22.838819, 0], [-43.361343, -22.838822, 0], [-43.361343, -22.838824, 0], [-43.361401, -22.838828, 0], [-43.361453, -22.838832, 0], [-43.361456, -22.83878, 0], [-43.361396, -22.83877, 0], [-43.361299, -22.838741, 0], [-43.361293, -22.838762, 0], [-43.361261, -22.838752, 0]]]}, "properties": {"address": "122642, 0"}},
{"type": "Feature", "geometry": {"type": "Polygon", "coordinates": [[[-43.361102, -22.838743, 0], [-43.361212, -22.838761, 0], [-43.361212, -22.838759, 0], [-43.361224, -22.838689, 0], [-43.361115, -22.838673, 0], [-43.36111, -22.838702, 0], [-43.361102, -22.838743, 0]]]}, "properties": {"address": "122642, 0"}},
{"type": "Feature", "geometry": {"type": "Polygon", "coordinates": [[[-43.361299, -22.838741, 0], [-43.361396, -22.83877, 0], [-43.361456, -22.83878, 0], [-43.361457, -22.838762, 0], [-43.361451, -22.838762, 0], [-43.361452, -22.838701, 0], [-43.361449, -22.838701, 0], [-43.361451, -22.83865, 0], [-43.361326, -22.838638, 0], [-43.361319, -22.838668, 0], [-43.361299, -22.838741, 0]]]}, "properties": {"address": "122642, 0"}},
{"type": "Feature", "geometry": {"type": "Polygon", "coordinates": [[[-43.36112, -22.838647, 0], [-43.361115, -22.838673, 0], [-43.361224, -22.838689, 0], [-43.36124, -22.838597, 0], [-43.361132, -22.838581, 0], [-43.361128, -22.838602, 0], [-43.36112, -22.838647, 0]]]}, "properties": {"address": "122642, 0"}},
{"type": "Feature", "geometry": {"type": "Polygon", "coordinates": [[[-43.360905, -22.838748, 0], [-43.360902, -22.838765, 0], [-43.360855, -22.838759, 0], [-43.360849, -22.838795, 0], [-43.360918, -22.838803, 0], [-43.360928, -22.838751, 0], [-43.360905, -22.838748, 0]]]}, "properties": {"address": "122643, 0"}},
{"type": "Feature", "geometry": {"type": "Polygon", "coordinates": [[[-43.360902, -22.838765, 0], [-43.360905, -22.838748, 0], [-43.360928, -22.838751, 0], [-43.360935, -22.838698, 0], [-43.360921, -22.838696, 0], [-43.360922, -22.838688, 0], [-43.360868, -22.838682, 0], [-43.360855, -22.838759, 0], [-43.360902, -22.838765, 0]]]}, "properties": {"address": "122643, 0"}},
{"type": "Feature", "geometry": {"type": "Polygon", "coordinates": [[[-43.360789, -22.838845, 0], [-43.360809, -22.838732, 0], [-43.360809, -22.83873, 0], [-43.360803, -22.838729, 0], [-43.360809, -22.838683, 0], [-43.360812, -22.838656, 0], [-43.360812, -22.838652, 0], [-43.360669, -22.838632, 0], [-43.360669, -22.83863, 0], [-43.360624, -22.838624, 0], [-43.360594, -22.838803, 0], [-43.360789, -22.838845, 0]]]}, "properties": {"address": "122643, 0"}},
{"type": "Feature", "geometry": {"type": "Polygon", "coordinates": [[[-43.360868, -22.838682, 0], [-43.360922, -22.838688, 0], [-43.360921, -22.838696, 0], [-43.360935, -22.838698, 0], [-43.360969, -22.838702, 0], [-43.36097, -22.838697, 0], [-43.361032, -22.838698, 0], [-43.361032, -22.838697, 0], [-43.36111, -22.838702, 0], [-43.361115, -22.838673, 0], [-43.36112, -22.838647, 0], [-43.360877, -22.838622, 0], [-43.360865, -22.838682, 0], [-43.360868, -22.838682, 0]]]}, "properties": {"address": "122643, 0"}},
{"type": "Feature", "geometry": {"type": "Polygon", "coordinates": [[[-43.36112, -22.838647, 0], [-43.361128, -22.838602, 0], [-43.361058, -22.8386, 0], [-43.360889, -22.838583, 0], [-43.360886, -22.838583, 0], [-43.360877, -22.838622, 0], [-43.36112, -22.838647, 0]]]}, "properties": {"address": "122643, 0"}},
{"type": "Feature", "geometry": {"type": "Polygon", "coordinates": [[[-43.35444, -22.840272, 0], [-43.354441, -22.84027, 0], [-43.354487, -22.840049, 0], [-43.354399, -22.840032, 0], [-43.354354, -22.840254, 0], [-43.35444, -22.840272, 0]]]}, "properties": {"address": "143868, 834076"}},
{"type": "Feature", "geometry": {"type": "Polygon", "coordinates": [[[-43.35401, -22.84019, 0], [-43.354056, -22.839967, 0], [-43.353969, -22.83995, 0], [-43.353925, -22.840173, 0], [-43.35401, -22.84019, 0]]]}, "properties": {"address": "143868, 834098"}},
{"type": "Feature", "geometry": {"type": "Polygon", "coordinates": [[[-43.355043, -22.840386, 0], [-43.355059, -22.840307, 0], [-43.355088, -22.840163, 0], [-43.355002, -22.840147, 0], [-43.354956, -22.84037, 0], [-43.355043, -22.840386, 0]]]}, "properties": {"address": "143868, 834170"}},
{"type": "Feature", "geometry": {"type": "Polygon", "coordinates": [[[-43.355123, -22.840319, 0], [-43.355146, -22.840174, 0], [-43.355088, -22.840163, 0], [-43.355059, -22.840307, 0], [-43.355123, -22.840319, 0]]]}, "properties": {"address": "143868, 761051"}},
{"type": "Feature", "geometry": {"type": "Polygon", "coordinates": [[[-43.354181, -22.840223, 0], [-43.35423, -22.84, 0], [-43.354142, -22.839983, 0], [-43.354095, -22.840206, 0], [-43.354181, -22.840223, 0]]]}, "properties": {"address": "143868, 834132"}},
{"type": "Feature", "geometry": {"type": "Polygon", "coordinates": [[[-43.354095, -22.840206, 0], [-43.354142, -22.839983, 0], [-43.354056, -22.839967, 0], [-43.35401, -22.84019, 0], [-43.354095, -22.840206, 0]]]}, "properties": {"address": "143868, 760983"}},
{"type": "Feature", "geometry": {"type": "Polygon", "coordinates": [[[-43.354612, -22.840304, 0], [-43.354658, -22.840082, 0], [-43.354573, -22.840065, 0], [-43.354527, -22.840287, 0], [-43.354612, -22.840304, 0]]]}, "properties": {"address": "143868, 761029"}},
{"type": "Feature", "geometry": {"type": "Polygon", "coordinates": [[[-43.353924, -22.840173, 0], [-43.353925, -22.840173, 0], [-43.353969, -22.83995, 0], [-43.353886, -22.839935, 0], [-43.353839, -22.840156, 0], [-43.353924, -22.840173, 0]]]}, "properties": {"address": "143868, 834180"}},
{"type": "Feature", "geometry": {"type": "Polygon", "coordinates": [[[-43.354956, -22.84037, 0], [-43.355002, -22.840147, 0], [-43.354917, -22.840131, 0], [-43.354871, -22.840354, 0], [-43.354956, -22.84037, 0]]]}, "properties": {"address": "143868, 834026"}},
{"type": "Feature", "geometry": {"type": "Polygon", "coordinates": [[[-43.354527, -22.840287, 0], [-43.354573, -22.840065, 0], [-43.354487, -22.840049, 0], [-43.354441, -22.84027, 0], [-43.354527, -22.840287, 0]]]}, "properties": {"address": "143868, 833912"}},
{"type": "Feature", "geometry": {"type": "Polygon", "coordinates": [[[-43.354871, -22.840354, 0], [-43.354917, -22.840131, 0], [-43.35483, -22.840114, 0], [-43.354784, -22.840337, 0], [-43.354871, -22.840354, 0]]]}, "properties": {"address": "143868, 833974"}},
{"type": "Feature", "geometry": {"type": "Polygon", "coordinates": [[[-43.354698, -22.84032, 0], [-43.354747, -22.840098, 0], [-43.354658, -22.840082, 0], [-43.354612, -22.840304, 0], [-43.354698, -22.84032, 0]]]}, "properties": {"address": "143868, 761040"}},
{"type": "Feature", "geometry": {"type": "Polygon", "coordinates": [[[-43.354271, -22.840239, 0], [-43.354314, -22.840016, 0], [-43.35423, -22.84, 0], [-43.354181, -22.840223, 0], [-43.354271, -22.840239, 0]]]}, "properties": {"address": "143868, 73118"}},
{"type": "Feature", "geometry": {"type": "Polygon", "coordinates": [[[-43.354746, -22.840329, 0], [-43.354784, -22.840337, 0], [-43.35483, -22.840114, 0], [-43.354747, -22.840098, 0], [-43.354698, -22.84032, 0], [-43.354746, -22.840329, 0]]]}, "properties": {"address": "143868, 73117"}},
{"type": "Feature", "geometry": {"type": "Polygon", "coordinates": [[[-43.355243, -22.840082, 0], [-43.355248, -22.840083, 0], [-43.3553, -22.840093, 0], [-43.355349, -22.839873, 0], [-43.355262, -22.839856, 0], [-43.355212, -22.840076, 0], [-43.355243, -22.840082, 0]]]}, "properties": {"address": "143868, 833981"}},
{"type": "Feature", "geometry": {"type": "Polygon", "coordinates": [[[-43.35376, -22.84011, 0], [-43.353753, -22.840141, 0], [-43.353839, -22.840156, 0], [-43.353886, -22.839935, 0], [-43.3538, -22.839918, 0], [-43.353778, -22.840023, 0], [-43.35376, -22.84011, 0]]]}, "properties": {"address": "143868, 69353"}},
{"type": "Feature", "geometry": {"type": "Polygon", "coordinates": [[[-43.354957, -22.840027, 0], [-43.355, -22.839806, 0], [-43.354971, -22.8398, 0], [-43.354916, -22.83979, 0], [-43.35487, -22.840011, 0], [-43.354957, -22.840027, 0]]]}, "properties": {"address": "143868, 834097"}},
{"type": "Feature", "geometry": {"type": "Polygon", "coordinates": [[[-43.355331, -22.840099, 0], [-43.355387, -22.84011, 0], [-43.355435, -22.839889, 0], [-43.355366, -22.839876, 0], [-43.355349, -22.839873, 0], [-43.3553, -22.840093, 0], [-43.355331, -22.840099, 0]]]}, "properties": {"address": "143868, 834106"}},
{"type": "Feature", "geometry": {"type": "Polygon", "coordinates": [[[-43.353666, -22.839897, 0], [-43.353658, -22.839899, 0], [-43.353649, -22.839902, 0], [-43.353641, -22.839905, 0], [-43.353627, -22.839913, 0], [-43.35362, -22.839918, 0], [-43.353608, -22.83993, 0], [-43.353603, -22.839937, 0], [-43.353599, -22.839943, 0], [-43.353595, -22.839951, 0], [-43.353592, -22.839958, 0], [-43.35359, -22.839966, 0], [-43.353589, -22.839974, 0], [-43.353588, -22.839987, 0], [-43.353778, -22.840023, 0], [-43.3538, -22.839918, 0], [-43.353681, -22.839896, 0], [-43.353674, -22.839896, 0], [-43.353666, -22.839897, 0]]]}, "properties": {"address": "143868, 834084"}},
{"type": "Feature", "geometry": {"type": "Polygon", "coordinates": [[[-43.354354, -22.840254, 0], [-43.354399, -22.840032, 0], [-43.354314, -22.840016, 0], [-43.354271, -22.840239, 0], [-43.354354, -22.840254, 0]]]}, "properties": {"address": "143868, 923425"}},
{"type": "Feature", "geometry": {"type": "Polygon", "coordinates": [[[-43.354698, -22.839978, 0], [-43.354749, -22.839758, 0], [-43.354665, -22.839742, 0], [-43.354614, -22.839962, 0], [-43.354698, -22.839978, 0]]]}, "properties": {"address": "143868, 344937"}},
{"type": "Feature", "geometry": {"type": "Polygon", "coordinates": [[[-43.355212, -22.840076, 0], [-43.355262, -22.839856, 0], [-43.355226, -22.839849, 0], [-43.355178, -22.83984, 0], [-43.355127, -22.84006, 0], [-43.355212, -22.840076, 0]]]}, "properties": {"address": "143868, 834062"}},
{"type": "Feature", "geometry": {"type": "Polygon", "coordinates": [[[-43.355041, -22.840043, 0], [-43.355091, -22.839823, 0], [-43.355, -22.839806, 0], [-43.354957, -22.840027, 0], [-43.355041, -22.840043, 0]]]}, "properties": {"address": "143868, 834190"}},
{"type": "Feature", "geometry": {"type": "Polygon", "coordinates": [[[-43.355053, -22.840046, 0], [-43.355083, -22.840051, 0], [-43.355127, -22.84006, 0], [-43.355178, -22.83984, 0], [-43.355098, -22.839825, 0], [-43.355091, -22.839823, 0], [-43.355041, -22.840043, 0], [-43.355053, -22.840046, 0]]]}, "properties": {"address": "143868, 834218"}},
{"type": "Feature", "geometry": {"type": "Polygon", "coordinates": [[[-43.354614, -22.839962, 0], [-43.354665, -22.839742, 0], [-43.354639, -22.839737, 0], [-43.354579, -22.839725, 0], [-43.354528, -22.839945, 0], [-43.354614, -22.839962, 0]]]}, "properties": {"address": "143868, 834177"}},
{"type": "Feature", "geometry": {"type": "Polygon", "coordinates": [[[-43.35487, -22.840011, 0], [-43.354916, -22.83979, 0], [-43.354858, -22.839779, 0], [-43.354836, -22.839774, 0], [-43.354782, -22.839994, 0], [-43.35487, -22.840011, 0]]]}, "properties": {"address": "143868, 834179"}},
{"type": "Feature", "geometry": {"type": "Polygon", "coordinates": [[[-43.354528, -22.839945, 0], [-43.354579, -22.839725, 0], [-43.354526, -22.839715, 0], [-43.354494, -22.839709, 0], [-43.354443, -22.839929, 0], [-43.354528, -22.839945, 0]]]}, "properties": {"address": "143868, 834010"}},
{"type": "Feature", "geometry": {"type": "Polygon", "coordinates": [[[-43.354443, -22.839929, 0], [-43.354494, -22.839709, 0], [-43.35441, -22.839693, 0], [-43.354409, -22.839693, 0], [-43.354358, -22.839913, 0], [-43.354443, -22.839929, 0]]]}, "properties": {"address": "143868, 833919"}},
{"type": "Feature", "geometry": {"type": "Polygon", "coordinates": [[[-43.354782, -22.839994, 0], [-43.354836, -22.839774, 0], [-43.354749, -22.839758, 0], [-43.354698, -22.839978, 0], [-43.354782, -22.839994, 0]]]}, "properties": {"address": "143868, 69344"}},
{"type": "Feature", "geometry": {"type": "Polygon", "coordinates": [[[-43.353844, -22.839814, 0], [-43.353893, -22.839594, 0], [-43.353846, -22.839585, 0], [-43.353808, -22.839578, 0], [-43.353759, -22.839798, 0], [-43.353844, -22.839814, 0]]]}, "properties": {"address": "143868, 834219"}},
{"type": "Feature", "geometry": {"type": "Polygon", "coordinates": [[[-43.353866, -22.839818, 0], [-43.354014, -22.839847, 0], [-43.354063, -22.839627, 0], [-43.353959, -22.839606, 0], [-43.353893, -22.839594, 0], [-43.353844, -22.839814, 0], [-43.353866, -22.839818, 0]]]}, "properties": {"address": "143868, 834207"}},
{"type": "Feature", "geometry": {"type": "Polygon", "coordinates": [[[-43.354271, -22.839896, 0], [-43.354322, -22.839676, 0], [-43.354298, -22.839671, 0], [-43.354236, -22.83966, 0], [-43.354185, -22.839879, 0], [-43.354271, -22.839896, 0]]]}, "properties": {"address": "143868, 834193"}},
{"type": "Feature", "geometry": {"type": "Polygon", "coordinates": [[[-43.353759, -22.839798, 0], [-43.353808, -22.839578, 0], [-43.35373, -22.839563, 0], [-43.353724, -22.839562, 0], [-43.353674, -22.839781, 0], [-43.353759, -22.839798, 0]]]}, "properties": {"address": "143868, 834000"}},
{"type": "Feature", "geometry": {"type": "Polygon", "coordinates": [[[-43.354028, -22.839849, 0], [-43.354087, -22.839861, 0], [-43.354101, -22.839863, 0], [-43.35415, -22.839643, 0], [-43.354067, -22.839627, 0], [-43.354063, -22.839627, 0], [-43.354014, -22.839847, 0], [-43.354028, -22.839849, 0]]]}, "properties": {"address": "143868, 833937"}},
{"type": "Feature", "geometry": {"type": "Polygon", "coordinates": [[[-43.354153, -22.839873, 0], [-43.354185, -22.839879, 0], [-43.354236, -22.83966, 0], [-43.354182, -22.839649, 0], [-43.35415, -22.839643, 0], [-43.354101, -22.839863, 0], [-43.354153, -22.839873, 0]]]}, "properties": {"address": "143868, 834107"}},
{"type": "Feature", "geometry": {"type": "Polygon", "coordinates": [[[-43.354313, -22.839904, 0], [-43.354358, -22.839913, 0], [-43.354409, -22.839693, 0], [-43.354322, -22.839676, 0], [-43.354271, -22.839896, 0], [-43.354313, -22.839904, 0]]]}, "properties": {"address": "143868, 833982"}},
{"type": "Feature", "geometry": {"type": "Polygon", "coordinates": [[[-43.355388, -22.840262, 0], [-43.355371, -22.840286, 0], [-43.355366, -22.840302, 0], [-43.355365, -22.840352, 0], [-43.355607, -22.840356, 0], [-43.355609, -22.840264, 0], [-43.355558, -22.840254, 0], [-43.355543, -22.840252, 0], [-43.355492, -22.840242, 0], [-43.355462, -22.840236, 0], [-43.355439, -22.840232, 0], [-43.355418, -22.840235, 0], [-43.355388, -22.840262, 0]]]}, "properties": {"address": "143869, 834231"}},
{"type": "Feature", "geometry": {"type": "Polygon", "coordinates": [[[-43.355776, -22.840753, 0], [-43.355778, -22.840664, 0], [-43.355779, -22.840583, 0], [-43.35578, -22.840494, 0], [-43.355782, -22.840413, 0], [-43.355783, -22.840297, 0], [-43.355697, -22.840281, 0], [-43.35569, -22.840737, 0], [-43.355776, -22.840753, 0]]]}, "properties": {"address": "143869, 834122"}},
{"type": "Feature", "geometry": {"type": "Polygon", "coordinates": [[[-43.356024, -22.840424, 0], [-43.355989, -22.840351, 0], [-43.355968, -22.840333, 0], [-43.355783, -22.840297, 0], [-43.355782, -22.840413, 0], [-43.356024, -22.840424, 0]]]}, "properties": {"address": "143869, 834057"}},
{"type": "Feature", "geometry": {"type": "Polygon", "coordinates": [[[-43.355606, -22.840436, 0], [-43.355605, -22.840519, 0], [-43.355604, -22.840599, 0], [-43.355602, -22.84072, 0], [-43.35569, -22.840737, 0], [-43.355697, -22.840281, 0], [-43.355696, -22.840281, 0], [-43.355609, -22.840264, 0], [-43.355607, -22.840356, 0], [-43.355606, -22.840436, 0]]]}, "properties": {"address": "143869, 833985"}},
{"type": "Feature", "geometry": {"type": "Polygon", "coordinates": [[[-43.355474, -22.840126, 0], [-43.355522, -22.839906, 0], [-43.355435, -22.839889, 0], [-43.355387, -22.84011, 0], [-43.355474, -22.840126, 0]]]}, "properties": {"address": "143869, 834141"}},
{"type": "Feature", "geometry": {"type": "Polygon", "coordinates": [[[-43.355559, -22.840143, 0], [-43.355607, -22.839922, 0], [-43.355522, -22.839906, 0], [-43.355474, -22.840126, 0], [-43.355559, -22.840143, 0]]]}, "properties": {"address": "143869, 834147"}},
{"type": "Feature", "geometry": {"type": "Polygon", "coordinates": [[[-43.355672, -22.840164, 0], [-43.35571, -22.840172, 0], [-43.355756, -22.84018, 0], [-43.355779, -22.84017, 0], [-43.355806, -22.840151, 0], [-43.35581, -22.840125, 0], [-43.355798, -22.840096, 0], [-43.355812, -22.840079, 0], [-43.355722, -22.839986, 0], [-43.355708, -22.839967, 0], [-43.355667, -22.839923, 0], [-43.35566, -22.839928, 0], [-43.355655, -22.839931, 0], [-43.355607, -22.839922, 0], [-43.355559, -22.840143, 0], [-43.355672, -22.840164, 0]]]}, "properties": {"address": "143869, 834023"}},
{"type": "Feature", "geometry": {"type": "Polygon", "coordinates": [[[-43.352242, -22.840225, 0], [-43.352239, -22.840253, 0], [-43.352236, -22.840282, 0], [-43.352382, -22.840296, 0], [-43.352384, -22.840297, 0], [-43.352495, -22.840308, 0], [-43.352551, -22.840314, 0], [-43.352636, -22.840322, 0], [-43.352706, -22.840327, 0], [-43.352727, -22.840328, 0], [-43.352742, -22.840329, 0], [-43.352742, -22.840326, 0], [-43.352743, -22.840308, 0], [-43.352745, -22.840242, 0], [-43.352745, -22.840241, 0], [-43.352717, -22.840238, 0], [-43.352673, -22.840234, 0], [-43.35265, -22.840231, 0], [-43.352618, -22.840228, 0], [-43.352504, -22.840216, 0], [-43.352455, -22.840211, 0], [-43.352394, -22.840205, 0], [-43.352393, -22.840205, 0], [-43.352385, -22.840204, 0], [-43.352306, -22.840197, 0], [-43.352258, -22.840192, 0], [-43.352246, -22.840191, 0], [-43.352244, -22.840205, 0], [-43.352242, -22.840225, 0]]]}, "properties": {"address": "144360, 69605"}},
{"type": "Feature", "geometry": {"type": "Polygon", "coordinates": [[[-43.352266, -22.840006, 0], [-43.352304, -22.84001, 0], [-43.352465, -22.840029, 0], [-43.352515, -22.840035, 0], [-43.352568, -22.84004, 0], [-43.352577, -22.840041, 0], [-43.352597, -22.840043, 0], [-43.352672, -22.840051, 0], [-43.35268, -22.840052, 0], [-43.352702, -22.840054, 0], [-43.352715, -22.840055, 0], [-43.352768, -22.840061, 0], [-43.352772, -22.840028, 0], [-43.352778, -22.83998, 0], [-43.352779, -22.839973, 0], [-43.352779, -22.839971, 0], [-43.352694, -22.839963, 0], [-43.352683, -22.839962, 0], [-43.35263, -22.839957, 0], [-43.352571, -22.839951, 0], [-43.352536, -22.839948, 0], [-43.352474, -22.839942, 0], [-43.352292, -22.839925, 0], [-43.352277, -22.839924, 0], [-43.352273, -22.839953, 0], [-43.352266, -22.840006, 0]]]}, "properties": {"address": "144360, 834155"}},
{"type": "Feature", "geometry": {"type": "Polygon", "coordinates": [[[-43.352254, -22.840102, 0], [-43.352256, -22.840102, 0], [-43.352413, -22.840117, 0], [-43.352419, -22.840117, 0], [-43.352478, -22.840123, 0], [-43.352511, -22.840126, 0], [-43.352615, -22.840136, 0], [-43.352633, -22.840138, 0], [-43.352637, -22.840138, 0], [-43.352665, -22.840141, 0], [-43.352757, -22.840151, 0], [-43.352758, -22.840142, 0], [-43.35276, -22.84012, 0], [-43.352763, -22.8401, 0], [-43.352763, -22.840097, 0], [-43.352768, -22.840061, 0], [-43.352715, -22.840055, 0], [-43.352702, -22.840054, 0], [-43.35268, -22.840052, 0], [-43.352672, -22.840051, 0], [-43.352597, -22.840043, 0], [-43.352577, -22.840041, 0], [-43.352568, -22.84004, 0], [-43.352515, -22.840035, 0], [-43.352465, -22.840029, 0], [-43.352304, -22.84001, 0], [-43.352266, -22.840006, 0], [-43.352265, -22.840011, 0], [-43.352254, -22.840102, 0]]]}, "properties": {"address": "144360, 834203"}},
{"type": "Feature", "geometry": {"type": "Polygon", "coordinates": [[[-43.35228, -22.84038, 0], [-43.352345, -22.840385, 0], [-43.35244, -22.840393, 0], [-43.352469, -22.840395, 0], [-43.352487, -22.840397, 0], [-43.352515, -22.8404, 0], [-43.352532, -22.840401, 0], [-43.352582, -22.840407, 0], [-43.352632, -22.840412, 0], [-43.352636, -22.840412, 0], [-43.352661, -22.840415, 0], [-43.352697, -22.840419, 0], [-43.352714, -22.840421, 0], [-43.35274, -22.840423, 0], [-43.35274, -22.840405, 0], [-43.352741, -22.840392, 0], [-43.352742, -22.840329, 0], [-43.352727, -22.840328, 0], [-43.352706, -22.840327, 0], [-43.352636, -22.840322, 0], [-43.352551, -22.840314, 0], [-43.352495, -22.840308, 0], [-43.352384, -22.840297, 0], [-43.352382, -22.840296, 0], [-43.352236, -22.840282, 0], [-43.352226, -22.840376, 0], [-43.35228, -22.84038, 0]]]}, "properties": {"address": "144360, 834146"}},
{"type": "Feature", "geometry": {"type": "Polygon", "coordinates": [[[-43.352714, -22.840588, 0], [-43.352714, -22.840586, 0], [-43.352726, -22.840513, 0], [-43.352643, -22.840503, 0], [-43.352617, -22.8405, 0], [-43.352614, -22.8405, 0], [-43.352512, -22.840489, 0], [-43.352509, -22.840489, 0], [-43.352483, -22.840486, 0], [-43.352467, -22.840485, 0], [-43.352418, -22.840481, 0], [-43.352358, -22.840477, 0], [-43.352274, -22.840471, 0], [-43.352217, -22.840467, 0], [-43.352212, -22.840553, 0], [-43.352212, -22.840556, 0], [-43.352326, -22.840566, 0], [-43.3526, -22.84059, 0], [-43.352668, -22.840597, 0], [-43.352712, -22.840601, 0], [-43.352714, -22.840588, 0]]]}, "properties": {"address": "144360, 761058"}},
{"type": "Feature", "geometry": {"type": "Polygon", "coordinates": [[[-43.352258, -22.840192, 0], [-43.352306, -22.840197, 0], [-43.352385, -22.840204, 0], [-43.352393, -22.840205, 0], [-43.352394, -22.840205, 0], [-43.352455, -22.840211, 0], [-43.352504, -22.840216, 0], [-43.352618, -22.840228, 0], [-43.35265, -22.840231, 0], [-43.352673, -22.840234, 0], [-43.352717, -22.840238, 0], [-43.352745, -22.840241, 0], [-43.352748, -22.84022, 0], [-43.352754, -22.840173, 0], [-43.352756, -22.840158, 0], [-43.352757, -22.840151, 0], [-43.352665, -22.840141, 0], [-43.352637, -22.840138, 0], [-43.352633, -22.840138, 0], [-43.352615, -22.840136, 0], [-43.352511, -22.840126, 0], [-43.352478, -22.840123, 0], [-43.352419, -22.840117, 0], [-43.352413, -22.840117, 0], [-43.352256, -22.840102, 0], [-43.352246, -22.840191, 0], [-43.352258, -22.840192, 0]]]}, "properties": {"address": "144360, 834044"}},
{"type": "Feature", "geometry": {"type": "Polygon", "coordinates": [[[-43.352217, -22.840467, 0], [-43.352274, -22.840471, 0], [-43.352358, -22.840477, 0], [-43.352418, -22.840481, 0], [-43.352467, -22.840485, 0], [-43.352483, -22.840486, 0], [-43.352509, -22.840489, 0], [-43.352512, -22.840489, 0], [-43.352614, -22.8405, 0], [-43.352617, -22.8405, 0], [-43.352643, -22.840503, 0], [-43.352726, -22.840513, 0], [-43.352727, -22.840508, 0], [-43.352739, -22.840434, 0], [-43.352739, -22.84043, 0], [-43.35274, -22.840426, 0], [-43.35274, -22.840423, 0], [-43.352714, -22.840421, 0], [-43.352697, -22.840419, 0], [-43.352661, -22.840415, 0], [-43.352636, -22.840412, 0], [-43.352632, -22.840412, 0], [-43.352582, -22.840407, 0], [-43.352532, -22.840401, 0], [-43.352515, -22.8404, 0], [-43.352487, -22.840397, 0], [-43.352469, -22.840395, 0], [-43.35244, -22.840393, 0], [-43.352345, -22.840385, 0], [-43.35228, -22.84038, 0], [-43.352226, -22.840376, 0], [-43.352217, -22.840463, 0], [-43.352217, -22.840467, 0]]]}, "properties": {"address": "144360, 834002"}},
{"type": "Feature", "geometry": {"type": "Polygon", "coordinates": [[[-43.352283, -22.839871, 0], [-43.352282, -22.839881, 0], [-43.35228, -22.839895, 0], [-43.352277, -22.839924, 0], [-43.352292, -22.839925, 0], [-43.352474, -22.839942, 0], [-43.352536, -22.839948, 0], [-43.352571, -22.839951, 0], [-43.35263, -22.839957, 0], [-43.352683, -22.839962, 0], [-43.352694, -22.839963, 0], [-43.352779, -22.839971, 0], [-43.352788, -22.83989, 0], [-43.352789, -22.839885, 0], [-43.352789, -22.839878, 0], [-43.352731, -22.839873, 0], [-43.352696, -22.83987, 0], [-43.352663, -22.839868, 0], [-43.352616, -22.839864, 0], [-43.352587, -22.839861, 0], [-43.352555, -22.839859, 0], [-43.352534, -22.839857, 0], [-43.352287, -22.839834, 0], [-43.352286, -22.839847, 0], [-43.352283, -22.839871, 0]]]}, "properties": {"address": "144360, 833970"}},
{"type": "Feature", "geometry": {"type": "Polygon", "coordinates": [[[-43.352429, -22.838932, 0], [-43.352454, -22.838935, 0], [-43.352495, -22.838941, 0], [-43.352544, -22.838948, 0], [-43.352547, -22.838934, 0], [-43.352548, -22.83893, 0], [-43.35255, -22.838916, 0], [-43.35255, -22.838914, 0], [-43.352554, -22.838881, 0], [-43.352546, -22.83888, 0], [-43.352545, -22.83888, 0], [-43.352456, -22.83887, 0], [-43.352444, -22.838869, 0], [-43.352437, -22.838868, 0], [-43.352399, -22.838864, 0], [-43.35239, -22.838926, 0], [-43.352429, -22.838932, 0]]]}, "properties": {"address": "144360, 834096"}},
{"type": "Feature", "geometry": {"type": "Polygon", "coordinates": [[[-43.352034, -22.838976, 0], [-43.352033, -22.838986, 0], [-43.352032, -22.838991, 0], [-43.352026, -22.83899, 0], [-43.351974, -22.838983, 0], [-43.351962, -22.839103, 0], [-43.352033, -22.839117, 0], [-43.352156, -22.839141, 0], [-43.35216, -22.839142, 0], [-43.352187, -22.839147, 0], [-43.352188, -22.83914, 0], [-43.352197, -22.839058, 0], [-43.35221, -22.838949, 0], [-43.35221, -22.838948, 0], [-43.352216, -22.838883, 0], [-43.352219, -22.838861, 0], [-43.352222, -22.838828, 0], [-43.352212, -22.838809, 0], [-43.352197, -22.838806, 0], [-43.352181, -22.838802, 0], [-43.352111, -22.838788, 0], [-43.352059, -22.838778, 0], [-43.352047, -22.838875, 0], [-43.352034, -22.838976, 0]]]}, "properties": {"address": "144360, 671137"}},
{"type": "Feature", "geometry": {"type": "Polygon", "coordinates": [[[-43.352323, -22.839745, 0], [-43.352431, -22.839755, 0], [-43.352448, -22.839756, 0], [-43.352455, -22.839757, 0], [-43.352479, -22.83976, 0], [-43.352481, -22.83976, 0], [-43.352485, -22.839684, 0], [-43.352305, -22.839671, 0], [-43.352297, -22.839742, 0], [-43.352323, -22.839745, 0]]]}, "properties": {"address": "144360, 833936"}},
{"type": "Feature", "geometry": {"type": "Polygon", "coordinates": [[[-43.352291, -22.839799, 0], [-43.352287, -22.839834, 0], [-43.352534, -22.839857, 0], [-43.352555, -22.839859, 0], [-43.352587, -22.839861, 0], [-43.352616, -22.839864, 0], [-43.352663, -22.839868, 0], [-43.352696, -22.83987, 0], [-43.352731, -22.839873, 0], [-43.352789, -22.839878, 0], [-43.352796, -22.83982, 0], [-43.352799, -22.839791, 0], [-43.352764, -22.839788, 0], [-43.352756, -22.839787, 0], [-43.352743, -22.839786, 0], [-43.352742, -22.839786, 0], [-43.352695, -22.839781, 0], [-43.352669, -22.839779, 0], [-43.35263, -22.839775, 0], [-43.352616, -22.839773, 0], [-43.352606, -22.839772, 0], [-43.352495, -22.839761, 0], [-43.352481, -22.83976, 0], [-43.352479, -22.83976, 0], [-43.352455, -22.839757, 0], [-43.352448, -22.839756, 0], [-43.352431, -22.839755, 0], [-43.352323, -22.839745, 0], [-43.352297, -22.839742, 0], [-43.352297, -22.839743, 0], [-43.352291, -22.839799, 0]]]}, "properties": {"address": "144360, 833947"}},
{"type": "Feature", "geometry": {"type": "Polygon", "coordinates": [[[-43.352358, -22.839204, 0], [-43.352398, -22.839209, 0], [-43.352448, -22.839217, 0], [-43.352492, -22.839223, 0], [-43.352497, -22.839194, 0], [-43.352505, -22.839149, 0], [-43.352508, -22.839131, 0], [-43.352463, -22.839125, 0], [-43.352392, -22.839114, 0], [-43.352368, -22.839111, 0], [-43.352368, -22.839113, 0], [-43.352358, -22.839204, 0]]]}, "properties": {"address": "144360, 834192"}},
{"type": "Feature", "geometry": {"type": "Polygon", "coordinates": [[[-43.352375, -22.839383, 0], [-43.352481, -22.839392, 0], [-43.352555, -22.839398, 0], [-43.35261, -22.839403, 0], [-43.352617, -22.839367, 0], [-43.352618, -22.83936, 0], [-43.352624, -22.839326, 0], [-43.352618, -22.839325, 0], [-43.352617, -22.839324, 0], [-43.352607, -22.839322, 0], [-43.352595, -22.83932, 0], [-43.352569, -22.839314, 0], [-43.352533, -22.839307, 0], [-43.352496, -22.839299, 0], [-43.352444, -22.839289, 0], [-43.352397, -22.83928, 0], [-43.352386, -22.839278, 0], [-43.35235, -22.839271, 0], [-43.352338, -22.839379, 0], [-43.352375, -22.839383, 0]]]}, "properties": {"address": "144360, 834176"}},
{"type": "Feature", "geometry": {"type": "Polygon", "coordinates": [[[-43.352343, -22.839476, 0], [-43.352354, -22.839477, 0], [-43.352643, -22.839506, 0], [-43.352709, -22.839513, 0], [-43.35274, -22.839516, 0], [-43.352838, -22.839526, 0], [-43.352846, -22.839526, 0], [-43.352849, -22.839508, 0], [-43.35285, -22.839498, 0], [-43.352853, -22.839475, 0], [-43.352854, -22.839472, 0], [-43.352854, -22.839468, 0], [-43.352855, -22.839463, 0], [-43.352808, -22.839458, 0], [-43.352747, -22.839451, 0], [-43.352511, -22.839426, 0], [-43.352498, -22.839425, 0], [-43.352436, -22.839419, 0], [-43.35235, -22.839411, 0], [-43.352335, -22.839409, 0], [-43.352327, -22.839475, 0], [-43.352343, -22.839476, 0]]]}, "properties": {"address": "144360, 833999"}},
{"type": "Feature", "geometry": {"type": "Polygon", "coordinates": [[[-43.352335, -22.839409, 0], [-43.35235, -22.839411, 0], [-43.352436, -22.839419, 0], [-43.352498, -22.839425, 0], [-43.352511, -22.839426, 0], [-43.352747, -22.839451, 0], [-43.352808, -22.839458, 0], [-43.352855, -22.839463, 0], [-43.352862, -22.839428, 0], [-43.352736, -22.839415, 0], [-43.352708, -22.839411, 0], [-43.352692, -22.83941, 0], [-43.352649, -22.839406, 0], [-43.35261, -22.839403, 0], [-43.352555, -22.839398, 0], [-43.352481, -22.839392, 0], [-43.352375, -22.839383, 0], [-43.352338, -22.839379, 0], [-43.352336, -22.839404, 0], [-43.352335, -22.839409, 0]]]}, "properties": {"address": "144360, 0"}},
{"type": "Feature", "geometry": {"type": "Polygon", "coordinates": [[[-43.352307, -22.839655, 0], [-43.352336, -22.839658, 0], [-43.352629, -22.839684, 0], [-43.352773, -22.839697, 0], [-43.352815, -22.839701, 0], [-43.352815, -22.8397, 0], [-43.352821, -22.839655, 0], [-43.352825, -22.839622, 0], [-43.352827, -22.83961, 0], [-43.352832, -22.839569, 0], [-43.352838, -22.839526, 0], [-43.35274, -22.839516, 0], [-43.352709, -22.839513, 0], [-43.352643, -22.839506, 0], [-43.352354, -22.839477, 0], [-43.352343, -22.839476, 0], [-43.352327, -22.839475, 0], [-43.352317, -22.839561, 0], [-43.352307, -22.839655, 0]]]}, "properties": {"address": "144360, 834009"}},
{"type": "Feature", "geometry": {"type": "Polygon", "coordinates": [[[-43.352804, -22.839763, 0], [-43.352809, -22.839737, 0], [-43.352815, -22.839701, 0], [-43.352773, -22.839697, 0], [-43.352629, -22.839684, 0], [-43.352336, -22.839658, 0], [-43.352307, -22.839655, 0], [-43.352305, -22.839671, 0], [-43.352485, -22.839684, 0], [-43.352481, -22.83976, 0], [-43.352495, -22.839761, 0], [-43.352616, -22.839773, 0], [-43.35263, -22.839775, 0], [-43.352669, -22.839779, 0], [-43.352695, -22.839781, 0], [-43.352742, -22.839786, 0], [-43.352743, -22.839786, 0], [-43.352756, -22.839787, 0], [-43.352764, -22.839788, 0], [-43.352799, -22.839791, 0], [-43.352799, -22.83979, 0], [-43.352804, -22.839763, 0]]]}, "properties": {"address": "144360, 761057"}},
{"type": "Feature", "geometry": {"type": "Polygon", "coordinates": [[[-43.352553, -22.8392, 0], [-43.352551, -22.839213, 0], [-43.352547, -22.839231, 0], [-43.352539, -22.839274, 0], [-43.352533, -22.839307, 0], [-43.352569, -22.839314, 0], [-43.352595, -22.83932, 0], [-43.352613, -22.839216, 0], [-43.352615, -22.839207, 0], [-43.352626, -22.839141, 0], [-43.352602, -22.839137, 0], [-43.352591, -22.839135, 0], [-43.352584, -22.839134, 0], [-43.352572, -22.839197, 0], [-43.352553, -22.8392, 0]]]}, "properties": {"address": "144360, 0"}},
{"type": "Feature", "geometry": {"type": "Polygon", "coordinates": [[[-43.352547, -22.839231, 0], [-43.352551, -22.839213, 0], [-43.352553, -22.8392, 0], [-43.352572, -22.839197, 0], [-43.352584, -22.839134, 0], [-43.352556, -22.839129, 0], [-43.35251, -22.839121, 0], [-43.352508, -22.839131, 0], [-43.352505, -22.839149, 0], [-43.352497, -22.839194, 0], [-43.352492, -22.839223, 0], [-43.352547, -22.839231, 0]]]}, "properties": {"address": "144360, 0"}},
{"type": "Feature", "geometry": {"type": "Polygon", "coordinates": [[[-43.352448, -22.839217, 0], [-43.352398, -22.839209, 0], [-43.352358, -22.839204, 0], [-43.35235, -22.839271, 0], [-43.352386, -22.839278, 0], [-43.352397, -22.83928, 0], [-43.352444, -22.839289, 0], [-43.352496, -22.839299, 0], [-43.352533, -22.839307, 0], [-43.352539, -22.839274, 0], [-43.352547, -22.839231, 0], [-43.352492, -22.839223, 0], [-43.352448, -22.839217, 0]]]}, "properties": {"address": "144360, 833913"}},
{"type": "Feature", "geometry": {"type": "Polygon", "coordinates": [[[-43.351954, -22.83918, 0], [-43.351983, -22.839186, 0], [-43.352178, -22.839228, 0], [-43.352187, -22.839147, 0], [-43.35216, -22.839142, 0], [-43.352156, -22.839141, 0], [-43.352033, -22.839117, 0], [-43.351962, -22.839103, 0], [-43.351959, -22.839129, 0], [-43.351954, -22.83918, 0]]]}, "properties": {"address": "144360, 744639"}},
{"type": "Feature", "geometry": {"type": "Polygon", "coordinates": [[[-43.352369, -22.839097, 0], [-43.352368, -22.839111, 0], [-43.352392, -22.839114, 0], [-43.352463, -22.839125, 0], [-43.352508, -22.839131, 0], [-43.352527, -22.839036, 0], [-43.352527, -22.839035, 0], [-43.352528, -22.839033, 0], [-43.352493, -22.839027, 0], [-43.352487, -22.839026, 0], [-43.352468, -22.839023, 0], [-43.352464, -22.839022, 0], [-43.352452, -22.839021, 0], [-43.352453, -22.839012, 0], [-43.352399, -22.839007, 0], [-43.35238, -22.839005, 0], [-43.35238, -22.839007, 0], [-43.352369, -22.839097, 0]]]}, "properties": {"address": "144360, 834006"}},
{"type": "Feature", "geometry": {"type": "Polygon", "coordinates": [[[-43.352556, -22.839129, 0], [-43.352584, -22.839134, 0], [-43.352591, -22.839135, 0], [-43.352602, -22.839137, 0], [-43.352617, -22.839088, 0], [-43.352624, -22.839051, 0], [-43.352618, -22.83905, 0], [-43.352561, -22.839041, 0], [-43.352553, -22.83904, 0], [-43.352527, -22.839036, 0], [-43.35251, -22.839121, 0], [-43.352556, -22.839129, 0]]]}, "properties": {"address": "144360, 0"}},
{"type": "Feature", "geometry": {"type": "Polygon", "coordinates": [[[-43.35238, -22.839005, 0], [-43.352399, -22.839007, 0], [-43.352453, -22.839012, 0], [-43.352452, -22.839021, 0], [-43.352464, -22.839022, 0], [-43.352468, -22.839023, 0], [-43.352487, -22.839026, 0], [-43.352493, -22.839027, 0], [-43.352528, -22.839033, 0], [-43.352535, -22.838997, 0], [-43.352544, -22.838948, 0], [-43.352495, -22.838941, 0], [-43.352454, -22.838935, 0], [-43.352429, -22.838932, 0], [-43.35239, -22.838926, 0], [-43.352387, -22.838944, 0], [-43.35238, -22.839005, 0]]]}, "properties": {"address": "144360, 761090"}},
{"type": "Feature", "geometry": {"type": "Polygon", "coordinates": [[[-43.361679, -22.839998, 0], [-43.361692, -22.840001, 0], [-43.361694, -22.840002, 0], [-43.361752, -22.839821, 0], [-43.361677, -22.839802, 0], [-43.36162, -22.839984, 0], [-43.361679, -22.839998, 0]]]}, "properties": {"address": "122625, 0"}},
{"type": "Feature", "geometry": {"type": "Polygon", "coordinates": [[[-43.354394, -22.840493, 0], [-43.35448, -22.84051, 0], [-43.354527, -22.840287, 0], [-43.354441, -22.84027, 0], [-43.35444, -22.840272, 0], [-43.354394, -22.840493, 0]]]}, "properties": {"address": "143867, 834029"}},
{"type": "Feature", "geometry": {"type": "Polygon", "coordinates": [[[-43.355038, -22.840615, 0], [-43.355053, -22.840618, 0], [-43.355076, -22.840513, 0], [-43.355019, -22.840503, 0], [-43.354998, -22.840608, 0], [-43.355038, -22.840615, 0]]]}, "properties": {"address": "143867, 833987"}},
{"type": "Feature", "geometry": {"type": "Polygon", "coordinates": [[[-43.354565, -22.840526, 0], [-43.354612, -22.840304, 0], [-43.354527, -22.840287, 0], [-43.35448, -22.84051, 0], [-43.354565, -22.840526, 0]]]}, "properties": {"address": "143867, 833926"}},
{"type": "Feature", "geometry": {"type": "Polygon", "coordinates": [[[-43.354652, -22.840542, 0], [-43.354698, -22.84032, 0], [-43.354612, -22.840304, 0], [-43.354565, -22.840526, 0], [-43.354652, -22.840542, 0]]]}, "properties": {"address": "143867, 834047"}},
{"type": "Feature", "geometry": {"type": "Polygon", "coordinates": [[[-43.354978, -22.840604, 0], [-43.354998, -22.840608, 0], [-43.355037, -22.840413, 0], [-43.355043, -22.840386, 0], [-43.354956, -22.84037, 0], [-43.354911, -22.840591, 0], [-43.354978, -22.840604, 0]]]}, "properties": {"address": "143867, 833925"}},
{"type": "Feature", "geometry": {"type": "Polygon", "coordinates": [[[-43.361569, -22.839984, 0], [-43.36157, -22.839981, 0], [-43.361618, -22.839989, 0], [-43.36162, -22.839984, 0], [-43.361677, -22.839802, 0], [-43.361583, -22.839777, 0], [-43.361576, -22.839775, 0], [-43.361525, -22.839978, 0], [-43.361569, -22.839984, 0]]]}, "properties": {"address": "122625, 0"}},
{"type": "Feature", "geometry": {"type": "Polygon", "coordinates": [[[-43.353673, -22.840471, 0], [-43.353665, -22.840471, 0], [-43.353657, -22.840472, 0], [-43.353649, -22.840474, 0], [-43.353641, -22.840477, 0], [-43.353634, -22.84048, 0], [-43.353626, -22.840484, 0], [-43.35362, -22.840488, 0], [-43.353613, -22.840493, 0], [-43.353608, -22.840498, 0], [-43.353603, -22.840504, 0], [-43.353598, -22.840511, 0], [-43.353594, -22.840517, 0], [-43.353591, -22.840524, 0], [-43.353586, -22.84054, 0], [-43.353584, -22.840579, 0], [-43.353725, -22.840604, 0], [-43.353753, -22.840484, 0], [-43.353682, -22.840471, 0], [-43.353673, -22.840471, 0]]]}, "properties": {"address": "143867, 761007"}},
{"type": "Feature", "geometry": {"type": "Polygon", "coordinates": [[[-43.361461, -22.839968, 0], [-43.361461, -22.839969, 0], [-43.361525, -22.839978, 0], [-43.361576, -22.839775, 0], [-43.361501, -22.839759, 0], [-43.361451, -22.839968, 0], [-43.361461, -22.839968, 0]]]}, "properties": {"address": "122625, 0"}},
{"type": "Feature", "geometry": {"type": "Polygon", "coordinates": [[[-43.361446, -22.839755, 0], [-43.361363, -22.839964, 0], [-43.361375, -22.839964, 0], [-43.361376, -22.839963, 0], [-43.361451, -22.839968, 0], [-43.361501, -22.839759, 0], [-43.361449, -22.839748, 0], [-43.361447, -22.839755, 0], [-43.361446, -22.839755, 0]]]}, "properties": {"address": "122625, 0"}},
{"type": "Feature", "geometry": {"type": "Polygon", "coordinates": [[[-43.36098, -22.839089, 0], [-43.36098, -22.839093, 0], [-43.360998, -22.839096, 0], [-43.361006, -22.839041, 0], [-43.361018, -22.83895, 0], [-43.360987, -22.838946, 0], [-43.360966, -22.839089, 0], [-43.36098, -22.839089, 0]]]}, "properties": {"address": "122637, 0"}},
{"type": "Feature", "geometry": {"type": "Polygon", "coordinates": [[[-43.360937, -22.83909, 0], [-43.360966, -22.839089, 0], [-43.360987, -22.838946, 0], [-43.360943, -22.838941, 0], [-43.360937, -22.839047, 0], [-43.360937, -22.83909, 0]]]}, "properties": {"address": "122637, 0"}},
{"type": "Feature", "geometry": {"type": "Polygon", "coordinates": [[[-43.36022, -22.840602, 0], [-43.36031, -22.840615, 0], [-43.360316, -22.840594, 0], [-43.360317, -22.84059, 0], [-43.360343, -22.840505, 0], [-43.360264, -22.840483, 0], [-43.36019, -22.840462, 0], [-43.360127, -22.840588, 0], [-43.36022, -22.840602, 0]]]}, "properties": {"address": "165537, 0"}},
{"type": "Feature", "geometry": {"type": "Polygon", "coordinates": [[[-43.360097, -22.840583, 0], [-43.360127, -22.840588, 0], [-43.36019, -22.840462, 0], [-43.360186, -22.840461, 0], [-43.360183, -22.84046, 0], [-43.360115, -22.840445, 0], [-43.36007, -22.840435, 0], [-43.360018, -22.840567, 0], [-43.360097, -22.840583, 0]]]}, "properties": {"address": "165537, 0"}},
{"type": "Feature", "geometry": {"type": "Polygon", "coordinates": [[[-43.360872, -22.839044, 0], [-43.360902, -22.838928, 0], [-43.3609, -22.838928, 0], [-43.360876, -22.838922, 0], [-43.360848, -22.839042, 0], [-43.360872, -22.839044, 0]]]}, "properties": {"address": "122637, 0"}},
{"type": "Feature", "geometry": {"type": "Polygon", "coordinates": [[[-43.357314, -22.840419, 0], [-43.357317, -22.840412, 0], [-43.357321, -22.840405, 0], [-43.357323, -22.840398, 0], [-43.357325, -22.84039, 0], [-43.357326, -22.840383, 0], [-43.357327, -22.840381, 0], [-43.357337, -22.840338, 0], [-43.357218, -22.840318, 0], [-43.35719, -22.840456, 0], [-43.357228, -22.840463, 0], [-43.357236, -22.840462, 0], [-43.357254, -22.840458, 0], [-43.357272, -22.840452, 0], [-43.35728, -22.840448, 0], [-43.357288, -22.840443, 0], [-43.357295, -22.840437, 0], [-43.357302, -22.840432, 0], [-43.357309, -22.840425, 0], [-43.357314, -22.840419, 0]]]}, "properties": {"address": "122510, 746124"}},
{"type": "Feature", "geometry": {"type": "Polygon", "coordinates": [[[-43.357436, -22.840438, 0], [-43.357437, -22.840452, 0], [-43.35744, -22.840462, 0], [-43.357457, -22.840487, 0], [-43.357471, -22.840498, 0], [-43.357482, -22.840507, 0], [-43.35749, -22.840511, 0], [-43.357535, -22.84052, 0], [-43.357578, -22.840299, 0], [-43.357471, -22.840278, 0], [-43.357466, -22.840277, 0], [-43.357439, -22.84041, 0], [-43.357436, -22.840438, 0]]]}, "properties": {"address": "122510, 379442"}},
{"type": "Feature", "geometry": {"type": "Polygon", "coordinates": [[[-43.360788, -22.839039, 0], [-43.360848, -22.839042, 0], [-43.360876, -22.838922, 0], [-43.360867, -22.83892, 0], [-43.360863, -22.838919, 0], [-43.360817, -22.838908, 0], [-43.360799, -22.838987, 0], [-43.360788, -22.839039, 0]]]}, "properties": {"address": "122637, 0"}},
{"type": "Feature", "geometry": {"type": "Polygon", "coordinates": [[[-43.36187, -22.840522, 0], [-43.361855, -22.840582, 0], [-43.361858, -22.840583, 0], [-43.361935, -22.840626, 0], [-43.361955, -22.840535, 0], [-43.36187, -22.840522, 0]]]}, "properties": {"address": "200565, 0"}},
{"type": "Feature", "geometry": {"type": "Polygon", "coordinates": [[[-43.361855, -22.840582, 0], [-43.36187, -22.840522, 0], [-43.361866, -22.840521, 0], [-43.361838, -22.840517, 0], [-43.361822, -22.84057, 0], [-43.361855, -22.840582, 0]]]}, "properties": {"address": "200565, 0"}},
{"type": "Feature", "geometry": {"type": "Polygon", "coordinates": [[[-43.361765, -22.840501, 0], [-43.361776, -22.840503, 0], [-43.361778, -22.840495, 0], [-43.361835, -22.840172, 0], [-43.361854, -22.840041, 0], [-43.361792, -22.84003, 0], [-43.361791, -22.840033, 0], [-43.361758, -22.840025, 0], [-43.361673, -22.840484, 0], [-43.361765, -22.840501, 0]]]}, "properties": {"address": "200565, 0"}},
{"type": "Feature", "geometry": {"type": "Polygon", "coordinates": [[[-43.361671, -22.840032, 0], [-43.361655, -22.840132, 0], [-43.361624, -22.840236, 0], [-43.361709, -22.840248, 0], [-43.361704, -22.840278, 0], [-43.361695, -22.840316, 0], [-43.361688, -22.840349, 0], [-43.361659, -22.840481, 0], [-43.361673, -22.840484, 0], [-43.361758, -22.840025, 0], [-43.361694, -22.840002, 0], [-43.361692, -22.840001, 0], [-43.361679, -22.839998, 0], [-43.361673, -22.840032, 0], [-43.361671, -22.840032, 0]]]}, "properties": {"address": "200565, 0"}},
{"type": "Feature", "geometry": {"type": "Polygon", "coordinates": [[[-43.361555, -22.840052, 0], [-43.361545, -22.840107, 0], [-43.36151, -22.840298, 0], [-43.36149, -22.840382, 0], [-43.361479, -22.840439, 0], [-43.361544, -22.840452, 0], [-43.361573, -22.840457, 0], [-43.361611, -22.840283, 0], [-43.361624, -22.840236, 0], [-43.361655, -22.840132, 0], [-43.361671, -22.840032, 0], [-43.361673, -22.840032, 0], [-43.361679, -22.839998, 0], [-43.36162, -22.839984, 0], [-43.361618, -22.839989, 0], [-43.36157, -22.839981, 0], [-43.361569, -22.839984, 0], [-43.361555, -22.840052, 0]]]}, "properties": {"address": "200565, 0"}},
{"type": "Feature", "geometry": {"type": "Polygon", "coordinates": [[[-43.361483, -22.840166, 0], [-43.361434, -22.84043, 0], [-43.361439, -22.840431, 0], [-43.361463, -22.840295, 0], [-43.361467, -22.840295, 0], [-43.361502, -22.840101, 0], [-43.361545, -22.840107, 0], [-43.361555, -22.840052, 0], [-43.361569, -22.839984, 0], [-43.361525, -22.839978, 0], [-43.361461, -22.839969, 0], [-43.361453, -22.84005, 0], [-43.361449, -22.840091, 0], [-43.361442, -22.840161, 0], [-43.361483, -22.840166, 0]]]}, "properties": {"address": "200565, 0"}},
{"type": "Feature", "geometry": {"type": "Polygon", "coordinates": [[[-43.361449, -22.840091, 0], [-43.361453, -22.84005, 0], [-43.361461, -22.839969, 0], [-43.361461, -22.839968, 0], [-43.361451, -22.839968, 0], [-43.361376, -22.839963, 0], [-43.361375, -22.839964, 0], [-43.361363, -22.839964, 0], [-43.361353, -22.84003, 0], [-43.361297, -22.840402, 0], [-43.361396, -22.840423, 0], [-43.361442, -22.840161, 0], [-43.361449, -22.840091, 0]]]}, "properties": {"address": "200565, 0"}},
{"type": "Feature", "geometry": {"type": "Polygon", "coordinates": [[[-43.361206, -22.840383, 0], [-43.361297, -22.840402, 0], [-43.361353, -22.84003, 0], [-43.361363, -22.839964, 0], [-43.361286, -22.839949, 0], [-43.361258, -22.839942, 0], [-43.361206, -22.84038, 0], [-43.361206, -22.840383, 0]]]}, "properties": {"address": "200565, 0"}},
{"type": "Feature", "geometry": {"type": "Polygon", "coordinates": [[[-43.36111, -22.840361, 0], [-43.361123, -22.840364, 0], [-43.361206, -22.84038, 0], [-43.361258, -22.839942, 0], [-43.361215, -22.839932, 0], [-43.361167, -22.83992, 0], [-43.36114, -22.840133, 0], [-43.36111, -22.840361, 0]]]}, "properties": {"address": "200565, 0"}},
{"type": "Feature", "geometry": {"type": "Polygon", "coordinates": [[[-43.361573, -22.840457, 0], [-43.361572, -22.840465, 0], [-43.361659, -22.840481, 0], [-43.361688, -22.840349, 0], [-43.361695, -22.840316, 0], [-43.361704, -22.840278, 0], [-43.361709, -22.840248, 0], [-43.361624, -22.840236, 0], [-43.361611, -22.840283, 0], [-43.361573, -22.840457, 0]]]}, "properties": {"address": "200565, 0"}},
{"type": "Feature", "geometry": {"type": "Polygon", "coordinates": [[[-43.361433, -22.840431, 0], [-43.361434, -22.84043, 0], [-43.361483, -22.840166, 0], [-43.361442, -22.840161, 0], [-43.361396, -22.840423, 0], [-43.361433, -22.840431, 0]]]}, "properties": {"address": "200565, 0"}},
{"type": "Feature", "geometry": {"type": "Polygon", "coordinates": [[[-43.361841, -22.840505, 0], [-43.361838, -22.840517, 0], [-43.361866, -22.840521, 0], [-43.361921, -22.840265, 0], [-43.361921, -22.840261, 0], [-43.361926, -22.840242, 0], [-43.361938, -22.840188, 0], [-43.361835, -22.840172, 0], [-43.361778, -22.840495, 0], [-43.361841, -22.840505, 0]]]}, "properties": {"address": "200565, 0"}},
{"type": "Feature", "geometry": {"type": "Polygon", "coordinates": [[[-43.361463, -22.840295, 0], [-43.361439, -22.840431, 0], [-43.361479, -22.840439, 0], [-43.36149, -22.840382, 0], [-43.36151, -22.840298, 0], [-43.361545, -22.840107, 0], [-43.361502, -22.840101, 0], [-43.361467, -22.840295, 0], [-43.361463, -22.840295, 0]]]}, "properties": {"address": "200565, 0"}},
{"type": "Feature", "geometry": {"type": "Polygon", "coordinates": [[[-43.360382, -22.840232, 0], [-43.360421, -22.840039, 0], [-43.360354, -22.84003, 0], [-43.360316, -22.840216, 0], [-43.360382, -22.840232, 0]]]}, "properties": {"address": "200565, 0"}},
{"type": "Feature", "geometry": {"type": "Polygon", "coordinates": [[[-43.360343, -22.840505, 0], [-43.360345, -22.840501, 0], [-43.360353, -22.840472, 0], [-43.360387, -22.840361, 0], [-43.360312, -22.840341, 0], [-43.360264, -22.840483, 0], [-43.360343, -22.840505, 0]]]}, "properties": {"address": "200565, 0"}},
{"type": "Feature", "geometry": {"type": "Polygon", "coordinates": [[[-43.360186, -22.840461, 0], [-43.36019, -22.840462, 0], [-43.360264, -22.840483, 0], [-43.360312, -22.840341, 0], [-43.36023, -22.84032, 0], [-43.360183, -22.84046, 0], [-43.360186, -22.840461, 0]]]}, "properties": {"address": "200565, 0"}},
{"type": "Feature", "geometry": {"type": "Polygon", "coordinates": [[[-43.360115, -22.840445, 0], [-43.360183, -22.84046, 0], [-43.36023, -22.84032, 0], [-43.36016, -22.840301, 0], [-43.360126, -22.840407, 0], [-43.360115, -22.840445, 0]]]}, "properties": {"address": "200565, 0"}},
{"type": "Feature", "geometry": {"type": "Polygon", "coordinates": [[[-43.36007, -22.840435, 0], [-43.360115, -22.840445, 0], [-43.360126, -22.840407, 0], [-43.36016, -22.840301, 0], [-43.360094, -22.840284, 0], [-43.360046, -22.840429, 0], [-43.36007, -22.840435, 0]]]}, "properties": {"address": "200565, 0"}},
{"type": "Feature", "geometry": {"type": "Polygon", "coordinates": [[[-43.360423, -22.84049, 0], [-43.360425, -22.840489, 0], [-43.360439, -22.840493, 0], [-43.360465, -22.840418, 0], [-43.360473, -22.840384, 0], [-43.360387, -22.840361, 0], [-43.360353, -22.840472, 0], [-43.360423, -22.84049, 0]]]}, "properties": {"address": "200565, 0"}},
{"type": "Feature", "geometry": {"type": "Polygon", "coordinates": [[[-43.360421, -22.840039, 0], [-43.360382, -22.840232, 0], [-43.360405, -22.840237, 0], [-43.360491, -22.839807, 0], [-43.360491, -22.839805, 0], [-43.360397, -22.839789, 0], [-43.360354, -22.84003, 0], [-43.360421, -22.840039, 0]]]}, "properties": {"address": "200565, 0"}},
{"type": "Feature", "geometry": {"type": "Polygon", "coordinates": [[[-43.360869, -22.840657, 0], [-43.36089, -22.840662, 0], [-43.360954, -22.840674, 0], [-43.360973, -22.840585, 0], [-43.360985, -22.840525, 0], [-43.360991, -22.840494, 0], [-43.360904, -22.840479, 0], [-43.36088, -22.840603, 0], [-43.360869, -22.840657, 0]]]}, "properties": {"address": "200565, 0"}},
{"type": "Feature", "geometry": {"type": "Polygon", "coordinates": [[[-43.360524, -22.840648, 0], [-43.360609, -22.840665, 0], [-43.360612, -22.840648, 0], [-43.360648, -22.84051, 0], [-43.360669, -22.84043, 0], [-43.360622, -22.84042, 0], [-43.360577, -22.84041, 0], [-43.360537, -22.840583, 0], [-43.360524, -22.840648, 0]]]}, "properties": {"address": "200565, 0"}},
{"type": "Feature", "geometry": {"type": "Polygon", "coordinates": [[[-43.360439, -22.840493, 0], [-43.360447, -22.840496, 0], [-43.360457, -22.840498, 0], [-43.360469, -22.840502, 0], [-43.360507, -22.840512, 0], [-43.360533, -22.840519, 0], [-43.360559, -22.840406, 0], [-43.360556, -22.840406, 0], [-43.360473, -22.840384, 0], [-43.360465, -22.840418, 0], [-43.360439, -22.840493, 0]]]}, "properties": {"address": "200565, 0"}},
{"type": "Feature", "geometry": {"type": "Polygon", "coordinates": [[[-43.361051, -22.839954, 0], [-43.361057, -22.839955, 0], [-43.361008, -22.840343, 0], [-43.361023, -22.840346, 0], [-43.361054, -22.840351, 0], [-43.36111, -22.840361, 0], [-43.36114, -22.840133, 0], [-43.361167, -22.83992, 0], [-43.361124, -22.839912, 0], [-43.361079, -22.839903, 0], [-43.361063, -22.8399, 0], [-43.361061, -22.839907, 0], [-43.361051, -22.839954, 0]]]}, "properties": {"address": "200565, 0"}},
{"type": "Feature", "geometry": {"type": "Polygon", "coordinates": [[[-43.361008, -22.840343, 0], [-43.361057, -22.839955, 0], [-43.361051, -22.839954, 0], [-43.361061, -22.839907, 0], [-43.361035, -22.839901, 0], [-43.360973, -22.839887, 0], [-43.360921, -22.840328, 0], [-43.361008, -22.840343, 0]]]}, "properties": {"address": "200565, 0"}},
{"type": "Feature", "geometry": {"type": "Polygon", "coordinates": [[[-43.360821, -22.84031, 0], [-43.360921, -22.840328, 0], [-43.360973, -22.839887, 0], [-43.360955, -22.839883, 0], [-43.360955, -22.839885, 0], [-43.360876, -22.839869, 0], [-43.360841, -22.84017, 0], [-43.360821, -22.84031, 0]]]}, "properties": {"address": "200565, 0"}},
{"type": "Feature", "geometry": {"type": "Polygon", "coordinates": [[[-43.360342, -22.83982, 0], [-43.360269, -22.840204, 0], [-43.360316, -22.840216, 0], [-43.360354, -22.84003, 0], [-43.360397, -22.839789, 0], [-43.36036, -22.839783, 0], [-43.360356, -22.839782, 0], [-43.360355, -22.839782, 0], [-43.360349, -22.839821, 0], [-43.360342, -22.83982, 0]]]}, "properties": {"address": "200565, 0"}},
{"type": "Feature", "geometry": {"type": "Polygon", "coordinates": [[[-43.360126, -22.839969, 0], [-43.360075, -22.840157, 0], [-43.360269, -22.840204, 0], [-43.360342, -22.83982, 0], [-43.360349, -22.839821, 0], [-43.360355, -22.839782, 0], [-43.360301, -22.839774, 0], [-43.360236, -22.839764, 0], [-43.36023, -22.839763, 0], [-43.360227, -22.839763, 0], [-43.360183, -22.839753, 0], [-43.36017, -22.83975, 0], [-43.36012, -22.839968, 0], [-43.360126, -22.839969, 0]]]}, "properties": {"address": "200565, 0"}},
{"type": "Feature", "geometry": {"type": "Polygon", "coordinates": [[[-43.360737, -22.84015, 0], [-43.360706, -22.840291, 0], [-43.360718, -22.840293, 0], [-43.360768, -22.840301, 0], [-43.360821, -22.84031, 0], [-43.360841, -22.84017, 0], [-43.360876, -22.839869, 0], [-43.360873, -22.839869, 0], [-43.360862, -22.839867, 0], [-43.360862, -22.839861, 0], [-43.360791, -22.839847, 0], [-43.360767, -22.83999, 0], [-43.360737, -22.84015, 0]]]}, "properties": {"address": "200565, 0"}},
{"type": "Feature", "geometry": {"type": "Polygon", "coordinates": [[[-43.36067, -22.839933, 0], [-43.360602, -22.840272, 0], [-43.360706, -22.840291, 0], [-43.360737, -22.84015, 0], [-43.360767, -22.83999, 0], [-43.360791, -22.839847, 0], [-43.360703, -22.839831, 0], [-43.360687, -22.839829, 0], [-43.360668, -22.839932, 0], [-43.36067, -22.839933, 0]]]}, "properties": {"address": "200565, 0"}},
{"type": "Feature", "geometry": {"type": "Polygon", "coordinates": [[[-43.360501, -22.840254, 0], [-43.360602, -22.840272, 0], [-43.36067, -22.839933, 0], [-43.360668, -22.839932, 0], [-43.360687, -22.839829, 0], [-43.360586, -22.839818, 0], [-43.360576, -22.839883, 0], [-43.360501, -22.840254, 0]]]}, "properties": {"address": "200565, 0"}},
{"type": "Feature", "geometry": {"type": "Polygon", "coordinates": [[[-43.360586, -22.839818, 0], [-43.360572, -22.839816, 0], [-43.360522, -22.839811, 0], [-43.360491, -22.839807, 0], [-43.360405, -22.840237, 0], [-43.360501, -22.840254, 0], [-43.360576, -22.839883, 0], [-43.360586, -22.839818, 0]]]}, "properties": {"address": "200565, 0"}},
{"type": "Feature", "geometry": {"type": "Polygon", "coordinates": [[[-43.360034, -22.838917, 0], [-43.360035, -22.838918, 0], [-43.360069, -22.838931, 0], [-43.360156, -22.838731, 0], [-43.36012, -22.838721, 0], [-43.360118, -22.838725, 0], [-43.360034, -22.838917, 0]]]}, "properties": {"address": "120146, 0"}},
{"type": "Feature", "geometry": {"type": "Polygon", "coordinates": [[[-43.36003, -22.838916, 0], [-43.360034, -22.838917, 0], [-43.360118, -22.838725, 0], [-43.36001, -22.838691, 0], [-43.359933, -22.83888, 0], [-43.36003, -22.838916, 0]]]}, "properties": {"address": "120146, 0"}},
{"type": "Feature", "geometry": {"type": "Polygon", "coordinates": [[[-43.359885, -22.838861, 0], [-43.359933, -22.83888, 0], [-43.36001, -22.838691, 0], [-43.359953, -22.838673, 0], [-43.35992, -22.838782, 0], [-43.359885, -22.838861, 0]]]}, "properties": {"address": "120146, 0"}},
{"type": "Feature", "geometry": {"type": "Polygon", "coordinates": [[[-43.360349, -22.838737, 0], [-43.36037, -22.838617, 0], [-43.36032, -22.838608, 0], [-43.360305, -22.838725, 0], [-43.360349, -22.838737, 0]]]}, "properties": {"address": "120146, 0"}},
{"type": "Feature", "geometry": {"type": "Polygon", "coordinates": [[[-43.360258, -22.838713, 0], [-43.360305, -22.838725, 0], [-43.36032, -22.838608, 0], [-43.360272, -22.8386, 0], [-43.360258, -22.838713, 0]]]}, "properties": {"address": "120146, 0"}},
{"type": "Feature", "geometry": {"type": "Polygon", "coordinates": [[[-43.360259, -22.838705, 0], [-43.360272, -22.8386, 0], [-43.36023, -22.838592, 0], [-43.360218, -22.838698, 0], [-43.360259, -22.838705, 0]]]}, "properties": {"address": "120146, 0"}},
{"type": "Feature", "geometry": {"type": "Polygon", "coordinates": [[[-43.360306, -22.838776, 0], [-43.360275, -22.838907, 0], [-43.360272, -22.83893, 0], [-43.360283, -22.838933, 0], [-43.360336, -22.838944, 0], [-43.360352, -22.838789, 0], [-43.360306, -22.838776, 0]]]}, "properties": {"address": "120146, 0"}},
{"type": "Feature", "geometry": {"type": "Polygon", "coordinates": [[[-43.360232, -22.838903, 0], [-43.360235, -22.838903, 0], [-43.360275, -22.838907, 0], [-43.360306, -22.838776, 0], [-43.360265, -22.838764, 0], [-43.360241, -22.838865, 0], [-43.360232, -22.838903, 0]]]}, "properties": {"address": "120146, 0"}},
{"type": "Feature", "geometry": {"type": "Polygon", "coordinates": [[[-43.360241, -22.838865, 0], [-43.360265, -22.838764, 0], [-43.360232, -22.838754, 0], [-43.360205, -22.838856, 0], [-43.360241, -22.838865, 0]]]}, "properties": {"address": "120146, 0"}},
{"type": "Feature", "geometry": {"type": "Polygon", "coordinates": [[[-43.360205, -22.838856, 0], [-43.360232, -22.838754, 0], [-43.360201, -22.838745, 0], [-43.360167, -22.838847, 0], [-43.360205, -22.838856, 0]]]}, "properties": {"address": "120146, 0"}},
{"type": "Feature", "geometry": {"type": "Polygon", "coordinates": [[[-43.360101, -22.838944, 0], [-43.360131, -22.838954, 0], [-43.360167, -22.838847, 0], [-43.360201, -22.838745, 0], [-43.360156, -22.838731, 0], [-43.360069, -22.838931, 0], [-43.360101, -22.838944, 0]]]}, "properties": {"address": "120146, 0"}},
{"type": "Feature", "geometry": {"type": "Polygon", "coordinates": [[[-43.360943, -22.838941, 0], [-43.360943, -22.838938, 0], [-43.360939, -22.838937, 0], [-43.360902, -22.838928, 0], [-43.360872, -22.839044, 0], [-43.360937, -22.839047, 0], [-43.360943, -22.838941, 0]]]}, "properties": {"address": "122637, 0"}},
{"type": "Feature", "geometry": {"type": "Polygon", "coordinates": [[[-43.360905, -22.838871, 0], [-43.360918, -22.838803, 0], [-43.360849, -22.838795, 0], [-43.360837, -22.838862, 0], [-43.360905, -22.838871, 0]]]}, "properties": {"address": "122637, 0"}},
{"type": "Feature", "geometry": {"type": "Polygon", "coordinates": [[[-43.360918, -22.838803, 0], [-43.360905, -22.838871, 0], [-43.360903, -22.838879, 0], [-43.36102, -22.838885, 0], [-43.361032, -22.838698, 0], [-43.36097, -22.838697, 0], [-43.360969, -22.838702, 0], [-43.360935, -22.838698, 0], [-43.360928, -22.838751, 0], [-43.360918, -22.838803, 0]]]}, "properties": {"address": "122637, 0"}},
{"type": "Feature", "geometry": {"type": "Polygon", "coordinates": [[[-43.36102, -22.838885, 0], [-43.36102, -22.838894, 0], [-43.361083, -22.838898, 0], [-43.3611, -22.838781, 0], [-43.361094, -22.83878, 0], [-43.361101, -22.838743, 0], [-43.361102, -22.838743, 0], [-43.36111, -22.838702, 0], [-43.361032, -22.838697, 0], [-43.361032, -22.838698, 0], [-43.36102, -22.838885, 0]]]}, "properties": {"address": "122637, 0"}},
{"type": "Feature", "geometry": {"type": "Polygon", "coordinates": [[[-43.361136, -22.839021, 0], [-43.361136, -22.838981, 0], [-43.361045, -22.838954, 0], [-43.361037, -22.839005, 0], [-43.361136, -22.839021, 0]]]}, "properties": {"address": "122637, 0"}},
{"type": "Feature", "geometry": {"type": "Polygon", "coordinates": [[[-43.36103, -22.839044, 0], [-43.361037, -22.839005, 0], [-43.361045, -22.838954, 0], [-43.361018, -22.83895, 0], [-43.361006, -22.839041, 0], [-43.36103, -22.839044, 0]]]}, "properties": {"address": "122637, 0"}},
{"type": "Feature", "geometry": {"type": "Polygon", "coordinates": [[[-43.362266, -22.839173, 0], [-43.36227, -22.839174, 0], [-43.362273, -22.839121, 0], [-43.362096, -22.839076, 0], [-43.36208, -22.839125, 0], [-43.362266, -22.839173, 0]]]}, "properties": {"address": "122635, 0"}},
{"type": "Feature", "geometry": {"type": "Polygon", "coordinates": [[[-43.353387, -22.840387, 0], [-43.353461, -22.84039, 0], [-43.353461, -22.84031, 0], [-43.353397, -22.840307, 0], [-43.353394, -22.840307, 0], [-43.353269, -22.840301, 0], [-43.353222, -22.840299, 0], [-43.353215, -22.840299, 0], [-43.353214, -22.840309, 0], [-43.353213, -22.840326, 0], [-43.353209, -22.840379, 0], [-43.353361, -22.840386, 0], [-43.353384, -22.840387, 0], [-43.353387, -22.840387, 0]]]}, "properties": {"address": "143398, 69311"}},
{"type": "Feature", "geometry": {"type": "Polygon", "coordinates": [[[-43.353218, -22.840227, 0], [-43.353217, -22.840245, 0], [-43.353216, -22.840282, 0], [-43.353215, -22.840299, 0], [-43.353222, -22.840299, 0], [-43.353269, -22.840301, 0], [-43.353394, -22.840307, 0], [-43.353397, -22.840307, 0], [-43.353461, -22.84031, 0], [-43.353464, -22.840231, 0], [-43.353464, -22.840227, 0], [-43.35342, -22.840225, 0], [-43.353346, -22.840222, 0], [-43.353292, -22.84022, 0], [-43.353289, -22.84022, 0], [-43.353219, -22.840217, 0], [-43.353218, -22.840226, 0], [-43.353218, -22.840227, 0]]]}, "properties": {"address": "143398, 69309"}},
{"type": "Feature", "geometry": {"type": "Polygon", "coordinates": [[[-43.353222, -22.84006, 0], [-43.353222, -22.84007, 0], [-43.353221, -22.840105, 0], [-43.353221, -22.840123, 0], [-43.35322, -22.840135, 0], [-43.353248, -22.840137, 0], [-43.353421, -22.840143, 0], [-43.353465, -22.840145, 0], [-43.353466, -22.840109, 0], [-43.353467, -22.840067, 0], [-43.353394, -22.840063, 0], [-43.353349, -22.840061, 0], [-43.35329, -22.840059, 0], [-43.353282, -22.840058, 0], [-43.353267, -22.840058, 0], [-43.353222, -22.840056, 0], [-43.353222, -22.84006, 0]]]}, "properties": {"address": "143398, 69443"}},
{"type": "Feature", "geometry": {"type": "Polygon", "coordinates": [[[-43.353267, -22.840058, 0], [-43.353282, -22.840058, 0], [-43.35329, -22.840059, 0], [-43.353349, -22.840061, 0], [-43.353394, -22.840063, 0], [-43.353467, -22.840067, 0], [-43.353467, -22.840024, 0], [-43.353462, -22.840023, 0], [-43.353446, -22.840023, 0], [-43.353439, -22.840022, 0], [-43.353395, -22.840021, 0], [-43.353298, -22.840017, 0], [-43.353278, -22.840016, 0], [-43.353267, -22.840016, 0], [-43.353222, -22.840014, 0], [-43.353222, -22.840056, 0], [-43.353267, -22.840058, 0]]]}, "properties": {"address": "143398, 366082"}},
{"type": "Feature", "geometry": {"type": "Polygon", "coordinates": [[[-43.353267, -22.840016, 0], [-43.353278, -22.840016, 0], [-43.353298, -22.840017, 0], [-43.353395, -22.840021, 0], [-43.353439, -22.840022, 0], [-43.353446, -22.840023, 0], [-43.353462, -22.840023, 0], [-43.353467, -22.840024, 0], [-43.353468, -22.839985, 0], [-43.353448, -22.839985, 0], [-43.353279, -22.839977, 0], [-43.353267, -22.839977, 0], [-43.353222, -22.839975, 0], [-43.353222, -22.840014, 0], [-43.353267, -22.840016, 0]]]}, "properties": {"address": "143398, 761088"}},
{"type": "Feature", "geometry": {"type": "Polygon", "coordinates": [[[-43.360647, -22.83907, 0], [-43.360586, -22.83906, 0], [-43.360556, -22.839057, 0], [-43.360554, -22.83915, 0], [-43.360648, -22.839152, 0], [-43.360647, -22.83907, 0]]]}, "properties": {"address": "200184, 0"}},
{"type": "Feature", "geometry": {"type": "Polygon", "coordinates": [[[-43.353219, -22.840183, 0], [-43.353219, -22.840217, 0], [-43.353289, -22.84022, 0], [-43.353292, -22.84022, 0], [-43.353346, -22.840222, 0], [-43.35342, -22.840225, 0], [-43.353464, -22.840227, 0], [-43.353464, -22.840216, 0], [-43.353465, -22.840183, 0], [-43.353465, -22.840145, 0], [-43.353421, -22.840143, 0], [-43.353248, -22.840137, 0], [-43.35322, -22.840135, 0], [-43.35322, -22.840172, 0], [-43.353219, -22.840183, 0]]]}, "properties": {"address": "143398, 73213"}},
{"type": "Feature", "geometry": {"type": "Polygon", "coordinates": [[[-43.353222, -22.839975, 0], [-43.353267, -22.839977, 0], [-43.353279, -22.839977, 0], [-43.353448, -22.839985, 0], [-43.353468, -22.839985, 0], [-43.353469, -22.839911, 0], [-43.353469, -22.839905, 0], [-43.353413, -22.839903, 0], [-43.353283, -22.839897, 0], [-43.353226, -22.839894, 0], [-43.353225, -22.839922, 0], [-43.353222, -22.839975, 0]]]}, "properties": {"address": "143398, 69371"}},
{"type": "Feature", "geometry": {"type": "Polygon", "coordinates": [[[-43.35376, -22.84011, 0], [-43.353778, -22.840023, 0], [-43.353588, -22.839987, 0], [-43.353585, -22.840112, 0], [-43.35376, -22.84011, 0]]]}, "properties": {"address": "143398, 834174"}},
{"type": "Feature", "geometry": {"type": "Polygon", "coordinates": [[[-43.353585, -22.84014, 0], [-43.353583, -22.840224, 0], [-43.353738, -22.840215, 0], [-43.353741, -22.8402, 0], [-43.353753, -22.840141, 0], [-43.35376, -22.84011, 0], [-43.353585, -22.840112, 0], [-43.353585, -22.84014, 0]]]}, "properties": {"address": "143398, 834014"}},
{"type": "Feature", "geometry": {"type": "Polygon", "coordinates": [[[-43.353738, -22.840215, 0], [-43.353745, -22.840217, 0], [-43.353824, -22.840232, 0], [-43.353839, -22.840156, 0], [-43.353753, -22.840141, 0], [-43.353741, -22.8402, 0], [-43.353738, -22.840215, 0]]]}, "properties": {"address": "143398, 0"}},
{"type": "Feature", "geometry": {"type": "Polygon", "coordinates": [[[-43.360684, -22.839477, 0], [-43.360693, -22.839541, 0], [-43.360741, -22.839557, 0], [-43.360759, -22.839321, 0], [-43.360687, -22.83932, 0], [-43.360684, -22.839392, 0], [-43.360684, -22.839477, 0]]]}, "properties": {"address": "200184, 0"}},
{"type": "Feature", "geometry": {"type": "Polygon", "coordinates": [[[-43.353581, -22.840271, 0], [-43.353582, -22.840279, 0], [-43.353586, -22.840295, 0], [-43.353589, -22.840302, 0], [-43.353593, -22.84031, 0], [-43.353597, -22.840317, 0], [-43.353612, -22.840335, 0], [-43.353619, -22.84034, 0], [-43.353625, -22.840345, 0], [-43.35363, -22.840348, 0], [-43.353632, -22.840349, 0], [-43.353705, -22.840363, 0], [-43.353714, -22.840365, 0], [-43.353745, -22.840217, 0], [-43.353738, -22.840215, 0], [-43.353583, -22.840224, 0], [-43.353581, -22.840271, 0]]]}, "properties": {"address": "143398, 834025"}},
{"type": "Feature", "geometry": {"type": "Polygon", "coordinates": [[[-43.353227, -22.839882, 0], [-43.353226, -22.839894, 0], [-43.353283, -22.839897, 0], [-43.353413, -22.839903, 0], [-43.353469, -22.839905, 0], [-43.35347, -22.839879, 0], [-43.353471, -22.839827, 0], [-43.353409, -22.839823, 0], [-43.353347, -22.83982, 0], [-43.353294, -22.839817, 0], [-43.353275, -22.839816, 0], [-43.35323, -22.839814, 0], [-43.353229, -22.839827, 0], [-43.353227, -22.839882, 0]]]}, "properties": {"address": "143398, 69370"}},
{"type": "Feature", "geometry": {"type": "Polygon", "coordinates": [[[-43.360699, -22.839225, 0], [-43.36087, -22.83922, 0], [-43.360869, -22.839187, 0], [-43.360906, -22.839186, 0], [-43.360906, -22.839203, 0], [-43.360917, -22.839203, 0], [-43.360917, -22.839209, 0], [-43.360945, -22.839209, 0], [-43.360942, -22.839176, 0], [-43.3607, -22.839185, 0], [-43.360699, -22.839225, 0]]]}, "properties": {"address": "200184, 0"}},
{"type": "Feature", "geometry": {"type": "Polygon", "coordinates": [[[-43.360694, -22.839185, 0], [-43.3607, -22.839185, 0], [-43.360942, -22.839176, 0], [-43.360938, -22.839146, 0], [-43.360934, -22.83911, 0], [-43.360694, -22.839112, 0], [-43.360694, -22.839185, 0]]]}, "properties": {"address": "200184, 0"}},
{"type": "Feature", "geometry": {"type": "Polygon", "coordinates": [[[-43.360694, -22.839063, 0], [-43.360694, -22.839112, 0], [-43.360934, -22.83911, 0], [-43.360931, -22.83909, 0], [-43.360937, -22.83909, 0], [-43.360937, -22.839047, 0], [-43.360872, -22.839044, 0], [-43.360848, -22.839042, 0], [-43.360788, -22.839039, 0], [-43.36069, -22.839034, 0], [-43.360689, -22.839063, 0], [-43.360694, -22.839063, 0]]]}, "properties": {"address": "200184, 0"}},
{"type": "Feature", "geometry": {"type": "Polygon", "coordinates": [[[-43.36028, -22.838984, 0], [-43.360331, -22.838991, 0], [-43.360336, -22.838944, 0], [-43.360283, -22.838933, 0], [-43.360277, -22.838984, 0], [-43.36028, -22.838984, 0]]]}, "properties": {"address": "165559, 0"}},
{"type": "Feature", "geometry": {"type": "Polygon", "coordinates": [[[-43.360759, -22.83925, 0], [-43.360694, -22.839248, 0], [-43.36069, -22.839248, 0], [-43.360687, -22.83932, 0], [-43.360759, -22.839321, 0], [-43.360836, -22.839321, 0], [-43.360924, -22.839322, 0], [-43.360953, -22.839323, 0], [-43.360948, -22.839249, 0], [-43.360759, -22.839252, 0], [-43.360759, -22.83925, 0]]]}, "properties": {"address": "200184, 0"}},
{"type": "Feature", "geometry": {"type": "Polygon", "coordinates": [[[-43.360501, -22.839305, 0], [-43.3605, -22.839388, 0], [-43.360645, -22.839398, 0], [-43.360648, -22.839311, 0], [-43.360648, -22.839309, 0], [-43.360497, -22.839301, 0], [-43.360497, -22.839305, 0], [-43.360501, -22.839305, 0]]]}, "properties": {"address": "200184, 0"}},
{"type": "Feature", "geometry": {"type": "Polygon", "coordinates": [[[-43.36087, -22.83922, 0], [-43.360699, -22.839225, 0], [-43.360695, -22.839225, 0], [-43.360694, -22.839248, 0], [-43.360759, -22.83925, 0], [-43.360759, -22.839252, 0], [-43.360948, -22.839249, 0], [-43.360945, -22.839209, 0], [-43.360917, -22.839209, 0], [-43.360917, -22.839203, 0], [-43.360906, -22.839203, 0], [-43.360906, -22.839186, 0], [-43.360869, -22.839187, 0], [-43.36087, -22.83922, 0]]]}, "properties": {"address": "200184, 0"}},
{"type": "Feature", "geometry": {"type": "Polygon", "coordinates": [[[-43.3605, -22.839224, 0], [-43.360497, -22.839301, 0], [-43.360648, -22.839309, 0], [-43.360648, -22.839152, 0], [-43.360554, -22.83915, 0], [-43.3605, -22.839148, 0], [-43.3605, -22.839224, 0]]]}, "properties": {"address": "200184, 0"}},
{"type": "Feature", "geometry": {"type": "Polygon", "coordinates": [[[-43.360497, -22.839413, 0], [-43.360494, -22.839556, 0], [-43.360535, -22.839559, 0], [-43.360602, -22.839557, 0], [-43.36061, -22.839554, 0], [-43.36062, -22.839547, 0], [-43.360627, -22.839541, 0], [-43.360632, -22.839531, 0], [-43.360638, -22.839517, 0], [-43.36064, -22.839509, 0], [-43.360642, -22.839488, 0], [-43.360645, -22.839398, 0], [-43.3605, -22.839388, 0], [-43.3605, -22.839413, 0], [-43.360497, -22.839413, 0]]]}, "properties": {"address": "200184, 0"}},
{"type": "Feature", "geometry": {"type": "Polygon", "coordinates": [[[-43.360989, -22.839565, 0], [-43.361, -22.839458, 0], [-43.361004, -22.839407, 0], [-43.361006, -22.839364, 0], [-43.361009, -22.839323, 0], [-43.360953, -22.839323, 0], [-43.360924, -22.839322, 0], [-43.360916, -22.83956, 0], [-43.360989, -22.839565, 0]]]}, "properties": {"address": "122626, 0"}},
{"type": "Feature", "geometry": {"type": "Polygon", "coordinates": [[[-43.361061, -22.839907, 0], [-43.361063, -22.8399, 0], [-43.361079, -22.839903, 0], [-43.361096, -22.839834, 0], [-43.361107, -22.83979, 0], [-43.36112, -22.839794, 0], [-43.361147, -22.83968, 0], [-43.361098, -22.83967, 0], [-43.361095, -22.83967, 0], [-43.361035, -22.839901, 0], [-43.361061, -22.839907, 0]]]}, "properties": {"address": "122626, 0"}},
{"type": "Feature", "geometry": {"type": "Polygon", "coordinates": [[[-43.360973, -22.839887, 0], [-43.361035, -22.839901, 0], [-43.361095, -22.83967, 0], [-43.361013, -22.839652, 0], [-43.361012, -22.839652, 0], [-43.360955, -22.839883, 0], [-43.360973, -22.839887, 0]]]}, "properties": {"address": "122626, 0"}},
{"type": "Feature", "geometry": {"type": "Polygon", "coordinates": [[[-43.360862, -22.839867, 0], [-43.360873, -22.839869, 0], [-43.360876, -22.839869, 0], [-43.360955, -22.839885, 0], [-43.360955, -22.839883, 0], [-43.361012, -22.839652, 0], [-43.360871, -22.839625, 0], [-43.360869, -22.839625, 0], [-43.360862, -22.839861, 0], [-43.360862, -22.839867, 0]]]}, "properties": {"address": "122626, 0"}},
{"type": "Feature", "geometry": {"type": "Polygon", "coordinates": [[[-43.360703, -22.839831, 0], [-43.360791, -22.839847, 0], [-43.360862, -22.839861, 0], [-43.360869, -22.839625, 0], [-43.360715, -22.839621, 0], [-43.360703, -22.839831, 0]]]}, "properties": {"address": "122626, 0"}},
{"type": "Feature", "geometry": {"type": "Polygon", "coordinates": [[[-43.360915, -22.83956, 0], [-43.360916, -22.83956, 0], [-43.360924, -22.839322, 0], [-43.360836, -22.839321, 0], [-43.36083, -22.839558, 0], [-43.360915, -22.83956, 0]]]}, "properties": {"address": "122626, 0"}},
{"type": "Feature", "geometry": {"type": "Polygon", "coordinates": [[[-43.360741, -22.839559, 0], [-43.360829, -22.839558, 0], [-43.36083, -22.839558, 0], [-43.360836, -22.839321, 0], [-43.360759, -22.839321, 0], [-43.360741, -22.839557, 0], [-43.360741, -22.839559, 0]]]}, "properties": {"address": "122626, 0"}},
{"type": "Feature", "geometry": {"type": "Polygon", "coordinates": [[[-43.360475, -22.838769, 0], [-43.360474, -22.838778, 0], [-43.360526, -22.838789, 0], [-43.360528, -22.838789, 0], [-43.360544, -22.838676, 0], [-43.360503, -22.838667, 0], [-43.3605, -22.838667, 0], [-43.360485, -22.8387, 0], [-43.360475, -22.838769, 0]]]}, "properties": {"address": "120147, 0"}},
{"type": "Feature", "geometry": {"type": "Polygon", "coordinates": [[[-43.360544, -22.838676, 0], [-43.360528, -22.838789, 0], [-43.360594, -22.838803, 0], [-43.360624, -22.838624, 0], [-43.36062, -22.838623, 0], [-43.360519, -22.838606, 0], [-43.360503, -22.838667, 0], [-43.360544, -22.838676, 0]]]}, "properties": {"address": "120147, 0"}},
{"type": "Feature", "geometry": {"type": "Polygon", "coordinates": [[[-43.360435, -22.838585, 0], [-43.360422, -22.838682, 0], [-43.36042, -22.838736, 0], [-43.36042, -22.838742, 0], [-43.360422, -22.838756, 0], [-43.360424, -22.83876, 0], [-43.360426, -22.838761, 0], [-43.360475, -22.838769, 0], [-43.360485, -22.8387, 0], [-43.3605, -22.838667, 0], [-43.360503, -22.838667, 0], [-43.360519, -22.838606, 0], [-43.360435, -22.838585, 0]]]}, "properties": {"address": "120147, 0"}},
{"type": "Feature", "geometry": {"type": "Polygon", "coordinates": [[[-43.360569, -22.83895, 0], [-43.360629, -22.838954, 0], [-43.360633, -22.838954, 0], [-43.360641, -22.83887, 0], [-43.360637, -22.83887, 0], [-43.360637, -22.838862, 0], [-43.360607, -22.838854, 0], [-43.360571, -22.838845, 0], [-43.36056, -22.838949, 0], [-43.360569, -22.83895, 0]]]}, "properties": {"address": "120147, 0"}},
{"type": "Feature", "geometry": {"type": "Polygon", "coordinates": [[[-43.36056, -22.838949, 0], [-43.360571, -22.838845, 0], [-43.360505, -22.838834, 0], [-43.360493, -22.838928, 0], [-43.360491, -22.838945, 0], [-43.36056, -22.838949, 0]]]}, "properties": {"address": "120147, 0"}},
{"type": "Feature", "geometry": {"type": "Polygon", "coordinates": [[[-43.360493, -22.838928, 0], [-43.360505, -22.838834, 0], [-43.360448, -22.838824, 0], [-43.360443, -22.838924, 0], [-43.360493, -22.838928, 0]]]}, "properties": {"address": "120147, 0"}},
{"type": "Feature", "geometry": {"type": "Polygon", "coordinates": [[[-43.360386, -22.838838, 0], [-43.360371, -22.838917, 0], [-43.360441, -22.838924, 0], [-43.360443, -22.838924, 0], [-43.360448, -22.838824, 0], [-43.360397, -22.838818, 0], [-43.360395, -22.83884, 0], [-43.360386, -22.838838, 0]]]}, "properties": {"address": "120147, 0"}},
{"type": "Feature", "geometry": {"type": "Polygon", "coordinates": [[[-43.36129, -22.83912, 0], [-43.36131, -22.839046, 0], [-43.361308, -22.839046, 0], [-43.361263, -22.839034, 0], [-43.36119, -22.839014, 0], [-43.361172, -22.8391, 0], [-43.36129, -22.83912, 0]]]}, "properties": {"address": "122638, 0"}},
{"type": "Feature", "geometry": {"type": "Polygon", "coordinates": [[[-43.360371, -22.838917, 0], [-43.360386, -22.838838, 0], [-43.360395, -22.83884, 0], [-43.360397, -22.838818, 0], [-43.360399, -22.838795, 0], [-43.360353, -22.838789, 0], [-43.360339, -22.838915, 0], [-43.360371, -22.838917, 0]]]}, "properties": {"address": "120147, 0"}},
{"type": "Feature", "geometry": {"type": "Polygon", "coordinates": [[[-43.359759, -22.838985, 0], [-43.35995, -22.839065, 0], [-43.359953, -22.839059, 0], [-43.359974, -22.839018, 0], [-43.35978, -22.838939, 0], [-43.359779, -22.83894, 0], [-43.359759, -22.838985, 0]]]}, "properties": {"address": "122640, 0"}},
{"type": "Feature", "geometry": {"type": "Polygon", "coordinates": [[[-43.361309, -22.839215, 0], [-43.361309, -22.839261, 0], [-43.361358, -22.839259, 0], [-43.361363, -22.839259, 0], [-43.36137, -22.839175, 0], [-43.361305, -22.839166, 0], [-43.361304, -22.839168, 0], [-43.36117, -22.839146, 0], [-43.361172, -22.839223, 0], [-43.361309, -22.839215, 0]]]}, "properties": {"address": "122638, 0"}},
{"type": "Feature", "geometry": {"type": "Polygon", "coordinates": [[[-43.36117, -22.839146, 0], [-43.361304, -22.839168, 0], [-43.361305, -22.839166, 0], [-43.36137, -22.839175, 0], [-43.361371, -22.839167, 0], [-43.361373, -22.839148, 0], [-43.361374, -22.839135, 0], [-43.36129, -22.83912, 0], [-43.361172, -22.8391, 0], [-43.361163, -22.839145, 0], [-43.36117, -22.839146, 0]]]}, "properties": {"address": "122638, 0"}},
{"type": "Feature", "geometry": {"type": "Polygon", "coordinates": [[[-43.360937, -22.83909, 0], [-43.360931, -22.83909, 0], [-43.360934, -22.83911, 0], [-43.360938, -22.839146, 0], [-43.361087, -22.839154, 0], [-43.361087, -22.839156, 0], [-43.361129, -22.839157, 0], [-43.361135, -22.839157, 0], [-43.361136, -22.839116, 0], [-43.361092, -22.839114, 0], [-43.360998, -22.839096, 0], [-43.36098, -22.839093, 0], [-43.36098, -22.839089, 0], [-43.360966, -22.839089, 0], [-43.360937, -22.83909, 0]]]}, "properties": {"address": "122638, 0"}},
{"type": "Feature", "geometry": {"type": "Polygon", "coordinates": [[[-43.361092, -22.839114, 0], [-43.361136, -22.839116, 0], [-43.361137, -22.839074, 0], [-43.361051, -22.839061, 0], [-43.361054, -22.839048, 0], [-43.36103, -22.839044, 0], [-43.361006, -22.839041, 0], [-43.360998, -22.839096, 0], [-43.361092, -22.839114, 0]]]}, "properties": {"address": "122638, 0"}},
{"type": "Feature", "geometry": {"type": "Polygon", "coordinates": [[[-43.361054, -22.839048, 0], [-43.361051, -22.839061, 0], [-43.361137, -22.839074, 0], [-43.361136, -22.839021, 0], [-43.361037, -22.839005, 0], [-43.36103, -22.839044, 0], [-43.361054, -22.839048, 0]]]}, "properties": {"address": "122638, 0"}},
{"type": "Feature", "geometry": {"type": "Polygon", "coordinates": [[[-43.361179, -22.839345, 0], [-43.361181, -22.839422, 0], [-43.361279, -22.839427, 0], [-43.361279, -22.839431, 0], [-43.361331, -22.839432, 0], [-43.361333, -22.839432, 0], [-43.361332, -22.839341, 0], [-43.36118, -22.839345, 0], [-43.361179, -22.839345, 0]]]}, "properties": {"address": "122638, 0"}},
{"type": "Feature", "geometry": {"type": "Polygon", "coordinates": [[[-43.36118, -22.839345, 0], [-43.361332, -22.839341, 0], [-43.36135, -22.83934, 0], [-43.361354, -22.8393, 0], [-43.361179, -22.83931, 0], [-43.36118, -22.839345, 0]]]}, "properties": {"address": "122638, 0"}},
{"type": "Feature", "geometry": {"type": "Polygon", "coordinates": [[[-43.361177, -22.839264, 0], [-43.361179, -22.83931, 0], [-43.361354, -22.8393, 0], [-43.361355, -22.839286, 0], [-43.361358, -22.839259, 0], [-43.361309, -22.839261, 0], [-43.361177, -22.839264, 0]]]}, "properties": {"address": "122638, 0"}},
{"type": "Feature", "geometry": {"type": "Polygon", "coordinates": [[[-43.361173, -22.839264, 0], [-43.361177, -22.839264, 0], [-43.361309, -22.839261, 0], [-43.361309, -22.839215, 0], [-43.361172, -22.839223, 0], [-43.361173, -22.839264, 0]]]}, "properties": {"address": "122638, 0"}},
{"type": "Feature", "geometry": {"type": "Polygon", "coordinates": [[[-43.361004, -22.839407, 0], [-43.36114, -22.839403, 0], [-43.361138, -22.839361, 0], [-43.361006, -22.839364, 0], [-43.361004, -22.839407, 0]]]}, "properties": {"address": "122638, 0"}},
{"type": "Feature", "geometry": {"type": "Polygon", "coordinates": [[[-43.361138, -22.839361, 0], [-43.361137, -22.839332, 0], [-43.361017, -22.83933, 0], [-43.361017, -22.839323, 0], [-43.361009, -22.839323, 0], [-43.361006, -22.839364, 0], [-43.361138, -22.839361, 0]]]}, "properties": {"address": "122638, 0"}},
{"type": "Feature", "geometry": {"type": "Polygon", "coordinates": [[[-43.360945, -22.839209, 0], [-43.360948, -22.839249, 0], [-43.360953, -22.839323, 0], [-43.361017, -22.839323, 0], [-43.361017, -22.83933, 0], [-43.361137, -22.839332, 0], [-43.361129, -22.839157, 0], [-43.361087, -22.839156, 0], [-43.361087, -22.839154, 0], [-43.360938, -22.839146, 0], [-43.360942, -22.839176, 0], [-43.360945, -22.839209, 0]]]}, "properties": {"address": "122638, 0"}},
{"type": "Feature", "geometry": {"type": "Polygon", "coordinates": [[[-43.360989, -22.839569, 0], [-43.361075, -22.839581, 0], [-43.361075, -22.839586, 0], [-43.36114, -22.839593, 0], [-43.361144, -22.839533, 0], [-43.361142, -22.839461, 0], [-43.361, -22.839458, 0], [-43.360989, -22.839565, 0], [-43.360989, -22.839569, 0]]]}, "properties": {"address": "122638, 0"}},
{"type": "Feature", "geometry": {"type": "Polygon", "coordinates": [[[-43.361212, -22.839619, 0], [-43.361258, -22.839632, 0], [-43.361275, -22.839585, 0], [-43.361289, -22.839497, 0], [-43.361291, -22.839487, 0], [-43.361266, -22.839486, 0], [-43.361183, -22.839481, 0], [-43.361181, -22.839608, 0], [-43.361212, -22.839619, 0]]]}, "properties": {"address": "122638, 0"}},
{"type": "Feature", "geometry": {"type": "Polygon", "coordinates": [[[-43.361182, -22.839436, 0], [-43.361183, -22.839481, 0], [-43.361266, -22.839486, 0], [-43.361291, -22.839487, 0], [-43.361289, -22.839497, 0], [-43.361328, -22.839496, 0], [-43.361331, -22.839432, 0], [-43.361279, -22.839431, 0], [-43.361279, -22.839427, 0], [-43.361181, -22.839422, 0], [-43.361182, -22.839435, 0], [-43.361182, -22.839436, 0]]]}, "properties": {"address": "122638, 0"}},
{"type": "Feature", "geometry": {"type": "Polygon", "coordinates": [[[-43.361, -22.839458, 0], [-43.361142, -22.839461, 0], [-43.36114, -22.839403, 0], [-43.361004, -22.839407, 0], [-43.361, -22.839458, 0]]]}, "properties": {"address": "122638, 0"}},
{"type": "Feature", "geometry": {"type": "Polygon", "coordinates": [[[-43.360554, -22.83915, 0], [-43.360556, -22.839057, 0], [-43.360507, -22.839052, 0], [-43.3605, -22.839148, 0], [-43.360554, -22.83915, 0]]]}, "properties": {"address": "165559, 0"}},
{"type": "Feature", "geometry": {"type": "Polygon", "coordinates": [[[-43.360488, -22.839162, 0], [-43.360491, -22.83905, 0], [-43.360433, -22.839044, 0], [-43.360431, -22.839044, 0], [-43.360427, -22.83916, 0], [-43.360488, -22.839162, 0]]]}, "properties": {"address": "165559, 0"}},
{"type": "Feature", "geometry": {"type": "Polygon", "coordinates": [[[-43.360427, -22.83916, 0], [-43.360431, -22.839044, 0], [-43.360355, -22.839033, 0], [-43.360348, -22.839296, 0], [-43.360418, -22.8393, 0], [-43.360424, -22.83922, 0], [-43.360427, -22.83916, 0]]]}, "properties": {"address": "165559, 0"}},
{"type": "Feature", "geometry": {"type": "Polygon", "coordinates": [[[-43.360205, -22.839181, 0], [-43.360208, -22.839181, 0], [-43.360194, -22.839286, 0], [-43.360202, -22.839286, 0], [-43.360255, -22.839289, 0], [-43.360282, -22.839023, 0], [-43.360222, -22.839015, 0], [-43.360221, -22.839027, 0], [-43.360205, -22.839181, 0]]]}, "properties": {"address": "165559, 0"}},
{"type": "Feature", "geometry": {"type": "Polygon", "coordinates": [[[-43.358156, -22.840641, 0], [-43.35822, -22.840653, 0], [-43.358269, -22.840432, 0], [-43.358235, -22.840425, 0], [-43.35818, -22.840415, 0], [-43.358139, -22.840637, 0], [-43.358156, -22.840641, 0]]]}, "properties": {"address": "144361, 922934"}},
{"type": "Feature", "geometry": {"type": "Polygon", "coordinates": [[[-43.360074, -22.839037, 0], [-43.360073, -22.839041, 0], [-43.360112, -22.83905, 0], [-43.360158, -22.839061, 0], [-43.360189, -22.839044, 0], [-43.360192, -22.83903, 0], [-43.360003, -22.838977, 0], [-43.359988, -22.839008, 0], [-43.360074, -22.839037, 0]]]}, "properties": {"info": {"is_agg": true, "properties_agg": [{"via": 165559, "hnum": 0, "feature_id": 277062}], "geom_cmp_equals": [false], "geom_cmp_intersec": [0]}, "error": 100, "address": "165559, 0"}},
{"type": "Feature", "geometry": {"type": "Polygon", "coordinates": [[[-43.360603, -22.839017, 0], [-43.360624, -22.839019, 0], [-43.360629, -22.838954, 0], [-43.360569, -22.83895, 0], [-43.360564, -22.839014, 0], [-43.360603, -22.839017, 0]]]}, "properties": {"address": "165559, 0"}},
{"type": "Feature", "geometry": {"type": "Polygon", "coordinates": [[[-43.360564, -22.839017, 0], [-43.360564, -22.839014, 0], [-43.360569, -22.83895, 0], [-43.36056, -22.838949, 0], [-43.360491, -22.838945, 0], [-43.360485, -22.839009, 0], [-43.360564, -22.839017, 0]]]}, "properties": {"address": "165559, 0"}},
{"type": "Feature", "geometry": {"type": "Polygon", "coordinates": [[[-43.360493, -22.838928, 0], [-43.360443, -22.838924, 0], [-43.360441, -22.838924, 0], [-43.360437, -22.839005, 0], [-43.360485, -22.839009, 0], [-43.360491, -22.838945, 0], [-43.360493, -22.838928, 0]]]}, "properties": {"address": "165559, 0"}},
{"type": "Feature", "geometry": {"type": "Polygon", "coordinates": [[[-43.360197, -22.839006, 0], [-43.360203, -22.838978, 0], [-43.360101, -22.838944, 0], [-43.360069, -22.838931, 0], [-43.360035, -22.838918, 0], [-43.360034, -22.838917, 0], [-43.36003, -22.838916, 0], [-43.360015, -22.838948, 0], [-43.360197, -22.839006, 0]]]}, "properties": {"address": "165559, 0"}},
{"type": "Feature", "geometry": {"type": "Polygon", "coordinates": [[[-43.360437, -22.839005, 0], [-43.360441, -22.838924, 0], [-43.360371, -22.838917, 0], [-43.360365, -22.838995, 0], [-43.360437, -22.839005, 0]]]}, "properties": {"address": "165559, 0"}},
{"type": "Feature", "geometry": {"type": "Polygon", "coordinates": [[[-43.360331, -22.838991, 0], [-43.360365, -22.838995, 0], [-43.360371, -22.838917, 0], [-43.360339, -22.838915, 0], [-43.360336, -22.838944, 0], [-43.360331, -22.838991, 0]]]}, "properties": {"address": "165559, 0"}},
{"type": "Feature", "geometry": {"type": "Polygon", "coordinates": [[[-43.360277, -22.838984, 0], [-43.360283, -22.838933, 0], [-43.360272, -22.83893, 0], [-43.360275, -22.838907, 0], [-43.360235, -22.838903, 0], [-43.360227, -22.838978, 0], [-43.360277, -22.838984, 0]]]}, "properties": {"address": "165559, 0"}},
{"type": "Feature", "geometry": {"type": "Polygon", "coordinates": [[[-43.360203, -22.838978, 0], [-43.360226, -22.838985, 0], [-43.360227, -22.838978, 0], [-43.360235, -22.838903, 0], [-43.360232, -22.838903, 0], [-43.360241, -22.838865, 0], [-43.360205, -22.838856, 0], [-43.360167, -22.838847, 0], [-43.360131, -22.838954, 0], [-43.360203, -22.838978, 0]]]}, "properties": {"address": "165559, 0"}},
{"type": "Feature", "geometry": {"type": "Polygon", "coordinates": [[[-43.360487, -22.839223, 0], [-43.360488, -22.839162, 0], [-43.360427, -22.83916, 0], [-43.360424, -22.83922, 0], [-43.360487, -22.839223, 0]]]}, "properties": {"address": "165559, 0"}},
{"type": "Feature", "geometry": {"type": "Polygon", "coordinates": [[[-43.360507, -22.839052, 0], [-43.360491, -22.83905, 0], [-43.360488, -22.839162, 0], [-43.360487, -22.839223, 0], [-43.360424, -22.83922, 0], [-43.360418, -22.8393, 0], [-43.360435, -22.839301, 0], [-43.360497, -22.839305, 0], [-43.360497, -22.839301, 0], [-43.3605, -22.839224, 0], [-43.3605, -22.839148, 0], [-43.360507, -22.839052, 0]]]}, "properties": {"address": "165559, 0"}},
{"type": "Feature", "geometry": {"type": "Polygon", "coordinates": [[[-43.360312, -22.839052, 0], [-43.360308, -22.839095, 0], [-43.360311, -22.839095, 0], [-43.360308, -22.839137, 0], [-43.360301, -22.839204, 0], [-43.360299, -22.839233, 0], [-43.360304, -22.839234, 0], [-43.360301, -22.839291, 0], [-43.360345, -22.839293, 0], [-43.360345, -22.839296, 0], [-43.360348, -22.839296, 0], [-43.360355, -22.839033, 0], [-43.360315, -22.839028, 0], [-43.360314, -22.839051, 0], [-43.360312, -22.839052, 0]]]}, "properties": {"address": "165559, 0"}},
{"type": "Feature", "geometry": {"type": "Polygon", "coordinates": [[[-43.360261, -22.839289, 0], [-43.360301, -22.839291, 0], [-43.360304, -22.839234, 0], [-43.360299, -22.839233, 0], [-43.360301, -22.839204, 0], [-43.360308, -22.839137, 0], [-43.360311, -22.839095, 0], [-43.360308, -22.839095, 0], [-43.360312, -22.839052, 0], [-43.360314, -22.839051, 0], [-43.360315, -22.839028, 0], [-43.360285, -22.839024, 0], [-43.360282, -22.839023, 0], [-43.360255, -22.839289, 0], [-43.360261, -22.839289, 0]]]}, "properties": {"address": "165559, 0"}},
{"type": "Feature", "geometry": {"type": "Polygon", "coordinates": [[[-43.360028, -22.839237, 0], [-43.360019, -22.839237, 0], [-43.360014, -22.839276, 0], [-43.360078, -22.83928, 0], [-43.36009, -22.839193, 0], [-43.360032, -22.839186, 0], [-43.36003, -22.839209, 0], [-43.360028, -22.839237, 0]]]}, "properties": {"address": "165559, 0"}},
{"type": "Feature", "geometry": {"type": "Polygon", "coordinates": [[[-43.36009, -22.839193, 0], [-43.360078, -22.83928, 0], [-43.360078, -22.839283, 0], [-43.360088, -22.839283, 0], [-43.360145, -22.839286, 0], [-43.360145, -22.839283, 0], [-43.360152, -22.839182, 0], [-43.360102, -22.839178, 0], [-43.3601, -22.839194, 0], [-43.36009, -22.839193, 0]]]}, "properties": {"address": "165559, 0"}},
{"type": "Feature", "geometry": {"type": "Polygon", "coordinates": [[[-43.36004, -22.839119, 0], [-43.360102, -22.839129, 0], [-43.360105, -22.839101, 0], [-43.360101, -22.8391, 0], [-43.360046, -22.839088, 0], [-43.360045, -22.839092, 0], [-43.36004, -22.839119, 0]]]}, "properties": {"address": "165559, 0"}},
{"type": "Feature", "geometry": {"type": "Polygon", "coordinates": [[[-43.360145, -22.839283, 0], [-43.360194, -22.839286, 0], [-43.360208, -22.839181, 0], [-43.360201, -22.839181, 0], [-43.360152, -22.839176, 0], [-43.360152, -22.839182, 0], [-43.360145, -22.839283, 0]]]}, "properties": {"address": "165559, 0"}},
{"type": "Feature", "geometry": {"type": "Polygon", "coordinates": [[[-43.360094, -22.839181, 0], [-43.360106, -22.83913, 0], [-43.360102, -22.839129, 0], [-43.36004, -22.839119, 0], [-43.360028, -22.839118, 0], [-43.360018, -22.839169, 0], [-43.360094, -22.839181, 0]]]}, "properties": {"address": "165559, 0"}},
{"type": "Feature", "geometry": {"type": "Polygon", "coordinates": [[[-43.359992, -22.839164, 0], [-43.360018, -22.839169, 0], [-43.360028, -22.839118, 0], [-43.36004, -22.839119, 0], [-43.360045, -22.839092, 0], [-43.360011, -22.839086, 0], [-43.360005, -22.839109, 0], [-43.359992, -22.839164, 0]]]}, "properties": {"address": "165559, 0"}},
{"type": "Feature", "geometry": {"type": "Polygon", "coordinates": [[[-43.360005, -22.839109, 0], [-43.360011, -22.839086, 0], [-43.360045, -22.839092, 0], [-43.360046, -22.839088, 0], [-43.360101, -22.8391, 0], [-43.360102, -22.839093, 0], [-43.360083, -22.839089, 0], [-43.359955, -22.839059, 0], [-43.359941, -22.839095, 0], [-43.360005, -22.839109, 0]]]}, "properties": {"address": "165559, 0"}},
{"type": "Feature", "geometry": {"type": "Polygon", "coordinates": [[[-43.360195, -22.839037, 0], [-43.360191, -22.83905, 0], [-43.360184, -22.83905, 0], [-43.360182, -22.839065, 0], [-43.360156, -22.839079, 0], [-43.360146, -22.839078, 0], [-43.360144, -22.839101, 0], [-43.360141, -22.8391, 0], [-43.360141, -22.839103, 0], [-43.36014, -22.839119, 0], [-43.36013, -22.839118, 0], [-43.360127, -22.839141, 0], [-43.360121, -22.83914, 0], [-43.360118, -22.839173, 0], [-43.360152, -22.839176, 0], [-43.360201, -22.839181, 0], [-43.360205, -22.839181, 0], [-43.360221, -22.839027, 0], [-43.360203, -22.839026, 0], [-43.360197, -22.839038, 0], [-43.360195, -22.839037, 0]]]}, "properties": {"address": "165559, 0"}},
{"type": "Feature", "geometry": {"type": "Polygon", "coordinates": [[[-43.359974, -22.839018, 0], [-43.359953, -22.839059, 0], [-43.359955, -22.839059, 0], [-43.360083, -22.839089, 0], [-43.360102, -22.839093, 0], [-43.360112, -22.83905, 0], [-43.360073, -22.839041, 0], [-43.360074, -22.839037, 0], [-43.359988, -22.839008, 0], [-43.359981, -22.839021, 0], [-43.359974, -22.839018, 0]]]}, "properties": {"address": "165559, 0"}},
{"type": "Feature", "geometry": {"type": "Polygon", "coordinates": [[[-43.359801, -22.838894, 0], [-43.360002, -22.838976, 0], [-43.360015, -22.838948, 0], [-43.36003, -22.838916, 0], [-43.359933, -22.83888, 0], [-43.359885, -22.838861, 0], [-43.359823, -22.838838, 0], [-43.359811, -22.838869, 0], [-43.359801, -22.838894, 0]]]}, "properties": {"address": "122640, 0"}},
{"type": "Feature", "geometry": {"type": "Polygon", "coordinates": [[[-43.359823, -22.838838, 0], [-43.359885, -22.838861, 0], [-43.35992, -22.838782, 0], [-43.359854, -22.838762, 0], [-43.359853, -22.838762, 0], [-43.359822, -22.838838, 0], [-43.359823, -22.838838, 0]]]}, "properties": {"address": "122640, 0"}},
{"type": "Feature", "geometry": {"type": "Polygon", "coordinates": [[[-43.359923, -22.838666, 0], [-43.359917, -22.838666, 0], [-43.359906, -22.83867, 0], [-43.359901, -22.838673, 0], [-43.359893, -22.838683, 0], [-43.359854, -22.838762, 0], [-43.35992, -22.838782, 0], [-43.359953, -22.838673, 0], [-43.359923, -22.838666, 0]]]}, "properties": {"address": "122640, 0"}},
{"type": "Feature", "geometry": {"type": "Polygon", "coordinates": [[[-43.359611, -22.839474, 0], [-43.359647, -22.839478, 0], [-43.359667, -22.83939, 0], [-43.359619, -22.839381, 0], [-43.359598, -22.839467, 0], [-43.359611, -22.839474, 0]]]}, "properties": {"address": "122640, 0"}},
{"type": "Feature", "geometry": {"type": "Polygon", "coordinates": [[[-43.359619, -22.839381, 0], [-43.359667, -22.83939, 0], [-43.359746, -22.839406, 0], [-43.359754, -22.839368, 0], [-43.359736, -22.839364, 0], [-43.35963, -22.839343, 0], [-43.359617, -22.839381, 0], [-43.359619, -22.839381, 0]]]}, "properties": {"address": "122640, 0"}},
{"type": "Feature", "geometry": {"type": "Polygon", "coordinates": [[[-43.359808, -22.839379, 0], [-43.359824, -22.839333, 0], [-43.359785, -22.839318, 0], [-43.359751, -22.839313, 0], [-43.359651, -22.839295, 0], [-43.359647, -22.839294, 0], [-43.35963, -22.839343, 0], [-43.359736, -22.839364, 0], [-43.359754, -22.839368, 0], [-43.359774, -22.839372, 0], [-43.359808, -22.839379, 0]]]}, "properties": {"address": "122640, 0"}},
{"type": "Feature", "geometry": {"type": "Polygon", "coordinates": [[[-43.359915, -22.839228, 0], [-43.359903, -22.839267, 0], [-43.359925, -22.839276, 0], [-43.359928, -22.839271, 0], [-43.359977, -22.839274, 0], [-43.359977, -22.839275, 0], [-43.360014, -22.839276, 0], [-43.360019, -22.839237, 0], [-43.360028, -22.839237, 0], [-43.36003, -22.839209, 0], [-43.360032, -22.839186, 0], [-43.359928, -22.839163, 0], [-43.359917, -22.839228, 0], [-43.359915, -22.839228, 0]]]}, "properties": {"address": "122640, 0"}},
{"type": "Feature", "geometry": {"type": "Polygon", "coordinates": [[[-43.359903, -22.839172, 0], [-43.359905, -22.839173, 0], [-43.359866, -22.839253, 0], [-43.359903, -22.839267, 0], [-43.359915, -22.839228, 0], [-43.359917, -22.839228, 0], [-43.359928, -22.839163, 0], [-43.35991, -22.839158, 0], [-43.359903, -22.839172, 0]]]}, "properties": {"address": "122640, 0"}},
{"type": "Feature", "geometry": {"type": "Polygon", "coordinates": [[[-43.359699, -22.839158, 0], [-43.35969, -22.839189, 0], [-43.359682, -22.839215, 0], [-43.359678, -22.839215, 0], [-43.359651, -22.839295, 0], [-43.359751, -22.839313, 0], [-43.359785, -22.839318, 0], [-43.359824, -22.839333, 0], [-43.359866, -22.839253, 0], [-43.359905, -22.839173, 0], [-43.359903, -22.839172, 0], [-43.359907, -22.839164, 0], [-43.359719, -22.839093, 0], [-43.359699, -22.839158, 0]]]}, "properties": {"address": "122640, 0"}},
{"type": "Feature", "geometry": {"type": "Polygon", "coordinates": [[[-43.359913, -22.839151, 0], [-43.359992, -22.839164, 0], [-43.360005, -22.839109, 0], [-43.359941, -22.839095, 0], [-43.359937, -22.839094, 0], [-43.359931, -22.839107, 0], [-43.359913, -22.839151, 0]]]}, "properties": {"address": "122640, 0"}},
{"type": "Feature", "geometry": {"type": "Polygon", "coordinates": [[[-43.359719, -22.839093, 0], [-43.359907, -22.839164, 0], [-43.35991, -22.839158, 0], [-43.359913, -22.839151, 0], [-43.359931, -22.839107, 0], [-43.359738, -22.839032, 0], [-43.359738, -22.839033, 0], [-43.359719, -22.839093, 0]]]}, "properties": {"address": "122640, 0"}},
{"type": "Feature", "geometry": {"type": "Polygon", "coordinates": [[[-43.359931, -22.839107, 0], [-43.359937, -22.839094, 0], [-43.359941, -22.839095, 0], [-43.359955, -22.839059, 0], [-43.359953, -22.839059, 0], [-43.35995, -22.839065, 0], [-43.359759, -22.838985, 0], [-43.359758, -22.838985, 0], [-43.359738, -22.839032, 0], [-43.359931, -22.839107, 0]]]}, "properties": {"address": "122640, 0"}},
{"type": "Feature", "geometry": {"type": "Polygon", "coordinates": [[[-43.35978, -22.838939, 0], [-43.359974, -22.839018, 0], [-43.359981, -22.839021, 0], [-43.359988, -22.839008, 0], [-43.360003, -22.838977, 0], [-43.360002, -22.838976, 0], [-43.359801, -22.838894, 0], [-43.3598, -22.838896, 0], [-43.35978, -22.838939, 0]]]}, "properties": {"address": "122640, 0"}},
{"type": "Feature", "geometry": {"type": "Polygon", "coordinates": [[[-43.357675, -22.840547, 0], [-43.357706, -22.840553, 0], [-43.357754, -22.840333, 0], [-43.357699, -22.840323, 0], [-43.357696, -22.840322, 0], [-43.357668, -22.840316, 0], [-43.357622, -22.840537, 0], [-43.357675, -22.840547, 0]]]}, "properties": {"address": "144361, 672405"}},
{"type": "Feature", "geometry": {"type": "Polygon", "coordinates": [[[-43.358381, -22.840683, 0], [-43.358392, -22.840685, 0], [-43.35844, -22.840467, 0], [-43.35844, -22.840466, 0], [-43.358409, -22.84046, 0], [-43.358405, -22.840459, 0], [-43.358353, -22.840449, 0], [-43.358307, -22.840669, 0], [-43.358381, -22.840683, 0]]]}, "properties": {"address": "144361, 921383"}},
{"type": "Feature", "geometry": {"type": "Polygon", "coordinates": [[[-43.358079, -22.840626, 0], [-43.358104, -22.840631, 0], [-43.358139, -22.840637, 0], [-43.35818, -22.840415, 0], [-43.358094, -22.840399, 0], [-43.358049, -22.84062, 0], [-43.358079, -22.840626, 0]]]}, "properties": {"address": "144361, 746126"}},
{"type": "Feature", "geometry": {"type": "Polygon", "coordinates": [[[-43.358307, -22.840669, 0], [-43.358353, -22.840449, 0], [-43.358332, -22.840445, 0], [-43.358269, -22.840432, 0], [-43.35822, -22.840653, 0], [-43.358307, -22.840669, 0]]]}, "properties": {"address": "144361, 746098"}},
{"type": "Feature", "geometry": {"type": "Polygon", "coordinates": [[[-43.357793, -22.84057, 0], [-43.357838, -22.84035, 0], [-43.357816, -22.840346, 0], [-43.357759, -22.840334, 0], [-43.357754, -22.840333, 0], [-43.357706, -22.840553, 0], [-43.357793, -22.84057, 0]]]}, "properties": {"address": "144361, 69867"}},
{"type": "Feature", "geometry": {"type": "Polygon", "coordinates": [[[-43.362641, -22.838963, 0], [-43.362616, -22.838958, 0], [-43.362615, -22.838958, 0], [-43.362606, -22.838957, 0], [-43.362543, -22.838948, 0], [-43.362525, -22.838954, 0], [-43.362508, -22.838961, 0], [-43.3625, -22.838973, 0], [-43.362496, -22.838983, 0], [-43.362495, -22.838985, 0], [-43.362494, -22.838998, 0], [-43.362491, -22.839027, 0], [-43.36249, -22.839035, 0], [-43.362487, -22.839062, 0], [-43.362484, -22.839095, 0], [-43.362481, -22.839144, 0], [-43.362579, -22.839161, 0], [-43.3626, -22.839165, 0], [-43.362602, -22.839165, 0], [-43.362608, -22.83913, 0], [-43.362612, -22.839104, 0], [-43.362613, -22.8391, 0], [-43.362616, -22.839082, 0], [-43.362619, -22.839067, 0], [-43.362627, -22.839032, 0], [-43.362636, -22.838987, 0], [-43.362641, -22.838963, 0]]]}, "properties": {"address": "122731, 669709"}},
{"type": "Feature", "geometry": {"type": "Polygon", "coordinates": [[[-43.362984, -22.839232, 0], [-43.362985, -22.839233, 0], [-43.363014, -22.839238, 0], [-43.363023, -22.839239, 0], [-43.363028, -22.839212, 0], [-43.363035, -22.839172, 0], [-43.363043, -22.839128, 0], [-43.363055, -22.839061, 0], [-43.36306, -22.839038, 0], [-43.363033, -22.839033, 0], [-43.362984, -22.839024, 0], [-43.362963, -22.83902, 0], [-43.362959, -22.839044, 0], [-43.362947, -22.839117, 0], [-43.36293, -22.839223, 0], [-43.362938, -22.839224, 0], [-43.362975, -22.839231, 0], [-43.362984, -22.839232, 0]]]}, "properties": {"address": "122731, 669705"}},
{"type": "Feature", "geometry": {"type": "Polygon", "coordinates": [[[-43.362897, -22.839136, 0], [-43.362885, -22.839215, 0], [-43.362893, -22.839216, 0], [-43.36293, -22.839223, 0], [-43.362947, -22.839117, 0], [-43.362959, -22.839044, 0], [-43.362963, -22.83902, 0], [-43.362923, -22.839013, 0], [-43.362916, -22.839012, 0], [-43.362902, -22.839101, 0], [-43.362897, -22.839136, 0]]]}, "properties": {"address": "122731, 669706"}},
{"type": "Feature", "geometry": {"type": "Polygon", "coordinates": [[[-43.362848, -22.839129, 0], [-43.362836, -22.839206, 0], [-43.362847, -22.839208, 0], [-43.362885, -22.839215, 0], [-43.362897, -22.839136, 0], [-43.362902, -22.839101, 0], [-43.362916, -22.839012, 0], [-43.362868, -22.839003, 0], [-43.362854, -22.839093, 0], [-43.362848, -22.839129, 0]]]}, "properties": {"address": "122731, 669706"}},
{"type": "Feature", "geometry": {"type": "Polygon", "coordinates": [[[-43.362799, -22.8392, 0], [-43.362836, -22.839206, 0], [-43.362848, -22.839129, 0], [-43.362854, -22.839093, 0], [-43.362868, -22.839003, 0], [-43.36285, -22.839, 0], [-43.36283, -22.838997, 0], [-43.362826, -22.839021, 0], [-43.362809, -22.839112, 0], [-43.362807, -22.839125, 0], [-43.362797, -22.839178, 0], [-43.362793, -22.839199, 0], [-43.362799, -22.8392, 0]]]}, "properties": {"address": "122731, 669707"}},
{"type": "Feature", "geometry": {"type": "Polygon", "coordinates": [[[-43.362743, -22.83919, 0], [-43.36275, -22.839191, 0], [-43.362793, -22.839199, 0], [-43.362797, -22.839178, 0], [-43.362807, -22.839125, 0], [-43.362809, -22.839112, 0], [-43.362826, -22.839021, 0], [-43.36283, -22.838997, 0], [-43.362784, -22.838988, 0], [-43.362779, -22.839012, 0], [-43.362762, -22.839096, 0], [-43.362757, -22.83912, 0], [-43.362751, -22.839149, 0], [-43.362743, -22.83919, 0]]]}, "properties": {"address": "122731, 0"}},
{"type": "Feature", "geometry": {"type": "Polygon", "coordinates": [[[-43.362757, -22.83912, 0], [-43.362762, -22.839096, 0], [-43.362779, -22.839012, 0], [-43.362784, -22.838988, 0], [-43.362735, -22.838979, 0], [-43.36273, -22.839004, 0], [-43.362717, -22.839066, 0], [-43.362717, -22.839068, 0], [-43.362694, -22.839181, 0], [-43.362707, -22.839184, 0], [-43.362743, -22.83919, 0], [-43.362751, -22.839149, 0], [-43.362757, -22.83912, 0]]]}, "properties": {"address": "122731, 0"}},
{"type": "Feature", "geometry": {"type": "Polygon", "coordinates": [[[-43.362732, -22.838994, 0], [-43.362735, -22.838979, 0], [-43.362641, -22.838963, 0], [-43.362636, -22.838987, 0], [-43.362627, -22.839032, 0], [-43.362619, -22.839067, 0], [-43.362616, -22.839082, 0], [-43.362613, -22.8391, 0], [-43.362612, -22.839104, 0], [-43.362608, -22.83913, 0], [-43.362602, -22.839165, 0], [-43.362617, -22.839168, 0], [-43.362657, -22.839175, 0], [-43.36266, -22.839175, 0], [-43.362694, -22.839181, 0], [-43.362717, -22.839068, 0], [-43.362717, -22.839066, 0], [-43.36273, -22.839004, 0], [-43.362732, -22.838994, 0]]]}, "properties": {"address": "122731, 742923"}},
{"type": "Feature", "geometry": {"type": "Polygon", "coordinates": [[[-43.363021, -22.838794, 0], [-43.362985, -22.83878, 0], [-43.36298, -22.838778, 0], [-43.36297, -22.838819, 0], [-43.362961, -22.838858, 0], [-43.362948, -22.838913, 0], [-43.362971, -22.838917, 0], [-43.363035, -22.838929, 0], [-43.363056, -22.838832, 0], [-43.363056, -22.838831, 0], [-43.36306, -22.838809, 0], [-43.363021, -22.838794, 0]]]}, "properties": {"address": "122731, 669693"}},
{"type": "Feature", "geometry": {"type": "Polygon", "coordinates": [[[-43.362901, -22.838805, 0], [-43.362899, -22.838807, 0], [-43.362834, -22.838882, 0], [-43.362832, -22.838884, 0], [-43.36283, -22.838892, 0], [-43.362866, -22.838898, 0], [-43.362935, -22.838911, 0], [-43.362948, -22.838913, 0], [-43.362961, -22.838858, 0], [-43.36297, -22.838819, 0], [-43.36298, -22.838778, 0], [-43.362937, -22.838762, 0], [-43.362905, -22.8388, 0], [-43.362901, -22.838805, 0]]]}, "properties": {"address": "122731, 669694"}},
{"type": "Feature", "geometry": {"type": "Polygon", "coordinates": [[[-43.361363, -22.839259, 0], [-43.361358, -22.839259, 0], [-43.361355, -22.839286, 0], [-43.361439, -22.839293, 0], [-43.361453, -22.839174, 0], [-43.361371, -22.839167, 0], [-43.36137, -22.839175, 0], [-43.361363, -22.839259, 0]]]}, "properties": {"address": "122636, 0"}},
{"type": "Feature", "geometry": {"type": "Polygon", "coordinates": [[[-43.361497, -22.839298, 0], [-43.361499, -22.839284, 0], [-43.361512, -22.839179, 0], [-43.361453, -22.839174, 0], [-43.361439, -22.839293, 0], [-43.361497, -22.839298, 0]]]}, "properties": {"address": "122636, 0"}},
{"type": "Feature", "geometry": {"type": "Polygon", "coordinates": [[[-43.361625, -22.838923, 0], [-43.361714, -22.838927, 0], [-43.361779, -22.838931, 0], [-43.361782, -22.838897, 0], [-43.361784, -22.83888, 0], [-43.361731, -22.838876, 0], [-43.36169, -22.838872, 0], [-43.361625, -22.838867, 0], [-43.361621, -22.838923, 0], [-43.361625, -22.838923, 0]]]}, "properties": {"address": "122641, 0"}},
{"type": "Feature", "geometry": {"type": "Polygon", "coordinates": [[[-43.36129, -22.83912, 0], [-43.361374, -22.839135, 0], [-43.361381, -22.839061, 0], [-43.36131, -22.839046, 0], [-43.36129, -22.83912, 0]]]}, "properties": {"address": "122636, 0"}},
{"type": "Feature", "geometry": {"type": "Polygon", "coordinates": [[[-43.361373, -22.839148, 0], [-43.361371, -22.839167, 0], [-43.361453, -22.839174, 0], [-43.361512, -22.839179, 0], [-43.361515, -22.839155, 0], [-43.361518, -22.839155, 0], [-43.361527, -22.839107, 0], [-43.361501, -22.839101, 0], [-43.361492, -22.839156, 0], [-43.361373, -22.839148, 0]]]}, "properties": {"address": "122636, 0"}},
{"type": "Feature", "geometry": {"type": "Polygon", "coordinates": [[[-43.361373, -22.839148, 0], [-43.361492, -22.839156, 0], [-43.361501, -22.839101, 0], [-43.361503, -22.839087, 0], [-43.361381, -22.839061, 0], [-43.361374, -22.839135, 0], [-43.361373, -22.839148, 0]]]}, "properties": {"address": "122636, 0"}},
{"type": "Feature", "geometry": {"type": "Polygon", "coordinates": [[[-43.361415, -22.838962, 0], [-43.36142, -22.839012, 0], [-43.361459, -22.839021, 0], [-43.361476, -22.839023, 0], [-43.361465, -22.838916, 0], [-43.361461, -22.838878, 0], [-43.361458, -22.838832, 0], [-43.361453, -22.838832, 0], [-43.361401, -22.838828, 0], [-43.36141, -22.838916, 0], [-43.361415, -22.838962, 0]]]}, "properties": {"address": "122636, 0"}},
{"type": "Feature", "geometry": {"type": "Polygon", "coordinates": [[[-43.361374, -22.839001, 0], [-43.36142, -22.839012, 0], [-43.361415, -22.838962, 0], [-43.36141, -22.838916, 0], [-43.361401, -22.838828, 0], [-43.361343, -22.838824, 0], [-43.361363, -22.838917, 0], [-43.361374, -22.839001, 0]]]}, "properties": {"address": "122636, 0"}},
{"type": "Feature", "geometry": {"type": "Polygon", "coordinates": [[[-43.361313, -22.838856, 0], [-43.361311, -22.83887, 0], [-43.361322, -22.838871, 0], [-43.361307, -22.83896, 0], [-43.3613, -22.838959, 0], [-43.361297, -22.838978, 0], [-43.361374, -22.839001, 0], [-43.361363, -22.838917, 0], [-43.361343, -22.838824, 0], [-43.361343, -22.838822, 0], [-43.361313, -22.838819, 0], [-43.361308, -22.838855, 0], [-43.361313, -22.838856, 0]]]}, "properties": {"address": "122636, 0"}},
{"type": "Feature", "geometry": {"type": "Polygon", "coordinates": [[[-43.361697, -22.839084, 0], [-43.361714, -22.838927, 0], [-43.361625, -22.838923, 0], [-43.361618, -22.839062, 0], [-43.361697, -22.839084, 0]]]}, "properties": {"address": "122641, 0"}},
{"type": "Feature", "geometry": {"type": "Polygon", "coordinates": [[[-43.361501, -22.839025, 0], [-43.361532, -22.839028, 0], [-43.361538, -22.839028, 0], [-43.361537, -22.839042, 0], [-43.361573, -22.839044, 0], [-43.361578, -22.838921, 0], [-43.361465, -22.838916, 0], [-43.361476, -22.839023, 0], [-43.361501, -22.839025, 0]]]}, "properties": {"address": "122641, 0"}},
{"type": "Feature", "geometry": {"type": "Polygon", "coordinates": [[[-43.361578, -22.838921, 0], [-43.361579, -22.838884, 0], [-43.361461, -22.838878, 0], [-43.361465, -22.838916, 0], [-43.361578, -22.838921, 0]]]}, "properties": {"address": "122641, 0"}},
{"type": "Feature", "geometry": {"type": "Polygon", "coordinates": [[[-43.361579, -22.838884, 0], [-43.361581, -22.838841, 0], [-43.361458, -22.838832, 0], [-43.361461, -22.838878, 0], [-43.361579, -22.838884, 0]]]}, "properties": {"address": "122641, 0"}},
{"type": "Feature", "geometry": {"type": "Polygon", "coordinates": [[[-43.361457, -22.838762, 0], [-43.361456, -22.83878, 0], [-43.361453, -22.838832, 0], [-43.361458, -22.838832, 0], [-43.361581, -22.838841, 0], [-43.361584, -22.838768, 0], [-43.36158, -22.838768, 0], [-43.361582, -22.838729, 0], [-43.361479, -22.838703, 0], [-43.361452, -22.838701, 0], [-43.361451, -22.838762, 0], [-43.361457, -22.838762, 0]]]}, "properties": {"address": "122641, 0"}},
{"type": "Feature", "geometry": {"type": "Polygon", "coordinates": [[[-43.361761, -22.838727, 0], [-43.361769, -22.838657, 0], [-43.361638, -22.838646, 0], [-43.361636, -22.838646, 0], [-43.361633, -22.838712, 0], [-43.361761, -22.838727, 0]]]}, "properties": {"address": "122641, 0"}},
{"type": "Feature", "geometry": {"type": "Polygon", "coordinates": [[[-43.361769, -22.838657, 0], [-43.361771, -22.838657, 0], [-43.361775, -22.838619, 0], [-43.361728, -22.838595, 0], [-43.361728, -22.838589, 0], [-43.36164, -22.838582, 0], [-43.361638, -22.838646, 0], [-43.361769, -22.838657, 0]]]}, "properties": {"address": "122641, 0"}},
{"type": "Feature", "geometry": {"type": "Polygon", "coordinates": [[[-43.361449, -22.838701, 0], [-43.361452, -22.838701, 0], [-43.361479, -22.838703, 0], [-43.361582, -22.838729, 0], [-43.361587, -22.83873, 0], [-43.361594, -22.838583, 0], [-43.361591, -22.838583, 0], [-43.361545, -22.838582, 0], [-43.36146, -22.838571, 0], [-43.361451, -22.83865, 0], [-43.361449, -22.838701, 0]]]}, "properties": {"address": "122641, 0"}},
{"type": "Feature", "geometry": {"type": "Polygon", "coordinates": [[[-43.361642, -22.838492, 0], [-43.36164, -22.838532, 0], [-43.361739, -22.838535, 0], [-43.361743, -22.838495, 0], [-43.36171, -22.838492, 0], [-43.361642, -22.838492, 0]]]}, "properties": {"address": "122641, 0"}},
{"type": "Feature", "geometry": {"type": "Polygon", "coordinates": [[[-43.359976, -22.84014, 0], [-43.359976, -22.840137, 0], [-43.360003, -22.840034, 0], [-43.359919, -22.840013, 0], [-43.359885, -22.840113, 0], [-43.359976, -22.84014, 0]]]}, "properties": {"address": "120151, 0"}},
{"type": "Feature", "geometry": {"type": "Polygon", "coordinates": [[[-43.359792, -22.840086, 0], [-43.359871, -22.840109, 0], [-43.359909, -22.840009, 0], [-43.359834, -22.839984, 0], [-43.359793, -22.840085, 0], [-43.359792, -22.840086, 0]]]}, "properties": {"address": "120151, 0"}},
{"type": "Feature", "geometry": {"type": "Polygon", "coordinates": [[[-43.359793, -22.840085, 0], [-43.359834, -22.839984, 0], [-43.359769, -22.839962, 0], [-43.359727, -22.840062, 0], [-43.359793, -22.840085, 0]]]}, "properties": {"address": "120151, 0"}},
{"type": "Feature", "geometry": {"type": "Polygon", "coordinates": [[[-43.359619, -22.840034, 0], [-43.359667, -22.840049, 0], [-43.359668, -22.840047, 0], [-43.359726, -22.840064, 0], [-43.359727, -22.840062, 0], [-43.359769, -22.839962, 0], [-43.359663, -22.839923, 0], [-43.359619, -22.840032, 0], [-43.359619, -22.840034, 0]]]}, "properties": {"address": "120151, 0"}},
{"type": "Feature", "geometry": {"type": "Polygon", "coordinates": [[[-43.359884, -22.840351, 0], [-43.359887, -22.840343, 0], [-43.359902, -22.840297, 0], [-43.359919, -22.840242, 0], [-43.359881, -22.840231, 0], [-43.359867, -22.840227, 0], [-43.35983, -22.840341, 0], [-43.359884, -22.840351, 0]]]}, "properties": {"address": "120151, 0"}},
{"type": "Feature", "geometry": {"type": "Polygon", "coordinates": [[[-43.35965, -22.840522, 0], [-43.359637, -22.840561, 0], [-43.359605, -22.840662, 0], [-43.35971, -22.840683, 0], [-43.359711, -22.840684, 0], [-43.359742, -22.840588, 0], [-43.359759, -22.840528, 0], [-43.359768, -22.840499, 0], [-43.359773, -22.840481, 0], [-43.359775, -22.840476, 0], [-43.359808, -22.84039, 0], [-43.359824, -22.840339, 0], [-43.35983, -22.840341, 0], [-43.359867, -22.840227, 0], [-43.359864, -22.840226, 0], [-43.359773, -22.8402, 0], [-43.359762, -22.840198, 0], [-43.35969, -22.840404, 0], [-43.35965, -22.840522, 0]]]}, "properties": {"address": "120151, 0"}},
{"type": "Feature", "geometry": {"type": "Polygon", "coordinates": [[[-43.359515, -22.840005, 0], [-43.359517, -22.84, 0], [-43.359557, -22.839911, 0], [-43.359469, -22.839878, 0], [-43.359443, -22.839984, 0], [-43.359515, -22.840005, 0]]]}, "properties": {"address": "120151, 0"}},
{"type": "Feature", "geometry": {"type": "Polygon", "coordinates": [[[-43.359579, -22.840444, 0], [-43.359562, -22.840487, 0], [-43.359534, -22.840547, 0], [-43.359505, -22.840642, 0], [-43.359605, -22.840662, 0], [-43.359637, -22.840561, 0], [-43.35965, -22.840522, 0], [-43.35969, -22.840404, 0], [-43.359762, -22.840198, 0], [-43.359661, -22.840184, 0], [-43.35966, -22.840183, 0], [-43.359613, -22.840337, 0], [-43.359579, -22.840444, 0]]]}, "properties": {"address": "120151, 0"}},
{"type": "Feature", "geometry": {"type": "Polygon", "coordinates": [[[-43.359492, -22.840385, 0], [-43.35947, -22.840468, 0], [-43.359456, -22.840522, 0], [-43.359428, -22.840627, 0], [-43.359505, -22.840642, 0], [-43.359534, -22.840547, 0], [-43.359562, -22.840487, 0], [-43.359579, -22.840444, 0], [-43.359613, -22.840337, 0], [-43.35966, -22.840183, 0], [-43.35956, -22.840163, 0], [-43.359509, -22.840332, 0], [-43.359492, -22.840385, 0]]]}, "properties": {"address": "120151, 0"}},
{"type": "Feature", "geometry": {"type": "Polygon", "coordinates": [[[-43.359439, -22.840227, 0], [-43.359411, -22.840293, 0], [-43.359398, -22.840336, 0], [-43.359364, -22.840433, 0], [-43.359334, -22.840519, 0], [-43.35931, -22.840603, 0], [-43.359422, -22.840626, 0], [-43.359428, -22.840627, 0], [-43.359456, -22.840522, 0], [-43.35947, -22.840468, 0], [-43.359492, -22.840385, 0], [-43.359509, -22.840332, 0], [-43.35956, -22.840163, 0], [-43.359545, -22.84016, 0], [-43.359476, -22.840139, 0], [-43.359472, -22.840138, 0], [-43.359454, -22.840186, 0], [-43.359439, -22.840227, 0]]]}, "properties": {"address": "120151, 0"}},
{"type": "Feature", "geometry": {"type": "Polygon", "coordinates": [[[-43.359403, -22.840276, 0], [-43.359361, -22.840384, 0], [-43.359339, -22.840439, 0], [-43.359334, -22.840437, 0], [-43.359309, -22.840526, 0], [-43.359291, -22.8406, 0], [-43.35931, -22.840603, 0], [-43.359334, -22.840519, 0], [-43.359364, -22.840433, 0], [-43.359398, -22.840336, 0], [-43.359411, -22.840293, 0], [-43.359439, -22.840227, 0], [-43.359454, -22.840186, 0], [-43.359472, -22.840138, 0], [-43.359458, -22.840133, 0], [-43.359442, -22.84017, 0], [-43.359403, -22.840276, 0]]]}, "properties": {"address": "120151, 0"}},
{"type": "Feature", "geometry": {"type": "Polygon", "coordinates": [[[-43.359289, -22.840199, 0], [-43.359299, -22.840201, 0], [-43.35929, -22.840225, 0], [-43.359272, -22.840269, 0], [-43.359242, -22.840348, 0], [-43.359361, -22.840384, 0], [-43.359403, -22.840276, 0], [-43.359442, -22.84017, 0], [-43.359458, -22.840133, 0], [-43.359336, -22.840095, 0], [-43.359295, -22.840184, 0], [-43.359289, -22.840199, 0]]]}, "properties": {"address": "120151, 0"}},
{"type": "Feature", "geometry": {"type": "Polygon", "coordinates": [[[-43.359557, -22.839911, 0], [-43.359517, -22.84, 0], [-43.359608, -22.840028, 0], [-43.359641, -22.83995, 0], [-43.359681, -22.83987, 0], [-43.359623, -22.839847, 0], [-43.359625, -22.839843, 0], [-43.359594, -22.83983, 0], [-43.359584, -22.839852, 0], [-43.359557, -22.839911, 0]]]}, "properties": {"address": "120151, 0"}},
{"type": "Feature", "geometry": {"type": "Polygon", "coordinates": [[[-43.359557, -22.839911, 0], [-43.359584, -22.839852, 0], [-43.359484, -22.839816, 0], [-43.359469, -22.839878, 0], [-43.359557, -22.839911, 0]]]}, "properties": {"address": "120151, 0"}},
{"type": "Feature", "geometry": {"type": "Polygon", "coordinates": [[[-43.359484, -22.839816, 0], [-43.359584, -22.839852, 0], [-43.359594, -22.83983, 0], [-43.359606, -22.839804, 0], [-43.3595, -22.83976, 0], [-43.359479, -22.839814, 0], [-43.359484, -22.839816, 0]]]}, "properties": {"address": "120151, 0"}},
{"type": "Feature", "geometry": {"type": "Polygon", "coordinates": [[[-43.359606, -22.839804, 0], [-43.359609, -22.839805, 0], [-43.359627, -22.839764, 0], [-43.359508, -22.839715, 0], [-43.359497, -22.839744, 0], [-43.359505, -22.839746, 0], [-43.3595, -22.83976, 0], [-43.359606, -22.839804, 0]]]}, "properties": {"address": "120151, 0"}},
{"type": "Feature", "geometry": {"type": "Polygon", "coordinates": [[[-43.360085, -22.839733, 0], [-43.360086, -22.839726, 0], [-43.359991, -22.839706, 0], [-43.359954, -22.839697, 0], [-43.359931, -22.839691, 0], [-43.359858, -22.839679, 0], [-43.359802, -22.839669, 0], [-43.3597, -22.839651, 0], [-43.359676, -22.839644, 0], [-43.359677, -22.839641, 0], [-43.359606, -22.839618, 0], [-43.359549, -22.839599, 0], [-43.359505, -22.839714, 0], [-43.359508, -22.839715, 0], [-43.359627, -22.839764, 0], [-43.359609, -22.839805, 0], [-43.359606, -22.839804, 0], [-43.359594, -22.83983, 0], [-43.359625, -22.839843, 0], [-43.359623, -22.839847, 0], [-43.359681, -22.83987, 0], [-43.359641, -22.83995, 0], [-43.359608, -22.840028, 0], [-43.359619, -22.840032, 0], [-43.359663, -22.839923, 0], [-43.359769, -22.839962, 0], [-43.359834, -22.839984, 0], [-43.359909, -22.840009, 0], [-43.359871, -22.840109, 0], [-43.359885, -22.840113, 0], [-43.359919, -22.840013, 0], [-43.360003, -22.840034, 0], [-43.359976, -22.840137, 0], [-43.360075, -22.840157, 0], [-43.360126, -22.839969, 0], [-43.36012, -22.839968, 0], [-43.36017, -22.83975, 0], [-43.360085, -22.839733, 0]]]}, "properties": {"address": "120151, 0"}},
{"type": "Feature", "geometry": {"type": "Polygon", "coordinates": [[[-43.359559, -22.83953, 0], [-43.359555, -22.839535, 0], [-43.359532, -22.839594, 0], [-43.359549, -22.839599, 0], [-43.359606, -22.839618, 0], [-43.359618, -22.839585, 0], [-43.359616, -22.839585, 0], [-43.359627, -22.839552, 0], [-43.359633, -22.839524, 0], [-43.35957, -22.839516, 0], [-43.359568, -22.839522, 0], [-43.359559, -22.83953, 0]]]}, "properties": {"address": "120151, 0"}},
{"type": "Feature", "geometry": {"type": "Polygon", "coordinates": [[[-43.36069, -22.839034, 0], [-43.360788, -22.839039, 0], [-43.360799, -22.838987, 0], [-43.360696, -22.838968, 0], [-43.360689, -22.839034, 0], [-43.36069, -22.839034, 0]]]}, "properties": {"address": "200083, 0"}},
{"type": "Feature", "geometry": {"type": "Polygon", "coordinates": [[[-43.361152, -22.83983, 0], [-43.361124, -22.839912, 0], [-43.361167, -22.83992, 0], [-43.361215, -22.839932, 0], [-43.361281, -22.839711, 0], [-43.361237, -22.839698, 0], [-43.361215, -22.839693, 0], [-43.361168, -22.839835, 0], [-43.361152, -22.83983, 0]]]}, "properties": {"address": "122625, 0"}},
{"type": "Feature", "geometry": {"type": "Polygon", "coordinates": [[[-43.360734, -22.838896, 0], [-43.360728, -22.838898, 0], [-43.360723, -22.838901, 0], [-43.360717, -22.838904, 0], [-43.360712, -22.838908, 0], [-43.360708, -22.838912, 0], [-43.360704, -22.838917, 0], [-43.360701, -22.838922, 0], [-43.360696, -22.838968, 0], [-43.360799, -22.838987, 0], [-43.360817, -22.838908, 0], [-43.360767, -22.838897, 0], [-43.360766, -22.838896, 0], [-43.36076, -22.838895, 0], [-43.360753, -22.838894, 0], [-43.36074, -22.838894, 0], [-43.360734, -22.838896, 0]]]}, "properties": {"address": "200083, 0"}},
{"type": "Feature", "geometry": {"type": "Polygon", "coordinates": [[[-43.362106, -22.839999, 0], [-43.362203, -22.840024, 0], [-43.362229, -22.840027, 0], [-43.362233, -22.839939, 0], [-43.36218, -22.839924, 0], [-43.362131, -22.839911, 0], [-43.362129, -22.839917, 0], [-43.362106, -22.839999, 0]]]}, "properties": {"address": "122625, 0"}},
{"type": "Feature", "geometry": {"type": "Polygon", "coordinates": [[[-43.362106, -22.839999, 0], [-43.362129, -22.839917, 0], [-43.362043, -22.839893, 0], [-43.362017, -22.839977, 0], [-43.362106, -22.839999, 0]]]}, "properties": {"address": "122625, 0"}},
{"type": "Feature", "geometry": {"type": "Polygon", "coordinates": [[[-43.36135, -22.83934, 0], [-43.361332, -22.839341, 0], [-43.361333, -22.839432, 0], [-43.361331, -22.839432, 0], [-43.361328, -22.839496, 0], [-43.361329, -22.839649, 0], [-43.361404, -22.839667, 0], [-43.361408, -22.839527, 0], [-43.361445, -22.839527, 0], [-43.361486, -22.839528, 0], [-43.36149, -22.839528, 0], [-43.361487, -22.839383, 0], [-43.361488, -22.839384, 0], [-43.361497, -22.839298, 0], [-43.361439, -22.839293, 0], [-43.361355, -22.839286, 0], [-43.361354, -22.8393, 0], [-43.36135, -22.83934, 0]]]}, "properties": {"address": "122625, 0"}},
{"type": "Feature", "geometry": {"type": "Polygon", "coordinates": [[[-43.362018, -22.839777, 0], [-43.362017, -22.839815, 0], [-43.362031, -22.839817, 0], [-43.362105, -22.839829, 0], [-43.362105, -22.839773, 0], [-43.36203, -22.839776, 0], [-43.362018, -22.839777, 0]]]}, "properties": {"address": "122625, 0"}},
{"type": "Feature", "geometry": {"type": "Polygon", "coordinates": [[[-43.362207, -22.839768, 0], [-43.362105, -22.839773, 0], [-43.362105, -22.839839, 0], [-43.362179, -22.83985, 0], [-43.362184, -22.839849, 0], [-43.362189, -22.839847, 0], [-43.362197, -22.839841, 0], [-43.362201, -22.839837, 0], [-43.362204, -22.839833, 0], [-43.362206, -22.839829, 0], [-43.362207, -22.839768, 0]]]}, "properties": {"address": "122625, 0"}},
{"type": "Feature", "geometry": {"type": "Polygon", "coordinates": [[[-43.36203, -22.839776, 0], [-43.362105, -22.839773, 0], [-43.362207, -22.839768, 0], [-43.362207, -22.839761, 0], [-43.362209, -22.839697, 0], [-43.362031, -22.839711, 0], [-43.36203, -22.839776, 0]]]}, "properties": {"address": "122625, 0"}},
{"type": "Feature", "geometry": {"type": "Polygon", "coordinates": [[[-43.361935, -22.839802, 0], [-43.361936, -22.839802, 0], [-43.362017, -22.839815, 0], [-43.362018, -22.839777, 0], [-43.36203, -22.839776, 0], [-43.362031, -22.839711, 0], [-43.362032, -22.839663, 0], [-43.361957, -22.839672, 0], [-43.361935, -22.839802, 0]]]}, "properties": {"address": "122625, 0"}},
{"type": "Feature", "geometry": {"type": "Polygon", "coordinates": [[[-43.361404, -22.839667, 0], [-43.361445, -22.839677, 0], [-43.361445, -22.839527, 0], [-43.361408, -22.839527, 0], [-43.361404, -22.839667, 0]]]}, "properties": {"address": "122625, 0"}},
{"type": "Feature", "geometry": {"type": "Polygon", "coordinates": [[[-43.361445, -22.839677, 0], [-43.361485, -22.839687, 0], [-43.361486, -22.839528, 0], [-43.361445, -22.839527, 0], [-43.361445, -22.839677, 0]]]}, "properties": {"address": "122625, 0"}},
{"type": "Feature", "geometry": {"type": "Polygon", "coordinates": [[[-43.361363, -22.839964, 0], [-43.361446, -22.839755, 0], [-43.361346, -22.839729, 0], [-43.361286, -22.839949, 0], [-43.361363, -22.839964, 0]]]}, "properties": {"address": "122625, 0"}},
{"type": "Feature", "geometry": {"type": "Polygon", "coordinates": [[[-43.361486, -22.839528, 0], [-43.361485, -22.839687, 0], [-43.361485, -22.839693, 0], [-43.361561, -22.839712, 0], [-43.361564, -22.839589, 0], [-43.361565, -22.839542, 0], [-43.361566, -22.839513, 0], [-43.361563, -22.839513, 0], [-43.36156, -22.839388, 0], [-43.361488, -22.839384, 0], [-43.361487, -22.839383, 0], [-43.36149, -22.839528, 0], [-43.361486, -22.839528, 0]]]}, "properties": {"address": "122625, 0"}},
{"type": "Feature", "geometry": {"type": "Polygon", "coordinates": [[[-43.361976, -22.839944, 0], [-43.361943, -22.840061, 0], [-43.361982, -22.840069, 0], [-43.362017, -22.839977, 0], [-43.362043, -22.839893, 0], [-43.361998, -22.839881, 0], [-43.361977, -22.839944, 0], [-43.361976, -22.839944, 0]]]}, "properties": {"address": "122625, 0"}},
{"type": "Feature", "geometry": {"type": "Polygon", "coordinates": [[[-43.361896, -22.84005, 0], [-43.361943, -22.840061, 0], [-43.361976, -22.839944, 0], [-43.361977, -22.839944, 0], [-43.361998, -22.839881, 0], [-43.361935, -22.839867, 0], [-43.361896, -22.840048, 0], [-43.361896, -22.84005, 0]]]}, "properties": {"address": "122625, 0"}},
{"type": "Feature", "geometry": {"type": "Polygon", "coordinates": [[[-43.361824, -22.839918, 0], [-43.361792, -22.84003, 0], [-43.361854, -22.840041, 0], [-43.361896, -22.840048, 0], [-43.361935, -22.839867, 0], [-43.361908, -22.83986, 0], [-43.361909, -22.839858, 0], [-43.361846, -22.839845, 0], [-43.361827, -22.839919, 0], [-43.361824, -22.839918, 0]]]}, "properties": {"address": "122625, 0"}},
{"type": "Feature", "geometry": {"type": "Polygon", "coordinates": [[[-43.361758, -22.840025, 0], [-43.361791, -22.840033, 0], [-43.361792, -22.84003, 0], [-43.361824, -22.839918, 0], [-43.361827, -22.839919, 0], [-43.361846, -22.839845, 0], [-43.361752, -22.839821, 0], [-43.361694, -22.840002, 0], [-43.361758, -22.840025, 0]]]}, "properties": {"address": "122625, 0"}},
{"type": "Feature", "geometry": {"type": "Polygon", "coordinates": [[[-43.361258, -22.839942, 0], [-43.361286, -22.839949, 0], [-43.361346, -22.839729, 0], [-43.361281, -22.839711, 0], [-43.361215, -22.839932, 0], [-43.361258, -22.839942, 0]]]}, "properties": {"address": "122625, 0"}},
{"type": "Feature", "geometry": {"type": "Polygon", "coordinates": [[[-43.361107, -22.83979, 0], [-43.361096, -22.839834, 0], [-43.361079, -22.839903, 0], [-43.361124, -22.839912, 0], [-43.361152, -22.83983, 0], [-43.361168, -22.839835, 0], [-43.361215, -22.839693, 0], [-43.361188, -22.839687, 0], [-43.361152, -22.839681, 0], [-43.361147, -22.83968, 0], [-43.36112, -22.839794, 0], [-43.361107, -22.83979, 0]]]}, "properties": {"address": "122625, 0"}},
{"type": "Feature", "geometry": {"type": "Polygon", "coordinates": [[[-43.361736, -22.839755, 0], [-43.361753, -22.8396, 0], [-43.361659, -22.839598, 0], [-43.361651, -22.839734, 0], [-43.361736, -22.839755, 0]]]}, "properties": {"address": "122625, 0"}},
{"type": "Feature", "geometry": {"type": "Polygon", "coordinates": [[[-43.361607, -22.839723, 0], [-43.361615, -22.839678, 0], [-43.361627, -22.839679, 0], [-43.361636, -22.839598, 0], [-43.361564, -22.839589, 0], [-43.361561, -22.839712, 0], [-43.361607, -22.839723, 0]]]}, "properties": {"address": "122625, 0"}},
{"type": "Feature", "geometry": {"type": "Polygon", "coordinates": [[[-43.361753, -22.8396, 0], [-43.361736, -22.839755, 0], [-43.361735, -22.839761, 0], [-43.36188, -22.839795, 0], [-43.361885, -22.839772, 0], [-43.361894, -22.839723, 0], [-43.361901, -22.839692, 0], [-43.361898, -22.83968, 0], [-43.361888, -22.839682, 0], [-43.361827, -22.839562, 0], [-43.361754, -22.839595, 0], [-43.361753, -22.8396, 0]]]}, "properties": {"address": "122625, 0"}},
{"type": "Feature", "geometry": {"type": "Polygon", "coordinates": [[[-43.361935, -22.839802, 0], [-43.361957, -22.839672, 0], [-43.362032, -22.839663, 0], [-43.362037, -22.839662, 0], [-43.362038, -22.839578, 0], [-43.362039, -22.83956, 0], [-43.361826, -22.83956, 0], [-43.361827, -22.839562, 0], [-43.361888, -22.839682, 0], [-43.361898, -22.83968, 0], [-43.361901, -22.839692, 0], [-43.361894, -22.839723, 0], [-43.361885, -22.839772, 0], [-43.361881, -22.839795, 0], [-43.361935, -22.839802, 0]]]}, "properties": {"address": "122625, 0"}},
{"type": "Feature", "geometry": {"type": "Polygon", "coordinates": [[[-43.361636, -22.839598, 0], [-43.361642, -22.839549, 0], [-43.361636, -22.839549, 0], [-43.361565, -22.839542, 0], [-43.361564, -22.839589, 0], [-43.361636, -22.839598, 0]]]}, "properties": {"address": "122625, 0"}},
{"type": "Feature", "geometry": {"type": "Polygon", "coordinates": [[[-43.361844, -22.839352, 0], [-43.361883, -22.839197, 0], [-43.361805, -22.839179, 0], [-43.361787, -22.839342, 0], [-43.361844, -22.839352, 0]]]}, "properties": {"address": "122635, 0"}},
{"type": "Feature", "geometry": {"type": "Polygon", "coordinates": [[[-43.361328, -22.839496, 0], [-43.361289, -22.839497, 0], [-43.361275, -22.839585, 0], [-43.361258, -22.839632, 0], [-43.361266, -22.839634, 0], [-43.361329, -22.839649, 0], [-43.361328, -22.839496, 0]]]}, "properties": {"address": "122625, 0"}},
{"type": "Feature", "geometry": {"type": "Polygon", "coordinates": [[[-43.361566, -22.839513, 0], [-43.361565, -22.839542, 0], [-43.361636, -22.839549, 0], [-43.361633, -22.839513, 0], [-43.361636, -22.839513, 0], [-43.361635, -22.839399, 0], [-43.361632, -22.839398, 0], [-43.361632, -22.839393, 0], [-43.36156, -22.839388, 0], [-43.361563, -22.839513, 0], [-43.361566, -22.839513, 0]]]}, "properties": {"address": "122625, 0"}},
{"type": "Feature", "geometry": {"type": "Polygon", "coordinates": [[[-43.361645, -22.839366, 0], [-43.361635, -22.839365, 0], [-43.361632, -22.839393, 0], [-43.361632, -22.839398, 0], [-43.361635, -22.839399, 0], [-43.361636, -22.839513, 0], [-43.361633, -22.839513, 0], [-43.361636, -22.839549, 0], [-43.361642, -22.839549, 0], [-43.361636, -22.839598, 0], [-43.361627, -22.839679, 0], [-43.361615, -22.839678, 0], [-43.361607, -22.839723, 0], [-43.361651, -22.839734, 0], [-43.361659, -22.839598, 0], [-43.361753, -22.8396, 0], [-43.361754, -22.839595, 0], [-43.361827, -22.839562, 0], [-43.361826, -22.83956, 0], [-43.361829, -22.83956, 0], [-43.361792, -22.839463, 0], [-43.361779, -22.839414, 0], [-43.361783, -22.839372, 0], [-43.361668, -22.839361, 0], [-43.361668, -22.839368, 0], [-43.361645, -22.839366, 0]]]}, "properties": {"address": "122625, 0"}},
{"type": "Feature", "geometry": {"type": "Polygon", "coordinates": [[[-43.362102, -22.839264, 0], [-43.362097, -22.839289, 0], [-43.362091, -22.839288, 0], [-43.362083, -22.83933, 0], [-43.362084, -22.83933, 0], [-43.362142, -22.839335, 0], [-43.362151, -22.839259, 0], [-43.362093, -22.839244, 0], [-43.36209, -22.839262, 0], [-43.362102, -22.839264, 0]]]}, "properties": {"address": "122635, 0"}},
{"type": "Feature", "geometry": {"type": "Polygon", "coordinates": [[[-43.362083, -22.83933, 0], [-43.362091, -22.839288, 0], [-43.362097, -22.839289, 0], [-43.362102, -22.839264, 0], [-43.36209, -22.839262, 0], [-43.362093, -22.839244, 0], [-43.362054, -22.839234, 0], [-43.362032, -22.839323, 0], [-43.362083, -22.83933, 0]]]}, "properties": {"address": "122635, 0"}},
{"type": "Feature", "geometry": {"type": "Polygon", "coordinates": [[[-43.361955, -22.839374, 0], [-43.362017, -22.839384, 0], [-43.362032, -22.839323, 0], [-43.362054, -22.839234, 0], [-43.362, -22.83922, 0], [-43.361955, -22.839372, 0], [-43.361955, -22.839374, 0]]]}, "properties": {"address": "122635, 0"}},
{"type": "Feature", "geometry": {"type": "Polygon", "coordinates": [[[-43.3619, -22.839363, 0], [-43.361955, -22.839372, 0], [-43.362, -22.83922, 0], [-43.36194, -22.839205, 0], [-43.361939, -22.83921, 0], [-43.3619, -22.839363, 0]]]}, "properties": {"address": "122635, 0"}},
{"type": "Feature", "geometry": {"type": "Polygon", "coordinates": [[[-43.3619, -22.839363, 0], [-43.361939, -22.83921, 0], [-43.361883, -22.839197, 0], [-43.361844, -22.839352, 0], [-43.3619, -22.839363, 0]]]}, "properties": {"address": "122635, 0"}},
{"type": "Feature", "geometry": {"type": "Polygon", "coordinates": [[[-43.361649, -22.839224, 0], [-43.361657, -22.839257, 0], [-43.361645, -22.839366, 0], [-43.361668, -22.839368, 0], [-43.361668, -22.839361, 0], [-43.361783, -22.839372, 0], [-43.361787, -22.839342, 0], [-43.361805, -22.839179, 0], [-43.36177, -22.839171, 0], [-43.361772, -22.839165, 0], [-43.36177, -22.839165, 0], [-43.361743, -22.839159, 0], [-43.361664, -22.83914, 0], [-43.361653, -22.839203, 0], [-43.361649, -22.839224, 0]]]}, "properties": {"address": "122635, 0"}},
{"type": "Feature", "geometry": {"type": "Polygon", "coordinates": [[[-43.361515, -22.839155, 0], [-43.361512, -22.839179, 0], [-43.361499, -22.839284, 0], [-43.36153, -22.839287, 0], [-43.361532, -22.839271, 0], [-43.361566, -22.839275, 0], [-43.361591, -22.839122, 0], [-43.361527, -22.839107, 0], [-43.361518, -22.839155, 0], [-43.361515, -22.839155, 0]]]}, "properties": {"address": "122635, 0"}},
{"type": "Feature", "geometry": {"type": "Polygon", "coordinates": [[[-43.36208, -22.839125, 0], [-43.362096, -22.839076, 0], [-43.362045, -22.839064, 0], [-43.362014, -22.83916, 0], [-43.362063, -22.839175, 0], [-43.36208, -22.839125, 0]]]}, "properties": {"address": "122635, 0"}},
{"type": "Feature", "geometry": {"type": "Polygon", "coordinates": [[[-43.362014, -22.83916, 0], [-43.362045, -22.839064, 0], [-43.361992, -22.83905, 0], [-43.361965, -22.839146, 0], [-43.362014, -22.83916, 0]]]}, "properties": {"address": "122635, 0"}},
{"type": "Feature", "geometry": {"type": "Polygon", "coordinates": [[[-43.361964, -22.839151, 0], [-43.361965, -22.839146, 0], [-43.361992, -22.83905, 0], [-43.361928, -22.839034, 0], [-43.361926, -22.839034, 0], [-43.361902, -22.839136, 0], [-43.361964, -22.839151, 0]]]}, "properties": {"address": "122635, 0"}},
{"type": "Feature", "geometry": {"type": "Polygon", "coordinates": [[[-43.36176, -22.839101, 0], [-43.361779, -22.838931, 0], [-43.361714, -22.838927, 0], [-43.361697, -22.839084, 0], [-43.36176, -22.839101, 0]]]}, "properties": {"address": "122635, 0"}},
{"type": "Feature", "geometry": {"type": "Polygon", "coordinates": [[[-43.361865, -22.839128, 0], [-43.361898, -22.839135, 0], [-43.361902, -22.839136, 0], [-43.361926, -22.839034, 0], [-43.361928, -22.839034, 0], [-43.361955, -22.838912, 0], [-43.361869, -22.838905, 0], [-43.361827, -22.839119, 0], [-43.361865, -22.839128, 0]]]}, "properties": {"address": "122635, 0"}},
{"type": "Feature", "geometry": {"type": "Polygon", "coordinates": [[[-43.36176, -22.839101, 0], [-43.361826, -22.83912, 0], [-43.361827, -22.839119, 0], [-43.361869, -22.838905, 0], [-43.361869, -22.838904, 0], [-43.361803, -22.838899, 0], [-43.361782, -22.838897, 0], [-43.361779, -22.838931, 0], [-43.36176, -22.839101, 0]]]}, "properties": {"address": "122635, 0"}},
{"type": "Feature", "geometry": {"type": "Polygon", "coordinates": [[[-43.361779, -22.839414, 0], [-43.361792, -22.839463, 0], [-43.362016, -22.839461, 0], [-43.362018, -22.839462, 0], [-43.362033, -22.839386, 0], [-43.362017, -22.839384, 0], [-43.361955, -22.839374, 0], [-43.361955, -22.839372, 0], [-43.3619, -22.839363, 0], [-43.361844, -22.839352, 0], [-43.361787, -22.839342, 0], [-43.361783, -22.839372, 0], [-43.361779, -22.839414, 0]]]}, "properties": {"address": "122635, 0"}},
{"type": "Feature", "geometry": {"type": "Polygon", "coordinates": [[[-43.362033, -22.839386, 0], [-43.362221, -22.83941, 0], [-43.362226, -22.839342, 0], [-43.362142, -22.839335, 0], [-43.362084, -22.83933, 0], [-43.362083, -22.83933, 0], [-43.362032, -22.839323, 0], [-43.362017, -22.839384, 0], [-43.362033, -22.839386, 0]]]}, "properties": {"address": "122635, 0"}},
{"type": "Feature", "geometry": {"type": "Polygon", "coordinates": [[[-43.362226, -22.839342, 0], [-43.362235, -22.839281, 0], [-43.362151, -22.839259, 0], [-43.362142, -22.839335, 0], [-43.362226, -22.839342, 0]]]}, "properties": {"address": "122635, 0"}},
{"type": "Feature", "geometry": {"type": "Polygon", "coordinates": [[[-43.361532, -22.839271, 0], [-43.36153, -22.839287, 0], [-43.361499, -22.839284, 0], [-43.361497, -22.839298, 0], [-43.361488, -22.839384, 0], [-43.36156, -22.839388, 0], [-43.361632, -22.839393, 0], [-43.361635, -22.839365, 0], [-43.361645, -22.839366, 0], [-43.361657, -22.839257, 0], [-43.361649, -22.839224, 0], [-43.361653, -22.839203, 0], [-43.361664, -22.83914, 0], [-43.361629, -22.839131, 0], [-43.361595, -22.839123, 0], [-43.361591, -22.839122, 0], [-43.361566, -22.839275, 0], [-43.361532, -22.839271, 0]]]}, "properties": {"address": "122635, 0"}},
{"type": "Feature", "geometry": {"type": "Polygon", "coordinates": [[[-43.353205, -22.840472, 0], [-43.353204, -22.840486, 0], [-43.353203, -22.840542, 0], [-43.353268, -22.840544, 0], [-43.3533, -22.840544, 0], [-43.353386, -22.840547, 0], [-43.35343, -22.840548, 0], [-43.353462, -22.840549, 0], [-43.353461, -22.840471, 0], [-43.353413, -22.840468, 0], [-43.353308, -22.840463, 0], [-43.353268, -22.840462, 0], [-43.353264, -22.840461, 0], [-43.353255, -22.840461, 0], [-43.353243, -22.84046, 0], [-43.353205, -22.840459, 0], [-43.353205, -22.840472, 0]]]}, "properties": {"address": "143397, 69308"}},
{"type": "Feature", "geometry": {"type": "Polygon", "coordinates": [[[-43.353361, -22.840386, 0], [-43.353209, -22.840379, 0], [-43.353209, -22.84038, 0], [-43.353208, -22.840394, 0], [-43.353207, -22.840399, 0], [-43.353205, -22.840459, 0], [-43.353243, -22.84046, 0], [-43.353255, -22.840461, 0], [-43.353264, -22.840461, 0], [-43.353268, -22.840462, 0], [-43.353308, -22.840463, 0], [-43.353413, -22.840468, 0], [-43.353461, -22.840471, 0], [-43.35346, -22.840442, 0], [-43.35346, -22.840437, 0], [-43.353461, -22.84039, 0], [-43.353387, -22.840387, 0], [-43.353384, -22.840387, 0], [-43.353361, -22.840386, 0]]]}, "properties": {"address": "143397, 69310"}},
{"type": "Feature", "geometry": {"type": "Polygon", "coordinates": [[[-43.35826, -22.839105, 0], [-43.358237, -22.839127, 0], [-43.358208, -22.839167, 0], [-43.358188, -22.839203, 0], [-43.358183, -22.839208, 0], [-43.358163, -22.839239, 0], [-43.358166, -22.839241, 0], [-43.358142, -22.839283, 0], [-43.358076, -22.8394, 0], [-43.358054, -22.839441, 0], [-43.358073, -22.839444, 0], [-43.358153, -22.839457, 0], [-43.35818, -22.839458, 0], [-43.358266, -22.839462, 0], [-43.358266, -22.839458, 0], [-43.358329, -22.839463, 0], [-43.358337, -22.839463, 0], [-43.358354, -22.839467, 0], [-43.358356, -22.839452, 0], [-43.358395, -22.839455, 0], [-43.358452, -22.839458, 0], [-43.358616, -22.839411, 0], [-43.358539, -22.839315, 0], [-43.358515, -22.839285, 0], [-43.358451, -22.839182, 0], [-43.35845, -22.83918, 0], [-43.358433, -22.839148, 0], [-43.358432, -22.839147, 0], [-43.358397, -22.839111, 0], [-43.35837, -22.839084, 0], [-43.35833, -22.839068, 0], [-43.358297, -22.83907, 0], [-43.35826, -22.839105, 0]]]}, "properties": {"address": "122618, 0"}},
{"type": "Feature", "geometry": {"type": "Polygon", "coordinates": [[[-43.358954, -22.83968, 0], [-43.358944, -22.839711, 0], [-43.359106, -22.839759, 0], [-43.35913, -22.839689, 0], [-43.359158, -22.839608, 0], [-43.359179, -22.83955, 0], [-43.359184, -22.839534, 0], [-43.359182, -22.83953, 0], [-43.359178, -22.839527, 0], [-43.359173, -22.839526, 0], [-43.358986, -22.839508, 0], [-43.358954, -22.839679, 0], [-43.358954, -22.83968, 0]]]}, "properties": {"address": "122618, 0"}},
{"type": "Feature", "geometry": {"type": "Polygon", "coordinates": [[[-43.361829, -22.83956, 0], [-43.362039, -22.83956, 0], [-43.36204, -22.8395, 0], [-43.362215, -22.839534, 0], [-43.362216, -22.839507, 0], [-43.362053, -22.839479, 0], [-43.362018, -22.839462, 0], [-43.362016, -22.839461, 0], [-43.361792, -22.839463, 0], [-43.361829, -22.83956, 0]]]}, "properties": {"address": "121905, 0"}},
{"type": "Feature", "geometry": {"type": "Polygon", "coordinates": [[[-43.362053, -22.839479, 0], [-43.362216, -22.839507, 0], [-43.362219, -22.83943, 0], [-43.362221, -22.83941, 0], [-43.362033, -22.839386, 0], [-43.362018, -22.839462, 0], [-43.362053, -22.839479, 0]]]}, "properties": {"address": "121905, 0"}},
{"type": "Feature", "geometry": {"type": "Polygon", "coordinates": [[[-43.362032, -22.839663, 0], [-43.362031, -22.839711, 0], [-43.362209, -22.839697, 0], [-43.362211, -22.839642, 0], [-43.362037, -22.839662, 0], [-43.362032, -22.839663, 0]]]}, "properties": {"address": "121905, 0"}},
{"type": "Feature", "geometry": {"type": "Polygon", "coordinates": [[[-43.362211, -22.839642, 0], [-43.362213, -22.839587, 0], [-43.362038, -22.839578, 0], [-43.362037, -22.839662, 0], [-43.362211, -22.839642, 0]]]}, "properties": {"address": "121905, 0"}},
{"type": "Feature", "geometry": {"type": "Polygon", "coordinates": [[[-43.362448, -22.83972, 0], [-43.362446, -22.839752, 0], [-43.362603, -22.839761, 0], [-43.362608, -22.839734, 0], [-43.362609, -22.839734, 0], [-43.362611, -22.839721, 0], [-43.362618, -22.839687, 0], [-43.362621, -22.839673, 0], [-43.362566, -22.83967, 0], [-43.362561, -22.83967, 0], [-43.362507, -22.839667, 0], [-43.362452, -22.839664, 0], [-43.362449, -22.839718, 0], [-43.362448, -22.83972, 0]]]}, "properties": {"address": "121905, 742955"}},
{"type": "Feature", "geometry": {"type": "Polygon", "coordinates": [[[-43.362038, -22.839578, 0], [-43.362213, -22.839587, 0], [-43.362215, -22.839534, 0], [-43.36204, -22.8395, 0], [-43.362039, -22.83956, 0], [-43.362038, -22.839578, 0]]]}, "properties": {"address": "121905, 0"}},
{"type": "Feature", "geometry": {"type": "Polygon", "coordinates": [[[-43.362507, -22.839667, 0], [-43.362561, -22.83967, 0], [-43.362566, -22.83967, 0], [-43.362621, -22.839673, 0], [-43.362629, -22.839634, 0], [-43.362638, -22.839591, 0], [-43.362605, -22.839589, 0], [-43.362599, -22.839588, 0], [-43.362585, -22.839587, 0], [-43.362493, -22.83958, 0], [-43.362457, -22.839577, 0], [-43.362452, -22.839664, 0], [-43.362507, -22.839667, 0]]]}, "properties": {"address": "121905, 742953"}},
{"type": "Feature", "geometry": {"type": "Polygon", "coordinates": [[[-43.361869, -22.838905, 0], [-43.361955, -22.838912, 0], [-43.362034, -22.83892, 0], [-43.362037, -22.838858, 0], [-43.362039, -22.838813, 0], [-43.362026, -22.838812, 0], [-43.362028, -22.838789, 0], [-43.362018, -22.838789, 0], [-43.361878, -22.838782, 0], [-43.361869, -22.838904, 0], [-43.361869, -22.838905, 0]]]}, "properties": {"address": "0, 0"}},
{"type": "Feature", "geometry": {"type": "Polygon", "coordinates": [[[-43.361869, -22.838904, 0], [-43.361878, -22.838782, 0], [-43.361819, -22.838773, 0], [-43.361803, -22.838899, 0], [-43.361869, -22.838904, 0]]]}, "properties": {"address": "0, 0"}},
{"type": "Feature", "geometry": {"type": "Polygon", "coordinates": [[[-43.361784, -22.83888, 0], [-43.361782, -22.838897, 0], [-43.361803, -22.838899, 0], [-43.361819, -22.838773, 0], [-43.361819, -22.838768, 0], [-43.361743, -22.838761, 0], [-43.361731, -22.838876, 0], [-43.361784, -22.83888, 0]]]}, "properties": {"address": "0, 0"}},
{"type": "Feature", "geometry": {"type": "Polygon", "coordinates": [[[-43.36169, -22.838872, 0], [-43.361731, -22.838876, 0], [-43.361743, -22.838761, 0], [-43.361699, -22.838758, 0], [-43.361694, -22.838816, 0], [-43.36169, -22.838872, 0]]]}, "properties": {"address": "0, 0"}},
{"type": "Feature", "geometry": {"type": "Polygon", "coordinates": [[[-43.36163, -22.838812, 0], [-43.361694, -22.838816, 0], [-43.361699, -22.838758, 0], [-43.361632, -22.838753, 0], [-43.361627, -22.838812, 0], [-43.36163, -22.838812, 0]]]}, "properties": {"address": "0, 0"}},
{"type": "Feature", "geometry": {"type": "Polygon", "coordinates": [[[-43.362139, -22.838931, 0], [-43.362284, -22.83895, 0], [-43.362289, -22.838871, 0], [-43.362037, -22.838858, 0], [-43.362034, -22.83892, 0], [-43.362139, -22.838931, 0]]]}, "properties": {"address": "0, 0"}},
{"type": "Feature", "geometry": {"type": "Polygon", "coordinates": [[[-43.362289, -22.838871, 0], [-43.362292, -22.838829, 0], [-43.362039, -22.838813, 0], [-43.362037, -22.838858, 0], [-43.362289, -22.838871, 0]]]}, "properties": {"address": "0, 0"}},
{"type": "Feature", "geometry": {"type": "Polygon", "coordinates": [[[-43.362028, -22.838789, 0], [-43.362026, -22.838812, 0], [-43.362039, -22.838813, 0], [-43.362292, -22.838829, 0], [-43.362293, -22.8388, 0], [-43.362018, -22.838779, 0], [-43.362018, -22.838789, 0], [-43.362028, -22.838789, 0]]]}, "properties": {"address": "0, 0"}},
{"type": "Feature", "geometry": {"type": "Polygon", "coordinates": [[[-43.362131, -22.83877, 0], [-43.362132, -22.838769, 0], [-43.362185, -22.838773, 0], [-43.362189, -22.838727, 0], [-43.362137, -22.838719, 0], [-43.362137, -22.838716, 0], [-43.362096, -22.838711, 0], [-43.362091, -22.838767, 0], [-43.362131, -22.83877, 0]]]}, "properties": {"address": "0, 0"}},
{"type": "Feature", "geometry": {"type": "Polygon", "coordinates": [[[-43.362041, -22.838765, 0], [-43.36209, -22.838769, 0], [-43.362091, -22.838767, 0], [-43.362096, -22.838711, 0], [-43.362062, -22.838707, 0], [-43.362042, -22.838764, 0], [-43.362041, -22.838765, 0]]]}, "properties": {"address": "0, 0"}},
{"type": "Feature", "geometry": {"type": "Polygon", "coordinates": [[[-43.362096, -22.838711, 0], [-43.362137, -22.838716, 0], [-43.362137, -22.838719, 0], [-43.362189, -22.838727, 0], [-43.362185, -22.838773, 0], [-43.362269, -22.838777, 0], [-43.362269, -22.83876, 0], [-43.362276, -22.838724, 0], [-43.362276, -22.838723, 0], [-43.362099, -22.838626, 0], [-43.362062, -22.838707, 0], [-43.362096, -22.838711, 0]]]}, "properties": {"address": "0, 0"}},
{"type": "Feature", "geometry": {"type": "Polygon", "coordinates": [[[-43.358757, -22.839814, 0], [-43.358757, -22.839818, 0], [-43.358916, -22.839848, 0], [-43.358915, -22.839853, 0], [-43.358921, -22.839854, 0], [-43.359063, -22.839884, 0], [-43.359064, -22.83988, 0], [-43.359094, -22.839793, 0], [-43.359019, -22.839773, 0], [-43.358931, -22.839749, 0], [-43.358822, -22.83972, 0], [-43.358783, -22.839709, 0], [-43.358767, -22.839761, 0], [-43.358757, -22.839814, 0]]]}, "properties": {"address": "0, 0"}},
{"type": "Feature", "geometry": {"type": "Polygon", "coordinates": [[[-43.358835, -22.839532, 0], [-43.358819, -22.839578, 0], [-43.358817, -22.839587, 0], [-43.35881, -22.839625, 0], [-43.358802, -22.839663, 0], [-43.358954, -22.839679, 0], [-43.358986, -22.839508, 0], [-43.358974, -22.839507, 0], [-43.358888, -22.839511, 0], [-43.358835, -22.839532, 0]]]}, "properties": {"address": "0, 0"}},
{"type": "Feature", "geometry": {"type": "Polygon", "coordinates": [[[-43.358766, -22.840015, 0], [-43.358765, -22.840044, 0], [-43.358764, -22.84007, 0], [-43.358764, -22.840077, 0], [-43.358759, -22.84013, 0], [-43.358788, -22.840133, 0], [-43.35882, -22.840135, 0], [-43.358854, -22.840138, 0], [-43.358917, -22.840143, 0], [-43.358973, -22.840147, 0], [-43.359007, -22.840041, 0], [-43.359044, -22.839938, 0], [-43.358914, -22.839908, 0], [-43.358812, -22.83989, 0], [-43.35876, -22.839887, 0], [-43.358764, -22.839934, 0], [-43.358767, -22.83999, 0], [-43.358766, -22.840015, 0]]]}, "properties": {"address": "0, 0"}},
{"type": "Feature", "geometry": {"type": "Polygon", "coordinates": [[[-43.35882, -22.838866, 0], [-43.358813, -22.838877, 0], [-43.3588, -22.838899, 0], [-43.358714, -22.839043, 0], [-43.358765, -22.839119, 0], [-43.358915, -22.839089, 0], [-43.358922, -22.83927, 0], [-43.358958, -22.839461, 0], [-43.359025, -22.83945, 0], [-43.359078, -22.839449, 0], [-43.359168, -22.839448, 0], [-43.359224, -22.839448, 0], [-43.359266, -22.839292, 0], [-43.359336, -22.839093, 0], [-43.359056, -22.839007, 0], [-43.359095, -22.83896, 0], [-43.359013, -22.838861, 0], [-43.358874, -22.838817, 0], [-43.358853, -22.83881, 0], [-43.358832, -22.838845, 0], [-43.35882, -22.838866, 0]]]}, "properties": {"address": "0, 0"}},
{"type": "Feature", "geometry": {"type": "Polygon", "coordinates": [[[-43.3585, -22.838774, 0], [-43.358491, -22.838779, 0], [-43.358414, -22.838776, 0], [-43.358366, -22.838774, 0], [-43.358367, -22.838832, 0], [-43.358379, -22.838909, 0], [-43.358385, -22.838945, 0], [-43.358388, -22.838956, 0], [-43.358372, -22.838968, 0], [-43.358354, -22.838982, 0], [-43.358373, -22.839003, 0], [-43.35838, -22.839, 0], [-43.358463, -22.839106, 0], [-43.358508, -22.839185, 0], [-43.358588, -22.839307, 0], [-43.358629, -22.839361, 0], [-43.358651, -22.839391, 0], [-43.35866, -22.839402, 0], [-43.358719, -22.839443, 0], [-43.358765, -22.839469, 0], [-43.358771, -22.839472, 0], [-43.358777, -22.839473, 0], [-43.358809, -22.839479, 0], [-43.358826, -22.83948, 0], [-43.358905, -22.839469, 0], [-43.358932, -22.839466, 0], [-43.358958, -22.839461, 0], [-43.358922, -22.83927, 0], [-43.358915, -22.839089, 0], [-43.358765, -22.839119, 0], [-43.358714, -22.839043, 0], [-43.358705, -22.839047, 0], [-43.35866, -22.838996, 0], [-43.358651, -22.838977, 0], [-43.358616, -22.838899, 0], [-43.3586, -22.838863, 0], [-43.358523, -22.838762, 0], [-43.358513, -22.838768, 0], [-43.3585, -22.838774, 0]]]}, "properties": {"address": "0, 0"}},
{"type": "Feature", "geometry": {"type": "Polygon", "coordinates": [[[-43.352101, -22.834837, 0], [-43.35208, -22.834829, 0], [-43.35201, -22.834803, 0], [-43.35194, -22.834778, 0], [-43.351918, -22.834828, 0], [-43.351989, -22.834853, 0], [-43.352001, -22.834858, 0], [-43.352062, -22.834881, 0], [-43.352129, -22.834905, 0], [-43.352135, -22.834907, 0], [-43.352204, -22.834932, 0], [-43.352295, -22.834965, 0], [-43.352387, -22.834998, 0], [-43.352419, -22.835009, 0], [-43.352495, -22.835037, 0], [-43.352463, -22.835239, 0], [-43.352462, -22.835241, 0], [-43.352449, -22.835321, 0], [-43.352503, -22.835331, 0], [-43.352531, -22.835182, 0], [-43.352565, -22.835004, 0], [-43.352514, -22.834986, 0], [-43.352543, -22.834921, 0], [-43.352545, -22.834917, 0], [-43.352469, -22.834888, 0], [-43.352448, -22.834943, 0], [-43.352441, -22.834957, 0], [-43.35237, -22.834933, 0], [-43.352282, -22.834903, 0], [-43.352191, -22.834869, 0], [-43.352101, -22.834837, 0]]]}, "properties": {"address": "120674, 0"}},
{"type": "Feature", "geometry": {"type": "Polygon", "coordinates": [[[-43.354605, -22.835764, 0], [-43.354628, -22.835669, 0], [-43.354551, -22.835651, 0], [-43.354529, -22.835747, 0], [-43.354605, -22.835764, 0]]]}, "properties": {"address": "118793, 0"}},
{"type": "Feature", "geometry": {"type": "Polygon", "coordinates": [[[-43.354772, -22.835651, 0], [-43.354846, -22.835697, 0], [-43.354897, -22.835606, 0], [-43.354678, -22.835471, 0], [-43.354651, -22.835577, 0], [-43.354772, -22.835651, 0]]]}, "properties": {"address": "118793, 49648"}},
{"type": "Feature", "geometry": {"type": "Polygon", "coordinates": [[[-43.355069, -22.835835, 0], [-43.355085, -22.83578, 0], [-43.355089, -22.835766, 0], [-43.355089, -22.835752, 0], [-43.355088, -22.835745, 0], [-43.355087, -22.83574, 0], [-43.355086, -22.835734, 0], [-43.355084, -22.835729, 0], [-43.355081, -22.835724, 0], [-43.355077, -22.83572, 0], [-43.355073, -22.835715, 0], [-43.355069, -22.835712, 0], [-43.355067, -22.835711, 0], [-43.354897, -22.835606, 0], [-43.354846, -22.835697, 0], [-43.355069, -22.835835, 0]]]}, "properties": {"address": "118793, 921265"}},
{"type": "Feature", "geometry": {"type": "Polygon", "coordinates": [[[-43.355061, -22.835963, 0], [-43.355064, -22.835963, 0], [-43.355083, -22.835875, 0], [-43.355067, -22.835869, 0], [-43.355012, -22.835835, 0], [-43.354967, -22.835902, 0], [-43.355061, -22.835963, 0]]]}, "properties": {"address": "118793, 669260"}},
{"type": "Feature", "geometry": {"type": "Polygon", "coordinates": [[[-43.354967, -22.835902, 0], [-43.355012, -22.835835, 0], [-43.354833, -22.835725, 0], [-43.354788, -22.835786, 0], [-43.354967, -22.835902, 0]]]}, "properties": {"address": "118793, 0"}},
{"type": "Feature", "geometry": {"type": "Polygon", "coordinates": [[[-43.354833, -22.835725, 0], [-43.355012, -22.835835, 0], [-43.355067, -22.835869, 0], [-43.355069, -22.835835, 0], [-43.354846, -22.835697, 0], [-43.354772, -22.835651, 0], [-43.354754, -22.835676, 0], [-43.354833, -22.835725, 0]]]}, "properties": {"address": "118793, 742307"}},
{"type": "Feature", "geometry": {"type": "Polygon", "coordinates": [[[-43.354788, -22.835786, 0], [-43.354833, -22.835725, 0], [-43.354754, -22.835676, 0], [-43.354711, -22.835736, 0], [-43.354788, -22.835786, 0]]]}, "properties": {"address": "118793, 0"}},
{"type": "Feature", "geometry": {"type": "Polygon", "coordinates": [[[-43.354368, -22.835527, 0], [-43.354358, -22.835567, 0], [-43.354297, -22.835552, 0], [-43.35427, -22.83566, 0], [-43.354329, -22.835673, 0], [-43.354384, -22.835684, 0], [-43.354384, -22.835681, 0], [-43.354456, -22.835401, 0], [-43.354419, -22.835388, 0], [-43.354382, -22.835531, 0], [-43.354368, -22.835527, 0]]]}, "properties": {"address": "118793, 0"}},
{"type": "Feature", "geometry": {"type": "Polygon", "coordinates": [[[-43.35516, -22.836131, 0], [-43.355298, -22.836161, 0], [-43.355512, -22.836207, 0], [-43.355561, -22.836218, 0], [-43.355572, -22.836167, 0], [-43.355579, -22.836141, 0], [-43.355586, -22.83611, 0], [-43.355556, -22.836104, 0], [-43.355385, -22.836067, 0], [-43.355182, -22.836024, 0], [-43.355165, -22.836109, 0], [-43.35516, -22.836131, 0]]]}, "properties": {"address": "118793, 922857"}},
{"type": "Feature", "geometry": {"type": "Polygon", "coordinates": [[[-43.355164, -22.836246, 0], [-43.355193, -22.836252, 0], [-43.355196, -22.836252, 0], [-43.355269, -22.836268, 0], [-43.355331, -22.836281, 0], [-43.355383, -22.836293, 0], [-43.355399, -22.836296, 0], [-43.355399, -22.836295, 0], [-43.355415, -22.836215, 0], [-43.355381, -22.836208, 0], [-43.355324, -22.836195, 0], [-43.355215, -22.836172, 0], [-43.355154, -22.836158, 0], [-43.355137, -22.83624, 0], [-43.355164, -22.836246, 0]]]}, "properties": {"address": "118793, 922856"}},
{"type": "Feature", "geometry": {"type": "Polygon", "coordinates": [[[-43.355215, -22.836172, 0], [-43.355324, -22.836195, 0], [-43.355381, -22.836208, 0], [-43.355415, -22.836215, 0], [-43.355399, -22.836295, 0], [-43.355399, -22.836296, 0], [-43.355428, -22.836302, 0], [-43.355458, -22.836309, 0], [-43.355467, -22.836311, 0], [-43.355469, -22.836311, 0], [-43.355547, -22.836325, 0], [-43.355555, -22.836327, 0], [-43.355604, -22.836335, 0], [-43.355704, -22.836353, 0], [-43.355705, -22.836349, 0], [-43.355726, -22.836353, 0], [-43.355732, -22.836326, 0], [-43.355733, -22.836317, 0], [-43.355746, -22.836258, 0], [-43.355729, -22.836254, 0], [-43.355723, -22.836253, 0], [-43.355682, -22.836244, 0], [-43.355628, -22.836232, 0], [-43.355618, -22.83623, 0], [-43.355561, -22.836218, 0], [-43.355512, -22.836207, 0], [-43.355298, -22.836161, 0], [-43.35516, -22.836131, 0], [-43.355154, -22.836158, 0], [-43.355215, -22.836172, 0]]]}, "properties": {"address": "118793, 0"}},
{"type": "Feature", "geometry": {"type": "Polygon", "coordinates": [[[-43.354498, -22.835707, 0], [-43.354523, -22.835611, 0], [-43.354523, -22.835609, 0], [-43.354538, -22.83555, 0], [-43.354567, -22.835438, 0], [-43.354535, -22.835428, 0], [-43.35452, -22.835423, 0], [-43.354473, -22.835407, 0], [-43.354471, -22.835406, 0], [-43.354456, -22.835401, 0], [-43.354384, -22.835681, 0], [-43.354498, -22.835707, 0]]]}, "properties": {"address": "118793, 921222"}},
{"type": "Feature", "geometry": {"type": "Polygon", "coordinates": [[[-43.354358, -22.835567, 0], [-43.354368, -22.835527, 0], [-43.354382, -22.835531, 0], [-43.354419, -22.835388, 0], [-43.354345, -22.835363, 0], [-43.354297, -22.835552, 0], [-43.354358, -22.835567, 0]]]}, "properties": {"address": "118793, 48481"}},
{"type": "Feature", "geometry": {"type": "Polygon", "coordinates": [[[-43.354523, -22.835609, 0], [-43.354523, -22.835611, 0], [-43.354498, -22.835707, 0], [-43.354479, -22.835784, 0], [-43.354429, -22.835979, 0], [-43.354473, -22.835988, 0], [-43.35452, -22.835785, 0], [-43.354529, -22.835747, 0], [-43.354551, -22.835651, 0], [-43.354628, -22.835669, 0], [-43.354651, -22.835577, 0], [-43.354678, -22.835471, 0], [-43.354567, -22.835438, 0], [-43.354538, -22.83555, 0], [-43.354523, -22.835609, 0]]]}, "properties": {"address": "118793, 51837"}},
{"type": "Feature", "geometry": {"type": "Polygon", "coordinates": [[[-43.354126, -22.835751, 0], [-43.354152, -22.835757, 0], [-43.354225, -22.835772, 0], [-43.354183, -22.835929, 0], [-43.354201, -22.835932, 0], [-43.35427, -22.83566, 0], [-43.354278, -22.835628, 0], [-43.354217, -22.835612, 0], [-43.354258, -22.835458, 0], [-43.354288, -22.835464, 0], [-43.354314, -22.835352, 0], [-43.354236, -22.835326, 0], [-43.354234, -22.835331, 0], [-43.354126, -22.835751, 0]]]}, "properties": {"address": "118793, 48221"}},
{"type": "Feature", "geometry": {"type": "Polygon", "coordinates": [[[-43.354097, -22.835388, 0], [-43.354124, -22.835293, 0], [-43.354131, -22.835272, 0], [-43.354059, -22.835235, 0], [-43.353986, -22.835354, 0], [-43.354097, -22.835388, 0]]]}, "properties": {"address": "118793, 48223"}},
{"type": "Feature", "geometry": {"type": "Polygon", "coordinates": [[[-43.353138, -22.835703, 0], [-43.353188, -22.835716, 0], [-43.353224, -22.835726, 0], [-43.353348, -22.835339, 0], [-43.353167, -22.835225, 0], [-43.353372, -22.834911, 0], [-43.353365, -22.834906, 0], [-43.353241, -22.835084, 0], [-43.3532, -22.835066, 0], [-43.353162, -22.835049, 0], [-43.353136, -22.835037, 0], [-43.353113, -22.835083, 0], [-43.353073, -22.835201, 0], [-43.353067, -22.835237, 0], [-43.353047, -22.835355, 0], [-43.353033, -22.835438, 0], [-43.353058, -22.835441, 0], [-43.35303, -22.835621, 0], [-43.353044, -22.835623, 0], [-43.353034, -22.83569, 0], [-43.35306, -22.835693, 0], [-43.353137, -22.835703, 0], [-43.353138, -22.835703, 0]]]}, "properties": {"address": "118793, 669126"}},
{"type": "Feature", "geometry": {"type": "Polygon", "coordinates": [[[-43.354258, -22.835458, 0], [-43.354217, -22.835612, 0], [-43.354278, -22.835628, 0], [-43.354297, -22.835552, 0], [-43.354345, -22.835363, 0], [-43.354314, -22.835352, 0], [-43.354288, -22.835464, 0], [-43.354258, -22.835458, 0]]]}, "properties": {"address": "118793, 922969"}},
{"type": "Feature", "geometry": {"type": "Polygon", "coordinates": [[[-43.359652, -22.835289, 0], [-43.359655, -22.835305, 0], [-43.359677, -22.835421, 0], [-43.359684, -22.835458, 0], [-43.359687, -22.835455, 0], [-43.359695, -22.835446, 0], [-43.359702, -22.835436, 0], [-43.359708, -22.835425, 0], [-43.359712, -22.835415, 0], [-43.359716, -22.835393, 0], [-43.359717, -22.83539, 0], [-43.359718, -22.835338, 0], [-43.359702, -22.835247, 0], [-43.359646, -22.835257, 0], [-43.359652, -22.835289, 0]]]}, "properties": {"address": "118786, 669223"}},
{"type": "Feature", "geometry": {"type": "Polygon", "coordinates": [[[-43.357714, -22.839329, 0], [-43.35771, -22.839362, 0], [-43.357697, -22.839472, 0], [-43.357877, -22.83949, 0], [-43.357958, -22.839462, 0], [-43.358033, -22.839378, 0], [-43.358075, -22.839303, 0], [-43.357991, -22.83928, 0], [-43.357903, -22.839256, 0], [-43.357901, -22.839255, 0], [-43.357867, -22.839246, 0], [-43.35786, -22.839244, 0], [-43.357852, -22.839242, 0], [-43.357725, -22.839234, 0], [-43.357723, -22.839254, 0], [-43.357714, -22.839329, 0]]]}, "properties": {"address": "0, 0"}},
{"type": "Feature", "geometry": {"type": "Polygon", "coordinates": [[[-43.357384, -22.839302, 0], [-43.357369, -22.839377, 0], [-43.357369, -22.839378, 0], [-43.35736, -22.839422, 0], [-43.357359, -22.83943, 0], [-43.357378, -22.839443, 0], [-43.35738, -22.839443, 0], [-43.357469, -22.839445, 0], [-43.357515, -22.839447, 0], [-43.357575, -22.839448, 0], [-43.357583, -22.839449, 0], [-43.357605, -22.839449, 0], [-43.357668, -22.839465, 0], [-43.357684, -22.839359, 0], [-43.357693, -22.8393, 0], [-43.357703, -22.839233, 0], [-43.357645, -22.839226, 0], [-43.3576, -22.839221, 0], [-43.357598, -22.839221, 0], [-43.357551, -22.839216, 0], [-43.357531, -22.839212, 0], [-43.357497, -22.839205, 0], [-43.357427, -22.839194, 0], [-43.357404, -22.839191, 0], [-43.357392, -22.839262, 0], [-43.357384, -22.839302, 0]]]}, "properties": {"address": "0, 0"}},
{"type": "Feature", "geometry": {"type": "Polygon", "coordinates": [[[-43.354213, -22.838336, 0], [-43.354249, -22.83815, 0], [-43.3541, -22.838123, 0], [-43.35406, -22.838308, 0], [-43.354213, -22.838336, 0]]]}, "properties": {"address": "119287, 311612"}},
{"type": "Feature", "geometry": {"type": "Polygon", "coordinates": [[[-43.362741, -22.837627, 0], [-43.362772, -22.837632, 0], [-43.362859, -22.837648, 0], [-43.36288, -22.837652, 0], [-43.362888, -22.837653, 0], [-43.36294, -22.837662, 0], [-43.362963, -22.837664, 0], [-43.363014, -22.837669, 0], [-43.363017, -22.837669, 0], [-43.363021, -22.83767, 0], [-43.363088, -22.837688, 0], [-43.363103, -22.837692, 0], [-43.363115, -22.837693, 0], [-43.363116, -22.837682, 0], [-43.363083, -22.837679, 0], [-43.363082, -22.837669, 0], [-43.363068, -22.837667, 0], [-43.362967, -22.837653, 0], [-43.362953, -22.837652, 0], [-43.362938, -22.837648, 0], [-43.362842, -22.837628, 0], [-43.362748, -22.837607, 0], [-43.362747, -22.837609, 0], [-43.362741, -22.837627, 0]]]}, "properties": {"address": "121886, 0"}},
{"type": "Feature", "geometry": {"type": "Polygon", "coordinates": [[[-43.357927, -22.835581, 0], [-43.357945, -22.835666, 0], [-43.357968, -22.835772, 0], [-43.358049, -22.835757, 0], [-43.358046, -22.835738, 0], [-43.358034, -22.835677, 0], [-43.358025, -22.835629, 0], [-43.358014, -22.835567, 0], [-43.358005, -22.83552, 0], [-43.357917, -22.835535, 0], [-43.357927, -22.835581, 0]]]}, "properties": {"address": "121798, 742140"}},
{"type": "Feature", "geometry": {"type": "Polygon", "coordinates": [[[-43.357433, -22.835635, 0], [-43.357453, -22.835759, 0], [-43.357457, -22.835769, 0], [-43.357487, -22.835814, 0], [-43.357492, -22.83582, 0], [-43.357498, -22.835825, 0], [-43.357505, -22.83583, 0], [-43.357513, -22.835834, 0], [-43.357521, -22.835837, 0], [-43.357529, -22.835839, 0], [-43.357538, -22.83584, 0], [-43.357546, -22.835841, 0], [-43.357557, -22.835839, 0], [-43.357619, -22.835829, 0], [-43.35762, -22.835828, 0], [-43.35757, -22.835592, 0], [-43.35743, -22.835616, 0], [-43.357433, -22.835635, 0]]]}, "properties": {"address": "118788, 742289"}},
{"type": "Feature", "geometry": {"type": "Polygon", "coordinates": [[[-43.357197, -22.835655, 0], [-43.357201, -22.835671, 0], [-43.357209, -22.835711, 0], [-43.357211, -22.835723, 0], [-43.357216, -22.835746, 0], [-43.357293, -22.835732, 0], [-43.357311, -22.835728, 0], [-43.357326, -22.835725, 0], [-43.35731, -22.835637, 0], [-43.35729, -22.83564, 0], [-43.357197, -22.835655, 0]]]}, "properties": {"address": "118788, 669230"}},
{"type": "Feature", "geometry": {"type": "Polygon", "coordinates": [[[-43.356915, -22.838105, 0], [-43.3569, -22.83811, 0], [-43.356879, -22.838123, 0], [-43.356867, -22.838132, 0], [-43.357016, -22.838311, 0], [-43.35702, -22.838308, 0], [-43.357112, -22.83824, 0], [-43.357004, -22.838122, 0], [-43.356995, -22.838116, 0], [-43.356985, -22.83811, 0], [-43.356971, -22.838105, 0], [-43.356954, -22.838102, 0], [-43.356941, -22.838102, 0], [-43.35693, -22.838103, 0], [-43.356915, -22.838105, 0]]]}, "properties": {"address": "122511, 170208"}},
{"type": "Feature", "geometry": {"type": "Polygon", "coordinates": [[[-43.355203, -22.835916, 0], [-43.355182, -22.836024, 0], [-43.355385, -22.836067, 0], [-43.355556, -22.836104, 0], [-43.355616, -22.836116, 0], [-43.35577, -22.836149, 0], [-43.355785, -22.836075, 0], [-43.355806, -22.835977, 0], [-43.355823, -22.8359, 0], [-43.355536, -22.835833, 0], [-43.355535, -22.835832, 0], [-43.355486, -22.83582, 0], [-43.35541, -22.8358, 0], [-43.355373, -22.835791, 0], [-43.355336, -22.835781, 0], [-43.355257, -22.835761, 0], [-43.355229, -22.835897, 0], [-43.355203, -22.835916, 0]]]}, "properties": {"address": "119279, 391933"}},
{"type": "Feature", "geometry": {"type": "Polygon", "coordinates": [[[-43.355572, -22.836167, 0], [-43.355561, -22.836218, 0], [-43.355618, -22.83623, 0], [-43.355628, -22.836232, 0], [-43.355682, -22.836244, 0], [-43.355723, -22.836253, 0], [-43.355729, -22.836254, 0], [-43.355746, -22.836258, 0], [-43.35577, -22.836149, 0], [-43.355616, -22.836116, 0], [-43.355586, -22.83611, 0], [-43.355579, -22.836141, 0], [-43.355572, -22.836167, 0]]]}, "properties": {"address": "119279, 742331"}},
{"type": "Feature", "geometry": {"type": "Polygon", "coordinates": [[[-43.355806, -22.835977, 0], [-43.355785, -22.836075, 0], [-43.35577, -22.836149, 0], [-43.355827, -22.836137, 0], [-43.355828, -22.836135, 0], [-43.355951, -22.836115, 0], [-43.355946, -22.83609, 0], [-43.355925, -22.835982, 0], [-43.355918, -22.835945, 0], [-43.355917, -22.83594, 0], [-43.355907, -22.835887, 0], [-43.355823, -22.8359, 0], [-43.355806, -22.835977, 0]]]}, "properties": {"address": "119279, 742286"}},
{"type": "Feature", "geometry": {"type": "Polygon", "coordinates": [[[-43.355917, -22.83594, 0], [-43.355918, -22.835945, 0], [-43.355925, -22.835982, 0], [-43.355946, -22.83609, 0], [-43.355951, -22.836115, 0], [-43.356037, -22.8361, 0], [-43.356033, -22.836077, 0], [-43.356023, -22.836027, 0], [-43.356016, -22.835986, 0], [-43.356009, -22.83595, 0], [-43.356005, -22.835932, 0], [-43.355994, -22.835873, 0], [-43.355907, -22.835887, 0], [-43.355917, -22.83594, 0]]]}, "properties": {"address": "119279, 742257"}},
{"type": "Feature", "geometry": {"type": "Polygon", "coordinates": [[[-43.356005, -22.835932, 0], [-43.356009, -22.83595, 0], [-43.356016, -22.835986, 0], [-43.356023, -22.836027, 0], [-43.356033, -22.836077, 0], [-43.356037, -22.8361, 0], [-43.356079, -22.836093, 0], [-43.356065, -22.836019, 0], [-43.356057, -22.835979, 0], [-43.35605, -22.835942, 0], [-43.356035, -22.835866, 0], [-43.355994, -22.835873, 0], [-43.356005, -22.835932, 0]]]}, "properties": {"address": "119279, 669236"}},
{"type": "Feature", "geometry": {"type": "Polygon", "coordinates": [[[-43.355789, -22.836251, 0], [-43.355746, -22.836258, 0], [-43.355733, -22.836317, 0], [-43.355732, -22.836326, 0], [-43.355794, -22.836338, 0], [-43.355797, -22.836338, 0], [-43.355807, -22.83634, 0], [-43.355945, -22.836365, 0], [-43.355972, -22.83637, 0], [-43.355987, -22.836299, 0], [-43.355986, -22.836291, 0], [-43.355984, -22.836282, 0], [-43.355974, -22.836268, 0], [-43.355962, -22.836258, 0], [-43.355949, -22.836249, 0], [-43.355935, -22.836242, 0], [-43.355921, -22.836236, 0], [-43.355914, -22.836234, 0], [-43.355908, -22.836233, 0], [-43.355895, -22.836233, 0], [-43.355789, -22.836251, 0]]]}, "properties": {"address": "119279, 168380"}},
{"type": "Feature", "geometry": {"type": "Polygon", "coordinates": [[[-43.354967, -22.835902, 0], [-43.354788, -22.835786, 0], [-43.354711, -22.835736, 0], [-43.354754, -22.835676, 0], [-43.354772, -22.835651, 0], [-43.354651, -22.835577, 0], [-43.354628, -22.835669, 0], [-43.354605, -22.835764, 0], [-43.354595, -22.835801, 0], [-43.354545, -22.836002, 0], [-43.354958, -22.836087, 0], [-43.35501, -22.836094, 0], [-43.355016, -22.836088, 0], [-43.35503, -22.836063, 0], [-43.355037, -22.836043, 0], [-43.355059, -22.835962, 0], [-43.354967, -22.835902, 0]]]}, "properties": {"address": "119282, 742292"}},
{"type": "Feature", "geometry": {"type": "Polygon", "coordinates": [[[-43.353976, -22.836469, 0], [-43.353979, -22.836455, 0], [-43.354019, -22.836463, 0], [-43.354081, -22.836173, 0], [-43.35405, -22.836167, 0], [-43.354075, -22.836028, 0], [-43.354059, -22.836025, 0], [-43.354011, -22.836015, 0], [-43.353955, -22.836004, 0], [-43.353861, -22.836448, 0], [-43.353976, -22.836469, 0]]]}, "properties": {"address": "119282, 400711"}},
{"type": "Feature", "geometry": {"type": "Polygon", "coordinates": [[[-43.354861, -22.836274, 0], [-43.354879, -22.836185, 0], [-43.354821, -22.836173, 0], [-43.35482, -22.836172, 0], [-43.354751, -22.836158, 0], [-43.35472, -22.836152, 0], [-43.354685, -22.836145, 0], [-43.354539, -22.836118, 0], [-43.354518, -22.836206, 0], [-43.354861, -22.836274, 0]]]}, "properties": {"address": "119282, 48147"}},
{"type": "Feature", "geometry": {"type": "Polygon", "coordinates": [[[-43.35437, -22.836286, 0], [-43.354366, -22.836302, 0], [-43.354348, -22.836386, 0], [-43.354317, -22.83653, 0], [-43.354315, -22.836539, 0], [-43.354439, -22.836564, 0], [-43.354446, -22.836532, 0], [-43.354492, -22.836314, 0], [-43.354493, -22.836309, 0], [-43.354518, -22.836206, 0], [-43.354539, -22.836118, 0], [-43.354415, -22.836095, 0], [-43.354412, -22.836094, 0], [-43.35437, -22.836286, 0]]]}, "properties": {"address": "119282, 742306"}},
{"type": "Feature", "geometry": {"type": "Polygon", "coordinates": [[[-43.353861, -22.836448, 0], [-43.353955, -22.836004, 0], [-43.353844, -22.835982, 0], [-43.353748, -22.836427, 0], [-43.353861, -22.836448, 0]]]}, "properties": {"address": "119282, 669067"}},
{"type": "Feature", "geometry": {"type": "Polygon", "coordinates": [[[-43.354348, -22.836386, 0], [-43.354366, -22.836302, 0], [-43.35437, -22.836286, 0], [-43.354412, -22.836094, 0], [-43.354319, -22.836076, 0], [-43.354249, -22.836365, 0], [-43.354348, -22.836386, 0]]]}, "properties": {"address": "119282, 49494"}},
{"type": "Feature", "geometry": {"type": "Polygon", "coordinates": [[[-43.35421, -22.836508, 0], [-43.354317, -22.83653, 0], [-43.354348, -22.836386, 0], [-43.354249, -22.836365, 0], [-43.354227, -22.836457, 0], [-43.35421, -22.836508, 0]]]}, "properties": {"address": "119282, 0"}},
{"type": "Feature", "geometry": {"type": "Polygon", "coordinates": [[[-43.354545, -22.836002, 0], [-43.354595, -22.835801, 0], [-43.35452, -22.835785, 0], [-43.354473, -22.835988, 0], [-43.354545, -22.836002, 0]]]}, "properties": {"address": "119282, 669259"}},
{"type": "Feature", "geometry": {"type": "Polygon", "coordinates": [[[-43.354595, -22.835801, 0], [-43.354605, -22.835764, 0], [-43.354529, -22.835747, 0], [-43.35452, -22.835785, 0], [-43.354595, -22.835801, 0]]]}, "properties": {"address": "119282, 0"}},
{"type": "Feature", "geometry": {"type": "Polygon", "coordinates": [[[-43.354429, -22.835979, 0], [-43.354479, -22.835784, 0], [-43.354446, -22.835776, 0], [-43.354395, -22.835765, 0], [-43.354365, -22.835758, 0], [-43.354314, -22.835955, 0], [-43.354429, -22.835979, 0]]]}, "properties": {"address": "119282, 669258"}},
{"type": "Feature", "geometry": {"type": "Polygon", "coordinates": [[[-43.354314, -22.835955, 0], [-43.354365, -22.835758, 0], [-43.354384, -22.835684, 0], [-43.354329, -22.835673, 0], [-43.35427, -22.83566, 0], [-43.354201, -22.835932, 0], [-43.354314, -22.835955, 0]]]}, "properties": {"address": "119282, 742305"}},
{"type": "Feature", "geometry": {"type": "Polygon", "coordinates": [[[-43.354183, -22.835929, 0], [-43.354225, -22.835772, 0], [-43.354152, -22.835757, 0], [-43.354126, -22.835751, 0], [-43.354085, -22.835909, 0], [-43.354183, -22.835929, 0]]]}, "properties": {"address": "119282, 48088"}},
{"type": "Feature", "geometry": {"type": "Polygon", "coordinates": [[[-43.354365, -22.835758, 0], [-43.354395, -22.835765, 0], [-43.354446, -22.835776, 0], [-43.354479, -22.835784, 0], [-43.354498, -22.835707, 0], [-43.354384, -22.835681, 0], [-43.354384, -22.835684, 0], [-43.354365, -22.835758, 0]]]}, "properties": {"address": "119282, 0"}},
{"type": "Feature", "geometry": {"type": "Polygon", "coordinates": [[[-43.354073, -22.835472, 0], [-43.354047, -22.83556, 0], [-43.354046, -22.835564, 0], [-43.354032, -22.83563, 0], [-43.354012, -22.835722, 0], [-43.353995, -22.8358, 0], [-43.353977, -22.835887, 0], [-43.354085, -22.835909, 0], [-43.354126, -22.835751, 0], [-43.354234, -22.835331, 0], [-43.354124, -22.835293, 0], [-43.354097, -22.835388, 0], [-43.354073, -22.835472, 0]]]}, "properties": {"address": "119282, 742062"}},
{"type": "Feature", "geometry": {"type": "Polygon", "coordinates": [[[-43.35421, -22.836508, 0], [-43.354227, -22.836457, 0], [-43.354249, -22.836365, 0], [-43.354319, -22.836076, 0], [-43.354282, -22.836069, 0], [-43.354185, -22.836049, 0], [-43.354088, -22.836484, 0], [-43.35421, -22.836508, 0]]]}, "properties": {"address": "119282, 669251"}},
{"type": "Feature", "geometry": {"type": "Polygon", "coordinates": [[[-43.362666, -22.837032, 0], [-43.362618, -22.837092, 0], [-43.36266, -22.837121, 0], [-43.362703, -22.83715, 0], [-43.362748, -22.83705, 0], [-43.362731, -22.837038, 0], [-43.362735, -22.837034, 0], [-43.36269, -22.837002, 0], [-43.362678, -22.837018, 0], [-43.362666, -22.837032, 0]]]}, "properties": {"address": "121883, 0"}},
{"type": "Feature", "geometry": {"type": "Polygon", "coordinates": [[[-43.357659, -22.835576, 0], [-43.357662, -22.83559, 0], [-43.357662, -22.835592, 0], [-43.357673, -22.835647, 0], [-43.357689, -22.835732, 0], [-43.357697, -22.835777, 0], [-43.357699, -22.835784, 0], [-43.357705, -22.835815, 0], [-43.357789, -22.835801, 0], [-43.357761, -22.835641, 0], [-43.357747, -22.835575, 0], [-43.357745, -22.835563, 0], [-43.357705, -22.835569, 0], [-43.357659, -22.835576, 0]]]}, "properties": {"address": "121798, 742259"}},
{"type": "Feature", "geometry": {"type": "Polygon", "coordinates": [[[-43.356635, -22.838118, 0], [-43.356625, -22.838169, 0], [-43.356693, -22.838119, 0], [-43.356758, -22.838072, 0], [-43.35665, -22.838045, 0], [-43.356639, -22.8381, 0], [-43.356635, -22.838118, 0]]]}, "properties": {"address": "120678, 0"}},
{"type": "Feature", "geometry": {"type": "Polygon", "coordinates": [[[-43.357601, -22.835586, 0], [-43.35757, -22.835592, 0], [-43.35762, -22.835828, 0], [-43.357621, -22.835828, 0], [-43.357705, -22.835815, 0], [-43.357699, -22.835784, 0], [-43.357697, -22.835777, 0], [-43.357689, -22.835732, 0], [-43.357673, -22.835647, 0], [-43.357662, -22.835592, 0], [-43.357662, -22.83559, 0], [-43.357659, -22.835576, 0], [-43.35762, -22.835583, 0], [-43.357601, -22.835586, 0]]]}, "properties": {"address": "121798, 742258"}},
{"type": "Feature", "geometry": {"type": "Polygon", "coordinates": [[[-43.362764, -22.837546, 0], [-43.362765, -22.837547, 0], [-43.362748, -22.837607, 0], [-43.362842, -22.837628, 0], [-43.362938, -22.837648, 0], [-43.362953, -22.837652, 0], [-43.362967, -22.837653, 0], [-43.362971, -22.837624, 0], [-43.362977, -22.837574, 0], [-43.362979, -22.837562, 0], [-43.362981, -22.837544, 0], [-43.362963, -22.837543, 0], [-43.362941, -22.837541, 0], [-43.362939, -22.837541, 0], [-43.362933, -22.83754, 0], [-43.362866, -22.837532, 0], [-43.362838, -22.837529, 0], [-43.362832, -22.837528, 0], [-43.362813, -22.837526, 0], [-43.36277, -22.837521, 0], [-43.362769, -22.837521, 0], [-43.362743, -22.837518, 0], [-43.362736, -22.837542, 0], [-43.362764, -22.837546, 0]]]}, "properties": {"address": "121886, 0"}},
{"type": "Feature", "geometry": {"type": "Polygon", "coordinates": [[[-43.357208, -22.838345, 0], [-43.357247, -22.838316, 0], [-43.357256, -22.838309, 0], [-43.357233, -22.838281, 0], [-43.357163, -22.838203, 0], [-43.357116, -22.838237, 0], [-43.357208, -22.838345, 0]]]}, "properties": {"address": "122511, 0"}},
{"type": "Feature", "geometry": {"type": "Polygon", "coordinates": [[[-43.357835, -22.835563, 0], [-43.357835, -22.835564, 0], [-43.357848, -22.835629, 0], [-43.357849, -22.835639, 0], [-43.357863, -22.835711, 0], [-43.357873, -22.835761, 0], [-43.357877, -22.835783, 0], [-43.357877, -22.835787, 0], [-43.357965, -22.835772, 0], [-43.357968, -22.835772, 0], [-43.357945, -22.835666, 0], [-43.357927, -22.835581, 0], [-43.357917, -22.835535, 0], [-43.357832, -22.835548, 0], [-43.357835, -22.835563, 0]]]}, "properties": {"address": "121798, 340097"}},
{"type": "Feature", "geometry": {"type": "Polygon", "coordinates": [[[-43.357747, -22.835575, 0], [-43.357761, -22.835641, 0], [-43.357789, -22.835801, 0], [-43.357877, -22.835787, 0], [-43.357877, -22.835783, 0], [-43.357873, -22.835761, 0], [-43.357863, -22.835711, 0], [-43.357849, -22.835639, 0], [-43.357848, -22.835629, 0], [-43.357835, -22.835564, 0], [-43.357835, -22.835563, 0], [-43.357832, -22.835548, 0], [-43.357745, -22.835563, 0], [-43.357747, -22.835575, 0]]]}, "properties": {"address": "121798, 48950"}},
{"type": "Feature", "geometry": {"type": "Polygon", "coordinates": [[[-43.359514, -22.838005, 0], [-43.359523, -22.838008, 0], [-43.359698, -22.838064, 0], [-43.359721, -22.838072, 0], [-43.359723, -22.838072, 0], [-43.359741, -22.838029, 0], [-43.359755, -22.837995, 0], [-43.359787, -22.83792, 0], [-43.359804, -22.837868, 0], [-43.359825, -22.837798, 0], [-43.359777, -22.837779, 0], [-43.359651, -22.837726, 0], [-43.359647, -22.837737, 0], [-43.359593, -22.837715, 0], [-43.359545, -22.837696, 0], [-43.359472, -22.837669, 0], [-43.35947, -22.837673, 0], [-43.359451, -22.837667, 0], [-43.359429, -22.83766, 0], [-43.359416, -22.837687, 0], [-43.359398, -22.837725, 0], [-43.359369, -22.837713, 0], [-43.359356, -22.837708, 0], [-43.359335, -22.837771, 0], [-43.359295, -22.837898, 0], [-43.359373, -22.837942, 0], [-43.359385, -22.837948, 0], [-43.359408, -22.837958, 0], [-43.359436, -22.837971, 0], [-43.359479, -22.83799, 0], [-43.359514, -22.838005, 0]]]}, "properties": {"address": "309390, 0"}},
{"type": "Feature", "geometry": {"type": "Polygon", "coordinates": [[[-43.357559, -22.835952, 0], [-43.357557, -22.835953, 0], [-43.35754, -22.83596, 0], [-43.357524, -22.835969, 0], [-43.357508, -22.83598, 0], [-43.357494, -22.835992, 0], [-43.357487, -22.836, 0], [-43.357482, -22.836005, 0], [-43.357471, -22.836019, 0], [-43.357462, -22.836034, 0], [-43.35756, -22.836053, 0], [-43.357579, -22.835952, 0], [-43.35758, -22.835946, 0], [-43.357574, -22.835947, 0], [-43.357559, -22.835952, 0]]]}, "properties": {"address": "121798, 742319"}},
{"type": "Feature", "geometry": {"type": "Polygon", "coordinates": [[[-43.356949, -22.83836, 0], [-43.356909, -22.838389, 0], [-43.356971, -22.838463, 0], [-43.356972, -22.838464, 0], [-43.356978, -22.838463, 0], [-43.357004, -22.838444, 0], [-43.357015, -22.838437, 0], [-43.357064, -22.838401, 0], [-43.357085, -22.838385, 0], [-43.35702, -22.838308, 0], [-43.357016, -22.838311, 0], [-43.356949, -22.83836, 0]]]}, "properties": {"address": "122511, 0"}},
{"type": "Feature", "geometry": {"type": "Polygon", "coordinates": [[[-43.35758, -22.835946, 0], [-43.357579, -22.835952, 0], [-43.35756, -22.836053, 0], [-43.357645, -22.836069, 0], [-43.357697, -22.836079, 0], [-43.357697, -22.836078, 0], [-43.357702, -22.836054, 0], [-43.357714, -22.835999, 0], [-43.357723, -22.835958, 0], [-43.357731, -22.835922, 0], [-43.3577, -22.835927, 0], [-43.35758, -22.835946, 0]]]}, "properties": {"address": "121798, 0"}},
{"type": "Feature", "geometry": {"type": "Polygon", "coordinates": [[[-43.35702, -22.838308, 0], [-43.357085, -22.838385, 0], [-43.357095, -22.838396, 0], [-43.357119, -22.838424, 0], [-43.357155, -22.838398, 0], [-43.357151, -22.838393, 0], [-43.357188, -22.838365, 0], [-43.357185, -22.838362, 0], [-43.357208, -22.838345, 0], [-43.357116, -22.838237, 0], [-43.357112, -22.83824, 0], [-43.35702, -22.838308, 0]]]}, "properties": {"address": "122511, 0"}},
{"type": "Feature", "geometry": {"type": "Polygon", "coordinates": [[[-43.356695, -22.837843, 0], [-43.356692, -22.837856, 0], [-43.356687, -22.83788, 0], [-43.356686, -22.837885, 0], [-43.356683, -22.837897, 0], [-43.356797, -22.837919, 0], [-43.356816, -22.837923, 0], [-43.356884, -22.837936, 0], [-43.35691, -22.837941, 0], [-43.356923, -22.83793, 0], [-43.356944, -22.837846, 0], [-43.356909, -22.837839, 0], [-43.356906, -22.837838, 0], [-43.356805, -22.837819, 0], [-43.356705, -22.837801, 0], [-43.356695, -22.837843, 0]]]}, "properties": {"address": "120678, 742230"}},
{"type": "Feature", "geometry": {"type": "Polygon", "coordinates": [[[-43.356378, -22.838159, 0], [-43.356377, -22.838171, 0], [-43.356377, -22.838182, 0], [-43.35638, -22.838194, 0], [-43.356384, -22.838205, 0], [-43.35639, -22.838215, 0], [-43.356397, -22.838224, 0], [-43.356405, -22.838232, 0], [-43.35645, -22.838252, 0], [-43.356453, -22.838253, 0], [-43.356461, -22.838255, 0], [-43.356468, -22.838256, 0], [-43.356487, -22.838256, 0], [-43.356503, -22.838252, 0], [-43.356519, -22.838246, 0], [-43.356583, -22.838199, 0], [-43.356625, -22.838169, 0], [-43.356635, -22.838118, 0], [-43.356555, -22.838103, 0], [-43.356546, -22.838101, 0], [-43.356397, -22.838073, 0], [-43.356381, -22.838149, 0], [-43.356378, -22.838159, 0]]]}, "properties": {"address": "120678, 672428"}},
{"type": "Feature", "geometry": {"type": "Polygon", "coordinates": [[[-43.356675, -22.8383, 0], [-43.356744, -22.838381, 0], [-43.356812, -22.83846, 0], [-43.356838, -22.838441, 0], [-43.35688, -22.83841, 0], [-43.35673, -22.838231, 0], [-43.356661, -22.838282, 0], [-43.356675, -22.8383, 0]]]}, "properties": {"address": "120678, 746136"}},
{"type": "Feature", "geometry": {"type": "Polygon", "coordinates": [[[-43.356591, -22.838333, 0], [-43.356744, -22.83851, 0], [-43.356812, -22.83846, 0], [-43.356744, -22.838381, 0], [-43.356675, -22.8383, 0], [-43.356661, -22.838282, 0], [-43.356655, -22.838287, 0], [-43.356591, -22.838333, 0]]]}, "properties": {"address": "120678, 746141"}},
{"type": "Feature", "geometry": {"type": "Polygon", "coordinates": [[[-43.356604, -22.838612, 0], [-43.356674, -22.838561, 0], [-43.356522, -22.838382, 0], [-43.356453, -22.838432, 0], [-43.356604, -22.838612, 0]]]}, "properties": {"address": "120678, 746146"}},
{"type": "Feature", "geometry": {"type": "Polygon", "coordinates": [[[-43.356382, -22.838483, 0], [-43.356535, -22.838662, 0], [-43.356604, -22.838612, 0], [-43.356453, -22.838432, 0], [-43.356399, -22.838471, 0], [-43.356382, -22.838483, 0]]]}, "properties": {"address": "120678, 170207"}},
{"type": "Feature", "geometry": {"type": "Polygon", "coordinates": [[[-43.356651, -22.838039, 0], [-43.35665, -22.838044, 0], [-43.35665, -22.838045, 0], [-43.356758, -22.838072, 0], [-43.356796, -22.83804, 0], [-43.35691, -22.837941, 0], [-43.356884, -22.837936, 0], [-43.356816, -22.837923, 0], [-43.356797, -22.837919, 0], [-43.356683, -22.837897, 0], [-43.356669, -22.837958, 0], [-43.356651, -22.838039, 0]]]}, "properties": {"address": "120678, 172029"}},
{"type": "Feature", "geometry": {"type": "Polygon", "coordinates": [[[-43.356674, -22.838561, 0], [-43.356744, -22.83851, 0], [-43.356591, -22.838333, 0], [-43.356522, -22.838382, 0], [-43.356674, -22.838561, 0]]]}, "properties": {"address": "120678, 746147"}},
{"type": "Feature", "geometry": {"type": "Polygon", "coordinates": [[[-43.356797, -22.838181, 0], [-43.356949, -22.83836, 0], [-43.357016, -22.838311, 0], [-43.356867, -22.838132, 0], [-43.356828, -22.838159, 0], [-43.356797, -22.838181, 0]]]}, "properties": {"address": "120678, 746088"}},
{"type": "Feature", "geometry": {"type": "Polygon", "coordinates": [[[-43.35688, -22.83841, 0], [-43.356909, -22.838389, 0], [-43.356949, -22.83836, 0], [-43.356797, -22.838181, 0], [-43.35673, -22.838231, 0], [-43.35688, -22.83841, 0]]]}, "properties": {"address": "120678, 307944"}},
{"type": "Feature", "geometry": {"type": "Polygon", "coordinates": [[[-43.354675, -22.837068, 0], [-43.354712, -22.836909, 0], [-43.354621, -22.836889, 0], [-43.354573, -22.837047, 0], [-43.354675, -22.837068, 0]]]}, "properties": {"address": "121613, 742205"}},
{"type": "Feature", "geometry": {"type": "Polygon", "coordinates": [[[-43.360289, -22.838255, 0], [-43.360275, -22.838312, 0], [-43.360424, -22.838345, 0], [-43.36044, -22.838286, 0], [-43.360284, -22.83824, 0], [-43.360279, -22.838253, 0], [-43.360289, -22.838255, 0]]]}, "properties": {"address": "122644, 0"}},
{"type": "Feature", "geometry": {"type": "Polygon", "coordinates": [[[-43.36044, -22.838286, 0], [-43.36045, -22.838248, 0], [-43.3603, -22.838204, 0], [-43.360297, -22.838203, 0], [-43.360284, -22.83824, 0], [-43.36044, -22.838286, 0]]]}, "properties": {"address": "122644, 0"}},
{"type": "Feature", "geometry": {"type": "Polygon", "coordinates": [[[-43.354969, -22.836409, 0], [-43.354988, -22.836316, 0], [-43.354749, -22.83627, 0], [-43.354729, -22.836361, 0], [-43.354969, -22.836409, 0]]]}, "properties": {"address": "121806, 742207"}},
{"type": "Feature", "geometry": {"type": "Polygon", "coordinates": [[[-43.360405, -22.837305, 0], [-43.360395, -22.837345, 0], [-43.360398, -22.837346, 0], [-43.360392, -22.837371, 0], [-43.360413, -22.837379, 0], [-43.360421, -22.837353, 0], [-43.360439, -22.837296, 0], [-43.360445, -22.837278, 0], [-43.360413, -22.837274, 0], [-43.360407, -22.837305, 0], [-43.360405, -22.837305, 0]]]}, "properties": {"address": "122629, 0"}},
{"type": "Feature", "geometry": {"type": "Polygon", "coordinates": [[[-43.354951, -22.837088, 0], [-43.355019, -22.837101, 0], [-43.355094, -22.837116, 0], [-43.355125, -22.837123, 0], [-43.355128, -22.837111, 0], [-43.355042, -22.837094, 0], [-43.354954, -22.837076, 0], [-43.354951, -22.837086, 0], [-43.354951, -22.837088, 0]]]}, "properties": {"address": "121806, 0"}},
{"type": "Feature", "geometry": {"type": "Polygon", "coordinates": [[[-43.355128, -22.837111, 0], [-43.355125, -22.837123, 0], [-43.355148, -22.837127, 0], [-43.355147, -22.83713, 0], [-43.355172, -22.837134, 0], [-43.355218, -22.837143, 0], [-43.355223, -22.837144, 0], [-43.355238, -22.837082, 0], [-43.355241, -22.837066, 0], [-43.355146, -22.837047, 0], [-43.355147, -22.83704, 0], [-43.355144, -22.83704, 0], [-43.355137, -22.837073, 0], [-43.355128, -22.837111, 0]]]}, "properties": {"address": "121806, 0"}},
{"type": "Feature", "geometry": {"type": "Polygon", "coordinates": [[[-43.355042, -22.837094, 0], [-43.355128, -22.837111, 0], [-43.355137, -22.837073, 0], [-43.355144, -22.83704, 0], [-43.355078, -22.837027, 0], [-43.355001, -22.837011, 0], [-43.354969, -22.837005, 0], [-43.354954, -22.837076, 0], [-43.355042, -22.837094, 0]]]}, "properties": {"address": "121806, 742310"}},
{"type": "Feature", "geometry": {"type": "Polygon", "coordinates": [[[-43.355001, -22.837011, 0], [-43.355078, -22.837027, 0], [-43.355144, -22.83704, 0], [-43.355147, -22.83704, 0], [-43.355146, -22.837047, 0], [-43.355241, -22.837066, 0], [-43.355238, -22.837082, 0], [-43.355223, -22.837144, 0], [-43.355272, -22.837153, 0], [-43.355276, -22.837153, 0], [-43.355467, -22.837188, 0], [-43.355541, -22.837202, 0], [-43.355558, -22.837126, 0], [-43.355559, -22.837122, 0], [-43.355563, -22.837104, 0], [-43.355529, -22.837098, 0], [-43.355507, -22.837093, 0], [-43.35519, -22.837027, 0], [-43.354974, -22.836982, 0], [-43.354969, -22.837005, 0], [-43.355001, -22.837011, 0]]]}, "properties": {"address": "121806, 0"}},
{"type": "Feature", "geometry": {"type": "Polygon", "coordinates": [[[-43.355015, -22.836921, 0], [-43.355187, -22.836955, 0], [-43.355237, -22.836966, 0], [-43.355249, -22.836968, 0], [-43.355273, -22.836973, 0], [-43.355394, -22.836997, 0], [-43.355474, -22.837013, 0], [-43.355476, -22.837014, 0], [-43.355552, -22.837029, 0], [-43.355578, -22.837035, 0], [-43.355587, -22.836995, 0], [-43.355483, -22.836974, 0], [-43.355403, -22.836958, 0], [-43.355245, -22.836926, 0], [-43.355007, -22.836878, 0], [-43.354997, -22.836876, 0], [-43.354988, -22.836915, 0], [-43.355015, -22.836921, 0]]]}, "properties": {"address": "121806, 348440"}},
{"type": "Feature", "geometry": {"type": "Polygon", "coordinates": [[[-43.355166, -22.837022, 0], [-43.355507, -22.837093, 0], [-43.355529, -22.837098, 0], [-43.355563, -22.837104, 0], [-43.35557, -22.837071, 0], [-43.35557, -22.83707, 0], [-43.355575, -22.837048, 0], [-43.355576, -22.837045, 0], [-43.355578, -22.837035, 0], [-43.355552, -22.837029, 0], [-43.355476, -22.837014, 0], [-43.355474, -22.837013, 0], [-43.355394, -22.836997, 0], [-43.355273, -22.836973, 0], [-43.355249, -22.836968, 0], [-43.355237, -22.836966, 0], [-43.355187, -22.836955, 0], [-43.355173, -22.837002, 0], [-43.355166, -22.837022, 0]]]}, "properties": {"address": "121806, 0"}},
{"type": "Feature", "geometry": {"type": "Polygon", "coordinates": [[[-43.354974, -22.836982, 0], [-43.355166, -22.837022, 0], [-43.355173, -22.837002, 0], [-43.355187, -22.836955, 0], [-43.355015, -22.836921, 0], [-43.354988, -22.836915, 0], [-43.354985, -22.83693, 0], [-43.354974, -22.836982, 0]]]}, "properties": {"address": "121806, 48345"}},
{"type": "Feature", "geometry": {"type": "Polygon", "coordinates": [[[-43.35504, -22.836665, 0], [-43.355151, -22.836687, 0], [-43.355234, -22.836703, 0], [-43.355298, -22.836716, 0], [-43.355312, -22.836719, 0], [-43.355413, -22.836739, 0], [-43.355422, -22.836701, 0], [-43.355426, -22.836685, 0], [-43.355433, -22.836655, 0], [-43.355434, -22.83665, 0], [-43.355329, -22.836628, 0], [-43.355281, -22.836618, 0], [-43.35506, -22.836571, 0], [-43.35504, -22.836663, 0], [-43.35504, -22.836665, 0]]]}, "properties": {"address": "121806, 742294"}},
{"type": "Feature", "geometry": {"type": "Polygon", "coordinates": [[[-43.355019, -22.836769, 0], [-43.355468, -22.836862, 0], [-43.355509, -22.83687, 0], [-43.355584, -22.836886, 0], [-43.35561, -22.836891, 0], [-43.355611, -22.836888, 0], [-43.355613, -22.836878, 0], [-43.355629, -22.836806, 0], [-43.35563, -22.836805, 0], [-43.355634, -22.836784, 0], [-43.355614, -22.83678, 0], [-43.355576, -22.836772, 0], [-43.355567, -22.83677, 0], [-43.355475, -22.836752, 0], [-43.355435, -22.836744, 0], [-43.355413, -22.836739, 0], [-43.355312, -22.836719, 0], [-43.355298, -22.836716, 0], [-43.355234, -22.836703, 0], [-43.355151, -22.836687, 0], [-43.35504, -22.836665, 0], [-43.355028, -22.836721, 0], [-43.355019, -22.836769, 0]]]}, "properties": {"address": "121806, 742142"}},
{"type": "Feature", "geometry": {"type": "Polygon", "coordinates": [[[-43.355007, -22.836878, 0], [-43.355245, -22.836926, 0], [-43.355403, -22.836958, 0], [-43.355483, -22.836974, 0], [-43.355587, -22.836995, 0], [-43.355593, -22.836965, 0], [-43.355598, -22.836945, 0], [-43.35561, -22.836891, 0], [-43.355584, -22.836886, 0], [-43.355509, -22.83687, 0], [-43.355468, -22.836862, 0], [-43.355019, -22.836769, 0], [-43.354997, -22.836876, 0], [-43.355007, -22.836878, 0]]]}, "properties": {"address": "121806, 742172"}},
{"type": "Feature", "geometry": {"type": "Polygon", "coordinates": [[[-43.355281, -22.836618, 0], [-43.355329, -22.836628, 0], [-43.355434, -22.83665, 0], [-43.355438, -22.836633, 0], [-43.355427, -22.836631, 0], [-43.355377, -22.836621, 0], [-43.355321, -22.83661, 0], [-43.355315, -22.836608, 0], [-43.355279, -22.836601, 0], [-43.355225, -22.83659, 0], [-43.355152, -22.836576, 0], [-43.355095, -22.836564, 0], [-43.355063, -22.836558, 0], [-43.35506, -22.836571, 0], [-43.355281, -22.836618, 0]]]}, "properties": {"address": "121806, 0"}},
{"type": "Feature", "geometry": {"type": "Polygon", "coordinates": [[[-43.355095, -22.836564, 0], [-43.355152, -22.836576, 0], [-43.355225, -22.83659, 0], [-43.355279, -22.836601, 0], [-43.355315, -22.836608, 0], [-43.355337, -22.836516, 0], [-43.355301, -22.836509, 0], [-43.355264, -22.836502, 0], [-43.355252, -22.836499, 0], [-43.355253, -22.836495, 0], [-43.355084, -22.836461, 0], [-43.355063, -22.836558, 0], [-43.355095, -22.836564, 0]]]}, "properties": {"address": "121806, 669267"}},
{"type": "Feature", "geometry": {"type": "Polygon", "coordinates": [[[-43.355353, -22.836484, 0], [-43.355195, -22.836453, 0], [-43.355191, -22.836472, 0], [-43.355511, -22.836539, 0], [-43.355542, -22.836545, 0], [-43.355607, -22.836559, 0], [-43.35568, -22.836574, 0], [-43.355681, -22.836567, 0], [-43.355683, -22.836556, 0], [-43.355698, -22.836486, 0], [-43.355702, -22.836466, 0], [-43.35568, -22.836462, 0], [-43.355513, -22.836428, 0], [-43.355494, -22.836512, 0], [-43.355353, -22.836484, 0]]]}, "properties": {"address": "121806, 0"}},
{"type": "Feature", "geometry": {"type": "Polygon", "coordinates": [[[-43.355253, -22.836495, 0], [-43.355252, -22.836499, 0], [-43.355264, -22.836502, 0], [-43.355301, -22.836509, 0], [-43.355337, -22.836516, 0], [-43.355315, -22.836608, 0], [-43.355321, -22.83661, 0], [-43.355377, -22.836621, 0], [-43.355427, -22.836631, 0], [-43.355438, -22.836633, 0], [-43.355439, -22.836633, 0], [-43.355466, -22.836554, 0], [-43.355502, -22.836553, 0], [-43.355508, -22.836553, 0], [-43.355511, -22.836539, 0], [-43.355191, -22.836472, 0], [-43.355152, -22.836464, 0], [-43.355086, -22.83645, 0], [-43.355084, -22.836461, 0], [-43.355253, -22.836495, 0]]]}, "properties": {"address": "121806, 0"}},
{"type": "Feature", "geometry": {"type": "Polygon", "coordinates": [[[-43.354384, -22.836837, 0], [-43.354504, -22.836864, 0], [-43.354621, -22.836889, 0], [-43.354712, -22.836909, 0], [-43.35485, -22.83694, 0], [-43.354873, -22.836833, 0], [-43.354876, -22.83682, 0], [-43.354405, -22.836724, 0], [-43.354403, -22.836731, 0], [-43.354384, -22.836837, 0]]]}, "properties": {"address": "121806, 742188"}},
{"type": "Feature", "geometry": {"type": "Polygon", "coordinates": [[[-43.354425, -22.836631, 0], [-43.354408, -22.836707, 0], [-43.354405, -22.836724, 0], [-43.354876, -22.83682, 0], [-43.354919, -22.836619, 0], [-43.35492, -22.836618, 0], [-43.354446, -22.836532, 0], [-43.354439, -22.836564, 0], [-43.354425, -22.836631, 0]]]}, "properties": {"address": "121806, 669245"}},
{"type": "Feature", "geometry": {"type": "Polygon", "coordinates": [[[-43.35492, -22.836618, 0], [-43.354945, -22.83651, 0], [-43.354469, -22.836423, 0], [-43.354446, -22.836532, 0], [-43.35492, -22.836618, 0]]]}, "properties": {"address": "121806, 742309"}},
{"type": "Feature", "geometry": {"type": "Polygon", "coordinates": [[[-43.355171, -22.836339, 0], [-43.355378, -22.836385, 0], [-43.355403, -22.83639, 0], [-43.355428, -22.836302, 0], [-43.355399, -22.836296, 0], [-43.355383, -22.836293, 0], [-43.355375, -22.836322, 0], [-43.355358, -22.836318, 0], [-43.355337, -22.836314, 0], [-43.355262, -22.836298, 0], [-43.355186, -22.836282, 0], [-43.355157, -22.836276, 0], [-43.35513, -22.83627, 0], [-43.355116, -22.836326, 0], [-43.355171, -22.836339, 0]]]}, "properties": {"address": "121806, 742302"}},
{"type": "Feature", "geometry": {"type": "Polygon", "coordinates": [[[-43.355157, -22.836276, 0], [-43.355186, -22.836282, 0], [-43.355262, -22.836298, 0], [-43.355337, -22.836314, 0], [-43.355358, -22.836318, 0], [-43.355375, -22.836322, 0], [-43.355383, -22.836293, 0], [-43.355331, -22.836281, 0], [-43.355269, -22.836268, 0], [-43.355196, -22.836252, 0], [-43.355193, -22.836252, 0], [-43.355164, -22.836246, 0], [-43.355137, -22.83624, 0], [-43.35513, -22.83627, 0], [-43.355157, -22.836276, 0]]]}, "properties": {"address": "121806, 0"}},
{"type": "Feature", "geometry": {"type": "Polygon", "coordinates": [[[-43.355378, -22.836385, 0], [-43.355171, -22.836339, 0], [-43.355116, -22.836326, 0], [-43.355111, -22.836348, 0], [-43.355339, -22.836393, 0], [-43.355379, -22.836401, 0], [-43.355455, -22.836416, 0], [-43.355492, -22.836424, 0], [-43.355513, -22.836428, 0], [-43.35568, -22.836462, 0], [-43.355702, -22.836466, 0], [-43.355715, -22.836406, 0], [-43.355715, -22.836405, 0], [-43.355726, -22.836353, 0], [-43.355705, -22.836349, 0], [-43.355704, -22.836353, 0], [-43.355604, -22.836335, 0], [-43.355555, -22.836327, 0], [-43.355547, -22.836325, 0], [-43.355469, -22.836311, 0], [-43.355467, -22.836311, 0], [-43.355458, -22.836309, 0], [-43.355428, -22.836302, 0], [-43.355403, -22.83639, 0], [-43.355378, -22.836385, 0]]]}, "properties": {"address": "121806, 669264"}},
{"type": "Feature", "geometry": {"type": "Polygon", "coordinates": [[[-43.354991, -22.8363, 0], [-43.355007, -22.836222, 0], [-43.355008, -22.836219, 0], [-43.355008, -22.836216, 0], [-43.355007, -22.836214, 0], [-43.355006, -22.836213, 0], [-43.354914, -22.836193, 0], [-43.354879, -22.836185, 0], [-43.354861, -22.836274, 0], [-43.354991, -22.8363, 0]]]}, "properties": {"address": "121806, 669254"}},
{"type": "Feature", "geometry": {"type": "Polygon", "coordinates": [[[-43.355086, -22.83645, 0], [-43.355152, -22.836464, 0], [-43.355191, -22.836472, 0], [-43.355195, -22.836453, 0], [-43.355353, -22.836484, 0], [-43.355494, -22.836512, 0], [-43.355513, -22.836428, 0], [-43.355492, -22.836424, 0], [-43.355455, -22.836416, 0], [-43.355379, -22.836401, 0], [-43.355339, -22.836393, 0], [-43.355111, -22.836348, 0], [-43.355086, -22.836449, 0], [-43.355086, -22.83645, 0]]]}, "properties": {"address": "121806, 922855"}},
{"type": "Feature", "geometry": {"type": "Polygon", "coordinates": [[[-43.354492, -22.836314, 0], [-43.354729, -22.836361, 0], [-43.354749, -22.83627, 0], [-43.354988, -22.836316, 0], [-43.354991, -22.8363, 0], [-43.354861, -22.836274, 0], [-43.354518, -22.836206, 0], [-43.354493, -22.836309, 0], [-43.354492, -22.836314, 0]]]}, "properties": {"address": "121806, 742206"}},
{"type": "Feature", "geometry": {"type": "Polygon", "coordinates": [[[-43.354945, -22.83651, 0], [-43.354965, -22.836427, 0], [-43.354969, -22.836409, 0], [-43.354729, -22.836361, 0], [-43.354492, -22.836314, 0], [-43.354469, -22.836423, 0], [-43.354945, -22.83651, 0]]]}, "properties": {"address": "121806, 669217"}},
{"type": "Feature", "geometry": {"type": "Polygon", "coordinates": [[[-43.357444, -22.837239, 0], [-43.357437, -22.837274, 0], [-43.357469, -22.837281, 0], [-43.357521, -22.837291, 0], [-43.357556, -22.837297, 0], [-43.357578, -22.837301, 0], [-43.357675, -22.83732, 0], [-43.357693, -22.837239, 0], [-43.357694, -22.837238, 0], [-43.35757, -22.837215, 0], [-43.357544, -22.83721, 0], [-43.357494, -22.837201, 0], [-43.357454, -22.837194, 0], [-43.357448, -22.837222, 0], [-43.357444, -22.837239, 0]]]}, "properties": {"address": "119280, 742318"}},
{"type": "Feature", "geometry": {"type": "Polygon", "coordinates": [[[-43.357855, -22.837045, 0], [-43.357909, -22.837054, 0], [-43.357919, -22.837056, 0], [-43.357998, -22.83707, 0], [-43.358028, -22.837076, 0], [-43.358055, -22.837081, 0], [-43.358076, -22.837084, 0], [-43.358094, -22.837088, 0], [-43.358098, -22.837065, 0], [-43.358109, -22.837014, 0], [-43.35811, -22.837008, 0], [-43.358017, -22.836991, 0], [-43.35795, -22.836978, 0], [-43.357871, -22.836964, 0], [-43.357855, -22.837043, 0], [-43.357855, -22.837045, 0]]]}, "properties": {"address": "119280, 742219"}},
{"type": "Feature", "geometry": {"type": "Polygon", "coordinates": [[[-43.357559, -22.836965, 0], [-43.357564, -22.836966, 0], [-43.357605, -22.836974, 0], [-43.35773, -22.836996, 0], [-43.357735, -22.836997, 0], [-43.357745, -22.836998, 0], [-43.357757, -22.83694, 0], [-43.357762, -22.836919, 0], [-43.357749, -22.836916, 0], [-43.357747, -22.836916, 0], [-43.357695, -22.836907, 0], [-43.357648, -22.836898, 0], [-43.35762, -22.836894, 0], [-43.357598, -22.83689, 0], [-43.357523, -22.836876, 0], [-43.357506, -22.836956, 0], [-43.357559, -22.836965, 0]]]}, "properties": {"address": "119280, 52306"}},
{"type": "Feature", "geometry": {"type": "Polygon", "coordinates": [[[-43.35754, -22.836794, 0], [-43.357532, -22.836833, 0], [-43.357531, -22.836835, 0], [-43.357655, -22.836858, 0], [-43.357657, -22.836859, 0], [-43.357697, -22.836866, 0], [-43.357703, -22.836867, 0], [-43.357757, -22.836877, 0], [-43.357771, -22.83688, 0], [-43.357779, -22.83684, 0], [-43.357779, -22.836839, 0], [-43.357705, -22.836825, 0], [-43.357665, -22.836817, 0], [-43.35754, -22.836794, 0]]]}, "properties": {"address": "119280, 52307"}},
{"type": "Feature", "geometry": {"type": "Polygon", "coordinates": [[[-43.357876, -22.836939, 0], [-43.357871, -22.836964, 0], [-43.35795, -22.836978, 0], [-43.358017, -22.836991, 0], [-43.35811, -22.837008, 0], [-43.358127, -22.836929, 0], [-43.358078, -22.83692, 0], [-43.357917, -22.836889, 0], [-43.357888, -22.836884, 0], [-43.357876, -22.836938, 0], [-43.357876, -22.836939, 0]]]}, "properties": {"address": "119280, 742317"}},
{"type": "Feature", "geometry": {"type": "Polygon", "coordinates": [[[-43.357502, -22.836976, 0], [-43.35749, -22.837035, 0], [-43.357524, -22.837041, 0], [-43.357564, -22.837048, 0], [-43.357597, -22.837054, 0], [-43.357607, -22.837055, 0], [-43.357687, -22.83707, 0], [-43.3577, -22.837072, 0], [-43.357728, -22.837077, 0], [-43.357744, -22.837001, 0], [-43.357745, -22.836998, 0], [-43.357735, -22.836997, 0], [-43.35773, -22.836996, 0], [-43.357605, -22.836974, 0], [-43.357564, -22.836966, 0], [-43.357559, -22.836965, 0], [-43.357506, -22.836956, 0], [-43.357506, -22.836958, 0], [-43.357502, -22.836976, 0]]]}, "properties": {"address": "119280, 742168"}},
{"type": "Feature", "geometry": {"type": "Polygon", "coordinates": [[[-43.357454, -22.837194, 0], [-43.357494, -22.837201, 0], [-43.357544, -22.83721, 0], [-43.35757, -22.837215, 0], [-43.357694, -22.837238, 0], [-43.35771, -22.83716, 0], [-43.357632, -22.837145, 0], [-43.357527, -22.837125, 0], [-43.357514, -22.837122, 0], [-43.357511, -22.837122, 0], [-43.357472, -22.837114, 0], [-43.357467, -22.837139, 0], [-43.357454, -22.837194, 0]]]}, "properties": {"address": "119280, 742146"}},
{"type": "Feature", "geometry": {"type": "Polygon", "coordinates": [[[-43.357728, -22.837077, 0], [-43.3577, -22.837072, 0], [-43.357687, -22.83707, 0], [-43.357607, -22.837055, 0], [-43.357597, -22.837054, 0], [-43.357564, -22.837048, 0], [-43.357524, -22.837041, 0], [-43.35749, -22.837035, 0], [-43.357472, -22.837114, 0], [-43.357511, -22.837122, 0], [-43.357514, -22.837122, 0], [-43.357527, -22.837125, 0], [-43.357632, -22.837145, 0], [-43.35771, -22.83716, 0], [-43.357728, -22.837077, 0]]]}, "properties": {"address": "119280, 384205"}},
{"type": "Feature", "geometry": {"type": "Polygon", "coordinates": [[[-43.358179, -22.836691, 0], [-43.358179, -22.836689, 0], [-43.358196, -22.836612, 0], [-43.358197, -22.836611, 0], [-43.358161, -22.836605, 0], [-43.358054, -22.836584, 0], [-43.357977, -22.836569, 0], [-43.357958, -22.836566, 0], [-43.357941, -22.836645, 0], [-43.358179, -22.836691, 0]]]}, "properties": {"address": "119280, 742266"}},
{"type": "Feature", "geometry": {"type": "Polygon", "coordinates": [[[-43.357911, -22.836784, 0], [-43.357906, -22.836805, 0], [-43.357927, -22.836809, 0], [-43.358015, -22.836826, 0], [-43.358053, -22.836833, 0], [-43.358143, -22.83685, 0], [-43.358161, -22.83677, 0], [-43.358158, -22.836769, 0], [-43.358135, -22.836765, 0], [-43.358085, -22.836755, 0], [-43.358076, -22.836754, 0], [-43.357964, -22.836732, 0], [-43.357925, -22.836725, 0], [-43.357914, -22.836784, 0], [-43.357911, -22.836784, 0]]]}, "properties": {"address": "119280, 742165"}},
{"type": "Feature", "geometry": {"type": "Polygon", "coordinates": [[[-43.357925, -22.836725, 0], [-43.357964, -22.836732, 0], [-43.358076, -22.836754, 0], [-43.358085, -22.836755, 0], [-43.358135, -22.836765, 0], [-43.358158, -22.836769, 0], [-43.358161, -22.83677, 0], [-43.358166, -22.83675, 0], [-43.358179, -22.836691, 0], [-43.357941, -22.836645, 0], [-43.35794, -22.836646, 0], [-43.357925, -22.836725, 0]]]}, "properties": {"address": "119280, 742184"}},
{"type": "Feature", "geometry": {"type": "Polygon", "coordinates": [[[-43.358143, -22.83685, 0], [-43.358053, -22.836833, 0], [-43.358015, -22.836826, 0], [-43.357927, -22.836809, 0], [-43.357906, -22.836805, 0], [-43.357888, -22.836884, 0], [-43.357917, -22.836889, 0], [-43.358078, -22.83692, 0], [-43.358127, -22.836929, 0], [-43.35813, -22.836914, 0], [-43.358142, -22.836858, 0], [-43.358143, -22.83685, 0]]]}, "properties": {"address": "119280, 742199"}},
{"type": "Feature", "geometry": {"type": "Polygon", "coordinates": [[[-43.358214, -22.836531, 0], [-43.358191, -22.836526, 0], [-43.358163, -22.836521, 0], [-43.358137, -22.836516, 0], [-43.358132, -22.836515, 0], [-43.358103, -22.836509, 0], [-43.358093, -22.836507, 0], [-43.35807, -22.836503, 0], [-43.358053, -22.8365, 0], [-43.357996, -22.836489, 0], [-43.357977, -22.836485, 0], [-43.357958, -22.836566, 0], [-43.357977, -22.836569, 0], [-43.358054, -22.836584, 0], [-43.358161, -22.836605, 0], [-43.358197, -22.836611, 0], [-43.358214, -22.836531, 0]]]}, "properties": {"address": "119280, 742218"}},
{"type": "Feature", "geometry": {"type": "Polygon", "coordinates": [[[-43.357655, -22.836734, 0], [-43.357659, -22.836735, 0], [-43.357683, -22.836739, 0], [-43.357774, -22.836757, 0], [-43.357796, -22.836761, 0], [-43.357811, -22.836695, 0], [-43.357814, -22.836682, 0], [-43.357665, -22.836654, 0], [-43.357587, -22.836639, 0], [-43.357574, -22.836637, 0], [-43.357557, -22.836716, 0], [-43.357655, -22.836734, 0]]]}, "properties": {"address": "119280, 742216"}},
{"type": "Feature", "geometry": {"type": "Polygon", "coordinates": [[[-43.357587, -22.836639, 0], [-43.357665, -22.836654, 0], [-43.357814, -22.836682, 0], [-43.357831, -22.836603, 0], [-43.357808, -22.836598, 0], [-43.357792, -22.836595, 0], [-43.357705, -22.836578, 0], [-43.357677, -22.836572, 0], [-43.35767, -22.836571, 0], [-43.357617, -22.83656, 0], [-43.357592, -22.836555, 0], [-43.357574, -22.836637, 0], [-43.357587, -22.836639, 0]]]}, "properties": {"address": "119280, 742265"}},
{"type": "Feature", "geometry": {"type": "Polygon", "coordinates": [[[-43.357523, -22.836876, 0], [-43.357598, -22.83689, 0], [-43.35762, -22.836894, 0], [-43.357648, -22.836898, 0], [-43.357695, -22.836907, 0], [-43.357747, -22.836916, 0], [-43.357749, -22.836916, 0], [-43.357762, -22.836919, 0], [-43.357771, -22.83688, 0], [-43.357757, -22.836877, 0], [-43.357703, -22.836867, 0], [-43.357697, -22.836866, 0], [-43.357657, -22.836859, 0], [-43.357655, -22.836858, 0], [-43.357531, -22.836835, 0], [-43.357524, -22.836873, 0], [-43.357523, -22.836876, 0]]]}, "properties": {"address": "119280, 669322"}},
{"type": "Feature", "geometry": {"type": "Polygon", "coordinates": [[[-43.357705, -22.836825, 0], [-43.357779, -22.836839, 0], [-43.357793, -22.836776, 0], [-43.357796, -22.836761, 0], [-43.357774, -22.836757, 0], [-43.357683, -22.836739, 0], [-43.357659, -22.836735, 0], [-43.357655, -22.836734, 0], [-43.357557, -22.836716, 0], [-43.35754, -22.836794, 0], [-43.357665, -22.836817, 0], [-43.357705, -22.836825, 0]]]}, "properties": {"address": "119280, 49047"}},
{"type": "Feature", "geometry": {"type": "Polygon", "coordinates": [[[-43.357617, -22.83656, 0], [-43.35767, -22.836571, 0], [-43.357677, -22.836572, 0], [-43.357705, -22.836578, 0], [-43.357792, -22.836595, 0], [-43.357808, -22.836598, 0], [-43.357831, -22.836603, 0], [-43.35784, -22.836562, 0], [-43.357818, -22.836558, 0], [-43.357816, -22.836558, 0], [-43.35768, -22.836533, 0], [-43.357679, -22.836533, 0], [-43.357625, -22.836523, 0], [-43.357623, -22.836522, 0], [-43.3576, -22.836518, 0], [-43.357592, -22.836555, 0], [-43.357617, -22.83656, 0]]]}, "properties": {"address": "119280, 742264"}},
{"type": "Feature", "geometry": {"type": "Polygon", "coordinates": [[[-43.3576, -22.836518, 0], [-43.357623, -22.836522, 0], [-43.357625, -22.836523, 0], [-43.357679, -22.836533, 0], [-43.35768, -22.836533, 0], [-43.357816, -22.836558, 0], [-43.357818, -22.836558, 0], [-43.35784, -22.836562, 0], [-43.357848, -22.836524, 0], [-43.357849, -22.836522, 0], [-43.357771, -22.836507, 0], [-43.357682, -22.83649, 0], [-43.357681, -22.83649, 0], [-43.357631, -22.836482, 0], [-43.357608, -22.836478, 0], [-43.357608, -22.836481, 0], [-43.3576, -22.836518, 0]]]}, "properties": {"address": "119280, 669320"}},
{"type": "Feature", "geometry": {"type": "Polygon", "coordinates": [[[-43.358031, -22.83633, 0], [-43.358072, -22.836337, 0], [-43.358122, -22.836347, 0], [-43.358164, -22.836355, 0], [-43.358231, -22.836368, 0], [-43.35825, -22.836371, 0], [-43.358268, -22.836292, 0], [-43.35809, -22.836258, 0], [-43.358029, -22.836246, 0], [-43.358012, -22.836326, 0], [-43.358031, -22.83633, 0]]]}, "properties": {"address": "119280, 742315"}},
{"type": "Feature", "geometry": {"type": "Polygon", "coordinates": [[[-43.357999, -22.836386, 0], [-43.357994, -22.836406, 0], [-43.358045, -22.836416, 0], [-43.358104, -22.836427, 0], [-43.358209, -22.836447, 0], [-43.358228, -22.836451, 0], [-43.358232, -22.836452, 0], [-43.358241, -22.836413, 0], [-43.35825, -22.836371, 0], [-43.358231, -22.836368, 0], [-43.358164, -22.836355, 0], [-43.358122, -22.836347, 0], [-43.358072, -22.836337, 0], [-43.358031, -22.83633, 0], [-43.358012, -22.836326, 0], [-43.358001, -22.836373, 0], [-43.357999, -22.836386, 0]]]}, "properties": {"address": "119280, 742316"}},
{"type": "Feature", "geometry": {"type": "Polygon", "coordinates": [[[-43.358285, -22.836213, 0], [-43.358181, -22.836192, 0], [-43.358179, -22.836191, 0], [-43.358174, -22.83619, 0], [-43.358159, -22.83626, 0], [-43.358148, -22.836257, 0], [-43.358055, -22.83624, 0], [-43.358031, -22.836236, 0], [-43.358029, -22.836246, 0], [-43.35809, -22.836258, 0], [-43.358268, -22.836292, 0], [-43.358278, -22.836242, 0], [-43.358285, -22.836213, 0]]]}, "properties": {"address": "119280, 0"}},
{"type": "Feature", "geometry": {"type": "Polygon", "coordinates": [[[-43.358041, -22.836188, 0], [-43.358031, -22.836236, 0], [-43.358055, -22.83624, 0], [-43.358148, -22.836257, 0], [-43.358159, -22.83626, 0], [-43.358174, -22.83619, 0], [-43.358165, -22.836188, 0], [-43.358102, -22.836175, 0], [-43.358075, -22.83617, 0], [-43.358046, -22.836164, 0], [-43.358041, -22.836187, 0], [-43.358041, -22.836188, 0]]]}, "properties": {"address": "119280, 742225"}},
{"type": "Feature", "geometry": {"type": "Polygon", "coordinates": [[[-43.357977, -22.836485, 0], [-43.357996, -22.836489, 0], [-43.358053, -22.8365, 0], [-43.35807, -22.836503, 0], [-43.358093, -22.836507, 0], [-43.358103, -22.836509, 0], [-43.358132, -22.836515, 0], [-43.358137, -22.836516, 0], [-43.358163, -22.836521, 0], [-43.358191, -22.836526, 0], [-43.358214, -22.836531, 0], [-43.358232, -22.836452, 0], [-43.358228, -22.836451, 0], [-43.358209, -22.836447, 0], [-43.358104, -22.836427, 0], [-43.358045, -22.836416, 0], [-43.357994, -22.836406, 0], [-43.357994, -22.836407, 0], [-43.357977, -22.836485, 0]]]}, "properties": {"address": "119280, 742217"}},
{"type": "Feature", "geometry": {"type": "Polygon", "coordinates": [[[-43.358046, -22.836164, 0], [-43.358075, -22.83617, 0], [-43.358102, -22.836175, 0], [-43.358165, -22.836188, 0], [-43.358174, -22.83619, 0], [-43.358179, -22.836191, 0], [-43.358181, -22.836192, 0], [-43.358285, -22.836213, 0], [-43.358285, -22.836212, 0], [-43.358302, -22.836133, 0], [-43.358278, -22.836129, 0], [-43.35824, -22.836122, 0], [-43.358237, -22.836121, 0], [-43.358085, -22.836093, 0], [-43.358064, -22.836089, 0], [-43.358046, -22.836163, 0], [-43.358046, -22.836164, 0]]]}, "properties": {"address": "119280, 742176"}},
{"type": "Feature", "geometry": {"type": "Polygon", "coordinates": [[[-43.358104, -22.835924, 0], [-43.358103, -22.835927, 0], [-43.358123, -22.835931, 0], [-43.358189, -22.835944, 0], [-43.358249, -22.835956, 0], [-43.358264, -22.835958, 0], [-43.35828, -22.835962, 0], [-43.358289, -22.835963, 0], [-43.358296, -22.835965, 0], [-43.358337, -22.835973, 0], [-43.358348, -22.835922, 0], [-43.358306, -22.835917, 0], [-43.358286, -22.835915, 0], [-43.358263, -22.835912, 0], [-43.358155, -22.835917, 0], [-43.358112, -22.83591, 0], [-43.358111, -22.835911, 0], [-43.358104, -22.835924, 0]]]}, "properties": {"address": "119280, 742243"}},
{"type": "Feature", "geometry": {"type": "Polygon", "coordinates": [[[-43.358093, -22.835952, 0], [-43.358082, -22.836007, 0], [-43.358104, -22.836012, 0], [-43.358134, -22.836018, 0], [-43.35822, -22.836035, 0], [-43.358233, -22.836037, 0], [-43.358319, -22.836054, 0], [-43.358319, -22.836053, 0], [-43.358325, -22.836027, 0], [-43.358337, -22.835973, 0], [-43.358296, -22.835965, 0], [-43.358289, -22.835963, 0], [-43.35828, -22.835962, 0], [-43.358264, -22.835958, 0], [-43.358249, -22.835956, 0], [-43.358189, -22.835944, 0], [-43.358123, -22.835931, 0], [-43.358103, -22.835927, 0], [-43.358098, -22.835938, 0], [-43.358093, -22.835952, 0]]]}, "properties": {"address": "119280, 742139"}},
{"type": "Feature", "geometry": {"type": "Polygon", "coordinates": [[[-43.358085, -22.836093, 0], [-43.358237, -22.836121, 0], [-43.35824, -22.836122, 0], [-43.358278, -22.836129, 0], [-43.358302, -22.836133, 0], [-43.358302, -22.836131, 0], [-43.358308, -22.836106, 0], [-43.358311, -22.836091, 0], [-43.358316, -22.836068, 0], [-43.358319, -22.836054, 0], [-43.358233, -22.836037, 0], [-43.35822, -22.836035, 0], [-43.358134, -22.836018, 0], [-43.358104, -22.836012, 0], [-43.358082, -22.836007, 0], [-43.358064, -22.836089, 0], [-43.358085, -22.836093, 0]]]}, "properties": {"address": "119280, 742138"}},
{"type": "Feature", "geometry": {"type": "Polygon", "coordinates": [[[-43.357851, -22.835902, 0], [-43.357739, -22.83592, 0], [-43.357731, -22.835922, 0], [-43.357723, -22.835958, 0], [-43.357714, -22.835999, 0], [-43.357798, -22.836015, 0], [-43.357932, -22.836039, 0], [-43.357944, -22.836042, 0], [-43.357952, -22.836043, 0], [-43.357964, -22.835984, 0], [-43.357963, -22.835983, 0], [-43.357962, -22.835976, 0], [-43.35796, -22.835968, 0], [-43.357957, -22.83596, 0], [-43.357953, -22.835951, 0], [-43.357947, -22.835944, 0], [-43.357942, -22.835936, 0], [-43.357935, -22.835929, 0], [-43.357919, -22.835917, 0], [-43.35791, -22.835912, 0], [-43.357901, -22.835908, 0], [-43.357892, -22.835905, 0], [-43.357883, -22.835903, 0], [-43.357873, -22.835902, 0], [-43.357866, -22.835901, 0], [-43.357855, -22.835901, 0], [-43.357851, -22.835902, 0]]]}, "properties": {"address": "119280, 49051"}},
{"type": "Feature", "geometry": {"type": "Polygon", "coordinates": [[[-43.357662, -22.836238, 0], [-43.357662, -22.836239, 0], [-43.357717, -22.836249, 0], [-43.357735, -22.836253, 0], [-43.357788, -22.836263, 0], [-43.357824, -22.83627, 0], [-43.357871, -22.836279, 0], [-43.357901, -22.836285, 0], [-43.357919, -22.836204, 0], [-43.35792, -22.836202, 0], [-43.357841, -22.836188, 0], [-43.357756, -22.836173, 0], [-43.357721, -22.836167, 0], [-43.357702, -22.836164, 0], [-43.357679, -22.83616, 0], [-43.357663, -22.836235, 0], [-43.357662, -22.836238, 0]]]}, "properties": {"address": "119280, 742263"}},
{"type": "Feature", "geometry": {"type": "Polygon", "coordinates": [[[-43.357648, -22.836302, 0], [-43.357644, -22.836318, 0], [-43.35771, -22.83633, 0], [-43.357719, -22.836332, 0], [-43.357724, -22.836333, 0], [-43.357731, -22.836334, 0], [-43.357764, -22.83634, 0], [-43.357846, -22.836355, 0], [-43.357884, -22.836362, 0], [-43.357889, -22.836337, 0], [-43.357901, -22.836285, 0], [-43.357871, -22.836279, 0], [-43.357824, -22.83627, 0], [-43.357788, -22.836263, 0], [-43.357735, -22.836253, 0], [-43.357717, -22.836249, 0], [-43.357662, -22.836239, 0], [-43.357654, -22.836277, 0], [-43.357648, -22.836302, 0]]]}, "properties": {"address": "119280, 742152"}},
{"type": "Feature", "geometry": {"type": "Polygon", "coordinates": [[[-43.357628, -22.836393, 0], [-43.357627, -22.836397, 0], [-43.35768, -22.836407, 0], [-43.357692, -22.83641, 0], [-43.357755, -22.836422, 0], [-43.357765, -22.836423, 0], [-43.35779, -22.836428, 0], [-43.357831, -22.836436, 0], [-43.357866, -22.836442, 0], [-43.357884, -22.836362, 0], [-43.357846, -22.836355, 0], [-43.357764, -22.83634, 0], [-43.357731, -22.836334, 0], [-43.357724, -22.836333, 0], [-43.357719, -22.836332, 0], [-43.35771, -22.83633, 0], [-43.357644, -22.836318, 0], [-43.357628, -22.836393, 0]]]}, "properties": {"address": "119280, 374092"}},
{"type": "Feature", "geometry": {"type": "Polygon", "coordinates": [[[-43.357631, -22.836482, 0], [-43.357681, -22.83649, 0], [-43.357682, -22.83649, 0], [-43.357771, -22.836507, 0], [-43.357849, -22.836522, 0], [-43.357859, -22.836474, 0], [-43.357866, -22.836442, 0], [-43.357831, -22.836436, 0], [-43.35779, -22.836428, 0], [-43.357765, -22.836423, 0], [-43.357755, -22.836422, 0], [-43.357692, -22.83641, 0], [-43.35768, -22.836407, 0], [-43.357627, -22.836397, 0], [-43.357608, -22.836478, 0], [-43.357631, -22.836482, 0]]]}, "properties": {"address": "119280, 49022"}},
{"type": "Feature", "geometry": {"type": "Polygon", "coordinates": [[[-43.357688, -22.83612, 0], [-43.35768, -22.836156, 0], [-43.357679, -22.83616, 0], [-43.357702, -22.836164, 0], [-43.357721, -22.836167, 0], [-43.357756, -22.836173, 0], [-43.357841, -22.836188, 0], [-43.35792, -22.836202, 0], [-43.357935, -22.836124, 0], [-43.357914, -22.83612, 0], [-43.357785, -22.836095, 0], [-43.357746, -22.836088, 0], [-43.35774, -22.836087, 0], [-43.357697, -22.836079, 0], [-43.357688, -22.83612, 0]]]}, "properties": {"address": "119280, 307168"}},
{"type": "Feature", "geometry": {"type": "Polygon", "coordinates": [[[-43.357697, -22.836078, 0], [-43.35774, -22.836087, 0], [-43.357746, -22.836088, 0], [-43.357785, -22.836095, 0], [-43.357914, -22.83612, 0], [-43.357935, -22.836124, 0], [-43.357952, -22.836043, 0], [-43.357944, -22.836042, 0], [-43.357932, -22.836039, 0], [-43.357798, -22.836015, 0], [-43.357714, -22.835999, 0], [-43.357702, -22.836054, 0], [-43.357697, -22.836078, 0]]]}, "properties": {"address": "119280, 742215"}},
{"type": "Feature", "geometry": {"type": "Polygon", "coordinates": [[[-43.361488, -22.837026, 0], [-43.36142, -22.83706, 0], [-43.361421, -22.837066, 0], [-43.361404, -22.837074, 0], [-43.361385, -22.837082, 0], [-43.361402, -22.83711, 0], [-43.36143, -22.837159, 0], [-43.361442, -22.837153, 0], [-43.361536, -22.837112, 0], [-43.361522, -22.837069, 0], [-43.361505, -22.837033, 0], [-43.361499, -22.83702, 0], [-43.361492, -22.837023, 0], [-43.361488, -22.837026, 0]]]}, "properties": {"address": "200183, 0"}},
{"type": "Feature", "geometry": {"type": "Polygon", "coordinates": [[[-43.36165, -22.837138, 0], [-43.361663, -22.837155, 0], [-43.361664, -22.837157, 0], [-43.361678, -22.837174, 0], [-43.361691, -22.837192, 0], [-43.3617, -22.837203, 0], [-43.361718, -22.837227, 0], [-43.36178, -22.837187, 0], [-43.361759, -22.837159, 0], [-43.361749, -22.837166, 0], [-43.361713, -22.837119, 0], [-43.361702, -22.837104, 0], [-43.361658, -22.837133, 0], [-43.36165, -22.837138, 0]]]}, "properties": {"address": "200183, 0"}},
{"type": "Feature", "geometry": {"type": "Polygon", "coordinates": [[[-43.353568, -22.83726, 0], [-43.353598, -22.837121, 0], [-43.353483, -22.837101, 0], [-43.353452, -22.837239, 0], [-43.353568, -22.83726, 0]]]}, "properties": {"address": "121612, 302343"}},
{"type": "Feature", "geometry": {"type": "Polygon", "coordinates": [[[-43.361804, -22.836106, 0], [-43.36178, -22.836117, 0], [-43.361705, -22.836152, 0], [-43.361644, -22.83618, 0], [-43.361616, -22.836192, 0], [-43.361592, -22.836204, 0], [-43.361573, -22.836212, 0], [-43.361585, -22.836226, 0], [-43.36164, -22.836291, 0], [-43.361679, -22.836267, 0], [-43.361688, -22.836261, 0], [-43.361801, -22.836207, 0], [-43.361843, -22.836187, 0], [-43.361915, -22.836152, 0], [-43.361829, -22.836095, 0], [-43.361807, -22.836105, 0], [-43.361804, -22.836106, 0]]]}, "properties": {"address": "122651, 0"}},
{"type": "Feature", "geometry": {"type": "Polygon", "coordinates": [[[-43.361535, -22.836168, 0], [-43.36156, -22.836197, 0], [-43.361573, -22.836212, 0], [-43.361592, -22.836204, 0], [-43.361616, -22.836192, 0], [-43.361644, -22.83618, 0], [-43.361705, -22.836152, 0], [-43.36178, -22.836117, 0], [-43.361804, -22.836106, 0], [-43.361807, -22.836105, 0], [-43.361829, -22.836095, 0], [-43.361828, -22.836094, 0], [-43.361786, -22.836044, 0], [-43.361784, -22.836029, 0], [-43.361782, -22.836029, 0], [-43.361741, -22.836042, 0], [-43.361737, -22.836034, 0], [-43.361661, -22.836064, 0], [-43.361662, -22.836067, 0], [-43.361618, -22.83608, 0], [-43.361585, -22.836091, 0], [-43.361545, -22.836103, 0], [-43.36151, -22.836114, 0], [-43.361494, -22.836119, 0], [-43.361535, -22.836168, 0]]]}, "properties": {"address": "122651, 0"}},
{"type": "Feature", "geometry": {"type": "Polygon", "coordinates": [[[-43.362066, -22.836465, 0], [-43.362068, -22.836468, 0], [-43.362069, -22.836467, 0], [-43.362091, -22.836443, 0], [-43.36211, -22.836456, 0], [-43.362219, -22.836281, 0], [-43.362164, -22.836259, 0], [-43.362085, -22.836342, 0], [-43.362009, -22.836421, 0], [-43.362022, -22.836433, 0], [-43.362066, -22.836465, 0]]]}, "properties": {"address": "122651, 0"}},
{"type": "Feature", "geometry": {"type": "Polygon", "coordinates": [[[-43.362023, -22.836318, 0], [-43.361962, -22.836379, 0], [-43.361964, -22.836382, 0], [-43.361967, -22.836384, 0], [-43.362004, -22.836416, 0], [-43.362009, -22.836421, 0], [-43.362085, -22.836342, 0], [-43.362164, -22.836259, 0], [-43.362105, -22.836236, 0], [-43.362023, -22.836318, 0]]]}, "properties": {"address": "122651, 0"}},
{"type": "Feature", "geometry": {"type": "Polygon", "coordinates": [[[-43.361956, -22.83639, 0], [-43.361964, -22.836382, 0], [-43.361962, -22.836379, 0], [-43.362105, -22.836236, 0], [-43.362101, -22.836234, 0], [-43.362063, -22.836234, 0], [-43.362019, -22.836286, 0], [-43.362005, -22.836302, 0], [-43.362015, -22.83631, 0], [-43.362014, -22.836311, 0], [-43.361944, -22.836379, 0], [-43.361956, -22.83639, 0]]]}, "properties": {"address": "122651, 0"}},
{"type": "Feature", "geometry": {"type": "Polygon", "coordinates": [[[-43.359522, -22.836483, 0], [-43.359542, -22.836469, 0], [-43.359591, -22.836433, 0], [-43.359444, -22.836256, 0], [-43.359375, -22.836305, 0], [-43.359522, -22.836483, 0]]]}, "properties": {"address": "121796, 669338"}},
{"type": "Feature", "geometry": {"type": "Polygon", "coordinates": [[[-43.361807, -22.836466, 0], [-43.361838, -22.83649, 0], [-43.361844, -22.836483, 0], [-43.361849, -22.836479, 0], [-43.361809, -22.836431, 0], [-43.361921, -22.836357, 0], [-43.361944, -22.836379, 0], [-43.362014, -22.836311, 0], [-43.362015, -22.83631, 0], [-43.362005, -22.836302, 0], [-43.362019, -22.836286, 0], [-43.362063, -22.836234, 0], [-43.36203, -22.836233, 0], [-43.362023, -22.83624, 0], [-43.361942, -22.836332, 0], [-43.361934, -22.83634, 0], [-43.361871, -22.836382, 0], [-43.361856, -22.836393, 0], [-43.361822, -22.836415, 0], [-43.361782, -22.836442, 0], [-43.361807, -22.836466, 0]]]}, "properties": {"address": "122651, 0"}},
{"type": "Feature", "geometry": {"type": "Polygon", "coordinates": [[[-43.362294, -22.836387, 0], [-43.362272, -22.836433, 0], [-43.36227, -22.836438, 0], [-43.362231, -22.83652, 0], [-43.362226, -22.836529, 0], [-43.362214, -22.836555, 0], [-43.362298, -22.836594, 0], [-43.362364, -22.836625, 0], [-43.362393, -22.836545, 0], [-43.362419, -22.836554, 0], [-43.36248, -22.836386, 0], [-43.362473, -22.836383, 0], [-43.362472, -22.836382, 0], [-43.362354, -22.836335, 0], [-43.362325, -22.836323, 0], [-43.3623, -22.836374, 0], [-43.362294, -22.836387, 0]]]}, "properties": {"address": "122651, 0"}},
{"type": "Feature", "geometry": {"type": "Polygon", "coordinates": [[[-43.362255, -22.836355, 0], [-43.362227, -22.836405, 0], [-43.362224, -22.836409, 0], [-43.362175, -22.836498, 0], [-43.362173, -22.836503, 0], [-43.362145, -22.836554, 0], [-43.3622, -22.836582, 0], [-43.362214, -22.836555, 0], [-43.362226, -22.836529, 0], [-43.362231, -22.83652, 0], [-43.36227, -22.836438, 0], [-43.362272, -22.836433, 0], [-43.362294, -22.836387, 0], [-43.3623, -22.836374, 0], [-43.362325, -22.836323, 0], [-43.362281, -22.836306, 0], [-43.362275, -22.836318, 0], [-43.362255, -22.836355, 0]]]}, "properties": {"address": "122651, 0"}},
{"type": "Feature", "geometry": {"type": "Polygon", "coordinates": [[[-43.362091, -22.836443, 0], [-43.362069, -22.836467, 0], [-43.362068, -22.836468, 0], [-43.362084, -22.836496, 0], [-43.362085, -22.836499, 0], [-43.362097, -22.83653, 0], [-43.362098, -22.836537, 0], [-43.362137, -22.83655, 0], [-43.362145, -22.836554, 0], [-43.362173, -22.836503, 0], [-43.362175, -22.836498, 0], [-43.362224, -22.836409, 0], [-43.362227, -22.836405, 0], [-43.362255, -22.836355, 0], [-43.362275, -22.836318, 0], [-43.362281, -22.836306, 0], [-43.362219, -22.836281, 0], [-43.36211, -22.836456, 0], [-43.362091, -22.836443, 0]]]}, "properties": {"address": "122651, 0"}},
{"type": "Feature", "geometry": {"type": "Polygon", "coordinates": [[[-43.360384, -22.835871, 0], [-43.360399, -22.835941, 0], [-43.360406, -22.835975, 0], [-43.36043, -22.83597, 0], [-43.360458, -22.835965, 0], [-43.360483, -22.83596, 0], [-43.360468, -22.835918, 0], [-43.360449, -22.83586, 0], [-43.360427, -22.835864, 0], [-43.360384, -22.835871, 0]]]}, "properties": {"address": "120149, 0"}},
{"type": "Feature", "geometry": {"type": "Polygon", "coordinates": [[[-43.360515, -22.835809, 0], [-43.360525, -22.835836, 0], [-43.360535, -22.835864, 0], [-43.360547, -22.835902, 0], [-43.36055, -22.835913, 0], [-43.36056, -22.835946, 0], [-43.360561, -22.835946, 0], [-43.360604, -22.835937, 0], [-43.360595, -22.835902, 0], [-43.360582, -22.835857, 0], [-43.36058, -22.835851, 0], [-43.360564, -22.835796, 0], [-43.360556, -22.835798, 0], [-43.360515, -22.835809, 0]]]}, "properties": {"address": "120149, 0"}},
{"type": "Feature", "geometry": {"type": "Polygon", "coordinates": [[[-43.360434, -22.835813, 0], [-43.360449, -22.83586, 0], [-43.360468, -22.835918, 0], [-43.360483, -22.83596, 0], [-43.360509, -22.835956, 0], [-43.360523, -22.835953, 0], [-43.36056, -22.835946, 0], [-43.36055, -22.835913, 0], [-43.360547, -22.835902, 0], [-43.360535, -22.835864, 0], [-43.360525, -22.835836, 0], [-43.360515, -22.835809, 0], [-43.360506, -22.835786, 0], [-43.36047, -22.8358, 0], [-43.360434, -22.835813, 0]]]}, "properties": {"address": "120149, 0"}},
{"type": "Feature", "geometry": {"type": "Polygon", "coordinates": [[[-43.36058, -22.835851, 0], [-43.360582, -22.835857, 0], [-43.360595, -22.835902, 0], [-43.360604, -22.835937, 0], [-43.36064, -22.83593, 0], [-43.360641, -22.83593, 0], [-43.360655, -22.835927, 0], [-43.360629, -22.835842, 0], [-43.360612, -22.835784, 0], [-43.360564, -22.835796, 0], [-43.36058, -22.835851, 0]]]}, "properties": {"address": "120149, 0"}},
{"type": "Feature", "geometry": {"type": "Polygon", "coordinates": [[[-43.359099, -22.836505, 0], [-43.359248, -22.836685, 0], [-43.359275, -22.836665, 0], [-43.35934, -22.83666, 0], [-43.359166, -22.836456, 0], [-43.359126, -22.836485, 0], [-43.359099, -22.836505, 0]]]}, "properties": {"address": "121796, 669341"}},
{"type": "Feature", "geometry": {"type": "Polygon", "coordinates": [[[-43.360612, -22.835784, 0], [-43.360629, -22.835842, 0], [-43.360655, -22.835927, 0], [-43.360661, -22.835925, 0], [-43.360701, -22.835917, 0], [-43.36073, -22.835911, 0], [-43.360736, -22.835909, 0], [-43.360717, -22.835821, 0], [-43.36071, -22.835789, 0], [-43.360704, -22.83576, 0], [-43.36069, -22.835764, 0], [-43.360612, -22.835784, 0]]]}, "properties": {"address": "120149, 0"}},
{"type": "Feature", "geometry": {"type": "Polygon", "coordinates": [[[-43.360666, -22.835979, 0], [-43.360668, -22.835997, 0], [-43.360675, -22.836069, 0], [-43.360707, -22.836065, 0], [-43.360788, -22.836056, 0], [-43.360781, -22.836024, 0], [-43.360772, -22.835977, 0], [-43.36077, -22.835965, 0], [-43.3607, -22.835974, 0], [-43.360666, -22.835979, 0]]]}, "properties": {"address": "120149, 0"}},
{"type": "Feature", "geometry": {"type": "Polygon", "coordinates": [[[-43.360452, -22.836013, 0], [-43.36047, -22.836159, 0], [-43.360537, -22.836157, 0], [-43.360528, -22.836083, 0], [-43.360519, -22.836015, 0], [-43.360517, -22.836002, 0], [-43.360458, -22.836012, 0], [-43.360452, -22.836013, 0]]]}, "properties": {"address": "120149, 0"}},
{"type": "Feature", "geometry": {"type": "Polygon", "coordinates": [[[-43.360527, -22.836, 0], [-43.360517, -22.836002, 0], [-43.360519, -22.836015, 0], [-43.360528, -22.836083, 0], [-43.360537, -22.836157, 0], [-43.360546, -22.836157, 0], [-43.360626, -22.836153, 0], [-43.360622, -22.836116, 0], [-43.360621, -22.836113, 0], [-43.36062, -22.836098, 0], [-43.360607, -22.835987, 0], [-43.360559, -22.835995, 0], [-43.360527, -22.836, 0]]]}, "properties": {"address": "120149, 0"}},
{"type": "Feature", "geometry": {"type": "Polygon", "coordinates": [[[-43.360618, -22.835985, 0], [-43.360607, -22.835987, 0], [-43.36062, -22.836098, 0], [-43.360621, -22.836113, 0], [-43.360622, -22.836116, 0], [-43.360626, -22.836153, 0], [-43.360679, -22.836149, 0], [-43.360677, -22.836111, 0], [-43.360677, -22.836095, 0], [-43.360675, -22.836069, 0], [-43.360668, -22.835997, 0], [-43.360666, -22.835979, 0], [-43.360623, -22.835984, 0], [-43.360618, -22.835985, 0]]]}, "properties": {"address": "120149, 0"}},
{"type": "Feature", "geometry": {"type": "Polygon", "coordinates": [[[-43.35934, -22.83666, 0], [-43.359456, -22.83665, 0], [-43.359391, -22.83658, 0], [-43.359455, -22.836533, 0], [-43.359305, -22.836355, 0], [-43.359166, -22.836456, 0], [-43.35934, -22.83666, 0]]]}, "properties": {"address": "121796, 669340"}},
{"type": "Feature", "geometry": {"type": "Polygon", "coordinates": [[[-43.360541, -22.836971, 0], [-43.360522, -22.836972, 0], [-43.360501, -22.836973, 0], [-43.360484, -22.836974, 0], [-43.360469, -22.836974, 0], [-43.360466, -22.836975, 0], [-43.360462, -22.836977, 0], [-43.360456, -22.836983, 0], [-43.360454, -22.836986, 0], [-43.360452, -22.836993, 0], [-43.360451, -22.836998, 0], [-43.360443, -22.837117, 0], [-43.360469, -22.837117, 0], [-43.360508, -22.837118, 0], [-43.360528, -22.837119, 0], [-43.360565, -22.837119, 0], [-43.360593, -22.83712, 0], [-43.360607, -22.83712, 0], [-43.360663, -22.837122, 0], [-43.360666, -22.837122, 0], [-43.360665, -22.837064, 0], [-43.360644, -22.837063, 0], [-43.360644, -22.837041, 0], [-43.360654, -22.837041, 0], [-43.360656, -22.836983, 0], [-43.360656, -22.836966, 0], [-43.360562, -22.83697, 0], [-43.360541, -22.836971, 0]]]}, "properties": {"address": "122634, 0"}},
{"type": "Feature", "geometry": {"type": "Polygon", "coordinates": [[[-43.360656, -22.836966, 0], [-43.360656, -22.836983, 0], [-43.360654, -22.837041, 0], [-43.360644, -22.837041, 0], [-43.360644, -22.837063, 0], [-43.360665, -22.837064, 0], [-43.360714, -22.837065, 0], [-43.360716, -22.837039, 0], [-43.36072, -22.836963, 0], [-43.360656, -22.836966, 0]]]}, "properties": {"address": "122634, 0"}},
{"type": "Feature", "geometry": {"type": "Polygon", "coordinates": [[[-43.360716, -22.837039, 0], [-43.360714, -22.837065, 0], [-43.360665, -22.837064, 0], [-43.360666, -22.837122, 0], [-43.360705, -22.83712, 0], [-43.360711, -22.837119, 0], [-43.360803, -22.837115, 0], [-43.360796, -22.837084, 0], [-43.360791, -22.837059, 0], [-43.360775, -22.83699, 0], [-43.360768, -22.836957, 0], [-43.36072, -22.836963, 0], [-43.360716, -22.837039, 0]]]}, "properties": {"address": "122634, 0"}},
{"type": "Feature", "geometry": {"type": "Polygon", "coordinates": [[[-43.360775, -22.83699, 0], [-43.360791, -22.837059, 0], [-43.360796, -22.837084, 0], [-43.360803, -22.837115, 0], [-43.360809, -22.837141, 0], [-43.360813, -22.837141, 0], [-43.360883, -22.837137, 0], [-43.360909, -22.837135, 0], [-43.360907, -22.837075, 0], [-43.360904, -22.836939, 0], [-43.360768, -22.836957, 0], [-43.360775, -22.83699, 0]]]}, "properties": {"address": "122634, 0"}},
{"type": "Feature", "geometry": {"type": "Polygon", "coordinates": [[[-43.360918, -22.836937, 0], [-43.360904, -22.836939, 0], [-43.360907, -22.837075, 0], [-43.360909, -22.837135, 0], [-43.360922, -22.837134, 0], [-43.360973, -22.837131, 0], [-43.360981, -22.837131, 0], [-43.361049, -22.837133, 0], [-43.36105, -22.837097, 0], [-43.361051, -22.837059, 0], [-43.361044, -22.836916, 0], [-43.361028, -22.836917, 0], [-43.360918, -22.836937, 0]]]}, "properties": {"address": "122634, 0"}},
{"type": "Feature", "geometry": {"type": "Polygon", "coordinates": [[[-43.361051, -22.837059, 0], [-43.36105, -22.837097, 0], [-43.361049, -22.837133, 0], [-43.361048, -22.837168, 0], [-43.361047, -22.837221, 0], [-43.361052, -22.837232, 0], [-43.361072, -22.837282, 0], [-43.361072, -22.837283, 0], [-43.361093, -22.837269, 0], [-43.361101, -22.837264, 0], [-43.361214, -22.837188, 0], [-43.361245, -22.837168, 0], [-43.361232, -22.837132, 0], [-43.361227, -22.837119, 0], [-43.361221, -22.837121, 0], [-43.361217, -22.837111, 0], [-43.361199, -22.837118, 0], [-43.361191, -22.837121, 0], [-43.361188, -22.837108, 0], [-43.361073, -22.837133, 0], [-43.361071, -22.837052, 0], [-43.361067, -22.836914, 0], [-43.361044, -22.836916, 0], [-43.361051, -22.837059, 0]]]}, "properties": {"address": "122634, 0"}},
{"type": "Feature", "geometry": {"type": "Polygon", "coordinates": [[[-43.361071, -22.837052, 0], [-43.361073, -22.837133, 0], [-43.361188, -22.837108, 0], [-43.361185, -22.837096, 0], [-43.361184, -22.837089, 0], [-43.361183, -22.837087, 0], [-43.361162, -22.836904, 0], [-43.361067, -22.836914, 0], [-43.361071, -22.837052, 0]]]}, "properties": {"address": "122634, 0"}},
{"type": "Feature", "geometry": {"type": "Polygon", "coordinates": [[[-43.361305, -22.837091, 0], [-43.361318, -22.837118, 0], [-43.36136, -22.83709, 0], [-43.361385, -22.837082, 0], [-43.361404, -22.837074, 0], [-43.361421, -22.837066, 0], [-43.36142, -22.83706, 0], [-43.361411, -22.83703, 0], [-43.361409, -22.837022, 0], [-43.361361, -22.836853, 0], [-43.361313, -22.836867, 0], [-43.361257, -22.836877, 0], [-43.361283, -22.837013, 0], [-43.361287, -22.837039, 0], [-43.361291, -22.837059, 0], [-43.361292, -22.837063, 0], [-43.361305, -22.837091, 0]]]}, "properties": {"address": "122634, 0"}},
{"type": "Feature", "geometry": {"type": "Polygon", "coordinates": [[[-43.359305, -22.836355, 0], [-43.359455, -22.836533, 0], [-43.359467, -22.836524, 0], [-43.359504, -22.836497, 0], [-43.359522, -22.836483, 0], [-43.359375, -22.836305, 0], [-43.359374, -22.836306, 0], [-43.359305, -22.836355, 0]]]}, "properties": {"address": "121796, 669339"}},
{"type": "Feature", "geometry": {"type": "Polygon", "coordinates": [[[-43.361361, -22.836853, 0], [-43.361409, -22.837022, 0], [-43.361411, -22.83703, 0], [-43.36142, -22.83706, 0], [-43.361488, -22.837026, 0], [-43.361471, -22.83699, 0], [-43.361468, -22.836981, 0], [-43.361445, -22.83688, 0], [-43.361437, -22.836843, 0], [-43.361411, -22.836847, 0], [-43.361361, -22.836853, 0]]]}, "properties": {"address": "122634, 0"}},
{"type": "Feature", "geometry": {"type": "Polygon", "coordinates": [[[-43.361528, -22.836979, 0], [-43.361539, -22.836978, 0], [-43.361548, -22.836977, 0], [-43.361558, -22.836978, 0], [-43.361538, -22.836829, 0], [-43.361504, -22.836834, 0], [-43.361484, -22.836837, 0], [-43.361437, -22.836843, 0], [-43.361445, -22.83688, 0], [-43.361468, -22.836981, 0], [-43.361471, -22.83699, 0], [-43.361488, -22.837026, 0], [-43.361492, -22.837023, 0], [-43.361499, -22.83702, 0], [-43.361512, -22.837013, 0], [-43.361534, -22.837002, 0], [-43.361527, -22.836979, 0], [-43.361528, -22.836979, 0]]]}, "properties": {"address": "122634, 0"}},
{"type": "Feature", "geometry": {"type": "Polygon", "coordinates": [[[-43.36061, -22.836769, 0], [-43.360611, -22.836788, 0], [-43.360612, -22.83683, 0], [-43.360614, -22.836872, 0], [-43.360615, -22.836916, 0], [-43.360656, -22.836913, 0], [-43.360663, -22.836913, 0], [-43.360659, -22.836817, 0], [-43.360658, -22.836794, 0], [-43.360656, -22.836766, 0], [-43.360625, -22.836768, 0], [-43.36061, -22.836769, 0]]]}, "properties": {"address": "122634, 0"}},
{"type": "Feature", "geometry": {"type": "Polygon", "coordinates": [[[-43.360925, -22.836752, 0], [-43.360926, -22.836759, 0], [-43.360932, -22.836788, 0], [-43.360937, -22.836807, 0], [-43.36095, -22.836873, 0], [-43.360953, -22.836883, 0], [-43.360997, -22.836876, 0], [-43.361018, -22.836872, 0], [-43.361005, -22.836776, 0], [-43.360994, -22.8367, 0], [-43.360919, -22.836715, 0], [-43.360925, -22.836752, 0]]]}, "properties": {"address": "122634, 0"}},
{"type": "Feature", "geometry": {"type": "Polygon", "coordinates": [[[-43.361009, -22.836718, 0], [-43.361001, -22.836719, 0], [-43.361012, -22.836768, 0], [-43.361029, -22.836846, 0], [-43.361034, -22.83687, 0], [-43.361101, -22.836859, 0], [-43.361102, -22.836859, 0], [-43.361172, -22.83685, 0], [-43.361171, -22.836842, 0], [-43.36118, -22.836841, 0], [-43.361174, -22.836791, 0], [-43.361173, -22.836786, 0], [-43.361166, -22.836736, 0], [-43.36116, -22.836692, 0], [-43.361148, -22.836694, 0], [-43.361148, -22.836689, 0], [-43.361104, -22.836698, 0], [-43.361009, -22.836718, 0]]]}, "properties": {"address": "122634, 0"}},
{"type": "Feature", "geometry": {"type": "Polygon", "coordinates": [[[-43.36061, -22.836769, 0], [-43.360625, -22.836768, 0], [-43.360656, -22.836766, 0], [-43.360658, -22.836794, 0], [-43.360659, -22.836817, 0], [-43.360663, -22.836913, 0], [-43.360675, -22.836912, 0], [-43.360723, -22.836909, 0], [-43.360716, -22.83683, 0], [-43.360712, -22.836782, 0], [-43.360703, -22.836677, 0], [-43.360616, -22.836675, 0], [-43.360606, -22.836675, 0], [-43.360608, -22.836731, 0], [-43.36061, -22.836769, 0]]]}, "properties": {"address": "122634, 0"}},
{"type": "Feature", "geometry": {"type": "Polygon", "coordinates": [[[-43.359514, -22.836205, 0], [-43.359444, -22.836256, 0], [-43.359591, -22.836433, 0], [-43.359615, -22.836416, 0], [-43.359655, -22.836386, 0], [-43.359514, -22.836205, 0]]]}, "properties": {"address": "121796, 669337"}},
{"type": "Feature", "geometry": {"type": "Polygon", "coordinates": [[[-43.361171, -22.836656, 0], [-43.361145, -22.836659, 0], [-43.361148, -22.836689, 0], [-43.361148, -22.836694, 0], [-43.36116, -22.836692, 0], [-43.361166, -22.836736, 0], [-43.361173, -22.836786, 0], [-43.361174, -22.836791, 0], [-43.36118, -22.836841, 0], [-43.36121, -22.836835, 0], [-43.361258, -22.836826, 0], [-43.361251, -22.836755, 0], [-43.361246, -22.8367, 0], [-43.361244, -22.836684, 0], [-43.361241, -22.836648, 0], [-43.361193, -22.836653, 0], [-43.361171, -22.836656, 0]]]}, "properties": {"address": "122634, 0"}},
{"type": "Feature", "geometry": {"type": "Polygon", "coordinates": [[[-43.360715, -22.836666, 0], [-43.360702, -22.83667, 0], [-43.360703, -22.836677, 0], [-43.360712, -22.836782, 0], [-43.360716, -22.83683, 0], [-43.360723, -22.836909, 0], [-43.36077, -22.836906, 0], [-43.36082, -22.836903, 0], [-43.360821, -22.836903, 0], [-43.36082, -22.836895, 0], [-43.360811, -22.836797, 0], [-43.360809, -22.836765, 0], [-43.360803, -22.836704, 0], [-43.360801, -22.836679, 0], [-43.3608, -22.836671, 0], [-43.360797, -22.836638, 0], [-43.360785, -22.836642, 0], [-43.360715, -22.836666, 0]]]}, "properties": {"address": "122634, 0"}},
{"type": "Feature", "geometry": {"type": "Polygon", "coordinates": [[[-43.361244, -22.836684, 0], [-43.361246, -22.8367, 0], [-43.361251, -22.836755, 0], [-43.361258, -22.836826, 0], [-43.361309, -22.836817, 0], [-43.361306, -22.836751, 0], [-43.361306, -22.83675, 0], [-43.361302, -22.836682, 0], [-43.361301, -22.836661, 0], [-43.3613, -22.836641, 0], [-43.361241, -22.836648, 0], [-43.361244, -22.836684, 0]]]}, "properties": {"address": "122634, 0"}},
{"type": "Feature", "geometry": {"type": "Polygon", "coordinates": [[[-43.361301, -22.836661, 0], [-43.361302, -22.836682, 0], [-43.361306, -22.83675, 0], [-43.361306, -22.836751, 0], [-43.361309, -22.836817, 0], [-43.361309, -22.836823, 0], [-43.361369, -22.836811, 0], [-43.361369, -22.836806, 0], [-43.361364, -22.836748, 0], [-43.361356, -22.836634, 0], [-43.3613, -22.836641, 0], [-43.361301, -22.836661, 0]]]}, "properties": {"address": "122634, 0"}},
{"type": "Feature", "geometry": {"type": "Polygon", "coordinates": [[[-43.360814, -22.836632, 0], [-43.360797, -22.836638, 0], [-43.3608, -22.836671, 0], [-43.360801, -22.836679, 0], [-43.360803, -22.836704, 0], [-43.360809, -22.836765, 0], [-43.360811, -22.836797, 0], [-43.36082, -22.836895, 0], [-43.360821, -22.836903, 0], [-43.360953, -22.836883, 0], [-43.36095, -22.836873, 0], [-43.360937, -22.836807, 0], [-43.360932, -22.836788, 0], [-43.360926, -22.836759, 0], [-43.360925, -22.836752, 0], [-43.360919, -22.836715, 0], [-43.3609, -22.836648, 0], [-43.360896, -22.836633, 0], [-43.360889, -22.836607, 0], [-43.360882, -22.836609, 0], [-43.360814, -22.836632, 0]]]}, "properties": {"address": "122634, 0"}},
{"type": "Feature", "geometry": {"type": "Polygon", "coordinates": [[[-43.360978, -22.836576, 0], [-43.360946, -22.836587, 0], [-43.360889, -22.836606, 0], [-43.360889, -22.836607, 0], [-43.360896, -22.836633, 0], [-43.3609, -22.836648, 0], [-43.360919, -22.836715, 0], [-43.360994, -22.8367, 0], [-43.361005, -22.836776, 0], [-43.361018, -22.836872, 0], [-43.361034, -22.83687, 0], [-43.361029, -22.836846, 0], [-43.361012, -22.836768, 0], [-43.361001, -22.836719, 0], [-43.361009, -22.836718, 0], [-43.361002, -22.836685, 0], [-43.360999, -22.836671, 0], [-43.36098, -22.836576, 0], [-43.360978, -22.836576, 0]]]}, "properties": {"address": "122634, 0"}},
{"type": "Feature", "geometry": {"type": "Polygon", "coordinates": [[[-43.361085, -22.836573, 0], [-43.361045, -22.836574, 0], [-43.36098, -22.836576, 0], [-43.360999, -22.836671, 0], [-43.361002, -22.836685, 0], [-43.361009, -22.836718, 0], [-43.361104, -22.836698, 0], [-43.361148, -22.836689, 0], [-43.361145, -22.836659, 0], [-43.361139, -22.836576, 0], [-43.361138, -22.836571, 0], [-43.361107, -22.836572, 0], [-43.361085, -22.836573, 0]]]}, "properties": {"address": "122634, 0"}},
{"type": "Feature", "geometry": {"type": "Polygon", "coordinates": [[[-43.361139, -22.836576, 0], [-43.361145, -22.836659, 0], [-43.361171, -22.836656, 0], [-43.361193, -22.836653, 0], [-43.361241, -22.836648, 0], [-43.3613, -22.836641, 0], [-43.361356, -22.836634, 0], [-43.361349, -22.836547, 0], [-43.361175, -22.836571, 0], [-43.361139, -22.836576, 0]]]}, "properties": {"address": "122634, 0"}},
{"type": "Feature", "geometry": {"type": "Polygon", "coordinates": [[[-43.361406, -22.836799, 0], [-43.361405, -22.836787, 0], [-43.361401, -22.836748, 0], [-43.361395, -22.836691, 0], [-43.36139, -22.836649, 0], [-43.361385, -22.836597, 0], [-43.361379, -22.836544, 0], [-43.361349, -22.836547, 0], [-43.361356, -22.836634, 0], [-43.361364, -22.836748, 0], [-43.361369, -22.836806, 0], [-43.361406, -22.836799, 0]]]}, "properties": {"address": "122634, 0"}},
{"type": "Feature", "geometry": {"type": "Polygon", "coordinates": [[[-43.358836, -22.836988, 0], [-43.35889, -22.836948, 0], [-43.358904, -22.836938, 0], [-43.358753, -22.836758, 0], [-43.358684, -22.836808, 0], [-43.358836, -22.836988, 0]]]}, "properties": {"address": "121796, 669346"}},
{"type": "Feature", "geometry": {"type": "Polygon", "coordinates": [[[-43.358904, -22.836938, 0], [-43.358974, -22.836886, 0], [-43.358908, -22.836809, 0], [-43.358854, -22.836848, 0], [-43.358769, -22.836747, 0], [-43.358753, -22.836758, 0], [-43.358904, -22.836938, 0]]]}, "properties": {"address": "121796, 0"}},
{"type": "Feature", "geometry": {"type": "Polygon", "coordinates": [[[-43.358769, -22.836747, 0], [-43.358854, -22.836848, 0], [-43.358908, -22.836809, 0], [-43.358822, -22.836708, 0], [-43.358819, -22.83671, 0], [-43.358769, -22.836747, 0]]]}, "properties": {"address": "121796, 669345"}},
{"type": "Feature", "geometry": {"type": "Polygon", "coordinates": [[[-43.358908, -22.836809, 0], [-43.358974, -22.836886, 0], [-43.359023, -22.836851, 0], [-43.359042, -22.836836, 0], [-43.358891, -22.836657, 0], [-43.358822, -22.836708, 0], [-43.358908, -22.836809, 0]]]}, "properties": {"address": "121796, 669344"}},
{"type": "Feature", "geometry": {"type": "Polygon", "coordinates": [[[-43.358961, -22.836606, 0], [-43.358891, -22.836657, 0], [-43.359042, -22.836836, 0], [-43.35911, -22.836786, 0], [-43.358961, -22.836606, 0]]]}, "properties": {"address": "121796, 669343"}},
{"type": "Feature", "geometry": {"type": "Polygon", "coordinates": [[[-43.35911, -22.836786, 0], [-43.359111, -22.836786, 0], [-43.359248, -22.836685, 0], [-43.359099, -22.836505, 0], [-43.358961, -22.836606, 0], [-43.35911, -22.836786, 0]]]}, "properties": {"address": "121796, 669342"}},
{"type": "Feature", "geometry": {"type": "Polygon", "coordinates": [[[-43.359656, -22.836386, 0], [-43.359686, -22.836364, 0], [-43.359725, -22.836335, 0], [-43.35973, -22.836332, 0], [-43.359583, -22.836156, 0], [-43.359514, -22.836205, 0], [-43.359656, -22.836386, 0]]]}, "properties": {"address": "121796, 669336"}},
{"type": "Feature", "geometry": {"type": "Polygon", "coordinates": [[[-43.35973, -22.836332, 0], [-43.359772, -22.8363, 0], [-43.359797, -22.836282, 0], [-43.359654, -22.836105, 0], [-43.359583, -22.836156, 0], [-43.35973, -22.836332, 0]]]}, "properties": {"address": "121796, 669335"}},
{"type": "Feature", "geometry": {"type": "Polygon", "coordinates": [[[-43.358868, -22.835725, 0], [-43.358844, -22.835731, 0], [-43.358833, -22.835735, 0], [-43.358821, -22.83574, 0], [-43.35881, -22.835746, 0], [-43.3588, -22.835753, 0], [-43.358789, -22.83576, 0], [-43.358771, -22.835776, 0], [-43.358763, -22.835785, 0], [-43.358755, -22.835795, 0], [-43.358743, -22.835815, 0], [-43.358738, -22.835825, 0], [-43.358734, -22.835836, 0], [-43.358623, -22.836349, 0], [-43.358578, -22.83656, 0], [-43.358578, -22.836568, 0], [-43.358582, -22.836586, 0], [-43.358586, -22.836596, 0], [-43.358591, -22.836605, 0], [-43.358597, -22.836613, 0], [-43.358604, -22.836621, 0], [-43.35862, -22.836635, 0], [-43.35863, -22.83664, 0], [-43.35865, -22.836648, 0], [-43.35866, -22.83665, 0], [-43.35867, -22.836651, 0], [-43.35868, -22.836651, 0], [-43.358689, -22.83665, 0], [-43.358704, -22.836647, 0], [-43.358718, -22.836641, 0], [-43.358731, -22.836634, 0], [-43.358743, -22.836626, 0], [-43.358755, -22.836617, 0], [-43.358765, -22.836606, 0], [-43.358774, -22.836595, 0], [-43.358781, -22.836583, 0], [-43.358793, -22.836526, 0], [-43.358876, -22.836542, 0], [-43.359285, -22.836231, 0], [-43.359347, -22.836186, 0], [-43.359043, -22.835697, 0], [-43.35888, -22.835723, 0], [-43.358868, -22.835725, 0]]]}, "properties": {"address": "121796, 669333"}},
{"type": "Feature", "geometry": {"type": "Polygon", "coordinates": [[[-43.356365, -22.835812, 0], [-43.356339, -22.835817, 0], [-43.356349, -22.835869, 0], [-43.356352, -22.835884, 0], [-43.356356, -22.835909, 0], [-43.356377, -22.836015, 0], [-43.356382, -22.83604, 0], [-43.356469, -22.836025, 0], [-43.356464, -22.836004, 0], [-43.356456, -22.835961, 0], [-43.356422, -22.835798, 0], [-43.356423, -22.835781, 0], [-43.356426, -22.835688, 0], [-43.35642, -22.835688, 0], [-43.356365, -22.835812, 0]]]}, "properties": {"address": "119278, 742380"}},
{"type": "Feature", "geometry": {"type": "Polygon", "coordinates": [[[-43.356672, -22.835991, 0], [-43.356694, -22.835987, 0], [-43.356727, -22.835982, 0], [-43.356723, -22.83596, 0], [-43.356723, -22.835959, 0], [-43.356712, -22.835904, 0], [-43.35671, -22.835889, 0], [-43.356706, -22.835868, 0], [-43.356699, -22.835831, 0], [-43.356693, -22.835801, 0], [-43.356689, -22.83578, 0], [-43.356685, -22.835758, 0], [-43.35668, -22.835759, 0], [-43.356677, -22.835739, 0], [-43.356669, -22.83569, 0], [-43.356591, -22.835689, 0], [-43.356593, -22.835716, 0], [-43.356596, -22.83576, 0], [-43.356597, -22.835771, 0], [-43.356605, -22.835815, 0], [-43.356612, -22.835853, 0], [-43.35662, -22.835896, 0], [-43.35662, -22.835898, 0], [-43.356631, -22.835955, 0], [-43.356634, -22.835972, 0], [-43.356639, -22.835997, 0], [-43.356672, -22.835991, 0]]]}, "properties": {"address": "119278, 49001"}},
{"type": "Feature", "geometry": {"type": "Polygon", "coordinates": [[[-43.356126, -22.83605, 0], [-43.356132, -22.836049, 0], [-43.356139, -22.836083, 0], [-43.356211, -22.83607, 0], [-43.356207, -22.836046, 0], [-43.356206, -22.836041, 0], [-43.356203, -22.836027, 0], [-43.356189, -22.835958, 0], [-43.356184, -22.835936, 0], [-43.356184, -22.835933, 0], [-43.356105, -22.835947, 0], [-43.356126, -22.83605, 0]]]}, "properties": {"address": "119278, 322430"}},
{"type": "Feature", "geometry": {"type": "Polygon", "coordinates": [[[-43.356423, -22.835781, 0], [-43.356422, -22.835798, 0], [-43.356456, -22.835961, 0], [-43.356464, -22.836004, 0], [-43.356469, -22.836025, 0], [-43.356536, -22.836014, 0], [-43.356556, -22.836011, 0], [-43.356551, -22.835985, 0], [-43.35655, -22.83598, 0], [-43.356533, -22.835898, 0], [-43.356528, -22.835875, 0], [-43.356524, -22.835853, 0], [-43.356519, -22.83583, 0], [-43.35651, -22.835785, 0], [-43.35651, -22.835766, 0], [-43.356509, -22.835719, 0], [-43.356509, -22.835689, 0], [-43.356426, -22.835688, 0], [-43.356423, -22.835781, 0]]]}, "properties": {"address": "119278, 669235"}},
{"type": "Feature", "geometry": {"type": "Polygon", "coordinates": [[[-43.356178, -22.835906, 0], [-43.356179, -22.835912, 0], [-43.356184, -22.835933, 0], [-43.356184, -22.835936, 0], [-43.356189, -22.835958, 0], [-43.356203, -22.836027, 0], [-43.356206, -22.836041, 0], [-43.356207, -22.836046, 0], [-43.356211, -22.83607, 0], [-43.356265, -22.83606, 0], [-43.356294, -22.836055, 0], [-43.356295, -22.836054, 0], [-43.356291, -22.836032, 0], [-43.35629, -22.836029, 0], [-43.356286, -22.836006, 0], [-43.356262, -22.835883, 0], [-43.356251, -22.835831, 0], [-43.356166, -22.835845, 0], [-43.356178, -22.835906, 0]]]}, "properties": {"address": "119278, 742155"}},
{"type": "Feature", "geometry": {"type": "Polygon", "coordinates": [[[-43.356262, -22.835883, 0], [-43.356286, -22.836006, 0], [-43.35629, -22.836029, 0], [-43.356291, -22.836032, 0], [-43.356295, -22.836054, 0], [-43.356382, -22.83604, 0], [-43.356377, -22.836015, 0], [-43.356356, -22.835909, 0], [-43.356352, -22.835884, 0], [-43.356349, -22.835869, 0], [-43.356339, -22.835817, 0], [-43.356251, -22.835831, 0], [-43.356262, -22.835883, 0]]]}, "properties": {"address": "119278, 742186"}},
{"type": "Feature", "geometry": {"type": "Polygon", "coordinates": [[[-43.356081, -22.835876, 0], [-43.356091, -22.835926, 0], [-43.356093, -22.835935, 0], [-43.356125, -22.836085, 0], [-43.356139, -22.836083, 0], [-43.356132, -22.836049, 0], [-43.356126, -22.83605, 0], [-43.356105, -22.835947, 0], [-43.356184, -22.835933, 0], [-43.356179, -22.835912, 0], [-43.356178, -22.835906, 0], [-43.356166, -22.835845, 0], [-43.356077, -22.835859, 0], [-43.356081, -22.835876, 0]]]}, "properties": {"address": "119278, 0"}},
{"type": "Feature", "geometry": {"type": "Polygon", "coordinates": [[[-43.356125, -22.836085, 0], [-43.356093, -22.835935, 0], [-43.356091, -22.835926, 0], [-43.356081, -22.835876, 0], [-43.356077, -22.835859, 0], [-43.356049, -22.835864, 0], [-43.356035, -22.835866, 0], [-43.35605, -22.835942, 0], [-43.356057, -22.835979, 0], [-43.356065, -22.836019, 0], [-43.356079, -22.836093, 0], [-43.356125, -22.836085, 0]]]}, "properties": {"address": "119278, 742183"}},
{"type": "Feature", "geometry": {"type": "Polygon", "coordinates": [[[-43.356509, -22.835719, 0], [-43.35651, -22.835766, 0], [-43.35651, -22.835785, 0], [-43.356519, -22.83583, 0], [-43.356524, -22.835853, 0], [-43.356528, -22.835875, 0], [-43.356533, -22.835898, 0], [-43.35655, -22.83598, 0], [-43.356551, -22.835985, 0], [-43.356556, -22.836011, 0], [-43.356639, -22.835997, 0], [-43.356634, -22.835972, 0], [-43.356631, -22.835955, 0], [-43.35662, -22.835898, 0], [-43.35662, -22.835896, 0], [-43.356612, -22.835853, 0], [-43.356605, -22.835815, 0], [-43.356597, -22.835771, 0], [-43.356596, -22.83576, 0], [-43.356593, -22.835716, 0], [-43.356591, -22.835689, 0], [-43.356509, -22.835689, 0], [-43.356509, -22.835719, 0]]]}, "properties": {"address": "119278, 922889"}},
{"type": "Feature", "geometry": {"type": "Polygon", "coordinates": [[[-43.356282, -22.836168, 0], [-43.356268, -22.836172, 0], [-43.356255, -22.836177, 0], [-43.356242, -22.836183, 0], [-43.35623, -22.83619, 0], [-43.356219, -22.836198, 0], [-43.356208, -22.836207, 0], [-43.356199, -22.836218, 0], [-43.356191, -22.836229, 0], [-43.356184, -22.836241, 0], [-43.356179, -22.836254, 0], [-43.356175, -22.836267, 0], [-43.356175, -22.836268, 0], [-43.3562, -22.836273, 0], [-43.356311, -22.836294, 0], [-43.356314, -22.836294, 0], [-43.356321, -22.836296, 0], [-43.356324, -22.836283, 0], [-43.356332, -22.836246, 0], [-43.356332, -22.836244, 0], [-43.356335, -22.836231, 0], [-43.356339, -22.836214, 0], [-43.356352, -22.836155, 0], [-43.356295, -22.836165, 0], [-43.356282, -22.836168, 0]]]}, "properties": {"address": "119278, 742359"}},
{"type": "Feature", "geometry": {"type": "Polygon", "coordinates": [[[-43.356339, -22.836214, 0], [-43.356335, -22.836231, 0], [-43.356332, -22.836244, 0], [-43.356332, -22.836246, 0], [-43.356324, -22.836283, 0], [-43.356321, -22.836296, 0], [-43.356333, -22.836298, 0], [-43.356334, -22.836298, 0], [-43.356404, -22.836311, 0], [-43.356412, -22.836313, 0], [-43.356426, -22.836251, 0], [-43.35643, -22.836234, 0], [-43.356442, -22.836176, 0], [-43.356447, -22.836153, 0], [-43.356451, -22.836138, 0], [-43.356352, -22.836155, 0], [-43.356339, -22.836214, 0]]]}, "properties": {"address": "119278, 669289"}},
{"type": "Feature", "geometry": {"type": "Polygon", "coordinates": [[[-43.358805, -22.838423, 0], [-43.358822, -22.838428, 0], [-43.358858, -22.838329, 0], [-43.358793, -22.838309, 0], [-43.358762, -22.838299, 0], [-43.358729, -22.838398, 0], [-43.358805, -22.838423, 0]]]}, "properties": {"address": "120154, 0"}},
{"type": "Feature", "geometry": {"type": "Polygon", "coordinates": [[[-43.358729, -22.838398, 0], [-43.358762, -22.838299, 0], [-43.358731, -22.838289, 0], [-43.358692, -22.838386, 0], [-43.358729, -22.838398, 0]]]}, "properties": {"address": "120154, 0"}},
{"type": "Feature", "geometry": {"type": "Polygon", "coordinates": [[[-43.358909, -22.83845, 0], [-43.358943, -22.838457, 0], [-43.358967, -22.838361, 0], [-43.358911, -22.838346, 0], [-43.35891, -22.838346, 0], [-43.358881, -22.838446, 0], [-43.358909, -22.83845, 0]]]}, "properties": {"address": "120154, 0"}},
{"type": "Feature", "geometry": {"type": "Polygon", "coordinates": [[[-43.358881, -22.838446, 0], [-43.35891, -22.838346, 0], [-43.358858, -22.838329, 0], [-43.358822, -22.838428, 0], [-43.358881, -22.838446, 0]]]}, "properties": {"address": "120154, 0"}},
{"type": "Feature", "geometry": {"type": "Polygon", "coordinates": [[[-43.358619, -22.838364, 0], [-43.358663, -22.838376, 0], [-43.358679, -22.838381, 0], [-43.358692, -22.838386, 0], [-43.358731, -22.838289, 0], [-43.358665, -22.838268, 0], [-43.358606, -22.838247, 0], [-43.358585, -22.838358, 0], [-43.358619, -22.838364, 0]]]}, "properties": {"address": "120154, 0"}},
{"type": "Feature", "geometry": {"type": "Polygon", "coordinates": [[[-43.359437, -22.838602, 0], [-43.359501, -22.83862, 0], [-43.359536, -22.838526, 0], [-43.359443, -22.838496, 0], [-43.359409, -22.838595, 0], [-43.359437, -22.838602, 0]]]}, "properties": {"address": "120154, 0"}},
{"type": "Feature", "geometry": {"type": "Polygon", "coordinates": [[[-43.359278, -22.83856, 0], [-43.359392, -22.83859, 0], [-43.359409, -22.838595, 0], [-43.359443, -22.838496, 0], [-43.359297, -22.838449, 0], [-43.359273, -22.838558, 0], [-43.359278, -22.83856, 0]]]}, "properties": {"address": "120154, 0"}},
{"type": "Feature", "geometry": {"type": "Polygon", "coordinates": [[[-43.359255, -22.838553, 0], [-43.359273, -22.838558, 0], [-43.359297, -22.838449, 0], [-43.359287, -22.838446, 0], [-43.359209, -22.838425, 0], [-43.359176, -22.838531, 0], [-43.359255, -22.838553, 0]]]}, "properties": {"address": "120154, 0"}},
{"type": "Feature", "geometry": {"type": "Polygon", "coordinates": [[[-43.359074, -22.838503, 0], [-43.359091, -22.838508, 0], [-43.359174, -22.838531, 0], [-43.359176, -22.838531, 0], [-43.359209, -22.838425, 0], [-43.359083, -22.838391, 0], [-43.35906, -22.838499, 0], [-43.359074, -22.838503, 0]]]}, "properties": {"address": "120154, 0"}},
{"type": "Feature", "geometry": {"type": "Polygon", "coordinates": [[[-43.358995, -22.838482, 0], [-43.35906, -22.838499, 0], [-43.359083, -22.838391, 0], [-43.359065, -22.838386, 0], [-43.359017, -22.838373, 0], [-43.358998, -22.838469, 0], [-43.358995, -22.838482, 0]]]}, "properties": {"address": "120154, 0"}},
{"type": "Feature", "geometry": {"type": "Polygon", "coordinates": [[[-43.358998, -22.838469, 0], [-43.359017, -22.838373, 0], [-43.358967, -22.838361, 0], [-43.358943, -22.838457, 0], [-43.358998, -22.838469, 0]]]}, "properties": {"address": "120154, 0"}},
{"type": "Feature", "geometry": {"type": "Polygon", "coordinates": [[[-43.35236, -22.838471, 0], [-43.352346, -22.838468, 0], [-43.352319, -22.838618, 0], [-43.352313, -22.838652, 0], [-43.352332, -22.838654, 0], [-43.35233, -22.838687, 0], [-43.352361, -22.83869, 0], [-43.352545, -22.838724, 0], [-43.352666, -22.83829, 0], [-43.352553, -22.838264, 0], [-43.352433, -22.838237, 0], [-43.352414, -22.838234, 0], [-43.352413, -22.838237, 0], [-43.35236, -22.838471, 0]]]}, "properties": {"address": "201054, 671160"}},
{"type": "Feature", "geometry": {"type": "Polygon", "coordinates": [[[-43.352008, -22.838147, 0], [-43.35193, -22.838342, 0], [-43.351903, -22.838417, 0], [-43.351874, -22.838527, 0], [-43.352319, -22.838618, 0], [-43.352346, -22.838468, 0], [-43.35236, -22.838471, 0], [-43.352413, -22.838237, 0], [-43.352364, -22.838227, 0], [-43.352318, -22.838219, 0], [-43.352098, -22.838151, 0], [-43.352008, -22.838123, 0], [-43.352007, -22.838125, 0], [-43.352008, -22.838147, 0]]]}, "properties": {"address": "201054, 48464"}},
{"type": "Feature", "geometry": {"type": "Polygon", "coordinates": [[[-43.355012, -22.838207, 0], [-43.354942, -22.838194, 0], [-43.354827, -22.838172, 0], [-43.354805, -22.838168, 0], [-43.354764, -22.83816, 0], [-43.354741, -22.838156, 0], [-43.35472, -22.838151, 0], [-43.35471, -22.838196, 0], [-43.354751, -22.838205, 0], [-43.354873, -22.83823, 0], [-43.354904, -22.838236, 0], [-43.354905, -22.838234, 0], [-43.35495, -22.838242, 0], [-43.355052, -22.838261, 0], [-43.355055, -22.838262, 0], [-43.355076, -22.838267, 0], [-43.355122, -22.838278, 0], [-43.355185, -22.838293, 0], [-43.35521, -22.838299, 0], [-43.355213, -22.8383, 0], [-43.355231, -22.838304, 0], [-43.355295, -22.83832, 0], [-43.355299, -22.83832, 0], [-43.35531, -22.838266, 0], [-43.355044, -22.838213, 0], [-43.355012, -22.838207, 0]]]}, "properties": {"address": "119281, 746144"}},
{"type": "Feature", "geometry": {"type": "Polygon", "coordinates": [[[-43.354905, -22.838234, 0], [-43.354904, -22.838236, 0], [-43.354873, -22.83823, 0], [-43.354751, -22.838205, 0], [-43.35471, -22.838196, 0], [-43.354705, -22.838223, 0], [-43.354698, -22.838256, 0], [-43.35471, -22.838259, 0], [-43.354725, -22.838262, 0], [-43.354763, -22.838269, 0], [-43.355102, -22.838337, 0], [-43.35528, -22.838373, 0], [-43.355283, -22.838373, 0], [-43.355295, -22.83832, 0], [-43.355231, -22.838304, 0], [-43.355213, -22.8383, 0], [-43.35521, -22.838299, 0], [-43.355185, -22.838293, 0], [-43.355122, -22.838278, 0], [-43.355076, -22.838267, 0], [-43.355055, -22.838262, 0], [-43.355052, -22.838261, 0], [-43.35495, -22.838242, 0], [-43.354905, -22.838234, 0]]]}, "properties": {"address": "119281, 672441"}},
{"type": "Feature", "geometry": {"type": "Polygon", "coordinates": [[[-43.354025, -22.838567, 0], [-43.354249, -22.838614, 0], [-43.354365, -22.838638, 0], [-43.354478, -22.838662, 0], [-43.354503, -22.838557, 0], [-43.354026, -22.838464, 0], [-43.354004, -22.838563, 0], [-43.354025, -22.838567, 0]]]}, "properties": {"address": "119281, 746112"}},
{"type": "Feature", "geometry": {"type": "Polygon", "coordinates": [[[-43.354782, -22.838606, 0], [-43.354794, -22.838608, 0], [-43.354864, -22.838621, 0], [-43.35487, -22.838595, 0], [-43.355027, -22.838626, 0], [-43.355048, -22.83863, 0], [-43.355017, -22.838765, 0], [-43.355068, -22.838775, 0], [-43.355125, -22.838786, 0], [-43.355126, -22.838786, 0], [-43.35515, -22.838791, 0], [-43.355188, -22.838799, 0], [-43.355188, -22.838797, 0], [-43.355206, -22.838718, 0], [-43.355213, -22.838683, 0], [-43.355223, -22.838638, 0], [-43.35524, -22.838559, 0], [-43.355257, -22.838478, 0], [-43.355274, -22.8384, 0], [-43.35528, -22.838373, 0], [-43.355102, -22.838337, 0], [-43.354763, -22.838269, 0], [-43.354725, -22.838262, 0], [-43.35471, -22.838259, 0], [-43.354698, -22.838256, 0], [-43.354627, -22.838576, 0], [-43.354782, -22.838606, 0]]]}, "properties": {"address": "119281, 47652"}},
{"type": "Feature", "geometry": {"type": "Polygon", "coordinates": [[[-43.354523, -22.838474, 0], [-43.354539, -22.83841, 0], [-43.354542, -22.838396, 0], [-43.354365, -22.838364, 0], [-43.354213, -22.838336, 0], [-43.35406, -22.838308, 0], [-43.354043, -22.838386, 0], [-43.354523, -22.838474, 0]]]}, "properties": {"address": "119281, 47654"}},
{"type": "Feature", "geometry": {"type": "Polygon", "coordinates": [[[-43.354503, -22.838557, 0], [-43.354523, -22.838474, 0], [-43.354043, -22.838386, 0], [-43.354026, -22.838464, 0], [-43.354503, -22.838557, 0]]]}, "properties": {"address": "119281, 923048"}},
{"type": "Feature", "geometry": {"type": "Polygon", "coordinates": [[[-43.352098, -22.838151, 0], [-43.352114, -22.838102, 0], [-43.352021, -22.838069, 0], [-43.352008, -22.838123, 0], [-43.352098, -22.838151, 0]]]}, "properties": {"address": "309370, 0"}},
{"type": "Feature", "geometry": {"type": "Polygon", "coordinates": [[[-43.362768, -22.837975, 0], [-43.362773, -22.837978, 0], [-43.362799, -22.837992, 0], [-43.362804, -22.837978, 0], [-43.362814, -22.837953, 0], [-43.362817, -22.837945, 0], [-43.362757, -22.837923, 0], [-43.362737, -22.837915, 0], [-43.3627, -22.837901, 0], [-43.362682, -22.837895, 0], [-43.362672, -22.837934, 0], [-43.362768, -22.837975, 0]]]}, "properties": {"address": "122652, 0"}},
{"type": "Feature", "geometry": {"type": "Polygon", "coordinates": [[[-43.362619, -22.838101, 0], [-43.362616, -22.838114, 0], [-43.362617, -22.838122, 0], [-43.362622, -22.838134, 0], [-43.362628, -22.838144, 0], [-43.362634, -22.838152, 0], [-43.362678, -22.838186, 0], [-43.362691, -22.838167, 0], [-43.362697, -22.83816, 0], [-43.362705, -22.838147, 0], [-43.362697, -22.838141, 0], [-43.362723, -22.838102, 0], [-43.362722, -22.838102, 0], [-43.362697, -22.838087, 0], [-43.362671, -22.83807, 0], [-43.362645, -22.838054, 0], [-43.362634, -22.838047, 0], [-43.362625, -22.838082, 0], [-43.362619, -22.838101, 0]]]}, "properties": {"address": "122732, 0"}},
{"type": "Feature", "geometry": {"type": "Polygon", "coordinates": [[[-43.35606, -22.838502, 0], [-43.356133, -22.838517, 0], [-43.356144, -22.838519, 0], [-43.356175, -22.838482, 0], [-43.356163, -22.83848, 0], [-43.356142, -22.838476, 0], [-43.356094, -22.838467, 0], [-43.35605, -22.838459, 0], [-43.356021, -22.838454, 0], [-43.355947, -22.83844, 0], [-43.35594, -22.838471, 0], [-43.355939, -22.838479, 0], [-43.355978, -22.838486, 0], [-43.356012, -22.838493, 0], [-43.356034, -22.838497, 0], [-43.35606, -22.838502, 0]]]}, "properties": {"address": "120679, 672407"}},
{"type": "Feature", "geometry": {"type": "Polygon", "coordinates": [[[-43.355951, -22.838422, 0], [-43.355947, -22.83844, 0], [-43.356021, -22.838454, 0], [-43.35605, -22.838459, 0], [-43.356094, -22.838467, 0], [-43.356142, -22.838476, 0], [-43.356163, -22.83848, 0], [-43.356175, -22.838482, 0], [-43.356182, -22.838463, 0], [-43.356206, -22.838389, 0], [-43.356159, -22.83838, 0], [-43.356073, -22.838363, 0], [-43.356057, -22.83836, 0], [-43.35605, -22.838359, 0], [-43.356026, -22.838354, 0], [-43.355968, -22.838343, 0], [-43.355968, -22.838344, 0], [-43.355951, -22.838422, 0]]]}, "properties": {"address": "120679, 49257"}},
{"type": "Feature", "geometry": {"type": "Polygon", "coordinates": [[[-43.356012, -22.838493, 0], [-43.355978, -22.838486, 0], [-43.355939, -22.838479, 0], [-43.355934, -22.838501, 0], [-43.355921, -22.838559, 0], [-43.35592, -22.838567, 0], [-43.355917, -22.83858, 0], [-43.355907, -22.838628, 0], [-43.355901, -22.838659, 0], [-43.355899, -22.838666, 0], [-43.355891, -22.838704, 0], [-43.356004, -22.838626, 0], [-43.356049, -22.838592, 0], [-43.356064, -22.83858, 0], [-43.356144, -22.838519, 0], [-43.356133, -22.838517, 0], [-43.35606, -22.838502, 0], [-43.356034, -22.838497, 0], [-43.356012, -22.838493, 0]]]}, "properties": {"address": "120679, 672431"}},
{"type": "Feature", "geometry": {"type": "Polygon", "coordinates": [[[-43.356467, -22.838712, 0], [-43.356535, -22.838662, 0], [-43.356382, -22.838483, 0], [-43.356315, -22.838534, 0], [-43.356467, -22.838712, 0]]]}, "properties": {"address": "120679, 746089"}},
{"type": "Feature", "geometry": {"type": "Polygon", "coordinates": [[[-43.363059, -22.838244, 0], [-43.363022, -22.838287, 0], [-43.363022, -22.838288, 0], [-43.363006, -22.838306, 0], [-43.362999, -22.838315, 0], [-43.362955, -22.838367, 0], [-43.362937, -22.838387, 0], [-43.362972, -22.838413, 0], [-43.362973, -22.838414, 0], [-43.36299, -22.838394, 0], [-43.363034, -22.838342, 0], [-43.363048, -22.838326, 0], [-43.363088, -22.838279, 0], [-43.363112, -22.83825, 0], [-43.363077, -22.838223, 0], [-43.363073, -22.838228, 0], [-43.363059, -22.838244, 0]]]}, "properties": {"address": "122652, 0"}},
{"type": "Feature", "geometry": {"type": "Polygon", "coordinates": [[[-43.363021, -22.838217, 0], [-43.362984, -22.83826, 0], [-43.362961, -22.838286, 0], [-43.362917, -22.838338, 0], [-43.362899, -22.838359, 0], [-43.362901, -22.83836, 0], [-43.362919, -22.838373, 0], [-43.362937, -22.838387, 0], [-43.362955, -22.838367, 0], [-43.362999, -22.838315, 0], [-43.363006, -22.838306, 0], [-43.363022, -22.838288, 0], [-43.363022, -22.838287, 0], [-43.363059, -22.838244, 0], [-43.363073, -22.838228, 0], [-43.363077, -22.838223, 0], [-43.36304, -22.838194, 0], [-43.363038, -22.838197, 0], [-43.363021, -22.838217, 0]]]}, "properties": {"address": "122652, 0"}},
{"type": "Feature", "geometry": {"type": "Polygon", "coordinates": [[[-43.362867, -22.838036, 0], [-43.362912, -22.838068, 0], [-43.36292, -22.83805, 0], [-43.362931, -22.838025, 0], [-43.362932, -22.83802, 0], [-43.362938, -22.838007, 0], [-43.362957, -22.837962, 0], [-43.362966, -22.837941, 0], [-43.362938, -22.837931, 0], [-43.362921, -22.837925, 0], [-43.362913, -22.837922, 0], [-43.362906, -22.83794, 0], [-43.362906, -22.837941, 0], [-43.362882, -22.837999, 0], [-43.362867, -22.838036, 0]]]}, "properties": {"address": "122652, 0"}},
{"type": "Feature", "geometry": {"type": "Polygon", "coordinates": [[[-43.362931, -22.83825, 0], [-43.362925, -22.838258, 0], [-43.362881, -22.838311, 0], [-43.362864, -22.838332, 0], [-43.362879, -22.838343, 0], [-43.362883, -22.838346, 0], [-43.362899, -22.838359, 0], [-43.362917, -22.838338, 0], [-43.362961, -22.838286, 0], [-43.362984, -22.83826, 0], [-43.363021, -22.838217, 0], [-43.363038, -22.838197, 0], [-43.36304, -22.838194, 0], [-43.363013, -22.838173, 0], [-43.363009, -22.83817, 0], [-43.363002, -22.838165, 0], [-43.362948, -22.838229, 0], [-43.362931, -22.83825, 0]]]}, "properties": {"address": "122652, 0"}},
{"type": "Feature", "geometry": {"type": "Polygon", "coordinates": [[[-43.362896, -22.838222, 0], [-43.362888, -22.838231, 0], [-43.362844, -22.838283, 0], [-43.362827, -22.838303, 0], [-43.362842, -22.838315, 0], [-43.362858, -22.838328, 0], [-43.362864, -22.838332, 0], [-43.362881, -22.838311, 0], [-43.362925, -22.838258, 0], [-43.362931, -22.83825, 0], [-43.362948, -22.838229, 0], [-43.363002, -22.838165, 0], [-43.362966, -22.838139, 0], [-43.362938, -22.838172, 0], [-43.362896, -22.838222, 0]]]}, "properties": {"address": "122652, 0"}},
{"type": "Feature", "geometry": {"type": "Polygon", "coordinates": [[[-43.362859, -22.838192, 0], [-43.36285, -22.838201, 0], [-43.362805, -22.838254, 0], [-43.362788, -22.838272, 0], [-43.362827, -22.838303, 0], [-43.362844, -22.838283, 0], [-43.362888, -22.838231, 0], [-43.362896, -22.838222, 0], [-43.362938, -22.838172, 0], [-43.362966, -22.838139, 0], [-43.362929, -22.838113, 0], [-43.362876, -22.838172, 0], [-43.362859, -22.838192, 0]]]}, "properties": {"address": "122652, 0"}},
{"type": "Feature", "geometry": {"type": "Polygon", "coordinates": [[[-43.362828, -22.838171, 0], [-43.362777, -22.838232, 0], [-43.362761, -22.838251, 0], [-43.362788, -22.838272, 0], [-43.362805, -22.838254, 0], [-43.36285, -22.838201, 0], [-43.362859, -22.838192, 0], [-43.362876, -22.838172, 0], [-43.362929, -22.838113, 0], [-43.362896, -22.838089, 0], [-43.362848, -22.838147, 0], [-43.362828, -22.838171, 0]]]}, "properties": {"address": "122652, 0"}},
{"type": "Feature", "geometry": {"type": "Polygon", "coordinates": [[[-43.362796, -22.838146, 0], [-43.362789, -22.838155, 0], [-43.362746, -22.838209, 0], [-43.362731, -22.838227, 0], [-43.362736, -22.838232, 0], [-43.362761, -22.838251, 0], [-43.362777, -22.838232, 0], [-43.362828, -22.838171, 0], [-43.362848, -22.838147, 0], [-43.362896, -22.838089, 0], [-43.362891, -22.838085, 0], [-43.362862, -22.838065, 0], [-43.362812, -22.838128, 0], [-43.362796, -22.838146, 0]]]}, "properties": {"address": "122652, 0"}},
{"type": "Feature", "geometry": {"type": "Polygon", "coordinates": [[[-43.36281, -22.838033, 0], [-43.362802, -22.838044, 0], [-43.362778, -22.838079, 0], [-43.362753, -22.838113, 0], [-43.362733, -22.838101, 0], [-43.36273, -22.838105, 0], [-43.362723, -22.838102, 0], [-43.362697, -22.838141, 0], [-43.362705, -22.838147, 0], [-43.362697, -22.83816, 0], [-43.362691, -22.838167, 0], [-43.362678, -22.838186, 0], [-43.362731, -22.838227, 0], [-43.362746, -22.838209, 0], [-43.362789, -22.838155, 0], [-43.362796, -22.838146, 0], [-43.362812, -22.838128, 0], [-43.362862, -22.838065, 0], [-43.36281, -22.838033, 0]]]}, "properties": {"address": "122652, 0"}},
{"type": "Feature", "geometry": {"type": "Polygon", "coordinates": [[[-43.362714, -22.837979, 0], [-43.362671, -22.837956, 0], [-43.362662, -22.83795, 0], [-43.362648, -22.837998, 0], [-43.362647, -22.838001, 0], [-43.362686, -22.838024, 0], [-43.362778, -22.838079, 0], [-43.362802, -22.838044, 0], [-43.36281, -22.838033, 0], [-43.362776, -22.838012, 0], [-43.362714, -22.837979, 0]]]}, "properties": {"address": "122652, 0"}},
{"type": "Feature", "geometry": {"type": "Polygon", "coordinates": [[[-43.361387, -22.837767, 0], [-43.361359, -22.837806, 0], [-43.361425, -22.837848, 0], [-43.361521, -22.837711, 0], [-43.361459, -22.837671, 0], [-43.361387, -22.837767, 0]]]}, "properties": {"address": "122645, 0"}},
{"type": "Feature", "geometry": {"type": "Polygon", "coordinates": [[[-43.362931, -22.838025, 0], [-43.36292, -22.83805, 0], [-43.362912, -22.838068, 0], [-43.362971, -22.838109, 0], [-43.362979, -22.838087, 0], [-43.362985, -22.838071, 0], [-43.362989, -22.83806, 0], [-43.362996, -22.83804, 0], [-43.363001, -22.838028, 0], [-43.362963, -22.838016, 0], [-43.362959, -22.838014, 0], [-43.362938, -22.838007, 0], [-43.362932, -22.83802, 0], [-43.362931, -22.838025, 0]]]}, "properties": {"address": "122652, 0"}},
{"type": "Feature", "geometry": {"type": "Polygon", "coordinates": [[[-43.362938, -22.838007, 0], [-43.362959, -22.838014, 0], [-43.362963, -22.838016, 0], [-43.363001, -22.838028, 0], [-43.363025, -22.837962, 0], [-43.362985, -22.837948, 0], [-43.362966, -22.837941, 0], [-43.362957, -22.837962, 0], [-43.362938, -22.838007, 0]]]}, "properties": {"address": "122652, 0"}},
{"type": "Feature", "geometry": {"type": "Polygon", "coordinates": [[[-43.35826, -22.837405, 0], [-43.358328, -22.837354, 0], [-43.358177, -22.837175, 0], [-43.358106, -22.837227, 0], [-43.35826, -22.837405, 0]]]}, "properties": {"address": "122611, 742193"}},
{"type": "Feature", "geometry": {"type": "Polygon", "coordinates": [[[-43.362906, -22.837941, 0], [-43.362906, -22.83794, 0], [-43.362913, -22.837922, 0], [-43.362859, -22.837903, 0], [-43.362838, -22.837896, 0], [-43.362836, -22.837895, 0], [-43.362832, -22.837905, 0], [-43.362814, -22.837953, 0], [-43.362804, -22.837978, 0], [-43.362799, -22.837992, 0], [-43.362801, -22.837993, 0], [-43.362842, -22.83802, 0], [-43.362854, -22.838027, 0], [-43.362864, -22.838034, 0], [-43.362867, -22.838036, 0], [-43.362882, -22.837999, 0], [-43.362906, -22.837941, 0]]]}, "properties": {"address": "122652, 0"}},
{"type": "Feature", "geometry": {"type": "Polygon", "coordinates": [[[-43.3627, -22.837901, 0], [-43.362737, -22.837915, 0], [-43.362757, -22.837923, 0], [-43.362817, -22.837945, 0], [-43.362832, -22.837905, 0], [-43.362836, -22.837895, 0], [-43.362803, -22.837886, 0], [-43.362752, -22.837872, 0], [-43.362689, -22.837866, 0], [-43.362682, -22.837895, 0], [-43.3627, -22.837901, 0]]]}, "properties": {"address": "122652, 0"}},
{"type": "Feature", "geometry": {"type": "Polygon", "coordinates": [[[-43.362738, -22.837786, 0], [-43.362781, -22.837791, 0], [-43.362784, -22.837791, 0], [-43.36279, -22.837755, 0], [-43.362744, -22.83775, 0], [-43.362706, -22.837746, 0], [-43.362696, -22.837782, 0], [-43.362738, -22.837786, 0]]]}, "properties": {"address": "200179, 0"}},
{"type": "Feature", "geometry": {"type": "Polygon", "coordinates": [[[-43.362969, -22.83781, 0], [-43.362968, -22.83784, 0], [-43.362967, -22.837842, 0], [-43.362966, -22.837868, 0], [-43.363007, -22.837871, 0], [-43.363008, -22.837844, 0], [-43.363011, -22.837811, 0], [-43.363011, -22.837801, 0], [-43.363002, -22.837801, 0], [-43.36297, -22.837799, 0], [-43.362969, -22.837808, 0], [-43.362969, -22.83781, 0]]]}, "properties": {"address": "122652, 0"}},
{"type": "Feature", "geometry": {"type": "Polygon", "coordinates": [[[-43.362919, -22.837865, 0], [-43.362943, -22.837867, 0], [-43.362966, -22.837868, 0], [-43.362967, -22.837842, 0], [-43.362968, -22.83784, 0], [-43.362969, -22.83781, 0], [-43.362969, -22.837808, 0], [-43.36297, -22.837799, 0], [-43.362961, -22.837799, 0], [-43.362947, -22.837798, 0], [-43.362921, -22.837797, 0], [-43.36292, -22.837838, 0], [-43.362919, -22.837865, 0]]]}, "properties": {"info": {"is_agg": true, "properties_agg": [{"via": 122652, "hnum": 0, "feature_id": 442785}], "geom_cmp_equals": [false], "geom_cmp_intersec": [0]}, "error": 100, "address": "122652, 0"}},
{"type": "Feature", "geometry": {"type": "Polygon", "coordinates": [[[-43.362848, -22.837861, 0], [-43.362896, -22.837864, 0], [-43.3629, -22.837796, 0], [-43.362889, -22.837796, 0], [-43.362863, -22.837795, 0], [-43.362853, -22.837794, 0], [-43.362852, -22.83781, 0], [-43.362848, -22.837861, 0]]]}, "properties": {"address": "122652, 0"}},
{"type": "Feature", "geometry": {"type": "Polygon", "coordinates": [[[-43.362798, -22.837832, 0], [-43.362795, -22.837857, 0], [-43.3628, -22.837858, 0], [-43.362848, -22.837861, 0], [-43.362852, -22.83781, 0], [-43.362853, -22.837794, 0], [-43.362836, -22.837794, 0], [-43.362815, -22.837793, 0], [-43.362802, -22.837792, 0], [-43.3628, -22.837807, 0], [-43.362798, -22.837832, 0]]]}, "properties": {"address": "122652, 0"}},
{"type": "Feature", "geometry": {"type": "Polygon", "coordinates": [[[-43.36271, -22.837843, 0], [-43.362795, -22.837857, 0], [-43.362798, -22.837832, 0], [-43.3628, -22.837807, 0], [-43.362802, -22.837792, 0], [-43.362784, -22.837791, 0], [-43.362781, -22.837791, 0], [-43.362738, -22.837786, 0], [-43.362696, -22.837782, 0], [-43.36268, -22.837838, 0], [-43.36271, -22.837843, 0]]]}, "properties": {"address": "200179, 0"}},
{"type": "Feature", "geometry": {"type": "Polygon", "coordinates": [[[-43.362878, -22.837672, 0], [-43.362878, -22.837674, 0], [-43.362874, -22.837705, 0], [-43.362874, -22.837706, 0], [-43.36287, -22.837705, 0], [-43.362869, -22.837705, 0], [-43.362796, -22.837697, 0], [-43.362722, -22.837689, 0], [-43.36272, -22.837695, 0], [-43.362706, -22.837746, 0], [-43.362744, -22.83775, 0], [-43.36279, -22.837755, 0], [-43.362784, -22.837791, 0], [-43.362802, -22.837792, 0], [-43.362815, -22.837793, 0], [-43.362836, -22.837794, 0], [-43.362853, -22.837794, 0], [-43.362863, -22.837795, 0], [-43.362889, -22.837796, 0], [-43.3629, -22.837796, 0], [-43.362916, -22.837797, 0], [-43.362921, -22.837797, 0], [-43.362947, -22.837798, 0], [-43.362955, -22.837715, 0], [-43.362963, -22.837664, 0], [-43.36294, -22.837662, 0], [-43.362888, -22.837653, 0], [-43.36288, -22.837652, 0], [-43.36288, -22.837657, 0], [-43.362878, -22.837672, 0]]]}, "properties": {"address": "200179, 0"}},
{"type": "Feature", "geometry": {"type": "Polygon", "coordinates": [[[-43.36288, -22.837652, 0], [-43.362859, -22.837648, 0], [-43.362772, -22.837632, 0], [-43.362741, -22.837627, 0], [-43.362725, -22.83768, 0], [-43.362722, -22.837689, 0], [-43.362796, -22.837697, 0], [-43.362869, -22.837705, 0], [-43.36287, -22.837705, 0], [-43.362874, -22.837706, 0], [-43.362874, -22.837705, 0], [-43.362878, -22.837674, 0], [-43.362878, -22.837672, 0], [-43.36288, -22.837657, 0], [-43.36288, -22.837652, 0]]]}, "properties": {"address": "200179, 0"}},
{"type": "Feature", "geometry": {"type": "Polygon", "coordinates": [[[-43.362176, -22.837761, 0], [-43.362224, -22.837788, 0], [-43.362246, -22.837801, 0], [-43.362347, -22.837859, 0], [-43.362363, -22.837868, 0], [-43.362397, -22.837887, 0], [-43.362437, -22.83791, 0], [-43.362446, -22.837915, 0], [-43.362467, -22.837928, 0], [-43.36248, -22.837877, 0], [-43.362462, -22.837867, 0], [-43.362443, -22.837857, 0], [-43.362432, -22.837851, 0], [-43.362391, -22.837828, 0], [-43.362375, -22.837819, 0], [-43.36237, -22.837817, 0], [-43.362313, -22.837783, 0], [-43.362303, -22.837777, 0], [-43.362286, -22.837767, 0], [-43.362258, -22.83775, 0], [-43.362231, -22.837736, 0], [-43.362227, -22.837743, 0], [-43.362186, -22.837723, 0], [-43.362177, -22.837737, 0], [-43.362167, -22.837755, 0], [-43.362176, -22.837761, 0]]]}, "properties": {"address": "200179, 0"}},
{"type": "Feature", "geometry": {"type": "Polygon", "coordinates": [[[-43.362303, -22.837777, 0], [-43.362313, -22.837783, 0], [-43.36237, -22.837817, 0], [-43.362375, -22.837819, 0], [-43.362391, -22.837828, 0], [-43.362432, -22.837851, 0], [-43.362443, -22.837857, 0], [-43.362462, -22.837867, 0], [-43.36248, -22.837877, 0], [-43.362487, -22.837849, 0], [-43.362488, -22.837844, 0], [-43.362492, -22.83783, 0], [-43.36244, -22.837799, 0], [-43.362399, -22.837774, 0], [-43.362328, -22.837731, 0], [-43.362327, -22.837731, 0], [-43.362314, -22.837722, 0], [-43.362286, -22.837767, 0], [-43.362303, -22.837777, 0]]]}, "properties": {"address": "200179, 0"}},
{"type": "Feature", "geometry": {"type": "Polygon", "coordinates": [[[-43.362298, -22.837712, 0], [-43.362314, -22.837722, 0], [-43.362327, -22.837731, 0], [-43.362328, -22.837731, 0], [-43.362399, -22.837774, 0], [-43.36244, -22.837799, 0], [-43.362492, -22.83783, 0], [-43.3625, -22.837801, 0], [-43.362517, -22.837739, 0], [-43.362449, -22.837699, 0], [-43.362395, -22.837667, 0], [-43.362397, -22.837664, 0], [-43.36238, -22.837656, 0], [-43.362336, -22.837633, 0], [-43.36231, -22.837688, 0], [-43.362298, -22.837712, 0]]]}, "properties": {"address": "200179, 0"}},
{"type": "Feature", "geometry": {"type": "Polygon", "coordinates": [[[-43.35925, -22.83866, 0], [-43.359278, -22.83856, 0], [-43.359273, -22.838558, 0], [-43.359176, -22.838531, 0], [-43.359174, -22.838531, 0], [-43.359138, -22.838634, 0], [-43.35925, -22.83866, 0]]]}, "properties": {"address": "122616, 0"}},
{"type": "Feature", "geometry": {"type": "Polygon", "coordinates": [[[-43.359116, -22.838629, 0], [-43.359138, -22.838634, 0], [-43.359174, -22.838531, 0], [-43.359091, -22.838508, 0], [-43.359074, -22.838503, 0], [-43.359036, -22.838609, 0], [-43.359116, -22.838629, 0]]]}, "properties": {"address": "122616, 0"}},
{"type": "Feature", "geometry": {"type": "Polygon", "coordinates": [[[-43.359036, -22.838609, 0], [-43.359074, -22.838503, 0], [-43.35906, -22.838499, 0], [-43.358995, -22.838482, 0], [-43.358965, -22.838591, 0], [-43.359036, -22.838609, 0]]]}, "properties": {"address": "122616, 0"}},
{"type": "Feature", "geometry": {"type": "Polygon", "coordinates": [[[-43.35888, -22.83857, 0], [-43.358915, -22.838578, 0], [-43.358965, -22.838591, 0], [-43.358995, -22.838482, 0], [-43.358998, -22.838469, 0], [-43.358943, -22.838457, 0], [-43.358909, -22.83845, 0], [-43.358906, -22.83846, 0], [-43.35888, -22.83857, 0]]]}, "properties": {"address": "122616, 0"}},
{"type": "Feature", "geometry": {"type": "Polygon", "coordinates": [[[-43.358586, -22.838494, 0], [-43.358681, -22.838519, 0], [-43.358679, -22.838381, 0], [-43.358663, -22.838376, 0], [-43.358619, -22.838364, 0], [-43.358585, -22.838358, 0], [-43.358543, -22.838351, 0], [-43.358585, -22.838494, 0], [-43.358586, -22.838494, 0]]]}, "properties": {"address": "122616, 0"}},
{"type": "Feature", "geometry": {"type": "Polygon", "coordinates": [[[-43.358051, -22.837556, 0], [-43.358123, -22.837505, 0], [-43.357971, -22.837326, 0], [-43.357902, -22.837377, 0], [-43.358051, -22.837556, 0]]]}, "properties": {"address": "122611, 742197"}},
{"type": "Feature", "geometry": {"type": "Polygon", "coordinates": [[[-43.358801, -22.838551, 0], [-43.35888, -22.83857, 0], [-43.358906, -22.83846, 0], [-43.358909, -22.83845, 0], [-43.358881, -22.838446, 0], [-43.358822, -22.838428, 0], [-43.358805, -22.838423, 0], [-43.358729, -22.838398, 0], [-43.358692, -22.838386, 0], [-43.358679, -22.838381, 0], [-43.358681, -22.838519, 0], [-43.358801, -22.838551, 0]]]}, "properties": {"address": "122616, 0"}},
{"type": "Feature", "geometry": {"type": "Polygon", "coordinates": [[[-43.358527, -22.838464, 0], [-43.35856, -22.838482, 0], [-43.358585, -22.838494, 0], [-43.358543, -22.838351, 0], [-43.358585, -22.838358, 0], [-43.358606, -22.838247, 0], [-43.358558, -22.83823, 0], [-43.358528, -22.838222, 0], [-43.358505, -22.838216, 0], [-43.358495, -22.838282, 0], [-43.358527, -22.838464, 0]]]}, "properties": {"address": "122616, 0"}},
{"type": "Feature", "geometry": {"type": "Polygon", "coordinates": [[[-43.357982, -22.837605, 0], [-43.358051, -22.837556, 0], [-43.357902, -22.837377, 0], [-43.357831, -22.837429, 0], [-43.357982, -22.837605, 0]]]}, "properties": {"address": "122611, 669353"}},
{"type": "Feature", "geometry": {"type": "Polygon", "coordinates": [[[-43.354114, -22.836955, 0], [-43.354213, -22.836974, 0], [-43.354243, -22.836841, 0], [-43.35424, -22.83684, 0], [-43.354143, -22.836822, 0], [-43.354115, -22.836951, 0], [-43.354114, -22.836955, 0]]]}, "properties": {"address": "121613, 340089"}},
{"type": "Feature", "geometry": {"type": "Polygon", "coordinates": [[[-43.359142, -22.835681, 0], [-43.359043, -22.835697, 0], [-43.359347, -22.836186, 0], [-43.3595, -22.836075, 0], [-43.35974, -22.835899, 0], [-43.35975, -22.835893, 0], [-43.359758, -22.835886, 0], [-43.359767, -22.835879, 0], [-43.359775, -22.835871, 0], [-43.359782, -22.835863, 0], [-43.359789, -22.835854, 0], [-43.359795, -22.835845, 0], [-43.359801, -22.835835, 0], [-43.359806, -22.835825, 0], [-43.35981, -22.835814, 0], [-43.359813, -22.835804, 0], [-43.359815, -22.835793, 0], [-43.359817, -22.835783, 0], [-43.359817, -22.835761, 0], [-43.359816, -22.835751, 0], [-43.359796, -22.835648, 0], [-43.35979, -22.835635, 0], [-43.359782, -22.835624, 0], [-43.359777, -22.835618, 0], [-43.359772, -22.835613, 0], [-43.35976, -22.835603, 0], [-43.359754, -22.8356, 0], [-43.359747, -22.835596, 0], [-43.35974, -22.835593, 0], [-43.359719, -22.835587, 0], [-43.359704, -22.835586, 0], [-43.359507, -22.83562, 0], [-43.359142, -22.835681, 0]]]}, "properties": {"address": "121616, 669219"}},
{"type": "Feature", "geometry": {"type": "Polygon", "coordinates": [[[-43.353703, -22.837726, 0], [-43.353714, -22.837674, 0], [-43.353567, -22.83765, 0], [-43.353557, -22.837699, 0], [-43.353703, -22.837726, 0]]]}, "properties": {"address": "121612, 0"}},
{"type": "Feature", "geometry": {"type": "Polygon", "coordinates": [[[-43.361887, -22.838487, 0], [-43.361905, -22.838501, 0], [-43.36197, -22.838404, 0], [-43.361972, -22.838406, 0], [-43.36203, -22.838303, 0], [-43.361992, -22.838277, 0], [-43.361869, -22.838474, 0], [-43.361887, -22.838487, 0]]]}, "properties": {"address": "122645, 0"}},
{"type": "Feature", "geometry": {"type": "Polygon", "coordinates": [[[-43.353049, -22.83646, 0], [-43.353014, -22.836652, 0], [-43.35305, -22.836704, 0], [-43.353352, -22.836804, 0], [-43.35337, -22.836804, 0], [-43.353391, -22.836798, 0], [-43.353398, -22.836795, 0], [-43.353404, -22.836791, 0], [-43.35341, -22.836786, 0], [-43.353415, -22.836781, 0], [-43.353419, -22.836776, 0], [-43.353423, -22.83677, 0], [-43.353486, -22.836464, 0], [-43.353506, -22.83637, 0], [-43.353282, -22.836337, 0], [-43.353077, -22.836306, 0], [-43.353061, -22.836395, 0], [-43.353049, -22.83646, 0]]]}, "properties": {"address": "121614, 48059"}},
{"type": "Feature", "geometry": {"type": "Polygon", "coordinates": [[[-43.352753, -22.836963, 0], [-43.352862, -22.836987, 0], [-43.352899, -22.836834, 0], [-43.35282, -22.836818, 0], [-43.352755, -22.836961, 0], [-43.352753, -22.836963, 0]]]}, "properties": {"address": "121614, 396703"}},
{"type": "Feature", "geometry": {"type": "Polygon", "coordinates": [[[-43.353056, -22.837178, 0], [-43.353066, -22.837189, 0], [-43.353094, -22.837195, 0], [-43.353161, -22.836886, 0], [-43.353051, -22.836866, 0], [-43.35298, -22.837162, 0], [-43.353056, -22.837178, 0]]]}, "properties": {"address": "121614, 669041"}},
{"type": "Feature", "geometry": {"type": "Polygon", "coordinates": [[[-43.352944, -22.837156, 0], [-43.35298, -22.837162, 0], [-43.353051, -22.836866, 0], [-43.353017, -22.836856, 0], [-43.352899, -22.836834, 0], [-43.352862, -22.836987, 0], [-43.352753, -22.836963, 0], [-43.352683, -22.83712, 0], [-43.352864, -22.837143, 0], [-43.352944, -22.837156, 0]]]}, "properties": {"address": "121614, 742010"}},
{"type": "Feature", "geometry": {"type": "Polygon", "coordinates": [[[-43.353092, -22.837203, 0], [-43.353152, -22.837215, 0], [-43.353149, -22.83723, 0], [-43.353205, -22.837239, 0], [-43.353244, -22.837056, 0], [-43.353276, -22.836907, 0], [-43.353161, -22.836886, 0], [-43.353094, -22.837195, 0], [-43.353092, -22.837203, 0]]]}, "properties": {"address": "121614, 51195"}},
{"type": "Feature", "geometry": {"type": "Polygon", "coordinates": [[[-43.356751, -22.836565, 0], [-43.3568, -22.836575, 0], [-43.35684, -22.836582, 0], [-43.356879, -22.836589, 0], [-43.356912, -22.836596, 0], [-43.356965, -22.836606, 0], [-43.356982, -22.836527, 0], [-43.356948, -22.83652, 0], [-43.356935, -22.836518, 0], [-43.356854, -22.836503, 0], [-43.356772, -22.836487, 0], [-43.356745, -22.836482, 0], [-43.356727, -22.836561, 0], [-43.356751, -22.836565, 0]]]}, "properties": {"address": "121802, 742326"}},
{"type": "Feature", "geometry": {"type": "Polygon", "coordinates": [[[-43.360797, -22.837689, 0], [-43.360778, -22.837746, 0], [-43.360768, -22.837774, 0], [-43.360803, -22.837787, 0], [-43.360804, -22.837785, 0], [-43.36081, -22.837787, 0], [-43.360813, -22.83778, 0], [-43.360918, -22.837636, 0], [-43.36082, -22.837599, 0], [-43.360819, -22.837601, 0], [-43.360797, -22.837689, 0]]]}, "properties": {"address": "122645, 0"}},
{"type": "Feature", "geometry": {"type": "Polygon", "coordinates": [[[-43.356477, -22.83784, 0], [-43.356561, -22.837856, 0], [-43.35662, -22.837867, 0], [-43.356687, -22.83788, 0], [-43.356692, -22.837856, 0], [-43.356695, -22.837843, 0], [-43.356705, -22.837801, 0], [-43.356597, -22.837781, 0], [-43.356572, -22.837776, 0], [-43.356486, -22.837759, 0], [-43.356466, -22.837755, 0], [-43.356449, -22.837834, 0], [-43.356477, -22.83784, 0]]]}, "properties": {"address": "121802, 669303"}},
{"type": "Feature", "geometry": {"type": "Polygon", "coordinates": [[[-43.360635, -22.837627, 0], [-43.360609, -22.837718, 0], [-43.360635, -22.837728, 0], [-43.36069, -22.837746, 0], [-43.36074, -22.837573, 0], [-43.360741, -22.837569, 0], [-43.36066, -22.837537, 0], [-43.360623, -22.837622, 0], [-43.360635, -22.837627, 0]]]}, "properties": {"address": "122645, 0"}},
{"type": "Feature", "geometry": {"type": "Polygon", "coordinates": [[[-43.356414, -22.837993, 0], [-43.35643, -22.837996, 0], [-43.35644, -22.837998, 0], [-43.356489, -22.838007, 0], [-43.356505, -22.83801, 0], [-43.356564, -22.838022, 0], [-43.356583, -22.838025, 0], [-43.356599, -22.838029, 0], [-43.356651, -22.838039, 0], [-43.356669, -22.837958, 0], [-43.356632, -22.837951, 0], [-43.356619, -22.837949, 0], [-43.356604, -22.837946, 0], [-43.356541, -22.837934, 0], [-43.356432, -22.837914, 0], [-43.356414, -22.837992, 0], [-43.356414, -22.837993, 0]]]}, "properties": {"address": "121802, 742240"}},
{"type": "Feature", "geometry": {"type": "Polygon", "coordinates": [[[-43.356186, -22.83735, 0], [-43.356197, -22.837352, 0], [-43.356216, -22.837355, 0], [-43.356225, -22.837357, 0], [-43.356242, -22.83736, 0], [-43.356257, -22.837363, 0], [-43.356273, -22.837366, 0], [-43.356274, -22.837366, 0], [-43.356362, -22.837383, 0], [-43.356378, -22.837386, 0], [-43.356401, -22.83739, 0], [-43.356423, -22.837394, 0], [-43.35644, -22.837317, 0], [-43.35644, -22.837315, 0], [-43.356413, -22.83731, 0], [-43.356395, -22.837307, 0], [-43.356355, -22.837299, 0], [-43.356341, -22.837297, 0], [-43.356275, -22.837285, 0], [-43.356246, -22.837279, 0], [-43.356242, -22.837278, 0], [-43.356203, -22.837271, 0], [-43.356187, -22.837344, 0], [-43.356186, -22.83735, 0]]]}, "properties": {"address": "121802, 742175"}},
{"type": "Feature", "geometry": {"type": "Polygon", "coordinates": [[[-43.356437, -22.837891, 0], [-43.356432, -22.837914, 0], [-43.356541, -22.837934, 0], [-43.356604, -22.837946, 0], [-43.356619, -22.837949, 0], [-43.356632, -22.837951, 0], [-43.356669, -22.837958, 0], [-43.356683, -22.837897, 0], [-43.356686, -22.837885, 0], [-43.356687, -22.83788, 0], [-43.35662, -22.837867, 0], [-43.356561, -22.837856, 0], [-43.356477, -22.83784, 0], [-43.356449, -22.837834, 0], [-43.356449, -22.837835, 0], [-43.356437, -22.837891, 0]]]}, "properties": {"address": "121802, 742239"}},
{"type": "Feature", "geometry": {"type": "Polygon", "coordinates": [[[-43.356546, -22.838101, 0], [-43.356555, -22.838103, 0], [-43.356635, -22.838118, 0], [-43.356639, -22.8381, 0], [-43.35665, -22.838045, 0], [-43.35665, -22.838044, 0], [-43.356651, -22.838039, 0], [-43.356599, -22.838029, 0], [-43.356583, -22.838025, 0], [-43.356564, -22.838022, 0], [-43.356505, -22.83801, 0], [-43.356489, -22.838007, 0], [-43.35644, -22.837998, 0], [-43.35643, -22.837996, 0], [-43.356414, -22.837993, 0], [-43.356397, -22.838073, 0], [-43.356546, -22.838101, 0]]]}, "properties": {"address": "121802, 746128"}},
{"type": "Feature", "geometry": {"type": "Polygon", "coordinates": [[[-43.35604, -22.838023, 0], [-43.356039, -22.838026, 0], [-43.356039, -22.838027, 0], [-43.356025, -22.838087, 0], [-43.356022, -22.838102, 0], [-43.356053, -22.838108, 0], [-43.356059, -22.838109, 0], [-43.356157, -22.838128, 0], [-43.35622, -22.83814, 0], [-43.356253, -22.838146, 0], [-43.35626, -22.838148, 0], [-43.356264, -22.838131, 0], [-43.356274, -22.838087, 0], [-43.356278, -22.838069, 0], [-43.356252, -22.838064, 0], [-43.35625, -22.838064, 0], [-43.356179, -22.83805, 0], [-43.356109, -22.838036, 0], [-43.356101, -22.838035, 0], [-43.356045, -22.838024, 0], [-43.35604, -22.838023, 0]]]}, "properties": {"address": "121802, 52290"}},
{"type": "Feature", "geometry": {"type": "Polygon", "coordinates": [[[-43.356296, -22.837988, 0], [-43.35612, -22.837956, 0], [-43.356062, -22.837946, 0], [-43.356059, -22.837946, 0], [-43.356058, -22.837945, 0], [-43.356056, -22.837945, 0], [-43.35604, -22.838022, 0], [-43.35604, -22.838023, 0], [-43.356045, -22.838024, 0], [-43.356101, -22.838035, 0], [-43.356109, -22.838036, 0], [-43.356179, -22.83805, 0], [-43.35625, -22.838064, 0], [-43.356252, -22.838064, 0], [-43.356278, -22.838069, 0], [-43.356294, -22.837999, 0], [-43.356296, -22.837988, 0]]]}, "properties": {"address": "121802, 439582"}},
{"type": "Feature", "geometry": {"type": "Polygon", "coordinates": [[[-43.356056, -22.837944, 0], [-43.356056, -22.837945, 0], [-43.356058, -22.837945, 0], [-43.356059, -22.837946, 0], [-43.356062, -22.837946, 0], [-43.35612, -22.837956, 0], [-43.356296, -22.837988, 0], [-43.356306, -22.837937, 0], [-43.356312, -22.83791, 0], [-43.356283, -22.837904, 0], [-43.35626, -22.8379, 0], [-43.356143, -22.837877, 0], [-43.356081, -22.837866, 0], [-43.356073, -22.837864, 0], [-43.35607, -22.837881, 0], [-43.356056, -22.837944, 0]]]}, "properties": {"address": "121802, 742144"}},
{"type": "Feature", "geometry": {"type": "Polygon", "coordinates": [[[-43.356723, -22.837722, 0], [-43.35663, -22.837704, 0], [-43.356623, -22.837703, 0], [-43.3566, -22.837698, 0], [-43.356556, -22.83769, 0], [-43.356509, -22.837681, 0], [-43.356483, -22.837676, 0], [-43.356466, -22.837755, 0], [-43.356486, -22.837759, 0], [-43.356572, -22.837776, 0], [-43.356597, -22.837781, 0], [-43.356705, -22.837801, 0], [-43.356723, -22.837722, 0]]]}, "properties": {"address": "121802, 742283"}},
{"type": "Feature", "geometry": {"type": "Polygon", "coordinates": [[[-43.360525, -22.837585, 0], [-43.360533, -22.837588, 0], [-43.360623, -22.837622, 0], [-43.36066, -22.837537, 0], [-43.360661, -22.837533, 0], [-43.360568, -22.837496, 0], [-43.36053, -22.837576, 0], [-43.360525, -22.837585, 0]]]}, "properties": {"address": "122645, 0"}},
{"type": "Feature", "geometry": {"type": "Polygon", "coordinates": [[[-43.356073, -22.837864, 0], [-43.356081, -22.837866, 0], [-43.356143, -22.837877, 0], [-43.35626, -22.8379, 0], [-43.356283, -22.837904, 0], [-43.356312, -22.83791, 0], [-43.356315, -22.837892, 0], [-43.356323, -22.837853, 0], [-43.356323, -22.837852, 0], [-43.356328, -22.837829, 0], [-43.356223, -22.837809, 0], [-43.356199, -22.837805, 0], [-43.356179, -22.837801, 0], [-43.356156, -22.837796, 0], [-43.356107, -22.837787, 0], [-43.356098, -22.837785, 0], [-43.35609, -22.837784, 0], [-43.356077, -22.837848, 0], [-43.356073, -22.837864, 0]]]}, "properties": {"address": "121802, 742143"}},
{"type": "Feature", "geometry": {"type": "Polygon", "coordinates": [[[-43.356605, -22.8372, 0], [-43.356612, -22.837202, 0], [-43.356657, -22.83721, 0], [-43.356678, -22.837214, 0], [-43.356712, -22.83722, 0], [-43.356826, -22.837242, 0], [-43.356836, -22.837198, 0], [-43.35684, -22.837179, 0], [-43.356844, -22.837162, 0], [-43.356809, -22.837156, 0], [-43.356792, -22.837152, 0], [-43.356755, -22.837145, 0], [-43.35675, -22.837145, 0], [-43.356675, -22.83713, 0], [-43.356671, -22.83713, 0], [-43.356627, -22.837121, 0], [-43.356623, -22.837121, 0], [-43.356605, -22.837117, 0], [-43.356588, -22.837197, 0], [-43.356605, -22.8372, 0]]]}, "properties": {"address": "121802, 742329"}},
{"type": "Feature", "geometry": {"type": "Polygon", "coordinates": [[[-43.356535, -22.837436, 0], [-43.356541, -22.837437, 0], [-43.356567, -22.837442, 0], [-43.35659, -22.837446, 0], [-43.356714, -22.837469, 0], [-43.356775, -22.83748, 0], [-43.356791, -22.837402, 0], [-43.356721, -22.837389, 0], [-43.356552, -22.837357, 0], [-43.356535, -22.837435, 0], [-43.356535, -22.837436, 0]]]}, "properties": {"address": "121802, 742330"}},
{"type": "Feature", "geometry": {"type": "Polygon", "coordinates": [[[-43.361115, -22.837941, 0], [-43.36112, -22.837945, 0], [-43.36122, -22.837798, 0], [-43.361144, -22.837753, 0], [-43.36104, -22.8379, 0], [-43.361115, -22.837941, 0]]]}, "properties": {"address": "122645, 0"}},
{"type": "Feature", "geometry": {"type": "Polygon", "coordinates": [[[-43.356544, -22.837521, 0], [-43.35655, -22.837522, 0], [-43.356696, -22.837551, 0], [-43.356757, -22.837563, 0], [-43.356757, -22.837562, 0], [-43.356761, -22.837544, 0], [-43.356763, -22.837536, 0], [-43.356774, -22.837482, 0], [-43.356775, -22.83748, 0], [-43.356714, -22.837469, 0], [-43.35659, -22.837446, 0], [-43.356567, -22.837442, 0], [-43.356541, -22.837437, 0], [-43.356535, -22.837436, 0], [-43.356518, -22.837516, 0], [-43.356544, -22.837521, 0]]]}, "properties": {"address": "121802, 742200"}},
{"type": "Feature", "geometry": {"type": "Polygon", "coordinates": [[[-43.356484, -22.837672, 0], [-43.356483, -22.837676, 0], [-43.356509, -22.837681, 0], [-43.356556, -22.83769, 0], [-43.3566, -22.837698, 0], [-43.356623, -22.837703, 0], [-43.35663, -22.837704, 0], [-43.356723, -22.837722, 0], [-43.35674, -22.837641, 0], [-43.356675, -22.837629, 0], [-43.356639, -22.837622, 0], [-43.356579, -22.837611, 0], [-43.356518, -22.8376, 0], [-43.356501, -22.837596, 0], [-43.356495, -22.837623, 0], [-43.356484, -22.837672, 0]]]}, "properties": {"address": "121802, 742198"}},
{"type": "Feature", "geometry": {"type": "Polygon", "coordinates": [[[-43.356518, -22.8376, 0], [-43.356579, -22.837611, 0], [-43.356639, -22.837622, 0], [-43.356675, -22.837629, 0], [-43.35674, -22.837641, 0], [-43.356757, -22.837563, 0], [-43.356696, -22.837551, 0], [-43.35655, -22.837522, 0], [-43.356544, -22.837521, 0], [-43.356518, -22.837516, 0], [-43.356501, -22.837596, 0], [-43.356518, -22.8376, 0]]]}, "properties": {"address": "121802, 742191"}},
{"type": "Feature", "geometry": {"type": "Polygon", "coordinates": [[[-43.356169, -22.83743, 0], [-43.356181, -22.837432, 0], [-43.356262, -22.837447, 0], [-43.356265, -22.837448, 0], [-43.356272, -22.837449, 0], [-43.356302, -22.837455, 0], [-43.356343, -22.837462, 0], [-43.356383, -22.83747, 0], [-43.356406, -22.837474, 0], [-43.356423, -22.837394, 0], [-43.356401, -22.83739, 0], [-43.356378, -22.837386, 0], [-43.356362, -22.837383, 0], [-43.356274, -22.837366, 0], [-43.356273, -22.837366, 0], [-43.356257, -22.837363, 0], [-43.356242, -22.83736, 0], [-43.356225, -22.837357, 0], [-43.356216, -22.837355, 0], [-43.356197, -22.837352, 0], [-43.356186, -22.83735, 0], [-43.356183, -22.837364, 0], [-43.356169, -22.83743, 0]]]}, "properties": {"address": "121802, 742279"}},
{"type": "Feature", "geometry": {"type": "Polygon", "coordinates": [[[-43.356255, -22.837528, 0], [-43.35636, -22.837549, 0], [-43.356389, -22.837554, 0], [-43.356391, -22.837543, 0], [-43.356361, -22.837538, 0], [-43.356303, -22.837527, 0], [-43.35625, -22.837517, 0], [-43.356248, -22.837527, 0], [-43.356255, -22.837528, 0]]]}, "properties": {"address": "121802, 669297"}},
{"type": "Feature", "geometry": {"type": "Polygon", "coordinates": [[[-43.356151, -22.837509, 0], [-43.356201, -22.837518, 0], [-43.35624, -22.837526, 0], [-43.356248, -22.837527, 0], [-43.35625, -22.837517, 0], [-43.356258, -22.837482, 0], [-43.356265, -22.837448, 0], [-43.356262, -22.837447, 0], [-43.356181, -22.837432, 0], [-43.356169, -22.83743, 0], [-43.356168, -22.837432, 0], [-43.356151, -22.837509, 0]]]}, "properties": {"address": "121802, 0"}},
{"type": "Feature", "geometry": {"type": "Polygon", "coordinates": [[[-43.35625, -22.837517, 0], [-43.356303, -22.837527, 0], [-43.356361, -22.837538, 0], [-43.356391, -22.837543, 0], [-43.356406, -22.837474, 0], [-43.356383, -22.83747, 0], [-43.356343, -22.837462, 0], [-43.356302, -22.837455, 0], [-43.356272, -22.837449, 0], [-43.356265, -22.837448, 0], [-43.356258, -22.837482, 0], [-43.35625, -22.837517, 0]]]}, "properties": {"address": "121802, 742280"}},
{"type": "Feature", "geometry": {"type": "Polygon", "coordinates": [[[-43.356395, -22.837139, 0], [-43.356375, -22.837136, 0], [-43.356333, -22.837128, 0], [-43.356302, -22.837122, 0], [-43.356238, -22.83711, 0], [-43.356221, -22.83719, 0], [-43.356285, -22.837202, 0], [-43.356295, -22.837204, 0], [-43.356314, -22.837207, 0], [-43.356431, -22.837229, 0], [-43.356459, -22.837235, 0], [-43.356477, -22.837155, 0], [-43.356462, -22.837152, 0], [-43.356455, -22.837151, 0], [-43.356395, -22.837139, 0]]]}, "properties": {"address": "121802, 742154"}},
{"type": "Feature", "geometry": {"type": "Polygon", "coordinates": [[[-43.356242, -22.837278, 0], [-43.356246, -22.837279, 0], [-43.356275, -22.837285, 0], [-43.356341, -22.837297, 0], [-43.356355, -22.837299, 0], [-43.356395, -22.837307, 0], [-43.356413, -22.83731, 0], [-43.35644, -22.837315, 0], [-43.356459, -22.837235, 0], [-43.356431, -22.837229, 0], [-43.356314, -22.837207, 0], [-43.356295, -22.837204, 0], [-43.356285, -22.837202, 0], [-43.356221, -22.83719, 0], [-43.356203, -22.837271, 0], [-43.356242, -22.837278, 0]]]}, "properties": {"address": "121802, 742179"}},
{"type": "Feature", "geometry": {"type": "Polygon", "coordinates": [[[-43.356129, -22.837606, 0], [-43.356127, -22.837616, 0], [-43.356125, -22.837625, 0], [-43.356107, -22.837705, 0], [-43.356128, -22.837709, 0], [-43.356175, -22.837718, 0], [-43.356182, -22.837719, 0], [-43.356196, -22.837722, 0], [-43.356202, -22.837723, 0], [-43.356215, -22.837725, 0], [-43.356239, -22.83773, 0], [-43.356346, -22.83775, 0], [-43.356364, -22.837667, 0], [-43.356365, -22.837663, 0], [-43.356371, -22.837634, 0], [-43.356343, -22.837629, 0], [-43.356237, -22.837608, 0], [-43.356227, -22.837607, 0], [-43.356223, -22.837606, 0], [-43.356157, -22.837593, 0], [-43.356133, -22.837589, 0], [-43.356132, -22.837592, 0], [-43.356129, -22.837606, 0]]]}, "properties": {"address": "121802, 742281"}},
{"type": "Feature", "geometry": {"type": "Polygon", "coordinates": [[[-43.356135, -22.837582, 0], [-43.356133, -22.837589, 0], [-43.356157, -22.837593, 0], [-43.356223, -22.837606, 0], [-43.356227, -22.837607, 0], [-43.356237, -22.837608, 0], [-43.356343, -22.837629, 0], [-43.356371, -22.837634, 0], [-43.356377, -22.837611, 0], [-43.356389, -22.837554, 0], [-43.35636, -22.837549, 0], [-43.356255, -22.837528, 0], [-43.356248, -22.837527, 0], [-43.35624, -22.837526, 0], [-43.356201, -22.837518, 0], [-43.356151, -22.837509, 0], [-43.356136, -22.837577, 0], [-43.356135, -22.837582, 0]]]}, "properties": {"address": "121802, 742236"}},
{"type": "Feature", "geometry": {"type": "Polygon", "coordinates": [[[-43.3561, -22.837737, 0], [-43.3561, -22.837738, 0], [-43.356091, -22.837778, 0], [-43.35609, -22.837782, 0], [-43.35609, -22.837784, 0], [-43.356098, -22.837785, 0], [-43.356107, -22.837787, 0], [-43.356156, -22.837796, 0], [-43.356179, -22.837801, 0], [-43.356199, -22.837805, 0], [-43.356223, -22.837809, 0], [-43.356328, -22.837829, 0], [-43.356346, -22.83775, 0], [-43.356239, -22.83773, 0], [-43.356215, -22.837725, 0], [-43.356202, -22.837723, 0], [-43.356196, -22.837722, 0], [-43.356182, -22.837719, 0], [-43.356175, -22.837718, 0], [-43.356128, -22.837709, 0], [-43.356107, -22.837705, 0], [-43.356101, -22.837734, 0], [-43.3561, -22.837737, 0]]]}, "properties": {"address": "121802, 742282"}},
{"type": "Feature", "geometry": {"type": "Polygon", "coordinates": [[[-43.35602, -22.838111, 0], [-43.356011, -22.83815, 0], [-43.356004, -22.838182, 0], [-43.356051, -22.838191, 0], [-43.35609, -22.838199, 0], [-43.356114, -22.838204, 0], [-43.356134, -22.838208, 0], [-43.356242, -22.838228, 0], [-43.356252, -22.838184, 0], [-43.35626, -22.838148, 0], [-43.356253, -22.838146, 0], [-43.35622, -22.83814, 0], [-43.356157, -22.838128, 0], [-43.356059, -22.838109, 0], [-43.356053, -22.838108, 0], [-43.356022, -22.838102, 0], [-43.356022, -22.838104, 0], [-43.35602, -22.838111, 0]]]}, "properties": {"address": "121802, 746113"}},
{"type": "Feature", "geometry": {"type": "Polygon", "coordinates": [[[-43.355997, -22.838215, 0], [-43.355992, -22.838235, 0], [-43.355986, -22.838262, 0], [-43.356096, -22.838283, 0], [-43.356108, -22.838286, 0], [-43.3562, -22.838303, 0], [-43.356224, -22.838307, 0], [-43.356242, -22.838228, 0], [-43.356134, -22.838208, 0], [-43.356114, -22.838204, 0], [-43.35609, -22.838199, 0], [-43.356051, -22.838191, 0], [-43.356004, -22.838182, 0], [-43.356004, -22.838183, 0], [-43.355997, -22.838215, 0]]]}, "properties": {"address": "121802, 49004"}},
{"type": "Feature", "geometry": {"type": "Polygon", "coordinates": [[[-43.356224, -22.838307, 0], [-43.3562, -22.838303, 0], [-43.356108, -22.838286, 0], [-43.356096, -22.838283, 0], [-43.355986, -22.838262, 0], [-43.355986, -22.838264, 0], [-43.355979, -22.838293, 0], [-43.355974, -22.838316, 0], [-43.355968, -22.838343, 0], [-43.356026, -22.838354, 0], [-43.35605, -22.838359, 0], [-43.356057, -22.83836, 0], [-43.356073, -22.838363, 0], [-43.356159, -22.83838, 0], [-43.356206, -22.838389, 0], [-43.356211, -22.838366, 0], [-43.356221, -22.838321, 0], [-43.356224, -22.838307, 0]]]}, "properties": {"address": "121802, 49003"}},
{"type": "Feature", "geometry": {"type": "Polygon", "coordinates": [[[-43.356791, -22.83732, 0], [-43.356778, -22.837317, 0], [-43.356742, -22.83731, 0], [-43.356738, -22.837309, 0], [-43.356719, -22.837305, 0], [-43.356634, -22.837288, 0], [-43.356595, -22.837281, 0], [-43.35657, -22.837276, 0], [-43.356552, -22.837356, 0], [-43.356552, -22.837357, 0], [-43.356721, -22.837389, 0], [-43.356791, -22.837402, 0], [-43.356802, -22.837351, 0], [-43.356808, -22.837323, 0], [-43.356791, -22.83732, 0]]]}, "properties": {"address": "121802, 742237"}},
{"type": "Feature", "geometry": {"type": "Polygon", "coordinates": [[[-43.360468, -22.83755, 0], [-43.36053, -22.837576, 0], [-43.360568, -22.837496, 0], [-43.360505, -22.837471, 0], [-43.360504, -22.837474, 0], [-43.360468, -22.83755, 0]]]}, "properties": {"address": "122645, 0"}},
{"type": "Feature", "geometry": {"type": "Polygon", "coordinates": [[[-43.356573, -22.837262, 0], [-43.35657, -22.837276, 0], [-43.356595, -22.837281, 0], [-43.356634, -22.837288, 0], [-43.356719, -22.837305, 0], [-43.356738, -22.837309, 0], [-43.356742, -22.83731, 0], [-43.356778, -22.837317, 0], [-43.356791, -22.83732, 0], [-43.356808, -22.837323, 0], [-43.356809, -22.837321, 0], [-43.356814, -22.837297, 0], [-43.356826, -22.837242, 0], [-43.356712, -22.83722, 0], [-43.356678, -22.837214, 0], [-43.356657, -22.83721, 0], [-43.356612, -22.837202, 0], [-43.356605, -22.8372, 0], [-43.356588, -22.837197, 0], [-43.356577, -22.837244, 0], [-43.356573, -22.837262, 0]]]}, "properties": {"address": "121802, 922883"}},
{"type": "Feature", "geometry": {"type": "Polygon", "coordinates": [[[-43.356623, -22.837121, 0], [-43.356627, -22.837121, 0], [-43.356671, -22.83713, 0], [-43.356675, -22.83713, 0], [-43.35675, -22.837145, 0], [-43.356755, -22.837145, 0], [-43.356792, -22.837152, 0], [-43.356809, -22.837156, 0], [-43.356844, -22.837162, 0], [-43.356861, -22.837083, 0], [-43.356814, -22.837074, 0], [-43.356808, -22.837073, 0], [-43.35677, -22.837065, 0], [-43.35669, -22.837051, 0], [-43.356647, -22.837042, 0], [-43.356623, -22.837038, 0], [-43.356605, -22.837117, 0], [-43.356623, -22.837121, 0]]]}, "properties": {"address": "121802, 742328"}},
{"type": "Feature", "geometry": {"type": "Polygon", "coordinates": [[[-43.356647, -22.837042, 0], [-43.35669, -22.837051, 0], [-43.35677, -22.837065, 0], [-43.356808, -22.837073, 0], [-43.356814, -22.837074, 0], [-43.356861, -22.837083, 0], [-43.356875, -22.837018, 0], [-43.356878, -22.837004, 0], [-43.356879, -22.837002, 0], [-43.356799, -22.836987, 0], [-43.356776, -22.836983, 0], [-43.356672, -22.836963, 0], [-43.356667, -22.836962, 0], [-43.35664, -22.836957, 0], [-43.356623, -22.837038, 0], [-43.356647, -22.837042, 0]]]}, "properties": {"address": "121802, 742147"}},
{"type": "Feature", "geometry": {"type": "Polygon", "coordinates": [[[-43.35664, -22.836957, 0], [-43.356667, -22.836962, 0], [-43.356672, -22.836963, 0], [-43.356776, -22.836983, 0], [-43.356799, -22.836987, 0], [-43.356879, -22.837002, 0], [-43.356895, -22.836925, 0], [-43.356858, -22.836918, 0], [-43.356855, -22.836917, 0], [-43.356842, -22.836914, 0], [-43.356826, -22.836911, 0], [-43.356815, -22.83691, 0], [-43.356707, -22.836889, 0], [-43.35669, -22.836886, 0], [-43.356657, -22.83688, 0], [-43.356641, -22.836954, 0], [-43.35664, -22.836957, 0]]]}, "properties": {"address": "121802, 742189"}},
{"type": "Feature", "geometry": {"type": "Polygon", "coordinates": [[[-43.36203, -22.838435, 0], [-43.362095, -22.838464, 0], [-43.362095, -22.838462, 0], [-43.362149, -22.838359, 0], [-43.362084, -22.838331, 0], [-43.362031, -22.838433, 0], [-43.36203, -22.838435, 0]]]}, "properties": {"address": "122645, 0"}},
{"type": "Feature", "geometry": {"type": "Polygon", "coordinates": [[[-43.356292, -22.837038, 0], [-43.356299, -22.83704, 0], [-43.356323, -22.837044, 0], [-43.356421, -22.837063, 0], [-43.356478, -22.837073, 0], [-43.356494, -22.837076, 0], [-43.356512, -22.836995, 0], [-43.356487, -22.83699, 0], [-43.356478, -22.836988, 0], [-43.356448, -22.836983, 0], [-43.356367, -22.836968, 0], [-43.356339, -22.836962, 0], [-43.356273, -22.83695, 0], [-43.356255, -22.837032, 0], [-43.356292, -22.837038, 0]]]}, "properties": {"address": "121802, 742327"}},
{"type": "Feature", "geometry": {"type": "Polygon", "coordinates": [[[-43.356453, -22.836905, 0], [-43.356339, -22.836884, 0], [-43.356332, -22.836882, 0], [-43.35629, -22.836874, 0], [-43.356286, -22.836894, 0], [-43.356284, -22.836902, 0], [-43.356278, -22.836928, 0], [-43.356277, -22.836931, 0], [-43.356273, -22.83695, 0], [-43.356339, -22.836962, 0], [-43.356367, -22.836968, 0], [-43.356448, -22.836983, 0], [-43.356478, -22.836988, 0], [-43.356487, -22.83699, 0], [-43.356512, -22.836995, 0], [-43.356528, -22.836919, 0], [-43.356503, -22.836914, 0], [-43.356453, -22.836905, 0]]]}, "properties": {"address": "121802, 742233"}},
{"type": "Feature", "geometry": {"type": "Polygon", "coordinates": [[[-43.356462, -22.837152, 0], [-43.356477, -22.837155, 0], [-43.356494, -22.837078, 0], [-43.356494, -22.837076, 0], [-43.356478, -22.837073, 0], [-43.356421, -22.837063, 0], [-43.356323, -22.837044, 0], [-43.356299, -22.83704, 0], [-43.356292, -22.837038, 0], [-43.356255, -22.837032, 0], [-43.356245, -22.837078, 0], [-43.356238, -22.83711, 0], [-43.356302, -22.837122, 0], [-43.356333, -22.837128, 0], [-43.356375, -22.837136, 0], [-43.356395, -22.837139, 0], [-43.356455, -22.837151, 0], [-43.356462, -22.837152, 0]]]}, "properties": {"address": "121802, 742201"}},
{"type": "Feature", "geometry": {"type": "Polygon", "coordinates": [[[-43.356703, -22.836805, 0], [-43.356727, -22.836809, 0], [-43.356827, -22.836828, 0], [-43.356843, -22.836831, 0], [-43.356854, -22.836833, 0], [-43.356859, -22.836834, 0], [-43.356913, -22.836844, 0], [-43.35693, -22.836765, 0], [-43.356885, -22.836757, 0], [-43.35687, -22.836754, 0], [-43.356844, -22.836749, 0], [-43.356798, -22.83674, 0], [-43.356722, -22.836726, 0], [-43.356717, -22.836725, 0], [-43.356693, -22.836721, 0], [-43.356675, -22.8368, 0], [-43.356703, -22.836805, 0]]]}, "properties": {"address": "121802, 742278"}},
{"type": "Feature", "geometry": {"type": "Polygon", "coordinates": [[[-43.356693, -22.836721, 0], [-43.356717, -22.836725, 0], [-43.356722, -22.836726, 0], [-43.356798, -22.83674, 0], [-43.356844, -22.836749, 0], [-43.35687, -22.836754, 0], [-43.356885, -22.836757, 0], [-43.35693, -22.836765, 0], [-43.35694, -22.836723, 0], [-43.356948, -22.836685, 0], [-43.356901, -22.836677, 0], [-43.356895, -22.836675, 0], [-43.356814, -22.83666, 0], [-43.356736, -22.836645, 0], [-43.35671, -22.836641, 0], [-43.356693, -22.836718, 0], [-43.356693, -22.836721, 0]]]}, "properties": {"address": "121802, 742234"}},
{"type": "Feature", "geometry": {"type": "Polygon", "coordinates": [[[-43.356736, -22.836645, 0], [-43.356814, -22.83666, 0], [-43.356895, -22.836675, 0], [-43.356901, -22.836677, 0], [-43.356948, -22.836685, 0], [-43.35695, -22.836676, 0], [-43.356965, -22.836606, 0], [-43.356912, -22.836596, 0], [-43.356879, -22.836589, 0], [-43.35684, -22.836582, 0], [-43.3568, -22.836575, 0], [-43.356751, -22.836565, 0], [-43.356727, -22.836561, 0], [-43.35671, -22.836641, 0], [-43.356736, -22.836645, 0]]]}, "properties": {"address": "121802, 742232"}},
{"type": "Feature", "geometry": {"type": "Polygon", "coordinates": [[[-43.356662, -22.83686, 0], [-43.356657, -22.83688, 0], [-43.35669, -22.836886, 0], [-43.356707, -22.836889, 0], [-43.356815, -22.83691, 0], [-43.356826, -22.836911, 0], [-43.356842, -22.836914, 0], [-43.356855, -22.836917, 0], [-43.356858, -22.836918, 0], [-43.356895, -22.836925, 0], [-43.356896, -22.83692, 0], [-43.356901, -22.836897, 0], [-43.356913, -22.836846, 0], [-43.356913, -22.836844, 0], [-43.356859, -22.836834, 0], [-43.356854, -22.836833, 0], [-43.356843, -22.836831, 0], [-43.356827, -22.836828, 0], [-43.356727, -22.836809, 0], [-43.356703, -22.836805, 0], [-43.356675, -22.8368, 0], [-43.356667, -22.836834, 0], [-43.356662, -22.83686, 0]]]}, "properties": {"address": "121802, 742150"}},
{"type": "Feature", "geometry": {"type": "Polygon", "coordinates": [[[-43.356745, -22.836482, 0], [-43.356772, -22.836487, 0], [-43.356854, -22.836503, 0], [-43.356935, -22.836518, 0], [-43.356948, -22.83652, 0], [-43.356982, -22.836527, 0], [-43.356983, -22.836525, 0], [-43.357, -22.836446, 0], [-43.356964, -22.83644, 0], [-43.356927, -22.836433, 0], [-43.356891, -22.836426, 0], [-43.356814, -22.836412, 0], [-43.356785, -22.836406, 0], [-43.356762, -22.836402, 0], [-43.356745, -22.83648, 0], [-43.356745, -22.836482, 0]]]}, "properties": {"address": "121802, 742325"}},
{"type": "Feature", "geometry": {"type": "Polygon", "coordinates": [[[-43.356406, -22.836728, 0], [-43.356449, -22.836736, 0], [-43.356466, -22.83674, 0], [-43.356538, -22.836753, 0], [-43.35654, -22.836754, 0], [-43.356563, -22.836758, 0], [-43.35658, -22.83668, 0], [-43.356581, -22.836677, 0], [-43.356551, -22.836672, 0], [-43.356546, -22.836671, 0], [-43.356438, -22.836651, 0], [-43.356426, -22.836649, 0], [-43.356418, -22.836647, 0], [-43.356415, -22.836646, 0], [-43.356342, -22.836633, 0], [-43.356325, -22.836713, 0], [-43.356406, -22.836728, 0]]]}, "properties": {"address": "121802, 742276"}},
{"type": "Feature", "geometry": {"type": "Polygon", "coordinates": [[[-43.356308, -22.836792, 0], [-43.35635, -22.8368, 0], [-43.356372, -22.836804, 0], [-43.356456, -22.836819, 0], [-43.356519, -22.836831, 0], [-43.356525, -22.836832, 0], [-43.356546, -22.836836, 0], [-43.356563, -22.836758, 0], [-43.35654, -22.836754, 0], [-43.356538, -22.836753, 0], [-43.356466, -22.83674, 0], [-43.356449, -22.836736, 0], [-43.356406, -22.836728, 0], [-43.356325, -22.836713, 0], [-43.356315, -22.836759, 0], [-43.356308, -22.836792, 0]]]}, "properties": {"address": "121802, 742277"}},
{"type": "Feature", "geometry": {"type": "Polygon", "coordinates": [[[-43.356342, -22.836633, 0], [-43.356415, -22.836646, 0], [-43.356418, -22.836647, 0], [-43.356426, -22.836649, 0], [-43.356438, -22.836651, 0], [-43.356546, -22.836671, 0], [-43.356551, -22.836672, 0], [-43.356581, -22.836677, 0], [-43.356599, -22.836598, 0], [-43.356567, -22.836592, 0], [-43.356433, -22.836567, 0], [-43.356377, -22.836557, 0], [-43.35636, -22.836553, 0], [-43.356354, -22.836581, 0], [-43.356342, -22.836633, 0]]]}, "properties": {"address": "121802, 742255"}},
{"type": "Feature", "geometry": {"type": "Polygon", "coordinates": [[[-43.356365, -22.836529, 0], [-43.356363, -22.836537, 0], [-43.35636, -22.836553, 0], [-43.356377, -22.836557, 0], [-43.356433, -22.836567, 0], [-43.356567, -22.836592, 0], [-43.356599, -22.836598, 0], [-43.356617, -22.83652, 0], [-43.35659, -22.836514, 0], [-43.356552, -22.836507, 0], [-43.356505, -22.836498, 0], [-43.35647, -22.836492, 0], [-43.356437, -22.836486, 0], [-43.356377, -22.836475, 0], [-43.356374, -22.836487, 0], [-43.356365, -22.836529, 0]]]}, "properties": {"address": "121802, 742145"}},
{"type": "Feature", "geometry": {"type": "Polygon", "coordinates": [[[-43.356501, -22.836906, 0], [-43.35653, -22.836911, 0], [-43.356546, -22.836836, 0], [-43.356525, -22.836832, 0], [-43.356519, -22.836831, 0], [-43.356456, -22.836819, 0], [-43.356372, -22.836804, 0], [-43.356356, -22.836878, 0], [-43.356501, -22.836906, 0]]]}, "properties": {"address": "121802, 922892"}},
{"type": "Feature", "geometry": {"type": "Polygon", "coordinates": [[[-43.356528, -22.836919, 0], [-43.35653, -22.836911, 0], [-43.356501, -22.836906, 0], [-43.356356, -22.836878, 0], [-43.356372, -22.836804, 0], [-43.35635, -22.8368, 0], [-43.356308, -22.836792, 0], [-43.35629, -22.836871, 0], [-43.35629, -22.836874, 0], [-43.356332, -22.836882, 0], [-43.356339, -22.836884, 0], [-43.356453, -22.836905, 0], [-43.356503, -22.836914, 0], [-43.356528, -22.836919, 0]]]}, "properties": {"address": "121802, 0"}},
{"type": "Feature", "geometry": {"type": "Polygon", "coordinates": [[[-43.356785, -22.836406, 0], [-43.356814, -22.836412, 0], [-43.356891, -22.836426, 0], [-43.356927, -22.836433, 0], [-43.356964, -22.83644, 0], [-43.357, -22.836446, 0], [-43.357017, -22.836366, 0], [-43.356982, -22.83636, 0], [-43.356956, -22.836355, 0], [-43.356909, -22.836346, 0], [-43.356904, -22.836345, 0], [-43.35678, -22.836322, 0], [-43.356762, -22.836402, 0], [-43.356785, -22.836406, 0]]]}, "properties": {"address": "121802, 742256"}},
{"type": "Feature", "geometry": {"type": "Polygon", "coordinates": [[[-43.35678, -22.836322, 0], [-43.356904, -22.836345, 0], [-43.356909, -22.836346, 0], [-43.356956, -22.836355, 0], [-43.356982, -22.83636, 0], [-43.357017, -22.836366, 0], [-43.357026, -22.836326, 0], [-43.357035, -22.836288, 0], [-43.356976, -22.836276, 0], [-43.356938, -22.836269, 0], [-43.356918, -22.836265, 0], [-43.356875, -22.836256, 0], [-43.356824, -22.836246, 0], [-43.356823, -22.836246, 0], [-43.356798, -22.836241, 0], [-43.356796, -22.836251, 0], [-43.35678, -22.836322, 0]]]}, "properties": {"address": "121802, 742254"}},
{"type": "Feature", "geometry": {"type": "Polygon", "coordinates": [[[-43.356802, -22.836225, 0], [-43.356798, -22.836241, 0], [-43.356823, -22.836246, 0], [-43.356824, -22.836246, 0], [-43.356875, -22.836256, 0], [-43.356918, -22.836265, 0], [-43.356938, -22.836269, 0], [-43.356976, -22.836276, 0], [-43.357035, -22.836288, 0], [-43.357035, -22.836286, 0], [-43.357052, -22.836209, 0], [-43.356994, -22.836198, 0], [-43.356977, -22.836195, 0], [-43.356972, -22.836194, 0], [-43.356965, -22.836193, 0], [-43.356962, -22.836192, 0], [-43.356852, -22.836172, 0], [-43.356815, -22.836165, 0], [-43.356814, -22.836171, 0], [-43.356802, -22.836225, 0]]]}, "properties": {"address": "121802, 742196"}},
{"type": "Feature", "geometry": {"type": "Polygon", "coordinates": [[[-43.356377, -22.836475, 0], [-43.356437, -22.836486, 0], [-43.35647, -22.836492, 0], [-43.356505, -22.836498, 0], [-43.356552, -22.836507, 0], [-43.35659, -22.836514, 0], [-43.356617, -22.83652, 0], [-43.356617, -22.836518, 0], [-43.356634, -22.836439, 0], [-43.356588, -22.83643, 0], [-43.356567, -22.836426, 0], [-43.356523, -22.836418, 0], [-43.356433, -22.836401, 0], [-43.356395, -22.836394, 0], [-43.356379, -22.836465, 0], [-43.356377, -22.836475, 0]]]}, "properties": {"address": "121802, 423937"}},
{"type": "Feature", "geometry": {"type": "Polygon", "coordinates": [[[-43.360476, -22.8374, 0], [-43.360508, -22.837411, 0], [-43.360567, -22.837431, 0], [-43.360592, -22.837363, 0], [-43.360615, -22.837299, 0], [-43.360566, -22.837293, 0], [-43.360531, -22.837288, 0], [-43.360509, -22.837286, 0], [-43.360484, -22.837373, 0], [-43.360476, -22.8374, 0]]]}, "properties": {"address": "122645, 0"}},
{"type": "Feature", "geometry": {"type": "Polygon", "coordinates": [[[-43.356412, -22.836313, 0], [-43.356452, -22.83632, 0], [-43.356465, -22.836323, 0], [-43.356469, -22.836324, 0], [-43.356609, -22.836352, 0], [-43.356626, -22.836355, 0], [-43.356627, -22.836356, 0], [-43.356651, -22.83636, 0], [-43.356668, -22.836278, 0], [-43.356644, -22.836274, 0], [-43.356628, -22.836271, 0], [-43.3566, -22.836266, 0], [-43.356596, -22.836265, 0], [-43.356516, -22.83625, 0], [-43.356494, -22.836246, 0], [-43.356466, -22.836241, 0], [-43.35643, -22.836234, 0], [-43.356426, -22.836251, 0], [-43.356412, -22.836313, 0]]]}, "properties": {"address": "121802, 742171"}},
{"type": "Feature", "geometry": {"type": "Polygon", "coordinates": [[[-43.356447, -22.836153, 0], [-43.356442, -22.836176, 0], [-43.35643, -22.836234, 0], [-43.356466, -22.836241, 0], [-43.356494, -22.836246, 0], [-43.356516, -22.83625, 0], [-43.356596, -22.836265, 0], [-43.3566, -22.836266, 0], [-43.356628, -22.836271, 0], [-43.356644, -22.836274, 0], [-43.356668, -22.836278, 0], [-43.356682, -22.836212, 0], [-43.356682, -22.836197, 0], [-43.356679, -22.836183, 0], [-43.356674, -22.83617, 0], [-43.356668, -22.836157, 0], [-43.356652, -22.836141, 0], [-43.356643, -22.836133, 0], [-43.356632, -22.836127, 0], [-43.356621, -22.836123, 0], [-43.356609, -22.836119, 0], [-43.356598, -22.836117, 0], [-43.356586, -22.836116, 0], [-43.356451, -22.836138, 0], [-43.356447, -22.836153, 0]]]}, "properties": {"address": "121802, 742260"}},
{"type": "Feature", "geometry": {"type": "Polygon", "coordinates": [[[-43.361003, -22.837497, 0], [-43.361, -22.837503, 0], [-43.360986, -22.837534, 0], [-43.360967, -22.837576, 0], [-43.360959, -22.837593, 0], [-43.360988, -22.837605, 0], [-43.360997, -22.837587, 0], [-43.360998, -22.837586, 0], [-43.361069, -22.837442, 0], [-43.361048, -22.837436, 0], [-43.361033, -22.837432, 0], [-43.361028, -22.837443, 0], [-43.361003, -22.837497, 0]]]}, "properties": {"address": "122645, 0"}},
{"type": "Feature", "geometry": {"type": "Polygon", "coordinates": [[[-43.356651, -22.83636, 0], [-43.356627, -22.836356, 0], [-43.356626, -22.836355, 0], [-43.356609, -22.836352, 0], [-43.356469, -22.836324, 0], [-43.356465, -22.836323, 0], [-43.356452, -22.83632, 0], [-43.356412, -22.836313, 0], [-43.356404, -22.83635, 0], [-43.356395, -22.836394, 0], [-43.356433, -22.836401, 0], [-43.356523, -22.836418, 0], [-43.356567, -22.836426, 0], [-43.356588, -22.83643, 0], [-43.356634, -22.836439, 0], [-43.356636, -22.83643, 0], [-43.356651, -22.83636, 0]]]}, "properties": {"address": "121802, 742133"}},
{"type": "Feature", "geometry": {"type": "Polygon", "coordinates": [[[-43.360421, -22.837353, 0], [-43.360413, -22.837379, 0], [-43.360476, -22.8374, 0], [-43.360484, -22.837373, 0], [-43.360509, -22.837286, 0], [-43.360482, -22.837282, 0], [-43.360467, -22.837281, 0], [-43.360445, -22.837278, 0], [-43.360439, -22.837296, 0], [-43.360421, -22.837353, 0]]]}, "properties": {"address": "122645, 0"}},
{"type": "Feature", "geometry": {"type": "Polygon", "coordinates": [[[-43.360468, -22.83755, 0], [-43.360504, -22.837474, 0], [-43.360477, -22.837463, 0], [-43.360447, -22.83745, 0], [-43.360415, -22.837527, 0], [-43.360468, -22.83755, 0]]]}, "properties": {"address": "122645, 0"}},
{"type": "Feature", "geometry": {"type": "Polygon", "coordinates": [[[-43.360352, -22.8375, 0], [-43.360415, -22.837527, 0], [-43.360447, -22.83745, 0], [-43.360444, -22.837449, 0], [-43.360416, -22.837438, 0], [-43.360383, -22.83743, 0], [-43.360379, -22.837432, 0], [-43.360374, -22.837435, 0], [-43.360369, -22.837439, 0], [-43.360366, -22.837443, 0], [-43.360362, -22.837448, 0], [-43.36036, -22.837453, 0], [-43.360351, -22.837499, 0], [-43.360352, -22.8375, 0]]]}, "properties": {"address": "122645, 0"}},
{"type": "Feature", "geometry": {"type": "Polygon", "coordinates": [[[-43.360739, -22.837763, 0], [-43.360768, -22.837774, 0], [-43.360778, -22.837746, 0], [-43.360797, -22.837689, 0], [-43.360819, -22.837601, 0], [-43.36074, -22.837573, 0], [-43.36069, -22.837746, 0], [-43.360739, -22.837763, 0]]]}, "properties": {"address": "122645, 0"}},
{"type": "Feature", "geometry": {"type": "Polygon", "coordinates": [[[-43.36097, -22.837434, 0], [-43.360945, -22.837478, 0], [-43.360917, -22.837528, 0], [-43.360913, -22.837534, 0], [-43.360895, -22.837567, 0], [-43.360959, -22.837593, 0], [-43.360967, -22.837576, 0], [-43.360986, -22.837534, 0], [-43.361, -22.837503, 0], [-43.361003, -22.837497, 0], [-43.361028, -22.837443, 0], [-43.361033, -22.837432, 0], [-43.36098, -22.837418, 0], [-43.360978, -22.837421, 0], [-43.36097, -22.837434, 0]]]}, "properties": {"address": "122645, 0"}},
{"type": "Feature", "geometry": {"type": "Polygon", "coordinates": [[[-43.360608, -22.837448, 0], [-43.360621, -22.837454, 0], [-43.360644, -22.837464, 0], [-43.360645, -22.837465, 0], [-43.360655, -22.837443, 0], [-43.36067, -22.837406, 0], [-43.360684, -22.837373, 0], [-43.360692, -22.837354, 0], [-43.360701, -22.837331, 0], [-43.36071, -22.83731, 0], [-43.360675, -22.837306, 0], [-43.360659, -22.837304, 0], [-43.36063, -22.837385, 0], [-43.360608, -22.837448, 0]]]}, "properties": {"address": "122645, 0"}},
{"type": "Feature", "geometry": {"type": "Polygon", "coordinates": [[[-43.360567, -22.837431, 0], [-43.360569, -22.837432, 0], [-43.360608, -22.837448, 0], [-43.36063, -22.837385, 0], [-43.360659, -22.837304, 0], [-43.360655, -22.837303, 0], [-43.360615, -22.837299, 0], [-43.360592, -22.837363, 0], [-43.360567, -22.837431, 0]]]}, "properties": {"address": "122645, 0"}},
{"type": "Feature", "geometry": {"type": "Polygon", "coordinates": [[[-43.362031, -22.838433, 0], [-43.362084, -22.838331, 0], [-43.36203, -22.838303, 0], [-43.361972, -22.838406, 0], [-43.362031, -22.838433, 0]]]}, "properties": {"address": "122645, 0"}},
{"type": "Feature", "geometry": {"type": "Polygon", "coordinates": [[[-43.362186, -22.838498, 0], [-43.362285, -22.838537, 0], [-43.362303, -22.838424, 0], [-43.362236, -22.838395, 0], [-43.362235, -22.838396, 0], [-43.362186, -22.838498, 0]]]}, "properties": {"address": "122645, 0"}},
{"type": "Feature", "geometry": {"type": "Polygon", "coordinates": [[[-43.362146, -22.838482, 0], [-43.362186, -22.838498, 0], [-43.362235, -22.838396, 0], [-43.362149, -22.838359, 0], [-43.362095, -22.838462, 0], [-43.362146, -22.838482, 0]]]}, "properties": {"address": "122645, 0"}},
{"type": "Feature", "geometry": {"type": "Polygon", "coordinates": [[[-43.361852, -22.838459, 0], [-43.361868, -22.838473, 0], [-43.361869, -22.838474, 0], [-43.361992, -22.838277, 0], [-43.361971, -22.838262, 0], [-43.361958, -22.838254, 0], [-43.361814, -22.838422, 0], [-43.361852, -22.838459, 0]]]}, "properties": {"address": "122645, 0"}},
{"type": "Feature", "geometry": {"type": "Polygon", "coordinates": [[[-43.361773, -22.838383, 0], [-43.361814, -22.838422, 0], [-43.361958, -22.838254, 0], [-43.36195, -22.838249, 0], [-43.36193, -22.838236, 0], [-43.36189, -22.838211, 0], [-43.361756, -22.838368, 0], [-43.361773, -22.838383, 0]]]}, "properties": {"address": "122645, 0"}},
{"type": "Feature", "geometry": {"type": "Polygon", "coordinates": [[[-43.361709, -22.838335, 0], [-43.361755, -22.83837, 0], [-43.361756, -22.838368, 0], [-43.36189, -22.838211, 0], [-43.361815, -22.838163, 0], [-43.361678, -22.838308, 0], [-43.361709, -22.838335, 0]]]}, "properties": {"address": "122645, 0"}},
{"type": "Feature", "geometry": {"type": "Polygon", "coordinates": [[[-43.361683, -22.838176, 0], [-43.36161, -22.838256, 0], [-43.361637, -22.838276, 0], [-43.361635, -22.838279, 0], [-43.36167, -22.838306, 0], [-43.361676, -22.83831, 0], [-43.361678, -22.838308, 0], [-43.361815, -22.838163, 0], [-43.361745, -22.838119, 0], [-43.361689, -22.838181, 0], [-43.361683, -22.838176, 0]]]}, "properties": {"address": "122645, 0"}},
{"type": "Feature", "geometry": {"type": "Polygon", "coordinates": [[[-43.361609, -22.838139, 0], [-43.36155, -22.838199, 0], [-43.361543, -22.838206, 0], [-43.361578, -22.838235, 0], [-43.36158, -22.838234, 0], [-43.361587, -22.838239, 0], [-43.36161, -22.838256, 0], [-43.361683, -22.838176, 0], [-43.361689, -22.838181, 0], [-43.361745, -22.838119, 0], [-43.361677, -22.838069, 0], [-43.361611, -22.838142, 0], [-43.361609, -22.838139, 0]]]}, "properties": {"address": "122645, 0"}},
{"type": "Feature", "geometry": {"type": "Polygon", "coordinates": [[[-43.361563, -22.838125, 0], [-43.36156, -22.838124, 0], [-43.361515, -22.838167, 0], [-43.361518, -22.83817, 0], [-43.36155, -22.838199, 0], [-43.361609, -22.838139, 0], [-43.361611, -22.838142, 0], [-43.361677, -22.838069, 0], [-43.361639, -22.838046, 0], [-43.361637, -22.838048, 0], [-43.361563, -22.838125, 0]]]}, "properties": {"address": "122645, 0"}},
{"type": "Feature", "geometry": {"type": "Polygon", "coordinates": [[[-43.361472, -22.838158, 0], [-43.361486, -22.83817, 0], [-43.361488, -22.838168, 0], [-43.361495, -22.838175, 0], [-43.361497, -22.838173, 0], [-43.361498, -22.838175, 0], [-43.361506, -22.838182, 0], [-43.361518, -22.83817, 0], [-43.361515, -22.838167, 0], [-43.36156, -22.838124, 0], [-43.361563, -22.838125, 0], [-43.361637, -22.838048, 0], [-43.361602, -22.838025, 0], [-43.361475, -22.838154, 0], [-43.361472, -22.838158, 0]]]}, "properties": {"address": "122645, 0"}},
{"type": "Feature", "geometry": {"type": "Polygon", "coordinates": [[[-43.361352, -22.838107, 0], [-43.361393, -22.83812, 0], [-43.361527, -22.837978, 0], [-43.361483, -22.837949, 0], [-43.361344, -22.838104, 0], [-43.361352, -22.838107, 0]]]}, "properties": {"address": "122645, 0"}},
{"type": "Feature", "geometry": {"type": "Polygon", "coordinates": [[[-43.361339, -22.83801, 0], [-43.361319, -22.838033, 0], [-43.361278, -22.838087, 0], [-43.361276, -22.83809, 0], [-43.361344, -22.838104, 0], [-43.361483, -22.837949, 0], [-43.361426, -22.837917, 0], [-43.361424, -22.837919, 0], [-43.361339, -22.83801, 0]]]}, "properties": {"address": "122645, 0"}},
{"type": "Feature", "geometry": {"type": "Polygon", "coordinates": [[[-43.361265, -22.838061, 0], [-43.36126, -22.838072, 0], [-43.361255, -22.838081, 0], [-43.361278, -22.838087, 0], [-43.361319, -22.838033, 0], [-43.361339, -22.83801, 0], [-43.361424, -22.837919, 0], [-43.361375, -22.837888, 0], [-43.361246, -22.838047, 0], [-43.361265, -22.838061, 0]]]}, "properties": {"address": "122645, 0"}},
{"type": "Feature", "geometry": {"type": "Polygon", "coordinates": [[[-43.361182, -22.837998, 0], [-43.361245, -22.838048, 0], [-43.361246, -22.838047, 0], [-43.361375, -22.837888, 0], [-43.361372, -22.837886, 0], [-43.361334, -22.837864, 0], [-43.361306, -22.837849, 0], [-43.361295, -22.837842, 0], [-43.361183, -22.837997, 0], [-43.361182, -22.837998, 0]]]}, "properties": {"address": "122645, 0"}},
{"type": "Feature", "geometry": {"type": "Polygon", "coordinates": [[[-43.361183, -22.837997, 0], [-43.361295, -22.837842, 0], [-43.36122, -22.837798, 0], [-43.36112, -22.837945, 0], [-43.361183, -22.837997, 0]]]}, "properties": {"address": "122645, 0"}},
{"type": "Feature", "geometry": {"type": "Polygon", "coordinates": [[[-43.361021, -22.83779, 0], [-43.360983, -22.837845, 0], [-43.360975, -22.837841, 0], [-43.360962, -22.837858, 0], [-43.36104, -22.8379, 0], [-43.361144, -22.837753, 0], [-43.361073, -22.83771, 0], [-43.361029, -22.837778, 0], [-43.361021, -22.83779, 0]]]}, "properties": {"address": "122645, 0"}},
{"type": "Feature", "geometry": {"type": "Polygon", "coordinates": [[[-43.360888, -22.837821, 0], [-43.360883, -22.83784, 0], [-43.360955, -22.837868, 0], [-43.360962, -22.837858, 0], [-43.360975, -22.837841, 0], [-43.360983, -22.837845, 0], [-43.361021, -22.83779, 0], [-43.361029, -22.837778, 0], [-43.361073, -22.83771, 0], [-43.361063, -22.837704, 0], [-43.360994, -22.837668, 0], [-43.360992, -22.83767, 0], [-43.360888, -22.837821, 0]]]}, "properties": {"address": "122645, 0"}},
{"type": "Feature", "geometry": {"type": "Polygon", "coordinates": [[[-43.360888, -22.837821, 0], [-43.360992, -22.83767, 0], [-43.360994, -22.837668, 0], [-43.360976, -22.837659, 0], [-43.360959, -22.837652, 0], [-43.360851, -22.837805, 0], [-43.360888, -22.837821, 0]]]}, "properties": {"address": "122645, 0"}},
{"type": "Feature", "geometry": {"type": "Polygon", "coordinates": [[[-43.36081, -22.837787, 0], [-43.360851, -22.837805, 0], [-43.360959, -22.837652, 0], [-43.360918, -22.837636, 0], [-43.360813, -22.83778, 0], [-43.36081, -22.837787, 0]]]}, "properties": {"address": "122645, 0"}},
{"type": "Feature", "geometry": {"type": "Polygon", "coordinates": [[[-43.361816, -22.837795, 0], [-43.361749, -22.837886, 0], [-43.361665, -22.838, 0], [-43.36172, -22.838036, 0], [-43.361743, -22.838049, 0], [-43.361769, -22.838009, 0], [-43.361809, -22.837949, 0], [-43.361829, -22.837918, 0], [-43.361875, -22.837848, 0], [-43.361885, -22.837834, 0], [-43.361919, -22.837781, 0], [-43.361942, -22.837747, 0], [-43.361916, -22.837732, 0], [-43.361877, -22.837711, 0], [-43.36184, -22.837762, 0], [-43.361816, -22.837795, 0]]]}, "properties": {"address": "122645, 0"}},
{"type": "Feature", "geometry": {"type": "Polygon", "coordinates": [[[-43.361529, -22.837865, 0], [-43.361505, -22.837899, 0], [-43.361548, -22.837926, 0], [-43.361552, -22.837929, 0], [-43.361585, -22.83795, 0], [-43.36161, -22.837917, 0], [-43.361676, -22.837826, 0], [-43.361695, -22.837799, 0], [-43.3617, -22.837793, 0], [-43.361722, -22.837762, 0], [-43.361723, -22.837761, 0], [-43.361744, -22.837732, 0], [-43.361747, -22.837728, 0], [-43.361659, -22.837681, 0], [-43.361615, -22.837743, 0], [-43.361529, -22.837865, 0]]]}, "properties": {"address": "122645, 0"}},
{"type": "Feature", "geometry": {"type": "Polygon", "coordinates": [[[-43.361521, -22.837711, 0], [-43.361425, -22.837848, 0], [-43.361505, -22.837899, 0], [-43.361529, -22.837865, 0], [-43.361615, -22.837743, 0], [-43.361659, -22.837681, 0], [-43.361668, -22.837668, 0], [-43.36162, -22.837645, 0], [-43.361581, -22.837624, 0], [-43.361528, -22.837701, 0], [-43.361521, -22.837711, 0]]]}, "properties": {"address": "122645, 0"}},
{"type": "Feature", "geometry": {"type": "Polygon", "coordinates": [[[-43.361468, -22.837629, 0], [-43.361408, -22.83771, 0], [-43.361344, -22.837796, 0], [-43.361359, -22.837806, 0], [-43.361387, -22.837767, 0], [-43.361459, -22.837671, 0], [-43.361521, -22.837711, 0], [-43.361528, -22.837701, 0], [-43.361581, -22.837624, 0], [-43.361609, -22.837585, 0], [-43.361508, -22.837574, 0], [-43.361495, -22.837591, 0], [-43.361468, -22.837629, 0]]]}, "properties": {"address": "122645, 0"}},
{"type": "Feature", "geometry": {"type": "Polygon", "coordinates": [[[-43.361332, -22.837646, 0], [-43.361326, -22.837655, 0], [-43.361323, -22.837658, 0], [-43.361314, -22.837672, 0], [-43.361276, -22.837723, 0], [-43.361262, -22.837744, 0], [-43.361314, -22.837777, 0], [-43.361344, -22.837796, 0], [-43.361408, -22.83771, 0], [-43.361468, -22.837629, 0], [-43.361495, -22.837591, 0], [-43.361508, -22.837574, 0], [-43.361414, -22.837564, 0], [-43.361391, -22.837564, 0], [-43.361384, -22.837574, 0], [-43.361332, -22.837646, 0]]]}, "properties": {"address": "122645, 0"}},
{"type": "Feature", "geometry": {"type": "Polygon", "coordinates": [[[-43.361281, -22.837652, 0], [-43.361244, -22.837704, 0], [-43.361243, -22.837705, 0], [-43.36123, -22.837724, 0], [-43.361247, -22.837735, 0], [-43.361262, -22.837744, 0], [-43.361276, -22.837723, 0], [-43.361314, -22.837672, 0], [-43.361323, -22.837658, 0], [-43.361326, -22.837655, 0], [-43.361332, -22.837646, 0], [-43.361384, -22.837574, 0], [-43.361348, -22.837559, 0], [-43.36131, -22.837612, 0], [-43.361281, -22.837652, 0]]]}, "properties": {"address": "122645, 0"}},
{"type": "Feature", "geometry": {"type": "Polygon", "coordinates": [[[-43.361119, -22.837663, 0], [-43.36112, -22.837663, 0], [-43.361135, -22.837642, 0], [-43.361182, -22.837578, 0], [-43.361155, -22.837562, 0], [-43.361149, -22.837559, 0], [-43.36112, -22.837542, 0], [-43.361068, -22.837638, 0], [-43.361119, -22.837663, 0]]]}, "properties": {"address": "122645, 0"}},
{"type": "Feature", "geometry": {"type": "Polygon", "coordinates": [[[-43.361292, -22.83754, 0], [-43.361237, -22.837615, 0], [-43.361227, -22.837629, 0], [-43.361194, -22.837674, 0], [-43.361192, -22.837677, 0], [-43.361179, -22.837695, 0], [-43.361201, -22.837706, 0], [-43.36123, -22.837724, 0], [-43.361243, -22.837705, 0], [-43.361244, -22.837704, 0], [-43.361281, -22.837652, 0], [-43.36131, -22.837612, 0], [-43.361348, -22.837559, 0], [-43.36135, -22.837556, 0], [-43.361316, -22.837537, 0], [-43.361308, -22.83755, 0], [-43.361292, -22.83754, 0]]]}, "properties": {"address": "122645, 0"}},
{"type": "Feature", "geometry": {"type": "Polygon", "coordinates": [[[-43.361231, -22.837509, 0], [-43.361182, -22.837578, 0], [-43.361135, -22.837642, 0], [-43.36112, -22.837663, 0], [-43.361179, -22.837695, 0], [-43.361192, -22.837677, 0], [-43.361194, -22.837674, 0], [-43.361227, -22.837629, 0], [-43.361237, -22.837615, 0], [-43.361292, -22.83754, 0], [-43.361231, -22.837509, 0]]]}, "properties": {"address": "122645, 0"}},
{"type": "Feature", "geometry": {"type": "Polygon", "coordinates": [[[-43.361149, -22.837559, 0], [-43.361155, -22.837562, 0], [-43.361182, -22.837578, 0], [-43.361231, -22.837509, 0], [-43.361236, -22.837503, 0], [-43.361202, -22.837483, 0], [-43.361182, -22.837471, 0], [-43.361165, -22.837461, 0], [-43.361164, -22.837461, 0], [-43.36112, -22.837542, 0], [-43.361149, -22.837559, 0]]]}, "properties": {"address": "122645, 0"}},
{"type": "Feature", "geometry": {"type": "Polygon", "coordinates": [[[-43.360998, -22.837586, 0], [-43.360997, -22.837587, 0], [-43.360988, -22.837605, 0], [-43.36105, -22.837629, 0], [-43.361058, -22.837634, 0], [-43.361109, -22.837547, 0], [-43.361154, -22.837463, 0], [-43.361094, -22.837448, 0], [-43.361069, -22.837442, 0], [-43.360998, -22.837586, 0]]]}, "properties": {"address": "122645, 0"}},
{"type": "Feature", "geometry": {"type": "Polygon", "coordinates": [[[-43.358123, -22.837505, 0], [-43.358191, -22.837456, 0], [-43.358037, -22.837277, 0], [-43.357971, -22.837326, 0], [-43.358123, -22.837505, 0]]]}, "properties": {"address": "122611, 742156"}},
{"type": "Feature", "geometry": {"type": "Polygon", "coordinates": [[[-43.362549, -22.837579, 0], [-43.362553, -22.837579, 0], [-43.362558, -22.837578, 0], [-43.362561, -22.837576, 0], [-43.362564, -22.837575, 0], [-43.362566, -22.837573, 0], [-43.362568, -22.83757, 0], [-43.362587, -22.837499, 0], [-43.362607, -22.837425, 0], [-43.362615, -22.837395, 0], [-43.362546, -22.837394, 0], [-43.362493, -22.837392, 0], [-43.362449, -22.837524, 0], [-43.362549, -22.837579, 0]]]}, "properties": {"address": "200181, 0"}},
{"type": "Feature", "geometry": {"type": "Polygon", "coordinates": [[[-43.362395, -22.837437, 0], [-43.362386, -22.837463, 0], [-43.362379, -22.837486, 0], [-43.362449, -22.837524, 0], [-43.362493, -22.837392, 0], [-43.362472, -22.837384, 0], [-43.362419, -22.837363, 0], [-43.362408, -22.837398, 0], [-43.362395, -22.837437, 0]]]}, "properties": {"address": "200181, 0"}},
{"type": "Feature", "geometry": {"type": "Polygon", "coordinates": [[[-43.362276, -22.837429, 0], [-43.362379, -22.837486, 0], [-43.362386, -22.837463, 0], [-43.362395, -22.837437, 0], [-43.362408, -22.837398, 0], [-43.362419, -22.837363, 0], [-43.362415, -22.837362, 0], [-43.362342, -22.837319, 0], [-43.362336, -22.837315, 0], [-43.362333, -22.837321, 0], [-43.362276, -22.837429, 0]]]}, "properties": {"address": "200181, 0"}},
{"type": "Feature", "geometry": {"type": "Polygon", "coordinates": [[[-43.361974, -22.83728, 0], [-43.361972, -22.837283, 0], [-43.361967, -22.837289, 0], [-43.361959, -22.837296, 0], [-43.361954, -22.837299, 0], [-43.361935, -22.837317, 0], [-43.36193, -22.837321, 0], [-43.362062, -22.837365, 0], [-43.362067, -22.837367, 0], [-43.362112, -22.837375, 0], [-43.362156, -22.837383, 0], [-43.362168, -22.837385, 0], [-43.362195, -22.837304, 0], [-43.362197, -22.837295, 0], [-43.362191, -22.837294, 0], [-43.362117, -22.837279, 0], [-43.362086, -22.837273, 0], [-43.362076, -22.83727, 0], [-43.362036, -22.837261, 0], [-43.362003, -22.837254, 0], [-43.361989, -22.83725, 0], [-43.361979, -22.837271, 0], [-43.361974, -22.83728, 0]]]}, "properties": {"address": "200181, 0"}},
{"type": "Feature", "geometry": {"type": "Polygon", "coordinates": [[[-43.361941, -22.837263, 0], [-43.361936, -22.837268, 0], [-43.361907, -22.83729, 0], [-43.36189, -22.837302, 0], [-43.36193, -22.837321, 0], [-43.361935, -22.837317, 0], [-43.361954, -22.837299, 0], [-43.361959, -22.837296, 0], [-43.361967, -22.837289, 0], [-43.361972, -22.837283, 0], [-43.361974, -22.83728, 0], [-43.361979, -22.837271, 0], [-43.361989, -22.83725, 0], [-43.361985, -22.83723, 0], [-43.361957, -22.837244, 0], [-43.361941, -22.837263, 0]]]}, "properties": {"address": "200181, 0"}},
{"type": "Feature", "geometry": {"type": "Polygon", "coordinates": [[[-43.362395, -22.837667, 0], [-43.362449, -22.837699, 0], [-43.362517, -22.837739, 0], [-43.362525, -22.837708, 0], [-43.362529, -22.837694, 0], [-43.36253, -22.837689, 0], [-43.362418, -22.837619, 0], [-43.362397, -22.837664, 0], [-43.362395, -22.837667, 0]]]}, "properties": {"address": "200181, 0"}},
{"type": "Feature", "geometry": {"type": "Polygon", "coordinates": [[[-43.362418, -22.837619, 0], [-43.36253, -22.837689, 0], [-43.362531, -22.837687, 0], [-43.362543, -22.837641, 0], [-43.362544, -22.837639, 0], [-43.362437, -22.837578, 0], [-43.362428, -22.837596, 0], [-43.362418, -22.837619, 0]]]}, "properties": {"address": "200181, 0"}},
{"type": "Feature", "geometry": {"type": "Polygon", "coordinates": [[[-43.362364, -22.837574, 0], [-43.362357, -22.837589, 0], [-43.362336, -22.837633, 0], [-43.36238, -22.837656, 0], [-43.362397, -22.837664, 0], [-43.362418, -22.837619, 0], [-43.362428, -22.837596, 0], [-43.362437, -22.837578, 0], [-43.362434, -22.837576, 0], [-43.362378, -22.837545, 0], [-43.362368, -22.837565, 0], [-43.362364, -22.837574, 0]]]}, "properties": {"address": "200181, 0"}},
{"type": "Feature", "geometry": {"type": "Polygon", "coordinates": [[[-43.362277, -22.837618, 0], [-43.362263, -22.837646, 0], [-43.362247, -22.837681, 0], [-43.362268, -22.837693, 0], [-43.362298, -22.837712, 0], [-43.36231, -22.837688, 0], [-43.362336, -22.837633, 0], [-43.362357, -22.837589, 0], [-43.362364, -22.837574, 0], [-43.362368, -22.837565, 0], [-43.362378, -22.837545, 0], [-43.362326, -22.837515, 0], [-43.362309, -22.83755, 0], [-43.362277, -22.837618, 0]]]}, "properties": {"address": "200181, 0"}},
{"type": "Feature", "geometry": {"type": "Polygon", "coordinates": [[[-43.362235, -22.837674, 0], [-43.362239, -22.837677, 0], [-43.362247, -22.837681, 0], [-43.362263, -22.837646, 0], [-43.362277, -22.837618, 0], [-43.362309, -22.83755, 0], [-43.362326, -22.837515, 0], [-43.362302, -22.837502, 0], [-43.36225, -22.837472, 0], [-43.362243, -22.837491, 0], [-43.362231, -22.837518, 0], [-43.362218, -22.837552, 0], [-43.36221, -22.83757, 0], [-43.362196, -22.837603, 0], [-43.362196, -22.837604, 0], [-43.36219, -22.837619, 0], [-43.36218, -22.837643, 0], [-43.362181, -22.837644, 0], [-43.362186, -22.837646, 0], [-43.362235, -22.837674, 0]]]}, "properties": {"address": "200181, 0"}},
{"type": "Feature", "geometry": {"type": "Polygon", "coordinates": [[[-43.362261, -22.837189, 0], [-43.362252, -22.837212, 0], [-43.36222, -22.837291, 0], [-43.362181, -22.837387, 0], [-43.362275, -22.837429, 0], [-43.362276, -22.837429, 0], [-43.362333, -22.837321, 0], [-43.362336, -22.837315, 0], [-43.362349, -22.83729, 0], [-43.362408, -22.837178, 0], [-43.362343, -22.837137, 0], [-43.362286, -22.837205, 0], [-43.362261, -22.837189, 0]]]}, "properties": {"address": "200181, 0"}},
{"type": "Feature", "geometry": {"type": "Polygon", "coordinates": [[[-43.357763, -22.837479, 0], [-43.357874, -22.837608, 0], [-43.357915, -22.837654, 0], [-43.357982, -22.837605, 0], [-43.357831, -22.837429, 0], [-43.357809, -22.837446, 0], [-43.357763, -22.837479, 0]]]}, "properties": {"address": "122611, 742180"}},
{"type": "Feature", "geometry": {"type": "Polygon", "coordinates": [[[-43.358037, -22.837277, 0], [-43.358191, -22.837456, 0], [-43.358192, -22.837455, 0], [-43.35826, -22.837405, 0], [-43.358106, -22.837227, 0], [-43.358082, -22.837244, 0], [-43.358037, -22.837277, 0]]]}, "properties": {"address": "122611, 742134"}},
{"type": "Feature", "geometry": {"type": "Polygon", "coordinates": [[[-43.358364, -22.837044, 0], [-43.358358, -22.837046, 0], [-43.358334, -22.837061, 0], [-43.358313, -22.837076, 0], [-43.358466, -22.837253, 0], [-43.358561, -22.837182, 0], [-43.358508, -22.837123, 0], [-43.358454, -22.837063, 0], [-43.358448, -22.837058, 0], [-43.358431, -22.83705, 0], [-43.358419, -22.837046, 0], [-43.358405, -22.837043, 0], [-43.358384, -22.837042, 0], [-43.358371, -22.837042, 0], [-43.358364, -22.837044, 0]]]}, "properties": {"address": "122611, 669350"}},
{"type": "Feature", "geometry": {"type": "Polygon", "coordinates": [[[-43.358328, -22.837354, 0], [-43.358396, -22.837304, 0], [-43.358245, -22.837126, 0], [-43.358177, -22.837175, 0], [-43.358328, -22.837354, 0]]]}, "properties": {"address": "122611, 669351"}},
{"type": "Feature", "geometry": {"type": "Polygon", "coordinates": [[[-43.358396, -22.837304, 0], [-43.358466, -22.837253, 0], [-43.358313, -22.837076, 0], [-43.358245, -22.837126, 0], [-43.358396, -22.837304, 0]]]}, "properties": {"address": "122611, 742341"}},
{"type": "Feature", "geometry": {"type": "Polygon", "coordinates": [[[-43.353651, -22.838627, 0], [-43.353654, -22.838612, 0], [-43.353666, -22.838553, 0], [-43.353677, -22.838495, 0], [-43.35366, -22.838491, 0], [-43.353623, -22.838484, 0], [-43.353592, -22.838615, 0], [-43.353651, -22.838627, 0]]]}, "properties": {"address": "163712, 0"}},
{"type": "Feature", "geometry": {"type": "Polygon", "coordinates": [[[-43.353584, -22.838918, 0], [-43.353651, -22.838627, 0], [-43.353592, -22.838615, 0], [-43.353623, -22.838484, 0], [-43.353565, -22.838472, 0], [-43.353472, -22.838895, 0], [-43.353584, -22.838918, 0]]]}, "properties": {"address": "163712, 393063"}},
{"type": "Feature", "geometry": {"type": "Polygon", "coordinates": [[[-43.353361, -22.838871, 0], [-43.353472, -22.838895, 0], [-43.353565, -22.838472, 0], [-43.353452, -22.838449, 0], [-43.353414, -22.838625, 0], [-43.353361, -22.838871, 0]]]}, "properties": {"address": "163712, 744592"}},
{"type": "Feature", "geometry": {"type": "Polygon", "coordinates": [[[-43.353271, -22.838852, 0], [-43.353326, -22.838607, 0], [-43.353414, -22.838625, 0], [-43.353452, -22.838449, 0], [-43.353337, -22.838426, 0], [-43.353246, -22.838846, 0], [-43.353271, -22.838852, 0]]]}, "properties": {"address": "163712, 671170"}},
{"type": "Feature", "geometry": {"type": "Polygon", "coordinates": [[[-43.356106, -22.837571, 0], [-43.356136, -22.837577, 0], [-43.356151, -22.837509, 0], [-43.356075, -22.837494, 0], [-43.356056, -22.83749, 0], [-43.356041, -22.837559, 0], [-43.356106, -22.837571, 0]]]}, "properties": {"address": "121803, 0"}},
{"type": "Feature", "geometry": {"type": "Polygon", "coordinates": [[[-43.355971, -22.837561, 0], [-43.355917, -22.837551, 0], [-43.355894, -22.837546, 0], [-43.355891, -22.837561, 0], [-43.356035, -22.837589, 0], [-43.356041, -22.837559, 0], [-43.356056, -22.83749, 0], [-43.356045, -22.837488, 0], [-43.356026, -22.837572, 0], [-43.355971, -22.837561, 0]]]}, "properties": {"address": "121803, 0"}},
{"type": "Feature", "geometry": {"type": "Polygon", "coordinates": [[[-43.355894, -22.837546, 0], [-43.355917, -22.837551, 0], [-43.355971, -22.837561, 0], [-43.356026, -22.837572, 0], [-43.356045, -22.837488, 0], [-43.356032, -22.837486, 0], [-43.355936, -22.837467, 0], [-43.355913, -22.837463, 0], [-43.355895, -22.837544, 0], [-43.355894, -22.837546, 0]]]}, "properties": {"address": "121803, 921258"}},
{"type": "Feature", "geometry": {"type": "Polygon", "coordinates": [[[-43.355541, -22.837202, 0], [-43.355541, -22.837204, 0], [-43.355561, -22.837207, 0], [-43.355752, -22.837243, 0], [-43.355781, -22.837248, 0], [-43.355789, -22.837209, 0], [-43.355798, -22.837171, 0], [-43.355777, -22.837167, 0], [-43.355752, -22.837161, 0], [-43.35572, -22.837155, 0], [-43.355695, -22.83715, 0], [-43.355632, -22.837137, 0], [-43.355603, -22.837131, 0], [-43.355559, -22.837122, 0], [-43.355558, -22.837126, 0], [-43.355541, -22.837202, 0]]]}, "properties": {"address": "121803, 742181"}},
{"type": "Feature", "geometry": {"type": "Polygon", "coordinates": [[[-43.355537, -22.837288, 0], [-43.355544, -22.837289, 0], [-43.355653, -22.837308, 0], [-43.355659, -22.837309, 0], [-43.355674, -22.837311, 0], [-43.355739, -22.837323, 0], [-43.355764, -22.837327, 0], [-43.355765, -22.837325, 0], [-43.355772, -22.837289, 0], [-43.355781, -22.837248, 0], [-43.355752, -22.837243, 0], [-43.355561, -22.837207, 0], [-43.355541, -22.837204, 0], [-43.355523, -22.837285, 0], [-43.355537, -22.837288, 0]]]}, "properties": {"address": "121803, 742137"}},
{"type": "Feature", "geometry": {"type": "Polygon", "coordinates": [[[-43.355515, -22.837322, 0], [-43.355539, -22.837327, 0], [-43.355651, -22.837348, 0], [-43.355653, -22.837348, 0], [-43.35573, -22.837363, 0], [-43.355755, -22.837367, 0], [-43.355758, -22.837355, 0], [-43.355764, -22.837327, 0], [-43.355739, -22.837323, 0], [-43.355674, -22.837311, 0], [-43.355659, -22.837309, 0], [-43.355653, -22.837308, 0], [-43.355544, -22.837289, 0], [-43.355537, -22.837288, 0], [-43.355523, -22.837285, 0], [-43.355516, -22.837319, 0], [-43.355515, -22.837322, 0]]]}, "properties": {"address": "121803, 426967"}},
{"type": "Feature", "geometry": {"type": "Polygon", "coordinates": [[[-43.355913, -22.837463, 0], [-43.355936, -22.837467, 0], [-43.356032, -22.837486, 0], [-43.356045, -22.837488, 0], [-43.356056, -22.83749, 0], [-43.356075, -22.837494, 0], [-43.356151, -22.837509, 0], [-43.356168, -22.837432, 0], [-43.356169, -22.83743, 0], [-43.35611, -22.837419, 0], [-43.356085, -22.837414, 0], [-43.355949, -22.837388, 0], [-43.355948, -22.837388, 0], [-43.35593, -22.837385, 0], [-43.355927, -22.8374, 0], [-43.355913, -22.837463, 0]]]}, "properties": {"address": "121803, 742372"}},
{"type": "Feature", "geometry": {"type": "Polygon", "coordinates": [[[-43.35593, -22.837385, 0], [-43.355948, -22.837388, 0], [-43.355949, -22.837388, 0], [-43.356085, -22.837414, 0], [-43.35611, -22.837419, 0], [-43.356169, -22.83743, 0], [-43.356183, -22.837364, 0], [-43.356186, -22.83735, 0], [-43.356104, -22.837335, 0], [-43.356101, -22.837334, 0], [-43.356041, -22.837323, 0], [-43.355996, -22.837314, 0], [-43.355983, -22.837312, 0], [-43.355947, -22.837305, 0], [-43.355932, -22.837374, 0], [-43.35593, -22.837385, 0]]]}, "properties": {"address": "121803, 742357"}},
{"type": "Feature", "geometry": {"type": "Polygon", "coordinates": [[[-43.356121, -22.837256, 0], [-43.356203, -22.837271, 0], [-43.356221, -22.83719, 0], [-43.356102, -22.837168, 0], [-43.356052, -22.837158, 0], [-43.355982, -22.837145, 0], [-43.355965, -22.837226, 0], [-43.356121, -22.837256, 0]]]}, "properties": {"address": "121803, 742163"}},
{"type": "Feature", "geometry": {"type": "Polygon", "coordinates": [[[-43.355983, -22.837312, 0], [-43.355996, -22.837314, 0], [-43.356041, -22.837323, 0], [-43.356101, -22.837334, 0], [-43.356104, -22.837335, 0], [-43.356186, -22.83735, 0], [-43.356187, -22.837344, 0], [-43.356203, -22.837271, 0], [-43.356121, -22.837256, 0], [-43.355965, -22.837226, 0], [-43.355947, -22.837305, 0], [-43.355983, -22.837312, 0]]]}, "properties": {"address": "121803, 742202"}},
{"type": "Feature", "geometry": {"type": "Polygon", "coordinates": [[[-43.355525, -22.837367, 0], [-43.355541, -22.83737, 0], [-43.355572, -22.837376, 0], [-43.355644, -22.837389, 0], [-43.355651, -22.837391, 0], [-43.355671, -22.837394, 0], [-43.355732, -22.837406, 0], [-43.355746, -22.837408, 0], [-43.355753, -22.837374, 0], [-43.355755, -22.837367, 0], [-43.35573, -22.837363, 0], [-43.355653, -22.837348, 0], [-43.355651, -22.837348, 0], [-43.355539, -22.837327, 0], [-43.355515, -22.837322, 0], [-43.355506, -22.837363, 0], [-43.355525, -22.837367, 0]]]}, "properties": {"address": "121803, 922886"}},
{"type": "Feature", "geometry": {"type": "Polygon", "coordinates": [[[-43.355832, -22.837009, 0], [-43.355806, -22.837004, 0], [-43.3557, -22.836985, 0], [-43.355653, -22.836976, 0], [-43.355593, -22.836965, 0], [-43.355587, -22.836995, 0], [-43.355578, -22.837035, 0], [-43.355576, -22.837045, 0], [-43.355716, -22.837071, 0], [-43.355762, -22.837079, 0], [-43.355815, -22.837089, 0], [-43.355832, -22.837009, 0]]]}, "properties": {"address": "121803, 742360"}},
{"type": "Feature", "geometry": {"type": "Polygon", "coordinates": [[[-43.355867, -22.83685, 0], [-43.355863, -22.836849, 0], [-43.355852, -22.836847, 0], [-43.355814, -22.83684, 0], [-43.355753, -22.836828, 0], [-43.355728, -22.836823, 0], [-43.355685, -22.836815, 0], [-43.35563, -22.836805, 0], [-43.355629, -22.836806, 0], [-43.355613, -22.836878, 0], [-43.355611, -22.836888, 0], [-43.355668, -22.836898, 0], [-43.355701, -22.836904, 0], [-43.355725, -22.836909, 0], [-43.355737, -22.836911, 0], [-43.355763, -22.836916, 0], [-43.355849, -22.836931, 0], [-43.355864, -22.836862, 0], [-43.355867, -22.83685, 0]]]}, "properties": {"address": "121803, 742355"}},
{"type": "Feature", "geometry": {"type": "Polygon", "coordinates": [[[-43.35557, -22.83707, 0], [-43.35557, -22.837071, 0], [-43.355563, -22.837104, 0], [-43.355559, -22.837122, 0], [-43.355603, -22.837131, 0], [-43.355632, -22.837137, 0], [-43.355695, -22.83715, 0], [-43.35572, -22.837155, 0], [-43.355752, -22.837161, 0], [-43.355777, -22.837167, 0], [-43.355798, -22.837171, 0], [-43.355815, -22.837089, 0], [-43.355762, -22.837079, 0], [-43.355716, -22.837071, 0], [-43.355576, -22.837045, 0], [-43.355575, -22.837048, 0], [-43.35557, -22.83707, 0]]]}, "properties": {"address": "121803, 742361"}},
{"type": "Feature", "geometry": {"type": "Polygon", "coordinates": [[[-43.355849, -22.836931, 0], [-43.355763, -22.836916, 0], [-43.355737, -22.836911, 0], [-43.355725, -22.836909, 0], [-43.355701, -22.836904, 0], [-43.355668, -22.836898, 0], [-43.355611, -22.836888, 0], [-43.35561, -22.836891, 0], [-43.355598, -22.836945, 0], [-43.355593, -22.836965, 0], [-43.355653, -22.836976, 0], [-43.3557, -22.836985, 0], [-43.355806, -22.837004, 0], [-43.355832, -22.837009, 0], [-43.355843, -22.836958, 0], [-43.355849, -22.836931, 0]]]}, "properties": {"address": "121803, 742349"}},
{"type": "Feature", "geometry": {"type": "Polygon", "coordinates": [[[-43.356052, -22.837158, 0], [-43.356102, -22.837168, 0], [-43.356221, -22.83719, 0], [-43.356238, -22.83711, 0], [-43.356157, -22.837095, 0], [-43.356066, -22.837078, 0], [-43.356, -22.837065, 0], [-43.355982, -22.837145, 0], [-43.356052, -22.837158, 0]]]}, "properties": {"address": "121803, 742148"}},
{"type": "Feature", "geometry": {"type": "Polygon", "coordinates": [[[-43.356039, -22.836991, 0], [-43.35604, -22.836991, 0], [-43.356145, -22.837011, 0], [-43.356255, -22.837032, 0], [-43.356273, -22.83695, 0], [-43.356234, -22.836943, 0], [-43.356186, -22.836934, 0], [-43.356164, -22.83693, 0], [-43.356056, -22.836909, 0], [-43.356035, -22.836905, 0], [-43.356017, -22.836987, 0], [-43.356039, -22.836991, 0]]]}, "properties": {"address": "121803, 742362"}},
{"type": "Feature", "geometry": {"type": "Polygon", "coordinates": [[[-43.355672, -22.83661, 0], [-43.355671, -22.836617, 0], [-43.355665, -22.836646, 0], [-43.35573, -22.836658, 0], [-43.355773, -22.836666, 0], [-43.355784, -22.836668, 0], [-43.355874, -22.836684, 0], [-43.355902, -22.836689, 0], [-43.355919, -22.836612, 0], [-43.355861, -22.836601, 0], [-43.355831, -22.836596, 0], [-43.355774, -22.836585, 0], [-43.355755, -22.836581, 0], [-43.355681, -22.836567, 0], [-43.35568, -22.836574, 0], [-43.355672, -22.83661, 0]]]}, "properties": {"address": "121803, 742369"}},
{"type": "Feature", "geometry": {"type": "Polygon", "coordinates": [[[-43.355502, -22.836553, 0], [-43.355466, -22.836554, 0], [-43.355439, -22.836633, 0], [-43.355483, -22.836642, 0], [-43.355658, -22.836677, 0], [-43.355665, -22.836646, 0], [-43.355671, -22.836617, 0], [-43.355672, -22.83661, 0], [-43.35568, -22.836574, 0], [-43.355607, -22.836559, 0], [-43.355542, -22.836545, 0], [-43.355511, -22.836539, 0], [-43.355508, -22.836553, 0], [-43.355502, -22.836553, 0]]]}, "properties": {"address": "121803, 0"}},
{"type": "Feature", "geometry": {"type": "Polygon", "coordinates": [[[-43.35563, -22.836805, 0], [-43.355685, -22.836815, 0], [-43.355728, -22.836823, 0], [-43.355753, -22.836828, 0], [-43.355814, -22.83684, 0], [-43.355852, -22.836847, 0], [-43.355863, -22.836849, 0], [-43.355867, -22.83685, 0], [-43.355884, -22.836768, 0], [-43.355868, -22.836766, 0], [-43.355757, -22.836746, 0], [-43.355737, -22.836743, 0], [-43.355703, -22.836737, 0], [-43.355647, -22.836727, 0], [-43.355634, -22.836784, 0], [-43.35563, -22.836805, 0]]]}, "properties": {"address": "121803, 742354"}},
{"type": "Feature", "geometry": {"type": "Polygon", "coordinates": [[[-43.355433, -22.836655, 0], [-43.355426, -22.836685, 0], [-43.355422, -22.836701, 0], [-43.355413, -22.836739, 0], [-43.355435, -22.836744, 0], [-43.355475, -22.836752, 0], [-43.355567, -22.83677, 0], [-43.355576, -22.836772, 0], [-43.355614, -22.83678, 0], [-43.355634, -22.836784, 0], [-43.355647, -22.836727, 0], [-43.355658, -22.836677, 0], [-43.355483, -22.836642, 0], [-43.355439, -22.836633, 0], [-43.355438, -22.836633, 0], [-43.355434, -22.83665, 0], [-43.355433, -22.836655, 0]]]}, "properties": {"address": "121803, 0"}},
{"type": "Feature", "geometry": {"type": "Polygon", "coordinates": [[[-43.355647, -22.836727, 0], [-43.355703, -22.836737, 0], [-43.355737, -22.836743, 0], [-43.355757, -22.836746, 0], [-43.355868, -22.836766, 0], [-43.355884, -22.836768, 0], [-43.355902, -22.836689, 0], [-43.355874, -22.836684, 0], [-43.355784, -22.836668, 0], [-43.355773, -22.836666, 0], [-43.35573, -22.836658, 0], [-43.355665, -22.836646, 0], [-43.355658, -22.836677, 0], [-43.355647, -22.836727, 0]]]}, "properties": {"address": "121803, 669288"}},
{"type": "Feature", "geometry": {"type": "Polygon", "coordinates": [[[-43.355698, -22.836486, 0], [-43.355781, -22.836501, 0], [-43.355793, -22.836504, 0], [-43.355868, -22.836518, 0], [-43.355913, -22.836526, 0], [-43.355937, -22.836531, 0], [-43.355954, -22.836451, 0], [-43.355798, -22.836422, 0], [-43.355777, -22.836418, 0], [-43.355715, -22.836406, 0], [-43.355702, -22.836466, 0], [-43.355698, -22.836486, 0]]]}, "properties": {"address": "121803, 742160"}},
{"type": "Feature", "geometry": {"type": "Polygon", "coordinates": [[[-43.355681, -22.836567, 0], [-43.355755, -22.836581, 0], [-43.355774, -22.836585, 0], [-43.355831, -22.836596, 0], [-43.355861, -22.836601, 0], [-43.355919, -22.836612, 0], [-43.355937, -22.836531, 0], [-43.355913, -22.836526, 0], [-43.355868, -22.836518, 0], [-43.355793, -22.836504, 0], [-43.355781, -22.836501, 0], [-43.355698, -22.836486, 0], [-43.355683, -22.836556, 0], [-43.355681, -22.836567, 0]]]}, "properties": {"address": "121803, 168475"}},
{"type": "Feature", "geometry": {"type": "Polygon", "coordinates": [[[-43.356095, -22.836752, 0], [-43.356096, -22.836752, 0], [-43.356189, -22.836769, 0], [-43.356219, -22.836775, 0], [-43.356256, -22.836782, 0], [-43.356308, -22.836792, 0], [-43.356315, -22.836759, 0], [-43.356325, -22.836713, 0], [-43.356114, -22.836673, 0], [-43.356087, -22.836668, 0], [-43.35607, -22.836747, 0], [-43.356095, -22.836752, 0]]]}, "properties": {"address": "121803, 742356"}},
{"type": "Feature", "geometry": {"type": "Polygon", "coordinates": [[[-43.356114, -22.836673, 0], [-43.356325, -22.836713, 0], [-43.356342, -22.836633, 0], [-43.356304, -22.836626, 0], [-43.35625, -22.836615, 0], [-43.356125, -22.836592, 0], [-43.356105, -22.836588, 0], [-43.356087, -22.836668, 0], [-43.356114, -22.836673, 0]]]}, "properties": {"address": "121803, 742173"}},
{"type": "Feature", "geometry": {"type": "Polygon", "coordinates": [[[-43.356114, -22.836545, 0], [-43.356105, -22.836588, 0], [-43.356125, -22.836592, 0], [-43.35625, -22.836615, 0], [-43.356304, -22.836626, 0], [-43.356342, -22.836633, 0], [-43.356354, -22.836581, 0], [-43.35636, -22.836553, 0], [-43.356302, -22.836542, 0], [-43.356261, -22.836535, 0], [-43.356122, -22.836509, 0], [-43.356114, -22.836545, 0]]]}, "properties": {"address": "121803, 742376"}},
{"type": "Feature", "geometry": {"type": "Polygon", "coordinates": [[[-43.356261, -22.836535, 0], [-43.356302, -22.836542, 0], [-43.35636, -22.836553, 0], [-43.356363, -22.836537, 0], [-43.356365, -22.836529, 0], [-43.356374, -22.836487, 0], [-43.356377, -22.836475, 0], [-43.356312, -22.836462, 0], [-43.356279, -22.836456, 0], [-43.356139, -22.83643, 0], [-43.356122, -22.836509, 0], [-43.356261, -22.836535, 0]]]}, "properties": {"address": "121803, 742158"}},
{"type": "Feature", "geometry": {"type": "Polygon", "coordinates": [[[-43.355715, -22.836405, 0], [-43.355715, -22.836406, 0], [-43.355777, -22.836418, 0], [-43.355798, -22.836422, 0], [-43.355954, -22.836451, 0], [-43.355972, -22.836372, 0], [-43.355972, -22.83637, 0], [-43.355945, -22.836365, 0], [-43.355807, -22.83634, 0], [-43.355797, -22.836338, 0], [-43.355794, -22.836338, 0], [-43.355732, -22.836326, 0], [-43.355726, -22.836353, 0], [-43.355715, -22.836405, 0]]]}, "properties": {"address": "121803, 742358"}},
{"type": "Feature", "geometry": {"type": "Polygon", "coordinates": [[[-43.356052, -22.836827, 0], [-43.356075, -22.836831, 0], [-43.356183, -22.836851, 0], [-43.356243, -22.836863, 0], [-43.35629, -22.836871, 0], [-43.356308, -22.836792, 0], [-43.356256, -22.836782, 0], [-43.356219, -22.836775, 0], [-43.356189, -22.836769, 0], [-43.356096, -22.836752, 0], [-43.356095, -22.836752, 0], [-43.35607, -22.836747, 0], [-43.356053, -22.836826, 0], [-43.356052, -22.836827, 0]]]}, "properties": {"address": "121803, 742370"}},
{"type": "Feature", "geometry": {"type": "Polygon", "coordinates": [[[-43.356168, -22.836919, 0], [-43.356083, -22.836903, 0], [-43.356065, -22.836899, 0], [-43.356038, -22.836894, 0], [-43.356035, -22.836905, 0], [-43.356056, -22.836909, 0], [-43.356164, -22.83693, 0], [-43.356186, -22.836934, 0], [-43.356234, -22.836943, 0], [-43.356273, -22.83695, 0], [-43.356277, -22.836931, 0], [-43.356278, -22.836928, 0], [-43.356284, -22.836902, 0], [-43.356286, -22.836894, 0], [-43.35629, -22.836874, 0], [-43.35629, -22.836871, 0], [-43.356243, -22.836863, 0], [-43.356183, -22.836851, 0], [-43.356175, -22.836886, 0], [-43.356168, -22.836919, 0]]]}, "properties": {"address": "121803, 0"}},
{"type": "Feature", "geometry": {"type": "Polygon", "coordinates": [[[-43.356065, -22.836899, 0], [-43.356083, -22.836903, 0], [-43.356168, -22.836919, 0], [-43.356175, -22.836886, 0], [-43.356183, -22.836851, 0], [-43.356075, -22.836831, 0], [-43.356052, -22.836827, 0], [-43.356038, -22.836894, 0], [-43.356065, -22.836899, 0]]]}, "properties": {"address": "121803, 922891"}},
{"type": "Feature", "geometry": {"type": "Polygon", "coordinates": [[[-43.356004, -22.837046, 0], [-43.356002, -22.837056, 0], [-43.356002, -22.837058, 0], [-43.356, -22.837065, 0], [-43.356066, -22.837078, 0], [-43.356157, -22.837095, 0], [-43.356238, -22.83711, 0], [-43.356245, -22.837078, 0], [-43.356255, -22.837032, 0], [-43.356145, -22.837011, 0], [-43.35604, -22.836991, 0], [-43.356039, -22.836991, 0], [-43.356017, -22.836987, 0], [-43.356011, -22.837016, 0], [-43.356004, -22.837046, 0]]]}, "properties": {"address": "121803, 922885"}},
{"type": "Feature", "geometry": {"type": "Polygon", "coordinates": [[[-43.356395, -22.836394, 0], [-43.356404, -22.83635, 0], [-43.356412, -22.836313, 0], [-43.356404, -22.836311, 0], [-43.356334, -22.836298, 0], [-43.356333, -22.836298, 0], [-43.356321, -22.836296, 0], [-43.356314, -22.836294, 0], [-43.356311, -22.836294, 0], [-43.3562, -22.836273, 0], [-43.356175, -22.836268, 0], [-43.356157, -22.836349, 0], [-43.356395, -22.836394, 0]]]}, "properties": {"address": "121803, 742194"}},
{"type": "Feature", "geometry": {"type": "Polygon", "coordinates": [[[-43.356279, -22.836456, 0], [-43.356312, -22.836462, 0], [-43.356314, -22.836453, 0], [-43.356327, -22.836391, 0], [-43.35618, -22.836363, 0], [-43.356155, -22.836358, 0], [-43.356139, -22.83643, 0], [-43.356279, -22.836456, 0]]]}, "properties": {"address": "121803, 922884"}},
{"type": "Feature", "geometry": {"type": "Polygon", "coordinates": [[[-43.35618, -22.836363, 0], [-43.356327, -22.836391, 0], [-43.356314, -22.836453, 0], [-43.356312, -22.836462, 0], [-43.356377, -22.836475, 0], [-43.356379, -22.836465, 0], [-43.356395, -22.836394, 0], [-43.356157, -22.836349, 0], [-43.356155, -22.836358, 0], [-43.35618, -22.836363, 0]]]}, "properties": {"address": "121803, 0"}},
{"type": "Feature", "geometry": {"type": "Polygon", "coordinates": [[[-43.355116, -22.837738, 0], [-43.35511, -22.837765, 0], [-43.355102, -22.837764, 0], [-43.355098, -22.837781, 0], [-43.355171, -22.837796, 0], [-43.355189, -22.837701, 0], [-43.355128, -22.83769, 0], [-43.355124, -22.837707, 0], [-43.355116, -22.837738, 0]]]}, "properties": {"address": "309328, 0"}},
{"type": "Feature", "geometry": {"type": "Polygon", "coordinates": [[[-43.354879, -22.83741, 0], [-43.355092, -22.837451, 0], [-43.355135, -22.837459, 0], [-43.355158, -22.837464, 0], [-43.355184, -22.837469, 0], [-43.355192, -22.83747, 0], [-43.355358, -22.837503, 0], [-43.355469, -22.837524, 0], [-43.355476, -22.837499, 0], [-43.355477, -22.837493, 0], [-43.355482, -22.837475, 0], [-43.355493, -22.837421, 0], [-43.355474, -22.837417, 0], [-43.355255, -22.837372, 0], [-43.354903, -22.8373, 0], [-43.354886, -22.837375, 0], [-43.354879, -22.83741, 0]]]}, "properties": {"address": "309328, 669271"}},
{"type": "Feature", "geometry": {"type": "Polygon", "coordinates": [[[-43.354883, -22.837519, 0], [-43.354904, -22.837523, 0], [-43.354964, -22.837535, 0], [-43.354975, -22.837537, 0], [-43.354984, -22.837539, 0], [-43.355056, -22.837553, 0], [-43.355445, -22.83763, 0], [-43.355455, -22.837579, 0], [-43.355457, -22.837573, 0], [-43.355469, -22.837524, 0], [-43.355358, -22.837503, 0], [-43.355192, -22.83747, 0], [-43.355184, -22.837469, 0], [-43.355158, -22.837464, 0], [-43.355135, -22.837459, 0], [-43.355092, -22.837451, 0], [-43.354879, -22.83741, 0], [-43.354857, -22.837514, 0], [-43.354883, -22.837519, 0]]]}, "properties": {"address": "309328, 669281"}},
{"type": "Feature", "geometry": {"type": "Polygon", "coordinates": [[[-43.355498, -22.837399, 0], [-43.355493, -22.837421, 0], [-43.355482, -22.837475, 0], [-43.355547, -22.837488, 0], [-43.355548, -22.837484, 0], [-43.355551, -22.837485, 0], [-43.355626, -22.837499, 0], [-43.355637, -22.8375, 0], [-43.355649, -22.8375, 0], [-43.35566, -22.837499, 0], [-43.355671, -22.837497, 0], [-43.355682, -22.837494, 0], [-43.355693, -22.837489, 0], [-43.355702, -22.837484, 0], [-43.355711, -22.837478, 0], [-43.355721, -22.837468, 0], [-43.355729, -22.837456, 0], [-43.355745, -22.83741, 0], [-43.355746, -22.837408, 0], [-43.355732, -22.837406, 0], [-43.355671, -22.837394, 0], [-43.355651, -22.837391, 0], [-43.355644, -22.837389, 0], [-43.355572, -22.837376, 0], [-43.355541, -22.83737, 0], [-43.355525, -22.837367, 0], [-43.355506, -22.837363, 0], [-43.355499, -22.837397, 0], [-43.355498, -22.837399, 0]]]}, "properties": {"address": "309328, 742161"}},
{"type": "Feature", "geometry": {"type": "Polygon", "coordinates": [[[-43.355125, -22.837233, 0], [-43.355166, -22.837242, 0], [-43.355272, -22.837265, 0], [-43.355378, -22.837289, 0], [-43.355426, -22.837299, 0], [-43.355516, -22.837319, 0], [-43.355523, -22.837285, 0], [-43.355541, -22.837204, 0], [-43.355541, -22.837202, 0], [-43.355467, -22.837188, 0], [-43.355276, -22.837153, 0], [-43.355272, -22.837153, 0], [-43.355223, -22.837144, 0], [-43.355218, -22.837143, 0], [-43.355172, -22.837134, 0], [-43.355147, -22.83713, 0], [-43.355137, -22.837178, 0], [-43.355125, -22.837233, 0]]]}, "properties": {"address": "309328, 0"}},
{"type": "Feature", "geometry": {"type": "Polygon", "coordinates": [[[-43.355434, -22.837684, 0], [-43.355494, -22.837694, 0], [-43.355674, -22.837726, 0], [-43.355677, -22.837717, 0], [-43.355679, -22.837708, 0], [-43.355679, -22.837687, 0], [-43.355678, -22.837676, 0], [-43.355675, -22.837666, 0], [-43.35567, -22.837655, 0], [-43.355664, -22.837646, 0], [-43.355658, -22.837636, 0], [-43.35565, -22.837628, 0], [-43.355641, -22.837621, 0], [-43.355631, -22.837615, 0], [-43.355621, -22.83761, 0], [-43.355611, -22.837606, 0], [-43.355601, -22.837603, 0], [-43.355591, -22.837601, 0], [-43.35559, -22.837601, 0], [-43.355455, -22.837579, 0], [-43.355445, -22.83763, 0], [-43.355434, -22.837684, 0]]]}, "properties": {"address": "309328, 669280"}},
{"type": "Feature", "geometry": {"type": "Polygon", "coordinates": [[[-43.355171, -22.837796, 0], [-43.355365, -22.837834, 0], [-43.355401, -22.837841, 0], [-43.355413, -22.837785, 0], [-43.355418, -22.83776, 0], [-43.355423, -22.837737, 0], [-43.355424, -22.837734, 0], [-43.355282, -22.837706, 0], [-43.355194, -22.837688, 0], [-43.355192, -22.837688, 0], [-43.355189, -22.837701, 0], [-43.355171, -22.837796, 0]]]}, "properties": {"address": "309328, 0"}},
{"type": "Feature", "geometry": {"type": "Polygon", "coordinates": [[[-43.355254, -22.837335, 0], [-43.355291, -22.837343, 0], [-43.355362, -22.837358, 0], [-43.355378, -22.837289, 0], [-43.355272, -22.837265, 0], [-43.355262, -22.837304, 0], [-43.355254, -22.837335, 0]]]}, "properties": {"address": "309328, 0"}},
{"type": "Feature", "geometry": {"type": "Polygon", "coordinates": [[[-43.355595, -22.837958, 0], [-43.355578, -22.837955, 0], [-43.355539, -22.837948, 0], [-43.355538, -22.837948, 0], [-43.355384, -22.83792, 0], [-43.355378, -22.837948, 0], [-43.355367, -22.838002, 0], [-43.355393, -22.838007, 0], [-43.355409, -22.838009, 0], [-43.355433, -22.838014, 0], [-43.355468, -22.83802, 0], [-43.355577, -22.83804, 0], [-43.355583, -22.838041, 0], [-43.355605, -22.838045, 0], [-43.355622, -22.837964, 0], [-43.355595, -22.837958, 0]]]}, "properties": {"address": "121803, 742367"}},
{"type": "Feature", "geometry": {"type": "Polygon", "coordinates": [[[-43.355835, -22.837821, 0], [-43.355845, -22.837823, 0], [-43.355932, -22.837839, 0], [-43.355953, -22.837842, 0], [-43.356002, -22.837851, 0], [-43.35606, -22.837862, 0], [-43.356073, -22.837864, 0], [-43.356077, -22.837848, 0], [-43.35609, -22.837784, 0], [-43.35609, -22.837782, 0], [-43.35608, -22.837781, 0], [-43.355969, -22.837762, 0], [-43.355851, -22.837742, 0], [-43.355839, -22.837803, 0], [-43.355835, -22.837821, 0]]]}, "properties": {"address": "121803, 742167"}},
{"type": "Feature", "geometry": {"type": "Polygon", "coordinates": [[[-43.355771, -22.838222, 0], [-43.355777, -22.838224, 0], [-43.355837, -22.838235, 0], [-43.355842, -22.838236, 0], [-43.355886, -22.838245, 0], [-43.35592, -22.838251, 0], [-43.355927, -22.838252, 0], [-43.355931, -22.838253, 0], [-43.355974, -22.838262, 0], [-43.355986, -22.838264, 0], [-43.355986, -22.838262, 0], [-43.355992, -22.838235, 0], [-43.355997, -22.838215, 0], [-43.356004, -22.838183, 0], [-43.355978, -22.838178, 0], [-43.355967, -22.838176, 0], [-43.355938, -22.83817, 0], [-43.355906, -22.838164, 0], [-43.355851, -22.838153, 0], [-43.355795, -22.838142, 0], [-43.355792, -22.838142, 0], [-43.355766, -22.838137, 0], [-43.355748, -22.838218, 0], [-43.355771, -22.838222, 0]]]}, "properties": {"address": "121803, 746109"}},
{"type": "Feature", "geometry": {"type": "Polygon", "coordinates": [[[-43.362525, -22.837157, 0], [-43.362658, -22.83725, 0], [-43.362691, -22.837177, 0], [-43.3626, -22.837105, 0], [-43.362595, -22.837109, 0], [-43.362525, -22.837157, 0]]]}, "properties": {"address": "122649, 0"}},
{"type": "Feature", "geometry": {"type": "Polygon", "coordinates": [[[-43.355818, -22.837901, 0], [-43.355834, -22.837904, 0], [-43.355842, -22.837905, 0], [-43.355944, -22.837924, 0], [-43.355964, -22.837927, 0], [-43.355977, -22.83793, 0], [-43.355985, -22.837931, 0], [-43.355996, -22.837933, 0], [-43.356056, -22.837944, 0], [-43.35607, -22.837881, 0], [-43.356073, -22.837864, 0], [-43.35606, -22.837862, 0], [-43.356002, -22.837851, 0], [-43.355953, -22.837842, 0], [-43.355932, -22.837839, 0], [-43.355845, -22.837823, 0], [-43.355835, -22.837821, 0], [-43.355832, -22.837836, 0], [-43.355818, -22.837901, 0]]]}, "properties": {"address": "121803, 921194"}},
{"type": "Feature", "geometry": {"type": "Polygon", "coordinates": [[[-43.355337, -22.838139, 0], [-43.355333, -22.838158, 0], [-43.355333, -22.838161, 0], [-43.355373, -22.838168, 0], [-43.3554, -22.838173, 0], [-43.355408, -22.838174, 0], [-43.355484, -22.838188, 0], [-43.355546, -22.8382, 0], [-43.355571, -22.838204, 0], [-43.355587, -22.838127, 0], [-43.355503, -22.83811, 0], [-43.355378, -22.838085, 0], [-43.35535, -22.838079, 0], [-43.355348, -22.838092, 0], [-43.355337, -22.838139, 0]]]}, "properties": {"address": "121803, 415733"}},
{"type": "Feature", "geometry": {"type": "Polygon", "coordinates": [[[-43.35506, -22.838008, 0], [-43.355055, -22.838035, 0], [-43.355054, -22.83804, 0], [-43.355043, -22.838103, 0], [-43.355099, -22.838113, 0], [-43.355149, -22.838123, 0], [-43.355187, -22.83813, 0], [-43.355333, -22.838158, 0], [-43.355337, -22.838139, 0], [-43.355348, -22.838092, 0], [-43.35535, -22.838079, 0], [-43.355356, -22.838051, 0], [-43.355179, -22.838018, 0], [-43.355065, -22.837997, 0], [-43.355062, -22.838008, 0], [-43.35506, -22.838008, 0]]]}, "properties": {"address": "121803, 0"}},
{"type": "Feature", "geometry": {"type": "Polygon", "coordinates": [[[-43.355356, -22.838051, 0], [-43.35535, -22.838079, 0], [-43.355378, -22.838085, 0], [-43.355503, -22.83811, 0], [-43.355587, -22.838127, 0], [-43.355592, -22.838103, 0], [-43.355605, -22.838045, 0], [-43.355583, -22.838041, 0], [-43.355577, -22.83804, 0], [-43.355468, -22.83802, 0], [-43.355433, -22.838014, 0], [-43.355409, -22.838009, 0], [-43.355393, -22.838007, 0], [-43.355367, -22.838002, 0], [-43.355363, -22.838017, 0], [-43.355356, -22.838051, 0]]]}, "properties": {"address": "121803, 746093"}},
{"type": "Feature", "geometry": {"type": "Polygon", "coordinates": [[[-43.355356, -22.838051, 0], [-43.355363, -22.838017, 0], [-43.35529, -22.838004, 0], [-43.355263, -22.837999, 0], [-43.355262, -22.838002, 0], [-43.355185, -22.837988, 0], [-43.355179, -22.838018, 0], [-43.355356, -22.838051, 0]]]}, "properties": {"address": "121803, 0"}},
{"type": "Feature", "geometry": {"type": "Polygon", "coordinates": [[[-43.35528, -22.838373, 0], [-43.355274, -22.8384, 0], [-43.35534, -22.838413, 0], [-43.355363, -22.838417, 0], [-43.35543, -22.838429, 0], [-43.355518, -22.838446, 0], [-43.355519, -22.838445, 0], [-43.355536, -22.838365, 0], [-43.35552, -22.838362, 0], [-43.35549, -22.838356, 0], [-43.355421, -22.838343, 0], [-43.355398, -22.838339, 0], [-43.355381, -22.838336, 0], [-43.355357, -22.838331, 0], [-43.355341, -22.838328, 0], [-43.355299, -22.83832, 0], [-43.355295, -22.83832, 0], [-43.355283, -22.838373, 0], [-43.35528, -22.838373, 0]]]}, "properties": {"address": "121803, 746106"}},
{"type": "Feature", "geometry": {"type": "Polygon", "coordinates": [[[-43.355766, -22.838137, 0], [-43.355792, -22.838142, 0], [-43.355795, -22.838142, 0], [-43.355851, -22.838153, 0], [-43.355906, -22.838164, 0], [-43.355938, -22.83817, 0], [-43.355967, -22.838176, 0], [-43.355978, -22.838178, 0], [-43.356004, -22.838183, 0], [-43.356004, -22.838182, 0], [-43.356011, -22.83815, 0], [-43.35602, -22.838111, 0], [-43.356022, -22.838104, 0], [-43.355992, -22.838098, 0], [-43.35596, -22.838092, 0], [-43.355926, -22.838085, 0], [-43.355881, -22.838076, 0], [-43.355811, -22.838063, 0], [-43.35581, -22.838063, 0], [-43.355784, -22.838058, 0], [-43.35577, -22.838121, 0], [-43.355766, -22.838137, 0]]]}, "properties": {"address": "121803, 746095"}},
{"type": "Feature", "geometry": {"type": "Polygon", "coordinates": [[[-43.355745, -22.838383, 0], [-43.355862, -22.838405, 0], [-43.355888, -22.83841, 0], [-43.355906, -22.838413, 0], [-43.355951, -22.838422, 0], [-43.355968, -22.838344, 0], [-43.355968, -22.838343, 0], [-43.355923, -22.838334, 0], [-43.355911, -22.838332, 0], [-43.355838, -22.838318, 0], [-43.355826, -22.838315, 0], [-43.355762, -22.838303, 0], [-43.355755, -22.838302, 0], [-43.355731, -22.838297, 0], [-43.355713, -22.838378, 0], [-43.355745, -22.838383, 0]]]}, "properties": {"address": "121803, 746096"}},
{"type": "Feature", "geometry": {"type": "Polygon", "coordinates": [[[-43.355802, -22.837979, 0], [-43.355963, -22.838008, 0], [-43.35604, -22.838022, 0], [-43.356056, -22.837945, 0], [-43.356056, -22.837944, 0], [-43.355996, -22.837933, 0], [-43.355985, -22.837931, 0], [-43.355977, -22.83793, 0], [-43.355964, -22.837927, 0], [-43.355944, -22.837924, 0], [-43.355842, -22.837905, 0], [-43.355834, -22.837904, 0], [-43.355818, -22.837901, 0], [-43.355802, -22.837978, 0], [-43.355802, -22.837979, 0]]]}, "properties": {"address": "121803, 742174"}},
{"type": "Feature", "geometry": {"type": "Polygon", "coordinates": [[[-43.355784, -22.838058, 0], [-43.35581, -22.838063, 0], [-43.355811, -22.838063, 0], [-43.355881, -22.838076, 0], [-43.355926, -22.838085, 0], [-43.35596, -22.838092, 0], [-43.355992, -22.838098, 0], [-43.356022, -22.838104, 0], [-43.356022, -22.838102, 0], [-43.356025, -22.838087, 0], [-43.356039, -22.838027, 0], [-43.356039, -22.838026, 0], [-43.35604, -22.838023, 0], [-43.35604, -22.838022, 0], [-43.355963, -22.838008, 0], [-43.355802, -22.837979, 0], [-43.355793, -22.838018, 0], [-43.355784, -22.838058, 0]]]}, "properties": {"address": "121803, 746094"}},
{"type": "Feature", "geometry": {"type": "Polygon", "coordinates": [[[-43.355538, -22.837948, 0], [-43.355539, -22.837948, 0], [-43.355578, -22.837955, 0], [-43.355595, -22.837958, 0], [-43.355622, -22.837964, 0], [-43.355639, -22.837888, 0], [-43.355612, -22.837883, 0], [-43.355592, -22.837879, 0], [-43.355554, -22.837871, 0], [-43.355552, -22.837871, 0], [-43.355531, -22.837867, 0], [-43.355401, -22.837841, 0], [-43.355384, -22.83792, 0], [-43.355538, -22.837948, 0]]]}, "properties": {"address": "121803, 742365"}},
{"type": "Feature", "geometry": {"type": "Polygon", "coordinates": [[[-43.35541, -22.837799, 0], [-43.355401, -22.837841, 0], [-43.355531, -22.837867, 0], [-43.355552, -22.837871, 0], [-43.355554, -22.837871, 0], [-43.355592, -22.837879, 0], [-43.355612, -22.837883, 0], [-43.355639, -22.837888, 0], [-43.355654, -22.837819, 0], [-43.355656, -22.837806, 0], [-43.355618, -22.837799, 0], [-43.35548, -22.837772, 0], [-43.355479, -22.837772, 0], [-43.355454, -22.837767, 0], [-43.355418, -22.83776, 0], [-43.355413, -22.837785, 0], [-43.35541, -22.837799, 0]]]}, "properties": {"address": "121803, 742352"}},
{"type": "Feature", "geometry": {"type": "Polygon", "coordinates": [[[-43.355891, -22.837561, 0], [-43.35587, -22.837659, 0], [-43.355898, -22.837664, 0], [-43.355985, -22.837681, 0], [-43.356005, -22.837685, 0], [-43.356014, -22.837687, 0], [-43.356022, -22.837688, 0], [-43.356032, -22.83769, 0], [-43.356058, -22.837695, 0], [-43.356099, -22.837703, 0], [-43.356107, -22.837705, 0], [-43.356125, -22.837625, 0], [-43.356127, -22.837616, 0], [-43.356129, -22.837606, 0], [-43.356132, -22.837592, 0], [-43.356133, -22.837589, 0], [-43.356135, -22.837582, 0], [-43.356136, -22.837577, 0], [-43.356106, -22.837571, 0], [-43.356041, -22.837559, 0], [-43.356035, -22.837589, 0], [-43.355891, -22.837561, 0]]]}, "properties": {"address": "121803, 742366"}},
{"type": "Feature", "geometry": {"type": "Polygon", "coordinates": [[[-43.356006, -22.83776, 0], [-43.355854, -22.837731, 0], [-43.355852, -22.83774, 0], [-43.355851, -22.837742, 0], [-43.355969, -22.837762, 0], [-43.35608, -22.837781, 0], [-43.35609, -22.837782, 0], [-43.356091, -22.837778, 0], [-43.3561, -22.837738, 0], [-43.3561, -22.837737, 0], [-43.356101, -22.837734, 0], [-43.356107, -22.837705, 0], [-43.356099, -22.837703, 0], [-43.356058, -22.837695, 0], [-43.356032, -22.83769, 0], [-43.356022, -22.837688, 0], [-43.356015, -22.837721, 0], [-43.356006, -22.83776, 0]]]}, "properties": {"address": "121803, 0"}},
{"type": "Feature", "geometry": {"type": "Polygon", "coordinates": [[[-43.356006, -22.83776, 0], [-43.356015, -22.837721, 0], [-43.356022, -22.837688, 0], [-43.356014, -22.837687, 0], [-43.356005, -22.837685, 0], [-43.355985, -22.837681, 0], [-43.355898, -22.837664, 0], [-43.35587, -22.837659, 0], [-43.355854, -22.837731, 0], [-43.356006, -22.83776, 0]]]}, "properties": {"address": "121803, 742368"}},
{"type": "Feature", "geometry": {"type": "Polygon", "coordinates": [[[-43.355312, -22.838489, 0], [-43.355343, -22.838494, 0], [-43.355353, -22.838496, 0], [-43.355385, -22.838502, 0], [-43.355483, -22.83852, 0], [-43.355501, -22.838524, 0], [-43.355518, -22.838446, 0], [-43.35543, -22.838429, 0], [-43.355363, -22.838417, 0], [-43.35534, -22.838413, 0], [-43.355274, -22.8384, 0], [-43.355257, -22.838478, 0], [-43.355312, -22.838489, 0]]]}, "properties": {"address": "121803, 746107"}},
{"type": "Feature", "geometry": {"type": "Polygon", "coordinates": [[[-43.355301, -22.83857, 0], [-43.355302, -22.83857, 0], [-43.355325, -22.838574, 0], [-43.355467, -22.8386, 0], [-43.355484, -22.838603, 0], [-43.355494, -22.838556, 0], [-43.355501, -22.838524, 0], [-43.355483, -22.83852, 0], [-43.355385, -22.838502, 0], [-43.355353, -22.838496, 0], [-43.355343, -22.838494, 0], [-43.355312, -22.838489, 0], [-43.355257, -22.838478, 0], [-43.35524, -22.838559, 0], [-43.355301, -22.83857, 0]]]}, "properties": {"address": "121803, 168368"}},
{"type": "Feature", "geometry": {"type": "Polygon", "coordinates": [[[-43.355702, -22.838542, 0], [-43.355837, -22.838566, 0], [-43.355917, -22.83858, 0], [-43.35592, -22.838567, 0], [-43.355921, -22.838559, 0], [-43.355934, -22.838501, 0], [-43.355915, -22.838498, 0], [-43.355869, -22.838489, 0], [-43.355851, -22.838485, 0], [-43.355835, -22.838482, 0], [-43.355806, -22.838477, 0], [-43.355726, -22.838462, 0], [-43.355715, -22.838459, 0], [-43.355696, -22.838456, 0], [-43.355678, -22.838538, 0], [-43.355702, -22.838542, 0]]]}, "properties": {"address": "121803, 335124"}},
{"type": "Feature", "geometry": {"type": "Polygon", "coordinates": [[[-43.355696, -22.838456, 0], [-43.355715, -22.838459, 0], [-43.355726, -22.838462, 0], [-43.355806, -22.838477, 0], [-43.355835, -22.838482, 0], [-43.355851, -22.838485, 0], [-43.355869, -22.838489, 0], [-43.355915, -22.838498, 0], [-43.355934, -22.838501, 0], [-43.355939, -22.838479, 0], [-43.35594, -22.838471, 0], [-43.355947, -22.83844, 0], [-43.355951, -22.838422, 0], [-43.355906, -22.838413, 0], [-43.355888, -22.83841, 0], [-43.355862, -22.838405, 0], [-43.355745, -22.838383, 0], [-43.355713, -22.838378, 0], [-43.355697, -22.838452, 0], [-43.355696, -22.838456, 0]]]}, "properties": {"address": "121803, 672433"}},
{"type": "Feature", "geometry": {"type": "Polygon", "coordinates": [[[-43.355443, -22.838241, 0], [-43.355531, -22.838257, 0], [-43.355535, -22.838258, 0], [-43.355558, -22.838262, 0], [-43.355571, -22.838204, 0], [-43.355546, -22.8382, 0], [-43.355484, -22.838188, 0], [-43.355408, -22.838174, 0], [-43.355395, -22.838232, 0], [-43.355443, -22.838241, 0]]]}, "properties": {"address": "121803, 746139"}},
{"type": "Feature", "geometry": {"type": "Polygon", "coordinates": [[[-43.355316, -22.838242, 0], [-43.355372, -22.838252, 0], [-43.355375, -22.838253, 0], [-43.355438, -22.838264, 0], [-43.355479, -22.838272, 0], [-43.35548, -22.838272, 0], [-43.355526, -22.838281, 0], [-43.355538, -22.838283, 0], [-43.355553, -22.838286, 0], [-43.355558, -22.838262, 0], [-43.355535, -22.838258, 0], [-43.355531, -22.838257, 0], [-43.355443, -22.838241, 0], [-43.355395, -22.838232, 0], [-43.355408, -22.838174, 0], [-43.3554, -22.838173, 0], [-43.355373, -22.838168, 0], [-43.355333, -22.838161, 0], [-43.355328, -22.838181, 0], [-43.355316, -22.838242, 0]]]}, "properties": {"address": "121803, 0"}},
{"type": "Feature", "geometry": {"type": "Polygon", "coordinates": [[[-43.35531, -22.838266, 0], [-43.355299, -22.83832, 0], [-43.355341, -22.838328, 0], [-43.355357, -22.838331, 0], [-43.355381, -22.838336, 0], [-43.355398, -22.838339, 0], [-43.355421, -22.838343, 0], [-43.35549, -22.838356, 0], [-43.35552, -22.838362, 0], [-43.355536, -22.838365, 0], [-43.355553, -22.838286, 0], [-43.355538, -22.838283, 0], [-43.355526, -22.838281, 0], [-43.35548, -22.838272, 0], [-43.355479, -22.838272, 0], [-43.355438, -22.838264, 0], [-43.355375, -22.838253, 0], [-43.355372, -22.838252, 0], [-43.355316, -22.838242, 0], [-43.355313, -22.838253, 0], [-43.35531, -22.838266, 0]]]}, "properties": {"address": "121803, 746145"}},
{"type": "Feature", "geometry": {"type": "Polygon", "coordinates": [[[-43.355731, -22.838297, 0], [-43.355755, -22.838302, 0], [-43.355762, -22.838303, 0], [-43.355826, -22.838315, 0], [-43.355838, -22.838318, 0], [-43.355911, -22.838332, 0], [-43.355923, -22.838334, 0], [-43.355968, -22.838343, 0], [-43.355974, -22.838316, 0], [-43.355979, -22.838293, 0], [-43.355986, -22.838264, 0], [-43.355974, -22.838262, 0], [-43.355931, -22.838253, 0], [-43.355927, -22.838252, 0], [-43.35592, -22.838251, 0], [-43.355886, -22.838245, 0], [-43.355842, -22.838236, 0], [-43.355837, -22.838235, 0], [-43.355777, -22.838224, 0], [-43.355771, -22.838222, 0], [-43.355748, -22.838218, 0], [-43.355747, -22.838219, 0], [-43.355731, -22.838297, 0]]]}, "properties": {"address": "121803, 168289"}},
{"type": "Feature", "geometry": {"type": "Polygon", "coordinates": [[[-43.355424, -22.837734, 0], [-43.355423, -22.837737, 0], [-43.355418, -22.83776, 0], [-43.355454, -22.837767, 0], [-43.355479, -22.837772, 0], [-43.35548, -22.837772, 0], [-43.355618, -22.837799, 0], [-43.355656, -22.837806, 0], [-43.355674, -22.837726, 0], [-43.355494, -22.837694, 0], [-43.355434, -22.837684, 0], [-43.355424, -22.837734, 0]]]}, "properties": {"address": "121803, 922887"}},
{"type": "Feature", "geometry": {"type": "Polygon", "coordinates": [[[-43.362336, -22.837315, 0], [-43.362342, -22.837319, 0], [-43.362415, -22.837362, 0], [-43.362419, -22.837363, 0], [-43.362472, -22.837384, 0], [-43.362493, -22.837392, 0], [-43.362546, -22.837394, 0], [-43.362615, -22.837395, 0], [-43.362612, -22.837308, 0], [-43.362556, -22.837272, 0], [-43.362408, -22.837178, 0], [-43.362349, -22.83729, 0], [-43.362336, -22.837315, 0]]]}, "properties": {"address": "122649, 0"}},
{"type": "Feature", "geometry": {"type": "Polygon", "coordinates": [[[-43.362457, -22.83711, 0], [-43.362477, -22.837124, 0], [-43.362525, -22.837157, 0], [-43.362595, -22.837109, 0], [-43.36259, -22.837102, 0], [-43.362556, -22.837059, 0], [-43.362552, -22.837055, 0], [-43.362488, -22.837092, 0], [-43.362457, -22.83711, 0]]]}, "properties": {"address": "122649, 0"}},
{"type": "Feature", "geometry": {"type": "Polygon", "coordinates": [[[-43.362569, -22.837046, 0], [-43.362618, -22.837092, 0], [-43.362666, -22.837032, 0], [-43.362627, -22.836996, 0], [-43.362624, -22.836994, 0], [-43.362596, -22.83702, 0], [-43.362569, -22.837046, 0]]]}, "properties": {"address": "122649, 0"}},
{"type": "Feature", "geometry": {"type": "Polygon", "coordinates": [[[-43.362127, -22.837103, 0], [-43.362125, -22.837106, 0], [-43.362211, -22.837159, 0], [-43.362261, -22.837189, 0], [-43.362286, -22.837205, 0], [-43.362343, -22.837137, 0], [-43.362408, -22.837178, 0], [-43.362556, -22.837272, 0], [-43.362612, -22.837308, 0], [-43.362627, -22.837284, 0], [-43.362572, -22.83725, 0], [-43.362401, -22.837141, 0], [-43.362284, -22.837067, 0], [-43.362195, -22.837009, 0], [-43.362174, -22.837038, 0], [-43.362127, -22.837103, 0]]]}, "properties": {"address": "122649, 0"}},
{"type": "Feature", "geometry": {"type": "Polygon", "coordinates": [[[-43.362516, -22.83701, 0], [-43.362524, -22.837004, 0], [-43.362496, -22.83698, 0], [-43.362466, -22.837016, 0], [-43.362413, -22.83708, 0], [-43.36245, -22.837105, 0], [-43.362457, -22.83711, 0], [-43.362488, -22.837092, 0], [-43.362552, -22.837055, 0], [-43.362532, -22.837029, 0], [-43.362516, -22.83701, 0]]]}, "properties": {"address": "122649, 0"}},
{"type": "Feature", "geometry": {"type": "Polygon", "coordinates": [[[-43.362382, -22.83706, 0], [-43.362413, -22.83708, 0], [-43.362466, -22.837016, 0], [-43.362496, -22.83698, 0], [-43.362463, -22.836963, 0], [-43.362394, -22.837046, 0], [-43.362382, -22.83706, 0]]]}, "properties": {"address": "122649, 0"}},
{"type": "Feature", "geometry": {"type": "Polygon", "coordinates": [[[-43.362125, -22.836897, 0], [-43.362119, -22.836908, 0], [-43.362136, -22.836918, 0], [-43.362154, -22.836929, 0], [-43.362173, -22.836892, 0], [-43.36215, -22.836881, 0], [-43.362139, -22.836875, 0], [-43.362134, -22.836883, 0], [-43.362125, -22.836897, 0]]]}, "properties": {"address": "122649, 0"}},
{"type": "Feature", "geometry": {"type": "Polygon", "coordinates": [[[-43.362065, -22.836876, 0], [-43.362119, -22.836908, 0], [-43.362125, -22.836897, 0], [-43.362134, -22.836883, 0], [-43.362067, -22.836857, 0], [-43.362061, -22.836875, 0], [-43.362065, -22.836876, 0]]]}, "properties": {"info": {"is_agg": true, "properties_agg": [{"via": 0, "hnum": 0, "feature_id": 444421}], "geom_cmp_equals": [false], "geom_cmp_intersec": [0]}, "error": 100, "address": "122649, 0"}},
{"type": "Feature", "geometry": {"type": "Polygon", "coordinates": [[[-43.362119, -22.837017, 0], [-43.362086, -22.837066, 0], [-43.362074, -22.837084, 0], [-43.362127, -22.837103, 0], [-43.362174, -22.837038, 0], [-43.362195, -22.837009, 0], [-43.362142, -22.836981, 0], [-43.362122, -22.837012, 0], [-43.362119, -22.837017, 0]]]}, "properties": {"address": "122649, 0"}},
{"type": "Feature", "geometry": {"type": "Polygon", "coordinates": [[[-43.362066, -22.836967, 0], [-43.362065, -22.836968, 0], [-43.362047, -22.836998, 0], [-43.362024, -22.837037, 0], [-43.362032, -22.83704, 0], [-43.362086, -22.837066, 0], [-43.362119, -22.837017, 0], [-43.362122, -22.837012, 0], [-43.362142, -22.836981, 0], [-43.362077, -22.836948, 0], [-43.362068, -22.836964, 0], [-43.362066, -22.836967, 0]]]}, "properties": {"address": "122649, 0"}},
{"type": "Feature", "geometry": {"type": "Polygon", "coordinates": [[[-43.359833, -22.836549, 0], [-43.359851, -22.836602, 0], [-43.359963, -22.836563, 0], [-43.359931, -22.836478, 0], [-43.359844, -22.836541, 0], [-43.359833, -22.836549, 0]]]}, "properties": {"address": "122614, 0"}},
{"type": "Feature", "geometry": {"type": "Polygon", "coordinates": [[[-43.360772, -22.835977, 0], [-43.360781, -22.836024, 0], [-43.360788, -22.836056, 0], [-43.360802, -22.836055, 0], [-43.360834, -22.836051, 0], [-43.360828, -22.835957, 0], [-43.36077, -22.835965, 0], [-43.360772, -22.835977, 0]]]}, "properties": {"address": "122632, 0"}},
{"type": "Feature", "geometry": {"type": "Polygon", "coordinates": [[[-43.361596, -22.835789, 0], [-43.361548, -22.835828, 0], [-43.361531, -22.835842, 0], [-43.361493, -22.835873, 0], [-43.361485, -22.835866, 0], [-43.361389, -22.835948, 0], [-43.361382, -22.83594, 0], [-43.361353, -22.835911, 0], [-43.361329, -22.835926, 0], [-43.361326, -22.835927, 0], [-43.361167, -22.83596, 0], [-43.361146, -22.835964, 0], [-43.361093, -22.835967, 0], [-43.361049, -22.835965, 0], [-43.361048, -22.835965, 0], [-43.361007, -22.835964, 0], [-43.36099, -22.835963, 0], [-43.36099, -22.835947, 0], [-43.360921, -22.835948, 0], [-43.360875, -22.835949, 0], [-43.360877, -22.835985, 0], [-43.360877, -22.835991, 0], [-43.360882, -22.836056, 0], [-43.360886, -22.836123, 0], [-43.360886, -22.83613, 0], [-43.360913, -22.83613, 0], [-43.360988, -22.836129, 0], [-43.361039, -22.836128, 0], [-43.361086, -22.836128, 0], [-43.361106, -22.836127, 0], [-43.361128, -22.836127, 0], [-43.361173, -22.836126, 0], [-43.361203, -22.836126, 0], [-43.361254, -22.836125, 0], [-43.361272, -22.836124, 0], [-43.361301, -22.836123, 0], [-43.361364, -22.836122, 0], [-43.361493, -22.836119, 0], [-43.36151, -22.836114, 0], [-43.361545, -22.836103, 0], [-43.361585, -22.836091, 0], [-43.361618, -22.83608, 0], [-43.361662, -22.836067, 0], [-43.361661, -22.836064, 0], [-43.361737, -22.836034, 0], [-43.361741, -22.836042, 0], [-43.361782, -22.836029, 0], [-43.361784, -22.836029, 0], [-43.361868, -22.836008, 0], [-43.361915, -22.835996, 0], [-43.361912, -22.835966, 0], [-43.361702, -22.835814, 0], [-43.361699, -22.835813, 0], [-43.361642, -22.835771, 0], [-43.361628, -22.835762, 0], [-43.361626, -22.835764, 0], [-43.361596, -22.835789, 0]]]}, "properties": {"address": "122632, 0"}},
{"type": "Feature", "geometry": {"type": "Polygon", "coordinates": [[[-43.360472, -22.836915, 0], [-43.360494, -22.836925, 0], [-43.360516, -22.836923, 0], [-43.360553, -22.836921, 0], [-43.360552, -22.836879, 0], [-43.360552, -22.836878, 0], [-43.360471, -22.836881, 0], [-43.360472, -22.836915, 0]]]}, "properties": {"address": "122632, 0"}},
{"type": "Feature", "geometry": {"type": "Polygon", "coordinates": [[[-43.360525, -22.836791, 0], [-43.360503, -22.836792, 0], [-43.360469, -22.836794, 0], [-43.36047, -22.836852, 0], [-43.360471, -22.836881, 0], [-43.360552, -22.836878, 0], [-43.360552, -22.836879, 0], [-43.360553, -22.836921, 0], [-43.360615, -22.836916, 0], [-43.360614, -22.836872, 0], [-43.360612, -22.83683, 0], [-43.360611, -22.836788, 0], [-43.360581, -22.836789, 0], [-43.360525, -22.836791, 0]]]}, "properties": {"address": "122632, 0"}},
{"type": "Feature", "geometry": {"type": "Polygon", "coordinates": [[[-43.360503, -22.836792, 0], [-43.360525, -22.836791, 0], [-43.360581, -22.836789, 0], [-43.360611, -22.836788, 0], [-43.360608, -22.836731, 0], [-43.360573, -22.836732, 0], [-43.360568, -22.836733, 0], [-43.360536, -22.836734, 0], [-43.360524, -22.836734, 0], [-43.3605, -22.836735, 0], [-43.360467, -22.836736, 0], [-43.360469, -22.836794, 0], [-43.360503, -22.836792, 0]]]}, "properties": {"address": "122632, 0"}},
{"type": "Feature", "geometry": {"type": "Polygon", "coordinates": [[[-43.360466, -22.836691, 0], [-43.360467, -22.836736, 0], [-43.3605, -22.836735, 0], [-43.360524, -22.836734, 0], [-43.360536, -22.836734, 0], [-43.360568, -22.836733, 0], [-43.360573, -22.836732, 0], [-43.360608, -22.836731, 0], [-43.360606, -22.836675, 0], [-43.360581, -22.836675, 0], [-43.360571, -22.836674, 0], [-43.360468, -22.836664, 0], [-43.360468, -22.836665, 0], [-43.360466, -22.836691, 0]]]}, "properties": {"address": "122632, 0"}},
{"type": "Feature", "geometry": {"type": "Polygon", "coordinates": [[[-43.360474, -22.836608, 0], [-43.360468, -22.836664, 0], [-43.360571, -22.836674, 0], [-43.360581, -22.836675, 0], [-43.360616, -22.836675, 0], [-43.360703, -22.836677, 0], [-43.360702, -22.83667, 0], [-43.360698, -22.836637, 0], [-43.360696, -22.836625, 0], [-43.360695, -22.836613, 0], [-43.360665, -22.836613, 0], [-43.360665, -22.836608, 0], [-43.360585, -22.836611, 0], [-43.360585, -22.836593, 0], [-43.360542, -22.836601, 0], [-43.360474, -22.836608, 0]]]}, "properties": {"address": "122632, 0"}},
{"type": "Feature", "geometry": {"type": "Polygon", "coordinates": [[[-43.360585, -22.836593, 0], [-43.360585, -22.836611, 0], [-43.360665, -22.836608, 0], [-43.360665, -22.836613, 0], [-43.360695, -22.836613, 0], [-43.36069, -22.836576, 0], [-43.360688, -22.836556, 0], [-43.360582, -22.83656, 0], [-43.360585, -22.836593, 0]]]}, "properties": {"address": "122632, 0"}},
{"type": "Feature", "geometry": {"type": "Polygon", "coordinates": [[[-43.36085, -22.836561, 0], [-43.360802, -22.836565, 0], [-43.36077, -22.836568, 0], [-43.360752, -22.83657, 0], [-43.360706, -22.836574, 0], [-43.36069, -22.836576, 0], [-43.360695, -22.836613, 0], [-43.360696, -22.836625, 0], [-43.360698, -22.836637, 0], [-43.360702, -22.83667, 0], [-43.360715, -22.836666, 0], [-43.360785, -22.836642, 0], [-43.360797, -22.836638, 0], [-43.360814, -22.836632, 0], [-43.360882, -22.836609, 0], [-43.360889, -22.836607, 0], [-43.360889, -22.836606, 0], [-43.360879, -22.836569, 0], [-43.360878, -22.836557, 0], [-43.360863, -22.836559, 0], [-43.36085, -22.836561, 0]]]}, "properties": {"address": "122632, 0"}},
{"type": "Feature", "geometry": {"type": "Polygon", "coordinates": [[[-43.360547, -22.836528, 0], [-43.36055, -22.836564, 0], [-43.360582, -22.83656, 0], [-43.360688, -22.836556, 0], [-43.360684, -22.83652, 0], [-43.360678, -22.83652, 0], [-43.360547, -22.836528, 0]]]}, "properties": {"info": {"is_agg": true, "properties_agg": [{"via": 122632, "hnum": 0, "feature_id": 443231}], "geom_cmp_equals": [false], "geom_cmp_intersec": [0]}, "error": 100, "address": "122632, 0"}},
{"type": "Feature", "geometry": {"type": "Polygon", "coordinates": [[[-43.361025, -22.836488, 0], [-43.361014, -22.836489, 0], [-43.360971, -22.836493, 0], [-43.360924, -22.836497, 0], [-43.360892, -22.8365, 0], [-43.360878, -22.836502, 0], [-43.360878, -22.836557, 0], [-43.360879, -22.836569, 0], [-43.360889, -22.836606, 0], [-43.360946, -22.836587, 0], [-43.360978, -22.836576, 0], [-43.36098, -22.836576, 0], [-43.361045, -22.836574, 0], [-43.361085, -22.836573, 0], [-43.361107, -22.836572, 0], [-43.361138, -22.836571, 0], [-43.361137, -22.83655, 0], [-43.361134, -22.836512, 0], [-43.361131, -22.836483, 0], [-43.361097, -22.83649, 0], [-43.361096, -22.836482, 0], [-43.36109, -22.836483, 0], [-43.361025, -22.836488, 0]]]}, "properties": {"address": "122632, 0"}},
{"type": "Feature", "geometry": {"type": "Polygon", "coordinates": [[[-43.360783, -22.836457, 0], [-43.360763, -22.836459, 0], [-43.360734, -22.836463, 0], [-43.360679, -22.836469, 0], [-43.360684, -22.83652, 0], [-43.360688, -22.836556, 0], [-43.36069, -22.836576, 0], [-43.360706, -22.836574, 0], [-43.360752, -22.83657, 0], [-43.36077, -22.836568, 0], [-43.360802, -22.836565, 0], [-43.36085, -22.836561, 0], [-43.360863, -22.836559, 0], [-43.360863, -22.836541, 0], [-43.360859, -22.836458, 0], [-43.360847, -22.83645, 0], [-43.360821, -22.836453, 0], [-43.360783, -22.836457, 0]]]}, "properties": {"address": "122632, 0"}},
{"type": "Feature", "geometry": {"type": "Polygon", "coordinates": [[[-43.36079, -22.83632, 0], [-43.360755, -22.836324, 0], [-43.360762, -22.836371, 0], [-43.360766, -22.836396, 0], [-43.360769, -22.836414, 0], [-43.360838, -22.836406, 0], [-43.360843, -22.836404, 0], [-43.360847, -22.836402, 0], [-43.360849, -22.8364, 0], [-43.360853, -22.836392, 0], [-43.360856, -22.836384, 0], [-43.360856, -22.836383, 0], [-43.360851, -22.836313, 0], [-43.360789, -22.836315, 0], [-43.36079, -22.83632, 0]]]}, "properties": {"address": "122632, 0"}},
{"type": "Feature", "geometry": {"type": "Polygon", "coordinates": [[[-43.360748, -22.83628, 0], [-43.360755, -22.836324, 0], [-43.36079, -22.83632, 0], [-43.360789, -22.836315, 0], [-43.360851, -22.836313, 0], [-43.360848, -22.836268, 0], [-43.360781, -22.836276, 0], [-43.360748, -22.83628, 0]]]}, "properties": {"address": "122632, 0"}},
{"type": "Feature", "geometry": {"type": "Polygon", "coordinates": [[[-43.360546, -22.83625, 0], [-43.360551, -22.836296, 0], [-43.360551, -22.836299, 0], [-43.360556, -22.836343, 0], [-43.36056, -22.836378, 0], [-43.360566, -22.836437, 0], [-43.360605, -22.836433, 0], [-43.360667, -22.836426, 0], [-43.360663, -22.836398, 0], [-43.360643, -22.836246, 0], [-43.360641, -22.836246, 0], [-43.360591, -22.836248, 0], [-43.360546, -22.83625, 0]]]}, "properties": {"address": "122632, 0"}},
{"type": "Feature", "geometry": {"type": "Polygon", "coordinates": [[[-43.359931, -22.836478, 0], [-43.359963, -22.836563, 0], [-43.360046, -22.836533, 0], [-43.360031, -22.836479, 0], [-43.360016, -22.836433, 0], [-43.359958, -22.836459, 0], [-43.359931, -22.836478, 0]]]}, "properties": {"address": "122614, 0"}},
{"type": "Feature", "geometry": {"type": "Polygon", "coordinates": [[[-43.360643, -22.836246, 0], [-43.360663, -22.836398, 0], [-43.360667, -22.836426, 0], [-43.360736, -22.836418, 0], [-43.360769, -22.836414, 0], [-43.360766, -22.836396, 0], [-43.360762, -22.836371, 0], [-43.360755, -22.836324, 0], [-43.360748, -22.83628, 0], [-43.360747, -22.836275, 0], [-43.360741, -22.836237, 0], [-43.360684, -22.836242, 0], [-43.360643, -22.836246, 0]]]}, "properties": {"address": "122632, 0"}},
{"type": "Feature", "geometry": {"type": "Polygon", "coordinates": [[[-43.360679, -22.836149, 0], [-43.360682, -22.836206, 0], [-43.360682, -22.836208, 0], [-43.360684, -22.836242, 0], [-43.360741, -22.836237, 0], [-43.360747, -22.836275, 0], [-43.360748, -22.83628, 0], [-43.360781, -22.836276, 0], [-43.360848, -22.836268, 0], [-43.360845, -22.83622, 0], [-43.360843, -22.83619, 0], [-43.360803, -22.83619, 0], [-43.360759, -22.836191, 0], [-43.360724, -22.836191, 0], [-43.36072, -22.836146, 0], [-43.360717, -22.836146, 0], [-43.360679, -22.836149, 0]]]}, "properties": {"address": "122632, 0"}},
{"type": "Feature", "geometry": {"type": "Polygon", "coordinates": [[[-43.360751, -22.836144, 0], [-43.36072, -22.836146, 0], [-43.360724, -22.836191, 0], [-43.360759, -22.836191, 0], [-43.360803, -22.83619, 0], [-43.360843, -22.83619, 0], [-43.36084, -22.836138, 0], [-43.3608, -22.83614, 0], [-43.360751, -22.836144, 0]]]}, "properties": {"address": "122632, 0"}},
{"type": "Feature", "geometry": {"type": "Polygon", "coordinates": [[[-43.360788, -22.836056, 0], [-43.360707, -22.836065, 0], [-43.360675, -22.836069, 0], [-43.360677, -22.836095, 0], [-43.360677, -22.836111, 0], [-43.360679, -22.836149, 0], [-43.360717, -22.836146, 0], [-43.36072, -22.836146, 0], [-43.360751, -22.836144, 0], [-43.3608, -22.83614, 0], [-43.36084, -22.836138, 0], [-43.360834, -22.836051, 0], [-43.360802, -22.836055, 0], [-43.360788, -22.836056, 0]]]}, "properties": {"address": "122632, 0"}},
{"type": "Feature", "geometry": {"type": "Polygon", "coordinates": [[[-43.361033, -22.836293, 0], [-43.361019, -22.836294, 0], [-43.360988, -22.836294, 0], [-43.360962, -22.836295, 0], [-43.360956, -22.836295, 0], [-43.360899, -22.836296, 0], [-43.360897, -22.836296, 0], [-43.360904, -22.836395, 0], [-43.360999, -22.836393, 0], [-43.36109, -22.836383, 0], [-43.361084, -22.836292, 0], [-43.361044, -22.836293, 0], [-43.361033, -22.836293, 0]]]}, "properties": {"address": "122632, 0"}},
{"type": "Feature", "geometry": {"type": "Polygon", "coordinates": [[[-43.361016, -22.836212, 0], [-43.360896, -22.836212, 0], [-43.360892, -22.836213, 0], [-43.360897, -22.836296, 0], [-43.360899, -22.836296, 0], [-43.360956, -22.836295, 0], [-43.360962, -22.836295, 0], [-43.360988, -22.836294, 0], [-43.361019, -22.836294, 0], [-43.361033, -22.836293, 0], [-43.361044, -22.836293, 0], [-43.361084, -22.836292, 0], [-43.361083, -22.836287, 0], [-43.361078, -22.83621, 0], [-43.361041, -22.836211, 0], [-43.361016, -22.836212, 0]]]}, "properties": {"address": "122632, 0"}},
{"type": "Feature", "geometry": {"type": "Polygon", "coordinates": [[[-43.360913, -22.83613, 0], [-43.360886, -22.83613, 0], [-43.360892, -22.836213, 0], [-43.360896, -22.836212, 0], [-43.361016, -22.836212, 0], [-43.361041, -22.836211, 0], [-43.36104, -22.836178, 0], [-43.36104, -22.836157, 0], [-43.361039, -22.836128, 0], [-43.360988, -22.836129, 0], [-43.360913, -22.83613, 0]]]}, "properties": {"address": "122632, 0"}},
{"type": "Feature", "geometry": {"type": "Polygon", "coordinates": [[[-43.361203, -22.836126, 0], [-43.361173, -22.836126, 0], [-43.361128, -22.836127, 0], [-43.361106, -22.836127, 0], [-43.361086, -22.836128, 0], [-43.361039, -22.836128, 0], [-43.36104, -22.836157, 0], [-43.36104, -22.836178, 0], [-43.361041, -22.836211, 0], [-43.361078, -22.83621, 0], [-43.361083, -22.836287, 0], [-43.361084, -22.836292, 0], [-43.36109, -22.836383, 0], [-43.360999, -22.836393, 0], [-43.360904, -22.836395, 0], [-43.36091, -22.836488, 0], [-43.360876, -22.83649, 0], [-43.360878, -22.836502, 0], [-43.360892, -22.8365, 0], [-43.360924, -22.836497, 0], [-43.360971, -22.836493, 0], [-43.361014, -22.836489, 0], [-43.361025, -22.836488, 0], [-43.36109, -22.836483, 0], [-43.361096, -22.836482, 0], [-43.361097, -22.83649, 0], [-43.361131, -22.836483, 0], [-43.361148, -22.83648, 0], [-43.361256, -22.836458, 0], [-43.361269, -22.836456, 0], [-43.361366, -22.836436, 0], [-43.361369, -22.836453, 0], [-43.36137, -22.836456, 0], [-43.361439, -22.836433, 0], [-43.361424, -22.836407, 0], [-43.361392, -22.836353, 0], [-43.361272, -22.836124, 0], [-43.361254, -22.836125, 0], [-43.361203, -22.836126, 0]]]}, "properties": {"address": "122632, 0"}},
{"type": "Feature", "geometry": {"type": "Polygon", "coordinates": [[[-43.35204, -22.837351, 0], [-43.352141, -22.837378, 0], [-43.352197, -22.837216, 0], [-43.352215, -22.837158, 0], [-43.352127, -22.837146, 0], [-43.352049, -22.837328, 0], [-43.35204, -22.837351, 0]]]}, "properties": {"address": "121811, 0"}},
{"type": "Feature", "geometry": {"type": "Polygon", "coordinates": [[[-43.352968, -22.837772, 0], [-43.353057, -22.83733, 0], [-43.352945, -22.837309, 0], [-43.352856, -22.837751, 0], [-43.352968, -22.837772, 0]]]}, "properties": {"address": "119288, 316260"}},
{"type": "Feature", "geometry": {"type": "Polygon", "coordinates": [[[-43.353043, -22.837787, 0], [-43.353084, -22.837795, 0], [-43.353115, -22.837628, 0], [-43.353117, -22.83762, 0], [-43.353178, -22.837352, 0], [-43.353064, -22.837331, 0], [-43.353057, -22.83733, 0], [-43.352968, -22.837772, 0], [-43.353043, -22.837787, 0]]]}, "properties": {"address": "119288, 51372"}},
{"type": "Feature", "geometry": {"type": "Polygon", "coordinates": [[[-43.352555, -22.837265, 0], [-43.352549, -22.837296, 0], [-43.352416, -22.837467, 0], [-43.352448, -22.837479, 0], [-43.352469, -22.837482, 0], [-43.352569, -22.837494, 0], [-43.352664, -22.837507, 0], [-43.35271, -22.837274, 0], [-43.352641, -22.837266, 0], [-43.352569, -22.837257, 0], [-43.352567, -22.837266, 0], [-43.352555, -22.837265, 0]]]}, "properties": {"address": "119288, 0"}},
{"type": "Feature", "geometry": {"type": "Polygon", "coordinates": [[[-43.352529, -22.837684, 0], [-43.352569, -22.837496, 0], [-43.352569, -22.837494, 0], [-43.352469, -22.837482, 0], [-43.352448, -22.837479, 0], [-43.352374, -22.837651, 0], [-43.352529, -22.837684, 0]]]}, "properties": {"address": "119288, 669032"}},
{"type": "Feature", "geometry": {"type": "Polygon", "coordinates": [[[-43.35223, -22.837874, 0], [-43.352185, -22.837995, 0], [-43.352112, -22.837964, 0], [-43.352091, -22.837999, 0], [-43.35207, -22.837995, 0], [-43.352021, -22.838069, 0], [-43.352114, -22.838102, 0], [-43.352098, -22.838151, 0], [-43.352318, -22.838219, 0], [-43.352441, -22.837783, 0], [-43.352354, -22.837767, 0], [-43.352308, -22.837896, 0], [-43.35223, -22.837874, 0]]]}, "properties": {"address": "119288, 669029"}},
{"type": "Feature", "geometry": {"type": "Polygon", "coordinates": [[[-43.352851, -22.838054, 0], [-43.352812, -22.838194, 0], [-43.352879, -22.838205, 0], [-43.352913, -22.83821, 0], [-43.352947, -22.838098, 0], [-43.353, -22.837897, 0], [-43.3529, -22.837876, 0], [-43.352887, -22.837925, 0], [-43.352851, -22.838054, 0]]]}, "properties": {"address": "119288, 741955"}},
{"type": "Feature", "geometry": {"type": "Polygon", "coordinates": [[[-43.352666, -22.83829, 0], [-43.352787, -22.837854, 0], [-43.352673, -22.837827, 0], [-43.352672, -22.837827, 0], [-43.352553, -22.838264, 0], [-43.352666, -22.83829, 0]]]}, "properties": {"address": "119288, 742036"}},
{"type": "Feature", "geometry": {"type": "Polygon", "coordinates": [[[-43.352913, -22.83821, 0], [-43.352879, -22.838205, 0], [-43.352812, -22.838194, 0], [-43.352667, -22.838723, 0], [-43.352694, -22.838728, 0], [-43.352783, -22.838747, 0], [-43.35282, -22.838604, 0], [-43.352838, -22.838532, 0], [-43.352895, -22.838332, 0], [-43.352931, -22.838205, 0], [-43.352987, -22.838007, 0], [-43.353017, -22.8379, 0], [-43.353, -22.837897, 0], [-43.352947, -22.838098, 0], [-43.352913, -22.83821, 0]]]}, "properties": {"address": "119288, 669025"}},
{"type": "Feature", "geometry": {"type": "Polygon", "coordinates": [[[-43.352787, -22.837854, 0], [-43.352666, -22.83829, 0], [-43.352545, -22.838724, 0], [-43.352556, -22.838726, 0], [-43.352585, -22.838732, 0], [-43.352662, -22.838746, 0], [-43.352667, -22.838723, 0], [-43.352812, -22.838194, 0], [-43.352851, -22.838054, 0], [-43.352887, -22.837925, 0], [-43.3529, -22.837876, 0], [-43.352801, -22.837857, 0], [-43.352787, -22.837854, 0]]]}, "properties": {"address": "119288, 431631"}},
{"type": "Feature", "geometry": {"type": "Polygon", "coordinates": [[[-43.352112, -22.837964, 0], [-43.352185, -22.837995, 0], [-43.35223, -22.837874, 0], [-43.352308, -22.837896, 0], [-43.352354, -22.837767, 0], [-43.352239, -22.837745, 0], [-43.352193, -22.837825, 0], [-43.352112, -22.837964, 0]]]}, "properties": {"address": "119288, 669030"}},
{"type": "Feature", "geometry": {"type": "Polygon", "coordinates": [[[-43.352553, -22.838264, 0], [-43.352672, -22.837827, 0], [-43.352559, -22.837806, 0], [-43.352433, -22.838237, 0], [-43.352553, -22.838264, 0]]]}, "properties": {"address": "119288, 51371"}},
{"type": "Feature", "geometry": {"type": "Polygon", "coordinates": [[[-43.352364, -22.838227, 0], [-43.352413, -22.838237, 0], [-43.352414, -22.838234, 0], [-43.352433, -22.838237, 0], [-43.352559, -22.837806, 0], [-43.352484, -22.837792, 0], [-43.352484, -22.837791, 0], [-43.352458, -22.837787, 0], [-43.352454, -22.837786, 0], [-43.352441, -22.837783, 0], [-43.352318, -22.838219, 0], [-43.352364, -22.838227, 0]]]}, "properties": {"address": "119288, 669027"}},
{"type": "Feature", "geometry": {"type": "Polygon", "coordinates": [[[-43.35276, -22.837733, 0], [-43.352856, -22.837751, 0], [-43.352945, -22.837309, 0], [-43.352831, -22.837288, 0], [-43.352828, -22.837288, 0], [-43.352742, -22.837729, 0], [-43.35276, -22.837733, 0]]]}, "properties": {"address": "119288, 741958"}},
{"type": "Feature", "geometry": {"type": "Polygon", "coordinates": [[[-43.352624, -22.837704, 0], [-43.352742, -22.837729, 0], [-43.352828, -22.837288, 0], [-43.35271, -22.837274, 0], [-43.352664, -22.837507, 0], [-43.352624, -22.837704, 0]]]}, "properties": {"address": "119288, 741965"}},
{"type": "Feature", "geometry": {"type": "Polygon", "coordinates": [[[-43.352529, -22.837684, 0], [-43.352624, -22.837704, 0], [-43.352664, -22.837507, 0], [-43.352569, -22.837494, 0], [-43.352569, -22.837496, 0], [-43.352529, -22.837684, 0]]]}, "properties": {"address": "119288, 49278"}},
{"type": "Feature", "geometry": {"type": "Polygon", "coordinates": [[[-43.360061, -22.837026, 0], [-43.360062, -22.836969, 0], [-43.360062, -22.836936, 0], [-43.359984, -22.83695, 0], [-43.359927, -22.836961, 0], [-43.359874, -22.836978, 0], [-43.359838, -22.837004, 0], [-43.359733, -22.837096, 0], [-43.359896, -22.837092, 0], [-43.36006, -22.837049, 0], [-43.360061, -22.837026, 0]]]}, "properties": {"address": "122620, 0"}},
{"type": "Feature", "geometry": {"type": "Polygon", "coordinates": [[[-43.359897, -22.836742, 0], [-43.360065, -22.836689, 0], [-43.360066, -22.836685, 0], [-43.360057, -22.836605, 0], [-43.35987, -22.836662, 0], [-43.359897, -22.836742, 0]]]}, "properties": {"address": "122620, 0"}},
{"type": "Feature", "geometry": {"type": "Polygon", "coordinates": [[[-43.359851, -22.836602, 0], [-43.35987, -22.836662, 0], [-43.360057, -22.836605, 0], [-43.360065, -22.836603, 0], [-43.360062, -22.836592, 0], [-43.360046, -22.836533, 0], [-43.359963, -22.836563, 0], [-43.359851, -22.836602, 0]]]}, "properties": {"address": "122620, 0"}},
{"type": "Feature", "geometry": {"type": "Polygon", "coordinates": [[[-43.359023, -22.836851, 0], [-43.359142, -22.836926, 0], [-43.359153, -22.836933, 0], [-43.35925, -22.836994, 0], [-43.359278, -22.837012, 0], [-43.359296, -22.836945, 0], [-43.359302, -22.836928, 0], [-43.359306, -22.836918, 0], [-43.359188, -22.836839, 0], [-43.359111, -22.836786, 0], [-43.359042, -22.836836, 0], [-43.359023, -22.836851, 0]]]}, "properties": {"address": "122614, 0"}},
{"type": "Feature", "geometry": {"type": "Polygon", "coordinates": [[[-43.358986, -22.837097, 0], [-43.359231, -22.837187, 0], [-43.359278, -22.837012, 0], [-43.35925, -22.836994, 0], [-43.359153, -22.836933, 0], [-43.359142, -22.836943, 0], [-43.358986, -22.837097, 0]]]}, "properties": {"address": "122614, 0"}},
{"type": "Feature", "geometry": {"type": "Polygon", "coordinates": [[[-43.359275, -22.836665, 0], [-43.359248, -22.836685, 0], [-43.359111, -22.836786, 0], [-43.359188, -22.836839, 0], [-43.359306, -22.836918, 0], [-43.359308, -22.836911, 0], [-43.359333, -22.836864, 0], [-43.359343, -22.83687, 0], [-43.359408, -22.836788, 0], [-43.359419, -22.836799, 0], [-43.359517, -22.836716, 0], [-43.359456, -22.83665, 0], [-43.35934, -22.83666, 0], [-43.359275, -22.836665, 0]]]}, "properties": {"address": "122614, 0"}},
{"type": "Feature", "geometry": {"type": "Polygon", "coordinates": [[[-43.359276, -22.837094, 0], [-43.359252, -22.837193, 0], [-43.359335, -22.837222, 0], [-43.359373, -22.837051, 0], [-43.359291, -22.837031, 0], [-43.35929, -22.837036, 0], [-43.359276, -22.837094, 0]]]}, "properties": {"address": "122614, 0"}},
{"type": "Feature", "geometry": {"type": "Polygon", "coordinates": [[[-43.359291, -22.837031, 0], [-43.359373, -22.837051, 0], [-43.35939, -22.836992, 0], [-43.359389, -22.836984, 0], [-43.359365, -22.836958, 0], [-43.359363, -22.836957, 0], [-43.359328, -22.83692, 0], [-43.359321, -22.836935, 0], [-43.359291, -22.837031, 0]]]}, "properties": {"address": "122614, 0"}},
{"type": "Feature", "geometry": {"type": "Polygon", "coordinates": [[[-43.359391, -22.83658, 0], [-43.359456, -22.83665, 0], [-43.359517, -22.836716, 0], [-43.359531, -22.836704, 0], [-43.359591, -22.836662, 0], [-43.359467, -22.836524, 0], [-43.359455, -22.836533, 0], [-43.359391, -22.83658, 0]]]}, "properties": {"address": "122614, 0"}},
{"type": "Feature", "geometry": {"type": "Polygon", "coordinates": [[[-43.359733, -22.837096, 0], [-43.359838, -22.837004, 0], [-43.359874, -22.836978, 0], [-43.359927, -22.836961, 0], [-43.359984, -22.83695, 0], [-43.360062, -22.836936, 0], [-43.360062, -22.836904, 0], [-43.360063, -22.836842, 0], [-43.360062, -22.836747, 0], [-43.360065, -22.836689, 0], [-43.359897, -22.836742, 0], [-43.359745, -22.836795, 0], [-43.359673, -22.836827, 0], [-43.35965, -22.836812, 0], [-43.359632, -22.836799, 0], [-43.35958, -22.836705, 0], [-43.35956, -22.836717, 0], [-43.359533, -22.836739, 0], [-43.359521, -22.836749, 0], [-43.359515, -22.836753, 0], [-43.359489, -22.836776, 0], [-43.359468, -22.836793, 0], [-43.359399, -22.836859, 0], [-43.35935, -22.836895, 0], [-43.359329, -22.836918, 0], [-43.359328, -22.83692, 0], [-43.359363, -22.836957, 0], [-43.359365, -22.836958, 0], [-43.359389, -22.836984, 0], [-43.35939, -22.836992, 0], [-43.359413, -22.837011, 0], [-43.359472, -22.837059, 0], [-43.359473, -22.83706, 0], [-43.359519, -22.8371, 0], [-43.359512, -22.837163, 0], [-43.359492, -22.837274, 0], [-43.359535, -22.837288, 0], [-43.359569, -22.837299, 0], [-43.359733, -22.837096, 0]]]}, "properties": {"address": "122614, 0"}},
{"type": "Feature", "geometry": {"type": "Polygon", "coordinates": [[[-43.35958, -22.836705, 0], [-43.359632, -22.836799, 0], [-43.35965, -22.836812, 0], [-43.359673, -22.836827, 0], [-43.359745, -22.836795, 0], [-43.359734, -22.836771, 0], [-43.359676, -22.836652, 0], [-43.359605, -22.836689, 0], [-43.35958, -22.836705, 0]]]}, "properties": {"address": "122614, 0"}},
{"type": "Feature", "geometry": {"type": "Polygon", "coordinates": [[[-43.359591, -22.836662, 0], [-43.359625, -22.836637, 0], [-43.359504, -22.836497, 0], [-43.359467, -22.836524, 0], [-43.359591, -22.836662, 0]]]}, "properties": {"address": "122614, 0"}},
{"type": "Feature", "geometry": {"type": "Polygon", "coordinates": [[[-43.359504, -22.836497, 0], [-43.359625, -22.836637, 0], [-43.359653, -22.836618, 0], [-43.359663, -22.836611, 0], [-43.359542, -22.836469, 0], [-43.359522, -22.836483, 0], [-43.359504, -22.836497, 0]]]}, "properties": {"address": "122614, 0"}},
{"type": "Feature", "geometry": {"type": "Polygon", "coordinates": [[[-43.359676, -22.836652, 0], [-43.359734, -22.836771, 0], [-43.359745, -22.836795, 0], [-43.359897, -22.836742, 0], [-43.35987, -22.836662, 0], [-43.359851, -22.836602, 0], [-43.359833, -22.836549, 0], [-43.359769, -22.836593, 0], [-43.359676, -22.836652, 0]]]}, "properties": {"address": "122614, 0"}},
{"type": "Feature", "geometry": {"type": "Polygon", "coordinates": [[[-43.359542, -22.836469, 0], [-43.359663, -22.836611, 0], [-43.359674, -22.836603, 0], [-43.359687, -22.836594, 0], [-43.359735, -22.836561, 0], [-43.359615, -22.836416, 0], [-43.359591, -22.836433, 0], [-43.359542, -22.836469, 0]]]}, "properties": {"address": "122614, 0"}},
{"type": "Feature", "geometry": {"type": "Polygon", "coordinates": [[[-43.359735, -22.836561, 0], [-43.359773, -22.836535, 0], [-43.35978, -22.83653, 0], [-43.359655, -22.836386, 0], [-43.359615, -22.836416, 0], [-43.359735, -22.836561, 0]]]}, "properties": {"address": "122614, 0"}},
{"type": "Feature", "geometry": {"type": "Polygon", "coordinates": [[[-43.359725, -22.836335, 0], [-43.359848, -22.836482, 0], [-43.359889, -22.836454, 0], [-43.359772, -22.8363, 0], [-43.35973, -22.836332, 0], [-43.359725, -22.836335, 0]]]}, "properties": {"address": "122614, 0"}},
{"type": "Feature", "geometry": {"type": "Polygon", "coordinates": [[[-43.359772, -22.8363, 0], [-43.359889, -22.836454, 0], [-43.359961, -22.836404, 0], [-43.359976, -22.836393, 0], [-43.359935, -22.836247, 0], [-43.35992, -22.836192, 0], [-43.359797, -22.836282, 0], [-43.359772, -22.8363, 0]]]}, "properties": {"address": "122614, 0"}},
{"type": "Feature", "geometry": {"type": "Polygon", "coordinates": [[[-43.361701, -22.836496, 0], [-43.361666, -22.836518, 0], [-43.361662, -22.836522, 0], [-43.361627, -22.836544, 0], [-43.361655, -22.836587, 0], [-43.361675, -22.83662, 0], [-43.361689, -22.836636, 0], [-43.361711, -22.836615, 0], [-43.361734, -22.836593, 0], [-43.361754, -22.836572, 0], [-43.361807, -22.836517, 0], [-43.361809, -22.836515, 0], [-43.361838, -22.83649, 0], [-43.361807, -22.836466, 0], [-43.361782, -22.836442, 0], [-43.361762, -22.836455, 0], [-43.361701, -22.836496, 0]]]}, "properties": {"address": "122650, 0"}},
{"type": "Feature", "geometry": {"type": "Polygon", "coordinates": [[[-43.361539, -22.836406, 0], [-43.361558, -22.836436, 0], [-43.361608, -22.836513, 0], [-43.361627, -22.836544, 0], [-43.361662, -22.836522, 0], [-43.361666, -22.836518, 0], [-43.361701, -22.836496, 0], [-43.361682, -22.836469, 0], [-43.36166, -22.836437, 0], [-43.361637, -22.836403, 0], [-43.361627, -22.836389, 0], [-43.361608, -22.836361, 0], [-43.361547, -22.836393, 0], [-43.361539, -22.836406, 0]]]}, "properties": {"address": "122650, 0"}},
{"type": "Feature", "geometry": {"type": "Polygon", "coordinates": [[[-43.361627, -22.836389, 0], [-43.361637, -22.836403, 0], [-43.36166, -22.836437, 0], [-43.361682, -22.836469, 0], [-43.361701, -22.836496, 0], [-43.361762, -22.836455, 0], [-43.361782, -22.836442, 0], [-43.361722, -22.836352, 0], [-43.361714, -22.836339, 0], [-43.361697, -22.836314, 0], [-43.361608, -22.836361, 0], [-43.361627, -22.836389, 0]]]}, "properties": {"address": "122650, 0"}},
{"type": "Feature", "geometry": {"type": "Polygon", "coordinates": [[[-43.361822, -22.836415, 0], [-43.361856, -22.836393, 0], [-43.361871, -22.836382, 0], [-43.361854, -22.836355, 0], [-43.36181, -22.836282, 0], [-43.361797, -22.836261, 0], [-43.361697, -22.836314, 0], [-43.361714, -22.836339, 0], [-43.361722, -22.836352, 0], [-43.361782, -22.836442, 0], [-43.361822, -22.836415, 0]]]}, "properties": {"address": "122650, 0"}},
{"type": "Feature", "geometry": {"type": "Polygon", "coordinates": [[[-43.361797, -22.836261, 0], [-43.36181, -22.836282, 0], [-43.361854, -22.836355, 0], [-43.361871, -22.836382, 0], [-43.361934, -22.83634, 0], [-43.361942, -22.836332, 0], [-43.361916, -22.836289, 0], [-43.361892, -22.83625, 0], [-43.361888, -22.836244, 0], [-43.361875, -22.836221, 0], [-43.36182, -22.836249, 0], [-43.361797, -22.836261, 0]]]}, "properties": {"address": "122650, 0"}},
{"type": "Feature", "geometry": {"type": "Polygon", "coordinates": [[[-43.361888, -22.836244, 0], [-43.361892, -22.83625, 0], [-43.361916, -22.836289, 0], [-43.361942, -22.836332, 0], [-43.362023, -22.83624, 0], [-43.36203, -22.836233, 0], [-43.361972, -22.836191, 0], [-43.361936, -22.83619, 0], [-43.361935, -22.83619, 0], [-43.361875, -22.836221, 0], [-43.361888, -22.836244, 0]]]}, "properties": {"address": "122650, 0"}},
{"type": "Feature", "geometry": {"type": "Polygon", "coordinates": [[[-43.361256, -22.836458, 0], [-43.361148, -22.83648, 0], [-43.361131, -22.836483, 0], [-43.361134, -22.836512, 0], [-43.361137, -22.83655, 0], [-43.361138, -22.836571, 0], [-43.361139, -22.836576, 0], [-43.361175, -22.836571, 0], [-43.361349, -22.836547, 0], [-43.361379, -22.836544, 0], [-43.361374, -22.8365, 0], [-43.36137, -22.836456, 0], [-43.361369, -22.836453, 0], [-43.361366, -22.836436, 0], [-43.361269, -22.836456, 0], [-43.361256, -22.836458, 0]]]}, "properties": {"address": "122650, 0"}},
{"type": "Feature", "geometry": {"type": "Polygon", "coordinates": [[[-43.361424, -22.836438, 0], [-43.36137, -22.836456, 0], [-43.361374, -22.8365, 0], [-43.361379, -22.836544, 0], [-43.361385, -22.836597, 0], [-43.36139, -22.836649, 0], [-43.361432, -22.836642, 0], [-43.361511, -22.836628, 0], [-43.361517, -22.836625, 0], [-43.361536, -22.836617, 0], [-43.361603, -22.836587, 0], [-43.361572, -22.836542, 0], [-43.361568, -22.836536, 0], [-43.361532, -22.83647, 0], [-43.3615, -22.836412, 0], [-43.361439, -22.836433, 0], [-43.361424, -22.836438, 0]]]}, "properties": {"address": "122650, 0"}},
{"type": "Feature", "geometry": {"type": "Polygon", "coordinates": [[[-43.361364, -22.836122, 0], [-43.361301, -22.836123, 0], [-43.361272, -22.836124, 0], [-43.361392, -22.836353, 0], [-43.361424, -22.836407, 0], [-43.361487, -22.836386, 0], [-43.36164, -22.836291, 0], [-43.361585, -22.836226, 0], [-43.361573, -22.836212, 0], [-43.36156, -22.836197, 0], [-43.361535, -22.836168, 0], [-43.361494, -22.836119, 0], [-43.361493, -22.836119, 0], [-43.361364, -22.836122, 0]]]}, "properties": {"address": "122650, 0"}},
{"type": "Feature", "geometry": {"type": "Polygon", "coordinates": [[[-43.357161, -22.838125, 0], [-43.357186, -22.838154, 0], [-43.357203, -22.838174, 0], [-43.357211, -22.838168, 0], [-43.357226, -22.838157, 0], [-43.357294, -22.838108, 0], [-43.357238, -22.838044, 0], [-43.357147, -22.83811, 0], [-43.357161, -22.838125, 0]]]}, "properties": {"address": "122511, 0"}},
{"type": "Feature", "geometry": {"type": "Polygon", "coordinates": [[[-43.357106, -22.837964, 0], [-43.357101, -22.83797, 0], [-43.357097, -22.837978, 0], [-43.357094, -22.837987, 0], [-43.357093, -22.837996, 0], [-43.357091, -22.838004, 0], [-43.357091, -22.838029, 0], [-43.357095, -22.838043, 0], [-43.357098, -22.838053, 0], [-43.357111, -22.838069, 0], [-43.357147, -22.83811, 0], [-43.357238, -22.838044, 0], [-43.35714, -22.837931, 0], [-43.357127, -22.837944, 0], [-43.357106, -22.837964, 0]]]}, "properties": {"address": "122511, 742340"}},
{"type": "Feature", "geometry": {"type": "Polygon", "coordinates": [[[-43.354376, -22.837315, 0], [-43.354417, -22.837136, 0], [-43.354321, -22.837116, 0], [-43.354279, -22.837299, 0], [-43.354376, -22.837315, 0]]]}, "properties": {"address": "121613, 51191"}},
{"type": "Feature", "geometry": {"type": "Polygon", "coordinates": [[[-43.359789, -22.836007, 0], [-43.359666, -22.836096, 0], [-43.359654, -22.836105, 0], [-43.359797, -22.836282, 0], [-43.35992, -22.836192, 0], [-43.359896, -22.836108, 0], [-43.359869, -22.836035, 0], [-43.359848, -22.836016, 0], [-43.359836, -22.836006, 0], [-43.359821, -22.836002, 0], [-43.359808, -22.836002, 0], [-43.359789, -22.836007, 0]]]}, "properties": {"address": "122619, 669334"}},
{"type": "Feature", "geometry": {"type": "Polygon", "coordinates": [[[-43.354051, -22.837226, 0], [-43.353985, -22.837513, 0], [-43.353985, -22.837515, 0], [-43.353986, -22.837516, 0], [-43.354098, -22.837543, 0], [-43.354201, -22.837092, 0], [-43.354166, -22.837085, 0], [-43.35413, -22.837245, 0], [-43.354051, -22.837226, 0]]]}, "properties": {"address": "121613, 920905"}},
{"type": "Feature", "geometry": {"type": "Polygon", "coordinates": [[[-43.354094, -22.837563, 0], [-43.354084, -22.837605, 0], [-43.354203, -22.837629, 0], [-43.354213, -22.837585, 0], [-43.354238, -22.837476, 0], [-43.354262, -22.83737, 0], [-43.354279, -22.837299, 0], [-43.354321, -22.837116, 0], [-43.354272, -22.837106, 0], [-43.354237, -22.837099, 0], [-43.354201, -22.837092, 0], [-43.354098, -22.837543, 0], [-43.354094, -22.837563, 0]]]}, "properties": {"address": "121613, 48037"}},
{"type": "Feature", "geometry": {"type": "Polygon", "coordinates": [[[-43.354376, -22.837315, 0], [-43.354279, -22.837299, 0], [-43.354262, -22.83737, 0], [-43.35452, -22.837419, 0], [-43.354529, -22.837379, 0], [-43.354537, -22.837342, 0], [-43.354556, -22.837258, 0], [-43.354576, -22.837169, 0], [-43.354572, -22.837169, 0], [-43.354489, -22.837151, 0], [-43.35445, -22.837328, 0], [-43.354376, -22.837315, 0]]]}, "properties": {"address": "121613, 369531"}},
{"type": "Feature", "geometry": {"type": "Polygon", "coordinates": [[[-43.354621, -22.837271, 0], [-43.354642, -22.837183, 0], [-43.354576, -22.837169, 0], [-43.354556, -22.837258, 0], [-43.354621, -22.837271, 0]]]}, "properties": {"address": "121613, 0"}},
{"type": "Feature", "geometry": {"type": "Polygon", "coordinates": [[[-43.35445, -22.837328, 0], [-43.354489, -22.837151, 0], [-43.354487, -22.837151, 0], [-43.354452, -22.837143, 0], [-43.354417, -22.837136, 0], [-43.354376, -22.837315, 0], [-43.35445, -22.837328, 0]]]}, "properties": {"address": "121613, 48038"}},
{"type": "Feature", "geometry": {"type": "Polygon", "coordinates": [[[-43.354621, -22.837271, 0], [-43.354774, -22.837302, 0], [-43.354789, -22.837237, 0], [-43.354789, -22.837229, 0], [-43.354788, -22.837226, 0], [-43.354785, -22.83722, 0], [-43.354775, -22.837209, 0], [-43.354753, -22.837201, 0], [-43.354643, -22.837179, 0], [-43.354642, -22.837183, 0], [-43.354621, -22.837271, 0]]]}, "properties": {"address": "121613, 51339"}},
{"type": "Feature", "geometry": {"type": "Polygon", "coordinates": [[[-43.353606, -22.837084, 0], [-43.353598, -22.837121, 0], [-43.353568, -22.83726, 0], [-43.353555, -22.837318, 0], [-43.353532, -22.837423, 0], [-43.353584, -22.837433, 0], [-43.353649, -22.837446, 0], [-43.353742, -22.837001, 0], [-43.353728, -22.836998, 0], [-43.35363, -22.836979, 0], [-43.353616, -22.83704, 0], [-43.353606, -22.837084, 0]]]}, "properties": {"address": "121613, 47683"}},
{"type": "Feature", "geometry": {"type": "Polygon", "coordinates": [[[-43.353871, -22.837494, 0], [-43.353934, -22.837508, 0], [-43.353935, -22.837505, 0], [-43.353946, -22.837508, 0], [-43.353947, -22.837506, 0], [-43.353985, -22.837513, 0], [-43.354051, -22.837226, 0], [-43.354087, -22.83707, 0], [-43.354077, -22.837068, 0], [-43.354006, -22.837054, 0], [-43.353937, -22.83704, 0], [-43.353834, -22.837486, 0], [-43.353871, -22.837494, 0]]]}, "properties": {"address": "121613, 742011"}},
{"type": "Feature", "geometry": {"type": "Polygon", "coordinates": [[[-43.35413, -22.837245, 0], [-43.354166, -22.837085, 0], [-43.354132, -22.837078, 0], [-43.354087, -22.83707, 0], [-43.354051, -22.837226, 0], [-43.35413, -22.837245, 0]]]}, "properties": {"address": "121613, 741967"}},
{"type": "Feature", "geometry": {"type": "Polygon", "coordinates": [[[-43.353834, -22.837486, 0], [-43.353937, -22.83704, 0], [-43.353922, -22.837037, 0], [-43.353859, -22.837024, 0], [-43.353758, -22.837469, 0], [-43.353834, -22.837486, 0]]]}, "properties": {"address": "121613, 51193"}},
{"type": "Feature", "geometry": {"type": "Polygon", "coordinates": [[[-43.354185, -22.836049, 0], [-43.354075, -22.836028, 0], [-43.35405, -22.836167, 0], [-43.354081, -22.836173, 0], [-43.354019, -22.836463, 0], [-43.353979, -22.836455, 0], [-43.353976, -22.836469, 0], [-43.353976, -22.83647, 0], [-43.353881, -22.836909, 0], [-43.353906, -22.836913, 0], [-43.353998, -22.83693, 0], [-43.354088, -22.836484, 0], [-43.354185, -22.836049, 0]]]}, "properties": {"address": "121613, 669068"}},
{"type": "Feature", "geometry": {"type": "Polygon", "coordinates": [[[-43.353668, -22.83745, 0], [-43.353758, -22.837469, 0], [-43.353859, -22.837024, 0], [-43.353742, -22.837001, 0], [-43.353649, -22.837446, 0], [-43.353668, -22.83745, 0]]]}, "properties": {"address": "121613, 51192"}},
{"type": "Feature", "geometry": {"type": "Polygon", "coordinates": [[[-43.354158, -22.836748, 0], [-43.354157, -22.836757, 0], [-43.354143, -22.836822, 0], [-43.35424, -22.83684, 0], [-43.354243, -22.836841, 0], [-43.354262, -22.836761, 0], [-43.354282, -22.836674, 0], [-43.354248, -22.836669, 0], [-43.354185, -22.836659, 0], [-43.354178, -22.836658, 0], [-43.354141, -22.836651, 0], [-43.35412, -22.836742, 0], [-43.354158, -22.836748, 0]]]}, "properties": {"address": "121613, 0"}},
{"type": "Feature", "geometry": {"type": "Polygon", "coordinates": [[[-43.354178, -22.836658, 0], [-43.354185, -22.836659, 0], [-43.354248, -22.836669, 0], [-43.354282, -22.836674, 0], [-43.354297, -22.836606, 0], [-43.354313, -22.836601, 0], [-43.354328, -22.836542, 0], [-43.354315, -22.836539, 0], [-43.354317, -22.83653, 0], [-43.35421, -22.836508, 0], [-43.354189, -22.836606, 0], [-43.354178, -22.836658, 0]]]}, "properties": {"address": "121613, 0"}},
{"type": "Feature", "geometry": {"type": "Polygon", "coordinates": [[[-43.353767, -22.836888, 0], [-43.353881, -22.836909, 0], [-43.353976, -22.83647, 0], [-43.353976, -22.836469, 0], [-43.353861, -22.836448, 0], [-43.353767, -22.836888, 0]]]}, "properties": {"address": "121613, 48040"}},
{"type": "Feature", "geometry": {"type": "Polygon", "coordinates": [[[-43.354115, -22.836951, 0], [-43.354143, -22.836822, 0], [-43.354157, -22.836757, 0], [-43.354158, -22.836748, 0], [-43.35412, -22.836742, 0], [-43.354141, -22.836651, 0], [-43.354178, -22.836658, 0], [-43.354189, -22.836606, 0], [-43.35421, -22.836508, 0], [-43.354088, -22.836484, 0], [-43.353998, -22.83693, 0], [-43.354115, -22.836951, 0]]]}, "properties": {"address": "121613, 741964"}},
{"type": "Feature", "geometry": {"type": "Polygon", "coordinates": [[[-43.353541, -22.836815, 0], [-43.353541, -22.83682, 0], [-43.353542, -22.836825, 0], [-43.353544, -22.83683, 0], [-43.35355, -22.83684, 0], [-43.353554, -22.836844, 0], [-43.353558, -22.836847, 0], [-43.353563, -22.83685, 0], [-43.353568, -22.836852, 0], [-43.353636, -22.836868, 0], [-43.353653, -22.836871, 0], [-43.35367, -22.836792, 0], [-43.35355, -22.836767, 0], [-43.353541, -22.836809, 0], [-43.353541, -22.836815, 0]]]}, "properties": {"address": "121613, 742049"}},
{"type": "Feature", "geometry": {"type": "Polygon", "coordinates": [[[-43.353748, -22.836427, 0], [-43.353734, -22.836493, 0], [-43.353682, -22.836737, 0], [-43.35367, -22.836792, 0], [-43.353653, -22.836871, 0], [-43.353766, -22.836892, 0], [-43.353767, -22.836888, 0], [-43.353861, -22.836448, 0], [-43.353748, -22.836427, 0]]]}, "properties": {"address": "121613, 47681"}},
{"type": "Feature", "geometry": {"type": "Polygon", "coordinates": [[[-43.354735, -22.83708, 0], [-43.354755, -22.83708, 0], [-43.354766, -22.837078, 0], [-43.354775, -22.837076, 0], [-43.354785, -22.837074, 0], [-43.354795, -22.837071, 0], [-43.354804, -22.837067, 0], [-43.354805, -22.837066, 0], [-43.354811, -22.837061, 0], [-43.354816, -22.837055, 0], [-43.35482, -22.837048, 0], [-43.354824, -22.837042, 0], [-43.354828, -22.837035, 0], [-43.35483, -22.837029, 0], [-43.354838, -22.836994, 0], [-43.35485, -22.83694, 0], [-43.354712, -22.836909, 0], [-43.354675, -22.837068, 0], [-43.354735, -22.83708, 0]]]}, "properties": {"address": "121613, 742295"}},
{"type": "Feature", "geometry": {"type": "Polygon", "coordinates": [[[-43.354504, -22.836864, 0], [-43.354384, -22.836837, 0], [-43.354383, -22.83684, 0], [-43.354343, -22.836999, 0], [-43.354457, -22.837019, 0], [-43.354504, -22.836864, 0]]]}, "properties": {"address": "121613, 921390"}},
{"type": "Feature", "geometry": {"type": "Polygon", "coordinates": [[[-43.354286, -22.836989, 0], [-43.354287, -22.836989, 0], [-43.354337, -22.836998, 0], [-43.354343, -22.836999, 0], [-43.354383, -22.83684, 0], [-43.354384, -22.836837, 0], [-43.354403, -22.836731, 0], [-43.354405, -22.836724, 0], [-43.354408, -22.836707, 0], [-43.354304, -22.836687, 0], [-43.354239, -22.836979, 0], [-43.354286, -22.836989, 0]]]}, "properties": {"address": "121613, 922968"}},
{"type": "Feature", "geometry": {"type": "Polygon", "coordinates": [[[-43.354408, -22.836707, 0], [-43.354425, -22.836631, 0], [-43.354321, -22.836612, 0], [-43.354304, -22.836687, 0], [-43.354408, -22.836707, 0]]]}, "properties": {"address": "121613, 0"}},
{"type": "Feature", "geometry": {"type": "Polygon", "coordinates": [[[-43.354282, -22.836674, 0], [-43.354262, -22.836761, 0], [-43.354243, -22.836841, 0], [-43.354213, -22.836974, 0], [-43.354239, -22.836979, 0], [-43.354304, -22.836687, 0], [-43.354321, -22.836612, 0], [-43.354313, -22.836601, 0], [-43.354297, -22.836606, 0], [-43.354282, -22.836674, 0]]]}, "properties": {"address": "121613, 0"}},
{"type": "Feature", "geometry": {"type": "Polygon", "coordinates": [[[-43.354313, -22.836601, 0], [-43.354321, -22.836612, 0], [-43.354425, -22.836631, 0], [-43.354439, -22.836564, 0], [-43.354328, -22.836542, 0], [-43.354313, -22.836601, 0]]]}, "properties": {"address": "121613, 0"}},
{"type": "Feature", "geometry": {"type": "Polygon", "coordinates": [[[-43.353541, -22.835798, 0], [-43.353572, -22.835663, 0], [-43.353586, -22.835619, 0], [-43.353594, -22.835595, 0], [-43.353489, -22.835572, 0], [-43.353425, -22.835774, 0], [-43.353541, -22.835798, 0]]]}, "properties": {"address": "200551, 742035"}},
{"type": "Feature", "geometry": {"type": "Polygon", "coordinates": [[[-43.353541, -22.835798, 0], [-43.353608, -22.835812, 0], [-43.353623, -22.835719, 0], [-43.353627, -22.835688, 0], [-43.353636, -22.835633, 0], [-43.353586, -22.835619, 0], [-43.353572, -22.835663, 0], [-43.353541, -22.835798, 0]]]}, "properties": {"address": "200551, 741924"}},
{"type": "Feature", "geometry": {"type": "Polygon", "coordinates": [[[-43.353636, -22.835633, 0], [-43.353627, -22.835688, 0], [-43.353623, -22.835719, 0], [-43.353608, -22.835812, 0], [-43.353645, -22.83582, 0], [-43.353668, -22.83572, 0], [-43.353669, -22.835714, 0], [-43.353685, -22.835627, 0], [-43.353594, -22.835595, 0], [-43.353586, -22.835619, 0], [-43.353636, -22.835633, 0]]]}, "properties": {"address": "200551, 0"}},
{"type": "Feature", "geometry": {"type": "Polygon", "coordinates": [[[-43.353102, -22.836168, 0], [-43.353077, -22.836306, 0], [-43.353282, -22.836337, 0], [-43.353306, -22.836188, 0], [-43.35334, -22.83598, 0], [-43.353351, -22.835982, 0], [-43.353361, -22.835932, 0], [-43.35337, -22.835882, 0], [-43.353145, -22.835837, 0], [-43.353144, -22.835844, 0], [-43.353102, -22.836168, 0]]]}, "properties": {"address": "200551, 48153"}},
{"type": "Feature", "geometry": {"type": "Polygon", "coordinates": [[[-43.353381, -22.835548, 0], [-43.353319, -22.835752, 0], [-43.353425, -22.835774, 0], [-43.353489, -22.835572, 0], [-43.353519, -22.835478, 0], [-43.353548, -22.835416, 0], [-43.353513, -22.835401, 0], [-43.353465, -22.835368, 0], [-43.353418, -22.835432, 0], [-43.353381, -22.835548, 0]]]}, "properties": {"address": "200551, 742079"}},
{"type": "Feature", "geometry": {"type": "Polygon", "coordinates": [[[-43.359131, -22.835345, 0], [-43.35914, -22.835394, 0], [-43.359174, -22.835565, 0], [-43.359258, -22.835551, 0], [-43.359214, -22.835331, 0], [-43.359213, -22.835331, 0], [-43.359131, -22.835345, 0]]]}, "properties": {"address": "119276, 742336"}},
{"type": "Feature", "geometry": {"type": "Polygon", "coordinates": [[[-43.358706, -22.83547, 0], [-43.358726, -22.835572, 0], [-43.35874, -22.835639, 0], [-43.358828, -22.835624, 0], [-43.358825, -22.835612, 0], [-43.358815, -22.835558, 0], [-43.358796, -22.835464, 0], [-43.358783, -22.835402, 0], [-43.358695, -22.835417, 0], [-43.358706, -22.83547, 0]]]}, "properties": {"address": "119276, 742291"}},
{"type": "Feature", "geometry": {"type": "Polygon", "coordinates": [[[-43.358783, -22.835402, 0], [-43.358796, -22.835464, 0], [-43.358815, -22.835558, 0], [-43.358825, -22.835612, 0], [-43.358828, -22.835624, 0], [-43.358845, -22.835621, 0], [-43.358914, -22.835609, 0], [-43.358915, -22.835609, 0], [-43.358911, -22.83559, 0], [-43.358908, -22.835574, 0], [-43.358894, -22.835503, 0], [-43.358888, -22.835475, 0], [-43.358886, -22.835462, 0], [-43.358871, -22.83539, 0], [-43.358871, -22.835387, 0], [-43.358814, -22.835397, 0], [-43.358783, -22.835402, 0]]]}, "properties": {"address": "119276, 742335"}},
{"type": "Feature", "geometry": {"type": "Polygon", "coordinates": [[[-43.353034, -22.838568, 0], [-43.353063, -22.838441, 0], [-43.35307, -22.83841, 0], [-43.353079, -22.838371, 0], [-43.352895, -22.838332, 0], [-43.352838, -22.838532, 0], [-43.353034, -22.838568, 0]]]}, "properties": {"address": "119286, 744587"}},
{"type": "Feature", "geometry": {"type": "Polygon", "coordinates": [[[-43.358619, -22.835476, 0], [-43.358621, -22.835484, 0], [-43.358624, -22.835498, 0], [-43.358629, -22.835524, 0], [-43.35864, -22.835576, 0], [-43.358647, -22.835615, 0], [-43.358655, -22.835653, 0], [-43.358656, -22.835653, 0], [-43.35874, -22.835639, 0], [-43.358726, -22.835572, 0], [-43.358706, -22.83547, 0], [-43.358695, -22.835417, 0], [-43.35861, -22.835432, 0], [-43.358619, -22.835476, 0]]]}, "properties": {"address": "119276, 742334"}},
{"type": "Feature", "geometry": {"type": "Polygon", "coordinates": [[[-43.359303, -22.835333, 0], [-43.359306, -22.835346, 0], [-43.359335, -22.835491, 0], [-43.359344, -22.835537, 0], [-43.359345, -22.835536, 0], [-43.359431, -22.835521, 0], [-43.359427, -22.835499, 0], [-43.359426, -22.835496, 0], [-43.359408, -22.835406, 0], [-43.359404, -22.835387, 0], [-43.359403, -22.835382, 0], [-43.359398, -22.835356, 0], [-43.359397, -22.835352, 0], [-43.359387, -22.835301, 0], [-43.3593, -22.835316, 0], [-43.359303, -22.835333, 0]]]}, "properties": {"address": "119276, 742135"}},
{"type": "Feature", "geometry": {"type": "Polygon", "coordinates": [[[-43.359574, -22.835339, 0], [-43.359574, -22.835341, 0], [-43.35958, -22.83537, 0], [-43.359587, -22.835408, 0], [-43.359593, -22.835438, 0], [-43.359604, -22.835491, 0], [-43.359643, -22.835485, 0], [-43.359648, -22.835484, 0], [-43.359659, -22.835478, 0], [-43.359664, -22.835475, 0], [-43.359668, -22.835472, 0], [-43.359669, -22.835472, 0], [-43.359678, -22.835464, 0], [-43.359684, -22.835458, 0], [-43.359677, -22.835421, 0], [-43.359655, -22.835305, 0], [-43.359646, -22.835257, 0], [-43.35956, -22.835271, 0], [-43.359574, -22.835339, 0]]]}, "properties": {"address": "119276, 669224"}},
{"type": "Feature", "geometry": {"type": "Polygon", "coordinates": [[[-43.359387, -22.835301, 0], [-43.359397, -22.835352, 0], [-43.359398, -22.835356, 0], [-43.359403, -22.835382, 0], [-43.359404, -22.835387, 0], [-43.359408, -22.835406, 0], [-43.359426, -22.835496, 0], [-43.359427, -22.835499, 0], [-43.359431, -22.835521, 0], [-43.359517, -22.835506, 0], [-43.3595, -22.835419, 0], [-43.359498, -22.835408, 0], [-43.359493, -22.835385, 0], [-43.359484, -22.835341, 0], [-43.359473, -22.835286, 0], [-43.359457, -22.835289, 0], [-43.359387, -22.835301, 0]]]}, "properties": {"address": "119276, 669225"}},
{"type": "Feature", "geometry": {"type": "Polygon", "coordinates": [[[-43.353108, -22.838244, 0], [-43.353154, -22.838042, 0], [-43.352987, -22.838007, 0], [-43.352931, -22.838205, 0], [-43.353108, -22.838244, 0]]]}, "properties": {"address": "119286, 744575"}},
{"type": "Feature", "geometry": {"type": "Polygon", "coordinates": [[[-43.359484, -22.835341, 0], [-43.359493, -22.835385, 0], [-43.359498, -22.835408, 0], [-43.3595, -22.835419, 0], [-43.359517, -22.835506, 0], [-43.359518, -22.835506, 0], [-43.359544, -22.835501, 0], [-43.359604, -22.835491, 0], [-43.359593, -22.835438, 0], [-43.359587, -22.835408, 0], [-43.35958, -22.83537, 0], [-43.359574, -22.835341, 0], [-43.359574, -22.835339, 0], [-43.35956, -22.835271, 0], [-43.359473, -22.835286, 0], [-43.359484, -22.835341, 0]]]}, "properties": {"address": "119276, 435716"}},
{"type": "Feature", "geometry": {"type": "Polygon", "coordinates": [[[-43.359248, -22.835501, 0], [-43.359258, -22.835551, 0], [-43.359278, -22.835548, 0], [-43.359298, -22.835544, 0], [-43.359344, -22.835537, 0], [-43.359335, -22.835491, 0], [-43.359306, -22.835346, 0], [-43.359303, -22.835333, 0], [-43.3593, -22.835316, 0], [-43.359214, -22.835331, 0], [-43.359248, -22.835501, 0]]]}, "properties": {"address": "119276, 302346"}},
{"type": "Feature", "geometry": {"type": "Polygon", "coordinates": [[[-43.359043, -22.83536, 0], [-43.359051, -22.835399, 0], [-43.359052, -22.835405, 0], [-43.359058, -22.835435, 0], [-43.35906, -22.835443, 0], [-43.35907, -22.835494, 0], [-43.359083, -22.835558, 0], [-43.359084, -22.835563, 0], [-43.359087, -22.83558, 0], [-43.359172, -22.835565, 0], [-43.359174, -22.835565, 0], [-43.35914, -22.835394, 0], [-43.359131, -22.835345, 0], [-43.359096, -22.835351, 0], [-43.359043, -22.83536, 0]]]}, "properties": {"address": "119276, 48947"}},
{"type": "Feature", "geometry": {"type": "Polygon", "coordinates": [[[-43.358962, -22.835414, 0], [-43.358969, -22.835446, 0], [-43.358969, -22.835448, 0], [-43.358981, -22.835509, 0], [-43.358982, -22.835512, 0], [-43.358994, -22.835573, 0], [-43.358995, -22.835576, 0], [-43.358999, -22.835595, 0], [-43.359087, -22.83558, 0], [-43.359084, -22.835563, 0], [-43.359083, -22.835558, 0], [-43.35907, -22.835494, 0], [-43.35906, -22.835443, 0], [-43.359058, -22.835435, 0], [-43.359052, -22.835405, 0], [-43.359051, -22.835399, 0], [-43.359043, -22.83536, 0], [-43.358955, -22.835375, 0], [-43.358962, -22.835414, 0]]]}, "properties": {"address": "119276, 48948"}},
{"type": "Feature", "geometry": {"type": "Polygon", "coordinates": [[[-43.358886, -22.835462, 0], [-43.358888, -22.835475, 0], [-43.358894, -22.835503, 0], [-43.358908, -22.835574, 0], [-43.358911, -22.83559, 0], [-43.358915, -22.835609, 0], [-43.358999, -22.835595, 0], [-43.358995, -22.835576, 0], [-43.358994, -22.835573, 0], [-43.358982, -22.835512, 0], [-43.358981, -22.835509, 0], [-43.358969, -22.835448, 0], [-43.358969, -22.835446, 0], [-43.358962, -22.835414, 0], [-43.358955, -22.835375, 0], [-43.358871, -22.83539, 0], [-43.358886, -22.835462, 0]]]}, "properties": {"address": "119276, 48949"}},
{"type": "Feature", "geometry": {"type": "Polygon", "coordinates": [[[-43.353111, -22.838796, 0], [-43.353107, -22.838817, 0], [-43.353246, -22.838846, 0], [-43.353337, -22.838426, 0], [-43.353314, -22.838421, 0], [-43.3532, -22.838398, 0], [-43.35314, -22.838667, 0], [-43.353111, -22.838796, 0]]]}, "properties": {"address": "119286, 671169"}},
{"type": "Feature", "geometry": {"type": "Polygon", "coordinates": [[[-43.353267, -22.83808, 0], [-43.353259, -22.838116, 0], [-43.353221, -22.838305, 0], [-43.3532, -22.838398, 0], [-43.353314, -22.838421, 0], [-43.353358, -22.838215, 0], [-43.353362, -22.838196, 0], [-43.35337, -22.838156, 0], [-43.353371, -22.838154, 0], [-43.353384, -22.838091, 0], [-43.353408, -22.837978, 0], [-43.353401, -22.837977, 0], [-43.353355, -22.837969, 0], [-43.353292, -22.837958, 0], [-43.35328, -22.838018, 0], [-43.353267, -22.83808, 0]]]}, "properties": {"address": "119286, 51349"}},
{"type": "Feature", "geometry": {"type": "Polygon", "coordinates": [[[-43.353154, -22.838042, 0], [-43.35317, -22.837972, 0], [-43.35317, -22.837971, 0], [-43.353172, -22.837966, 0], [-43.353172, -22.837961, 0], [-43.35317, -22.837951, 0], [-43.353166, -22.837941, 0], [-43.353162, -22.837937, 0], [-43.353154, -22.837931, 0], [-43.353149, -22.837928, 0], [-43.353118, -22.837921, 0], [-43.353089, -22.837915, 0], [-43.353017, -22.8379, 0], [-43.352987, -22.838007, 0], [-43.353154, -22.838042, 0]]]}, "properties": {"address": "119286, 669024"}},
{"type": "Feature", "geometry": {"type": "Polygon", "coordinates": [[[-43.353079, -22.838371, 0], [-43.353092, -22.838313, 0], [-43.353108, -22.838244, 0], [-43.352931, -22.838205, 0], [-43.352895, -22.838332, 0], [-43.353079, -22.838371, 0]]]}, "properties": {"address": "119286, 744582"}},
{"type": "Feature", "geometry": {"type": "Polygon", "coordinates": [[[-43.356942, -22.835711, 0], [-43.356956, -22.835783, 0], [-43.35696, -22.835799, 0], [-43.356963, -22.835815, 0], [-43.356963, -22.835816, 0], [-43.356964, -22.83582, 0], [-43.356982, -22.835911, 0], [-43.356987, -22.835937, 0], [-43.357072, -22.835923, 0], [-43.357067, -22.835898, 0], [-43.357057, -22.835846, 0], [-43.357044, -22.835776, 0], [-43.357042, -22.835767, 0], [-43.357039, -22.835753, 0], [-43.357029, -22.835699, 0], [-43.357026, -22.835684, 0], [-43.35694, -22.835698, 0], [-43.356942, -22.835711, 0]]]}, "properties": {"address": "121799, 742333"}},
{"type": "Feature", "geometry": {"type": "Polygon", "coordinates": [[[-43.357222, -22.83578, 0], [-43.35722, -22.835767, 0], [-43.357216, -22.835746, 0], [-43.357211, -22.835723, 0], [-43.357209, -22.835711, 0], [-43.357201, -22.835671, 0], [-43.357197, -22.835655, 0], [-43.35711, -22.83567, 0], [-43.357114, -22.835687, 0], [-43.357125, -22.835745, 0], [-43.357131, -22.835771, 0], [-43.357131, -22.835772, 0], [-43.357158, -22.835908, 0], [-43.357168, -22.835906, 0], [-43.357214, -22.835898, 0], [-43.357245, -22.835893, 0], [-43.35724, -22.835869, 0], [-43.357222, -22.83578, 0]]]}, "properties": {"address": "121799, 52285"}},
{"type": "Feature", "geometry": {"type": "Polygon", "coordinates": [[[-43.357245, -22.835893, 0], [-43.357253, -22.835893, 0], [-43.357262, -22.835892, 0], [-43.35727, -22.835891, 0], [-43.357288, -22.835885, 0], [-43.357304, -22.835877, 0], [-43.357318, -22.835865, 0], [-43.357324, -22.835858, 0], [-43.357334, -22.835844, 0], [-43.35734, -22.835828, 0], [-43.357342, -22.83582, 0], [-43.357342, -22.835814, 0], [-43.357326, -22.835725, 0], [-43.357311, -22.835728, 0], [-43.357293, -22.835732, 0], [-43.357216, -22.835746, 0], [-43.35722, -22.835767, 0], [-43.357222, -22.83578, 0], [-43.35724, -22.835869, 0], [-43.357245, -22.835893, 0]]]}, "properties": {"address": "121799, 49043"}},
{"type": "Feature", "geometry": {"type": "Polygon", "coordinates": [[[-43.357029, -22.835699, 0], [-43.357039, -22.835753, 0], [-43.357042, -22.835767, 0], [-43.357044, -22.835776, 0], [-43.357057, -22.835846, 0], [-43.357067, -22.835898, 0], [-43.357072, -22.835923, 0], [-43.357158, -22.835908, 0], [-43.357131, -22.835772, 0], [-43.357131, -22.835771, 0], [-43.357125, -22.835745, 0], [-43.357114, -22.835687, 0], [-43.35711, -22.83567, 0], [-43.357026, -22.835684, 0], [-43.357029, -22.835699, 0]]]}, "properties": {"address": "121799, 742288"}},
{"type": "Feature", "geometry": {"type": "Polygon", "coordinates": [[[-43.356856, -22.835731, 0], [-43.356878, -22.835845, 0], [-43.356881, -22.835862, 0], [-43.356899, -22.835952, 0], [-43.356986, -22.835937, 0], [-43.356987, -22.835937, 0], [-43.356982, -22.835911, 0], [-43.356964, -22.83582, 0], [-43.356963, -22.835816, 0], [-43.356963, -22.835815, 0], [-43.35696, -22.835799, 0], [-43.356956, -22.835783, 0], [-43.356942, -22.835711, 0], [-43.35694, -22.835698, 0], [-43.356938, -22.835691, 0], [-43.356848, -22.835691, 0], [-43.356856, -22.835731, 0]]]}, "properties": {"address": "121799, 742242"}},
{"type": "Feature", "geometry": {"type": "Polygon", "coordinates": [[[-43.356778, -22.835788, 0], [-43.356784, -22.835818, 0], [-43.356784, -22.835821, 0], [-43.356788, -22.83584, 0], [-43.356791, -22.835855, 0], [-43.356798, -22.835895, 0], [-43.356807, -22.835945, 0], [-43.356811, -22.835967, 0], [-43.356899, -22.835952, 0], [-43.356881, -22.835862, 0], [-43.356878, -22.835845, 0], [-43.356856, -22.835731, 0], [-43.356848, -22.835691, 0], [-43.35676, -22.83569, 0], [-43.356778, -22.835788, 0]]]}, "properties": {"address": "121799, 742241"}},
{"type": "Feature", "geometry": {"type": "Polygon", "coordinates": [[[-43.356677, -22.835739, 0], [-43.35668, -22.835759, 0], [-43.356685, -22.835758, 0], [-43.356689, -22.83578, 0], [-43.356693, -22.835801, 0], [-43.356699, -22.835831, 0], [-43.356706, -22.835868, 0], [-43.35671, -22.835889, 0], [-43.356712, -22.835904, 0], [-43.356723, -22.835959, 0], [-43.356723, -22.83596, 0], [-43.356727, -22.835982, 0], [-43.356747, -22.835978, 0], [-43.356811, -22.835967, 0], [-43.356807, -22.835945, 0], [-43.356798, -22.835895, 0], [-43.356791, -22.835855, 0], [-43.356788, -22.83584, 0], [-43.356784, -22.835821, 0], [-43.356784, -22.835818, 0], [-43.356778, -22.835788, 0], [-43.35676, -22.83569, 0], [-43.356669, -22.83569, 0], [-43.356677, -22.835739, 0]]]}, "properties": {"address": "121799, 49000"}},
{"type": "Feature", "geometry": {"type": "Polygon", "coordinates": [[[-43.357091, -22.83603, 0], [-43.357088, -22.836043, 0], [-43.357086, -22.836053, 0], [-43.357078, -22.83609, 0], [-43.35707, -22.836128, 0], [-43.357132, -22.83614, 0], [-43.357156, -22.836144, 0], [-43.357158, -22.836131, 0], [-43.357163, -22.836105, 0], [-43.357179, -22.836012, 0], [-43.357178, -22.836013, 0], [-43.357091, -22.83603, 0]]]}, "properties": {"address": "121799, 669306"}},
{"type": "Feature", "geometry": {"type": "Polygon", "coordinates": [[[-43.356867, -22.836088, 0], [-43.356855, -22.836098, 0], [-43.356844, -22.836109, 0], [-43.356835, -22.836121, 0], [-43.356827, -22.836134, 0], [-43.356821, -22.836147, 0], [-43.356816, -22.836161, 0], [-43.356815, -22.836165, 0], [-43.356852, -22.836172, 0], [-43.356962, -22.836192, 0], [-43.356965, -22.836193, 0], [-43.356972, -22.836194, 0], [-43.356977, -22.836195, 0], [-43.356994, -22.836198, 0], [-43.357052, -22.836209, 0], [-43.357066, -22.836143, 0], [-43.35707, -22.836128, 0], [-43.357078, -22.83609, 0], [-43.357086, -22.836053, 0], [-43.357088, -22.836043, 0], [-43.357091, -22.83603, 0], [-43.357089, -22.83603, 0], [-43.356993, -22.836046, 0], [-43.356968, -22.836053, 0], [-43.356894, -22.836073, 0], [-43.35688, -22.83608, 0], [-43.356867, -22.836088, 0]]]}, "properties": {"address": "121799, 742373"}},
{"type": "Feature", "geometry": {"type": "Polygon", "coordinates": [[[-43.36071, -22.835789, 0], [-43.360717, -22.835821, 0], [-43.360736, -22.835909, 0], [-43.360829, -22.835889, 0], [-43.360811, -22.835814, 0], [-43.360812, -22.835733, 0], [-43.360704, -22.83576, 0], [-43.36071, -22.835789, 0]]]}, "properties": {"address": "122633, 0"}},
{"type": "Feature", "geometry": {"type": "Polygon", "coordinates": [[[-43.360857, -22.835634, 0], [-43.360859, -22.835673, 0], [-43.36086, -22.8357, 0], [-43.360861, -22.835716, 0], [-43.360863, -22.83576, 0], [-43.360863, -22.835761, 0], [-43.360865, -22.835791, 0], [-43.360868, -22.835839, 0], [-43.360872, -22.835901, 0], [-43.360874, -22.835939, 0], [-43.360875, -22.835949, 0], [-43.360921, -22.835948, 0], [-43.36099, -22.835947, 0], [-43.36099, -22.835963, 0], [-43.361007, -22.835964, 0], [-43.361048, -22.835965, 0], [-43.361049, -22.835965, 0], [-43.361093, -22.835967, 0], [-43.361146, -22.835964, 0], [-43.361167, -22.83596, 0], [-43.361326, -22.835927, 0], [-43.361329, -22.835926, 0], [-43.361313, -22.835894, 0], [-43.361303, -22.835875, 0], [-43.361318, -22.835867, 0], [-43.361324, -22.835828, 0], [-43.361322, -22.83577, 0], [-43.361321, -22.835734, 0], [-43.361314, -22.835716, 0], [-43.361309, -22.835707, 0], [-43.361272, -22.835642, 0], [-43.36126, -22.835621, 0], [-43.361239, -22.835579, 0], [-43.361317, -22.835519, 0], [-43.361239, -22.835464, 0], [-43.361231, -22.835473, 0], [-43.361193, -22.835462, 0], [-43.361151, -22.835444, 0], [-43.361122, -22.835431, 0], [-43.361111, -22.835427, 0], [-43.361106, -22.835463, 0], [-43.361106, -22.835465, 0], [-43.361102, -22.835492, 0], [-43.361088, -22.835597, 0], [-43.361032, -22.835601, 0], [-43.36096, -22.835606, 0], [-43.360958, -22.835594, 0], [-43.360857, -22.835591, 0], [-43.360856, -22.835598, 0], [-43.360857, -22.835634, 0]]]}, "properties": {"address": "122633, 0"}},
{"type": "Feature", "geometry": {"type": "Polygon", "coordinates": [[[-43.356836, -22.837198, 0], [-43.356826, -22.837242, 0], [-43.35684, -22.837244, 0], [-43.356911, -22.837258, 0], [-43.356924, -22.83726, 0], [-43.356983, -22.837271, 0], [-43.357039, -22.837282, 0], [-43.357064, -22.837286, 0], [-43.357081, -22.837206, 0], [-43.357082, -22.837204, 0], [-43.357057, -22.837199, 0], [-43.356975, -22.837185, 0], [-43.356941, -22.837179, 0], [-43.356927, -22.837177, 0], [-43.356912, -22.837174, 0], [-43.356844, -22.837162, 0], [-43.35684, -22.837179, 0], [-43.356836, -22.837198, 0]]]}, "properties": {"address": "121801, 921259"}},
{"type": "Feature", "geometry": {"type": "Polygon", "coordinates": [[[-43.356705, -22.837801, 0], [-43.356805, -22.837819, 0], [-43.356906, -22.837838, 0], [-43.356909, -22.837839, 0], [-43.356944, -22.837846, 0], [-43.356959, -22.837777, 0], [-43.356961, -22.837767, 0], [-43.356779, -22.837733, 0], [-43.356723, -22.837722, 0], [-43.356705, -22.837801, 0]]]}, "properties": {"address": "121801, 742228"}},
{"type": "Feature", "geometry": {"type": "Polygon", "coordinates": [[[-43.356859, -22.837333, 0], [-43.356862, -22.837333, 0], [-43.356893, -22.837339, 0], [-43.357046, -22.837367, 0], [-43.357049, -22.837352, 0], [-43.357057, -22.837319, 0], [-43.357064, -22.837286, 0], [-43.357039, -22.837282, 0], [-43.356983, -22.837271, 0], [-43.356924, -22.83726, 0], [-43.356911, -22.837258, 0], [-43.35684, -22.837244, 0], [-43.356826, -22.837242, 0], [-43.356814, -22.837297, 0], [-43.356809, -22.837321, 0], [-43.356808, -22.837323, 0], [-43.356859, -22.837333, 0]]]}, "properties": {"address": "121801, 742151"}},
{"type": "Feature", "geometry": {"type": "Polygon", "coordinates": [[[-43.356791, -22.837402, 0], [-43.356846, -22.837412, 0], [-43.356848, -22.837412, 0], [-43.356882, -22.837418, 0], [-43.356972, -22.837435, 0], [-43.356985, -22.837437, 0], [-43.357029, -22.837446, 0], [-43.357044, -22.837378, 0], [-43.357046, -22.837367, 0], [-43.356893, -22.837339, 0], [-43.356862, -22.837333, 0], [-43.356859, -22.837333, 0], [-43.356808, -22.837323, 0], [-43.356802, -22.837351, 0], [-43.356791, -22.837402, 0]]]}, "properties": {"address": "121801, 742177"}},
{"type": "Feature", "geometry": {"type": "Polygon", "coordinates": [[[-43.356761, -22.837544, 0], [-43.356757, -22.837562, 0], [-43.356812, -22.837572, 0], [-43.356831, -22.837575, 0], [-43.35686, -22.837581, 0], [-43.356969, -22.837601, 0], [-43.356995, -22.837606, 0], [-43.357011, -22.837529, 0], [-43.357012, -22.837526, 0], [-43.356988, -22.837522, 0], [-43.356984, -22.837521, 0], [-43.356849, -22.837496, 0], [-43.35683, -22.837493, 0], [-43.356774, -22.837482, 0], [-43.356763, -22.837536, 0], [-43.356761, -22.837544, 0]]]}, "properties": {"address": "121801, 742252"}},
{"type": "Feature", "geometry": {"type": "Polygon", "coordinates": [[[-43.35674, -22.837641, 0], [-43.356795, -22.837651, 0], [-43.356918, -22.837673, 0], [-43.356978, -22.837685, 0], [-43.356983, -22.837663, 0], [-43.356994, -22.837607, 0], [-43.356995, -22.837606, 0], [-43.356969, -22.837601, 0], [-43.35686, -22.837581, 0], [-43.356831, -22.837575, 0], [-43.356812, -22.837572, 0], [-43.356757, -22.837562, 0], [-43.356757, -22.837563, 0], [-43.35674, -22.837641, 0]]]}, "properties": {"address": "121801, 742324"}},
{"type": "Feature", "geometry": {"type": "Polygon", "coordinates": [[[-43.356779, -22.837733, 0], [-43.356961, -22.837767, 0], [-43.356972, -22.837713, 0], [-43.356978, -22.837685, 0], [-43.356918, -22.837673, 0], [-43.356795, -22.837651, 0], [-43.35674, -22.837641, 0], [-43.356723, -22.837722, 0], [-43.356779, -22.837733, 0]]]}, "properties": {"address": "121801, 52297"}},
{"type": "Feature", "geometry": {"type": "Polygon", "coordinates": [[[-43.357338, -22.837503, 0], [-43.357385, -22.837512, 0], [-43.357402, -22.837432, 0], [-43.357321, -22.837417, 0], [-43.357182, -22.837391, 0], [-43.357163, -22.837387, 0], [-43.357145, -22.837467, 0], [-43.357171, -22.837472, 0], [-43.357174, -22.837473, 0], [-43.357208, -22.837479, 0], [-43.357276, -22.837492, 0], [-43.357304, -22.837497, 0], [-43.357338, -22.837503, 0]]]}, "properties": {"address": "121801, 742227"}},
{"type": "Feature", "geometry": {"type": "Polygon", "coordinates": [[[-43.357199, -22.837229, 0], [-43.357299, -22.837248, 0], [-43.35731, -22.83725, 0], [-43.357352, -22.837258, 0], [-43.357368, -22.837261, 0], [-43.357409, -22.837269, 0], [-43.357437, -22.837274, 0], [-43.357444, -22.837239, 0], [-43.357448, -22.837222, 0], [-43.357454, -22.837194, 0], [-43.357417, -22.837187, 0], [-43.357324, -22.83717, 0], [-43.357271, -22.83716, 0], [-43.357268, -22.83716, 0], [-43.357216, -22.83715, 0], [-43.35721, -22.837176, 0], [-43.357199, -22.837229, 0]]]}, "properties": {"address": "121801, 742253"}},
{"type": "Feature", "geometry": {"type": "Polygon", "coordinates": [[[-43.357182, -22.837391, 0], [-43.357321, -22.837417, 0], [-43.357402, -22.837432, 0], [-43.357416, -22.837369, 0], [-43.35742, -22.837353, 0], [-43.357392, -22.837347, 0], [-43.357378, -22.837345, 0], [-43.357338, -22.837337, 0], [-43.357297, -22.83733, 0], [-43.357239, -22.837319, 0], [-43.357227, -22.837317, 0], [-43.357209, -22.837313, 0], [-43.357181, -22.837308, 0], [-43.357163, -22.837387, 0], [-43.357182, -22.837391, 0]]]}, "properties": {"address": "121801, 742275"}},
{"type": "Feature", "geometry": {"type": "Polygon", "coordinates": [[[-43.358632, -22.836846, 0], [-43.358615, -22.836858, 0], [-43.358765, -22.837037, 0], [-43.358773, -22.837031, 0], [-43.358776, -22.837031, 0], [-43.358836, -22.836988, 0], [-43.358684, -22.836808, 0], [-43.358657, -22.836828, 0], [-43.358632, -22.836846, 0]]]}, "properties": {"address": "122613, 669347"}},
{"type": "Feature", "geometry": {"type": "Polygon", "coordinates": [[[-43.357276, -22.837492, 0], [-43.357208, -22.837479, 0], [-43.357174, -22.837473, 0], [-43.357171, -22.837472, 0], [-43.357145, -22.837467, 0], [-43.35713, -22.837533, 0], [-43.357127, -22.837547, 0], [-43.357152, -22.837552, 0], [-43.357279, -22.837576, 0], [-43.357367, -22.837593, 0], [-43.357368, -22.837591, 0], [-43.357384, -22.837516, 0], [-43.357385, -22.837512, 0], [-43.357338, -22.837503, 0], [-43.357304, -22.837497, 0], [-43.357276, -22.837492, 0]]]}, "properties": {"address": "121801, 669300"}},
{"type": "Feature", "geometry": {"type": "Polygon", "coordinates": [[[-43.356774, -22.837482, 0], [-43.35683, -22.837493, 0], [-43.356849, -22.837496, 0], [-43.356984, -22.837521, 0], [-43.356988, -22.837522, 0], [-43.357012, -22.837526, 0], [-43.357029, -22.837446, 0], [-43.356985, -22.837437, 0], [-43.356972, -22.837435, 0], [-43.356882, -22.837418, 0], [-43.356848, -22.837412, 0], [-43.356846, -22.837412, 0], [-43.356791, -22.837402, 0], [-43.356775, -22.83748, 0], [-43.356774, -22.837482, 0]]]}, "properties": {"address": "121801, 922893"}},
{"type": "Feature", "geometry": {"type": "Polygon", "coordinates": [[[-43.357186, -22.837287, 0], [-43.357181, -22.837308, 0], [-43.357209, -22.837313, 0], [-43.357227, -22.837317, 0], [-43.357239, -22.837319, 0], [-43.357297, -22.83733, 0], [-43.357338, -22.837337, 0], [-43.357378, -22.837345, 0], [-43.357392, -22.837347, 0], [-43.35742, -22.837353, 0], [-43.357421, -22.837344, 0], [-43.357422, -22.837343, 0], [-43.357437, -22.837274, 0], [-43.357409, -22.837269, 0], [-43.357368, -22.837261, 0], [-43.357352, -22.837258, 0], [-43.35731, -22.83725, 0], [-43.357299, -22.837248, 0], [-43.357199, -22.837229, 0], [-43.357191, -22.837266, 0], [-43.357186, -22.837287, 0]]]}, "properties": {"address": "121801, 922878"}},
{"type": "Feature", "geometry": {"type": "Polygon", "coordinates": [[[-43.356948, -22.836685, 0], [-43.357008, -22.836697, 0], [-43.357165, -22.836726, 0], [-43.357186, -22.83673, 0], [-43.357187, -22.836725, 0], [-43.357204, -22.83665, 0], [-43.357204, -22.836648, 0], [-43.357183, -22.836645, 0], [-43.357181, -22.836644, 0], [-43.357063, -22.836623, 0], [-43.357039, -22.836619, 0], [-43.357018, -22.836615, 0], [-43.356965, -22.836606, 0], [-43.35695, -22.836676, 0], [-43.356948, -22.836685, 0]]]}, "properties": {"address": "121801, 921260"}},
{"type": "Feature", "geometry": {"type": "Polygon", "coordinates": [[[-43.356879, -22.837002, 0], [-43.356878, -22.837004, 0], [-43.356902, -22.837008, 0], [-43.357117, -22.837049, 0], [-43.357134, -22.836975, 0], [-43.357133, -22.836968, 0], [-43.357106, -22.836963, 0], [-43.356989, -22.836939, 0], [-43.356974, -22.836936, 0], [-43.356972, -22.836935, 0], [-43.356938, -22.836929, 0], [-43.356896, -22.83692, 0], [-43.356895, -22.836925, 0], [-43.356879, -22.837002, 0]]]}, "properties": {"address": "121801, 742322"}},
{"type": "Feature", "geometry": {"type": "Polygon", "coordinates": [[[-43.356861, -22.837083, 0], [-43.356866, -22.837084, 0], [-43.356962, -22.837102, 0], [-43.356976, -22.837104, 0], [-43.35701, -22.837111, 0], [-43.357073, -22.837122, 0], [-43.357099, -22.837127, 0], [-43.357117, -22.837049, 0], [-43.356902, -22.837008, 0], [-43.356878, -22.837004, 0], [-43.356875, -22.837018, 0], [-43.356861, -22.837083, 0]]]}, "properties": {"address": "121801, 742323"}},
{"type": "Feature", "geometry": {"type": "Polygon", "coordinates": [[[-43.356896, -22.83692, 0], [-43.356938, -22.836929, 0], [-43.356972, -22.836935, 0], [-43.356974, -22.836936, 0], [-43.356989, -22.836939, 0], [-43.357106, -22.836963, 0], [-43.357133, -22.836968, 0], [-43.357152, -22.836889, 0], [-43.357139, -22.836887, 0], [-43.357105, -22.836881, 0], [-43.356995, -22.836861, 0], [-43.356964, -22.836855, 0], [-43.356957, -22.836854, 0], [-43.356913, -22.836846, 0], [-43.356901, -22.836897, 0], [-43.356896, -22.83692, 0]]]}, "properties": {"address": "121801, 742250"}},
{"type": "Feature", "geometry": {"type": "Polygon", "coordinates": [[[-43.356878, -22.837168, 0], [-43.356912, -22.837174, 0], [-43.356927, -22.837177, 0], [-43.356941, -22.837179, 0], [-43.356975, -22.837185, 0], [-43.357057, -22.837199, 0], [-43.357082, -22.837204, 0], [-43.357099, -22.837127, 0], [-43.357073, -22.837122, 0], [-43.35701, -22.837111, 0], [-43.356976, -22.837104, 0], [-43.356962, -22.837102, 0], [-43.356866, -22.837084, 0], [-43.356861, -22.837083, 0], [-43.356844, -22.837162, 0], [-43.356878, -22.837168, 0]]]}, "properties": {"address": "121801, 742226"}},
{"type": "Feature", "geometry": {"type": "Polygon", "coordinates": [[[-43.35726, -22.837073, 0], [-43.357271, -22.837075, 0], [-43.357377, -22.837096, 0], [-43.357406, -22.837101, 0], [-43.357417, -22.837103, 0], [-43.357441, -22.837108, 0], [-43.357472, -22.837114, 0], [-43.35749, -22.837035, 0], [-43.357453, -22.837028, 0], [-43.357395, -22.837018, 0], [-43.35725, -22.836992, 0], [-43.357234, -22.837068, 0], [-43.35726, -22.837073, 0]]]}, "properties": {"address": "121801, 742374"}},
{"type": "Feature", "geometry": {"type": "Polygon", "coordinates": [[[-43.357216, -22.83715, 0], [-43.357268, -22.83716, 0], [-43.357271, -22.83716, 0], [-43.357324, -22.83717, 0], [-43.357417, -22.837187, 0], [-43.357454, -22.837194, 0], [-43.357467, -22.837139, 0], [-43.357472, -22.837114, 0], [-43.357441, -22.837108, 0], [-43.357417, -22.837103, 0], [-43.357406, -22.837101, 0], [-43.357377, -22.837096, 0], [-43.357271, -22.837075, 0], [-43.35726, -22.837073, 0], [-43.357234, -22.837068, 0], [-43.357216, -22.837149, 0], [-43.357216, -22.83715, 0]]]}, "properties": {"address": "121801, 742251"}},
{"type": "Feature", "geometry": {"type": "Polygon", "coordinates": [[[-43.357395, -22.837018, 0], [-43.357453, -22.837028, 0], [-43.35749, -22.837035, 0], [-43.357502, -22.836976, 0], [-43.357506, -22.836958, 0], [-43.357289, -22.836915, 0], [-43.357267, -22.836911, 0], [-43.35725, -22.836992, 0], [-43.357395, -22.837018, 0]]]}, "properties": {"address": "121801, 437025"}},
{"type": "Feature", "geometry": {"type": "Polygon", "coordinates": [[[-43.356913, -22.836846, 0], [-43.356957, -22.836854, 0], [-43.356964, -22.836855, 0], [-43.356995, -22.836861, 0], [-43.357105, -22.836881, 0], [-43.357139, -22.836887, 0], [-43.357152, -22.836889, 0], [-43.357152, -22.836888, 0], [-43.357156, -22.83687, 0], [-43.35717, -22.836806, 0], [-43.357145, -22.836802, 0], [-43.35706, -22.836787, 0], [-43.357039, -22.836784, 0], [-43.357015, -22.83678, 0], [-43.356993, -22.836776, 0], [-43.356981, -22.836774, 0], [-43.35693, -22.836765, 0], [-43.356913, -22.836844, 0], [-43.356913, -22.836846, 0]]]}, "properties": {"address": "121801, 742248"}},
{"type": "Feature", "geometry": {"type": "Polygon", "coordinates": [[[-43.35693, -22.836765, 0], [-43.356981, -22.836774, 0], [-43.356993, -22.836776, 0], [-43.357015, -22.83678, 0], [-43.357039, -22.836784, 0], [-43.35706, -22.836787, 0], [-43.357145, -22.836802, 0], [-43.35717, -22.836806, 0], [-43.357186, -22.83673, 0], [-43.357165, -22.836726, 0], [-43.357008, -22.836697, 0], [-43.356948, -22.836685, 0], [-43.35694, -22.836723, 0], [-43.35693, -22.836765, 0]]]}, "properties": {"address": "121801, 742270"}},
{"type": "Feature", "geometry": {"type": "Polygon", "coordinates": [[[-43.357069, -22.836541, 0], [-43.357055, -22.836539, 0], [-43.35705, -22.836538, 0], [-43.357033, -22.836534, 0], [-43.356983, -22.836525, 0], [-43.356982, -22.836527, 0], [-43.356965, -22.836606, 0], [-43.357018, -22.836615, 0], [-43.357039, -22.836619, 0], [-43.357063, -22.836623, 0], [-43.357181, -22.836644, 0], [-43.357183, -22.836645, 0], [-43.357204, -22.836648, 0], [-43.357221, -22.83657, 0], [-43.357197, -22.836565, 0], [-43.357069, -22.836541, 0]]]}, "properties": {"address": "121801, 742153"}},
{"type": "Feature", "geometry": {"type": "Polygon", "coordinates": [[[-43.358928, -22.837076, 0], [-43.358931, -22.837077, 0], [-43.358989, -22.837002, 0], [-43.358931, -22.83697, 0], [-43.358843, -22.837051, 0], [-43.358928, -22.837076, 0]]]}, "properties": {"address": "122613, 0"}},
{"type": "Feature", "geometry": {"type": "Polygon", "coordinates": [[[-43.357221, -22.83657, 0], [-43.357227, -22.836546, 0], [-43.357239, -22.836491, 0], [-43.357213, -22.836486, 0], [-43.357153, -22.836475, 0], [-43.357085, -22.836462, 0], [-43.357061, -22.836458, 0], [-43.357029, -22.836452, 0], [-43.357, -22.836446, 0], [-43.356983, -22.836525, 0], [-43.357033, -22.836534, 0], [-43.35705, -22.836538, 0], [-43.357055, -22.836539, 0], [-43.357069, -22.836541, 0], [-43.357197, -22.836565, 0], [-43.357221, -22.83657, 0]]]}, "properties": {"address": "121801, 742190"}},
{"type": "Feature", "geometry": {"type": "Polygon", "coordinates": [[[-43.357518, -22.836626, 0], [-43.357574, -22.836637, 0], [-43.357592, -22.836555, 0], [-43.357546, -22.836547, 0], [-43.357535, -22.836545, 0], [-43.357504, -22.836539, 0], [-43.3575, -22.836539, 0], [-43.357441, -22.836528, 0], [-43.357383, -22.836517, 0], [-43.357353, -22.836512, 0], [-43.357336, -22.836592, 0], [-43.357518, -22.836626, 0]]]}, "properties": {"address": "121801, 742271"}},
{"type": "Feature", "geometry": {"type": "Polygon", "coordinates": [[[-43.357518, -22.836626, 0], [-43.357336, -22.836592, 0], [-43.357336, -22.836594, 0], [-43.357318, -22.836671, 0], [-43.357501, -22.836705, 0], [-43.357557, -22.836716, 0], [-43.357574, -22.836637, 0], [-43.357518, -22.836626, 0]]]}, "properties": {"address": "121801, 742272"}},
{"type": "Feature", "geometry": {"type": "Polygon", "coordinates": [[[-43.357289, -22.836915, 0], [-43.357506, -22.836958, 0], [-43.357506, -22.836956, 0], [-43.357523, -22.836876, 0], [-43.357524, -22.836873, 0], [-43.357459, -22.836862, 0], [-43.357306, -22.836835, 0], [-43.357284, -22.836831, 0], [-43.357267, -22.836911, 0], [-43.357289, -22.836915, 0]]]}, "properties": {"address": "121801, 742149"}},
{"type": "Feature", "geometry": {"type": "Polygon", "coordinates": [[[-43.357292, -22.836789, 0], [-43.357284, -22.836831, 0], [-43.357306, -22.836835, 0], [-43.357459, -22.836862, 0], [-43.357524, -22.836873, 0], [-43.357531, -22.836835, 0], [-43.357532, -22.836833, 0], [-43.35748, -22.836824, 0], [-43.357411, -22.836811, 0], [-43.357292, -22.836789, 0]]]}, "properties": {"address": "121801, 49019"}},
{"type": "Feature", "geometry": {"type": "Polygon", "coordinates": [[[-43.35748, -22.836824, 0], [-43.357532, -22.836833, 0], [-43.35754, -22.836794, 0], [-43.357488, -22.836785, 0], [-43.357471, -22.836783, 0], [-43.357462, -22.836781, 0], [-43.357418, -22.836774, 0], [-43.357412, -22.836773, 0], [-43.357327, -22.836758, 0], [-43.3573, -22.836754, 0], [-43.357292, -22.836789, 0], [-43.357411, -22.836811, 0], [-43.35748, -22.836824, 0]]]}, "properties": {"address": "121801, 669314"}},
{"type": "Feature", "geometry": {"type": "Polygon", "coordinates": [[[-43.357383, -22.836517, 0], [-43.357441, -22.836528, 0], [-43.3575, -22.836539, 0], [-43.357504, -22.836539, 0], [-43.357535, -22.836545, 0], [-43.357546, -22.836547, 0], [-43.357592, -22.836555, 0], [-43.357608, -22.836481, 0], [-43.357608, -22.836478, 0], [-43.357553, -22.836468, 0], [-43.357551, -22.836467, 0], [-43.357529, -22.836463, 0], [-43.357525, -22.836463, 0], [-43.35737, -22.836434, 0], [-43.357353, -22.836512, 0], [-43.357383, -22.836517, 0]]]}, "properties": {"address": "121801, 742249"}},
{"type": "Feature", "geometry": {"type": "Polygon", "coordinates": [[[-43.357315, -22.836689, 0], [-43.3573, -22.836754, 0], [-43.357327, -22.836758, 0], [-43.357412, -22.836773, 0], [-43.357418, -22.836774, 0], [-43.357462, -22.836781, 0], [-43.357471, -22.836783, 0], [-43.357482, -22.83673, 0], [-43.357485, -22.836717, 0], [-43.357465, -22.836713, 0], [-43.357341, -22.836689, 0], [-43.357316, -22.836684, 0], [-43.357315, -22.836688, 0], [-43.357315, -22.836689, 0]]]}, "properties": {"address": "121801, 922894"}},
{"type": "Feature", "geometry": {"type": "Polygon", "coordinates": [[[-43.357341, -22.836689, 0], [-43.357465, -22.836713, 0], [-43.357485, -22.836717, 0], [-43.357482, -22.83673, 0], [-43.357471, -22.836783, 0], [-43.357488, -22.836785, 0], [-43.35754, -22.836794, 0], [-43.357557, -22.836716, 0], [-43.357501, -22.836705, 0], [-43.357318, -22.836671, 0], [-43.357316, -22.836684, 0], [-43.357341, -22.836689, 0]]]}, "properties": {"address": "121801, 0"}},
{"type": "Feature", "geometry": {"type": "Polygon", "coordinates": [[[-43.357029, -22.836452, 0], [-43.357061, -22.836458, 0], [-43.357085, -22.836462, 0], [-43.357153, -22.836475, 0], [-43.357213, -22.836486, 0], [-43.357239, -22.836491, 0], [-43.357239, -22.83649, 0], [-43.357257, -22.836411, 0], [-43.357231, -22.836406, 0], [-43.357202, -22.836401, 0], [-43.357134, -22.836388, 0], [-43.357076, -22.836377, 0], [-43.35707, -22.836376, 0], [-43.357055, -22.836373, 0], [-43.357017, -22.836366, 0], [-43.357, -22.836446, 0], [-43.357029, -22.836452, 0]]]}, "properties": {"address": "121801, 742320"}},
{"type": "Feature", "geometry": {"type": "Polygon", "coordinates": [[[-43.357052, -22.836209, 0], [-43.357117, -22.83622, 0], [-43.357131, -22.836223, 0], [-43.357135, -22.836224, 0], [-43.35727, -22.836247, 0], [-43.357294, -22.836251, 0], [-43.357294, -22.836249, 0], [-43.35731, -22.836173, 0], [-43.357156, -22.836144, 0], [-43.357132, -22.83614, 0], [-43.35707, -22.836128, 0], [-43.357066, -22.836143, 0], [-43.357052, -22.836209, 0]]]}, "properties": {"address": "121801, 742222"}},
{"type": "Feature", "geometry": {"type": "Polygon", "coordinates": [[[-43.357066, -22.836292, 0], [-43.357108, -22.8363, 0], [-43.357151, -22.836308, 0], [-43.3572, -22.836317, 0], [-43.357203, -22.836318, 0], [-43.357254, -22.836327, 0], [-43.357275, -22.836331, 0], [-43.357294, -22.836251, 0], [-43.35727, -22.836247, 0], [-43.357135, -22.836224, 0], [-43.357131, -22.836223, 0], [-43.357117, -22.83622, 0], [-43.357052, -22.836209, 0], [-43.357035, -22.836286, 0], [-43.357066, -22.836292, 0]]]}, "properties": {"address": "121801, 742268"}},
{"type": "Feature", "geometry": {"type": "Polygon", "coordinates": [[[-43.357026, -22.836326, 0], [-43.357017, -22.836366, 0], [-43.357055, -22.836373, 0], [-43.35707, -22.836376, 0], [-43.357076, -22.836377, 0], [-43.357134, -22.836388, 0], [-43.357202, -22.836401, 0], [-43.357231, -22.836406, 0], [-43.357257, -22.836411, 0], [-43.357275, -22.836331, 0], [-43.357254, -22.836327, 0], [-43.357203, -22.836318, 0], [-43.3572, -22.836317, 0], [-43.357151, -22.836308, 0], [-43.357108, -22.8363, 0], [-43.357066, -22.836292, 0], [-43.357035, -22.836286, 0], [-43.357035, -22.836288, 0], [-43.357026, -22.836326, 0]]]}, "properties": {"address": "121801, 742269"}},
{"type": "Feature", "geometry": {"type": "Polygon", "coordinates": [[[-43.357648, -22.836302, 0], [-43.357654, -22.836277, 0], [-43.357662, -22.836239, 0], [-43.357662, -22.836238, 0], [-43.357627, -22.836231, 0], [-43.357573, -22.836221, 0], [-43.357548, -22.836217, 0], [-43.357467, -22.836202, 0], [-43.357453, -22.8362, 0], [-43.357423, -22.836194, 0], [-43.357416, -22.836227, 0], [-43.357405, -22.836272, 0], [-43.357434, -22.836278, 0], [-43.357451, -22.836281, 0], [-43.357538, -22.836298, 0], [-43.357557, -22.836301, 0], [-43.35756, -22.836302, 0], [-43.357567, -22.836303, 0], [-43.357587, -22.836307, 0], [-43.357601, -22.83631, 0], [-43.357608, -22.836311, 0], [-43.357644, -22.836318, 0], [-43.357648, -22.836302, 0]]]}, "properties": {"address": "121801, 742378"}},
{"type": "Feature", "geometry": {"type": "Polygon", "coordinates": [[[-43.357398, -22.836305, 0], [-43.357387, -22.836352, 0], [-43.35742, -22.836358, 0], [-43.357469, -22.836366, 0], [-43.357566, -22.836383, 0], [-43.357572, -22.836384, 0], [-43.357628, -22.836393, 0], [-43.357644, -22.836318, 0], [-43.357608, -22.836311, 0], [-43.357601, -22.83631, 0], [-43.357587, -22.836307, 0], [-43.357567, -22.836303, 0], [-43.35756, -22.836302, 0], [-43.357557, -22.836301, 0], [-43.357538, -22.836298, 0], [-43.357451, -22.836281, 0], [-43.357434, -22.836278, 0], [-43.357405, -22.836272, 0], [-43.357405, -22.836274, 0], [-43.357398, -22.836305, 0]]]}, "properties": {"address": "121801, 742321"}},
{"type": "Feature", "geometry": {"type": "Polygon", "coordinates": [[[-43.357378, -22.836397, 0], [-43.35737, -22.836434, 0], [-43.357525, -22.836463, 0], [-43.357529, -22.836463, 0], [-43.357551, -22.836467, 0], [-43.357553, -22.836468, 0], [-43.357608, -22.836478, 0], [-43.357627, -22.836397, 0], [-43.357628, -22.836393, 0], [-43.357572, -22.836384, 0], [-43.357566, -22.836383, 0], [-43.357469, -22.836366, 0], [-43.35742, -22.836358, 0], [-43.357387, -22.836352, 0], [-43.357387, -22.836354, 0], [-43.357378, -22.836397, 0]]]}, "properties": {"address": "121801, 742247"}},
{"type": "Feature", "geometry": {"type": "Polygon", "coordinates": [[[-43.35743, -22.836166, 0], [-43.357423, -22.836194, 0], [-43.357453, -22.8362, 0], [-43.357467, -22.836202, 0], [-43.357548, -22.836217, 0], [-43.357573, -22.836221, 0], [-43.357627, -22.836231, 0], [-43.357662, -22.836238, 0], [-43.357663, -22.836235, 0], [-43.357679, -22.83616, 0], [-43.35768, -22.836156, 0], [-43.357632, -22.836148, 0], [-43.357496, -22.836124, 0], [-43.35747, -22.836119, 0], [-43.357442, -22.836115, 0], [-43.357434, -22.836147, 0], [-43.35743, -22.836166, 0]]]}, "properties": {"address": "121801, 742192"}},
{"type": "Feature", "geometry": {"type": "Polygon", "coordinates": [[[-43.357179, -22.836012, 0], [-43.357163, -22.836105, 0], [-43.357158, -22.836131, 0], [-43.357156, -22.836144, 0], [-43.35731, -22.836173, 0], [-43.357324, -22.836107, 0], [-43.357325, -22.836096, 0], [-43.357324, -22.836084, 0], [-43.357321, -22.836073, 0], [-43.357316, -22.836063, 0], [-43.357311, -22.836054, 0], [-43.357306, -22.836046, 0], [-43.3573, -22.836038, 0], [-43.357293, -22.836031, 0], [-43.357286, -22.836025, 0], [-43.357277, -22.836019, 0], [-43.357269, -22.836014, 0], [-43.35726, -22.836009, 0], [-43.357232, -22.836007, 0], [-43.35723, -22.836006, 0], [-43.357182, -22.836012, 0], [-43.357179, -22.836012, 0]]]}, "properties": {"address": "121801, 742221"}},
{"type": "Feature", "geometry": {"type": "Polygon", "coordinates": [[[-43.357442, -22.836115, 0], [-43.35747, -22.836119, 0], [-43.357496, -22.836124, 0], [-43.357632, -22.836148, 0], [-43.35768, -22.836156, 0], [-43.357688, -22.83612, 0], [-43.357697, -22.836079, 0], [-43.357645, -22.836069, 0], [-43.35756, -22.836053, 0], [-43.357462, -22.836034, 0], [-43.357452, -22.836074, 0], [-43.357442, -22.836115, 0]]]}, "properties": {"address": "121801, 742195"}},
{"type": "Feature", "geometry": {"type": "Polygon", "coordinates": [[[-43.358099, -22.835547, 0], [-43.3581, -22.835553, 0], [-43.358121, -22.835655, 0], [-43.358139, -22.83574, 0], [-43.358222, -22.835724, 0], [-43.358217, -22.835702, 0], [-43.358205, -22.835642, 0], [-43.358201, -22.835621, 0], [-43.358184, -22.835539, 0], [-43.358184, -22.835538, 0], [-43.358177, -22.835505, 0], [-43.358093, -22.83552, 0], [-43.358099, -22.835547, 0]]]}, "properties": {"address": "119277, 49252"}},
{"type": "Feature", "geometry": {"type": "Polygon", "coordinates": [[[-43.358014, -22.835567, 0], [-43.358025, -22.835629, 0], [-43.358034, -22.835677, 0], [-43.358046, -22.835738, 0], [-43.358049, -22.835757, 0], [-43.358075, -22.835752, 0], [-43.358139, -22.83574, 0], [-43.358121, -22.835655, 0], [-43.3581, -22.835553, 0], [-43.358099, -22.835547, 0], [-43.358093, -22.83552, 0], [-43.358053, -22.835527, 0], [-43.358059, -22.835512, 0], [-43.358005, -22.83552, 0], [-43.358014, -22.835567, 0]]]}, "properties": {"address": "119277, 430367"}},
{"type": "Feature", "geometry": {"type": "Polygon", "coordinates": [[[-43.358307, -22.835711, 0], [-43.358303, -22.835687, 0], [-43.358285, -22.835596, 0], [-43.358284, -22.835589, 0], [-43.358279, -22.835563, 0], [-43.358276, -22.835545, 0], [-43.358265, -22.835489, 0], [-43.358177, -22.835505, 0], [-43.358184, -22.835538, 0], [-43.358184, -22.835539, 0], [-43.358201, -22.835621, 0], [-43.358205, -22.835642, 0], [-43.358217, -22.835702, 0], [-43.358222, -22.835724, 0], [-43.358307, -22.835711, 0]]]}, "properties": {"address": "119277, 742244"}},
{"type": "Feature", "geometry": {"type": "Polygon", "coordinates": [[[-43.358168, -22.835857, 0], [-43.358155, -22.835865, 0], [-43.358142, -22.835875, 0], [-43.358131, -22.835886, 0], [-43.35812, -22.835898, 0], [-43.358112, -22.83591, 0], [-43.358155, -22.835917, 0], [-43.358263, -22.835912, 0], [-43.358262, -22.835895, 0], [-43.358257, -22.835831, 0], [-43.358168, -22.835857, 0]]]}, "properties": {"address": "119277, 669210"}},
{"type": "Feature", "geometry": {"type": "Polygon", "coordinates": [[[-43.358355, -22.835886, 0], [-43.358362, -22.835854, 0], [-43.358368, -22.835828, 0], [-43.358371, -22.835812, 0], [-43.358272, -22.835828, 0], [-43.358257, -22.835831, 0], [-43.358262, -22.835895, 0], [-43.358263, -22.835912, 0], [-43.358286, -22.835915, 0], [-43.358306, -22.835917, 0], [-43.358348, -22.835922, 0], [-43.358354, -22.835891, 0], [-43.358355, -22.835886, 0]]]}, "properties": {"address": "119277, 669326"}},
{"type": "Feature", "geometry": {"type": "Polygon", "coordinates": [[[-43.358425, -22.835905, 0], [-43.358449, -22.83591, 0], [-43.358461, -22.835854, 0], [-43.358475, -22.835795, 0], [-43.358452, -22.835799, 0], [-43.358371, -22.835812, 0], [-43.358368, -22.835828, 0], [-43.358362, -22.835854, 0], [-43.358355, -22.835886, 0], [-43.358354, -22.835891, 0], [-43.358425, -22.835905, 0]]]}, "properties": {"address": "119277, 667867"}},
{"type": "Feature", "geometry": {"type": "Polygon", "coordinates": [[[-43.358364, -22.83554, 0], [-43.358385, -22.835643, 0], [-43.358395, -22.835697, 0], [-43.358481, -22.835683, 0], [-43.358467, -22.835611, 0], [-43.358457, -22.835558, 0], [-43.358437, -22.83546, 0], [-43.358351, -22.835475, 0], [-43.358364, -22.83554, 0]]]}, "properties": {"address": "119277, 669228"}},
{"type": "Feature", "geometry": {"type": "Polygon", "coordinates": [[[-43.358457, -22.835558, 0], [-43.358467, -22.835611, 0], [-43.358481, -22.835683, 0], [-43.358482, -22.835683, 0], [-43.358569, -22.835668, 0], [-43.358557, -22.835609, 0], [-43.358549, -22.835569, 0], [-43.358538, -22.835512, 0], [-43.358533, -22.835489, 0], [-43.35853, -22.835471, 0], [-43.358525, -22.835446, 0], [-43.358522, -22.835446, 0], [-43.358461, -22.835456, 0], [-43.358438, -22.83546, 0], [-43.358457, -22.835558, 0]]]}, "properties": {"address": "119277, 742290"}},
{"type": "Feature", "geometry": {"type": "Polygon", "coordinates": [[[-43.358276, -22.835545, 0], [-43.358279, -22.835563, 0], [-43.358284, -22.835589, 0], [-43.358285, -22.835596, 0], [-43.358303, -22.835687, 0], [-43.358307, -22.835711, 0], [-43.358333, -22.835707, 0], [-43.358395, -22.835697, 0], [-43.358385, -22.835643, 0], [-43.358364, -22.83554, 0], [-43.358351, -22.835475, 0], [-43.358329, -22.835479, 0], [-43.358265, -22.835489, 0], [-43.358276, -22.835545, 0]]]}, "properties": {"address": "119277, 742245"}},
{"type": "Feature", "geometry": {"type": "Polygon", "coordinates": [[[-43.35853, -22.835471, 0], [-43.358533, -22.835489, 0], [-43.358538, -22.835512, 0], [-43.358549, -22.835569, 0], [-43.358557, -22.835609, 0], [-43.358569, -22.835668, 0], [-43.358655, -22.835653, 0], [-43.358647, -22.835615, 0], [-43.35864, -22.835576, 0], [-43.358629, -22.835524, 0], [-43.358624, -22.835498, 0], [-43.358621, -22.835484, 0], [-43.358619, -22.835476, 0], [-43.35861, -22.835432, 0], [-43.358525, -22.835446, 0], [-43.35853, -22.835471, 0]]]}, "properties": {"address": "119277, 863110"}},
{"type": "Feature", "geometry": {"type": "Polygon", "coordinates": [[[-43.358549, -22.83691, 0], [-43.358545, -22.836917, 0], [-43.358537, -22.836937, 0], [-43.358536, -22.836958, 0], [-43.358542, -22.836975, 0], [-43.358548, -22.836996, 0], [-43.358554, -22.837006, 0], [-43.35865, -22.837118, 0], [-43.358765, -22.837037, 0], [-43.358615, -22.836858, 0], [-43.358555, -22.836902, 0], [-43.358549, -22.83691, 0]]]}, "properties": {"address": "122613, 669349"}},
{"type": "Feature", "geometry": {"type": "Polygon", "coordinates": [[[-43.358776, -22.837031, 0], [-43.358843, -22.837051, 0], [-43.358931, -22.83697, 0], [-43.35889, -22.836948, 0], [-43.358836, -22.836988, 0], [-43.358776, -22.837031, 0]]]}, "properties": {"address": "122613, 0"}},
{"type": "Feature", "geometry": {"type": "Polygon", "coordinates": [[[-43.358904, -22.836938, 0], [-43.35889, -22.836948, 0], [-43.358931, -22.83697, 0], [-43.358989, -22.837002, 0], [-43.358931, -22.837077, 0], [-43.358986, -22.837097, 0], [-43.359142, -22.836943, 0], [-43.359153, -22.836933, 0], [-43.359142, -22.836926, 0], [-43.359023, -22.836851, 0], [-43.358974, -22.836886, 0], [-43.358904, -22.836938, 0]]]}, "properties": {"address": "122613, 0"}},
{"type": "Feature", "geometry": {"type": "Polygon", "coordinates": [[[-43.352077, -22.835621, 0], [-43.352066, -22.835619, 0], [-43.352056, -22.835657, 0], [-43.352024, -22.83579, 0], [-43.352013, -22.835835, 0], [-43.351981, -22.835976, 0], [-43.35196, -22.836059, 0], [-43.351998, -22.836067, 0], [-43.352072, -22.836081, 0], [-43.352118, -22.835892, 0], [-43.352177, -22.835641, 0], [-43.352077, -22.835621, 0]]]}, "properties": {"address": "121808, 741948"}},
{"type": "Feature", "geometry": {"type": "Polygon", "coordinates": [[[-43.352302, -22.836124, 0], [-43.352388, -22.835756, 0], [-43.3524, -22.835706, 0], [-43.352405, -22.835685, 0], [-43.352394, -22.835683, 0], [-43.352312, -22.835667, 0], [-43.3523, -22.835665, 0], [-43.352291, -22.835663, 0], [-43.352187, -22.836103, 0], [-43.352302, -22.836124, 0]]]}, "properties": {"address": "121808, 48090"}},
{"type": "Feature", "geometry": {"type": "Polygon", "coordinates": [[[-43.352394, -22.835731, 0], [-43.352388, -22.835756, 0], [-43.352302, -22.836124, 0], [-43.352402, -22.836142, 0], [-43.352425, -22.836052, 0], [-43.352437, -22.836006, 0], [-43.352515, -22.835706, 0], [-43.35241, -22.835686, 0], [-43.352405, -22.835685, 0], [-43.3524, -22.835706, 0], [-43.352394, -22.835731, 0]]]}, "properties": {"address": "121808, 669075"}},
{"type": "Feature", "geometry": {"type": "Polygon", "coordinates": [[[-43.352291, -22.835663, 0], [-43.352177, -22.835641, 0], [-43.352118, -22.835892, 0], [-43.352072, -22.836082, 0], [-43.352187, -22.836103, 0], [-43.352291, -22.835663, 0]]]}, "properties": {"address": "121808, 391934"}},
{"type": "Feature", "geometry": {"type": "Polygon", "coordinates": [[[-43.352291, -22.835542, 0], [-43.35232, -22.835548, 0], [-43.352387, -22.835562, 0], [-43.352449, -22.835321, 0], [-43.352299, -22.83529, 0], [-43.352236, -22.83553, 0], [-43.352291, -22.835542, 0]]]}, "properties": {"address": "121808, 742105"}},
{"type": "Feature", "geometry": {"type": "Polygon", "coordinates": [[[-43.352466, -22.83522, 0], [-43.352482, -22.835119, 0], [-43.352393, -22.835101, 0], [-43.352356, -22.835094, 0], [-43.352343, -22.835091, 0], [-43.352324, -22.835187, 0], [-43.352466, -22.83522, 0]]]}, "properties": {"address": "121808, 0"}},
{"type": "Feature", "geometry": {"type": "Polygon", "coordinates": [[[-43.352299, -22.83529, 0], [-43.352449, -22.835321, 0], [-43.352462, -22.835241, 0], [-43.352463, -22.835239, 0], [-43.352466, -22.83522, 0], [-43.352324, -22.835187, 0], [-43.352318, -22.835217, 0], [-43.352299, -22.83529, 0]]]}, "properties": {"address": "121808, 0"}},
{"type": "Feature", "geometry": {"type": "Polygon", "coordinates": [[[-43.352166, -22.835516, 0], [-43.352236, -22.83553, 0], [-43.352299, -22.83529, 0], [-43.352318, -22.835217, 0], [-43.352324, -22.835187, 0], [-43.352343, -22.835091, 0], [-43.352259, -22.835074, 0], [-43.352228, -22.835067, 0], [-43.35212, -22.835506, 0], [-43.352166, -22.835516, 0]]]}, "properties": {"address": "121808, 669110"}},
{"type": "Feature", "geometry": {"type": "Polygon", "coordinates": [[[-43.35249, -22.83558, 0], [-43.352523, -22.835587, 0], [-43.352554, -22.835451, 0], [-43.352579, -22.835355, 0], [-43.352553, -22.835349, 0], [-43.352501, -22.835338, 0], [-43.352503, -22.835331, 0], [-43.352449, -22.835321, 0], [-43.352387, -22.835562, 0], [-43.35249, -22.83558, 0]]]}, "properties": {"address": "121808, 921387"}},
{"type": "Feature", "geometry": {"type": "Polygon", "coordinates": [[[-43.352009, -22.835484, 0], [-43.35212, -22.835506, 0], [-43.352228, -22.835067, 0], [-43.352163, -22.835055, 0], [-43.352161, -22.835062, 0], [-43.352128, -22.835053, 0], [-43.352075, -22.835244, 0], [-43.352009, -22.835484, 0]]]}, "properties": {"address": "121808, 669109"}},
{"type": "Feature", "geometry": {"type": "Polygon", "coordinates": [[[-43.352501, -22.835338, 0], [-43.352553, -22.835349, 0], [-43.352579, -22.835355, 0], [-43.352554, -22.835451, 0], [-43.352523, -22.835587, 0], [-43.352812, -22.835642, 0], [-43.352847, -22.835495, 0], [-43.352899, -22.835268, 0], [-43.352899, -22.835265, 0], [-43.3529, -22.835262, 0], [-43.352835, -22.83525, 0], [-43.352766, -22.835236, 0], [-43.35269, -22.835218, 0], [-43.352531, -22.835182, 0], [-43.352503, -22.835331, 0], [-43.352501, -22.835338, 0]]]}, "properties": {"address": "121808, 922981"}},
{"type": "Feature", "geometry": {"type": "Polygon", "coordinates": [[[-43.357356, -22.837779, 0], [-43.357351, -22.837782, 0], [-43.357367, -22.837802, 0], [-43.3575, -22.837957, 0], [-43.35753, -22.837936, 0], [-43.357563, -22.837911, 0], [-43.35757, -22.837906, 0], [-43.357415, -22.837735, 0], [-43.357362, -22.837774, 0], [-43.357356, -22.837779, 0]]]}, "properties": {"address": "120677, 742344"}},
{"type": "Feature", "geometry": {"type": "Polygon", "coordinates": [[[-43.357432, -22.838007, 0], [-43.357434, -22.838005, 0], [-43.357472, -22.837977, 0], [-43.357494, -22.837961, 0], [-43.3575, -22.837957, 0], [-43.357367, -22.837802, 0], [-43.357351, -22.837782, 0], [-43.357283, -22.83783, 0], [-43.357432, -22.838007, 0]]]}, "properties": {"address": "120677, 669356"}},
{"type": "Feature", "geometry": {"type": "Polygon", "coordinates": [[[-43.35714, -22.837931, 0], [-43.357238, -22.838044, 0], [-43.357294, -22.838108, 0], [-43.357423, -22.838013, 0], [-43.357432, -22.838007, 0], [-43.357283, -22.83783, 0], [-43.357141, -22.837931, 0], [-43.35714, -22.837931, 0]]]}, "properties": {"address": "120677, 742347"}},
{"type": "Feature", "geometry": {"type": "Polygon", "coordinates": [[[-43.357705, -22.837522, 0], [-43.357816, -22.837651, 0], [-43.357874, -22.837608, 0], [-43.357763, -22.837479, 0], [-43.357739, -22.837497, 0], [-43.357705, -22.837522, 0]]]}, "properties": {"address": "120677, 742348"}},
{"type": "Feature", "geometry": {"type": "Polygon", "coordinates": [[[-43.357776, -22.837756, 0], [-43.357846, -22.837705, 0], [-43.357694, -22.837529, 0], [-43.357625, -22.83758, 0], [-43.357776, -22.837756, 0]]]}, "properties": {"address": "120677, 742342"}},
{"type": "Feature", "geometry": {"type": "Polygon", "coordinates": [[[-43.357557, -22.837629, 0], [-43.357706, -22.837807, 0], [-43.357715, -22.8378, 0], [-43.357776, -22.837756, 0], [-43.357625, -22.83758, 0], [-43.357571, -22.837619, 0], [-43.357557, -22.837629, 0]]]}, "properties": {"address": "120677, 173010"}},
{"type": "Feature", "geometry": {"type": "Polygon", "coordinates": [[[-43.357638, -22.837856, 0], [-43.357641, -22.837854, 0], [-43.357706, -22.837807, 0], [-43.357557, -22.837629, 0], [-43.357489, -22.83768, 0], [-43.357638, -22.837856, 0]]]}, "properties": {"address": "120677, 170209"}},
{"type": "Feature", "geometry": {"type": "Polygon", "coordinates": [[[-43.357421, -22.837344, 0], [-43.35742, -22.837353, 0], [-43.357416, -22.837369, 0], [-43.357484, -22.837382, 0], [-43.357534, -22.837392, 0], [-43.35756, -22.837397, 0], [-43.357602, -22.837405, 0], [-43.35764, -22.837413, 0], [-43.357672, -22.837334, 0], [-43.357675, -22.83732, 0], [-43.357578, -22.837301, 0], [-43.357556, -22.837297, 0], [-43.357521, -22.837291, 0], [-43.357469, -22.837281, 0], [-43.357437, -22.837274, 0], [-43.357422, -22.837343, 0], [-43.357421, -22.837344, 0]]]}, "properties": {"address": "120677, 742267"}},
{"type": "Feature", "geometry": {"type": "Polygon", "coordinates": [[[-43.357385, -22.837512, 0], [-43.357384, -22.837516, 0], [-43.357368, -22.837591, 0], [-43.357367, -22.837593, 0], [-43.357358, -22.837637, 0], [-43.357398, -22.837609, 0], [-43.357399, -22.837608, 0], [-43.357598, -22.837462, 0], [-43.3576, -22.83746, 0], [-43.35764, -22.837413, 0], [-43.357602, -22.837405, 0], [-43.35756, -22.837397, 0], [-43.357534, -22.837392, 0], [-43.357484, -22.837382, 0], [-43.357416, -22.837369, 0], [-43.357402, -22.837432, 0], [-43.357385, -22.837512, 0]]]}, "properties": {"address": "120677, 669299"}},
{"type": "Feature", "geometry": {"type": "Polygon", "coordinates": [[[-43.357113, -22.837641, 0], [-43.357117, -22.837656, 0], [-43.357124, -22.83767, 0], [-43.357132, -22.837683, 0], [-43.357142, -22.837695, 0], [-43.357154, -22.837704, 0], [-43.357167, -22.837711, 0], [-43.357174, -22.837714, 0], [-43.357182, -22.837716, 0], [-43.357189, -22.837718, 0], [-43.357205, -22.83772, 0], [-43.357221, -22.83772, 0], [-43.357229, -22.837719, 0], [-43.357243, -22.837715, 0], [-43.357257, -22.83771, 0], [-43.357283, -22.837691, 0], [-43.357312, -22.83767, 0], [-43.357358, -22.837637, 0], [-43.357367, -22.837593, 0], [-43.357279, -22.837576, 0], [-43.357152, -22.837552, 0], [-43.357127, -22.837547, 0], [-43.357127, -22.837548, 0], [-43.357113, -22.837641, 0]]]}, "properties": {"address": "120677, 406596"}},
{"type": "Feature", "geometry": {"type": "Polygon", "coordinates": [[[-43.358166, -22.83675, 0], [-43.358161, -22.83677, 0], [-43.358205, -22.836778, 0], [-43.358329, -22.836801, 0], [-43.358374, -22.836809, 0], [-43.358402, -22.836815, 0], [-43.358411, -22.83677, 0], [-43.358419, -22.836735, 0], [-43.358376, -22.836726, 0], [-43.35829, -22.83671, 0], [-43.358179, -22.836689, 0], [-43.358179, -22.836691, 0], [-43.358166, -22.83675, 0]]]}, "properties": {"address": "120676, 742213"}},
{"type": "Feature", "geometry": {"type": "Polygon", "coordinates": [[[-43.358374, -22.836809, 0], [-43.358329, -22.836801, 0], [-43.358205, -22.836778, 0], [-43.358161, -22.83677, 0], [-43.358143, -22.83685, 0], [-43.358142, -22.836858, 0], [-43.35819, -22.836867, 0], [-43.358208, -22.83687, 0], [-43.358227, -22.836874, 0], [-43.358259, -22.83688, 0], [-43.358324, -22.836893, 0], [-43.358331, -22.836894, 0], [-43.358357, -22.836899, 0], [-43.358371, -22.836879, 0], [-43.358383, -22.836859, 0], [-43.358393, -22.836837, 0], [-43.358402, -22.836815, 0], [-43.358374, -22.836809, 0]]]}, "properties": {"address": "120676, 742214"}},
{"type": "Feature", "geometry": {"type": "Polygon", "coordinates": [[[-43.35813, -22.836914, 0], [-43.358127, -22.836929, 0], [-43.35811, -22.837008, 0], [-43.358109, -22.837014, 0], [-43.358098, -22.837065, 0], [-43.358094, -22.837088, 0], [-43.358091, -22.8371, 0], [-43.358091, -22.837102, 0], [-43.358124, -22.837077, 0], [-43.358132, -22.837071, 0], [-43.358163, -22.837049, 0], [-43.358325, -22.836931, 0], [-43.358334, -22.836923, 0], [-43.358342, -22.836916, 0], [-43.35835, -22.836907, 0], [-43.358357, -22.836899, 0], [-43.358331, -22.836894, 0], [-43.358324, -22.836893, 0], [-43.358259, -22.83688, 0], [-43.358227, -22.836874, 0], [-43.358208, -22.83687, 0], [-43.35819, -22.836867, 0], [-43.358142, -22.836858, 0], [-43.35813, -22.836914, 0]]]}, "properties": {"address": "120676, 742379"}},
{"type": "Feature", "geometry": {"type": "Polygon", "coordinates": [[[-43.358091, -22.837102, 0], [-43.358091, -22.8371, 0], [-43.358094, -22.837088, 0], [-43.358076, -22.837084, 0], [-43.358055, -22.837081, 0], [-43.358028, -22.837076, 0], [-43.357998, -22.83707, 0], [-43.357919, -22.837056, 0], [-43.357909, -22.837054, 0], [-43.357855, -22.837045, 0], [-43.357844, -22.837108, 0], [-43.357847, -22.837121, 0], [-43.357849, -22.837128, 0], [-43.357852, -22.837135, 0], [-43.35786, -22.837147, 0], [-43.357865, -22.837154, 0], [-43.35787, -22.837159, 0], [-43.357876, -22.837164, 0], [-43.357883, -22.837169, 0], [-43.357889, -22.837173, 0], [-43.357896, -22.837177, 0], [-43.35791, -22.837183, 0], [-43.357925, -22.837186, 0], [-43.357934, -22.837187, 0], [-43.357944, -22.837187, 0], [-43.357954, -22.837186, 0], [-43.357963, -22.837185, 0], [-43.357973, -22.837182, 0], [-43.357982, -22.837179, 0], [-43.357991, -22.837175, 0], [-43.357999, -22.83717, 0], [-43.358081, -22.837109, 0], [-43.358082, -22.837108, 0], [-43.358091, -22.837102, 0]]]}, "properties": {"address": "120676, 742220"}},
{"type": "Feature", "geometry": {"type": "Polygon", "coordinates": [[[-43.353736, -22.835969, 0], [-43.353727, -22.835974, 0], [-43.353707, -22.83601, 0], [-43.353611, -22.836471, 0], [-43.353734, -22.836493, 0], [-43.353748, -22.836427, 0], [-43.353844, -22.835982, 0], [-43.353801, -22.835974, 0], [-43.353797, -22.835973, 0], [-43.353762, -22.835967, 0], [-43.353758, -22.835966, 0], [-43.353744, -22.835966, 0], [-43.353736, -22.835969, 0]]]}, "properties": {"address": "121611, 741957"}},
{"type": "Feature", "geometry": {"type": "Polygon", "coordinates": [[[-43.35367, -22.836792, 0], [-43.353682, -22.836737, 0], [-43.35356, -22.836714, 0], [-43.35355, -22.836767, 0], [-43.35367, -22.836792, 0]]]}, "properties": {"address": "121611, 0"}},
{"type": "Feature", "geometry": {"type": "Polygon", "coordinates": [[[-43.353561, -22.836711, 0], [-43.35356, -22.836714, 0], [-43.353682, -22.836737, 0], [-43.353734, -22.836493, 0], [-43.353611, -22.836471, 0], [-43.353573, -22.836653, 0], [-43.353561, -22.836711, 0]]]}, "properties": {"address": "121611, 668877"}},
{"type": "Feature", "geometry": {"type": "Polygon", "coordinates": [[[-43.353506, -22.83637, 0], [-43.353535, -22.836239, 0], [-43.353306, -22.836188, 0], [-43.353282, -22.836337, 0], [-43.353506, -22.83637, 0]]]}, "properties": {"address": "121611, 417540"}},
{"type": "Feature", "geometry": {"type": "Polygon", "coordinates": [[[-43.353535, -22.836239, 0], [-43.353581, -22.836029, 0], [-43.353351, -22.835982, 0], [-43.35334, -22.83598, 0], [-43.353306, -22.836188, 0], [-43.353535, -22.836239, 0]]]}, "properties": {"address": "121611, 669043"}},
{"type": "Feature", "geometry": {"type": "Polygon", "coordinates": [[[-43.353351, -22.835982, 0], [-43.353581, -22.836029, 0], [-43.353591, -22.835973, 0], [-43.353588, -22.835957, 0], [-43.353583, -22.835948, 0], [-43.353572, -22.835937, 0], [-43.353551, -22.835919, 0], [-43.353373, -22.835883, 0], [-43.35337, -22.835882, 0], [-43.353361, -22.835932, 0], [-43.353351, -22.835982, 0]]]}, "properties": {"address": "121611, 742089"}},
{"type": "Feature", "geometry": {"type": "Polygon", "coordinates": [[[-43.352618, -22.835884, 0], [-43.352641, -22.835725, 0], [-43.352607, -22.83572, 0], [-43.352546, -22.835712, 0], [-43.352543, -22.835711, 0], [-43.352515, -22.835706, 0], [-43.352476, -22.835856, 0], [-43.352618, -22.835884, 0]]]}, "properties": {"address": "122727, 0"}},
{"type": "Feature", "geometry": {"type": "Polygon", "coordinates": [[[-43.352425, -22.836052, 0], [-43.352495, -22.83607, 0], [-43.352511, -22.836074, 0], [-43.352546, -22.836087, 0], [-43.352587, -22.83599, 0], [-43.352609, -22.835925, 0], [-43.352618, -22.835884, 0], [-43.352476, -22.835856, 0], [-43.352437, -22.836006, 0], [-43.352425, -22.836052, 0]]]}, "properties": {"address": "122727, 0"}},
{"type": "Feature", "geometry": {"type": "Polygon", "coordinates": [[[-43.352602, -22.836066, 0], [-43.352641, -22.836074, 0], [-43.352693, -22.836085, 0], [-43.352692, -22.836089, 0], [-43.352769, -22.836113, 0], [-43.352833, -22.836129, 0], [-43.352833, -22.836128, 0], [-43.35284, -22.836088, 0], [-43.352794, -22.836078, 0], [-43.352751, -22.836067, 0], [-43.352673, -22.836048, 0], [-43.352617, -22.836032, 0], [-43.352603, -22.836063, 0], [-43.352602, -22.836066, 0]]]}, "properties": {"address": "122727, 0"}},
{"type": "Feature", "geometry": {"type": "Polygon", "coordinates": [[[-43.352673, -22.836048, 0], [-43.352751, -22.836067, 0], [-43.352794, -22.836078, 0], [-43.35284, -22.836088, 0], [-43.352853, -22.836014, 0], [-43.35279, -22.836, 0], [-43.352789, -22.836003, 0], [-43.352646, -22.835967, 0], [-43.352639, -22.835965, 0], [-43.352617, -22.836032, 0], [-43.352673, -22.836048, 0]]]}, "properties": {"address": "122727, 0"}},
{"type": "Feature", "geometry": {"type": "Polygon", "coordinates": [[[-43.353202, -22.837253, 0], [-43.353316, -22.837272, 0], [-43.353341, -22.837157, 0], [-43.353346, -22.837158, 0], [-43.353364, -22.837077, 0], [-43.353244, -22.837056, 0], [-43.353205, -22.837239, 0], [-43.353202, -22.837253, 0]]]}, "properties": {"address": "121612, 51351"}},
{"type": "Feature", "geometry": {"type": "Polygon", "coordinates": [[[-43.352399, -22.83616, 0], [-43.352421, -22.836164, 0], [-43.352398, -22.836236, 0], [-43.35247, -22.836255, 0], [-43.352504, -22.836178, 0], [-43.352504, -22.836177, 0], [-43.352533, -22.83612, 0], [-43.352546, -22.836087, 0], [-43.352511, -22.836074, 0], [-43.352495, -22.83607, 0], [-43.352425, -22.836052, 0], [-43.352402, -22.836142, 0], [-43.352399, -22.83616, 0]]]}, "properties": {"address": "122727, 0"}},
{"type": "Feature", "geometry": {"type": "Polygon", "coordinates": [[[-43.352834, -22.835884, 0], [-43.352873, -22.835892, 0], [-43.352873, -22.83589, 0], [-43.352884, -22.835875, 0], [-43.352883, -22.835846, 0], [-43.352879, -22.835804, 0], [-43.35286, -22.835766, 0], [-43.352859, -22.835765, 0], [-43.352853, -22.835753, 0], [-43.352808, -22.835743, 0], [-43.352722, -22.835724, 0], [-43.352678, -22.83585, 0], [-43.352834, -22.835884, 0]]]}, "properties": {"address": "122727, 0"}},
{"type": "Feature", "geometry": {"type": "Polygon", "coordinates": [[[-43.352671, -22.835893, 0], [-43.352646, -22.835967, 0], [-43.352789, -22.836003, 0], [-43.35279, -22.836, 0], [-43.352853, -22.836014, 0], [-43.352864, -22.835956, 0], [-43.352864, -22.835953, 0], [-43.352873, -22.835892, 0], [-43.352834, -22.835884, 0], [-43.352678, -22.83585, 0], [-43.352663, -22.835891, 0], [-43.352671, -22.835893, 0]]]}, "properties": {"address": "122727, 0"}},
{"type": "Feature", "geometry": {"type": "Polygon", "coordinates": [[[-43.354751, -22.838006, 0], [-43.35475, -22.838007, 0], [-43.354747, -22.838022, 0], [-43.354742, -22.838046, 0], [-43.354748, -22.838047, 0], [-43.354918, -22.838079, 0], [-43.354925, -22.83808, 0], [-43.354991, -22.838093, 0], [-43.355002, -22.838095, 0], [-43.355043, -22.838103, 0], [-43.355054, -22.83804, 0], [-43.355055, -22.838035, 0], [-43.35506, -22.838008, 0], [-43.354905, -22.837978, 0], [-43.354807, -22.83796, 0], [-43.354762, -22.837951, 0], [-43.354755, -22.837984, 0], [-43.354751, -22.838006, 0]]]}, "properties": {"address": "121805, 669278"}},
{"type": "Feature", "geometry": {"type": "Polygon", "coordinates": [[[-43.35514, -22.837997, 0], [-43.355066, -22.837982, 0], [-43.355, -22.83797, 0], [-43.35494, -22.837958, 0], [-43.354809, -22.837934, 0], [-43.354806, -22.837934, 0], [-43.354768, -22.837926, 0], [-43.354762, -22.837951, 0], [-43.354807, -22.83796, 0], [-43.354905, -22.837978, 0], [-43.35506, -22.838008, 0], [-43.355062, -22.838008, 0], [-43.355065, -22.837997, 0], [-43.355179, -22.838018, 0], [-43.355185, -22.837988, 0], [-43.355262, -22.838002, 0], [-43.355263, -22.837999, 0], [-43.35529, -22.838004, 0], [-43.355363, -22.838017, 0], [-43.355367, -22.838002, 0], [-43.355378, -22.837948, 0], [-43.355341, -22.837941, 0], [-43.355306, -22.837934, 0], [-43.355159, -22.837905, 0], [-43.355157, -22.837914, 0], [-43.35514, -22.837997, 0]]]}, "properties": {"address": "121805, 0"}},
{"type": "Feature", "geometry": {"type": "Polygon", "coordinates": [[[-43.353555, -22.837318, 0], [-43.353568, -22.83726, 0], [-43.353452, -22.837239, 0], [-43.35344, -22.837295, 0], [-43.353555, -22.837318, 0]]]}, "properties": {"address": "121612, 741938"}},
{"type": "Feature", "geometry": {"type": "Polygon", "coordinates": [[[-43.354822, -22.83784, 0], [-43.354961, -22.837867, 0], [-43.354988, -22.837872, 0], [-43.355011, -22.837877, 0], [-43.355052, -22.837885, 0], [-43.355103, -22.837895, 0], [-43.355159, -22.837905, 0], [-43.355306, -22.837934, 0], [-43.355341, -22.837941, 0], [-43.355378, -22.837948, 0], [-43.355384, -22.83792, 0], [-43.355401, -22.837841, 0], [-43.355365, -22.837834, 0], [-43.355171, -22.837796, 0], [-43.355098, -22.837781, 0], [-43.355076, -22.837777, 0], [-43.354883, -22.837739, 0], [-43.354811, -22.837725, 0], [-43.354788, -22.837834, 0], [-43.354822, -22.83784, 0]]]}, "properties": {"address": "121805, 742304"}},
{"type": "Feature", "geometry": {"type": "Polygon", "coordinates": [[[-43.354883, -22.837739, 0], [-43.355076, -22.837777, 0], [-43.355098, -22.837781, 0], [-43.355102, -22.837764, 0], [-43.355048, -22.837753, 0], [-43.354941, -22.837732, 0], [-43.354815, -22.837707, 0], [-43.354811, -22.837725, 0], [-43.354883, -22.837739, 0]]]}, "properties": {"address": "121805, 669274"}},
{"type": "Feature", "geometry": {"type": "Polygon", "coordinates": [[[-43.354239, -22.837924, 0], [-43.354262, -22.837928, 0], [-43.354264, -22.837929, 0], [-43.354383, -22.83795, 0], [-43.354623, -22.837993, 0], [-43.354647, -22.837886, 0], [-43.354165, -22.837794, 0], [-43.35414, -22.837906, 0], [-43.354239, -22.837924, 0]]]}, "properties": {"address": "121805, 742375"}},
{"type": "Feature", "geometry": {"type": "Polygon", "coordinates": [[[-43.354647, -22.837886, 0], [-43.35467, -22.837779, 0], [-43.354189, -22.83769, 0], [-43.354165, -22.837794, 0], [-43.354647, -22.837886, 0]]]}, "properties": {"address": "121805, 742169"}},
{"type": "Feature", "geometry": {"type": "Polygon", "coordinates": [[[-43.354937, -22.837274, 0], [-43.355056, -22.837295, 0], [-43.355066, -22.837297, 0], [-43.355069, -22.83728, 0], [-43.355081, -22.837225, 0], [-43.354953, -22.837201, 0], [-43.354932, -22.837197, 0], [-43.354927, -22.837196, 0], [-43.35491, -22.837269, 0], [-43.354937, -22.837274, 0]]]}, "properties": {"address": "121805, 742209"}},
{"type": "Feature", "geometry": {"type": "Polygon", "coordinates": [[[-43.355262, -22.837304, 0], [-43.355272, -22.837265, 0], [-43.355166, -22.837242, 0], [-43.355157, -22.837281, 0], [-43.355149, -22.837313, 0], [-43.355254, -22.837334, 0], [-43.355262, -22.837304, 0]]]}, "properties": {"address": "121805, 0"}},
{"type": "Feature", "geometry": {"type": "Polygon", "coordinates": [[[-43.355149, -22.837313, 0], [-43.355157, -22.837281, 0], [-43.355166, -22.837242, 0], [-43.355125, -22.837233, 0], [-43.355081, -22.837225, 0], [-43.355069, -22.83728, 0], [-43.355066, -22.837297, 0], [-43.355149, -22.837313, 0]]]}, "properties": {"address": "121805, 0"}},
{"type": "Feature", "geometry": {"type": "Polygon", "coordinates": [[[-43.355056, -22.837295, 0], [-43.354937, -22.837274, 0], [-43.35491, -22.837269, 0], [-43.354903, -22.8373, 0], [-43.355255, -22.837372, 0], [-43.355474, -22.837417, 0], [-43.355493, -22.837421, 0], [-43.355498, -22.837399, 0], [-43.355499, -22.837397, 0], [-43.355506, -22.837363, 0], [-43.355515, -22.837322, 0], [-43.355516, -22.837319, 0], [-43.355426, -22.837299, 0], [-43.355378, -22.837289, 0], [-43.355362, -22.837358, 0], [-43.355291, -22.837343, 0], [-43.355254, -22.837335, 0], [-43.355254, -22.837334, 0], [-43.355149, -22.837313, 0], [-43.355066, -22.837297, 0], [-43.355056, -22.837295, 0]]]}, "properties": {"address": "121805, 669270"}},
{"type": "Feature", "geometry": {"type": "Polygon", "coordinates": [[[-43.355445, -22.83763, 0], [-43.355056, -22.837553, 0], [-43.354984, -22.837539, 0], [-43.354975, -22.837537, 0], [-43.354964, -22.837535, 0], [-43.354904, -22.837523, 0], [-43.354883, -22.837519, 0], [-43.354857, -22.837514, 0], [-43.354851, -22.837541, 0], [-43.354839, -22.837597, 0], [-43.354834, -22.837621, 0], [-43.354911, -22.837635, 0], [-43.354949, -22.837642, 0], [-43.355026, -22.837657, 0], [-43.355192, -22.837688, 0], [-43.355194, -22.837688, 0], [-43.355282, -22.837706, 0], [-43.355424, -22.837734, 0], [-43.355434, -22.837684, 0], [-43.355445, -22.83763, 0]]]}, "properties": {"address": "121805, 669273"}},
{"type": "Feature", "geometry": {"type": "Polygon", "coordinates": [[[-43.354941, -22.837732, 0], [-43.355048, -22.837753, 0], [-43.355057, -22.837714, 0], [-43.354949, -22.837694, 0], [-43.354946, -22.837693, 0], [-43.354823, -22.83767, 0], [-43.354815, -22.837707, 0], [-43.354941, -22.837732, 0]]]}, "properties": {"address": "121805, 669275"}},
{"type": "Feature", "geometry": {"type": "Polygon", "coordinates": [[[-43.355054, -22.837727, 0], [-43.355048, -22.837753, 0], [-43.355102, -22.837764, 0], [-43.35511, -22.837765, 0], [-43.355116, -22.837738, 0], [-43.355124, -22.837707, 0], [-43.355128, -22.83769, 0], [-43.355101, -22.837685, 0], [-43.355064, -22.837678, 0], [-43.355057, -22.837714, 0], [-43.355054, -22.837727, 0]]]}, "properties": {"address": "121805, 0"}},
{"type": "Feature", "geometry": {"type": "Polygon", "coordinates": [[[-43.354946, -22.837693, 0], [-43.354949, -22.837694, 0], [-43.355057, -22.837714, 0], [-43.355064, -22.837678, 0], [-43.354953, -22.837658, 0], [-43.354875, -22.837644, 0], [-43.354831, -22.837636, 0], [-43.354823, -22.83767, 0], [-43.354946, -22.837693, 0]]]}, "properties": {"address": "121805, 51341"}},
{"type": "Feature", "geometry": {"type": "Polygon", "coordinates": [[[-43.354831, -22.837636, 0], [-43.354875, -22.837644, 0], [-43.354953, -22.837658, 0], [-43.355064, -22.837678, 0], [-43.355101, -22.837685, 0], [-43.355128, -22.83769, 0], [-43.355189, -22.837701, 0], [-43.355192, -22.837688, 0], [-43.355026, -22.837657, 0], [-43.354949, -22.837642, 0], [-43.354911, -22.837635, 0], [-43.354834, -22.837621, 0], [-43.354831, -22.837636, 0]]]}, "properties": {"address": "121805, 0"}},
{"type": "Feature", "geometry": {"type": "Polygon", "coordinates": [[[-43.35452, -22.837419, 0], [-43.354608, -22.837435, 0], [-43.354715, -22.837456, 0], [-43.35474, -22.83746, 0], [-43.354758, -22.837379, 0], [-43.354537, -22.837342, 0], [-43.354529, -22.837379, 0], [-43.35452, -22.837419, 0]]]}, "properties": {"address": "121805, 742212"}},
{"type": "Feature", "geometry": {"type": "Polygon", "coordinates": [[[-43.354716, -22.83757, 0], [-43.35474, -22.83746, 0], [-43.354715, -22.837456, 0], [-43.354608, -22.837435, 0], [-43.35452, -22.837419, 0], [-43.354262, -22.83737, 0], [-43.354238, -22.837476, 0], [-43.354716, -22.83757, 0]]]}, "properties": {"address": "121805, 742312"}},
{"type": "Feature", "geometry": {"type": "Polygon", "coordinates": [[[-43.354758, -22.837379, 0], [-43.354774, -22.837302, 0], [-43.354621, -22.837271, 0], [-43.354556, -22.837258, 0], [-43.354537, -22.837342, 0], [-43.354758, -22.837379, 0]]]}, "properties": {"address": "121805, 669242"}},
{"type": "Feature", "geometry": {"type": "Polygon", "coordinates": [[[-43.354189, -22.83769, 0], [-43.35467, -22.837779, 0], [-43.354694, -22.837672, 0], [-43.354213, -22.837585, 0], [-43.354203, -22.837629, 0], [-43.354189, -22.83769, 0]]]}, "properties": {"address": "121805, 742303"}},
{"type": "Feature", "geometry": {"type": "Polygon", "coordinates": [[[-43.354694, -22.837672, 0], [-43.354716, -22.83757, 0], [-43.354238, -22.837476, 0], [-43.354213, -22.837585, 0], [-43.354694, -22.837672, 0]]]}, "properties": {"address": "121805, 742297"}},
{"type": "Feature", "geometry": {"type": "Polygon", "coordinates": [[[-43.35531, -22.838266, 0], [-43.355313, -22.838253, 0], [-43.355316, -22.838242, 0], [-43.355328, -22.838181, 0], [-43.355333, -22.838161, 0], [-43.355333, -22.838158, 0], [-43.355187, -22.83813, 0], [-43.355149, -22.838123, 0], [-43.355099, -22.838113, 0], [-43.355043, -22.838103, 0], [-43.355002, -22.838095, 0], [-43.354991, -22.838093, 0], [-43.354925, -22.83808, 0], [-43.354918, -22.838079, 0], [-43.354748, -22.838047, 0], [-43.354742, -22.838046, 0], [-43.35472, -22.838151, 0], [-43.354741, -22.838156, 0], [-43.354764, -22.83816, 0], [-43.354805, -22.838168, 0], [-43.354827, -22.838172, 0], [-43.354942, -22.838194, 0], [-43.355012, -22.838207, 0], [-43.355044, -22.838213, 0], [-43.35531, -22.838266, 0]]]}, "properties": {"address": "121805, 746087"}},
{"type": "Feature", "geometry": {"type": "Polygon", "coordinates": [[[-43.354768, -22.837926, 0], [-43.354806, -22.837934, 0], [-43.354809, -22.837934, 0], [-43.35494, -22.837958, 0], [-43.355, -22.83797, 0], [-43.355066, -22.837982, 0], [-43.35514, -22.837997, 0], [-43.355157, -22.837914, 0], [-43.355159, -22.837905, 0], [-43.355103, -22.837895, 0], [-43.355052, -22.837885, 0], [-43.355011, -22.837877, 0], [-43.354988, -22.837872, 0], [-43.354961, -22.837867, 0], [-43.354822, -22.83784, 0], [-43.354788, -22.837834, 0], [-43.354782, -22.837863, 0], [-43.354768, -22.837926, 0]]]}, "properties": {"address": "121805, 922890"}},
{"type": "Feature", "geometry": {"type": "Polygon", "coordinates": [[[-43.354934, -22.837162, 0], [-43.354927, -22.837196, 0], [-43.354932, -22.837197, 0], [-43.354953, -22.837201, 0], [-43.355081, -22.837225, 0], [-43.355125, -22.837233, 0], [-43.355137, -22.837178, 0], [-43.355147, -22.83713, 0], [-43.355148, -22.837127, 0], [-43.355125, -22.837123, 0], [-43.355094, -22.837116, 0], [-43.355019, -22.837101, 0], [-43.354951, -22.837088, 0], [-43.354945, -22.837114, 0], [-43.354934, -22.837162, 0]]]}, "properties": {"address": "121805, 669215"}},
{"type": "Feature", "geometry": {"type": "Polygon", "coordinates": [[[-43.353178, -22.837352, 0], [-43.353294, -22.837373, 0], [-43.353316, -22.837272, 0], [-43.353202, -22.837253, 0], [-43.353205, -22.837239, 0], [-43.353149, -22.83723, 0], [-43.353152, -22.837215, 0], [-43.353092, -22.837203, 0], [-43.353064, -22.837331, 0], [-43.353178, -22.837352, 0]]]}, "properties": {"address": "121612, 48812"}},
{"type": "Feature", "geometry": {"type": "Polygon", "coordinates": [[[-43.353236, -22.837642, 0], [-43.353275, -22.837462, 0], [-43.353294, -22.837373, 0], [-43.353178, -22.837352, 0], [-43.353117, -22.83762, 0], [-43.353236, -22.837642, 0]]]}, "properties": {"address": "121612, 48123"}},
{"type": "Feature", "geometry": {"type": "Polygon", "coordinates": [[[-43.353084, -22.837795, 0], [-43.353128, -22.837803, 0], [-43.353198, -22.837816, 0], [-43.353203, -22.837794, 0], [-43.353216, -22.837734, 0], [-43.353236, -22.837642, 0], [-43.353117, -22.83762, 0], [-43.353115, -22.837628, 0], [-43.353084, -22.837795, 0]]]}, "properties": {"address": "121612, 48122"}},
{"type": "Feature", "geometry": {"type": "Polygon", "coordinates": [[[-43.353532, -22.837423, 0], [-43.353555, -22.837318, 0], [-43.35344, -22.837295, 0], [-43.353417, -22.8374, 0], [-43.353532, -22.837423, 0]]]}, "properties": {"address": "121612, 741952"}},
{"type": "Feature", "geometry": {"type": "Polygon", "coordinates": [[[-43.353375, -22.837593, 0], [-43.353367, -22.837629, 0], [-43.353363, -22.837644, 0], [-43.353337, -22.837764, 0], [-43.35332, -22.83784, 0], [-43.353366, -22.837849, 0], [-43.3534, -22.837856, 0], [-43.353492, -22.837874, 0], [-43.35353, -22.837694, 0], [-43.353584, -22.837433, 0], [-43.353532, -22.837423, 0], [-43.353417, -22.8374, 0], [-43.353384, -22.83755, 0], [-43.353375, -22.837593, 0]]]}, "properties": {"address": "121612, 669054"}},
{"type": "Feature", "geometry": {"type": "Polygon", "coordinates": [[[-43.353714, -22.837674, 0], [-43.353723, -22.837629, 0], [-43.353577, -22.837602, 0], [-43.353567, -22.83765, 0], [-43.353714, -22.837674, 0]]]}, "properties": {"address": "121612, 0"}},
{"type": "Feature", "geometry": {"type": "Polygon", "coordinates": [[[-43.353557, -22.837699, 0], [-43.353567, -22.83765, 0], [-43.353577, -22.837602, 0], [-43.353723, -22.837629, 0], [-43.353758, -22.837469, 0], [-43.353649, -22.837446, 0], [-43.353584, -22.837433, 0], [-43.35353, -22.837694, 0], [-43.353557, -22.837699, 0]]]}, "properties": {"address": "121612, 0"}},
{"type": "Feature", "geometry": {"type": "Polygon", "coordinates": [[[-43.353606, -22.837084, 0], [-43.353616, -22.83704, 0], [-43.353507, -22.837021, 0], [-43.3535, -22.83702, 0], [-43.353491, -22.837064, 0], [-43.353606, -22.837084, 0]]]}, "properties": {"address": "121612, 669059"}},
{"type": "Feature", "geometry": {"type": "Polygon", "coordinates": [[[-43.353507, -22.837021, 0], [-43.353616, -22.83704, 0], [-43.35363, -22.836979, 0], [-43.353592, -22.836971, 0], [-43.353514, -22.836956, 0], [-43.3535, -22.83702, 0], [-43.353507, -22.837021, 0]]]}, "properties": {"address": "121612, 47684"}},
{"type": "Feature", "geometry": {"type": "Polygon", "coordinates": [[[-43.353598, -22.837121, 0], [-43.353606, -22.837084, 0], [-43.353491, -22.837064, 0], [-43.353483, -22.837101, 0], [-43.353598, -22.837121, 0]]]}, "properties": {"address": "121612, 669058"}},
{"type": "Feature", "geometry": {"type": "Polygon", "coordinates": [[[-43.353364, -22.837077, 0], [-43.353391, -22.836954, 0], [-43.353392, -22.836949, 0], [-43.353392, -22.836945, 0], [-43.353391, -22.836941, 0], [-43.353387, -22.836933, 0], [-43.353381, -22.836927, 0], [-43.353379, -22.836926, 0], [-43.353276, -22.836907, 0], [-43.353244, -22.837056, 0], [-43.353364, -22.837077, 0]]]}, "properties": {"address": "121612, 742118"}},
{"type": "Feature", "geometry": {"type": "Polygon", "coordinates": [[[-43.359882, -22.837675, 0], [-43.359923, -22.837608, 0], [-43.359919, -22.837592, 0], [-43.359811, -22.837513, 0], [-43.359791, -22.837498, 0], [-43.359732, -22.837581, 0], [-43.359882, -22.837675, 0]]]}, "properties": {"address": "122615, 0"}},
{"type": "Feature", "geometry": {"type": "Polygon", "coordinates": [[[-43.359698, -22.837251, 0], [-43.359638, -22.837349, 0], [-43.35967, -22.837374, 0], [-43.359734, -22.837268, 0], [-43.359698, -22.837251, 0]]]}, "properties": {"address": "122615, 0"}},
{"type": "Feature", "geometry": {"type": "Polygon", "coordinates": [[[-43.359681, -22.837382, 0], [-43.359817, -22.837475, 0], [-43.359847, -22.837497, 0], [-43.359852, -22.8375, 0], [-43.359916, -22.837541, 0], [-43.359924, -22.837543, 0], [-43.359928, -22.837543, 0], [-43.359933, -22.837542, 0], [-43.359937, -22.837541, 0], [-43.359941, -22.837539, 0], [-43.359947, -22.837533, 0], [-43.359949, -22.83753, 0], [-43.359966, -22.837468, 0], [-43.359982, -22.837409, 0], [-43.359989, -22.837385, 0], [-43.360002, -22.837347, 0], [-43.35982, -22.837282, 0], [-43.359783, -22.837277, 0], [-43.359734, -22.837268, 0], [-43.35967, -22.837374, 0], [-43.359681, -22.837382, 0]]]}, "properties": {"address": "122615, 0"}},
{"type": "Feature", "geometry": {"type": "Polygon", "coordinates": [[[-43.359439, -22.837257, 0], [-43.359492, -22.837274, 0], [-43.359512, -22.837163, 0], [-43.359519, -22.8371, 0], [-43.359473, -22.83706, 0], [-43.359429, -22.837253, 0], [-43.359439, -22.837257, 0]]]}, "properties": {"address": "122615, 0"}},
{"type": "Feature", "geometry": {"type": "Polygon", "coordinates": [[[-43.359335, -22.837222, 0], [-43.359382, -22.837237, 0], [-43.359429, -22.837253, 0], [-43.359473, -22.83706, 0], [-43.359472, -22.837059, 0], [-43.359413, -22.837011, 0], [-43.35939, -22.836992, 0], [-43.359373, -22.837051, 0], [-43.359335, -22.837222, 0]]]}, "properties": {"address": "122615, 0"}},
{"type": "Feature", "geometry": {"type": "Polygon", "coordinates": [[[-43.359783, -22.837277, 0], [-43.35982, -22.837282, 0], [-43.360002, -22.837347, 0], [-43.36001, -22.837322, 0], [-43.360042, -22.837201, 0], [-43.360051, -22.837154, 0], [-43.360056, -22.837125, 0], [-43.360057, -22.837119, 0], [-43.36006, -22.837049, 0], [-43.359896, -22.837092, 0], [-43.359733, -22.837096, 0], [-43.359569, -22.837299, 0], [-43.359617, -22.837332, 0], [-43.359638, -22.837349, 0], [-43.359698, -22.837251, 0], [-43.359734, -22.837268, 0], [-43.359783, -22.837277, 0]]]}, "properties": {"address": "122615, 0"}},
{"type": "Feature", "geometry": {"type": "Polygon", "coordinates": [[[-43.358489, -22.835792, 0], [-43.358476, -22.835795, 0], [-43.358475, -22.835795, 0], [-43.358461, -22.835854, 0], [-43.358449, -22.83591, 0], [-43.358511, -22.835922, 0], [-43.358565, -22.835933, 0], [-43.358592, -22.835938, 0], [-43.358592, -22.835937, 0], [-43.358601, -22.835891, 0], [-43.358602, -22.835881, 0], [-43.358602, -22.835871, 0], [-43.3586, -22.83586, 0], [-43.358597, -22.83585, 0], [-43.358593, -22.835841, 0], [-43.358589, -22.835831, 0], [-43.358583, -22.835823, 0], [-43.358576, -22.835815, 0], [-43.358566, -22.835807, 0], [-43.358555, -22.8358, 0], [-43.358542, -22.835795, 0], [-43.358529, -22.835792, 0], [-43.358516, -22.83579, 0], [-43.358502, -22.83579, 0], [-43.358489, -22.835792, 0]]]}, "properties": {"address": "121800, 742157"}},
{"type": "Feature", "geometry": {"type": "Polygon", "coordinates": [[[-43.358196, -22.836612, 0], [-43.358179, -22.836689, 0], [-43.35829, -22.83671, 0], [-43.358376, -22.836726, 0], [-43.358419, -22.836735, 0], [-43.358436, -22.836657, 0], [-43.358235, -22.836618, 0], [-43.358202, -22.836612, 0], [-43.358197, -22.836611, 0], [-43.358196, -22.836612, 0]]]}, "properties": {"address": "121800, 742262"}},
{"type": "Feature", "geometry": {"type": "Polygon", "coordinates": [[[-43.358202, -22.836612, 0], [-43.358235, -22.836618, 0], [-43.358436, -22.836657, 0], [-43.358453, -22.836576, 0], [-43.35843, -22.836572, 0], [-43.358329, -22.836552, 0], [-43.358263, -22.83654, 0], [-43.358214, -22.836531, 0], [-43.358197, -22.836611, 0], [-43.358202, -22.836612, 0]]]}, "properties": {"address": "121800, 742314"}},
{"type": "Feature", "geometry": {"type": "Polygon", "coordinates": [[[-43.358263, -22.83654, 0], [-43.358329, -22.836552, 0], [-43.35843, -22.836572, 0], [-43.358453, -22.836576, 0], [-43.358454, -22.836575, 0], [-43.358471, -22.836497, 0], [-43.358448, -22.836493, 0], [-43.358442, -22.836492, 0], [-43.358346, -22.836473, 0], [-43.358311, -22.836467, 0], [-43.358307, -22.836466, 0], [-43.358283, -22.836461, 0], [-43.358232, -22.836452, 0], [-43.358214, -22.836531, 0], [-43.358263, -22.83654, 0]]]}, "properties": {"address": "121800, 742261"}},
{"type": "Feature", "geometry": {"type": "Polygon", "coordinates": [[[-43.358232, -22.836452, 0], [-43.358283, -22.836461, 0], [-43.358307, -22.836466, 0], [-43.358311, -22.836467, 0], [-43.358346, -22.836473, 0], [-43.358442, -22.836492, 0], [-43.358448, -22.836493, 0], [-43.358471, -22.836497, 0], [-43.358488, -22.836417, 0], [-43.358371, -22.836394, 0], [-43.358327, -22.836386, 0], [-43.358298, -22.836381, 0], [-43.358285, -22.836378, 0], [-43.35825, -22.836371, 0], [-43.358241, -22.836413, 0], [-43.358232, -22.836452, 0]]]}, "properties": {"address": "121800, 742313"}},
{"type": "Feature", "geometry": {"type": "Polygon", "coordinates": [[[-43.358498, -22.83625, 0], [-43.358285, -22.836213, 0], [-43.358278, -22.836242, 0], [-43.358268, -22.836292, 0], [-43.358312, -22.8363, 0], [-43.358324, -22.836303, 0], [-43.358479, -22.836332, 0], [-43.358506, -22.836337, 0], [-43.358525, -22.836255, 0], [-43.358498, -22.83625, 0]]]}, "properties": {"address": "121800, 742223"}},
{"type": "Feature", "geometry": {"type": "Polygon", "coordinates": [[[-43.358285, -22.836378, 0], [-43.358298, -22.836381, 0], [-43.358327, -22.836386, 0], [-43.358371, -22.836394, 0], [-43.358488, -22.836417, 0], [-43.358488, -22.836416, 0], [-43.358493, -22.836393, 0], [-43.3585, -22.836365, 0], [-43.358506, -22.836337, 0], [-43.358479, -22.836332, 0], [-43.358324, -22.836303, 0], [-43.358312, -22.8363, 0], [-43.358268, -22.836292, 0], [-43.35825, -22.836371, 0], [-43.358285, -22.836378, 0]]]}, "properties": {"address": "121800, 742224"}},
{"type": "Feature", "geometry": {"type": "Polygon", "coordinates": [[[-43.358285, -22.836213, 0], [-43.358498, -22.83625, 0], [-43.358525, -22.836255, 0], [-43.358538, -22.836193, 0], [-43.358541, -22.836178, 0], [-43.358479, -22.836166, 0], [-43.358367, -22.836145, 0], [-43.358346, -22.836141, 0], [-43.358302, -22.836133, 0], [-43.358285, -22.836212, 0], [-43.358285, -22.836213, 0]]]}, "properties": {"address": "121800, 49025"}},
{"type": "Feature", "geometry": {"type": "Polygon", "coordinates": [[[-43.358319, -22.836053, 0], [-43.358363, -22.836061, 0], [-43.358376, -22.836063, 0], [-43.358384, -22.836065, 0], [-43.35842, -22.836072, 0], [-43.358496, -22.836086, 0], [-43.358513, -22.836089, 0], [-43.358559, -22.836097, 0], [-43.358575, -22.83602, 0], [-43.358546, -22.836014, 0], [-43.358436, -22.835992, 0], [-43.358414, -22.835988, 0], [-43.358337, -22.835973, 0], [-43.358325, -22.836027, 0], [-43.358319, -22.836053, 0]]]}, "properties": {"address": "121800, 742377"}},
{"type": "Feature", "geometry": {"type": "Polygon", "coordinates": [[[-43.358565, -22.835933, 0], [-43.358511, -22.835922, 0], [-43.358449, -22.83591, 0], [-43.358425, -22.835905, 0], [-43.358354, -22.835891, 0], [-43.358348, -22.835922, 0], [-43.358337, -22.835973, 0], [-43.358414, -22.835988, 0], [-43.358436, -22.835992, 0], [-43.358546, -22.836014, 0], [-43.358575, -22.83602, 0], [-43.358592, -22.835938, 0], [-43.358565, -22.835933, 0]]]}, "properties": {"address": "121800, 667865"}},
{"type": "Feature", "geometry": {"type": "Polygon", "coordinates": [[[-43.35391, -22.838376, 0], [-43.353974, -22.838098, 0], [-43.353866, -22.838075, 0], [-43.353807, -22.838355, 0], [-43.35391, -22.838376, 0]]]}, "properties": {"address": "119287, 48146"}},
{"type": "Feature", "geometry": {"type": "Polygon", "coordinates": [[[-43.358316, -22.836068, 0], [-43.358311, -22.836091, 0], [-43.358308, -22.836106, 0], [-43.358302, -22.836131, 0], [-43.358302, -22.836133, 0], [-43.358346, -22.836141, 0], [-43.358367, -22.836145, 0], [-43.358479, -22.836166, 0], [-43.358541, -22.836178, 0], [-43.358556, -22.836114, 0], [-43.358559, -22.836097, 0], [-43.358513, -22.836089, 0], [-43.358496, -22.836086, 0], [-43.35842, -22.836072, 0], [-43.358384, -22.836065, 0], [-43.358376, -22.836063, 0], [-43.358363, -22.836061, 0], [-43.358319, -22.836053, 0], [-43.358319, -22.836054, 0], [-43.358316, -22.836068, 0]]]}, "properties": {"address": "121800, 742162"}},
{"type": "Feature", "geometry": {"type": "Polygon", "coordinates": [[[-43.353408, -22.837978, 0], [-43.353384, -22.838091, 0], [-43.353371, -22.838154, 0], [-43.35337, -22.838156, 0], [-43.353362, -22.838196, 0], [-43.353358, -22.838215, 0], [-43.353314, -22.838421, 0], [-43.353337, -22.838426, 0], [-43.353432, -22.838445, 0], [-43.353525, -22.838002, 0], [-43.353487, -22.837994, 0], [-43.353439, -22.837983, 0], [-43.353408, -22.837978, 0]]]}, "properties": {"address": "119287, 744605"}},
{"type": "Feature", "geometry": {"type": "Polygon", "coordinates": [[[-43.35441, -22.838061, 0], [-43.354429, -22.838064, 0], [-43.354482, -22.838074, 0], [-43.354601, -22.838096, 0], [-43.354623, -22.837993, 0], [-43.354383, -22.83795, 0], [-43.354361, -22.838052, 0], [-43.35441, -22.838061, 0]]]}, "properties": {"address": "119287, 400060"}},
{"type": "Feature", "geometry": {"type": "Polygon", "coordinates": [[[-43.354204, -22.838022, 0], [-43.354243, -22.838029, 0], [-43.354361, -22.838052, 0], [-43.354383, -22.83795, 0], [-43.354264, -22.837929, 0], [-43.354262, -22.837928, 0], [-43.354239, -22.837924, 0], [-43.35414, -22.837906, 0], [-43.354117, -22.838006, 0], [-43.354204, -22.838022, 0]]]}, "properties": {"address": "119287, 408821"}},
{"type": "Feature", "geometry": {"type": "Polygon", "coordinates": [[[-43.353677, -22.838495, 0], [-43.353773, -22.838514, 0], [-43.353807, -22.838355, 0], [-43.353866, -22.838075, 0], [-43.353755, -22.838051, 0], [-43.35366, -22.838491, 0], [-43.353677, -22.838495, 0]]]}, "properties": {"address": "119287, 744598"}},
{"type": "Feature", "geometry": {"type": "Polygon", "coordinates": [[[-43.353452, -22.838449, 0], [-43.353565, -22.838472, 0], [-43.353623, -22.838484, 0], [-43.35366, -22.838491, 0], [-43.353755, -22.838051, 0], [-43.353594, -22.838016, 0], [-43.353525, -22.838002, 0], [-43.353432, -22.838445, 0], [-43.353452, -22.838449, 0]]]}, "properties": {"address": "119287, 51374"}},
{"type": "Feature", "geometry": {"type": "Polygon", "coordinates": [[[-43.353664, -22.837908, 0], [-43.353692, -22.837776, 0], [-43.353548, -22.837747, 0], [-43.353521, -22.83788, 0], [-43.353664, -22.837908, 0]]]}, "properties": {"address": "119287, 48143"}},
{"type": "Feature", "geometry": {"type": "Polygon", "coordinates": [[[-43.353692, -22.837776, 0], [-43.353703, -22.837726, 0], [-43.353557, -22.837699, 0], [-43.353548, -22.837747, 0], [-43.353692, -22.837776, 0]]]}, "properties": {"address": "119287, 0"}},
{"type": "Feature", "geometry": {"type": "Polygon", "coordinates": [[[-43.353521, -22.83788, 0], [-43.353548, -22.837747, 0], [-43.353557, -22.837699, 0], [-43.35353, -22.837694, 0], [-43.353492, -22.837874, 0], [-43.353521, -22.83788, 0]]]}, "properties": {"address": "119287, 669049"}},
{"type": "Feature", "geometry": {"type": "Polygon", "coordinates": [[[-43.353999, -22.837982, 0], [-43.354115, -22.838005, 0], [-43.354117, -22.838006, 0], [-43.35414, -22.837906, 0], [-43.354165, -22.837794, 0], [-43.354189, -22.83769, 0], [-43.354203, -22.837629, 0], [-43.354084, -22.837605, 0], [-43.35405, -22.837756, 0], [-43.353999, -22.837982, 0]]]}, "properties": {"address": "119287, 669046"}},
{"type": "Feature", "geometry": {"type": "Polygon", "coordinates": [[[-43.353707, -22.837917, 0], [-43.353774, -22.837931, 0], [-43.353822, -22.837718, 0], [-43.353734, -22.837705, 0], [-43.353684, -22.837913, 0], [-43.353707, -22.837917, 0]]]}, "properties": {"address": "119287, 742080"}},
{"type": "Feature", "geometry": {"type": "Polygon", "coordinates": [[[-43.353714, -22.837674, 0], [-43.353703, -22.837726, 0], [-43.353692, -22.837776, 0], [-43.353664, -22.837908, 0], [-43.353684, -22.837913, 0], [-43.353734, -22.837705, 0], [-43.353822, -22.837718, 0], [-43.353871, -22.837494, 0], [-43.353834, -22.837486, 0], [-43.353758, -22.837469, 0], [-43.353723, -22.837629, 0], [-43.353714, -22.837674, 0]]]}, "properties": {"address": "119287, 0"}},
{"type": "Feature", "geometry": {"type": "Polygon", "coordinates": [[[-43.353774, -22.837931, 0], [-43.353773, -22.837938, 0], [-43.353886, -22.83796, 0], [-43.353932, -22.837758, 0], [-43.353945, -22.837697, 0], [-43.35396, -22.837634, 0], [-43.353962, -22.837623, 0], [-43.353986, -22.837519, 0], [-43.353986, -22.837516, 0], [-43.353985, -22.837515, 0], [-43.353985, -22.837513, 0], [-43.353947, -22.837506, 0], [-43.353946, -22.837508, 0], [-43.353935, -22.837505, 0], [-43.353934, -22.837508, 0], [-43.353871, -22.837494, 0], [-43.353822, -22.837718, 0], [-43.353774, -22.837931, 0]]]}, "properties": {"address": "119287, 741996"}},
{"type": "Feature", "geometry": {"type": "Polygon", "coordinates": [[[-43.353962, -22.837623, 0], [-43.35396, -22.837634, 0], [-43.353945, -22.837697, 0], [-43.353932, -22.837758, 0], [-43.353886, -22.83796, 0], [-43.353903, -22.837964, 0], [-43.353955, -22.837739, 0], [-43.35405, -22.837756, 0], [-43.354084, -22.837605, 0], [-43.354094, -22.837563, 0], [-43.354098, -22.837543, 0], [-43.353986, -22.837516, 0], [-43.353986, -22.837519, 0], [-43.353962, -22.837623, 0]]]}, "properties": {"address": "119287, 0"}},
{"type": "Feature", "geometry": {"type": "Polygon", "coordinates": [[[-43.353999, -22.837982, 0], [-43.35405, -22.837756, 0], [-43.353955, -22.837739, 0], [-43.353903, -22.837964, 0], [-43.353999, -22.837982, 0]]]}, "properties": {"address": "119287, 669047"}},
{"type": "Feature", "geometry": {"type": "Polygon", "coordinates": [[[-43.354542, -22.838396, 0], [-43.354566, -22.838273, 0], [-43.354579, -22.83821, 0], [-43.354401, -22.838178, 0], [-43.354365, -22.838364, 0], [-43.354542, -22.838396, 0]]]}, "properties": {"address": "119287, 47655"}},
{"type": "Feature", "geometry": {"type": "Polygon", "coordinates": [[[-43.35391, -22.838376, 0], [-43.353807, -22.838355, 0], [-43.353773, -22.838514, 0], [-43.353794, -22.838518, 0], [-43.353795, -22.838518, 0], [-43.354004, -22.838563, 0], [-43.354026, -22.838464, 0], [-43.35406, -22.838308, 0], [-43.3541, -22.838123, 0], [-43.354076, -22.838119, 0], [-43.354013, -22.838397, 0], [-43.35391, -22.838376, 0]]]}, "properties": {"address": "119287, 671166"}},
{"type": "Feature", "geometry": {"type": "Polygon", "coordinates": [[[-43.354365, -22.838364, 0], [-43.354401, -22.838178, 0], [-43.354249, -22.83815, 0], [-43.354213, -22.838336, 0], [-43.354365, -22.838364, 0]]]}, "properties": {"address": "119287, 746131"}},
{"type": "Feature", "geometry": {"type": "Polygon", "coordinates": [[[-43.354013, -22.838397, 0], [-43.354076, -22.838119, 0], [-43.354057, -22.838116, 0], [-43.353974, -22.838098, 0], [-43.35391, -22.838376, 0], [-43.354013, -22.838397, 0]]]}, "properties": {"address": "119287, 49282"}},
{"type": "Feature", "geometry": {"type": "Polygon", "coordinates": [[[-43.360325, -22.838111, 0], [-43.360478, -22.838156, 0], [-43.360492, -22.838062, 0], [-43.360346, -22.838031, 0], [-43.360335, -22.838076, 0], [-43.360325, -22.838111, 0]]]}, "properties": {"address": "122644, 0"}},
{"type": "Feature", "geometry": {"type": "Polygon", "coordinates": [[[-43.3603, -22.838204, 0], [-43.36045, -22.838248, 0], [-43.360459, -22.838219, 0], [-43.360477, -22.838162, 0], [-43.360478, -22.838156, 0], [-43.360325, -22.838111, 0], [-43.360322, -22.838122, 0], [-43.3603, -22.838204, 0]]]}, "properties": {"address": "122644, 0"}},
{"type": "Feature", "geometry": {"type": "Polygon", "coordinates": [[[-43.360322, -22.838122, 0], [-43.360325, -22.838111, 0], [-43.360335, -22.838076, 0], [-43.36016, -22.838036, 0], [-43.360142, -22.83808, 0], [-43.360322, -22.838122, 0]]]}, "properties": {"address": "122628, 0"}},
{"type": "Feature", "geometry": {"type": "Polygon", "coordinates": [[[-43.360335, -22.838076, 0], [-43.360346, -22.838031, 0], [-43.360178, -22.837993, 0], [-43.36016, -22.838036, 0], [-43.360335, -22.838076, 0]]]}, "properties": {"address": "122628, 0"}},
{"type": "Feature", "geometry": {"type": "Polygon", "coordinates": [[[-43.360271, -22.838336, 0], [-43.360262, -22.838374, 0], [-43.360259, -22.838386, 0], [-43.360405, -22.838425, 0], [-43.360411, -22.838392, 0], [-43.360424, -22.838345, 0], [-43.360275, -22.838312, 0], [-43.36027, -22.838336, 0], [-43.360271, -22.838336, 0]]]}, "properties": {"address": "122644, 0"}},
{"type": "Feature", "geometry": {"type": "Polygon", "coordinates": [[[-43.352683, -22.83712, 0], [-43.352661, -22.8372, 0], [-43.352641, -22.837266, 0], [-43.35271, -22.837274, 0], [-43.352828, -22.837288, 0], [-43.352831, -22.837288, 0], [-43.352945, -22.837309, 0], [-43.353057, -22.83733, 0], [-43.353064, -22.837331, 0], [-43.353092, -22.837203, 0], [-43.353094, -22.837195, 0], [-43.353066, -22.837189, 0], [-43.353056, -22.837178, 0], [-43.35298, -22.837162, 0], [-43.352944, -22.837156, 0], [-43.352864, -22.837143, 0], [-43.352683, -22.83712, 0]]]}, "properties": {"address": "0, 0"}},
{"type": "Feature", "geometry": {"type": "Polygon", "coordinates": [[[-43.358431, -22.838008, 0], [-43.35842, -22.838002, 0], [-43.358415, -22.83801, 0], [-43.358396, -22.838, 0], [-43.358375, -22.83799, 0], [-43.358373, -22.837989, 0], [-43.358368, -22.837987, 0], [-43.358335, -22.837971, 0], [-43.358331, -22.837969, 0], [-43.358327, -22.837968, 0], [-43.358318, -22.837968, 0], [-43.358314, -22.837969, 0], [-43.35831, -22.837971, 0], [-43.358306, -22.837974, 0], [-43.358305, -22.837975, 0], [-43.358285, -22.838003, 0], [-43.358262, -22.838036, 0], [-43.358304, -22.838079, 0], [-43.358345, -22.838101, 0], [-43.358381, -22.83812, 0], [-43.358386, -22.838112, 0], [-43.358497, -22.838181, 0], [-43.358486, -22.838211, 0], [-43.358505, -22.838216, 0], [-43.358528, -22.838222, 0], [-43.35859, -22.838084, 0], [-43.358609, -22.83804, 0], [-43.358793, -22.838138, 0], [-43.358834, -22.838069, 0], [-43.358581, -22.837937, 0], [-43.358504, -22.837904, 0], [-43.358433, -22.838005, 0], [-43.358431, -22.838008, 0]]]}, "properties": {"address": "0, 0"}},
{"type": "Feature", "geometry": {"type": "Polygon", "coordinates": [[[-43.362463, -22.836963, 0], [-43.362496, -22.83698, 0], [-43.362508, -22.836973, 0], [-43.362544, -22.836914, 0], [-43.362516, -22.836899, 0], [-43.362464, -22.836871, 0], [-43.362428, -22.836944, 0], [-43.362463, -22.836963, 0]]]}, "properties": {"address": "0, 0"}},
{"type": "Feature", "geometry": {"type": "Polygon", "coordinates": [[[-43.362516, -22.836899, 0], [-43.362544, -22.836914, 0], [-43.362582, -22.836852, 0], [-43.362594, -22.836833, 0], [-43.362598, -22.836827, 0], [-43.362603, -22.836818, 0], [-43.362519, -22.836782, 0], [-43.36251, -22.836778, 0], [-43.362464, -22.836871, 0], [-43.362516, -22.836899, 0]]]}, "properties": {"address": "0, 0"}},
{"type": "Feature", "geometry": {"type": "Polygon", "coordinates": [[[-43.362426, -22.83677, 0], [-43.362405, -22.836807, 0], [-43.362402, -22.836814, 0], [-43.362461, -22.836845, 0], [-43.362482, -22.836805, 0], [-43.362497, -22.836774, 0], [-43.362439, -22.836763, 0], [-43.362431, -22.836762, 0], [-43.36243, -22.836764, 0], [-43.362426, -22.83677, 0]]]}, "properties": {"address": "0, 0"}},
{"type": "Feature", "geometry": {"type": "Polygon", "coordinates": [[[-43.362394, -22.83697, 0], [-43.362362, -22.837009, 0], [-43.362352, -22.837021, 0], [-43.362341, -22.837035, 0], [-43.362362, -22.837046, 0], [-43.362382, -22.83706, 0], [-43.362394, -22.837046, 0], [-43.362463, -22.836963, 0], [-43.362428, -22.836944, 0], [-43.362417, -22.836953, 0], [-43.362394, -22.83697, 0]]]}, "properties": {"address": "0, 0"}},
{"type": "Feature", "geometry": {"type": "Polygon", "coordinates": [[[-43.362289, -22.836971, 0], [-43.362272, -22.836997, 0], [-43.362277, -22.836999, 0], [-43.362336, -22.837032, 0], [-43.362341, -22.837035, 0], [-43.362352, -22.837021, 0], [-43.362362, -22.837009, 0], [-43.362394, -22.83697, 0], [-43.362417, -22.836953, 0], [-43.362414, -22.836949, 0], [-43.362413, -22.836948, 0], [-43.36241, -22.836944, 0], [-43.362432, -22.8369, 0], [-43.362427, -22.836897, 0], [-43.362361, -22.836864, 0], [-43.3623, -22.836954, 0], [-43.362289, -22.836971, 0]]]}, "properties": {"address": "0, 0"}},
{"type": "Feature", "geometry": {"type": "Polygon", "coordinates": [[[-43.362379, -22.836855, 0], [-43.362368, -22.83685, 0], [-43.362361, -22.836864, 0], [-43.362427, -22.836897, 0], [-43.362432, -22.8369, 0], [-43.362433, -22.836899, 0], [-43.362461, -22.836845, 0], [-43.362402, -22.836814, 0], [-43.362386, -22.836841, 0], [-43.362379, -22.836855, 0]]]}, "properties": {"address": "0, 0"}},
{"type": "Feature", "geometry": {"type": "Polygon", "coordinates": [[[-43.362654, -22.837001, 0], [-43.362678, -22.837018, 0], [-43.36269, -22.837002, 0], [-43.362735, -22.837034, 0], [-43.362731, -22.837038, 0], [-43.362748, -22.83705, 0], [-43.362784, -22.837006, 0], [-43.36273, -22.836967, 0], [-43.362709, -22.836952, 0], [-43.362701, -22.836947, 0], [-43.3627, -22.836946, 0], [-43.362654, -22.837001, 0]]]}, "properties": {"address": "0, 0"}},
{"type": "Feature", "geometry": {"type": "Polygon", "coordinates": [[[-43.362563, -22.836977, 0], [-43.362532, -22.83701, 0], [-43.362535, -22.837013, 0], [-43.362569, -22.837046, 0], [-43.362596, -22.83702, 0], [-43.362624, -22.836994, 0], [-43.362627, -22.836996, 0], [-43.362666, -22.837032, 0], [-43.362678, -22.837018, 0], [-43.362654, -22.837001, 0], [-43.3627, -22.836946, 0], [-43.362701, -22.836947, 0], [-43.362709, -22.836952, 0], [-43.36273, -22.836967, 0], [-43.362784, -22.837006, 0], [-43.362812, -22.836973, 0], [-43.362764, -22.836933, 0], [-43.362762, -22.836935, 0], [-43.362674, -22.836865, 0], [-43.362667, -22.836872, 0], [-43.362563, -22.836977, 0]]]}, "properties": {"address": "0, 0"}},
{"type": "Feature", "geometry": {"type": "Polygon", "coordinates": [[[-43.362214, -22.836812, 0], [-43.362192, -22.836855, 0], [-43.362183, -22.836872, 0], [-43.362173, -22.836892, 0], [-43.362154, -22.836929, 0], [-43.362213, -22.836964, 0], [-43.362272, -22.836997, 0], [-43.362289, -22.836971, 0], [-43.3623, -22.836954, 0], [-43.362361, -22.836864, 0], [-43.362368, -22.83685, 0], [-43.362334, -22.836834, 0], [-43.362324, -22.836829, 0], [-43.362253, -22.836797, 0], [-43.362239, -22.836791, 0], [-43.362237, -22.836796, 0], [-43.362214, -22.836812, 0]]]}, "properties": {"address": "0, 0"}},
{"type": "Feature", "geometry": {"type": "Polygon", "coordinates": [[[-43.362084, -22.836808, 0], [-43.362166, -22.83685, 0], [-43.362169, -22.836851, 0], [-43.362173, -22.836844, 0], [-43.362179, -22.836847, 0], [-43.362209, -22.836799, 0], [-43.362204, -22.836796, 0], [-43.362103, -22.836746, 0], [-43.362086, -22.836803, 0], [-43.362084, -22.836808, 0]]]}, "properties": {"address": "0, 0"}},
{"type": "Feature", "geometry": {"type": "Polygon", "coordinates": [[[-43.362107, -22.836734, 0], [-43.362106, -22.836736, 0], [-43.362103, -22.836746, 0], [-43.362204, -22.836796, 0], [-43.362209, -22.836799, 0], [-43.362237, -22.836752, 0], [-43.362227, -22.836746, 0], [-43.362177, -22.836721, 0], [-43.362113, -22.836688, 0], [-43.362112, -22.836707, 0], [-43.362107, -22.836734, 0]]]}, "properties": {"address": "0, 0"}},
{"type": "Feature", "geometry": {"type": "Polygon", "coordinates": [[[-43.362112, -22.836654, 0], [-43.362112, -22.836656, 0], [-43.362114, -22.836677, 0], [-43.362113, -22.836688, 0], [-43.362177, -22.836721, 0], [-43.362227, -22.836746, 0], [-43.362237, -22.836752, 0], [-43.362266, -22.836705, 0], [-43.362251, -22.836697, 0], [-43.362177, -22.83666, 0], [-43.362175, -22.836664, 0], [-43.36211, -22.836641, 0], [-43.362111, -22.836646, 0], [-43.362112, -22.836654, 0]]]}, "properties": {"address": "0, 0"}},
{"type": "Feature", "geometry": {"type": "Polygon", "coordinates": [[[-43.36226, -22.83668, 0], [-43.36234, -22.836712, 0], [-43.362362, -22.836721, 0], [-43.362363, -22.836718, 0], [-43.362387, -22.836668, 0], [-43.3624, -22.836641, 0], [-43.362364, -22.836625, 0], [-43.362298, -22.836594, 0], [-43.362268, -22.836662, 0], [-43.36226, -22.83668, 0]]]}, "properties": {"address": "0, 0"}},
{"type": "Feature", "geometry": {"type": "Polygon", "coordinates": [[[-43.362102, -22.836562, 0], [-43.362106, -22.836596, 0], [-43.36211, -22.836641, 0], [-43.362175, -22.836664, 0], [-43.362177, -22.83666, 0], [-43.362251, -22.836697, 0], [-43.36226, -22.83668, 0], [-43.362268, -22.836662, 0], [-43.362298, -22.836594, 0], [-43.362214, -22.836555, 0], [-43.3622, -22.836582, 0], [-43.362145, -22.836554, 0], [-43.362137, -22.83655, 0], [-43.362098, -22.836537, 0], [-43.362099, -22.836547, 0], [-43.362102, -22.836562, 0]]]}, "properties": {"address": "0, 0"}},
{"type": "Feature", "geometry": {"type": "Polygon", "coordinates": [[[-43.360727, -22.837499, 0], [-43.360799, -22.837529, 0], [-43.360805, -22.837531, 0], [-43.360858, -22.83743, 0], [-43.360827, -22.837416, 0], [-43.360776, -22.837393, 0], [-43.360737, -22.837478, 0], [-43.360727, -22.837499, 0]]]}, "properties": {"address": "0, 0"}},
{"type": "Feature", "geometry": {"type": "Polygon", "coordinates": [[[-43.361885, -22.837834, 0], [-43.361875, -22.837848, 0], [-43.361829, -22.837918, 0], [-43.361809, -22.837949, 0], [-43.361769, -22.838009, 0], [-43.361743, -22.838049, 0], [-43.36183, -22.838102, 0], [-43.36184, -22.83808, 0], [-43.361866, -22.838024, 0], [-43.361886, -22.837983, 0], [-43.361904, -22.837945, 0], [-43.361905, -22.837943, 0], [-43.361924, -22.837914, 0], [-43.361953, -22.837872, 0], [-43.36197, -22.837847, 0], [-43.361979, -22.837833, 0], [-43.361996, -22.837809, 0], [-43.362011, -22.837788, 0], [-43.362005, -22.837785, 0], [-43.361993, -22.837777, 0], [-43.361942, -22.837747, 0], [-43.361919, -22.837781, 0], [-43.361885, -22.837834, 0]]]}, "properties": {"address": "0, 0"}},
{"type": "Feature", "geometry": {"type": "Polygon", "coordinates": [[[-43.360893, -22.837393, 0], [-43.360824, -22.837539, 0], [-43.360895, -22.837567, 0], [-43.360913, -22.837534, 0], [-43.360917, -22.837528, 0], [-43.360945, -22.837478, 0], [-43.36097, -22.837434, 0], [-43.360978, -22.837421, 0], [-43.36098, -22.837418, 0], [-43.360993, -22.837394, 0], [-43.360954, -22.837355, 0], [-43.360894, -22.837391, 0], [-43.360893, -22.837393, 0]]]}, "properties": {"address": "0, 0"}},
{"type": "Feature", "geometry": {"type": "Polygon", "coordinates": [[[-43.360776, -22.837393, 0], [-43.360827, -22.837416, 0], [-43.360858, -22.83743, 0], [-43.360868, -22.83741, 0], [-43.360867, -22.837391, 0], [-43.360863, -22.837386, 0], [-43.360849, -22.83737, 0], [-43.360844, -22.837365, 0], [-43.360829, -22.837347, 0], [-43.360821, -22.837337, 0], [-43.360808, -22.837322, 0], [-43.360786, -22.837371, 0], [-43.360776, -22.837393, 0]]]}, "properties": {"address": "0, 0"}},
{"type": "Feature", "geometry": {"type": "Polygon", "coordinates": [[[-43.360692, -22.837354, 0], [-43.360684, -22.837373, 0], [-43.36067, -22.837406, 0], [-43.360655, -22.837443, 0], [-43.360645, -22.837465, 0], [-43.360699, -22.837487, 0], [-43.360727, -22.837499, 0], [-43.360737, -22.837478, 0], [-43.360776, -22.837393, 0], [-43.360786, -22.837371, 0], [-43.360808, -22.837322, 0], [-43.360763, -22.837316, 0], [-43.36071, -22.83731, 0], [-43.360701, -22.837331, 0], [-43.360692, -22.837354, 0]]]}, "properties": {"address": "0, 0"}},
{"type": "Feature", "geometry": {"type": "Polygon", "coordinates": [[[-43.360921, -22.837257, 0], [-43.360851, -22.837278, 0], [-43.360849, -22.83735, 0], [-43.360893, -22.837393, 0], [-43.360894, -22.837391, 0], [-43.360954, -22.837355, 0], [-43.361013, -22.837319, 0], [-43.361035, -22.837306, 0], [-43.361072, -22.837283, 0], [-43.361072, -22.837282, 0], [-43.361052, -22.837232, 0], [-43.361047, -22.837221, 0], [-43.360924, -22.837256, 0], [-43.360921, -22.837257, 0]]]}, "properties": {"address": "0, 0"}},
{"type": "Feature", "geometry": {"type": "Polygon", "coordinates": [[[-43.360974, -22.837182, 0], [-43.360928, -22.83719, 0], [-43.360924, -22.83719, 0], [-43.360886, -22.837196, 0], [-43.360837, -22.837204, 0], [-43.360849, -22.837265, 0], [-43.360851, -22.837278, 0], [-43.360921, -22.837257, 0], [-43.360924, -22.837256, 0], [-43.361047, -22.837221, 0], [-43.361048, -22.837168, 0], [-43.36102, -22.837173, 0], [-43.360974, -22.837182, 0]]]}, "properties": {"address": "0, 0"}},
{"type": "Feature", "geometry": {"type": "Polygon", "coordinates": [[[-43.360705, -22.83712, 0], [-43.360666, -22.837122, 0], [-43.360663, -22.837122, 0], [-43.360607, -22.83712, 0], [-43.360593, -22.83712, 0], [-43.360565, -22.837119, 0], [-43.360528, -22.837119, 0], [-43.360508, -22.837118, 0], [-43.360469, -22.837117, 0], [-43.360443, -22.837117, 0], [-43.360431, -22.837116, 0], [-43.360421, -22.837219, 0], [-43.360419, -22.83724, 0], [-43.360419, -22.837241, 0], [-43.360413, -22.837274, 0], [-43.360445, -22.837278, 0], [-43.360467, -22.837281, 0], [-43.360482, -22.837282, 0], [-43.360509, -22.837286, 0], [-43.360531, -22.837288, 0], [-43.360566, -22.837293, 0], [-43.360615, -22.837299, 0], [-43.360655, -22.837303, 0], [-43.360659, -22.837304, 0], [-43.360675, -22.837306, 0], [-43.36071, -22.83731, 0], [-43.360763, -22.837316, 0], [-43.360808, -22.837322, 0], [-43.360821, -22.837337, 0], [-43.360834, -22.837325, 0], [-43.360839, -22.83729, 0], [-43.360836, -22.83729, 0], [-43.360841, -22.837263, 0], [-43.360831, -22.837224, 0], [-43.360824, -22.837224, 0], [-43.36082, -22.837191, 0], [-43.360828, -22.837191, 0], [-43.360835, -22.83719, 0], [-43.360837, -22.837204, 0], [-43.360886, -22.837196, 0], [-43.360924, -22.83719, 0], [-43.360928, -22.83719, 0], [-43.360974, -22.837182, 0], [-43.36102, -22.837173, 0], [-43.361048, -22.837168, 0], [-43.361049, -22.837133, 0], [-43.360981, -22.837131, 0], [-43.360973, -22.837131, 0], [-43.360922, -22.837134, 0], [-43.360883, -22.837137, 0], [-43.360813, -22.837141, 0], [-43.360809, -22.837141, 0], [-43.360803, -22.837115, 0], [-43.360711, -22.837119, 0], [-43.360705, -22.83712, 0]]]}, "properties": {"address": "0, 0"}},
{"type": "Feature", "geometry": {"type": "Polygon", "coordinates": [[[-43.361559, -22.836758, 0], [-43.361533, -22.836774, 0], [-43.361533, -22.83678, 0], [-43.361537, -22.836822, 0], [-43.361538, -22.836829, 0], [-43.361558, -22.836978, 0], [-43.361641, -22.836987, 0], [-43.361634, -22.836956, 0], [-43.361619, -22.836883, 0], [-43.361594, -22.836758, 0], [-43.361593, -22.83675, 0], [-43.361578, -22.836754, 0], [-43.361559, -22.836758, 0]]]}, "properties": {"address": "0, 0"}},
{"type": "Feature", "geometry": {"type": "Polygon", "coordinates": [[[-43.36139, -22.836649, 0], [-43.361395, -22.836691, 0], [-43.361401, -22.836748, 0], [-43.361405, -22.836787, 0], [-43.361406, -22.836799, 0], [-43.361411, -22.836847, 0], [-43.361437, -22.836843, 0], [-43.361484, -22.836837, 0], [-43.361504, -22.836834, 0], [-43.361538, -22.836829, 0], [-43.361537, -22.836822, 0], [-43.361533, -22.83678, 0], [-43.361533, -22.836774, 0], [-43.361531, -22.836756, 0], [-43.361531, -22.836747, 0], [-43.361528, -22.836732, 0], [-43.361525, -22.836716, 0], [-43.361519, -22.836674, 0], [-43.361511, -22.836628, 0], [-43.361432, -22.836642, 0], [-43.36139, -22.836649, 0]]]}, "properties": {"address": "0, 0"}},
{"type": "Feature", "geometry": {"type": "Polygon", "coordinates": [[[-43.361517, -22.836625, 0], [-43.361511, -22.836628, 0], [-43.361519, -22.836674, 0], [-43.361525, -22.836716, 0], [-43.361528, -22.836732, 0], [-43.361531, -22.836747, 0], [-43.361558, -22.83674, 0], [-43.361585, -22.836734, 0], [-43.361692, -22.836706, 0], [-43.361646, -22.83665, 0], [-43.361641, -22.836642, 0], [-43.361603, -22.836587, 0], [-43.361536, -22.836617, 0], [-43.361517, -22.836625, 0]]]}, "properties": {"address": "0, 0"}},
{"type": "Feature", "geometry": {"type": "Polygon", "coordinates": [[[-43.361594, -22.836758, 0], [-43.361619, -22.836883, 0], [-43.361634, -22.836956, 0], [-43.361641, -22.836987, 0], [-43.361744, -22.836998, 0], [-43.361786, -22.837003, 0], [-43.361787, -22.837003, 0], [-43.361791, -22.837, 0], [-43.361878, -22.836942, 0], [-43.361804, -22.836849, 0], [-43.361755, -22.836786, 0], [-43.361704, -22.836722, 0], [-43.361593, -22.83675, 0], [-43.361594, -22.836758, 0]]]}, "properties": {"address": "0, 0"}},
{"type": "Feature", "geometry": {"type": "Polygon", "coordinates": [[[-43.361744, -22.837732, 0], [-43.361723, -22.837761, 0], [-43.361722, -22.837762, 0], [-43.3617, -22.837793, 0], [-43.361695, -22.837799, 0], [-43.361676, -22.837826, 0], [-43.36161, -22.837917, 0], [-43.361585, -22.83795, 0], [-43.361665, -22.838, 0], [-43.361749, -22.837886, 0], [-43.361816, -22.837795, 0], [-43.36184, -22.837762, 0], [-43.361877, -22.837711, 0], [-43.361858, -22.8377, 0], [-43.361793, -22.837664, 0], [-43.361747, -22.837728, 0], [-43.361744, -22.837732, 0]]]}, "properties": {"address": "0, 0"}},
{"type": "Feature", "geometry": {"type": "Polygon", "coordinates": [[[-43.36162, -22.837645, 0], [-43.361668, -22.837668, 0], [-43.361659, -22.837681, 0], [-43.361747, -22.837728, 0], [-43.361793, -22.837664, 0], [-43.361783, -22.837658, 0], [-43.361775, -22.837652, 0], [-43.361733, -22.837634, 0], [-43.361706, -22.837622, 0], [-43.361666, -22.837605, 0], [-43.361645, -22.837595, 0], [-43.361625, -22.837587, 0], [-43.361609, -22.837585, 0], [-43.361581, -22.837624, 0], [-43.36162, -22.837645, 0]]]}, "properties": {"address": "0, 0"}},
{"type": "Feature", "geometry": {"type": "Polygon", "coordinates": [[[-43.361842, -22.837602, 0], [-43.361895, -22.837622, 0], [-43.361916, -22.837631, 0], [-43.361963, -22.837649, 0], [-43.361999, -22.837664, 0], [-43.362036, -22.837678, 0], [-43.362047, -22.837647, 0], [-43.362066, -22.837596, 0], [-43.361962, -22.837564, 0], [-43.361941, -22.837557, 0], [-43.3619, -22.837545, 0], [-43.361862, -22.837533, 0], [-43.361829, -22.837596, 0], [-43.361842, -22.837602, 0]]]}, "properties": {"address": "0, 0"}},
{"type": "Feature", "geometry": {"type": "Polygon", "coordinates": [[[-43.361625, -22.837587, 0], [-43.361645, -22.837595, 0], [-43.361666, -22.837605, 0], [-43.361706, -22.837622, 0], [-43.361733, -22.837634, 0], [-43.361775, -22.837652, 0], [-43.361785, -22.837632, 0], [-43.361804, -22.837591, 0], [-43.361834, -22.837531, 0], [-43.361836, -22.837526, 0], [-43.361746, -22.837501, 0], [-43.361748, -22.837495, 0], [-43.361692, -22.837479, 0], [-43.361657, -22.83747, 0], [-43.361638, -22.837528, 0], [-43.361625, -22.837587, 0]]]}, "properties": {"address": "0, 0"}},
{"type": "Feature", "geometry": {"type": "Polygon", "coordinates": [[[-43.361874, -22.837509, 0], [-43.361862, -22.837533, 0], [-43.3619, -22.837545, 0], [-43.361941, -22.837557, 0], [-43.361962, -22.837564, 0], [-43.361987, -22.83751, 0], [-43.362001, -22.83748, 0], [-43.361911, -22.83744, 0], [-43.361899, -22.837463, 0], [-43.361874, -22.837509, 0]]]}, "properties": {"address": "0, 0"}},
{"type": "Feature", "geometry": {"type": "Polygon", "coordinates": [[[-43.362001, -22.83748, 0], [-43.362026, -22.837426, 0], [-43.36203, -22.837419, 0], [-43.362031, -22.837415, 0], [-43.36204, -22.837397, 0], [-43.361993, -22.837384, 0], [-43.361947, -22.837372, 0], [-43.361911, -22.83744, 0], [-43.362001, -22.83748, 0]]]}, "properties": {"address": "0, 0"}},
{"type": "Feature", "geometry": {"type": "Polygon", "coordinates": [[[-43.36177, -22.837437, 0], [-43.361764, -22.837448, 0], [-43.361806, -22.837461, 0], [-43.36186, -22.837476, 0], [-43.361862, -22.837471, 0], [-43.361903, -22.837387, 0], [-43.361914, -22.837364, 0], [-43.361823, -22.837329, 0], [-43.361813, -22.837349, 0], [-43.36177, -22.837437, 0]]]}, "properties": {"address": "0, 0"}},
{"type": "Feature", "geometry": {"type": "Polygon", "coordinates": [[[-43.361657, -22.83747, 0], [-43.361692, -22.837479, 0], [-43.361748, -22.837495, 0], [-43.361746, -22.837501, 0], [-43.361836, -22.837526, 0], [-43.36186, -22.837476, 0], [-43.361806, -22.837461, 0], [-43.361764, -22.837448, 0], [-43.36177, -22.837437, 0], [-43.361813, -22.837349, 0], [-43.361823, -22.837329, 0], [-43.361731, -22.837294, 0], [-43.361723, -22.837312, 0], [-43.361691, -22.837381, 0], [-43.361663, -22.837442, 0], [-43.361657, -22.83747, 0]]]}, "properties": {"address": "0, 0"}},
{"type": "Feature", "geometry": {"type": "Polygon", "coordinates": [[[-43.362404, -22.838019, 0], [-43.362424, -22.83803, 0], [-43.362439, -22.838039, 0], [-43.36246, -22.837956, 0], [-43.362467, -22.837928, 0], [-43.362446, -22.837915, 0], [-43.362437, -22.83791, 0], [-43.362397, -22.837887, 0], [-43.362363, -22.837868, 0], [-43.362347, -22.837859, 0], [-43.362246, -22.837801, 0], [-43.362224, -22.837788, 0], [-43.362176, -22.837761, 0], [-43.362155, -22.837788, 0], [-43.362098, -22.83775, 0], [-43.362076, -22.837735, 0], [-43.362047, -22.837715, 0], [-43.362016, -22.837791, 0], [-43.362022, -22.837795, 0], [-43.362078, -22.837827, 0], [-43.362138, -22.837863, 0], [-43.362204, -22.837901, 0], [-43.362299, -22.837957, 0], [-43.362339, -22.83798, 0], [-43.362404, -22.838019, 0]]]}, "properties": {"address": "0, 0"}},
{"type": "Feature", "geometry": {"type": "Polygon", "coordinates": [[[-43.362177, -22.837737, 0], [-43.362161, -22.83773, 0], [-43.362138, -22.83772, 0], [-43.362136, -22.837724, 0], [-43.362116, -22.837721, 0], [-43.362078, -22.837713, 0], [-43.36205, -22.837706, 0], [-43.362047, -22.837715, 0], [-43.362076, -22.837735, 0], [-43.362098, -22.83775, 0], [-43.362155, -22.837788, 0], [-43.362176, -22.837761, 0], [-43.362167, -22.837755, 0], [-43.362177, -22.837737, 0]]]}, "properties": {"address": "0, 0"}},
{"type": "Feature", "geometry": {"type": "Polygon", "coordinates": [[[-43.361793, -22.837664, 0], [-43.361858, -22.8377, 0], [-43.361877, -22.837711, 0], [-43.361916, -22.837732, 0], [-43.361942, -22.837747, 0], [-43.361993, -22.837777, 0], [-43.362012, -22.837741, 0], [-43.362036, -22.837678, 0], [-43.361999, -22.837664, 0], [-43.361963, -22.837649, 0], [-43.361916, -22.837631, 0], [-43.361895, -22.837622, 0], [-43.361842, -22.837602, 0], [-43.361829, -22.837596, 0], [-43.361803, -22.837645, 0], [-43.361793, -22.837664, 0]]]}, "properties": {"address": "0, 0"}},
{"type": "Feature", "geometry": {"type": "Polygon", "coordinates": [[[-43.362181, -22.837644, 0], [-43.36218, -22.837643, 0], [-43.362176, -22.837641, 0], [-43.362095, -22.837599, 0], [-43.362063, -22.837676, 0], [-43.362051, -22.837706, 0], [-43.362078, -22.837713, 0], [-43.362116, -22.837721, 0], [-43.362136, -22.837724, 0], [-43.362138, -22.83772, 0], [-43.362161, -22.83773, 0], [-43.362177, -22.837737, 0], [-43.362186, -22.837723, 0], [-43.362227, -22.837743, 0], [-43.362231, -22.837736, 0], [-43.362258, -22.83775, 0], [-43.362286, -22.837767, 0], [-43.362314, -22.837722, 0], [-43.362298, -22.837712, 0], [-43.362268, -22.837693, 0], [-43.362247, -22.837681, 0], [-43.362239, -22.837677, 0], [-43.362235, -22.837674, 0], [-43.362186, -22.837646, 0], [-43.362181, -22.837644, 0]]]}, "properties": {"address": "0, 0"}},
{"type": "Feature", "geometry": {"type": "Polygon", "coordinates": [[[-43.362176, -22.837641, 0], [-43.36218, -22.837643, 0], [-43.36219, -22.837619, 0], [-43.362196, -22.837604, 0], [-43.362163, -22.83759, 0], [-43.362108, -22.837567, 0], [-43.362095, -22.837599, 0], [-43.362176, -22.837641, 0]]]}, "properties": {"address": "0, 0"}},
{"type": "Feature", "geometry": {"type": "Polygon", "coordinates": [[[-43.36221, -22.83757, 0], [-43.362218, -22.837552, 0], [-43.362136, -22.837521, 0], [-43.362128, -22.837518, 0], [-43.362108, -22.837567, 0], [-43.362163, -22.83759, 0], [-43.362196, -22.837603, 0], [-43.36221, -22.83757, 0]]]}, "properties": {"address": "0, 0"}},
{"type": "Feature", "geometry": {"type": "Polygon", "coordinates": [[[-43.36204, -22.837588, 0], [-43.362066, -22.837596, 0], [-43.362087, -22.837545, 0], [-43.361987, -22.83751, 0], [-43.361962, -22.837564, 0], [-43.36204, -22.837588, 0]]]}, "properties": {"address": "0, 0"}},
{"type": "Feature", "geometry": {"type": "Polygon", "coordinates": [[[-43.362228, -22.837461, 0], [-43.362164, -22.83743, 0], [-43.362149, -22.837466, 0], [-43.362128, -22.837518, 0], [-43.362136, -22.837521, 0], [-43.362218, -22.837552, 0], [-43.362231, -22.837518, 0], [-43.362243, -22.837491, 0], [-43.36225, -22.837472, 0], [-43.362228, -22.837461, 0]]]}, "properties": {"address": "0, 0"}},
{"type": "Feature", "geometry": {"type": "Polygon", "coordinates": [[[-43.362087, -22.837545, 0], [-43.362066, -22.837596, 0], [-43.362047, -22.837647, 0], [-43.362036, -22.837678, 0], [-43.362012, -22.837741, 0], [-43.361993, -22.837777, 0], [-43.362005, -22.837785, 0], [-43.362011, -22.837788, 0], [-43.362016, -22.837791, 0], [-43.362047, -22.837715, 0], [-43.36205, -22.837706, 0], [-43.362051, -22.837706, 0], [-43.362063, -22.837676, 0], [-43.362095, -22.837599, 0], [-43.362108, -22.837567, 0], [-43.362128, -22.837518, 0], [-43.362149, -22.837466, 0], [-43.362164, -22.83743, 0], [-43.362163, -22.83743, 0], [-43.362149, -22.837426, 0], [-43.362136, -22.837423, 0], [-43.362121, -22.837459, 0], [-43.362087, -22.837545, 0]]]}, "properties": {"address": "0, 0"}},
{"type": "Feature", "geometry": {"type": "Polygon", "coordinates": [[[-43.36203, -22.837419, 0], [-43.362026, -22.837426, 0], [-43.362001, -22.83748, 0], [-43.361987, -22.83751, 0], [-43.362087, -22.837545, 0], [-43.362121, -22.837459, 0], [-43.362136, -22.837423, 0], [-43.36204, -22.837397, 0], [-43.362031, -22.837415, 0], [-43.36203, -22.837419, 0]]]}, "properties": {"address": "0, 0"}},
{"type": "Feature", "geometry": {"type": "Polygon", "coordinates": [[[-43.360949, -22.835478, 0], [-43.360902, -22.835529, 0], [-43.360862, -22.835568, 0], [-43.360857, -22.835591, 0], [-43.360958, -22.835594, 0], [-43.36096, -22.835606, 0], [-43.361032, -22.835601, 0], [-43.361088, -22.835597, 0], [-43.361102, -22.835492, 0], [-43.361106, -22.835465, 0], [-43.361106, -22.835463, 0], [-43.361111, -22.835427, 0], [-43.361065, -22.835407, 0], [-43.361064, -22.835407, 0], [-43.361016, -22.835401, 0], [-43.360993, -22.835413, 0], [-43.360949, -22.835478, 0]]]}, "properties": {"address": "0, 0"}},
{"type": "Feature", "geometry": {"type": "Polygon", "coordinates": [[[-43.353865, -22.83552, 0], [-43.354047, -22.83556, 0], [-43.35406, -22.835516, 0], [-43.353882, -22.835483, 0], [-43.353865, -22.835518, 0], [-43.353865, -22.83552, 0]]]}, "properties": {"address": "0, 0"}},
{"type": "Feature", "geometry": {"type": "Polygon", "coordinates": [[[-43.36164, -22.838582, 0], [-43.361728, -22.838589, 0], [-43.361734, -22.83859, 0], [-43.361739, -22.838535, 0], [-43.36164, -22.838532, 0], [-43.361639, -22.838582, 0], [-43.36164, -22.838582, 0]]]}, "properties": {"address": "122641, 0"}},
{"type": "Feature", "geometry": {"type": "Polygon", "coordinates": [[[-43.35406, -22.835516, 0], [-43.354073, -22.835472, 0], [-43.353903, -22.835439, 0], [-43.353882, -22.835483, 0], [-43.35406, -22.835516, 0]]]}, "properties": {"address": "0, 0"}},
{"type": "Feature", "geometry": {"type": "Polygon", "coordinates": [[[-43.36146, -22.838571, 0], [-43.361545, -22.838582, 0], [-43.361591, -22.838583, 0], [-43.361596, -22.838533, 0], [-43.361467, -22.838521, 0], [-43.361465, -22.838534, 0], [-43.36146, -22.838571, 0]]]}, "properties": {"address": "122641, 0"}},
{"type": "Feature", "geometry": {"type": "Polygon", "coordinates": [[[-43.361467, -22.838521, 0], [-43.361596, -22.838533, 0], [-43.361598, -22.838486, 0], [-43.361475, -22.838456, 0], [-43.361473, -22.838465, 0], [-43.361467, -22.838521, 0]]]}, "properties": {"address": "122641, 0"}},
{"type": "Feature", "geometry": {"type": "Polygon", "coordinates": [[[-43.353645, -22.83582, 0], [-43.353734, -22.835838, 0], [-43.353764, -22.835729, 0], [-43.353669, -22.835714, 0], [-43.353668, -22.83572, 0], [-43.353645, -22.83582, 0]]]}, "properties": {"address": "0, 741923"}},
{"type": "Feature", "geometry": {"type": "Polygon", "coordinates": [[[-43.353977, -22.835887, 0], [-43.353995, -22.8358, 0], [-43.353796, -22.835765, 0], [-43.353775, -22.835846, 0], [-43.353977, -22.835887, 0]]]}, "properties": {"address": "0, 669130"}},
{"type": "Feature", "geometry": {"type": "Polygon", "coordinates": [[[-43.353995, -22.8358, 0], [-43.354012, -22.835722, 0], [-43.353818, -22.835682, 0], [-43.353796, -22.835765, 0], [-43.353995, -22.8358, 0]]]}, "properties": {"address": "0, 0"}},
{"type": "Feature", "geometry": {"type": "Polygon", "coordinates": [[[-43.353818, -22.835682, 0], [-43.354012, -22.835722, 0], [-43.354032, -22.83563, 0], [-43.353842, -22.835598, 0], [-43.353827, -22.835647, 0], [-43.353818, -22.835682, 0]]]}, "properties": {"address": "0, 0"}},
{"type": "Feature", "geometry": {"type": "Polygon", "coordinates": [[[-43.354032, -22.83563, 0], [-43.354046, -22.835564, 0], [-43.354047, -22.83556, 0], [-43.353865, -22.83552, 0], [-43.353842, -22.835598, 0], [-43.354032, -22.83563, 0]]]}, "properties": {"address": "0, 0"}},
{"type": "Feature", "geometry": {"type": "Polygon", "coordinates": [[[-43.361166, -22.83836, 0], [-43.361286, -22.838386, 0], [-43.361296, -22.838344, 0], [-43.361178, -22.838315, 0], [-43.361167, -22.838358, 0], [-43.361166, -22.83836, 0]]]}, "properties": {"address": "122642, 0"}},
{"type": "Feature", "geometry": {"type": "Polygon", "coordinates": [[[-43.361323, -22.838605, 0], [-43.361319, -22.838628, 0], [-43.361328, -22.83863, 0], [-43.361326, -22.838638, 0], [-43.361451, -22.83865, 0], [-43.36146, -22.838571, 0], [-43.361465, -22.838534, 0], [-43.361381, -22.838532, 0], [-43.36138, -22.838535, 0], [-43.361345, -22.83853, 0], [-43.361333, -22.838606, 0], [-43.361323, -22.838605, 0]]]}, "properties": {"address": "122642, 0"}},
{"type": "Feature", "geometry": {"type": "Polygon", "coordinates": [[[-43.361132, -22.838581, 0], [-43.36124, -22.838597, 0], [-43.361248, -22.838545, 0], [-43.361249, -22.838543, 0], [-43.361141, -22.838527, 0], [-43.361131, -22.83858, 0], [-43.361132, -22.838581, 0]]]}, "properties": {"address": "122642, 0"}},
{"type": "Feature", "geometry": {"type": "Polygon", "coordinates": [[[-43.361145, -22.838509, 0], [-43.361143, -22.83852, 0], [-43.361141, -22.838527, 0], [-43.361249, -22.838543, 0], [-43.361263, -22.838477, 0], [-43.361156, -22.838459, 0], [-43.361155, -22.838465, 0], [-43.361145, -22.838509, 0]]]}, "properties": {"address": "122642, 0"}},
{"type": "Feature", "geometry": {"type": "Polygon", "coordinates": [[[-43.36138, -22.838535, 0], [-43.361381, -22.838532, 0], [-43.361465, -22.838534, 0], [-43.361467, -22.838521, 0], [-43.361473, -22.838465, 0], [-43.361475, -22.838456, 0], [-43.361487, -22.838389, 0], [-43.361393, -22.838375, 0], [-43.361367, -22.838372, 0], [-43.361345, -22.83853, 0], [-43.36138, -22.838535, 0]]]}, "properties": {"address": "122642, 0"}},
{"type": "Feature", "geometry": {"type": "Polygon", "coordinates": [[[-43.361263, -22.838477, 0], [-43.361267, -22.838477, 0], [-43.361276, -22.838439, 0], [-43.361273, -22.838439, 0], [-43.361286, -22.838386, 0], [-43.361166, -22.83836, 0], [-43.361156, -22.838459, 0], [-43.361263, -22.838477, 0]]]}, "properties": {"address": "122642, 0"}},
{"type": "Feature", "geometry": {"type": "Polygon", "coordinates": [[[-43.361367, -22.838372, 0], [-43.361393, -22.838375, 0], [-43.361487, -22.838389, 0], [-43.361492, -22.838362, 0], [-43.361503, -22.838331, 0], [-43.361505, -22.838319, 0], [-43.361382, -22.838298, 0], [-43.361376, -22.838323, 0], [-43.361367, -22.838372, 0]]]}, "properties": {"address": "122642, 0"}},
{"type": "Feature", "geometry": {"type": "Polygon", "coordinates": [[[-43.361178, -22.838315, 0], [-43.361296, -22.838344, 0], [-43.361309, -22.838297, 0], [-43.361193, -22.838266, 0], [-43.361188, -22.838284, 0], [-43.361178, -22.838315, 0]]]}, "properties": {"address": "122642, 0"}},
{"type": "Feature", "geometry": {"type": "Polygon", "coordinates": [[[-43.361505, -22.838319, 0], [-43.361512, -22.83829, 0], [-43.361512, -22.838288, 0], [-43.361389, -22.838267, 0], [-43.361382, -22.838298, 0], [-43.361505, -22.838319, 0]]]}, "properties": {"address": "122642, 0"}},
{"type": "Feature", "geometry": {"type": "Polygon", "coordinates": [[[-43.361193, -22.838266, 0], [-43.361309, -22.838297, 0], [-43.361323, -22.838247, 0], [-43.361208, -22.83822, 0], [-43.361207, -22.838223, 0], [-43.361193, -22.838266, 0]]]}, "properties": {"address": "122642, 0"}},
{"type": "Feature", "geometry": {"type": "Polygon", "coordinates": [[[-43.361395, -22.838224, 0], [-43.361399, -22.838225, 0], [-43.361392, -22.838255, 0], [-43.361465, -22.838269, 0], [-43.361478, -22.838204, 0], [-43.361402, -22.838191, 0], [-43.361402, -22.838194, 0], [-43.361395, -22.838224, 0]]]}, "properties": {"address": "122642, 0"}},
{"type": "Feature", "geometry": {"type": "Polygon", "coordinates": [[[-43.361206, -22.838219, 0], [-43.361208, -22.83822, 0], [-43.361323, -22.838247, 0], [-43.361329, -22.838249, 0], [-43.361339, -22.83821, 0], [-43.36133, -22.838208, 0], [-43.361221, -22.838182, 0], [-43.361216, -22.83818, 0], [-43.361215, -22.838185, 0], [-43.361206, -22.838219, 0]]]}, "properties": {"address": "122642, 0"}},
{"type": "Feature", "geometry": {"type": "Polygon", "coordinates": [[[-43.36063, -22.838564, 0], [-43.360675, -22.838568, 0], [-43.360676, -22.838561, 0], [-43.360824, -22.838576, 0], [-43.360835, -22.838522, 0], [-43.360768, -22.838512, 0], [-43.360768, -22.838515, 0], [-43.360649, -22.838502, 0], [-43.360655, -22.838464, 0], [-43.360644, -22.838462, 0], [-43.360632, -22.838549, 0], [-43.36063, -22.838564, 0]]]}, "properties": {"address": "122643, 0"}},
{"type": "Feature", "geometry": {"type": "Polygon", "coordinates": [[[-43.361498, -22.838175, 0], [-43.36149, -22.838206, 0], [-43.361478, -22.838204, 0], [-43.361465, -22.838269, 0], [-43.361392, -22.838255, 0], [-43.361389, -22.838267, 0], [-43.361512, -22.838288, 0], [-43.361512, -22.838289, 0], [-43.361537, -22.838294, 0], [-43.361587, -22.838239, 0], [-43.36158, -22.838234, 0], [-43.361578, -22.838235, 0], [-43.361543, -22.838206, 0], [-43.36155, -22.838199, 0], [-43.361518, -22.83817, 0], [-43.361506, -22.838182, 0], [-43.361498, -22.838175, 0]]]}, "properties": {"address": "122642, 0"}},
{"type": "Feature", "geometry": {"type": "Polygon", "coordinates": [[[-43.361339, -22.83821, 0], [-43.36134, -22.838209, 0], [-43.361365, -22.838213, 0], [-43.36137, -22.838188, 0], [-43.361402, -22.838194, 0], [-43.361402, -22.838191, 0], [-43.361478, -22.838204, 0], [-43.36149, -22.838206, 0], [-43.361498, -22.838175, 0], [-43.361497, -22.838173, 0], [-43.361495, -22.838175, 0], [-43.361488, -22.838168, 0], [-43.361486, -22.83817, 0], [-43.361472, -22.838158, 0], [-43.361475, -22.838154, 0], [-43.361393, -22.83812, 0], [-43.361352, -22.838107, 0], [-43.36133, -22.838208, 0], [-43.361339, -22.83821, 0]]]}, "properties": {"address": "122642, 0"}},
{"type": "Feature", "geometry": {"type": "Polygon", "coordinates": [[[-43.360977, -22.837877, 0], [-43.361001, -22.837889, 0], [-43.361026, -22.837901, 0], [-43.361076, -22.837933, 0], [-43.361078, -22.83793, 0], [-43.361122, -22.837957, 0], [-43.36112, -22.83796, 0], [-43.36114, -22.837978, 0], [-43.361182, -22.838012, 0], [-43.361236, -22.838058, 0], [-43.36126, -22.838072, 0], [-43.361265, -22.838061, 0], [-43.361246, -22.838047, 0], [-43.361245, -22.838048, 0], [-43.361182, -22.837998, 0], [-43.361183, -22.837997, 0], [-43.36112, -22.837945, 0], [-43.361115, -22.837941, 0], [-43.36104, -22.8379, 0], [-43.360962, -22.837858, 0], [-43.360955, -22.837868, 0], [-43.360977, -22.837877, 0]]]}, "properties": {"address": "122642, 0"}},
{"type": "Feature", "geometry": {"type": "Polygon", "coordinates": [[[-43.36063, -22.838564, 0], [-43.360628, -22.838578, 0], [-43.360626, -22.838587, 0], [-43.36062, -22.838623, 0], [-43.360624, -22.838624, 0], [-43.360669, -22.83863, 0], [-43.360669, -22.838632, 0], [-43.360812, -22.838652, 0], [-43.360817, -22.838612, 0], [-43.360824, -22.838576, 0], [-43.360676, -22.838561, 0], [-43.360675, -22.838568, 0], [-43.36063, -22.838564, 0]]]}, "properties": {"address": "122643, 0"}},
{"type": "Feature", "geometry": {"type": "Polygon", "coordinates": [[[-43.361058, -22.8386, 0], [-43.361128, -22.838602, 0], [-43.361132, -22.838581, 0], [-43.361131, -22.83858, 0], [-43.361141, -22.838527, 0], [-43.361143, -22.83852, 0], [-43.3609, -22.838499, 0], [-43.360889, -22.838583, 0], [-43.361058, -22.8386, 0]]]}, "properties": {"address": "122643, 0"}},
{"type": "Feature", "geometry": {"type": "Polygon", "coordinates": [[[-43.360644, -22.838462, 0], [-43.360655, -22.838464, 0], [-43.360649, -22.838502, 0], [-43.360768, -22.838515, 0], [-43.360768, -22.838512, 0], [-43.360835, -22.838522, 0], [-43.360839, -22.838502, 0], [-43.360844, -22.838458, 0], [-43.360649, -22.83843, 0], [-43.360649, -22.838433, 0], [-43.360644, -22.838462, 0]]]}, "properties": {"address": "122643, 0"}},
{"type": "Feature", "geometry": {"type": "Polygon", "coordinates": [[[-43.361143, -22.83852, 0], [-43.361145, -22.838509, 0], [-43.361155, -22.838465, 0], [-43.361156, -22.838459, 0], [-43.361073, -22.838452, 0], [-43.361073, -22.838455, 0], [-43.361016, -22.83845, 0], [-43.360907, -22.838444, 0], [-43.3609, -22.838499, 0], [-43.361143, -22.83852, 0]]]}, "properties": {"address": "122643, 0"}},
{"type": "Feature", "geometry": {"type": "Polygon", "coordinates": [[[-43.360649, -22.838433, 0], [-43.360649, -22.83843, 0], [-43.360844, -22.838458, 0], [-43.360851, -22.838413, 0], [-43.360657, -22.83839, 0], [-43.360646, -22.838432, 0], [-43.360649, -22.838433, 0]]]}, "properties": {"address": "122643, 0"}},
{"type": "Feature", "geometry": {"type": "Polygon", "coordinates": [[[-43.360669, -22.838345, 0], [-43.360657, -22.83839, 0], [-43.360851, -22.838413, 0], [-43.360855, -22.838381, 0], [-43.360862, -22.838356, 0], [-43.360723, -22.838331, 0], [-43.360681, -22.838323, 0], [-43.360676, -22.838347, 0], [-43.360669, -22.838345, 0]]]}, "properties": {"address": "122643, 0"}},
{"type": "Feature", "geometry": {"type": "Polygon", "coordinates": [[[-43.360907, -22.838444, 0], [-43.361016, -22.83845, 0], [-43.361073, -22.838455, 0], [-43.361073, -22.838452, 0], [-43.361156, -22.838459, 0], [-43.361166, -22.83836, 0], [-43.361167, -22.838358, 0], [-43.36113, -22.838349, 0], [-43.361128, -22.838363, 0], [-43.361078, -22.838358, 0], [-43.36108, -22.838349, 0], [-43.36093, -22.838319, 0], [-43.360927, -22.838318, 0], [-43.36091, -22.838419, 0], [-43.360907, -22.838444, 0]]]}, "properties": {"address": "122643, 0"}},
{"type": "Feature", "geometry": {"type": "Polygon", "coordinates": [[[-43.360686, -22.838294, 0], [-43.360679, -22.838323, 0], [-43.360681, -22.838323, 0], [-43.360723, -22.838331, 0], [-43.360862, -22.838356, 0], [-43.36088, -22.83829, 0], [-43.360699, -22.838249, 0], [-43.360696, -22.838249, 0], [-43.360686, -22.838294, 0]]]}, "properties": {"address": "122643, 0"}},
{"type": "Feature", "geometry": {"type": "Polygon", "coordinates": [[[-43.36093, -22.838319, 0], [-43.36108, -22.838349, 0], [-43.361078, -22.838358, 0], [-43.361128, -22.838363, 0], [-43.36113, -22.838349, 0], [-43.361167, -22.838358, 0], [-43.361178, -22.838315, 0], [-43.361188, -22.838284, 0], [-43.361137, -22.838271, 0], [-43.36114, -22.838261, 0], [-43.36106, -22.838242, 0], [-43.360953, -22.838234, 0], [-43.360941, -22.83827, 0], [-43.36093, -22.838319, 0]]]}, "properties": {"address": "122643, 0"}},
{"type": "Feature", "geometry": {"type": "Polygon", "coordinates": [[[-43.36106, -22.838242, 0], [-43.36114, -22.838261, 0], [-43.361137, -22.838271, 0], [-43.361188, -22.838284, 0], [-43.361193, -22.838266, 0], [-43.361207, -22.838223, 0], [-43.361157, -22.838212, 0], [-43.361084, -22.838202, 0], [-43.361085, -22.8382, 0], [-43.360969, -22.838191, 0], [-43.360953, -22.838234, 0], [-43.36106, -22.838242, 0]]]}, "properties": {"address": "122643, 0"}},
{"type": "Feature", "geometry": {"type": "Polygon", "coordinates": [[[-43.361085, -22.8382, 0], [-43.361086, -22.838194, 0], [-43.361072, -22.838192, 0], [-43.361062, -22.838187, 0], [-43.360974, -22.838179, 0], [-43.360969, -22.838191, 0], [-43.361085, -22.8382, 0]]]}, "properties": {"address": "122643, 0"}},
{"type": "Feature", "geometry": {"type": "Polygon", "coordinates": [[[-43.360709, -22.838217, 0], [-43.360699, -22.838249, 0], [-43.36088, -22.83829, 0], [-43.360883, -22.838279, 0], [-43.360897, -22.838226, 0], [-43.360906, -22.838204, 0], [-43.360726, -22.838164, 0], [-43.360705, -22.838215, 0], [-43.360709, -22.838217, 0]]]}, "properties": {"address": "122643, 0"}},
{"type": "Feature", "geometry": {"type": "Polygon", "coordinates": [[[-43.361085, -22.8382, 0], [-43.361084, -22.838202, 0], [-43.361157, -22.838212, 0], [-43.361207, -22.838223, 0], [-43.361208, -22.83822, 0], [-43.361206, -22.838219, 0], [-43.361215, -22.838185, 0], [-43.36109, -22.838162, 0], [-43.361086, -22.838194, 0], [-43.361085, -22.8382, 0]]]}, "properties": {"address": "122643, 0"}},
{"type": "Feature", "geometry": {"type": "Polygon", "coordinates": [[[-43.361062, -22.838187, 0], [-43.361072, -22.838192, 0], [-43.361086, -22.838194, 0], [-43.36109, -22.838162, 0], [-43.361093, -22.83815, 0], [-43.360991, -22.83813, 0], [-43.360974, -22.838179, 0], [-43.361062, -22.838187, 0]]]}, "properties": {"address": "122643, 0"}},
{"type": "Feature", "geometry": {"type": "Polygon", "coordinates": [[[-43.361093, -22.83815, 0], [-43.36109, -22.838162, 0], [-43.361215, -22.838185, 0], [-43.361216, -22.83818, 0], [-43.361221, -22.838182, 0], [-43.361227, -22.838155, 0], [-43.361106, -22.838139, 0], [-43.361106, -22.838142, 0], [-43.360995, -22.838118, 0], [-43.360991, -22.83813, 0], [-43.361093, -22.83815, 0]]]}, "properties": {"address": "122643, 0"}},
{"type": "Feature", "geometry": {"type": "Polygon", "coordinates": [[[-43.360725, -22.838141, 0], [-43.360734, -22.838144, 0], [-43.360732, -22.838148, 0], [-43.360726, -22.838164, 0], [-43.360906, -22.838204, 0], [-43.360924, -22.838162, 0], [-43.360925, -22.83816, 0], [-43.360795, -22.838133, 0], [-43.36074, -22.83811, 0], [-43.360738, -22.838109, 0], [-43.360727, -22.838135, 0], [-43.360725, -22.838141, 0]]]}, "properties": {"address": "122643, 0"}},
{"type": "Feature", "geometry": {"type": "Polygon", "coordinates": [[[-43.360795, -22.838133, 0], [-43.360925, -22.83816, 0], [-43.360929, -22.838143, 0], [-43.360938, -22.838107, 0], [-43.360938, -22.838102, 0], [-43.360813, -22.838087, 0], [-43.360812, -22.83809, 0], [-43.360746, -22.838077, 0], [-43.36074, -22.83811, 0], [-43.360795, -22.838133, 0]]]}, "properties": {"address": "122643, 0"}},
{"type": "Feature", "geometry": {"type": "Polygon", "coordinates": [[[-43.360977, -22.838044, 0], [-43.360965, -22.838112, 0], [-43.360995, -22.838118, 0], [-43.361106, -22.838142, 0], [-43.361106, -22.838139, 0], [-43.361227, -22.838155, 0], [-43.361221, -22.838182, 0], [-43.36133, -22.838208, 0], [-43.361352, -22.838107, 0], [-43.361344, -22.838104, 0], [-43.361276, -22.83809, 0], [-43.361278, -22.838087, 0], [-43.361255, -22.838081, 0], [-43.36126, -22.838072, 0], [-43.361236, -22.838058, 0], [-43.361182, -22.838012, 0], [-43.36114, -22.837978, 0], [-43.36112, -22.83796, 0], [-43.361122, -22.837957, 0], [-43.361078, -22.83793, 0], [-43.361076, -22.837933, 0], [-43.361026, -22.837901, 0], [-43.361001, -22.837889, 0], [-43.36098, -22.838044, 0], [-43.360977, -22.838044, 0]]]}, "properties": {"address": "122643, 0"}},
{"type": "Feature", "geometry": {"type": "Polygon", "coordinates": [[[-43.360783, -22.83786, 0], [-43.360787, -22.837861, 0], [-43.360746, -22.838077, 0], [-43.360812, -22.83809, 0], [-43.360813, -22.838087, 0], [-43.360938, -22.838102, 0], [-43.360938, -22.838107, 0], [-43.360965, -22.838112, 0], [-43.360977, -22.838044, 0], [-43.36098, -22.838044, 0], [-43.361001, -22.837889, 0], [-43.360977, -22.837877, 0], [-43.360955, -22.837868, 0], [-43.360883, -22.83784, 0], [-43.360888, -22.837821, 0], [-43.360851, -22.837805, 0], [-43.36081, -22.837787, 0], [-43.360804, -22.837785, 0], [-43.360803, -22.837787, 0], [-43.360783, -22.83786, 0]]]}, "properties": {"address": "122643, 0"}},
{"type": "Feature", "geometry": {"type": "Polygon", "coordinates": [[[-43.360062, -22.838647, 0], [-43.360104, -22.83855, 0], [-43.36006, -22.838533, 0], [-43.360019, -22.838629, 0], [-43.360062, -22.838647, 0]]]}, "properties": {"address": "120146, 0"}},
{"type": "Feature", "geometry": {"type": "Polygon", "coordinates": [[[-43.362278, -22.838605, 0], [-43.362281, -22.838606, 0], [-43.362282, -22.8386, 0], [-43.362285, -22.838537, 0], [-43.362186, -22.838498, 0], [-43.362146, -22.838482, 0], [-43.362117, -22.83855, 0], [-43.362278, -22.838605, 0]]]}, "properties": {"address": "120142, 0"}},
{"type": "Feature", "geometry": {"type": "Polygon", "coordinates": [[[-43.360018, -22.838628, 0], [-43.360019, -22.838629, 0], [-43.36006, -22.838533, 0], [-43.359993, -22.838509, 0], [-43.359957, -22.838606, 0], [-43.360018, -22.838628, 0]]]}, "properties": {"address": "120146, 0"}},
{"type": "Feature", "geometry": {"type": "Polygon", "coordinates": [[[-43.360253, -22.838409, 0], [-43.360239, -22.838466, 0], [-43.360237, -22.838475, 0], [-43.36024, -22.838476, 0], [-43.360381, -22.838529, 0], [-43.360396, -22.838453, 0], [-43.360253, -22.838409, 0]]]}, "properties": {"address": "122644, 0"}},
{"type": "Feature", "geometry": {"type": "Polygon", "coordinates": [[[-43.360397, -22.838453, 0], [-43.360405, -22.838425, 0], [-43.360259, -22.838386, 0], [-43.360253, -22.838409, 0], [-43.360397, -22.838453, 0]]]}, "properties": {"address": "122644, 0"}},
{"type": "Feature", "geometry": {"type": "Polygon", "coordinates": [[[-43.360543, -22.837783, 0], [-43.360542, -22.837789, 0], [-43.360537, -22.837804, 0], [-43.360588, -22.837818, 0], [-43.360602, -22.83777, 0], [-43.3606, -22.837769, 0], [-43.360611, -22.837731, 0], [-43.360605, -22.83773, 0], [-43.360562, -22.837719, 0], [-43.36056, -22.837725, 0], [-43.360543, -22.837783, 0]]]}, "properties": {"address": "122644, 0"}},
{"type": "Feature", "geometry": {"type": "Polygon", "coordinates": [[[-43.360524, -22.837627, 0], [-43.360522, -22.837637, 0], [-43.360481, -22.837623, 0], [-43.360457, -22.837686, 0], [-43.360455, -22.837689, 0], [-43.36056, -22.837725, 0], [-43.360562, -22.837719, 0], [-43.360605, -22.83773, 0], [-43.360609, -22.837718, 0], [-43.360635, -22.837627, 0], [-43.360623, -22.837622, 0], [-43.360533, -22.837588, 0], [-43.360521, -22.837626, 0], [-43.360524, -22.837627, 0]]]}, "properties": {"address": "122644, 0"}},
{"type": "Feature", "geometry": {"type": "Polygon", "coordinates": [[[-43.360596, -22.837874, 0], [-43.36059, -22.837901, 0], [-43.360586, -22.83792, 0], [-43.360579, -22.83795, 0], [-43.360566, -22.838008, 0], [-43.36056, -22.838037, 0], [-43.360551, -22.838079, 0], [-43.360561, -22.838082, 0], [-43.360696, -22.838125, 0], [-43.360712, -22.83813, 0], [-43.360727, -22.838135, 0], [-43.360738, -22.838109, 0], [-43.36074, -22.83811, 0], [-43.360746, -22.838077, 0], [-43.360787, -22.837861, 0], [-43.360783, -22.83786, 0], [-43.360803, -22.837787, 0], [-43.360768, -22.837774, 0], [-43.360739, -22.837763, 0], [-43.36069, -22.837746, 0], [-43.360635, -22.837728, 0], [-43.360597, -22.837868, 0], [-43.360596, -22.837874, 0]]]}, "properties": {"address": "122644, 0"}},
{"type": "Feature", "geometry": {"type": "Polygon", "coordinates": [[[-43.36062, -22.838623, 0], [-43.360626, -22.838587, 0], [-43.360628, -22.838578, 0], [-43.360573, -22.838571, 0], [-43.360565, -22.838569, 0], [-43.360564, -22.838571, 0], [-43.360492, -22.838554, 0], [-43.360444, -22.838543, 0], [-43.360442, -22.838543, 0], [-43.360429, -22.838584, 0], [-43.360435, -22.838585, 0], [-43.360519, -22.838606, 0], [-43.36062, -22.838623, 0]]]}, "properties": {"address": "122644, 0"}},
{"type": "Feature", "geometry": {"type": "Polygon", "coordinates": [[[-43.360372, -22.838581, 0], [-43.360374, -22.838561, 0], [-43.360237, -22.838526, 0], [-43.360233, -22.838563, 0], [-43.360372, -22.838581, 0]]]}, "properties": {"address": "122644, 0"}},
{"type": "Feature", "geometry": {"type": "Polygon", "coordinates": [[[-43.360492, -22.838554, 0], [-43.360564, -22.838571, 0], [-43.360565, -22.838569, 0], [-43.360573, -22.838571, 0], [-43.360628, -22.838578, 0], [-43.36063, -22.838564, 0], [-43.360632, -22.838549, 0], [-43.360453, -22.838507, 0], [-43.360444, -22.838543, 0], [-43.360492, -22.838554, 0]]]}, "properties": {"address": "122644, 0"}},
{"type": "Feature", "geometry": {"type": "Polygon", "coordinates": [[[-43.360632, -22.838549, 0], [-43.360644, -22.838462, 0], [-43.360649, -22.838433, 0], [-43.360646, -22.838432, 0], [-43.36059, -22.83842, 0], [-43.360479, -22.838396, 0], [-43.360453, -22.838507, 0], [-43.360632, -22.838549, 0]]]}, "properties": {"address": "122644, 0"}},
{"type": "Feature", "geometry": {"type": "Polygon", "coordinates": [[[-43.360495, -22.83833, 0], [-43.360479, -22.838396, 0], [-43.36059, -22.83842, 0], [-43.360611, -22.838341, 0], [-43.360504, -22.838317, 0], [-43.360501, -22.838331, 0], [-43.360495, -22.83833, 0]]]}, "properties": {"address": "122644, 0"}},
{"type": "Feature", "geometry": {"type": "Polygon", "coordinates": [[[-43.360611, -22.838341, 0], [-43.36059, -22.83842, 0], [-43.360646, -22.838432, 0], [-43.360657, -22.83839, 0], [-43.360669, -22.838345, 0], [-43.360508, -22.838303, 0], [-43.360504, -22.838317, 0], [-43.360611, -22.838341, 0]]]}, "properties": {"address": "122644, 0"}},
{"type": "Feature", "geometry": {"type": "Polygon", "coordinates": [[[-43.360669, -22.838345, 0], [-43.360676, -22.838347, 0], [-43.360681, -22.838323, 0], [-43.360679, -22.838323, 0], [-43.360686, -22.838294, 0], [-43.360517, -22.838251, 0], [-43.360508, -22.838303, 0], [-43.360669, -22.838345, 0]]]}, "properties": {"address": "122644, 0"}},
{"type": "Feature", "geometry": {"type": "Polygon", "coordinates": [[[-43.360686, -22.838294, 0], [-43.360694, -22.838258, 0], [-43.36057, -22.838228, 0], [-43.360527, -22.838215, 0], [-43.360517, -22.838251, 0], [-43.360686, -22.838294, 0]]]}, "properties": {"address": "122644, 0"}},
{"type": "Feature", "geometry": {"type": "Polygon", "coordinates": [[[-43.360527, -22.838215, 0], [-43.36057, -22.838228, 0], [-43.360694, -22.838258, 0], [-43.360696, -22.838249, 0], [-43.360699, -22.838249, 0], [-43.360709, -22.838217, 0], [-43.360705, -22.838215, 0], [-43.360537, -22.838154, 0], [-43.360518, -22.838212, 0], [-43.360527, -22.838215, 0]]]}, "properties": {"address": "122644, 0"}},
{"type": "Feature", "geometry": {"type": "Polygon", "coordinates": [[[-43.360705, -22.838215, 0], [-43.360726, -22.838164, 0], [-43.360732, -22.838148, 0], [-43.360734, -22.838144, 0], [-43.360725, -22.838141, 0], [-43.360727, -22.838135, 0], [-43.360712, -22.83813, 0], [-43.360696, -22.838125, 0], [-43.360561, -22.838082, 0], [-43.360537, -22.838154, 0], [-43.360705, -22.838215, 0]]]}, "properties": {"address": "122644, 0"}},
{"type": "Feature", "geometry": {"type": "Polygon", "coordinates": [[[-43.360202, -22.838563, 0], [-43.360167, -22.838677, 0], [-43.360165, -22.838683, 0], [-43.360175, -22.838686, 0], [-43.360217, -22.838697, 0], [-43.360218, -22.838698, 0], [-43.36023, -22.838592, 0], [-43.360233, -22.838563, 0], [-43.360237, -22.838526, 0], [-43.36024, -22.838476, 0], [-43.360237, -22.838475, 0], [-43.360239, -22.838466, 0], [-43.360223, -22.838463, 0], [-43.360222, -22.838466, 0], [-43.360202, -22.838563, 0]]]}, "properties": {"address": "120146, 0"}},
{"type": "Feature", "geometry": {"type": "Polygon", "coordinates": [[[-43.360141, -22.838487, 0], [-43.360133, -22.838483, 0], [-43.36013, -22.838491, 0], [-43.360104, -22.83855, 0], [-43.360062, -22.838647, 0], [-43.3601, -22.838663, 0], [-43.360128, -22.83867, 0], [-43.360165, -22.838683, 0], [-43.360167, -22.838677, 0], [-43.360202, -22.838563, 0], [-43.360222, -22.838466, 0], [-43.360184, -22.838459, 0], [-43.360153, -22.83846, 0], [-43.360141, -22.838487, 0]]]}, "properties": {"address": "120146, 0"}},
{"type": "Feature", "geometry": {"type": "Polygon", "coordinates": [[[-43.36006, -22.838533, 0], [-43.360104, -22.83855, 0], [-43.36013, -22.838491, 0], [-43.360013, -22.838447, 0], [-43.359993, -22.838509, 0], [-43.36006, -22.838533, 0]]]}, "properties": {"address": "122628, 0"}},
{"type": "Feature", "geometry": {"type": "Polygon", "coordinates": [[[-43.36013, -22.838491, 0], [-43.360133, -22.838483, 0], [-43.360141, -22.838487, 0], [-43.360153, -22.83846, 0], [-43.360154, -22.838457, 0], [-43.360089, -22.838433, 0], [-43.360088, -22.838436, 0], [-43.360063, -22.838426, 0], [-43.360052, -22.838422, 0], [-43.360024, -22.838412, 0], [-43.360013, -22.838447, 0], [-43.36013, -22.838491, 0]]]}, "properties": {"address": "122628, 0"}},
{"type": "Feature", "geometry": {"type": "Polygon", "coordinates": [[[-43.360198, -22.838374, 0], [-43.360195, -22.838389, 0], [-43.360188, -22.838387, 0], [-43.360173, -22.838439, 0], [-43.360148, -22.838442, 0], [-43.360028, -22.838401, 0], [-43.360024, -22.838412, 0], [-43.360052, -22.838422, 0], [-43.360063, -22.838426, 0], [-43.360088, -22.838436, 0], [-43.360089, -22.838433, 0], [-43.360154, -22.838457, 0], [-43.360153, -22.83846, 0], [-43.360184, -22.838459, 0], [-43.360222, -22.838466, 0], [-43.360223, -22.838463, 0], [-43.360239, -22.838466, 0], [-43.360253, -22.838409, 0], [-43.360259, -22.838386, 0], [-43.360262, -22.838374, 0], [-43.360248, -22.838371, 0], [-43.360245, -22.838383, 0], [-43.360198, -22.838374, 0]]]}, "properties": {"address": "122628, 0"}},
{"type": "Feature", "geometry": {"type": "Polygon", "coordinates": [[[-43.360028, -22.838401, 0], [-43.360148, -22.838442, 0], [-43.360173, -22.838439, 0], [-43.360188, -22.838387, 0], [-43.360047, -22.838341, 0], [-43.36004, -22.838364, 0], [-43.360028, -22.838401, 0]]]}, "properties": {"address": "122628, 0"}},
{"type": "Feature", "geometry": {"type": "Polygon", "coordinates": [[[-43.360047, -22.838341, 0], [-43.360188, -22.838387, 0], [-43.360195, -22.838389, 0], [-43.360198, -22.838374, 0], [-43.360245, -22.838383, 0], [-43.360248, -22.838371, 0], [-43.360262, -22.838374, 0], [-43.360271, -22.838336, 0], [-43.36027, -22.838336, 0], [-43.360202, -22.838318, 0], [-43.360068, -22.838277, 0], [-43.360057, -22.838312, 0], [-43.360047, -22.838341, 0]]]}, "properties": {"address": "122628, 0"}},
{"type": "Feature", "geometry": {"type": "Polygon", "coordinates": [[[-43.360202, -22.838318, 0], [-43.36027, -22.838336, 0], [-43.360275, -22.838312, 0], [-43.360289, -22.838255, 0], [-43.360279, -22.838253, 0], [-43.360212, -22.838236, 0], [-43.360211, -22.83824, 0], [-43.360092, -22.838205, 0], [-43.360068, -22.838277, 0], [-43.360202, -22.838318, 0]]]}, "properties": {"address": "122628, 0"}},
{"type": "Feature", "geometry": {"type": "Polygon", "coordinates": [[[-43.360123, -22.838126, 0], [-43.360096, -22.838191, 0], [-43.360092, -22.838205, 0], [-43.360211, -22.83824, 0], [-43.360212, -22.838236, 0], [-43.360279, -22.838253, 0], [-43.360284, -22.83824, 0], [-43.360297, -22.838203, 0], [-43.3603, -22.838204, 0], [-43.360322, -22.838122, 0], [-43.360142, -22.83808, 0], [-43.360139, -22.838087, 0], [-43.360123, -22.838126, 0]]]}, "properties": {"address": "122628, 0"}},
{"type": "Feature", "geometry": {"type": "Polygon", "coordinates": [[[-43.360178, -22.837993, 0], [-43.360346, -22.838031, 0], [-43.360492, -22.838062, 0], [-43.360508, -22.837952, 0], [-43.360467, -22.837946, 0], [-43.360468, -22.837937, 0], [-43.360347, -22.837925, 0], [-43.360346, -22.837934, 0], [-43.360217, -22.837895, 0], [-43.36018, -22.837989, 0], [-43.360178, -22.837993, 0]]]}, "properties": {"address": "122628, 0"}},
{"type": "Feature", "geometry": {"type": "Polygon", "coordinates": [[[-43.360346, -22.837934, 0], [-43.360347, -22.837925, 0], [-43.360468, -22.837937, 0], [-43.360467, -22.837946, 0], [-43.360508, -22.837952, 0], [-43.360515, -22.837901, 0], [-43.360516, -22.837897, 0], [-43.360421, -22.837862, 0], [-43.360254, -22.8378, 0], [-43.360217, -22.837895, 0], [-43.360346, -22.837934, 0]]]}, "properties": {"address": "122628, 0"}},
{"type": "Feature", "geometry": {"type": "Polygon", "coordinates": [[[-43.360542, -22.837789, 0], [-43.360543, -22.837783, 0], [-43.36056, -22.837725, 0], [-43.360455, -22.837689, 0], [-43.360457, -22.837686, 0], [-43.36032, -22.837633, 0], [-43.360277, -22.837743, 0], [-43.360268, -22.837764, 0], [-43.360259, -22.837786, 0], [-43.360254, -22.8378, 0], [-43.360421, -22.837862, 0], [-43.360516, -22.837897, 0], [-43.360537, -22.837804, 0], [-43.360537, -22.837803, 0], [-43.360542, -22.837789, 0]]]}, "properties": {"address": "122628, 0"}},
{"type": "Feature", "geometry": {"type": "Polygon", "coordinates": [[[-43.36032, -22.837633, 0], [-43.360457, -22.837686, 0], [-43.360481, -22.837623, 0], [-43.360331, -22.83757, 0], [-43.360319, -22.837615, 0], [-43.36032, -22.837633, 0]]]}, "properties": {"address": "122628, 0"}},
{"type": "Feature", "geometry": {"type": "Polygon", "coordinates": [[[-43.360481, -22.837623, 0], [-43.360522, -22.837637, 0], [-43.360524, -22.837627, 0], [-43.360521, -22.837626, 0], [-43.360533, -22.837588, 0], [-43.360525, -22.837585, 0], [-43.36053, -22.837576, 0], [-43.360468, -22.83755, 0], [-43.360415, -22.837527, 0], [-43.360352, -22.8375, 0], [-43.360331, -22.83757, 0], [-43.360481, -22.837623, 0]]]}, "properties": {"address": "122628, 0"}},
{"type": "Feature", "geometry": {"type": "Polygon", "coordinates": [[[-43.36171, -22.838492, 0], [-43.361743, -22.838495, 0], [-43.361749, -22.838496, 0], [-43.361765, -22.838418, 0], [-43.361719, -22.838413, 0], [-43.361719, -22.838409, 0], [-43.361649, -22.838405, 0], [-43.361644, -22.838492, 0], [-43.36171, -22.838492, 0]]]}, "properties": {"address": "122641, 0"}},
{"type": "Feature", "geometry": {"type": "Polygon", "coordinates": [[[-43.361598, -22.838486, 0], [-43.361602, -22.838403, 0], [-43.361602, -22.8384, 0], [-43.361487, -22.838389, 0], [-43.361475, -22.838456, 0], [-43.361598, -22.838486, 0]]]}, "properties": {"address": "122641, 0"}},
{"type": "Feature", "geometry": {"type": "Polygon", "coordinates": [[[-43.361487, -22.838389, 0], [-43.361602, -22.8384, 0], [-43.361603, -22.838374, 0], [-43.361534, -22.838349, 0], [-43.361503, -22.838331, 0], [-43.361492, -22.838362, 0], [-43.361487, -22.838389, 0]]]}, "properties": {"address": "122641, 0"}},
{"type": "Feature", "geometry": {"type": "Polygon", "coordinates": [[[-43.361636, -22.838385, 0], [-43.36162, -22.838404, 0], [-43.361649, -22.838405, 0], [-43.361719, -22.838409, 0], [-43.361719, -22.838413, 0], [-43.361765, -22.838418, 0], [-43.361773, -22.838383, 0], [-43.361756, -22.838368, 0], [-43.361755, -22.83837, 0], [-43.361709, -22.838335, 0], [-43.361678, -22.838308, 0], [-43.361676, -22.83831, 0], [-43.36167, -22.838306, 0], [-43.361656, -22.838363, 0], [-43.361636, -22.838385, 0]]]}, "properties": {"address": "122641, 0"}},
{"type": "Feature", "geometry": {"type": "Polygon", "coordinates": [[[-43.361503, -22.838331, 0], [-43.361534, -22.838349, 0], [-43.361603, -22.838374, 0], [-43.361602, -22.8384, 0], [-43.361602, -22.838403, 0], [-43.36162, -22.838404, 0], [-43.361636, -22.838385, 0], [-43.36158, -22.838347, 0], [-43.361583, -22.838342, 0], [-43.361549, -22.838317, 0], [-43.361512, -22.83829, 0], [-43.361505, -22.838319, 0], [-43.361503, -22.838331, 0]]]}, "properties": {"address": "122641, 0"}},
{"type": "Feature", "geometry": {"type": "Polygon", "coordinates": [[[-43.36158, -22.838347, 0], [-43.361636, -22.838385, 0], [-43.361656, -22.838363, 0], [-43.36167, -22.838306, 0], [-43.361635, -22.838279, 0], [-43.361583, -22.838342, 0], [-43.36158, -22.838347, 0]]]}, "properties": {"address": "122641, 0"}},
{"type": "Feature", "geometry": {"type": "Polygon", "coordinates": [[[-43.361512, -22.838289, 0], [-43.361512, -22.83829, 0], [-43.361549, -22.838317, 0], [-43.361583, -22.838342, 0], [-43.361635, -22.838279, 0], [-43.361637, -22.838276, 0], [-43.36161, -22.838256, 0], [-43.361587, -22.838239, 0], [-43.361537, -22.838294, 0], [-43.361512, -22.838289, 0]]]}, "properties": {"address": "122641, 0"}},
{"type": "Feature", "geometry": {"type": "Polygon", "coordinates": [[[-43.356972, -22.838464, 0], [-43.356971, -22.838463, 0], [-43.356909, -22.838389, 0], [-43.35688, -22.83841, 0], [-43.356838, -22.838441, 0], [-43.356812, -22.83846, 0], [-43.356744, -22.83851, 0], [-43.356604, -22.838612, 0], [-43.356535, -22.838662, 0], [-43.356467, -22.838712, 0], [-43.356397, -22.838762, 0], [-43.356332, -22.83881, 0], [-43.356258, -22.838864, 0], [-43.356218, -22.838893, 0], [-43.356191, -22.838913, 0], [-43.356123, -22.838962, 0], [-43.356052, -22.839014, 0], [-43.356017, -22.83904, 0], [-43.356035, -22.839141, 0], [-43.356107, -22.839648, 0], [-43.35615, -22.839962, 0], [-43.356293, -22.840053, 0], [-43.356379, -22.840069, 0], [-43.356466, -22.840086, 0], [-43.356636, -22.840118, 0], [-43.356722, -22.840135, 0], [-43.356806, -22.840151, 0], [-43.356895, -22.840168, 0], [-43.35694, -22.840176, 0], [-43.356876, -22.839845, 0], [-43.357442, -22.839772, 0], [-43.357433, -22.839714, 0], [-43.35746, -22.839711, 0], [-43.357379, -22.839516, 0], [-43.357302, -22.839489, 0], [-43.35728, -22.839445, 0], [-43.357332, -22.839132, 0], [-43.357336, -22.839098, 0], [-43.357338, -22.839062, 0], [-43.357341, -22.839009, 0], [-43.357342, -22.838961, 0], [-43.357339, -22.838885, 0], [-43.357334, -22.838811, 0], [-43.357331, -22.838803, 0], [-43.357326, -22.838796, 0], [-43.357213, -22.838654, 0], [-43.357094, -22.838681, 0], [-43.357063, -22.8386, 0], [-43.356887, -22.838553, 0], [-43.356875, -22.838542, 0], [-43.356869, -22.838534, 0], [-43.356908, -22.838506, 0], [-43.356949, -22.838477, 0], [-43.356972, -22.838464, 0]]]}, "properties": {"address": "122617, 0"}},
{"type": "Feature", "geometry": {"type": "Polygon", "coordinates": [[[-43.352902, -22.836501, 0], [-43.352885, -22.836498, 0], [-43.352866, -22.836558, 0], [-43.352886, -22.836561, 0], [-43.352846, -22.836712, 0], [-43.352983, -22.836735, 0], [-43.353075, -22.83674, 0], [-43.35305, -22.836704, 0], [-43.353014, -22.836652, 0], [-43.353049, -22.83646, 0], [-43.352917, -22.83644, 0], [-43.352914, -22.836454, 0], [-43.352902, -22.836501, 0]]]}, "properties": {"address": "0, 0"}},
{"type": "Feature", "geometry": {"type": "Polygon", "coordinates": [[[-43.353061, -22.836395, 0], [-43.353077, -22.836306, 0], [-43.353102, -22.836168, 0], [-43.352986, -22.836155, 0], [-43.352985, -22.836161, 0], [-43.35297, -22.836265, 0], [-43.352955, -22.836323, 0], [-43.352941, -22.836372, 0], [-43.353061, -22.836395, 0]]]}, "properties": {"address": "0, 0"}},
{"type": "Feature", "geometry": {"type": "Polygon", "coordinates": [[[-43.353102, -22.836168, 0], [-43.353144, -22.835844, 0], [-43.353024, -22.835824, 0], [-43.352986, -22.836155, 0], [-43.353102, -22.836168, 0]]]}, "properties": {"address": "0, 0"}},
{"type": "Feature", "geometry": {"type": "Polygon", "coordinates": [[[-43.353049, -22.83646, 0], [-43.353061, -22.836395, 0], [-43.352932, -22.836371, 0], [-43.352917, -22.83644, 0], [-43.353049, -22.83646, 0]]]}, "properties": {"address": "0, 0"}},
{"type": "Feature", "geometry": {"type": "Polygon", "coordinates": [[[-43.353942, -22.835309, 0], [-43.353936, -22.835321, 0], [-43.353908, -22.835373, 0], [-43.353897, -22.835394, 0], [-43.35388, -22.835427, 0], [-43.353906, -22.835434, 0], [-43.353903, -22.835439, 0], [-43.354073, -22.835472, 0], [-43.354097, -22.835388, 0], [-43.353986, -22.835354, 0], [-43.354059, -22.835235, 0], [-43.353997, -22.835204, 0], [-43.353942, -22.835309, 0]]]}, "properties": {"address": "0, 382348"}},
{"type": "Feature", "geometry": {"type": "Polygon", "coordinates": [[[-43.353224, -22.835726, 0], [-43.353318, -22.835752, 0], [-43.353319, -22.835752, 0], [-43.353381, -22.835548, 0], [-43.353418, -22.835432, 0], [-43.353465, -22.835368, 0], [-43.353513, -22.835401, 0], [-43.353548, -22.835416, 0], [-43.353519, -22.835478, 0], [-43.353489, -22.835572, 0], [-43.353594, -22.835595, 0], [-43.353685, -22.835627, 0], [-43.353669, -22.835714, 0], [-43.353764, -22.835729, 0], [-43.353815, -22.835545, 0], [-43.353818, -22.835546, 0], [-43.35384, -22.835477, 0], [-43.353848, -22.835481, 0], [-43.353872, -22.835423, 0], [-43.353887, -22.835392, 0], [-43.353905, -22.835357, 0], [-43.353901, -22.835356, 0], [-43.353917, -22.835327, 0], [-43.353904, -22.835321, 0], [-43.353911, -22.835307, 0], [-43.353915, -22.835298, 0], [-43.353928, -22.835272, 0], [-43.353959, -22.835224, 0], [-43.353758, -22.835113, 0], [-43.353655, -22.835065, 0], [-43.353551, -22.835027, 0], [-43.353348, -22.835339, 0], [-43.353224, -22.835726, 0]]]}, "properties": {"address": "0, 742078"}},
{"type": "Feature", "geometry": {"type": "Polygon", "coordinates": [[[-43.352024, -22.83689, 0], [-43.352128, -22.836903, 0], [-43.352133, -22.836904, 0], [-43.352185, -22.836795, 0], [-43.352186, -22.836792, 0], [-43.352152, -22.836786, 0], [-43.352047, -22.83677, 0], [-43.352047, -22.836771, 0], [-43.352024, -22.83689, 0]]]}, "properties": {"address": "0, 669019"}},
{"type": "Feature", "geometry": {"type": "Polygon", "coordinates": [[[-43.358528, -22.838222, 0], [-43.358558, -22.83823, 0], [-43.358606, -22.838247, 0], [-43.358665, -22.838268, 0], [-43.358731, -22.838289, 0], [-43.358793, -22.838309, 0], [-43.358794, -22.838307, 0], [-43.358813, -22.838262, 0], [-43.358755, -22.838204, 0], [-43.358793, -22.838138, 0], [-43.358609, -22.83804, 0], [-43.35859, -22.838084, 0], [-43.358528, -22.838222, 0]]]}, "properties": {"address": "0, 0"}},
{"type": "Feature", "geometry": {"type": "Polygon", "coordinates": [[[-43.36145, -22.835724, 0], [-43.361438, -22.835734, 0], [-43.361423, -22.835746, 0], [-43.361355, -22.835803, 0], [-43.361324, -22.835828, 0], [-43.361318, -22.835867, 0], [-43.361303, -22.835875, 0], [-43.361313, -22.835894, 0], [-43.361329, -22.835926, 0], [-43.361353, -22.835911, 0], [-43.361393, -22.835884, 0], [-43.361476, -22.83583, 0], [-43.361497, -22.835817, 0], [-43.361592, -22.835754, 0], [-43.361614, -22.83574, 0], [-43.361591, -22.835722, 0], [-43.361572, -22.835708, 0], [-43.361519, -22.835667, 0], [-43.36145, -22.835724, 0]]]}, "properties": {"address": "0, 0"}},
{"type": "Feature", "geometry": {"type": "Polygon", "coordinates": [[[-43.362337, -22.837983, 0], [-43.362325, -22.838013, 0], [-43.362309, -22.838054, 0], [-43.362314, -22.838056, 0], [-43.36235, -22.838072, 0], [-43.362423, -22.838103, 0], [-43.362432, -22.83807, 0], [-43.362439, -22.838039, 0], [-43.362424, -22.83803, 0], [-43.362404, -22.838019, 0], [-43.362339, -22.83798, 0], [-43.362337, -22.837983, 0]]]}, "properties": {"address": "0, 0"}},
{"type": "Feature", "geometry": {"type": "Polygon", "coordinates": [[[-43.361406, -22.83563, 0], [-43.361393, -22.83564, 0], [-43.361353, -22.835672, 0], [-43.361309, -22.835707, 0], [-43.361314, -22.835716, 0], [-43.361321, -22.835734, 0], [-43.361322, -22.83577, 0], [-43.361324, -22.835828, 0], [-43.361355, -22.835803, 0], [-43.361423, -22.835746, 0], [-43.361438, -22.835734, 0], [-43.36145, -22.835724, 0], [-43.361519, -22.835667, 0], [-43.361471, -22.835631, 0], [-43.361457, -22.835621, 0], [-43.361437, -22.835605, 0], [-43.361406, -22.835629, 0], [-43.361406, -22.83563, 0]]]}, "properties": {"address": "0, 0"}},
{"type": "Feature", "geometry": {"type": "Polygon", "coordinates": [[[-43.361327, -22.835599, 0], [-43.361272, -22.835642, 0], [-43.361309, -22.835707, 0], [-43.361353, -22.835672, 0], [-43.361393, -22.83564, 0], [-43.361406, -22.83563, 0], [-43.361406, -22.835629, 0], [-43.361437, -22.835605, 0], [-43.361418, -22.835591, 0], [-43.361376, -22.835561, 0], [-43.361356, -22.835576, 0], [-43.361327, -22.835599, 0]]]}, "properties": {"address": "0, 0"}},
{"type": "Feature", "geometry": {"type": "Polygon", "coordinates": [[[-43.36126, -22.835621, 0], [-43.361272, -22.835642, 0], [-43.361327, -22.835599, 0], [-43.361356, -22.835576, 0], [-43.361376, -22.835561, 0], [-43.361342, -22.835537, 0], [-43.361317, -22.835519, 0], [-43.361239, -22.835579, 0], [-43.36126, -22.835621, 0]]]}, "properties": {"address": "0, 0"}},
{"type": "Feature", "geometry": {"type": "Polygon", "coordinates": [[[-43.362051, -22.838062, 0], [-43.362045, -22.838059, 0], [-43.362045, -22.83806, 0], [-43.36204, -22.838079, 0], [-43.362018, -22.838164, 0], [-43.362009, -22.8382, 0], [-43.362103, -22.838246, 0], [-43.362188, -22.838289, 0], [-43.362249, -22.83832, 0], [-43.362303, -22.838349, 0], [-43.36233, -22.838359, 0], [-43.362336, -22.83836, 0], [-43.362341, -22.83836, 0], [-43.362348, -22.838359, 0], [-43.362351, -22.838358, 0], [-43.362353, -22.838356, 0], [-43.362357, -22.838353, 0], [-43.362362, -22.838335, 0], [-43.362403, -22.838186, 0], [-43.362333, -22.838154, 0], [-43.362324, -22.83815, 0], [-43.362289, -22.838134, 0], [-43.362135, -22.838062, 0], [-43.362113, -22.838051, 0], [-43.362065, -22.838026, 0], [-43.362058, -22.838046, 0], [-43.362051, -22.838062, 0]]]}, "properties": {"address": "0, 0"}},
{"type": "Feature", "geometry": {"type": "Polygon", "coordinates": [[[-43.361966, -22.838019, 0], [-43.361922, -22.838129, 0], [-43.361914, -22.83815, 0], [-43.361975, -22.838183, 0], [-43.362009, -22.8382, 0], [-43.362018, -22.838164, 0], [-43.36204, -22.838079, 0], [-43.362045, -22.83806, 0], [-43.362045, -22.838059, 0], [-43.362051, -22.838062, 0], [-43.362058, -22.838046, 0], [-43.362065, -22.838026, 0], [-43.36198, -22.837982, 0], [-43.36197, -22.838009, 0], [-43.361966, -22.838019, 0]]]}, "properties": {"address": "0, 0"}},
{"type": "Feature", "geometry": {"type": "Polygon", "coordinates": [[[-43.362283, -22.837987, 0], [-43.362267, -22.838016, 0], [-43.362234, -22.838079, 0], [-43.36223, -22.838087, 0], [-43.362231, -22.838088, 0], [-43.362284, -22.838116, 0], [-43.362287, -22.838109, 0], [-43.362309, -22.838054, 0], [-43.362325, -22.838013, 0], [-43.362337, -22.837983, 0], [-43.362339, -22.83798, 0], [-43.362299, -22.837957, 0], [-43.362296, -22.837961, 0], [-43.362283, -22.837987, 0]]]}, "properties": {"address": "0, 0"}},
{"type": "Feature", "geometry": {"type": "Polygon", "coordinates": [[[-43.361886, -22.837983, 0], [-43.361866, -22.838024, 0], [-43.36184, -22.83808, 0], [-43.36183, -22.838102, 0], [-43.361856, -22.838118, 0], [-43.361914, -22.83815, 0], [-43.361922, -22.838129, 0], [-43.36197, -22.838009, 0], [-43.36198, -22.837982, 0], [-43.361905, -22.837943, 0], [-43.361904, -22.837945, 0], [-43.361886, -22.837983, 0]]]}, "properties": {"address": "0, 0"}},
{"type": "Feature", "geometry": {"type": "Polygon", "coordinates": [[[-43.362118, -22.837896, 0], [-43.362055, -22.838001, 0], [-43.362124, -22.838035, 0], [-43.362146, -22.837998, 0], [-43.362161, -22.837972, 0], [-43.362176, -22.837947, 0], [-43.36219, -22.837924, 0], [-43.362201, -22.837906, 0], [-43.362204, -22.837901, 0], [-43.362138, -22.837863, 0], [-43.362137, -22.837866, 0], [-43.362118, -22.837896, 0]]]}, "properties": {"address": "0, 0"}},
{"type": "Feature", "geometry": {"type": "Polygon", "coordinates": [[[-43.362226, -22.837951, 0], [-43.362218, -22.837964, 0], [-43.362171, -22.838041, 0], [-43.362169, -22.838043, 0], [-43.362162, -22.838054, 0], [-43.36223, -22.838087, 0], [-43.362234, -22.838079, 0], [-43.362267, -22.838016, 0], [-43.362283, -22.837987, 0], [-43.362296, -22.837961, 0], [-43.362299, -22.837957, 0], [-43.362243, -22.837924, 0], [-43.362238, -22.837931, 0], [-43.362226, -22.837951, 0]]]}, "properties": {"address": "0, 0"}},
{"type": "Feature", "geometry": {"type": "Polygon", "coordinates": [[[-43.36219, -22.837924, 0], [-43.362176, -22.837947, 0], [-43.362161, -22.837972, 0], [-43.362146, -22.837998, 0], [-43.362124, -22.838035, 0], [-43.362162, -22.838054, 0], [-43.362169, -22.838043, 0], [-43.362171, -22.838041, 0], [-43.362218, -22.837964, 0], [-43.362226, -22.837951, 0], [-43.362238, -22.837931, 0], [-43.362243, -22.837924, 0], [-43.362204, -22.837901, 0], [-43.362201, -22.837906, 0], [-43.36219, -22.837924, 0]]]}, "properties": {"address": "0, 0"}},
{"type": "Feature", "geometry": {"type": "Polygon", "coordinates": [[[-43.362055, -22.837861, 0], [-43.362054, -22.837862, 0], [-43.361984, -22.837966, 0], [-43.362055, -22.838001, 0], [-43.362118, -22.837896, 0], [-43.362137, -22.837866, 0], [-43.362138, -22.837863, 0], [-43.362078, -22.837827, 0], [-43.362077, -22.837828, 0], [-43.362055, -22.837861, 0]]]}, "properties": {"address": "0, 0"}},
{"type": "Feature", "geometry": {"type": "Polygon", "coordinates": [[[-43.361979, -22.837833, 0], [-43.36197, -22.837847, 0], [-43.361953, -22.837872, 0], [-43.361924, -22.837914, 0], [-43.361905, -22.837943, 0], [-43.36198, -22.837982, 0], [-43.362065, -22.838026, 0], [-43.362113, -22.838051, 0], [-43.362135, -22.838062, 0], [-43.362289, -22.838134, 0], [-43.362324, -22.83815, 0], [-43.362333, -22.838154, 0], [-43.362403, -22.838186, 0], [-43.362408, -22.838164, 0], [-43.362296, -22.838123, 0], [-43.362295, -22.838122, 0], [-43.362284, -22.838116, 0], [-43.362231, -22.838088, 0], [-43.36223, -22.838087, 0], [-43.362162, -22.838054, 0], [-43.362124, -22.838035, 0], [-43.361984, -22.837966, 0], [-43.362054, -22.837862, 0], [-43.362055, -22.837861, 0], [-43.362077, -22.837828, 0], [-43.362078, -22.837827, 0], [-43.362022, -22.837795, 0], [-43.362016, -22.837791, 0], [-43.362011, -22.837788, 0], [-43.361996, -22.837809, 0], [-43.361979, -22.837833, 0]]]}, "properties": {"address": "0, 0"}},
{"type": "Feature", "geometry": {"type": "Polygon", "coordinates": [[[-43.361911, -22.838753, 0], [-43.361955, -22.838756, 0], [-43.361956, -22.838752, 0], [-43.361979, -22.838558, 0], [-43.361934, -22.838528, 0], [-43.361912, -22.838747, 0], [-43.361911, -22.838753, 0]]]}, "properties": {"address": "0, 0"}},
{"type": "Feature", "geometry": {"type": "Polygon", "coordinates": [[[-43.361734, -22.83859, 0], [-43.361728, -22.838589, 0], [-43.361728, -22.838595, 0], [-43.361775, -22.838619, 0], [-43.361771, -22.838657, 0], [-43.361769, -22.838657, 0], [-43.361761, -22.838727, 0], [-43.361804, -22.838732, 0], [-43.361823, -22.838566, 0], [-43.36183, -22.838504, 0], [-43.361749, -22.838496, 0], [-43.361743, -22.838495, 0], [-43.361739, -22.838535, 0], [-43.361734, -22.83859, 0]]]}, "properties": {"address": "0, 0"}},
{"type": "Feature", "geometry": {"type": "Polygon", "coordinates": [[[-43.361912, -22.838747, 0], [-43.361934, -22.838528, 0], [-43.361902, -22.838507, 0], [-43.361905, -22.838501, 0], [-43.361887, -22.838487, 0], [-43.361859, -22.838742, 0], [-43.361874, -22.838744, 0], [-43.361912, -22.838747, 0]]]}, "properties": {"address": "0, 0"}},
{"type": "Feature", "geometry": {"type": "Polygon", "coordinates": [[[-43.361817, -22.838734, 0], [-43.361819, -22.838734, 0], [-43.36183, -22.838739, 0], [-43.361859, -22.838742, 0], [-43.361887, -22.838487, 0], [-43.361869, -22.838474, 0], [-43.361868, -22.838473, 0], [-43.361852, -22.838459, 0], [-43.361826, -22.838639, 0], [-43.361817, -22.838734, 0]]]}, "properties": {"address": "0, 0"}},
{"type": "Feature", "geometry": {"type": "Polygon", "coordinates": [[[-43.361749, -22.838496, 0], [-43.36183, -22.838504, 0], [-43.361823, -22.838566, 0], [-43.361804, -22.838732, 0], [-43.361817, -22.838734, 0], [-43.361826, -22.838639, 0], [-43.361852, -22.838459, 0], [-43.361814, -22.838422, 0], [-43.361773, -22.838383, 0], [-43.361765, -22.838418, 0], [-43.361749, -22.838496, 0]]]}, "properties": {"address": "0, 0"}},
{"type": "Feature", "geometry": {"type": "Polygon", "coordinates": [[[-43.362013, -22.838756, 0], [-43.362011, -22.838762, 0], [-43.362042, -22.838764, 0], [-43.362062, -22.838707, 0], [-43.362099, -22.838626, 0], [-43.36199, -22.838566, 0], [-43.361979, -22.838558, 0], [-43.361956, -22.838752, 0], [-43.362013, -22.838756, 0]]]}, "properties": {"address": "0, 0"}},
{"type": "Feature", "geometry": {"type": "Polygon", "coordinates": [[[-43.361902, -22.838507, 0], [-43.361934, -22.838528, 0], [-43.361979, -22.838558, 0], [-43.36199, -22.838566, 0], [-43.362099, -22.838626, 0], [-43.362276, -22.838723, 0], [-43.362278, -22.838605, 0], [-43.362117, -22.83855, 0], [-43.362146, -22.838482, 0], [-43.362095, -22.838462, 0], [-43.362095, -22.838464, 0], [-43.36203, -22.838435, 0], [-43.362031, -22.838433, 0], [-43.361972, -22.838406, 0], [-43.36197, -22.838404, 0], [-43.361905, -22.838501, 0], [-43.361902, -22.838507, 0]]]}, "properties": {"address": "0, 0"}},
{"type": "Feature", "geometry": {"type": "Polygon", "coordinates": [[[-43.361414, -22.837564, 0], [-43.361508, -22.837574, 0], [-43.361609, -22.837585, 0], [-43.361625, -22.837587, 0], [-43.361638, -22.837528, 0], [-43.361579, -22.837527, 0], [-43.36151, -22.837521, 0], [-43.361489, -22.837519, 0], [-43.361476, -22.837517, 0], [-43.361458, -22.837515, 0], [-43.361433, -22.837544, 0], [-43.361414, -22.837564, 0]]]}, "properties": {"address": "0, 0"}},
{"type": "Feature", "geometry": {"type": "Polygon", "coordinates": [[[-43.361494, -22.837485, 0], [-43.361479, -22.837498, 0], [-43.361459, -22.837514, 0], [-43.361458, -22.837515, 0], [-43.361476, -22.837517, 0], [-43.361489, -22.837519, 0], [-43.36151, -22.837521, 0], [-43.361579, -22.837527, 0], [-43.361638, -22.837528, 0], [-43.361657, -22.83747, 0], [-43.36157, -22.837461, 0], [-43.361529, -22.837457, 0], [-43.361508, -22.837474, 0], [-43.361494, -22.837485, 0]]]}, "properties": {"address": "0, 0"}},
{"type": "Feature", "geometry": {"type": "Polygon", "coordinates": [[[-43.360448, -22.836381, 0], [-43.36056, -22.836378, 0], [-43.360556, -22.836343, 0], [-43.360446, -22.836349, 0], [-43.360448, -22.836381, 0]]]}, "properties": {"address": "0, 0"}},
{"type": "Feature", "geometry": {"type": "Polygon", "coordinates": [[[-43.361348, -22.837355, 0], [-43.36134, -22.837361, 0], [-43.36125, -22.83742, 0], [-43.361256, -22.837423, 0], [-43.361338, -22.83746, 0], [-43.361448, -22.83751, 0], [-43.36148, -22.837482, 0], [-43.361518, -22.837433, 0], [-43.361524, -22.837425, 0], [-43.361492, -22.837407, 0], [-43.361477, -22.837399, 0], [-43.361431, -22.837374, 0], [-43.361406, -22.837353, 0], [-43.36138, -22.837331, 0], [-43.361349, -22.837354, 0], [-43.361348, -22.837355, 0]]]}, "properties": {"address": "0, 0"}},
{"type": "Feature", "geometry": {"type": "Polygon", "coordinates": [[[-43.361308, -22.83755, 0], [-43.361316, -22.837537, 0], [-43.36135, -22.837556, 0], [-43.361348, -22.837559, 0], [-43.361384, -22.837574, 0], [-43.361391, -22.837564, 0], [-43.361414, -22.837564, 0], [-43.361433, -22.837544, 0], [-43.361424, -22.837537, 0], [-43.361448, -22.83751, 0], [-43.361338, -22.83746, 0], [-43.361256, -22.837423, 0], [-43.36125, -22.83742, 0], [-43.361248, -22.837418, 0], [-43.36122, -22.837388, 0], [-43.361201, -22.837366, 0], [-43.361101, -22.837264, 0], [-43.361093, -22.837269, 0], [-43.361072, -22.837283, 0], [-43.361035, -22.837306, 0], [-43.361013, -22.837319, 0], [-43.360954, -22.837355, 0], [-43.360993, -22.837394, 0], [-43.36098, -22.837418, 0], [-43.361033, -22.837432, 0], [-43.361048, -22.837436, 0], [-43.361069, -22.837442, 0], [-43.361094, -22.837448, 0], [-43.361154, -22.837463, 0], [-43.361109, -22.837547, 0], [-43.361058, -22.837634, 0], [-43.361064, -22.837636, 0], [-43.361068, -22.837638, 0], [-43.36112, -22.837542, 0], [-43.361164, -22.837461, 0], [-43.361165, -22.837461, 0], [-43.361182, -22.837471, 0], [-43.361202, -22.837483, 0], [-43.361236, -22.837503, 0], [-43.361231, -22.837509, 0], [-43.361292, -22.83754, 0], [-43.361308, -22.83755, 0]]]}, "properties": {"address": "0, 0"}},
{"type": "Feature", "geometry": {"type": "Polygon", "coordinates": [[[-43.361691, -22.837381, 0], [-43.361723, -22.837312, 0], [-43.361731, -22.837294, 0], [-43.361684, -22.837277, 0], [-43.36166, -22.837268, 0], [-43.361658, -22.837268, 0], [-43.361656, -22.837269, 0], [-43.36165, -22.83728, 0], [-43.361628, -22.837313, 0], [-43.361607, -22.837346, 0], [-43.361589, -22.837373, 0], [-43.361574, -22.837397, 0], [-43.361542, -22.837446, 0], [-43.361529, -22.837457, 0], [-43.36157, -22.837461, 0], [-43.361657, -22.83747, 0], [-43.361663, -22.837442, 0], [-43.361691, -22.837381, 0]]]}, "properties": {"address": "0, 0"}},
{"type": "Feature", "geometry": {"type": "Polygon", "coordinates": [[[-43.361531, -22.837286, 0], [-43.361482, -22.837329, 0], [-43.361463, -22.837346, 0], [-43.361431, -22.837374, 0], [-43.361477, -22.837399, 0], [-43.361492, -22.837407, 0], [-43.361524, -22.837425, 0], [-43.361543, -22.837397, 0], [-43.361548, -22.837389, 0], [-43.361551, -22.837385, 0], [-43.361589, -22.837326, 0], [-43.361626, -22.837269, 0], [-43.361633, -22.837259, 0], [-43.361603, -22.837239, 0], [-43.361596, -22.837234, 0], [-43.361593, -22.837232, 0], [-43.361558, -22.837263, 0], [-43.361531, -22.837286, 0]]]}, "properties": {"address": "0, 0"}},
{"type": "Feature", "geometry": {"type": "Polygon", "coordinates": [[[-43.361887, -22.837193, 0], [-43.36193, -22.837224, 0], [-43.361957, -22.837244, 0], [-43.361985, -22.83723, 0], [-43.362006, -22.837217, 0], [-43.362039, -22.837197, 0], [-43.362048, -22.837188, 0], [-43.362016, -22.83717, 0], [-43.361997, -22.837158, 0], [-43.361957, -22.837132, 0], [-43.361928, -22.837154, 0], [-43.361887, -22.837193, 0]]]}, "properties": {"address": "0, 0"}},
{"type": "Feature", "geometry": {"type": "Polygon", "coordinates": [[[-43.361985, -22.83723, 0], [-43.361989, -22.83725, 0], [-43.362003, -22.837254, 0], [-43.362036, -22.837261, 0], [-43.362076, -22.83727, 0], [-43.362086, -22.837273, 0], [-43.362117, -22.837279, 0], [-43.362191, -22.837294, 0], [-43.362197, -22.837295, 0], [-43.362208, -22.837256, 0], [-43.362137, -22.837235, 0], [-43.362098, -22.83722, 0], [-43.362039, -22.837197, 0], [-43.362006, -22.837217, 0], [-43.361985, -22.83723, 0]]]}, "properties": {"address": "0, 0"}},
{"type": "Feature", "geometry": {"type": "Polygon", "coordinates": [[[-43.361801, -22.837273, 0], [-43.361841, -22.837288, 0], [-43.361887, -22.837301, 0], [-43.36189, -22.837302, 0], [-43.361907, -22.83729, 0], [-43.361936, -22.837268, 0], [-43.361941, -22.837263, 0], [-43.361957, -22.837244, 0], [-43.36193, -22.837224, 0], [-43.361887, -22.837193, 0], [-43.361836, -22.837241, 0], [-43.361801, -22.837273, 0]]]}, "properties": {"address": "0, 0"}},
{"type": "Feature", "geometry": {"type": "Polygon", "coordinates": [[[-43.361698, -22.837245, 0], [-43.361751, -22.837269, 0], [-43.361761, -22.837262, 0], [-43.361812, -22.837221, 0], [-43.36178, -22.837187, 0], [-43.361718, -22.837227, 0], [-43.361698, -22.837245, 0]]]}, "properties": {"address": "0, 0"}},
{"type": "Feature", "geometry": {"type": "Polygon", "coordinates": [[[-43.362022, -22.837083, 0], [-43.361957, -22.837132, 0], [-43.361997, -22.837158, 0], [-43.362016, -22.83717, 0], [-43.362048, -22.837188, 0], [-43.362039, -22.837197, 0], [-43.362098, -22.83722, 0], [-43.362137, -22.837235, 0], [-43.362208, -22.837256, 0], [-43.362197, -22.837295, 0], [-43.362195, -22.837304, 0], [-43.362168, -22.837385, 0], [-43.362181, -22.837387, 0], [-43.36222, -22.837291, 0], [-43.362252, -22.837212, 0], [-43.362261, -22.837189, 0], [-43.362211, -22.837159, 0], [-43.362125, -22.837106, 0], [-43.362127, -22.837103, 0], [-43.362074, -22.837084, 0], [-43.362064, -22.837082, 0], [-43.362061, -22.83709, 0], [-43.362022, -22.837083, 0]]]}, "properties": {"address": "0, 0"}},
{"type": "Feature", "geometry": {"type": "Polygon", "coordinates": [[[-43.361713, -22.837119, 0], [-43.361749, -22.837166, 0], [-43.361759, -22.837159, 0], [-43.36178, -22.837187, 0], [-43.361812, -22.837221, 0], [-43.361821, -22.837215, 0], [-43.361894, -22.837152, 0], [-43.36189, -22.837148, 0], [-43.361886, -22.837145, 0], [-43.361835, -22.837108, 0], [-43.361827, -22.837103, 0], [-43.361807, -22.837079, 0], [-43.361783, -22.83705, 0], [-43.361702, -22.837104, 0], [-43.361713, -22.837119, 0]]]}, "properties": {"address": "0, 0"}},
{"type": "Feature", "geometry": {"type": "Polygon", "coordinates": [[[-43.361807, -22.837079, 0], [-43.361827, -22.837103, 0], [-43.361835, -22.837108, 0], [-43.361886, -22.837145, 0], [-43.36189, -22.837148, 0], [-43.361894, -22.837152, 0], [-43.361941, -22.837111, 0], [-43.361942, -22.83711, 0], [-43.361969, -22.837087, 0], [-43.361971, -22.837072, 0], [-43.361961, -22.837069, 0], [-43.361936, -22.837061, 0], [-43.361918, -22.837055, 0], [-43.361823, -22.837026, 0], [-43.361783, -22.83705, 0], [-43.361807, -22.837079, 0]]]}, "properties": {"address": "0, 0"}},
{"type": "Feature", "geometry": {"type": "Polygon", "coordinates": [[[-43.361886, -22.836988, 0], [-43.361823, -22.837026, 0], [-43.361918, -22.837055, 0], [-43.361936, -22.837061, 0], [-43.361961, -22.837069, 0], [-43.361971, -22.837072, 0], [-43.361989, -22.837074, 0], [-43.361992, -22.837064, 0], [-43.361945, -22.837051, 0], [-43.361933, -22.836966, 0], [-43.361892, -22.836984, 0], [-43.361886, -22.836988, 0]]]}, "properties": {"address": "0, 0"}},
{"type": "Feature", "geometry": {"type": "Polygon", "coordinates": [[[-43.361711, -22.836615, 0], [-43.361689, -22.836636, 0], [-43.361758, -22.83672, 0], [-43.36185, -22.836655, 0], [-43.361855, -22.836649, 0], [-43.361845, -22.836641, 0], [-43.361808, -22.836615, 0], [-43.361754, -22.836572, 0], [-43.361734, -22.836593, 0], [-43.361711, -22.836615, 0]]]}, "properties": {"address": "0, 0"}},
{"type": "Feature", "geometry": {"type": "Polygon", "coordinates": [[[-43.362026, -22.836945, 0], [-43.36198, -22.836945, 0], [-43.361933, -22.836966, 0], [-43.361945, -22.837051, 0], [-43.361992, -22.837064, 0], [-43.361989, -22.837074, 0], [-43.362002, -22.837076, 0], [-43.362024, -22.837037, 0], [-43.362047, -22.836998, 0], [-43.362065, -22.836968, 0], [-43.362066, -22.836967, 0], [-43.362068, -22.836964, 0], [-43.362077, -22.836948, 0], [-43.362072, -22.836945, 0], [-43.362026, -22.836945, 0]]]}, "properties": {"address": "0, 0"}},
{"type": "Feature", "geometry": {"type": "Polygon", "coordinates": [[[-43.360445, -22.836327, 0], [-43.360446, -22.836349, 0], [-43.360556, -22.836343, 0], [-43.360551, -22.836299, 0], [-43.360551, -22.836296, 0], [-43.360443, -22.8363, 0], [-43.360445, -22.836327, 0]]]}, "properties": {"address": "0, 0"}},
{"type": "Feature", "geometry": {"type": "Polygon", "coordinates": [[[-43.361921, -22.836357, 0], [-43.361809, -22.836431, 0], [-43.361849, -22.836479, 0], [-43.361928, -22.836421, 0], [-43.361956, -22.83639, 0], [-43.361944, -22.836379, 0], [-43.361921, -22.836357, 0]]]}, "properties": {"address": "0, 0"}},
{"type": "Feature", "geometry": {"type": "Polygon", "coordinates": [[[-43.36181, -22.836717, 0], [-43.361781, -22.83674, 0], [-43.361829, -22.836782, 0], [-43.361833, -22.836785, 0], [-43.361934, -22.836838, 0], [-43.361938, -22.83684, 0], [-43.361939, -22.836838, 0], [-43.361967, -22.836798, 0], [-43.362005, -22.836743, 0], [-43.36201, -22.836746, 0], [-43.362019, -22.836751, 0], [-43.362055, -22.836677, 0], [-43.36198, -22.836632, 0], [-43.361931, -22.836603, 0], [-43.361871, -22.836668, 0], [-43.36181, -22.836717, 0]]]}, "properties": {"address": "0, 0"}},
{"type": "Feature", "geometry": {"type": "Polygon", "coordinates": [[[-43.36045, -22.836441, 0], [-43.36045, -22.836451, 0], [-43.360502, -22.836445, 0], [-43.360566, -22.836437, 0], [-43.36056, -22.836378, 0], [-43.360448, -22.836381, 0], [-43.36045, -22.836441, 0]]]}, "properties": {"address": "0, 0"}},
{"type": "Feature", "geometry": {"type": "Polygon", "coordinates": [[[-43.360485, -22.836253, 0], [-43.360453, -22.836255, 0], [-43.360451, -22.836255, 0], [-43.360439, -22.836256, 0], [-43.360443, -22.8363, 0], [-43.360551, -22.836296, 0], [-43.360546, -22.83625, 0], [-43.360526, -22.836251, 0], [-43.360485, -22.836253, 0]]]}, "properties": {"address": "0, 0"}},
{"type": "Feature", "geometry": {"type": "Polygon", "coordinates": [[[-43.360641, -22.836246, 0], [-43.360643, -22.836246, 0], [-43.360684, -22.836242, 0], [-43.360682, -22.836208, 0], [-43.360682, -22.836206, 0], [-43.360679, -22.836149, 0], [-43.360626, -22.836153, 0], [-43.360546, -22.836157, 0], [-43.360537, -22.836157, 0], [-43.36047, -22.836159, 0], [-43.360424, -22.836164, 0], [-43.360428, -22.836191, 0], [-43.360429, -22.836192, 0], [-43.360433, -22.836193, 0], [-43.360437, -22.836224, 0], [-43.360439, -22.836256, 0], [-43.360451, -22.836255, 0], [-43.360453, -22.836255, 0], [-43.360485, -22.836253, 0], [-43.360526, -22.836251, 0], [-43.360546, -22.83625, 0], [-43.360591, -22.836248, 0], [-43.360641, -22.836246, 0]]]}, "properties": {"address": "0, 0"}},
{"type": "Feature", "geometry": {"type": "Polygon", "coordinates": [[[-43.360406, -22.836096, 0], [-43.360414, -22.836094, 0], [-43.360424, -22.836164, 0], [-43.36047, -22.836159, 0], [-43.360452, -22.836013, 0], [-43.360398, -22.836022, 0], [-43.360406, -22.836096, 0]]]}, "properties": {"address": "0, 0"}},
{"type": "Feature", "geometry": {"type": "Polygon", "coordinates": [[[-43.362932, -22.837121, 0], [-43.362938, -22.837123, 0], [-43.362951, -22.837128, 0], [-43.363052, -22.837164, 0], [-43.363071, -22.837114, 0], [-43.363084, -22.837078, 0], [-43.363085, -22.837075, 0], [-43.363086, -22.837073, 0], [-43.363068, -22.837068, 0], [-43.363002, -22.837052, 0], [-43.362993, -22.837049, 0], [-43.362991, -22.837052, 0], [-43.362932, -22.837121, 0]]]}, "properties": {"address": "0, 0"}},
{"type": "Feature", "geometry": {"type": "Polygon", "coordinates": [[[-43.362947, -22.837798, 0], [-43.362961, -22.837799, 0], [-43.36297, -22.837799, 0], [-43.363002, -22.837801, 0], [-43.363011, -22.837801, 0], [-43.363044, -22.837805, 0], [-43.363063, -22.837806, 0], [-43.36307, -22.837807, 0], [-43.363078, -22.837807, 0], [-43.363084, -22.837757, 0], [-43.363088, -22.837688, 0], [-43.363021, -22.83767, 0], [-43.363017, -22.837669, 0], [-43.363014, -22.837669, 0], [-43.362963, -22.837664, 0], [-43.362955, -22.837715, 0], [-43.362947, -22.837798, 0]]]}, "properties": {"address": "0, 0"}},
{"type": "Feature", "geometry": {"type": "Polygon", "coordinates": [[[-43.362977, -22.837574, 0], [-43.362971, -22.837624, 0], [-43.362967, -22.837653, 0], [-43.363068, -22.837667, 0], [-43.363075, -22.837614, 0], [-43.363083, -22.837555, 0], [-43.363057, -22.837552, 0], [-43.363033, -22.837548, 0], [-43.362981, -22.837544, 0], [-43.362979, -22.837562, 0], [-43.362977, -22.837574, 0]]]}, "properties": {"address": "0, 0"}},
{"type": "Feature", "geometry": {"type": "Polygon", "coordinates": [[[-43.362743, -22.837518, 0], [-43.362769, -22.837521, 0], [-43.36277, -22.837521, 0], [-43.362813, -22.837526, 0], [-43.362832, -22.837528, 0], [-43.362838, -22.837529, 0], [-43.362866, -22.837532, 0], [-43.362881, -22.837464, 0], [-43.362889, -22.837429, 0], [-43.36289, -22.837426, 0], [-43.362892, -22.837416, 0], [-43.362798, -22.837395, 0], [-43.36278, -22.837391, 0], [-43.362769, -22.837429, 0], [-43.362743, -22.837518, 0]]]}, "properties": {"address": "0, 0"}},
{"type": "Feature", "geometry": {"type": "Polygon", "coordinates": [[[-43.358049, -22.84062, 0], [-43.358094, -22.840399, 0], [-43.35809, -22.840398, 0], [-43.358009, -22.840383, 0], [-43.357964, -22.840603, 0], [-43.358049, -22.84062, 0]]]}, "properties": {"address": "144361, 746125"}},
{"type": "Feature", "geometry": {"type": "Polygon", "coordinates": [[[-43.35702, -22.840423, 0], [-43.357066, -22.8402, 0], [-43.357015, -22.840191, 0], [-43.356997, -22.840187, 0], [-43.356981, -22.840184, 0], [-43.356934, -22.840406, 0], [-43.35702, -22.840423, 0]]]}, "properties": {"address": "144362, 69640"}},
{"type": "Feature", "geometry": {"type": "Polygon", "coordinates": [[[-43.357964, -22.840603, 0], [-43.358009, -22.840383, 0], [-43.357946, -22.840371, 0], [-43.357942, -22.84037, 0], [-43.357924, -22.840367, 0], [-43.357877, -22.840587, 0], [-43.357964, -22.840603, 0]]]}, "properties": {"address": "144361, 746117"}},
{"type": "Feature", "geometry": {"type": "Polygon", "coordinates": [[[-43.357356, -22.840192, 0], [-43.357356, -22.840191, 0], [-43.357357, -22.840189, 0], [-43.357357, -22.840188, 0], [-43.357403, -22.840183, 0], [-43.357401, -22.840165, 0], [-43.357463, -22.840158, 0], [-43.357482, -22.840155, 0], [-43.35748, -22.840145, 0], [-43.357491, -22.840144, 0], [-43.357494, -22.840142, 0], [-43.357498, -22.840141, 0], [-43.357502, -22.840139, 0], [-43.357505, -22.840138, 0], [-43.357509, -22.840136, 0], [-43.357512, -22.840134, 0], [-43.357516, -22.840132, 0], [-43.357518, -22.84013, 0], [-43.357519, -22.84013, 0], [-43.357522, -22.840127, 0], [-43.357526, -22.840125, 0], [-43.357529, -22.840122, 0], [-43.357532, -22.84012, 0], [-43.357534, -22.840117, 0], [-43.357537, -22.840114, 0], [-43.35754, -22.840112, 0], [-43.357542, -22.840109, 0], [-43.357545, -22.840106, 0], [-43.357547, -22.840103, 0], [-43.357549, -22.840099, 0], [-43.357552, -22.840096, 0], [-43.357553, -22.840093, 0], [-43.357555, -22.840089, 0], [-43.357556, -22.840089, 0], [-43.357557, -22.840086, 0], [-43.357559, -22.840083, 0], [-43.357561, -22.840075, 0], [-43.357563, -22.840072, 0], [-43.357564, -22.840068, 0], [-43.357565, -22.840065, 0], [-43.357565, -22.840061, 0], [-43.357566, -22.840057, 0], [-43.357566, -22.840053, 0], [-43.357567, -22.84005, 0], [-43.357567, -22.840035, 0], [-43.357566, -22.840031, 0], [-43.357566, -22.840027, 0], [-43.357564, -22.840016, 0], [-43.35755, -22.839921, 0], [-43.357532, -22.839785, 0], [-43.357524, -22.83972, 0], [-43.357522, -22.839704, 0], [-43.357515, -22.839656, 0], [-43.35757, -22.839648, 0], [-43.357556, -22.839571, 0], [-43.357551, -22.839542, 0], [-43.357579, -22.839538, 0], [-43.357574, -22.839497, 0], [-43.357494, -22.839492, 0], [-43.357494, -22.839498, 0], [-43.357488, -22.839498, 0], [-43.357444, -22.839501, 0], [-43.357444, -22.839522, 0], [-43.357445, -22.839535, 0], [-43.357379, -22.839516, 0], [-43.35746, -22.839711, 0], [-43.357433, -22.839714, 0], [-43.357442, -22.839772, 0], [-43.356876, -22.839845, 0], [-43.35694, -22.840176, 0], [-43.356981, -22.840184, 0], [-43.356997, -22.840187, 0], [-43.357015, -22.840191, 0], [-43.357066, -22.8402, 0], [-43.357152, -22.840217, 0], [-43.357235, -22.840232, 0], [-43.357238, -22.840233, 0], [-43.357291, -22.840243, 0], [-43.35733, -22.84025, 0], [-43.357345, -22.840253, 0], [-43.357351, -22.840254, 0], [-43.357356, -22.840229, 0], [-43.35735, -22.840228, 0], [-43.357353, -22.840211, 0], [-43.357353, -22.840205, 0], [-43.357354, -22.840203, 0], [-43.357354, -22.840198, 0], [-43.357355, -22.840196, 0], [-43.357355, -22.840194, 0], [-43.357356, -22.840192, 0]]]}, "properties": {"address": "122617, 0"}},
{"type": "Feature", "geometry": {"type": "Polygon", "coordinates": [[[-43.352338, -22.836457, 0], [-43.352335, -22.836456, 0], [-43.352319, -22.836448, 0], [-43.352301, -22.836442, 0], [-43.352297, -22.836456, 0], [-43.352282, -22.836531, 0], [-43.352288, -22.836532, 0], [-43.352291, -22.836533, 0], [-43.352304, -22.836537, 0], [-43.352315, -22.83654, 0], [-43.35235, -22.836549, 0], [-43.352362, -22.836553, 0], [-43.352378, -22.836557, 0], [-43.352383, -22.836534, 0], [-43.352387, -22.836512, 0], [-43.352395, -22.836477, 0], [-43.352397, -22.836467, 0], [-43.352392, -22.836467, 0], [-43.352393, -22.836463, 0], [-43.352338, -22.836457, 0]]]}, "properties": {"address": "0, 0"}},
{"type": "Feature", "geometry": {"type": "Polygon", "coordinates": [[[-43.352072, -22.836082, 0], [-43.352072, -22.836081, 0], [-43.351998, -22.836067, 0], [-43.351922, -22.836183, 0], [-43.351837, -22.836313, 0], [-43.351895, -22.83633, 0], [-43.351966, -22.836349, 0], [-43.351993, -22.836357, 0], [-43.351998, -22.836356, 0], [-43.352057, -22.836372, 0], [-43.352124, -22.83639, 0], [-43.352122, -22.836394, 0], [-43.352272, -22.836433, 0], [-43.352301, -22.836442, 0], [-43.352319, -22.836448, 0], [-43.352342, -22.836404, 0], [-43.352354, -22.836366, 0], [-43.352371, -22.83637, 0], [-43.352395, -22.836375, 0], [-43.352413, -22.836379, 0], [-43.352416, -22.83638, 0], [-43.352446, -22.83631, 0], [-43.35247, -22.836255, 0], [-43.352398, -22.836236, 0], [-43.352421, -22.836164, 0], [-43.352399, -22.83616, 0], [-43.352402, -22.836142, 0], [-43.352302, -22.836124, 0], [-43.352072, -22.836082, 0]]]}, "properties": {"address": "0, 0"}},
{"type": "Feature", "geometry": {"type": "Polygon", "coordinates": [[[-43.352641, -22.836653, 0], [-43.352712, -22.836671, 0], [-43.352739, -22.836567, 0], [-43.352604, -22.836536, 0], [-43.352576, -22.836636, 0], [-43.352641, -22.836653, 0]]]}, "properties": {"address": "0, 0"}},
{"type": "Feature", "geometry": {"type": "Polygon", "coordinates": [[[-43.352549, -22.836178, 0], [-43.352536, -22.836203, 0], [-43.3525, -22.836272, 0], [-43.352498, -22.836278, 0], [-43.352486, -22.8363, 0], [-43.352485, -22.836302, 0], [-43.352451, -22.836375, 0], [-43.352424, -22.836468, 0], [-43.35244, -22.836473, 0], [-43.352407, -22.836594, 0], [-43.352447, -22.836603, 0], [-43.352469, -22.836609, 0], [-43.352525, -22.836623, 0], [-43.352545, -22.836551, 0], [-43.352566, -22.836477, 0], [-43.35257, -22.836461, 0], [-43.35258, -22.836464, 0], [-43.352533, -22.836625, 0], [-43.352566, -22.836633, 0], [-43.352572, -22.836635, 0], [-43.352576, -22.836636, 0], [-43.352604, -22.836536, 0], [-43.352739, -22.836567, 0], [-43.352753, -22.836512, 0], [-43.352784, -22.836371, 0], [-43.3528, -22.836299, 0], [-43.352833, -22.836129, 0], [-43.352769, -22.836113, 0], [-43.352692, -22.836089, 0], [-43.352693, -22.836085, 0], [-43.352641, -22.836074, 0], [-43.352602, -22.836066, 0], [-43.352568, -22.836142, 0], [-43.352549, -22.836178, 0]]]}, "properties": {"address": "0, 0"}},
{"type": "Feature", "geometry": {"type": "Polygon", "coordinates": [[[-43.360035, -22.837725, 0], [-43.360041, -22.837709, 0], [-43.360046, -22.83769, 0], [-43.360048, -22.837687, 0], [-43.360054, -22.837676, 0], [-43.36006, -22.837662, 0], [-43.36006, -22.837646, 0], [-43.360062, -22.837632, 0], [-43.360064, -22.837624, 0], [-43.360074, -22.837605, 0], [-43.360083, -22.837588, 0], [-43.360089, -22.837568, 0], [-43.360098, -22.837543, 0], [-43.360105, -22.837521, 0], [-43.36011, -22.837505, 0], [-43.360115, -22.837487, 0], [-43.360118, -22.837475, 0], [-43.360118, -22.83744, 0], [-43.360123, -22.837418, 0], [-43.360132, -22.837388, 0], [-43.360138, -22.837365, 0], [-43.360138, -22.837341, 0], [-43.360137, -22.837328, 0], [-43.360137, -22.837307, 0], [-43.360143, -22.837288, 0], [-43.360147, -22.837284, 0], [-43.360151, -22.837278, 0], [-43.360157, -22.83727, 0], [-43.360168, -22.837251, 0], [-43.360175, -22.837229, 0], [-43.36018, -22.837203, 0], [-43.360181, -22.837175, 0], [-43.360182, -22.837165, 0], [-43.360182, -22.837149, 0], [-43.360186, -22.83713, 0], [-43.360191, -22.837118, 0], [-43.360192, -22.837114, 0], [-43.360197, -22.837108, 0], [-43.360201, -22.837103, 0], [-43.360209, -22.837094, 0], [-43.360212, -22.837086, 0], [-43.360213, -22.837084, 0], [-43.360215, -22.837068, 0], [-43.360218, -22.837052, 0], [-43.360223, -22.837036, 0], [-43.360232, -22.837024, 0], [-43.360243, -22.837015, 0], [-43.360249, -22.837006, 0], [-43.360255, -22.83699, 0], [-43.360259, -22.836972, 0], [-43.36026, -22.836957, 0], [-43.360261, -22.836936, 0], [-43.360261, -22.836885, 0], [-43.360268, -22.836855, 0], [-43.360278, -22.836832, 0], [-43.360286, -22.836815, 0], [-43.360293, -22.836795, 0], [-43.360297, -22.83678, 0], [-43.360293, -22.83677, 0], [-43.360286, -22.836763, 0], [-43.360281, -22.836752, 0], [-43.360273, -22.836725, 0], [-43.36027, -22.836703, 0], [-43.360267, -22.836687, 0], [-43.360276, -22.83666, 0], [-43.36028, -22.836645, 0], [-43.36028, -22.836633, 0], [-43.360281, -22.836621, 0], [-43.360281, -22.836613, 0], [-43.360287, -22.836602, 0], [-43.360291, -22.83659, 0], [-43.360293, -22.836576, 0], [-43.360293, -22.836565, 0], [-43.360291, -22.836549, 0], [-43.360286, -22.836536, 0], [-43.360281, -22.836528, 0], [-43.360276, -22.836514, 0], [-43.360249, -22.836494, 0], [-43.360239, -22.836482, 0], [-43.360234, -22.836469, 0], [-43.360233, -22.836455, 0], [-43.360235, -22.836445, 0], [-43.360243, -22.836437, 0], [-43.360252, -22.836427, 0], [-43.360257, -22.836411, 0], [-43.360254, -22.836402, 0], [-43.360244, -22.836394, 0], [-43.360233, -22.836389, 0], [-43.360227, -22.836379, 0], [-43.360226, -22.836349, 0], [-43.360227, -22.836327, 0], [-43.360227, -22.836302, 0], [-43.360229, -22.836281, 0], [-43.360236, -22.83626, 0], [-43.360241, -22.836242, 0], [-43.360243, -22.83622, 0], [-43.360241, -22.836199, 0], [-43.360235, -22.836179, 0], [-43.360229, -22.836135, 0], [-43.360223, -22.836112, 0], [-43.360223, -22.836096, 0], [-43.360226, -22.836073, 0], [-43.360227, -22.836053, 0], [-43.360222, -22.836022, 0], [-43.360213, -22.83599, 0], [-43.360204, -22.835967, 0], [-43.360199, -22.83595, 0], [-43.360193, -22.835933, 0], [-43.360189, -22.835911, 0], [-43.360187, -22.835895, 0], [-43.360183, -22.835871, 0], [-43.360182, -22.835856, 0], [-43.360173, -22.835838, 0], [-43.360162, -22.835822, 0], [-43.360156, -22.835805, 0], [-43.360154, -22.835769, 0], [-43.36015, -22.835748, 0], [-43.360145, -22.835731, 0], [-43.36014, -22.835716, 0], [-43.360135, -22.835699, 0], [-43.360121, -22.835651, 0], [-43.36011, -22.83562, 0], [-43.360103, -22.8356, 0], [-43.360099, -22.835579, 0], [-43.360092, -22.835564, 0], [-43.360087, -22.835551, 0], [-43.360082, -22.835537, 0], [-43.360081, -22.835529, 0], [-43.360077, -22.835511, 0], [-43.360075, -22.835498, 0], [-43.360074, -22.835478, 0], [-43.360073, -22.835462, 0], [-43.360073, -22.835458, 0], [-43.360063, -22.835421, 0], [-43.360049, -22.835393, 0], [-43.360039, -22.835378, 0], [-43.360035, -22.835375, 0], [-43.360026, -22.835372, 0], [-43.360017, -22.835367, 0], [-43.360015, -22.835357, 0], [-43.360015, -22.835346, 0], [-43.36001, -22.835332, 0], [-43.359992, -22.835274, 0], [-43.359981, -22.835246, 0], [-43.359971, -22.835221, 0], [-43.359963, -22.835202, 0], [-43.359956, -22.835195, 0], [-43.359948, -22.835182, 0], [-43.359943, -22.835168, 0], [-43.359933, -22.835149, 0], [-43.359922, -22.835134, 0], [-43.359915, -22.835125, 0], [-43.359904, -22.835109, 0], [-43.359898, -22.835095, 0], [-43.359892, -22.835082, 0], [-43.359881, -22.835059, 0], [-43.359875, -22.835044, 0], [-43.359868, -22.835026, 0], [-43.359858, -22.835011, 0], [-43.359857, -22.835009, 0], [-43.359845, -22.834996, 0], [-43.359837, -22.834981, 0], [-43.35983, -22.834969, 0], [-43.359817, -22.834958, 0], [-43.359796, -22.834915, 0], [-43.359784, -22.834895, 0], [-43.359772, -22.83487, 0], [-43.359766, -22.834854, 0], [-43.359764, -22.834842, 0], [-43.35976, -22.834823, 0], [-43.359754, -22.834807, 0], [-43.359745, -22.834791, 0], [-43.359736, -22.834763, 0], [-43.359726, -22.834743, 0], [-43.359724, -22.834725, 0], [-43.35972, -22.834688, 0], [-43.35972, -22.834681, 0], [-43.359722, -22.834644, 0], [-43.359708, -22.834629, 0], [-43.359691, -22.834619, 0], [-43.359677, -22.834599, 0], [-43.359669, -22.834584, 0], [-43.359666, -22.834577, 0], [-43.359654, -22.83455, 0], [-43.359649, -22.834548, 0], [-43.359552, -22.834501, 0], [-43.359542, -22.834495, 0], [-43.35954, -22.834477, 0], [-43.359403, -22.834416, 0], [-43.359398, -22.834413, 0], [-43.359343, -22.834393, 0], [-43.359214, -22.834348, 0], [-43.359087, -22.834303, 0], [-43.358964, -22.834256, 0], [-43.358864, -22.834214, 0], [-43.35879, -22.834224, 0], [-43.358762, -22.834229, 0], [-43.358748, -22.834232, 0], [-43.358732, -22.834237, 0], [-43.358726, -22.834239, 0], [-43.358721, -22.834242, 0], [-43.358715, -22.834248, 0], [-43.358715, -22.834252, 0], [-43.358716, -22.834255, 0], [-43.358718, -22.834258, 0], [-43.358723, -22.834262, 0], [-43.358915, -22.834338, 0], [-43.359151, -22.834431, 0], [-43.359201, -22.83445, 0], [-43.359222, -22.83446, 0], [-43.359225, -22.834454, 0], [-43.359229, -22.834449, 0], [-43.359271, -22.834382, 0], [-43.359302, -22.834395, 0], [-43.359317, -22.834402, 0], [-43.359341, -22.834413, 0], [-43.359383, -22.834432, 0], [-43.359377, -22.834443, 0], [-43.359439, -22.834476, 0], [-43.359449, -22.834459, 0], [-43.359495, -22.834478, 0], [-43.359512, -22.834485, 0], [-43.359521, -22.834566, 0], [-43.359528, -22.834624, 0], [-43.359528, -22.834625, 0], [-43.359532, -22.834699, 0], [-43.359532, -22.8347, 0], [-43.359533, -22.834734, 0], [-43.359515, -22.834737, 0], [-43.359501, -22.834739, 0], [-43.359495, -22.83474, 0], [-43.359485, -22.834744, 0], [-43.359479, -22.834747, 0], [-43.359488, -22.83476, 0], [-43.359485, -22.834762, 0], [-43.359493, -22.834773, 0], [-43.359504, -22.834767, 0], [-43.359521, -22.834794, 0], [-43.359526, -22.834802, 0], [-43.359541, -22.834796, 0], [-43.359675, -22.834989, 0], [-43.359703, -22.83503, 0], [-43.35971, -22.835054, 0], [-43.359716, -22.835075, 0], [-43.359726, -22.835108, 0], [-43.359731, -22.835127, 0], [-43.359736, -22.835144, 0], [-43.359755, -22.83521, 0], [-43.359767, -22.835254, 0], [-43.359774, -22.835279, 0], [-43.35982, -22.83544, 0], [-43.359821, -22.835442, 0], [-43.359828, -22.835468, 0], [-43.359838, -22.835505, 0], [-43.359852, -22.835555, 0], [-43.359856, -22.835572, 0], [-43.359913, -22.835784, 0], [-43.359925, -22.835828, 0], [-43.359926, -22.835834, 0], [-43.359955, -22.835943, 0], [-43.35996, -22.835961, 0], [-43.35997, -22.835998, 0], [-43.359982, -22.836044, 0], [-43.359989, -22.836068, 0], [-43.359989, -22.836069, 0], [-43.35999, -22.836074, 0], [-43.360005, -22.836141, 0], [-43.36001, -22.836165, 0], [-43.36002, -22.836208, 0], [-43.360032, -22.836266, 0], [-43.360045, -22.836321, 0], [-43.360049, -22.836342, 0], [-43.360054, -22.836365, 0], [-43.360103, -22.836504, 0], [-43.360111, -22.836533, 0], [-43.360123, -22.83659, 0], [-43.360133, -22.836641, 0], [-43.360142, -22.836772, 0], [-43.36014, -22.836794, 0], [-43.360131, -22.836909, 0], [-43.36013, -22.836919, 0], [-43.360099, -22.837128, 0], [-43.360093, -22.837161, 0], [-43.360089, -22.837177, 0], [-43.360078, -22.837233, 0], [-43.360063, -22.837289, 0], [-43.360057, -22.837311, 0], [-43.359998, -22.837538, 0], [-43.359995, -22.837551, 0], [-43.359985, -22.837578, 0], [-43.35997, -22.837617, 0], [-43.359959, -22.837644, 0], [-43.359957, -22.837652, 0], [-43.359948, -22.837682, 0], [-43.359939, -22.837703, 0], [-43.359925, -22.837738, 0], [-43.359847, -22.837922, 0], [-43.359794, -22.83805, 0], [-43.359738, -22.838204, 0], [-43.359701, -22.8383, 0], [-43.359621, -22.838479, 0], [-43.359552, -22.838636, 0], [-43.359513, -22.83874, 0], [-43.359471, -22.838853, 0], [-43.359383, -22.83911, 0], [-43.359353, -22.839201, 0], [-43.359284, -22.839405, 0], [-43.359236, -22.839549, 0], [-43.359203, -22.839655, 0], [-43.359139, -22.839822, 0], [-43.359137, -22.839827, 0], [-43.359127, -22.839856, 0], [-43.359043, -22.84008, 0], [-43.358951, -22.840317, 0], [-43.358937, -22.840352, 0], [-43.358808, -22.840647, 0], [-43.358777, -22.840719, 0], [-43.358773, -22.840728, 0], [-43.35874, -22.840801, 0], [-43.35868, -22.840901, 0], [-43.358665, -22.840927, 0], [-43.358662, -22.840932, 0], [-43.358543, -22.841221, 0], [-43.358537, -22.841237, 0], [-43.358431, -22.841503, 0], [-43.358361, -22.841672, 0], [-43.358319, -22.841772, 0], [-43.35826, -22.841945, 0], [-43.358248, -22.841981, 0], [-43.358211, -22.842093, 0], [-43.358177, -22.842193, 0], [-43.358071, -22.842462, 0], [-43.358008, -22.84262, 0], [-43.357967, -22.842705, 0], [-43.35795, -22.842741, 0], [-43.357926, -22.84282, 0], [-43.357889, -22.842972, 0], [-43.357868, -22.843141, 0], [-43.357858, -22.843215, 0], [-43.357852, -22.843265, 0], [-43.357844, -22.84333, 0], [-43.357841, -22.843354, 0], [-43.357837, -22.843372, 0], [-43.357835, -22.843374, 0], [-43.357834, -22.843377, 0], [-43.357826, -22.843389, 0], [-43.357819, -22.843402, 0], [-43.357817, -22.843409, 0], [-43.357814, -22.843421, 0], [-43.357813, -22.843435, 0], [-43.357815, -22.843484, 0], [-43.357815, -22.8435, 0], [-43.357831, -22.843708, 0], [-43.357846, -22.843835, 0], [-43.357853, -22.843902, 0], [-43.357884, -22.844027, 0], [-43.357918, -22.844142, 0], [-43.357962, -22.844256, 0], [-43.357999, -22.844343, 0], [-43.358069, -22.844492, 0], [-43.358086, -22.844521, 0], [-43.35815, -22.844612, 0], [-43.358171, -22.844638, 0], [-43.358254, -22.844744, 0], [-43.358341, -22.84484, 0], [-43.35844, -22.844964, 0], [-43.358483, -22.845008, 0], [-43.358785, -22.845366, 0], [-43.358845, -22.845437, 0], [-43.35909, -22.845683, 0], [-43.359302, -22.845895, 0], [-43.359376, -22.84596, 0], [-43.359472, -22.846055, 0], [-43.359547, -22.84613, 0], [-43.359684, -22.84627, 0], [-43.359706, -22.846293, 0], [-43.359743, -22.84633, 0], [-43.359774, -22.84636, 0], [-43.359832, -22.846416, 0], [-43.359898, -22.846488, 0], [-43.359905, -22.8465, 0], [-43.359902, -22.846512, 0], [-43.359903, -22.846516, 0], [-43.359903, -22.846517, 0], [-43.359935, -22.846556, 0], [-43.359999, -22.846621, 0], [-43.360036, -22.846662, 0], [-43.360038, -22.846664, 0], [-43.360042, -22.846666, 0], [-43.360045, -22.846666, 0], [-43.360058, -22.846667, 0], [-43.360059, -22.846667, 0], [-43.360062, -22.846669, 0], [-43.360072, -22.846679, 0], [-43.360102, -22.846678, 0], [-43.360139, -22.846659, 0], [-43.36014, -22.846659, 0], [-43.360135, -22.846654, 0], [-43.360109, -22.846625, 0], [-43.360075, -22.846574, 0], [-43.360054, -22.846544, 0], [-43.360019, -22.846483, 0], [-43.359967, -22.84639, 0], [-43.359918, -22.846301, 0], [-43.359904, -22.846277, 0], [-43.359903, -22.846261, 0], [-43.359897, -22.846233, 0], [-43.359887, -22.846213, 0], [-43.35987, -22.846189, 0], [-43.359854, -22.84616, 0], [-43.359844, -22.846143, 0], [-43.359779, -22.846089, 0], [-43.359669, -22.845995, 0], [-43.359514, -22.845841, 0], [-43.359197, -22.845526, 0], [-43.358894, -22.845339, 0], [-43.358703, -22.845117, 0], [-43.358689, -22.8451, 0], [-43.358677, -22.845086, 0], [-43.358671, -22.845086, 0], [-43.35864, -22.845058, 0], [-43.358615, -22.845024, 0], [-43.358596, -22.844997, 0], [-43.358594, -22.84499, 0], [-43.358593, -22.844986, 0], [-43.358593, -22.844985, 0], [-43.358598, -22.844975, 0], [-43.358604, -22.844964, 0], [-43.358604, -22.844963, 0], [-43.358611, -22.844951, 0], [-43.358623, -22.844939, 0], [-43.358629, -22.844935, 0], [-43.358635, -22.844932, 0], [-43.358644, -22.844929, 0], [-43.358644, -22.844925, 0], [-43.358616, -22.844885, 0], [-43.358538, -22.844801, 0], [-43.358494, -22.844757, 0], [-43.358444, -22.844697, 0], [-43.358418, -22.844669, 0], [-43.358389, -22.844645, 0], [-43.35836, -22.844638, 0], [-43.358334, -22.844632, 0], [-43.358304, -22.844606, 0], [-43.358254, -22.844552, 0], [-43.358251, -22.844549, 0], [-43.358178, -22.844471, 0], [-43.358135, -22.84442, 0], [-43.358094, -22.844368, 0], [-43.358067, -22.844327, 0], [-43.35804, -22.844278, 0], [-43.358028, -22.844257, 0], [-43.358028, -22.844256, 0], [-43.358026, -22.844253, 0], [-43.358026, -22.844252, 0], [-43.357998, -22.8442, 0], [-43.357982, -22.844166, 0], [-43.357959, -22.844117, 0], [-43.357939, -22.844034, 0], [-43.357932, -22.843982, 0], [-43.357905, -22.843745, 0], [-43.357897, -22.843684, 0], [-43.357889, -22.843613, 0], [-43.357887, -22.843604, 0], [-43.357882, -22.843587, 0], [-43.357879, -22.843566, 0], [-43.357882, -22.843548, 0], [-43.35789, -22.843527, 0], [-43.357899, -22.843513, 0], [-43.3579, -22.843511, 0], [-43.357907, -22.8435, 0], [-43.357915, -22.843483, 0], [-43.35792, -22.843467, 0], [-43.357921, -22.843451, 0], [-43.357922, -22.843441, 0], [-43.357927, -22.843422, 0], [-43.35793, -22.843403, 0], [-43.357936, -22.843377, 0], [-43.357938, -22.843357, 0], [-43.357943, -22.843327, 0], [-43.35794, -22.843305, 0], [-43.357936, -22.843293, 0], [-43.357937, -22.843277, 0], [-43.357937, -22.843268, 0], [-43.357939, -22.843252, 0], [-43.357943, -22.843234, 0], [-43.357944, -22.843211, 0], [-43.357948, -22.843195, 0], [-43.357951, -22.843189, 0], [-43.35796, -22.84317, 0], [-43.35796, -22.843138, 0], [-43.357964, -22.843121, 0], [-43.35797, -22.843106, 0], [-43.357973, -22.843087, 0], [-43.357973, -22.843075, 0], [-43.357974, -22.843059, 0], [-43.357981, -22.843046, 0], [-43.357983, -22.843032, 0], [-43.357982, -22.843027, 0], [-43.35798, -22.843021, 0], [-43.357981, -22.843011, 0], [-43.357988, -22.843002, 0], [-43.35799, -22.842999, 0], [-43.357994, -22.842984, 0], [-43.357994, -22.842983, 0], [-43.357992, -22.842971, 0], [-43.357992, -22.842965, 0], [-43.358, -22.842955, 0], [-43.358003, -22.842938, 0], [-43.358001, -22.842925, 0], [-43.358004, -22.842913, 0], [-43.358008, -22.842907, 0], [-43.358008, -22.842906, 0], [-43.358012, -22.842896, 0], [-43.358013, -22.842892, 0], [-43.358015, -22.84287, 0], [-43.358018, -22.842859, 0], [-43.358026, -22.84285, 0], [-43.358029, -22.842847, 0], [-43.358035, -22.842839, 0], [-43.358038, -22.842834, 0], [-43.358045, -22.842824, 0], [-43.358049, -22.842807, 0], [-43.358055, -22.842789, 0], [-43.358054, -22.842781, 0], [-43.358052, -22.842778, 0], [-43.358047, -22.842769, 0], [-43.358046, -22.842768, 0], [-43.358042, -22.842759, 0], [-43.35804, -22.842751, 0], [-43.358041, -22.842745, 0], [-43.358051, -22.842741, 0], [-43.35806, -22.842736, 0], [-43.358062, -22.842727, 0], [-43.358062, -22.842717, 0], [-43.358065, -22.842707, 0], [-43.358067, -22.842696, 0], [-43.358071, -22.842676, 0], [-43.358076, -22.842664, 0], [-43.35808, -22.842654, 0], [-43.358087, -22.842639, 0], [-43.358095, -22.842624, 0], [-43.358114, -22.842591, 0], [-43.358126, -22.842567, 0], [-43.358137, -22.842548, 0], [-43.358145, -22.842537, 0], [-43.358149, -22.84253, 0], [-43.358159, -22.842513, 0], [-43.358176, -22.842477, 0], [-43.358184, -22.842458, 0], [-43.358185, -22.842458, 0], [-43.3582, -22.842424, 0], [-43.358208, -22.842407, 0], [-43.358213, -22.842393, 0], [-43.358219, -22.842383, 0], [-43.358226, -22.842374, 0], [-43.358236, -22.842361, 0], [-43.358237, -22.842352, 0], [-43.358237, -22.842342, 0], [-43.358238, -22.842336, 0], [-43.35824, -22.842328, 0], [-43.358248, -22.842315, 0], [-43.358256, -22.842306, 0], [-43.358273, -22.842288, 0], [-43.358286, -22.842272, 0], [-43.358296, -22.842256, 0], [-43.358305, -22.84224, 0], [-43.358311, -22.842232, 0], [-43.358324, -22.842224, 0], [-43.358335, -22.842215, 0], [-43.358342, -22.842206, 0], [-43.358345, -22.842187, 0], [-43.358346, -22.842181, 0], [-43.358347, -22.842172, 0], [-43.358353, -22.842135, 0], [-43.358356, -22.842112, 0], [-43.358362, -22.842091, 0], [-43.358365, -22.842081, 0], [-43.358369, -22.842069, 0], [-43.358371, -22.84206, 0], [-43.358379, -22.842029, 0], [-43.358387, -22.84201, 0], [-43.358397, -22.841993, 0], [-43.358407, -22.841975, 0], [-43.358419, -22.841952, 0], [-43.358427, -22.841933, 0], [-43.358434, -22.841915, 0], [-43.358437, -22.841898, 0], [-43.358437, -22.841883, 0], [-43.35844, -22.841842, 0], [-43.358443, -22.841823, 0], [-43.358447, -22.841809, 0], [-43.358457, -22.841789, 0], [-43.358466, -22.841778, 0], [-43.358481, -22.841757, 0], [-43.358491, -22.841744, 0], [-43.358505, -22.841721, 0], [-43.358514, -22.841703, 0], [-43.358521, -22.841682, 0], [-43.358525, -22.841644, 0], [-43.358529, -22.841618, 0], [-43.358532, -22.841594, 0], [-43.358537, -22.841571, 0], [-43.358549, -22.841546, 0], [-43.358555, -22.841533, 0], [-43.358562, -22.841517, 0], [-43.358563, -22.841508, 0], [-43.358564, -22.841478, 0], [-43.358565, -22.841475, 0], [-43.358568, -22.841454, 0], [-43.358572, -22.841433, 0], [-43.358576, -22.841421, 0], [-43.358582, -22.841396, 0], [-43.358583, -22.841381, 0], [-43.358583, -22.841363, 0], [-43.358584, -22.841354, 0], [-43.358593, -22.84134, 0], [-43.358602, -22.841332, 0], [-43.358611, -22.841322, 0], [-43.358627, -22.841308, 0], [-43.35863, -22.841305, 0], [-43.358644, -22.84129, 0], [-43.358655, -22.84127, 0], [-43.358659, -22.841253, 0], [-43.358665, -22.84123, 0], [-43.358673, -22.841205, 0], [-43.358679, -22.841182, 0], [-43.358692, -22.841151, 0], [-43.3587, -22.841134, 0], [-43.35871, -22.841103, 0], [-43.358719, -22.84108, 0], [-43.358719, -22.841078, 0], [-43.358725, -22.841057, 0], [-43.358731, -22.841035, 0], [-43.358745, -22.84101, 0], [-43.358749, -22.841004, 0], [-43.358751, -22.841002, 0], [-43.358756, -22.840995, 0], [-43.358767, -22.840974, 0], [-43.358776, -22.840951, 0], [-43.358783, -22.84093, 0], [-43.358796, -22.84091, 0], [-43.358809, -22.840883, 0], [-43.358815, -22.84087, 0], [-43.358818, -22.84085, 0], [-43.358818, -22.840833, 0], [-43.35882, -22.840823, 0], [-43.358823, -22.840817, 0], [-43.358829, -22.840806, 0], [-43.358842, -22.84078, 0], [-43.358842, -22.840778, 0], [-43.358846, -22.840761, 0], [-43.358847, -22.840739, 0], [-43.358849, -22.840721, 0], [-43.358854, -22.840705, 0], [-43.35886, -22.840694, 0], [-43.358874, -22.840674, 0], [-43.358887, -22.84066, 0], [-43.358899, -22.840623, 0], [-43.358917, -22.84058, 0], [-43.35893, -22.840551, 0], [-43.358945, -22.840521, 0], [-43.358953, -22.840495, 0], [-43.358961, -22.840476, 0], [-43.358969, -22.840451, 0], [-43.358985, -22.840418, 0], [-43.358994, -22.840395, 0], [-43.359005, -22.840371, 0], [-43.359021, -22.840344, 0], [-43.359024, -22.840339, 0], [-43.359033, -22.840327, 0], [-43.359043, -22.840319, 0], [-43.359058, -22.840306, 0], [-43.359065, -22.840291, 0], [-43.359067, -22.840272, 0], [-43.359071, -22.840259, 0], [-43.359072, -22.840246, 0], [-43.359072, -22.840243, 0], [-43.359075, -22.840229, 0], [-43.35908, -22.840216, 0], [-43.359082, -22.840203, 0], [-43.359083, -22.840194, 0], [-43.359084, -22.840175, 0], [-43.359092, -22.840162, 0], [-43.359096, -22.840151, 0], [-43.359098, -22.840138, 0], [-43.359099, -22.840124, 0], [-43.359102, -22.840112, 0], [-43.359107, -22.840095, 0], [-43.359113, -22.840082, 0], [-43.359119, -22.840073, 0], [-43.359125, -22.840056, 0], [-43.359128, -22.840042, 0], [-43.359135, -22.840031, 0], [-43.359144, -22.840021, 0], [-43.359151, -22.840009, 0], [-43.359152, -22.839999, 0], [-43.35916, -22.839968, 0], [-43.359169, -22.839956, 0], [-43.359173, -22.839941, 0], [-43.359174, -22.839927, 0], [-43.359174, -22.839917, 0], [-43.359178, -22.839905, 0], [-43.359181, -22.839893, 0], [-43.359184, -22.83988, 0], [-43.359188, -22.839867, 0], [-43.359192, -22.839853, 0], [-43.359197, -22.83984, 0], [-43.359205, -22.839825, 0], [-43.359213, -22.839809, 0], [-43.359219, -22.839794, 0], [-43.359224, -22.839786, 0], [-43.359237, -22.839767, 0], [-43.35925, -22.839745, 0], [-43.35926, -22.839723, 0], [-43.359266, -22.839698, 0], [-43.359273, -22.839674, 0], [-43.359276, -22.839655, 0], [-43.359278, -22.839643, 0], [-43.359282, -22.839624, 0], [-43.359286, -22.839603, 0], [-43.359291, -22.839592, 0], [-43.359301, -22.83958, 0], [-43.359307, -22.839565, 0], [-43.359313, -22.83954, 0], [-43.359319, -22.83953, 0], [-43.35933, -22.839518, 0], [-43.35934, -22.839506, 0], [-43.359349, -22.839494, 0], [-43.359352, -22.839483, 0], [-43.359354, -22.839475, 0], [-43.359354, -22.839468, 0], [-43.359357, -22.839454, 0], [-43.359362, -22.839436, 0], [-43.359363, -22.839416, 0], [-43.359364, -22.839398, 0], [-43.359365, -22.839384, 0], [-43.35937, -22.839364, 0], [-43.359375, -22.839348, 0], [-43.359379, -22.839336, 0], [-43.359387, -22.839316, 0], [-43.359392, -22.8393, 0], [-43.359399, -22.83928, 0], [-43.35941, -22.839235, 0], [-43.359414, -22.839213, 0], [-43.359416, -22.839187, 0], [-43.359421, -22.839165, 0], [-43.359428, -22.839146, 0], [-43.359433, -22.839136, 0], [-43.359439, -22.839126, 0], [-43.359452, -22.839116, 0], [-43.35946, -22.839101, 0], [-43.359464, -22.839089, 0], [-43.359467, -22.839076, 0], [-43.359473, -22.839064, 0], [-43.359478, -22.839051, 0], [-43.359483, -22.839019, 0], [-43.35949, -22.839002, 0], [-43.359496, -22.838989, 0], [-43.359497, -22.838971, 0], [-43.359501, -22.83895, 0], [-43.359506, -22.838936, 0], [-43.359512, -22.838906, 0], [-43.359516, -22.838892, 0], [-43.359519, -22.838881, 0], [-43.359524, -22.838866, 0], [-43.359533, -22.838831, 0], [-43.359539, -22.838807, 0], [-43.359548, -22.83878, 0], [-43.359554, -22.838765, 0], [-43.359562, -22.83875, 0], [-43.359572, -22.838738, 0], [-43.359581, -22.83873, 0], [-43.35959, -22.838719, 0], [-43.359596, -22.838708, 0], [-43.359602, -22.838695, 0], [-43.359613, -22.838681, 0], [-43.359617, -22.838668, 0], [-43.359619, -22.838655, 0], [-43.35962, -22.838641, 0], [-43.359622, -22.838631, 0], [-43.359628, -22.83862, 0], [-43.35963, -22.838614, 0], [-43.359633, -22.838607, 0], [-43.359636, -22.838592, 0], [-43.359636, -22.838582, 0], [-43.359639, -22.838569, 0], [-43.359644, -22.838559, 0], [-43.359651, -22.838552, 0], [-43.359658, -22.838544, 0], [-43.359663, -22.838536, 0], [-43.359668, -22.838522, 0], [-43.359669, -22.838513, 0], [-43.359679, -22.838494, 0], [-43.359687, -22.838485, 0], [-43.359696, -22.838477, 0], [-43.359702, -22.838473, 0], [-43.359703, -22.838466, 0], [-43.359706, -22.838456, 0], [-43.35971, -22.838447, 0], [-43.359714, -22.838435, 0], [-43.359715, -22.838429, 0], [-43.359717, -22.838409, 0], [-43.359721, -22.8384, 0], [-43.359728, -22.838383, 0], [-43.359732, -22.838378, 0], [-43.359734, -22.83837, 0], [-43.359735, -22.83836, 0], [-43.359735, -22.838349, 0], [-43.359737, -22.838341, 0], [-43.359742, -22.838335, 0], [-43.359745, -22.838328, 0], [-43.35975, -22.838318, 0], [-43.359758, -22.838289, 0], [-43.359762, -22.838278, 0], [-43.359769, -22.838264, 0], [-43.359776, -22.838253, 0], [-43.359781, -22.83824, 0], [-43.359785, -22.838225, 0], [-43.359794, -22.838202, 0], [-43.3598, -22.838191, 0], [-43.359807, -22.83818, 0], [-43.359813, -22.838173, 0], [-43.35982, -22.838162, 0], [-43.359826, -22.838151, 0], [-43.359829, -22.83814, 0], [-43.35983, -22.838129, 0], [-43.359837, -22.838115, 0], [-43.359843, -22.838094, 0], [-43.35985, -22.83808, 0], [-43.359855, -22.838071, 0], [-43.359869, -22.838044, 0], [-43.359876, -22.838027, 0], [-43.359885, -22.838009, 0], [-43.35989, -22.837994, 0], [-43.359893, -22.837986, 0], [-43.359901, -22.837962, 0], [-43.359913, -22.83794, 0], [-43.359923, -22.837914, 0], [-43.359932, -22.837887, 0], [-43.359942, -22.837855, 0], [-43.359948, -22.837832, 0], [-43.359951, -22.837822, 0], [-43.359956, -22.837803, 0], [-43.359976, -22.837777, 0], [-43.359985, -22.837765, 0], [-43.359998, -22.837755, 0], [-43.360012, -22.837745, 0], [-43.360024, -22.837738, 0], [-43.360035, -22.837725, 0]]]}, "properties": {"address": "122640, 0"}},
{"type": "Feature", "geometry": {"type": "Polygon", "coordinates": [[[-43.352413, -22.836379, 0], [-43.352395, -22.836375, 0], [-43.352371, -22.83637, 0], [-43.352354, -22.836366, 0], [-43.352342, -22.836404, 0], [-43.352319, -22.836448, 0], [-43.352335, -22.836456, 0], [-43.352338, -22.836457, 0], [-43.352393, -22.836463, 0], [-43.352406, -22.836416, 0], [-43.352416, -22.83638, 0], [-43.352413, -22.836379, 0]]]}, "properties": {"address": "122727, 0"}},
{"type": "Feature", "geometry": {"type": "Polygon", "coordinates": [[[-43.352141, -22.837378, 0], [-43.35213, -22.837411, 0], [-43.352111, -22.837469, 0], [-43.352108, -22.837468, 0], [-43.352093, -22.837497, 0], [-43.352079, -22.837548, 0], [-43.352074, -22.837591, 0], [-43.352105, -22.837596, 0], [-43.352176, -22.837608, 0], [-43.352233, -22.837434, 0], [-43.352323, -22.837177, 0], [-43.352317, -22.837176, 0], [-43.352276, -22.837169, 0], [-43.352215, -22.837158, 0], [-43.352197, -22.837216, 0], [-43.352141, -22.837378, 0]]]}, "properties": {"address": "118781, 0"}},
{"type": "Feature", "geometry": {"type": "Polygon", "coordinates": [[[-43.352387, -22.83688, 0], [-43.352432, -22.836814, 0], [-43.352415, -22.836807, 0], [-43.352387, -22.836795, 0], [-43.352378, -22.836791, 0], [-43.352349, -22.836779, 0], [-43.352281, -22.836757, 0], [-43.352257, -22.836834, 0], [-43.352258, -22.836835, 0], [-43.352288, -22.836846, 0], [-43.352339, -22.836865, 0], [-43.352387, -22.83688, 0]]]}, "properties": {"address": "121811, 0"}},
{"type": "Feature", "geometry": {"type": "Polygon", "coordinates": [[[-43.352339, -22.836865, 0], [-43.352288, -22.836846, 0], [-43.352258, -22.836835, 0], [-43.352214, -22.836915, 0], [-43.352218, -22.836917, 0], [-43.352223, -22.836919, 0], [-43.352229, -22.836922, 0], [-43.3523, -22.836949, 0], [-43.352298, -22.836952, 0], [-43.35231, -22.836957, 0], [-43.352315, -22.836948, 0], [-43.352325, -22.836931, 0], [-43.352336, -22.836937, 0], [-43.352348, -22.836943, 0], [-43.352352, -22.836937, 0], [-43.352387, -22.83688, 0], [-43.352339, -22.836865, 0]]]}, "properties": {"address": "121811, 0"}},
{"type": "Feature", "geometry": {"type": "Polygon", "coordinates": [[[-43.35228, -22.836986, 0], [-43.352278, -22.836985, 0], [-43.352298, -22.836952, 0], [-43.3523, -22.836949, 0], [-43.352229, -22.836922, 0], [-43.352223, -22.836919, 0], [-43.352218, -22.836917, 0], [-43.352214, -22.836915, 0], [-43.352173, -22.836997, 0], [-43.352178, -22.836999, 0], [-43.35219, -22.837004, 0], [-43.352191, -22.837002, 0], [-43.352211, -22.837011, 0], [-43.352256, -22.837033, 0], [-43.35228, -22.836986, 0]]]}, "properties": {"address": "121811, 0"}},
{"type": "Feature", "geometry": {"type": "Polygon", "coordinates": [[[-43.352244, -22.83709, 0], [-43.352233, -22.837085, 0], [-43.352259, -22.83704, 0], [-43.352262, -22.837036, 0], [-43.352256, -22.837033, 0], [-43.352211, -22.837011, 0], [-43.352191, -22.837002, 0], [-43.35219, -22.837004, 0], [-43.352178, -22.836999, 0], [-43.352173, -22.836997, 0], [-43.352144, -22.837052, 0], [-43.35215, -22.837055, 0], [-43.352147, -22.83706, 0], [-43.352114, -22.837128, 0], [-43.352108, -22.837142, 0], [-43.352127, -22.837146, 0], [-43.352276, -22.837169, 0], [-43.352317, -22.837176, 0], [-43.352323, -22.837177, 0], [-43.352329, -22.83716, 0], [-43.352334, -22.837144, 0], [-43.352337, -22.837137, 0], [-43.352244, -22.83709, 0]]]}, "properties": {"address": "121811, 0"}},
{"type": "Feature", "geometry": {"type": "Polygon", "coordinates": [[[-43.352366, -22.836554, 0], [-43.352362, -22.836553, 0], [-43.35235, -22.836549, 0], [-43.352315, -22.83654, 0], [-43.352304, -22.836537, 0], [-43.352291, -22.836533, 0], [-43.352288, -22.836532, 0], [-43.35228, -22.836557, 0], [-43.352275, -22.836556, 0], [-43.352267, -22.836604, 0], [-43.352262, -22.836604, 0], [-43.352255, -22.836653, 0], [-43.352262, -22.836654, 0], [-43.352261, -22.836657, 0], [-43.352297, -22.836667, 0], [-43.352296, -22.83667, 0], [-43.35231, -22.836674, 0], [-43.352363, -22.836685, 0], [-43.352365, -22.836672, 0], [-43.352367, -22.836637, 0], [-43.352369, -22.836606, 0], [-43.352375, -22.836607, 0], [-43.352375, -22.836597, 0], [-43.352371, -22.836597, 0], [-43.352378, -22.836557, 0], [-43.352366, -22.836554, 0]]]}, "properties": {"address": "0, 0"}},
{"type": "Feature", "geometry": {"type": "Polygon", "coordinates": [[[-43.352369, -22.836606, 0], [-43.352367, -22.836637, 0], [-43.352365, -22.836672, 0], [-43.352363, -22.836685, 0], [-43.352384, -22.836689, 0], [-43.352386, -22.836686, 0], [-43.352485, -22.836716, 0], [-43.352477, -22.836731, 0], [-43.35249, -22.836738, 0], [-43.352497, -22.836741, 0], [-43.352495, -22.836744, 0], [-43.352506, -22.83675, 0], [-43.3525, -22.836759, 0], [-43.352544, -22.836779, 0], [-43.352552, -22.836784, 0], [-43.352576, -22.836774, 0], [-43.352577, -22.836773, 0], [-43.352592, -22.836776, 0], [-43.352598, -22.836747, 0], [-43.352616, -22.836725, 0], [-43.352619, -22.836721, 0], [-43.352635, -22.83667, 0], [-43.352636, -22.836669, 0], [-43.352641, -22.836653, 0], [-43.352576, -22.836636, 0], [-43.352572, -22.836635, 0], [-43.352566, -22.836633, 0], [-43.352533, -22.836625, 0], [-43.352469, -22.836609, 0], [-43.352447, -22.836603, 0], [-43.352407, -22.836594, 0], [-43.352394, -22.83659, 0], [-43.352391, -22.8366, 0], [-43.352375, -22.836597, 0], [-43.352375, -22.836607, 0], [-43.352369, -22.836606, 0]]]}, "properties": {"address": "0, 0"}},
{"type": "Feature", "geometry": {"type": "Polygon", "coordinates": [[[-43.352418, -22.836974, 0], [-43.352359, -22.836941, 0], [-43.352352, -22.836937, 0], [-43.352348, -22.836943, 0], [-43.352336, -22.836937, 0], [-43.352325, -22.836931, 0], [-43.352315, -22.836948, 0], [-43.35231, -22.836957, 0], [-43.352321, -22.836963, 0], [-43.352346, -22.836975, 0], [-43.352401, -22.837003, 0], [-43.352412, -22.837008, 0], [-43.352429, -22.83698, 0], [-43.352418, -22.836974, 0]]]}, "properties": {"address": "0, 0"}},
{"type": "Feature", "geometry": {"type": "Polygon", "coordinates": [[[-43.352552, -22.836784, 0], [-43.352544, -22.836779, 0], [-43.3525, -22.836759, 0], [-43.352506, -22.83675, 0], [-43.352495, -22.836744, 0], [-43.352497, -22.836741, 0], [-43.35249, -22.836738, 0], [-43.352477, -22.836731, 0], [-43.35246, -22.836761, 0], [-43.352448, -22.836783, 0], [-43.352435, -22.836807, 0], [-43.352432, -22.836814, 0], [-43.352387, -22.83688, 0], [-43.3524, -22.836886, 0], [-43.352454, -22.836916, 0], [-43.352478, -22.836929, 0], [-43.352491, -22.836908, 0], [-43.352489, -22.836907, 0], [-43.352502, -22.836886, 0], [-43.352505, -22.836888, 0], [-43.352549, -22.836819, 0], [-43.352576, -22.836774, 0], [-43.352552, -22.836784, 0]]]}, "properties": {"address": "0, 0"}},
{"type": "Feature", "geometry": {"type": "Polygon", "coordinates": [[[-43.352454, -22.836916, 0], [-43.3524, -22.836886, 0], [-43.352387, -22.83688, 0], [-43.352352, -22.836937, 0], [-43.352359, -22.836941, 0], [-43.352418, -22.836974, 0], [-43.352429, -22.83698, 0], [-43.352434, -22.836969, 0], [-43.352453, -22.836977, 0], [-43.352477, -22.836936, 0], [-43.352475, -22.836935, 0], [-43.352478, -22.836929, 0], [-43.352454, -22.836916, 0]]]}, "properties": {"address": "0, 0"}},
{"type": "Feature", "geometry": {"type": "Polygon", "coordinates": [[[-43.352401, -22.837003, 0], [-43.352346, -22.836975, 0], [-43.352321, -22.836963, 0], [-43.35231, -22.836957, 0], [-43.352298, -22.836952, 0], [-43.352278, -22.836985, 0], [-43.35228, -22.836986, 0], [-43.352262, -22.837022, 0], [-43.352256, -22.837033, 0], [-43.352262, -22.837036, 0], [-43.352259, -22.83704, 0], [-43.352233, -22.837085, 0], [-43.352244, -22.83709, 0], [-43.352337, -22.837137, 0], [-43.352354, -22.837144, 0], [-43.352357, -22.837138, 0], [-43.352372, -22.837111, 0], [-43.352381, -22.837092, 0], [-43.352412, -22.837038, 0], [-43.352399, -22.837032, 0], [-43.352412, -22.837008, 0], [-43.352401, -22.837003, 0]]]}, "properties": {"address": "0, 0"}},
{"type": "Feature", "geometry": {"type": "Polygon", "coordinates": [[[-43.352435, -22.836807, 0], [-43.352448, -22.836783, 0], [-43.35246, -22.836761, 0], [-43.352485, -22.836716, 0], [-43.352386, -22.836686, 0], [-43.352384, -22.836689, 0], [-43.352363, -22.836685, 0], [-43.35231, -22.836674, 0], [-43.352298, -22.8367, 0], [-43.352296, -22.836705, 0], [-43.352295, -22.836707, 0], [-43.352285, -22.836743, 0], [-43.352281, -22.836757, 0], [-43.352349, -22.836779, 0], [-43.352378, -22.836791, 0], [-43.352387, -22.836795, 0], [-43.352415, -22.836807, 0], [-43.352432, -22.836814, 0], [-43.352435, -22.836807, 0]]]}, "properties": {"address": "0, 0"}},
{"type": "Feature", "geometry": {"type": "Polygon", "coordinates": [[[-43.359023, -22.838289, 0], [-43.359022, -22.838301, 0], [-43.359023, -22.838313, 0], [-43.359024, -22.838318, 0], [-43.359025, -22.838321, 0], [-43.359028, -22.838328, 0], [-43.359033, -22.838333, 0], [-43.359035, -22.838337, 0], [-43.359042, -22.838341, 0], [-43.35911, -22.838359, 0], [-43.359112, -22.83835, 0], [-43.35914, -22.838245, 0], [-43.359146, -22.838221, 0], [-43.359105, -22.838213, 0], [-43.359103, -22.838223, 0], [-43.359093, -22.83822, 0], [-43.359042, -22.838207, 0], [-43.359038, -22.838207, 0], [-43.359024, -22.838275, 0], [-43.359023, -22.838289, 0]]]}, "properties": {"address": "309305, 0"}},
{"type": "Feature", "geometry": {"type": "Polygon", "coordinates": [[[-43.359315, -22.838226, 0], [-43.359319, -22.838228, 0], [-43.359337, -22.838159, 0], [-43.359337, -22.838156, 0], [-43.359363, -22.838057, 0], [-43.359484, -22.838059, 0], [-43.359493, -22.838059, 0], [-43.359514, -22.838005, 0], [-43.359479, -22.83799, 0], [-43.359436, -22.837971, 0], [-43.359408, -22.837958, 0], [-43.359385, -22.837948, 0], [-43.359373, -22.837942, 0], [-43.359295, -22.837898, 0], [-43.359335, -22.837771, 0], [-43.359356, -22.837708, 0], [-43.359369, -22.837713, 0], [-43.359398, -22.837725, 0], [-43.359416, -22.837687, 0], [-43.359429, -22.83766, 0], [-43.359451, -22.837667, 0], [-43.35947, -22.837673, 0], [-43.359472, -22.837669, 0], [-43.359508, -22.837571, 0], [-43.359485, -22.837561, 0], [-43.359447, -22.837544, 0], [-43.359443, -22.837542, 0], [-43.35944, -22.837541, 0], [-43.359398, -22.837522, 0], [-43.359381, -22.837561, 0], [-43.35932, -22.837539, 0], [-43.3593, -22.837532, 0], [-43.359395, -22.837284, 0], [-43.359395, -22.837282, 0], [-43.359296, -22.837255, 0], [-43.359289, -22.837253, 0], [-43.359263, -22.837246, 0], [-43.359227, -22.837235, 0], [-43.359219, -22.837233, 0], [-43.35919, -22.837225, 0], [-43.359169, -22.837219, 0], [-43.359168, -22.837218, 0], [-43.359166, -22.837218, 0], [-43.359159, -22.837215, 0], [-43.359144, -22.837208, 0], [-43.359102, -22.83719, 0], [-43.359009, -22.837149, 0], [-43.358892, -22.837106, 0], [-43.35887, -22.837098, 0], [-43.358808, -22.837079, 0], [-43.358805, -22.837079, 0], [-43.358802, -22.83708, 0], [-43.358798, -22.837081, 0], [-43.358795, -22.837082, 0], [-43.358791, -22.837083, 0], [-43.358788, -22.837084, 0], [-43.358786, -22.837084, 0], [-43.358785, -22.837085, 0], [-43.358781, -22.837086, 0], [-43.358778, -22.837088, 0], [-43.358775, -22.837089, 0], [-43.358772, -22.837091, 0], [-43.358769, -22.837092, 0], [-43.35876, -22.837098, 0], [-43.358758, -22.8371, 0], [-43.358735, -22.837118, 0], [-43.358716, -22.837133, 0], [-43.358692, -22.837152, 0], [-43.358674, -22.837166, 0], [-43.358657, -22.837179, 0], [-43.35865, -22.837185, 0], [-43.358632, -22.837198, 0], [-43.358611, -22.837215, 0], [-43.358596, -22.837227, 0], [-43.358507, -22.837297, 0], [-43.358501, -22.837302, 0], [-43.358345, -22.837427, 0], [-43.358343, -22.837429, 0], [-43.358304, -22.837456, 0], [-43.358165, -22.837565, 0], [-43.358134, -22.837584, 0], [-43.35812, -22.837594, 0], [-43.358103, -22.837604, 0], [-43.358073, -22.837626, 0], [-43.358044, -22.837648, 0], [-43.358016, -22.83767, 0], [-43.357997, -22.837686, 0], [-43.357994, -22.837689, 0], [-43.357937, -22.837742, 0], [-43.357934, -22.837744, 0], [-43.357909, -22.837771, 0], [-43.357898, -22.837783, 0], [-43.357885, -22.837798, 0], [-43.357816, -22.837876, 0], [-43.357814, -22.837874, 0], [-43.357754, -22.837939, 0], [-43.357757, -22.837942, 0], [-43.357732, -22.837973, 0], [-43.357674, -22.838039, 0], [-43.357666, -22.83805, 0], [-43.357648, -22.838072, 0], [-43.357638, -22.838083, 0], [-43.357621, -22.838103, 0], [-43.357616, -22.838109, 0], [-43.357622, -22.838112, 0], [-43.357648, -22.838124, 0], [-43.357751, -22.838173, 0], [-43.35777, -22.838182, 0], [-43.357769, -22.838196, 0], [-43.357769, -22.838239, 0], [-43.357779, -22.83824, 0], [-43.357787, -22.838269, 0], [-43.357813, -22.838269, 0], [-43.358003, -22.838271, 0], [-43.358005, -22.838271, 0], [-43.358103, -22.838261, 0], [-43.358133, -22.838257, 0], [-43.358132, -22.838216, 0], [-43.358158, -22.838217, 0], [-43.358157, -22.838223, 0], [-43.358219, -22.838225, 0], [-43.35828, -22.838216, 0], [-43.358282, -22.838217, 0], [-43.358309, -22.838225, 0], [-43.358318, -22.838228, 0], [-43.358373, -22.838245, 0], [-43.358386, -22.838251, 0], [-43.358392, -22.838241, 0], [-43.358323, -22.838215, 0], [-43.358316, -22.838212, 0], [-43.358286, -22.838199, 0], [-43.358237, -22.838177, 0], [-43.358298, -22.838096, 0], [-43.358365, -22.838138, 0], [-43.358374, -22.838128, 0], [-43.358381, -22.83812, 0], [-43.358345, -22.838101, 0], [-43.358304, -22.838079, 0], [-43.358262, -22.838036, 0], [-43.358285, -22.838003, 0], [-43.358305, -22.837975, 0], [-43.358306, -22.837974, 0], [-43.35831, -22.837971, 0], [-43.358314, -22.837969, 0], [-43.358318, -22.837968, 0], [-43.358327, -22.837968, 0], [-43.358331, -22.837969, 0], [-43.358335, -22.837971, 0], [-43.358368, -22.837987, 0], [-43.358373, -22.837989, 0], [-43.358375, -22.83799, 0], [-43.358396, -22.838, 0], [-43.358415, -22.83801, 0], [-43.35842, -22.838002, 0], [-43.358431, -22.838008, 0], [-43.358433, -22.838005, 0], [-43.358504, -22.837904, 0], [-43.358581, -22.837937, 0], [-43.358635, -22.837826, 0], [-43.358648, -22.837835, 0], [-43.358675, -22.837852, 0], [-43.358722, -22.837884, 0], [-43.358747, -22.8379, 0], [-43.358753, -22.837905, 0], [-43.358872, -22.837983, 0], [-43.358881, -22.837989, 0], [-43.358878, -22.837993, 0], [-43.358877, -22.837995, 0], [-43.358899, -22.838009, 0], [-43.358911, -22.838016, 0], [-43.358921, -22.838005, 0], [-43.35894, -22.837983, 0], [-43.35895, -22.83797, 0], [-43.358953, -22.837967, 0], [-43.358966, -22.83795, 0], [-43.358954, -22.837943, 0], [-43.358964, -22.837927, 0], [-43.359048, -22.837974, 0], [-43.359055, -22.837978, 0], [-43.359063, -22.837983, 0], [-43.359064, -22.837975, 0], [-43.359067, -22.837962, 0], [-43.359071, -22.837955, 0], [-43.359105, -22.837895, 0], [-43.359134, -22.837785, 0], [-43.359136, -22.837784, 0], [-43.359138, -22.837784, 0], [-43.359166, -22.837791, 0], [-43.359168, -22.837793, 0], [-43.35917, -22.837797, 0], [-43.359127, -22.837891, 0], [-43.359091, -22.837969, 0], [-43.359082, -22.837992, 0], [-43.359057, -22.838104, 0], [-43.359049, -22.838136, 0], [-43.359038, -22.838207, 0], [-43.359042, -22.838207, 0], [-43.359093, -22.83822, 0], [-43.359103, -22.838223, 0], [-43.359105, -22.838213, 0], [-43.359146, -22.838221, 0], [-43.35914, -22.838245, 0], [-43.359112, -22.83835, 0], [-43.35911, -22.838359, 0], [-43.359238, -22.838395, 0], [-43.359239, -22.838391, 0], [-43.359253, -22.838357, 0], [-43.35928, -22.838289, 0], [-43.359281, -22.838287, 0], [-43.359315, -22.838226, 0]]]}, "properties": {"address": "309305, 0"}},
{"type": "Feature", "geometry": {"type": "Polygon", "coordinates": [[[-43.35757, -22.837906, 0], [-43.357602, -22.837883, 0], [-43.357606, -22.837879, 0], [-43.357621, -22.837869, 0], [-43.357638, -22.837856, 0], [-43.357489, -22.83768, 0], [-43.357415, -22.837735, 0], [-43.35757, -22.837906, 0]]]}, "properties": {"address": "120677, 742339"}},
{"type": "Feature", "geometry": {"type": "Polygon", "coordinates": [[[-43.35932, -22.837539, 0], [-43.359381, -22.837561, 0], [-43.359398, -22.837522, 0], [-43.35944, -22.837541, 0], [-43.359443, -22.837542, 0], [-43.359447, -22.837544, 0], [-43.359485, -22.837561, 0], [-43.359595, -22.837361, 0], [-43.359487, -22.837314, 0], [-43.359395, -22.837282, 0], [-43.359395, -22.837284, 0], [-43.3593, -22.837532, 0], [-43.35932, -22.837539, 0]]]}, "properties": {"address": "122615, 0"}},
{"type": "Feature", "geometry": {"type": "Polygon", "coordinates": [[[-43.35955, -22.837473, 0], [-43.359547, -22.837472, 0], [-43.35951, -22.837565, 0], [-43.359508, -22.837571, 0], [-43.359472, -22.837669, 0], [-43.359545, -22.837696, 0], [-43.359593, -22.837715, 0], [-43.359647, -22.837737, 0], [-43.359651, -22.837726, 0], [-43.359777, -22.837779, 0], [-43.359825, -22.837798, 0], [-43.35986, -22.837737, 0], [-43.359865, -22.837739, 0], [-43.359891, -22.837682, 0], [-43.359881, -22.837676, 0], [-43.359882, -22.837675, 0], [-43.359732, -22.837581, 0], [-43.359791, -22.837498, 0], [-43.359783, -22.837493, 0], [-43.359745, -22.837466, 0], [-43.359724, -22.837451, 0], [-43.359664, -22.837407, 0], [-43.359613, -22.837374, 0], [-43.35958, -22.837421, 0], [-43.35955, -22.837473, 0]]]}, "properties": {"address": "122615, 0"}},
{"type": "Feature", "geometry": {"type": "Polygon", "coordinates": [[[-43.357695, -22.837921, 0], [-43.357693, -22.837919, 0], [-43.357707, -22.8379, 0], [-43.357743, -22.837859, 0], [-43.357741, -22.837858, 0], [-43.357744, -22.837853, 0], [-43.357747, -22.83785, 0], [-43.357761, -22.837833, 0], [-43.357761, -22.837832, 0], [-43.357768, -22.837836, 0], [-43.357813, -22.837791, 0], [-43.357837, -22.837766, 0], [-43.357844, -22.837758, 0], [-43.357873, -22.837729, 0], [-43.35787, -22.837725, 0], [-43.357886, -22.837709, 0], [-43.357867, -22.837689, 0], [-43.357859, -22.837695, 0], [-43.357846, -22.837705, 0], [-43.357776, -22.837756, 0], [-43.357715, -22.8378, 0], [-43.357706, -22.837807, 0], [-43.357641, -22.837854, 0], [-43.357638, -22.837856, 0], [-43.357621, -22.837869, 0], [-43.357606, -22.837879, 0], [-43.357602, -22.837883, 0], [-43.35757, -22.837906, 0], [-43.357563, -22.837911, 0], [-43.35753, -22.837936, 0], [-43.3575, -22.837957, 0], [-43.357494, -22.837961, 0], [-43.357472, -22.837977, 0], [-43.357434, -22.838005, 0], [-43.357432, -22.838007, 0], [-43.357423, -22.838013, 0], [-43.357294, -22.838108, 0], [-43.357226, -22.838157, 0], [-43.357211, -22.838168, 0], [-43.357203, -22.838174, 0], [-43.357186, -22.838154, 0], [-43.357182, -22.838156, 0], [-43.357161, -22.838171, 0], [-43.357191, -22.838206, 0], [-43.357188, -22.838208, 0], [-43.357194, -22.838216, 0], [-43.357197, -22.838214, 0], [-43.35722, -22.838242, 0], [-43.357241, -22.838227, 0], [-43.357262, -22.838251, 0], [-43.357288, -22.838269, 0], [-43.357342, -22.838294, 0], [-43.357345, -22.838287, 0], [-43.357346, -22.838288, 0], [-43.357348, -22.838288, 0], [-43.35735, -22.838289, 0], [-43.357355, -22.838289, 0], [-43.357357, -22.83829, 0], [-43.357371, -22.83829, 0], [-43.357373, -22.838289, 0], [-43.357378, -22.838289, 0], [-43.357381, -22.838288, 0], [-43.357383, -22.838288, 0], [-43.357385, -22.838287, 0], [-43.357388, -22.838286, 0], [-43.357383, -22.838298, 0], [-43.357444, -22.838323, 0], [-43.357468, -22.838259, 0], [-43.357469, -22.838256, 0], [-43.35748, -22.838234, 0], [-43.357473, -22.83823, 0], [-43.357488, -22.838204, 0], [-43.357493, -22.838206, 0], [-43.357514, -22.838168, 0], [-43.357537, -22.838123, 0], [-43.357541, -22.838126, 0], [-43.357562, -22.838096, 0], [-43.357572, -22.838083, 0], [-43.357575, -22.838085, 0], [-43.357616, -22.838032, 0], [-43.357608, -22.838027, 0], [-43.357618, -22.838014, 0], [-43.357622, -22.838009, 0], [-43.357641, -22.837985, 0], [-43.357641, -22.837984, 0], [-43.357669, -22.837949, 0], [-43.35767, -22.837947, 0], [-43.357695, -22.837921, 0]]]}, "properties": {"address": "122611, 0"}},
{"type": "Feature", "geometry": {"type": "Polygon", "coordinates": [[[-43.357846, -22.837705, 0], [-43.357859, -22.837695, 0], [-43.357867, -22.837689, 0], [-43.357915, -22.837654, 0], [-43.357874, -22.837608, 0], [-43.357816, -22.837651, 0], [-43.357705, -22.837522, 0], [-43.357694, -22.837529, 0], [-43.357846, -22.837705, 0]]]}, "properties": {"address": "122611, 0"}},
{"type": "Feature", "geometry": {"type": "Polygon", "coordinates": [[[-43.356908, -22.838506, 0], [-43.356869, -22.838534, 0], [-43.356875, -22.838542, 0], [-43.356887, -22.838553, 0], [-43.357063, -22.8386, 0], [-43.357094, -22.838681, 0], [-43.357213, -22.838654, 0], [-43.357326, -22.838796, 0], [-43.357331, -22.838803, 0], [-43.357327, -22.838719, 0], [-43.357332, -22.838641, 0], [-43.357343, -22.838569, 0], [-43.357363, -22.838509, 0], [-43.357363, -22.838494, 0], [-43.357364, -22.838491, 0], [-43.357365, -22.838487, 0], [-43.357365, -22.838483, 0], [-43.357366, -22.838479, 0], [-43.357366, -22.838464, 0], [-43.357365, -22.83846, 0], [-43.357365, -22.838457, 0], [-43.357364, -22.838453, 0], [-43.357364, -22.838449, 0], [-43.357363, -22.838445, 0], [-43.357362, -22.838442, 0], [-43.35736, -22.838434, 0], [-43.357358, -22.838431, 0], [-43.357357, -22.838427, 0], [-43.357355, -22.838424, 0], [-43.357353, -22.83842, 0], [-43.357349, -22.838414, 0], [-43.357347, -22.83841, 0], [-43.357343, -22.838404, 0], [-43.35734, -22.838401, 0], [-43.357256, -22.838309, 0], [-43.357247, -22.838316, 0], [-43.357208, -22.838345, 0], [-43.357185, -22.838362, 0], [-43.357188, -22.838365, 0], [-43.357151, -22.838393, 0], [-43.357155, -22.838398, 0], [-43.357119, -22.838424, 0], [-43.357095, -22.838396, 0], [-43.357085, -22.838385, 0], [-43.357064, -22.838401, 0], [-43.357015, -22.838437, 0], [-43.357004, -22.838444, 0], [-43.356978, -22.838463, 0], [-43.356972, -22.838464, 0], [-43.356949, -22.838477, 0], [-43.356908, -22.838506, 0]]]}, "properties": {"address": "122617, 0"}},
{"type": "Feature", "geometry": {"type": "Polygon", "coordinates": [[[-43.358353, -22.83898, 0], [-43.358354, -22.838982, 0], [-43.358372, -22.838968, 0], [-43.358388, -22.838956, 0], [-43.358385, -22.838945, 0], [-43.358379, -22.838909, 0], [-43.358367, -22.838832, 0], [-43.358366, -22.838774, 0], [-43.358414, -22.838776, 0], [-43.358491, -22.838779, 0], [-43.3585, -22.838774, 0], [-43.358513, -22.838768, 0], [-43.358523, -22.838762, 0], [-43.358536, -22.838755, 0], [-43.358533, -22.838732, 0], [-43.35853, -22.838675, 0], [-43.358533, -22.838631, 0], [-43.358533, -22.838625, 0], [-43.358536, -22.83861, 0], [-43.358541, -22.83858, 0], [-43.358549, -22.838538, 0], [-43.358551, -22.838528, 0], [-43.358548, -22.838527, 0], [-43.358534, -22.838517, 0], [-43.358513, -22.838512, 0], [-43.358513, -22.838502, 0], [-43.358512, -22.838502, 0], [-43.358476, -22.838499, 0], [-43.358405, -22.838478, 0], [-43.35836, -22.83847, 0], [-43.358351, -22.838471, 0], [-43.358311, -22.838472, 0], [-43.358287, -22.83847, 0], [-43.358201, -22.838471, 0], [-43.358158, -22.83847, 0], [-43.358001, -22.838467, 0], [-43.357953, -22.838467, 0], [-43.357933, -22.838469, 0], [-43.357918, -22.838469, 0], [-43.357918, -22.838471, 0], [-43.357915, -22.838557, 0], [-43.357914, -22.838568, 0], [-43.357911, -22.838654, 0], [-43.357911, -22.838683, 0], [-43.357941, -22.838679, 0], [-43.357941, -22.83869, 0], [-43.357942, -22.838716, 0], [-43.357875, -22.838723, 0], [-43.357863, -22.838724, 0], [-43.357855, -22.838725, 0], [-43.357728, -22.838738, 0], [-43.357589, -22.838749, 0], [-43.357442, -22.838762, 0], [-43.357408, -22.838764, 0], [-43.357407, -22.838764, 0], [-43.357407, -22.838767, 0], [-43.357409, -22.838843, 0], [-43.357411, -22.838897, 0], [-43.35741, -22.838933, 0], [-43.357412, -22.838933, 0], [-43.357413, -22.838996, 0], [-43.357399, -22.83919, 0], [-43.3574, -22.83919, 0], [-43.357404, -22.839191, 0], [-43.357427, -22.839194, 0], [-43.357497, -22.839205, 0], [-43.357531, -22.839212, 0], [-43.357551, -22.839216, 0], [-43.357598, -22.839221, 0], [-43.3576, -22.839221, 0], [-43.357645, -22.839226, 0], [-43.357703, -22.839233, 0], [-43.357725, -22.839234, 0], [-43.357852, -22.839242, 0], [-43.35786, -22.839244, 0], [-43.357867, -22.839246, 0], [-43.357901, -22.839255, 0], [-43.357903, -22.839256, 0], [-43.357991, -22.83928, 0], [-43.358075, -22.839303, 0], [-43.358148, -22.839201, 0], [-43.358232, -22.839077, 0], [-43.35833, -22.838943, 0], [-43.358336, -22.838943, 0], [-43.358338, -22.838944, 0], [-43.358341, -22.838944, 0], [-43.358343, -22.838945, 0], [-43.358344, -22.838945, 0], [-43.358346, -22.838946, 0], [-43.358347, -22.838946, 0], [-43.358349, -22.838947, 0], [-43.35835, -22.838947, 0], [-43.358352, -22.838948, 0], [-43.358353, -22.838949, 0], [-43.358355, -22.83895, 0], [-43.358356, -22.838951, 0], [-43.358357, -22.838951, 0], [-43.358359, -22.838952, 0], [-43.358365, -22.838958, 0], [-43.358353, -22.83898, 0]]]}, "properties": {"address": "309388, 0"}},
{"type": "Feature", "geometry": {"type": "Polygon", "coordinates": [[[-43.357487, -22.838388, 0], [-43.357483, -22.83839, 0], [-43.357481, -22.838392, 0], [-43.357459, -22.83843, 0], [-43.357437, -22.838467, 0], [-43.357425, -22.838507, 0], [-43.357414, -22.838552, 0], [-43.357403, -22.838629, 0], [-43.357401, -22.838724, 0], [-43.357411, -22.838729, 0], [-43.357556, -22.838713, 0], [-43.357592, -22.838709, 0], [-43.357719, -22.838695, 0], [-43.357836, -22.838682, 0], [-43.357911, -22.838674, 0], [-43.357911, -22.838654, 0], [-43.357914, -22.838568, 0], [-43.357915, -22.838557, 0], [-43.357918, -22.838471, 0], [-43.357918, -22.838469, 0], [-43.357911, -22.838469, 0], [-43.357788, -22.838482, 0], [-43.357663, -22.838464, 0], [-43.357598, -22.83845, 0], [-43.357607, -22.83843, 0], [-43.357496, -22.838387, 0], [-43.357493, -22.838386, 0], [-43.357487, -22.838388, 0]]]}, "properties": {"address": "122616, 0"}},
{"type": "Feature", "geometry": {"type": "Polygon", "coordinates": [[[-43.359697, -22.838099, 0], [-43.359669, -22.838093, 0], [-43.359535, -22.838065, 0], [-43.359508, -22.83806, 0], [-43.359493, -22.838059, 0], [-43.359484, -22.838059, 0], [-43.359363, -22.838057, 0], [-43.359337, -22.838156, 0], [-43.359337, -22.838159, 0], [-43.359319, -22.838228, 0], [-43.359315, -22.838226, 0], [-43.359281, -22.838287, 0], [-43.35928, -22.838289, 0], [-43.359253, -22.838357, 0], [-43.359239, -22.838391, 0], [-43.359238, -22.838395, 0], [-43.359361, -22.83843, 0], [-43.359429, -22.83845, 0], [-43.359493, -22.838468, 0], [-43.359513, -22.838473, 0], [-43.359566, -22.838488, 0], [-43.359612, -22.838361, 0], [-43.359645, -22.838259, 0], [-43.359659, -22.838218, 0], [-43.359661, -22.83821, 0], [-43.359694, -22.838108, 0], [-43.359697, -22.838099, 0]]]}, "properties": {"address": "309390, 0"}},
{"type": "Feature", "geometry": {"type": "Polygon", "coordinates": [[[-43.355457, -22.83942, 0], [-43.355604, -22.839314, 0], [-43.35561, -22.839309, 0], [-43.355606, -22.839304, 0], [-43.355575, -22.839268, 0], [-43.355573, -22.839265, 0], [-43.355572, -22.839264, 0], [-43.355552, -22.83924, 0], [-43.355551, -22.839239, 0], [-43.355532, -22.839216, 0], [-43.355505, -22.839184, 0], [-43.355488, -22.839164, 0], [-43.355487, -22.839163, 0], [-43.355446, -22.839215, 0], [-43.355434, -22.839239, 0], [-43.355404, -22.8393, 0], [-43.3554, -22.83932, 0], [-43.355396, -22.839345, 0], [-43.355401, -22.839374, 0], [-43.355413, -22.839399, 0], [-43.355441, -22.839431, 0], [-43.355457, -22.83942, 0]]]}, "properties": {"address": "121804, 746142"}},
{"type": "Feature", "geometry": {"type": "Polygon", "coordinates": [[[-43.35615, -22.839962, 0], [-43.356107, -22.839648, 0], [-43.355829, -22.839846, 0], [-43.355821, -22.839852, 0], [-43.355992, -22.840042, 0], [-43.356007, -22.840059, 0], [-43.356022, -22.840077, 0], [-43.35605, -22.840115, 0], [-43.356063, -22.840134, 0], [-43.356075, -22.840154, 0], [-43.356097, -22.840179, 0], [-43.356102, -22.840184, 0], [-43.356106, -22.84019, 0], [-43.356111, -22.840195, 0], [-43.356115, -22.8402, 0], [-43.35612, -22.840205, 0], [-43.356126, -22.84021, 0], [-43.356131, -22.840215, 0], [-43.356137, -22.84022, 0], [-43.356142, -22.840224, 0], [-43.35616, -22.840236, 0], [-43.356167, -22.84024, 0], [-43.356173, -22.840243, 0], [-43.35618, -22.840247, 0], [-43.356186, -22.84025, 0], [-43.356193, -22.840253, 0], [-43.3562, -22.840255, 0], [-43.356243, -22.840273, 0], [-43.356245, -22.840267, 0], [-43.356255, -22.840223, 0], [-43.356293, -22.840057, 0], [-43.356293, -22.840053, 0], [-43.35615, -22.839962, 0]]]}, "properties": {"address": "144418, 69896"}},
{"type": "Feature", "geometry": {"type": "Polygon", "coordinates": [[[-43.362201, -22.840226, 0], [-43.362172, -22.840223, 0], [-43.362132, -22.840216, 0], [-43.362047, -22.840204, 0], [-43.362045, -22.840203, 0], [-43.361951, -22.84019, 0], [-43.361938, -22.840188, 0], [-43.361926, -22.840242, 0], [-43.361921, -22.840261, 0], [-43.361921, -22.840265, 0], [-43.361866, -22.840521, 0], [-43.36187, -22.840522, 0], [-43.361955, -22.840535, 0], [-43.361956, -22.840535, 0], [-43.362015, -22.840542, 0], [-43.362075, -22.840549, 0], [-43.362114, -22.840553, 0], [-43.362117, -22.840554, 0], [-43.36212, -22.840556, 0], [-43.362125, -22.840563, 0], [-43.362172, -22.840569, 0], [-43.362201, -22.840226, 0]]]}, "properties": {"address": "121887, 0"}},
{"type": "Feature", "geometry": {"type": "Polygon", "coordinates": [[[-43.355604, -22.839314, 0], [-43.355457, -22.83942, 0], [-43.355441, -22.839431, 0], [-43.355452, -22.839445, 0], [-43.355468, -22.839434, 0], [-43.355532, -22.839509, 0], [-43.356032, -22.839143, 0], [-43.356035, -22.839141, 0], [-43.356017, -22.83904, 0], [-43.356013, -22.839042, 0], [-43.355985, -22.839063, 0], [-43.355916, -22.839113, 0], [-43.355887, -22.839135, 0], [-43.355847, -22.839163, 0], [-43.355818, -22.839185, 0], [-43.355778, -22.839214, 0], [-43.355702, -22.839269, 0], [-43.355624, -22.839326, 0], [-43.355621, -22.839323, 0], [-43.35561, -22.839309, 0], [-43.355604, -22.839314, 0]]]}, "properties": {"address": "144418, 922933"}},
{"type": "Feature", "geometry": {"type": "Polygon", "coordinates": [[[-43.361938, -22.840188, 0], [-43.361951, -22.84019, 0], [-43.362045, -22.840203, 0], [-43.362047, -22.840204, 0], [-43.362132, -22.840216, 0], [-43.362172, -22.840223, 0], [-43.362181, -22.840131, 0], [-43.362182, -22.840116, 0], [-43.362044, -22.840083, 0], [-43.361982, -22.840069, 0], [-43.361943, -22.840061, 0], [-43.361896, -22.84005, 0], [-43.361896, -22.840048, 0], [-43.361854, -22.840041, 0], [-43.361835, -22.840172, 0], [-43.361938, -22.840188, 0]]]}, "properties": {"address": "121906, 0"}},
{"type": "Feature", "geometry": {"type": "Polygon", "coordinates": [[[-43.357864, -22.840584, 0], [-43.357877, -22.840587, 0], [-43.357924, -22.840367, 0], [-43.357904, -22.840363, 0], [-43.357838, -22.84035, 0], [-43.357793, -22.84057, 0], [-43.357864, -22.840584, 0]]]}, "properties": {"address": "144361, 746116"}},
{"type": "Feature", "geometry": {"type": "Polygon", "coordinates": [[[-43.360343, -22.840505, 0], [-43.360317, -22.84059, 0], [-43.360316, -22.840594, 0], [-43.36031, -22.840615, 0], [-43.360317, -22.840616, 0], [-43.360371, -22.840623, 0], [-43.360426, -22.840631, 0], [-43.360434, -22.840583, 0], [-43.360437, -22.840561, 0], [-43.360447, -22.840496, 0], [-43.360439, -22.840493, 0], [-43.360425, -22.840489, 0], [-43.360423, -22.84049, 0], [-43.360353, -22.840472, 0], [-43.360345, -22.840501, 0], [-43.360343, -22.840505, 0]]]}, "properties": {"address": "165537, 0"}},
{"type": "Feature", "geometry": {"type": "Polygon", "coordinates": [[[-43.35768, -22.83963, 0], [-43.357676, -22.839642, 0], [-43.357676, -22.839645, 0], [-43.357675, -22.839648, 0], [-43.357675, -22.839654, 0], [-43.357674, -22.839657, 0], [-43.357674, -22.83966, 0], [-43.357675, -22.839663, 0], [-43.357675, -22.839669, 0], [-43.357709, -22.839956, 0], [-43.357674, -22.840132, 0], [-43.357671, -22.840148, 0], [-43.35768, -22.84015, 0], [-43.357713, -22.840156, 0], [-43.357725, -22.84012, 0], [-43.35774, -22.840069, 0], [-43.35778, -22.839945, 0], [-43.357781, -22.839939, 0], [-43.35778, -22.839903, 0], [-43.357763, -22.839806, 0], [-43.357722, -22.839621, 0], [-43.357696, -22.839521, 0], [-43.357611, -22.839535, 0], [-43.357615, -22.839573, 0], [-43.35761, -22.839574, 0], [-43.357612, -22.839584, 0], [-43.357671, -22.839581, 0], [-43.357674, -22.839595, 0], [-43.357681, -22.839627, 0], [-43.35768, -22.83963, 0]]]}, "properties": {"address": "122510, 0"}},
{"type": "Feature", "geometry": {"type": "Polygon", "coordinates": [[[-43.357238, -22.840233, 0], [-43.357235, -22.840232, 0], [-43.357223, -22.840296, 0], [-43.357218, -22.840318, 0], [-43.357337, -22.840338, 0], [-43.357357, -22.840256, 0], [-43.357351, -22.840254, 0], [-43.357345, -22.840253, 0], [-43.35733, -22.84025, 0], [-43.357291, -22.840243, 0], [-43.357238, -22.840233, 0]]]}, "properties": {"address": "122510, 672414"}},
{"type": "Feature", "geometry": {"type": "Polygon", "coordinates": [[[-43.357574, -22.840528, 0], [-43.35758, -22.840529, 0], [-43.357622, -22.840537, 0], [-43.357668, -22.840316, 0], [-43.35759, -22.840301, 0], [-43.357583, -22.8403, 0], [-43.357578, -22.840299, 0], [-43.357535, -22.84052, 0], [-43.357574, -22.840528, 0]]]}, "properties": {"address": "144361, 746120"}},
{"type": "Feature", "geometry": {"type": "Polygon", "coordinates": [[[-43.358533, -22.838631, 0], [-43.35853, -22.838675, 0], [-43.358533, -22.838732, 0], [-43.358536, -22.838755, 0], [-43.358537, -22.838763, 0], [-43.358537, -22.838764, 0], [-43.358587, -22.838819, 0], [-43.358637, -22.838873, 0], [-43.358656, -22.838897, 0], [-43.358647, -22.838911, 0], [-43.358704, -22.838977, 0], [-43.35877, -22.838906, 0], [-43.358807, -22.838843, 0], [-43.358829, -22.8388, 0], [-43.358833, -22.838801, 0], [-43.358843, -22.838781, 0], [-43.358883, -22.838799, 0], [-43.358915, -22.838808, 0], [-43.358914, -22.838813, 0], [-43.358953, -22.838821, 0], [-43.358955, -22.838816, 0], [-43.35899, -22.838826, 0], [-43.359005, -22.838837, 0], [-43.359002, -22.838842, 0], [-43.359069, -22.838909, 0], [-43.359122, -22.838969, 0], [-43.359138, -22.838989, 0], [-43.359352, -22.839054, 0], [-43.359394, -22.838943, 0], [-43.359442, -22.838759, 0], [-43.359431, -22.838756, 0], [-43.359368, -22.838738, 0], [-43.35929, -22.838717, 0], [-43.359127, -22.838678, 0], [-43.359086, -22.838668, 0], [-43.358984, -22.838643, 0], [-43.358892, -22.83862, 0], [-43.358838, -22.838606, 0], [-43.358819, -22.838601, 0], [-43.358683, -22.838568, 0], [-43.358575, -22.838543, 0], [-43.358549, -22.838538, 0], [-43.358541, -22.83858, 0], [-43.358536, -22.83861, 0], [-43.358533, -22.838625, 0], [-43.358533, -22.838631, 0]]]}, "properties": {"address": "0, 0"}},
{"type": "Feature", "geometry": {"type": "Polygon", "coordinates": [[[-43.358966, -22.83795, 0], [-43.358953, -22.837967, 0], [-43.35895, -22.83797, 0], [-43.35894, -22.837983, 0], [-43.358921, -22.838005, 0], [-43.358911, -22.838016, 0], [-43.358899, -22.838009, 0], [-43.358874, -22.838035, 0], [-43.358863, -22.838059, 0], [-43.358828, -22.838126, 0], [-43.358798, -22.838194, 0], [-43.358797, -22.838199, 0], [-43.358798, -22.838202, 0], [-43.3588, -22.838207, 0], [-43.358833, -22.838245, 0], [-43.358858, -22.83827, 0], [-43.35887, -22.838278, 0], [-43.358932, -22.838301, 0], [-43.358961, -22.838309, 0], [-43.358964, -22.838309, 0], [-43.358967, -22.838307, 0], [-43.358969, -22.838301, 0], [-43.359031, -22.838125, 0], [-43.359043, -22.838069, 0], [-43.359053, -22.838024, 0], [-43.359055, -22.837978, 0], [-43.359048, -22.837974, 0], [-43.358964, -22.837927, 0], [-43.358954, -22.837943, 0], [-43.358966, -22.83795, 0]]]}, "properties": {"address": "0, 0"}},
{"type": "Feature", "geometry": {"type": "Polygon", "coordinates": [[[-43.358722, -22.837884, 0], [-43.358675, -22.837852, 0], [-43.358648, -22.837835, 0], [-43.358635, -22.837826, 0], [-43.358581, -22.837937, 0], [-43.358834, -22.838069, 0], [-43.358877, -22.837995, 0], [-43.358878, -22.837993, 0], [-43.358881, -22.837989, 0], [-43.358872, -22.837983, 0], [-43.358753, -22.837905, 0], [-43.358747, -22.8379, 0], [-43.358722, -22.837884, 0]]]}, "properties": {"address": "0, 0"}},
{"type": "Feature", "geometry": {"type": "Polygon", "coordinates": [[[-43.358386, -22.840324, 0], [-43.358363, -22.840359, 0], [-43.358358, -22.840375, 0], [-43.358352, -22.840393, 0], [-43.358332, -22.840445, 0], [-43.358353, -22.840449, 0], [-43.358405, -22.840459, 0], [-43.358409, -22.84046, 0], [-43.35842, -22.840412, 0], [-43.358441, -22.840325, 0], [-43.358423, -22.840322, 0], [-43.358413, -22.840332, 0], [-43.358386, -22.840324, 0]]]}, "properties": {"address": "0, 0"}},
{"type": "Feature", "geometry": {"type": "Polygon", "coordinates": [[[-43.358626, -22.840332, 0], [-43.358582, -22.840328, 0], [-43.358579, -22.840343, 0], [-43.358576, -22.840343, 0], [-43.358516, -22.840334, 0], [-43.358441, -22.840325, 0], [-43.35842, -22.840412, 0], [-43.358409, -22.84046, 0], [-43.35844, -22.840466, 0], [-43.358498, -22.840477, 0], [-43.358524, -22.840483, 0], [-43.358592, -22.840496, 0], [-43.358615, -22.840378, 0], [-43.358851, -22.840396, 0], [-43.358869, -22.840396, 0], [-43.358878, -22.840375, 0], [-43.35889, -22.840348, 0], [-43.358907, -22.840309, 0], [-43.358913, -22.840297, 0], [-43.358885, -22.8403, 0], [-43.358829, -22.840307, 0], [-43.358801, -22.840311, 0], [-43.358759, -22.840316, 0], [-43.358626, -22.840332, 0]]]}, "properties": {"address": "0, 0"}},
{"type": "Feature", "geometry": {"type": "Polygon", "coordinates": [[[-43.358801, -22.840311, 0], [-43.358829, -22.840307, 0], [-43.358885, -22.8403, 0], [-43.358913, -22.840297, 0], [-43.358973, -22.840147, 0], [-43.358917, -22.840143, 0], [-43.358854, -22.840138, 0], [-43.35882, -22.840135, 0], [-43.358788, -22.840133, 0], [-43.358759, -22.84013, 0], [-43.358764, -22.840077, 0], [-43.358764, -22.84007, 0], [-43.358765, -22.840044, 0], [-43.358766, -22.840015, 0], [-43.358767, -22.83999, 0], [-43.358764, -22.839934, 0], [-43.35876, -22.839887, 0], [-43.358759, -22.839885, 0], [-43.358758, -22.839852, 0], [-43.358757, -22.839818, 0], [-43.358757, -22.839814, 0], [-43.358767, -22.839761, 0], [-43.358783, -22.839709, 0], [-43.358783, -22.839708, 0], [-43.358799, -22.839671, 0], [-43.358802, -22.839663, 0], [-43.35881, -22.839625, 0], [-43.358817, -22.839587, 0], [-43.358783, -22.839587, 0], [-43.358735, -22.839708, 0], [-43.358689, -22.839686, 0], [-43.358625, -22.839617, 0], [-43.358609, -22.839595, 0], [-43.358607, -22.839594, 0], [-43.358594, -22.839576, 0], [-43.358565, -22.839593, 0], [-43.358523, -22.8396, 0], [-43.358486, -22.839605, 0], [-43.358438, -22.839608, 0], [-43.358303, -22.839607, 0], [-43.358306, -22.839636, 0], [-43.358313, -22.839688, 0], [-43.358246, -22.839698, 0], [-43.358245, -22.839685, 0], [-43.358178, -22.839701, 0], [-43.35818, -22.839721, 0], [-43.358182, -22.839752, 0], [-43.358189, -22.839867, 0], [-43.358196, -22.839968, 0], [-43.358198, -22.840002, 0], [-43.358201, -22.840042, 0], [-43.358202, -22.840055, 0], [-43.358115, -22.840042, 0], [-43.358082, -22.840037, 0], [-43.35804, -22.840031, 0], [-43.358034, -22.84006, 0], [-43.358028, -22.840059, 0], [-43.358017, -22.840096, 0], [-43.357993, -22.840155, 0], [-43.357947, -22.840144, 0], [-43.357947, -22.840145, 0], [-43.357932, -22.840243, 0], [-43.357872, -22.840231, 0], [-43.357873, -22.840226, 0], [-43.357832, -22.840227, 0], [-43.357762, -22.840205, 0], [-43.357743, -22.840195, 0], [-43.357749, -22.840162, 0], [-43.357713, -22.840156, 0], [-43.35768, -22.84015, 0], [-43.357671, -22.840148, 0], [-43.357627, -22.840139, 0], [-43.357603, -22.840244, 0], [-43.3576, -22.840258, 0], [-43.357577, -22.840253, 0], [-43.357581, -22.840237, 0], [-43.357554, -22.84025, 0], [-43.357525, -22.840244, 0], [-43.357525, -22.84024, 0], [-43.357475, -22.84023, 0], [-43.357474, -22.840234, 0], [-43.357437, -22.840227, 0], [-43.357434, -22.840239, 0], [-43.357444, -22.840241, 0], [-43.357437, -22.840271, 0], [-43.357466, -22.840277, 0], [-43.357471, -22.840278, 0], [-43.357578, -22.840299, 0], [-43.357583, -22.8403, 0], [-43.35759, -22.840301, 0], [-43.357668, -22.840316, 0], [-43.357696, -22.840322, 0], [-43.357699, -22.840323, 0], [-43.357754, -22.840333, 0], [-43.357759, -22.840334, 0], [-43.357816, -22.840346, 0], [-43.357838, -22.84035, 0], [-43.357904, -22.840363, 0], [-43.357924, -22.840367, 0], [-43.357942, -22.84037, 0], [-43.357946, -22.840371, 0], [-43.358009, -22.840383, 0], [-43.35809, -22.840398, 0], [-43.358094, -22.840399, 0], [-43.35818, -22.840415, 0], [-43.358235, -22.840425, 0], [-43.358269, -22.840432, 0], [-43.358332, -22.840445, 0], [-43.358352, -22.840393, 0], [-43.358358, -22.840375, 0], [-43.358363, -22.840359, 0], [-43.358386, -22.840324, 0], [-43.358413, -22.840332, 0], [-43.358423, -22.840322, 0], [-43.358441, -22.840325, 0], [-43.358516, -22.840334, 0], [-43.358576, -22.840343, 0], [-43.358579, -22.840343, 0], [-43.358582, -22.840328, 0], [-43.358626, -22.840332, 0], [-43.358759, -22.840316, 0], [-43.358801, -22.840311, 0]]]}, "properties": {"address": "0, 0"}},
{"type": "Feature", "geometry": {"type": "Polygon", "coordinates": [[[-43.35876, -22.839887, 0], [-43.358812, -22.83989, 0], [-43.358914, -22.839908, 0], [-43.359044, -22.839938, 0], [-43.359063, -22.839884, 0], [-43.358921, -22.839854, 0], [-43.358915, -22.839853, 0], [-43.358916, -22.839848, 0], [-43.358757, -22.839818, 0], [-43.358758, -22.839852, 0], [-43.358759, -22.839885, 0], [-43.35876, -22.839887, 0]]]}, "properties": {"address": "0, 0"}},
{"type": "Feature", "geometry": {"type": "Polygon", "coordinates": [[[-43.358783, -22.839709, 0], [-43.358822, -22.83972, 0], [-43.358931, -22.839749, 0], [-43.358944, -22.839711, 0], [-43.358954, -22.83968, 0], [-43.358954, -22.839679, 0], [-43.358802, -22.839663, 0], [-43.358799, -22.839671, 0], [-43.358783, -22.839708, 0], [-43.358783, -22.839709, 0]]]}, "properties": {"address": "0, 0"}},
{"type": "Feature", "geometry": {"type": "Polygon", "coordinates": [[[-43.358103, -22.838261, 0], [-43.358005, -22.838271, 0], [-43.358003, -22.838271, 0], [-43.357813, -22.838269, 0], [-43.357829, -22.838296, 0], [-43.357859, -22.838343, 0], [-43.357877, -22.838372, 0], [-43.357904, -22.838437, 0], [-43.358029, -22.838436, 0], [-43.358245, -22.838436, 0], [-43.358384, -22.838439, 0], [-43.358455, -22.838442, 0], [-43.358524, -22.838463, 0], [-43.358527, -22.838464, 0], [-43.358495, -22.838282, 0], [-43.358459, -22.838272, 0], [-43.358392, -22.838241, 0], [-43.358386, -22.838251, 0], [-43.358373, -22.838245, 0], [-43.358318, -22.838228, 0], [-43.358309, -22.838225, 0], [-43.358282, -22.838217, 0], [-43.35828, -22.838216, 0], [-43.358219, -22.838225, 0], [-43.358157, -22.838223, 0], [-43.358158, -22.838217, 0], [-43.358132, -22.838216, 0], [-43.358133, -22.838257, 0], [-43.358103, -22.838261, 0]]]}, "properties": {"address": "0, 0"}},
{"type": "Feature", "geometry": {"type": "Polygon", "coordinates": [[[-43.357582, -22.838153, 0], [-43.357553, -22.838217, 0], [-43.357543, -22.83824, 0], [-43.357524, -22.838285, 0], [-43.357521, -22.838292, 0], [-43.3575, -22.838352, 0], [-43.357685, -22.838423, 0], [-43.357709, -22.838429, 0], [-43.357734, -22.83843, 0], [-43.357884, -22.838429, 0], [-43.357876, -22.838396, 0], [-43.357834, -22.838325, 0], [-43.357801, -22.838284, 0], [-43.35779, -22.838281, 0], [-43.357787, -22.838269, 0], [-43.357779, -22.83824, 0], [-43.357769, -22.838239, 0], [-43.357769, -22.838196, 0], [-43.35777, -22.838182, 0], [-43.357751, -22.838173, 0], [-43.357648, -22.838124, 0], [-43.357622, -22.838112, 0], [-43.357616, -22.838109, 0], [-43.357586, -22.838144, 0], [-43.357582, -22.838153, 0]]]}, "properties": {"address": "0, 0"}},
{"type": "Feature", "geometry": {"type": "Polygon", "coordinates": [[[-43.358286, -22.838199, 0], [-43.358316, -22.838212, 0], [-43.358323, -22.838215, 0], [-43.358392, -22.838241, 0], [-43.358459, -22.838272, 0], [-43.358495, -22.838282, 0], [-43.358505, -22.838216, 0], [-43.358486, -22.838211, 0], [-43.358497, -22.838181, 0], [-43.358386, -22.838112, 0], [-43.358381, -22.83812, 0], [-43.358374, -22.838128, 0], [-43.358365, -22.838138, 0], [-43.358298, -22.838096, 0], [-43.358237, -22.838177, 0], [-43.358286, -22.838199, 0]]]}, "properties": {"address": "0, 0"}},
{"type": "Feature", "geometry": {"type": "Polygon", "coordinates": [[[-43.358395, -22.839455, 0], [-43.358356, -22.839452, 0], [-43.358354, -22.839467, 0], [-43.358337, -22.839463, 0], [-43.358329, -22.839463, 0], [-43.358266, -22.839458, 0], [-43.358266, -22.839462, 0], [-43.35818, -22.839458, 0], [-43.358153, -22.839457, 0], [-43.358073, -22.839444, 0], [-43.358054, -22.839441, 0], [-43.358031, -22.839466, 0], [-43.357998, -22.839492, 0], [-43.357972, -22.839509, 0], [-43.357909, -22.839542, 0], [-43.357887, -22.839551, 0], [-43.357886, -22.839537, 0], [-43.357813, -22.839534, 0], [-43.357741, -22.839529, 0], [-43.357762, -22.839664, 0], [-43.357779, -22.839722, 0], [-43.357791, -22.839755, 0], [-43.357797, -22.839754, 0], [-43.357997, -22.839723, 0], [-43.358134, -22.839707, 0], [-43.358174, -22.839702, 0], [-43.358178, -22.839701, 0], [-43.358245, -22.839685, 0], [-43.358246, -22.839698, 0], [-43.358313, -22.839688, 0], [-43.358306, -22.839636, 0], [-43.358303, -22.839607, 0], [-43.358438, -22.839608, 0], [-43.358486, -22.839605, 0], [-43.358523, -22.8396, 0], [-43.358565, -22.839593, 0], [-43.358594, -22.839576, 0], [-43.358607, -22.839594, 0], [-43.358609, -22.839595, 0], [-43.358625, -22.839617, 0], [-43.358689, -22.839686, 0], [-43.358735, -22.839708, 0], [-43.358783, -22.839587, 0], [-43.358784, -22.839583, 0], [-43.358784, -22.839578, 0], [-43.358785, -22.839565, 0], [-43.358784, -22.839555, 0], [-43.35878, -22.839546, 0], [-43.358752, -22.839513, 0], [-43.358738, -22.839503, 0], [-43.358728, -22.839499, 0], [-43.358721, -22.839497, 0], [-43.358705, -22.839492, 0], [-43.358659, -22.839467, 0], [-43.358649, -22.839456, 0], [-43.358637, -22.839439, 0], [-43.358628, -22.839426, 0], [-43.358616, -22.839411, 0], [-43.358452, -22.839458, 0], [-43.358395, -22.839455, 0]]]}, "properties": {"address": "0, 0"}},
{"type": "Feature", "geometry": {"type": "Polygon", "coordinates": [[[-43.358006, -22.839745, 0], [-43.357817, -22.839771, 0], [-43.357825, -22.839834, 0], [-43.357827, -22.839871, 0], [-43.357828, -22.839903, 0], [-43.35782, -22.839968, 0], [-43.357805, -22.840054, 0], [-43.357803, -22.84006, 0], [-43.357782, -22.840053, 0], [-43.357768, -22.840091, 0], [-43.357754, -22.840128, 0], [-43.357756, -22.840129, 0], [-43.357749, -22.840162, 0], [-43.357743, -22.840195, 0], [-43.357762, -22.840205, 0], [-43.357832, -22.840227, 0], [-43.357873, -22.840226, 0], [-43.357872, -22.840231, 0], [-43.357932, -22.840243, 0], [-43.357947, -22.840145, 0], [-43.357947, -22.840144, 0], [-43.357993, -22.840155, 0], [-43.358017, -22.840096, 0], [-43.358028, -22.840059, 0], [-43.358034, -22.84006, 0], [-43.35804, -22.840031, 0], [-43.358082, -22.840037, 0], [-43.358115, -22.840042, 0], [-43.358202, -22.840055, 0], [-43.358201, -22.840042, 0], [-43.358198, -22.840002, 0], [-43.358196, -22.839968, 0], [-43.358189, -22.839867, 0], [-43.358182, -22.839752, 0], [-43.35818, -22.839721, 0], [-43.35808, -22.839735, 0], [-43.358006, -22.839745, 0]]]}, "properties": {"address": "0, 0"}},
{"type": "Feature", "geometry": {"type": "Polygon", "coordinates": [[[-43.353348, -22.835339, 0], [-43.353551, -22.835027, 0], [-43.353514, -22.835013, 0], [-43.353515, -22.835011, 0], [-43.353376, -22.834914, 0], [-43.353372, -22.834911, 0], [-43.353167, -22.835225, 0], [-43.353348, -22.835339, 0]]]}, "properties": {"address": "118793, 337938"}},
{"type": "Feature", "geometry": {"type": "Polygon", "coordinates": [[[-43.361438, -22.837287, 0], [-43.36139, -22.837324, 0], [-43.36138, -22.837331, 0], [-43.361406, -22.837353, 0], [-43.361431, -22.837374, 0], [-43.361463, -22.837346, 0], [-43.361482, -22.837329, 0], [-43.361531, -22.837286, 0], [-43.361558, -22.837263, 0], [-43.361593, -22.837232, 0], [-43.361572, -22.837217, 0], [-43.361551, -22.837203, 0], [-43.361535, -22.837215, 0], [-43.361456, -22.837274, 0], [-43.361438, -22.837287, 0]]]}, "properties": {"address": "200181, 0"}},
{"type": "Feature", "geometry": {"type": "Polygon", "coordinates": [[[-43.362634, -22.838047, 0], [-43.362645, -22.838054, 0], [-43.362671, -22.83807, 0], [-43.362697, -22.838087, 0], [-43.362722, -22.838102, 0], [-43.362723, -22.838102, 0], [-43.36273, -22.838105, 0], [-43.362733, -22.838101, 0], [-43.362753, -22.838113, 0], [-43.362778, -22.838079, 0], [-43.362686, -22.838024, 0], [-43.362647, -22.838001, 0], [-43.362634, -22.838047, 0]]]}, "properties": {"address": "122652, 0"}},
{"type": "Feature", "geometry": {"type": "Polygon", "coordinates": [[[-43.361583, -22.837184, 0], [-43.361606, -22.837196, 0], [-43.361619, -22.837203, 0], [-43.361634, -22.837211, 0], [-43.361698, -22.837245, 0], [-43.361718, -22.837227, 0], [-43.3617, -22.837203, 0], [-43.361691, -22.837192, 0], [-43.361678, -22.837174, 0], [-43.361664, -22.837157, 0], [-43.361663, -22.837155, 0], [-43.36165, -22.837138, 0], [-43.361596, -22.837175, 0], [-43.361583, -22.837184, 0]]]}, "properties": {"address": "200181, 0"}},
{"type": "Feature", "geometry": {"type": "Polygon", "coordinates": [[[-43.361744, -22.836998, 0], [-43.361641, -22.836987, 0], [-43.361558, -22.836978, 0], [-43.361548, -22.836977, 0], [-43.361539, -22.836978, 0], [-43.361528, -22.836979, 0], [-43.361527, -22.836979, 0], [-43.361534, -22.837002, 0], [-43.361512, -22.837013, 0], [-43.361499, -22.83702, 0], [-43.361505, -22.837033, 0], [-43.361522, -22.837069, 0], [-43.361536, -22.837112, 0], [-43.361539, -22.837123, 0], [-43.361663, -22.837086, 0], [-43.361786, -22.837003, 0], [-43.361744, -22.836998, 0]]]}, "properties": {"address": "200183, 0"}},
{"type": "Feature", "geometry": {"type": "Polygon", "coordinates": [[[-43.361611, -22.837214, 0], [-43.361619, -22.837203, 0], [-43.361606, -22.837196, 0], [-43.361583, -22.837184, 0], [-43.361575, -22.837173, 0], [-43.36157, -22.837176, 0], [-43.361553, -22.837186, 0], [-43.361529, -22.837199, 0], [-43.361513, -22.837205, 0], [-43.361512, -22.837205, 0], [-43.361502, -22.837207, 0], [-43.361498, -22.837208, 0], [-43.361484, -22.837208, 0], [-43.361466, -22.837204, 0], [-43.36144, -22.837193, 0], [-43.361425, -22.837184, 0], [-43.361414, -22.837177, 0], [-43.361402, -22.83717, 0], [-43.361396, -22.837167, 0], [-43.361388, -22.837165, 0], [-43.36138, -22.837165, 0], [-43.361362, -22.837171, 0], [-43.361348, -22.837146, 0], [-43.361364, -22.837143, 0], [-43.36138, -22.837141, 0], [-43.361392, -22.837142, 0], [-43.361402, -22.837146, 0], [-43.36141, -22.83715, 0], [-43.361417, -22.837156, 0], [-43.361426, -22.837162, 0], [-43.361449, -22.837176, 0], [-43.361473, -22.837186, 0], [-43.361475, -22.837186, 0], [-43.361486, -22.837189, 0], [-43.361498, -22.837189, 0], [-43.361506, -22.837187, 0], [-43.36152, -22.837182, 0], [-43.361542, -22.83717, 0], [-43.361552, -22.837164, 0], [-43.361564, -22.837157, 0], [-43.361539, -22.837123, 0], [-43.361536, -22.837112, 0], [-43.361442, -22.837153, 0], [-43.36143, -22.837159, 0], [-43.361402, -22.83711, 0], [-43.361385, -22.837082, 0], [-43.36136, -22.83709, 0], [-43.361318, -22.837118, 0], [-43.361304, -22.837128, 0], [-43.361265, -22.837154, 0], [-43.361252, -22.837163, 0], [-43.361245, -22.837168, 0], [-43.361214, -22.837188, 0], [-43.361101, -22.837264, 0], [-43.361201, -22.837366, 0], [-43.36122, -22.837388, 0], [-43.361248, -22.837418, 0], [-43.36125, -22.83742, 0], [-43.36134, -22.837361, 0], [-43.361348, -22.837355, 0], [-43.361349, -22.837354, 0], [-43.36138, -22.837331, 0], [-43.36139, -22.837324, 0], [-43.361438, -22.837287, 0], [-43.361456, -22.837274, 0], [-43.361535, -22.837215, 0], [-43.361551, -22.837203, 0], [-43.361572, -22.837217, 0], [-43.361593, -22.837232, 0], [-43.361596, -22.837234, 0], [-43.361611, -22.837214, 0]]]}, "properties": {"address": "200183, 0"}},
{"type": "Feature", "geometry": {"type": "Polygon", "coordinates": [[[-43.361291, -22.837059, 0], [-43.361287, -22.837039, 0], [-43.361283, -22.837013, 0], [-43.361257, -22.836877, 0], [-43.361227, -22.836882, 0], [-43.361162, -22.836894, 0], [-43.361162, -22.836904, 0], [-43.361183, -22.837087, 0], [-43.361184, -22.837089, 0], [-43.361185, -22.837096, 0], [-43.361188, -22.837108, 0], [-43.361191, -22.837121, 0], [-43.361199, -22.837118, 0], [-43.361217, -22.837111, 0], [-43.361221, -22.837121, 0], [-43.361227, -22.837119, 0], [-43.361232, -22.837132, 0], [-43.361245, -22.837168, 0], [-43.361252, -22.837163, 0], [-43.361265, -22.837154, 0], [-43.361304, -22.837128, 0], [-43.361318, -22.837118, 0], [-43.361305, -22.837091, 0], [-43.361292, -22.837063, 0], [-43.361291, -22.837059, 0]]]}, "properties": {"address": "122634, 0"}},
{"type": "Feature", "geometry": {"type": "Polygon", "coordinates": [[[-43.362834, -22.838882, 0], [-43.362899, -22.838807, 0], [-43.362901, -22.838805, 0], [-43.362905, -22.8388, 0], [-43.362924, -22.838777, 0], [-43.362937, -22.838762, 0], [-43.362937, -22.838761, 0], [-43.36296, -22.838735, 0], [-43.362961, -22.838734, 0], [-43.363018, -22.838669, 0], [-43.363029, -22.838656, 0], [-43.363032, -22.838653, 0], [-43.363064, -22.838617, 0], [-43.363058, -22.838613, 0], [-43.363011, -22.838577, 0], [-43.363013, -22.838574, 0], [-43.362933, -22.838513, 0], [-43.362909, -22.83854, 0], [-43.362838, -22.838487, 0], [-43.36283, -22.838496, 0], [-43.362826, -22.8385, 0], [-43.362802, -22.838482, 0], [-43.362799, -22.838484, 0], [-43.362797, -22.838483, 0], [-43.362767, -22.838515, 0], [-43.36276, -22.83851, 0], [-43.362763, -22.838507, 0], [-43.362742, -22.83849, 0], [-43.362683, -22.838557, 0], [-43.362685, -22.838558, 0], [-43.362637, -22.838612, 0], [-43.362516, -22.838748, 0], [-43.362549, -22.838773, 0], [-43.362558, -22.838763, 0], [-43.36256, -22.838761, 0], [-43.362597, -22.838789, 0], [-43.362612, -22.8388, 0], [-43.362628, -22.838814, 0], [-43.362627, -22.838845, 0], [-43.362627, -22.838848, 0], [-43.362682, -22.838857, 0], [-43.362682, -22.838856, 0], [-43.362761, -22.838872, 0], [-43.36277, -22.838873, 0], [-43.362769, -22.838878, 0], [-43.362831, -22.838888, 0], [-43.362832, -22.838884, 0], [-43.362834, -22.838882, 0]]]}, "properties": {"address": "122732, 669695"}},
{"type": "Feature", "geometry": {"type": "Polygon", "coordinates": [[[-43.362628, -22.838814, 0], [-43.362612, -22.8388, 0], [-43.362597, -22.838789, 0], [-43.36256, -22.838761, 0], [-43.362558, -22.838763, 0], [-43.362549, -22.838773, 0], [-43.362516, -22.838748, 0], [-43.362637, -22.838612, 0], [-43.362685, -22.838558, 0], [-43.362683, -22.838557, 0], [-43.362742, -22.83849, 0], [-43.362763, -22.838507, 0], [-43.36276, -22.83851, 0], [-43.362767, -22.838515, 0], [-43.362797, -22.838483, 0], [-43.362799, -22.838484, 0], [-43.362802, -22.838482, 0], [-43.362557, -22.838309, 0], [-43.362548, -22.838319, 0], [-43.362547, -22.838321, 0], [-43.362546, -22.838322, 0], [-43.362545, -22.838324, 0], [-43.362545, -22.838325, 0], [-43.362544, -22.838327, 0], [-43.362543, -22.838328, 0], [-43.362543, -22.83833, 0], [-43.362542, -22.838332, 0], [-43.362542, -22.838333, 0], [-43.362541, -22.838335, 0], [-43.362541, -22.838338, 0], [-43.36254, -22.83834, 0], [-43.362517, -22.838589, 0], [-43.362509, -22.838774, 0], [-43.362509, -22.838777, 0], [-43.36251, -22.838779, 0], [-43.36251, -22.838781, 0], [-43.362511, -22.838783, 0], [-43.362511, -22.838786, 0], [-43.362515, -22.838794, 0], [-43.362516, -22.838797, 0], [-43.362519, -22.838803, 0], [-43.362521, -22.838805, 0], [-43.362522, -22.838807, 0], [-43.362524, -22.838808, 0], [-43.362525, -22.83881, 0], [-43.362534, -22.838819, 0], [-43.362538, -22.838821, 0], [-43.36254, -22.838823, 0], [-43.362544, -22.838825, 0], [-43.362547, -22.838826, 0], [-43.362551, -22.838828, 0], [-43.362554, -22.838829, 0], [-43.362558, -22.838831, 0], [-43.362561, -22.838832, 0], [-43.362563, -22.838832, 0], [-43.362627, -22.838848, 0], [-43.362628, -22.838814, 0]]]}, "properties": {"address": "122731, 0"}},
{"type": "Feature", "geometry": {"type": "Polygon", "coordinates": [[[-43.360917, -22.835475, 0], [-43.360914, -22.83547, 0], [-43.360919, -22.835466, 0], [-43.361004, -22.835374, 0], [-43.360984, -22.835366, 0], [-43.360918, -22.83534, 0], [-43.36091, -22.835337, 0], [-43.360906, -22.835336, 0], [-43.360817, -22.835318, 0], [-43.360742, -22.835312, 0], [-43.360677, -22.835304, 0], [-43.360665, -22.835301, 0], [-43.360568, -22.835267, 0], [-43.360566, -22.835271, 0], [-43.360491, -22.835233, 0], [-43.360477, -22.835225, 0], [-43.360481, -22.83522, 0], [-43.360419, -22.835174, 0], [-43.360403, -22.835161, 0], [-43.36039, -22.835152, 0], [-43.360333, -22.835124, 0], [-43.360346, -22.835105, 0], [-43.360362, -22.835083, 0], [-43.360375, -22.835064, 0], [-43.360391, -22.835041, 0], [-43.360394, -22.835043, 0], [-43.360414, -22.835011, 0], [-43.360226, -22.834896, 0], [-43.360207, -22.834931, 0], [-43.360184, -22.834917, 0], [-43.360119, -22.834877, 0], [-43.360111, -22.834899, 0], [-43.360036, -22.834872, 0], [-43.360024, -22.834903, 0], [-43.360014, -22.834908, 0], [-43.360012, -22.83491, 0], [-43.36001, -22.834911, 0], [-43.360008, -22.834913, 0], [-43.360006, -22.834914, 0], [-43.360004, -22.834916, 0], [-43.360003, -22.834918, 0], [-43.360001, -22.834919, 0], [-43.359999, -22.834921, 0], [-43.359998, -22.834923, 0], [-43.359996, -22.834925, 0], [-43.359994, -22.834929, 0], [-43.359992, -22.834931, 0], [-43.359987, -22.834941, 0], [-43.359987, -22.834943, 0], [-43.359986, -22.834946, 0], [-43.359985, -22.834948, 0], [-43.359985, -22.83495, 0], [-43.359984, -22.834952, 0], [-43.359984, -22.834953, 0], [-43.359986, -22.834958, 0], [-43.359994, -22.834977, 0], [-43.360002, -22.835, 0], [-43.360004, -22.83501, 0], [-43.360015, -22.835031, 0], [-43.360022, -22.835044, 0], [-43.360028, -22.835058, 0], [-43.360031, -22.83507, 0], [-43.360031, -22.83508, 0], [-43.360035, -22.835088, 0], [-43.360039, -22.835097, 0], [-43.36005, -22.835123, 0], [-43.360055, -22.835137, 0], [-43.360061, -22.835145, 0], [-43.36007, -22.835162, 0], [-43.360079, -22.83518, 0], [-43.360083, -22.835194, 0], [-43.360091, -22.835216, 0], [-43.360099, -22.835233, 0], [-43.360115, -22.835249, 0], [-43.36013, -22.835263, 0], [-43.360139, -22.835278, 0], [-43.360151, -22.835338, 0], [-43.360159, -22.835351, 0], [-43.36016, -22.835352, 0], [-43.360164, -22.835364, 0], [-43.360165, -22.835373, 0], [-43.360165, -22.835431, 0], [-43.360167, -22.835437, 0], [-43.360173, -22.83545, 0], [-43.360194, -22.835499, 0], [-43.360205, -22.835524, 0], [-43.36022, -22.835551, 0], [-43.360224, -22.835568, 0], [-43.360224, -22.835569, 0], [-43.360231, -22.835584, 0], [-43.360242, -22.83563, 0], [-43.360248, -22.835632, 0], [-43.360256, -22.835634, 0], [-43.360269, -22.835647, 0], [-43.360274, -22.835661, 0], [-43.360282, -22.835684, 0], [-43.360288, -22.83571, 0], [-43.360287, -22.83573, 0], [-43.360284, -22.835751, 0], [-43.360283, -22.835764, 0], [-43.360284, -22.835782, 0], [-43.360287, -22.83579, 0], [-43.360297, -22.835805, 0], [-43.360304, -22.835818, 0], [-43.360307, -22.835826, 0], [-43.360308, -22.835839, 0], [-43.360307, -22.835851, 0], [-43.360304, -22.835864, 0], [-43.360301, -22.835875, 0], [-43.360305, -22.835891, 0], [-43.360311, -22.835902, 0], [-43.360313, -22.835911, 0], [-43.360314, -22.835926, 0], [-43.360318, -22.835943, 0], [-43.360323, -22.835959, 0], [-43.360322, -22.835965, 0], [-43.360329, -22.835964, 0], [-43.360341, -22.835963, 0], [-43.36034, -22.835958, 0], [-43.360337, -22.835933, 0], [-43.360337, -22.835932, 0], [-43.360336, -22.835927, 0], [-43.360335, -22.835919, 0], [-43.360333, -22.835905, 0], [-43.360333, -22.835904, 0], [-43.360327, -22.83585, 0], [-43.360307, -22.835676, 0], [-43.360307, -22.835672, 0], [-43.360306, -22.835667, 0], [-43.360306, -22.835663, 0], [-43.360305, -22.835659, 0], [-43.360304, -22.835654, 0], [-43.360302, -22.835646, 0], [-43.3603, -22.835641, 0], [-43.360299, -22.835637, 0], [-43.360293, -22.835625, 0], [-43.360214, -22.835471, 0], [-43.360252, -22.835458, 0], [-43.360279, -22.835537, 0], [-43.360315, -22.835629, 0], [-43.360322, -22.835628, 0], [-43.360322, -22.83564, 0], [-43.360331, -22.83564, 0], [-43.360332, -22.835655, 0], [-43.360337, -22.835738, 0], [-43.360357, -22.835876, 0], [-43.360361, -22.835875, 0], [-43.360363, -22.835875, 0], [-43.360384, -22.835871, 0], [-43.360427, -22.835864, 0], [-43.360449, -22.83586, 0], [-43.360434, -22.835813, 0], [-43.36047, -22.8358, 0], [-43.360506, -22.835786, 0], [-43.360515, -22.835809, 0], [-43.360556, -22.835798, 0], [-43.360612, -22.835784, 0], [-43.36069, -22.835764, 0], [-43.360704, -22.83576, 0], [-43.360812, -22.835733, 0], [-43.360818, -22.835731, 0], [-43.360818, -22.835727, 0], [-43.360817, -22.835696, 0], [-43.360813, -22.835648, 0], [-43.360813, -22.835623, 0], [-43.360809, -22.835607, 0], [-43.360809, -22.835604, 0], [-43.360808, -22.835601, 0], [-43.360808, -22.835586, 0], [-43.360809, -22.835583, 0], [-43.360809, -22.835577, 0], [-43.36081, -22.835574, 0], [-43.360811, -22.835572, 0], [-43.360813, -22.835566, 0], [-43.360813, -22.835564, 0], [-43.360814, -22.835563, 0], [-43.360815, -22.83556, 0], [-43.360816, -22.835558, 0], [-43.360817, -22.835555, 0], [-43.360819, -22.835552, 0], [-43.360823, -22.835557, 0], [-43.360835, -22.835548, 0], [-43.360831, -22.835542, 0], [-43.360888, -22.835501, 0], [-43.360887, -22.835499, 0], [-43.360883, -22.835494, 0], [-43.360887, -22.835492, 0], [-43.360917, -22.835475, 0]]]}, "properties": {"address": "0, 0"}},
{"type": "Feature", "geometry": {"type": "Polygon", "coordinates": [[[-43.36244, -22.835682, 0], [-43.36244, -22.835681, 0], [-43.362439, -22.835681, 0], [-43.362439, -22.83568, 0], [-43.362429, -22.835666, 0], [-43.362419, -22.835653, 0], [-43.362408, -22.835639, 0], [-43.362401, -22.835631, 0], [-43.362405, -22.835627, 0], [-43.36237, -22.835593, 0], [-43.362214, -22.835403, 0], [-43.362155, -22.835336, 0], [-43.36215, -22.835331, 0], [-43.362155, -22.835327, 0], [-43.362124, -22.835299, 0], [-43.36212, -22.835302, 0], [-43.362116, -22.835299, 0], [-43.362113, -22.835296, 0], [-43.3621, -22.835284, 0], [-43.362102, -22.835282, 0], [-43.36208, -22.835262, 0], [-43.362078, -22.83526, 0], [-43.362072, -22.835266, 0], [-43.362071, -22.835265, 0], [-43.362062, -22.83526, 0], [-43.36204, -22.835245, 0], [-43.362033, -22.83524, 0], [-43.362032, -22.83524, 0], [-43.362009, -22.835226, 0], [-43.361978, -22.835207, 0], [-43.361945, -22.83519, 0], [-43.361879, -22.835158, 0], [-43.361845, -22.835144, 0], [-43.361655, -22.835068, 0], [-43.36165, -22.835065, 0], [-43.361653, -22.83506, 0], [-43.361609, -22.835038, 0], [-43.361604, -22.835047, 0], [-43.361556, -22.835027, 0], [-43.361568, -22.834994, 0], [-43.36159, -22.834924, 0], [-43.361519, -22.834913, 0], [-43.361409, -22.834896, 0], [-43.361398, -22.834894, 0], [-43.361397, -22.834894, 0], [-43.361346, -22.834885, 0], [-43.361327, -22.834881, 0], [-43.361333, -22.834973, 0], [-43.361339, -22.835001, 0], [-43.361351, -22.835056, 0], [-43.361367, -22.83507, 0], [-43.361375, -22.835067, 0], [-43.361377, -22.83507, 0], [-43.36138, -22.835075, 0], [-43.361392, -22.835091, 0], [-43.361396, -22.835095, 0], [-43.361399, -22.835099, 0], [-43.361403, -22.835103, 0], [-43.361411, -22.835109, 0], [-43.361415, -22.835113, 0], [-43.361417, -22.835114, 0], [-43.361416, -22.835116, 0], [-43.36144, -22.83513, 0], [-43.361441, -22.835129, 0], [-43.361448, -22.835132, 0], [-43.36144, -22.835142, 0], [-43.361469, -22.835162, 0], [-43.361475, -22.835154, 0], [-43.361515, -22.835179, 0], [-43.36152, -22.835171, 0], [-43.36158, -22.835203, 0], [-43.361615, -22.835221, 0], [-43.361676, -22.835258, 0], [-43.36184, -22.835356, 0], [-43.361876, -22.835377, 0], [-43.362256, -22.835604, 0], [-43.36237, -22.835673, 0], [-43.362396, -22.835689, 0], [-43.362415, -22.835697, 0], [-43.362438, -22.835688, 0], [-43.36244, -22.835685, 0], [-43.362441, -22.835685, 0], [-43.362441, -22.835684, 0], [-43.36244, -22.835683, 0], [-43.36244, -22.835682, 0]]]}, "properties": {"address": "0, 0"}},
{"type": "Feature", "geometry": {"type": "Polygon", "coordinates": [[[-43.36235, -22.838072, 0], [-43.362314, -22.838056, 0], [-43.362309, -22.838054, 0], [-43.362287, -22.838109, 0], [-43.362284, -22.838116, 0], [-43.362295, -22.838122, 0], [-43.362296, -22.838123, 0], [-43.362408, -22.838164, 0], [-43.362423, -22.838103, 0], [-43.36235, -22.838072, 0]]]}, "properties": {"address": "0, 0"}},
{"type": "Feature", "geometry": {"type": "Polygon", "coordinates": [[[-43.361809, -22.836515, 0], [-43.361807, -22.836517, 0], [-43.361754, -22.836572, 0], [-43.361808, -22.836615, 0], [-43.361845, -22.836641, 0], [-43.361855, -22.836649, 0], [-43.361879, -22.836622, 0], [-43.361895, -22.836603, 0], [-43.361908, -22.836588, 0], [-43.361931, -22.836563, 0], [-43.361909, -22.836547, 0], [-43.361888, -22.836531, 0], [-43.36188, -22.836523, 0], [-43.361844, -22.836483, 0], [-43.361838, -22.83649, 0], [-43.361809, -22.836515, 0]]]}, "properties": {"address": "0, 0"}},
{"type": "Feature", "geometry": {"type": "Polygon", "coordinates": [[[-43.362009, -22.836421, 0], [-43.362004, -22.836416, 0], [-43.361967, -22.836384, 0], [-43.361964, -22.836382, 0], [-43.361956, -22.83639, 0], [-43.361928, -22.836421, 0], [-43.361849, -22.836479, 0], [-43.361844, -22.836483, 0], [-43.36188, -22.836523, 0], [-43.361888, -22.836531, 0], [-43.361909, -22.836547, 0], [-43.361931, -22.836563, 0], [-43.361908, -22.836588, 0], [-43.361931, -22.836603, 0], [-43.36198, -22.836632, 0], [-43.362055, -22.836677, 0], [-43.362019, -22.836751, 0], [-43.36201, -22.836746, 0], [-43.362005, -22.836743, 0], [-43.361967, -22.836798, 0], [-43.361939, -22.836838, 0], [-43.361938, -22.83684, 0], [-43.362061, -22.836875, 0], [-43.362067, -22.836857, 0], [-43.362084, -22.836808, 0], [-43.362086, -22.836803, 0], [-43.362103, -22.836746, 0], [-43.362106, -22.836736, 0], [-43.362107, -22.836734, 0], [-43.362112, -22.836707, 0], [-43.362113, -22.836688, 0], [-43.362114, -22.836677, 0], [-43.362112, -22.836656, 0], [-43.362112, -22.836654, 0], [-43.362111, -22.836646, 0], [-43.36211, -22.836641, 0], [-43.362106, -22.836596, 0], [-43.362102, -22.836562, 0], [-43.362099, -22.836547, 0], [-43.362098, -22.836537, 0], [-43.362097, -22.83653, 0], [-43.362085, -22.836499, 0], [-43.362084, -22.836496, 0], [-43.362068, -22.836468, 0], [-43.362066, -22.836465, 0], [-43.362022, -22.836433, 0], [-43.362009, -22.836421, 0]]]}, "properties": {"address": "0, 0"}},
{"type": "Feature", "geometry": {"type": "Polygon", "coordinates": [[[-43.362641, -22.836839, 0], [-43.362651, -22.836847, 0], [-43.362658, -22.836839, 0], [-43.362664, -22.836831, 0], [-43.362698, -22.836791, 0], [-43.362703, -22.836784, 0], [-43.362719, -22.836765, 0], [-43.362796, -22.836671, 0], [-43.362821, -22.83664, 0], [-43.362822, -22.83664, 0], [-43.362836, -22.836625, 0], [-43.362754, -22.836562, 0], [-43.362724, -22.836537, 0], [-43.362689, -22.836507, 0], [-43.362584, -22.836419, 0], [-43.362563, -22.836404, 0], [-43.362554, -22.836415, 0], [-43.362481, -22.836383, 0], [-43.36248, -22.836386, 0], [-43.362419, -22.836554, 0], [-43.362393, -22.836545, 0], [-43.362364, -22.836625, 0], [-43.3624, -22.836641, 0], [-43.362387, -22.836668, 0], [-43.362363, -22.836718, 0], [-43.362362, -22.836721, 0], [-43.362352, -22.836743, 0], [-43.36237, -22.836749, 0], [-43.362421, -22.83676, 0], [-43.362431, -22.836762, 0], [-43.362439, -22.836763, 0], [-43.362497, -22.836774, 0], [-43.36251, -22.836778, 0], [-43.362519, -22.836782, 0], [-43.362603, -22.836818, 0], [-43.362641, -22.836839, 0]]]}, "properties": {"address": "0, 0"}},
{"type": "Feature", "geometry": {"type": "Polygon", "coordinates": [[[-43.362598, -22.836827, 0], [-43.362594, -22.836833, 0], [-43.362582, -22.836852, 0], [-43.362544, -22.836914, 0], [-43.362508, -22.836973, 0], [-43.362496, -22.83698, 0], [-43.362524, -22.837004, 0], [-43.362532, -22.83701, 0], [-43.362563, -22.836977, 0], [-43.362667, -22.836872, 0], [-43.362674, -22.836865, 0], [-43.362651, -22.836847, 0], [-43.362641, -22.836839, 0], [-43.362603, -22.836818, 0], [-43.362598, -22.836827, 0]]]}, "properties": {"address": "0, 0"}},
{"type": "Feature", "geometry": {"type": "Polygon", "coordinates": [[[-43.362796, -22.836671, 0], [-43.362719, -22.836765, 0], [-43.362703, -22.836784, 0], [-43.362698, -22.836791, 0], [-43.362664, -22.836831, 0], [-43.362658, -22.836839, 0], [-43.362826, -22.836958, 0], [-43.362831, -22.836961, 0], [-43.362877, -22.836883, 0], [-43.362924, -22.836799, 0], [-43.362947, -22.836727, 0], [-43.362836, -22.836625, 0], [-43.362822, -22.83664, 0], [-43.362821, -22.83664, 0], [-43.362796, -22.836671, 0]]]}, "properties": {"address": "0, 0"}},
{"type": "Feature", "geometry": {"type": "Polygon", "coordinates": [[[-43.36237, -22.836749, 0], [-43.362352, -22.836743, 0], [-43.362278, -22.836714, 0], [-43.362241, -22.836789, 0], [-43.362239, -22.836791, 0], [-43.362253, -22.836797, 0], [-43.362324, -22.836829, 0], [-43.362334, -22.836834, 0], [-43.362368, -22.83685, 0], [-43.362379, -22.836855, 0], [-43.362386, -22.836841, 0], [-43.362402, -22.836814, 0], [-43.362405, -22.836807, 0], [-43.362426, -22.83677, 0], [-43.36243, -22.836764, 0], [-43.362431, -22.836762, 0], [-43.362421, -22.83676, 0], [-43.36237, -22.836749, 0]]]}, "properties": {"address": "0, 0"}},
{"type": "Feature", "geometry": {"type": "Polygon", "coordinates": [[[-43.360391, -22.835041, 0], [-43.360375, -22.835064, 0], [-43.360362, -22.835083, 0], [-43.360346, -22.835105, 0], [-43.360333, -22.835124, 0], [-43.36039, -22.835152, 0], [-43.360403, -22.835161, 0], [-43.360419, -22.835174, 0], [-43.360481, -22.83522, 0], [-43.360477, -22.835225, 0], [-43.360491, -22.835233, 0], [-43.360566, -22.835271, 0], [-43.360568, -22.835267, 0], [-43.360665, -22.835301, 0], [-43.360677, -22.835304, 0], [-43.360742, -22.835312, 0], [-43.360817, -22.835318, 0], [-43.360906, -22.835336, 0], [-43.36091, -22.835337, 0], [-43.360918, -22.83534, 0], [-43.360984, -22.835366, 0], [-43.361004, -22.835374, 0], [-43.361022, -22.835335, 0], [-43.360999, -22.835327, 0], [-43.360995, -22.835335, 0], [-43.360919, -22.835307, 0], [-43.360916, -22.835306, 0], [-43.360822, -22.835286, 0], [-43.360752, -22.835239, 0], [-43.360555, -22.835106, 0], [-43.36051, -22.835076, 0], [-43.360414, -22.835011, 0], [-43.360394, -22.835043, 0], [-43.360391, -22.835041, 0]]]}, "properties": {"address": "0, 0"}},
{"type": "Feature", "geometry": {"type": "Polygon", "coordinates": [[[-43.360357, -22.835876, 0], [-43.360373, -22.835981, 0], [-43.360406, -22.835975, 0], [-43.360399, -22.835941, 0], [-43.360384, -22.835871, 0], [-43.360363, -22.835875, 0], [-43.360361, -22.835875, 0], [-43.360357, -22.835876, 0]]]}, "properties": {"address": "0, 0"}},
{"type": "Feature", "geometry": {"type": "Polygon", "coordinates": [[[-43.362651, -22.83571, 0], [-43.362689, -22.835601, 0], [-43.362663, -22.835598, 0], [-43.36264, -22.835595, 0], [-43.362607, -22.835678, 0], [-43.362651, -22.83571, 0]]]}, "properties": {"address": "123006, 0"}},
{"type": "Feature", "geometry": {"type": "Polygon", "coordinates": [[[-43.36264, -22.835595, 0], [-43.362663, -22.835598, 0], [-43.362689, -22.835601, 0], [-43.362721, -22.835605, 0], [-43.362774, -22.835611, 0], [-43.362858, -22.835621, 0], [-43.362888, -22.835539, 0], [-43.362677, -22.835508, 0], [-43.362677, -22.835509, 0], [-43.36264, -22.835595, 0]]]}, "properties": {"address": "123006, 0"}},
{"type": "Feature", "geometry": {"type": "Polygon", "coordinates": [[[-43.362888, -22.835539, 0], [-43.362903, -22.835541, 0], [-43.362911, -22.835496, 0], [-43.362914, -22.835481, 0], [-43.362887, -22.835479, 0], [-43.362792, -22.83547, 0], [-43.362691, -22.83546, 0], [-43.362677, -22.835508, 0], [-43.362888, -22.835539, 0]]]}, "properties": {"address": "123006, 0"}},
{"type": "Feature", "geometry": {"type": "Polygon", "coordinates": [[[-43.362792, -22.83547, 0], [-43.362887, -22.835479, 0], [-43.362914, -22.835481, 0], [-43.362921, -22.835438, 0], [-43.362893, -22.835436, 0], [-43.362857, -22.835434, 0], [-43.362702, -22.835425, 0], [-43.362691, -22.83546, 0], [-43.362792, -22.83547, 0]]]}, "properties": {"address": "123006, 0"}},
{"type": "Feature", "geometry": {"type": "Polygon", "coordinates": [[[-43.362702, -22.835425, 0], [-43.362857, -22.835434, 0], [-43.362893, -22.835436, 0], [-43.362921, -22.835438, 0], [-43.362947, -22.835344, 0], [-43.362733, -22.835326, 0], [-43.362703, -22.83542, 0], [-43.362702, -22.835425, 0]]]}, "properties": {"address": "123006, 0"}},
{"type": "Feature", "geometry": {"type": "Polygon", "coordinates": [[[-43.362947, -22.835344, 0], [-43.362951, -22.835329, 0], [-43.36296, -22.835303, 0], [-43.362963, -22.835288, 0], [-43.362908, -22.835286, 0], [-43.36277, -22.835282, 0], [-43.362753, -22.835281, 0], [-43.362747, -22.83528, 0], [-43.362733, -22.835326, 0], [-43.362947, -22.835344, 0]]]}, "properties": {"address": "123006, 0"}},
{"type": "Feature", "geometry": {"type": "Polygon", "coordinates": [[[-43.362753, -22.835281, 0], [-43.36277, -22.835282, 0], [-43.362908, -22.835286, 0], [-43.362963, -22.835288, 0], [-43.362972, -22.835244, 0], [-43.362972, -22.835243, 0], [-43.362984, -22.835189, 0], [-43.362986, -22.835181, 0], [-43.362787, -22.835154, 0], [-43.362782, -22.83517, 0], [-43.362753, -22.835281, 0]]]}, "properties": {"address": "123006, 0"}},
{"type": "Feature", "geometry": {"type": "Polygon", "coordinates": [[[-43.362986, -22.835181, 0], [-43.363001, -22.835129, 0], [-43.363095, -22.835156, 0], [-43.363148, -22.835178, 0], [-43.363209, -22.835203, 0], [-43.363308, -22.835247, 0], [-43.363317, -22.8352, 0], [-43.363143, -22.835132, 0], [-43.363064, -22.835097, 0], [-43.363047, -22.835091, 0], [-43.363038, -22.835088, 0], [-43.363036, -22.835093, 0], [-43.362931, -22.835069, 0], [-43.362881, -22.83506, 0], [-43.362882, -22.835053, 0], [-43.362824, -22.835041, 0], [-43.362787, -22.835154, 0], [-43.362986, -22.835181, 0]]]}, "properties": {"address": "123006, 0"}},
{"type": "Feature", "geometry": {"type": "Polygon", "coordinates": [[[-43.363045, -22.835944, 0], [-43.363104, -22.835819, 0], [-43.363079, -22.83581, 0], [-43.363019, -22.835788, 0], [-43.362974, -22.835908, 0], [-43.363045, -22.835944, 0]]]}, "properties": {"address": "121909, 0"}},
{"type": "Feature", "geometry": {"type": "Polygon", "coordinates": [[[-43.362931, -22.835867, 0], [-43.362925, -22.835884, 0], [-43.362974, -22.835908, 0], [-43.363019, -22.835788, 0], [-43.362999, -22.835781, 0], [-43.362963, -22.835768, 0], [-43.362956, -22.83579, 0], [-43.362931, -22.835867, 0]]]}, "properties": {"address": "121909, 0"}},
{"type": "Feature", "geometry": {"type": "Polygon", "coordinates": [[[-43.362648, -22.835719, 0], [-43.362684, -22.835744, 0], [-43.362706, -22.835676, 0], [-43.36271, -22.835678, 0], [-43.362721, -22.835605, 0], [-43.362689, -22.835601, 0], [-43.362651, -22.83571, 0], [-43.362648, -22.835719, 0]]]}, "properties": {"address": "121909, 0"}},
{"type": "Feature", "geometry": {"type": "Polygon", "coordinates": [[[-43.362999, -22.835781, 0], [-43.363015, -22.835741, 0], [-43.362979, -22.835721, 0], [-43.362963, -22.835768, 0], [-43.362999, -22.835781, 0]]]}, "properties": {"address": "121909, 0"}},
{"type": "Feature", "geometry": {"type": "Polygon", "coordinates": [[[-43.362925, -22.835884, 0], [-43.362931, -22.835867, 0], [-43.362956, -22.83579, 0], [-43.362963, -22.835768, 0], [-43.362979, -22.835721, 0], [-43.362936, -22.835695, 0], [-43.362914, -22.835688, 0], [-43.362864, -22.835853, 0], [-43.362925, -22.835884, 0]]]}, "properties": {"address": "121909, 0"}},
{"type": "Feature", "geometry": {"type": "Polygon", "coordinates": [[[-43.362817, -22.835745, 0], [-43.362819, -22.835746, 0], [-43.362796, -22.835818, 0], [-43.362837, -22.835839, 0], [-43.362864, -22.835853, 0], [-43.362914, -22.835688, 0], [-43.362844, -22.835666, 0], [-43.362831, -22.835698, 0], [-43.362817, -22.835745, 0]]]}, "properties": {"address": "121909, 0"}},
{"type": "Feature", "geometry": {"type": "Polygon", "coordinates": [[[-43.362735, -22.835778, 0], [-43.362757, -22.835793, 0], [-43.362765, -22.835799, 0], [-43.362783, -22.835811, 0], [-43.362787, -22.835814, 0], [-43.362796, -22.835818, 0], [-43.362819, -22.835746, 0], [-43.362817, -22.835745, 0], [-43.362831, -22.835698, 0], [-43.362844, -22.835666, 0], [-43.362858, -22.835621, 0], [-43.362774, -22.835611, 0], [-43.362762, -22.835694, 0], [-43.362735, -22.835778, 0]]]}, "properties": {"address": "121909, 0"}},
{"type": "Feature", "geometry": {"type": "Polygon", "coordinates": [[[-43.362706, -22.835676, 0], [-43.362684, -22.835744, 0], [-43.362735, -22.835778, 0], [-43.362762, -22.835694, 0], [-43.362774, -22.835611, 0], [-43.362721, -22.835605, 0], [-43.36271, -22.835678, 0], [-43.362706, -22.835676, 0]]]}, "properties": {"address": "121909, 0"}},
{"type": "Feature", "geometry": {"type": "Polygon", "coordinates": [[[-43.362281, -22.835046, 0], [-43.362261, -22.835085, 0], [-43.362256, -22.835083, 0], [-43.362252, -22.835082, 0], [-43.362225, -22.835132, 0], [-43.362213, -22.835145, 0], [-43.362192, -22.835167, 0], [-43.36218, -22.83518, 0], [-43.362127, -22.83523, 0], [-43.362174, -22.835265, 0], [-43.362206, -22.83529, 0], [-43.362257, -22.835357, 0], [-43.362288, -22.835385, 0], [-43.362306, -22.835402, 0], [-43.362331, -22.835425, 0], [-43.362375, -22.835459, 0], [-43.362429, -22.835503, 0], [-43.362456, -22.835527, 0], [-43.36249, -22.835558, 0], [-43.362492, -22.835559, 0], [-43.362545, -22.835614, 0], [-43.362574, -22.835644, 0], [-43.3626, -22.835645, 0], [-43.362625, -22.83557, 0], [-43.362685, -22.835387, 0], [-43.362705, -22.835315, 0], [-43.362709, -22.8353, 0], [-43.362714, -22.835284, 0], [-43.362716, -22.835276, 0], [-43.362723, -22.83525, 0], [-43.362741, -22.835188, 0], [-43.362767, -22.835103, 0], [-43.362775, -22.835075, 0], [-43.362782, -22.835052, 0], [-43.362633, -22.835038, 0], [-43.362591, -22.835039, 0], [-43.362595, -22.835029, 0], [-43.362539, -22.835016, 0], [-43.362519, -22.835012, 0], [-43.362486, -22.835005, 0], [-43.362466, -22.835001, 0], [-43.362402, -22.834988, 0], [-43.362386, -22.834985, 0], [-43.362351, -22.834977, 0], [-43.362319, -22.834971, 0], [-43.362301, -22.835008, 0], [-43.362281, -22.835046, 0]]]}, "properties": {"address": "0, 0"}},
{"type": "Feature", "geometry": {"type": "Polygon", "coordinates": [[[-43.36309, -22.835274, 0], [-43.363021, -22.835244, 0], [-43.363012, -22.835259, 0], [-43.362972, -22.835243, 0], [-43.362972, -22.835244, 0], [-43.362963, -22.835288, 0], [-43.36296, -22.835303, 0], [-43.362951, -22.835329, 0], [-43.362947, -22.835344, 0], [-43.362921, -22.835438, 0], [-43.362914, -22.835481, 0], [-43.362911, -22.835496, 0], [-43.362998, -22.835518, 0], [-43.363014, -22.835471, 0], [-43.363001, -22.835468, 0], [-43.363019, -22.835434, 0], [-43.363091, -22.835309, 0], [-43.363109, -22.835277, 0], [-43.36309, -22.835274, 0]]]}, "properties": {"address": "0, 0"}},
{"type": "Feature", "geometry": {"type": "Polygon", "coordinates": [[[-43.362979, -22.835721, 0], [-43.363015, -22.835741, 0], [-43.363089, -22.835755, 0], [-43.363123, -22.83561, 0], [-43.363078, -22.835603, 0], [-43.362985, -22.835589, 0], [-43.362974, -22.835587, 0], [-43.362936, -22.835695, 0], [-43.362979, -22.835721, 0]]]}, "properties": {"address": "0, 0"}},
{"type": "Feature", "geometry": {"type": "Polygon", "coordinates": [[[-43.362888, -22.835539, 0], [-43.362858, -22.835621, 0], [-43.362844, -22.835666, 0], [-43.362914, -22.835688, 0], [-43.362936, -22.835695, 0], [-43.362974, -22.835587, 0], [-43.36298, -22.835568, 0], [-43.362997, -22.835521, 0], [-43.362998, -22.835518, 0], [-43.362911, -22.835496, 0], [-43.362903, -22.835541, 0], [-43.362888, -22.835539, 0]]]}, "properties": {"address": "0, 0"}},
{"type": "Feature", "geometry": {"type": "Polygon", "coordinates": [[[-43.354573, -22.837047, 0], [-43.354621, -22.836889, 0], [-43.354504, -22.836864, 0], [-43.354457, -22.837019, 0], [-43.354573, -22.837047, 0]]]}, "properties": {"address": "121613, 742204"}}]}
